0	0	Lc
0	1	Lc
0	2	Lc
0	3	Lc
0	4	Lc
0	5	-1
0	6	Lc
0	7	U
0	8	-1
0	9	U
0	10	-1
0	11	Lc
0	12	-1
0	13	L
0	14	-1
0	15	Lc
0	16	Lc
0	17	Uc
0	18	Lc
0	19	Lc
0	20	Uc
0	21	Uc
0	22	Lc
0	23	Lc
0	24	Lc
0	25	Lc
0	26	Uc
0	27	L
0	28	Lc
0	29	L
0	30	L
0	31	L
0	32	L
0	33	L
0	34	L
0	35	Lc
0	36	Lc
0	37	Lc
0	38	Lc
0	39	Lc
0	40	Lc
0	41	Lc
0	42	Lc
0	43	Lc
0	44	Lc
0	45	Lc
0	46	Lc
0	47	Lc
0	48	Lc
0	49	Lc
0	50	Lc
0	51	Lc
0	52	Lc
0	53	Lc
0	54	Lc
0	55	-1
0	56	Lc
0	57	-1
0	58	Lc
0	59	L
0	60	Lc
0	61	Lc
0	62	Lc
0	63	Lc
0	64	L
0	65	L
0	66	-1
0	67	L
0	68	Lc
0	69	Lp
0	70	Lp
0	71	-1
0	72	-1
0	73	Lc
0	74	Lc
0	75	Lc
0	76	Lc
0	77	Lc
0	78	Lc
0	79	Lc
0	80	-1
0	81	Lc
0	82	Lc
0	83	Lc
0	84	Lc
0	85	Lc
0	86	Lc
0	87	Lc
0	88	Lc
0	89	Lc
0	90	Lc
0	91	Lc
0	92	Lc
0	93	Lc
0	94	Lc
0	95	Lc
0	96	Lc
0	97	Lc
0	98	-1
0	99	Lc
0	100	Lc
0	101	Lc
0	102	Lc
0	103	Lc
0	104	Lc
0	105	Lc
0	106	Lc
0	107	Lc
0	108	Lc
0	109	Lc
0	110	Lc
0	111	Lc
0	112	Lc
0	113	Lc
0	114	-1
0	115	Lc
0	116	Lc
0	117	Lc
0	118	Lc
0	119	Lc
1	0	Lc
1	1	Lc
1	2	Lc
1	3	L
1	4	Lc
1	5	Lc
1	6	Lc
1	7	Lc
1	8	Lc
1	9	Lc
1	10	Lc
1	11	Lc
1	12	Lc
1	13	L
1	14	-1
1	15	Uc
1	16	L
1	17	Uc
1	18	L
1	19	L
1	20	Lc
1	21	Lc
1	22	Lc
1	23	-1
1	24	Lc
1	25	Uc
1	26	L
1	27	Lc
1	28	L
1	29	Lc
1	30	Lc
1	31	Lc
1	32	L
1	33	L
1	34	L
1	35	Lc
1	36	Lc
1	37	L
1	38	Lc
1	39	Lc
1	40	Lc
1	41	Lc
1	42	Lc
1	43	Lc
1	44	Lc
1	45	Lc
1	46	Lc
1	47	Lc
1	48	Lc
1	49	Lc
1	50	Lc
1	51	Lc
1	52	Lc
1	53	Lc
1	54	Lc
1	55	Lc
1	56	Lc
1	57	Lp
1	58	Lp
1	59	Lc
1	60	Lc
1	61	Lc
1	62	Lc
1	63	Lc
1	64	Lp
1	65	Lp
1	66	-1
1	67	Lc
1	68	Lc
1	69	Lp
1	70	Lp
1	71	Lc
1	72	-1
1	73	Lc
1	74	Lc
1	75	Lc
1	76	Lc
1	77	-1
1	78	Lc
1	79	Lc
1	80	-1
1	81	Lc
1	82	Uc
1	83	-1
1	84	Lc
1	85	-1
1	86	Lc
1	87	Lc
1	88	Lc
1	89	-1
1	90	Lc
1	91	Lc
1	92	Lc
1	93	Lc
1	94	Lc
1	95	Lc
1	96	Lc
1	97	Lc
1	98	Lc
1	99	Lc
1	100	-1
1	101	Lc
1	102	Lc
1	103	Lc
1	104	Lc
1	105	Lc
1	106	Lc
1	107	Lc
1	108	Lc
1	109	Lc
1	110	Lc
1	111	Lc
1	112	Lc
1	113	Lc
1	114	Lc
1	115	Lc
1	116	Lc
1	117	Lc
1	118	Lc
1	119	Lc
2	0	L
2	1	-1
2	2	L
2	3	L
2	4	Lc
2	5	Lc
2	6	Lc
2	7	Lc
2	8	Lc
2	9	Lc
2	10	Lc
2	11	-1
2	12	Lc
2	13	Lc
2	14	Uc
2	15	-1
2	16	L
2	17	L
2	18	Uc
2	19	Uc
2	20	Lc
2	21	Lc
2	22	Lc
2	23	Lc
2	24	Lc
2	25	-1
2	26	-1
2	27	L
2	28	Lc
2	29	Lc
2	30	L
2	31	Lc
2	32	L
2	33	L
2	34	L
2	35	L
2	36	L
2	37	L
2	38	L
2	39	Lc
2	40	Lc
2	41	Lc
2	42	Lc
2	43	Lc
2	44	Lc
2	45	Lc
2	46	Lc
2	47	Lc
2	48	Lc
2	49	Lc
2	50	Lc
2	51	Lc
2	52	Lc
2	53	Lc
2	54	Lc
2	55	Lc
2	56	Lp
2	57	Lp
2	58	Lc
2	59	Uc
2	60	Lc
2	61	Lc
2	62	Lc
2	63	Lc
2	64	Lp
2	65	Lp
2	66	-1
2	67	Lp
2	68	Lp
2	69	Lc
2	70	Lc
2	71	Lc
2	72	Lc
2	73	Lc
2	74	Lc
2	75	Lc
2	76	Lc
2	77	Lc
2	78	Lc
2	79	Uc
2	80	Lc
2	81	Lc
2	82	Lc
2	83	Lc
2	84	L
2	85	Lc
2	86	Lc
2	87	Lc
2	88	Lc
2	89	Lc
2	90	Uc
2	91	Lc
2	92	Lc
2	93	Lc
2	94	Lc
2	95	Lc
2	96	Lc
2	97	Lc
2	98	Lc
2	99	Lc
2	100	Lc
2	101	Lc
2	102	Lc
2	103	Lc
2	104	Lc
2	105	Lc
2	106	Lc
2	107	U
2	108	Lc
2	109	Lc
2	110	Lc
2	111	Lc
2	112	Lc
2	113	Lc
2	114	Lc
2	115	Lc
2	116	Lc
2	117	Lc
2	118	Lc
2	119	Lc
3	0	L
3	1	-1
3	2	L
3	3	L
3	4	Lc
3	5	Lc
3	6	-1
3	7	Lc
3	8	Lc
3	9	Lc
3	10	Lc
3	11	Lc
3	12	-1
3	13	Lc
3	14	Lc
3	15	Lc
3	16	L
3	17	L
3	18	Uc
3	19	Uc
3	20	L
3	21	-1
3	22	Lc
3	23	L
3	24	L
3	25	Lc
3	26	Lc
3	27	Lc
3	28	L
3	29	L
3	30	Lc
3	31	L
3	32	L
3	33	L
3	34	L
3	35	L
3	36	L
3	37	L
3	38	L
3	39	-1
3	40	Lc
3	41	-1
3	42	L
3	43	L
3	44	-1
3	45	Lc
3	46	Lc
3	47	Lc
3	48	Lc
3	49	Lc
3	50	Lc
3	51	Lc
3	52	-1
3	53	Lp
3	54	Lc
3	55	Lp
3	56	Lp
3	57	Lc
3	58	Lp
3	59	-1
3	60	Lp
3	61	Lc
3	62	Lc
3	63	Lp
3	64	Lp
3	65	Lp
3	66	Lp
3	67	Lp
3	68	Lp
3	69	Lc
3	70	Lc
3	71	Lc
3	72	Uc
3	73	-1
3	74	Lc
3	75	Lc
3	76	Lc
3	77	Lc
3	78	Lc
3	79	-1
3	80	Lc
3	81	Lc
3	82	Lc
3	83	Lc
3	84	Lc
3	85	Lc
3	86	Lc
3	87	-1
3	88	Lc
3	89	Lc
3	90	Uc
3	91	Lc
3	92	Lc
3	93	Lc
3	94	Lc
3	95	Uc
3	96	Lc
3	97	Lc
3	98	L
3	99	Lc
3	100	Lc
3	101	Lc
3	102	Lc
3	103	Lc
3	104	Lc
3	105	Lc
3	106	L
3	107	L
3	108	Lc
3	109	Lc
3	110	-1
3	111	Lc
3	112	Lc
3	113	-1
3	114	Lc
3	115	Lc
3	116	Lc
3	117	Lc
3	118	Lc
3	119	Lc
4	0	L
4	1	L
4	2	Lc
4	3	Lc
4	4	Lc
4	5	L
4	6	Lc
4	7	Lc
4	8	Lc
4	9	Lc
4	10	Lc
4	11	Lc
4	12	Lc
4	13	Lc
4	14	Lc
4	15	Lc
4	16	L
4	17	Lc
4	18	Lc
4	19	L
4	20	L
4	21	L
4	22	L
4	23	Lc
4	24	L
4	25	-1
4	26	Lc
4	27	Lc
4	28	Lc
4	29	L
4	30	L
4	31	L
4	32	L
4	33	L
4	34	L
4	35	-1
4	36	Lc
4	37	L
4	38	L
4	39	L
4	40	Lc
4	41	L
4	42	L
4	43	L
4	44	Lc
4	45	Lc
4	46	-1
4	47	Lc
4	48	Lc
4	49	Lc
4	50	Lc
4	51	Lp
4	52	Lc
4	53	Lp
4	54	Lp
4	55	Lc
4	56	Lp
4	57	Lp
4	58	Lp
4	59	Lp
4	60	Lp
4	61	Lp
4	62	Lp
4	63	Lc
4	64	Lp
4	65	Lp
4	66	Lp
4	67	Lp
4	68	Lp
4	69	Lp
4	70	Lc
4	71	Uc
4	72	-1
4	73	Uc
4	74	Lc
4	75	Lc
4	76	Lc
4	77	Lc
4	78	Lc
4	79	Lc
4	80	Uc
4	81	Lc
4	82	Lc
4	83	Lc
4	84	Lc
4	85	Lc
4	86	Uc
4	87	Lc
4	88	Lc
4	89	Lc
4	90	Lc
4	91	Lc
4	92	-1
4	93	Lc
4	94	Lc
4	95	-1
4	96	Lc
4	97	Lc
4	98	Lc
4	99	Lc
4	100	Lc
4	101	Lc
4	102	Lc
4	103	Lc
4	104	Lc
4	105	Lc
4	106	Lc
4	107	Lc
4	108	Lc
4	109	Lc
4	110	-1
4	111	-1
4	112	Lc
4	113	Lc
4	114	Lc
4	115	Lc
4	116	Lc
4	117	Lc
4	118	Lc
4	119	Lc
5	0	L
5	1	L
5	2	Lc
5	3	Lc
5	4	-1
5	5	Lc
5	6	L
5	7	L
5	8	Lc
5	9	Lc
5	10	Lc
5	11	Lc
5	12	U
5	13	-1
5	14	Lc
5	15	Lc
5	16	Lc
5	17	L
5	18	L
5	19	Lc
5	20	L
5	21	Lc
5	22	-1
5	23	Lcp
5	24	L
5	25	Lc
5	26	Lc
5	27	Lc
5	28	Lc
5	29	-1
5	30	L
5	31	L
5	32	L
5	33	L
5	34	L
5	35	-1
5	36	L
5	37	Lc
5	38	L
5	39	L
5	40	L
5	41	L
5	42	L
5	43	Lc
5	44	Lc
5	45	-1
5	46	Lc
5	47	Lc
5	48	Lc
5	49	-1
5	50	Lc
5	51	Lc
5	52	Lp
5	53	Lp
5	54	Lp
5	55	Lp
5	56	Lc
5	57	Lp
5	58	Lp
5	59	Lp
5	60	Lp
5	61	Lp
5	62	-1
5	63	Lp
5	64	Lp
5	65	U
5	66	U
5	67	Lp
5	68	Lp
5	69	Lp
5	70	-1
5	71	L
5	72	Lc
5	73	Lc
5	74	L
5	75	Lc
5	76	Lc
5	77	Lc
5	78	Lc
5	79	Lc
5	80	-1
5	81	Lc
5	82	Lc
5	83	Lc
5	84	Lc
5	85	Uc
5	86	Uc
5	87	Uc
5	88	Uc
5	89	Lc
5	90	Lc
5	91	Lc
5	92	Lc
5	93	Lc
5	94	Lc
5	95	L
5	96	Lc
5	97	Lc
5	98	Lc
5	99	-1
5	100	Lc
5	101	Lc
5	102	Lc
5	103	Lc
5	104	Lc
5	105	Lc
5	106	Lc
5	107	Lc
5	108	Lc
5	109	Lc
5	110	Lc
5	111	Lc
5	112	-1
5	113	Lc
5	114	Lc
5	115	-1
5	116	Lc
5	117	L
5	118	L
5	119	L
6	0	Lc
6	1	Lc
6	2	-1
6	3	L
6	4	-1
6	5	Lc
6	6	-1
6	7	-1
6	8	Lc
6	9	Lc
6	10	Lc
6	11	Lc
6	12	U
6	13	U
6	14	Lc
6	15	Lc
6	16	-1
6	17	Lcp
6	18	Lcp
6	19	Lc
6	20	Lc
6	21	Lc
6	22	Lcp
6	23	Lc
6	24	L
6	25	Lc
6	26	-1
6	27	Lc
6	28	L
6	29	L
6	30	Lc
6	31	Lc
6	32	L
6	33	L
6	34	L
6	35	L
6	36	-1
6	37	L
6	38	L
6	39	U
6	40	L
6	41	Lc
6	42	Lc
6	43	Lc
6	44	Lc
6	45	Lc
6	46	-1
6	47	Lc
6	48	Lc
6	49	Lc
6	50	L
6	51	L
6	52	Lc
6	53	Lc
6	54	Lc
6	55	U
6	56	Lc
6	57	Lc
6	58	Lp
6	59	Lp
6	60	L
6	61	Lp
6	62	Lp
6	63	Lp
6	64	Lp
6	65	Lp
6	66	Lp
6	67	Lp
6	68	Lp
6	69	-1
6	70	Lc
6	71	Lc
6	72	Lc
6	73	Lc
6	74	L
6	75	Lc
6	76	Lc
6	77	Lc
6	78	Lc
6	79	Lc
6	80	Lc
6	81	Lc
6	82	-1
6	83	Lc
6	84	L
6	85	L
6	86	Uc
6	87	Uc
6	88	Lc
6	89	Lc
6	90	Lc
6	91	Lc
6	92	Lc
6	93	Lc
6	94	L
6	95	Lc
6	96	L
6	97	Lc
6	98	Lc
6	99	Lc
6	100	Lc
6	101	Lc
6	102	Lc
6	103	-1
6	104	Lc
6	105	Lc
6	106	Lc
6	107	Lc
6	108	Uc
6	109	-1
6	110	-1
6	111	Lc
6	112	Lc
6	113	Lc
6	114	Lc
6	115	L
6	116	L
6	117	U
6	118	L
6	119	L
7	0	-1
7	1	Lc
7	2	L
7	3	L
7	4	Lc
7	5	Lc
7	6	L
7	7	-1
7	8	Lc
7	9	Lc
7	10	Lcp
7	11	U
7	12	Lp
7	13	Lc
7	14	Lc
7	15	Lc
7	16	-1
7	17	Lc
7	18	Lcp
7	19	Lc
7	20	Lc
7	21	Lc
7	22	Lc
7	23	Lc
7	24	Lc
7	25	Lc
7	26	L
7	27	Lc
7	28	Lc
7	29	-1
7	30	Lc
7	31	L
7	32	-1
7	33	L
7	34	L
7	35	L
7	36	Lc
7	37	Lc
7	38	L
7	39	U
7	40	Lc
7	41	Lc
7	42	Lc
7	43	Lc
7	44	Lc
7	45	Lc
7	46	Lc
7	47	Lc
7	48	Lc
7	49	Lc
7	50	Lc
7	51	L
7	52	L
7	53	L
7	54	Lc
7	55	Lc
7	56	Lc
7	57	Lc
7	58	Lp
7	59	Lc
7	60	L
7	61	L
7	62	L
7	63	Lp
7	64	U
7	65	Lp
7	66	Lp
7	67	Lp
7	68	Lc
7	69	Lc
7	70	Lp
7	71	Lc
7	72	Lc
7	73	L
7	74	Lc
7	75	Lc
7	76	Lc
7	77	Lc
7	78	Lc
7	79	Lc
7	80	Lc
7	81	L
7	82	L
7	83	Lc
7	84	-1
7	85	L
7	86	L
7	87	L
7	88	Lc
7	89	L
7	90	Lc
7	91	Lc
7	92	-1
7	93	L
7	94	Lc
7	95	-1
7	96	Lc
7	97	Lc
7	98	Lc
7	99	Lc
7	100	L
7	101	Lc
7	102	Lc
7	103	-1
7	104	Lc
7	105	Lc
7	106	Lc
7	107	Lc
7	108	Uc
7	109	Lc
7	110	Lc
7	111	Lc
7	112	Lc
7	113	-1
7	114	Lc
7	115	Lc
7	116	L
7	117	L
7	118	L
7	119	L
8	0	Lc
8	1	Lc
8	2	Lc
8	3	L
8	4	L
8	5	L
8	6	-1
8	7	-1
8	8	Lc
8	9	Lcp
8	10	Lc
8	11	Lp
8	12	Lc
8	13	Lc
8	14	Lc
8	15	Lc
8	16	Lc
8	17	L
8	18	Lc
8	19	-1
8	20	Lc
8	21	Lc
8	22	Lc
8	23	Lc
8	24	Lc
8	25	Lc
8	26	Lc
8	27	Lc
8	28	Lc
8	29	Lc
8	30	Lc
8	31	L
8	32	L
8	33	L
8	34	L
8	35	L
8	36	L
8	37	-1
8	38	L
8	39	L
8	40	Lc
8	41	Lc
8	42	Lc
8	43	Lc
8	44	Lc
8	45	Lc
8	46	-1
8	47	Lc
8	48	-1
8	49	Lc
8	50	Lc
8	51	L
8	52	L
8	53	Lc
8	54	Lc
8	55	-1
8	56	Lc
8	57	Lc
8	58	Lc
8	59	Lp
8	60	Lp
8	61	L
8	62	L
8	63	Lp
8	64	Lp
8	65	Lp
8	66	Lp
8	67	Lc
8	68	Lc
8	69	Lp
8	70	Lp
8	71	Lp
8	72	Lc
8	73	L
8	74	L
8	75	Uc
8	76	-1
8	77	Lc
8	78	L
8	79	Lc
8	80	Lc
8	81	Lc
8	82	L
8	83	L
8	84	L
8	85	Lc
8	86	Lc
8	87	Lc
8	88	L
8	89	L
8	90	Lc
8	91	Lc
8	92	-1
8	93	L
8	94	Uc
8	95	-1
8	96	Lc
8	97	Lc
8	98	Lc
8	99	Lc
8	100	Lc
8	101	Lc
8	102	Lc
8	103	Lc
8	104	Lc
8	105	Lc
8	106	Lc
8	107	Lcp
8	108	Lcp
8	109	Lcp
8	110	Lc
8	111	Lc
8	112	Lc
8	113	L
8	114	L
8	115	Lc
8	116	Lc
8	117	L
8	118	-1
8	119	L
9	0	L
9	1	Lc
9	2	Lc
9	3	L
9	4	L
9	5	L
9	6	L
9	7	Lcp
9	8	Lcp
9	9	Lcp
9	10	Lcp
9	11	Lp
9	12	Lp
9	13	Lcp
9	14	Lc
9	15	Lp
9	16	Lcp
9	17	L
9	18	Lcp
9	19	Lcp
9	20	Lc
9	21	Lc
9	22	Lc
9	23	Lc
9	24	Lc
9	25	Lc
9	26	Lc
9	27	Lc
9	28	Lc
9	29	Lc
9	30	Lc
9	31	-1
9	32	L
9	33	L
9	34	L
9	35	L
9	36	L
9	37	-1
9	38	U
9	39	U
9	40	Lc
9	41	Lc
9	42	Lc
9	43	Lc
9	44	Lc
9	45	Lc
9	46	Lc
9	47	Lc
9	48	Lc
9	49	Lc
9	50	Lc
9	51	Lc
9	52	L
9	53	Lc
9	54	Lc
9	55	Lp
9	56	Lp
9	57	Lc
9	58	Lc
9	59	Lc
9	60	L
9	61	Lp
9	62	Lp
9	63	Lp
9	64	-1
9	65	Lp
9	66	Lp
9	67	Lp
9	68	Lc
9	69	Lc
9	70	Lp
9	71	Lp
9	72	Lp
9	73	Lc
9	74	L
9	75	Lc
9	76	Lc
9	77	Lc
9	78	Lc
9	79	L
9	80	Lc
9	81	Lc
9	82	Lc
9	83	Lc
9	84	-1
9	85	L
9	86	Lc
9	87	-1
9	88	Lc
9	89	Lc
9	90	-1
9	91	Lc
9	92	L
9	93	L
9	94	Lc
9	95	Uc
9	96	Lc
9	97	Lc
9	98	Lc
9	99	-1
9	100	Lc
9	101	L
9	102	Lc
9	103	-1
9	104	Lc
9	105	Lc
9	106	Lc
9	107	Lc
9	108	Lcp
9	109	Lcp
9	110	Lcp
9	111	Lc
9	112	Lc
9	113	L
9	114	-1
9	115	Lc
9	116	Lc
9	117	-1
9	118	L
9	119	L
10	0	Lc
10	1	-1
10	2	L
10	3	-1
10	4	L
10	5	L
10	6	L
10	7	L
10	8	Uc
10	9	Lcp
10	10	Lcp
10	11	Lcp
10	12	Lcp
10	13	Lp
10	14	Lp
10	15	Uc
10	16	Lcp
10	17	Lc
10	18	Lc
10	19	Lc
10	20	Lc
10	21	Lc
10	22	Lc
10	23	Lc
10	24	Lc
10	25	Lc
10	26	Lc
10	27	Lc
10	28	Lc
10	29	L
10	30	-1
10	31	L
10	32	L
10	33	L
10	34	L
10	35	L
10	36	L
10	37	L
10	38	L
10	39	L
10	40	-1
10	41	Lc
10	42	Lc
10	43	Lc
10	44	Lc
10	45	Lc
10	46	Lc
10	47	L
10	48	-1
10	49	Lc
10	50	L
10	51	Lc
10	52	Lc
10	53	Lc
10	54	Lp
10	55	Lp
10	56	Lp
10	57	Lp
10	58	Lc
10	59	Lc
10	60	L
10	61	Lp
10	62	L
10	63	Lp
10	64	Lp
10	65	Lp
10	66	Lp
10	67	Lp
10	68	Lc
10	69	Lp
10	70	Lp
10	71	Lp
10	72	Lp
10	73	Lc
10	74	-1
10	75	Lc
10	76	Lc
10	77	Lc
10	78	Lc
10	79	-1
10	80	L
10	81	Lc
10	82	Lc
10	83	-1
10	84	Lc
10	85	L
10	86	Lc
10	87	Lc
10	88	-1
10	89	L
10	90	-1
10	91	Lc
10	92	L
10	93	Lc
10	94	Lc
10	95	Lc
10	96	Lc
10	97	Lc
10	98	Lc
10	99	Lc
10	100	Lc
10	101	L
10	102	Lc
10	103	Lc
10	104	Lc
10	105	Lc
10	106	Lc
10	107	Lc
10	108	Lcp
10	109	-1
10	110	Lc
10	111	Lc
10	112	Lc
10	113	L
10	114	Lc
10	115	Lc
10	116	Lc
10	117	Lc
10	118	L
10	119	L
11	0	Lc
11	1	-1
11	2	L
11	3	-1
11	4	-1
11	5	L
11	6	L
11	7	Lc
11	8	L
11	9	-1
11	10	U
11	11	Lcp
11	12	Lcp
11	13	L
11	14	L
11	15	Lcp
11	16	Lp
11	17	Lc
11	18	Lc
11	19	Lc
11	20	Lc
11	21	Lc
11	22	Lc
11	23	Lc
11	24	Lc
11	25	-1
11	26	Lc
11	27	Lcp
11	28	Lcp
11	29	Lc
11	30	L
11	31	L
11	32	L
11	33	L
11	34	L
11	35	L
11	36	L
11	37	L
11	38	L
11	39	-1
11	40	Lc
11	41	L
11	42	L
11	43	L
11	44	Lc
11	45	Lc
11	46	Lc
11	47	L
11	48	Lc
11	49	Lc
11	50	Lc
11	51	L
11	52	L
11	53	Lc
11	54	Lc
11	55	Lp
11	56	-1
11	57	-1
11	58	Lc
11	59	Lc
11	60	Lc
11	61	Lc
11	62	-1
11	63	Lp
11	64	Lp
11	65	Lp
11	66	Lp
11	67	-1
11	68	Lc
11	69	Lp
11	70	-1
11	71	Lp
11	72	Lp
11	73	-1
11	74	Lc
11	75	Lc
11	76	Lc
11	77	Lc
11	78	Lc
11	79	L
11	80	Lc
11	81	Lc
11	82	Lc
11	83	Lc
11	84	-1
11	85	Lc
11	86	L
11	87	Lc
11	88	Lc
11	89	Lc
11	90	L
11	91	Lc
11	92	Lc
11	93	Lc
11	94	Lc
11	95	-1
11	96	-1
11	97	Lc
11	98	Lc
11	99	-1
11	100	L
11	101	Lc
11	102	Lc
11	103	Lc
11	104	Lc
11	105	Lc
11	106	Lc
11	107	Lc
11	108	Lcp
11	109	Lc
11	110	Lcp
11	111	Lc
11	112	Lcp
11	113	Lc
11	114	-1
11	115	Lc
11	116	U
11	117	L
11	118	Lc
11	119	Lc
12	0	Lc
12	1	L
12	2	Lc
12	3	Lc
12	4	L
12	5	-1
12	6	L
12	7	L
12	8	Lc
12	9	Lcp
12	10	Lcp
12	11	-1
12	12	-1
12	13	L
12	14	Lp
12	15	Lc
12	16	Lc
12	17	-1
12	18	Lc
12	19	Lc
12	20	Lc
12	21	Lc
12	22	Lc
12	23	Lc
12	24	Lc
12	25	Lc
12	26	-1
12	27	Lcp
12	28	Lc
12	29	Lc
12	30	L
12	31	-1
12	32	L
12	33	L
12	34	L
12	35	L
12	36	U
12	37	L
12	38	L
12	39	L
12	40	-1
12	41	Lc
12	42	-1
12	43	Lc
12	44	Lc
12	45	Lc
12	46	Lc
12	47	Lc
12	48	Lc
12	49	Lc
12	50	Lc
12	51	L
12	52	Lc
12	53	Lc
12	54	-1
12	55	Lp
12	56	Lp
12	57	Lc
12	58	Lc
12	59	Lc
12	60	Lp
12	61	Lp
12	62	Lp
12	63	Lp
12	64	Lp
12	65	Lp
12	66	Lp
12	67	Lp
12	68	Lp
12	69	Lp
12	70	Lp
12	71	Lc
12	72	Lp
12	73	Lc
12	74	-1
12	75	Lc
12	76	Lc
12	77	Uc
12	78	L
12	79	L
12	80	Lc
12	81	Lc
12	82	Lc
12	83	Lc
12	84	Lc
12	85	Lc
12	86	L
12	87	L
12	88	Lc
12	89	-1
12	90	L
12	91	L
12	92	Lc
12	93	Lc
12	94	Lc
12	95	-1
12	96	-1
12	97	Lc
12	98	Lc
12	99	Lc
12	100	Lc
12	101	Lc
12	102	Lc
12	103	-1
12	104	Lc
12	105	Lc
12	106	Lc
12	107	Lc
12	108	Lc
12	109	Lc
12	110	L
12	111	Lcp
12	112	Lc
12	113	Lc
12	114	Lc
12	115	U
12	116	U
12	117	U
12	118	-1
12	119	Lc
13	0	L
13	1	-1
13	2	U
13	3	U
13	4	-1
13	5	-1
13	6	L
13	7	L
13	8	Lc
13	9	L
13	10	U
13	11	L
13	12	L
13	13	L
13	14	Lp
13	15	L
13	16	L
13	17	Lc
13	18	Lc
13	19	-1
13	20	-1
13	21	Lc
13	22	Lc
13	23	Lc
13	24	Lc
13	25	Lc
13	26	-1
13	27	Lc
13	28	Lc
13	29	Lc
13	30	L
13	31	L
13	32	-1
13	33	Lp
13	34	L
13	35	L
13	36	L
13	37	L
13	38	L
13	39	Lc
13	40	L
13	41	-1
13	42	Lc
13	43	Lc
13	44	Lc
13	45	-1
13	46	Lc
13	47	Lc
13	48	L
13	49	Lc
13	50	Lc
13	51	L
13	52	Lc
13	53	L
13	54	Lc
13	55	-1
13	56	-1
13	57	Lc
13	58	U
13	59	Lc
13	60	Lc
13	61	Lp
13	62	Lp
13	63	Lp
13	64	Lp
13	65	Lp
13	66	Lp
13	67	Lc
13	68	Lp
13	69	Lp
13	70	Lp
13	71	Lp
13	72	Lp
13	73	Lp
13	74	-1
13	75	Lc
13	76	Lc
13	77	Lc
13	78	L
13	79	U
13	80	Lc
13	81	L
13	82	Lc
13	83	Lc
13	84	Lc
13	85	L
13	86	L
13	87	L
13	88	L
13	89	-1
13	90	Lc
13	91	Uc
13	92	Uc
13	93	Lc
13	94	Lc
13	95	Lc
13	96	Lc
13	97	Lc
13	98	Uc
13	99	Lc
13	100	Uc
13	101	Lcp
13	102	Lc
13	103	Lc
13	104	Lc
13	105	Lc
13	106	Lc
13	107	Lc
13	108	-1
13	109	-1
13	110	Lcp
13	111	-1
13	112	Lcp
13	113	Lcp
13	114	U
13	115	U
13	116	U
13	117	U
13	118	-1
13	119	Lc
14	0	Lc
14	1	L
14	2	Lc
14	3	U
14	4	Lc
14	5	L
14	6	-1
14	7	Lc
14	8	L
14	9	L
14	10	L
14	11	U
14	12	L
14	13	Lc
14	14	L
14	15	L
14	16	Lc
14	17	-1
14	18	Lc
14	19	Lc
14	20	-1
14	21	Lc
14	22	Lc
14	23	Lc
14	24	Lc
14	25	-1
14	26	Lc
14	27	Lc
14	28	Lc
14	29	Lc
14	30	Lp
14	31	L
14	32	L
14	33	-1
14	34	L
14	35	L
14	36	L
14	37	L
14	38	L
14	39	Uc
14	40	Lc
14	41	-1
14	42	-1
14	43	Lc
14	44	Lc
14	45	Lc
14	46	L
14	47	L
14	48	Lc
14	49	-1
14	50	Lc
14	51	-1
14	52	L
14	53	-1
14	54	Lp
14	55	Lp
14	56	Lp
14	57	Lp
14	58	Lp
14	59	U
14	60	Lc
14	61	Lp
14	62	-1
14	63	Lp
14	64	Lp
14	65	Lp
14	66	-1
14	67	Lp
14	68	Lp
14	69	Lp
14	70	Lp
14	71	Lp
14	72	Lp
14	73	Lp
14	74	Lp
14	75	Lc
14	76	U
14	77	L
14	78	L
14	79	L
14	80	-1
14	81	Lc
14	82	L
14	83	Lc
14	84	L
14	85	Lc
14	86	L
14	87	L
14	88	L
14	89	Lc
14	90	Lcp
14	91	Uc
14	92	Uc
14	93	L
14	94	L
14	95	L
14	96	Lc
14	97	-1
14	98	Uc
14	99	Lc
14	100	Lc
14	101	-1
14	102	Lcp
14	103	Lcp
14	104	Lcp
14	105	Lcp
14	106	Lc
14	107	Lc
14	108	Lc
14	109	Lcp
14	110	L
14	111	Lcp
14	112	Lc
14	113	L
14	114	L
14	115	L
14	116	-1
14	117	Lcp
14	118	L
14	119	L
15	0	L
15	1	Lc
15	2	Lc
15	3	Lc
15	4	Lc
15	5	Lc
15	6	Lc
15	7	L
15	8	L
15	9	L
15	10	L
15	11	L
15	12	L
15	13	Lc
15	14	Lc
15	15	Lc
15	16	-1
15	17	Lc
15	18	Lc
15	19	Lc
15	20	Lc
15	21	Lc
15	22	Lc
15	23	Lc
15	24	Lc
15	25	Lc
15	26	Lc
15	27	Lc
15	28	Lc
15	29	Lc
15	30	Lp
15	31	Lp
15	32	Lp
15	33	L
15	34	L
15	35	Lcp
15	36	L
15	37	U
15	38	Lc
15	39	Lc
15	40	Uc
15	41	Lc
15	42	Lc
15	43	-1
15	44	Lc
15	45	Lc
15	46	Lc
15	47	L
15	48	L
15	49	L
15	50	L
15	51	L
15	52	L
15	53	L
15	54	-1
15	55	L
15	56	Lp
15	57	Lp
15	58	Lp
15	59	Lp
15	60	Lc
15	61	Lc
15	62	-1
15	63	Lp
15	64	Lp
15	65	Lp
15	66	Lp
15	67	Lp
15	68	Lp
15	69	Lp
15	70	-1
15	71	Lp
15	72	Lp
15	73	Lp
15	74	-1
15	75	U
15	76	Uc
15	77	Lp
15	78	Lp
15	79	Lp
15	80	-1
15	81	-1
15	82	L
15	83	L
15	84	Lc
15	85	L
15	86	L
15	87	L
15	88	L
15	89	Lc
15	90	Lc
15	91	Lcp
15	92	L
15	93	-1
15	94	L
15	95	Lc
15	96	Lc
15	97	Uc
15	98	Lc
15	99	Lc
15	100	Lc
15	101	Lcp
15	102	Lcp
15	103	Lcp
15	104	Lcp
15	105	Lcp
15	106	Lcp
15	107	Lcp
15	108	Lcp
15	109	L
15	110	Lcp
15	111	Lcp
15	112	L
15	113	L
15	114	L
15	115	L
15	116	Lcp
15	117	L
15	118	-1
15	119	L
16	0	Lc
16	1	L
16	2	Lc
16	3	Lc
16	4	Lc
16	5	-1
16	6	Lc
16	7	-1
16	8	L
16	9	-1
16	10	L
16	11	L
16	12	L
16	13	Lc
16	14	-1
16	15	Lc
16	16	-1
16	17	Lc
16	18	-1
16	19	-1
16	20	Lc
16	21	Lc
16	22	Lc
16	23	Lc
16	24	Lc
16	25	Lc
16	26	Lc
16	27	Lc
16	28	Lc
16	29	Lc
16	30	L
16	31	L
16	32	Lc
16	33	Lp
16	34	-1
16	35	Lcp
16	36	-1
16	37	Lcp
16	38	Lcp
16	39	Lc
16	40	Lc
16	41	Lc
16	42	Lc
16	43	Lc
16	44	Lc
16	45	Lc
16	46	L
16	47	Lc
16	48	L
16	49	L
16	50	L
16	51	L
16	52	L
16	53	L
16	54	L
16	55	L
16	56	Lp
16	57	Lp
16	58	Lp
16	59	Lp
16	60	Lp
16	61	Lp
16	62	Lp
16	63	Lp
16	64	Lp
16	65	Lp
16	66	Lp
16	67	Lp
16	68	Lp
16	69	Lp
16	70	Lp
16	71	Lp
16	72	Lp
16	73	Lc
16	74	-1
16	75	Lc
16	76	Lc
16	77	Lc
16	78	Lp
16	79	L
16	80	-1
16	81	Lc
16	82	Lc
16	83	-1
16	84	Lc
16	85	-1
16	86	L
16	87	L
16	88	-1
16	89	Lc
16	90	L
16	91	Lcp
16	92	-1
16	93	L
16	94	-1
16	95	Lc
16	96	-1
16	97	Lc
16	98	Lc
16	99	-1
16	100	Lcp
16	101	Lc
16	102	Lc
16	103	Lc
16	104	Lc
16	105	Lc
16	106	Lcp
16	107	Lcp
16	108	Lc
16	109	Lc
16	110	-1
16	111	Lcp
16	112	L
16	113	Lcp
16	114	Lcp
16	115	Lcp
16	116	L
16	117	Lc
16	118	-1
16	119	Lc
17	0	L
17	1	Lc
17	2	Lc
17	3	Lc
17	4	Lc
17	5	Lc
17	6	L
17	7	Lc
17	8	Lc
17	9	L
17	10	L
17	11	Lcp
17	12	Lcp
17	13	Lc
17	14	-1
17	15	Lc
17	16	Lc
17	17	Lc
17	18	-1
17	19	Lc
17	20	Lc
17	21	Lc
17	22	Lc
17	23	Lc
17	24	Lc
17	25	Lc
17	26	-1
17	27	Lcp
17	28	Lc
17	29	L
17	30	L
17	31	L
17	32	Lcp
17	33	Lp
17	34	L
17	35	Lcp
17	36	Lcp
17	37	Lcp
17	38	Lc
17	39	Lc
17	40	Lc
17	41	Lc
17	42	Lc
17	43	L
17	44	Lc
17	45	L
17	46	L
17	47	L
17	48	L
17	49	Uc
17	50	Lc
17	51	Lc
17	52	-1
17	53	L
17	54	L
17	55	Lp
17	56	Lp
17	57	L
17	58	Lp
17	59	L
17	60	Lp
17	61	Lp
17	62	Lp
17	63	Lp
17	64	Lp
17	65	Lp
17	66	Lp
17	67	-1
17	68	Lp
17	69	Lp
17	70	Lp
17	71	Lc
17	72	Lp
17	73	Lc
17	74	Lc
17	75	Lc
17	76	-1
17	77	Lc
17	78	Lp
17	79	L
17	80	L
17	81	L
17	82	Lc
17	83	-1
17	84	Lc
17	85	L
17	86	-1
17	87	L
17	88	L
17	89	L
17	90	L
17	91	L
17	92	L
17	93	L
17	94	Lc
17	95	Lc
17	96	Lc
17	97	Lc
17	98	Lc
17	99	Lc
17	100	Lcp
17	101	Lc
17	102	-1
17	103	Lcp
17	104	Lc
17	105	Lc
17	106	-1
17	107	Lcp
17	108	Lcp
17	109	L
17	110	-1
17	111	L
17	112	Lc
17	113	Lc
17	114	Lcp
17	115	Lcp
17	116	L
17	117	Lcp
17	118	Lc
17	119	L
18	0	-1
18	1	L
18	2	Lc
18	3	Lc
18	4	Lc
18	5	Lc
18	6	Lc
18	7	Uc
18	8	-1
18	9	L
18	10	L
18	11	Lcp
18	12	Lc
18	13	Lcp
18	14	-1
18	15	Lc
18	16	Lcp
18	17	L
18	18	Lc
18	19	-1
18	20	Lc
18	21	Lc
18	22	Lc
18	23	Lc
18	24	Uc
18	25	Lc
18	26	Lc
18	27	Lc
18	28	Lcp
18	29	L
18	30	-1
18	31	L
18	32	Lcp
18	33	Lp
18	34	L
18	35	-1
18	36	Lcp
18	37	Lcp
18	38	Lcp
18	39	Lc
18	40	Lc
18	41	Lp
18	42	Lc
18	43	L
18	44	L
18	45	-1
18	46	Lcp
18	47	Lcp
18	48	Uc
18	49	Lc
18	50	Lc
18	51	Lc
18	52	L
18	53	L
18	54	L
18	55	Lp
18	56	L
18	57	-1
18	58	L
18	59	Lp
18	60	Lp
18	61	Lp
18	62	Lp
18	63	Lp
18	64	Lp
18	65	Lp
18	66	Lp
18	67	Lp
18	68	Lp
18	69	Lp
18	70	Lp
18	71	Lc
18	72	Lc
18	73	Lc
18	74	Lc
18	75	L
18	76	L
18	77	Lc
18	78	L
18	79	L
18	80	L
18	81	Lc
18	82	Lc
18	83	Lc
18	84	L
18	85	Lc
18	86	-1
18	87	L
18	88	L
18	89	Lc
18	90	-1
18	91	-1
18	92	Lc
18	93	Lc
18	94	-1
18	95	-1
18	96	Lc
18	97	Lc
18	98	Lc
18	99	Lc
18	100	Lcp
18	101	Lcp
18	102	-1
18	103	Lc
18	104	Lc
18	105	L
18	106	Lcp
18	107	Lcp
18	108	Lc
18	109	Lcp
18	110	Lc
18	111	Lc
18	112	Lc
18	113	Lc
18	114	Lcp
18	115	Lcp
18	116	L
18	117	L
18	118	Lcp
18	119	L
19	0	-1
19	1	Lc
19	2	Lc
19	3	Lc
19	4	Lc
19	5	-1
19	6	-1
19	7	Uc
19	8	L
19	9	L
19	10	L
19	11	L
19	12	Lcp
19	13	-1
19	14	Lcp
19	15	Lcp
19	16	Lc
19	17	Lc
19	18	Lc
19	19	Lc
19	20	-1
19	21	Lc
19	22	Lc
19	23	Uc
19	24	Lc
19	25	Lc
19	26	Lc
19	27	Lc
19	28	Lc
19	29	L
19	30	L
19	31	Lc
19	32	L
19	33	Lp
19	34	Lcp
19	35	Lcp
19	36	Lcp
19	37	Lcp
19	38	Lcp
19	39	-1
19	40	Lp
19	41	-1
19	42	Lp
19	43	-1
19	44	L
19	45	Lc
19	46	Lc
19	47	Uc
19	48	Uc
19	49	Lc
19	50	Lc
19	51	Lp
19	52	Lp
19	53	Lp
19	54	L
19	55	L
19	56	L
19	57	L
19	58	L
19	59	L
19	60	L
19	61	L
19	62	L
19	63	Lp
19	64	Lp
19	65	L
19	66	L
19	67	U
19	68	U
19	69	-1
19	70	Lp
19	71	Lc
19	72	Lc
19	73	L
19	74	Lc
19	75	Lc
19	76	Lc
19	77	L
19	78	L
19	79	-1
19	80	-1
19	81	Lc
19	82	-1
19	83	Lc
19	84	Lc
19	85	L
19	86	Lc
19	87	L
19	88	L
19	89	L
19	90	-1
19	91	Lp
19	92	Lc
19	93	Lc
19	94	Lc
19	95	-1
19	96	Lc
19	97	-1
19	98	Lc
19	99	Lc
19	100	Lc
19	101	Lc
19	102	Lcp
19	103	-1
19	104	Lc
19	105	Lc
19	106	L
19	107	Lcp
19	108	-1
19	109	Lc
19	110	Lc
19	111	Lp
19	112	Lp
19	113	Lc
19	114	Lcp
19	115	Lcp
19	116	Uc
19	117	Lc
19	118	L
19	119	L
20	0	Lc
20	1	Lc
20	2	Lc
20	3	Lc
20	4	Lc
20	5	Lc
20	6	Lc
20	7	Lc
20	8	Uc
20	9	L
20	10	L
20	11	Lcp
20	12	L
20	13	L
20	14	Lcp
20	15	Lcp
20	16	Lcp
20	17	Lc
20	18	Lc
20	19	Lc
20	20	Lc
20	21	Lc
20	22	Lc
20	23	Lc
20	24	-1
20	25	Lc
20	26	Lc
20	27	Lc
20	28	Lc
20	29	L
20	30	L
20	31	L
20	32	-1
20	33	Lc
20	34	Lc
20	35	Lcp
20	36	Lcp
20	37	Lcp
20	38	Uc
20	39	-1
20	40	Lc
20	41	Lp
20	42	Lcp
20	43	Lcp
20	44	Lc
20	45	Lc
20	46	Lc
20	47	-1
20	48	Uc
20	49	Uc
20	50	Lc
20	51	-1
20	52	-1
20	53	Lp
20	54	L
20	55	L
20	56	L
20	57	L
20	58	Lp
20	59	-1
20	60	L
20	61	Lp
20	62	L
20	63	L
20	64	L
20	65	-1
20	66	L
20	67	L
20	68	L
20	69	L
20	70	Lp
20	71	Lp
20	72	L
20	73	-1
20	74	Lc
20	75	Lc
20	76	U
20	77	L
20	78	Lc
20	79	L
20	80	L
20	81	L
20	82	Lc
20	83	Lc
20	84	Lc
20	85	L
20	86	Lc
20	87	L
20	88	-1
20	89	Lp
20	90	-1
20	91	Lp
20	92	Lp
20	93	Lc
20	94	Lc
20	95	Lc
20	96	Lc
20	97	Lc
20	98	-1
20	99	-1
20	100	Lc
20	101	L
20	102	Lc
20	103	Lc
20	104	Lc
20	105	Lcp
20	106	Lcp
20	107	L
20	108	L
20	109	Lp
20	110	Lp
20	111	Lc
20	112	Lp
20	113	Lp
20	114	Lp
20	115	Uc
20	116	Uc
20	117	Lp
20	118	Lc
20	119	Lc
21	0	-1
21	1	Lp
21	2	-1
21	3	Lp
21	4	Lc
21	5	Lc
21	6	Lc
21	7	Lc
21	8	Lc
21	9	L
21	10	L
21	11	L
21	12	Lcp
21	13	Lc
21	14	L
21	15	L
21	16	Lc
21	17	Lc
21	18	Lc
21	19	-1
21	20	Lc
21	21	Lc
21	22	Lc
21	23	Lc
21	24	Lc
21	25	Lc
21	26	-1
21	27	Lc
21	28	Lc
21	29	L
21	30	L
21	31	Lc
21	32	Lc
21	33	Uc
21	34	-1
21	35	Uc
21	36	Lc
21	37	-1
21	38	Uc
21	39	Lcp
21	40	Lp
21	41	Lcp
21	42	Lcp
21	43	Lc
21	44	Lp
21	45	Lc
21	46	Lcp
21	47	Lc
21	48	Uc
21	49	Lcp
21	50	Lcp
21	51	Lp
21	52	Lp
21	53	L
21	54	U
21	55	U
21	56	L
21	57	L
21	58	L
21	59	-1
21	60	L
21	61	L
21	62	L
21	63	-1
21	64	L
21	65	-1
21	66	Lp
21	67	Lp
21	68	L
21	69	Lp
21	70	Lp
21	71	Lc
21	72	L
21	73	L
21	74	Lc
21	75	L
21	76	L
21	77	L
21	78	L
21	79	L
21	80	L
21	81	L
21	82	L
21	83	Lc
21	84	L
21	85	L
21	86	L
21	87	Lc
21	88	Lp
21	89	Lc
21	90	-1
21	91	-1
21	92	Lp
21	93	Lc
21	94	Lc
21	95	-1
21	96	Lc
21	97	Lc
21	98	Lc
21	99	-1
21	100	Lc
21	101	L
21	102	L
21	103	Lc
21	104	-1
21	105	Lcp
21	106	Lcp
21	107	Lcp
21	108	Lp
21	109	Lp
21	110	Lp
21	111	Lp
21	112	L
21	113	Lp
21	114	Uc
21	115	Lcp
21	116	Lp
21	117	Lp
21	118	Lc
21	119	Lc
22	0	Lp
22	1	Lp
22	2	U
22	3	Lc
22	4	Uc
22	5	Lc
22	6	Lc
22	7	-1
22	8	Lc
22	9	Lc
22	10	Lc
22	11	Lc
22	12	Lcp
22	13	-1
22	14	Lc
22	15	Lc
22	16	Lc
22	17	Lc
22	18	Lc
22	19	Lc
22	20	Lc
22	21	Lc
22	22	Lc
22	23	Lc
22	24	Lc
22	25	Lc
22	26	Lc
22	27	Lc
22	28	Lc
22	29	Lc
22	30	Lc
22	31	-1
22	32	Lc
22	33	Lc
22	34	Lc
22	35	Lcp
22	36	L
22	37	Lcp
22	38	Lcp
22	39	Lcp
22	40	-1
22	41	Lcp
22	42	Lcp
22	43	Lp
22	44	Lc
22	45	Lc
22	46	Lc
22	47	Lc
22	48	Lcp
22	49	Lcp
22	50	Lcp
22	51	Lp
22	52	-1
22	53	Lp
22	54	L
22	55	U
22	56	-1
22	57	L
22	58	L
22	59	L
22	60	Lcp
22	61	-1
22	62	L
22	63	L
22	64	L
22	65	L
22	66	L
22	67	L
22	68	U
22	69	Lp
22	70	Lp
22	71	L
22	72	Lc
22	73	Lc
22	74	-1
22	75	Lc
22	76	L
22	77	L
22	78	-1
22	79	L
22	80	L
22	81	L
22	82	Lc
22	83	Lc
22	84	L
22	85	L
22	86	L
22	87	-1
22	88	Lc
22	89	Lc
22	90	Lc
22	91	Lp
22	92	Lp
22	93	Lp
22	94	Lc
22	95	L
22	96	Lc
22	97	Lp
22	98	Lc
22	99	Lc
22	100	-1
22	101	L
22	102	Lc
22	103	Lc
22	104	Lc
22	105	Lc
22	106	L
22	107	Lcp
22	108	L
22	109	U
22	110	U
22	111	L
22	112	L
22	113	Uc
22	114	Uc
22	115	-1
22	116	Lp
22	117	Lp
22	118	Lc
22	119	Lc
23	0	Lp
23	1	Lp
23	2	-1
23	3	Lc
23	4	Lc
23	5	Lc
23	6	Lc
23	7	Lc
23	8	Lc
23	9	Lc
23	10	Lc
23	11	Lc
23	12	Lcp
23	13	Lc
23	14	Lc
23	15	Lc
23	16	Lc
23	17	Lc
23	18	Lc
23	19	Lc
23	20	Lc
23	21	Lc
23	22	L
23	23	Lcp
23	24	Lc
23	25	-1
23	26	Lc
23	27	Lc
23	28	Lc
23	29	Lc
23	30	L
23	31	-1
23	32	Lc
23	33	-1
23	34	Lc
23	35	Lcp
23	36	L
23	37	L
23	38	Lcp
23	39	Lcp
23	40	Lcp
23	41	Lcp
23	42	Lcp
23	43	Lcp
23	44	Lcp
23	45	-1
23	46	Lc
23	47	Lc
23	48	Lp
23	49	Lcp
23	50	Lcp
23	51	Lp
23	52	Lp
23	53	Lp
23	54	L
23	55	-1
23	56	L
23	57	L
23	58	L
23	59	L
23	60	Lcp
23	61	L
23	62	L
23	63	L
23	64	-1
23	65	L
23	66	L
23	67	Lp
23	68	L
23	69	Lp
23	70	Lp
23	71	-1
23	72	Lc
23	73	L
23	74	Lc
23	75	-1
23	76	Lc
23	77	Lp
23	78	Lp
23	79	-1
23	80	L
23	81	L
23	82	L
23	83	L
23	84	Lc
23	85	Lc
23	86	Lc
23	87	L
23	88	Lc
23	89	Lc
23	90	Lp
23	91	Lc
23	92	Lp
23	93	Lp
23	94	L
23	95	L
23	96	Lp
23	97	Lc
23	98	-1
23	99	Lc
23	100	L
23	101	L
23	102	Lc
23	103	Lc
23	104	Lc
23	105	Lc
23	106	L
23	107	L
23	108	Lp
23	109	L
23	110	Lp
23	111	L
23	112	Lp
23	113	Uc
23	114	L
23	115	Lc
23	116	Lp
23	117	Lc
23	118	-1
23	119	Lp
24	0	Lc
24	1	L
24	2	Lc
24	3	Lc
24	4	Lc
24	5	-1
24	6	Lc
24	7	Lc
24	8	Lc
24	9	Lc
24	10	-1
24	11	Lc
24	12	Lc
24	13	Lc
24	14	Lc
24	15	Lc
24	16	Lc
24	17	Lc
24	18	-1
24	19	Lc
24	20	Lc
24	21	Lc
24	22	Lc
24	23	L
24	24	Lcp
24	25	Lc
24	26	Lc
24	27	Lcp
24	28	-1
24	29	Lc
24	30	Lcp
24	31	Lcp
24	32	Lcp
24	33	Lcp
24	34	Lcp
24	35	Lcp
24	36	L
24	37	Lcp
24	38	Lcp
24	39	Lcp
24	40	Lcp
24	41	Lcp
24	42	-1
24	43	Lcp
24	44	Lc
24	45	Lcp
24	46	-1
24	47	Lcp
24	48	Lp
24	49	Lp
24	50	Lp
24	51	-1
24	52	Lp
24	53	Lp
24	54	-1
24	55	L
24	56	Lp
24	57	L
24	58	-1
24	59	L
24	60	Lcp
24	61	L
24	62	L
24	63	L
24	64	-1
24	65	L
24	66	L
24	67	L
24	68	L
24	69	L
24	70	L
24	71	-1
24	72	L
24	73	L
24	74	Lp
24	75	-1
24	76	Lp
24	77	Lp
24	78	Lp
24	79	Lp
24	80	L
24	81	L
24	82	L
24	83	L
24	84	L
24	85	Lc
24	86	Lc
24	87	Lc
24	88	Lc
24	89	Lp
24	90	-1
24	91	Lp
24	92	-1
24	93	L
24	94	L
24	95	Lp
24	96	Lp
24	97	Lc
24	98	Lc
24	99	-1
24	100	Lc
24	101	-1
24	102	Lc
24	103	-1
24	104	Lc
24	105	Lc
24	106	Lc
24	107	L
24	108	L
24	109	Uc
24	110	L
24	111	L
24	112	L
24	113	Uc
24	114	-1
24	115	L
24	116	Lc
24	117	Lc
24	118	Lc
24	119	Lc
25	0	L
25	1	Lp
25	2	Lp
25	3	Lc
25	4	Lc
25	5	Lc
25	6	Lc
25	7	Lc
25	8	-1
25	9	Lc
25	10	Lc
25	11	Lc
25	12	Lc
25	13	Lc
25	14	-1
25	15	Lc
25	16	-1
25	17	Lc
25	18	Lc
25	19	Lc
25	20	-1
25	21	Lc
25	22	Lc
25	23	Lcp
25	24	Lc
25	25	Lc
25	26	-1
25	27	Lcp
25	28	Lc
25	29	Lc
25	30	-1
25	31	Lc
25	32	Lcp
25	33	Lcp
25	34	Lcp
25	35	Lcp
25	36	L
25	37	Lcp
25	38	Lcp
25	39	Lcp
25	40	Lcp
25	41	-1
25	42	Lcp
25	43	-1
25	44	Lc
25	45	Lc
25	46	Lc
25	47	L
25	48	L
25	49	Lcp
25	50	Lp
25	51	Lp
25	52	L
25	53	-1
25	54	Lcp
25	55	Lp
25	56	U
25	57	U
25	58	Lp
25	59	L
25	60	L
25	61	L
25	62	U
25	63	L
25	64	L
25	65	L
25	66	L
25	67	L
25	68	L
25	69	L
25	70	L
25	71	L
25	72	Lp
25	73	Lp
25	74	Lp
25	75	Lp
25	76	Lp
25	77	Lp
25	78	-1
25	79	Lp
25	80	L
25	81	-1
25	82	L
25	83	L
25	84	Lc
25	85	L
25	86	L
25	87	Lc
25	88	Lc
25	89	Lp
25	90	-1
25	91	Lp
25	92	L
25	93	L
25	94	Lp
25	95	Lp
25	96	Lp
25	97	Lc
25	98	Lc
25	99	Lc
25	100	Lc
25	101	Lc
25	102	-1
25	103	Lc
25	104	Lc
25	105	Lc
25	106	Lc
25	107	-1
25	108	L
25	109	L
25	110	L
25	111	L
25	112	L
25	113	-1
25	114	L
25	115	L
25	116	L
25	117	Lc
25	118	Lc
25	119	L
26	0	-1
26	1	Lp
26	2	Lp
26	3	Lp
26	4	-1
26	5	-1
26	6	Lc
26	7	Lp
26	8	Lc
26	9	Lc
26	10	Lc
26	11	Lc
26	12	-1
26	13	Lc
26	14	Uc
26	15	-1
26	16	L
26	17	Lc
26	18	Lc
26	19	Lc
26	20	-1
26	21	L
26	22	L
26	23	L
26	24	Lcp
26	25	Lcp
26	26	Lcp
26	27	Lcp
26	28	Lc
26	29	L
26	30	L
26	31	L
26	32	Lcp
26	33	Lcp
26	34	Lcp
26	35	Lcp
26	36	Lcp
26	37	Lcp
26	38	L
26	39	Lcp
26	40	Lcp
26	41	Lcp
26	42	Lc
26	43	Lc
26	44	Lc
26	45	Lc
26	46	Lc
26	47	Lcp
26	48	Lp
26	49	-1
26	50	Lcp
26	51	Lp
26	52	Lcp
26	53	Lcp
26	54	Lp
26	55	Lcp
26	56	Lp
26	57	Lp
26	58	Lp
26	59	Lp
26	60	L
26	61	L
26	62	L
26	63	L
26	64	L
26	65	L
26	66	L
26	67	L
26	68	L
26	69	L
26	70	Lp
26	71	Lp
26	72	Lp
26	73	Lp
26	74	Lp
26	75	Lp
26	76	Lp
26	77	Lp
26	78	Lp
26	79	Lp
26	80	-1
26	81	L
26	82	L
26	83	L
26	84	Lp
26	85	-1
26	86	L
26	87	Lc
26	88	Lc
26	89	Lc
26	90	Lp
26	91	Lp
26	92	-1
26	93	Lp
26	94	L
26	95	Lc
26	96	Lc
26	97	Lp
26	98	Lp
26	99	Lc
26	100	Lc
26	101	Lp
26	102	Lc
26	103	Lp
26	104	Lc
26	105	Lc
26	106	Lp
26	107	-1
26	108	-1
26	109	L
26	110	L
26	111	L
26	112	Lc
26	113	L
26	114	-1
26	115	L
26	116	Lc
26	117	Lc
26	118	-1
26	119	Lc
27	0	Lp
27	1	Lp
27	2	-1
27	3	Lp
27	4	Lc
27	5	Lc
27	6	Lc
27	7	Lc
27	8	Lc
27	9	Lc
27	10	Lc
27	11	Lc
27	12	Lc
27	13	Lc
27	14	Lc
27	15	L
27	16	-1
27	17	L
27	18	L
27	19	L
27	20	-1
27	21	L
27	22	L
27	23	L
27	24	Lcp
27	25	Lcp
27	26	Lc
27	27	Lc
27	28	-1
27	29	Lc
27	30	-1
27	31	Lcp
27	32	Lcp
27	33	Lcp
27	34	Lcp
27	35	Lcp
27	36	Lcp
27	37	Lcp
27	38	Lc
27	39	Lcp
27	40	Lcp
27	41	Lc
27	42	Lcp
27	43	L
27	44	Lc
27	45	Lc
27	46	Lc
27	47	Lcp
27	48	Lcp
27	49	Lcp
27	50	Lp
27	51	Lcp
27	52	Lcp
27	53	Lcp
27	54	Lcp
27	55	Lp
27	56	Lp
27	57	Lp
27	58	-1
27	59	-1
27	60	-1
27	61	L
27	62	L
27	63	L
27	64	L
27	65	L
27	66	L
27	67	-1
27	68	Lp
27	69	Lp
27	70	-1
27	71	Lp
27	72	Lp
27	73	-1
27	74	Lp
27	75	Lp
27	76	U
27	77	Lp
27	78	Lp
27	79	Lp
27	80	-1
27	81	L
27	82	-1
27	83	L
27	84	L
27	85	Lp
27	86	Lc
27	87	L
27	88	Lc
27	89	Lc
27	90	L
27	91	L
27	92	-1
27	93	L
27	94	L
27	95	L
27	96	Lc
27	97	-1
27	98	-1
27	99	Lc
27	100	L
27	101	-1
27	102	Lp
27	103	Lp
27	104	Lp
27	105	Lp
27	106	-1
27	107	Lp
27	108	-1
27	109	Lp
27	110	L
27	111	-1
27	112	L
27	113	Lc
27	114	Lp
27	115	L
27	116	Lc
27	117	Lc
27	118	Lc
27	119	Lc
28	0	Lc
28	1	L
28	2	-1
28	3	L
28	4	L
28	5	Lc
28	6	Lp
28	7	Lc
28	8	-1
28	9	Lc
28	10	Lc
28	11	Lc
28	12	Lc
28	13	Lc
28	14	Lc
28	15	-1
28	16	L
28	17	L
28	18	L
28	19	U
28	20	U
28	21	L
28	22	-1
28	23	L
28	24	L
28	25	-1
28	26	Lc
28	27	Lc
28	28	Lc
28	29	L
28	30	L
28	31	Lcp
28	32	Lcp
28	33	Lcp
28	34	Lcp
28	35	Lcp
28	36	Lcp
28	37	Lcp
28	38	Lc
28	39	Lcp
28	40	Lcp
28	41	-1
28	42	Lcp
28	43	Lcp
28	44	Lcp
28	45	-1
28	46	-1
28	47	U
28	48	Lcp
28	49	Lcp
28	50	Lcp
28	51	-1
28	52	Lp
28	53	Lcp
28	54	Lp
28	55	Lcp
28	56	-1
28	57	Lp
28	58	Lp
28	59	Lp
28	60	Lp
28	61	Lp
28	62	L
28	63	Lp
28	64	L
28	65	Lp
28	66	L
28	67	Lp
28	68	Lp
28	69	Lp
28	70	Lp
28	71	Lp
28	72	Lp
28	73	-1
28	74	Lp
28	75	L
28	76	Lp
28	77	-1
28	78	Lp
28	79	Lp
28	80	Lp
28	81	Lp
28	82	-1
28	83	-1
28	84	Lp
28	85	L
28	86	L
28	87	L
28	88	-1
28	89	L
28	90	L
28	91	Lp
28	92	L
28	93	Lc
28	94	Lp
28	95	-1
28	96	-1
28	97	Lp
28	98	Lp
28	99	Lc
28	100	Lc
28	101	-1
28	102	Lc
28	103	Lp
28	104	-1
28	105	Lp
28	106	-1
28	107	-1
28	108	Lp
28	109	L
28	110	-1
28	111	L
28	112	L
28	113	Lc
28	114	Lc
28	115	-1
28	116	Lc
28	117	Lc
28	118	-1
28	119	Lc
29	0	Lc
29	1	Lp
29	2	Lp
29	3	Lp
29	4	Lp
29	5	Lp
29	6	Lc
29	7	Lc
29	8	Lc
29	9	Lc
29	10	-1
29	11	Lc
29	12	Lc
29	13	Lc
29	14	L
29	15	-1
29	16	L
29	17	L
29	18	L
29	19	-1
29	20	U
29	21	U
29	22	L
29	23	L
29	24	L
29	25	Lp
29	26	-1
29	27	Lc
29	28	Lc
29	29	Lp
29	30	Lcp
29	31	L
29	32	Lcp
29	33	Lcp
29	34	Lcp
29	35	-1
29	36	Lcp
29	37	Lc
29	38	Lcp
29	39	Lcp
29	40	-1
29	41	Lcp
29	42	Lcp
29	43	Lcp
29	44	Lcp
29	45	Lcp
29	46	Lcp
29	47	Lcp
29	48	L
29	49	Lcp
29	50	Lcp
29	51	Lcp
29	52	Lp
29	53	Lp
29	54	Lp
29	55	Lp
29	56	-1
29	57	Lp
29	58	Lp
29	59	Lp
29	60	Lp
29	61	-1
29	62	L
29	63	U
29	64	L
29	65	L
29	66	Lp
29	67	Lp
29	68	Lp
29	69	Lp
29	70	Lp
29	71	-1
29	72	Lp
29	73	Lp
29	74	Lp
29	75	U
29	76	Lp
29	77	U
29	78	Lp
29	79	Lp
29	80	Lp
29	81	-1
29	82	U
29	83	L
29	84	U
29	85	L
29	86	L
29	87	L
29	88	L
29	89	L
29	90	L
29	91	L
29	92	L
29	93	-1
29	94	L
29	95	L
29	96	-1
29	97	Lc
29	98	Lc
29	99	Lc
29	100	L
29	101	L
29	102	L
29	103	Lc
29	104	Lc
29	105	U
29	106	-1
29	107	Lp
29	108	Lp
29	109	Lc
29	110	Lc
29	111	-1
29	112	Lp
29	113	Lc
29	114	Lc
29	115	Lc
29	116	-1
29	117	Lc
29	118	Lc
29	119	Lc
30	0	Lp
30	1	Lp
30	2	L
30	3	L
30	4	Lp
30	5	Lp
30	6	Lp
30	7	Lc
30	8	Lc
30	9	Lc
30	10	-1
30	11	-1
30	12	Lc
30	13	Uc
30	14	Uc
30	15	Lc
30	16	Lc
30	17	L
30	18	-1
30	19	U
30	20	U
30	21	U
30	22	L
30	23	L
30	24	L
30	25	-1
30	26	-1
30	27	Lp
30	28	Lc
30	29	Lp
30	30	Lp
30	31	Lcp
30	32	Lcp
30	33	Lcp
30	34	Lcp
30	35	Lcp
30	36	Lcp
30	37	Uc
30	38	Lcp
30	39	Lcp
30	40	Lc
30	41	Lc
30	42	Uc
30	43	Lcp
30	44	Lcp
30	45	-1
30	46	Lp
30	47	Lcp
30	48	L
30	49	Lcp
30	50	L
30	51	Lcp
30	52	-1
30	53	Lp
30	54	-1
30	55	-1
30	56	Lp
30	57	Lp
30	58	Lp
30	59	Lp
30	60	Lp
30	61	L
30	62	Lp
30	63	Lp
30	64	L
30	65	U
30	66	Lp
30	67	Lp
30	68	Lp
30	69	-1
30	70	Lp
30	71	Lp
30	72	-1
30	73	-1
30	74	U
30	75	U
30	76	U
30	77	L
30	78	Lp
30	79	Lp
30	80	Lp
30	81	U
30	82	Lp
30	83	L
30	84	-1
30	85	U
30	86	-1
30	87	L
30	88	L
30	89	L
30	90	L
30	91	L
30	92	-1
30	93	L
30	94	L
30	95	L
30	96	L
30	97	L
30	98	L
30	99	Lc
30	100	Lc
30	101	Lc
30	102	Lc
30	103	L
30	104	-1
30	105	Lp
30	106	Lp
30	107	Lp
30	108	Lp
30	109	Lc
30	110	Lc
30	111	Lc
30	112	Lp
30	113	Lp
30	114	Lp
30	115	Lp
30	116	Lc
30	117	Lc
30	118	Lc
30	119	Lc
31	0	Lp
31	1	L
31	2	Lp
31	3	-1
31	4	L
31	5	L
31	6	Lc
31	7	Lc
31	8	-1
31	9	Lc
31	10	Uc
31	11	Lc
31	12	Lc
31	13	Uc
31	14	Lc
31	15	Lc
31	16	Lcp
31	17	Lcp
31	18	L
31	19	L
31	20	L
31	21	U
31	22	L
31	23	L
31	24	L
31	25	Lc
31	26	Lcp
31	27	Lp
31	28	Lc
31	29	Lp
31	30	Lp
31	31	Lcp
31	32	Lcp
31	33	Lcp
31	34	Lcp
31	35	Lcp
31	36	Lcp
31	37	Lcp
31	38	-1
31	39	Lcp
31	40	Lp
31	41	Lcp
31	42	Lcp
31	43	Lcp
31	44	Lcp
31	45	Lp
31	46	Lp
31	47	Lp
31	48	Lcp
31	49	Lcp
31	50	Lcp
31	51	Lp
31	52	Lp
31	53	-1
31	54	Lp
31	55	Lp
31	56	Lcp
31	57	Lp
31	58	Lp
31	59	-1
31	60	Lp
31	61	Lp
31	62	L
31	63	U
31	64	L
31	65	U
31	66	Lp
31	67	Lp
31	68	Lp
31	69	Lp
31	70	Lp
31	71	Lp
31	72	-1
31	73	-1
31	74	Lp
31	75	Lp
31	76	-1
31	77	Lp
31	78	-1
31	79	Lp
31	80	Lp
31	81	Lp
31	82	L
31	83	L
31	84	L
31	85	L
31	86	L
31	87	L
31	88	L
31	89	L
31	90	L
31	91	L
31	92	L
31	93	U
31	94	L
31	95	-1
31	96	L
31	97	L
31	98	L
31	99	Lc
31	100	-1
31	101	Lp
31	102	Lp
31	103	Lp
31	104	Lp
31	105	L
31	106	Lp
31	107	Lp
31	108	Lp
31	109	-1
31	110	-1
31	111	Lc
31	112	Lp
31	113	-1
31	114	Lc
31	115	Lp
31	116	L
31	117	Lc
31	118	Lc
31	119	L
32	0	Lc
32	1	Lc
32	2	Lc
32	3	U
32	4	L
32	5	L
32	6	L
32	7	Lc
32	8	-1
32	9	Lc
32	10	Lc
32	11	Lc
32	12	-1
32	13	Lc
32	14	-1
32	15	Lc
32	16	Lc
32	17	Lc
32	18	-1
32	19	-1
32	20	U
32	21	U
32	22	-1
32	23	Lcp
32	24	U
32	25	Lcp
32	26	Lc
32	27	Lcp
32	28	Lc
32	29	Lc
32	30	Lc
32	31	Lcp
32	32	Lcp
32	33	Lcp
32	34	Lcp
32	35	Lcp
32	36	Lcp
32	37	L
32	38	L
32	39	Lcp
32	40	Lc
32	41	Uc
32	42	Lcp
32	43	Lcp
32	44	Lp
32	45	Lp
32	46	Lp
32	47	Lcp
32	48	Lcp
32	49	-1
32	50	Lp
32	51	Lp
32	52	Lp
32	53	Lp
32	54	Lp
32	55	Lp
32	56	U
32	57	Lp
32	58	Lp
32	59	Lp
32	60	Lp
32	61	Lp
32	62	L
32	63	L
32	64	L
32	65	L
32	66	Lp
32	67	Lp
32	68	Lp
32	69	-1
32	70	Lp
32	71	Lp
32	72	-1
32	73	Lp
32	74	Lp
32	75	Lp
32	76	-1
32	77	Lp
32	78	Lp
32	79	Lp
32	80	Lp
32	81	Lp
32	82	Lp
32	83	L
32	84	-1
32	85	-1
32	86	L
32	87	L
32	88	L
32	89	L
32	90	L
32	91	L
32	92	U
32	93	L
32	94	L
32	95	L
32	96	L
32	97	L
32	98	L
32	99	-1
32	100	L
32	101	Lp
32	102	Lp
32	103	Lp
32	104	Lp
32	105	Lp
32	106	Lp
32	107	L
32	108	L
32	109	Lp
32	110	Lp
32	111	Lc
32	112	Lp
32	113	Lc
32	114	Lc
32	115	Lc
32	116	L
32	117	-1
32	118	Lc
32	119	L
33	0	Lc
33	1	U
33	2	U
33	3	-1
33	4	L
33	5	L
33	6	L
33	7	L
33	8	Lc
33	9	Lc
33	10	Lc
33	11	Lc
33	12	Lc
33	13	Lc
33	14	Lc
33	15	Lc
33	16	-1
33	17	Lc
33	18	-1
33	19	Lcp
33	20	-1
33	21	U
33	22	U
33	23	U
33	24	Lcp
33	25	Lc
33	26	Lc
33	27	Lc
33	28	-1
33	29	Lc
33	30	Lc
33	31	Lcp
33	32	Lcp
33	33	Lcp
33	34	-1
33	35	Lcp
33	36	-1
33	37	-1
33	38	Uc
33	39	Lcp
33	40	Lcp
33	41	Lcp
33	42	Uc
33	43	Lp
33	44	Lp
33	45	Lp
33	46	Lp
33	47	Lp
33	48	Lcp
33	49	-1
33	50	Lcp
33	51	L
33	52	-1
33	53	U
33	54	Lp
33	55	Lp
33	56	U
33	57	-1
33	58	Lp
33	59	Lp
33	60	Lp
33	61	Lp
33	62	-1
33	63	L
33	64	L
33	65	L
33	66	Lp
33	67	Lp
33	68	Lp
33	69	Lp
33	70	Lp
33	71	Lp
33	72	Lp
33	73	Lp
33	74	-1
33	75	-1
33	76	L
33	77	Lp
33	78	Lp
33	79	Lp
33	80	Lp
33	81	Lp
33	82	L
33	83	L
33	84	L
33	85	L
33	86	Lp
33	87	L
33	88	-1
33	89	-1
33	90	L
33	91	L
33	92	L
33	93	L
33	94	U
33	95	U
33	96	L
33	97	L
33	98	-1
33	99	L
33	100	L
33	101	L
33	102	L
33	103	L
33	104	Lp
33	105	-1
33	106	L
33	107	L
33	108	U
33	109	L
33	110	Lp
33	111	Lp
33	112	Lp
33	113	Lc
33	114	Lc
33	115	Lc
33	116	-1
33	117	L
33	118	L
33	119	-1
34	0	Lc
34	1	L
34	2	L
34	3	L
34	4	L
34	5	L
34	6	L
34	7	L
34	8	L
34	9	Lc
34	10	Lc
34	11	Lc
34	12	Lp
34	13	Lc
34	14	-1
34	15	Lc
34	16	U
34	17	U
34	18	U
34	19	-1
34	20	Lcp
34	21	-1
34	22	U
34	23	L
34	24	Lc
34	25	Lc
34	26	Lcp
34	27	-1
34	28	Lcp
34	29	Lcp
34	30	Lcp
34	31	Lcp
34	32	Lcp
34	33	Lc
34	34	-1
34	35	Lcp
34	36	Lcp
34	37	L
34	38	Lcp
34	39	Lc
34	40	Lc
34	41	Lc
34	42	-1
34	43	Lc
34	44	Uc
34	45	-1
34	46	Lp
34	47	Lp
34	48	Lcp
34	49	L
34	50	L
34	51	Lcp
34	52	Lp
34	53	Lp
34	54	U
34	55	Lp
34	56	Lp
34	57	U
34	58	Lp
34	59	Lp
34	60	Lp
34	61	Lp
34	62	L
34	63	Lp
34	64	Lp
34	65	L
34	66	L
34	67	L
34	68	Lp
34	69	Lp
34	70	Lp
34	71	L
34	72	Lp
34	73	Lp
34	74	Lp
34	75	Lp
34	76	Lp
34	77	L
34	78	Lp
34	79	Lp
34	80	Lp
34	81	L
34	82	L
34	83	U
34	84	L
34	85	Lp
34	86	L
34	87	L
34	88	-1
34	89	-1
34	90	L
34	91	L
34	92	L
34	93	L
34	94	L
34	95	L
34	96	L
34	97	L
34	98	L
34	99	L
34	100	L
34	101	L
34	102	L
34	103	Lp
34	104	L
34	105	L
34	106	-1
34	107	U
34	108	U
34	109	-1
34	110	L
34	111	Lp
34	112	Lc
34	113	-1
34	114	Lc
34	115	Lc
34	116	Lc
34	117	Lc
34	118	L
34	119	Lc
35	0	L
35	1	L
35	2	L
35	3	L
35	4	L
35	5	-1
35	6	Lc
35	7	Lc
35	8	Lc
35	9	Lc
35	10	Lc
35	11	Lc
35	12	Lc
35	13	Lp
35	14	Lc
35	15	U
35	16	U
35	17	U
35	18	U
35	19	U
35	20	-1
35	21	Lcp
35	22	Lc
35	23	L
35	24	Lcp
35	25	L
35	26	Lcp
35	27	Lcp
35	28	Lcp
35	29	Lcp
35	30	Lc
35	31	Lcp
35	32	Lcp
35	33	Lc
35	34	L
35	35	Lcp
35	36	L
35	37	Lcp
35	38	Lc
35	39	Lc
35	40	Lc
35	41	Lc
35	42	-1
35	43	Lp
35	44	-1
35	45	Lp
35	46	Lp
35	47	-1
35	48	L
35	49	L
35	50	Lcp
35	51	-1
35	52	U
35	53	Lp
35	54	Lp
35	55	U
35	56	Lp
35	57	Lp
35	58	-1
35	59	Lp
35	60	Lp
35	61	Lp
35	62	-1
35	63	Lp
35	64	Lp
35	65	L
35	66	Lp
35	67	-1
35	68	L
35	69	Lp
35	70	L
35	71	-1
35	72	L
35	73	Lp
35	74	Lp
35	75	Lp
35	76	Lp
35	77	Lp
35	78	Lp
35	79	Lp
35	80	Lp
35	81	L
35	82	L
35	83	L
35	84	L
35	85	-1
35	86	L
35	87	L
35	88	L
35	89	L
35	90	L
35	91	L
35	92	L
35	93	-1
35	94	U
35	95	L
35	96	L
35	97	Lc
35	98	-1
35	99	-1
35	100	Lcp
35	101	-1
35	102	Lc
35	103	L
35	104	Lp
35	105	L
35	106	-1
35	107	-1
35	108	-1
35	109	L
35	110	L
35	111	Lp
35	112	Lc
35	113	-1
35	114	-1
35	115	-1
35	116	Lc
35	117	-1
35	118	L
35	119	L
36	0	L
36	1	Lc
36	2	-1
36	3	L
36	4	L
36	5	L
36	6	-1
36	7	Lc
36	8	Lcp
36	9	Lcp
36	10	Lcp
36	11	Lp
36	12	Lp
36	13	Lp
36	14	U
36	15	U
36	16	Lp
36	17	U
36	18	U
36	19	Lc
36	20	-1
36	21	L
36	22	U
36	23	L
36	24	L
36	25	Lcp
36	26	Lcp
36	27	Lcp
36	28	Lcp
36	29	Lc
36	30	Lcp
36	31	-1
36	32	Lc
36	33	Lc
36	34	L
36	35	Lcp
36	36	Lcp
36	37	Lcp
36	38	Lc
36	39	Lc
36	40	Lc
36	41	Lc
36	42	Lc
36	43	-1
36	44	Lp
36	45	Lp
36	46	U
36	47	Lp
36	48	Lp
36	49	Lcp
36	50	Lp
36	51	-1
36	52	Lp
36	53	Lp
36	54	Lp
36	55	Lp
36	56	Lp
36	57	Lp
36	58	Lp
36	59	Lp
36	60	Lp
36	61	Lp
36	62	Lp
36	63	Lp
36	64	Lp
36	65	Lp
36	66	Lp
36	67	Lp
36	68	Lp
36	69	Lp
36	70	Lp
36	71	-1
36	72	L
36	73	Lp
36	74	Lp
36	75	Lp
36	76	Lp
36	77	Lp
36	78	Lc
36	79	Lc
36	80	Lc
36	81	Lp
36	82	-1
36	83	L
36	84	L
36	85	L
36	86	L
36	87	L
36	88	L
36	89	L
36	90	L
36	91	L
36	92	U
36	93	U
36	94	L
36	95	-1
36	96	Lc
36	97	L
36	98	-1
36	99	Lc
36	100	Lc
36	101	-1
36	102	L
36	103	L
36	104	-1
36	105	L
36	106	L
36	107	L
36	108	U
36	109	U
36	110	Lp
36	111	-1
36	112	Lp
36	113	Lp
36	114	Lc
36	115	-1
36	116	L
36	117	L
36	118	L
36	119	L
37	0	L
37	1	L
37	2	L
37	3	L
37	4	L
37	5	L
37	6	L
37	7	Lc
37	8	Lcp
37	9	Lcp
37	10	Lcp
37	11	Lp
37	12	Lp
37	13	Lp
37	14	Lp
37	15	U
37	16	Lc
37	17	U
37	18	Lc
37	19	Lc
37	20	-1
37	21	-1
37	22	Lc
37	23	L
37	24	Lcp
37	25	L
37	26	Lcp
37	27	Lcp
37	28	Lcp
37	29	Lcp
37	30	Lc
37	31	Lc
37	32	Lc
37	33	-1
37	34	Lc
37	35	Lcp
37	36	Lc
37	37	Lc
37	38	Lc
37	39	Lc
37	40	Lc
37	41	Lc
37	42	Lp
37	43	Lp
37	44	Lc
37	45	U
37	46	L
37	47	L
37	48	Lp
37	49	Lp
37	50	-1
37	51	Lp
37	52	Lp
37	53	Lc
37	54	Lc
37	55	Lp
37	56	Lp
37	57	Lp
37	58	-1
37	59	Lp
37	60	-1
37	61	Lp
37	62	Lp
37	63	Lp
37	64	Lp
37	65	Lp
37	66	-1
37	67	Lp
37	68	Lp
37	69	Lp
37	70	Lp
37	71	-1
37	72	Lp
37	73	Lp
37	74	Lp
37	75	-1
37	76	Lp
37	77	Lp
37	78	Lp
37	79	Lc
37	80	Lc
37	81	Lp
37	82	L
37	83	Lc
37	84	L
37	85	L
37	86	L
37	87	-1
37	88	L
37	89	L
37	90	L
37	91	L
37	92	L
37	93	U
37	94	L
37	95	Lc
37	96	Lc
37	97	-1
37	98	-1
37	99	-1
37	100	Lc
37	101	Lc
37	102	L
37	103	L
37	104	L
37	105	-1
37	106	L
37	107	L
37	108	L
37	109	-1
37	110	-1
37	111	Lc
37	112	Lp
37	113	Lc
37	114	Lc
37	115	Lc
37	116	L
37	117	L
37	118	Lc
37	119	-1
38	0	L
38	1	L
38	2	L
38	3	L
38	4	L
38	5	L
38	6	Lc
38	7	Lc
38	8	Lcp
38	9	Lcp
38	10	Uc
38	11	Lp
38	12	Lp
38	13	Lp
38	14	Lp
38	15	Lc
38	16	Lp
38	17	Lc
38	18	Lc
38	19	Lc
38	20	Lc
38	21	Lc
38	22	Lc
38	23	Lc
38	24	Lcp
38	25	Lcp
38	26	U
38	27	Lcp
38	28	Lcp
38	29	Lcp
38	30	-1
38	31	Uc
38	32	Lc
38	33	-1
38	34	Lcp
38	35	Lc
38	36	Lc
38	37	Lc
38	38	Lp
38	39	Lc
38	40	Lc
38	41	Lc
38	42	Lc
38	43	Lp
38	44	-1
38	45	Lp
38	46	L
38	47	-1
38	48	Lp
38	49	Lp
38	50	Lp
38	51	Lp
38	52	Lp
38	53	Lp
38	54	Lc
38	55	-1
38	56	Lp
38	57	Lp
38	58	Lp
38	59	Lp
38	60	Lp
38	61	Lp
38	62	Lp
38	63	-1
38	64	Lp
38	65	Lp
38	66	Lp
38	67	-1
38	68	-1
38	69	Lp
38	70	Lp
38	71	-1
38	72	Lp
38	73	Lp
38	74	Lp
38	75	Lp
38	76	Lc
38	77	Lp
38	78	Lc
38	79	-1
38	80	Lc
38	81	Lc
38	82	Lc
38	83	Lc
38	84	L
38	85	L
38	86	L
38	87	L
38	88	L
38	89	L
38	90	U
38	91	L
38	92	U
38	93	L
38	94	L
38	95	L
38	96	L
38	97	Lcp
38	98	Lc
38	99	Lc
38	100	L
38	101	Lc
38	102	Lc
38	103	-1
38	104	L
38	105	L
38	106	L
38	107	L
38	108	L
38	109	L
38	110	-1
38	111	Lc
38	112	Lc
38	113	-1
38	114	Lc
38	115	Lc
38	116	L
38	117	L
38	118	L
38	119	Lc
39	0	L
39	1	-1
39	2	L
39	3	Lp
39	4	L
39	5	L
39	6	L
39	7	L
39	8	Lp
39	9	L
39	10	Uc
39	11	Lp
39	12	U
39	13	Lp
39	14	Lp
39	15	L
39	16	L
39	17	Lc
39	18	-1
39	19	Lc
39	20	Lc
39	21	Lc
39	22	Lc
39	23	Lc
39	24	-1
39	25	U
39	26	Lp
39	27	Lcp
39	28	Lcp
39	29	Lcp
39	30	Lcp
39	31	Lc
39	32	-1
39	33	Lp
39	34	-1
39	35	Uc
39	36	-1
39	37	Lc
39	38	Lc
39	39	Lc
39	40	Lc
39	41	-1
39	42	Lc
39	43	Lp
39	44	-1
39	45	Lp
39	46	Lp
39	47	Lp
39	48	Lp
39	49	Lp
39	50	Lp
39	51	Lp
39	52	Lp
39	53	Lp
39	54	Lp
39	55	Lp
39	56	Lp
39	57	Lp
39	58	Lp
39	59	Lp
39	60	-1
39	61	Lp
39	62	Lp
39	63	-1
39	64	Lp
39	65	Lp
39	66	-1
39	67	Lp
39	68	Lp
39	69	Lp
39	70	Lp
39	71	Lp
39	72	Lp
39	73	Lp
39	74	Lp
39	75	Lp
39	76	Lp
39	77	Uc
39	78	Lc
39	79	Lc
39	80	Lc
39	81	Lc
39	82	L
39	83	L
39	84	L
39	85	Lc
39	86	-1
39	87	Lc
39	88	L
39	89	L
39	90	L
39	91	L
39	92	L
39	93	Lc
39	94	Lc
39	95	-1
39	96	Lc
39	97	-1
39	98	Lc
39	99	Lc
39	100	Lcp
39	101	L
39	102	Lc
39	103	Lc
39	104	L
39	105	L
39	106	L
39	107	L
39	108	L
39	109	L
39	110	L
39	111	Lc
39	112	-1
39	113	Lc
39	114	Lc
39	115	Lc
39	116	Lc
39	117	Lc
39	118	L
39	119	-1
40	0	L
40	1	Lc
40	2	Lp
40	3	Lc
40	4	L
40	5	-1
40	6	L
40	7	L
40	8	L
40	9	Lp
40	10	Lp
40	11	Uc
40	12	Lp
40	13	L
40	14	Lp
40	15	L
40	16	Lc
40	17	Lc
40	18	Lc
40	19	Lc
40	20	Lc
40	21	Lc
40	22	Lc
40	23	L
40	24	Lcp
40	25	U
40	26	L
40	27	Lc
40	28	Lc
40	29	Lcp
40	30	-1
40	31	-1
40	32	Lp
40	33	Lp
40	34	Lp
40	35	Lc
40	36	Lc
40	37	Lc
40	38	Lp
40	39	Lc
40	40	Lp
40	41	Lc
40	42	Lc
40	43	Lp
40	44	L
40	45	L
40	46	-1
40	47	Lp
40	48	Lp
40	49	Lp
40	50	Lp
40	51	Lp
40	52	-1
40	53	Lp
40	54	Lp
40	55	Lp
40	56	Lp
40	57	Lp
40	58	Lp
40	59	Lp
40	60	Lp
40	61	Lp
40	62	-1
40	63	Lp
40	64	Lp
40	65	Lp
40	66	-1
40	67	Lp
40	68	Lp
40	69	Lp
40	70	Lp
40	71	Lp
40	72	Lp
40	73	Lp
40	74	Lp
40	75	Lp
40	76	Lc
40	77	Lc
40	78	Uc
40	79	-1
40	80	-1
40	81	Lc
40	82	L
40	83	L
40	84	Lc
40	85	-1
40	86	Lc
40	87	-1
40	88	L
40	89	L
40	90	L
40	91	L
40	92	L
40	93	L
40	94	Lcp
40	95	Lc
40	96	Lc
40	97	Lc
40	98	Uc
40	99	L
40	100	L
40	101	L
40	102	L
40	103	Lc
40	104	L
40	105	L
40	106	L
40	107	L
40	108	L
40	109	L
40	110	Lc
40	111	-1
40	112	Lc
40	113	Lc
40	114	-1
40	115	Lp
40	116	Lp
40	117	Lc
40	118	L
40	119	L
41	0	Lc
41	1	Lc
41	2	Lc
41	3	Lp
41	4	Lc
41	5	L
41	6	L
41	7	L
41	8	L
41	9	-1
41	10	Uc
41	11	Lp
41	12	Lp
41	13	-1
41	14	L
41	15	Lp
41	16	Lp
41	17	Lc
41	18	-1
41	19	Uc
41	20	Lc
41	21	Lc
41	22	Lcp
41	23	Lc
41	24	L
41	25	L
41	26	Lcp
41	27	Lc
41	28	Lc
41	29	Lc
41	30	Lp
41	31	Lcp
41	32	Lcp
41	33	Lp
41	34	-1
41	35	Lp
41	36	Lc
41	37	Lc
41	38	Lp
41	39	Lp
41	40	Lc
41	41	Lc
41	42	L
41	43	L
41	44	L
41	45	L
41	46	Lp
41	47	Lp
41	48	Lp
41	49	-1
41	50	Lp
41	51	Lp
41	52	Lp
41	53	Lp
41	54	-1
41	55	Lp
41	56	-1
41	57	Lp
41	58	Lp
41	59	Lp
41	60	Lp
41	61	Lp
41	62	Lp
41	63	Lp
41	64	Lp
41	65	U
41	66	Lp
41	67	Lp
41	68	Lp
41	69	Lp
41	70	-1
41	71	Lp
41	72	Lp
41	73	Lc
41	74	Lp
41	75	Lp
41	76	Lc
41	77	L
41	78	Lc
41	79	Lc
41	80	Lc
41	81	Lc
41	82	Lc
41	83	L
41	84	Lc
41	85	L
41	86	L
41	87	L
41	88	-1
41	89	L
41	90	L
41	91	L
41	92	L
41	93	L
41	94	-1
41	95	Lcp
41	96	Lc
41	97	Lc
41	98	Uc
41	99	-1
41	100	L
41	101	L
41	102	L
41	103	L
41	104	L
41	105	L
41	106	Uc
41	107	-1
41	108	-1
41	109	-1
41	110	Lc
41	111	Lc
41	112	Lc
41	113	Lc
41	114	Lc
41	115	Lc
41	116	Lc
41	117	L
41	118	Lc
41	119	-1
42	0	Lc
42	1	Lc
42	2	Lc
42	3	L
42	4	L
42	5	L
42	6	L
42	7	-1
42	8	L
42	9	L
42	10	Lp
42	11	Lp
42	12	Lp
42	13	Lp
42	14	Lp
42	15	Lp
42	16	Lc
42	17	Uc
42	18	Uc
42	19	Lc
42	20	Lc
42	21	-1
42	22	Lc
42	23	Lc
42	24	L
42	25	L
42	26	Lcp
42	27	Lc
42	28	Lc
42	29	-1
42	30	Lp
42	31	Lc
42	32	Lcp
42	33	Lcp
42	34	Lcp
42	35	Lp
42	36	Lcp
42	37	L
42	38	L
42	39	Lp
42	40	Lp
42	41	Lp
42	42	Lp
42	43	Lp
42	44	Lp
42	45	L
42	46	Lp
42	47	Lp
42	48	Lp
42	49	Lp
42	50	Lp
42	51	Lp
42	52	Lp
42	53	Lp
42	54	Lp
42	55	Lp
42	56	Lp
42	57	Lp
42	58	Lp
42	59	-1
42	60	Lp
42	61	Lp
42	62	Lp
42	63	Lp
42	64	Lp
42	65	Lp
42	66	U
42	67	Lp
42	68	Lp
42	69	-1
42	70	Lp
42	71	Lp
42	72	Lp
42	73	Lp
42	74	Lc
42	75	Lc
42	76	L
42	77	Lc
42	78	Lc
42	79	Lc
42	80	Lc
42	81	Lc
42	82	Lc
42	83	Lc
42	84	L
42	85	L
42	86	L
42	87	L
42	88	L
42	89	L
42	90	L
42	91	L
42	92	L
42	93	L
42	94	-1
42	95	Lcp
42	96	Lc
42	97	Lc
42	98	Lcp
42	99	-1
42	100	U
42	101	U
42	102	L
42	103	L
42	104	L
42	105	-1
42	106	Uc
42	107	L
42	108	-1
42	109	-1
42	110	Lc
42	111	Lc
42	112	-1
42	113	-1
42	114	Lc
42	115	Lc
42	116	-1
42	117	Lc
42	118	Lc
42	119	Lc
43	0	U
43	1	Lc
43	2	L
43	3	L
43	4	Lc
43	5	Lc
43	6	Lc
43	7	Lc
43	8	L
43	9	Lp
43	10	Lp
43	11	Lp
43	12	Lp
43	13	Lp
43	14	Lp
43	15	L
43	16	L
43	17	Lc
43	18	-1
43	19	-1
43	20	Lc
43	21	Lcp
43	22	-1
43	23	Lcp
43	24	U
43	25	-1
43	26	U
43	27	Lc
43	28	Lc
43	29	Lp
43	30	Lp
43	31	-1
43	32	Lp
43	33	Lcp
43	34	Lcp
43	35	Lp
43	36	L
43	37	L
43	38	L
43	39	Lp
43	40	Lp
43	41	Lp
43	42	-1
43	43	Lp
43	44	L
43	45	Lp
43	46	Lp
43	47	Lp
43	48	L
43	49	Lp
43	50	Lp
43	51	L
43	52	Lp
43	53	Lp
43	54	Lp
43	55	Lp
43	56	Lp
43	57	-1
43	58	-1
43	59	Lp
43	60	Lp
43	61	-1
43	62	Lp
43	63	Lp
43	64	Lp
43	65	Lp
43	66	Lp
43	67	Lp
43	68	Lp
43	69	Lp
43	70	Lp
43	71	-1
43	72	U
43	73	Lc
43	74	Lc
43	75	Lc
43	76	Lc
43	77	Lc
43	78	-1
43	79	Lc
43	80	Lc
43	81	Lc
43	82	Lc
43	83	Lc
43	84	Uc
43	85	L
43	86	L
43	87	-1
43	88	L
43	89	L
43	90	L
43	91	L
43	92	L
43	93	L
43	94	Lp
43	95	Lp
43	96	L
43	97	Lc
43	98	Uc
43	99	U
43	100	U
43	101	L
43	102	Uc
43	103	U
43	104	L
43	105	L
43	106	L
43	107	-1
43	108	Lc
43	109	Lc
43	110	Lc
43	111	U
43	112	Lc
43	113	-1
43	114	Lc
43	115	Lc
43	116	Lc
43	117	Lc
43	118	U
43	119	L
44	0	U
44	1	Lc
44	2	-1
44	3	L
44	4	L
44	5	Lc
44	6	Lc
44	7	Lc
44	8	U
44	9	Lp
44	10	Lp
44	11	Lp
44	12	Lp
44	13	Lp
44	14	Lp
44	15	L
44	16	L
44	17	L
44	18	Lc
44	19	-1
44	20	Lcp
44	21	Lcp
44	22	Lcp
44	23	Lcp
44	24	Lcp
44	25	U
44	26	U
44	27	U
44	28	Lp
44	29	Lp
44	30	Lc
44	31	Lc
44	32	Lc
44	33	Lp
44	34	-1
44	35	Lp
44	36	Lp
44	37	L
44	38	L
44	39	L
44	40	L
44	41	L
44	42	L
44	43	L
44	44	L
44	45	U
44	46	Lp
44	47	Lp
44	48	L
44	49	L
44	50	L
44	51	L
44	52	L
44	53	Lp
44	54	Lp
44	55	Lp
44	56	Lp
44	57	-1
44	58	Lp
44	59	Lp
44	60	Lp
44	61	Lp
44	62	Lp
44	63	Lp
44	64	Lp
44	65	Lp
44	66	Lp
44	67	Lp
44	68	Lp
44	69	Lp
44	70	U
44	71	Lp
44	72	Lc
44	73	Lc
44	74	Lc
44	75	Lc
44	76	-1
44	77	Lc
44	78	Lc
44	79	Lc
44	80	Lc
44	81	Lc
44	82	Lc
44	83	Lc
44	84	L
44	85	L
44	86	L
44	87	L
44	88	L
44	89	U
44	90	L
44	91	Lp
44	92	-1
44	93	Lp
44	94	Lp
44	95	Lp
44	96	Lp
44	97	Lp
44	98	Lp
44	99	Lp
44	100	L
44	101	L
44	102	Uc
44	103	L
44	104	L
44	105	L
44	106	L
44	107	L
44	108	L
44	109	Lc
44	110	L
44	111	-1
44	112	Lc
44	113	Lc
44	114	-1
44	115	-1
44	116	Lc
44	117	L
44	118	Lp
44	119	U
45	0	L
45	1	-1
45	2	L
45	3	L
45	4	L
45	5	Uc
45	6	Lc
45	7	L
45	8	-1
45	9	Lc
45	10	Lp
45	11	Lp
45	12	Lp
45	13	Lp
45	14	Lp
45	15	Lp
45	16	Lp
45	17	-1
45	18	-1
45	19	-1
45	20	L
45	21	-1
45	22	L
45	23	Lcp
45	24	Uc
45	25	U
45	26	L
45	27	U
45	28	U
45	29	Lc
45	30	Lp
45	31	Lc
45	32	Lc
45	33	Lc
45	34	Lp
45	35	Lp
45	36	L
45	37	L
45	38	Lc
45	39	Lc
45	40	-1
45	41	L
45	42	L
45	43	L
45	44	L
45	45	U
45	46	Lp
45	47	Lc
45	48	-1
45	49	L
45	50	L
45	51	L
45	52	L
45	53	L
45	54	Lp
45	55	Lp
45	56	U
45	57	Lp
45	58	Lp
45	59	Lp
45	60	L
45	61	Lp
45	62	Lp
45	63	Lp
45	64	Lp
45	65	Lp
45	66	Lp
45	67	Lp
45	68	Lp
45	69	Lp
45	70	Lp
45	71	U
45	72	U
45	73	-1
45	74	Lc
45	75	Lc
45	76	Lc
45	77	Lc
45	78	Lc
45	79	Lc
45	80	Lc
45	81	-1
45	82	Lc
45	83	Lc
45	84	Lc
45	85	-1
45	86	-1
45	87	L
45	88	L
45	89	U
45	90	U
45	91	L
45	92	L
45	93	L
45	94	L
45	95	L
45	96	Lp
45	97	-1
45	98	U
45	99	Lp
45	100	-1
45	101	-1
45	102	L
45	103	Lc
45	104	Lc
45	105	L
45	106	Lc
45	107	Lc
45	108	-1
45	109	L
45	110	L
45	111	L
45	112	Lc
45	113	Lc
45	114	Lc
45	115	Lc
45	116	U
45	117	U
45	118	U
45	119	U
46	0	L
46	1	L
46	2	L
46	3	Uc
46	4	-1
46	5	Uc
46	6	L
46	7	U
46	8	-1
46	9	Lp
46	10	Lp
46	11	Lp
46	12	Lp
46	13	Lp
46	14	Lp
46	15	Lp
46	16	-1
46	17	-1
46	18	L
46	19	L
46	20	-1
46	21	L
46	22	Lcp
46	23	Lcp
46	24	Lp
46	25	L
46	26	-1
46	27	L
46	28	U
46	29	Lp
46	30	Lp
46	31	Lp
46	32	-1
46	33	Lp
46	34	Lc
46	35	Lp
46	36	Lp
46	37	Lc
46	38	L
46	39	L
46	40	L
46	41	L
46	42	Lp
46	43	Uc
46	44	Uc
46	45	Lc
46	46	Lc
46	47	Lc
46	48	Lc
46	49	-1
46	50	Lc
46	51	L
46	52	L
46	53	L
46	54	-1
46	55	Lp
46	56	Lp
46	57	Lp
46	58	L
46	59	L
46	60	L
46	61	-1
46	62	Lp
46	63	Lp
46	64	Lp
46	65	Lp
46	66	Lp
46	67	Lp
46	68	Lp
46	69	Lp
46	70	Lp
46	71	Lp
46	72	Lp
46	73	Lc
46	74	Lc
46	75	Lc
46	76	-1
46	77	Lc
46	78	Lc
46	79	Lc
46	80	Lc
46	81	Lc
46	82	Lc
46	83	Lc
46	84	Lc
46	85	Lc
46	86	-1
46	87	L
46	88	L
46	89	L
46	90	L
46	91	L
46	92	L
46	93	L
46	94	Lc
46	95	Lp
46	96	Lc
46	97	Lp
46	98	-1
46	99	-1
46	100	L
46	101	Lc
46	102	Lc
46	103	L
46	104	L
46	105	-1
46	106	Lc
46	107	Lc
46	108	Lc
46	109	L
46	110	Lc
46	111	Lc
46	112	Lc
46	113	-1
46	114	Lc
46	115	Lc
46	116	U
46	117	U
46	118	U
46	119	-1
47	0	L
47	1	L
47	2	L
47	3	Uc
47	4	Uc
47	5	Uc
47	6	L
47	7	L
47	8	-1
47	9	L
47	10	-1
47	11	Lp
47	12	Lp
47	13	Lp
47	14	Lp
47	15	-1
47	16	L
47	17	L
47	18	L
47	19	L
47	20	L
47	21	Lcp
47	22	L
47	23	Lcp
47	24	Lcp
47	25	Lp
47	26	Lp
47	27	Lp
47	28	U
47	29	Lp
47	30	Lp
47	31	Lp
47	32	Lp
47	33	Lp
47	34	Lc
47	35	Lc
47	36	Lp
47	37	Lp
47	38	-1
47	39	Lp
47	40	L
47	41	Lp
47	42	Lp
47	43	Lc
47	44	Uc
47	45	Lp
47	46	L
47	47	L
47	48	-1
47	49	Uc
47	50	-1
47	51	L
47	52	-1
47	53	L
47	54	L
47	55	-1
47	56	Lp
47	57	Lp
47	58	Lp
47	59	L
47	60	L
47	61	L
47	62	Lp
47	63	Lp
47	64	Lp
47	65	Lp
47	66	Lp
47	67	Lp
47	68	Lp
47	69	Lp
47	70	Lp
47	71	Uc
47	72	Uc
47	73	Lc
47	74	Lc
47	75	Lc
47	76	Lc
47	77	Lc
47	78	-1
47	79	-1
47	80	Lc
47	81	Lc
47	82	Lc
47	83	Lc
47	84	-1
47	85	-1
47	86	L
47	87	L
47	88	L
47	89	L
47	90	L
47	91	L
47	92	-1
47	93	Lc
47	94	Lp
47	95	Lc
47	96	L
47	97	L
47	98	L
47	99	Lp
47	100	L
47	101	Lc
47	102	Lc
47	103	Lc
47	104	L
47	105	Lcp
47	106	Lc
47	107	Lc
47	108	Lc
47	109	Lc
47	110	-1
47	111	Lc
47	112	Lc
47	113	Lc
47	114	Lp
47	115	-1
47	116	U
47	117	Lc
47	118	U
47	119	U
48	0	L
48	1	U
48	2	L
48	3	Uc
48	4	Uc
48	5	L
48	6	L
48	7	L
48	8	L
48	9	Lp
48	10	Lp
48	11	-1
48	12	Lp
48	13	Lp
48	14	L
48	15	L
48	16	Lp
48	17	L
48	18	L
48	19	L
48	20	Lp
48	21	L
48	22	Lp
48	23	-1
48	24	Lp
48	25	Lp
48	26	Lp
48	27	Lp
48	28	Lp
48	29	Lc
48	30	Lp
48	31	-1
48	32	Lp
48	33	Lp
48	34	Lc
48	35	Lc
48	36	Lc
48	37	Lp
48	38	Lc
48	39	L
48	40	Lp
48	41	-1
48	42	Lp
48	43	Lp
48	44	Lp
48	45	Lp
48	46	L
48	47	L
48	48	L
48	49	L
48	50	Uc
48	51	L
48	52	L
48	53	L
48	54	-1
48	55	L
48	56	Lp
48	57	Lp
48	58	Lc
48	59	Lc
48	60	Lc
48	61	L
48	62	Lp
48	63	Lp
48	64	-1
48	65	L
48	66	Lp
48	67	Lp
48	68	Lp
48	69	Lp
48	70	Uc
48	71	Uc
48	72	Lc
48	73	-1
48	74	Lc
48	75	Lc
48	76	Lc
48	77	Lc
48	78	Lc
48	79	Lc
48	80	Lc
48	81	Lc
48	82	Lc
48	83	Lc
48	84	Lc
48	85	L
48	86	L
48	87	L
48	88	-1
48	89	L
48	90	L
48	91	Lc
48	92	-1
48	93	L
48	94	Lc
48	95	Lc
48	96	Lc
48	97	Lc
48	98	Lp
48	99	Lp
48	100	L
48	101	L
48	102	L
48	103	L
48	104	Lc
48	105	L
48	106	Lc
48	107	Lc
48	108	Lc
48	109	Lc
48	110	Lc
48	111	Lc
48	112	Lc
48	113	L
48	114	-1
48	115	Lp
48	116	Lc
48	117	Lc
48	118	Lc
48	119	U
49	0	Lc
49	1	Lc
49	2	L
49	3	Lc
49	4	L
49	5	L
49	6	L
49	7	L
49	8	L
49	9	L
49	10	Lp
49	11	Lp
49	12	Lp
49	13	-1
49	14	Lp
49	15	L
49	16	-1
49	17	L
49	18	L
49	19	L
49	20	L
49	21	Lp
49	22	Lp
49	23	Lp
49	24	Uc
49	25	Lcp
49	26	Lp
49	27	Lp
49	28	Lp
49	29	Lp
49	30	Lp
49	31	Lp
49	32	Lp
49	33	Lc
49	34	Lc
49	35	Lc
49	36	Lp
49	37	Lp
49	38	Lp
49	39	Lp
49	40	Lp
49	41	Lp
49	42	-1
49	43	Lcp
49	44	Lp
49	45	-1
49	46	Lp
49	47	Lp
49	48	Lp
49	49	Lp
49	50	Uc
49	51	-1
49	52	Uc
49	53	Lp
49	54	Lp
49	55	Lp
49	56	L
49	57	-1
49	58	Lp
49	59	Lp
49	60	L
49	61	L
49	62	L
49	63	L
49	64	L
49	65	-1
49	66	-1
49	67	Lp
49	68	Lp
49	69	Lp
49	70	-1
49	71	Lc
49	72	-1
49	73	Lc
49	74	Lc
49	75	Lc
49	76	Lc
49	77	Lc
49	78	Lc
49	79	Lc
49	80	Lc
49	81	Lc
49	82	Lc
49	83	-1
49	84	L
49	85	L
49	86	L
49	87	L
49	88	L
49	89	-1
49	90	L
49	91	L
49	92	L
49	93	L
49	94	Lc
49	95	Lc
49	96	Lc
49	97	Lc
49	98	L
49	99	Lp
49	100	Lp
49	101	-1
49	102	L
49	103	-1
49	104	L
49	105	Lc
49	106	-1
49	107	L
49	108	L
49	109	Lc
49	110	Lc
49	111	L
49	112	Lp
49	113	L
49	114	Lp
49	115	Lp
49	116	Lc
49	117	Lc
49	118	Lc
49	119	Lc
50	0	Lc
50	1	-1
50	2	Lc
50	3	Lc
50	4	L
50	5	L
50	6	L
50	7	L
50	8	-1
50	9	L
50	10	L
50	11	-1
50	12	Lp
50	13	L
50	14	-1
50	15	L
50	16	L
50	17	-1
50	18	L
50	19	Lp
50	20	-1
50	21	Lp
50	22	Lp
50	23	Lp
50	24	L
50	25	Lp
50	26	-1
50	27	Lp
50	28	Lp
50	29	Lp
50	30	Lp
50	31	Lp
50	32	Lp
50	33	Lc
50	34	Lc
50	35	Lc
50	36	Lp
50	37	-1
50	38	Lp
50	39	Lp
50	40	Lp
50	41	Lp
50	42	Lp
50	43	-1
50	44	Lp
50	45	Lp
50	46	Lp
50	47	Lp
50	48	Lp
50	49	Lp
50	50	Lp
50	51	Lp
50	52	Lp
50	53	Lp
50	54	-1
50	55	-1
50	56	L
50	57	Lp
50	58	Lp
50	59	L
50	60	Lp
50	61	Lp
50	62	L
50	63	L
50	64	L
50	65	Lp
50	66	Lp
50	67	Lp
50	68	-1
50	69	Lp
50	70	Uc
50	71	Uc
50	72	Lp
50	73	-1
50	74	Lc
50	75	Lc
50	76	Lp
50	77	Lp
50	78	Lc
50	79	Lc
50	80	Lc
50	81	-1
50	82	Lc
50	83	L
50	84	Lc
50	85	Lc
50	86	Lc
50	87	Lc
50	88	L
50	89	-1
50	90	L
50	91	L
50	92	L
50	93	L
50	94	Lc
50	95	Lc
50	96	Lc
50	97	Lc
50	98	Lp
50	99	Lp
50	100	Lp
50	101	L
50	102	L
50	103	L
50	104	Lc
50	105	-1
50	106	Lc
50	107	L
50	108	Lc
50	109	-1
50	110	Lc
50	111	Lc
50	112	Lp
50	113	Lp
50	114	L
50	115	Lp
50	116	-1
50	117	-1
50	118	Lc
50	119	Lc
51	0	Lc
51	1	Lc
51	2	Lc
51	3	Lc
51	4	L
51	5	L
51	6	L
51	7	L
51	8	L
51	9	L
51	10	L
51	11	L
51	12	L
51	13	-1
51	14	L
51	15	L
51	16	L
51	17	-1
51	18	L
51	19	Lp
51	20	L
51	21	Lp
51	22	L
51	23	Lp
51	24	L
51	25	Lp
51	26	-1
51	27	Lp
51	28	-1
51	29	Lp
51	30	Lp
51	31	Lp
51	32	Lp
51	33	Lp
51	34	Lc
51	35	Lp
51	36	Lp
51	37	Lp
51	38	Lp
51	39	Lp
51	40	Lp
51	41	Lp
51	42	Lp
51	43	-1
51	44	Lp
51	45	Lp
51	46	Lp
51	47	Lp
51	48	Lp
51	49	L
51	50	Lp
51	51	L
51	52	Lp
51	53	Lp
51	54	-1
51	55	L
51	56	Lp
51	57	Lp
51	58	Lp
51	59	L
51	60	L
51	61	L
51	62	L
51	63	-1
51	64	L
51	65	Lp
51	66	Lp
51	67	Lp
51	68	Lp
51	69	Lp
51	70	Lp
51	71	Lp
51	72	Lp
51	73	Lc
51	74	Lp
51	75	Lc
51	76	Lp
51	77	Lp
51	78	Lc
51	79	Lc
51	80	Lc
51	81	Lc
51	82	Lc
51	83	Lc
51	84	Lc
51	85	Lc
51	86	Lc
51	87	Lc
51	88	L
51	89	L
51	90	L
51	91	L
51	92	L
51	93	Lp
51	94	Lc
51	95	-1
51	96	Lc
51	97	Lc
51	98	Lc
51	99	Lc
51	100	Lc
51	101	Lc
51	102	L
51	103	L
51	104	L
51	105	Lc
51	106	L
51	107	-1
51	108	Lc
51	109	Lc
51	110	Lp
51	111	Lc
51	112	Lc
51	113	L
51	114	Lp
51	115	-1
51	116	Lc
51	117	Lc
51	118	-1
51	119	Lc
52	0	U
52	1	-1
52	2	Lc
52	3	Lc
52	4	Lc
52	5	L
52	6	L
52	7	L
52	8	U
52	9	L
52	10	L
52	11	L
52	12	L
52	13	L
52	14	L
52	15	U
52	16	-1
52	17	L
52	18	L
52	19	Lp
52	20	L
52	21	L
52	22	L
52	23	L
52	24	Lp
52	25	Lp
52	26	-1
52	27	Lp
52	28	Lp
52	29	Lp
52	30	-1
52	31	Lp
52	32	Lp
52	33	Lp
52	34	-1
52	35	Lc
52	36	Lp
52	37	Lp
52	38	Lp
52	39	Lp
52	40	Lp
52	41	-1
52	42	Lp
52	43	Lp
52	44	Lp
52	45	-1
52	46	Lp
52	47	Lp
52	48	Lp
52	49	-1
52	50	L
52	51	L
52	52	Lp
52	53	Lp
52	54	Lp
52	55	Lp
52	56	Lp
52	57	Lp
52	58	L
52	59	Lp
52	60	L
52	61	L
52	62	L
52	63	-1
52	64	-1
52	65	-1
52	66	Lp
52	67	Lp
52	68	Lp
52	69	Lp
52	70	-1
52	71	Lp
52	72	Lc
52	73	Lp
52	74	-1
52	75	Lp
52	76	Lp
52	77	Lc
52	78	Lp
52	79	Lp
52	80	Lc
52	81	Lc
52	82	Lc
52	83	Lc
52	84	Lc
52	85	Uc
52	86	Lc
52	87	Uc
52	88	L
52	89	L
52	90	L
52	91	L
52	92	L
52	93	L
52	94	Lp
52	95	Lc
52	96	-1
52	97	-1
52	98	Lc
52	99	Lc
52	100	Lp
52	101	Lc
52	102	L
52	103	L
52	104	Lc
52	105	L
52	106	L
52	107	L
52	108	Lc
52	109	-1
52	110	Lp
52	111	-1
52	112	Lc
52	113	Lc
52	114	Lc
52	115	Lc
52	116	Uc
52	117	-1
52	118	Lp
52	119	U
53	0	U
53	1	Lc
53	2	-1
53	3	-1
53	4	Lc
53	5	L
53	6	L
53	7	L
53	8	L
53	9	L
53	10	L
53	11	L
53	12	L
53	13	L
53	14	L
53	15	L
53	16	L
53	17	L
53	18	L
53	19	L
53	20	L
53	21	-1
53	22	L
53	23	L
53	24	Lp
53	25	Lp
53	26	L
53	27	Lp
53	28	Lp
53	29	Lp
53	30	Lp
53	31	Lp
53	32	Lp
53	33	-1
53	34	-1
53	35	Lp
53	36	Lp
53	37	Lp
53	38	-1
53	39	Lp
53	40	Lp
53	41	-1
53	42	Lp
53	43	Lp
53	44	Lp
53	45	-1
53	46	Lp
53	47	-1
53	48	-1
53	49	L
53	50	L
53	51	Lcp
53	52	-1
53	53	Lp
53	54	-1
53	55	-1
53	56	-1
53	57	U
53	58	Lp
53	59	L
53	60	Lp
53	61	-1
53	62	L
53	63	Lp
53	64	Lp
53	65	Lp
53	66	Lp
53	67	Lp
53	68	-1
53	69	Lp
53	70	Lp
53	71	Lp
53	72	Lp
53	73	Lc
53	74	Lp
53	75	Lp
53	76	-1
53	77	Lc
53	78	Lc
53	79	Lp
53	80	Lp
53	81	Lc
53	82	-1
53	83	Lc
53	84	-1
53	85	-1
53	86	Uc
53	87	-1
53	88	L
53	89	-1
53	90	L
53	91	L
53	92	U
53	93	-1
53	94	Lc
53	95	-1
53	96	Lc
53	97	Lc
53	98	Lc
53	99	Lc
53	100	Lc
53	101	L
53	102	L
53	103	L
53	104	L
53	105	L
53	106	L
53	107	L
53	108	Lc
53	109	Lp
53	110	Lp
53	111	Lp
53	112	Lp
53	113	Lcp
53	114	Lc
53	115	Lc
53	116	Lp
53	117	-1
53	118	Lc
53	119	-1
54	0	L
54	1	Lc
54	2	Lp
54	3	Lc
54	4	Lc
54	5	L
54	6	Uc
54	7	Uc
54	8	L
54	9	L
54	10	L
54	11	L
54	12	L
54	13	L
54	14	L
54	15	L
54	16	L
54	17	L
54	18	L
54	19	L
54	20	L
54	21	L
54	22	L
54	23	-1
54	24	L
54	25	L
54	26	Lp
54	27	Lp
54	28	Lp
54	29	Lp
54	30	Lp
54	31	Lp
54	32	Lp
54	33	Lp
54	34	Lp
54	35	Lp
54	36	Lp
54	37	Lp
54	38	Lp
54	39	Lp
54	40	Lp
54	41	Lp
54	42	Lp
54	43	Lp
54	44	Lp
54	45	-1
54	46	-1
54	47	-1
54	48	L
54	49	Lp
54	50	L
54	51	L
54	52	L
54	53	Lcp
54	54	Uc
54	55	Uc
54	56	Lp
54	57	Lp
54	58	Lp
54	59	Lp
54	60	Lp
54	61	Lp
54	62	L
54	63	-1
54	64	Lp
54	65	Lp
54	66	Lp
54	67	L
54	68	-1
54	69	Lp
54	70	Lp
54	71	Lp
54	72	Lp
54	73	Lc
54	74	Lp
54	75	Lp
54	76	Lc
54	77	Lc
54	78	Lp
54	79	Lc
54	80	Lp
54	81	Lp
54	82	-1
54	83	Lc
54	84	-1
54	85	Uc
54	86	Lc
54	87	Lc
54	88	Lc
54	89	Lc
54	90	Lc
54	91	L
54	92	U
54	93	-1
54	94	Uc
54	95	Lc
54	96	Lc
54	97	Lc
54	98	Lc
54	99	Lc
54	100	L
54	101	L
54	102	Lc
54	103	Lc
54	104	L
54	105	L
54	106	L
54	107	-1
54	108	-1
54	109	Lp
54	110	Lp
54	111	Lc
54	112	Lc
54	113	Lcp
54	114	Lc
54	115	Lc
54	116	Lp
54	117	Lp
54	118	Lp
54	119	Lp
55	0	-1
55	1	Lc
55	2	Lp
55	3	Lp
55	4	L
55	5	L
55	6	L
55	7	L
55	8	Uc
55	9	L
55	10	L
55	11	L
55	12	L
55	13	L
55	14	L
55	15	L
55	16	L
55	17	L
55	18	L
55	19	L
55	20	L
55	21	L
55	22	U
55	23	U
55	24	Lp
55	25	-1
55	26	Lp
55	27	Lp
55	28	U
55	29	Lp
55	30	Lp
55	31	Lp
55	32	Lp
55	33	Lp
55	34	Lp
55	35	Lp
55	36	Lp
55	37	Lp
55	38	Lp
55	39	Lp
55	40	Lp
55	41	-1
55	42	Lp
55	43	Lp
55	44	Lp
55	45	Lp
55	46	L
55	47	Lp
55	48	Lp
55	49	Lp
55	50	L
55	51	L
55	52	L
55	53	Lp
55	54	L
55	55	L
55	56	Lp
55	57	Lp
55	58	-1
55	59	Lp
55	60	-1
55	61	Lc
55	62	Lp
55	63	Lp
55	64	-1
55	65	Lp
55	66	Lp
55	67	Lp
55	68	Lp
55	69	Lp
55	70	Lp
55	71	Lp
55	72	Lp
55	73	Lp
55	74	Lp
55	75	Lp
55	76	Lc
55	77	Lp
55	78	Lc
55	79	Lc
55	80	Lp
55	81	Lp
55	82	Lc
55	83	Lc
55	84	Lc
55	85	-1
55	86	Lc
55	87	Lc
55	88	Lc
55	89	Lc
55	90	L
55	91	L
55	92	Uc
55	93	Uc
55	94	Lc
55	95	Lc
55	96	Lc
55	97	-1
55	98	Lc
55	99	Lc
55	100	L
55	101	L
55	102	-1
55	103	Lc
55	104	Lc
55	105	L
55	106	Lc
55	107	-1
55	108	L
55	109	Lc
55	110	Lp
55	111	Lp
55	112	Lc
55	113	-1
55	114	Lc
55	115	Lc
55	116	Lc
55	117	Lp
55	118	Lp
55	119	L
56	0	L
56	1	L
56	2	Lp
56	3	L
56	4	Lc
56	5	-1
56	6	-1
56	7	Uc
56	8	Lc
56	9	Uc
56	10	L
56	11	L
56	12	L
56	13	L
56	14	L
56	15	L
56	16	-1
56	17	L
56	18	L
56	19	L
56	20	L
56	21	L
56	22	-1
56	23	Lp
56	24	Lp
56	25	Lp
56	26	Lp
56	27	Lp
56	28	Lp
56	29	Lp
56	30	Lp
56	31	Lp
56	32	Lp
56	33	Lp
56	34	Lp
56	35	Lp
56	36	-1
56	37	Lp
56	38	Lp
56	39	Lp
56	40	Lp
56	41	-1
56	42	Lp
56	43	Lp
56	44	-1
56	45	Lp
56	46	Lp
56	47	Lp
56	48	Lp
56	49	Lp
56	50	-1
56	51	Lp
56	52	Lp
56	53	Lp
56	54	L
56	55	-1
56	56	L
56	57	Lp
56	58	Lp
56	59	U
56	60	U
56	61	Lp
56	62	Lc
56	63	Lp
56	64	Lp
56	65	Lp
56	66	Lp
56	67	Lp
56	68	Lp
56	69	Lp
56	70	Lp
56	71	Lp
56	72	Lp
56	73	Lp
56	74	Lp
56	75	Lp
56	76	-1
56	77	Lc
56	78	Lp
56	79	Lp
56	80	Lc
56	81	Lc
56	82	Lc
56	83	Lc
56	84	Lc
56	85	Lc
56	86	Lc
56	87	Lc
56	88	Lc
56	89	Lc
56	90	Lc
56	91	Lc
56	92	Uc
56	93	Uc
56	94	Lcp
56	95	Lcp
56	96	-1
56	97	Lc
56	98	Lcp
56	99	Lc
56	100	Lc
56	101	Lc
56	102	L
56	103	L
56	104	L
56	105	Lc
56	106	Lc
56	107	-1
56	108	Lc
56	109	Lc
56	110	-1
56	111	Lc
56	112	Uc
56	113	Lc
56	114	Lc
56	115	Lc
56	116	L
56	117	L
56	118	-1
56	119	L
57	0	Lc
57	1	Lc
57	2	L
57	3	U
57	4	Lc
57	5	U
57	6	Lc
57	7	Lc
57	8	Lc
57	9	Lc
57	10	-1
57	11	L
57	12	L
57	13	L
57	14	-1
57	15	L
57	16	-1
57	17	L
57	18	L
57	19	L
57	20	Lp
57	21	Lp
57	22	Lp
57	23	-1
57	24	Lp
57	25	Lp
57	26	-1
57	27	Lp
57	28	Lp
57	29	Lp
57	30	Lp
57	31	Lp
57	32	Lp
57	33	Lp
57	34	-1
57	35	-1
57	36	Lp
57	37	Lp
57	38	-1
57	39	Lp
57	40	Lp
57	41	-1
57	42	Lp
57	43	Lp
57	44	Lp
57	45	Lp
57	46	Lp
57	47	Lp
57	48	Lp
57	49	Lp
57	50	Lp
57	51	-1
57	52	Lp
57	53	L
57	54	L
57	55	-1
57	56	L
57	57	Lp
57	58	Lp
57	59	Lp
57	60	Lp
57	61	Lc
57	62	Lp
57	63	Lp
57	64	-1
57	65	Lp
57	66	Lp
57	67	L
57	68	L
57	69	U
57	70	Lp
57	71	Lp
57	72	Lp
57	73	Lp
57	74	Lp
57	75	-1
57	76	Lc
57	77	Lc
57	78	Lp
57	79	Lc
57	80	Lc
57	81	Lp
57	82	-1
57	83	Lc
57	84	Lc
57	85	Lc
57	86	Lc
57	87	Lc
57	88	Uc
57	89	Lc
57	90	Lc
57	91	U
57	92	Lc
57	93	Lc
57	94	Lc
57	95	Lcp
57	96	Lcp
57	97	Uc
57	98	Lcp
57	99	Lc
57	100	-1
57	101	-1
57	102	Lc
57	103	Lc
57	104	-1
57	105	-1
57	106	L
57	107	Lc
57	108	L
57	109	Lc
57	110	-1
57	111	Lc
57	112	Lcp
57	113	Lc
57	114	Lc
57	115	L
57	116	L
57	117	-1
57	118	L
57	119	L
58	0	Lc
58	1	Lc
58	2	U
58	3	Lc
58	4	Lc
58	5	Uc
58	6	Uc
58	7	Lc
58	8	Lc
58	9	Lc
58	10	Lc
58	11	L
58	12	-1
58	13	L
58	14	L
58	15	L
58	16	L
58	17	L
58	18	L
58	19	L
58	20	L
58	21	Lp
58	22	Lp
58	23	-1
58	24	Lp
58	25	Lp
58	26	Lp
58	27	Lp
58	28	Lp
58	29	Lp
58	30	Lp
58	31	-1
58	32	Lp
58	33	Lp
58	34	Lp
58	35	Lp
58	36	Lp
58	37	-1
58	38	Lp
58	39	Lp
58	40	Lp
58	41	Lp
58	42	-1
58	43	Lp
58	44	Lp
58	45	Lp
58	46	Lp
58	47	Lp
58	48	Lp
58	49	Lp
58	50	Lp
58	51	Lp
58	52	Lp
58	53	Lp
58	54	L
58	55	L
58	56	L
58	57	Lp
58	58	Lp
58	59	Lp
58	60	L
58	61	Lp
58	62	Lp
58	63	Lp
58	64	Lp
58	65	Lp
58	66	Lp
58	67	Lp
58	68	-1
58	69	-1
58	70	Lp
58	71	Lp
58	72	Lp
58	73	Lp
58	74	Lp
58	75	-1
58	76	Lc
58	77	Lp
58	78	Lp
58	79	Lp
58	80	Lp
58	81	Lp
58	82	Lp
58	83	Lc
58	84	Lc
58	85	Lc
58	86	Lc
58	87	Lc
58	88	-1
58	89	Uc
58	90	-1
58	91	Lc
58	92	U
58	93	Lc
58	94	Lc
58	95	Lc
58	96	Uc
58	97	Uc
58	98	Uc
58	99	Lc
58	100	Lc
58	101	-1
58	102	Lc
58	103	Lc
58	104	Lc
58	105	Lc
58	106	Lc
58	107	L
58	108	L
58	109	Lc
58	110	Lc
58	111	Lc
58	112	Lc
58	113	Lcp
58	114	L
58	115	L
58	116	-1
58	117	L
58	118	L
58	119	L
59	0	Lc
59	1	U
59	2	Uc
59	3	Lc
59	4	Lc
59	5	Lc
59	6	Lc
59	7	Lc
59	8	Lc
59	9	Lc
59	10	-1
59	11	L
59	12	L
59	13	-1
59	14	L
59	15	L
59	16	-1
59	17	L
59	18	L
59	19	Lp
59	20	Lp
59	21	L
59	22	Lp
59	23	Lp
59	24	Lp
59	25	Lp
59	26	Lp
59	27	U
59	28	-1
59	29	Lp
59	30	Lp
59	31	Lp
59	32	Lp
59	33	Lp
59	34	Lp
59	35	Lp
59	36	Lp
59	37	Lp
59	38	Lp
59	39	Lp
59	40	Lcp
59	41	Lcp
59	42	Lp
59	43	Lp
59	44	Lp
59	45	Lp
59	46	Lp
59	47	Lp
59	48	Lp
59	49	Lp
59	50	Lp
59	51	Lp
59	52	Lp
59	53	Lp
59	54	Lp
59	55	L
59	56	L
59	57	L
59	58	L
59	59	Lp
59	60	Lp
59	61	Lp
59	62	Lp
59	63	Lp
59	64	Lp
59	65	Lp
59	66	L
59	67	Lp
59	68	L
59	69	Lp
59	70	L
59	71	Lp
59	72	Lp
59	73	Lp
59	74	U
59	75	Lp
59	76	Lc
59	77	-1
59	78	Lp
59	79	Lp
59	80	Lp
59	81	-1
59	82	Lp
59	83	Lp
59	84	Lp
59	85	Lc
59	86	Lc
59	87	L
59	88	-1
59	89	-1
59	90	-1
59	91	Lc
59	92	Lc
59	93	Lc
59	94	Lc
59	95	Lc
59	96	Lc
59	97	-1
59	98	Lc
59	99	Lc
59	100	-1
59	101	-1
59	102	Lc
59	103	Lc
59	104	-1
59	105	Lcp
59	106	Lcp
59	107	Lcp
59	108	-1
59	109	Lp
59	110	-1
59	111	Lp
59	112	Lc
59	113	Lc
59	114	Lc
59	115	-1
59	116	Lc
59	117	Lc
59	118	Lc
59	119	Lc
60	0	-1
60	1	Uc
60	2	U
60	3	Lc
60	4	Lc
60	5	Lc
60	6	-1
60	7	Lc
60	8	Lc
60	9	Lc
60	10	Lc
60	11	-1
60	12	Lc
60	13	L
60	14	L
60	15	L
60	16	L
60	17	-1
60	18	L
60	19	L
60	20	-1
60	21	L
60	22	Lp
60	23	Lp
60	24	-1
60	25	U
60	26	Lp
60	27	Lp
60	28	Lp
60	29	Lp
60	30	Lp
60	31	-1
60	32	Lp
60	33	-1
60	34	Lp
60	35	Lp
60	36	Lp
60	37	Lp
60	38	Lp
60	39	Lcp
60	40	Lcp
60	41	Lp
60	42	Lp
60	43	Lcp
60	44	Lcp
60	45	Lp
60	46	Lp
60	47	-1
60	48	Lp
60	49	Lp
60	50	Lp
60	51	Lp
60	52	Lp
60	53	Lp
60	54	Lp
60	55	Lp
60	56	L
60	57	L
60	58	L
60	59	L
60	60	Lp
60	61	Lp
60	62	Lp
60	63	Lp
60	64	Lp
60	65	Lp
60	66	Lp
60	67	Lp
60	68	Lp
60	69	Lp
60	70	Lp
60	71	Lc
60	72	Lc
60	73	Lc
60	74	Lp
60	75	Lp
60	76	Lp
60	77	Lp
60	78	Lp
60	79	Lp
60	80	-1
60	81	Lp
60	82	Lp
60	83	Lp
60	84	Lp
60	85	Lc
60	86	L
60	87	-1
60	88	-1
60	89	Lc
60	90	Lc
60	91	Lc
60	92	Lc
60	93	-1
60	94	Lc
60	95	Lc
60	96	Lc
60	97	Lc
60	98	Lc
60	99	Lc
60	100	Lc
60	101	-1
60	102	Lc
60	103	-1
60	104	Lc
60	105	-1
60	106	Lcp
60	107	Lcp
60	108	L
60	109	Lp
60	110	Lp
60	111	Lp
60	112	Lc
60	113	Lc
60	114	Lp
60	115	Lc
60	116	Lc
60	117	Lp
60	118	Lc
60	119	Lc
61	0	-1
61	1	-1
61	2	-1
61	3	Lc
61	4	Lc
61	5	-1
61	6	Lc
61	7	Lc
61	8	L
61	9	Lc
61	10	Lc
61	11	L
61	12	L
61	13	L
61	14	L
61	15	L
61	16	L
61	17	L
61	18	L
61	19	L
61	20	Lp
61	21	L
61	22	L
61	23	Lp
61	24	Lp
61	25	-1
61	26	U
61	27	Lp
61	28	Lp
61	29	-1
61	30	Lp
61	31	U
61	32	Lcp
61	33	Lp
61	34	Lp
61	35	Lp
61	36	Lp
61	37	Lp
61	38	Lp
61	39	Lp
61	40	Lcp
61	41	-1
61	42	Lcp
61	43	Lcp
61	44	Lcp
61	45	Lp
61	46	Lp
61	47	Lp
61	48	-1
61	49	U
61	50	-1
61	51	Lp
61	52	Lp
61	53	Lp
61	54	Lp
61	55	Lp
61	56	Lp
61	57	L
61	58	Lp
61	59	-1
61	60	Lp
61	61	Lp
61	62	Lp
61	63	Lp
61	64	Lp
61	65	Lp
61	66	Lp
61	67	Lp
61	68	Lp
61	69	Lp
61	70	Lp
61	71	Lc
61	72	Lp
61	73	Lp
61	74	Lp
61	75	Lp
61	76	Lp
61	77	Lp
61	78	Lp
61	79	Lp
61	80	Lp
61	81	Lp
61	82	Lp
61	83	Lp
61	84	Lp
61	85	Lc
61	86	Lc
61	87	Lc
61	88	Lc
61	89	Lc
61	90	Lc
61	91	Lc
61	92	Lc
61	93	Lc
61	94	Lc
61	95	Lc
61	96	-1
61	97	Lc
61	98	-1
61	99	Lc
61	100	Lcp
61	101	Lc
61	102	Uc
61	103	Lc
61	104	-1
61	105	-1
61	106	Lc
61	107	L
61	108	Lcp
61	109	Lc
61	110	Lc
61	111	-1
61	112	-1
61	113	Lc
61	114	L
61	115	-1
61	116	Lp
61	117	Lc
61	118	-1
61	119	Uc
62	0	-1
62	1	Lc
62	2	Lc
62	3	-1
62	4	Lc
62	5	-1
62	6	L
62	7	L
62	8	L
62	9	L
62	10	L
62	11	L
62	12	L
62	13	L
62	14	L
62	15	L
62	16	L
62	17	L
62	18	L
62	19	L
62	20	-1
62	21	L
62	22	L
62	23	Lp
62	24	U
62	25	Lp
62	26	Lp
62	27	Lp
62	28	Lp
62	29	-1
62	30	Lp
62	31	Lcp
62	32	Lcp
62	33	Lp
62	34	Lp
62	35	Lp
62	36	Lp
62	37	Lp
62	38	Lp
62	39	Lp
62	40	Lp
62	41	Lp
62	42	Lcp
62	43	Lcp
62	44	Lcp
62	45	Lcp
62	46	Lp
62	47	Lp
62	48	Lp
62	49	Lp
62	50	-1
62	51	Lp
62	52	Lp
62	53	Lp
62	54	Lp
62	55	Lp
62	56	L
62	57	Lp
62	58	L
62	59	L
62	60	-1
62	61	Lp
62	62	Lp
62	63	Lp
62	64	Lp
62	65	Lp
62	66	Lp
62	67	Lp
62	68	Lp
62	69	Lp
62	70	Lp
62	71	-1
62	72	Lp
62	73	-1
62	74	Lp
62	75	Lp
62	76	-1
62	77	Lc
62	78	Lp
62	79	Lp
62	80	Lp
62	81	Lp
62	82	Lp
62	83	Lp
62	84	Lp
62	85	Lp
62	86	Lc
62	87	L
62	88	-1
62	89	Lc
62	90	Lc
62	91	Lc
62	92	Lc
62	93	Lc
62	94	Lc
62	95	Lc
62	96	Lc
62	97	Lc
62	98	Lc
62	99	Lc
62	100	Lc
62	101	Lc
62	102	-1
62	103	L
62	104	-1
62	105	Lcp
62	106	Lcp
62	107	Lc
62	108	Lc
62	109	Lc
62	110	Lc
62	111	-1
62	112	Lc
62	113	Lc
62	114	Lc
62	115	Lc
62	116	Lp
62	117	Lp
62	118	-1
62	119	Lp
63	0	Lc
63	1	Lc
63	2	Lc
63	3	Lc
63	4	Lc
63	5	-1
63	6	L
63	7	L
63	8	L
63	9	L
63	10	L
63	11	U
63	12	L
63	13	L
63	14	L
63	15	L
63	16	L
63	17	L
63	18	L
63	19	-1
63	20	L
63	21	L
63	22	L
63	23	L
63	24	Lp
63	25	Lp
63	26	Lp
63	27	Lp
63	28	-1
63	29	Lp
63	30	Lp
63	31	-1
63	32	Lp
63	33	Lp
63	34	Lp
63	35	Lp
63	36	Lp
63	37	Lp
63	38	Lp
63	39	Lp
63	40	Lp
63	41	Lp
63	42	Lp
63	43	Lp
63	44	Lcp
63	45	-1
63	46	Lp
63	47	Lp
63	48	Lp
63	49	Lp
63	50	Lp
63	51	U
63	52	-1
63	53	Lp
63	54	Lp
63	55	Lp
63	56	Lp
63	57	-1
63	58	-1
63	59	L
63	60	-1
63	61	Lp
63	62	Lp
63	63	Lp
63	64	Lp
63	65	Lp
63	66	-1
63	67	-1
63	68	-1
63	69	Lp
63	70	Lp
63	71	Lp
63	72	Lp
63	73	Lp
63	74	Lp
63	75	Lp
63	76	Lp
63	77	Lp
63	78	-1
63	79	Lc
63	80	Lp
63	81	Lp
63	82	-1
63	83	Lp
63	84	Lp
63	85	L
63	86	-1
63	87	Lc
63	88	Lc
63	89	Lc
63	90	Lc
63	91	Lc
63	92	Lc
63	93	Lc
63	94	Lc
63	95	Lc
63	96	Lc
63	97	-1
63	98	Lc
63	99	Lc
63	100	Lc
63	101	Lc
63	102	Uc
63	103	Lc
63	104	Uc
63	105	-1
63	106	Lcp
63	107	Lcp
63	108	Lc
63	109	Lc
63	110	Lc
63	111	Lc
63	112	Lc
63	113	Lc
63	114	Lc
63	115	Lc
63	116	Lc
63	117	Lc
63	118	Lp
63	119	-1
64	0	Lc
64	1	Lc
64	2	-1
64	3	Lc
64	4	L
64	5	L
64	6	L
64	7	L
64	8	L
64	9	L
64	10	L
64	11	L
64	12	L
64	13	L
64	14	L
64	15	L
64	16	U
64	17	L
64	18	Lp
64	19	-1
64	20	L
64	21	L
64	22	L
64	23	L
64	24	L
64	25	-1
64	26	Lp
64	27	Lp
64	28	Lp
64	29	Lp
64	30	Lp
64	31	Lp
64	32	Lp
64	33	Lp
64	34	Lp
64	35	Lp
64	36	Lp
64	37	Lp
64	38	Lp
64	39	Lp
64	40	Lp
64	41	Lp
64	42	Lp
64	43	Lp
64	44	Lp
64	45	Lp
64	46	-1
64	47	Lp
64	48	Lp
64	49	U
64	50	Lp
64	51	U
64	52	Lp
64	53	Lp
64	54	Lp
64	55	Lp
64	56	Lp
64	57	L
64	58	L
64	59	-1
64	60	Lp
64	61	-1
64	62	Lp
64	63	-1
64	64	Lp
64	65	Lp
64	66	Lp
64	67	Lp
64	68	Lp
64	69	Lp
64	70	-1
64	71	Lp
64	72	Lp
64	73	Lp
64	74	Lp
64	75	-1
64	76	Lp
64	77	Lp
64	78	Lc
64	79	Lp
64	80	Lp
64	81	Lp
64	82	-1
64	83	Lp
64	84	Lc
64	85	Lc
64	86	L
64	87	Lc
64	88	Lc
64	89	Lc
64	90	Lc
64	91	Lc
64	92	Lc
64	93	Uc
64	94	Uc
64	95	Lc
64	96	Lc
64	97	-1
64	98	Lc
64	99	Lc
64	100	-1
64	101	Lc
64	102	Lc
64	103	Lc
64	104	Lcp
64	105	Lcp
64	106	Lcp
64	107	Lcp
64	108	-1
64	109	Lc
64	110	Lc
64	111	Lc
64	112	Lc
64	113	Lc
64	114	Lc
64	115	Lc
64	116	Lc
64	117	-1
64	118	Lc
64	119	Lc
65	0	Lc
65	1	Lc
65	2	-1
65	3	-1
65	4	-1
65	5	L
65	6	L
65	7	L
65	8	L
65	9	L
65	10	L
65	11	L
65	12	L
65	13	L
65	14	L
65	15	-1
65	16	L
65	17	-1
65	18	Lc
65	19	L
65	20	Lc
65	21	-1
65	22	L
65	23	Lp
65	24	U
65	25	U
65	26	Lcp
65	27	Lp
65	28	Lcp
65	29	Lcp
65	30	Lp
65	31	Lp
65	32	Lp
65	33	-1
65	34	-1
65	35	Lp
65	36	Lp
65	37	L
65	38	Lp
65	39	Lp
65	40	Lp
65	41	U
65	42	U
65	43	Lp
65	44	Lp
65	45	Lp
65	46	Lp
65	47	Lp
65	48	Lp
65	49	Lp
65	50	Lp
65	51	U
65	52	U
65	53	Lp
65	54	Lp
65	55	Lp
65	56	Lp
65	57	-1
65	58	L
65	59	L
65	60	Lp
65	61	Lp
65	62	Lp
65	63	Lp
65	64	Lp
65	65	U
65	66	U
65	67	U
65	68	U
65	69	Lp
65	70	Lp
65	71	Lp
65	72	Lp
65	73	Lp
65	74	Lp
65	75	-1
65	76	Lp
65	77	Lp
65	78	Lp
65	79	-1
65	80	-1
65	81	Lp
65	82	Lp
65	83	Lc
65	84	Lc
65	85	Lc
65	86	Lc
65	87	L
65	88	Lc
65	89	Lc
65	90	Lc
65	91	Lc
65	92	Lc
65	93	Lc
65	94	Uc
65	95	-1
65	96	Lc
65	97	Lc
65	98	Lc
65	99	Lc
65	100	-1
65	101	Lc
65	102	Lc
65	103	L
65	104	L
65	105	L
65	106	Lcp
65	107	Lcp
65	108	Lcp
65	109	Lc
65	110	Lc
65	111	Lc
65	112	Lc
65	113	Lc
65	114	Lc
65	115	-1
65	116	Lp
65	117	Lp
65	118	Lc
65	119	Lp
66	0	Lc
66	1	Lc
66	2	Lc
66	3	-1
66	4	L
66	5	L
66	6	L
66	7	L
66	8	L
66	9	L
66	10	-1
66	11	-1
66	12	L
66	13	L
66	14	Lp
66	15	Lp
66	16	Lp
66	17	Lp
66	18	L
66	19	Lc
66	20	Lc
66	21	-1
66	22	L
66	23	U
66	24	Lp
66	25	Lp
66	26	Lcp
66	27	Lp
66	28	-1
66	29	Lp
66	30	Lp
66	31	Lp
66	32	Lc
66	33	Lp
66	34	Lp
66	35	-1
66	36	Lp
66	37	L
66	38	L
66	39	Lp
66	40	-1
66	41	Lp
66	42	Lp
66	43	Lp
66	44	-1
66	45	Lp
66	46	-1
66	47	U
66	48	Lp
66	49	U
66	50	Lp
66	51	Lp
66	52	Lp
66	53	U
66	54	Lp
66	55	U
66	56	U
66	57	Lp
66	58	L
66	59	Lp
66	60	-1
66	61	Lp
66	62	Lp
66	63	Lp
66	64	Lp
66	65	U
66	66	U
66	67	U
66	68	Lp
66	69	-1
66	70	-1
66	71	Lp
66	72	U
66	73	U
66	74	Lp
66	75	Lp
66	76	Lp
66	77	Lp
66	78	Lp
66	79	Lp
66	80	Lp
66	81	Lp
66	82	Lp
66	83	Lp
66	84	Lc
66	85	L
66	86	L
66	87	-1
66	88	-1
66	89	-1
66	90	Lc
66	91	Lc
66	92	-1
66	93	Uc
66	94	Lc
66	95	Uc
66	96	Lc
66	97	Lc
66	98	Lc
66	99	-1
66	100	Lc
66	101	Lc
66	102	Lc
66	103	L
66	104	L
66	105	Lc
66	106	Lc
66	107	Lc
66	108	Lc
66	109	-1
66	110	Lc
66	111	Lc
66	112	Lc
66	113	Lc
66	114	Lc
66	115	Lc
66	116	Lp
66	117	-1
66	118	Lp
66	119	-1
67	0	Lc
67	1	Lc
67	2	Lc
67	3	Lc
67	4	L
67	5	-1
67	6	L
67	7	L
67	8	L
67	9	L
67	10	L
67	11	L
67	12	U
67	13	L
67	14	L
67	15	Lp
67	16	-1
67	17	Lp
67	18	L
67	19	Lc
67	20	Lc
67	21	-1
67	22	-1
67	23	L
67	24	Lc
67	25	L
67	26	L
67	27	Lcp
67	28	Lcp
67	29	Lcp
67	30	Lcp
67	31	-1
67	32	Lc
67	33	Lp
67	34	Lp
67	35	-1
67	36	-1
67	37	-1
67	38	L
67	39	U
67	40	U
67	41	U
67	42	U
67	43	Lp
67	44	Lp
67	45	-1
67	46	Lp
67	47	Lp
67	48	U
67	49	Lp
67	50	Lp
67	51	Lp
67	52	-1
67	53	Lp
67	54	U
67	55	Lp
67	56	Lp
67	57	-1
67	58	Lp
67	59	U
67	60	U
67	61	Lp
67	62	Lp
67	63	Lp
67	64	Lp
67	65	-1
67	66	Lc
67	67	Lp
67	68	Lp
67	69	Lp
67	70	-1
67	71	U
67	72	-1
67	73	Lp
67	74	Lp
67	75	Lp
67	76	Lp
67	77	-1
67	78	Lp
67	79	-1
67	80	Lp
67	81	Lp
67	82	Lp
67	83	Lcp
67	84	Lp
67	85	-1
67	86	L
67	87	Lc
67	88	Lc
67	89	Uc
67	90	Lc
67	91	-1
67	92	Lc
67	93	Lc
67	94	Uc
67	95	Lc
67	96	Uc
67	97	Lc
67	98	Lc
67	99	Lc
67	100	Lc
67	101	Lc
67	102	Lc
67	103	Lc
67	104	Lc
67	105	L
67	106	-1
67	107	Lc
67	108	Lc
67	109	-1
67	110	Lc
67	111	Lc
67	112	-1
67	113	Lc
67	114	Lc
67	115	Lp
67	116	Lp
67	117	Lp
67	118	Lc
67	119	L
68	0	L
68	1	Lc
68	2	Lc
68	3	Lc
68	4	-1
68	5	L
68	6	-1
68	7	L
68	8	L
68	9	L
68	10	L
68	11	L
68	12	U
68	13	-1
68	14	-1
68	15	Lp
68	16	Lp
68	17	Lp
68	18	Lc
68	19	Lc
68	20	Lp
68	21	-1
68	22	-1
68	23	L
68	24	L
68	25	L
68	26	L
68	27	Lcp
68	28	Lcp
68	29	L
68	30	Lp
68	31	Lp
68	32	Lc
68	33	Lc
68	34	Lp
68	35	Lp
68	36	-1
68	37	L
68	38	L
68	39	U
68	40	U
68	41	U
68	42	-1
68	43	-1
68	44	Lp
68	45	-1
68	46	Lp
68	47	Lp
68	48	Lp
68	49	Lp
68	50	Lp
68	51	Lp
68	52	-1
68	53	U
68	54	-1
68	55	-1
68	56	Lp
68	57	Lp
68	58	-1
68	59	Lp
68	60	U
68	61	Lp
68	62	Lp
68	63	Lp
68	64	Lc
68	65	Lc
68	66	Lc
68	67	Lc
68	68	Lc
68	69	Lp
68	70	Lc
68	71	Lp
68	72	U
68	73	Lp
68	74	Lp
68	75	Lp
68	76	Lp
68	77	Lp
68	78	-1
68	79	Lp
68	80	Lp
68	81	Lp
68	82	Lcp
68	83	-1
68	84	Lp
68	85	Lc
68	86	Lc
68	87	Lc
68	88	Uc
68	89	Uc
68	90	Uc
68	91	Uc
68	92	Uc
68	93	Uc
68	94	Lc
68	95	Uc
68	96	Lc
68	97	Lc
68	98	Lc
68	99	Lc
68	100	Lc
68	101	Lc
68	102	Lc
68	103	Lc
68	104	L
68	105	L
68	106	L
68	107	L
68	108	Lc
68	109	Lc
68	110	Lc
68	111	Lc
68	112	Lc
68	113	Lc
68	114	Lc
68	115	Lc
68	116	Lc
68	117	Lp
68	118	L
68	119	L
69	0	L
69	1	-1
69	2	Lc
69	3	-1
69	4	L
69	5	L
69	6	L
69	7	L
69	8	L
69	9	L
69	10	-1
69	11	L
69	12	L
69	13	U
69	14	L
69	15	Lc
69	16	-1
69	17	Lp
69	18	Lp
69	19	Lc
69	20	Lp
69	21	Uc
69	22	L
69	23	L
69	24	L
69	25	L
69	26	-1
69	27	L
69	28	L
69	29	L
69	30	Lp
69	31	Lcp
69	32	Lc
69	33	Lc
69	34	Lc
69	35	U
69	36	L
69	37	L
69	38	L
69	39	L
69	40	U
69	41	Lp
69	42	-1
69	43	U
69	44	Lp
69	45	-1
69	46	Lp
69	47	Lp
69	48	Lp
69	49	Lp
69	50	-1
69	51	U
69	52	-1
69	53	Lp
69	54	Lp
69	55	Lp
69	56	Lp
69	57	Lp
69	58	Lp
69	59	Lp
69	60	Lp
69	61	Lp
69	62	Lp
69	63	Lc
69	64	Lp
69	65	Lc
69	66	Lc
69	67	Lc
69	68	Uc
69	69	Lc
69	70	Lc
69	71	-1
69	72	Lp
69	73	Lp
69	74	Lp
69	75	Lc
69	76	Lc
69	77	-1
69	78	Lp
69	79	Lp
69	80	Lp
69	81	Lp
69	82	Lcp
69	83	Lcp
69	84	Lp
69	85	Lc
69	86	Lc
69	87	Lc
69	88	-1
69	89	Uc
69	90	Uc
69	91	Uc
69	92	Uc
69	93	Lc
69	94	Uc
69	95	Lc
69	96	Lc
69	97	Lc
69	98	Lc
69	99	Lc
69	100	Lc
69	101	-1
69	102	Lc
69	103	Lc
69	104	L
69	105	L
69	106	L
69	107	L
69	108	L
69	109	Lc
69	110	Lc
69	111	-1
69	112	Lc
69	113	Lc
69	114	Lc
69	115	Lc
69	116	Lp
69	117	-1
69	118	Lc
69	119	Lc
70	0	Lc
70	1	L
70	2	L
70	3	Lc
70	4	-1
70	5	Lc
70	6	L
70	7	L
70	8	L
70	9	L
70	10	L
70	11	L
70	12	L
70	13	L
70	14	L
70	15	L
70	16	Lp
70	17	L
70	18	Lp
70	19	Lc
70	20	-1
70	21	-1
70	22	Lc
70	23	Lc
70	24	L
70	25	L
70	26	-1
70	27	L
70	28	L
70	29	Lcp
70	30	L
70	31	Lp
70	32	Lp
70	33	-1
70	34	Lp
70	35	Lcp
70	36	-1
70	37	L
70	38	L
70	39	U
70	40	L
70	41	L
70	42	Lcp
70	43	-1
70	44	Lp
70	45	-1
70	46	Lp
70	47	Lp
70	48	Lp
70	49	Lp
70	50	Lp
70	51	-1
70	52	Lcp
70	53	-1
70	54	Lcp
70	55	Lcp
70	56	Lp
70	57	-1
70	58	Lp
70	59	Lp
70	60	Lp
70	61	-1
70	62	Lc
70	63	Lp
70	64	Lc
70	65	Lc
70	66	Lc
70	67	-1
70	68	Uc
70	69	Lc
70	70	Lc
70	71	Lc
70	72	U
70	73	Lp
70	74	U
70	75	Lcp
70	76	Lp
70	77	Lp
70	78	-1
70	79	Lp
70	80	Lc
70	81	Lc
70	82	Lc
70	83	Lcp
70	84	Lc
70	85	Lc
70	86	Lc
70	87	Lc
70	88	Lc
70	89	Lc
70	90	-1
70	91	Uc
70	92	Uc
70	93	Uc
70	94	Uc
70	95	Lc
70	96	Lc
70	97	Lc
70	98	Lc
70	99	Lc
70	100	Lc
70	101	Lc
70	102	-1
70	103	Uc
70	104	L
70	105	L
70	106	Lc
70	107	Lc
70	108	Lc
70	109	Lc
70	110	Lc
70	111	Lc
70	112	Lc
70	113	Lc
70	114	Lc
70	115	Lc
70	116	Lc
70	117	Lc
70	118	Lc
70	119	Lc
71	0	L
71	1	Lc
71	2	L
71	3	L
71	4	Lc
71	5	L
71	6	Lc
71	7	Lc
71	8	L
71	9	L
71	10	L
71	11	L
71	12	L
71	13	L
71	14	Lp
71	15	Lp
71	16	-1
71	17	Lp
71	18	Lp
71	19	Lc
71	20	Lc
71	21	-1
71	22	Lc
71	23	L
71	24	Lp
71	25	Lc
71	26	L
71	27	L
71	28	L
71	29	L
71	30	Lcp
71	31	Lp
71	32	Lp
71	33	Lcp
71	34	Lcp
71	35	-1
71	36	L
71	37	L
71	38	Lp
71	39	L
71	40	L
71	41	L
71	42	Lcp
71	43	Lp
71	44	Lp
71	45	U
71	46	Lp
71	47	-1
71	48	-1
71	49	-1
71	50	Lcp
71	51	Lp
71	52	Lp
71	53	Lcp
71	54	Lcp
71	55	Lcp
71	56	Lcp
71	57	Lp
71	58	Lp
71	59	Lp
71	60	-1
71	61	Lp
71	62	Lc
71	63	Lc
71	64	Lp
71	65	Lp
71	66	Lc
71	67	Lc
71	68	Lc
71	69	Lc
71	70	Lc
71	71	U
71	72	Lc
71	73	U
71	74	Lp
71	75	Lc
71	76	-1
71	77	Lp
71	78	Lp
71	79	-1
71	80	Lc
71	81	Lc
71	82	Lc
71	83	Lc
71	84	Lc
71	85	Lc
71	86	Uc
71	87	Lc
71	88	Lc
71	89	Lc
71	90	-1
71	91	Lc
71	92	Lc
71	93	Lc
71	94	-1
71	95	-1
71	96	Lc
71	97	Lc
71	98	Lc
71	99	-1
71	100	Lc
71	101	Lc
71	102	-1
71	103	L
71	104	-1
71	105	L
71	106	Lc
71	107	Lc
71	108	Lc
71	109	Lc
71	110	Lc
71	111	Lc
71	112	Uc
71	113	Lc
71	114	Lc
71	115	Lc
71	116	Lc
71	117	Lc
71	118	L
71	119	L
72	0	Lc
72	1	Lc
72	2	Lc
72	3	-1
72	4	Lc
72	5	Lc
72	6	-1
72	7	Lc
72	8	L
72	9	Lc
72	10	Lc
72	11	L
72	12	L
72	13	L
72	14	L
72	15	L
72	16	Lp
72	17	Lp
72	18	Lc
72	19	Lp
72	20	-1
72	21	Lp
72	22	Lp
72	23	Lp
72	24	-1
72	25	Lc
72	26	L
72	27	-1
72	28	L
72	29	L
72	30	Lp
72	31	Lcp
72	32	-1
72	33	Lcp
72	34	-1
72	35	Lp
72	36	-1
72	37	-1
72	38	Lcp
72	39	L
72	40	Lcp
72	41	U
72	42	U
72	43	-1
72	44	U
72	45	Lp
72	46	Lp
72	47	Lcp
72	48	Lcp
72	49	-1
72	50	Lp
72	51	Lp
72	52	-1
72	53	-1
72	54	Lp
72	55	Lp
72	56	Lp
72	57	Lp
72	58	Lp
72	59	-1
72	60	Lp
72	61	Lp
72	62	Lc
72	63	Lp
72	64	Lp
72	65	Lp
72	66	-1
72	67	-1
72	68	Lc
72	69	Lc
72	70	Lc
72	71	U
72	72	U
72	73	-1
72	74	U
72	75	Lc
72	76	Lc
72	77	Lp
72	78	Lp
72	79	Lp
72	80	Lc
72	81	Lc
72	82	Lc
72	83	Lc
72	84	Uc
72	85	Uc
72	86	Lc
72	87	Lc
72	88	-1
72	89	Lc
72	90	Lc
72	91	Lc
72	92	Lc
72	93	Lc
72	94	Lc
72	95	Lc
72	96	Lc
72	97	Lc
72	98	Lc
72	99	Lc
72	100	Lc
72	101	Lc
72	102	Lc
72	103	Lc
72	104	L
72	105	Lc
72	106	Lc
72	107	Lc
72	108	Lc
72	109	Lc
72	110	Lc
72	111	Uc
72	112	Lc
72	113	Lc
72	114	Lc
72	115	Lc
72	116	Lc
72	117	Lc
72	118	-1
72	119	-1
73	0	Lc
73	1	Lc
73	2	Lc
73	3	L
73	4	Lc
73	5	Lc
73	6	Lc
73	7	Lc
73	8	Lc
73	9	-1
73	10	L
73	11	L
73	12	Lc
73	13	L
73	14	L
73	15	Lc
73	16	L
73	17	Lp
73	18	Lp
73	19	U
73	20	U
73	21	U
73	22	Lp
73	23	-1
73	24	Lc
73	25	Lc
73	26	-1
73	27	L
73	28	L
73	29	L
73	30	Lcp
73	31	-1
73	32	Lcp
73	33	Lp
73	34	L
73	35	L
73	36	Lcp
73	37	Lcp
73	38	U
73	39	Lcp
73	40	Lcp
73	41	Lp
73	42	Lp
73	43	Lp
73	44	Lp
73	45	Lp
73	46	U
73	47	-1
73	48	Lcp
73	49	Lcp
73	50	-1
73	51	Lp
73	52	Lp
73	53	Lp
73	54	-1
73	55	Lp
73	56	Lp
73	57	Lp
73	58	Lc
73	59	Lc
73	60	Lc
73	61	-1
73	62	L
73	63	Lc
73	64	Lp
73	65	Lp
73	66	Lp
73	67	Lc
73	68	-1
73	69	Lp
73	70	U
73	71	Lc
73	72	Lp
73	73	U
73	74	U
73	75	Lc
73	76	Lp
73	77	Lp
73	78	Lp
73	79	Lp
73	80	Lp
73	81	Lp
73	82	Lc
73	83	Lc
73	84	Lc
73	85	Lc
73	86	Lc
73	87	Lc
73	88	Uc
73	89	Lc
73	90	-1
73	91	Lc
73	92	Lc
73	93	Lc
73	94	-1
73	95	Lc
73	96	Lc
73	97	Lc
73	98	Lc
73	99	Lc
73	100	Lc
73	101	Uc
73	102	Lc
73	103	Lc
73	104	L
73	105	Lc
73	106	Lc
73	107	Lc
73	108	Lc
73	109	Lc
73	110	Lc
73	111	-1
73	112	Uc
73	113	Lc
73	114	Lc
73	115	Lc
73	116	Lc
73	117	Lc
73	118	Lc
73	119	-1
74	0	Lc
74	1	L
74	2	L
74	3	L
74	4	Lc
74	5	Lc
74	6	Lc
74	7	Lc
74	8	Lc
74	9	L
74	10	L
74	11	L
74	12	Lc
74	13	L
74	14	-1
74	15	-1
74	16	L
74	17	L
74	18	U
74	19	Lp
74	20	-1
74	21	Lc
74	22	U
74	23	Lp
74	24	-1
74	25	L
74	26	Lc
74	27	Lc
74	28	Lc
74	29	Lcp
74	30	-1
74	31	Lc
74	32	Lcp
74	33	-1
74	34	-1
74	35	Uc
74	36	Uc
74	37	Uc
74	38	-1
74	39	U
74	40	U
74	41	Lcp
74	42	Lp
74	43	Lp
74	44	Lp
74	45	Lp
74	46	-1
74	47	U
74	48	Lcp
74	49	Lcp
74	50	Lcp
74	51	Lp
74	52	-1
74	53	-1
74	54	Lp
74	55	L
74	56	-1
74	57	Lp
74	58	Lp
74	59	Lp
74	60	Lc
74	61	Lc
74	62	Lc
74	63	Lp
74	64	Lc
74	65	Lc
74	66	Lc
74	67	Lc
74	68	Lc
74	69	Lp
74	70	Lc
74	71	Lc
74	72	Lp
74	73	U
74	74	Lp
74	75	Lp
74	76	U
74	77	Lp
74	78	Lc
74	79	Lp
74	80	-1
74	81	Lp
74	82	Lc
74	83	Lc
74	84	Lc
74	85	Lc
74	86	Lc
74	87	Lc
74	88	Lc
74	89	Lc
74	90	Lc
74	91	Lc
74	92	Lc
74	93	Lc
74	94	Lc
74	95	Lc
74	96	Uc
74	97	Lc
74	98	Lc
74	99	Lc
74	100	Lc
74	101	Lc
74	102	Lc
74	103	Lc
74	104	Lc
74	105	-1
74	106	Lc
74	107	Lc
74	108	Lc
74	109	Lc
74	110	Lc
74	111	-1
74	112	-1
74	113	Uc
74	114	Lc
74	115	-1
74	116	-1
74	117	Lc
74	118	Lc
74	119	Lc
75	0	Lc
75	1	L
75	2	-1
75	3	Lc
75	4	Lc
75	5	Lc
75	6	Lc
75	7	L
75	8	L
75	9	L
75	10	L
75	11	L
75	12	L
75	13	L
75	14	Lc
75	15	-1
75	16	-1
75	17	L
75	18	L
75	19	Lp
75	20	-1
75	21	Lc
75	22	Lp
75	23	Lp
75	24	-1
75	25	Lp
75	26	Lc
75	27	Lc
75	28	Lcp
75	29	Lc
75	30	Lc
75	31	Lc
75	32	Lc
75	33	Lcp
75	34	-1
75	35	Lp
75	36	Uc
75	37	Uc
75	38	Lp
75	39	U
75	40	U
75	41	U
75	42	Lp
75	43	Lp
75	44	Lp
75	45	Lcp
75	46	Lp
75	47	U
75	48	Lcp
75	49	Lcp
75	50	Lcp
75	51	Lcp
75	52	Lp
75	53	Lp
75	54	Lp
75	55	Lp
75	56	L
75	57	Lp
75	58	Lp
75	59	Lp
75	60	Lp
75	61	Lc
75	62	-1
75	63	Lc
75	64	-1
75	65	Lc
75	66	Lc
75	67	Lc
75	68	Lc
75	69	Lc
75	70	Lc
75	71	Lc
75	72	Lc
75	73	Lc
75	74	Lp
75	75	U
75	76	U
75	77	Lp
75	78	Lp
75	79	Lc
75	80	Lc
75	81	Lc
75	82	Lc
75	83	Lc
75	84	Lc
75	85	Lc
75	86	Lc
75	87	Lc
75	88	Lc
75	89	Lc
75	90	Lc
75	91	Lc
75	92	-1
75	93	Lc
75	94	Lp
75	95	L
75	96	Lc
75	97	Lc
75	98	Lc
75	99	Lc
75	100	Lc
75	101	Lc
75	102	Lc
75	103	Lc
75	104	Lc
75	105	-1
75	106	Lc
75	107	-1
75	108	Uc
75	109	Uc
75	110	Lc
75	111	Uc
75	112	Lc
75	113	Lc
75	114	Lc
75	115	Uc
75	116	Lc
75	117	Lc
75	118	Lc
75	119	Lc
76	0	Lc
76	1	L
76	2	Lc
76	3	-1
76	4	Lc
76	5	Lc
76	6	Lc
76	7	L
76	8	L
76	9	L
76	10	L
76	11	Lc
76	12	Lc
76	13	Lc
76	14	Lc
76	15	Lc
76	16	Lc
76	17	Uc
76	18	Uc
76	19	Lp
76	20	Lp
76	21	Lp
76	22	Lp
76	23	Lp
76	24	Lp
76	25	Lc
76	26	Lc
76	27	Lc
76	28	Lc
76	29	Lcp
76	30	Lc
76	31	Lcp
76	32	Lc
76	33	-1
76	34	-1
76	35	Lp
76	36	Lcp
76	37	Uc
76	38	Lp
76	39	Lp
76	40	Lp
76	41	U
76	42	Lp
76	43	Lp
76	44	Lcp
76	45	Lp
76	46	Lp
76	47	Lp
76	48	Lcp
76	49	Lcp
76	50	Lcp
76	51	Lcp
76	52	Lp
76	53	Lp
76	54	Lp
76	55	Lp
76	56	Lp
76	57	L
76	58	Lp
76	59	Lp
76	60	L
76	61	L
76	62	Lc
76	63	Lc
76	64	Lc
76	65	Lc
76	66	Lc
76	67	-1
76	68	Lc
76	69	Lc
76	70	Lc
76	71	Lc
76	72	Lc
76	73	Lc
76	74	Lc
76	75	U
76	76	Lc
76	77	Lc
76	78	Lc
76	79	Lp
76	80	Lp
76	81	Lp
76	82	Lc
76	83	Lc
76	84	Lc
76	85	Lc
76	86	Lc
76	87	Lc
76	88	Lc
76	89	Lc
76	90	Lc
76	91	Lc
76	92	Lc
76	93	Lc
76	94	Lc
76	95	Lc
76	96	Lp
76	97	Lp
76	98	L
76	99	L
76	100	Lc
76	101	Uc
76	102	Lc
76	103	Lc
76	104	Lc
76	105	-1
76	106	-1
76	107	Uc
76	108	Uc
76	109	Lc
76	110	Lc
76	111	-1
76	112	Lc
76	113	Lc
76	114	Uc
76	115	Lc
76	116	Lc
76	117	Lc
76	118	Lc
76	119	Lc
77	0	Lc
77	1	Lc
77	2	L
77	3	Lc
77	4	Lc
77	5	L
77	6	L
77	7	L
77	8	L
77	9	L
77	10	-1
77	11	Lc
77	12	Lc
77	13	Lc
77	14	Lc
77	15	Lc
77	16	Lc
77	17	Lc
77	18	-1
77	19	Lp
77	20	Lp
77	21	Lp
77	22	Lp
77	23	Lp
77	24	-1
77	25	Lp
77	26	Lc
77	27	Lc
77	28	Lc
77	29	-1
77	30	Lc
77	31	Lc
77	32	Lcp
77	33	Lc
77	34	Lp
77	35	Lcp
77	36	Uc
77	37	Lcp
77	38	Uc
77	39	Uc
77	40	Lp
77	41	Lc
77	42	Lc
77	43	Lp
77	44	Lp
77	45	-1
77	46	-1
77	47	-1
77	48	Lcp
77	49	Lcp
77	50	Lcp
77	51	-1
77	52	Lp
77	53	Lp
77	54	-1
77	55	Lp
77	56	Lp
77	57	-1
77	58	L
77	59	Lp
77	60	Lp
77	61	Lc
77	62	Lc
77	63	Lc
77	64	Lc
77	65	Lc
77	66	Lc
77	67	Lc
77	68	Lc
77	69	-1
77	70	Lc
77	71	Lc
77	72	Lc
77	73	Lc
77	74	U
77	75	U
77	76	Lp
77	77	Lc
77	78	-1
77	79	Lc
77	80	-1
77	81	Lp
77	82	Lc
77	83	Lc
77	84	Lc
77	85	Lc
77	86	Lc
77	87	-1
77	88	Lc
77	89	Lc
77	90	Lc
77	91	-1
77	92	Lc
77	93	Lc
77	94	Lc
77	95	Lp
77	96	L
77	97	L
77	98	L
77	99	L
77	100	-1
77	101	Uc
77	102	Uc
77	103	Lc
77	104	Lc
77	105	Lc
77	106	-1
77	107	Lc
77	108	Lc
77	109	-1
77	110	Lc
77	111	Lc
77	112	Lc
77	113	Lc
77	114	-1
77	115	Uc
77	116	Lc
77	117	Lc
77	118	Lc
77	119	Lc
78	0	Lc
78	1	-1
78	2	L
78	3	Lc
78	4	L
78	5	L
78	6	L
78	7	L
78	8	L
78	9	L
78	10	L
78	11	L
78	12	-1
78	13	Lc
78	14	Lc
78	15	Lc
78	16	Lp
78	17	Lc
78	18	-1
78	19	Lp
78	20	Lp
78	21	Lp
78	22	Lp
78	23	Lp
78	24	Lp
78	25	-1
78	26	Lp
78	27	Lp
78	28	Lp
78	29	Lc
78	30	Lc
78	31	Lp
78	32	Lp
78	33	-1
78	34	-1
78	35	Lc
78	36	Uc
78	37	Uc
78	38	Uc
78	39	Uc
78	40	Lc
78	41	Lc
78	42	Uc
78	43	Uc
78	44	Lcp
78	45	Lp
78	46	Lcp
78	47	Lcp
78	48	Uc
78	49	Lcp
78	50	-1
78	51	Lcp
78	52	-1
78	53	Lp
78	54	Lc
78	55	Lp
78	56	Lp
78	57	Lp
78	58	Lp
78	59	Lp
78	60	Lp
78	61	-1
78	62	Lc
78	63	Lp
78	64	-1
78	65	-1
78	66	-1
78	67	-1
78	68	Lc
78	69	Lc
78	70	Lc
78	71	Lc
78	72	Uc
78	73	Lc
78	74	Lc
78	75	Lc
78	76	Lp
78	77	Lp
78	78	Lp
78	79	Lc
78	80	-1
78	81	Lc
78	82	Lc
78	83	Lc
78	84	Lc
78	85	-1
78	86	Lc
78	87	-1
78	88	Lc
78	89	Lc
78	90	Lc
78	91	Lc
78	92	Lc
78	93	Lc
78	94	Lp
78	95	Lc
78	96	L
78	97	L
78	98	Lc
78	99	Lc
78	100	-1
78	101	L
78	102	Uc
78	103	Lc
78	104	Lc
78	105	Lc
78	106	Lc
78	107	Lc
78	108	Lc
78	109	Lc
78	110	Lc
78	111	Lc
78	112	Lc
78	113	Lc
78	114	Lc
78	115	Lc
78	116	Uc
78	117	-1
78	118	Lc
78	119	Lc
79	0	-1
79	1	Lc
79	2	Lc
79	3	L
79	4	Lc
79	5	-1
79	6	L
79	7	L
79	8	L
79	9	L
79	10	L
79	11	L
79	12	Lp
79	13	Lc
79	14	Lc
79	15	Lp
79	16	Lp
79	17	Lp
79	18	Lp
79	19	-1
79	20	-1
79	21	Lp
79	22	Lp
79	23	Lp
79	24	Lp
79	25	Lp
79	26	Lp
79	27	Lp
79	28	Lp
79	29	Lc
79	30	Lp
79	31	Uc
79	32	Lc
79	33	L
79	34	Lcp
79	35	Lcp
79	36	Lcp
79	37	Lc
79	38	Lc
79	39	-1
79	40	Uc
79	41	Lc
79	42	Lc
79	43	Lcp
79	44	Lp
79	45	Lcp
79	46	Lcp
79	47	Lcp
79	48	-1
79	49	Uc
79	50	Lcp
79	51	Lc
79	52	Lc
79	53	Lc
79	54	Lp
79	55	Lp
79	56	Lp
79	57	Lc
79	58	Lp
79	59	Lp
79	60	Lp
79	61	-1
79	62	Lp
79	63	Lp
79	64	Lp
79	65	-1
79	66	Lc
79	67	Lc
79	68	Lc
79	69	Lc
79	70	Lc
79	71	Lc
79	72	Uc
79	73	Lc
79	74	Lc
79	75	Lc
79	76	Lp
79	77	Lp
79	78	-1
79	79	-1
79	80	Lc
79	81	Lc
79	82	Lc
79	83	Lc
79	84	-1
79	85	Lc
79	86	Lc
79	87	Lc
79	88	Lc
79	89	Lc
79	90	Lc
79	91	Lc
79	92	Lc
79	93	Lp
79	94	Lc
79	95	Lp
79	96	-1
79	97	Lp
79	98	Lp
79	99	Lc
79	100	-1
79	101	Lc
79	102	Lc
79	103	Lc
79	104	Lc
79	105	Lc
79	106	Lc
79	107	Lc
79	108	Lc
79	109	Lc
79	110	Lc
79	111	Lc
79	112	Lc
79	113	Lc
79	114	Lc
79	115	Lc
79	116	Lc
79	117	Lc
79	118	Lc
79	119	Lc
80	0	Lc
80	1	Lc
80	2	Lc
80	3	-1
80	4	-1
80	5	Lc
80	6	L
80	7	L
80	8	L
80	9	-1
80	10	L
80	11	Lp
80	12	-1
80	13	L
80	14	Lp
80	15	Lp
80	16	Lc
80	17	Lc
80	18	Lc
80	19	Lp
80	20	Lp
80	21	-1
80	22	Lp
80	23	Lp
80	24	Lp
80	25	Lp
80	26	Lc
80	27	Lp
80	28	Lp
80	29	Lp
80	30	Lc
80	31	Lc
80	32	Lc
80	33	L
80	34	Lc
80	35	Lcp
80	36	Lcp
80	37	Lcp
80	38	Lc
80	39	Uc
80	40	Uc
80	41	Uc
80	42	Lc
80	43	Lc
80	44	Lcp
80	45	Lcp
80	46	Lcp
80	47	Lcp
80	48	Lcp
80	49	Lcp
80	50	Lcp
80	51	Lcp
80	52	Lc
80	53	Lc
80	54	Lc
80	55	Lp
80	56	Lp
80	57	-1
80	58	Lp
80	59	Lp
80	60	Lp
80	61	Lp
80	62	Lp
80	63	-1
80	64	Lp
80	65	Lp
80	66	Lc
80	67	Lc
80	68	Lc
80	69	Lc
80	70	Lc
80	71	Lc
80	72	-1
80	73	-1
80	74	Lc
80	75	Lc
80	76	Lc
80	77	Lc
80	78	Lc
80	79	Lc
80	80	Lp
80	81	Lc
80	82	Lc
80	83	Lc
80	84	Lc
80	85	Lc
80	86	Lc
80	87	Lc
80	88	-1
80	89	Lc
80	90	Lc
80	91	-1
80	92	Lc
80	93	Lp
80	94	Lc
80	95	Lp
80	96	Lp
80	97	-1
80	98	Lp
80	99	Lp
80	100	-1
80	101	Uc
80	102	Lc
80	103	Lc
80	104	Lc
80	105	Lc
80	106	-1
80	107	Lc
80	108	Lc
80	109	-1
80	110	Lc
80	111	Lc
80	112	-1
80	113	L
80	114	Lc
80	115	Lc
80	116	Uc
80	117	Uc
80	118	Lc
80	119	-1
81	0	-1
81	1	L
81	2	Lc
81	3	-1
81	4	Lc
81	5	L
81	6	L
81	7	Lc
81	8	Lc
81	9	Lc
81	10	Lc
81	11	L
81	12	L
81	13	Lp
81	14	Lp
81	15	L
81	16	Lc
81	17	Lc
81	18	Lc
81	19	Lp
81	20	Lc
81	21	Lp
81	22	U
81	23	Lp
81	24	Lp
81	25	-1
81	26	Lp
81	27	Lp
81	28	Lc
81	29	Lc
81	30	Lc
81	31	Lc
81	32	Lc
81	33	-1
81	34	U
81	35	Lcp
81	36	Lcp
81	37	Lcp
81	38	Lc
81	39	Lcp
81	40	Lc
81	41	Lc
81	42	Lc
81	43	Lc
81	44	-1
81	45	Lcp
81	46	Lcp
81	47	Lc
81	48	Lcp
81	49	Lcp
81	50	Lc
81	51	Lc
81	52	Lc
81	53	Lc
81	54	Lc
81	55	Lcp
81	56	-1
81	57	Lp
81	58	Lp
81	59	Lcp
81	60	Lp
81	61	Lp
81	62	Lp
81	63	Lp
81	64	Lp
81	65	Lp
81	66	Lc
81	67	Lc
81	68	Lc
81	69	Lc
81	70	-1
81	71	Lc
81	72	-1
81	73	-1
81	74	-1
81	75	Lc
81	76	Lc
81	77	Lc
81	78	Lc
81	79	Lc
81	80	Lc
81	81	Lp
81	82	Lcp
81	83	Lc
81	84	Lc
81	85	Lc
81	86	Lc
81	87	Lc
81	88	Lc
81	89	Lc
81	90	-1
81	91	Lp
81	92	Lp
81	93	Lc
81	94	Lc
81	95	Lc
81	96	-1
81	97	-1
81	98	-1
81	99	Lp
81	100	-1
81	101	Lc
81	102	Lc
81	103	Lc
81	104	Lc
81	105	Lc
81	106	Lc
81	107	Lc
81	108	-1
81	109	Lc
81	110	Lc
81	111	Lc
81	112	Lc
81	113	L
81	114	Lc
81	115	Lc
81	116	Lc
81	117	Lc
81	118	-1
81	119	Lc
82	0	Lc
82	1	L
82	2	Lc
82	3	-1
82	4	Lc
82	5	Lc
82	6	-1
82	7	Lc
82	8	Lc
82	9	Lc
82	10	Lc
82	11	Lp
82	12	L
82	13	Lp
82	14	Lp
82	15	L
82	16	Lp
82	17	-1
82	18	Lc
82	19	Lc
82	20	Lp
82	21	-1
82	22	Lp
82	23	Lp
82	24	Lp
82	25	Lc
82	26	Lc
82	27	Lcp
82	28	L
82	29	L
82	30	Lp
82	31	U
82	32	L
82	33	L
82	34	Lcp
82	35	Lc
82	36	-1
82	37	Lc
82	38	Lcp
82	39	Lc
82	40	Lc
82	41	Lc
82	42	Lcp
82	43	Lcp
82	44	Lcp
82	45	Lcp
82	46	Lc
82	47	Lcp
82	48	Lcp
82	49	Lc
82	50	Lc
82	51	Lc
82	52	Lc
82	53	Lc
82	54	Lc
82	55	-1
82	56	Lcp
82	57	Lcp
82	58	Lcp
82	59	Lp
82	60	Lp
82	61	Lp
82	62	Lp
82	63	Lp
82	64	Lp
82	65	Lp
82	66	Lc
82	67	Lp
82	68	Lp
82	69	Lc
82	70	Lc
82	71	Lc
82	72	Lc
82	73	Lc
82	74	Lc
82	75	Lc
82	76	Lc
82	77	-1
82	78	Lp
82	79	Lp
82	80	Lp
82	81	-1
82	82	Uc
82	83	Lcp
82	84	Lcp
82	85	Lc
82	86	Lc
82	87	-1
82	88	Lc
82	89	Lc
82	90	Lc
82	91	Lc
82	92	Lc
82	93	Lc
82	94	Lc
82	95	Lc
82	96	Lp
82	97	-1
82	98	Lp
82	99	Lc
82	100	-1
82	101	Lp
82	102	Lc
82	103	Lc
82	104	Lc
82	105	Lc
82	106	Lc
82	107	-1
82	108	Lc
82	109	Lc
82	110	Lc
82	111	Lc
82	112	-1
82	113	L
82	114	Lc
82	115	-1
82	116	-1
82	117	Lc
82	118	Lc
82	119	Lc
83	0	-1
83	1	-1
83	2	Lc
83	3	Lc
83	4	Lc
83	5	Lc
83	6	Lc
83	7	Lc
83	8	Lc
83	9	-1
83	10	L
83	11	L
83	12	L
83	13	U
83	14	L
83	15	Lp
83	16	Lp
83	17	-1
83	18	-1
83	19	L
83	20	L
83	21	Lc
83	22	-1
83	23	Lc
83	24	Lp
83	25	Lc
83	26	Lcp
83	27	Lcp
83	28	-1
83	29	Lp
83	30	L
83	31	L
83	32	L
83	33	L
83	34	L
83	35	Lc
83	36	Lc
83	37	Lc
83	38	-1
83	39	-1
83	40	Lc
83	41	-1
83	42	Lcp
83	43	Lcp
83	44	Lcp
83	45	Lcp
83	46	Lcp
83	47	Lc
83	48	Lc
83	49	-1
83	50	Lcp
83	51	Lc
83	52	Lc
83	53	Lc
83	54	Lc
83	55	Lc
83	56	Lcp
83	57	Lc
83	58	Lp
83	59	Lp
83	60	Lp
83	61	Lp
83	62	-1
83	63	Lp
83	64	Lp
83	65	Lc
83	66	-1
83	67	Lp
83	68	Lp
83	69	Uc
83	70	Uc
83	71	Lc
83	72	Lc
83	73	Lc
83	74	Lc
83	75	Lc
83	76	Lc
83	77	Lp
83	78	Lp
83	79	Lc
83	80	Uc
83	81	Uc
83	82	-1
83	83	Lcp
83	84	Lc
83	85	Lc
83	86	-1
83	87	Lc
83	88	Lc
83	89	Lcp
83	90	Lc
83	91	Lc
83	92	Lc
83	93	Lc
83	94	Lc
83	95	Lc
83	96	-1
83	97	Lp
83	98	Lp
83	99	Lc
83	100	Lp
83	101	-1
83	102	Lc
83	103	Lc
83	104	Lc
83	105	Lc
83	106	Lc
83	107	Lc
83	108	Lc
83	109	Lc
83	110	Lc
83	111	Lc
83	112	L
83	113	Lc
83	114	Lc
83	115	-1
83	116	Lc
83	117	Lc
83	118	Lc
83	119	Lc
84	0	L
84	1	Lc
84	2	-1
84	3	L
84	4	Lc
84	5	L
84	6	Lc
84	7	Lc
84	8	Lc
84	9	L
84	10	L
84	11	L
84	12	L
84	13	L
84	14	-1
84	15	Lp
84	16	Lp
84	17	Lc
84	18	-1
84	19	Lc
84	20	-1
84	21	L
84	22	Lc
84	23	L
84	24	-1
84	25	Lc
84	26	L
84	27	Lp
84	28	Lp
84	29	L
84	30	L
84	31	L
84	32	L
84	33	L
84	34	L
84	35	Lc
84	36	Lc
84	37	Lc
84	38	Lc
84	39	Lcp
84	40	-1
84	41	Lc
84	42	Lcp
84	43	Lcp
84	44	Lcp
84	45	-1
84	46	Lcp
84	47	Lc
84	48	Lc
84	49	Lc
84	50	Lc
84	51	Lcp
84	52	Lc
84	53	Lc
84	54	Lc
84	55	Lc
84	56	Lc
84	57	Lc
84	58	-1
84	59	Lp
84	60	Lp
84	61	-1
84	62	Lp
84	63	Lp
84	64	Lc
84	65	Lc
84	66	Lc
84	67	U
84	68	L
84	69	Lc
84	70	Lc
84	71	Lc
84	72	Lc
84	73	Lc
84	74	Lc
84	75	-1
84	76	-1
84	77	Lp
84	78	Lp
84	79	Lc
84	80	-1
84	81	Lc
84	82	Lc
84	83	Lc
84	84	Lc
84	85	Lc
84	86	Lc
84	87	Lc
84	88	-1
84	89	Lcp
84	90	Lcp
84	91	Lc
84	92	Lc
84	93	Lc
84	94	-1
84	95	Lc
84	96	-1
84	97	Lc
84	98	Lc
84	99	-1
84	100	-1
84	101	Lc
84	102	-1
84	103	Lc
84	104	Uc
84	105	Lc
84	106	Lc
84	107	Lc
84	108	Lc
84	109	-1
84	110	Lc
84	111	Lc
84	112	Lc
84	113	Lc
84	114	L
84	115	Lc
84	116	-1
84	117	-1
84	118	Lc
84	119	L
85	0	-1
85	1	L
85	2	-1
85	3	Lc
85	4	Lc
85	5	L
85	6	Lc
85	7	L
85	8	L
85	9	L
85	10	U
85	11	L
85	12	L
85	13	L
85	14	L
85	15	Lc
85	16	Lc
85	17	Lc
85	18	Lc
85	19	Lc
85	20	Lc
85	21	Lc
85	22	L
85	23	L
85	24	Lp
85	25	L
85	26	Lc
85	27	Lp
85	28	Lp
85	29	Lp
85	30	-1
85	31	-1
85	32	L
85	33	L
85	34	Lc
85	35	Lc
85	36	Lc
85	37	-1
85	38	Lc
85	39	Lcp
85	40	Lc
85	41	Lcp
85	42	Lcp
85	43	Lcp
85	44	Lcp
85	45	Lcp
85	46	Lcp
85	47	Lcp
85	48	Lcp
85	49	Lc
85	50	Lcp
85	51	Lc
85	52	Lc
85	53	Lc
85	54	-1
85	55	-1
85	56	Lp
85	57	Lp
85	58	Lp
85	59	Lp
85	60	Lp
85	61	Lcp
85	62	Lcp
85	63	Lp
85	64	Lc
85	65	Lc
85	66	Lc
85	67	Lc
85	68	U
85	69	U
85	70	-1
85	71	Lc
85	72	Lc
85	73	Lc
85	74	Lc
85	75	-1
85	76	Lc
85	77	Lc
85	78	Lc
85	79	Lc
85	80	Lc
85	81	Lc
85	82	Lc
85	83	Lc
85	84	Uc
85	85	-1
85	86	Lc
85	87	Lc
85	88	Lc
85	89	Lcp
85	90	Lc
85	91	Lc
85	92	Lc
85	93	Lc
85	94	Lc
85	95	-1
85	96	Lc
85	97	Lc
85	98	Lc
85	99	-1
85	100	Lc
85	101	Lc
85	102	Lc
85	103	Uc
85	104	Uc
85	105	Lc
85	106	Lc
85	107	Lc
85	108	-1
85	109	-1
85	110	Lc
85	111	Lc
85	112	Lc
85	113	Lc
85	114	Lc
85	115	-1
85	116	Lc
85	117	Lc
85	118	-1
85	119	L
86	0	L
86	1	-1
86	2	Lc
86	3	-1
86	4	Lc
86	5	Lc
86	6	-1
86	7	L
86	8	-1
86	9	L
86	10	Lp
86	11	L
86	12	L
86	13	Lp
86	14	L
86	15	-1
86	16	Lc
86	17	Lc
86	18	Lc
86	19	Lc
86	20	Lc
86	21	L
86	22	L
86	23	L
86	24	L
86	25	-1
86	26	Lp
86	27	Lp
86	28	Lp
86	29	Lc
86	30	Lc
86	31	Lp
86	32	L
86	33	L
86	34	Lc
86	35	Lc
86	36	Lc
86	37	Lc
86	38	Lc
86	39	Lc
86	40	Lc
86	41	Lcp
86	42	Lcp
86	43	Lcp
86	44	Lcp
86	45	Lcp
86	46	Lcp
86	47	Lcp
86	48	Lcp
86	49	-1
86	50	Lc
86	51	-1
86	52	Lc
86	53	Lc
86	54	Lcp
86	55	Lc
86	56	Lp
86	57	Lc
86	58	Lp
86	59	Lp
86	60	Lcp
86	61	Lcp
86	62	Lcp
86	63	Lcp
86	64	Lc
86	65	Lp
86	66	U
86	67	U
86	68	-1
86	69	Lp
86	70	Lp
86	71	-1
86	72	Lc
86	73	Lc
86	74	Lc
86	75	Lc
86	76	Lc
86	77	Lc
86	78	-1
86	79	Lp
86	80	Lc
86	81	Lc
86	82	Lc
86	83	Lc
86	84	Uc
86	85	Lcp
86	86	Lcp
86	87	-1
86	88	Lcp
86	89	Lcp
86	90	Lc
86	91	Lc
86	92	Lc
86	93	Lc
86	94	Lc
86	95	Lc
86	96	Lc
86	97	Lc
86	98	Lc
86	99	Lc
86	100	-1
86	101	Lc
86	102	Lc
86	103	Lc
86	104	Uc
86	105	Uc
86	106	Lc
86	107	Lc
86	108	Lc
86	109	Lc
86	110	Lc
86	111	Lc
86	112	Lc
86	113	-1
86	114	Lc
86	115	Lc
86	116	Lc
86	117	-1
86	118	Lc
86	119	Lc
87	0	Lc
87	1	Lc
87	2	Lc
87	3	Lc
87	4	L
87	5	L
87	6	Lc
87	7	L
87	8	L
87	9	L
87	10	Lp
87	11	L
87	12	L
87	13	L
87	14	-1
87	15	-1
87	16	Lc
87	17	Lc
87	18	Uc
87	19	Lc
87	20	Lc
87	21	L
87	22	L
87	23	L
87	24	L
87	25	Lp
87	26	Lp
87	27	Lp
87	28	Lc
87	29	Lc
87	30	Lc
87	31	Lp
87	32	Lc
87	33	Lc
87	34	Lc
87	35	-1
87	36	Uc
87	37	Lc
87	38	Lc
87	39	Lc
87	40	Lcp
87	41	Lc
87	42	Lcp
87	43	Lcp
87	44	Lcp
87	45	Lcp
87	46	Lcp
87	47	Lcp
87	48	Lc
87	49	Lcp
87	50	Lc
87	51	Lc
87	52	Lc
87	53	Lc
87	54	Lc
87	55	-1
87	56	Lp
87	57	Lc
87	58	Lc
87	59	Lc
87	60	Lcp
87	61	Lcp
87	62	Lcp
87	63	Lcp
87	64	Lcp
87	65	Lc
87	66	Lp
87	67	U
87	68	U
87	69	Lp
87	70	U
87	71	Lp
87	72	Lc
87	73	-1
87	74	Lc
87	75	Lc
87	76	Lp
87	77	Lc
87	78	Lc
87	79	-1
87	80	Lp
87	81	Lc
87	82	Lc
87	83	Lc
87	84	Lc
87	85	Lcp
87	86	Lcp
87	87	Lcp
87	88	Lcp
87	89	Lcp
87	90	Lc
87	91	Lc
87	92	Lc
87	93	Lc
87	94	Lc
87	95	Lc
87	96	Lc
87	97	-1
87	98	Lc
87	99	L
87	100	Lc
87	101	Lc
87	102	Lc
87	103	-1
87	104	Lc
87	105	-1
87	106	-1
87	107	Lc
87	108	Lc
87	109	Lc
87	110	Lc
87	111	Lc
87	112	Lc
87	113	-1
87	114	Lc
87	115	-1
87	116	Lc
87	117	Lc
87	118	-1
87	119	Lc
88	0	Lc
88	1	-1
88	2	Lc
88	3	L
88	4	Lc
88	5	L
88	6	L
88	7	-1
88	8	L
88	9	Lp
88	10	Lp
88	11	Lp
88	12	L
88	13	-1
88	14	Lc
88	15	-1
88	16	Lp
88	17	Lp
88	18	Lp
88	19	Lc
88	20	Lc
88	21	Lc
88	22	L
88	23	L
88	24	L
88	25	Lp
88	26	Lp
88	27	Lp
88	28	Lp
88	29	-1
88	30	Lc
88	31	Uc
88	32	Lc
88	33	Lc
88	34	Lc
88	35	Uc
88	36	Lc
88	37	Lc
88	38	Lc
88	39	U
88	40	Lc
88	41	Lc
88	42	Lcp
88	43	Lcp
88	44	Lcp
88	45	Lcp
88	46	Lcp
88	47	Lcp
88	48	Lcp
88	49	-1
88	50	Lc
88	51	Lc
88	52	Lc
88	53	Lc
88	54	Lc
88	55	-1
88	56	-1
88	57	Lc
88	58	Lc
88	59	Lc
88	60	Lp
88	61	Lcp
88	62	Lc
88	63	Lc
88	64	Lcp
88	65	Lc
88	66	Lcp
88	67	Lc
88	68	U
88	69	U
88	70	-1
88	71	Lcp
88	72	Uc
88	73	Lc
88	74	Lcp
88	75	Lp
88	76	Lp
88	77	Lc
88	78	Lc
88	79	Lp
88	80	Lc
88	81	Lp
88	82	-1
88	83	Lc
88	84	Lc
88	85	Lc
88	86	Lcp
88	87	L
88	88	Lcp
88	89	Lcp
88	90	Lc
88	91	L
88	92	L
88	93	Lc
88	94	Lc
88	95	Lc
88	96	-1
88	97	Lc
88	98	L
88	99	L
88	100	Lc
88	101	Lc
88	102	Lc
88	103	-1
88	104	Lc
88	105	Lc
88	106	Uc
88	107	Lc
88	108	Lc
88	109	Lc
88	110	Lc
88	111	-1
88	112	-1
88	113	-1
88	114	Lc
88	115	Uc
88	116	Lc
88	117	Lc
88	118	Lc
88	119	Lc
89	0	-1
89	1	Uc
89	2	Lc
89	3	L
89	4	L
89	5	L
89	6	L
89	7	L
89	8	L
89	9	Lp
89	10	Lp
89	11	Lp
89	12	L
89	13	L
89	14	Lp
89	15	Lc
89	16	Lp
89	17	-1
89	18	Lp
89	19	Lc
89	20	Lc
89	21	Lp
89	22	L
89	23	L
89	24	Lp
89	25	L
89	26	Lp
89	27	-1
89	28	Lp
89	29	Lc
89	30	Lc
89	31	Uc
89	32	-1
89	33	Uc
89	34	Uc
89	35	Lc
89	36	-1
89	37	Lc
89	38	L
89	39	U
89	40	U
89	41	Lc
89	42	Lc
89	43	Lcp
89	44	Lcp
89	45	Lc
89	46	Lc
89	47	Lc
89	48	-1
89	49	-1
89	50	Lc
89	51	Lc
89	52	Lc
89	53	Lc
89	54	-1
89	55	Lc
89	56	Lc
89	57	-1
89	58	Lp
89	59	Lp
89	60	Lcp
89	61	Lp
89	62	Uc
89	63	Lc
89	64	Lc
89	65	Lc
89	66	Lc
89	67	Lcp
89	68	Lcp
89	69	U
89	70	Lcp
89	71	Lcp
89	72	Lcp
89	73	Lcp
89	74	Lc
89	75	Lp
89	76	Lcp
89	77	-1
89	78	Lp
89	79	Lp
89	80	Lp
89	81	Lp
89	82	-1
89	83	Lc
89	84	Lc
89	85	Lcp
89	86	L
89	87	L
89	88	L
89	89	L
89	90	Lc
89	91	L
89	92	L
89	93	Lc
89	94	Lc
89	95	Lc
89	96	Lc
89	97	L
89	98	Lc
89	99	L
89	100	L
89	101	Lc
89	102	Lc
89	103	Lc
89	104	Lc
89	105	Uc
89	106	Lc
89	107	Lc
89	108	Lc
89	109	Lc
89	110	Lc
89	111	Lc
89	112	Lc
89	113	Lc
89	114	Lc
89	115	Lc
89	116	Lc
89	117	Lc
89	118	Lc
89	119	Uc
90	0	Uc
90	1	Uc
90	2	Lc
90	3	L
90	4	L
90	5	L
90	6	L
90	7	-1
90	8	-1
90	9	Uc
90	10	-1
90	11	Uc
90	12	Lp
90	13	Lp
90	14	Lp
90	15	Lp
90	16	-1
90	17	Lc
90	18	Lp
90	19	Lp
90	20	-1
90	21	Lp
90	22	Lp
90	23	Lp
90	24	-1
90	25	Lp
90	26	L
90	27	Lp
90	28	Lp
90	29	Lp
90	30	Lc
90	31	Lc
90	32	Lc
90	33	-1
90	34	Lc
90	35	Lc
90	36	Lc
90	37	Lc
90	38	Lc
90	39	U
90	40	-1
90	41	Lc
90	42	Lc
90	43	Lc
90	44	-1
90	45	Lc
90	46	Lc
90	47	Lc
90	48	Lcp
90	49	Lc
90	50	Lc
90	51	Lc
90	52	Lc
90	53	Lc
90	54	Lc
90	55	L
90	56	L
90	57	Lc
90	58	Lp
90	59	Lp
90	60	Lp
90	61	-1
90	62	Lp
90	63	Uc
90	64	Lcp
90	65	Lcp
90	66	Lcp
90	67	Lc
90	68	Lp
90	69	Lp
90	70	Lp
90	71	Lcp
90	72	Lcp
90	73	Lp
90	74	Lcp
90	75	Lcp
90	76	Lcp
90	77	Lcp
90	78	Lc
90	79	Lp
90	80	Lp
90	81	Lc
90	82	Lp
90	83	Uc
90	84	Lc
90	85	Uc
90	86	L
90	87	L
90	88	L
90	89	L
90	90	L
90	91	L
90	92	L
90	93	Lc
90	94	Lc
90	95	-1
90	96	Lc
90	97	Lc
90	98	Lc
90	99	Lc
90	100	Lc
90	101	Lc
90	102	Lc
90	103	Lc
90	104	Lc
90	105	Lc
90	106	Lc
90	107	Lc
90	108	Lc
90	109	Lc
90	110	Lc
90	111	Lc
90	112	Lc
90	113	Lc
90	114	Lc
90	115	Lc
90	116	Lc
90	117	Lc
90	118	Lc
90	119	-1
91	0	Uc
91	1	Lc
91	2	Uc
91	3	L
91	4	L
91	5	L
91	6	L
91	7	L
91	8	-1
91	9	-1
91	10	Uc
91	11	Uc
91	12	Lc
91	13	Lc
91	14	-1
91	15	-1
91	16	Lp
91	17	Lc
91	18	Lp
91	19	Lp
91	20	Lp
91	21	Lp
91	22	Lp
91	23	Lp
91	24	Lp
91	25	-1
91	26	L
91	27	L
91	28	Lp
91	29	Lp
91	30	Lc
91	31	Lc
91	32	Lc
91	33	Lc
91	34	-1
91	35	Lc
91	36	Lc
91	37	Lc
91	38	Lc
91	39	Lc
91	40	Lc
91	41	Lc
91	42	Lc
91	43	Lcp
91	44	Lc
91	45	Lc
91	46	Lcp
91	47	Lc
91	48	Lcp
91	49	Lc
91	50	Lc
91	51	Lc
91	52	Lc
91	53	Lc
91	54	L
91	55	Lc
91	56	-1
91	57	Lp
91	58	L
91	59	Lp
91	60	Lp
91	61	Lp
91	62	Lp
91	63	Lp
91	64	Uc
91	65	Lcp
91	66	Lcp
91	67	Lc
91	68	Lcp
91	69	Lp
91	70	Lp
91	71	Lp
91	72	Lcp
91	73	Lp
91	74	Lcp
91	75	Lp
91	76	-1
91	77	Lcp
91	78	Lcp
91	79	Lcp
91	80	Lp
91	81	Lp
91	82	Lc
91	83	Lcp
91	84	Uc
91	85	Uc
91	86	Lc
91	87	L
91	88	L
91	89	L
91	90	-1
91	91	L
91	92	Lc
91	93	Lc
91	94	-1
91	95	-1
91	96	Lc
91	97	-1
91	98	L
91	99	Lc
91	100	Lc
91	101	Lc
91	102	Lc
91	103	Lc
91	104	Lc
91	105	Lc
91	106	Lc
91	107	Lc
91	108	Lc
91	109	Lc
91	110	Lc
91	111	Lc
91	112	Lc
91	113	Lc
91	114	Lc
91	115	Lc
91	116	Lc
91	117	Lc
91	118	Lc
91	119	Lc
92	0	Lc
92	1	-1
92	2	Uc
92	3	Lc
92	4	L
92	5	L
92	6	L
92	7	-1
92	8	Lc
92	9	U
92	10	Lc
92	11	Lp
92	12	-1
92	13	-1
92	14	Lp
92	15	-1
92	16	Lp
92	17	Lc
92	18	-1
92	19	Lp
92	20	Lp
92	21	-1
92	22	Lp
92	23	-1
92	24	Lp
92	25	Lp
92	26	Lp
92	27	Lp
92	28	L
92	29	-1
92	30	Lc
92	31	Lp
92	32	L
92	33	L
92	34	Lc
92	35	Lc
92	36	Lc
92	37	Lc
92	38	Lc
92	39	-1
92	40	Lc
92	41	Lc
92	42	Lcp
92	43	Lcp
92	44	-1
92	45	Lc
92	46	Lc
92	47	Lcp
92	48	Lcp
92	49	Lcp
92	50	Lcp
92	51	-1
92	52	Lc
92	53	Lc
92	54	L
92	55	Lc
92	56	Lp
92	57	L
92	58	-1
92	59	Lp
92	60	Lp
92	61	U
92	62	Lp
92	63	Lp
92	64	Lp
92	65	Lcp
92	66	Lcp
92	67	Lcp
92	68	Lc
92	69	-1
92	70	Lp
92	71	-1
92	72	Lcp
92	73	Lp
92	74	-1
92	75	Lc
92	76	-1
92	77	Lc
92	78	Lc
92	79	Lc
92	80	Lcp
92	81	Lcp
92	82	-1
92	83	Lcp
92	84	Lcp
92	85	Lcp
92	86	Uc
92	87	Uc
92	88	L
92	89	-1
92	90	L
92	91	L
92	92	L
92	93	Lc
92	94	Lc
92	95	L
92	96	L
92	97	L
92	98	L
92	99	Lc
92	100	Lc
92	101	Lc
92	102	Lc
92	103	Lc
92	104	Lc
92	105	Lc
92	106	Lc
92	107	Lc
92	108	Lc
92	109	Lc
92	110	Uc
92	111	Lc
92	112	-1
92	113	Lc
92	114	-1
92	115	-1
92	116	Lc
92	117	Lc
92	118	Lc
92	119	Lc
93	0	Lc
93	1	Uc
93	2	Lc
93	3	-1
93	4	Lc
93	5	L
93	6	-1
93	7	-1
93	8	Lc
93	9	U
93	10	Lc
93	11	Lp
93	12	Lp
93	13	Lp
93	14	Lp
93	15	Lp
93	16	Lp
93	17	Lp
93	18	Lc
93	19	Lp
93	20	Lp
93	21	Lp
93	22	Lp
93	23	Lp
93	24	Lp
93	25	Lp
93	26	Lp
93	27	-1
93	28	Lp
93	29	Lp
93	30	Lp
93	31	Lp
93	32	-1
93	33	-1
93	34	L
93	35	L
93	36	-1
93	37	Lc
93	38	Lc
93	39	-1
93	40	Lc
93	41	Lc
93	42	Lc
93	43	-1
93	44	Lc
93	45	Lc
93	46	-1
93	47	Lc
93	48	-1
93	49	-1
93	50	Lc
93	51	Lc
93	52	Lc
93	53	Lc
93	54	Lc
93	55	L
93	56	L
93	57	Lcp
93	58	Lp
93	59	U
93	60	U
93	61	Lp
93	62	-1
93	63	Lp
93	64	Lp
93	65	Lcp
93	66	Lcp
93	67	-1
93	68	Lcp
93	69	Lc
93	70	-1
93	71	-1
93	72	-1
93	73	Lcp
93	74	Lcp
93	75	Lc
93	76	Lc
93	77	Lc
93	78	Lc
93	79	Lc
93	80	-1
93	81	Lcp
93	82	Lcp
93	83	Lcp
93	84	Lcp
93	85	-1
93	86	-1
93	87	Lc
93	88	Lc
93	89	-1
93	90	-1
93	91	L
93	92	L
93	93	L
93	94	L
93	95	L
93	96	L
93	97	Lc
93	98	Lc
93	99	Lc
93	100	-1
93	101	Lc
93	102	Lc
93	103	Lc
93	104	Lc
93	105	Lc
93	106	Lc
93	107	Lc
93	108	Lc
93	109	Lc
93	110	-1
93	111	Lc
93	112	Lc
93	113	Lc
93	114	Lc
93	115	Lc
93	116	Lc
93	117	-1
93	118	Lc
93	119	Lc
94	0	-1
94	1	-1
94	2	Uc
94	3	Lc
94	4	L
94	5	Lc
94	6	Lc
94	7	Lc
94	8	U
94	9	U
94	10	U
94	11	Lp
94	12	Lc
94	13	Lc
94	14	Lp
94	15	Lc
94	16	Lp
94	17	Lc
94	18	Lp
94	19	Lc
94	20	Lp
94	21	Lp
94	22	L
94	23	Lp
94	24	Lp
94	25	L
94	26	Lp
94	27	Lp
94	28	Lp
94	29	Lp
94	30	-1
94	31	L
94	32	Uc
94	33	L
94	34	Uc
94	35	-1
94	36	Lc
94	37	Lc
94	38	Lc
94	39	Lc
94	40	Lc
94	41	Lc
94	42	Lc
94	43	Lc
94	44	Lc
94	45	Lc
94	46	Lc
94	47	Lc
94	48	Lcp
94	49	Lc
94	50	Lc
94	51	Lc
94	52	Lc
94	53	Lc
94	54	-1
94	55	Lc
94	56	Lc
94	57	Lc
94	58	Lcp
94	59	Lp
94	60	U
94	61	L
94	62	L
94	63	Lp
94	64	Lp
94	65	Lc
94	66	Lcp
94	67	Lc
94	68	Lc
94	69	Lc
94	70	Uc
94	71	-1
94	72	Lc
94	73	Lcp
94	74	Lcp
94	75	Lcp
94	76	-1
94	77	Lc
94	78	Lc
94	79	Lc
94	80	Lc
94	81	Lcp
94	82	Lcp
94	83	-1
94	84	Lcp
94	85	Lcp
94	86	-1
94	87	Lc
94	88	Lc
94	89	L
94	90	L
94	91	L
94	92	-1
94	93	L
94	94	L
94	95	L
94	96	Lc
94	97	Lc
94	98	Lc
94	99	Lc
94	100	L
94	101	Lc
94	102	Lc
94	103	Lc
94	104	Lc
94	105	Lc
94	106	Lc
94	107	Lc
94	108	Lc
94	109	Lc
94	110	Lc
94	111	Lc
94	112	-1
94	113	-1
94	114	Lc
94	115	Lc
94	116	Lc
94	117	Lc
94	118	Lc
94	119	Lc
95	0	-1
95	1	-1
95	2	-1
95	3	L
95	4	L
95	5	L
95	6	L
95	7	Uc
95	8	U
95	9	U
95	10	Lc
95	11	Lp
95	12	Lc
95	13	Lp
95	14	Lc
95	15	Lc
95	16	Lc
95	17	Lp
95	18	-1
95	19	Lc
95	20	Lc
95	21	Lc
95	22	Lp
95	23	L
95	24	L
95	25	L
95	26	L
95	27	Lp
95	28	-1
95	29	Lp
95	30	U
95	31	L
95	32	L
95	33	L
95	34	Lc
95	35	Lc
95	36	Lc
95	37	Lc
95	38	Lc
95	39	Lc
95	40	Lc
95	41	Lc
95	42	Lc
95	43	Lc
95	44	-1
95	45	Lc
95	46	Lc
95	47	Lc
95	48	Lcp
95	49	Lc
95	50	Lc
95	51	Lc
95	52	Lc
95	53	Lc
95	54	Lc
95	55	-1
95	56	Lc
95	57	Lp
95	58	Lc
95	59	Lc
95	60	L
95	61	U
95	62	Lp
95	63	Lp
95	64	Lp
95	65	Lp
95	66	Lc
95	67	Lc
95	68	Lc
95	69	Lc
95	70	Uc
95	71	-1
95	72	-1
95	73	Lcp
95	74	Lcp
95	75	Lcp
95	76	Lc
95	77	-1
95	78	-1
95	79	Lcp
95	80	Lcp
95	81	Lc
95	82	Lc
95	83	Lcp
95	84	Lc
95	85	Uc
95	86	Uc
95	87	Uc
95	88	L
95	89	L
95	90	L
95	91	L
95	92	L
95	93	L
95	94	Lc
95	95	-1
95	96	Lc
95	97	-1
95	98	Lc
95	99	L
95	100	L
95	101	Lc
95	102	Lc
95	103	Uc
95	104	Lc
95	105	Lc
95	106	Lc
95	107	-1
95	108	Lc
95	109	Lc
95	110	Lc
95	111	Lc
95	112	-1
95	113	-1
95	114	-1
95	115	Lc
95	116	Lc
95	117	Lc
95	118	Lc
95	119	Lc
96	0	L
96	1	Lc
96	2	L
96	3	L
96	4	L
96	5	L
96	6	L
96	7	Uc
96	8	-1
96	9	Lc
96	10	Uc
96	11	Lc
96	12	Lc
96	13	-1
96	14	Lc
96	15	Lc
96	16	Lp
96	17	Lp
96	18	-1
96	19	Lp
96	20	Lc
96	21	-1
96	22	Lc
96	23	L
96	24	L
96	25	L
96	26	L
96	27	L
96	28	Lp
96	29	Lp
96	30	L
96	31	L
96	32	L
96	33	L
96	34	-1
96	35	Lc
96	36	Lc
96	37	Lc
96	38	Lc
96	39	Lc
96	40	Lc
96	41	Lc
96	42	Lc
96	43	Lc
96	44	Lc
96	45	Lc
96	46	Lc
96	47	Lc
96	48	Lc
96	49	Lc
96	50	Lc
96	51	Lc
96	52	Lc
96	53	Lc
96	54	Lc
96	55	Lc
96	56	Lc
96	57	Lcp
96	58	Lcp
96	59	Lc
96	60	Lc
96	61	Lc
96	62	Lp
96	63	Lp
96	64	Lc
96	65	Lc
96	66	Lc
96	67	Lc
96	68	Lc
96	69	-1
96	70	Lc
96	71	Lc
96	72	Lc
96	73	Lc
96	74	Lcp
96	75	Lcp
96	76	Lc
96	77	-1
96	78	Lc
96	79	Lc
96	80	Lcp
96	81	Lc
96	82	Lcp
96	83	Lc
96	84	Lc
96	85	Lcp
96	86	Lc
96	87	-1
96	88	Lc
96	89	Lc
96	90	L
96	91	L
96	92	L
96	93	L
96	94	Lc
96	95	Lc
96	96	Lc
96	97	Uc
96	98	Uc
96	99	Uc
96	100	Uc
96	101	Uc
96	102	Uc
96	103	Lc
96	104	Lc
96	105	Lc
96	106	Lc
96	107	Lc
96	108	Lc
96	109	Lc
96	110	Lc
96	111	Lc
96	112	Lc
96	113	-1
96	114	Lc
96	115	Lc
96	116	Lc
96	117	Lc
96	118	-1
96	119	Lc
97	0	L
97	1	L
97	2	L
97	3	L
97	4	L
97	5	L
97	6	L
97	7	L
97	8	L
97	9	Lc
97	10	Lc
97	11	Lc
97	12	Lc
97	13	-1
97	14	Lc
97	15	Lc
97	16	Lc
97	17	Lc
97	18	Lp
97	19	Lp
97	20	Lp
97	21	Lp
97	22	Lc
97	23	-1
97	24	L
97	25	L
97	26	L
97	27	Lp
97	28	Lp
97	29	-1
97	30	L
97	31	L
97	32	L
97	33	Lc
97	34	Lc
97	35	Lc
97	36	Lc
97	37	Lc
97	38	Lc
97	39	Lc
97	40	Lc
97	41	Lc
97	42	Lc
97	43	-1
97	44	Lc
97	45	Lc
97	46	Lc
97	47	Lc
97	48	Lc
97	49	Lc
97	50	Lc
97	51	Lc
97	52	Lc
97	53	Lc
97	54	Lc
97	55	Lc
97	56	Lc
97	57	Lc
97	58	Lcp
97	59	Lcp
97	60	-1
97	61	-1
97	62	Lc
97	63	Lc
97	64	-1
97	65	Lc
97	66	Lc
97	67	-1
97	68	-1
97	69	Lc
97	70	Lc
97	71	Lc
97	72	Lc
97	73	Lc
97	74	-1
97	75	Lc
97	76	Lc
97	77	Lc
97	78	Lc
97	79	-1
97	80	Lc
97	81	Lcp
97	82	Lcp
97	83	Lc
97	84	Lc
97	85	Lc
97	86	-1
97	87	Lc
97	88	Lc
97	89	Lc
97	90	Lc
97	91	-1
97	92	-1
97	93	L
97	94	-1
97	95	Lc
97	96	Uc
97	97	Lc
97	98	Uc
97	99	Lc
97	100	Uc
97	101	Uc
97	102	Lc
97	103	Lc
97	104	Lc
97	105	Lc
97	106	Lc
97	107	Lc
97	108	Lc
97	109	Lc
97	110	Lc
97	111	Lc
97	112	Lc
97	113	-1
97	114	Lc
97	115	Lc
97	116	Lc
97	117	L
97	118	L
97	119	Lc
98	0	L
98	1	L
98	2	L
98	3	L
98	4	L
98	5	L
98	6	L
98	7	-1
98	8	L
98	9	Lc
98	10	Lc
98	11	Lc
98	12	Lc
98	13	Lc
98	14	Lc
98	15	Lc
98	16	-1
98	17	-1
98	18	Lp
98	19	Lp
98	20	Lp
98	21	Lp
98	22	Lc
98	23	Lp
98	24	Lp
98	25	-1
98	26	L
98	27	L
98	28	-1
98	29	L
98	30	L
98	31	L
98	32	-1
98	33	Lc
98	34	Lc
98	35	Lc
98	36	Lc
98	37	Lc
98	38	-1
98	39	Lc
98	40	Lc
98	41	Lc
98	42	Lc
98	43	Lc
98	44	Lc
98	45	Lc
98	46	Lc
98	47	Lc
98	48	Lc
98	49	Lc
98	50	-1
98	51	Lc
98	52	Lc
98	53	Lc
98	54	-1
98	55	Lc
98	56	Lc
98	57	Lc
98	58	Lc
98	59	Lcp
98	60	Lcp
98	61	Lcp
98	62	Lc
98	63	-1
98	64	Lc
98	65	Lc
98	66	Lc
98	67	-1
98	68	-1
98	69	Lc
98	70	Lc
98	71	Lc
98	72	Lc
98	73	Lc
98	74	Lc
98	75	-1
98	76	Lc
98	77	Lc
98	78	Lc
98	79	Lc
98	80	Lc
98	81	Lc
98	82	Lc
98	83	Lc
98	84	Lc
98	85	Lc
98	86	Lc
98	87	Lc
98	88	Lc
98	89	Lc
98	90	Lc
98	91	Lc
98	92	L
98	93	-1
98	94	Lc
98	95	Lc
98	96	Lc
98	97	Lc
98	98	Lc
98	99	Lc
98	100	Uc
98	101	Uc
98	102	Lc
98	103	Lc
98	104	Lc
98	105	-1
98	106	Lc
98	107	Lc
98	108	Lc
98	109	Lc
98	110	Lc
98	111	-1
98	112	Lc
98	113	Lc
98	114	Lc
98	115	Lc
98	116	Lc
98	117	L
98	118	Lc
98	119	L
99	0	L
99	1	L
99	2	L
99	3	L
99	4	L
99	5	L
99	6	L
99	7	L
99	8	Lc
99	9	L
99	10	Lc
99	11	-1
99	12	Lc
99	13	Lc
99	14	-1
99	15	Lc
99	16	Lc
99	17	Lp
99	18	Lp
99	19	-1
99	20	Lp
99	21	Lp
99	22	Lp
99	23	Lp
99	24	Lp
99	25	L
99	26	-1
99	27	L
99	28	L
99	29	-1
99	30	-1
99	31	L
99	32	-1
99	33	Lc
99	34	Lc
99	35	-1
99	36	Lc
99	37	-1
99	38	Lc
99	39	Lc
99	40	Lc
99	41	Lc
99	42	Uc
99	43	-1
99	44	Lc
99	45	Lc
99	46	Lc
99	47	Lc
99	48	Lc
99	49	Lc
99	50	Lc
99	51	-1
99	52	Lc
99	53	Lc
99	54	Lc
99	55	Lc
99	56	Lc
99	57	-1
99	58	Lc
99	59	Lc
99	60	Lc
99	61	Lc
99	62	Lc
99	63	Lc
99	64	Lc
99	65	Lc
99	66	Lc
99	67	Uc
99	68	Lc
99	69	Lc
99	70	Lc
99	71	Lc
99	72	Lc
99	73	-1
99	74	Lc
99	75	Lc
99	76	Lc
99	77	Lc
99	78	Lc
99	79	Lc
99	80	Lc
99	81	Lc
99	82	Lc
99	83	Lc
99	84	Lc
99	85	Lc
99	86	-1
99	87	-1
99	88	Lc
99	89	Lc
99	90	Lc
99	91	Lc
99	92	-1
99	93	Lc
99	94	-1
99	95	Lc
99	96	Lc
99	97	-1
99	98	Lc
99	99	Lc
99	100	Uc
99	101	Uc
99	102	Lc
99	103	Lc
99	104	-1
99	105	Lc
99	106	Lc
99	107	Lc
99	108	Lc
99	109	Lc
99	110	Lc
99	111	Lc
99	112	Lc
99	113	Lc
99	114	-1
99	115	-1
99	116	L
99	117	L
99	118	L
99	119	L
100	0	L
100	1	L
100	2	L
100	3	-1
100	4	L
100	5	L
100	6	L
100	7	L
100	8	Lc
100	9	Lc
100	10	Lc
100	11	Lc
100	12	Lc
100	13	Lc
100	14	Lc
100	15	Lc
100	16	Lc
100	17	Lc
100	18	Lp
100	19	Lp
100	20	Lp
100	21	Lp
100	22	Lp
100	23	-1
100	24	Lp
100	25	Lc
100	26	L
100	27	-1
100	28	-1
100	29	L
100	30	L
100	31	L
100	32	Lc
100	33	Lc
100	34	Lc
100	35	Lc
100	36	Lc
100	37	Lc
100	38	Lc
100	39	Lc
100	40	-1
100	41	Uc
100	42	Lc
100	43	Uc
100	44	Lc
100	45	Uc
100	46	Lc
100	47	Lc
100	48	Lc
100	49	Lc
100	50	Lc
100	51	Lc
100	52	Lc
100	53	-1
100	54	Lc
100	55	Lc
100	56	Lc
100	57	Lc
100	58	Lc
100	59	Lc
100	60	Lc
100	61	Lc
100	62	Lcp
100	63	Lc
100	64	Lc
100	65	Lc
100	66	Lc
100	67	Lc
100	68	Lc
100	69	Lc
100	70	Lc
100	71	Lc
100	72	Lc
100	73	Lc
100	74	Lc
100	75	Lc
100	76	Lc
100	77	Lc
100	78	-1
100	79	Lc
100	80	Lc
100	81	Lc
100	82	Lc
100	83	-1
100	84	Lc
100	85	Lc
100	86	Lc
100	87	-1
100	88	Lc
100	89	Lc
100	90	Lc
100	91	Lc
100	92	Lc
100	93	L
100	94	Lc
100	95	L
100	96	Lc
100	97	Lc
100	98	Lc
100	99	Uc
100	100	-1
100	101	Lc
100	102	-1
100	103	Lc
100	104	Lc
100	105	Lc
100	106	Lc
100	107	Lc
100	108	Lc
100	109	Lc
100	110	Lc
100	111	Lc
100	112	-1
100	113	Lc
100	114	Lc
100	115	Lc
100	116	L
100	117	L
100	118	L
100	119	L
101	0	L
101	1	L
101	2	L
101	3	-1
101	4	L
101	5	-1
101	6	L
101	7	L
101	8	L
101	9	L
101	10	-1
101	11	Lc
101	12	Lc
101	13	Lc
101	14	Lc
101	15	Lc
101	16	Lc
101	17	Lp
101	18	Lp
101	19	Lp
101	20	Lp
101	21	Lp
101	22	-1
101	23	Lc
101	24	-1
101	25	Lp
101	26	L
101	27	L
101	28	-1
101	29	U
101	30	-1
101	31	-1
101	32	Lc
101	33	Lc
101	34	Lc
101	35	Lc
101	36	Lc
101	37	Uc
101	38	Lc
101	39	Uc
101	40	-1
101	41	Uc
101	42	Uc
101	43	Uc
101	44	-1
101	45	-1
101	46	Lc
101	47	Lc
101	48	Lc
101	49	Lc
101	50	Lc
101	51	Lc
101	52	Lc
101	53	-1
101	54	Lc
101	55	Lc
101	56	Lc
101	57	Lc
101	58	Lc
101	59	-1
101	60	Lc
101	61	Lcp
101	62	Lc
101	63	Lc
101	64	Lc
101	65	Lc
101	66	Lc
101	67	Lc
101	68	Lc
101	69	Lc
101	70	Lc
101	71	Lc
101	72	Lc
101	73	Lc
101	74	Lc
101	75	Lc
101	76	Lc
101	77	Lc
101	78	Lc
101	79	Lc
101	80	-1
101	81	Lc
101	82	Lc
101	83	Lc
101	84	Lc
101	85	Lc
101	86	Lc
101	87	Lc
101	88	Lc
101	89	Lc
101	90	Lc
101	91	Lc
101	92	Lc
101	93	L
101	94	Lc
101	95	Lc
101	96	Lc
101	97	Lc
101	98	-1
101	99	Lc
101	100	Lc
101	101	-1
101	102	Lc
101	103	Lc
101	104	Lc
101	105	Lc
101	106	Lc
101	107	Lc
101	108	-1
101	109	Lc
101	110	Lc
101	111	Lc
101	112	-1
101	113	-1
101	114	Lc
101	115	L
101	116	L
101	117	Lc
101	118	L
101	119	L
102	0	-1
102	1	Lc
102	2	-1
102	3	L
102	4	L
102	5	-1
102	6	Lc
102	7	Lc
102	8	L
102	9	L
102	10	Lc
102	11	Lc
102	12	L
102	13	Lc
102	14	Lc
102	15	Lc
102	16	Lp
102	17	Lp
102	18	Lp
102	19	Lp
102	20	Lp
102	21	Lc
102	22	Lp
102	23	Lc
102	24	Lc
102	25	L
102	26	-1
102	27	L
102	28	L
102	29	L
102	30	Lc
102	31	Lc
102	32	Lc
102	33	Lc
102	34	Lc
102	35	Lc
102	36	Lc
102	37	Uc
102	38	Uc
102	39	Uc
102	40	Uc
102	41	Uc
102	42	Uc
102	43	Uc
102	44	-1
102	45	Lc
102	46	Lc
102	47	Lc
102	48	Uc
102	49	Lc
102	50	Lcp
102	51	Lc
102	52	Lc
102	53	Lc
102	54	Lc
102	55	Lc
102	56	-1
102	57	Lc
102	58	Lc
102	59	Lc
102	60	Lcp
102	61	Lc
102	62	-1
102	63	Lc
102	64	Lc
102	65	L
102	66	Lcp
102	67	L
102	68	-1
102	69	Lc
102	70	Lc
102	71	Lc
102	72	Lc
102	73	-1
102	74	Lc
102	75	Lc
102	76	Lc
102	77	Lc
102	78	Lc
102	79	Lc
102	80	Lc
102	81	Lc
102	82	Lc
102	83	Lc
102	84	Lc
102	85	Uc
102	86	Lc
102	87	Lc
102	88	-1
102	89	Lc
102	90	Lc
102	91	Lc
102	92	L
102	93	Lc
102	94	L
102	95	-1
102	96	Lc
102	97	Lc
102	98	U
102	99	U
102	100	Lc
102	101	Lc
102	102	Lc
102	103	Lc
102	104	Lc
102	105	Lc
102	106	Lc
102	107	Lc
102	108	Lc
102	109	Lc
102	110	-1
102	111	Lc
102	112	Lc
102	113	-1
102	114	Lc
102	115	-1
102	116	-1
102	117	Lc
102	118	Lc
102	119	Lc
103	0	Lc
103	1	Lc
103	2	L
103	3	L
103	4	-1
103	5	-1
103	6	L
103	7	Lc
103	8	Lc
103	9	Lc
103	10	Lc
103	11	L
103	12	L
103	13	Lc
103	14	L
103	15	Lp
103	16	Lp
103	17	Lp
103	18	Lp
103	19	Lp
103	20	Lp
103	21	Lc
103	22	Lc
103	23	Lp
103	24	Lp
103	25	L
103	26	L
103	27	-1
103	28	L
103	29	L
103	30	Uc
103	31	Lc
103	32	Lc
103	33	Lc
103	34	Lc
103	35	-1
103	36	Uc
103	37	Uc
103	38	Uc
103	39	Uc
103	40	Lc
103	41	Lc
103	42	Lcp
103	43	Lc
103	44	Lc
103	45	Lc
103	46	Lc
103	47	Uc
103	48	Lc
103	49	-1
103	50	Lc
103	51	-1
103	52	Lcp
103	53	Lc
103	54	Lc
103	55	Lc
103	56	-1
103	57	Lc
103	58	Lc
103	59	Lc
103	60	Lc
103	61	Lc
103	62	Lc
103	63	Lc
103	64	Lc
103	65	Lc
103	66	L
103	67	L
103	68	L
103	69	Lc
103	70	Lc
103	71	Lc
103	72	Lc
103	73	Lc
103	74	-1
103	75	Lc
103	76	Lc
103	77	Lc
103	78	Lc
103	79	Lc
103	80	Lc
103	81	Lc
103	82	-1
103	83	-1
103	84	Uc
103	85	Uc
103	86	L
103	87	L
103	88	Lc
103	89	Lc
103	90	Lc
103	91	Lc
103	92	Lc
103	93	Lc
103	94	Lc
103	95	Lc
103	96	Lc
103	97	Lc
103	98	Lc
103	99	Lc
103	100	Lc
103	101	Lc
103	102	Lc
103	103	Lc
103	104	Lc
103	105	Lc
103	106	-1
103	107	Lc
103	108	-1
103	109	Uc
103	110	-1
103	111	Lc
103	112	Lc
103	113	Lc
103	114	Lc
103	115	Lc
103	116	Lc
103	117	Lc
103	118	Lc
103	119	Lc
104	0	Lc
104	1	Lc
104	2	L
104	3	L
104	4	L
104	5	L
104	6	U
104	7	-1
104	8	L
104	9	Lc
104	10	L
104	11	L
104	12	L
104	13	L
104	14	Lc
104	15	Lp
104	16	Lp
104	17	Lp
104	18	Lp
104	19	Lp
104	20	Lp
104	21	Lc
104	22	Uc
104	23	Lc
104	24	Lp
104	25	Lc
104	26	L
104	27	L
104	28	L
104	29	L
104	30	L
104	31	Lc
104	32	Lc
104	33	Lc
104	34	Lc
104	35	Lc
104	36	Uc
104	37	Uc
104	38	Uc
104	39	Uc
104	40	Uc
104	41	-1
104	42	Lcp
104	43	Lc
104	44	Lc
104	45	Uc
104	46	Lc
104	47	Uc
104	48	Lc
104	49	Lc
104	50	Uc
104	51	Lc
104	52	Lcp
104	53	Lc
104	54	Lc
104	55	Lc
104	56	Lc
104	57	Lc
104	58	Lc
104	59	Lc
104	60	Lc
104	61	Lc
104	62	Lc
104	63	Lc
104	64	Lc
104	65	Lc
104	66	Lc
104	67	-1
104	68	Lcp
104	69	-1
104	70	Lcp
104	71	Lc
104	72	Lc
104	73	Lc
104	74	Lc
104	75	Lc
104	76	Lc
104	77	Lc
104	78	Lc
104	79	Lc
104	80	Lc
104	81	-1
104	82	Lc
104	83	Lc
104	84	Lc
104	85	Lc
104	86	L
104	87	-1
104	88	-1
104	89	Lc
104	90	Lc
104	91	Lc
104	92	Lc
104	93	-1
104	94	Lc
104	95	Lc
104	96	-1
104	97	Lc
104	98	Lc
104	99	Lc
104	100	Lc
104	101	Lc
104	102	Lc
104	103	Lc
104	104	Lc
104	105	Lc
104	106	Lc
104	107	Lc
104	108	Uc
104	109	Lc
104	110	Lc
104	111	Lc
104	112	Lc
104	113	Lc
104	114	Lc
104	115	Lc
104	116	Lc
104	117	Lc
104	118	Lc
104	119	Lc
105	0	Lc
105	1	Lc
105	2	Lc
105	3	-1
105	4	-1
105	5	L
105	6	U
105	7	U
105	8	-1
105	9	-1
105	10	Lc
105	11	L
105	12	L
105	13	Lc
105	14	L
105	15	U
105	16	Lp
105	17	Lp
105	18	Lc
105	19	Lp
105	20	-1
105	21	Lc
105	22	Lp
105	23	-1
105	24	-1
105	25	Lc
105	26	Lc
105	27	L
105	28	-1
105	29	Lc
105	30	Lc
105	31	Lc
105	32	Lc
105	33	Lc
105	34	Lc
105	35	Lc
105	36	Lc
105	37	Lc
105	38	Lc
105	39	Lc
105	40	Lc
105	41	Lc
105	42	Lcp
105	43	Lcp
105	44	Lcp
105	45	Uc
105	46	Lcp
105	47	Lc
105	48	Lc
105	49	Lc
105	50	Lc
105	51	Lc
105	52	Lc
105	53	Uc
105	54	Lc
105	55	Lc
105	56	Lc
105	57	Lc
105	58	Lc
105	59	Lc
105	60	Lc
105	61	Lc
105	62	Lc
105	63	Lc
105	64	Lc
105	65	Lc
105	66	Lc
105	67	-1
105	68	Lp
105	69	Lp
105	70	Lcp
105	71	-1
105	72	Lc
105	73	Lc
105	74	Lc
105	75	Lc
105	76	Lc
105	77	-1
105	78	Lc
105	79	Uc
105	80	Lc
105	81	-1
105	82	Lc
105	83	Lc
105	84	Lc
105	85	L
105	86	L
105	87	-1
105	88	Lc
105	89	Lc
105	90	L
105	91	Lc
105	92	Lc
105	93	Lc
105	94	Lc
105	95	Lc
105	96	Lc
105	97	Lc
105	98	Lc
105	99	Lc
105	100	Lc
105	101	-1
105	102	-1
105	103	Lc
105	104	Lc
105	105	Lc
105	106	Lc
105	107	Lc
105	108	Lc
105	109	Lc
105	110	Lc
105	111	-1
105	112	Lc
105	113	Lc
105	114	Lc
105	115	Lc
105	116	Lc
105	117	Lc
105	118	Lc
105	119	-1
106	0	Lc
106	1	Lc
106	2	Lc
106	3	Lc
106	4	Lc
106	5	Lc
106	6	U
106	7	U
106	8	Lc
106	9	Lc
106	10	Lc
106	11	Lc
106	12	Lc
106	13	Lc
106	14	-1
106	15	Lp
106	16	Lp
106	17	Lp
106	18	Lc
106	19	Lc
106	20	Uc
106	21	L
106	22	Lp
106	23	Lp
106	24	Lc
106	25	Lc
106	26	Lc
106	27	Lc
106	28	Lc
106	29	Lc
106	30	Lc
106	31	Lc
106	32	Lc
106	33	Lc
106	34	-1
106	35	-1
106	36	Lc
106	37	Lc
106	38	-1
106	39	Lc
106	40	Lc
106	41	Lc
106	42	Lcp
106	43	Lcp
106	44	Lc
106	45	Lcp
106	46	Lc
106	47	Lc
106	48	Lc
106	49	Uc
106	50	Lc
106	51	Uc
106	52	Lc
106	53	Lc
106	54	Lc
106	55	Lc
106	56	-1
106	57	Lc
106	58	Lc
106	59	Lc
106	60	Lc
106	61	-1
106	62	Lc
106	63	Lc
106	64	Lc
106	65	-1
106	66	Lc
106	67	Lc
106	68	Lc
106	69	Lp
106	70	Lp
106	71	Lc
106	72	Lc
106	73	Lc
106	74	Lc
106	75	-1
106	76	Lc
106	77	Lc
106	78	Lc
106	79	Lc
106	80	-1
106	81	-1
106	82	Lc
106	83	Lc
106	84	Lc
106	85	L
106	86	L
106	87	Lc
106	88	Lc
106	89	Lc
106	90	L
106	91	Lc
106	92	Lc
106	93	Lc
106	94	-1
106	95	Lc
106	96	Lc
106	97	Lc
106	98	Lc
106	99	Lc
106	100	-1
106	101	Lc
106	102	-1
106	103	Lc
106	104	Lc
106	105	Lc
106	106	Lc
106	107	-1
106	108	Lc
106	109	Lc
106	110	-1
106	111	Lc
106	112	Lc
106	113	Lc
106	114	Uc
106	115	Lc
106	116	Lc
106	117	Lc
106	118	Lc
106	119	-1
107	0	Lc
107	1	Lc
107	2	Lc
107	3	Lc
107	4	L
107	5	-1
107	6	L
107	7	Lc
107	8	Lc
107	9	Lc
107	10	-1
107	11	Lc
107	12	Lc
107	13	Lc
107	14	L
107	15	-1
107	16	Lp
107	17	Lp
107	18	-1
107	19	Lc
107	20	Lc
107	21	Lc
107	22	Lp
107	23	Lp
107	24	Lc
107	25	Lc
107	26	Lc
107	27	Lc
107	28	Lc
107	29	-1
107	30	-1
107	31	Lc
107	32	-1
107	33	Lc
107	34	-1
107	35	Lc
107	36	Lc
107	37	Lc
107	38	Lc
107	39	Lc
107	40	Lc
107	41	Lc
107	42	Lc
107	43	Lcp
107	44	Lc
107	45	Lc
107	46	Lcp
107	47	Lcp
107	48	Lcp
107	49	Lcp
107	50	Lc
107	51	-1
107	52	Lc
107	53	Lc
107	54	Lc
107	55	Lc
107	56	Lc
107	57	Lc
107	58	Lc
107	59	Lc
107	60	Lc
107	61	Lc
107	62	Lc
107	63	Lc
107	64	Lc
107	65	Lc
107	66	Lc
107	67	Lc
107	68	Lp
107	69	Lc
107	70	Lp
107	71	Lp
107	72	Lp
107	73	Lc
107	74	Lc
107	75	Lc
107	76	Lc
107	77	Lc
107	78	Lc
107	79	Lc
107	80	Lc
107	81	Lc
107	82	Uc
107	83	Lc
107	84	-1
107	85	Lc
107	86	Lc
107	87	Lc
107	88	Lc
107	89	L
107	90	Lc
107	91	Lc
107	92	Lc
107	93	L
107	94	L
107	95	Lc
107	96	Lc
107	97	Lc
107	98	Lc
107	99	Lc
107	100	Uc
107	101	Uc
107	102	-1
107	103	Lc
107	104	-1
107	105	Lc
107	106	Lc
107	107	Lc
107	108	Lc
107	109	Lc
107	110	Lc
107	111	Lc
107	112	-1
107	113	Uc
107	114	Uc
107	115	Uc
107	116	Lc
107	117	-1
107	118	-1
107	119	Lc
108	0	Lc
108	1	L
108	2	Lc
108	3	U
108	4	L
108	5	Lc
108	6	-1
108	7	L
108	8	L
108	9	Lc
108	10	Lc
108	11	Lc
108	12	Lc
108	13	-1
108	14	Lc
108	15	Lc
108	16	-1
108	17	Lp
108	18	Lp
108	19	Lc
108	20	Lc
108	21	Lp
108	22	Lp
108	23	Lp
108	24	Lc
108	25	Lc
108	26	-1
108	27	L
108	28	Lc
108	29	Lc
108	30	Lc
108	31	-1
108	32	Lc
108	33	Lc
108	34	Lc
108	35	Lc
108	36	Lc
108	37	Lc
108	38	-1
108	39	Lc
108	40	Lc
108	41	Lcp
108	42	Lcp
108	43	Lc
108	44	Lc
108	45	-1
108	46	Lc
108	47	Lc
108	48	Lcp
108	49	Lcp
108	50	Lcp
108	51	Lc
108	52	Lc
108	53	Lc
108	54	Lc
108	55	Lc
108	56	Lc
108	57	-1
108	58	Lc
108	59	Lc
108	60	Lc
108	61	Lc
108	62	Lc
108	63	Lc
108	64	-1
108	65	-1
108	66	Lc
108	67	Lp
108	68	Lp
108	69	Lc
108	70	Lp
108	71	Lc
108	72	Lp
108	73	Lp
108	74	Lc
108	75	Lc
108	76	Lc
108	77	Lc
108	78	Lc
108	79	Uc
108	80	Lc
108	81	Lc
108	82	Lc
108	83	Uc
108	84	-1
108	85	-1
108	86	Lc
108	87	Lc
108	88	Lc
108	89	Lc
108	90	L
108	91	Lc
108	92	Lc
108	93	Lc
108	94	Lc
108	95	L
108	96	-1
108	97	-1
108	98	Lc
108	99	Lc
108	100	Lc
108	101	Lc
108	102	Lc
108	103	Lc
108	104	Lc
108	105	Lc
108	106	Lc
108	107	Lc
108	108	Lc
108	109	Lc
108	110	Lc
108	111	Lc
108	112	Lc
108	113	Uc
108	114	Uc
108	115	Uc
108	116	Lc
108	117	Lc
108	118	Lc
108	119	Lc
109	0	Lc
109	1	Lc
109	2	Lc
109	3	Lc
109	4	Lc
109	5	-1
109	6	L
109	7	L
109	8	L
109	9	Lc
109	10	-1
109	11	Lc
109	12	Lc
109	13	Lc
109	14	Lc
109	15	Lc
109	16	Lc
109	17	Lc
109	18	Lc
109	19	Lc
109	20	Lc
109	21	Lc
109	22	Lp
109	23	Lp
109	24	Lc
109	25	L
109	26	L
109	27	L
109	28	Lc
109	29	Lc
109	30	Lc
109	31	Lc
109	32	-1
109	33	Lc
109	34	Lc
109	35	Lc
109	36	Lc
109	37	-1
109	38	Lc
109	39	Lc
109	40	Lcp
109	41	Lcp
109	42	-1
109	43	Lc
109	44	Lc
109	45	Lc
109	46	Lc
109	47	-1
109	48	-1
109	49	Lc
109	50	Lcp
109	51	Lcp
109	52	Lcp
109	53	-1
109	54	Lc
109	55	Lc
109	56	Lc
109	57	Lc
109	58	Lc
109	59	Lc
109	60	Lc
109	61	Lc
109	62	-1
109	63	Lc
109	64	Lc
109	65	Lc
109	66	Lc
109	67	Lp
109	68	Lp
109	69	-1
109	70	Lp
109	71	Lp
109	72	Lp
109	73	Lp
109	74	Lp
109	75	Lc
109	76	Lc
109	77	Lc
109	78	Lc
109	79	Lc
109	80	Uc
109	81	-1
109	82	-1
109	83	Uc
109	84	Uc
109	85	Lc
109	86	Lc
109	87	Lc
109	88	-1
109	89	U
109	90	L
109	91	L
109	92	Lc
109	93	Lc
109	94	Lc
109	95	Lc
109	96	Uc
109	97	Lc
109	98	Lc
109	99	Lc
109	100	Lc
109	101	-1
109	102	Uc
109	103	Lc
109	104	Lc
109	105	Lc
109	106	Lc
109	107	Lc
109	108	Lc
109	109	Lc
109	110	Lc
109	111	Lc
109	112	-1
109	113	Lc
109	114	Uc
109	115	-1
109	116	Lc
109	117	-1
109	118	Lc
109	119	Lc
110	0	Lc
110	1	-1
110	2	Lc
110	3	Lc
110	4	Lc
110	5	Lc
110	6	L
110	7	-1
110	8	L
110	9	L
110	10	Lc
110	11	Lc
110	12	Lc
110	13	Lc
110	14	Lc
110	15	-1
110	16	Lc
110	17	Lc
110	18	Lc
110	19	Lc
110	20	L
110	21	Lc
110	22	Lc
110	23	L
110	24	L
110	25	L
110	26	Lc
110	27	L
110	28	L
110	29	Lc
110	30	Lc
110	31	Lc
110	32	Lc
110	33	Lc
110	34	Lc
110	35	Lc
110	36	Lc
110	37	Lc
110	38	Lc
110	39	Lc
110	40	Lc
110	41	Lc
110	42	Lc
110	43	Lc
110	44	Lc
110	45	Lc
110	46	Lc
110	47	Lc
110	48	Lc
110	49	Lc
110	50	Lcp
110	51	Lcp
110	52	Lcp
110	53	Lcp
110	54	Lc
110	55	Lc
110	56	Lc
110	57	Lc
110	58	Lc
110	59	-1
110	60	Lc
110	61	Lc
110	62	Lc
110	63	Lc
110	64	Lc
110	65	Lc
110	66	Lc
110	67	Lp
110	68	Lc
110	69	Lp
110	70	Lp
110	71	Lp
110	72	Lp
110	73	-1
110	74	Lp
110	75	Lp
110	76	Lc
110	77	Lc
110	78	Uc
110	79	Uc
110	80	L
110	81	Uc
110	82	Uc
110	83	Lc
110	84	Lc
110	85	Lc
110	86	Lc
110	87	Lc
110	88	U
110	89	-1
110	90	L
110	91	Lc
110	92	Lc
110	93	Lc
110	94	Lc
110	95	Lc
110	96	-1
110	97	-1
110	98	Lc
110	99	Lc
110	100	Lc
110	101	Lc
110	102	Uc
110	103	-1
110	104	Lc
110	105	Lc
110	106	Lc
110	107	Lc
110	108	Lc
110	109	Lc
110	110	Lc
110	111	Lc
110	112	-1
110	113	Lc
110	114	Uc
110	115	Lc
110	116	Lc
110	117	Lc
110	118	Lc
110	119	Lc
111	0	Lc
111	1	Lc
111	2	Lc
111	3	L
111	4	Lc
111	5	-1
111	6	L
111	7	U
111	8	U
111	9	L
111	10	L
111	11	Lc
111	12	Lc
111	13	Lc
111	14	Lc
111	15	Uc
111	16	Lc
111	17	Lc
111	18	Lc
111	19	Lc
111	20	Lc
111	21	L
111	22	Lc
111	23	Lc
111	24	-1
111	25	L
111	26	Lc
111	27	L
111	28	Lc
111	29	Lc
111	30	Lc
111	31	Lc
111	32	Lc
111	33	Lc
111	34	L
111	35	Lc
111	36	Lc
111	37	Lc
111	38	-1
111	39	Lc
111	40	Lc
111	41	Lc
111	42	Lc
111	43	Lc
111	44	Lc
111	45	Lc
111	46	Lc
111	47	Lc
111	48	Lc
111	49	Lc
111	50	Lc
111	51	Lcp
111	52	Lc
111	53	-1
111	54	Lcp
111	55	Lc
111	56	Lc
111	57	Lc
111	58	Lc
111	59	Lc
111	60	Lc
111	61	-1
111	62	-1
111	63	Lc
111	64	Lc
111	65	Lc
111	66	Lc
111	67	Lc
111	68	Lc
111	69	-1
111	70	Lp
111	71	Lc
111	72	Lp
111	73	Lp
111	74	-1
111	75	Lp
111	76	Lc
111	77	Lp
111	78	-1
111	79	Lc
111	80	Lc
111	81	Lc
111	82	Lc
111	83	Lc
111	84	Lc
111	85	Lc
111	86	-1
111	87	Lc
111	88	Lc
111	89	Lc
111	90	L
111	91	L
111	92	Lc
111	93	Lc
111	94	Lc
111	95	Lc
111	96	Lc
111	97	Lc
111	98	-1
111	99	Lc
111	100	Lc
111	101	Lc
111	102	-1
111	103	Lc
111	104	Lc
111	105	Lc
111	106	Lc
111	107	Lc
111	108	Lc
111	109	Lc
111	110	Lc
111	111	Lc
111	112	Lc
111	113	Lc
111	114	-1
111	115	-1
111	116	Lc
111	117	Lc
111	118	Lc
111	119	Lc
112	0	Lc
112	1	Lc
112	2	Lc
112	3	Lc
112	4	L
112	5	U
112	6	L
112	7	Lc
112	8	L
112	9	Lc
112	10	Lc
112	11	Lc
112	12	Lc
112	13	Lc
112	14	Lc
112	15	Lc
112	16	Lc
112	17	Lc
112	18	Lc
112	19	Lc
112	20	Lc
112	21	Lc
112	22	Lc
112	23	Lc
112	24	L
112	25	L
112	26	L
112	27	Lc
112	28	Lc
112	29	Lc
112	30	Lc
112	31	Lc
112	32	L
112	33	L
112	34	-1
112	35	Lc
112	36	Lc
112	37	Lc
112	38	Lc
112	39	Lc
112	40	-1
112	41	Lc
112	42	Lc
112	43	Lc
112	44	Lc
112	45	Lc
112	46	Lc
112	47	Lc
112	48	Lc
112	49	Lc
112	50	Lc
112	51	Lc
112	52	Lc
112	53	Lc
112	54	Lc
112	55	Lc
112	56	Lc
112	57	Lc
112	58	Lc
112	59	Lc
112	60	Lc
112	61	Lc
112	62	Lc
112	63	Lc
112	64	Lc
112	65	Lc
112	66	Lc
112	67	Lc
112	68	Lc
112	69	Lp
112	70	Lp
112	71	Lp
112	72	Lp
112	73	Lc
112	74	Lp
112	75	Lc
112	76	Lc
112	77	Lc
112	78	Lc
112	79	-1
112	80	Lc
112	81	-1
112	82	Lc
112	83	Lc
112	84	Lc
112	85	Lc
112	86	Lc
112	87	-1
112	88	Lc
112	89	Lc
112	90	Lc
112	91	L
112	92	L
112	93	Lc
112	94	Lc
112	95	Lc
112	96	Lc
112	97	Lc
112	98	-1
112	99	Lc
112	100	Lc
112	101	Lc
112	102	-1
112	103	Lc
112	104	Lc
112	105	Lc
112	106	Lc
112	107	Lc
112	108	Uc
112	109	Uc
112	110	Uc
112	111	Lc
112	112	Lc
112	113	Lc
112	114	-1
112	115	Lc
112	116	Lc
112	117	Lc
112	118	Lc
112	119	Lc
113	0	Lc
113	1	-1
113	2	Lc
113	3	Lc
113	4	-1
113	5	U
113	6	Lc
113	7	L
113	8	Lc
113	9	L
113	10	Lc
113	11	Lc
113	12	Lc
113	13	L
113	14	L
113	15	-1
113	16	Uc
113	17	L
113	18	-1
113	19	Lc
113	20	-1
113	21	Lc
113	22	Lc
113	23	-1
113	24	L
113	25	L
113	26	Lc
113	27	Lc
113	28	-1
113	29	Lc
113	30	Lc
113	31	Lc
113	32	Lc
113	33	L
113	34	Lc
113	35	L
113	36	Lc
113	37	Lc
113	38	Lc
113	39	Lc
113	40	Lc
113	41	-1
113	42	Lc
113	43	Lc
113	44	Lc
113	45	Lc
113	46	Lc
113	47	Lc
113	48	Lc
113	49	Lc
113	50	Lcp
113	51	Lc
113	52	Lc
113	53	Lc
113	54	Lc
113	55	-1
113	56	Lc
113	57	Lc
113	58	Lc
113	59	L
113	60	Lc
113	61	Lc
113	62	Lc
113	63	Lc
113	64	Lc
113	65	Lc
113	66	-1
113	67	Lc
113	68	Lc
113	69	Lc
113	70	Lc
113	71	Lp
113	72	Lp
113	73	Lc
113	74	Lc
113	75	Lc
113	76	Lp
113	77	Lc
113	78	Lc
113	79	Lc
113	80	Lc
113	81	Lc
113	82	-1
113	83	Lc
113	84	Lc
113	85	Lc
113	86	Lc
113	87	-1
113	88	Lc
113	89	Lc
113	90	L
113	91	L
113	92	-1
113	93	Lc
113	94	Lc
113	95	Lc
113	96	Lc
113	97	Lc
113	98	Lc
113	99	Lc
113	100	-1
113	101	-1
113	102	Lc
113	103	Lc
113	104	Lc
113	105	Lc
113	106	Lc
113	107	Uc
113	108	Uc
113	109	Lc
113	110	Uc
113	111	Lc
113	112	Lc
113	113	Lc
113	114	Lc
113	115	Lc
113	116	Lc
113	117	Lc
113	118	-1
113	119	Lc
114	0	Lc
114	1	Lc
114	2	Lc
114	3	Lc
114	4	Lc
114	5	-1
114	6	L
114	7	Lc
114	8	L
114	9	-1
114	10	-1
114	11	Lc
114	12	L
114	13	L
114	14	L
114	15	Lc
114	16	L
114	17	L
114	18	Lc
114	19	Lc
114	20	Lc
114	21	Uc
114	22	L
114	23	L
114	24	L
114	25	L
114	26	L
114	27	Lc
114	28	-1
114	29	Uc
114	30	Lc
114	31	Lc
114	32	L
114	33	L
114	34	Lc
114	35	Lc
114	36	Lc
114	37	L
114	38	L
114	39	-1
114	40	Lc
114	41	Lc
114	42	Lc
114	43	Lc
114	44	Lc
114	45	Lc
114	46	-1
114	47	Lc
114	48	Lc
114	49	Lc
114	50	Lc
114	51	Lcp
114	52	Lc
114	53	-1
114	54	Lc
114	55	Lc
114	56	Lc
114	57	L
114	58	Lc
114	59	L
114	60	Lc
114	61	Lc
114	62	Lc
114	63	Lc
114	64	Lc
114	65	Lc
114	66	Lc
114	67	Lc
114	68	Lc
114	69	Lc
114	70	Lc
114	71	Lp
114	72	Lp
114	73	Lc
114	74	Lc
114	75	Lc
114	76	Lc
114	77	Lc
114	78	Lc
114	79	Lc
114	80	Lc
114	81	Lc
114	82	-1
114	83	Lc
114	84	Lc
114	85	Lc
114	86	Lc
114	87	Lc
114	88	Lc
114	89	Lc
114	90	Lc
114	91	L
114	92	Lc
114	93	Lc
114	94	Lc
114	95	Lc
114	96	Lc
114	97	Lc
114	98	Lc
114	99	Lc
114	100	Lc
114	101	-1
114	102	Lc
114	103	-1
114	104	Lc
114	105	Lc
114	106	Uc
114	107	-1
114	108	Lc
114	109	Uc
114	110	Lc
114	111	Lc
114	112	Lc
114	113	Lc
114	114	Lc
114	115	Lc
114	116	Lc
114	117	Lc
114	118	-1
114	119	Lc
115	0	Lc
115	1	Lc
115	2	Lc
115	3	L
115	4	U
115	5	L
115	6	L
115	7	Lc
115	8	Lc
115	9	-1
115	10	Lc
115	11	-1
115	12	L
115	13	L
115	14	L
115	15	L
115	16	L
115	17	L
115	18	L
115	19	Lc
115	20	Lc
115	21	Uc
115	22	Uc
115	23	Uc
115	24	Uc
115	25	Uc
115	26	Lc
115	27	Lc
115	28	L
115	29	Lc
115	30	L
115	31	L
115	32	Lc
115	33	Lc
115	34	L
115	35	L
115	36	Lc
115	37	L
115	38	Lc
115	39	Lc
115	40	Lc
115	41	Uc
115	42	Lc
115	43	Lc
115	44	Lc
115	45	Lc
115	46	Lc
115	47	-1
115	48	-1
115	49	Lc
115	50	Lc
115	51	Lc
115	52	-1
115	53	Lc
115	54	Lc
115	55	Lc
115	56	Lc
115	57	Lc
115	58	L
115	59	L
115	60	Lc
115	61	Lc
115	62	Lc
115	63	Lc
115	64	Lc
115	65	Lc
115	66	Lc
115	67	Lc
115	68	Lc
115	69	Lc
115	70	Lc
115	71	Lp
115	72	-1
115	73	-1
115	74	-1
115	75	Lc
115	76	Lc
115	77	Lc
115	78	Lc
115	79	Lc
115	80	Lc
115	81	Lc
115	82	Lc
115	83	Lc
115	84	Lc
115	85	Lc
115	86	Lc
115	87	Lc
115	88	Lc
115	89	Lc
115	90	Lc
115	91	Lc
115	92	Lc
115	93	Lc
115	94	Lc
115	95	Lc
115	96	Lc
115	97	Lc
115	98	Lc
115	99	Lc
115	100	Lc
115	101	Lc
115	102	Lc
115	103	-1
115	104	Lc
115	105	-1
115	106	Uc
115	107	Lc
115	108	Uc
115	109	Lc
115	110	Lc
115	111	-1
115	112	-1
115	113	-1
115	114	Lc
115	115	Lc
115	116	Lc
115	117	Lc
115	118	Lc
115	119	Lc
116	0	Lc
116	1	Lc
116	2	-1
116	3	L
116	4	U
116	5	U
116	6	L
116	7	L
116	8	Lc
116	9	Lc
116	10	Lc
116	11	Lc
116	12	Lc
116	13	L
116	14	Lc
116	15	-1
116	16	L
116	17	Lc
116	18	Lc
116	19	Lc
116	20	Lc
116	21	Lc
116	22	Uc
116	23	Uc
116	24	Lc
116	25	Lc
116	26	-1
116	27	-1
116	28	L
116	29	L
116	30	L
116	31	-1
116	32	L
116	33	L
116	34	Lc
116	35	L
116	36	Lc
116	37	L
116	38	Lc
116	39	Lc
116	40	Uc
116	41	Uc
116	42	Uc
116	43	Lc
116	44	-1
116	45	Lc
116	46	Lc
116	47	Lc
116	48	Lc
116	49	Lc
116	50	Lc
116	51	Lc
116	52	Lc
116	53	Lc
116	54	Lc
116	55	Lc
116	56	Lc
116	57	Lc
116	58	L
116	59	-1
116	60	Lc
116	61	Lc
116	62	Lc
116	63	Lc
116	64	Lc
116	65	Lc
116	66	Lc
116	67	Lc
116	68	Lc
116	69	-1
116	70	Uc
116	71	Lp
116	72	Lp
116	73	Lp
116	74	Lc
116	75	Lc
116	76	Lc
116	77	-1
116	78	Lc
116	79	Lc
116	80	Lc
116	81	-1
116	82	Lc
116	83	Lc
116	84	Lc
116	85	Lc
116	86	Lc
116	87	Lc
116	88	Lc
116	89	Lc
116	90	Lc
116	91	Lc
116	92	Lc
116	93	Lc
116	94	Lc
116	95	Lc
116	96	Lc
116	97	Lc
116	98	Lc
116	99	-1
116	100	Lc
116	101	Lc
116	102	Lc
116	103	Lc
116	104	Lc
116	105	Lc
116	106	Lc
116	107	Lc
116	108	Lc
116	109	Lc
116	110	L
116	111	Lc
116	112	-1
116	113	Lc
116	114	Lc
116	115	Lc
116	116	Lc
116	117	Lc
116	118	Lc
116	119	Lc
117	0	Lc
117	1	L
117	2	U
117	3	U
117	4	U
117	5	U
117	6	L
117	7	L
117	8	Lc
117	9	U
117	10	Lc
117	11	L
117	12	Lc
117	13	-1
117	14	L
117	15	L
117	16	Lc
117	17	-1
117	18	-1
117	19	Lc
117	20	Lc
117	21	Lc
117	22	Lc
117	23	Lc
117	24	Lc
117	25	Lc
117	26	Lc
117	27	L
117	28	L
117	29	L
117	30	L
117	31	Lc
117	32	L
117	33	L
117	34	Lc
117	35	Lc
117	36	Lc
117	37	L
117	38	L
117	39	Uc
117	40	Lc
117	41	Lc
117	42	Lc
117	43	Lc
117	44	Lc
117	45	Lc
117	46	Lc
117	47	-1
117	48	Lc
117	49	Lc
117	50	Lc
117	51	Lc
117	52	Lc
117	53	Lc
117	54	Lc
117	55	Lc
117	56	Lc
117	57	Lc
117	58	-1
117	59	-1
117	60	L
117	61	L
117	62	Lc
117	63	Lc
117	64	Lc
117	65	Lc
117	66	-1
117	67	Lc
117	68	Lc
117	69	L
117	70	Lc
117	71	Uc
117	72	Uc
117	73	Lc
117	74	-1
117	75	Lcp
117	76	Lc
117	77	Lc
117	78	Lc
117	79	Lc
117	80	Lc
117	81	Lc
117	82	-1
117	83	Lc
117	84	Lc
117	85	-1
117	86	Lc
117	87	Lc
117	88	-1
117	89	-1
117	90	Lc
117	91	Lc
117	92	Lc
117	93	-1
117	94	Lc
117	95	-1
117	96	Lc
117	97	Lc
117	98	Lc
117	99	Lc
117	100	Lc
117	101	Lc
117	102	Lc
117	103	Lc
117	104	Lc
117	105	Lc
117	106	Lc
117	107	Lc
117	108	Lc
117	109	Lc
117	110	L
117	111	Lc
117	112	Lc
117	113	Lc
117	114	Lc
117	115	Lc
117	116	-1
117	117	Lc
117	118	Lc
117	119	Lc
118	0	Lc
118	1	L
118	2	Lc
118	3	Lc
118	4	Lc
118	5	Lc
118	6	Lc
118	7	Lc
118	8	U
118	9	U
118	10	Lc
118	11	Lc
118	12	Lc
118	13	Lc
118	14	Lc
118	15	-1
118	16	L
118	17	Lc
118	18	Lc
118	19	Lc
118	20	Lc
118	21	Lc
118	22	Lc
118	23	-1
118	24	Lc
118	25	Lc
118	26	Lc
118	27	-1
118	28	L
118	29	L
118	30	L
118	31	L
118	32	L
118	33	-1
118	34	-1
118	35	Lc
118	36	L
118	37	Lc
118	38	Lc
118	39	Lc
118	40	Lc
118	41	Lc
118	42	Lc
118	43	Lc
118	44	Lc
118	45	Lc
118	46	Lc
118	47	Lc
118	48	Lc
118	49	Lc
118	50	Lc
118	51	Lc
118	52	Lc
118	53	-1
118	54	Lc
118	55	Lc
118	56	Lc
118	57	Lc
118	58	Lc
118	59	Lc
118	60	-1
118	61	Lc
118	62	Lc
118	63	-1
118	64	-1
118	65	Lc
118	66	Lc
118	67	Lc
118	68	L
118	69	-1
118	70	-1
118	71	Uc
118	72	Lc
118	73	Lc
118	74	Uc
118	75	Lc
118	76	Lc
118	77	-1
118	78	Lc
118	79	-1
118	80	Lc
118	81	-1
118	82	Lc
118	83	Lc
118	84	Lc
118	85	Lc
118	86	Lc
118	87	Lc
118	88	Lc
118	89	Lc
118	90	Lc
118	91	Lc
118	92	Lc
118	93	Lc
118	94	Lc
118	95	Lc
118	96	Lc
118	97	-1
118	98	Lc
118	99	Lc
118	100	Lc
118	101	Lc
118	102	-1
118	103	Lc
118	104	Lc
118	105	Lc
118	106	-1
118	107	L
118	108	-1
118	109	Lc
118	110	-1
118	111	Uc
118	112	Lc
118	113	Uc
118	114	Lc
118	115	Lc
118	116	Lc
118	117	Lc
118	118	Lc
118	119	Lc
119	0	Lc
119	1	Lc
119	2	Lc
119	3	Lc
119	4	Lc
119	5	Lc
119	6	Lc
119	7	-1
119	8	U
119	9	Lc
119	10	U
119	11	Lc
119	12	-1
119	13	-1
119	14	Lc
119	15	L
119	16	L
119	17	Lc
119	18	Lc
119	19	Lc
119	20	Lc
119	21	-1
119	22	-1
119	23	-1
119	24	Lc
119	25	Lc
119	26	L
119	27	-1
119	28	L
119	29	L
119	30	L
119	31	Lc
119	32	Lc
119	33	Lc
119	34	-1
119	35	Lc
119	36	Lc
119	37	Lc
119	38	Lc
119	39	Lc
119	40	Lc
119	41	Lc
119	42	Lc
119	43	Lc
119	44	Lc
119	45	Lc
119	46	Lc
119	47	Lc
119	48	Lc
119	49	Lc
119	50	Lc
119	51	Lc
119	52	Lc
119	53	-1
119	54	Lc
119	55	-1
119	56	Lc
119	57	Lc
119	58	Lc
119	59	L
119	60	L
119	61	Lc
119	62	Lc
119	63	Lc
119	64	L
119	65	L
119	66	L
119	67	L
119	68	L
119	69	-1
119	70	-1
119	71	Lp
119	72	Lc
119	73	Lc
119	74	Lc
119	75	Lc
119	76	Lc
119	77	Lc
119	78	Lc
119	79	Lc
119	80	-1
119	81	-1
119	82	Lc
119	83	Lc
119	84	Lc
119	85	Lc
119	86	Lc
119	87	Lc
119	88	Lc
119	89	-1
119	90	Lc
119	91	Lc
119	92	Lc
119	93	Lc
119	94	Lc
119	95	Lc
119	96	Lc
119	97	Lc
119	98	Lc
119	99	-1
119	100	Lc
119	101	Lc
119	102	Lc
119	103	Lc
119	104	Lc
119	105	Lc
119	106	L
119	107	Lc
119	108	Lc
119	109	Lc
119	110	Uc
119	111	Lc
119	112	Uc
119	113	Lc
119	114	-1
119	115	-1
119	116	Lc
119	117	Lc
119	118	Lc
119	119	Lc
