0	0	Lp
0	1	Lp
0	2	-1
0	3	Lp
0	4	Lp
0	5	L
0	6	L
0	7	L
0	8	L
0	9	L
0	10	L
0	11	Lp
0	12	L
0	13	Lp
0	14	Lp
0	15	-1
0	16	Lp
0	17	Lp
0	18	-1
0	19	Lp
0	20	Lp
0	21	Lp
0	22	Lp
0	23	Lp
0	24	Lp
0	25	Lp
0	26	Lp
0	27	Lp
0	28	L
0	29	-1
0	30	L
0	31	Lp
0	32	-1
0	33	Lp
0	34	-1
0	35	-1
0	36	-1
0	37	Lp
0	38	Lp
0	39	Lp
0	40	Lp
0	41	Lp
0	42	-1
0	43	Lp
0	44	Lp
0	45	U
0	46	U
0	47	Lp
0	48	Lp
0	49	Lp
0	50	Lp
0	51	U
0	52	L
0	53	L
0	54	L
0	55	L
0	56	L
0	57	L
0	58	-1
0	59	L
0	60	-1
0	61	L
0	62	-1
0	63	-1
0	64	L
0	65	L
0	66	-1
0	67	L
0	68	L
0	69	Lp
0	70	L
0	71	Lp
0	72	Lp
0	73	L
0	74	Lp
0	75	L
0	76	L
0	77	L
0	78	L
0	79	-1
0	80	L
0	81	L
0	82	L
0	83	L
0	84	L
0	85	L
0	86	L
0	87	L
0	88	-1
0	89	L
0	90	-1
0	91	-1
0	92	L
0	93	-1
0	94	L
0	95	L
0	96	L
0	97	L
0	98	Lp
0	99	Lp
0	100	Lp
0	101	L
0	102	Lp
0	103	Lp
0	104	Lp
0	105	Lp
0	106	Lp
0	107	Lp
0	108	Lp
0	109	Lp
0	110	Lp
0	111	Lp
0	112	-1
0	113	-1
0	114	Lp
0	115	Lp
0	116	Lp
0	117	Lp
0	118	Lp
0	119	-1
1	0	Lp
1	1	Lp
1	2	-1
1	3	Lp
1	4	Lp
1	5	L
1	6	L
1	7	L
1	8	L
1	9	L
1	10	-1
1	11	L
1	12	L
1	13	Lp
1	14	Lp
1	15	Lp
1	16	Lp
1	17	Lp
1	18	Lp
1	19	Lp
1	20	Lp
1	21	Lp
1	22	Lp
1	23	Lp
1	24	-1
1	25	-1
1	26	L
1	27	Lp
1	28	Lp
1	29	L
1	30	L
1	31	L
1	32	Lp
1	33	Lp
1	34	Lp
1	35	Lp
1	36	Lp
1	37	Lp
1	38	Lp
1	39	Lp
1	40	-1
1	41	Lp
1	42	Lp
1	43	Lp
1	44	Lp
1	45	U
1	46	U
1	47	-1
1	48	U
1	49	Lp
1	50	L
1	51	U
1	52	L
1	53	L
1	54	L
1	55	L
1	56	-1
1	57	L
1	58	L
1	59	L
1	60	L
1	61	L
1	62	L
1	63	-1
1	64	L
1	65	L
1	66	L
1	67	L
1	68	-1
1	69	L
1	70	Lp
1	71	Lp
1	72	Lp
1	73	L
1	74	Lp
1	75	L
1	76	L
1	77	L
1	78	-1
1	79	L
1	80	L
1	81	L
1	82	L
1	83	L
1	84	L
1	85	L
1	86	-1
1	87	L
1	88	Lp
1	89	L
1	90	Lp
1	91	Lp
1	92	L
1	93	L
1	94	-1
1	95	L
1	96	L
1	97	L
1	98	-1
1	99	L
1	100	L
1	101	L
1	102	-1
1	103	Lp
1	104	Lp
1	105	Lp
1	106	Lp
1	107	Lp
1	108	U
1	109	Lp
1	110	Lp
1	111	-1
1	112	Lp
1	113	Lp
1	114	Lp
1	115	Lp
1	116	Lp
1	117	Lp
1	118	Lp
1	119	Lp
2	0	Lp
2	1	Lp
2	2	Lp
2	3	Lp
2	4	L
2	5	L
2	6	L
2	7	L
2	8	U
2	9	L
2	10	L
2	11	-1
2	12	L
2	13	Lp
2	14	-1
2	15	Lp
2	16	Lp
2	17	Lp
2	18	Lp
2	19	Lp
2	20	Lp
2	21	Lp
2	22	Lp
2	23	Lp
2	24	L
2	25	Lp
2	26	Lp
2	27	L
2	28	L
2	29	L
2	30	Lp
2	31	Lp
2	32	L
2	33	Lp
2	34	Lp
2	35	Lp
2	36	-1
2	37	-1
2	38	Lp
2	39	Lp
2	40	-1
2	41	Lp
2	42	Lp
2	43	-1
2	44	Lp
2	45	Lp
2	46	Lp
2	47	Lp
2	48	Lp
2	49	Lp
2	50	L
2	51	-1
2	52	L
2	53	L
2	54	L
2	55	L
2	56	L
2	57	-1
2	58	L
2	59	L
2	60	L
2	61	-1
2	62	-1
2	63	-1
2	64	L
2	65	-1
2	66	L
2	67	-1
2	68	L
2	69	L
2	70	L
2	71	Lp
2	72	Lp
2	73	L
2	74	L
2	75	Lp
2	76	L
2	77	L
2	78	-1
2	79	L
2	80	L
2	81	-1
2	82	-1
2	83	L
2	84	L
2	85	-1
2	86	L
2	87	L
2	88	Lp
2	89	L
2	90	Lp
2	91	Lp
2	92	L
2	93	L
2	94	L
2	95	L
2	96	L
2	97	L
2	98	L
2	99	-1
2	100	L
2	101	-1
2	102	L
2	103	-1
2	104	Lp
2	105	Lp
2	106	Lp
2	107	Lp
2	108	Lp
2	109	Lp
2	110	-1
2	111	Lp
2	112	Lp
2	113	Lp
2	114	Lp
2	115	Lp
2	116	-1
2	117	Lp
2	118	Lp
2	119	Lp
3	0	Lp
3	1	-1
3	2	Lp
3	3	-1
3	4	Lp
3	5	L
3	6	Lp
3	7	L
3	8	U
3	9	L
3	10	L
3	11	L
3	12	Lp
3	13	U
3	14	-1
3	15	U
3	16	Lp
3	17	Lp
3	18	Lp
3	19	-1
3	20	Lp
3	21	Lp
3	22	Lp
3	23	Lp
3	24	Lp
3	25	Lp
3	26	Lp
3	27	L
3	28	-1
3	29	Lp
3	30	Lp
3	31	Lp
3	32	Lp
3	33	Lp
3	34	Lp
3	35	-1
3	36	-1
3	37	-1
3	38	-1
3	39	Lp
3	40	Lp
3	41	Lp
3	42	Lp
3	43	Lp
3	44	Lp
3	45	Lp
3	46	-1
3	47	L
3	48	U
3	49	U
3	50	L
3	51	L
3	52	L
3	53	L
3	54	L
3	55	L
3	56	-1
3	57	L
3	58	L
3	59	L
3	60	L
3	61	L
3	62	-1
3	63	-1
3	64	L
3	65	-1
3	66	L
3	67	L
3	68	L
3	69	Lp
3	70	U
3	71	Lp
3	72	-1
3	73	Lp
3	74	Lp
3	75	Lp
3	76	Lp
3	77	-1
3	78	Lp
3	79	L
3	80	L
3	81	-1
3	82	L
3	83	-1
3	84	L
3	85	Lp
3	86	L
3	87	Lp
3	88	L
3	89	Lp
3	90	-1
3	91	Lp
3	92	L
3	93	L
3	94	L
3	95	-1
3	96	L
3	97	L
3	98	L
3	99	L
3	100	L
3	101	L
3	102	L
3	103	L
3	104	Lp
3	105	Lp
3	106	U
3	107	Lp
3	108	Lp
3	109	Lp
3	110	Lp
3	111	Lp
3	112	Lp
3	113	Lp
3	114	Lp
3	115	Lp
3	116	Lp
3	117	Lp
3	118	Lp
3	119	Lp
4	0	L
4	1	L
4	2	-1
4	3	Lp
4	4	-1
4	5	L
4	6	-1
4	7	L
4	8	U
4	9	L
4	10	L
4	11	L
4	12	Lp
4	13	-1
4	14	U
4	15	Lp
4	16	Lp
4	17	Lp
4	18	-1
4	19	-1
4	20	Lp
4	21	Lp
4	22	Lp
4	23	Lp
4	24	-1
4	25	Lp
4	26	Lp
4	27	Lp
4	28	L
4	29	-1
4	30	Lp
4	31	-1
4	32	Lp
4	33	-1
4	34	Lp
4	35	Lp
4	36	Lp
4	37	Lp
4	38	Lp
4	39	U
4	40	Lp
4	41	Lp
4	42	Lp
4	43	U
4	44	U
4	45	Lp
4	46	L
4	47	Lp
4	48	U
4	49	L
4	50	L
4	51	L
4	52	L
4	53	L
4	54	L
4	55	L
4	56	L
4	57	L
4	58	-1
4	59	-1
4	60	U
4	61	L
4	62	L
4	63	-1
4	64	L
4	65	Lp
4	66	L
4	67	L
4	68	U
4	69	L
4	70	Lp
4	71	Lp
4	72	-1
4	73	Lp
4	74	Lp
4	75	Lp
4	76	Lp
4	77	Lp
4	78	Lp
4	79	L
4	80	L
4	81	L
4	82	L
4	83	L
4	84	Lp
4	85	-1
4	86	Lp
4	87	Lp
4	88	Lp
4	89	L
4	90	Lp
4	91	L
4	92	L
4	93	-1
4	94	L
4	95	L
4	96	L
4	97	-1
4	98	L
4	99	-1
4	100	-1
4	101	L
4	102	-1
4	103	L
4	104	L
4	105	L
4	106	Lp
4	107	U
4	108	Lp
4	109	Lp
4	110	Lp
4	111	Lp
4	112	Lp
4	113	Lp
4	114	Lp
4	115	Lp
4	116	Lp
4	117	Lp
4	118	Lp
4	119	Lp
5	0	-1
5	1	L
5	2	L
5	3	Lp
5	4	L
5	5	L
5	6	-1
5	7	L
5	8	L
5	9	L
5	10	L
5	11	Lp
5	12	L
5	13	Lp
5	14	Lp
5	15	Lp
5	16	Lp
5	17	Lp
5	18	Lp
5	19	Lp
5	20	Lp
5	21	-1
5	22	Lp
5	23	Lp
5	24	Lp
5	25	Lp
5	26	Lp
5	27	Lp
5	28	Lp
5	29	L
5	30	-1
5	31	-1
5	32	Lp
5	33	-1
5	34	U
5	35	U
5	36	Lp
5	37	-1
5	38	Lp
5	39	Lp
5	40	U
5	41	Lp
5	42	Lp
5	43	Lp
5	44	U
5	45	U
5	46	-1
5	47	U
5	48	Lp
5	49	Lp
5	50	-1
5	51	L
5	52	L
5	53	L
5	54	L
5	55	L
5	56	-1
5	57	L
5	58	L
5	59	L
5	60	L
5	61	L
5	62	L
5	63	Lp
5	64	Lp
5	65	L
5	66	L
5	67	-1
5	68	L
5	69	-1
5	70	-1
5	71	Lp
5	72	-1
5	73	Lp
5	74	Lp
5	75	Lp
5	76	Lp
5	77	-1
5	78	Lp
5	79	Lp
5	80	L
5	81	-1
5	82	L
5	83	Lp
5	84	Lp
5	85	Lp
5	86	-1
5	87	-1
5	88	L
5	89	Lp
5	90	Lp
5	91	Lp
5	92	L
5	93	L
5	94	L
5	95	L
5	96	L
5	97	L
5	98	L
5	99	L
5	100	L
5	101	L
5	102	L
5	103	L
5	104	L
5	105	Lp
5	106	Lp
5	107	L
5	108	-1
5	109	-1
5	110	Lp
5	111	-1
5	112	-1
5	113	Lp
5	114	Lp
5	115	Lp
5	116	Lp
5	117	-1
5	118	-1
5	119	-1
6	0	L
6	1	L
6	2	Lp
6	3	L
6	4	L
6	5	L
6	6	L
6	7	L
6	8	L
6	9	L
6	10	L
6	11	Lp
6	12	-1
6	13	L
6	14	Lp
6	15	Lp
6	16	Lp
6	17	Lp
6	18	Lp
6	19	Lp
6	20	Lp
6	21	Lp
6	22	Lp
6	23	Lp
6	24	Lp
6	25	Lp
6	26	Lp
6	27	Lp
6	28	Lp
6	29	Lp
6	30	-1
6	31	Lp
6	32	Lp
6	33	Lp
6	34	U
6	35	-1
6	36	-1
6	37	L
6	38	-1
6	39	-1
6	40	-1
6	41	Lp
6	42	Lp
6	43	Lp
6	44	Lp
6	45	Lp
6	46	Lp
6	47	L
6	48	Lp
6	49	Lp
6	50	L
6	51	L
6	52	L
6	53	-1
6	54	L
6	55	L
6	56	L
6	57	L
6	58	L
6	59	-1
6	60	L
6	61	L
6	62	L
6	63	L
6	64	L
6	65	L
6	66	-1
6	67	L
6	68	Lp
6	69	U
6	70	Lp
6	71	-1
6	72	Lp
6	73	Lp
6	74	Lp
6	75	-1
6	76	-1
6	77	Lp
6	78	-1
6	79	Lp
6	80	Lp
6	81	-1
6	82	Lp
6	83	Lp
6	84	Lp
6	85	-1
6	86	Lp
6	87	Lp
6	88	-1
6	89	Lp
6	90	Lp
6	91	Lp
6	92	Lp
6	93	-1
6	94	L
6	95	-1
6	96	L
6	97	L
6	98	L
6	99	L
6	100	-1
6	101	L
6	102	L
6	103	L
6	104	-1
6	105	-1
6	106	L
6	107	Lp
6	108	Lp
6	109	Lp
6	110	Lp
6	111	Lp
6	112	-1
6	113	Lp
6	114	Lp
6	115	Lp
6	116	Lp
6	117	-1
6	118	-1
6	119	L
7	0	L
7	1	-1
7	2	L
7	3	L
7	4	L
7	5	L
7	6	L
7	7	L
7	8	L
7	9	L
7	10	U
7	11	-1
7	12	-1
7	13	Lp
7	14	Lp
7	15	Lp
7	16	Lp
7	17	Lp
7	18	Lp
7	19	-1
7	20	Lp
7	21	Lp
7	22	Lp
7	23	Lp
7	24	-1
7	25	Lp
7	26	Lp
7	27	Lp
7	28	Lp
7	29	Lp
7	30	Lp
7	31	-1
7	32	Lp
7	33	U
7	34	U
7	35	Lp
7	36	Lp
7	37	L
7	38	L
7	39	L
7	40	L
7	41	Lp
7	42	Lp
7	43	Lp
7	44	L
7	45	Lp
7	46	Lp
7	47	Lp
7	48	L
7	49	L
7	50	-1
7	51	L
7	52	L
7	53	L
7	54	L
7	55	-1
7	56	L
7	57	L
7	58	L
7	59	-1
7	60	L
7	61	L
7	62	L
7	63	L
7	64	L
7	65	L
7	66	L
7	67	Lp
7	68	Lp
7	69	Lp
7	70	Lp
7	71	L
7	72	Lp
7	73	-1
7	74	Lp
7	75	L
7	76	Lp
7	77	-1
7	78	Lp
7	79	Lp
7	80	L
7	81	L
7	82	Lp
7	83	L
7	84	-1
7	85	Lp
7	86	Lp
7	87	-1
7	88	Lp
7	89	-1
7	90	Lp
7	91	Lp
7	92	Lp
7	93	Lp
7	94	Lp
7	95	L
7	96	L
7	97	L
7	98	L
7	99	L
7	100	L
7	101	-1
7	102	L
7	103	L
7	104	L
7	105	L
7	106	-1
7	107	Lp
7	108	L
7	109	L
7	110	Lp
7	111	Lp
7	112	Lp
7	113	Lp
7	114	Lp
7	115	Lp
7	116	-1
7	117	Lp
7	118	Lp
7	119	Lp
8	0	Lp
8	1	L
8	2	L
8	3	L
8	4	L
8	5	Lp
8	6	L
8	7	L
8	8	L
8	9	L
8	10	L
8	11	U
8	12	U
8	13	Lp
8	14	Lp
8	15	U
8	16	-1
8	17	Lp
8	18	-1
8	19	Lp
8	20	Lp
8	21	Lp
8	22	Lp
8	23	Lp
8	24	Lp
8	25	Lp
8	26	Lp
8	27	Lp
8	28	Lp
8	29	Lp
8	30	Lp
8	31	Lp
8	32	Lp
8	33	U
8	34	Lp
8	35	U
8	36	U
8	37	-1
8	38	-1
8	39	L
8	40	Lp
8	41	L
8	42	L
8	43	L
8	44	Lp
8	45	L
8	46	Lp
8	47	L
8	48	L
8	49	-1
8	50	Lp
8	51	-1
8	52	L
8	53	L
8	54	L
8	55	L
8	56	L
8	57	-1
8	58	L
8	59	-1
8	60	-1
8	61	L
8	62	L
8	63	L
8	64	L
8	65	L
8	66	L
8	67	Lp
8	68	Lp
8	69	Lp
8	70	L
8	71	L
8	72	Lp
8	73	Lp
8	74	U
8	75	-1
8	76	U
8	77	Lp
8	78	Lp
8	79	Lp
8	80	Lp
8	81	L
8	82	L
8	83	Lp
8	84	Lp
8	85	Lp
8	86	Lp
8	87	Lp
8	88	U
8	89	Lp
8	90	-1
8	91	Lp
8	92	Lp
8	93	Lp
8	94	-1
8	95	L
8	96	L
8	97	Lp
8	98	-1
8	99	L
8	100	L
8	101	L
8	102	L
8	103	L
8	104	L
8	105	Lp
8	106	Lp
8	107	Lp
8	108	Lp
8	109	L
8	110	Lp
8	111	Lp
8	112	-1
8	113	Lp
8	114	Lp
8	115	Lp
8	116	-1
8	117	-1
8	118	Lp
8	119	Lp
9	0	U
9	1	L
9	2	Lp
9	3	L
9	4	Lp
9	5	-1
9	6	L
9	7	L
9	8	L
9	9	L
9	10	-1
9	11	Lp
9	12	U
9	13	Lp
9	14	Lp
9	15	Lp
9	16	Lp
9	17	-1
9	18	Lp
9	19	Lp
9	20	Lp
9	21	Lp
9	22	Lp
9	23	Lp
9	24	Lp
9	25	Lp
9	26	-1
9	27	Lp
9	28	Lp
9	29	Lp
9	30	-1
9	31	Lp
9	32	Lp
9	33	Lp
9	34	U
9	35	Lp
9	36	L
9	37	-1
9	38	L
9	39	L
9	40	-1
9	41	L
9	42	L
9	43	L
9	44	-1
9	45	Lp
9	46	-1
9	47	L
9	48	Lp
9	49	Lp
9	50	L
9	51	L
9	52	L
9	53	-1
9	54	L
9	55	L
9	56	L
9	57	L
9	58	L
9	59	-1
9	60	-1
9	61	L
9	62	L
9	63	-1
9	64	L
9	65	L
9	66	L
9	67	Lp
9	68	L
9	69	L
9	70	L
9	71	-1
9	72	-1
9	73	L
9	74	Lp
9	75	U
9	76	Lp
9	77	Lp
9	78	Lp
9	79	Lp
9	80	Lp
9	81	Lp
9	82	Lp
9	83	L
9	84	Lp
9	85	L
9	86	Lp
9	87	Lp
9	88	-1
9	89	Lp
9	90	Lp
9	91	-1
9	92	Lp
9	93	-1
9	94	Lp
9	95	Lp
9	96	Lp
9	97	Lp
9	98	Lp
9	99	L
9	100	Lp
9	101	L
9	102	L
9	103	-1
9	104	L
9	105	Lp
9	106	Lp
9	107	Lp
9	108	Lp
9	109	L
9	110	Lp
9	111	Lp
9	112	Lp
9	113	-1
9	114	-1
9	115	Lp
9	116	-1
9	117	Lp
9	118	U
9	119	U
10	0	-1
10	1	Lp
10	2	-1
10	3	L
10	4	L
10	5	Lp
10	6	-1
10	7	L
10	8	L
10	9	Lp
10	10	Lp
10	11	Lp
10	12	Lp
10	13	-1
10	14	Lp
10	15	Lp
10	16	Lp
10	17	Lp
10	18	-1
10	19	Lp
10	20	Lp
10	21	Lp
10	22	Lp
10	23	Lp
10	24	Lp
10	25	Lp
10	26	-1
10	27	-1
10	28	Lp
10	29	Lp
10	30	Lp
10	31	Lp
10	32	-1
10	33	Lp
10	34	U
10	35	-1
10	36	L
10	37	U
10	38	L
10	39	L
10	40	L
10	41	L
10	42	-1
10	43	L
10	44	Lp
10	45	L
10	46	L
10	47	-1
10	48	-1
10	49	L
10	50	L
10	51	L
10	52	-1
10	53	L
10	54	L
10	55	L
10	56	L
10	57	L
10	58	L
10	59	-1
10	60	L
10	61	L
10	62	L
10	63	L
10	64	-1
10	65	L
10	66	L
10	67	L
10	68	L
10	69	Lp
10	70	L
10	71	L
10	72	L
10	73	Lp
10	74	Lp
10	75	Lp
10	76	Lp
10	77	Lp
10	78	-1
10	79	Lp
10	80	Lp
10	81	-1
10	82	L
10	83	Lp
10	84	L
10	85	Lp
10	86	Lp
10	87	Lp
10	88	-1
10	89	Lp
10	90	Lp
10	91	Lp
10	92	Lp
10	93	Lp
10	94	-1
10	95	Lp
10	96	L
10	97	L
10	98	L
10	99	L
10	100	L
10	101	Lp
10	102	L
10	103	Lp
10	104	Lp
10	105	Lp
10	106	L
10	107	L
10	108	Lp
10	109	-1
10	110	Lp
10	111	Lp
10	112	Lp
10	113	Lp
10	114	Lp
10	115	Lp
10	116	Lp
10	117	U
10	118	-1
10	119	U
11	0	-1
11	1	-1
11	2	L
11	3	L
11	4	-1
11	5	Lp
11	6	Lp
11	7	-1
11	8	L
11	9	Lp
11	10	Lp
11	11	Lp
11	12	-1
11	13	Lp
11	14	Lp
11	15	-1
11	16	Lp
11	17	Lp
11	18	-1
11	19	Lp
11	20	Lp
11	21	Lp
11	22	Lp
11	23	Lp
11	24	-1
11	25	Lp
11	26	Lp
11	27	-1
11	28	Lp
11	29	-1
11	30	Lp
11	31	-1
11	32	L
11	33	U
11	34	-1
11	35	-1
11	36	-1
11	37	-1
11	38	-1
11	39	L
11	40	L
11	41	L
11	42	L
11	43	L
11	44	L
11	45	Lp
11	46	Lp
11	47	Lp
11	48	L
11	49	-1
11	50	-1
11	51	L
11	52	L
11	53	L
11	54	L
11	55	-1
11	56	L
11	57	L
11	58	L
11	59	L
11	60	-1
11	61	L
11	62	L
11	63	Lp
11	64	L
11	65	L
11	66	-1
11	67	-1
11	68	L
11	69	L
11	70	Lp
11	71	Lp
11	72	-1
11	73	Lp
11	74	-1
11	75	Lp
11	76	Lp
11	77	Lp
11	78	Lp
11	79	-1
11	80	-1
11	81	Lp
11	82	Lp
11	83	-1
11	84	Lp
11	85	Lp
11	86	Lp
11	87	Lp
11	88	Lp
11	89	-1
11	90	Lp
11	91	-1
11	92	Lp
11	93	Lp
11	94	Lp
11	95	Lp
11	96	L
11	97	L
11	98	L
11	99	L
11	100	Lp
11	101	-1
11	102	Lp
11	103	L
11	104	L
11	105	L
11	106	-1
11	107	L
11	108	L
11	109	Lp
11	110	Lp
11	111	Lp
11	112	Lp
11	113	L
11	114	L
11	115	Lp
11	116	Lp
11	117	U
11	118	Lp
11	119	-1
12	0	Lp
12	1	L
12	2	U
12	3	L
12	4	L
12	5	U
12	6	L
12	7	-1
12	8	Lp
12	9	L
12	10	Lp
12	11	Lp
12	12	Lp
12	13	-1
12	14	-1
12	15	Lp
12	16	Lp
12	17	Lp
12	18	Lp
12	19	Lp
12	20	Lp
12	21	Lp
12	22	Lp
12	23	Lp
12	24	Lp
12	25	Lp
12	26	Lp
12	27	Lp
12	28	Lp
12	29	Lp
12	30	L
12	31	L
12	32	L
12	33	-1
12	34	L
12	35	L
12	36	L
12	37	L
12	38	-1
12	39	L
12	40	L
12	41	-1
12	42	L
12	43	-1
12	44	L
12	45	L
12	46	L
12	47	L
12	48	L
12	49	L
12	50	-1
12	51	-1
12	52	-1
12	53	L
12	54	L
12	55	L
12	56	-1
12	57	-1
12	58	L
12	59	-1
12	60	-1
12	61	L
12	62	U
12	63	-1
12	64	L
12	65	U
12	66	L
12	67	-1
12	68	L
12	69	L
12	70	Lp
12	71	Lp
12	72	L
12	73	Lp
12	74	Lp
12	75	-1
12	76	Lp
12	77	-1
12	78	Lp
12	79	Lp
12	80	Lp
12	81	Lp
12	82	Lp
12	83	-1
12	84	Lp
12	85	U
12	86	Lp
12	87	-1
12	88	Lp
12	89	Lp
12	90	Lp
12	91	Lp
12	92	-1
12	93	Lp
12	94	Lp
12	95	Lp
12	96	-1
12	97	L
12	98	L
12	99	L
12	100	-1
12	101	Lp
12	102	-1
12	103	L
12	104	Lp
12	105	Lp
12	106	Lp
12	107	L
12	108	Lp
12	109	Lp
12	110	L
12	111	-1
12	112	Lp
12	113	L
12	114	L
12	115	-1
12	116	Lp
12	117	Lp
12	118	Lp
12	119	Lp
13	0	L
13	1	L
13	2	L
13	3	L
13	4	U
13	5	U
13	6	Lp
13	7	Lp
13	8	-1
13	9	L
13	10	Lp
13	11	Lp
13	12	Lp
13	13	Lp
13	14	-1
13	15	Lp
13	16	Lp
13	17	Lp
13	18	Lp
13	19	-1
13	20	Lp
13	21	-1
13	22	Lp
13	23	Lp
13	24	Lp
13	25	L
13	26	L
13	27	Lp
13	28	Lp
13	29	L
13	30	L
13	31	-1
13	32	-1
13	33	L
13	34	L
13	35	L
13	36	L
13	37	L
13	38	L
13	39	L
13	40	L
13	41	L
13	42	L
13	43	L
13	44	-1
13	45	-1
13	46	L
13	47	L
13	48	-1
13	49	L
13	50	L
13	51	-1
13	52	L
13	53	L
13	54	L
13	55	L
13	56	L
13	57	L
13	58	L
13	59	L
13	60	L
13	61	L
13	62	U
13	63	U
13	64	L
13	65	L
13	66	L
13	67	L
13	68	L
13	69	L
13	70	Lp
13	71	Lp
13	72	L
13	73	Lp
13	74	L
13	75	Lp
13	76	Lp
13	77	Lp
13	78	Lp
13	79	Lp
13	80	Lp
13	81	Lp
13	82	Lp
13	83	Lp
13	84	-1
13	85	U
13	86	-1
13	87	-1
13	88	-1
13	89	Lp
13	90	Lp
13	91	Lp
13	92	Lp
13	93	Lp
13	94	Lp
13	95	Lp
13	96	Lp
13	97	Lp
13	98	Lp
13	99	Lp
13	100	-1
13	101	Lp
13	102	Lp
13	103	-1
13	104	Lp
13	105	Lp
13	106	Lp
13	107	L
13	108	Lp
13	109	-1
13	110	-1
13	111	Lp
13	112	-1
13	113	Lp
13	114	-1
13	115	-1
13	116	Lp
13	117	Lp
13	118	-1
13	119	Lp
14	0	-1
14	1	L
14	2	-1
14	3	U
14	4	U
14	5	Lp
14	6	Lp
14	7	Lp
14	8	L
14	9	Lp
14	10	L
14	11	Lp
14	12	Lp
14	13	-1
14	14	Lp
14	15	Lp
14	16	Lp
14	17	Lp
14	18	Lp
14	19	Lp
14	20	Lp
14	21	L
14	22	-1
14	23	L
14	24	L
14	25	L
14	26	L
14	27	-1
14	28	Lp
14	29	L
14	30	Lp
14	31	L
14	32	Lp
14	33	L
14	34	L
14	35	L
14	36	L
14	37	L
14	38	L
14	39	L
14	40	-1
14	41	-1
14	42	L
14	43	L
14	44	L
14	45	L
14	46	L
14	47	L
14	48	-1
14	49	L
14	50	L
14	51	L
14	52	-1
14	53	Lp
14	54	L
14	55	U
14	56	L
14	57	-1
14	58	L
14	59	L
14	60	L
14	61	L
14	62	L
14	63	Lp
14	64	Lp
14	65	U
14	66	-1
14	67	L
14	68	-1
14	69	L
14	70	Lp
14	71	Lp
14	72	L
14	73	L
14	74	L
14	75	Lp
14	76	Lp
14	77	Lp
14	78	Lp
14	79	Lp
14	80	Lp
14	81	Lp
14	82	Lp
14	83	Lp
14	84	Lp
14	85	Lp
14	86	Lp
14	87	-1
14	88	U
14	89	U
14	90	Lp
14	91	Lp
14	92	-1
14	93	Lp
14	94	Lp
14	95	Lp
14	96	U
14	97	Lp
14	98	Lp
14	99	Lp
14	100	Lp
14	101	-1
14	102	-1
14	103	Lp
14	104	Lp
14	105	Lp
14	106	-1
14	107	Lp
14	108	Lp
14	109	L
14	110	-1
14	111	Lp
14	112	Lp
14	113	Lp
14	114	Lp
14	115	Lp
14	116	Lp
14	117	-1
14	118	-1
14	119	-1
15	0	Lp
15	1	Lp
15	2	Lp
15	3	Lp
15	4	Lp
15	5	Lp
15	6	Lp
15	7	Lp
15	8	Lp
15	9	Lp
15	10	Lp
15	11	L
15	12	Lp
15	13	Lp
15	14	Lp
15	15	-1
15	16	Lp
15	17	Lp
15	18	Lp
15	19	Lp
15	20	Lp
15	21	-1
15	22	L
15	23	Lp
15	24	L
15	25	L
15	26	L
15	27	L
15	28	L
15	29	L
15	30	L
15	31	L
15	32	L
15	33	L
15	34	L
15	35	L
15	36	-1
15	37	-1
15	38	L
15	39	L
15	40	-1
15	41	L
15	42	L
15	43	-1
15	44	L
15	45	L
15	46	L
15	47	-1
15	48	-1
15	49	-1
15	50	L
15	51	L
15	52	L
15	53	L
15	54	L
15	55	L
15	56	L
15	57	Lp
15	58	Lp
15	59	L
15	60	-1
15	61	Lp
15	62	-1
15	63	U
15	64	U
15	65	L
15	66	U
15	67	L
15	68	L
15	69	Lp
15	70	U
15	71	Lp
15	72	Lp
15	73	L
15	74	-1
15	75	L
15	76	Lp
15	77	Lp
15	78	Lp
15	79	-1
15	80	Lp
15	81	Lp
15	82	Lp
15	83	-1
15	84	-1
15	85	Lp
15	86	Lp
15	87	Lp
15	88	U
15	89	U
15	90	U
15	91	Lp
15	92	Lp
15	93	Lp
15	94	Lp
15	95	-1
15	96	Lp
15	97	-1
15	98	Lp
15	99	Lp
15	100	Lp
15	101	-1
15	102	L
15	103	-1
15	104	Lp
15	105	-1
15	106	Lp
15	107	Lp
15	108	Lp
15	109	L
15	110	L
15	111	Lp
15	112	-1
15	113	Lp
15	114	Lp
15	115	Lp
15	116	Lp
15	117	Lp
15	118	Lp
15	119	L
16	0	Lp
16	1	Lp
16	2	Lp
16	3	Lp
16	4	Lp
16	5	Lp
16	6	Lp
16	7	-1
16	8	Lp
16	9	Lp
16	10	L
16	11	Lp
16	12	Lp
16	13	Lp
16	14	Lp
16	15	Lp
16	16	Lp
16	17	Lp
16	18	Lp
16	19	Lp
16	20	Lp
16	21	Lp
16	22	Lp
16	23	L
16	24	L
16	25	L
16	26	L
16	27	-1
16	28	L
16	29	Lp
16	30	L
16	31	-1
16	32	L
16	33	-1
16	34	L
16	35	L
16	36	L
16	37	L
16	38	L
16	39	-1
16	40	L
16	41	L
16	42	L
16	43	-1
16	44	-1
16	45	L
16	46	L
16	47	-1
16	48	L
16	49	L
16	50	L
16	51	L
16	52	L
16	53	L
16	54	L
16	55	L
16	56	Lp
16	57	Lp
16	58	Lp
16	59	L
16	60	L
16	61	Lp
16	62	Lp
16	63	L
16	64	L
16	65	U
16	66	-1
16	67	L
16	68	L
16	69	-1
16	70	U
16	71	Lp
16	72	L
16	73	L
16	74	Lp
16	75	-1
16	76	Lp
16	77	Lp
16	78	Lp
16	79	Lp
16	80	Lp
16	81	Lp
16	82	Lp
16	83	Lp
16	84	-1
16	85	Lp
16	86	Lp
16	87	-1
16	88	Lp
16	89	Lp
16	90	Lp
16	91	Lp
16	92	Lp
16	93	U
16	94	-1
16	95	Lp
16	96	Lp
16	97	Lp
16	98	Lp
16	99	-1
16	100	-1
16	101	L
16	102	L
16	103	Lp
16	104	Lp
16	105	Lp
16	106	Lp
16	107	Lp
16	108	Lp
16	109	-1
16	110	L
16	111	Lp
16	112	Lp
16	113	Lp
16	114	Lp
16	115	Lp
16	116	Lp
16	117	-1
16	118	Lp
16	119	Lp
17	0	Lp
17	1	Lp
17	2	Lp
17	3	Lp
17	4	Lp
17	5	Lp
17	6	-1
17	7	Lp
17	8	Lp
17	9	Lp
17	10	Lp
17	11	Lp
17	12	Lp
17	13	Lp
17	14	Lp
17	15	Lp
17	16	Lp
17	17	Lp
17	18	Lp
17	19	Lp
17	20	Lp
17	21	Lp
17	22	-1
17	23	Lp
17	24	Lp
17	25	L
17	26	L
17	27	L
17	28	L
17	29	L
17	30	-1
17	31	L
17	32	-1
17	33	-1
17	34	L
17	35	-1
17	36	L
17	37	-1
17	38	L
17	39	L
17	40	-1
17	41	-1
17	42	L
17	43	L
17	44	L
17	45	-1
17	46	Lp
17	47	L
17	48	L
17	49	Lp
17	50	L
17	51	L
17	52	L
17	53	L
17	54	-1
17	55	L
17	56	Lp
17	57	-1
17	58	L
17	59	Lp
17	60	Lp
17	61	-1
17	62	L
17	63	L
17	64	L
17	65	L
17	66	U
17	67	-1
17	68	L
17	69	L
17	70	Lp
17	71	L
17	72	Lp
17	73	L
17	74	Lp
17	75	-1
17	76	Lp
17	77	Lp
17	78	-1
17	79	Lp
17	80	Lp
17	81	Lp
17	82	-1
17	83	Lp
17	84	Lp
17	85	Lp
17	86	Lp
17	87	Lp
17	88	Lp
17	89	Lp
17	90	Lp
17	91	Lp
17	92	Lp
17	93	Lp
17	94	U
17	95	Lp
17	96	Lp
17	97	Lp
17	98	Lp
17	99	Lp
17	100	Lp
17	101	Lp
17	102	Lp
17	103	-1
17	104	Lp
17	105	Lp
17	106	-1
17	107	Lp
17	108	-1
17	109	Lp
17	110	Lp
17	111	-1
17	112	Lp
17	113	-1
17	114	Lp
17	115	Lp
17	116	Lp
17	117	Lp
17	118	Lp
17	119	Lp
18	0	Lp
18	1	Lp
18	2	Lp
18	3	Lp
18	4	Lp
18	5	Lp
18	6	Lp
18	7	Lp
18	8	Lp
18	9	Lp
18	10	Lp
18	11	Lp
18	12	Lp
18	13	Lp
18	14	Lp
18	15	Lp
18	16	-1
18	17	-1
18	18	Lp
18	19	-1
18	20	Lp
18	21	Lp
18	22	-1
18	23	-1
18	24	Lp
18	25	-1
18	26	L
18	27	L
18	28	-1
18	29	Lp
18	30	L
18	31	Lp
18	32	-1
18	33	-1
18	34	L
18	35	-1
18	36	U
18	37	U
18	38	L
18	39	L
18	40	-1
18	41	L
18	42	L
18	43	L
18	44	L
18	45	Lp
18	46	Lp
18	47	Lp
18	48	Lp
18	49	L
18	50	Lp
18	51	L
18	52	L
18	53	L
18	54	-1
18	55	L
18	56	-1
18	57	Lp
18	58	Lp
18	59	Lp
18	60	Lp
18	61	Lp
18	62	L
18	63	L
18	64	L
18	65	L
18	66	L
18	67	L
18	68	L
18	69	Lp
18	70	L
18	71	Lp
18	72	Lp
18	73	Lp
18	74	Lp
18	75	Lp
18	76	Lp
18	77	Lp
18	78	Lp
18	79	Lp
18	80	Lp
18	81	-1
18	82	Lp
18	83	Lp
18	84	-1
18	85	-1
18	86	Lp
18	87	Lp
18	88	-1
18	89	Lp
18	90	Lp
18	91	Lp
18	92	Lp
18	93	Lp
18	94	U
18	95	-1
18	96	Lp
18	97	Lp
18	98	Lp
18	99	Lp
18	100	Lp
18	101	-1
18	102	Lp
18	103	L
18	104	-1
18	105	Lp
18	106	-1
18	107	Lp
18	108	L
18	109	L
18	110	Lp
18	111	L
18	112	Lp
18	113	Lp
18	114	Lp
18	115	Lp
18	116	-1
18	117	-1
18	118	Lp
18	119	U
19	0	U
19	1	U
19	2	U
19	3	Lp
19	4	Lp
19	5	Lp
19	6	Lp
19	7	-1
19	8	-1
19	9	Lp
19	10	Lp
19	11	Lp
19	12	Lp
19	13	Lp
19	14	Lp
19	15	-1
19	16	Lp
19	17	Lp
19	18	Lp
19	19	Lp
19	20	-1
19	21	-1
19	22	-1
19	23	-1
19	24	Lp
19	25	-1
19	26	Lp
19	27	Lp
19	28	Lp
19	29	Lp
19	30	Lp
19	31	Lp
19	32	Lp
19	33	L
19	34	L
19	35	L
19	36	L
19	37	L
19	38	L
19	39	L
19	40	L
19	41	L
19	42	-1
19	43	L
19	44	L
19	45	L
19	46	L
19	47	Lp
19	48	Lp
19	49	-1
19	50	-1
19	51	-1
19	52	Lp
19	53	Lp
19	54	Lp
19	55	Lp
19	56	L
19	57	L
19	58	Lp
19	59	Lp
19	60	-1
19	61	Lp
19	62	Lp
19	63	Lp
19	64	L
19	65	-1
19	66	L
19	67	L
19	68	U
19	69	L
19	70	Lp
19	71	-1
19	72	Lp
19	73	Lp
19	74	L
19	75	Lp
19	76	-1
19	77	-1
19	78	Lp
19	79	Lp
19	80	Lp
19	81	Lp
19	82	Lp
19	83	Lp
19	84	-1
19	85	Lp
19	86	Lp
19	87	-1
19	88	Lp
19	89	Lp
19	90	Lp
19	91	Lp
19	92	Lp
19	93	Lp
19	94	-1
19	95	-1
19	96	Lp
19	97	-1
19	98	Lp
19	99	Lp
19	100	Lp
19	101	Lp
19	102	Lp
19	103	Lp
19	104	Lp
19	105	-1
19	106	-1
19	107	Lp
19	108	Lp
19	109	Lp
19	110	L
19	111	Lp
19	112	-1
19	113	Lp
19	114	Lp
19	115	Lp
19	116	-1
19	117	Lp
19	118	Lp
19	119	Lp
20	0	Lp
20	1	U
20	2	U
20	3	Lp
20	4	-1
20	5	Lp
20	6	Lp
20	7	Lp
20	8	Lp
20	9	Lp
20	10	Lp
20	11	Lp
20	12	Lp
20	13	Lp
20	14	Lp
20	15	Lp
20	16	-1
20	17	-1
20	18	Lp
20	19	-1
20	20	Lp
20	21	-1
20	22	Lp
20	23	Lp
20	24	-1
20	25	Lp
20	26	-1
20	27	-1
20	28	Lp
20	29	Lp
20	30	Lp
20	31	Lp
20	32	Lp
20	33	Lp
20	34	-1
20	35	L
20	36	L
20	37	L
20	38	L
20	39	L
20	40	L
20	41	-1
20	42	L
20	43	L
20	44	L
20	45	L
20	46	Lp
20	47	Lp
20	48	-1
20	49	Lp
20	50	L
20	51	Lp
20	52	Lp
20	53	Lp
20	54	-1
20	55	L
20	56	Lp
20	57	L
20	58	-1
20	59	L
20	60	Lp
20	61	Lp
20	62	Lp
20	63	Lp
20	64	Lp
20	65	-1
20	66	-1
20	67	L
20	68	-1
20	69	L
20	70	L
20	71	L
20	72	Lp
20	73	L
20	74	-1
20	75	-1
20	76	-1
20	77	Lp
20	78	Lp
20	79	-1
20	80	-1
20	81	-1
20	82	Lp
20	83	-1
20	84	Lp
20	85	Lp
20	86	Lp
20	87	-1
20	88	-1
20	89	Lp
20	90	-1
20	91	Lp
20	92	Lp
20	93	-1
20	94	Lp
20	95	Lp
20	96	Lp
20	97	Lp
20	98	-1
20	99	Lp
20	100	Lp
20	101	Lp
20	102	-1
20	103	Lp
20	104	Lp
20	105	Lp
20	106	-1
20	107	Lp
20	108	Lp
20	109	Lp
20	110	Lp
20	111	Lp
20	112	Lp
20	113	U
20	114	U
20	115	-1
20	116	Lp
20	117	-1
20	118	Lp
20	119	Lp
21	0	Lp
21	1	U
21	2	U
21	3	-1
21	4	Lp
21	5	Lp
21	6	Lp
21	7	Lp
21	8	Lp
21	9	-1
21	10	Lp
21	11	Lp
21	12	Lp
21	13	Lp
21	14	-1
21	15	Lp
21	16	-1
21	17	Lp
21	18	Lp
21	19	Lp
21	20	Lp
21	21	Lp
21	22	Lp
21	23	Lp
21	24	Lp
21	25	U
21	26	Lp
21	27	Lp
21	28	Lp
21	29	Lp
21	30	Lp
21	31	Lp
21	32	Lp
21	33	L
21	34	L
21	35	L
21	36	L
21	37	L
21	38	L
21	39	L
21	40	L
21	41	L
21	42	-1
21	43	L
21	44	L
21	45	-1
21	46	Lp
21	47	Lp
21	48	Lp
21	49	U
21	50	-1
21	51	Lp
21	52	Lp
21	53	Lp
21	54	-1
21	55	-1
21	56	L
21	57	L
21	58	L
21	59	L
21	60	-1
21	61	Lp
21	62	Lp
21	63	Lp
21	64	-1
21	65	-1
21	66	L
21	67	L
21	68	L
21	69	L
21	70	L
21	71	Lp
21	72	Lp
21	73	-1
21	74	L
21	75	L
21	76	-1
21	77	-1
21	78	Lp
21	79	-1
21	80	-1
21	81	-1
21	82	Lp
21	83	Lp
21	84	Lp
21	85	Lp
21	86	Lp
21	87	-1
21	88	-1
21	89	Lp
21	90	Lp
21	91	Lp
21	92	Lp
21	93	Lp
21	94	Lp
21	95	Lp
21	96	Lp
21	97	Lp
21	98	Lp
21	99	Lp
21	100	Lp
21	101	Lp
21	102	Lp
21	103	Lp
21	104	Lp
21	105	Lp
21	106	Lp
21	107	Lp
21	108	Lp
21	109	-1
21	110	Lp
21	111	Lp
21	112	U
21	113	Lp
21	114	U
21	115	U
21	116	Lp
21	117	Lp
21	118	Lp
21	119	Lp
22	0	Lp
22	1	L
22	2	L
22	3	L
22	4	L
22	5	Lp
22	6	Lp
22	7	Lp
22	8	Lp
22	9	Lp
22	10	Lp
22	11	Lp
22	12	Lp
22	13	Lp
22	14	Lp
22	15	Lp
22	16	-1
22	17	Lp
22	18	Lp
22	19	Lp
22	20	Lp
22	21	Lp
22	22	Lp
22	23	-1
22	24	Lp
22	25	U
22	26	Lp
22	27	-1
22	28	Lp
22	29	Lp
22	30	-1
22	31	Lp
22	32	L
22	33	L
22	34	L
22	35	L
22	36	L
22	37	L
22	38	-1
22	39	-1
22	40	-1
22	41	L
22	42	L
22	43	-1
22	44	L
22	45	Lp
22	46	Lp
22	47	Lp
22	48	Lp
22	49	Lp
22	50	Lp
22	51	Lp
22	52	Lp
22	53	Lp
22	54	Lp
22	55	Lp
22	56	Lp
22	57	-1
22	58	L
22	59	L
22	60	-1
22	61	Lp
22	62	-1
22	63	-1
22	64	-1
22	65	-1
22	66	Lp
22	67	-1
22	68	Lp
22	69	Lp
22	70	L
22	71	Lp
22	72	Lp
22	73	Lp
22	74	L
22	75	Lp
22	76	Lp
22	77	L
22	78	Lp
22	79	Lp
22	80	Lp
22	81	Lp
22	82	Lp
22	83	-1
22	84	Lp
22	85	-1
22	86	-1
22	87	Lp
22	88	-1
22	89	Lp
22	90	Lp
22	91	Lp
22	92	Lp
22	93	Lp
22	94	Lp
22	95	Lp
22	96	Lp
22	97	Lp
22	98	Lp
22	99	Lp
22	100	-1
22	101	-1
22	102	Lp
22	103	-1
22	104	Lp
22	105	-1
22	106	Lp
22	107	Lp
22	108	Lp
22	109	-1
22	110	Lp
22	111	Lp
22	112	-1
22	113	Lp
22	114	Lp
22	115	Lp
22	116	Lp
22	117	Lp
22	118	Lp
22	119	Lp
23	0	Lp
23	1	-1
23	2	L
23	3	L
23	4	L
23	5	Lp
23	6	-1
23	7	-1
23	8	Lp
23	9	-1
23	10	-1
23	11	Lp
23	12	Lp
23	13	Lp
23	14	Lp
23	15	Lp
23	16	Lp
23	17	Lp
23	18	-1
23	19	Lp
23	20	Lp
23	21	Lp
23	22	Lp
23	23	-1
23	24	U
23	25	Lp
23	26	Lp
23	27	Lp
23	28	-1
23	29	L
23	30	Lp
23	31	Lp
23	32	L
23	33	-1
23	34	-1
23	35	-1
23	36	L
23	37	L
23	38	L
23	39	-1
23	40	L
23	41	L
23	42	-1
23	43	L
23	44	L
23	45	L
23	46	Lp
23	47	-1
23	48	Lp
23	49	Lp
23	50	Lp
23	51	Lp
23	52	Lp
23	53	Lp
23	54	Lp
23	55	Lp
23	56	Lp
23	57	L
23	58	Lp
23	59	Lp
23	60	L
23	61	Lp
23	62	Lp
23	63	Lp
23	64	Lp
23	65	-1
23	66	-1
23	67	L
23	68	Lp
23	69	-1
23	70	Lp
23	71	L
23	72	-1
23	73	Lp
23	74	L
23	75	L
23	76	-1
23	77	Lp
23	78	L
23	79	Lp
23	80	Lp
23	81	Lp
23	82	-1
23	83	Lp
23	84	Lp
23	85	U
23	86	Lp
23	87	L
23	88	Lp
23	89	Lp
23	90	Lp
23	91	Lp
23	92	Lp
23	93	Lp
23	94	Lp
23	95	Lp
23	96	Lp
23	97	Lp
23	98	Lp
23	99	Lp
23	100	Lp
23	101	Lp
23	102	Lp
23	103	-1
23	104	Lp
23	105	Lp
23	106	Lp
23	107	Lp
23	108	Lp
23	109	Lp
23	110	Lp
23	111	Lp
23	112	Lp
23	113	Lp
23	114	Lp
23	115	Lp
23	116	Lp
23	117	Lp
23	118	Lp
23	119	Lp
24	0	Lp
24	1	Lp
24	2	L
24	3	L
24	4	Lp
24	5	Lp
24	6	Lp
24	7	Lp
24	8	Lp
24	9	Lp
24	10	Lp
24	11	Lp
24	12	Lp
24	13	Lp
24	14	Lp
24	15	Lp
24	16	-1
24	17	Lp
24	18	Lp
24	19	Lp
24	20	Lp
24	21	Lp
24	22	-1
24	23	Lp
24	24	U
24	25	U
24	26	-1
24	27	-1
24	28	-1
24	29	-1
24	30	Lp
24	31	-1
24	32	L
24	33	L
24	34	L
24	35	L
24	36	L
24	37	L
24	38	L
24	39	L
24	40	L
24	41	L
24	42	L
24	43	-1
24	44	L
24	45	L
24	46	-1
24	47	Lp
24	48	Lp
24	49	-1
24	50	Lp
24	51	Lp
24	52	Lp
24	53	-1
24	54	Lp
24	55	Lp
24	56	Lp
24	57	Lp
24	58	Lp
24	59	Lp
24	60	Lp
24	61	Lp
24	62	-1
24	63	Lp
24	64	Lp
24	65	Lp
24	66	Lp
24	67	-1
24	68	Lp
24	69	Lp
24	70	Lp
24	71	Lp
24	72	Lp
24	73	L
24	74	-1
24	75	Lp
24	76	Lp
24	77	-1
24	78	Lp
24	79	L
24	80	-1
24	81	Lp
24	82	Lp
24	83	Lp
24	84	Lp
24	85	Lp
24	86	L
24	87	L
24	88	L
24	89	Lp
24	90	Lp
24	91	Lp
24	92	Lp
24	93	Lp
24	94	-1
24	95	Lp
24	96	Lp
24	97	Lp
24	98	-1
24	99	U
24	100	Lp
24	101	-1
24	102	Lp
24	103	-1
24	104	Lp
24	105	-1
24	106	-1
24	107	Lp
24	108	Lp
24	109	Lp
24	110	Lp
24	111	Lp
24	112	Lp
24	113	Lp
24	114	Lp
24	115	Lp
24	116	Lp
24	117	-1
24	118	Lp
24	119	-1
25	0	Lp
25	1	L
25	2	L
25	3	L
25	4	-1
25	5	Lp
25	6	Lp
25	7	Lp
25	8	Lp
25	9	Lp
25	10	Lp
25	11	Lp
25	12	-1
25	13	Lp
25	14	L
25	15	L
25	16	Lp
25	17	Lp
25	18	Lp
25	19	Lp
25	20	-1
25	21	-1
25	22	Lp
25	23	Lp
25	24	Lp
25	25	-1
25	26	-1
25	27	-1
25	28	Lp
25	29	L
25	30	L
25	31	L
25	32	-1
25	33	-1
25	34	L
25	35	L
25	36	L
25	37	L
25	38	L
25	39	L
25	40	L
25	41	L
25	42	-1
25	43	-1
25	44	L
25	45	L
25	46	-1
25	47	L
25	48	Lp
25	49	Lp
25	50	Lp
25	51	Lp
25	52	Lp
25	53	L
25	54	-1
25	55	Lp
25	56	Lp
25	57	Lp
25	58	Lp
25	59	Lp
25	60	-1
25	61	Lp
25	62	Lp
25	63	Lp
25	64	Lp
25	65	Lp
25	66	Lp
25	67	Lp
25	68	Lp
25	69	-1
25	70	Lp
25	71	Lp
25	72	L
25	73	L
25	74	L
25	75	L
25	76	L
25	77	Lp
25	78	Lp
25	79	L
25	80	L
25	81	-1
25	82	Lp
25	83	Lp
25	84	Lp
25	85	Lp
25	86	Lp
25	87	L
25	88	Lp
25	89	Lp
25	90	Lp
25	91	Lp
25	92	Lp
25	93	Lp
25	94	Lp
25	95	Lp
25	96	Lp
25	97	Lp
25	98	-1
25	99	Lp
25	100	U
25	101	Lp
25	102	-1
25	103	Lp
25	104	Lp
25	105	-1
25	106	Lp
25	107	Lp
25	108	Lp
25	109	Lp
25	110	Lp
25	111	Lp
25	112	Lp
25	113	Lp
25	114	Lp
25	115	-1
25	116	Lp
25	117	Lp
25	118	Lp
25	119	Lp
26	0	Lp
26	1	-1
26	2	Lp
26	3	Lp
26	4	L
26	5	-1
26	6	Lp
26	7	-1
26	8	Lp
26	9	Lp
26	10	Lp
26	11	-1
26	12	Lp
26	13	-1
26	14	Lp
26	15	Lp
26	16	Lp
26	17	Lp
26	18	Lp
26	19	Lp
26	20	Lp
26	21	Lp
26	22	Lp
26	23	Lp
26	24	Lp
26	25	Lp
26	26	Lp
26	27	Lp
26	28	L
26	29	U
26	30	U
26	31	-1
26	32	L
26	33	L
26	34	L
26	35	L
26	36	L
26	37	L
26	38	L
26	39	L
26	40	L
26	41	L
26	42	L
26	43	L
26	44	-1
26	45	L
26	46	L
26	47	L
26	48	Lp
26	49	Lp
26	50	Lp
26	51	L
26	52	L
26	53	Lp
26	54	Lp
26	55	Lp
26	56	Lp
26	57	-1
26	58	Lp
26	59	Lp
26	60	Lp
26	61	-1
26	62	Lp
26	63	Lp
26	64	Lp
26	65	Lp
26	66	Lp
26	67	Lp
26	68	Lp
26	69	-1
26	70	-1
26	71	Lp
26	72	Lp
26	73	L
26	74	L
26	75	-1
26	76	L
26	77	Lp
26	78	Lp
26	79	Lp
26	80	U
26	81	Lp
26	82	U
26	83	Lp
26	84	Lp
26	85	Lp
26	86	L
26	87	L
26	88	Lp
26	89	Lp
26	90	Lp
26	91	-1
26	92	-1
26	93	Lp
26	94	-1
26	95	Lp
26	96	Lp
26	97	-1
26	98	Lp
26	99	Lp
26	100	Lp
26	101	Lp
26	102	Lp
26	103	Lp
26	104	Lp
26	105	-1
26	106	-1
26	107	Lp
26	108	Lp
26	109	Lp
26	110	-1
26	111	Lp
26	112	Lp
26	113	-1
26	114	Lp
26	115	Lp
26	116	Lp
26	117	Lp
26	118	Lp
26	119	Lp
27	0	-1
27	1	Lp
27	2	Lp
27	3	L
27	4	Lp
27	5	Lp
27	6	-1
27	7	Lp
27	8	Lp
27	9	Lp
27	10	Lp
27	11	Lp
27	12	-1
27	13	Lp
27	14	Lp
27	15	Lp
27	16	Lp
27	17	Lp
27	18	Lp
27	19	Lp
27	20	Lp
27	21	U
27	22	-1
27	23	Lp
27	24	Lp
27	25	Lp
27	26	Lp
27	27	Lp
27	28	Lp
27	29	L
27	30	L
27	31	-1
27	32	L
27	33	L
27	34	L
27	35	L
27	36	L
27	37	L
27	38	L
27	39	L
27	40	-1
27	41	L
27	42	L
27	43	L
27	44	Lp
27	45	Lp
27	46	L
27	47	L
27	48	L
27	49	L
27	50	Lp
27	51	L
27	52	Lp
27	53	-1
27	54	-1
27	55	-1
27	56	Lp
27	57	Lp
27	58	Lp
27	59	-1
27	60	L
27	61	L
27	62	L
27	63	Lp
27	64	Lp
27	65	Lp
27	66	Lp
27	67	Lp
27	68	-1
27	69	Lp
27	70	Lp
27	71	-1
27	72	Lp
27	73	Lp
27	74	-1
27	75	L
27	76	-1
27	77	L
27	78	-1
27	79	L
27	80	-1
27	81	U
27	82	-1
27	83	-1
27	84	Lp
27	85	Lp
27	86	Lp
27	87	Lp
27	88	Lp
27	89	Lp
27	90	Lp
27	91	Lp
27	92	Lp
27	93	Lp
27	94	Lp
27	95	Lp
27	96	Lp
27	97	Lp
27	98	Lp
27	99	Lp
27	100	Lp
27	101	Lp
27	102	Lp
27	103	Lp
27	104	Lp
27	105	U
27	106	Lp
27	107	Lp
27	108	Lp
27	109	Lp
27	110	Lp
27	111	Lp
27	112	Lp
27	113	Lp
27	114	-1
27	115	Lp
27	116	-1
27	117	Lp
27	118	U
27	119	Lp
28	0	-1
28	1	Lp
28	2	Lp
28	3	Lp
28	4	Lp
28	5	-1
28	6	Lp
28	7	Lp
28	8	Lp
28	9	-1
28	10	-1
28	11	Lp
28	12	Lp
28	13	Lp
28	14	-1
28	15	-1
28	16	Lp
28	17	Lp
28	18	Lp
28	19	Lp
28	20	Lp
28	21	Lp
28	22	Lp
28	23	Lp
28	24	Lp
28	25	Lp
28	26	Lp
28	27	Lp
28	28	-1
28	29	Lp
28	30	L
28	31	Lp
28	32	Lp
28	33	-1
28	34	L
28	35	L
28	36	L
28	37	-1
28	38	-1
28	39	L
28	40	-1
28	41	L
28	42	L
28	43	L
28	44	Lp
28	45	L
28	46	Lp
28	47	L
28	48	L
28	49	L
28	50	L
28	51	Lp
28	52	Lp
28	53	Lp
28	54	Lp
28	55	-1
28	56	-1
28	57	Lp
28	58	Lp
28	59	L
28	60	L
28	61	Lp
28	62	Lp
28	63	Lp
28	64	-1
28	65	Lp
28	66	Lp
28	67	Lp
28	68	Lp
28	69	Lp
28	70	Lp
28	71	-1
28	72	Lp
28	73	Lp
28	74	Lp
28	75	L
28	76	-1
28	77	L
28	78	L
28	79	L
28	80	U
28	81	Lp
28	82	Lp
28	83	Lp
28	84	Lp
28	85	-1
28	86	L
28	87	Lp
28	88	Lp
28	89	Lp
28	90	Lp
28	91	Lp
28	92	Lp
28	93	Lp
28	94	Lp
28	95	Lp
28	96	Lp
28	97	Lp
28	98	Lp
28	99	Lp
28	100	Lp
28	101	Lp
28	102	Lp
28	103	Lp
28	104	Lp
28	105	Lp
28	106	Lp
28	107	Lp
28	108	Lp
28	109	-1
28	110	Lp
28	111	Lp
28	112	Lp
28	113	Lp
28	114	-1
28	115	-1
28	116	Lp
28	117	-1
28	118	Lp
28	119	U
29	0	Lp
29	1	Lp
29	2	Lp
29	3	Lp
29	4	Lp
29	5	Lp
29	6	-1
29	7	Lp
29	8	Lp
29	9	Lp
29	10	Lp
29	11	Lp
29	12	Lp
29	13	-1
29	14	L
29	15	Lp
29	16	-1
29	17	Lp
29	18	U
29	19	Lp
29	20	Lp
29	21	Lp
29	22	Lp
29	23	Lp
29	24	Lp
29	25	Lp
29	26	Lp
29	27	Lp
29	28	-1
29	29	Lp
29	30	Lp
29	31	Lp
29	32	Lp
29	33	Lp
29	34	L
29	35	L
29	36	L
29	37	Lp
29	38	Lp
29	39	L
29	40	-1
29	41	L
29	42	Lp
29	43	Lp
29	44	-1
29	45	L
29	46	Lp
29	47	L
29	48	L
29	49	-1
29	50	-1
29	51	Lp
29	52	Lp
29	53	Lp
29	54	Lp
29	55	Lp
29	56	Lp
29	57	-1
29	58	L
29	59	Lp
29	60	Lp
29	61	L
29	62	Lp
29	63	Lp
29	64	Lp
29	65	Lp
29	66	-1
29	67	Lp
29	68	Lp
29	69	Lp
29	70	Lp
29	71	Lp
29	72	Lp
29	73	L
29	74	L
29	75	Lp
29	76	-1
29	77	-1
29	78	U
29	79	L
29	80	Lp
29	81	U
29	82	Lp
29	83	Lp
29	84	-1
29	85	-1
29	86	-1
29	87	L
29	88	-1
29	89	-1
29	90	Lp
29	91	-1
29	92	Lp
29	93	Lp
29	94	Lp
29	95	Lp
29	96	-1
29	97	Lp
29	98	-1
29	99	Lp
29	100	Lp
29	101	Lp
29	102	Lp
29	103	Lp
29	104	Lp
29	105	Lp
29	106	Lp
29	107	Lp
29	108	-1
29	109	U
29	110	Lp
29	111	-1
29	112	-1
29	113	Lp
29	114	Lp
29	115	Lp
29	116	Lp
29	117	-1
29	118	U
29	119	Lp
30	0	Lp
30	1	Lp
30	2	Lp
30	3	Lp
30	4	Lp
30	5	Lp
30	6	Lp
30	7	Lp
30	8	Lp
30	9	Lp
30	10	Lp
30	11	L
30	12	L
30	13	L
30	14	Lp
30	15	Lp
30	16	Lp
30	17	-1
30	18	-1
30	19	U
30	20	Lp
30	21	Lp
30	22	Lp
30	23	Lp
30	24	Lp
30	25	-1
30	26	Lp
30	27	Lp
30	28	-1
30	29	L
30	30	L
30	31	Lp
30	32	-1
30	33	-1
30	34	-1
30	35	Lp
30	36	L
30	37	L
30	38	L
30	39	L
30	40	L
30	41	L
30	42	L
30	43	-1
30	44	L
30	45	L
30	46	L
30	47	Lp
30	48	Lp
30	49	Lp
30	50	-1
30	51	-1
30	52	Lp
30	53	Lp
30	54	Lp
30	55	-1
30	56	L
30	57	L
30	58	L
30	59	L
30	60	L
30	61	Lp
30	62	-1
30	63	-1
30	64	Lp
30	65	Lp
30	66	Lp
30	67	Lp
30	68	Lp
30	69	Lp
30	70	Lp
30	71	-1
30	72	Lp
30	73	Lp
30	74	L
30	75	Lp
30	76	Lp
30	77	U
30	78	U
30	79	Lp
30	80	Lp
30	81	-1
30	82	L
30	83	Lp
30	84	Lp
30	85	L
30	86	L
30	87	-1
30	88	Lp
30	89	Lp
30	90	Lp
30	91	Lp
30	92	-1
30	93	Lp
30	94	Lp
30	95	Lp
30	96	Lp
30	97	Lp
30	98	-1
30	99	Lp
30	100	Lp
30	101	Lp
30	102	-1
30	103	Lp
30	104	Lp
30	105	Lp
30	106	Lp
30	107	Lp
30	108	-1
30	109	Lp
30	110	Lp
30	111	Lp
30	112	-1
30	113	Lp
30	114	-1
30	115	Lp
30	116	Lp
30	117	Lp
30	118	Lp
30	119	Lp
31	0	Lp
31	1	Lp
31	2	Lp
31	3	-1
31	4	Lp
31	5	Lp
31	6	Lp
31	7	Lp
31	8	-1
31	9	Lp
31	10	-1
31	11	L
31	12	L
31	13	-1
31	14	Lp
31	15	-1
31	16	Lp
31	17	Lp
31	18	U
31	19	-1
31	20	Lp
31	21	Lp
31	22	Lp
31	23	Lp
31	24	Lp
31	25	Lp
31	26	Lp
31	27	-1
31	28	Lp
31	29	L
31	30	L
31	31	L
31	32	L
31	33	L
31	34	-1
31	35	L
31	36	L
31	37	-1
31	38	L
31	39	L
31	40	L
31	41	-1
31	42	-1
31	43	L
31	44	L
31	45	L
31	46	L
31	47	L
31	48	Lp
31	49	Lp
31	50	Lp
31	51	Lp
31	52	Lp
31	53	Lp
31	54	Lp
31	55	Lp
31	56	L
31	57	L
31	58	L
31	59	L
31	60	Lp
31	61	L
31	62	Lp
31	63	Lp
31	64	-1
31	65	Lp
31	66	Lp
31	67	Lp
31	68	Lp
31	69	Lp
31	70	Lp
31	71	Lp
31	72	Lp
31	73	Lp
31	74	Lp
31	75	Lp
31	76	Lp
31	77	Lp
31	78	Lp
31	79	Lp
31	80	Lp
31	81	-1
31	82	Lp
31	83	Lp
31	84	Lp
31	85	Lp
31	86	-1
31	87	Lp
31	88	Lp
31	89	Lp
31	90	L
31	91	L
31	92	-1
31	93	Lp
31	94	Lp
31	95	Lp
31	96	-1
31	97	Lp
31	98	Lp
31	99	-1
31	100	Lp
31	101	Lp
31	102	-1
31	103	Lp
31	104	Lp
31	105	Lp
31	106	Lp
31	107	Lp
31	108	Lp
31	109	Lp
31	110	Lp
31	111	Lp
31	112	Lp
31	113	Lp
31	114	Lp
31	115	Lp
31	116	Lp
31	117	Lp
31	118	Lp
31	119	Lp
32	0	Lp
32	1	-1
32	2	Lp
32	3	Lp
32	4	Lp
32	5	Lp
32	6	Lp
32	7	Lp
32	8	-1
32	9	L
32	10	L
32	11	-1
32	12	-1
32	13	L
32	14	Lp
32	15	Lp
32	16	Lp
32	17	Lp
32	18	Lp
32	19	Lp
32	20	Lp
32	21	Lp
32	22	L
32	23	Lp
32	24	Lp
32	25	Lp
32	26	Lp
32	27	Lp
32	28	L
32	29	L
32	30	L
32	31	Lp
32	32	L
32	33	-1
32	34	-1
32	35	L
32	36	L
32	37	L
32	38	L
32	39	L
32	40	L
32	41	L
32	42	-1
32	43	L
32	44	-1
32	45	L
32	46	L
32	47	Lp
32	48	Lp
32	49	Lp
32	50	L
32	51	-1
32	52	Lp
32	53	Lp
32	54	Lp
32	55	Lp
32	56	Lp
32	57	L
32	58	L
32	59	-1
32	60	Lp
32	61	-1
32	62	Lp
32	63	-1
32	64	Lp
32	65	Lp
32	66	Lp
32	67	Lp
32	68	Lp
32	69	Lp
32	70	Lp
32	71	Lp
32	72	-1
32	73	Lp
32	74	Lp
32	75	Lp
32	76	Lp
32	77	Lp
32	78	Lp
32	79	Lp
32	80	Lp
32	81	L
32	82	Lp
32	83	Lp
32	84	Lp
32	85	-1
32	86	-1
32	87	Lp
32	88	Lp
32	89	L
32	90	L
32	91	L
32	92	Lp
32	93	-1
32	94	Lp
32	95	Lp
32	96	Lp
32	97	-1
32	98	Lp
32	99	Lp
32	100	-1
32	101	Lp
32	102	Lp
32	103	Lp
32	104	Lp
32	105	Lp
32	106	Lp
32	107	Lp
32	108	Lp
32	109	-1
32	110	-1
32	111	Lp
32	112	Lp
32	113	Lp
32	114	-1
32	115	-1
32	116	-1
32	117	Lp
32	118	-1
32	119	Lp
33	0	-1
33	1	Lp
33	2	Lp
33	3	Lp
33	4	-1
33	5	Lp
33	6	Lp
33	7	U
33	8	-1
33	9	L
33	10	L
33	11	L
33	12	L
33	13	-1
33	14	-1
33	15	Lp
33	16	Lp
33	17	Lp
33	18	Lp
33	19	Lp
33	20	-1
33	21	Lp
33	22	L
33	23	Lp
33	24	Lp
33	25	Lp
33	26	Lp
33	27	Lp
33	28	L
33	29	L
33	30	-1
33	31	-1
33	32	Lp
33	33	L
33	34	-1
33	35	-1
33	36	L
33	37	-1
33	38	L
33	39	-1
33	40	-1
33	41	L
33	42	L
33	43	L
33	44	L
33	45	L
33	46	L
33	47	L
33	48	Lp
33	49	L
33	50	L
33	51	L
33	52	L
33	53	-1
33	54	Lp
33	55	Lp
33	56	Lp
33	57	-1
33	58	-1
33	59	Lp
33	60	-1
33	61	Lp
33	62	Lp
33	63	Lp
33	64	Lp
33	65	Lp
33	66	Lp
33	67	Lp
33	68	Lp
33	69	Lp
33	70	Lp
33	71	Lp
33	72	Lp
33	73	Lp
33	74	Lp
33	75	Lp
33	76	Lp
33	77	Lp
33	78	L
33	79	-1
33	80	L
33	81	-1
33	82	-1
33	83	Lp
33	84	Lp
33	85	U
33	86	U
33	87	U
33	88	U
33	89	Lp
33	90	-1
33	91	L
33	92	Lp
33	93	Lp
33	94	Lp
33	95	Lp
33	96	-1
33	97	Lp
33	98	-1
33	99	-1
33	100	Lp
33	101	Lp
33	102	Lp
33	103	Lp
33	104	Lp
33	105	Lp
33	106	Lp
33	107	Lp
33	108	Lp
33	109	-1
33	110	Lp
33	111	Lp
33	112	Lp
33	113	Lp
33	114	Lp
33	115	Lp
33	116	Lp
33	117	Lp
33	118	Lp
33	119	Lp
34	0	Lp
34	1	U
34	2	Lp
34	3	Lp
34	4	Lp
34	5	Lp
34	6	-1
34	7	Lp
34	8	U
34	9	U
34	10	Lp
34	11	L
34	12	-1
34	13	Lp
34	14	Lp
34	15	Lp
34	16	-1
34	17	L
34	18	Lp
34	19	Lp
34	20	L
34	21	L
34	22	L
34	23	Lp
34	24	Lp
34	25	Lp
34	26	Lp
34	27	Lp
34	28	Lp
34	29	L
34	30	L
34	31	L
34	32	L
34	33	L
34	34	L
34	35	L
34	36	L
34	37	L
34	38	L
34	39	-1
34	40	L
34	41	L
34	42	L
34	43	L
34	44	L
34	45	-1
34	46	L
34	47	L
34	48	L
34	49	-1
34	50	L
34	51	L
34	52	L
34	53	L
34	54	-1
34	55	Lp
34	56	Lp
34	57	Lp
34	58	Lp
34	59	Lp
34	60	Lp
34	61	-1
34	62	Lp
34	63	Lp
34	64	Lp
34	65	Lp
34	66	Lp
34	67	Lp
34	68	-1
34	69	Lp
34	70	Lp
34	71	Lp
34	72	Lp
34	73	Lp
34	74	Lp
34	75	-1
34	76	Lp
34	77	-1
34	78	L
34	79	L
34	80	Lp
34	81	Lp
34	82	L
34	83	Lp
34	84	Lp
34	85	Lp
34	86	Lp
34	87	Lp
34	88	U
34	89	U
34	90	U
34	91	-1
34	92	Lp
34	93	Lp
34	94	Lp
34	95	Lp
34	96	Lp
34	97	Lp
34	98	Lp
34	99	Lp
34	100	Lp
34	101	Lp
34	102	-1
34	103	Lp
34	104	Lp
34	105	Lp
34	106	Lp
34	107	Lp
34	108	-1
34	109	Lp
34	110	Lp
34	111	-1
34	112	Lp
34	113	Lp
34	114	Lp
34	115	Lp
34	116	Lp
34	117	Lp
34	118	Lp
34	119	-1
35	0	Lp
35	1	Lp
35	2	Lp
35	3	Lp
35	4	Lp
35	5	Lp
35	6	Lp
35	7	Lp
35	8	Lp
35	9	Lp
35	10	L
35	11	L
35	12	L
35	13	-1
35	14	Lp
35	15	Lp
35	16	L
35	17	Lp
35	18	L
35	19	-1
35	20	Lp
35	21	Lp
35	22	Lp
35	23	Lp
35	24	-1
35	25	-1
35	26	Lp
35	27	Lp
35	28	L
35	29	Lp
35	30	L
35	31	L
35	32	L
35	33	L
35	34	L
35	35	L
35	36	L
35	37	-1
35	38	L
35	39	L
35	40	L
35	41	L
35	42	L
35	43	L
35	44	L
35	45	U
35	46	-1
35	47	L
35	48	-1
35	49	L
35	50	L
35	51	L
35	52	-1
35	53	L
35	54	L
35	55	Lp
35	56	Lp
35	57	Lp
35	58	Lp
35	59	U
35	60	Lp
35	61	Lp
35	62	Lp
35	63	Lp
35	64	Lp
35	65	Lp
35	66	Lp
35	67	Lp
35	68	-1
35	69	Lp
35	70	Lp
35	71	-1
35	72	Lp
35	73	Lp
35	74	Lp
35	75	-1
35	76	Lp
35	77	Lp
35	78	Lp
35	79	Lp
35	80	-1
35	81	-1
35	82	Lp
35	83	Lp
35	84	Lp
35	85	Lp
35	86	Lp
35	87	Lp
35	88	Lp
35	89	-1
35	90	-1
35	91	U
35	92	Lp
35	93	Lp
35	94	Lp
35	95	Lp
35	96	Lp
35	97	-1
35	98	Lp
35	99	Lp
35	100	Lp
35	101	Lp
35	102	Lp
35	103	Lp
35	104	Lp
35	105	Lp
35	106	Lp
35	107	Lp
35	108	Lp
35	109	Lp
35	110	Lp
35	111	Lp
35	112	Lp
35	113	Lp
35	114	Lp
35	115	-1
35	116	-1
35	117	Lp
35	118	Lp
35	119	-1
36	0	Lp
36	1	Lp
36	2	Lp
36	3	Lp
36	4	-1
36	5	U
36	6	U
36	7	Lp
36	8	U
36	9	Lp
36	10	Lp
36	11	L
36	12	L
36	13	Lp
36	14	Lp
36	15	Lp
36	16	Lp
36	17	-1
36	18	L
36	19	L
36	20	L
36	21	Lp
36	22	Lp
36	23	-1
36	24	Lp
36	25	Lp
36	26	Lp
36	27	Lp
36	28	L
36	29	Lp
36	30	Lp
36	31	L
36	32	L
36	33	L
36	34	-1
36	35	L
36	36	-1
36	37	L
36	38	L
36	39	L
36	40	-1
36	41	L
36	42	L
36	43	-1
36	44	-1
36	45	L
36	46	L
36	47	-1
36	48	L
36	49	L
36	50	-1
36	51	-1
36	52	Lp
36	53	L
36	54	Lp
36	55	Lp
36	56	Lp
36	57	Lp
36	58	Lp
36	59	U
36	60	Lp
36	61	Lp
36	62	Lp
36	63	-1
36	64	Lp
36	65	Lp
36	66	Lp
36	67	Lp
36	68	Lp
36	69	Lp
36	70	-1
36	71	Lp
36	72	Lp
36	73	Lp
36	74	Lp
36	75	Lp
36	76	Lp
36	77	Lp
36	78	Lp
36	79	Lp
36	80	Lp
36	81	-1
36	82	Lp
36	83	Lp
36	84	-1
36	85	Lp
36	86	-1
36	87	Lp
36	88	Lp
36	89	Lp
36	90	Lp
36	91	-1
36	92	Lp
36	93	Lp
36	94	Lp
36	95	Lp
36	96	Lp
36	97	Lp
36	98	-1
36	99	Lp
36	100	Lp
36	101	Lp
36	102	Lp
36	103	-1
36	104	Lp
36	105	Lp
36	106	Lp
36	107	-1
36	108	-1
36	109	Lp
36	110	Lp
36	111	-1
36	112	-1
36	113	Lp
36	114	-1
36	115	Lp
36	116	-1
36	117	Lp
36	118	Lp
36	119	Lp
37	0	Lp
37	1	Lp
37	2	Lp
37	3	Lp
37	4	-1
37	5	Lp
37	6	U
37	7	Lp
37	8	-1
37	9	-1
37	10	Lp
37	11	Lp
37	12	Lp
37	13	Lp
37	14	Lp
37	15	Lp
37	16	Lp
37	17	-1
37	18	Lp
37	19	Lp
37	20	Lp
37	21	Lp
37	22	Lp
37	23	Lp
37	24	Lp
37	25	Lp
37	26	Lp
37	27	Lp
37	28	L
37	29	L
37	30	-1
37	31	L
37	32	L
37	33	L
37	34	L
37	35	L
37	36	L
37	37	L
37	38	L
37	39	L
37	40	L
37	41	L
37	42	-1
37	43	L
37	44	-1
37	45	L
37	46	L
37	47	-1
37	48	L
37	49	L
37	50	-1
37	51	-1
37	52	L
37	53	L
37	54	L
37	55	Lp
37	56	Lp
37	57	-1
37	58	Lp
37	59	Lp
37	60	Lp
37	61	-1
37	62	Lp
37	63	Lp
37	64	Lp
37	65	Lp
37	66	Lp
37	67	Lp
37	68	Lp
37	69	Lp
37	70	Lp
37	71	Lp
37	72	Lp
37	73	Lp
37	74	Lp
37	75	Lp
37	76	Lp
37	77	Lp
37	78	Lp
37	79	Lp
37	80	Lp
37	81	-1
37	82	Lp
37	83	Lp
37	84	Lp
37	85	Lp
37	86	Lp
37	87	U
37	88	Lp
37	89	Lp
37	90	L
37	91	U
37	92	Lp
37	93	U
37	94	Lp
37	95	Lp
37	96	Lp
37	97	Lp
37	98	Lp
37	99	Lp
37	100	Lp
37	101	Lp
37	102	-1
37	103	-1
37	104	Lp
37	105	U
37	106	Lp
37	107	-1
37	108	Lp
37	109	Lp
37	110	Lp
37	111	Lp
37	112	-1
37	113	Lp
37	114	-1
37	115	Lp
37	116	-1
37	117	-1
37	118	Lp
37	119	Lp
38	0	Lp
38	1	Lp
38	2	Lp
38	3	Lp
38	4	Lp
38	5	Lp
38	6	-1
38	7	-1
38	8	Lp
38	9	Lp
38	10	Lp
38	11	-1
38	12	-1
38	13	-1
38	14	Lp
38	15	Lp
38	16	Lp
38	17	-1
38	18	Lp
38	19	-1
38	20	Lp
38	21	Lp
38	22	Lp
38	23	Lp
38	24	Lp
38	25	Lp
38	26	Lp
38	27	Lp
38	28	-1
38	29	-1
38	30	-1
38	31	L
38	32	L
38	33	-1
38	34	-1
38	35	L
38	36	L
38	37	L
38	38	L
38	39	L
38	40	L
38	41	L
38	42	L
38	43	L
38	44	L
38	45	L
38	46	L
38	47	L
38	48	L
38	49	L
38	50	L
38	51	L
38	52	L
38	53	L
38	54	-1
38	55	Lp
38	56	Lp
38	57	Lp
38	58	Lp
38	59	Lp
38	60	Lp
38	61	Lp
38	62	Lp
38	63	-1
38	64	Lp
38	65	Lp
38	66	Lp
38	67	Lp
38	68	Lp
38	69	-1
38	70	Lp
38	71	Lp
38	72	Lp
38	73	Lp
38	74	-1
38	75	-1
38	76	Lp
38	77	Lp
38	78	-1
38	79	-1
38	80	Lp
38	81	Lp
38	82	-1
38	83	Lp
38	84	Lp
38	85	-1
38	86	Lp
38	87	-1
38	88	Lp
38	89	Lp
38	90	L
38	91	Lp
38	92	Lp
38	93	Lp
38	94	Lp
38	95	Lp
38	96	-1
38	97	-1
38	98	Lp
38	99	Lp
38	100	Lp
38	101	-1
38	102	Lp
38	103	Lp
38	104	Lp
38	105	Lp
38	106	Lp
38	107	Lp
38	108	Lp
38	109	Lp
38	110	Lp
38	111	Lp
38	112	Lp
38	113	-1
38	114	Lp
38	115	Lp
38	116	Lp
38	117	Lp
38	118	Lp
38	119	Lp
39	0	Lp
39	1	Lp
39	2	Lp
39	3	Lp
39	4	Lp
39	5	Lp
39	6	-1
39	7	Lp
39	8	Lp
39	9	Lp
39	10	Lp
39	11	Lp
39	12	Lp
39	13	Lp
39	14	Lp
39	15	Lp
39	16	Lp
39	17	L
39	18	L
39	19	Lp
39	20	-1
39	21	Lp
39	22	Lp
39	23	Lp
39	24	Lp
39	25	Lp
39	26	Lp
39	27	-1
39	28	Lp
39	29	-1
39	30	Lp
39	31	L
39	32	-1
39	33	L
39	34	L
39	35	L
39	36	L
39	37	-1
39	38	L
39	39	L
39	40	-1
39	41	L
39	42	L
39	43	L
39	44	-1
39	45	L
39	46	L
39	47	L
39	48	L
39	49	L
39	50	-1
39	51	L
39	52	L
39	53	L
39	54	L
39	55	L
39	56	-1
39	57	-1
39	58	Lp
39	59	Lp
39	60	-1
39	61	L
39	62	Lp
39	63	Lp
39	64	Lp
39	65	Lp
39	66	-1
39	67	-1
39	68	Lp
39	69	Lp
39	70	Lp
39	71	Lp
39	72	-1
39	73	Lp
39	74	-1
39	75	Lp
39	76	Lp
39	77	Lp
39	78	Lp
39	79	Lp
39	80	Lp
39	81	Lp
39	82	Lp
39	83	Lp
39	84	Lp
39	85	Lp
39	86	Lp
39	87	Lp
39	88	Lp
39	89	Lp
39	90	Lp
39	91	Lp
39	92	Lp
39	93	-1
39	94	Lp
39	95	Lp
39	96	Lp
39	97	Lp
39	98	Lp
39	99	Lp
39	100	-1
39	101	Lp
39	102	Lp
39	103	Lp
39	104	Lp
39	105	Lp
39	106	Lp
39	107	-1
39	108	Lp
39	109	Lp
39	110	-1
39	111	Lp
39	112	Lp
39	113	Lp
39	114	Lp
39	115	Lp
39	116	Lp
39	117	-1
39	118	Lp
39	119	Lp
40	0	Lp
40	1	Lp
40	2	-1
40	3	Lp
40	4	Lp
40	5	Lp
40	6	-1
40	7	-1
40	8	Lp
40	9	-1
40	10	Lp
40	11	Lp
40	12	Lp
40	13	Lp
40	14	Lp
40	15	Lp
40	16	Lp
40	17	L
40	18	L
40	19	Lp
40	20	-1
40	21	Lp
40	22	Lp
40	23	Lp
40	24	Lp
40	25	-1
40	26	Lp
40	27	Lp
40	28	Lp
40	29	Lp
40	30	L
40	31	Lp
40	32	L
40	33	L
40	34	L
40	35	Lp
40	36	Lp
40	37	L
40	38	L
40	39	-1
40	40	L
40	41	L
40	42	L
40	43	L
40	44	L
40	45	L
40	46	L
40	47	-1
40	48	-1
40	49	L
40	50	L
40	51	U
40	52	U
40	53	L
40	54	L
40	55	L
40	56	-1
40	57	Lp
40	58	Lp
40	59	Lp
40	60	Lp
40	61	-1
40	62	L
40	63	L
40	64	-1
40	65	-1
40	66	-1
40	67	Lp
40	68	Lp
40	69	Lp
40	70	Lp
40	71	Lp
40	72	Lp
40	73	Lp
40	74	Lp
40	75	-1
40	76	Lp
40	77	U
40	78	U
40	79	Lp
40	80	-1
40	81	-1
40	82	Lp
40	83	Lp
40	84	Lp
40	85	Lp
40	86	Lp
40	87	Lp
40	88	-1
40	89	Lp
40	90	Lp
40	91	Lp
40	92	Lp
40	93	Lp
40	94	Lp
40	95	Lp
40	96	-1
40	97	Lp
40	98	Lp
40	99	Lp
40	100	Lp
40	101	-1
40	102	Lp
40	103	-1
40	104	Lp
40	105	Lp
40	106	Lp
40	107	Lp
40	108	Lp
40	109	Lp
40	110	Lp
40	111	Lp
40	112	Lp
40	113	Lp
40	114	Lp
40	115	Lp
40	116	Lp
40	117	Lp
40	118	Lp
40	119	Lp
41	0	Lp
41	1	Lp
41	2	Lp
41	3	Lp
41	4	Lp
41	5	-1
41	6	Lp
41	7	-1
41	8	-1
41	9	Lp
41	10	Lp
41	11	-1
41	12	Lp
41	13	Lp
41	14	Lp
41	15	Lp
41	16	Lp
41	17	L
41	18	Lp
41	19	-1
41	20	Lp
41	21	Lp
41	22	Lp
41	23	Lp
41	24	L
41	25	-1
41	26	Lp
41	27	Lp
41	28	Lp
41	29	Lp
41	30	-1
41	31	-1
41	32	L
41	33	-1
41	34	-1
41	35	Lp
41	36	-1
41	37	L
41	38	L
41	39	L
41	40	-1
41	41	L
41	42	-1
41	43	L
41	44	L
41	45	L
41	46	-1
41	47	L
41	48	L
41	49	L
41	50	L
41	51	L
41	52	U
41	53	L
41	54	L
41	55	Lp
41	56	Lp
41	57	Lp
41	58	Lp
41	59	Lp
41	60	-1
41	61	Lp
41	62	L
41	63	L
41	64	Lp
41	65	-1
41	66	-1
41	67	-1
41	68	Lp
41	69	-1
41	70	Lp
41	71	Lp
41	72	Lp
41	73	Lp
41	74	Lp
41	75	Lp
41	76	Lp
41	77	Lp
41	78	U
41	79	Lp
41	80	Lp
41	81	Lp
41	82	Lp
41	83	-1
41	84	Lp
41	85	-1
41	86	-1
41	87	Lp
41	88	Lp
41	89	Lp
41	90	Lp
41	91	Lp
41	92	Lp
41	93	Lp
41	94	Lp
41	95	Lp
41	96	Lp
41	97	Lp
41	98	Lp
41	99	Lp
41	100	Lp
41	101	Lp
41	102	-1
41	103	Lp
41	104	Lp
41	105	Lp
41	106	Lp
41	107	-1
41	108	Lp
41	109	Lp
41	110	Lp
41	111	Lp
41	112	Lp
41	113	Lp
41	114	-1
41	115	Lp
41	116	Lp
41	117	Lp
41	118	Lp
41	119	Lp
42	0	Lp
42	1	Lp
42	2	Lp
42	3	Lp
42	4	Lp
42	5	Lp
42	6	Lp
42	7	-1
42	8	-1
42	9	Lp
42	10	-1
42	11	Lp
42	12	Lp
42	13	Lp
42	14	-1
42	15	-1
42	16	Lp
42	17	-1
42	18	-1
42	19	-1
42	20	Lp
42	21	U
42	22	Lp
42	23	Lp
42	24	-1
42	25	L
42	26	-1
42	27	Lp
42	28	Lp
42	29	Lp
42	30	Lp
42	31	-1
42	32	L
42	33	Lp
42	34	Lp
42	35	Lp
42	36	Lp
42	37	Lp
42	38	L
42	39	Lp
42	40	-1
42	41	-1
42	42	L
42	43	-1
42	44	L
42	45	L
42	46	-1
42	47	-1
42	48	-1
42	49	L
42	50	Lp
42	51	-1
42	52	L
42	53	-1
42	54	L
42	55	-1
42	56	Lp
42	57	Lp
42	58	Lp
42	59	-1
42	60	Lp
42	61	L
42	62	-1
42	63	-1
42	64	-1
42	65	Lp
42	66	Lp
42	67	Lp
42	68	Lp
42	69	-1
42	70	Lp
42	71	Lp
42	72	Lp
42	73	Lp
42	74	Lp
42	75	Lp
42	76	-1
42	77	Lp
42	78	Lp
42	79	U
42	80	Lp
42	81	Lp
42	82	Lp
42	83	-1
42	84	-1
42	85	Lp
42	86	-1
42	87	Lp
42	88	Lp
42	89	Lp
42	90	Lp
42	91	Lp
42	92	-1
42	93	-1
42	94	Lp
42	95	Lp
42	96	Lp
42	97	-1
42	98	Lp
42	99	L
42	100	Lp
42	101	-1
42	102	-1
42	103	Lp
42	104	Lp
42	105	-1
42	106	Lp
42	107	Lp
42	108	-1
42	109	Lp
42	110	Lp
42	111	Lp
42	112	Lp
42	113	U
42	114	Lp
42	115	Lp
42	116	Lp
42	117	Lp
42	118	Lp
42	119	-1
43	0	-1
43	1	Lp
43	2	Lp
43	3	Lp
43	4	Lp
43	5	Lp
43	6	Lp
43	7	-1
43	8	-1
43	9	Lp
43	10	-1
43	11	-1
43	12	Lp
43	13	Lp
43	14	-1
43	15	Lp
43	16	Lp
43	17	Lp
43	18	Lp
43	19	-1
43	20	-1
43	21	U
43	22	U
43	23	Lp
43	24	L
43	25	L
43	26	L
43	27	Lp
43	28	Lp
43	29	Lp
43	30	Lp
43	31	Lp
43	32	-1
43	33	Lp
43	34	Lp
43	35	Lp
43	36	Lp
43	37	-1
43	38	Lp
43	39	L
43	40	L
43	41	-1
43	42	L
43	43	L
43	44	-1
43	45	L
43	46	L
43	47	L
43	48	L
43	49	Lp
43	50	Lp
43	51	Lp
43	52	Lp
43	53	L
43	54	L
43	55	U
43	56	-1
43	57	Lp
43	58	Lp
43	59	Lp
43	60	L
43	61	Lp
43	62	-1
43	63	L
43	64	Lp
43	65	Lp
43	66	Lp
43	67	Lp
43	68	Lp
43	69	-1
43	70	Lp
43	71	Lp
43	72	Lp
43	73	Lp
43	74	Lp
43	75	Lp
43	76	Lp
43	77	Lp
43	78	Lp
43	79	Lp
43	80	U
43	81	Lp
43	82	-1
43	83	-1
43	84	Lp
43	85	-1
43	86	Lp
43	87	Lp
43	88	Lp
43	89	Lp
43	90	Lp
43	91	Lp
43	92	Lp
43	93	Lp
43	94	Lp
43	95	-1
43	96	-1
43	97	U
43	98	L
43	99	-1
43	100	-1
43	101	L
43	102	L
43	103	Lp
43	104	Lp
43	105	Lp
43	106	Lp
43	107	Lp
43	108	Lp
43	109	-1
43	110	Lp
43	111	Lp
43	112	Lp
43	113	Lp
43	114	-1
43	115	U
43	116	Lp
43	117	Lp
43	118	Lp
43	119	Lp
44	0	Lp
44	1	Lp
44	2	-1
44	3	-1
44	4	Lp
44	5	Lp
44	6	Lp
44	7	Lp
44	8	Lp
44	9	Lp
44	10	Lp
44	11	Lp
44	12	Lp
44	13	-1
44	14	-1
44	15	Lp
44	16	Lp
44	17	Lp
44	18	Lp
44	19	Lp
44	20	U
44	21	U
44	22	U
44	23	Lp
44	24	Lp
44	25	L
44	26	-1
44	27	Lp
44	28	Lp
44	29	Lp
44	30	Lp
44	31	-1
44	32	Lp
44	33	-1
44	34	Lp
44	35	Lp
44	36	L
44	37	-1
44	38	L
44	39	-1
44	40	Lp
44	41	Lp
44	42	-1
44	43	-1
44	44	Lp
44	45	L
44	46	L
44	47	L
44	48	L
44	49	Lp
44	50	Lp
44	51	Lp
44	52	L
44	53	-1
44	54	L
44	55	-1
44	56	-1
44	57	-1
44	58	Lp
44	59	-1
44	60	Lp
44	61	Lp
44	62	-1
44	63	Lp
44	64	-1
44	65	L
44	66	Lp
44	67	Lp
44	68	Lp
44	69	Lp
44	70	Lp
44	71	Lp
44	72	Lp
44	73	Lp
44	74	Lp
44	75	Lp
44	76	-1
44	77	Lp
44	78	Lp
44	79	Lp
44	80	-1
44	81	Lp
44	82	Lp
44	83	-1
44	84	Lp
44	85	-1
44	86	Lp
44	87	Lp
44	88	Lp
44	89	-1
44	90	-1
44	91	Lp
44	92	Lp
44	93	Lp
44	94	Lp
44	95	Lp
44	96	U
44	97	Lp
44	98	L
44	99	-1
44	100	-1
44	101	-1
44	102	Lp
44	103	Lp
44	104	Lp
44	105	Lp
44	106	Lp
44	107	Lp
44	108	-1
44	109	-1
44	110	Lp
44	111	-1
44	112	Lp
44	113	Lp
44	114	U
44	115	-1
44	116	Lp
44	117	Lp
44	118	Lp
44	119	Lp
45	0	Lp
45	1	Lp
45	2	Lp
45	3	Lp
45	4	Lp
45	5	Lp
45	6	Lp
45	7	Lp
45	8	-1
45	9	Lp
45	10	Lp
45	11	Lp
45	12	Lp
45	13	-1
45	14	Lp
45	15	Lp
45	16	Lp
45	17	-1
45	18	Lp
45	19	-1
45	20	Lp
45	21	Lp
45	22	U
45	23	-1
45	24	Lp
45	25	Lp
45	26	Lp
45	27	Lp
45	28	Lp
45	29	Lp
45	30	Lp
45	31	-1
45	32	L
45	33	Lp
45	34	-1
45	35	-1
45	36	-1
45	37	-1
45	38	L
45	39	L
45	40	Lp
45	41	L
45	42	-1
45	43	-1
45	44	L
45	45	Lp
45	46	-1
45	47	U
45	48	U
45	49	-1
45	50	Lp
45	51	Lp
45	52	L
45	53	L
45	54	L
45	55	L
45	56	-1
45	57	-1
45	58	Lp
45	59	Lp
45	60	-1
45	61	Lp
45	62	Lp
45	63	-1
45	64	Lp
45	65	-1
45	66	L
45	67	Lp
45	68	-1
45	69	-1
45	70	Lp
45	71	Lp
45	72	Lp
45	73	Lp
45	74	Lp
45	75	Lp
45	76	Lp
45	77	Lp
45	78	Lp
45	79	Lp
45	80	Lp
45	81	-1
45	82	Lp
45	83	Lp
45	84	Lp
45	85	Lp
45	86	Lp
45	87	Lp
45	88	-1
45	89	U
45	90	Lp
45	91	Lp
45	92	Lp
45	93	Lp
45	94	Lp
45	95	U
45	96	L
45	97	-1
45	98	L
45	99	L
45	100	-1
45	101	Lp
45	102	Lp
45	103	Lp
45	104	Lp
45	105	-1
45	106	Lp
45	107	Lp
45	108	-1
45	109	-1
45	110	-1
45	111	Lp
45	112	Lp
45	113	Lp
45	114	-1
45	115	Lp
45	116	Lp
45	117	-1
45	118	Lp
45	119	Lp
46	0	Lp
46	1	Lp
46	2	Lp
46	3	Lp
46	4	Lp
46	5	Lp
46	6	Lp
46	7	Lp
46	8	Lp
46	9	Lp
46	10	Lp
46	11	Lp
46	12	-1
46	13	Lp
46	14	Lp
46	15	Lp
46	16	Lp
46	17	Lp
46	18	Lp
46	19	Lp
46	20	Lp
46	21	Lp
46	22	Lp
46	23	Lp
46	24	-1
46	25	Lp
46	26	-1
46	27	Lp
46	28	-1
46	29	-1
46	30	Lp
46	31	L
46	32	Lp
46	33	-1
46	34	-1
46	35	Lp
46	36	Lp
46	37	Lp
46	38	L
46	39	Lp
46	40	Lp
46	41	L
46	42	L
46	43	L
46	44	L
46	45	L
46	46	Lp
46	47	L
46	48	Lp
46	49	L
46	50	Lp
46	51	L
46	52	-1
46	53	L
46	54	L
46	55	-1
46	56	-1
46	57	-1
46	58	Lp
46	59	-1
46	60	-1
46	61	Lp
46	62	-1
46	63	Lp
46	64	Lp
46	65	Lp
46	66	Lp
46	67	Lp
46	68	Lp
46	69	-1
46	70	Lp
46	71	Lp
46	72	-1
46	73	Lp
46	74	Lp
46	75	-1
46	76	Lp
46	77	Lp
46	78	Lp
46	79	Lp
46	80	Lp
46	81	Lp
46	82	Lp
46	83	Lp
46	84	Lp
46	85	Lp
46	86	Lp
46	87	Lp
46	88	Lp
46	89	Lp
46	90	Lp
46	91	Lp
46	92	L
46	93	-1
46	94	L
46	95	L
46	96	L
46	97	-1
46	98	L
46	99	-1
46	100	Lp
46	101	Lp
46	102	Lp
46	103	Lp
46	104	-1
46	105	Lp
46	106	Lp
46	107	Lp
46	108	Lp
46	109	-1
46	110	Lp
46	111	Lp
46	112	Lp
46	113	Lp
46	114	Lp
46	115	Lp
46	116	-1
46	117	Lp
46	118	Lp
46	119	Lp
47	0	Lp
47	1	Lp
47	2	-1
47	3	Lp
47	4	-1
47	5	-1
47	6	Lp
47	7	Lp
47	8	Lp
47	9	Lp
47	10	Lp
47	11	Lp
47	12	Lp
47	13	Lp
47	14	Lp
47	15	-1
47	16	-1
47	17	Lp
47	18	Lp
47	19	Lp
47	20	Lp
47	21	Lp
47	22	Lp
47	23	Lp
47	24	Lp
47	25	Lp
47	26	U
47	27	Lp
47	28	Lp
47	29	Lp
47	30	Lp
47	31	Lp
47	32	-1
47	33	-1
47	34	Lp
47	35	Lp
47	36	Lp
47	37	L
47	38	Lp
47	39	-1
47	40	Lp
47	41	Lp
47	42	L
47	43	L
47	44	L
47	45	L
47	46	L
47	47	-1
47	48	-1
47	49	Lp
47	50	L
47	51	L
47	52	L
47	53	L
47	54	L
47	55	L
47	56	L
47	57	Lp
47	58	Lp
47	59	Lp
47	60	Lp
47	61	Lp
47	62	Lp
47	63	Lp
47	64	Lp
47	65	Lp
47	66	-1
47	67	Lp
47	68	Lp
47	69	-1
47	70	-1
47	71	Lp
47	72	-1
47	73	Lp
47	74	Lp
47	75	Lp
47	76	Lp
47	77	Lp
47	78	Lp
47	79	Lp
47	80	-1
47	81	Lp
47	82	Lp
47	83	Lp
47	84	-1
47	85	Lp
47	86	Lp
47	87	Lp
47	88	Lp
47	89	L
47	90	L
47	91	-1
47	92	L
47	93	L
47	94	L
47	95	L
47	96	L
47	97	-1
47	98	-1
47	99	L
47	100	L
47	101	Lp
47	102	-1
47	103	Lp
47	104	-1
47	105	-1
47	106	Lp
47	107	Lp
47	108	Lp
47	109	Lp
47	110	-1
47	111	Lp
47	112	Lp
47	113	Lp
47	114	Lp
47	115	Lp
47	116	Lp
47	117	Lp
47	118	Lp
47	119	Lp
48	0	-1
48	1	Lp
48	2	Lp
48	3	-1
48	4	-1
48	5	-1
48	6	-1
48	7	Lp
48	8	Lp
48	9	Lp
48	10	Lp
48	11	Lp
48	12	Lp
48	13	Lp
48	14	Lp
48	15	U
48	16	Lp
48	17	Lp
48	18	Lp
48	19	Lp
48	20	Lp
48	21	-1
48	22	Lp
48	23	Lp
48	24	Lp
48	25	Lp
48	26	Lp
48	27	U
48	28	Lp
48	29	Lp
48	30	Lp
48	31	Lp
48	32	Lp
48	33	Lp
48	34	-1
48	35	Lp
48	36	L
48	37	Lp
48	38	Lp
48	39	Lp
48	40	L
48	41	L
48	42	L
48	43	L
48	44	Lp
48	45	Lp
48	46	L
48	47	-1
48	48	L
48	49	L
48	50	Lp
48	51	L
48	52	L
48	53	L
48	54	L
48	55	L
48	56	Lp
48	57	Lp
48	58	L
48	59	Lp
48	60	Lp
48	61	Lp
48	62	Lp
48	63	Lp
48	64	Lp
48	65	-1
48	66	Lp
48	67	L
48	68	Lp
48	69	Lp
48	70	Lp
48	71	Lp
48	72	Lp
48	73	Lp
48	74	Lp
48	75	Lp
48	76	Lp
48	77	Lp
48	78	-1
48	79	Lp
48	80	-1
48	81	Lp
48	82	Lp
48	83	-1
48	84	Lp
48	85	-1
48	86	Lp
48	87	Lp
48	88	-1
48	89	L
48	90	L
48	91	L
48	92	U
48	93	L
48	94	L
48	95	L
48	96	L
48	97	L
48	98	L
48	99	L
48	100	Lp
48	101	Lp
48	102	-1
48	103	-1
48	104	-1
48	105	Lp
48	106	Lp
48	107	-1
48	108	Lp
48	109	Lp
48	110	-1
48	111	Lp
48	112	Lp
48	113	Lp
48	114	-1
48	115	Lp
48	116	Lp
48	117	Lp
48	118	Lp
48	119	-1
49	0	Lp
49	1	-1
49	2	-1
49	3	Lp
49	4	Lp
49	5	Lp
49	6	Lp
49	7	Lp
49	8	-1
49	9	Lp
49	10	Lp
49	11	Lp
49	12	Lp
49	13	Lp
49	14	Lp
49	15	-1
49	16	U
49	17	Lp
49	18	Lp
49	19	-1
49	20	Lp
49	21	Lp
49	22	-1
49	23	Lp
49	24	Lp
49	25	Lp
49	26	Lp
49	27	U
49	28	Lp
49	29	Lp
49	30	Lp
49	31	Lp
49	32	Lp
49	33	Lp
49	34	Lp
49	35	Lp
49	36	Lp
49	37	Lp
49	38	-1
49	39	Lp
49	40	L
49	41	L
49	42	Lp
49	43	Lp
49	44	Lp
49	45	Lp
49	46	L
49	47	Lp
49	48	L
49	49	L
49	50	L
49	51	Lp
49	52	-1
49	53	L
49	54	Lp
49	55	Lp
49	56	L
49	57	L
49	58	Lp
49	59	-1
49	60	-1
49	61	Lp
49	62	Lp
49	63	-1
49	64	L
49	65	L
49	66	-1
49	67	Lp
49	68	-1
49	69	Lp
49	70	Lp
49	71	-1
49	72	Lp
49	73	Lp
49	74	Lp
49	75	-1
49	76	Lp
49	77	-1
49	78	Lp
49	79	Lp
49	80	Lp
49	81	Lp
49	82	-1
49	83	Lp
49	84	Lp
49	85	Lp
49	86	L
49	87	-1
49	88	Lp
49	89	-1
49	90	L
49	91	-1
49	92	U
49	93	L
49	94	L
49	95	U
49	96	-1
49	97	L
49	98	L
49	99	L
49	100	Lp
49	101	Lp
49	102	Lp
49	103	Lp
49	104	Lp
49	105	Lp
49	106	-1
49	107	Lp
49	108	Lp
49	109	L
49	110	L
49	111	L
49	112	Lp
49	113	Lp
49	114	Lp
49	115	-1
49	116	Lp
49	117	Lp
49	118	Lp
49	119	-1
50	0	Lp
50	1	Lp
50	2	Lp
50	3	-1
50	4	Lp
50	5	Lp
50	6	Lp
50	7	Lp
50	8	Lp
50	9	Lp
50	10	Lp
50	11	-1
50	12	Lp
50	13	Lp
50	14	Lp
50	15	Lp
50	16	Lp
50	17	Lp
50	18	Lp
50	19	Lp
50	20	Lp
50	21	Lp
50	22	Lp
50	23	Lp
50	24	-1
50	25	-1
50	26	U
50	27	Lp
50	28	Lp
50	29	Lp
50	30	Lp
50	31	-1
50	32	Lp
50	33	Lp
50	34	Lp
50	35	-1
50	36	Lp
50	37	Lp
50	38	Lp
50	39	Lp
50	40	Lp
50	41	-1
50	42	Lp
50	43	Lp
50	44	Lp
50	45	L
50	46	L
50	47	L
50	48	-1
50	49	L
50	50	Lp
50	51	Lp
50	52	L
50	53	Lp
50	54	-1
50	55	-1
50	56	Lp
50	57	Lp
50	58	Lp
50	59	L
50	60	L
50	61	Lp
50	62	Lp
50	63	-1
50	64	-1
50	65	L
50	66	Lp
50	67	-1
50	68	Lp
50	69	-1
50	70	-1
50	71	-1
50	72	Lp
50	73	Lp
50	74	Lp
50	75	Lp
50	76	Lp
50	77	-1
50	78	Lp
50	79	Lp
50	80	Lp
50	81	Lp
50	82	Lp
50	83	-1
50	84	Lp
50	85	Lp
50	86	Lp
50	87	Lp
50	88	Lp
50	89	Lp
50	90	L
50	91	L
50	92	L
50	93	L
50	94	L
50	95	L
50	96	L
50	97	L
50	98	Lp
50	99	Lp
50	100	Lp
50	101	-1
50	102	-1
50	103	Lp
50	104	Lp
50	105	Lp
50	106	Lp
50	107	Lp
50	108	L
50	109	-1
50	110	L
50	111	L
50	112	L
50	113	Lp
50	114	Lp
50	115	Lp
50	116	Lp
50	117	-1
50	118	Lp
50	119	Lp
51	0	Lp
51	1	Lp
51	2	Lp
51	3	-1
51	4	Lp
51	5	Lp
51	6	Lp
51	7	-1
51	8	Lp
51	9	Lp
51	10	Lp
51	11	Lp
51	12	Lp
51	13	Lp
51	14	Lp
51	15	Lp
51	16	Lp
51	17	Lp
51	18	Lp
51	19	Lp
51	20	-1
51	21	Lp
51	22	Lp
51	23	-1
51	24	Lp
51	25	-1
51	26	Lp
51	27	-1
51	28	Lp
51	29	U
51	30	U
51	31	-1
51	32	Lp
51	33	Lp
51	34	Lp
51	35	Lp
51	36	-1
51	37	Lp
51	38	Lp
51	39	Lp
51	40	Lp
51	41	Lp
51	42	-1
51	43	-1
51	44	Lp
51	45	L
51	46	L
51	47	-1
51	48	L
51	49	Lp
51	50	L
51	51	-1
51	52	Lp
51	53	Lp
51	54	Lp
51	55	Lp
51	56	L
51	57	Lp
51	58	L
51	59	L
51	60	Lp
51	61	Lp
51	62	Lp
51	63	Lp
51	64	-1
51	65	Lp
51	66	U
51	67	Lp
51	68	-1
51	69	Lp
51	70	Lp
51	71	-1
51	72	Lp
51	73	Lp
51	74	Lp
51	75	Lp
51	76	Lp
51	77	Lp
51	78	Lp
51	79	Lp
51	80	Lp
51	81	Lp
51	82	Lp
51	83	Lp
51	84	Lp
51	85	Lp
51	86	Lp
51	87	Lp
51	88	-1
51	89	Lp
51	90	L
51	91	L
51	92	L
51	93	L
51	94	Lp
51	95	-1
51	96	L
51	97	-1
51	98	-1
51	99	-1
51	100	-1
51	101	-1
51	102	Lp
51	103	-1
51	104	Lp
51	105	U
51	106	-1
51	107	-1
51	108	-1
51	109	L
51	110	L
51	111	Lp
51	112	L
51	113	Lp
51	114	Lp
51	115	Lp
51	116	-1
51	117	Lp
51	118	-1
51	119	-1
52	0	Lp
52	1	Lp
52	2	Lp
52	3	Lp
52	4	-1
52	5	Lp
52	6	-1
52	7	Lp
52	8	-1
52	9	Lp
52	10	Lp
52	11	Lp
52	12	Lp
52	13	-1
52	14	Lp
52	15	Lp
52	16	Lp
52	17	Lp
52	18	Lp
52	19	-1
52	20	Lp
52	21	Lp
52	22	Lp
52	23	L
52	24	L
52	25	Lp
52	26	Lp
52	27	-1
52	28	U
52	29	-1
52	30	-1
52	31	-1
52	32	-1
52	33	Lp
52	34	Lp
52	35	Lp
52	36	Lp
52	37	Lp
52	38	Lp
52	39	Lp
52	40	-1
52	41	Lp
52	42	Lp
52	43	Lp
52	44	Lp
52	45	L
52	46	L
52	47	L
52	48	-1
52	49	L
52	50	L
52	51	L
52	52	-1
52	53	Lp
52	54	Lp
52	55	Lp
52	56	L
52	57	Lp
52	58	Lp
52	59	L
52	60	-1
52	61	-1
52	62	-1
52	63	Lp
52	64	Lp
52	65	Lp
52	66	Lp
52	67	Lp
52	68	Lp
52	69	Lp
52	70	Lp
52	71	Lp
52	72	Lp
52	73	Lp
52	74	Lp
52	75	Lp
52	76	Lp
52	77	-1
52	78	Lp
52	79	Lp
52	80	Lp
52	81	Lp
52	82	Lp
52	83	Lp
52	84	-1
52	85	Lp
52	86	Lp
52	87	Lp
52	88	-1
52	89	U
52	90	Lp
52	91	U
52	92	L
52	93	-1
52	94	Lp
52	95	Lp
52	96	L
52	97	L
52	98	Lp
52	99	L
52	100	Lp
52	101	Lp
52	102	-1
52	103	Lp
52	104	Lp
52	105	Lp
52	106	Lp
52	107	-1
52	108	L
52	109	L
52	110	L
52	111	Lp
52	112	Lp
52	113	Lp
52	114	-1
52	115	Lp
52	116	Lp
52	117	-1
52	118	-1
52	119	-1
53	0	Lp
53	1	Lp
53	2	Lp
53	3	-1
53	4	Lp
53	5	-1
53	6	Lp
53	7	Lp
53	8	Lp
53	9	Lp
53	10	Lp
53	11	Lp
53	12	Lp
53	13	Lp
53	14	Lp
53	15	Lp
53	16	Lp
53	17	Lp
53	18	-1
53	19	Lp
53	20	Lp
53	21	-1
53	22	Lp
53	23	L
53	24	L
53	25	L
53	26	Lp
53	27	L
53	28	U
53	29	U
53	30	U
53	31	Lp
53	32	Lp
53	33	Lp
53	34	-1
53	35	Lp
53	36	-1
53	37	Lp
53	38	Lp
53	39	-1
53	40	Lp
53	41	Lp
53	42	-1
53	43	Lp
53	44	L
53	45	L
53	46	L
53	47	L
53	48	L
53	49	L
53	50	L
53	51	L
53	52	Lp
53	53	Lp
53	54	Lp
53	55	Lp
53	56	Lp
53	57	Lp
53	58	Lp
53	59	Lp
53	60	L
53	61	Lp
53	62	Lp
53	63	Lp
53	64	Lp
53	65	Lp
53	66	Lp
53	67	Lp
53	68	Lp
53	69	Lp
53	70	Lp
53	71	Lp
53	72	Lp
53	73	-1
53	74	-1
53	75	-1
53	76	Lp
53	77	-1
53	78	Lp
53	79	-1
53	80	Lp
53	81	Lp
53	82	Lp
53	83	Lp
53	84	Lp
53	85	Lp
53	86	Lp
53	87	-1
53	88	Lp
53	89	Lp
53	90	Lp
53	91	L
53	92	L
53	93	-1
53	94	L
53	95	L
53	96	L
53	97	Lp
53	98	Lp
53	99	Lp
53	100	Lp
53	101	Lp
53	102	Lp
53	103	Lp
53	104	Lp
53	105	Lp
53	106	Lp
53	107	Lp
53	108	L
53	109	L
53	110	Lp
53	111	Lp
53	112	L
53	113	Lp
53	114	Lp
53	115	Lp
53	116	Lp
53	117	Lp
53	118	Lp
53	119	Lp
54	0	Lp
54	1	Lp
54	2	Lp
54	3	Lp
54	4	Lp
54	5	Lp
54	6	Lp
54	7	Lp
54	8	Lp
54	9	Lp
54	10	-1
54	11	-1
54	12	Lp
54	13	Lp
54	14	Lp
54	15	-1
54	16	Lp
54	17	Lp
54	18	Lp
54	19	Lp
54	20	-1
54	21	Lp
54	22	-1
54	23	L
54	24	-1
54	25	L
54	26	L
54	27	L
54	28	L
54	29	-1
54	30	-1
54	31	L
54	32	Lp
54	33	-1
54	34	-1
54	35	L
54	36	Lp
54	37	Lp
54	38	Lp
54	39	Lp
54	40	Lp
54	41	Lp
54	42	-1
54	43	L
54	44	-1
54	45	L
54	46	Lp
54	47	L
54	48	L
54	49	L
54	50	L
54	51	L
54	52	L
54	53	Lp
54	54	L
54	55	L
54	56	Lp
54	57	-1
54	58	-1
54	59	Lp
54	60	Lp
54	61	Lp
54	62	Lp
54	63	Lp
54	64	Lp
54	65	Lp
54	66	Lp
54	67	-1
54	68	Lp
54	69	Lp
54	70	Lp
54	71	Lp
54	72	Lp
54	73	Lp
54	74	Lp
54	75	Lp
54	76	Lp
54	77	-1
54	78	Lp
54	79	Lp
54	80	Lp
54	81	Lp
54	82	Lp
54	83	Lp
54	84	Lp
54	85	Lp
54	86	Lp
54	87	Lp
54	88	-1
54	89	-1
54	90	Lp
54	91	-1
54	92	Lp
54	93	Lp
54	94	Lp
54	95	Lp
54	96	Lp
54	97	Lp
54	98	Lp
54	99	Lp
54	100	Lp
54	101	Lp
54	102	Lp
54	103	Lp
54	104	-1
54	105	Lp
54	106	Lp
54	107	Lp
54	108	Lp
54	109	Lp
54	110	Lp
54	111	Lp
54	112	Lp
54	113	Lp
54	114	-1
54	115	L
54	116	Lp
54	117	-1
54	118	Lp
54	119	L
55	0	L
55	1	-1
55	2	-1
55	3	Lp
55	4	L
55	5	Lp
55	6	Lp
55	7	Lp
55	8	-1
55	9	Lp
55	10	Lp
55	11	Lp
55	12	Lp
55	13	Lp
55	14	Lp
55	15	Lp
55	16	Lp
55	17	U
55	18	U
55	19	Lp
55	20	Lp
55	21	Lp
55	22	-1
55	23	-1
55	24	Lp
55	25	L
55	26	L
55	27	Lp
55	28	L
55	29	-1
55	30	U
55	31	L
55	32	Lp
55	33	L
55	34	L
55	35	L
55	36	L
55	37	Lp
55	38	-1
55	39	-1
55	40	Lp
55	41	Lp
55	42	-1
55	43	Lp
55	44	Lp
55	45	Lp
55	46	Lp
55	47	L
55	48	L
55	49	L
55	50	L
55	51	L
55	52	Lp
55	53	L
55	54	-1
55	55	L
55	56	L
55	57	Lp
55	58	Lp
55	59	Lp
55	60	Lp
55	61	Lp
55	62	Lp
55	63	Lp
55	64	Lp
55	65	Lp
55	66	Lp
55	67	Lp
55	68	Lp
55	69	-1
55	70	Lp
55	71	Lp
55	72	Lp
55	73	Lp
55	74	-1
55	75	-1
55	76	-1
55	77	Lp
55	78	Lp
55	79	Lp
55	80	Lp
55	81	-1
55	82	-1
55	83	Lp
55	84	Lp
55	85	Lp
55	86	Lp
55	87	Lp
55	88	Lp
55	89	-1
55	90	-1
55	91	-1
55	92	L
55	93	Lp
55	94	Lp
55	95	Lp
55	96	Lp
55	97	Lp
55	98	Lp
55	99	Lp
55	100	Lp
55	101	Lp
55	102	Lp
55	103	Lp
55	104	Lp
55	105	Lp
55	106	Lp
55	107	Lp
55	108	-1
55	109	L
55	110	Lp
55	111	Lp
55	112	Lp
55	113	-1
55	114	Lp
55	115	L
55	116	-1
55	117	Lp
55	118	L
55	119	L
56	0	L
56	1	L
56	2	L
56	3	Lp
56	4	Lp
56	5	L
56	6	Lp
56	7	Lp
56	8	Lp
56	9	-1
56	10	Lp
56	11	Lp
56	12	Lp
56	13	Lp
56	14	Lp
56	15	U
56	16	U
56	17	-1
56	18	-1
56	19	U
56	20	Lp
56	21	Lp
56	22	Lp
56	23	-1
56	24	Lp
56	25	L
56	26	L
56	27	Lp
56	28	U
56	29	L
56	30	U
56	31	U
56	32	L
56	33	L
56	34	L
56	35	-1
56	36	-1
56	37	Lp
56	38	Lp
56	39	Lp
56	40	Lp
56	41	Lp
56	42	Lp
56	43	Lp
56	44	Lp
56	45	Lp
56	46	Lp
56	47	Lp
56	48	-1
56	49	L
56	50	L
56	51	L
56	52	L
56	53	L
56	54	L
56	55	L
56	56	L
56	57	Lp
56	58	Lp
56	59	-1
56	60	Lp
56	61	Lp
56	62	-1
56	63	Lp
56	64	Lp
56	65	Lp
56	66	Lp
56	67	Lp
56	68	Lp
56	69	Lp
56	70	-1
56	71	-1
56	72	-1
56	73	-1
56	74	Lp
56	75	-1
56	76	Lp
56	77	Lp
56	78	Lp
56	79	-1
56	80	Lp
56	81	Lp
56	82	Lp
56	83	-1
56	84	Lp
56	85	-1
56	86	Lp
56	87	Lp
56	88	Lp
56	89	-1
56	90	-1
56	91	Lp
56	92	Lp
56	93	Lp
56	94	-1
56	95	Lp
56	96	-1
56	97	Lp
56	98	Lp
56	99	Lp
56	100	Lp
56	101	-1
56	102	Lp
56	103	Lp
56	104	-1
56	105	L
56	106	Lp
56	107	L
56	108	-1
56	109	L
56	110	L
56	111	L
56	112	Lp
56	113	L
56	114	L
56	115	-1
56	116	L
56	117	L
56	118	L
56	119	L
57	0	Lp
57	1	L
57	2	L
57	3	L
57	4	Lp
57	5	L
57	6	Lp
57	7	Lp
57	8	L
57	9	Lp
57	10	-1
57	11	-1
57	12	Lp
57	13	Lp
57	14	Lp
57	15	-1
57	16	U
57	17	U
57	18	U
57	19	U
57	20	Lp
57	21	Lp
57	22	Lp
57	23	Lp
57	24	L
57	25	Lp
57	26	L
57	27	L
57	28	L
57	29	U
57	30	U
57	31	L
57	32	L
57	33	L
57	34	-1
57	35	Lp
57	36	Lp
57	37	Lp
57	38	Lp
57	39	-1
57	40	Lp
57	41	Lp
57	42	-1
57	43	-1
57	44	L
57	45	Lp
57	46	Lp
57	47	Lp
57	48	L
57	49	-1
57	50	L
57	51	L
57	52	-1
57	53	-1
57	54	L
57	55	L
57	56	-1
57	57	-1
57	58	Lp
57	59	Lp
57	60	Lp
57	61	-1
57	62	-1
57	63	Lp
57	64	Lp
57	65	Lp
57	66	Lp
57	67	Lp
57	68	Lp
57	69	Lp
57	70	Lp
57	71	Lp
57	72	-1
57	73	U
57	74	Lp
57	75	Lp
57	76	Lp
57	77	Lp
57	78	U
57	79	Lp
57	80	Lp
57	81	Lp
57	82	Lp
57	83	Lp
57	84	Lp
57	85	Lp
57	86	Lp
57	87	Lp
57	88	Lp
57	89	Lp
57	90	L
57	91	L
57	92	Lp
57	93	Lp
57	94	-1
57	95	Lp
57	96	-1
57	97	Lp
57	98	Lp
57	99	Lp
57	100	Lp
57	101	-1
57	102	L
57	103	-1
57	104	Lp
57	105	L
57	106	-1
57	107	Lp
57	108	Lp
57	109	-1
57	110	L
57	111	L
57	112	-1
57	113	-1
57	114	L
57	115	L
57	116	L
57	117	L
57	118	Lp
57	119	L
58	0	L
58	1	L
58	2	L
58	3	L
58	4	-1
58	5	Lp
58	6	L
58	7	L
58	8	Lp
58	9	Lp
58	10	Lp
58	11	Lp
58	12	Lp
58	13	Lp
58	14	Lp
58	15	U
58	16	-1
58	17	Lp
58	18	-1
58	19	Lp
58	20	-1
58	21	Lp
58	22	Lp
58	23	Lp
58	24	Lp
58	25	U
58	26	Lp
58	27	U
58	28	Lp
58	29	L
58	30	L
58	31	L
58	32	L
58	33	-1
58	34	-1
58	35	Lp
58	36	Lp
58	37	-1
58	38	Lp
58	39	Lp
58	40	-1
58	41	-1
58	42	-1
58	43	-1
58	44	L
58	45	L
58	46	L
58	47	Lp
58	48	Lp
58	49	L
58	50	L
58	51	L
58	52	L
58	53	-1
58	54	-1
58	55	Lp
58	56	Lp
58	57	-1
58	58	-1
58	59	-1
58	60	Lp
58	61	Lp
58	62	Lp
58	63	-1
58	64	Lp
58	65	Lp
58	66	Lp
58	67	-1
58	68	Lp
58	69	Lp
58	70	Lp
58	71	-1
58	72	Lp
58	73	U
58	74	Lp
58	75	Lp
58	76	U
58	77	-1
58	78	-1
58	79	Lp
58	80	-1
58	81	Lp
58	82	Lp
58	83	Lp
58	84	-1
58	85	-1
58	86	Lp
58	87	Lp
58	88	-1
58	89	Lp
58	90	L
58	91	Lp
58	92	Lp
58	93	Lp
58	94	Lp
58	95	Lp
58	96	Lp
58	97	Lp
58	98	Lp
58	99	Lp
58	100	Lp
58	101	Lp
58	102	Lp
58	103	-1
58	104	Lp
58	105	L
58	106	Lp
58	107	Lp
58	108	L
58	109	L
58	110	L
58	111	-1
58	112	L
58	113	L
58	114	-1
58	115	L
58	116	L
58	117	L
58	118	L
58	119	L
59	0	-1
59	1	-1
59	2	L
59	3	L
59	4	L
59	5	L
59	6	L
59	7	L
59	8	L
59	9	Lp
59	10	-1
59	11	-1
59	12	Lp
59	13	Lp
59	14	U
59	15	-1
59	16	Lp
59	17	Lp
59	18	Lp
59	19	Lp
59	20	Lp
59	21	Lp
59	22	Lp
59	23	Lp
59	24	U
59	25	U
59	26	U
59	27	-1
59	28	-1
59	29	-1
59	30	Lp
59	31	Lp
59	32	Lp
59	33	Lp
59	34	Lp
59	35	Lp
59	36	Lp
59	37	Lp
59	38	-1
59	39	Lp
59	40	-1
59	41	Lp
59	42	U
59	43	L
59	44	L
59	45	L
59	46	Lp
59	47	Lp
59	48	Lp
59	49	L
59	50	L
59	51	Lp
59	52	L
59	53	Lp
59	54	-1
59	55	Lp
59	56	Lp
59	57	Lp
59	58	-1
59	59	Lp
59	60	L
59	61	Lp
59	62	L
59	63	Lp
59	64	Lp
59	65	Lp
59	66	Lp
59	67	Lp
59	68	Lp
59	69	Lp
59	70	Lp
59	71	Lp
59	72	Lp
59	73	-1
59	74	U
59	75	U
59	76	U
59	77	Lp
59	78	U
59	79	-1
59	80	U
59	81	U
59	82	U
59	83	-1
59	84	Lp
59	85	Lp
59	86	Lp
59	87	U
59	88	-1
59	89	U
59	90	-1
59	91	Lp
59	92	Lp
59	93	Lp
59	94	Lp
59	95	Lp
59	96	U
59	97	Lp
59	98	-1
59	99	Lp
59	100	Lp
59	101	Lp
59	102	Lp
59	103	-1
59	104	-1
59	105	L
59	106	Lp
59	107	Lp
59	108	L
59	109	L
59	110	-1
59	111	-1
59	112	L
59	113	L
59	114	L
59	115	L
59	116	L
59	117	L
59	118	L
59	119	Lp
60	0	Lp
60	1	-1
60	2	L
60	3	-1
60	4	L
60	5	L
60	6	-1
60	7	Lp
60	8	Lp
60	9	-1
60	10	Lp
60	11	Lp
60	12	-1
60	13	-1
60	14	Lp
60	15	-1
60	16	Lp
60	17	Lp
60	18	Lp
60	19	Lp
60	20	Lp
60	21	U
60	22	Lp
60	23	Lp
60	24	U
60	25	Lp
60	26	L
60	27	L
60	28	L
60	29	Lp
60	30	-1
60	31	L
60	32	L
60	33	L
60	34	Lp
60	35	-1
60	36	Lp
60	37	-1
60	38	Lp
60	39	-1
60	40	Lp
60	41	Lp
60	42	U
60	43	Lp
60	44	Lp
60	45	Lp
60	46	Lp
60	47	Lp
60	48	Lp
60	49	Lp
60	50	Lp
60	51	L
60	52	Lp
60	53	L
60	54	Lp
60	55	Lp
60	56	Lp
60	57	Lp
60	58	Lp
60	59	L
60	60	Lp
60	61	Lp
60	62	L
60	63	L
60	64	L
60	65	Lp
60	66	L
60	67	Lp
60	68	Lp
60	69	Lp
60	70	Lp
60	71	Lp
60	72	Lp
60	73	Lp
60	74	Lp
60	75	U
60	76	U
60	77	Lp
60	78	-1
60	79	U
60	80	Lp
60	81	Lp
60	82	-1
60	83	Lp
60	84	-1
60	85	Lp
60	86	Lp
60	87	Lp
60	88	-1
60	89	Lp
60	90	Lp
60	91	Lp
60	92	-1
60	93	Lp
60	94	Lp
60	95	-1
60	96	U
60	97	Lp
60	98	Lp
60	99	Lp
60	100	Lp
60	101	Lp
60	102	Lp
60	103	U
60	104	Lp
60	105	U
60	106	-1
60	107	L
60	108	L
60	109	L
60	110	L
60	111	L
60	112	L
60	113	L
60	114	L
60	115	L
60	116	L
60	117	-1
60	118	Lp
60	119	Lp
61	0	L
61	1	-1
61	2	Lp
61	3	L
61	4	L
61	5	L
61	6	-1
61	7	-1
61	8	Lp
61	9	Lp
61	10	Lp
61	11	Lp
61	12	-1
61	13	Lp
61	14	Lp
61	15	Lp
61	16	Lp
61	17	Lp
61	18	-1
61	19	-1
61	20	Lp
61	21	Lp
61	22	U
61	23	U
61	24	Lp
61	25	-1
61	26	Lp
61	27	L
61	28	L
61	29	Lp
61	30	Lp
61	31	L
61	32	Lp
61	33	L
61	34	L
61	35	Lp
61	36	Lp
61	37	Lp
61	38	-1
61	39	Lp
61	40	Lp
61	41	Lp
61	42	Lp
61	43	U
61	44	Lp
61	45	L
61	46	Lp
61	47	-1
61	48	Lp
61	49	Lp
61	50	Lp
61	51	Lp
61	52	-1
61	53	Lp
61	54	Lp
61	55	-1
61	56	Lp
61	57	Lp
61	58	Lp
61	59	L
61	60	-1
61	61	Lp
61	62	Lp
61	63	Lp
61	64	L
61	65	-1
61	66	L
61	67	L
61	68	Lp
61	69	Lp
61	70	Lp
61	71	-1
61	72	Lp
61	73	-1
61	74	Lp
61	75	U
61	76	-1
61	77	Lp
61	78	-1
61	79	Lp
61	80	Lp
61	81	Lp
61	82	Lp
61	83	Lp
61	84	Lp
61	85	-1
61	86	Lp
61	87	-1
61	88	Lp
61	89	-1
61	90	-1
61	91	-1
61	92	Lp
61	93	Lp
61	94	Lp
61	95	Lp
61	96	Lp
61	97	U
61	98	Lp
61	99	Lp
61	100	L
61	101	Lp
61	102	Lp
61	103	U
61	104	U
61	105	Lp
61	106	U
61	107	L
61	108	L
61	109	-1
61	110	L
61	111	L
61	112	L
61	113	-1
61	114	L
61	115	L
61	116	L
61	117	L
61	118	L
61	119	L
62	0	L
62	1	Lp
62	2	-1
62	3	Lp
62	4	L
62	5	Lp
62	6	Lp
62	7	Lp
62	8	Lp
62	9	-1
62	10	Lp
62	11	-1
62	12	Lp
62	13	Lp
62	14	Lp
62	15	Lp
62	16	Lp
62	17	-1
62	18	Lp
62	19	-1
62	20	Lp
62	21	Lp
62	22	Lp
62	23	U
62	24	Lp
62	25	U
62	26	L
62	27	-1
62	28	L
62	29	L
62	30	Lp
62	31	Lp
62	32	Lp
62	33	Lp
62	34	-1
62	35	Lp
62	36	-1
62	37	Lp
62	38	Lp
62	39	Lp
62	40	Lp
62	41	Lp
62	42	Lp
62	43	-1
62	44	Lp
62	45	Lp
62	46	Lp
62	47	Lp
62	48	Lp
62	49	-1
62	50	Lp
62	51	Lp
62	52	Lp
62	53	-1
62	54	Lp
62	55	Lp
62	56	Lp
62	57	Lp
62	58	Lp
62	59	L
62	60	-1
62	61	Lp
62	62	Lp
62	63	L
62	64	L
62	65	L
62	66	Lp
62	67	Lp
62	68	Lp
62	69	Lp
62	70	Lp
62	71	Lp
62	72	Lp
62	73	U
62	74	-1
62	75	-1
62	76	Lp
62	77	-1
62	78	Lp
62	79	Lp
62	80	Lp
62	81	Lp
62	82	Lp
62	83	-1
62	84	Lp
62	85	-1
62	86	Lp
62	87	Lp
62	88	Lp
62	89	Lp
62	90	Lp
62	91	Lp
62	92	Lp
62	93	Lp
62	94	Lp
62	95	Lp
62	96	-1
62	97	Lp
62	98	Lp
62	99	-1
62	100	-1
62	101	-1
62	102	Lp
62	103	Lp
62	104	Lp
62	105	U
62	106	L
62	107	L
62	108	-1
62	109	L
62	110	L
62	111	L
62	112	L
62	113	L
62	114	L
62	115	L
62	116	L
62	117	-1
62	118	L
62	119	L
63	0	Lp
63	1	Lp
63	2	Lp
63	3	-1
63	4	L
63	5	-1
63	6	Lp
63	7	Lp
63	8	Lp
63	9	Lp
63	10	Lp
63	11	Lp
63	12	Lp
63	13	Lp
63	14	U
63	15	Lp
63	16	-1
63	17	Lp
63	18	-1
63	19	-1
63	20	Lp
63	21	-1
63	22	Lp
63	23	Lp
63	24	-1
63	25	L
63	26	-1
63	27	L
63	28	L
63	29	-1
63	30	L
63	31	Lp
63	32	Lp
63	33	Lp
63	34	-1
63	35	Lp
63	36	Lp
63	37	Lp
63	38	-1
63	39	Lp
63	40	Lp
63	41	Lp
63	42	Lp
63	43	Lp
63	44	Lp
63	45	Lp
63	46	Lp
63	47	-1
63	48	Lp
63	49	-1
63	50	-1
63	51	Lp
63	52	Lp
63	53	-1
63	54	Lp
63	55	Lp
63	56	Lp
63	57	Lp
63	58	L
63	59	L
63	60	L
63	61	Lp
63	62	Lp
63	63	Lp
63	64	Lp
63	65	-1
63	66	L
63	67	-1
63	68	-1
63	69	Lp
63	70	U
63	71	Lp
63	72	U
63	73	Lp
63	74	Lp
63	75	Lp
63	76	Lp
63	77	Lp
63	78	Lp
63	79	Lp
63	80	Lp
63	81	Lp
63	82	Lp
63	83	Lp
63	84	Lp
63	85	-1
63	86	-1
63	87	Lp
63	88	-1
63	89	Lp
63	90	Lp
63	91	-1
63	92	Lp
63	93	Lp
63	94	Lp
63	95	Lp
63	96	Lp
63	97	Lp
63	98	-1
63	99	Lp
63	100	L
63	101	Lp
63	102	Lp
63	103	Lp
63	104	Lp
63	105	L
63	106	L
63	107	-1
63	108	L
63	109	L
63	110	L
63	111	L
63	112	-1
63	113	L
63	114	-1
63	115	L
63	116	L
63	117	U
63	118	L
63	119	-1
64	0	Lp
64	1	-1
64	2	Lp
64	3	Lp
64	4	L
64	5	-1
64	6	Lp
64	7	Lp
64	8	Lp
64	9	Lp
64	10	Lp
64	11	Lp
64	12	Lp
64	13	Lp
64	14	Lp
64	15	U
64	16	U
64	17	Lp
64	18	U
64	19	L
64	20	Lp
64	21	-1
64	22	Lp
64	23	Lp
64	24	-1
64	25	-1
64	26	U
64	27	L
64	28	L
64	29	L
64	30	L
64	31	Lp
64	32	Lp
64	33	-1
64	34	L
64	35	L
64	36	Lp
64	37	-1
64	38	Lp
64	39	Lp
64	40	-1
64	41	Lp
64	42	Lp
64	43	Lp
64	44	Lp
64	45	Lp
64	46	Lp
64	47	Lp
64	48	Lp
64	49	Lp
64	50	Lp
64	51	Lp
64	52	Lp
64	53	Lp
64	54	-1
64	55	Lp
64	56	Lp
64	57	L
64	58	-1
64	59	-1
64	60	L
64	61	Lp
64	62	Lp
64	63	Lp
64	64	Lp
64	65	Lp
64	66	L
64	67	Lp
64	68	L
64	69	Lp
64	70	Lp
64	71	Lp
64	72	U
64	73	Lp
64	74	Lp
64	75	Lp
64	76	Lp
64	77	Lp
64	78	Lp
64	79	Lp
64	80	Lp
64	81	-1
64	82	Lp
64	83	Lp
64	84	Lp
64	85	Lp
64	86	U
64	87	Lp
64	88	Lp
64	89	-1
64	90	Lp
64	91	Lp
64	92	Lp
64	93	Lp
64	94	Lp
64	95	Lp
64	96	L
64	97	L
64	98	-1
64	99	L
64	100	Lp
64	101	L
64	102	L
64	103	L
64	104	L
64	105	L
64	106	L
64	107	L
64	108	L
64	109	L
64	110	L
64	111	-1
64	112	L
64	113	L
64	114	L
64	115	L
64	116	L
64	117	U
64	118	U
64	119	Lp
65	0	Lp
65	1	-1
65	2	Lp
65	3	-1
65	4	L
65	5	Lp
65	6	Lp
65	7	Lp
65	8	-1
65	9	Lp
65	10	Lp
65	11	Lp
65	12	Lp
65	13	Lp
65	14	U
65	15	U
65	16	U
65	17	U
65	18	U
65	19	Lp
65	20	L
65	21	L
65	22	Lp
65	23	L
65	24	L
65	25	-1
65	26	-1
65	27	L
65	28	-1
65	29	L
65	30	Lp
65	31	L
65	32	Lp
65	33	Lp
65	34	L
65	35	L
65	36	Lp
65	37	Lp
65	38	Lp
65	39	Lp
65	40	Lp
65	41	Lp
65	42	-1
65	43	-1
65	44	Lp
65	45	-1
65	46	Lp
65	47	Lp
65	48	Lp
65	49	Lp
65	50	Lp
65	51	Lp
65	52	Lp
65	53	Lp
65	54	Lp
65	55	Lp
65	56	Lp
65	57	Lp
65	58	Lp
65	59	-1
65	60	Lp
65	61	-1
65	62	Lp
65	63	Lp
65	64	-1
65	65	Lp
65	66	-1
65	67	-1
65	68	Lp
65	69	Lp
65	70	Lp
65	71	-1
65	72	Lp
65	73	Lp
65	74	Lp
65	75	Lp
65	76	Lp
65	77	-1
65	78	Lp
65	79	Lp
65	80	Lp
65	81	Lp
65	82	Lp
65	83	-1
65	84	Lp
65	85	U
65	86	Lp
65	87	-1
65	88	Lp
65	89	Lp
65	90	Lp
65	91	Lp
65	92	Lp
65	93	Lp
65	94	Lp
65	95	Lp
65	96	-1
65	97	L
65	98	L
65	99	U
65	100	Lp
65	101	Lp
65	102	L
65	103	L
65	104	L
65	105	L
65	106	L
65	107	L
65	108	L
65	109	L
65	110	-1
65	111	Lp
65	112	L
65	113	-1
65	114	L
65	115	L
65	116	-1
65	117	U
65	118	U
65	119	Lp
66	0	L
66	1	-1
66	2	Lp
66	3	L
66	4	L
66	5	Lp
66	6	-1
66	7	Lp
66	8	Lp
66	9	Lp
66	10	Lp
66	11	L
66	12	-1
66	13	Lp
66	14	Lp
66	15	U
66	16	U
66	17	U
66	18	U
66	19	L
66	20	L
66	21	L
66	22	L
66	23	L
66	24	L
66	25	L
66	26	-1
66	27	L
66	28	-1
66	29	L
66	30	-1
66	31	Lp
66	32	L
66	33	L
66	34	Lp
66	35	Lp
66	36	-1
66	37	Lp
66	38	Lp
66	39	Lp
66	40	Lp
66	41	Lp
66	42	-1
66	43	-1
66	44	Lp
66	45	-1
66	46	Lp
66	47	Lp
66	48	Lp
66	49	Lp
66	50	Lp
66	51	Lp
66	52	-1
66	53	-1
66	54	Lp
66	55	Lp
66	56	Lp
66	57	Lp
66	58	Lp
66	59	Lp
66	60	Lp
66	61	-1
66	62	U
66	63	U
66	64	L
66	65	Lp
66	66	-1
66	67	Lp
66	68	Lp
66	69	Lp
66	70	-1
66	71	-1
66	72	Lp
66	73	Lp
66	74	Lp
66	75	Lp
66	76	Lp
66	77	Lp
66	78	Lp
66	79	-1
66	80	Lp
66	81	Lp
66	82	Lp
66	83	Lp
66	84	U
66	85	L
66	86	U
66	87	Lp
66	88	Lp
66	89	Lp
66	90	Lp
66	91	Lp
66	92	-1
66	93	Lp
66	94	Lp
66	95	L
66	96	Lp
66	97	Lp
66	98	Lp
66	99	Lp
66	100	U
66	101	Lp
66	102	-1
66	103	L
66	104	L
66	105	L
66	106	L
66	107	L
66	108	L
66	109	L
66	110	Lp
66	111	L
66	112	Lp
66	113	L
66	114	L
66	115	L
66	116	L
66	117	Lp
66	118	Lp
66	119	Lp
67	0	L
67	1	Lp
67	2	L
67	3	Lp
67	4	Lp
67	5	Lp
67	6	Lp
67	7	-1
67	8	-1
67	9	Lp
67	10	-1
67	11	U
67	12	-1
67	13	-1
67	14	U
67	15	-1
67	16	-1
67	17	U
67	18	L
67	19	Lp
67	20	L
67	21	L
67	22	L
67	23	-1
67	24	-1
67	25	L
67	26	L
67	27	L
67	28	L
67	29	-1
67	30	Lp
67	31	L
67	32	L
67	33	L
67	34	Lp
67	35	Lp
67	36	Lp
67	37	L
67	38	L
67	39	Lp
67	40	Lp
67	41	-1
67	42	L
67	43	-1
67	44	L
67	45	Lp
67	46	L
67	47	U
67	48	Lp
67	49	Lp
67	50	Lp
67	51	Lp
67	52	-1
67	53	Lp
67	54	Lp
67	55	-1
67	56	Lp
67	57	-1
67	58	Lp
67	59	Lp
67	60	Lp
67	61	Lp
67	62	-1
67	63	-1
67	64	Lp
67	65	L
67	66	Lp
67	67	Lp
67	68	Lp
67	69	Lp
67	70	Lp
67	71	Lp
67	72	Lp
67	73	-1
67	74	Lp
67	75	Lp
67	76	-1
67	77	-1
67	78	-1
67	79	-1
67	80	Lp
67	81	Lp
67	82	Lp
67	83	Lp
67	84	U
67	85	L
67	86	-1
67	87	Lp
67	88	L
67	89	Lp
67	90	Lp
67	91	Lp
67	92	Lp
67	93	Lp
67	94	L
67	95	Lp
67	96	-1
67	97	Lp
67	98	-1
67	99	Lp
67	100	Lp
67	101	Lp
67	102	Lp
67	103	U
67	104	Lp
67	105	Lp
67	106	Lp
67	107	Lp
67	108	Lp
67	109	Lp
67	110	Lp
67	111	L
67	112	Lp
67	113	Lp
67	114	-1
67	115	Lp
67	116	-1
67	117	Lp
67	118	Lp
67	119	Lp
68	0	Lp
68	1	Lp
68	2	Lp
68	3	L
68	4	L
68	5	Lp
68	6	Lp
68	7	Lp
68	8	Lp
68	9	Lp
68	10	U
68	11	Lp
68	12	Lp
68	13	U
68	14	U
68	15	Lp
68	16	-1
68	17	Lp
68	18	L
68	19	Lp
68	20	L
68	21	L
68	22	L
68	23	L
68	24	L
68	25	-1
68	26	-1
68	27	L
68	28	L
68	29	L
68	30	Lp
68	31	L
68	32	L
68	33	L
68	34	L
68	35	Lp
68	36	-1
68	37	L
68	38	Lp
68	39	Lp
68	40	Lp
68	41	Lp
68	42	Lp
68	43	L
68	44	L
68	45	L
68	46	L
68	47	Lp
68	48	U
68	49	Lp
68	50	Lp
68	51	Lp
68	52	Lp
68	53	Lp
68	54	Lp
68	55	-1
68	56	Lp
68	57	Lp
68	58	Lp
68	59	U
68	60	Lp
68	61	U
68	62	U
68	63	Lp
68	64	-1
68	65	Lp
68	66	L
68	67	Lp
68	68	Lp
68	69	L
68	70	Lp
68	71	Lp
68	72	Lp
68	73	Lp
68	74	Lp
68	75	Lp
68	76	Lp
68	77	Lp
68	78	-1
68	79	-1
68	80	Lp
68	81	Lp
68	82	Lp
68	83	L
68	84	L
68	85	L
68	86	U
68	87	L
68	88	L
68	89	L
68	90	L
68	91	-1
68	92	Lp
68	93	-1
68	94	-1
68	95	L
68	96	-1
68	97	Lp
68	98	-1
68	99	Lp
68	100	Lp
68	101	Lp
68	102	Lp
68	103	U
68	104	Lp
68	105	Lp
68	106	Lp
68	107	-1
68	108	Lp
68	109	Lp
68	110	L
68	111	-1
68	112	-1
68	113	Lp
68	114	Lp
68	115	-1
68	116	-1
68	117	Lp
68	118	-1
68	119	Lp
69	0	Lp
69	1	Lp
69	2	L
69	3	Lp
69	4	L
69	5	Lp
69	6	Lp
69	7	-1
69	8	Lp
69	9	Lp
69	10	Lp
69	11	Lp
69	12	Lp
69	13	Lp
69	14	-1
69	15	Lp
69	16	-1
69	17	Lp
69	18	Lp
69	19	Lp
69	20	L
69	21	L
69	22	L
69	23	L
69	24	L
69	25	L
69	26	-1
69	27	L
69	28	L
69	29	Lp
69	30	L
69	31	Lp
69	32	Lp
69	33	L
69	34	-1
69	35	L
69	36	L
69	37	-1
69	38	Lp
69	39	-1
69	40	Lp
69	41	Lp
69	42	Lp
69	43	Lp
69	44	L
69	45	L
69	46	Lp
69	47	Lp
69	48	Lp
69	49	Lp
69	50	Lp
69	51	Lp
69	52	Lp
69	53	Lp
69	54	Lp
69	55	-1
69	56	Lp
69	57	Lp
69	58	-1
69	59	Lp
69	60	U
69	61	Lp
69	62	Lp
69	63	Lp
69	64	L
69	65	L
69	66	L
69	67	L
69	68	Lp
69	69	Lp
69	70	L
69	71	Lp
69	72	Lp
69	73	Lp
69	74	-1
69	75	Lp
69	76	Lp
69	77	Lp
69	78	Lp
69	79	Lp
69	80	-1
69	81	Lp
69	82	-1
69	83	Lp
69	84	L
69	85	L
69	86	Lp
69	87	L
69	88	L
69	89	L
69	90	Lp
69	91	L
69	92	Lp
69	93	L
69	94	L
69	95	L
69	96	L
69	97	Lp
69	98	Lp
69	99	Lp
69	100	Lp
69	101	Lp
69	102	Lp
69	103	U
69	104	Lp
69	105	-1
69	106	Lp
69	107	-1
69	108	Lp
69	109	U
69	110	Lp
69	111	-1
69	112	Lp
69	113	Lp
69	114	Lp
69	115	-1
69	116	U
69	117	-1
69	118	-1
69	119	L
70	0	Lp
70	1	Lp
70	2	L
70	3	-1
70	4	L
70	5	-1
70	6	Lp
70	7	Lp
70	8	Lp
70	9	-1
70	10	Lp
70	11	Lp
70	12	Lp
70	13	U
70	14	Lp
70	15	Lp
70	16	Lp
70	17	L
70	18	Lp
70	19	Lp
70	20	L
70	21	L
70	22	L
70	23	-1
70	24	-1
70	25	L
70	26	Lp
70	27	-1
70	28	Lp
70	29	L
70	30	-1
70	31	L
70	32	L
70	33	Lp
70	34	Lp
70	35	Lp
70	36	L
70	37	Lp
70	38	Lp
70	39	Lp
70	40	Lp
70	41	L
70	42	Lp
70	43	-1
70	44	-1
70	45	Lp
70	46	Lp
70	47	L
70	48	Lp
70	49	Lp
70	50	Lp
70	51	-1
70	52	Lp
70	53	Lp
70	54	Lp
70	55	-1
70	56	Lp
70	57	Lp
70	58	Lp
70	59	U
70	60	Lp
70	61	L
70	62	Lp
70	63	Lp
70	64	Lp
70	65	L
70	66	L
70	67	L
70	68	Lp
70	69	Lp
70	70	Lp
70	71	Lp
70	72	-1
70	73	Lp
70	74	-1
70	75	Lp
70	76	Lp
70	77	Lp
70	78	Lp
70	79	Lp
70	80	Lp
70	81	Lp
70	82	L
70	83	L
70	84	Lp
70	85	Lp
70	86	Lp
70	87	-1
70	88	Lp
70	89	L
70	90	L
70	91	Lp
70	92	Lp
70	93	L
70	94	L
70	95	L
70	96	-1
70	97	L
70	98	L
70	99	L
70	100	Lp
70	101	Lp
70	102	Lp
70	103	Lp
70	104	Lp
70	105	Lp
70	106	-1
70	107	Lp
70	108	Lp
70	109	Lp
70	110	U
70	111	Lp
70	112	Lp
70	113	Lp
70	114	Lp
70	115	L
70	116	L
70	117	-1
70	118	-1
70	119	Lp
71	0	L
71	1	L
71	2	L
71	3	-1
71	4	-1
71	5	-1
71	6	Lp
71	7	L
71	8	Lp
71	9	Lp
71	10	Lp
71	11	-1
71	12	Lp
71	13	Lp
71	14	-1
71	15	Lp
71	16	L
71	17	-1
71	18	L
71	19	Lp
71	20	Lp
71	21	L
71	22	L
71	23	L
71	24	Lp
71	25	Lp
71	26	Lp
71	27	Lp
71	28	Lp
71	29	Lp
71	30	Lp
71	31	-1
71	32	-1
71	33	U
71	34	-1
71	35	Lp
71	36	Lp
71	37	Lp
71	38	Lp
71	39	Lp
71	40	Lp
71	41	Lp
71	42	-1
71	43	Lp
71	44	Lp
71	45	-1
71	46	L
71	47	Lp
71	48	Lp
71	49	Lp
71	50	Lp
71	51	-1
71	52	Lp
71	53	Lp
71	54	Lp
71	55	-1
71	56	Lp
71	57	Lp
71	58	Lp
71	59	-1
71	60	U
71	61	Lp
71	62	Lp
71	63	Lp
71	64	Lp
71	65	L
71	66	L
71	67	L
71	68	U
71	69	L
71	70	Lp
71	71	Lp
71	72	-1
71	73	-1
71	74	Lp
71	75	Lp
71	76	-1
71	77	Lp
71	78	Lp
71	79	Lp
71	80	Lp
71	81	L
71	82	Lp
71	83	L
71	84	-1
71	85	Lp
71	86	-1
71	87	Lp
71	88	L
71	89	Lp
71	90	L
71	91	Lp
71	92	Lp
71	93	Lp
71	94	L
71	95	L
71	96	L
71	97	L
71	98	L
71	99	L
71	100	Lp
71	101	Lp
71	102	Lp
71	103	Lp
71	104	Lp
71	105	Lp
71	106	Lp
71	107	Lp
71	108	Lp
71	109	Lp
71	110	Lp
71	111	-1
71	112	Lp
71	113	Lp
71	114	Lp
71	115	Lp
71	116	-1
71	117	-1
71	118	Lp
71	119	Lp
72	0	L
72	1	-1
72	2	-1
72	3	L
72	4	Lp
72	5	L
72	6	L
72	7	L
72	8	Lp
72	9	Lp
72	10	Lp
72	11	Lp
72	12	Lp
72	13	Lp
72	14	L
72	15	-1
72	16	L
72	17	L
72	18	Lp
72	19	Lp
72	20	Lp
72	21	L
72	22	-1
72	23	L
72	24	Lp
72	25	Lp
72	26	Lp
72	27	Lp
72	28	Lp
72	29	Lp
72	30	Lp
72	31	Lp
72	32	Lp
72	33	-1
72	34	Lp
72	35	U
72	36	Lp
72	37	Lp
72	38	Lp
72	39	Lp
72	40	Lp
72	41	Lp
72	42	Lp
72	43	Lp
72	44	-1
72	45	L
72	46	Lp
72	47	Lp
72	48	L
72	49	-1
72	50	Lp
72	51	Lp
72	52	Lp
72	53	Lp
72	54	-1
72	55	Lp
72	56	-1
72	57	Lp
72	58	Lp
72	59	-1
72	60	Lp
72	61	Lp
72	62	Lp
72	63	Lp
72	64	L
72	65	Lp
72	66	L
72	67	L
72	68	L
72	69	L
72	70	Lp
72	71	Lp
72	72	Lp
72	73	Lp
72	74	Lp
72	75	Lp
72	76	Lp
72	77	Lp
72	78	Lp
72	79	-1
72	80	Lp
72	81	Lp
72	82	Lp
72	83	Lp
72	84	Lp
72	85	-1
72	86	Lp
72	87	Lp
72	88	Lp
72	89	Lp
72	90	Lp
72	91	Lp
72	92	Lp
72	93	L
72	94	Lp
72	95	-1
72	96	L
72	97	Lp
72	98	-1
72	99	Lp
72	100	Lp
72	101	Lp
72	102	Lp
72	103	Lp
72	104	Lp
72	105	-1
72	106	Lp
72	107	Lp
72	108	Lp
72	109	Lp
72	110	Lp
72	111	Lp
72	112	U
72	113	L
72	114	L
72	115	-1
72	116	L
72	117	-1
72	118	L
72	119	-1
73	0	L
73	1	L
73	2	L
73	3	Lp
73	4	L
73	5	L
73	6	L
73	7	L
73	8	U
73	9	Lp
73	10	Lp
73	11	Lp
73	12	Lp
73	13	Lp
73	14	L
73	15	L
73	16	L
73	17	-1
73	18	Lp
73	19	Lp
73	20	-1
73	21	L
73	22	-1
73	23	Lp
73	24	L
73	25	Lp
73	26	Lp
73	27	L
73	28	Lp
73	29	Lp
73	30	Lp
73	31	-1
73	32	-1
73	33	Lp
73	34	Lp
73	35	Lp
73	36	Lp
73	37	Lp
73	38	Lp
73	39	Lp
73	40	-1
73	41	-1
73	42	Lp
73	43	Lp
73	44	Lp
73	45	Lp
73	46	-1
73	47	L
73	48	L
73	49	-1
73	50	Lp
73	51	-1
73	52	Lp
73	53	Lp
73	54	Lp
73	55	Lp
73	56	Lp
73	57	Lp
73	58	Lp
73	59	Lp
73	60	Lp
73	61	Lp
73	62	L
73	63	L
73	64	L
73	65	Lp
73	66	Lp
73	67	Lp
73	68	U
73	69	U
73	70	L
73	71	-1
73	72	Lp
73	73	-1
73	74	Lp
73	75	Lp
73	76	Lp
73	77	Lp
73	78	-1
73	79	Lp
73	80	-1
73	81	Lp
73	82	Lp
73	83	Lp
73	84	Lp
73	85	L
73	86	Lp
73	87	Lp
73	88	L
73	89	Lp
73	90	Lp
73	91	Lp
73	92	Lp
73	93	Lp
73	94	Lp
73	95	Lp
73	96	-1
73	97	Lp
73	98	-1
73	99	-1
73	100	-1
73	101	Lp
73	102	Lp
73	103	Lp
73	104	Lp
73	105	Lp
73	106	Lp
73	107	Lp
73	108	Lp
73	109	Lp
73	110	Lp
73	111	Lp
73	112	-1
73	113	-1
73	114	Lp
73	115	L
73	116	Lp
73	117	L
73	118	-1
73	119	L
74	0	L
74	1	L
74	2	Lp
74	3	L
74	4	L
74	5	-1
74	6	-1
74	7	U
74	8	U
74	9	U
74	10	Lp
74	11	-1
74	12	-1
74	13	Lp
74	14	L
74	15	L
74	16	-1
74	17	Lp
74	18	L
74	19	Lp
74	20	-1
74	21	L
74	22	-1
74	23	-1
74	24	Lp
74	25	Lp
74	26	Lp
74	27	Lp
74	28	Lp
74	29	-1
74	30	Lp
74	31	Lp
74	32	U
74	33	U
74	34	Lp
74	35	Lp
74	36	Lp
74	37	-1
74	38	Lp
74	39	Lp
74	40	Lp
74	41	Lp
74	42	Lp
74	43	-1
74	44	Lp
74	45	Lp
74	46	Lp
74	47	Lp
74	48	L
74	49	Lp
74	50	Lp
74	51	Lp
74	52	Lp
74	53	Lp
74	54	Lp
74	55	Lp
74	56	Lp
74	57	Lp
74	58	-1
74	59	Lp
74	60	Lp
74	61	Lp
74	62	L
74	63	L
74	64	L
74	65	L
74	66	Lp
74	67	U
74	68	-1
74	69	L
74	70	-1
74	71	Lp
74	72	Lp
74	73	Lp
74	74	Lp
74	75	Lp
74	76	-1
74	77	Lp
74	78	-1
74	79	Lp
74	80	Lp
74	81	Lp
74	82	Lp
74	83	Lp
74	84	-1
74	85	L
74	86	L
74	87	Lp
74	88	U
74	89	U
74	90	Lp
74	91	Lp
74	92	Lp
74	93	L
74	94	-1
74	95	Lp
74	96	Lp
74	97	Lp
74	98	Lp
74	99	Lp
74	100	Lp
74	101	Lp
74	102	Lp
74	103	Lp
74	104	-1
74	105	Lp
74	106	Lp
74	107	-1
74	108	Lp
74	109	Lp
74	110	Lp
74	111	-1
74	112	U
74	113	Lp
74	114	Lp
74	115	Lp
74	116	-1
74	117	Lp
74	118	Lp
74	119	L
75	0	Lp
75	1	Lp
75	2	Lp
75	3	Lp
75	4	Lp
75	5	Lp
75	6	L
75	7	U
75	8	U
75	9	U
75	10	Lp
75	11	Lp
75	12	-1
75	13	Lp
75	14	L
75	15	L
75	16	-1
75	17	-1
75	18	U
75	19	-1
75	20	L
75	21	L
75	22	-1
75	23	Lp
75	24	Lp
75	25	Lp
75	26	Lp
75	27	-1
75	28	Lp
75	29	-1
75	30	Lp
75	31	Lp
75	32	U
75	33	Lp
75	34	-1
75	35	Lp
75	36	Lp
75	37	Lp
75	38	Lp
75	39	Lp
75	40	Lp
75	41	Lp
75	42	Lp
75	43	Lp
75	44	-1
75	45	L
75	46	Lp
75	47	Lp
75	48	Lp
75	49	Lp
75	50	Lp
75	51	Lp
75	52	Lp
75	53	Lp
75	54	Lp
75	55	Lp
75	56	-1
75	57	Lp
75	58	Lp
75	59	Lp
75	60	L
75	61	Lp
75	62	L
75	63	L
75	64	-1
75	65	L
75	66	-1
75	67	-1
75	68	-1
75	69	-1
75	70	-1
75	71	Lp
75	72	Lp
75	73	Lp
75	74	Lp
75	75	-1
75	76	-1
75	77	Lp
75	78	U
75	79	Lp
75	80	Lp
75	81	Lp
75	82	-1
75	83	Lp
75	84	L
75	85	L
75	86	Lp
75	87	Lp
75	88	-1
75	89	U
75	90	L
75	91	Lp
75	92	-1
75	93	Lp
75	94	Lp
75	95	Lp
75	96	L
75	97	Lp
75	98	-1
75	99	Lp
75	100	Lp
75	101	Lp
75	102	-1
75	103	Lp
75	104	Lp
75	105	Lp
75	106	Lp
75	107	U
75	108	Lp
75	109	Lp
75	110	Lp
75	111	-1
75	112	Lp
75	113	-1
75	114	-1
75	115	-1
75	116	Lp
75	117	Lp
75	118	L
75	119	Lp
76	0	Lp
76	1	Lp
76	2	Lp
76	3	Lp
76	4	Lp
76	5	L
76	6	U
76	7	L
76	8	-1
76	9	U
76	10	U
76	11	Lp
76	12	Lp
76	13	L
76	14	L
76	15	-1
76	16	L
76	17	L
76	18	U
76	19	U
76	20	-1
76	21	L
76	22	Lp
76	23	Lp
76	24	Lp
76	25	-1
76	26	Lp
76	27	Lp
76	28	Lp
76	29	Lp
76	30	Lp
76	31	-1
76	32	Lp
76	33	Lp
76	34	Lp
76	35	Lp
76	36	Lp
76	37	Lp
76	38	-1
76	39	Lp
76	40	Lp
76	41	Lp
76	42	Lp
76	43	L
76	44	L
76	45	Lp
76	46	Lp
76	47	-1
76	48	-1
76	49	Lp
76	50	-1
76	51	Lp
76	52	Lp
76	53	Lp
76	54	-1
76	55	-1
76	56	-1
76	57	Lp
76	58	Lp
76	59	Lp
76	60	L
76	61	L
76	62	L
76	63	L
76	64	L
76	65	-1
76	66	-1
76	67	L
76	68	-1
76	69	L
76	70	-1
76	71	Lp
76	72	Lp
76	73	Lp
76	74	Lp
76	75	-1
76	76	Lp
76	77	Lp
76	78	-1
76	79	-1
76	80	Lp
76	81	Lp
76	82	Lp
76	83	-1
76	84	Lp
76	85	Lp
76	86	-1
76	87	Lp
76	88	-1
76	89	U
76	90	L
76	91	Lp
76	92	Lp
76	93	Lp
76	94	Lp
76	95	Lp
76	96	Lp
76	97	-1
76	98	-1
76	99	L
76	100	L
76	101	-1
76	102	Lp
76	103	Lp
76	104	Lp
76	105	Lp
76	106	Lp
76	107	Lp
76	108	Lp
76	109	Lp
76	110	Lp
76	111	Lp
76	112	-1
76	113	Lp
76	114	Lp
76	115	Lp
76	116	Lp
76	117	Lp
76	118	Lp
76	119	Lp
77	0	Lp
77	1	Lp
77	2	Lp
77	3	L
77	4	L
77	5	L
77	6	L
77	7	L
77	8	-1
77	9	U
77	10	L
77	11	-1
77	12	-1
77	13	L
77	14	L
77	15	-1
77	16	L
77	17	U
77	18	L
77	19	-1
77	20	L
77	21	Lp
77	22	L
77	23	Lp
77	24	Lp
77	25	Lp
77	26	Lp
77	27	-1
77	28	Lp
77	29	Lp
77	30	Lp
77	31	-1
77	32	Lp
77	33	Lp
77	34	Lp
77	35	Lp
77	36	-1
77	37	Lp
77	38	Lp
77	39	Lp
77	40	Lp
77	41	Lp
77	42	Lp
77	43	Lp
77	44	Lp
77	45	Lp
77	46	L
77	47	Lp
77	48	-1
77	49	Lp
77	50	Lp
77	51	Lp
77	52	-1
77	53	Lp
77	54	Lp
77	55	Lp
77	56	Lp
77	57	Lp
77	58	Lp
77	59	Lp
77	60	L
77	61	Lp
77	62	Lp
77	63	Lp
77	64	Lp
77	65	L
77	66	-1
77	67	-1
77	68	L
77	69	L
77	70	L
77	71	Lp
77	72	Lp
77	73	-1
77	74	Lp
77	75	-1
77	76	Lp
77	77	Lp
77	78	Lp
77	79	Lp
77	80	Lp
77	81	Lp
77	82	-1
77	83	Lp
77	84	L
77	85	L
77	86	Lp
77	87	Lp
77	88	-1
77	89	-1
77	90	L
77	91	L
77	92	L
77	93	Lp
77	94	L
77	95	Lp
77	96	-1
77	97	-1
77	98	Lp
77	99	-1
77	100	L
77	101	L
77	102	L
77	103	Lp
77	104	Lp
77	105	Lp
77	106	Lp
77	107	Lp
77	108	-1
77	109	L
77	110	Lp
77	111	-1
77	112	-1
77	113	Lp
77	114	Lp
77	115	Lp
77	116	Lp
77	117	Lp
77	118	Lp
77	119	Lp
78	0	Lp
78	1	Lp
78	2	L
78	3	L
78	4	-1
78	5	L
78	6	L
78	7	U
78	8	Lp
78	9	-1
78	10	-1
78	11	L
78	12	-1
78	13	Lp
78	14	Lp
78	15	-1
78	16	Lp
78	17	L
78	18	L
78	19	L
78	20	L
78	21	-1
78	22	-1
78	23	L
78	24	Lp
78	25	Lp
78	26	Lp
78	27	Lp
78	28	-1
78	29	Lp
78	30	Lp
78	31	Lp
78	32	Lp
78	33	Lp
78	34	Lp
78	35	Lp
78	36	Lp
78	37	-1
78	38	Lp
78	39	Lp
78	40	Lp
78	41	Lp
78	42	Lp
78	43	Lp
78	44	-1
78	45	Lp
78	46	Lp
78	47	Lp
78	48	Lp
78	49	Lp
78	50	Lp
78	51	Lp
78	52	Lp
78	53	-1
78	54	-1
78	55	Lp
78	56	Lp
78	57	Lp
78	58	L
78	59	Lp
78	60	Lp
78	61	-1
78	62	Lp
78	63	L
78	64	L
78	65	Lp
78	66	Lp
78	67	-1
78	68	L
78	69	L
78	70	Lp
78	71	-1
78	72	Lp
78	73	Lp
78	74	Lp
78	75	Lp
78	76	Lp
78	77	Lp
78	78	Lp
78	79	-1
78	80	-1
78	81	Lp
78	82	Lp
78	83	Lp
78	84	-1
78	85	L
78	86	L
78	87	Lp
78	88	L
78	89	-1
78	90	L
78	91	L
78	92	L
78	93	L
78	94	Lp
78	95	L
78	96	Lp
78	97	Lp
78	98	-1
78	99	-1
78	100	Lp
78	101	-1
78	102	Lp
78	103	-1
78	104	Lp
78	105	Lp
78	106	Lp
78	107	Lp
78	108	Lp
78	109	-1
78	110	-1
78	111	Lp
78	112	-1
78	113	Lp
78	114	Lp
78	115	Lp
78	116	Lp
78	117	Lp
78	118	Lp
78	119	Lp
79	0	Lp
79	1	L
79	2	Lp
79	3	L
79	4	L
79	5	-1
79	6	U
79	7	L
79	8	L
79	9	Lp
79	10	-1
79	11	Lp
79	12	Lp
79	13	Lp
79	14	Lp
79	15	Lp
79	16	-1
79	17	-1
79	18	L
79	19	L
79	20	L
79	21	Lp
79	22	L
79	23	L
79	24	L
79	25	Lp
79	26	Lp
79	27	Lp
79	28	Lp
79	29	Lp
79	30	-1
79	31	Lp
79	32	-1
79	33	Lp
79	34	Lp
79	35	Lp
79	36	Lp
79	37	Lp
79	38	Lp
79	39	Lp
79	40	Lp
79	41	Lp
79	42	Lp
79	43	L
79	44	-1
79	45	Lp
79	46	Lp
79	47	Lp
79	48	Lp
79	49	Lp
79	50	Lp
79	51	-1
79	52	L
79	53	Lp
79	54	Lp
79	55	Lp
79	56	Lp
79	57	-1
79	58	-1
79	59	Lp
79	60	Lp
79	61	U
79	62	U
79	63	U
79	64	L
79	65	Lp
79	66	Lp
79	67	Lp
79	68	-1
79	69	L
79	70	Lp
79	71	Lp
79	72	Lp
79	73	Lp
79	74	Lp
79	75	Lp
79	76	-1
79	77	Lp
79	78	Lp
79	79	Lp
79	80	-1
79	81	Lp
79	82	Lp
79	83	Lp
79	84	-1
79	85	L
79	86	Lp
79	87	Lp
79	88	Lp
79	89	L
79	90	-1
79	91	L
79	92	-1
79	93	L
79	94	L
79	95	Lp
79	96	L
79	97	-1
79	98	Lp
79	99	Lp
79	100	Lp
79	101	-1
79	102	Lp
79	103	Lp
79	104	Lp
79	105	Lp
79	106	Lp
79	107	Lp
79	108	Lp
79	109	Lp
79	110	L
79	111	Lp
79	112	Lp
79	113	-1
79	114	-1
79	115	Lp
79	116	-1
79	117	Lp
79	118	Lp
79	119	Lp
80	0	Lp
80	1	Lp
80	2	L
80	3	L
80	4	Lp
80	5	-1
80	6	-1
80	7	L
80	8	L
80	9	-1
80	10	Lp
80	11	Lp
80	12	Lp
80	13	Lp
80	14	Lp
80	15	L
80	16	L
80	17	L
80	18	L
80	19	L
80	20	L
80	21	L
80	22	L
80	23	L
80	24	L
80	25	L
80	26	Lp
80	27	Lp
80	28	Lp
80	29	Lp
80	30	Lp
80	31	Lp
80	32	Lp
80	33	Lp
80	34	-1
80	35	Lp
80	36	Lp
80	37	Lp
80	38	Lp
80	39	Lp
80	40	Lp
80	41	Lp
80	42	Lp
80	43	-1
80	44	-1
80	45	Lp
80	46	Lp
80	47	Lp
80	48	-1
80	49	Lp
80	50	Lp
80	51	Lp
80	52	U
80	53	Lp
80	54	-1
80	55	Lp
80	56	Lp
80	57	Lp
80	58	L
80	59	Lp
80	60	Lp
80	61	-1
80	62	U
80	63	U
80	64	L
80	65	L
80	66	L
80	67	L
80	68	-1
80	69	L
80	70	-1
80	71	-1
80	72	Lp
80	73	Lp
80	74	L
80	75	Lp
80	76	Lp
80	77	Lp
80	78	-1
80	79	Lp
80	80	Lp
80	81	Lp
80	82	Lp
80	83	Lp
80	84	L
80	85	Lp
80	86	L
80	87	Lp
80	88	L
80	89	-1
80	90	Lp
80	91	-1
80	92	L
80	93	L
80	94	-1
80	95	L
80	96	L
80	97	Lp
80	98	Lp
80	99	Lp
80	100	Lp
80	101	Lp
80	102	-1
80	103	Lp
80	104	Lp
80	105	-1
80	106	Lp
80	107	-1
80	108	L
80	109	Lp
80	110	-1
80	111	Lp
80	112	Lp
80	113	-1
80	114	Lp
80	115	Lp
80	116	Lp
80	117	-1
80	118	Lp
80	119	Lp
81	0	-1
81	1	Lp
81	2	L
81	3	-1
81	4	Lp
81	5	L
81	6	L
81	7	L
81	8	L
81	9	Lp
81	10	Lp
81	11	Lp
81	12	Lp
81	13	Lp
81	14	Lp
81	15	Lp
81	16	-1
81	17	L
81	18	L
81	19	-1
81	20	Lp
81	21	L
81	22	L
81	23	-1
81	24	Lp
81	25	-1
81	26	Lp
81	27	Lp
81	28	Lp
81	29	Lp
81	30	Lp
81	31	Lp
81	32	Lp
81	33	Lp
81	34	-1
81	35	-1
81	36	Lp
81	37	Lp
81	38	Lp
81	39	Lp
81	40	Lp
81	41	Lp
81	42	Lp
81	43	Lp
81	44	Lp
81	45	-1
81	46	-1
81	47	Lp
81	48	-1
81	49	Lp
81	50	Lp
81	51	Lp
81	52	Lp
81	53	Lp
81	54	Lp
81	55	Lp
81	56	Lp
81	57	Lp
81	58	L
81	59	L
81	60	Lp
81	61	U
81	62	U
81	63	L
81	64	U
81	65	L
81	66	L
81	67	L
81	68	L
81	69	-1
81	70	L
81	71	L
81	72	-1
81	73	L
81	74	Lp
81	75	Lp
81	76	Lp
81	77	Lp
81	78	Lp
81	79	Lp
81	80	Lp
81	81	-1
81	82	L
81	83	Lp
81	84	Lp
81	85	Lp
81	86	L
81	87	-1
81	88	L
81	89	-1
81	90	L
81	91	L
81	92	L
81	93	-1
81	94	L
81	95	L
81	96	L
81	97	L
81	98	L
81	99	Lp
81	100	L
81	101	Lp
81	102	U
81	103	Lp
81	104	L
81	105	Lp
81	106	L
81	107	L
81	108	L
81	109	L
81	110	L
81	111	Lp
81	112	-1
81	113	Lp
81	114	Lp
81	115	Lp
81	116	Lp
81	117	-1
81	118	Lp
81	119	Lp
82	0	Lp
82	1	-1
82	2	L
82	3	Lp
82	4	L
82	5	L
82	6	L
82	7	-1
82	8	-1
82	9	L
82	10	L
82	11	Lp
82	12	Lp
82	13	Lp
82	14	Lp
82	15	-1
82	16	Lp
82	17	Lp
82	18	-1
82	19	Lp
82	20	Lp
82	21	Lp
82	22	Lp
82	23	-1
82	24	L
82	25	Lp
82	26	Lp
82	27	-1
82	28	Lp
82	29	Lp
82	30	Lp
82	31	Lp
82	32	Lp
82	33	Lp
82	34	Lp
82	35	Lp
82	36	Lp
82	37	Lp
82	38	-1
82	39	Lp
82	40	Lp
82	41	Lp
82	42	Lp
82	43	Lp
82	44	Lp
82	45	Lp
82	46	Lp
82	47	Lp
82	48	Lp
82	49	Lp
82	50	Lp
82	51	Lp
82	52	Lp
82	53	Lp
82	54	-1
82	55	Lp
82	56	Lp
82	57	-1
82	58	Lp
82	59	Lp
82	60	L
82	61	U
82	62	U
82	63	Lp
82	64	Lp
82	65	-1
82	66	L
82	67	-1
82	68	L
82	69	L
82	70	L
82	71	Lp
82	72	Lp
82	73	-1
82	74	Lp
82	75	Lp
82	76	Lp
82	77	L
82	78	Lp
82	79	Lp
82	80	L
82	81	L
82	82	Lp
82	83	L
82	84	-1
82	85	-1
82	86	-1
82	87	L
82	88	L
82	89	Lp
82	90	Lp
82	91	Lp
82	92	Lp
82	93	L
82	94	Lp
82	95	L
82	96	L
82	97	L
82	98	L
82	99	Lp
82	100	L
82	101	L
82	102	L
82	103	Lp
82	104	L
82	105	L
82	106	L
82	107	L
82	108	Lp
82	109	Lp
82	110	L
82	111	L
82	112	L
82	113	Lp
82	114	L
82	115	Lp
82	116	Lp
82	117	-1
82	118	Lp
82	119	Lp
83	0	Lp
83	1	L
83	2	L
83	3	L
83	4	L
83	5	L
83	6	L
83	7	L
83	8	L
83	9	L
83	10	Lp
83	11	Lp
83	12	Lp
83	13	Lp
83	14	Lp
83	15	Lp
83	16	Lp
83	17	Lp
83	18	Lp
83	19	Lp
83	20	L
83	21	Lp
83	22	-1
83	23	-1
83	24	Lp
83	25	-1
83	26	Lp
83	27	Lp
83	28	Lp
83	29	-1
83	30	Lp
83	31	Lp
83	32	Lp
83	33	Lp
83	34	Lp
83	35	Lp
83	36	Lp
83	37	Lp
83	38	-1
83	39	Lp
83	40	Lp
83	41	Lp
83	42	Lp
83	43	Lp
83	44	Lp
83	45	Lp
83	46	U
83	47	Lp
83	48	U
83	49	Lp
83	50	Lp
83	51	Lp
83	52	Lp
83	53	Lp
83	54	Lp
83	55	Lp
83	56	Lp
83	57	Lp
83	58	Lp
83	59	L
83	60	-1
83	61	-1
83	62	Lp
83	63	-1
83	64	Lp
83	65	-1
83	66	-1
83	67	Lp
83	68	Lp
83	69	Lp
83	70	-1
83	71	Lp
83	72	Lp
83	73	Lp
83	74	Lp
83	75	Lp
83	76	L
83	77	Lp
83	78	L
83	79	-1
83	80	L
83	81	L
83	82	L
83	83	Lp
83	84	Lp
83	85	Lp
83	86	-1
83	87	Lp
83	88	Lp
83	89	Lp
83	90	Lp
83	91	Lp
83	92	Lp
83	93	-1
83	94	Lp
83	95	Lp
83	96	Lp
83	97	-1
83	98	Lp
83	99	Lp
83	100	L
83	101	L
83	102	L
83	103	L
83	104	-1
83	105	Lp
83	106	-1
83	107	Lp
83	108	L
83	109	L
83	110	-1
83	111	L
83	112	Lp
83	113	L
83	114	U
83	115	U
83	116	U
83	117	Lp
83	118	Lp
83	119	-1
84	0	Lp
84	1	Lp
84	2	L
84	3	L
84	4	U
84	5	U
84	6	L
84	7	L
84	8	L
84	9	L
84	10	L
84	11	Lp
84	12	Lp
84	13	-1
84	14	Lp
84	15	Lp
84	16	Lp
84	17	Lp
84	18	Lp
84	19	-1
84	20	-1
84	21	L
84	22	Lp
84	23	Lp
84	24	Lp
84	25	Lp
84	26	-1
84	27	L
84	28	Lp
84	29	Lp
84	30	Lp
84	31	Lp
84	32	Lp
84	33	Lp
84	34	Lp
84	35	Lp
84	36	-1
84	37	Lp
84	38	Lp
84	39	-1
84	40	Lp
84	41	Lp
84	42	-1
84	43	Lp
84	44	Lp
84	45	U
84	46	Lp
84	47	U
84	48	U
84	49	Lp
84	50	Lp
84	51	Lp
84	52	Lp
84	53	-1
84	54	Lp
84	55	Lp
84	56	Lp
84	57	-1
84	58	-1
84	59	-1
84	60	-1
84	61	-1
84	62	-1
84	63	Lp
84	64	Lp
84	65	Lp
84	66	-1
84	67	Lp
84	68	Lp
84	69	-1
84	70	Lp
84	71	Lp
84	72	Lp
84	73	L
84	74	Lp
84	75	L
84	76	L
84	77	L
84	78	Lp
84	79	Lp
84	80	L
84	81	-1
84	82	L
84	83	L
84	84	Lp
84	85	Lp
84	86	Lp
84	87	Lp
84	88	Lp
84	89	Lp
84	90	Lp
84	91	Lp
84	92	Lp
84	93	Lp
84	94	Lp
84	95	Lp
84	96	-1
84	97	L
84	98	L
84	99	Lp
84	100	L
84	101	L
84	102	L
84	103	Lp
84	104	Lp
84	105	Lp
84	106	Lp
84	107	Lp
84	108	Lp
84	109	Lp
84	110	L
84	111	Lp
84	112	Lp
84	113	Lp
84	114	U
84	115	U
84	116	Lp
84	117	Lp
84	118	Lp
84	119	Lp
85	0	Lp
85	1	L
85	2	L
85	3	-1
85	4	L
85	5	L
85	6	L
85	7	Lp
85	8	L
85	9	L
85	10	L
85	11	Lp
85	12	Lp
85	13	Lp
85	14	-1
85	15	Lp
85	16	-1
85	17	-1
85	18	Lp
85	19	Lp
85	20	-1
85	21	Lp
85	22	Lp
85	23	Lp
85	24	Lp
85	25	Lp
85	26	L
85	27	L
85	28	Lp
85	29	Lp
85	30	Lp
85	31	Lp
85	32	Lp
85	33	Lp
85	34	Lp
85	35	Lp
85	36	U
85	37	Lp
85	38	Lp
85	39	Lp
85	40	Lp
85	41	U
85	42	Lp
85	43	Lp
85	44	Lp
85	45	Lp
85	46	Lp
85	47	U
85	48	U
85	49	U
85	50	U
85	51	-1
85	52	Lp
85	53	Lp
85	54	-1
85	55	Lp
85	56	Lp
85	57	-1
85	58	-1
85	59	Lp
85	60	L
85	61	L
85	62	L
85	63	Lp
85	64	Lp
85	65	Lp
85	66	Lp
85	67	Lp
85	68	Lp
85	69	-1
85	70	Lp
85	71	Lp
85	72	-1
85	73	U
85	74	U
85	75	L
85	76	L
85	77	Lp
85	78	Lp
85	79	L
85	80	L
85	81	Lp
85	82	L
85	83	-1
85	84	Lp
85	85	Lp
85	86	Lp
85	87	Lp
85	88	Lp
85	89	Lp
85	90	-1
85	91	Lp
85	92	Lp
85	93	Lp
85	94	Lp
85	95	-1
85	96	Lp
85	97	Lp
85	98	L
85	99	-1
85	100	L
85	101	L
85	102	L
85	103	L
85	104	-1
85	105	-1
85	106	Lp
85	107	Lp
85	108	Lp
85	109	Lp
85	110	L
85	111	Lp
85	112	Lp
85	113	Lp
85	114	U
85	115	-1
85	116	U
85	117	Lp
85	118	Lp
85	119	Lp
86	0	L
86	1	-1
86	2	L
86	3	L
86	4	L
86	5	L
86	6	Lp
86	7	Lp
86	8	L
86	9	L
86	10	L
86	11	L
86	12	Lp
86	13	Lp
86	14	Lp
86	15	Lp
86	16	Lp
86	17	-1
86	18	Lp
86	19	Lp
86	20	Lp
86	21	Lp
86	22	Lp
86	23	Lp
86	24	Lp
86	25	Lp
86	26	Lp
86	27	Lp
86	28	Lp
86	29	Lp
86	30	-1
86	31	U
86	32	Lp
86	33	-1
86	34	Lp
86	35	U
86	36	U
86	37	U
86	38	Lp
86	39	Lp
86	40	-1
86	41	Lp
86	42	-1
86	43	-1
86	44	Lp
86	45	-1
86	46	U
86	47	U
86	48	-1
86	49	U
86	50	Lp
86	51	Lp
86	52	Lp
86	53	Lp
86	54	Lp
86	55	Lp
86	56	Lp
86	57	Lp
86	58	Lp
86	59	Lp
86	60	L
86	61	L
86	62	L
86	63	Lp
86	64	-1
86	65	Lp
86	66	Lp
86	67	-1
86	68	-1
86	69	Lp
86	70	-1
86	71	Lp
86	72	U
86	73	L
86	74	Lp
86	75	L
86	76	-1
86	77	L
86	78	L
86	79	L
86	80	L
86	81	L
86	82	U
86	83	U
86	84	Lp
86	85	Lp
86	86	Lp
86	87	-1
86	88	Lp
86	89	Lp
86	90	Lp
86	91	-1
86	92	Lp
86	93	L
86	94	Lp
86	95	Lp
86	96	Lp
86	97	L
86	98	L
86	99	L
86	100	L
86	101	L
86	102	L
86	103	Lp
86	104	-1
86	105	L
86	106	L
86	107	U
86	108	Lp
86	109	-1
86	110	Lp
86	111	Lp
86	112	Lp
86	113	Lp
86	114	-1
86	115	Lp
86	116	Lp
86	117	Lp
86	118	Lp
86	119	-1
87	0	L
87	1	L
87	2	L
87	3	L
87	4	L
87	5	Lp
87	6	L
87	7	Lp
87	8	Lp
87	9	-1
87	10	Lp
87	11	Lp
87	12	Lp
87	13	-1
87	14	Lp
87	15	Lp
87	16	Lp
87	17	Lp
87	18	Lp
87	19	Lp
87	20	L
87	21	Lp
87	22	Lp
87	23	-1
87	24	Lp
87	25	Lp
87	26	Lp
87	27	Lp
87	28	Lp
87	29	Lp
87	30	-1
87	31	Lp
87	32	Lp
87	33	Lp
87	34	Lp
87	35	Lp
87	36	U
87	37	U
87	38	U
87	39	-1
87	40	Lp
87	41	Lp
87	42	-1
87	43	-1
87	44	Lp
87	45	Lp
87	46	-1
87	47	Lp
87	48	U
87	49	U
87	50	-1
87	51	Lp
87	52	Lp
87	53	Lp
87	54	-1
87	55	-1
87	56	Lp
87	57	Lp
87	58	-1
87	59	Lp
87	60	Lp
87	61	Lp
87	62	-1
87	63	Lp
87	64	Lp
87	65	Lp
87	66	-1
87	67	Lp
87	68	-1
87	69	Lp
87	70	Lp
87	71	Lp
87	72	U
87	73	L
87	74	L
87	75	L
87	76	-1
87	77	L
87	78	L
87	79	L
87	80	L
87	81	-1
87	82	U
87	83	Lp
87	84	U
87	85	Lp
87	86	Lp
87	87	Lp
87	88	Lp
87	89	Lp
87	90	Lp
87	91	Lp
87	92	L
87	93	Lp
87	94	Lp
87	95	Lp
87	96	Lp
87	97	L
87	98	-1
87	99	L
87	100	-1
87	101	-1
87	102	L
87	103	Lp
87	104	-1
87	105	L
87	106	Lp
87	107	U
87	108	Lp
87	109	Lp
87	110	Lp
87	111	Lp
87	112	Lp
87	113	Lp
87	114	-1
87	115	-1
87	116	Lp
87	117	Lp
87	118	-1
87	119	-1
88	0	-1
88	1	Lp
88	2	Lp
88	3	L
88	4	L
88	5	Lp
88	6	L
88	7	Lp
88	8	L
88	9	Lp
88	10	-1
88	11	Lp
88	12	Lp
88	13	Lp
88	14	Lp
88	15	Lp
88	16	Lp
88	17	-1
88	18	Lp
88	19	L
88	20	-1
88	21	-1
88	22	-1
88	23	-1
88	24	Lp
88	25	Lp
88	26	Lp
88	27	Lp
88	28	Lp
88	29	Lp
88	30	Lp
88	31	Lp
88	32	Lp
88	33	Lp
88	34	Lp
88	35	-1
88	36	U
88	37	-1
88	38	U
88	39	Lp
88	40	Lp
88	41	-1
88	42	Lp
88	43	Lp
88	44	Lp
88	45	Lp
88	46	Lp
88	47	Lp
88	48	Lp
88	49	Lp
88	50	Lp
88	51	Lp
88	52	Lp
88	53	Lp
88	54	Lp
88	55	Lp
88	56	Lp
88	57	Lp
88	58	Lp
88	59	Lp
88	60	Lp
88	61	Lp
88	62	Lp
88	63	Lp
88	64	Lp
88	65	Lp
88	66	-1
88	67	Lp
88	68	Lp
88	69	Lp
88	70	-1
88	71	Lp
88	72	U
88	73	U
88	74	L
88	75	L
88	76	L
88	77	-1
88	78	L
88	79	L
88	80	-1
88	81	L
88	82	U
88	83	L
88	84	L
88	85	-1
88	86	-1
88	87	Lp
88	88	Lp
88	89	Lp
88	90	Lp
88	91	Lp
88	92	Lp
88	93	Lp
88	94	-1
88	95	-1
88	96	Lp
88	97	Lp
88	98	L
88	99	L
88	100	L
88	101	L
88	102	L
88	103	L
88	104	Lp
88	105	-1
88	106	-1
88	107	Lp
88	108	L
88	109	Lp
88	110	Lp
88	111	Lp
88	112	Lp
88	113	Lp
88	114	Lp
88	115	-1
88	116	Lp
88	117	Lp
88	118	Lp
88	119	Lp
89	0	-1
89	1	-1
89	2	Lp
89	3	L
89	4	-1
89	5	U
89	6	Lp
89	7	Lp
89	8	Lp
89	9	-1
89	10	Lp
89	11	L
89	12	Lp
89	13	Lp
89	14	Lp
89	15	-1
89	16	Lp
89	17	Lp
89	18	Lp
89	19	-1
89	20	Lp
89	21	-1
89	22	Lp
89	23	Lp
89	24	Lp
89	25	Lp
89	26	Lp
89	27	Lp
89	28	-1
89	29	Lp
89	30	Lp
89	31	Lp
89	32	Lp
89	33	Lp
89	34	Lp
89	35	Lp
89	36	Lp
89	37	Lp
89	38	Lp
89	39	Lp
89	40	-1
89	41	-1
89	42	U
89	43	Lp
89	44	Lp
89	45	Lp
89	46	Lp
89	47	Lp
89	48	Lp
89	49	-1
89	50	Lp
89	51	Lp
89	52	-1
89	53	Lp
89	54	Lp
89	55	Lp
89	56	Lp
89	57	Lp
89	58	Lp
89	59	Lp
89	60	Lp
89	61	-1
89	62	Lp
89	63	Lp
89	64	Lp
89	65	Lp
89	66	L
89	67	Lp
89	68	Lp
89	69	Lp
89	70	U
89	71	L
89	72	L
89	73	L
89	74	L
89	75	L
89	76	L
89	77	L
89	78	-1
89	79	L
89	80	L
89	81	L
89	82	U
89	83	L
89	84	L
89	85	L
89	86	-1
89	87	L
89	88	Lp
89	89	-1
89	90	Lp
89	91	-1
89	92	Lp
89	93	Lp
89	94	Lp
89	95	Lp
89	96	Lp
89	97	Lp
89	98	Lp
89	99	L
89	100	L
89	101	L
89	102	L
89	103	Lp
89	104	Lp
89	105	-1
89	106	L
89	107	L
89	108	L
89	109	L
89	110	Lp
89	111	Lp
89	112	Lp
89	113	-1
89	114	Lp
89	115	Lp
89	116	Lp
89	117	Lp
89	118	Lp
89	119	Lp
90	0	Lp
90	1	Lp
90	2	Lp
90	3	Lp
90	4	L
90	5	U
90	6	Lp
90	7	Lp
90	8	Lp
90	9	Lp
90	10	Lp
90	11	L
90	12	Lp
90	13	Lp
90	14	Lp
90	15	Lp
90	16	Lp
90	17	Lp
90	18	Lp
90	19	Lp
90	20	Lp
90	21	Lp
90	22	Lp
90	23	Lp
90	24	Lp
90	25	-1
90	26	Lp
90	27	Lp
90	28	-1
90	29	Lp
90	30	Lp
90	31	Lp
90	32	Lp
90	33	Lp
90	34	Lp
90	35	Lp
90	36	Lp
90	37	U
90	38	-1
90	39	Lp
90	40	U
90	41	U
90	42	Lp
90	43	Lp
90	44	-1
90	45	Lp
90	46	Lp
90	47	Lp
90	48	Lp
90	49	-1
90	50	Lp
90	51	Lp
90	52	-1
90	53	Lp
90	54	Lp
90	55	Lp
90	56	Lp
90	57	Lp
90	58	U
90	59	L
90	60	-1
90	61	Lp
90	62	-1
90	63	-1
90	64	-1
90	65	L
90	66	Lp
90	67	Lp
90	68	L
90	69	Lp
90	70	-1
90	71	-1
90	72	L
90	73	L
90	74	L
90	75	-1
90	76	Lp
90	77	L
90	78	L
90	79	L
90	80	U
90	81	L
90	82	-1
90	83	L
90	84	L
90	85	L
90	86	-1
90	87	L
90	88	-1
90	89	L
90	90	-1
90	91	Lp
90	92	-1
90	93	Lp
90	94	Lp
90	95	Lp
90	96	Lp
90	97	-1
90	98	Lp
90	99	Lp
90	100	Lp
90	101	Lp
90	102	Lp
90	103	-1
90	104	Lp
90	105	Lp
90	106	Lp
90	107	L
90	108	L
90	109	-1
90	110	L
90	111	Lp
90	112	Lp
90	113	-1
90	114	Lp
90	115	-1
90	116	Lp
90	117	Lp
90	118	-1
90	119	Lp
91	0	-1
91	1	Lp
91	2	Lp
91	3	Lp
91	4	Lp
91	5	Lp
91	6	Lp
91	7	-1
91	8	Lp
91	9	Lp
91	10	Lp
91	11	Lp
91	12	Lp
91	13	Lp
91	14	Lp
91	15	Lp
91	16	Lp
91	17	Lp
91	18	Lp
91	19	Lp
91	20	-1
91	21	Lp
91	22	Lp
91	23	Lp
91	24	-1
91	25	Lp
91	26	Lp
91	27	Lp
91	28	Lp
91	29	Lp
91	30	-1
91	31	Lp
91	32	-1
91	33	Lp
91	34	U
91	35	Lp
91	36	Lp
91	37	U
91	38	U
91	39	-1
91	40	Lp
91	41	Lp
91	42	Lp
91	43	-1
91	44	Lp
91	45	Lp
91	46	L
91	47	L
91	48	L
91	49	L
91	50	Lp
91	51	-1
91	52	Lp
91	53	-1
91	54	Lp
91	55	Lp
91	56	Lp
91	57	Lp
91	58	Lp
91	59	L
91	60	Lp
91	61	Lp
91	62	Lp
91	63	Lp
91	64	-1
91	65	L
91	66	Lp
91	67	Lp
91	68	L
91	69	Lp
91	70	Lp
91	71	U
91	72	L
91	73	L
91	74	L
91	75	L
91	76	L
91	77	L
91	78	-1
91	79	L
91	80	U
91	81	-1
91	82	L
91	83	L
91	84	-1
91	85	-1
91	86	L
91	87	Lp
91	88	L
91	89	L
91	90	L
91	91	Lp
91	92	Lp
91	93	Lp
91	94	Lp
91	95	-1
91	96	Lp
91	97	Lp
91	98	Lp
91	99	Lp
91	100	L
91	101	Lp
91	102	L
91	103	Lp
91	104	Lp
91	105	Lp
91	106	L
91	107	-1
91	108	-1
91	109	L
91	110	Lp
91	111	Lp
91	112	Lp
91	113	-1
91	114	Lp
91	115	Lp
91	116	Lp
91	117	Lp
91	118	-1
91	119	Lp
92	0	Lp
92	1	-1
92	2	Lp
92	3	Lp
92	4	Lp
92	5	-1
92	6	Lp
92	7	Lp
92	8	-1
92	9	Lp
92	10	Lp
92	11	Lp
92	12	Lp
92	13	L
92	14	U
92	15	Lp
92	16	Lp
92	17	Lp
92	18	Lp
92	19	Lp
92	20	-1
92	21	Lp
92	22	Lp
92	23	Lp
92	24	-1
92	25	Lp
92	26	Lp
92	27	Lp
92	28	Lp
92	29	-1
92	30	Lp
92	31	-1
92	32	Lp
92	33	Lp
92	34	Lp
92	35	Lp
92	36	U
92	37	U
92	38	U
92	39	U
92	40	U
92	41	Lp
92	42	-1
92	43	Lp
92	44	-1
92	45	Lp
92	46	-1
92	47	L
92	48	L
92	49	Lp
92	50	Lp
92	51	Lp
92	52	Lp
92	53	-1
92	54	U
92	55	Lp
92	56	-1
92	57	Lp
92	58	L
92	59	L
92	60	-1
92	61	Lp
92	62	-1
92	63	L
92	64	L
92	65	L
92	66	Lp
92	67	L
92	68	L
92	69	L
92	70	-1
92	71	Lp
92	72	U
92	73	Lp
92	74	Lp
92	75	-1
92	76	L
92	77	L
92	78	L
92	79	L
92	80	L
92	81	L
92	82	-1
92	83	L
92	84	L
92	85	L
92	86	L
92	87	-1
92	88	L
92	89	-1
92	90	L
92	91	L
92	92	L
92	93	L
92	94	-1
92	95	Lp
92	96	Lp
92	97	-1
92	98	L
92	99	Lp
92	100	-1
92	101	L
92	102	Lp
92	103	Lp
92	104	Lp
92	105	L
92	106	L
92	107	L
92	108	Lp
92	109	L
92	110	-1
92	111	Lp
92	112	Lp
92	113	Lp
92	114	Lp
92	115	Lp
92	116	Lp
92	117	-1
92	118	Lp
92	119	Lp
93	0	Lp
93	1	Lp
93	2	Lp
93	3	Lp
93	4	Lp
93	5	Lp
93	6	Lp
93	7	Lp
93	8	Lp
93	9	-1
93	10	-1
93	11	-1
93	12	L
93	13	Lp
93	14	-1
93	15	U
93	16	Lp
93	17	L
93	18	Lp
93	19	Lp
93	20	Lp
93	21	Lp
93	22	Lp
93	23	Lp
93	24	Lp
93	25	Lp
93	26	Lp
93	27	Lp
93	28	Lp
93	29	-1
93	30	-1
93	31	Lp
93	32	-1
93	33	Lp
93	34	Lp
93	35	Lp
93	36	Lp
93	37	U
93	38	U
93	39	U
93	40	U
93	41	U
93	42	Lp
93	43	Lp
93	44	L
93	45	Lp
93	46	L
93	47	L
93	48	-1
93	49	Lp
93	50	Lp
93	51	Lp
93	52	Lp
93	53	Lp
93	54	Lp
93	55	Lp
93	56	Lp
93	57	L
93	58	L
93	59	L
93	60	L
93	61	L
93	62	L
93	63	L
93	64	L
93	65	L
93	66	L
93	67	L
93	68	L
93	69	Lp
93	70	Lp
93	71	Lp
93	72	Lp
93	73	Lp
93	74	Lp
93	75	U
93	76	Lp
93	77	-1
93	78	L
93	79	L
93	80	L
93	81	L
93	82	L
93	83	-1
93	84	L
93	85	Lp
93	86	Lp
93	87	Lp
93	88	Lp
93	89	-1
93	90	L
93	91	Lp
93	92	L
93	93	-1
93	94	Lp
93	95	Lp
93	96	-1
93	97	-1
93	98	Lp
93	99	-1
93	100	Lp
93	101	U
93	102	Lp
93	103	Lp
93	104	-1
93	105	L
93	106	Lp
93	107	Lp
93	108	Lp
93	109	Lp
93	110	Lp
93	111	Lp
93	112	U
93	113	Lp
93	114	Lp
93	115	-1
93	116	Lp
93	117	Lp
93	118	Lp
93	119	Lp
94	0	Lp
94	1	-1
94	2	-1
94	3	Lp
94	4	-1
94	5	Lp
94	6	Lp
94	7	Lp
94	8	Lp
94	9	Lp
94	10	Lp
94	11	-1
94	12	-1
94	13	Lp
94	14	U
94	15	Lp
94	16	Lp
94	17	L
94	18	-1
94	19	Lp
94	20	-1
94	21	Lp
94	22	Lp
94	23	-1
94	24	Lp
94	25	Lp
94	26	Lp
94	27	Lp
94	28	-1
94	29	Lp
94	30	Lp
94	31	-1
94	32	Lp
94	33	Lp
94	34	U
94	35	U
94	36	Lp
94	37	U
94	38	U
94	39	U
94	40	Lp
94	41	Lp
94	42	Lp
94	43	Lp
94	44	Lp
94	45	L
94	46	Lp
94	47	L
94	48	-1
94	49	Lp
94	50	-1
94	51	Lp
94	52	L
94	53	Lp
94	54	Lp
94	55	Lp
94	56	Lp
94	57	Lp
94	58	L
94	59	L
94	60	L
94	61	L
94	62	L
94	63	L
94	64	L
94	65	L
94	66	U
94	67	L
94	68	Lp
94	69	Lp
94	70	Lp
94	71	Lp
94	72	Lp
94	73	L
94	74	U
94	75	L
94	76	L
94	77	L
94	78	L
94	79	L
94	80	L
94	81	-1
94	82	L
94	83	L
94	84	L
94	85	L
94	86	Lp
94	87	-1
94	88	Lp
94	89	Lp
94	90	Lp
94	91	-1
94	92	Lp
94	93	-1
94	94	Lp
94	95	-1
94	96	Lp
94	97	Lp
94	98	-1
94	99	Lp
94	100	L
94	101	Lp
94	102	Lp
94	103	Lp
94	104	Lp
94	105	-1
94	106	Lp
94	107	Lp
94	108	Lp
94	109	-1
94	110	Lp
94	111	Lp
94	112	Lp
94	113	U
94	114	-1
94	115	U
94	116	Lp
94	117	Lp
94	118	U
94	119	U
95	0	Lp
95	1	L
95	2	-1
95	3	Lp
95	4	L
95	5	L
95	6	Lp
95	7	Lp
95	8	Lp
95	9	Lp
95	10	Lp
95	11	L
95	12	Lp
95	13	Lp
95	14	Lp
95	15	Lp
95	16	Lp
95	17	-1
95	18	L
95	19	L
95	20	L
95	21	Lp
95	22	-1
95	23	Lp
95	24	-1
95	25	Lp
95	26	-1
95	27	Lp
95	28	U
95	29	Lp
95	30	Lp
95	31	Lp
95	32	Lp
95	33	Lp
95	34	-1
95	35	Lp
95	36	-1
95	37	U
95	38	-1
95	39	Lp
95	40	Lp
95	41	Lp
95	42	Lp
95	43	Lp
95	44	Lp
95	45	-1
95	46	-1
95	47	L
95	48	L
95	49	Lp
95	50	Lp
95	51	L
95	52	L
95	53	Lp
95	54	Lp
95	55	Lp
95	56	Lp
95	57	Lp
95	58	Lp
95	59	Lp
95	60	Lp
95	61	L
95	62	L
95	63	L
95	64	L
95	65	L
95	66	U
95	67	U
95	68	U
95	69	L
95	70	Lp
95	71	L
95	72	L
95	73	L
95	74	U
95	75	L
95	76	L
95	77	L
95	78	-1
95	79	L
95	80	-1
95	81	L
95	82	Lp
95	83	L
95	84	Lp
95	85	Lp
95	86	L
95	87	Lp
95	88	Lp
95	89	Lp
95	90	Lp
95	91	L
95	92	-1
95	93	-1
95	94	L
95	95	Lp
95	96	Lp
95	97	-1
95	98	L
95	99	-1
95	100	Lp
95	101	Lp
95	102	Lp
95	103	Lp
95	104	-1
95	105	Lp
95	106	Lp
95	107	Lp
95	108	Lp
95	109	L
95	110	U
95	111	Lp
95	112	Lp
95	113	U
95	114	U
95	115	Lp
95	116	Lp
95	117	U
95	118	U
95	119	Lp
96	0	Lp
96	1	L
96	2	Lp
96	3	L
96	4	-1
96	5	-1
96	6	-1
96	7	Lp
96	8	Lp
96	9	-1
96	10	-1
96	11	Lp
96	12	Lp
96	13	Lp
96	14	-1
96	15	L
96	16	U
96	17	L
96	18	L
96	19	L
96	20	Lp
96	21	Lp
96	22	Lp
96	23	Lp
96	24	Lp
96	25	-1
96	26	Lp
96	27	Lp
96	28	Lp
96	29	-1
96	30	Lp
96	31	Lp
96	32	Lp
96	33	Lp
96	34	Lp
96	35	Lp
96	36	U
96	37	Lp
96	38	Lp
96	39	Lp
96	40	L
96	41	Lp
96	42	Lp
96	43	Lp
96	44	Lp
96	45	Lp
96	46	Lp
96	47	Lp
96	48	Lp
96	49	Lp
96	50	Lp
96	51	Lp
96	52	Lp
96	53	Lp
96	54	Lp
96	55	-1
96	56	Lp
96	57	-1
96	58	-1
96	59	L
96	60	Lp
96	61	Lp
96	62	L
96	63	L
96	64	L
96	65	L
96	66	U
96	67	-1
96	68	-1
96	69	L
96	70	L
96	71	L
96	72	L
96	73	U
96	74	L
96	75	L
96	76	L
96	77	L
96	78	L
96	79	L
96	80	Lp
96	81	Lp
96	82	L
96	83	L
96	84	L
96	85	L
96	86	L
96	87	Lp
96	88	Lp
96	89	U
96	90	Lp
96	91	Lp
96	92	L
96	93	-1
96	94	Lp
96	95	Lp
96	96	Lp
96	97	Lp
96	98	L
96	99	L
96	100	L
96	101	L
96	102	Lp
96	103	L
96	104	L
96	105	-1
96	106	L
96	107	-1
96	108	-1
96	109	Lp
96	110	U
96	111	Lp
96	112	Lp
96	113	U
96	114	-1
96	115	Lp
96	116	U
96	117	L
96	118	Lp
96	119	Lp
97	0	-1
97	1	L
97	2	L
97	3	L
97	4	L
97	5	L
97	6	Lp
97	7	Lp
97	8	Lp
97	9	U
97	10	-1
97	11	Lp
97	12	Lp
97	13	-1
97	14	-1
97	15	Lp
97	16	L
97	17	-1
97	18	L
97	19	L
97	20	Lp
97	21	Lp
97	22	Lp
97	23	Lp
97	24	-1
97	25	Lp
97	26	Lp
97	27	Lp
97	28	Lp
97	29	Lp
97	30	L
97	31	Lp
97	32	Lp
97	33	-1
97	34	Lp
97	35	Lp
97	36	Lp
97	37	-1
97	38	Lp
97	39	Lp
97	40	Lp
97	41	Lp
97	42	-1
97	43	-1
97	44	-1
97	45	Lp
97	46	-1
97	47	Lp
97	48	Lp
97	49	Lp
97	50	-1
97	51	Lp
97	52	Lp
97	53	-1
97	54	Lp
97	55	Lp
97	56	Lp
97	57	Lp
97	58	L
97	59	Lp
97	60	Lp
97	61	Lp
97	62	U
97	63	L
97	64	-1
97	65	L
97	66	L
97	67	-1
97	68	L
97	69	L
97	70	Lp
97	71	L
97	72	L
97	73	L
97	74	L
97	75	L
97	76	L
97	77	L
97	78	L
97	79	L
97	80	Lp
97	81	Lp
97	82	Lp
97	83	L
97	84	Lp
97	85	Lp
97	86	Lp
97	87	Lp
97	88	L
97	89	U
97	90	Lp
97	91	Lp
97	92	Lp
97	93	-1
97	94	Lp
97	95	Lp
97	96	Lp
97	97	Lp
97	98	L
97	99	L
97	100	L
97	101	L
97	102	L
97	103	L
97	104	L
97	105	L
97	106	L
97	107	L
97	108	L
97	109	L
97	110	U
97	111	Lp
97	112	U
97	113	Lp
97	114	Lp
97	115	Lp
97	116	Lp
97	117	L
97	118	U
97	119	U
98	0	L
98	1	Lp
98	2	L
98	3	L
98	4	L
98	5	Lp
98	6	Lp
98	7	Lp
98	8	Lp
98	9	U
98	10	Lp
98	11	Lp
98	12	Lp
98	13	U
98	14	U
98	15	L
98	16	L
98	17	L
98	18	L
98	19	Lp
98	20	Lp
98	21	-1
98	22	Lp
98	23	-1
98	24	Lp
98	25	Lp
98	26	-1
98	27	Lp
98	28	-1
98	29	Lp
98	30	L
98	31	L
98	32	Lp
98	33	Lp
98	34	-1
98	35	-1
98	36	Lp
98	37	Lp
98	38	Lp
98	39	-1
98	40	-1
98	41	Lp
98	42	L
98	43	-1
98	44	L
98	45	-1
98	46	Lp
98	47	Lp
98	48	Lp
98	49	Lp
98	50	Lp
98	51	Lp
98	52	Lp
98	53	Lp
98	54	Lp
98	55	Lp
98	56	Lp
98	57	L
98	58	Lp
98	59	Lp
98	60	Lp
98	61	Lp
98	62	Lp
98	63	U
98	64	U
98	65	L
98	66	L
98	67	L
98	68	-1
98	69	Lp
98	70	Lp
98	71	L
98	72	-1
98	73	L
98	74	L
98	75	L
98	76	L
98	77	L
98	78	L
98	79	L
98	80	Lp
98	81	Lp
98	82	Lp
98	83	Lp
98	84	-1
98	85	Lp
98	86	Lp
98	87	Lp
98	88	-1
98	89	L
98	90	L
98	91	-1
98	92	L
98	93	-1
98	94	Lp
98	95	Lp
98	96	-1
98	97	Lp
98	98	Lp
98	99	L
98	100	Lp
98	101	-1
98	102	L
98	103	L
98	104	L
98	105	L
98	106	Lp
98	107	L
98	108	Lp
98	109	Lp
98	110	-1
98	111	-1
98	112	L
98	113	L
98	114	Lp
98	115	-1
98	116	L
98	117	L
98	118	L
98	119	L
99	0	Lp
99	1	Lp
99	2	-1
99	3	L
99	4	L
99	5	Lp
99	6	L
99	7	Lp
99	8	-1
99	9	Lp
99	10	U
99	11	-1
99	12	Lp
99	13	Lp
99	14	U
99	15	U
99	16	L
99	17	L
99	18	L
99	19	-1
99	20	Lp
99	21	Lp
99	22	-1
99	23	Lp
99	24	-1
99	25	-1
99	26	Lp
99	27	Lp
99	28	Lp
99	29	Lp
99	30	L
99	31	-1
99	32	-1
99	33	Lp
99	34	Lp
99	35	-1
99	36	Lp
99	37	Lp
99	38	-1
99	39	Lp
99	40	Lp
99	41	L
99	42	L
99	43	-1
99	44	-1
99	45	Lp
99	46	L
99	47	Lp
99	48	L
99	49	Lp
99	50	Lp
99	51	-1
99	52	Lp
99	53	-1
99	54	Lp
99	55	-1
99	56	L
99	57	L
99	58	Lp
99	59	Lp
99	60	Lp
99	61	L
99	62	L
99	63	L
99	64	-1
99	65	U
99	66	L
99	67	L
99	68	Lp
99	69	L
99	70	-1
99	71	Lp
99	72	L
99	73	-1
99	74	L
99	75	L
99	76	-1
99	77	Lp
99	78	Lp
99	79	Lp
99	80	Lp
99	81	Lp
99	82	Lp
99	83	-1
99	84	Lp
99	85	-1
99	86	Lp
99	87	Lp
99	88	Lp
99	89	Lp
99	90	-1
99	91	Lp
99	92	Lp
99	93	L
99	94	-1
99	95	-1
99	96	Lp
99	97	-1
99	98	Lp
99	99	Lp
99	100	L
99	101	L
99	102	L
99	103	L
99	104	L
99	105	-1
99	106	Lp
99	107	Lp
99	108	Lp
99	109	Lp
99	110	Lp
99	111	U
99	112	L
99	113	L
99	114	L
99	115	L
99	116	-1
99	117	L
99	118	Lp
99	119	L
100	0	Lp
100	1	L
100	2	Lp
100	3	L
100	4	-1
100	5	L
100	6	Lp
100	7	-1
100	8	U
100	9	U
100	10	Lp
100	11	-1
100	12	U
100	13	-1
100	14	Lp
100	15	U
100	16	U
100	17	L
100	18	Lp
100	19	-1
100	20	Lp
100	21	Lp
100	22	-1
100	23	Lp
100	24	Lp
100	25	Lp
100	26	Lp
100	27	Lp
100	28	Lp
100	29	-1
100	30	L
100	31	Lp
100	32	Lp
100	33	Lp
100	34	-1
100	35	L
100	36	Lp
100	37	Lp
100	38	Lp
100	39	L
100	40	L
100	41	L
100	42	Lp
100	43	L
100	44	L
100	45	-1
100	46	L
100	47	-1
100	48	L
100	49	Lp
100	50	Lp
100	51	Lp
100	52	Lp
100	53	L
100	54	Lp
100	55	L
100	56	Lp
100	57	L
100	58	L
100	59	L
100	60	Lp
100	61	L
100	62	-1
100	63	L
100	64	L
100	65	-1
100	66	L
100	67	L
100	68	-1
100	69	Lp
100	70	Lp
100	71	-1
100	72	L
100	73	Lp
100	74	L
100	75	Lp
100	76	Lp
100	77	Lp
100	78	Lp
100	79	Lp
100	80	Lp
100	81	Lp
100	82	Lp
100	83	Lp
100	84	Lp
100	85	Lp
100	86	-1
100	87	Lp
100	88	Lp
100	89	-1
100	90	Lp
100	91	L
100	92	L
100	93	L
100	94	Lp
100	95	Lp
100	96	L
100	97	Lp
100	98	Lp
100	99	Lp
100	100	Lp
100	101	Lp
100	102	L
100	103	L
100	104	Lp
100	105	L
100	106	-1
100	107	-1
100	108	Lp
100	109	-1
100	110	Lp
100	111	Lp
100	112	-1
100	113	L
100	114	L
100	115	L
100	116	L
100	117	Lp
100	118	Lp
100	119	Lp
101	0	Lp
101	1	Lp
101	2	Lp
101	3	L
101	4	L
101	5	L
101	6	U
101	7	-1
101	8	U
101	9	Lp
101	10	Lp
101	11	L
101	12	L
101	13	U
101	14	-1
101	15	Lp
101	16	Lp
101	17	Lp
101	18	Lp
101	19	-1
101	20	Lp
101	21	Lp
101	22	Lp
101	23	Lp
101	24	Lp
101	25	Lp
101	26	Lp
101	27	-1
101	28	Lp
101	29	Lp
101	30	Lp
101	31	L
101	32	Lp
101	33	Lp
101	34	-1
101	35	-1
101	36	L
101	37	-1
101	38	Lp
101	39	L
101	40	L
101	41	L
101	42	L
101	43	-1
101	44	L
101	45	-1
101	46	-1
101	47	L
101	48	Lp
101	49	Lp
101	50	Lp
101	51	Lp
101	52	Lp
101	53	Lp
101	54	Lp
101	55	Lp
101	56	Lp
101	57	-1
101	58	Lp
101	59	L
101	60	L
101	61	-1
101	62	L
101	63	-1
101	64	Lp
101	65	L
101	66	L
101	67	L
101	68	L
101	69	-1
101	70	Lp
101	71	Lp
101	72	-1
101	73	Lp
101	74	L
101	75	Lp
101	76	U
101	77	Lp
101	78	Lp
101	79	Lp
101	80	Lp
101	81	Lp
101	82	-1
101	83	Lp
101	84	Lp
101	85	Lp
101	86	Lp
101	87	Lp
101	88	L
101	89	L
101	90	-1
101	91	Lp
101	92	-1
101	93	L
101	94	Lp
101	95	-1
101	96	Lp
101	97	Lp
101	98	Lp
101	99	Lp
101	100	Lp
101	101	Lp
101	102	-1
101	103	Lp
101	104	L
101	105	L
101	106	-1
101	107	-1
101	108	-1
101	109	L
101	110	Lp
101	111	Lp
101	112	Lp
101	113	-1
101	114	Lp
101	115	Lp
101	116	Lp
101	117	Lp
101	118	Lp
101	119	-1
102	0	Lp
102	1	Lp
102	2	Lp
102	3	-1
102	4	-1
102	5	L
102	6	U
102	7	U
102	8	U
102	9	U
102	10	-1
102	11	L
102	12	L
102	13	L
102	14	Lp
102	15	Lp
102	16	Lp
102	17	Lp
102	18	Lp
102	19	Lp
102	20	Lp
102	21	Lp
102	22	Lp
102	23	Lp
102	24	-1
102	25	Lp
102	26	Lp
102	27	Lp
102	28	-1
102	29	Lp
102	30	Lp
102	31	Lp
102	32	Lp
102	33	Lp
102	34	L
102	35	-1
102	36	L
102	37	L
102	38	L
102	39	L
102	40	L
102	41	L
102	42	L
102	43	Lp
102	44	L
102	45	Lp
102	46	Lp
102	47	L
102	48	L
102	49	Lp
102	50	L
102	51	L
102	52	Lp
102	53	U
102	54	-1
102	55	U
102	56	Lp
102	57	Lp
102	58	L
102	59	L
102	60	L
102	61	-1
102	62	-1
102	63	-1
102	64	Lp
102	65	L
102	66	L
102	67	L
102	68	L
102	69	L
102	70	L
102	71	L
102	72	-1
102	73	L
102	74	L
102	75	Lp
102	76	-1
102	77	Lp
102	78	Lp
102	79	Lp
102	80	-1
102	81	Lp
102	82	Lp
102	83	Lp
102	84	Lp
102	85	Lp
102	86	Lp
102	87	Lp
102	88	Lp
102	89	Lp
102	90	-1
102	91	Lp
102	92	Lp
102	93	Lp
102	94	Lp
102	95	Lp
102	96	Lp
102	97	-1
102	98	Lp
102	99	-1
102	100	Lp
102	101	Lp
102	102	-1
102	103	L
102	104	-1
102	105	Lp
102	106	L
102	107	L
102	108	L
102	109	L
102	110	Lp
102	111	Lp
102	112	Lp
102	113	Lp
102	114	Lp
102	115	Lp
102	116	Lp
102	117	Lp
102	118	Lp
102	119	Lp
103	0	Lp
103	1	Lp
103	2	Lp
103	3	Lp
103	4	Lp
103	5	Lp
103	6	-1
103	7	Lp
103	8	U
103	9	Lp
103	10	-1
103	11	L
103	12	L
103	13	Lp
103	14	Lp
103	15	Lp
103	16	-1
103	17	Lp
103	18	Lp
103	19	Lp
103	20	Lp
103	21	Lp
103	22	Lp
103	23	Lp
103	24	Lp
103	25	-1
103	26	Lp
103	27	Lp
103	28	Lp
103	29	Lp
103	30	Lp
103	31	Lp
103	32	Lp
103	33	Lp
103	34	-1
103	35	-1
103	36	L
103	37	L
103	38	L
103	39	L
103	40	L
103	41	L
103	42	Lp
103	43	Lp
103	44	Lp
103	45	L
103	46	Lp
103	47	-1
103	48	-1
103	49	-1
103	50	Lp
103	51	Lp
103	52	U
103	53	U
103	54	Lp
103	55	Lp
103	56	Lp
103	57	Lp
103	58	Lp
103	59	Lp
103	60	Lp
103	61	Lp
103	62	-1
103	63	L
103	64	L
103	65	L
103	66	L
103	67	-1
103	68	L
103	69	L
103	70	L
103	71	L
103	72	Lp
103	73	L
103	74	L
103	75	L
103	76	Lp
103	77	Lp
103	78	L
103	79	Lp
103	80	Lp
103	81	Lp
103	82	Lp
103	83	Lp
103	84	Lp
103	85	Lp
103	86	L
103	87	Lp
103	88	Lp
103	89	Lp
103	90	Lp
103	91	-1
103	92	Lp
103	93	-1
103	94	-1
103	95	Lp
103	96	Lp
103	97	Lp
103	98	Lp
103	99	Lp
103	100	Lp
103	101	Lp
103	102	Lp
103	103	L
103	104	L
103	105	-1
103	106	Lp
103	107	L
103	108	U
103	109	Lp
103	110	Lp
103	111	Lp
103	112	-1
103	113	-1
103	114	Lp
103	115	Lp
103	116	-1
103	117	Lp
103	118	Lp
103	119	Lp
104	0	Lp
104	1	Lp
104	2	Lp
104	3	Lp
104	4	Lp
104	5	Lp
104	6	Lp
104	7	Lp
104	8	Lp
104	9	-1
104	10	-1
104	11	-1
104	12	L
104	13	L
104	14	L
104	15	L
104	16	U
104	17	Lp
104	18	Lp
104	19	Lp
104	20	Lp
104	21	Lp
104	22	Lp
104	23	Lp
104	24	Lp
104	25	Lp
104	26	U
104	27	Lp
104	28	Lp
104	29	Lp
104	30	Lp
104	31	Lp
104	32	-1
104	33	Lp
104	34	Lp
104	35	Lp
104	36	-1
104	37	L
104	38	-1
104	39	L
104	40	-1
104	41	-1
104	42	L
104	43	Lp
104	44	Lp
104	45	Lp
104	46	Lp
104	47	Lp
104	48	Lp
104	49	Lp
104	50	L
104	51	L
104	52	Lp
104	53	Lp
104	54	-1
104	55	Lp
104	56	Lp
104	57	Lp
104	58	Lp
104	59	Lp
104	60	Lp
104	61	-1
104	62	-1
104	63	-1
104	64	-1
104	65	L
104	66	L
104	67	L
104	68	L
104	69	-1
104	70	L
104	71	Lp
104	72	L
104	73	L
104	74	L
104	75	L
104	76	L
104	77	Lp
104	78	Lp
104	79	Lp
104	80	Lp
104	81	Lp
104	82	-1
104	83	Lp
104	84	Lp
104	85	L
104	86	-1
104	87	L
104	88	Lp
104	89	Lp
104	90	-1
104	91	Lp
104	92	-1
104	93	Lp
104	94	Lp
104	95	Lp
104	96	-1
104	97	Lp
104	98	Lp
104	99	Lp
104	100	Lp
104	101	Lp
104	102	Lp
104	103	Lp
104	104	L
104	105	L
104	106	U
104	107	U
104	108	U
104	109	U
104	110	L
104	111	Lp
104	112	Lp
104	113	Lp
104	114	-1
104	115	-1
104	116	Lp
104	117	Lp
104	118	Lp
104	119	Lp
105	0	Lp
105	1	Lp
105	2	Lp
105	3	Lp
105	4	-1
105	5	-1
105	6	Lp
105	7	Lp
105	8	Lp
105	9	Lp
105	10	Lp
105	11	L
105	12	Lp
105	13	L
105	14	-1
105	15	U
105	16	Lp
105	17	Lp
105	18	Lp
105	19	L
105	20	L
105	21	Lp
105	22	Lp
105	23	U
105	24	-1
105	25	Lp
105	26	Lp
105	27	Lp
105	28	Lp
105	29	Lp
105	30	Lp
105	31	-1
105	32	Lp
105	33	Lp
105	34	-1
105	35	Lp
105	36	L
105	37	L
105	38	L
105	39	Lp
105	40	L
105	41	L
105	42	L
105	43	L
105	44	Lp
105	45	Lp
105	46	Lp
105	47	Lp
105	48	Lp
105	49	Lp
105	50	Lp
105	51	Lp
105	52	-1
105	53	Lp
105	54	Lp
105	55	Lp
105	56	Lp
105	57	-1
105	58	L
105	59	L
105	60	L
105	61	Lp
105	62	Lp
105	63	L
105	64	Lp
105	65	-1
105	66	L
105	67	L
105	68	L
105	69	L
105	70	L
105	71	L
105	72	L
105	73	-1
105	74	L
105	75	L
105	76	L
105	77	-1
105	78	Lp
105	79	L
105	80	Lp
105	81	Lp
105	82	Lp
105	83	Lp
105	84	-1
105	85	L
105	86	Lp
105	87	-1
105	88	Lp
105	89	Lp
105	90	Lp
105	91	Lp
105	92	Lp
105	93	-1
105	94	Lp
105	95	L
105	96	L
105	97	Lp
105	98	-1
105	99	L
105	100	Lp
105	101	L
105	102	L
105	103	Lp
105	104	-1
105	105	U
105	106	U
105	107	Lp
105	108	Lp
105	109	Lp
105	110	Lp
105	111	L
105	112	L
105	113	Lp
105	114	-1
105	115	Lp
105	116	Lp
105	117	-1
105	118	Lp
105	119	-1
106	0	Lp
106	1	-1
106	2	-1
106	3	-1
106	4	Lp
106	5	Lp
106	6	Lp
106	7	Lp
106	8	Lp
106	9	Lp
106	10	-1
106	11	-1
106	12	L
106	13	-1
106	14	L
106	15	U
106	16	-1
106	17	-1
106	18	L
106	19	Lp
106	20	Lp
106	21	L
106	22	Lp
106	23	L
106	24	L
106	25	Lp
106	26	Lp
106	27	Lp
106	28	Lp
106	29	Lp
106	30	Lp
106	31	Lp
106	32	Lp
106	33	L
106	34	Lp
106	35	Lp
106	36	Lp
106	37	Lp
106	38	Lp
106	39	L
106	40	L
106	41	L
106	42	L
106	43	L
106	44	L
106	45	Lp
106	46	Lp
106	47	Lp
106	48	Lp
106	49	Lp
106	50	Lp
106	51	Lp
106	52	Lp
106	53	U
106	54	Lp
106	55	Lp
106	56	Lp
106	57	Lp
106	58	-1
106	59	L
106	60	L
106	61	-1
106	62	L
106	63	-1
106	64	L
106	65	L
106	66	L
106	67	L
106	68	L
106	69	L
106	70	L
106	71	L
106	72	L
106	73	L
106	74	L
106	75	L
106	76	L
106	77	L
106	78	L
106	79	Lp
106	80	Lp
106	81	Lp
106	82	Lp
106	83	Lp
106	84	Lp
106	85	-1
106	86	-1
106	87	Lp
106	88	Lp
106	89	Lp
106	90	-1
106	91	Lp
106	92	Lp
106	93	Lp
106	94	Lp
106	95	Lp
106	96	Lp
106	97	-1
106	98	Lp
106	99	Lp
106	100	L
106	101	L
106	102	L
106	103	Lp
106	104	Lp
106	105	Lp
106	106	Lp
106	107	-1
106	108	L
106	109	Lp
106	110	Lp
106	111	L
106	112	L
106	113	Lp
106	114	L
106	115	Lp
106	116	Lp
106	117	Lp
106	118	-1
106	119	Lp
107	0	-1
107	1	Lp
107	2	Lp
107	3	Lp
107	4	-1
107	5	-1
107	6	-1
107	7	L
107	8	Lp
107	9	-1
107	10	-1
107	11	Lp
107	12	-1
107	13	L
107	14	U
107	15	-1
107	16	U
107	17	L
107	18	L
107	19	L
107	20	L
107	21	-1
107	22	Lp
107	23	Lp
107	24	U
107	25	U
107	26	Lp
107	27	Lp
107	28	-1
107	29	Lp
107	30	Lp
107	31	Lp
107	32	L
107	33	Lp
107	34	-1
107	35	Lp
107	36	Lp
107	37	Lp
107	38	Lp
107	39	L
107	40	L
107	41	L
107	42	L
107	43	L
107	44	Lp
107	45	Lp
107	46	Lp
107	47	Lp
107	48	Lp
107	49	Lp
107	50	-1
107	51	Lp
107	52	-1
107	53	-1
107	54	-1
107	55	Lp
107	56	Lp
107	57	Lp
107	58	-1
107	59	L
107	60	L
107	61	-1
107	62	L
107	63	L
107	64	L
107	65	L
107	66	L
107	67	L
107	68	L
107	69	-1
107	70	-1
107	71	L
107	72	L
107	73	-1
107	74	L
107	75	L
107	76	L
107	77	L
107	78	L
107	79	-1
107	80	L
107	81	L
107	82	Lp
107	83	Lp
107	84	Lp
107	85	Lp
107	86	Lp
107	87	Lp
107	88	Lp
107	89	Lp
107	90	Lp
107	91	Lp
107	92	Lp
107	93	-1
107	94	Lp
107	95	-1
107	96	-1
107	97	Lp
107	98	Lp
107	99	Lp
107	100	L
107	101	L
107	102	-1
107	103	Lp
107	104	Lp
107	105	Lp
107	106	-1
107	107	L
107	108	L
107	109	L
107	110	Lp
107	111	L
107	112	Lp
107	113	-1
107	114	-1
107	115	-1
107	116	Lp
107	117	Lp
107	118	Lp
107	119	Lp
108	0	Lp
108	1	Lp
108	2	Lp
108	3	Lp
108	4	Lp
108	5	-1
108	6	Lp
108	7	Lp
108	8	L
108	9	Lp
108	10	Lp
108	11	L
108	12	L
108	13	L
108	14	Lp
108	15	L
108	16	Lp
108	17	L
108	18	L
108	19	L
108	20	L
108	21	Lp
108	22	L
108	23	U
108	24	-1
108	25	Lp
108	26	-1
108	27	Lp
108	28	Lp
108	29	Lp
108	30	Lp
108	31	-1
108	32	Lp
108	33	Lp
108	34	Lp
108	35	Lp
108	36	-1
108	37	Lp
108	38	L
108	39	-1
108	40	-1
108	41	L
108	42	L
108	43	Lp
108	44	Lp
108	45	Lp
108	46	Lp
108	47	Lp
108	48	Lp
108	49	-1
108	50	Lp
108	51	Lp
108	52	Lp
108	53	Lp
108	54	Lp
108	55	Lp
108	56	-1
108	57	Lp
108	58	Lp
108	59	-1
108	60	L
108	61	L
108	62	-1
108	63	-1
108	64	-1
108	65	L
108	66	L
108	67	-1
108	68	-1
108	69	L
108	70	-1
108	71	L
108	72	L
108	73	L
108	74	L
108	75	L
108	76	L
108	77	L
108	78	L
108	79	-1
108	80	-1
108	81	Lp
108	82	-1
108	83	Lp
108	84	Lp
108	85	Lp
108	86	-1
108	87	Lp
108	88	Lp
108	89	-1
108	90	Lp
108	91	Lp
108	92	Lp
108	93	Lp
108	94	Lp
108	95	Lp
108	96	Lp
108	97	L
108	98	L
108	99	Lp
108	100	-1
108	101	-1
108	102	-1
108	103	Lp
108	104	-1
108	105	Lp
108	106	L
108	107	Lp
108	108	L
108	109	L
108	110	L
108	111	L
108	112	-1
108	113	Lp
108	114	Lp
108	115	Lp
108	116	L
108	117	L
108	118	Lp
108	119	Lp
109	0	Lp
109	1	Lp
109	2	Lp
109	3	Lp
109	4	-1
109	5	-1
109	6	Lp
109	7	Lp
109	8	L
109	9	L
109	10	L
109	11	L
109	12	L
109	13	-1
109	14	Lp
109	15	Lp
109	16	Lp
109	17	Lp
109	18	-1
109	19	L
109	20	L
109	21	L
109	22	Lp
109	23	U
109	24	Lp
109	25	Lp
109	26	Lp
109	27	-1
109	28	-1
109	29	Lp
109	30	Lp
109	31	Lp
109	32	Lp
109	33	Lp
109	34	Lp
109	35	Lp
109	36	Lp
109	37	Lp
109	38	L
109	39	L
109	40	-1
109	41	L
109	42	L
109	43	-1
109	44	-1
109	45	L
109	46	Lp
109	47	Lp
109	48	Lp
109	49	Lp
109	50	L
109	51	Lp
109	52	Lp
109	53	-1
109	54	Lp
109	55	Lp
109	56	Lp
109	57	Lp
109	58	L
109	59	L
109	60	L
109	61	-1
109	62	L
109	63	L
109	64	L
109	65	L
109	66	-1
109	67	-1
109	68	-1
109	69	L
109	70	L
109	71	-1
109	72	L
109	73	L
109	74	L
109	75	L
109	76	L
109	77	L
109	78	Lp
109	79	Lp
109	80	Lp
109	81	Lp
109	82	Lp
109	83	Lp
109	84	Lp
109	85	Lp
109	86	Lp
109	87	-1
109	88	Lp
109	89	L
109	90	L
109	91	Lp
109	92	-1
109	93	-1
109	94	L
109	95	Lp
109	96	Lp
109	97	L
109	98	-1
109	99	L
109	100	Lp
109	101	Lp
109	102	Lp
109	103	Lp
109	104	Lp
109	105	U
109	106	L
109	107	L
109	108	L
109	109	L
109	110	L
109	111	-1
109	112	L
109	113	Lp
109	114	-1
109	115	-1
109	116	L
109	117	L
109	118	L
109	119	Lp
110	0	Lp
110	1	Lp
110	2	Lp
110	3	Lp
110	4	-1
110	5	Lp
110	6	Lp
110	7	Lp
110	8	Lp
110	9	L
110	10	L
110	11	L
110	12	L
110	13	L
110	14	L
110	15	L
110	16	Lp
110	17	Lp
110	18	-1
110	19	Lp
110	20	L
110	21	L
110	22	Lp
110	23	-1
110	24	Lp
110	25	Lp
110	26	-1
110	27	-1
110	28	Lp
110	29	Lp
110	30	Lp
110	31	Lp
110	32	Lp
110	33	Lp
110	34	Lp
110	35	Lp
110	36	Lp
110	37	Lp
110	38	Lp
110	39	-1
110	40	L
110	41	Lp
110	42	Lp
110	43	Lp
110	44	Lp
110	45	-1
110	46	L
110	47	-1
110	48	L
110	49	-1
110	50	L
110	51	Lp
110	52	-1
110	53	Lp
110	54	Lp
110	55	Lp
110	56	Lp
110	57	-1
110	58	Lp
110	59	L
110	60	L
110	61	-1
110	62	-1
110	63	-1
110	64	L
110	65	-1
110	66	L
110	67	L
110	68	L
110	69	L
110	70	L
110	71	-1
110	72	-1
110	73	L
110	74	L
110	75	L
110	76	L
110	77	-1
110	78	Lp
110	79	Lp
110	80	Lp
110	81	Lp
110	82	Lp
110	83	Lp
110	84	Lp
110	85	-1
110	86	Lp
110	87	-1
110	88	-1
110	89	Lp
110	90	Lp
110	91	-1
110	92	-1
110	93	Lp
110	94	Lp
110	95	-1
110	96	Lp
110	97	Lp
110	98	Lp
110	99	Lp
110	100	L
110	101	Lp
110	102	Lp
110	103	-1
110	104	Lp
110	105	Lp
110	106	L
110	107	U
110	108	L
110	109	L
110	110	L
110	111	Lp
110	112	Lp
110	113	Lp
110	114	Lp
110	115	Lp
110	116	-1
110	117	-1
110	118	Lp
110	119	Lp
111	0	Lp
111	1	Lp
111	2	L
111	3	Lp
111	4	Lp
111	5	U
111	6	U
111	7	Lp
111	8	Lp
111	9	L
111	10	L
111	11	L
111	12	L
111	13	Lp
111	14	L
111	15	-1
111	16	L
111	17	L
111	18	L
111	19	L
111	20	Lp
111	21	-1
111	22	Lp
111	23	Lp
111	24	Lp
111	25	-1
111	26	-1
111	27	-1
111	28	Lp
111	29	Lp
111	30	Lp
111	31	Lp
111	32	-1
111	33	Lp
111	34	Lp
111	35	Lp
111	36	Lp
111	37	Lp
111	38	Lp
111	39	Lp
111	40	Lp
111	41	Lp
111	42	L
111	43	L
111	44	Lp
111	45	-1
111	46	L
111	47	L
111	48	L
111	49	L
111	50	L
111	51	Lp
111	52	Lp
111	53	Lp
111	54	Lp
111	55	-1
111	56	L
111	57	L
111	58	L
111	59	L
111	60	L
111	61	L
111	62	L
111	63	L
111	64	L
111	65	L
111	66	-1
111	67	L
111	68	-1
111	69	L
111	70	-1
111	71	L
111	72	-1
111	73	L
111	74	L
111	75	-1
111	76	L
111	77	Lp
111	78	Lp
111	79	Lp
111	80	-1
111	81	Lp
111	82	Lp
111	83	Lp
111	84	-1
111	85	U
111	86	Lp
111	87	Lp
111	88	Lp
111	89	-1
111	90	L
111	91	-1
111	92	-1
111	93	Lp
111	94	Lp
111	95	Lp
111	96	Lp
111	97	Lp
111	98	Lp
111	99	Lp
111	100	Lp
111	101	Lp
111	102	Lp
111	103	Lp
111	104	Lp
111	105	Lp
111	106	Lp
111	107	-1
111	108	U
111	109	L
111	110	L
111	111	Lp
111	112	Lp
111	113	Lp
111	114	-1
111	115	Lp
111	116	L
111	117	L
111	118	Lp
111	119	U
112	0	Lp
112	1	L
112	2	-1
112	3	L
112	4	Lp
112	5	Lp
112	6	Lp
112	7	Lp
112	8	L
112	9	Lp
112	10	L
112	11	L
112	12	Lp
112	13	U
112	14	Lp
112	15	-1
112	16	L
112	17	L
112	18	L
112	19	L
112	20	L
112	21	Lp
112	22	L
112	23	Lp
112	24	Lp
112	25	Lp
112	26	Lp
112	27	Lp
112	28	Lp
112	29	Lp
112	30	-1
112	31	-1
112	32	-1
112	33	Lp
112	34	Lp
112	35	Lp
112	36	Lp
112	37	Lp
112	38	Lp
112	39	Lp
112	40	Lp
112	41	Lp
112	42	L
112	43	L
112	44	Lp
112	45	L
112	46	L
112	47	L
112	48	L
112	49	L
112	50	Lp
112	51	Lp
112	52	Lp
112	53	Lp
112	54	L
112	55	Lp
112	56	L
112	57	L
112	58	L
112	59	-1
112	60	L
112	61	L
112	62	L
112	63	L
112	64	L
112	65	L
112	66	-1
112	67	U
112	68	L
112	69	L
112	70	-1
112	71	L
112	72	L
112	73	L
112	74	L
112	75	-1
112	76	L
112	77	L
112	78	L
112	79	Lp
112	80	Lp
112	81	Lp
112	82	-1
112	83	-1
112	84	Lp
112	85	Lp
112	86	L
112	87	-1
112	88	Lp
112	89	L
112	90	L
112	91	Lp
112	92	Lp
112	93	Lp
112	94	Lp
112	95	Lp
112	96	Lp
112	97	-1
112	98	Lp
112	99	Lp
112	100	-1
112	101	-1
112	102	Lp
112	103	Lp
112	104	Lp
112	105	Lp
112	106	Lp
112	107	Lp
112	108	L
112	109	L
112	110	Lp
112	111	-1
112	112	Lp
112	113	Lp
112	114	Lp
112	115	Lp
112	116	L
112	117	Lp
112	118	Lp
112	119	-1
113	0	Lp
113	1	Lp
113	2	-1
113	3	Lp
113	4	Lp
113	5	Lp
113	6	Lp
113	7	-1
113	8	Lp
113	9	-1
113	10	Lp
113	11	L
113	12	U
113	13	Lp
113	14	U
113	15	Lp
113	16	Lp
113	17	L
113	18	Lp
113	19	-1
113	20	L
113	21	L
113	22	Lp
113	23	L
113	24	L
113	25	-1
113	26	L
113	27	Lp
113	28	Lp
113	29	Lp
113	30	Lp
113	31	-1
113	32	Lp
113	33	Lp
113	34	Lp
113	35	Lp
113	36	Lp
113	37	-1
113	38	Lp
113	39	Lp
113	40	Lp
113	41	Lp
113	42	L
113	43	L
113	44	L
113	45	L
113	46	L
113	47	L
113	48	L
113	49	L
113	50	-1
113	51	L
113	52	Lp
113	53	Lp
113	54	-1
113	55	-1
113	56	-1
113	57	L
113	58	-1
113	59	L
113	60	L
113	61	L
113	62	L
113	63	L
113	64	L
113	65	L
113	66	L
113	67	L
113	68	-1
113	69	L
113	70	L
113	71	L
113	72	L
113	73	L
113	74	-1
113	75	L
113	76	-1
113	77	L
113	78	L
113	79	U
113	80	Lp
113	81	Lp
113	82	Lp
113	83	Lp
113	84	Lp
113	85	-1
113	86	L
113	87	Lp
113	88	L
113	89	L
113	90	L
113	91	-1
113	92	Lp
113	93	Lp
113	94	Lp
113	95	Lp
113	96	Lp
113	97	L
113	98	-1
113	99	-1
113	100	Lp
113	101	-1
113	102	Lp
113	103	-1
113	104	Lp
113	105	Lp
113	106	L
113	107	L
113	108	Lp
113	109	Lp
113	110	Lp
113	111	Lp
113	112	Lp
113	113	Lp
113	114	Lp
113	115	Lp
113	116	Lp
113	117	Lp
113	118	Lp
113	119	Lp
114	0	Lp
114	1	Lp
114	2	-1
114	3	Lp
114	4	-1
114	5	Lp
114	6	-1
114	7	-1
114	8	Lp
114	9	Lp
114	10	L
114	11	L
114	12	-1
114	13	U
114	14	Lp
114	15	U
114	16	-1
114	17	L
114	18	Lp
114	19	U
114	20	L
114	21	L
114	22	L
114	23	-1
114	24	L
114	25	L
114	26	L
114	27	L
114	28	Lp
114	29	-1
114	30	-1
114	31	Lp
114	32	Lp
114	33	Lp
114	34	Lp
114	35	Lp
114	36	Lp
114	37	Lp
114	38	Lp
114	39	Lp
114	40	Lp
114	41	Lp
114	42	Lp
114	43	L
114	44	L
114	45	Lp
114	46	Lp
114	47	L
114	48	L
114	49	L
114	50	L
114	51	L
114	52	Lp
114	53	L
114	54	L
114	55	L
114	56	L
114	57	L
114	58	L
114	59	L
114	60	L
114	61	L
114	62	L
114	63	L
114	64	L
114	65	L
114	66	L
114	67	L
114	68	L
114	69	U
114	70	L
114	71	L
114	72	L
114	73	L
114	74	L
114	75	L
114	76	L
114	77	L
114	78	L
114	79	L
114	80	L
114	81	L
114	82	Lp
114	83	Lp
114	84	Lp
114	85	-1
114	86	-1
114	87	L
114	88	L
114	89	-1
114	90	L
114	91	Lp
114	92	Lp
114	93	Lp
114	94	U
114	95	U
114	96	Lp
114	97	L
114	98	Lp
114	99	Lp
114	100	Lp
114	101	-1
114	102	Lp
114	103	Lp
114	104	Lp
114	105	Lp
114	106	Lp
114	107	Lp
114	108	L
114	109	Lp
114	110	Lp
114	111	-1
114	112	-1
114	113	Lp
114	114	-1
114	115	Lp
114	116	Lp
114	117	Lp
114	118	Lp
114	119	Lp
115	0	-1
115	1	-1
115	2	Lp
115	3	Lp
115	4	Lp
115	5	-1
115	6	Lp
115	7	Lp
115	8	Lp
115	9	Lp
115	10	Lp
115	11	U
115	12	L
115	13	U
115	14	Lp
115	15	Lp
115	16	Lp
115	17	-1
115	18	-1
115	19	Lp
115	20	Lp
115	21	-1
115	22	Lp
115	23	Lp
115	24	L
115	25	L
115	26	L
115	27	L
115	28	L
115	29	Lp
115	30	-1
115	31	Lp
115	32	Lp
115	33	Lp
115	34	Lp
115	35	Lp
115	36	Lp
115	37	Lp
115	38	Lp
115	39	-1
115	40	Lp
115	41	Lp
115	42	Lp
115	43	-1
115	44	Lp
115	45	-1
115	46	Lp
115	47	L
115	48	-1
115	49	-1
115	50	L
115	51	L
115	52	L
115	53	L
115	54	L
115	55	L
115	56	L
115	57	-1
115	58	L
115	59	L
115	60	L
115	61	L
115	62	L
115	63	L
115	64	L
115	65	L
115	66	L
115	67	L
115	68	L
115	69	L
115	70	-1
115	71	L
115	72	L
115	73	L
115	74	L
115	75	L
115	76	L
115	77	L
115	78	L
115	79	L
115	80	L
115	81	L
115	82	L
115	83	L
115	84	L
115	85	L
115	86	L
115	87	L
115	88	L
115	89	L
115	90	L
115	91	-1
115	92	Lp
115	93	Lp
115	94	U
115	95	U
115	96	Lp
115	97	Lp
115	98	L
115	99	L
115	100	L
115	101	Lp
115	102	Lp
115	103	Lp
115	104	Lp
115	105	Lp
115	106	Lp
115	107	Lp
115	108	Lp
115	109	Lp
115	110	Lp
115	111	Lp
115	112	Lp
115	113	Lp
115	114	-1
115	115	Lp
115	116	Lp
115	117	Lp
115	118	Lp
115	119	Lp
116	0	Lp
116	1	Lp
116	2	Lp
116	3	Lp
116	4	Lp
116	5	Lp
116	6	Lp
116	7	Lp
116	8	Lp
116	9	Lp
116	10	Lp
116	11	Lp
116	12	-1
116	13	U
116	14	Lp
116	15	-1
116	16	-1
116	17	L
116	18	Lp
116	19	Lp
116	20	Lp
116	21	Lp
116	22	-1
116	23	Lp
116	24	L
116	25	L
116	26	L
116	27	Lp
116	28	L
116	29	L
116	30	Lp
116	31	Lp
116	32	Lp
116	33	Lp
116	34	Lp
116	35	-1
116	36	Lp
116	37	Lp
116	38	-1
116	39	Lp
116	40	Lp
116	41	Lp
116	42	Lp
116	43	Lp
116	44	Lp
116	45	Lp
116	46	Lp
116	47	L
116	48	L
116	49	L
116	50	L
116	51	L
116	52	L
116	53	-1
116	54	L
116	55	L
116	56	-1
116	57	L
116	58	L
116	59	L
116	60	-1
116	61	L
116	62	L
116	63	L
116	64	L
116	65	L
116	66	L
116	67	-1
116	68	L
116	69	-1
116	70	L
116	71	L
116	72	L
116	73	L
116	74	L
116	75	-1
116	76	L
116	77	L
116	78	L
116	79	L
116	80	-1
116	81	L
116	82	L
116	83	-1
116	84	-1
116	85	Lp
116	86	L
116	87	L
116	88	L
116	89	L
116	90	L
116	91	U
116	92	U
116	93	-1
116	94	U
116	95	-1
116	96	-1
116	97	L
116	98	L
116	99	-1
116	100	L
116	101	Lp
116	102	Lp
116	103	Lp
116	104	-1
116	105	-1
116	106	Lp
116	107	Lp
116	108	Lp
116	109	Lp
116	110	Lp
116	111	Lp
116	112	-1
116	113	Lp
116	114	Lp
116	115	Lp
116	116	Lp
116	117	Lp
116	118	-1
116	119	Lp
117	0	Lp
117	1	Lp
117	2	Lp
117	3	Lp
117	4	Lp
117	5	Lp
117	6	-1
117	7	Lp
117	8	Lp
117	9	-1
117	10	-1
117	11	Lp
117	12	-1
117	13	Lp
117	14	-1
117	15	Lp
117	16	L
117	17	L
117	18	Lp
117	19	Lp
117	20	Lp
117	21	-1
117	22	-1
117	23	Lp
117	24	Lp
117	25	L
117	26	Lp
117	27	L
117	28	Lp
117	29	L
117	30	Lp
117	31	Lp
117	32	-1
117	33	-1
117	34	Lp
117	35	Lp
117	36	Lp
117	37	Lp
117	38	Lp
117	39	Lp
117	40	-1
117	41	Lp
117	42	-1
117	43	Lp
117	44	-1
117	45	Lp
117	46	Lp
117	47	L
117	48	U
117	49	U
117	50	U
117	51	L
117	52	-1
117	53	L
117	54	L
117	55	L
117	56	L
117	57	L
117	58	L
117	59	L
117	60	-1
117	61	L
117	62	L
117	63	L
117	64	L
117	65	L
117	66	U
117	67	L
117	68	L
117	69	L
117	70	L
117	71	-1
117	72	L
117	73	L
117	74	Lp
117	75	-1
117	76	L
117	77	L
117	78	L
117	79	L
117	80	L
117	81	L
117	82	L
117	83	L
117	84	L
117	85	L
117	86	L
117	87	-1
117	88	L
117	89	L
117	90	L
117	91	-1
117	92	Lp
117	93	Lp
117	94	Lp
117	95	Lp
117	96	Lp
117	97	Lp
117	98	Lp
117	99	-1
117	100	Lp
117	101	Lp
117	102	-1
117	103	-1
117	104	Lp
117	105	Lp
117	106	Lp
117	107	Lp
117	108	Lp
117	109	Lp
117	110	Lp
117	111	Lp
117	112	-1
117	113	Lp
117	114	-1
117	115	Lp
117	116	Lp
117	117	Lp
117	118	Lp
117	119	Lp
118	0	Lp
118	1	Lp
118	2	Lp
118	3	-1
118	4	Lp
118	5	Lp
118	6	Lp
118	7	Lp
118	8	L
118	9	L
118	10	L
118	11	-1
118	12	Lp
118	13	Lp
118	14	Lp
118	15	Lp
118	16	L
118	17	L
118	18	Lp
118	19	Lp
118	20	Lp
118	21	-1
118	22	Lp
118	23	Lp
118	24	Lp
118	25	-1
118	26	L
118	27	L
118	28	L
118	29	Lp
118	30	Lp
118	31	Lp
118	32	-1
118	33	Lp
118	34	Lp
118	35	Lp
118	36	Lp
118	37	-1
118	38	Lp
118	39	Lp
118	40	Lp
118	41	-1
118	42	Lp
118	43	Lp
118	44	-1
118	45	Lp
118	46	-1
118	47	L
118	48	U
118	49	-1
118	50	U
118	51	U
118	52	L
118	53	L
118	54	-1
118	55	L
118	56	-1
118	57	L
118	58	-1
118	59	L
118	60	L
118	61	L
118	62	L
118	63	L
118	64	L
118	65	-1
118	66	L
118	67	U
118	68	L
118	69	L
118	70	Lp
118	71	Lp
118	72	Lp
118	73	L
118	74	Lp
118	75	-1
118	76	L
118	77	L
118	78	L
118	79	L
118	80	L
118	81	-1
118	82	L
118	83	L
118	84	L
118	85	L
118	86	-1
118	87	L
118	88	L
118	89	L
118	90	L
118	91	L
118	92	L
118	93	Lp
118	94	Lp
118	95	Lp
118	96	Lp
118	97	Lp
118	98	Lp
118	99	Lp
118	100	L
118	101	Lp
118	102	Lp
118	103	Lp
118	104	-1
118	105	-1
118	106	Lp
118	107	Lp
118	108	Lp
118	109	Lp
118	110	Lp
118	111	Lp
118	112	Lp
118	113	Lp
118	114	Lp
118	115	Lp
118	116	Lp
118	117	U
118	118	Lp
118	119	-1
119	0	-1
119	1	Lp
119	2	Lp
119	3	-1
119	4	Lp
119	5	Lp
119	6	Lp
119	7	Lp
119	8	-1
119	9	L
119	10	-1
119	11	L
119	12	Lp
119	13	L
119	14	Lp
119	15	Lp
119	16	Lp
119	17	Lp
119	18	-1
119	19	Lp
119	20	Lp
119	21	Lp
119	22	Lp
119	23	Lp
119	24	Lp
119	25	Lp
119	26	L
119	27	L
119	28	L
119	29	L
119	30	Lp
119	31	Lp
119	32	Lp
119	33	Lp
119	34	Lp
119	35	-1
119	36	-1
119	37	Lp
119	38	-1
119	39	Lp
119	40	Lp
119	41	Lp
119	42	Lp
119	43	Lp
119	44	Lp
119	45	-1
119	46	L
119	47	-1
119	48	Lp
119	49	Lp
119	50	U
119	51	L
119	52	L
119	53	L
119	54	L
119	55	L
119	56	L
119	57	L
119	58	L
119	59	-1
119	60	L
119	61	L
119	62	L
119	63	L
119	64	L
119	65	L
119	66	U
119	67	L
119	68	L
119	69	-1
119	70	L
119	71	Lp
119	72	Lp
119	73	Lp
119	74	L
119	75	Lp
119	76	L
119	77	L
119	78	-1
119	79	-1
119	80	L
119	81	L
119	82	-1
119	83	L
119	84	L
119	85	-1
119	86	L
119	87	L
119	88	L
119	89	L
119	90	L
119	91	L
119	92	L
119	93	L
119	94	-1
119	95	-1
119	96	L
119	97	U
119	98	U
119	99	L
119	100	L
119	101	L
119	102	Lp
119	103	Lp
119	104	Lp
119	105	-1
119	106	Lp
119	107	Lp
119	108	Lp
119	109	Lp
119	110	Lp
119	111	Lp
119	112	Lp
119	113	Lp
119	114	Lp
119	115	Lp
119	116	Lp
119	117	Lp
119	118	L
119	119	-1
