0	0	-1
0	1	L
0	2	L
0	3	-1
0	4	-1
0	5	-1
0	6	Lp
0	7	Lp
0	8	L
0	9	L
0	10	Lp
0	11	U
0	12	Lp
0	13	L
0	14	L
0	15	L
0	16	L
0	17	L
0	18	L
0	19	-1
0	20	Lp
0	21	-1
0	22	U
0	23	L
0	24	L
0	25	L
0	26	L
0	27	Lp
0	28	L
0	29	L
0	30	L
0	31	L
0	32	L
0	33	-1
0	34	-1
0	35	Lp
0	36	Lp
0	37	Lp
0	38	Lp
0	39	-1
0	40	Lp
0	41	Lp
0	42	L
0	43	Lp
0	44	L
0	45	-1
0	46	L
0	47	-1
0	48	U
0	49	Lp
0	50	Lp
0	51	-1
0	52	-1
0	53	L
0	54	-1
0	55	Lp
0	56	Lp
0	57	L
0	58	-1
0	59	Lp
0	60	Lp
0	61	Lp
0	62	-1
0	63	-1
0	64	-1
0	65	-1
0	66	L
0	67	-1
0	68	Lp
0	69	L
0	70	L
0	71	-1
0	72	Lp
0	73	-1
0	74	Lp
0	75	Lp
0	76	Lp
0	77	-1
0	78	Lp
0	79	Lp
0	80	Lp
0	81	Lp
0	82	-1
0	83	Lp
0	84	Lp
0	85	-1
0	86	-1
0	87	-1
0	88	-1
0	89	-1
0	90	-1
0	91	Lp
0	92	-1
0	93	Lp
0	94	-1
0	95	U
0	96	L
0	97	L
0	98	L
0	99	-1
0	100	Lp
0	101	Lp
0	102	L
0	103	U
0	104	Lp
0	105	Lp
0	106	L
0	107	L
0	108	-1
0	109	-1
0	110	-1
0	111	L
0	112	L
0	113	L
0	114	-1
0	115	L
0	116	-1
0	117	L
0	118	-1
0	119	-1
1	0	-1
1	1	L
1	2	-1
1	3	Lp
1	4	Lp
1	5	-1
1	6	L
1	7	Lp
1	8	Lp
1	9	Lp
1	10	U
1	11	L
1	12	-1
1	13	L
1	14	L
1	15	L
1	16	L
1	17	U
1	18	U
1	19	Lp
1	20	-1
1	21	U
1	22	U
1	23	L
1	24	L
1	25	L
1	26	-1
1	27	L
1	28	L
1	29	-1
1	30	L
1	31	Lp
1	32	L
1	33	L
1	34	Lp
1	35	Lp
1	36	Lp
1	37	Lp
1	38	Lp
1	39	Lp
1	40	U
1	41	U
1	42	Lp
1	43	Lp
1	44	-1
1	45	-1
1	46	L
1	47	L
1	48	L
1	49	Lp
1	50	Lp
1	51	Lp
1	52	Lp
1	53	L
1	54	Lp
1	55	Lp
1	56	Lp
1	57	L
1	58	-1
1	59	-1
1	60	Lp
1	61	-1
1	62	L
1	63	L
1	64	L
1	65	L
1	66	L
1	67	Lp
1	68	Lp
1	69	L
1	70	L
1	71	Lp
1	72	Lp
1	73	Lp
1	74	Lp
1	75	Lp
1	76	Lp
1	77	-1
1	78	Lp
1	79	Lp
1	80	Lp
1	81	-1
1	82	-1
1	83	Lp
1	84	Lp
1	85	Lp
1	86	Lp
1	87	Lp
1	88	Lp
1	89	Lp
1	90	Lp
1	91	Lp
1	92	Lp
1	93	L
1	94	L
1	95	-1
1	96	L
1	97	L
1	98	Lp
1	99	Lp
1	100	Lp
1	101	Lp
1	102	Lp
1	103	U
1	104	U
1	105	Lp
1	106	L
1	107	L
1	108	L
1	109	Lp
1	110	Lp
1	111	L
1	112	L
1	113	L
1	114	L
1	115	-1
1	116	-1
1	117	L
1	118	L
1	119	L
2	0	L
2	1	L
2	2	Lp
2	3	Lp
2	4	Lp
2	5	-1
2	6	Lp
2	7	Lp
2	8	Lp
2	9	Lp
2	10	Lp
2	11	Lp
2	12	Lp
2	13	-1
2	14	-1
2	15	L
2	16	-1
2	17	U
2	18	U
2	19	U
2	20	U
2	21	U
2	22	Lp
2	23	L
2	24	L
2	25	L
2	26	L
2	27	L
2	28	L
2	29	L
2	30	-1
2	31	-1
2	32	L
2	33	L
2	34	Lp
2	35	Lp
2	36	Lp
2	37	Lp
2	38	-1
2	39	U
2	40	-1
2	41	U
2	42	L
2	43	Lp
2	44	L
2	45	Lp
2	46	L
2	47	U
2	48	L
2	49	Lp
2	50	U
2	51	Lp
2	52	Lp
2	53	L
2	54	L
2	55	-1
2	56	Lp
2	57	L
2	58	Lp
2	59	Lp
2	60	-1
2	61	-1
2	62	L
2	63	L
2	64	L
2	65	L
2	66	L
2	67	Lp
2	68	Lp
2	69	Lp
2	70	-1
2	71	Lp
2	72	Lp
2	73	Lp
2	74	Lp
2	75	Lp
2	76	Lp
2	77	Lp
2	78	-1
2	79	Lp
2	80	Lp
2	81	Lp
2	82	Lp
2	83	Lp
2	84	Lp
2	85	Lp
2	86	Lp
2	87	-1
2	88	-1
2	89	Lp
2	90	Lp
2	91	Lp
2	92	Lp
2	93	Lp
2	94	L
2	95	L
2	96	-1
2	97	-1
2	98	Lp
2	99	Lp
2	100	-1
2	101	Lp
2	102	Lp
2	103	-1
2	104	L
2	105	Lp
2	106	L
2	107	Lp
2	108	-1
2	109	L
2	110	L
2	111	L
2	112	L
2	113	L
2	114	L
2	115	L
2	116	-1
2	117	-1
2	118	L
2	119	L
3	0	L
3	1	L
3	2	-1
3	3	Lp
3	4	Lp
3	5	L
3	6	L
3	7	Lp
3	8	Lp
3	9	Lp
3	10	Lp
3	11	-1
3	12	Lp
3	13	Lp
3	14	L
3	15	Lp
3	16	L
3	17	L
3	18	L
3	19	U
3	20	U
3	21	-1
3	22	Lp
3	23	L
3	24	L
3	25	L
3	26	L
3	27	L
3	28	-1
3	29	L
3	30	-1
3	31	L
3	32	L
3	33	L
3	34	Lp
3	35	Lp
3	36	Lp
3	37	Lp
3	38	U
3	39	Lp
3	40	Lp
3	41	-1
3	42	Lp
3	43	Lp
3	44	-1
3	45	L
3	46	L
3	47	U
3	48	L
3	49	U
3	50	U
3	51	U
3	52	Lp
3	53	Lp
3	54	L
3	55	Lp
3	56	Lp
3	57	Lp
3	58	Lp
3	59	Lp
3	60	Lp
3	61	Lp
3	62	-1
3	63	L
3	64	Lp
3	65	L
3	66	L
3	67	L
3	68	-1
3	69	Lp
3	70	-1
3	71	Lp
3	72	Lp
3	73	Lp
3	74	Lp
3	75	Lp
3	76	Lp
3	77	Lp
3	78	Lp
3	79	Lp
3	80	Lp
3	81	Lp
3	82	Lp
3	83	Lp
3	84	Lp
3	85	Lp
3	86	Lp
3	87	Lp
3	88	Lp
3	89	Lp
3	90	Lp
3	91	Lp
3	92	Lp
3	93	L
3	94	L
3	95	-1
3	96	L
3	97	-1
3	98	Lp
3	99	Lp
3	100	-1
3	101	-1
3	102	-1
3	103	Lp
3	104	L
3	105	L
3	106	L
3	107	L
3	108	L
3	109	-1
3	110	L
3	111	L
3	112	-1
3	113	L
3	114	L
3	115	L
3	116	-1
3	117	L
3	118	L
3	119	L
4	0	L
4	1	-1
4	2	L
4	3	Lp
4	4	-1
4	5	Lp
4	6	Lp
4	7	Lp
4	8	-1
4	9	Lp
4	10	Lp
4	11	Lp
4	12	-1
4	13	Lp
4	14	U
4	15	Lp
4	16	L
4	17	L
4	18	L
4	19	L
4	20	-1
4	21	L
4	22	Lp
4	23	-1
4	24	-1
4	25	L
4	26	L
4	27	L
4	28	L
4	29	-1
4	30	L
4	31	L
4	32	L
4	33	-1
4	34	-1
4	35	Lp
4	36	Lp
4	37	-1
4	38	Lp
4	39	-1
4	40	Lp
4	41	-1
4	42	-1
4	43	L
4	44	Lp
4	45	-1
4	46	L
4	47	L
4	48	-1
4	49	Lp
4	50	U
4	51	-1
4	52	Lp
4	53	-1
4	54	Lp
4	55	Lp
4	56	Lp
4	57	L
4	58	L
4	59	Lp
4	60	Lp
4	61	L
4	62	L
4	63	L
4	64	-1
4	65	Lp
4	66	Lp
4	67	Lp
4	68	-1
4	69	-1
4	70	-1
4	71	-1
4	72	-1
4	73	-1
4	74	Lp
4	75	Lp
4	76	Lp
4	77	Lp
4	78	Lp
4	79	-1
4	80	Lp
4	81	Lp
4	82	Lp
4	83	Lp
4	84	Lp
4	85	Lp
4	86	Lp
4	87	Lp
4	88	Lp
4	89	-1
4	90	Lp
4	91	Lp
4	92	-1
4	93	Lp
4	94	Lp
4	95	L
4	96	-1
4	97	Lp
4	98	Lp
4	99	Lp
4	100	Lp
4	101	-1
4	102	L
4	103	L
4	104	-1
4	105	L
4	106	L
4	107	L
4	108	L
4	109	L
4	110	L
4	111	L
4	112	L
4	113	U
4	114	L
4	115	-1
4	116	L
4	117	L
4	118	L
4	119	L
5	0	-1
5	1	-1
5	2	L
5	3	Lp
5	4	Lp
5	5	Lp
5	6	-1
5	7	Lp
5	8	-1
5	9	U
5	10	Lp
5	11	-1
5	12	-1
5	13	U
5	14	U
5	15	Lp
5	16	L
5	17	L
5	18	L
5	19	L
5	20	L
5	21	-1
5	22	-1
5	23	-1
5	24	L
5	25	L
5	26	L
5	27	L
5	28	L
5	29	L
5	30	-1
5	31	-1
5	32	L
5	33	L
5	34	U
5	35	-1
5	36	U
5	37	U
5	38	Lp
5	39	-1
5	40	U
5	41	Lp
5	42	Lp
5	43	Lp
5	44	L
5	45	-1
5	46	Lp
5	47	-1
5	48	L
5	49	-1
5	50	-1
5	51	Lp
5	52	Lp
5	53	Lp
5	54	-1
5	55	Lp
5	56	-1
5	57	L
5	58	L
5	59	L
5	60	-1
5	61	-1
5	62	-1
5	63	-1
5	64	-1
5	65	-1
5	66	-1
5	67	-1
5	68	Lp
5	69	Lp
5	70	Lp
5	71	Lp
5	72	-1
5	73	Lp
5	74	-1
5	75	Lp
5	76	Lp
5	77	Lp
5	78	-1
5	79	Lp
5	80	Lp
5	81	Lp
5	82	-1
5	83	Lp
5	84	Lp
5	85	Lp
5	86	Lp
5	87	Lp
5	88	Lp
5	89	Lp
5	90	Lp
5	91	Lp
5	92	Lp
5	93	-1
5	94	-1
5	95	-1
5	96	-1
5	97	L
5	98	Lp
5	99	Lp
5	100	Lp
5	101	Lp
5	102	Lp
5	103	L
5	104	L
5	105	L
5	106	-1
5	107	L
5	108	L
5	109	L
5	110	L
5	111	L
5	112	Lp
5	113	-1
5	114	U
5	115	L
5	116	-1
5	117	L
5	118	L
5	119	L
6	0	Lp
6	1	Lp
6	2	Lp
6	3	-1
6	4	Lp
6	5	Lp
6	6	-1
6	7	Lp
6	8	Lp
6	9	U
6	10	U
6	11	-1
6	12	Lp
6	13	U
6	14	U
6	15	U
6	16	U
6	17	-1
6	18	-1
6	19	-1
6	20	L
6	21	L
6	22	L
6	23	Lp
6	24	L
6	25	L
6	26	L
6	27	L
6	28	L
6	29	L
6	30	L
6	31	L
6	32	L
6	33	L
6	34	L
6	35	U
6	36	U
6	37	U
6	38	U
6	39	-1
6	40	Lp
6	41	-1
6	42	Lp
6	43	U
6	44	L
6	45	Lp
6	46	-1
6	47	-1
6	48	-1
6	49	Lp
6	50	-1
6	51	-1
6	52	Lp
6	53	Lp
6	54	Lp
6	55	Lp
6	56	L
6	57	Lp
6	58	L
6	59	L
6	60	Lp
6	61	L
6	62	Lp
6	63	Lp
6	64	Lp
6	65	Lp
6	66	-1
6	67	Lp
6	68	Lp
6	69	Lp
6	70	Lp
6	71	Lp
6	72	Lp
6	73	Lp
6	74	Lp
6	75	Lp
6	76	Lp
6	77	Lp
6	78	Lp
6	79	Lp
6	80	Lp
6	81	Lp
6	82	Lp
6	83	Lp
6	84	Lp
6	85	Lp
6	86	Lp
6	87	Lp
6	88	Lp
6	89	Lp
6	90	Lp
6	91	Lp
6	92	Lp
6	93	Lp
6	94	Lp
6	95	Lp
6	96	Lp
6	97	Lp
6	98	L
6	99	Lp
6	100	Lp
6	101	Lp
6	102	Lp
6	103	L
6	104	L
6	105	L
6	106	-1
6	107	-1
6	108	L
6	109	L
6	110	L
6	111	Lp
6	112	Lp
6	113	Lp
6	114	L
6	115	-1
6	116	U
6	117	L
6	118	L
6	119	L
7	0	Lp
7	1	Lp
7	2	Lp
7	3	L
7	4	L
7	5	Lp
7	6	Lp
7	7	Lp
7	8	Lp
7	9	Lp
7	10	Lp
7	11	Lp
7	12	Lp
7	13	U
7	14	U
7	15	Lp
7	16	Lp
7	17	Lp
7	18	Lp
7	19	L
7	20	-1
7	21	L
7	22	L
7	23	Lp
7	24	Lp
7	25	-1
7	26	L
7	27	L
7	28	L
7	29	L
7	30	L
7	31	L
7	32	L
7	33	L
7	34	L
7	35	Lp
7	36	Lp
7	37	Lp
7	38	Lp
7	39	Lp
7	40	-1
7	41	Lp
7	42	Lp
7	43	Lp
7	44	Lp
7	45	L
7	46	U
7	47	Lp
7	48	L
7	49	Lp
7	50	-1
7	51	Lp
7	52	Lp
7	53	Lp
7	54	Lp
7	55	Lp
7	56	Lp
7	57	L
7	58	-1
7	59	L
7	60	Lp
7	61	-1
7	62	Lp
7	63	-1
7	64	Lp
7	65	Lp
7	66	Lp
7	67	-1
7	68	Lp
7	69	Lp
7	70	-1
7	71	Lp
7	72	Lp
7	73	Lp
7	74	Lp
7	75	Lp
7	76	Lp
7	77	Lp
7	78	Lp
7	79	-1
7	80	Lp
7	81	Lp
7	82	Lp
7	83	Lp
7	84	Lp
7	85	Lp
7	86	Lp
7	87	-1
7	88	Lp
7	89	Lp
7	90	-1
7	91	Lp
7	92	Lp
7	93	Lp
7	94	Lp
7	95	Lp
7	96	-1
7	97	U
7	98	L
7	99	-1
7	100	Lp
7	101	Lp
7	102	Lp
7	103	L
7	104	-1
7	105	L
7	106	-1
7	107	-1
7	108	-1
7	109	-1
7	110	Lp
7	111	Lp
7	112	Lp
7	113	Lp
7	114	Lp
7	115	-1
7	116	L
7	117	L
7	118	-1
7	119	Lp
8	0	-1
8	1	Lp
8	2	L
8	3	-1
8	4	L
8	5	Lp
8	6	Lp
8	7	Lp
8	8	-1
8	9	Lp
8	10	Lp
8	11	Lp
8	12	U
8	13	Lp
8	14	Lp
8	15	Lp
8	16	Lp
8	17	Lp
8	18	Lp
8	19	Lp
8	20	-1
8	21	-1
8	22	L
8	23	Lp
8	24	Lp
8	25	Lp
8	26	-1
8	27	L
8	28	L
8	29	L
8	30	L
8	31	L
8	32	L
8	33	L
8	34	-1
8	35	Lp
8	36	Lp
8	37	Lp
8	38	Lp
8	39	-1
8	40	Lp
8	41	Lp
8	42	L
8	43	L
8	44	L
8	45	L
8	46	L
8	47	L
8	48	Lp
8	49	Lp
8	50	Lp
8	51	-1
8	52	Lp
8	53	Lp
8	54	Lp
8	55	Lp
8	56	Lp
8	57	Lp
8	58	L
8	59	-1
8	60	-1
8	61	Lp
8	62	Lp
8	63	Lp
8	64	Lp
8	65	Lp
8	66	Lp
8	67	Lp
8	68	Lp
8	69	Lp
8	70	Lp
8	71	Lp
8	72	Lp
8	73	Lp
8	74	-1
8	75	Lp
8	76	Lp
8	77	Lp
8	78	Lp
8	79	-1
8	80	Lp
8	81	Lp
8	82	Lp
8	83	-1
8	84	Lp
8	85	Lp
8	86	Lp
8	87	U
8	88	U
8	89	U
8	90	L
8	91	-1
8	92	-1
8	93	Lp
8	94	Lp
8	95	Lp
8	96	L
8	97	L
8	98	U
8	99	-1
8	100	Lp
8	101	Lp
8	102	Lp
8	103	L
8	104	-1
8	105	-1
8	106	L
8	107	L
8	108	L
8	109	-1
8	110	-1
8	111	Lp
8	112	Lp
8	113	Lp
8	114	L
8	115	L
8	116	L
8	117	L
8	118	L
8	119	L
9	0	-1
9	1	L
9	2	L
9	3	Lp
9	4	Lp
9	5	Lp
9	6	Lp
9	7	Lp
9	8	-1
9	9	Lp
9	10	Lp
9	11	Lp
9	12	Lp
9	13	Lp
9	14	Lp
9	15	Lp
9	16	L
9	17	-1
9	18	Lp
9	19	-1
9	20	L
9	21	-1
9	22	Lp
9	23	Lp
9	24	Lp
9	25	Lp
9	26	L
9	27	Lp
9	28	U
9	29	Lp
9	30	Lp
9	31	-1
9	32	Lp
9	33	Lp
9	34	Lp
9	35	Lp
9	36	-1
9	37	L
9	38	Lp
9	39	Lp
9	40	-1
9	41	-1
9	42	U
9	43	L
9	44	L
9	45	L
9	46	L
9	47	-1
9	48	-1
9	49	-1
9	50	Lp
9	51	Lp
9	52	Lp
9	53	Lp
9	54	Lp
9	55	L
9	56	Lp
9	57	Lp
9	58	Lp
9	59	Lp
9	60	Lp
9	61	Lp
9	62	Lp
9	63	-1
9	64	Lp
9	65	Lp
9	66	Lp
9	67	Lp
9	68	-1
9	69	Lp
9	70	Lp
9	71	Lp
9	72	Lp
9	73	Lp
9	74	-1
9	75	Lp
9	76	-1
9	77	Lp
9	78	Lp
9	79	Lp
9	80	Lp
9	81	Lp
9	82	Lp
9	83	Lp
9	84	-1
9	85	Lp
9	86	Lp
9	87	U
9	88	U
9	89	U
9	90	L
9	91	-1
9	92	L
9	93	Lp
9	94	Lp
9	95	L
9	96	Lp
9	97	L
9	98	Lp
9	99	U
9	100	L
9	101	L
9	102	L
9	103	L
9	104	L
9	105	-1
9	106	L
9	107	-1
9	108	-1
9	109	-1
9	110	Lp
9	111	Lp
9	112	Lp
9	113	Lp
9	114	L
9	115	-1
9	116	L
9	117	Lp
9	118	Lp
9	119	Lp
10	0	L
10	1	-1
10	2	Lp
10	3	-1
10	4	Lp
10	5	Lp
10	6	Lp
10	7	-1
10	8	Lp
10	9	Lp
10	10	-1
10	11	-1
10	12	Lp
10	13	-1
10	14	Lp
10	15	-1
10	16	-1
10	17	-1
10	18	-1
10	19	Lp
10	20	L
10	21	Lp
10	22	L
10	23	-1
10	24	Lp
10	25	Lp
10	26	Lp
10	27	Lp
10	28	Lp
10	29	Lp
10	30	Lp
10	31	-1
10	32	-1
10	33	Lp
10	34	Lp
10	35	Lp
10	36	L
10	37	Lp
10	38	Lp
10	39	Lp
10	40	-1
10	41	-1
10	42	Lp
10	43	L
10	44	L
10	45	-1
10	46	L
10	47	L
10	48	L
10	49	-1
10	50	Lp
10	51	Lp
10	52	Lp
10	53	Lp
10	54	Lp
10	55	Lp
10	56	-1
10	57	Lp
10	58	Lp
10	59	Lp
10	60	-1
10	61	-1
10	62	Lp
10	63	Lp
10	64	Lp
10	65	Lp
10	66	Lp
10	67	Lp
10	68	-1
10	69	Lp
10	70	Lp
10	71	-1
10	72	-1
10	73	Lp
10	74	Lp
10	75	Lp
10	76	Lp
10	77	Lp
10	78	Lp
10	79	Lp
10	80	Lp
10	81	Lp
10	82	Lp
10	83	Lp
10	84	Lp
10	85	Lp
10	86	Lp
10	87	U
10	88	U
10	89	Lp
10	90	Lp
10	91	L
10	92	-1
10	93	Lp
10	94	Lp
10	95	Lp
10	96	Lp
10	97	Lp
10	98	Lp
10	99	Lp
10	100	Lp
10	101	Lp
10	102	-1
10	103	-1
10	104	L
10	105	L
10	106	-1
10	107	L
10	108	-1
10	109	L
10	110	Lp
10	111	Lp
10	112	Lp
10	113	-1
10	114	U
10	115	-1
10	116	-1
10	117	-1
10	118	Lp
10	119	L
11	0	-1
11	1	-1
11	2	Lp
11	3	L
11	4	-1
11	5	Lp
11	6	Lp
11	7	Lp
11	8	Lp
11	9	Lp
11	10	-1
11	11	Lp
11	12	Lp
11	13	Lp
11	14	Lp
11	15	-1
11	16	Lp
11	17	L
11	18	Lp
11	19	L
11	20	Lp
11	21	L
11	22	-1
11	23	L
11	24	L
11	25	-1
11	26	Lp
11	27	Lp
11	28	-1
11	29	Lp
11	30	Lp
11	31	L
11	32	L
11	33	L
11	34	L
11	35	L
11	36	L
11	37	Lp
11	38	-1
11	39	U
11	40	U
11	41	U
11	42	-1
11	43	-1
11	44	L
11	45	L
11	46	L
11	47	-1
11	48	-1
11	49	Lp
11	50	Lp
11	51	Lp
11	52	Lp
11	53	Lp
11	54	Lp
11	55	L
11	56	-1
11	57	Lp
11	58	-1
11	59	-1
11	60	Lp
11	61	Lp
11	62	Lp
11	63	Lp
11	64	-1
11	65	Lp
11	66	Lp
11	67	Lp
11	68	Lp
11	69	Lp
11	70	Lp
11	71	Lp
11	72	Lp
11	73	Lp
11	74	-1
11	75	Lp
11	76	Lp
11	77	Lp
11	78	Lp
11	79	Lp
11	80	Lp
11	81	-1
11	82	-1
11	83	-1
11	84	Lp
11	85	Lp
11	86	U
11	87	Lp
11	88	Lp
11	89	Lp
11	90	Lp
11	91	L
11	92	L
11	93	L
11	94	-1
11	95	L
11	96	-1
11	97	Lp
11	98	Lp
11	99	Lp
11	100	Lp
11	101	Lp
11	102	L
11	103	L
11	104	L
11	105	-1
11	106	L
11	107	L
11	108	L
11	109	-1
11	110	-1
11	111	Lp
11	112	Lp
11	113	Lp
11	114	Lp
11	115	Lp
11	116	Lp
11	117	Lp
11	118	-1
11	119	L
12	0	L
12	1	Lp
12	2	L
12	3	L
12	4	L
12	5	L
12	6	-1
12	7	Lp
12	8	Lp
12	9	Lp
12	10	Lp
12	11	-1
12	12	-1
12	13	Lp
12	14	L
12	15	-1
12	16	Lp
12	17	Lp
12	18	Lp
12	19	Lp
12	20	L
12	21	Lp
12	22	-1
12	23	L
12	24	-1
12	25	L
12	26	Lp
12	27	Lp
12	28	-1
12	29	-1
12	30	Lp
12	31	L
12	32	L
12	33	L
12	34	-1
12	35	-1
12	36	Lp
12	37	Lp
12	38	Lp
12	39	Lp
12	40	U
12	41	U
12	42	-1
12	43	U
12	44	-1
12	45	L
12	46	-1
12	47	-1
12	48	U
12	49	Lp
12	50	Lp
12	51	Lp
12	52	-1
12	53	Lp
12	54	Lp
12	55	Lp
12	56	-1
12	57	Lp
12	58	Lp
12	59	Lp
12	60	Lp
12	61	Lp
12	62	Lp
12	63	Lp
12	64	Lp
12	65	-1
12	66	Lp
12	67	Lp
12	68	Lp
12	69	-1
12	70	Lp
12	71	Lp
12	72	Lp
12	73	Lp
12	74	Lp
12	75	Lp
12	76	Lp
12	77	Lp
12	78	Lp
12	79	-1
12	80	Lp
12	81	Lp
12	82	-1
12	83	Lp
12	84	Lp
12	85	Lp
12	86	Lp
12	87	-1
12	88	L
12	89	Lp
12	90	Lp
12	91	L
12	92	L
12	93	L
12	94	L
12	95	L
12	96	L
12	97	Lp
12	98	Lp
12	99	Lp
12	100	Lp
12	101	Lp
12	102	-1
12	103	-1
12	104	L
12	105	L
12	106	L
12	107	L
12	108	L
12	109	L
12	110	Lp
12	111	Lp
12	112	-1
12	113	-1
12	114	-1
12	115	-1
12	116	L
12	117	Lp
12	118	Lp
12	119	L
13	0	U
13	1	L
13	2	L
13	3	L
13	4	L
13	5	L
13	6	Lp
13	7	L
13	8	-1
13	9	-1
13	10	Lp
13	11	Lp
13	12	Lp
13	13	-1
13	14	L
13	15	L
13	16	L
13	17	Lp
13	18	Lp
13	19	Lp
13	20	Lp
13	21	Lp
13	22	Lp
13	23	-1
13	24	L
13	25	L
13	26	Lp
13	27	Lp
13	28	-1
13	29	-1
13	30	-1
13	31	L
13	32	L
13	33	L
13	34	L
13	35	L
13	36	L
13	37	-1
13	38	L
13	39	L
13	40	-1
13	41	-1
13	42	-1
13	43	-1
13	44	U
13	45	L
13	46	-1
13	47	L
13	48	Lp
13	49	-1
13	50	L
13	51	Lp
13	52	Lp
13	53	Lp
13	54	Lp
13	55	-1
13	56	Lp
13	57	Lp
13	58	Lp
13	59	-1
13	60	Lp
13	61	Lp
13	62	Lp
13	63	Lp
13	64	Lp
13	65	Lp
13	66	Lp
13	67	Lp
13	68	L
13	69	Lp
13	70	Lp
13	71	Lp
13	72	L
13	73	Lp
13	74	Lp
13	75	Lp
13	76	-1
13	77	Lp
13	78	L
13	79	Lp
13	80	Lp
13	81	Lp
13	82	Lp
13	83	Lp
13	84	Lp
13	85	Lp
13	86	Lp
13	87	-1
13	88	Lp
13	89	L
13	90	L
13	91	Lp
13	92	Lp
13	93	-1
13	94	Lp
13	95	L
13	96	L
13	97	Lp
13	98	Lp
13	99	Lp
13	100	Lp
13	101	L
13	102	L
13	103	L
13	104	L
13	105	L
13	106	L
13	107	L
13	108	L
13	109	L
13	110	-1
13	111	Lp
13	112	Lp
13	113	L
13	114	L
13	115	L
13	116	L
13	117	-1
13	118	L
13	119	-1
14	0	L
14	1	U
14	2	L
14	3	L
14	4	L
14	5	L
14	6	L
14	7	Lp
14	8	Lp
14	9	Lp
14	10	L
14	11	Lp
14	12	Lp
14	13	Lp
14	14	L
14	15	L
14	16	L
14	17	Lp
14	18	-1
14	19	Lp
14	20	-1
14	21	Lp
14	22	Lp
14	23	-1
14	24	L
14	25	Lp
14	26	Lp
14	27	-1
14	28	Lp
14	29	-1
14	30	L
14	31	Lp
14	32	-1
14	33	L
14	34	L
14	35	L
14	36	L
14	37	Lp
14	38	Lp
14	39	U
14	40	-1
14	41	U
14	42	-1
14	43	U
14	44	L
14	45	Lp
14	46	L
14	47	L
14	48	L
14	49	Lp
14	50	L
14	51	Lp
14	52	Lp
14	53	Lp
14	54	Lp
14	55	-1
14	56	Lp
14	57	-1
14	58	Lp
14	59	Lp
14	60	-1
14	61	Lp
14	62	Lp
14	63	-1
14	64	Lp
14	65	Lp
14	66	Lp
14	67	Lp
14	68	-1
14	69	L
14	70	L
14	71	Lp
14	72	L
14	73	L
14	74	Lp
14	75	Lp
14	76	Lp
14	77	-1
14	78	Lp
14	79	Lp
14	80	Lp
14	81	Lp
14	82	Lp
14	83	Lp
14	84	Lp
14	85	Lp
14	86	Lp
14	87	Lp
14	88	Lp
14	89	Lp
14	90	-1
14	91	Lp
14	92	Lp
14	93	Lp
14	94	Lp
14	95	Lp
14	96	L
14	97	Lp
14	98	Lp
14	99	Lp
14	100	L
14	101	Lp
14	102	L
14	103	L
14	104	L
14	105	L
14	106	L
14	107	L
14	108	U
14	109	Lp
14	110	Lp
14	111	U
14	112	U
14	113	L
14	114	L
14	115	Lp
14	116	Lp
14	117	L
14	118	L
14	119	U
15	0	-1
15	1	L
15	2	L
15	3	L
15	4	L
15	5	L
15	6	L
15	7	U
15	8	U
15	9	L
15	10	L
15	11	L
15	12	-1
15	13	L
15	14	L
15	15	-1
15	16	Lp
15	17	-1
15	18	Lp
15	19	Lp
15	20	Lp
15	21	Lp
15	22	L
15	23	L
15	24	L
15	25	L
15	26	Lp
15	27	-1
15	28	-1
15	29	L
15	30	Lp
15	31	-1
15	32	-1
15	33	L
15	34	L
15	35	-1
15	36	L
15	37	Lp
15	38	-1
15	39	L
15	40	Lp
15	41	Lp
15	42	U
15	43	-1
15	44	U
15	45	Lp
15	46	Lp
15	47	Lp
15	48	Lp
15	49	-1
15	50	L
15	51	-1
15	52	-1
15	53	Lp
15	54	Lp
15	55	-1
15	56	Lp
15	57	U
15	58	Lp
15	59	-1
15	60	-1
15	61	Lp
15	62	-1
15	63	Lp
15	64	-1
15	65	Lp
15	66	Lp
15	67	L
15	68	L
15	69	Lp
15	70	-1
15	71	Lp
15	72	L
15	73	L
15	74	L
15	75	-1
15	76	Lp
15	77	L
15	78	-1
15	79	Lp
15	80	L
15	81	Lp
15	82	Lp
15	83	Lp
15	84	Lp
15	85	Lp
15	86	Lp
15	87	Lp
15	88	Lp
15	89	Lp
15	90	Lp
15	91	Lp
15	92	Lp
15	93	Lp
15	94	-1
15	95	-1
15	96	L
15	97	L
15	98	Lp
15	99	Lp
15	100	Lp
15	101	L
15	102	L
15	103	L
15	104	L
15	105	L
15	106	L
15	107	U
15	108	-1
15	109	Lp
15	110	Lp
15	111	Lp
15	112	-1
15	113	Lp
15	114	Lp
15	115	Lp
15	116	U
15	117	-1
15	118	Lp
15	119	-1
16	0	-1
16	1	U
16	2	U
16	3	L
16	4	L
16	5	-1
16	6	L
16	7	-1
16	8	L
16	9	L
16	10	L
16	11	L
16	12	-1
16	13	-1
16	14	L
16	15	L
16	16	L
16	17	-1
16	18	Lp
16	19	Lp
16	20	Lp
16	21	Lp
16	22	U
16	23	L
16	24	L
16	25	-1
16	26	-1
16	27	L
16	28	L
16	29	-1
16	30	L
16	31	Lp
16	32	L
16	33	L
16	34	L
16	35	L
16	36	L
16	37	Lp
16	38	Lp
16	39	Lp
16	40	Lp
16	41	Lp
16	42	L
16	43	-1
16	44	-1
16	45	Lp
16	46	Lp
16	47	-1
16	48	Lp
16	49	Lp
16	50	Lp
16	51	-1
16	52	Lp
16	53	Lp
16	54	Lp
16	55	Lp
16	56	Lp
16	57	Lp
16	58	Lp
16	59	Lp
16	60	Lp
16	61	L
16	62	Lp
16	63	Lp
16	64	-1
16	65	L
16	66	Lp
16	67	-1
16	68	L
16	69	-1
16	70	L
16	71	-1
16	72	Lp
16	73	Lp
16	74	-1
16	75	-1
16	76	L
16	77	L
16	78	L
16	79	Lp
16	80	Lp
16	81	-1
16	82	Lp
16	83	Lp
16	84	Lp
16	85	Lp
16	86	Lp
16	87	Lp
16	88	L
16	89	Lp
16	90	Lp
16	91	L
16	92	L
16	93	L
16	94	L
16	95	L
16	96	-1
16	97	Lp
16	98	Lp
16	99	Lp
16	100	Lp
16	101	Lp
16	102	L
16	103	L
16	104	-1
16	105	Lp
16	106	L
16	107	Lp
16	108	U
16	109	Lp
16	110	Lp
16	111	Lp
16	112	Lp
16	113	-1
16	114	Lp
16	115	Lp
16	116	U
16	117	U
16	118	U
16	119	U
17	0	U
17	1	U
17	2	U
17	3	L
17	4	L
17	5	Lp
17	6	-1
17	7	U
17	8	L
17	9	L
17	10	L
17	11	L
17	12	L
17	13	L
17	14	L
17	15	L
17	16	Lp
17	17	Lp
17	18	Lp
17	19	Lp
17	20	Lp
17	21	Lp
17	22	Lp
17	23	Lp
17	24	Lp
17	25	Lp
17	26	L
17	27	L
17	28	L
17	29	-1
17	30	-1
17	31	Lp
17	32	-1
17	33	L
17	34	-1
17	35	L
17	36	L
17	37	L
17	38	-1
17	39	Lp
17	40	Lp
17	41	-1
17	42	L
17	43	Lp
17	44	Lp
17	45	Lp
17	46	-1
17	47	-1
17	48	Lp
17	49	Lp
17	50	Lp
17	51	-1
17	52	-1
17	53	Lp
17	54	Lp
17	55	Lp
17	56	Lp
17	57	U
17	58	-1
17	59	Lp
17	60	Lp
17	61	L
17	62	L
17	63	Lp
17	64	-1
17	65	-1
17	66	Lp
17	67	Lp
17	68	L
17	69	L
17	70	Lp
17	71	Lp
17	72	Lp
17	73	Lp
17	74	Lp
17	75	L
17	76	L
17	77	L
17	78	Lp
17	79	Lp
17	80	Lp
17	81	Lp
17	82	Lp
17	83	Lp
17	84	Lp
17	85	-1
17	86	-1
17	87	Lp
17	88	Lp
17	89	-1
17	90	Lp
17	91	Lp
17	92	L
17	93	L
17	94	-1
17	95	L
17	96	L
17	97	-1
17	98	Lp
17	99	-1
17	100	Lp
17	101	-1
17	102	L
17	103	L
17	104	Lp
17	105	Lp
17	106	Lp
17	107	-1
17	108	U
17	109	Lp
17	110	Lp
17	111	Lp
17	112	Lp
17	113	Lp
17	114	Lp
17	115	-1
17	116	Lp
17	117	Lp
17	118	L
17	119	U
18	0	L
18	1	L
18	2	L
18	3	L
18	4	Lp
18	5	-1
18	6	-1
18	7	L
18	8	L
18	9	-1
18	10	-1
18	11	L
18	12	Lp
18	13	L
18	14	L
18	15	Lp
18	16	L
18	17	Lp
18	18	Lp
18	19	Lp
18	20	Lp
18	21	Lp
18	22	-1
18	23	Lp
18	24	Lp
18	25	-1
18	26	L
18	27	-1
18	28	Lp
18	29	Lp
18	30	-1
18	31	-1
18	32	L
18	33	L
18	34	-1
18	35	Lp
18	36	L
18	37	-1
18	38	L
18	39	Lp
18	40	Lp
18	41	-1
18	42	-1
18	43	Lp
18	44	Lp
18	45	Lp
18	46	Lp
18	47	Lp
18	48	Lp
18	49	Lp
18	50	Lp
18	51	Lp
18	52	Lp
18	53	-1
18	54	Lp
18	55	Lp
18	56	-1
18	57	U
18	58	U
18	59	U
18	60	Lp
18	61	Lp
18	62	-1
18	63	L
18	64	L
18	65	Lp
18	66	Lp
18	67	Lp
18	68	L
18	69	L
18	70	Lp
18	71	-1
18	72	Lp
18	73	Lp
18	74	Lp
18	75	L
18	76	Lp
18	77	L
18	78	L
18	79	Lp
18	80	Lp
18	81	Lp
18	82	Lp
18	83	Lp
18	84	-1
18	85	-1
18	86	L
18	87	Lp
18	88	Lp
18	89	-1
18	90	Lp
18	91	Lp
18	92	Lp
18	93	L
18	94	Lp
18	95	Lp
18	96	-1
18	97	Lp
18	98	Lp
18	99	Lp
18	100	Lp
18	101	Lp
18	102	Lp
18	103	Lp
18	104	Lp
18	105	Lp
18	106	Lp
18	107	Lp
18	108	U
18	109	Lp
18	110	Lp
18	111	Lp
18	112	Lp
18	113	-1
18	114	Lp
18	115	-1
18	116	Lp
18	117	-1
18	118	Lp
18	119	L
19	0	L
19	1	L
19	2	-1
19	3	L
19	4	-1
19	5	-1
19	6	Lp
19	7	L
19	8	L
19	9	L
19	10	L
19	11	-1
19	12	Lp
19	13	L
19	14	L
19	15	L
19	16	Lp
19	17	Lp
19	18	Lp
19	19	Lp
19	20	Lp
19	21	Lp
19	22	Lp
19	23	Lp
19	24	Lp
19	25	Lp
19	26	-1
19	27	-1
19	28	Lp
19	29	Lp
19	30	-1
19	31	-1
19	32	L
19	33	L
19	34	U
19	35	Lp
19	36	Lp
19	37	-1
19	38	Lp
19	39	Lp
19	40	Lp
19	41	-1
19	42	-1
19	43	Lp
19	44	Lp
19	45	Lp
19	46	Lp
19	47	Lp
19	48	-1
19	49	Lp
19	50	-1
19	51	Lp
19	52	-1
19	53	Lp
19	54	Lp
19	55	Lp
19	56	Lp
19	57	-1
19	58	U
19	59	U
19	60	U
19	61	L
19	62	L
19	63	L
19	64	L
19	65	L
19	66	L
19	67	-1
19	68	-1
19	69	-1
19	70	Lp
19	71	Lp
19	72	Lp
19	73	Lp
19	74	-1
19	75	Lp
19	76	Lp
19	77	Lp
19	78	Lp
19	79	-1
19	80	Lp
19	81	Lp
19	82	Lp
19	83	Lp
19	84	Lp
19	85	L
19	86	Lp
19	87	L
19	88	Lp
19	89	Lp
19	90	-1
19	91	-1
19	92	Lp
19	93	Lp
19	94	Lp
19	95	Lp
19	96	-1
19	97	-1
19	98	Lp
19	99	Lp
19	100	Lp
19	101	Lp
19	102	Lp
19	103	Lp
19	104	Lp
19	105	Lp
19	106	Lp
19	107	Lp
19	108	Lp
19	109	Lp
19	110	Lp
19	111	Lp
19	112	Lp
19	113	Lp
19	114	Lp
19	115	-1
19	116	Lp
19	117	Lp
19	118	Lp
19	119	L
20	0	L
20	1	L
20	2	L
20	3	L
20	4	L
20	5	-1
20	6	L
20	7	-1
20	8	L
20	9	-1
20	10	Lp
20	11	Lp
20	12	-1
20	13	-1
20	14	L
20	15	L
20	16	Lp
20	17	Lp
20	18	Lp
20	19	-1
20	20	-1
20	21	L
20	22	-1
20	23	Lp
20	24	Lp
20	25	Lp
20	26	Lp
20	27	L
20	28	L
20	29	L
20	30	L
20	31	L
20	32	-1
20	33	L
20	34	L
20	35	Lp
20	36	Lp
20	37	Lp
20	38	Lp
20	39	Lp
20	40	Lp
20	41	-1
20	42	-1
20	43	-1
20	44	-1
20	45	-1
20	46	Lp
20	47	Lp
20	48	Lp
20	49	Lp
20	50	Lp
20	51	-1
20	52	Lp
20	53	-1
20	54	Lp
20	55	-1
20	56	Lp
20	57	Lp
20	58	-1
20	59	-1
20	60	U
20	61	U
20	62	L
20	63	-1
20	64	Lp
20	65	L
20	66	Lp
20	67	Lp
20	68	Lp
20	69	L
20	70	Lp
20	71	-1
20	72	Lp
20	73	Lp
20	74	Lp
20	75	Lp
20	76	-1
20	77	-1
20	78	Lp
20	79	Lp
20	80	Lp
20	81	U
20	82	Lp
20	83	Lp
20	84	Lp
20	85	Lp
20	86	Lp
20	87	L
20	88	U
20	89	Lp
20	90	-1
20	91	-1
20	92	-1
20	93	Lp
20	94	Lp
20	95	Lp
20	96	Lp
20	97	Lp
20	98	Lp
20	99	-1
20	100	Lp
20	101	Lp
20	102	-1
20	103	Lp
20	104	Lp
20	105	Lp
20	106	Lp
20	107	Lp
20	108	Lp
20	109	-1
20	110	Lp
20	111	Lp
20	112	-1
20	113	Lp
20	114	Lp
20	115	Lp
20	116	-1
20	117	Lp
20	118	Lp
20	119	L
21	0	L
21	1	L
21	2	L
21	3	Lp
21	4	L
21	5	L
21	6	-1
21	7	-1
21	8	L
21	9	U
21	10	U
21	11	-1
21	12	Lp
21	13	L
21	14	-1
21	15	Lp
21	16	Lp
21	17	L
21	18	Lp
21	19	Lp
21	20	L
21	21	L
21	22	L
21	23	L
21	24	-1
21	25	L
21	26	L
21	27	Lp
21	28	L
21	29	L
21	30	L
21	31	L
21	32	L
21	33	L
21	34	L
21	35	L
21	36	-1
21	37	-1
21	38	-1
21	39	Lp
21	40	Lp
21	41	Lp
21	42	Lp
21	43	Lp
21	44	Lp
21	45	Lp
21	46	Lp
21	47	-1
21	48	Lp
21	49	Lp
21	50	Lp
21	51	Lp
21	52	Lp
21	53	Lp
21	54	-1
21	55	Lp
21	56	-1
21	57	Lp
21	58	Lp
21	59	Lp
21	60	Lp
21	61	L
21	62	L
21	63	L
21	64	-1
21	65	L
21	66	L
21	67	Lp
21	68	Lp
21	69	Lp
21	70	Lp
21	71	Lp
21	72	Lp
21	73	Lp
21	74	-1
21	75	-1
21	76	Lp
21	77	Lp
21	78	U
21	79	-1
21	80	-1
21	81	U
21	82	U
21	83	Lp
21	84	-1
21	85	L
21	86	L
21	87	L
21	88	-1
21	89	Lp
21	90	-1
21	91	L
21	92	Lp
21	93	Lp
21	94	-1
21	95	Lp
21	96	Lp
21	97	-1
21	98	Lp
21	99	Lp
21	100	Lp
21	101	Lp
21	102	U
21	103	-1
21	104	-1
21	105	Lp
21	106	Lp
21	107	Lp
21	108	-1
21	109	-1
21	110	-1
21	111	Lp
21	112	Lp
21	113	-1
21	114	-1
21	115	-1
21	116	U
21	117	-1
21	118	-1
21	119	L
22	0	L
22	1	L
22	2	L
22	3	Lp
22	4	-1
22	5	L
22	6	L
22	7	-1
22	8	Lp
22	9	U
22	10	U
22	11	U
22	12	-1
22	13	L
22	14	-1
22	15	-1
22	16	Lp
22	17	Lp
22	18	Lp
22	19	Lp
22	20	L
22	21	L
22	22	L
22	23	L
22	24	Lp
22	25	L
22	26	Lp
22	27	L
22	28	L
22	29	L
22	30	L
22	31	L
22	32	L
22	33	L
22	34	-1
22	35	U
22	36	L
22	37	L
22	38	Lp
22	39	Lp
22	40	Lp
22	41	Lp
22	42	Lp
22	43	Lp
22	44	Lp
22	45	-1
22	46	-1
22	47	-1
22	48	Lp
22	49	Lp
22	50	-1
22	51	Lp
22	52	-1
22	53	Lp
22	54	Lp
22	55	Lp
22	56	-1
22	57	Lp
22	58	-1
22	59	Lp
22	60	Lp
22	61	Lp
22	62	-1
22	63	-1
22	64	L
22	65	-1
22	66	L
22	67	Lp
22	68	Lp
22	69	L
22	70	Lp
22	71	Lp
22	72	Lp
22	73	-1
22	74	-1
22	75	Lp
22	76	L
22	77	U
22	78	-1
22	79	U
22	80	U
22	81	U
22	82	U
22	83	-1
22	84	-1
22	85	-1
22	86	L
22	87	-1
22	88	-1
22	89	Lp
22	90	Lp
22	91	L
22	92	L
22	93	Lp
22	94	Lp
22	95	Lp
22	96	Lp
22	97	Lp
22	98	Lp
22	99	Lp
22	100	Lp
22	101	Lp
22	102	Lp
22	103	Lp
22	104	Lp
22	105	Lp
22	106	Lp
22	107	Lp
22	108	-1
22	109	-1
22	110	Lp
22	111	Lp
22	112	Lp
22	113	Lp
22	114	Lp
22	115	L
22	116	Lp
22	117	-1
22	118	U
22	119	Lp
23	0	-1
23	1	Lp
23	2	Lp
23	3	-1
23	4	Lp
23	5	Lp
23	6	Lp
23	7	Lp
23	8	L
23	9	U
23	10	U
23	11	-1
23	12	-1
23	13	-1
23	14	L
23	15	Lp
23	16	Lp
23	17	Lp
23	18	Lp
23	19	Lp
23	20	L
23	21	L
23	22	-1
23	23	Lp
23	24	Lp
23	25	-1
23	26	L
23	27	L
23	28	L
23	29	L
23	30	L
23	31	L
23	32	L
23	33	L
23	34	L
23	35	U
23	36	L
23	37	-1
23	38	Lp
23	39	-1
23	40	Lp
23	41	Lp
23	42	Lp
23	43	Lp
23	44	Lp
23	45	Lp
23	46	-1
23	47	Lp
23	48	L
23	49	Lp
23	50	-1
23	51	-1
23	52	Lp
23	53	Lp
23	54	Lp
23	55	Lp
23	56	Lp
23	57	Lp
23	58	Lp
23	59	Lp
23	60	Lp
23	61	Lp
23	62	-1
23	63	L
23	64	L
23	65	-1
23	66	L
23	67	-1
23	68	Lp
23	69	-1
23	70	Lp
23	71	-1
23	72	Lp
23	73	Lp
23	74	-1
23	75	L
23	76	L
23	77	L
23	78	-1
23	79	Lp
23	80	L
23	81	L
23	82	L
23	83	L
23	84	-1
23	85	L
23	86	L
23	87	L
23	88	-1
23	89	-1
23	90	-1
23	91	L
23	92	Lp
23	93	Lp
23	94	L
23	95	Lp
23	96	Lp
23	97	Lp
23	98	Lp
23	99	Lp
23	100	-1
23	101	-1
23	102	Lp
23	103	Lp
23	104	Lp
23	105	Lp
23	106	-1
23	107	Lp
23	108	Lp
23	109	Lp
23	110	Lp
23	111	Lp
23	112	-1
23	113	-1
23	114	U
23	115	Lp
23	116	L
23	117	U
23	118	L
23	119	L
24	0	Lp
24	1	Lp
24	2	Lp
24	3	Lp
24	4	-1
24	5	Lp
24	6	Lp
24	7	Lp
24	8	L
24	9	Lp
24	10	-1
24	11	Lp
24	12	Lp
24	13	-1
24	14	-1
24	15	-1
24	16	Lp
24	17	L
24	18	Lp
24	19	L
24	20	L
24	21	L
24	22	-1
24	23	L
24	24	-1
24	25	-1
24	26	L
24	27	-1
24	28	L
24	29	L
24	30	Lp
24	31	L
24	32	-1
24	33	-1
24	34	L
24	35	Lp
24	36	Lp
24	37	Lp
24	38	Lp
24	39	Lp
24	40	Lp
24	41	Lp
24	42	L
24	43	L
24	44	Lp
24	45	Lp
24	46	L
24	47	Lp
24	48	Lp
24	49	-1
24	50	-1
24	51	L
24	52	L
24	53	-1
24	54	Lp
24	55	Lp
24	56	Lp
24	57	Lp
24	58	Lp
24	59	-1
24	60	-1
24	61	Lp
24	62	-1
24	63	Lp
24	64	Lp
24	65	L
24	66	Lp
24	67	Lp
24	68	Lp
24	69	Lp
24	70	Lp
24	71	Lp
24	72	Lp
24	73	Lp
24	74	L
24	75	Lp
24	76	L
24	77	-1
24	78	Lp
24	79	Lp
24	80	L
24	81	L
24	82	L
24	83	L
24	84	L
24	85	L
24	86	L
24	87	L
24	88	-1
24	89	L
24	90	L
24	91	L
24	92	U
24	93	L
24	94	L
24	95	-1
24	96	Lp
24	97	-1
24	98	Lp
24	99	Lp
24	100	Lp
24	101	-1
24	102	Lp
24	103	Lp
24	104	-1
24	105	Lp
24	106	Lp
24	107	Lp
24	108	Lp
24	109	Lp
24	110	Lp
24	111	Lp
24	112	Lp
24	113	-1
24	114	Lp
24	115	-1
24	116	L
24	117	-1
24	118	Lp
24	119	Lp
25	0	-1
25	1	Lp
25	2	Lp
25	3	Lp
25	4	Lp
25	5	-1
25	6	U
25	7	-1
25	8	L
25	9	L
25	10	Lp
25	11	Lp
25	12	U
25	13	Lp
25	14	L
25	15	Lp
25	16	L
25	17	L
25	18	-1
25	19	L
25	20	L
25	21	L
25	22	-1
25	23	L
25	24	-1
25	25	L
25	26	L
25	27	L
25	28	-1
25	29	-1
25	30	-1
25	31	Lp
25	32	L
25	33	Lp
25	34	L
25	35	L
25	36	L
25	37	L
25	38	L
25	39	L
25	40	L
25	41	L
25	42	L
25	43	L
25	44	Lp
25	45	Lp
25	46	-1
25	47	Lp
25	48	L
25	49	L
25	50	L
25	51	L
25	52	Lp
25	53	Lp
25	54	Lp
25	55	Lp
25	56	Lp
25	57	Lp
25	58	Lp
25	59	Lp
25	60	Lp
25	61	Lp
25	62	-1
25	63	Lp
25	64	Lp
25	65	-1
25	66	Lp
25	67	Lp
25	68	Lp
25	69	Lp
25	70	Lp
25	71	Lp
25	72	Lp
25	73	Lp
25	74	Lp
25	75	-1
25	76	Lp
25	77	L
25	78	Lp
25	79	Lp
25	80	L
25	81	L
25	82	-1
25	83	L
25	84	L
25	85	L
25	86	L
25	87	L
25	88	L
25	89	L
25	90	L
25	91	L
25	92	-1
25	93	Lp
25	94	-1
25	95	Lp
25	96	Lp
25	97	Lp
25	98	Lp
25	99	Lp
25	100	-1
25	101	-1
25	102	Lp
25	103	Lp
25	104	Lp
25	105	Lp
25	106	Lp
25	107	-1
25	108	-1
25	109	-1
25	110	Lp
25	111	Lp
25	112	Lp
25	113	Lp
25	114	Lp
25	115	L
25	116	L
25	117	L
25	118	Lp
25	119	-1
26	0	Lp
26	1	Lp
26	2	Lp
26	3	Lp
26	4	Lp
26	5	Lp
26	6	-1
26	7	L
26	8	L
26	9	Lp
26	10	U
26	11	Lp
26	12	-1
26	13	U
26	14	L
26	15	L
26	16	Lp
26	17	L
26	18	-1
26	19	L
26	20	L
26	21	L
26	22	L
26	23	L
26	24	L
26	25	L
26	26	L
26	27	L
26	28	L
26	29	L
26	30	L
26	31	-1
26	32	Lp
26	33	Lp
26	34	L
26	35	-1
26	36	L
26	37	L
26	38	L
26	39	L
26	40	L
26	41	L
26	42	-1
26	43	L
26	44	Lp
26	45	-1
26	46	Lp
26	47	L
26	48	L
26	49	L
26	50	L
26	51	L
26	52	-1
26	53	-1
26	54	Lp
26	55	Lp
26	56	-1
26	57	Lp
26	58	Lp
26	59	Lp
26	60	Lp
26	61	-1
26	62	Lp
26	63	Lp
26	64	Lp
26	65	Lp
26	66	-1
26	67	-1
26	68	L
26	69	Lp
26	70	Lp
26	71	-1
26	72	Lp
26	73	Lp
26	74	Lp
26	75	Lp
26	76	-1
26	77	L
26	78	L
26	79	L
26	80	Lp
26	81	L
26	82	L
26	83	-1
26	84	L
26	85	L
26	86	L
26	87	L
26	88	-1
26	89	L
26	90	L
26	91	-1
26	92	L
26	93	U
26	94	L
26	95	Lp
26	96	Lp
26	97	Lp
26	98	Lp
26	99	Lp
26	100	-1
26	101	Lp
26	102	Lp
26	103	Lp
26	104	Lp
26	105	Lp
26	106	Lp
26	107	Lp
26	108	Lp
26	109	Lp
26	110	Lp
26	111	U
26	112	Lp
26	113	Lp
26	114	L
26	115	L
26	116	L
26	117	-1
26	118	-1
26	119	Lp
27	0	Lp
27	1	Lp
27	2	-1
27	3	Lp
27	4	Lp
27	5	Lp
27	6	Lp
27	7	Lp
27	8	U
27	9	-1
27	10	-1
27	11	Lp
27	12	-1
27	13	U
27	14	Lp
27	15	L
27	16	L
27	17	L
27	18	L
27	19	L
27	20	-1
27	21	L
27	22	L
27	23	-1
27	24	L
27	25	L
27	26	L
27	27	L
27	28	L
27	29	L
27	30	L
27	31	-1
27	32	L
27	33	-1
27	34	L
27	35	Lp
27	36	Lp
27	37	L
27	38	L
27	39	L
27	40	L
27	41	L
27	42	L
27	43	Lp
27	44	L
27	45	Lp
27	46	L
27	47	L
27	48	L
27	49	L
27	50	-1
27	51	Lp
27	52	-1
27	53	Lp
27	54	U
27	55	Lp
27	56	Lp
27	57	Lp
27	58	Lp
27	59	Lp
27	60	Lp
27	61	Lp
27	62	Lp
27	63	Lp
27	64	Lp
27	65	Lp
27	66	-1
27	67	Lp
27	68	Lp
27	69	-1
27	70	Lp
27	71	Lp
27	72	Lp
27	73	Lp
27	74	Lp
27	75	Lp
27	76	Lp
27	77	L
27	78	-1
27	79	L
27	80	L
27	81	L
27	82	-1
27	83	-1
27	84	L
27	85	L
27	86	L
27	87	-1
27	88	L
27	89	-1
27	90	L
27	91	L
27	92	-1
27	93	L
27	94	L
27	95	L
27	96	L
27	97	Lp
27	98	Lp
27	99	Lp
27	100	Lp
27	101	Lp
27	102	Lp
27	103	Lp
27	104	-1
27	105	Lp
27	106	Lp
27	107	Lp
27	108	Lp
27	109	Lp
27	110	Lp
27	111	Lp
27	112	Lp
27	113	-1
27	114	Lp
27	115	L
27	116	L
27	117	L
27	118	-1
27	119	Lp
28	0	Lp
28	1	-1
28	2	Lp
28	3	Lp
28	4	Lp
28	5	Lp
28	6	Lp
28	7	Lp
28	8	Lp
28	9	Lp
28	10	Lp
28	11	Lp
28	12	Lp
28	13	Lp
28	14	-1
28	15	L
28	16	L
28	17	L
28	18	L
28	19	-1
28	20	L
28	21	L
28	22	-1
28	23	-1
28	24	-1
28	25	L
28	26	L
28	27	L
28	28	L
28	29	L
28	30	L
28	31	L
28	32	L
28	33	L
28	34	-1
28	35	L
28	36	Lp
28	37	Lp
28	38	L
28	39	Lp
28	40	Lp
28	41	-1
28	42	L
28	43	L
28	44	L
28	45	L
28	46	L
28	47	L
28	48	L
28	49	-1
28	50	-1
28	51	Lp
28	52	Lp
28	53	Lp
28	54	Lp
28	55	Lp
28	56	-1
28	57	Lp
28	58	Lp
28	59	U
28	60	Lp
28	61	-1
28	62	Lp
28	63	Lp
28	64	Lp
28	65	Lp
28	66	Lp
28	67	Lp
28	68	-1
28	69	Lp
28	70	Lp
28	71	Lp
28	72	Lp
28	73	Lp
28	74	Lp
28	75	Lp
28	76	Lp
28	77	Lp
28	78	L
28	79	-1
28	80	-1
28	81	L
28	82	L
28	83	L
28	84	L
28	85	L
28	86	-1
28	87	L
28	88	L
28	89	L
28	90	L
28	91	Lp
28	92	L
28	93	L
28	94	L
28	95	Lp
28	96	-1
28	97	-1
28	98	U
28	99	-1
28	100	Lp
28	101	L
28	102	-1
28	103	Lp
28	104	Lp
28	105	Lp
28	106	Lp
28	107	Lp
28	108	-1
28	109	-1
28	110	Lp
28	111	Lp
28	112	Lp
28	113	Lp
28	114	L
28	115	Lp
28	116	-1
28	117	Lp
28	118	Lp
28	119	Lp
29	0	-1
29	1	Lp
29	2	Lp
29	3	Lp
29	4	Lp
29	5	Lp
29	6	Lp
29	7	Lp
29	8	Lp
29	9	Lp
29	10	-1
29	11	Lp
29	12	-1
29	13	-1
29	14	-1
29	15	L
29	16	L
29	17	L
29	18	L
29	19	L
29	20	L
29	21	L
29	22	-1
29	23	L
29	24	L
29	25	L
29	26	L
29	27	-1
29	28	L
29	29	L
29	30	L
29	31	L
29	32	L
29	33	-1
29	34	-1
29	35	L
29	36	Lp
29	37	L
29	38	Lp
29	39	Lp
29	40	L
29	41	L
29	42	L
29	43	L
29	44	-1
29	45	L
29	46	-1
29	47	-1
29	48	-1
29	49	L
29	50	-1
29	51	L
29	52	Lp
29	53	-1
29	54	-1
29	55	Lp
29	56	Lp
29	57	Lp
29	58	Lp
29	59	Lp
29	60	Lp
29	61	-1
29	62	-1
29	63	Lp
29	64	Lp
29	65	Lp
29	66	Lp
29	67	Lp
29	68	Lp
29	69	Lp
29	70	-1
29	71	Lp
29	72	Lp
29	73	L
29	74	Lp
29	75	Lp
29	76	Lp
29	77	-1
29	78	Lp
29	79	L
29	80	L
29	81	L
29	82	L
29	83	L
29	84	Lp
29	85	L
29	86	L
29	87	L
29	88	L
29	89	L
29	90	L
29	91	L
29	92	-1
29	93	L
29	94	-1
29	95	Lp
29	96	Lp
29	97	Lp
29	98	-1
29	99	-1
29	100	-1
29	101	Lp
29	102	L
29	103	Lp
29	104	Lp
29	105	Lp
29	106	Lp
29	107	Lp
29	108	Lp
29	109	Lp
29	110	-1
29	111	Lp
29	112	Lp
29	113	Lp
29	114	-1
29	115	Lp
29	116	-1
29	117	Lp
29	118	Lp
29	119	Lp
30	0	Lp
30	1	Lp
30	2	Lp
30	3	Lp
30	4	Lp
30	5	Lp
30	6	Lp
30	7	Lp
30	8	Lp
30	9	Lp
30	10	-1
30	11	Lp
30	12	Lp
30	13	Lp
30	14	-1
30	15	U
30	16	L
30	17	L
30	18	L
30	19	L
30	20	-1
30	21	-1
30	22	L
30	23	-1
30	24	L
30	25	L
30	26	-1
30	27	-1
30	28	L
30	29	L
30	30	U
30	31	-1
30	32	-1
30	33	-1
30	34	L
30	35	L
30	36	L
30	37	Lp
30	38	Lp
30	39	Lp
30	40	L
30	41	-1
30	42	L
30	43	-1
30	44	-1
30	45	L
30	46	Lp
30	47	L
30	48	L
30	49	L
30	50	L
30	51	L
30	52	L
30	53	Lp
30	54	Lp
30	55	Lp
30	56	Lp
30	57	Lp
30	58	Lp
30	59	-1
30	60	L
30	61	L
30	62	L
30	63	-1
30	64	Lp
30	65	Lp
30	66	-1
30	67	Lp
30	68	Lp
30	69	-1
30	70	Lp
30	71	Lp
30	72	Lp
30	73	-1
30	74	L
30	75	Lp
30	76	-1
30	77	Lp
30	78	Lp
30	79	Lp
30	80	-1
30	81	L
30	82	Lp
30	83	-1
30	84	Lp
30	85	Lp
30	86	-1
30	87	L
30	88	L
30	89	-1
30	90	L
30	91	L
30	92	L
30	93	Lp
30	94	Lp
30	95	Lp
30	96	Lp
30	97	-1
30	98	Lp
30	99	-1
30	100	Lp
30	101	U
30	102	L
30	103	-1
30	104	Lp
30	105	Lp
30	106	-1
30	107	Lp
30	108	Lp
30	109	Lp
30	110	Lp
30	111	Lp
30	112	-1
30	113	Lp
30	114	Lp
30	115	L
30	116	L
30	117	-1
30	118	L
30	119	-1
31	0	Lp
31	1	Lp
31	2	Lp
31	3	Lp
31	4	Lp
31	5	Lp
31	6	-1
31	7	Lp
31	8	-1
31	9	Lp
31	10	Lp
31	11	Lp
31	12	L
31	13	L
31	14	L
31	15	L
31	16	U
31	17	L
31	18	L
31	19	-1
31	20	-1
31	21	L
31	22	L
31	23	L
31	24	L
31	25	-1
31	26	L
31	27	L
31	28	L
31	29	L
31	30	L
31	31	L
31	32	U
31	33	L
31	34	L
31	35	Lp
31	36	Lp
31	37	-1
31	38	Lp
31	39	L
31	40	-1
31	41	L
31	42	L
31	43	L
31	44	Lp
31	45	-1
31	46	L
31	47	L
31	48	L
31	49	L
31	50	L
31	51	L
31	52	L
31	53	Lp
31	54	-1
31	55	Lp
31	56	Lp
31	57	Lp
31	58	Lp
31	59	Lp
31	60	Lp
31	61	L
31	62	Lp
31	63	-1
31	64	Lp
31	65	L
31	66	-1
31	67	Lp
31	68	Lp
31	69	Lp
31	70	Lp
31	71	Lp
31	72	Lp
31	73	Lp
31	74	U
31	75	L
31	76	Lp
31	77	-1
31	78	-1
31	79	-1
31	80	Lp
31	81	Lp
31	82	Lp
31	83	Lp
31	84	Lp
31	85	L
31	86	L
31	87	L
31	88	L
31	89	L
31	90	L
31	91	-1
31	92	L
31	93	-1
31	94	-1
31	95	Lp
31	96	-1
31	97	-1
31	98	Lp
31	99	Lp
31	100	-1
31	101	U
31	102	Lp
31	103	Lp
31	104	Lp
31	105	Lp
31	106	Lp
31	107	Lp
31	108	Lp
31	109	Lp
31	110	Lp
31	111	Lp
31	112	L
31	113	L
31	114	L
31	115	-1
31	116	L
31	117	L
31	118	L
31	119	-1
32	0	L
32	1	Lp
32	2	Lp
32	3	Lp
32	4	Lp
32	5	Lp
32	6	Lp
32	7	-1
32	8	U
32	9	Lp
32	10	Lp
32	11	L
32	12	L
32	13	-1
32	14	L
32	15	L
32	16	L
32	17	L
32	18	-1
32	19	L
32	20	L
32	21	L
32	22	L
32	23	L
32	24	L
32	25	L
32	26	L
32	27	L
32	28	L
32	29	L
32	30	L
32	31	U
32	32	U
32	33	L
32	34	L
32	35	L
32	36	Lp
32	37	Lp
32	38	L
32	39	L
32	40	-1
32	41	U
32	42	L
32	43	L
32	44	L
32	45	Lp
32	46	-1
32	47	L
32	48	L
32	49	L
32	50	L
32	51	L
32	52	L
32	53	-1
32	54	Lp
32	55	Lp
32	56	-1
32	57	Lp
32	58	Lp
32	59	Lp
32	60	Lp
32	61	L
32	62	-1
32	63	Lp
32	64	-1
32	65	L
32	66	L
32	67	Lp
32	68	-1
32	69	Lp
32	70	L
32	71	Lp
32	72	Lp
32	73	-1
32	74	Lp
32	75	L
32	76	L
32	77	Lp
32	78	Lp
32	79	Lp
32	80	Lp
32	81	Lp
32	82	-1
32	83	Lp
32	84	-1
32	85	L
32	86	L
32	87	L
32	88	L
32	89	L
32	90	L
32	91	-1
32	92	-1
32	93	-1
32	94	Lp
32	95	Lp
32	96	Lp
32	97	Lp
32	98	L
32	99	-1
32	100	U
32	101	Lp
32	102	Lp
32	103	Lp
32	104	-1
32	105	Lp
32	106	-1
32	107	Lp
32	108	Lp
32	109	Lp
32	110	Lp
32	111	Lp
32	112	Lp
32	113	L
32	114	L
32	115	-1
32	116	L
32	117	L
32	118	L
32	119	L
33	0	L
33	1	L
33	2	L
33	3	Lp
33	4	-1
33	5	Lp
33	6	Lp
33	7	U
33	8	Lp
33	9	Lp
33	10	Lp
33	11	Lp
33	12	Lp
33	13	L
33	14	-1
33	15	-1
33	16	L
33	17	L
33	18	L
33	19	L
33	20	L
33	21	L
33	22	-1
33	23	L
33	24	-1
33	25	L
33	26	L
33	27	L
33	28	-1
33	29	L
33	30	U
33	31	L
33	32	L
33	33	L
33	34	L
33	35	L
33	36	L
33	37	-1
33	38	-1
33	39	-1
33	40	U
33	41	U
33	42	Lp
33	43	L
33	44	-1
33	45	-1
33	46	L
33	47	L
33	48	L
33	49	L
33	50	L
33	51	L
33	52	L
33	53	L
33	54	-1
33	55	-1
33	56	Lp
33	57	Lp
33	58	Lp
33	59	Lp
33	60	Lp
33	61	-1
33	62	Lp
33	63	Lp
33	64	Lp
33	65	Lp
33	66	Lp
33	67	Lp
33	68	Lp
33	69	Lp
33	70	L
33	71	L
33	72	-1
33	73	L
33	74	Lp
33	75	Lp
33	76	-1
33	77	Lp
33	78	Lp
33	79	Lp
33	80	Lp
33	81	-1
33	82	L
33	83	Lp
33	84	L
33	85	-1
33	86	Lp
33	87	-1
33	88	Lp
33	89	L
33	90	L
33	91	Lp
33	92	Lp
33	93	-1
33	94	L
33	95	Lp
33	96	Lp
33	97	L
33	98	L
33	99	L
33	100	Lp
33	101	-1
33	102	-1
33	103	Lp
33	104	Lp
33	105	Lp
33	106	-1
33	107	Lp
33	108	Lp
33	109	Lp
33	110	Lp
33	111	L
33	112	Lp
33	113	Lp
33	114	L
33	115	L
33	116	L
33	117	L
33	118	L
33	119	L
34	0	L
34	1	L
34	2	L
34	3	Lp
34	4	Lp
34	5	Lp
34	6	U
34	7	Lp
34	8	-1
34	9	-1
34	10	Lp
34	11	L
34	12	L
34	13	L
34	14	L
34	15	L
34	16	L
34	17	L
34	18	-1
34	19	L
34	20	-1
34	21	L
34	22	-1
34	23	L
34	24	L
34	25	-1
34	26	L
34	27	L
34	28	L
34	29	L
34	30	L
34	31	L
34	32	L
34	33	-1
34	34	-1
34	35	L
34	36	Lp
34	37	L
34	38	L
34	39	-1
34	40	U
34	41	U
34	42	U
34	43	U
34	44	U
34	45	L
34	46	L
34	47	Lp
34	48	L
34	49	-1
34	50	-1
34	51	Lp
34	52	Lp
34	53	L
34	54	Lp
34	55	Lp
34	56	Lp
34	57	Lp
34	58	Lp
34	59	Lp
34	60	Lp
34	61	Lp
34	62	Lp
34	63	Lp
34	64	Lp
34	65	Lp
34	66	Lp
34	67	Lp
34	68	Lp
34	69	Lp
34	70	L
34	71	L
34	72	-1
34	73	L
34	74	L
34	75	Lp
34	76	L
34	77	Lp
34	78	Lp
34	79	Lp
34	80	-1
34	81	-1
34	82	Lp
34	83	Lp
34	84	Lp
34	85	Lp
34	86	Lp
34	87	Lp
34	88	Lp
34	89	Lp
34	90	Lp
34	91	Lp
34	92	L
34	93	Lp
34	94	-1
34	95	-1
34	96	L
34	97	L
34	98	L
34	99	L
34	100	-1
34	101	Lp
34	102	Lp
34	103	Lp
34	104	-1
34	105	Lp
34	106	Lp
34	107	-1
34	108	Lp
34	109	Lp
34	110	Lp
34	111	L
34	112	Lp
34	113	L
34	114	-1
34	115	Lp
34	116	L
34	117	L
34	118	-1
34	119	L
35	0	L
35	1	L
35	2	L
35	3	Lp
35	4	Lp
35	5	Lp
35	6	Lp
35	7	Lp
35	8	Lp
35	9	Lp
35	10	L
35	11	-1
35	12	L
35	13	-1
35	14	L
35	15	-1
35	16	L
35	17	-1
35	18	L
35	19	L
35	20	L
35	21	-1
35	22	L
35	23	L
35	24	L
35	25	L
35	26	L
35	27	L
35	28	L
35	29	-1
35	30	L
35	31	L
35	32	L
35	33	-1
35	34	L
35	35	-1
35	36	Lp
35	37	Lp
35	38	-1
35	39	-1
35	40	Lp
35	41	Lp
35	42	Lp
35	43	U
35	44	L
35	45	-1
35	46	-1
35	47	Lp
35	48	L
35	49	Lp
35	50	L
35	51	Lp
35	52	-1
35	53	Lp
35	54	L
35	55	Lp
35	56	Lp
35	57	Lp
35	58	Lp
35	59	Lp
35	60	U
35	61	L
35	62	Lp
35	63	Lp
35	64	Lp
35	65	-1
35	66	Lp
35	67	Lp
35	68	Lp
35	69	Lp
35	70	Lp
35	71	Lp
35	72	L
35	73	L
35	74	L
35	75	-1
35	76	Lp
35	77	Lp
35	78	Lp
35	79	Lp
35	80	-1
35	81	Lp
35	82	Lp
35	83	Lp
35	84	Lp
35	85	-1
35	86	-1
35	87	Lp
35	88	-1
35	89	-1
35	90	Lp
35	91	Lp
35	92	Lp
35	93	-1
35	94	-1
35	95	-1
35	96	L
35	97	L
35	98	L
35	99	L
35	100	Lp
35	101	Lp
35	102	Lp
35	103	L
35	104	Lp
35	105	Lp
35	106	-1
35	107	U
35	108	-1
35	109	Lp
35	110	Lp
35	111	Lp
35	112	Lp
35	113	L
35	114	L
35	115	L
35	116	-1
35	117	Lp
35	118	Lp
35	119	-1
36	0	U
36	1	L
36	2	L
36	3	L
36	4	L
36	5	Lp
36	6	Lp
36	7	Lp
36	8	Lp
36	9	L
36	10	Lp
36	11	L
36	12	-1
36	13	U
36	14	L
36	15	L
36	16	L
36	17	L
36	18	L
36	19	L
36	20	U
36	21	U
36	22	L
36	23	L
36	24	-1
36	25	L
36	26	L
36	27	L
36	28	L
36	29	-1
36	30	L
36	31	L
36	32	L
36	33	Lp
36	34	-1
36	35	Lp
36	36	Lp
36	37	-1
36	38	-1
36	39	U
36	40	Lp
36	41	Lp
36	42	Lp
36	43	Lp
36	44	-1
36	45	L
36	46	L
36	47	Lp
36	48	Lp
36	49	-1
36	50	L
36	51	-1
36	52	Lp
36	53	L
36	54	Lp
36	55	Lp
36	56	-1
36	57	Lp
36	58	Lp
36	59	Lp
36	60	L
36	61	U
36	62	Lp
36	63	-1
36	64	Lp
36	65	Lp
36	66	Lp
36	67	Lp
36	68	-1
36	69	-1
36	70	Lp
36	71	Lp
36	72	L
36	73	Lp
36	74	Lp
36	75	-1
36	76	Lp
36	77	-1
36	78	Lp
36	79	-1
36	80	Lp
36	81	Lp
36	82	Lp
36	83	Lp
36	84	Lp
36	85	Lp
36	86	L
36	87	L
36	88	L
36	89	L
36	90	L
36	91	Lp
36	92	Lp
36	93	Lp
36	94	-1
36	95	L
36	96	L
36	97	L
36	98	L
36	99	L
36	100	-1
36	101	Lp
36	102	-1
36	103	L
36	104	-1
36	105	-1
36	106	Lp
36	107	Lp
36	108	-1
36	109	L
36	110	L
36	111	-1
36	112	L
36	113	Lp
36	114	L
36	115	L
36	116	Lp
36	117	-1
36	118	Lp
36	119	Lp
37	0	U
37	1	-1
37	2	L
37	3	L
37	4	L
37	5	Lp
37	6	Lp
37	7	L
37	8	Lp
37	9	Lp
37	10	-1
37	11	Lp
37	12	Lp
37	13	Lp
37	14	U
37	15	L
37	16	Lp
37	17	Lp
37	18	Lp
37	19	Lp
37	20	L
37	21	Lp
37	22	L
37	23	L
37	24	L
37	25	L
37	26	L
37	27	L
37	28	L
37	29	L
37	30	-1
37	31	L
37	32	-1
37	33	Lp
37	34	L
37	35	L
37	36	L
37	37	Lp
37	38	U
37	39	-1
37	40	Lp
37	41	Lp
37	42	L
37	43	Lp
37	44	Lp
37	45	L
37	46	Lp
37	47	Lp
37	48	Lp
37	49	Lp
37	50	-1
37	51	Lp
37	52	L
37	53	Lp
37	54	Lp
37	55	Lp
37	56	Lp
37	57	Lp
37	58	-1
37	59	Lp
37	60	Lp
37	61	Lp
37	62	Lp
37	63	Lp
37	64	Lp
37	65	Lp
37	66	Lp
37	67	Lp
37	68	Lp
37	69	U
37	70	Lp
37	71	L
37	72	Lp
37	73	Lp
37	74	Lp
37	75	Lp
37	76	Lp
37	77	Lp
37	78	-1
37	79	Lp
37	80	Lp
37	81	Lp
37	82	-1
37	83	Lp
37	84	Lp
37	85	-1
37	86	L
37	87	L
37	88	Lp
37	89	Lp
37	90	-1
37	91	Lp
37	92	Lp
37	93	L
37	94	Lp
37	95	L
37	96	L
37	97	L
37	98	L
37	99	L
37	100	L
37	101	L
37	102	L
37	103	-1
37	104	L
37	105	L
37	106	L
37	107	L
37	108	-1
37	109	-1
37	110	L
37	111	-1
37	112	-1
37	113	Lp
37	114	Lp
37	115	Lp
37	116	Lp
37	117	L
37	118	L
37	119	U
38	0	L
38	1	L
38	2	L
38	3	L
38	4	Lp
38	5	L
38	6	-1
38	7	Lp
38	8	L
38	9	-1
38	10	L
38	11	-1
38	12	Lp
38	13	-1
38	14	L
38	15	Lp
38	16	L
38	17	-1
38	18	Lp
38	19	Lp
38	20	-1
38	21	Lp
38	22	L
38	23	L
38	24	-1
38	25	L
38	26	L
38	27	L
38	28	L
38	29	L
38	30	L
38	31	L
38	32	-1
38	33	L
38	34	Lp
38	35	L
38	36	L
38	37	-1
38	38	Lp
38	39	Lp
38	40	L
38	41	-1
38	42	-1
38	43	Lp
38	44	Lp
38	45	Lp
38	46	Lp
38	47	Lp
38	48	Lp
38	49	Lp
38	50	Lp
38	51	L
38	52	-1
38	53	Lp
38	54	Lp
38	55	Lp
38	56	Lp
38	57	Lp
38	58	Lp
38	59	Lp
38	60	-1
38	61	Lp
38	62	Lp
38	63	L
38	64	Lp
38	65	Lp
38	66	Lp
38	67	-1
38	68	U
38	69	Lp
38	70	Lp
38	71	Lp
38	72	Lp
38	73	L
38	74	L
38	75	Lp
38	76	Lp
38	77	Lp
38	78	Lp
38	79	Lp
38	80	Lp
38	81	Lp
38	82	-1
38	83	Lp
38	84	Lp
38	85	Lp
38	86	L
38	87	L
38	88	-1
38	89	-1
38	90	Lp
38	91	-1
38	92	-1
38	93	-1
38	94	L
38	95	-1
38	96	Lp
38	97	L
38	98	L
38	99	Lp
38	100	L
38	101	L
38	102	L
38	103	L
38	104	L
38	105	L
38	106	L
38	107	L
38	108	L
38	109	L
38	110	L
38	111	L
38	112	Lp
38	113	-1
38	114	-1
38	115	Lp
38	116	L
38	117	Lp
38	118	L
38	119	U
39	0	-1
39	1	U
39	2	L
39	3	L
39	4	L
39	5	Lp
39	6	L
39	7	L
39	8	L
39	9	L
39	10	-1
39	11	Lp
39	12	Lp
39	13	-1
39	14	-1
39	15	-1
39	16	L
39	17	L
39	18	L
39	19	-1
39	20	L
39	21	Lp
39	22	L
39	23	L
39	24	L
39	25	L
39	26	-1
39	27	-1
39	28	L
39	29	L
39	30	L
39	31	-1
39	32	L
39	33	L
39	34	L
39	35	-1
39	36	U
39	37	-1
39	38	U
39	39	-1
39	40	-1
39	41	L
39	42	Lp
39	43	Lp
39	44	Lp
39	45	Lp
39	46	Lp
39	47	Lp
39	48	Lp
39	49	Lp
39	50	Lp
39	51	Lp
39	52	L
39	53	Lp
39	54	-1
39	55	Lp
39	56	Lp
39	57	Lp
39	58	Lp
39	59	Lp
39	60	Lp
39	61	Lp
39	62	-1
39	63	Lp
39	64	Lp
39	65	Lp
39	66	Lp
39	67	Lp
39	68	Lp
39	69	U
39	70	L
39	71	L
39	72	-1
39	73	L
39	74	L
39	75	Lp
39	76	Lp
39	77	Lp
39	78	Lp
39	79	Lp
39	80	Lp
39	81	-1
39	82	Lp
39	83	Lp
39	84	-1
39	85	Lp
39	86	Lp
39	87	L
39	88	-1
39	89	Lp
39	90	Lp
39	91	Lp
39	92	Lp
39	93	Lp
39	94	-1
39	95	-1
39	96	L
39	97	Lp
39	98	L
39	99	Lp
39	100	Lp
39	101	L
39	102	L
39	103	U
39	104	-1
39	105	L
39	106	L
39	107	L
39	108	-1
39	109	L
39	110	L
39	111	L
39	112	L
39	113	Lp
39	114	-1
39	115	-1
39	116	L
39	117	-1
39	118	L
39	119	L
40	0	L
40	1	L
40	2	U
40	3	L
40	4	L
40	5	L
40	6	L
40	7	L
40	8	L
40	9	L
40	10	-1
40	11	-1
40	12	-1
40	13	-1
40	14	L
40	15	L
40	16	L
40	17	Lp
40	18	Lp
40	19	L
40	20	L
40	21	Lp
40	22	Lp
40	23	Lp
40	24	Lp
40	25	-1
40	26	U
40	27	Lp
40	28	L
40	29	-1
40	30	L
40	31	L
40	32	L
40	33	L
40	34	-1
40	35	-1
40	36	-1
40	37	U
40	38	Lp
40	39	L
40	40	-1
40	41	L
40	42	Lp
40	43	-1
40	44	Lp
40	45	Lp
40	46	Lp
40	47	Lp
40	48	Lp
40	49	Lp
40	50	-1
40	51	Lp
40	52	Lp
40	53	-1
40	54	Lp
40	55	Lp
40	56	Lp
40	57	Lp
40	58	Lp
40	59	-1
40	60	Lp
40	61	Lp
40	62	Lp
40	63	Lp
40	64	Lp
40	65	-1
40	66	-1
40	67	-1
40	68	Lp
40	69	L
40	70	L
40	71	L
40	72	Lp
40	73	L
40	74	-1
40	75	Lp
40	76	Lp
40	77	Lp
40	78	-1
40	79	Lp
40	80	Lp
40	81	Lp
40	82	Lp
40	83	-1
40	84	Lp
40	85	Lp
40	86	Lp
40	87	Lp
40	88	-1
40	89	Lp
40	90	Lp
40	91	Lp
40	92	-1
40	93	Lp
40	94	Lp
40	95	-1
40	96	-1
40	97	Lp
40	98	Lp
40	99	Lp
40	100	Lp
40	101	Lp
40	102	-1
40	103	U
40	104	L
40	105	L
40	106	L
40	107	L
40	108	L
40	109	L
40	110	L
40	111	L
40	112	L
40	113	L
40	114	L
40	115	-1
40	116	L
40	117	L
40	118	Lp
40	119	L
41	0	-1
41	1	U
41	2	L
41	3	U
41	4	L
41	5	L
41	6	L
41	7	L
41	8	-1
41	9	L
41	10	L
41	11	U
41	12	-1
41	13	Lp
41	14	L
41	15	L
41	16	L
41	17	Lp
41	18	Lp
41	19	Lp
41	20	-1
41	21	-1
41	22	Lp
41	23	Lp
41	24	-1
41	25	-1
41	26	Lp
41	27	Lp
41	28	L
41	29	Lp
41	30	L
41	31	L
41	32	L
41	33	L
41	34	L
41	35	Lp
41	36	Lp
41	37	Lp
41	38	-1
41	39	L
41	40	Lp
41	41	Lp
41	42	Lp
41	43	Lp
41	44	Lp
41	45	-1
41	46	Lp
41	47	Lp
41	48	-1
41	49	Lp
41	50	Lp
41	51	Lp
41	52	Lp
41	53	Lp
41	54	Lp
41	55	Lp
41	56	Lp
41	57	Lp
41	58	Lp
41	59	Lp
41	60	-1
41	61	Lp
41	62	-1
41	63	Lp
41	64	-1
41	65	Lp
41	66	L
41	67	L
41	68	Lp
41	69	L
41	70	L
41	71	L
41	72	Lp
41	73	Lp
41	74	Lp
41	75	Lp
41	76	Lp
41	77	Lp
41	78	Lp
41	79	Lp
41	80	Lp
41	81	Lp
41	82	Lp
41	83	Lp
41	84	Lp
41	85	Lp
41	86	-1
41	87	Lp
41	88	L
41	89	Lp
41	90	Lp
41	91	-1
41	92	Lp
41	93	-1
41	94	Lp
41	95	Lp
41	96	Lp
41	97	Lp
41	98	Lp
41	99	Lp
41	100	Lp
41	101	Lp
41	102	-1
41	103	L
41	104	L
41	105	L
41	106	-1
41	107	L
41	108	L
41	109	L
41	110	L
41	111	-1
41	112	L
41	113	-1
41	114	L
41	115	L
41	116	L
41	117	L
41	118	L
41	119	L
42	0	-1
42	1	L
42	2	L
42	3	L
42	4	L
42	5	L
42	6	L
42	7	L
42	8	L
42	9	L
42	10	U
42	11	Lp
42	12	U
42	13	L
42	14	-1
42	15	L
42	16	L
42	17	L
42	18	L
42	19	L
42	20	L
42	21	L
42	22	Lp
42	23	Lp
42	24	-1
42	25	Lp
42	26	Lp
42	27	L
42	28	L
42	29	Lp
42	30	L
42	31	L
42	32	L
42	33	L
42	34	L
42	35	Lp
42	36	-1
42	37	L
42	38	-1
42	39	Lp
42	40	-1
42	41	Lp
42	42	Lp
42	43	-1
42	44	Lp
42	45	Lp
42	46	Lp
42	47	Lp
42	48	-1
42	49	Lp
42	50	Lp
42	51	Lp
42	52	Lp
42	53	Lp
42	54	-1
42	55	Lp
42	56	-1
42	57	-1
42	58	Lp
42	59	Lp
42	60	Lp
42	61	L
42	62	L
42	63	L
42	64	Lp
42	65	Lp
42	66	Lp
42	67	U
42	68	L
42	69	L
42	70	-1
42	71	L
42	72	Lp
42	73	Lp
42	74	-1
42	75	Lp
42	76	Lp
42	77	Lp
42	78	Lp
42	79	Lp
42	80	Lp
42	81	Lp
42	82	Lp
42	83	-1
42	84	Lp
42	85	-1
42	86	Lp
42	87	L
42	88	L
42	89	L
42	90	L
42	91	Lp
42	92	Lp
42	93	Lp
42	94	L
42	95	-1
42	96	Lp
42	97	Lp
42	98	Lp
42	99	-1
42	100	Lp
42	101	L
42	102	Lp
42	103	Lp
42	104	-1
42	105	L
42	106	L
42	107	L
42	108	L
42	109	L
42	110	L
42	111	L
42	112	L
42	113	-1
42	114	L
42	115	L
42	116	L
42	117	L
42	118	L
42	119	-1
43	0	Lp
43	1	-1
43	2	-1
43	3	L
43	4	L
43	5	L
43	6	-1
43	7	L
43	8	L
43	9	L
43	10	-1
43	11	L
43	12	-1
43	13	L
43	14	L
43	15	-1
43	16	L
43	17	Lp
43	18	L
43	19	L
43	20	L
43	21	Lp
43	22	Lp
43	23	Lp
43	24	-1
43	25	Lp
43	26	Lp
43	27	-1
43	28	Lp
43	29	L
43	30	Lp
43	31	L
43	32	L
43	33	L
43	34	L
43	35	Lp
43	36	Lp
43	37	Lp
43	38	-1
43	39	Lp
43	40	Lp
43	41	Lp
43	42	Lp
43	43	-1
43	44	Lp
43	45	Lp
43	46	Lp
43	47	Lp
43	48	Lp
43	49	Lp
43	50	Lp
43	51	Lp
43	52	Lp
43	53	Lp
43	54	Lp
43	55	Lp
43	56	Lp
43	57	Lp
43	58	Lp
43	59	-1
43	60	-1
43	61	-1
43	62	-1
43	63	L
43	64	Lp
43	65	U
43	66	L
43	67	-1
43	68	U
43	69	L
43	70	L
43	71	L
43	72	L
43	73	-1
43	74	Lp
43	75	L
43	76	L
43	77	Lp
43	78	Lp
43	79	Lp
43	80	Lp
43	81	-1
43	82	Lp
43	83	L
43	84	-1
43	85	L
43	86	L
43	87	L
43	88	L
43	89	L
43	90	-1
43	91	L
43	92	L
43	93	-1
43	94	L
43	95	Lp
43	96	-1
43	97	-1
43	98	Lp
43	99	Lp
43	100	L
43	101	Lp
43	102	Lp
43	103	L
43	104	-1
43	105	L
43	106	L
43	107	L
43	108	L
43	109	Lp
43	110	-1
43	111	L
43	112	L
43	113	L
43	114	L
43	115	-1
43	116	L
43	117	L
43	118	L
43	119	Lp
44	0	-1
44	1	-1
44	2	-1
44	3	L
44	4	L
44	5	L
44	6	L
44	7	L
44	8	L
44	9	L
44	10	L
44	11	L
44	12	L
44	13	-1
44	14	Lp
44	15	L
44	16	Lp
44	17	L
44	18	-1
44	19	L
44	20	Lp
44	21	Lp
44	22	Lp
44	23	Lp
44	24	U
44	25	U
44	26	Lp
44	27	Lp
44	28	Lp
44	29	-1
44	30	L
44	31	Lp
44	32	-1
44	33	L
44	34	L
44	35	-1
44	36	L
44	37	L
44	38	Lp
44	39	Lp
44	40	-1
44	41	-1
44	42	Lp
44	43	Lp
44	44	Lp
44	45	Lp
44	46	-1
44	47	Lp
44	48	Lp
44	49	Lp
44	50	-1
44	51	Lp
44	52	Lp
44	53	Lp
44	54	Lp
44	55	-1
44	56	-1
44	57	L
44	58	L
44	59	L
44	60	-1
44	61	Lp
44	62	L
44	63	L
44	64	L
44	65	L
44	66	L
44	67	L
44	68	Lp
44	69	-1
44	70	L
44	71	L
44	72	-1
44	73	L
44	74	L
44	75	L
44	76	Lp
44	77	-1
44	78	-1
44	79	-1
44	80	Lp
44	81	-1
44	82	U
44	83	Lp
44	84	-1
44	85	L
44	86	L
44	87	L
44	88	L
44	89	L
44	90	L
44	91	L
44	92	L
44	93	Lp
44	94	L
44	95	Lp
44	96	Lp
44	97	-1
44	98	-1
44	99	-1
44	100	L
44	101	-1
44	102	L
44	103	L
44	104	-1
44	105	L
44	106	L
44	107	L
44	108	L
44	109	L
44	110	L
44	111	L
44	112	Lp
44	113	L
44	114	Lp
44	115	Lp
44	116	-1
44	117	U
44	118	U
44	119	-1
45	0	Lp
45	1	Lp
45	2	L
45	3	-1
45	4	L
45	5	-1
45	6	-1
45	7	L
45	8	L
45	9	Lp
45	10	L
45	11	-1
45	12	L
45	13	L
45	14	L
45	15	L
45	16	-1
45	17	L
45	18	-1
45	19	-1
45	20	Lp
45	21	Lp
45	22	Lp
45	23	Lp
45	24	Lp
45	25	Lp
45	26	Lp
45	27	-1
45	28	Lp
45	29	Lp
45	30	Lp
45	31	Lp
45	32	-1
45	33	L
45	34	-1
45	35	L
45	36	L
45	37	-1
45	38	Lp
45	39	Lp
45	40	-1
45	41	Lp
45	42	Lp
45	43	Lp
45	44	Lp
45	45	Lp
45	46	Lp
45	47	Lp
45	48	Lp
45	49	Lp
45	50	Lp
45	51	Lp
45	52	-1
45	53	Lp
45	54	Lp
45	55	Lp
45	56	-1
45	57	Lp
45	58	U
45	59	L
45	60	L
45	61	L
45	62	L
45	63	L
45	64	L
45	65	-1
45	66	L
45	67	L
45	68	L
45	69	-1
45	70	L
45	71	L
45	72	L
45	73	U
45	74	L
45	75	L
45	76	Lp
45	77	L
45	78	Lp
45	79	Lp
45	80	Lp
45	81	Lp
45	82	U
45	83	Lp
45	84	L
45	85	-1
45	86	L
45	87	L
45	88	Lp
45	89	Lp
45	90	L
45	91	-1
45	92	Lp
45	93	Lp
45	94	Lp
45	95	-1
45	96	-1
45	97	Lp
45	98	Lp
45	99	Lp
45	100	Lp
45	101	L
45	102	L
45	103	L
45	104	L
45	105	-1
45	106	-1
45	107	L
45	108	L
45	109	-1
45	110	L
45	111	L
45	112	-1
45	113	Lp
45	114	Lp
45	115	Lp
45	116	L
45	117	Lp
45	118	Lp
45	119	Lp
46	0	Lp
46	1	Lp
46	2	L
46	3	L
46	4	L
46	5	L
46	6	U
46	7	U
46	8	Lp
46	9	L
46	10	Lp
46	11	-1
46	12	-1
46	13	L
46	14	Lp
46	15	-1
46	16	-1
46	17	L
46	18	Lp
46	19	-1
46	20	Lp
46	21	Lp
46	22	-1
46	23	Lp
46	24	L
46	25	Lp
46	26	Lp
46	27	Lp
46	28	U
46	29	U
46	30	Lp
46	31	-1
46	32	Lp
46	33	-1
46	34	L
46	35	L
46	36	-1
46	37	Lp
46	38	Lp
46	39	Lp
46	40	Lp
46	41	Lp
46	42	Lp
46	43	Lp
46	44	Lp
46	45	Lp
46	46	Lp
46	47	Lp
46	48	-1
46	49	-1
46	50	-1
46	51	Lp
46	52	Lp
46	53	Lp
46	54	-1
46	55	Lp
46	56	-1
46	57	Lp
46	58	Lp
46	59	L
46	60	Lp
46	61	Lp
46	62	L
46	63	L
46	64	L
46	65	L
46	66	-1
46	67	-1
46	68	Lp
46	69	L
46	70	L
46	71	Lp
46	72	U
46	73	U
46	74	-1
46	75	Lp
46	76	L
46	77	Lp
46	78	Lp
46	79	Lp
46	80	Lp
46	81	Lp
46	82	Lp
46	83	Lp
46	84	L
46	85	L
46	86	Lp
46	87	Lp
46	88	Lp
46	89	Lp
46	90	Lp
46	91	-1
46	92	Lp
46	93	Lp
46	94	-1
46	95	Lp
46	96	Lp
46	97	Lp
46	98	-1
46	99	Lp
46	100	-1
46	101	L
46	102	L
46	103	L
46	104	L
46	105	L
46	106	L
46	107	-1
46	108	L
46	109	L
46	110	L
46	111	L
46	112	-1
46	113	L
46	114	Lp
46	115	L
46	116	-1
46	117	Lp
46	118	-1
46	119	Lp
47	0	Lp
47	1	Lp
47	2	Lp
47	3	-1
47	4	L
47	5	Lp
47	6	-1
47	7	Lp
47	8	U
47	9	Lp
47	10	Lp
47	11	-1
47	12	L
47	13	Lp
47	14	L
47	15	Lp
47	16	L
47	17	L
47	18	L
47	19	L
47	20	Lp
47	21	-1
47	22	Lp
47	23	Lp
47	24	L
47	25	Lp
47	26	Lp
47	27	L
47	28	Lp
47	29	U
47	30	-1
47	31	Lp
47	32	Lp
47	33	Lp
47	34	Lp
47	35	-1
47	36	L
47	37	-1
47	38	-1
47	39	Lp
47	40	Lp
47	41	Lp
47	42	Lp
47	43	-1
47	44	Lp
47	45	Lp
47	46	Lp
47	47	Lp
47	48	Lp
47	49	Lp
47	50	Lp
47	51	Lp
47	52	-1
47	53	Lp
47	54	Lp
47	55	Lp
47	56	-1
47	57	Lp
47	58	Lp
47	59	Lp
47	60	Lp
47	61	Lp
47	62	L
47	63	L
47	64	-1
47	65	L
47	66	U
47	67	Lp
47	68	L
47	69	-1
47	70	L
47	71	Lp
47	72	L
47	73	U
47	74	-1
47	75	L
47	76	Lp
47	77	Lp
47	78	Lp
47	79	-1
47	80	U
47	81	-1
47	82	Lp
47	83	L
47	84	Lp
47	85	Lp
47	86	-1
47	87	Lp
47	88	Lp
47	89	-1
47	90	Lp
47	91	Lp
47	92	Lp
47	93	-1
47	94	-1
47	95	-1
47	96	Lp
47	97	Lp
47	98	Lp
47	99	Lp
47	100	Lp
47	101	L
47	102	-1
47	103	L
47	104	L
47	105	-1
47	106	L
47	107	L
47	108	-1
47	109	L
47	110	L
47	111	Lp
47	112	-1
47	113	Lp
47	114	Lp
47	115	Lp
47	116	L
47	117	-1
47	118	Lp
47	119	-1
48	0	Lp
48	1	Lp
48	2	Lp
48	3	Lp
48	4	Lp
48	5	Lp
48	6	-1
48	7	U
48	8	-1
48	9	-1
48	10	-1
48	11	Lp
48	12	Lp
48	13	Lp
48	14	L
48	15	Lp
48	16	Lp
48	17	L
48	18	L
48	19	-1
48	20	-1
48	21	L
48	22	-1
48	23	-1
48	24	Lp
48	25	Lp
48	26	Lp
48	27	Lp
48	28	-1
48	29	Lp
48	30	Lp
48	31	Lp
48	32	Lp
48	33	-1
48	34	Lp
48	35	Lp
48	36	Lp
48	37	-1
48	38	Lp
48	39	Lp
48	40	Lp
48	41	-1
48	42	Lp
48	43	-1
48	44	-1
48	45	Lp
48	46	Lp
48	47	Lp
48	48	Lp
48	49	Lp
48	50	Lp
48	51	-1
48	52	Lp
48	53	-1
48	54	Lp
48	55	Lp
48	56	Lp
48	57	Lp
48	58	Lp
48	59	-1
48	60	Lp
48	61	Lp
48	62	L
48	63	L
48	64	L
48	65	L
48	66	U
48	67	-1
48	68	L
48	69	L
48	70	Lp
48	71	Lp
48	72	Lp
48	73	-1
48	74	U
48	75	L
48	76	U
48	77	U
48	78	-1
48	79	U
48	80	Lp
48	81	-1
48	82	Lp
48	83	L
48	84	L
48	85	L
48	86	-1
48	87	L
48	88	L
48	89	Lp
48	90	Lp
48	91	Lp
48	92	Lp
48	93	Lp
48	94	-1
48	95	-1
48	96	Lp
48	97	-1
48	98	Lp
48	99	-1
48	100	Lp
48	101	Lp
48	102	Lp
48	103	Lp
48	104	Lp
48	105	Lp
48	106	L
48	107	L
48	108	L
48	109	L
48	110	Lp
48	111	Lp
48	112	Lp
48	113	Lp
48	114	Lp
48	115	-1
48	116	Lp
48	117	-1
48	118	-1
48	119	Lp
49	0	-1
49	1	-1
49	2	-1
49	3	-1
49	4	-1
49	5	Lp
49	6	Lp
49	7	Lp
49	8	Lp
49	9	Lp
49	10	Lp
49	11	-1
49	12	Lp
49	13	L
49	14	-1
49	15	L
49	16	L
49	17	-1
49	18	L
49	19	L
49	20	-1
49	21	L
49	22	L
49	23	L
49	24	Lp
49	25	Lp
49	26	Lp
49	27	L
49	28	-1
49	29	Lp
49	30	Lp
49	31	U
49	32	U
49	33	Lp
49	34	Lp
49	35	Lp
49	36	Lp
49	37	Lp
49	38	Lp
49	39	-1
49	40	-1
49	41	Lp
49	42	Lp
49	43	Lp
49	44	Lp
49	45	Lp
49	46	Lp
49	47	Lp
49	48	-1
49	49	-1
49	50	Lp
49	51	Lp
49	52	Lp
49	53	Lp
49	54	-1
49	55	Lp
49	56	-1
49	57	Lp
49	58	Lp
49	59	Lp
49	60	Lp
49	61	Lp
49	62	Lp
49	63	-1
49	64	-1
49	65	L
49	66	L
49	67	L
49	68	L
49	69	L
49	70	L
49	71	Lp
49	72	-1
49	73	U
49	74	L
49	75	Lp
49	76	Lp
49	77	U
49	78	U
49	79	U
49	80	Lp
49	81	Lp
49	82	-1
49	83	Lp
49	84	L
49	85	-1
49	86	L
49	87	L
49	88	L
49	89	L
49	90	-1
49	91	Lp
49	92	Lp
49	93	Lp
49	94	Lp
49	95	Lp
49	96	Lp
49	97	-1
49	98	Lp
49	99	Lp
49	100	Lp
49	101	-1
49	102	-1
49	103	Lp
49	104	-1
49	105	L
49	106	L
49	107	L
49	108	Lp
49	109	Lp
49	110	L
49	111	L
49	112	Lp
49	113	Lp
49	114	Lp
49	115	-1
49	116	-1
49	117	Lp
49	118	-1
49	119	Lp
50	0	-1
50	1	L
50	2	Lp
50	3	Lp
50	4	-1
50	5	-1
50	6	Lp
50	7	Lp
50	8	Lp
50	9	L
50	10	Lp
50	11	Lp
50	12	L
50	13	L
50	14	-1
50	15	-1
50	16	Lp
50	17	Lp
50	18	-1
50	19	Lp
50	20	-1
50	21	-1
50	22	L
50	23	L
50	24	L
50	25	Lp
50	26	Lp
50	27	Lp
50	28	Lp
50	29	Lp
50	30	-1
50	31	-1
50	32	Lp
50	33	-1
50	34	-1
50	35	Lp
50	36	-1
50	37	-1
50	38	Lp
50	39	-1
50	40	Lp
50	41	Lp
50	42	Lp
50	43	Lp
50	44	Lp
50	45	Lp
50	46	Lp
50	47	-1
50	48	Lp
50	49	-1
50	50	Lp
50	51	Lp
50	52	Lp
50	53	-1
50	54	-1
50	55	-1
50	56	Lp
50	57	-1
50	58	Lp
50	59	Lp
50	60	-1
50	61	U
50	62	Lp
50	63	-1
50	64	-1
50	65	L
50	66	L
50	67	L
50	68	-1
50	69	L
50	70	-1
50	71	L
50	72	L
50	73	L
50	74	-1
50	75	Lp
50	76	-1
50	77	U
50	78	U
50	79	-1
50	80	Lp
50	81	Lp
50	82	Lp
50	83	Lp
50	84	L
50	85	L
50	86	L
50	87	L
50	88	L
50	89	-1
50	90	Lp
50	91	Lp
50	92	Lp
50	93	Lp
50	94	Lp
50	95	Lp
50	96	Lp
50	97	-1
50	98	Lp
50	99	Lp
50	100	Lp
50	101	Lp
50	102	-1
50	103	Lp
50	104	L
50	105	L
50	106	L
50	107	L
50	108	-1
50	109	L
50	110	-1
50	111	Lp
50	112	Lp
50	113	Lp
50	114	Lp
50	115	Lp
50	116	Lp
50	117	Lp
50	118	Lp
50	119	Lp
51	0	Lp
51	1	Lp
51	2	-1
51	3	Lp
51	4	Lp
51	5	Lp
51	6	Lp
51	7	Lp
51	8	Lp
51	9	Lp
51	10	U
51	11	-1
51	12	L
51	13	L
51	14	Lp
51	15	-1
51	16	Lp
51	17	-1
51	18	Lp
51	19	Lp
51	20	Lp
51	21	-1
51	22	L
51	23	-1
51	24	Lp
51	25	Lp
51	26	Lp
51	27	Lp
51	28	Lp
51	29	Lp
51	30	Lp
51	31	Lp
51	32	Lp
51	33	-1
51	34	Lp
51	35	-1
51	36	-1
51	37	-1
51	38	-1
51	39	Lp
51	40	Lp
51	41	Lp
51	42	-1
51	43	Lp
51	44	-1
51	45	Lp
51	46	Lp
51	47	Lp
51	48	Lp
51	49	Lp
51	50	-1
51	51	Lp
51	52	U
51	53	-1
51	54	Lp
51	55	Lp
51	56	Lp
51	57	Lp
51	58	-1
51	59	Lp
51	60	U
51	61	Lp
51	62	Lp
51	63	U
51	64	Lp
51	65	L
51	66	L
51	67	-1
51	68	L
51	69	L
51	70	-1
51	71	L
51	72	L
51	73	Lp
51	74	Lp
51	75	-1
51	76	-1
51	77	-1
51	78	U
51	79	U
51	80	Lp
51	81	Lp
51	82	Lp
51	83	L
51	84	L
51	85	L
51	86	Lp
51	87	Lp
51	88	L
51	89	Lp
51	90	Lp
51	91	Lp
51	92	Lp
51	93	Lp
51	94	Lp
51	95	Lp
51	96	-1
51	97	-1
51	98	Lp
51	99	Lp
51	100	Lp
51	101	L
51	102	Lp
51	103	L
51	104	-1
51	105	L
51	106	-1
51	107	L
51	108	-1
51	109	L
51	110	-1
51	111	Lp
51	112	Lp
51	113	Lp
51	114	Lp
51	115	Lp
51	116	Lp
51	117	Lp
51	118	Lp
51	119	Lp
52	0	-1
52	1	U
52	2	Lp
52	3	U
52	4	Lp
52	5	Lp
52	6	Lp
52	7	Lp
52	8	Lp
52	9	Lp
52	10	-1
52	11	Lp
52	12	Lp
52	13	Lp
52	14	Lp
52	15	L
52	16	Lp
52	17	-1
52	18	Lp
52	19	Lp
52	20	-1
52	21	Lp
52	22	Lp
52	23	-1
52	24	Lp
52	25	Lp
52	26	Lp
52	27	Lp
52	28	Lp
52	29	Lp
52	30	Lp
52	31	Lp
52	32	Lp
52	33	Lp
52	34	Lp
52	35	-1
52	36	Lp
52	37	Lp
52	38	Lp
52	39	Lp
52	40	Lp
52	41	Lp
52	42	Lp
52	43	-1
52	44	Lp
52	45	Lp
52	46	Lp
52	47	Lp
52	48	-1
52	49	Lp
52	50	Lp
52	51	-1
52	52	U
52	53	Lp
52	54	-1
52	55	Lp
52	56	Lp
52	57	Lp
52	58	Lp
52	59	Lp
52	60	Lp
52	61	U
52	62	Lp
52	63	L
52	64	L
52	65	Lp
52	66	Lp
52	67	L
52	68	L
52	69	L
52	70	-1
52	71	L
52	72	Lp
52	73	Lp
52	74	L
52	75	Lp
52	76	Lp
52	77	U
52	78	Lp
52	79	Lp
52	80	Lp
52	81	Lp
52	82	-1
52	83	-1
52	84	L
52	85	L
52	86	Lp
52	87	Lp
52	88	L
52	89	L
52	90	Lp
52	91	Lp
52	92	Lp
52	93	Lp
52	94	Lp
52	95	-1
52	96	Lp
52	97	Lp
52	98	Lp
52	99	Lp
52	100	Lp
52	101	L
52	102	L
52	103	-1
52	104	L
52	105	L
52	106	L
52	107	L
52	108	L
52	109	L
52	110	Lp
52	111	Lp
52	112	Lp
52	113	Lp
52	114	Lp
52	115	Lp
52	116	Lp
52	117	-1
52	118	U
52	119	Lp
53	0	-1
53	1	-1
53	2	U
53	3	Lp
53	4	-1
53	5	Lp
53	6	-1
53	7	U
53	8	Lp
53	9	Lp
53	10	Lp
53	11	Lp
53	12	-1
53	13	Lp
53	14	L
53	15	Lp
53	16	Lp
53	17	Lp
53	18	Lp
53	19	-1
53	20	-1
53	21	-1
53	22	-1
53	23	-1
53	24	Lp
53	25	Lp
53	26	Lp
53	27	Lp
53	28	Lp
53	29	Lp
53	30	Lp
53	31	Lp
53	32	-1
53	33	Lp
53	34	Lp
53	35	Lp
53	36	Lp
53	37	Lp
53	38	Lp
53	39	Lp
53	40	Lp
53	41	-1
53	42	Lp
53	43	Lp
53	44	Lp
53	45	Lp
53	46	Lp
53	47	Lp
53	48	Lp
53	49	Lp
53	50	L
53	51	Lp
53	52	-1
53	53	Lp
53	54	-1
53	55	Lp
53	56	Lp
53	57	-1
53	58	Lp
53	59	Lp
53	60	Lp
53	61	Lp
53	62	U
53	63	Lp
53	64	Lp
53	65	Lp
53	66	-1
53	67	L
53	68	L
53	69	-1
53	70	Lp
53	71	Lp
53	72	Lp
53	73	Lp
53	74	Lp
53	75	L
53	76	Lp
53	77	Lp
53	78	Lp
53	79	Lp
53	80	Lp
53	81	Lp
53	82	Lp
53	83	Lp
53	84	L
53	85	Lp
53	86	-1
53	87	L
53	88	L
53	89	L
53	90	Lp
53	91	Lp
53	92	Lp
53	93	-1
53	94	Lp
53	95	-1
53	96	-1
53	97	-1
53	98	Lp
53	99	Lp
53	100	Lp
53	101	Lp
53	102	L
53	103	L
53	104	-1
53	105	L
53	106	L
53	107	L
53	108	-1
53	109	L
53	110	Lp
53	111	-1
53	112	Lp
53	113	-1
53	114	Lp
53	115	Lp
53	116	-1
53	117	-1
53	118	-1
53	119	Lp
54	0	U
54	1	U
54	2	Lp
54	3	U
54	4	Lp
54	5	Lp
54	6	U
54	7	-1
54	8	Lp
54	9	Lp
54	10	-1
54	11	Lp
54	12	Lp
54	13	Lp
54	14	Lp
54	15	Lp
54	16	Lp
54	17	Lp
54	18	Lp
54	19	Lp
54	20	-1
54	21	-1
54	22	L
54	23	L
54	24	Lp
54	25	Lp
54	26	Lp
54	27	Lp
54	28	-1
54	29	-1
54	30	Lp
54	31	Lp
54	32	Lp
54	33	Lp
54	34	Lp
54	35	Lp
54	36	Lp
54	37	-1
54	38	Lp
54	39	-1
54	40	-1
54	41	-1
54	42	Lp
54	43	Lp
54	44	Lp
54	45	Lp
54	46	Lp
54	47	-1
54	48	Lp
54	49	-1
54	50	Lp
54	51	L
54	52	Lp
54	53	-1
54	54	-1
54	55	Lp
54	56	Lp
54	57	Lp
54	58	Lp
54	59	Lp
54	60	-1
54	61	Lp
54	62	U
54	63	-1
54	64	Lp
54	65	Lp
54	66	-1
54	67	Lp
54	68	-1
54	69	Lp
54	70	-1
54	71	U
54	72	Lp
54	73	Lp
54	74	L
54	75	Lp
54	76	Lp
54	77	Lp
54	78	-1
54	79	-1
54	80	-1
54	81	Lp
54	82	Lp
54	83	-1
54	84	Lp
54	85	Lp
54	86	-1
54	87	Lp
54	88	Lp
54	89	-1
54	90	Lp
54	91	Lp
54	92	Lp
54	93	Lp
54	94	Lp
54	95	-1
54	96	Lp
54	97	Lp
54	98	Lp
54	99	L
54	100	Lp
54	101	Lp
54	102	-1
54	103	-1
54	104	L
54	105	L
54	106	L
54	107	L
54	108	L
54	109	L
54	110	Lp
54	111	-1
54	112	Lp
54	113	-1
54	114	Lp
54	115	Lp
54	116	L
54	117	-1
54	118	L
54	119	-1
55	0	U
55	1	-1
55	2	U
55	3	U
55	4	U
55	5	Lp
55	6	U
55	7	U
55	8	-1
55	9	Lp
55	10	Lp
55	11	Lp
55	12	-1
55	13	Lp
55	14	Lp
55	15	Lp
55	16	Lp
55	17	Lp
55	18	L
55	19	Lp
55	20	Lp
55	21	-1
55	22	Lp
55	23	-1
55	24	-1
55	25	Lp
55	26	Lp
55	27	Lp
55	28	Lp
55	29	Lp
55	30	Lp
55	31	Lp
55	32	Lp
55	33	Lp
55	34	-1
55	35	Lp
55	36	Lp
55	37	Lp
55	38	Lp
55	39	Lp
55	40	Lp
55	41	Lp
55	42	Lp
55	43	-1
55	44	-1
55	45	-1
55	46	-1
55	47	Lp
55	48	-1
55	49	L
55	50	L
55	51	U
55	52	Lp
55	53	-1
55	54	U
55	55	Lp
55	56	Lp
55	57	Lp
55	58	-1
55	59	-1
55	60	-1
55	61	Lp
55	62	Lp
55	63	-1
55	64	Lp
55	65	Lp
55	66	Lp
55	67	Lp
55	68	Lp
55	69	Lp
55	70	U
55	71	Lp
55	72	Lp
55	73	Lp
55	74	-1
55	75	Lp
55	76	Lp
55	77	Lp
55	78	-1
55	79	U
55	80	U
55	81	Lp
55	82	-1
55	83	-1
55	84	Lp
55	85	-1
55	86	-1
55	87	Lp
55	88	Lp
55	89	Lp
55	90	Lp
55	91	Lp
55	92	Lp
55	93	U
55	94	Lp
55	95	Lp
55	96	Lp
55	97	Lp
55	98	Lp
55	99	Lp
55	100	L
55	101	Lp
55	102	L
55	103	L
55	104	L
55	105	L
55	106	L
55	107	L
55	108	L
55	109	L
55	110	L
55	111	Lp
55	112	-1
55	113	Lp
55	114	-1
55	115	Lp
55	116	L
55	117	-1
55	118	U
55	119	U
56	0	U
56	1	-1
56	2	-1
56	3	U
56	4	U
56	5	Lp
56	6	U
56	7	U
56	8	-1
56	9	Lp
56	10	Lp
56	11	Lp
56	12	L
56	13	Lp
56	14	Lp
56	15	Lp
56	16	Lp
56	17	Lp
56	18	Lp
56	19	Lp
56	20	Lp
56	21	-1
56	22	Lp
56	23	Lp
56	24	Lp
56	25	Lp
56	26	Lp
56	27	Lp
56	28	-1
56	29	Lp
56	30	Lp
56	31	Lp
56	32	Lp
56	33	Lp
56	34	Lp
56	35	Lp
56	36	Lp
56	37	-1
56	38	Lp
56	39	-1
56	40	L
56	41	Lp
56	42	-1
56	43	Lp
56	44	-1
56	45	Lp
56	46	L
56	47	L
56	48	Lp
56	49	Lp
56	50	L
56	51	L
56	52	L
56	53	L
56	54	Lp
56	55	Lp
56	56	Lp
56	57	Lp
56	58	Lp
56	59	Lp
56	60	-1
56	61	Lp
56	62	-1
56	63	Lp
56	64	Lp
56	65	Lp
56	66	Lp
56	67	Lp
56	68	Lp
56	69	Lp
56	70	Lp
56	71	U
56	72	Lp
56	73	-1
56	74	Lp
56	75	Lp
56	76	Lp
56	77	Lp
56	78	Lp
56	79	Lp
56	80	Lp
56	81	Lp
56	82	-1
56	83	-1
56	84	-1
56	85	Lp
56	86	Lp
56	87	Lp
56	88	Lp
56	89	Lp
56	90	-1
56	91	-1
56	92	L
56	93	Lp
56	94	U
56	95	Lp
56	96	Lp
56	97	Lp
56	98	Lp
56	99	U
56	100	L
56	101	Lp
56	102	L
56	103	-1
56	104	L
56	105	-1
56	106	L
56	107	L
56	108	-1
56	109	L
56	110	L
56	111	-1
56	112	-1
56	113	Lp
56	114	-1
56	115	Lp
56	116	L
56	117	L
56	118	U
56	119	Lp
57	0	Lp
57	1	Lp
57	2	-1
57	3	U
57	4	U
57	5	U
57	6	-1
57	7	-1
57	8	U
57	9	Lp
57	10	Lp
57	11	-1
57	12	Lp
57	13	Lp
57	14	-1
57	15	L
57	16	Lp
57	17	-1
57	18	-1
57	19	-1
57	20	Lp
57	21	-1
57	22	Lp
57	23	Lp
57	24	Lp
57	25	Lp
57	26	Lp
57	27	Lp
57	28	-1
57	29	-1
57	30	-1
57	31	Lp
57	32	Lp
57	33	-1
57	34	Lp
57	35	Lp
57	36	Lp
57	37	-1
57	38	-1
57	39	Lp
57	40	L
57	41	Lp
57	42	Lp
57	43	Lp
57	44	Lp
57	45	Lp
57	46	Lp
57	47	-1
57	48	L
57	49	Lp
57	50	-1
57	51	U
57	52	L
57	53	L
57	54	Lp
57	55	Lp
57	56	Lp
57	57	-1
57	58	Lp
57	59	Lp
57	60	Lp
57	61	-1
57	62	-1
57	63	Lp
57	64	-1
57	65	Lp
57	66	Lp
57	67	Lp
57	68	Lp
57	69	Lp
57	70	-1
57	71	Lp
57	72	-1
57	73	Lp
57	74	Lp
57	75	Lp
57	76	Lp
57	77	-1
57	78	Lp
57	79	Lp
57	80	Lp
57	81	U
57	82	Lp
57	83	-1
57	84	Lp
57	85	Lp
57	86	Lp
57	87	Lp
57	88	Lp
57	89	U
57	90	-1
57	91	Lp
57	92	Lp
57	93	-1
57	94	Lp
57	95	Lp
57	96	Lp
57	97	Lp
57	98	Lp
57	99	L
57	100	-1
57	101	-1
57	102	L
57	103	L
57	104	L
57	105	L
57	106	L
57	107	-1
57	108	L
57	109	L
57	110	-1
57	111	-1
57	112	Lp
57	113	Lp
57	114	Lp
57	115	Lp
57	116	Lp
57	117	Lp
57	118	Lp
57	119	Lp
58	0	Lp
58	1	Lp
58	2	Lp
58	3	Lp
58	4	Lp
58	5	U
58	6	Lp
58	7	Lp
58	8	Lp
58	9	Lp
58	10	Lp
58	11	Lp
58	12	Lp
58	13	L
58	14	L
58	15	L
58	16	Lp
58	17	-1
58	18	L
58	19	Lp
58	20	Lp
58	21	Lp
58	22	-1
58	23	U
58	24	Lp
58	25	Lp
58	26	Lp
58	27	-1
58	28	Lp
58	29	U
58	30	U
58	31	U
58	32	Lp
58	33	Lp
58	34	Lp
58	35	Lp
58	36	-1
58	37	Lp
58	38	-1
58	39	L
58	40	Lp
58	41	L
58	42	L
58	43	-1
58	44	Lp
58	45	Lp
58	46	Lp
58	47	Lp
58	48	Lp
58	49	L
58	50	L
58	51	L
58	52	L
58	53	-1
58	54	L
58	55	Lp
58	56	Lp
58	57	Lp
58	58	-1
58	59	Lp
58	60	Lp
58	61	Lp
58	62	-1
58	63	Lp
58	64	-1
58	65	Lp
58	66	Lp
58	67	Lp
58	68	Lp
58	69	Lp
58	70	Lp
58	71	Lp
58	72	-1
58	73	Lp
58	74	Lp
58	75	Lp
58	76	-1
58	77	-1
58	78	-1
58	79	Lp
58	80	Lp
58	81	Lp
58	82	U
58	83	Lp
58	84	Lp
58	85	Lp
58	86	Lp
58	87	-1
58	88	U
58	89	Lp
58	90	Lp
58	91	Lp
58	92	Lp
58	93	Lp
58	94	Lp
58	95	Lp
58	96	Lp
58	97	Lp
58	98	Lp
58	99	L
58	100	Lp
58	101	Lp
58	102	Lp
58	103	Lp
58	104	L
58	105	-1
58	106	L
58	107	L
58	108	-1
58	109	Lp
58	110	Lp
58	111	Lp
58	112	-1
58	113	Lp
58	114	-1
58	115	Lp
58	116	-1
58	117	Lp
58	118	Lp
58	119	Lp
59	0	Lp
59	1	-1
59	2	Lp
59	3	Lp
59	4	Lp
59	5	-1
59	6	Lp
59	7	Lp
59	8	-1
59	9	Lp
59	10	Lp
59	11	Lp
59	12	Lp
59	13	Lp
59	14	Lp
59	15	Lp
59	16	Lp
59	17	-1
59	18	Lp
59	19	L
59	20	-1
59	21	Lp
59	22	U
59	23	Lp
59	24	-1
59	25	Lp
59	26	Lp
59	27	U
59	28	U
59	29	Lp
59	30	-1
59	31	Lp
59	32	Lp
59	33	Lp
59	34	Lp
59	35	-1
59	36	Lp
59	37	Lp
59	38	Lp
59	39	Lp
59	40	L
59	41	L
59	42	-1
59	43	L
59	44	L
59	45	L
59	46	Lp
59	47	L
59	48	-1
59	49	L
59	50	L
59	51	L
59	52	Lp
59	53	L
59	54	Lp
59	55	Lp
59	56	Lp
59	57	Lp
59	58	Lp
59	59	Lp
59	60	Lp
59	61	-1
59	62	Lp
59	63	-1
59	64	Lp
59	65	Lp
59	66	Lp
59	67	Lp
59	68	Lp
59	69	Lp
59	70	Lp
59	71	Lp
59	72	Lp
59	73	Lp
59	74	-1
59	75	Lp
59	76	-1
59	77	Lp
59	78	Lp
59	79	Lp
59	80	U
59	81	Lp
59	82	U
59	83	U
59	84	Lp
59	85	Lp
59	86	Lp
59	87	-1
59	88	Lp
59	89	-1
59	90	Lp
59	91	-1
59	92	-1
59	93	-1
59	94	U
59	95	-1
59	96	Lp
59	97	Lp
59	98	-1
59	99	-1
59	100	Lp
59	101	-1
59	102	-1
59	103	Lp
59	104	-1
59	105	L
59	106	-1
59	107	Lp
59	108	Lp
59	109	Lp
59	110	Lp
59	111	-1
59	112	Lp
59	113	Lp
59	114	Lp
59	115	Lp
59	116	Lp
59	117	Lp
59	118	Lp
59	119	-1
60	0	Lp
60	1	-1
60	2	Lp
60	3	Lp
60	4	-1
60	5	Lp
60	6	Lp
60	7	Lp
60	8	Lp
60	9	-1
60	10	Lp
60	11	Lp
60	12	Lp
60	13	-1
60	14	Lp
60	15	Lp
60	16	Lp
60	17	Lp
60	18	-1
60	19	L
60	20	U
60	21	L
60	22	Lp
60	23	Lp
60	24	-1
60	25	U
60	26	-1
60	27	U
60	28	Lp
60	29	Lp
60	30	Lp
60	31	Lp
60	32	Lp
60	33	Lp
60	34	Lp
60	35	Lp
60	36	Lp
60	37	Lp
60	38	Lp
60	39	-1
60	40	-1
60	41	L
60	42	L
60	43	L
60	44	L
60	45	-1
60	46	Lp
60	47	L
60	48	L
60	49	-1
60	50	L
60	51	L
60	52	L
60	53	Lp
60	54	Lp
60	55	Lp
60	56	-1
60	57	Lp
60	58	Lp
60	59	-1
60	60	-1
60	61	Lp
60	62	-1
60	63	U
60	64	Lp
60	65	Lp
60	66	-1
60	67	Lp
60	68	Lp
60	69	Lp
60	70	-1
60	71	Lp
60	72	Lp
60	73	Lp
60	74	Lp
60	75	Lp
60	76	U
60	77	-1
60	78	-1
60	79	-1
60	80	Lp
60	81	Lp
60	82	U
60	83	Lp
60	84	Lp
60	85	Lp
60	86	-1
60	87	Lp
60	88	Lp
60	89	-1
60	90	Lp
60	91	Lp
60	92	Lp
60	93	U
60	94	Lp
60	95	Lp
60	96	Lp
60	97	Lp
60	98	L
60	99	L
60	100	L
60	101	L
60	102	Lp
60	103	Lp
60	104	L
60	105	Lp
60	106	Lp
60	107	-1
60	108	-1
60	109	Lp
60	110	Lp
60	111	Lp
60	112	-1
60	113	Lp
60	114	Lp
60	115	Lp
60	116	Lp
60	117	-1
60	118	-1
60	119	Lp
61	0	Lp
61	1	Lp
61	2	Lp
61	3	Lp
61	4	Lp
61	5	Lp
61	6	-1
61	7	Lp
61	8	Lp
61	9	Lp
61	10	-1
61	11	Lp
61	12	Lp
61	13	Lp
61	14	Lp
61	15	Lp
61	16	Lp
61	17	Lp
61	18	L
61	19	L
61	20	L
61	21	-1
61	22	U
61	23	Lp
61	24	Lp
61	25	U
61	26	U
61	27	U
61	28	Lp
61	29	Lp
61	30	Lp
61	31	Lp
61	32	Lp
61	33	Lp
61	34	Lp
61	35	Lp
61	36	Lp
61	37	Lp
61	38	Lp
61	39	L
61	40	L
61	41	L
61	42	L
61	43	L
61	44	L
61	45	L
61	46	-1
61	47	L
61	48	Lp
61	49	-1
61	50	L
61	51	-1
61	52	L
61	53	-1
61	54	Lp
61	55	-1
61	56	Lp
61	57	Lp
61	58	Lp
61	59	Lp
61	60	-1
61	61	Lp
61	62	U
61	63	U
61	64	Lp
61	65	-1
61	66	Lp
61	67	-1
61	68	Lp
61	69	Lp
61	70	Lp
61	71	Lp
61	72	Lp
61	73	Lp
61	74	Lp
61	75	Lp
61	76	-1
61	77	-1
61	78	Lp
61	79	Lp
61	80	U
61	81	Lp
61	82	Lp
61	83	Lp
61	84	Lp
61	85	Lp
61	86	Lp
61	87	Lp
61	88	-1
61	89	-1
61	90	Lp
61	91	Lp
61	92	Lp
61	93	Lp
61	94	Lp
61	95	Lp
61	96	Lp
61	97	L
61	98	-1
61	99	Lp
61	100	Lp
61	101	Lp
61	102	L
61	103	L
61	104	Lp
61	105	-1
61	106	Lp
61	107	Lp
61	108	Lp
61	109	Lp
61	110	Lp
61	111	Lp
61	112	Lp
61	113	Lp
61	114	Lp
61	115	Lp
61	116	Lp
61	117	-1
61	118	Lp
61	119	Lp
62	0	Lp
62	1	Lp
62	2	Lp
62	3	Lp
62	4	Lp
62	5	-1
62	6	-1
62	7	-1
62	8	-1
62	9	Lp
62	10	Lp
62	11	Lp
62	12	Lp
62	13	Lp
62	14	Lp
62	15	Lp
62	16	Lp
62	17	-1
62	18	Lp
62	19	Lp
62	20	-1
62	21	-1
62	22	U
62	23	-1
62	24	Lp
62	25	Lp
62	26	Lp
62	27	U
62	28	Lp
62	29	-1
62	30	Lp
62	31	Lp
62	32	-1
62	33	Lp
62	34	Lp
62	35	Lp
62	36	Lp
62	37	Lp
62	38	Lp
62	39	Lp
62	40	Lp
62	41	Lp
62	42	Lp
62	43	L
62	44	Lp
62	45	Lp
62	46	-1
62	47	L
62	48	U
62	49	-1
62	50	L
62	51	L
62	52	L
62	53	-1
62	54	L
62	55	L
62	56	Lp
62	57	Lp
62	58	-1
62	59	Lp
62	60	-1
62	61	Lp
62	62	Lp
62	63	-1
62	64	-1
62	65	Lp
62	66	-1
62	67	Lp
62	68	Lp
62	69	Lp
62	70	Lp
62	71	Lp
62	72	Lp
62	73	Lp
62	74	Lp
62	75	-1
62	76	Lp
62	77	U
62	78	Lp
62	79	U
62	80	Lp
62	81	Lp
62	82	-1
62	83	-1
62	84	Lp
62	85	Lp
62	86	-1
62	87	Lp
62	88	Lp
62	89	-1
62	90	-1
62	91	Lp
62	92	Lp
62	93	Lp
62	94	Lp
62	95	Lp
62	96	L
62	97	Lp
62	98	L
62	99	Lp
62	100	Lp
62	101	Lp
62	102	L
62	103	-1
62	104	Lp
62	105	Lp
62	106	Lp
62	107	Lp
62	108	Lp
62	109	Lp
62	110	-1
62	111	Lp
62	112	Lp
62	113	Lp
62	114	Lp
62	115	Lp
62	116	Lp
62	117	Lp
62	118	Lp
62	119	-1
63	0	Lp
63	1	Lp
63	2	Lp
63	3	-1
63	4	Lp
63	5	Lp
63	6	Lp
63	7	Lp
63	8	Lp
63	9	Lp
63	10	Lp
63	11	Lp
63	12	Lp
63	13	Lp
63	14	-1
63	15	Lp
63	16	Lp
63	17	-1
63	18	-1
63	19	U
63	20	U
63	21	-1
63	22	U
63	23	U
63	24	-1
63	25	Lp
63	26	Lp
63	27	Lp
63	28	-1
63	29	-1
63	30	Lp
63	31	Lp
63	32	-1
63	33	Lp
63	34	-1
63	35	Lp
63	36	Lp
63	37	Lp
63	38	Lp
63	39	Lp
63	40	Lp
63	41	-1
63	42	L
63	43	Lp
63	44	Lp
63	45	L
63	46	L
63	47	L
63	48	L
63	49	-1
63	50	Lp
63	51	L
63	52	L
63	53	L
63	54	-1
63	55	Lp
63	56	Lp
63	57	Lp
63	58	Lp
63	59	Lp
63	60	Lp
63	61	Lp
63	62	Lp
63	63	Lp
63	64	Lp
63	65	Lp
63	66	Lp
63	67	Lp
63	68	-1
63	69	Lp
63	70	Lp
63	71	Lp
63	72	Lp
63	73	Lp
63	74	Lp
63	75	Lp
63	76	Lp
63	77	Lp
63	78	Lp
63	79	Lp
63	80	-1
63	81	Lp
63	82	Lp
63	83	-1
63	84	-1
63	85	Lp
63	86	Lp
63	87	-1
63	88	Lp
63	89	Lp
63	90	Lp
63	91	Lp
63	92	Lp
63	93	Lp
63	94	Lp
63	95	-1
63	96	-1
63	97	-1
63	98	Lp
63	99	-1
63	100	Lp
63	101	Lp
63	102	L
63	103	Lp
63	104	Lp
63	105	Lp
63	106	Lp
63	107	Lp
63	108	Lp
63	109	-1
63	110	U
63	111	Lp
63	112	Lp
63	113	-1
63	114	-1
63	115	Lp
63	116	-1
63	117	Lp
63	118	Lp
63	119	Lp
64	0	Lp
64	1	Lp
64	2	-1
64	3	Lp
64	4	-1
64	5	Lp
64	6	Lp
64	7	Lp
64	8	Lp
64	9	-1
64	10	Lp
64	11	Lp
64	12	Lp
64	13	Lp
64	14	-1
64	15	Lp
64	16	-1
64	17	-1
64	18	-1
64	19	U
64	20	U
64	21	U
64	22	U
64	23	U
64	24	Lp
64	25	U
64	26	U
64	27	U
64	28	Lp
64	29	-1
64	30	Lp
64	31	Lp
64	32	Lp
64	33	Lp
64	34	Lp
64	35	Lp
64	36	Lp
64	37	Lp
64	38	-1
64	39	Lp
64	40	-1
64	41	Lp
64	42	Lp
64	43	Lp
64	44	Lp
64	45	-1
64	46	L
64	47	L
64	48	-1
64	49	L
64	50	L
64	51	L
64	52	L
64	53	L
64	54	-1
64	55	Lp
64	56	-1
64	57	-1
64	58	Lp
64	59	Lp
64	60	U
64	61	-1
64	62	Lp
64	63	Lp
64	64	-1
64	65	Lp
64	66	Lp
64	67	-1
64	68	Lp
64	69	Lp
64	70	Lp
64	71	Lp
64	72	Lp
64	73	Lp
64	74	Lp
64	75	Lp
64	76	Lp
64	77	Lp
64	78	-1
64	79	Lp
64	80	Lp
64	81	Lp
64	82	Lp
64	83	Lp
64	84	Lp
64	85	Lp
64	86	Lp
64	87	Lp
64	88	Lp
64	89	-1
64	90	Lp
64	91	-1
64	92	Lp
64	93	Lp
64	94	Lp
64	95	-1
64	96	Lp
64	97	Lp
64	98	Lp
64	99	Lp
64	100	-1
64	101	Lp
64	102	Lp
64	103	-1
64	104	Lp
64	105	-1
64	106	-1
64	107	L
64	108	-1
64	109	Lp
64	110	-1
64	111	Lp
64	112	Lp
64	113	Lp
64	114	-1
64	115	Lp
64	116	Lp
64	117	Lp
64	118	-1
64	119	-1
65	0	Lp
65	1	Lp
65	2	-1
65	3	L
65	4	-1
65	5	Lp
65	6	Lp
65	7	Lp
65	8	Lp
65	9	Lp
65	10	Lp
65	11	-1
65	12	Lp
65	13	-1
65	14	-1
65	15	Lp
65	16	Lp
65	17	Lp
65	18	Lp
65	19	Lp
65	20	Lp
65	21	U
65	22	Lp
65	23	U
65	24	-1
65	25	Lp
65	26	U
65	27	Lp
65	28	Lp
65	29	-1
65	30	Lp
65	31	-1
65	32	Lp
65	33	Lp
65	34	Lp
65	35	-1
65	36	Lp
65	37	Lp
65	38	Lp
65	39	-1
65	40	Lp
65	41	Lp
65	42	Lp
65	43	Lp
65	44	Lp
65	45	-1
65	46	L
65	47	Lp
65	48	Lp
65	49	-1
65	50	L
65	51	L
65	52	L
65	53	-1
65	54	Lp
65	55	-1
65	56	Lp
65	57	Lp
65	58	Lp
65	59	U
65	60	U
65	61	U
65	62	Lp
65	63	Lp
65	64	Lp
65	65	Lp
65	66	Lp
65	67	Lp
65	68	Lp
65	69	Lp
65	70	-1
65	71	Lp
65	72	Lp
65	73	Lp
65	74	-1
65	75	Lp
65	76	-1
65	77	Lp
65	78	Lp
65	79	Lp
65	80	-1
65	81	-1
65	82	-1
65	83	-1
65	84	Lp
65	85	-1
65	86	Lp
65	87	Lp
65	88	Lp
65	89	-1
65	90	-1
65	91	Lp
65	92	-1
65	93	-1
65	94	Lp
65	95	Lp
65	96	-1
65	97	Lp
65	98	Lp
65	99	-1
65	100	Lp
65	101	Lp
65	102	Lp
65	103	Lp
65	104	Lp
65	105	Lp
65	106	-1
65	107	L
65	108	L
65	109	Lp
65	110	Lp
65	111	Lp
65	112	-1
65	113	-1
65	114	Lp
65	115	Lp
65	116	Lp
65	117	-1
65	118	Lp
65	119	-1
66	0	-1
66	1	Lp
66	2	L
66	3	-1
66	4	Lp
66	5	Lp
66	6	Lp
66	7	Lp
66	8	Lp
66	9	Lp
66	10	Lp
66	11	Lp
66	12	Lp
66	13	Lp
66	14	Lp
66	15	Lp
66	16	-1
66	17	Lp
66	18	Lp
66	19	-1
66	20	Lp
66	21	-1
66	22	U
66	23	U
66	24	Lp
66	25	Lp
66	26	-1
66	27	-1
66	28	Lp
66	29	Lp
66	30	Lp
66	31	Lp
66	32	-1
66	33	Lp
66	34	-1
66	35	Lp
66	36	-1
66	37	Lp
66	38	Lp
66	39	Lp
66	40	Lp
66	41	Lp
66	42	Lp
66	43	Lp
66	44	Lp
66	45	L
66	46	L
66	47	Lp
66	48	Lp
66	49	Lp
66	50	-1
66	51	-1
66	52	-1
66	53	-1
66	54	-1
66	55	Lp
66	56	Lp
66	57	Lp
66	58	Lp
66	59	U
66	60	U
66	61	-1
66	62	-1
66	63	Lp
66	64	Lp
66	65	L
66	66	Lp
66	67	Lp
66	68	Lp
66	69	Lp
66	70	Lp
66	71	Lp
66	72	Lp
66	73	Lp
66	74	Lp
66	75	Lp
66	76	Lp
66	77	Lp
66	78	Lp
66	79	-1
66	80	Lp
66	81	Lp
66	82	Lp
66	83	Lp
66	84	Lp
66	85	Lp
66	86	-1
66	87	L
66	88	-1
66	89	-1
66	90	-1
66	91	Lp
66	92	Lp
66	93	Lp
66	94	Lp
66	95	Lp
66	96	-1
66	97	-1
66	98	-1
66	99	L
66	100	-1
66	101	L
66	102	Lp
66	103	Lp
66	104	Lp
66	105	-1
66	106	-1
66	107	L
66	108	-1
66	109	Lp
66	110	Lp
66	111	Lp
66	112	Lp
66	113	Lp
66	114	-1
66	115	Lp
66	116	-1
66	117	Lp
66	118	-1
66	119	-1
67	0	Lp
67	1	-1
67	2	L
67	3	Lp
67	4	Lp
67	5	Lp
67	6	Lp
67	7	Lp
67	8	Lp
67	9	Lp
67	10	Lp
67	11	Lp
67	12	Lp
67	13	Lp
67	14	-1
67	15	Lp
67	16	Lp
67	17	Lp
67	18	Lp
67	19	-1
67	20	-1
67	21	-1
67	22	U
67	23	-1
67	24	-1
67	25	Lp
67	26	Lp
67	27	Lp
67	28	-1
67	29	-1
67	30	Lp
67	31	Lp
67	32	Lp
67	33	Lp
67	34	-1
67	35	Lp
67	36	Lp
67	37	U
67	38	Lp
67	39	-1
67	40	-1
67	41	Lp
67	42	-1
67	43	Lp
67	44	L
67	45	L
67	46	L
67	47	Lp
67	48	Lp
67	49	-1
67	50	-1
67	51	Lp
67	52	Lp
67	53	L
67	54	L
67	55	Lp
67	56	Lp
67	57	-1
67	58	-1
67	59	Lp
67	60	U
67	61	L
67	62	L
67	63	-1
67	64	Lp
67	65	L
67	66	L
67	67	L
67	68	Lp
67	69	Lp
67	70	Lp
67	71	Lp
67	72	Lp
67	73	Lp
67	74	Lp
67	75	Lp
67	76	Lp
67	77	Lp
67	78	Lp
67	79	Lp
67	80	Lp
67	81	Lp
67	82	Lp
67	83	Lp
67	84	Lp
67	85	Lp
67	86	Lp
67	87	Lp
67	88	L
67	89	Lp
67	90	Lp
67	91	Lp
67	92	Lp
67	93	Lp
67	94	Lp
67	95	Lp
67	96	-1
67	97	Lp
67	98	-1
67	99	L
67	100	Lp
67	101	U
67	102	Lp
67	103	Lp
67	104	-1
67	105	-1
67	106	-1
67	107	-1
67	108	L
67	109	-1
67	110	Lp
67	111	-1
67	112	-1
67	113	Lp
67	114	-1
67	115	-1
67	116	Lp
67	117	Lp
67	118	Lp
67	119	-1
68	0	Lp
68	1	L
68	2	L
68	3	Lp
68	4	Lp
68	5	Lp
68	6	-1
68	7	Lp
68	8	Lp
68	9	-1
68	10	Lp
68	11	-1
68	12	L
68	13	Lp
68	14	Lp
68	15	Lp
68	16	Lp
68	17	U
68	18	U
68	19	Lp
68	20	-1
68	21	Lp
68	22	Lp
68	23	-1
68	24	Lp
68	25	Lp
68	26	Lp
68	27	Lp
68	28	Lp
68	29	-1
68	30	Lp
68	31	Lp
68	32	Lp
68	33	Lp
68	34	U
68	35	-1
68	36	Lp
68	37	Lp
68	38	Lp
68	39	Lp
68	40	Lp
68	41	Lp
68	42	Lp
68	43	U
68	44	L
68	45	L
68	46	L
68	47	-1
68	48	Lp
68	49	Lp
68	50	Lp
68	51	-1
68	52	-1
68	53	Lp
68	54	L
68	55	Lp
68	56	Lp
68	57	Lp
68	58	-1
68	59	U
68	60	Lp
68	61	L
68	62	Lp
68	63	Lp
68	64	Lp
68	65	-1
68	66	Lp
68	67	Lp
68	68	Lp
68	69	Lp
68	70	-1
68	71	Lp
68	72	Lp
68	73	Lp
68	74	U
68	75	Lp
68	76	Lp
68	77	Lp
68	78	Lp
68	79	Lp
68	80	Lp
68	81	Lp
68	82	-1
68	83	Lp
68	84	Lp
68	85	Lp
68	86	-1
68	87	-1
68	88	Lp
68	89	-1
68	90	Lp
68	91	-1
68	92	-1
68	93	Lp
68	94	Lp
68	95	L
68	96	L
68	97	-1
68	98	-1
68	99	-1
68	100	Lp
68	101	-1
68	102	Lp
68	103	Lp
68	104	-1
68	105	Lp
68	106	Lp
68	107	-1
68	108	L
68	109	Lp
68	110	Lp
68	111	Lp
68	112	Lp
68	113	Lp
68	114	Lp
68	115	Lp
68	116	Lp
68	117	Lp
68	118	-1
68	119	Lp
69	0	L
69	1	L
69	2	L
69	3	-1
69	4	Lp
69	5	Lp
69	6	-1
69	7	L
69	8	L
69	9	L
69	10	-1
69	11	L
69	12	-1
69	13	Lp
69	14	Lp
69	15	Lp
69	16	-1
69	17	-1
69	18	U
69	19	-1
69	20	-1
69	21	Lp
69	22	-1
69	23	Lp
69	24	Lp
69	25	Lp
69	26	Lp
69	27	-1
69	28	U
69	29	-1
69	30	Lp
69	31	Lp
69	32	Lp
69	33	-1
69	34	Lp
69	35	Lp
69	36	-1
69	37	Lp
69	38	Lp
69	39	Lp
69	40	Lp
69	41	Lp
69	42	Lp
69	43	Lp
69	44	-1
69	45	L
69	46	Lp
69	47	Lp
69	48	Lp
69	49	Lp
69	50	-1
69	51	Lp
69	52	Lp
69	53	-1
69	54	L
69	55	Lp
69	56	-1
69	57	-1
69	58	Lp
69	59	Lp
69	60	Lp
69	61	Lp
69	62	Lp
69	63	Lp
69	64	Lp
69	65	Lp
69	66	Lp
69	67	Lp
69	68	-1
69	69	L
69	70	U
69	71	L
69	72	-1
69	73	U
69	74	Lp
69	75	Lp
69	76	Lp
69	77	Lp
69	78	Lp
69	79	-1
69	80	-1
69	81	Lp
69	82	Lp
69	83	Lp
69	84	Lp
69	85	Lp
69	86	Lp
69	87	-1
69	88	-1
69	89	Lp
69	90	Lp
69	91	Lp
69	92	-1
69	93	Lp
69	94	L
69	95	L
69	96	-1
69	97	Lp
69	98	Lp
69	99	Lp
69	100	-1
69	101	Lp
69	102	Lp
69	103	-1
69	104	Lp
69	105	-1
69	106	Lp
69	107	Lp
69	108	Lp
69	109	Lp
69	110	Lp
69	111	Lp
69	112	-1
69	113	Lp
69	114	-1
69	115	Lp
69	116	Lp
69	117	Lp
69	118	-1
69	119	L
70	0	L
70	1	L
70	2	L
70	3	L
70	4	L
70	5	L
70	6	-1
70	7	L
70	8	L
70	9	Lp
70	10	Lp
70	11	L
70	12	L
70	13	L
70	14	Lp
70	15	-1
70	16	Lp
70	17	Lp
70	18	U
70	19	U
70	20	U
70	21	Lp
70	22	U
70	23	U
70	24	-1
70	25	Lp
70	26	U
70	27	U
70	28	-1
70	29	U
70	30	U
70	31	Lp
70	32	-1
70	33	Lp
70	34	-1
70	35	Lp
70	36	Lp
70	37	Lp
70	38	Lp
70	39	Lp
70	40	Lp
70	41	Lp
70	42	-1
70	43	Lp
70	44	Lp
70	45	L
70	46	Lp
70	47	-1
70	48	-1
70	49	Lp
70	50	-1
70	51	Lp
70	52	L
70	53	L
70	54	Lp
70	55	L
70	56	-1
70	57	Lp
70	58	Lp
70	59	Lp
70	60	-1
70	61	Lp
70	62	Lp
70	63	Lp
70	64	Lp
70	65	Lp
70	66	Lp
70	67	Lp
70	68	Lp
70	69	L
70	70	L
70	71	L
70	72	U
70	73	U
70	74	Lp
70	75	Lp
70	76	L
70	77	Lp
70	78	Lp
70	79	-1
70	80	Lp
70	81	Lp
70	82	Lp
70	83	Lp
70	84	Lp
70	85	Lp
70	86	Lp
70	87	-1
70	88	Lp
70	89	-1
70	90	Lp
70	91	Lp
70	92	Lp
70	93	Lp
70	94	L
70	95	L
70	96	Lp
70	97	-1
70	98	Lp
70	99	L
70	100	-1
70	101	-1
70	102	-1
70	103	Lp
70	104	Lp
70	105	Lp
70	106	Lp
70	107	Lp
70	108	Lp
70	109	Lp
70	110	-1
70	111	Lp
70	112	Lp
70	113	Lp
70	114	Lp
70	115	Lp
70	116	L
70	117	L
70	118	Lp
70	119	-1
71	0	U
71	1	L
71	2	L
71	3	L
71	4	L
71	5	L
71	6	L
71	7	L
71	8	Lp
71	9	Lp
71	10	L
71	11	L
71	12	L
71	13	-1
71	14	Lp
71	15	Lp
71	16	-1
71	17	Lp
71	18	Lp
71	19	U
71	20	U
71	21	-1
71	22	Lp
71	23	U
71	24	Lp
71	25	Lp
71	26	U
71	27	U
71	28	U
71	29	U
71	30	-1
71	31	-1
71	32	Lp
71	33	Lp
71	34	-1
71	35	-1
71	36	Lp
71	37	Lp
71	38	Lp
71	39	Lp
71	40	-1
71	41	Lp
71	42	Lp
71	43	Lp
71	44	Lp
71	45	Lp
71	46	Lp
71	47	Lp
71	48	Lp
71	49	Lp
71	50	Lp
71	51	L
71	52	Lp
71	53	Lp
71	54	L
71	55	L
71	56	Lp
71	57	-1
71	58	Lp
71	59	Lp
71	60	Lp
71	61	Lp
71	62	Lp
71	63	Lp
71	64	Lp
71	65	Lp
71	66	-1
71	67	L
71	68	L
71	69	-1
71	70	L
71	71	-1
71	72	Lp
71	73	U
71	74	U
71	75	-1
71	76	L
71	77	L
71	78	-1
71	79	-1
71	80	L
71	81	Lp
71	82	Lp
71	83	Lp
71	84	Lp
71	85	-1
71	86	-1
71	87	-1
71	88	-1
71	89	Lp
71	90	Lp
71	91	Lp
71	92	Lp
71	93	Lp
71	94	Lp
71	95	L
71	96	L
71	97	-1
71	98	-1
71	99	L
71	100	L
71	101	L
71	102	L
71	103	-1
71	104	Lp
71	105	Lp
71	106	Lp
71	107	Lp
71	108	Lp
71	109	Lp
71	110	-1
71	111	-1
71	112	Lp
71	113	Lp
71	114	-1
71	115	-1
71	116	L
71	117	Lp
71	118	L
71	119	L
72	0	L
72	1	-1
72	2	-1
72	3	-1
72	4	L
72	5	L
72	6	L
72	7	-1
72	8	-1
72	9	L
72	10	L
72	11	-1
72	12	L
72	13	L
72	14	Lp
72	15	Lp
72	16	-1
72	17	Lp
72	18	Lp
72	19	U
72	20	U
72	21	U
72	22	U
72	23	Lp
72	24	-1
72	25	-1
72	26	-1
72	27	U
72	28	U
72	29	-1
72	30	U
72	31	U
72	32	U
72	33	U
72	34	U
72	35	-1
72	36	U
72	37	Lp
72	38	Lp
72	39	Lp
72	40	-1
72	41	Lp
72	42	Lp
72	43	Lp
72	44	Lp
72	45	Lp
72	46	Lp
72	47	Lp
72	48	Lp
72	49	Lp
72	50	L
72	51	Lp
72	52	L
72	53	L
72	54	Lp
72	55	L
72	56	L
72	57	Lp
72	58	Lp
72	59	Lp
72	60	Lp
72	61	Lp
72	62	Lp
72	63	Lp
72	64	Lp
72	65	-1
72	66	L
72	67	-1
72	68	Lp
72	69	-1
72	70	L
72	71	Lp
72	72	L
72	73	L
72	74	U
72	75	U
72	76	L
72	77	U
72	78	L
72	79	L
72	80	Lp
72	81	L
72	82	Lp
72	83	Lp
72	84	Lp
72	85	Lp
72	86	-1
72	87	Lp
72	88	Lp
72	89	Lp
72	90	Lp
72	91	-1
72	92	Lp
72	93	Lp
72	94	-1
72	95	L
72	96	L
72	97	L
72	98	L
72	99	L
72	100	-1
72	101	L
72	102	L
72	103	-1
72	104	Lp
72	105	Lp
72	106	Lp
72	107	Lp
72	108	Lp
72	109	-1
72	110	-1
72	111	Lp
72	112	Lp
72	113	Lp
72	114	Lp
72	115	Lp
72	116	L
72	117	L
72	118	-1
72	119	L
73	0	L
73	1	L
73	2	-1
73	3	L
73	4	-1
73	5	L
73	6	Lp
73	7	Lp
73	8	L
73	9	Lp
73	10	L
73	11	-1
73	12	L
73	13	Lp
73	14	Lp
73	15	Lp
73	16	Lp
73	17	-1
73	18	U
73	19	U
73	20	L
73	21	-1
73	22	-1
73	23	-1
73	24	U
73	25	Lp
73	26	U
73	27	U
73	28	U
73	29	Lp
73	30	-1
73	31	U
73	32	U
73	33	U
73	34	-1
73	35	-1
73	36	U
73	37	Lp
73	38	Lp
73	39	-1
73	40	Lp
73	41	Lp
73	42	Lp
73	43	Lp
73	44	Lp
73	45	Lp
73	46	Lp
73	47	Lp
73	48	Lp
73	49	Lp
73	50	-1
73	51	L
73	52	L
73	53	L
73	54	-1
73	55	L
73	56	L
73	57	Lp
73	58	Lp
73	59	Lp
73	60	Lp
73	61	Lp
73	62	Lp
73	63	Lp
73	64	L
73	65	L
73	66	L
73	67	L
73	68	Lp
73	69	-1
73	70	Lp
73	71	-1
73	72	-1
73	73	L
73	74	Lp
73	75	L
73	76	-1
73	77	L
73	78	Lp
73	79	-1
73	80	Lp
73	81	Lp
73	82	Lp
73	83	Lp
73	84	Lp
73	85	Lp
73	86	Lp
73	87	Lp
73	88	Lp
73	89	Lp
73	90	Lp
73	91	-1
73	92	-1
73	93	-1
73	94	L
73	95	Lp
73	96	Lp
73	97	Lp
73	98	Lp
73	99	Lp
73	100	L
73	101	L
73	102	L
73	103	Lp
73	104	Lp
73	105	Lp
73	106	Lp
73	107	Lp
73	108	-1
73	109	Lp
73	110	Lp
73	111	Lp
73	112	Lp
73	113	-1
73	114	Lp
73	115	Lp
73	116	L
73	117	L
73	118	L
73	119	L
74	0	L
74	1	L
74	2	L
74	3	L
74	4	-1
74	5	Lp
74	6	Lp
74	7	Lp
74	8	U
74	9	Lp
74	10	Lp
74	11	-1
74	12	-1
74	13	L
74	14	L
74	15	Lp
74	16	Lp
74	17	Lp
74	18	-1
74	19	U
74	20	L
74	21	Lp
74	22	-1
74	23	Lp
74	24	-1
74	25	Lp
74	26	U
74	27	U
74	28	U
74	29	Lp
74	30	Lp
74	31	Lp
74	32	-1
74	33	-1
74	34	-1
74	35	-1
74	36	Lp
74	37	Lp
74	38	Lp
74	39	Lp
74	40	Lp
74	41	-1
74	42	Lp
74	43	Lp
74	44	-1
74	45	Lp
74	46	Lp
74	47	Lp
74	48	L
74	49	-1
74	50	L
74	51	L
74	52	L
74	53	L
74	54	L
74	55	L
74	56	L
74	57	L
74	58	L
74	59	Lp
74	60	Lp
74	61	Lp
74	62	U
74	63	U
74	64	Lp
74	65	L
74	66	L
74	67	L
74	68	-1
74	69	Lp
74	70	L
74	71	L
74	72	Lp
74	73	Lp
74	74	Lp
74	75	-1
74	76	L
74	77	-1
74	78	Lp
74	79	-1
74	80	-1
74	81	Lp
74	82	Lp
74	83	Lp
74	84	Lp
74	85	Lp
74	86	Lp
74	87	-1
74	88	Lp
74	89	Lp
74	90	Lp
74	91	-1
74	92	-1
74	93	Lp
74	94	Lp
74	95	-1
74	96	Lp
74	97	Lp
74	98	L
74	99	L
74	100	Lp
74	101	L
74	102	Lp
74	103	Lp
74	104	-1
74	105	Lp
74	106	Lp
74	107	-1
74	108	Lp
74	109	-1
74	110	Lp
74	111	Lp
74	112	Lp
74	113	Lp
74	114	Lp
74	115	U
74	116	Lp
74	117	L
74	118	L
74	119	L
75	0	L
75	1	L
75	2	L
75	3	Lp
75	4	Lp
75	5	Lp
75	6	-1
75	7	-1
75	8	Lp
75	9	Lp
75	10	Lp
75	11	Lp
75	12	Lp
75	13	-1
75	14	Lp
75	15	Lp
75	16	-1
75	17	-1
75	18	Lp
75	19	Lp
75	20	-1
75	21	Lp
75	22	Lp
75	23	Lp
75	24	Lp
75	25	Lp
75	26	-1
75	27	Lp
75	28	-1
75	29	U
75	30	Lp
75	31	-1
75	32	U
75	33	-1
75	34	Lp
75	35	U
75	36	Lp
75	37	Lp
75	38	Lp
75	39	Lp
75	40	-1
75	41	Lp
75	42	Lp
75	43	Lp
75	44	Lp
75	45	Lp
75	46	Lp
75	47	Lp
75	48	Lp
75	49	L
75	50	L
75	51	L
75	52	Lp
75	53	L
75	54	L
75	55	L
75	56	L
75	57	-1
75	58	-1
75	59	Lp
75	60	-1
75	61	-1
75	62	Lp
75	63	U
75	64	U
75	65	L
75	66	-1
75	67	L
75	68	L
75	69	-1
75	70	-1
75	71	Lp
75	72	Lp
75	73	L
75	74	Lp
75	75	L
75	76	L
75	77	Lp
75	78	Lp
75	79	Lp
75	80	-1
75	81	Lp
75	82	-1
75	83	Lp
75	84	-1
75	85	Lp
75	86	Lp
75	87	Lp
75	88	Lp
75	89	Lp
75	90	Lp
75	91	Lp
75	92	Lp
75	93	Lp
75	94	Lp
75	95	Lp
75	96	Lp
75	97	Lp
75	98	Lp
75	99	Lp
75	100	L
75	101	L
75	102	L
75	103	Lp
75	104	Lp
75	105	Lp
75	106	Lp
75	107	Lp
75	108	Lp
75	109	Lp
75	110	Lp
75	111	-1
75	112	Lp
75	113	Lp
75	114	U
75	115	Lp
75	116	-1
75	117	L
75	118	L
75	119	L
76	0	L
76	1	L
76	2	L
76	3	Lp
76	4	Lp
76	5	-1
76	6	Lp
76	7	Lp
76	8	Lp
76	9	Lp
76	10	L
76	11	L
76	12	-1
76	13	-1
76	14	Lp
76	15	Lp
76	16	Lp
76	17	U
76	18	-1
76	19	Lp
76	20	Lp
76	21	Lp
76	22	Lp
76	23	Lp
76	24	Lp
76	25	-1
76	26	-1
76	27	Lp
76	28	U
76	29	-1
76	30	Lp
76	31	Lp
76	32	Lp
76	33	Lp
76	34	Lp
76	35	Lp
76	36	Lp
76	37	Lp
76	38	Lp
76	39	-1
76	40	Lp
76	41	Lp
76	42	Lp
76	43	-1
76	44	U
76	45	U
76	46	-1
76	47	Lp
76	48	Lp
76	49	L
76	50	-1
76	51	Lp
76	52	L
76	53	-1
76	54	L
76	55	Lp
76	56	Lp
76	57	L
76	58	L
76	59	L
76	60	U
76	61	U
76	62	U
76	63	Lp
76	64	-1
76	65	Lp
76	66	L
76	67	L
76	68	L
76	69	-1
76	70	-1
76	71	-1
76	72	Lp
76	73	L
76	74	Lp
76	75	L
76	76	L
76	77	L
76	78	Lp
76	79	Lp
76	80	Lp
76	81	-1
76	82	Lp
76	83	L
76	84	Lp
76	85	Lp
76	86	Lp
76	87	Lp
76	88	-1
76	89	Lp
76	90	Lp
76	91	Lp
76	92	Lp
76	93	Lp
76	94	Lp
76	95	Lp
76	96	-1
76	97	Lp
76	98	-1
76	99	Lp
76	100	Lp
76	101	L
76	102	L
76	103	L
76	104	-1
76	105	Lp
76	106	Lp
76	107	Lp
76	108	Lp
76	109	Lp
76	110	Lp
76	111	Lp
76	112	Lp
76	113	Lp
76	114	Lp
76	115	Lp
76	116	L
76	117	L
76	118	-1
76	119	L
77	0	L
77	1	Lp
77	2	-1
77	3	Lp
77	4	Lp
77	5	-1
77	6	Lp
77	7	L
77	8	Lp
77	9	L
77	10	-1
77	11	L
77	12	Lp
77	13	Lp
77	14	Lp
77	15	Lp
77	16	U
77	17	U
77	18	U
77	19	L
77	20	Lp
77	21	Lp
77	22	-1
77	23	-1
77	24	-1
77	25	L
77	26	U
77	27	U
77	28	U
77	29	U
77	30	Lp
77	31	-1
77	32	Lp
77	33	Lp
77	34	Lp
77	35	Lp
77	36	-1
77	37	-1
77	38	Lp
77	39	-1
77	40	Lp
77	41	-1
77	42	Lp
77	43	U
77	44	Lp
77	45	Lp
77	46	Lp
77	47	Lp
77	48	Lp
77	49	Lp
77	50	L
77	51	-1
77	52	-1
77	53	L
77	54	L
77	55	Lp
77	56	-1
77	57	-1
77	58	L
77	59	L
77	60	Lp
77	61	Lp
77	62	-1
77	63	U
77	64	-1
77	65	L
77	66	L
77	67	-1
77	68	L
77	69	L
77	70	-1
77	71	L
77	72	Lp
77	73	Lp
77	74	Lp
77	75	Lp
77	76	-1
77	77	-1
77	78	-1
77	79	Lp
77	80	Lp
77	81	-1
77	82	Lp
77	83	Lp
77	84	Lp
77	85	-1
77	86	Lp
77	87	-1
77	88	Lp
77	89	Lp
77	90	Lp
77	91	Lp
77	92	-1
77	93	-1
77	94	Lp
77	95	Lp
77	96	Lp
77	97	Lp
77	98	Lp
77	99	Lp
77	100	Lp
77	101	L
77	102	Lp
77	103	-1
77	104	Lp
77	105	Lp
77	106	-1
77	107	Lp
77	108	-1
77	109	Lp
77	110	Lp
77	111	Lp
77	112	Lp
77	113	Lp
77	114	Lp
77	115	-1
77	116	-1
77	117	L
77	118	-1
77	119	L
78	0	Lp
78	1	-1
78	2	Lp
78	3	Lp
78	4	Lp
78	5	Lp
78	6	Lp
78	7	L
78	8	L
78	9	-1
78	10	-1
78	11	L
78	12	Lp
78	13	-1
78	14	L
78	15	L
78	16	-1
78	17	U
78	18	Lp
78	19	-1
78	20	L
78	21	Lp
78	22	L
78	23	Lp
78	24	Lp
78	25	Lp
78	26	-1
78	27	-1
78	28	U
78	29	Lp
78	30	Lp
78	31	Lp
78	32	Lp
78	33	Lp
78	34	-1
78	35	Lp
78	36	Lp
78	37	Lp
78	38	-1
78	39	Lp
78	40	Lp
78	41	-1
78	42	Lp
78	43	Lp
78	44	-1
78	45	Lp
78	46	Lp
78	47	Lp
78	48	Lp
78	49	-1
78	50	Lp
78	51	Lp
78	52	Lp
78	53	Lp
78	54	Lp
78	55	Lp
78	56	Lp
78	57	Lp
78	58	Lp
78	59	Lp
78	60	Lp
78	61	Lp
78	62	Lp
78	63	-1
78	64	Lp
78	65	-1
78	66	-1
78	67	L
78	68	-1
78	69	-1
78	70	L
78	71	L
78	72	-1
78	73	Lp
78	74	Lp
78	75	Lp
78	76	L
78	77	L
78	78	L
78	79	L
78	80	Lp
78	81	L
78	82	L
78	83	Lp
78	84	-1
78	85	Lp
78	86	Lp
78	87	L
78	88	-1
78	89	Lp
78	90	-1
78	91	-1
78	92	Lp
78	93	Lp
78	94	Lp
78	95	Lp
78	96	Lp
78	97	-1
78	98	-1
78	99	Lp
78	100	Lp
78	101	L
78	102	L
78	103	Lp
78	104	-1
78	105	Lp
78	106	-1
78	107	Lp
78	108	Lp
78	109	Lp
78	110	Lp
78	111	Lp
78	112	Lp
78	113	Lp
78	114	Lp
78	115	Lp
78	116	L
78	117	L
78	118	-1
78	119	-1
79	0	L
79	1	L
79	2	Lp
79	3	Lp
79	4	Lp
79	5	Lp
79	6	U
79	7	L
79	8	L
79	9	-1
79	10	Lp
79	11	Lp
79	12	L
79	13	L
79	14	L
79	15	Lp
79	16	L
79	17	Lp
79	18	-1
79	19	Lp
79	20	Lp
79	21	Lp
79	22	Lp
79	23	Lp
79	24	Lp
79	25	U
79	26	U
79	27	-1
79	28	Lp
79	29	U
79	30	Lp
79	31	Lp
79	32	Lp
79	33	Lp
79	34	Lp
79	35	Lp
79	36	-1
79	37	Lp
79	38	Lp
79	39	-1
79	40	Lp
79	41	Lp
79	42	Lp
79	43	Lp
79	44	Lp
79	45	Lp
79	46	Lp
79	47	Lp
79	48	Lp
79	49	Lp
79	50	-1
79	51	Lp
79	52	Lp
79	53	-1
79	54	Lp
79	55	Lp
79	56	Lp
79	57	Lp
79	58	Lp
79	59	Lp
79	60	L
79	61	Lp
79	62	Lp
79	63	Lp
79	64	L
79	65	L
79	66	L
79	67	L
79	68	L
79	69	L
79	70	Lp
79	71	Lp
79	72	Lp
79	73	Lp
79	74	Lp
79	75	Lp
79	76	L
79	77	L
79	78	Lp
79	79	L
79	80	Lp
79	81	L
79	82	Lp
79	83	Lp
79	84	Lp
79	85	L
79	86	L
79	87	-1
79	88	Lp
79	89	Lp
79	90	Lp
79	91	Lp
79	92	-1
79	93	Lp
79	94	-1
79	95	Lp
79	96	Lp
79	97	Lp
79	98	Lp
79	99	-1
79	100	-1
79	101	Lp
79	102	-1
79	103	Lp
79	104	Lp
79	105	Lp
79	106	Lp
79	107	Lp
79	108	Lp
79	109	Lp
79	110	Lp
79	111	Lp
79	112	-1
79	113	L
79	114	Lp
79	115	L
79	116	L
79	117	L
79	118	L
79	119	L
80	0	L
80	1	Lp
80	2	Lp
80	3	Lp
80	4	Lp
80	5	Lp
80	6	Lp
80	7	Lp
80	8	Lp
80	9	Lp
80	10	-1
80	11	Lp
80	12	L
80	13	-1
80	14	L
80	15	-1
80	16	L
80	17	Lp
80	18	Lp
80	19	-1
80	20	Lp
80	21	Lp
80	22	-1
80	23	Lp
80	24	-1
80	25	Lp
80	26	U
80	27	U
80	28	-1
80	29	Lp
80	30	Lp
80	31	Lp
80	32	Lp
80	33	Lp
80	34	Lp
80	35	Lp
80	36	Lp
80	37	Lp
80	38	Lp
80	39	Lp
80	40	-1
80	41	-1
80	42	Lp
80	43	-1
80	44	Lp
80	45	Lp
80	46	-1
80	47	Lp
80	48	Lp
80	49	-1
80	50	Lp
80	51	Lp
80	52	Lp
80	53	-1
80	54	Lp
80	55	Lp
80	56	Lp
80	57	-1
80	58	Lp
80	59	U
80	60	L
80	61	-1
80	62	Lp
80	63	Lp
80	64	L
80	65	L
80	66	L
80	67	L
80	68	-1
80	69	-1
80	70	L
80	71	Lp
80	72	Lp
80	73	-1
80	74	Lp
80	75	Lp
80	76	Lp
80	77	Lp
80	78	L
80	79	L
80	80	Lp
80	81	Lp
80	82	Lp
80	83	-1
80	84	-1
80	85	-1
80	86	-1
80	87	Lp
80	88	Lp
80	89	-1
80	90	Lp
80	91	Lp
80	92	Lp
80	93	Lp
80	94	-1
80	95	Lp
80	96	Lp
80	97	Lp
80	98	Lp
80	99	-1
80	100	Lp
80	101	Lp
80	102	Lp
80	103	Lp
80	104	Lp
80	105	Lp
80	106	-1
80	107	Lp
80	108	Lp
80	109	Lp
80	110	-1
80	111	Lp
80	112	Lp
80	113	-1
80	114	L
80	115	L
80	116	L
80	117	Lp
80	118	L
80	119	-1
81	0	-1
81	1	Lp
81	2	L
81	3	Lp
81	4	Lp
81	5	Lp
81	6	Lp
81	7	Lp
81	8	-1
81	9	Lp
81	10	Lp
81	11	Lp
81	12	L
81	13	L
81	14	L
81	15	-1
81	16	Lp
81	17	-1
81	18	-1
81	19	Lp
81	20	Lp
81	21	-1
81	22	Lp
81	23	Lp
81	24	Lp
81	25	Lp
81	26	Lp
81	27	Lp
81	28	Lp
81	29	Lp
81	30	Lp
81	31	Lp
81	32	Lp
81	33	Lp
81	34	-1
81	35	-1
81	36	Lp
81	37	-1
81	38	-1
81	39	-1
81	40	Lp
81	41	Lp
81	42	Lp
81	43	Lp
81	44	Lp
81	45	Lp
81	46	-1
81	47	Lp
81	48	Lp
81	49	Lp
81	50	Lp
81	51	-1
81	52	Lp
81	53	Lp
81	54	Lp
81	55	Lp
81	56	Lp
81	57	-1
81	58	U
81	59	Lp
81	60	Lp
81	61	-1
81	62	-1
81	63	Lp
81	64	L
81	65	L
81	66	L
81	67	L
81	68	-1
81	69	L
81	70	L
81	71	Lp
81	72	Lp
81	73	-1
81	74	Lp
81	75	-1
81	76	Lp
81	77	L
81	78	L
81	79	L
81	80	L
81	81	Lp
81	82	Lp
81	83	Lp
81	84	Lp
81	85	-1
81	86	Lp
81	87	-1
81	88	Lp
81	89	Lp
81	90	Lp
81	91	-1
81	92	-1
81	93	-1
81	94	Lp
81	95	Lp
81	96	Lp
81	97	U
81	98	-1
81	99	Lp
81	100	Lp
81	101	Lp
81	102	U
81	103	Lp
81	104	Lp
81	105	Lp
81	106	Lp
81	107	Lp
81	108	Lp
81	109	Lp
81	110	Lp
81	111	Lp
81	112	Lp
81	113	Lp
81	114	-1
81	115	L
81	116	Lp
81	117	L
81	118	L
81	119	-1
82	0	Lp
82	1	L
82	2	U
82	3	Lp
82	4	L
82	5	Lp
82	6	Lp
82	7	Lp
82	8	Lp
82	9	Lp
82	10	Lp
82	11	L
82	12	Lp
82	13	L
82	14	-1
82	15	L
82	16	Lp
82	17	Lp
82	18	Lp
82	19	Lp
82	20	Lp
82	21	Lp
82	22	-1
82	23	-1
82	24	-1
82	25	Lp
82	26	-1
82	27	Lp
82	28	Lp
82	29	Lp
82	30	Lp
82	31	-1
82	32	Lp
82	33	Lp
82	34	Lp
82	35	Lp
82	36	-1
82	37	Lp
82	38	U
82	39	-1
82	40	Lp
82	41	Lp
82	42	Lp
82	43	Lp
82	44	Lp
82	45	Lp
82	46	Lp
82	47	Lp
82	48	Lp
82	49	Lp
82	50	Lp
82	51	Lp
82	52	-1
82	53	Lp
82	54	Lp
82	55	Lp
82	56	-1
82	57	U
82	58	Lp
82	59	Lp
82	60	Lp
82	61	-1
82	62	Lp
82	63	L
82	64	L
82	65	L
82	66	L
82	67	L
82	68	L
82	69	-1
82	70	L
82	71	Lp
82	72	-1
82	73	-1
82	74	Lp
82	75	Lp
82	76	Lp
82	77	Lp
82	78	L
82	79	L
82	80	Lp
82	81	Lp
82	82	Lp
82	83	Lp
82	84	Lp
82	85	Lp
82	86	-1
82	87	-1
82	88	Lp
82	89	Lp
82	90	Lp
82	91	-1
82	92	Lp
82	93	U
82	94	U
82	95	Lp
82	96	Lp
82	97	Lp
82	98	Lp
82	99	Lp
82	100	Lp
82	101	Lp
82	102	Lp
82	103	Lp
82	104	Lp
82	105	Lp
82	106	Lp
82	107	-1
82	108	Lp
82	109	Lp
82	110	U
82	111	-1
82	112	Lp
82	113	Lp
82	114	L
82	115	-1
82	116	Lp
82	117	L
82	118	L
82	119	Lp
83	0	L
83	1	L
83	2	-1
83	3	Lp
83	4	-1
83	5	Lp
83	6	-1
83	7	Lp
83	8	Lp
83	9	L
83	10	L
83	11	L
83	12	L
83	13	L
83	14	L
83	15	L
83	16	Lp
83	17	Lp
83	18	Lp
83	19	Lp
83	20	L
83	21	Lp
83	22	Lp
83	23	Lp
83	24	L
83	25	L
83	26	L
83	27	-1
83	28	Lp
83	29	Lp
83	30	Lp
83	31	Lp
83	32	Lp
83	33	Lp
83	34	Lp
83	35	Lp
83	36	Lp
83	37	Lp
83	38	-1
83	39	Lp
83	40	-1
83	41	Lp
83	42	U
83	43	-1
83	44	Lp
83	45	Lp
83	46	-1
83	47	Lp
83	48	-1
83	49	Lp
83	50	Lp
83	51	Lp
83	52	Lp
83	53	-1
83	54	Lp
83	55	Lp
83	56	-1
83	57	L
83	58	-1
83	59	Lp
83	60	Lp
83	61	L
83	62	Lp
83	63	L
83	64	-1
83	65	L
83	66	-1
83	67	L
83	68	-1
83	69	-1
83	70	Lp
83	71	Lp
83	72	Lp
83	73	Lp
83	74	L
83	75	L
83	76	L
83	77	-1
83	78	L
83	79	L
83	80	Lp
83	81	Lp
83	82	Lp
83	83	Lp
83	84	Lp
83	85	-1
83	86	Lp
83	87	Lp
83	88	Lp
83	89	Lp
83	90	Lp
83	91	Lp
83	92	Lp
83	93	Lp
83	94	Lp
83	95	U
83	96	Lp
83	97	U
83	98	-1
83	99	Lp
83	100	Lp
83	101	Lp
83	102	Lp
83	103	Lp
83	104	Lp
83	105	Lp
83	106	Lp
83	107	Lp
83	108	Lp
83	109	-1
83	110	Lp
83	111	-1
83	112	Lp
83	113	Lp
83	114	L
83	115	-1
83	116	-1
83	117	Lp
83	118	-1
83	119	L
84	0	L
84	1	L
84	2	Lp
84	3	L
84	4	Lp
84	5	Lp
84	6	Lp
84	7	Lp
84	8	-1
84	9	Lp
84	10	L
84	11	Lp
84	12	-1
84	13	-1
84	14	L
84	15	L
84	16	L
84	17	L
84	18	Lp
84	19	Lp
84	20	Lp
84	21	Lp
84	22	Lp
84	23	U
84	24	-1
84	25	L
84	26	L
84	27	L
84	28	L
84	29	Lp
84	30	-1
84	31	-1
84	32	Lp
84	33	Lp
84	34	Lp
84	35	-1
84	36	Lp
84	37	Lp
84	38	Lp
84	39	Lp
84	40	Lp
84	41	Lp
84	42	Lp
84	43	Lp
84	44	Lp
84	45	Lp
84	46	Lp
84	47	Lp
84	48	Lp
84	49	Lp
84	50	Lp
84	51	Lp
84	52	Lp
84	53	Lp
84	54	-1
84	55	Lp
84	56	Lp
84	57	-1
84	58	Lp
84	59	Lp
84	60	Lp
84	61	-1
84	62	L
84	63	L
84	64	-1
84	65	L
84	66	-1
84	67	L
84	68	L
84	69	L
84	70	L
84	71	-1
84	72	Lp
84	73	L
84	74	-1
84	75	L
84	76	L
84	77	Lp
84	78	L
84	79	Lp
84	80	Lp
84	81	Lp
84	82	Lp
84	83	Lp
84	84	Lp
84	85	-1
84	86	Lp
84	87	Lp
84	88	Lp
84	89	Lp
84	90	Lp
84	91	-1
84	92	Lp
84	93	Lp
84	94	Lp
84	95	Lp
84	96	Lp
84	97	Lp
84	98	U
84	99	-1
84	100	Lp
84	101	Lp
84	102	Lp
84	103	Lp
84	104	Lp
84	105	-1
84	106	-1
84	107	Lp
84	108	Lp
84	109	Lp
84	110	-1
84	111	Lp
84	112	Lp
84	113	Lp
84	114	Lp
84	115	Lp
84	116	Lp
84	117	Lp
84	118	L
84	119	-1
85	0	L
85	1	L
85	2	L
85	3	Lp
85	4	L
85	5	-1
85	6	Lp
85	7	Lp
85	8	Lp
85	9	Lp
85	10	Lp
85	11	Lp
85	12	Lp
85	13	Lp
85	14	-1
85	15	L
85	16	-1
85	17	L
85	18	L
85	19	Lp
85	20	Lp
85	21	L
85	22	L
85	23	L
85	24	L
85	25	U
85	26	L
85	27	L
85	28	L
85	29	Lp
85	30	L
85	31	Lp
85	32	Lp
85	33	Lp
85	34	Lp
85	35	Lp
85	36	Lp
85	37	Lp
85	38	Lp
85	39	Lp
85	40	-1
85	41	Lp
85	42	Lp
85	43	Lp
85	44	Lp
85	45	Lp
85	46	Lp
85	47	Lp
85	48	-1
85	49	Lp
85	50	Lp
85	51	Lp
85	52	-1
85	53	-1
85	54	-1
85	55	Lp
85	56	L
85	57	L
85	58	Lp
85	59	Lp
85	60	Lp
85	61	L
85	62	L
85	63	L
85	64	L
85	65	L
85	66	-1
85	67	L
85	68	-1
85	69	-1
85	70	-1
85	71	L
85	72	L
85	73	-1
85	74	Lp
85	75	-1
85	76	Lp
85	77	Lp
85	78	Lp
85	79	-1
85	80	Lp
85	81	Lp
85	82	Lp
85	83	-1
85	84	Lp
85	85	Lp
85	86	Lp
85	87	-1
85	88	Lp
85	89	-1
85	90	-1
85	91	Lp
85	92	Lp
85	93	-1
85	94	-1
85	95	Lp
85	96	Lp
85	97	Lp
85	98	-1
85	99	Lp
85	100	Lp
85	101	Lp
85	102	Lp
85	103	Lp
85	104	-1
85	105	Lp
85	106	-1
85	107	Lp
85	108	Lp
85	109	Lp
85	110	-1
85	111	Lp
85	112	Lp
85	113	Lp
85	114	Lp
85	115	Lp
85	116	Lp
85	117	Lp
85	118	Lp
85	119	Lp
86	0	Lp
86	1	L
86	2	L
86	3	-1
86	4	Lp
86	5	-1
86	6	Lp
86	7	Lp
86	8	Lp
86	9	Lp
86	10	Lp
86	11	Lp
86	12	Lp
86	13	Lp
86	14	L
86	15	L
86	16	L
86	17	-1
86	18	U
86	19	L
86	20	Lp
86	21	U
86	22	U
86	23	U
86	24	L
86	25	L
86	26	L
86	27	-1
86	28	Lp
86	29	Lp
86	30	Lp
86	31	Lp
86	32	-1
86	33	Lp
86	34	-1
86	35	Lp
86	36	-1
86	37	Lp
86	38	Lp
86	39	Lp
86	40	Lp
86	41	Lp
86	42	Lp
86	43	Lp
86	44	Lp
86	45	-1
86	46	Lp
86	47	Lp
86	48	Lp
86	49	Lp
86	50	Lp
86	51	Lp
86	52	Lp
86	53	-1
86	54	-1
86	55	-1
86	56	L
86	57	Lp
86	58	L
86	59	-1
86	60	-1
86	61	Lp
86	62	-1
86	63	L
86	64	Lp
86	65	L
86	66	L
86	67	L
86	68	L
86	69	L
86	70	L
86	71	L
86	72	L
86	73	-1
86	74	L
86	75	L
86	76	L
86	77	L
86	78	Lp
86	79	Lp
86	80	Lp
86	81	-1
86	82	Lp
86	83	Lp
86	84	Lp
86	85	-1
86	86	-1
86	87	Lp
86	88	Lp
86	89	Lp
86	90	Lp
86	91	-1
86	92	Lp
86	93	Lp
86	94	Lp
86	95	Lp
86	96	-1
86	97	Lp
86	98	-1
86	99	Lp
86	100	Lp
86	101	Lp
86	102	-1
86	103	Lp
86	104	Lp
86	105	Lp
86	106	Lp
86	107	-1
86	108	Lp
86	109	Lp
86	110	Lp
86	111	Lp
86	112	Lp
86	113	Lp
86	114	Lp
86	115	-1
86	116	Lp
86	117	Lp
86	118	Lp
86	119	Lp
87	0	-1
87	1	Lp
87	2	Lp
87	3	L
87	4	L
87	5	L
87	6	Lp
87	7	Lp
87	8	Lp
87	9	Lp
87	10	Lp
87	11	Lp
87	12	Lp
87	13	-1
87	14	Lp
87	15	-1
87	16	L
87	17	L
87	18	L
87	19	-1
87	20	-1
87	21	U
87	22	Lp
87	23	Lp
87	24	L
87	25	L
87	26	L
87	27	L
87	28	L
87	29	Lp
87	30	Lp
87	31	Lp
87	32	Lp
87	33	-1
87	34	Lp
87	35	Lp
87	36	Lp
87	37	Lp
87	38	Lp
87	39	Lp
87	40	Lp
87	41	Lp
87	42	Lp
87	43	-1
87	44	Lp
87	45	Lp
87	46	Lp
87	47	Lp
87	48	Lp
87	49	Lp
87	50	Lp
87	51	L
87	52	L
87	53	-1
87	54	L
87	55	L
87	56	-1
87	57	L
87	58	L
87	59	L
87	60	Lp
87	61	L
87	62	L
87	63	L
87	64	-1
87	65	L
87	66	L
87	67	L
87	68	L
87	69	L
87	70	L
87	71	L
87	72	L
87	73	L
87	74	-1
87	75	L
87	76	L
87	77	Lp
87	78	-1
87	79	-1
87	80	Lp
87	81	-1
87	82	Lp
87	83	Lp
87	84	Lp
87	85	Lp
87	86	Lp
87	87	Lp
87	88	-1
87	89	Lp
87	90	Lp
87	91	Lp
87	92	Lp
87	93	Lp
87	94	Lp
87	95	Lp
87	96	-1
87	97	Lp
87	98	Lp
87	99	Lp
87	100	Lp
87	101	Lp
87	102	-1
87	103	-1
87	104	Lp
87	105	Lp
87	106	Lp
87	107	Lp
87	108	Lp
87	109	Lp
87	110	Lp
87	111	Lp
87	112	Lp
87	113	Lp
87	114	Lp
87	115	Lp
87	116	L
87	117	L
87	118	Lp
87	119	Lp
88	0	Lp
88	1	Lp
88	2	Lp
88	3	L
88	4	L
88	5	Lp
88	6	Lp
88	7	Lp
88	8	Lp
88	9	-1
88	10	Lp
88	11	Lp
88	12	L
88	13	Lp
88	14	-1
88	15	L
88	16	L
88	17	-1
88	18	Lp
88	19	L
88	20	U
88	21	Lp
88	22	U
88	23	Lp
88	24	Lp
88	25	Lp
88	26	Lp
88	27	U
88	28	U
88	29	Lp
88	30	Lp
88	31	-1
88	32	Lp
88	33	U
88	34	U
88	35	Lp
88	36	Lp
88	37	Lp
88	38	Lp
88	39	Lp
88	40	Lp
88	41	Lp
88	42	Lp
88	43	Lp
88	44	-1
88	45	Lp
88	46	Lp
88	47	-1
88	48	Lp
88	49	Lp
88	50	L
88	51	Lp
88	52	L
88	53	-1
88	54	L
88	55	L
88	56	L
88	57	L
88	58	L
88	59	Lp
88	60	Lp
88	61	L
88	62	L
88	63	L
88	64	L
88	65	L
88	66	L
88	67	L
88	68	L
88	69	L
88	70	L
88	71	L
88	72	L
88	73	L
88	74	L
88	75	L
88	76	L
88	77	Lp
88	78	Lp
88	79	Lp
88	80	Lp
88	81	Lp
88	82	Lp
88	83	Lp
88	84	Lp
88	85	-1
88	86	Lp
88	87	Lp
88	88	Lp
88	89	Lp
88	90	Lp
88	91	Lp
88	92	Lp
88	93	Lp
88	94	Lp
88	95	Lp
88	96	Lp
88	97	Lp
88	98	-1
88	99	Lp
88	100	Lp
88	101	Lp
88	102	-1
88	103	-1
88	104	-1
88	105	Lp
88	106	Lp
88	107	Lp
88	108	Lp
88	109	Lp
88	110	-1
88	111	Lp
88	112	Lp
88	113	Lp
88	114	Lp
88	115	-1
88	116	Lp
88	117	L
88	118	L
88	119	Lp
89	0	Lp
89	1	Lp
89	2	-1
89	3	Lp
89	4	Lp
89	5	Lp
89	6	Lp
89	7	-1
89	8	L
89	9	-1
89	10	Lp
89	11	Lp
89	12	Lp
89	13	L
89	14	L
89	15	-1
89	16	-1
89	17	-1
89	18	Lp
89	19	U
89	20	Lp
89	21	Lp
89	22	Lp
89	23	-1
89	24	Lp
89	25	-1
89	26	-1
89	27	-1
89	28	Lp
89	29	Lp
89	30	Lp
89	31	Lp
89	32	Lp
89	33	Lp
89	34	Lp
89	35	U
89	36	U
89	37	Lp
89	38	Lp
89	39	Lp
89	40	Lp
89	41	Lp
89	42	Lp
89	43	Lp
89	44	Lp
89	45	Lp
89	46	Lp
89	47	Lp
89	48	-1
89	49	Lp
89	50	Lp
89	51	Lp
89	52	L
89	53	L
89	54	L
89	55	L
89	56	L
89	57	L
89	58	L
89	59	Lp
89	60	Lp
89	61	-1
89	62	L
89	63	L
89	64	L
89	65	L
89	66	L
89	67	L
89	68	L
89	69	L
89	70	L
89	71	L
89	72	L
89	73	L
89	74	Lp
89	75	Lp
89	76	L
89	77	-1
89	78	L
89	79	Lp
89	80	Lp
89	81	-1
89	82	Lp
89	83	Lp
89	84	Lp
89	85	Lp
89	86	Lp
89	87	Lp
89	88	Lp
89	89	Lp
89	90	Lp
89	91	-1
89	92	Lp
89	93	Lp
89	94	Lp
89	95	-1
89	96	Lp
89	97	Lp
89	98	-1
89	99	Lp
89	100	Lp
89	101	Lp
89	102	-1
89	103	Lp
89	104	-1
89	105	Lp
89	106	Lp
89	107	-1
89	108	Lp
89	109	Lp
89	110	-1
89	111	Lp
89	112	Lp
89	113	Lp
89	114	Lp
89	115	-1
89	116	Lp
89	117	-1
89	118	U
89	119	Lp
90	0	Lp
90	1	Lp
90	2	Lp
90	3	Lp
90	4	-1
90	5	Lp
90	6	L
90	7	Lp
90	8	L
90	9	Lp
90	10	Lp
90	11	-1
90	12	Lp
90	13	-1
90	14	L
90	15	L
90	16	L
90	17	-1
90	18	Lp
90	19	-1
90	20	U
90	21	Lp
90	22	Lp
90	23	Lp
90	24	Lp
90	25	Lp
90	26	Lp
90	27	L
90	28	Lp
90	29	-1
90	30	Lp
90	31	Lp
90	32	Lp
90	33	Lp
90	34	Lp
90	35	Lp
90	36	Lp
90	37	Lp
90	38	Lp
90	39	Lp
90	40	-1
90	41	Lp
90	42	Lp
90	43	Lp
90	44	Lp
90	45	Lp
90	46	Lp
90	47	-1
90	48	-1
90	49	Lp
90	50	U
90	51	-1
90	52	L
90	53	Lp
90	54	Lp
90	55	L
90	56	Lp
90	57	L
90	58	L
90	59	L
90	60	Lp
90	61	L
90	62	Lp
90	63	L
90	64	L
90	65	L
90	66	L
90	67	L
90	68	L
90	69	L
90	70	L
90	71	L
90	72	L
90	73	Lp
90	74	L
90	75	Lp
90	76	Lp
90	77	L
90	78	L
90	79	Lp
90	80	-1
90	81	-1
90	82	-1
90	83	-1
90	84	-1
90	85	Lp
90	86	-1
90	87	Lp
90	88	Lp
90	89	Lp
90	90	Lp
90	91	Lp
90	92	Lp
90	93	Lp
90	94	-1
90	95	Lp
90	96	Lp
90	97	Lp
90	98	Lp
90	99	-1
90	100	Lp
90	101	Lp
90	102	Lp
90	103	Lp
90	104	Lp
90	105	Lp
90	106	Lp
90	107	Lp
90	108	-1
90	109	Lp
90	110	-1
90	111	Lp
90	112	Lp
90	113	Lp
90	114	-1
90	115	-1
90	116	Lp
90	117	Lp
90	118	Lp
90	119	Lp
91	0	-1
91	1	Lp
91	2	Lp
91	3	-1
91	4	Lp
91	5	Lp
91	6	Lp
91	7	L
91	8	Lp
91	9	Lp
91	10	-1
91	11	Lp
91	12	Lp
91	13	Lp
91	14	Lp
91	15	Lp
91	16	Lp
91	17	Lp
91	18	L
91	19	L
91	20	U
91	21	U
91	22	-1
91	23	-1
91	24	Lp
91	25	L
91	26	L
91	27	-1
91	28	Lp
91	29	Lp
91	30	Lp
91	31	Lp
91	32	Lp
91	33	Lp
91	34	-1
91	35	Lp
91	36	-1
91	37	Lp
91	38	-1
91	39	Lp
91	40	Lp
91	41	Lp
91	42	Lp
91	43	Lp
91	44	-1
91	45	Lp
91	46	Lp
91	47	Lp
91	48	Lp
91	49	Lp
91	50	Lp
91	51	-1
91	52	-1
91	53	-1
91	54	Lp
91	55	-1
91	56	Lp
91	57	Lp
91	58	L
91	59	L
91	60	L
91	61	L
91	62	L
91	63	Lp
91	64	-1
91	65	-1
91	66	L
91	67	L
91	68	-1
91	69	L
91	70	L
91	71	L
91	72	L
91	73	-1
91	74	-1
91	75	Lp
91	76	Lp
91	77	Lp
91	78	Lp
91	79	-1
91	80	-1
91	81	-1
91	82	Lp
91	83	Lp
91	84	Lp
91	85	Lp
91	86	Lp
91	87	-1
91	88	-1
91	89	-1
91	90	Lp
91	91	Lp
91	92	Lp
91	93	Lp
91	94	Lp
91	95	-1
91	96	Lp
91	97	Lp
91	98	-1
91	99	Lp
91	100	-1
91	101	Lp
91	102	Lp
91	103	U
91	104	-1
91	105	Lp
91	106	Lp
91	107	Lp
91	108	Lp
91	109	Lp
91	110	Lp
91	111	Lp
91	112	Lp
91	113	Lp
91	114	-1
91	115	Lp
91	116	Lp
91	117	L
91	118	Lp
91	119	Lp
92	0	-1
92	1	Lp
92	2	Lp
92	3	Lp
92	4	Lp
92	5	-1
92	6	-1
92	7	L
92	8	Lp
92	9	Lp
92	10	Lp
92	11	U
92	12	Lp
92	13	Lp
92	14	Lp
92	15	Lp
92	16	Lp
92	17	Lp
92	18	L
92	19	L
92	20	L
92	21	U
92	22	L
92	23	L
92	24	-1
92	25	L
92	26	Lp
92	27	Lp
92	28	-1
92	29	Lp
92	30	-1
92	31	Lp
92	32	-1
92	33	-1
92	34	Lp
92	35	Lp
92	36	Lp
92	37	-1
92	38	Lp
92	39	Lp
92	40	Lp
92	41	Lp
92	42	Lp
92	43	Lp
92	44	Lp
92	45	Lp
92	46	Lp
92	47	Lp
92	48	Lp
92	49	-1
92	50	Lp
92	51	Lp
92	52	Lp
92	53	-1
92	54	L
92	55	-1
92	56	Lp
92	57	L
92	58	L
92	59	L
92	60	L
92	61	L
92	62	-1
92	63	L
92	64	Lp
92	65	Lp
92	66	-1
92	67	L
92	68	-1
92	69	L
92	70	L
92	71	L
92	72	L
92	73	Lp
92	74	-1
92	75	Lp
92	76	Lp
92	77	-1
92	78	Lp
92	79	-1
92	80	Lp
92	81	Lp
92	82	Lp
92	83	Lp
92	84	-1
92	85	Lp
92	86	-1
92	87	Lp
92	88	-1
92	89	-1
92	90	Lp
92	91	Lp
92	92	Lp
92	93	Lp
92	94	Lp
92	95	-1
92	96	Lp
92	97	Lp
92	98	Lp
92	99	Lp
92	100	U
92	101	-1
92	102	U
92	103	Lp
92	104	Lp
92	105	Lp
92	106	Lp
92	107	-1
92	108	-1
92	109	L
92	110	Lp
92	111	Lp
92	112	Lp
92	113	Lp
92	114	Lp
92	115	Lp
92	116	-1
92	117	Lp
92	118	-1
92	119	-1
93	0	L
93	1	Lp
93	2	Lp
93	3	Lp
93	4	Lp
93	5	L
93	6	L
93	7	L
93	8	-1
93	9	Lp
93	10	L
93	11	Lp
93	12	U
93	13	Lp
93	14	Lp
93	15	Lp
93	16	Lp
93	17	L
93	18	L
93	19	L
93	20	L
93	21	U
93	22	U
93	23	-1
93	24	L
93	25	L
93	26	Lp
93	27	-1
93	28	Lp
93	29	-1
93	30	Lp
93	31	L
93	32	L
93	33	Lp
93	34	Lp
93	35	Lp
93	36	Lp
93	37	Lp
93	38	U
93	39	Lp
93	40	Lp
93	41	Lp
93	42	Lp
93	43	Lp
93	44	Lp
93	45	Lp
93	46	Lp
93	47	Lp
93	48	Lp
93	49	Lp
93	50	Lp
93	51	U
93	52	Lp
93	53	Lp
93	54	Lp
93	55	L
93	56	L
93	57	L
93	58	L
93	59	L
93	60	L
93	61	U
93	62	U
93	63	U
93	64	U
93	65	-1
93	66	L
93	67	Lp
93	68	L
93	69	L
93	70	L
93	71	L
93	72	-1
93	73	Lp
93	74	-1
93	75	Lp
93	76	Lp
93	77	Lp
93	78	-1
93	79	Lp
93	80	-1
93	81	Lp
93	82	Lp
93	83	Lp
93	84	Lp
93	85	Lp
93	86	Lp
93	87	Lp
93	88	-1
93	89	Lp
93	90	Lp
93	91	-1
93	92	Lp
93	93	Lp
93	94	Lp
93	95	Lp
93	96	Lp
93	97	Lp
93	98	Lp
93	99	-1
93	100	Lp
93	101	U
93	102	U
93	103	Lp
93	104	-1
93	105	Lp
93	106	Lp
93	107	Lp
93	108	L
93	109	Lp
93	110	Lp
93	111	Lp
93	112	Lp
93	113	L
93	114	Lp
93	115	Lp
93	116	L
93	117	Lp
93	118	Lp
93	119	Lp
94	0	Lp
94	1	L
94	2	Lp
94	3	Lp
94	4	L
94	5	Lp
94	6	Lp
94	7	-1
94	8	Lp
94	9	Lp
94	10	L
94	11	Lp
94	12	Lp
94	13	Lp
94	14	-1
94	15	Lp
94	16	L
94	17	L
94	18	L
94	19	L
94	20	-1
94	21	U
94	22	U
94	23	L
94	24	L
94	25	-1
94	26	L
94	27	Lp
94	28	Lp
94	29	Lp
94	30	-1
94	31	Lp
94	32	-1
94	33	Lp
94	34	Lp
94	35	Lp
94	36	Lp
94	37	Lp
94	38	Lp
94	39	U
94	40	Lp
94	41	Lp
94	42	Lp
94	43	Lp
94	44	Lp
94	45	U
94	46	U
94	47	Lp
94	48	Lp
94	49	-1
94	50	-1
94	51	-1
94	52	U
94	53	Lp
94	54	Lp
94	55	L
94	56	L
94	57	L
94	58	-1
94	59	L
94	60	L
94	61	L
94	62	U
94	63	L
94	64	Lp
94	65	Lp
94	66	-1
94	67	L
94	68	Lp
94	69	-1
94	70	L
94	71	L
94	72	L
94	73	Lp
94	74	Lp
94	75	Lp
94	76	U
94	77	Lp
94	78	Lp
94	79	Lp
94	80	Lp
94	81	Lp
94	82	Lp
94	83	-1
94	84	-1
94	85	Lp
94	86	-1
94	87	Lp
94	88	Lp
94	89	Lp
94	90	Lp
94	91	Lp
94	92	Lp
94	93	Lp
94	94	-1
94	95	Lp
94	96	-1
94	97	Lp
94	98	-1
94	99	Lp
94	100	Lp
94	101	Lp
94	102	-1
94	103	Lp
94	104	Lp
94	105	Lp
94	106	Lp
94	107	Lp
94	108	Lp
94	109	Lp
94	110	Lp
94	111	-1
94	112	-1
94	113	Lp
94	114	-1
94	115	Lp
94	116	L
94	117	L
94	118	Lp
94	119	L
95	0	L
95	1	L
95	2	L
95	3	Lp
95	4	Lp
95	5	Lp
95	6	Lp
95	7	-1
95	8	Lp
95	9	Lp
95	10	-1
95	11	Lp
95	12	-1
95	13	Lp
95	14	Lp
95	15	L
95	16	U
95	17	-1
95	18	L
95	19	-1
95	20	-1
95	21	L
95	22	L
95	23	L
95	24	L
95	25	-1
95	26	L
95	27	-1
95	28	-1
95	29	Lp
95	30	Lp
95	31	Lp
95	32	-1
95	33	Lp
95	34	L
95	35	Lp
95	36	Lp
95	37	Lp
95	38	Lp
95	39	Lp
95	40	Lp
95	41	Lp
95	42	-1
95	43	Lp
95	44	U
95	45	U
95	46	U
95	47	Lp
95	48	-1
95	49	Lp
95	50	Lp
95	51	Lp
95	52	U
95	53	Lp
95	54	Lp
95	55	-1
95	56	L
95	57	Lp
95	58	L
95	59	L
95	60	L
95	61	L
95	62	L
95	63	L
95	64	Lp
95	65	Lp
95	66	Lp
95	67	Lp
95	68	Lp
95	69	-1
95	70	L
95	71	L
95	72	L
95	73	Lp
95	74	Lp
95	75	Lp
95	76	Lp
95	77	Lp
95	78	Lp
95	79	Lp
95	80	L
95	81	L
95	82	Lp
95	83	Lp
95	84	Lp
95	85	Lp
95	86	Lp
95	87	-1
95	88	Lp
95	89	Lp
95	90	Lp
95	91	Lp
95	92	-1
95	93	Lp
95	94	Lp
95	95	-1
95	96	Lp
95	97	Lp
95	98	Lp
95	99	-1
95	100	Lp
95	101	Lp
95	102	U
95	103	-1
95	104	Lp
95	105	-1
95	106	-1
95	107	-1
95	108	Lp
95	109	-1
95	110	-1
95	111	-1
95	112	Lp
95	113	Lp
95	114	Lp
95	115	Lp
95	116	L
95	117	L
95	118	-1
95	119	Lp
96	0	L
96	1	L
96	2	L
96	3	L
96	4	Lp
96	5	Lp
96	6	Lp
96	7	Lp
96	8	Lp
96	9	Lp
96	10	Lp
96	11	Lp
96	12	Lp
96	13	Lp
96	14	Lp
96	15	Lp
96	16	U
96	17	L
96	18	L
96	19	-1
96	20	-1
96	21	L
96	22	-1
96	23	-1
96	24	L
96	25	L
96	26	Lp
96	27	-1
96	28	L
96	29	-1
96	30	Lp
96	31	Lp
96	32	Lp
96	33	Lp
96	34	Lp
96	35	Lp
96	36	Lp
96	37	Lp
96	38	Lp
96	39	Lp
96	40	Lp
96	41	-1
96	42	Lp
96	43	Lp
96	44	U
96	45	-1
96	46	U
96	47	Lp
96	48	Lp
96	49	Lp
96	50	Lp
96	51	Lp
96	52	-1
96	53	U
96	54	Lp
96	55	Lp
96	56	Lp
96	57	L
96	58	Lp
96	59	L
96	60	L
96	61	L
96	62	L
96	63	L
96	64	-1
96	65	U
96	66	-1
96	67	L
96	68	Lp
96	69	L
96	70	-1
96	71	L
96	72	L
96	73	-1
96	74	L
96	75	L
96	76	Lp
96	77	L
96	78	L
96	79	L
96	80	Lp
96	81	Lp
96	82	Lp
96	83	-1
96	84	Lp
96	85	Lp
96	86	Lp
96	87	Lp
96	88	-1
96	89	Lp
96	90	Lp
96	91	Lp
96	92	Lp
96	93	Lp
96	94	Lp
96	95	Lp
96	96	Lp
96	97	Lp
96	98	Lp
96	99	Lp
96	100	Lp
96	101	-1
96	102	-1
96	103	U
96	104	Lp
96	105	Lp
96	106	U
96	107	Lp
96	108	Lp
96	109	Lp
96	110	Lp
96	111	Lp
96	112	Lp
96	113	Lp
96	114	Lp
96	115	Lp
96	116	Lp
96	117	Lp
96	118	Lp
96	119	L
97	0	L
97	1	-1
97	2	L
97	3	L
97	4	L
97	5	Lp
97	6	-1
97	7	Lp
97	8	Lp
97	9	Lp
97	10	-1
97	11	Lp
97	12	L
97	13	Lp
97	14	Lp
97	15	-1
97	16	U
97	17	L
97	18	L
97	19	L
97	20	L
97	21	L
97	22	L
97	23	-1
97	24	L
97	25	L
97	26	L
97	27	Lp
97	28	Lp
97	29	Lp
97	30	Lp
97	31	Lp
97	32	-1
97	33	Lp
97	34	Lp
97	35	Lp
97	36	Lp
97	37	Lp
97	38	Lp
97	39	Lp
97	40	Lp
97	41	Lp
97	42	Lp
97	43	-1
97	44	Lp
97	45	-1
97	46	Lp
97	47	U
97	48	Lp
97	49	Lp
97	50	Lp
97	51	U
97	52	U
97	53	Lp
97	54	U
97	55	L
97	56	L
97	57	-1
97	58	Lp
97	59	Lp
97	60	L
97	61	L
97	62	Lp
97	63	L
97	64	U
97	65	U
97	66	U
97	67	U
97	68	Lp
97	69	Lp
97	70	L
97	71	L
97	72	L
97	73	L
97	74	Lp
97	75	Lp
97	76	L
97	77	L
97	78	U
97	79	-1
97	80	Lp
97	81	Lp
97	82	-1
97	83	-1
97	84	Lp
97	85	Lp
97	86	Lp
97	87	Lp
97	88	Lp
97	89	Lp
97	90	-1
97	91	Lp
97	92	Lp
97	93	Lp
97	94	Lp
97	95	Lp
97	96	-1
97	97	Lp
97	98	Lp
97	99	-1
97	100	-1
97	101	Lp
97	102	Lp
97	103	Lp
97	104	Lp
97	105	Lp
97	106	U
97	107	U
97	108	Lp
97	109	Lp
97	110	-1
97	111	-1
97	112	Lp
97	113	Lp
97	114	Lp
97	115	Lp
97	116	Lp
97	117	Lp
97	118	Lp
97	119	L
98	0	L
98	1	L
98	2	L
98	3	L
98	4	L
98	5	L
98	6	L
98	7	Lp
98	8	Lp
98	9	Lp
98	10	Lp
98	11	Lp
98	12	L
98	13	Lp
98	14	Lp
98	15	Lp
98	16	Lp
98	17	L
98	18	-1
98	19	L
98	20	L
98	21	L
98	22	-1
98	23	L
98	24	L
98	25	L
98	26	L
98	27	-1
98	28	Lp
98	29	Lp
98	30	Lp
98	31	Lp
98	32	Lp
98	33	-1
98	34	Lp
98	35	Lp
98	36	Lp
98	37	Lp
98	38	Lp
98	39	Lp
98	40	Lp
98	41	Lp
98	42	Lp
98	43	Lp
98	44	Lp
98	45	Lp
98	46	Lp
98	47	Lp
98	48	Lp
98	49	Lp
98	50	Lp
98	51	Lp
98	52	Lp
98	53	U
98	54	Lp
98	55	L
98	56	L
98	57	L
98	58	L
98	59	Lp
98	60	Lp
98	61	L
98	62	L
98	63	-1
98	64	L
98	65	U
98	66	L
98	67	L
98	68	L
98	69	L
98	70	Lp
98	71	Lp
98	72	-1
98	73	L
98	74	L
98	75	Lp
98	76	L
98	77	-1
98	78	Lp
98	79	Lp
98	80	Lp
98	81	-1
98	82	Lp
98	83	Lp
98	84	Lp
98	85	Lp
98	86	Lp
98	87	Lp
98	88	Lp
98	89	Lp
98	90	Lp
98	91	Lp
98	92	Lp
98	93	Lp
98	94	Lp
98	95	-1
98	96	-1
98	97	Lp
98	98	Lp
98	99	Lp
98	100	Lp
98	101	Lp
98	102	Lp
98	103	Lp
98	104	Lp
98	105	-1
98	106	Lp
98	107	Lp
98	108	Lp
98	109	Lp
98	110	Lp
98	111	L
98	112	Lp
98	113	Lp
98	114	-1
98	115	Lp
98	116	Lp
98	117	L
98	118	L
98	119	L
99	0	-1
99	1	-1
99	2	L
99	3	L
99	4	-1
99	5	L
99	6	L
99	7	-1
99	8	-1
99	9	Lp
99	10	Lp
99	11	Lp
99	12	L
99	13	L
99	14	Lp
99	15	Lp
99	16	Lp
99	17	Lp
99	18	Lp
99	19	L
99	20	L
99	21	L
99	22	L
99	23	L
99	24	-1
99	25	-1
99	26	Lp
99	27	L
99	28	-1
99	29	Lp
99	30	Lp
99	31	Lp
99	32	Lp
99	33	Lp
99	34	Lp
99	35	Lp
99	36	Lp
99	37	Lp
99	38	Lp
99	39	Lp
99	40	Lp
99	41	Lp
99	42	Lp
99	43	Lp
99	44	-1
99	45	Lp
99	46	-1
99	47	-1
99	48	-1
99	49	Lp
99	50	Lp
99	51	-1
99	52	-1
99	53	-1
99	54	-1
99	55	L
99	56	L
99	57	L
99	58	L
99	59	-1
99	60	L
99	61	Lp
99	62	L
99	63	-1
99	64	L
99	65	U
99	66	L
99	67	L
99	68	L
99	69	L
99	70	Lp
99	71	Lp
99	72	Lp
99	73	L
99	74	-1
99	75	L
99	76	-1
99	77	-1
99	78	Lp
99	79	Lp
99	80	-1
99	81	-1
99	82	-1
99	83	Lp
99	84	Lp
99	85	Lp
99	86	-1
99	87	Lp
99	88	Lp
99	89	-1
99	90	Lp
99	91	Lp
99	92	Lp
99	93	Lp
99	94	Lp
99	95	Lp
99	96	Lp
99	97	Lp
99	98	Lp
99	99	Lp
99	100	Lp
99	101	Lp
99	102	Lp
99	103	Lp
99	104	-1
99	105	Lp
99	106	Lp
99	107	Lp
99	108	Lp
99	109	-1
99	110	L
99	111	Lp
99	112	-1
99	113	Lp
99	114	Lp
99	115	-1
99	116	Lp
99	117	L
99	118	L
99	119	L
100	0	L
100	1	L
100	2	L
100	3	L
100	4	L
100	5	-1
100	6	Lp
100	7	L
100	8	L
100	9	Lp
100	10	L
100	11	Lp
100	12	Lp
100	13	Lp
100	14	L
100	15	Lp
100	16	Lp
100	17	Lp
100	18	L
100	19	Lp
100	20	-1
100	21	L
100	22	-1
100	23	L
100	24	L
100	25	Lp
100	26	Lp
100	27	L
100	28	Lp
100	29	Lp
100	30	Lp
100	31	-1
100	32	Lp
100	33	Lp
100	34	Lp
100	35	Lp
100	36	Lp
100	37	Lp
100	38	L
100	39	Lp
100	40	L
100	41	Lp
100	42	-1
100	43	Lp
100	44	Lp
100	45	Lp
100	46	Lp
100	47	Lp
100	48	Lp
100	49	L
100	50	L
100	51	-1
100	52	Lp
100	53	-1
100	54	-1
100	55	L
100	56	L
100	57	L
100	58	L
100	59	L
100	60	L
100	61	-1
100	62	Lp
100	63	L
100	64	L
100	65	L
100	66	L
100	67	L
100	68	L
100	69	L
100	70	-1
100	71	Lp
100	72	L
100	73	L
100	74	L
100	75	L
100	76	-1
100	77	L
100	78	L
100	79	Lp
100	80	Lp
100	81	-1
100	82	-1
100	83	Lp
100	84	Lp
100	85	Lp
100	86	-1
100	87	Lp
100	88	Lp
100	89	-1
100	90	-1
100	91	Lp
100	92	Lp
100	93	Lp
100	94	Lp
100	95	Lp
100	96	-1
100	97	-1
100	98	-1
100	99	Lp
100	100	Lp
100	101	Lp
100	102	Lp
100	103	Lp
100	104	L
100	105	L
100	106	-1
100	107	-1
100	108	Lp
100	109	Lp
100	110	Lp
100	111	Lp
100	112	Lp
100	113	Lp
100	114	-1
100	115	Lp
100	116	Lp
100	117	Lp
100	118	Lp
100	119	Lp
101	0	L
101	1	L
101	2	L
101	3	L
101	4	L
101	5	L
101	6	-1
101	7	L
101	8	L
101	9	L
101	10	Lp
101	11	L
101	12	L
101	13	L
101	14	Lp
101	15	Lp
101	16	Lp
101	17	-1
101	18	-1
101	19	L
101	20	L
101	21	L
101	22	L
101	23	L
101	24	L
101	25	L
101	26	L
101	27	Lp
101	28	L
101	29	Lp
101	30	Lp
101	31	Lp
101	32	L
101	33	Lp
101	34	Lp
101	35	-1
101	36	L
101	37	L
101	38	Lp
101	39	Lp
101	40	Lp
101	41	-1
101	42	Lp
101	43	Lp
101	44	-1
101	45	Lp
101	46	Lp
101	47	-1
101	48	-1
101	49	L
101	50	L
101	51	L
101	52	Lp
101	53	L
101	54	L
101	55	L
101	56	L
101	57	L
101	58	L
101	59	L
101	60	L
101	61	Lp
101	62	Lp
101	63	-1
101	64	L
101	65	L
101	66	L
101	67	L
101	68	L
101	69	L
101	70	Lp
101	71	L
101	72	L
101	73	-1
101	74	L
101	75	Lp
101	76	-1
101	77	L
101	78	L
101	79	-1
101	80	Lp
101	81	Lp
101	82	Lp
101	83	-1
101	84	Lp
101	85	Lp
101	86	Lp
101	87	Lp
101	88	Lp
101	89	U
101	90	-1
101	91	Lp
101	92	Lp
101	93	Lp
101	94	-1
101	95	Lp
101	96	-1
101	97	-1
101	98	Lp
101	99	Lp
101	100	Lp
101	101	Lp
101	102	-1
101	103	Lp
101	104	-1
101	105	L
101	106	-1
101	107	-1
101	108	Lp
101	109	Lp
101	110	Lp
101	111	Lp
101	112	U
101	113	Lp
101	114	Lp
101	115	Lp
101	116	-1
101	117	L
101	118	L
101	119	Lp
102	0	L
102	1	L
102	2	L
102	3	L
102	4	L
102	5	L
102	6	L
102	7	Lp
102	8	-1
102	9	-1
102	10	L
102	11	L
102	12	L
102	13	-1
102	14	L
102	15	L
102	16	Lp
102	17	Lp
102	18	Lp
102	19	L
102	20	L
102	21	L
102	22	L
102	23	L
102	24	L
102	25	L
102	26	Lp
102	27	-1
102	28	Lp
102	29	Lp
102	30	Lp
102	31	Lp
102	32	Lp
102	33	L
102	34	Lp
102	35	-1
102	36	L
102	37	L
102	38	Lp
102	39	Lp
102	40	-1
102	41	Lp
102	42	Lp
102	43	-1
102	44	Lp
102	45	Lp
102	46	Lp
102	47	Lp
102	48	Lp
102	49	L
102	50	L
102	51	Lp
102	52	Lp
102	53	L
102	54	L
102	55	L
102	56	L
102	57	L
102	58	L
102	59	L
102	60	-1
102	61	L
102	62	L
102	63	-1
102	64	L
102	65	L
102	66	L
102	67	-1
102	68	L
102	69	L
102	70	L
102	71	L
102	72	U
102	73	L
102	74	L
102	75	Lp
102	76	Lp
102	77	-1
102	78	-1
102	79	-1
102	80	L
102	81	-1
102	82	Lp
102	83	Lp
102	84	-1
102	85	Lp
102	86	Lp
102	87	Lp
102	88	Lp
102	89	Lp
102	90	-1
102	91	Lp
102	92	Lp
102	93	Lp
102	94	Lp
102	95	Lp
102	96	Lp
102	97	Lp
102	98	Lp
102	99	Lp
102	100	Lp
102	101	Lp
102	102	Lp
102	103	Lp
102	104	Lp
102	105	L
102	106	-1
102	107	Lp
102	108	Lp
102	109	Lp
102	110	-1
102	111	-1
102	112	-1
102	113	U
102	114	-1
102	115	Lp
102	116	-1
102	117	-1
102	118	Lp
102	119	Lp
103	0	L
103	1	L
103	2	-1
103	3	L
103	4	L
103	5	L
103	6	L
103	7	-1
103	8	Lp
103	9	Lp
103	10	L
103	11	-1
103	12	-1
103	13	Lp
103	14	L
103	15	L
103	16	Lp
103	17	-1
103	18	L
103	19	L
103	20	Lp
103	21	L
103	22	L
103	23	Lp
103	24	L
103	25	L
103	26	L
103	27	L
103	28	-1
103	29	Lp
103	30	Lp
103	31	Lp
103	32	Lp
103	33	-1
103	34	-1
103	35	L
103	36	-1
103	37	L
103	38	Lp
103	39	-1
103	40	Lp
103	41	L
103	42	L
103	43	-1
103	44	L
103	45	Lp
103	46	-1
103	47	Lp
103	48	Lp
103	49	L
103	50	Lp
103	51	Lp
103	52	Lp
103	53	L
103	54	L
103	55	L
103	56	L
103	57	L
103	58	L
103	59	Lp
103	60	Lp
103	61	L
103	62	Lp
103	63	L
103	64	Lp
103	65	Lp
103	66	L
103	67	L
103	68	L
103	69	L
103	70	L
103	71	U
103	72	L
103	73	L
103	74	L
103	75	Lp
103	76	Lp
103	77	-1
103	78	Lp
103	79	Lp
103	80	Lp
103	81	Lp
103	82	U
103	83	-1
103	84	Lp
103	85	-1
103	86	Lp
103	87	Lp
103	88	Lp
103	89	Lp
103	90	-1
103	91	Lp
103	92	Lp
103	93	Lp
103	94	-1
103	95	-1
103	96	Lp
103	97	Lp
103	98	Lp
103	99	Lp
103	100	Lp
103	101	Lp
103	102	Lp
103	103	-1
103	104	Lp
103	105	Lp
103	106	Lp
103	107	Lp
103	108	-1
103	109	L
103	110	L
103	111	U
103	112	-1
103	113	L
103	114	-1
103	115	Lp
103	116	U
103	117	-1
103	118	Lp
103	119	Lp
104	0	L
104	1	L
104	2	L
104	3	L
104	4	L
104	5	L
104	6	Lp
104	7	-1
104	8	Lp
104	9	L
104	10	L
104	11	Lp
104	12	Lp
104	13	L
104	14	Lp
104	15	L
104	16	Lp
104	17	L
104	18	L
104	19	L
104	20	Lp
104	21	Lp
104	22	Lp
104	23	Lp
104	24	L
104	25	L
104	26	L
104	27	L
104	28	L
104	29	Lp
104	30	Lp
104	31	Lp
104	32	Lp
104	33	Lp
104	34	Lp
104	35	L
104	36	L
104	37	L
104	38	L
104	39	-1
104	40	-1
104	41	L
104	42	L
104	43	L
104	44	Lp
104	45	Lp
104	46	Lp
104	47	L
104	48	L
104	49	L
104	50	L
104	51	Lp
104	52	-1
104	53	Lp
104	54	L
104	55	-1
104	56	L
104	57	L
104	58	-1
104	59	-1
104	60	-1
104	61	Lp
104	62	Lp
104	63	Lp
104	64	Lp
104	65	L
104	66	L
104	67	L
104	68	L
104	69	-1
104	70	-1
104	71	L
104	72	U
104	73	L
104	74	Lp
104	75	L
104	76	L
104	77	Lp
104	78	-1
104	79	Lp
104	80	Lp
104	81	-1
104	82	Lp
104	83	Lp
104	84	Lp
104	85	Lp
104	86	Lp
104	87	-1
104	88	Lp
104	89	Lp
104	90	Lp
104	91	Lp
104	92	Lp
104	93	Lp
104	94	Lp
104	95	Lp
104	96	Lp
104	97	Lp
104	98	Lp
104	99	Lp
104	100	Lp
104	101	L
104	102	Lp
104	103	Lp
104	104	L
104	105	Lp
104	106	L
104	107	Lp
104	108	-1
104	109	Lp
104	110	L
104	111	L
104	112	U
104	113	-1
104	114	L
104	115	Lp
104	116	L
104	117	L
104	118	-1
104	119	L
105	0	Lp
105	1	L
105	2	L
105	3	L
105	4	-1
105	5	L
105	6	L
105	7	Lp
105	8	Lp
105	9	L
105	10	L
105	11	Lp
105	12	Lp
105	13	Lp
105	14	L
105	15	L
105	16	L
105	17	L
105	18	L
105	19	-1
105	20	-1
105	21	Lp
105	22	-1
105	23	L
105	24	-1
105	25	L
105	26	L
105	27	L
105	28	L
105	29	Lp
105	30	Lp
105	31	Lp
105	32	Lp
105	33	Lp
105	34	-1
105	35	Lp
105	36	Lp
105	37	-1
105	38	Lp
105	39	Lp
105	40	L
105	41	L
105	42	L
105	43	-1
105	44	Lp
105	45	Lp
105	46	Lp
105	47	Lp
105	48	-1
105	49	L
105	50	Lp
105	51	Lp
105	52	L
105	53	-1
105	54	Lp
105	55	L
105	56	L
105	57	Lp
105	58	Lp
105	59	Lp
105	60	Lp
105	61	Lp
105	62	Lp
105	63	-1
105	64	Lp
105	65	Lp
105	66	Lp
105	67	Lp
105	68	-1
105	69	L
105	70	L
105	71	L
105	72	L
105	73	L
105	74	Lp
105	75	Lp
105	76	-1
105	77	Lp
105	78	Lp
105	79	-1
105	80	Lp
105	81	Lp
105	82	Lp
105	83	-1
105	84	-1
105	85	-1
105	86	Lp
105	87	Lp
105	88	Lp
105	89	Lp
105	90	Lp
105	91	Lp
105	92	-1
105	93	-1
105	94	-1
105	95	Lp
105	96	Lp
105	97	Lp
105	98	Lp
105	99	Lp
105	100	Lp
105	101	-1
105	102	Lp
105	103	Lp
105	104	-1
105	105	L
105	106	Lp
105	107	Lp
105	108	Lp
105	109	L
105	110	U
105	111	L
105	112	L
105	113	-1
105	114	L
105	115	L
105	116	L
105	117	L
105	118	L
105	119	-1
106	0	L
106	1	L
106	2	L
106	3	L
106	4	-1
106	5	L
106	6	Lp
106	7	Lp
106	8	Lp
106	9	L
106	10	-1
106	11	-1
106	12	Lp
106	13	L
106	14	L
106	15	-1
106	16	L
106	17	L
106	18	L
106	19	Lp
106	20	-1
106	21	L
106	22	L
106	23	L
106	24	L
106	25	L
106	26	L
106	27	L
106	28	L
106	29	Lp
106	30	Lp
106	31	Lp
106	32	-1
106	33	-1
106	34	-1
106	35	Lp
106	36	-1
106	37	Lp
106	38	Lp
106	39	L
106	40	-1
106	41	L
106	42	-1
106	43	L
106	44	Lp
106	45	Lp
106	46	-1
106	47	Lp
106	48	L
106	49	Lp
106	50	U
106	51	U
106	52	U
106	53	Lp
106	54	Lp
106	55	L
106	56	Lp
106	57	-1
106	58	L
106	59	Lp
106	60	Lp
106	61	Lp
106	62	Lp
106	63	Lp
106	64	Lp
106	65	Lp
106	66	L
106	67	Lp
106	68	Lp
106	69	Lp
106	70	-1
106	71	U
106	72	Lp
106	73	-1
106	74	Lp
106	75	Lp
106	76	-1
106	77	Lp
106	78	Lp
106	79	Lp
106	80	Lp
106	81	Lp
106	82	-1
106	83	-1
106	84	Lp
106	85	Lp
106	86	Lp
106	87	Lp
106	88	Lp
106	89	Lp
106	90	Lp
106	91	L
106	92	Lp
106	93	Lp
106	94	Lp
106	95	-1
106	96	Lp
106	97	Lp
106	98	Lp
106	99	-1
106	100	Lp
106	101	Lp
106	102	Lp
106	103	-1
106	104	-1
106	105	-1
106	106	L
106	107	Lp
106	108	U
106	109	U
106	110	-1
106	111	L
106	112	L
106	113	L
106	114	L
106	115	L
106	116	L
106	117	L
106	118	L
106	119	L
107	0	L
107	1	L
107	2	-1
107	3	L
107	4	L
107	5	L
107	6	Lp
107	7	Lp
107	8	Lp
107	9	L
107	10	Lp
107	11	L
107	12	L
107	13	-1
107	14	L
107	15	L
107	16	L
107	17	L
107	18	L
107	19	L
107	20	L
107	21	L
107	22	L
107	23	L
107	24	L
107	25	L
107	26	-1
107	27	L
107	28	L
107	29	Lp
107	30	Lp
107	31	Lp
107	32	Lp
107	33	-1
107	34	Lp
107	35	Lp
107	36	Lp
107	37	Lp
107	38	-1
107	39	-1
107	40	L
107	41	L
107	42	L
107	43	L
107	44	L
107	45	-1
107	46	Lp
107	47	Lp
107	48	L
107	49	U
107	50	U
107	51	U
107	52	Lp
107	53	-1
107	54	L
107	55	L
107	56	Lp
107	57	Lp
107	58	Lp
107	59	Lp
107	60	Lp
107	61	Lp
107	62	-1
107	63	-1
107	64	Lp
107	65	L
107	66	L
107	67	Lp
107	68	Lp
107	69	Lp
107	70	L
107	71	Lp
107	72	Lp
107	73	-1
107	74	Lp
107	75	Lp
107	76	L
107	77	Lp
107	78	-1
107	79	Lp
107	80	Lp
107	81	Lp
107	82	Lp
107	83	Lp
107	84	Lp
107	85	Lp
107	86	Lp
107	87	Lp
107	88	-1
107	89	Lp
107	90	Lp
107	91	L
107	92	L
107	93	Lp
107	94	U
107	95	Lp
107	96	Lp
107	97	Lp
107	98	L
107	99	Lp
107	100	Lp
107	101	Lp
107	102	Lp
107	103	Lp
107	104	Lp
107	105	L
107	106	Lp
107	107	Lp
107	108	U
107	109	L
107	110	-1
107	111	L
107	112	L
107	113	L
107	114	L
107	115	L
107	116	L
107	117	L
107	118	-1
107	119	L
108	0	-1
108	1	L
108	2	L
108	3	L
108	4	Lp
108	5	L
108	6	Lp
108	7	Lp
108	8	L
108	9	Lp
108	10	-1
108	11	L
108	12	-1
108	13	Lp
108	14	-1
108	15	-1
108	16	-1
108	17	Lp
108	18	L
108	19	L
108	20	-1
108	21	L
108	22	L
108	23	L
108	24	L
108	25	-1
108	26	L
108	27	-1
108	28	L
108	29	L
108	30	-1
108	31	Lp
108	32	Lp
108	33	Lp
108	34	Lp
108	35	Lp
108	36	Lp
108	37	Lp
108	38	Lp
108	39	Lp
108	40	-1
108	41	-1
108	42	L
108	43	L
108	44	-1
108	45	L
108	46	L
108	47	L
108	48	U
108	49	U
108	50	U
108	51	-1
108	52	Lp
108	53	L
108	54	L
108	55	Lp
108	56	Lp
108	57	Lp
108	58	Lp
108	59	Lp
108	60	-1
108	61	Lp
108	62	Lp
108	63	Lp
108	64	Lp
108	65	L
108	66	L
108	67	L
108	68	Lp
108	69	Lp
108	70	Lp
108	71	L
108	72	-1
108	73	Lp
108	74	-1
108	75	Lp
108	76	L
108	77	Lp
108	78	Lp
108	79	Lp
108	80	Lp
108	81	Lp
108	82	Lp
108	83	Lp
108	84	-1
108	85	-1
108	86	Lp
108	87	Lp
108	88	Lp
108	89	Lp
108	90	Lp
108	91	L
108	92	L
108	93	L
108	94	L
108	95	-1
108	96	Lp
108	97	Lp
108	98	L
108	99	L
108	100	-1
108	101	Lp
108	102	Lp
108	103	Lp
108	104	Lp
108	105	Lp
108	106	-1
108	107	U
108	108	L
108	109	L
108	110	L
108	111	L
108	112	L
108	113	L
108	114	L
108	115	L
108	116	-1
108	117	L
108	118	-1
108	119	L
109	0	L
109	1	L
109	2	L
109	3	L
109	4	Lp
109	5	Lp
109	6	Lp
109	7	L
109	8	L
109	9	Lp
109	10	Lp
109	11	-1
109	12	U
109	13	-1
109	14	-1
109	15	L
109	16	L
109	17	-1
109	18	Lp
109	19	Lp
109	20	L
109	21	-1
109	22	L
109	23	U
109	24	-1
109	25	L
109	26	L
109	27	L
109	28	-1
109	29	-1
109	30	L
109	31	L
109	32	L
109	33	L
109	34	U
109	35	U
109	36	-1
109	37	Lp
109	38	U
109	39	Lp
109	40	-1
109	41	L
109	42	L
109	43	U
109	44	U
109	45	L
109	46	L
109	47	L
109	48	U
109	49	-1
109	50	U
109	51	Lp
109	52	U
109	53	-1
109	54	L
109	55	L
109	56	Lp
109	57	Lp
109	58	Lp
109	59	Lp
109	60	-1
109	61	Lp
109	62	-1
109	63	-1
109	64	Lp
109	65	Lp
109	66	-1
109	67	Lp
109	68	Lp
109	69	Lp
109	70	Lp
109	71	Lp
109	72	Lp
109	73	Lp
109	74	Lp
109	75	-1
109	76	Lp
109	77	Lp
109	78	Lp
109	79	Lp
109	80	-1
109	81	Lp
109	82	Lp
109	83	Lp
109	84	Lp
109	85	U
109	86	Lp
109	87	Lp
109	88	Lp
109	89	Lp
109	90	-1
109	91	-1
109	92	L
109	93	L
109	94	L
109	95	Lp
109	96	Lp
109	97	L
109	98	L
109	99	-1
109	100	L
109	101	Lp
109	102	Lp
109	103	U
109	104	Lp
109	105	-1
109	106	Lp
109	107	-1
109	108	L
109	109	U
109	110	L
109	111	-1
109	112	L
109	113	L
109	114	L
109	115	-1
109	116	L
109	117	L
109	118	L
109	119	L
110	0	L
110	1	-1
110	2	L
110	3	L
110	4	-1
110	5	U
110	6	L
110	7	-1
110	8	L
110	9	Lp
110	10	Lp
110	11	L
110	12	U
110	13	L
110	14	L
110	15	L
110	16	L
110	17	L
110	18	U
110	19	-1
110	20	-1
110	21	L
110	22	-1
110	23	L
110	24	L
110	25	L
110	26	L
110	27	L
110	28	L
110	29	L
110	30	L
110	31	-1
110	32	-1
110	33	L
110	34	U
110	35	U
110	36	Lp
110	37	-1
110	38	U
110	39	L
110	40	L
110	41	-1
110	42	L
110	43	-1
110	44	U
110	45	L
110	46	U
110	47	L
110	48	L
110	49	U
110	50	U
110	51	U
110	52	L
110	53	-1
110	54	L
110	55	L
110	56	L
110	57	Lp
110	58	-1
110	59	Lp
110	60	Lp
110	61	L
110	62	-1
110	63	Lp
110	64	Lp
110	65	Lp
110	66	Lp
110	67	Lp
110	68	Lp
110	69	-1
110	70	Lp
110	71	Lp
110	72	Lp
110	73	-1
110	74	Lp
110	75	Lp
110	76	Lp
110	77	Lp
110	78	Lp
110	79	Lp
110	80	Lp
110	81	Lp
110	82	Lp
110	83	-1
110	84	U
110	85	U
110	86	-1
110	87	Lp
110	88	Lp
110	89	Lp
110	90	Lp
110	91	Lp
110	92	Lp
110	93	L
110	94	-1
110	95	-1
110	96	L
110	97	L
110	98	L
110	99	L
110	100	-1
110	101	Lp
110	102	Lp
110	103	U
110	104	-1
110	105	L
110	106	U
110	107	L
110	108	-1
110	109	L
110	110	-1
110	111	-1
110	112	L
110	113	L
110	114	L
110	115	L
110	116	L
110	117	-1
110	118	-1
110	119	-1
111	0	L
111	1	L
111	2	L
111	3	L
111	4	U
111	5	-1
111	6	L
111	7	U
111	8	-1
111	9	L
111	10	Lp
111	11	L
111	12	U
111	13	-1
111	14	L
111	15	-1
111	16	L
111	17	L
111	18	L
111	19	U
111	20	-1
111	21	-1
111	22	-1
111	23	L
111	24	L
111	25	L
111	26	-1
111	27	-1
111	28	L
111	29	L
111	30	Lp
111	31	-1
111	32	-1
111	33	Lp
111	34	-1
111	35	Lp
111	36	-1
111	37	L
111	38	Lp
111	39	L
111	40	-1
111	41	-1
111	42	Lp
111	43	-1
111	44	U
111	45	U
111	46	U
111	47	-1
111	48	L
111	49	U
111	50	U
111	51	U
111	52	U
111	53	-1
111	54	L
111	55	L
111	56	Lp
111	57	Lp
111	58	-1
111	59	Lp
111	60	Lp
111	61	-1
111	62	Lp
111	63	Lp
111	64	Lp
111	65	Lp
111	66	Lp
111	67	Lp
111	68	Lp
111	69	Lp
111	70	Lp
111	71	Lp
111	72	Lp
111	73	-1
111	74	Lp
111	75	Lp
111	76	-1
111	77	Lp
111	78	Lp
111	79	Lp
111	80	Lp
111	81	-1
111	82	L
111	83	Lp
111	84	Lp
111	85	Lp
111	86	-1
111	87	Lp
111	88	Lp
111	89	Lp
111	90	Lp
111	91	-1
111	92	-1
111	93	-1
111	94	L
111	95	L
111	96	L
111	97	L
111	98	-1
111	99	L
111	100	Lp
111	101	Lp
111	102	Lp
111	103	U
111	104	L
111	105	L
111	106	L
111	107	-1
111	108	U
111	109	L
111	110	L
111	111	-1
111	112	L
111	113	-1
111	114	L
111	115	L
111	116	L
111	117	L
111	118	U
111	119	U
112	0	-1
112	1	L
112	2	L
112	3	L
112	4	L
112	5	U
112	6	U
112	7	U
112	8	U
112	9	L
112	10	L
112	11	L
112	12	L
112	13	L
112	14	L
112	15	L
112	16	L
112	17	L
112	18	-1
112	19	L
112	20	L
112	21	L
112	22	L
112	23	L
112	24	L
112	25	L
112	26	L
112	27	L
112	28	-1
112	29	-1
112	30	L
112	31	L
112	32	Lp
112	33	Lp
112	34	Lp
112	35	Lp
112	36	L
112	37	Lp
112	38	Lp
112	39	-1
112	40	-1
112	41	Lp
112	42	-1
112	43	U
112	44	-1
112	45	-1
112	46	-1
112	47	-1
112	48	L
112	49	L
112	50	-1
112	51	U
112	52	U
112	53	U
112	54	-1
112	55	-1
112	56	Lp
112	57	Lp
112	58	U
112	59	-1
112	60	Lp
112	61	Lp
112	62	Lp
112	63	-1
112	64	Lp
112	65	-1
112	66	-1
112	67	Lp
112	68	Lp
112	69	Lp
112	70	Lp
112	71	Lp
112	72	Lp
112	73	-1
112	74	Lp
112	75	Lp
112	76	Lp
112	77	-1
112	78	Lp
112	79	Lp
112	80	Lp
112	81	Lp
112	82	Lp
112	83	Lp
112	84	Lp
112	85	Lp
112	86	Lp
112	87	Lp
112	88	Lp
112	89	Lp
112	90	Lp
112	91	Lp
112	92	L
112	93	-1
112	94	L
112	95	L
112	96	L
112	97	-1
112	98	L
112	99	L
112	100	L
112	101	L
112	102	L
112	103	L
112	104	L
112	105	-1
112	106	-1
112	107	U
112	108	U
112	109	L
112	110	-1
112	111	-1
112	112	-1
112	113	L
112	114	L
112	115	L
112	116	L
112	117	L
112	118	U
112	119	U
113	0	L
113	1	L
113	2	L
113	3	L
113	4	L
113	5	-1
113	6	U
113	7	-1
113	8	L
113	9	L
113	10	L
113	11	L
113	12	L
113	13	-1
113	14	L
113	15	L
113	16	L
113	17	L
113	18	L
113	19	L
113	20	L
113	21	L
113	22	-1
113	23	-1
113	24	L
113	25	L
113	26	L
113	27	-1
113	28	-1
113	29	Lp
113	30	Lp
113	31	Lp
113	32	L
113	33	L
113	34	L
113	35	L
113	36	L
113	37	L
113	38	L
113	39	Lp
113	40	-1
113	41	Lp
113	42	Lp
113	43	Lp
113	44	U
113	45	L
113	46	L
113	47	L
113	48	-1
113	49	U
113	50	U
113	51	U
113	52	-1
113	53	-1
113	54	-1
113	55	U
113	56	-1
113	57	Lp
113	58	Lp
113	59	Lp
113	60	-1
113	61	-1
113	62	Lp
113	63	Lp
113	64	-1
113	65	Lp
113	66	Lp
113	67	Lp
113	68	Lp
113	69	Lp
113	70	Lp
113	71	Lp
113	72	L
113	73	Lp
113	74	-1
113	75	Lp
113	76	Lp
113	77	Lp
113	78	Lp
113	79	Lp
113	80	Lp
113	81	Lp
113	82	Lp
113	83	Lp
113	84	Lp
113	85	-1
113	86	Lp
113	87	Lp
113	88	Lp
113	89	Lp
113	90	Lp
113	91	Lp
113	92	-1
113	93	-1
113	94	-1
113	95	L
113	96	-1
113	97	-1
113	98	-1
113	99	L
113	100	L
113	101	-1
113	102	L
113	103	L
113	104	-1
113	105	-1
113	106	U
113	107	-1
113	108	U
113	109	U
113	110	-1
113	111	-1
113	112	L
113	113	-1
113	114	L
113	115	-1
113	116	L
113	117	L
113	118	L
113	119	L
114	0	L
114	1	-1
114	2	L
114	3	L
114	4	L
114	5	U
114	6	L
114	7	-1
114	8	L
114	9	L
114	10	L
114	11	-1
114	12	L
114	13	L
114	14	L
114	15	-1
114	16	-1
114	17	L
114	18	-1
114	19	L
114	20	-1
114	21	-1
114	22	Lp
114	23	L
114	24	L
114	25	Lp
114	26	L
114	27	Lp
114	28	Lp
114	29	-1
114	30	Lp
114	31	L
114	32	L
114	33	L
114	34	L
114	35	-1
114	36	-1
114	37	L
114	38	L
114	39	Lp
114	40	Lp
114	41	Lp
114	42	Lp
114	43	Lp
114	44	L
114	45	-1
114	46	L
114	47	-1
114	48	U
114	49	U
114	50	U
114	51	U
114	52	U
114	53	Lp
114	54	Lp
114	55	-1
114	56	L
114	57	Lp
114	58	U
114	59	U
114	60	Lp
114	61	Lp
114	62	Lp
114	63	Lp
114	64	Lp
114	65	Lp
114	66	Lp
114	67	Lp
114	68	Lp
114	69	Lp
114	70	Lp
114	71	Lp
114	72	-1
114	73	Lp
114	74	-1
114	75	-1
114	76	L
114	77	Lp
114	78	Lp
114	79	Lp
114	80	Lp
114	81	Lp
114	82	Lp
114	83	-1
114	84	Lp
114	85	Lp
114	86	-1
114	87	Lp
114	88	Lp
114	89	Lp
114	90	Lp
114	91	Lp
114	92	-1
114	93	-1
114	94	L
114	95	L
114	96	L
114	97	L
114	98	L
114	99	L
114	100	U
114	101	U
114	102	-1
114	103	-1
114	104	L
114	105	L
114	106	-1
114	107	U
114	108	L
114	109	L
114	110	L
114	111	L
114	112	L
114	113	L
114	114	L
114	115	L
114	116	L
114	117	-1
114	118	L
114	119	L
115	0	L
115	1	L
115	2	L
115	3	L
115	4	U
115	5	L
115	6	U
115	7	L
115	8	L
115	9	L
115	10	-1
115	11	L
115	12	L
115	13	-1
115	14	L
115	15	L
115	16	L
115	17	-1
115	18	L
115	19	L
115	20	Lp
115	21	Lp
115	22	L
115	23	Lp
115	24	L
115	25	L
115	26	Lp
115	27	L
115	28	-1
115	29	Lp
115	30	U
115	31	L
115	32	L
115	33	L
115	34	L
115	35	Lp
115	36	Lp
115	37	Lp
115	38	Lp
115	39	Lp
115	40	Lp
115	41	Lp
115	42	Lp
115	43	Lp
115	44	L
115	45	L
115	46	L
115	47	L
115	48	Lp
115	49	U
115	50	U
115	51	U
115	52	-1
115	53	U
115	54	U
115	55	-1
115	56	-1
115	57	Lp
115	58	Lp
115	59	-1
115	60	Lp
115	61	Lp
115	62	Lp
115	63	Lp
115	64	Lp
115	65	Lp
115	66	Lp
115	67	-1
115	68	Lp
115	69	Lp
115	70	L
115	71	L
115	72	L
115	73	L
115	74	Lp
115	75	Lp
115	76	Lp
115	77	Lp
115	78	Lp
115	79	Lp
115	80	Lp
115	81	-1
115	82	-1
115	83	-1
115	84	Lp
115	85	Lp
115	86	-1
115	87	Lp
115	88	Lp
115	89	-1
115	90	-1
115	91	Lp
115	92	L
115	93	Lp
115	94	Lp
115	95	-1
115	96	L
115	97	L
115	98	L
115	99	L
115	100	L
115	101	U
115	102	L
115	103	L
115	104	L
115	105	L
115	106	-1
115	107	L
115	108	L
115	109	L
115	110	L
115	111	-1
115	112	L
115	113	L
115	114	L
115	115	L
115	116	U
115	117	U
115	118	U
115	119	L
116	0	L
116	1	-1
116	2	-1
116	3	L
116	4	L
116	5	U
116	6	U
116	7	L
116	8	L
116	9	L
116	10	L
116	11	L
116	12	L
116	13	L
116	14	L
116	15	-1
116	16	L
116	17	L
116	18	-1
116	19	Lp
116	20	Lp
116	21	Lp
116	22	Lp
116	23	L
116	24	Lp
116	25	Lp
116	26	L
116	27	Lp
116	28	Lp
116	29	Lp
116	30	-1
116	31	L
116	32	L
116	33	L
116	34	L
116	35	Lp
116	36	Lp
116	37	-1
116	38	Lp
116	39	Lp
116	40	Lp
116	41	-1
116	42	Lp
116	43	L
116	44	L
116	45	-1
116	46	-1
116	47	Lp
116	48	-1
116	49	Lp
116	50	U
116	51	U
116	52	U
116	53	U
116	54	-1
116	55	Lp
116	56	-1
116	57	U
116	58	Lp
116	59	Lp
116	60	Lp
116	61	Lp
116	62	Lp
116	63	Lp
116	64	Lp
116	65	-1
116	66	Lp
116	67	-1
116	68	U
116	69	L
116	70	-1
116	71	L
116	72	L
116	73	L
116	74	-1
116	75	Lp
116	76	Lp
116	77	-1
116	78	Lp
116	79	Lp
116	80	Lp
116	81	Lp
116	82	Lp
116	83	-1
116	84	-1
116	85	-1
116	86	Lp
116	87	-1
116	88	Lp
116	89	Lp
116	90	Lp
116	91	-1
116	92	-1
116	93	Lp
116	94	L
116	95	L
116	96	-1
116	97	U
116	98	L
116	99	L
116	100	L
116	101	-1
116	102	U
116	103	-1
116	104	L
116	105	L
116	106	-1
116	107	L
116	108	L
116	109	L
116	110	L
116	111	L
116	112	L
116	113	L
116	114	L
116	115	L
116	116	-1
116	117	-1
116	118	-1
116	119	L
117	0	L
117	1	L
117	2	L
117	3	L
117	4	L
117	5	L
117	6	L
117	7	-1
117	8	L
117	9	L
117	10	L
117	11	L
117	12	Lp
117	13	Lp
117	14	-1
117	15	L
117	16	Lp
117	17	Lp
117	18	Lp
117	19	Lp
117	20	Lp
117	21	Lp
117	22	Lp
117	23	Lp
117	24	Lp
117	25	Lp
117	26	-1
117	27	Lp
117	28	Lp
117	29	Lp
117	30	L
117	31	L
117	32	-1
117	33	-1
117	34	-1
117	35	Lp
117	36	Lp
117	37	Lp
117	38	-1
117	39	Lp
117	40	Lp
117	41	Lp
117	42	-1
117	43	L
117	44	-1
117	45	L
117	46	Lp
117	47	Lp
117	48	Lp
117	49	Lp
117	50	-1
117	51	-1
117	52	U
117	53	U
117	54	Lp
117	55	Lp
117	56	U
117	57	L
117	58	L
117	59	Lp
117	60	Lp
117	61	Lp
117	62	Lp
117	63	Lp
117	64	Lp
117	65	-1
117	66	U
117	67	U
117	68	U
117	69	Lp
117	70	L
117	71	-1
117	72	Lp
117	73	Lp
117	74	L
117	75	-1
117	76	-1
117	77	Lp
117	78	-1
117	79	Lp
117	80	Lp
117	81	Lp
117	82	-1
117	83	Lp
117	84	Lp
117	85	Lp
117	86	Lp
117	87	-1
117	88	Lp
117	89	Lp
117	90	Lp
117	91	Lp
117	92	Lp
117	93	Lp
117	94	L
117	95	-1
117	96	U
117	97	L
117	98	L
117	99	-1
117	100	L
117	101	L
117	102	L
117	103	-1
117	104	L
117	105	L
117	106	-1
117	107	L
117	108	-1
117	109	L
117	110	L
117	111	L
117	112	L
117	113	L
117	114	-1
117	115	L
117	116	L
117	117	L
117	118	L
117	119	L
118	0	L
118	1	-1
118	2	L
118	3	L
118	4	L
118	5	L
118	6	L
118	7	L
118	8	L
118	9	-1
118	10	-1
118	11	L
118	12	L
118	13	Lp
118	14	-1
118	15	-1
118	16	L
118	17	Lp
118	18	Lp
118	19	-1
118	20	Lp
118	21	-1
118	22	-1
118	23	Lp
118	24	L
118	25	L
118	26	L
118	27	-1
118	28	Lp
118	29	-1
118	30	L
118	31	L
118	32	L
118	33	L
118	34	Lp
118	35	-1
118	36	Lp
118	37	Lp
118	38	Lp
118	39	Lp
118	40	Lp
118	41	Lp
118	42	Lp
118	43	-1
118	44	L
118	45	Lp
118	46	U
118	47	Lp
118	48	Lp
118	49	-1
118	50	L
118	51	Lp
118	52	-1
118	53	Lp
118	54	-1
118	55	Lp
118	56	L
118	57	-1
118	58	Lp
118	59	-1
118	60	Lp
118	61	-1
118	62	Lp
118	63	Lp
118	64	-1
118	65	-1
118	66	-1
118	67	L
118	68	L
118	69	L
118	70	L
118	71	Lp
118	72	Lp
118	73	-1
118	74	-1
118	75	Lp
118	76	Lp
118	77	-1
118	78	Lp
118	79	-1
118	80	Lp
118	81	Lp
118	82	-1
118	83	-1
118	84	Lp
118	85	Lp
118	86	Lp
118	87	-1
118	88	Lp
118	89	Lp
118	90	-1
118	91	Lp
118	92	-1
118	93	Lp
118	94	U
118	95	L
118	96	-1
118	97	-1
118	98	L
118	99	L
118	100	-1
118	101	-1
118	102	L
118	103	L
118	104	Lp
118	105	-1
118	106	L
118	107	L
118	108	L
118	109	L
118	110	-1
118	111	L
118	112	L
118	113	L
118	114	L
118	115	L
118	116	L
118	117	L
118	118	L
118	119	-1
119	0	L
119	1	L
119	2	L
119	3	-1
119	4	L
119	5	-1
119	6	Lp
119	7	L
119	8	L
119	9	Lp
119	10	L
119	11	-1
119	12	Lp
119	13	Lp
119	14	-1
119	15	L
119	16	L
119	17	L
119	18	-1
119	19	U
119	20	Lp
119	21	U
119	22	Lp
119	23	L
119	24	L
119	25	L
119	26	-1
119	27	-1
119	28	Lp
119	29	L
119	30	L
119	31	L
119	32	L
119	33	L
119	34	-1
119	35	-1
119	36	Lp
119	37	Lp
119	38	Lp
119	39	Lp
119	40	Lp
119	41	Lp
119	42	L
119	43	Lp
119	44	L
119	45	Lp
119	46	L
119	47	L
119	48	Lp
119	49	Lp
119	50	Lp
119	51	Lp
119	52	Lp
119	53	Lp
119	54	Lp
119	55	-1
119	56	-1
119	57	Lp
119	58	Lp
119	59	Lp
119	60	-1
119	61	Lp
119	62	Lp
119	63	Lp
119	64	Lp
119	65	-1
119	66	-1
119	67	-1
119	68	-1
119	69	L
119	70	L
119	71	Lp
119	72	Lp
119	73	Lp
119	74	-1
119	75	-1
119	76	Lp
119	77	Lp
119	78	Lp
119	79	Lp
119	80	Lp
119	81	Lp
119	82	Lp
119	83	Lp
119	84	-1
119	85	-1
119	86	-1
119	87	-1
119	88	-1
119	89	Lp
119	90	-1
119	91	Lp
119	92	Lp
119	93	Lp
119	94	U
119	95	U
119	96	L
119	97	L
119	98	L
119	99	L
119	100	L
119	101	L
119	102	L
119	103	-1
119	104	Lp
119	105	Lp
119	106	Lp
119	107	Lp
119	108	L
119	109	-1
119	110	-1
119	111	-1
119	112	L
119	113	-1
119	114	L
119	115	L
119	116	-1
119	117	-1
119	118	-1
119	119	L
