0	0	Lc
0	1	Lc
0	2	-1
0	3	-1
0	4	Lc
0	5	-1
0	6	-1
0	7	L
0	8	L
0	9	L
0	10	L
0	11	L
0	12	-1
0	13	Lc
0	14	Lc
0	15	-1
0	16	Lc
0	17	-1
0	18	L
0	19	L
0	20	L
0	21	L
0	22	Lc
0	23	-1
0	24	Uc
0	25	Lc
0	26	Lc
0	27	Lc
0	28	Lc
0	29	Lc
0	30	Lc
0	31	Lc
0	32	Lc
0	33	Lc
0	34	Lc
0	35	Lc
0	36	Lc
0	37	Lcp
0	38	Lc
0	39	Lc
0	40	Lc
0	41	Lc
0	42	Lcp
0	43	Lc
0	44	Lc
0	45	Lc
0	46	-1
0	47	Lc
0	48	Lc
0	49	Lc
0	50	Lc
0	51	-1
0	52	Lc
0	53	Lc
0	54	Lc
0	55	Lc
0	56	Lc
0	57	Lc
0	58	Lc
0	59	Lc
0	60	Lcp
0	61	Lcp
0	62	-1
0	63	Lc
0	64	Lc
0	65	Lc
0	66	L
0	67	Lc
0	68	-1
0	69	L
0	70	Lc
0	71	-1
0	72	L
0	73	-1
0	74	L
0	75	Lc
0	76	Lc
0	77	Lc
0	78	Lc
0	79	Lc
0	80	Lc
0	81	Lc
0	82	Lc
0	83	L
0	84	-1
0	85	Lc
0	86	L
0	87	Lc
0	88	Lc
0	89	-1
0	90	Lc
0	91	Lc
0	92	-1
0	93	Lc
0	94	Lc
0	95	Lc
0	96	Lc
0	97	Lc
0	98	Lc
0	99	Lc
0	100	Lc
0	101	Lc
0	102	Lc
0	103	Lc
0	104	Lc
0	105	Lc
0	106	Lc
0	107	Lc
0	108	Lc
0	109	Lc
0	110	Lc
0	111	Lc
0	112	Lc
0	113	Lc
0	114	-1
0	115	Lc
0	116	Lc
0	117	Lc
0	118	Lc
0	119	Lc
1	0	-1
1	1	-1
1	2	Lc
1	3	-1
1	4	Lc
1	5	Lc
1	6	Lc
1	7	L
1	8	L
1	9	L
1	10	L
1	11	L
1	12	L
1	13	-1
1	14	Lc
1	15	-1
1	16	Lc
1	17	Lc
1	18	L
1	19	L
1	20	L
1	21	Uc
1	22	L
1	23	Lc
1	24	Uc
1	25	Lc
1	26	Lc
1	27	Lc
1	28	Lc
1	29	-1
1	30	-1
1	31	-1
1	32	Uc
1	33	Lc
1	34	Lc
1	35	Lc
1	36	Lc
1	37	Lc
1	38	Lc
1	39	Lc
1	40	Lc
1	41	-1
1	42	Lc
1	43	Lc
1	44	Lc
1	45	Lc
1	46	Lc
1	47	Lc
1	48	Lc
1	49	-1
1	50	Lc
1	51	Lc
1	52	Lc
1	53	Lc
1	54	Lc
1	55	-1
1	56	-1
1	57	Uc
1	58	Uc
1	59	-1
1	60	Lcp
1	61	Lcp
1	62	Lc
1	63	Lcp
1	64	Lc
1	65	Lc
1	66	Lc
1	67	Lc
1	68	Lc
1	69	Lc
1	70	Lc
1	71	Lc
1	72	Lc
1	73	Lc
1	74	-1
1	75	Lc
1	76	Lc
1	77	Lc
1	78	-1
1	79	Lc
1	80	Lc
1	81	Lc
1	82	Lc
1	83	L
1	84	L
1	85	Lc
1	86	-1
1	87	L
1	88	Lc
1	89	-1
1	90	Lc
1	91	Lc
1	92	Lc
1	93	Lc
1	94	Lc
1	95	Lc
1	96	-1
1	97	Lc
1	98	Lc
1	99	Lc
1	100	Lc
1	101	Lc
1	102	Uc
1	103	Lc
1	104	Lc
1	105	Lc
1	106	Lc
1	107	Lc
1	108	Lc
1	109	Lc
1	110	Lc
1	111	Lc
1	112	Lc
1	113	Lc
1	114	Lc
1	115	Lc
1	116	Lc
1	117	-1
1	118	Lc
1	119	Uc
2	0	Lc
2	1	Lc
2	2	Lc
2	3	Uc
2	4	Lc
2	5	Lc
2	6	Lc
2	7	Lc
2	8	L
2	9	L
2	10	L
2	11	Lc
2	12	L
2	13	Lc
2	14	Lc
2	15	Lc
2	16	Lc
2	17	Lc
2	18	Lc
2	19	Lc
2	20	-1
2	21	L
2	22	Uc
2	23	-1
2	24	-1
2	25	Lc
2	26	Lc
2	27	-1
2	28	Lc
2	29	Lc
2	30	Lc
2	31	Lc
2	32	Lc
2	33	Lc
2	34	Lc
2	35	Lc
2	36	Lc
2	37	Lc
2	38	Lc
2	39	Lc
2	40	Lc
2	41	Lc
2	42	Lc
2	43	Lc
2	44	Lc
2	45	Lc
2	46	Lc
2	47	Lc
2	48	Lc
2	49	Lc
2	50	Lc
2	51	Lc
2	52	Lc
2	53	Lc
2	54	-1
2	55	Uc
2	56	Uc
2	57	-1
2	58	Uc
2	59	Uc
2	60	Lc
2	61	Lc
2	62	Uc
2	63	Uc
2	64	Uc
2	65	Uc
2	66	Uc
2	67	-1
2	68	Lc
2	69	Lc
2	70	Lc
2	71	Lc
2	72	Lc
2	73	Lc
2	74	Lc
2	75	Lc
2	76	Lc
2	77	Lc
2	78	Lc
2	79	Lc
2	80	-1
2	81	Lc
2	82	Lc
2	83	L
2	84	L
2	85	-1
2	86	Lc
2	87	Lc
2	88	L
2	89	Lc
2	90	Lc
2	91	Lc
2	92	Lc
2	93	Lc
2	94	Lc
2	95	Lc
2	96	Lc
2	97	Lc
2	98	Lc
2	99	Lc
2	100	Lc
2	101	Uc
2	102	Lc
2	103	Lc
2	104	Lc
2	105	Lc
2	106	Lc
2	107	Lc
2	108	Lc
2	109	Lc
2	110	Lc
2	111	Lc
2	112	Lc
2	113	Lc
2	114	Lc
2	115	Lc
2	116	Uc
2	117	Lc
2	118	Lc
2	119	Lc
3	0	Lc
3	1	Lc
3	2	Uc
3	3	Uc
3	4	Uc
3	5	Uc
3	6	Lc
3	7	L
3	8	Lc
3	9	Lc
3	10	L
3	11	Lc
3	12	Lc
3	13	L
3	14	-1
3	15	L
3	16	Lc
3	17	L
3	18	L
3	19	Lc
3	20	-1
3	21	Uc
3	22	-1
3	23	Lc
3	24	Lc
3	25	Lc
3	26	Lc
3	27	-1
3	28	Uc
3	29	Lc
3	30	Lc
3	31	Lc
3	32	Lc
3	33	Lc
3	34	Lc
3	35	-1
3	36	-1
3	37	Lc
3	38	Lc
3	39	Lc
3	40	Lc
3	41	Lc
3	42	Lc
3	43	Lc
3	44	Lc
3	45	Lc
3	46	Lc
3	47	Lcp
3	48	Lcp
3	49	Lc
3	50	Lc
3	51	Uc
3	52	Uc
3	53	-1
3	54	Lc
3	55	Lc
3	56	Uc
3	57	Lc
3	58	Uc
3	59	Uc
3	60	Uc
3	61	Lc
3	62	Lc
3	63	Lc
3	64	Lc
3	65	Uc
3	66	Uc
3	67	Lc
3	68	Lc
3	69	-1
3	70	Lc
3	71	Lc
3	72	Lc
3	73	Lc
3	74	Lc
3	75	Lc
3	76	Lc
3	77	-1
3	78	Lc
3	79	Lc
3	80	L
3	81	Lc
3	82	L
3	83	L
3	84	L
3	85	L
3	86	-1
3	87	L
3	88	Lc
3	89	Lc
3	90	Lc
3	91	Lc
3	92	Lc
3	93	-1
3	94	Lc
3	95	Lc
3	96	Lc
3	97	Lc
3	98	Lc
3	99	Lc
3	100	Lc
3	101	Lc
3	102	Uc
3	103	Lc
3	104	Lc
3	105	-1
3	106	Lc
3	107	Lc
3	108	Lc
3	109	-1
3	110	Lc
3	111	-1
3	112	Lc
3	113	Lc
3	114	Lc
3	115	Lc
3	116	Uc
3	117	Lc
3	118	Lc
3	119	Lc
4	0	Lc
4	1	Uc
4	2	Uc
4	3	Uc
4	4	Uc
4	5	Uc
4	6	Uc
4	7	Lc
4	8	Lc
4	9	Lc
4	10	Lc
4	11	Lc
4	12	Lc
4	13	Lc
4	14	Lc
4	15	Lc
4	16	L
4	17	L
4	18	L
4	19	Uc
4	20	Uc
4	21	Uc
4	22	Lc
4	23	Uc
4	24	Lc
4	25	Lc
4	26	Lc
4	27	Lc
4	28	Lc
4	29	Uc
4	30	Lc
4	31	Lc
4	32	Lc
4	33	-1
4	34	Lc
4	35	Lc
4	36	Lc
4	37	Lc
4	38	-1
4	39	Lc
4	40	-1
4	41	Lc
4	42	Lc
4	43	-1
4	44	Lc
4	45	Lc
4	46	-1
4	47	Lc
4	48	Lcp
4	49	Lc
4	50	Uc
4	51	Uc
4	52	Uc
4	53	-1
4	54	-1
4	55	Lc
4	56	Lc
4	57	Lc
4	58	Lc
4	59	-1
4	60	Uc
4	61	-1
4	62	Lc
4	63	Lc
4	64	Uc
4	65	Lc
4	66	Lc
4	67	Lc
4	68	Lc
4	69	Lc
4	70	Lc
4	71	Lc
4	72	Lc
4	73	Lc
4	74	Lc
4	75	Lc
4	76	Lc
4	77	-1
4	78	Lc
4	79	Lc
4	80	-1
4	81	L
4	82	L
4	83	L
4	84	L
4	85	L
4	86	L
4	87	Lc
4	88	Lc
4	89	Lc
4	90	Lc
4	91	Lc
4	92	Lc
4	93	Lc
4	94	Lc
4	95	Lc
4	96	Lc
4	97	Lc
4	98	Lc
4	99	Lc
4	100	Lc
4	101	Lc
4	102	-1
4	103	Lc
4	104	Lc
4	105	Lc
4	106	-1
4	107	Lc
4	108	Lc
4	109	Lc
4	110	Lc
4	111	Lc
4	112	Lc
4	113	Lc
4	114	Lc
4	115	Uc
4	116	Uc
4	117	Lc
4	118	Lc
4	119	Lc
5	0	Lc
5	1	Lc
5	2	Uc
5	3	Uc
5	4	Uc
5	5	L
5	6	Lc
5	7	Lc
5	8	L
5	9	L
5	10	Lc
5	11	Lc
5	12	Lc
5	13	Lc
5	14	Lc
5	15	Lc
5	16	Lc
5	17	L
5	18	-1
5	19	Lc
5	20	-1
5	21	Lc
5	22	Lc
5	23	Lc
5	24	Lc
5	25	Lc
5	26	Lc
5	27	Lc
5	28	Lc
5	29	Uc
5	30	-1
5	31	-1
5	32	Lc
5	33	Lc
5	34	Lc
5	35	Lc
5	36	Lc
5	37	-1
5	38	Lc
5	39	Uc
5	40	Lc
5	41	-1
5	42	Lc
5	43	Lc
5	44	Lc
5	45	Lc
5	46	Lc
5	47	Lc
5	48	Lc
5	49	Lc
5	50	Lc
5	51	Uc
5	52	Lc
5	53	Lc
5	54	Lc
5	55	Lc
5	56	Lc
5	57	-1
5	58	Lc
5	59	Uc
5	60	Lc
5	61	Uc
5	62	Uc
5	63	Uc
5	64	Lc
5	65	Uc
5	66	Lc
5	67	Lc
5	68	Lc
5	69	Lc
5	70	Lc
5	71	Lc
5	72	Lc
5	73	Lc
5	74	Lc
5	75	Lc
5	76	Lc
5	77	Lc
5	78	Lc
5	79	Lc
5	80	Lc
5	81	Lc
5	82	-1
5	83	L
5	84	L
5	85	L
5	86	L
5	87	Lc
5	88	Lc
5	89	Lc
5	90	Lc
5	91	Lc
5	92	Lc
5	93	Lc
5	94	Lc
5	95	Lc
5	96	Lc
5	97	Lc
5	98	-1
5	99	Lc
5	100	Lc
5	101	Lc
5	102	Lc
5	103	Lc
5	104	Lc
5	105	Lc
5	106	Lc
5	107	Lc
5	108	Lc
5	109	-1
5	110	Lc
5	111	Lc
5	112	Lc
5	113	Lc
5	114	-1
5	115	Lc
5	116	Lc
5	117	-1
5	118	Lc
5	119	Lc
6	0	Lc
6	1	Lc
6	2	Lc
6	3	Lc
6	4	Uc
6	5	-1
6	6	Lc
6	7	Lc
6	8	Lc
6	9	Lc
6	10	L
6	11	-1
6	12	Lc
6	13	Lc
6	14	Lc
6	15	-1
6	16	Lc
6	17	Lc
6	18	L
6	19	Lc
6	20	Lc
6	21	Lc
6	22	Lc
6	23	Lc
6	24	Lc
6	25	Lc
6	26	Lc
6	27	Lc
6	28	-1
6	29	-1
6	30	Uc
6	31	Lc
6	32	Lc
6	33	Uc
6	34	Lc
6	35	-1
6	36	Lc
6	37	Lc
6	38	Lc
6	39	L
6	40	Uc
6	41	Lc
6	42	Lc
6	43	Lc
6	44	Lc
6	45	Lc
6	46	Lc
6	47	-1
6	48	Lc
6	49	Lc
6	50	Lc
6	51	Uc
6	52	Uc
6	53	-1
6	54	Lc
6	55	Lc
6	56	Lc
6	57	Lc
6	58	Lc
6	59	Lc
6	60	Lc
6	61	Lc
6	62	Uc
6	63	Uc
6	64	Uc
6	65	Lc
6	66	Lc
6	67	Lc
6	68	Lc
6	69	-1
6	70	Lc
6	71	Lc
6	72	Lc
6	73	-1
6	74	Lc
6	75	Lc
6	76	Lc
6	77	Lc
6	78	Lc
6	79	Lc
6	80	Lc
6	81	L
6	82	L
6	83	L
6	84	L
6	85	-1
6	86	L
6	87	L
6	88	Lc
6	89	-1
6	90	Lc
6	91	Lc
6	92	Lc
6	93	Lc
6	94	-1
6	95	Lc
6	96	Lc
6	97	Lc
6	98	Lc
6	99	Lc
6	100	Lc
6	101	Lc
6	102	Lc
6	103	Lc
6	104	Lc
6	105	Lc
6	106	Lc
6	107	Lc
6	108	Lc
6	109	-1
6	110	Lc
6	111	Lc
6	112	-1
6	113	-1
6	114	-1
6	115	Lc
6	116	-1
6	117	Lc
6	118	Lc
6	119	Lc
7	0	Lc
7	1	Lc
7	2	Lc
7	3	Lc
7	4	L
7	5	-1
7	6	Lc
7	7	Lc
7	8	Lc
7	9	L
7	10	L
7	11	Lc
7	12	L
7	13	Lc
7	14	Lc
7	15	Lc
7	16	Lc
7	17	Lc
7	18	Lc
7	19	Lc
7	20	Lc
7	21	Lc
7	22	-1
7	23	Lc
7	24	Lc
7	25	Lc
7	26	Lc
7	27	Lc
7	28	Lc
7	29	Uc
7	30	Uc
7	31	Uc
7	32	Lc
7	33	Lc
7	34	Lc
7	35	Lc
7	36	Lc
7	37	Lc
7	38	Lc
7	39	Lc
7	40	Lc
7	41	Lc
7	42	Lc
7	43	Lc
7	44	Lc
7	45	Lc
7	46	Lc
7	47	-1
7	48	Lc
7	49	Lc
7	50	Lc
7	51	Lc
7	52	Lc
7	53	Lc
7	54	-1
7	55	Lc
7	56	Lc
7	57	Lc
7	58	Lc
7	59	Lc
7	60	Lc
7	61	Lc
7	62	-1
7	63	Lc
7	64	Uc
7	65	Lc
7	66	-1
7	67	Lc
7	68	Lc
7	69	Lc
7	70	Lc
7	71	Lc
7	72	Lc
7	73	Lc
7	74	Lc
7	75	Lc
7	76	Lc
7	77	Lc
7	78	Lc
7	79	-1
7	80	Lc
7	81	Lc
7	82	Lc
7	83	L
7	84	L
7	85	L
7	86	L
7	87	Lc
7	88	L
7	89	Lc
7	90	L
7	91	Lc
7	92	Lc
7	93	Lc
7	94	Lc
7	95	Lc
7	96	Lc
7	97	Lc
7	98	Lc
7	99	Lc
7	100	Lc
7	101	Lc
7	102	Lc
7	103	Lc
7	104	Lc
7	105	Lc
7	106	Lc
7	107	Lc
7	108	Lc
7	109	Lc
7	110	-1
7	111	Lc
7	112	Lc
7	113	Lc
7	114	Lc
7	115	Lc
7	116	Lc
7	117	Lc
7	118	Lc
7	119	Lc
8	0	Lc
8	1	Lc
8	2	Lc
8	3	L
8	4	Lc
8	5	Lc
8	6	Lc
8	7	Lc
8	8	L
8	9	L
8	10	L
8	11	L
8	12	Lc
8	13	Lc
8	14	Lc
8	15	-1
8	16	Lc
8	17	Lc
8	18	Uc
8	19	Lc
8	20	Lc
8	21	-1
8	22	Lc
8	23	Lc
8	24	Lc
8	25	Lc
8	26	Lc
8	27	-1
8	28	Lc
8	29	Uc
8	30	Uc
8	31	Uc
8	32	Lc
8	33	Lc
8	34	Lc
8	35	Lc
8	36	Lc
8	37	Lc
8	38	Lc
8	39	Lc
8	40	Lc
8	41	Lc
8	42	Lc
8	43	Lc
8	44	Lc
8	45	Lc
8	46	Lc
8	47	Lc
8	48	Lc
8	49	Lc
8	50	Lc
8	51	Lc
8	52	-1
8	53	Lc
8	54	Lc
8	55	Lc
8	56	Lc
8	57	Lc
8	58	Lc
8	59	Uc
8	60	Uc
8	61	Uc
8	62	Uc
8	63	Lc
8	64	Lc
8	65	Lc
8	66	Lc
8	67	Lc
8	68	Lc
8	69	Uc
8	70	Lc
8	71	Lc
8	72	Lc
8	73	Lc
8	74	Lc
8	75	Lc
8	76	Lc
8	77	Lc
8	78	Lc
8	79	Lc
8	80	Lc
8	81	Lc
8	82	Lc
8	83	Lc
8	84	Lc
8	85	L
8	86	L
8	87	L
8	88	Lc
8	89	Lc
8	90	Lc
8	91	Lc
8	92	Lc
8	93	Lc
8	94	Lc
8	95	Lc
8	96	Lc
8	97	Lc
8	98	Lc
8	99	Lc
8	100	Lc
8	101	-1
8	102	Lc
8	103	Lc
8	104	Lc
8	105	Lc
8	106	Lc
8	107	Lc
8	108	Lc
8	109	Lc
8	110	Lc
8	111	Lc
8	112	Lc
8	113	Lc
8	114	Lc
8	115	Lc
8	116	-1
8	117	Lc
8	118	Lc
8	119	Lc
9	0	Lc
9	1	Lc
9	2	Lc
9	3	Lc
9	4	Lc
9	5	Lc
9	6	Lc
9	7	L
9	8	L
9	9	L
9	10	-1
9	11	-1
9	12	L
9	13	Lc
9	14	Uc
9	15	Lc
9	16	Lc
9	17	Uc
9	18	-1
9	19	Lc
9	20	L
9	21	L
9	22	Lc
9	23	Lc
9	24	L
9	25	Lc
9	26	Lc
9	27	Lc
9	28	Lc
9	29	Lc
9	30	Uc
9	31	Lc
9	32	Lc
9	33	Lc
9	34	Lc
9	35	Lc
9	36	Uc
9	37	Lc
9	38	Lc
9	39	Lc
9	40	-1
9	41	Lc
9	42	Lc
9	43	-1
9	44	Lc
9	45	Lc
9	46	Lc
9	47	Lc
9	48	Lc
9	49	-1
9	50	Lc
9	51	Lc
9	52	Lc
9	53	-1
9	54	Lc
9	55	Lc
9	56	Lc
9	57	Uc
9	58	-1
9	59	Lc
9	60	Lc
9	61	Uc
9	62	Uc
9	63	Uc
9	64	Lc
9	65	Lc
9	66	Lc
9	67	Lc
9	68	Lc
9	69	Lc
9	70	Lc
9	71	Lc
9	72	Lc
9	73	Lc
9	74	-1
9	75	Lc
9	76	Lc
9	77	Lc
9	78	Lc
9	79	Lc
9	80	L
9	81	Lc
9	82	Lc
9	83	Lc
9	84	L
9	85	L
9	86	-1
9	87	Lc
9	88	Lc
9	89	Lc
9	90	Lc
9	91	-1
9	92	Lc
9	93	-1
9	94	Lc
9	95	-1
9	96	Lc
9	97	Lc
9	98	-1
9	99	Lc
9	100	Lc
9	101	-1
9	102	Lc
9	103	Lc
9	104	Lc
9	105	Lc
9	106	Lc
9	107	-1
9	108	Lc
9	109	Lc
9	110	Lc
9	111	Lc
9	112	Lc
9	113	Lc
9	114	Lc
9	115	Lc
9	116	-1
9	117	Lc
9	118	Lc
9	119	Lc
10	0	-1
10	1	Lc
10	2	Lc
10	3	Lc
10	4	-1
10	5	Lc
10	6	Lc
10	7	Lc
10	8	Lc
10	9	Lc
10	10	Lc
10	11	L
10	12	Lc
10	13	Lc
10	14	Uc
10	15	Lc
10	16	Uc
10	17	-1
10	18	Lc
10	19	L
10	20	L
10	21	L
10	22	Lc
10	23	Lc
10	24	L
10	25	-1
10	26	Lc
10	27	Lc
10	28	Lc
10	29	Lc
10	30	Lc
10	31	Lc
10	32	Lc
10	33	-1
10	34	Lc
10	35	Lc
10	36	-1
10	37	Lc
10	38	Lc
10	39	Lc
10	40	Lc
10	41	-1
10	42	Lc
10	43	Lcp
10	44	Lc
10	45	-1
10	46	Lc
10	47	Lc
10	48	Lc
10	49	Lc
10	50	Lc
10	51	Lc
10	52	Lc
10	53	Lc
10	54	Lc
10	55	-1
10	56	Lc
10	57	Uc
10	58	Uc
10	59	Lc
10	60	-1
10	61	Uc
10	62	Uc
10	63	Uc
10	64	Uc
10	65	Uc
10	66	-1
10	67	Lc
10	68	Lc
10	69	Lc
10	70	Lc
10	71	Lc
10	72	Lc
10	73	Lc
10	74	Lc
10	75	Lc
10	76	Lc
10	77	-1
10	78	Lc
10	79	Lc
10	80	Lc
10	81	L
10	82	Lc
10	83	Lc
10	84	L
10	85	L
10	86	Lc
10	87	Lc
10	88	Lc
10	89	Lc
10	90	Lc
10	91	Lc
10	92	Lc
10	93	-1
10	94	Lc
10	95	Lc
10	96	Lc
10	97	Lc
10	98	-1
10	99	Lc
10	100	Lc
10	101	-1
10	102	Lc
10	103	Lc
10	104	Lc
10	105	Lc
10	106	Lc
10	107	Lc
10	108	Lc
10	109	Lc
10	110	Lc
10	111	Lc
10	112	Lc
10	113	Lc
10	114	Lc
10	115	Lc
10	116	Lc
10	117	Lc
10	118	-1
10	119	Lc
11	0	Lc
11	1	Lc
11	2	Lc
11	3	Lc
11	4	Lc
11	5	Lc
11	6	Lc
11	7	Lc
11	8	Lc
11	9	Lc
11	10	Lc
11	11	-1
11	12	-1
11	13	L
11	14	Lc
11	15	Uc
11	16	Uc
11	17	Lc
11	18	-1
11	19	L
11	20	Uc
11	21	L
11	22	Uc
11	23	Lc
11	24	Lc
11	25	-1
11	26	Lc
11	27	Lc
11	28	Lc
11	29	Lc
11	30	Lc
11	31	Lc
11	32	Lc
11	33	Lc
11	34	Uc
11	35	Lc
11	36	Lc
11	37	Lc
11	38	Lc
11	39	Uc
11	40	Lc
11	41	Lc
11	42	Lc
11	43	Lc
11	44	Lc
11	45	Lc
11	46	-1
11	47	Lc
11	48	Lc
11	49	Lc
11	50	Lc
11	51	Lc
11	52	Lc
11	53	Lc
11	54	Lc
11	55	Lc
11	56	Lc
11	57	Uc
11	58	Lc
11	59	Lc
11	60	Lc
11	61	Lc
11	62	-1
11	63	Lc
11	64	Uc
11	65	Lc
11	66	Lc
11	67	Lc
11	68	Lc
11	69	Lc
11	70	Lc
11	71	Lc
11	72	Lc
11	73	Lc
11	74	Lc
11	75	Lc
11	76	Lc
11	77	Lc
11	78	Lc
11	79	Lc
11	80	Lc
11	81	Lc
11	82	L
11	83	Lc
11	84	Lc
11	85	Lc
11	86	L
11	87	Lc
11	88	-1
11	89	-1
11	90	Lc
11	91	Lc
11	92	-1
11	93	Lc
11	94	Lc
11	95	Uc
11	96	Uc
11	97	Lc
11	98	Lc
11	99	Lc
11	100	Lc
11	101	Lc
11	102	Lc
11	103	Lc
11	104	Lc
11	105	Lc
11	106	Lc
11	107	Lc
11	108	Lc
11	109	Lc
11	110	Lc
11	111	Lc
11	112	Lc
11	113	Lc
11	114	-1
11	115	Lc
11	116	Lc
11	117	Lc
11	118	Lc
11	119	Lc
12	0	Lc
12	1	Lc
12	2	Lc
12	3	-1
12	4	Lc
12	5	Lc
12	6	Lc
12	7	Lc
12	8	Lc
12	9	Lc
12	10	Lc
12	11	Lc
12	12	L
12	13	-1
12	14	L
12	15	Uc
12	16	-1
12	17	Lc
12	18	Lc
12	19	Uc
12	20	-1
12	21	Uc
12	22	Uc
12	23	Uc
12	24	Uc
12	25	Lc
12	26	-1
12	27	Lc
12	28	Lc
12	29	Lc
12	30	Lc
12	31	Lc
12	32	Lc
12	33	Lc
12	34	Lc
12	35	Lc
12	36	Lc
12	37	-1
12	38	Lc
12	39	Lc
12	40	-1
12	41	Lc
12	42	-1
12	43	Lc
12	44	Lc
12	45	Lc
12	46	Lc
12	47	Lc
12	48	Lc
12	49	Lc
12	50	Lc
12	51	Lc
12	52	Lc
12	53	Lc
12	54	Lc
12	55	Lc
12	56	Lc
12	57	Lc
12	58	Lc
12	59	Lc
12	60	L
12	61	Lc
12	62	Lc
12	63	Lc
12	64	Lc
12	65	Lc
12	66	Lc
12	67	Lc
12	68	Lc
12	69	Lc
12	70	Lc
12	71	Lc
12	72	Lc
12	73	Lc
12	74	Lc
12	75	L
12	76	Lc
12	77	Lc
12	78	Lc
12	79	Lc
12	80	Lc
12	81	-1
12	82	-1
12	83	Lc
12	84	Lc
12	85	Lc
12	86	Lc
12	87	Lc
12	88	Lc
12	89	Lc
12	90	Lc
12	91	-1
12	92	Lc
12	93	Lc
12	94	Lc
12	95	Uc
12	96	Lc
12	97	Uc
12	98	Lc
12	99	Uc
12	100	-1
12	101	Lc
12	102	Lc
12	103	-1
12	104	Lc
12	105	Lc
12	106	Lc
12	107	Lc
12	108	Lc
12	109	Lc
12	110	Lc
12	111	Lc
12	112	Lc
12	113	Lc
12	114	Lc
12	115	Lc
12	116	-1
12	117	Lc
12	118	Lc
12	119	Lc
13	0	Lc
13	1	Lc
13	2	-1
13	3	Lc
13	4	-1
13	5	-1
13	6	Lc
13	7	Lc
13	8	Lc
13	9	-1
13	10	Lc
13	11	Lc
13	12	-1
13	13	L
13	14	Lc
13	15	-1
13	16	Lc
13	17	Lc
13	18	Uc
13	19	U
13	20	Uc
13	21	Uc
13	22	Uc
13	23	Lc
13	24	Lc
13	25	Lc
13	26	Lc
13	27	Lc
13	28	Lc
13	29	Lc
13	30	Lc
13	31	Lc
13	32	Lc
13	33	Lc
13	34	Lc
13	35	Lc
13	36	Lc
13	37	Lc
13	38	Lc
13	39	Lc
13	40	Lc
13	41	Lc
13	42	Lc
13	43	Lc
13	44	-1
13	45	Lc
13	46	Lc
13	47	Lc
13	48	Lc
13	49	Lc
13	50	-1
13	51	Lc
13	52	Lc
13	53	Lc
13	54	Lc
13	55	Uc
13	56	Lc
13	57	-1
13	58	Lc
13	59	-1
13	60	L
13	61	Lc
13	62	Lc
13	63	Lc
13	64	Lc
13	65	-1
13	66	Lc
13	67	Lc
13	68	Lc
13	69	-1
13	70	Lc
13	71	Lc
13	72	Lc
13	73	Lc
13	74	Lc
13	75	L
13	76	-1
13	77	Lc
13	78	Lc
13	79	Lc
13	80	Lc
13	81	Lc
13	82	Lc
13	83	Lc
13	84	Lc
13	85	Lc
13	86	-1
13	87	Lc
13	88	Lc
13	89	-1
13	90	Lc
13	91	Lc
13	92	Lc
13	93	Lc
13	94	Lc
13	95	Lc
13	96	Uc
13	97	Lc
13	98	Lc
13	99	Lc
13	100	Uc
13	101	Lc
13	102	Uc
13	103	Lc
13	104	Lc
13	105	-1
13	106	Lc
13	107	Lc
13	108	Lc
13	109	Lc
13	110	Lc
13	111	Lc
13	112	Lc
13	113	Lc
13	114	Lc
13	115	Lc
13	116	Lc
13	117	Lc
13	118	Lc
13	119	Lc
14	0	Lc
14	1	Lc
14	2	Lc
14	3	Lc
14	4	Lc
14	5	-1
14	6	Lc
14	7	Lc
14	8	Lc
14	9	Lc
14	10	Lc
14	11	Lc
14	12	Lc
14	13	Lc
14	14	L
14	15	Lc
14	16	Lc
14	17	Lc
14	18	Lc
14	19	U
14	20	U
14	21	L
14	22	L
14	23	Lc
14	24	Lc
14	25	Lc
14	26	Lc
14	27	Lc
14	28	Lc
14	29	Lc
14	30	Lc
14	31	Lc
14	32	Lc
14	33	Lc
14	34	Lc
14	35	Lc
14	36	Lc
14	37	Lc
14	38	Lc
14	39	Lc
14	40	Lc
14	41	Lc
14	42	-1
14	43	-1
14	44	Lc
14	45	Lc
14	46	Lc
14	47	Lc
14	48	Lc
14	49	-1
14	50	-1
14	51	Lc
14	52	Lc
14	53	Lc
14	54	Lc
14	55	Lc
14	56	Lc
14	57	Lc
14	58	Lc
14	59	L
14	60	Uc
14	61	Lc
14	62	Lc
14	63	Lc
14	64	Lc
14	65	-1
14	66	Lc
14	67	Lc
14	68	Lc
14	69	Lc
14	70	Lc
14	71	-1
14	72	Lc
14	73	Lc
14	74	Lc
14	75	-1
14	76	Lc
14	77	L
14	78	Lc
14	79	Lc
14	80	Lc
14	81	Lc
14	82	Lc
14	83	Lc
14	84	Lc
14	85	Lc
14	86	Lc
14	87	Lc
14	88	Lc
14	89	Lc
14	90	Lc
14	91	Lc
14	92	Lc
14	93	Lc
14	94	Lc
14	95	-1
14	96	Lc
14	97	-1
14	98	-1
14	99	Lc
14	100	Lc
14	101	Uc
14	102	Lc
14	103	Uc
14	104	Uc
14	105	-1
14	106	Lc
14	107	Lc
14	108	Lc
14	109	Lc
14	110	Lc
14	111	Lc
14	112	Lc
14	113	Lc
14	114	Lc
14	115	Lc
14	116	Lc
14	117	Lc
14	118	Lc
14	119	Lc
15	0	Lc
15	1	Lc
15	2	Lc
15	3	Lc
15	4	Lc
15	5	Lc
15	6	Lc
15	7	Lc
15	8	Lc
15	9	Lc
15	10	Lc
15	11	Lc
15	12	Lc
15	13	L
15	14	Lc
15	15	Lc
15	16	Lc
15	17	Lc
15	18	Lc
15	19	Lc
15	20	-1
15	21	L
15	22	-1
15	23	L
15	24	Uc
15	25	Lc
15	26	-1
15	27	-1
15	28	Lc
15	29	Lc
15	30	-1
15	31	Lc
15	32	-1
15	33	Lc
15	34	Lc
15	35	Lc
15	36	Lc
15	37	Lc
15	38	Lc
15	39	-1
15	40	Lc
15	41	Lc
15	42	Lc
15	43	Lc
15	44	Lc
15	45	Lc
15	46	Lc
15	47	Lc
15	48	-1
15	49	Lc
15	50	Lc
15	51	-1
15	52	Lc
15	53	Lc
15	54	Lc
15	55	-1
15	56	Lc
15	57	Lc
15	58	-1
15	59	Uc
15	60	Lc
15	61	Lc
15	62	Lc
15	63	Lc
15	64	-1
15	65	Lc
15	66	Lc
15	67	Lc
15	68	Lc
15	69	Lc
15	70	Lc
15	71	Lc
15	72	Lc
15	73	Lc
15	74	Lc
15	75	Lc
15	76	Lc
15	77	Lc
15	78	L
15	79	L
15	80	Lc
15	81	Lc
15	82	Lc
15	83	Lc
15	84	Lc
15	85	-1
15	86	-1
15	87	-1
15	88	Lc
15	89	Lc
15	90	Lc
15	91	-1
15	92	Lc
15	93	Lc
15	94	Lc
15	95	Lc
15	96	Lc
15	97	-1
15	98	Lc
15	99	Lc
15	100	Lc
15	101	Uc
15	102	Uc
15	103	Uc
15	104	Lc
15	105	Lc
15	106	Lc
15	107	Lc
15	108	-1
15	109	Lc
15	110	Lc
15	111	Lc
15	112	Uc
15	113	Lc
15	114	Lc
15	115	Lc
15	116	Lc
15	117	Lc
15	118	Lc
15	119	Lc
16	0	Lc
16	1	-1
16	2	-1
16	3	Lc
16	4	Lc
16	5	Lc
16	6	Lc
16	7	Lc
16	8	Lc
16	9	Uc
16	10	Lc
16	11	Lc
16	12	Lc
16	13	L
16	14	Lc
16	15	Lc
16	16	-1
16	17	Lc
16	18	Lc
16	19	-1
16	20	Lc
16	21	L
16	22	Lc
16	23	L
16	24	Uc
16	25	-1
16	26	Lc
16	27	Lc
16	28	Lc
16	29	Lc
16	30	Lc
16	31	Lc
16	32	Lc
16	33	Lc
16	34	Lc
16	35	Lc
16	36	Lc
16	37	Lc
16	38	Lc
16	39	-1
16	40	Lc
16	41	-1
16	42	Lc
16	43	-1
16	44	Lc
16	45	Lc
16	46	Lc
16	47	Lc
16	48	-1
16	49	Lc
16	50	Lc
16	51	Lc
16	52	Lc
16	53	Lc
16	54	Lc
16	55	Lc
16	56	-1
16	57	Lc
16	58	Lc
16	59	Lc
16	60	Lc
16	61	Lc
16	62	-1
16	63	Uc
16	64	Lc
16	65	Lc
16	66	Lc
16	67	Lc
16	68	Lc
16	69	Lc
16	70	Lc
16	71	Lc
16	72	Lc
16	73	Lc
16	74	Lc
16	75	Lc
16	76	Lc
16	77	Lc
16	78	Lc
16	79	-1
16	80	Lc
16	81	Lc
16	82	Lc
16	83	Lc
16	84	Lc
16	85	Lc
16	86	Lc
16	87	Lc
16	88	Lc
16	89	Lc
16	90	Lc
16	91	Lc
16	92	Lc
16	93	-1
16	94	Uc
16	95	Lc
16	96	Lc
16	97	Lc
16	98	-1
16	99	Lc
16	100	Lc
16	101	-1
16	102	Uc
16	103	Lc
16	104	Lc
16	105	Lc
16	106	Lc
16	107	Lc
16	108	Lc
16	109	Lc
16	110	-1
16	111	Lc
16	112	Uc
16	113	-1
16	114	Lc
16	115	Lc
16	116	Lc
16	117	Lc
16	118	Lc
16	119	Lc
17	0	-1
17	1	Lc
17	2	Lc
17	3	-1
17	4	Lc
17	5	-1
17	6	Lc
17	7	Lc
17	8	Lc
17	9	-1
17	10	-1
17	11	Lc
17	12	Lc
17	13	Lc
17	14	Lc
17	15	Lc
17	16	Lc
17	17	Lc
17	18	Lc
17	19	Lc
17	20	Lc
17	21	Lc
17	22	-1
17	23	Lc
17	24	-1
17	25	Uc
17	26	Lc
17	27	Lc
17	28	-1
17	29	Lc
17	30	Lc
17	31	Lc
17	32	Lc
17	33	-1
17	34	Lc
17	35	Lc
17	36	-1
17	37	Lc
17	38	Lc
17	39	Lc
17	40	-1
17	41	Lc
17	42	Lc
17	43	Lc
17	44	Lc
17	45	Lc
17	46	-1
17	47	Lc
17	48	Lc
17	49	Lc
17	50	Lc
17	51	Lc
17	52	Lc
17	53	Lc
17	54	Lc
17	55	Lc
17	56	Lc
17	57	-1
17	58	Lc
17	59	Lc
17	60	Lc
17	61	Lc
17	62	Lc
17	63	-1
17	64	Lc
17	65	Uc
17	66	-1
17	67	Lc
17	68	Lc
17	69	Lc
17	70	Lc
17	71	Lc
17	72	Lc
17	73	Lc
17	74	Lc
17	75	Lc
17	76	Lc
17	77	Lc
17	78	Lc
17	79	Lc
17	80	Lc
17	81	Lc
17	82	Lc
17	83	Lc
17	84	Lc
17	85	Lc
17	86	Lc
17	87	Lc
17	88	-1
17	89	Lc
17	90	Lc
17	91	Lc
17	92	Lc
17	93	Lc
17	94	Lc
17	95	Lc
17	96	Lc
17	97	Lc
17	98	Lc
17	99	Lc
17	100	Lc
17	101	Lc
17	102	Uc
17	103	Uc
17	104	Lc
17	105	Lc
17	106	Uc
17	107	Lc
17	108	Lc
17	109	Lc
17	110	Lc
17	111	Lc
17	112	-1
17	113	Lc
17	114	Lc
17	115	Lc
17	116	Lc
17	117	Lc
17	118	Lc
17	119	Lc
18	0	Lc
18	1	-1
18	2	Lc
18	3	Lc
18	4	-1
18	5	Lc
18	6	Lc
18	7	Lc
18	8	Lc
18	9	Lc
18	10	Lc
18	11	-1
18	12	Lc
18	13	Lc
18	14	-1
18	15	Lc
18	16	Lc
18	17	Lc
18	18	Lc
18	19	-1
18	20	Lc
18	21	Lc
18	22	Lc
18	23	Lc
18	24	Uc
18	25	Uc
18	26	Lc
18	27	Lc
18	28	Lc
18	29	Lc
18	30	Lc
18	31	Lc
18	32	Lc
18	33	Lc
18	34	Uc
18	35	Uc
18	36	-1
18	37	-1
18	38	Lc
18	39	Lcp
18	40	Lcp
18	41	Lc
18	42	Lc
18	43	-1
18	44	Lcp
18	45	Lcp
18	46	Lc
18	47	Lc
18	48	Lc
18	49	Lc
18	50	Lc
18	51	Lc
18	52	-1
18	53	-1
18	54	Lc
18	55	Lc
18	56	Lc
18	57	Lc
18	58	Lc
18	59	Lc
18	60	Lc
18	61	Lc
18	62	Lc
18	63	Lc
18	64	Lc
18	65	-1
18	66	Lc
18	67	Lc
18	68	Lc
18	69	Lc
18	70	Lc
18	71	Lc
18	72	Lc
18	73	Lc
18	74	-1
18	75	Lc
18	76	Lc
18	77	Lc
18	78	Lc
18	79	Lc
18	80	Lc
18	81	Lc
18	82	Lc
18	83	Lc
18	84	Lc
18	85	-1
18	86	-1
18	87	Lc
18	88	Lc
18	89	Lc
18	90	Lc
18	91	Lc
18	92	Lc
18	93	Lc
18	94	Lc
18	95	Lc
18	96	Lc
18	97	Lc
18	98	Lc
18	99	Lc
18	100	-1
18	101	Lc
18	102	Lc
18	103	Lc
18	104	Lc
18	105	L
18	106	-1
18	107	Lc
18	108	-1
18	109	Lc
18	110	-1
18	111	Lc
18	112	Lc
18	113	Lc
18	114	Lc
18	115	L
18	116	Lc
18	117	Lc
18	118	Lc
18	119	Lc
19	0	Lc
19	1	Lc
19	2	Lc
19	3	Lc
19	4	Lc
19	5	Lc
19	6	Lc
19	7	Lc
19	8	Lc
19	9	Lc
19	10	L
19	11	Lc
19	12	Lc
19	13	Lc
19	14	-1
19	15	-1
19	16	Lc
19	17	Lc
19	18	Lc
19	19	Lc
19	20	L
19	21	Lc
19	22	Lc
19	23	Lc
19	24	Lc
19	25	Uc
19	26	Lc
19	27	Lc
19	28	Lc
19	29	Lc
19	30	Lc
19	31	Lc
19	32	-1
19	33	Uc
19	34	Lc
19	35	Uc
19	36	Lc
19	37	Uc
19	38	Lcp
19	39	Lcp
19	40	-1
19	41	Lc
19	42	Lcp
19	43	Lcp
19	44	Lcp
19	45	Lcp
19	46	Lc
19	47	Lc
19	48	Lc
19	49	Lc
19	50	Lc
19	51	Lc
19	52	Lc
19	53	Lc
19	54	Lc
19	55	Lc
19	56	Lc
19	57	Lc
19	58	Lc
19	59	Lc
19	60	Lc
19	61	Lc
19	62	-1
19	63	Uc
19	64	-1
19	65	Lc
19	66	Lc
19	67	Lc
19	68	Lc
19	69	Lc
19	70	Lc
19	71	Lc
19	72	-1
19	73	Lc
19	74	Lc
19	75	Lc
19	76	-1
19	77	Lc
19	78	Lc
19	79	Lc
19	80	-1
19	81	Lc
19	82	Lc
19	83	Lc
19	84	Lc
19	85	Lc
19	86	Lc
19	87	Lc
19	88	-1
19	89	-1
19	90	Lc
19	91	Lc
19	92	Lc
19	93	Lc
19	94	Lc
19	95	Lc
19	96	Lc
19	97	Uc
19	98	Lc
19	99	Lc
19	100	Lc
19	101	Lc
19	102	-1
19	103	Lc
19	104	Lc
19	105	Lc
19	106	Lc
19	107	Lc
19	108	Lc
19	109	Lc
19	110	-1
19	111	L
19	112	Lc
19	113	L
19	114	Lc
19	115	L
19	116	L
19	117	Lc
19	118	Lc
19	119	Lc
20	0	Lc
20	1	Lc
20	2	-1
20	3	Lc
20	4	Lc
20	5	Lc
20	6	Lc
20	7	Lc
20	8	-1
20	9	Lc
20	10	Lc
20	11	Lc
20	12	Lc
20	13	Lc
20	14	Lc
20	15	Lc
20	16	Lc
20	17	Lc
20	18	Lc
20	19	Lc
20	20	Lc
20	21	Lc
20	22	-1
20	23	Lc
20	24	Lc
20	25	-1
20	26	Lc
20	27	Lc
20	28	Lc
20	29	Lc
20	30	Lc
20	31	Uc
20	32	Lc
20	33	Lc
20	34	Lc
20	35	Lc
20	36	Lc
20	37	Uc
20	38	Lcp
20	39	Lcp
20	40	Lc
20	41	Lc
20	42	-1
20	43	Lcp
20	44	Lcp
20	45	Lcp
20	46	Lc
20	47	Lc
20	48	Lc
20	49	Lc
20	50	Lc
20	51	Lc
20	52	Lc
20	53	Lc
20	54	Lc
20	55	Lc
20	56	-1
20	57	Lc
20	58	-1
20	59	Lc
20	60	Lc
20	61	Lc
20	62	Lc
20	63	Lc
20	64	Uc
20	65	Lc
20	66	Lc
20	67	Lc
20	68	Lc
20	69	L
20	70	Lc
20	71	Lc
20	72	Lc
20	73	Lc
20	74	Lc
20	75	L
20	76	L
20	77	Lc
20	78	Lc
20	79	Lc
20	80	-1
20	81	Lc
20	82	Lc
20	83	Lc
20	84	Lc
20	85	Lc
20	86	Lc
20	87	Lc
20	88	-1
20	89	Lc
20	90	Lc
20	91	Lc
20	92	Lc
20	93	Lc
20	94	Lc
20	95	Uc
20	96	Uc
20	97	Uc
20	98	Lc
20	99	Lc
20	100	Lc
20	101	Lc
20	102	Lc
20	103	L
20	104	Lc
20	105	Lc
20	106	Lc
20	107	Lc
20	108	Lc
20	109	Lc
20	110	Lc
20	111	L
20	112	L
20	113	L
20	114	L
20	115	-1
20	116	L
20	117	L
20	118	Lc
20	119	-1
21	0	-1
21	1	Lc
21	2	Lc
21	3	Lc
21	4	Lc
21	5	Lc
21	6	Lc
21	7	Lc
21	8	Lc
21	9	Lc
21	10	-1
21	11	Lc
21	12	Lc
21	13	Lc
21	14	Lc
21	15	Lc
21	16	Lc
21	17	Lc
21	18	Lc
21	19	Lc
21	20	Lc
21	21	Lc
21	22	Lc
21	23	Lc
21	24	Lc
21	25	Uc
21	26	Lc
21	27	Lc
21	28	Lc
21	29	Lc
21	30	Lc
21	31	Lc
21	32	Lc
21	33	Lc
21	34	Uc
21	35	Lc
21	36	Lc
21	37	Lc
21	38	Lcp
21	39	Lc
21	40	Lc
21	41	-1
21	42	Lc
21	43	Lc
21	44	Lcp
21	45	Lcp
21	46	Lc
21	47	Lc
21	48	Lc
21	49	Lc
21	50	Lc
21	51	-1
21	52	Lc
21	53	-1
21	54	Lc
21	55	Lc
21	56	-1
21	57	Lc
21	58	-1
21	59	Lc
21	60	Lc
21	61	Lc
21	62	Lc
21	63	Lc
21	64	Lc
21	65	Lc
21	66	Lc
21	67	Lc
21	68	Lc
21	69	Lc
21	70	L
21	71	Lc
21	72	L
21	73	Lc
21	74	L
21	75	L
21	76	Lc
21	77	Lc
21	78	Lc
21	79	-1
21	80	Lc
21	81	Lc
21	82	-1
21	83	Lc
21	84	Lc
21	85	Lc
21	86	Lc
21	87	Lc
21	88	Lc
21	89	Lc
21	90	-1
21	91	Lc
21	92	Lc
21	93	-1
21	94	Lc
21	95	Lc
21	96	Uc
21	97	Uc
21	98	Lc
21	99	Lc
21	100	Lc
21	101	Lc
21	102	Lc
21	103	-1
21	104	L
21	105	L
21	106	-1
21	107	L
21	108	L
21	109	Lc
21	110	L
21	111	L
21	112	L
21	113	L
21	114	L
21	115	-1
21	116	L
21	117	-1
21	118	Lc
21	119	Lc
22	0	Lc
22	1	Lc
22	2	Lc
22	3	Lc
22	4	Lc
22	5	-1
22	6	Lc
22	7	Lc
22	8	-1
22	9	Lc
22	10	Lc
22	11	Lc
22	12	Lc
22	13	Lc
22	14	Lc
22	15	Lc
22	16	Lc
22	17	Lc
22	18	Lc
22	19	Lc
22	20	Lc
22	21	Lc
22	22	Lc
22	23	Lc
22	24	Lc
22	25	Lc
22	26	Lc
22	27	L
22	28	L
22	29	Lc
22	30	Lc
22	31	Lc
22	32	Lc
22	33	Lc
22	34	Lc
22	35	Lc
22	36	Lc
22	37	Lc
22	38	Lc
22	39	Lc
22	40	Lcp
22	41	Lcp
22	42	-1
22	43	Lcp
22	44	Lcp
22	45	Lcp
22	46	-1
22	47	Lc
22	48	Lc
22	49	Lc
22	50	Lc
22	51	Lc
22	52	Lc
22	53	Lc
22	54	Lc
22	55	Lc
22	56	Lc
22	57	Lc
22	58	Lc
22	59	Lc
22	60	Lc
22	61	Lc
22	62	-1
22	63	Lc
22	64	Lc
22	65	Lc
22	66	Lc
22	67	Lc
22	68	Lc
22	69	Lc
22	70	Lc
22	71	L
22	72	Lc
22	73	Lc
22	74	U
22	75	U
22	76	U
22	77	L
22	78	Lc
22	79	Lc
22	80	Lc
22	81	Lc
22	82	Lc
22	83	Lc
22	84	Lc
22	85	Lc
22	86	Lc
22	87	Lc
22	88	Lc
22	89	Lc
22	90	Lc
22	91	Lc
22	92	Uc
22	93	Lc
22	94	Lc
22	95	-1
22	96	Lc
22	97	-1
22	98	Lc
22	99	Lc
22	100	-1
22	101	Lc
22	102	Lc
22	103	L
22	104	Lc
22	105	-1
22	106	L
22	107	L
22	108	L
22	109	L
22	110	L
22	111	L
22	112	L
22	113	L
22	114	L
22	115	L
22	116	-1
22	117	U
22	118	Lc
22	119	Lc
23	0	Lc
23	1	Lc
23	2	-1
23	3	Lc
23	4	Lc
23	5	-1
23	6	Lc
23	7	Lc
23	8	Lc
23	9	Uc
23	10	Lc
23	11	Lc
23	12	Lc
23	13	Lc
23	14	-1
23	15	-1
23	16	Lc
23	17	Lc
23	18	Lc
23	19	Lc
23	20	Lc
23	21	Lc
23	22	Lc
23	23	Lc
23	24	Lc
23	25	Lc
23	26	Lc
23	27	L
23	28	L
23	29	Lc
23	30	-1
23	31	Lc
23	32	Lc
23	33	Lc
23	34	Lc
23	35	-1
23	36	Lc
23	37	Lc
23	38	-1
23	39	Lcp
23	40	Lcp
23	41	Lc
23	42	Lc
23	43	Lc
23	44	Lc
23	45	Lc
23	46	Lc
23	47	Lcp
23	48	Lc
23	49	Lc
23	50	Lc
23	51	Lc
23	52	-1
23	53	Lc
23	54	-1
23	55	Lc
23	56	Lc
23	57	-1
23	58	Lc
23	59	Lc
23	60	Lc
23	61	Lc
23	62	Lc
23	63	-1
23	64	Lc
23	65	Lc
23	66	Lc
23	67	Lc
23	68	-1
23	69	-1
23	70	Lc
23	71	Lc
23	72	L
23	73	Lc
23	74	U
23	75	U
23	76	L
23	77	L
23	78	L
23	79	Lc
23	80	Lc
23	81	Lc
23	82	Lc
23	83	Lc
23	84	Lc
23	85	Lc
23	86	-1
23	87	Lc
23	88	Lc
23	89	-1
23	90	Lc
23	91	Uc
23	92	Uc
23	93	Lc
23	94	Lc
23	95	Lc
23	96	Lc
23	97	Lc
23	98	Lc
23	99	Lc
23	100	Lc
23	101	Lc
23	102	Lc
23	103	L
23	104	L
23	105	L
23	106	L
23	107	L
23	108	L
23	109	-1
23	110	L
23	111	L
23	112	-1
23	113	L
23	114	-1
23	115	L
23	116	U
23	117	U
23	118	Lc
23	119	Lc
24	0	Lc
24	1	Lc
24	2	Lc
24	3	Lc
24	4	-1
24	5	-1
24	6	Lc
24	7	-1
24	8	Lc
24	9	Lc
24	10	Lc
24	11	Lc
24	12	Lc
24	13	Lc
24	14	Lc
24	15	L
24	16	Lc
24	17	-1
24	18	Lc
24	19	Lc
24	20	L
24	21	Lc
24	22	Lc
24	23	-1
24	24	Lc
24	25	Lc
24	26	Lc
24	27	L
24	28	L
24	29	Lc
24	30	-1
24	31	Lc
24	32	-1
24	33	Lc
24	34	-1
24	35	Lc
24	36	Lc
24	37	Lc
24	38	-1
24	39	Lc
24	40	Lc
24	41	Lc
24	42	Lc
24	43	Lc
24	44	Lc
24	45	Lc
24	46	Lc
24	47	Lc
24	48	Lc
24	49	Lc
24	50	Lc
24	51	-1
24	52	Lc
24	53	Lc
24	54	Lc
24	55	Lc
24	56	Lc
24	57	Lc
24	58	Lc
24	59	Lc
24	60	Lc
24	61	Lc
24	62	Lc
24	63	-1
24	64	-1
24	65	Lc
24	66	Lc
24	67	Uc
24	68	Uc
24	69	Lc
24	70	Lc
24	71	-1
24	72	Lc
24	73	Lc
24	74	U
24	75	L
24	76	U
24	77	L
24	78	L
24	79	Lc
24	80	Lc
24	81	Lc
24	82	Lc
24	83	Lc
24	84	Lc
24	85	Lc
24	86	-1
24	87	Lc
24	88	Lc
24	89	Lc
24	90	-1
24	91	Lc
24	92	Uc
24	93	Lc
24	94	Lc
24	95	Lc
24	96	Lc
24	97	Lc
24	98	Lc
24	99	U
24	100	Lc
24	101	Lc
24	102	Lc
24	103	-1
24	104	Lc
24	105	L
24	106	-1
24	107	-1
24	108	L
24	109	-1
24	110	L
24	111	L
24	112	L
24	113	L
24	114	L
24	115	L
24	116	L
24	117	L
24	118	L
24	119	Lc
25	0	Lc
25	1	Lc
25	2	Lc
25	3	Lc
25	4	Lc
25	5	L
25	6	L
25	7	-1
25	8	Lc
25	9	Lc
25	10	Lc
25	11	Lc
25	12	-1
25	13	Lc
25	14	Lc
25	15	L
25	16	L
25	17	L
25	18	Lc
25	19	L
25	20	-1
25	21	-1
25	22	Lc
25	23	Lc
25	24	Lc
25	25	L
25	26	L
25	27	Lc
25	28	Lc
25	29	Lc
25	30	-1
25	31	Lc
25	32	-1
25	33	Lc
25	34	Lc
25	35	Lc
25	36	Lc
25	37	Lc
25	38	Lc
25	39	Lc
25	40	Lc
25	41	Lc
25	42	Lc
25	43	Lc
25	44	-1
25	45	Lc
25	46	Lc
25	47	Lc
25	48	Lc
25	49	Lc
25	50	Uc
25	51	-1
25	52	Lc
25	53	Lc
25	54	Lc
25	55	Lc
25	56	Lc
25	57	Lc
25	58	Lc
25	59	Lc
25	60	Lc
25	61	Lc
25	62	Lc
25	63	-1
25	64	Lc
25	65	Lc
25	66	Uc
25	67	Uc
25	68	-1
25	69	Lc
25	70	Lc
25	71	-1
25	72	Lc
25	73	Lc
25	74	Lc
25	75	-1
25	76	L
25	77	L
25	78	Lc
25	79	Lc
25	80	Lc
25	81	Lc
25	82	Lc
25	83	Lc
25	84	Lc
25	85	Lc
25	86	Lc
25	87	Lc
25	88	Lc
25	89	Lc
25	90	Lc
25	91	Uc
25	92	Uc
25	93	Lc
25	94	Uc
25	95	Lc
25	96	-1
25	97	Lc
25	98	Lc
25	99	L
25	100	U
25	101	U
25	102	Lc
25	103	U
25	104	L
25	105	L
25	106	L
25	107	L
25	108	-1
25	109	L
25	110	Lc
25	111	L
25	112	L
25	113	L
25	114	L
25	115	-1
25	116	L
25	117	U
25	118	Lc
25	119	Lc
26	0	Lc
26	1	Lc
26	2	Lc
26	3	Lc
26	4	Lc
26	5	L
26	6	Lc
26	7	Lc
26	8	Lc
26	9	Lc
26	10	-1
26	11	Lc
26	12	Lc
26	13	Lc
26	14	Lc
26	15	Lc
26	16	L
26	17	L
26	18	-1
26	19	L
26	20	-1
26	21	L
26	22	L
26	23	Lc
26	24	Lc
26	25	Lc
26	26	Lc
26	27	Lc
26	28	L
26	29	L
26	30	L
26	31	L
26	32	Lcp
26	33	Lcp
26	34	Lc
26	35	Lc
26	36	Lc
26	37	Lc
26	38	Lc
26	39	-1
26	40	Lc
26	41	Lc
26	42	Lc
26	43	Lc
26	44	Lc
26	45	Lc
26	46	-1
26	47	Lc
26	48	Lc
26	49	Lc
26	50	Lc
26	51	-1
26	52	Uc
26	53	Lc
26	54	Lc
26	55	Lc
26	56	Lc
26	57	Lc
26	58	Lc
26	59	Lc
26	60	Lc
26	61	Lc
26	62	Lc
26	63	Lc
26	64	Lc
26	65	Uc
26	66	Lc
26	67	Uc
26	68	Uc
26	69	Lc
26	70	Lc
26	71	Lc
26	72	Lc
26	73	Lc
26	74	Lc
26	75	U
26	76	-1
26	77	L
26	78	-1
26	79	Lc
26	80	Uc
26	81	Uc
26	82	-1
26	83	Lc
26	84	-1
26	85	Lc
26	86	Lc
26	87	Lc
26	88	Lc
26	89	-1
26	90	Lc
26	91	Uc
26	92	Uc
26	93	Uc
26	94	Uc
26	95	Lc
26	96	Lc
26	97	L
26	98	L
26	99	L
26	100	U
26	101	-1
26	102	U
26	103	L
26	104	L
26	105	L
26	106	U
26	107	L
26	108	L
26	109	L
26	110	U
26	111	Lc
26	112	L
26	113	L
26	114	-1
26	115	-1
26	116	U
26	117	U
26	118	Lc
26	119	Lc
27	0	Lc
27	1	Lc
27	2	-1
27	3	-1
27	4	-1
27	5	Lc
27	6	Lc
27	7	Lc
27	8	Lc
27	9	Lc
27	10	L
27	11	L
27	12	Lc
27	13	-1
27	14	-1
27	15	Lc
27	16	L
27	17	L
27	18	L
27	19	L
27	20	L
27	21	L
27	22	L
27	23	L
27	24	Lc
27	25	Lc
27	26	Lc
27	27	Lc
27	28	L
27	29	L
27	30	L
27	31	L
27	32	Lcp
27	33	Lcp
27	34	Lc
27	35	Lc
27	36	Lc
27	37	Lc
27	38	Lc
27	39	Lc
27	40	-1
27	41	Lc
27	42	Lc
27	43	Lcp
27	44	Lc
27	45	Lc
27	46	Lc
27	47	Lc
27	48	Lc
27	49	Lc
27	50	Lc
27	51	L
27	52	Lcp
27	53	Lc
27	54	Lc
27	55	-1
27	56	Lc
27	57	Lc
27	58	Lc
27	59	Lc
27	60	Lc
27	61	Lc
27	62	Lc
27	63	Lc
27	64	Lc
27	65	Lc
27	66	Lc
27	67	Lc
27	68	Lc
27	69	Lc
27	70	-1
27	71	Lc
27	72	Lc
27	73	Uc
27	74	Lc
27	75	L
27	76	L
27	77	Lc
27	78	Lc
27	79	Lc
27	80	Lc
27	81	Uc
27	82	Lc
27	83	Lc
27	84	Lc
27	85	Lc
27	86	Lc
27	87	Lc
27	88	-1
27	89	Lc
27	90	Lc
27	91	Lc
27	92	Lc
27	93	Uc
27	94	Lc
27	95	Lc
27	96	Lc
27	97	L
27	98	L
27	99	U
27	100	U
27	101	U
27	102	U
27	103	U
27	104	L
27	105	L
27	106	L
27	107	U
27	108	L
27	109	L
27	110	U
27	111	U
27	112	Lc
27	113	Lc
27	114	U
27	115	U
27	116	-1
27	117	U
27	118	Lc
27	119	-1
28	0	-1
28	1	Lc
28	2	Lc
28	3	Lc
28	4	Lc
28	5	Lc
28	6	-1
28	7	Lc
28	8	Lc
28	9	L
28	10	L
28	11	-1
28	12	-1
28	13	Lc
28	14	-1
28	15	Lc
28	16	-1
28	17	-1
28	18	L
28	19	L
28	20	L
28	21	L
28	22	-1
28	23	L
28	24	-1
28	25	L
28	26	-1
28	27	Lc
28	28	Lc
28	29	L
28	30	Lcp
28	31	Lcp
28	32	L
28	33	-1
28	34	L
28	35	L
28	36	Lc
28	37	Lc
28	38	Lc
28	39	Lc
28	40	Lc
28	41	Lc
28	42	Lc
28	43	Lc
28	44	Lcp
28	45	Lcp
28	46	Lc
28	47	Lc
28	48	Lcp
28	49	Lcp
28	50	Lcp
28	51	Lc
28	52	-1
28	53	Lc
28	54	Lc
28	55	-1
28	56	L
28	57	Lc
28	58	Lc
28	59	Lc
28	60	Lc
28	61	-1
28	62	Lc
28	63	Lc
28	64	Lc
28	65	Lc
28	66	Lc
28	67	Lc
28	68	Lc
28	69	Lc
28	70	Lc
28	71	Uc
28	72	Uc
28	73	Lc
28	74	Lc
28	75	Lc
28	76	Lc
28	77	Lc
28	78	Lc
28	79	Lc
28	80	Lc
28	81	Lc
28	82	Lc
28	83	Lc
28	84	Lc
28	85	Lc
28	86	Lc
28	87	Lc
28	88	Lc
28	89	Lc
28	90	Lc
28	91	Lc
28	92	Lc
28	93	Uc
28	94	Lc
28	95	L
28	96	L
28	97	L
28	98	U
28	99	U
28	100	U
28	101	L
28	102	U
28	103	U
28	104	-1
28	105	L
28	106	-1
28	107	U
28	108	-1
28	109	L
28	110	L
28	111	Lc
28	112	Lc
28	113	Lc
28	114	-1
28	115	Lc
28	116	Lc
28	117	-1
28	118	-1
28	119	Lc
29	0	Lc
29	1	Lc
29	2	-1
29	3	Lc
29	4	Lc
29	5	Lc
29	6	Lc
29	7	Lc
29	8	Uc
29	9	L
29	10	Lc
29	11	-1
29	12	L
29	13	L
29	14	L
29	15	L
29	16	Lc
29	17	L
29	18	L
29	19	L
29	20	Lc
29	21	L
29	22	L
29	23	Lc
29	24	L
29	25	Lc
29	26	Lc
29	27	L
29	28	Lc
29	29	Lcp
29	30	Lcp
29	31	Lcp
29	32	L
29	33	Lcp
29	34	Lc
29	35	Lcp
29	36	Lcp
29	37	Uc
29	38	Lc
29	39	Lc
29	40	-1
29	41	Lc
29	42	Lc
29	43	Lc
29	44	Lc
29	45	Lcp
29	46	Lcp
29	47	Lc
29	48	Lcp
29	49	-1
29	50	Lcp
29	51	Lcp
29	52	Lcp
29	53	-1
29	54	Uc
29	55	L
29	56	-1
29	57	-1
29	58	Lc
29	59	Lc
29	60	Lc
29	61	Lc
29	62	Lc
29	63	Lc
29	64	Lc
29	65	Lc
29	66	Lc
29	67	Lc
29	68	Lc
29	69	Lc
29	70	-1
29	71	Lc
29	72	Lc
29	73	-1
29	74	Lc
29	75	Lc
29	76	Lc
29	77	Lc
29	78	Lc
29	79	Lc
29	80	Lc
29	81	Lc
29	82	Lc
29	83	Lc
29	84	Lc
29	85	Lc
29	86	Lc
29	87	-1
29	88	Lc
29	89	Lc
29	90	Lc
29	91	Lc
29	92	Lc
29	93	Lc
29	94	-1
29	95	-1
29	96	L
29	97	L
29	98	Lc
29	99	U
29	100	U
29	101	U
29	102	U
29	103	L
29	104	-1
29	105	U
29	106	Lc
29	107	Lc
29	108	Lc
29	109	L
29	110	L
29	111	U
29	112	L
29	113	Lc
29	114	Lc
29	115	Lc
29	116	Lc
29	117	Lc
29	118	Lc
29	119	Lc
30	0	-1
30	1	-1
30	2	Lc
30	3	Lc
30	4	Lc
30	5	Lc
30	6	Lc
30	7	Lc
30	8	Uc
30	9	Lc
30	10	Uc
30	11	Lc
30	12	L
30	13	Uc
30	14	Uc
30	15	L
30	16	Uc
30	17	-1
30	18	U
30	19	Lc
30	20	Lc
30	21	L
30	22	Lc
30	23	L
30	24	Lc
30	25	Lc
30	26	L
30	27	L
30	28	Lcp
30	29	Lcp
30	30	Lc
30	31	Lcp
30	32	Lc
30	33	Lcp
30	34	Lcp
30	35	Lcp
30	36	Lcp
30	37	-1
30	38	Lcp
30	39	Lc
30	40	Lc
30	41	Lc
30	42	Lcp
30	43	Lc
30	44	Lcp
30	45	Lcp
30	46	Lcp
30	47	Lcp
30	48	Lcp
30	49	Lcp
30	50	Lcp
30	51	Lcp
30	52	Lcp
30	53	Uc
30	54	Lcp
30	55	Lc
30	56	Lc
30	57	Lc
30	58	-1
30	59	Lc
30	60	Lc
30	61	-1
30	62	Lc
30	63	Lc
30	64	Lc
30	65	Lc
30	66	Lc
30	67	Lc
30	68	Lc
30	69	Lc
30	70	-1
30	71	Lc
30	72	Lc
30	73	Lc
30	74	-1
30	75	Lc
30	76	Lc
30	77	-1
30	78	-1
30	79	-1
30	80	Lc
30	81	Lc
30	82	Lc
30	83	Lc
30	84	Lc
30	85	Lc
30	86	Lc
30	87	Lc
30	88	Lc
30	89	Lc
30	90	Lc
30	91	Lc
30	92	-1
30	93	Lc
30	94	Lc
30	95	L
30	96	L
30	97	L
30	98	L
30	99	L
30	100	-1
30	101	L
30	102	L
30	103	L
30	104	L
30	105	L
30	106	U
30	107	Lc
30	108	Lc
30	109	L
30	110	L
30	111	Lc
30	112	L
30	113	L
30	114	L
30	115	Lc
30	116	-1
30	117	Lc
30	118	Lc
30	119	Uc
31	0	Lc
31	1	Uc
31	2	Uc
31	3	Lc
31	4	Lc
31	5	Lc
31	6	Lc
31	7	Lc
31	8	Lc
31	9	Lc
31	10	Lc
31	11	L
31	12	Lc
31	13	L
31	14	Uc
31	15	Uc
31	16	L
31	17	Uc
31	18	-1
31	19	L
31	20	-1
31	21	Lc
31	22	L
31	23	U
31	24	U
31	25	L
31	26	U
31	27	Lcp
31	28	Lc
31	29	Lc
31	30	Lc
31	31	Lc
31	32	Lc
31	33	Lcp
31	34	Lcp
31	35	Lcp
31	36	Lcp
31	37	Lc
31	38	Lc
31	39	Lc
31	40	Lc
31	41	Lc
31	42	Lc
31	43	Lcp
31	44	Lcp
31	45	Lcp
31	46	Lcp
31	47	Lcp
31	48	Lcp
31	49	Lcp
31	50	-1
31	51	Lcp
31	52	Lcp
31	53	Lcp
31	54	Lcp
31	55	-1
31	56	Lc
31	57	Lc
31	58	Lc
31	59	Lc
31	60	Lc
31	61	Lc
31	62	Lc
31	63	Lc
31	64	Lc
31	65	-1
31	66	Lc
31	67	Lc
31	68	Lc
31	69	Lc
31	70	Lc
31	71	Lc
31	72	-1
31	73	Lc
31	74	-1
31	75	Lc
31	76	Lc
31	77	-1
31	78	Lc
31	79	Lc
31	80	Lc
31	81	Lc
31	82	Lc
31	83	Lc
31	84	Lc
31	85	Lc
31	86	-1
31	87	-1
31	88	Lc
31	89	Lc
31	90	-1
31	91	Lc
31	92	-1
31	93	L
31	94	L
31	95	Lc
31	96	Lc
31	97	L
31	98	L
31	99	L
31	100	Lc
31	101	Lc
31	102	Lc
31	103	L
31	104	Lc
31	105	L
31	106	L
31	107	Lc
31	108	Lc
31	109	L
31	110	U
31	111	L
31	112	L
31	113	L
31	114	Lc
31	115	-1
31	116	-1
31	117	Lc
31	118	Lc
31	119	Uc
32	0	Uc
32	1	Uc
32	2	Uc
32	3	Uc
32	4	Lc
32	5	Lc
32	6	L
32	7	Lc
32	8	Uc
32	9	-1
32	10	Lc
32	11	L
32	12	L
32	13	-1
32	14	L
32	15	L
32	16	Uc
32	17	L
32	18	U
32	19	Lc
32	20	L
32	21	L
32	22	L
32	23	Lc
32	24	Lc
32	25	L
32	26	U
32	27	Lc
32	28	Lc
32	29	Lc
32	30	Lc
32	31	Lc
32	32	Lc
32	33	Lc
32	34	Lcp
32	35	Lcp
32	36	Lcp
32	37	Lcp
32	38	Lc
32	39	Lc
32	40	Lc
32	41	Lcp
32	42	Lcp
32	43	Lc
32	44	Lcp
32	45	-1
32	46	Lcp
32	47	Lcp
32	48	Lcp
32	49	-1
32	50	Lcp
32	51	Lcp
32	52	Lcp
32	53	Lcp
32	54	Lcp
32	55	Lcp
32	56	Lc
32	57	Lc
32	58	Lc
32	59	-1
32	60	-1
32	61	Lc
32	62	-1
32	63	Lc
32	64	Lc
32	65	Lc
32	66	Lc
32	67	Uc
32	68	Lc
32	69	Lc
32	70	Lc
32	71	-1
32	72	Lc
32	73	Lc
32	74	Lc
32	75	Lc
32	76	Lc
32	77	Lc
32	78	Lc
32	79	Lc
32	80	Lc
32	81	Lc
32	82	Lc
32	83	Lc
32	84	Lc
32	85	Lc
32	86	Lc
32	87	-1
32	88	Lc
32	89	-1
32	90	Lc
32	91	Lc
32	92	Lc
32	93	Lc
32	94	Lc
32	95	Lc
32	96	Lc
32	97	Lc
32	98	Lc
32	99	L
32	100	L
32	101	L
32	102	Lc
32	103	L
32	104	L
32	105	Lc
32	106	L
32	107	L
32	108	L
32	109	L
32	110	U
32	111	L
32	112	L
32	113	L
32	114	Lc
32	115	L
32	116	Lc
32	117	Lc
32	118	-1
32	119	Lc
33	0	-1
33	1	Uc
33	2	Uc
33	3	Lc
33	4	Lc
33	5	L
33	6	Lc
33	7	Lc
33	8	-1
33	9	Lc
33	10	L
33	11	L
33	12	L
33	13	-1
33	14	L
33	15	L
33	16	L
33	17	U
33	18	U
33	19	L
33	20	L
33	21	L
33	22	Lc
33	23	Lc
33	24	L
33	25	L
33	26	Lc
33	27	U
33	28	Lc
33	29	-1
33	30	Lc
33	31	Lc
33	32	Lc
33	33	Lc
33	34	-1
33	35	Lc
33	36	Lc
33	37	Lc
33	38	Lc
33	39	Lc
33	40	Lc
33	41	Uc
33	42	Lc
33	43	Lcp
33	44	Lc
33	45	-1
33	46	Lcp
33	47	Lc
33	48	Lcp
33	49	Lcp
33	50	Lcp
33	51	Lcp
33	52	Lcp
33	53	Lcp
33	54	Lcp
33	55	Lc
33	56	Lc
33	57	Lc
33	58	Lc
33	59	Lc
33	60	Lc
33	61	-1
33	62	Lc
33	63	Lc
33	64	Uc
33	65	Lc
33	66	Uc
33	67	Uc
33	68	Lc
33	69	Lc
33	70	Lc
33	71	Lc
33	72	Lc
33	73	Lc
33	74	Lc
33	75	Lc
33	76	Lc
33	77	Uc
33	78	-1
33	79	Uc
33	80	Uc
33	81	Lc
33	82	Lc
33	83	-1
33	84	Lc
33	85	Lc
33	86	Lc
33	87	Lc
33	88	Lc
33	89	Lc
33	90	Lc
33	91	Lc
33	92	-1
33	93	Lc
33	94	Lc
33	95	Lc
33	96	Lc
33	97	Lc
33	98	L
33	99	L
33	100	L
33	101	-1
33	102	L
33	103	Lc
33	104	L
33	105	L
33	106	L
33	107	L
33	108	L
33	109	L
33	110	L
33	111	L
33	112	L
33	113	L
33	114	L
33	115	Lc
33	116	Lc
33	117	-1
33	118	Uc
33	119	Uc
34	0	Lc
34	1	Lc
34	2	-1
34	3	Uc
34	4	Lc
34	5	Lc
34	6	Uc
34	7	Uc
34	8	Lc
34	9	Lc
34	10	Lc
34	11	Lc
34	12	Lc
34	13	Lc
34	14	L
34	15	Lc
34	16	L
34	17	L
34	18	Lc
34	19	Lc
34	20	Lc
34	21	L
34	22	Lc
34	23	L
34	24	L
34	25	L
34	26	L
34	27	Lc
34	28	L
34	29	-1
34	30	Lc
34	31	-1
34	32	Lc
34	33	Lc
34	34	Lc
34	35	Lc
34	36	Lcp
34	37	-1
34	38	Lc
34	39	Lc
34	40	Lc
34	41	Lc
34	42	Lc
34	43	Uc
34	44	Uc
34	45	Uc
34	46	U
34	47	U
34	48	Lc
34	49	Lcp
34	50	Lc
34	51	Lcp
34	52	Lcp
34	53	Lcp
34	54	Lcp
34	55	Lcp
34	56	Lc
34	57	Lc
34	58	Lc
34	59	Lc
34	60	Lc
34	61	Lc
34	62	Lc
34	63	Lc
34	64	Uc
34	65	Lc
34	66	Lc
34	67	-1
34	68	Lc
34	69	Lc
34	70	Lc
34	71	-1
34	72	Lc
34	73	Lc
34	74	Lc
34	75	Lc
34	76	Uc
34	77	Lc
34	78	Uc
34	79	Uc
34	80	Uc
34	81	Lc
34	82	Lc
34	83	Lc
34	84	Lc
34	85	Lc
34	86	Lc
34	87	Lc
34	88	Lc
34	89	Lc
34	90	-1
34	91	Lc
34	92	Lc
34	93	Lc
34	94	Lc
34	95	-1
34	96	Lc
34	97	Lc
34	98	Lc
34	99	L
34	100	L
34	101	L
34	102	L
34	103	L
34	104	L
34	105	L
34	106	L
34	107	L
34	108	L
34	109	L
34	110	L
34	111	L
34	112	L
34	113	Lc
34	114	Lc
34	115	L
34	116	Lc
34	117	Lc
34	118	Lc
34	119	Lc
35	0	Lc
35	1	Lc
35	2	Uc
35	3	Lc
35	4	Lc
35	5	Lc
35	6	Lc
35	7	L
35	8	Lc
35	9	Lc
35	10	Lc
35	11	Lc
35	12	Lc
35	13	Lc
35	14	Lc
35	15	L
35	16	-1
35	17	-1
35	18	-1
35	19	Lc
35	20	Lc
35	21	Lc
35	22	L
35	23	Lc
35	24	L
35	25	Uc
35	26	Uc
35	27	Lc
35	28	Lc
35	29	Lc
35	30	-1
35	31	-1
35	32	Lc
35	33	Lc
35	34	Lc
35	35	Lc
35	36	Lc
35	37	Lcp
35	38	Lc
35	39	Lc
35	40	Lc
35	41	Uc
35	42	Lc
35	43	Lc
35	44	Uc
35	45	Uc
35	46	U
35	47	U
35	48	U
35	49	Lc
35	50	-1
35	51	Lc
35	52	Lc
35	53	Lc
35	54	Lc
35	55	Uc
35	56	Lcp
35	57	-1
35	58	Lc
35	59	Lc
35	60	Lc
35	61	Lc
35	62	-1
35	63	Lc
35	64	Lc
35	65	Uc
35	66	-1
35	67	Lc
35	68	-1
35	69	-1
35	70	Lc
35	71	Lc
35	72	-1
35	73	-1
35	74	Lc
35	75	Lc
35	76	-1
35	77	Lc
35	78	-1
35	79	Lc
35	80	Uc
35	81	-1
35	82	Lc
35	83	Lc
35	84	Lc
35	85	Lc
35	86	Lc
35	87	Lc
35	88	Lc
35	89	Lc
35	90	Lc
35	91	Lc
35	92	Lc
35	93	Lc
35	94	Lc
35	95	Lc
35	96	L
35	97	-1
35	98	L
35	99	L
35	100	L
35	101	L
35	102	L
35	103	L
35	104	-1
35	105	L
35	106	L
35	107	L
35	108	L
35	109	L
35	110	L
35	111	L
35	112	L
35	113	L
35	114	L
35	115	Lc
35	116	Lc
35	117	Lc
35	118	Lc
35	119	Lc
36	0	Lc
36	1	Lc
36	2	Uc
36	3	Lc
36	4	Uc
36	5	Uc
36	6	Uc
36	7	-1
36	8	Lc
36	9	Lc
36	10	-1
36	11	Lc
36	12	Lc
36	13	Lc
36	14	Lc
36	15	Lc
36	16	Lc
36	17	Lc
36	18	L
36	19	Lc
36	20	Lc
36	21	-1
36	22	Lc
36	23	Lc
36	24	L
36	25	L
36	26	Uc
36	27	Lc
36	28	Lc
36	29	Lc
36	30	Lc
36	31	Lc
36	32	Lc
36	33	Lc
36	34	Lc
36	35	-1
36	36	Lc
36	37	Lc
36	38	-1
36	39	Lc
36	40	-1
36	41	Lc
36	42	Lc
36	43	Lc
36	44	Lc
36	45	Uc
36	46	Lc
36	47	-1
36	48	-1
36	49	Lc
36	50	-1
36	51	-1
36	52	Lc
36	53	-1
36	54	Uc
36	55	-1
36	56	-1
36	57	Lc
36	58	Lc
36	59	Lc
36	60	Lc
36	61	Uc
36	62	Uc
36	63	Lc
36	64	Lc
36	65	Lc
36	66	Uc
36	67	-1
36	68	Lc
36	69	Lc
36	70	Lc
36	71	Lc
36	72	Lc
36	73	Lc
36	74	Lc
36	75	Lc
36	76	Lc
36	77	Lc
36	78	Lc
36	79	Lc
36	80	Lc
36	81	Lc
36	82	Lc
36	83	Lc
36	84	Lc
36	85	-1
36	86	Lc
36	87	-1
36	88	Lc
36	89	Lc
36	90	L
36	91	L
36	92	Lc
36	93	Lc
36	94	Lc
36	95	Lc
36	96	L
36	97	L
36	98	L
36	99	L
36	100	L
36	101	L
36	102	L
36	103	-1
36	104	L
36	105	L
36	106	L
36	107	L
36	108	L
36	109	L
36	110	L
36	111	L
36	112	L
36	113	L
36	114	L
36	115	L
36	116	Lc
36	117	Lc
36	118	Lc
36	119	Lc
37	0	Lc
37	1	Lc
37	2	Lc
37	3	-1
37	4	Uc
37	5	Lc
37	6	U
37	7	Lc
37	8	Lc
37	9	Lc
37	10	Lc
37	11	Lc
37	12	Lc
37	13	Lc
37	14	Lc
37	15	Lc
37	16	-1
37	17	Lc
37	18	Lc
37	19	-1
37	20	-1
37	21	-1
37	22	Lc
37	23	Lc
37	24	L
37	25	-1
37	26	Uc
37	27	Lc
37	28	Lc
37	29	-1
37	30	-1
37	31	Lc
37	32	Lc
37	33	Lc
37	34	-1
37	35	-1
37	36	-1
37	37	Lc
37	38	Lc
37	39	Lc
37	40	Lc
37	41	Lc
37	42	Lc
37	43	Lc
37	44	Lc
37	45	Lc
37	46	Lc
37	47	Lc
37	48	Lc
37	49	-1
37	50	Lc
37	51	Lc
37	52	Lc
37	53	Lc
37	54	Lc
37	55	Lc
37	56	Lc
37	57	-1
37	58	Lc
37	59	Lc
37	60	Lc
37	61	-1
37	62	-1
37	63	Uc
37	64	Lc
37	65	Lc
37	66	Lc
37	67	Lc
37	68	Lc
37	69	Lc
37	70	Lc
37	71	Lc
37	72	Lc
37	73	Lc
37	74	Lc
37	75	Lc
37	76	Lc
37	77	Lc
37	78	-1
37	79	Lc
37	80	Lc
37	81	Lc
37	82	Lc
37	83	Lc
37	84	Lc
37	85	Lc
37	86	Lc
37	87	Lc
37	88	Lc
37	89	Lc
37	90	Lc
37	91	L
37	92	L
37	93	Lc
37	94	Lc
37	95	L
37	96	L
37	97	L
37	98	L
37	99	L
37	100	L
37	101	L
37	102	L
37	103	L
37	104	L
37	105	L
37	106	L
37	107	-1
37	108	L
37	109	L
37	110	L
37	111	L
37	112	L
37	113	-1
37	114	L
37	115	L
37	116	Lc
37	117	Lc
37	118	-1
37	119	Lc
38	0	Lc
38	1	Lc
38	2	Lc
38	3	Lc
38	4	Lc
38	5	Uc
38	6	Lc
38	7	Lc
38	8	Lc
38	9	Lc
38	10	Lc
38	11	Lc
38	12	Lc
38	13	Lc
38	14	Lc
38	15	Lc
38	16	Lc
38	17	Lc
38	18	Lc
38	19	Lc
38	20	Lc
38	21	Lc
38	22	Lc
38	23	Lc
38	24	L
38	25	L
38	26	Lc
38	27	-1
38	28	Lc
38	29	Lc
38	30	-1
38	31	Lc
38	32	-1
38	33	Lc
38	34	Lc
38	35	Lc
38	36	Lc
38	37	Lc
38	38	Lc
38	39	-1
38	40	Lc
38	41	Lc
38	42	Lc
38	43	Lc
38	44	Lc
38	45	Lc
38	46	Lc
38	47	Lc
38	48	-1
38	49	-1
38	50	Lc
38	51	Lc
38	52	Lc
38	53	Lc
38	54	Lc
38	55	-1
38	56	Lc
38	57	Lc
38	58	Lc
38	59	Lc
38	60	Lc
38	61	Lc
38	62	-1
38	63	Lc
38	64	Lc
38	65	Lc
38	66	Lc
38	67	Lc
38	68	Lc
38	69	Lc
38	70	Lc
38	71	Lc
38	72	Lc
38	73	Lc
38	74	Lc
38	75	Lc
38	76	Lc
38	77	Lc
38	78	Lc
38	79	Lc
38	80	Lc
38	81	Lc
38	82	Lc
38	83	Lc
38	84	Lc
38	85	Lc
38	86	L
38	87	L
38	88	-1
38	89	L
38	90	-1
38	91	-1
38	92	Lc
38	93	L
38	94	L
38	95	L
38	96	-1
38	97	L
38	98	Lc
38	99	L
38	100	L
38	101	L
38	102	L
38	103	L
38	104	L
38	105	L
38	106	L
38	107	L
38	108	L
38	109	L
38	110	L
38	111	L
38	112	L
38	113	L
38	114	L
38	115	-1
38	116	-1
38	117	Lc
38	118	Lc
38	119	Lc
39	0	Lc
39	1	Lc
39	2	Lc
39	3	Uc
39	4	-1
39	5	Lc
39	6	-1
39	7	Lc
39	8	Lc
39	9	Lc
39	10	Lc
39	11	Lc
39	12	Lc
39	13	Lc
39	14	-1
39	15	Lc
39	16	L
39	17	Lc
39	18	Lc
39	19	Lc
39	20	Lc
39	21	Lc
39	22	Lc
39	23	Lc
39	24	Lc
39	25	Lc
39	26	Lc
39	27	Lc
39	28	Lc
39	29	Lc
39	30	Lc
39	31	-1
39	32	Lc
39	33	Lc
39	34	-1
39	35	Lc
39	36	Lc
39	37	L
39	38	-1
39	39	Lc
39	40	Lc
39	41	Lc
39	42	Lc
39	43	Lc
39	44	Lc
39	45	Lc
39	46	Lc
39	47	Lc
39	48	-1
39	49	Lc
39	50	Lc
39	51	Lc
39	52	-1
39	53	Lc
39	54	Lc
39	55	Lc
39	56	Lc
39	57	Lc
39	58	Lc
39	59	Lc
39	60	Lc
39	61	Lc
39	62	Lc
39	63	Lc
39	64	Lc
39	65	Lc
39	66	Lc
39	67	Lc
39	68	Lc
39	69	Lc
39	70	Lc
39	71	-1
39	72	Lc
39	73	Lc
39	74	Lc
39	75	Lc
39	76	Lc
39	77	Lc
39	78	Lc
39	79	Lc
39	80	Lc
39	81	Lc
39	82	Lc
39	83	Lc
39	84	Lc
39	85	Lc
39	86	-1
39	87	L
39	88	L
39	89	L
39	90	-1
39	91	Lc
39	92	Lc
39	93	L
39	94	L
39	95	-1
39	96	L
39	97	L
39	98	L
39	99	-1
39	100	L
39	101	L
39	102	L
39	103	L
39	104	L
39	105	L
39	106	L
39	107	L
39	108	L
39	109	L
39	110	U
39	111	L
39	112	L
39	113	L
39	114	L
39	115	-1
39	116	L
39	117	L
39	118	L
39	119	Lc
40	0	Lc
40	1	-1
40	2	Uc
40	3	L
40	4	Lc
40	5	Lc
40	6	Lc
40	7	-1
40	8	Uc
40	9	Lc
40	10	Lc
40	11	Lc
40	12	Lc
40	13	L
40	14	Lc
40	15	-1
40	16	Lc
40	17	Lc
40	18	Lc
40	19	-1
40	20	-1
40	21	Lc
40	22	Lc
40	23	-1
40	24	Lc
40	25	Lc
40	26	Lc
40	27	Uc
40	28	Lc
40	29	Lc
40	30	Lc
40	31	Lc
40	32	Lc
40	33	Lc
40	34	Lc
40	35	Lc
40	36	Lc
40	37	Lc
40	38	L
40	39	Lc
40	40	Lc
40	41	-1
40	42	Lc
40	43	Lc
40	44	Lc
40	45	Lc
40	46	-1
40	47	Lc
40	48	Lc
40	49	Lc
40	50	Lc
40	51	Lc
40	52	Lc
40	53	Lc
40	54	Lc
40	55	Lc
40	56	Lc
40	57	Lc
40	58	Lc
40	59	Lc
40	60	Lc
40	61	Lc
40	62	Lc
40	63	Lc
40	64	Lc
40	65	Lc
40	66	Lc
40	67	Lc
40	68	Lc
40	69	Lc
40	70	-1
40	71	Lc
40	72	Lc
40	73	Lc
40	74	Lc
40	75	Lc
40	76	Lc
40	77	Lc
40	78	Lc
40	79	Lc
40	80	-1
40	81	Lc
40	82	Lc
40	83	Lc
40	84	Lc
40	85	Uc
40	86	L
40	87	-1
40	88	L
40	89	L
40	90	Lc
40	91	Lc
40	92	Lc
40	93	-1
40	94	L
40	95	L
40	96	L
40	97	L
40	98	-1
40	99	-1
40	100	Lc
40	101	L
40	102	L
40	103	L
40	104	-1
40	105	L
40	106	-1
40	107	L
40	108	L
40	109	L
40	110	Lc
40	111	Lc
40	112	-1
40	113	L
40	114	L
40	115	-1
40	116	Lc
40	117	L
40	118	-1
40	119	L
41	0	Lc
41	1	L
41	2	L
41	3	L
41	4	Lc
41	5	Lc
41	6	Lc
41	7	Lc
41	8	Lc
41	9	Lc
41	10	Lc
41	11	Lc
41	12	Lc
41	13	-1
41	14	-1
41	15	-1
41	16	Lc
41	17	Lc
41	18	Lc
41	19	Lc
41	20	Lc
41	21	Lc
41	22	Lc
41	23	Lc
41	24	Lc
41	25	Lc
41	26	Lc
41	27	Lc
41	28	Lc
41	29	Lc
41	30	Lc
41	31	Lc
41	32	Lc
41	33	Lc
41	34	Lc
41	35	Lc
41	36	Lc
41	37	-1
41	38	Lc
41	39	L
41	40	Lc
41	41	Lc
41	42	Lc
41	43	Lc
41	44	Lc
41	45	Lc
41	46	Lc
41	47	Lc
41	48	Lc
41	49	Lc
41	50	Lc
41	51	Lc
41	52	Lc
41	53	Lc
41	54	Lc
41	55	Uc
41	56	Lc
41	57	Lc
41	58	Lc
41	59	Lc
41	60	Lc
41	61	Lc
41	62	Lc
41	63	Lc
41	64	Lc
41	65	-1
41	66	Lc
41	67	Lc
41	68	Lc
41	69	-1
41	70	Lc
41	71	Lc
41	72	-1
41	73	Lc
41	74	L
41	75	-1
41	76	Lc
41	77	Lc
41	78	Lc
41	79	-1
41	80	Lc
41	81	Lc
41	82	Lc
41	83	Lc
41	84	-1
41	85	Lc
41	86	L
41	87	L
41	88	L
41	89	Lc
41	90	Lc
41	91	Lc
41	92	Lc
41	93	Lc
41	94	Lc
41	95	Lc
41	96	L
41	97	L
41	98	L
41	99	L
41	100	L
41	101	L
41	102	L
41	103	L
41	104	L
41	105	L
41	106	L
41	107	L
41	108	-1
41	109	L
41	110	Lc
41	111	-1
41	112	-1
41	113	Lc
41	114	-1
41	115	L
41	116	L
41	117	L
41	118	L
41	119	L
42	0	Lc
42	1	Lc
42	2	Lc
42	3	L
42	4	L
42	5	L
42	6	Lc
42	7	Lc
42	8	-1
42	9	Lc
42	10	Uc
42	11	Lc
42	12	-1
42	13	Lc
42	14	-1
42	15	-1
42	16	L
42	17	L
42	18	Lc
42	19	Lc
42	20	Lc
42	21	-1
42	22	-1
42	23	Lc
42	24	Lc
42	25	Lc
42	26	Lc
42	27	Lc
42	28	Lc
42	29	Lc
42	30	Lc
42	31	Lc
42	32	Lc
42	33	Lc
42	34	-1
42	35	Lc
42	36	Lc
42	37	Lc
42	38	Lc
42	39	L
42	40	Lc
42	41	Lc
42	42	Lc
42	43	L
42	44	Lc
42	45	Lc
42	46	Lc
42	47	Lc
42	48	Lc
42	49	Lc
42	50	Lc
42	51	Lc
42	52	-1
42	53	-1
42	54	Lc
42	55	Lc
42	56	Lc
42	57	Lc
42	58	Lc
42	59	Lc
42	60	-1
42	61	Lc
42	62	-1
42	63	Lc
42	64	Uc
42	65	Lc
42	66	-1
42	67	Lc
42	68	Lc
42	69	Lc
42	70	Lc
42	71	-1
42	72	Lc
42	73	-1
42	74	L
42	75	Lc
42	76	Lc
42	77	Lc
42	78	Lc
42	79	Lc
42	80	-1
42	81	Lc
42	82	Lc
42	83	Lc
42	84	Lc
42	85	Lc
42	86	Lc
42	87	Lc
42	88	-1
42	89	Lc
42	90	L
42	91	-1
42	92	-1
42	93	Lc
42	94	Lc
42	95	Lc
42	96	L
42	97	Lc
42	98	Lc
42	99	L
42	100	L
42	101	L
42	102	L
42	103	L
42	104	L
42	105	-1
42	106	L
42	107	-1
42	108	L
42	109	-1
42	110	Lc
42	111	Lc
42	112	Lc
42	113	-1
42	114	Lc
42	115	Lc
42	116	Lc
42	117	Lc
42	118	Lc
42	119	L
43	0	Lc
43	1	Lc
43	2	Lc
43	3	L
43	4	U
43	5	Uc
43	6	Lc
43	7	L
43	8	L
43	9	Lc
43	10	Lc
43	11	Lc
43	12	Lc
43	13	Lc
43	14	-1
43	15	L
43	16	L
43	17	-1
43	18	Lc
43	19	Lc
43	20	Lc
43	21	-1
43	22	Lc
43	23	Lc
43	24	Lc
43	25	Lc
43	26	Lc
43	27	-1
43	28	Lc
43	29	Uc
43	30	Lc
43	31	Lc
43	32	Lc
43	33	Lc
43	34	Lc
43	35	Lc
43	36	Lc
43	37	L
43	38	Lc
43	39	Lc
43	40	L
43	41	Lc
43	42	L
43	43	L
43	44	Lc
43	45	Lc
43	46	Lc
43	47	-1
43	48	Lc
43	49	Lc
43	50	-1
43	51	-1
43	52	-1
43	53	Lc
43	54	Lc
43	55	Lc
43	56	Lc
43	57	Lc
43	58	Lc
43	59	Lc
43	60	Lc
43	61	Lc
43	62	Lc
43	63	Lc
43	64	Lc
43	65	-1
43	66	Lc
43	67	Lc
43	68	Lc
43	69	Lc
43	70	Lc
43	71	Lc
43	72	Lc
43	73	L
43	74	L
43	75	L
43	76	-1
43	77	-1
43	78	Lc
43	79	Lc
43	80	Lc
43	81	Lc
43	82	Lc
43	83	Lc
43	84	Lc
43	85	-1
43	86	Lc
43	87	L
43	88	L
43	89	L
43	90	L
43	91	Lc
43	92	Lc
43	93	Lc
43	94	Lc
43	95	Lc
43	96	Lc
43	97	L
43	98	Lc
43	99	Lc
43	100	Lc
43	101	L
43	102	L
43	103	L
43	104	L
43	105	L
43	106	Lc
43	107	L
43	108	L
43	109	L
43	110	L
43	111	Lc
43	112	Lc
43	113	Lc
43	114	Lc
43	115	Lc
43	116	Lc
43	117	Lc
43	118	Lc
43	119	-1
44	0	L
44	1	Lc
44	2	Lc
44	3	Lc
44	4	Uc
44	5	Lc
44	6	Uc
44	7	L
44	8	Lc
44	9	Lc
44	10	Lc
44	11	Lc
44	12	Lc
44	13	L
44	14	-1
44	15	-1
44	16	Lc
44	17	L
44	18	L
44	19	Uc
44	20	Lc
44	21	-1
44	22	Lc
44	23	Lc
44	24	Lc
44	25	Lc
44	26	Lc
44	27	Lc
44	28	Lc
44	29	Uc
44	30	Uc
44	31	Lc
44	32	Lc
44	33	-1
44	34	Lc
44	35	Lc
44	36	Lc
44	37	L
44	38	L
44	39	Lc
44	40	Lc
44	41	L
44	42	L
44	43	L
44	44	L
44	45	-1
44	46	Lc
44	47	Lc
44	48	Lc
44	49	Lc
44	50	Lc
44	51	Lc
44	52	Lc
44	53	Lc
44	54	Lc
44	55	Uc
44	56	Lc
44	57	Lc
44	58	Lc
44	59	Lc
44	60	-1
44	61	Lc
44	62	-1
44	63	-1
44	64	Lc
44	65	Lc
44	66	Lc
44	67	Lc
44	68	Lc
44	69	Lc
44	70	Lc
44	71	-1
44	72	L
44	73	-1
44	74	Lc
44	75	Lc
44	76	Lc
44	77	Lc
44	78	Lc
44	79	Uc
44	80	Lc
44	81	Lc
44	82	Lc
44	83	Lc
44	84	Lc
44	85	Lc
44	86	Lc
44	87	Lc
44	88	Lc
44	89	Lc
44	90	Lc
44	91	Lc
44	92	Lc
44	93	L
44	94	Lc
44	95	-1
44	96	Lc
44	97	-1
44	98	Lc
44	99	L
44	100	L
44	101	L
44	102	L
44	103	L
44	104	L
44	105	L
44	106	L
44	107	L
44	108	L
44	109	L
44	110	Lc
44	111	Lc
44	112	Lc
44	113	Lc
44	114	-1
44	115	Lc
44	116	Lc
44	117	Lc
44	118	Lc
44	119	Lc
45	0	Lc
45	1	L
45	2	Lc
45	3	Lc
45	4	Lc
45	5	-1
45	6	Lc
45	7	L
45	8	L
45	9	Lc
45	10	Lc
45	11	Lc
45	12	-1
45	13	Lc
45	14	L
45	15	Lc
45	16	L
45	17	-1
45	18	L
45	19	Lc
45	20	Lc
45	21	Lc
45	22	Lc
45	23	Lc
45	24	Lc
45	25	Lc
45	26	Uc
45	27	Lc
45	28	Uc
45	29	Uc
45	30	Uc
45	31	Lc
45	32	Uc
45	33	Lc
45	34	-1
45	35	Lc
45	36	Lc
45	37	Lc
45	38	Lc
45	39	-1
45	40	L
45	41	L
45	42	L
45	43	L
45	44	-1
45	45	Lc
45	46	Lc
45	47	Lc
45	48	Lc
45	49	Lc
45	50	Lc
45	51	Lc
45	52	Lc
45	53	Lc
45	54	Lc
45	55	Lc
45	56	Lc
45	57	Lc
45	58	Lc
45	59	Lc
45	60	Lc
45	61	-1
45	62	Lc
45	63	Lc
45	64	-1
45	65	Lc
45	66	Lc
45	67	L
45	68	Uc
45	69	Uc
45	70	Lc
45	71	L
45	72	L
45	73	Lc
45	74	Lc
45	75	Uc
45	76	Lc
45	77	Lc
45	78	Lc
45	79	Lc
45	80	-1
45	81	Lc
45	82	Lc
45	83	Lc
45	84	Lc
45	85	Lc
45	86	Lc
45	87	Lc
45	88	Lc
45	89	Lc
45	90	-1
45	91	L
45	92	Lc
45	93	L
45	94	L
45	95	U
45	96	U
45	97	Lc
45	98	Lc
45	99	L
45	100	L
45	101	L
45	102	L
45	103	L
45	104	L
45	105	L
45	106	Lc
45	107	L
45	108	L
45	109	-1
45	110	L
45	111	Lc
45	112	Lc
45	113	Lc
45	114	-1
45	115	Lc
45	116	Lc
45	117	Lc
45	118	L
45	119	L
46	0	L
46	1	Lc
46	2	Lc
46	3	Lc
46	4	Lc
46	5	Lc
46	6	L
46	7	L
46	8	L
46	9	Lc
46	10	Lc
46	11	Lc
46	12	Lc
46	13	Lc
46	14	-1
46	15	-1
46	16	Lc
46	17	Lc
46	18	L
46	19	Lc
46	20	Lc
46	21	Lc
46	22	Lc
46	23	Lc
46	24	Lc
46	25	Uc
46	26	Uc
46	27	-1
46	28	Uc
46	29	Uc
46	30	Uc
46	31	-1
46	32	Lc
46	33	Lc
46	34	Lc
46	35	Lc
46	36	Lc
46	37	Lc
46	38	Lc
46	39	L
46	40	L
46	41	-1
46	42	L
46	43	L
46	44	L
46	45	L
46	46	Lc
46	47	Lc
46	48	Lc
46	49	Lc
46	50	Lc
46	51	-1
46	52	Lc
46	53	Lc
46	54	Lc
46	55	Lc
46	56	Lc
46	57	Lc
46	58	Lc
46	59	-1
46	60	Lc
46	61	Uc
46	62	Lc
46	63	Lc
46	64	Lc
46	65	Lc
46	66	Lc
46	67	Lc
46	68	L
46	69	Lc
46	70	L
46	71	Lc
46	72	Lc
46	73	L
46	74	L
46	75	Lc
46	76	Lc
46	77	Lc
46	78	Lc
46	79	Lc
46	80	Lc
46	81	Lc
46	82	Lc
46	83	Lc
46	84	Lc
46	85	Lc
46	86	Lc
46	87	Lc
46	88	Lc
46	89	Uc
46	90	Lc
46	91	Lc
46	92	L
46	93	Uc
46	94	U
46	95	U
46	96	U
46	97	Lc
46	98	L
46	99	L
46	100	L
46	101	L
46	102	L
46	103	L
46	104	L
46	105	Lc
46	106	Lc
46	107	-1
46	108	L
46	109	U
46	110	L
46	111	Lc
46	112	Lc
46	113	Lc
46	114	-1
46	115	Lc
46	116	Lc
46	117	L
46	118	-1
46	119	-1
47	0	Lc
47	1	-1
47	2	Lc
47	3	Lc
47	4	Lc
47	5	Lc
47	6	L
47	7	L
47	8	L
47	9	Lc
47	10	Lc
47	11	Lc
47	12	L
47	13	Lc
47	14	L
47	15	L
47	16	-1
47	17	Lc
47	18	Lc
47	19	Lc
47	20	Lc
47	21	Lc
47	22	Lc
47	23	Lc
47	24	Uc
47	25	Uc
47	26	Lc
47	27	Lc
47	28	Uc
47	29	Uc
47	30	-1
47	31	Lc
47	32	Lc
47	33	Lc
47	34	Lc
47	35	Lc
47	36	-1
47	37	L
47	38	Lc
47	39	Lc
47	40	L
47	41	-1
47	42	L
47	43	L
47	44	L
47	45	L
47	46	Lc
47	47	Lc
47	48	Lc
47	49	-1
47	50	Lc
47	51	Lc
47	52	Lc
47	53	-1
47	54	Lc
47	55	Lc
47	56	-1
47	57	Lc
47	58	-1
47	59	Lc
47	60	Lc
47	61	Lc
47	62	Lc
47	63	Lc
47	64	Lc
47	65	Lc
47	66	L
47	67	L
47	68	L
47	69	Lc
47	70	Lc
47	71	Lc
47	72	L
47	73	L
47	74	-1
47	75	L
47	76	L
47	77	Lc
47	78	Lc
47	79	-1
47	80	-1
47	81	Lc
47	82	Lc
47	83	Lc
47	84	Lc
47	85	Lc
47	86	Lc
47	87	Lc
47	88	Uc
47	89	Lc
47	90	Lc
47	91	Uc
47	92	Uc
47	93	Uc
47	94	U
47	95	-1
47	96	L
47	97	L
47	98	-1
47	99	L
47	100	L
47	101	Lc
47	102	Lc
47	103	L
47	104	L
47	105	-1
47	106	Lc
47	107	-1
47	108	L
47	109	L
47	110	U
47	111	-1
47	112	Lc
47	113	-1
47	114	Lc
47	115	Lc
47	116	Lc
47	117	Lc
47	118	-1
47	119	Lc
48	0	Lc
48	1	Lc
48	2	L
48	3	L
48	4	Lc
48	5	U
48	6	-1
48	7	L
48	8	L
48	9	-1
48	10	Lc
48	11	L
48	12	L
48	13	Lc
48	14	-1
48	15	L
48	16	L
48	17	Lc
48	18	Lc
48	19	Lc
48	20	Lc
48	21	Lc
48	22	Lc
48	23	Lc
48	24	-1
48	25	Lc
48	26	-1
48	27	Lc
48	28	Lc
48	29	Uc
48	30	-1
48	31	Lc
48	32	Lc
48	33	Lc
48	34	L
48	35	Lc
48	36	-1
48	37	-1
48	38	L
48	39	L
48	40	L
48	41	L
48	42	L
48	43	L
48	44	L
48	45	-1
48	46	Lc
48	47	Lc
48	48	Lc
48	49	Lc
48	50	Lc
48	51	Lc
48	52	Lc
48	53	Lc
48	54	Lc
48	55	Lc
48	56	Lc
48	57	Lc
48	58	-1
48	59	Lc
48	60	Lc
48	61	Lc
48	62	Uc
48	63	L
48	64	Lc
48	65	Lc
48	66	L
48	67	L
48	68	L
48	69	Lc
48	70	Lc
48	71	L
48	72	L
48	73	L
48	74	L
48	75	Lc
48	76	Lc
48	77	Lc
48	78	Lc
48	79	-1
48	80	Lc
48	81	Lc
48	82	Lc
48	83	Lc
48	84	Lc
48	85	Lc
48	86	Lc
48	87	Lc
48	88	-1
48	89	Lc
48	90	Uc
48	91	Uc
48	92	Uc
48	93	-1
48	94	U
48	95	U
48	96	L
48	97	L
48	98	-1
48	99	L
48	100	L
48	101	Lc
48	102	Lc
48	103	-1
48	104	L
48	105	L
48	106	L
48	107	L
48	108	Lc
48	109	L
48	110	L
48	111	Lc
48	112	Lc
48	113	Lc
48	114	Lc
48	115	Lc
48	116	Lc
48	117	Lc
48	118	-1
48	119	Lc
49	0	L
49	1	L
49	2	L
49	3	L
49	4	Lc
49	5	L
49	6	L
49	7	L
49	8	Uc
49	9	-1
49	10	Uc
49	11	Lc
49	12	Lc
49	13	Lc
49	14	L
49	15	L
49	16	L
49	17	Lc
49	18	Lc
49	19	Lc
49	20	Lc
49	21	Lc
49	22	Lc
49	23	Lc
49	24	Lc
49	25	Lc
49	26	Lc
49	27	Lc
49	28	Lc
49	29	L
49	30	L
49	31	Lc
49	32	Lc
49	33	L
49	34	Lc
49	35	Lc
49	36	L
49	37	-1
49	38	L
49	39	L
49	40	L
49	41	L
49	42	L
49	43	Lc
49	44	-1
49	45	-1
49	46	L
49	47	Lc
49	48	Lc
49	49	Lc
49	50	Lc
49	51	Lc
49	52	Lc
49	53	Lc
49	54	Lc
49	55	Lc
49	56	-1
49	57	Lc
49	58	Lc
49	59	Lc
49	60	Lc
49	61	Lc
49	62	Lc
49	63	Uc
49	64	L
49	65	Lc
49	66	-1
49	67	L
49	68	L
49	69	L
49	70	L
49	71	L
49	72	L
49	73	L
49	74	Lc
49	75	Lc
49	76	Lc
49	77	Lc
49	78	Lc
49	79	-1
49	80	Lc
49	81	Lc
49	82	Lc
49	83	Lc
49	84	Lc
49	85	Lc
49	86	Lc
49	87	Lc
49	88	Lc
49	89	Lc
49	90	Lc
49	91	Lc
49	92	-1
49	93	Uc
49	94	L
49	95	L
49	96	L
49	97	L
49	98	-1
49	99	-1
49	100	Lc
49	101	Lc
49	102	Lc
49	103	L
49	104	Lc
49	105	Lc
49	106	L
49	107	-1
49	108	L
49	109	Lc
49	110	L
49	111	Uc
49	112	L
49	113	Lc
49	114	Lc
49	115	Lc
49	116	Lc
49	117	-1
49	118	Lc
49	119	Lc
50	0	L
50	1	L
50	2	L
50	3	-1
50	4	L
50	5	L
50	6	L
50	7	L
50	8	L
50	9	Uc
50	10	Uc
50	11	Uc
50	12	Lc
50	13	-1
50	14	L
50	15	L
50	16	Lc
50	17	Lc
50	18	-1
50	19	Lc
50	20	Lc
50	21	Lc
50	22	-1
50	23	Lc
50	24	Lc
50	25	Lc
50	26	Lc
50	27	Lc
50	28	L
50	29	Lc
50	30	L
50	31	L
50	32	L
50	33	L
50	34	-1
50	35	-1
50	36	L
50	37	-1
50	38	L
50	39	-1
50	40	L
50	41	L
50	42	L
50	43	Lc
50	44	L
50	45	L
50	46	L
50	47	Lc
50	48	Lc
50	49	Lc
50	50	Lc
50	51	Lc
50	52	Lc
50	53	Lc
50	54	Lc
50	55	Lc
50	56	Lc
50	57	Lc
50	58	Lc
50	59	Lc
50	60	Lc
50	61	-1
50	62	Lc
50	63	-1
50	64	Lc
50	65	-1
50	66	Lc
50	67	L
50	68	Lc
50	69	L
50	70	L
50	71	L
50	72	L
50	73	L
50	74	Lc
50	75	Lcp
50	76	Lc
50	77	Lc
50	78	Lcp
50	79	Lc
50	80	Lc
50	81	Lc
50	82	Lc
50	83	Lc
50	84	Lc
50	85	Lc
50	86	Lc
50	87	Lc
50	88	Uc
50	89	Lc
50	90	Lc
50	91	Lc
50	92	Lc
50	93	Lc
50	94	L
50	95	L
50	96	L
50	97	L
50	98	L
50	99	L
50	100	Lc
50	101	Lc
50	102	Lc
50	103	Lc
50	104	L
50	105	Lc
50	106	Lc
50	107	L
50	108	L
50	109	Lc
50	110	Lc
50	111	-1
50	112	L
50	113	L
50	114	Lc
50	115	Lc
50	116	Lc
50	117	-1
50	118	-1
50	119	Lc
51	0	Lc
51	1	L
51	2	L
51	3	L
51	4	L
51	5	L
51	6	L
51	7	L
51	8	L
51	9	L
51	10	Uc
51	11	Uc
51	12	Uc
51	13	-1
51	14	Lc
51	15	Lc
51	16	Lc
51	17	Lc
51	18	Lc
51	19	Lc
51	20	Lc
51	21	Lc
51	22	Lc
51	23	Lc
51	24	Lc
51	25	Lc
51	26	Lc
51	27	Lc
51	28	-1
51	29	-1
51	30	Lc
51	31	L
51	32	L
51	33	L
51	34	L
51	35	L
51	36	L
51	37	L
51	38	L
51	39	L
51	40	L
51	41	L
51	42	Lc
51	43	L
51	44	Lc
51	45	Lc
51	46	Lc
51	47	Lc
51	48	Lc
51	49	Lc
51	50	Lc
51	51	Lc
51	52	-1
51	53	Lc
51	54	Lc
51	55	Lc
51	56	-1
51	57	Lc
51	58	Lc
51	59	Lc
51	60	Lc
51	61	Lc
51	62	Lc
51	63	Lc
51	64	Lc
51	65	Lc
51	66	Lc
51	67	Lc
51	68	Lc
51	69	Lc
51	70	Uc
51	71	L
51	72	L
51	73	Lc
51	74	Lc
51	75	Lc
51	76	Lcp
51	77	Lc
51	78	-1
51	79	Lc
51	80	-1
51	81	Lc
51	82	Lc
51	83	Lc
51	84	Uc
51	85	Lc
51	86	-1
51	87	Uc
51	88	Lc
51	89	Lc
51	90	Lc
51	91	Lc
51	92	Lc
51	93	L
51	94	Lc
51	95	L
51	96	L
51	97	L
51	98	L
51	99	L
51	100	L
51	101	-1
51	102	Lc
51	103	Lc
51	104	Lc
51	105	Lc
51	106	Lc
51	107	Lc
51	108	Lc
51	109	Lc
51	110	-1
51	111	Lc
51	112	L
51	113	Lc
51	114	-1
51	115	Lc
51	116	-1
51	117	Lc
51	118	Lc
51	119	Lc
52	0	-1
52	1	Lc
52	2	L
52	3	L
52	4	L
52	5	L
52	6	L
52	7	L
52	8	L
52	9	L
52	10	Uc
52	11	Uc
52	12	Uc
52	13	Lc
52	14	Lc
52	15	Lc
52	16	L
52	17	Lc
52	18	Lc
52	19	Lc
52	20	Lc
52	21	Lc
52	22	Lc
52	23	Lc
52	24	Lc
52	25	Lc
52	26	Lc
52	27	Lc
52	28	Lc
52	29	L
52	30	L
52	31	-1
52	32	Lc
52	33	L
52	34	L
52	35	L
52	36	Lc
52	37	L
52	38	Lc
52	39	Lc
52	40	Lc
52	41	-1
52	42	Lc
52	43	L
52	44	Lc
52	45	Lc
52	46	-1
52	47	Lc
52	48	Lc
52	49	Lc
52	50	-1
52	51	Lc
52	52	Lc
52	53	Lc
52	54	Lc
52	55	Lc
52	56	Lc
52	57	Lc
52	58	Lc
52	59	Lc
52	60	Lc
52	61	Lc
52	62	Lc
52	63	-1
52	64	Lc
52	65	Lc
52	66	-1
52	67	L
52	68	Lc
52	69	Uc
52	70	L
52	71	L
52	72	-1
52	73	L
52	74	Lc
52	75	Lc
52	76	Lc
52	77	Lc
52	78	Lc
52	79	Lc
52	80	-1
52	81	Lc
52	82	Lc
52	83	Uc
52	84	Uc
52	85	L
52	86	Lc
52	87	Lc
52	88	L
52	89	L
52	90	L
52	91	-1
52	92	Lc
52	93	Lc
52	94	L
52	95	L
52	96	L
52	97	L
52	98	Lc
52	99	L
52	100	-1
52	101	-1
52	102	-1
52	103	Lc
52	104	Lc
52	105	Lc
52	106	L
52	107	-1
52	108	Lc
52	109	Lc
52	110	Lc
52	111	Lc
52	112	Lc
52	113	L
52	114	L
52	115	Lc
52	116	Lc
52	117	Lc
52	118	Lc
52	119	Lc
53	0	Lc
53	1	-1
53	2	Lc
53	3	L
53	4	Lc
53	5	L
53	6	L
53	7	L
53	8	-1
53	9	Lc
53	10	Uc
53	11	Uc
53	12	Uc
53	13	Uc
53	14	Lc
53	15	Lc
53	16	Lc
53	17	L
53	18	Lc
53	19	Lc
53	20	Lc
53	21	Lc
53	22	Lc
53	23	Lc
53	24	Lc
53	25	Lc
53	26	Lc
53	27	Lc
53	28	Lc
53	29	L
53	30	L
53	31	Lc
53	32	Lc
53	33	L
53	34	L
53	35	L
53	36	L
53	37	Lc
53	38	Lc
53	39	Lc
53	40	Lc
53	41	Lc
53	42	L
53	43	Lc
53	44	Lc
53	45	Lc
53	46	Lc
53	47	-1
53	48	-1
53	49	Lc
53	50	Lc
53	51	Lc
53	52	Lc
53	53	Lc
53	54	-1
53	55	Lc
53	56	Lc
53	57	-1
53	58	Lc
53	59	L
53	60	Lc
53	61	Lc
53	62	Lc
53	63	Lc
53	64	Lc
53	65	U
53	66	L
53	67	L
53	68	L
53	69	L
53	70	L
53	71	L
53	72	L
53	73	L
53	74	L
53	75	L
53	76	L
53	77	Lc
53	78	Lc
53	79	Lc
53	80	Lc
53	81	Lc
53	82	Lc
53	83	Uc
53	84	Lc
53	85	Lc
53	86	L
53	87	Lc
53	88	-1
53	89	Lc
53	90	Lc
53	91	L
53	92	Lc
53	93	Lc
53	94	Lc
53	95	L
53	96	L
53	97	L
53	98	-1
53	99	Lc
53	100	-1
53	101	L
53	102	L
53	103	Lc
53	104	Lc
53	105	-1
53	106	Lc
53	107	L
53	108	Lc
53	109	Lc
53	110	Lc
53	111	-1
53	112	Lc
53	113	-1
53	114	-1
53	115	Lc
53	116	Lc
53	117	-1
53	118	-1
53	119	Lc
54	0	Lc
54	1	-1
54	2	Lc
54	3	Lc
54	4	Lc
54	5	L
54	6	Lc
54	7	Lc
54	8	Lc
54	9	Uc
54	10	Uc
54	11	Uc
54	12	Uc
54	13	Lc
54	14	Lc
54	15	Uc
54	16	Lc
54	17	Lc
54	18	L
54	19	Lc
54	20	Lc
54	21	Lc
54	22	Lc
54	23	Lc
54	24	Lc
54	25	-1
54	26	Lc
54	27	Lc
54	28	Lc
54	29	Lc
54	30	-1
54	31	Lc
54	32	L
54	33	L
54	34	L
54	35	L
54	36	L
54	37	Lc
54	38	Lc
54	39	Lc
54	40	Lc
54	41	Lc
54	42	Lc
54	43	Lc
54	44	Lc
54	45	Lc
54	46	Lc
54	47	Lc
54	48	Lc
54	49	Lc
54	50	Lc
54	51	Lc
54	52	-1
54	53	Lc
54	54	Lc
54	55	Lc
54	56	Lc
54	57	Lc
54	58	Lc
54	59	L
54	60	Lc
54	61	Lc
54	62	Lc
54	63	-1
54	64	Lc
54	65	Lc
54	66	U
54	67	L
54	68	L
54	69	L
54	70	L
54	71	L
54	72	L
54	73	L
54	74	Lc
54	75	L
54	76	L
54	77	L
54	78	Lc
54	79	Lc
54	80	L
54	81	Lc
54	82	Lc
54	83	Uc
54	84	Lc
54	85	Lc
54	86	-1
54	87	Lc
54	88	-1
54	89	L
54	90	Lc
54	91	Lc
54	92	Lc
54	93	Lc
54	94	L
54	95	L
54	96	L
54	97	L
54	98	Lc
54	99	Lc
54	100	L
54	101	L
54	102	-1
54	103	-1
54	104	-1
54	105	L
54	106	Lc
54	107	Lc
54	108	Lc
54	109	Lc
54	110	Lc
54	111	Lc
54	112	Lc
54	113	L
54	114	L
54	115	-1
54	116	Lc
54	117	-1
54	118	Uc
54	119	Lc
55	0	-1
55	1	Lc
55	2	L
55	3	-1
55	4	Lc
55	5	L
55	6	L
55	7	L
55	8	L
55	9	Uc
55	10	-1
55	11	Lc
55	12	Uc
55	13	Uc
55	14	Lc
55	15	Uc
55	16	Uc
55	17	Lc
55	18	-1
55	19	Lc
55	20	Lc
55	21	Lc
55	22	Lc
55	23	Lc
55	24	Lc
55	25	Lc
55	26	Lc
55	27	Lc
55	28	Lc
55	29	Lc
55	30	L
55	31	Lc
55	32	Lc
55	33	L
55	34	Lc
55	35	L
55	36	Lc
55	37	Lc
55	38	Lc
55	39	Lc
55	40	Lc
55	41	-1
55	42	Lc
55	43	Lc
55	44	Lc
55	45	Lc
55	46	Lc
55	47	Lc
55	48	Lc
55	49	-1
55	50	Lc
55	51	-1
55	52	Lc
55	53	Lc
55	54	Lc
55	55	Lc
55	56	Lc
55	57	Lc
55	58	Lc
55	59	Lc
55	60	Lc
55	61	Lc
55	62	Lc
55	63	Lc
55	64	Lc
55	65	-1
55	66	L
55	67	L
55	68	L
55	69	L
55	70	Lc
55	71	Lc
55	72	L
55	73	L
55	74	L
55	75	L
55	76	L
55	77	U
55	78	Lc
55	79	-1
55	80	L
55	81	Lc
55	82	L
55	83	L
55	84	Lcp
55	85	Lcp
55	86	Uc
55	87	Lc
55	88	L
55	89	L
55	90	Lc
55	91	Lc
55	92	-1
55	93	L
55	94	Lc
55	95	L
55	96	L
55	97	Lc
55	98	Lc
55	99	Lc
55	100	Lc
55	101	Lc
55	102	Lc
55	103	L
55	104	L
55	105	L
55	106	-1
55	107	L
55	108	Lc
55	109	Lc
55	110	Lc
55	111	Lc
55	112	Lc
55	113	L
55	114	L
55	115	Lc
55	116	Lc
55	117	-1
55	118	Lc
55	119	-1
56	0	Lc
56	1	L
56	2	Lc
56	3	-1
56	4	Lc
56	5	L
56	6	Lc
56	7	L
56	8	L
56	9	L
56	10	Uc
56	11	Uc
56	12	Lc
56	13	Lc
56	14	Lc
56	15	Lc
56	16	Lc
56	17	Lc
56	18	Lc
56	19	Lc
56	20	Lc
56	21	Lc
56	22	Lc
56	23	Lc
56	24	Lc
56	25	Lc
56	26	Lc
56	27	Lc
56	28	Lc
56	29	Lc
56	30	L
56	31	L
56	32	L
56	33	L
56	34	L
56	35	Lc
56	36	Lc
56	37	Lc
56	38	Lc
56	39	Lc
56	40	Lc
56	41	Lc
56	42	Lc
56	43	Lc
56	44	Uc
56	45	Lc
56	46	Lc
56	47	Lc
56	48	Lc
56	49	Lc
56	50	Lc
56	51	-1
56	52	Lc
56	53	Lc
56	54	-1
56	55	Lc
56	56	Lc
56	57	Lc
56	58	Lc
56	59	Lc
56	60	Lc
56	61	Lc
56	62	Lc
56	63	L
56	64	Lc
56	65	-1
56	66	L
56	67	L
56	68	L
56	69	L
56	70	-1
56	71	Lc
56	72	Lc
56	73	Lc
56	74	L
56	75	L
56	76	L
56	77	U
56	78	U
56	79	U
56	80	L
56	81	U
56	82	L
56	83	L
56	84	-1
56	85	Lc
56	86	Uc
56	87	Uc
56	88	Lc
56	89	Lc
56	90	-1
56	91	-1
56	92	Lc
56	93	L
56	94	-1
56	95	L
56	96	Lc
56	97	-1
56	98	-1
56	99	Lc
56	100	Lc
56	101	Lc
56	102	L
56	103	Lc
56	104	Lc
56	105	L
56	106	L
56	107	L
56	108	L
56	109	L
56	110	L
56	111	-1
56	112	Lc
56	113	L
56	114	Lc
56	115	Lc
56	116	Lc
56	117	Lc
56	118	Lc
56	119	Lc
57	0	Lc
57	1	Lc
57	2	L
57	3	-1
57	4	L
57	5	L
57	6	L
57	7	L
57	8	L
57	9	L
57	10	L
57	11	Lc
57	12	-1
57	13	Lc
57	14	Lc
57	15	Lc
57	16	Lc
57	17	Lc
57	18	-1
57	19	Lc
57	20	Lc
57	21	Lc
57	22	Lc
57	23	Lc
57	24	-1
57	25	Lc
57	26	Lc
57	27	Lc
57	28	Lc
57	29	Lc
57	30	L
57	31	L
57	32	Lc
57	33	Lc
57	34	-1
57	35	L
57	36	L
57	37	L
57	38	Lc
57	39	Lc
57	40	Lc
57	41	Lc
57	42	Lc
57	43	Lc
57	44	Lc
57	45	Lc
57	46	Lc
57	47	Lc
57	48	Lc
57	49	Lc
57	50	Lc
57	51	Lc
57	52	Lc
57	53	Lc
57	54	Lc
57	55	Lc
57	56	Lc
57	57	Lc
57	58	Lc
57	59	Lc
57	60	L
57	61	Lc
57	62	L
57	63	Lc
57	64	L
57	65	L
57	66	Lc
57	67	Lc
57	68	Lc
57	69	Lc
57	70	-1
57	71	L
57	72	Lc
57	73	Lc
57	74	L
57	75	L
57	76	Lc
57	77	Lc
57	78	Lc
57	79	U
57	80	U
57	81	U
57	82	U
57	83	L
57	84	Lcp
57	85	Lc
57	86	Uc
57	87	Lc
57	88	Lc
57	89	Lc
57	90	Lc
57	91	Lc
57	92	Uc
57	93	Uc
57	94	-1
57	95	Uc
57	96	-1
57	97	Lc
57	98	Lc
57	99	Lc
57	100	Lc
57	101	Lc
57	102	Lc
57	103	Lc
57	104	Lc
57	105	Lc
57	106	Lc
57	107	Lc
57	108	L
57	109	L
57	110	L
57	111	-1
57	112	L
57	113	L
57	114	L
57	115	L
57	116	Lc
57	117	Lc
57	118	Lc
57	119	Lc
58	0	Lc
58	1	Lc
58	2	Lc
58	3	-1
58	4	L
58	5	L
58	6	L
58	7	L
58	8	L
58	9	L
58	10	Lc
58	11	-1
58	12	-1
58	13	Lc
58	14	Lc
58	15	Lc
58	16	Lc
58	17	Lc
58	18	Lc
58	19	Lc
58	20	L
58	21	Lc
58	22	Lc
58	23	Lc
58	24	Lc
58	25	U
58	26	U
58	27	U
58	28	Lc
58	29	L
58	30	L
58	31	L
58	32	Lc
58	33	L
58	34	L
58	35	L
58	36	L
58	37	L
58	38	L
58	39	Lc
58	40	Lc
58	41	Lc
58	42	Lc
58	43	Lc
58	44	Lc
58	45	Lc
58	46	Lc
58	47	-1
58	48	Lc
58	49	Lc
58	50	Lc
58	51	Lc
58	52	Lc
58	53	Lc
58	54	Lc
58	55	Lc
58	56	Lc
58	57	Lc
58	58	L
58	59	L
58	60	Lc
58	61	L
58	62	L
58	63	L
58	64	L
58	65	L
58	66	L
58	67	Lc
58	68	L
58	69	L
58	70	L
58	71	L
58	72	L
58	73	L
58	74	L
58	75	L
58	76	L
58	77	-1
58	78	U
58	79	U
58	80	U
58	81	U
58	82	L
58	83	L
58	84	Uc
58	85	Lc
58	86	Lc
58	87	-1
58	88	Lc
58	89	Lc
58	90	Lc
58	91	Lc
58	92	Uc
58	93	Uc
58	94	Uc
58	95	Uc
58	96	Lc
58	97	Lc
58	98	Lc
58	99	Lc
58	100	Lc
58	101	Lc
58	102	Lc
58	103	-1
58	104	Lc
58	105	Lc
58	106	Lc
58	107	Lc
58	108	L
58	109	L
58	110	Lc
58	111	-1
58	112	L
58	113	Lc
58	114	L
58	115	Lc
58	116	Lc
58	117	Lc
58	118	Lc
58	119	Lc
59	0	Lc
59	1	Lc
59	2	L
59	3	L
59	4	Lc
59	5	L
59	6	L
59	7	-1
59	8	L
59	9	L
59	10	L
59	11	Lc
59	12	Lc
59	13	Lc
59	14	Lc
59	15	Lc
59	16	Lc
59	17	Lc
59	18	Lc
59	19	L
59	20	-1
59	21	Lc
59	22	Lc
59	23	Lc
59	24	U
59	25	Lc
59	26	U
59	27	Lc
59	28	Lc
59	29	L
59	30	L
59	31	Lc
59	32	L
59	33	L
59	34	L
59	35	L
59	36	L
59	37	Lc
59	38	L
59	39	L
59	40	Lc
59	41	Lc
59	42	-1
59	43	Uc
59	44	Lc
59	45	Uc
59	46	Lc
59	47	-1
59	48	Lc
59	49	Lc
59	50	Lc
59	51	-1
59	52	Lc
59	53	Lc
59	54	Lc
59	55	Lc
59	56	Lc
59	57	Lc
59	58	L
59	59	-1
59	60	L
59	61	L
59	62	L
59	63	L
59	64	L
59	65	L
59	66	L
59	67	L
59	68	-1
59	69	L
59	70	L
59	71	L
59	72	L
59	73	Lc
59	74	Lc
59	75	L
59	76	Lp
59	77	U
59	78	L
59	79	U
59	80	U
59	81	U
59	82	Lcp
59	83	Lcp
59	84	-1
59	85	Lc
59	86	-1
59	87	Lp
59	88	-1
59	89	Lc
59	90	Lc
59	91	Lc
59	92	Lc
59	93	Uc
59	94	L
59	95	Uc
59	96	Lc
59	97	Lc
59	98	Lc
59	99	Lc
59	100	Lc
59	101	Lc
59	102	Lc
59	103	Lc
59	104	Lc
59	105	Lc
59	106	L
59	107	L
59	108	Lc
59	109	Lc
59	110	Lc
59	111	Lc
59	112	L
59	113	L
59	114	-1
59	115	Lc
59	116	-1
59	117	Lc
59	118	Lc
59	119	Lc
60	0	Lc
60	1	L
60	2	Lc
60	3	L
60	4	L
60	5	Lc
60	6	L
60	7	L
60	8	L
60	9	L
60	10	Lc
60	11	Lc
60	12	Lc
60	13	Uc
60	14	Lc
60	15	Lc
60	16	Lc
60	17	-1
60	18	L
60	19	L
60	20	Lc
60	21	Lc
60	22	Lc
60	23	-1
60	24	Lc
60	25	U
60	26	Lc
60	27	Lc
60	28	Lc
60	29	-1
60	30	Lc
60	31	Lc
60	32	L
60	33	L
60	34	-1
60	35	L
60	36	Lc
60	37	L
60	38	-1
60	39	L
60	40	Lc
60	41	-1
60	42	-1
60	43	-1
60	44	Lc
60	45	-1
60	46	Lc
60	47	Lc
60	48	Lc
60	49	Lc
60	50	Lc
60	51	-1
60	52	Lc
60	53	Lc
60	54	Lc
60	55	Lc
60	56	-1
60	57	L
60	58	L
60	59	L
60	60	L
60	61	L
60	62	Lc
60	63	U
60	64	L
60	65	L
60	66	-1
60	67	L
60	68	L
60	69	-1
60	70	L
60	71	L
60	72	L
60	73	Lc
60	74	Lc
60	75	-1
60	76	L
60	77	Lp
60	78	U
60	79	Lp
60	80	Lp
60	81	U
60	82	Lcp
60	83	Lp
60	84	Lp
60	85	Lp
60	86	Lp
60	87	Lp
60	88	Lc
60	89	Lc
60	90	L
60	91	L
60	92	Lc
60	93	L
60	94	L
60	95	Lc
60	96	Lc
60	97	Lc
60	98	Lc
60	99	Lc
60	100	Lc
60	101	Lc
60	102	Lc
60	103	Lc
60	104	Lc
60	105	L
60	106	L
60	107	Lc
60	108	L
60	109	L
60	110	Lc
60	111	L
60	112	L
60	113	-1
60	114	Lc
60	115	Lc
60	116	Lc
60	117	Lc
60	118	Lc
60	119	Lc
61	0	L
61	1	L
61	2	L
61	3	L
61	4	Lc
61	5	L
61	6	Lc
61	7	Lc
61	8	L
61	9	-1
61	10	L
61	11	-1
61	12	Lc
61	13	Lc
61	14	Lc
61	15	-1
61	16	Lc
61	17	-1
61	18	-1
61	19	L
61	20	L
61	21	Lc
61	22	Lc
61	23	Lc
61	24	Lc
61	25	Lc
61	26	Lc
61	27	Lc
61	28	Lc
61	29	Lc
61	30	Uc
61	31	Uc
61	32	L
61	33	-1
61	34	L
61	35	-1
61	36	L
61	37	Lc
61	38	Lc
61	39	Lc
61	40	Lc
61	41	Lc
61	42	Lc
61	43	Uc
61	44	Lc
61	45	Lc
61	46	Lc
61	47	Lc
61	48	Lc
61	49	Lc
61	50	Lc
61	51	Lc
61	52	-1
61	53	Lc
61	54	Lc
61	55	-1
61	56	U
61	57	L
61	58	L
61	59	L
61	60	Lc
61	61	Lc
61	62	L
61	63	L
61	64	L
61	65	L
61	66	L
61	67	L
61	68	L
61	69	L
61	70	L
61	71	L
61	72	Lc
61	73	L
61	74	L
61	75	Lc
61	76	Lc
61	77	Lp
61	78	Lp
61	79	Lp
61	80	Lp
61	81	Lcp
61	82	Lp
61	83	Lp
61	84	Lcp
61	85	Lp
61	86	Lc
61	87	Lc
61	88	-1
61	89	Lc
61	90	-1
61	91	L
61	92	Uc
61	93	Uc
61	94	Uc
61	95	Lc
61	96	Lc
61	97	Lc
61	98	Lc
61	99	Lc
61	100	Lc
61	101	Lc
61	102	Lc
61	103	Lc
61	104	-1
61	105	Uc
61	106	-1
61	107	-1
61	108	-1
61	109	-1
61	110	L
61	111	Lc
61	112	-1
61	113	Lc
61	114	Lc
61	115	Lc
61	116	-1
61	117	Lc
61	118	Lc
61	119	Lc
62	0	Lc
62	1	L
62	2	L
62	3	Lc
62	4	Lc
62	5	U
62	6	U
62	7	Lc
62	8	L
62	9	-1
62	10	-1
62	11	Lc
62	12	L
62	13	Lc
62	14	Lc
62	15	Lc
62	16	Lc
62	17	L
62	18	-1
62	19	L
62	20	Lc
62	21	L
62	22	Lc
62	23	Lc
62	24	Lc
62	25	Lc
62	26	-1
62	27	Lc
62	28	Lc
62	29	Uc
62	30	Uc
62	31	L
62	32	Uc
62	33	Lc
62	34	Lc
62	35	Lc
62	36	Lc
62	37	Lc
62	38	Lc
62	39	Lc
62	40	Lc
62	41	Lc
62	42	Lc
62	43	-1
62	44	Lc
62	45	Lc
62	46	Lc
62	47	Lc
62	48	Lc
62	49	Lc
62	50	Lc
62	51	Lc
62	52	Uc
62	53	Lc
62	54	Lc
62	55	L
62	56	L
62	57	L
62	58	L
62	59	L
62	60	Lc
62	61	Lc
62	62	L
62	63	L
62	64	L
62	65	L
62	66	L
62	67	Lc
62	68	Lc
62	69	Lc
62	70	L
62	71	L
62	72	Lc
62	73	L
62	74	L
62	75	U
62	76	U
62	77	Lc
62	78	Lp
62	79	Lp
62	80	Lp
62	81	Lp
62	82	Lp
62	83	Lp
62	84	Lcp
62	85	Lc
62	86	Lc
62	87	Lc
62	88	Lc
62	89	Lp
62	90	L
62	91	-1
62	92	-1
62	93	Lc
62	94	Uc
62	95	Lc
62	96	-1
62	97	Lc
62	98	Lc
62	99	Lc
62	100	Lc
62	101	-1
62	102	Lc
62	103	Lc
62	104	Uc
62	105	Lc
62	106	Uc
62	107	Lc
62	108	Lc
62	109	Lc
62	110	Lc
62	111	Lc
62	112	Lc
62	113	Lc
62	114	Lc
62	115	Lc
62	116	Lc
62	117	Lc
62	118	Lc
62	119	Lc
63	0	Lc
63	1	L
63	2	Lc
63	3	Lc
63	4	-1
63	5	L
63	6	Uc
63	7	L
63	8	Lc
63	9	-1
63	10	Lc
63	11	L
63	12	Lc
63	13	Lc
63	14	Lc
63	15	Lc
63	16	-1
63	17	L
63	18	L
63	19	L
63	20	Lc
63	21	L
63	22	-1
63	23	Lc
63	24	Lc
63	25	Lc
63	26	Lc
63	27	Lc
63	28	-1
63	29	Lc
63	30	Lc
63	31	Lc
63	32	Lc
63	33	Lc
63	34	Lc
63	35	-1
63	36	Lc
63	37	Lc
63	38	Lc
63	39	Lc
63	40	Lc
63	41	-1
63	42	Lc
63	43	Lc
63	44	Lc
63	45	Lc
63	46	Lc
63	47	Lc
63	48	Lc
63	49	Lc
63	50	-1
63	51	Lc
63	52	-1
63	53	Lc
63	54	Lc
63	55	L
63	56	L
63	57	L
63	58	L
63	59	U
63	60	U
63	61	L
63	62	-1
63	63	L
63	64	Lc
63	65	Lc
63	66	Lc
63	67	Lc
63	68	L
63	69	Lc
63	70	Lc
63	71	Lc
63	72	Lc
63	73	L
63	74	L
63	75	Lp
63	76	-1
63	77	Lc
63	78	Lc
63	79	Lcp
63	80	Lp
63	81	Lcp
63	82	Lcp
63	83	Lp
63	84	Lp
63	85	Lc
63	86	Lp
63	87	Lp
63	88	Lp
63	89	Lp
63	90	Lc
63	91	Lc
63	92	Lc
63	93	Uc
63	94	Uc
63	95	Lc
63	96	-1
63	97	Lc
63	98	Lc
63	99	Lc
63	100	Lc
63	101	Lc
63	102	Lc
63	103	Lc
63	104	Lc
63	105	Uc
63	106	Lc
63	107	Lc
63	108	Lc
63	109	Lc
63	110	L
63	111	Lc
63	112	Lc
63	113	Lc
63	114	Lc
63	115	Lc
63	116	Lc
63	117	Lc
63	118	Lc
63	119	Lc
64	0	Lc
64	1	L
64	2	L
64	3	-1
64	4	L
64	5	L
64	6	Uc
64	7	L
64	8	-1
64	9	Lc
64	10	Lc
64	11	Lc
64	12	Lc
64	13	-1
64	14	-1
64	15	Lc
64	16	L
64	17	L
64	18	L
64	19	L
64	20	L
64	21	L
64	22	L
64	23	L
64	24	Lc
64	25	-1
64	26	Lc
64	27	Lc
64	28	-1
64	29	Lc
64	30	Lc
64	31	-1
64	32	Lc
64	33	-1
64	34	Lc
64	35	Lc
64	36	L
64	37	L
64	38	Lc
64	39	Lc
64	40	Lc
64	41	-1
64	42	Lc
64	43	Lc
64	44	-1
64	45	-1
64	46	Lc
64	47	-1
64	48	Lc
64	49	Lc
64	50	Lc
64	51	-1
64	52	-1
64	53	Lc
64	54	-1
64	55	L
64	56	U
64	57	-1
64	58	-1
64	59	U
64	60	L
64	61	L
64	62	L
64	63	Lc
64	64	Lc
64	65	Lc
64	66	Lc
64	67	Lc
64	68	Lc
64	69	Lc
64	70	Lc
64	71	Lc
64	72	Lc
64	73	Lc
64	74	Lp
64	75	Lp
64	76	Lp
64	77	-1
64	78	Lp
64	79	Lp
64	80	Lcp
64	81	Lcp
64	82	Lp
64	83	Lcp
64	84	Lp
64	85	Lcp
64	86	Lp
64	87	Lp
64	88	Lp
64	89	Lc
64	90	Lc
64	91	Lc
64	92	Lc
64	93	Uc
64	94	-1
64	95	Lc
64	96	Lc
64	97	Lc
64	98	Lc
64	99	Lc
64	100	Lc
64	101	Lc
64	102	Uc
64	103	Uc
64	104	Uc
64	105	Uc
64	106	Lc
64	107	Lc
64	108	-1
64	109	L
64	110	Lc
64	111	Lc
64	112	Lc
64	113	Lc
64	114	Lc
64	115	Lc
64	116	Lc
64	117	Lc
64	118	Lc
64	119	Lc
65	0	L
65	1	L
65	2	L
65	3	L
65	4	-1
65	5	Uc
65	6	Lc
65	7	Lc
65	8	Lc
65	9	Lc
65	10	Lc
65	11	Lc
65	12	Lc
65	13	-1
65	14	Lc
65	15	Lc
65	16	L
65	17	-1
65	18	U
65	19	L
65	20	L
65	21	-1
65	22	L
65	23	Lc
65	24	Lc
65	25	Lc
65	26	Lc
65	27	Lc
65	28	Uc
65	29	-1
65	30	-1
65	31	Lc
65	32	Lc
65	33	Lc
65	34	-1
65	35	Lc
65	36	L
65	37	Lc
65	38	Lc
65	39	Lc
65	40	Lc
65	41	Lc
65	42	Lp
65	43	Lp
65	44	Lc
65	45	-1
65	46	Lc
65	47	-1
65	48	Lc
65	49	Lc
65	50	Lc
65	51	-1
65	52	Lc
65	53	Lc
65	54	Lc
65	55	L
65	56	L
65	57	-1
65	58	Lc
65	59	U
65	60	Lc
65	61	Lc
65	62	Lc
65	63	Lc
65	64	L
65	65	L
65	66	Lc
65	67	Lc
65	68	Lc
65	69	Lc
65	70	Lc
65	71	Lc
65	72	Lc
65	73	Lp
65	74	L
65	75	Lp
65	76	Lp
65	77	L
65	78	Lp
65	79	Lp
65	80	Lcp
65	81	Lcp
65	82	Lcp
65	83	Lc
65	84	-1
65	85	Lp
65	86	Lp
65	87	Lp
65	88	Lp
65	89	Lc
65	90	Lc
65	91	Lp
65	92	Lc
65	93	Lc
65	94	Lc
65	95	Lc
65	96	Lc
65	97	Lc
65	98	-1
65	99	-1
65	100	Lc
65	101	Lc
65	102	Uc
65	103	-1
65	104	-1
65	105	Lc
65	106	-1
65	107	L
65	108	L
65	109	L
65	110	Lc
65	111	-1
65	112	Lc
65	113	Lc
65	114	Lc
65	115	Lc
65	116	Lc
65	117	Lc
65	118	Lc
65	119	L
66	0	L
66	1	L
66	2	L
66	3	-1
66	4	Lc
66	5	Lc
66	6	Lc
66	7	Lc
66	8	Lc
66	9	Lc
66	10	-1
66	11	Lc
66	12	Lc
66	13	Lc
66	14	Lc
66	15	L
66	16	L
66	17	L
66	18	Lc
66	19	-1
66	20	L
66	21	Lc
66	22	-1
66	23	-1
66	24	Lc
66	25	Lc
66	26	Lc
66	27	Lc
66	28	Lc
66	29	-1
66	30	Lc
66	31	Lc
66	32	Lc
66	33	L
66	34	Lc
66	35	Lc
66	36	-1
66	37	-1
66	38	Lc
66	39	-1
66	40	Lc
66	41	Lc
66	42	Lc
66	43	Lc
66	44	Lc
66	45	Lc
66	46	Lc
66	47	Lc
66	48	Lc
66	49	Lc
66	50	Lc
66	51	Lc
66	52	-1
66	53	Lc
66	54	Lc
66	55	Lc
66	56	Lc
66	57	Lc
66	58	-1
66	59	Lc
66	60	Lc
66	61	Lc
66	62	Lc
66	63	Lc
66	64	Lc
66	65	L
66	66	L
66	67	Lc
66	68	Lc
66	69	Lc
66	70	-1
66	71	Lc
66	72	Lc
66	73	Lc
66	74	Lp
66	75	Lc
66	76	L
66	77	L
66	78	L
66	79	Lc
66	80	Lc
66	81	-1
66	82	Lcp
66	83	Lp
66	84	Lp
66	85	Lp
66	86	Lp
66	87	Lp
66	88	Lp
66	89	Lp
66	90	Lp
66	91	Lc
66	92	Lc
66	93	Lc
66	94	Lc
66	95	-1
66	96	Lc
66	97	Lc
66	98	Lc
66	99	Lc
66	100	Lc
66	101	Lc
66	102	Lc
66	103	Lc
66	104	Uc
66	105	Uc
66	106	Uc
66	107	-1
66	108	L
66	109	L
66	110	L
66	111	Lc
66	112	Lc
66	113	Lc
66	114	Lc
66	115	Lc
66	116	Lc
66	117	Lc
66	118	-1
66	119	Lc
67	0	Lc
67	1	-1
67	2	Uc
67	3	Lc
67	4	Lc
67	5	Lc
67	6	Lc
67	7	Lc
67	8	Lc
67	9	Lc
67	10	-1
67	11	L
67	12	Lc
67	13	Lc
67	14	Lc
67	15	L
67	16	-1
67	17	L
67	18	U
67	19	L
67	20	U
67	21	Lc
67	22	Lc
67	23	Lc
67	24	Lc
67	25	Lc
67	26	Lc
67	27	L
67	28	Lc
67	29	Lc
67	30	Lc
67	31	Lc
67	32	-1
67	33	Lc
67	34	L
67	35	-1
67	36	Lc
67	37	Lc
67	38	Lc
67	39	Lc
67	40	L
67	41	L
67	42	Lc
67	43	Lc
67	44	Lc
67	45	-1
67	46	Lc
67	47	Lc
67	48	Lc
67	49	Lc
67	50	Lc
67	51	Lc
67	52	Lc
67	53	-1
67	54	Lc
67	55	Lc
67	56	Lc
67	57	Lc
67	58	L
67	59	-1
67	60	Uc
67	61	Lc
67	62	Lc
67	63	Lc
67	64	Lc
67	65	Lc
67	66	Lc
67	67	Lc
67	68	Lc
67	69	Lc
67	70	Lc
67	71	-1
67	72	L
67	73	Lp
67	74	Lc
67	75	Lc
67	76	Lc
67	77	L
67	78	Lc
67	79	L
67	80	Lc
67	81	L
67	82	L
67	83	Lp
67	84	-1
67	85	Lp
67	86	Lp
67	87	Lp
67	88	Lp
67	89	Lp
67	90	Lp
67	91	Lp
67	92	Lp
67	93	Lc
67	94	Lc
67	95	Lc
67	96	Lc
67	97	-1
67	98	Lc
67	99	Lc
67	100	Lc
67	101	Lc
67	102	Lc
67	103	Lc
67	104	Lc
67	105	Uc
67	106	Uc
67	107	-1
67	108	Lc
67	109	Lc
67	110	-1
67	111	Lc
67	112	Lc
67	113	Lc
67	114	Lc
67	115	Lc
67	116	-1
67	117	Lc
67	118	Uc
67	119	Lc
68	0	Lc
68	1	Lc
68	2	Lc
68	3	Lc
68	4	Lc
68	5	-1
68	6	Lc
68	7	Uc
68	8	Uc
68	9	Lc
68	10	L
68	11	Lc
68	12	Lc
68	13	Lc
68	14	L
68	15	L
68	16	L
68	17	L
68	18	-1
68	19	U
68	20	Lc
68	21	Lc
68	22	L
68	23	-1
68	24	L
68	25	-1
68	26	Lc
68	27	Lc
68	28	Lc
68	29	L
68	30	Lc
68	31	Lc
68	32	L
68	33	L
68	34	L
68	35	-1
68	36	L
68	37	L
68	38	Lc
68	39	Lc
68	40	Lc
68	41	Lc
68	42	Lc
68	43	Lc
68	44	Lc
68	45	Lc
68	46	Lc
68	47	Lc
68	48	Lc
68	49	Lc
68	50	-1
68	51	Lc
68	52	Lc
68	53	Lc
68	54	Lc
68	55	Uc
68	56	Lc
68	57	Uc
68	58	Lc
68	59	Uc
68	60	Lc
68	61	Uc
68	62	Lc
68	63	Lc
68	64	Lc
68	65	Lc
68	66	Lc
68	67	Lc
68	68	-1
68	69	Lc
68	70	-1
68	71	Lc
68	72	Lp
68	73	Lc
68	74	L
68	75	Lp
68	76	Lc
68	77	Lc
68	78	Lp
68	79	-1
68	80	-1
68	81	Lp
68	82	-1
68	83	L
68	84	L
68	85	-1
68	86	L
68	87	Lp
68	88	Lp
68	89	Lp
68	90	Lp
68	91	Lp
68	92	Lc
68	93	Lc
68	94	Lc
68	95	-1
68	96	Lc
68	97	Lc
68	98	Lc
68	99	Lc
68	100	Lc
68	101	Lc
68	102	L
68	103	Lc
68	104	Lc
68	105	L
68	106	Uc
68	107	Lc
68	108	Lc
68	109	Lc
68	110	Lc
68	111	Lc
68	112	Lc
68	113	-1
68	114	Lc
68	115	-1
68	116	Lc
68	117	-1
68	118	Lc
68	119	Uc
69	0	Lc
69	1	Lc
69	2	Lc
69	3	Lc
69	4	Lc
69	5	Uc
69	6	-1
69	7	Uc
69	8	Uc
69	9	Lc
69	10	Lc
69	11	Lc
69	12	Lc
69	13	L
69	14	L
69	15	L
69	16	Uc
69	17	L
69	18	L
69	19	U
69	20	U
69	21	L
69	22	Lc
69	23	L
69	24	L
69	25	L
69	26	Lc
69	27	Lc
69	28	Lc
69	29	Lc
69	30	L
69	31	Lc
69	32	L
69	33	L
69	34	Lp
69	35	L
69	36	L
69	37	L
69	38	L
69	39	-1
69	40	-1
69	41	L
69	42	Lc
69	43	Lc
69	44	Lc
69	45	Lc
69	46	-1
69	47	Lc
69	48	Lc
69	49	Lc
69	50	Lc
69	51	Uc
69	52	Lc
69	53	Lc
69	54	Lc
69	55	Uc
69	56	Uc
69	57	Uc
69	58	-1
69	59	Lc
69	60	Lc
69	61	Lc
69	62	Lc
69	63	Uc
69	64	-1
69	65	Uc
69	66	L
69	67	Lc
69	68	Lc
69	69	U
69	70	-1
69	71	Lc
69	72	L
69	73	Lc
69	74	-1
69	75	Lc
69	76	Lc
69	77	Lc
69	78	U
69	79	Lp
69	80	Lp
69	81	Lp
69	82	-1
69	83	Lc
69	84	Lc
69	85	L
69	86	L
69	87	Lp
69	88	Lp
69	89	Lp
69	90	Lp
69	91	Lc
69	92	Lp
69	93	Lc
69	94	Lc
69	95	Lp
69	96	Lc
69	97	Lc
69	98	-1
69	99	Lc
69	100	Lc
69	101	Lc
69	102	-1
69	103	Lc
69	104	L
69	105	Uc
69	106	Lc
69	107	Lc
69	108	Lc
69	109	Lc
69	110	-1
69	111	L
69	112	Lc
69	113	Lc
69	114	Lc
69	115	Lc
69	116	Lc
69	117	Lc
69	118	Lc
69	119	Lc
70	0	Lc
70	1	Lc
70	2	Lc
70	3	Lc
70	4	Lc
70	5	-1
70	6	Uc
70	7	-1
70	8	Lc
70	9	Lc
70	10	Lc
70	11	L
70	12	Uc
70	13	L
70	14	L
70	15	L
70	16	Uc
70	17	Uc
70	18	-1
70	19	U
70	20	L
70	21	L
70	22	-1
70	23	L
70	24	L
70	25	L
70	26	L
70	27	Lc
70	28	Lc
70	29	Lc
70	30	Lc
70	31	L
70	32	Lc
70	33	Lp
70	34	Lp
70	35	Lp
70	36	L
70	37	L
70	38	L
70	39	Lp
70	40	Lp
70	41	-1
70	42	Lc
70	43	-1
70	44	Lc
70	45	Lc
70	46	Lc
70	47	Lc
70	48	Lc
70	49	Lc
70	50	Uc
70	51	Lc
70	52	Lc
70	53	Lc
70	54	Uc
70	55	Uc
70	56	Uc
70	57	Uc
70	58	Uc
70	59	Lc
70	60	Lc
70	61	Lc
70	62	Uc
70	63	Lc
70	64	Uc
70	65	-1
70	66	Lc
70	67	L
70	68	Lc
70	69	L
70	70	U
70	71	U
70	72	L
70	73	-1
70	74	Lc
70	75	Lc
70	76	Lc
70	77	Lc
70	78	Lc
70	79	Lc
70	80	Lc
70	81	Lp
70	82	Lc
70	83	Lc
70	84	Lc
70	85	Lc
70	86	Lc
70	87	Lc
70	88	Lp
70	89	-1
70	90	U
70	91	Lp
70	92	Lp
70	93	Lp
70	94	Lp
70	95	Lp
70	96	Lp
70	97	Lc
70	98	Lc
70	99	Lc
70	100	Lc
70	101	Uc
70	102	L
70	103	L
70	104	Lc
70	105	L
70	106	Uc
70	107	Lc
70	108	Lc
70	109	-1
70	110	Lc
70	111	Lc
70	112	Lc
70	113	Lc
70	114	Lc
70	115	Lc
70	116	Lc
70	117	Lc
70	118	Lc
70	119	Lc
71	0	Lc
71	1	Lc
71	2	Lc
71	3	-1
71	4	Lc
71	5	Lc
71	6	Lc
71	7	Lc
71	8	-1
71	9	Lc
71	10	L
71	11	Uc
71	12	Lc
71	13	L
71	14	Uc
71	15	Uc
71	16	Uc
71	17	Uc
71	18	Uc
71	19	U
71	20	U
71	21	L
71	22	L
71	23	L
71	24	Lc
71	25	L
71	26	L
71	27	-1
71	28	L
71	29	-1
71	30	Lp
71	31	Lp
71	32	Lp
71	33	Lp
71	34	Lp
71	35	Lp
71	36	L
71	37	L
71	38	Lp
71	39	L
71	40	L
71	41	L
71	42	Lc
71	43	Uc
71	44	Lc
71	45	Lc
71	46	Lc
71	47	Lc
71	48	Lc
71	49	Lc
71	50	Lc
71	51	Uc
71	52	Lc
71	53	Lc
71	54	Lc
71	55	Lp
71	56	L
71	57	Lc
71	58	Lc
71	59	Lc
71	60	-1
71	61	-1
71	62	Uc
71	63	Lc
71	64	Uc
71	65	Uc
71	66	L
71	67	L
71	68	L
71	69	L
71	70	U
71	71	L
71	72	L
71	73	Lc
71	74	Lc
71	75	Lc
71	76	Lc
71	77	Lc
71	78	-1
71	79	Lc
71	80	Lc
71	81	Lp
71	82	-1
71	83	Lc
71	84	Lc
71	85	Lc
71	86	Lc
71	87	-1
71	88	-1
71	89	Lc
71	90	Lp
71	91	Lp
71	92	Lp
71	93	L
71	94	Lp
71	95	Lp
71	96	Lc
71	97	-1
71	98	-1
71	99	-1
71	100	-1
71	101	Lc
71	102	L
71	103	L
71	104	L
71	105	-1
71	106	Lc
71	107	Lc
71	108	Lc
71	109	Lc
71	110	-1
71	111	Lc
71	112	Lc
71	113	Lc
71	114	Lc
71	115	-1
71	116	Lc
71	117	-1
71	118	Lc
71	119	Lc
72	0	Lc
72	1	-1
72	2	Lc
72	3	Lc
72	4	Lc
72	5	Lc
72	6	Lc
72	7	-1
72	8	Lc
72	9	Lc
72	10	L
72	11	Lc
72	12	-1
72	13	-1
72	14	Uc
72	15	Uc
72	16	Uc
72	17	L
72	18	L
72	19	L
72	20	Lc
72	21	-1
72	22	L
72	23	L
72	24	L
72	25	-1
72	26	L
72	27	L
72	28	Lc
72	29	-1
72	30	Lp
72	31	Lp
72	32	Lp
72	33	Lp
72	34	Lp
72	35	Lp
72	36	Lp
72	37	L
72	38	L
72	39	L
72	40	L
72	41	Lc
72	42	L
72	43	Lc
72	44	Lp
72	45	Lc
72	46	Lc
72	47	Lc
72	48	Lc
72	49	Lc
72	50	Lc
72	51	-1
72	52	Lcp
72	53	Lcp
72	54	Lc
72	55	L
72	56	L
72	57	U
72	58	Lc
72	59	U
72	60	Lc
72	61	Uc
72	62	Uc
72	63	Lc
72	64	Lc
72	65	Lc
72	66	L
72	67	-1
72	68	L
72	69	L
72	70	Lc
72	71	L
72	72	L
72	73	L
72	74	Lc
72	75	Lc
72	76	Lc
72	77	Uc
72	78	Lc
72	79	Lc
72	80	Lc
72	81	Lc
72	82	Lc
72	83	Lc
72	84	Lc
72	85	Lc
72	86	Lc
72	87	-1
72	88	Lc
72	89	Lc
72	90	-1
72	91	Lp
72	92	L
72	93	L
72	94	U
72	95	Lp
72	96	Lc
72	97	Lc
72	98	Lc
72	99	L
72	100	-1
72	101	L
72	102	Lc
72	103	Lc
72	104	Lc
72	105	Lc
72	106	Lc
72	107	Lc
72	108	Lc
72	109	Lc
72	110	Lc
72	111	Lc
72	112	Lc
72	113	Lc
72	114	Lc
72	115	Lc
72	116	Lc
72	117	Lc
72	118	Lc
72	119	Lc
73	0	Lc
73	1	Lc
73	2	-1
73	3	Uc
73	4	Lc
73	5	Lc
73	6	Lc
73	7	L
73	8	Lc
73	9	-1
73	10	Uc
73	11	Lc
73	12	Lc
73	13	-1
73	14	Uc
73	15	Uc
73	16	L
73	17	L
73	18	U
73	19	L
73	20	Lc
73	21	Lc
73	22	Lc
73	23	L
73	24	L
73	25	L
73	26	-1
73	27	Lc
73	28	Lc
73	29	Lc
73	30	Lp
73	31	Lp
73	32	Lp
73	33	Lp
73	34	-1
73	35	-1
73	36	Lp
73	37	Lc
73	38	Lc
73	39	Lc
73	40	L
73	41	Lc
73	42	Lp
73	43	Lc
73	44	Lc
73	45	-1
73	46	Lc
73	47	-1
73	48	Lc
73	49	-1
73	50	Lc
73	51	Lc
73	52	Lcp
73	53	Lcp
73	54	Lcp
73	55	L
73	56	Lc
73	57	L
73	58	-1
73	59	Lc
73	60	Lc
73	61	Lc
73	62	Lc
73	63	Lc
73	64	Lc
73	65	Lc
73	66	L
73	67	L
73	68	L
73	69	Uc
73	70	Uc
73	71	L
73	72	L
73	73	L
73	74	Lc
73	75	Uc
73	76	Lc
73	77	Uc
73	78	Uc
73	79	Lc
73	80	Uc
73	81	Lc
73	82	Lc
73	83	Lc
73	84	Lc
73	85	Lc
73	86	Lc
73	87	Lc
73	88	Lc
73	89	Lc
73	90	Lc
73	91	-1
73	92	L
73	93	Lc
73	94	Lc
73	95	Lc
73	96	Lc
73	97	Lc
73	98	-1
73	99	Lc
73	100	Lc
73	101	-1
73	102	Lc
73	103	Lc
73	104	Lc
73	105	Lc
73	106	Lc
73	107	Lc
73	108	Lc
73	109	Lc
73	110	Lc
73	111	Lc
73	112	Lc
73	113	Lc
73	114	Lc
73	115	Lc
73	116	Lc
73	117	Lc
73	118	-1
73	119	Lc
74	0	-1
74	1	Lc
74	2	Lc
74	3	Lc
74	4	Lc
74	5	Lc
74	6	Lc
74	7	Lc
74	8	L
74	9	Lc
74	10	Lc
74	11	Lc
74	12	Lc
74	13	Lcp
74	14	Lc
74	15	L
74	16	L
74	17	-1
74	18	L
74	19	L
74	20	Lc
74	21	Lc
74	22	Lc
74	23	L
74	24	L
74	25	L
74	26	L
74	27	Lp
74	28	Lp
74	29	Lp
74	30	-1
74	31	Lp
74	32	Lp
74	33	Lp
74	34	Lp
74	35	-1
74	36	Lp
74	37	Lc
74	38	Lc
74	39	-1
74	40	Lc
74	41	Lcp
74	42	Lc
74	43	Lp
74	44	Lp
74	45	Lc
74	46	Lc
74	47	Lc
74	48	Lc
74	49	-1
74	50	Lc
74	51	Lc
74	52	Lp
74	53	Lcp
74	54	Lcp
74	55	Lc
74	56	Lc
74	57	Lc
74	58	Lc
74	59	L
74	60	L
74	61	L
74	62	Lc
74	63	Lc
74	64	Lc
74	65	L
74	66	L
74	67	L
74	68	L
74	69	Lc
74	70	Uc
74	71	Lc
74	72	L
74	73	L
74	74	L
74	75	-1
74	76	Uc
74	77	Uc
74	78	Lc
74	79	Uc
74	80	Uc
74	81	Lc
74	82	Lc
74	83	Lc
74	84	Lc
74	85	Lc
74	86	Lc
74	87	Lc
74	88	Lp
74	89	Lc
74	90	Lc
74	91	Lc
74	92	Lc
74	93	Lp
74	94	Lp
74	95	Lc
74	96	Lc
74	97	Lc
74	98	Lc
74	99	-1
74	100	L
74	101	L
74	102	-1
74	103	-1
74	104	Lc
74	105	Lc
74	106	Lc
74	107	Lc
74	108	Lc
74	109	Lc
74	110	Lc
74	111	-1
74	112	Lc
74	113	Lc
74	114	Lc
74	115	Lc
74	116	Lc
74	117	Lc
74	118	Lc
74	119	Lc
75	0	Lc
75	1	Lc
75	2	Lc
75	3	Lc
75	4	L
75	5	Lc
75	6	Lc
75	7	Lc
75	8	L
75	9	Lc
75	10	Lc
75	11	Uc
75	12	U
75	13	L
75	14	-1
75	15	L
75	16	L
75	17	-1
75	18	L
75	19	-1
75	20	Lc
75	21	Lc
75	22	Lc
75	23	Lc
75	24	Lc
75	25	L
75	26	L
75	27	L
75	28	Lp
75	29	Lp
75	30	Lp
75	31	Lp
75	32	Lp
75	33	Lp
75	34	Lp
75	35	Lp
75	36	Lp
75	37	Lcp
75	38	Lc
75	39	Lc
75	40	Lcp
75	41	L
75	42	L
75	43	Lp
75	44	Lc
75	45	Lc
75	46	Lp
75	47	Lp
75	48	Lc
75	49	Lc
75	50	Lc
75	51	Lc
75	52	Lc
75	53	Lc
75	54	Lcp
75	55	Lc
75	56	Lc
75	57	Lc
75	58	Lc
75	59	Lc
75	60	-1
75	61	Lc
75	62	L
75	63	Lc
75	64	-1
75	65	L
75	66	L
75	67	L
75	68	U
75	69	L
75	70	Lc
75	71	-1
75	72	-1
75	73	Lc
75	74	Lc
75	75	-1
75	76	Lc
75	77	Lc
75	78	Lc
75	79	Lc
75	80	-1
75	81	-1
75	82	Lc
75	83	Lc
75	84	Lc
75	85	-1
75	86	-1
75	87	-1
75	88	Lc
75	89	-1
75	90	Lc
75	91	Lc
75	92	Lp
75	93	L
75	94	Lc
75	95	Lc
75	96	L
75	97	Lc
75	98	L
75	99	-1
75	100	Lc
75	101	-1
75	102	Lc
75	103	-1
75	104	Lc
75	105	Lc
75	106	Lc
75	107	Lc
75	108	Lc
75	109	Lc
75	110	Lc
75	111	Lc
75	112	Lc
75	113	Lc
75	114	-1
75	115	Lc
75	116	Lc
75	117	Lc
75	118	Lc
75	119	Lc
76	0	Lc
76	1	-1
76	2	Lc
76	3	L
76	4	L
76	5	L
76	6	Lc
76	7	Lc
76	8	L
76	9	L
76	10	L
76	11	-1
76	12	U
76	13	L
76	14	Lcp
76	15	L
76	16	L
76	17	-1
76	18	L
76	19	L
76	20	Lc
76	21	L
76	22	Lc
76	23	Lc
76	24	L
76	25	Lc
76	26	Lp
76	27	-1
76	28	Lc
76	29	Lp
76	30	-1
76	31	Lp
76	32	Lp
76	33	Lp
76	34	Lp
76	35	-1
76	36	Lp
76	37	Lp
76	38	Lcp
76	39	-1
76	40	Lp
76	41	Lp
76	42	Lp
76	43	Lp
76	44	Lp
76	45	L
76	46	Lp
76	47	-1
76	48	Lp
76	49	Lc
76	50	Lc
76	51	Lc
76	52	Lc
76	53	Lcp
76	54	-1
76	55	Lc
76	56	Lp
76	57	Lc
76	58	Lc
76	59	Lc
76	60	Lc
76	61	-1
76	62	L
76	63	-1
76	64	L
76	65	L
76	66	L
76	67	-1
76	68	L
76	69	L
76	70	Lc
76	71	Lc
76	72	Lc
76	73	Uc
76	74	Uc
76	75	Lc
76	76	Lc
76	77	Lc
76	78	Lc
76	79	Lc
76	80	-1
76	81	Lc
76	82	Uc
76	83	Lc
76	84	Lc
76	85	Lp
76	86	Lp
76	87	Lp
76	88	Lp
76	89	Lc
76	90	-1
76	91	Lc
76	92	Lc
76	93	Lp
76	94	Lc
76	95	L
76	96	L
76	97	-1
76	98	Lc
76	99	Lc
76	100	Lc
76	101	Lc
76	102	-1
76	103	Lc
76	104	Lc
76	105	Lc
76	106	Lc
76	107	Lc
76	108	Lc
76	109	Lc
76	110	L
76	111	Lc
76	112	Lc
76	113	Lc
76	114	-1
76	115	-1
76	116	Lc
76	117	Lc
76	118	Lc
76	119	Uc
77	0	Lc
77	1	Lc
77	2	Lc
77	3	L
77	4	L
77	5	L
77	6	L
77	7	Lc
77	8	L
77	9	Lc
77	10	Lc
77	11	Lc
77	12	Lcp
77	13	Lcp
77	14	Lcp
77	15	L
77	16	-1
77	17	L
77	18	L
77	19	L
77	20	L
77	21	Lc
77	22	L
77	23	L
77	24	Lc
77	25	L
77	26	Lc
77	27	Lp
77	28	Lc
77	29	Lp
77	30	-1
77	31	Lp
77	32	Lp
77	33	-1
77	34	Lp
77	35	Lp
77	36	Lp
77	37	Lp
77	38	Lp
77	39	Lcp
77	40	Lp
77	41	Lp
77	42	Lp
77	43	Lp
77	44	-1
77	45	L
77	46	L
77	47	L
77	48	Lp
77	49	L
77	50	Lc
77	51	Lc
77	52	L
77	53	-1
77	54	Lcp
77	55	L
77	56	L
77	57	Lc
77	58	Lc
77	59	Lc
77	60	Lc
77	61	Lc
77	62	L
77	63	L
77	64	L
77	65	L
77	66	L
77	67	L
77	68	L
77	69	Lc
77	70	Lc
77	71	Lc
77	72	Lc
77	73	Uc
77	74	-1
77	75	-1
77	76	Lc
77	77	Lc
77	78	Lc
77	79	Lc
77	80	Lc
77	81	Uc
77	82	Lc
77	83	-1
77	84	Lc
77	85	Lp
77	86	Lp
77	87	Lp
77	88	Lp
77	89	Lp
77	90	-1
77	91	L
77	92	Lc
77	93	L
77	94	L
77	95	Lp
77	96	L
77	97	L
77	98	-1
77	99	Lc
77	100	Lc
77	101	Lc
77	102	Lc
77	103	Lc
77	104	Lc
77	105	Lc
77	106	Lc
77	107	Lc
77	108	Lc
77	109	Lc
77	110	Lc
77	111	-1
77	112	Lc
77	113	Lc
77	114	Lc
77	115	Lc
77	116	Lc
77	117	-1
77	118	-1
77	119	Lc
78	0	Lc
78	1	L
78	2	-1
78	3	L
78	4	L
78	5	Lc
78	6	Lc
78	7	Lc
78	8	L
78	9	Lc
78	10	Lc
78	11	U
78	12	U
78	13	Lcp
78	14	-1
78	15	L
78	16	L
78	17	L
78	18	L
78	19	L
78	20	L
78	21	L
78	22	L
78	23	-1
78	24	Lc
78	25	Lc
78	26	Lc
78	27	Lp
78	28	Lp
78	29	Lp
78	30	Lp
78	31	Lp
78	32	U
78	33	Lp
78	34	-1
78	35	Lp
78	36	Lcp
78	37	Lp
78	38	Lcp
78	39	Lcp
78	40	-1
78	41	L
78	42	L
78	43	L
78	44	Lp
78	45	-1
78	46	U
78	47	L
78	48	L
78	49	Lc
78	50	Lc
78	51	Lc
78	52	L
78	53	L
78	54	L
78	55	L
78	56	L
78	57	Lc
78	58	Lc
78	59	Lc
78	60	Lc
78	61	Lc
78	62	Lc
78	63	L
78	64	L
78	65	L
78	66	Lc
78	67	Lc
78	68	Lc
78	69	-1
78	70	Lc
78	71	Lc
78	72	Lc
78	73	Lc
78	74	Lc
78	75	Uc
78	76	Lc
78	77	Lc
78	78	Lc
78	79	Lc
78	80	-1
78	81	-1
78	82	-1
78	83	Lc
78	84	Lc
78	85	Lp
78	86	L
78	87	L
78	88	Lp
78	89	Lcp
78	90	L
78	91	L
78	92	Lc
78	93	L
78	94	Lc
78	95	L
78	96	L
78	97	Lc
78	98	-1
78	99	Lc
78	100	Lc
78	101	Lc
78	102	Lc
78	103	Lc
78	104	Lc
78	105	Lc
78	106	Lc
78	107	Lc
78	108	Lc
78	109	Lc
78	110	Lc
78	111	Lc
78	112	Lc
78	113	Lc
78	114	-1
78	115	Lc
78	116	Lc
78	117	Lc
78	118	Lc
78	119	Lc
79	0	-1
79	1	L
79	2	Lc
79	3	-1
79	4	L
79	5	Lc
79	6	Lc
79	7	L
79	8	-1
79	9	Lc
79	10	Lc
79	11	Lc
79	12	U
79	13	Lcp
79	14	L
79	15	L
79	16	Lc
79	17	Lc
79	18	Lc
79	19	L
79	20	-1
79	21	L
79	22	L
79	23	Lc
79	24	Lc
79	25	Lc
79	26	Lp
79	27	Lp
79	28	Lp
79	29	Lp
79	30	Lp
79	31	Lp
79	32	Lp
79	33	Lp
79	34	Lp
79	35	Lp
79	36	Lp
79	37	Lp
79	38	L
79	39	Lcp
79	40	Lc
79	41	U
79	42	L
79	43	Lp
79	44	L
79	45	-1
79	46	L
79	47	L
79	48	L
79	49	L
79	50	L
79	51	L
79	52	L
79	53	L
79	54	L
79	55	L
79	56	L
79	57	-1
79	58	L
79	59	Lc
79	60	Uc
79	61	Lc
79	62	L
79	63	L
79	64	-1
79	65	L
79	66	Lc
79	67	Uc
79	68	Lc
79	69	L
79	70	Lc
79	71	Lc
79	72	L
79	73	Uc
79	74	-1
79	75	Lc
79	76	-1
79	77	-1
79	78	Lc
79	79	Lc
79	80	Lc
79	81	Lc
79	82	Lc
79	83	Lc
79	84	Lp
79	85	Lc
79	86	Lcp
79	87	Lp
79	88	Lcp
79	89	Lp
79	90	L
79	91	Lc
79	92	L
79	93	Lc
79	94	Lc
79	95	Lc
79	96	L
79	97	L
79	98	Lc
79	99	Lc
79	100	Lc
79	101	Lc
79	102	Lc
79	103	Lc
79	104	-1
79	105	Lc
79	106	Lc
79	107	Lc
79	108	Uc
79	109	Lc
79	110	Lc
79	111	Lc
79	112	Lc
79	113	Lc
79	114	Lc
79	115	Lc
79	116	Lc
79	117	Lc
79	118	Lc
79	119	Lc
80	0	Lc
80	1	Uc
80	2	L
80	3	Lc
80	4	L
80	5	Lc
80	6	Lc
80	7	Lc
80	8	Lc
80	9	Lc
80	10	Lc
80	11	U
80	12	U
80	13	L
80	14	L
80	15	Lc
80	16	Lc
80	17	Lcp
80	18	L
80	19	L
80	20	-1
80	21	Lcp
80	22	L
80	23	-1
80	24	-1
80	25	Lc
80	26	Lc
80	27	Lp
80	28	Lcp
80	29	-1
80	30	Lp
80	31	Lp
80	32	Lc
80	33	Lp
80	34	Lp
80	35	-1
80	36	Lcp
80	37	-1
80	38	Lp
80	39	L
80	40	-1
80	41	L
80	42	L
80	43	-1
80	44	U
80	45	U
80	46	L
80	47	L
80	48	L
80	49	L
80	50	Lc
80	51	-1
80	52	Lc
80	53	Lc
80	54	L
80	55	L
80	56	-1
80	57	L
80	58	-1
80	59	Lc
80	60	Lc
80	61	L
80	62	L
80	63	L
80	64	L
80	65	L
80	66	Lc
80	67	Uc
80	68	Uc
80	69	-1
80	70	L
80	71	L
80	72	L
80	73	Uc
80	74	-1
80	75	Lc
80	76	Lc
80	77	Lc
80	78	-1
80	79	Lc
80	80	Lc
80	81	Lc
80	82	Lc
80	83	Lc
80	84	Lp
80	85	Lc
80	86	Lc
80	87	Lcp
80	88	Lp
80	89	Lcp
80	90	L
80	91	L
80	92	Lc
80	93	Lc
80	94	-1
80	95	Lc
80	96	Lc
80	97	-1
80	98	Lc
80	99	Lc
80	100	Lp
80	101	Lc
80	102	Lc
80	103	-1
80	104	Lc
80	105	-1
80	106	Lc
80	107	Lc
80	108	Lc
80	109	Lc
80	110	Lc
80	111	Lc
80	112	Lc
80	113	Lc
80	114	Lc
80	115	Lc
80	116	Lc
80	117	Lc
80	118	Lc
80	119	Lc
81	0	L
81	1	U
81	2	Lc
81	3	Lc
81	4	Lc
81	5	Lc
81	6	Lc
81	7	L
81	8	Lc
81	9	-1
81	10	Lc
81	11	Lc
81	12	U
81	13	L
81	14	Lc
81	15	Lc
81	16	Lc
81	17	Lcp
81	18	L
81	19	Lc
81	20	Lcp
81	21	Lcp
81	22	-1
81	23	Lc
81	24	-1
81	25	Lcp
81	26	Lcp
81	27	Lp
81	28	Lcp
81	29	Lcp
81	30	Lp
81	31	Lp
81	32	Lp
81	33	Lp
81	34	-1
81	35	-1
81	36	Lp
81	37	Lcp
81	38	L
81	39	Lp
81	40	Lp
81	41	Lp
81	42	L
81	43	Lp
81	44	Lp
81	45	U
81	46	L
81	47	L
81	48	U
81	49	-1
81	50	L
81	51	Lc
81	52	Lc
81	53	Lc
81	54	L
81	55	L
81	56	-1
81	57	L
81	58	L
81	59	Lc
81	60	L
81	61	Lc
81	62	Lc
81	63	L
81	64	L
81	65	L
81	66	L
81	67	L
81	68	Uc
81	69	Lc
81	70	Lc
81	71	L
81	72	-1
81	73	Uc
81	74	Lc
81	75	Lc
81	76	Lc
81	77	Lc
81	78	Lc
81	79	Lc
81	80	Lc
81	81	Lc
81	82	Lc
81	83	Lc
81	84	Lc
81	85	Lc
81	86	Lc
81	87	Lcp
81	88	-1
81	89	Lcp
81	90	Lc
81	91	L
81	92	Lc
81	93	Lc
81	94	Lc
81	95	Lc
81	96	-1
81	97	Lc
81	98	-1
81	99	Lc
81	100	Lp
81	101	Lp
81	102	Lp
81	103	Lp
81	104	Lc
81	105	Lc
81	106	Lc
81	107	Lc
81	108	Lc
81	109	-1
81	110	-1
81	111	Lc
81	112	Lc
81	113	Lc
81	114	Lc
81	115	Lc
81	116	-1
81	117	L
81	118	Lc
81	119	Lc
82	0	L
82	1	-1
82	2	U
82	3	Lc
82	4	Lc
82	5	Lc
82	6	L
82	7	Lc
82	8	L
82	9	Lc
82	10	Lc
82	11	Lc
82	12	L
82	13	Lc
82	14	Lc
82	15	Lc
82	16	Lc
82	17	Lcp
82	18	Lcp
82	19	Lcp
82	20	Lc
82	21	Lc
82	22	Lcp
82	23	Lc
82	24	Lc
82	25	-1
82	26	Lcp
82	27	Lcp
82	28	Lcp
82	29	Lp
82	30	Lp
82	31	Lp
82	32	Lp
82	33	Lp
82	34	Lc
82	35	Lc
82	36	-1
82	37	Lp
82	38	Lp
82	39	Lp
82	40	Lp
82	41	Lp
82	42	Lp
82	43	L
82	44	L
82	45	-1
82	46	U
82	47	U
82	48	-1
82	49	L
82	50	Lc
82	51	Lc
82	52	Lc
82	53	Lc
82	54	Lc
82	55	L
82	56	L
82	57	-1
82	58	Lc
82	59	Lc
82	60	Lc
82	61	-1
82	62	L
82	63	L
82	64	L
82	65	L
82	66	L
82	67	Lc
82	68	Lc
82	69	Uc
82	70	Uc
82	71	-1
82	72	Uc
82	73	Lc
82	74	Lc
82	75	Lc
82	76	Lc
82	77	Lc
82	78	Lc
82	79	Lc
82	80	Lc
82	81	Lc
82	82	Lc
82	83	Lc
82	84	Lc
82	85	Uc
82	86	Lcp
82	87	Lp
82	88	Lp
82	89	L
82	90	Lc
82	91	L
82	92	-1
82	93	Lc
82	94	Lcp
82	95	Lcp
82	96	-1
82	97	-1
82	98	Lc
82	99	Lc
82	100	Lc
82	101	Lp
82	102	-1
82	103	Lc
82	104	Lc
82	105	Lc
82	106	Lc
82	107	Lc
82	108	Lc
82	109	-1
82	110	Lc
82	111	Uc
82	112	Lc
82	113	Lc
82	114	Lc
82	115	Lc
82	116	Lc
82	117	L
82	118	L
82	119	Lc
83	0	L
83	1	U
83	2	Lc
83	3	L
83	4	-1
83	5	L
83	6	Lc
83	7	L
83	8	Lc
83	9	Lcp
83	10	Lc
83	11	-1
83	12	-1
83	13	Lc
83	14	Lc
83	15	Lc
83	16	Lc
83	17	Lc
83	18	Lcp
83	19	Lcp
83	20	Lc
83	21	Lc
83	22	Lc
83	23	Lc
83	24	-1
83	25	Lcp
83	26	Lcp
83	27	Lcp
83	28	Lcp
83	29	Lcp
83	30	Lp
83	31	Lp
83	32	Lp
83	33	Lp
83	34	Lc
83	35	Lp
83	36	Lp
83	37	Lp
83	38	Lp
83	39	Lp
83	40	Lp
83	41	-1
83	42	U
83	43	-1
83	44	U
83	45	L
83	46	U
83	47	U
83	48	L
83	49	-1
83	50	L
83	51	Lc
83	52	L
83	53	Lc
83	54	Lc
83	55	Lc
83	56	L
83	57	Lc
83	58	-1
83	59	Lc
83	60	Lc
83	61	Lc
83	62	Lc
83	63	L
83	64	Lc
83	65	L
83	66	L
83	67	L
83	68	L
83	69	Lc
83	70	Lc
83	71	Uc
83	72	Lc
83	73	Lc
83	74	-1
83	75	Lc
83	76	Lc
83	77	Lc
83	78	Lc
83	79	Lc
83	80	Lc
83	81	Lc
83	82	Lc
83	83	Lc
83	84	Lc
83	85	Lc
83	86	Lc
83	87	Lp
83	88	-1
83	89	Lp
83	90	Lp
83	91	Lp
83	92	Lc
83	93	Lc
83	94	Lcp
83	95	Lcp
83	96	Lcp
83	97	Lc
83	98	Lp
83	99	Lc
83	100	Lp
83	101	Lc
83	102	Lc
83	103	Lc
83	104	Lp
83	105	-1
83	106	Lp
83	107	Lc
83	108	Lc
83	109	Lc
83	110	Lc
83	111	Lc
83	112	-1
83	113	-1
83	114	-1
83	115	Lc
83	116	-1
83	117	Lc
83	118	Lc
83	119	Lc
84	0	Lc
84	1	L
84	2	L
84	3	Lc
84	4	L
84	5	-1
84	6	L
84	7	L
84	8	L
84	9	Lcp
84	10	Lcp
84	11	L
84	12	L
84	13	Lc
84	14	L
84	15	Lcp
84	16	Lcp
84	17	Lcp
84	18	Lcp
84	19	-1
84	20	Lcp
84	21	Lc
84	22	Lc
84	23	-1
84	24	Lcp
84	25	Lc
84	26	Lc
84	27	Lcp
84	28	Lcp
84	29	Lp
84	30	Lp
84	31	Lp
84	32	Lp
84	33	Lp
84	34	Lp
84	35	Lp
84	36	Lp
84	37	Lp
84	38	Lp
84	39	Lp
84	40	Lp
84	41	Lp
84	42	L
84	43	-1
84	44	U
84	45	L
84	46	L
84	47	L
84	48	U
84	49	L
84	50	Lc
84	51	-1
84	52	-1
84	53	Lc
84	54	L
84	55	Lc
84	56	Lc
84	57	L
84	58	L
84	59	-1
84	60	-1
84	61	Lc
84	62	Lc
84	63	Lc
84	64	Lc
84	65	Lc
84	66	Lc
84	67	Lc
84	68	Lc
84	69	-1
84	70	Uc
84	71	Lc
84	72	-1
84	73	Lc
84	74	Lc
84	75	Lc
84	76	Lc
84	77	-1
84	78	Lc
84	79	Lc
84	80	Lc
84	81	Lc
84	82	Lc
84	83	Lc
84	84	Lc
84	85	Lc
84	86	-1
84	87	Lp
84	88	Lp
84	89	Lp
84	90	Lp
84	91	Lp
84	92	Lp
84	93	Lp
84	94	-1
84	95	Lcp
84	96	Lp
84	97	-1
84	98	Lc
84	99	Lp
84	100	Lc
84	101	Lc
84	102	Lc
84	103	Lc
84	104	Lp
84	105	Lc
84	106	Lc
84	107	Lc
84	108	Lc
84	109	Lc
84	110	Lc
84	111	Lc
84	112	Lc
84	113	Lc
84	114	Lc
84	115	Lc
84	116	L
84	117	Lc
84	118	L
84	119	-1
85	0	L
85	1	-1
85	2	L
85	3	L
85	4	L
85	5	L
85	6	-1
85	7	L
85	8	L
85	9	Lcp
85	10	Lc
85	11	Lcp
85	12	L
85	13	L
85	14	L
85	15	Lcp
85	16	Lcp
85	17	Lcp
85	18	Lcp
85	19	Lcp
85	20	Lcp
85	21	Lcp
85	22	Lc
85	23	Lc
85	24	-1
85	25	Lc
85	26	Lcp
85	27	Lcp
85	28	Lcp
85	29	-1
85	30	Lcp
85	31	Lp
85	32	Lp
85	33	Lp
85	34	Lp
85	35	Lp
85	36	Lp
85	37	Lp
85	38	Lp
85	39	Lp
85	40	Lp
85	41	Lc
85	42	Lc
85	43	Lp
85	44	Lp
85	45	Lp
85	46	U
85	47	L
85	48	L
85	49	L
85	50	Lc
85	51	-1
85	52	Uc
85	53	Lc
85	54	L
85	55	Lp
85	56	Lp
85	57	-1
85	58	-1
85	59	-1
85	60	Lc
85	61	Lc
85	62	Lc
85	63	Lc
85	64	Lc
85	65	L
85	66	Lc
85	67	Lc
85	68	Lc
85	69	-1
85	70	Lc
85	71	Lc
85	72	Lc
85	73	Lc
85	74	Lcp
85	75	Lcp
85	76	Lc
85	77	Lc
85	78	Lc
85	79	Lc
85	80	Lc
85	81	Lc
85	82	Lc
85	83	-1
85	84	-1
85	85	Lc
85	86	Lc
85	87	Lcp
85	88	Lcp
85	89	-1
85	90	Lp
85	91	Lp
85	92	Lp
85	93	Lp
85	94	Lcp
85	95	Lcp
85	96	Lp
85	97	Lp
85	98	Lp
85	99	Lp
85	100	Lc
85	101	Lp
85	102	Lc
85	103	Lc
85	104	Lp
85	105	-1
85	106	Lc
85	107	Lc
85	108	-1
85	109	Lc
85	110	Lc
85	111	Lc
85	112	Lc
85	113	Lc
85	114	Lc
85	115	Lc
85	116	L
85	117	Lc
85	118	Lc
85	119	L
86	0	-1
86	1	L
86	2	L
86	3	L
86	4	L
86	5	Lc
86	6	Uc
86	7	L
86	8	L
86	9	-1
86	10	Lcp
86	11	Lcp
86	12	L
86	13	Lcp
86	14	Lc
86	15	Lcp
86	16	-1
86	17	L
86	18	-1
86	19	Lcp
86	20	Lcp
86	21	Lc
86	22	Lc
86	23	Lc
86	24	Lc
86	25	Lcp
86	26	Lcp
86	27	Lcp
86	28	Lcp
86	29	Lcp
86	30	Lp
86	31	-1
86	32	Lp
86	33	Lp
86	34	Lp
86	35	Lp
86	36	Lp
86	37	Lp
86	38	Lp
86	39	Lp
86	40	Lp
86	41	Lc
86	42	Lp
86	43	-1
86	44	Lp
86	45	Lp
86	46	Lp
86	47	Lp
86	48	L
86	49	L
86	50	L
86	51	Lc
86	52	Lc
86	53	-1
86	54	Lp
86	55	Lp
86	56	Lp
86	57	L
86	58	L
86	59	Lc
86	60	Lp
86	61	Lc
86	62	-1
86	63	Lc
86	64	Lc
86	65	Lc
86	66	Lc
86	67	Lc
86	68	Lc
86	69	Lc
86	70	Lc
86	71	L
86	72	Lc
86	73	Lc
86	74	Lcp
86	75	-1
86	76	Lc
86	77	Lc
86	78	Lc
86	79	Lc
86	80	-1
86	81	Lcp
86	82	Lp
86	83	Lp
86	84	Lp
86	85	Lc
86	86	Lc
86	87	Lcp
86	88	Lcp
86	89	Lcp
86	90	Lp
86	91	-1
86	92	Lc
86	93	Lcp
86	94	Lp
86	95	Lp
86	96	Lp
86	97	Lp
86	98	Lp
86	99	Lc
86	100	Lp
86	101	Lp
86	102	Lp
86	103	Lp
86	104	-1
86	105	Lc
86	106	Lc
86	107	Lc
86	108	Lc
86	109	Lc
86	110	Lc
86	111	Lc
86	112	Lc
86	113	Lc
86	114	Lc
86	115	Lc
86	116	Lc
86	117	L
86	118	Lc
86	119	L
87	0	Lc
87	1	Lc
87	2	L
87	3	L
87	4	L
87	5	L
87	6	Lc
87	7	L
87	8	L
87	9	Lc
87	10	Lcp
87	11	L
87	12	Lc
87	13	Lc
87	14	Lcp
87	15	Lc
87	16	L
87	17	L
87	18	Lcp
87	19	Lcp
87	20	-1
87	21	Lcp
87	22	Lc
87	23	Lcp
87	24	Lc
87	25	-1
87	26	Lcp
87	27	Lcp
87	28	Lcp
87	29	Lp
87	30	Lp
87	31	Lp
87	32	Lp
87	33	Lc
87	34	Lp
87	35	-1
87	36	Lp
87	37	Lp
87	38	-1
87	39	Lp
87	40	Lc
87	41	Lc
87	42	Lc
87	43	Lp
87	44	Lp
87	45	Lp
87	46	Lp
87	47	L
87	48	L
87	49	L
87	50	L
87	51	L
87	52	Lc
87	53	-1
87	54	Uc
87	55	L
87	56	L
87	57	Lp
87	58	-1
87	59	Lp
87	60	Lp
87	61	-1
87	62	-1
87	63	Lc
87	64	Lc
87	65	L
87	66	Lc
87	67	Lc
87	68	Lc
87	69	Lc
87	70	L
87	71	Lc
87	72	Lc
87	73	Lc
87	74	-1
87	75	Lc
87	76	-1
87	77	Lcp
87	78	Lc
87	79	Lc
87	80	Lc
87	81	Lp
87	82	Lp
87	83	Lp
87	84	Lp
87	85	Lp
87	86	Lp
87	87	Lp
87	88	Lcp
87	89	Lcp
87	90	Lcp
87	91	Lcp
87	92	Lcp
87	93	Lc
87	94	Lc
87	95	Lp
87	96	Lp
87	97	Lp
87	98	Lc
87	99	Uc
87	100	Lc
87	101	Lp
87	102	Uc
87	103	Lc
87	104	Lp
87	105	Lc
87	106	Lc
87	107	-1
87	108	Lc
87	109	Lc
87	110	-1
87	111	Lc
87	112	Lc
87	113	L
87	114	L
87	115	Lc
87	116	Lc
87	117	Lc
87	118	Lc
87	119	L
88	0	-1
88	1	Lc
88	2	L
88	3	L
88	4	L
88	5	L
88	6	L
88	7	L
88	8	L
88	9	L
88	10	L
88	11	Uc
88	12	Lc
88	13	Lc
88	14	Lc
88	15	-1
88	16	Lcp
88	17	Lcp
88	18	Lcp
88	19	Lc
88	20	Lcp
88	21	Lc
88	22	Lcp
88	23	Lc
88	24	Lcp
88	25	-1
88	26	-1
88	27	Lcp
88	28	Lcp
88	29	Lp
88	30	Lp
88	31	Lc
88	32	Lc
88	33	Lc
88	34	Lc
88	35	Lp
88	36	-1
88	37	Lp
88	38	Lp
88	39	-1
88	40	Lp
88	41	-1
88	42	Lc
88	43	Lp
88	44	Lp
88	45	Lp
88	46	Lc
88	47	L
88	48	-1
88	49	L
88	50	-1
88	51	Lc
88	52	L
88	53	Uc
88	54	L
88	55	L
88	56	L
88	57	L
88	58	Lp
88	59	Lp
88	60	Lp
88	61	Lc
88	62	L
88	63	-1
88	64	Lc
88	65	L
88	66	L
88	67	Lp
88	68	Lp
88	69	Lc
88	70	Lc
88	71	Lc
88	72	L
88	73	Lc
88	74	Lc
88	75	Lc
88	76	Lc
88	77	Lc
88	78	Lc
88	79	Lc
88	80	-1
88	81	Lc
88	82	Lc
88	83	Lcp
88	84	Lp
88	85	Lp
88	86	L
88	87	Lcp
88	88	Lcp
88	89	Lcp
88	90	Lp
88	91	Lcp
88	92	Lcp
88	93	Lc
88	94	Lc
88	95	Lp
88	96	Lc
88	97	Lc
88	98	Lp
88	99	Uc
88	100	Uc
88	101	Uc
88	102	Lc
88	103	Lc
88	104	-1
88	105	Lc
88	106	Lc
88	107	Lc
88	108	Lc
88	109	Lc
88	110	-1
88	111	Lc
88	112	Lc
88	113	L
88	114	L
88	115	Lc
88	116	L
88	117	U
88	118	L
88	119	L
89	0	-1
89	1	-1
89	2	L
89	3	L
89	4	L
89	5	L
89	6	L
89	7	L
89	8	L
89	9	L
89	10	L
89	11	Uc
89	12	Uc
89	13	-1
89	14	Lcp
89	15	Lcp
89	16	Lc
89	17	-1
89	18	Lc
89	19	Lcp
89	20	Lc
89	21	Lc
89	22	Lc
89	23	Lcp
89	24	Lc
89	25	Lcp
89	26	Lcp
89	27	Lcp
89	28	U
89	29	U
89	30	Lc
89	31	Lc
89	32	-1
89	33	Lc
89	34	Lc
89	35	Lc
89	36	Lc
89	37	Lc
89	38	Lc
89	39	Lp
89	40	-1
89	41	-1
89	42	Lc
89	43	Lc
89	44	Lp
89	45	L
89	46	L
89	47	Lc
89	48	L
89	49	L
89	50	L
89	51	L
89	52	L
89	53	L
89	54	L
89	55	L
89	56	L
89	57	L
89	58	L
89	59	Lp
89	60	Lp
89	61	Lp
89	62	-1
89	63	Lp
89	64	Lc
89	65	-1
89	66	Lc
89	67	Lp
89	68	Lp
89	69	Lc
89	70	Lc
89	71	Lc
89	72	L
89	73	Lc
89	74	-1
89	75	Lc
89	76	Uc
89	77	Lc
89	78	Lc
89	79	Lc
89	80	Lc
89	81	Lc
89	82	Lcp
89	83	Lcp
89	84	L
89	85	Lp
89	86	Lp
89	87	-1
89	88	-1
89	89	L
89	90	Lcp
89	91	Lcp
89	92	Lc
89	93	Lp
89	94	Lcp
89	95	Lp
89	96	Lc
89	97	Lp
89	98	Uc
89	99	Lp
89	100	Uc
89	101	Uc
89	102	Lc
89	103	Lc
89	104	Lc
89	105	Lc
89	106	Lc
89	107	-1
89	108	Lc
89	109	Lc
89	110	Lc
89	111	Lc
89	112	Lc
89	113	Lc
89	114	L
89	115	L
89	116	Lc
89	117	U
89	118	L
89	119	-1
90	0	-1
90	1	L
90	2	Uc
90	3	L
90	4	-1
90	5	L
90	6	L
90	7	L
90	8	L
90	9	-1
90	10	-1
90	11	Lc
90	12	Uc
90	13	Lcp
90	14	Lcp
90	15	Lc
90	16	-1
90	17	Lcp
90	18	Lc
90	19	Lc
90	20	Uc
90	21	Uc
90	22	Lc
90	23	Lc
90	24	Lcp
90	25	Lcp
90	26	Lcp
90	27	Lc
90	28	Lcp
90	29	-1
90	30	Lc
90	31	-1
90	32	Lc
90	33	Lc
90	34	Lc
90	35	Lc
90	36	Lc
90	37	Lc
90	38	Lc
90	39	Lc
90	40	Lcp
90	41	Lc
90	42	Lc
90	43	Lc
90	44	Lp
90	45	Lp
90	46	Lp
90	47	L
90	48	L
90	49	L
90	50	L
90	51	L
90	52	L
90	53	L
90	54	-1
90	55	L
90	56	L
90	57	Lc
90	58	L
90	59	Lp
90	60	Lp
90	61	Lp
90	62	Lp
90	63	Lc
90	64	Lp
90	65	Lp
90	66	Lc
90	67	Lc
90	68	Lc
90	69	Lc
90	70	L
90	71	-1
90	72	L
90	73	Lc
90	74	Lc
90	75	Lc
90	76	Lc
90	77	Lc
90	78	Lc
90	79	-1
90	80	Lc
90	81	Lc
90	82	-1
90	83	Lc
90	84	-1
90	85	-1
90	86	L
90	87	L
90	88	L
90	89	L
90	90	-1
90	91	L
90	92	Lc
90	93	L
90	94	Lp
90	95	-1
90	96	-1
90	97	Lp
90	98	Lp
90	99	Uc
90	100	Uc
90	101	Uc
90	102	Lc
90	103	Lc
90	104	Lc
90	105	Lc
90	106	Lc
90	107	Lc
90	108	L
90	109	L
90	110	L
90	111	Lc
90	112	Lc
90	113	Lc
90	114	Lc
90	115	Lc
90	116	L
90	117	L
90	118	-1
90	119	-1
91	0	Lc
91	1	L
91	2	Lc
91	3	Lc
91	4	L
91	5	L
91	6	L
91	7	L
91	8	L
91	9	-1
91	10	Lc
91	11	Lc
91	12	Lcp
91	13	Lc
91	14	Lc
91	15	Lc
91	16	Lc
91	17	Lc
91	18	Uc
91	19	Uc
91	20	Lc
91	21	Lc
91	22	Uc
91	23	Lcp
91	24	Lcp
91	25	Lcp
91	26	Lcp
91	27	Lcp
91	28	Lcp
91	29	Lcp
91	30	Lc
91	31	Lc
91	32	Lc
91	33	Lc
91	34	-1
91	35	Lc
91	36	Lc
91	37	Uc
91	38	Lcp
91	39	Lc
91	40	Lc
91	41	Lc
91	42	Lc
91	43	Lc
91	44	Lc
91	45	Lp
91	46	Lp
91	47	Lp
91	48	L
91	49	L
91	50	Uc
91	51	L
91	52	L
91	53	L
91	54	L
91	55	L
91	56	L
91	57	Lc
91	58	-1
91	59	Lc
91	60	Lp
91	61	Lp
91	62	Lp
91	63	-1
91	64	Lp
91	65	Lp
91	66	Lp
91	67	Lc
91	68	Lc
91	69	L
91	70	L
91	71	L
91	72	L
91	73	Lc
91	74	Lc
91	75	-1
91	76	Lc
91	77	Lc
91	78	Lc
91	79	Lc
91	80	Lc
91	81	Lcp
91	82	-1
91	83	Lc
91	84	Lc
91	85	L
91	86	L
91	87	L
91	88	Lp
91	89	Lp
91	90	L
91	91	Lc
91	92	L
91	93	L
91	94	L
91	95	Lp
91	96	Lp
91	97	Lp
91	98	Uc
91	99	Lp
91	100	Uc
91	101	Lc
91	102	Lc
91	103	Lc
91	104	Lc
91	105	-1
91	106	Lc
91	107	Lc
91	108	L
91	109	L
91	110	L
91	111	Lc
91	112	Lc
91	113	Lc
91	114	-1
91	115	Lc
91	116	Lc
91	117	Lc
91	118	-1
91	119	Lc
92	0	Lcp
92	1	Lcp
92	2	L
92	3	-1
92	4	Lc
92	5	Lc
92	6	L
92	7	L
92	8	Lc
92	9	Lc
92	10	Lc
92	11	Lc
92	12	Lc
92	13	Lc
92	14	Lc
92	15	Lc
92	16	Lc
92	17	Lc
92	18	Lc
92	19	Lc
92	20	Lc
92	21	Uc
92	22	Lcp
92	23	Lc
92	24	Uc
92	25	Lc
92	26	-1
92	27	Lcp
92	28	Lcp
92	29	Lcp
92	30	Lcp
92	31	-1
92	32	Lc
92	33	Lc
92	34	Lc
92	35	Lc
92	36	Lc
92	37	Lc
92	38	Uc
92	39	Lcp
92	40	Lcp
92	41	Lc
92	42	Lc
92	43	Lc
92	44	Lc
92	45	Lc
92	46	Lc
92	47	Lc
92	48	Lp
92	49	Uc
92	50	Uc
92	51	Uc
92	52	L
92	53	L
92	54	Lc
92	55	Lc
92	56	L
92	57	Lc
92	58	Lc
92	59	Lp
92	60	Lp
92	61	Lp
92	62	Lp
92	63	Lp
92	64	Lp
92	65	Lp
92	66	U
92	67	Lc
92	68	L
92	69	-1
92	70	L
92	71	Lc
92	72	Lc
92	73	L
92	74	Lc
92	75	Lc
92	76	Lc
92	77	Lc
92	78	Lp
92	79	Lc
92	80	Lc
92	81	Lc
92	82	Lc
92	83	Lcp
92	84	-1
92	85	L
92	86	L
92	87	L
92	88	Lp
92	89	Lp
92	90	Lp
92	91	Lc
92	92	L
92	93	L
92	94	L
92	95	Lp
92	96	Lp
92	97	Lcp
92	98	Lp
92	99	L
92	100	L
92	101	Lp
92	102	Lc
92	103	Lc
92	104	Lc
92	105	Lc
92	106	L
92	107	Lc
92	108	Lc
92	109	L
92	110	-1
92	111	L
92	112	Lc
92	113	Lc
92	114	Lc
92	115	Lc
92	116	Lc
92	117	Lc
92	118	Lc
92	119	Lc
93	0	Lcp
93	1	L
93	2	Lc
93	3	Lc
93	4	-1
93	5	Lc
93	6	Lc
93	7	Lc
93	8	Lc
93	9	Lc
93	10	Lc
93	11	Lc
93	12	Lc
93	13	Lc
93	14	Lc
93	15	Lc
93	16	-1
93	17	Lc
93	18	Lc
93	19	Uc
93	20	Uc
93	21	Lc
93	22	Lc
93	23	Lcp
93	24	Uc
93	25	Lcp
93	26	Lc
93	27	Lc
93	28	Lcp
93	29	Lcp
93	30	Lcp
93	31	Lcp
93	32	Lc
93	33	Lc
93	34	Lc
93	35	Lc
93	36	Lc
93	37	Lc
93	38	Lcp
93	39	Lc
93	40	Lc
93	41	Lc
93	42	Lc
93	43	Lc
93	44	Lc
93	45	Lc
93	46	Lc
93	47	Lc
93	48	L
93	49	U
93	50	Uc
93	51	Uc
93	52	L
93	53	L
93	54	-1
93	55	L
93	56	Lc
93	57	L
93	58	L
93	59	L
93	60	Lp
93	61	-1
93	62	Lp
93	63	Lp
93	64	Lc
93	65	Lc
93	66	-1
93	67	Lc
93	68	L
93	69	L
93	70	L
93	71	Lc
93	72	Lc
93	73	L
93	74	Lc
93	75	Lc
93	76	Lc
93	77	-1
93	78	Lc
93	79	-1
93	80	Lc
93	81	Lc
93	82	Lc
93	83	Lp
93	84	Lp
93	85	Lp
93	86	-1
93	87	L
93	88	L
93	89	Lp
93	90	L
93	91	L
93	92	Lcp
93	93	L
93	94	L
93	95	L
93	96	-1
93	97	-1
93	98	Lp
93	99	-1
93	100	Lp
93	101	Lp
93	102	Lc
93	103	Lc
93	104	Lc
93	105	Lc
93	106	Lc
93	107	-1
93	108	-1
93	109	L
93	110	L
93	111	-1
93	112	Lc
93	113	Lc
93	114	Lc
93	115	Lc
93	116	Lc
93	117	Lc
93	118	Lc
93	119	Lc
94	0	Lc
94	1	L
94	2	Lc
94	3	Lc
94	4	Lc
94	5	-1
94	6	Lc
94	7	Lc
94	8	Lc
94	9	Lc
94	10	Lc
94	11	Lc
94	12	Lcp
94	13	Lc
94	14	Lc
94	15	Lc
94	16	Lc
94	17	Lc
94	18	Lc
94	19	Lc
94	20	Uc
94	21	Lc
94	22	Lcp
94	23	-1
94	24	-1
94	25	Lcp
94	26	-1
94	27	Lcp
94	28	Lcp
94	29	Lcp
94	30	-1
94	31	Lcp
94	32	Lcp
94	33	Lc
94	34	Lc
94	35	Lcp
94	36	-1
94	37	Lcp
94	38	Lcp
94	39	-1
94	40	Lcp
94	41	Lc
94	42	-1
94	43	Lc
94	44	Lc
94	45	Lc
94	46	Lc
94	47	Lc
94	48	Lc
94	49	Uc
94	50	Uc
94	51	L
94	52	Lp
94	53	L
94	54	U
94	55	U
94	56	U
94	57	-1
94	58	L
94	59	Lp
94	60	L
94	61	Lp
94	62	Lp
94	63	Lc
94	64	Lc
94	65	Lc
94	66	Lc
94	67	L
94	68	U
94	69	Lp
94	70	L
94	71	L
94	72	Lc
94	73	Lc
94	74	L
94	75	Lc
94	76	-1
94	77	Lc
94	78	Lc
94	79	-1
94	80	Lc
94	81	Lc
94	82	Lc
94	83	Lc
94	84	Lcp
94	85	L
94	86	L
94	87	Lp
94	88	L
94	89	L
94	90	L
94	91	L
94	92	Lcp
94	93	Lcp
94	94	L
94	95	Lp
94	96	Lp
94	97	-1
94	98	Lp
94	99	Lp
94	100	Lp
94	101	-1
94	102	Lc
94	103	Lc
94	104	Lc
94	105	Lc
94	106	L
94	107	Lc
94	108	L
94	109	L
94	110	L
94	111	L
94	112	L
94	113	L
94	114	Lc
94	115	Lc
94	116	Lc
94	117	L
94	118	Lc
94	119	-1
95	0	Lc
95	1	L
95	2	L
95	3	L
95	4	Lc
95	5	-1
95	6	Lc
95	7	Lc
95	8	L
95	9	Lc
95	10	-1
95	11	Lc
95	12	Lcp
95	13	Lc
95	14	-1
95	15	Lc
95	16	Lc
95	17	Lc
95	18	Lc
95	19	Lc
95	20	Lc
95	21	Lc
95	22	-1
95	23	Lc
95	24	Lc
95	25	-1
95	26	Uc
95	27	Lcp
95	28	Lcp
95	29	Lcp
95	30	Lcp
95	31	Lcp
95	32	Lcp
95	33	Lc
95	34	Lc
95	35	Lc
95	36	Lcp
95	37	-1
95	38	-1
95	39	Lcp
95	40	Lc
95	41	-1
95	42	Uc
95	43	Lc
95	44	Lc
95	45	Uc
95	46	Lc
95	47	Lc
95	48	Lc
95	49	L
95	50	Uc
95	51	Uc
95	52	-1
95	53	Lc
95	54	L
95	55	L
95	56	L
95	57	L
95	58	L
95	59	L
95	60	Lp
95	61	Lp
95	62	Lp
95	63	Lp
95	64	Lc
95	65	Lc
95	66	Lc
95	67	Lc
95	68	Lc
95	69	-1
95	70	-1
95	71	Lc
95	72	Lc
95	73	-1
95	74	Lc
95	75	Lc
95	76	-1
95	77	Lc
95	78	Lc
95	79	Lc
95	80	-1
95	81	Lc
95	82	Lc
95	83	Lp
95	84	Lp
95	85	L
95	86	L
95	87	L
95	88	L
95	89	L
95	90	Lcp
95	91	L
95	92	L
95	93	Lcp
95	94	Lcp
95	95	Lp
95	96	Lp
95	97	Lp
95	98	Lp
95	99	Lc
95	100	-1
95	101	Lc
95	102	Lc
95	103	Lc
95	104	Lc
95	105	Lc
95	106	Lc
95	107	Lc
95	108	L
95	109	L
95	110	L
95	111	L
95	112	L
95	113	L
95	114	Lc
95	115	Lc
95	116	L
95	117	Lc
95	118	Lcp
95	119	L
96	0	Lcp
96	1	Lcp
96	2	Lcp
96	3	Lc
96	4	Lc
96	5	Lc
96	6	Lc
96	7	Lc
96	8	L
96	9	Lc
96	10	Lc
96	11	Lc
96	12	Lc
96	13	Lcp
96	14	Lcp
96	15	Lc
96	16	Lcp
96	17	U
96	18	Lc
96	19	Lc
96	20	Lc
96	21	Lc
96	22	Lc
96	23	Lc
96	24	Lc
96	25	Lc
96	26	Lc
96	27	Lcp
96	28	Lcp
96	29	Lcp
96	30	Lcp
96	31	Lcp
96	32	-1
96	33	-1
96	34	Lc
96	35	Lcp
96	36	Lcp
96	37	Lcp
96	38	Lc
96	39	Lc
96	40	Lcp
96	41	Lcp
96	42	Lc
96	43	Lc
96	44	Lc
96	45	Uc
96	46	Lc
96	47	Lc
96	48	Lc
96	49	Lc
96	50	Uc
96	51	Uc
96	52	Lc
96	53	L
96	54	L
96	55	L
96	56	L
96	57	L
96	58	L
96	59	L
96	60	L
96	61	-1
96	62	Lp
96	63	Lp
96	64	-1
96	65	Lc
96	66	Lc
96	67	Lc
96	68	L
96	69	L
96	70	Lc
96	71	Lc
96	72	Lc
96	73	Lc
96	74	Lc
96	75	Lc
96	76	Lc
96	77	-1
96	78	Lc
96	79	Lc
96	80	-1
96	81	-1
96	82	Lc
96	83	Lp
96	84	Lp
96	85	Lp
96	86	Lp
96	87	Lc
96	88	Lc
96	89	L
96	90	L
96	91	L
96	92	Lcp
96	93	Lcp
96	94	Lcp
96	95	Lp
96	96	Lp
96	97	Lp
96	98	Lp
96	99	Lp
96	100	Lc
96	101	Lc
96	102	Lc
96	103	Lc
96	104	Lc
96	105	Lc
96	106	Lc
96	107	Lc
96	108	L
96	109	L
96	110	L
96	111	L
96	112	L
96	113	L
96	114	L
96	115	Lc
96	116	Lc
96	117	Lc
96	118	Lc
96	119	Lcp
97	0	Lcp
97	1	-1
97	2	Lcp
97	3	L
97	4	Lc
97	5	-1
97	6	Lc
97	7	Lc
97	8	Lc
97	9	Lc
97	10	Lc
97	11	-1
97	12	Lc
97	13	Lc
97	14	Lc
97	15	Lc
97	16	U
97	17	-1
97	18	Lc
97	19	Lc
97	20	Lc
97	21	Lc
97	22	Lc
97	23	Lc
97	24	Lc
97	25	Lc
97	26	Lc
97	27	Lcp
97	28	Lcp
97	29	Lcp
97	30	Lcp
97	31	Lc
97	32	Lc
97	33	Lcp
97	34	Lcp
97	35	-1
97	36	Lcp
97	37	Lcp
97	38	Lcp
97	39	Lcp
97	40	Lcp
97	41	Lcp
97	42	Lc
97	43	Lc
97	44	-1
97	45	Lc
97	46	Uc
97	47	Lc
97	48	Lp
97	49	-1
97	50	Lc
97	51	Lc
97	52	Lc
97	53	L
97	54	L
97	55	L
97	56	U
97	57	Lp
97	58	L
97	59	L
97	60	Lp
97	61	Lp
97	62	-1
97	63	L
97	64	L
97	65	U
97	66	Lc
97	67	L
97	68	L
97	69	L
97	70	L
97	71	Lc
97	72	Lc
97	73	Lc
97	74	Lc
97	75	L
97	76	L
97	77	Lc
97	78	-1
97	79	Lc
97	80	Lc
97	81	-1
97	82	Lc
97	83	Lc
97	84	Lp
97	85	Lp
97	86	L
97	87	Lp
97	88	-1
97	89	Lc
97	90	Lc
97	91	Lcp
97	92	Lcp
97	93	Lcp
97	94	Lcp
97	95	-1
97	96	Lcp
97	97	Lp
97	98	-1
97	99	Lp
97	100	Lc
97	101	Lc
97	102	Lc
97	103	Lc
97	104	Lc
97	105	Lc
97	106	Lc
97	107	L
97	108	L
97	109	Lc
97	110	Lc
97	111	Lc
97	112	L
97	113	L
97	114	L
97	115	-1
97	116	L
97	117	L
97	118	Lc
97	119	L
98	0	Lcp
98	1	Lc
98	2	Lc
98	3	Lc
98	4	Lc
98	5	Lc
98	6	Lc
98	7	Lc
98	8	-1
98	9	Lc
98	10	Lc
98	11	Lc
98	12	Lc
98	13	Lc
98	14	L
98	15	-1
98	16	-1
98	17	L
98	18	Lc
98	19	Lc
98	20	Lc
98	21	Lc
98	22	Lc
98	23	Lc
98	24	Lc
98	25	Lcp
98	26	Lcp
98	27	Lcp
98	28	Lcp
98	29	Lcp
98	30	Lc
98	31	-1
98	32	Lc
98	33	Lcp
98	34	Lc
98	35	Lcp
98	36	Lcp
98	37	Lcp
98	38	-1
98	39	-1
98	40	Lcp
98	41	Lcp
98	42	Lc
98	43	Lc
98	44	Lc
98	45	Lc
98	46	Uc
98	47	Lp
98	48	Lp
98	49	Lc
98	50	Lc
98	51	Lc
98	52	Lc
98	53	L
98	54	L
98	55	-1
98	56	Lp
98	57	-1
98	58	Lp
98	59	Lp
98	60	L
98	61	L
98	62	Lp
98	63	L
98	64	L
98	65	Lc
98	66	L
98	67	L
98	68	L
98	69	L
98	70	Lc
98	71	Lc
98	72	Lc
98	73	Lc
98	74	Lc
98	75	L
98	76	L
98	77	Lc
98	78	Lc
98	79	Lc
98	80	Lc
98	81	Lc
98	82	Lp
98	83	Lc
98	84	Lc
98	85	-1
98	86	Lp
98	87	Lc
98	88	Lp
98	89	Lcp
98	90	Lcp
98	91	Lcp
98	92	Lcp
98	93	Lcp
98	94	Uc
98	95	-1
98	96	L
98	97	Lc
98	98	Lp
98	99	U
98	100	Lc
98	101	Lc
98	102	Lc
98	103	Lc
98	104	Lc
98	105	Lc
98	106	Lc
98	107	L
98	108	Lc
98	109	Lc
98	110	Lc
98	111	Lc
98	112	Lc
98	113	Lc
98	114	L
98	115	L
98	116	Lc
98	117	L
98	118	L
98	119	L
99	0	Lcp
99	1	Lcp
99	2	Lc
99	3	L
99	4	L
99	5	L
99	6	Lc
99	7	Lc
99	8	-1
99	9	Lc
99	10	-1
99	11	Lc
99	12	Lc
99	13	Lc
99	14	-1
99	15	Lc
99	16	L
99	17	Lc
99	18	-1
99	19	Lc
99	20	Lc
99	21	Lc
99	22	Lc
99	23	Lc
99	24	Lc
99	25	-1
99	26	Lcp
99	27	Lcp
99	28	-1
99	29	Lc
99	30	Lc
99	31	-1
99	32	Lc
99	33	Lc
99	34	-1
99	35	-1
99	36	Lc
99	37	Lcp
99	38	Lc
99	39	Lc
99	40	Lc
99	41	Lc
99	42	Lcp
99	43	Lc
99	44	Lc
99	45	Lc
99	46	Lp
99	47	Lp
99	48	Lp
99	49	Lc
99	50	Lp
99	51	-1
99	52	L
99	53	-1
99	54	L
99	55	-1
99	56	Lp
99	57	U
99	58	Lp
99	59	Lp
99	60	L
99	61	L
99	62	L
99	63	Lp
99	64	Uc
99	65	L
99	66	L
99	67	L
99	68	L
99	69	L
99	70	L
99	71	L
99	72	Lc
99	73	Lc
99	74	L
99	75	L
99	76	Lc
99	77	Lc
99	78	-1
99	79	Lc
99	80	Lc
99	81	Lc
99	82	Lc
99	83	-1
99	84	Lc
99	85	Uc
99	86	L
99	87	Lc
99	88	L
99	89	L
99	90	L
99	91	L
99	92	Lcp
99	93	Lc
99	94	L
99	95	L
99	96	Lc
99	97	Lc
99	98	U
99	99	U
99	100	U
99	101	Lc
99	102	L
99	103	Lc
99	104	Lc
99	105	Lc
99	106	Lc
99	107	Lc
99	108	L
99	109	Lc
99	110	Lc
99	111	Lc
99	112	Lc
99	113	L
99	114	L
99	115	Lc
99	116	Lc
99	117	-1
99	118	L
99	119	L
100	0	Lcp
100	1	Lc
100	2	Lc
100	3	Lc
100	4	Lc
100	5	-1
100	6	Lc
100	7	-1
100	8	Lc
100	9	Lc
100	10	Lc
100	11	Lc
100	12	Lc
100	13	Lc
100	14	Lc
100	15	Lc
100	16	L
100	17	Lc
100	18	Lc
100	19	L
100	20	L
100	21	L
100	22	L
100	23	Lc
100	24	Lc
100	25	Lc
100	26	Lc
100	27	Lcp
100	28	Lc
100	29	Lc
100	30	Lc
100	31	Lc
100	32	Lc
100	33	Lc
100	34	Lc
100	35	Lc
100	36	-1
100	37	Lcp
100	38	Lcp
100	39	Lc
100	40	Lc
100	41	Lcp
100	42	Lc
100	43	Lc
100	44	Lc
100	45	Lc
100	46	Lp
100	47	-1
100	48	Lp
100	49	Lp
100	50	Lp
100	51	Lp
100	52	L
100	53	L
100	54	Lp
100	55	Lc
100	56	L
100	57	Lp
100	58	U
100	59	Lc
100	60	Lp
100	61	L
100	62	L
100	63	L
100	64	Uc
100	65	L
100	66	-1
100	67	L
100	68	Lc
100	69	-1
100	70	-1
100	71	Lc
100	72	Lc
100	73	L
100	74	Lc
100	75	Lc
100	76	Lc
100	77	Lc
100	78	L
100	79	L
100	80	L
100	81	Lc
100	82	Lp
100	83	-1
100	84	L
100	85	Uc
100	86	Uc
100	87	L
100	88	L
100	89	L
100	90	-1
100	91	L
100	92	Lcp
100	93	U
100	94	Lc
100	95	Lc
100	96	L
100	97	-1
100	98	U
100	99	U
100	100	Lc
100	101	Lc
100	102	Lc
100	103	L
100	104	Lc
100	105	Lc
100	106	Lc
100	107	Lc
100	108	Lc
100	109	Lc
100	110	L
100	111	L
100	112	L
100	113	L
100	114	-1
100	115	L
100	116	Lc
100	117	Lc
100	118	Lc
100	119	Lcp
101	0	Lc
101	1	Lc
101	2	Lc
101	3	Lc
101	4	Lcp
101	5	Lc
101	6	Lc
101	7	Lc
101	8	Lc
101	9	Lc
101	10	Lc
101	11	Lc
101	12	Lc
101	13	-1
101	14	Lc
101	15	Lc
101	16	Lc
101	17	Lc
101	18	L
101	19	L
101	20	L
101	21	Lc
101	22	L
101	23	Lc
101	24	Uc
101	25	Lc
101	26	Lc
101	27	Lc
101	28	Lc
101	29	-1
101	30	Lc
101	31	Lc
101	32	Lc
101	33	Lc
101	34	Lcp
101	35	Lc
101	36	Lcp
101	37	Lcp
101	38	Lc
101	39	Lc
101	40	Lcp
101	41	Lcp
101	42	Lp
101	43	Lc
101	44	Uc
101	45	Lc
101	46	-1
101	47	Lc
101	48	Lp
101	49	Lp
101	50	Lp
101	51	-1
101	52	L
101	53	Lp
101	54	U
101	55	U
101	56	U
101	57	Lp
101	58	Lp
101	59	Lp
101	60	Lp
101	61	Lp
101	62	L
101	63	L
101	64	L
101	65	L
101	66	L
101	67	Uc
101	68	L
101	69	Lc
101	70	Lc
101	71	Lc
101	72	Lc
101	73	Lc
101	74	Lp
101	75	Lc
101	76	Lp
101	77	Lp
101	78	Lc
101	79	-1
101	80	L
101	81	Uc
101	82	Uc
101	83	Uc
101	84	L
101	85	-1
101	86	L
101	87	Uc
101	88	L
101	89	L
101	90	L
101	91	L
101	92	L
101	93	L
101	94	Lc
101	95	L
101	96	L
101	97	Lc
101	98	U
101	99	U
101	100	-1
101	101	Lc
101	102	L
101	103	L
101	104	Lc
101	105	Lc
101	106	-1
101	107	Lc
101	108	-1
101	109	Lc
101	110	L
101	111	L
101	112	L
101	113	L
101	114	Lc
101	115	-1
101	116	Lc
101	117	-1
101	118	Lc
101	119	Lcp
102	0	Lc
102	1	-1
102	2	Lc
102	3	Lc
102	4	Lcp
102	5	Lcp
102	6	Lc
102	7	Lc
102	8	Lc
102	9	Lc
102	10	Lc
102	11	Lc
102	12	Lc
102	13	Lc
102	14	Lc
102	15	Lc
102	16	-1
102	17	-1
102	18	L
102	19	L
102	20	-1
102	21	Lc
102	22	L
102	23	Lc
102	24	-1
102	25	Lc
102	26	Lc
102	27	Lc
102	28	Lc
102	29	Lc
102	30	Lc
102	31	Lcp
102	32	Lcp
102	33	Lcp
102	34	Lc
102	35	Lcp
102	36	Lcp
102	37	Lcp
102	38	Lcp
102	39	-1
102	40	Lcp
102	41	Lcp
102	42	Lp
102	43	Uc
102	44	Uc
102	45	Lc
102	46	Lc
102	47	Lc
102	48	Lp
102	49	Lp
102	50	Lp
102	51	Lp
102	52	Lp
102	53	Lp
102	54	Lp
102	55	U
102	56	L
102	57	U
102	58	Lc
102	59	Lc
102	60	Lp
102	61	Lc
102	62	L
102	63	L
102	64	L
102	65	L
102	66	L
102	67	L
102	68	Uc
102	69	-1
102	70	-1
102	71	Lc
102	72	Lc
102	73	-1
102	74	Lc
102	75	Lp
102	76	Lp
102	77	-1
102	78	Lc
102	79	L
102	80	Lc
102	81	L
102	82	Uc
102	83	Lc
102	84	Uc
102	85	-1
102	86	L
102	87	L
102	88	L
102	89	L
102	90	Lc
102	91	-1
102	92	Lc
102	93	-1
102	94	Lc
102	95	L
102	96	-1
102	97	L
102	98	Lc
102	99	Lc
102	100	U
102	101	Lc
102	102	L
102	103	-1
102	104	Lc
102	105	Lc
102	106	Lc
102	107	Lc
102	108	L
102	109	L
102	110	Lc
102	111	Lc
102	112	Lc
102	113	Lc
102	114	-1
102	115	Lc
102	116	Lc
102	117	Lc
102	118	Lc
102	119	Lc
103	0	Lc
103	1	Lc
103	2	-1
103	3	Lc
103	4	Lc
103	5	Lcp
103	6	Lc
103	7	Lc
103	8	Lc
103	9	Lc
103	10	Lc
103	11	-1
103	12	Lc
103	13	Lc
103	14	Lc
103	15	Lc
103	16	Lc
103	17	Lc
103	18	Lc
103	19	-1
103	20	U
103	21	L
103	22	Lc
103	23	Lc
103	24	Lc
103	25	Lc
103	26	Lc
103	27	Lc
103	28	Lc
103	29	-1
103	30	Lc
103	31	Lcp
103	32	Lcp
103	33	Lc
103	34	Lc
103	35	Lcp
103	36	Lcp
103	37	Lcp
103	38	Lcp
103	39	-1
103	40	Lcp
103	41	-1
103	42	-1
103	43	Uc
103	44	Lc
103	45	Lc
103	46	-1
103	47	Lc
103	48	Lp
103	49	Lp
103	50	Uc
103	51	Uc
103	52	L
103	53	Lp
103	54	L
103	55	L
103	56	-1
103	57	-1
103	58	Lc
103	59	Lc
103	60	Lc
103	61	Lc
103	62	-1
103	63	Uc
103	64	Lc
103	65	Uc
103	66	Uc
103	67	-1
103	68	Lc
103	69	L
103	70	Uc
103	71	Lc
103	72	-1
103	73	Lc
103	74	Lc
103	75	-1
103	76	-1
103	77	-1
103	78	-1
103	79	Lc
103	80	L
103	81	Lc
103	82	L
103	83	Lc
103	84	Uc
103	85	L
103	86	L
103	87	L
103	88	L
103	89	L
103	90	L
103	91	Lc
103	92	Lc
103	93	Lc
103	94	-1
103	95	Lc
103	96	Lc
103	97	Lc
103	98	Lc
103	99	Lc
103	100	Lc
103	101	Lc
103	102	Lc
103	103	L
103	104	L
103	105	-1
103	106	Lc
103	107	Lc
103	108	Lc
103	109	-1
103	110	Lc
103	111	Lc
103	112	Lc
103	113	-1
103	114	Lc
103	115	Lc
103	116	-1
103	117	Lc
103	118	Lc
103	119	Lc
104	0	Lc
104	1	Lc
104	2	Lc
104	3	-1
104	4	Lc
104	5	Lc
104	6	Lc
104	7	Lc
104	8	Lc
104	9	Lc
104	10	Lc
104	11	Lc
104	12	Lc
104	13	-1
104	14	Lc
104	15	Lc
104	16	Lc
104	17	Lc
104	18	Lc
104	19	Lc
104	20	U
104	21	-1
104	22	L
104	23	Lc
104	24	Lc
104	25	Lc
104	26	Lc
104	27	Lc
104	28	Lc
104	29	Lc
104	30	Lc
104	31	Lcp
104	32	Lcp
104	33	Lcp
104	34	Lcp
104	35	Lc
104	36	Lc
104	37	Lcp
104	38	-1
104	39	Lcp
104	40	Lcp
104	41	Lcp
104	42	Uc
104	43	Uc
104	44	Lc
104	45	Lc
104	46	Uc
104	47	-1
104	48	Lp
104	49	Lp
104	50	Uc
104	51	Lp
104	52	Lc
104	53	Uc
104	54	L
104	55	Lc
104	56	Lc
104	57	Lc
104	58	Lc
104	59	Lc
104	60	Lc
104	61	Lc
104	62	Uc
104	63	Lc
104	64	Lc
104	65	Uc
104	66	Uc
104	67	Uc
104	68	Uc
104	69	L
104	70	L
104	71	Lc
104	72	Uc
104	73	Lc
104	74	L
104	75	Lc
104	76	Lc
104	77	Lc
104	78	-1
104	79	Lc
104	80	L
104	81	-1
104	82	Lc
104	83	L
104	84	L
104	85	L
104	86	L
104	87	L
104	88	L
104	89	L
104	90	L
104	91	-1
104	92	Lc
104	93	L
104	94	Lc
104	95	Lc
104	96	Lc
104	97	Lc
104	98	-1
104	99	Lc
104	100	Lc
104	101	Lc
104	102	Lc
104	103	Lc
104	104	-1
104	105	Lc
104	106	Lc
104	107	Lc
104	108	Lc
104	109	Lc
104	110	Lc
104	111	Lc
104	112	L
104	113	L
104	114	Lc
104	115	Lc
104	116	Lc
104	117	Lc
104	118	Lc
104	119	Lc
105	0	Lc
105	1	Lc
105	2	Lc
105	3	Lc
105	4	Lc
105	5	Lc
105	6	Lc
105	7	Lc
105	8	Lc
105	9	-1
105	10	Lc
105	11	Lc
105	12	Lc
105	13	Lc
105	14	Lc
105	15	Lc
105	16	-1
105	17	Lc
105	18	Lc
105	19	Lc
105	20	L
105	21	L
105	22	Lc
105	23	Lc
105	24	Lc
105	25	Lc
105	26	Lc
105	27	Lc
105	28	-1
105	29	Lc
105	30	Lc
105	31	Lc
105	32	Lcp
105	33	Lc
105	34	Lc
105	35	Lcp
105	36	Lcp
105	37	Lcp
105	38	Lc
105	39	Lc
105	40	Lcp
105	41	Lcp
105	42	Lcp
105	43	-1
105	44	Uc
105	45	-1
105	46	-1
105	47	Uc
105	48	-1
105	49	Lc
105	50	-1
105	51	Lc
105	52	Uc
105	53	Lc
105	54	Lc
105	55	Lc
105	56	Lc
105	57	Lc
105	58	-1
105	59	Lc
105	60	Lc
105	61	Uc
105	62	Uc
105	63	Uc
105	64	Lc
105	65	Uc
105	66	Uc
105	67	L
105	68	L
105	69	L
105	70	L
105	71	Lc
105	72	Lc
105	73	Uc
105	74	-1
105	75	Lc
105	76	Lc
105	77	Lc
105	78	Lc
105	79	Lc
105	80	Lc
105	81	Lc
105	82	L
105	83	Lc
105	84	L
105	85	L
105	86	L
105	87	L
105	88	L
105	89	L
105	90	Lc
105	91	Lc
105	92	-1
105	93	L
105	94	L
105	95	Lc
105	96	L
105	97	Lc
105	98	Lc
105	99	Lc
105	100	Lc
105	101	Lc
105	102	Lc
105	103	-1
105	104	Lc
105	105	Lc
105	106	-1
105	107	Lc
105	108	Lc
105	109	Lc
105	110	Lc
105	111	L
105	112	L
105	113	L
105	114	Lc
105	115	Lc
105	116	-1
105	117	Lc
105	118	Lc
105	119	Lc
106	0	Lc
106	1	Lc
106	2	Lc
106	3	Lc
106	4	Lc
106	5	Lc
106	6	Lc
106	7	-1
106	8	Lc
106	9	Lc
106	10	Lc
106	11	Lc
106	12	Lc
106	13	Lc
106	14	Lc
106	15	Lc
106	16	Uc
106	17	Lc
106	18	Lc
106	19	Lc
106	20	Uc
106	21	Lc
106	22	Lc
106	23	Lc
106	24	Lc
106	25	Lc
106	26	-1
106	27	Lc
106	28	Lc
106	29	Lc
106	30	Lc
106	31	Lc
106	32	Lc
106	33	-1
106	34	Lc
106	35	Lcp
106	36	Lcp
106	37	Lcp
106	38	Lcp
106	39	Lcp
106	40	Lc
106	41	Lcp
106	42	Lc
106	43	Lc
106	44	Lc
106	45	Lc
106	46	-1
106	47	Lcp
106	48	-1
106	49	Uc
106	50	Lc
106	51	Lcp
106	52	Uc
106	53	Uc
106	54	Lc
106	55	Lc
106	56	-1
106	57	U
106	58	Lc
106	59	-1
106	60	Lc
106	61	Uc
106	62	Uc
106	63	Uc
106	64	Uc
106	65	Uc
106	66	-1
106	67	Lc
106	68	L
106	69	L
106	70	L
106	71	Lc
106	72	Lc
106	73	L
106	74	Lc
106	75	L
106	76	Lc
106	77	Lc
106	78	Lc
106	79	Lc
106	80	Lc
106	81	-1
106	82	L
106	83	L
106	84	L
106	85	L
106	86	L
106	87	L
106	88	L
106	89	Lc
106	90	L
106	91	Lc
106	92	L
106	93	Lc
106	94	L
106	95	L
106	96	L
106	97	Lc
106	98	Lc
106	99	Lc
106	100	-1
106	101	Uc
106	102	-1
106	103	Lc
106	104	Lc
106	105	Lc
106	106	-1
106	107	Lc
106	108	Lc
106	109	Lc
106	110	L
106	111	L
106	112	Lc
106	113	-1
106	114	-1
106	115	Lc
106	116	Lc
106	117	Lc
106	118	Lc
106	119	Lc
107	0	Lc
107	1	-1
107	2	L
107	3	-1
107	4	Lc
107	5	-1
107	6	-1
107	7	Lc
107	8	L
107	9	Lc
107	10	Lc
107	11	Lc
107	12	Lc
107	13	Lc
107	14	Lc
107	15	Lc
107	16	Lc
107	17	Uc
107	18	Lc
107	19	Lc
107	20	Lc
107	21	Lc
107	22	Lc
107	23	Lc
107	24	-1
107	25	Lc
107	26	Lc
107	27	Lc
107	28	Lc
107	29	Lc
107	30	Lc
107	31	-1
107	32	Lc
107	33	Lcp
107	34	-1
107	35	Lcp
107	36	Lcp
107	37	Lcp
107	38	Lcp
107	39	Lcp
107	40	Lcp
107	41	Lc
107	42	Lcp
107	43	Lc
107	44	Lc
107	45	Lc
107	46	Lc
107	47	Uc
107	48	Uc
107	49	Lcp
107	50	Lc
107	51	Lcp
107	52	Uc
107	53	-1
107	54	U
107	55	L
107	56	Lc
107	57	Uc
107	58	Uc
107	59	L
107	60	Uc
107	61	Uc
107	62	Uc
107	63	Uc
107	64	-1
107	65	L
107	66	L
107	67	L
107	68	L
107	69	L
107	70	Lc
107	71	Lc
107	72	Lc
107	73	L
107	74	Lc
107	75	L
107	76	L
107	77	Lc
107	78	Lc
107	79	L
107	80	Lc
107	81	Lc
107	82	L
107	83	L
107	84	-1
107	85	L
107	86	L
107	87	L
107	88	L
107	89	L
107	90	Lc
107	91	-1
107	92	L
107	93	Lc
107	94	L
107	95	L
107	96	-1
107	97	Lc
107	98	Lc
107	99	Lc
107	100	Lc
107	101	Lc
107	102	Lc
107	103	Lc
107	104	Lc
107	105	Lc
107	106	Lc
107	107	Lc
107	108	-1
107	109	Lc
107	110	Lc
107	111	Lc
107	112	Lc
107	113	Lc
107	114	Lc
107	115	Lc
107	116	Lc
107	117	Lc
107	118	Lc
107	119	Lc
108	0	Lc
108	1	Lc
108	2	L
108	3	L
108	4	L
108	5	L
108	6	Lc
108	7	U
108	8	L
108	9	L
108	10	Lc
108	11	Lc
108	12	Lc
108	13	Lc
108	14	Lc
108	15	Lc
108	16	Lc
108	17	Lc
108	18	Uc
108	19	-1
108	20	Lc
108	21	Lc
108	22	Lc
108	23	-1
108	24	Uc
108	25	Lc
108	26	Lc
108	27	Lc
108	28	Lc
108	29	Lc
108	30	Lc
108	31	Lc
108	32	Lcp
108	33	Lcp
108	34	Lcp
108	35	Lcp
108	36	Lc
108	37	Lc
108	38	Lcp
108	39	-1
108	40	Lc
108	41	Lc
108	42	Lc
108	43	Lc
108	44	Lc
108	45	Lc
108	46	Lc
108	47	Uc
108	48	Lc
108	49	Lc
108	50	Lcp
108	51	Lc
108	52	Lcp
108	53	U
108	54	L
108	55	U
108	56	U
108	57	Lc
108	58	-1
108	59	Uc
108	60	L
108	61	Uc
108	62	Uc
108	63	Uc
108	64	Uc
108	65	-1
108	66	Uc
108	67	L
108	68	L
108	69	Lc
108	70	Uc
108	71	L
108	72	-1
108	73	Lc
108	74	L
108	75	Lc
108	76	Lc
108	77	-1
108	78	L
108	79	L
108	80	Lc
108	81	Lc
108	82	-1
108	83	L
108	84	L
108	85	L
108	86	L
108	87	L
108	88	L
108	89	Lc
108	90	Lc
108	91	L
108	92	L
108	93	L
108	94	L
108	95	L
108	96	L
108	97	Lc
108	98	Lc
108	99	Lc
108	100	Lc
108	101	Lc
108	102	-1
108	103	Lc
108	104	-1
108	105	-1
108	106	Lc
108	107	Lc
108	108	Lc
108	109	Lc
108	110	Lc
108	111	Lc
108	112	Lc
108	113	Lc
108	114	-1
108	115	Lc
108	116	Lc
108	117	Lc
108	118	Lc
108	119	Lc
109	0	Lc
109	1	Lc
109	2	L
109	3	L
109	4	Lc
109	5	L
109	6	U
109	7	L
109	8	Lc
109	9	Lc
109	10	L
109	11	Lc
109	12	Lc
109	13	Lc
109	14	Lc
109	15	-1
109	16	Lc
109	17	Lc
109	18	Lc
109	19	Uc
109	20	Lc
109	21	Lc
109	22	Uc
109	23	-1
109	24	Lc
109	25	Lc
109	26	Lc
109	27	Lc
109	28	Lc
109	29	Lc
109	30	Lc
109	31	Uc
109	32	Uc
109	33	-1
109	34	Uc
109	35	Uc
109	36	Uc
109	37	Lc
109	38	Lc
109	39	Lcp
109	40	Lc
109	41	Lcp
109	42	Lc
109	43	-1
109	44	-1
109	45	Lc
109	46	Lc
109	47	Lcp
109	48	Lc
109	49	Lc
109	50	Lc
109	51	Lc
109	52	Lc
109	53	Lcp
109	54	Lc
109	55	U
109	56	Lc
109	57	-1
109	58	Uc
109	59	L
109	60	Lc
109	61	L
109	62	Uc
109	63	Lc
109	64	Lc
109	65	L
109	66	L
109	67	L
109	68	L
109	69	-1
109	70	Uc
109	71	Uc
109	72	L
109	73	-1
109	74	Lc
109	75	Uc
109	76	Lc
109	77	Lc
109	78	-1
109	79	L
109	80	Lc
109	81	Lc
109	82	Lc
109	83	Lc
109	84	L
109	85	L
109	86	L
109	87	Lc
109	88	L
109	89	L
109	90	Lc
109	91	L
109	92	-1
109	93	L
109	94	L
109	95	L
109	96	Lc
109	97	Lc
109	98	Lc
109	99	Lc
109	100	-1
109	101	Lc
109	102	Lc
109	103	Lc
109	104	Lc
109	105	Lc
109	106	Lc
109	107	Lc
109	108	Lc
109	109	Lc
109	110	Lc
109	111	Lc
109	112	Lc
109	113	Lc
109	114	Lc
109	115	-1
109	116	Lc
109	117	Lc
109	118	Lc
109	119	Lc
110	0	Lc
110	1	Lc
110	2	Lc
110	3	L
110	4	Lc
110	5	L
110	6	L
110	7	L
110	8	Lc
110	9	Lc
110	10	L
110	11	Lc
110	12	Lc
110	13	Lc
110	14	Lc
110	15	Lc
110	16	Lc
110	17	Lc
110	18	Lc
110	19	Lc
110	20	Uc
110	21	Lc
110	22	Lc
110	23	Lc
110	24	Uc
110	25	Lc
110	26	Lc
110	27	Lc
110	28	-1
110	29	Lc
110	30	Uc
110	31	Uc
110	32	-1
110	33	Lc
110	34	Uc
110	35	Uc
110	36	Lcp
110	37	Lcp
110	38	Lcp
110	39	-1
110	40	Lc
110	41	Lc
110	42	Lc
110	43	Lc
110	44	Lc
110	45	Lc
110	46	Lc
110	47	Lcp
110	48	Lc
110	49	Lc
110	50	Lc
110	51	Lc
110	52	Lc
110	53	Lc
110	54	Lc
110	55	-1
110	56	-1
110	57	-1
110	58	Uc
110	59	Lc
110	60	Lc
110	61	Lc
110	62	Uc
110	63	Lc
110	64	-1
110	65	-1
110	66	L
110	67	Lc
110	68	-1
110	69	L
110	70	Uc
110	71	Uc
110	72	Lc
110	73	Lc
110	74	Lc
110	75	Lc
110	76	Lc
110	77	-1
110	78	L
110	79	L
110	80	Lc
110	81	Lc
110	82	L
110	83	Lc
110	84	L
110	85	L
110	86	L
110	87	Lc
110	88	U
110	89	L
110	90	Lc
110	91	Lc
110	92	Lc
110	93	L
110	94	Lc
110	95	Lc
110	96	Lc
110	97	Lc
110	98	Lc
110	99	Lc
110	100	Lc
110	101	Lc
110	102	Lc
110	103	Lc
110	104	Lc
110	105	Lc
110	106	Lc
110	107	Lc
110	108	Lc
110	109	Lc
110	110	Lc
110	111	Lc
110	112	Lc
110	113	Lc
110	114	Lc
110	115	Lc
110	116	Lc
110	117	-1
110	118	Lc
110	119	Lc
111	0	Uc
111	1	-1
111	2	Uc
111	3	-1
111	4	L
111	5	-1
111	6	-1
111	7	L
111	8	L
111	9	Lc
111	10	Lc
111	11	Lc
111	12	Lc
111	13	Lc
111	14	Lc
111	15	Lc
111	16	Lc
111	17	Lc
111	18	Lc
111	19	Uc
111	20	Lc
111	21	-1
111	22	-1
111	23	-1
111	24	Uc
111	25	-1
111	26	Lc
111	27	Lc
111	28	Uc
111	29	Uc
111	30	Uc
111	31	Lc
111	32	Lc
111	33	Uc
111	34	Uc
111	35	Uc
111	36	Uc
111	37	Lc
111	38	Lcp
111	39	Lc
111	40	Lc
111	41	-1
111	42	Lc
111	43	Lc
111	44	Lc
111	45	Lc
111	46	Lc
111	47	Lc
111	48	Lc
111	49	Lc
111	50	-1
111	51	Lc
111	52	Lc
111	53	Lc
111	54	Lc
111	55	Lc
111	56	Lc
111	57	-1
111	58	Uc
111	59	Lc
111	60	Lc
111	61	Lc
111	62	Lc
111	63	Lc
111	64	Lc
111	65	Lc
111	66	L
111	67	Lc
111	68	Lc
111	69	Lc
111	70	L
111	71	L
111	72	L
111	73	Lc
111	74	-1
111	75	Lc
111	76	Lc
111	77	Uc
111	78	L
111	79	Uc
111	80	Lc
111	81	Lc
111	82	L
111	83	L
111	84	L
111	85	U
111	86	L
111	87	L
111	88	Lc
111	89	Lc
111	90	-1
111	91	Lc
111	92	Lc
111	93	-1
111	94	Lc
111	95	Lc
111	96	Lc
111	97	Lc
111	98	Lc
111	99	-1
111	100	-1
111	101	Lc
111	102	Lc
111	103	Uc
111	104	Lc
111	105	Lc
111	106	Lc
111	107	Lc
111	108	Lc
111	109	Lc
111	110	Lc
111	111	Lc
111	112	-1
111	113	Lc
111	114	Lc
111	115	Lc
111	116	Lc
111	117	Lc
111	118	Lc
111	119	Uc
112	0	-1
112	1	Lc
112	2	-1
112	3	Uc
112	4	L
112	5	Uc
112	6	L
112	7	L
112	8	L
112	9	-1
112	10	Lc
112	11	-1
112	12	Lc
112	13	-1
112	14	Lc
112	15	Lc
112	16	Lc
112	17	-1
112	18	-1
112	19	Lc
112	20	Uc
112	21	Lc
112	22	-1
112	23	Lc
112	24	Lc
112	25	-1
112	26	Lc
112	27	Lc
112	28	Lc
112	29	-1
112	30	Lc
112	31	-1
112	32	Lc
112	33	Uc
112	34	Uc
112	35	Uc
112	36	-1
112	37	Lcp
112	38	Lcp
112	39	Lcp
112	40	Lc
112	41	Lc
112	42	Lc
112	43	Lc
112	44	Lc
112	45	Lc
112	46	Lc
112	47	Lc
112	48	Lc
112	49	Lc
112	50	-1
112	51	Lc
112	52	Lc
112	53	Lc
112	54	Lc
112	55	Lc
112	56	Lc
112	57	Uc
112	58	L
112	59	Lc
112	60	Lc
112	61	Lc
112	62	Lc
112	63	Lc
112	64	L
112	65	L
112	66	L
112	67	L
112	68	Lc
112	69	L
112	70	L
112	71	L
112	72	L
112	73	Lc
112	74	Lc
112	75	Lc
112	76	-1
112	77	Lc
112	78	Lc
112	79	-1
112	80	Lc
112	81	L
112	82	Lc
112	83	L
112	84	L
112	85	L
112	86	-1
112	87	L
112	88	L
112	89	L
112	90	Lc
112	91	Lc
112	92	Lc
112	93	-1
112	94	Lc
112	95	Uc
112	96	Uc
112	97	Uc
112	98	-1
112	99	Lc
112	100	Lc
112	101	Lc
112	102	Lc
112	103	Lc
112	104	Uc
112	105	Uc
112	106	Lc
112	107	-1
112	108	-1
112	109	Lc
112	110	Lc
112	111	Lc
112	112	Lc
112	113	-1
112	114	Lc
112	115	Lc
112	116	Lc
112	117	Lc
112	118	-1
112	119	Uc
113	0	Lc
113	1	Lc
113	2	L
113	3	Uc
113	4	Uc
113	5	L
113	6	L
113	7	L
113	8	Lc
113	9	Lc
113	10	Lc
113	11	Lc
113	12	Lc
113	13	Lc
113	14	-1
113	15	Lc
113	16	Lc
113	17	Lc
113	18	Lc
113	19	Lc
113	20	Lc
113	21	Lc
113	22	Lc
113	23	Lc
113	24	Lc
113	25	Lc
113	26	Lc
113	27	Lc
113	28	Lc
113	29	Lc
113	30	Lc
113	31	Lc
113	32	Lc
113	33	Uc
113	34	Uc
113	35	Uc
113	36	Lcp
113	37	Lc
113	38	Lc
113	39	Lc
113	40	Lc
113	41	Lc
113	42	Lc
113	43	Lc
113	44	Lc
113	45	Lc
113	46	Lc
113	47	Lc
113	48	Lc
113	49	Lc
113	50	Lc
113	51	Lc
113	52	Lc
113	53	Lc
113	54	Lc
113	55	Lc
113	56	Lc
113	57	Uc
113	58	Lc
113	59	Lc
113	60	Lc
113	61	Lc
113	62	Lc
113	63	-1
113	64	Lc
113	65	L
113	66	L
113	67	L
113	68	L
113	69	L
113	70	L
113	71	L
113	72	L
113	73	Lc
113	74	L
113	75	Lc
113	76	Lc
113	77	Lc
113	78	Lc
113	79	-1
113	80	-1
113	81	Uc
113	82	L
113	83	L
113	84	-1
113	85	-1
113	86	L
113	87	L
113	88	L
113	89	Lc
113	90	L
113	91	Lc
113	92	Lc
113	93	Lc
113	94	Lc
113	95	Lc
113	96	Uc
113	97	Uc
113	98	Uc
113	99	Uc
113	100	Lc
113	101	Lc
113	102	Lc
113	103	Uc
113	104	Uc
113	105	Lc
113	106	Lc
113	107	-1
113	108	-1
113	109	Lc
113	110	Lc
113	111	Lc
113	112	Lc
113	113	Lc
113	114	-1
113	115	Lc
113	116	Lc
113	117	Lc
113	118	Lc
113	119	Lc
114	0	Lc
114	1	Lc
114	2	Lc
114	3	Lc
114	4	L
114	5	L
114	6	L
114	7	-1
114	8	Lc
114	9	Lc
114	10	-1
114	11	Lc
114	12	Lc
114	13	Lc
114	14	Lc
114	15	-1
114	16	Lc
114	17	Lc
114	18	Lc
114	19	Lc
114	20	Lc
114	21	-1
114	22	Lc
114	23	Lc
114	24	Lc
114	25	Lc
114	26	Lc
114	27	Lc
114	28	Lc
114	29	Lc
114	30	Lc
114	31	Lc
114	32	Uc
114	33	Lc
114	34	Lc
114	35	Lc
114	36	Lc
114	37	Lc
114	38	-1
114	39	Lc
114	40	Lc
114	41	Lc
114	42	Lc
114	43	Lc
114	44	Lc
114	45	Lc
114	46	Uc
114	47	Lc
114	48	Lc
114	49	Lc
114	50	Lc
114	51	Lc
114	52	-1
114	53	-1
114	54	Lc
114	55	Lc
114	56	Lc
114	57	Uc
114	58	Lc
114	59	Uc
114	60	Lc
114	61	-1
114	62	Uc
114	63	Lc
114	64	Lc
114	65	Lc
114	66	L
114	67	-1
114	68	Lc
114	69	L
114	70	Lc
114	71	L
114	72	L
114	73	L
114	74	L
114	75	L
114	76	Lc
114	77	Lc
114	78	Lc
114	79	Lc
114	80	Lc
114	81	-1
114	82	Uc
114	83	Uc
114	84	L
114	85	Uc
114	86	Uc
114	87	L
114	88	L
114	89	Lc
114	90	Lc
114	91	Lc
114	92	L
114	93	L
114	94	Lc
114	95	Lc
114	96	Lc
114	97	-1
114	98	Uc
114	99	Uc
114	100	Lc
114	101	Lc
114	102	Lc
114	103	Lc
114	104	Lc
114	105	Lc
114	106	Lc
114	107	Lc
114	108	Lc
114	109	Lc
114	110	Lc
114	111	Lc
114	112	Lc
114	113	Lc
114	114	Lc
114	115	Lc
114	116	Lc
114	117	Lc
114	118	Lc
114	119	Lc
115	0	Lc
115	1	Lc
115	2	-1
115	3	-1
115	4	L
115	5	-1
115	6	Lc
115	7	Lc
115	8	-1
115	9	Lc
115	10	-1
115	11	Lc
115	12	Lc
115	13	Lc
115	14	Lc
115	15	Lc
115	16	Lc
115	17	-1
115	18	-1
115	19	Lc
115	20	Lc
115	21	Lc
115	22	Lc
115	23	Lc
115	24	Lc
115	25	Lc
115	26	Lc
115	27	Lc
115	28	-1
115	29	Lc
115	30	Lc
115	31	Lc
115	32	Lc
115	33	Lc
115	34	Lc
115	35	Lc
115	36	Lc
115	37	Lc
115	38	Lc
115	39	-1
115	40	-1
115	41	Lc
115	42	Lc
115	43	Lc
115	44	Lc
115	45	Lc
115	46	Lc
115	47	-1
115	48	Lc
115	49	Lc
115	50	Lc
115	51	Lc
115	52	Lc
115	53	Lc
115	54	Lc
115	55	Lc
115	56	Uc
115	57	Uc
115	58	Uc
115	59	Lc
115	60	Uc
115	61	Uc
115	62	Uc
115	63	Lc
115	64	Lc
115	65	Lc
115	66	Lc
115	67	L
115	68	Lc
115	69	L
115	70	L
115	71	L
115	72	L
115	73	L
115	74	L
115	75	L
115	76	Lc
115	77	Lc
115	78	Lc
115	79	Lc
115	80	L
115	81	-1
115	82	Uc
115	83	Uc
115	84	Uc
115	85	L
115	86	L
115	87	Lc
115	88	L
115	89	Lc
115	90	-1
115	91	Lc
115	92	L
115	93	L
115	94	-1
115	95	Lc
115	96	Lc
115	97	-1
115	98	Lc
115	99	Lc
115	100	Uc
115	101	Lc
115	102	Lc
115	103	Lc
115	104	Lc
115	105	Lc
115	106	-1
115	107	-1
115	108	Lc
115	109	Lc
115	110	Lc
115	111	Lc
115	112	Lc
115	113	Lc
115	114	Lc
115	115	Lc
115	116	Lc
115	117	-1
115	118	Lc
115	119	Lc
116	0	Lc
116	1	Lc
116	2	-1
116	3	-1
116	4	Lc
116	5	Lc
116	6	Lc
116	7	Lc
116	8	Uc
116	9	Lc
116	10	Lc
116	11	Lc
116	12	Lc
116	13	-1
116	14	-1
116	15	Lc
116	16	Lc
116	17	Lc
116	18	Lc
116	19	L
116	20	-1
116	21	Lc
116	22	Lc
116	23	Lc
116	24	Lc
116	25	Lc
116	26	Lc
116	27	Lc
116	28	Lc
116	29	Lc
116	30	Lc
116	31	Lc
116	32	Lc
116	33	Lc
116	34	Lc
116	35	Lc
116	36	Lc
116	37	Lc
116	38	-1
116	39	-1
116	40	Lc
116	41	Lc
116	42	Lc
116	43	Lc
116	44	Lc
116	45	-1
116	46	Lc
116	47	Lc
116	48	Lc
116	49	Lc
116	50	Lc
116	51	-1
116	52	Lc
116	53	Lc
116	54	Uc
116	55	-1
116	56	Uc
116	57	Uc
116	58	-1
116	59	Uc
116	60	Lc
116	61	-1
116	62	L
116	63	-1
116	64	L
116	65	L
116	66	L
116	67	-1
116	68	L
116	69	-1
116	70	L
116	71	L
116	72	L
116	73	L
116	74	Lc
116	75	Lc
116	76	Lc
116	77	Lc
116	78	Lc
116	79	L
116	80	Lc
116	81	Uc
116	82	Uc
116	83	Uc
116	84	-1
116	85	Lc
116	86	-1
116	87	Lc
116	88	Lc
116	89	Lc
116	90	Lc
116	91	Lc
116	92	Lc
116	93	Lc
116	94	Lc
116	95	Lc
116	96	-1
116	97	Lc
116	98	Lc
116	99	Lc
116	100	-1
116	101	Lc
116	102	Lc
116	103	Lc
116	104	Lc
116	105	Lc
116	106	Lc
116	107	Lc
116	108	Lc
116	109	Lc
116	110	Lc
116	111	Lc
116	112	Lc
116	113	Lc
116	114	-1
116	115	Lc
116	116	Lc
116	117	Lc
116	118	Lc
116	119	Lc
117	0	Lc
117	1	Lc
117	2	Lc
117	3	Lc
117	4	Lc
117	5	Lc
117	6	Uc
117	7	Uc
117	8	Lc
117	9	Lc
117	10	Lc
117	11	Lc
117	12	Lc
117	13	Lc
117	14	Lc
117	15	Lc
117	16	Lc
117	17	Lc
117	18	Lc
117	19	-1
117	20	Uc
117	21	-1
117	22	Uc
117	23	Lc
117	24	Lc
117	25	Lc
117	26	Lc
117	27	Lc
117	28	Lc
117	29	Lc
117	30	Lc
117	31	Lc
117	32	Lc
117	33	Lc
117	34	Lc
117	35	Lc
117	36	Lc
117	37	Lc
117	38	Lc
117	39	Lc
117	40	Lc
117	41	Lc
117	42	Lcp
117	43	Lcp
117	44	Lc
117	45	Lc
117	46	Lc
117	47	Lc
117	48	Lc
117	49	Lc
117	50	Lc
117	51	Lc
117	52	Uc
117	53	Uc
117	54	Uc
117	55	Uc
117	56	Lc
117	57	Uc
117	58	Uc
117	59	Uc
117	60	Uc
117	61	Lcp
117	62	L
117	63	L
117	64	L
117	65	L
117	66	L
117	67	L
117	68	Lc
117	69	Lc
117	70	Lc
117	71	L
117	72	L
117	73	Lc
117	74	Lc
117	75	Lc
117	76	Lc
117	77	Lc
117	78	-1
117	79	Lc
117	80	Lc
117	81	Uc
117	82	Uc
117	83	Uc
117	84	Lc
117	85	Lc
117	86	Uc
117	87	Uc
117	88	Uc
117	89	Lc
117	90	L
117	91	Lc
117	92	U
117	93	-1
117	94	-1
117	95	Lc
117	96	Lc
117	97	Lc
117	98	Lc
117	99	Lc
117	100	Lc
117	101	Lc
117	102	Lc
117	103	-1
117	104	Lc
117	105	Lc
117	106	Lc
117	107	Lc
117	108	Lc
117	109	Lc
117	110	Lc
117	111	Lc
117	112	Lc
117	113	Lc
117	114	-1
117	115	Lc
117	116	Lc
117	117	Lc
117	118	Lc
117	119	Lc
118	0	Lc
118	1	Lc
118	2	Uc
118	3	Lc
118	4	Uc
118	5	Lc
118	6	Lc
118	7	-1
118	8	L
118	9	L
118	10	Lc
118	11	L
118	12	Uc
118	13	Lc
118	14	Lc
118	15	Lc
118	16	Lc
118	17	-1
118	18	L
118	19	Uc
118	20	Uc
118	21	L
118	22	Uc
118	23	Uc
118	24	Lc
118	25	-1
118	26	Lc
118	27	-1
118	28	Lc
118	29	Lc
118	30	Lc
118	31	Lc
118	32	Lc
118	33	Lc
118	34	Lc
118	35	Lc
118	36	Lc
118	37	Lc
118	38	Lcp
118	39	-1
118	40	Lcp
118	41	Lc
118	42	Lcp
118	43	Lc
118	44	Lc
118	45	Lc
118	46	-1
118	47	Lc
118	48	Lc
118	49	Lc
118	50	-1
118	51	Lc
118	52	Lc
118	53	Uc
118	54	Uc
118	55	Uc
118	56	Lc
118	57	Lc
118	58	Uc
118	59	Lcp
118	60	Lcp
118	61	Lc
118	62	Lc
118	63	L
118	64	Lc
118	65	Lc
118	66	L
118	67	L
118	68	-1
118	69	Lc
118	70	Lc
118	71	L
118	72	L
118	73	L
118	74	-1
118	75	Lc
118	76	Uc
118	77	Uc
118	78	Uc
118	79	Lc
118	80	Lc
118	81	L
118	82	Uc
118	83	Lc
118	84	Lc
118	85	Uc
118	86	Uc
118	87	Uc
118	88	Uc
118	89	U
118	90	Lc
118	91	L
118	92	Lc
118	93	Lc
118	94	Lc
118	95	Lc
118	96	Lc
118	97	Lc
118	98	Lc
118	99	Lc
118	100	Lc
118	101	Lc
118	102	-1
118	103	Lc
118	104	Lc
118	105	-1
118	106	Lc
118	107	Lc
118	108	Lc
118	109	Lc
118	110	Lc
118	111	Lc
118	112	Lc
118	113	Lc
118	114	Lc
118	115	Lc
118	116	Lc
118	117	Lc
118	118	Lc
118	119	Lc
119	0	Lc
119	1	-1
119	2	Lc
119	3	Lc
119	4	Lc
119	5	L
119	6	Lc
119	7	L
119	8	-1
119	9	L
119	10	L
119	11	L
119	12	Lc
119	13	Lc
119	14	Lc
119	15	Lc
119	16	-1
119	17	Lc
119	18	-1
119	19	L
119	20	-1
119	21	L
119	22	L
119	23	Uc
119	24	Uc
119	25	Lc
119	26	Lc
119	27	Lc
119	28	Lc
119	29	Lc
119	30	Lc
119	31	Lc
119	32	Lc
119	33	Lc
119	34	Lc
119	35	-1
119	36	Lcp
119	37	Lc
119	38	-1
119	39	Lcp
119	40	Lcp
119	41	Lcp
119	42	Lcp
119	43	Lc
119	44	Lc
119	45	Lc
119	46	-1
119	47	Lc
119	48	Lc
119	49	Lc
119	50	Lc
119	51	Lc
119	52	Lc
119	53	Lc
119	54	Lc
119	55	Lc
119	56	Lc
119	57	Uc
119	58	Lc
119	59	Uc
119	60	Lcp
119	61	Lc
119	62	Lc
119	63	Lc
119	64	Lc
119	65	Lc
119	66	L
119	67	L
119	68	-1
119	69	Lc
119	70	Lc
119	71	L
119	72	L
119	73	L
119	74	L
119	75	Uc
119	76	Uc
119	77	Uc
119	78	Lc
119	79	Lc
119	80	Lc
119	81	Lc
119	82	Uc
119	83	Lc
119	84	-1
119	85	L
119	86	L
119	87	Uc
119	88	Lc
119	89	Lc
119	90	Lc
119	91	U
119	92	-1
119	93	Lc
119	94	Lc
119	95	Lc
119	96	Lc
119	97	Lc
119	98	Lc
119	99	Lc
119	100	Lc
119	101	Lc
119	102	Lc
119	103	Lc
119	104	Lc
119	105	Lc
119	106	Uc
119	107	Lc
119	108	Lc
119	109	Lc
119	110	Lc
119	111	Uc
119	112	Lc
119	113	Lc
119	114	Lc
119	115	Lc
119	116	Lc
119	117	Lc
119	118	-1
119	119	Lc
