0	0	L
0	1	L
0	2	L
0	3	L
0	4	L
0	5	L
0	6	L
0	7	L
0	8	L
0	9	L
0	10	L
0	11	-1
0	12	-1
0	13	-1
0	14	L
0	15	-1
0	16	L
0	17	L
0	18	-1
0	19	L
0	20	-1
0	21	L
0	22	-1
0	23	L
0	24	L
0	25	Lcp
0	26	Lcp
0	27	Lcp
0	28	Lp
0	29	-1
0	30	L
0	31	Lcp
0	32	Lp
0	33	-1
0	34	Lcp
0	35	L
0	36	L
0	37	L
0	38	Lp
0	39	Lp
0	40	L
0	41	L
0	42	L
0	43	L
0	44	L
0	45	L
0	46	L
0	47	L
0	48	-1
0	49	-1
0	50	L
0	51	L
0	52	L
0	53	Lc
0	54	Lc
0	55	-1
0	56	L
0	57	-1
0	58	L
0	59	Lc
0	60	L
0	61	L
0	62	L
0	63	L
0	64	L
0	65	L
0	66	L
0	67	L
0	68	L
0	69	L
0	70	L
0	71	L
0	72	L
0	73	L
0	74	-1
0	75	Lc
0	76	Lc
0	77	Lc
0	78	Lc
0	79	Lc
0	80	Lc
0	81	Lc
0	82	-1
0	83	Lc
0	84	Lc
0	85	Lc
0	86	Lc
0	87	Lc
0	88	Lc
0	89	Lc
0	90	Lc
0	91	Uc
0	92	Lc
0	93	Uc
0	94	Uc
0	95	Lc
0	96	Lc
0	97	Lc
0	98	Lc
0	99	L
0	100	Lc
0	101	L
0	102	L
0	103	L
0	104	-1
0	105	L
0	106	L
0	107	-1
0	108	L
0	109	L
0	110	-1
0	111	L
0	112	L
0	113	Lp
0	114	-1
0	115	-1
0	116	Lp
0	117	Lp
0	118	L
0	119	L
1	0	L
1	1	L
1	2	L
1	3	L
1	4	L
1	5	L
1	6	L
1	7	L
1	8	L
1	9	L
1	10	L
1	11	-1
1	12	L
1	13	L
1	14	L
1	15	L
1	16	-1
1	17	-1
1	18	-1
1	19	L
1	20	Lp
1	21	Lp
1	22	L
1	23	Lp
1	24	-1
1	25	Lp
1	26	Lp
1	27	L
1	28	L
1	29	-1
1	30	Lp
1	31	Lp
1	32	-1
1	33	Lp
1	34	-1
1	35	Lp
1	36	Lp
1	37	Lp
1	38	-1
1	39	Lp
1	40	L
1	41	L
1	42	L
1	43	L
1	44	L
1	45	L
1	46	L
1	47	-1
1	48	L
1	49	L
1	50	L
1	51	L
1	52	L
1	53	Lc
1	54	Lc
1	55	Lc
1	56	L
1	57	L
1	58	L
1	59	L
1	60	L
1	61	L
1	62	L
1	63	L
1	64	L
1	65	L
1	66	L
1	67	-1
1	68	Lc
1	69	Lc
1	70	Lc
1	71	-1
1	72	L
1	73	L
1	74	Lc
1	75	Lc
1	76	Lc
1	77	-1
1	78	Lc
1	79	Lc
1	80	Lc
1	81	Lc
1	82	Lc
1	83	Lc
1	84	Lc
1	85	-1
1	86	Lc
1	87	Lc
1	88	-1
1	89	Lc
1	90	Lc
1	91	L
1	92	Uc
1	93	Lc
1	94	Lc
1	95	Lc
1	96	Lc
1	97	Lc
1	98	Lc
1	99	L
1	100	L
1	101	L
1	102	L
1	103	L
1	104	L
1	105	L
1	106	L
1	107	L
1	108	L
1	109	L
1	110	L
1	111	L
1	112	Lp
1	113	Lp
1	114	-1
1	115	Lp
1	116	Lp
1	117	-1
1	118	L
1	119	L
2	0	Lp
2	1	-1
2	2	L
2	3	L
2	4	L
2	5	L
2	6	L
2	7	L
2	8	L
2	9	L
2	10	L
2	11	-1
2	12	L
2	13	L
2	14	L
2	15	L
2	16	L
2	17	L
2	18	L
2	19	-1
2	20	Lp
2	21	Lp
2	22	Lp
2	23	Lcp
2	24	Lcp
2	25	-1
2	26	U
2	27	-1
2	28	L
2	29	Lp
2	30	Lp
2	31	-1
2	32	Lp
2	33	Lp
2	34	Lp
2	35	Lp
2	36	Lp
2	37	Lp
2	38	Lp
2	39	L
2	40	L
2	41	-1
2	42	L
2	43	L
2	44	L
2	45	-1
2	46	L
2	47	L
2	48	L
2	49	L
2	50	L
2	51	L
2	52	L
2	53	Lc
2	54	L
2	55	Lc
2	56	-1
2	57	L
2	58	-1
2	59	L
2	60	-1
2	61	L
2	62	Lc
2	63	-1
2	64	L
2	65	L
2	66	L
2	67	L
2	68	Lc
2	69	-1
2	70	-1
2	71	Lc
2	72	Lc
2	73	Lc
2	74	Lc
2	75	Lc
2	76	Lc
2	77	Lc
2	78	Lc
2	79	-1
2	80	Lc
2	81	Lc
2	82	Lc
2	83	Lc
2	84	-1
2	85	Lc
2	86	Lc
2	87	Lc
2	88	-1
2	89	Lc
2	90	Lc
2	91	L
2	92	Uc
2	93	L
2	94	-1
2	95	L
2	96	Lc
2	97	Lc
2	98	L
2	99	-1
2	100	L
2	101	L
2	102	L
2	103	-1
2	104	L
2	105	L
2	106	L
2	107	L
2	108	L
2	109	L
2	110	L
2	111	L
2	112	L
2	113	L
2	114	-1
2	115	Lp
2	116	-1
2	117	L
2	118	L
2	119	Lp
3	0	L
3	1	L
3	2	L
3	3	L
3	4	L
3	5	L
3	6	L
3	7	L
3	8	L
3	9	-1
3	10	L
3	11	-1
3	12	L
3	13	L
3	14	-1
3	15	-1
3	16	-1
3	17	L
3	18	L
3	19	-1
3	20	Lp
3	21	Lp
3	22	Lp
3	23	Lcp
3	24	Lp
3	25	L
3	26	-1
3	27	-1
3	28	L
3	29	L
3	30	Lp
3	31	-1
3	32	Lp
3	33	Lp
3	34	Lp
3	35	Lp
3	36	Lp
3	37	Lp
3	38	Lp
3	39	Lp
3	40	L
3	41	L
3	42	L
3	43	-1
3	44	L
3	45	-1
3	46	-1
3	47	L
3	48	L
3	49	L
3	50	L
3	51	Lc
3	52	Lc
3	53	-1
3	54	Lc
3	55	Lc
3	56	L
3	57	L
3	58	-1
3	59	L
3	60	-1
3	61	-1
3	62	Lc
3	63	Lc
3	64	Lc
3	65	L
3	66	L
3	67	Lc
3	68	L
3	69	Lc
3	70	Lc
3	71	-1
3	72	Lc
3	73	Lc
3	74	Lc
3	75	Lc
3	76	Lc
3	77	-1
3	78	Lc
3	79	Lc
3	80	Lc
3	81	Lc
3	82	Lc
3	83	Lc
3	84	-1
3	85	Lc
3	86	-1
3	87	Lc
3	88	Lc
3	89	Lc
3	90	L
3	91	-1
3	92	L
3	93	Lc
3	94	L
3	95	L
3	96	Lc
3	97	Lc
3	98	Lc
3	99	L
3	100	L
3	101	L
3	102	L
3	103	-1
3	104	L
3	105	L
3	106	L
3	107	L
3	108	L
3	109	L
3	110	L
3	111	L
3	112	-1
3	113	Lp
3	114	Lp
3	115	Lp
3	116	Lp
3	117	L
3	118	L
3	119	L
4	0	L
4	1	L
4	2	L
4	3	L
4	4	L
4	5	-1
4	6	L
4	7	L
4	8	L
4	9	Uc
4	10	L
4	11	L
4	12	L
4	13	-1
4	14	L
4	15	-1
4	16	Lp
4	17	L
4	18	L
4	19	L
4	20	-1
4	21	-1
4	22	Lp
4	23	Lp
4	24	Lp
4	25	Lp
4	26	Lp
4	27	U
4	28	Lp
4	29	L
4	30	Lp
4	31	Lp
4	32	Lp
4	33	Lp
4	34	Lp
4	35	L
4	36	-1
4	37	Lp
4	38	Lp
4	39	L
4	40	L
4	41	L
4	42	U
4	43	U
4	44	-1
4	45	-1
4	46	U
4	47	L
4	48	U
4	49	U
4	50	L
4	51	L
4	52	L
4	53	Lc
4	54	-1
4	55	Lc
4	56	L
4	57	L
4	58	L
4	59	Lc
4	60	Lc
4	61	Lc
4	62	-1
4	63	Lc
4	64	Lc
4	65	L
4	66	-1
4	67	-1
4	68	L
4	69	Lc
4	70	Lc
4	71	Lc
4	72	Lc
4	73	Lc
4	74	Lc
4	75	Lc
4	76	Lc
4	77	Uc
4	78	-1
4	79	Lc
4	80	Lc
4	81	Lc
4	82	Lc
4	83	L
4	84	Lc
4	85	Lc
4	86	L
4	87	-1
4	88	Lc
4	89	Lc
4	90	-1
4	91	L
4	92	Lc
4	93	L
4	94	L
4	95	Lc
4	96	L
4	97	Lc
4	98	L
4	99	-1
4	100	L
4	101	L
4	102	L
4	103	L
4	104	L
4	105	L
4	106	-1
4	107	L
4	108	-1
4	109	L
4	110	L
4	111	-1
4	112	Lp
4	113	Lp
4	114	-1
4	115	Lp
4	116	Lp
4	117	L
4	118	L
4	119	L
5	0	L
5	1	L
5	2	L
5	3	L
5	4	L
5	5	L
5	6	L
5	7	-1
5	8	L
5	9	L
5	10	Uc
5	11	L
5	12	L
5	13	L
5	14	L
5	15	-1
5	16	L
5	17	L
5	18	L
5	19	L
5	20	L
5	21	L
5	22	Lp
5	23	Lp
5	24	Lp
5	25	U
5	26	U
5	27	Lp
5	28	Lp
5	29	-1
5	30	Lp
5	31	Lp
5	32	-1
5	33	Lp
5	34	Lp
5	35	L
5	36	L
5	37	L
5	38	L
5	39	L
5	40	L
5	41	L
5	42	L
5	43	L
5	44	L
5	45	Lp
5	46	L
5	47	U
5	48	U
5	49	U
5	50	L
5	51	U
5	52	L
5	53	-1
5	54	-1
5	55	-1
5	56	Lc
5	57	Lc
5	58	L
5	59	Lc
5	60	-1
5	61	Lc
5	62	-1
5	63	Lc
5	64	Lc
5	65	Lc
5	66	L
5	67	L
5	68	Lc
5	69	Lc
5	70	Lc
5	71	-1
5	72	Lc
5	73	-1
5	74	Lc
5	75	-1
5	76	Lc
5	77	L
5	78	Uc
5	79	L
5	80	Lc
5	81	-1
5	82	-1
5	83	Lc
5	84	Lc
5	85	Lc
5	86	Lc
5	87	L
5	88	L
5	89	L
5	90	L
5	91	Uc
5	92	L
5	93	L
5	94	-1
5	95	Uc
5	96	Uc
5	97	L
5	98	L
5	99	-1
5	100	L
5	101	L
5	102	L
5	103	L
5	104	L
5	105	-1
5	106	L
5	107	L
5	108	L
5	109	L
5	110	L
5	111	Lp
5	112	Lp
5	113	Lc
5	114	Lp
5	115	L
5	116	L
5	117	L
5	118	-1
5	119	L
6	0	L
6	1	L
6	2	L
6	3	L
6	4	L
6	5	-1
6	6	L
6	7	Lc
6	8	L
6	9	Lc
6	10	-1
6	11	L
6	12	L
6	13	L
6	14	L
6	15	Lc
6	16	L
6	17	-1
6	18	L
6	19	L
6	20	-1
6	21	Lp
6	22	Lp
6	23	L
6	24	L
6	25	L
6	26	L
6	27	L
6	28	Lp
6	29	Lp
6	30	Lp
6	31	Lp
6	32	Lp
6	33	-1
6	34	Lp
6	35	Lp
6	36	L
6	37	-1
6	38	L
6	39	L
6	40	L
6	41	L
6	42	U
6	43	U
6	44	L
6	45	L
6	46	Lp
6	47	Lp
6	48	Lc
6	49	U
6	50	L
6	51	U
6	52	-1
6	53	L
6	54	L
6	55	L
6	56	-1
6	57	Lc
6	58	-1
6	59	-1
6	60	Lc
6	61	-1
6	62	Lc
6	63	Lc
6	64	Lc
6	65	Lc
6	66	Lc
6	67	L
6	68	Lc
6	69	Lc
6	70	Lc
6	71	Lc
6	72	Lc
6	73	-1
6	74	L
6	75	Lc
6	76	L
6	77	Uc
6	78	Uc
6	79	L
6	80	L
6	81	L
6	82	L
6	83	L
6	84	Lc
6	85	Lc
6	86	Lc
6	87	Lc
6	88	Lc
6	89	Lc
6	90	-1
6	91	L
6	92	Uc
6	93	-1
6	94	L
6	95	L
6	96	Uc
6	97	L
6	98	L
6	99	L
6	100	L
6	101	L
6	102	L
6	103	-1
6	104	L
6	105	L
6	106	L
6	107	L
6	108	L
6	109	L
6	110	L
6	111	L
6	112	Lp
6	113	Lc
6	114	L
6	115	-1
6	116	L
6	117	L
6	118	L
6	119	-1
7	0	-1
7	1	-1
7	2	-1
7	3	L
7	4	L
7	5	U
7	6	L
7	7	L
7	8	-1
7	9	-1
7	10	L
7	11	L
7	12	Lc
7	13	Lc
7	14	Lc
7	15	L
7	16	-1
7	17	L
7	18	L
7	19	-1
7	20	L
7	21	-1
7	22	L
7	23	-1
7	24	-1
7	25	L
7	26	L
7	27	-1
7	28	Lp
7	29	Lp
7	30	Lp
7	31	Lp
7	32	Lp
7	33	Lp
7	34	Lp
7	35	Lp
7	36	Lp
7	37	Lp
7	38	Lp
7	39	Lp
7	40	Lp
7	41	Lp
7	42	U
7	43	Lp
7	44	Lp
7	45	-1
7	46	Lp
7	47	Lp
7	48	L
7	49	-1
7	50	Lc
7	51	L
7	52	L
7	53	U
7	54	L
7	55	-1
7	56	Lc
7	57	Lc
7	58	Lc
7	59	Lc
7	60	-1
7	61	-1
7	62	-1
7	63	Lc
7	64	Lc
7	65	-1
7	66	Lc
7	67	L
7	68	Uc
7	69	Lc
7	70	Lc
7	71	Lc
7	72	Lc
7	73	L
7	74	Lc
7	75	Lc
7	76	L
7	77	L
7	78	L
7	79	Uc
7	80	L
7	81	L
7	82	L
7	83	L
7	84	Lc
7	85	Lc
7	86	Lc
7	87	Lc
7	88	Uc
7	89	Lc
7	90	-1
7	91	Uc
7	92	L
7	93	-1
7	94	L
7	95	-1
7	96	L
7	97	L
7	98	L
7	99	L
7	100	L
7	101	L
7	102	-1
7	103	L
7	104	L
7	105	L
7	106	L
7	107	L
7	108	L
7	109	L
7	110	L
7	111	-1
7	112	Lp
7	113	L
7	114	L
7	115	L
7	116	L
7	117	L
7	118	-1
7	119	Lc
8	0	L
8	1	Lc
8	2	L
8	3	L
8	4	L
8	5	U
8	6	-1
8	7	L
8	8	L
8	9	L
8	10	-1
8	11	L
8	12	L
8	13	Lc
8	14	Lc
8	15	L
8	16	L
8	17	L
8	18	L
8	19	L
8	20	-1
8	21	-1
8	22	L
8	23	Lp
8	24	L
8	25	L
8	26	L
8	27	Uc
8	28	Uc
8	29	U
8	30	Lp
8	31	Lp
8	32	Lp
8	33	-1
8	34	Lp
8	35	Lp
8	36	Lp
8	37	Lp
8	38	Lp
8	39	Lp
8	40	Lp
8	41	Lp
8	42	Lp
8	43	Lp
8	44	Lp
8	45	Lp
8	46	Lp
8	47	Lp
8	48	L
8	49	L
8	50	Lp
8	51	Lp
8	52	Lp
8	53	L
8	54	-1
8	55	-1
8	56	-1
8	57	Lc
8	58	Lc
8	59	-1
8	60	-1
8	61	-1
8	62	Lc
8	63	Lc
8	64	Lc
8	65	-1
8	66	L
8	67	-1
8	68	Uc
8	69	Lc
8	70	-1
8	71	Lc
8	72	Lc
8	73	Lc
8	74	-1
8	75	Lc
8	76	Lc
8	77	-1
8	78	L
8	79	-1
8	80	-1
8	81	L
8	82	Lc
8	83	Lc
8	84	L
8	85	Lc
8	86	Lc
8	87	-1
8	88	Lc
8	89	Lc
8	90	Lc
8	91	-1
8	92	L
8	93	L
8	94	L
8	95	L
8	96	-1
8	97	-1
8	98	L
8	99	L
8	100	L
8	101	L
8	102	L
8	103	L
8	104	L
8	105	L
8	106	L
8	107	L
8	108	L
8	109	L
8	110	L
8	111	L
8	112	L
8	113	L
8	114	Lc
8	115	-1
8	116	Lc
8	117	L
8	118	Lc
8	119	L
9	0	-1
9	1	L
9	2	Lc
9	3	L
9	4	L
9	5	L
9	6	L
9	7	L
9	8	L
9	9	L
9	10	L
9	11	L
9	12	L
9	13	L
9	14	L
9	15	L
9	16	U
9	17	L
9	18	L
9	19	L
9	20	L
9	21	L
9	22	U
9	23	-1
9	24	-1
9	25	Lp
9	26	Lp
9	27	U
9	28	Lp
9	29	U
9	30	Lp
9	31	-1
9	32	Lp
9	33	Lp
9	34	-1
9	35	-1
9	36	Lp
9	37	Lp
9	38	Lp
9	39	Lp
9	40	-1
9	41	Lp
9	42	Lp
9	43	Lp
9	44	Lp
9	45	-1
9	46	Lp
9	47	Lp
9	48	-1
9	49	-1
9	50	Lp
9	51	-1
9	52	L
9	53	-1
9	54	Lp
9	55	Lc
9	56	Lp
9	57	-1
9	58	Lc
9	59	Lc
9	60	Lc
9	61	-1
9	62	Lc
9	63	Lc
9	64	L
9	65	Lc
9	66	L
9	67	L
9	68	-1
9	69	L
9	70	Lc
9	71	Lc
9	72	Lc
9	73	Lc
9	74	Lc
9	75	Lc
9	76	Lc
9	77	L
9	78	Lc
9	79	L
9	80	L
9	81	Lc
9	82	Lc
9	83	Uc
9	84	Lc
9	85	L
9	86	Lc
9	87	L
9	88	Lc
9	89	Lc
9	90	Lc
9	91	Lc
9	92	Lc
9	93	L
9	94	L
9	95	L
9	96	L
9	97	L
9	98	L
9	99	Lc
9	100	-1
9	101	L
9	102	L
9	103	-1
9	104	L
9	105	L
9	106	L
9	107	L
9	108	-1
9	109	L
9	110	L
9	111	L
9	112	L
9	113	L
9	114	Lc
9	115	Lc
9	116	Lc
9	117	L
9	118	Lc
9	119	Lc
10	0	-1
10	1	-1
10	2	Lc
10	3	L
10	4	-1
10	5	-1
10	6	-1
10	7	L
10	8	-1
10	9	Lc
10	10	-1
10	11	L
10	12	Lc
10	13	L
10	14	-1
10	15	U
10	16	L
10	17	L
10	18	L
10	19	L
10	20	L
10	21	L
10	22	U
10	23	-1
10	24	L
10	25	Lp
10	26	-1
10	27	L
10	28	-1
10	29	U
10	30	U
10	31	Lp
10	32	Lp
10	33	Lp
10	34	Lp
10	35	Lp
10	36	Lp
10	37	Lp
10	38	Lp
10	39	Lp
10	40	Lp
10	41	Lp
10	42	-1
10	43	Lp
10	44	Lp
10	45	Lp
10	46	Lp
10	47	Lp
10	48	Lp
10	49	Lp
10	50	Lp
10	51	Lp
10	52	Lc
10	53	Lc
10	54	Lp
10	55	Lp
10	56	Lc
10	57	-1
10	58	U
10	59	-1
10	60	L
10	61	Lc
10	62	Lc
10	63	Lc
10	64	Lc
10	65	-1
10	66	L
10	67	L
10	68	L
10	69	L
10	70	Lc
10	71	-1
10	72	Lc
10	73	Lc
10	74	Lc
10	75	Lc
10	76	-1
10	77	Uc
10	78	Lc
10	79	Uc
10	80	Lc
10	81	-1
10	82	Uc
10	83	Lc
10	84	Uc
10	85	Lc
10	86	L
10	87	Lc
10	88	Lc
10	89	Lc
10	90	Lc
10	91	L
10	92	L
10	93	L
10	94	L
10	95	-1
10	96	L
10	97	Lc
10	98	Uc
10	99	L
10	100	-1
10	101	-1
10	102	-1
10	103	-1
10	104	-1
10	105	-1
10	106	L
10	107	L
10	108	L
10	109	L
10	110	L
10	111	L
10	112	-1
10	113	L
10	114	Uc
10	115	Lc
10	116	L
10	117	Uc
10	118	Uc
10	119	Lc
11	0	L
11	1	Lc
11	2	L
11	3	L
11	4	L
11	5	L
11	6	L
11	7	Lcp
11	8	L
11	9	Lc
11	10	L
11	11	Lc
11	12	Lc
11	13	Lc
11	14	L
11	15	L
11	16	Uc
11	17	L
11	18	-1
11	19	L
11	20	L
11	21	-1
11	22	L
11	23	L
11	24	L
11	25	-1
11	26	Lp
11	27	L
11	28	L
11	29	L
11	30	U
11	31	Lp
11	32	-1
11	33	Lc
11	34	Lc
11	35	Lp
11	36	Lp
11	37	Lp
11	38	Lp
11	39	Lp
11	40	Lp
11	41	Lp
11	42	Lp
11	43	Lp
11	44	Lp
11	45	Lp
11	46	Lp
11	47	-1
11	48	Lc
11	49	Lc
11	50	Lc
11	51	Lc
11	52	Lc
11	53	Lc
11	54	Lc
11	55	Lc
11	56	-1
11	57	Lp
11	58	U
11	59	Lc
11	60	U
11	61	L
11	62	Lc
11	63	Lc
11	64	L
11	65	Lc
11	66	Lc
11	67	Lc
11	68	L
11	69	L
11	70	L
11	71	Lc
11	72	Lc
11	73	Lc
11	74	Lc
11	75	L
11	76	-1
11	77	U
11	78	Lc
11	79	Lc
11	80	Uc
11	81	Lc
11	82	Lc
11	83	Lc
11	84	Lc
11	85	Lc
11	86	L
11	87	L
11	88	-1
11	89	Uc
11	90	L
11	91	Lc
11	92	L
11	93	L
11	94	L
11	95	L
11	96	Lc
11	97	L
11	98	Lc
11	99	Lc
11	100	U
11	101	L
11	102	U
11	103	L
11	104	L
11	105	L
11	106	-1
11	107	-1
11	108	L
11	109	L
11	110	-1
11	111	-1
11	112	L
11	113	L
11	114	L
11	115	Uc
11	116	Uc
11	117	Uc
11	118	Uc
11	119	-1
12	0	Uc
12	1	Uc
12	2	L
12	3	L
12	4	L
12	5	-1
12	6	Lcp
12	7	L
12	8	L
12	9	L
12	10	Lc
12	11	L
12	12	L
12	13	L
12	14	L
12	15	L
12	16	Uc
12	17	L
12	18	-1
12	19	Lp
12	20	Lp
12	21	Lp
12	22	L
12	23	L
12	24	L
12	25	L
12	26	L
12	27	Lp
12	28	Lp
12	29	-1
12	30	Lp
12	31	Lp
12	32	-1
12	33	Lc
12	34	Lp
12	35	Lp
12	36	-1
12	37	-1
12	38	Lp
12	39	-1
12	40	Lp
12	41	Lp
12	42	Lp
12	43	Lp
12	44	Lp
12	45	Lp
12	46	Lp
12	47	Lc
12	48	Lc
12	49	Lc
12	50	Lc
12	51	-1
12	52	Lc
12	53	Lc
12	54	Lc
12	55	Lc
12	56	Lc
12	57	Lp
12	58	Lp
12	59	Lc
12	60	-1
12	61	-1
12	62	-1
12	63	Lc
12	64	Lc
12	65	Lc
12	66	Lc
12	67	-1
12	68	Lc
12	69	Lc
12	70	L
12	71	L
12	72	Lc
12	73	Lc
12	74	L
12	75	L
12	76	-1
12	77	-1
12	78	U
12	79	Uc
12	80	Uc
12	81	Lc
12	82	Lc
12	83	Lc
12	84	Lc
12	85	-1
12	86	Lc
12	87	L
12	88	L
12	89	L
12	90	Lc
12	91	L
12	92	L
12	93	L
12	94	L
12	95	L
12	96	-1
12	97	Lc
12	98	Lc
12	99	U
12	100	L
12	101	L
12	102	L
12	103	L
12	104	L
12	105	L
12	106	L
12	107	L
12	108	L
12	109	L
12	110	-1
12	111	-1
12	112	L
12	113	L
12	114	Uc
12	115	Uc
12	116	-1
12	117	Uc
12	118	Uc
12	119	Uc
13	0	Lc
13	1	L
13	2	L
13	3	-1
13	4	-1
13	5	L
13	6	L
13	7	L
13	8	L
13	9	L
13	10	L
13	11	L
13	12	L
13	13	L
13	14	L
13	15	-1
13	16	L
13	17	L
13	18	Uc
13	19	Uc
13	20	-1
13	21	-1
13	22	Lp
13	23	L
13	24	L
13	25	L
13	26	U
13	27	Lp
13	28	-1
13	29	Lp
13	30	L
13	31	Lp
13	32	L
13	33	Lc
13	34	Lp
13	35	Lc
13	36	Lp
13	37	Lp
13	38	Lp
13	39	Lp
13	40	Lp
13	41	Lp
13	42	-1
13	43	Lc
13	44	Lp
13	45	Lc
13	46	Lc
13	47	Lc
13	48	Lc
13	49	Lp
13	50	Lp
13	51	-1
13	52	Lc
13	53	Lp
13	54	Lc
13	55	Lp
13	56	Lp
13	57	Lp
13	58	Lp
13	59	Lc
13	60	U
13	61	U
13	62	-1
13	63	Lc
13	64	Lc
13	65	Lc
13	66	Lc
13	67	Lc
13	68	Lc
13	69	L
13	70	-1
13	71	-1
13	72	L
13	73	Lc
13	74	L
13	75	-1
13	76	L
13	77	L
13	78	U
13	79	U
13	80	Lc
13	81	-1
13	82	-1
13	83	Lc
13	84	L
13	85	Lc
13	86	Lc
13	87	Lc
13	88	-1
13	89	-1
13	90	L
13	91	L
13	92	L
13	93	L
13	94	-1
13	95	L
13	96	Lc
13	97	-1
13	98	Lc
13	99	Lc
13	100	U
13	101	L
13	102	-1
13	103	L
13	104	L
13	105	L
13	106	L
13	107	-1
13	108	L
13	109	U
13	110	L
13	111	L
13	112	L
13	113	L
13	114	-1
13	115	L
13	116	Uc
13	117	-1
13	118	Uc
13	119	Uc
14	0	Uc
14	1	Lc
14	2	L
14	3	L
14	4	-1
14	5	L
14	6	L
14	7	Lp
14	8	Lp
14	9	Lp
14	10	L
14	11	-1
14	12	L
14	13	-1
14	14	-1
14	15	-1
14	16	-1
14	17	Lp
14	18	Uc
14	19	Lp
14	20	Lp
14	21	Lp
14	22	Lp
14	23	Lp
14	24	-1
14	25	L
14	26	Lp
14	27	Lp
14	28	-1
14	29	-1
14	30	L
14	31	L
14	32	L
14	33	L
14	34	Lc
14	35	Lp
14	36	U
14	37	Lp
14	38	Lp
14	39	Lp
14	40	Lp
14	41	Lp
14	42	Lc
14	43	-1
14	44	Lc
14	45	Lc
14	46	Lc
14	47	Lc
14	48	Lc
14	49	-1
14	50	Lp
14	51	Lp
14	52	Lp
14	53	Lp
14	54	Lp
14	55	Lc
14	56	Lp
14	57	-1
14	58	L
14	59	Lc
14	60	Lc
14	61	-1
14	62	-1
14	63	U
14	64	U
14	65	L
14	66	Lc
14	67	Lc
14	68	L
14	69	-1
14	70	Lc
14	71	Lc
14	72	Lc
14	73	-1
14	74	Lc
14	75	L
14	76	L
14	77	L
14	78	-1
14	79	-1
14	80	Lc
14	81	Lc
14	82	Lc
14	83	Lc
14	84	Lc
14	85	Lc
14	86	Lc
14	87	Lc
14	88	Lc
14	89	L
14	90	L
14	91	L
14	92	L
14	93	-1
14	94	L
14	95	L
14	96	-1
14	97	Lc
14	98	Lc
14	99	Lc
14	100	Lc
14	101	U
14	102	L
14	103	L
14	104	L
14	105	L
14	106	-1
14	107	-1
14	108	Lc
14	109	U
14	110	L
14	111	L
14	112	L
14	113	Lc
14	114	L
14	115	-1
14	116	Lc
14	117	Lc
14	118	Uc
14	119	-1
15	0	Lc
15	1	Uc
15	2	L
15	3	-1
15	4	Lc
15	5	L
15	6	Lc
15	7	Lp
15	8	Lp
15	9	-1
15	10	-1
15	11	Lp
15	12	Lcp
15	13	Lcp
15	14	Lcp
15	15	-1
15	16	Lp
15	17	Lp
15	18	Lp
15	19	-1
15	20	-1
15	21	-1
15	22	Lp
15	23	Lp
15	24	Lp
15	25	U
15	26	Lp
15	27	Lp
15	28	Lp
15	29	Lp
15	30	L
15	31	L
15	32	L
15	33	Lp
15	34	Lp
15	35	-1
15	36	Lp
15	37	Lp
15	38	Lp
15	39	-1
15	40	Lp
15	41	-1
15	42	-1
15	43	Lc
15	44	-1
15	45	Lc
15	46	Lc
15	47	Lc
15	48	Lc
15	49	Lp
15	50	Lp
15	51	Lp
15	52	-1
15	53	-1
15	54	Lc
15	55	Lp
15	56	Lc
15	57	Lc
15	58	-1
15	59	Lc
15	60	Lc
15	61	U
15	62	U
15	63	U
15	64	-1
15	65	Lc
15	66	Lc
15	67	-1
15	68	Lc
15	69	-1
15	70	Lc
15	71	Lc
15	72	Lc
15	73	Lc
15	74	-1
15	75	Lc
15	76	Lc
15	77	Lc
15	78	Lc
15	79	Lc
15	80	Lc
15	81	Lc
15	82	-1
15	83	Lc
15	84	Lc
15	85	Lc
15	86	Uc
15	87	Uc
15	88	-1
15	89	L
15	90	-1
15	91	L
15	92	L
15	93	-1
15	94	Lc
15	95	Lc
15	96	Lc
15	97	Lc
15	98	Lc
15	99	L
15	100	Lc
15	101	L
15	102	-1
15	103	U
15	104	U
15	105	Lc
15	106	Lc
15	107	-1
15	108	-1
15	109	Lc
15	110	L
15	111	L
15	112	-1
15	113	L
15	114	Lc
15	115	Lc
15	116	Lc
15	117	Lc
15	118	Lc
15	119	Lc
16	0	Lc
16	1	-1
16	2	-1
16	3	Lc
16	4	Lc
16	5	Lc
16	6	Lp
16	7	Lc
16	8	-1
16	9	Lp
16	10	Lp
16	11	Lcp
16	12	Lcp
16	13	Lcp
16	14	Lcp
16	15	Lcp
16	16	Lcp
16	17	L
16	18	L
16	19	Lp
16	20	Lp
16	21	L
16	22	-1
16	23	Lp
16	24	Lp
16	25	Lp
16	26	Lp
16	27	Lp
16	28	Lp
16	29	Lp
16	30	-1
16	31	L
16	32	-1
16	33	Lc
16	34	Lp
16	35	Lp
16	36	-1
16	37	Lp
16	38	-1
16	39	Lp
16	40	Lp
16	41	Lp
16	42	Lp
16	43	Lc
16	44	Lc
16	45	Lc
16	46	Lc
16	47	Lc
16	48	Lc
16	49	Lc
16	50	Lc
16	51	Uc
16	52	Lp
16	53	Lc
16	54	Lp
16	55	Lc
16	56	Lc
16	57	Lc
16	58	Lc
16	59	L
16	60	-1
16	61	U
16	62	L
16	63	U
16	64	-1
16	65	Lc
16	66	-1
16	67	Lc
16	68	Lc
16	69	Uc
16	70	Lc
16	71	Lc
16	72	Lc
16	73	Lc
16	74	Lc
16	75	Lc
16	76	Lc
16	77	Lc
16	78	-1
16	79	Lc
16	80	Lc
16	81	-1
16	82	Lc
16	83	Lc
16	84	Lc
16	85	Lc
16	86	Lc
16	87	Lc
16	88	Lc
16	89	-1
16	90	Lc
16	91	L
16	92	L
16	93	L
16	94	-1
16	95	Lc
16	96	Lc
16	97	Lc
16	98	-1
16	99	-1
16	100	L
16	101	L
16	102	Lc
16	103	U
16	104	L
16	105	L
16	106	-1
16	107	Lc
16	108	Lc
16	109	-1
16	110	Lc
16	111	L
16	112	U
16	113	Lc
16	114	L
16	115	Lc
16	116	Lc
16	117	Lc
16	118	Lc
16	119	Lc
17	0	Lc
17	1	Lc
17	2	Lc
17	3	Lc
17	4	Lc
17	5	Lc
17	6	Lp
17	7	-1
17	8	Lc
17	9	Lcp
17	10	Lcp
17	11	-1
17	12	Lcp
17	13	Lcp
17	14	Uc
17	15	Uc
17	16	Lp
17	17	L
17	18	L
17	19	Lp
17	20	Lp
17	21	U
17	22	-1
17	23	-1
17	24	Lp
17	25	Lp
17	26	Lp
17	27	Lp
17	28	Lp
17	29	L
17	30	-1
17	31	Lc
17	32	Lc
17	33	-1
17	34	Lc
17	35	Lp
17	36	Lp
17	37	-1
17	38	Lp
17	39	Lp
17	40	-1
17	41	Lp
17	42	Lp
17	43	Lp
17	44	-1
17	45	Lc
17	46	Lc
17	47	Lc
17	48	Lc
17	49	Lc
17	50	Lc
17	51	Lc
17	52	Lc
17	53	Lp
17	54	-1
17	55	-1
17	56	Lc
17	57	U
17	58	L
17	59	Lc
17	60	L
17	61	U
17	62	L
17	63	-1
17	64	Lc
17	65	Lc
17	66	Lc
17	67	Lc
17	68	Uc
17	69	Lc
17	70	Lc
17	71	Lc
17	72	-1
17	73	Lc
17	74	Lc
17	75	Lc
17	76	Lc
17	77	Lc
17	78	Uc
17	79	Uc
17	80	Lc
17	81	Lc
17	82	Lc
17	83	Lc
17	84	Lc
17	85	Lc
17	86	Lc
17	87	-1
17	88	Lc
17	89	Lc
17	90	Lc
17	91	Lc
17	92	L
17	93	Lc
17	94	Lc
17	95	Lc
17	96	Lc
17	97	Lc
17	98	L
17	99	L
17	100	-1
17	101	Lc
17	102	-1
17	103	Lc
17	104	L
17	105	U
17	106	L
17	107	Lc
17	108	Uc
17	109	Lc
17	110	Lc
17	111	-1
17	112	U
17	113	-1
17	114	Lc
17	115	-1
17	116	-1
17	117	Lc
17	118	Lc
17	119	Lc
18	0	Lc
18	1	Lc
18	2	Lc
18	3	Lcp
18	4	-1
18	5	Lc
18	6	Lc
18	7	Lc
18	8	Lcp
18	9	Lcp
18	10	Lp
18	11	-1
18	12	Lcp
18	13	Lcp
18	14	Lcp
18	15	Uc
18	16	Uc
18	17	Lp
18	18	Lp
18	19	L
18	20	-1
18	21	Lp
18	22	U
18	23	-1
18	24	L
18	25	Lp
18	26	-1
18	27	Lp
18	28	Lp
18	29	L
18	30	L
18	31	Lp
18	32	Lc
18	33	Lp
18	34	Lp
18	35	Lc
18	36	Lc
18	37	Lp
18	38	Lp
18	39	-1
18	40	Uc
18	41	Lp
18	42	Lc
18	43	Lc
18	44	Lc
18	45	Lc
18	46	-1
18	47	Lc
18	48	Lc
18	49	-1
18	50	Lc
18	51	Lc
18	52	Lc
18	53	Lc
18	54	Lc
18	55	-1
18	56	-1
18	57	Lc
18	58	Lc
18	59	Lc
18	60	L
18	61	L
18	62	U
18	63	L
18	64	Lc
18	65	Lc
18	66	-1
18	67	Lc
18	68	Lc
18	69	Lc
18	70	Lc
18	71	Lc
18	72	Lc
18	73	Lc
18	74	-1
18	75	Uc
18	76	Lc
18	77	Lc
18	78	Uc
18	79	Uc
18	80	-1
18	81	Lc
18	82	Lc
18	83	Lc
18	84	-1
18	85	Lc
18	86	Lc
18	87	Lc
18	88	Lc
18	89	Lc
18	90	Lc
18	91	Lc
18	92	Lc
18	93	Lc
18	94	L
18	95	L
18	96	Uc
18	97	L
18	98	L
18	99	L
18	100	L
18	101	Lc
18	102	L
18	103	-1
18	104	L
18	105	U
18	106	Lc
18	107	Lc
18	108	Lc
18	109	Lc
18	110	Lc
18	111	Lc
18	112	L
18	113	-1
18	114	Lc
18	115	Lc
18	116	Lc
18	117	Lc
18	118	Lc
18	119	Lc
19	0	Lc
19	1	Lc
19	2	Lc
19	3	Lc
19	4	Lc
19	5	-1
19	6	Lc
19	7	-1
19	8	Lc
19	9	Lcp
19	10	Lp
19	11	Lcp
19	12	Lcp
19	13	Lcp
19	14	Lcp
19	15	Lcp
19	16	Lcp
19	17	Lp
19	18	-1
19	19	Lp
19	20	-1
19	21	L
19	22	Lp
19	23	L
19	24	Lp
19	25	Lp
19	26	Lc
19	27	Lp
19	28	L
19	29	L
19	30	L
19	31	-1
19	32	Lc
19	33	Lc
19	34	L
19	35	Lc
19	36	Lc
19	37	Lp
19	38	Lp
19	39	Lp
19	40	Lp
19	41	-1
19	42	Lp
19	43	Lc
19	44	Lc
19	45	Lc
19	46	Lc
19	47	Lc
19	48	Lc
19	49	Lc
19	50	Lc
19	51	Lc
19	52	Lc
19	53	Lc
19	54	-1
19	55	Lc
19	56	Lc
19	57	-1
19	58	Lc
19	59	Lc
19	60	-1
19	61	L
19	62	L
19	63	U
19	64	L
19	65	Lc
19	66	-1
19	67	-1
19	68	Lc
19	69	Lc
19	70	-1
19	71	Lc
19	72	Lc
19	73	Lc
19	74	Lc
19	75	Lc
19	76	-1
19	77	Uc
19	78	Uc
19	79	Uc
19	80	Uc
19	81	-1
19	82	Uc
19	83	Lc
19	84	-1
19	85	Lc
19	86	Lc
19	87	Lc
19	88	Lc
19	89	Lc
19	90	Lc
19	91	Lc
19	92	L
19	93	L
19	94	-1
19	95	Lc
19	96	L
19	97	Lc
19	98	Uc
19	99	-1
19	100	Lc
19	101	-1
19	102	-1
19	103	L
19	104	-1
19	105	L
19	106	Lc
19	107	Lc
19	108	Lc
19	109	Lc
19	110	Lc
19	111	Lc
19	112	Lc
19	113	L
19	114	-1
19	115	Lc
19	116	-1
19	117	Lc
19	118	Lc
19	119	Lc
20	0	-1
20	1	L
20	2	L
20	3	Lcp
20	4	Lcp
20	5	Lcp
20	6	Lc
20	7	-1
20	8	Lcp
20	9	Lcp
20	10	Lcp
20	11	-1
20	12	L
20	13	Lcp
20	14	Lcp
20	15	Lcp
20	16	Lp
20	17	Lp
20	18	Lp
20	19	L
20	20	L
20	21	Lp
20	22	L
20	23	L
20	24	L
20	25	Lc
20	26	Uc
20	27	Lc
20	28	-1
20	29	L
20	30	L
20	31	Lp
20	32	L
20	33	Lc
20	34	Lc
20	35	Lp
20	36	Lp
20	37	Lc
20	38	Lp
20	39	-1
20	40	-1
20	41	Lp
20	42	Lc
20	43	Lc
20	44	Lc
20	45	-1
20	46	Lc
20	47	-1
20	48	Lc
20	49	Lc
20	50	-1
20	51	Lc
20	52	Lc
20	53	Lc
20	54	Lc
20	55	-1
20	56	Lc
20	57	-1
20	58	-1
20	59	L
20	60	Lc
20	61	L
20	62	L
20	63	L
20	64	U
20	65	Lc
20	66	Lc
20	67	Lc
20	68	Lc
20	69	Lc
20	70	Lc
20	71	Lc
20	72	Lc
20	73	Lc
20	74	Lc
20	75	Lc
20	76	Lc
20	77	Lc
20	78	Lc
20	79	Lc
20	80	Uc
20	81	Uc
20	82	Lc
20	83	-1
20	84	Lc
20	85	-1
20	86	Lc
20	87	Lc
20	88	Lc
20	89	Lc
20	90	Lc
20	91	-1
20	92	Lc
20	93	Lc
20	94	-1
20	95	Lc
20	96	Lc
20	97	Uc
20	98	Uc
20	99	Uc
20	100	Lc
20	101	-1
20	102	L
20	103	Lc
20	104	L
20	105	Lc
20	106	Lc
20	107	-1
20	108	Lc
20	109	Lc
20	110	Lc
20	111	-1
20	112	-1
20	113	Lc
20	114	Lc
20	115	-1
20	116	-1
20	117	Lc
20	118	Lc
20	119	Lc
21	0	L
21	1	Lc
21	2	L
21	3	Lcp
21	4	-1
21	5	Lcp
21	6	Lcp
21	7	Lcp
21	8	Uc
21	9	Lcp
21	10	L
21	11	L
21	12	-1
21	13	Uc
21	14	Lcp
21	15	Lcp
21	16	Lcp
21	17	Lcp
21	18	Lp
21	19	-1
21	20	Lcp
21	21	U
21	22	-1
21	23	L
21	24	L
21	25	L
21	26	Lc
21	27	-1
21	28	L
21	29	-1
21	30	Lp
21	31	L
21	32	L
21	33	Lc
21	34	Lc
21	35	-1
21	36	Lc
21	37	Lc
21	38	L
21	39	L
21	40	Lc
21	41	Lc
21	42	Lc
21	43	L
21	44	Lc
21	45	-1
21	46	Lc
21	47	Lc
21	48	Lc
21	49	Lc
21	50	Lc
21	51	Lc
21	52	Lc
21	53	Lc
21	54	-1
21	55	Lc
21	56	Lc
21	57	Lc
21	58	Lc
21	59	-1
21	60	L
21	61	-1
21	62	L
21	63	L
21	64	Lc
21	65	-1
21	66	-1
21	67	Lc
21	68	Lc
21	69	Lc
21	70	-1
21	71	Lc
21	72	Lc
21	73	Lc
21	74	-1
21	75	Lc
21	76	Lc
21	77	Uc
21	78	Lc
21	79	Lc
21	80	Lc
21	81	Uc
21	82	Lc
21	83	Uc
21	84	Lc
21	85	-1
21	86	Lc
21	87	Lc
21	88	Lc
21	89	-1
21	90	Lc
21	91	-1
21	92	Lc
21	93	Lc
21	94	Lc
21	95	Lc
21	96	Lc
21	97	Lc
21	98	Lc
21	99	Uc
21	100	Lc
21	101	L
21	102	L
21	103	-1
21	104	L
21	105	Lc
21	106	Lc
21	107	-1
21	108	Lc
21	109	Lc
21	110	Lc
21	111	Lc
21	112	Lc
21	113	Lc
21	114	Lc
21	115	-1
21	116	-1
21	117	Lc
21	118	Lc
21	119	L
22	0	L
22	1	Lc
22	2	Lc
22	3	Lc
22	4	Lcp
22	5	-1
22	6	-1
22	7	Uc
22	8	Uc
22	9	Lcp
22	10	Lcp
22	11	L
22	12	Lcp
22	13	Lcp
22	14	Lcp
22	15	Lcp
22	16	Lcp
22	17	Lcp
22	18	Lcp
22	19	Lcp
22	20	-1
22	21	-1
22	22	-1
22	23	L
22	24	L
22	25	-1
22	26	L
22	27	-1
22	28	L
22	29	L
22	30	Lp
22	31	Lp
22	32	L
22	33	Lp
22	34	Lp
22	35	Lc
22	36	Lc
22	37	-1
22	38	L
22	39	U
22	40	Lc
22	41	Lc
22	42	L
22	43	-1
22	44	L
22	45	Lc
22	46	-1
22	47	Lc
22	48	Lc
22	49	Lc
22	50	Lc
22	51	Lc
22	52	Uc
22	53	Lc
22	54	Lc
22	55	Lc
22	56	U
22	57	Lc
22	58	Lc
22	59	-1
22	60	-1
22	61	L
22	62	Lc
22	63	Lc
22	64	Lc
22	65	Lc
22	66	Lc
22	67	Lc
22	68	Lc
22	69	Lc
22	70	Lc
22	71	-1
22	72	-1
22	73	Lc
22	74	Lc
22	75	Lc
22	76	Lc
22	77	Uc
22	78	Uc
22	79	Lc
22	80	Lc
22	81	Lc
22	82	Lc
22	83	Lc
22	84	Lc
22	85	Lc
22	86	Lc
22	87	Lc
22	88	-1
22	89	-1
22	90	Lc
22	91	Lc
22	92	Lc
22	93	Lc
22	94	Lc
22	95	Lc
22	96	Lc
22	97	Lc
22	98	Lc
22	99	-1
22	100	L
22	101	L
22	102	L
22	103	-1
22	104	L
22	105	Lc
22	106	Lc
22	107	Lc
22	108	-1
22	109	Lc
22	110	L
22	111	-1
22	112	Lc
22	113	Lc
22	114	Lc
22	115	Lc
22	116	-1
22	117	Lc
22	118	L
22	119	L
23	0	-1
23	1	Lc
23	2	-1
23	3	Lc
23	4	-1
23	5	Uc
23	6	Uc
23	7	Lc
23	8	Lc
23	9	-1
23	10	Lcp
23	11	Lcp
23	12	Lcp
23	13	-1
23	14	Lcp
23	15	-1
23	16	Lcp
23	17	Lcp
23	18	-1
23	19	-1
23	20	L
23	21	L
23	22	L
23	23	L
23	24	-1
23	25	-1
23	26	Lc
23	27	Lp
23	28	Lc
23	29	L
23	30	L
23	31	L
23	32	-1
23	33	Lc
23	34	Lp
23	35	Lp
23	36	Lc
23	37	Lp
23	38	Lp
23	39	L
23	40	U
23	41	L
23	42	Lp
23	43	Lp
23	44	L
23	45	Lc
23	46	Lc
23	47	-1
23	48	Lc
23	49	Lc
23	50	Lc
23	51	Uc
23	52	Uc
23	53	-1
23	54	Lc
23	55	Lc
23	56	Lc
23	57	Lc
23	58	L
23	59	Lc
23	60	Lc
23	61	Lc
23	62	-1
23	63	L
23	64	Lc
23	65	Lc
23	66	-1
23	67	-1
23	68	Lc
23	69	Uc
23	70	Lc
23	71	-1
23	72	-1
23	73	Lc
23	74	Lc
23	75	Lc
23	76	Lc
23	77	Uc
23	78	Lc
23	79	Lc
23	80	Lc
23	81	Lc
23	82	Lc
23	83	Lc
23	84	Lc
23	85	Lc
23	86	Lc
23	87	Lc
23	88	Lc
23	89	Lc
23	90	Lc
23	91	Uc
23	92	Lc
23	93	Lc
23	94	Lc
23	95	-1
23	96	L
23	97	Lc
23	98	-1
23	99	-1
23	100	L
23	101	L
23	102	L
23	103	L
23	104	Lc
23	105	Lc
23	106	Lc
23	107	Lc
23	108	Lc
23	109	Lc
23	110	Lc
23	111	Lc
23	112	L
23	113	-1
23	114	Lc
23	115	Lc
23	116	Lc
23	117	Lc
23	118	-1
23	119	L
24	0	Lc
24	1	Lc
24	2	Lc
24	3	Lc
24	4	Lc
24	5	Lc
24	6	Uc
24	7	Lc
24	8	Lc
24	9	Lcp
24	10	Lcp
24	11	Lcp
24	12	-1
24	13	Lcp
24	14	Lcp
24	15	-1
24	16	-1
24	17	Lcp
24	18	Lcp
24	19	Lcp
24	20	L
24	21	-1
24	22	-1
24	23	L
24	24	L
24	25	L
24	26	Lp
24	27	Lc
24	28	Lc
24	29	Lc
24	30	-1
24	31	L
24	32	L
24	33	Lc
24	34	Lc
24	35	Lc
24	36	-1
24	37	-1
24	38	Lp
24	39	L
24	40	L
24	41	L
24	42	Lp
24	43	Lp
24	44	L
24	45	-1
24	46	Lc
24	47	-1
24	48	Lc
24	49	-1
24	50	Lc
24	51	Lc
24	52	Uc
24	53	Uc
24	54	Lc
24	55	Lc
24	56	-1
24	57	Lc
24	58	L
24	59	-1
24	60	L
24	61	Lc
24	62	Lc
24	63	Lc
24	64	Lc
24	65	Lc
24	66	Uc
24	67	-1
24	68	-1
24	69	Lc
24	70	Uc
24	71	Lc
24	72	Lc
24	73	Lc
24	74	-1
24	75	Lc
24	76	Lc
24	77	-1
24	78	Lc
24	79	Lc
24	80	Lc
24	81	Lc
24	82	Lc
24	83	-1
24	84	-1
24	85	Lc
24	86	Lc
24	87	-1
24	88	Lc
24	89	Lc
24	90	Lc
24	91	Lc
24	92	Lc
24	93	Uc
24	94	Lc
24	95	L
24	96	-1
24	97	L
24	98	Lc
24	99	L
24	100	Lc
24	101	L
24	102	-1
24	103	L
24	104	L
24	105	Lc
24	106	Lc
24	107	Lc
24	108	Lc
24	109	Lc
24	110	-1
24	111	Lc
24	112	Lc
24	113	-1
24	114	Lc
24	115	Lc
24	116	-1
24	117	Lc
24	118	U
24	119	Lc
25	0	Lc
25	1	Lc
25	2	-1
25	3	Lc
25	4	Lc
25	5	Lc
25	6	-1
25	7	Lcp
25	8	Lcp
25	9	Lcp
25	10	-1
25	11	Lcp
25	12	Lcp
25	13	Lcp
25	14	Lcp
25	15	Lcp
25	16	Lcp
25	17	Lp
25	18	Lp
25	19	-1
25	20	-1
25	21	-1
25	22	L
25	23	L
25	24	L
25	25	L
25	26	L
25	27	Lc
25	28	Lc
25	29	Lc
25	30	L
25	31	Lc
25	32	-1
25	33	-1
25	34	Lc
25	35	Lc
25	36	Lc
25	37	-1
25	38	Lc
25	39	L
25	40	-1
25	41	-1
25	42	Lp
25	43	L
25	44	L
25	45	Lc
25	46	Lc
25	47	Lc
25	48	Lc
25	49	Lc
25	50	Lc
25	51	-1
25	52	Uc
25	53	Uc
25	54	Lc
25	55	Lc
25	56	Lc
25	57	Lc
25	58	L
25	59	L
25	60	L
25	61	Lc
25	62	Lc
25	63	Lc
25	64	Lc
25	65	Uc
25	66	-1
25	67	Lc
25	68	Lc
25	69	Lc
25	70	Lc
25	71	-1
25	72	Lc
25	73	Lc
25	74	Lc
25	75	Lc
25	76	-1
25	77	Lc
25	78	Lc
25	79	Lc
25	80	Lc
25	81	Lc
25	82	Lc
25	83	Lc
25	84	Lc
25	85	Lc
25	86	-1
25	87	Lc
25	88	Lc
25	89	Lc
25	90	Lc
25	91	Lc
25	92	Lc
25	93	Lc
25	94	Lc
25	95	-1
25	96	L
25	97	Lc
25	98	L
25	99	Lc
25	100	-1
25	101	-1
25	102	L
25	103	L
25	104	Lc
25	105	Lc
25	106	Uc
25	107	-1
25	108	Lc
25	109	Lc
25	110	Lc
25	111	Lc
25	112	Lc
25	113	Lc
25	114	-1
25	115	Lc
25	116	Lc
25	117	-1
25	118	U
25	119	Lc
26	0	Lc
26	1	Lc
26	2	Lc
26	3	Lc
26	4	Lc
26	5	-1
26	6	Lc
26	7	Lcp
26	8	Lcp
26	9	Lc
26	10	Lc
26	11	Lcp
26	12	Lcp
26	13	Lcp
26	14	Lcp
26	15	Lcp
26	16	-1
26	17	-1
26	18	Lp
26	19	-1
26	20	-1
26	21	L
26	22	Lp
26	23	L
26	24	L
26	25	L
26	26	Lc
26	27	Lc
26	28	Lc
26	29	-1
26	30	-1
26	31	L
26	32	Lc
26	33	-1
26	34	-1
26	35	Lc
26	36	Lc
26	37	-1
26	38	-1
26	39	Lp
26	40	L
26	41	Lp
26	42	Lp
26	43	Lp
26	44	Lp
26	45	Lc
26	46	-1
26	47	L
26	48	Lc
26	49	Lc
26	50	Lc
26	51	Uc
26	52	-1
26	53	Lc
26	54	Lc
26	55	Lc
26	56	L
26	57	L
26	58	-1
26	59	Lc
26	60	L
26	61	L
26	62	Lc
26	63	L
26	64	Uc
26	65	Uc
26	66	L
26	67	Lc
26	68	Lc
26	69	-1
26	70	-1
26	71	Lc
26	72	Lc
26	73	Lc
26	74	Lc
26	75	Lc
26	76	-1
26	77	Lc
26	78	Lc
26	79	Lc
26	80	-1
26	81	Lc
26	82	Lc
26	83	Lc
26	84	-1
26	85	Lc
26	86	Lc
26	87	Lc
26	88	-1
26	89	Lc
26	90	Lc
26	91	Lc
26	92	Lc
26	93	Lc
26	94	Lc
26	95	Lc
26	96	Lc
26	97	-1
26	98	L
26	99	L
26	100	Lc
26	101	L
26	102	Lc
26	103	Lc
26	104	-1
26	105	Lc
26	106	Lc
26	107	Lc
26	108	Lc
26	109	Lc
26	110	Lc
26	111	Lc
26	112	Lc
26	113	Lc
26	114	Lc
26	115	L
26	116	Lc
26	117	Lc
26	118	L
26	119	L
27	0	Lc
27	1	Lc
27	2	Lc
27	3	Uc
27	4	Lc
27	5	-1
27	6	Lc
27	7	-1
27	8	-1
27	9	Lc
27	10	Lcp
27	11	L
27	12	Lcp
27	13	Lcp
27	14	Lcp
27	15	Lcp
27	16	-1
27	17	-1
27	18	-1
27	19	Lc
27	20	Lp
27	21	Lp
27	22	L
27	23	L
27	24	L
27	25	L
27	26	Lc
27	27	-1
27	28	L
27	29	Lc
27	30	Lc
27	31	L
27	32	Lc
27	33	Lc
27	34	Lc
27	35	Lc
27	36	-1
27	37	Lc
27	38	L
27	39	Lp
27	40	L
27	41	-1
27	42	-1
27	43	U
27	44	L
27	45	Lp
27	46	Lp
27	47	L
27	48	Lc
27	49	Lc
27	50	Lc
27	51	-1
27	52	Uc
27	53	Uc
27	54	-1
27	55	Lc
27	56	Lc
27	57	-1
27	58	L
27	59	L
27	60	Lc
27	61	L
27	62	Lc
27	63	-1
27	64	Lc
27	65	Uc
27	66	-1
27	67	Lc
27	68	Lc
27	69	Lc
27	70	Lc
27	71	Lc
27	72	Lc
27	73	Lc
27	74	-1
27	75	Lc
27	76	Lc
27	77	Lc
27	78	Lc
27	79	Lc
27	80	-1
27	81	Lc
27	82	Lc
27	83	Lc
27	84	Lc
27	85	Lc
27	86	-1
27	87	Lc
27	88	Lc
27	89	Lc
27	90	Lc
27	91	Lc
27	92	Lc
27	93	Lc
27	94	Lc
27	95	Lc
27	96	Lc
27	97	L
27	98	L
27	99	L
27	100	-1
27	101	-1
27	102	Lc
27	103	Lc
27	104	Lc
27	105	-1
27	106	Lc
27	107	Lc
27	108	Lc
27	109	Lc
27	110	Lc
27	111	-1
27	112	-1
27	113	-1
27	114	Lc
27	115	L
27	116	L
27	117	Lc
27	118	L
27	119	L
28	0	Lc
28	1	Lc
28	2	Lc
28	3	Lc
28	4	Lc
28	5	Lc
28	6	Lc
28	7	Lc
28	8	Lc
28	9	Lc
28	10	Lcp
28	11	Lcp
28	12	Lcp
28	13	Lcp
28	14	Lcp
28	15	Lc
28	16	Lc
28	17	Lc
28	18	Lp
28	19	Lc
28	20	Lc
28	21	-1
28	22	Lc
28	23	L
28	24	Lc
28	25	-1
28	26	-1
28	27	Lc
28	28	L
28	29	Lc
28	30	Lc
28	31	-1
28	32	Lc
28	33	Lp
28	34	L
28	35	Lp
28	36	Lc
28	37	L
28	38	Lc
28	39	L
28	40	Lp
28	41	L
28	42	L
28	43	L
28	44	-1
28	45	Lc
28	46	L
28	47	L
28	48	L
28	49	Lc
28	50	L
28	51	-1
28	52	Uc
28	53	-1
28	54	Uc
28	55	Lc
28	56	-1
28	57	L
28	58	L
28	59	L
28	60	-1
28	61	Lc
28	62	-1
28	63	Lc
28	64	-1
28	65	L
28	66	-1
28	67	-1
28	68	Lc
28	69	Lc
28	70	Lc
28	71	Lc
28	72	-1
28	73	Lc
28	74	Lc
28	75	-1
28	76	Lc
28	77	Lc
28	78	Lc
28	79	Lc
28	80	-1
28	81	Lc
28	82	Lc
28	83	Lc
28	84	Lc
28	85	Lc
28	86	Lc
28	87	-1
28	88	Lc
28	89	Lc
28	90	-1
28	91	Lc
28	92	Lc
28	93	Lc
28	94	Lc
28	95	Lc
28	96	Lc
28	97	Lc
28	98	-1
28	99	L
28	100	-1
28	101	-1
28	102	-1
28	103	Lc
28	104	Lc
28	105	-1
28	106	Lc
28	107	Lc
28	108	Lc
28	109	Lc
28	110	Lc
28	111	Lc
28	112	Lc
28	113	L
28	114	Lc
28	115	-1
28	116	L
28	117	L
28	118	L
28	119	-1
29	0	Lc
29	1	Lc
29	2	Lc
29	3	-1
29	4	Lc
29	5	Lc
29	6	Lc
29	7	Lc
29	8	-1
29	9	Lc
29	10	U
29	11	Lcp
29	12	L
29	13	Lcp
29	14	Lcp
29	15	Lc
29	16	Lc
29	17	L
29	18	-1
29	19	Lp
29	20	Lc
29	21	Lc
29	22	-1
29	23	Lc
29	24	L
29	25	L
29	26	Lc
29	27	Lc
29	28	Lc
29	29	-1
29	30	-1
29	31	-1
29	32	L
29	33	Lp
29	34	Lp
29	35	Lp
29	36	L
29	37	Lp
29	38	Lc
29	39	L
29	40	Lp
29	41	L
29	42	L
29	43	-1
29	44	L
29	45	Lc
29	46	L
29	47	L
29	48	L
29	49	-1
29	50	L
29	51	-1
29	52	Lc
29	53	Lc
29	54	L
29	55	Lc
29	56	L
29	57	L
29	58	L
29	59	L
29	60	L
29	61	L
29	62	Lc
29	63	Lc
29	64	Lc
29	65	-1
29	66	L
29	67	Lc
29	68	Lc
29	69	Lc
29	70	Lc
29	71	-1
29	72	Lc
29	73	Lc
29	74	Lc
29	75	Lc
29	76	-1
29	77	-1
29	78	Lc
29	79	Lc
29	80	Lc
29	81	Lc
29	82	Lc
29	83	Lc
29	84	Lc
29	85	Lc
29	86	-1
29	87	Lc
29	88	Lc
29	89	-1
29	90	-1
29	91	Lc
29	92	-1
29	93	Lc
29	94	-1
29	95	-1
29	96	-1
29	97	-1
29	98	Lc
29	99	-1
29	100	-1
29	101	Lc
29	102	Lc
29	103	Lc
29	104	-1
29	105	Lc
29	106	Lc
29	107	Lc
29	108	Lc
29	109	Lc
29	110	Lc
29	111	Lc
29	112	-1
29	113	Lc
29	114	Lc
29	115	-1
29	116	-1
29	117	-1
29	118	L
29	119	-1
30	0	L
30	1	Lc
30	2	Lc
30	3	Lc
30	4	Lc
30	5	Lc
30	6	-1
30	7	Lc
30	8	Lc
30	9	U
30	10	Lc
30	11	Lc
30	12	Lc
30	13	Lcp
30	14	Lcp
30	15	Lc
30	16	-1
30	17	-1
30	18	Lc
30	19	U
30	20	Lc
30	21	L
30	22	L
30	23	-1
30	24	Lc
30	25	-1
30	26	L
30	27	Lc
30	28	-1
30	29	-1
30	30	Lc
30	31	-1
30	32	L
30	33	Lp
30	34	Lp
30	35	Lp
30	36	Lp
30	37	-1
30	38	L
30	39	Lc
30	40	Lp
30	41	-1
30	42	L
30	43	L
30	44	L
30	45	L
30	46	-1
30	47	Lc
30	48	Lc
30	49	-1
30	50	-1
30	51	Lc
30	52	Lc
30	53	L
30	54	Lc
30	55	L
30	56	L
30	57	-1
30	58	L
30	59	L
30	60	L
30	61	L
30	62	Lc
30	63	Lc
30	64	Lc
30	65	Lc
30	66	-1
30	67	L
30	68	Lc
30	69	Lc
30	70	Lc
30	71	Lc
30	72	Lc
30	73	Uc
30	74	-1
30	75	Lc
30	76	Lc
30	77	Lc
30	78	-1
30	79	Lc
30	80	Lc
30	81	-1
30	82	-1
30	83	Lc
30	84	Lc
30	85	Lc
30	86	Lc
30	87	Lc
30	88	Lc
30	89	Lc
30	90	Lc
30	91	Lc
30	92	Lc
30	93	Lc
30	94	-1
30	95	Lc
30	96	Lc
30	97	Lc
30	98	Lc
30	99	Lc
30	100	Lc
30	101	Lc
30	102	Lc
30	103	-1
30	104	Lc
30	105	Lc
30	106	Lc
30	107	Lc
30	108	Lc
30	109	-1
30	110	Lc
30	111	Lc
30	112	Lc
30	113	Lc
30	114	Lc
30	115	-1
30	116	-1
30	117	L
30	118	-1
30	119	-1
31	0	-1
31	1	-1
31	2	Lc
31	3	Lc
31	4	L
31	5	Lc
31	6	Lc
31	7	Lc
31	8	L
31	9	L
31	10	Lc
31	11	U
31	12	Lc
31	13	Lc
31	14	Lc
31	15	Lc
31	16	Lc
31	17	Lc
31	18	Lc
31	19	U
31	20	U
31	21	U
31	22	L
31	23	Lc
31	24	Lc
31	25	-1
31	26	Lc
31	27	L
31	28	L
31	29	Lc
31	30	Lc
31	31	Lc
31	32	L
31	33	L
31	34	L
31	35	Lc
31	36	Lc
31	37	Lcp
31	38	Uc
31	39	L
31	40	Lp
31	41	Lp
31	42	Lp
31	43	-1
31	44	L
31	45	L
31	46	L
31	47	Lc
31	48	-1
31	49	Lc
31	50	Lc
31	51	Lc
31	52	-1
31	53	Lc
31	54	-1
31	55	-1
31	56	-1
31	57	L
31	58	L
31	59	L
31	60	Uc
31	61	Uc
31	62	Lc
31	63	Lc
31	64	Lc
31	65	Uc
31	66	Lc
31	67	Uc
31	68	-1
31	69	Lc
31	70	Lc
31	71	-1
31	72	-1
31	73	Lc
31	74	Uc
31	75	Lc
31	76	Lc
31	77	Uc
31	78	Lc
31	79	-1
31	80	Lc
31	81	-1
31	82	Lc
31	83	Lc
31	84	Lc
31	85	Lc
31	86	Lc
31	87	Lc
31	88	Lc
31	89	Lc
31	90	Lc
31	91	Uc
31	92	Lc
31	93	-1
31	94	Lc
31	95	Lc
31	96	Lc
31	97	Lc
31	98	-1
31	99	Lc
31	100	Lc
31	101	-1
31	102	Lc
31	103	Lc
31	104	Lc
31	105	Lc
31	106	Lc
31	107	Lc
31	108	Lc
31	109	-1
31	110	-1
31	111	Lc
31	112	-1
31	113	Lc
31	114	Lc
31	115	-1
31	116	L
31	117	-1
31	118	Lc
31	119	-1
32	0	Lc
32	1	Lc
32	2	Lc
32	3	L
32	4	-1
32	5	Lc
32	6	L
32	7	L
32	8	L
32	9	-1
32	10	L
32	11	L
32	12	U
32	13	U
32	14	Lc
32	15	-1
32	16	-1
32	17	-1
32	18	U
32	19	L
32	20	L
32	21	L
32	22	U
32	23	L
32	24	Lc
32	25	Lc
32	26	Lc
32	27	Lc
32	28	Lc
32	29	Lc
32	30	Lc
32	31	-1
32	32	Lc
32	33	L
32	34	-1
32	35	Lc
32	36	Lp
32	37	Uc
32	38	Lc
32	39	Lc
32	40	Lc
32	41	Lp
32	42	L
32	43	-1
32	44	L
32	45	L
32	46	L
32	47	L
32	48	Lc
32	49	Uc
32	50	Lc
32	51	-1
32	52	Lc
32	53	Lc
32	54	-1
32	55	Lc
32	56	U
32	57	L
32	58	L
32	59	Lc
32	60	U
32	61	Lc
32	62	Lc
32	63	Lc
32	64	Lc
32	65	Uc
32	66	Uc
32	67	Lc
32	68	Uc
32	69	Lc
32	70	-1
32	71	Lc
32	72	-1
32	73	Lc
32	74	Lc
32	75	Uc
32	76	Uc
32	77	-1
32	78	Uc
32	79	-1
32	80	Lc
32	81	Lc
32	82	Lc
32	83	Lc
32	84	Lc
32	85	-1
32	86	Lc
32	87	-1
32	88	Lc
32	89	-1
32	90	Lc
32	91	Lc
32	92	Uc
32	93	Lc
32	94	Lc
32	95	Lc
32	96	-1
32	97	Lc
32	98	Lc
32	99	Lc
32	100	Lc
32	101	Lc
32	102	Lc
32	103	Lc
32	104	Lc
32	105	Lc
32	106	Lc
32	107	Lc
32	108	Lc
32	109	Lc
32	110	Lc
32	111	-1
32	112	Lc
32	113	U
32	114	Lc
32	115	L
32	116	L
32	117	L
32	118	-1
32	119	Lc
33	0	Lc
33	1	Lc
33	2	Lc
33	3	Lc
33	4	L
33	5	L
33	6	L
33	7	L
33	8	L
33	9	-1
33	10	L
33	11	L
33	12	L
33	13	L
33	14	-1
33	15	Lc
33	16	Lc
33	17	U
33	18	L
33	19	L
33	20	L
33	21	L
33	22	L
33	23	L
33	24	Lc
33	25	Lc
33	26	Lc
33	27	Lc
33	28	Lc
33	29	Lc
33	30	Lc
33	31	Lc
33	32	L
33	33	Lc
33	34	-1
33	35	Lp
33	36	-1
33	37	Uc
33	38	Lc
33	39	Lc
33	40	L
33	41	L
33	42	L
33	43	Lc
33	44	Lc
33	45	L
33	46	L
33	47	-1
33	48	Lc
33	49	Lc
33	50	Uc
33	51	Lc
33	52	Lc
33	53	-1
33	54	U
33	55	Lc
33	56	U
33	57	L
33	58	L
33	59	Lc
33	60	-1
33	61	-1
33	62	Lc
33	63	Lc
33	64	Lc
33	65	Lc
33	66	Lc
33	67	Uc
33	68	Lc
33	69	Lc
33	70	Lc
33	71	Lc
33	72	Lc
33	73	Lc
33	74	Lc
33	75	Lc
33	76	Lc
33	77	Lc
33	78	Uc
33	79	Lc
33	80	Lc
33	81	Lc
33	82	Lc
33	83	-1
33	84	Lc
33	85	Lc
33	86	Lc
33	87	-1
33	88	Uc
33	89	Lc
33	90	Lc
33	91	Lc
33	92	Lc
33	93	Lc
33	94	Lc
33	95	Lc
33	96	Lc
33	97	-1
33	98	-1
33	99	Lc
33	100	Lc
33	101	Lc
33	102	Lc
33	103	Lc
33	104	Lc
33	105	Lc
33	106	Lc
33	107	Lc
33	108	Lc
33	109	Lc
33	110	Lc
33	111	Lc
33	112	U
33	113	Lc
33	114	L
33	115	-1
33	116	L
33	117	L
33	118	L
33	119	Lc
34	0	Lc
34	1	-1
34	2	Lc
34	3	Lc
34	4	Lc
34	5	L
34	6	Lc
34	7	Lc
34	8	L
34	9	L
34	10	-1
34	11	L
34	12	-1
34	13	U
34	14	L
34	15	-1
34	16	-1
34	17	L
34	18	U
34	19	L
34	20	Lc
34	21	L
34	22	U
34	23	L
34	24	Lc
34	25	-1
34	26	Lc
34	27	Lc
34	28	-1
34	29	-1
34	30	Lc
34	31	L
34	32	Lc
34	33	Lc
34	34	-1
34	35	Lp
34	36	Lc
34	37	Uc
34	38	Lc
34	39	Lc
34	40	Uc
34	41	Lc
34	42	L
34	43	L
34	44	Lc
34	45	Lc
34	46	Lc
34	47	Lc
34	48	Lc
34	49	Lc
34	50	Lc
34	51	Uc
34	52	Lc
34	53	-1
34	54	Lc
34	55	U
34	56	Uc
34	57	-1
34	58	Lc
34	59	Lc
34	60	Lc
34	61	Lc
34	62	Lc
34	63	Lc
34	64	Lc
34	65	Lc
34	66	Lc
34	67	Lc
34	68	Lc
34	69	Lc
34	70	Lc
34	71	Lc
34	72	Lc
34	73	Lc
34	74	-1
34	75	Lc
34	76	Lc
34	77	Lc
34	78	Lc
34	79	Lc
34	80	Lc
34	81	Lc
34	82	-1
34	83	Lc
34	84	Lc
34	85	Lc
34	86	Lc
34	87	Lc
34	88	Lc
34	89	Lc
34	90	Uc
34	91	Lc
34	92	Lc
34	93	-1
34	94	Lc
34	95	Lc
34	96	Lc
34	97	-1
34	98	Lc
34	99	Lc
34	100	Lc
34	101	Lc
34	102	Lc
34	103	-1
34	104	Lc
34	105	-1
34	106	Lc
34	107	-1
34	108	-1
34	109	Uc
34	110	Uc
34	111	-1
34	112	Lc
34	113	-1
34	114	Lc
34	115	Lc
34	116	L
34	117	Lc
34	118	Lc
34	119	Lc
35	0	Lc
35	1	Lc
35	2	Lc
35	3	Lc
35	4	-1
35	5	Lc
35	6	L
35	7	Lc
35	8	Lc
35	9	-1
35	10	-1
35	11	Lc
35	12	Lc
35	13	Lc
35	14	Lc
35	15	Lc
35	16	L
35	17	L
35	18	U
35	19	Lc
35	20	L
35	21	L
35	22	L
35	23	L
35	24	L
35	25	L
35	26	Lc
35	27	Lc
35	28	Lc
35	29	-1
35	30	Lp
35	31	Lp
35	32	Lp
35	33	-1
35	34	-1
35	35	Lp
35	36	Uc
35	37	-1
35	38	Lc
35	39	Lc
35	40	-1
35	41	Lc
35	42	L
35	43	Lc
35	44	Lc
35	45	Lc
35	46	Lc
35	47	L
35	48	Lc
35	49	Lc
35	50	Lc
35	51	Lc
35	52	Lc
35	53	Uc
35	54	-1
35	55	Uc
35	56	U
35	57	Lc
35	58	Lc
35	59	Lc
35	60	Lc
35	61	Lc
35	62	-1
35	63	Lc
35	64	Lc
35	65	Lc
35	66	Lc
35	67	-1
35	68	Lc
35	69	Lc
35	70	Lc
35	71	Lc
35	72	Lc
35	73	Lc
35	74	-1
35	75	-1
35	76	Lc
35	77	Lc
35	78	Lc
35	79	-1
35	80	Lc
35	81	Lc
35	82	-1
35	83	Lc
35	84	Uc
35	85	Lc
35	86	Lc
35	87	Lc
35	88	Lc
35	89	Lc
35	90	Lc
35	91	-1
35	92	Lc
35	93	Lc
35	94	Lc
35	95	Lc
35	96	Lc
35	97	Lc
35	98	Lc
35	99	Lc
35	100	Lc
35	101	Lc
35	102	-1
35	103	Lc
35	104	Lc
35	105	Lc
35	106	Lc
35	107	Lc
35	108	Lc
35	109	Lc
35	110	Uc
35	111	Uc
35	112	Uc
35	113	Lc
35	114	Lc
35	115	L
35	116	L
35	117	-1
35	118	Lc
35	119	Lc
36	0	Lc
36	1	Lc
36	2	-1
36	3	Lc
36	4	Lc
36	5	Lc
36	6	L
36	7	Lc
36	8	Lc
36	9	Lp
36	10	L
36	11	L
36	12	-1
36	13	Lc
36	14	Lc
36	15	L
36	16	-1
36	17	U
36	18	U
36	19	U
36	20	L
36	21	-1
36	22	Lc
36	23	L
36	24	L
36	25	L
36	26	Lc
36	27	Lc
36	28	-1
36	29	-1
36	30	-1
36	31	-1
36	32	Lc
36	33	Lc
36	34	Lc
36	35	Lc
36	36	Lc
36	37	Uc
36	38	Lc
36	39	Lc
36	40	Lc
36	41	Lc
36	42	L
36	43	Lc
36	44	Lc
36	45	Lc
36	46	Lc
36	47	Lc
36	48	Lc
36	49	Lc
36	50	Uc
36	51	Uc
36	52	Uc
36	53	-1
36	54	Uc
36	55	Lc
36	56	Lc
36	57	Lc
36	58	Lc
36	59	Lc
36	60	Lc
36	61	Lc
36	62	Lc
36	63	Lc
36	64	Lc
36	65	Lc
36	66	Lc
36	67	Lc
36	68	Lc
36	69	Lc
36	70	Lc
36	71	Lc
36	72	Lc
36	73	Lc
36	74	Lc
36	75	-1
36	76	Lc
36	77	Lc
36	78	-1
36	79	Lc
36	80	Lc
36	81	U
36	82	Uc
36	83	Uc
36	84	Lc
36	85	Lc
36	86	Uc
36	87	Lc
36	88	Lc
36	89	Lc
36	90	Lc
36	91	Lc
36	92	Lc
36	93	Lc
36	94	Lc
36	95	Lc
36	96	Lc
36	97	-1
36	98	Lc
36	99	Lc
36	100	Lc
36	101	L
36	102	-1
36	103	Lc
36	104	Lc
36	105	L
36	106	Lc
36	107	Lc
36	108	Lc
36	109	Lc
36	110	Uc
36	111	Lc
36	112	Lc
36	113	Lc
36	114	L
36	115	Lc
36	116	L
36	117	L
36	118	Lc
36	119	Lc
37	0	Lc
37	1	Lc
37	2	-1
37	3	Lc
37	4	-1
37	5	L
37	6	L
37	7	Lc
37	8	Lc
37	9	Lc
37	10	Lc
37	11	Lc
37	12	L
37	13	Lc
37	14	-1
37	15	Lc
37	16	Lc
37	17	U
37	18	U
37	19	U
37	20	-1
37	21	Lc
37	22	Lc
37	23	Lc
37	24	-1
37	25	Lc
37	26	-1
37	27	-1
37	28	Uc
37	29	-1
37	30	Lc
37	31	-1
37	32	Lc
37	33	Lc
37	34	-1
37	35	-1
37	36	Lc
37	37	-1
37	38	Lc
37	39	Lc
37	40	-1
37	41	Lc
37	42	Lc
37	43	Lc
37	44	L
37	45	Lc
37	46	-1
37	47	Lc
37	48	Lc
37	49	-1
37	50	Lc
37	51	Lc
37	52	-1
37	53	Uc
37	54	Lc
37	55	Uc
37	56	Uc
37	57	Lc
37	58	-1
37	59	Lc
37	60	Lc
37	61	Lc
37	62	-1
37	63	Lc
37	64	Lc
37	65	Lc
37	66	-1
37	67	-1
37	68	Lc
37	69	-1
37	70	-1
37	71	Lc
37	72	Lc
37	73	-1
37	74	-1
37	75	Lc
37	76	-1
37	77	-1
37	78	Lc
37	79	L
37	80	Lc
37	81	-1
37	82	Lc
37	83	Uc
37	84	Uc
37	85	-1
37	86	Uc
37	87	Lc
37	88	Lc
37	89	Lc
37	90	Lc
37	91	Lc
37	92	Lc
37	93	Lc
37	94	-1
37	95	-1
37	96	Lc
37	97	Lc
37	98	Lc
37	99	Lc
37	100	-1
37	101	Lc
37	102	Lc
37	103	Lc
37	104	-1
37	105	L
37	106	Lc
37	107	Lc
37	108	Lc
37	109	-1
37	110	Lc
37	111	Lc
37	112	Lc
37	113	-1
37	114	Lc
37	115	Lc
37	116	L
37	117	Lc
37	118	-1
37	119	Lc
38	0	-1
38	1	Lc
38	2	Lc
38	3	L
38	4	L
38	5	L
38	6	Lc
38	7	L
38	8	Lp
38	9	Lp
38	10	Lc
38	11	Lc
38	12	Lc
38	13	Lc
38	14	-1
38	15	Lc
38	16	U
38	17	-1
38	18	U
38	19	U
38	20	Lc
38	21	L
38	22	Lc
38	23	Lc
38	24	-1
38	25	-1
38	26	Lc
38	27	-1
38	28	-1
38	29	Uc
38	30	Uc
38	31	Lc
38	32	Lc
38	33	Lc
38	34	-1
38	35	Lc
38	36	-1
38	37	Lc
38	38	-1
38	39	-1
38	40	L
38	41	L
38	42	L
38	43	L
38	44	Lc
38	45	-1
38	46	Lc
38	47	Lc
38	48	Lc
38	49	-1
38	50	-1
38	51	Lc
38	52	Uc
38	53	Lc
38	54	Lc
38	55	Uc
38	56	Lc
38	57	Lc
38	58	Lc
38	59	-1
38	60	Lc
38	61	Lc
38	62	Lc
38	63	Lc
38	64	Lc
38	65	Lc
38	66	Lc
38	67	-1
38	68	-1
38	69	Lc
38	70	Lc
38	71	-1
38	72	Lc
38	73	-1
38	74	-1
38	75	Lc
38	76	Lc
38	77	-1
38	78	Lc
38	79	L
38	80	-1
38	81	Lc
38	82	U
38	83	-1
38	84	U
38	85	Uc
38	86	Lc
38	87	Uc
38	88	Lc
38	89	Lc
38	90	Lc
38	91	-1
38	92	Lc
38	93	Lc
38	94	Lc
38	95	Lc
38	96	Lc
38	97	Lc
38	98	Lc
38	99	Lc
38	100	L
38	101	L
38	102	Lc
38	103	-1
38	104	L
38	105	-1
38	106	L
38	107	U
38	108	Lc
38	109	-1
38	110	Lc
38	111	Lc
38	112	-1
38	113	Lc
38	114	Lc
38	115	-1
38	116	Lc
38	117	Lc
38	118	Lc
38	119	Lc
39	0	Lc
39	1	-1
39	2	-1
39	3	Lc
39	4	Lc
39	5	Lc
39	6	Lc
39	7	Lc
39	8	L
39	9	Lp
39	10	Lp
39	11	Lp
39	12	Lc
39	13	-1
39	14	Lc
39	15	U
39	16	Lc
39	17	Lc
39	18	Lc
39	19	L
39	20	Lc
39	21	Lc
39	22	-1
39	23	-1
39	24	-1
39	25	Lc
39	26	Lc
39	27	Lc
39	28	-1
39	29	Uc
39	30	-1
39	31	Lc
39	32	Lc
39	33	Lc
39	34	Lc
39	35	-1
39	36	Lc
39	37	Lc
39	38	Lc
39	39	-1
39	40	L
39	41	L
39	42	L
39	43	Lc
39	44	L
39	45	Lc
39	46	L
39	47	Lc
39	48	Lc
39	49	Lc
39	50	Lc
39	51	Lc
39	52	Uc
39	53	-1
39	54	Uc
39	55	Lc
39	56	Lc
39	57	-1
39	58	Uc
39	59	Uc
39	60	Uc
39	61	L
39	62	L
39	63	Lc
39	64	Lc
39	65	-1
39	66	Lc
39	67	Lc
39	68	Lc
39	69	-1
39	70	Lc
39	71	Lc
39	72	Lc
39	73	Lc
39	74	Lc
39	75	L
39	76	Lc
39	77	Lc
39	78	L
39	79	Lc
39	80	Lc
39	81	U
39	82	U
39	83	Lc
39	84	Lc
39	85	Lc
39	86	Lc
39	87	Lc
39	88	Lc
39	89	Lc
39	90	-1
39	91	Lc
39	92	Lc
39	93	Lc
39	94	Lc
39	95	Lc
39	96	-1
39	97	Lc
39	98	Lc
39	99	L
39	100	L
39	101	L
39	102	Lc
39	103	-1
39	104	Lc
39	105	L
39	106	L
39	107	L
39	108	L
39	109	Lc
39	110	Lc
39	111	Lc
39	112	Lc
39	113	Lc
39	114	-1
39	115	Lc
39	116	Lc
39	117	Lc
39	118	Lc
39	119	Lc
40	0	Lc
40	1	Lc
40	2	Lc
40	3	Lc
40	4	Lc
40	5	-1
40	6	Lc
40	7	Lc
40	8	Lc
40	9	-1
40	10	Lc
40	11	Lc
40	12	Lc
40	13	Lc
40	14	Lc
40	15	U
40	16	Lc
40	17	-1
40	18	L
40	19	-1
40	20	Lc
40	21	-1
40	22	Lc
40	23	-1
40	24	-1
40	25	Lc
40	26	Lc
40	27	Lc
40	28	-1
40	29	-1
40	30	Lc
40	31	Lc
40	32	Lc
40	33	-1
40	34	Lc
40	35	Lc
40	36	Lc
40	37	Lc
40	38	Lc
40	39	Lc
40	40	-1
40	41	L
40	42	Lc
40	43	L
40	44	L
40	45	L
40	46	L
40	47	-1
40	48	Lc
40	49	L
40	50	Lc
40	51	-1
40	52	Uc
40	53	-1
40	54	Uc
40	55	Lc
40	56	Lc
40	57	Lc
40	58	Lc
40	59	Lc
40	60	-1
40	61	L
40	62	Lc
40	63	-1
40	64	Lc
40	65	U
40	66	U
40	67	Lc
40	68	Lc
40	69	-1
40	70	-1
40	71	Lc
40	72	Lc
40	73	Lc
40	74	Lc
40	75	-1
40	76	L
40	77	L
40	78	Lc
40	79	Lc
40	80	Lc
40	81	Lc
40	82	Lc
40	83	Lc
40	84	Lc
40	85	Lc
40	86	Lc
40	87	-1
40	88	Lc
40	89	Lc
40	90	-1
40	91	Lc
40	92	Lc
40	93	-1
40	94	Lc
40	95	-1
40	96	Lc
40	97	Lc
40	98	Lc
40	99	-1
40	100	Lc
40	101	L
40	102	Lc
40	103	L
40	104	L
40	105	L
40	106	L
40	107	L
40	108	L
40	109	Lc
40	110	Lc
40	111	-1
40	112	Lc
40	113	Lc
40	114	Lc
40	115	-1
40	116	Lc
40	117	Lc
40	118	Lc
40	119	Lc
41	0	Lc
41	1	-1
41	2	Lc
41	3	Lc
41	4	-1
41	5	Lc
41	6	Lc
41	7	Lc
41	8	Lc
41	9	Lc
41	10	-1
41	11	Lc
41	12	Lc
41	13	Lc
41	14	Uc
41	15	Uc
41	16	Uc
41	17	Uc
41	18	Uc
41	19	L
41	20	L
41	21	-1
41	22	-1
41	23	-1
41	24	-1
41	25	Lc
41	26	Lc
41	27	Lc
41	28	Lc
41	29	Lc
41	30	Lc
41	31	Lc
41	32	Lc
41	33	Lc
41	34	-1
41	35	-1
41	36	Lc
41	37	Lc
41	38	L
41	39	Lc
41	40	Lc
41	41	Lc
41	42	Lc
41	43	L
41	44	L
41	45	L
41	46	-1
41	47	L
41	48	L
41	49	Lc
41	50	L
41	51	Uc
41	52	Uc
41	53	Uc
41	54	Uc
41	55	L
41	56	Lc
41	57	Lc
41	58	Lc
41	59	Lc
41	60	Lc
41	61	Lc
41	62	L
41	63	Lc
41	64	Lc
41	65	-1
41	66	Lc
41	67	Lc
41	68	Lc
41	69	Lc
41	70	Lc
41	71	Lc
41	72	Lc
41	73	Lc
41	74	Lc
41	75	-1
41	76	L
41	77	L
41	78	Lc
41	79	-1
41	80	Lc
41	81	L
41	82	Lc
41	83	Lc
41	84	Lc
41	85	-1
41	86	-1
41	87	Lc
41	88	Lc
41	89	Lc
41	90	Lc
41	91	Lc
41	92	Lc
41	93	Lc
41	94	Lc
41	95	-1
41	96	Lc
41	97	Lc
41	98	Uc
41	99	Lc
41	100	-1
41	101	Lc
41	102	-1
41	103	Lc
41	104	L
41	105	L
41	106	L
41	107	L
41	108	L
41	109	L
41	110	-1
41	111	Lc
41	112	Lc
41	113	Lc
41	114	Lc
41	115	Lc
41	116	-1
41	117	Lc
41	118	Lc
41	119	Lc
42	0	Lc
42	1	Lc
42	2	Lc
42	3	Lc
42	4	Lc
42	5	-1
42	6	Lc
42	7	Lc
42	8	Lc
42	9	Lc
42	10	Lc
42	11	Lc
42	12	Lc
42	13	Lc
42	14	Lc
42	15	Lc
42	16	-1
42	17	Lc
42	18	L
42	19	-1
42	20	L
42	21	Lc
42	22	Lc
42	23	Lc
42	24	Lc
42	25	Lc
42	26	Lc
42	27	Lc
42	28	-1
42	29	Lc
42	30	Lc
42	31	Lc
42	32	-1
42	33	Lc
42	34	Lc
42	35	L
42	36	L
42	37	L
42	38	Lc
42	39	Lc
42	40	Lc
42	41	Lc
42	42	Lc
42	43	L
42	44	L
42	45	L
42	46	L
42	47	L
42	48	L
42	49	Lc
42	50	Lc
42	51	L
42	52	Uc
42	53	Uc
42	54	-1
42	55	Uc
42	56	Uc
42	57	Uc
42	58	-1
42	59	Lc
42	60	Lc
42	61	Lc
42	62	Lc
42	63	Lc
42	64	-1
42	65	L
42	66	Lc
42	67	Lc
42	68	Lc
42	69	-1
42	70	Lc
42	71	Lc
42	72	Lc
42	73	Lc
42	74	Lc
42	75	Lc
42	76	L
42	77	Lc
42	78	Lc
42	79	Lc
42	80	-1
42	81	L
42	82	-1
42	83	L
42	84	-1
42	85	L
42	86	L
42	87	Lc
42	88	Lc
42	89	L
42	90	-1
42	91	Lc
42	92	L
42	93	Lc
42	94	Lc
42	95	Lc
42	96	-1
42	97	Lc
42	98	Lc
42	99	L
42	100	Lc
42	101	Lc
42	102	Lc
42	103	Lc
42	104	-1
42	105	L
42	106	-1
42	107	-1
42	108	-1
42	109	L
42	110	Lc
42	111	L
42	112	-1
42	113	Lc
42	114	-1
42	115	Lc
42	116	Lc
42	117	Lc
42	118	Lc
42	119	Lc
43	0	-1
43	1	-1
43	2	Lc
43	3	-1
43	4	Lc
43	5	Lc
43	6	-1
43	7	Lc
43	8	-1
43	9	Lc
43	10	Lc
43	11	-1
43	12	Lc
43	13	Lc
43	14	Lc
43	15	Lc
43	16	Lc
43	17	Lc
43	18	Lc
43	19	Lc
43	20	Lc
43	21	Lc
43	22	Lc
43	23	Lc
43	24	Lc
43	25	Lc
43	26	Lc
43	27	Lc
43	28	Lc
43	29	Lc
43	30	Lc
43	31	Lc
43	32	Lc
43	33	Lc
43	34	L
43	35	Lc
43	36	-1
43	37	Lc
43	38	-1
43	39	L
43	40	L
43	41	L
43	42	L
43	43	Lc
43	44	U
43	45	L
43	46	L
43	47	L
43	48	Lc
43	49	Lc
43	50	Lc
43	51	Lc
43	52	Lc
43	53	L
43	54	Uc
43	55	Uc
43	56	Uc
43	57	Uc
43	58	Uc
43	59	Lc
43	60	Lc
43	61	Lc
43	62	Lc
43	63	Lc
43	64	Lc
43	65	Lc
43	66	Lc
43	67	Lc
43	68	Lc
43	69	Lc
43	70	Lc
43	71	Lc
43	72	Lc
43	73	Lc
43	74	Lc
43	75	Lc
43	76	Lc
43	77	Lc
43	78	Lc
43	79	Lc
43	80	Lc
43	81	L
43	82	L
43	83	-1
43	84	L
43	85	L
43	86	L
43	87	Lc
43	88	Lc
43	89	Lc
43	90	L
43	91	-1
43	92	-1
43	93	L
43	94	Lc
43	95	-1
43	96	Lc
43	97	-1
43	98	L
43	99	Lc
43	100	-1
43	101	Lc
43	102	Lc
43	103	Lc
43	104	-1
43	105	-1
43	106	L
43	107	L
43	108	L
43	109	L
43	110	L
43	111	-1
43	112	L
43	113	Lc
43	114	Lc
43	115	Lc
43	116	Lc
43	117	Lc
43	118	Lc
43	119	Lc
44	0	Lc
44	1	Lc
44	2	Lc
44	3	-1
44	4	Lc
44	5	Lc
44	6	Lc
44	7	Lc
44	8	Lc
44	9	Lc
44	10	Lc
44	11	Lc
44	12	Lc
44	13	Lc
44	14	Lc
44	15	Lc
44	16	Lc
44	17	Lc
44	18	Lc
44	19	Lc
44	20	Lc
44	21	Lc
44	22	Lc
44	23	Lc
44	24	Lc
44	25	Lc
44	26	Lc
44	27	Lc
44	28	Lc
44	29	-1
44	30	Lc
44	31	Lc
44	32	Lc
44	33	L
44	34	-1
44	35	L
44	36	L
44	37	-1
44	38	Lc
44	39	L
44	40	L
44	41	L
44	42	Lc
44	43	-1
44	44	L
44	45	U
44	46	L
44	47	L
44	48	L
44	49	L
44	50	-1
44	51	Lc
44	52	Uc
44	53	Uc
44	54	-1
44	55	Uc
44	56	Uc
44	57	-1
44	58	Uc
44	59	Uc
44	60	Uc
44	61	Lc
44	62	Lc
44	63	Lc
44	64	-1
44	65	Lc
44	66	Lc
44	67	Lc
44	68	Lc
44	69	Lc
44	70	Lc
44	71	-1
44	72	Lc
44	73	Lc
44	74	Lc
44	75	Lc
44	76	Lc
44	77	Lc
44	78	Lc
44	79	L
44	80	L
44	81	L
44	82	L
44	83	L
44	84	L
44	85	L
44	86	-1
44	87	Lc
44	88	Lc
44	89	-1
44	90	L
44	91	-1
44	92	-1
44	93	Lc
44	94	Lc
44	95	Lc
44	96	L
44	97	L
44	98	L
44	99	L
44	100	L
44	101	-1
44	102	Lc
44	103	Lc
44	104	Lc
44	105	Lc
44	106	L
44	107	L
44	108	L
44	109	L
44	110	L
44	111	Lc
44	112	Lc
44	113	Lc
44	114	Lc
44	115	Lc
44	116	Lc
44	117	Lc
44	118	Lc
44	119	-1
45	0	Lc
45	1	-1
45	2	Lc
45	3	Lc
45	4	Lc
45	5	-1
45	6	Lc
45	7	Lc
45	8	-1
45	9	Lc
45	10	Lc
45	11	Lc
45	12	Lc
45	13	Lc
45	14	Lc
45	15	Lc
45	16	Lc
45	17	-1
45	18	-1
45	19	-1
45	20	Lc
45	21	-1
45	22	Lc
45	23	-1
45	24	-1
45	25	Lc
45	26	Lc
45	27	Lc
45	28	Uc
45	29	Uc
45	30	Lc
45	31	Lc
45	32	Lc
45	33	Lc
45	34	-1
45	35	L
45	36	-1
45	37	Lc
45	38	Lc
45	39	L
45	40	L
45	41	L
45	42	L
45	43	L
45	44	L
45	45	-1
45	46	L
45	47	L
45	48	L
45	49	L
45	50	L
45	51	Uc
45	52	Lc
45	53	Uc
45	54	Uc
45	55	Lc
45	56	-1
45	57	Uc
45	58	Uc
45	59	Uc
45	60	Uc
45	61	Lc
45	62	-1
45	63	Lc
45	64	Uc
45	65	Lc
45	66	Lc
45	67	Lc
45	68	Lc
45	69	-1
45	70	Lc
45	71	Lc
45	72	Lc
45	73	Lc
45	74	Lc
45	75	Lc
45	76	Lc
45	77	Lc
45	78	Lc
45	79	L
45	80	L
45	81	Lc
45	82	L
45	83	L
45	84	L
45	85	L
45	86	L
45	87	-1
45	88	Lc
45	89	Lc
45	90	Lc
45	91	-1
45	92	L
45	93	L
45	94	Lc
45	95	Lc
45	96	-1
45	97	L
45	98	-1
45	99	L
45	100	L
45	101	Lc
45	102	L
45	103	Lc
45	104	Lc
45	105	Lc
45	106	L
45	107	Lc
45	108	L
45	109	L
45	110	Lc
45	111	Lc
45	112	Lc
45	113	Lc
45	114	-1
45	115	-1
45	116	-1
45	117	-1
45	118	Lc
45	119	Lc
46	0	Lc
46	1	-1
46	2	Lc
46	3	Lc
46	4	-1
46	5	Lc
46	6	-1
46	7	Lc
46	8	Lc
46	9	Lc
46	10	Lc
46	11	Lc
46	12	Lc
46	13	Lc
46	14	Lc
46	15	Lc
46	16	L
46	17	Lc
46	18	-1
46	19	-1
46	20	-1
46	21	Lc
46	22	Lc
46	23	Lc
46	24	Lc
46	25	Lc
46	26	Lc
46	27	Uc
46	28	Uc
46	29	Lc
46	30	Lc
46	31	Lc
46	32	-1
46	33	Lc
46	34	Lc
46	35	L
46	36	L
46	37	-1
46	38	Lc
46	39	L
46	40	-1
46	41	-1
46	42	L
46	43	L
46	44	L
46	45	Lc
46	46	-1
46	47	L
46	48	L
46	49	-1
46	50	Lc
46	51	Lc
46	52	Uc
46	53	Uc
46	54	Uc
46	55	Lc
46	56	Lc
46	57	-1
46	58	Uc
46	59	-1
46	60	-1
46	61	Lc
46	62	-1
46	63	Uc
46	64	Lc
46	65	Lc
46	66	Lc
46	67	Lc
46	68	Lc
46	69	Lc
46	70	Lc
46	71	Lc
46	72	-1
46	73	Lc
46	74	Lc
46	75	Lc
46	76	L
46	77	Lc
46	78	-1
46	79	Lc
46	80	Lc
46	81	L
46	82	L
46	83	U
46	84	U
46	85	-1
46	86	-1
46	87	L
46	88	L
46	89	-1
46	90	Lc
46	91	L
46	92	Lc
46	93	Lc
46	94	Lc
46	95	-1
46	96	L
46	97	L
46	98	L
46	99	L
46	100	L
46	101	Lc
46	102	Lc
46	103	Lc
46	104	-1
46	105	L
46	106	Lc
46	107	L
46	108	-1
46	109	Lc
46	110	Lc
46	111	Lc
46	112	-1
46	113	-1
46	114	-1
46	115	-1
46	116	L
46	117	L
46	118	-1
46	119	Lc
47	0	L
47	1	L
47	2	L
47	3	-1
47	4	Lc
47	5	Lc
47	6	Lc
47	7	Lc
47	8	Lc
47	9	Lc
47	10	Lc
47	11	Lc
47	12	Lc
47	13	Lc
47	14	Lc
47	15	Lc
47	16	L
47	17	Lc
47	18	-1
47	19	Lc
47	20	-1
47	21	Uc
47	22	-1
47	23	Lc
47	24	Lc
47	25	Lc
47	26	Lc
47	27	Lc
47	28	Lc
47	29	Lc
47	30	Lc
47	31	Lc
47	32	Lc
47	33	-1
47	34	-1
47	35	Lc
47	36	Lc
47	37	L
47	38	Lc
47	39	-1
47	40	Lc
47	41	-1
47	42	Lc
47	43	L
47	44	L
47	45	-1
47	46	L
47	47	L
47	48	Lc
47	49	Lc
47	50	Lc
47	51	Uc
47	52	Lc
47	53	Uc
47	54	Uc
47	55	Uc
47	56	Uc
47	57	Uc
47	58	-1
47	59	-1
47	60	Lc
47	61	Lc
47	62	Lc
47	63	Lc
47	64	Uc
47	65	Lc
47	66	Lc
47	67	Lc
47	68	Lc
47	69	Lc
47	70	Lc
47	71	-1
47	72	Lc
47	73	Lc
47	74	L
47	75	L
47	76	Lc
47	77	-1
47	78	Lc
47	79	Lc
47	80	L
47	81	L
47	82	U
47	83	L
47	84	L
47	85	-1
47	86	-1
47	87	L
47	88	L
47	89	Lc
47	90	Lc
47	91	L
47	92	L
47	93	-1
47	94	Lc
47	95	L
47	96	-1
47	97	L
47	98	L
47	99	L
47	100	Lc
47	101	Lc
47	102	Lc
47	103	Lc
47	104	Lc
47	105	Lc
47	106	Lc
47	107	-1
47	108	Uc
47	109	L
47	110	Lc
47	111	-1
47	112	Lc
47	113	-1
47	114	Lc
47	115	Lc
47	116	L
47	117	L
47	118	-1
47	119	Lc
48	0	L
48	1	L
48	2	L
48	3	L
48	4	L
48	5	-1
48	6	Lc
48	7	Lc
48	8	Lc
48	9	Lc
48	10	Lc
48	11	-1
48	12	Lc
48	13	Lc
48	14	Lc
48	15	Lc
48	16	Lc
48	17	Lc
48	18	Lc
48	19	-1
48	20	Lc
48	21	Uc
48	22	-1
48	23	-1
48	24	Lc
48	25	Lc
48	26	-1
48	27	-1
48	28	Lc
48	29	Lc
48	30	Lc
48	31	Lc
48	32	Lc
48	33	Lc
48	34	Lc
48	35	Lc
48	36	Lc
48	37	Lc
48	38	Lc
48	39	Lc
48	40	-1
48	41	-1
48	42	-1
48	43	Lc
48	44	-1
48	45	Lc
48	46	Lc
48	47	Lc
48	48	-1
48	49	Lc
48	50	Lc
48	51	Lc
48	52	Uc
48	53	Uc
48	54	Lc
48	55	-1
48	56	Lc
48	57	Lc
48	58	Lc
48	59	Lc
48	60	-1
48	61	-1
48	62	Lc
48	63	Lc
48	64	Lc
48	65	Uc
48	66	Lc
48	67	Lc
48	68	Lc
48	69	Lc
48	70	Lc
48	71	Lc
48	72	Lc
48	73	-1
48	74	L
48	75	L
48	76	Lc
48	77	Lc
48	78	Lc
48	79	L
48	80	L
48	81	L
48	82	L
48	83	L
48	84	L
48	85	L
48	86	L
48	87	-1
48	88	Lc
48	89	L
48	90	L
48	91	Lc
48	92	L
48	93	-1
48	94	L
48	95	Lc
48	96	-1
48	97	L
48	98	-1
48	99	L
48	100	-1
48	101	Lc
48	102	Lc
48	103	Lc
48	104	-1
48	105	Lc
48	106	Lc
48	107	Uc
48	108	Lc
48	109	Lc
48	110	Lc
48	111	L
48	112	-1
48	113	Lc
48	114	L
48	115	L
48	116	Lc
48	117	L
48	118	L
48	119	L
49	0	L
49	1	L
49	2	L
49	3	Lc
49	4	Lc
49	5	Lc
49	6	Lc
49	7	-1
49	8	Uc
49	9	Lc
49	10	Lc
49	11	Lc
49	12	Lc
49	13	Lc
49	14	Lc
49	15	Lc
49	16	Lc
49	17	Lc
49	18	Lc
49	19	-1
49	20	Lc
49	21	Lc
49	22	Lc
49	23	Lc
49	24	Lc
49	25	Lc
49	26	-1
49	27	Lc
49	28	Lc
49	29	Lc
49	30	Lc
49	31	Lc
49	32	L
49	33	Lc
49	34	Lc
49	35	Lc
49	36	Lc
49	37	Lc
49	38	Lc
49	39	-1
49	40	L
49	41	Lc
49	42	Lc
49	43	Lc
49	44	-1
49	45	Lc
49	46	-1
49	47	Lc
49	48	Lc
49	49	Lc
49	50	-1
49	51	Lc
49	52	Uc
49	53	Uc
49	54	Lc
49	55	Lc
49	56	-1
49	57	Lc
49	58	Lc
49	59	Uc
49	60	Lc
49	61	Uc
49	62	Lc
49	63	-1
49	64	Uc
49	65	Uc
49	66	Lc
49	67	Lc
49	68	-1
49	69	L
49	70	Lc
49	71	Lc
49	72	Lc
49	73	Lc
49	74	Lc
49	75	L
49	76	Lc
49	77	Lc
49	78	Lc
49	79	Lc
49	80	L
49	81	L
49	82	-1
49	83	L
49	84	L
49	85	L
49	86	L
49	87	L
49	88	Uc
49	89	Lc
49	90	L
49	91	Lc
49	92	Lc
49	93	L
49	94	Lc
49	95	L
49	96	-1
49	97	L
49	98	L
49	99	Lc
49	100	-1
49	101	L
49	102	Lc
49	103	Lc
49	104	Lc
49	105	Lc
49	106	Lc
49	107	Lc
49	108	Lc
49	109	Uc
49	110	-1
49	111	L
49	112	-1
49	113	Lc
49	114	-1
49	115	L
49	116	L
49	117	L
49	118	L
49	119	L
50	0	L
50	1	-1
50	2	L
50	3	Lc
50	4	Lc
50	5	Lc
50	6	Lc
50	7	Lc
50	8	-1
50	9	Lc
50	10	Lc
50	11	-1
50	12	Lc
50	13	Lc
50	14	Lc
50	15	-1
50	16	Lc
50	17	Lc
50	18	Lc
50	19	Lc
50	20	Lc
50	21	Lc
50	22	-1
50	23	Lc
50	24	Lc
50	25	Lc
50	26	Lc
50	27	Lc
50	28	Lc
50	29	Lc
50	30	Lc
50	31	-1
50	32	Lc
50	33	L
50	34	-1
50	35	Lc
50	36	Lc
50	37	-1
50	38	Lc
50	39	Lc
50	40	L
50	41	Lc
50	42	Lc
50	43	Lc
50	44	Lc
50	45	Lc
50	46	Lc
50	47	-1
50	48	-1
50	49	Lc
50	50	Lc
50	51	Uc
50	52	-1
50	53	Lc
50	54	-1
50	55	Lc
50	56	Lc
50	57	Lc
50	58	Lc
50	59	Lc
50	60	Lc
50	61	-1
50	62	-1
50	63	Lc
50	64	-1
50	65	Lc
50	66	Lc
50	67	-1
50	68	Lc
50	69	L
50	70	Lc
50	71	Lc
50	72	Lc
50	73	Lc
50	74	L
50	75	L
50	76	L
50	77	L
50	78	Lc
50	79	Lc
50	80	L
50	81	Lc
50	82	L
50	83	-1
50	84	-1
50	85	L
50	86	-1
50	87	L
50	88	L
50	89	Lc
50	90	Lc
50	91	Lc
50	92	L
50	93	L
50	94	-1
50	95	L
50	96	L
50	97	L
50	98	L
50	99	L
50	100	Lc
50	101	L
50	102	L
50	103	-1
50	104	Lc
50	105	Lc
50	106	Lc
50	107	-1
50	108	Uc
50	109	Lc
50	110	L
50	111	-1
50	112	Lc
50	113	Lc
50	114	Lc
50	115	L
50	116	-1
50	117	-1
50	118	L
50	119	-1
51	0	L
51	1	L
51	2	L
51	3	L
51	4	Lc
51	5	Lc
51	6	Lc
51	7	Lc
51	8	Lc
51	9	Lc
51	10	Lc
51	11	Lc
51	12	Lc
51	13	Lc
51	14	Lc
51	15	Lc
51	16	Lc
51	17	Lc
51	18	Lc
51	19	-1
51	20	Lc
51	21	-1
51	22	-1
51	23	Lc
51	24	Lc
51	25	Lc
51	26	-1
51	27	-1
51	28	Lc
51	29	-1
51	30	Lc
51	31	Lc
51	32	Lc
51	33	Lc
51	34	Lc
51	35	L
51	36	Lc
51	37	Lc
51	38	Lc
51	39	-1
51	40	L
51	41	L
51	42	Lc
51	43	-1
51	44	Lc
51	45	-1
51	46	Lc
51	47	Lc
51	48	-1
51	49	Lc
51	50	Lc
51	51	Uc
51	52	Lc
51	53	Lc
51	54	Lc
51	55	-1
51	56	-1
51	57	Lc
51	58	Lc
51	59	Uc
51	60	Lc
51	61	L
51	62	Lc
51	63	Lc
51	64	Lc
51	65	Lc
51	66	Lc
51	67	Lc
51	68	Lc
51	69	Lc
51	70	Lc
51	71	Lc
51	72	Lc
51	73	Lc
51	74	Lc
51	75	L
51	76	-1
51	77	Lc
51	78	Lc
51	79	L
51	80	Lc
51	81	Lc
51	82	L
51	83	L
51	84	Lc
51	85	Lc
51	86	Lc
51	87	Lc
51	88	Lc
51	89	Lc
51	90	Lc
51	91	-1
51	92	L
51	93	L
51	94	L
51	95	L
51	96	L
51	97	L
51	98	L
51	99	-1
51	100	Lc
51	101	Lc
51	102	Lc
51	103	Lc
51	104	Lc
51	105	Lc
51	106	Lc
51	107	Lc
51	108	Lc
51	109	Lc
51	110	Lc
51	111	L
51	112	Lc
51	113	Lc
51	114	-1
51	115	-1
51	116	-1
51	117	-1
51	118	L
51	119	L
52	0	Lc
52	1	Lc
52	2	Lc
52	3	Lc
52	4	Lc
52	5	Lc
52	6	Lc
52	7	Lc
52	8	Lc
52	9	Lc
52	10	Lc
52	11	Lc
52	12	Lc
52	13	-1
52	14	Lc
52	15	Lc
52	16	Lc
52	17	Lc
52	18	-1
52	19	-1
52	20	Lc
52	21	Lc
52	22	Lc
52	23	Lc
52	24	Lc
52	25	Lc
52	26	-1
52	27	Lc
52	28	Lc
52	29	Lc
52	30	-1
52	31	Lc
52	32	Lc
52	33	Lc
52	34	Lc
52	35	Lc
52	36	L
52	37	Lc
52	38	Lc
52	39	L
52	40	L
52	41	L
52	42	Lc
52	43	Lc
52	44	Lc
52	45	Lc
52	46	Lc
52	47	Lc
52	48	Lc
52	49	Lc
52	50	Uc
52	51	-1
52	52	Uc
52	53	Lc
52	54	-1
52	55	-1
52	56	Lc
52	57	Lc
52	58	Lc
52	59	Lc
52	60	Lc
52	61	L
52	62	L
52	63	-1
52	64	Lc
52	65	Lc
52	66	Lc
52	67	Lc
52	68	Lc
52	69	Lc
52	70	Lc
52	71	Lc
52	72	Lc
52	73	Lc
52	74	Lc
52	75	Lc
52	76	L
52	77	L
52	78	L
52	79	Lc
52	80	Lc
52	81	Lc
52	82	L
52	83	L
52	84	L
52	85	Lc
52	86	Lc
52	87	Lc
52	88	-1
52	89	-1
52	90	Lc
52	91	L
52	92	L
52	93	L
52	94	L
52	95	L
52	96	Lc
52	97	L
52	98	L
52	99	Lc
52	100	Lc
52	101	-1
52	102	Lc
52	103	Lc
52	104	-1
52	105	Lc
52	106	-1
52	107	Uc
52	108	-1
52	109	Uc
52	110	Uc
52	111	Lc
52	112	Uc
52	113	-1
52	114	-1
52	115	U
52	116	-1
52	117	L
52	118	L
52	119	L
53	0	-1
53	1	Lc
53	2	Lc
53	3	-1
53	4	Lc
53	5	Lc
53	6	Lc
53	7	Lc
53	8	Lc
53	9	Lc
53	10	Lc
53	11	Lc
53	12	Lc
53	13	Lc
53	14	-1
53	15	Lc
53	16	Lc
53	17	Lc
53	18	Lc
53	19	-1
53	20	Lc
53	21	Lc
53	22	-1
53	23	Lc
53	24	Lc
53	25	Lc
53	26	Lc
53	27	Lc
53	28	-1
53	29	Lc
53	30	Lc
53	31	-1
53	32	Lc
53	33	Lc
53	34	-1
53	35	L
53	36	L
53	37	-1
53	38	L
53	39	-1
53	40	L
53	41	L
53	42	Lc
53	43	-1
53	44	Lc
53	45	Lc
53	46	Uc
53	47	Lc
53	48	-1
53	49	Lc
53	50	Uc
53	51	-1
53	52	-1
53	53	Uc
53	54	Lc
53	55	Lc
53	56	Lc
53	57	Lc
53	58	Lc
53	59	Lc
53	60	L
53	61	Lc
53	62	-1
53	63	Lc
53	64	Lc
53	65	Lc
53	66	-1
53	67	Lc
53	68	L
53	69	L
53	70	Lc
53	71	Lc
53	72	Lc
53	73	Lc
53	74	Lc
53	75	L
53	76	-1
53	77	L
53	78	Lc
53	79	-1
53	80	Lc
53	81	-1
53	82	-1
53	83	L
53	84	-1
53	85	-1
53	86	Lc
53	87	-1
53	88	-1
53	89	-1
53	90	-1
53	91	Lc
53	92	L
53	93	L
53	94	-1
53	95	Lc
53	96	L
53	97	-1
53	98	Lc
53	99	L
53	100	Lc
53	101	Lc
53	102	Uc
53	103	Lc
53	104	Uc
53	105	Uc
53	106	Lc
53	107	-1
53	108	Uc
53	109	Uc
53	110	Lc
53	111	-1
53	112	Lc
53	113	Uc
53	114	-1
53	115	Lc
53	116	L
53	117	Lc
53	118	L
53	119	Lc
54	0	Lc
54	1	Lc
54	2	-1
54	3	Lc
54	4	Lc
54	5	Lc
54	6	Lc
54	7	Lc
54	8	Lc
54	9	Lc
54	10	-1
54	11	-1
54	12	-1
54	13	L
54	14	L
54	15	Uc
54	16	Lc
54	17	Lc
54	18	-1
54	19	Lc
54	20	Lc
54	21	Lc
54	22	Lc
54	23	Lc
54	24	-1
54	25	Lc
54	26	Lc
54	27	Lc
54	28	Lc
54	29	Lc
54	30	Lc
54	31	Lc
54	32	-1
54	33	-1
54	34	Lc
54	35	Lc
54	36	L
54	37	Lc
54	38	L
54	39	L
54	40	L
54	41	L
54	42	L
54	43	Lc
54	44	-1
54	45	-1
54	46	Lc
54	47	-1
54	48	Lc
54	49	Lc
54	50	Uc
54	51	Lc
54	52	Lc
54	53	Uc
54	54	Lc
54	55	Lc
54	56	Lc
54	57	Lc
54	58	Lc
54	59	Lc
54	60	-1
54	61	Lc
54	62	-1
54	63	Lc
54	64	Lc
54	65	L
54	66	Lc
54	67	L
54	68	L
54	69	Lc
54	70	Lc
54	71	L
54	72	Lc
54	73	Lc
54	74	Lc
54	75	Lc
54	76	-1
54	77	-1
54	78	U
54	79	Lc
54	80	Lc
54	81	Lc
54	82	L
54	83	L
54	84	L
54	85	Lc
54	86	-1
54	87	-1
54	88	-1
54	89	-1
54	90	-1
54	91	-1
54	92	L
54	93	L
54	94	L
54	95	Lc
54	96	-1
54	97	L
54	98	-1
54	99	L
54	100	-1
54	101	Lc
54	102	Lc
54	103	-1
54	104	Uc
54	105	Lc
54	106	Lc
54	107	Lc
54	108	Uc
54	109	L
54	110	-1
54	111	Lc
54	112	-1
54	113	Uc
54	114	Uc
54	115	Lc
54	116	Lc
54	117	Lc
54	118	-1
54	119	Lc
55	0	Lc
55	1	Lc
55	2	Lc
55	3	Lc
55	4	Lc
55	5	Lc
55	6	Lc
55	7	Lc
55	8	Lc
55	9	Lc
55	10	-1
55	11	Lc
55	12	-1
55	13	Lc
55	14	Uc
55	15	-1
55	16	Uc
55	17	Lc
55	18	Lc
55	19	Lc
55	20	Lc
55	21	Lc
55	22	Lc
55	23	-1
55	24	Lc
55	25	Lc
55	26	Lc
55	27	Lc
55	28	Lc
55	29	Lc
55	30	Lc
55	31	Lc
55	32	Lc
55	33	Lc
55	34	Lc
55	35	-1
55	36	Lc
55	37	Lc
55	38	Uc
55	39	Lc
55	40	Uc
55	41	Uc
55	42	Uc
55	43	Uc
55	44	Uc
55	45	Lc
55	46	-1
55	47	-1
55	48	Lc
55	49	Lc
55	50	Uc
55	51	Lc
55	52	-1
55	53	Lc
55	54	-1
55	55	Lc
55	56	Lc
55	57	Lc
55	58	Lc
55	59	-1
55	60	-1
55	61	Lc
55	62	Lc
55	63	L
55	64	Lc
55	65	L
55	66	L
55	67	Lc
55	68	-1
55	69	L
55	70	L
55	71	L
55	72	Lc
55	73	L
55	74	Lc
55	75	L
55	76	-1
55	77	U
55	78	Lc
55	79	Lc
55	80	-1
55	81	L
55	82	L
55	83	-1
55	84	L
55	85	L
55	86	Lc
55	87	-1
55	88	L
55	89	L
55	90	L
55	91	L
55	92	L
55	93	L
55	94	Lc
55	95	Lc
55	96	L
55	97	Lc
55	98	L
55	99	L
55	100	Lc
55	101	Lc
55	102	Lc
55	103	Lc
55	104	Uc
55	105	Uc
55	106	Lc
55	107	Lc
55	108	Uc
55	109	Lc
55	110	-1
55	111	L
55	112	Lc
55	113	-1
55	114	L
55	115	Lc
55	116	Lc
55	117	Lc
55	118	-1
55	119	-1
56	0	L
56	1	L
56	2	Lc
56	3	Lc
56	4	Lc
56	5	Lc
56	6	L
56	7	Lc
56	8	Lc
56	9	Lc
56	10	-1
56	11	U
56	12	Lc
56	13	Lc
56	14	Uc
56	15	-1
56	16	Uc
56	17	Lc
56	18	-1
56	19	-1
56	20	-1
56	21	Lc
56	22	Lc
56	23	Lc
56	24	Lc
56	25	Lc
56	26	Lc
56	27	Lc
56	28	Lc
56	29	Lc
56	30	Lc
56	31	-1
56	32	Lc
56	33	Lc
56	34	Lc
56	35	Lc
56	36	Lc
56	37	Lc
56	38	Lc
56	39	Lc
56	40	Uc
56	41	Lc
56	42	Uc
56	43	Uc
56	44	Lc
56	45	Lc
56	46	Lc
56	47	Lc
56	48	Lc
56	49	Lc
56	50	-1
56	51	Lc
56	52	Lc
56	53	Lc
56	54	Lc
56	55	Lc
56	56	Lc
56	57	Lc
56	58	Lc
56	59	Lc
56	60	Lc
56	61	Lc
56	62	-1
56	63	L
56	64	L
56	65	L
56	66	Lc
56	67	Lc
56	68	L
56	69	-1
56	70	Lc
56	71	L
56	72	Lc
56	73	L
56	74	L
56	75	L
56	76	U
56	77	U
56	78	-1
56	79	-1
56	80	L
56	81	L
56	82	L
56	83	L
56	84	Lc
56	85	L
56	86	L
56	87	Lc
56	88	Lc
56	89	L
56	90	L
56	91	Lc
56	92	Lc
56	93	L
56	94	Lc
56	95	-1
56	96	-1
56	97	-1
56	98	Lc
56	99	Lc
56	100	Lc
56	101	Lc
56	102	Lc
56	103	Lc
56	104	-1
56	105	Uc
56	106	Lc
56	107	Lc
56	108	Lc
56	109	Uc
56	110	Lc
56	111	L
56	112	L
56	113	L
56	114	Lc
56	115	Lc
56	116	Lc
56	117	L
56	118	-1
56	119	L
57	0	L
57	1	-1
57	2	L
57	3	Lc
57	4	L
57	5	L
57	6	Lc
57	7	Lc
57	8	Lc
57	9	Lc
57	10	-1
57	11	-1
57	12	L
57	13	Lc
57	14	Lc
57	15	Lc
57	16	Uc
57	17	Lc
57	18	Lc
57	19	Lc
57	20	Lc
57	21	Lc
57	22	Lc
57	23	Lc
57	24	Lc
57	25	-1
57	26	Lc
57	27	-1
57	28	Lc
57	29	Lc
57	30	Lc
57	31	-1
57	32	Lc
57	33	Lc
57	34	Lc
57	35	Lc
57	36	Lc
57	37	Lc
57	38	Lc
57	39	-1
57	40	Lc
57	41	Lc
57	42	Lc
57	43	Lc
57	44	Lc
57	45	Lc
57	46	Lc
57	47	Lc
57	48	-1
57	49	Lc
57	50	Lc
57	51	Lc
57	52	Lc
57	53	-1
57	54	Lc
57	55	Lc
57	56	Lc
57	57	Lc
57	58	Lc
57	59	Lc
57	60	Lc
57	61	Lc
57	62	-1
57	63	L
57	64	L
57	65	L
57	66	-1
57	67	L
57	68	L
57	69	L
57	70	-1
57	71	-1
57	72	-1
57	73	Lc
57	74	-1
57	75	L
57	76	L
57	77	Lc
57	78	Lc
57	79	-1
57	80	L
57	81	L
57	82	L
57	83	L
57	84	Lc
57	85	Lc
57	86	Lc
57	87	L
57	88	L
57	89	L
57	90	-1
57	91	Lc
57	92	-1
57	93	Lc
57	94	L
57	95	-1
57	96	Lc
57	97	Lc
57	98	Lc
57	99	Lc
57	100	Lc
57	101	Lc
57	102	-1
57	103	Lc
57	104	-1
57	105	Lc
57	106	-1
57	107	Lc
57	108	Uc
57	109	Uc
57	110	-1
57	111	L
57	112	L
57	113	L
57	114	Lc
57	115	Lc
57	116	Lc
57	117	L
57	118	Lc
57	119	Lc
58	0	L
58	1	-1
58	2	Lc
58	3	L
58	4	Lc
58	5	Lc
58	6	Lc
58	7	L
58	8	Lc
58	9	Lc
58	10	Lc
58	11	Lc
58	12	-1
58	13	Lc
58	14	Lc
58	15	Lc
58	16	Lc
58	17	Lc
58	18	Lc
58	19	Lc
58	20	Lc
58	21	Lc
58	22	Lc
58	23	Lc
58	24	Lc
58	25	-1
58	26	-1
58	27	Lc
58	28	Lc
58	29	-1
58	30	Lc
58	31	-1
58	32	Lc
58	33	Lc
58	34	Lc
58	35	Lc
58	36	Lc
58	37	Lc
58	38	-1
58	39	-1
58	40	-1
58	41	-1
58	42	Lc
58	43	Lc
58	44	Lc
58	45	Lc
58	46	Lc
58	47	Lc
58	48	-1
58	49	Lc
58	50	-1
58	51	Lc
58	52	-1
58	53	-1
58	54	Lc
58	55	Lc
58	56	-1
58	57	-1
58	58	Lc
58	59	Lc
58	60	-1
58	61	L
58	62	L
58	63	L
58	64	L
58	65	L
58	66	Lc
58	67	L
58	68	L
58	69	Lc
58	70	Lc
58	71	Lc
58	72	L
58	73	Lc
58	74	L
58	75	Lc
58	76	L
58	77	Lc
58	78	Lc
58	79	Lc
58	80	L
58	81	-1
58	82	-1
58	83	Lc
58	84	-1
58	85	Lc
58	86	Lc
58	87	-1
58	88	L
58	89	L
58	90	Lc
58	91	Lc
58	92	-1
58	93	Lc
58	94	-1
58	95	-1
58	96	Lc
58	97	-1
58	98	Lc
58	99	Lc
58	100	Lc
58	101	Lc
58	102	Lc
58	103	Lc
58	104	Lc
58	105	-1
58	106	-1
58	107	Lc
58	108	L
58	109	L
58	110	-1
58	111	Lc
58	112	L
58	113	L
58	114	-1
58	115	Lc
58	116	Lc
58	117	Lc
58	118	-1
58	119	L
59	0	L
59	1	Lc
59	2	Lc
59	3	Lc
59	4	Lc
59	5	Lc
59	6	L
59	7	Lc
59	8	Lc
59	9	Lc
59	10	Lc
59	11	Lc
59	12	-1
59	13	-1
59	14	Lc
59	15	-1
59	16	-1
59	17	Lc
59	18	Lc
59	19	Lc
59	20	Lc
59	21	-1
59	22	-1
59	23	Lc
59	24	Lc
59	25	-1
59	26	-1
59	27	Lc
59	28	Lc
59	29	Lc
59	30	Lc
59	31	-1
59	32	Lc
59	33	Lc
59	34	Lc
59	35	Lc
59	36	-1
59	37	-1
59	38	Lc
59	39	-1
59	40	-1
59	41	Lc
59	42	Uc
59	43	Lc
59	44	Lc
59	45	Lc
59	46	Lc
59	47	Lc
59	48	Lc
59	49	Lc
59	50	Lc
59	51	Lc
59	52	Lc
59	53	Lc
59	54	Lc
59	55	Lc
59	56	Lc
59	57	Lc
59	58	Lc
59	59	-1
59	60	Lc
59	61	Lc
59	62	-1
59	63	L
59	64	L
59	65	Lc
59	66	Lc
59	67	L
59	68	L
59	69	L
59	70	Lc
59	71	-1
59	72	L
59	73	L
59	74	L
59	75	L
59	76	-1
59	77	L
59	78	Lc
59	79	-1
59	80	-1
59	81	Lc
59	82	Lc
59	83	Lc
59	84	Lc
59	85	Lc
59	86	Lc
59	87	Lc
59	88	Lc
59	89	Lc
59	90	-1
59	91	Lc
59	92	Lc
59	93	Lc
59	94	Lc
59	95	-1
59	96	Lc
59	97	-1
59	98	-1
59	99	Lc
59	100	-1
59	101	Lc
59	102	Lc
59	103	-1
59	104	Lc
59	105	Lc
59	106	Lc
59	107	Lc
59	108	Lc
59	109	L
59	110	-1
59	111	Lc
59	112	Uc
59	113	-1
59	114	-1
59	115	Lc
59	116	Lc
59	117	L
59	118	L
59	119	L
60	0	Lc
60	1	Lc
60	2	Lc
60	3	Lc
60	4	Lc
60	5	Lc
60	6	Lc
60	7	Lc
60	8	Lc
60	9	Lc
60	10	Lc
60	11	Lc
60	12	Lc
60	13	Lc
60	14	Lc
60	15	Lc
60	16	Lc
60	17	Lc
60	18	Lc
60	19	-1
60	20	Lc
60	21	Lc
60	22	Lc
60	23	Lc
60	24	Lc
60	25	-1
60	26	Lc
60	27	-1
60	28	Lc
60	29	Lc
60	30	Lc
60	31	Lc
60	32	Lc
60	33	Lc
60	34	Lc
60	35	Lc
60	36	Uc
60	37	-1
60	38	Lc
60	39	Lc
60	40	Lc
60	41	Uc
60	42	Lc
60	43	-1
60	44	-1
60	45	Lc
60	46	Lc
60	47	-1
60	48	Lc
60	49	Lc
60	50	-1
60	51	Lc
60	52	-1
60	53	Lc
60	54	Lc
60	55	Lc
60	56	-1
60	57	Lc
60	58	Lc
60	59	Lc
60	60	Lc
60	61	Lc
60	62	L
60	63	-1
60	64	L
60	65	L
60	66	L
60	67	L
60	68	L
60	69	L
60	70	L
60	71	L
60	72	L
60	73	L
60	74	L
60	75	L
60	76	L
60	77	L
60	78	L
60	79	L
60	80	Lc
60	81	Lc
60	82	Lc
60	83	-1
60	84	Lc
60	85	Lc
60	86	Lc
60	87	Lc
60	88	Lc
60	89	Lc
60	90	Lc
60	91	Lc
60	92	Lc
60	93	Lc
60	94	Lc
60	95	Lc
60	96	Lc
60	97	Lc
60	98	Lc
60	99	Lc
60	100	Lc
60	101	Lc
60	102	Lc
60	103	Lc
60	104	Lc
60	105	Lc
60	106	-1
60	107	-1
60	108	-1
60	109	-1
60	110	Uc
60	111	Uc
60	112	Lc
60	113	Lc
60	114	-1
60	115	Lc
60	116	L
60	117	Lc
60	118	Lc
60	119	Lc
61	0	Lc
61	1	Lc
61	2	Lc
61	3	Lc
61	4	Lc
61	5	Lc
61	6	Lc
61	7	-1
61	8	Lc
61	9	Lc
61	10	Lc
61	11	Lc
61	12	Lc
61	13	-1
61	14	Lc
61	15	L
61	16	L
61	17	-1
61	18	Lc
61	19	-1
61	20	Lc
61	21	Lc
61	22	Lc
61	23	-1
61	24	Lc
61	25	Lc
61	26	Lc
61	27	Lc
61	28	Lc
61	29	Lc
61	30	-1
61	31	Lc
61	32	Lc
61	33	Lc
61	34	-1
61	35	Lc
61	36	Lc
61	37	-1
61	38	Uc
61	39	-1
61	40	-1
61	41	-1
61	42	-1
61	43	Lc
61	44	Lc
61	45	Lc
61	46	Lc
61	47	-1
61	48	Lc
61	49	Lc
61	50	Lc
61	51	-1
61	52	Lc
61	53	Lc
61	54	-1
61	55	Lc
61	56	Lc
61	57	Lc
61	58	Lc
61	59	Lc
61	60	Lc
61	61	Lc
61	62	Lc
61	63	-1
61	64	-1
61	65	Lc
61	66	Lc
61	67	L
61	68	L
61	69	L
61	70	L
61	71	L
61	72	L
61	73	L
61	74	L
61	75	L
61	76	L
61	77	-1
61	78	L
61	79	-1
61	80	Lc
61	81	Lc
61	82	-1
61	83	Lc
61	84	Lc
61	85	Lc
61	86	-1
61	87	Lc
61	88	Lc
61	89	Lc
61	90	Lc
61	91	Lc
61	92	Uc
61	93	Lc
61	94	Lc
61	95	-1
61	96	Lc
61	97	Lc
61	98	-1
61	99	Lc
61	100	Lc
61	101	Lc
61	102	Lc
61	103	Lc
61	104	Lc
61	105	Lc
61	106	Lc
61	107	Lc
61	108	Lc
61	109	-1
61	110	Lc
61	111	Lc
61	112	Lc
61	113	-1
61	114	L
61	115	L
61	116	Lc
61	117	Lc
61	118	Lc
61	119	Lc
62	0	-1
62	1	Lc
62	2	Lc
62	3	Lc
62	4	-1
62	5	Lc
62	6	-1
62	7	Lc
62	8	Lc
62	9	-1
62	10	Lc
62	11	-1
62	12	Lc
62	13	Lc
62	14	-1
62	15	L
62	16	L
62	17	Lc
62	18	Lc
62	19	-1
62	20	-1
62	21	Lc
62	22	-1
62	23	Lc
62	24	Lc
62	25	Lc
62	26	Lc
62	27	Lc
62	28	Lc
62	29	Lc
62	30	-1
62	31	Lc
62	32	Lc
62	33	Lc
62	34	Lc
62	35	Lc
62	36	Lc
62	37	Uc
62	38	Uc
62	39	-1
62	40	Lc
62	41	Lc
62	42	Lc
62	43	Lc
62	44	Lc
62	45	Lc
62	46	Lc
62	47	Lc
62	48	-1
62	49	Lc
62	50	Lc
62	51	Lc
62	52	-1
62	53	Lc
62	54	Lc
62	55	Lc
62	56	Lc
62	57	Lc
62	58	Lc
62	59	Lc
62	60	Lc
62	61	Lc
62	62	-1
62	63	Lc
62	64	Lc
62	65	L
62	66	L
62	67	L
62	68	L
62	69	L
62	70	L
62	71	-1
62	72	L
62	73	-1
62	74	L
62	75	-1
62	76	-1
62	77	L
62	78	L
62	79	-1
62	80	L
62	81	Lc
62	82	Lc
62	83	Lc
62	84	Lc
62	85	Lc
62	86	Lc
62	87	Lc
62	88	Lc
62	89	Lc
62	90	Lc
62	91	-1
62	92	Lc
62	93	Lc
62	94	Lc
62	95	Lc
62	96	-1
62	97	Uc
62	98	Uc
62	99	Lc
62	100	Lc
62	101	Lc
62	102	Lc
62	103	Lc
62	104	Lc
62	105	Lc
62	106	Lc
62	107	Lc
62	108	Lc
62	109	Lc
62	110	Lc
62	111	Lc
62	112	Lc
62	113	Lc
62	114	-1
62	115	Lc
62	116	Uc
62	117	Uc
62	118	-1
62	119	Lc
63	0	Lc
63	1	Lc
63	2	-1
63	3	Lc
63	4	Lc
63	5	Lc
63	6	Lc
63	7	-1
63	8	Lc
63	9	Lc
63	10	Lc
63	11	-1
63	12	-1
63	13	Lc
63	14	-1
63	15	-1
63	16	Lc
63	17	-1
63	18	Lc
63	19	Lc
63	20	Lc
63	21	Lc
63	22	Lc
63	23	-1
63	24	Lc
63	25	Lc
63	26	-1
63	27	-1
63	28	Lc
63	29	-1
63	30	Lc
63	31	Lc
63	32	Lc
63	33	Lc
63	34	Lc
63	35	Lc
63	36	Uc
63	37	-1
63	38	Uc
63	39	-1
63	40	Lc
63	41	Lc
63	42	Lc
63	43	Lc
63	44	-1
63	45	Lc
63	46	Lc
63	47	Lc
63	48	Lc
63	49	-1
63	50	-1
63	51	Lc
63	52	-1
63	53	Lc
63	54	Lc
63	55	Lc
63	56	Lc
63	57	Lc
63	58	-1
63	59	Lc
63	60	Lc
63	61	-1
63	62	Lc
63	63	Lc
63	64	L
63	65	L
63	66	-1
63	67	L
63	68	L
63	69	L
63	70	L
63	71	L
63	72	-1
63	73	L
63	74	L
63	75	-1
63	76	Lc
63	77	L
63	78	L
63	79	Lc
63	80	-1
63	81	-1
63	82	Lc
63	83	Lc
63	84	Lc
63	85	Lc
63	86	Lc
63	87	Lc
63	88	Lc
63	89	Lc
63	90	Lc
63	91	Lc
63	92	-1
63	93	Lc
63	94	Lc
63	95	-1
63	96	Uc
63	97	Uc
63	98	Uc
63	99	Lc
63	100	-1
63	101	Lc
63	102	Lc
63	103	Lc
63	104	Lc
63	105	Lc
63	106	Lc
63	107	Lc
63	108	Lc
63	109	Lc
63	110	Lc
63	111	Lc
63	112	Lc
63	113	Lc
63	114	Lc
63	115	Lc
63	116	Lc
63	117	-1
63	118	Lc
63	119	Lc
64	0	Lc
64	1	Lc
64	2	Lc
64	3	Lc
64	4	Lc
64	5	Lc
64	6	-1
64	7	Lc
64	8	Lc
64	9	Lc
64	10	Lc
64	11	Lc
64	12	Lc
64	13	Lc
64	14	Lc
64	15	Lc
64	16	-1
64	17	Lc
64	18	Lc
64	19	Lc
64	20	Lc
64	21	Lc
64	22	Lc
64	23	Lc
64	24	Lc
64	25	Uc
64	26	Uc
64	27	Lc
64	28	-1
64	29	Lc
64	30	Lc
64	31	Lc
64	32	Lc
64	33	-1
64	34	Lc
64	35	Lc
64	36	Lc
64	37	Lc
64	38	-1
64	39	Lc
64	40	-1
64	41	-1
64	42	-1
64	43	Lc
64	44	Lc
64	45	Lc
64	46	-1
64	47	Lc
64	48	-1
64	49	-1
64	50	-1
64	51	Lc
64	52	Lc
64	53	Lc
64	54	Lc
64	55	Lc
64	56	Lc
64	57	-1
64	58	-1
64	59	Lc
64	60	Lc
64	61	Lc
64	62	Lc
64	63	L
64	64	L
64	65	-1
64	66	L
64	67	L
64	68	L
64	69	L
64	70	L
64	71	L
64	72	-1
64	73	L
64	74	-1
64	75	Lc
64	76	Lc
64	77	Lc
64	78	Lc
64	79	L
64	80	Lc
64	81	Lc
64	82	-1
64	83	Lc
64	84	Lc
64	85	Lc
64	86	-1
64	87	Lc
64	88	Lc
64	89	Lc
64	90	Lc
64	91	Lc
64	92	Lc
64	93	Lc
64	94	Lc
64	95	Lc
64	96	Uc
64	97	Lc
64	98	Lc
64	99	Lc
64	100	Lc
64	101	Lc
64	102	Lc
64	103	Lc
64	104	Lc
64	105	Lc
64	106	Lc
64	107	Lc
64	108	-1
64	109	Lc
64	110	Lc
64	111	Lc
64	112	Lc
64	113	Lc
64	114	-1
64	115	-1
64	116	-1
64	117	Lc
64	118	-1
64	119	-1
65	0	Lc
65	1	-1
65	2	Lc
65	3	Lc
65	4	Lc
65	5	-1
65	6	Lc
65	7	Lc
65	8	-1
65	9	Lc
65	10	Lc
65	11	Lc
65	12	Lc
65	13	-1
65	14	Lc
65	15	Lc
65	16	Lc
65	17	Lc
65	18	Lc
65	19	Lc
65	20	Lc
65	21	-1
65	22	Lc
65	23	-1
65	24	-1
65	25	Lc
65	26	Lc
65	27	Lc
65	28	-1
65	29	-1
65	30	-1
65	31	Uc
65	32	Lc
65	33	Lc
65	34	Lc
65	35	Lc
65	36	Lc
65	37	-1
65	38	Lc
65	39	Lc
65	40	-1
65	41	Lc
65	42	Lc
65	43	Lc
65	44	Lc
65	45	Lc
65	46	Lc
65	47	Lc
65	48	Lc
65	49	Lc
65	50	Lc
65	51	-1
65	52	Lc
65	53	Lc
65	54	Lc
65	55	Lc
65	56	-1
65	57	L
65	58	Lc
65	59	Lc
65	60	Lc
65	61	Lc
65	62	Lc
65	63	L
65	64	L
65	65	-1
65	66	L
65	67	L
65	68	L
65	69	L
65	70	L
65	71	L
65	72	L
65	73	L
65	74	L
65	75	L
65	76	-1
65	77	Lc
65	78	-1
65	79	Lc
65	80	Lc
65	81	Lc
65	82	Lc
65	83	Lc
65	84	-1
65	85	Lc
65	86	Lc
65	87	Lc
65	88	Lc
65	89	-1
65	90	Lc
65	91	Lc
65	92	-1
65	93	-1
65	94	-1
65	95	Lc
65	96	Lc
65	97	Lc
65	98	-1
65	99	Lc
65	100	Lc
65	101	Lc
65	102	Lc
65	103	Lc
65	104	Lc
65	105	Lc
65	106	Lc
65	107	Lc
65	108	Lc
65	109	-1
65	110	Lc
65	111	Lc
65	112	Lc
65	113	Lc
65	114	Lc
65	115	Lc
65	116	Lc
65	117	-1
65	118	-1
65	119	-1
66	0	Lc
66	1	Lc
66	2	Lc
66	3	Lc
66	4	Lc
66	5	Lc
66	6	Lc
66	7	Lc
66	8	Lc
66	9	Lc
66	10	Lc
66	11	Lc
66	12	-1
66	13	-1
66	14	Lc
66	15	Lc
66	16	Lc
66	17	Uc
66	18	Lc
66	19	Lc
66	20	Lc
66	21	Lc
66	22	Lc
66	23	Lc
66	24	Lc
66	25	Lc
66	26	Lc
66	27	Lc
66	28	Lc
66	29	Lc
66	30	Lc
66	31	Lc
66	32	Lc
66	33	Lc
66	34	Lc
66	35	Lc
66	36	Lc
66	37	Lc
66	38	Lc
66	39	Lc
66	40	Lc
66	41	Lc
66	42	Lc
66	43	Lc
66	44	Lc
66	45	Lc
66	46	Lc
66	47	Lc
66	48	Lc
66	49	Lc
66	50	-1
66	51	-1
66	52	Lc
66	53	Lc
66	54	Lc
66	55	Lc
66	56	Lc
66	57	L
66	58	L
66	59	Lc
66	60	Lc
66	61	L
66	62	L
66	63	Lc
66	64	L
66	65	Lc
66	66	L
66	67	L
66	68	L
66	69	L
66	70	L
66	71	L
66	72	L
66	73	-1
66	74	-1
66	75	-1
66	76	Lc
66	77	Lc
66	78	Lc
66	79	Lc
66	80	Lc
66	81	Lc
66	82	Lc
66	83	Lc
66	84	Lc
66	85	Lc
66	86	Lc
66	87	Lc
66	88	-1
66	89	Lc
66	90	Lc
66	91	-1
66	92	Lc
66	93	-1
66	94	-1
66	95	Lc
66	96	-1
66	97	Uc
66	98	Lc
66	99	Lc
66	100	Lc
66	101	Lc
66	102	-1
66	103	Lc
66	104	-1
66	105	Lc
66	106	Lc
66	107	Lc
66	108	-1
66	109	Lc
66	110	-1
66	111	Lc
66	112	-1
66	113	Lc
66	114	-1
66	115	Lc
66	116	-1
66	117	Lc
66	118	Lc
66	119	Lc
67	0	-1
67	1	Lc
67	2	Uc
67	3	Lc
67	4	Lc
67	5	Lc
67	6	-1
67	7	-1
67	8	Lc
67	9	Lc
67	10	Lc
67	11	Lc
67	12	Lc
67	13	Lc
67	14	Lc
67	15	Lc
67	16	Lc
67	17	Lc
67	18	Lc
67	19	Lc
67	20	Lc
67	21	-1
67	22	Lc
67	23	Lc
67	24	Lc
67	25	Lc
67	26	Lc
67	27	Lc
67	28	-1
67	29	Lc
67	30	Lc
67	31	Lc
67	32	Lc
67	33	-1
67	34	Lc
67	35	Lc
67	36	Lc
67	37	Lc
67	38	Lc
67	39	Lc
67	40	-1
67	41	Lc
67	42	Lc
67	43	Lc
67	44	-1
67	45	Lc
67	46	Lc
67	47	Lc
67	48	Lc
67	49	Lc
67	50	-1
67	51	Lc
67	52	Lc
67	53	Lc
67	54	Lc
67	55	Lc
67	56	L
67	57	L
67	58	L
67	59	L
67	60	L
67	61	L
67	62	-1
67	63	-1
67	64	Lc
67	65	L
67	66	L
67	67	L
67	68	L
67	69	L
67	70	L
67	71	-1
67	72	L
67	73	L
67	74	L
67	75	L
67	76	-1
67	77	-1
67	78	-1
67	79	-1
67	80	Lc
67	81	Lc
67	82	Lc
67	83	Uc
67	84	Lc
67	85	Lc
67	86	Lc
67	87	-1
67	88	-1
67	89	Lc
67	90	Lc
67	91	Lc
67	92	Lc
67	93	Lc
67	94	Lc
67	95	Lc
67	96	Lc
67	97	Lc
67	98	Lc
67	99	Lc
67	100	Lc
67	101	Lc
67	102	Lc
67	103	Lc
67	104	Lc
67	105	Lc
67	106	Lc
67	107	Lc
67	108	Lc
67	109	Lc
67	110	Lc
67	111	Lc
67	112	Lc
67	113	-1
67	114	Lc
67	115	Lc
67	116	Lc
67	117	Lc
67	118	-1
67	119	-1
68	0	Lc
68	1	Lc
68	2	-1
68	3	-1
68	4	Lc
68	5	Lc
68	6	Uc
68	7	Lc
68	8	Lc
68	9	Lc
68	10	Lc
68	11	Lc
68	12	Lc
68	13	Lc
68	14	L
68	15	Uc
68	16	Uc
68	17	Lc
68	18	-1
68	19	Lc
68	20	Lc
68	21	Lc
68	22	Lc
68	23	Lc
68	24	Lc
68	25	Lc
68	26	Lc
68	27	Lc
68	28	Lc
68	29	-1
68	30	Lc
68	31	Lc
68	32	Lc
68	33	Lc
68	34	-1
68	35	Lc
68	36	Lc
68	37	-1
68	38	Lc
68	39	Lc
68	40	Lc
68	41	Lc
68	42	Lc
68	43	-1
68	44	-1
68	45	Lc
68	46	-1
68	47	-1
68	48	-1
68	49	-1
68	50	Lc
68	51	Lc
68	52	Lc
68	53	Lc
68	54	Lc
68	55	L
68	56	Lc
68	57	L
68	58	-1
68	59	L
68	60	-1
68	61	-1
68	62	Lc
68	63	Lc
68	64	Lc
68	65	L
68	66	L
68	67	L
68	68	L
68	69	L
68	70	L
68	71	L
68	72	-1
68	73	L
68	74	L
68	75	L
68	76	L
68	77	Lc
68	78	Lc
68	79	-1
68	80	-1
68	81	Lc
68	82	Lc
68	83	Lc
68	84	Uc
68	85	Uc
68	86	Lc
68	87	Lc
68	88	-1
68	89	-1
68	90	Lc
68	91	Lc
68	92	Lc
68	93	Lc
68	94	Lc
68	95	Lc
68	96	-1
68	97	Lc
68	98	-1
68	99	Lc
68	100	Lc
68	101	Lc
68	102	-1
68	103	Lc
68	104	Lc
68	105	Lc
68	106	-1
68	107	Lc
68	108	Lc
68	109	-1
68	110	Lc
68	111	Lc
68	112	-1
68	113	Lc
68	114	Lc
68	115	Lc
68	116	Lc
68	117	-1
68	118	Lc
68	119	Lc
69	0	Lc
69	1	Lc
69	2	Lc
69	3	Lc
69	4	Lc
69	5	Uc
69	6	Lc
69	7	Lc
69	8	Lc
69	9	Lc
69	10	Lc
69	11	Lc
69	12	Lc
69	13	Lc
69	14	Lc
69	15	Lc
69	16	Lc
69	17	-1
69	18	Lc
69	19	-1
69	20	Lc
69	21	Lc
69	22	-1
69	23	Lc
69	24	-1
69	25	Lc
69	26	Lc
69	27	Lc
69	28	Lc
69	29	Lc
69	30	Lc
69	31	Uc
69	32	Uc
69	33	Uc
69	34	Lc
69	35	-1
69	36	Lc
69	37	Uc
69	38	Lc
69	39	Lc
69	40	-1
69	41	Lc
69	42	Lc
69	43	Lc
69	44	-1
69	45	Lc
69	46	Lc
69	47	Lc
69	48	Lc
69	49	Lc
69	50	Lc
69	51	Lc
69	52	Lc
69	53	Lc
69	54	Lc
69	55	-1
69	56	L
69	57	L
69	58	-1
69	59	-1
69	60	L
69	61	U
69	62	Lc
69	63	Lc
69	64	U
69	65	L
69	66	-1
69	67	L
69	68	L
69	69	-1
69	70	-1
69	71	L
69	72	L
69	73	L
69	74	L
69	75	L
69	76	L
69	77	L
69	78	Lc
69	79	Uc
69	80	Lc
69	81	Uc
69	82	Lc
69	83	Lc
69	84	Uc
69	85	Lc
69	86	-1
69	87	-1
69	88	Lc
69	89	Lc
69	90	Lc
69	91	Lc
69	92	Lc
69	93	Lc
69	94	Lc
69	95	Lc
69	96	Lc
69	97	Lc
69	98	Lc
69	99	-1
69	100	Lc
69	101	Lc
69	102	-1
69	103	-1
69	104	-1
69	105	Uc
69	106	-1
69	107	Lc
69	108	Lc
69	109	Lc
69	110	Lc
69	111	Lc
69	112	Lc
69	113	Lc
69	114	Lc
69	115	Lc
69	116	Lc
69	117	-1
69	118	Lc
69	119	Lc
70	0	-1
70	1	-1
70	2	Lc
70	3	-1
70	4	Lc
70	5	-1
70	6	-1
70	7	Lc
70	8	Lc
70	9	Lc
70	10	-1
70	11	Lc
70	12	Lc
70	13	Lc
70	14	-1
70	15	Lc
70	16	Lc
70	17	Lc
70	18	Lc
70	19	Lc
70	20	Lc
70	21	-1
70	22	Lc
70	23	Lc
70	24	Lc
70	25	Lc
70	26	Lc
70	27	Lc
70	28	Lc
70	29	Lc
70	30	Lc
70	31	Lc
70	32	Uc
70	33	Uc
70	34	Lc
70	35	Lc
70	36	Lc
70	37	Lc
70	38	Lc
70	39	Lc
70	40	Lc
70	41	Lc
70	42	-1
70	43	-1
70	44	Lc
70	45	Lc
70	46	Lc
70	47	-1
70	48	Lc
70	49	Lc
70	50	-1
70	51	Lc
70	52	Uc
70	53	Lc
70	54	Lc
70	55	L
70	56	Lc
70	57	-1
70	58	L
70	59	L
70	60	L
70	61	-1
70	62	-1
70	63	L
70	64	L
70	65	-1
70	66	L
70	67	L
70	68	L
70	69	L
70	70	L
70	71	L
70	72	L
70	73	L
70	74	L
70	75	L
70	76	L
70	77	L
70	78	Lc
70	79	Uc
70	80	Lc
70	81	Uc
70	82	Lc
70	83	Lc
70	84	Lc
70	85	-1
70	86	Lc
70	87	Lc
70	88	Lc
70	89	-1
70	90	Lc
70	91	-1
70	92	-1
70	93	Lc
70	94	Lc
70	95	-1
70	96	-1
70	97	Lc
70	98	-1
70	99	Lc
70	100	-1
70	101	Lc
70	102	Lc
70	103	Lc
70	104	Lc
70	105	Lc
70	106	Lc
70	107	-1
70	108	Lc
70	109	Lc
70	110	Lc
70	111	Lc
70	112	Lc
70	113	Lc
70	114	Lc
70	115	Lc
70	116	-1
70	117	Lc
70	118	Lc
70	119	Lc
71	0	L
71	1	Lc
71	2	Lc
71	3	Lc
71	4	Lc
71	5	-1
71	6	Lc
71	7	Lc
71	8	Lc
71	9	Lc
71	10	Lc
71	11	-1
71	12	-1
71	13	Lc
71	14	Lc
71	15	-1
71	16	Lc
71	17	Lc
71	18	Lc
71	19	Lc
71	20	Lc
71	21	Lc
71	22	Lc
71	23	Lc
71	24	Lc
71	25	Lc
71	26	Lc
71	27	Lc
71	28	Lc
71	29	Lc
71	30	Lc
71	31	Lc
71	32	Lc
71	33	Uc
71	34	-1
71	35	Lc
71	36	Lc
71	37	Lc
71	38	Lc
71	39	Lc
71	40	Lc
71	41	Lc
71	42	-1
71	43	Lc
71	44	Lc
71	45	Lc
71	46	-1
71	47	Lc
71	48	Lc
71	49	Lc
71	50	-1
71	51	Uc
71	52	Uc
71	53	Lc
71	54	Lc
71	55	-1
71	56	Lc
71	57	Lc
71	58	L
71	59	L
71	60	L
71	61	-1
71	62	-1
71	63	L
71	64	L
71	65	Lc
71	66	Lc
71	67	L
71	68	L
71	69	L
71	70	L
71	71	L
71	72	-1
71	73	L
71	74	L
71	75	L
71	76	L
71	77	L
71	78	L
71	79	-1
71	80	Uc
71	81	Uc
71	82	-1
71	83	Lc
71	84	-1
71	85	Lc
71	86	Lc
71	87	Lc
71	88	-1
71	89	Lc
71	90	Lc
71	91	Lc
71	92	Lc
71	93	Lc
71	94	Lc
71	95	-1
71	96	-1
71	97	-1
71	98	Lc
71	99	-1
71	100	Lc
71	101	Lc
71	102	-1
71	103	Lc
71	104	Uc
71	105	-1
71	106	Lc
71	107	-1
71	108	-1
71	109	Lc
71	110	Lc
71	111	Lc
71	112	Lc
71	113	Lc
71	114	Lc
71	115	-1
71	116	Lc
71	117	Lc
71	118	Lc
71	119	Lc
72	0	Lc
72	1	L
72	2	Lc
72	3	-1
72	4	Lc
72	5	L
72	6	Lc
72	7	Lc
72	8	Lc
72	9	-1
72	10	L
72	11	-1
72	12	Lc
72	13	Lc
72	14	Lc
72	15	Lc
72	16	Lc
72	17	Lc
72	18	-1
72	19	-1
72	20	Lc
72	21	-1
72	22	-1
72	23	Uc
72	24	Lc
72	25	Lc
72	26	Lc
72	27	Lc
72	28	Lc
72	29	Lc
72	30	Lc
72	31	Lc
72	32	Lc
72	33	Lc
72	34	Uc
72	35	Uc
72	36	-1
72	37	Lc
72	38	Lc
72	39	Lc
72	40	Lc
72	41	-1
72	42	Lc
72	43	Lc
72	44	Lc
72	45	Lc
72	46	Lc
72	47	Lc
72	48	Lc
72	49	Lc
72	50	Lc
72	51	Lc
72	52	Lc
72	53	Lc
72	54	Lc
72	55	Lc
72	56	Lc
72	57	Lc
72	58	Lc
72	59	L
72	60	L
72	61	L
72	62	L
72	63	Lc
72	64	Lc
72	65	L
72	66	Lc
72	67	Lc
72	68	Lc
72	69	L
72	70	L
72	71	L
72	72	L
72	73	L
72	74	L
72	75	L
72	76	-1
72	77	L
72	78	L
72	79	Lc
72	80	Lc
72	81	Uc
72	82	Lc
72	83	L
72	84	Lc
72	85	Lc
72	86	Lc
72	87	-1
72	88	Lc
72	89	Lc
72	90	Lc
72	91	Lc
72	92	Lc
72	93	Lc
72	94	Lc
72	95	Lc
72	96	-1
72	97	Lc
72	98	Lc
72	99	Lc
72	100	Lc
72	101	Lc
72	102	Lc
72	103	Lc
72	104	Lc
72	105	-1
72	106	Lc
72	107	-1
72	108	-1
72	109	Lc
72	110	Lc
72	111	Lc
72	112	Lc
72	113	-1
72	114	Lc
72	115	-1
72	116	-1
72	117	Lc
72	118	Lc
72	119	L
73	0	L
73	1	Lc
73	2	L
73	3	Lc
73	4	L
73	5	L
73	6	L
73	7	Lc
73	8	-1
73	9	L
73	10	Lc
73	11	Lc
73	12	Lc
73	13	Lc
73	14	Lc
73	15	Lc
73	16	Lc
73	17	Lc
73	18	Lc
73	19	Lc
73	20	-1
73	21	Lc
73	22	Lc
73	23	Lc
73	24	Lc
73	25	Lc
73	26	Lc
73	27	Lc
73	28	Lc
73	29	Lc
73	30	Lc
73	31	Lc
73	32	Lc
73	33	Lc
73	34	Lc
73	35	Lc
73	36	Lc
73	37	Lc
73	38	Lc
73	39	Lc
73	40	Lc
73	41	Lc
73	42	Lc
73	43	Lc
73	44	Lc
73	45	Lc
73	46	Lc
73	47	Lc
73	48	-1
73	49	Lc
73	50	Lc
73	51	Lc
73	52	Lc
73	53	Lc
73	54	Lc
73	55	Lc
73	56	L
73	57	Lc
73	58	Lc
73	59	-1
73	60	L
73	61	L
73	62	L
73	63	Lc
73	64	L
73	65	L
73	66	Lc
73	67	-1
73	68	L
73	69	-1
73	70	L
73	71	Lc
73	72	-1
73	73	-1
73	74	L
73	75	L
73	76	-1
73	77	L
73	78	L
73	79	L
73	80	Lc
73	81	Lc
73	82	Uc
73	83	Uc
73	84	L
73	85	L
73	86	-1
73	87	Lc
73	88	Lc
73	89	Lc
73	90	Lc
73	91	Lc
73	92	Lc
73	93	Lc
73	94	Lc
73	95	-1
73	96	-1
73	97	Lc
73	98	Lc
73	99	Lc
73	100	Lc
73	101	Lc
73	102	Lc
73	103	Lc
73	104	Lc
73	105	Lc
73	106	Lc
73	107	-1
73	108	Lc
73	109	Lc
73	110	Lc
73	111	Lc
73	112	Lc
73	113	Lc
73	114	Lc
73	115	Lc
73	116	Lc
73	117	-1
73	118	Lc
73	119	Lc
74	0	Lc
74	1	-1
74	2	Lc
74	3	Lc
74	4	Lc
74	5	L
74	6	L
74	7	L
74	8	Lc
74	9	Lc
74	10	Lc
74	11	Lc
74	12	Lc
74	13	Lc
74	14	Lc
74	15	Lc
74	16	Lc
74	17	Lc
74	18	Lc
74	19	-1
74	20	Lc
74	21	Lc
74	22	Lc
74	23	Lc
74	24	Lc
74	25	Lc
74	26	Lc
74	27	Lc
74	28	Lc
74	29	Lc
74	30	Uc
74	31	Uc
74	32	Lc
74	33	Lc
74	34	L
74	35	L
74	36	Lc
74	37	Lc
74	38	Lc
74	39	Lc
74	40	Lc
74	41	Lc
74	42	Lc
74	43	Lc
74	44	Lc
74	45	Lc
74	46	Lc
74	47	Lc
74	48	Lc
74	49	Lc
74	50	Lc
74	51	-1
74	52	Lc
74	53	Lc
74	54	Lc
74	55	-1
74	56	-1
74	57	Lc
74	58	L
74	59	L
74	60	L
74	61	L
74	62	Lc
74	63	Lc
74	64	Lc
74	65	Lc
74	66	Lc
74	67	Lc
74	68	Lc
74	69	Lc
74	70	L
74	71	Lc
74	72	-1
74	73	Lc
74	74	-1
74	75	L
74	76	L
74	77	-1
74	78	L
74	79	Lc
74	80	Lc
74	81	Lc
74	82	Uc
74	83	Uc
74	84	Uc
74	85	L
74	86	-1
74	87	Lc
74	88	Lc
74	89	Lc
74	90	Lc
74	91	Lc
74	92	Lc
74	93	Lc
74	94	Lc
74	95	Lc
74	96	Lc
74	97	Lc
74	98	Lc
74	99	Lc
74	100	Lc
74	101	-1
74	102	-1
74	103	Lc
74	104	Lc
74	105	-1
74	106	Lc
74	107	-1
74	108	-1
74	109	Lc
74	110	Lc
74	111	Lc
74	112	Lc
74	113	-1
74	114	Lc
74	115	Lc
74	116	Lc
74	117	Lc
74	118	Lc
74	119	Lc
75	0	Lc
75	1	-1
75	2	L
75	3	Lc
75	4	L
75	5	L
75	6	L
75	7	-1
75	8	L
75	9	Lc
75	10	Lc
75	11	Lc
75	12	L
75	13	L
75	14	Lc
75	15	Lc
75	16	Lc
75	17	-1
75	18	Lc
75	19	Lc
75	20	Lc
75	21	Lc
75	22	Lc
75	23	-1
75	24	Lc
75	25	-1
75	26	Lc
75	27	-1
75	28	Lc
75	29	Lc
75	30	Uc
75	31	Uc
75	32	Lc
75	33	-1
75	34	-1
75	35	Lc
75	36	L
75	37	Lc
75	38	Lc
75	39	Lc
75	40	-1
75	41	-1
75	42	Lc
75	43	Lc
75	44	-1
75	45	Lc
75	46	Lc
75	47	-1
75	48	-1
75	49	Lc
75	50	Lc
75	51	Lc
75	52	Lc
75	53	Lc
75	54	Lc
75	55	Lc
75	56	Lc
75	57	L
75	58	-1
75	59	L
75	60	-1
75	61	L
75	62	-1
75	63	Lc
75	64	Lc
75	65	Lc
75	66	Lc
75	67	Lc
75	68	Lc
75	69	Lc
75	70	-1
75	71	-1
75	72	L
75	73	L
75	74	L
75	75	L
75	76	L
75	77	L
75	78	L
75	79	Uc
75	80	Lc
75	81	Uc
75	82	Uc
75	83	-1
75	84	Uc
75	85	Uc
75	86	Uc
75	87	-1
75	88	Lc
75	89	Lc
75	90	Lc
75	91	Lc
75	92	-1
75	93	-1
75	94	Lc
75	95	Lc
75	96	Lc
75	97	Lc
75	98	Lc
75	99	-1
75	100	Lc
75	101	Lc
75	102	-1
75	103	Lc
75	104	Lc
75	105	Lc
75	106	Lc
75	107	Lc
75	108	-1
75	109	Lc
75	110	Lc
75	111	Lc
75	112	Lc
75	113	Lc
75	114	-1
75	115	Lc
75	116	Lc
75	117	Lc
75	118	Lc
75	119	-1
76	0	Lc
76	1	L
76	2	L
76	3	Lc
76	4	Lc
76	5	-1
76	6	L
76	7	L
76	8	Lc
76	9	L
76	10	Lc
76	11	L
76	12	Lc
76	13	Lc
76	14	Lc
76	15	Lc
76	16	Lc
76	17	Lc
76	18	Lc
76	19	-1
76	20	Lc
76	21	Lc
76	22	Lc
76	23	-1
76	24	Lc
76	25	Lc
76	26	Lc
76	27	Lc
76	28	Lc
76	29	Lc
76	30	Lc
76	31	Uc
76	32	Uc
76	33	Uc
76	34	-1
76	35	-1
76	36	Lc
76	37	L
76	38	L
76	39	Lc
76	40	-1
76	41	Lc
76	42	-1
76	43	Lc
76	44	Lc
76	45	Lc
76	46	-1
76	47	Lc
76	48	Lc
76	49	Lc
76	50	Lc
76	51	Lc
76	52	Lc
76	53	Lc
76	54	Lc
76	55	Lc
76	56	Lc
76	57	Lc
76	58	L
76	59	L
76	60	L
76	61	L
76	62	L
76	63	L
76	64	-1
76	65	Lc
76	66	Lc
76	67	Lc
76	68	-1
76	69	Lc
76	70	Lc
76	71	-1
76	72	L
76	73	Lc
76	74	L
76	75	-1
76	76	L
76	77	Lc
76	78	Lc
76	79	-1
76	80	Lc
76	81	Lc
76	82	Uc
76	83	Uc
76	84	Uc
76	85	Uc
76	86	Lc
76	87	Uc
76	88	Lc
76	89	Lc
76	90	Lc
76	91	Lc
76	92	-1
76	93	Lc
76	94	Lc
76	95	Lc
76	96	-1
76	97	Lc
76	98	Lc
76	99	Lc
76	100	Lc
76	101	Lc
76	102	Lc
76	103	Lc
76	104	Lc
76	105	Lc
76	106	Lc
76	107	Lc
76	108	Lc
76	109	Lc
76	110	Lc
76	111	Lc
76	112	Lc
76	113	Lc
76	114	Lc
76	115	Lc
76	116	Lc
76	117	-1
76	118	Lc
76	119	Lc
77	0	L
77	1	Lc
77	2	L
77	3	L
77	4	-1
77	5	-1
77	6	L
77	7	L
77	8	L
77	9	-1
77	10	Lc
77	11	L
77	12	L
77	13	Lc
77	14	Lc
77	15	Lc
77	16	Lc
77	17	-1
77	18	Lc
77	19	Lc
77	20	Lc
77	21	Lc
77	22	Lc
77	23	Lc
77	24	Lc
77	25	-1
77	26	Lc
77	27	-1
77	28	-1
77	29	Lc
77	30	Lc
77	31	Lc
77	32	Uc
77	33	-1
77	34	-1
77	35	Lc
77	36	Lc
77	37	L
77	38	-1
77	39	Uc
77	40	Uc
77	41	Lc
77	42	-1
77	43	-1
77	44	Lc
77	45	Lc
77	46	-1
77	47	-1
77	48	Lc
77	49	-1
77	50	-1
77	51	Lc
77	52	Lc
77	53	Lc
77	54	Lc
77	55	Lc
77	56	Lc
77	57	-1
77	58	Uc
77	59	Uc
77	60	L
77	61	L
77	62	L
77	63	L
77	64	L
77	65	Lc
77	66	Lc
77	67	-1
77	68	-1
77	69	Lc
77	70	Lc
77	71	-1
77	72	L
77	73	L
77	74	Lc
77	75	L
77	76	Lc
77	77	L
77	78	Lc
77	79	-1
77	80	-1
77	81	Uc
77	82	Uc
77	83	Uc
77	84	-1
77	85	Uc
77	86	Uc
77	87	L
77	88	Lc
77	89	Lc
77	90	Lc
77	91	Lc
77	92	Lc
77	93	Lc
77	94	-1
77	95	-1
77	96	Lc
77	97	Lc
77	98	Lc
77	99	Lc
77	100	Lc
77	101	Lc
77	102	Lc
77	103	Lc
77	104	Lc
77	105	-1
77	106	-1
77	107	Lc
77	108	Uc
77	109	Uc
77	110	-1
77	111	-1
77	112	Lc
77	113	-1
77	114	Lc
77	115	Lc
77	116	Lc
77	117	Lc
77	118	Lc
77	119	L
78	0	Lc
78	1	Lc
78	2	L
78	3	L
78	4	L
78	5	L
78	6	L
78	7	L
78	8	L
78	9	Lc
78	10	Lc
78	11	-1
78	12	Uc
78	13	Lc
78	14	Lc
78	15	Lc
78	16	Lc
78	17	Uc
78	18	Lc
78	19	Lc
78	20	Lc
78	21	Lc
78	22	Lc
78	23	Lc
78	24	Lc
78	25	Lc
78	26	Lc
78	27	Lc
78	28	-1
78	29	Lc
78	30	Lc
78	31	Lc
78	32	Uc
78	33	-1
78	34	Uc
78	35	Lc
78	36	Lc
78	37	Lc
78	38	Uc
78	39	-1
78	40	Lc
78	41	Lc
78	42	Lc
78	43	Lc
78	44	Lc
78	45	-1
78	46	Lc
78	47	Lc
78	48	-1
78	49	-1
78	50	-1
78	51	Lc
78	52	Lc
78	53	Lc
78	54	Lc
78	55	Lc
78	56	Lc
78	57	Lc
78	58	Uc
78	59	Uc
78	60	L
78	61	L
78	62	L
78	63	L
78	64	L
78	65	Lc
78	66	L
78	67	-1
78	68	Lc
78	69	-1
78	70	Lc
78	71	Lc
78	72	Lc
78	73	Lc
78	74	Lc
78	75	Lc
78	76	L
78	77	Lc
78	78	L
78	79	Lc
78	80	Uc
78	81	Uc
78	82	Uc
78	83	Uc
78	84	Lc
78	85	Lc
78	86	L
78	87	L
78	88	Lc
78	89	Lc
78	90	-1
78	91	-1
78	92	-1
78	93	-1
78	94	Lc
78	95	Lc
78	96	Lc
78	97	Lc
78	98	Lc
78	99	-1
78	100	Lc
78	101	Lc
78	102	Lc
78	103	Lc
78	104	Lc
78	105	-1
78	106	Lc
78	107	Lc
78	108	Uc
78	109	Uc
78	110	Lc
78	111	Lc
78	112	-1
78	113	Lc
78	114	-1
78	115	Lc
78	116	Lc
78	117	Lc
78	118	Lc
78	119	L
79	0	Lc
79	1	L
79	2	L
79	3	-1
79	4	L
79	5	-1
79	6	L
79	7	-1
79	8	Lc
79	9	L
79	10	-1
79	11	Lc
79	12	-1
79	13	Lc
79	14	Lc
79	15	Lc
79	16	-1
79	17	Uc
79	18	Uc
79	19	Lc
79	20	Lc
79	21	Lc
79	22	-1
79	23	-1
79	24	Lc
79	25	Lc
79	26	Lc
79	27	Lc
79	28	Lc
79	29	Lc
79	30	Lc
79	31	Lc
79	32	-1
79	33	Uc
79	34	Lc
79	35	-1
79	36	Lc
79	37	Uc
79	38	Lc
79	39	Uc
79	40	Lc
79	41	Lc
79	42	Lc
79	43	Lc
79	44	Lc
79	45	Lc
79	46	Lc
79	47	Lc
79	48	Lc
79	49	-1
79	50	-1
79	51	Lc
79	52	Lc
79	53	Lc
79	54	Lc
79	55	Lc
79	56	Lc
79	57	L
79	58	Uc
79	59	L
79	60	L
79	61	-1
79	62	L
79	63	L
79	64	Lc
79	65	L
79	66	-1
79	67	Lc
79	68	Lc
79	69	Lc
79	70	-1
79	71	Uc
79	72	Lc
79	73	Lc
79	74	L
79	75	L
79	76	Lc
79	77	L
79	78	Lc
79	79	L
79	80	Lc
79	81	Lc
79	82	Lc
79	83	Lc
79	84	Lc
79	85	Lc
79	86	L
79	87	L
79	88	Lc
79	89	-1
79	90	-1
79	91	-1
79	92	L
79	93	-1
79	94	Lc
79	95	-1
79	96	Lc
79	97	-1
79	98	Lc
79	99	Lc
79	100	Lc
79	101	-1
79	102	Lc
79	103	Lc
79	104	Lc
79	105	Lc
79	106	Lc
79	107	Lc
79	108	Uc
79	109	Uc
79	110	Lc
79	111	Lc
79	112	Lc
79	113	-1
79	114	-1
79	115	Uc
79	116	-1
79	117	Uc
79	118	Lc
79	119	Lc
80	0	Lc
80	1	Lc
80	2	L
80	3	L
80	4	L
80	5	L
80	6	Lc
80	7	Lc
80	8	Lc
80	9	Lc
80	10	L
80	11	Lc
80	12	Lc
80	13	Lc
80	14	Lc
80	15	Uc
80	16	-1
80	17	Uc
80	18	Uc
80	19	-1
80	20	Lc
80	21	Lc
80	22	-1
80	23	Lc
80	24	Lc
80	25	Lc
80	26	Lc
80	27	-1
80	28	-1
80	29	Lc
80	30	-1
80	31	Lc
80	32	-1
80	33	-1
80	34	-1
80	35	Uc
80	36	Uc
80	37	-1
80	38	Lc
80	39	Lc
80	40	-1
80	41	Lc
80	42	Lc
80	43	Lc
80	44	Lc
80	45	Lc
80	46	-1
80	47	Lc
80	48	Lc
80	49	Lc
80	50	Lc
80	51	Lc
80	52	Lc
80	53	-1
80	54	Lc
80	55	Lc
80	56	L
80	57	L
80	58	-1
80	59	L
80	60	-1
80	61	L
80	62	L
80	63	L
80	64	L
80	65	Lc
80	66	L
80	67	-1
80	68	-1
80	69	-1
80	70	-1
80	71	-1
80	72	Lc
80	73	Lc
80	74	Lc
80	75	Lc
80	76	L
80	77	L
80	78	L
80	79	-1
80	80	Lc
80	81	L
80	82	L
80	83	L
80	84	L
80	85	L
80	86	U
80	87	L
80	88	L
80	89	L
80	90	L
80	91	-1
80	92	Lc
80	93	L
80	94	-1
80	95	Lc
80	96	Lc
80	97	Lc
80	98	Lc
80	99	Lc
80	100	Lc
80	101	Lc
80	102	Lc
80	103	Lc
80	104	Lc
80	105	Lc
80	106	-1
80	107	-1
80	108	Lc
80	109	Lc
80	110	-1
80	111	Lc
80	112	Lc
80	113	Lc
80	114	Uc
80	115	Uc
80	116	Lc
80	117	Lc
80	118	Lc
80	119	-1
81	0	Lc
81	1	Lc
81	2	Lc
81	3	-1
81	4	L
81	5	L
81	6	-1
81	7	Lc
81	8	Lc
81	9	Lc
81	10	Lc
81	11	L
81	12	-1
81	13	L
81	14	L
81	15	Uc
81	16	Uc
81	17	Uc
81	18	Uc
81	19	Uc
81	20	Lc
81	21	Lc
81	22	Lc
81	23	Lc
81	24	Lc
81	25	Lc
81	26	-1
81	27	-1
81	28	Lc
81	29	Lc
81	30	Lc
81	31	Lc
81	32	Uc
81	33	Uc
81	34	Uc
81	35	Lc
81	36	Uc
81	37	Lc
81	38	Uc
81	39	Uc
81	40	Lc
81	41	Lc
81	42	-1
81	43	Lc
81	44	Lc
81	45	Lc
81	46	Lc
81	47	Lc
81	48	Lc
81	49	-1
81	50	Lc
81	51	Lc
81	52	-1
81	53	Lc
81	54	Lc
81	55	Lc
81	56	L
81	57	L
81	58	L
81	59	Lc
81	60	Lc
81	61	L
81	62	L
81	63	-1
81	64	L
81	65	Lc
81	66	Lc
81	67	Lc
81	68	Lc
81	69	Lc
81	70	Lc
81	71	L
81	72	Lc
81	73	-1
81	74	Lc
81	75	Lc
81	76	L
81	77	L
81	78	L
81	79	L
81	80	L
81	81	-1
81	82	-1
81	83	L
81	84	L
81	85	U
81	86	U
81	87	L
81	88	L
81	89	L
81	90	L
81	91	Lc
81	92	-1
81	93	L
81	94	Lc
81	95	Lc
81	96	Lc
81	97	-1
81	98	Lc
81	99	Lc
81	100	-1
81	101	Lc
81	102	Lc
81	103	Lc
81	104	-1
81	105	Lc
81	106	Lc
81	107	-1
81	108	Lc
81	109	Lc
81	110	Lc
81	111	Lc
81	112	Lc
81	113	-1
81	114	Lc
81	115	Lc
81	116	Lc
81	117	Lc
81	118	L
81	119	Lc
82	0	Lc
82	1	Lc
82	2	Lc
82	3	-1
82	4	L
82	5	L
82	6	L
82	7	Lc
82	8	Lc
82	9	Lc
82	10	L
82	11	Lc
82	12	L
82	13	L
82	14	L
82	15	Lc
82	16	Uc
82	17	Lc
82	18	Lc
82	19	Uc
82	20	Lc
82	21	Lc
82	22	Lc
82	23	-1
82	24	Lc
82	25	Lc
82	26	-1
82	27	Lc
82	28	Lc
82	29	L
82	30	-1
82	31	Lc
82	32	-1
82	33	Uc
82	34	Uc
82	35	Lc
82	36	Lc
82	37	Lc
82	38	Lc
82	39	Lc
82	40	Lc
82	41	Lc
82	42	Lc
82	43	Lc
82	44	Lc
82	45	Lc
82	46	Lc
82	47	-1
82	48	-1
82	49	Lc
82	50	-1
82	51	Lc
82	52	-1
82	53	-1
82	54	Lc
82	55	Lc
82	56	Lc
82	57	Lc
82	58	Lc
82	59	Lc
82	60	Lc
82	61	L
82	62	L
82	63	L
82	64	L
82	65	Lc
82	66	Lc
82	67	Lc
82	68	Lc
82	69	Lc
82	70	Lc
82	71	Lc
82	72	L
82	73	L
82	74	-1
82	75	Lc
82	76	Lc
82	77	-1
82	78	L
82	79	-1
82	80	L
82	81	L
82	82	L
82	83	L
82	84	-1
82	85	U
82	86	-1
82	87	L
82	88	L
82	89	L
82	90	L
82	91	Lc
82	92	Lc
82	93	L
82	94	L
82	95	Lc
82	96	Lc
82	97	Lc
82	98	-1
82	99	Lc
82	100	Lc
82	101	Lc
82	102	Lc
82	103	Lc
82	104	-1
82	105	Lc
82	106	-1
82	107	-1
82	108	Lc
82	109	Lc
82	110	Lc
82	111	-1
82	112	Lc
82	113	-1
82	114	Lc
82	115	Lc
82	116	L
82	117	L
82	118	L
82	119	Uc
83	0	Lc
83	1	Lc
83	2	L
83	3	Lc
83	4	L
83	5	L
83	6	L
83	7	L
83	8	L
83	9	-1
83	10	L
83	11	Lc
83	12	L
83	13	L
83	14	L
83	15	Uc
83	16	Uc
83	17	Lc
83	18	-1
83	19	Uc
83	20	-1
83	21	Lc
83	22	Lc
83	23	-1
83	24	Lc
83	25	Lc
83	26	Lc
83	27	Lc
83	28	Lc
83	29	Lc
83	30	Lc
83	31	Lc
83	32	Lc
83	33	Uc
83	34	-1
83	35	Lc
83	36	Lc
83	37	Lc
83	38	Lc
83	39	Lc
83	40	Lc
83	41	-1
83	42	-1
83	43	Lc
83	44	Uc
83	45	Lc
83	46	Lc
83	47	Lc
83	48	Lc
83	49	Lc
83	50	Lc
83	51	Lc
83	52	-1
83	53	Lc
83	54	Lc
83	55	Lc
83	56	-1
83	57	Lc
83	58	Lc
83	59	Lc
83	60	-1
83	61	L
83	62	-1
83	63	L
83	64	L
83	65	Lc
83	66	Lc
83	67	Lc
83	68	Lc
83	69	Lc
83	70	L
83	71	Lc
83	72	L
83	73	Lc
83	74	Lc
83	75	Lc
83	76	Lc
83	77	Lc
83	78	L
83	79	L
83	80	L
83	81	L
83	82	L
83	83	L
83	84	L
83	85	L
83	86	L
83	87	-1
83	88	L
83	89	Lc
83	90	L
83	91	-1
83	92	L
83	93	-1
83	94	L
83	95	L
83	96	Lc
83	97	Lc
83	98	Lc
83	99	Lc
83	100	Lc
83	101	-1
83	102	Lc
83	103	-1
83	104	Lc
83	105	Lc
83	106	Uc
83	107	Lc
83	108	Lc
83	109	Lc
83	110	Lc
83	111	-1
83	112	Lc
83	113	Lc
83	114	Lc
83	115	Lc
83	116	Lc
83	117	-1
83	118	Lc
83	119	Lc
84	0	Lc
84	1	Lc
84	2	Lc
84	3	L
84	4	Lc
84	5	L
84	6	L
84	7	L
84	8	L
84	9	L
84	10	-1
84	11	L
84	12	L
84	13	Uc
84	14	Uc
84	15	-1
84	16	Uc
84	17	Lc
84	18	Lc
84	19	Uc
84	20	Lc
84	21	Lc
84	22	Lc
84	23	Lc
84	24	Lc
84	25	-1
84	26	-1
84	27	L
84	28	Lc
84	29	Lc
84	30	Lc
84	31	L
84	32	Lc
84	33	Lc
84	34	Lc
84	35	Uc
84	36	Lc
84	37	-1
84	38	Lc
84	39	Uc
84	40	-1
84	41	Lc
84	42	Lc
84	43	Uc
84	44	Uc
84	45	Uc
84	46	Lc
84	47	Lc
84	48	Lc
84	49	-1
84	50	Lc
84	51	Lc
84	52	Lc
84	53	-1
84	54	Lc
84	55	-1
84	56	Lc
84	57	Lc
84	58	Lc
84	59	-1
84	60	-1
84	61	-1
84	62	L
84	63	L
84	64	L
84	65	Lc
84	66	-1
84	67	Lc
84	68	Lc
84	69	-1
84	70	Lc
84	71	Lc
84	72	L
84	73	-1
84	74	-1
84	75	Lc
84	76	Lc
84	77	Lc
84	78	L
84	79	L
84	80	L
84	81	-1
84	82	L
84	83	L
84	84	L
84	85	L
84	86	L
84	87	U
84	88	-1
84	89	L
84	90	Lc
84	91	Lc
84	92	Lc
84	93	Lc
84	94	L
84	95	L
84	96	-1
84	97	-1
84	98	Lc
84	99	Lc
84	100	Lc
84	101	Lc
84	102	Lc
84	103	Lc
84	104	-1
84	105	Lc
84	106	Uc
84	107	Uc
84	108	Lc
84	109	Lc
84	110	Lc
84	111	Lc
84	112	-1
84	113	L
84	114	L
84	115	Lc
84	116	-1
84	117	Uc
84	118	-1
84	119	L
85	0	L
85	1	-1
85	2	Lc
85	3	Lc
85	4	L
85	5	Lc
85	6	L
85	7	L
85	8	L
85	9	L
85	10	-1
85	11	U
85	12	L
85	13	L
85	14	Uc
85	15	Uc
85	16	Uc
85	17	Lc
85	18	Uc
85	19	Uc
85	20	-1
85	21	Lc
85	22	Lc
85	23	-1
85	24	Lc
85	25	-1
85	26	Lc
85	27	L
85	28	Lc
85	29	L
85	30	L
85	31	L
85	32	L
85	33	Lc
85	34	-1
85	35	Uc
85	36	Uc
85	37	Uc
85	38	Uc
85	39	Uc
85	40	Lc
85	41	Lc
85	42	-1
85	43	Uc
85	44	Lc
85	45	Lc
85	46	Uc
85	47	-1
85	48	Lc
85	49	Lc
85	50	Lc
85	51	Lc
85	52	Lc
85	53	Lc
85	54	Lc
85	55	Lc
85	56	Lc
85	57	Lc
85	58	Lc
85	59	-1
85	60	Lc
85	61	-1
85	62	-1
85	63	L
85	64	Uc
85	65	L
85	66	Lc
85	67	Lc
85	68	-1
85	69	Lc
85	70	Lc
85	71	L
85	72	L
85	73	Lc
85	74	Lc
85	75	L
85	76	Lc
85	77	Lc
85	78	L
85	79	L
85	80	L
85	81	L
85	82	-1
85	83	-1
85	84	L
85	85	U
85	86	L
85	87	-1
85	88	U
85	89	L
85	90	Lc
85	91	Lc
85	92	Lc
85	93	Lc
85	94	Lc
85	95	Lc
85	96	-1
85	97	L
85	98	Lc
85	99	Lc
85	100	Lc
85	101	Lc
85	102	Lc
85	103	Lc
85	104	Lc
85	105	Lc
85	106	Lc
85	107	Uc
85	108	Lc
85	109	Lc
85	110	Lc
85	111	Lc
85	112	Lc
85	113	Lc
85	114	-1
85	115	L
85	116	Lc
85	117	Lc
85	118	-1
85	119	Lc
86	0	Lc
86	1	Lc
86	2	Lc
86	3	-1
86	4	L
86	5	L
86	6	L
86	7	-1
86	8	L
86	9	L
86	10	Lc
86	11	Lc
86	12	U
86	13	-1
86	14	-1
86	15	Uc
86	16	Lc
86	17	Uc
86	18	Lc
86	19	Uc
86	20	Lc
86	21	Lc
86	22	Lc
86	23	-1
86	24	Lc
86	25	Lc
86	26	-1
86	27	Lc
86	28	Lc
86	29	L
86	30	L
86	31	L
86	32	Lc
86	33	-1
86	34	Lc
86	35	Lc
86	36	Lc
86	37	Uc
86	38	Lc
86	39	-1
86	40	Lc
86	41	Lc
86	42	Lc
86	43	Uc
86	44	Lc
86	45	-1
86	46	-1
86	47	Lc
86	48	Lc
86	49	Lc
86	50	Lc
86	51	Uc
86	52	-1
86	53	-1
86	54	Lc
86	55	Lc
86	56	Lc
86	57	Lc
86	58	Lc
86	59	Lc
86	60	L
86	61	Lc
86	62	L
86	63	Lc
86	64	Lc
86	65	Lc
86	66	Lc
86	67	Lc
86	68	-1
86	69	-1
86	70	L
86	71	Lc
86	72	Lc
86	73	Lc
86	74	Lc
86	75	-1
86	76	L
86	77	-1
86	78	U
86	79	L
86	80	L
86	81	L
86	82	L
86	83	L
86	84	L
86	85	L
86	86	L
86	87	L
86	88	L
86	89	Lc
86	90	Lc
86	91	Lc
86	92	Lc
86	93	Lc
86	94	L
86	95	Lc
86	96	Lc
86	97	Lc
86	98	-1
86	99	Lc
86	100	Lc
86	101	Lc
86	102	Lc
86	103	-1
86	104	-1
86	105	Uc
86	106	-1
86	107	-1
86	108	Uc
86	109	Lc
86	110	Lc
86	111	-1
86	112	Lc
86	113	Lc
86	114	-1
86	115	Lc
86	116	L
86	117	L
86	118	L
86	119	L
87	0	Lc
87	1	-1
87	2	L
87	3	L
87	4	Lc
87	5	L
87	6	L
87	7	L
87	8	-1
87	9	L
87	10	U
87	11	Lc
87	12	Lc
87	13	-1
87	14	Uc
87	15	-1
87	16	Lc
87	17	Uc
87	18	Uc
87	19	Uc
87	20	-1
87	21	-1
87	22	-1
87	23	Lc
87	24	Lc
87	25	Lc
87	26	Lc
87	27	Lc
87	28	Lc
87	29	Lc
87	30	L
87	31	Lc
87	32	Lc
87	33	Lc
87	34	Lc
87	35	Lc
87	36	Lc
87	37	-1
87	38	Lc
87	39	Lc
87	40	-1
87	41	Lc
87	42	-1
87	43	Uc
87	44	Lc
87	45	Lc
87	46	Lc
87	47	Lc
87	48	Lc
87	49	Lc
87	50	Lc
87	51	-1
87	52	Lc
87	53	Lc
87	54	Lc
87	55	Lc
87	56	Lc
87	57	Lc
87	58	Lc
87	59	-1
87	60	L
87	61	L
87	62	Lc
87	63	Lc
87	64	Lc
87	65	L
87	66	Lc
87	67	-1
87	68	L
87	69	L
87	70	Lc
87	71	Lc
87	72	Lc
87	73	Lc
87	74	Lc
87	75	L
87	76	L
87	77	L
87	78	L
87	79	-1
87	80	L
87	81	-1
87	82	L
87	83	Lc
87	84	Lc
87	85	L
87	86	L
87	87	Lc
87	88	-1
87	89	L
87	90	Lc
87	91	Lc
87	92	Lc
87	93	Lc
87	94	L
87	95	L
87	96	Lc
87	97	L
87	98	-1
87	99	Lc
87	100	-1
87	101	-1
87	102	Lc
87	103	Lc
87	104	Lc
87	105	Lc
87	106	L
87	107	-1
87	108	L
87	109	L
87	110	Lc
87	111	Lc
87	112	-1
87	113	L
87	114	-1
87	115	Lc
87	116	Lc
87	117	L
87	118	-1
87	119	Lc
88	0	L
88	1	-1
88	2	L
88	3	L
88	4	Lc
88	5	L
88	6	-1
88	7	L
88	8	L
88	9	L
88	10	L
88	11	Lc
88	12	Lc
88	13	Lc
88	14	Lc
88	15	Uc
88	16	Lc
88	17	Lc
88	18	Lc
88	19	Uc
88	20	Lc
88	21	L
88	22	Lc
88	23	Lc
88	24	Lc
88	25	Lc
88	26	-1
88	27	-1
88	28	Lc
88	29	-1
88	30	Lc
88	31	Lc
88	32	Uc
88	33	Lc
88	34	Lc
88	35	Lc
88	36	Lc
88	37	Lc
88	38	Lc
88	39	Lc
88	40	Lc
88	41	Uc
88	42	Lc
88	43	Lc
88	44	Lc
88	45	-1
88	46	Lc
88	47	Lc
88	48	-1
88	49	L
88	50	Lc
88	51	-1
88	52	Lc
88	53	Lc
88	54	Lc
88	55	-1
88	56	Lc
88	57	Lc
88	58	Lc
88	59	Lc
88	60	-1
88	61	Lc
88	62	L
88	63	Lc
88	64	L
88	65	L
88	66	Lc
88	67	Lc
88	68	L
88	69	Lc
88	70	Lc
88	71	L
88	72	-1
88	73	L
88	74	L
88	75	L
88	76	L
88	77	-1
88	78	-1
88	79	-1
88	80	L
88	81	L
88	82	L
88	83	Lc
88	84	L
88	85	Lc
88	86	L
88	87	-1
88	88	Lc
88	89	Lc
88	90	L
88	91	Lc
88	92	Lc
88	93	Lc
88	94	L
88	95	L
88	96	-1
88	97	Lc
88	98	-1
88	99	-1
88	100	Lc
88	101	Lc
88	102	Lc
88	103	Lc
88	104	Lc
88	105	Lc
88	106	Lc
88	107	-1
88	108	Lc
88	109	-1
88	110	-1
88	111	Lc
88	112	L
88	113	-1
88	114	L
88	115	L
88	116	Lc
88	117	Lc
88	118	Lc
88	119	-1
89	0	L
89	1	-1
89	2	-1
89	3	L
89	4	L
89	5	Lc
89	6	L
89	7	L
89	8	L
89	9	L
89	10	L
89	11	Lc
89	12	Lc
89	13	Lc
89	14	Lc
89	15	Lc
89	16	-1
89	17	-1
89	18	-1
89	19	L
89	20	L
89	21	L
89	22	Lc
89	23	Lc
89	24	Lc
89	25	Lc
89	26	Lc
89	27	Lc
89	28	Lc
89	29	-1
89	30	-1
89	31	Lc
89	32	Lc
89	33	-1
89	34	Lc
89	35	-1
89	36	Lc
89	37	Lc
89	38	Lc
89	39	Lc
89	40	Uc
89	41	Uc
89	42	Lc
89	43	Lc
89	44	-1
89	45	Lc
89	46	Lc
89	47	-1
89	48	Lc
89	49	Lc
89	50	Lc
89	51	Lc
89	52	L
89	53	Lc
89	54	Lc
89	55	-1
89	56	Lc
89	57	Lc
89	58	Lc
89	59	Lc
89	60	Lc
89	61	Lc
89	62	-1
89	63	Lc
89	64	L
89	65	L
89	66	L
89	67	L
89	68	L
89	69	Lc
89	70	Lc
89	71	-1
89	72	L
89	73	L
89	74	L
89	75	L
89	76	L
89	77	L
89	78	-1
89	79	L
89	80	L
89	81	L
89	82	L
89	83	L
89	84	L
89	85	Lc
89	86	Lc
89	87	L
89	88	Lc
89	89	Lc
89	90	Uc
89	91	-1
89	92	Lc
89	93	Lc
89	94	L
89	95	L
89	96	Lc
89	97	Lc
89	98	Lc
89	99	Lc
89	100	Lc
89	101	Lc
89	102	Lc
89	103	Lc
89	104	Lc
89	105	Uc
89	106	Lc
89	107	Lc
89	108	Lc
89	109	L
89	110	L
89	111	L
89	112	-1
89	113	-1
89	114	Lc
89	115	L
89	116	Lc
89	117	Lc
89	118	-1
89	119	Lc
90	0	Lc
90	1	L
90	2	-1
90	3	L
90	4	L
90	5	Lc
90	6	L
90	7	Lc
90	8	Lc
90	9	L
90	10	L
90	11	L
90	12	Lc
90	13	-1
90	14	Lc
90	15	Uc
90	16	Uc
90	17	Lc
90	18	L
90	19	Lc
90	20	Lc
90	21	Lc
90	22	Lc
90	23	Lc
90	24	Lc
90	25	Lc
90	26	Lc
90	27	Lc
90	28	Lc
90	29	Lc
90	30	Lc
90	31	Lc
90	32	Lc
90	33	-1
90	34	Uc
90	35	-1
90	36	Lc
90	37	Lc
90	38	Uc
90	39	Uc
90	40	Lc
90	41	Uc
90	42	Lc
90	43	Lc
90	44	Lc
90	45	Lc
90	46	Lc
90	47	-1
90	48	-1
90	49	Lc
90	50	Lc
90	51	L
90	52	-1
90	53	Lc
90	54	-1
90	55	Lc
90	56	Lc
90	57	Lc
90	58	L
90	59	Lc
90	60	Lc
90	61	Lc
90	62	Lc
90	63	-1
90	64	L
90	65	L
90	66	-1
90	67	L
90	68	Lc
90	69	Lc
90	70	Lc
90	71	Lc
90	72	-1
90	73	L
90	74	L
90	75	L
90	76	L
90	77	L
90	78	L
90	79	L
90	80	L
90	81	L
90	82	L
90	83	L
90	84	L
90	85	Lc
90	86	L
90	87	Lc
90	88	Lc
90	89	Lc
90	90	Lc
90	91	Lc
90	92	Lc
90	93	L
90	94	-1
90	95	Lc
90	96	Lc
90	97	Lc
90	98	Lc
90	99	-1
90	100	Lc
90	101	Lc
90	102	Lc
90	103	Uc
90	104	Lc
90	105	Lc
90	106	Lc
90	107	L
90	108	L
90	109	Lc
90	110	L
90	111	Lc
90	112	-1
90	113	Lc
90	114	Lc
90	115	Lc
90	116	Lc
90	117	-1
90	118	-1
90	119	Lc
91	0	Lc
91	1	Lc
91	2	Lc
91	3	L
91	4	L
91	5	L
91	6	Lc
91	7	L
91	8	L
91	9	-1
91	10	L
91	11	-1
91	12	Lc
91	13	Lc
91	14	Lc
91	15	Lc
91	16	L
91	17	L
91	18	Lc
91	19	Lc
91	20	Lc
91	21	Lc
91	22	Lc
91	23	-1
91	24	Lc
91	25	Lc
91	26	Lc
91	27	Lc
91	28	L
91	29	Uc
91	30	Lc
91	31	Uc
91	32	Uc
91	33	Lc
91	34	Lc
91	35	Uc
91	36	Lc
91	37	Lc
91	38	Uc
91	39	Lc
91	40	-1
91	41	Lc
91	42	Lc
91	43	Uc
91	44	Lc
91	45	L
91	46	L
91	47	Lc
91	48	Lc
91	49	Lc
91	50	Lc
91	51	L
91	52	L
91	53	L
91	54	Lc
91	55	Lc
91	56	-1
91	57	Lc
91	58	L
91	59	Lc
91	60	-1
91	61	Lc
91	62	-1
91	63	-1
91	64	-1
91	65	L
91	66	L
91	67	L
91	68	-1
91	69	Lc
91	70	-1
91	71	Lc
91	72	L
91	73	L
91	74	Lc
91	75	Lc
91	76	L
91	77	L
91	78	Lc
91	79	-1
91	80	Lc
91	81	L
91	82	L
91	83	L
91	84	-1
91	85	L
91	86	Lc
91	87	Lc
91	88	Lc
91	89	Lc
91	90	Lc
91	91	Lc
91	92	Lc
91	93	Lc
91	94	Lc
91	95	L
91	96	Lc
91	97	Lc
91	98	Lc
91	99	Lc
91	100	Lc
91	101	Lc
91	102	Lc
91	103	Lc
91	104	Uc
91	105	Uc
91	106	Lc
91	107	Lc
91	108	-1
91	109	-1
91	110	-1
91	111	L
91	112	Lc
91	113	Lc
91	114	Lc
91	115	Lc
91	116	Lc
91	117	Lc
91	118	Lc
91	119	Lc
92	0	Lc
92	1	L
92	2	L
92	3	-1
92	4	-1
92	5	-1
92	6	L
92	7	L
92	8	Lc
92	9	-1
92	10	L
92	11	-1
92	12	Lc
92	13	Lc
92	14	Lc
92	15	L
92	16	L
92	17	L
92	18	Lc
92	19	Lc
92	20	Lc
92	21	-1
92	22	Lc
92	23	Lc
92	24	Lc
92	25	Lc
92	26	Lc
92	27	Lc
92	28	Lc
92	29	-1
92	30	L
92	31	Lc
92	32	-1
92	33	L
92	34	Uc
92	35	-1
92	36	-1
92	37	-1
92	38	Uc
92	39	Lc
92	40	Uc
92	41	L
92	42	L
92	43	L
92	44	Lc
92	45	L
92	46	L
92	47	L
92	48	-1
92	49	L
92	50	Lc
92	51	-1
92	52	L
92	53	L
92	54	Lc
92	55	L
92	56	Lc
92	57	L
92	58	L
92	59	L
92	60	L
92	61	-1
92	62	Lc
92	63	Uc
92	64	-1
92	65	L
92	66	Lc
92	67	L
92	68	L
92	69	Lc
92	70	Lc
92	71	Lc
92	72	-1
92	73	Lc
92	74	Lc
92	75	Lc
92	76	-1
92	77	Lc
92	78	Lc
92	79	Uc
92	80	-1
92	81	Lc
92	82	Lc
92	83	-1
92	84	-1
92	85	L
92	86	Lc
92	87	Lc
92	88	Lc
92	89	Lc
92	90	Lc
92	91	-1
92	92	Lc
92	93	L
92	94	L
92	95	L
92	96	L
92	97	Lc
92	98	Lc
92	99	Lc
92	100	-1
92	101	Lc
92	102	Lc
92	103	Uc
92	104	Uc
92	105	Lc
92	106	Lc
92	107	Lc
92	108	Lc
92	109	L
92	110	L
92	111	Lc
92	112	Lc
92	113	Lc
92	114	Lc
92	115	Lc
92	116	Lc
92	117	Lc
92	118	-1
92	119	Lc
93	0	Lc
93	1	Lc
93	2	L
93	3	L
93	4	Lc
93	5	Lc
93	6	-1
93	7	Lc
93	8	Lc
93	9	Lc
93	10	Lc
93	11	Lc
93	12	L
93	13	Lc
93	14	Lc
93	15	L
93	16	-1
93	17	Lc
93	18	Lc
93	19	-1
93	20	-1
93	21	Lc
93	22	Lc
93	23	Lc
93	24	Lc
93	25	-1
93	26	Lc
93	27	Lc
93	28	Lc
93	29	L
93	30	-1
93	31	L
93	32	Lc
93	33	Lc
93	34	L
93	35	Lc
93	36	Lc
93	37	-1
93	38	Uc
93	39	Lc
93	40	-1
93	41	L
93	42	-1
93	43	Lc
93	44	Lc
93	45	L
93	46	L
93	47	-1
93	48	Lc
93	49	Lc
93	50	Lc
93	51	Lc
93	52	Lc
93	53	Lc
93	54	L
93	55	L
93	56	-1
93	57	L
93	58	L
93	59	L
93	60	L
93	61	L
93	62	-1
93	63	Uc
93	64	Lc
93	65	Lc
93	66	Lc
93	67	Lc
93	68	Lc
93	69	Lc
93	70	-1
93	71	-1
93	72	-1
93	73	-1
93	74	L
93	75	L
93	76	L
93	77	L
93	78	-1
93	79	Lc
93	80	Lc
93	81	Lc
93	82	Lc
93	83	-1
93	84	-1
93	85	L
93	86	L
93	87	Lc
93	88	L
93	89	Lc
93	90	Lc
93	91	Lc
93	92	Lc
93	93	Lc
93	94	L
93	95	L
93	96	Lc
93	97	Lc
93	98	Lc
93	99	Lc
93	100	Lc
93	101	Lc
93	102	Lc
93	103	Lc
93	104	Lc
93	105	Lc
93	106	Lc
93	107	-1
93	108	L
93	109	L
93	110	-1
93	111	Lc
93	112	-1
93	113	Lc
93	114	Lc
93	115	Lc
93	116	Lc
93	117	Lc
93	118	Lc
93	119	Lc
94	0	Lc
94	1	-1
94	2	L
94	3	L
94	4	L
94	5	Lc
94	6	Lc
94	7	Lc
94	8	-1
94	9	Lc
94	10	Lc
94	11	L
94	12	Lc
94	13	Lc
94	14	Lc
94	15	L
94	16	Lc
94	17	Lc
94	18	-1
94	19	L
94	20	Lc
94	21	Lc
94	22	Lc
94	23	Lc
94	24	-1
94	25	Lc
94	26	Lc
94	27	Lc
94	28	Lc
94	29	Lc
94	30	L
94	31	Uc
94	32	Uc
94	33	L
94	34	L
94	35	Lc
94	36	Lc
94	37	Lc
94	38	L
94	39	-1
94	40	L
94	41	L
94	42	-1
94	43	Lc
94	44	Lc
94	45	-1
94	46	Lc
94	47	Lc
94	48	L
94	49	Lc
94	50	Lc
94	51	Lc
94	52	-1
94	53	Lc
94	54	L
94	55	L
94	56	L
94	57	L
94	58	-1
94	59	L
94	60	L
94	61	L
94	62	L
94	63	-1
94	64	Lc
94	65	-1
94	66	Lc
94	67	L
94	68	L
94	69	L
94	70	L
94	71	L
94	72	L
94	73	Lc
94	74	L
94	75	L
94	76	L
94	77	L
94	78	Lc
94	79	-1
94	80	Lc
94	81	Lc
94	82	Lc
94	83	L
94	84	L
94	85	Lc
94	86	L
94	87	-1
94	88	-1
94	89	L
94	90	Lc
94	91	Lc
94	92	Lc
94	93	-1
94	94	Lc
94	95	Uc
94	96	Lc
94	97	Lc
94	98	Lc
94	99	Lc
94	100	Lc
94	101	Lc
94	102	Lc
94	103	Lc
94	104	Lc
94	105	Lc
94	106	Lc
94	107	Lc
94	108	Lc
94	109	Lc
94	110	Lc
94	111	-1
94	112	Lc
94	113	Lc
94	114	Lc
94	115	-1
94	116	Lc
94	117	-1
94	118	Lc
94	119	Lc
95	0	Lc
95	1	Lc
95	2	-1
95	3	Lc
95	4	-1
95	5	-1
95	6	L
95	7	Lc
95	8	Lc
95	9	Lc
95	10	Lc
95	11	L
95	12	Lc
95	13	Lc
95	14	Lc
95	15	Lc
95	16	Lc
95	17	L
95	18	-1
95	19	Lc
95	20	Lc
95	21	Lc
95	22	Lc
95	23	Lc
95	24	Lc
95	25	Lc
95	26	Lc
95	27	L
95	28	L
95	29	Lc
95	30	-1
95	31	Lc
95	32	L
95	33	-1
95	34	L
95	35	L
95	36	Lc
95	37	L
95	38	L
95	39	-1
95	40	L
95	41	L
95	42	L
95	43	Lc
95	44	-1
95	45	L
95	46	-1
95	47	-1
95	48	Lc
95	49	Lc
95	50	Lc
95	51	Lc
95	52	Lc
95	53	Lc
95	54	L
95	55	L
95	56	-1
95	57	Lc
95	58	Lc
95	59	Lc
95	60	L
95	61	L
95	62	Lc
95	63	L
95	64	-1
95	65	Lc
95	66	L
95	67	Lc
95	68	L
95	69	L
95	70	L
95	71	L
95	72	L
95	73	-1
95	74	L
95	75	L
95	76	L
95	77	L
95	78	-1
95	79	Lc
95	80	-1
95	81	Lc
95	82	Lc
95	83	Lc
95	84	U
95	85	-1
95	86	L
95	87	-1
95	88	Lc
95	89	L
95	90	Lc
95	91	Lc
95	92	-1
95	93	Lc
95	94	-1
95	95	Lc
95	96	Lc
95	97	Lc
95	98	Lc
95	99	Lc
95	100	Lc
95	101	Lc
95	102	-1
95	103	Lc
95	104	Lc
95	105	Lc
95	106	-1
95	107	-1
95	108	Lc
95	109	-1
95	110	Lc
95	111	-1
95	112	Lc
95	113	-1
95	114	Lc
95	115	Lc
95	116	Lc
95	117	Lc
95	118	Lc
95	119	Lc
96	0	Lc
96	1	Lc
96	2	Lc
96	3	-1
96	4	Lc
96	5	L
96	6	-1
96	7	Lc
96	8	Lc
96	9	L
96	10	L
96	11	-1
96	12	L
96	13	Lc
96	14	-1
96	15	Lc
96	16	Lc
96	17	-1
96	18	Lc
96	19	Lc
96	20	Lc
96	21	Lc
96	22	Lc
96	23	Lc
96	24	Lc
96	25	Lc
96	26	U
96	27	U
96	28	-1
96	29	L
96	30	-1
96	31	Lc
96	32	-1
96	33	L
96	34	L
96	35	L
96	36	Lc
96	37	Lc
96	38	-1
96	39	L
96	40	L
96	41	L
96	42	-1
96	43	L
96	44	L
96	45	Lc
96	46	Lc
96	47	Lc
96	48	Lc
96	49	-1
96	50	Lc
96	51	Lc
96	52	Lc
96	53	Lc
96	54	Lc
96	55	-1
96	56	-1
96	57	-1
96	58	Lc
96	59	Lc
96	60	L
96	61	L
96	62	L
96	63	-1
96	64	-1
96	65	-1
96	66	Lc
96	67	L
96	68	L
96	69	-1
96	70	-1
96	71	L
96	72	-1
96	73	L
96	74	L
96	75	L
96	76	L
96	77	Lc
96	78	-1
96	79	Lc
96	80	Lc
96	81	Lc
96	82	Lc
96	83	Lc
96	84	Lc
96	85	U
96	86	Lc
96	87	L
96	88	Lc
96	89	Lc
96	90	-1
96	91	L
96	92	L
96	93	Lc
96	94	-1
96	95	L
96	96	Lc
96	97	Lc
96	98	Lc
96	99	-1
96	100	Lc
96	101	Lc
96	102	Lc
96	103	-1
96	104	Lc
96	105	Lc
96	106	Lc
96	107	Lc
96	108	Lc
96	109	Lc
96	110	Lc
96	111	-1
96	112	-1
96	113	Lc
96	114	Lc
96	115	Lc
96	116	Lc
96	117	Lc
96	118	-1
96	119	Lc
97	0	Uc
97	1	Lc
97	2	Lc
97	3	-1
97	4	L
97	5	Lc
97	6	L
97	7	Lc
97	8	L
97	9	L
97	10	-1
97	11	L
97	12	Lc
97	13	Lc
97	14	-1
97	15	-1
97	16	Lc
97	17	Lc
97	18	Lc
97	19	-1
97	20	Lc
97	21	-1
97	22	Lc
97	23	Uc
97	24	U
97	25	U
97	26	U
97	27	U
97	28	L
97	29	Lc
97	30	Lc
97	31	-1
97	32	-1
97	33	L
97	34	L
97	35	-1
97	36	L
97	37	L
97	38	-1
97	39	L
97	40	L
97	41	L
97	42	L
97	43	L
97	44	-1
97	45	Lc
97	46	Lc
97	47	Lc
97	48	Lc
97	49	-1
97	50	Lc
97	51	Uc
97	52	-1
97	53	L
97	54	L
97	55	L
97	56	L
97	57	Lc
97	58	Lc
97	59	-1
97	60	L
97	61	-1
97	62	Lc
97	63	L
97	64	L
97	65	L
97	66	Lc
97	67	Lc
97	68	-1
97	69	L
97	70	L
97	71	-1
97	72	-1
97	73	L
97	74	L
97	75	L
97	76	-1
97	77	L
97	78	Lc
97	79	Lc
97	80	Lc
97	81	Lc
97	82	-1
97	83	Lc
97	84	Lc
97	85	U
97	86	Lc
97	87	Lc
97	88	Lc
97	89	-1
97	90	Lc
97	91	Lc
97	92	-1
97	93	L
97	94	Lc
97	95	L
97	96	Lc
97	97	Lc
97	98	Lc
97	99	-1
97	100	Lc
97	101	-1
97	102	-1
97	103	Lc
97	104	Lc
97	105	Lc
97	106	-1
97	107	-1
97	108	Lc
97	109	Lc
97	110	Lc
97	111	Lc
97	112	Lc
97	113	Lc
97	114	Lc
97	115	Lc
97	116	Lc
97	117	Lc
97	118	Lc
97	119	Lc
98	0	-1
98	1	Lc
98	2	Lc
98	3	-1
98	4	Uc
98	5	Lc
98	6	Lc
98	7	Lc
98	8	L
98	9	Lc
98	10	-1
98	11	L
98	12	Lc
98	13	Lc
98	14	-1
98	15	L
98	16	L
98	17	Lc
98	18	L
98	19	Lc
98	20	-1
98	21	-1
98	22	L
98	23	L
98	24	L
98	25	-1
98	26	Lc
98	27	Lc
98	28	Lc
98	29	L
98	30	Lc
98	31	Lc
98	32	L
98	33	L
98	34	-1
98	35	-1
98	36	-1
98	37	L
98	38	-1
98	39	Lc
98	40	L
98	41	L
98	42	L
98	43	-1
98	44	Lc
98	45	Lc
98	46	Lc
98	47	Lc
98	48	Lc
98	49	Lc
98	50	Lc
98	51	Lc
98	52	L
98	53	L
98	54	L
98	55	L
98	56	Lc
98	57	Lc
98	58	Lc
98	59	Lc
98	60	Lc
98	61	Lc
98	62	Lc
98	63	-1
98	64	L
98	65	L
98	66	L
98	67	L
98	68	L
98	69	-1
98	70	L
98	71	L
98	72	L
98	73	L
98	74	L
98	75	-1
98	76	L
98	77	L
98	78	L
98	79	L
98	80	Lc
98	81	-1
98	82	Lc
98	83	Lc
98	84	Lc
98	85	Lc
98	86	Lc
98	87	Lc
98	88	Lc
98	89	-1
98	90	Lc
98	91	L
98	92	L
98	93	Lc
98	94	Lc
98	95	Lc
98	96	Lc
98	97	Lc
98	98	Lc
98	99	Lc
98	100	Lc
98	101	-1
98	102	-1
98	103	Lc
98	104	Lc
98	105	Lc
98	106	-1
98	107	Lc
98	108	-1
98	109	Lc
98	110	Lc
98	111	Lc
98	112	Lc
98	113	Lc
98	114	Lc
98	115	Lc
98	116	Lc
98	117	-1
98	118	Lc
98	119	Lc
99	0	Lc
99	1	L
99	2	L
99	3	-1
99	4	-1
99	5	Lc
99	6	Lc
99	7	Lc
99	8	Lc
99	9	Lc
99	10	Lc
99	11	-1
99	12	Lc
99	13	Lc
99	14	Lc
99	15	Lc
99	16	-1
99	17	Lc
99	18	Lc
99	19	-1
99	20	Lc
99	21	Lc
99	22	L
99	23	-1
99	24	L
99	25	L
99	26	U
99	27	Lc
99	28	Lc
99	29	Lc
99	30	-1
99	31	Lc
99	32	Lc
99	33	Lc
99	34	L
99	35	L
99	36	L
99	37	U
99	38	L
99	39	U
99	40	U
99	41	-1
99	42	-1
99	43	L
99	44	L
99	45	-1
99	46	Lc
99	47	Lc
99	48	Lc
99	49	-1
99	50	Lc
99	51	Lc
99	52	L
99	53	Lc
99	54	Lc
99	55	Lc
99	56	Lc
99	57	Lc
99	58	Lc
99	59	-1
99	60	-1
99	61	Lc
99	62	-1
99	63	L
99	64	-1
99	65	L
99	66	L
99	67	U
99	68	U
99	69	U
99	70	L
99	71	L
99	72	L
99	73	L
99	74	L
99	75	L
99	76	L
99	77	L
99	78	L
99	79	L
99	80	Lc
99	81	Lc
99	82	Lc
99	83	Lc
99	84	Lc
99	85	Lc
99	86	-1
99	87	Lc
99	88	-1
99	89	Lc
99	90	Lc
99	91	Lc
99	92	Lc
99	93	Lc
99	94	-1
99	95	-1
99	96	-1
99	97	Lc
99	98	Lc
99	99	Lc
99	100	Lc
99	101	Lc
99	102	Lc
99	103	-1
99	104	Lc
99	105	-1
99	106	-1
99	107	Lc
99	108	Lc
99	109	Lc
99	110	Lc
99	111	Lc
99	112	Lc
99	113	Lc
99	114	-1
99	115	-1
99	116	Lc
99	117	Lc
99	118	Lc
99	119	Lc
100	0	Lc
100	1	L
100	2	L
100	3	Lc
100	4	Lc
100	5	Lc
100	6	Lc
100	7	Lc
100	8	Lc
100	9	Lc
100	10	Lc
100	11	-1
100	12	Lc
100	13	-1
100	14	-1
100	15	L
100	16	L
100	17	L
100	18	-1
100	19	Lc
100	20	Lc
100	21	-1
100	22	L
100	23	L
100	24	U
100	25	U
100	26	L
100	27	U
100	28	Lc
100	29	Lc
100	30	Lc
100	31	L
100	32	-1
100	33	L
100	34	L
100	35	-1
100	36	L
100	37	L
100	38	U
100	39	-1
100	40	Lc
100	41	Lc
100	42	Lc
100	43	L
100	44	Lc
100	45	-1
100	46	-1
100	47	L
100	48	Lc
100	49	-1
100	50	Lc
100	51	-1
100	52	Lc
100	53	Lc
100	54	Lc
100	55	-1
100	56	L
100	57	Lc
100	58	-1
100	59	Lc
100	60	Lc
100	61	Lc
100	62	L
100	63	L
100	64	L
100	65	U
100	66	L
100	67	L
100	68	L
100	69	L
100	70	L
100	71	-1
100	72	-1
100	73	L
100	74	L
100	75	L
100	76	L
100	77	L
100	78	-1
100	79	Lc
100	80	Lc
100	81	Lc
100	82	Lc
100	83	Lc
100	84	Lc
100	85	Lc
100	86	-1
100	87	Lc
100	88	Lc
100	89	-1
100	90	Lc
100	91	Lc
100	92	Lc
100	93	-1
100	94	Lc
100	95	Lc
100	96	-1
100	97	L
100	98	Lc
100	99	Lc
100	100	Lc
100	101	Lc
100	102	-1
100	103	-1
100	104	Lc
100	105	Lc
100	106	Lc
100	107	Lc
100	108	Lc
100	109	Lc
100	110	Lc
100	111	Lc
100	112	-1
100	113	-1
100	114	Lc
100	115	Lc
100	116	Lc
100	117	-1
100	118	-1
100	119	L
101	0	L
101	1	L
101	2	L
101	3	L
101	4	Lc
101	5	Lc
101	6	-1
101	7	Lc
101	8	Lc
101	9	Lc
101	10	L
101	11	Lc
101	12	Lc
101	13	Lc
101	14	L
101	15	L
101	16	L
101	17	-1
101	18	Lc
101	19	L
101	20	Lc
101	21	Lc
101	22	Lc
101	23	-1
101	24	Lc
101	25	-1
101	26	U
101	27	U
101	28	Lc
101	29	-1
101	30	L
101	31	Lp
101	32	-1
101	33	-1
101	34	L
101	35	-1
101	36	L
101	37	L
101	38	-1
101	39	L
101	40	-1
101	41	L
101	42	Lc
101	43	L
101	44	-1
101	45	Lc
101	46	L
101	47	L
101	48	L
101	49	Lc
101	50	Lc
101	51	Lc
101	52	Lc
101	53	Lc
101	54	Lc
101	55	Lc
101	56	Lc
101	57	Lc
101	58	Lc
101	59	Lc
101	60	-1
101	61	L
101	62	L
101	63	L
101	64	-1
101	65	U
101	66	L
101	67	L
101	68	L
101	69	L
101	70	L
101	71	L
101	72	L
101	73	-1
101	74	L
101	75	-1
101	76	L
101	77	L
101	78	L
101	79	-1
101	80	Lc
101	81	-1
101	82	Lc
101	83	Lc
101	84	Lc
101	85	L
101	86	Lc
101	87	Lc
101	88	Lc
101	89	Lc
101	90	Lc
101	91	Lc
101	92	Lc
101	93	Lc
101	94	Uc
101	95	-1
101	96	L
101	97	L
101	98	L
101	99	Lc
101	100	Uc
101	101	Lc
101	102	Lc
101	103	Lc
101	104	Lc
101	105	Lc
101	106	-1
101	107	Lc
101	108	Lc
101	109	Lc
101	110	Lc
101	111	Lc
101	112	L
101	113	L
101	114	L
101	115	-1
101	116	-1
101	117	L
101	118	L
101	119	L
102	0	L
102	1	L
102	2	L
102	3	-1
102	4	L
102	5	Lc
102	6	Lc
102	7	Lc
102	8	Lc
102	9	Lc
102	10	Lp
102	11	-1
102	12	Lc
102	13	Lc
102	14	L
102	15	L
102	16	-1
102	17	L
102	18	L
102	19	L
102	20	Lc
102	21	-1
102	22	-1
102	23	-1
102	24	-1
102	25	Lc
102	26	Lc
102	27	Lc
102	28	-1
102	29	Lc
102	30	Lp
102	31	L
102	32	U
102	33	L
102	34	Lp
102	35	L
102	36	L
102	37	L
102	38	L
102	39	L
102	40	L
102	41	L
102	42	L
102	43	L
102	44	-1
102	45	Lc
102	46	Lc
102	47	L
102	48	-1
102	49	L
102	50	-1
102	51	Lc
102	52	Lc
102	53	Lc
102	54	-1
102	55	Lc
102	56	-1
102	57	L
102	58	Lc
102	59	Lc
102	60	Lc
102	61	Lc
102	62	Lc
102	63	L
102	64	-1
102	65	U
102	66	U
102	67	L
102	68	-1
102	69	L
102	70	L
102	71	-1
102	72	L
102	73	-1
102	74	L
102	75	L
102	76	L
102	77	L
102	78	-1
102	79	Lc
102	80	Lc
102	81	Lc
102	82	-1
102	83	Lc
102	84	L
102	85	Lc
102	86	Lc
102	87	Lc
102	88	Lc
102	89	Lc
102	90	Lc
102	91	Lc
102	92	Lc
102	93	Lc
102	94	Lc
102	95	Lc
102	96	Lc
102	97	L
102	98	Lc
102	99	Lc
102	100	Lc
102	101	Lc
102	102	L
102	103	L
102	104	L
102	105	L
102	106	Lc
102	107	-1
102	108	Lc
102	109	Lc
102	110	Lc
102	111	L
102	112	Lc
102	113	Lc
102	114	Lc
102	115	L
102	116	L
102	117	-1
102	118	L
102	119	L
103	0	L
103	1	L
103	2	L
103	3	L
103	4	L
103	5	L
103	6	L
103	7	Lc
103	8	Lc
103	9	Lc
103	10	Lc
103	11	-1
103	12	Lc
103	13	-1
103	14	L
103	15	L
103	16	Lc
103	17	L
103	18	L
103	19	-1
103	20	Lc
103	21	L
103	22	Lc
103	23	Lc
103	24	Lc
103	25	-1
103	26	Lc
103	27	Lc
103	28	Lc
103	29	Lc
103	30	Lc
103	31	-1
103	32	Lp
103	33	U
103	34	Lp
103	35	-1
103	36	L
103	37	L
103	38	L
103	39	-1
103	40	Uc
103	41	L
103	42	L
103	43	L
103	44	L
103	45	L
103	46	L
103	47	L
103	48	L
103	49	L
103	50	L
103	51	L
103	52	Lc
103	53	-1
103	54	Lc
103	55	Lc
103	56	L
103	57	Lc
103	58	Lc
103	59	Lc
103	60	Lc
103	61	Lc
103	62	L
103	63	Lc
103	64	U
103	65	L
103	66	U
103	67	U
103	68	L
103	69	-1
103	70	L
103	71	L
103	72	L
103	73	L
103	74	L
103	75	L
103	76	-1
103	77	L
103	78	-1
103	79	L
103	80	Lc
103	81	Lc
103	82	Lc
103	83	Lc
103	84	Lc
103	85	Lc
103	86	Lc
103	87	-1
103	88	Lc
103	89	Lc
103	90	Lc
103	91	Lc
103	92	Lc
103	93	Lc
103	94	Lc
103	95	Lc
103	96	-1
103	97	Lc
103	98	Lc
103	99	Lc
103	100	Lc
103	101	L
103	102	L
103	103	L
103	104	-1
103	105	Lc
103	106	Lc
103	107	Lc
103	108	-1
103	109	-1
103	110	Lc
103	111	Lc
103	112	Lc
103	113	Lc
103	114	Lc
103	115	Lc
103	116	Lc
103	117	Lc
103	118	L
103	119	L
104	0	L
104	1	-1
104	2	L
104	3	L
104	4	L
104	5	L
104	6	L
104	7	Lc
104	8	Lc
104	9	Lc
104	10	-1
104	11	Lc
104	12	-1
104	13	Lc
104	14	Lc
104	15	-1
104	16	Lc
104	17	L
104	18	L
104	19	L
104	20	L
104	21	L
104	22	U
104	23	U
104	24	Lc
104	25	Lc
104	26	Lc
104	27	Lc
104	28	Lc
104	29	Lc
104	30	Lp
104	31	Lp
104	32	Lp
104	33	Lp
104	34	Lp
104	35	-1
104	36	L
104	37	L
104	38	L
104	39	L
104	40	L
104	41	L
104	42	-1
104	43	L
104	44	L
104	45	L
104	46	L
104	47	L
104	48	L
104	49	L
104	50	-1
104	51	-1
104	52	L
104	53	Lc
104	54	Lc
104	55	L
104	56	-1
104	57	Lc
104	58	Lc
104	59	Lc
104	60	Lc
104	61	Lc
104	62	Lc
104	63	Lc
104	64	L
104	65	Lc
104	66	L
104	67	L
104	68	L
104	69	L
104	70	L
104	71	L
104	72	L
104	73	-1
104	74	-1
104	75	-1
104	76	L
104	77	L
104	78	L
104	79	Lc
104	80	L
104	81	Lc
104	82	Lc
104	83	Lc
104	84	Lc
104	85	Lc
104	86	Lc
104	87	Lc
104	88	Lc
104	89	Lc
104	90	Lc
104	91	Lc
104	92	Lc
104	93	Lc
104	94	Lc
104	95	Lc
104	96	Lc
104	97	Lc
104	98	Lc
104	99	Lc
104	100	Lc
104	101	-1
104	102	L
104	103	L
104	104	Lc
104	105	Lc
104	106	Lc
104	107	Lc
104	108	Lc
104	109	Lc
104	110	Lc
104	111	Lc
104	112	Lc
104	113	Lc
104	114	Lc
104	115	Lc
104	116	Lc
104	117	L
104	118	L
104	119	L
105	0	-1
105	1	-1
105	2	L
105	3	L
105	4	L
105	5	L
105	6	Lc
105	7	Lc
105	8	Lc
105	9	Lc
105	10	Lc
105	11	-1
105	12	Lc
105	13	Lc
105	14	Lc
105	15	-1
105	16	Lc
105	17	L
105	18	L
105	19	-1
105	20	L
105	21	L
105	22	-1
105	23	L
105	24	L
105	25	Lc
105	26	Lc
105	27	L
105	28	L
105	29	-1
105	30	L
105	31	L
105	32	L
105	33	L
105	34	L
105	35	L
105	36	-1
105	37	L
105	38	L
105	39	L
105	40	L
105	41	L
105	42	L
105	43	L
105	44	L
105	45	-1
105	46	L
105	47	L
105	48	L
105	49	L
105	50	L
105	51	-1
105	52	L
105	53	L
105	54	Lc
105	55	Lc
105	56	Lc
105	57	Lc
105	58	Uc
105	59	-1
105	60	Lc
105	61	Lc
105	62	Lc
105	63	Lc
105	64	Lc
105	65	L
105	66	L
105	67	L
105	68	Lc
105	69	-1
105	70	L
105	71	L
105	72	L
105	73	L
105	74	L
105	75	L
105	76	L
105	77	L
105	78	L
105	79	L
105	80	Lc
105	81	Lc
105	82	Lc
105	83	L
105	84	L
105	85	Lc
105	86	Lc
105	87	Lc
105	88	Lc
105	89	Lc
105	90	Lc
105	91	Lc
105	92	Lc
105	93	Lc
105	94	Lc
105	95	Lc
105	96	Lc
105	97	Lc
105	98	Lc
105	99	L
105	100	L
105	101	L
105	102	L
105	103	Lc
105	104	L
105	105	Lc
105	106	Lc
105	107	Lc
105	108	Lc
105	109	-1
105	110	Lc
105	111	Lc
105	112	-1
105	113	Lc
105	114	Lc
105	115	Lc
105	116	-1
105	117	L
105	118	L
105	119	L
106	0	-1
106	1	L
106	2	L
106	3	L
106	4	L
106	5	L
106	6	L
106	7	Lp
106	8	Lc
106	9	Lc
106	10	Lc
106	11	Lc
106	12	-1
106	13	Uc
106	14	Lc
106	15	-1
106	16	Lc
106	17	L
106	18	L
106	19	L
106	20	L
106	21	-1
106	22	L
106	23	Lc
106	24	L
106	25	L
106	26	L
106	27	L
106	28	-1
106	29	-1
106	30	L
106	31	L
106	32	L
106	33	L
106	34	L
106	35	L
106	36	L
106	37	L
106	38	L
106	39	L
106	40	L
106	41	-1
106	42	L
106	43	L
106	44	-1
106	45	L
106	46	L
106	47	L
106	48	L
106	49	L
106	50	L
106	51	L
106	52	Lc
106	53	Lc
106	54	-1
106	55	Lc
106	56	L
106	57	L
106	58	-1
106	59	Lc
106	60	-1
106	61	Lc
106	62	Lc
106	63	L
106	64	L
106	65	Lc
106	66	L
106	67	L
106	68	L
106	69	L
106	70	-1
106	71	-1
106	72	L
106	73	L
106	74	-1
106	75	L
106	76	L
106	77	L
106	78	U
106	79	Lc
106	80	Lc
106	81	-1
106	82	Lc
106	83	Lc
106	84	Lc
106	85	L
106	86	L
106	87	Lc
106	88	Lc
106	89	Lc
106	90	Lc
106	91	-1
106	92	-1
106	93	Lc
106	94	-1
106	95	-1
106	96	Lc
106	97	Lc
106	98	-1
106	99	Lc
106	100	Lc
106	101	L
106	102	L
106	103	-1
106	104	L
106	105	L
106	106	Lc
106	107	Lc
106	108	Lc
106	109	Lc
106	110	Lc
106	111	Lc
106	112	Lc
106	113	Lc
106	114	Lc
106	115	Lc
106	116	Lc
106	117	Lc
106	118	-1
106	119	L
107	0	L
107	1	-1
107	2	L
107	3	L
107	4	L
107	5	Lp
107	6	Lp
107	7	L
107	8	Lc
107	9	Lc
107	10	Lc
107	11	Lc
107	12	-1
107	13	Lc
107	14	Lc
107	15	Lc
107	16	Lc
107	17	Lc
107	18	L
107	19	L
107	20	L
107	21	Lc
107	22	L
107	23	L
107	24	L
107	25	L
107	26	-1
107	27	-1
107	28	Lc
107	29	Lc
107	30	L
107	31	-1
107	32	L
107	33	L
107	34	L
107	35	L
107	36	L
107	37	L
107	38	L
107	39	-1
107	40	L
107	41	L
107	42	L
107	43	L
107	44	L
107	45	L
107	46	L
107	47	L
107	48	L
107	49	L
107	50	-1
107	51	Lc
107	52	Lc
107	53	Lc
107	54	L
107	55	L
107	56	-1
107	57	Uc
107	58	Lc
107	59	Lc
107	60	-1
107	61	Lc
107	62	L
107	63	Lc
107	64	Lc
107	65	-1
107	66	Lc
107	67	Lc
107	68	L
107	69	-1
107	70	Uc
107	71	L
107	72	L
107	73	L
107	74	L
107	75	-1
107	76	L
107	77	L
107	78	-1
107	79	Lc
107	80	-1
107	81	Lc
107	82	-1
107	83	Lc
107	84	Lc
107	85	L
107	86	Lc
107	87	Lc
107	88	Lc
107	89	Lc
107	90	Lc
107	91	-1
107	92	-1
107	93	Lc
107	94	-1
107	95	Lc
107	96	Lc
107	97	Lc
107	98	Lc
107	99	-1
107	100	Lc
107	101	L
107	102	L
107	103	-1
107	104	L
107	105	L
107	106	L
107	107	Lc
107	108	Lc
107	109	Lc
107	110	-1
107	111	-1
107	112	Lc
107	113	Lc
107	114	Lc
107	115	-1
107	116	Lc
107	117	L
107	118	L
107	119	L
108	0	L
108	1	L
108	2	Lp
108	3	Lp
108	4	-1
108	5	L
108	6	L
108	7	-1
108	8	Lc
108	9	Lc
108	10	Lc
108	11	L
108	12	Lc
108	13	Lc
108	14	Lc
108	15	Lc
108	16	L
108	17	L
108	18	L
108	19	L
108	20	-1
108	21	L
108	22	-1
108	23	L
108	24	L
108	25	-1
108	26	L
108	27	-1
108	28	-1
108	29	L
108	30	L
108	31	L
108	32	L
108	33	L
108	34	-1
108	35	L
108	36	L
108	37	-1
108	38	L
108	39	-1
108	40	L
108	41	L
108	42	L
108	43	-1
108	44	L
108	45	-1
108	46	L
108	47	L
108	48	L
108	49	-1
108	50	L
108	51	-1
108	52	-1
108	53	Lc
108	54	L
108	55	-1
108	56	-1
108	57	Uc
108	58	L
108	59	Lc
108	60	-1
108	61	Lc
108	62	-1
108	63	U
108	64	Lc
108	65	Lc
108	66	Lc
108	67	Lc
108	68	-1
108	69	-1
108	70	L
108	71	-1
108	72	L
108	73	L
108	74	Lc
108	75	L
108	76	-1
108	77	L
108	78	L
108	79	-1
108	80	Lc
108	81	L
108	82	L
108	83	Lc
108	84	L
108	85	Lc
108	86	L
108	87	Lc
108	88	L
108	89	L
108	90	-1
108	91	Lc
108	92	-1
108	93	Lc
108	94	Lc
108	95	Lc
108	96	-1
108	97	Lc
108	98	Lc
108	99	Lc
108	100	Lc
108	101	Lc
108	102	L
108	103	L
108	104	-1
108	105	Lc
108	106	L
108	107	L
108	108	Lc
108	109	Lc
108	110	Lc
108	111	Lc
108	112	-1
108	113	Lc
108	114	Lc
108	115	L
108	116	L
108	117	Lc
108	118	L
108	119	L
109	0	L
109	1	L
109	2	Lp
109	3	Lp
109	4	Lp
109	5	L
109	6	L
109	7	U
109	8	U
109	9	-1
109	10	Uc
109	11	Uc
109	12	L
109	13	Lc
109	14	Lc
109	15	Lc
109	16	L
109	17	L
109	18	-1
109	19	-1
109	20	L
109	21	L
109	22	L
109	23	-1
109	24	L
109	25	L
109	26	L
109	27	L
109	28	L
109	29	L
109	30	L
109	31	L
109	32	-1
109	33	L
109	34	-1
109	35	L
109	36	L
109	37	L
109	38	Lc
109	39	L
109	40	L
109	41	-1
109	42	Lc
109	43	L
109	44	-1
109	45	-1
109	46	-1
109	47	U
109	48	L
109	49	L
109	50	L
109	51	Lc
109	52	L
109	53	L
109	54	Lc
109	55	Lc
109	56	L
109	57	L
109	58	L
109	59	Uc
109	60	Uc
109	61	U
109	62	U
109	63	U
109	64	Lc
109	65	-1
109	66	Lc
109	67	Lc
109	68	-1
109	69	L
109	70	L
109	71	-1
109	72	L
109	73	Lc
109	74	L
109	75	L
109	76	-1
109	77	-1
109	78	L
109	79	L
109	80	-1
109	81	L
109	82	L
109	83	L
109	84	Lc
109	85	Lc
109	86	Lc
109	87	L
109	88	Lc
109	89	L
109	90	Lc
109	91	Lc
109	92	Lc
109	93	Lc
109	94	Lc
109	95	Lc
109	96	Lc
109	97	Lc
109	98	-1
109	99	Lc
109	100	Lc
109	101	-1
109	102	Lc
109	103	L
109	104	L
109	105	-1
109	106	L
109	107	Lc
109	108	L
109	109	Lc
109	110	Lp
109	111	Lp
109	112	-1
109	113	-1
109	114	Lc
109	115	L
109	116	L
109	117	L
109	118	Lc
109	119	L
110	0	L
110	1	L
110	2	Lp
110	3	L
110	4	Lp
110	5	Lp
110	6	Lp
110	7	L
110	8	-1
110	9	Uc
110	10	L
110	11	L
110	12	L
110	13	L
110	14	L
110	15	L
110	16	-1
110	17	-1
110	18	L
110	19	-1
110	20	-1
110	21	L
110	22	L
110	23	L
110	24	-1
110	25	L
110	26	L
110	27	L
110	28	L
110	29	-1
110	30	L
110	31	L
110	32	-1
110	33	L
110	34	-1
110	35	L
110	36	L
110	37	L
110	38	Lc
110	39	Lc
110	40	Lc
110	41	Lc
110	42	L
110	43	L
110	44	L
110	45	L
110	46	L
110	47	-1
110	48	L
110	49	L
110	50	L
110	51	-1
110	52	L
110	53	Lp
110	54	Lc
110	55	Lc
110	56	L
110	57	L
110	58	-1
110	59	Uc
110	60	L
110	61	-1
110	62	Lc
110	63	Uc
110	64	Uc
110	65	Lc
110	66	L
110	67	Lc
110	68	L
110	69	L
110	70	L
110	71	U
110	72	L
110	73	L
110	74	L
110	75	L
110	76	L
110	77	L
110	78	-1
110	79	L
110	80	L
110	81	L
110	82	L
110	83	L
110	84	L
110	85	Lc
110	86	-1
110	87	Lc
110	88	L
110	89	-1
110	90	Lc
110	91	Lc
110	92	-1
110	93	Lc
110	94	-1
110	95	Lc
110	96	-1
110	97	-1
110	98	Lc
110	99	-1
110	100	L
110	101	U
110	102	L
110	103	L
110	104	-1
110	105	L
110	106	-1
110	107	-1
110	108	L
110	109	Lp
110	110	-1
110	111	Lc
110	112	-1
110	113	L
110	114	L
110	115	-1
110	116	L
110	117	L
110	118	L
110	119	-1
111	0	U
111	1	L
111	2	L
111	3	L
111	4	Lp
111	5	Lp
111	6	L
111	7	-1
111	8	L
111	9	-1
111	10	L
111	11	L
111	12	L
111	13	L
111	14	L
111	15	-1
111	16	L
111	17	L
111	18	-1
111	19	L
111	20	-1
111	21	L
111	22	L
111	23	L
111	24	L
111	25	L
111	26	L
111	27	L
111	28	-1
111	29	L
111	30	L
111	31	L
111	32	L
111	33	L
111	34	L
111	35	L
111	36	L
111	37	L
111	38	L
111	39	Lc
111	40	Lc
111	41	Lc
111	42	L
111	43	L
111	44	-1
111	45	L
111	46	L
111	47	L
111	48	L
111	49	-1
111	50	L
111	51	Lc
111	52	-1
111	53	Lc
111	54	-1
111	55	Lc
111	56	-1
111	57	L
111	58	L
111	59	L
111	60	Lc
111	61	Lc
111	62	-1
111	63	L
111	64	Uc
111	65	Uc
111	66	Lc
111	67	-1
111	68	L
111	69	L
111	70	U
111	71	L
111	72	L
111	73	L
111	74	L
111	75	L
111	76	L
111	77	-1
111	78	L
111	79	L
111	80	L
111	81	L
111	82	L
111	83	L
111	84	L
111	85	L
111	86	Lc
111	87	Lc
111	88	L
111	89	L
111	90	-1
111	91	Lc
111	92	Lc
111	93	Lc
111	94	Lc
111	95	Lc
111	96	Lc
111	97	-1
111	98	Lc
111	99	L
111	100	-1
111	101	-1
111	102	L
111	103	L
111	104	L
111	105	-1
111	106	-1
111	107	L
111	108	Lp
111	109	L
111	110	Lp
111	111	Lp
111	112	Lp
111	113	L
111	114	L
111	115	L
111	116	-1
111	117	U
111	118	-1
111	119	L
112	0	U
112	1	-1
112	2	L
112	3	L
112	4	L
112	5	L
112	6	Lp
112	7	Lp
112	8	-1
112	9	L
112	10	L
112	11	L
112	12	L
112	13	L
112	14	L
112	15	L
112	16	L
112	17	-1
112	18	L
112	19	-1
112	20	-1
112	21	L
112	22	L
112	23	L
112	24	-1
112	25	L
112	26	L
112	27	L
112	28	Lcp
112	29	L
112	30	L
112	31	L
112	32	L
112	33	L
112	34	-1
112	35	-1
112	36	L
112	37	-1
112	38	-1
112	39	L
112	40	L
112	41	L
112	42	L
112	43	L
112	44	L
112	45	L
112	46	L
112	47	L
112	48	L
112	49	Lp
112	50	Lp
112	51	L
112	52	Lp
112	53	Lp
112	54	Lc
112	55	L
112	56	L
112	57	U
112	58	-1
112	59	Lc
112	60	Lc
112	61	L
112	62	L
112	63	Uc
112	64	Lc
112	65	Lc
112	66	Lc
112	67	Lc
112	68	L
112	69	-1
112	70	U
112	71	-1
112	72	L
112	73	U
112	74	-1
112	75	L
112	76	-1
112	77	L
112	78	L
112	79	-1
112	80	L
112	81	L
112	82	L
112	83	Lc
112	84	L
112	85	L
112	86	L
112	87	-1
112	88	Lc
112	89	-1
112	90	Lc
112	91	-1
112	92	Lc
112	93	-1
112	94	Lc
112	95	Lc
112	96	-1
112	97	-1
112	98	Lc
112	99	Lc
112	100	Lc
112	101	Lc
112	102	L
112	103	L
112	104	L
112	105	L
112	106	L
112	107	L
112	108	Lp
112	109	Lp
112	110	Lp
112	111	Lp
112	112	U
112	113	U
112	114	-1
112	115	L
112	116	U
112	117	-1
112	118	-1
112	119	U
113	0	-1
113	1	-1
113	2	L
113	3	L
113	4	L
113	5	L
113	6	Lp
113	7	-1
113	8	-1
113	9	-1
113	10	L
113	11	L
113	12	L
113	13	L
113	14	L
113	15	L
113	16	L
113	17	-1
113	18	-1
113	19	L
113	20	L
113	21	L
113	22	-1
113	23	L
113	24	-1
113	25	L
113	26	L
113	27	L
113	28	L
113	29	Lcp
113	30	L
113	31	L
113	32	L
113	33	L
113	34	L
113	35	L
113	36	-1
113	37	L
113	38	L
113	39	L
113	40	L
113	41	L
113	42	L
113	43	-1
113	44	L
113	45	L
113	46	-1
113	47	L
113	48	L
113	49	Lp
113	50	-1
113	51	Lp
113	52	Lp
113	53	-1
113	54	Lc
113	55	Lc
113	56	Lc
113	57	-1
113	58	U
113	59	-1
113	60	-1
113	61	L
113	62	L
113	63	Lc
113	64	Lc
113	65	Lc
113	66	Lc
113	67	Lc
113	68	L
113	69	L
113	70	L
113	71	U
113	72	L
113	73	L
113	74	U
113	75	L
113	76	-1
113	77	L
113	78	L
113	79	L
113	80	L
113	81	L
113	82	-1
113	83	L
113	84	-1
113	85	L
113	86	L
113	87	-1
113	88	Lc
113	89	-1
113	90	-1
113	91	-1
113	92	-1
113	93	L
113	94	-1
113	95	Lc
113	96	-1
113	97	Lc
113	98	-1
113	99	-1
113	100	Lc
113	101	Lc
113	102	Lc
113	103	L
113	104	L
113	105	L
113	106	Lc
113	107	L
113	108	L
113	109	Lp
113	110	-1
113	111	Lp
113	112	Lp
113	113	-1
113	114	U
113	115	L
113	116	-1
113	117	U
113	118	-1
113	119	U
114	0	-1
114	1	U
114	2	L
114	3	U
114	4	L
114	5	L
114	6	L
114	7	L
114	8	L
114	9	L
114	10	L
114	11	L
114	12	L
114	13	L
114	14	L
114	15	L
114	16	L
114	17	L
114	18	L
114	19	L
114	20	L
114	21	L
114	22	-1
114	23	-1
114	24	L
114	25	-1
114	26	Lp
114	27	-1
114	28	L
114	29	Lcp
114	30	Lcp
114	31	L
114	32	L
114	33	-1
114	34	L
114	35	-1
114	36	L
114	37	-1
114	38	L
114	39	-1
114	40	-1
114	41	L
114	42	L
114	43	L
114	44	L
114	45	L
114	46	L
114	47	L
114	48	L
114	49	-1
114	50	L
114	51	-1
114	52	Lp
114	53	Lc
114	54	L
114	55	L
114	56	Lc
114	57	Lc
114	58	-1
114	59	Lc
114	60	Lc
114	61	Lc
114	62	Lc
114	63	Uc
114	64	-1
114	65	Lc
114	66	L
114	67	L
114	68	L
114	69	L
114	70	L
114	71	-1
114	72	L
114	73	L
114	74	L
114	75	L
114	76	L
114	77	L
114	78	L
114	79	L
114	80	L
114	81	L
114	82	L
114	83	Lc
114	84	L
114	85	Lc
114	86	Lc
114	87	L
114	88	-1
114	89	Lc
114	90	Lc
114	91	-1
114	92	Lc
114	93	Lc
114	94	Lc
114	95	-1
114	96	Lc
114	97	Lc
114	98	Lc
114	99	Lc
114	100	Lc
114	101	Lc
114	102	-1
114	103	Lc
114	104	L
114	105	Lc
114	106	-1
114	107	L
114	108	L
114	109	Lp
114	110	L
114	111	-1
114	112	L
114	113	U
114	114	U
114	115	U
114	116	U
114	117	U
114	118	U
114	119	L
115	0	L
115	1	L
115	2	U
115	3	L
115	4	L
115	5	L
115	6	L
115	7	L
115	8	L
115	9	L
115	10	L
115	11	L
115	12	L
115	13	L
115	14	L
115	15	L
115	16	L
115	17	-1
115	18	L
115	19	L
115	20	L
115	21	L
115	22	L
115	23	L
115	24	L
115	25	L
115	26	L
115	27	Lcp
115	28	Lcp
115	29	L
115	30	Lcp
115	31	Lcp
115	32	L
115	33	L
115	34	L
115	35	L
115	36	-1
115	37	L
115	38	L
115	39	L
115	40	L
115	41	L
115	42	-1
115	43	L
115	44	L
115	45	L
115	46	L
115	47	Lp
115	48	L
115	49	L
115	50	Lp
115	51	L
115	52	Lp
115	53	-1
115	54	L
115	55	L
115	56	L
115	57	Lc
115	58	Lc
115	59	Lc
115	60	Lc
115	61	Lc
115	62	Lc
115	63	Lc
115	64	Uc
115	65	L
115	66	L
115	67	L
115	68	L
115	69	L
115	70	L
115	71	L
115	72	L
115	73	L
115	74	-1
115	75	L
115	76	L
115	77	L
115	78	L
115	79	L
115	80	-1
115	81	L
115	82	L
115	83	L
115	84	L
115	85	Lc
115	86	Lc
115	87	Lc
115	88	-1
115	89	Lc
115	90	Lc
115	91	L
115	92	L
115	93	Lc
115	94	Lc
115	95	Lc
115	96	Lc
115	97	Lc
115	98	Lc
115	99	Lc
115	100	Lc
115	101	Lc
115	102	Lc
115	103	Lc
115	104	Lc
115	105	L
115	106	Lc
115	107	L
115	108	L
115	109	Lp
115	110	Lp
115	111	Lp
115	112	L
115	113	L
115	114	L
115	115	U
115	116	L
115	117	L
115	118	U
115	119	L
116	0	L
116	1	L
116	2	L
116	3	L
116	4	L
116	5	L
116	6	L
116	7	L
116	8	L
116	9	L
116	10	L
116	11	L
116	12	L
116	13	L
116	14	L
116	15	L
116	16	L
116	17	L
116	18	-1
116	19	-1
116	20	L
116	21	L
116	22	L
116	23	L
116	24	L
116	25	L
116	26	L
116	27	L
116	28	L
116	29	-1
116	30	Lcp
116	31	L
116	32	Lcp
116	33	-1
116	34	L
116	35	-1
116	36	L
116	37	L
116	38	L
116	39	L
116	40	L
116	41	-1
116	42	-1
116	43	L
116	44	L
116	45	Lp
116	46	-1
116	47	-1
116	48	-1
116	49	-1
116	50	L
116	51	L
116	52	L
116	53	L
116	54	-1
116	55	-1
116	56	U
116	57	Lc
116	58	Lc
116	59	L
116	60	Lc
116	61	Lc
116	62	Lc
116	63	-1
116	64	Uc
116	65	L
116	66	-1
116	67	L
116	68	L
116	69	L
116	70	U
116	71	-1
116	72	L
116	73	L
116	74	L
116	75	L
116	76	L
116	77	L
116	78	L
116	79	L
116	80	L
116	81	L
116	82	-1
116	83	Lc
116	84	-1
116	85	-1
116	86	Lc
116	87	Lc
116	88	Lc
116	89	L
116	90	Lc
116	91	L
116	92	L
116	93	L
116	94	L
116	95	Lc
116	96	Lc
116	97	Lc
116	98	Lc
116	99	-1
116	100	Uc
116	101	-1
116	102	-1
116	103	Lc
116	104	Lc
116	105	L
116	106	L
116	107	Lc
116	108	Lc
116	109	L
116	110	L
116	111	L
116	112	L
116	113	L
116	114	U
116	115	U
116	116	L
116	117	L
116	118	-1
116	119	L
117	0	-1
117	1	-1
117	2	L
117	3	L
117	4	L
117	5	L
117	6	L
117	7	-1
117	8	L
117	9	L
117	10	L
117	11	L
117	12	L
117	13	L
117	14	L
117	15	-1
117	16	-1
117	17	L
117	18	L
117	19	L
117	20	L
117	21	L
117	22	L
117	23	L
117	24	L
117	25	L
117	26	L
117	27	L
117	28	Lcp
117	29	Lcp
117	30	Lcp
117	31	Lcp
117	32	Lcp
117	33	L
117	34	-1
117	35	L
117	36	L
117	37	L
117	38	L
117	39	L
117	40	L
117	41	L
117	42	-1
117	43	L
117	44	-1
117	45	L
117	46	Lp
117	47	Lp
117	48	Lp
117	49	L
117	50	Lp
117	51	L
117	52	L
117	53	L
117	54	L
117	55	L
117	56	Lc
117	57	L
117	58	L
117	59	Lc
117	60	L
117	61	Lc
117	62	-1
117	63	-1
117	64	L
117	65	L
117	66	U
117	67	L
117	68	L
117	69	U
117	70	U
117	71	L
117	72	L
117	73	L
117	74	L
117	75	L
117	76	L
117	77	L
117	78	L
117	79	-1
117	80	-1
117	81	-1
117	82	L
117	83	-1
117	84	Lc
117	85	-1
117	86	-1
117	87	Lc
117	88	L
117	89	Lc
117	90	L
117	91	Lc
117	92	L
117	93	L
117	94	Lc
117	95	L
117	96	Lc
117	97	-1
117	98	-1
117	99	Lc
117	100	Lc
117	101	-1
117	102	Lc
117	103	-1
117	104	-1
117	105	L
117	106	Lc
117	107	Lc
117	108	-1
117	109	L
117	110	U
117	111	-1
117	112	L
117	113	U
117	114	-1
117	115	U
117	116	L
117	117	L
117	118	L
117	119	L
118	0	L
118	1	L
118	2	L
118	3	-1
118	4	U
118	5	L
118	6	L
118	7	-1
118	8	L
118	9	L
118	10	L
118	11	L
118	12	L
118	13	L
118	14	L
118	15	L
118	16	L
118	17	L
118	18	L
118	19	L
118	20	L
118	21	L
118	22	L
118	23	L
118	24	L
118	25	L
118	26	L
118	27	L
118	28	-1
118	29	Lcp
118	30	Lcp
118	31	Lp
118	32	Lcp
118	33	Lcp
118	34	-1
118	35	L
118	36	L
118	37	L
118	38	L
118	39	L
118	40	L
118	41	L
118	42	L
118	43	L
118	44	L
118	45	-1
118	46	Lp
118	47	Lp
118	48	Lp
118	49	L
118	50	L
118	51	-1
118	52	-1
118	53	-1
118	54	L
118	55	Lc
118	56	Lc
118	57	Lc
118	58	L
118	59	L
118	60	Uc
118	61	L
118	62	Uc
118	63	-1
118	64	-1
118	65	U
118	66	U
118	67	L
118	68	U
118	69	U
118	70	U
118	71	-1
118	72	L
118	73	L
118	74	L
118	75	Lc
118	76	L
118	77	L
118	78	L
118	79	L
118	80	L
118	81	-1
118	82	L
118	83	-1
118	84	L
118	85	Lc
118	86	Lc
118	87	Lc
118	88	-1
118	89	-1
118	90	Lc
118	91	Lc
118	92	Lc
118	93	-1
118	94	Lc
118	95	Lc
118	96	L
118	97	-1
118	98	Lc
118	99	L
118	100	L
118	101	L
118	102	Lc
118	103	Uc
118	104	Uc
118	105	L
118	106	-1
118	107	-1
118	108	Lc
118	109	Lc
118	110	L
118	111	-1
118	112	Lp
118	113	L
118	114	Lp
118	115	L
118	116	L
118	117	Lp
118	118	Lp
118	119	L
119	0	L
119	1	-1
119	2	L
119	3	L
119	4	U
119	5	L
119	6	-1
119	7	L
119	8	-1
119	9	L
119	10	-1
119	11	L
119	12	L
119	13	-1
119	14	L
119	15	L
119	16	L
119	17	L
119	18	L
119	19	L
119	20	L
119	21	L
119	22	L
119	23	L
119	24	L
119	25	L
119	26	Lcp
119	27	L
119	28	Lcp
119	29	Lcp
119	30	Lcp
119	31	Lp
119	32	Lcp
119	33	L
119	34	L
119	35	Lp
119	36	L
119	37	L
119	38	L
119	39	L
119	40	-1
119	41	-1
119	42	-1
119	43	L
119	44	L
119	45	L
119	46	L
119	47	Lp
119	48	-1
119	49	-1
119	50	L
119	51	L
119	52	-1
119	53	L
119	54	L
119	55	L
119	56	Lc
119	57	L
119	58	L
119	59	Lc
119	60	L
119	61	L
119	62	-1
119	63	Uc
119	64	L
119	65	L
119	66	L
119	67	-1
119	68	L
119	69	L
119	70	L
119	71	-1
119	72	L
119	73	-1
119	74	-1
119	75	Lc
119	76	Lc
119	77	L
119	78	Lc
119	79	L
119	80	L
119	81	L
119	82	-1
119	83	L
119	84	Lc
119	85	Lc
119	86	Lc
119	87	Lc
119	88	-1
119	89	Lc
119	90	Lc
119	91	Lc
119	92	Lc
119	93	-1
119	94	Lc
119	95	Lc
119	96	Lc
119	97	-1
119	98	Lc
119	99	L
119	100	L
119	101	Lc
119	102	Lc
119	103	Uc
119	104	Lc
119	105	Lc
119	106	L
119	107	L
119	108	L
119	109	Lc
119	110	L
119	111	L
119	112	-1
119	113	Lp
119	114	L
119	115	-1
119	116	L
119	117	L
119	118	-1
119	119	Lp
