0	0	Lp
0	1	Lp
0	2	Lp
0	3	Lp
0	4	Lp
0	5	Lp
0	6	-1
0	7	Lp
0	8	-1
0	9	Lp
0	10	L
0	11	-1
0	12	Lp
0	13	L
0	14	L
0	15	L
0	16	L
0	17	-1
0	18	Lp
0	19	L
0	20	-1
0	21	-1
0	22	L
0	23	-1
0	24	U
0	25	Lp
0	26	L
0	27	L
0	28	L
0	29	L
0	30	L
0	31	Lp
0	32	Lp
0	33	Lp
0	34	Lp
0	35	Lp
0	36	-1
0	37	Lp
0	38	U
0	39	U
0	40	L
0	41	L
0	42	-1
0	43	Lp
0	44	L
0	45	Lp
0	46	-1
0	47	L
0	48	L
0	49	L
0	50	L
0	51	L
0	52	L
0	53	-1
0	54	-1
0	55	L
0	56	U
0	57	L
0	58	U
0	59	L
0	60	L
0	61	-1
0	62	-1
0	63	L
0	64	Lp
0	65	-1
0	66	U
0	67	Lp
0	68	Lp
0	69	Lp
0	70	-1
0	71	Lp
0	72	L
0	73	L
0	74	L
0	75	Lp
0	76	Lp
0	77	L
0	78	Lp
0	79	Lp
0	80	Lp
0	81	Lp
0	82	L
0	83	Lp
0	84	L
0	85	L
0	86	U
0	87	Lp
0	88	Lp
0	89	Lp
0	90	Lp
0	91	Lp
0	92	-1
0	93	L
0	94	Lp
0	95	Lp
0	96	Lp
0	97	L
0	98	L
0	99	L
0	100	L
0	101	L
0	102	L
0	103	L
0	104	L
0	105	L
0	106	-1
0	107	L
0	108	-1
0	109	-1
0	110	L
0	111	L
0	112	Lp
0	113	Lp
0	114	Lp
0	115	Lp
0	116	Lp
0	117	-1
0	118	-1
0	119	Lp
1	0	-1
1	1	-1
1	2	Lp
1	3	Lp
1	4	Lp
1	5	-1
1	6	Lp
1	7	Lp
1	8	Lp
1	9	L
1	10	Lp
1	11	Lp
1	12	Lp
1	13	-1
1	14	L
1	15	L
1	16	L
1	17	L
1	18	L
1	19	Lp
1	20	Lp
1	21	L
1	22	Lp
1	23	L
1	24	L
1	25	L
1	26	L
1	27	L
1	28	L
1	29	L
1	30	Lp
1	31	L
1	32	L
1	33	Lp
1	34	Lp
1	35	Lp
1	36	U
1	37	U
1	38	-1
1	39	U
1	40	L
1	41	U
1	42	Lp
1	43	L
1	44	-1
1	45	Lp
1	46	Lp
1	47	Lp
1	48	Lp
1	49	L
1	50	L
1	51	Lp
1	52	-1
1	53	-1
1	54	-1
1	55	-1
1	56	L
1	57	Lp
1	58	L
1	59	U
1	60	Lp
1	61	-1
1	62	L
1	63	-1
1	64	L
1	65	Lp
1	66	Lp
1	67	Lp
1	68	Lp
1	69	Lp
1	70	Lp
1	71	L
1	72	-1
1	73	L
1	74	L
1	75	Lp
1	76	Lp
1	77	U
1	78	Lp
1	79	Lp
1	80	Lp
1	81	Lp
1	82	-1
1	83	L
1	84	L
1	85	L
1	86	-1
1	87	L
1	88	Lp
1	89	Lp
1	90	Lp
1	91	L
1	92	Lp
1	93	-1
1	94	L
1	95	-1
1	96	L
1	97	-1
1	98	L
1	99	L
1	100	L
1	101	L
1	102	L
1	103	L
1	104	L
1	105	-1
1	106	L
1	107	L
1	108	-1
1	109	Lp
1	110	Lp
1	111	-1
1	112	L
1	113	L
1	114	-1
1	115	Lp
1	116	-1
1	117	Lp
1	118	Lp
1	119	-1
2	0	Lp
2	1	Lp
2	2	Lp
2	3	Lp
2	4	Lp
2	5	Lp
2	6	-1
2	7	Lp
2	8	L
2	9	L
2	10	Lp
2	11	Lp
2	12	-1
2	13	Lp
2	14	L
2	15	L
2	16	L
2	17	L
2	18	L
2	19	L
2	20	Lp
2	21	Lp
2	22	Lp
2	23	L
2	24	-1
2	25	L
2	26	L
2	27	L
2	28	L
2	29	L
2	30	L
2	31	Lp
2	32	L
2	33	-1
2	34	Lp
2	35	Lp
2	36	U
2	37	U
2	38	U
2	39	-1
2	40	U
2	41	U
2	42	Lp
2	43	Lp
2	44	L
2	45	U
2	46	Lp
2	47	Lp
2	48	-1
2	49	-1
2	50	L
2	51	Lp
2	52	-1
2	53	-1
2	54	L
2	55	-1
2	56	L
2	57	-1
2	58	Lp
2	59	-1
2	60	-1
2	61	Lp
2	62	Lp
2	63	Lp
2	64	L
2	65	Lp
2	66	-1
2	67	Lp
2	68	Lp
2	69	Lp
2	70	Lp
2	71	-1
2	72	L
2	73	L
2	74	-1
2	75	Lp
2	76	U
2	77	U
2	78	U
2	79	Lp
2	80	Lp
2	81	Lp
2	82	-1
2	83	Lp
2	84	Lp
2	85	-1
2	86	L
2	87	L
2	88	L
2	89	Lp
2	90	Lp
2	91	-1
2	92	Lp
2	93	L
2	94	-1
2	95	L
2	96	Lp
2	97	L
2	98	L
2	99	L
2	100	L
2	101	L
2	102	L
2	103	L
2	104	-1
2	105	-1
2	106	L
2	107	L
2	108	Lp
2	109	Lp
2	110	Lp
2	111	-1
2	112	-1
2	113	L
2	114	Lp
2	115	-1
2	116	Lp
2	117	Lp
2	118	Lp
2	119	Lp
3	0	Lp
3	1	Lp
3	2	Lp
3	3	Lp
3	4	Lp
3	5	Lp
3	6	Lp
3	7	L
3	8	-1
3	9	U
3	10	Lp
3	11	Lp
3	12	Lp
3	13	Lp
3	14	L
3	15	L
3	16	L
3	17	-1
3	18	L
3	19	L
3	20	L
3	21	-1
3	22	L
3	23	-1
3	24	L
3	25	L
3	26	L
3	27	Lp
3	28	L
3	29	Lp
3	30	Lp
3	31	Lp
3	32	Lp
3	33	-1
3	34	-1
3	35	Lp
3	36	Lp
3	37	U
3	38	U
3	39	-1
3	40	Lp
3	41	Lp
3	42	Lp
3	43	Lp
3	44	U
3	45	Lp
3	46	Lp
3	47	Lp
3	48	Lp
3	49	Lp
3	50	L
3	51	-1
3	52	U
3	53	L
3	54	-1
3	55	L
3	56	L
3	57	-1
3	58	Lp
3	59	Lp
3	60	Lp
3	61	Lp
3	62	Lp
3	63	Lp
3	64	Lp
3	65	Lp
3	66	Lp
3	67	-1
3	68	-1
3	69	-1
3	70	Lp
3	71	-1
3	72	Lp
3	73	-1
3	74	Lp
3	75	Lp
3	76	Lp
3	77	Lp
3	78	Lp
3	79	Lp
3	80	Lp
3	81	-1
3	82	Lp
3	83	L
3	84	L
3	85	Lp
3	86	Lp
3	87	Lp
3	88	-1
3	89	L
3	90	Lp
3	91	Lp
3	92	-1
3	93	Lp
3	94	Lp
3	95	-1
3	96	Lp
3	97	L
3	98	L
3	99	-1
3	100	L
3	101	L
3	102	L
3	103	L
3	104	L
3	105	L
3	106	-1
3	107	Lp
3	108	L
3	109	L
3	110	L
3	111	Lp
3	112	-1
3	113	-1
3	114	Lp
3	115	Lp
3	116	Lp
3	117	Lp
3	118	-1
3	119	Lp
4	0	Lp
4	1	-1
4	2	L
4	3	Lp
4	4	U
4	5	Lp
4	6	U
4	7	L
4	8	L
4	9	L
4	10	U
4	11	Lp
4	12	Lp
4	13	L
4	14	L
4	15	L
4	16	L
4	17	L
4	18	-1
4	19	Lp
4	20	L
4	21	Lp
4	22	-1
4	23	-1
4	24	Lp
4	25	-1
4	26	-1
4	27	Lp
4	28	Lp
4	29	Lp
4	30	Lp
4	31	Lp
4	32	Lp
4	33	Lp
4	34	Lp
4	35	-1
4	36	Lp
4	37	Lp
4	38	-1
4	39	U
4	40	Lp
4	41	Lp
4	42	U
4	43	-1
4	44	U
4	45	U
4	46	Lp
4	47	Lp
4	48	-1
4	49	Lp
4	50	Lp
4	51	Lp
4	52	-1
4	53	L
4	54	-1
4	55	-1
4	56	L
4	57	Lp
4	58	-1
4	59	Lp
4	60	Lp
4	61	Lp
4	62	-1
4	63	Lp
4	64	Lp
4	65	Lp
4	66	Lp
4	67	-1
4	68	Lp
4	69	Lp
4	70	L
4	71	-1
4	72	Lp
4	73	-1
4	74	-1
4	75	Lp
4	76	Lp
4	77	L
4	78	Lp
4	79	Lp
4	80	Lp
4	81	Lp
4	82	Lp
4	83	-1
4	84	L
4	85	Lp
4	86	Lp
4	87	L
4	88	L
4	89	L
4	90	Lp
4	91	Lp
4	92	Lp
4	93	Lp
4	94	U
4	95	Lp
4	96	-1
4	97	Lp
4	98	-1
4	99	L
4	100	Lp
4	101	Lp
4	102	L
4	103	L
4	104	-1
4	105	L
4	106	L
4	107	-1
4	108	Lp
4	109	Lp
4	110	L
4	111	L
4	112	L
4	113	Lp
4	114	Lp
4	115	-1
4	116	Lp
4	117	Lp
4	118	-1
4	119	-1
5	0	L
5	1	Lp
5	2	L
5	3	-1
5	4	L
5	5	Lp
5	6	Lp
5	7	L
5	8	L
5	9	L
5	10	Lp
5	11	L
5	12	Lp
5	13	-1
5	14	-1
5	15	L
5	16	L
5	17	L
5	18	L
5	19	Lp
5	20	-1
5	21	Lp
5	22	Lp
5	23	L
5	24	-1
5	25	-1
5	26	-1
5	27	-1
5	28	Lp
5	29	Lp
5	30	Lp
5	31	-1
5	32	Lp
5	33	Lp
5	34	Lp
5	35	Lp
5	36	Lp
5	37	-1
5	38	Lp
5	39	-1
5	40	Lp
5	41	Lp
5	42	Lp
5	43	-1
5	44	U
5	45	U
5	46	Lp
5	47	-1
5	48	Lp
5	49	Lp
5	50	Lp
5	51	-1
5	52	L
5	53	L
5	54	L
5	55	L
5	56	Lp
5	57	Lp
5	58	-1
5	59	Lp
5	60	Lp
5	61	Lp
5	62	Lp
5	63	-1
5	64	Lp
5	65	Lp
5	66	Lp
5	67	Lp
5	68	Lp
5	69	-1
5	70	Lp
5	71	Lp
5	72	-1
5	73	L
5	74	L
5	75	L
5	76	Lp
5	77	L
5	78	L
5	79	-1
5	80	Lp
5	81	Lp
5	82	Lp
5	83	L
5	84	Lp
5	85	Lp
5	86	-1
5	87	L
5	88	-1
5	89	L
5	90	Lp
5	91	Lp
5	92	U
5	93	U
5	94	U
5	95	Lp
5	96	-1
5	97	Lp
5	98	-1
5	99	Lp
5	100	Lp
5	101	Lp
5	102	-1
5	103	L
5	104	-1
5	105	-1
5	106	L
5	107	L
5	108	Lp
5	109	-1
5	110	L
5	111	-1
5	112	L
5	113	-1
5	114	Lp
5	115	Lp
5	116	Lp
5	117	Lp
5	118	Lp
5	119	L
6	0	L
6	1	-1
6	2	L
6	3	-1
6	4	L
6	5	-1
6	6	Lp
6	7	Lp
6	8	L
6	9	L
6	10	L
6	11	L
6	12	L
6	13	-1
6	14	L
6	15	L
6	16	L
6	17	L
6	18	L
6	19	-1
6	20	-1
6	21	L
6	22	Lp
6	23	Lp
6	24	L
6	25	-1
6	26	-1
6	27	Lp
6	28	Lp
6	29	Lp
6	30	Lp
6	31	Lp
6	32	Lp
6	33	Lp
6	34	-1
6	35	Lp
6	36	Lp
6	37	Lp
6	38	Lp
6	39	Lp
6	40	Lp
6	41	-1
6	42	Lp
6	43	Lp
6	44	-1
6	45	U
6	46	U
6	47	U
6	48	U
6	49	Lp
6	50	Lp
6	51	Lp
6	52	Lp
6	53	-1
6	54	L
6	55	Lp
6	56	Lp
6	57	-1
6	58	-1
6	59	Lp
6	60	-1
6	61	Lp
6	62	Lp
6	63	Lp
6	64	Lp
6	65	Lp
6	66	Lp
6	67	Lp
6	68	-1
6	69	Lp
6	70	Lp
6	71	Lp
6	72	Lp
6	73	-1
6	74	Lp
6	75	L
6	76	-1
6	77	L
6	78	L
6	79	L
6	80	U
6	81	Lp
6	82	Lp
6	83	-1
6	84	L
6	85	-1
6	86	-1
6	87	Lp
6	88	-1
6	89	-1
6	90	Lp
6	91	U
6	92	U
6	93	U
6	94	U
6	95	Lp
6	96	Lp
6	97	Lp
6	98	-1
6	99	Lp
6	100	Lp
6	101	Lp
6	102	Lp
6	103	-1
6	104	-1
6	105	L
6	106	-1
6	107	L
6	108	U
6	109	L
6	110	L
6	111	L
6	112	Lp
6	113	Lp
6	114	Lp
6	115	Lp
6	116	L
6	117	L
6	118	-1
6	119	-1
7	0	Lp
7	1	L
7	2	L
7	3	L
7	4	-1
7	5	Lp
7	6	-1
7	7	L
7	8	Lp
7	9	Lp
7	10	L
7	11	-1
7	12	Lp
7	13	Lp
7	14	-1
7	15	Lp
7	16	-1
7	17	L
7	18	L
7	19	-1
7	20	L
7	21	L
7	22	Lp
7	23	Lp
7	24	Lp
7	25	Lp
7	26	Lp
7	27	Lp
7	28	L
7	29	-1
7	30	Lp
7	31	-1
7	32	Lp
7	33	Lp
7	34	Lp
7	35	-1
7	36	Lp
7	37	Lp
7	38	-1
7	39	Lp
7	40	-1
7	41	Lp
7	42	Lp
7	43	Lp
7	44	Lp
7	45	U
7	46	Lp
7	47	Lp
7	48	Lp
7	49	Lp
7	50	U
7	51	Lp
7	52	L
7	53	Lp
7	54	-1
7	55	Lp
7	56	Lp
7	57	Lp
7	58	-1
7	59	Lp
7	60	Lp
7	61	-1
7	62	Lp
7	63	L
7	64	L
7	65	Lp
7	66	L
7	67	L
7	68	Lp
7	69	Lp
7	70	Lp
7	71	Lp
7	72	Lp
7	73	Lp
7	74	Lp
7	75	Lp
7	76	L
7	77	Lp
7	78	-1
7	79	Lp
7	80	Lp
7	81	U
7	82	L
7	83	L
7	84	L
7	85	L
7	86	L
7	87	L
7	88	Lp
7	89	L
7	90	L
7	91	U
7	92	U
7	93	U
7	94	Lp
7	95	Lp
7	96	Lp
7	97	Lp
7	98	-1
7	99	Lp
7	100	Lp
7	101	-1
7	102	-1
7	103	L
7	104	L
7	105	-1
7	106	L
7	107	L
7	108	Lp
7	109	L
7	110	L
7	111	Lp
7	112	L
7	113	Lp
7	114	-1
7	115	Lp
7	116	L
7	117	L
7	118	-1
7	119	Lp
8	0	Lp
8	1	Lp
8	2	Lp
8	3	-1
8	4	Lp
8	5	Lp
8	6	Lp
8	7	Lp
8	8	L
8	9	Lp
8	10	Lp
8	11	Lp
8	12	Lp
8	13	Lp
8	14	Lp
8	15	Lp
8	16	L
8	17	L
8	18	L
8	19	Lp
8	20	L
8	21	-1
8	22	Lp
8	23	Lp
8	24	Lp
8	25	Lp
8	26	Lp
8	27	L
8	28	L
8	29	L
8	30	L
8	31	L
8	32	Lp
8	33	L
8	34	-1
8	35	Lp
8	36	Lp
8	37	Lp
8	38	Lp
8	39	Lp
8	40	Lp
8	41	-1
8	42	Lp
8	43	-1
8	44	Lp
8	45	-1
8	46	Lp
8	47	Lp
8	48	Lp
8	49	Lp
8	50	-1
8	51	-1
8	52	Lp
8	53	-1
8	54	-1
8	55	Lp
8	56	Lp
8	57	L
8	58	Lp
8	59	L
8	60	Lp
8	61	Lp
8	62	Lp
8	63	Lp
8	64	L
8	65	L
8	66	L
8	67	L
8	68	L
8	69	Lp
8	70	Lp
8	71	Lp
8	72	Lp
8	73	Lp
8	74	Lp
8	75	-1
8	76	Lp
8	77	L
8	78	Lp
8	79	Lp
8	80	Lp
8	81	Lp
8	82	L
8	83	L
8	84	L
8	85	L
8	86	L
8	87	L
8	88	-1
8	89	-1
8	90	U
8	91	L
8	92	Lp
8	93	-1
8	94	U
8	95	U
8	96	Lp
8	97	Lp
8	98	Lp
8	99	-1
8	100	L
8	101	Lp
8	102	Lp
8	103	L
8	104	-1
8	105	L
8	106	L
8	107	Lp
8	108	Lp
8	109	L
8	110	L
8	111	L
8	112	U
8	113	U
8	114	-1
8	115	L
8	116	L
8	117	-1
8	118	Lp
8	119	Lp
9	0	Lp
9	1	-1
9	2	L
9	3	L
9	4	-1
9	5	Lp
9	6	Lp
9	7	L
9	8	Lp
9	9	-1
9	10	L
9	11	L
9	12	L
9	13	-1
9	14	Lp
9	15	L
9	16	L
9	17	L
9	18	L
9	19	L
9	20	-1
9	21	L
9	22	Lp
9	23	L
9	24	-1
9	25	Lp
9	26	-1
9	27	U
9	28	L
9	29	-1
9	30	L
9	31	Lp
9	32	Lp
9	33	-1
9	34	Lp
9	35	-1
9	36	Lp
9	37	Lp
9	38	Lp
9	39	-1
9	40	Lp
9	41	Lp
9	42	Lp
9	43	U
9	44	U
9	45	Lp
9	46	Lp
9	47	Lp
9	48	U
9	49	Lp
9	50	U
9	51	Lp
9	52	Lp
9	53	-1
9	54	Lp
9	55	-1
9	56	Lp
9	57	Lp
9	58	L
9	59	Lp
9	60	-1
9	61	Lp
9	62	Lp
9	63	Lp
9	64	L
9	65	-1
9	66	L
9	67	Lp
9	68	-1
9	69	Lp
9	70	Lp
9	71	Lp
9	72	Lp
9	73	Lp
9	74	Lp
9	75	Lp
9	76	Lp
9	77	Lp
9	78	Lp
9	79	-1
9	80	-1
9	81	-1
9	82	L
9	83	L
9	84	L
9	85	L
9	86	U
9	87	U
9	88	-1
9	89	L
9	90	Lp
9	91	Lp
9	92	U
9	93	Lp
9	94	-1
9	95	Lp
9	96	Lp
9	97	Lp
9	98	Lp
9	99	L
9	100	Lp
9	101	Lp
9	102	-1
9	103	L
9	104	L
9	105	L
9	106	Lp
9	107	Lp
9	108	Lp
9	109	Lp
9	110	L
9	111	L
9	112	-1
9	113	L
9	114	-1
9	115	-1
9	116	L
9	117	L
9	118	Lp
9	119	L
10	0	Lp
10	1	-1
10	2	L
10	3	L
10	4	Lp
10	5	Lp
10	6	L
10	7	Lp
10	8	Lp
10	9	Lp
10	10	L
10	11	L
10	12	Lp
10	13	-1
10	14	L
10	15	Lp
10	16	-1
10	17	L
10	18	L
10	19	L
10	20	Lp
10	21	Lp
10	22	Lp
10	23	-1
10	24	L
10	25	Lp
10	26	-1
10	27	U
10	28	L
10	29	L
10	30	L
10	31	Lp
10	32	-1
10	33	-1
10	34	Lp
10	35	-1
10	36	Lp
10	37	Lp
10	38	-1
10	39	Lp
10	40	U
10	41	-1
10	42	-1
10	43	U
10	44	Lp
10	45	Lp
10	46	U
10	47	Lp
10	48	-1
10	49	U
10	50	Lp
10	51	-1
10	52	Lp
10	53	Lp
10	54	Lp
10	55	L
10	56	L
10	57	L
10	58	L
10	59	-1
10	60	Lp
10	61	Lp
10	62	Lp
10	63	L
10	64	-1
10	65	Lp
10	66	Lp
10	67	Lp
10	68	-1
10	69	L
10	70	Lp
10	71	Lp
10	72	-1
10	73	Lp
10	74	Lp
10	75	Lp
10	76	-1
10	77	-1
10	78	U
10	79	Lp
10	80	-1
10	81	Lp
10	82	-1
10	83	L
10	84	L
10	85	L
10	86	Lp
10	87	Lp
10	88	Lp
10	89	Lp
10	90	Lp
10	91	Lp
10	92	Lp
10	93	Lp
10	94	Lp
10	95	Lp
10	96	-1
10	97	Lp
10	98	Lp
10	99	L
10	100	Lp
10	101	L
10	102	L
10	103	L
10	104	Lp
10	105	-1
10	106	L
10	107	Lp
10	108	Lp
10	109	Lp
10	110	Lp
10	111	-1
10	112	-1
10	113	-1
10	114	Lp
10	115	Lp
10	116	L
10	117	-1
10	118	Lp
10	119	Lp
11	0	Lp
11	1	Lp
11	2	Lp
11	3	L
11	4	-1
11	5	L
11	6	Lp
11	7	L
11	8	Lp
11	9	Lp
11	10	L
11	11	Lp
11	12	-1
11	13	Lp
11	14	Lp
11	15	Lp
11	16	Lp
11	17	Lp
11	18	L
11	19	Lp
11	20	Lp
11	21	Lp
11	22	Lp
11	23	Lp
11	24	Lp
11	25	U
11	26	U
11	27	-1
11	28	U
11	29	-1
11	30	L
11	31	L
11	32	U
11	33	L
11	34	-1
11	35	Lp
11	36	Lp
11	37	Lp
11	38	-1
11	39	-1
11	40	Lp
11	41	U
11	42	U
11	43	-1
11	44	U
11	45	-1
11	46	L
11	47	-1
11	48	U
11	49	U
11	50	Lp
11	51	Lp
11	52	Lp
11	53	Lp
11	54	Lp
11	55	-1
11	56	-1
11	57	Lp
11	58	Lp
11	59	-1
11	60	Lp
11	61	Lp
11	62	Lp
11	63	Lp
11	64	-1
11	65	Lp
11	66	Lp
11	67	Lp
11	68	Lp
11	69	-1
11	70	Lp
11	71	Lp
11	72	Lp
11	73	Lp
11	74	Lp
11	75	Lp
11	76	-1
11	77	-1
11	78	Lp
11	79	-1
11	80	Lp
11	81	L
11	82	Lp
11	83	L
11	84	L
11	85	L
11	86	-1
11	87	Lp
11	88	L
11	89	Lp
11	90	Lp
11	91	-1
11	92	-1
11	93	-1
11	94	-1
11	95	Lp
11	96	-1
11	97	Lp
11	98	-1
11	99	Lp
11	100	L
11	101	L
11	102	-1
11	103	L
11	104	Lp
11	105	Lp
11	106	Lp
11	107	Lp
11	108	Lp
11	109	L
11	110	Lp
11	111	Lp
11	112	Lp
11	113	-1
11	114	Lp
11	115	-1
11	116	L
11	117	L
11	118	Lp
11	119	Lp
12	0	-1
12	1	Lp
12	2	Lp
12	3	Lp
12	4	L
12	5	L
12	6	L
12	7	L
12	8	L
12	9	-1
12	10	-1
12	11	-1
12	12	-1
12	13	Lp
12	14	Lp
12	15	Lp
12	16	Lp
12	17	Lp
12	18	Lp
12	19	Lp
12	20	-1
12	21	-1
12	22	-1
12	23	Lp
12	24	Lp
12	25	Lp
12	26	U
12	27	U
12	28	Lp
12	29	-1
12	30	Lp
12	31	L
12	32	Lp
12	33	U
12	34	-1
12	35	-1
12	36	-1
12	37	Lp
12	38	Lp
12	39	Lp
12	40	Lp
12	41	Lp
12	42	U
12	43	Lp
12	44	-1
12	45	U
12	46	-1
12	47	U
12	48	U
12	49	Lp
12	50	Lp
12	51	Lp
12	52	Lp
12	53	Lp
12	54	Lp
12	55	Lp
12	56	Lp
12	57	Lp
12	58	Lp
12	59	Lp
12	60	Lp
12	61	Lp
12	62	Lp
12	63	-1
12	64	Lp
12	65	Lp
12	66	Lp
12	67	Lp
12	68	Lp
12	69	-1
12	70	Lp
12	71	Lp
12	72	-1
12	73	Lp
12	74	-1
12	75	Lp
12	76	Lp
12	77	U
12	78	-1
12	79	-1
12	80	Lp
12	81	Lp
12	82	L
12	83	Lp
12	84	L
12	85	-1
12	86	Lp
12	87	Lp
12	88	Lp
12	89	Lp
12	90	Lp
12	91	Lp
12	92	Lp
12	93	Lp
12	94	Lp
12	95	-1
12	96	Lp
12	97	Lp
12	98	Lp
12	99	Lp
12	100	-1
12	101	Lp
12	102	Lp
12	103	L
12	104	Lp
12	105	-1
12	106	Lp
12	107	Lp
12	108	-1
12	109	Lp
12	110	Lp
12	111	-1
12	112	-1
12	113	Lp
12	114	Lp
12	115	L
12	116	Lp
12	117	-1
12	118	-1
12	119	-1
13	0	-1
13	1	-1
13	2	Lp
13	3	Lp
13	4	L
13	5	-1
13	6	Lp
13	7	-1
13	8	Lp
13	9	-1
13	10	Lp
13	11	L
13	12	L
13	13	Lp
13	14	Lp
13	15	L
13	16	-1
13	17	Lp
13	18	Lp
13	19	Lp
13	20	Lp
13	21	Lp
13	22	Lp
13	23	Lp
13	24	Lp
13	25	Lp
13	26	Lp
13	27	Lp
13	28	Lp
13	29	Lp
13	30	L
13	31	Lp
13	32	Lp
13	33	Lp
13	34	L
13	35	-1
13	36	Lp
13	37	Lp
13	38	-1
13	39	Lp
13	40	-1
13	41	-1
13	42	Lp
13	43	-1
13	44	Lp
13	45	U
13	46	U
13	47	Lp
13	48	Lp
13	49	Lp
13	50	Lp
13	51	-1
13	52	Lp
13	53	Lp
13	54	Lp
13	55	Lp
13	56	Lp
13	57	Lp
13	58	L
13	59	Lp
13	60	-1
13	61	Lp
13	62	Lp
13	63	Lp
13	64	Lp
13	65	Lp
13	66	Lp
13	67	Lp
13	68	Lp
13	69	-1
13	70	Lp
13	71	Lp
13	72	Lp
13	73	-1
13	74	Lp
13	75	-1
13	76	-1
13	77	Lp
13	78	Lp
13	79	-1
13	80	Lp
13	81	Lp
13	82	Lp
13	83	Lp
13	84	Lp
13	85	Lp
13	86	L
13	87	Lp
13	88	Lp
13	89	Lp
13	90	-1
13	91	Lp
13	92	Lp
13	93	-1
13	94	Lp
13	95	Lp
13	96	Lp
13	97	-1
13	98	Lp
13	99	Lp
13	100	Lp
13	101	U
13	102	Lp
13	103	Lp
13	104	Lp
13	105	Lp
13	106	Lp
13	107	Lp
13	108	-1
13	109	-1
13	110	Lp
13	111	-1
13	112	-1
13	113	Lp
13	114	Lp
13	115	L
13	116	Lp
13	117	U
13	118	U
13	119	L
14	0	-1
14	1	-1
14	2	Lp
14	3	Lp
14	4	Lp
14	5	L
14	6	Lp
14	7	-1
14	8	L
14	9	Lp
14	10	L
14	11	L
14	12	L
14	13	Lp
14	14	Lp
14	15	Lp
14	16	Lp
14	17	Lp
14	18	Lp
14	19	Lp
14	20	Lp
14	21	Lp
14	22	-1
14	23	Lp
14	24	-1
14	25	Lp
14	26	-1
14	27	Lp
14	28	Lp
14	29	-1
14	30	L
14	31	-1
14	32	Lp
14	33	Lp
14	34	L
14	35	Lp
14	36	Lp
14	37	-1
14	38	Lp
14	39	Lp
14	40	-1
14	41	Lp
14	42	Lp
14	43	Lp
14	44	Lp
14	45	-1
14	46	Lp
14	47	Lp
14	48	-1
14	49	-1
14	50	Lp
14	51	Lp
14	52	Lp
14	53	Lp
14	54	Lp
14	55	Lp
14	56	Lp
14	57	Lp
14	58	Lp
14	59	Lp
14	60	Lp
14	61	-1
14	62	Lp
14	63	Lp
14	64	-1
14	65	Lp
14	66	Lp
14	67	Lp
14	68	Lp
14	69	Lp
14	70	Lp
14	71	Lp
14	72	Lp
14	73	Lp
14	74	Lp
14	75	Lp
14	76	Lp
14	77	Lp
14	78	L
14	79	L
14	80	-1
14	81	Lp
14	82	Lp
14	83	Lp
14	84	Lp
14	85	Lp
14	86	Lp
14	87	Lp
14	88	L
14	89	Lp
14	90	Lp
14	91	Lp
14	92	-1
14	93	-1
14	94	Lp
14	95	Lp
14	96	Lp
14	97	Lp
14	98	Lp
14	99	Lp
14	100	U
14	101	-1
14	102	U
14	103	U
14	104	Lp
14	105	Lp
14	106	Lp
14	107	Lp
14	108	Lp
14	109	-1
14	110	Lp
14	111	Lp
14	112	Lp
14	113	Lp
14	114	Lp
14	115	L
14	116	L
14	117	Lp
14	118	Lp
14	119	Lp
15	0	L
15	1	-1
15	2	Lp
15	3	Lp
15	4	L
15	5	Lp
15	6	-1
15	7	-1
15	8	Lp
15	9	Lp
15	10	L
15	11	-1
15	12	Lp
15	13	-1
15	14	L
15	15	Lp
15	16	Lp
15	17	Lp
15	18	Lp
15	19	L
15	20	Lp
15	21	Lp
15	22	-1
15	23	Lp
15	24	Lp
15	25	Lp
15	26	Lp
15	27	Lp
15	28	L
15	29	L
15	30	Lp
15	31	-1
15	32	L
15	33	-1
15	34	L
15	35	Lp
15	36	Lp
15	37	Lp
15	38	Lp
15	39	Lp
15	40	Lp
15	41	Lp
15	42	Lp
15	43	Lp
15	44	Lp
15	45	-1
15	46	Lp
15	47	-1
15	48	Lp
15	49	Lp
15	50	Lp
15	51	Lp
15	52	Lp
15	53	-1
15	54	Lp
15	55	Lp
15	56	Lp
15	57	-1
15	58	-1
15	59	Lp
15	60	Lp
15	61	-1
15	62	Lp
15	63	Lp
15	64	Lp
15	65	Lp
15	66	Lp
15	67	Lp
15	68	Lp
15	69	Lp
15	70	Lp
15	71	Lp
15	72	Lp
15	73	Lp
15	74	Lp
15	75	Lp
15	76	L
15	77	Lp
15	78	L
15	79	-1
15	80	Lp
15	81	Lp
15	82	Lp
15	83	-1
15	84	Lp
15	85	-1
15	86	Lp
15	87	L
15	88	Lp
15	89	Lp
15	90	Lp
15	91	Lp
15	92	Lp
15	93	Lp
15	94	Lp
15	95	Lp
15	96	Lp
15	97	Lp
15	98	Lp
15	99	Lp
15	100	Lp
15	101	Lp
15	102	-1
15	103	U
15	104	Lp
15	105	Lp
15	106	Lp
15	107	Lp
15	108	Lp
15	109	Lp
15	110	Lp
15	111	Lp
15	112	Lp
15	113	Lp
15	114	L
15	115	Lp
15	116	-1
15	117	L
15	118	Lp
15	119	Lp
16	0	L
16	1	L
16	2	-1
16	3	Lp
16	4	Lp
16	5	L
16	6	Lp
16	7	-1
16	8	Lp
16	9	Lp
16	10	Lp
16	11	L
16	12	-1
16	13	L
16	14	L
16	15	Lp
16	16	Lp
16	17	-1
16	18	Lp
16	19	L
16	20	L
16	21	Lp
16	22	Lp
16	23	Lp
16	24	Lp
16	25	Lp
16	26	Lp
16	27	L
16	28	L
16	29	L
16	30	L
16	31	L
16	32	Lp
16	33	Lp
16	34	Lp
16	35	Lp
16	36	Lp
16	37	Lp
16	38	Lp
16	39	Lp
16	40	L
16	41	-1
16	42	Lp
16	43	-1
16	44	Lp
16	45	Lp
16	46	Lp
16	47	-1
16	48	-1
16	49	Lp
16	50	Lp
16	51	U
16	52	-1
16	53	-1
16	54	Lp
16	55	-1
16	56	Lp
16	57	Lp
16	58	L
16	59	Lp
16	60	-1
16	61	Lp
16	62	Lp
16	63	Lp
16	64	-1
16	65	Lp
16	66	Lp
16	67	U
16	68	-1
16	69	Lp
16	70	Lp
16	71	Lp
16	72	Lp
16	73	Lp
16	74	Lp
16	75	Lp
16	76	Lp
16	77	Lp
16	78	Lp
16	79	L
16	80	L
16	81	-1
16	82	-1
16	83	-1
16	84	-1
16	85	-1
16	86	-1
16	87	-1
16	88	Lp
16	89	Lp
16	90	-1
16	91	-1
16	92	Lp
16	93	Lp
16	94	Lp
16	95	Lp
16	96	-1
16	97	-1
16	98	Lp
16	99	Lp
16	100	-1
16	101	Lp
16	102	U
16	103	U
16	104	U
16	105	Lp
16	106	Lp
16	107	Lp
16	108	-1
16	109	Lp
16	110	-1
16	111	Lp
16	112	Lp
16	113	L
16	114	Lp
16	115	L
16	116	-1
16	117	L
16	118	-1
16	119	L
17	0	L
17	1	L
17	2	L
17	3	-1
17	4	L
17	5	-1
17	6	L
17	7	-1
17	8	Lp
17	9	Lp
17	10	L
17	11	-1
17	12	-1
17	13	-1
17	14	Lp
17	15	Lp
17	16	Lp
17	17	Lp
17	18	L
17	19	Lp
17	20	Lp
17	21	Lp
17	22	Lp
17	23	-1
17	24	Lp
17	25	Lp
17	26	Lp
17	27	L
17	28	L
17	29	L
17	30	-1
17	31	Lp
17	32	Lp
17	33	Lp
17	34	Lp
17	35	Lp
17	36	-1
17	37	Lp
17	38	Lp
17	39	-1
17	40	Lp
17	41	Lp
17	42	Lp
17	43	Lp
17	44	Lp
17	45	Lp
17	46	Lp
17	47	Lp
17	48	Lp
17	49	U
17	50	U
17	51	U
17	52	-1
17	53	-1
17	54	Lp
17	55	Lp
17	56	-1
17	57	Lp
17	58	Lp
17	59	Lp
17	60	-1
17	61	Lp
17	62	Lp
17	63	Lp
17	64	Lp
17	65	Lp
17	66	Lp
17	67	U
17	68	U
17	69	-1
17	70	Lp
17	71	Lp
17	72	Lp
17	73	Lp
17	74	Lp
17	75	Lp
17	76	-1
17	77	Lp
17	78	Lp
17	79	Lp
17	80	-1
17	81	Lp
17	82	Lp
17	83	Lp
17	84	Lp
17	85	U
17	86	-1
17	87	Lp
17	88	Lp
17	89	Lp
17	90	Lp
17	91	Lp
17	92	Lp
17	93	-1
17	94	Lp
17	95	Lp
17	96	Lp
17	97	-1
17	98	Lp
17	99	Lp
17	100	Lp
17	101	-1
17	102	-1
17	103	Lp
17	104	Lp
17	105	-1
17	106	Lp
17	107	-1
17	108	-1
17	109	Lp
17	110	-1
17	111	Lp
17	112	-1
17	113	Lp
17	114	Lp
17	115	Lp
17	116	L
17	117	-1
17	118	L
17	119	L
18	0	L
18	1	L
18	2	L
18	3	L
18	4	L
18	5	L
18	6	L
18	7	L
18	8	Lp
18	9	Lp
18	10	L
18	11	L
18	12	L
18	13	Lp
18	14	Lp
18	15	Lp
18	16	Lp
18	17	-1
18	18	L
18	19	Lp
18	20	Lp
18	21	Lp
18	22	Lp
18	23	-1
18	24	Lp
18	25	Lp
18	26	L
18	27	-1
18	28	L
18	29	-1
18	30	Lp
18	31	Lp
18	32	Lp
18	33	Lp
18	34	Lp
18	35	Lp
18	36	Lp
18	37	Lp
18	38	Lp
18	39	Lp
18	40	Lp
18	41	Lp
18	42	-1
18	43	Lp
18	44	-1
18	45	Lp
18	46	-1
18	47	Lp
18	48	Lp
18	49	U
18	50	U
18	51	U
18	52	Lp
18	53	Lp
18	54	-1
18	55	Lp
18	56	Lp
18	57	Lp
18	58	Lp
18	59	Lp
18	60	Lp
18	61	Lp
18	62	Lp
18	63	-1
18	64	Lp
18	65	Lp
18	66	Lp
18	67	Lp
18	68	Lp
18	69	-1
18	70	Lp
18	71	Lp
18	72	-1
18	73	Lp
18	74	Lp
18	75	Lp
18	76	-1
18	77	-1
18	78	Lp
18	79	Lp
18	80	Lp
18	81	Lp
18	82	Lp
18	83	Lp
18	84	Lp
18	85	Lp
18	86	L
18	87	Lp
18	88	Lp
18	89	Lp
18	90	-1
18	91	Lp
18	92	-1
18	93	Lp
18	94	-1
18	95	Lp
18	96	Lp
18	97	Lp
18	98	Lp
18	99	Lp
18	100	Lp
18	101	-1
18	102	Lp
18	103	Lp
18	104	-1
18	105	Lp
18	106	Lp
18	107	-1
18	108	Lp
18	109	Lp
18	110	-1
18	111	Lp
18	112	-1
18	113	Lp
18	114	Lp
18	115	-1
18	116	Lp
18	117	Lp
18	118	L
18	119	L
19	0	L
19	1	-1
19	2	Lp
19	3	L
19	4	L
19	5	L
19	6	L
19	7	L
19	8	-1
19	9	-1
19	10	Lp
19	11	Lp
19	12	-1
19	13	-1
19	14	Lp
19	15	Lp
19	16	Lp
19	17	Lp
19	18	Lp
19	19	Lp
19	20	-1
19	21	Lp
19	22	Lp
19	23	-1
19	24	Lp
19	25	Lp
19	26	L
19	27	L
19	28	Lp
19	29	Lp
19	30	Lp
19	31	Lp
19	32	-1
19	33	Lp
19	34	Lp
19	35	Lp
19	36	Lp
19	37	Lp
19	38	-1
19	39	Lp
19	40	Lp
19	41	Lp
19	42	Lp
19	43	Lp
19	44	Lp
19	45	Lp
19	46	-1
19	47	Lp
19	48	U
19	49	Lp
19	50	Lp
19	51	Lp
19	52	Lp
19	53	Lp
19	54	Lp
19	55	Lp
19	56	Lp
19	57	Lp
19	58	-1
19	59	Lp
19	60	Lp
19	61	Lp
19	62	Lp
19	63	-1
19	64	-1
19	65	Lp
19	66	-1
19	67	Lp
19	68	Lp
19	69	Lp
19	70	Lp
19	71	Lp
19	72	Lp
19	73	Lp
19	74	Lp
19	75	-1
19	76	Lp
19	77	-1
19	78	Lp
19	79	Lp
19	80	Lp
19	81	-1
19	82	Lp
19	83	U
19	84	-1
19	85	U
19	86	U
19	87	Lp
19	88	U
19	89	Lp
19	90	Lp
19	91	Lp
19	92	Lp
19	93	-1
19	94	Lp
19	95	Lp
19	96	Lp
19	97	Lp
19	98	-1
19	99	Lp
19	100	Lp
19	101	Lp
19	102	Lp
19	103	Lp
19	104	Lp
19	105	Lp
19	106	Lp
19	107	Lp
19	108	Lp
19	109	Lp
19	110	Lp
19	111	Lp
19	112	Lp
19	113	Lp
19	114	-1
19	115	Lp
19	116	-1
19	117	L
19	118	-1
19	119	L
20	0	Lp
20	1	Lp
20	2	-1
20	3	Lp
20	4	L
20	5	-1
20	6	L
20	7	-1
20	8	L
20	9	L
20	10	-1
20	11	Lp
20	12	-1
20	13	Lp
20	14	Lp
20	15	Lp
20	16	-1
20	17	Lp
20	18	Lp
20	19	Lp
20	20	Lp
20	21	-1
20	22	Lp
20	23	Lp
20	24	L
20	25	U
20	26	L
20	27	L
20	28	-1
20	29	L
20	30	L
20	31	-1
20	32	Lp
20	33	Lp
20	34	Lp
20	35	Lp
20	36	-1
20	37	Lp
20	38	-1
20	39	-1
20	40	Lp
20	41	Lp
20	42	Lp
20	43	Lp
20	44	-1
20	45	Lp
20	46	-1
20	47	Lp
20	48	Lp
20	49	Lp
20	50	U
20	51	-1
20	52	Lp
20	53	Lp
20	54	-1
20	55	Lp
20	56	Lp
20	57	Lp
20	58	-1
20	59	Lp
20	60	Lp
20	61	Lp
20	62	Lp
20	63	Lp
20	64	Lp
20	65	-1
20	66	Lp
20	67	-1
20	68	Lp
20	69	Lp
20	70	Lp
20	71	Lp
20	72	Lp
20	73	Lp
20	74	-1
20	75	-1
20	76	-1
20	77	Lp
20	78	Lp
20	79	-1
20	80	Lp
20	81	Lp
20	82	Lp
20	83	Lp
20	84	U
20	85	Lp
20	86	Lp
20	87	Lp
20	88	U
20	89	U
20	90	Lp
20	91	Lp
20	92	Lp
20	93	-1
20	94	Lp
20	95	Lp
20	96	Lp
20	97	Lp
20	98	-1
20	99	U
20	100	Lp
20	101	U
20	102	Lp
20	103	Lp
20	104	Lp
20	105	-1
20	106	Lp
20	107	Lp
20	108	-1
20	109	Lp
20	110	Lp
20	111	Lp
20	112	Lp
20	113	Lp
20	114	Lp
20	115	Lp
20	116	Lp
20	117	-1
20	118	Lp
20	119	Lp
21	0	Lp
21	1	Lp
21	2	Lp
21	3	Lp
21	4	L
21	5	Lp
21	6	Lp
21	7	Lp
21	8	L
21	9	L
21	10	L
21	11	L
21	12	Lp
21	13	L
21	14	Lp
21	15	Lp
21	16	Lp
21	17	Lp
21	18	Lp
21	19	Lp
21	20	Lp
21	21	U
21	22	U
21	23	U
21	24	L
21	25	L
21	26	L
21	27	L
21	28	-1
21	29	L
21	30	-1
21	31	Lp
21	32	Lp
21	33	Lp
21	34	Lp
21	35	Lp
21	36	-1
21	37	Lp
21	38	-1
21	39	Lp
21	40	Lp
21	41	Lp
21	42	Lp
21	43	-1
21	44	Lp
21	45	Lp
21	46	Lp
21	47	Lp
21	48	Lp
21	49	Lp
21	50	U
21	51	Lp
21	52	Lp
21	53	Lp
21	54	-1
21	55	Lp
21	56	-1
21	57	Lp
21	58	-1
21	59	Lp
21	60	Lp
21	61	Lp
21	62	-1
21	63	Lp
21	64	-1
21	65	-1
21	66	Lp
21	67	Lp
21	68	Lp
21	69	-1
21	70	Lp
21	71	Lp
21	72	Lp
21	73	Lp
21	74	Lp
21	75	-1
21	76	-1
21	77	Lp
21	78	Lp
21	79	Lp
21	80	Lp
21	81	Lp
21	82	-1
21	83	Lp
21	84	-1
21	85	U
21	86	Lp
21	87	Lp
21	88	U
21	89	Lp
21	90	Lp
21	91	Lp
21	92	Lp
21	93	Lp
21	94	Lp
21	95	Lp
21	96	-1
21	97	Lp
21	98	U
21	99	U
21	100	-1
21	101	U
21	102	Lp
21	103	Lp
21	104	Lp
21	105	-1
21	106	Lp
21	107	Lp
21	108	Lp
21	109	U
21	110	Lp
21	111	-1
21	112	-1
21	113	-1
21	114	Lp
21	115	Lp
21	116	Lp
21	117	Lp
21	118	Lp
21	119	Lp
22	0	Lp
22	1	-1
22	2	Lp
22	3	Lp
22	4	L
22	5	Lp
22	6	Lp
22	7	Lp
22	8	-1
22	9	Lp
22	10	L
22	11	L
22	12	L
22	13	Lp
22	14	-1
22	15	Lp
22	16	Lp
22	17	Lp
22	18	-1
22	19	Lp
22	20	Lp
22	21	Lp
22	22	Lp
22	23	U
22	24	U
22	25	L
22	26	L
22	27	L
22	28	-1
22	29	Lp
22	30	Lp
22	31	L
22	32	Lp
22	33	Lp
22	34	Lp
22	35	Lp
22	36	Lp
22	37	-1
22	38	Lp
22	39	Lp
22	40	Lp
22	41	Lp
22	42	Lp
22	43	Lp
22	44	Lp
22	45	Lp
22	46	Lp
22	47	Lp
22	48	Lp
22	49	-1
22	50	Lp
22	51	Lp
22	52	-1
22	53	Lp
22	54	Lp
22	55	Lp
22	56	Lp
22	57	Lp
22	58	-1
22	59	Lp
22	60	Lp
22	61	Lp
22	62	Lp
22	63	-1
22	64	Lp
22	65	-1
22	66	Lp
22	67	Lp
22	68	Lp
22	69	Lp
22	70	-1
22	71	Lp
22	72	Lp
22	73	Lp
22	74	Lp
22	75	-1
22	76	-1
22	77	-1
22	78	Lp
22	79	Lp
22	80	Lp
22	81	Lp
22	82	-1
22	83	Lp
22	84	-1
22	85	U
22	86	U
22	87	Lp
22	88	-1
22	89	-1
22	90	Lp
22	91	Lp
22	92	Lp
22	93	Lp
22	94	Lp
22	95	Lp
22	96	Lp
22	97	Lp
22	98	Lp
22	99	Lp
22	100	Lp
22	101	-1
22	102	U
22	103	U
22	104	Lp
22	105	Lp
22	106	Lp
22	107	Lp
22	108	Lp
22	109	Lp
22	110	Lp
22	111	Lp
22	112	Lp
22	113	-1
22	114	Lp
22	115	Lp
22	116	Lp
22	117	Lp
22	118	Lp
22	119	Lp
23	0	Lp
23	1	Lp
23	2	Lp
23	3	L
23	4	Lp
23	5	L
23	6	L
23	7	Lp
23	8	Lp
23	9	Lp
23	10	L
23	11	L
23	12	Lp
23	13	Lp
23	14	Lp
23	15	Lp
23	16	Lp
23	17	Lp
23	18	Lp
23	19	Lp
23	20	Lp
23	21	Lp
23	22	-1
23	23	L
23	24	-1
23	25	L
23	26	-1
23	27	-1
23	28	-1
23	29	Lp
23	30	Lp
23	31	L
23	32	-1
23	33	-1
23	34	-1
23	35	Lp
23	36	Lp
23	37	Lp
23	38	Lp
23	39	-1
23	40	-1
23	41	Lp
23	42	Lp
23	43	Lp
23	44	Lp
23	45	Lp
23	46	Lp
23	47	Lp
23	48	Lp
23	49	Lp
23	50	Lp
23	51	-1
23	52	Lp
23	53	Lp
23	54	Lp
23	55	Lp
23	56	-1
23	57	Lp
23	58	Lp
23	59	Lp
23	60	Lp
23	61	Lp
23	62	Lp
23	63	Lp
23	64	Lp
23	65	Lp
23	66	Lp
23	67	Lp
23	68	Lp
23	69	Lp
23	70	Lp
23	71	Lp
23	72	Lp
23	73	Lp
23	74	Lp
23	75	-1
23	76	Lp
23	77	Lp
23	78	Lp
23	79	Lp
23	80	Lp
23	81	Lp
23	82	Lp
23	83	Lp
23	84	U
23	85	-1
23	86	-1
23	87	U
23	88	-1
23	89	Lp
23	90	Lp
23	91	Lp
23	92	-1
23	93	Lp
23	94	-1
23	95	Lp
23	96	-1
23	97	Lp
23	98	Lp
23	99	Lp
23	100	Lp
23	101	Lp
23	102	U
23	103	-1
23	104	U
23	105	-1
23	106	Lp
23	107	Lp
23	108	Lp
23	109	Lp
23	110	Lp
23	111	Lp
23	112	Lp
23	113	Lp
23	114	Lp
23	115	Lp
23	116	Lp
23	117	Lp
23	118	Lp
23	119	Lp
24	0	Lp
24	1	Lp
24	2	Lp
24	3	-1
24	4	L
24	5	L
24	6	Lp
24	7	Lp
24	8	-1
24	9	Lp
24	10	L
24	11	L
24	12	Lp
24	13	Lp
24	14	Lp
24	15	Lp
24	16	Lp
24	17	Lp
24	18	Lp
24	19	Lp
24	20	Lp
24	21	Lp
24	22	U
24	23	U
24	24	L
24	25	L
24	26	-1
24	27	Lp
24	28	Lp
24	29	Lp
24	30	Lp
24	31	Lp
24	32	-1
24	33	Lp
24	34	Lp
24	35	Lp
24	36	Lp
24	37	Lp
24	38	Lp
24	39	Lp
24	40	Lp
24	41	-1
24	42	-1
24	43	Lp
24	44	-1
24	45	Lp
24	46	-1
24	47	Lp
24	48	Lp
24	49	Lp
24	50	Lp
24	51	-1
24	52	-1
24	53	-1
24	54	Lp
24	55	Lp
24	56	Lp
24	57	Lp
24	58	Lp
24	59	Lp
24	60	-1
24	61	Lp
24	62	Lp
24	63	Lp
24	64	Lp
24	65	L
24	66	Lp
24	67	Lp
24	68	Lp
24	69	Lp
24	70	Lp
24	71	Lp
24	72	Lp
24	73	Lp
24	74	-1
24	75	Lp
24	76	Lp
24	77	Lp
24	78	Lp
24	79	Lp
24	80	Lp
24	81	-1
24	82	Lp
24	83	Lp
24	84	Lp
24	85	Lp
24	86	U
24	87	Lp
24	88	U
24	89	Lp
24	90	Lp
24	91	-1
24	92	Lp
24	93	Lp
24	94	Lp
24	95	-1
24	96	Lp
24	97	-1
24	98	Lp
24	99	-1
24	100	-1
24	101	Lp
24	102	Lp
24	103	-1
24	104	-1
24	105	Lp
24	106	Lp
24	107	Lp
24	108	-1
24	109	Lp
24	110	Lp
24	111	Lp
24	112	Lp
24	113	Lp
24	114	Lp
24	115	Lp
24	116	Lp
24	117	-1
24	118	Lp
24	119	Lp
25	0	Lp
25	1	Lp
25	2	Lp
25	3	Lp
25	4	Lp
25	5	L
25	6	Lp
25	7	-1
25	8	-1
25	9	L
25	10	L
25	11	-1
25	12	L
25	13	Lp
25	14	-1
25	15	Lp
25	16	Lp
25	17	Lp
25	18	Lp
25	19	Lp
25	20	Lp
25	21	-1
25	22	U
25	23	L
25	24	L
25	25	L
25	26	L
25	27	Lp
25	28	L
25	29	Lp
25	30	Lp
25	31	Lp
25	32	Lp
25	33	Lp
25	34	Lp
25	35	Lp
25	36	Lp
25	37	Lp
25	38	Lp
25	39	Lp
25	40	Lp
25	41	Lp
25	42	-1
25	43	Lp
25	44	Lp
25	45	Lp
25	46	Lp
25	47	Lp
25	48	Lp
25	49	Lp
25	50	-1
25	51	Lp
25	52	Lp
25	53	Lp
25	54	U
25	55	Lp
25	56	Lp
25	57	Lp
25	58	Lp
25	59	-1
25	60	Lp
25	61	Lp
25	62	Lp
25	63	Lp
25	64	Lp
25	65	Lp
25	66	Lp
25	67	Lp
25	68	Lp
25	69	Lp
25	70	Lp
25	71	Lp
25	72	Lp
25	73	Lp
25	74	Lp
25	75	Lp
25	76	Lp
25	77	Lp
25	78	Lp
25	79	-1
25	80	-1
25	81	Lp
25	82	Lp
25	83	Lp
25	84	Lp
25	85	Lp
25	86	Lp
25	87	U
25	88	U
25	89	Lp
25	90	Lp
25	91	Lp
25	92	Lp
25	93	Lp
25	94	Lp
25	95	Lp
25	96	Lp
25	97	Lp
25	98	Lp
25	99	Lp
25	100	-1
25	101	Lp
25	102	Lp
25	103	Lp
25	104	-1
25	105	Lp
25	106	Lp
25	107	Lp
25	108	Lp
25	109	Lp
25	110	Lp
25	111	Lp
25	112	Lp
25	113	Lp
25	114	Lp
25	115	-1
25	116	Lp
25	117	Lp
25	118	Lp
25	119	Lp
26	0	Lp
26	1	Lp
26	2	Lp
26	3	-1
26	4	Lp
26	5	Lp
26	6	-1
26	7	Lp
26	8	Lp
26	9	-1
26	10	-1
26	11	L
26	12	L
26	13	Lp
26	14	Lp
26	15	Lp
26	16	Lp
26	17	Lp
26	18	L
26	19	-1
26	20	Lp
26	21	Lp
26	22	-1
26	23	L
26	24	L
26	25	L
26	26	Lp
26	27	L
26	28	Lp
26	29	-1
26	30	Lp
26	31	Lp
26	32	L
26	33	Lp
26	34	L
26	35	-1
26	36	Lp
26	37	Lp
26	38	Lp
26	39	-1
26	40	Lp
26	41	Lp
26	42	Lp
26	43	Lp
26	44	-1
26	45	-1
26	46	Lp
26	47	-1
26	48	Lp
26	49	Lp
26	50	-1
26	51	-1
26	52	-1
26	53	Lp
26	54	Lp
26	55	U
26	56	-1
26	57	Lp
26	58	Lp
26	59	Lp
26	60	Lp
26	61	Lp
26	62	Lp
26	63	Lp
26	64	-1
26	65	Lp
26	66	-1
26	67	Lp
26	68	Lp
26	69	Lp
26	70	Lp
26	71	-1
26	72	Lp
26	73	-1
26	74	Lp
26	75	Lp
26	76	Lp
26	77	Lp
26	78	-1
26	79	Lp
26	80	Lp
26	81	Lp
26	82	Lp
26	83	Lp
26	84	Lp
26	85	Lp
26	86	-1
26	87	Lp
26	88	-1
26	89	-1
26	90	Lp
26	91	-1
26	92	Lp
26	93	Lp
26	94	Lp
26	95	Lp
26	96	Lp
26	97	Lp
26	98	Lp
26	99	-1
26	100	-1
26	101	Lp
26	102	Lp
26	103	-1
26	104	Lp
26	105	Lp
26	106	Lp
26	107	Lp
26	108	Lp
26	109	U
26	110	-1
26	111	Lp
26	112	Lp
26	113	Lp
26	114	Lp
26	115	Lp
26	116	Lp
26	117	-1
26	118	Lp
26	119	Lp
27	0	Lp
27	1	Lp
27	2	Lp
27	3	Lp
27	4	-1
27	5	Lp
27	6	L
27	7	Lp
27	8	-1
27	9	Lp
27	10	Lp
27	11	Lp
27	12	-1
27	13	-1
27	14	Lp
27	15	Lp
27	16	Lp
27	17	Lp
27	18	L
27	19	Lp
27	20	-1
27	21	L
27	22	L
27	23	-1
27	24	-1
27	25	L
27	26	L
27	27	Lp
27	28	Lp
27	29	Lp
27	30	Lp
27	31	Lp
27	32	Lp
27	33	Lp
27	34	L
27	35	Lp
27	36	Lp
27	37	Lp
27	38	Lp
27	39	Lp
27	40	-1
27	41	Lp
27	42	Lp
27	43	Lp
27	44	Lp
27	45	Lp
27	46	-1
27	47	Lp
27	48	Lp
27	49	Lp
27	50	Lp
27	51	-1
27	52	U
27	53	-1
27	54	U
27	55	-1
27	56	U
27	57	Lp
27	58	Lp
27	59	Lp
27	60	Lp
27	61	Lp
27	62	Lp
27	63	Lp
27	64	Lp
27	65	Lp
27	66	Lp
27	67	-1
27	68	Lp
27	69	U
27	70	Lp
27	71	Lp
27	72	Lp
27	73	Lp
27	74	Lp
27	75	-1
27	76	-1
27	77	Lp
27	78	Lp
27	79	-1
27	80	-1
27	81	-1
27	82	Lp
27	83	Lp
27	84	-1
27	85	Lp
27	86	Lp
27	87	-1
27	88	Lp
27	89	Lp
27	90	Lp
27	91	-1
27	92	Lp
27	93	Lp
27	94	Lp
27	95	Lp
27	96	Lp
27	97	Lp
27	98	Lp
27	99	Lp
27	100	Lp
27	101	Lp
27	102	Lp
27	103	-1
27	104	Lp
27	105	Lp
27	106	Lp
27	107	-1
27	108	Lp
27	109	-1
27	110	-1
27	111	Lp
27	112	Lp
27	113	Lp
27	114	Lp
27	115	-1
27	116	-1
27	117	-1
27	118	-1
27	119	Lp
28	0	Lp
28	1	Lp
28	2	Lp
28	3	Lp
28	4	Lp
28	5	L
28	6	L
28	7	Lp
28	8	-1
28	9	-1
28	10	-1
28	11	-1
28	12	Lp
28	13	L
28	14	-1
28	15	Lp
28	16	L
28	17	-1
28	18	Lp
28	19	L
28	20	L
28	21	L
28	22	L
28	23	-1
28	24	L
28	25	L
28	26	L
28	27	L
28	28	L
28	29	Lp
28	30	Lp
28	31	Lp
28	32	L
28	33	L
28	34	L
28	35	Lp
28	36	Lp
28	37	Lp
28	38	Lp
28	39	Lp
28	40	Lp
28	41	-1
28	42	Lp
28	43	Lp
28	44	Lp
28	45	Lp
28	46	Lp
28	47	Lp
28	48	Lp
28	49	Lp
28	50	Lp
28	51	Lp
28	52	Lp
28	53	-1
28	54	-1
28	55	Lp
28	56	Lp
28	57	Lp
28	58	Lp
28	59	-1
28	60	Lp
28	61	Lp
28	62	Lp
28	63	Lp
28	64	Lp
28	65	-1
28	66	-1
28	67	-1
28	68	Lp
28	69	Lp
28	70	Lp
28	71	Lp
28	72	Lp
28	73	Lp
28	74	Lp
28	75	Lp
28	76	-1
28	77	-1
28	78	Lp
28	79	Lp
28	80	Lp
28	81	Lp
28	82	Lp
28	83	Lp
28	84	Lp
28	85	Lp
28	86	-1
28	87	-1
28	88	-1
28	89	Lp
28	90	Lp
28	91	Lp
28	92	Lp
28	93	Lp
28	94	Lp
28	95	Lp
28	96	-1
28	97	Lp
28	98	Lp
28	99	Lp
28	100	Lp
28	101	Lp
28	102	Lp
28	103	Lp
28	104	Lp
28	105	Lp
28	106	-1
28	107	-1
28	108	-1
28	109	Lp
28	110	Lp
28	111	Lp
28	112	-1
28	113	Lp
28	114	-1
28	115	Lp
28	116	Lp
28	117	-1
28	118	-1
28	119	-1
29	0	-1
29	1	Lp
29	2	Lp
29	3	Lp
29	4	L
29	5	L
29	6	L
29	7	L
29	8	L
29	9	-1
29	10	L
29	11	-1
29	12	Lp
29	13	L
29	14	L
29	15	Lp
29	16	L
29	17	L
29	18	L
29	19	-1
29	20	L
29	21	L
29	22	L
29	23	L
29	24	L
29	25	L
29	26	L
29	27	L
29	28	U
29	29	Lp
29	30	Lp
29	31	-1
29	32	-1
29	33	Lp
29	34	L
29	35	-1
29	36	-1
29	37	-1
29	38	Lp
29	39	Lp
29	40	Lp
29	41	-1
29	42	Lp
29	43	Lp
29	44	-1
29	45	Lp
29	46	Lp
29	47	-1
29	48	Lp
29	49	-1
29	50	Lp
29	51	Lp
29	52	Lp
29	53	Lp
29	54	Lp
29	55	Lp
29	56	Lp
29	57	Lp
29	58	-1
29	59	Lp
29	60	Lp
29	61	-1
29	62	Lp
29	63	Lp
29	64	Lp
29	65	Lp
29	66	Lp
29	67	Lp
29	68	Lp
29	69	L
29	70	Lp
29	71	Lp
29	72	-1
29	73	Lp
29	74	Lp
29	75	Lp
29	76	Lp
29	77	Lp
29	78	Lp
29	79	Lp
29	80	Lp
29	81	Lp
29	82	Lp
29	83	Lp
29	84	Lp
29	85	Lp
29	86	Lp
29	87	-1
29	88	U
29	89	Lp
29	90	Lp
29	91	Lp
29	92	Lp
29	93	-1
29	94	Lp
29	95	-1
29	96	Lp
29	97	Lp
29	98	Lp
29	99	-1
29	100	Lp
29	101	Lp
29	102	Lp
29	103	Lp
29	104	Lp
29	105	Lp
29	106	Lp
29	107	Lp
29	108	Lp
29	109	Lp
29	110	Lp
29	111	Lp
29	112	Lp
29	113	Lp
29	114	Lp
29	115	Lp
29	116	-1
29	117	Lp
29	118	-1
29	119	Lp
30	0	Lp
30	1	Lp
30	2	Lp
30	3	-1
30	4	L
30	5	L
30	6	L
30	7	L
30	8	-1
30	9	L
30	10	-1
30	11	L
30	12	L
30	13	L
30	14	L
30	15	L
30	16	L
30	17	L
30	18	L
30	19	-1
30	20	-1
30	21	-1
30	22	L
30	23	-1
30	24	L
30	25	L
30	26	-1
30	27	L
30	28	L
30	29	Lp
30	30	Lp
30	31	Lp
30	32	L
30	33	L
30	34	L
30	35	L
30	36	L
30	37	L
30	38	L
30	39	Lp
30	40	Lp
30	41	Lp
30	42	Lp
30	43	Lp
30	44	Lp
30	45	U
30	46	U
30	47	Lp
30	48	Lp
30	49	-1
30	50	Lp
30	51	Lp
30	52	Lp
30	53	Lp
30	54	Lp
30	55	Lp
30	56	Lp
30	57	Lp
30	58	-1
30	59	Lp
30	60	Lp
30	61	Lp
30	62	Lp
30	63	-1
30	64	Lp
30	65	Lp
30	66	Lp
30	67	Lp
30	68	L
30	69	U
30	70	U
30	71	U
30	72	-1
30	73	Lp
30	74	Lp
30	75	Lp
30	76	Lp
30	77	Lp
30	78	-1
30	79	Lp
30	80	Lp
30	81	Lp
30	82	U
30	83	L
30	84	-1
30	85	Lp
30	86	U
30	87	U
30	88	U
30	89	U
30	90	-1
30	91	-1
30	92	Lp
30	93	Lp
30	94	Lp
30	95	-1
30	96	-1
30	97	Lp
30	98	Lp
30	99	Lp
30	100	Lp
30	101	-1
30	102	Lp
30	103	-1
30	104	Lp
30	105	-1
30	106	Lp
30	107	-1
30	108	Lp
30	109	Lp
30	110	Lp
30	111	Lp
30	112	-1
30	113	Lp
30	114	Lp
30	115	Lp
30	116	Lp
30	117	-1
30	118	Lp
30	119	Lp
31	0	Lp
31	1	Lp
31	2	L
31	3	-1
31	4	L
31	5	L
31	6	L
31	7	L
31	8	L
31	9	L
31	10	L
31	11	-1
31	12	L
31	13	L
31	14	L
31	15	L
31	16	L
31	17	-1
31	18	-1
31	19	L
31	20	L
31	21	L
31	22	L
31	23	-1
31	24	L
31	25	L
31	26	L
31	27	L
31	28	L
31	29	L
31	30	Lp
31	31	L
31	32	L
31	33	L
31	34	L
31	35	L
31	36	L
31	37	L
31	38	L
31	39	L
31	40	-1
31	41	-1
31	42	Lp
31	43	-1
31	44	Lp
31	45	Lp
31	46	Lp
31	47	Lp
31	48	Lp
31	49	Lp
31	50	Lp
31	51	Lp
31	52	Lp
31	53	-1
31	54	Lp
31	55	Lp
31	56	Lp
31	57	Lp
31	58	Lp
31	59	Lp
31	60	Lp
31	61	Lp
31	62	Lp
31	63	Lp
31	64	Lp
31	65	Lp
31	66	Lp
31	67	-1
31	68	U
31	69	U
31	70	U
31	71	-1
31	72	-1
31	73	-1
31	74	Lp
31	75	Lp
31	76	Lp
31	77	-1
31	78	Lp
31	79	L
31	80	Lp
31	81	L
31	82	L
31	83	L
31	84	L
31	85	L
31	86	Lp
31	87	U
31	88	U
31	89	U
31	90	-1
31	91	U
31	92	-1
31	93	Lp
31	94	-1
31	95	Lp
31	96	Lp
31	97	Lp
31	98	Lp
31	99	-1
31	100	Lp
31	101	Lp
31	102	Lp
31	103	Lp
31	104	Lp
31	105	Lp
31	106	-1
31	107	Lp
31	108	Lp
31	109	Lp
31	110	Lp
31	111	Lp
31	112	Lp
31	113	-1
31	114	-1
31	115	Lp
31	116	Lp
31	117	-1
31	118	Lp
31	119	Lp
32	0	Lp
32	1	-1
32	2	Lp
32	3	Lp
32	4	L
32	5	-1
32	6	Lp
32	7	L
32	8	-1
32	9	L
32	10	-1
32	11	-1
32	12	L
32	13	-1
32	14	L
32	15	L
32	16	L
32	17	L
32	18	L
32	19	-1
32	20	L
32	21	L
32	22	L
32	23	L
32	24	-1
32	25	L
32	26	L
32	27	-1
32	28	-1
32	29	-1
32	30	-1
32	31	-1
32	32	L
32	33	L
32	34	L
32	35	L
32	36	Lp
32	37	Lp
32	38	-1
32	39	Lp
32	40	Lp
32	41	Lp
32	42	Lp
32	43	Lp
32	44	Lp
32	45	Lp
32	46	Lp
32	47	-1
32	48	-1
32	49	Lp
32	50	Lp
32	51	Lp
32	52	Lp
32	53	Lp
32	54	Lp
32	55	Lp
32	56	Lp
32	57	Lp
32	58	Lp
32	59	-1
32	60	Lp
32	61	Lp
32	62	Lp
32	63	-1
32	64	Lp
32	65	Lp
32	66	Lp
32	67	-1
32	68	Lp
32	69	Lp
32	70	-1
32	71	Lp
32	72	-1
32	73	-1
32	74	-1
32	75	Lp
32	76	Lp
32	77	-1
32	78	U
32	79	L
32	80	Lp
32	81	Lp
32	82	L
32	83	-1
32	84	L
32	85	L
32	86	Lp
32	87	Lp
32	88	U
32	89	Lp
32	90	Lp
32	91	Lp
32	92	-1
32	93	Lp
32	94	Lp
32	95	Lp
32	96	Lp
32	97	Lp
32	98	Lp
32	99	Lp
32	100	Lp
32	101	Lp
32	102	Lp
32	103	Lp
32	104	Lp
32	105	Lp
32	106	Lp
32	107	Lp
32	108	Lp
32	109	Lp
32	110	Lp
32	111	Lp
32	112	Lp
32	113	-1
32	114	Lp
32	115	-1
32	116	Lp
32	117	Lp
32	118	Lp
32	119	Lp
33	0	Lp
33	1	Lp
33	2	-1
33	3	L
33	4	L
33	5	L
33	6	L
33	7	L
33	8	L
33	9	-1
33	10	-1
33	11	L
33	12	L
33	13	L
33	14	L
33	15	L
33	16	L
33	17	L
33	18	L
33	19	L
33	20	L
33	21	L
33	22	L
33	23	-1
33	24	L
33	25	L
33	26	-1
33	27	-1
33	28	-1
33	29	L
33	30	L
33	31	Lp
33	32	Lp
33	33	Lp
33	34	-1
33	35	-1
33	36	L
33	37	Lp
33	38	Lp
33	39	Lp
33	40	-1
33	41	Lp
33	42	Lp
33	43	Lp
33	44	Lp
33	45	-1
33	46	-1
33	47	-1
33	48	Lp
33	49	Lp
33	50	Lp
33	51	Lp
33	52	Lp
33	53	Lp
33	54	Lp
33	55	Lp
33	56	Lp
33	57	Lp
33	58	Lp
33	59	Lp
33	60	Lp
33	61	Lp
33	62	Lp
33	63	Lp
33	64	Lp
33	65	Lp
33	66	Lp
33	67	Lp
33	68	Lp
33	69	U
33	70	-1
33	71	Lp
33	72	-1
33	73	-1
33	74	-1
33	75	Lp
33	76	Lp
33	77	-1
33	78	Lp
33	79	Lp
33	80	L
33	81	L
33	82	L
33	83	L
33	84	Lp
33	85	Lp
33	86	-1
33	87	Lp
33	88	U
33	89	U
33	90	U
33	91	Lp
33	92	Lp
33	93	Lp
33	94	Lp
33	95	Lp
33	96	Lp
33	97	-1
33	98	Lp
33	99	Lp
33	100	Lp
33	101	Lp
33	102	Lp
33	103	Lp
33	104	-1
33	105	Lp
33	106	-1
33	107	Lp
33	108	Lp
33	109	Lp
33	110	Lp
33	111	Lp
33	112	Lp
33	113	U
33	114	U
33	115	Lp
33	116	Lp
33	117	Lp
33	118	Lp
33	119	-1
34	0	Lp
34	1	-1
34	2	Lp
34	3	L
34	4	-1
34	5	-1
34	6	L
34	7	L
34	8	L
34	9	L
34	10	L
34	11	U
34	12	U
34	13	L
34	14	-1
34	15	L
34	16	U
34	17	-1
34	18	-1
34	19	-1
34	20	L
34	21	-1
34	22	-1
34	23	L
34	24	-1
34	25	L
34	26	L
34	27	L
34	28	L
34	29	L
34	30	L
34	31	Lp
34	32	Lp
34	33	Lp
34	34	Lp
34	35	-1
34	36	Lp
34	37	-1
34	38	Lp
34	39	Lp
34	40	Lp
34	41	Lp
34	42	Lp
34	43	-1
34	44	Lp
34	45	Lp
34	46	-1
34	47	Lp
34	48	Lp
34	49	Lp
34	50	Lp
34	51	-1
34	52	-1
34	53	Lp
34	54	-1
34	55	Lp
34	56	Lp
34	57	Lp
34	58	Lp
34	59	Lp
34	60	-1
34	61	Lp
34	62	-1
34	63	Lp
34	64	Lp
34	65	-1
34	66	Lp
34	67	-1
34	68	-1
34	69	Lp
34	70	Lp
34	71	Lp
34	72	-1
34	73	Lp
34	74	Lp
34	75	-1
34	76	Lp
34	77	Lp
34	78	Lp
34	79	Lp
34	80	-1
34	81	Lp
34	82	Lp
34	83	Lp
34	84	L
34	85	Lp
34	86	Lp
34	87	Lp
34	88	Lp
34	89	U
34	90	Lp
34	91	Lp
34	92	Lp
34	93	Lp
34	94	Lp
34	95	-1
34	96	Lp
34	97	-1
34	98	Lp
34	99	Lp
34	100	-1
34	101	Lp
34	102	Lp
34	103	-1
34	104	Lp
34	105	Lp
34	106	Lp
34	107	Lp
34	108	Lp
34	109	Lp
34	110	Lp
34	111	Lp
34	112	Lp
34	113	Lp
34	114	Lp
34	115	Lp
34	116	-1
34	117	Lp
34	118	Lp
34	119	Lp
35	0	Lp
35	1	-1
35	2	Lp
35	3	Lp
35	4	L
35	5	L
35	6	L
35	7	L
35	8	L
35	9	L
35	10	U
35	11	U
35	12	-1
35	13	L
35	14	L
35	15	L
35	16	U
35	17	L
35	18	L
35	19	L
35	20	L
35	21	-1
35	22	L
35	23	L
35	24	L
35	25	-1
35	26	L
35	27	L
35	28	-1
35	29	L
35	30	L
35	31	L
35	32	L
35	33	Lp
35	34	Lp
35	35	Lp
35	36	-1
35	37	-1
35	38	Lp
35	39	Lp
35	40	Lp
35	41	Lp
35	42	-1
35	43	Lp
35	44	-1
35	45	Lp
35	46	Lp
35	47	Lp
35	48	-1
35	49	Lp
35	50	Lp
35	51	-1
35	52	Lp
35	53	-1
35	54	Lp
35	55	Lp
35	56	Lp
35	57	-1
35	58	-1
35	59	Lp
35	60	Lp
35	61	-1
35	62	Lp
35	63	Lp
35	64	Lp
35	65	Lp
35	66	Lp
35	67	Lp
35	68	L
35	69	L
35	70	L
35	71	Lp
35	72	Lp
35	73	Lp
35	74	Lp
35	75	Lp
35	76	Lp
35	77	Lp
35	78	-1
35	79	Lp
35	80	Lp
35	81	Lp
35	82	Lp
35	83	-1
35	84	Lp
35	85	L
35	86	Lp
35	87	-1
35	88	Lp
35	89	Lp
35	90	Lp
35	91	Lp
35	92	Lp
35	93	Lp
35	94	-1
35	95	Lp
35	96	Lp
35	97	U
35	98	-1
35	99	Lp
35	100	Lp
35	101	Lp
35	102	-1
35	103	Lp
35	104	Lp
35	105	Lp
35	106	Lp
35	107	Lp
35	108	Lp
35	109	Lp
35	110	-1
35	111	-1
35	112	Lp
35	113	-1
35	114	-1
35	115	-1
35	116	Lp
35	117	Lp
35	118	Lp
35	119	Lp
36	0	Lp
36	1	Lp
36	2	Lp
36	3	Lp
36	4	Lp
36	5	L
36	6	-1
36	7	L
36	8	L
36	9	L
36	10	L
36	11	-1
36	12	-1
36	13	-1
36	14	U
36	15	-1
36	16	L
36	17	L
36	18	-1
36	19	L
36	20	L
36	21	L
36	22	L
36	23	L
36	24	-1
36	25	L
36	26	L
36	27	L
36	28	L
36	29	L
36	30	L
36	31	L
36	32	L
36	33	L
36	34	Lp
36	35	Lp
36	36	-1
36	37	-1
36	38	Lp
36	39	Lp
36	40	Lp
36	41	Lp
36	42	Lp
36	43	Lp
36	44	Lp
36	45	Lp
36	46	Lp
36	47	Lp
36	48	-1
36	49	Lp
36	50	Lp
36	51	-1
36	52	Lp
36	53	Lp
36	54	Lp
36	55	Lp
36	56	-1
36	57	Lp
36	58	Lp
36	59	Lp
36	60	Lp
36	61	-1
36	62	-1
36	63	U
36	64	U
36	65	U
36	66	-1
36	67	-1
36	68	L
36	69	L
36	70	Lp
36	71	Lp
36	72	Lp
36	73	-1
36	74	Lp
36	75	Lp
36	76	Lp
36	77	Lp
36	78	Lp
36	79	-1
36	80	Lp
36	81	Lp
36	82	Lp
36	83	L
36	84	L
36	85	L
36	86	L
36	87	Lp
36	88	Lp
36	89	Lp
36	90	Lp
36	91	Lp
36	92	Lp
36	93	Lp
36	94	Lp
36	95	-1
36	96	Lp
36	97	Lp
36	98	-1
36	99	-1
36	100	Lp
36	101	Lp
36	102	Lp
36	103	Lp
36	104	-1
36	105	Lp
36	106	Lp
36	107	-1
36	108	Lp
36	109	Lp
36	110	-1
36	111	-1
36	112	Lp
36	113	Lp
36	114	Lp
36	115	Lp
36	116	Lp
36	117	Lp
36	118	Lp
36	119	Lp
37	0	Lp
37	1	Lp
37	2	Lp
37	3	Lp
37	4	Lp
37	5	L
37	6	L
37	7	L
37	8	-1
37	9	L
37	10	L
37	11	U
37	12	U
37	13	-1
37	14	-1
37	15	U
37	16	L
37	17	L
37	18	L
37	19	-1
37	20	L
37	21	L
37	22	L
37	23	-1
37	24	L
37	25	L
37	26	L
37	27	L
37	28	L
37	29	L
37	30	Lp
37	31	Lp
37	32	L
37	33	Lp
37	34	-1
37	35	-1
37	36	Lp
37	37	Lp
37	38	-1
37	39	-1
37	40	Lp
37	41	Lp
37	42	-1
37	43	Lp
37	44	Lp
37	45	Lp
37	46	Lp
37	47	Lp
37	48	Lp
37	49	Lp
37	50	Lp
37	51	Lp
37	52	Lp
37	53	Lp
37	54	Lp
37	55	L
37	56	L
37	57	Lp
37	58	Lp
37	59	Lp
37	60	-1
37	61	Lp
37	62	Lp
37	63	Lp
37	64	U
37	65	U
37	66	Lp
37	67	Lp
37	68	-1
37	69	L
37	70	Lp
37	71	Lp
37	72	-1
37	73	Lp
37	74	Lp
37	75	Lp
37	76	Lp
37	77	-1
37	78	Lp
37	79	-1
37	80	Lp
37	81	-1
37	82	Lp
37	83	-1
37	84	Lp
37	85	-1
37	86	-1
37	87	Lp
37	88	Lp
37	89	Lp
37	90	Lp
37	91	Lp
37	92	Lp
37	93	Lp
37	94	Lp
37	95	-1
37	96	-1
37	97	Lp
37	98	-1
37	99	Lp
37	100	L
37	101	L
37	102	L
37	103	Lp
37	104	L
37	105	-1
37	106	Lp
37	107	Lp
37	108	Lp
37	109	Lp
37	110	-1
37	111	Lp
37	112	Lp
37	113	-1
37	114	-1
37	115	-1
37	116	Lp
37	117	Lp
37	118	Lp
37	119	-1
38	0	U
38	1	Lp
38	2	Lp
38	3	-1
38	4	Lp
38	5	L
38	6	L
38	7	-1
38	8	L
38	9	L
38	10	-1
38	11	-1
38	12	-1
38	13	Lp
38	14	-1
38	15	Lp
38	16	L
38	17	L
38	18	L
38	19	-1
38	20	L
38	21	L
38	22	L
38	23	L
38	24	L
38	25	L
38	26	Lp
38	27	Lp
38	28	-1
38	29	L
38	30	-1
38	31	L
38	32	Lp
38	33	Lp
38	34	Lp
38	35	Lp
38	36	Lp
38	37	-1
38	38	Lp
38	39	Lp
38	40	Lp
38	41	Lp
38	42	Lp
38	43	-1
38	44	Lp
38	45	Lp
38	46	Lp
38	47	Lp
38	48	-1
38	49	-1
38	50	-1
38	51	Lp
38	52	Lp
38	53	Lp
38	54	Lp
38	55	-1
38	56	L
38	57	L
38	58	-1
38	59	Lp
38	60	L
38	61	L
38	62	U
38	63	-1
38	64	L
38	65	L
38	66	L
38	67	-1
38	68	L
38	69	Lp
38	70	-1
38	71	Lp
38	72	Lp
38	73	Lp
38	74	-1
38	75	-1
38	76	-1
38	77	-1
38	78	Lp
38	79	Lp
38	80	Lp
38	81	Lp
38	82	-1
38	83	Lp
38	84	Lp
38	85	Lp
38	86	-1
38	87	-1
38	88	Lp
38	89	-1
38	90	-1
38	91	-1
38	92	Lp
38	93	Lp
38	94	Lp
38	95	Lp
38	96	Lp
38	97	L
38	98	Lp
38	99	L
38	100	L
38	101	L
38	102	L
38	103	L
38	104	-1
38	105	-1
38	106	L
38	107	Lp
38	108	Lp
38	109	-1
38	110	Lp
38	111	Lp
38	112	Lp
38	113	Lp
38	114	-1
38	115	Lp
38	116	-1
38	117	Lp
38	118	Lp
38	119	Lp
39	0	Lp
39	1	-1
39	2	L
39	3	-1
39	4	L
39	5	L
39	6	L
39	7	L
39	8	L
39	9	-1
39	10	L
39	11	-1
39	12	L
39	13	L
39	14	Lp
39	15	Lp
39	16	L
39	17	L
39	18	L
39	19	L
39	20	L
39	21	L
39	22	L
39	23	L
39	24	-1
39	25	L
39	26	Lp
39	27	Lp
39	28	L
39	29	Lp
39	30	Lp
39	31	Lp
39	32	Lp
39	33	Lp
39	34	Lp
39	35	-1
39	36	Lp
39	37	Lp
39	38	-1
39	39	Lp
39	40	Lp
39	41	Lp
39	42	Lp
39	43	Lp
39	44	Lp
39	45	Lp
39	46	Lp
39	47	Lp
39	48	-1
39	49	Lp
39	50	Lp
39	51	Lp
39	52	-1
39	53	Lp
39	54	-1
39	55	L
39	56	L
39	57	-1
39	58	L
39	59	L
39	60	L
39	61	-1
39	62	U
39	63	-1
39	64	L
39	65	L
39	66	-1
39	67	Lp
39	68	Lp
39	69	Lp
39	70	-1
39	71	Lp
39	72	Lp
39	73	Lp
39	74	-1
39	75	Lp
39	76	L
39	77	Lp
39	78	Lp
39	79	Lp
39	80	Lp
39	81	-1
39	82	Lp
39	83	-1
39	84	U
39	85	Lp
39	86	Lp
39	87	-1
39	88	Lp
39	89	-1
39	90	Lp
39	91	-1
39	92	Lp
39	93	Lp
39	94	Lp
39	95	Lp
39	96	-1
39	97	Lp
39	98	-1
39	99	L
39	100	L
39	101	L
39	102	-1
39	103	Lp
39	104	L
39	105	L
39	106	L
39	107	L
39	108	-1
39	109	Lp
39	110	Lp
39	111	-1
39	112	Lp
39	113	Lp
39	114	Lp
39	115	Lp
39	116	Lp
39	117	Lp
39	118	Lp
39	119	Lp
40	0	-1
40	1	Lp
40	2	Lp
40	3	-1
40	4	-1
40	5	L
40	6	-1
40	7	L
40	8	Lp
40	9	L
40	10	-1
40	11	L
40	12	-1
40	13	L
40	14	-1
40	15	-1
40	16	Lp
40	17	-1
40	18	L
40	19	L
40	20	L
40	21	L
40	22	L
40	23	-1
40	24	L
40	25	Lp
40	26	Lp
40	27	L
40	28	-1
40	29	Lp
40	30	L
40	31	Lp
40	32	Lp
40	33	Lp
40	34	Lp
40	35	-1
40	36	Lp
40	37	L
40	38	U
40	39	Lp
40	40	Lp
40	41	Lp
40	42	Lp
40	43	Lp
40	44	Lp
40	45	Lp
40	46	Lp
40	47	-1
40	48	L
40	49	-1
40	50	Lp
40	51	L
40	52	Lp
40	53	Lp
40	54	-1
40	55	Lp
40	56	Lp
40	57	L
40	58	L
40	59	L
40	60	L
40	61	-1
40	62	L
40	63	L
40	64	L
40	65	-1
40	66	-1
40	67	Lp
40	68	-1
40	69	Lp
40	70	-1
40	71	Lp
40	72	-1
40	73	Lp
40	74	Lp
40	75	Lp
40	76	Lp
40	77	Lp
40	78	-1
40	79	Lp
40	80	Lp
40	81	Lp
40	82	Lp
40	83	U
40	84	Lp
40	85	U
40	86	-1
40	87	-1
40	88	Lp
40	89	Lp
40	90	Lp
40	91	Lp
40	92	-1
40	93	Lp
40	94	Lp
40	95	Lp
40	96	Lp
40	97	L
40	98	-1
40	99	L
40	100	L
40	101	Lp
40	102	L
40	103	Lp
40	104	L
40	105	L
40	106	L
40	107	Lp
40	108	-1
40	109	Lp
40	110	Lp
40	111	Lp
40	112	-1
40	113	Lp
40	114	Lp
40	115	Lp
40	116	-1
40	117	U
40	118	Lp
40	119	-1
41	0	Lp
41	1	Lp
41	2	Lp
41	3	Lp
41	4	L
41	5	L
41	6	L
41	7	L
41	8	L
41	9	-1
41	10	L
41	11	-1
41	12	Lp
41	13	Lp
41	14	Lp
41	15	-1
41	16	Lp
41	17	L
41	18	Lp
41	19	L
41	20	L
41	21	L
41	22	-1
41	23	-1
41	24	L
41	25	Lp
41	26	-1
41	27	Lp
41	28	Lp
41	29	Lp
41	30	Lp
41	31	-1
41	32	Lp
41	33	Lp
41	34	Lp
41	35	Lp
41	36	-1
41	37	L
41	38	Lp
41	39	Lp
41	40	-1
41	41	Lp
41	42	Lp
41	43	Lp
41	44	Lp
41	45	L
41	46	Lp
41	47	Lp
41	48	L
41	49	L
41	50	L
41	51	-1
41	52	Lp
41	53	Lp
41	54	Lp
41	55	Lp
41	56	-1
41	57	L
41	58	L
41	59	L
41	60	-1
41	61	L
41	62	-1
41	63	-1
41	64	-1
41	65	-1
41	66	Lp
41	67	-1
41	68	Lp
41	69	Lp
41	70	-1
41	71	Lp
41	72	Lp
41	73	Lp
41	74	-1
41	75	Lp
41	76	-1
41	77	Lp
41	78	-1
41	79	Lp
41	80	-1
41	81	Lp
41	82	Lp
41	83	Lp
41	84	Lp
41	85	Lp
41	86	U
41	87	Lp
41	88	Lp
41	89	Lp
41	90	-1
41	91	Lp
41	92	U
41	93	U
41	94	Lp
41	95	Lp
41	96	Lp
41	97	Lp
41	98	Lp
41	99	-1
41	100	L
41	101	Lp
41	102	-1
41	103	Lp
41	104	L
41	105	L
41	106	L
41	107	Lp
41	108	-1
41	109	-1
41	110	Lp
41	111	Lp
41	112	Lp
41	113	Lp
41	114	-1
41	115	-1
41	116	-1
41	117	U
41	118	Lp
41	119	Lp
42	0	-1
42	1	Lp
42	2	Lp
42	3	Lp
42	4	Lp
42	5	Lp
42	6	-1
42	7	L
42	8	Lp
42	9	L
42	10	L
42	11	Lp
42	12	Lp
42	13	Lp
42	14	-1
42	15	Lp
42	16	Lp
42	17	Lp
42	18	L
42	19	Lp
42	20	L
42	21	-1
42	22	-1
42	23	Lp
42	24	-1
42	25	-1
42	26	Lp
42	27	Lp
42	28	Lp
42	29	Lp
42	30	-1
42	31	Lp
42	32	Lp
42	33	Lp
42	34	Lp
42	35	Lp
42	36	-1
42	37	Lp
42	38	Lp
42	39	Lp
42	40	Lp
42	41	Lp
42	42	-1
42	43	L
42	44	Lp
42	45	L
42	46	Lp
42	47	Lp
42	48	Lp
42	49	L
42	50	-1
42	51	-1
42	52	-1
42	53	-1
42	54	Lp
42	55	Lp
42	56	Lp
42	57	L
42	58	L
42	59	-1
42	60	-1
42	61	-1
42	62	L
42	63	-1
42	64	L
42	65	Lp
42	66	L
42	67	Lp
42	68	Lp
42	69	Lp
42	70	Lp
42	71	Lp
42	72	Lp
42	73	-1
42	74	Lp
42	75	Lp
42	76	Lp
42	77	-1
42	78	-1
42	79	Lp
42	80	Lp
42	81	-1
42	82	-1
42	83	-1
42	84	Lp
42	85	-1
42	86	Lp
42	87	Lp
42	88	Lp
42	89	-1
42	90	Lp
42	91	Lp
42	92	U
42	93	U
42	94	Lp
42	95	Lp
42	96	Lp
42	97	Lp
42	98	Lp
42	99	L
42	100	-1
42	101	Lp
42	102	L
42	103	Lp
42	104	Lp
42	105	L
42	106	L
42	107	L
42	108	-1
42	109	-1
42	110	Lp
42	111	Lp
42	112	Lp
42	113	Lp
42	114	Lp
42	115	Lp
42	116	-1
42	117	U
42	118	Lp
42	119	Lp
43	0	-1
43	1	Lp
43	2	Lp
43	3	Lp
43	4	Lp
43	5	Lp
43	6	L
43	7	Lp
43	8	L
43	9	-1
43	10	L
43	11	Lp
43	12	Lp
43	13	Lp
43	14	-1
43	15	Lp
43	16	Lp
43	17	Lp
43	18	L
43	19	L
43	20	Lp
43	21	L
43	22	Lp
43	23	Lp
43	24	Lp
43	25	Lp
43	26	Lp
43	27	Lp
43	28	Lp
43	29	Lp
43	30	Lp
43	31	Lp
43	32	-1
43	33	Lp
43	34	Lp
43	35	Lp
43	36	-1
43	37	Lp
43	38	Lp
43	39	Lp
43	40	Lp
43	41	-1
43	42	Lp
43	43	L
43	44	L
43	45	L
43	46	-1
43	47	L
43	48	Lp
43	49	L
43	50	L
43	51	Lp
43	52	Lp
43	53	Lp
43	54	Lp
43	55	Lp
43	56	-1
43	57	-1
43	58	L
43	59	-1
43	60	L
43	61	-1
43	62	L
43	63	L
43	64	L
43	65	L
43	66	-1
43	67	-1
43	68	Lp
43	69	Lp
43	70	Lp
43	71	Lp
43	72	Lp
43	73	Lp
43	74	Lp
43	75	Lp
43	76	Lp
43	77	-1
43	78	Lp
43	79	Lp
43	80	Lp
43	81	Lp
43	82	-1
43	83	Lp
43	84	Lp
43	85	Lp
43	86	Lp
43	87	Lp
43	88	Lp
43	89	-1
43	90	Lp
43	91	-1
43	92	U
43	93	U
43	94	Lp
43	95	-1
43	96	L
43	97	Lp
43	98	Lp
43	99	Lp
43	100	Lp
43	101	L
43	102	Lp
43	103	-1
43	104	L
43	105	L
43	106	L
43	107	L
43	108	Lp
43	109	-1
43	110	Lp
43	111	Lp
43	112	Lp
43	113	Lp
43	114	Lp
43	115	Lp
43	116	-1
43	117	Lp
43	118	Lp
43	119	Lp
44	0	Lp
44	1	Lp
44	2	Lp
44	3	-1
44	4	Lp
44	5	-1
44	6	-1
44	7	L
44	8	L
44	9	-1
44	10	Lp
44	11	Lp
44	12	Lp
44	13	Lp
44	14	Lp
44	15	Lp
44	16	Lp
44	17	Lp
44	18	L
44	19	U
44	20	-1
44	21	Lp
44	22	-1
44	23	Lp
44	24	Lp
44	25	Lp
44	26	Lp
44	27	Lp
44	28	-1
44	29	Lp
44	30	-1
44	31	Lp
44	32	Lp
44	33	Lp
44	34	Lp
44	35	Lp
44	36	Lp
44	37	Lp
44	38	Lp
44	39	Lp
44	40	-1
44	41	-1
44	42	-1
44	43	L
44	44	L
44	45	L
44	46	Lp
44	47	L
44	48	L
44	49	Lp
44	50	L
44	51	L
44	52	Lp
44	53	-1
44	54	Lp
44	55	Lp
44	56	Lp
44	57	L
44	58	L
44	59	L
44	60	L
44	61	L
44	62	L
44	63	L
44	64	L
44	65	L
44	66	-1
44	67	L
44	68	Lp
44	69	Lp
44	70	Lp
44	71	-1
44	72	Lp
44	73	Lp
44	74	Lp
44	75	Lp
44	76	-1
44	77	Lp
44	78	Lp
44	79	Lp
44	80	Lp
44	81	Lp
44	82	Lp
44	83	Lp
44	84	Lp
44	85	Lp
44	86	Lp
44	87	Lp
44	88	Lp
44	89	Lp
44	90	-1
44	91	U
44	92	Lp
44	93	-1
44	94	-1
44	95	-1
44	96	L
44	97	Lp
44	98	Lp
44	99	Lp
44	100	Lp
44	101	Lp
44	102	Lp
44	103	L
44	104	Lp
44	105	-1
44	106	Lp
44	107	Lp
44	108	Lp
44	109	Lp
44	110	-1
44	111	Lp
44	112	Lp
44	113	Lp
44	114	Lp
44	115	Lp
44	116	Lp
44	117	Lp
44	118	Lp
44	119	Lp
45	0	Lp
45	1	Lp
45	2	Lp
45	3	Lp
45	4	-1
45	5	L
45	6	L
45	7	L
45	8	L
45	9	L
45	10	Lp
45	11	Lp
45	12	-1
45	13	Lp
45	14	Lp
45	15	-1
45	16	L
45	17	L
45	18	Lp
45	19	Lp
45	20	Lp
45	21	Lp
45	22	L
45	23	Lp
45	24	-1
45	25	Lp
45	26	Lp
45	27	Lp
45	28	Lp
45	29	-1
45	30	Lp
45	31	-1
45	32	Lp
45	33	Lp
45	34	Lp
45	35	Lp
45	36	-1
45	37	Lp
45	38	Lp
45	39	L
45	40	L
45	41	-1
45	42	L
45	43	L
45	44	L
45	45	Lp
45	46	L
45	47	-1
45	48	L
45	49	Lp
45	50	Lp
45	51	Lp
45	52	Lp
45	53	Lp
45	54	Lp
45	55	U
45	56	L
45	57	-1
45	58	L
45	59	-1
45	60	L
45	61	L
45	62	L
45	63	L
45	64	L
45	65	-1
45	66	Lp
45	67	Lp
45	68	-1
45	69	U
45	70	-1
45	71	Lp
45	72	-1
45	73	Lp
45	74	Lp
45	75	Lp
45	76	Lp
45	77	Lp
45	78	Lp
45	79	Lp
45	80	Lp
45	81	Lp
45	82	Lp
45	83	Lp
45	84	Lp
45	85	Lp
45	86	Lp
45	87	Lp
45	88	U
45	89	-1
45	90	Lp
45	91	Lp
45	92	Lp
45	93	Lp
45	94	Lp
45	95	Lp
45	96	U
45	97	U
45	98	L
45	99	-1
45	100	L
45	101	Lp
45	102	Lp
45	103	Lp
45	104	Lp
45	105	Lp
45	106	Lp
45	107	Lp
45	108	Lp
45	109	Lp
45	110	Lp
45	111	Lp
45	112	Lp
45	113	Lp
45	114	Lp
45	115	Lp
45	116	Lp
45	117	Lp
45	118	Lp
45	119	Lp
46	0	Lp
46	1	Lp
46	2	-1
46	3	Lp
46	4	Lp
46	5	Lp
46	6	-1
46	7	Lp
46	8	Lp
46	9	Lp
46	10	-1
46	11	Lp
46	12	L
46	13	L
46	14	L
46	15	Lp
46	16	Lp
46	17	L
46	18	Lp
46	19	Lp
46	20	L
46	21	L
46	22	Lp
46	23	Lp
46	24	Lp
46	25	Lp
46	26	Lp
46	27	Lp
46	28	Lp
46	29	-1
46	30	Lp
46	31	-1
46	32	Lp
46	33	-1
46	34	Lp
46	35	Lp
46	36	Lp
46	37	Lp
46	38	Lp
46	39	Lp
46	40	-1
46	41	Lp
46	42	L
46	43	L
46	44	L
46	45	Lp
46	46	L
46	47	L
46	48	Lp
46	49	Lp
46	50	Lp
46	51	Lp
46	52	Lp
46	53	Lp
46	54	-1
46	55	Lp
46	56	Lp
46	57	Lp
46	58	L
46	59	Lp
46	60	-1
46	61	L
46	62	-1
46	63	L
46	64	-1
46	65	Lp
46	66	Lp
46	67	Lp
46	68	Lp
46	69	U
46	70	Lp
46	71	Lp
46	72	Lp
46	73	Lp
46	74	Lp
46	75	Lp
46	76	Lp
46	77	Lp
46	78	Lp
46	79	-1
46	80	-1
46	81	Lp
46	82	Lp
46	83	Lp
46	84	-1
46	85	Lp
46	86	Lp
46	87	Lp
46	88	-1
46	89	U
46	90	Lp
46	91	Lp
46	92	Lp
46	93	Lp
46	94	Lp
46	95	Lp
46	96	-1
46	97	-1
46	98	-1
46	99	-1
46	100	Lp
46	101	Lp
46	102	Lp
46	103	Lp
46	104	L
46	105	Lp
46	106	Lp
46	107	L
46	108	Lp
46	109	-1
46	110	Lp
46	111	Lp
46	112	Lp
46	113	-1
46	114	Lp
46	115	Lp
46	116	Lp
46	117	Lp
46	118	Lp
46	119	Lp
47	0	-1
47	1	Lp
47	2	-1
47	3	Lp
47	4	Lp
47	5	Lp
47	6	Lp
47	7	Lp
47	8	L
47	9	Lp
47	10	Lp
47	11	-1
47	12	L
47	13	-1
47	14	L
47	15	Lp
47	16	Lp
47	17	Lp
47	18	Lp
47	19	Lp
47	20	Lp
47	21	Lp
47	22	Lp
47	23	-1
47	24	Lp
47	25	Lp
47	26	Lp
47	27	Lp
47	28	Lp
47	29	-1
47	30	-1
47	31	Lp
47	32	Lp
47	33	Lp
47	34	Lp
47	35	Lp
47	36	Lp
47	37	Lp
47	38	Lp
47	39	Lp
47	40	Lp
47	41	L
47	42	L
47	43	L
47	44	L
47	45	L
47	46	-1
47	47	L
47	48	L
47	49	Lp
47	50	Lp
47	51	Lp
47	52	Lp
47	53	Lp
47	54	Lp
47	55	Lp
47	56	Lp
47	57	Lp
47	58	Lp
47	59	L
47	60	L
47	61	L
47	62	L
47	63	L
47	64	Lp
47	65	Lp
47	66	-1
47	67	-1
47	68	L
47	69	Lp
47	70	-1
47	71	Lp
47	72	Lp
47	73	Lp
47	74	Lp
47	75	-1
47	76	Lp
47	77	Lp
47	78	Lp
47	79	-1
47	80	Lp
47	81	Lp
47	82	Lp
47	83	Lp
47	84	Lp
47	85	Lp
47	86	Lp
47	87	U
47	88	U
47	89	Lp
47	90	U
47	91	U
47	92	Lp
47	93	-1
47	94	-1
47	95	-1
47	96	L
47	97	L
47	98	-1
47	99	L
47	100	Lp
47	101	Lp
47	102	Lp
47	103	Lp
47	104	Lp
47	105	L
47	106	L
47	107	L
47	108	-1
47	109	Lp
47	110	Lp
47	111	-1
47	112	Lp
47	113	-1
47	114	Lp
47	115	Lp
47	116	-1
47	117	U
47	118	-1
47	119	U
48	0	Lp
48	1	Lp
48	2	Lp
48	3	-1
48	4	-1
48	5	L
48	6	Lp
48	7	Lp
48	8	-1
48	9	L
48	10	-1
48	11	-1
48	12	L
48	13	Lp
48	14	-1
48	15	Lp
48	16	Lp
48	17	Lp
48	18	Lp
48	19	Lp
48	20	Lp
48	21	Lp
48	22	Lp
48	23	Lp
48	24	Lp
48	25	Lp
48	26	Lp
48	27	-1
48	28	Lp
48	29	Lp
48	30	-1
48	31	Lp
48	32	Lp
48	33	Lp
48	34	Lp
48	35	Lp
48	36	Lp
48	37	Lp
48	38	Lp
48	39	-1
48	40	Lp
48	41	L
48	42	-1
48	43	L
48	44	L
48	45	L
48	46	L
48	47	L
48	48	L
48	49	Lp
48	50	-1
48	51	Lp
48	52	Lp
48	53	Lp
48	54	Lp
48	55	-1
48	56	Lp
48	57	Lp
48	58	Lp
48	59	Lp
48	60	Lp
48	61	-1
48	62	Lp
48	63	Lp
48	64	Lp
48	65	L
48	66	Lp
48	67	L
48	68	-1
48	69	Lp
48	70	Lp
48	71	L
48	72	Lp
48	73	L
48	74	Lp
48	75	Lp
48	76	Lp
48	77	-1
48	78	Lp
48	79	Lp
48	80	-1
48	81	Lp
48	82	L
48	83	Lp
48	84	Lp
48	85	-1
48	86	Lp
48	87	Lp
48	88	Lp
48	89	Lp
48	90	U
48	91	-1
48	92	-1
48	93	Lp
48	94	-1
48	95	-1
48	96	Lp
48	97	L
48	98	L
48	99	-1
48	100	L
48	101	-1
48	102	-1
48	103	-1
48	104	L
48	105	L
48	106	L
48	107	L
48	108	-1
48	109	-1
48	110	Lp
48	111	Lp
48	112	Lp
48	113	Lp
48	114	Lp
48	115	Lp
48	116	Lp
48	117	-1
48	118	-1
48	119	U
49	0	-1
49	1	Lp
49	2	Lp
49	3	Lp
49	4	-1
49	5	U
49	6	-1
49	7	Lp
49	8	Lp
49	9	Lp
49	10	-1
49	11	L
49	12	-1
49	13	-1
49	14	Lp
49	15	Lp
49	16	Lp
49	17	Lp
49	18	Lp
49	19	Lp
49	20	Lp
49	21	Lp
49	22	Lp
49	23	Lp
49	24	Lp
49	25	Lp
49	26	-1
49	27	Lp
49	28	Lp
49	29	Lp
49	30	-1
49	31	Lp
49	32	Lp
49	33	Lp
49	34	-1
49	35	Lp
49	36	U
49	37	-1
49	38	Lp
49	39	L
49	40	Lp
49	41	Lp
49	42	L
49	43	Lp
49	44	Lp
49	45	L
49	46	L
49	47	L
49	48	L
49	49	Lp
49	50	Lp
49	51	Lp
49	52	Lp
49	53	Lp
49	54	Lp
49	55	Lp
49	56	Lp
49	57	Lp
49	58	Lp
49	59	Lp
49	60	Lp
49	61	L
49	62	L
49	63	Lp
49	64	Lp
49	65	Lp
49	66	Lp
49	67	Lp
49	68	L
49	69	L
49	70	Lp
49	71	-1
49	72	-1
49	73	L
49	74	Lp
49	75	Lp
49	76	Lp
49	77	Lp
49	78	Lp
49	79	-1
49	80	-1
49	81	L
49	82	-1
49	83	Lp
49	84	Lp
49	85	Lp
49	86	U
49	87	Lp
49	88	U
49	89	Lp
49	90	Lp
49	91	-1
49	92	Lp
49	93	-1
49	94	-1
49	95	Lp
49	96	Lp
49	97	L
49	98	-1
49	99	L
49	100	-1
49	101	Lp
49	102	Lp
49	103	L
49	104	L
49	105	-1
49	106	L
49	107	L
49	108	L
49	109	L
49	110	-1
49	111	Lp
49	112	Lp
49	113	Lp
49	114	Lp
49	115	Lp
49	116	Lp
49	117	Lp
49	118	Lp
49	119	Lp
50	0	-1
50	1	Lp
50	2	Lp
50	3	L
50	4	Lp
50	5	L
50	6	U
50	7	Lp
50	8	Lp
50	9	-1
50	10	-1
50	11	Lp
50	12	Lp
50	13	-1
50	14	Lp
50	15	Lp
50	16	Lp
50	17	-1
50	18	-1
50	19	Lp
50	20	Lp
50	21	Lp
50	22	Lp
50	23	Lp
50	24	Lp
50	25	Lp
50	26	-1
50	27	Lp
50	28	Lp
50	29	Lp
50	30	Lp
50	31	Lp
50	32	Lp
50	33	-1
50	34	Lp
50	35	U
50	36	Lp
50	37	Lp
50	38	L
50	39	Lp
50	40	L
50	41	L
50	42	L
50	43	L
50	44	-1
50	45	-1
50	46	L
50	47	L
50	48	-1
50	49	L
50	50	Lp
50	51	Lp
50	52	Lp
50	53	-1
50	54	Lp
50	55	Lp
50	56	Lp
50	57	Lp
50	58	Lp
50	59	Lp
50	60	Lp
50	61	Lp
50	62	Lp
50	63	Lp
50	64	Lp
50	65	-1
50	66	Lp
50	67	L
50	68	L
50	69	L
50	70	Lp
50	71	L
50	72	L
50	73	U
50	74	Lp
50	75	-1
50	76	Lp
50	77	Lp
50	78	L
50	79	Lp
50	80	-1
50	81	Lp
50	82	L
50	83	-1
50	84	Lp
50	85	Lp
50	86	Lp
50	87	U
50	88	-1
50	89	Lp
50	90	Lp
50	91	Lp
50	92	Lp
50	93	Lp
50	94	Lp
50	95	-1
50	96	Lp
50	97	-1
50	98	L
50	99	L
50	100	-1
50	101	Lp
50	102	L
50	103	Lp
50	104	Lp
50	105	Lp
50	106	-1
50	107	L
50	108	L
50	109	L
50	110	L
50	111	L
50	112	-1
50	113	Lp
50	114	Lp
50	115	-1
50	116	Lp
50	117	Lp
50	118	Lp
50	119	Lp
51	0	Lp
51	1	Lp
51	2	L
51	3	Lp
51	4	Lp
51	5	L
51	6	Lp
51	7	Lp
51	8	L
51	9	Lp
51	10	Lp
51	11	Lp
51	12	Lp
51	13	-1
51	14	-1
51	15	Lp
51	16	Lp
51	17	-1
51	18	Lp
51	19	Lp
51	20	-1
51	21	Lp
51	22	Lp
51	23	Lp
51	24	-1
51	25	Lp
51	26	Lp
51	27	Lp
51	28	Lp
51	29	Lp
51	30	Lp
51	31	-1
51	32	Lp
51	33	Lp
51	34	Lp
51	35	Lp
51	36	-1
51	37	Lp
51	38	Lp
51	39	-1
51	40	Lp
51	41	Lp
51	42	L
51	43	Lp
51	44	Lp
51	45	Lp
51	46	Lp
51	47	Lp
51	48	Lp
51	49	Lp
51	50	-1
51	51	Lp
51	52	Lp
51	53	Lp
51	54	Lp
51	55	Lp
51	56	Lp
51	57	-1
51	58	Lp
51	59	-1
51	60	-1
51	61	Lp
51	62	-1
51	63	Lp
51	64	Lp
51	65	L
51	66	L
51	67	L
51	68	L
51	69	Lp
51	70	Lp
51	71	U
51	72	Lp
51	73	U
51	74	-1
51	75	Lp
51	76	L
51	77	L
51	78	L
51	79	Lp
51	80	Lp
51	81	-1
51	82	Lp
51	83	-1
51	84	L
51	85	Lp
51	86	U
51	87	Lp
51	88	-1
51	89	-1
51	90	Lp
51	91	Lp
51	92	Lp
51	93	Lp
51	94	Lp
51	95	-1
51	96	L
51	97	-1
51	98	L
51	99	-1
51	100	L
51	101	L
51	102	L
51	103	L
51	104	Lp
51	105	L
51	106	-1
51	107	L
51	108	L
51	109	L
51	110	L
51	111	L
51	112	Lp
51	113	Lp
51	114	Lp
51	115	-1
51	116	Lp
51	117	Lp
51	118	Lp
51	119	-1
52	0	Lp
52	1	-1
52	2	Lp
52	3	-1
52	4	L
52	5	L
52	6	-1
52	7	Lp
52	8	L
52	9	Lp
52	10	L
52	11	Lp
52	12	-1
52	13	Lp
52	14	-1
52	15	Lp
52	16	Lp
52	17	Lp
52	18	-1
52	19	-1
52	20	Lp
52	21	Lp
52	22	Lp
52	23	-1
52	24	Lp
52	25	-1
52	26	-1
52	27	Lp
52	28	Lp
52	29	-1
52	30	Lp
52	31	Lp
52	32	Lp
52	33	-1
52	34	Lp
52	35	Lp
52	36	Lp
52	37	Lp
52	38	Lp
52	39	-1
52	40	Lp
52	41	L
52	42	Lp
52	43	-1
52	44	Lp
52	45	Lp
52	46	Lp
52	47	Lp
52	48	Lp
52	49	Lp
52	50	Lp
52	51	Lp
52	52	Lp
52	53	Lp
52	54	Lp
52	55	Lp
52	56	Lp
52	57	Lp
52	58	Lp
52	59	Lp
52	60	Lp
52	61	L
52	62	Lp
52	63	Lp
52	64	Lp
52	65	L
52	66	L
52	67	L
52	68	L
52	69	Lp
52	70	Lp
52	71	Lp
52	72	Lp
52	73	Lp
52	74	Lp
52	75	-1
52	76	L
52	77	Lp
52	78	L
52	79	Lp
52	80	L
52	81	L
52	82	L
52	83	L
52	84	L
52	85	Lp
52	86	Lp
52	87	Lp
52	88	Lp
52	89	Lp
52	90	Lp
52	91	Lp
52	92	Lp
52	93	-1
52	94	-1
52	95	Lp
52	96	L
52	97	L
52	98	-1
52	99	L
52	100	L
52	101	L
52	102	L
52	103	-1
52	104	Lp
52	105	L
52	106	L
52	107	L
52	108	L
52	109	L
52	110	L
52	111	-1
52	112	-1
52	113	-1
52	114	Lp
52	115	Lp
52	116	Lp
52	117	Lp
52	118	Lp
52	119	Lp
53	0	Lp
53	1	-1
53	2	Lp
53	3	-1
53	4	L
53	5	L
53	6	Lp
53	7	Lp
53	8	-1
53	9	L
53	10	Lp
53	11	Lp
53	12	-1
53	13	-1
53	14	Lp
53	15	Lp
53	16	-1
53	17	Lp
53	18	Lp
53	19	-1
53	20	Lp
53	21	-1
53	22	-1
53	23	Lp
53	24	Lp
53	25	Lp
53	26	-1
53	27	-1
53	28	-1
53	29	-1
53	30	-1
53	31	Lp
53	32	Lp
53	33	Lp
53	34	Lp
53	35	Lp
53	36	Lp
53	37	Lp
53	38	Lp
53	39	-1
53	40	Lp
53	41	-1
53	42	Lp
53	43	Lp
53	44	Lp
53	45	Lp
53	46	Lp
53	47	Lp
53	48	Lp
53	49	-1
53	50	Lp
53	51	Lp
53	52	Lp
53	53	Lp
53	54	Lp
53	55	Lp
53	56	Lp
53	57	Lp
53	58	Lp
53	59	-1
53	60	Lp
53	61	Lp
53	62	L
53	63	Lp
53	64	Lp
53	65	L
53	66	L
53	67	L
53	68	Lp
53	69	-1
53	70	Lp
53	71	Lp
53	72	Lp
53	73	Lp
53	74	L
53	75	-1
53	76	Lp
53	77	L
53	78	L
53	79	L
53	80	L
53	81	L
53	82	L
53	83	L
53	84	L
53	85	L
53	86	-1
53	87	Lp
53	88	Lp
53	89	L
53	90	Lp
53	91	Lp
53	92	Lp
53	93	Lp
53	94	Lp
53	95	-1
53	96	Lp
53	97	-1
53	98	-1
53	99	L
53	100	L
53	101	L
53	102	L
53	103	L
53	104	-1
53	105	-1
53	106	L
53	107	Lp
53	108	L
53	109	Lp
53	110	L
53	111	Lp
53	112	Lp
53	113	Lp
53	114	Lp
53	115	-1
53	116	Lp
53	117	Lp
53	118	Lp
53	119	-1
54	0	Lp
54	1	Lp
54	2	Lp
54	3	-1
54	4	L
54	5	Lp
54	6	Lp
54	7	-1
54	8	Lp
54	9	Lp
54	10	-1
54	11	Lp
54	12	Lp
54	13	-1
54	14	Lp
54	15	Lp
54	16	Lp
54	17	Lp
54	18	Lp
54	19	-1
54	20	-1
54	21	Lp
54	22	Lp
54	23	Lp
54	24	Lp
54	25	-1
54	26	-1
54	27	Lp
54	28	Lp
54	29	-1
54	30	Lp
54	31	Lp
54	32	Lp
54	33	Lp
54	34	U
54	35	Lp
54	36	Lp
54	37	Lp
54	38	Lp
54	39	Lp
54	40	Lp
54	41	Lp
54	42	-1
54	43	Lp
54	44	Lp
54	45	Lp
54	46	Lp
54	47	Lp
54	48	Lp
54	49	Lp
54	50	Lp
54	51	Lp
54	52	-1
54	53	Lp
54	54	Lp
54	55	Lp
54	56	Lp
54	57	Lp
54	58	-1
54	59	Lp
54	60	Lp
54	61	L
54	62	Lp
54	63	-1
54	64	L
54	65	Lp
54	66	L
54	67	-1
54	68	Lp
54	69	Lp
54	70	L
54	71	L
54	72	Lp
54	73	Lp
54	74	-1
54	75	L
54	76	L
54	77	L
54	78	L
54	79	-1
54	80	L
54	81	L
54	82	L
54	83	L
54	84	-1
54	85	L
54	86	-1
54	87	Lp
54	88	L
54	89	L
54	90	Lp
54	91	Lp
54	92	-1
54	93	Lp
54	94	Lp
54	95	Lp
54	96	Lp
54	97	Lp
54	98	Lp
54	99	Lp
54	100	L
54	101	L
54	102	L
54	103	L
54	104	Lp
54	105	L
54	106	Lp
54	107	L
54	108	-1
54	109	Lp
54	110	Lp
54	111	-1
54	112	Lp
54	113	-1
54	114	Lp
54	115	Lp
54	116	Lp
54	117	Lp
54	118	Lp
54	119	Lp
55	0	Lp
55	1	-1
55	2	Lp
55	3	Lp
55	4	Lp
55	5	-1
55	6	Lp
55	7	Lp
55	8	-1
55	9	-1
55	10	L
55	11	-1
55	12	Lp
55	13	Lp
55	14	Lp
55	15	-1
55	16	Lp
55	17	Lp
55	18	Lp
55	19	Lp
55	20	-1
55	21	Lp
55	22	Lp
55	23	Lp
55	24	Lp
55	25	Lp
55	26	Lp
55	27	Lp
55	28	Lp
55	29	Lp
55	30	Lp
55	31	Lp
55	32	Lp
55	33	Lp
55	34	Lp
55	35	-1
55	36	-1
55	37	Lp
55	38	-1
55	39	-1
55	40	-1
55	41	Lp
55	42	Lp
55	43	Lp
55	44	Lp
55	45	-1
55	46	Lp
55	47	Lp
55	48	Lp
55	49	Lp
55	50	Lp
55	51	Lp
55	52	Lp
55	53	Lp
55	54	Lp
55	55	Lp
55	56	Lp
55	57	Lp
55	58	L
55	59	-1
55	60	Lp
55	61	L
55	62	L
55	63	U
55	64	U
55	65	U
55	66	-1
55	67	L
55	68	L
55	69	L
55	70	L
55	71	-1
55	72	Lp
55	73	-1
55	74	Lp
55	75	L
55	76	Lp
55	77	L
55	78	L
55	79	L
55	80	-1
55	81	L
55	82	Lp
55	83	-1
55	84	Lp
55	85	-1
55	86	-1
55	87	-1
55	88	L
55	89	Lp
55	90	Lp
55	91	-1
55	92	Lp
55	93	-1
55	94	-1
55	95	Lp
55	96	Lp
55	97	Lp
55	98	-1
55	99	Lp
55	100	Lp
55	101	L
55	102	L
55	103	L
55	104	-1
55	105	Lp
55	106	-1
55	107	L
55	108	L
55	109	Lp
55	110	Lp
55	111	Lp
55	112	Lp
55	113	Lp
55	114	-1
55	115	Lp
55	116	Lp
55	117	Lp
55	118	-1
55	119	Lp
56	0	Lp
56	1	Lp
56	2	Lp
56	3	Lp
56	4	-1
56	5	Lp
56	6	Lp
56	7	Lp
56	8	-1
56	9	L
56	10	L
56	11	L
56	12	L
56	13	L
56	14	Lp
56	15	Lp
56	16	-1
56	17	Lp
56	18	Lp
56	19	Lp
56	20	Lp
56	21	Lp
56	22	Lp
56	23	Lp
56	24	Lp
56	25	Lp
56	26	Lp
56	27	Lp
56	28	Lp
56	29	-1
56	30	Lp
56	31	Lp
56	32	Lp
56	33	Lp
56	34	Lp
56	35	Lp
56	36	-1
56	37	Lp
56	38	Lp
56	39	Lp
56	40	Lp
56	41	Lp
56	42	-1
56	43	Lp
56	44	Lp
56	45	-1
56	46	Lp
56	47	-1
56	48	Lp
56	49	-1
56	50	Lp
56	51	Lp
56	52	Lp
56	53	-1
56	54	Lp
56	55	Lp
56	56	-1
56	57	-1
56	58	-1
56	59	-1
56	60	Lp
56	61	Lp
56	62	-1
56	63	-1
56	64	-1
56	65	U
56	66	-1
56	67	-1
56	68	L
56	69	-1
56	70	L
56	71	L
56	72	L
56	73	L
56	74	-1
56	75	-1
56	76	-1
56	77	-1
56	78	L
56	79	L
56	80	L
56	81	L
56	82	-1
56	83	Lp
56	84	L
56	85	Lp
56	86	L
56	87	Lp
56	88	Lp
56	89	L
56	90	Lp
56	91	Lp
56	92	Lp
56	93	Lp
56	94	Lp
56	95	Lp
56	96	Lp
56	97	Lp
56	98	Lp
56	99	-1
56	100	L
56	101	L
56	102	L
56	103	L
56	104	L
56	105	L
56	106	-1
56	107	L
56	108	L
56	109	Lp
56	110	Lp
56	111	Lp
56	112	Lp
56	113	Lp
56	114	-1
56	115	U
56	116	Lp
56	117	Lp
56	118	Lp
56	119	Lp
57	0	Lp
57	1	Lp
57	2	Lp
57	3	Lp
57	4	Lp
57	5	Lp
57	6	Lp
57	7	Lp
57	8	Lp
57	9	L
57	10	Lp
57	11	L
57	12	L
57	13	Lp
57	14	Lp
57	15	Lp
57	16	Lp
57	17	Lp
57	18	Lp
57	19	-1
57	20	Lp
57	21	L
57	22	L
57	23	L
57	24	Lp
57	25	Lp
57	26	Lp
57	27	U
57	28	Lp
57	29	-1
57	30	Lp
57	31	Lp
57	32	Lp
57	33	-1
57	34	-1
57	35	Lp
57	36	Lp
57	37	Lp
57	38	Lp
57	39	Lp
57	40	Lp
57	41	Lp
57	42	Lp
57	43	Lp
57	44	Lp
57	45	Lp
57	46	Lp
57	47	-1
57	48	Lp
57	49	Lp
57	50	-1
57	51	-1
57	52	Lp
57	53	-1
57	54	Lp
57	55	Lp
57	56	-1
57	57	Lp
57	58	Lp
57	59	Lp
57	60	Lp
57	61	Lp
57	62	Lp
57	63	Lp
57	64	-1
57	65	Lp
57	66	-1
57	67	-1
57	68	L
57	69	L
57	70	L
57	71	L
57	72	L
57	73	Lp
57	74	-1
57	75	-1
57	76	L
57	77	-1
57	78	L
57	79	-1
57	80	-1
57	81	-1
57	82	L
57	83	L
57	84	L
57	85	L
57	86	L
57	87	-1
57	88	Lp
57	89	Lp
57	90	Lp
57	91	Lp
57	92	L
57	93	Lp
57	94	Lp
57	95	Lp
57	96	Lp
57	97	-1
57	98	L
57	99	Lp
57	100	-1
57	101	L
57	102	L
57	103	-1
57	104	L
57	105	L
57	106	L
57	107	U
57	108	L
57	109	-1
57	110	-1
57	111	Lp
57	112	Lp
57	113	Lp
57	114	Lp
57	115	U
57	116	Lp
57	117	-1
57	118	Lp
57	119	-1
58	0	Lp
58	1	Lp
58	2	Lp
58	3	-1
58	4	-1
58	5	Lp
58	6	Lp
58	7	Lp
58	8	Lp
58	9	-1
58	10	Lp
58	11	Lp
58	12	Lp
58	13	Lp
58	14	Lp
58	15	Lp
58	16	Lp
58	17	Lp
58	18	Lp
58	19	Lp
58	20	Lp
58	21	Lp
58	22	-1
58	23	U
58	24	-1
58	25	Lp
58	26	U
58	27	U
58	28	U
58	29	Lp
58	30	Lp
58	31	Lp
58	32	Lp
58	33	Lp
58	34	Lp
58	35	Lp
58	36	Lp
58	37	-1
58	38	Lp
58	39	Lp
58	40	Lp
58	41	Lp
58	42	Lp
58	43	Lp
58	44	Lp
58	45	Lp
58	46	Lp
58	47	-1
58	48	Lp
58	49	Lp
58	50	-1
58	51	Lp
58	52	-1
58	53	Lp
58	54	U
58	55	-1
58	56	Lp
58	57	Lp
58	58	Lp
58	59	Lp
58	60	-1
58	61	Lp
58	62	Lp
58	63	Lp
58	64	Lp
58	65	Lp
58	66	Lp
58	67	L
58	68	-1
58	69	L
58	70	L
58	71	L
58	72	L
58	73	-1
58	74	Lp
58	75	Lp
58	76	-1
58	77	L
58	78	L
58	79	L
58	80	L
58	81	L
58	82	L
58	83	-1
58	84	L
58	85	L
58	86	-1
58	87	L
58	88	Lp
58	89	Lp
58	90	Lp
58	91	Lp
58	92	-1
58	93	L
58	94	-1
58	95	Lp
58	96	Lp
58	97	-1
58	98	-1
58	99	L
58	100	L
58	101	-1
58	102	L
58	103	L
58	104	L
58	105	-1
58	106	L
58	107	L
58	108	L
58	109	-1
58	110	L
58	111	-1
58	112	U
58	113	Lp
58	114	U
58	115	Lp
58	116	U
58	117	Lp
58	118	Lp
58	119	-1
59	0	Lp
59	1	Lp
59	2	Lp
59	3	U
59	4	U
59	5	-1
59	6	Lp
59	7	Lp
59	8	Lp
59	9	Lp
59	10	Lp
59	11	Lp
59	12	Lp
59	13	Lp
59	14	Lp
59	15	Lp
59	16	Lp
59	17	-1
59	18	-1
59	19	Lp
59	20	Lp
59	21	Lp
59	22	L
59	23	-1
59	24	-1
59	25	U
59	26	L
59	27	U
59	28	Lp
59	29	Lp
59	30	Lp
59	31	Lp
59	32	Lp
59	33	Lp
59	34	-1
59	35	Lp
59	36	Lp
59	37	-1
59	38	Lp
59	39	-1
59	40	Lp
59	41	Lp
59	42	Lp
59	43	-1
59	44	Lp
59	45	Lp
59	46	Lp
59	47	Lp
59	48	-1
59	49	Lp
59	50	-1
59	51	Lp
59	52	Lp
59	53	-1
59	54	L
59	55	L
59	56	Lp
59	57	Lp
59	58	Lp
59	59	Lp
59	60	Lp
59	61	Lp
59	62	Lp
59	63	-1
59	64	Lp
59	65	Lp
59	66	Lp
59	67	-1
59	68	L
59	69	L
59	70	L
59	71	Lp
59	72	Lp
59	73	L
59	74	-1
59	75	L
59	76	Lp
59	77	L
59	78	L
59	79	Lp
59	80	-1
59	81	L
59	82	L
59	83	L
59	84	L
59	85	L
59	86	Lp
59	87	L
59	88	L
59	89	Lp
59	90	-1
59	91	Lp
59	92	Lp
59	93	L
59	94	-1
59	95	Lp
59	96	L
59	97	L
59	98	-1
59	99	L
59	100	L
59	101	L
59	102	L
59	103	-1
59	104	L
59	105	L
59	106	L
59	107	L
59	108	L
59	109	L
59	110	L
59	111	U
59	112	Lp
59	113	U
59	114	U
59	115	U
59	116	Lp
59	117	U
59	118	Lp
59	119	Lp
60	0	-1
60	1	U
60	2	U
60	3	U
60	4	U
60	5	-1
60	6	Lp
60	7	Lp
60	8	Lp
60	9	Lp
60	10	Lp
60	11	Lp
60	12	-1
60	13	-1
60	14	Lp
60	15	Lp
60	16	Lp
60	17	-1
60	18	-1
60	19	-1
60	20	Lp
60	21	Lp
60	22	L
60	23	-1
60	24	-1
60	25	Lp
60	26	Lp
60	27	Lp
60	28	-1
60	29	Lp
60	30	Lp
60	31	Lp
60	32	Lp
60	33	Lp
60	34	Lp
60	35	Lp
60	36	Lp
60	37	Lp
60	38	Lp
60	39	Lp
60	40	Lp
60	41	Lp
60	42	Lp
60	43	-1
60	44	Lp
60	45	Lp
60	46	Lp
60	47	-1
60	48	Lp
60	49	Lp
60	50	Lp
60	51	Lp
60	52	-1
60	53	-1
60	54	L
60	55	L
60	56	-1
60	57	Lp
60	58	Lp
60	59	Lp
60	60	Lp
60	61	Lp
60	62	Lp
60	63	Lp
60	64	Lp
60	65	Lp
60	66	Lp
60	67	-1
60	68	L
60	69	Lp
60	70	Lp
60	71	Lp
60	72	L
60	73	Lp
60	74	Lp
60	75	Lp
60	76	Lp
60	77	L
60	78	Lp
60	79	Lp
60	80	L
60	81	-1
60	82	L
60	83	L
60	84	L
60	85	L
60	86	L
60	87	L
60	88	L
60	89	L
60	90	L
60	91	L
60	92	L
60	93	L
60	94	L
60	95	L
60	96	L
60	97	Lp
60	98	Lp
60	99	-1
60	100	L
60	101	L
60	102	L
60	103	L
60	104	L
60	105	-1
60	106	L
60	107	L
60	108	L
60	109	L
60	110	L
60	111	Lp
60	112	L
60	113	L
60	114	U
60	115	Lp
60	116	U
60	117	Lp
60	118	Lp
60	119	Lp
61	0	Lp
61	1	Lp
61	2	U
61	3	U
61	4	-1
61	5	Lp
61	6	Lp
61	7	-1
61	8	Lp
61	9	Lp
61	10	-1
61	11	Lp
61	12	Lp
61	13	Lp
61	14	Lp
61	15	-1
61	16	-1
61	17	-1
61	18	Lp
61	19	Lp
61	20	Lp
61	21	Lp
61	22	-1
61	23	L
61	24	Lp
61	25	Lp
61	26	Lp
61	27	-1
61	28	L
61	29	L
61	30	Lp
61	31	Lp
61	32	Lp
61	33	Lp
61	34	-1
61	35	Lp
61	36	Lp
61	37	Lp
61	38	Lp
61	39	Lp
61	40	Lp
61	41	Lp
61	42	Lp
61	43	Lp
61	44	-1
61	45	Lp
61	46	Lp
61	47	Lp
61	48	Lp
61	49	-1
61	50	Lp
61	51	U
61	52	Lp
61	53	Lp
61	54	Lp
61	55	Lp
61	56	Lp
61	57	Lp
61	58	-1
61	59	Lp
61	60	-1
61	61	Lp
61	62	Lp
61	63	Lp
61	64	Lp
61	65	Lp
61	66	Lp
61	67	-1
61	68	-1
61	69	-1
61	70	-1
61	71	-1
61	72	L
61	73	Lp
61	74	-1
61	75	-1
61	76	-1
61	77	Lp
61	78	Lp
61	79	L
61	80	Lp
61	81	L
61	82	L
61	83	L
61	84	L
61	85	L
61	86	-1
61	87	L
61	88	L
61	89	-1
61	90	L
61	91	L
61	92	L
61	93	L
61	94	L
61	95	Lp
61	96	Lp
61	97	Lp
61	98	-1
61	99	L
61	100	L
61	101	L
61	102	L
61	103	L
61	104	L
61	105	L
61	106	Lp
61	107	-1
61	108	-1
61	109	Lp
61	110	Lp
61	111	U
61	112	L
61	113	-1
61	114	-1
61	115	Lp
61	116	-1
61	117	Lp
61	118	U
61	119	-1
62	0	Lp
62	1	U
62	2	U
62	3	U
62	4	Lp
62	5	Lp
62	6	Lp
62	7	Lp
62	8	Lp
62	9	-1
62	10	Lp
62	11	Lp
62	12	Lp
62	13	Lp
62	14	L
62	15	U
62	16	Lp
62	17	-1
62	18	-1
62	19	Lp
62	20	Lp
62	21	Lp
62	22	L
62	23	Lp
62	24	Lp
62	25	Lp
62	26	Lp
62	27	Lp
62	28	L
62	29	Lp
62	30	Lp
62	31	Lp
62	32	Lp
62	33	Lp
62	34	-1
62	35	Lp
62	36	-1
62	37	Lp
62	38	Lp
62	39	Lp
62	40	Lp
62	41	Lp
62	42	Lp
62	43	Lp
62	44	-1
62	45	-1
62	46	Lp
62	47	Lp
62	48	Lp
62	49	Lp
62	50	-1
62	51	U
62	52	Lp
62	53	Lp
62	54	Lp
62	55	Lp
62	56	Lp
62	57	Lp
62	58	Lp
62	59	Lp
62	60	L
62	61	-1
62	62	Lp
62	63	Lp
62	64	Lp
62	65	Lp
62	66	Lp
62	67	Lp
62	68	Lp
62	69	Lp
62	70	Lp
62	71	Lp
62	72	Lp
62	73	L
62	74	-1
62	75	Lp
62	76	Lp
62	77	-1
62	78	Lp
62	79	Lp
62	80	L
62	81	L
62	82	L
62	83	L
62	84	L
62	85	L
62	86	-1
62	87	Lp
62	88	Lp
62	89	-1
62	90	Lp
62	91	L
62	92	L
62	93	L
62	94	L
62	95	Lp
62	96	-1
62	97	Lp
62	98	Lp
62	99	L
62	100	L
62	101	L
62	102	L
62	103	L
62	104	L
62	105	L
62	106	L
62	107	-1
62	108	Lp
62	109	Lp
62	110	-1
62	111	U
62	112	-1
62	113	Lp
62	114	U
62	115	-1
62	116	-1
62	117	Lp
62	118	-1
62	119	Lp
63	0	-1
63	1	Lp
63	2	U
63	3	Lp
63	4	Lp
63	5	Lp
63	6	U
63	7	Lp
63	8	Lp
63	9	-1
63	10	Lp
63	11	Lp
63	12	Lp
63	13	L
63	14	Lp
63	15	Lp
63	16	U
63	17	Lp
63	18	Lp
63	19	Lp
63	20	-1
63	21	Lp
63	22	L
63	23	Lp
63	24	-1
63	25	Lp
63	26	Lp
63	27	Lp
63	28	Lp
63	29	Lp
63	30	Lp
63	31	Lp
63	32	Lp
63	33	-1
63	34	Lp
63	35	Lp
63	36	-1
63	37	Lp
63	38	Lp
63	39	-1
63	40	-1
63	41	U
63	42	Lp
63	43	Lp
63	44	Lp
63	45	-1
63	46	-1
63	47	Lp
63	48	Lp
63	49	-1
63	50	Lp
63	51	U
63	52	Lp
63	53	Lp
63	54	Lp
63	55	Lp
63	56	L
63	57	Lp
63	58	Lp
63	59	-1
63	60	Lp
63	61	Lp
63	62	-1
63	63	Lp
63	64	-1
63	65	Lp
63	66	-1
63	67	Lp
63	68	Lp
63	69	Lp
63	70	Lp
63	71	Lp
63	72	Lp
63	73	Lp
63	74	Lp
63	75	Lp
63	76	Lp
63	77	Lp
63	78	Lp
63	79	Lp
63	80	Lp
63	81	-1
63	82	Lp
63	83	Lp
63	84	L
63	85	Lp
63	86	Lp
63	87	Lp
63	88	Lp
63	89	Lp
63	90	Lp
63	91	L
63	92	L
63	93	L
63	94	L
63	95	Lp
63	96	L
63	97	Lp
63	98	Lp
63	99	-1
63	100	L
63	101	-1
63	102	Lp
63	103	-1
63	104	L
63	105	L
63	106	Lp
63	107	Lp
63	108	Lp
63	109	Lp
63	110	U
63	111	U
63	112	U
63	113	Lp
63	114	Lp
63	115	U
63	116	-1
63	117	Lp
63	118	Lp
63	119	-1
64	0	Lp
64	1	Lp
64	2	Lp
64	3	Lp
64	4	Lp
64	5	-1
64	6	U
64	7	U
64	8	-1
64	9	L
64	10	Lp
64	11	Lp
64	12	Lp
64	13	Lp
64	14	-1
64	15	U
64	16	Lp
64	17	Lp
64	18	Lp
64	19	Lp
64	20	Lp
64	21	-1
64	22	Lp
64	23	Lp
64	24	Lp
64	25	Lp
64	26	-1
64	27	Lp
64	28	Lp
64	29	Lp
64	30	Lp
64	31	Lp
64	32	Lp
64	33	Lp
64	34	Lp
64	35	Lp
64	36	Lp
64	37	-1
64	38	-1
64	39	-1
64	40	-1
64	41	U
64	42	U
64	43	Lp
64	44	Lp
64	45	-1
64	46	-1
64	47	Lp
64	48	-1
64	49	Lp
64	50	-1
64	51	Lp
64	52	Lp
64	53	Lp
64	54	-1
64	55	-1
64	56	Lp
64	57	L
64	58	L
64	59	Lp
64	60	Lp
64	61	Lp
64	62	L
64	63	-1
64	64	Lp
64	65	Lp
64	66	L
64	67	L
64	68	Lp
64	69	-1
64	70	Lp
64	71	Lp
64	72	Lp
64	73	Lp
64	74	Lp
64	75	Lp
64	76	Lp
64	77	U
64	78	U
64	79	Lp
64	80	Lp
64	81	Lp
64	82	Lp
64	83	Lp
64	84	-1
64	85	-1
64	86	Lp
64	87	-1
64	88	Lp
64	89	Lp
64	90	Lp
64	91	L
64	92	Lp
64	93	L
64	94	Lp
64	95	L
64	96	Lp
64	97	L
64	98	L
64	99	L
64	100	L
64	101	Lp
64	102	-1
64	103	L
64	104	Lp
64	105	Lp
64	106	L
64	107	Lp
64	108	Lp
64	109	U
64	110	Lp
64	111	Lp
64	112	Lp
64	113	Lp
64	114	Lp
64	115	Lp
64	116	U
64	117	Lp
64	118	-1
64	119	Lp
65	0	Lp
65	1	Lp
65	2	Lp
65	3	Lp
65	4	-1
65	5	Lp
65	6	Lp
65	7	Lp
65	8	-1
65	9	Lp
65	10	L
65	11	-1
65	12	Lp
65	13	Lp
65	14	Lp
65	15	Lp
65	16	-1
65	17	Lp
65	18	Lp
65	19	Lp
65	20	Lp
65	21	Lp
65	22	-1
65	23	Lp
65	24	Lp
65	25	Lp
65	26	Lp
65	27	Lp
65	28	Lp
65	29	Lp
65	30	Lp
65	31	Lp
65	32	Lp
65	33	Lp
65	34	Lp
65	35	Lp
65	36	Lp
65	37	Lp
65	38	-1
65	39	Lp
65	40	U
65	41	-1
65	42	Lp
65	43	Lp
65	44	U
65	45	U
65	46	Lp
65	47	Lp
65	48	U
65	49	Lp
65	50	Lp
65	51	Lp
65	52	Lp
65	53	-1
65	54	-1
65	55	Lp
65	56	-1
65	57	L
65	58	-1
65	59	L
65	60	-1
65	61	L
65	62	-1
65	63	Lp
65	64	Lp
65	65	-1
65	66	-1
65	67	Lp
65	68	-1
65	69	Lp
65	70	Lp
65	71	Lp
65	72	Lp
65	73	Lp
65	74	Lp
65	75	-1
65	76	Lp
65	77	Lp
65	78	Lp
65	79	-1
65	80	-1
65	81	-1
65	82	-1
65	83	Lp
65	84	L
65	85	-1
65	86	-1
65	87	Lp
65	88	Lp
65	89	Lp
65	90	Lp
65	91	Lp
65	92	-1
65	93	-1
65	94	-1
65	95	L
65	96	-1
65	97	-1
65	98	Lp
65	99	Lp
65	100	Lp
65	101	L
65	102	Lp
65	103	Lp
65	104	Lp
65	105	-1
65	106	Lp
65	107	Lp
65	108	U
65	109	U
65	110	-1
65	111	-1
65	112	Lp
65	113	-1
65	114	Lp
65	115	Lp
65	116	U
65	117	Lp
65	118	Lp
65	119	Lp
66	0	-1
66	1	Lp
66	2	-1
66	3	Lp
66	4	Lp
66	5	L
66	6	Lp
66	7	Lp
66	8	Lp
66	9	Lp
66	10	Lp
66	11	L
66	12	Lp
66	13	Lp
66	14	-1
66	15	U
66	16	U
66	17	-1
66	18	Lp
66	19	-1
66	20	Lp
66	21	Lp
66	22	Lp
66	23	Lp
66	24	-1
66	25	Lp
66	26	Lp
66	27	Lp
66	28	Lp
66	29	Lp
66	30	-1
66	31	-1
66	32	Lp
66	33	Lp
66	34	Lp
66	35	Lp
66	36	Lp
66	37	-1
66	38	Lp
66	39	U
66	40	Lp
66	41	U
66	42	Lp
66	43	Lp
66	44	Lp
66	45	U
66	46	U
66	47	-1
66	48	-1
66	49	U
66	50	Lp
66	51	Lp
66	52	Lp
66	53	Lp
66	54	Lp
66	55	Lp
66	56	Lp
66	57	L
66	58	L
66	59	-1
66	60	L
66	61	-1
66	62	Lp
66	63	-1
66	64	Lp
66	65	-1
66	66	Lp
66	67	Lp
66	68	Lp
66	69	Lp
66	70	Lp
66	71	Lp
66	72	Lp
66	73	Lp
66	74	Lp
66	75	Lp
66	76	Lp
66	77	Lp
66	78	-1
66	79	Lp
66	80	Lp
66	81	Lp
66	82	Lp
66	83	Lp
66	84	Lp
66	85	L
66	86	L
66	87	-1
66	88	Lp
66	89	Lp
66	90	-1
66	91	L
66	92	L
66	93	-1
66	94	-1
66	95	Lp
66	96	Lp
66	97	Lp
66	98	Lp
66	99	Lp
66	100	-1
66	101	-1
66	102	Lp
66	103	Lp
66	104	-1
66	105	L
66	106	-1
66	107	U
66	108	U
66	109	Lp
66	110	Lp
66	111	Lp
66	112	U
66	113	Lp
66	114	Lp
66	115	Lp
66	116	Lp
66	117	-1
66	118	Lp
66	119	Lp
67	0	Lp
67	1	L
67	2	Lp
67	3	L
67	4	L
67	5	-1
67	6	-1
67	7	Lp
67	8	Lp
67	9	Lp
67	10	L
67	11	L
67	12	L
67	13	-1
67	14	U
67	15	Lp
67	16	U
67	17	Lp
67	18	Lp
67	19	Lp
67	20	Lp
67	21	-1
67	22	Lp
67	23	-1
67	24	Lp
67	25	Lp
67	26	Lp
67	27	Lp
67	28	Lp
67	29	-1
67	30	Lp
67	31	-1
67	32	Lp
67	33	-1
67	34	Lp
67	35	Lp
67	36	Lp
67	37	Lp
67	38	Lp
67	39	Lp
67	40	Lp
67	41	U
67	42	Lp
67	43	-1
67	44	Lp
67	45	U
67	46	Lp
67	47	U
67	48	Lp
67	49	L
67	50	Lp
67	51	Lp
67	52	Lp
67	53	Lp
67	54	Lp
67	55	Lp
67	56	-1
67	57	L
67	58	Lp
67	59	Lp
67	60	-1
67	61	L
67	62	Lp
67	63	Lp
67	64	Lp
67	65	Lp
67	66	Lp
67	67	-1
67	68	-1
67	69	Lp
67	70	-1
67	71	Lp
67	72	Lp
67	73	Lp
67	74	L
67	75	Lp
67	76	Lp
67	77	Lp
67	78	Lp
67	79	Lp
67	80	Lp
67	81	Lp
67	82	Lp
67	83	Lp
67	84	L
67	85	-1
67	86	L
67	87	Lp
67	88	L
67	89	Lp
67	90	Lp
67	91	Lp
67	92	L
67	93	L
67	94	L
67	95	L
67	96	Lp
67	97	-1
67	98	Lp
67	99	-1
67	100	Lp
67	101	L
67	102	-1
67	103	Lp
67	104	-1
67	105	L
67	106	L
67	107	U
67	108	Lp
67	109	-1
67	110	Lp
67	111	U
67	112	U
67	113	Lp
67	114	Lp
67	115	Lp
67	116	Lp
67	117	Lp
67	118	Lp
67	119	-1
68	0	Lp
68	1	Lp
68	2	L
68	3	Lp
68	4	L
68	5	-1
68	6	U
68	7	L
68	8	-1
68	9	L
68	10	-1
68	11	Lp
68	12	L
68	13	Lp
68	14	Lp
68	15	Lp
68	16	Lp
68	17	-1
68	18	-1
68	19	Lp
68	20	Lp
68	21	Lp
68	22	-1
68	23	Lp
68	24	Lp
68	25	Lp
68	26	Lp
68	27	-1
68	28	Lp
68	29	Lp
68	30	-1
68	31	U
68	32	-1
68	33	Lp
68	34	Lp
68	35	Lp
68	36	Lp
68	37	Lp
68	38	Lp
68	39	Lp
68	40	-1
68	41	Lp
68	42	-1
68	43	Lp
68	44	Lp
68	45	Lp
68	46	Lp
68	47	Lp
68	48	Lp
68	49	L
68	50	L
68	51	Lp
68	52	L
68	53	L
68	54	Lp
68	55	-1
68	56	L
68	57	L
68	58	L
68	59	Lp
68	60	Lp
68	61	Lp
68	62	Lp
68	63	Lp
68	64	Lp
68	65	Lp
68	66	Lp
68	67	Lp
68	68	Lp
68	69	Lp
68	70	Lp
68	71	Lp
68	72	Lp
68	73	Lp
68	74	Lp
68	75	L
68	76	L
68	77	-1
68	78	L
68	79	Lp
68	80	Lp
68	81	Lp
68	82	-1
68	83	Lp
68	84	Lp
68	85	L
68	86	L
68	87	Lp
68	88	Lp
68	89	Lp
68	90	Lp
68	91	Lp
68	92	Lp
68	93	Lp
68	94	L
68	95	Lp
68	96	-1
68	97	Lp
68	98	Lp
68	99	L
68	100	L
68	101	-1
68	102	-1
68	103	L
68	104	-1
68	105	Lp
68	106	L
68	107	Lp
68	108	Lp
68	109	-1
68	110	U
68	111	U
68	112	L
68	113	L
68	114	L
68	115	-1
68	116	Lp
68	117	Lp
68	118	Lp
68	119	Lp
69	0	Lp
69	1	Lp
69	2	L
69	3	Lp
69	4	L
69	5	L
69	6	U
69	7	U
69	8	L
69	9	-1
69	10	Lp
69	11	-1
69	12	-1
69	13	L
69	14	Lp
69	15	Lp
69	16	-1
69	17	-1
69	18	-1
69	19	Lp
69	20	Lp
69	21	-1
69	22	Lp
69	23	Lp
69	24	Lp
69	25	Lp
69	26	Lp
69	27	-1
69	28	Lp
69	29	-1
69	30	U
69	31	U
69	32	Lp
69	33	Lp
69	34	-1
69	35	-1
69	36	-1
69	37	Lp
69	38	Lp
69	39	-1
69	40	Lp
69	41	Lp
69	42	Lp
69	43	-1
69	44	Lp
69	45	Lp
69	46	Lp
69	47	Lp
69	48	Lp
69	49	Lp
69	50	L
69	51	L
69	52	L
69	53	L
69	54	Lp
69	55	Lp
69	56	L
69	57	L
69	58	L
69	59	-1
69	60	Lp
69	61	Lp
69	62	-1
69	63	Lp
69	64	-1
69	65	Lp
69	66	Lp
69	67	Lp
69	68	Lp
69	69	Lp
69	70	Lp
69	71	Lp
69	72	Lp
69	73	Lp
69	74	Lp
69	75	L
69	76	L
69	77	L
69	78	L
69	79	L
69	80	L
69	81	Lp
69	82	Lp
69	83	L
69	84	Lp
69	85	Lp
69	86	Lp
69	87	-1
69	88	-1
69	89	-1
69	90	-1
69	91	Lp
69	92	Lp
69	93	L
69	94	Lp
69	95	Lp
69	96	-1
69	97	-1
69	98	Lp
69	99	L
69	100	L
69	101	L
69	102	-1
69	103	L
69	104	-1
69	105	L
69	106	Lp
69	107	Lp
69	108	Lp
69	109	Lp
69	110	Lp
69	111	-1
69	112	L
69	113	Lp
69	114	L
69	115	L
69	116	Lp
69	117	-1
69	118	Lp
69	119	-1
70	0	Lp
70	1	Lp
70	2	Lp
70	3	L
70	4	L
70	5	U
70	6	-1
70	7	-1
70	8	U
70	9	Lp
70	10	Lp
70	11	Lp
70	12	L
70	13	L
70	14	Lp
70	15	Lp
70	16	L
70	17	L
70	18	Lp
70	19	Lp
70	20	Lp
70	21	Lp
70	22	Lp
70	23	Lp
70	24	Lp
70	25	Lp
70	26	-1
70	27	Lp
70	28	U
70	29	U
70	30	Lp
70	31	Lp
70	32	Lp
70	33	Lp
70	34	-1
70	35	-1
70	36	Lp
70	37	Lp
70	38	-1
70	39	Lp
70	40	Lp
70	41	Lp
70	42	Lp
70	43	Lp
70	44	Lp
70	45	Lp
70	46	Lp
70	47	Lp
70	48	Lp
70	49	Lp
70	50	-1
70	51	L
70	52	L
70	53	Lp
70	54	-1
70	55	L
70	56	L
70	57	L
70	58	L
70	59	-1
70	60	Lp
70	61	Lp
70	62	Lp
70	63	Lp
70	64	-1
70	65	Lp
70	66	Lp
70	67	Lp
70	68	-1
70	69	Lp
70	70	Lp
70	71	Lp
70	72	Lp
70	73	Lp
70	74	L
70	75	L
70	76	L
70	77	L
70	78	-1
70	79	Lp
70	80	L
70	81	Lp
70	82	Lp
70	83	L
70	84	L
70	85	-1
70	86	Lp
70	87	L
70	88	Lp
70	89	Lp
70	90	Lp
70	91	Lp
70	92	Lp
70	93	Lp
70	94	-1
70	95	Lp
70	96	Lp
70	97	L
70	98	L
70	99	L
70	100	L
70	101	L
70	102	L
70	103	L
70	104	-1
70	105	-1
70	106	L
70	107	Lp
70	108	-1
70	109	Lp
70	110	Lp
70	111	Lp
70	112	Lp
70	113	-1
70	114	Lp
70	115	L
70	116	L
70	117	Lp
70	118	-1
70	119	U
71	0	Lp
71	1	Lp
71	2	Lp
71	3	L
71	4	L
71	5	L
71	6	-1
71	7	L
71	8	L
71	9	Lp
71	10	-1
71	11	-1
71	12	L
71	13	Lp
71	14	Lp
71	15	Lp
71	16	Lp
71	17	L
71	18	Lp
71	19	-1
71	20	Lp
71	21	Lp
71	22	-1
71	23	Lp
71	24	-1
71	25	Lp
71	26	Lp
71	27	-1
71	28	Lp
71	29	Lp
71	30	Lp
71	31	Lp
71	32	Lp
71	33	Lp
71	34	-1
71	35	Lp
71	36	Lp
71	37	Lp
71	38	Lp
71	39	-1
71	40	-1
71	41	-1
71	42	U
71	43	U
71	44	Lp
71	45	Lp
71	46	Lp
71	47	-1
71	48	Lp
71	49	Lp
71	50	Lp
71	51	Lp
71	52	L
71	53	L
71	54	L
71	55	-1
71	56	L
71	57	L
71	58	L
71	59	Lp
71	60	-1
71	61	Lp
71	62	U
71	63	U
71	64	Lp
71	65	-1
71	66	Lp
71	67	Lp
71	68	-1
71	69	Lp
71	70	Lp
71	71	L
71	72	L
71	73	L
71	74	Lp
71	75	Lp
71	76	Lp
71	77	L
71	78	Lp
71	79	-1
71	80	-1
71	81	Lp
71	82	Lp
71	83	L
71	84	L
71	85	-1
71	86	L
71	87	Lp
71	88	Lp
71	89	Lp
71	90	Lp
71	91	Lp
71	92	Lp
71	93	-1
71	94	Lp
71	95	Lp
71	96	L
71	97	L
71	98	L
71	99	-1
71	100	L
71	101	L
71	102	L
71	103	L
71	104	Lp
71	105	Lp
71	106	-1
71	107	-1
71	108	Lp
71	109	-1
71	110	Lp
71	111	Lp
71	112	Lp
71	113	Lp
71	114	-1
71	115	Lp
71	116	L
71	117	L
71	118	Lp
71	119	U
72	0	U
72	1	Lp
72	2	L
72	3	L
72	4	L
72	5	-1
72	6	U
72	7	L
72	8	-1
72	9	L
72	10	-1
72	11	Lp
72	12	Lp
72	13	Lp
72	14	Lp
72	15	Lp
72	16	L
72	17	L
72	18	Lp
72	19	Lp
72	20	Lp
72	21	Lp
72	22	-1
72	23	Lp
72	24	Lp
72	25	-1
72	26	Lp
72	27	Lp
72	28	-1
72	29	Lp
72	30	Lp
72	31	Lp
72	32	-1
72	33	Lp
72	34	Lp
72	35	Lp
72	36	Lp
72	37	Lp
72	38	Lp
72	39	-1
72	40	U
72	41	U
72	42	U
72	43	U
72	44	U
72	45	Lp
72	46	-1
72	47	-1
72	48	Lp
72	49	Lp
72	50	L
72	51	Lp
72	52	L
72	53	L
72	54	-1
72	55	L
72	56	-1
72	57	L
72	58	-1
72	59	Lp
72	60	Lp
72	61	-1
72	62	-1
72	63	-1
72	64	-1
72	65	Lp
72	66	Lp
72	67	Lp
72	68	Lp
72	69	Lp
72	70	L
72	71	L
72	72	L
72	73	L
72	74	Lp
72	75	Lp
72	76	Lp
72	77	Lp
72	78	Lp
72	79	Lp
72	80	Lp
72	81	-1
72	82	Lp
72	83	Lp
72	84	Lp
72	85	Lp
72	86	Lp
72	87	Lp
72	88	Lp
72	89	Lp
72	90	Lp
72	91	Lp
72	92	Lp
72	93	-1
72	94	Lp
72	95	Lp
72	96	-1
72	97	L
72	98	L
72	99	L
72	100	L
72	101	L
72	102	-1
72	103	L
72	104	L
72	105	L
72	106	L
72	107	L
72	108	-1
72	109	Lp
72	110	Lp
72	111	L
72	112	-1
72	113	Lp
72	114	-1
72	115	-1
72	116	Lp
72	117	Lp
72	118	U
72	119	Lp
73	0	-1
73	1	L
73	2	L
73	3	L
73	4	L
73	5	L
73	6	-1
73	7	U
73	8	L
73	9	U
73	10	Lp
73	11	Lp
73	12	Lp
73	13	Lp
73	14	Lp
73	15	-1
73	16	L
73	17	L
73	18	-1
73	19	Lp
73	20	Lp
73	21	-1
73	22	Lp
73	23	Lp
73	24	-1
73	25	-1
73	26	Lp
73	27	Lp
73	28	-1
73	29	-1
73	30	Lp
73	31	Lp
73	32	Lp
73	33	Lp
73	34	Lp
73	35	Lp
73	36	Lp
73	37	Lp
73	38	Lp
73	39	Lp
73	40	Lp
73	41	-1
73	42	U
73	43	U
73	44	U
73	45	Lp
73	46	-1
73	47	-1
73	48	Lp
73	49	L
73	50	L
73	51	-1
73	52	L
73	53	Lp
73	54	Lp
73	55	Lp
73	56	L
73	57	Lp
73	58	Lp
73	59	-1
73	60	Lp
73	61	-1
73	62	L
73	63	Lp
73	64	Lp
73	65	Lp
73	66	Lp
73	67	Lp
73	68	Lp
73	69	L
73	70	L
73	71	Lp
73	72	Lp
73	73	Lp
73	74	Lp
73	75	Lp
73	76	-1
73	77	-1
73	78	Lp
73	79	Lp
73	80	Lp
73	81	-1
73	82	Lp
73	83	Lp
73	84	Lp
73	85	Lp
73	86	Lp
73	87	-1
73	88	-1
73	89	Lp
73	90	Lp
73	91	Lp
73	92	-1
73	93	Lp
73	94	Lp
73	95	L
73	96	Lp
73	97	L
73	98	L
73	99	L
73	100	U
73	101	L
73	102	L
73	103	L
73	104	L
73	105	L
73	106	L
73	107	L
73	108	L
73	109	L
73	110	L
73	111	Lp
73	112	Lp
73	113	Lp
73	114	L
73	115	L
73	116	Lp
73	117	U
73	118	Lp
73	119	Lp
74	0	-1
74	1	-1
74	2	L
74	3	L
74	4	U
74	5	L
74	6	-1
74	7	L
74	8	U
74	9	U
74	10	U
74	11	Lp
74	12	Lp
74	13	L
74	14	-1
74	15	L
74	16	-1
74	17	Lp
74	18	Lp
74	19	Lp
74	20	Lp
74	21	-1
74	22	Lp
74	23	Lp
74	24	Lp
74	25	Lp
74	26	Lp
74	27	Lp
74	28	Lp
74	29	Lp
74	30	Lp
74	31	Lp
74	32	Lp
74	33	Lp
74	34	Lp
74	35	Lp
74	36	Lp
74	37	Lp
74	38	Lp
74	39	Lp
74	40	Lp
74	41	Lp
74	42	Lp
74	43	Lp
74	44	Lp
74	45	Lp
74	46	Lp
74	47	Lp
74	48	Lp
74	49	Lp
74	50	Lp
74	51	Lp
74	52	Lp
74	53	-1
74	54	-1
74	55	-1
74	56	-1
74	57	Lp
74	58	L
74	59	-1
74	60	Lp
74	61	L
74	62	-1
74	63	Lp
74	64	Lp
74	65	Lp
74	66	-1
74	67	-1
74	68	L
74	69	Lp
74	70	L
74	71	Lp
74	72	-1
74	73	U
74	74	Lp
74	75	Lp
74	76	Lp
74	77	Lp
74	78	Lp
74	79	Lp
74	80	Lp
74	81	Lp
74	82	Lp
74	83	Lp
74	84	-1
74	85	Lp
74	86	Lp
74	87	Lp
74	88	Lp
74	89	L
74	90	Lp
74	91	Lp
74	92	L
74	93	Lp
74	94	Lp
74	95	L
74	96	-1
74	97	L
74	98	L
74	99	U
74	100	L
74	101	L
74	102	-1
74	103	L
74	104	L
74	105	L
74	106	-1
74	107	L
74	108	L
74	109	L
74	110	-1
74	111	L
74	112	L
74	113	Lp
74	114	-1
74	115	Lp
74	116	L
74	117	Lp
74	118	-1
74	119	Lp
75	0	Lp
75	1	-1
75	2	-1
75	3	-1
75	4	L
75	5	L
75	6	L
75	7	L
75	8	L
75	9	Lp
75	10	-1
75	11	Lp
75	12	Lp
75	13	L
75	14	L
75	15	L
75	16	Lp
75	17	Lp
75	18	L
75	19	Lp
75	20	Lp
75	21	Lp
75	22	-1
75	23	-1
75	24	-1
75	25	Lp
75	26	Lp
75	27	Lp
75	28	-1
75	29	Lp
75	30	Lp
75	31	Lp
75	32	Lp
75	33	Lp
75	34	Lp
75	35	Lp
75	36	Lp
75	37	Lp
75	38	Lp
75	39	-1
75	40	Lp
75	41	Lp
75	42	Lp
75	43	Lp
75	44	Lp
75	45	Lp
75	46	-1
75	47	Lp
75	48	Lp
75	49	-1
75	50	Lp
75	51	Lp
75	52	L
75	53	Lp
75	54	L
75	55	Lp
75	56	Lp
75	57	Lp
75	58	Lp
75	59	-1
75	60	Lp
75	61	Lp
75	62	L
75	63	Lp
75	64	Lp
75	65	Lp
75	66	L
75	67	L
75	68	L
75	69	-1
75	70	Lp
75	71	L
75	72	L
75	73	-1
75	74	Lp
75	75	Lp
75	76	Lp
75	77	Lp
75	78	Lp
75	79	-1
75	80	Lp
75	81	Lp
75	82	Lp
75	83	L
75	84	Lp
75	85	-1
75	86	Lp
75	87	Lp
75	88	Lp
75	89	L
75	90	-1
75	91	L
75	92	L
75	93	L
75	94	-1
75	95	L
75	96	-1
75	97	L
75	98	L
75	99	U
75	100	L
75	101	L
75	102	L
75	103	-1
75	104	L
75	105	L
75	106	L
75	107	-1
75	108	L
75	109	L
75	110	L
75	111	L
75	112	Lp
75	113	L
75	114	-1
75	115	Lp
75	116	Lp
75	117	Lp
75	118	L
75	119	L
76	0	Lp
76	1	-1
76	2	Lp
76	3	-1
76	4	L
76	5	L
76	6	L
76	7	L
76	8	-1
76	9	Lp
76	10	Lp
76	11	Lp
76	12	L
76	13	-1
76	14	L
76	15	L
76	16	-1
76	17	L
76	18	Lp
76	19	Lp
76	20	Lp
76	21	Lp
76	22	Lp
76	23	Lp
76	24	Lp
76	25	Lp
76	26	Lp
76	27	Lp
76	28	Lp
76	29	Lp
76	30	Lp
76	31	-1
76	32	-1
76	33	Lp
76	34	Lp
76	35	Lp
76	36	Lp
76	37	Lp
76	38	-1
76	39	Lp
76	40	Lp
76	41	-1
76	42	-1
76	43	Lp
76	44	Lp
76	45	Lp
76	46	Lp
76	47	Lp
76	48	Lp
76	49	Lp
76	50	-1
76	51	Lp
76	52	Lp
76	53	Lp
76	54	L
76	55	Lp
76	56	U
76	57	Lp
76	58	Lp
76	59	Lp
76	60	Lp
76	61	Lp
76	62	Lp
76	63	-1
76	64	Lp
76	65	Lp
76	66	Lp
76	67	-1
76	68	-1
76	69	Lp
76	70	L
76	71	L
76	72	-1
76	73	L
76	74	-1
76	75	Lp
76	76	Lp
76	77	Lp
76	78	L
76	79	Lp
76	80	Lp
76	81	Lp
76	82	L
76	83	-1
76	84	L
76	85	Lp
76	86	Lp
76	87	Lp
76	88	-1
76	89	Lp
76	90	L
76	91	Lp
76	92	L
76	93	L
76	94	L
76	95	L
76	96	L
76	97	L
76	98	U
76	99	-1
76	100	L
76	101	L
76	102	L
76	103	L
76	104	L
76	105	L
76	106	-1
76	107	L
76	108	L
76	109	-1
76	110	Lp
76	111	Lp
76	112	Lp
76	113	Lp
76	114	-1
76	115	L
76	116	L
76	117	L
76	118	L
76	119	-1
77	0	Lp
77	1	Lp
77	2	L
77	3	Lp
77	4	L
77	5	-1
77	6	-1
77	7	L
77	8	Lp
77	9	Lp
77	10	Lp
77	11	Lp
77	12	L
77	13	-1
77	14	-1
77	15	L
77	16	-1
77	17	Lp
77	18	Lp
77	19	Lp
77	20	-1
77	21	Lp
77	22	Lp
77	23	Lp
77	24	Lp
77	25	-1
77	26	-1
77	27	Lp
77	28	Lp
77	29	Lp
77	30	-1
77	31	Lp
77	32	-1
77	33	-1
77	34	Lp
77	35	Lp
77	36	Lp
77	37	Lp
77	38	Lp
77	39	Lp
77	40	Lp
77	41	Lp
77	42	Lp
77	43	Lp
77	44	Lp
77	45	Lp
77	46	Lp
77	47	Lp
77	48	Lp
77	49	Lp
77	50	-1
77	51	Lp
77	52	-1
77	53	L
77	54	-1
77	55	U
77	56	Lp
77	57	Lp
77	58	-1
77	59	Lp
77	60	Lp
77	61	U
77	62	Lp
77	63	-1
77	64	Lp
77	65	Lp
77	66	Lp
77	67	-1
77	68	-1
77	69	Lp
77	70	L
77	71	-1
77	72	L
77	73	Lp
77	74	L
77	75	Lp
77	76	L
77	77	Lp
77	78	-1
77	79	-1
77	80	-1
77	81	L
77	82	U
77	83	-1
77	84	Lp
77	85	Lp
77	86	L
77	87	Lp
77	88	Lp
77	89	L
77	90	Lp
77	91	L
77	92	L
77	93	L
77	94	L
77	95	L
77	96	L
77	97	-1
77	98	L
77	99	L
77	100	L
77	101	L
77	102	L
77	103	L
77	104	L
77	105	L
77	106	L
77	107	L
77	108	L
77	109	L
77	110	L
77	111	L
77	112	L
77	113	L
77	114	L
77	115	L
77	116	-1
77	117	-1
77	118	-1
77	119	Lp
78	0	Lp
78	1	Lp
78	2	Lp
78	3	Lp
78	4	L
78	5	L
78	6	L
78	7	L
78	8	L
78	9	L
78	10	-1
78	11	-1
78	12	L
78	13	L
78	14	-1
78	15	L
78	16	-1
78	17	Lp
78	18	Lp
78	19	Lp
78	20	Lp
78	21	Lp
78	22	Lp
78	23	Lp
78	24	Lp
78	25	Lp
78	26	Lp
78	27	Lp
78	28	Lp
78	29	-1
78	30	Lp
78	31	Lp
78	32	Lp
78	33	Lp
78	34	Lp
78	35	Lp
78	36	Lp
78	37	Lp
78	38	Lp
78	39	Lp
78	40	Lp
78	41	Lp
78	42	Lp
78	43	Lp
78	44	Lp
78	45	Lp
78	46	-1
78	47	Lp
78	48	Lp
78	49	Lp
78	50	-1
78	51	Lp
78	52	Lp
78	53	Lp
78	54	Lp
78	55	Lp
78	56	U
78	57	Lp
78	58	U
78	59	Lp
78	60	U
78	61	-1
78	62	Lp
78	63	Lp
78	64	-1
78	65	Lp
78	66	Lp
78	67	-1
78	68	Lp
78	69	Lp
78	70	Lp
78	71	Lp
78	72	Lp
78	73	Lp
78	74	Lp
78	75	L
78	76	L
78	77	Lp
78	78	L
78	79	-1
78	80	L
78	81	-1
78	82	L
78	83	L
78	84	L
78	85	-1
78	86	L
78	87	-1
78	88	L
78	89	Lp
78	90	L
78	91	L
78	92	L
78	93	L
78	94	L
78	95	L
78	96	L
78	97	L
78	98	L
78	99	L
78	100	-1
78	101	L
78	102	L
78	103	-1
78	104	L
78	105	-1
78	106	-1
78	107	L
78	108	L
78	109	L
78	110	-1
78	111	-1
78	112	-1
78	113	Lp
78	114	L
78	115	L
78	116	L
78	117	Lp
78	118	Lp
78	119	L
79	0	Lp
79	1	Lp
79	2	U
79	3	L
79	4	L
79	5	-1
79	6	L
79	7	L
79	8	L
79	9	L
79	10	L
79	11	L
79	12	L
79	13	L
79	14	-1
79	15	L
79	16	Lp
79	17	Lp
79	18	Lp
79	19	Lp
79	20	Lp
79	21	Lp
79	22	-1
79	23	Lp
79	24	Lp
79	25	Lp
79	26	-1
79	27	Lp
79	28	Lp
79	29	Lp
79	30	Lp
79	31	-1
79	32	Lp
79	33	Lp
79	34	Lp
79	35	Lp
79	36	-1
79	37	Lp
79	38	Lp
79	39	-1
79	40	Lp
79	41	Lp
79	42	Lp
79	43	Lp
79	44	Lp
79	45	Lp
79	46	Lp
79	47	Lp
79	48	-1
79	49	Lp
79	50	Lp
79	51	Lp
79	52	-1
79	53	Lp
79	54	-1
79	55	-1
79	56	U
79	57	U
79	58	U
79	59	Lp
79	60	U
79	61	-1
79	62	Lp
79	63	Lp
79	64	Lp
79	65	Lp
79	66	Lp
79	67	L
79	68	Lp
79	69	-1
79	70	Lp
79	71	Lp
79	72	-1
79	73	-1
79	74	-1
79	75	Lp
79	76	Lp
79	77	Lp
79	78	Lp
79	79	-1
79	80	-1
79	81	L
79	82	L
79	83	Lp
79	84	Lp
79	85	-1
79	86	-1
79	87	Lp
79	88	Lp
79	89	-1
79	90	-1
79	91	-1
79	92	L
79	93	Lp
79	94	L
79	95	L
79	96	L
79	97	L
79	98	L
79	99	-1
79	100	L
79	101	L
79	102	-1
79	103	L
79	104	L
79	105	L
79	106	L
79	107	-1
79	108	L
79	109	L
79	110	-1
79	111	-1
79	112	-1
79	113	Lp
79	114	-1
79	115	Lp
79	116	Lp
79	117	Lp
79	118	Lp
79	119	-1
80	0	Lp
80	1	Lp
80	2	-1
80	3	Lp
80	4	L
80	5	L
80	6	L
80	7	L
80	8	L
80	9	-1
80	10	-1
80	11	L
80	12	L
80	13	L
80	14	-1
80	15	Lp
80	16	L
80	17	Lp
80	18	-1
80	19	Lp
80	20	-1
80	21	Lp
80	22	Lp
80	23	Lp
80	24	Lp
80	25	Lp
80	26	Lp
80	27	Lp
80	28	Lp
80	29	Lp
80	30	-1
80	31	Lp
80	32	Lp
80	33	Lp
80	34	Lp
80	35	Lp
80	36	Lp
80	37	Lp
80	38	Lp
80	39	-1
80	40	-1
80	41	Lp
80	42	Lp
80	43	Lp
80	44	L
80	45	L
80	46	L
80	47	L
80	48	Lp
80	49	Lp
80	50	Lp
80	51	Lp
80	52	Lp
80	53	Lp
80	54	Lp
80	55	Lp
80	56	Lp
80	57	-1
80	58	Lp
80	59	U
80	60	U
80	61	U
80	62	U
80	63	Lp
80	64	Lp
80	65	Lp
80	66	Lp
80	67	Lp
80	68	L
80	69	L
80	70	L
80	71	L
80	72	-1
80	73	Lp
80	74	-1
80	75	Lp
80	76	Lp
80	77	Lp
80	78	Lp
80	79	Lp
80	80	L
80	81	-1
80	82	L
80	83	Lp
80	84	Lp
80	85	L
80	86	-1
80	87	Lp
80	88	Lp
80	89	-1
80	90	L
80	91	Lp
80	92	Lp
80	93	L
80	94	-1
80	95	L
80	96	L
80	97	-1
80	98	L
80	99	L
80	100	L
80	101	L
80	102	-1
80	103	L
80	104	-1
80	105	-1
80	106	L
80	107	L
80	108	L
80	109	L
80	110	Lp
80	111	Lp
80	112	-1
80	113	L
80	114	-1
80	115	-1
80	116	Lp
80	117	Lp
80	118	Lp
80	119	Lp
81	0	L
81	1	L
81	2	Lp
81	3	-1
81	4	L
81	5	L
81	6	-1
81	7	Lp
81	8	L
81	9	L
81	10	L
81	11	L
81	12	L
81	13	-1
81	14	-1
81	15	Lp
81	16	-1
81	17	Lp
81	18	Lp
81	19	Lp
81	20	Lp
81	21	Lp
81	22	Lp
81	23	Lp
81	24	U
81	25	-1
81	26	Lp
81	27	-1
81	28	-1
81	29	Lp
81	30	-1
81	31	Lp
81	32	Lp
81	33	Lp
81	34	Lp
81	35	Lp
81	36	Lp
81	37	-1
81	38	Lp
81	39	Lp
81	40	Lp
81	41	Lp
81	42	Lp
81	43	Lp
81	44	Lp
81	45	L
81	46	L
81	47	Lp
81	48	Lp
81	49	Lp
81	50	-1
81	51	Lp
81	52	Lp
81	53	Lp
81	54	Lp
81	55	Lp
81	56	Lp
81	57	Lp
81	58	Lp
81	59	Lp
81	60	U
81	61	U
81	62	U
81	63	-1
81	64	L
81	65	L
81	66	Lp
81	67	Lp
81	68	L
81	69	-1
81	70	L
81	71	-1
81	72	Lp
81	73	Lp
81	74	-1
81	75	Lp
81	76	Lp
81	77	Lp
81	78	Lp
81	79	Lp
81	80	Lp
81	81	Lp
81	82	L
81	83	Lp
81	84	-1
81	85	L
81	86	L
81	87	-1
81	88	L
81	89	L
81	90	Lp
81	91	L
81	92	Lp
81	93	-1
81	94	L
81	95	L
81	96	L
81	97	L
81	98	L
81	99	L
81	100	-1
81	101	L
81	102	L
81	103	L
81	104	-1
81	105	L
81	106	L
81	107	L
81	108	-1
81	109	L
81	110	-1
81	111	L
81	112	L
81	113	L
81	114	L
81	115	Lp
81	116	Lp
81	117	Lp
81	118	Lp
81	119	Lp
82	0	L
82	1	L
82	2	Lp
82	3	Lp
82	4	-1
82	5	L
82	6	Lp
82	7	-1
82	8	L
82	9	L
82	10	-1
82	11	-1
82	12	-1
82	13	L
82	14	L
82	15	Lp
82	16	-1
82	17	L
82	18	Lp
82	19	Lp
82	20	Lp
82	21	Lp
82	22	Lp
82	23	Lp
82	24	-1
82	25	Lp
82	26	-1
82	27	Lp
82	28	Lp
82	29	-1
82	30	Lp
82	31	Lp
82	32	Lp
82	33	-1
82	34	Lp
82	35	Lp
82	36	Lp
82	37	Lp
82	38	Lp
82	39	Lp
82	40	U
82	41	Lp
82	42	Lp
82	43	-1
82	44	Lp
82	45	-1
82	46	-1
82	47	Lp
82	48	-1
82	49	Lp
82	50	Lp
82	51	Lp
82	52	Lp
82	53	-1
82	54	Lp
82	55	Lp
82	56	Lp
82	57	-1
82	58	-1
82	59	-1
82	60	U
82	61	U
82	62	-1
82	63	Lp
82	64	L
82	65	-1
82	66	L
82	67	L
82	68	L
82	69	L
82	70	L
82	71	Lp
82	72	Lp
82	73	Lp
82	74	-1
82	75	L
82	76	-1
82	77	-1
82	78	-1
82	79	Lp
82	80	Lp
82	81	Lp
82	82	L
82	83	-1
82	84	-1
82	85	Lp
82	86	Lp
82	87	L
82	88	L
82	89	L
82	90	L
82	91	L
82	92	L
82	93	U
82	94	L
82	95	-1
82	96	U
82	97	-1
82	98	-1
82	99	L
82	100	L
82	101	L
82	102	-1
82	103	L
82	104	L
82	105	L
82	106	L
82	107	Lp
82	108	L
82	109	L
82	110	L
82	111	L
82	112	Lp
82	113	L
82	114	-1
82	115	L
82	116	-1
82	117	Lp
82	118	-1
82	119	L
83	0	Lp
83	1	Lp
83	2	L
83	3	L
83	4	Lp
83	5	Lp
83	6	-1
83	7	L
83	8	L
83	9	L
83	10	L
83	11	L
83	12	-1
83	13	-1
83	14	Lp
83	15	Lp
83	16	Lp
83	17	L
83	18	L
83	19	L
83	20	Lp
83	21	Lp
83	22	Lp
83	23	Lp
83	24	Lp
83	25	Lp
83	26	Lp
83	27	Lp
83	28	Lp
83	29	Lp
83	30	Lp
83	31	-1
83	32	-1
83	33	Lp
83	34	Lp
83	35	Lp
83	36	Lp
83	37	-1
83	38	-1
83	39	Lp
83	40	Lp
83	41	U
83	42	L
83	43	-1
83	44	Lp
83	45	Lp
83	46	Lp
83	47	Lp
83	48	Lp
83	49	Lp
83	50	Lp
83	51	-1
83	52	Lp
83	53	Lp
83	54	Lp
83	55	Lp
83	56	Lp
83	57	Lp
83	58	Lp
83	59	-1
83	60	U
83	61	-1
83	62	Lp
83	63	Lp
83	64	L
83	65	L
83	66	L
83	67	L
83	68	L
83	69	L
83	70	L
83	71	Lp
83	72	Lp
83	73	-1
83	74	Lp
83	75	Lp
83	76	-1
83	77	Lp
83	78	-1
83	79	Lp
83	80	Lp
83	81	Lp
83	82	-1
83	83	Lp
83	84	Lp
83	85	L
83	86	Lp
83	87	L
83	88	L
83	89	-1
83	90	-1
83	91	-1
83	92	L
83	93	L
83	94	U
83	95	-1
83	96	L
83	97	L
83	98	L
83	99	L
83	100	L
83	101	L
83	102	L
83	103	L
83	104	L
83	105	L
83	106	-1
83	107	-1
83	108	Lp
83	109	-1
83	110	Lp
83	111	Lp
83	112	-1
83	113	L
83	114	L
83	115	-1
83	116	Lp
83	117	L
83	118	Lp
83	119	-1
84	0	Lp
84	1	U
84	2	L
84	3	-1
84	4	Lp
84	5	-1
84	6	U
84	7	L
84	8	L
84	9	-1
84	10	L
84	11	L
84	12	Lp
84	13	Lp
84	14	Lp
84	15	Lp
84	16	L
84	17	L
84	18	L
84	19	L
84	20	Lp
84	21	-1
84	22	Lp
84	23	Lp
84	24	Lp
84	25	Lp
84	26	-1
84	27	Lp
84	28	Lp
84	29	Lp
84	30	U
84	31	-1
84	32	L
84	33	Lp
84	34	Lp
84	35	Lp
84	36	Lp
84	37	U
84	38	-1
84	39	U
84	40	Lp
84	41	-1
84	42	L
84	43	Lp
84	44	-1
84	45	Lp
84	46	U
84	47	U
84	48	Lp
84	49	Lp
84	50	Lp
84	51	Lp
84	52	Lp
84	53	-1
84	54	Lp
84	55	Lp
84	56	-1
84	57	Lp
84	58	U
84	59	-1
84	60	Lp
84	61	Lp
84	62	L
84	63	Lp
84	64	Lp
84	65	L
84	66	-1
84	67	L
84	68	L
84	69	L
84	70	L
84	71	L
84	72	Lp
84	73	L
84	74	-1
84	75	Lp
84	76	Lp
84	77	Lp
84	78	Lp
84	79	Lp
84	80	Lp
84	81	Lp
84	82	Lp
84	83	Lp
84	84	L
84	85	L
84	86	L
84	87	L
84	88	L
84	89	L
84	90	L
84	91	-1
84	92	-1
84	93	L
84	94	U
84	95	-1
84	96	L
84	97	L
84	98	L
84	99	L
84	100	-1
84	101	L
84	102	L
84	103	L
84	104	L
84	105	Lp
84	106	-1
84	107	-1
84	108	-1
84	109	Lp
84	110	Lp
84	111	Lp
84	112	L
84	113	-1
84	114	-1
84	115	Lp
84	116	-1
84	117	Lp
84	118	Lp
84	119	Lp
85	0	Lp
85	1	Lp
85	2	Lp
85	3	L
85	4	-1
85	5	U
85	6	U
85	7	U
85	8	L
85	9	-1
85	10	L
85	11	-1
85	12	-1
85	13	Lp
85	14	-1
85	15	-1
85	16	Lp
85	17	Lp
85	18	Lp
85	19	Lp
85	20	Lp
85	21	Lp
85	22	Lp
85	23	Lp
85	24	Lp
85	25	Lp
85	26	Lp
85	27	-1
85	28	-1
85	29	-1
85	30	-1
85	31	Lp
85	32	Lp
85	33	Lp
85	34	Lp
85	35	-1
85	36	-1
85	37	Lp
85	38	Lp
85	39	Lp
85	40	Lp
85	41	Lp
85	42	Lp
85	43	Lp
85	44	Lp
85	45	U
85	46	U
85	47	U
85	48	Lp
85	49	U
85	50	-1
85	51	-1
85	52	Lp
85	53	L
85	54	Lp
85	55	Lp
85	56	Lp
85	57	Lp
85	58	Lp
85	59	Lp
85	60	Lp
85	61	Lp
85	62	Lp
85	63	Lp
85	64	Lp
85	65	Lp
85	66	-1
85	67	L
85	68	L
85	69	-1
85	70	-1
85	71	L
85	72	L
85	73	L
85	74	L
85	75	-1
85	76	Lp
85	77	Lp
85	78	Lp
85	79	-1
85	80	Lp
85	81	Lp
85	82	L
85	83	Lp
85	84	Lp
85	85	L
85	86	-1
85	87	L
85	88	L
85	89	L
85	90	L
85	91	L
85	92	-1
85	93	L
85	94	-1
85	95	L
85	96	L
85	97	L
85	98	L
85	99	L
85	100	L
85	101	L
85	102	L
85	103	L
85	104	Lp
85	105	Lp
85	106	Lp
85	107	-1
85	108	-1
85	109	L
85	110	Lp
85	111	Lp
85	112	Lp
85	113	-1
85	114	L
85	115	L
85	116	Lp
85	117	Lp
85	118	Lp
85	119	Lp
86	0	Lp
86	1	Lp
86	2	-1
86	3	Lp
86	4	L
86	5	U
86	6	U
86	7	U
86	8	-1
86	9	L
86	10	L
86	11	L
86	12	Lp
86	13	Lp
86	14	-1
86	15	L
86	16	L
86	17	Lp
86	18	-1
86	19	Lp
86	20	Lp
86	21	-1
86	22	Lp
86	23	Lp
86	24	Lp
86	25	Lp
86	26	Lp
86	27	Lp
86	28	Lp
86	29	Lp
86	30	-1
86	31	Lp
86	32	-1
86	33	Lp
86	34	Lp
86	35	Lp
86	36	-1
86	37	Lp
86	38	Lp
86	39	Lp
86	40	Lp
86	41	Lp
86	42	Lp
86	43	Lp
86	44	Lp
86	45	Lp
86	46	U
86	47	U
86	48	U
86	49	L
86	50	L
86	51	L
86	52	L
86	53	-1
86	54	L
86	55	Lp
86	56	Lp
86	57	Lp
86	58	Lp
86	59	-1
86	60	Lp
86	61	Lp
86	62	U
86	63	Lp
86	64	Lp
86	65	Lp
86	66	Lp
86	67	-1
86	68	L
86	69	-1
86	70	U
86	71	L
86	72	L
86	73	Lp
86	74	-1
86	75	L
86	76	-1
86	77	-1
86	78	Lp
86	79	-1
86	80	Lp
86	81	-1
86	82	Lp
86	83	L
86	84	L
86	85	Lp
86	86	Lp
86	87	L
86	88	L
86	89	L
86	90	L
86	91	L
86	92	-1
86	93	L
86	94	L
86	95	L
86	96	-1
86	97	-1
86	98	L
86	99	L
86	100	L
86	101	L
86	102	L
86	103	L
86	104	Lp
86	105	Lp
86	106	Lp
86	107	-1
86	108	-1
86	109	L
86	110	L
86	111	-1
86	112	L
86	113	L
86	114	L
86	115	Lp
86	116	L
86	117	-1
86	118	L
86	119	Lp
87	0	Lp
87	1	Lp
87	2	Lp
87	3	Lp
87	4	Lp
87	5	L
87	6	L
87	7	-1
87	8	U
87	9	L
87	10	L
87	11	L
87	12	Lp
87	13	L
87	14	Lp
87	15	Lp
87	16	L
87	17	L
87	18	-1
87	19	Lp
87	20	-1
87	21	Lp
87	22	Lp
87	23	Lp
87	24	Lp
87	25	Lp
87	26	Lp
87	27	Lp
87	28	-1
87	29	Lp
87	30	-1
87	31	Lp
87	32	-1
87	33	L
87	34	-1
87	35	Lp
87	36	-1
87	37	Lp
87	38	Lp
87	39	Lp
87	40	Lp
87	41	Lp
87	42	Lp
87	43	Lp
87	44	Lp
87	45	-1
87	46	U
87	47	U
87	48	-1
87	49	-1
87	50	L
87	51	L
87	52	L
87	53	-1
87	54	-1
87	55	Lp
87	56	-1
87	57	-1
87	58	-1
87	59	Lp
87	60	Lp
87	61	-1
87	62	U
87	63	Lp
87	64	Lp
87	65	Lp
87	66	-1
87	67	Lp
87	68	L
87	69	U
87	70	L
87	71	L
87	72	-1
87	73	Lp
87	74	-1
87	75	L
87	76	Lp
87	77	Lp
87	78	Lp
87	79	Lp
87	80	-1
87	81	-1
87	82	Lp
87	83	L
87	84	L
87	85	L
87	86	L
87	87	L
87	88	L
87	89	L
87	90	L
87	91	L
87	92	L
87	93	L
87	94	-1
87	95	L
87	96	L
87	97	L
87	98	L
87	99	L
87	100	L
87	101	L
87	102	L
87	103	L
87	104	Lp
87	105	L
87	106	L
87	107	L
87	108	Lp
87	109	Lp
87	110	-1
87	111	-1
87	112	L
87	113	L
87	114	L
87	115	-1
87	116	U
87	117	Lp
87	118	Lp
87	119	-1
88	0	-1
88	1	L
88	2	Lp
88	3	Lp
88	4	-1
88	5	-1
88	6	U
88	7	U
88	8	U
88	9	L
88	10	L
88	11	Lp
88	12	Lp
88	13	Lp
88	14	L
88	15	Lp
88	16	Lp
88	17	L
88	18	Lp
88	19	-1
88	20	Lp
88	21	Lp
88	22	Lp
88	23	-1
88	24	-1
88	25	Lp
88	26	Lp
88	27	-1
88	28	Lp
88	29	-1
88	30	Lp
88	31	Lp
88	32	L
88	33	Lp
88	34	Lp
88	35	Lp
88	36	Lp
88	37	Lp
88	38	Lp
88	39	Lp
88	40	Lp
88	41	Lp
88	42	Lp
88	43	Lp
88	44	Lp
88	45	Lp
88	46	L
88	47	L
88	48	L
88	49	L
88	50	L
88	51	L
88	52	L
88	53	-1
88	54	L
88	55	-1
88	56	Lp
88	57	Lp
88	58	Lp
88	59	Lp
88	60	L
88	61	U
88	62	L
88	63	Lp
88	64	L
88	65	-1
88	66	Lp
88	67	L
88	68	Lp
88	69	-1
88	70	-1
88	71	-1
88	72	L
88	73	L
88	74	-1
88	75	-1
88	76	Lp
88	77	Lp
88	78	Lp
88	79	L
88	80	L
88	81	Lp
88	82	L
88	83	L
88	84	-1
88	85	L
88	86	-1
88	87	L
88	88	L
88	89	L
88	90	L
88	91	L
88	92	L
88	93	L
88	94	L
88	95	L
88	96	L
88	97	L
88	98	L
88	99	U
88	100	-1
88	101	-1
88	102	L
88	103	L
88	104	L
88	105	L
88	106	L
88	107	-1
88	108	Lp
88	109	L
88	110	L
88	111	L
88	112	L
88	113	-1
88	114	L
88	115	U
88	116	-1
88	117	-1
88	118	-1
88	119	Lp
89	0	Lp
89	1	Lp
89	2	L
89	3	L
89	4	Lp
89	5	Lp
89	6	-1
89	7	L
89	8	L
89	9	L
89	10	L
89	11	L
89	12	L
89	13	L
89	14	L
89	15	Lp
89	16	L
89	17	L
89	18	-1
89	19	Lp
89	20	Lp
89	21	Lp
89	22	Lp
89	23	Lp
89	24	Lp
89	25	Lp
89	26	-1
89	27	Lp
89	28	-1
89	29	Lp
89	30	-1
89	31	-1
89	32	-1
89	33	L
89	34	L
89	35	-1
89	36	Lp
89	37	L
89	38	Lp
89	39	Lp
89	40	Lp
89	41	Lp
89	42	-1
89	43	Lp
89	44	L
89	45	L
89	46	U
89	47	L
89	48	L
89	49	-1
89	50	L
89	51	Lp
89	52	Lp
89	53	Lp
89	54	-1
89	55	L
89	56	-1
89	57	L
89	58	L
89	59	Lp
89	60	Lp
89	61	L
89	62	Lp
89	63	L
89	64	-1
89	65	Lp
89	66	Lp
89	67	Lp
89	68	L
89	69	-1
89	70	L
89	71	L
89	72	L
89	73	L
89	74	-1
89	75	Lp
89	76	-1
89	77	Lp
89	78	Lp
89	79	Lp
89	80	L
89	81	L
89	82	L
89	83	L
89	84	L
89	85	L
89	86	L
89	87	L
89	88	L
89	89	L
89	90	L
89	91	-1
89	92	L
89	93	L
89	94	L
89	95	L
89	96	L
89	97	L
89	98	L
89	99	L
89	100	L
89	101	L
89	102	L
89	103	L
89	104	L
89	105	L
89	106	L
89	107	-1
89	108	L
89	109	L
89	110	L
89	111	L
89	112	L
89	113	L
89	114	L
89	115	U
89	116	U
89	117	Lp
89	118	U
89	119	Lp
90	0	Lp
90	1	Lp
90	2	L
90	3	L
90	4	Lp
90	5	Lp
90	6	Lp
90	7	Lp
90	8	L
90	9	L
90	10	-1
90	11	L
90	12	L
90	13	L
90	14	L
90	15	Lp
90	16	Lp
90	17	Lp
90	18	Lp
90	19	-1
90	20	Lp
90	21	Lp
90	22	Lp
90	23	-1
90	24	Lp
90	25	-1
90	26	Lp
90	27	Lp
90	28	Lp
90	29	Lp
90	30	Lp
90	31	-1
90	32	-1
90	33	-1
90	34	U
90	35	U
90	36	L
90	37	Lp
90	38	L
90	39	Lp
90	40	L
90	41	-1
90	42	Lp
90	43	Lp
90	44	L
90	45	U
90	46	U
90	47	U
90	48	L
90	49	-1
90	50	L
90	51	L
90	52	L
90	53	-1
90	54	Lp
90	55	-1
90	56	L
90	57	L
90	58	-1
90	59	L
90	60	Lp
90	61	L
90	62	L
90	63	L
90	64	L
90	65	Lp
90	66	Lp
90	67	Lp
90	68	Lp
90	69	L
90	70	L
90	71	L
90	72	L
90	73	L
90	74	L
90	75	Lp
90	76	Lp
90	77	L
90	78	-1
90	79	Lp
90	80	Lp
90	81	L
90	82	L
90	83	L
90	84	-1
90	85	-1
90	86	-1
90	87	L
90	88	-1
90	89	L
90	90	L
90	91	-1
90	92	-1
90	93	L
90	94	-1
90	95	L
90	96	L
90	97	L
90	98	L
90	99	U
90	100	-1
90	101	L
90	102	L
90	103	L
90	104	L
90	105	L
90	106	L
90	107	L
90	108	-1
90	109	L
90	110	L
90	111	L
90	112	L
90	113	L
90	114	L
90	115	U
90	116	Lp
90	117	Lp
90	118	Lp
90	119	Lp
91	0	-1
91	1	Lp
91	2	L
91	3	L
91	4	-1
91	5	Lp
91	6	Lp
91	7	-1
91	8	L
91	9	L
91	10	L
91	11	-1
91	12	L
91	13	-1
91	14	L
91	15	L
91	16	Lp
91	17	Lp
91	18	Lp
91	19	Lp
91	20	Lp
91	21	Lp
91	22	-1
91	23	Lp
91	24	Lp
91	25	Lp
91	26	Lp
91	27	-1
91	28	-1
91	29	Lp
91	30	Lp
91	31	L
91	32	-1
91	33	L
91	34	L
91	35	U
91	36	U
91	37	L
91	38	L
91	39	L
91	40	-1
91	41	-1
91	42	L
91	43	-1
91	44	Lp
91	45	Lp
91	46	U
91	47	-1
91	48	L
91	49	L
91	50	L
91	51	-1
91	52	-1
91	53	Lp
91	54	Lp
91	55	L
91	56	L
91	57	-1
91	58	L
91	59	-1
91	60	-1
91	61	L
91	62	L
91	63	L
91	64	-1
91	65	-1
91	66	Lp
91	67	Lp
91	68	L
91	69	L
91	70	-1
91	71	Lp
91	72	Lp
91	73	L
91	74	L
91	75	Lp
91	76	Lp
91	77	Lp
91	78	L
91	79	Lp
91	80	L
91	81	Lp
91	82	L
91	83	L
91	84	L
91	85	L
91	86	L
91	87	L
91	88	L
91	89	L
91	90	L
91	91	L
91	92	-1
91	93	L
91	94	-1
91	95	L
91	96	L
91	97	L
91	98	-1
91	99	L
91	100	-1
91	101	-1
91	102	L
91	103	L
91	104	L
91	105	L
91	106	L
91	107	L
91	108	-1
91	109	L
91	110	L
91	111	Lp
91	112	L
91	113	-1
91	114	L
91	115	Lp
91	116	Lp
91	117	Lp
91	118	-1
91	119	-1
92	0	Lp
92	1	Lp
92	2	Lp
92	3	L
92	4	Lp
92	5	Lp
92	6	L
92	7	Lp
92	8	L
92	9	L
92	10	L
92	11	-1
92	12	Lp
92	13	L
92	14	-1
92	15	L
92	16	Lp
92	17	L
92	18	Lp
92	19	Lp
92	20	Lp
92	21	Lp
92	22	-1
92	23	Lp
92	24	Lp
92	25	Lp
92	26	Lp
92	27	Lp
92	28	-1
92	29	Lp
92	30	-1
92	31	Lp
92	32	Lp
92	33	L
92	34	-1
92	35	U
92	36	U
92	37	-1
92	38	L
92	39	-1
92	40	-1
92	41	L
92	42	-1
92	43	-1
92	44	-1
92	45	L
92	46	L
92	47	-1
92	48	U
92	49	-1
92	50	Lp
92	51	L
92	52	Lp
92	53	Lp
92	54	Lp
92	55	-1
92	56	L
92	57	L
92	58	L
92	59	Lp
92	60	Lp
92	61	L
92	62	L
92	63	L
92	64	L
92	65	-1
92	66	L
92	67	Lp
92	68	L
92	69	-1
92	70	L
92	71	Lp
92	72	Lp
92	73	Lp
92	74	L
92	75	Lp
92	76	Lp
92	77	Lp
92	78	Lp
92	79	L
92	80	-1
92	81	L
92	82	L
92	83	L
92	84	L
92	85	-1
92	86	L
92	87	L
92	88	L
92	89	L
92	90	L
92	91	L
92	92	L
92	93	-1
92	94	L
92	95	L
92	96	L
92	97	L
92	98	L
92	99	-1
92	100	L
92	101	U
92	102	L
92	103	-1
92	104	L
92	105	-1
92	106	L
92	107	L
92	108	L
92	109	L
92	110	-1
92	111	Lp
92	112	-1
92	113	-1
92	114	Lp
92	115	Lp
92	116	Lp
92	117	Lp
92	118	Lp
92	119	Lp
93	0	-1
93	1	-1
93	2	-1
93	3	L
93	4	L
93	5	L
93	6	Lp
93	7	-1
93	8	L
93	9	L
93	10	L
93	11	Lp
93	12	-1
93	13	Lp
93	14	Lp
93	15	Lp
93	16	Lp
93	17	L
93	18	Lp
93	19	Lp
93	20	Lp
93	21	-1
93	22	Lp
93	23	Lp
93	24	Lp
93	25	Lp
93	26	Lp
93	27	-1
93	28	Lp
93	29	Lp
93	30	Lp
93	31	Lp
93	32	Lp
93	33	L
93	34	U
93	35	U
93	36	U
93	37	L
93	38	U
93	39	L
93	40	L
93	41	-1
93	42	Lp
93	43	L
93	44	L
93	45	L
93	46	L
93	47	U
93	48	L
93	49	-1
93	50	L
93	51	Lp
93	52	Lp
93	53	-1
93	54	Lp
93	55	Lp
93	56	-1
93	57	L
93	58	Lp
93	59	Lp
93	60	L
93	61	-1
93	62	Lp
93	63	L
93	64	L
93	65	L
93	66	L
93	67	L
93	68	Lp
93	69	L
93	70	Lp
93	71	Lp
93	72	Lp
93	73	Lp
93	74	Lp
93	75	Lp
93	76	Lp
93	77	Lp
93	78	L
93	79	-1
93	80	L
93	81	L
93	82	L
93	83	L
93	84	L
93	85	-1
93	86	-1
93	87	L
93	88	L
93	89	L
93	90	L
93	91	-1
93	92	-1
93	93	L
93	94	L
93	95	Lp
93	96	-1
93	97	L
93	98	L
93	99	-1
93	100	L
93	101	U
93	102	U
93	103	-1
93	104	L
93	105	-1
93	106	L
93	107	L
93	108	L
93	109	Lp
93	110	Lp
93	111	Lp
93	112	-1
93	113	Lp
93	114	Lp
93	115	Lp
93	116	Lp
93	117	Lp
93	118	Lp
93	119	Lp
94	0	Lp
94	1	Lp
94	2	L
94	3	U
94	4	-1
94	5	L
94	6	Lp
94	7	Lp
94	8	Lp
94	9	L
94	10	L
94	11	Lp
94	12	Lp
94	13	Lp
94	14	-1
94	15	Lp
94	16	Lp
94	17	Lp
94	18	Lp
94	19	Lp
94	20	-1
94	21	Lp
94	22	Lp
94	23	-1
94	24	Lp
94	25	Lp
94	26	-1
94	27	Lp
94	28	-1
94	29	Lp
94	30	Lp
94	31	Lp
94	32	Lp
94	33	-1
94	34	L
94	35	U
94	36	-1
94	37	U
94	38	U
94	39	L
94	40	L
94	41	L
94	42	Lp
94	43	L
94	44	-1
94	45	L
94	46	L
94	47	L
94	48	-1
94	49	L
94	50	L
94	51	-1
94	52	Lp
94	53	Lp
94	54	Lp
94	55	Lp
94	56	Lp
94	57	-1
94	58	Lp
94	59	L
94	60	-1
94	61	-1
94	62	L
94	63	-1
94	64	L
94	65	L
94	66	L
94	67	L
94	68	L
94	69	Lp
94	70	L
94	71	Lp
94	72	Lp
94	73	Lp
94	74	Lp
94	75	Lp
94	76	Lp
94	77	Lp
94	78	L
94	79	L
94	80	L
94	81	L
94	82	-1
94	83	L
94	84	L
94	85	L
94	86	L
94	87	L
94	88	L
94	89	L
94	90	L
94	91	L
94	92	-1
94	93	-1
94	94	-1
94	95	L
94	96	-1
94	97	L
94	98	-1
94	99	L
94	100	U
94	101	U
94	102	-1
94	103	L
94	104	L
94	105	L
94	106	-1
94	107	L
94	108	Lp
94	109	Lp
94	110	-1
94	111	Lp
94	112	-1
94	113	U
94	114	-1
94	115	Lp
94	116	Lp
94	117	Lp
94	118	Lp
94	119	Lp
95	0	Lp
95	1	Lp
95	2	Lp
95	3	Lp
95	4	-1
95	5	-1
95	6	-1
95	7	Lp
95	8	L
95	9	L
95	10	Lp
95	11	L
95	12	L
95	13	-1
95	14	Lp
95	15	Lp
95	16	Lp
95	17	Lp
95	18	Lp
95	19	Lp
95	20	Lp
95	21	Lp
95	22	Lp
95	23	-1
95	24	Lp
95	25	Lp
95	26	Lp
95	27	Lp
95	28	Lp
95	29	Lp
95	30	Lp
95	31	U
95	32	Lp
95	33	Lp
95	34	U
95	35	L
95	36	U
95	37	L
95	38	U
95	39	L
95	40	L
95	41	L
95	42	L
95	43	L
95	44	L
95	45	L
95	46	-1
95	47	-1
95	48	L
95	49	L
95	50	-1
95	51	U
95	52	Lp
95	53	Lp
95	54	Lp
95	55	Lp
95	56	-1
95	57	Lp
95	58	Lp
95	59	-1
95	60	-1
95	61	Lp
95	62	-1
95	63	L
95	64	-1
95	65	L
95	66	L
95	67	L
95	68	-1
95	69	L
95	70	Lp
95	71	Lp
95	72	Lp
95	73	L
95	74	L
95	75	L
95	76	Lp
95	77	L
95	78	L
95	79	L
95	80	L
95	81	L
95	82	L
95	83	-1
95	84	L
95	85	L
95	86	L
95	87	L
95	88	L
95	89	L
95	90	L
95	91	-1
95	92	U
95	93	-1
95	94	-1
95	95	Lp
95	96	Lp
95	97	L
95	98	-1
95	99	L
95	100	L
95	101	L
95	102	L
95	103	L
95	104	L
95	105	-1
95	106	L
95	107	-1
95	108	L
95	109	Lp
95	110	Lp
95	111	-1
95	112	-1
95	113	Lp
95	114	Lp
95	115	Lp
95	116	Lp
95	117	Lp
95	118	Lp
95	119	Lp
96	0	Lp
96	1	Lp
96	2	Lp
96	3	Lp
96	4	Lp
96	5	Lp
96	6	-1
96	7	L
96	8	L
96	9	L
96	10	L
96	11	L
96	12	L
96	13	Lp
96	14	Lp
96	15	Lp
96	16	-1
96	17	Lp
96	18	Lp
96	19	Lp
96	20	-1
96	21	Lp
96	22	-1
96	23	Lp
96	24	-1
96	25	-1
96	26	Lp
96	27	Lp
96	28	-1
96	29	Lp
96	30	-1
96	31	U
96	32	Lp
96	33	Lp
96	34	-1
96	35	-1
96	36	-1
96	37	-1
96	38	-1
96	39	L
96	40	-1
96	41	U
96	42	-1
96	43	-1
96	44	L
96	45	L
96	46	L
96	47	L
96	48	L
96	49	-1
96	50	U
96	51	U
96	52	Lp
96	53	Lp
96	54	Lp
96	55	-1
96	56	Lp
96	57	Lp
96	58	Lp
96	59	Lp
96	60	Lp
96	61	Lp
96	62	-1
96	63	L
96	64	L
96	65	L
96	66	L
96	67	-1
96	68	-1
96	69	L
96	70	-1
96	71	Lp
96	72	Lp
96	73	L
96	74	Lp
96	75	L
96	76	Lp
96	77	Lp
96	78	Lp
96	79	L
96	80	L
96	81	L
96	82	L
96	83	L
96	84	L
96	85	L
96	86	-1
96	87	L
96	88	L
96	89	L
96	90	L
96	91	L
96	92	-1
96	93	L
96	94	L
96	95	Lp
96	96	L
96	97	L
96	98	L
96	99	-1
96	100	L
96	101	L
96	102	-1
96	103	L
96	104	L
96	105	L
96	106	L
96	107	Lp
96	108	Lp
96	109	L
96	110	Lp
96	111	-1
96	112	Lp
96	113	U
96	114	U
96	115	Lp
96	116	Lp
96	117	Lp
96	118	Lp
96	119	L
97	0	Lp
97	1	Lp
97	2	-1
97	3	-1
97	4	Lp
97	5	-1
97	6	-1
97	7	-1
97	8	-1
97	9	-1
97	10	L
97	11	L
97	12	L
97	13	Lp
97	14	Lp
97	15	Lp
97	16	Lp
97	17	Lp
97	18	Lp
97	19	Lp
97	20	Lp
97	21	L
97	22	Lp
97	23	U
97	24	-1
97	25	-1
97	26	-1
97	27	Lp
97	28	Lp
97	29	Lp
97	30	-1
97	31	Lp
97	32	Lp
97	33	Lp
97	34	Lp
97	35	L
97	36	Lp
97	37	Lp
97	38	Lp
97	39	L
97	40	L
97	41	U
97	42	L
97	43	U
97	44	L
97	45	U
97	46	L
97	47	-1
97	48	L
97	49	L
97	50	L
97	51	U
97	52	Lp
97	53	Lp
97	54	Lp
97	55	L
97	56	Lp
97	57	L
97	58	L
97	59	L
97	60	L
97	61	-1
97	62	L
97	63	L
97	64	L
97	65	L
97	66	L
97	67	L
97	68	-1
97	69	L
97	70	L
97	71	L
97	72	Lp
97	73	Lp
97	74	L
97	75	Lp
97	76	-1
97	77	Lp
97	78	L
97	79	-1
97	80	L
97	81	L
97	82	-1
97	83	L
97	84	L
97	85	L
97	86	L
97	87	-1
97	88	L
97	89	L
97	90	L
97	91	U
97	92	L
97	93	L
97	94	L
97	95	U
97	96	-1
97	97	-1
97	98	L
97	99	L
97	100	-1
97	101	L
97	102	L
97	103	-1
97	104	L
97	105	L
97	106	Lp
97	107	Lp
97	108	Lp
97	109	L
97	110	L
97	111	Lp
97	112	Lp
97	113	U
97	114	-1
97	115	U
97	116	Lp
97	117	Lp
97	118	Lp
97	119	Lp
98	0	Lp
98	1	Lp
98	2	-1
98	3	Lp
98	4	L
98	5	L
98	6	L
98	7	-1
98	8	Lp
98	9	-1
98	10	-1
98	11	-1
98	12	L
98	13	Lp
98	14	Lp
98	15	Lp
98	16	-1
98	17	Lp
98	18	Lp
98	19	Lp
98	20	Lp
98	21	U
98	22	Lp
98	23	Lp
98	24	U
98	25	L
98	26	-1
98	27	Lp
98	28	-1
98	29	-1
98	30	Lp
98	31	-1
98	32	Lp
98	33	Lp
98	34	Lp
98	35	Lp
98	36	Lp
98	37	Lp
98	38	Lp
98	39	Lp
98	40	Lp
98	41	-1
98	42	L
98	43	U
98	44	U
98	45	L
98	46	L
98	47	L
98	48	-1
98	49	L
98	50	L
98	51	L
98	52	Lp
98	53	L
98	54	L
98	55	L
98	56	L
98	57	L
98	58	Lp
98	59	L
98	60	L
98	61	L
98	62	-1
98	63	L
98	64	L
98	65	L
98	66	L
98	67	-1
98	68	L
98	69	L
98	70	-1
98	71	Lp
98	72	Lp
98	73	L
98	74	L
98	75	L
98	76	L
98	77	L
98	78	L
98	79	-1
98	80	L
98	81	-1
98	82	L
98	83	-1
98	84	L
98	85	L
98	86	L
98	87	L
98	88	L
98	89	L
98	90	L
98	91	-1
98	92	-1
98	93	L
98	94	U
98	95	L
98	96	U
98	97	-1
98	98	Lp
98	99	-1
98	100	L
98	101	L
98	102	L
98	103	L
98	104	L
98	105	Lp
98	106	Lp
98	107	Lp
98	108	L
98	109	Lp
98	110	Lp
98	111	-1
98	112	Lp
98	113	Lp
98	114	Lp
98	115	Lp
98	116	Lp
98	117	Lp
98	118	Lp
98	119	-1
99	0	Lp
99	1	-1
99	2	-1
99	3	Lp
99	4	Lp
99	5	Lp
99	6	Lp
99	7	-1
99	8	Lp
99	9	Lp
99	10	Lp
99	11	L
99	12	L
99	13	Lp
99	14	Lp
99	15	Lp
99	16	Lp
99	17	Lp
99	18	Lp
99	19	Lp
99	20	-1
99	21	Lp
99	22	-1
99	23	-1
99	24	Lp
99	25	Lp
99	26	-1
99	27	L
99	28	L
99	29	Lp
99	30	Lp
99	31	Lp
99	32	Lp
99	33	Lp
99	34	Lp
99	35	-1
99	36	Lp
99	37	Lp
99	38	Lp
99	39	Lp
99	40	-1
99	41	L
99	42	L
99	43	L
99	44	U
99	45	L
99	46	L
99	47	-1
99	48	-1
99	49	U
99	50	L
99	51	L
99	52	L
99	53	L
99	54	L
99	55	-1
99	56	L
99	57	L
99	58	L
99	59	L
99	60	L
99	61	L
99	62	-1
99	63	L
99	64	L
99	65	-1
99	66	L
99	67	L
99	68	-1
99	69	-1
99	70	L
99	71	-1
99	72	Lp
99	73	Lp
99	74	L
99	75	L
99	76	L
99	77	-1
99	78	L
99	79	L
99	80	U
99	81	L
99	82	L
99	83	L
99	84	L
99	85	L
99	86	L
99	87	L
99	88	L
99	89	L
99	90	L
99	91	L
99	92	L
99	93	L
99	94	L
99	95	-1
99	96	Lp
99	97	Lp
99	98	Lp
99	99	L
99	100	L
99	101	L
99	102	L
99	103	L
99	104	Lp
99	105	Lp
99	106	L
99	107	Lp
99	108	L
99	109	L
99	110	Lp
99	111	Lp
99	112	-1
99	113	Lp
99	114	Lp
99	115	Lp
99	116	Lp
99	117	Lp
99	118	Lp
99	119	Lp
100	0	Lp
100	1	Lp
100	2	Lp
100	3	-1
100	4	L
100	5	-1
100	6	Lp
100	7	-1
100	8	Lp
100	9	Lp
100	10	-1
100	11	U
100	12	L
100	13	Lp
100	14	Lp
100	15	U
100	16	-1
100	17	Lp
100	18	Lp
100	19	Lp
100	20	Lp
100	21	L
100	22	L
100	23	L
100	24	-1
100	25	L
100	26	-1
100	27	L
100	28	Lp
100	29	L
100	30	Lp
100	31	-1
100	32	L
100	33	L
100	34	-1
100	35	-1
100	36	U
100	37	L
100	38	Lp
100	39	-1
100	40	L
100	41	L
100	42	L
100	43	L
100	44	L
100	45	L
100	46	L
100	47	L
100	48	U
100	49	L
100	50	-1
100	51	L
100	52	L
100	53	L
100	54	L
100	55	L
100	56	L
100	57	L
100	58	L
100	59	L
100	60	L
100	61	L
100	62	L
100	63	L
100	64	L
100	65	L
100	66	L
100	67	L
100	68	L
100	69	L
100	70	L
100	71	L
100	72	L
100	73	L
100	74	-1
100	75	-1
100	76	L
100	77	-1
100	78	L
100	79	L
100	80	U
100	81	L
100	82	L
100	83	L
100	84	L
100	85	Lp
100	86	U
100	87	Lp
100	88	L
100	89	-1
100	90	L
100	91	L
100	92	-1
100	93	L
100	94	L
100	95	L
100	96	Lp
100	97	Lp
100	98	Lp
100	99	L
100	100	L
100	101	-1
100	102	-1
100	103	Lp
100	104	-1
100	105	L
100	106	-1
100	107	L
100	108	L
100	109	L
100	110	-1
100	111	L
100	112	L
100	113	-1
100	114	-1
100	115	Lp
100	116	Lp
100	117	L
100	118	Lp
100	119	Lp
101	0	Lp
101	1	Lp
101	2	Lp
101	3	-1
101	4	L
101	5	Lp
101	6	-1
101	7	-1
101	8	Lp
101	9	L
101	10	L
101	11	Lp
101	12	L
101	13	Lp
101	14	Lp
101	15	Lp
101	16	Lp
101	17	Lp
101	18	L
101	19	Lp
101	20	Lp
101	21	L
101	22	-1
101	23	L
101	24	Lp
101	25	U
101	26	-1
101	27	Lp
101	28	-1
101	29	L
101	30	Lp
101	31	L
101	32	Lp
101	33	Lp
101	34	L
101	35	U
101	36	L
101	37	L
101	38	L
101	39	L
101	40	-1
101	41	L
101	42	L
101	43	L
101	44	L
101	45	-1
101	46	-1
101	47	L
101	48	-1
101	49	-1
101	50	L
101	51	-1
101	52	L
101	53	L
101	54	L
101	55	L
101	56	L
101	57	U
101	58	-1
101	59	Lp
101	60	Lp
101	61	L
101	62	L
101	63	L
101	64	-1
101	65	L
101	66	L
101	67	L
101	68	L
101	69	L
101	70	L
101	71	L
101	72	L
101	73	L
101	74	L
101	75	L
101	76	L
101	77	L
101	78	L
101	79	-1
101	80	-1
101	81	L
101	82	-1
101	83	L
101	84	U
101	85	U
101	86	Lp
101	87	-1
101	88	L
101	89	L
101	90	-1
101	91	-1
101	92	L
101	93	L
101	94	L
101	95	-1
101	96	L
101	97	Lp
101	98	Lp
101	99	Lp
101	100	L
101	101	L
101	102	L
101	103	L
101	104	L
101	105	L
101	106	L
101	107	L
101	108	L
101	109	-1
101	110	L
101	111	-1
101	112	L
101	113	-1
101	114	-1
101	115	-1
101	116	-1
101	117	-1
101	118	Lp
101	119	Lp
102	0	Lp
102	1	Lp
102	2	Lp
102	3	Lp
102	4	-1
102	5	Lp
102	6	Lp
102	7	-1
102	8	Lp
102	9	Lp
102	10	L
102	11	Lp
102	12	-1
102	13	U
102	14	Lp
102	15	Lp
102	16	-1
102	17	Lp
102	18	L
102	19	-1
102	20	L
102	21	Lp
102	22	Lp
102	23	Lp
102	24	U
102	25	Lp
102	26	Lp
102	27	-1
102	28	-1
102	29	L
102	30	L
102	31	-1
102	32	Lp
102	33	L
102	34	L
102	35	L
102	36	U
102	37	-1
102	38	-1
102	39	L
102	40	L
102	41	L
102	42	L
102	43	L
102	44	L
102	45	-1
102	46	U
102	47	U
102	48	L
102	49	L
102	50	L
102	51	L
102	52	-1
102	53	L
102	54	L
102	55	L
102	56	-1
102	57	Lp
102	58	Lp
102	59	L
102	60	Lp
102	61	L
102	62	L
102	63	L
102	64	L
102	65	-1
102	66	L
102	67	L
102	68	L
102	69	L
102	70	-1
102	71	L
102	72	L
102	73	-1
102	74	L
102	75	L
102	76	-1
102	77	L
102	78	-1
102	79	-1
102	80	L
102	81	L
102	82	-1
102	83	L
102	84	Lp
102	85	Lp
102	86	L
102	87	L
102	88	U
102	89	L
102	90	L
102	91	L
102	92	L
102	93	L
102	94	L
102	95	L
102	96	-1
102	97	-1
102	98	Lp
102	99	Lp
102	100	-1
102	101	L
102	102	L
102	103	L
102	104	L
102	105	L
102	106	L
102	107	L
102	108	-1
102	109	Lp
102	110	Lp
102	111	-1
102	112	L
102	113	L
102	114	-1
102	115	Lp
102	116	Lp
102	117	Lp
102	118	-1
102	119	Lp
103	0	U
103	1	Lp
103	2	Lp
103	3	Lp
103	4	Lp
103	5	-1
103	6	Lp
103	7	Lp
103	8	Lp
103	9	L
103	10	L
103	11	L
103	12	U
103	13	Lp
103	14	L
103	15	L
103	16	-1
103	17	U
103	18	-1
103	19	-1
103	20	Lp
103	21	Lp
103	22	Lp
103	23	U
103	24	U
103	25	Lp
103	26	-1
103	27	L
103	28	-1
103	29	-1
103	30	Lp
103	31	Lp
103	32	Lp
103	33	L
103	34	L
103	35	L
103	36	Lp
103	37	-1
103	38	L
103	39	-1
103	40	Lp
103	41	L
103	42	L
103	43	L
103	44	-1
103	45	-1
103	46	U
103	47	U
103	48	L
103	49	L
103	50	L
103	51	L
103	52	-1
103	53	L
103	54	L
103	55	L
103	56	L
103	57	-1
103	58	-1
103	59	U
103	60	U
103	61	L
103	62	L
103	63	L
103	64	-1
103	65	L
103	66	L
103	67	L
103	68	L
103	69	L
103	70	L
103	71	L
103	72	L
103	73	L
103	74	L
103	75	L
103	76	L
103	77	L
103	78	L
103	79	Lp
103	80	L
103	81	L
103	82	Lp
103	83	L
103	84	L
103	85	L
103	86	Lp
103	87	-1
103	88	U
103	89	-1
103	90	L
103	91	-1
103	92	L
103	93	L
103	94	L
103	95	L
103	96	L
103	97	L
103	98	L
103	99	-1
103	100	L
103	101	U
103	102	L
103	103	-1
103	104	L
103	105	-1
103	106	-1
103	107	L
103	108	L
103	109	L
103	110	Lp
103	111	-1
103	112	Lp
103	113	Lp
103	114	-1
103	115	Lp
103	116	-1
103	117	Lp
103	118	-1
103	119	Lp
104	0	-1
104	1	Lp
104	2	-1
104	3	Lp
104	4	L
104	5	-1
104	6	L
104	7	L
104	8	Lp
104	9	-1
104	10	Lp
104	11	-1
104	12	-1
104	13	L
104	14	Lp
104	15	-1
104	16	L
104	17	Lp
104	18	Lp
104	19	L
104	20	-1
104	21	Lp
104	22	Lp
104	23	U
104	24	L
104	25	U
104	26	Lp
104	27	-1
104	28	-1
104	29	L
104	30	U
104	31	Lp
104	32	-1
104	33	L
104	34	Lp
104	35	-1
104	36	L
104	37	L
104	38	L
104	39	Lp
104	40	L
104	41	Lp
104	42	L
104	43	-1
104	44	-1
104	45	-1
104	46	U
104	47	Lp
104	48	L
104	49	L
104	50	L
104	51	L
104	52	L
104	53	-1
104	54	L
104	55	L
104	56	L
104	57	L
104	58	L
104	59	U
104	60	U
104	61	L
104	62	L
104	63	L
104	64	L
104	65	L
104	66	L
104	67	L
104	68	L
104	69	L
104	70	L
104	71	L
104	72	L
104	73	L
104	74	L
104	75	L
104	76	L
104	77	L
104	78	L
104	79	L
104	80	Lp
104	81	Lp
104	82	Lp
104	83	Lp
104	84	L
104	85	-1
104	86	L
104	87	Lp
104	88	-1
104	89	-1
104	90	L
104	91	L
104	92	L
104	93	L
104	94	L
104	95	L
104	96	L
104	97	L
104	98	-1
104	99	-1
104	100	U
104	101	L
104	102	L
104	103	L
104	104	L
104	105	L
104	106	L
104	107	L
104	108	L
104	109	L
104	110	-1
104	111	Lp
104	112	-1
104	113	-1
104	114	-1
104	115	Lp
104	116	Lp
104	117	Lp
104	118	Lp
104	119	U
105	0	U
105	1	Lp
105	2	-1
105	3	-1
105	4	Lp
105	5	L
105	6	L
105	7	L
105	8	Lp
105	9	-1
105	10	Lp
105	11	-1
105	12	L
105	13	L
105	14	L
105	15	L
105	16	Lp
105	17	-1
105	18	Lp
105	19	L
105	20	-1
105	21	Lp
105	22	Lp
105	23	Lp
105	24	-1
105	25	Lp
105	26	Lp
105	27	-1
105	28	U
105	29	U
105	30	U
105	31	-1
105	32	-1
105	33	Lp
105	34	Lp
105	35	-1
105	36	L
105	37	-1
105	38	L
105	39	Lp
105	40	-1
105	41	Lp
105	42	L
105	43	-1
105	44	-1
105	45	-1
105	46	L
105	47	-1
105	48	-1
105	49	-1
105	50	Lp
105	51	-1
105	52	-1
105	53	Lp
105	54	-1
105	55	Lp
105	56	Lp
105	57	L
105	58	L
105	59	L
105	60	U
105	61	U
105	62	L
105	63	L
105	64	L
105	65	L
105	66	L
105	67	L
105	68	-1
105	69	L
105	70	L
105	71	L
105	72	L
105	73	L
105	74	L
105	75	L
105	76	-1
105	77	L
105	78	L
105	79	L
105	80	L
105	81	-1
105	82	-1
105	83	-1
105	84	Lp
105	85	-1
105	86	Lp
105	87	Lp
105	88	-1
105	89	-1
105	90	-1
105	91	L
105	92	-1
105	93	L
105	94	L
105	95	L
105	96	L
105	97	L
105	98	L
105	99	L
105	100	Lp
105	101	-1
105	102	Lp
105	103	L
105	104	L
105	105	-1
105	106	L
105	107	L
105	108	L
105	109	L
105	110	Lp
105	111	Lp
105	112	-1
105	113	Lp
105	114	Lp
105	115	-1
105	116	U
105	117	Lp
105	118	-1
105	119	Lp
106	0	-1
106	1	U
106	2	-1
106	3	-1
106	4	Lp
106	5	L
106	6	Lp
106	7	Lp
106	8	-1
106	9	-1
106	10	L
106	11	L
106	12	-1
106	13	-1
106	14	L
106	15	Lp
106	16	-1
106	17	Lp
106	18	Lp
106	19	-1
106	20	U
106	21	-1
106	22	-1
106	23	Lp
106	24	Lp
106	25	Lp
106	26	L
106	27	L
106	28	U
106	29	U
106	30	-1
106	31	-1
106	32	L
106	33	Lp
106	34	-1
106	35	L
106	36	L
106	37	L
106	38	L
106	39	L
106	40	L
106	41	-1
106	42	-1
106	43	L
106	44	L
106	45	L
106	46	Lp
106	47	Lp
106	48	-1
106	49	L
106	50	Lp
106	51	Lp
106	52	Lp
106	53	-1
106	54	Lp
106	55	L
106	56	L
106	57	Lp
106	58	L
106	59	-1
106	60	Lp
106	61	Lp
106	62	Lp
106	63	L
106	64	-1
106	65	-1
106	66	L
106	67	L
106	68	L
106	69	L
106	70	L
106	71	L
106	72	L
106	73	L
106	74	-1
106	75	L
106	76	L
106	77	L
106	78	L
106	79	-1
106	80	-1
106	81	-1
106	82	-1
106	83	-1
106	84	Lp
106	85	Lp
106	86	Lp
106	87	Lp
106	88	Lp
106	89	U
106	90	U
106	91	L
106	92	L
106	93	L
106	94	L
106	95	L
106	96	-1
106	97	-1
106	98	L
106	99	L
106	100	L
106	101	-1
106	102	Lp
106	103	-1
106	104	L
106	105	Lp
106	106	Lp
106	107	-1
106	108	L
106	109	Lp
106	110	Lp
106	111	-1
106	112	Lp
106	113	Lp
106	114	Lp
106	115	-1
106	116	U
106	117	Lp
106	118	Lp
106	119	-1
107	0	Lp
107	1	U
107	2	Lp
107	3	Lp
107	4	-1
107	5	Lp
107	6	-1
107	7	Lp
107	8	Lp
107	9	-1
107	10	Lp
107	11	-1
107	12	L
107	13	Lp
107	14	Lp
107	15	Lp
107	16	Lp
107	17	Lp
107	18	Lp
107	19	U
107	20	Lp
107	21	U
107	22	L
107	23	L
107	24	L
107	25	-1
107	26	L
107	27	U
107	28	U
107	29	L
107	30	L
107	31	-1
107	32	L
107	33	Lp
107	34	U
107	35	U
107	36	Lp
107	37	L
107	38	-1
107	39	Lp
107	40	L
107	41	L
107	42	L
107	43	L
107	44	L
107	45	L
107	46	Lp
107	47	L
107	48	L
107	49	Lp
107	50	-1
107	51	-1
107	52	Lp
107	53	Lp
107	54	Lp
107	55	Lp
107	56	Lp
107	57	Lp
107	58	Lp
107	59	L
107	60	Lp
107	61	Lp
107	62	Lp
107	63	Lp
107	64	-1
107	65	-1
107	66	Lp
107	67	L
107	68	L
107	69	L
107	70	L
107	71	L
107	72	-1
107	73	-1
107	74	L
107	75	L
107	76	L
107	77	L
107	78	L
107	79	L
107	80	L
107	81	-1
107	82	Lp
107	83	Lp
107	84	Lp
107	85	-1
107	86	Lp
107	87	Lp
107	88	-1
107	89	Lp
107	90	U
107	91	U
107	92	-1
107	93	L
107	94	L
107	95	L
107	96	L
107	97	-1
107	98	-1
107	99	L
107	100	L
107	101	Lp
107	102	L
107	103	L
107	104	Lp
107	105	Lp
107	106	L
107	107	-1
107	108	Lp
107	109	L
107	110	Lp
107	111	Lp
107	112	Lp
107	113	Lp
107	114	-1
107	115	-1
107	116	U
107	117	Lp
107	118	Lp
107	119	Lp
108	0	Lp
108	1	Lp
108	2	Lp
108	3	Lp
108	4	Lp
108	5	-1
108	6	Lp
108	7	Lp
108	8	L
108	9	L
108	10	-1
108	11	Lp
108	12	Lp
108	13	Lp
108	14	Lp
108	15	-1
108	16	Lp
108	17	-1
108	18	Lp
108	19	Lp
108	20	Lp
108	21	L
108	22	L
108	23	L
108	24	L
108	25	-1
108	26	-1
108	27	L
108	28	U
108	29	Lp
108	30	L
108	31	Lp
108	32	Lp
108	33	U
108	34	U
108	35	Lp
108	36	U
108	37	-1
108	38	L
108	39	Lp
108	40	Lp
108	41	L
108	42	L
108	43	L
108	44	L
108	45	L
108	46	L
108	47	-1
108	48	-1
108	49	Lp
108	50	-1
108	51	Lp
108	52	Lp
108	53	-1
108	54	Lp
108	55	Lp
108	56	Lp
108	57	Lp
108	58	Lp
108	59	-1
108	60	-1
108	61	Lp
108	62	-1
108	63	-1
108	64	-1
108	65	L
108	66	Lp
108	67	-1
108	68	L
108	69	-1
108	70	L
108	71	L
108	72	L
108	73	L
108	74	L
108	75	L
108	76	L
108	77	L
108	78	L
108	79	L
108	80	L
108	81	L
108	82	Lp
108	83	Lp
108	84	Lp
108	85	Lp
108	86	Lp
108	87	-1
108	88	U
108	89	U
108	90	-1
108	91	L
108	92	L
108	93	L
108	94	L
108	95	L
108	96	L
108	97	L
108	98	L
108	99	L
108	100	L
108	101	Lp
108	102	L
108	103	Lp
108	104	-1
108	105	L
108	106	L
108	107	L
108	108	L
108	109	Lp
108	110	Lp
108	111	Lp
108	112	Lp
108	113	Lp
108	114	U
108	115	Lp
108	116	U
108	117	-1
108	118	Lp
108	119	Lp
109	0	Lp
109	1	Lp
109	2	-1
109	3	Lp
109	4	Lp
109	5	Lp
109	6	Lp
109	7	-1
109	8	Lp
109	9	Lp
109	10	-1
109	11	Lp
109	12	Lp
109	13	Lp
109	14	L
109	15	Lp
109	16	L
109	17	Lp
109	18	Lp
109	19	L
109	20	L
109	21	L
109	22	L
109	23	L
109	24	-1
109	25	L
109	26	-1
109	27	Lp
109	28	Lp
109	29	Lp
109	30	L
109	31	Lp
109	32	U
109	33	U
109	34	U
109	35	Lp
109	36	Lp
109	37	Lp
109	38	Lp
109	39	L
109	40	Lp
109	41	L
109	42	L
109	43	L
109	44	-1
109	45	-1
109	46	Lp
109	47	L
109	48	Lp
109	49	-1
109	50	Lp
109	51	Lp
109	52	Lp
109	53	Lp
109	54	-1
109	55	L
109	56	-1
109	57	Lp
109	58	Lp
109	59	-1
109	60	Lp
109	61	Lp
109	62	Lp
109	63	Lp
109	64	-1
109	65	L
109	66	-1
109	67	L
109	68	L
109	69	L
109	70	L
109	71	L
109	72	L
109	73	L
109	74	L
109	75	L
109	76	L
109	77	L
109	78	L
109	79	L
109	80	L
109	81	-1
109	82	L
109	83	Lp
109	84	-1
109	85	Lp
109	86	Lp
109	87	L
109	88	L
109	89	U
109	90	L
109	91	L
109	92	L
109	93	L
109	94	-1
109	95	L
109	96	L
109	97	Lp
109	98	L
109	99	L
109	100	Lp
109	101	L
109	102	Lp
109	103	Lp
109	104	-1
109	105	L
109	106	L
109	107	-1
109	108	-1
109	109	Lp
109	110	Lp
109	111	Lp
109	112	Lp
109	113	-1
109	114	Lp
109	115	U
109	116	Lp
109	117	Lp
109	118	Lp
109	119	-1
110	0	Lp
110	1	Lp
110	2	Lp
110	3	Lp
110	4	Lp
110	5	Lp
110	6	L
110	7	L
110	8	L
110	9	L
110	10	Lp
110	11	Lp
110	12	-1
110	13	Lp
110	14	L
110	15	L
110	16	L
110	17	L
110	18	L
110	19	L
110	20	L
110	21	L
110	22	L
110	23	L
110	24	Lp
110	25	Lp
110	26	L
110	27	L
110	28	-1
110	29	Lp
110	30	Lp
110	31	Lp
110	32	Lp
110	33	Lp
110	34	Lp
110	35	-1
110	36	-1
110	37	L
110	38	L
110	39	L
110	40	-1
110	41	-1
110	42	Lp
110	43	L
110	44	L
110	45	-1
110	46	L
110	47	L
110	48	Lp
110	49	Lp
110	50	Lp
110	51	-1
110	52	Lp
110	53	-1
110	54	Lp
110	55	Lp
110	56	L
110	57	-1
110	58	Lp
110	59	L
110	60	-1
110	61	Lp
110	62	Lp
110	63	Lp
110	64	Lp
110	65	Lp
110	66	L
110	67	-1
110	68	-1
110	69	L
110	70	-1
110	71	L
110	72	L
110	73	L
110	74	L
110	75	-1
110	76	L
110	77	L
110	78	L
110	79	-1
110	80	L
110	81	L
110	82	L
110	83	Lp
110	84	-1
110	85	Lp
110	86	Lp
110	87	L
110	88	L
110	89	L
110	90	L
110	91	L
110	92	L
110	93	L
110	94	-1
110	95	-1
110	96	Lp
110	97	Lp
110	98	Lp
110	99	Lp
110	100	Lp
110	101	Lp
110	102	L
110	103	Lp
110	104	U
110	105	L
110	106	L
110	107	L
110	108	L
110	109	L
110	110	-1
110	111	Lp
110	112	Lp
110	113	Lp
110	114	Lp
110	115	Lp
110	116	Lp
110	117	Lp
110	118	U
110	119	Lp
111	0	-1
111	1	Lp
111	2	Lp
111	3	Lp
111	4	-1
111	5	-1
111	6	L
111	7	L
111	8	L
111	9	-1
111	10	Lp
111	11	Lp
111	12	L
111	13	L
111	14	L
111	15	L
111	16	Lp
111	17	L
111	18	Lp
111	19	L
111	20	L
111	21	L
111	22	-1
111	23	Lp
111	24	-1
111	25	Lp
111	26	Lp
111	27	L
111	28	L
111	29	Lp
111	30	-1
111	31	Lp
111	32	-1
111	33	Lp
111	34	Lp
111	35	Lp
111	36	L
111	37	L
111	38	L
111	39	L
111	40	-1
111	41	Lp
111	42	-1
111	43	L
111	44	L
111	45	L
111	46	L
111	47	L
111	48	Lp
111	49	Lp
111	50	Lp
111	51	Lp
111	52	-1
111	53	Lp
111	54	Lp
111	55	-1
111	56	L
111	57	-1
111	58	Lp
111	59	-1
111	60	-1
111	61	Lp
111	62	L
111	63	L
111	64	L
111	65	L
111	66	L
111	67	L
111	68	L
111	69	-1
111	70	L
111	71	-1
111	72	L
111	73	L
111	74	Lp
111	75	L
111	76	L
111	77	L
111	78	L
111	79	L
111	80	-1
111	81	L
111	82	L
111	83	Lp
111	84	Lp
111	85	-1
111	86	Lp
111	87	Lp
111	88	L
111	89	L
111	90	-1
111	91	L
111	92	L
111	93	Lp
111	94	L
111	95	-1
111	96	Lp
111	97	Lp
111	98	Lp
111	99	-1
111	100	-1
111	101	L
111	102	Lp
111	103	Lp
111	104	U
111	105	-1
111	106	-1
111	107	L
111	108	L
111	109	-1
111	110	L
111	111	-1
111	112	Lp
111	113	Lp
111	114	Lp
111	115	Lp
111	116	-1
111	117	-1
111	118	-1
111	119	Lp
112	0	Lp
112	1	Lp
112	2	Lp
112	3	Lp
112	4	-1
112	5	U
112	6	Lp
112	7	L
112	8	Lp
112	9	Lp
112	10	-1
112	11	Lp
112	12	Lp
112	13	L
112	14	-1
112	15	Lp
112	16	-1
112	17	Lp
112	18	L
112	19	-1
112	20	L
112	21	Lp
112	22	L
112	23	L
112	24	L
112	25	L
112	26	L
112	27	Lp
112	28	Lp
112	29	Lp
112	30	Lp
112	31	L
112	32	Lp
112	33	-1
112	34	-1
112	35	-1
112	36	Lp
112	37	L
112	38	L
112	39	L
112	40	-1
112	41	L
112	42	-1
112	43	-1
112	44	L
112	45	Lp
112	46	-1
112	47	Lp
112	48	Lp
112	49	Lp
112	50	L
112	51	L
112	52	Lp
112	53	Lp
112	54	-1
112	55	U
112	56	L
112	57	Lp
112	58	Lp
112	59	Lp
112	60	-1
112	61	-1
112	62	L
112	63	L
112	64	L
112	65	L
112	66	L
112	67	-1
112	68	L
112	69	L
112	70	L
112	71	L
112	72	-1
112	73	-1
112	74	L
112	75	L
112	76	L
112	77	L
112	78	L
112	79	L
112	80	L
112	81	L
112	82	Lp
112	83	-1
112	84	-1
112	85	L
112	86	Lp
112	87	L
112	88	L
112	89	Lp
112	90	L
112	91	L
112	92	Lp
112	93	Lp
112	94	-1
112	95	-1
112	96	L
112	97	Lp
112	98	Lp
112	99	Lp
112	100	Lp
112	101	Lp
112	102	Lp
112	103	Lp
112	104	Lp
112	105	L
112	106	L
112	107	L
112	108	-1
112	109	L
112	110	Lp
112	111	-1
112	112	Lp
112	113	-1
112	114	-1
112	115	Lp
112	116	Lp
112	117	-1
112	118	-1
112	119	-1
113	0	Lp
113	1	Lp
113	2	Lp
113	3	-1
113	4	Lp
113	5	Lp
113	6	Lp
113	7	Lp
113	8	L
113	9	Lp
113	10	Lp
113	11	-1
113	12	Lp
113	13	L
113	14	Lp
113	15	Lp
113	16	Lp
113	17	Lp
113	18	L
113	19	Lp
113	20	Lp
113	21	L
113	22	L
113	23	L
113	24	L
113	25	L
113	26	L
113	27	-1
113	28	Lp
113	29	L
113	30	L
113	31	L
113	32	Lp
113	33	Lp
113	34	Lp
113	35	Lp
113	36	Lp
113	37	Lp
113	38	-1
113	39	L
113	40	L
113	41	Lp
113	42	L
113	43	Lp
113	44	L
113	45	L
113	46	-1
113	47	Lp
113	48	Lp
113	49	Lp
113	50	Lp
113	51	L
113	52	L
113	53	Lp
113	54	L
113	55	L
113	56	L
113	57	L
113	58	Lp
113	59	-1
113	60	Lp
113	61	Lp
113	62	L
113	63	Lp
113	64	-1
113	65	Lp
113	66	L
113	67	L
113	68	L
113	69	L
113	70	L
113	71	L
113	72	L
113	73	-1
113	74	L
113	75	L
113	76	L
113	77	L
113	78	L
113	79	L
113	80	L
113	81	Lp
113	82	Lp
113	83	Lp
113	84	L
113	85	Lp
113	86	L
113	87	L
113	88	Lp
113	89	Lp
113	90	L
113	91	L
113	92	Lp
113	93	L
113	94	-1
113	95	-1
113	96	Lp
113	97	Lp
113	98	-1
113	99	-1
113	100	Lp
113	101	-1
113	102	-1
113	103	Lp
113	104	Lp
113	105	L
113	106	L
113	107	L
113	108	-1
113	109	-1
113	110	Lp
113	111	L
113	112	-1
113	113	Lp
113	114	Lp
113	115	Lp
113	116	Lp
113	117	Lp
113	118	Lp
113	119	-1
114	0	Lp
114	1	-1
114	2	Lp
114	3	Lp
114	4	Lp
114	5	-1
114	6	Lp
114	7	Lp
114	8	Lp
114	9	-1
114	10	Lp
114	11	-1
114	12	Lp
114	13	Lp
114	14	Lp
114	15	Lp
114	16	L
114	17	L
114	18	-1
114	19	Lp
114	20	L
114	21	-1
114	22	-1
114	23	L
114	24	L
114	25	L
114	26	L
114	27	Lp
114	28	L
114	29	Lp
114	30	L
114	31	L
114	32	Lp
114	33	Lp
114	34	Lp
114	35	Lp
114	36	Lp
114	37	L
114	38	L
114	39	-1
114	40	-1
114	41	Lp
114	42	Lp
114	43	L
114	44	L
114	45	L
114	46	Lp
114	47	Lp
114	48	Lp
114	49	-1
114	50	-1
114	51	L
114	52	-1
114	53	L
114	54	L
114	55	L
114	56	L
114	57	L
114	58	-1
114	59	L
114	60	Lp
114	61	Lp
114	62	Lp
114	63	Lp
114	64	Lp
114	65	Lp
114	66	L
114	67	L
114	68	-1
114	69	L
114	70	L
114	71	L
114	72	Lp
114	73	Lp
114	74	Lp
114	75	Lp
114	76	L
114	77	L
114	78	L
114	79	-1
114	80	L
114	81	Lp
114	82	L
114	83	L
114	84	Lp
114	85	L
114	86	Lp
114	87	L
114	88	-1
114	89	-1
114	90	-1
114	91	Lp
114	92	U
114	93	L
114	94	-1
114	95	Lp
114	96	L
114	97	Lp
114	98	Lp
114	99	L
114	100	L
114	101	-1
114	102	Lp
114	103	L
114	104	-1
114	105	L
114	106	-1
114	107	L
114	108	Lp
114	109	-1
114	110	-1
114	111	-1
114	112	Lp
114	113	Lp
114	114	Lp
114	115	Lp
114	116	Lp
114	117	Lp
114	118	-1
114	119	Lp
115	0	Lp
115	1	Lp
115	2	Lp
115	3	Lp
115	4	L
115	5	-1
115	6	Lp
115	7	Lp
115	8	Lp
115	9	Lp
115	10	Lp
115	11	Lp
115	12	Lp
115	13	Lp
115	14	Lp
115	15	L
115	16	L
115	17	-1
115	18	Lp
115	19	Lp
115	20	L
115	21	L
115	22	Lp
115	23	Lp
115	24	L
115	25	L
115	26	-1
115	27	-1
115	28	Lp
115	29	-1
115	30	L
115	31	-1
115	32	Lp
115	33	Lp
115	34	Lp
115	35	Lp
115	36	-1
115	37	Lp
115	38	Lp
115	39	Lp
115	40	-1
115	41	Lp
115	42	L
115	43	L
115	44	L
115	45	Lp
115	46	Lp
115	47	Lp
115	48	Lp
115	49	Lp
115	50	-1
115	51	-1
115	52	-1
115	53	-1
115	54	L
115	55	L
115	56	-1
115	57	L
115	58	-1
115	59	L
115	60	Lp
115	61	Lp
115	62	Lp
115	63	Lp
115	64	Lp
115	65	Lp
115	66	L
115	67	-1
115	68	L
115	69	L
115	70	L
115	71	Lp
115	72	Lp
115	73	L
115	74	-1
115	75	Lp
115	76	L
115	77	-1
115	78	L
115	79	U
115	80	L
115	81	L
115	82	L
115	83	Lp
115	84	-1
115	85	Lp
115	86	Lp
115	87	-1
115	88	Lp
115	89	L
115	90	Lp
115	91	L
115	92	L
115	93	U
115	94	L
115	95	L
115	96	-1
115	97	Lp
115	98	Lp
115	99	-1
115	100	L
115	101	-1
115	102	L
115	103	Lp
115	104	L
115	105	Lp
115	106	-1
115	107	L
115	108	Lp
115	109	-1
115	110	Lp
115	111	Lp
115	112	Lp
115	113	Lp
115	114	Lp
115	115	-1
115	116	Lp
115	117	Lp
115	118	-1
115	119	Lp
116	0	Lp
116	1	-1
116	2	Lp
116	3	Lp
116	4	-1
116	5	Lp
116	6	-1
116	7	Lp
116	8	-1
116	9	Lp
116	10	Lp
116	11	-1
116	12	-1
116	13	Lp
116	14	-1
116	15	L
116	16	L
116	17	Lp
116	18	L
116	19	L
116	20	Lp
116	21	L
116	22	Lp
116	23	U
116	24	Lp
116	25	Lp
116	26	Lp
116	27	Lp
116	28	Lp
116	29	Lp
116	30	Lp
116	31	Lp
116	32	Lp
116	33	Lp
116	34	Lp
116	35	Lp
116	36	L
116	37	L
116	38	L
116	39	Lp
116	40	Lp
116	41	Lp
116	42	Lp
116	43	-1
116	44	L
116	45	Lp
116	46	Lp
116	47	Lp
116	48	L
116	49	L
116	50	Lp
116	51	Lp
116	52	L
116	53	-1
116	54	-1
116	55	L
116	56	L
116	57	L
116	58	Lp
116	59	Lp
116	60	Lp
116	61	Lp
116	62	Lp
116	63	-1
116	64	Lp
116	65	-1
116	66	Lp
116	67	L
116	68	L
116	69	L
116	70	Lp
116	71	Lp
116	72	L
116	73	L
116	74	L
116	75	L
116	76	Lp
116	77	L
116	78	L
116	79	Lp
116	80	L
116	81	-1
116	82	Lp
116	83	-1
116	84	Lp
116	85	L
116	86	Lp
116	87	Lp
116	88	Lp
116	89	Lp
116	90	-1
116	91	-1
116	92	-1
116	93	Lp
116	94	-1
116	95	Lp
116	96	-1
116	97	Lp
116	98	Lp
116	99	L
116	100	L
116	101	L
116	102	Lp
116	103	Lp
116	104	Lp
116	105	L
116	106	Lp
116	107	Lp
116	108	Lp
116	109	Lp
116	110	Lp
116	111	Lp
116	112	Lp
116	113	Lp
116	114	Lp
116	115	Lp
116	116	Lp
116	117	Lp
116	118	Lp
116	119	Lp
117	0	Lp
117	1	-1
117	2	Lp
117	3	Lp
117	4	Lp
117	5	-1
117	6	Lp
117	7	Lp
117	8	Lp
117	9	Lp
117	10	Lp
117	11	Lp
117	12	Lp
117	13	Lp
117	14	-1
117	15	-1
117	16	L
117	17	Lp
117	18	-1
117	19	L
117	20	-1
117	21	Lp
117	22	-1
117	23	L
117	24	Lp
117	25	Lp
117	26	Lp
117	27	Lp
117	28	Lp
117	29	Lp
117	30	Lp
117	31	Lp
117	32	Lp
117	33	Lp
117	34	Lp
117	35	Lp
117	36	Lp
117	37	L
117	38	-1
117	39	U
117	40	Lp
117	41	Lp
117	42	Lp
117	43	Lp
117	44	Lp
117	45	Lp
117	46	Lp
117	47	L
117	48	Lp
117	49	-1
117	50	-1
117	51	Lp
117	52	-1
117	53	L
117	54	Lp
117	55	-1
117	56	-1
117	57	L
117	58	Lp
117	59	Lp
117	60	-1
117	61	Lp
117	62	Lp
117	63	Lp
117	64	Lp
117	65	Lp
117	66	-1
117	67	-1
117	68	L
117	69	L
117	70	Lp
117	71	-1
117	72	-1
117	73	L
117	74	L
117	75	L
117	76	Lp
117	77	Lp
117	78	L
117	79	Lp
117	80	Lp
117	81	Lp
117	82	-1
117	83	Lp
117	84	L
117	85	L
117	86	L
117	87	Lp
117	88	-1
117	89	Lp
117	90	Lp
117	91	Lp
117	92	Lp
117	93	Lp
117	94	Lp
117	95	Lp
117	96	L
117	97	L
117	98	L
117	99	L
117	100	L
117	101	-1
117	102	-1
117	103	Lp
117	104	-1
117	105	Lp
117	106	L
117	107	Lp
117	108	Lp
117	109	Lp
117	110	L
117	111	L
117	112	Lp
117	113	Lp
117	114	Lp
117	115	Lp
117	116	-1
117	117	-1
117	118	Lp
117	119	Lp
118	0	Lp
118	1	Lp
118	2	Lp
118	3	Lp
118	4	Lp
118	5	Lp
118	6	Lp
118	7	-1
118	8	Lp
118	9	Lp
118	10	Lp
118	11	-1
118	12	-1
118	13	L
118	14	L
118	15	L
118	16	L
118	17	L
118	18	L
118	19	-1
118	20	L
118	21	L
118	22	U
118	23	L
118	24	L
118	25	L
118	26	Lp
118	27	Lp
118	28	Lp
118	29	-1
118	30	Lp
118	31	Lp
118	32	-1
118	33	Lp
118	34	Lp
118	35	-1
118	36	Lp
118	37	Lp
118	38	U
118	39	U
118	40	L
118	41	L
118	42	Lp
118	43	L
118	44	Lp
118	45	Lp
118	46	L
118	47	L
118	48	L
118	49	Lp
118	50	L
118	51	L
118	52	L
118	53	L
118	54	L
118	55	L
118	56	L
118	57	L
118	58	-1
118	59	Lp
118	60	Lp
118	61	Lp
118	62	Lp
118	63	Lp
118	64	L
118	65	U
118	66	Lp
118	67	Lp
118	68	Lp
118	69	Lp
118	70	Lp
118	71	Lp
118	72	L
118	73	Lp
118	74	L
118	75	L
118	76	L
118	77	L
118	78	-1
118	79	Lp
118	80	Lp
118	81	Lp
118	82	-1
118	83	U
118	84	-1
118	85	L
118	86	Lp
118	87	Lp
118	88	Lp
118	89	Lp
118	90	Lp
118	91	-1
118	92	Lp
118	93	Lp
118	94	Lp
118	95	U
118	96	U
118	97	-1
118	98	L
118	99	L
118	100	L
118	101	-1
118	102	Lp
118	103	Lp
118	104	Lp
118	105	L
118	106	L
118	107	Lp
118	108	Lp
118	109	L
118	110	L
118	111	L
118	112	L
118	113	L
118	114	Lp
118	115	Lp
118	116	Lp
118	117	Lp
118	118	Lp
118	119	Lp
119	0	Lp
119	1	-1
119	2	Lp
119	3	Lp
119	4	Lp
119	5	Lp
119	6	Lp
119	7	-1
119	8	Lp
119	9	Lp
119	10	-1
119	11	L
119	12	-1
119	13	L
119	14	L
119	15	L
119	16	L
119	17	L
119	18	L
119	19	L
119	20	U
119	21	U
119	22	-1
119	23	L
119	24	-1
119	25	-1
119	26	Lp
119	27	L
119	28	Lp
119	29	L
119	30	Lp
119	31	-1
119	32	Lp
119	33	Lp
119	34	Lp
119	35	Lp
119	36	Lp
119	37	U
119	38	U
119	39	U
119	40	L
119	41	L
119	42	L
119	43	L
119	44	L
119	45	L
119	46	L
119	47	L
119	48	Lp
119	49	Lp
119	50	-1
119	51	L
119	52	L
119	53	L
119	54	-1
119	55	L
119	56	L
119	57	L
119	58	L
119	59	U
119	60	Lp
119	61	-1
119	62	Lp
119	63	-1
119	64	-1
119	65	-1
119	66	U
119	67	Lp
119	68	Lp
119	69	Lp
119	70	Lp
119	71	Lp
119	72	Lp
119	73	L
119	74	Lp
119	75	Lp
119	76	L
119	77	L
119	78	Lp
119	79	-1
119	80	Lp
119	81	Lp
119	82	Lp
119	83	L
119	84	U
119	85	U
119	86	L
119	87	Lp
119	88	Lp
119	89	Lp
119	90	-1
119	91	Lp
119	92	Lp
119	93	Lp
119	94	Lp
119	95	Lp
119	96	Lp
119	97	-1
119	98	L
119	99	L
119	100	L
119	101	L
119	102	L
119	103	-1
119	104	L
119	105	L
119	106	L
119	107	-1
119	108	L
119	109	L
119	110	L
119	111	Lp
119	112	-1
119	113	-1
119	114	Lp
119	115	-1
119	116	Lp
119	117	-1
119	118	Lp
119	119	Lp
