0	0	L
0	1	Lc
0	2	L
0	3	Lc
0	4	L
0	5	-1
0	6	L
0	7	L
0	8	L
0	9	L
0	10	Lc
0	11	-1
0	12	L
0	13	Lc
0	14	-1
0	15	Lc
0	16	Lc
0	17	Lc
0	18	Uc
0	19	Lc
0	20	Lc
0	21	Lc
0	22	Lc
0	23	Lc
0	24	Lc
0	25	Uc
0	26	Lc
0	27	Lc
0	28	Lc
0	29	Lc
0	30	Lc
0	31	Lc
0	32	Lc
0	33	Lc
0	34	Lc
0	35	Lc
0	36	-1
0	37	Lc
0	38	Lc
0	39	Lc
0	40	Lc
0	41	Lc
0	42	Lc
0	43	Lc
0	44	Lc
0	45	Lc
0	46	Lp
0	47	Lp
0	48	Lc
0	49	Lc
0	50	Lc
0	51	Lc
0	52	-1
0	53	U
0	54	Lc
0	55	Uc
0	56	Lc
0	57	Lp
0	58	Lp
0	59	Lp
0	60	Lc
0	61	Lc
0	62	Lc
0	63	Lc
0	64	-1
0	65	Lc
0	66	Lc
0	67	L
0	68	L
0	69	L
0	70	-1
0	71	L
0	72	L
0	73	Lc
0	74	Lc
0	75	Lc
0	76	Lc
0	77	L
0	78	Lc
0	79	Lc
0	80	Lc
0	81	Lc
0	82	-1
0	83	Lc
0	84	Lc
0	85	-1
0	86	Lc
0	87	Lc
0	88	-1
0	89	Lc
0	90	Lc
0	91	-1
0	92	Lcp
0	93	Lcp
0	94	Lc
0	95	Lcp
0	96	Lcp
0	97	Lcp
0	98	Lcp
0	99	Lc
0	100	Lc
0	101	Lc
0	102	Lc
0	103	L
0	104	L
0	105	L
0	106	L
0	107	Lc
0	108	Lc
0	109	L
0	110	L
0	111	L
0	112	L
0	113	Uc
0	114	U
0	115	Lc
0	116	-1
0	117	L
0	118	L
0	119	Lc
1	0	L
1	1	L
1	2	L
1	3	L
1	4	L
1	5	-1
1	6	L
1	7	L
1	8	L
1	9	Lc
1	10	L
1	11	Lc
1	12	Lc
1	13	-1
1	14	Lc
1	15	Lc
1	16	Lc
1	17	Lc
1	18	Lc
1	19	Lc
1	20	Lc
1	21	Lc
1	22	Lc
1	23	-1
1	24	Lc
1	25	-1
1	26	-1
1	27	Uc
1	28	Lc
1	29	Lc
1	30	Lc
1	31	Lc
1	32	Lc
1	33	Lc
1	34	Lc
1	35	Lc
1	36	-1
1	37	Lc
1	38	Lc
1	39	Lc
1	40	Lc
1	41	Lc
1	42	Lc
1	43	Lc
1	44	Lc
1	45	Lc
1	46	Lc
1	47	Lp
1	48	Lc
1	49	Lc
1	50	Lc
1	51	Lp
1	52	Lp
1	53	Lp
1	54	Lc
1	55	Lc
1	56	-1
1	57	Lp
1	58	Lp
1	59	Lp
1	60	Lc
1	61	Lc
1	62	Lc
1	63	Lc
1	64	-1
1	65	Lp
1	66	Lp
1	67	Lc
1	68	L
1	69	Lc
1	70	L
1	71	L
1	72	L
1	73	Lc
1	74	L
1	75	Lc
1	76	Lc
1	77	Lc
1	78	Lc
1	79	Lc
1	80	-1
1	81	Lc
1	82	Lc
1	83	Lc
1	84	Lc
1	85	Lc
1	86	-1
1	87	Lc
1	88	Lc
1	89	Lc
1	90	Lc
1	91	Lc
1	92	Lc
1	93	Lcp
1	94	Lc
1	95	-1
1	96	Lcp
1	97	Lcp
1	98	-1
1	99	Lc
1	100	Lc
1	101	Lc
1	102	Lc
1	103	Lc
1	104	Lc
1	105	L
1	106	Lc
1	107	Lc
1	108	Lc
1	109	U
1	110	-1
1	111	L
1	112	-1
1	113	L
1	114	L
1	115	L
1	116	L
1	117	L
1	118	L
1	119	L
2	0	L
2	1	U
2	2	L
2	3	L
2	4	L
2	5	L
2	6	-1
2	7	L
2	8	L
2	9	Lc
2	10	-1
2	11	Lc
2	12	Lc
2	13	Lc
2	14	Lc
2	15	Lc
2	16	Lc
2	17	Lc
2	18	Lc
2	19	Lc
2	20	Lc
2	21	Lc
2	22	Lc
2	23	-1
2	24	Lc
2	25	Uc
2	26	Uc
2	27	-1
2	28	Lc
2	29	Lc
2	30	Lc
2	31	-1
2	32	Lc
2	33	Lc
2	34	L
2	35	Lc
2	36	Lc
2	37	Lc
2	38	-1
2	39	Lc
2	40	Lc
2	41	-1
2	42	Lc
2	43	Lc
2	44	-1
2	45	-1
2	46	Lc
2	47	Lp
2	48	Lp
2	49	Lp
2	50	-1
2	51	-1
2	52	-1
2	53	-1
2	54	Lp
2	55	Lp
2	56	-1
2	57	Lp
2	58	Lp
2	59	Lp
2	60	Lc
2	61	Lc
2	62	Lc
2	63	Lc
2	64	Lc
2	65	Lp
2	66	Lc
2	67	Lc
2	68	Lc
2	69	Lc
2	70	Lc
2	71	L
2	72	L
2	73	L
2	74	Lp
2	75	Lc
2	76	Uc
2	77	Lc
2	78	Lc
2	79	Lc
2	80	Lc
2	81	Lc
2	82	Lc
2	83	Lc
2	84	Lc
2	85	Lc
2	86	Lc
2	87	Lc
2	88	-1
2	89	-1
2	90	-1
2	91	Lc
2	92	Lc
2	93	Lc
2	94	Lcp
2	95	Lcp
2	96	Lcp
2	97	Lcp
2	98	Lc
2	99	Lc
2	100	Lc
2	101	L
2	102	Lc
2	103	Lc
2	104	Lc
2	105	Lc
2	106	Lc
2	107	Lc
2	108	Lc
2	109	-1
2	110	L
2	111	L
2	112	L
2	113	L
2	114	L
2	115	L
2	116	L
2	117	U
2	118	L
2	119	L
3	0	L
3	1	U
3	2	-1
3	3	-1
3	4	L
3	5	L
3	6	L
3	7	L
3	8	L
3	9	L
3	10	Lc
3	11	Lc
3	12	Lc
3	13	Lc
3	14	Lc
3	15	Lc
3	16	Lc
3	17	Lc
3	18	Lc
3	19	-1
3	20	Lc
3	21	Lc
3	22	Lc
3	23	Lc
3	24	Lc
3	25	Lc
3	26	Lc
3	27	Lc
3	28	Lc
3	29	-1
3	30	Lc
3	31	Lc
3	32	Lc
3	33	L
3	34	Lc
3	35	Lc
3	36	Lc
3	37	Lc
3	38	Lc
3	39	Lc
3	40	-1
3	41	Lc
3	42	Lc
3	43	Lc
3	44	Lc
3	45	-1
3	46	Lc
3	47	Lc
3	48	-1
3	49	Lp
3	50	Lp
3	51	Lp
3	52	Lp
3	53	Lp
3	54	-1
3	55	Lp
3	56	Lp
3	57	Lp
3	58	Lp
3	59	Uc
3	60	Lc
3	61	Uc
3	62	Lc
3	63	Lc
3	64	-1
3	65	Lp
3	66	Lc
3	67	Lc
3	68	-1
3	69	L
3	70	L
3	71	Lp
3	72	Lp
3	73	L
3	74	L
3	75	Lp
3	76	Lc
3	77	Lc
3	78	-1
3	79	Lc
3	80	Lc
3	81	Lc
3	82	-1
3	83	Lc
3	84	Lc
3	85	-1
3	86	Lc
3	87	Lc
3	88	Lc
3	89	Lc
3	90	-1
3	91	Lc
3	92	L
3	93	Lc
3	94	L
3	95	L
3	96	Lcp
3	97	Lcp
3	98	Lc
3	99	Lcp
3	100	-1
3	101	L
3	102	Lc
3	103	Lc
3	104	-1
3	105	Lc
3	106	Lc
3	107	Lc
3	108	L
3	109	Lc
3	110	L
3	111	L
3	112	L
3	113	L
3	114	L
3	115	L
3	116	L
3	117	L
3	118	L
3	119	L
4	0	U
4	1	U
4	2	U
4	3	-1
4	4	-1
4	5	L
4	6	L
4	7	U
4	8	U
4	9	U
4	10	Lc
4	11	-1
4	12	Lc
4	13	Lc
4	14	Lc
4	15	Lc
4	16	Lc
4	17	Lc
4	18	Lc
4	19	Lc
4	20	Lc
4	21	Lc
4	22	Lc
4	23	Lc
4	24	Lc
4	25	Lc
4	26	Lc
4	27	Lc
4	28	Lc
4	29	Lc
4	30	Lc
4	31	Lc
4	32	Lc
4	33	Lc
4	34	Lc
4	35	Lc
4	36	Lc
4	37	-1
4	38	Lc
4	39	Lc
4	40	Lc
4	41	Lc
4	42	Lc
4	43	Lc
4	44	Lc
4	45	-1
4	46	Lc
4	47	Lp
4	48	Lp
4	49	Lp
4	50	Lc
4	51	Lp
4	52	Lp
4	53	Lp
4	54	Lp
4	55	Lp
4	56	-1
4	57	Lp
4	58	Lc
4	59	Lc
4	60	Lc
4	61	Uc
4	62	Uc
4	63	Uc
4	64	Lc
4	65	L
4	66	Lp
4	67	Lp
4	68	L
4	69	L
4	70	U
4	71	U
4	72	L
4	73	Lp
4	74	-1
4	75	L
4	76	Lc
4	77	Lc
4	78	Lc
4	79	Lc
4	80	Lc
4	81	Lc
4	82	-1
4	83	-1
4	84	Lc
4	85	Lc
4	86	Lc
4	87	Lc
4	88	Lc
4	89	Lc
4	90	Lc
4	91	Lc
4	92	Lc
4	93	Lc
4	94	L
4	95	L
4	96	L
4	97	Lc
4	98	L
4	99	Lcp
4	100	Lc
4	101	-1
4	102	-1
4	103	-1
4	104	Lc
4	105	Uc
4	106	Lc
4	107	L
4	108	Lc
4	109	L
4	110	L
4	111	Lc
4	112	L
4	113	L
4	114	L
4	115	L
4	116	L
4	117	-1
4	118	L
4	119	Lc
5	0	U
5	1	U
5	2	U
5	3	L
5	4	L
5	5	L
5	6	L
5	7	L
5	8	-1
5	9	U
5	10	U
5	11	U
5	12	-1
5	13	Lc
5	14	Lc
5	15	Lc
5	16	L
5	17	Lc
5	18	L
5	19	L
5	20	Lc
5	21	Lc
5	22	U
5	23	Lc
5	24	Lc
5	25	Lc
5	26	Lc
5	27	Lc
5	28	Lc
5	29	-1
5	30	Lc
5	31	-1
5	32	Lc
5	33	Lc
5	34	Lc
5	35	Lc
5	36	Lc
5	37	Lc
5	38	Lc
5	39	Lc
5	40	-1
5	41	Lc
5	42	Lc
5	43	Lc
5	44	-1
5	45	Lc
5	46	Lc
5	47	Lp
5	48	Lp
5	49	Lp
5	50	Lp
5	51	Lc
5	52	Lp
5	53	Lp
5	54	Lp
5	55	Lp
5	56	Lp
5	57	Lp
5	58	Lc
5	59	Lc
5	60	Lc
5	61	Lc
5	62	-1
5	63	Lc
5	64	-1
5	65	L
5	66	Lc
5	67	-1
5	68	-1
5	69	Lp
5	70	Lp
5	71	Lp
5	72	Lp
5	73	Lp
5	74	L
5	75	Lp
5	76	L
5	77	-1
5	78	Lc
5	79	Lc
5	80	Lc
5	81	Lc
5	82	Lc
5	83	Lc
5	84	Lc
5	85	Lc
5	86	Lc
5	87	Lc
5	88	Lc
5	89	Lc
5	90	-1
5	91	L
5	92	L
5	93	L
5	94	L
5	95	L
5	96	L
5	97	L
5	98	L
5	99	Lcp
5	100	Lcp
5	101	Lc
5	102	Lc
5	103	Lc
5	104	U
5	105	Lc
5	106	Uc
5	107	Lc
5	108	L
5	109	L
5	110	Lc
5	111	L
5	112	L
5	113	L
5	114	Lc
5	115	L
5	116	L
5	117	Lc
5	118	Lc
5	119	U
6	0	Lc
6	1	U
6	2	L
6	3	Lc
6	4	L
6	5	L
6	6	L
6	7	L
6	8	L
6	9	U
6	10	U
6	11	Lc
6	12	U
6	13	Lc
6	14	Lc
6	15	Lc
6	16	Lc
6	17	L
6	18	L
6	19	-1
6	20	Lc
6	21	Uc
6	22	U
6	23	U
6	24	Lc
6	25	Lc
6	26	Lc
6	27	-1
6	28	Lc
6	29	Lc
6	30	Lc
6	31	-1
6	32	Lc
6	33	Lc
6	34	Lc
6	35	Uc
6	36	Lc
6	37	-1
6	38	Lc
6	39	-1
6	40	Lc
6	41	-1
6	42	-1
6	43	Lc
6	44	Lc
6	45	Lc
6	46	Lc
6	47	-1
6	48	Lp
6	49	-1
6	50	-1
6	51	Lp
6	52	Lp
6	53	Lp
6	54	Lp
6	55	-1
6	56	Lp
6	57	Lc
6	58	Lc
6	59	Lc
6	60	Uc
6	61	Lc
6	62	Lc
6	63	-1
6	64	Lc
6	65	-1
6	66	L
6	67	Lc
6	68	L
6	69	L
6	70	Lp
6	71	Lp
6	72	-1
6	73	L
6	74	L
6	75	L
6	76	Lc
6	77	Lc
6	78	Lc
6	79	Lc
6	80	Lc
6	81	Lc
6	82	Lc
6	83	Lc
6	84	Lc
6	85	Lc
6	86	Lc
6	87	Lc
6	88	Lc
6	89	Lc
6	90	-1
6	91	L
6	92	Uc
6	93	Uc
6	94	L
6	95	Lcp
6	96	L
6	97	Lcp
6	98	Lcp
6	99	Lc
6	100	Lc
6	101	Lc
6	102	Lc
6	103	Lc
6	104	Lc
6	105	Lc
6	106	-1
6	107	-1
6	108	Lc
6	109	Lc
6	110	Uc
6	111	Lc
6	112	L
6	113	Lc
6	114	Lc
6	115	-1
6	116	Lc
6	117	L
6	118	L
6	119	Lc
7	0	U
7	1	Lc
7	2	U
7	3	U
7	4	U
7	5	L
7	6	U
7	7	L
7	8	U
7	9	Lc
7	10	Lc
7	11	Lc
7	12	Lc
7	13	Lc
7	14	Lc
7	15	-1
7	16	L
7	17	L
7	18	L
7	19	L
7	20	-1
7	21	Uc
7	22	U
7	23	U
7	24	Lc
7	25	Lc
7	26	-1
7	27	Lc
7	28	Lc
7	29	L
7	30	-1
7	31	Lc
7	32	Lc
7	33	-1
7	34	Lc
7	35	Uc
7	36	Lc
7	37	Lc
7	38	Lc
7	39	Lc
7	40	Lc
7	41	Lc
7	42	-1
7	43	Lc
7	44	Lc
7	45	Lc
7	46	Lc
7	47	Lc
7	48	-1
7	49	U
7	50	-1
7	51	Lp
7	52	Lp
7	53	Lp
7	54	-1
7	55	Lp
7	56	Lp
7	57	Lp
7	58	Lp
7	59	Lp
7	60	Uc
7	61	Lc
7	62	Lc
7	63	Lc
7	64	Lc
7	65	L
7	66	Lc
7	67	L
7	68	Lp
7	69	L
7	70	-1
7	71	Lp
7	72	Lp
7	73	L
7	74	L
7	75	Lp
7	76	Lp
7	77	Lp
7	78	Lc
7	79	Lc
7	80	Lc
7	81	Lc
7	82	Lc
7	83	Lc
7	84	Lc
7	85	Lc
7	86	Lc
7	87	Lc
7	88	Lc
7	89	Lc
7	90	L
7	91	L
7	92	L
7	93	L
7	94	L
7	95	L
7	96	Lcp
7	97	L
7	98	L
7	99	Lc
7	100	Lc
7	101	L
7	102	L
7	103	Lc
7	104	Lc
7	105	Lc
7	106	Uc
7	107	Uc
7	108	Lc
7	109	Uc
7	110	Lc
7	111	Lc
7	112	Lc
7	113	Lc
7	114	Lc
7	115	L
7	116	-1
7	117	L
7	118	Lc
7	119	Lc
8	0	U
8	1	Lc
8	2	Lc
8	3	U
8	4	U
8	5	U
8	6	L
8	7	L
8	8	L
8	9	U
8	10	Lc
8	11	Lc
8	12	Lc
8	13	Lc
8	14	Lc
8	15	Lc
8	16	L
8	17	L
8	18	L
8	19	L
8	20	Lc
8	21	Lc
8	22	L
8	23	U
8	24	L
8	25	U
8	26	Lc
8	27	Lc
8	28	Lc
8	29	L
8	30	L
8	31	-1
8	32	Uc
8	33	-1
8	34	-1
8	35	Lc
8	36	Lc
8	37	Lc
8	38	Lc
8	39	Lc
8	40	Lc
8	41	Lc
8	42	Lc
8	43	-1
8	44	Lc
8	45	Lc
8	46	Lc
8	47	Lc
8	48	Lp
8	49	-1
8	50	-1
8	51	Lc
8	52	Lp
8	53	-1
8	54	Lp
8	55	Lp
8	56	Lp
8	57	Lp
8	58	-1
8	59	Lp
8	60	Lp
8	61	Uc
8	62	Lc
8	63	Lc
8	64	Lc
8	65	Lc
8	66	L
8	67	L
8	68	L
8	69	Lp
8	70	Lp
8	71	L
8	72	Lp
8	73	L
8	74	L
8	75	-1
8	76	Lc
8	77	Lc
8	78	Lc
8	79	Lc
8	80	-1
8	81	Lc
8	82	Lc
8	83	Lc
8	84	Lc
8	85	Lc
8	86	Lc
8	87	Lc
8	88	Lc
8	89	Lc
8	90	L
8	91	L
8	92	-1
8	93	U
8	94	L
8	95	L
8	96	L
8	97	L
8	98	L
8	99	L
8	100	L
8	101	L
8	102	Lc
8	103	Lc
8	104	Lc
8	105	Lc
8	106	Lc
8	107	Lc
8	108	Lc
8	109	Lc
8	110	Lc
8	111	Lc
8	112	Lc
8	113	Lc
8	114	L
8	115	L
8	116	Lc
8	117	Lc
8	118	-1
8	119	Lc
9	0	Lc
9	1	Lc
9	2	L
9	3	L
9	4	Lc
9	5	-1
9	6	L
9	7	L
9	8	-1
9	9	U
9	10	Lc
9	11	Lc
9	12	Lc
9	13	Lc
9	14	Lc
9	15	Lc
9	16	L
9	17	U
9	18	L
9	19	Lc
9	20	Lc
9	21	-1
9	22	L
9	23	U
9	24	U
9	25	Lc
9	26	Lc
9	27	Lc
9	28	Lc
9	29	L
9	30	L
9	31	Lc
9	32	Lc
9	33	Lc
9	34	Lc
9	35	Lc
9	36	-1
9	37	Lc
9	38	Lc
9	39	-1
9	40	Lc
9	41	Lc
9	42	Lc
9	43	-1
9	44	-1
9	45	Lc
9	46	Lc
9	47	Lp
9	48	Lc
9	49	Lc
9	50	Lc
9	51	Lc
9	52	Lp
9	53	Lp
9	54	-1
9	55	Lp
9	56	Lp
9	57	Lp
9	58	Lp
9	59	Lc
9	60	Lc
9	61	Lc
9	62	Lc
9	63	Lc
9	64	Lc
9	65	-1
9	66	-1
9	67	-1
9	68	L
9	69	Lc
9	70	L
9	71	L
9	72	Lp
9	73	L
9	74	Lp
9	75	Lc
9	76	L
9	77	Lc
9	78	Lc
9	79	Lc
9	80	Lc
9	81	Lc
9	82	Lc
9	83	Lc
9	84	Lc
9	85	-1
9	86	Lc
9	87	Lc
9	88	Lc
9	89	-1
9	90	Lc
9	91	-1
9	92	L
9	93	-1
9	94	L
9	95	L
9	96	L
9	97	L
9	98	L
9	99	L
9	100	L
9	101	L
9	102	Lc
9	103	Lc
9	104	-1
9	105	-1
9	106	Lc
9	107	-1
9	108	Lc
9	109	Lc
9	110	Lc
9	111	Lc
9	112	Lc
9	113	Lc
9	114	Lc
9	115	L
9	116	Lc
9	117	Lc
9	118	Lc
9	119	Lc
10	0	Lc
10	1	Lc
10	2	Lc
10	3	Lc
10	4	Lc
10	5	L
10	6	Lc
10	7	L
10	8	U
10	9	U
10	10	L
10	11	Lc
10	12	Lc
10	13	Lc
10	14	Lc
10	15	Lc
10	16	-1
10	17	L
10	18	L
10	19	L
10	20	L
10	21	Lc
10	22	L
10	23	Lc
10	24	Lc
10	25	Lc
10	26	Lc
10	27	Lc
10	28	L
10	29	Lc
10	30	Lc
10	31	Lc
10	32	Lc
10	33	Lc
10	34	Lc
10	35	Lc
10	36	Lc
10	37	-1
10	38	-1
10	39	Lc
10	40	Lc
10	41	Uc
10	42	-1
10	43	Lc
10	44	Lc
10	45	-1
10	46	Lc
10	47	L
10	48	L
10	49	Lc
10	50	Lc
10	51	Lc
10	52	Lc
10	53	Lp
10	54	Lp
10	55	Lc
10	56	Lp
10	57	Lp
10	58	Lc
10	59	Lp
10	60	Lc
10	61	Lc
10	62	-1
10	63	Lc
10	64	-1
10	65	Lc
10	66	L
10	67	L
10	68	L
10	69	L
10	70	Lc
10	71	L
10	72	L
10	73	-1
10	74	L
10	75	-1
10	76	Lc
10	77	-1
10	78	Lc
10	79	Lc
10	80	Lc
10	81	Lc
10	82	Lc
10	83	Uc
10	84	Lc
10	85	Lc
10	86	Lc
10	87	Lc
10	88	Lc
10	89	Lc
10	90	Lc
10	91	Lc
10	92	Lc
10	93	Lc
10	94	L
10	95	L
10	96	-1
10	97	L
10	98	L
10	99	L
10	100	L
10	101	Lp
10	102	Lc
10	103	L
10	104	Lc
10	105	-1
10	106	Lc
10	107	-1
10	108	Lc
10	109	Lc
10	110	Lc
10	111	Lc
10	112	Lc
10	113	Lc
10	114	Lc
10	115	Lc
10	116	L
10	117	Lc
10	118	-1
10	119	Lc
11	0	Lc
11	1	Lc
11	2	Lc
11	3	-1
11	4	Lc
11	5	-1
11	6	Lc
11	7	U
11	8	U
11	9	Lc
11	10	Lc
11	11	Lc
11	12	Lc
11	13	U
11	14	-1
11	15	U
11	16	L
11	17	L
11	18	L
11	19	L
11	20	L
11	21	L
11	22	L
11	23	Lc
11	24	Lc
11	25	Lc
11	26	Lc
11	27	Lc
11	28	U
11	29	U
11	30	Lc
11	31	Lc
11	32	U
11	33	Lc
11	34	Lc
11	35	Lc
11	36	Lc
11	37	Lc
11	38	Lc
11	39	Lc
11	40	Lc
11	41	Uc
11	42	Uc
11	43	-1
11	44	Lc
11	45	-1
11	46	L
11	47	L
11	48	L
11	49	-1
11	50	L
11	51	-1
11	52	Lc
11	53	Lc
11	54	Lc
11	55	Lc
11	56	Lc
11	57	Lc
11	58	Lp
11	59	Lp
11	60	Lc
11	61	-1
11	62	Lc
11	63	Lp
11	64	Lc
11	65	Lc
11	66	Lc
11	67	L
11	68	L
11	69	L
11	70	L
11	71	Lc
11	72	Lc
11	73	Lc
11	74	Lc
11	75	L
11	76	-1
11	77	Lc
11	78	Lc
11	79	Lc
11	80	Lc
11	81	Lc
11	82	Lc
11	83	Lc
11	84	Lc
11	85	Uc
11	86	Lc
11	87	L
11	88	Lc
11	89	Lc
11	90	L
11	91	-1
11	92	L
11	93	-1
11	94	L
11	95	L
11	96	L
11	97	L
11	98	-1
11	99	L
11	100	L
11	101	L
11	102	Lp
11	103	Lp
11	104	Lc
11	105	Lc
11	106	Lc
11	107	Lc
11	108	Lc
11	109	Lc
11	110	Lc
11	111	Lc
11	112	Lc
11	113	Lc
11	114	Lc
11	115	L
11	116	-1
11	117	L
11	118	Lc
11	119	L
12	0	Lc
12	1	Lc
12	2	Lc
12	3	-1
12	4	Lc
12	5	Lc
12	6	Lc
12	7	Lc
12	8	-1
12	9	Lc
12	10	Lc
12	11	-1
12	12	Lc
12	13	Lc
12	14	U
12	15	L
12	16	L
12	17	L
12	18	Lc
12	19	-1
12	20	Lc
12	21	L
12	22	Lc
12	23	-1
12	24	Lc
12	25	Uc
12	26	Lc
12	27	Lc
12	28	U
12	29	U
12	30	U
12	31	Lc
12	32	Lc
12	33	Lc
12	34	Lc
12	35	Lc
12	36	Lc
12	37	Lc
12	38	Lc
12	39	Lc
12	40	Lc
12	41	Lc
12	42	Lc
12	43	Lc
12	44	Lc
12	45	Lc
12	46	L
12	47	-1
12	48	L
12	49	L
12	50	L
12	51	L
12	52	Lp
12	53	Lc
12	54	Lc
12	55	Lc
12	56	Lc
12	57	Lc
12	58	Lp
12	59	Lc
12	60	Lc
12	61	Lc
12	62	Lp
12	63	Lp
12	64	Lc
12	65	Lc
12	66	L
12	67	L
12	68	L
12	69	L
12	70	Lc
12	71	Lc
12	72	Lc
12	73	Lc
12	74	Lc
12	75	Lc
12	76	-1
12	77	-1
12	78	Lc
12	79	Lc
12	80	Lc
12	81	Lc
12	82	Lc
12	83	Lc
12	84	Lc
12	85	Lc
12	86	Uc
12	87	Lc
12	88	L
12	89	Lc
12	90	Lc
12	91	L
12	92	Lc
12	93	L
12	94	L
12	95	L
12	96	L
12	97	L
12	98	L
12	99	Lc
12	100	-1
12	101	L
12	102	Lp
12	103	L
12	104	L
12	105	Uc
12	106	Lc
12	107	Lc
12	108	Lc
12	109	Uc
12	110	Lc
12	111	Lc
12	112	Lc
12	113	Lc
12	114	Lc
12	115	L
12	116	L
12	117	L
12	118	Lc
12	119	-1
13	0	Lc
13	1	Lc
13	2	Lc
13	3	Lc
13	4	Lc
13	5	Lc
13	6	Lc
13	7	-1
13	8	Lc
13	9	Lc
13	10	Lc
13	11	Lc
13	12	Lc
13	13	L
13	14	U
13	15	L
13	16	L
13	17	Lc
13	18	Lc
13	19	L
13	20	L
13	21	Lc
13	22	Uc
13	23	Uc
13	24	Lc
13	25	Lc
13	26	Lc
13	27	Lc
13	28	Lc
13	29	-1
13	30	U
13	31	Lc
13	32	Lc
13	33	Lc
13	34	Lc
13	35	Lc
13	36	Lc
13	37	Uc
13	38	-1
13	39	Lc
13	40	Lc
13	41	Lc
13	42	Lc
13	43	Lc
13	44	Lc
13	45	L
13	46	Uc
13	47	L
13	48	-1
13	49	L
13	50	Lc
13	51	Lc
13	52	Lc
13	53	Lc
13	54	Lc
13	55	Lc
13	56	Lc
13	57	Lc
13	58	Lc
13	59	Lc
13	60	Lc
13	61	Lc
13	62	Lp
13	63	Lp
13	64	Lc
13	65	Lp
13	66	Lp
13	67	L
13	68	L
13	69	-1
13	70	L
13	71	Lc
13	72	Lc
13	73	Lc
13	74	Lc
13	75	L
13	76	Lc
13	77	Lc
13	78	Lc
13	79	Lc
13	80	Lc
13	81	Lc
13	82	Lc
13	83	-1
13	84	Lc
13	85	Lc
13	86	Lc
13	87	L
13	88	L
13	89	L
13	90	Lc
13	91	U
13	92	L
13	93	L
13	94	L
13	95	L
13	96	L
13	97	L
13	98	Lp
13	99	Lp
13	100	Lc
13	101	Lc
13	102	L
13	103	L
13	104	L
13	105	L
13	106	L
13	107	-1
13	108	Lc
13	109	Lc
13	110	Lc
13	111	Lc
13	112	Lc
13	113	L
13	114	L
13	115	L
13	116	L
13	117	Lc
13	118	L
13	119	Lc
14	0	Lc
14	1	Lc
14	2	Lc
14	3	Lc
14	4	-1
14	5	Lc
14	6	Lc
14	7	Lc
14	8	Lc
14	9	Lc
14	10	Lc
14	11	Lc
14	12	Lc
14	13	U
14	14	-1
14	15	U
14	16	L
14	17	L
14	18	Lc
14	19	L
14	20	L
14	21	L
14	22	L
14	23	Lc
14	24	L
14	25	-1
14	26	-1
14	27	Lc
14	28	Uc
14	29	U
14	30	Lc
14	31	Lc
14	32	Lc
14	33	Lc
14	34	Lc
14	35	Lc
14	36	Lc
14	37	Uc
14	38	Uc
14	39	Lc
14	40	Lc
14	41	Lc
14	42	-1
14	43	Lc
14	44	Lc
14	45	L
14	46	Uc
14	47	Uc
14	48	Lc
14	49	-1
14	50	Lc
14	51	Lc
14	52	Lc
14	53	Lc
14	54	Lc
14	55	Lc
14	56	Lc
14	57	Lc
14	58	-1
14	59	Lc
14	60	Lc
14	61	-1
14	62	Lc
14	63	Lp
14	64	Lc
14	65	L
14	66	Lp
14	67	-1
14	68	L
14	69	L
14	70	L
14	71	Lc
14	72	-1
14	73	-1
14	74	Lc
14	75	Lc
14	76	Lc
14	77	Lc
14	78	Lc
14	79	-1
14	80	Uc
14	81	Uc
14	82	Lc
14	83	-1
14	84	Lc
14	85	Lc
14	86	L
14	87	Lc
14	88	L
14	89	-1
14	90	Uc
14	91	U
14	92	U
14	93	U
14	94	L
14	95	L
14	96	L
14	97	L
14	98	L
14	99	L
14	100	Lp
14	101	-1
14	102	Lp
14	103	L
14	104	L
14	105	L
14	106	L
14	107	Lc
14	108	-1
14	109	Lc
14	110	-1
14	111	Lc
14	112	Lc
14	113	L
14	114	L
14	115	Lc
14	116	Lc
14	117	L
14	118	Lc
14	119	Lc
15	0	Lc
15	1	Lc
15	2	Lc
15	3	Lc
15	4	Lc
15	5	Lc
15	6	-1
15	7	Lc
15	8	Lc
15	9	Lc
15	10	Lc
15	11	Lc
15	12	-1
15	13	L
15	14	-1
15	15	-1
15	16	Lc
15	17	L
15	18	L
15	19	Lc
15	20	L
15	21	Lc
15	22	Lc
15	23	Lc
15	24	Lc
15	25	Lc
15	26	Lc
15	27	Lc
15	28	Uc
15	29	U
15	30	Lc
15	31	Lc
15	32	Lc
15	33	Lc
15	34	Lc
15	35	-1
15	36	L
15	37	Lc
15	38	Lc
15	39	Lc
15	40	-1
15	41	Lc
15	42	-1
15	43	Lc
15	44	Lc
15	45	Uc
15	46	-1
15	47	Lc
15	48	Lc
15	49	Lc
15	50	Lc
15	51	Lc
15	52	Lc
15	53	Lc
15	54	Lc
15	55	Lc
15	56	Lc
15	57	Lc
15	58	Lc
15	59	Lc
15	60	Lc
15	61	Lc
15	62	Lc
15	63	Lc
15	64	Lc
15	65	L
15	66	L
15	67	L
15	68	L
15	69	L
15	70	L
15	71	-1
15	72	-1
15	73	Lc
15	74	Lc
15	75	Lc
15	76	Lc
15	77	-1
15	78	Lc
15	79	Lc
15	80	-1
15	81	Uc
15	82	Lc
15	83	Lc
15	84	Lc
15	85	Lc
15	86	Lc
15	87	L
15	88	Lc
15	89	Lc
15	90	L
15	91	-1
15	92	L
15	93	Lp
15	94	U
15	95	L
15	96	L
15	97	Lp
15	98	L
15	99	L
15	100	Lc
15	101	-1
15	102	L
15	103	Lp
15	104	Lc
15	105	L
15	106	L
15	107	Lc
15	108	Lc
15	109	Lc
15	110	L
15	111	Lc
15	112	-1
15	113	Lc
15	114	L
15	115	L
15	116	Lc
15	117	Lc
15	118	L
15	119	Lc
16	0	Lc
16	1	-1
16	2	-1
16	3	Lc
16	4	Lc
16	5	Lc
16	6	Lc
16	7	Lc
16	8	Lc
16	9	Uc
16	10	Lc
16	11	L
16	12	Lc
16	13	Lc
16	14	L
16	15	-1
16	16	L
16	17	Lc
16	18	L
16	19	L
16	20	L
16	21	Lc
16	22	Lc
16	23	Lc
16	24	L
16	25	Lc
16	26	L
16	27	Lc
16	28	Lc
16	29	Lc
16	30	Lc
16	31	Lc
16	32	Lc
16	33	Lc
16	34	Lc
16	35	Lc
16	36	L
16	37	Lc
16	38	Lc
16	39	Lc
16	40	Lc
16	41	Lc
16	42	Lc
16	43	Lc
16	44	Lc
16	45	-1
16	46	Lc
16	47	Lc
16	48	Lc
16	49	-1
16	50	Lc
16	51	Lc
16	52	Lc
16	53	Lc
16	54	Lc
16	55	Lc
16	56	Lc
16	57	Lc
16	58	Lc
16	59	Lc
16	60	Lc
16	61	-1
16	62	Lc
16	63	Lc
16	64	L
16	65	Lc
16	66	Lc
16	67	Lc
16	68	L
16	69	L
16	70	U
16	71	Lc
16	72	Lc
16	73	Lc
16	74	Lc
16	75	Lc
16	76	Lc
16	77	Lc
16	78	U
16	79	-1
16	80	Uc
16	81	Uc
16	82	Lc
16	83	Lc
16	84	Lc
16	85	Lc
16	86	Lc
16	87	Lc
16	88	-1
16	89	-1
16	90	Lp
16	91	Lp
16	92	L
16	93	U
16	94	Lp
16	95	L
16	96	L
16	97	Lp
16	98	L
16	99	L
16	100	L
16	101	Lc
16	102	Lc
16	103	Lc
16	104	Lc
16	105	L
16	106	Lc
16	107	L
16	108	Lc
16	109	Lc
16	110	Lc
16	111	Lc
16	112	Lc
16	113	Lc
16	114	Lc
16	115	L
16	116	Uc
16	117	L
16	118	Lc
16	119	Lc
17	0	Lc
17	1	Lc
17	2	Lc
17	3	Lc
17	4	Lc
17	5	Lc
17	6	Lc
17	7	-1
17	8	Uc
17	9	Uc
17	10	-1
17	11	Lc
17	12	Lc
17	13	Lc
17	14	-1
17	15	Lc
17	16	Lc
17	17	Lc
17	18	L
17	19	L
17	20	L
17	21	Lc
17	22	-1
17	23	L
17	24	Lc
17	25	L
17	26	L
17	27	L
17	28	Lc
17	29	Lc
17	30	Lc
17	31	Lc
17	32	Lc
17	33	-1
17	34	Lc
17	35	Lc
17	36	Lc
17	37	Lc
17	38	-1
17	39	Lc
17	40	Lc
17	41	Lc
17	42	Lc
17	43	Lc
17	44	Lc
17	45	Lc
17	46	-1
17	47	-1
17	48	Lc
17	49	Lc
17	50	Lc
17	51	Lc
17	52	Lc
17	53	Lc
17	54	-1
17	55	Lc
17	56	Lc
17	57	Lc
17	58	Lc
17	59	Lc
17	60	Uc
17	61	-1
17	62	Lc
17	63	Lc
17	64	Lc
17	65	Lc
17	66	Lc
17	67	L
17	68	Lp
17	69	L
17	70	L
17	71	Lc
17	72	L
17	73	U
17	74	Lc
17	75	Lc
17	76	Lc
17	77	Lc
17	78	-1
17	79	U
17	80	Uc
17	81	-1
17	82	Lc
17	83	Lc
17	84	Lc
17	85	Lc
17	86	Uc
17	87	Lc
17	88	L
17	89	L
17	90	L
17	91	Lp
17	92	L
17	93	L
17	94	L
17	95	-1
17	96	L
17	97	Lc
17	98	Lc
17	99	Lc
17	100	L
17	101	Lc
17	102	Lc
17	103	L
17	104	L
17	105	Lc
17	106	Lc
17	107	Lc
17	108	-1
17	109	Lc
17	110	Lc
17	111	Lc
17	112	Lc
17	113	Lc
17	114	L
17	115	-1
17	116	L
17	117	Lc
17	118	-1
17	119	Lc
18	0	Lc
18	1	Lc
18	2	Lc
18	3	Lc
18	4	Uc
18	5	Lc
18	6	Uc
18	7	Uc
18	8	Uc
18	9	-1
18	10	Lc
18	11	Lc
18	12	Uc
18	13	Lc
18	14	L
18	15	L
18	16	L
18	17	L
18	18	Lc
18	19	L
18	20	L
18	21	L
18	22	L
18	23	Lc
18	24	-1
18	25	L
18	26	L
18	27	Lc
18	28	Lc
18	29	Lc
18	30	Lc
18	31	Lc
18	32	Lc
18	33	Lc
18	34	Lc
18	35	L
18	36	L
18	37	Lc
18	38	Lc
18	39	Lc
18	40	Lc
18	41	Lc
18	42	Lc
18	43	Lc
18	44	-1
18	45	Lc
18	46	Lc
18	47	Lc
18	48	Lc
18	49	Lc
18	50	Lc
18	51	Lc
18	52	Lc
18	53	Lc
18	54	Lc
18	55	Lc
18	56	Lc
18	57	Lc
18	58	Lc
18	59	-1
18	60	-1
18	61	-1
18	62	Lc
18	63	Lc
18	64	U
18	65	U
18	66	Uc
18	67	Lc
18	68	Lp
18	69	Lp
18	70	Lc
18	71	L
18	72	L
18	73	U
18	74	Lc
18	75	Lc
18	76	U
18	77	U
18	78	Lc
18	79	Lc
18	80	Lc
18	81	-1
18	82	Lc
18	83	Lc
18	84	Lc
18	85	Uc
18	86	Uc
18	87	Lc
18	88	Lc
18	89	Lp
18	90	-1
18	91	Lp
18	92	Lc
18	93	L
18	94	L
18	95	L
18	96	L
18	97	L
18	98	Lc
18	99	L
18	100	-1
18	101	L
18	102	-1
18	103	Lc
18	104	Lc
18	105	Lc
18	106	Lc
18	107	Lc
18	108	Lc
18	109	Lc
18	110	Lc
18	111	Lc
18	112	L
18	113	L
18	114	L
18	115	L
18	116	-1
18	117	-1
18	118	Lc
18	119	Lc
19	0	Lc
19	1	Lc
19	2	Lc
19	3	-1
19	4	Lc
19	5	Uc
19	6	-1
19	7	Uc
19	8	Lc
19	9	Uc
19	10	Lc
19	11	Uc
19	12	Uc
19	13	Lc
19	14	Lc
19	15	L
19	16	-1
19	17	Lc
19	18	Lc
19	19	L
19	20	L
19	21	L
19	22	L
19	23	L
19	24	L
19	25	L
19	26	L
19	27	L
19	28	Lc
19	29	Lc
19	30	-1
19	31	Lc
19	32	Lc
19	33	Lc
19	34	-1
19	35	L
19	36	Lc
19	37	Lc
19	38	Lc
19	39	Lc
19	40	Lc
19	41	Lc
19	42	Lc
19	43	Lc
19	44	-1
19	45	Lc
19	46	Lc
19	47	Lc
19	48	Lc
19	49	Lc
19	50	Lc
19	51	-1
19	52	Lc
19	53	Lc
19	54	Lc
19	55	Lc
19	56	Uc
19	57	Lc
19	58	Lc
19	59	Uc
19	60	Lc
19	61	-1
19	62	Lc
19	63	Lc
19	64	Lc
19	65	U
19	66	Lc
19	67	L
19	68	Lp
19	69	-1
19	70	L
19	71	L
19	72	-1
19	73	U
19	74	U
19	75	U
19	76	U
19	77	Lc
19	78	Lc
19	79	Lc
19	80	Lc
19	81	Lc
19	82	-1
19	83	L
19	84	Uc
19	85	Lc
19	86	Uc
19	87	Lc
19	88	Lc
19	89	Lc
19	90	-1
19	91	Lc
19	92	Lc
19	93	Lc
19	94	Lc
19	95	L
19	96	L
19	97	L
19	98	L
19	99	L
19	100	L
19	101	L
19	102	Lc
19	103	L
19	104	Lc
19	105	Lc
19	106	Lc
19	107	Lc
19	108	Lc
19	109	Lc
19	110	-1
19	111	L
19	112	-1
19	113	L
19	114	L
19	115	L
19	116	Uc
19	117	Uc
19	118	Lc
19	119	Lc
20	0	Lc
20	1	Lc
20	2	L
20	3	L
20	4	L
20	5	Lc
20	6	Lc
20	7	Lc
20	8	Lc
20	9	Lc
20	10	Lc
20	11	Uc
20	12	Lc
20	13	Lc
20	14	Lc
20	15	Lc
20	16	Lc
20	17	Lc
20	18	Lc
20	19	-1
20	20	L
20	21	L
20	22	L
20	23	L
20	24	L
20	25	L
20	26	L
20	27	L
20	28	Lc
20	29	-1
20	30	Lc
20	31	L
20	32	L
20	33	Lc
20	34	-1
20	35	Uc
20	36	Uc
20	37	Lc
20	38	Lc
20	39	Lc
20	40	Lc
20	41	Lc
20	42	Lc
20	43	Lc
20	44	Lc
20	45	Lc
20	46	Lc
20	47	Lc
20	48	Lc
20	49	-1
20	50	Lc
20	51	Lc
20	52	Lc
20	53	Uc
20	54	Lc
20	55	-1
20	56	Uc
20	57	-1
20	58	Lc
20	59	Lc
20	60	Lc
20	61	Lc
20	62	Lc
20	63	Lc
20	64	Lc
20	65	U
20	66	U
20	67	U
20	68	Lp
20	69	L
20	70	L
20	71	-1
20	72	L
20	73	U
20	74	U
20	75	U
20	76	U
20	77	Uc
20	78	-1
20	79	Lc
20	80	-1
20	81	Uc
20	82	Lc
20	83	-1
20	84	L
20	85	Lc
20	86	Lc
20	87	Lc
20	88	Lc
20	89	Lc
20	90	-1
20	91	Lc
20	92	L
20	93	Lc
20	94	L
20	95	L
20	96	L
20	97	L
20	98	L
20	99	L
20	100	L
20	101	L
20	102	-1
20	103	Lc
20	104	Lc
20	105	Lc
20	106	Lc
20	107	Lc
20	108	Lc
20	109	Lc
20	110	Lc
20	111	L
20	112	-1
20	113	Uc
20	114	L
20	115	L
20	116	Uc
20	117	Uc
20	118	Lc
20	119	Lc
21	0	Lc
21	1	Lc
21	2	Lc
21	3	L
21	4	L
21	5	Lc
21	6	Lc
21	7	Lc
21	8	Lc
21	9	Lc
21	10	Lc
21	11	-1
21	12	-1
21	13	Lc
21	14	-1
21	15	Lc
21	16	Lc
21	17	Lc
21	18	Lc
21	19	Lc
21	20	Lc
21	21	L
21	22	L
21	23	L
21	24	L
21	25	L
21	26	Lc
21	27	Lc
21	28	Lc
21	29	L
21	30	L
21	31	L
21	32	Lc
21	33	L
21	34	Uc
21	35	Lc
21	36	-1
21	37	L
21	38	Uc
21	39	Uc
21	40	Lc
21	41	Lc
21	42	Lc
21	43	Lc
21	44	Lc
21	45	Lc
21	46	Lc
21	47	Lc
21	48	Lc
21	49	-1
21	50	-1
21	51	Lc
21	52	Uc
21	53	Lc
21	54	-1
21	55	Lc
21	56	Uc
21	57	Uc
21	58	Lc
21	59	Lc
21	60	Lc
21	61	Lc
21	62	-1
21	63	Lc
21	64	Lc
21	65	Lc
21	66	U
21	67	Lc
21	68	Lc
21	69	-1
21	70	L
21	71	Lc
21	72	-1
21	73	L
21	74	Lc
21	75	-1
21	76	Lc
21	77	Uc
21	78	Lc
21	79	Lc
21	80	Uc
21	81	Lc
21	82	-1
21	83	L
21	84	Lc
21	85	-1
21	86	Lc
21	87	Lc
21	88	Lc
21	89	Lc
21	90	L
21	91	L
21	92	L
21	93	L
21	94	L
21	95	-1
21	96	L
21	97	L
21	98	L
21	99	L
21	100	L
21	101	-1
21	102	Lc
21	103	Lc
21	104	Lc
21	105	Lc
21	106	Lc
21	107	Lc
21	108	Lc
21	109	Lc
21	110	Lc
21	111	-1
21	112	Lc
21	113	Uc
21	114	L
21	115	Lc
21	116	L
21	117	Lc
21	118	Lc
21	119	Lc
22	0	L
22	1	L
22	2	Lc
22	3	Lc
22	4	Lc
22	5	Lc
22	6	Lc
22	7	Lc
22	8	Lc
22	9	Lc
22	10	Lc
22	11	Lc
22	12	Lc
22	13	Lc
22	14	Lc
22	15	Lc
22	16	Lc
22	17	Lc
22	18	Lc
22	19	Lc
22	20	Lc
22	21	Lc
22	22	Lc
22	23	L
22	24	Lc
22	25	-1
22	26	L
22	27	Lc
22	28	L
22	29	L
22	30	L
22	31	L
22	32	L
22	33	Uc
22	34	-1
22	35	Lc
22	36	L
22	37	Uc
22	38	Uc
22	39	Uc
22	40	Lc
22	41	-1
22	42	Lc
22	43	Lc
22	44	Lc
22	45	Lc
22	46	Lc
22	47	Lc
22	48	Lc
22	49	Lc
22	50	-1
22	51	Lc
22	52	Lc
22	53	Uc
22	54	Lc
22	55	Lc
22	56	-1
22	57	Uc
22	58	Uc
22	59	Lc
22	60	-1
22	61	Lc
22	62	Lc
22	63	Lc
22	64	Lc
22	65	-1
22	66	Lc
22	67	Lc
22	68	Lc
22	69	-1
22	70	Lc
22	71	Lc
22	72	L
22	73	Lc
22	74	L
22	75	Lc
22	76	-1
22	77	Lc
22	78	-1
22	79	Lc
22	80	Lc
22	81	Lc
22	82	Lc
22	83	Lc
22	84	Lc
22	85	Lc
22	86	Lc
22	87	Uc
22	88	Uc
22	89	Uc
22	90	Lc
22	91	Lc
22	92	Lc
22	93	-1
22	94	L
22	95	Lc
22	96	L
22	97	L
22	98	L
22	99	L
22	100	L
22	101	Lc
22	102	Lc
22	103	-1
22	104	Lc
22	105	Lc
22	106	Lc
22	107	Lc
22	108	Lc
22	109	Lc
22	110	Lc
22	111	Lc
22	112	Lc
22	113	Lc
22	114	Lc
22	115	Lc
22	116	L
22	117	-1
22	118	-1
22	119	Lc
23	0	L
23	1	L
23	2	L
23	3	Lc
23	4	Lc
23	5	Lc
23	6	Lc
23	7	Uc
23	8	Lc
23	9	Lc
23	10	Lc
23	11	Lc
23	12	Lc
23	13	Lc
23	14	-1
23	15	Lc
23	16	-1
23	17	Lc
23	18	Lc
23	19	Lc
23	20	Lc
23	21	Lc
23	22	Lc
23	23	Lc
23	24	L
23	25	L
23	26	L
23	27	L
23	28	Lc
23	29	Lc
23	30	Lc
23	31	L
23	32	L
23	33	L
23	34	-1
23	35	L
23	36	Uc
23	37	Lc
23	38	Uc
23	39	Lc
23	40	-1
23	41	Lc
23	42	Lc
23	43	Lc
23	44	Lc
23	45	Lc
23	46	Lc
23	47	Lc
23	48	Lc
23	49	-1
23	50	Lc
23	51	Lc
23	52	Uc
23	53	Lc
23	54	Lc
23	55	Lc
23	56	Lc
23	57	Lc
23	58	Lc
23	59	Lc
23	60	Lc
23	61	-1
23	62	Lc
23	63	Lc
23	64	Lc
23	65	Lc
23	66	Lc
23	67	Lc
23	68	Lc
23	69	Lc
23	70	Lc
23	71	Lc
23	72	-1
23	73	Lc
23	74	Lc
23	75	U
23	76	Lc
23	77	Uc
23	78	-1
23	79	Lc
23	80	Lc
23	81	Lc
23	82	Lc
23	83	Lc
23	84	Lc
23	85	Lc
23	86	Uc
23	87	Lc
23	88	Lc
23	89	Lc
23	90	Lc
23	91	Lc
23	92	L
23	93	L
23	94	L
23	95	L
23	96	L
23	97	L
23	98	L
23	99	L
23	100	Lc
23	101	-1
23	102	Lc
23	103	Lc
23	104	Lc
23	105	-1
23	106	Lc
23	107	Lc
23	108	Lc
23	109	Lc
23	110	Lc
23	111	Lc
23	112	Lc
23	113	Lc
23	114	Lc
23	115	L
23	116	-1
23	117	-1
23	118	L
23	119	L
24	0	L
24	1	L
24	2	Lc
24	3	L
24	4	Lc
24	5	Lc
24	6	Lc
24	7	Uc
24	8	Lc
24	9	-1
24	10	Lc
24	11	Lc
24	12	Lc
24	13	Lc
24	14	Lc
24	15	Lc
24	16	Lc
24	17	Lc
24	18	Lc
24	19	Lc
24	20	Lc
24	21	Lc
24	22	Lc
24	23	Lc
24	24	-1
24	25	L
24	26	L
24	27	L
24	28	L
24	29	Lc
24	30	Lc
24	31	Lc
24	32	L
24	33	L
24	34	L
24	35	Uc
24	36	Uc
24	37	Uc
24	38	Lc
24	39	-1
24	40	Lc
24	41	Lc
24	42	Lc
24	43	Lc
24	44	Lc
24	45	Lc
24	46	Lc
24	47	Lc
24	48	-1
24	49	-1
24	50	Lc
24	51	Lc
24	52	Lc
24	53	Lc
24	54	Lc
24	55	Lc
24	56	Lc
24	57	Lc
24	58	Lc
24	59	Lc
24	60	Lc
24	61	Lc
24	62	Lc
24	63	Uc
24	64	Uc
24	65	Lc
24	66	Lc
24	67	Lc
24	68	Lc
24	69	Lc
24	70	Lc
24	71	-1
24	72	Lc
24	73	Lc
24	74	Lc
24	75	Lc
24	76	-1
24	77	-1
24	78	Lc
24	79	Lc
24	80	Lc
24	81	Lc
24	82	Lc
24	83	Lc
24	84	Lc
24	85	Lc
24	86	Lc
24	87	Lc
24	88	Lc
24	89	Lc
24	90	Lc
24	91	Lc
24	92	L
24	93	L
24	94	L
24	95	L
24	96	L
24	97	L
24	98	L
24	99	Lc
24	100	L
24	101	Lc
24	102	Lc
24	103	Lc
24	104	Lc
24	105	Lc
24	106	Lc
24	107	-1
24	108	Lc
24	109	Lc
24	110	Lc
24	111	Lc
24	112	Lc
24	113	Lc
24	114	Lc
24	115	Lc
24	116	-1
24	117	Lc
24	118	L
24	119	L
25	0	L
25	1	L
25	2	L
25	3	L
25	4	Lc
25	5	-1
25	6	Lc
25	7	Lc
25	8	Lc
25	9	Lc
25	10	Lc
25	11	Lc
25	12	Lc
25	13	Lc
25	14	-1
25	15	Lc
25	16	Lc
25	17	Lc
25	18	Lc
25	19	Lc
25	20	Lc
25	21	Lc
25	22	Lc
25	23	L
25	24	Lc
25	25	Lc
25	26	Lc
25	27	L
25	28	L
25	29	-1
25	30	-1
25	31	L
25	32	L
25	33	L
25	34	L
25	35	Uc
25	36	-1
25	37	Uc
25	38	Uc
25	39	Lc
25	40	-1
25	41	Lc
25	42	Lc
25	43	Lc
25	44	Lc
25	45	Lc
25	46	Lc
25	47	Lc
25	48	Lc
25	49	Uc
25	50	Lc
25	51	-1
25	52	Lc
25	53	Lc
25	54	Lc
25	55	Lc
25	56	Lc
25	57	Lc
25	58	Lc
25	59	Lc
25	60	-1
25	61	Lc
25	62	Lc
25	63	Lc
25	64	Uc
25	65	Lc
25	66	Lc
25	67	Lc
25	68	Lc
25	69	Lc
25	70	Lc
25	71	Lc
25	72	-1
25	73	Lc
25	74	Lc
25	75	-1
25	76	Lc
25	77	Lc
25	78	Lc
25	79	Lc
25	80	Lc
25	81	Lc
25	82	-1
25	83	Lc
25	84	Lc
25	85	Lc
25	86	Lc
25	87	Uc
25	88	Lc
25	89	Lc
25	90	Lc
25	91	-1
25	92	Lc
25	93	L
25	94	L
25	95	L
25	96	L
25	97	L
25	98	L
25	99	Lc
25	100	Lc
25	101	Lc
25	102	Lc
25	103	-1
25	104	Lc
25	105	Lc
25	106	Lc
25	107	Lc
25	108	Lc
25	109	Lc
25	110	Lc
25	111	Lc
25	112	Lc
25	113	Lc
25	114	-1
25	115	Lc
25	116	Lc
25	117	Lc
25	118	Lc
25	119	L
26	0	L
26	1	L
26	2	Lc
26	3	Lc
26	4	Lc
26	5	Lc
26	6	Lc
26	7	Lc
26	8	Uc
26	9	Uc
26	10	Lc
26	11	Lc
26	12	-1
26	13	Lc
26	14	Lc
26	15	Lc
26	16	Uc
26	17	Lc
26	18	Lc
26	19	Lc
26	20	Lc
26	21	Lc
26	22	-1
26	23	Lc
26	24	Lc
26	25	Lc
26	26	Lc
26	27	-1
26	28	Lc
26	29	-1
26	30	L
26	31	Lc
26	32	Lc
26	33	L
26	34	Uc
26	35	Uc
26	36	Lc
26	37	Lc
26	38	Uc
26	39	Lc
26	40	Lc
26	41	Lc
26	42	Lc
26	43	Lc
26	44	Lc
26	45	Lc
26	46	Lc
26	47	-1
26	48	Lc
26	49	Uc
26	50	Uc
26	51	Uc
26	52	Lc
26	53	Lc
26	54	Lc
26	55	-1
26	56	Lc
26	57	Lc
26	58	Lc
26	59	Uc
26	60	Lc
26	61	Lc
26	62	Lc
26	63	Lc
26	64	Lc
26	65	Lc
26	66	Lc
26	67	Lc
26	68	Lc
26	69	Lc
26	70	-1
26	71	Lc
26	72	Lc
26	73	Lc
26	74	-1
26	75	Lc
26	76	Lc
26	77	Lc
26	78	Lc
26	79	Lc
26	80	Lc
26	81	-1
26	82	Lc
26	83	Lc
26	84	Lc
26	85	Lc
26	86	Uc
26	87	Lc
26	88	-1
26	89	Lc
26	90	Lc
26	91	Lc
26	92	Lc
26	93	L
26	94	L
26	95	L
26	96	L
26	97	L
26	98	Lp
26	99	L
26	100	L
26	101	Lc
26	102	Lc
26	103	-1
26	104	Lc
26	105	Lc
26	106	Lc
26	107	Lc
26	108	Lc
26	109	Lc
26	110	Lc
26	111	-1
26	112	Lc
26	113	Lc
26	114	Lc
26	115	Lc
26	116	Lc
26	117	Lc
26	118	Lc
26	119	L
27	0	Lc
27	1	Lc
27	2	Lc
27	3	Lc
27	4	-1
27	5	-1
27	6	Lc
27	7	Lc
27	8	Lc
27	9	Lc
27	10	Lc
27	11	Lc
27	12	Lc
27	13	Lc
27	14	Lc
27	15	Lc
27	16	Lc
27	17	-1
27	18	Lc
27	19	Lc
27	20	Lc
27	21	Lc
27	22	Lc
27	23	-1
27	24	Lc
27	25	Lc
27	26	Lc
27	27	Lc
27	28	-1
27	29	Lc
27	30	L
27	31	Lc
27	32	Lc
27	33	Lc
27	34	Lc
27	35	Uc
27	36	Lc
27	37	Uc
27	38	Lc
27	39	Lc
27	40	Lc
27	41	Lc
27	42	Lc
27	43	Lc
27	44	Lc
27	45	Lc
27	46	-1
27	47	Lc
27	48	Lc
27	49	Uc
27	50	Uc
27	51	Lc
27	52	Lc
27	53	Lc
27	54	Lc
27	55	Uc
27	56	Lc
27	57	Uc
27	58	-1
27	59	Uc
27	60	Lc
27	61	Lc
27	62	Lc
27	63	Lc
27	64	Lc
27	65	Lc
27	66	Lc
27	67	Lc
27	68	Lc
27	69	Lc
27	70	Lc
27	71	Lc
27	72	Lc
27	73	Lc
27	74	Lc
27	75	Lc
27	76	Lc
27	77	Lc
27	78	Lc
27	79	Lc
27	80	Lc
27	81	-1
27	82	Lc
27	83	Lc
27	84	Lc
27	85	Uc
27	86	Lc
27	87	Lc
27	88	Lc
27	89	Lc
27	90	Lc
27	91	Lc
27	92	Lc
27	93	Lc
27	94	Lc
27	95	Lp
27	96	L
27	97	Lp
27	98	Lp
27	99	Lc
27	100	L
27	101	Lc
27	102	Lc
27	103	Lc
27	104	Lc
27	105	Lc
27	106	Lc
27	107	Lc
27	108	-1
27	109	-1
27	110	Lc
27	111	-1
27	112	Lc
27	113	-1
27	114	-1
27	115	L
27	116	Lc
27	117	Lc
27	118	Lc
27	119	Lc
28	0	Lc
28	1	Lc
28	2	Lc
28	3	Lc
28	4	Lc
28	5	Lc
28	6	Lc
28	7	Lc
28	8	Lc
28	9	Lc
28	10	Lc
28	11	Lc
28	12	Lc
28	13	-1
28	14	Lc
28	15	Lc
28	16	Lc
28	17	-1
28	18	Lc
28	19	Lc
28	20	Lc
28	21	-1
28	22	Lc
28	23	Lc
28	24	Lc
28	25	Lc
28	26	L
28	27	Lc
28	28	Lc
28	29	Lc
28	30	Lc
28	31	Lc
28	32	Lc
28	33	L
28	34	L
28	35	Lc
28	36	Lc
28	37	L
28	38	Lc
28	39	Lc
28	40	-1
28	41	Lc
28	42	Lc
28	43	Lc
28	44	Lc
28	45	Lc
28	46	-1
28	47	Lc
28	48	Lc
28	49	Lc
28	50	Lc
28	51	Lc
28	52	Lc
28	53	Lc
28	54	-1
28	55	Uc
28	56	Uc
28	57	Lc
28	58	Uc
28	59	Lc
28	60	Lc
28	61	Lc
28	62	Lc
28	63	Lc
28	64	Lc
28	65	Lc
28	66	Lc
28	67	-1
28	68	Lc
28	69	Lc
28	70	Lc
28	71	Lc
28	72	Lc
28	73	Lc
28	74	Lc
28	75	Lc
28	76	Lc
28	77	Lc
28	78	Lc
28	79	Lc
28	80	Lc
28	81	Lc
28	82	Lc
28	83	Lc
28	84	L
28	85	Uc
28	86	Lc
28	87	Lc
28	88	Lc
28	89	Lc
28	90	-1
28	91	Lc
28	92	L
28	93	L
28	94	Lc
28	95	Lc
28	96	Lc
28	97	Lc
28	98	Lp
28	99	Lc
28	100	Lc
28	101	-1
28	102	Lc
28	103	Lc
28	104	-1
28	105	Lc
28	106	Lc
28	107	Lc
28	108	Lc
28	109	Lc
28	110	Lc
28	111	Lc
28	112	L
28	113	Lc
28	114	L
28	115	Lc
28	116	Lc
28	117	Lc
28	118	Lc
28	119	Lc
29	0	Lc
29	1	Uc
29	2	Lc
29	3	Lc
29	4	Uc
29	5	Lc
29	6	Lc
29	7	Uc
29	8	Lc
29	9	Lc
29	10	Lc
29	11	Lc
29	12	L
29	13	Lc
29	14	Lc
29	15	Lc
29	16	Lc
29	17	Lc
29	18	Lc
29	19	Lc
29	20	Lc
29	21	Lc
29	22	Lc
29	23	-1
29	24	Lc
29	25	-1
29	26	Lc
29	27	Lc
29	28	Lc
29	29	Lc
29	30	Lc
29	31	L
29	32	L
29	33	L
29	34	L
29	35	L
29	36	L
29	37	L
29	38	Lc
29	39	Lc
29	40	Lc
29	41	Lc
29	42	Lc
29	43	Lc
29	44	Lc
29	45	Lc
29	46	-1
29	47	Lc
29	48	Lc
29	49	Lc
29	50	Lc
29	51	Lc
29	52	Lc
29	53	-1
29	54	-1
29	55	Lc
29	56	Uc
29	57	Uc
29	58	-1
29	59	Lc
29	60	Lc
29	61	Lc
29	62	Lc
29	63	Lc
29	64	Lc
29	65	Lc
29	66	Lc
29	67	-1
29	68	Lc
29	69	Lc
29	70	Lc
29	71	Uc
29	72	Lc
29	73	Lc
29	74	Lc
29	75	Lc
29	76	Lc
29	77	-1
29	78	Lc
29	79	Lc
29	80	Lc
29	81	Lc
29	82	Lc
29	83	Lc
29	84	Lc
29	85	L
29	86	Lc
29	87	Lc
29	88	-1
29	89	Lc
29	90	Lc
29	91	Lc
29	92	L
29	93	Lc
29	94	Lc
29	95	L
29	96	-1
29	97	Lc
29	98	Lp
29	99	Lc
29	100	Lp
29	101	Lc
29	102	Lc
29	103	Lc
29	104	Lc
29	105	-1
29	106	Lc
29	107	Lc
29	108	Lc
29	109	Lc
29	110	Lc
29	111	Lc
29	112	L
29	113	U
29	114	L
29	115	-1
29	116	Lc
29	117	Lc
29	118	Lc
29	119	Lc
30	0	Uc
30	1	Lc
30	2	Lc
30	3	Uc
30	4	Uc
30	5	U
30	6	-1
30	7	U
30	8	U
30	9	Lc
30	10	-1
30	11	-1
30	12	L
30	13	Lc
30	14	Lc
30	15	Lc
30	16	-1
30	17	Lc
30	18	-1
30	19	Lc
30	20	Lc
30	21	Lc
30	22	Lc
30	23	Lc
30	24	Lc
30	25	Lc
30	26	Lc
30	27	Lc
30	28	Lc
30	29	Lc
30	30	Lc
30	31	-1
30	32	L
30	33	L
30	34	L
30	35	L
30	36	L
30	37	Lc
30	38	Lc
30	39	Lc
30	40	-1
30	41	-1
30	42	-1
30	43	Lc
30	44	Lc
30	45	Lc
30	46	Lc
30	47	Lc
30	48	Lc
30	49	Lc
30	50	-1
30	51	Lc
30	52	Lc
30	53	Lc
30	54	Lc
30	55	Lc
30	56	Uc
30	57	-1
30	58	Lc
30	59	Lc
30	60	Lc
30	61	Lc
30	62	-1
30	63	Lc
30	64	Lc
30	65	-1
30	66	Lc
30	67	Lc
30	68	Uc
30	69	Lc
30	70	-1
30	71	Uc
30	72	Uc
30	73	Lc
30	74	Lc
30	75	Lc
30	76	Lc
30	77	Lc
30	78	Lc
30	79	Lc
30	80	Lc
30	81	Lc
30	82	Lc
30	83	Lc
30	84	Lc
30	85	Lc
30	86	-1
30	87	Lc
30	88	Lc
30	89	Lc
30	90	Lc
30	91	L
30	92	Lc
30	93	Lc
30	94	Lc
30	95	-1
30	96	-1
30	97	Lp
30	98	Lp
30	99	Lc
30	100	Lc
30	101	Lc
30	102	Lc
30	103	Lc
30	104	Lc
30	105	Lc
30	106	Lc
30	107	-1
30	108	Lc
30	109	Lc
30	110	Lc
30	111	Lc
30	112	Lc
30	113	L
30	114	Lc
30	115	Lc
30	116	Lc
30	117	Lc
30	118	Lc
30	119	Lc
31	0	Lc
31	1	Uc
31	2	Uc
31	3	Uc
31	4	Uc
31	5	L
31	6	L
31	7	Lc
31	8	L
31	9	Lc
31	10	Lc
31	11	Lc
31	12	Lc
31	13	Lc
31	14	Lc
31	15	L
31	16	Lc
31	17	-1
31	18	Lc
31	19	Lc
31	20	Lc
31	21	-1
31	22	Lc
31	23	Lc
31	24	-1
31	25	Lc
31	26	Lc
31	27	Lc
31	28	-1
31	29	Lc
31	30	Lc
31	31	-1
31	32	Lc
31	33	L
31	34	Lc
31	35	Lc
31	36	L
31	37	Lc
31	38	Lc
31	39	Lc
31	40	Lc
31	41	Lc
31	42	Lc
31	43	Lc
31	44	Lc
31	45	Lc
31	46	Lc
31	47	Lc
31	48	Lc
31	49	-1
31	50	Lc
31	51	Lc
31	52	Lc
31	53	Lc
31	54	Lc
31	55	Uc
31	56	Lc
31	57	Lc
31	58	Lc
31	59	Lc
31	60	Lc
31	61	-1
31	62	Lc
31	63	Uc
31	64	Lc
31	65	Lc
31	66	Lc
31	67	Lc
31	68	Lc
31	69	Lc
31	70	Lc
31	71	Lc
31	72	Lc
31	73	Uc
31	74	Lc
31	75	Lc
31	76	-1
31	77	Lc
31	78	Lc
31	79	Lc
31	80	Lc
31	81	Lc
31	82	-1
31	83	-1
31	84	Lc
31	85	Lc
31	86	Lc
31	87	Lc
31	88	Lc
31	89	Lc
31	90	-1
31	91	Lc
31	92	Lc
31	93	Lp
31	94	Lp
31	95	Lp
31	96	Lp
31	97	Lp
31	98	Lc
31	99	-1
31	100	Lc
31	101	-1
31	102	Lc
31	103	Lc
31	104	Lc
31	105	Lc
31	106	Lc
31	107	Lc
31	108	Lc
31	109	Lc
31	110	-1
31	111	Lc
31	112	-1
31	113	Lc
31	114	Lc
31	115	Lc
31	116	Lc
31	117	Lc
31	118	Lc
31	119	L
32	0	Uc
32	1	Uc
32	2	-1
32	3	Lc
32	4	-1
32	5	Uc
32	6	L
32	7	Lc
32	8	Lc
32	9	L
32	10	Lc
32	11	Lc
32	12	Lc
32	13	Lc
32	14	Lc
32	15	Lc
32	16	Lc
32	17	Lc
32	18	Lc
32	19	Lc
32	20	Lc
32	21	Lc
32	22	Lc
32	23	Lc
32	24	Lc
32	25	Lc
32	26	Lc
32	27	Lc
32	28	Lc
32	29	-1
32	30	Lc
32	31	Lc
32	32	Lc
32	33	Lc
32	34	Lc
32	35	-1
32	36	Lc
32	37	-1
32	38	Lc
32	39	Lc
32	40	Lc
32	41	Lc
32	42	Lc
32	43	Lc
32	44	Lc
32	45	Lc
32	46	Lc
32	47	Lc
32	48	Lc
32	49	Lc
32	50	Lc
32	51	Lc
32	52	Uc
32	53	-1
32	54	Lc
32	55	-1
32	56	Lc
32	57	Lc
32	58	Lc
32	59	Lc
32	60	-1
32	61	L
32	62	Lc
32	63	Lc
32	64	Lc
32	65	Lc
32	66	Lc
32	67	Lc
32	68	Lc
32	69	Lc
32	70	Lc
32	71	Lc
32	72	-1
32	73	Uc
32	74	-1
32	75	Lc
32	76	-1
32	77	-1
32	78	-1
32	79	-1
32	80	Uc
32	81	-1
32	82	Lc
32	83	Lc
32	84	Lc
32	85	Lc
32	86	Lc
32	87	Lc
32	88	Lc
32	89	Lc
32	90	Uc
32	91	Lc
32	92	Lc
32	93	L
32	94	L
32	95	Lp
32	96	Lp
32	97	L
32	98	Lc
32	99	L
32	100	Lp
32	101	Lc
32	102	-1
32	103	Lc
32	104	Lc
32	105	Lc
32	106	-1
32	107	-1
32	108	Lc
32	109	Lc
32	110	-1
32	111	-1
32	112	Lc
32	113	L
32	114	Lc
32	115	Lc
32	116	-1
32	117	L
32	118	Lc
32	119	-1
33	0	Lc
33	1	Uc
33	2	Uc
33	3	Uc
33	4	Uc
33	5	Uc
33	6	L
33	7	L
33	8	Lc
33	9	L
33	10	L
33	11	Lc
33	12	Lc
33	13	Lc
33	14	Lc
33	15	Lc
33	16	Lc
33	17	-1
33	18	Lc
33	19	Lc
33	20	Lc
33	21	Lc
33	22	Lc
33	23	Lc
33	24	Lc
33	25	Lc
33	26	Lc
33	27	Lc
33	28	Lc
33	29	Lc
33	30	Lc
33	31	Lc
33	32	-1
33	33	-1
33	34	Lc
33	35	Lc
33	36	Lc
33	37	Lc
33	38	Lc
33	39	Lc
33	40	Lc
33	41	Lc
33	42	-1
33	43	Lc
33	44	Lc
33	45	Lc
33	46	-1
33	47	Uc
33	48	Uc
33	49	Uc
33	50	Lc
33	51	Lc
33	52	Lc
33	53	Lc
33	54	Uc
33	55	-1
33	56	Lc
33	57	Lc
33	58	Lc
33	59	Lc
33	60	Lc
33	61	Lc
33	62	Lc
33	63	Lc
33	64	Lc
33	65	Lc
33	66	Uc
33	67	Lc
33	68	Lc
33	69	Lc
33	70	Lc
33	71	Uc
33	72	Lc
33	73	Lc
33	74	Lc
33	75	Lc
33	76	Lc
33	77	Lc
33	78	Lc
33	79	Uc
33	80	Uc
33	81	-1
33	82	Lc
33	83	Lc
33	84	Lc
33	85	Lc
33	86	Lc
33	87	Lc
33	88	Uc
33	89	Uc
33	90	Uc
33	91	Uc
33	92	L
33	93	L
33	94	L
33	95	L
33	96	L
33	97	Lc
33	98	Lc
33	99	Lp
33	100	Lc
33	101	-1
33	102	Uc
33	103	Lc
33	104	Lc
33	105	Lc
33	106	Lc
33	107	Lc
33	108	Lc
33	109	Lc
33	110	Lc
33	111	Lc
33	112	L
33	113	L
33	114	Lc
33	115	-1
33	116	Lc
33	117	Lc
33	118	-1
33	119	Lc
34	0	-1
34	1	Uc
34	2	Uc
34	3	Uc
34	4	L
34	5	L
34	6	L
34	7	L
34	8	-1
34	9	L
34	10	Lc
34	11	Lc
34	12	Lc
34	13	Lc
34	14	Lc
34	15	Lc
34	16	Lc
34	17	Lc
34	18	Lc
34	19	Lc
34	20	Lc
34	21	Lc
34	22	Uc
34	23	Lc
34	24	Lc
34	25	Lc
34	26	-1
34	27	Lc
34	28	Lc
34	29	-1
34	30	Lc
34	31	Lc
34	32	Lc
34	33	-1
34	34	Lc
34	35	-1
34	36	-1
34	37	Lc
34	38	Lc
34	39	Lc
34	40	Lc
34	41	-1
34	42	-1
34	43	Lc
34	44	Lc
34	45	Lc
34	46	Lc
34	47	Uc
34	48	Lc
34	49	Lc
34	50	Lc
34	51	Lc
34	52	-1
34	53	Uc
34	54	Lc
34	55	Uc
34	56	Uc
34	57	-1
34	58	Lc
34	59	Lc
34	60	Lc
34	61	Lc
34	62	Lc
34	63	Lc
34	64	-1
34	65	Uc
34	66	Lc
34	67	Uc
34	68	Lc
34	69	Lc
34	70	Lc
34	71	Lc
34	72	Lc
34	73	-1
34	74	Lc
34	75	Lc
34	76	-1
34	77	Lc
34	78	-1
34	79	Uc
34	80	Uc
34	81	Lc
34	82	Lc
34	83	-1
34	84	Lc
34	85	Lc
34	86	Lc
34	87	Uc
34	88	Uc
34	89	Lc
34	90	Uc
34	91	Lc
34	92	Uc
34	93	L
34	94	L
34	95	L
34	96	L
34	97	L
34	98	Lc
34	99	L
34	100	Lc
34	101	Lc
34	102	Uc
34	103	Lc
34	104	Lc
34	105	Lc
34	106	Lc
34	107	Lc
34	108	Lc
34	109	Lc
34	110	Lc
34	111	L
34	112	L
34	113	-1
34	114	Lc
34	115	Lc
34	116	Lc
34	117	Lc
34	118	Lc
34	119	Lc
35	0	Lc
35	1	L
35	2	-1
35	3	-1
35	4	Uc
35	5	Uc
35	6	L
35	7	Uc
35	8	L
35	9	L
35	10	L
35	11	Lc
35	12	Lc
35	13	-1
35	14	Lc
35	15	Lc
35	16	Lc
35	17	Lc
35	18	Lc
35	19	Lc
35	20	Lc
35	21	Lc
35	22	Lc
35	23	Uc
35	24	Lc
35	25	Lc
35	26	Lc
35	27	Lc
35	28	-1
35	29	Lc
35	30	Lc
35	31	Lc
35	32	Lc
35	33	-1
35	34	Lc
35	35	-1
35	36	-1
35	37	Lc
35	38	Lc
35	39	L
35	40	Lc
35	41	Lc
35	42	Lc
35	43	Lc
35	44	Lc
35	45	Lc
35	46	Lc
35	47	Lc
35	48	Lc
35	49	Lc
35	50	Lc
35	51	Lc
35	52	Lc
35	53	Lc
35	54	Uc
35	55	Uc
35	56	Uc
35	57	Uc
35	58	Lc
35	59	Lc
35	60	Lc
35	61	Lc
35	62	Lc
35	63	Lc
35	64	Lc
35	65	Lc
35	66	Lc
35	67	Uc
35	68	-1
35	69	Uc
35	70	Uc
35	71	Lc
35	72	Lc
35	73	Lc
35	74	Lc
35	75	Lc
35	76	Lc
35	77	Lc
35	78	Lc
35	79	Lc
35	80	Lc
35	81	Lc
35	82	Lc
35	83	Uc
35	84	Lc
35	85	Lc
35	86	Lc
35	87	-1
35	88	Uc
35	89	Lc
35	90	Lc
35	91	Lc
35	92	Uc
35	93	Lc
35	94	L
35	95	-1
35	96	L
35	97	L
35	98	L
35	99	-1
35	100	-1
35	101	Uc
35	102	Lc
35	103	Lc
35	104	Lc
35	105	Lc
35	106	Lc
35	107	Lc
35	108	Lc
35	109	Lc
35	110	L
35	111	L
35	112	L
35	113	-1
35	114	Lc
35	115	Lc
35	116	Lc
35	117	Lc
35	118	Lc
35	119	Lc
36	0	L
36	1	U
36	2	U
36	3	U
36	4	U
36	5	Uc
36	6	Uc
36	7	-1
36	8	L
36	9	Lc
36	10	Lc
36	11	Lc
36	12	Lc
36	13	Lc
36	14	Lc
36	15	Lc
36	16	Lc
36	17	Lc
36	18	Lc
36	19	Lc
36	20	Lc
36	21	-1
36	22	Lc
36	23	Lc
36	24	Lc
36	25	Lc
36	26	Lc
36	27	Lc
36	28	Lc
36	29	Lc
36	30	Lc
36	31	-1
36	32	Lc
36	33	Lc
36	34	Lc
36	35	Lc
36	36	Lc
36	37	Lc
36	38	Lc
36	39	L
36	40	-1
36	41	Lc
36	42	Lc
36	43	Lc
36	44	Lc
36	45	Lc
36	46	Lc
36	47	Lc
36	48	Lc
36	49	Lc
36	50	Lc
36	51	Uc
36	52	Uc
36	53	Lc
36	54	Uc
36	55	Uc
36	56	Uc
36	57	Lc
36	58	-1
36	59	Lc
36	60	Lc
36	61	Lc
36	62	Lc
36	63	-1
36	64	Lc
36	65	Lc
36	66	Lc
36	67	Lc
36	68	Uc
36	69	Lc
36	70	Lc
36	71	Lc
36	72	Lc
36	73	Lc
36	74	Lc
36	75	Lc
36	76	Lc
36	77	Lc
36	78	Lc
36	79	Lc
36	80	Uc
36	81	Lc
36	82	Lc
36	83	Lc
36	84	Uc
36	85	-1
36	86	Lc
36	87	Lc
36	88	Uc
36	89	Lc
36	90	Lc
36	91	Lc
36	92	Lc
36	93	Lc
36	94	Lc
36	95	L
36	96	Lp
36	97	Lp
36	98	L
36	99	-1
36	100	Lc
36	101	Lc
36	102	Lc
36	103	-1
36	104	Lc
36	105	Lc
36	106	Lc
36	107	Lc
36	108	L
36	109	Uc
36	110	L
36	111	L
36	112	L
36	113	Lc
36	114	Lc
36	115	Lc
36	116	Lc
36	117	Lc
36	118	Lc
36	119	Lc
37	0	L
37	1	Lc
37	2	U
37	3	Uc
37	4	Lc
37	5	U
37	6	Uc
37	7	Lc
37	8	L
37	9	Lc
37	10	Lc
37	11	Lc
37	12	Lc
37	13	Lc
37	14	Lc
37	15	Lc
37	16	Lc
37	17	Lc
37	18	Lc
37	19	Lc
37	20	Lc
37	21	Lc
37	22	Lc
37	23	Lc
37	24	Lc
37	25	Lc
37	26	Lc
37	27	Lc
37	28	Lc
37	29	Lc
37	30	Lc
37	31	Lc
37	32	Lc
37	33	Lc
37	34	Lc
37	35	Lc
37	36	L
37	37	L
37	38	Lc
37	39	Lc
37	40	L
37	41	Lc
37	42	Lc
37	43	Lc
37	44	Lc
37	45	Lc
37	46	-1
37	47	Lc
37	48	-1
37	49	Lc
37	50	Uc
37	51	Lc
37	52	Uc
37	53	Lc
37	54	Lc
37	55	Lc
37	56	Lc
37	57	Lc
37	58	Lc
37	59	-1
37	60	Lc
37	61	Lc
37	62	Lc
37	63	Lc
37	64	-1
37	65	Lc
37	66	-1
37	67	Lc
37	68	-1
37	69	Lc
37	70	Lc
37	71	Lc
37	72	Lc
37	73	Lc
37	74	Lc
37	75	Lc
37	76	-1
37	77	Lc
37	78	Lc
37	79	Lc
37	80	Lc
37	81	Lc
37	82	Lc
37	83	Uc
37	84	Lc
37	85	Lc
37	86	Lc
37	87	Lc
37	88	Lc
37	89	Uc
37	90	Lc
37	91	Uc
37	92	Uc
37	93	Uc
37	94	U
37	95	U
37	96	-1
37	97	Lc
37	98	Lc
37	99	-1
37	100	Lc
37	101	Lc
37	102	Lc
37	103	Lc
37	104	Lc
37	105	Lc
37	106	Lc
37	107	Lc
37	108	Uc
37	109	L
37	110	L
37	111	-1
37	112	L
37	113	L
37	114	L
37	115	L
37	116	L
37	117	-1
37	118	Lc
37	119	Lc
38	0	-1
38	1	U
38	2	U
38	3	Lc
38	4	U
38	5	Lc
38	6	-1
38	7	L
38	8	Lc
38	9	L
38	10	Lc
38	11	L
38	12	Lc
38	13	Lc
38	14	Lc
38	15	-1
38	16	Lc
38	17	Lc
38	18	Lc
38	19	Lc
38	20	-1
38	21	Lc
38	22	-1
38	23	Lc
38	24	-1
38	25	Lc
38	26	Lc
38	27	Lc
38	28	Lc
38	29	Lc
38	30	Lc
38	31	Lc
38	32	-1
38	33	-1
38	34	Lc
38	35	Lc
38	36	Lc
38	37	Lc
38	38	Lc
38	39	L
38	40	Lc
38	41	Lc
38	42	Lc
38	43	-1
38	44	L
38	45	Lc
38	46	L
38	47	Lc
38	48	Lc
38	49	Lc
38	50	-1
38	51	Lc
38	52	Lc
38	53	-1
38	54	Lc
38	55	Lc
38	56	Lc
38	57	Lc
38	58	Lc
38	59	-1
38	60	Lc
38	61	Lc
38	62	Lc
38	63	Lc
38	64	Lc
38	65	-1
38	66	Lc
38	67	Lc
38	68	Lc
38	69	Lc
38	70	Lc
38	71	Lc
38	72	Lc
38	73	Lc
38	74	Lc
38	75	Lc
38	76	Lc
38	77	L
38	78	L
38	79	L
38	80	L
38	81	-1
38	82	Lc
38	83	Lc
38	84	Lc
38	85	Lc
38	86	Lc
38	87	Lc
38	88	Lc
38	89	Lc
38	90	Lc
38	91	Uc
38	92	Uc
38	93	Uc
38	94	U
38	95	U
38	96	Lc
38	97	L
38	98	Lc
38	99	L
38	100	L
38	101	Lc
38	102	Lc
38	103	Lc
38	104	Lc
38	105	L
38	106	Lc
38	107	Lc
38	108	Lc
38	109	-1
38	110	-1
38	111	Lc
38	112	Lc
38	113	L
38	114	L
38	115	-1
38	116	Lc
38	117	-1
38	118	Lc
38	119	Lc
39	0	Lc
39	1	Lc
39	2	Lc
39	3	U
39	4	-1
39	5	Lc
39	6	Lc
39	7	Lc
39	8	Lc
39	9	Lc
39	10	L
39	11	Lc
39	12	Lc
39	13	-1
39	14	Lc
39	15	Lc
39	16	-1
39	17	Lc
39	18	Lc
39	19	Lc
39	20	-1
39	21	Lc
39	22	Lc
39	23	Lc
39	24	Lc
39	25	-1
39	26	Lc
39	27	Lc
39	28	Lc
39	29	Lc
39	30	Uc
39	31	Uc
39	32	Lc
39	33	Lc
39	34	Lc
39	35	-1
39	36	-1
39	37	Lc
39	38	-1
39	39	Lc
39	40	Lc
39	41	Lc
39	42	-1
39	43	L
39	44	Lc
39	45	L
39	46	Lc
39	47	L
39	48	Lc
39	49	Lc
39	50	Lc
39	51	Lc
39	52	Lc
39	53	Lc
39	54	Lc
39	55	Lc
39	56	Lc
39	57	Lc
39	58	Lc
39	59	Lc
39	60	Lc
39	61	Lc
39	62	Uc
39	63	-1
39	64	Lc
39	65	-1
39	66	Lc
39	67	Lc
39	68	Lc
39	69	Lc
39	70	Lc
39	71	Lc
39	72	Lc
39	73	Lc
39	74	Uc
39	75	Lc
39	76	Lc
39	77	-1
39	78	L
39	79	L
39	80	L
39	81	L
39	82	Lc
39	83	Lc
39	84	Uc
39	85	Lc
39	86	Lc
39	87	Lc
39	88	-1
39	89	Lc
39	90	Lc
39	91	Lc
39	92	-1
39	93	Uc
39	94	U
39	95	U
39	96	U
39	97	Lc
39	98	Lc
39	99	Lc
39	100	L
39	101	Lc
39	102	Lc
39	103	-1
39	104	Lc
39	105	Lc
39	106	Lc
39	107	Lc
39	108	Lc
39	109	Lc
39	110	Lc
39	111	Lc
39	112	Lc
39	113	L
39	114	L
39	115	L
39	116	Lc
39	117	Lc
39	118	Lc
39	119	Lc
40	0	Lc
40	1	Lc
40	2	L
40	3	L
40	4	Lc
40	5	Lc
40	6	Lc
40	7	Lc
40	8	Lc
40	9	-1
40	10	Lc
40	11	L
40	12	Lc
40	13	Lc
40	14	Lc
40	15	-1
40	16	Lc
40	17	Lc
40	18	Uc
40	19	Lc
40	20	Lc
40	21	-1
40	22	Lc
40	23	Lc
40	24	Lc
40	25	Lc
40	26	Lc
40	27	Lc
40	28	Lc
40	29	Uc
40	30	Lc
40	31	Lc
40	32	Lc
40	33	Lc
40	34	Lc
40	35	L
40	36	-1
40	37	-1
40	38	Lc
40	39	Lc
40	40	L
40	41	Lc
40	42	Lc
40	43	Lc
40	44	Lc
40	45	Lc
40	46	Lc
40	47	Lc
40	48	Lc
40	49	Lc
40	50	Lc
40	51	Lc
40	52	Lc
40	53	-1
40	54	Lc
40	55	Lc
40	56	Lc
40	57	Lc
40	58	Lc
40	59	Lc
40	60	Lc
40	61	Lc
40	62	Lc
40	63	Uc
40	64	Lc
40	65	Lc
40	66	Lc
40	67	Lc
40	68	Lc
40	69	Lc
40	70	-1
40	71	Lc
40	72	Lc
40	73	Lc
40	74	Lc
40	75	Lc
40	76	Lc
40	77	-1
40	78	L
40	79	Lc
40	80	Lc
40	81	Lc
40	82	Lc
40	83	Lc
40	84	Lc
40	85	Lc
40	86	Lc
40	87	Lc
40	88	Lc
40	89	Lc
40	90	-1
40	91	-1
40	92	Lc
40	93	Lc
40	94	Lc
40	95	Lc
40	96	Lc
40	97	Lc
40	98	Lc
40	99	Lc
40	100	-1
40	101	Lc
40	102	Lc
40	103	Lc
40	104	Lc
40	105	L
40	106	Lc
40	107	Lc
40	108	Lc
40	109	Lc
40	110	L
40	111	L
40	112	Lc
40	113	U
40	114	L
40	115	L
40	116	-1
40	117	Lc
40	118	Lc
40	119	Lc
41	0	Lc
41	1	L
41	2	L
41	3	L
41	4	-1
41	5	Lc
41	6	Lc
41	7	Lc
41	8	Lc
41	9	Lc
41	10	L
41	11	L
41	12	Lc
41	13	Lc
41	14	Lc
41	15	L
41	16	Lc
41	17	-1
41	18	Lc
41	19	Lc
41	20	Uc
41	21	Lc
41	22	Lc
41	23	Lc
41	24	Lc
41	25	Lc
41	26	Lc
41	27	Lc
41	28	Uc
41	29	Lc
41	30	Lc
41	31	Lc
41	32	Lc
41	33	Lc
41	34	Lc
41	35	Lc
41	36	Lc
41	37	Lc
41	38	Lc
41	39	L
41	40	L
41	41	L
41	42	Lc
41	43	Lc
41	44	Lc
41	45	Lc
41	46	Lc
41	47	Lc
41	48	Lc
41	49	Lc
41	50	Lc
41	51	Lc
41	52	Lc
41	53	Lc
41	54	-1
41	55	-1
41	56	Lc
41	57	Lc
41	58	-1
41	59	Lc
41	60	Lc
41	61	Lc
41	62	Uc
41	63	Lc
41	64	-1
41	65	Lc
41	66	Lc
41	67	Lc
41	68	Lc
41	69	-1
41	70	Lc
41	71	Lc
41	72	Lc
41	73	Lc
41	74	L
41	75	Lc
41	76	L
41	77	Lc
41	78	L
41	79	Lc
41	80	Lc
41	81	Lc
41	82	-1
41	83	Lc
41	84	Lc
41	85	Lc
41	86	Uc
41	87	Lc
41	88	Lc
41	89	Lc
41	90	Lc
41	91	Lc
41	92	Lc
41	93	Lc
41	94	Lc
41	95	Lc
41	96	Lc
41	97	-1
41	98	Lc
41	99	Lc
41	100	-1
41	101	L
41	102	L
41	103	Lc
41	104	L
41	105	Lc
41	106	Lc
41	107	Lc
41	108	L
41	109	Lc
41	110	L
41	111	U
41	112	-1
41	113	U
41	114	L
41	115	L
41	116	L
41	117	Lc
41	118	Lc
41	119	Lc
42	0	Lc
42	1	L
42	2	L
42	3	Lc
42	4	Lc
42	5	Lc
42	6	Lc
42	7	Lc
42	8	Lc
42	9	Lc
42	10	Lc
42	11	Lc
42	12	L
42	13	L
42	14	L
42	15	L
42	16	Lc
42	17	Lc
42	18	Lc
42	19	Lc
42	20	Uc
42	21	Lc
42	22	Lc
42	23	Lc
42	24	Lc
42	25	Lc
42	26	Lc
42	27	Lc
42	28	-1
42	29	-1
42	30	-1
42	31	Lc
42	32	Uc
42	33	L
42	34	L
42	35	L
42	36	L
42	37	L
42	38	L
42	39	L
42	40	-1
42	41	L
42	42	L
42	43	Lc
42	44	Lc
42	45	Lc
42	46	Lc
42	47	Lc
42	48	Lc
42	49	Lc
42	50	Lc
42	51	Lc
42	52	Lc
42	53	Lc
42	54	Lc
42	55	Lc
42	56	Lc
42	57	Lc
42	58	Lc
42	59	Lc
42	60	-1
42	61	Lc
42	62	Lc
42	63	Lc
42	64	Lc
42	65	Lc
42	66	Lc
42	67	Lc
42	68	Lc
42	69	Lc
42	70	Lc
42	71	Lc
42	72	Lc
42	73	L
42	74	L
42	75	L
42	76	Lc
42	77	Lc
42	78	Lc
42	79	-1
42	80	L
42	81	Lc
42	82	Lc
42	83	Lc
42	84	Lc
42	85	Lc
42	86	Lc
42	87	Lc
42	88	Lc
42	89	Lc
42	90	-1
42	91	Lc
42	92	Lc
42	93	Lc
42	94	Lc
42	95	Lc
42	96	Lc
42	97	Lc
42	98	L
42	99	L
42	100	Lc
42	101	Lc
42	102	L
42	103	-1
42	104	L
42	105	L
42	106	Lc
42	107	Lc
42	108	Lc
42	109	L
42	110	L
42	111	L
42	112	-1
42	113	L
42	114	Lc
42	115	Lc
42	116	-1
42	117	-1
42	118	-1
42	119	Lc
43	0	Lc
43	1	-1
43	2	Lc
43	3	L
43	4	Lc
43	5	Lc
43	6	-1
43	7	Lc
43	8	Lc
43	9	Lc
43	10	Lc
43	11	Lc
43	12	L
43	13	L
43	14	L
43	15	Lc
43	16	Lc
43	17	Lc
43	18	Lc
43	19	Lc
43	20	Uc
43	21	-1
43	22	Lc
43	23	Lc
43	24	Lc
43	25	-1
43	26	Lc
43	27	Lc
43	28	Lc
43	29	Lc
43	30	-1
43	31	Lc
43	32	Lc
43	33	Lc
43	34	-1
43	35	L
43	36	L
43	37	L
43	38	L
43	39	-1
43	40	-1
43	41	Lc
43	42	-1
43	43	Lc
43	44	Lc
43	45	Lc
43	46	Lc
43	47	-1
43	48	Lc
43	49	Lc
43	50	Lc
43	51	Lc
43	52	Uc
43	53	Lc
43	54	Lc
43	55	Lc
43	56	Lc
43	57	Lc
43	58	Lc
43	59	Lc
43	60	-1
43	61	-1
43	62	Lc
43	63	Lc
43	64	-1
43	65	Lc
43	66	Lc
43	67	Lc
43	68	Lc
43	69	Lc
43	70	L
43	71	Lc
43	72	Lc
43	73	Lc
43	74	Lc
43	75	L
43	76	L
43	77	L
43	78	Lc
43	79	Lc
43	80	L
43	81	Lc
43	82	Lc
43	83	Lc
43	84	Lc
43	85	Lc
43	86	Lc
43	87	Lc
43	88	Lc
43	89	Lc
43	90	Lc
43	91	Lc
43	92	Lc
43	93	Lc
43	94	Lc
43	95	Lc
43	96	Lc
43	97	L
43	98	L
43	99	Lc
43	100	Lc
43	101	Lc
43	102	L
43	103	L
43	104	Lc
43	105	-1
43	106	-1
43	107	Lc
43	108	Lc
43	109	L
43	110	L
43	111	L
43	112	L
43	113	Lc
43	114	Lc
43	115	Lc
43	116	Lc
43	117	Lc
43	118	Lc
43	119	Lc
44	0	Lc
44	1	Lc
44	2	Lc
44	3	Lc
44	4	Lc
44	5	Lc
44	6	-1
44	7	-1
44	8	Lc
44	9	Lc
44	10	Lc
44	11	-1
44	12	L
44	13	L
44	14	L
44	15	L
44	16	Lc
44	17	Lc
44	18	Lc
44	19	Lc
44	20	Lc
44	21	Lc
44	22	-1
44	23	Lc
44	24	Lc
44	25	Lc
44	26	Lc
44	27	Lc
44	28	Lc
44	29	Lc
44	30	Lc
44	31	Lc
44	32	Uc
44	33	Uc
44	34	-1
44	35	Lc
44	36	L
44	37	L
44	38	L
44	39	L
44	40	L
44	41	Lc
44	42	Lc
44	43	Lc
44	44	Lc
44	45	Lc
44	46	-1
44	47	Lc
44	48	Lc
44	49	Lc
44	50	Lc
44	51	Lc
44	52	Lc
44	53	Lc
44	54	Lc
44	55	Lc
44	56	Lc
44	57	Lc
44	58	Lc
44	59	Lc
44	60	Lc
44	61	Lc
44	62	Lc
44	63	-1
44	64	Lc
44	65	Lc
44	66	Lc
44	67	Lc
44	68	Lc
44	69	Lc
44	70	Lc
44	71	-1
44	72	Lc
44	73	Lc
44	74	L
44	75	Lc
44	76	-1
44	77	L
44	78	L
44	79	Lc
44	80	-1
44	81	L
44	82	Lc
44	83	-1
44	84	Lc
44	85	Lc
44	86	Lc
44	87	Lc
44	88	Lc
44	89	-1
44	90	Lc
44	91	Lc
44	92	Lc
44	93	-1
44	94	Lc
44	95	Lc
44	96	L
44	97	Lc
44	98	Lc
44	99	Lc
44	100	Lc
44	101	Lc
44	102	Lc
44	103	L
44	104	Lc
44	105	Lc
44	106	Lc
44	107	Lc
44	108	Lc
44	109	Lc
44	110	L
44	111	L
44	112	Lc
44	113	Lc
44	114	Lc
44	115	Lc
44	116	-1
44	117	Lc
44	118	-1
44	119	Lc
45	0	Lc
45	1	Lc
45	2	Lc
45	3	Lc
45	4	Uc
45	5	Uc
45	6	Lc
45	7	Lc
45	8	Lc
45	9	Lc
45	10	L
45	11	Lc
45	12	Lc
45	13	L
45	14	L
45	15	Lc
45	16	Lc
45	17	Lc
45	18	Lc
45	19	Lc
45	20	Uc
45	21	Lc
45	22	Lc
45	23	Lc
45	24	Lc
45	25	Lc
45	26	-1
45	27	-1
45	28	Lc
45	29	Lc
45	30	Lc
45	31	Lc
45	32	Lc
45	33	Lc
45	34	L
45	35	L
45	36	Lc
45	37	Lc
45	38	L
45	39	Lc
45	40	Lc
45	41	Lc
45	42	Lc
45	43	Lc
45	44	Lc
45	45	-1
45	46	Lc
45	47	Uc
45	48	Lc
45	49	Lc
45	50	Lc
45	51	Lc
45	52	Lc
45	53	Lc
45	54	Lc
45	55	Lc
45	56	-1
45	57	Lc
45	58	Lc
45	59	Lc
45	60	Lc
45	61	Lc
45	62	Lc
45	63	Lc
45	64	Lc
45	65	Lc
45	66	-1
45	67	Lc
45	68	Lc
45	69	Lc
45	70	Lc
45	71	Lc
45	72	Lc
45	73	Lc
45	74	Lc
45	75	Lc
45	76	-1
45	77	Lc
45	78	Lc
45	79	L
45	80	L
45	81	L
45	82	Lc
45	83	-1
45	84	Lc
45	85	-1
45	86	Lc
45	87	Lc
45	88	Lc
45	89	Lc
45	90	Uc
45	91	Uc
45	92	Lc
45	93	Lc
45	94	Lc
45	95	Lc
45	96	-1
45	97	Lc
45	98	Lc
45	99	L
45	100	U
45	101	U
45	102	-1
45	103	-1
45	104	L
45	105	-1
45	106	Lc
45	107	U
45	108	L
45	109	L
45	110	L
45	111	Lc
45	112	Lc
45	113	Lc
45	114	Lc
45	115	-1
45	116	Lc
45	117	Lc
45	118	Lc
45	119	Lc
46	0	Lc
46	1	Lc
46	2	-1
46	3	-1
46	4	Uc
46	5	Lc
46	6	Lc
46	7	Lc
46	8	Lc
46	9	L
46	10	Lc
46	11	-1
46	12	Lc
46	13	-1
46	14	Uc
46	15	Lc
46	16	Lc
46	17	Lc
46	18	Lc
46	19	Lc
46	20	Lc
46	21	Lc
46	22	Lc
46	23	Lc
46	24	Lc
46	25	Lc
46	26	Lc
46	27	Lc
46	28	-1
46	29	Lc
46	30	Lc
46	31	Lc
46	32	-1
46	33	Lc
46	34	Lc
46	35	L
46	36	L
46	37	-1
46	38	L
46	39	Lc
46	40	Lc
46	41	Lc
46	42	Lc
46	43	Uc
46	44	Uc
46	45	Uc
46	46	-1
46	47	Lc
46	48	Lc
46	49	Lc
46	50	Lc
46	51	Lc
46	52	Lc
46	53	Lc
46	54	Lc
46	55	Lc
46	56	Lc
46	57	Lc
46	58	Lc
46	59	Lc
46	60	Lc
46	61	Lc
46	62	Lc
46	63	Lc
46	64	Lc
46	65	-1
46	66	Lc
46	67	Lc
46	68	-1
46	69	Lc
46	70	Lc
46	71	Lc
46	72	-1
46	73	-1
46	74	U
46	75	L
46	76	L
46	77	Lc
46	78	Lc
46	79	Lc
46	80	L
46	81	L
46	82	L
46	83	Lc
46	84	Lc
46	85	Lc
46	86	Lc
46	87	Lc
46	88	Lc
46	89	Lc
46	90	-1
46	91	Uc
46	92	Lc
46	93	Lc
46	94	-1
46	95	L
46	96	Uc
46	97	L
46	98	L
46	99	L
46	100	U
46	101	-1
46	102	Lc
46	103	Lc
46	104	Lc
46	105	Lc
46	106	Lc
46	107	Lc
46	108	L
46	109	-1
46	110	L
46	111	Uc
46	112	Lc
46	113	Uc
46	114	Lc
46	115	Lc
46	116	Lc
46	117	Lc
46	118	-1
46	119	Lc
47	0	Lc
47	1	-1
47	2	Lc
47	3	Lc
47	4	-1
47	5	Uc
47	6	Uc
47	7	-1
47	8	-1
47	9	-1
47	10	Lc
47	11	Lc
47	12	L
47	13	Uc
47	14	Lc
47	15	Lc
47	16	Lc
47	17	Lc
47	18	Lc
47	19	-1
47	20	Lc
47	21	L
47	22	Lc
47	23	Lc
47	24	Lc
47	25	Lc
47	26	-1
47	27	-1
47	28	Lc
47	29	Lc
47	30	Lc
47	31	Lc
47	32	Lc
47	33	-1
47	34	Lc
47	35	L
47	36	L
47	37	Lc
47	38	Lc
47	39	Lc
47	40	Lc
47	41	Lc
47	42	Lc
47	43	Lc
47	44	Lc
47	45	Lc
47	46	-1
47	47	-1
47	48	Lc
47	49	-1
47	50	Lc
47	51	Lc
47	52	Lc
47	53	Lc
47	54	Lc
47	55	Lc
47	56	Lc
47	57	Lc
47	58	Lc
47	59	Lc
47	60	Lc
47	61	Lc
47	62	Lc
47	63	Lc
47	64	Lc
47	65	Lc
47	66	-1
47	67	Lc
47	68	Lc
47	69	Lc
47	70	Lc
47	71	Lc
47	72	-1
47	73	Lc
47	74	Lc
47	75	L
47	76	Lc
47	77	Lc
47	78	Lc
47	79	L
47	80	Lc
47	81	L
47	82	L
47	83	L
47	84	Lc
47	85	Lc
47	86	Lc
47	87	Lc
47	88	L
47	89	Lc
47	90	Lc
47	91	Lc
47	92	L
47	93	Lc
47	94	Lc
47	95	L
47	96	Lc
47	97	L
47	98	U
47	99	-1
47	100	Lc
47	101	Lc
47	102	Lc
47	103	Lc
47	104	Lc
47	105	Lc
47	106	Lc
47	107	-1
47	108	-1
47	109	L
47	110	L
47	111	L
47	112	Uc
47	113	Uc
47	114	Lc
47	115	Lc
47	116	Lc
47	117	Lc
47	118	L
47	119	Lc
48	0	Lc
48	1	-1
48	2	Lc
48	3	Lc
48	4	-1
48	5	Lc
48	6	Lc
48	7	L
48	8	L
48	9	Lc
48	10	Lc
48	11	L
48	12	Lc
48	13	-1
48	14	-1
48	15	-1
48	16	-1
48	17	Lc
48	18	Lc
48	19	Lc
48	20	Lc
48	21	Lc
48	22	L
48	23	Lc
48	24	Lc
48	25	-1
48	26	Lc
48	27	U
48	28	U
48	29	L
48	30	L
48	31	Lc
48	32	Lc
48	33	Lc
48	34	L
48	35	Lc
48	36	Lc
48	37	Lc
48	38	Lc
48	39	Lc
48	40	Lc
48	41	Lc
48	42	Lc
48	43	Lc
48	44	Lc
48	45	-1
48	46	Lc
48	47	Lc
48	48	Lc
48	49	-1
48	50	Lc
48	51	Lc
48	52	Lc
48	53	Lc
48	54	Lc
48	55	Lc
48	56	Lc
48	57	Lc
48	58	Lc
48	59	Lc
48	60	Lc
48	61	Lc
48	62	Lc
48	63	Lc
48	64	Lc
48	65	Lc
48	66	Lc
48	67	Lc
48	68	Lc
48	69	Lc
48	70	Lc
48	71	Lc
48	72	L
48	73	Lc
48	74	L
48	75	-1
48	76	Lc
48	77	Lc
48	78	Lc
48	79	Lc
48	80	Lc
48	81	Lc
48	82	L
48	83	L
48	84	L
48	85	Lc
48	86	Lc
48	87	Lc
48	88	L
48	89	L
48	90	L
48	91	L
48	92	Lc
48	93	L
48	94	-1
48	95	Lc
48	96	L
48	97	L
48	98	L
48	99	U
48	100	Lc
48	101	-1
48	102	Lc
48	103	Lc
48	104	Lc
48	105	Lc
48	106	Lc
48	107	L
48	108	Lc
48	109	L
48	110	L
48	111	L
48	112	L
48	113	Uc
48	114	Lc
48	115	L
48	116	Lc
48	117	L
48	118	L
48	119	Lc
49	0	Lc
49	1	-1
49	2	-1
49	3	Lc
49	4	Lc
49	5	L
49	6	L
49	7	Lc
49	8	-1
49	9	Uc
49	10	Lc
49	11	Lc
49	12	Lc
49	13	Lc
49	14	Lc
49	15	Lc
49	16	Lc
49	17	Lc
49	18	Lc
49	19	Uc
49	20	Lc
49	21	Lc
49	22	L
49	23	L
49	24	L
49	25	Lc
49	26	Lc
49	27	Lc
49	28	Lc
49	29	Lc
49	30	L
49	31	Lc
49	32	Lc
49	33	Lc
49	34	Lc
49	35	Lc
49	36	Lc
49	37	Lc
49	38	Lc
49	39	Lc
49	40	Lc
49	41	Lc
49	42	Lc
49	43	Lc
49	44	-1
49	45	-1
49	46	Lc
49	47	-1
49	48	Lc
49	49	Lc
49	50	Lc
49	51	Lc
49	52	Lc
49	53	Lc
49	54	-1
49	55	Lc
49	56	Lc
49	57	Lc
49	58	Lc
49	59	Lc
49	60	Lc
49	61	-1
49	62	-1
49	63	Lc
49	64	Lc
49	65	Lc
49	66	Lc
49	67	Lc
49	68	Lc
49	69	L
49	70	L
49	71	L
49	72	Lc
49	73	L
49	74	Lc
49	75	Lc
49	76	Lc
49	77	Lc
49	78	-1
49	79	Lc
49	80	Lc
49	81	Lc
49	82	-1
49	83	L
49	84	Lc
49	85	Lc
49	86	Uc
49	87	Lc
49	88	L
49	89	L
49	90	L
49	91	-1
49	92	-1
49	93	Lc
49	94	Lc
49	95	Lc
49	96	Lc
49	97	L
49	98	L
49	99	-1
49	100	Lc
49	101	L
49	102	Lc
49	103	Lc
49	104	Lc
49	105	Lc
49	106	Lc
49	107	Lc
49	108	L
49	109	L
49	110	L
49	111	Lc
49	112	L
49	113	L
49	114	L
49	115	Lc
49	116	L
49	117	Lc
49	118	L
49	119	L
50	0	-1
50	1	Lc
50	2	Lc
50	3	Lc
50	4	Lc
50	5	Lc
50	6	L
50	7	Lc
50	8	Lc
50	9	Uc
50	10	Uc
50	11	Lc
50	12	Lc
50	13	Lc
50	14	Lc
50	15	Lc
50	16	Lc
50	17	Lc
50	18	Uc
50	19	Lc
50	20	Lc
50	21	Lc
50	22	L
50	23	L
50	24	L
50	25	Lc
50	26	Lc
50	27	U
50	28	Lc
50	29	Lc
50	30	Lc
50	31	L
50	32	L
50	33	Lc
50	34	Lc
50	35	Lc
50	36	Lc
50	37	Lc
50	38	-1
50	39	Lc
50	40	Lc
50	41	Lc
50	42	Lc
50	43	-1
50	44	Lc
50	45	Lc
50	46	Lc
50	47	Lc
50	48	Lc
50	49	-1
50	50	Lc
50	51	Lc
50	52	-1
50	53	Lc
50	54	Lc
50	55	-1
50	56	L
50	57	Lc
50	58	Lc
50	59	-1
50	60	Lc
50	61	-1
50	62	-1
50	63	Uc
50	64	Lc
50	65	-1
50	66	Lc
50	67	-1
50	68	Lc
50	69	Lc
50	70	Lc
50	71	Lc
50	72	L
50	73	L
50	74	L
50	75	Lc
50	76	Lc
50	77	Lc
50	78	Lc
50	79	Lc
50	80	Lc
50	81	Lc
50	82	L
50	83	Lc
50	84	Lc
50	85	Lc
50	86	L
50	87	Lc
50	88	L
50	89	L
50	90	Lc
50	91	Lc
50	92	L
50	93	L
50	94	Lc
50	95	-1
50	96	Lc
50	97	L
50	98	L
50	99	L
50	100	-1
50	101	L
50	102	Lc
50	103	Lc
50	104	Lc
50	105	L
50	106	L
50	107	Lc
50	108	L
50	109	L
50	110	L
50	111	Lc
50	112	Lc
50	113	L
50	114	Lc
50	115	Lc
50	116	Lc
50	117	Lc
50	118	-1
50	119	L
51	0	Lc
51	1	-1
51	2	-1
51	3	Lc
51	4	Lc
51	5	Lc
51	6	L
51	7	Lc
51	8	Uc
51	9	Lc
51	10	Lc
51	11	Uc
51	12	Lc
51	13	Lc
51	14	Lc
51	15	Lc
51	16	Lc
51	17	-1
51	18	Lc
51	19	Lc
51	20	L
51	21	Lc
51	22	Lc
51	23	L
51	24	-1
51	25	Lc
51	26	Lc
51	27	Lc
51	28	Lc
51	29	Lc
51	30	-1
51	31	L
51	32	L
51	33	Lc
51	34	Lc
51	35	Lc
51	36	Lc
51	37	Lc
51	38	Lc
51	39	Lc
51	40	-1
51	41	Lc
51	42	Lc
51	43	Lc
51	44	-1
51	45	Uc
51	46	Lc
51	47	Uc
51	48	-1
51	49	Uc
51	50	Lc
51	51	Lc
51	52	-1
51	53	Lc
51	54	Lc
51	55	L
51	56	Lc
51	57	Lc
51	58	Lc
51	59	Lc
51	60	Lc
51	61	-1
51	62	Lc
51	63	Uc
51	64	Lc
51	65	Uc
51	66	Lc
51	67	Lc
51	68	-1
51	69	-1
51	70	Lc
51	71	L
51	72	Lc
51	73	L
51	74	L
51	75	Lc
51	76	Lc
51	77	Lc
51	78	Lc
51	79	Lc
51	80	Lc
51	81	Lc
51	82	-1
51	83	-1
51	84	L
51	85	Lc
51	86	L
51	87	L
51	88	-1
51	89	L
51	90	Lc
51	91	Lc
51	92	L
51	93	L
51	94	Lc
51	95	Lc
51	96	-1
51	97	L
51	98	L
51	99	L
51	100	L
51	101	L
51	102	L
51	103	Lc
51	104	Lc
51	105	Lc
51	106	L
51	107	Lc
51	108	L
51	109	L
51	110	L
51	111	L
51	112	Lc
51	113	Lc
51	114	Lc
51	115	Lc
51	116	Lc
51	117	Lc
51	118	Lc
51	119	Lc
52	0	Lc
52	1	Lc
52	2	L
52	3	Lc
52	4	L
52	5	L
52	6	Lc
52	7	Lc
52	8	Lc
52	9	Lc
52	10	-1
52	11	Lc
52	12	-1
52	13	Lc
52	14	Lc
52	15	Lc
52	16	Lc
52	17	Lc
52	18	Lc
52	19	L
52	20	Lc
52	21	-1
52	22	Lc
52	23	Lc
52	24	Lc
52	25	Lc
52	26	Lc
52	27	-1
52	28	Lc
52	29	Lc
52	30	L
52	31	Lc
52	32	Lc
52	33	L
52	34	Lc
52	35	Lc
52	36	Lc
52	37	Lc
52	38	Uc
52	39	Lc
52	40	Lc
52	41	Lc
52	42	Lc
52	43	Lc
52	44	Lc
52	45	Uc
52	46	Uc
52	47	-1
52	48	Uc
52	49	Lc
52	50	Lc
52	51	Lc
52	52	Lc
52	53	-1
52	54	L
52	55	L
52	56	Lc
52	57	Lc
52	58	Lc
52	59	Lc
52	60	Lc
52	61	Lc
52	62	Lc
52	63	Lc
52	64	Lc
52	65	Lc
52	66	Lc
52	67	Lc
52	68	Lc
52	69	Lc
52	70	Lc
52	71	Lc
52	72	Lc
52	73	Uc
52	74	Uc
52	75	Lc
52	76	Lc
52	77	Lc
52	78	Lc
52	79	Lc
52	80	-1
52	81	Lc
52	82	Lc
52	83	Lc
52	84	Lc
52	85	L
52	86	Lc
52	87	-1
52	88	-1
52	89	Lc
52	90	L
52	91	L
52	92	L
52	93	Lc
52	94	Lc
52	95	Lc
52	96	L
52	97	Lc
52	98	L
52	99	L
52	100	L
52	101	-1
52	102	L
52	103	L
52	104	Lc
52	105	-1
52	106	Lc
52	107	Lc
52	108	L
52	109	Lc
52	110	Lc
52	111	L
52	112	L
52	113	Lc
52	114	Lc
52	115	Lc
52	116	Lc
52	117	Lc
52	118	Lc
52	119	Lc
53	0	Lc
53	1	L
53	2	Lc
53	3	-1
53	4	L
53	5	L
53	6	Lc
53	7	Lc
53	8	Lc
53	9	Lc
53	10	Lc
53	11	Lc
53	12	Lc
53	13	Lc
53	14	Lc
53	15	Lc
53	16	Lc
53	17	Lc
53	18	L
53	19	Lc
53	20	-1
53	21	L
53	22	-1
53	23	-1
53	24	-1
53	25	Lc
53	26	Lc
53	27	Lc
53	28	Lc
53	29	Lc
53	30	Lc
53	31	U
53	32	Lc
53	33	Lc
53	34	Lc
53	35	Lc
53	36	Lc
53	37	Lc
53	38	Lc
53	39	-1
53	40	-1
53	41	Lc
53	42	Lc
53	43	Lc
53	44	Uc
53	45	-1
53	46	Uc
53	47	Uc
53	48	Lc
53	49	Lc
53	50	Lc
53	51	Lc
53	52	-1
53	53	L
53	54	Lc
53	55	L
53	56	Lc
53	57	Lc
53	58	Lc
53	59	Lc
53	60	Lc
53	61	Lc
53	62	Lc
53	63	-1
53	64	Lc
53	65	Lc
53	66	Lc
53	67	Lc
53	68	Lc
53	69	Lc
53	70	Lc
53	71	Lc
53	72	Lc
53	73	Lc
53	74	-1
53	75	Lc
53	76	Lc
53	77	Uc
53	78	Uc
53	79	Lc
53	80	Lc
53	81	Lc
53	82	Lc
53	83	Lc
53	84	Lc
53	85	Lc
53	86	Lc
53	87	Lc
53	88	Lc
53	89	Lc
53	90	Lc
53	91	Lc
53	92	Lc
53	93	Lc
53	94	Lc
53	95	-1
53	96	-1
53	97	L
53	98	U
53	99	L
53	100	L
53	101	L
53	102	L
53	103	Lc
53	104	L
53	105	L
53	106	Lc
53	107	Lc
53	108	Lc
53	109	L
53	110	Lc
53	111	-1
53	112	Lc
53	113	Lc
53	114	L
53	115	Lc
53	116	Lc
53	117	Lc
53	118	Lc
53	119	Lc
54	0	Lc
54	1	Lc
54	2	Lc
54	3	Lc
54	4	L
54	5	Lc
54	6	Lc
54	7	-1
54	8	Lc
54	9	Lc
54	10	Lc
54	11	Lc
54	12	Lc
54	13	-1
54	14	Lc
54	15	Lc
54	16	Lc
54	17	-1
54	18	-1
54	19	Lc
54	20	Lc
54	21	Lc
54	22	L
54	23	Lc
54	24	Lc
54	25	L
54	26	Lc
54	27	Lc
54	28	Lc
54	29	Lc
54	30	Lc
54	31	Lc
54	32	-1
54	33	Lc
54	34	Lc
54	35	Lc
54	36	-1
54	37	Lc
54	38	Lc
54	39	Lc
54	40	Lc
54	41	-1
54	42	Lc
54	43	Lc
54	44	Lc
54	45	Uc
54	46	Lc
54	47	Lc
54	48	Lc
54	49	Lc
54	50	Lc
54	51	Lc
54	52	L
54	53	L
54	54	Lc
54	55	Lc
54	56	-1
54	57	Lc
54	58	Lc
54	59	Lc
54	60	Lc
54	61	Lc
54	62	Lc
54	63	Lc
54	64	L
54	65	L
54	66	Lc
54	67	Lc
54	68	-1
54	69	Lc
54	70	Lc
54	71	Lc
54	72	Lc
54	73	Lc
54	74	Lc
54	75	Lc
54	76	Lc
54	77	-1
54	78	Uc
54	79	Lc
54	80	Lc
54	81	Lc
54	82	Lc
54	83	Lc
54	84	Lc
54	85	Lc
54	86	-1
54	87	Lc
54	88	Lc
54	89	Lc
54	90	Lc
54	91	Lc
54	92	-1
54	93	Lc
54	94	Lc
54	95	Lc
54	96	L
54	97	Lc
54	98	U
54	99	U
54	100	L
54	101	L
54	102	L
54	103	L
54	104	-1
54	105	L
54	106	L
54	107	Uc
54	108	L
54	109	Lc
54	110	Lc
54	111	Lc
54	112	Lc
54	113	Lc
54	114	Lc
54	115	-1
54	116	Lc
54	117	Lc
54	118	Lc
54	119	Lc
55	0	Lc
55	1	Lc
55	2	Lc
55	3	-1
55	4	Lc
55	5	Lc
55	6	-1
55	7	Lc
55	8	Lc
55	9	Lc
55	10	Lc
55	11	Lc
55	12	Lc
55	13	-1
55	14	-1
55	15	Lc
55	16	Lc
55	17	Lc
55	18	Lc
55	19	Lc
55	20	Lc
55	21	Lc
55	22	L
55	23	L
55	24	Lc
55	25	L
55	26	L
55	27	Lc
55	28	L
55	29	Lc
55	30	Lc
55	31	Lc
55	32	-1
55	33	Lc
55	34	Lc
55	35	Lc
55	36	Lc
55	37	Lc
55	38	Lc
55	39	Lc
55	40	Lc
55	41	Lc
55	42	Lc
55	43	Lc
55	44	Lc
55	45	Lc
55	46	Lc
55	47	Lc
55	48	Lc
55	49	Uc
55	50	Uc
55	51	L
55	52	-1
55	53	L
55	54	Lc
55	55	Lc
55	56	Lc
55	57	Lc
55	58	-1
55	59	-1
55	60	-1
55	61	Lc
55	62	L
55	63	L
55	64	L
55	65	Lc
55	66	L
55	67	L
55	68	-1
55	69	Lc
55	70	Lc
55	71	Lc
55	72	Lc
55	73	Lc
55	74	Lc
55	75	Lc
55	76	Lc
55	77	Lc
55	78	Lc
55	79	Lc
55	80	Lc
55	81	Lc
55	82	Lc
55	83	Lc
55	84	Lc
55	85	Lc
55	86	-1
55	87	Lc
55	88	-1
55	89	Lc
55	90	Lc
55	91	Lc
55	92	Lc
55	93	Lc
55	94	Lc
55	95	Lc
55	96	Lc
55	97	Lc
55	98	U
55	99	U
55	100	-1
55	101	L
55	102	Lc
55	103	Lc
55	104	L
55	105	L
55	106	Lc
55	107	Uc
55	108	L
55	109	Uc
55	110	Lc
55	111	Lc
55	112	Lc
55	113	Lc
55	114	Lc
55	115	Lc
55	116	-1
55	117	Lc
55	118	Lc
55	119	Lc
56	0	Lc
56	1	Lc
56	2	Lc
56	3	Lc
56	4	Lc
56	5	Lc
56	6	-1
56	7	Lc
56	8	Lc
56	9	Lc
56	10	Lc
56	11	Lc
56	12	Lc
56	13	Lc
56	14	Lc
56	15	Lc
56	16	Lc
56	17	Lc
56	18	Lc
56	19	Lc
56	20	-1
56	21	Lc
56	22	Lc
56	23	Lc
56	24	Lc
56	25	L
56	26	L
56	27	L
56	28	L
56	29	L
56	30	Lc
56	31	Lc
56	32	Lc
56	33	-1
56	34	-1
56	35	Lc
56	36	Lc
56	37	Lc
56	38	Lc
56	39	Lc
56	40	Lc
56	41	-1
56	42	Lc
56	43	-1
56	44	Lc
56	45	-1
56	46	Lc
56	47	Lc
56	48	-1
56	49	Lc
56	50	Lc
56	51	L
56	52	L
56	53	Lc
56	54	Lc
56	55	Lc
56	56	Lc
56	57	Lc
56	58	Lc
56	59	Lc
56	60	Lc
56	61	L
56	62	L
56	63	Lc
56	64	L
56	65	L
56	66	L
56	67	Lc
56	68	Lc
56	69	Lc
56	70	Lc
56	71	Lc
56	72	Lc
56	73	Lc
56	74	Lc
56	75	Lc
56	76	Lc
56	77	-1
56	78	Lc
56	79	Lc
56	80	-1
56	81	Lc
56	82	Lc
56	83	Lc
56	84	Lc
56	85	Lc
56	86	Lc
56	87	-1
56	88	Uc
56	89	Uc
56	90	Lc
56	91	Lc
56	92	-1
56	93	Lc
56	94	Lc
56	95	Lc
56	96	Lc
56	97	-1
56	98	L
56	99	Lc
56	100	Lc
56	101	Lc
56	102	L
56	103	Lc
56	104	-1
56	105	Lc
56	106	Lc
56	107	Lc
56	108	Uc
56	109	Uc
56	110	Lc
56	111	Lc
56	112	Lc
56	113	Lc
56	114	Lc
56	115	Lc
56	116	L
56	117	Lc
56	118	Lc
56	119	Lc
57	0	Lc
57	1	Lc
57	2	Lc
57	3	Lc
57	4	Lc
57	5	Lc
57	6	Lc
57	7	Lc
57	8	Lc
57	9	Lc
57	10	Lc
57	11	Lc
57	12	Lc
57	13	Lc
57	14	Lc
57	15	L
57	16	L
57	17	L
57	18	L
57	19	-1
57	20	Lc
57	21	Lc
57	22	Lc
57	23	Lc
57	24	Lc
57	25	L
57	26	L
57	27	L
57	28	L
57	29	L
57	30	-1
57	31	-1
57	32	Lc
57	33	Lc
57	34	Lc
57	35	Lc
57	36	Lc
57	37	Lc
57	38	Lc
57	39	Lc
57	40	Lc
57	41	Lc
57	42	Lc
57	43	Uc
57	44	Lc
57	45	Lc
57	46	-1
57	47	Lc
57	48	Lc
57	49	Lc
57	50	Lc
57	51	Lc
57	52	Lc
57	53	-1
57	54	Lc
57	55	-1
57	56	Lc
57	57	Lc
57	58	Lc
57	59	-1
57	60	Lc
57	61	Lc
57	62	L
57	63	Lc
57	64	L
57	65	Lc
57	66	Lc
57	67	Lc
57	68	Lc
57	69	Lc
57	70	Lc
57	71	Lc
57	72	Lc
57	73	-1
57	74	Lc
57	75	Lc
57	76	Lc
57	77	Lc
57	78	Lc
57	79	Lc
57	80	Lc
57	81	Lc
57	82	Lc
57	83	Lc
57	84	Lc
57	85	Lc
57	86	Lc
57	87	Lc
57	88	-1
57	89	Lc
57	90	Lc
57	91	Lc
57	92	Lc
57	93	Lc
57	94	L
57	95	L
57	96	Lc
57	97	L
57	98	U
57	99	L
57	100	Lc
57	101	Lc
57	102	L
57	103	Lc
57	104	Lc
57	105	Lc
57	106	Lc
57	107	Lc
57	108	Uc
57	109	Lc
57	110	Uc
57	111	Uc
57	112	Uc
57	113	-1
57	114	Lc
57	115	Lc
57	116	Lc
57	117	Lc
57	118	Lc
57	119	Lc
58	0	Lc
58	1	Lc
58	2	Lc
58	3	Lc
58	4	-1
58	5	Lc
58	6	Lc
58	7	Lc
58	8	Lc
58	9	Lc
58	10	Lc
58	11	Lc
58	12	-1
58	13	-1
58	14	U
58	15	Lc
58	16	L
58	17	L
58	18	-1
58	19	L
58	20	Lc
58	21	Lc
58	22	Lc
58	23	Lc
58	24	L
58	25	L
58	26	Lc
58	27	L
58	28	L
58	29	Lc
58	30	L
58	31	Lc
58	32	-1
58	33	Lc
58	34	Lc
58	35	Lc
58	36	Lc
58	37	Lc
58	38	Lc
58	39	Lc
58	40	Lc
58	41	Lc
58	42	Lc
58	43	Lc
58	44	-1
58	45	Lc
58	46	Lc
58	47	Lc
58	48	Lc
58	49	Lc
58	50	Lc
58	51	-1
58	52	Lc
58	53	Lc
58	54	Lc
58	55	Lc
58	56	Lc
58	57	Lc
58	58	Lc
58	59	Lc
58	60	Lc
58	61	Lc
58	62	Lc
58	63	Lc
58	64	Lc
58	65	Lc
58	66	Lc
58	67	L
58	68	L
58	69	-1
58	70	Lc
58	71	-1
58	72	-1
58	73	Lc
58	74	Lc
58	75	Lc
58	76	Lc
58	77	Lc
58	78	Lc
58	79	Lc
58	80	Lc
58	81	Lc
58	82	Uc
58	83	Lc
58	84	Lc
58	85	Lc
58	86	Lc
58	87	Lc
58	88	Lc
58	89	Lc
58	90	Lc
58	91	Lc
58	92	L
58	93	-1
58	94	L
58	95	Lc
58	96	L
58	97	L
58	98	Lc
58	99	Lc
58	100	-1
58	101	L
58	102	L
58	103	Lc
58	104	Lc
58	105	Lc
58	106	Lc
58	107	Lc
58	108	Lc
58	109	Uc
58	110	Lc
58	111	Uc
58	112	Uc
58	113	Uc
58	114	Uc
58	115	Lc
58	116	Lc
58	117	Lc
58	118	Lc
58	119	-1
59	0	Lc
59	1	Lc
59	2	Lc
59	3	Lc
59	4	Lc
59	5	Lc
59	6	-1
59	7	Lc
59	8	Lc
59	9	Lc
59	10	Lc
59	11	-1
59	12	Lc
59	13	-1
59	14	Lc
59	15	Lc
59	16	-1
59	17	Lc
59	18	Lc
59	19	Uc
59	20	Lc
59	21	Lc
59	22	Lc
59	23	L
59	24	Lc
59	25	Lc
59	26	Lc
59	27	Lc
59	28	L
59	29	L
59	30	L
59	31	Lc
59	32	Lc
59	33	Lc
59	34	Lc
59	35	Lc
59	36	Lc
59	37	Lc
59	38	Lc
59	39	Lc
59	40	Lc
59	41	Lc
59	42	Lc
59	43	Lc
59	44	Lc
59	45	-1
59	46	Lc
59	47	Lc
59	48	Lc
59	49	-1
59	50	Lc
59	51	Lc
59	52	Lc
59	53	Lc
59	54	Lc
59	55	Lc
59	56	Lc
59	57	Lc
59	58	Lc
59	59	Lc
59	60	Lc
59	61	Lc
59	62	Lc
59	63	Lc
59	64	Lc
59	65	Lc
59	66	Lc
59	67	L
59	68	Lc
59	69	Lc
59	70	Uc
59	71	Lc
59	72	L
59	73	Lc
59	74	Lc
59	75	Lc
59	76	Lc
59	77	Lc
59	78	Lc
59	79	Lc
59	80	Lc
59	81	Uc
59	82	Uc
59	83	Lc
59	84	Lc
59	85	Lc
59	86	Lc
59	87	Lc
59	88	Lc
59	89	Lc
59	90	Lc
59	91	Lc
59	92	L
59	93	Lc
59	94	L
59	95	Lc
59	96	Lc
59	97	L
59	98	L
59	99	L
59	100	L
59	101	L
59	102	L
59	103	L
59	104	Lc
59	105	Lc
59	106	-1
59	107	Lc
59	108	-1
59	109	Lc
59	110	Uc
59	111	Uc
59	112	-1
59	113	Uc
59	114	L
59	115	L
59	116	L
59	117	Lc
59	118	Lc
59	119	Lc
60	0	Lc
60	1	Lc
60	2	Lc
60	3	Lc
60	4	-1
60	5	Lc
60	6	-1
60	7	Lc
60	8	Lc
60	9	Lc
60	10	Lc
60	11	Lc
60	12	Lc
60	13	-1
60	14	Lc
60	15	U
60	16	Lc
60	17	Lc
60	18	Lc
60	19	-1
60	20	Lc
60	21	Lc
60	22	Lc
60	23	-1
60	24	Lc
60	25	Lc
60	26	Lc
60	27	Lc
60	28	-1
60	29	Lc
60	30	Lc
60	31	Lc
60	32	-1
60	33	Lc
60	34	Lc
60	35	Lc
60	36	Lc
60	37	Lc
60	38	-1
60	39	Lc
60	40	Lc
60	41	Lc
60	42	-1
60	43	Lc
60	44	Lc
60	45	Lc
60	46	Lc
60	47	Lc
60	48	Lc
60	49	Lc
60	50	Lc
60	51	Lc
60	52	Lc
60	53	Lc
60	54	Lc
60	55	Lc
60	56	Lc
60	57	Lc
60	58	Lc
60	59	Lc
60	60	Lc
60	61	Lc
60	62	Lc
60	63	Lc
60	64	Lc
60	65	Lc
60	66	L
60	67	L
60	68	L
60	69	-1
60	70	Lc
60	71	Lc
60	72	Lc
60	73	Lc
60	74	Lc
60	75	-1
60	76	Lc
60	77	-1
60	78	Lc
60	79	Lc
60	80	Lc
60	81	-1
60	82	-1
60	83	Lc
60	84	Lc
60	85	Lc
60	86	Lc
60	87	L
60	88	L
60	89	L
60	90	Uc
60	91	L
60	92	Lc
60	93	L
60	94	Lc
60	95	L
60	96	-1
60	97	U
60	98	Lc
60	99	L
60	100	L
60	101	L
60	102	L
60	103	L
60	104	Lc
60	105	-1
60	106	Lc
60	107	Lc
60	108	Lc
60	109	Lc
60	110	Uc
60	111	Uc
60	112	Lc
60	113	Lc
60	114	Lc
60	115	Lc
60	116	-1
60	117	Lc
60	118	-1
60	119	Lc
61	0	Lc
61	1	Lc
61	2	L
61	3	-1
61	4	Lc
61	5	Lc
61	6	Lc
61	7	Lc
61	8	Lc
61	9	Lc
61	10	Lc
61	11	Lc
61	12	Lc
61	13	Lc
61	14	Lc
61	15	-1
61	16	Lc
61	17	Lc
61	18	Lc
61	19	Lc
61	20	Lc
61	21	Lc
61	22	Lc
61	23	Lc
61	24	Lc
61	25	Lc
61	26	Lc
61	27	Lc
61	28	-1
61	29	Lc
61	30	Lc
61	31	Lc
61	32	L
61	33	L
61	34	Lc
61	35	Lc
61	36	Lc
61	37	Lc
61	38	Lc
61	39	Lc
61	40	Uc
61	41	-1
61	42	Lc
61	43	Lc
61	44	Lc
61	45	L
61	46	Lc
61	47	Lc
61	48	L
61	49	Lc
61	50	-1
61	51	Lc
61	52	Uc
61	53	Lc
61	54	Lc
61	55	Lc
61	56	Lc
61	57	Lc
61	58	Lc
61	59	Lc
61	60	Lc
61	61	Lc
61	62	Lc
61	63	Lc
61	64	Lc
61	65	Lc
61	66	L
61	67	L
61	68	L
61	69	L
61	70	Lc
61	71	Lc
61	72	-1
61	73	-1
61	74	Lc
61	75	Lc
61	76	Lc
61	77	Lc
61	78	Lc
61	79	Lc
61	80	Lc
61	81	Lc
61	82	Lc
61	83	L
61	84	Lc
61	85	Lc
61	86	Lc
61	87	Lc
61	88	L
61	89	-1
61	90	Lc
61	91	L
61	92	L
61	93	Lc
61	94	L
61	95	Lc
61	96	-1
61	97	-1
61	98	Lc
61	99	L
61	100	L
61	101	L
61	102	-1
61	103	Lc
61	104	Lc
61	105	Lc
61	106	Lc
61	107	Lc
61	108	Lc
61	109	Lc
61	110	Lc
61	111	Uc
61	112	Lc
61	113	Lc
61	114	-1
61	115	Lc
61	116	Lc
61	117	Lc
61	118	-1
61	119	Lc
62	0	Lc
62	1	-1
62	2	Lc
62	3	Lc
62	4	Lc
62	5	Lc
62	6	Lc
62	7	Lc
62	8	-1
62	9	Lc
62	10	Lc
62	11	Lc
62	12	-1
62	13	Lc
62	14	Uc
62	15	Lc
62	16	-1
62	17	Uc
62	18	Lc
62	19	Lc
62	20	Lc
62	21	Lc
62	22	Lc
62	23	Lc
62	24	Lc
62	25	Lc
62	26	Lc
62	27	Lc
62	28	Lc
62	29	-1
62	30	Lc
62	31	Lc
62	32	L
62	33	L
62	34	Lc
62	35	Lc
62	36	Lc
62	37	Uc
62	38	Lc
62	39	Lc
62	40	-1
62	41	Lc
62	42	Lc
62	43	Lc
62	44	Lc
62	45	L
62	46	Lc
62	47	L
62	48	L
62	49	Lc
62	50	Lc
62	51	Lc
62	52	Lc
62	53	Lc
62	54	Lc
62	55	Lc
62	56	-1
62	57	Lc
62	58	Lc
62	59	Lc
62	60	Lc
62	61	-1
62	62	Lc
62	63	Lc
62	64	Lc
62	65	Uc
62	66	-1
62	67	L
62	68	L
62	69	L
62	70	L
62	71	L
62	72	Lc
62	73	Lc
62	74	Lc
62	75	-1
62	76	-1
62	77	Lc
62	78	Lc
62	79	Lc
62	80	Lc
62	81	Lc
62	82	Lc
62	83	Lc
62	84	-1
62	85	Lc
62	86	Lc
62	87	Lc
62	88	Lc
62	89	Lc
62	90	L
62	91	L
62	92	L
62	93	L
62	94	L
62	95	Lc
62	96	L
62	97	L
62	98	L
62	99	-1
62	100	L
62	101	L
62	102	L
62	103	U
62	104	U
62	105	L
62	106	Lc
62	107	Lc
62	108	Lc
62	109	-1
62	110	Lc
62	111	Lc
62	112	Lc
62	113	Lc
62	114	Lc
62	115	Lc
62	116	Lc
62	117	Lc
62	118	Lc
62	119	Lc
63	0	-1
63	1	Lc
63	2	-1
63	3	-1
63	4	Lc
63	5	Lc
63	6	Uc
63	7	Lc
63	8	Lc
63	9	Lc
63	10	Lc
63	11	Lc
63	12	Lc
63	13	Lc
63	14	Lc
63	15	Lc
63	16	Lc
63	17	Lc
63	18	Lc
63	19	Lc
63	20	Lc
63	21	Lc
63	22	Lc
63	23	Lc
63	24	Lc
63	25	Lc
63	26	Uc
63	27	Lc
63	28	Lc
63	29	Lc
63	30	Lc
63	31	Lc
63	32	Lc
63	33	Uc
63	34	Uc
63	35	-1
63	36	-1
63	37	Lc
63	38	Lc
63	39	Lc
63	40	-1
63	41	Lc
63	42	Lc
63	43	Lc
63	44	Lc
63	45	Lc
63	46	Lc
63	47	-1
63	48	Lc
63	49	-1
63	50	Lc
63	51	Lc
63	52	Lc
63	53	Lc
63	54	Lc
63	55	-1
63	56	Lc
63	57	Lc
63	58	Lc
63	59	Lc
63	60	Lc
63	61	L
63	62	-1
63	63	L
63	64	L
63	65	-1
63	66	L
63	67	L
63	68	L
63	69	L
63	70	L
63	71	L
63	72	Lc
63	73	Lc
63	74	Lc
63	75	Lc
63	76	Lc
63	77	Lc
63	78	Lc
63	79	Lc
63	80	Lc
63	81	Lc
63	82	Lc
63	83	Lc
63	84	Lc
63	85	-1
63	86	-1
63	87	Lc
63	88	Lc
63	89	Lc
63	90	-1
63	91	L
63	92	L
63	93	Lc
63	94	L
63	95	L
63	96	L
63	97	-1
63	98	L
63	99	L
63	100	L
63	101	L
63	102	L
63	103	Lc
63	104	-1
63	105	Lc
63	106	Lc
63	107	Lc
63	108	-1
63	109	Uc
63	110	Uc
63	111	Lc
63	112	Lc
63	113	Lc
63	114	Lc
63	115	Lc
63	116	Lc
63	117	Lc
63	118	Lc
63	119	-1
64	0	Lc
64	1	Lc
64	2	Lc
64	3	Lc
64	4	Lc
64	5	Uc
64	6	Uc
64	7	Lc
64	8	Lc
64	9	Lc
64	10	-1
64	11	Lc
64	12	Lc
64	13	-1
64	14	Lc
64	15	Lc
64	16	Lc
64	17	-1
64	18	-1
64	19	Lc
64	20	Lc
64	21	Lc
64	22	Lc
64	23	Uc
64	24	-1
64	25	-1
64	26	-1
64	27	Uc
64	28	Lc
64	29	Lc
64	30	-1
64	31	Lc
64	32	Uc
64	33	Lc
64	34	Uc
64	35	Uc
64	36	Uc
64	37	Lc
64	38	Lc
64	39	Lc
64	40	Lc
64	41	Lc
64	42	Lc
64	43	Lc
64	44	Lc
64	45	Lc
64	46	Lc
64	47	L
64	48	Lc
64	49	L
64	50	L
64	51	Lc
64	52	L
64	53	Lc
64	54	-1
64	55	Lc
64	56	Lc
64	57	Lc
64	58	-1
64	59	L
64	60	L
64	61	L
64	62	Lc
64	63	Lc
64	64	-1
64	65	Lc
64	66	Lc
64	67	Lc
64	68	L
64	69	Lc
64	70	L
64	71	L
64	72	-1
64	73	Lc
64	74	Lc
64	75	Lc
64	76	Lc
64	77	Lc
64	78	Lc
64	79	Lc
64	80	Lc
64	81	Lc
64	82	Lc
64	83	Lc
64	84	Lc
64	85	-1
64	86	Lc
64	87	Lc
64	88	Lc
64	89	-1
64	90	Lc
64	91	Lc
64	92	Lc
64	93	Lc
64	94	Lc
64	95	Lc
64	96	L
64	97	L
64	98	L
64	99	-1
64	100	L
64	101	L
64	102	L
64	103	Lc
64	104	Lc
64	105	Lc
64	106	Lc
64	107	Lc
64	108	Uc
64	109	Uc
64	110	Lc
64	111	Lc
64	112	Lc
64	113	Lc
64	114	Lc
64	115	Lc
64	116	Lc
64	117	Lc
64	118	Lc
64	119	-1
65	0	-1
65	1	Lc
65	2	Lc
65	3	Lc
65	4	Lc
65	5	Uc
65	6	-1
65	7	Lc
65	8	Lc
65	9	Lc
65	10	Lc
65	11	Lc
65	12	Lc
65	13	Lc
65	14	Lc
65	15	Lc
65	16	Lc
65	17	-1
65	18	Lc
65	19	-1
65	20	Lc
65	21	Uc
65	22	Lc
65	23	-1
65	24	-1
65	25	Lc
65	26	Lc
65	27	Lc
65	28	Lc
65	29	Lc
65	30	Lc
65	31	Uc
65	32	Lc
65	33	Lc
65	34	Lc
65	35	Lc
65	36	Lc
65	37	Lc
65	38	Lc
65	39	Lc
65	40	Lc
65	41	Lc
65	42	Lc
65	43	Lc
65	44	Lc
65	45	Lc
65	46	L
65	47	Lc
65	48	Lc
65	49	Lc
65	50	-1
65	51	L
65	52	L
65	53	L
65	54	Lc
65	55	-1
65	56	Uc
65	57	Lc
65	58	L
65	59	Lc
65	60	L
65	61	Lc
65	62	Lc
65	63	Lc
65	64	-1
65	65	Lc
65	66	Lc
65	67	Lc
65	68	Lc
65	69	Lc
65	70	Lc
65	71	Lc
65	72	Uc
65	73	Lc
65	74	-1
65	75	Lc
65	76	Lc
65	77	Lc
65	78	Lc
65	79	Lc
65	80	Lc
65	81	Lc
65	82	Lc
65	83	Lc
65	84	Lc
65	85	L
65	86	Lc
65	87	L
65	88	Lc
65	89	Lc
65	90	-1
65	91	Lc
65	92	Lc
65	93	Lc
65	94	Lc
65	95	Lc
65	96	Lc
65	97	L
65	98	L
65	99	-1
65	100	L
65	101	L
65	102	Lc
65	103	Lc
65	104	Lc
65	105	Lc
65	106	Lc
65	107	Lc
65	108	Uc
65	109	Uc
65	110	Uc
65	111	Lc
65	112	-1
65	113	Lc
65	114	Lc
65	115	-1
65	116	Lc
65	117	Lc
65	118	Lc
65	119	Lc
66	0	Lc
66	1	Lc
66	2	Lc
66	3	-1
66	4	Lc
66	5	Uc
66	6	-1
66	7	Uc
66	8	Lc
66	9	Lc
66	10	Lc
66	11	Lc
66	12	Lc
66	13	Lc
66	14	Lc
66	15	Lc
66	16	Lc
66	17	Lc
66	18	Lc
66	19	Lc
66	20	Lc
66	21	Lc
66	22	Uc
66	23	-1
66	24	Uc
66	25	Uc
66	26	Lc
66	27	-1
66	28	Lc
66	29	Lc
66	30	Lc
66	31	-1
66	32	Lc
66	33	Lc
66	34	Lc
66	35	Lc
66	36	Lc
66	37	-1
66	38	-1
66	39	Lc
66	40	Lc
66	41	Lc
66	42	Lc
66	43	-1
66	44	Lc
66	45	-1
66	46	L
66	47	L
66	48	Lc
66	49	Lc
66	50	Lc
66	51	L
66	52	Lc
66	53	Lc
66	54	Lc
66	55	L
66	56	L
66	57	-1
66	58	Lc
66	59	L
66	60	-1
66	61	Lc
66	62	Lc
66	63	Lc
66	64	Lc
66	65	Lc
66	66	Lc
66	67	Lc
66	68	Lc
66	69	Lc
66	70	Lc
66	71	Lc
66	72	-1
66	73	Lc
66	74	Lc
66	75	Lc
66	76	Lc
66	77	Lc
66	78	Lc
66	79	-1
66	80	Lc
66	81	-1
66	82	Lc
66	83	Lc
66	84	Lc
66	85	-1
66	86	L
66	87	-1
66	88	Lc
66	89	Lc
66	90	Lc
66	91	Lc
66	92	Lc
66	93	Lc
66	94	L
66	95	Lc
66	96	L
66	97	L
66	98	L
66	99	L
66	100	Lc
66	101	Lc
66	102	-1
66	103	Lc
66	104	Lc
66	105	Lc
66	106	Lc
66	107	Uc
66	108	Uc
66	109	Uc
66	110	Lc
66	111	Lc
66	112	Lc
66	113	Lc
66	114	Lc
66	115	Lc
66	116	Lc
66	117	Lc
66	118	Lc
66	119	-1
67	0	Lc
67	1	Lc
67	2	Lc
67	3	-1
67	4	Lc
67	5	Uc
67	6	-1
67	7	Lc
67	8	Uc
67	9	Lc
67	10	-1
67	11	-1
67	12	Lc
67	13	-1
67	14	Lc
67	15	Lc
67	16	Lc
67	17	Lc
67	18	Lc
67	19	Lc
67	20	Lc
67	21	Lc
67	22	Lc
67	23	Lc
67	24	Lc
67	25	Lc
67	26	-1
67	27	Lc
67	28	L
67	29	L
67	30	Lc
67	31	Lc
67	32	Lc
67	33	Lc
67	34	-1
67	35	-1
67	36	Lc
67	37	-1
67	38	-1
67	39	Lc
67	40	Lc
67	41	-1
67	42	Lc
67	43	Lc
67	44	Lc
67	45	-1
67	46	L
67	47	L
67	48	L
67	49	-1
67	50	Lc
67	51	Lc
67	52	Lc
67	53	Lc
67	54	Lc
67	55	Lc
67	56	Lc
67	57	Lc
67	58	Lc
67	59	Lc
67	60	Lc
67	61	-1
67	62	Lc
67	63	Lc
67	64	Lc
67	65	Lc
67	66	Lc
67	67	Lc
67	68	Lc
67	69	Lc
67	70	Lc
67	71	Lc
67	72	Lc
67	73	-1
67	74	Lc
67	75	Lc
67	76	-1
67	77	Lc
67	78	Lc
67	79	Lc
67	80	-1
67	81	Uc
67	82	-1
67	83	Lc
67	84	Lc
67	85	L
67	86	L
67	87	L
67	88	Lc
67	89	Lc
67	90	Lc
67	91	L
67	92	L
67	93	L
67	94	L
67	95	L
67	96	L
67	97	Lc
67	98	-1
67	99	Lc
67	100	Lc
67	101	Uc
67	102	Lc
67	103	-1
67	104	Lc
67	105	Lc
67	106	Lc
67	107	Lc
67	108	Uc
67	109	Uc
67	110	Uc
67	111	Lc
67	112	Lc
67	113	Lc
67	114	Lc
67	115	Lc
67	116	Lc
67	117	Lc
67	118	Lc
67	119	-1
68	0	-1
68	1	Lc
68	2	Lc
68	3	Lc
68	4	-1
68	5	Lc
68	6	Uc
68	7	Lc
68	8	Lc
68	9	Lc
68	10	Lc
68	11	Lc
68	12	Lc
68	13	Lc
68	14	Lc
68	15	Lc
68	16	Lc
68	17	Lc
68	18	Lc
68	19	Uc
68	20	Lc
68	21	Lc
68	22	Lc
68	23	Lc
68	24	Lc
68	25	L
68	26	Lc
68	27	Lc
68	28	Lc
68	29	Lc
68	30	L
68	31	-1
68	32	Lc
68	33	Lc
68	34	Lc
68	35	Lc
68	36	-1
68	37	L
68	38	Lc
68	39	Lc
68	40	Lc
68	41	Lc
68	42	Lc
68	43	Lc
68	44	Lc
68	45	L
68	46	-1
68	47	L
68	48	Lc
68	49	Lc
68	50	Lc
68	51	U
68	52	U
68	53	L
68	54	Lc
68	55	Lc
68	56	Lc
68	57	Lc
68	58	Lc
68	59	Lc
68	60	-1
68	61	Lc
68	62	Lc
68	63	Lc
68	64	-1
68	65	Lc
68	66	Lc
68	67	-1
68	68	Lc
68	69	Lc
68	70	Lc
68	71	Lc
68	72	Lc
68	73	Lc
68	74	Lc
68	75	Lc
68	76	Lc
68	77	Lc
68	78	Lc
68	79	Lc
68	80	Uc
68	81	Lc
68	82	Lc
68	83	Lc
68	84	-1
68	85	Lc
68	86	L
68	87	L
68	88	Lc
68	89	L
68	90	L
68	91	L
68	92	L
68	93	L
68	94	L
68	95	L
68	96	-1
68	97	L
68	98	-1
68	99	Lc
68	100	Lc
68	101	Lc
68	102	Lc
68	103	Lc
68	104	Lc
68	105	Lc
68	106	Lc
68	107	Lc
68	108	Uc
68	109	Uc
68	110	-1
68	111	Lc
68	112	Lc
68	113	Lc
68	114	-1
68	115	Lc
68	116	Lc
68	117	Lc
68	118	Lc
68	119	Lc
69	0	-1
69	1	-1
69	2	Lc
69	3	Lc
69	4	-1
69	5	Lc
69	6	Lc
69	7	Lc
69	8	Lc
69	9	Lc
69	10	Lc
69	11	Lc
69	12	Lc
69	13	Lc
69	14	Lc
69	15	Lc
69	16	Lc
69	17	Lc
69	18	Lc
69	19	Lc
69	20	L
69	21	-1
69	22	-1
69	23	Lc
69	24	-1
69	25	L
69	26	Lc
69	27	Lc
69	28	-1
69	29	-1
69	30	Lc
69	31	-1
69	32	Lc
69	33	-1
69	34	Lc
69	35	Lc
69	36	Lc
69	37	Lc
69	38	Lc
69	39	-1
69	40	L
69	41	Lc
69	42	Lc
69	43	Lc
69	44	Lc
69	45	-1
69	46	L
69	47	L
69	48	L
69	49	-1
69	50	-1
69	51	-1
69	52	L
69	53	Lc
69	54	L
69	55	Lc
69	56	Lc
69	57	Lc
69	58	Lc
69	59	Lc
69	60	Lc
69	61	Lc
69	62	Lc
69	63	Lc
69	64	Lc
69	65	Lc
69	66	Lc
69	67	-1
69	68	Lc
69	69	Lc
69	70	Lc
69	71	-1
69	72	Lc
69	73	Lc
69	74	Lc
69	75	Lc
69	76	Lc
69	77	Lc
69	78	Lc
69	79	Lc
69	80	Lc
69	81	Lc
69	82	Lc
69	83	-1
69	84	Lc
69	85	L
69	86	L
69	87	L
69	88	L
69	89	L
69	90	L
69	91	-1
69	92	L
69	93	L
69	94	L
69	95	L
69	96	-1
69	97	L
69	98	Lc
69	99	Lc
69	100	Lc
69	101	-1
69	102	Lc
69	103	-1
69	104	Lc
69	105	Lc
69	106	Lc
69	107	Uc
69	108	Uc
69	109	Uc
69	110	-1
69	111	-1
69	112	Lc
69	113	-1
69	114	Lc
69	115	Lc
69	116	Lc
69	117	Lc
69	118	L
69	119	Lc
70	0	-1
70	1	-1
70	2	Uc
70	3	Lc
70	4	Lc
70	5	Lc
70	6	Lc
70	7	Lc
70	8	-1
70	9	Lc
70	10	Lc
70	11	Lc
70	12	Lc
70	13	-1
70	14	Lc
70	15	Lc
70	16	Lc
70	17	Lc
70	18	Lc
70	19	Lc
70	20	Lc
70	21	L
70	22	L
70	23	Lc
70	24	L
70	25	Lc
70	26	L
70	27	Lc
70	28	Lc
70	29	Lc
70	30	Lc
70	31	Lc
70	32	Lc
70	33	Lc
70	34	-1
70	35	Lc
70	36	Lc
70	37	Lc
70	38	-1
70	39	-1
70	40	L
70	41	L
70	42	Lc
70	43	Lc
70	44	Lc
70	45	L
70	46	Uc
70	47	Uc
70	48	Uc
70	49	L
70	50	L
70	51	L
70	52	Lc
70	53	L
70	54	L
70	55	Lc
70	56	-1
70	57	Lc
70	58	Lc
70	59	Lc
70	60	Lc
70	61	Lc
70	62	Lc
70	63	Lc
70	64	-1
70	65	Lc
70	66	Lc
70	67	-1
70	68	Lc
70	69	Lc
70	70	Lc
70	71	Lc
70	72	Lc
70	73	Lc
70	74	Lc
70	75	Lc
70	76	Lc
70	77	Lc
70	78	Lc
70	79	Lc
70	80	Lc
70	81	Lc
70	82	Lc
70	83	Lc
70	84	Lc
70	85	L
70	86	Lc
70	87	L
70	88	L
70	89	L
70	90	L
70	91	L
70	92	L
70	93	L
70	94	L
70	95	L
70	96	-1
70	97	Lc
70	98	L
70	99	L
70	100	Lc
70	101	Lc
70	102	Lc
70	103	Lc
70	104	Lc
70	105	Lc
70	106	Lc
70	107	Lc
70	108	Uc
70	109	Lc
70	110	Lc
70	111	Lc
70	112	Lc
70	113	Lc
70	114	Lc
70	115	L
70	116	L
70	117	L
70	118	Lc
70	119	Lc
71	0	Lc
71	1	Uc
71	2	Uc
71	3	Uc
71	4	Lc
71	5	Lc
71	6	Lc
71	7	Lc
71	8	Lc
71	9	Lc
71	10	Lc
71	11	Lc
71	12	-1
71	13	Lc
71	14	Lc
71	15	Lc
71	16	-1
71	17	Lc
71	18	Lc
71	19	Lc
71	20	Lc
71	21	Lc
71	22	-1
71	23	-1
71	24	L
71	25	-1
71	26	L
71	27	L
71	28	L
71	29	L
71	30	L
71	31	L
71	32	Lc
71	33	Lc
71	34	Lc
71	35	Lc
71	36	Lc
71	37	Lc
71	38	L
71	39	-1
71	40	L
71	41	Lc
71	42	L
71	43	L
71	44	Uc
71	45	L
71	46	L
71	47	L
71	48	-1
71	49	Uc
71	50	-1
71	51	L
71	52	-1
71	53	Lc
71	54	Lc
71	55	Lc
71	56	Lc
71	57	Lc
71	58	-1
71	59	-1
71	60	Lc
71	61	Lc
71	62	Lc
71	63	Lc
71	64	-1
71	65	Lc
71	66	Lc
71	67	-1
71	68	Uc
71	69	Lc
71	70	Lc
71	71	Lc
71	72	Lc
71	73	Lc
71	74	Lc
71	75	Lc
71	76	Lc
71	77	Lc
71	78	Lc
71	79	Lc
71	80	Lc
71	81	Lc
71	82	Lc
71	83	-1
71	84	L
71	85	-1
71	86	-1
71	87	Lc
71	88	L
71	89	L
71	90	L
71	91	L
71	92	L
71	93	L
71	94	L
71	95	L
71	96	Lc
71	97	L
71	98	L
71	99	L
71	100	Uc
71	101	Lc
71	102	-1
71	103	Lc
71	104	Lc
71	105	-1
71	106	Lc
71	107	Lc
71	108	Uc
71	109	Lc
71	110	-1
71	111	Lc
71	112	Lc
71	113	Uc
71	114	Uc
71	115	Lc
71	116	-1
71	117	Lc
71	118	Lc
71	119	Lc
72	0	Uc
72	1	Lc
72	2	-1
72	3	Lc
72	4	Lc
72	5	Lc
72	6	-1
72	7	Lc
72	8	Lc
72	9	Lc
72	10	Lc
72	11	Lc
72	12	-1
72	13	Lc
72	14	Lc
72	15	Lc
72	16	Lc
72	17	Lc
72	18	-1
72	19	Lc
72	20	Lc
72	21	Lc
72	22	L
72	23	L
72	24	-1
72	25	L
72	26	-1
72	27	L
72	28	-1
72	29	L
72	30	-1
72	31	L
72	32	L
72	33	Lc
72	34	L
72	35	-1
72	36	Lc
72	37	Lc
72	38	L
72	39	L
72	40	-1
72	41	L
72	42	L
72	43	-1
72	44	L
72	45	L
72	46	L
72	47	L
72	48	L
72	49	L
72	50	L
72	51	L
72	52	Lc
72	53	L
72	54	Lc
72	55	-1
72	56	Lc
72	57	-1
72	58	-1
72	59	Lc
72	60	Lc
72	61	Lc
72	62	Lc
72	63	Lc
72	64	Lc
72	65	Lc
72	66	Lc
72	67	Uc
72	68	-1
72	69	Uc
72	70	Lc
72	71	Lc
72	72	Lc
72	73	Lc
72	74	Lc
72	75	Lc
72	76	Lc
72	77	-1
72	78	Lc
72	79	Lc
72	80	Lc
72	81	Lc
72	82	Lc
72	83	Lc
72	84	Lc
72	85	L
72	86	-1
72	87	L
72	88	-1
72	89	L
72	90	L
72	91	L
72	92	L
72	93	L
72	94	L
72	95	L
72	96	-1
72	97	L
72	98	L
72	99	Lc
72	100	-1
72	101	Lc
72	102	-1
72	103	Lc
72	104	Lc
72	105	Lc
72	106	Lc
72	107	Lc
72	108	Lc
72	109	Lc
72	110	Lc
72	111	L
72	112	Uc
72	113	L
72	114	Uc
72	115	Uc
72	116	L
72	117	L
72	118	Lc
72	119	Lc
73	0	-1
73	1	Lc
73	2	Lc
73	3	-1
73	4	Lc
73	5	Lc
73	6	Lc
73	7	-1
73	8	Lc
73	9	Lc
73	10	Lc
73	11	Lc
73	12	Lc
73	13	Lc
73	14	Lc
73	15	Lc
73	16	Lc
73	17	Lc
73	18	Lc
73	19	Lc
73	20	Lc
73	21	Lc
73	22	L
73	23	L
73	24	L
73	25	L
73	26	L
73	27	L
73	28	-1
73	29	U
73	30	L
73	31	L
73	32	-1
73	33	L
73	34	Lc
73	35	-1
73	36	L
73	37	L
73	38	L
73	39	L
73	40	Lc
73	41	-1
73	42	Lc
73	43	L
73	44	L
73	45	L
73	46	L
73	47	-1
73	48	-1
73	49	L
73	50	L
73	51	Lc
73	52	Lc
73	53	Lc
73	54	Lc
73	55	Lc
73	56	Lc
73	57	Lc
73	58	Lc
73	59	Lc
73	60	Lc
73	61	Lc
73	62	Lc
73	63	Lc
73	64	-1
73	65	Lc
73	66	Lc
73	67	Lc
73	68	Lc
73	69	Lc
73	70	Lc
73	71	-1
73	72	Lc
73	73	-1
73	74	Lc
73	75	Lc
73	76	Lc
73	77	Lc
73	78	Lc
73	79	Lc
73	80	Lc
73	81	Lc
73	82	Lc
73	83	Lc
73	84	-1
73	85	Lc
73	86	L
73	87	L
73	88	L
73	89	L
73	90	L
73	91	L
73	92	L
73	93	L
73	94	L
73	95	-1
73	96	L
73	97	Lc
73	98	Lc
73	99	Lc
73	100	Lc
73	101	-1
73	102	Lc
73	103	Lc
73	104	Lc
73	105	-1
73	106	Lc
73	107	Lc
73	108	Lc
73	109	Lc
73	110	Lc
73	111	L
73	112	L
73	113	Lc
73	114	-1
73	115	Lc
73	116	Lc
73	117	L
73	118	-1
73	119	Lc
74	0	Lc
74	1	Lc
74	2	Lc
74	3	Lc
74	4	Lc
74	5	Lc
74	6	Lc
74	7	Lc
74	8	Lc
74	9	-1
74	10	Lc
74	11	Lc
74	12	Lc
74	13	Lc
74	14	Lc
74	15	Lc
74	16	Lc
74	17	Lc
74	18	Lc
74	19	Lc
74	20	Lc
74	21	L
74	22	L
74	23	-1
74	24	L
74	25	L
74	26	L
74	27	L
74	28	L
74	29	L
74	30	L
74	31	-1
74	32	Lc
74	33	L
74	34	L
74	35	Lc
74	36	Lc
74	37	Lc
74	38	-1
74	39	L
74	40	-1
74	41	Lc
74	42	Lc
74	43	L
74	44	Lc
74	45	L
74	46	L
74	47	L
74	48	L
74	49	L
74	50	L
74	51	-1
74	52	Lc
74	53	Lc
74	54	Lc
74	55	Lc
74	56	Lc
74	57	-1
74	58	Lc
74	59	Lc
74	60	Lc
74	61	L
74	62	Lc
74	63	Lc
74	64	Uc
74	65	Lc
74	66	Lc
74	67	Lc
74	68	Lc
74	69	Lc
74	70	Lc
74	71	Lc
74	72	Lc
74	73	Lc
74	74	Lc
74	75	Lc
74	76	Lc
74	77	Lc
74	78	Lc
74	79	Lc
74	80	Lc
74	81	Lc
74	82	Lc
74	83	Lc
74	84	Lc
74	85	L
74	86	Lc
74	87	L
74	88	L
74	89	L
74	90	L
74	91	L
74	92	L
74	93	L
74	94	L
74	95	L
74	96	L
74	97	Lc
74	98	Lc
74	99	Lc
74	100	-1
74	101	L
74	102	Lc
74	103	L
74	104	-1
74	105	-1
74	106	-1
74	107	Lc
74	108	-1
74	109	Lc
74	110	L
74	111	-1
74	112	-1
74	113	Lc
74	114	L
74	115	Lc
74	116	L
74	117	L
74	118	Lc
74	119	Lc
75	0	Lc
75	1	-1
75	2	Lc
75	3	-1
75	4	Lc
75	5	Lc
75	6	Lc
75	7	Lc
75	8	Lc
75	9	Lc
75	10	-1
75	11	Lc
75	12	-1
75	13	Lc
75	14	Lc
75	15	Lc
75	16	Lc
75	17	Lc
75	18	Lc
75	19	Lc
75	20	-1
75	21	U
75	22	L
75	23	L
75	24	L
75	25	L
75	26	L
75	27	L
75	28	-1
75	29	L
75	30	Lc
75	31	Lc
75	32	Lc
75	33	Lc
75	34	L
75	35	Lc
75	36	Lc
75	37	-1
75	38	Lc
75	39	L
75	40	L
75	41	Lc
75	42	Lc
75	43	L
75	44	-1
75	45	L
75	46	L
75	47	Lc
75	48	Lc
75	49	Lc
75	50	Lc
75	51	Lc
75	52	Lc
75	53	Lc
75	54	Lc
75	55	Lc
75	56	Lc
75	57	Lc
75	58	Lc
75	59	Lc
75	60	L
75	61	L
75	62	L
75	63	L
75	64	Lc
75	65	Lc
75	66	Lc
75	67	Lc
75	68	-1
75	69	-1
75	70	Lc
75	71	Lc
75	72	Lc
75	73	Lc
75	74	Lc
75	75	Lc
75	76	Lc
75	77	Lc
75	78	Lc
75	79	Lc
75	80	-1
75	81	Lc
75	82	Lc
75	83	Lc
75	84	Lc
75	85	L
75	86	Lc
75	87	-1
75	88	U
75	89	U
75	90	L
75	91	L
75	92	L
75	93	Lc
75	94	L
75	95	L
75	96	Lc
75	97	-1
75	98	L
75	99	L
75	100	L
75	101	Lc
75	102	L
75	103	L
75	104	L
75	105	Lc
75	106	Lc
75	107	Lc
75	108	Lc
75	109	Lc
75	110	Lc
75	111	Lc
75	112	L
75	113	-1
75	114	L
75	115	Lc
75	116	Lc
75	117	L
75	118	Lc
75	119	Lc
76	0	Lc
76	1	-1
76	2	Lc
76	3	Lc
76	4	Lc
76	5	Lc
76	6	Lc
76	7	Lc
76	8	Lc
76	9	-1
76	10	Lc
76	11	Lc
76	12	-1
76	13	Lc
76	14	Lc
76	15	Lc
76	16	Lc
76	17	-1
76	18	Lc
76	19	Lc
76	20	Lc
76	21	-1
76	22	L
76	23	L
76	24	L
76	25	L
76	26	-1
76	27	L
76	28	L
76	29	Lc
76	30	Lc
76	31	Lc
76	32	Lc
76	33	-1
76	34	Lc
76	35	Lc
76	36	Uc
76	37	-1
76	38	Lc
76	39	Lc
76	40	-1
76	41	Lc
76	42	L
76	43	Lc
76	44	L
76	45	L
76	46	L
76	47	-1
76	48	-1
76	49	L
76	50	L
76	51	Lc
76	52	Lc
76	53	-1
76	54	Lc
76	55	Lc
76	56	Lc
76	57	-1
76	58	Lc
76	59	Lc
76	60	L
76	61	-1
76	62	-1
76	63	L
76	64	Lc
76	65	Lc
76	66	Lc
76	67	Lc
76	68	Lc
76	69	Lc
76	70	Lc
76	71	Lc
76	72	Lc
76	73	Lc
76	74	-1
76	75	-1
76	76	Lc
76	77	Lc
76	78	Lc
76	79	Lc
76	80	Lc
76	81	Lc
76	82	Lc
76	83	Lc
76	84	L
76	85	L
76	86	Lc
76	87	Lc
76	88	U
76	89	L
76	90	U
76	91	L
76	92	Lc
76	93	Lc
76	94	-1
76	95	-1
76	96	L
76	97	Lc
76	98	-1
76	99	Lc
76	100	L
76	101	L
76	102	L
76	103	L
76	104	L
76	105	L
76	106	L
76	107	Lc
76	108	Lc
76	109	Lc
76	110	Lc
76	111	Lc
76	112	-1
76	113	-1
76	114	L
76	115	L
76	116	L
76	117	Lc
76	118	Lc
76	119	Lc
77	0	Lc
77	1	Lc
77	2	-1
77	3	Lc
77	4	Lc
77	5	Lc
77	6	Lc
77	7	-1
77	8	Lc
77	9	Lc
77	10	Lc
77	11	Lc
77	12	Lc
77	13	Lc
77	14	-1
77	15	Lc
77	16	Lc
77	17	-1
77	18	Lc
77	19	Lc
77	20	Lc
77	21	L
77	22	Lc
77	23	L
77	24	-1
77	25	L
77	26	L
77	27	L
77	28	L
77	29	L
77	30	Lc
77	31	Lc
77	32	Lc
77	33	Lc
77	34	Lc
77	35	Uc
77	36	-1
77	37	Uc
77	38	-1
77	39	Uc
77	40	L
77	41	L
77	42	Lc
77	43	Uc
77	44	-1
77	45	L
77	46	L
77	47	L
77	48	Lc
77	49	L
77	50	Lc
77	51	Uc
77	52	Lc
77	53	Lc
77	54	Lc
77	55	Lc
77	56	Lc
77	57	Lc
77	58	Lc
77	59	L
77	60	L
77	61	L
77	62	L
77	63	L
77	64	Lc
77	65	Lc
77	66	Lc
77	67	Lc
77	68	Lc
77	69	Lc
77	70	Lc
77	71	-1
77	72	Lc
77	73	Lc
77	74	Lc
77	75	Lc
77	76	Lc
77	77	Lc
77	78	Lc
77	79	Uc
77	80	-1
77	81	Lc
77	82	L
77	83	Lc
77	84	L
77	85	-1
77	86	L
77	87	L
77	88	-1
77	89	U
77	90	L
77	91	L
77	92	L
77	93	Lc
77	94	Lc
77	95	Lc
77	96	Lc
77	97	L
77	98	Lc
77	99	-1
77	100	Lc
77	101	Lc
77	102	Lc
77	103	L
77	104	L
77	105	L
77	106	Lc
77	107	Lc
77	108	Lc
77	109	Lc
77	110	Lc
77	111	Lc
77	112	-1
77	113	-1
77	114	L
77	115	L
77	116	L
77	117	L
77	118	L
77	119	Lc
78	0	Lc
78	1	Lc
78	2	Lc
78	3	Lc
78	4	Lc
78	5	Lc
78	6	Lc
78	7	Lc
78	8	Lc
78	9	-1
78	10	Lc
78	11	Lc
78	12	Lc
78	13	Lc
78	14	Lc
78	15	Lc
78	16	Lc
78	17	Lc
78	18	Lc
78	19	Lc
78	20	L
78	21	Lc
78	22	L
78	23	L
78	24	L
78	25	L
78	26	L
78	27	L
78	28	L
78	29	L
78	30	L
78	31	Lc
78	32	Lc
78	33	Lc
78	34	Lc
78	35	Lc
78	36	Lc
78	37	Lc
78	38	Lc
78	39	Uc
78	40	L
78	41	Lc
78	42	L
78	43	Uc
78	44	Uc
78	45	Uc
78	46	L
78	47	L
78	48	L
78	49	Lc
78	50	Lc
78	51	Lc
78	52	Lc
78	53	Lc
78	54	-1
78	55	Lc
78	56	Lc
78	57	-1
78	58	L
78	59	L
78	60	L
78	61	L
78	62	Lc
78	63	Lc
78	64	Lc
78	65	L
78	66	Lc
78	67	Lc
78	68	Lc
78	69	Lc
78	70	Lc
78	71	Lc
78	72	Lc
78	73	Lc
78	74	Lc
78	75	Lc
78	76	Lc
78	77	Lc
78	78	Lc
78	79	Uc
78	80	L
78	81	Lc
78	82	L
78	83	-1
78	84	-1
78	85	L
78	86	Lc
78	87	L
78	88	Lc
78	89	Lc
78	90	-1
78	91	L
78	92	L
78	93	L
78	94	L
78	95	-1
78	96	L
78	97	-1
78	98	Lc
78	99	L
78	100	Lc
78	101	Lc
78	102	Lc
78	103	L
78	104	L
78	105	L
78	106	L
78	107	Lc
78	108	-1
78	109	Lc
78	110	Lc
78	111	U
78	112	U
78	113	Uc
78	114	U
78	115	L
78	116	L
78	117	L
78	118	L
78	119	Lc
79	0	Lc
79	1	-1
79	2	Lc
79	3	-1
79	4	Lc
79	5	Lc
79	6	Lc
79	7	Lc
79	8	Lc
79	9	Lc
79	10	Lc
79	11	Lc
79	12	Lc
79	13	Lc
79	14	-1
79	15	Lc
79	16	Lc
79	17	Lc
79	18	-1
79	19	Lc
79	20	Lc
79	21	L
79	22	L
79	23	L
79	24	L
79	25	L
79	26	L
79	27	L
79	28	L
79	29	L
79	30	-1
79	31	Lc
79	32	Lc
79	33	Lc
79	34	Lc
79	35	Uc
79	36	Lc
79	37	Uc
79	38	Uc
79	39	-1
79	40	-1
79	41	Lc
79	42	Lc
79	43	-1
79	44	Uc
79	45	Uc
79	46	L
79	47	L
79	48	Lc
79	49	Lc
79	50	Uc
79	51	Lc
79	52	Lc
79	53	Lc
79	54	Lc
79	55	Lc
79	56	Lc
79	57	Lc
79	58	Lc
79	59	L
79	60	Lc
79	61	Lc
79	62	Lc
79	63	L
79	64	-1
79	65	Lc
79	66	Lc
79	67	Lc
79	68	Lc
79	69	Lc
79	70	Lc
79	71	-1
79	72	Lc
79	73	Lc
79	74	Lc
79	75	Lc
79	76	Lc
79	77	-1
79	78	Lc
79	79	Lc
79	80	Uc
79	81	L
79	82	Lc
79	83	Lc
79	84	Lc
79	85	Lc
79	86	L
79	87	Lc
79	88	-1
79	89	L
79	90	L
79	91	L
79	92	-1
79	93	L
79	94	-1
79	95	L
79	96	L
79	97	-1
79	98	Lc
79	99	L
79	100	L
79	101	Lc
79	102	L
79	103	L
79	104	L
79	105	Lc
79	106	Lc
79	107	Lc
79	108	Lc
79	109	Lc
79	110	Lc
79	111	Lc
79	112	L
79	113	U
79	114	U
79	115	L
79	116	L
79	117	-1
79	118	Lc
79	119	Lc
80	0	Lc
80	1	Lc
80	2	Lc
80	3	Lc
80	4	Lc
80	5	Lc
80	6	Lc
80	7	Lc
80	8	Lc
80	9	Lc
80	10	Lc
80	11	-1
80	12	Lc
80	13	Lc
80	14	Lc
80	15	Lc
80	16	-1
80	17	Lc
80	18	Lc
80	19	Lc
80	20	Lc
80	21	L
80	22	L
80	23	L
80	24	-1
80	25	-1
80	26	L
80	27	L
80	28	L
80	29	L
80	30	Lc
80	31	L
80	32	Lc
80	33	Lc
80	34	Lc
80	35	Lc
80	36	-1
80	37	Uc
80	38	-1
80	39	Lc
80	40	Lc
80	41	Lc
80	42	Lc
80	43	Lc
80	44	-1
80	45	Lc
80	46	Uc
80	47	-1
80	48	Lc
80	49	Lc
80	50	Lc
80	51	Lc
80	52	Lc
80	53	Lc
80	54	Lc
80	55	Lc
80	56	Lc
80	57	Lc
80	58	Lc
80	59	Lc
80	60	Lc
80	61	L
80	62	L
80	63	Lc
80	64	L
80	65	L
80	66	Lc
80	67	-1
80	68	Lc
80	69	Lc
80	70	Lc
80	71	Lc
80	72	Lc
80	73	Lc
80	74	Lc
80	75	Lc
80	76	Lc
80	77	Lc
80	78	Lc
80	79	Lc
80	80	Lc
80	81	Lc
80	82	Lc
80	83	Lc
80	84	Lc
80	85	Lc
80	86	Lc
80	87	Lc
80	88	-1
80	89	Lc
80	90	L
80	91	L
80	92	L
80	93	L
80	94	L
80	95	L
80	96	-1
80	97	L
80	98	L
80	99	-1
80	100	L
80	101	L
80	102	L
80	103	-1
80	104	L
80	105	-1
80	106	Lc
80	107	Lc
80	108	L
80	109	Lc
80	110	Lc
80	111	L
80	112	U
80	113	U
80	114	U
80	115	U
80	116	L
80	117	L
80	118	Lc
80	119	Lc
81	0	Lc
81	1	Lc
81	2	Lc
81	3	Lc
81	4	Lc
81	5	Lc
81	6	Lc
81	7	Lc
81	8	Lc
81	9	Lc
81	10	Lc
81	11	Lc
81	12	-1
81	13	Uc
81	14	Lc
81	15	Lc
81	16	Lc
81	17	Lc
81	18	Lc
81	19	Lc
81	20	-1
81	21	Lc
81	22	L
81	23	L
81	24	L
81	25	Lc
81	26	L
81	27	L
81	28	L
81	29	L
81	30	L
81	31	L
81	32	L
81	33	Lc
81	34	Lc
81	35	Lc
81	36	Uc
81	37	Lc
81	38	Lc
81	39	L
81	40	Lc
81	41	-1
81	42	Lc
81	43	Lc
81	44	Lc
81	45	-1
81	46	L
81	47	Uc
81	48	-1
81	49	L
81	50	L
81	51	L
81	52	-1
81	53	Lc
81	54	Lc
81	55	Lc
81	56	Lc
81	57	-1
81	58	-1
81	59	Lc
81	60	Lc
81	61	Lc
81	62	Lc
81	63	Lc
81	64	Lc
81	65	Lc
81	66	Lc
81	67	-1
81	68	Lc
81	69	Lc
81	70	Lc
81	71	Lc
81	72	-1
81	73	Lc
81	74	Lc
81	75	Lc
81	76	Lc
81	77	Lc
81	78	Lc
81	79	Lc
81	80	Lc
81	81	Lc
81	82	Lc
81	83	Lc
81	84	Lc
81	85	Lc
81	86	Lc
81	87	Lc
81	88	Lc
81	89	Lc
81	90	Lc
81	91	L
81	92	L
81	93	-1
81	94	L
81	95	L
81	96	L
81	97	L
81	98	L
81	99	L
81	100	L
81	101	L
81	102	Lc
81	103	L
81	104	L
81	105	Lc
81	106	Lc
81	107	Lc
81	108	Lc
81	109	Lc
81	110	Uc
81	111	Lc
81	112	L
81	113	L
81	114	-1
81	115	L
81	116	L
81	117	L
81	118	Lc
81	119	Lc
82	0	Lc
82	1	Lc
82	2	Lc
82	3	Uc
82	4	Lc
82	5	Lc
82	6	Lc
82	7	Lc
82	8	Lc
82	9	Lc
82	10	Lc
82	11	Lc
82	12	Uc
82	13	-1
82	14	Lc
82	15	-1
82	16	Lc
82	17	Lc
82	18	-1
82	19	Lc
82	20	-1
82	21	Lc
82	22	L
82	23	L
82	24	L
82	25	L
82	26	L
82	27	L
82	28	Lc
82	29	Lc
82	30	L
82	31	Lc
82	32	Lc
82	33	Lc
82	34	Lc
82	35	Lc
82	36	Lc
82	37	Lc
82	38	Lc
82	39	L
82	40	Lc
82	41	Lc
82	42	Lc
82	43	Lc
82	44	Uc
82	45	Lc
82	46	Lc
82	47	Lc
82	48	Lc
82	49	Lc
82	50	L
82	51	L
82	52	Lc
82	53	L
82	54	Lc
82	55	Lc
82	56	Lc
82	57	Lc
82	58	-1
82	59	Lc
82	60	Lc
82	61	-1
82	62	Lc
82	63	Lc
82	64	-1
82	65	-1
82	66	-1
82	67	Lc
82	68	-1
82	69	Lc
82	70	Lc
82	71	Lc
82	72	-1
82	73	Lc
82	74	Lc
82	75	Lc
82	76	Lc
82	77	Lc
82	78	-1
82	79	Lc
82	80	Lc
82	81	-1
82	82	-1
82	83	-1
82	84	Lc
82	85	Lc
82	86	Lc
82	87	Lc
82	88	Lc
82	89	Lc
82	90	Uc
82	91	Lc
82	92	Lc
82	93	Lc
82	94	Lc
82	95	L
82	96	L
82	97	L
82	98	L
82	99	L
82	100	L
82	101	Lc
82	102	Lc
82	103	-1
82	104	L
82	105	L
82	106	L
82	107	-1
82	108	L
82	109	-1
82	110	Lc
82	111	Uc
82	112	L
82	113	Lc
82	114	L
82	115	L
82	116	L
82	117	Lc
82	118	-1
82	119	-1
83	0	Lc
83	1	-1
83	2	Lc
83	3	Lc
83	4	Lc
83	5	Lc
83	6	Lc
83	7	Lc
83	8	Uc
83	9	Uc
83	10	Lc
83	11	-1
83	12	Lc
83	13	Lc
83	14	Lc
83	15	Lc
83	16	Lc
83	17	Lc
83	18	Lc
83	19	Lc
83	20	Lc
83	21	Lc
83	22	Lc
83	23	Lc
83	24	L
83	25	-1
83	26	-1
83	27	Lc
83	28	Lc
83	29	Uc
83	30	Lc
83	31	Lc
83	32	-1
83	33	Lc
83	34	L
83	35	Lc
83	36	Lc
83	37	Lc
83	38	-1
83	39	Lc
83	40	Lc
83	41	Lc
83	42	Lc
83	43	Uc
83	44	-1
83	45	Lc
83	46	Lc
83	47	-1
83	48	Uc
83	49	U
83	50	Uc
83	51	Lc
83	52	L
83	53	Lc
83	54	Uc
83	55	Lc
83	56	Lc
83	57	L
83	58	-1
83	59	Lc
83	60	Lc
83	61	Lc
83	62	Lc
83	63	-1
83	64	Lc
83	65	Lc
83	66	Lc
83	67	Lc
83	68	Lc
83	69	Lc
83	70	Lc
83	71	-1
83	72	Lc
83	73	Lc
83	74	Lc
83	75	Lc
83	76	Lc
83	77	Lc
83	78	Lc
83	79	Lc
83	80	-1
83	81	Lc
83	82	-1
83	83	Lc
83	84	Lc
83	85	Lc
83	86	Lc
83	87	Lc
83	88	Lc
83	89	-1
83	90	Uc
83	91	Lc
83	92	Lc
83	93	Lc
83	94	Lc
83	95	U
83	96	U
83	97	L
83	98	L
83	99	Uc
83	100	Lc
83	101	-1
83	102	-1
83	103	Lc
83	104	Lc
83	105	L
83	106	L
83	107	Lc
83	108	Lc
83	109	Lc
83	110	Uc
83	111	L
83	112	L
83	113	L
83	114	Lc
83	115	Lc
83	116	-1
83	117	Lc
83	118	-1
83	119	Lc
84	0	Lc
84	1	Lc
84	2	Lc
84	3	Lc
84	4	Lc
84	5	Lc
84	6	Lc
84	7	Lc
84	8	Uc
84	9	Lc
84	10	Lc
84	11	Uc
84	12	Uc
84	13	Lc
84	14	Lc
84	15	Lc
84	16	Lc
84	17	Lc
84	18	Lc
84	19	Lc
84	20	Lc
84	21	Lc
84	22	Lc
84	23	Lc
84	24	Lc
84	25	-1
84	26	Lc
84	27	L
84	28	L
84	29	L
84	30	Lc
84	31	-1
84	32	L
84	33	L
84	34	L
84	35	-1
84	36	Uc
84	37	-1
84	38	Lc
84	39	-1
84	40	Lc
84	41	-1
84	42	Lc
84	43	Uc
84	44	Uc
84	45	Lc
84	46	Lc
84	47	-1
84	48	Uc
84	49	Uc
84	50	U
84	51	L
84	52	L
84	53	Lp
84	54	Lp
84	55	Uc
84	56	L
84	57	-1
84	58	-1
84	59	Lc
84	60	Lc
84	61	Lc
84	62	Lc
84	63	Lc
84	64	Lc
84	65	Lc
84	66	-1
84	67	Lc
84	68	Lc
84	69	Lc
84	70	Lc
84	71	-1
84	72	-1
84	73	Lc
84	74	Lc
84	75	Lc
84	76	-1
84	77	-1
84	78	-1
84	79	Lc
84	80	Lc
84	81	Lc
84	82	Lc
84	83	Lc
84	84	Lc
84	85	Lc
84	86	-1
84	87	Lc
84	88	Lc
84	89	Lc
84	90	Uc
84	91	Lc
84	92	Lc
84	93	Uc
84	94	Uc
84	95	L
84	96	U
84	97	Uc
84	98	Uc
84	99	Uc
84	100	Lc
84	101	Uc
84	102	-1
84	103	Lc
84	104	Lc
84	105	Lc
84	106	L
84	107	L
84	108	L
84	109	Lc
84	110	-1
84	111	Lc
84	112	L
84	113	Lc
84	114	Lc
84	115	Lc
84	116	Lc
84	117	Lc
84	118	-1
84	119	Lc
85	0	Lc
85	1	Lc
85	2	Lc
85	3	Lc
85	4	Lc
85	5	Lc
85	6	-1
85	7	Lc
85	8	Lc
85	9	Lc
85	10	Lc
85	11	Lc
85	12	Lc
85	13	Lc
85	14	-1
85	15	Lc
85	16	-1
85	17	Lc
85	18	Lc
85	19	Lc
85	20	Lc
85	21	Lc
85	22	Lc
85	23	Lc
85	24	Lc
85	25	Lc
85	26	Lc
85	27	L
85	28	L
85	29	-1
85	30	U
85	31	L
85	32	-1
85	33	L
85	34	Lc
85	35	Lc
85	36	Lc
85	37	Lc
85	38	-1
85	39	Lc
85	40	Lc
85	41	Lc
85	42	Uc
85	43	Lc
85	44	Lc
85	45	Lc
85	46	Lc
85	47	Uc
85	48	Uc
85	49	Uc
85	50	L
85	51	-1
85	52	L
85	53	L
85	54	Lc
85	55	L
85	56	L
85	57	Lc
85	58	-1
85	59	Lc
85	60	Lc
85	61	Lc
85	62	Lc
85	63	Lc
85	64	Lc
85	65	Lc
85	66	Lc
85	67	-1
85	68	Lc
85	69	Lc
85	70	Lc
85	71	Lc
85	72	-1
85	73	Lc
85	74	Lc
85	75	Uc
85	76	Uc
85	77	Lc
85	78	Lc
85	79	Lc
85	80	Lc
85	81	Lc
85	82	Lc
85	83	Lc
85	84	-1
85	85	Lc
85	86	Lc
85	87	-1
85	88	Lc
85	89	Lc
85	90	U
85	91	L
85	92	-1
85	93	L
85	94	L
85	95	-1
85	96	Lc
85	97	Lc
85	98	Uc
85	99	Lc
85	100	Lc
85	101	Lc
85	102	-1
85	103	Lc
85	104	L
85	105	Lc
85	106	L
85	107	L
85	108	Lc
85	109	L
85	110	Lc
85	111	Lc
85	112	L
85	113	Lc
85	114	-1
85	115	Lc
85	116	Lc
85	117	Lc
85	118	Lc
85	119	Lc
86	0	Lc
86	1	-1
86	2	Lc
86	3	Lc
86	4	Lc
86	5	Lc
86	6	Lc
86	7	Uc
86	8	Uc
86	9	Lc
86	10	Lc
86	11	-1
86	12	Lc
86	13	Lc
86	14	Lc
86	15	Lc
86	16	Lc
86	17	Lc
86	18	Lc
86	19	Lc
86	20	Lc
86	21	Lc
86	22	Lc
86	23	-1
86	24	Lc
86	25	Lc
86	26	Lc
86	27	Lc
86	28	U
86	29	U
86	30	U
86	31	L
86	32	L
86	33	L
86	34	L
86	35	Lc
86	36	L
86	37	Lc
86	38	Lc
86	39	Lc
86	40	Lc
86	41	Lc
86	42	Uc
86	43	-1
86	44	Lc
86	45	-1
86	46	Lc
86	47	Lc
86	48	Uc
86	49	Lc
86	50	Lc
86	51	-1
86	52	L
86	53	Lc
86	54	Lc
86	55	-1
86	56	Lc
86	57	L
86	58	L
86	59	L
86	60	Lc
86	61	Lc
86	62	Lc
86	63	Lc
86	64	Lc
86	65	Lc
86	66	Lc
86	67	Lc
86	68	Lc
86	69	Lc
86	70	Lc
86	71	-1
86	72	Lc
86	73	Lc
86	74	Lc
86	75	Lc
86	76	-1
86	77	Lc
86	78	Lc
86	79	Lc
86	80	Lc
86	81	Lc
86	82	Lc
86	83	Uc
86	84	Lc
86	85	L
86	86	Lc
86	87	Lc
86	88	Lc
86	89	U
86	90	L
86	91	U
86	92	U
86	93	Lc
86	94	U
86	95	U
86	96	L
86	97	Lc
86	98	L
86	99	Uc
86	100	Uc
86	101	-1
86	102	Lc
86	103	Lc
86	104	Lc
86	105	L
86	106	L
86	107	Lc
86	108	Lc
86	109	-1
86	110	Lc
86	111	Lc
86	112	Lc
86	113	Lc
86	114	Lc
86	115	Lc
86	116	Lc
86	117	Lc
86	118	Lc
86	119	Lc
87	0	Lc
87	1	-1
87	2	Lc
87	3	Lc
87	4	Lc
87	5	Lc
87	6	Uc
87	7	Lc
87	8	-1
87	9	Lc
87	10	Lc
87	11	Lc
87	12	Lc
87	13	Lc
87	14	Lc
87	15	Lc
87	16	Lc
87	17	Lc
87	18	Lc
87	19	Lc
87	20	-1
87	21	Lc
87	22	-1
87	23	Lc
87	24	L
87	25	Lc
87	26	Lc
87	27	-1
87	28	-1
87	29	U
87	30	U
87	31	L
87	32	L
87	33	L
87	34	Lc
87	35	L
87	36	Lc
87	37	Lc
87	38	Lc
87	39	Lc
87	40	Lc
87	41	Lc
87	42	Lc
87	43	Lc
87	44	Lc
87	45	Lc
87	46	Lc
87	47	Lc
87	48	Lc
87	49	Uc
87	50	-1
87	51	Lcp
87	52	Lcp
87	53	Lcp
87	54	Lc
87	55	L
87	56	L
87	57	L
87	58	L
87	59	Lc
87	60	-1
87	61	Lc
87	62	Lc
87	63	Lc
87	64	Lc
87	65	Lc
87	66	Lc
87	67	Lc
87	68	Lc
87	69	-1
87	70	Lc
87	71	Lc
87	72	-1
87	73	-1
87	74	Lc
87	75	Lc
87	76	Lc
87	77	Lc
87	78	Lc
87	79	Lc
87	80	Lc
87	81	Lc
87	82	-1
87	83	Lc
87	84	Lc
87	85	Lc
87	86	L
87	87	U
87	88	L
87	89	-1
87	90	Lc
87	91	U
87	92	U
87	93	U
87	94	U
87	95	Lc
87	96	L
87	97	-1
87	98	Lc
87	99	Lc
87	100	L
87	101	L
87	102	Lc
87	103	Lc
87	104	Lc
87	105	L
87	106	L
87	107	Lc
87	108	Lc
87	109	Lc
87	110	Lc
87	111	Lc
87	112	Lc
87	113	Lc
87	114	Lc
87	115	Lc
87	116	Lc
87	117	Lc
87	118	Lc
87	119	Lc
88	0	Lc
88	1	Lc
88	2	Lc
88	3	Lc
88	4	Lc
88	5	Uc
88	6	-1
88	7	Uc
88	8	Lc
88	9	Uc
88	10	Lc
88	11	Lc
88	12	Lc
88	13	Lc
88	14	Lc
88	15	Lc
88	16	-1
88	17	Lc
88	18	Lc
88	19	Lc
88	20	Lc
88	21	Lc
88	22	-1
88	23	Lc
88	24	Lc
88	25	Lc
88	26	Lc
88	27	Lc
88	28	Lc
88	29	L
88	30	Lc
88	31	L
88	32	L
88	33	Lc
88	34	L
88	35	L
88	36	Lc
88	37	Lc
88	38	Lc
88	39	Lc
88	40	Lc
88	41	Lc
88	42	Lc
88	43	-1
88	44	Lc
88	45	Lc
88	46	-1
88	47	Lc
88	48	Lc
88	49	Lcp
88	50	Lcp
88	51	Lcp
88	52	Lcp
88	53	Lcp
88	54	L
88	55	L
88	56	Lcp
88	57	L
88	58	L
88	59	Lc
88	60	Lc
88	61	Lc
88	62	Lc
88	63	Lc
88	64	Lc
88	65	Lc
88	66	Lc
88	67	Lc
88	68	Lc
88	69	Lc
88	70	Lc
88	71	Lc
88	72	Lc
88	73	Lc
88	74	Lc
88	75	Lc
88	76	Lc
88	77	Lc
88	78	Lc
88	79	Lc
88	80	Lc
88	81	-1
88	82	Lc
88	83	Lc
88	84	Lc
88	85	L
88	86	L
88	87	L
88	88	U
88	89	L
88	90	Lc
88	91	L
88	92	U
88	93	U
88	94	U
88	95	Lc
88	96	Lc
88	97	Lc
88	98	Lc
88	99	Lc
88	100	L
88	101	Lc
88	102	Lc
88	103	Lc
88	104	Lc
88	105	L
88	106	L
88	107	L
88	108	-1
88	109	-1
88	110	Lc
88	111	Lc
88	112	Lc
88	113	Lc
88	114	-1
88	115	U
88	116	-1
88	117	Lc
88	118	Lc
88	119	Lc
89	0	Lc
89	1	-1
89	2	Lc
89	3	Lc
89	4	Lc
89	5	Lc
89	6	Lc
89	7	Lc
89	8	Uc
89	9	Lc
89	10	Lc
89	11	-1
89	12	Lc
89	13	Lc
89	14	Lc
89	15	Lc
89	16	Lc
89	17	Lc
89	18	Lc
89	19	Lc
89	20	-1
89	21	-1
89	22	Lc
89	23	-1
89	24	Lc
89	25	Lc
89	26	Lc
89	27	Lc
89	28	Lc
89	29	Lc
89	30	L
89	31	L
89	32	L
89	33	L
89	34	L
89	35	L
89	36	Lc
89	37	Lc
89	38	Lc
89	39	Lc
89	40	Lc
89	41	Lc
89	42	-1
89	43	-1
89	44	Lc
89	45	Lc
89	46	Lc
89	47	Lc
89	48	Lc
89	49	Lc
89	50	Lcp
89	51	Lcp
89	52	Lcp
89	53	L
89	54	-1
89	55	Lcp
89	56	L
89	57	L
89	58	L
89	59	L
89	60	Lc
89	61	-1
89	62	Lc
89	63	Lc
89	64	-1
89	65	Lc
89	66	Lc
89	67	Lc
89	68	Lc
89	69	-1
89	70	-1
89	71	Lc
89	72	Lc
89	73	L
89	74	Lc
89	75	Lc
89	76	Lc
89	77	Lc
89	78	Lc
89	79	Lc
89	80	Lc
89	81	Lc
89	82	Lc
89	83	Lc
89	84	Lc
89	85	L
89	86	Lc
89	87	L
89	88	L
89	89	L
89	90	Lc
89	91	Lc
89	92	Lc
89	93	U
89	94	Lc
89	95	Lc
89	96	Lc
89	97	Lc
89	98	Lc
89	99	-1
89	100	L
89	101	L
89	102	L
89	103	Lc
89	104	L
89	105	-1
89	106	L
89	107	Lc
89	108	Lc
89	109	-1
89	110	Lc
89	111	Lc
89	112	Lc
89	113	Lc
89	114	Lc
89	115	-1
89	116	L
89	117	Lc
89	118	-1
89	119	Lc
90	0	Lc
90	1	Lc
90	2	Lc
90	3	Lc
90	4	Lc
90	5	Lc
90	6	Lc
90	7	-1
90	8	Lc
90	9	Lc
90	10	Lc
90	11	-1
90	12	-1
90	13	Lc
90	14	-1
90	15	Lc
90	16	Lc
90	17	Lc
90	18	Lc
90	19	Lc
90	20	-1
90	21	Lc
90	22	-1
90	23	Lc
90	24	Lc
90	25	Lc
90	26	Lc
90	27	Lc
90	28	-1
90	29	Lc
90	30	L
90	31	L
90	32	L
90	33	-1
90	34	L
90	35	Lc
90	36	L
90	37	Lc
90	38	Lc
90	39	-1
90	40	Lc
90	41	Lc
90	42	Lc
90	43	Lc
90	44	Lc
90	45	Lc
90	46	Lc
90	47	-1
90	48	Lcp
90	49	Lcp
90	50	Lc
90	51	Lcp
90	52	Lcp
90	53	Lcp
90	54	Lcp
90	55	L
90	56	L
90	57	-1
90	58	-1
90	59	L
90	60	Lc
90	61	-1
90	62	Lc
90	63	Lc
90	64	Lc
90	65	Lc
90	66	Lc
90	67	Lc
90	68	Lc
90	69	Lc
90	70	Lc
90	71	Lc
90	72	Lc
90	73	L
90	74	L
90	75	Lc
90	76	Lc
90	77	-1
90	78	Lc
90	79	Lc
90	80	Lc
90	81	Lc
90	82	-1
90	83	-1
90	84	L
90	85	Lc
90	86	L
90	87	-1
90	88	L
90	89	-1
90	90	-1
90	91	Lc
90	92	Lc
90	93	Lc
90	94	Lc
90	95	Lc
90	96	Lc
90	97	Lc
90	98	L
90	99	L
90	100	L
90	101	L
90	102	L
90	103	L
90	104	Lc
90	105	L
90	106	Lc
90	107	Lc
90	108	-1
90	109	Lc
90	110	Lc
90	111	Lc
90	112	Lc
90	113	Lc
90	114	Lc
90	115	Lc
90	116	Lc
90	117	Lc
90	118	Lc
90	119	-1
91	0	Lc
91	1	Lc
91	2	Lc
91	3	Lc
91	4	-1
91	5	Lc
91	6	Lc
91	7	Lc
91	8	Lc
91	9	Lc
91	10	Lc
91	11	Lc
91	12	Lc
91	13	Lc
91	14	Lc
91	15	Lc
91	16	Lc
91	17	Lc
91	18	Lc
91	19	Lc
91	20	-1
91	21	Lc
91	22	Lc
91	23	-1
91	24	Lc
91	25	Lc
91	26	Lc
91	27	Lc
91	28	-1
91	29	-1
91	30	Lc
91	31	L
91	32	L
91	33	L
91	34	L
91	35	L
91	36	L
91	37	-1
91	38	Lc
91	39	Lc
91	40	Lc
91	41	Uc
91	42	Lc
91	43	Lc
91	44	Lc
91	45	Lc
91	46	Lc
91	47	-1
91	48	Lc
91	49	Lcp
91	50	Lcp
91	51	Lcp
91	52	Lcp
91	53	Lcp
91	54	U
91	55	U
91	56	L
91	57	L
91	58	L
91	59	L
91	60	L
91	61	Lc
91	62	L
91	63	L
91	64	Lc
91	65	Lc
91	66	Lc
91	67	Lc
91	68	Lc
91	69	Lc
91	70	Lc
91	71	Lc
91	72	Lc
91	73	Lc
91	74	-1
91	75	Lc
91	76	Lc
91	77	Lc
91	78	Lc
91	79	-1
91	80	Lc
91	81	-1
91	82	L
91	83	L
91	84	L
91	85	L
91	86	L
91	87	L
91	88	-1
91	89	Lc
91	90	Lc
91	91	L
91	92	L
91	93	Lc
91	94	Lc
91	95	-1
91	96	Lc
91	97	Lc
91	98	L
91	99	L
91	100	L
91	101	L
91	102	-1
91	103	L
91	104	L
91	105	Lc
91	106	Lc
91	107	Lc
91	108	Lc
91	109	Lc
91	110	Lc
91	111	Lc
91	112	Lc
91	113	Lc
91	114	U
91	115	Lc
91	116	Lc
91	117	Lc
91	118	-1
91	119	Lc
92	0	Lc
92	1	Lc
92	2	-1
92	3	-1
92	4	Lc
92	5	Lc
92	6	Lc
92	7	Lc
92	8	Lc
92	9	Lc
92	10	Lc
92	11	Lc
92	12	Lc
92	13	-1
92	14	-1
92	15	-1
92	16	Lc
92	17	Lc
92	18	Lc
92	19	Lc
92	20	Lc
92	21	Lc
92	22	Lc
92	23	-1
92	24	-1
92	25	Lc
92	26	-1
92	27	Lc
92	28	-1
92	29	L
92	30	-1
92	31	L
92	32	L
92	33	L
92	34	L
92	35	L
92	36	L
92	37	Lc
92	38	L
92	39	Lc
92	40	Uc
92	41	Lc
92	42	Lcp
92	43	Lc
92	44	Lc
92	45	Lc
92	46	Lc
92	47	Lc
92	48	Lc
92	49	Lc
92	50	Lcp
92	51	Lcp
92	52	Lcp
92	53	Lcp
92	54	L
92	55	Lcp
92	56	Lcp
92	57	L
92	58	U
92	59	-1
92	60	L
92	61	-1
92	62	Lc
92	63	-1
92	64	Lc
92	65	Lc
92	66	Lc
92	67	-1
92	68	Lc
92	69	Lc
92	70	Lc
92	71	Lc
92	72	Lc
92	73	Uc
92	74	Lc
92	75	Lc
92	76	Lc
92	77	Lc
92	78	Lc
92	79	Lc
92	80	L
92	81	L
92	82	L
92	83	L
92	84	L
92	85	L
92	86	L
92	87	Lc
92	88	L
92	89	Lc
92	90	-1
92	91	L
92	92	L
92	93	Lc
92	94	Lc
92	95	-1
92	96	Lc
92	97	Lc
92	98	Lc
92	99	L
92	100	-1
92	101	L
92	102	L
92	103	-1
92	104	Lc
92	105	L
92	106	L
92	107	L
92	108	Lc
92	109	Lc
92	110	Lc
92	111	-1
92	112	Lc
92	113	Uc
92	114	Uc
92	115	Lc
92	116	-1
92	117	-1
92	118	Lc
92	119	Lc
93	0	Lc
93	1	Lc
93	2	-1
93	3	L
93	4	Lc
93	5	Lc
93	6	L
93	7	L
93	8	Lc
93	9	Lc
93	10	-1
93	11	-1
93	12	Lc
93	13	Lc
93	14	-1
93	15	Lc
93	16	Lc
93	17	Lc
93	18	Lc
93	19	Lc
93	20	Lc
93	21	Lc
93	22	-1
93	23	Lc
93	24	Lc
93	25	-1
93	26	Lc
93	27	Lc
93	28	L
93	29	L
93	30	L
93	31	L
93	32	L
93	33	L
93	34	L
93	35	L
93	36	L
93	37	Lc
93	38	L
93	39	Lc
93	40	Lc
93	41	Lc
93	42	Lcp
93	43	Lc
93	44	Lc
93	45	Lc
93	46	Lc
93	47	Lc
93	48	Lc
93	49	Lcp
93	50	Lcp
93	51	Lcp
93	52	Lcp
93	53	-1
93	54	L
93	55	-1
93	56	Lcp
93	57	U
93	58	U
93	59	U
93	60	-1
93	61	L
93	62	-1
93	63	Lc
93	64	Lc
93	65	Lc
93	66	-1
93	67	Lc
93	68	Lc
93	69	Lc
93	70	Lc
93	71	Lc
93	72	Lc
93	73	Lc
93	74	Uc
93	75	Uc
93	76	Lc
93	77	-1
93	78	Lc
93	79	-1
93	80	Lc
93	81	Lc
93	82	L
93	83	-1
93	84	L
93	85	L
93	86	Lc
93	87	L
93	88	L
93	89	L
93	90	L
93	91	Lc
93	92	L
93	93	-1
93	94	Lc
93	95	-1
93	96	Lc
93	97	Lc
93	98	L
93	99	L
93	100	L
93	101	L
93	102	L
93	103	Lc
93	104	Lc
93	105	L
93	106	L
93	107	L
93	108	L
93	109	-1
93	110	Lc
93	111	Lc
93	112	-1
93	113	Uc
93	114	Lc
93	115	Uc
93	116	Lc
93	117	-1
93	118	Lc
93	119	Lc
94	0	Lc
94	1	Lc
94	2	-1
94	3	Lc
94	4	L
94	5	-1
94	6	L
94	7	-1
94	8	Lc
94	9	Lc
94	10	-1
94	11	Lc
94	12	Lc
94	13	Lc
94	14	Lc
94	15	Lc
94	16	Lc
94	17	Lc
94	18	Lc
94	19	Lc
94	20	Lc
94	21	Lc
94	22	Lc
94	23	Lc
94	24	Lc
94	25	-1
94	26	-1
94	27	Lc
94	28	Lc
94	29	Lc
94	30	Lc
94	31	Lc
94	32	Lc
94	33	L
94	34	L
94	35	L
94	36	-1
94	37	-1
94	38	Lc
94	39	Lc
94	40	Lc
94	41	Lc
94	42	Lcp
94	43	Lc
94	44	Lc
94	45	Lc
94	46	Lc
94	47	Lc
94	48	Lcp
94	49	-1
94	50	Lcp
94	51	Lc
94	52	Lc
94	53	Lc
94	54	L
94	55	L
94	56	Lcp
94	57	Lcp
94	58	L
94	59	L
94	60	L
94	61	-1
94	62	-1
94	63	-1
94	64	-1
94	65	Lc
94	66	Lc
94	67	-1
94	68	Lc
94	69	Lc
94	70	Lc
94	71	Uc
94	72	Lc
94	73	Lc
94	74	Lc
94	75	Lc
94	76	Lc
94	77	Lc
94	78	Lc
94	79	Lc
94	80	Lc
94	81	Lc
94	82	-1
94	83	L
94	84	L
94	85	-1
94	86	L
94	87	Lc
94	88	Lc
94	89	L
94	90	L
94	91	L
94	92	Lc
94	93	L
94	94	Lc
94	95	L
94	96	Lc
94	97	Lc
94	98	Lc
94	99	L
94	100	L
94	101	L
94	102	-1
94	103	L
94	104	Lc
94	105	L
94	106	L
94	107	L
94	108	Lc
94	109	Lc
94	110	Lc
94	111	Uc
94	112	Lc
94	113	Lc
94	114	-1
94	115	Lc
94	116	-1
94	117	Uc
94	118	Lc
94	119	Lc
95	0	Lc
95	1	Lc
95	2	Lc
95	3	Lc
95	4	Lc
95	5	L
95	6	L
95	7	L
95	8	-1
95	9	-1
95	10	Lc
95	11	-1
95	12	Lc
95	13	Lc
95	14	Lc
95	15	Lc
95	16	-1
95	17	Uc
95	18	Lc
95	19	Uc
95	20	-1
95	21	Lc
95	22	Lc
95	23	Lc
95	24	Lc
95	25	Lc
95	26	-1
95	27	Lc
95	28	Lc
95	29	Lc
95	30	Lc
95	31	L
95	32	-1
95	33	L
95	34	L
95	35	L
95	36	Lc
95	37	Lc
95	38	Lc
95	39	Lc
95	40	Lc
95	41	Lc
95	42	Lc
95	43	Lc
95	44	Lc
95	45	Lc
95	46	Lc
95	47	Lc
95	48	Lc
95	49	Lcp
95	50	Lcp
95	51	Lc
95	52	-1
95	53	Lc
95	54	L
95	55	L
95	56	Lc
95	57	L
95	58	L
95	59	L
95	60	L
95	61	L
95	62	L
95	63	L
95	64	L
95	65	Lc
95	66	Lc
95	67	Lc
95	68	Lc
95	69	Lc
95	70	L
95	71	L
95	72	Lc
95	73	Lc
95	74	Lc
95	75	Lc
95	76	Lc
95	77	Lc
95	78	Lc
95	79	Lc
95	80	Lc
95	81	L
95	82	L
95	83	L
95	84	L
95	85	L
95	86	L
95	87	-1
95	88	L
95	89	L
95	90	L
95	91	L
95	92	L
95	93	Lc
95	94	U
95	95	U
95	96	L
95	97	Lc
95	98	Lc
95	99	-1
95	100	L
95	101	-1
95	102	L
95	103	L
95	104	L
95	105	L
95	106	Lc
95	107	Lc
95	108	L
95	109	L
95	110	U
95	111	Lc
95	112	Uc
95	113	Lc
95	114	Lc
95	115	-1
95	116	Lc
95	117	Lc
95	118	Lc
95	119	Lc
96	0	Lc
96	1	Lc
96	2	Lc
96	3	Lc
96	4	-1
96	5	L
96	6	L
96	7	Lc
96	8	Lc
96	9	-1
96	10	Lc
96	11	Lc
96	12	Lc
96	13	-1
96	14	Uc
96	15	Uc
96	16	Uc
96	17	Uc
96	18	Uc
96	19	Lc
96	20	Lc
96	21	Lc
96	22	Lc
96	23	Lc
96	24	Lc
96	25	Lc
96	26	Lc
96	27	Lc
96	28	Lc
96	29	Lc
96	30	-1
96	31	Lc
96	32	Lc
96	33	L
96	34	Lc
96	35	Lc
96	36	L
96	37	Lc
96	38	Lc
96	39	Lc
96	40	Lc
96	41	Lc
96	42	Lc
96	43	Lc
96	44	-1
96	45	Lc
96	46	Lc
96	47	Lc
96	48	Lcp
96	49	Lc
96	50	Lcp
96	51	Lcp
96	52	Lc
96	53	Lc
96	54	Lc
96	55	L
96	56	-1
96	57	-1
96	58	L
96	59	L
96	60	L
96	61	L
96	62	L
96	63	L
96	64	Lcp
96	65	Lc
96	66	Lc
96	67	Lc
96	68	Lc
96	69	Lc
96	70	L
96	71	L
96	72	L
96	73	Lc
96	74	Lc
96	75	Lc
96	76	L
96	77	-1
96	78	-1
96	79	Lc
96	80	-1
96	81	Lc
96	82	L
96	83	-1
96	84	-1
96	85	L
96	86	L
96	87	L
96	88	L
96	89	L
96	90	-1
96	91	L
96	92	Lc
96	93	-1
96	94	Lc
96	95	Lc
96	96	Lc
96	97	Lc
96	98	Lc
96	99	Lc
96	100	Lc
96	101	Lc
96	102	Lc
96	103	Lc
96	104	Lc
96	105	Lc
96	106	Lc
96	107	L
96	108	L
96	109	L
96	110	-1
96	111	L
96	112	Lc
96	113	Lc
96	114	Lc
96	115	-1
96	116	Lc
96	117	Lc
96	118	Lc
96	119	Lc
97	0	Lc
97	1	Lc
97	2	Lc
97	3	Lc
97	4	L
97	5	Lc
97	6	Uc
97	7	Lc
97	8	-1
97	9	Lc
97	10	Lc
97	11	Lc
97	12	Lc
97	13	Lc
97	14	Lc
97	15	Uc
97	16	Uc
97	17	Uc
97	18	Uc
97	19	Uc
97	20	Uc
97	21	Lc
97	22	Lc
97	23	Lc
97	24	Lc
97	25	Lc
97	26	-1
97	27	Lc
97	28	Lc
97	29	Lc
97	30	Lc
97	31	Lc
97	32	Lc
97	33	-1
97	34	Lc
97	35	Lc
97	36	-1
97	37	Lc
97	38	Lc
97	39	Lc
97	40	-1
97	41	L
97	42	Lc
97	43	Lc
97	44	Lc
97	45	Lc
97	46	Lc
97	47	Lc
97	48	Lc
97	49	Lc
97	50	-1
97	51	Lcp
97	52	Lc
97	53	Lc
97	54	-1
97	55	Lc
97	56	L
97	57	L
97	58	L
97	59	L
97	60	L
97	61	L
97	62	L
97	63	-1
97	64	Lcp
97	65	Lc
97	66	Lc
97	67	L
97	68	Lc
97	69	L
97	70	L
97	71	-1
97	72	Lc
97	73	Lc
97	74	Lc
97	75	Lc
97	76	L
97	77	L
97	78	L
97	79	Lc
97	80	Uc
97	81	L
97	82	Lc
97	83	L
97	84	L
97	85	L
97	86	L
97	87	-1
97	88	L
97	89	L
97	90	-1
97	91	L
97	92	-1
97	93	L
97	94	Lc
97	95	-1
97	96	L
97	97	Lc
97	98	Lc
97	99	-1
97	100	Lc
97	101	-1
97	102	Lc
97	103	Lc
97	104	Lc
97	105	L
97	106	Lc
97	107	L
97	108	L
97	109	L
97	110	L
97	111	-1
97	112	Lc
97	113	Lc
97	114	Lc
97	115	Lc
97	116	-1
97	117	Lc
97	118	Lc
97	119	Lc
98	0	Lc
98	1	Lc
98	2	-1
98	3	Lc
98	4	Lc
98	5	L
98	6	Lc
98	7	Uc
98	8	L
98	9	Lc
98	10	Lc
98	11	Lc
98	12	Lc
98	13	Lc
98	14	Lc
98	15	Lc
98	16	Lc
98	17	Uc
98	18	Uc
98	19	Uc
98	20	L
98	21	Lc
98	22	Lc
98	23	Lc
98	24	Lc
98	25	Lc
98	26	Lc
98	27	Lc
98	28	Uc
98	29	Lc
98	30	Lc
98	31	Lc
98	32	Lc
98	33	Uc
98	34	Lc
98	35	Lc
98	36	Uc
98	37	Lc
98	38	Lc
98	39	L
98	40	L
98	41	L
98	42	L
98	43	Lc
98	44	Lc
98	45	Lc
98	46	-1
98	47	Lc
98	48	Lcp
98	49	Lcp
98	50	Lc
98	51	Lc
98	52	Lcp
98	53	Lc
98	54	-1
98	55	Lc
98	56	Lc
98	57	Lc
98	58	L
98	59	L
98	60	L
98	61	L
98	62	-1
98	63	Lc
98	64	Lc
98	65	Lc
98	66	Lc
98	67	-1
98	68	L
98	69	L
98	70	L
98	71	L
98	72	Lc
98	73	Lc
98	74	-1
98	75	Lcp
98	76	Lc
98	77	L
98	78	L
98	79	Uc
98	80	Lc
98	81	Lc
98	82	L
98	83	L
98	84	L
98	85	-1
98	86	U
98	87	L
98	88	Lc
98	89	L
98	90	L
98	91	Lc
98	92	Lc
98	93	L
98	94	L
98	95	Lc
98	96	Lc
98	97	L
98	98	Lc
98	99	Lc
98	100	Lc
98	101	Lc
98	102	Lc
98	103	Lc
98	104	Lc
98	105	Lc
98	106	Lc
98	107	Lc
98	108	L
98	109	L
98	110	L
98	111	-1
98	112	Lc
98	113	Lc
98	114	Lc
98	115	Lc
98	116	Lc
98	117	Lc
98	118	Lc
98	119	Lc
99	0	Lc
99	1	-1
99	2	Lc
99	3	-1
99	4	L
99	5	-1
99	6	Uc
99	7	Uc
99	8	L
99	9	L
99	10	Lc
99	11	Lc
99	12	Lc
99	13	Lc
99	14	-1
99	15	-1
99	16	-1
99	17	Lc
99	18	L
99	19	L
99	20	Uc
99	21	Lc
99	22	-1
99	23	Lc
99	24	Lc
99	25	Lc
99	26	Lc
99	27	Lc
99	28	Lc
99	29	Lc
99	30	Uc
99	31	Lc
99	32	Lc
99	33	Lc
99	34	-1
99	35	Lc
99	36	Uc
99	37	Uc
99	38	Uc
99	39	Uc
99	40	L
99	41	L
99	42	Lcp
99	43	Lcp
99	44	Lc
99	45	L
99	46	Lcp
99	47	L
99	48	Lc
99	49	Lcp
99	50	Lcp
99	51	Lc
99	52	Lc
99	53	Lc
99	54	Lc
99	55	Lc
99	56	Lc
99	57	L
99	58	L
99	59	L
99	60	L
99	61	L
99	62	Lcp
99	63	Lc
99	64	-1
99	65	Lcp
99	66	Lcp
99	67	L
99	68	L
99	69	L
99	70	Lc
99	71	Lc
99	72	Lc
99	73	Lc
99	74	Lc
99	75	Lc
99	76	Lc
99	77	Lc
99	78	L
99	79	L
99	80	Lc
99	81	L
99	82	L
99	83	L
99	84	L
99	85	U
99	86	U
99	87	-1
99	88	-1
99	89	L
99	90	-1
99	91	Lc
99	92	Lc
99	93	Lc
99	94	L
99	95	Lc
99	96	L
99	97	-1
99	98	Lc
99	99	Lc
99	100	Lc
99	101	Lc
99	102	Lc
99	103	Lc
99	104	-1
99	105	Lc
99	106	-1
99	107	Lc
99	108	Lc
99	109	L
99	110	L
99	111	-1
99	112	Lc
99	113	Lc
99	114	-1
99	115	Lc
99	116	Lc
99	117	Lc
99	118	Lc
99	119	Lc
100	0	-1
100	1	Lc
100	2	Lc
100	3	Lc
100	4	Lc
100	5	Lc
100	6	Lc
100	7	Lc
100	8	L
100	9	-1
100	10	Lc
100	11	Lc
100	12	L
100	13	-1
100	14	L
100	15	L
100	16	Uc
100	17	Lc
100	18	L
100	19	L
100	20	L
100	21	Lc
100	22	Lc
100	23	Lc
100	24	L
100	25	Lc
100	26	Lc
100	27	Lc
100	28	-1
100	29	Lc
100	30	-1
100	31	Lc
100	32	Lc
100	33	-1
100	34	-1
100	35	Lc
100	36	Lc
100	37	Lc
100	38	-1
100	39	L
100	40	-1
100	41	-1
100	42	Lcp
100	43	-1
100	44	Lcp
100	45	Lcp
100	46	L
100	47	-1
100	48	-1
100	49	-1
100	50	Lcp
100	51	Lc
100	52	Lc
100	53	Lc
100	54	Lc
100	55	Lc
100	56	Lc
100	57	Lc
100	58	Lc
100	59	L
100	60	Lcp
100	61	Lc
100	62	Lcp
100	63	L
100	64	L
100	65	Lc
100	66	Lcp
100	67	-1
100	68	-1
100	69	Lc
100	70	-1
100	71	-1
100	72	-1
100	73	Lc
100	74	Lc
100	75	Lc
100	76	Lc
100	77	Lc
100	78	L
100	79	L
100	80	L
100	81	L
100	82	L
100	83	L
100	84	L
100	85	U
100	86	U
100	87	-1
100	88	L
100	89	-1
100	90	L
100	91	Lc
100	92	Lc
100	93	Lc
100	94	Lc
100	95	Lc
100	96	Lc
100	97	L
100	98	Lc
100	99	Lc
100	100	Lc
100	101	Lc
100	102	Lc
100	103	Lc
100	104	-1
100	105	Lc
100	106	Lc
100	107	Lc
100	108	-1
100	109	Lc
100	110	Lc
100	111	Lc
100	112	Lc
100	113	-1
100	114	Lc
100	115	Lc
100	116	Lc
100	117	-1
100	118	Lc
100	119	Lc
101	0	Lc
101	1	Lc
101	2	Lc
101	3	Lc
101	4	Lc
101	5	-1
101	6	Lc
101	7	-1
101	8	Lc
101	9	-1
101	10	Lc
101	11	Lc
101	12	L
101	13	L
101	14	L
101	15	Uc
101	16	Uc
101	17	-1
101	18	L
101	19	L
101	20	L
101	21	L
101	22	Uc
101	23	Uc
101	24	Uc
101	25	Lc
101	26	Lc
101	27	Lc
101	28	Lc
101	29	Lc
101	30	Lc
101	31	Lc
101	32	-1
101	33	Lc
101	34	U
101	35	U
101	36	U
101	37	Lc
101	38	L
101	39	Lc
101	40	Lc
101	41	Lcp
101	42	Lc
101	43	-1
101	44	L
101	45	Lc
101	46	L
101	47	Lcp
101	48	-1
101	49	-1
101	50	-1
101	51	Lc
101	52	Lc
101	53	-1
101	54	Lc
101	55	Lc
101	56	Lc
101	57	Lc
101	58	Lc
101	59	-1
101	60	Lcp
101	61	Lc
101	62	Lcp
101	63	Lcp
101	64	Lcp
101	65	-1
101	66	Lc
101	67	-1
101	68	Lc
101	69	Lc
101	70	Lc
101	71	Lc
101	72	-1
101	73	Lc
101	74	Lc
101	75	Lc
101	76	Lc
101	77	Lc
101	78	L
101	79	L
101	80	L
101	81	L
101	82	L
101	83	-1
101	84	L
101	85	L
101	86	L
101	87	L
101	88	L
101	89	Lc
101	90	L
101	91	Lc
101	92	-1
101	93	-1
101	94	Lc
101	95	-1
101	96	-1
101	97	Lc
101	98	Lc
101	99	Lc
101	100	Lc
101	101	Lc
101	102	Lc
101	103	Lc
101	104	Lc
101	105	Lc
101	106	Lc
101	107	Lc
101	108	Lc
101	109	Lc
101	110	Lc
101	111	Lc
101	112	-1
101	113	Lc
101	114	Lc
101	115	Lc
101	116	Lc
101	117	-1
101	118	Lc
101	119	Lc
102	0	Lc
102	1	Lc
102	2	Lc
102	3	Lc
102	4	Lc
102	5	Lc
102	6	-1
102	7	-1
102	8	-1
102	9	Lc
102	10	Lc
102	11	-1
102	12	-1
102	13	-1
102	14	L
102	15	L
102	16	-1
102	17	U
102	18	L
102	19	Lc
102	20	L
102	21	Lc
102	22	Lc
102	23	Uc
102	24	Uc
102	25	Lc
102	26	Lc
102	27	-1
102	28	Lc
102	29	Lc
102	30	-1
102	31	Lc
102	32	Lc
102	33	Lc
102	34	U
102	35	U
102	36	Lc
102	37	L
102	38	Lc
102	39	Lc
102	40	L
102	41	L
102	42	L
102	43	Lc
102	44	L
102	45	L
102	46	L
102	47	-1
102	48	Lc
102	49	L
102	50	Lc
102	51	Lc
102	52	-1
102	53	Lc
102	54	Lc
102	55	Lc
102	56	Lc
102	57	Lc
102	58	-1
102	59	Lc
102	60	Lc
102	61	Lcp
102	62	Lcp
102	63	Lcp
102	64	-1
102	65	-1
102	66	Lc
102	67	Lc
102	68	-1
102	69	Lc
102	70	Lc
102	71	Lc
102	72	Lc
102	73	Lc
102	74	Lc
102	75	Lc
102	76	Lc
102	77	Lc
102	78	Lc
102	79	Lcp
102	80	Lcp
102	81	Lcp
102	82	L
102	83	L
102	84	L
102	85	L
102	86	L
102	87	L
102	88	L
102	89	L
102	90	Lc
102	91	Lc
102	92	Lc
102	93	L
102	94	Uc
102	95	Lc
102	96	Lc
102	97	Lc
102	98	Lc
102	99	Lc
102	100	Lc
102	101	Lc
102	102	Uc
102	103	Lc
102	104	-1
102	105	Lc
102	106	Lc
102	107	Lc
102	108	Lc
102	109	Lc
102	110	Lc
102	111	Lc
102	112	Lc
102	113	Lc
102	114	Uc
102	115	Lc
102	116	Lc
102	117	Lc
102	118	-1
102	119	Uc
103	0	Uc
103	1	Lc
103	2	Lc
103	3	Lc
103	4	Lc
103	5	-1
103	6	-1
103	7	Lc
103	8	Lc
103	9	Lc
103	10	-1
103	11	-1
103	12	-1
103	13	L
103	14	L
103	15	L
103	16	L
103	17	L
103	18	L
103	19	L
103	20	Lc
103	21	Lc
103	22	Lc
103	23	Lc
103	24	Uc
103	25	-1
103	26	Lc
103	27	Lc
103	28	Lc
103	29	Lc
103	30	Lc
103	31	Lc
103	32	Lc
103	33	Lc
103	34	Lc
103	35	L
103	36	-1
103	37	Lc
103	38	Lc
103	39	L
103	40	L
103	41	Lc
103	42	Lc
103	43	U
103	44	Lc
103	45	L
103	46	L
103	47	Lc
103	48	-1
103	49	Lc
103	50	Lc
103	51	Lc
103	52	Uc
103	53	Lc
103	54	Lc
103	55	Lc
103	56	Lc
103	57	Lc
103	58	Lc
103	59	-1
103	60	Lcp
103	61	Lc
103	62	Lc
103	63	Uc
103	64	Uc
103	65	Lc
103	66	Lc
103	67	L
103	68	U
103	69	Lc
103	70	Lc
103	71	Lc
103	72	Lc
103	73	Lc
103	74	Lc
103	75	Lc
103	76	Lc
103	77	Lc
103	78	Lcp
103	79	Lcp
103	80	Lcp
103	81	L
103	82	-1
103	83	L
103	84	Lc
103	85	-1
103	86	L
103	87	L
103	88	Lc
103	89	Lc
103	90	-1
103	91	Lc
103	92	Lc
103	93	Lc
103	94	Lc
103	95	Lc
103	96	Lc
103	97	Lc
103	98	Lc
103	99	Lc
103	100	Lc
103	101	Lc
103	102	Lc
103	103	Lc
103	104	Lc
103	105	Lc
103	106	-1
103	107	Lc
103	108	Lc
103	109	Lc
103	110	Uc
103	111	Uc
103	112	Lc
103	113	-1
103	114	Lc
103	115	Lc
103	116	Lc
103	117	Lc
103	118	Lc
103	119	Uc
104	0	Uc
104	1	Lc
104	2	-1
104	3	Lc
104	4	Lc
104	5	Uc
104	6	Uc
104	7	Lc
104	8	Lc
104	9	Lc
104	10	Lc
104	11	Lc
104	12	-1
104	13	L
104	14	L
104	15	L
104	16	L
104	17	Lc
104	18	L
104	19	-1
104	20	L
104	21	L
104	22	Uc
104	23	Lc
104	24	Lc
104	25	Lc
104	26	Lc
104	27	-1
104	28	Lc
104	29	Lc
104	30	Lc
104	31	Lc
104	32	Lc
104	33	Lc
104	34	Lc
104	35	Lc
104	36	L
104	37	L
104	38	L
104	39	Lc
104	40	-1
104	41	-1
104	42	Lc
104	43	-1
104	44	Lc
104	45	-1
104	46	-1
104	47	L
104	48	-1
104	49	Lc
104	50	L
104	51	L
104	52	L
104	53	Lc
104	54	Lc
104	55	Lc
104	56	Lc
104	57	Lc
104	58	Lc
104	59	Lc
104	60	-1
104	61	Lc
104	62	Lc
104	63	-1
104	64	Lc
104	65	Lc
104	66	U
104	67	-1
104	68	-1
104	69	Lc
104	70	Lc
104	71	Lc
104	72	-1
104	73	Lc
104	74	Lc
104	75	Lc
104	76	Lc
104	77	Lcp
104	78	L
104	79	L
104	80	Lcp
104	81	L
104	82	L
104	83	Lc
104	84	Lc
104	85	L
104	86	L
104	87	L
104	88	Lc
104	89	L
104	90	Lc
104	91	L
104	92	Lc
104	93	Lc
104	94	Lc
104	95	Lc
104	96	Lc
104	97	L
104	98	Lc
104	99	Lc
104	100	L
104	101	-1
104	102	Lc
104	103	Lc
104	104	Lc
104	105	Lc
104	106	Lc
104	107	Lc
104	108	-1
104	109	Lc
104	110	Lc
104	111	Uc
104	112	Lc
104	113	Lc
104	114	Lc
104	115	Lc
104	116	Lc
104	117	-1
104	118	-1
104	119	Lc
105	0	Lc
105	1	Lc
105	2	Lc
105	3	Uc
105	4	Lc
105	5	Lc
105	6	Lc
105	7	Lc
105	8	Lc
105	9	Lc
105	10	Lc
105	11	Lc
105	12	Lc
105	13	-1
105	14	L
105	15	L
105	16	-1
105	17	L
105	18	Lc
105	19	L
105	20	L
105	21	L
105	22	Lc
105	23	Uc
105	24	Lc
105	25	Uc
105	26	Uc
105	27	Lc
105	28	Lc
105	29	Lc
105	30	L
105	31	Lc
105	32	Uc
105	33	Lc
105	34	Lc
105	35	-1
105	36	-1
105	37	Lc
105	38	Lc
105	39	L
105	40	L
105	41	L
105	42	L
105	43	Lc
105	44	L
105	45	L
105	46	L
105	47	L
105	48	L
105	49	Lc
105	50	-1
105	51	Lc
105	52	L
105	53	-1
105	54	Lc
105	55	Lc
105	56	Lc
105	57	Lc
105	58	-1
105	59	Lc
105	60	Lc
105	61	Lc
105	62	L
105	63	Lc
105	64	Lc
105	65	-1
105	66	Lc
105	67	U
105	68	Lc
105	69	Lc
105	70	Lc
105	71	Lcp
105	72	Lc
105	73	Lc
105	74	Lc
105	75	Lc
105	76	Lc
105	77	L
105	78	L
105	79	L
105	80	L
105	81	L
105	82	Lc
105	83	-1
105	84	Lc
105	85	Lc
105	86	-1
105	87	-1
105	88	Lc
105	89	-1
105	90	Lc
105	91	Lc
105	92	Lc
105	93	Lc
105	94	Lc
105	95	Lc
105	96	Lc
105	97	Lc
105	98	Lc
105	99	L
105	100	Lc
105	101	Lc
105	102	Lc
105	103	Lc
105	104	Lc
105	105	-1
105	106	-1
105	107	Lc
105	108	Lc
105	109	-1
105	110	Lc
105	111	Lc
105	112	Uc
105	113	Lc
105	114	-1
105	115	Lc
105	116	Lc
105	117	Lc
105	118	Lc
105	119	Lc
106	0	Lc
106	1	Lc
106	2	Lc
106	3	-1
106	4	Lc
106	5	Lc
106	6	Lc
106	7	Lc
106	8	Lc
106	9	Lc
106	10	Lc
106	11	Lc
106	12	Lc
106	13	L
106	14	L
106	15	L
106	16	L
106	17	-1
106	18	Lc
106	19	L
106	20	Lc
106	21	L
106	22	Lc
106	23	Uc
106	24	-1
106	25	-1
106	26	Lc
106	27	Lc
106	28	Lc
106	29	Lc
106	30	Lc
106	31	Lc
106	32	L
106	33	Lc
106	34	Lc
106	35	L
106	36	Lc
106	37	Lc
106	38	-1
106	39	L
106	40	Lc
106	41	L
106	42	L
106	43	L
106	44	-1
106	45	Lc
106	46	L
106	47	-1
106	48	Lc
106	49	Lc
106	50	Lc
106	51	Lc
106	52	Lc
106	53	Lc
106	54	Lc
106	55	Lc
106	56	Lc
106	57	Lc
106	58	L
106	59	L
106	60	Lc
106	61	L
106	62	Lc
106	63	L
106	64	-1
106	65	Lc
106	66	Lc
106	67	Lc
106	68	Lc
106	69	Lc
106	70	Lcp
106	71	Lcp
106	72	-1
106	73	Lc
106	74	Lc
106	75	Lcp
106	76	Lc
106	77	L
106	78	L
106	79	L
106	80	L
106	81	Lc
106	82	Lc
106	83	Lc
106	84	Lc
106	85	Lc
106	86	L
106	87	L
106	88	Lc
106	89	Uc
106	90	Lc
106	91	Lc
106	92	Lc
106	93	Lc
106	94	Lc
106	95	Lc
106	96	Lc
106	97	-1
106	98	L
106	99	L
106	100	Lc
106	101	Lc
106	102	Lc
106	103	Lc
106	104	Lc
106	105	Lc
106	106	Lc
106	107	Lc
106	108	-1
106	109	L
106	110	Lc
106	111	L
106	112	Lc
106	113	Lc
106	114	-1
106	115	Lc
106	116	Lc
106	117	Lc
106	118	Uc
106	119	Lc
107	0	-1
107	1	Lc
107	2	Lc
107	3	Lc
107	4	-1
107	5	Lc
107	6	Lc
107	7	Lc
107	8	-1
107	9	Lc
107	10	-1
107	11	Lc
107	12	-1
107	13	Lc
107	14	Lc
107	15	L
107	16	Lc
107	17	L
107	18	L
107	19	L
107	20	L
107	21	Lc
107	22	Lc
107	23	Uc
107	24	-1
107	25	Uc
107	26	Lc
107	27	Lc
107	28	Lc
107	29	Lc
107	30	Lc
107	31	Lc
107	32	L
107	33	L
107	34	Lc
107	35	Lc
107	36	Lc
107	37	Lc
107	38	Lc
107	39	L
107	40	L
107	41	L
107	42	-1
107	43	Lc
107	44	Lc
107	45	-1
107	46	L
107	47	L
107	48	Lc
107	49	-1
107	50	-1
107	51	Uc
107	52	Lc
107	53	Lc
107	54	Lcp
107	55	Lc
107	56	Lc
107	57	Lc
107	58	Lc
107	59	Lc
107	60	L
107	61	L
107	62	L
107	63	Lc
107	64	Lc
107	65	Lc
107	66	Lc
107	67	Lc
107	68	Lc
107	69	Lc
107	70	Lc
107	71	L
107	72	Lcp
107	73	Lcp
107	74	Lcp
107	75	-1
107	76	Lcp
107	77	-1
107	78	-1
107	79	L
107	80	Lcp
107	81	L
107	82	Lc
107	83	Lc
107	84	Lc
107	85	Lc
107	86	Lc
107	87	L
107	88	Lc
107	89	-1
107	90	Lc
107	91	Lc
107	92	Lc
107	93	Lc
107	94	Lc
107	95	-1
107	96	Lc
107	97	Lc
107	98	L
107	99	Lc
107	100	Lc
107	101	Lc
107	102	Lc
107	103	Lc
107	104	Lc
107	105	-1
107	106	Lc
107	107	Lc
107	108	L
107	109	L
107	110	L
107	111	Lc
107	112	-1
107	113	L
107	114	L
107	115	L
107	116	Lc
107	117	Lc
107	118	Lc
107	119	Lc
108	0	-1
108	1	Lc
108	2	Lc
108	3	Lc
108	4	Lc
108	5	Lc
108	6	Lc
108	7	Lc
108	8	-1
108	9	-1
108	10	Lc
108	11	Lc
108	12	-1
108	13	Lc
108	14	Lc
108	15	Lc
108	16	Lc
108	17	-1
108	18	Lc
108	19	Lc
108	20	-1
108	21	Lc
108	22	Uc
108	23	Uc
108	24	Uc
108	25	-1
108	26	Lc
108	27	Lc
108	28	Lc
108	29	-1
108	30	Lc
108	31	L
108	32	Lc
108	33	Lc
108	34	Lc
108	35	Lc
108	36	-1
108	37	-1
108	38	Lc
108	39	-1
108	40	Lc
108	41	Lc
108	42	-1
108	43	L
108	44	L
108	45	L
108	46	L
108	47	Uc
108	48	Uc
108	49	Lc
108	50	Lc
108	51	Lc
108	52	Lc
108	53	Lc
108	54	Lc
108	55	-1
108	56	Lcp
108	57	Lcp
108	58	L
108	59	L
108	60	L
108	61	L
108	62	U
108	63	U
108	64	Lc
108	65	-1
108	66	Lc
108	67	Lc
108	68	Lc
108	69	L
108	70	L
108	71	-1
108	72	L
108	73	Lc
108	74	Lcp
108	75	Lcp
108	76	L
108	77	Lc
108	78	Lc
108	79	Lcp
108	80	Lc
108	81	Lc
108	82	Lc
108	83	Lc
108	84	-1
108	85	Lc
108	86	Lc
108	87	Lc
108	88	Lc
108	89	Lc
108	90	Lc
108	91	Lc
108	92	Lc
108	93	Lc
108	94	Uc
108	95	Uc
108	96	Lc
108	97	Lc
108	98	Lc
108	99	Lc
108	100	Lc
108	101	Lc
108	102	Lc
108	103	Lc
108	104	Lc
108	105	L
108	106	L
108	107	-1
108	108	Lc
108	109	Lc
108	110	L
108	111	Lc
108	112	L
108	113	L
108	114	L
108	115	L
108	116	Lc
108	117	Lc
108	118	-1
108	119	Lc
109	0	Lc
109	1	Lc
109	2	Lc
109	3	Lc
109	4	Lc
109	5	-1
109	6	Lc
109	7	Lc
109	8	Lc
109	9	Lc
109	10	Lc
109	11	Lc
109	12	Lc
109	13	L
109	14	Lc
109	15	Lc
109	16	Lc
109	17	Lc
109	18	L
109	19	Lc
109	20	L
109	21	-1
109	22	Uc
109	23	Uc
109	24	-1
109	25	Uc
109	26	Lc
109	27	Lc
109	28	Lc
109	29	Lc
109	30	-1
109	31	Lc
109	32	-1
109	33	Lc
109	34	Lc
109	35	Lc
109	36	Lc
109	37	Lc
109	38	Lc
109	39	Lc
109	40	Lc
109	41	L
109	42	-1
109	43	L
109	44	L
109	45	L
109	46	Lc
109	47	Lc
109	48	Lc
109	49	Lc
109	50	Lc
109	51	-1
109	52	Lc
109	53	Lc
109	54	Lcp
109	55	Lcp
109	56	-1
109	57	Lcp
109	58	Lc
109	59	L
109	60	L
109	61	Lc
109	62	U
109	63	Lc
109	64	Lc
109	65	L
109	66	Lc
109	67	Lc
109	68	Lc
109	69	Lc
109	70	-1
109	71	Lc
109	72	Uc
109	73	Lc
109	74	-1
109	75	-1
109	76	Lcp
109	77	Lc
109	78	Lc
109	79	Lc
109	80	Lc
109	81	Lc
109	82	L
109	83	L
109	84	Lc
109	85	Lc
109	86	Lc
109	87	-1
109	88	Lc
109	89	Lc
109	90	Lc
109	91	Lc
109	92	Lc
109	93	Uc
109	94	Uc
109	95	Uc
109	96	Lc
109	97	Lc
109	98	Lc
109	99	Lc
109	100	Lc
109	101	Lc
109	102	Lc
109	103	Lc
109	104	Lc
109	105	-1
109	106	L
109	107	L
109	108	-1
109	109	Lc
109	110	L
109	111	L
109	112	L
109	113	Lc
109	114	-1
109	115	Lc
109	116	Lc
109	117	Lc
109	118	Lc
109	119	Lc
110	0	Lc
110	1	Lc
110	2	Lc
110	3	Lc
110	4	Lc
110	5	Lc
110	6	Lc
110	7	Lc
110	8	Lc
110	9	Lc
110	10	Lc
110	11	-1
110	12	-1
110	13	-1
110	14	Lc
110	15	Lc
110	16	Lc
110	17	Lc
110	18	Lc
110	19	Lc
110	20	Lc
110	21	Uc
110	22	Uc
110	23	Lc
110	24	Uc
110	25	Lc
110	26	Lc
110	27	Lc
110	28	Lc
110	29	Lc
110	30	Lc
110	31	Lc
110	32	Lc
110	33	Lc
110	34	Lc
110	35	Lc
110	36	Lc
110	37	Lc
110	38	-1
110	39	Lc
110	40	Lc
110	41	Lc
110	42	L
110	43	L
110	44	Lc
110	45	L
110	46	L
110	47	Lc
110	48	Lc
110	49	Lc
110	50	Lc
110	51	Lc
110	52	-1
110	53	Lc
110	54	Lc
110	55	Lc
110	56	Lcp
110	57	Lcp
110	58	Lc
110	59	L
110	60	-1
110	61	Lc
110	62	Lc
110	63	Lc
110	64	Lc
110	65	-1
110	66	Lc
110	67	Lc
110	68	Lc
110	69	-1
110	70	Lc
110	71	Uc
110	72	Lcp
110	73	Lc
110	74	Lcp
110	75	Lc
110	76	Lc
110	77	Lc
110	78	-1
110	79	Lc
110	80	-1
110	81	L
110	82	Lc
110	83	Uc
110	84	Lc
110	85	L
110	86	-1
110	87	Lc
110	88	Lc
110	89	Lc
110	90	-1
110	91	Lc
110	92	Lc
110	93	Lc
110	94	Lc
110	95	Lc
110	96	Lc
110	97	Lc
110	98	L
110	99	Lc
110	100	L
110	101	-1
110	102	Lc
110	103	L
110	104	-1
110	105	Lc
110	106	L
110	107	L
110	108	-1
110	109	L
110	110	L
110	111	L
110	112	Lc
110	113	Lc
110	114	Lc
110	115	L
110	116	Lc
110	117	Lc
110	118	-1
110	119	Lc
111	0	Lc
111	1	Lc
111	2	Lc
111	3	Lc
111	4	-1
111	5	-1
111	6	Lc
111	7	Lc
111	8	Lc
111	9	Lc
111	10	Lc
111	11	Lc
111	12	Lc
111	13	L
111	14	L
111	15	L
111	16	-1
111	17	-1
111	18	Lc
111	19	Lc
111	20	Lc
111	21	Lc
111	22	Lc
111	23	Lc
111	24	L
111	25	Uc
111	26	L
111	27	Lc
111	28	Lc
111	29	-1
111	30	Lc
111	31	-1
111	32	Lc
111	33	Lc
111	34	Lc
111	35	-1
111	36	Lc
111	37	Lc
111	38	Uc
111	39	Lc
111	40	Lc
111	41	Uc
111	42	Lc
111	43	Lc
111	44	Lc
111	45	L
111	46	L
111	47	Lc
111	48	Lcp
111	49	-1
111	50	Lc
111	51	Lc
111	52	Lc
111	53	Lc
111	54	Lc
111	55	Lc
111	56	Lc
111	57	Lc
111	58	Lc
111	59	-1
111	60	Lc
111	61	Lc
111	62	Lc
111	63	Lc
111	64	L
111	65	L
111	66	Lc
111	67	Lc
111	68	Lc
111	69	Lc
111	70	Lc
111	71	-1
111	72	Lcp
111	73	-1
111	74	Lcp
111	75	Lcp
111	76	Lc
111	77	Lc
111	78	Lc
111	79	-1
111	80	-1
111	81	Lc
111	82	L
111	83	Lc
111	84	Lc
111	85	Lc
111	86	L
111	87	Lc
111	88	Lc
111	89	Lc
111	90	Lc
111	91	L
111	92	Lc
111	93	Lc
111	94	Lc
111	95	Lc
111	96	Lc
111	97	Lc
111	98	Lc
111	99	Lc
111	100	Lc
111	101	Lc
111	102	Lc
111	103	Lc
111	104	L
111	105	Lc
111	106	Lc
111	107	-1
111	108	L
111	109	L
111	110	L
111	111	Lc
111	112	Lc
111	113	Lc
111	114	Lc
111	115	Lc
111	116	Lc
111	117	-1
111	118	Lc
111	119	Lc
112	0	Lc
112	1	Lc
112	2	Lc
112	3	Lc
112	4	Lc
112	5	Lc
112	6	Lc
112	7	Lc
112	8	Lc
112	9	Lc
112	10	Lc
112	11	Lc
112	12	L
112	13	L
112	14	L
112	15	L
112	16	Lc
112	17	Lc
112	18	Lc
112	19	Lc
112	20	Lc
112	21	Lc
112	22	Lc
112	23	Lc
112	24	Lc
112	25	L
112	26	L
112	27	L
112	28	Lc
112	29	Lc
112	30	Lc
112	31	-1
112	32	Lc
112	33	Lc
112	34	U
112	35	Lc
112	36	-1
112	37	Lc
112	38	Lc
112	39	Uc
112	40	Uc
112	41	Lc
112	42	Lc
112	43	Lc
112	44	Lc
112	45	Lc
112	46	-1
112	47	Lcp
112	48	Uc
112	49	Lc
112	50	Lc
112	51	Lc
112	52	Lc
112	53	Lc
112	54	-1
112	55	Lc
112	56	-1
112	57	-1
112	58	Lc
112	59	-1
112	60	L
112	61	U
112	62	-1
112	63	L
112	64	L
112	65	L
112	66	Lc
112	67	Lc
112	68	Lc
112	69	U
112	70	U
112	71	-1
112	72	-1
112	73	Lcp
112	74	Lcp
112	75	L
112	76	Lc
112	77	-1
112	78	-1
112	79	Lc
112	80	Lc
112	81	Lc
112	82	Lc
112	83	Lc
112	84	Lc
112	85	Lc
112	86	Lc
112	87	-1
112	88	Lc
112	89	Lc
112	90	Lc
112	91	Lc
112	92	-1
112	93	Lc
112	94	Lc
112	95	Lc
112	96	Lc
112	97	Lc
112	98	L
112	99	Lc
112	100	Lc
112	101	Lc
112	102	Lc
112	103	Lc
112	104	Lc
112	105	Lc
112	106	Lc
112	107	L
112	108	L
112	109	L
112	110	L
112	111	L
112	112	Lc
112	113	Lc
112	114	Lc
112	115	Lc
112	116	Lc
112	117	Lc
112	118	Lc
112	119	Lc
113	0	Lc
113	1	Lc
113	2	-1
113	3	Lc
113	4	Lc
113	5	-1
113	6	Lc
113	7	Lc
113	8	Lc
113	9	-1
113	10	Lc
113	11	Lc
113	12	L
113	13	Lc
113	14	L
113	15	Lc
113	16	L
113	17	Lc
113	18	Lc
113	19	Lc
113	20	Lc
113	21	-1
113	22	Lc
113	23	Lc
113	24	Lc
113	25	Lc
113	26	Lc
113	27	Lc
113	28	Lc
113	29	Lc
113	30	Lc
113	31	Lc
113	32	Lc
113	33	Lc
113	34	Lc
113	35	Lc
113	36	Lc
113	37	Lc
113	38	-1
113	39	-1
113	40	Uc
113	41	Lc
113	42	Lc
113	43	Lc
113	44	Lc
113	45	Lc
113	46	Uc
113	47	Lcp
113	48	Lcp
113	49	Lc
113	50	Lc
113	51	Lc
113	52	Lc
113	53	Lc
113	54	Lc
113	55	Lc
113	56	Lc
113	57	Lc
113	58	Lc
113	59	L
113	60	L
113	61	L
113	62	L
113	63	U
113	64	L
113	65	L
113	66	L
113	67	L
113	68	Lc
113	69	L
113	70	U
113	71	L
113	72	Lp
113	73	Lc
113	74	L
113	75	L
113	76	L
113	77	Lc
113	78	Lc
113	79	Lc
113	80	Lc
113	81	Lc
113	82	Lc
113	83	Lc
113	84	Lc
113	85	Lc
113	86	Lc
113	87	-1
113	88	Lc
113	89	Lc
113	90	-1
113	91	Lc
113	92	Lc
113	93	Lc
113	94	Lc
113	95	Lc
113	96	Lc
113	97	Lc
113	98	Lc
113	99	L
113	100	-1
113	101	Lc
113	102	Lc
113	103	-1
113	104	Lc
113	105	-1
113	106	-1
113	107	Lc
113	108	L
113	109	L
113	110	L
113	111	U
113	112	Lc
113	113	Lc
113	114	Lc
113	115	-1
113	116	Lc
113	117	Lc
113	118	L
113	119	L
114	0	-1
114	1	Lc
114	2	L
114	3	Lc
114	4	Lc
114	5	Lc
114	6	Lc
114	7	Lc
114	8	Lc
114	9	Lc
114	10	Lc
114	11	Lc
114	12	Lc
114	13	Lc
114	14	-1
114	15	-1
114	16	-1
114	17	Lc
114	18	-1
114	19	Lc
114	20	Lc
114	21	Lc
114	22	Lc
114	23	Lc
114	24	Lc
114	25	-1
114	26	-1
114	27	Lc
114	28	Lc
114	29	L
114	30	L
114	31	Lc
114	32	L
114	33	Lc
114	34	Lc
114	35	-1
114	36	Lc
114	37	Lc
114	38	Lc
114	39	Lc
114	40	Lc
114	41	-1
114	42	Uc
114	43	Uc
114	44	Lc
114	45	Lcp
114	46	Lc
114	47	-1
114	48	Lc
114	49	Lc
114	50	Lc
114	51	Lc
114	52	Lc
114	53	Lc
114	54	-1
114	55	-1
114	56	Lc
114	57	Lc
114	58	Lc
114	59	Lc
114	60	Lc
114	61	L
114	62	U
114	63	Lc
114	64	Lc
114	65	L
114	66	-1
114	67	Lc
114	68	L
114	69	L
114	70	L
114	71	-1
114	72	Lcp
114	73	Lcp
114	74	Lc
114	75	Lc
114	76	Lc
114	77	Lc
114	78	Lc
114	79	Lc
114	80	Lc
114	81	Lc
114	82	Lc
114	83	-1
114	84	Lc
114	85	Lc
114	86	-1
114	87	Lc
114	88	Lc
114	89	Lc
114	90	Lc
114	91	Lc
114	92	Lc
114	93	Lc
114	94	Lc
114	95	Lc
114	96	-1
114	97	Lc
114	98	Lp
114	99	-1
114	100	-1
114	101	Lc
114	102	Lc
114	103	Lc
114	104	Lc
114	105	Lc
114	106	Lc
114	107	Lc
114	108	L
114	109	L
114	110	-1
114	111	Lc
114	112	Lc
114	113	Lc
114	114	Lc
114	115	Lc
114	116	Lc
114	117	L
114	118	Lc
114	119	L
115	0	Lc
115	1	L
115	2	Lc
115	3	L
115	4	Lc
115	5	L
115	6	Lc
115	7	Lc
115	8	Lc
115	9	Lc
115	10	Lc
115	11	Lc
115	12	Lc
115	13	L
115	14	L
115	15	Lc
115	16	Lc
115	17	Lc
115	18	Lc
115	19	L
115	20	Lc
115	21	-1
115	22	Lc
115	23	Lc
115	24	Lc
115	25	Lc
115	26	Lc
115	27	L
115	28	L
115	29	L
115	30	L
115	31	Lc
115	32	Lc
115	33	L
115	34	L
115	35	-1
115	36	Lc
115	37	Lc
115	38	Lc
115	39	Lc
115	40	Lc
115	41	Lc
115	42	Uc
115	43	-1
115	44	Lc
115	45	-1
115	46	-1
115	47	Lc
115	48	Lc
115	49	-1
115	50	Lc
115	51	Lc
115	52	Lc
115	53	-1
115	54	Lc
115	55	Lc
115	56	Lc
115	57	Lc
115	58	Lc
115	59	Lc
115	60	Lc
115	61	Lc
115	62	L
115	63	Lc
115	64	L
115	65	L
115	66	L
115	67	-1
115	68	U
115	69	-1
115	70	L
115	71	Lc
115	72	Lcp
115	73	L
115	74	Lcp
115	75	Lc
115	76	Lc
115	77	Lc
115	78	Lc
115	79	Lc
115	80	Lc
115	81	Lc
115	82	Lc
115	83	Lc
115	84	Lc
115	85	-1
115	86	Lc
115	87	Lc
115	88	Lc
115	89	Lc
115	90	Lcp
115	91	-1
115	92	Lcp
115	93	Lc
115	94	Lc
115	95	Lc
115	96	Lcp
115	97	Lcp
115	98	-1
115	99	L
115	100	L
115	101	Lc
115	102	Lc
115	103	Lc
115	104	Lc
115	105	L
115	106	Lc
115	107	L
115	108	L
115	109	L
115	110	L
115	111	Lc
115	112	Lc
115	113	Lc
115	114	-1
115	115	Lc
115	116	Lc
115	117	Lc
115	118	L
115	119	L
116	0	L
116	1	Lc
116	2	L
116	3	L
116	4	L
116	5	Lc
116	6	L
116	7	L
116	8	L
116	9	-1
116	10	Lc
116	11	Lc
116	12	L
116	13	L
116	14	Lc
116	15	Lc
116	16	Lc
116	17	Lc
116	18	Lc
116	19	-1
116	20	Lc
116	21	Lc
116	22	Lc
116	23	Lc
116	24	Lc
116	25	Lc
116	26	Lc
116	27	Lc
116	28	Lc
116	29	Lc
116	30	-1
116	31	Lc
116	32	L
116	33	L
116	34	L
116	35	Lc
116	36	Lc
116	37	Lc
116	38	Lc
116	39	-1
116	40	Lc
116	41	Lc
116	42	Lc
116	43	-1
116	44	Lc
116	45	Lc
116	46	-1
116	47	Lcp
116	48	Lcp
116	49	Lc
116	50	-1
116	51	Lc
116	52	Lc
116	53	Lc
116	54	-1
116	55	Lc
116	56	Lc
116	57	Lc
116	58	Lc
116	59	Lc
116	60	Lc
116	61	-1
116	62	Lc
116	63	L
116	64	L
116	65	L
116	66	-1
116	67	-1
116	68	-1
116	69	-1
116	70	-1
116	71	Lc
116	72	Lc
116	73	Lc
116	74	Lc
116	75	-1
116	76	-1
116	77	Lc
116	78	-1
116	79	Lc
116	80	Lc
116	81	Lc
116	82	Lc
116	83	Lc
116	84	Lc
116	85	Lc
116	86	Lc
116	87	Lc
116	88	Lc
116	89	Lc
116	90	Lc
116	91	Lc
116	92	Lc
116	93	Lc
116	94	Lc
116	95	Lc
116	96	Lcp
116	97	Lcp
116	98	Lcp
116	99	Lcp
116	100	L
116	101	Lc
116	102	Lc
116	103	-1
116	104	Lc
116	105	Lc
116	106	Lc
116	107	L
116	108	L
116	109	Lc
116	110	Lc
116	111	Lc
116	112	Lc
116	113	-1
116	114	L
116	115	Lc
116	116	Lc
116	117	-1
116	118	L
116	119	L
117	0	L
117	1	L
117	2	Lc
117	3	-1
117	4	L
117	5	L
117	6	L
117	7	L
117	8	L
117	9	Lc
117	10	Lc
117	11	Lc
117	12	-1
117	13	L
117	14	Lc
117	15	Lc
117	16	-1
117	17	Lc
117	18	Lc
117	19	Lc
117	20	Lc
117	21	Lc
117	22	Lc
117	23	Lc
117	24	-1
117	25	Lc
117	26	Lc
117	27	-1
117	28	Lc
117	29	Lc
117	30	Lc
117	31	L
117	32	L
117	33	Lc
117	34	-1
117	35	Lc
117	36	Lc
117	37	Lc
117	38	Lc
117	39	Lc
117	40	Lc
117	41	Lc
117	42	Lc
117	43	Lc
117	44	Lc
117	45	Lc
117	46	Lc
117	47	Lc
117	48	Lc
117	49	-1
117	50	Lc
117	51	-1
117	52	Lc
117	53	-1
117	54	Lc
117	55	Lc
117	56	Lc
117	57	Lc
117	58	Lc
117	59	Lc
117	60	Lc
117	61	Lc
117	62	-1
117	63	L
117	64	L
117	65	Lc
117	66	Lc
117	67	U
117	68	U
117	69	L
117	70	L
117	71	Lc
117	72	Lc
117	73	Lc
117	74	Lc
117	75	Lc
117	76	Lc
117	77	-1
117	78	Lc
117	79	Lc
117	80	Lc
117	81	Lc
117	82	Lc
117	83	Lc
117	84	-1
117	85	Lc
117	86	Lc
117	87	-1
117	88	Lc
117	89	Lc
117	90	Lc
117	91	Lc
117	92	Lcp
117	93	Lcp
117	94	Lcp
117	95	Lcp
117	96	Lp
117	97	Lcp
117	98	Lcp
117	99	Lcp
117	100	Lc
117	101	Lc
117	102	Lc
117	103	L
117	104	L
117	105	Lc
117	106	Lc
117	107	Lc
117	108	Lc
117	109	Lc
117	110	Lc
117	111	Lc
117	112	L
117	113	Lc
117	114	Lc
117	115	Lc
117	116	Lc
117	117	Lc
117	118	Uc
117	119	-1
118	0	Lc
118	1	Lc
118	2	Lc
118	3	L
118	4	L
118	5	-1
118	6	L
118	7	L
118	8	L
118	9	Lc
118	10	Lc
118	11	-1
118	12	L
118	13	L
118	14	Lc
118	15	Lc
118	16	Lc
118	17	Lc
118	18	Lc
118	19	Lc
118	20	Lc
118	21	Lc
118	22	Lc
118	23	Lc
118	24	Lc
118	25	Lc
118	26	Lc
118	27	Lc
118	28	Lc
118	29	Lc
118	30	-1
118	31	Lc
118	32	Lc
118	33	-1
118	34	Lc
118	35	-1
118	36	-1
118	37	-1
118	38	Lc
118	39	Lc
118	40	Lc
118	41	Lc
118	42	Lc
118	43	Lc
118	44	-1
118	45	Lc
118	46	Lc
118	47	Lc
118	48	Lc
118	49	-1
118	50	Lc
118	51	Lc
118	52	Lc
118	53	-1
118	54	Lc
118	55	Lc
118	56	Lc
118	57	Lc
118	58	Lc
118	59	Lc
118	60	Lc
118	61	Lc
118	62	Lc
118	63	Lc
118	64	L
118	65	Lc
118	66	Lc
118	67	L
118	68	L
118	69	Lc
118	70	Lc
118	71	Lc
118	72	Lc
118	73	Lc
118	74	Lc
118	75	Lc
118	76	Lc
118	77	Lc
118	78	Lc
118	79	-1
118	80	Lc
118	81	Lc
118	82	Lc
118	83	Lc
118	84	Lc
118	85	Lc
118	86	Lc
118	87	Lc
118	88	-1
118	89	Lc
118	90	Lc
118	91	Lcp
118	92	Lc
118	93	L
118	94	-1
118	95	Lc
118	96	Lcp
118	97	Lcp
118	98	Lcp
118	99	Lc
118	100	Lc
118	101	Lc
118	102	Lc
118	103	Lc
118	104	Lc
118	105	L
118	106	L
118	107	Lc
118	108	Lc
118	109	Lc
118	110	Uc
118	111	Lc
118	112	L
118	113	L
118	114	Lc
118	115	Lc
118	116	-1
118	117	Uc
118	118	L
118	119	L
119	0	Lc
119	1	Lc
119	2	Lc
119	3	L
119	4	L
119	5	-1
119	6	L
119	7	L
119	8	Lc
119	9	L
119	10	Lc
119	11	Lc
119	12	L
119	13	Lc
119	14	Lc
119	15	Lc
119	16	Lc
119	17	Lc
119	18	Lc
119	19	Lc
119	20	Lc
119	21	Lc
119	22	Lc
119	23	Lc
119	24	Lc
119	25	Lc
119	26	-1
119	27	Lc
119	28	Lc
119	29	Lc
119	30	-1
119	31	Lc
119	32	Lc
119	33	Lc
119	34	-1
119	35	Lc
119	36	-1
119	37	-1
119	38	Lc
119	39	Lc
119	40	Lc
119	41	Lc
119	42	Lc
119	43	Lc
119	44	-1
119	45	Lc
119	46	Lc
119	47	Lp
119	48	Lc
119	49	Lc
119	50	Lc
119	51	Lc
119	52	Lc
119	53	Lc
119	54	Lc
119	55	Lc
119	56	Lc
119	57	Lp
119	58	Lc
119	59	Lp
119	60	Lc
119	61	Lc
119	62	Lc
119	63	Lc
119	64	Lc
119	65	L
119	66	Lc
119	67	L
119	68	L
119	69	Lc
119	70	Lc
119	71	L
119	72	Lc
119	73	Lc
119	74	Lc
119	75	Lc
119	76	Lc
119	77	Lc
119	78	Lc
119	79	Lc
119	80	Lc
119	81	-1
119	82	Lc
119	83	Lc
119	84	Lc
119	85	Lc
119	86	Lc
119	87	Lc
119	88	Lc
119	89	Lc
119	90	Lc
119	91	Lc
119	92	-1
119	93	Lcp
119	94	Lcp
119	95	L
119	96	Lc
119	97	Lcp
119	98	Lcp
119	99	Lc
119	100	Lc
119	101	Lc
119	102	-1
119	103	Lc
119	104	Lc
119	105	Lc
119	106	Lc
119	107	Lc
119	108	-1
119	109	Lc
119	110	Lc
119	111	-1
119	112	Uc
119	113	Lc
119	114	Lc
119	115	-1
119	116	-1
119	117	Lc
119	118	-1
119	119	Lc
