0	0	L
0	1	Lp
0	2	L
0	3	Lp
0	4	L
0	5	Lp
0	6	Lp
0	7	-1
0	8	Lp
0	9	Lp
0	10	Lp
0	11	-1
0	12	L
0	13	-1
0	14	Lp
0	15	L
0	16	-1
0	17	-1
0	18	Lp
0	19	Lp
0	20	Lp
0	21	Lp
0	22	Lp
0	23	Lp
0	24	Lp
0	25	Lp
0	26	Lp
0	27	Lp
0	28	-1
0	29	Lp
0	30	Lp
0	31	Lp
0	32	-1
0	33	Lp
0	34	Lp
0	35	-1
0	36	Lp
0	37	Lp
0	38	L
0	39	L
0	40	-1
0	41	Lp
0	42	Lp
0	43	Lp
0	44	-1
0	45	-1
0	46	Lp
0	47	Lp
0	48	-1
0	49	L
0	50	-1
0	51	L
0	52	-1
0	53	Lp
0	54	Lp
0	55	L
0	56	Lp
0	57	Lp
0	58	-1
0	59	Lp
0	60	Lp
0	61	Lp
0	62	Lp
0	63	Lp
0	64	L
0	65	L
0	66	U
0	67	L
0	68	-1
0	69	Lp
0	70	Lp
0	71	Lp
0	72	Lp
0	73	L
0	74	Lp
0	75	Lp
0	76	-1
0	77	Lp
0	78	Lp
0	79	Lp
0	80	-1
0	81	Lp
0	82	-1
0	83	Lp
0	84	Lp
0	85	Lp
0	86	Lp
0	87	-1
0	88	Lp
0	89	Lp
0	90	Lp
0	91	Lp
0	92	Lp
0	93	-1
0	94	-1
0	95	-1
0	96	L
0	97	L
0	98	Lp
0	99	Lp
0	100	Lp
0	101	Lp
0	102	-1
0	103	Lp
0	104	Lp
0	105	Lp
0	106	-1
0	107	Lp
0	108	Lp
0	109	-1
0	110	Lp
0	111	Lp
0	112	Lp
0	113	Lp
0	114	L
0	115	L
0	116	-1
0	117	L
0	118	L
0	119	-1
1	0	L
1	1	L
1	2	L
1	3	L
1	4	Lp
1	5	-1
1	6	-1
1	7	-1
1	8	-1
1	9	Lp
1	10	Lp
1	11	Lp
1	12	Lp
1	13	-1
1	14	Lp
1	15	Lp
1	16	L
1	17	Lp
1	18	Lp
1	19	-1
1	20	-1
1	21	Lp
1	22	Lp
1	23	-1
1	24	-1
1	25	Lp
1	26	-1
1	27	Lp
1	28	Lp
1	29	-1
1	30	-1
1	31	Lp
1	32	Lp
1	33	Lp
1	34	Lp
1	35	Lp
1	36	Lp
1	37	L
1	38	Lp
1	39	-1
1	40	-1
1	41	U
1	42	Lp
1	43	Lp
1	44	Lp
1	45	-1
1	46	-1
1	47	Lp
1	48	Lp
1	49	Lp
1	50	L
1	51	L
1	52	-1
1	53	-1
1	54	Lp
1	55	Lp
1	56	Lp
1	57	Lp
1	58	Lp
1	59	Lp
1	60	Lp
1	61	Lp
1	62	Lp
1	63	U
1	64	U
1	65	U
1	66	L
1	67	L
1	68	L
1	69	Lp
1	70	Lp
1	71	Lp
1	72	Lp
1	73	Lp
1	74	-1
1	75	Lp
1	76	Lp
1	77	Lp
1	78	Lp
1	79	Lp
1	80	Lp
1	81	Lp
1	82	-1
1	83	Lp
1	84	-1
1	85	Lp
1	86	Lp
1	87	-1
1	88	Lp
1	89	Lp
1	90	Lp
1	91	Lp
1	92	Lp
1	93	Lp
1	94	Lp
1	95	-1
1	96	L
1	97	-1
1	98	Lp
1	99	Lp
1	100	-1
1	101	Lp
1	102	Lp
1	103	Lp
1	104	Lp
1	105	Lp
1	106	Lp
1	107	-1
1	108	Lp
1	109	Lp
1	110	Lp
1	111	Lp
1	112	Lp
1	113	Lp
1	114	L
1	115	L
1	116	L
1	117	L
1	118	Lp
1	119	L
2	0	-1
2	1	-1
2	2	Lp
2	3	-1
2	4	L
2	5	Lp
2	6	Lp
2	7	Lp
2	8	Lp
2	9	Lp
2	10	Lp
2	11	Lp
2	12	L
2	13	L
2	14	Lp
2	15	L
2	16	-1
2	17	Lp
2	18	Lp
2	19	Lp
2	20	Lp
2	21	Lp
2	22	Lp
2	23	Lp
2	24	Lp
2	25	Lp
2	26	-1
2	27	Lp
2	28	Lp
2	29	Lp
2	30	Lp
2	31	-1
2	32	Lp
2	33	Lp
2	34	-1
2	35	-1
2	36	Lp
2	37	U
2	38	-1
2	39	U
2	40	L
2	41	U
2	42	-1
2	43	Lp
2	44	Lp
2	45	Lp
2	46	Lp
2	47	-1
2	48	Lp
2	49	Lp
2	50	-1
2	51	Lp
2	52	Lp
2	53	-1
2	54	Lp
2	55	Lp
2	56	Lp
2	57	Lp
2	58	Lp
2	59	Lp
2	60	Lp
2	61	Lp
2	62	U
2	63	U
2	64	-1
2	65	U
2	66	-1
2	67	L
2	68	L
2	69	-1
2	70	Lp
2	71	Lp
2	72	Lp
2	73	Lp
2	74	-1
2	75	-1
2	76	Lp
2	77	Lp
2	78	Lp
2	79	-1
2	80	Lp
2	81	Lp
2	82	Lp
2	83	Lp
2	84	Lp
2	85	-1
2	86	Lp
2	87	Lp
2	88	Lp
2	89	Lp
2	90	Lp
2	91	Lp
2	92	Lp
2	93	Lp
2	94	Lp
2	95	Lp
2	96	L
2	97	L
2	98	Lp
2	99	Lp
2	100	-1
2	101	Lp
2	102	Lp
2	103	-1
2	104	Lp
2	105	Lp
2	106	Lp
2	107	-1
2	108	Lp
2	109	Lp
2	110	Lp
2	111	-1
2	112	Lp
2	113	Lp
2	114	L
2	115	L
2	116	L
2	117	Lp
2	118	Lp
2	119	L
3	0	L
3	1	L
3	2	L
3	3	L
3	4	L
3	5	-1
3	6	Lp
3	7	Lp
3	8	Lp
3	9	Lp
3	10	L
3	11	L
3	12	Lp
3	13	Lp
3	14	L
3	15	L
3	16	-1
3	17	L
3	18	Lp
3	19	Lp
3	20	Lp
3	21	Lp
3	22	Lp
3	23	Lp
3	24	Lp
3	25	-1
3	26	Lp
3	27	Lp
3	28	Lp
3	29	Lp
3	30	-1
3	31	Lp
3	32	Lp
3	33	Lp
3	34	Lp
3	35	Lp
3	36	Lp
3	37	U
3	38	U
3	39	Lp
3	40	U
3	41	Lp
3	42	Lp
3	43	Lp
3	44	Lp
3	45	-1
3	46	Lp
3	47	Lp
3	48	Lp
3	49	-1
3	50	Lp
3	51	-1
3	52	Lp
3	53	Lp
3	54	Lp
3	55	Lp
3	56	Lp
3	57	U
3	58	Lp
3	59	Lp
3	60	Lp
3	61	Lp
3	62	U
3	63	Lp
3	64	U
3	65	L
3	66	L
3	67	Lp
3	68	L
3	69	L
3	70	Lp
3	71	L
3	72	Lp
3	73	Lp
3	74	Lp
3	75	Lp
3	76	Lp
3	77	L
3	78	-1
3	79	Lp
3	80	Lp
3	81	Lp
3	82	Lp
3	83	-1
3	84	Lp
3	85	Lp
3	86	Lp
3	87	Lp
3	88	Lp
3	89	Lp
3	90	Lp
3	91	Lp
3	92	Lp
3	93	-1
3	94	Lp
3	95	Lp
3	96	Lp
3	97	L
3	98	Lp
3	99	Lp
3	100	-1
3	101	Lp
3	102	Lp
3	103	-1
3	104	Lp
3	105	Lp
3	106	Lp
3	107	Lp
3	108	Lp
3	109	Lp
3	110	Lp
3	111	Lp
3	112	Lp
3	113	L
3	114	Lp
3	115	Lp
3	116	Lp
3	117	-1
3	118	Lp
3	119	L
4	0	L
4	1	L
4	2	L
4	3	L
4	4	L
4	5	Lp
4	6	Lp
4	7	Lp
4	8	Lp
4	9	L
4	10	L
4	11	Lp
4	12	Lp
4	13	Lp
4	14	-1
4	15	-1
4	16	L
4	17	L
4	18	L
4	19	-1
4	20	Lp
4	21	Lp
4	22	Lp
4	23	Lp
4	24	Lp
4	25	-1
4	26	-1
4	27	Lp
4	28	Lp
4	29	Lp
4	30	Lp
4	31	Lp
4	32	Lp
4	33	Lp
4	34	Lp
4	35	-1
4	36	Lp
4	37	Lp
4	38	Lp
4	39	Lp
4	40	-1
4	41	Lp
4	42	Lp
4	43	Lp
4	44	Lp
4	45	Lp
4	46	Lp
4	47	Lp
4	48	Lp
4	49	Lp
4	50	Lp
4	51	Lp
4	52	-1
4	53	Lp
4	54	-1
4	55	Lp
4	56	-1
4	57	-1
4	58	Lp
4	59	Lp
4	60	-1
4	61	U
4	62	U
4	63	U
4	64	Lp
4	65	L
4	66	Lp
4	67	Lp
4	68	Lp
4	69	L
4	70	L
4	71	L
4	72	Lp
4	73	-1
4	74	Lp
4	75	Lp
4	76	Lp
4	77	Lp
4	78	Lp
4	79	Lp
4	80	-1
4	81	-1
4	82	-1
4	83	Lp
4	84	Lp
4	85	Lp
4	86	Lp
4	87	Lp
4	88	Lp
4	89	Lp
4	90	Lp
4	91	Lp
4	92	Lp
4	93	Lp
4	94	Lp
4	95	Lp
4	96	Lp
4	97	Lp
4	98	Lp
4	99	Lp
4	100	Lp
4	101	Lp
4	102	Lp
4	103	Lp
4	104	-1
4	105	Lp
4	106	Lp
4	107	Lp
4	108	-1
4	109	-1
4	110	-1
4	111	-1
4	112	Lp
4	113	Lp
4	114	L
4	115	L
4	116	-1
4	117	Lp
4	118	L
4	119	Lp
5	0	Lp
5	1	-1
5	2	Lp
5	3	Lp
5	4	-1
5	5	-1
5	6	Lp
5	7	Lp
5	8	L
5	9	L
5	10	L
5	11	L
5	12	L
5	13	L
5	14	L
5	15	L
5	16	L
5	17	L
5	18	L
5	19	Lp
5	20	Lp
5	21	Lp
5	22	-1
5	23	Lp
5	24	Lp
5	25	-1
5	26	Lp
5	27	Lp
5	28	Lp
5	29	Lp
5	30	Lp
5	31	Lp
5	32	Lp
5	33	Lp
5	34	Lp
5	35	Lp
5	36	Lp
5	37	Lp
5	38	-1
5	39	Lp
5	40	Lp
5	41	Lp
5	42	-1
5	43	Lp
5	44	-1
5	45	Lp
5	46	L
5	47	L
5	48	Lp
5	49	-1
5	50	Lp
5	51	-1
5	52	Lp
5	53	Lp
5	54	L
5	55	-1
5	56	Lp
5	57	Lp
5	58	Lp
5	59	-1
5	60	-1
5	61	Lp
5	62	U
5	63	Lp
5	64	Lp
5	65	-1
5	66	-1
5	67	Lp
5	68	Lp
5	69	L
5	70	-1
5	71	L
5	72	L
5	73	Lp
5	74	-1
5	75	Lp
5	76	Lp
5	77	-1
5	78	Lp
5	79	Lp
5	80	Lp
5	81	Lp
5	82	Lp
5	83	Lp
5	84	Lp
5	85	Lp
5	86	Lp
5	87	Lp
5	88	Lp
5	89	-1
5	90	Lp
5	91	-1
5	92	Lp
5	93	Lp
5	94	Lp
5	95	-1
5	96	Lp
5	97	Lp
5	98	Lp
5	99	Lp
5	100	Lp
5	101	Lp
5	102	Lp
5	103	Lp
5	104	Lp
5	105	Lp
5	106	Lp
5	107	Lp
5	108	Lp
5	109	-1
5	110	Lp
5	111	-1
5	112	Lp
5	113	U
5	114	Lp
5	115	-1
5	116	-1
5	117	L
5	118	Lp
5	119	Lp
6	0	-1
6	1	Lp
6	2	-1
6	3	Lp
6	4	U
6	5	U
6	6	L
6	7	L
6	8	L
6	9	-1
6	10	Lp
6	11	L
6	12	-1
6	13	L
6	14	L
6	15	L
6	16	L
6	17	-1
6	18	Lp
6	19	Lp
6	20	Lp
6	21	-1
6	22	Lp
6	23	Lp
6	24	Lp
6	25	Lp
6	26	Lp
6	27	-1
6	28	Lp
6	29	Lp
6	30	Lp
6	31	Lp
6	32	Lp
6	33	Lp
6	34	Lp
6	35	Lp
6	36	Lp
6	37	Lp
6	38	Lp
6	39	Lp
6	40	-1
6	41	Lp
6	42	L
6	43	Lp
6	44	L
6	45	Lp
6	46	Lp
6	47	L
6	48	L
6	49	Lp
6	50	Lp
6	51	Lp
6	52	-1
6	53	-1
6	54	L
6	55	Lp
6	56	Lp
6	57	Lp
6	58	U
6	59	Lp
6	60	Lp
6	61	U
6	62	U
6	63	Lp
6	64	Lp
6	65	Lp
6	66	Lp
6	67	Lp
6	68	Lp
6	69	L
6	70	Lp
6	71	Lp
6	72	Lp
6	73	L
6	74	Lp
6	75	-1
6	76	Lp
6	77	Lp
6	78	Lp
6	79	Lp
6	80	Lp
6	81	Lp
6	82	Lp
6	83	Lp
6	84	-1
6	85	-1
6	86	Lp
6	87	-1
6	88	-1
6	89	Lp
6	90	Lp
6	91	Lp
6	92	Lp
6	93	Lp
6	94	-1
6	95	Lp
6	96	Lp
6	97	U
6	98	-1
6	99	-1
6	100	Lp
6	101	-1
6	102	-1
6	103	Lp
6	104	Lp
6	105	Lp
6	106	Lp
6	107	Lp
6	108	Lp
6	109	Lp
6	110	-1
6	111	Lp
6	112	Lp
6	113	Lp
6	114	U
6	115	-1
6	116	-1
6	117	Lp
6	118	Lp
6	119	Lp
7	0	Lp
7	1	Lp
7	2	Lp
7	3	-1
7	4	Lp
7	5	Lp
7	6	L
7	7	L
7	8	L
7	9	-1
7	10	L
7	11	L
7	12	-1
7	13	L
7	14	L
7	15	L
7	16	Lp
7	17	Lp
7	18	Lp
7	19	-1
7	20	Lp
7	21	Lp
7	22	L
7	23	Lp
7	24	Lp
7	25	Lp
7	26	Lp
7	27	Lp
7	28	Lp
7	29	U
7	30	Lp
7	31	Lp
7	32	Lp
7	33	Lp
7	34	Lp
7	35	Lp
7	36	Lp
7	37	Lp
7	38	-1
7	39	Lp
7	40	Lp
7	41	L
7	42	L
7	43	L
7	44	L
7	45	L
7	46	-1
7	47	L
7	48	-1
7	49	Lp
7	50	Lp
7	51	Lp
7	52	Lp
7	53	Lp
7	54	Lp
7	55	Lp
7	56	L
7	57	-1
7	58	Lp
7	59	U
7	60	Lp
7	61	U
7	62	U
7	63	U
7	64	Lp
7	65	Lp
7	66	Lp
7	67	-1
7	68	Lp
7	69	L
7	70	Lp
7	71	Lp
7	72	Lp
7	73	Lp
7	74	Lp
7	75	Lp
7	76	Lp
7	77	Lp
7	78	Lp
7	79	Lp
7	80	Lp
7	81	Lp
7	82	Lp
7	83	Lp
7	84	-1
7	85	Lp
7	86	Lp
7	87	Lp
7	88	-1
7	89	-1
7	90	-1
7	91	Lp
7	92	Lp
7	93	Lp
7	94	Lp
7	95	Lp
7	96	Lp
7	97	-1
7	98	-1
7	99	-1
7	100	Lp
7	101	Lp
7	102	L
7	103	Lp
7	104	Lp
7	105	Lp
7	106	-1
7	107	Lp
7	108	-1
7	109	Lp
7	110	Lp
7	111	U
7	112	-1
7	113	U
7	114	U
7	115	Lp
7	116	Lp
7	117	Lp
7	118	Lp
7	119	-1
8	0	Lp
8	1	Lp
8	2	U
8	3	Lp
8	4	Lp
8	5	Lp
8	6	L
8	7	Lp
8	8	-1
8	9	Lp
8	10	-1
8	11	L
8	12	L
8	13	L
8	14	L
8	15	Lp
8	16	Lp
8	17	Lp
8	18	Lp
8	19	Lp
8	20	Lp
8	21	L
8	22	L
8	23	Lp
8	24	Lp
8	25	-1
8	26	Lp
8	27	-1
8	28	L
8	29	U
8	30	U
8	31	Lp
8	32	Lp
8	33	Lp
8	34	-1
8	35	-1
8	36	Lp
8	37	Lp
8	38	-1
8	39	Lp
8	40	Lp
8	41	Lp
8	42	L
8	43	Lp
8	44	L
8	45	Lp
8	46	Lp
8	47	Lp
8	48	L
8	49	L
8	50	L
8	51	Lp
8	52	Lp
8	53	Lp
8	54	-1
8	55	-1
8	56	L
8	57	Lp
8	58	Lp
8	59	Lp
8	60	Lp
8	61	Lp
8	62	Lp
8	63	Lp
8	64	Lp
8	65	Lp
8	66	-1
8	67	Lp
8	68	Lp
8	69	Lp
8	70	Lp
8	71	Lp
8	72	Lp
8	73	Lp
8	74	L
8	75	Lp
8	76	Lp
8	77	Lp
8	78	Lp
8	79	Lp
8	80	Lp
8	81	Lp
8	82	Lp
8	83	Lp
8	84	-1
8	85	Lp
8	86	Lp
8	87	Lp
8	88	Lp
8	89	Lp
8	90	Lp
8	91	Lp
8	92	Lp
8	93	Lp
8	94	Lp
8	95	Lp
8	96	Lp
8	97	U
8	98	U
8	99	-1
8	100	-1
8	101	L
8	102	L
8	103	Lp
8	104	Lp
8	105	Lp
8	106	Lp
8	107	Lp
8	108	Lp
8	109	Lp
8	110	U
8	111	U
8	112	U
8	113	U
8	114	U
8	115	L
8	116	L
8	117	Lp
8	118	Lp
8	119	Lp
9	0	Lp
9	1	Lp
9	2	Lp
9	3	U
9	4	Lp
9	5	Lp
9	6	L
9	7	-1
9	8	Lp
9	9	Lp
9	10	Lp
9	11	L
9	12	L
9	13	L
9	14	L
9	15	-1
9	16	Lp
9	17	Lp
9	18	Lp
9	19	-1
9	20	L
9	21	Lp
9	22	Lp
9	23	L
9	24	Lp
9	25	Lp
9	26	L
9	27	L
9	28	L
9	29	Lp
9	30	U
9	31	U
9	32	Lp
9	33	Lp
9	34	Lp
9	35	Lp
9	36	Lp
9	37	Lp
9	38	-1
9	39	Lp
9	40	Lp
9	41	Lp
9	42	L
9	43	L
9	44	L
9	45	Lp
9	46	Lp
9	47	Lp
9	48	L
9	49	L
9	50	L
9	51	Lp
9	52	Lp
9	53	-1
9	54	L
9	55	L
9	56	L
9	57	L
9	58	Lp
9	59	Lp
9	60	Lp
9	61	Lp
9	62	Lp
9	63	Lp
9	64	Lp
9	65	Lp
9	66	Lp
9	67	Lp
9	68	Lp
9	69	Lp
9	70	Lp
9	71	Lp
9	72	U
9	73	Lp
9	74	Lp
9	75	L
9	76	Lp
9	77	Lp
9	78	Lp
9	79	Lp
9	80	Lp
9	81	-1
9	82	Lp
9	83	Lp
9	84	U
9	85	Lp
9	86	Lp
9	87	Lp
9	88	Lp
9	89	Lp
9	90	-1
9	91	Lp
9	92	Lp
9	93	-1
9	94	-1
9	95	-1
9	96	Lp
9	97	Lp
9	98	U
9	99	L
9	100	L
9	101	L
9	102	Lp
9	103	L
9	104	Lp
9	105	Lp
9	106	Lp
9	107	Lp
9	108	Lp
9	109	Lp
9	110	Lp
9	111	Lp
9	112	Lp
9	113	U
9	114	L
9	115	-1
9	116	L
9	117	L
9	118	Lp
9	119	Lp
10	0	Lp
10	1	-1
10	2	Lp
10	3	-1
10	4	Lp
10	5	L
10	6	-1
10	7	Lp
10	8	-1
10	9	-1
10	10	L
10	11	-1
10	12	-1
10	13	-1
10	14	-1
10	15	-1
10	16	Lp
10	17	Lp
10	18	-1
10	19	-1
10	20	L
10	21	L
10	22	L
10	23	Lp
10	24	Lp
10	25	L
10	26	L
10	27	U
10	28	U
10	29	U
10	30	Lp
10	31	Lp
10	32	U
10	33	Lp
10	34	Lp
10	35	-1
10	36	Lp
10	37	Lp
10	38	Lp
10	39	Lp
10	40	Lp
10	41	Lp
10	42	Lp
10	43	Lp
10	44	Lp
10	45	L
10	46	L
10	47	L
10	48	L
10	49	L
10	50	L
10	51	Lp
10	52	L
10	53	L
10	54	L
10	55	L
10	56	-1
10	57	-1
10	58	-1
10	59	Lp
10	60	Lp
10	61	Lp
10	62	Lp
10	63	-1
10	64	Lp
10	65	-1
10	66	Lp
10	67	Lp
10	68	-1
10	69	Lp
10	70	Lp
10	71	Lp
10	72	Lp
10	73	-1
10	74	Lp
10	75	-1
10	76	Lp
10	77	Lp
10	78	Lp
10	79	Lp
10	80	Lp
10	81	Lp
10	82	-1
10	83	U
10	84	Lp
10	85	Lp
10	86	-1
10	87	Lp
10	88	Lp
10	89	Lp
10	90	Lp
10	91	Lp
10	92	-1
10	93	-1
10	94	Lp
10	95	-1
10	96	U
10	97	Lp
10	98	U
10	99	L
10	100	L
10	101	-1
10	102	L
10	103	U
10	104	-1
10	105	Lp
10	106	-1
10	107	Lp
10	108	Lp
10	109	Lp
10	110	Lp
10	111	-1
10	112	Lp
10	113	Lp
10	114	-1
10	115	L
10	116	L
10	117	-1
10	118	Lp
10	119	Lp
11	0	-1
11	1	-1
11	2	Lp
11	3	Lp
11	4	-1
11	5	Lp
11	6	Lp
11	7	-1
11	8	Lp
11	9	-1
11	10	-1
11	11	L
11	12	L
11	13	L
11	14	L
11	15	L
11	16	L
11	17	L
11	18	L
11	19	L
11	20	L
11	21	L
11	22	-1
11	23	-1
11	24	-1
11	25	Lp
11	26	L
11	27	L
11	28	-1
11	29	U
11	30	Lp
11	31	-1
11	32	U
11	33	Lp
11	34	Lp
11	35	Lp
11	36	Lp
11	37	U
11	38	Lp
11	39	Lp
11	40	Lp
11	41	-1
11	42	Lp
11	43	L
11	44	L
11	45	L
11	46	L
11	47	L
11	48	-1
11	49	L
11	50	L
11	51	-1
11	52	Lp
11	53	L
11	54	L
11	55	Lp
11	56	Lp
11	57	-1
11	58	Lp
11	59	Lp
11	60	Lp
11	61	Lp
11	62	Lp
11	63	Lp
11	64	Lp
11	65	Lp
11	66	Lp
11	67	Lp
11	68	-1
11	69	Lp
11	70	Lp
11	71	Lp
11	72	Lp
11	73	Lp
11	74	Lp
11	75	Lp
11	76	Lp
11	77	Lp
11	78	Lp
11	79	Lp
11	80	Lp
11	81	Lp
11	82	Lp
11	83	-1
11	84	U
11	85	Lp
11	86	Lp
11	87	Lp
11	88	L
11	89	Lp
11	90	-1
11	91	Lp
11	92	Lp
11	93	Lp
11	94	Lp
11	95	-1
11	96	-1
11	97	Lp
11	98	U
11	99	U
11	100	L
11	101	L
11	102	L
11	103	U
11	104	Lp
11	105	Lp
11	106	Lp
11	107	Lp
11	108	Lp
11	109	Lp
11	110	Lp
11	111	Lp
11	112	Lp
11	113	Lp
11	114	L
11	115	L
11	116	L
11	117	L
11	118	L
11	119	Lp
12	0	-1
12	1	L
12	2	Lp
12	3	Lp
12	4	Lp
12	5	L
12	6	-1
12	7	Lp
12	8	-1
12	9	Lp
12	10	L
12	11	L
12	12	L
12	13	L
12	14	-1
12	15	L
12	16	-1
12	17	L
12	18	L
12	19	L
12	20	L
12	21	-1
12	22	-1
12	23	-1
12	24	-1
12	25	L
12	26	Lp
12	27	-1
12	28	U
12	29	-1
12	30	Lp
12	31	L
12	32	Lp
12	33	Lp
12	34	Lp
12	35	-1
12	36	Lp
12	37	Lp
12	38	L
12	39	Lp
12	40	Lp
12	41	Lp
12	42	Lp
12	43	L
12	44	Lp
12	45	L
12	46	L
12	47	L
12	48	-1
12	49	L
12	50	Lp
12	51	Lp
12	52	Lp
12	53	Lp
12	54	Lp
12	55	Lp
12	56	Lp
12	57	Lp
12	58	Lp
12	59	Lp
12	60	Lp
12	61	Lp
12	62	Lp
12	63	Lp
12	64	Lp
12	65	Lp
12	66	Lp
12	67	Lp
12	68	Lp
12	69	Lp
12	70	Lp
12	71	Lp
12	72	Lp
12	73	Lp
12	74	Lp
12	75	Lp
12	76	Lp
12	77	Lp
12	78	Lp
12	79	Lp
12	80	L
12	81	Lp
12	82	Lp
12	83	-1
12	84	Lp
12	85	-1
12	86	-1
12	87	L
12	88	L
12	89	Lp
12	90	-1
12	91	Lp
12	92	Lp
12	93	-1
12	94	Lp
12	95	Lp
12	96	Lp
12	97	Lp
12	98	Lp
12	99	U
12	100	L
12	101	U
12	102	L
12	103	-1
12	104	U
12	105	Lp
12	106	Lp
12	107	Lp
12	108	Lp
12	109	Lp
12	110	Lp
12	111	Lp
12	112	-1
12	113	Lp
12	114	L
12	115	L
12	116	L
12	117	L
12	118	Lp
12	119	Lp
13	0	Lp
13	1	-1
13	2	L
13	3	L
13	4	L
13	5	L
13	6	Lp
13	7	-1
13	8	Lp
13	9	Lp
13	10	L
13	11	-1
13	12	L
13	13	L
13	14	Lp
13	15	L
13	16	L
13	17	-1
13	18	L
13	19	L
13	20	L
13	21	L
13	22	L
13	23	-1
13	24	Lp
13	25	Lp
13	26	L
13	27	-1
13	28	L
13	29	U
13	30	Lp
13	31	Lp
13	32	Lp
13	33	Lp
13	34	Lp
13	35	-1
13	36	-1
13	37	L
13	38	L
13	39	Lp
13	40	Lp
13	41	Lp
13	42	-1
13	43	-1
13	44	Lp
13	45	Lp
13	46	Lp
13	47	Lp
13	48	Lp
13	49	Lp
13	50	-1
13	51	L
13	52	Lp
13	53	Lp
13	54	Lp
13	55	Lp
13	56	Lp
13	57	Lp
13	58	Lp
13	59	Lp
13	60	Lp
13	61	Lp
13	62	Lp
13	63	Lp
13	64	Lp
13	65	Lp
13	66	Lp
13	67	Lp
13	68	Lp
13	69	Lp
13	70	Lp
13	71	Lp
13	72	Lp
13	73	-1
13	74	Lp
13	75	Lp
13	76	Lp
13	77	Lp
13	78	Lp
13	79	Lp
13	80	Lp
13	81	Lp
13	82	L
13	83	Lp
13	84	-1
13	85	Lp
13	86	Lp
13	87	Lp
13	88	Lp
13	89	Lp
13	90	Lp
13	91	-1
13	92	Lp
13	93	Lp
13	94	Lp
13	95	Lp
13	96	Lp
13	97	Lp
13	98	Lp
13	99	-1
13	100	U
13	101	-1
13	102	Lp
13	103	U
13	104	U
13	105	Lp
13	106	Lp
13	107	Lp
13	108	Lp
13	109	-1
13	110	Lp
13	111	Lp
13	112	Lp
13	113	L
13	114	L
13	115	L
13	116	Lp
13	117	Lp
13	118	Lp
13	119	L
14	0	Lp
14	1	Lp
14	2	L
14	3	L
14	4	L
14	5	Lp
14	6	Lp
14	7	Lp
14	8	Lp
14	9	L
14	10	L
14	11	L
14	12	L
14	13	L
14	14	L
14	15	Lp
14	16	Lp
14	17	L
14	18	L
14	19	-1
14	20	L
14	21	L
14	22	L
14	23	-1
14	24	Lp
14	25	-1
14	26	Lp
14	27	Lp
14	28	Lp
14	29	L
14	30	L
14	31	L
14	32	Lp
14	33	-1
14	34	L
14	35	-1
14	36	L
14	37	Lp
14	38	Lp
14	39	Lp
14	40	Lp
14	41	Lp
14	42	L
14	43	Lp
14	44	-1
14	45	Lp
14	46	Lp
14	47	L
14	48	Lp
14	49	Lp
14	50	-1
14	51	U
14	52	L
14	53	-1
14	54	-1
14	55	-1
14	56	Lp
14	57	Lp
14	58	U
14	59	Lp
14	60	Lp
14	61	Lp
14	62	Lp
14	63	Lp
14	64	Lp
14	65	Lp
14	66	Lp
14	67	Lp
14	68	Lp
14	69	Lp
14	70	-1
14	71	-1
14	72	Lp
14	73	Lp
14	74	-1
14	75	-1
14	76	Lp
14	77	Lp
14	78	-1
14	79	-1
14	80	Lp
14	81	Lp
14	82	-1
14	83	Lp
14	84	L
14	85	-1
14	86	Lp
14	87	Lp
14	88	-1
14	89	-1
14	90	-1
14	91	Lp
14	92	Lp
14	93	-1
14	94	-1
14	95	Lp
14	96	Lp
14	97	Lp
14	98	Lp
14	99	Lp
14	100	U
14	101	U
14	102	U
14	103	U
14	104	U
14	105	Lp
14	106	-1
14	107	Lp
14	108	Lp
14	109	Lp
14	110	-1
14	111	Lp
14	112	-1
14	113	Lp
14	114	-1
14	115	Lp
14	116	-1
14	117	Lp
14	118	Lp
14	119	-1
15	0	Lp
15	1	L
15	2	L
15	3	-1
15	4	-1
15	5	L
15	6	U
15	7	L
15	8	Lp
15	9	Lp
15	10	Lp
15	11	L
15	12	-1
15	13	L
15	14	L
15	15	Lp
15	16	Lp
15	17	L
15	18	L
15	19	L
15	20	L
15	21	L
15	22	L
15	23	L
15	24	Lp
15	25	-1
15	26	Lp
15	27	-1
15	28	Lp
15	29	Lp
15	30	-1
15	31	Lp
15	32	-1
15	33	Lp
15	34	L
15	35	L
15	36	-1
15	37	-1
15	38	Lp
15	39	L
15	40	Lp
15	41	Lp
15	42	Lp
15	43	Lp
15	44	Lp
15	45	Lp
15	46	Lp
15	47	Lp
15	48	Lp
15	49	Lp
15	50	U
15	51	L
15	52	L
15	53	L
15	54	Lp
15	55	Lp
15	56	Lp
15	57	-1
15	58	U
15	59	U
15	60	Lp
15	61	Lp
15	62	Lp
15	63	Lp
15	64	Lp
15	65	Lp
15	66	Lp
15	67	-1
15	68	Lp
15	69	Lp
15	70	Lp
15	71	Lp
15	72	Lp
15	73	Lp
15	74	Lp
15	75	-1
15	76	Lp
15	77	Lp
15	78	-1
15	79	Lp
15	80	Lp
15	81	Lp
15	82	L
15	83	L
15	84	Lp
15	85	Lp
15	86	Lp
15	87	L
15	88	Lp
15	89	Lp
15	90	Lp
15	91	Lp
15	92	-1
15	93	L
15	94	L
15	95	Lp
15	96	Lp
15	97	Lp
15	98	Lp
15	99	Lp
15	100	Lp
15	101	-1
15	102	-1
15	103	Lp
15	104	U
15	105	-1
15	106	Lp
15	107	Lp
15	108	Lp
15	109	Lp
15	110	Lp
15	111	Lp
15	112	Lp
15	113	Lp
15	114	Lp
15	115	Lp
15	116	Lp
15	117	Lp
15	118	Lp
15	119	Lp
16	0	L
16	1	L
16	2	L
16	3	L
16	4	-1
16	5	L
16	6	L
16	7	L
16	8	L
16	9	L
16	10	-1
16	11	L
16	12	L
16	13	Lp
16	14	L
16	15	Lp
16	16	Lp
16	17	L
16	18	U
16	19	L
16	20	L
16	21	L
16	22	L
16	23	L
16	24	L
16	25	L
16	26	Lp
16	27	L
16	28	L
16	29	L
16	30	Lp
16	31	L
16	32	Lp
16	33	Lp
16	34	L
16	35	L
16	36	L
16	37	L
16	38	L
16	39	L
16	40	L
16	41	-1
16	42	Lp
16	43	Lp
16	44	Lp
16	45	Lp
16	46	-1
16	47	Lp
16	48	Lp
16	49	Lp
16	50	L
16	51	L
16	52	L
16	53	L
16	54	Lp
16	55	-1
16	56	Lp
16	57	-1
16	58	U
16	59	Lp
16	60	Lp
16	61	-1
16	62	Lp
16	63	Lp
16	64	Lp
16	65	Lp
16	66	Lp
16	67	Lp
16	68	Lp
16	69	-1
16	70	Lp
16	71	Lp
16	72	-1
16	73	Lp
16	74	Lp
16	75	Lp
16	76	Lp
16	77	Lp
16	78	Lp
16	79	L
16	80	-1
16	81	L
16	82	L
16	83	-1
16	84	-1
16	85	-1
16	86	L
16	87	-1
16	88	-1
16	89	Lp
16	90	Lp
16	91	Lp
16	92	-1
16	93	L
16	94	L
16	95	Lp
16	96	Lp
16	97	Lp
16	98	-1
16	99	Lp
16	100	Lp
16	101	U
16	102	Lp
16	103	Lp
16	104	Lp
16	105	U
16	106	Lp
16	107	-1
16	108	-1
16	109	-1
16	110	Lp
16	111	Lp
16	112	Lp
16	113	-1
16	114	-1
16	115	Lp
16	116	Lp
16	117	Lp
16	118	Lp
16	119	Lp
17	0	Lp
17	1	Lp
17	2	Lp
17	3	L
17	4	L
17	5	-1
17	6	L
17	7	L
17	8	Lp
17	9	L
17	10	L
17	11	-1
17	12	L
17	13	Lp
17	14	-1
17	15	Lp
17	16	Lp
17	17	Lp
17	18	-1
17	19	Lp
17	20	Lp
17	21	L
17	22	L
17	23	L
17	24	Lp
17	25	Lp
17	26	Lp
17	27	Lp
17	28	-1
17	29	L
17	30	-1
17	31	Lp
17	32	Lp
17	33	-1
17	34	L
17	35	L
17	36	Lp
17	37	L
17	38	Lp
17	39	L
17	40	-1
17	41	-1
17	42	Lp
17	43	Lp
17	44	Lp
17	45	Lp
17	46	Lp
17	47	Lp
17	48	Lp
17	49	Lp
17	50	Lp
17	51	L
17	52	L
17	53	L
17	54	L
17	55	Lp
17	56	-1
17	57	Lp
17	58	Lp
17	59	U
17	60	Lp
17	61	-1
17	62	Lp
17	63	Lp
17	64	-1
17	65	Lp
17	66	Lp
17	67	Lp
17	68	Lp
17	69	Lp
17	70	Lp
17	71	-1
17	72	Lp
17	73	Lp
17	74	Lp
17	75	Lp
17	76	Lp
17	77	Lp
17	78	Lp
17	79	L
17	80	-1
17	81	L
17	82	L
17	83	L
17	84	L
17	85	Lp
17	86	-1
17	87	Lp
17	88	Lp
17	89	Lp
17	90	Lp
17	91	Lp
17	92	Lp
17	93	L
17	94	L
17	95	L
17	96	Lp
17	97	Lp
17	98	Lp
17	99	-1
17	100	Lp
17	101	Lp
17	102	Lp
17	103	-1
17	104	Lp
17	105	U
17	106	-1
17	107	-1
17	108	Lp
17	109	Lp
17	110	Lp
17	111	Lp
17	112	Lp
17	113	Lp
17	114	-1
17	115	Lp
17	116	Lp
17	117	Lp
17	118	Lp
17	119	Lp
18	0	Lp
18	1	Lp
18	2	L
18	3	Lp
18	4	L
18	5	L
18	6	L
18	7	L
18	8	Lp
18	9	Lp
18	10	Lp
18	11	Lp
18	12	Lp
18	13	-1
18	14	Lp
18	15	Lp
18	16	Lp
18	17	Lp
18	18	Lp
18	19	L
18	20	Lp
18	21	-1
18	22	L
18	23	-1
18	24	Lp
18	25	Lp
18	26	Lp
18	27	-1
18	28	L
18	29	L
18	30	-1
18	31	Lp
18	32	-1
18	33	L
18	34	-1
18	35	L
18	36	L
18	37	L
18	38	L
18	39	Lp
18	40	Lp
18	41	Lp
18	42	Lp
18	43	Lp
18	44	Lp
18	45	Lp
18	46	Lp
18	47	Lp
18	48	Lp
18	49	Lp
18	50	Lp
18	51	Lp
18	52	L
18	53	-1
18	54	-1
18	55	Lp
18	56	Lp
18	57	L
18	58	Lp
18	59	Lp
18	60	-1
18	61	U
18	62	-1
18	63	Lp
18	64	-1
18	65	-1
18	66	Lp
18	67	L
18	68	-1
18	69	-1
18	70	Lp
18	71	L
18	72	Lp
18	73	Lp
18	74	Lp
18	75	-1
18	76	Lp
18	77	Lp
18	78	Lp
18	79	L
18	80	L
18	81	Lp
18	82	Lp
18	83	Lp
18	84	L
18	85	L
18	86	L
18	87	-1
18	88	Lp
18	89	Lp
18	90	Lp
18	91	L
18	92	L
18	93	-1
18	94	L
18	95	L
18	96	L
18	97	Lp
18	98	Lp
18	99	-1
18	100	Lp
18	101	Lp
18	102	Lp
18	103	Lp
18	104	Lp
18	105	Lp
18	106	Lp
18	107	-1
18	108	-1
18	109	Lp
18	110	Lp
18	111	Lp
18	112	-1
18	113	-1
18	114	-1
18	115	Lp
18	116	Lp
18	117	Lp
18	118	Lp
18	119	Lp
19	0	Lp
19	1	Lp
19	2	Lp
19	3	L
19	4	L
19	5	-1
19	6	L
19	7	L
19	8	L
19	9	Lp
19	10	Lp
19	11	Lp
19	12	Lp
19	13	Lp
19	14	Lp
19	15	Lp
19	16	Lp
19	17	L
19	18	Lp
19	19	Lp
19	20	Lp
19	21	L
19	22	L
19	23	L
19	24	L
19	25	Lp
19	26	Lp
19	27	Lp
19	28	Lp
19	29	-1
19	30	-1
19	31	Lp
19	32	Lp
19	33	-1
19	34	L
19	35	-1
19	36	L
19	37	L
19	38	Lp
19	39	-1
19	40	Lp
19	41	L
19	42	-1
19	43	L
19	44	-1
19	45	Lp
19	46	Lp
19	47	Lp
19	48	Lp
19	49	Lp
19	50	-1
19	51	-1
19	52	L
19	53	L
19	54	Lp
19	55	-1
19	56	Lp
19	57	Lp
19	58	Lp
19	59	Lp
19	60	L
19	61	Lp
19	62	L
19	63	Lp
19	64	Lp
19	65	-1
19	66	-1
19	67	L
19	68	Lp
19	69	Lp
19	70	L
19	71	L
19	72	Lp
19	73	-1
19	74	Lp
19	75	Lp
19	76	-1
19	77	Lp
19	78	Lp
19	79	-1
19	80	L
19	81	L
19	82	Lp
19	83	L
19	84	L
19	85	L
19	86	Lp
19	87	L
19	88	-1
19	89	-1
19	90	Lp
19	91	Lp
19	92	Lp
19	93	L
19	94	L
19	95	-1
19	96	L
19	97	L
19	98	Lp
19	99	Lp
19	100	Lp
19	101	Lp
19	102	Lp
19	103	Lp
19	104	Lp
19	105	Lp
19	106	Lp
19	107	Lp
19	108	Lp
19	109	Lp
19	110	Lp
19	111	Lp
19	112	-1
19	113	Lp
19	114	-1
19	115	Lp
19	116	Lp
19	117	Lp
19	118	Lp
19	119	Lp
20	0	Lp
20	1	-1
20	2	Lp
20	3	Lp
20	4	Lp
20	5	L
20	6	-1
20	7	L
20	8	U
20	9	-1
20	10	Lp
20	11	L
20	12	-1
20	13	Lp
20	14	Lp
20	15	Lp
20	16	Lp
20	17	-1
20	18	L
20	19	Lp
20	20	L
20	21	L
20	22	L
20	23	L
20	24	-1
20	25	-1
20	26	L
20	27	L
20	28	Lp
20	29	Lp
20	30	Lp
20	31	Lp
20	32	-1
20	33	Lp
20	34	Lp
20	35	L
20	36	-1
20	37	-1
20	38	L
20	39	Lp
20	40	Lp
20	41	Lp
20	42	L
20	43	-1
20	44	L
20	45	Lp
20	46	-1
20	47	-1
20	48	Lp
20	49	Lp
20	50	-1
20	51	Lp
20	52	Lp
20	53	Lp
20	54	Lp
20	55	-1
20	56	Lp
20	57	L
20	58	-1
20	59	L
20	60	Lp
20	61	L
20	62	Lp
20	63	Lp
20	64	-1
20	65	-1
20	66	-1
20	67	-1
20	68	Lp
20	69	Lp
20	70	-1
20	71	Lp
20	72	Lp
20	73	-1
20	74	-1
20	75	Lp
20	76	Lp
20	77	Lp
20	78	Lp
20	79	L
20	80	L
20	81	Lp
20	82	-1
20	83	U
20	84	L
20	85	U
20	86	L
20	87	L
20	88	-1
20	89	-1
20	90	Lp
20	91	Lp
20	92	Lp
20	93	Lp
20	94	Lp
20	95	-1
20	96	Lp
20	97	Lp
20	98	Lp
20	99	Lp
20	100	-1
20	101	Lp
20	102	Lp
20	103	-1
20	104	Lp
20	105	Lp
20	106	Lp
20	107	Lp
20	108	-1
20	109	Lp
20	110	Lp
20	111	Lp
20	112	Lp
20	113	Lp
20	114	Lp
20	115	-1
20	116	Lp
20	117	Lp
20	118	Lp
20	119	Lp
21	0	Lp
21	1	-1
21	2	-1
21	3	Lp
21	4	Lp
21	5	-1
21	6	-1
21	7	L
21	8	U
21	9	L
21	10	Lp
21	11	L
21	12	L
21	13	Lp
21	14	Lp
21	15	Lp
21	16	Lp
21	17	Lp
21	18	Lp
21	19	Lp
21	20	Lp
21	21	L
21	22	L
21	23	-1
21	24	L
21	25	L
21	26	L
21	27	L
21	28	L
21	29	Lp
21	30	Lp
21	31	Lp
21	32	Lp
21	33	Lp
21	34	L
21	35	L
21	36	L
21	37	L
21	38	Lp
21	39	Lp
21	40	Lp
21	41	Lp
21	42	L
21	43	L
21	44	Lp
21	45	Lp
21	46	U
21	47	Lp
21	48	-1
21	49	Lp
21	50	-1
21	51	Lp
21	52	U
21	53	-1
21	54	Lp
21	55	Lp
21	56	Lp
21	57	Lp
21	58	Lp
21	59	-1
21	60	Lp
21	61	-1
21	62	L
21	63	Lp
21	64	Lp
21	65	Lp
21	66	-1
21	67	Lp
21	68	L
21	69	-1
21	70	Lp
21	71	-1
21	72	Lp
21	73	Lp
21	74	Lp
21	75	-1
21	76	Lp
21	77	-1
21	78	Lp
21	79	Lp
21	80	L
21	81	U
21	82	U
21	83	U
21	84	-1
21	85	Lp
21	86	Lp
21	87	-1
21	88	Lp
21	89	Lp
21	90	Lp
21	91	Lp
21	92	-1
21	93	Lp
21	94	L
21	95	Lp
21	96	Lp
21	97	Lp
21	98	L
21	99	-1
21	100	Lp
21	101	Lp
21	102	-1
21	103	Lp
21	104	Lp
21	105	Lp
21	106	Lp
21	107	-1
21	108	Lp
21	109	Lp
21	110	Lp
21	111	-1
21	112	Lp
21	113	Lp
21	114	Lp
21	115	Lp
21	116	Lp
21	117	Lp
21	118	Lp
21	119	-1
22	0	-1
22	1	Lp
22	2	Lp
22	3	Lp
22	4	Lp
22	5	Lp
22	6	Lp
22	7	L
22	8	-1
22	9	-1
22	10	Lp
22	11	Lp
22	12	L
22	13	L
22	14	U
22	15	L
22	16	L
22	17	-1
22	18	Lp
22	19	Lp
22	20	Lp
22	21	L
22	22	L
22	23	L
22	24	L
22	25	Lp
22	26	Lp
22	27	L
22	28	Lp
22	29	-1
22	30	Lp
22	31	-1
22	32	Lp
22	33	Lp
22	34	L
22	35	L
22	36	L
22	37	L
22	38	Lp
22	39	Lp
22	40	Lp
22	41	Lp
22	42	-1
22	43	L
22	44	Lp
22	45	-1
22	46	Lp
22	47	Lp
22	48	Lp
22	49	Lp
22	50	Lp
22	51	-1
22	52	-1
22	53	Lp
22	54	Lp
22	55	U
22	56	U
22	57	U
22	58	Lp
22	59	Lp
22	60	Lp
22	61	-1
22	62	Lp
22	63	Lp
22	64	Lp
22	65	-1
22	66	-1
22	67	Lp
22	68	Lp
22	69	-1
22	70	Lp
22	71	Lp
22	72	Lp
22	73	-1
22	74	-1
22	75	Lp
22	76	Lp
22	77	Lp
22	78	Lp
22	79	L
22	80	L
22	81	L
22	82	U
22	83	L
22	84	U
22	85	-1
22	86	Lp
22	87	L
22	88	L
22	89	-1
22	90	L
22	91	Lp
22	92	-1
22	93	Lp
22	94	Lp
22	95	-1
22	96	Lp
22	97	Lp
22	98	Lp
22	99	Lp
22	100	Lp
22	101	Lp
22	102	Lp
22	103	Lp
22	104	Lp
22	105	Lp
22	106	Lp
22	107	-1
22	108	Lp
22	109	Lp
22	110	Lp
22	111	Lp
22	112	Lp
22	113	Lp
22	114	Lp
22	115	-1
22	116	-1
22	117	Lp
22	118	Lp
22	119	Lp
23	0	Lp
23	1	Lp
23	2	Lp
23	3	Lp
23	4	U
23	5	Lp
23	6	L
23	7	L
23	8	Lp
23	9	L
23	10	-1
23	11	-1
23	12	Lp
23	13	L
23	14	U
23	15	L
23	16	L
23	17	-1
23	18	L
23	19	-1
23	20	Lp
23	21	Lp
23	22	L
23	23	L
23	24	L
23	25	L
23	26	L
23	27	L
23	28	Lp
23	29	Lp
23	30	Lp
23	31	L
23	32	L
23	33	L
23	34	L
23	35	-1
23	36	L
23	37	Lp
23	38	-1
23	39	Lp
23	40	-1
23	41	Lp
23	42	Lp
23	43	-1
23	44	L
23	45	Lp
23	46	Lp
23	47	-1
23	48	Lp
23	49	Lp
23	50	Lp
23	51	Lp
23	52	-1
23	53	Lp
23	54	Lp
23	55	U
23	56	Lp
23	57	U
23	58	U
23	59	-1
23	60	Lp
23	61	L
23	62	Lp
23	63	-1
23	64	Lp
23	65	-1
23	66	-1
23	67	Lp
23	68	Lp
23	69	-1
23	70	Lp
23	71	-1
23	72	-1
23	73	-1
23	74	Lp
23	75	Lp
23	76	-1
23	77	Lp
23	78	L
23	79	Lp
23	80	Lp
23	81	L
23	82	L
23	83	L
23	84	L
23	85	L
23	86	L
23	87	L
23	88	L
23	89	L
23	90	Lp
23	91	Lp
23	92	Lp
23	93	Lp
23	94	Lp
23	95	Lp
23	96	Lp
23	97	Lp
23	98	Lp
23	99	Lp
23	100	Lp
23	101	Lp
23	102	Lp
23	103	Lp
23	104	Lp
23	105	Lp
23	106	Lp
23	107	U
23	108	Lp
23	109	Lp
23	110	Lp
23	111	Lp
23	112	-1
23	113	-1
23	114	Lp
23	115	Lp
23	116	Lp
23	117	Lp
23	118	Lp
23	119	Lp
24	0	Lp
24	1	L
24	2	Lp
24	3	L
24	4	Lp
24	5	-1
24	6	L
24	7	-1
24	8	Lp
24	9	Lp
24	10	L
24	11	-1
24	12	-1
24	13	L
24	14	-1
24	15	Lp
24	16	Lp
24	17	L
24	18	L
24	19	Lp
24	20	Lp
24	21	L
24	22	L
24	23	L
24	24	-1
24	25	Lp
24	26	L
24	27	L
24	28	L
24	29	L
24	30	Lp
24	31	L
24	32	Lp
24	33	L
24	34	-1
24	35	L
24	36	-1
24	37	Lp
24	38	Lp
24	39	Lp
24	40	-1
24	41	Lp
24	42	L
24	43	L
24	44	-1
24	45	Lp
24	46	Lp
24	47	Lp
24	48	Lp
24	49	Lp
24	50	Lp
24	51	Lp
24	52	Lp
24	53	-1
24	54	Lp
24	55	Lp
24	56	-1
24	57	Lp
24	58	Lp
24	59	Lp
24	60	-1
24	61	Lp
24	62	-1
24	63	L
24	64	-1
24	65	L
24	66	U
24	67	-1
24	68	Lp
24	69	Lp
24	70	-1
24	71	Lp
24	72	Lp
24	73	Lp
24	74	Lp
24	75	Lp
24	76	-1
24	77	-1
24	78	Lp
24	79	L
24	80	L
24	81	L
24	82	Lp
24	83	L
24	84	L
24	85	L
24	86	L
24	87	L
24	88	L
24	89	L
24	90	Lp
24	91	Lp
24	92	-1
24	93	Lp
24	94	-1
24	95	Lp
24	96	-1
24	97	-1
24	98	Lp
24	99	-1
24	100	Lp
24	101	-1
24	102	Lp
24	103	Lp
24	104	Lp
24	105	Lp
24	106	Lp
24	107	-1
24	108	U
24	109	-1
24	110	Lp
24	111	Lp
24	112	-1
24	113	Lp
24	114	Lp
24	115	Lp
24	116	-1
24	117	Lp
24	118	Lp
24	119	Lp
25	0	Lp
25	1	L
25	2	-1
25	3	-1
25	4	Lp
25	5	L
25	6	L
25	7	L
25	8	Lp
25	9	Lp
25	10	Lp
25	11	-1
25	12	L
25	13	L
25	14	Lp
25	15	Lp
25	16	-1
25	17	Lp
25	18	L
25	19	L
25	20	L
25	21	L
25	22	L
25	23	L
25	24	Lp
25	25	Lp
25	26	Lp
25	27	Lp
25	28	L
25	29	-1
25	30	L
25	31	Lp
25	32	Lp
25	33	L
25	34	U
25	35	Lp
25	36	-1
25	37	Lp
25	38	-1
25	39	Lp
25	40	Lp
25	41	Lp
25	42	Lp
25	43	Lp
25	44	Lp
25	45	Lp
25	46	Lp
25	47	Lp
25	48	Lp
25	49	Lp
25	50	Lp
25	51	Lp
25	52	L
25	53	L
25	54	Lp
25	55	-1
25	56	U
25	57	Lp
25	58	Lp
25	59	Lp
25	60	Lp
25	61	Lp
25	62	-1
25	63	Lp
25	64	L
25	65	-1
25	66	Lp
25	67	-1
25	68	Lp
25	69	Lp
25	70	-1
25	71	Lp
25	72	Lp
25	73	Lp
25	74	Lp
25	75	Lp
25	76	Lp
25	77	Lp
25	78	Lp
25	79	L
25	80	L
25	81	Lp
25	82	Lp
25	83	L
25	84	L
25	85	L
25	86	-1
25	87	-1
25	88	L
25	89	Lp
25	90	L
25	91	L
25	92	Lp
25	93	Lp
25	94	Lp
25	95	Lp
25	96	-1
25	97	Lp
25	98	Lp
25	99	Lp
25	100	-1
25	101	-1
25	102	Lp
25	103	Lp
25	104	Lp
25	105	Lp
25	106	U
25	107	-1
25	108	U
25	109	Lp
25	110	Lp
25	111	Lp
25	112	Lp
25	113	-1
25	114	Lp
25	115	L
25	116	-1
25	117	-1
25	118	Lp
25	119	-1
26	0	Lp
26	1	L
26	2	L
26	3	L
26	4	L
26	5	Lp
26	6	Lp
26	7	Lp
26	8	Lp
26	9	Lp
26	10	Lp
26	11	L
26	12	-1
26	13	-1
26	14	L
26	15	-1
26	16	Lp
26	17	-1
26	18	Lp
26	19	L
26	20	L
26	21	L
26	22	L
26	23	L
26	24	Lp
26	25	Lp
26	26	Lp
26	27	-1
26	28	Lp
26	29	L
26	30	L
26	31	Lp
26	32	L
26	33	L
26	34	-1
26	35	-1
26	36	Lp
26	37	-1
26	38	Lp
26	39	Lp
26	40	L
26	41	Lp
26	42	Lp
26	43	Lp
26	44	Lp
26	45	Lp
26	46	Lp
26	47	Lp
26	48	Lp
26	49	Lp
26	50	Lp
26	51	Lp
26	52	Lp
26	53	-1
26	54	L
26	55	L
26	56	Lp
26	57	-1
26	58	L
26	59	L
26	60	Lp
26	61	Lp
26	62	-1
26	63	L
26	64	-1
26	65	-1
26	66	Lp
26	67	Lp
26	68	Lp
26	69	Lp
26	70	Lp
26	71	Lp
26	72	Lp
26	73	-1
26	74	Lp
26	75	Lp
26	76	Lp
26	77	L
26	78	L
26	79	L
26	80	L
26	81	Lp
26	82	Lp
26	83	-1
26	84	L
26	85	L
26	86	L
26	87	-1
26	88	-1
26	89	L
26	90	-1
26	91	Lp
26	92	-1
26	93	Lp
26	94	Lp
26	95	Lp
26	96	Lp
26	97	Lp
26	98	Lp
26	99	Lp
26	100	Lp
26	101	Lp
26	102	Lp
26	103	Lp
26	104	Lp
26	105	Lp
26	106	U
26	107	U
26	108	Lp
26	109	U
26	110	-1
26	111	Lp
26	112	L
26	113	-1
26	114	-1
26	115	Lp
26	116	L
26	117	Lp
26	118	Lp
26	119	Lp
27	0	L
27	1	Lp
27	2	Lp
27	3	Lp
27	4	L
27	5	Lp
27	6	Lp
27	7	Lp
27	8	Lp
27	9	Lp
27	10	Lp
27	11	Lp
27	12	Lp
27	13	Lp
27	14	L
27	15	L
27	16	Lp
27	17	Lp
27	18	U
27	19	L
27	20	L
27	21	L
27	22	Lp
27	23	L
27	24	L
27	25	Lp
27	26	-1
27	27	-1
27	28	Lp
27	29	Lp
27	30	L
27	31	L
27	32	L
27	33	Lp
27	34	L
27	35	-1
27	36	Lp
27	37	-1
27	38	Lp
27	39	U
27	40	L
27	41	L
27	42	Lp
27	43	Lp
27	44	Lp
27	45	-1
27	46	Lp
27	47	Lp
27	48	Lp
27	49	-1
27	50	Lp
27	51	Lp
27	52	L
27	53	Lp
27	54	L
27	55	L
27	56	L
27	57	L
27	58	L
27	59	-1
27	60	-1
27	61	Lp
27	62	Lp
27	63	Lp
27	64	Lp
27	65	Lp
27	66	Lp
27	67	Lp
27	68	Lp
27	69	Lp
27	70	Lp
27	71	Lp
27	72	Lp
27	73	U
27	74	Lp
27	75	Lp
27	76	Lp
27	77	L
27	78	L
27	79	L
27	80	L
27	81	L
27	82	Lp
27	83	Lp
27	84	Lp
27	85	Lp
27	86	L
27	87	L
27	88	-1
27	89	Lp
27	90	Lp
27	91	L
27	92	L
27	93	Lp
27	94	Lp
27	95	Lp
27	96	L
27	97	L
27	98	Lp
27	99	Lp
27	100	Lp
27	101	L
27	102	Lp
27	103	-1
27	104	-1
27	105	U
27	106	U
27	107	L
27	108	L
27	109	Lp
27	110	-1
27	111	L
27	112	-1
27	113	-1
27	114	L
27	115	L
27	116	-1
27	117	Lp
27	118	Lp
27	119	Lp
28	0	L
28	1	L
28	2	Lp
28	3	Lp
28	4	L
28	5	Lp
28	6	Lp
28	7	Lp
28	8	-1
28	9	Lp
28	10	Lp
28	11	Lp
28	12	L
28	13	Lp
28	14	Lp
28	15	Lp
28	16	Lp
28	17	Lp
28	18	U
28	19	L
28	20	Lp
28	21	Lp
28	22	Lp
28	23	L
28	24	-1
28	25	L
28	26	L
28	27	-1
28	28	Lp
28	29	-1
28	30	Lp
28	31	L
28	32	L
28	33	L
28	34	L
28	35	Lp
28	36	Lp
28	37	Lp
28	38	L
28	39	L
28	40	U
28	41	Lp
28	42	Lp
28	43	Lp
28	44	Lp
28	45	Lp
28	46	-1
28	47	Lp
28	48	Lp
28	49	Lp
28	50	-1
28	51	L
28	52	-1
28	53	L
28	54	Lp
28	55	L
28	56	Lp
28	57	L
28	58	Lp
28	59	-1
28	60	Lp
28	61	Lp
28	62	Lp
28	63	Lp
28	64	Lp
28	65	Lp
28	66	Lp
28	67	-1
28	68	Lp
28	69	Lp
28	70	Lp
28	71	U
28	72	-1
28	73	-1
28	74	-1
28	75	L
28	76	L
28	77	-1
28	78	-1
28	79	L
28	80	L
28	81	Lp
28	82	Lp
28	83	Lp
28	84	Lp
28	85	Lp
28	86	L
28	87	Lp
28	88	L
28	89	L
28	90	-1
28	91	Lp
28	92	L
28	93	L
28	94	Lp
28	95	-1
28	96	Lp
28	97	Lp
28	98	Lp
28	99	-1
28	100	L
28	101	Lp
28	102	Lp
28	103	Lp
28	104	Lp
28	105	U
28	106	Lp
28	107	Lp
28	108	Lp
28	109	Lp
28	110	L
28	111	-1
28	112	L
28	113	L
28	114	Lp
28	115	L
28	116	Lp
28	117	Lp
28	118	Lp
28	119	Lp
29	0	-1
29	1	-1
29	2	L
29	3	L
29	4	L
29	5	L
29	6	L
29	7	Lp
29	8	Lp
29	9	-1
29	10	-1
29	11	-1
29	12	Lp
29	13	Lp
29	14	Lp
29	15	Lp
29	16	Lp
29	17	U
29	18	-1
29	19	U
29	20	L
29	21	Lp
29	22	U
29	23	L
29	24	L
29	25	Lp
29	26	Lp
29	27	Lp
29	28	-1
29	29	-1
29	30	Lp
29	31	L
29	32	Lp
29	33	L
29	34	-1
29	35	L
29	36	Lp
29	37	-1
29	38	L
29	39	L
29	40	L
29	41	L
29	42	Lp
29	43	Lp
29	44	Lp
29	45	Lp
29	46	Lp
29	47	-1
29	48	-1
29	49	Lp
29	50	Lp
29	51	Lp
29	52	-1
29	53	L
29	54	L
29	55	-1
29	56	L
29	57	L
29	58	L
29	59	Lp
29	60	Lp
29	61	Lp
29	62	Lp
29	63	Lp
29	64	Lp
29	65	Lp
29	66	U
29	67	-1
29	68	Lp
29	69	Lp
29	70	U
29	71	Lp
29	72	-1
29	73	-1
29	74	Lp
29	75	Lp
29	76	-1
29	77	L
29	78	Lp
29	79	L
29	80	L
29	81	L
29	82	Lp
29	83	Lp
29	84	Lp
29	85	-1
29	86	Lp
29	87	Lp
29	88	Lp
29	89	L
29	90	L
29	91	L
29	92	L
29	93	Lp
29	94	Lp
29	95	Lp
29	96	Lp
29	97	-1
29	98	L
29	99	L
29	100	L
29	101	-1
29	102	-1
29	103	Lp
29	104	Lp
29	105	Lp
29	106	Lp
29	107	Lp
29	108	Lp
29	109	-1
29	110	L
29	111	L
29	112	Lp
29	113	-1
29	114	Lp
29	115	-1
29	116	L
29	117	-1
29	118	Lp
29	119	Lp
30	0	Lp
30	1	L
30	2	L
30	3	-1
30	4	Lp
30	5	Lp
30	6	Lp
30	7	Lp
30	8	-1
30	9	-1
30	10	-1
30	11	Lp
30	12	Lp
30	13	Lp
30	14	Lp
30	15	Lp
30	16	Lp
30	17	Lp
30	18	Lp
30	19	U
30	20	U
30	21	Lp
30	22	U
30	23	L
30	24	L
30	25	L
30	26	Lp
30	27	Lp
30	28	Lp
30	29	-1
30	30	-1
30	31	-1
30	32	-1
30	33	Lp
30	34	Lp
30	35	-1
30	36	-1
30	37	L
30	38	L
30	39	L
30	40	L
30	41	-1
30	42	Lp
30	43	Lp
30	44	U
30	45	-1
30	46	Lp
30	47	Lp
30	48	Lp
30	49	Lp
30	50	Lp
30	51	L
30	52	L
30	53	L
30	54	L
30	55	L
30	56	L
30	57	L
30	58	L
30	59	L
30	60	Lp
30	61	Lp
30	62	Lp
30	63	Lp
30	64	U
30	65	U
30	66	U
30	67	-1
30	68	Lp
30	69	Lp
30	70	Lp
30	71	-1
30	72	-1
30	73	Lp
30	74	Lp
30	75	L
30	76	-1
30	77	L
30	78	Lp
30	79	Lp
30	80	U
30	81	-1
30	82	Lp
30	83	-1
30	84	-1
30	85	L
30	86	L
30	87	-1
30	88	Lp
30	89	L
30	90	L
30	91	L
30	92	Lp
30	93	Lp
30	94	Lp
30	95	Lp
30	96	L
30	97	L
30	98	-1
30	99	L
30	100	L
30	101	L
30	102	Lp
30	103	Lp
30	104	Lp
30	105	Lp
30	106	Lp
30	107	Lp
30	108	Lp
30	109	Lp
30	110	L
30	111	L
30	112	Lp
30	113	Lp
30	114	-1
30	115	Lp
30	116	-1
30	117	Lp
30	118	Lp
30	119	-1
31	0	Lp
31	1	Lp
31	2	Lp
31	3	-1
31	4	Lp
31	5	Lp
31	6	Lp
31	7	Lp
31	8	L
31	9	-1
31	10	L
31	11	L
31	12	-1
31	13	Lp
31	14	-1
31	15	Lp
31	16	Lp
31	17	Lp
31	18	U
31	19	U
31	20	Lp
31	21	Lp
31	22	U
31	23	U
31	24	L
31	25	L
31	26	Lp
31	27	-1
31	28	U
31	29	Lp
31	30	L
31	31	Lp
31	32	-1
31	33	-1
31	34	Lp
31	35	Lp
31	36	-1
31	37	Lp
31	38	L
31	39	L
31	40	Lp
31	41	L
31	42	L
31	43	-1
31	44	Lp
31	45	U
31	46	-1
31	47	Lp
31	48	-1
31	49	Lp
31	50	-1
31	51	U
31	52	L
31	53	U
31	54	L
31	55	L
31	56	L
31	57	L
31	58	L
31	59	L
31	60	L
31	61	Lp
31	62	Lp
31	63	Lp
31	64	Lp
31	65	U
31	66	U
31	67	Lp
31	68	-1
31	69	Lp
31	70	Lp
31	71	-1
31	72	Lp
31	73	Lp
31	74	-1
31	75	L
31	76	L
31	77	Lp
31	78	Lp
31	79	U
31	80	Lp
31	81	Lp
31	82	-1
31	83	Lp
31	84	-1
31	85	Lp
31	86	Lp
31	87	-1
31	88	L
31	89	Lp
31	90	L
31	91	L
31	92	L
31	93	-1
31	94	Lp
31	95	Lp
31	96	Lp
31	97	L
31	98	L
31	99	L
31	100	L
31	101	U
31	102	U
31	103	Lp
31	104	-1
31	105	Lp
31	106	Lp
31	107	Lp
31	108	Lp
31	109	-1
31	110	Lp
31	111	Lp
31	112	Lp
31	113	Lp
31	114	Lp
31	115	-1
31	116	Lp
31	117	-1
31	118	-1
31	119	Lp
32	0	Lp
32	1	Lp
32	2	Lp
32	3	L
32	4	-1
32	5	-1
32	6	Lp
32	7	-1
32	8	Lp
32	9	L
32	10	L
32	11	L
32	12	Lp
32	13	Lp
32	14	-1
32	15	Lp
32	16	Lp
32	17	U
32	18	Lp
32	19	-1
32	20	Lp
32	21	Lp
32	22	Lp
32	23	-1
32	24	L
32	25	Lp
32	26	Lp
32	27	Lp
32	28	Lp
32	29	Lp
32	30	-1
32	31	Lp
32	32	Lp
32	33	Lp
32	34	Lp
32	35	L
32	36	Lp
32	37	Lp
32	38	L
32	39	L
32	40	L
32	41	Lp
32	42	L
32	43	L
32	44	Lp
32	45	U
32	46	Lp
32	47	Lp
32	48	L
32	49	L
32	50	L
32	51	L
32	52	L
32	53	L
32	54	-1
32	55	L
32	56	L
32	57	-1
32	58	L
32	59	L
32	60	L
32	61	L
32	62	Lp
32	63	Lp
32	64	U
32	65	U
32	66	Lp
32	67	Lp
32	68	-1
32	69	Lp
32	70	Lp
32	71	Lp
32	72	Lp
32	73	Lp
32	74	Lp
32	75	Lp
32	76	Lp
32	77	Lp
32	78	Lp
32	79	Lp
32	80	Lp
32	81	Lp
32	82	Lp
32	83	Lp
32	84	-1
32	85	L
32	86	-1
32	87	L
32	88	L
32	89	Lp
32	90	L
32	91	L
32	92	L
32	93	L
32	94	Lp
32	95	L
32	96	L
32	97	L
32	98	L
32	99	L
32	100	U
32	101	-1
32	102	Lp
32	103	Lp
32	104	Lp
32	105	Lp
32	106	Lp
32	107	Lp
32	108	Lp
32	109	Lp
32	110	Lp
32	111	Lp
32	112	L
32	113	Lp
32	114	L
32	115	Lp
32	116	Lp
32	117	Lp
32	118	Lp
32	119	Lp
33	0	Lp
33	1	-1
33	2	Lp
33	3	Lp
33	4	Lp
33	5	-1
33	6	-1
33	7	Lp
33	8	L
33	9	L
33	10	-1
33	11	Lp
33	12	Lp
33	13	L
33	14	Lp
33	15	Lp
33	16	-1
33	17	Lp
33	18	-1
33	19	Lp
33	20	Lp
33	21	Lp
33	22	Lp
33	23	Lp
33	24	Lp
33	25	Lp
33	26	Lp
33	27	Lp
33	28	-1
33	29	Lp
33	30	L
33	31	L
33	32	Lp
33	33	L
33	34	L
33	35	Lp
33	36	Lp
33	37	Lp
33	38	Lp
33	39	Lp
33	40	-1
33	41	-1
33	42	-1
33	43	L
33	44	L
33	45	L
33	46	Lp
33	47	Lp
33	48	Lp
33	49	L
33	50	L
33	51	L
33	52	L
33	53	L
33	54	L
33	55	L
33	56	U
33	57	L
33	58	L
33	59	L
33	60	L
33	61	-1
33	62	Lp
33	63	L
33	64	Lp
33	65	Lp
33	66	-1
33	67	-1
33	68	Lp
33	69	Lp
33	70	Lp
33	71	Lp
33	72	Lp
33	73	Lp
33	74	Lp
33	75	Lp
33	76	L
33	77	Lp
33	78	Lp
33	79	Lp
33	80	-1
33	81	Lp
33	82	-1
33	83	Lp
33	84	L
33	85	Lp
33	86	-1
33	87	L
33	88	-1
33	89	-1
33	90	-1
33	91	L
33	92	L
33	93	L
33	94	L
33	95	L
33	96	Lp
33	97	L
33	98	L
33	99	L
33	100	L
33	101	L
33	102	Lp
33	103	U
33	104	Lp
33	105	Lp
33	106	Lp
33	107	L
33	108	-1
33	109	-1
33	110	U
33	111	-1
33	112	-1
33	113	L
33	114	L
33	115	L
33	116	L
33	117	-1
33	118	Lp
33	119	Lp
34	0	Lp
34	1	Lp
34	2	Lp
34	3	-1
34	4	-1
34	5	U
34	6	Lp
34	7	Lp
34	8	L
34	9	L
34	10	Lp
34	11	L
34	12	L
34	13	L
34	14	Lp
34	15	Lp
34	16	Lp
34	17	-1
34	18	Lp
34	19	Lp
34	20	Lp
34	21	Lp
34	22	-1
34	23	Lp
34	24	Lp
34	25	Lp
34	26	Lp
34	27	Lp
34	28	Lp
34	29	-1
34	30	Lp
34	31	Lp
34	32	Lp
34	33	Lp
34	34	Lp
34	35	Lp
34	36	Lp
34	37	-1
34	38	Lp
34	39	-1
34	40	-1
34	41	L
34	42	L
34	43	-1
34	44	-1
34	45	-1
34	46	L
34	47	L
34	48	-1
34	49	-1
34	50	-1
34	51	L
34	52	L
34	53	-1
34	54	L
34	55	L
34	56	-1
34	57	-1
34	58	Lp
34	59	L
34	60	-1
34	61	L
34	62	Lp
34	63	L
34	64	L
34	65	L
34	66	Lp
34	67	-1
34	68	Lp
34	69	Lp
34	70	Lp
34	71	Lp
34	72	-1
34	73	Lp
34	74	Lp
34	75	Lp
34	76	Lp
34	77	Lp
34	78	Lp
34	79	L
34	80	Lp
34	81	Lp
34	82	-1
34	83	-1
34	84	L
34	85	-1
34	86	-1
34	87	-1
34	88	L
34	89	L
34	90	L
34	91	L
34	92	L
34	93	U
34	94	L
34	95	-1
34	96	Lp
34	97	Lp
34	98	-1
34	99	-1
34	100	L
34	101	U
34	102	U
34	103	U
34	104	Lp
34	105	Lp
34	106	Lp
34	107	Lp
34	108	Lp
34	109	Lp
34	110	Lp
34	111	-1
34	112	-1
34	113	Lp
34	114	Lp
34	115	Lp
34	116	Lp
34	117	Lp
34	118	U
34	119	Lp
35	0	Lp
35	1	-1
35	2	Lp
35	3	Lp
35	4	Lp
35	5	Lp
35	6	Lp
35	7	-1
35	8	-1
35	9	L
35	10	Lp
35	11	Lp
35	12	L
35	13	-1
35	14	-1
35	15	Lp
35	16	Lp
35	17	L
35	18	Lp
35	19	-1
35	20	Lp
35	21	-1
35	22	Lp
35	23	Lp
35	24	Lp
35	25	Lp
35	26	Lp
35	27	-1
35	28	Lp
35	29	-1
35	30	-1
35	31	-1
35	32	Lp
35	33	L
35	34	-1
35	35	L
35	36	L
35	37	L
35	38	L
35	39	Lp
35	40	L
35	41	L
35	42	L
35	43	L
35	44	L
35	45	L
35	46	L
35	47	L
35	48	L
35	49	L
35	50	-1
35	51	L
35	52	-1
35	53	-1
35	54	L
35	55	L
35	56	-1
35	57	-1
35	58	Lp
35	59	-1
35	60	Lp
35	61	Lp
35	62	L
35	63	-1
35	64	L
35	65	L
35	66	Lp
35	67	Lp
35	68	Lp
35	69	Lp
35	70	Lp
35	71	Lp
35	72	Lp
35	73	Lp
35	74	-1
35	75	Lp
35	76	L
35	77	Lp
35	78	Lp
35	79	L
35	80	L
35	81	U
35	82	U
35	83	U
35	84	L
35	85	L
35	86	L
35	87	L
35	88	L
35	89	-1
35	90	L
35	91	L
35	92	L
35	93	U
35	94	L
35	95	L
35	96	Lp
35	97	L
35	98	Lp
35	99	L
35	100	L
35	101	Lp
35	102	Lp
35	103	Lp
35	104	U
35	105	Lp
35	106	-1
35	107	Lp
35	108	Lp
35	109	Lp
35	110	Lp
35	111	Lp
35	112	Lp
35	113	Lp
35	114	Lp
35	115	Lp
35	116	Lp
35	117	Lp
35	118	-1
35	119	-1
36	0	Lp
36	1	Lp
36	2	Lp
36	3	-1
36	4	Lp
36	5	L
36	6	Lp
36	7	-1
36	8	L
36	9	Lp
36	10	Lp
36	11	-1
36	12	Lp
36	13	Lp
36	14	Lp
36	15	Lp
36	16	Lp
36	17	L
36	18	-1
36	19	Lp
36	20	Lp
36	21	Lp
36	22	Lp
36	23	Lp
36	24	Lp
36	25	Lp
36	26	Lp
36	27	Lp
36	28	Lp
36	29	Lp
36	30	Lp
36	31	Lp
36	32	Lp
36	33	L
36	34	Lp
36	35	L
36	36	-1
36	37	L
36	38	L
36	39	Lp
36	40	Lp
36	41	Lp
36	42	L
36	43	L
36	44	Lp
36	45	L
36	46	L
36	47	L
36	48	L
36	49	L
36	50	L
36	51	L
36	52	L
36	53	L
36	54	L
36	55	L
36	56	L
36	57	L
36	58	L
36	59	-1
36	60	L
36	61	-1
36	62	Lp
36	63	L
36	64	L
36	65	Lp
36	66	Lp
36	67	Lp
36	68	-1
36	69	Lp
36	70	Lp
36	71	Lp
36	72	Lp
36	73	Lp
36	74	Lp
36	75	Lp
36	76	L
36	77	L
36	78	L
36	79	L
36	80	L
36	81	L
36	82	U
36	83	U
36	84	L
36	85	L
36	86	-1
36	87	L
36	88	L
36	89	L
36	90	L
36	91	L
36	92	L
36	93	-1
36	94	L
36	95	Lp
36	96	Lp
36	97	Lp
36	98	-1
36	99	L
36	100	L
36	101	Lp
36	102	Lp
36	103	Lp
36	104	Lp
36	105	Lp
36	106	Lp
36	107	Lp
36	108	Lp
36	109	Lp
36	110	-1
36	111	-1
36	112	Lp
36	113	-1
36	114	Lp
36	115	Lp
36	116	-1
36	117	Lp
36	118	U
36	119	-1
37	0	U
37	1	Lp
37	2	L
37	3	Lp
37	4	L
37	5	L
37	6	L
37	7	-1
37	8	Lp
37	9	Lp
37	10	Lp
37	11	Lp
37	12	L
37	13	-1
37	14	Lp
37	15	Lp
37	16	L
37	17	L
37	18	L
37	19	Lp
37	20	Lp
37	21	Lp
37	22	Lp
37	23	Lp
37	24	Lp
37	25	Lp
37	26	Lp
37	27	Lp
37	28	Lp
37	29	Lp
37	30	-1
37	31	-1
37	32	Lp
37	33	Lp
37	34	L
37	35	L
37	36	-1
37	37	L
37	38	-1
37	39	L
37	40	Lp
37	41	-1
37	42	L
37	43	L
37	44	-1
37	45	L
37	46	L
37	47	L
37	48	-1
37	49	-1
37	50	L
37	51	L
37	52	L
37	53	L
37	54	L
37	55	L
37	56	L
37	57	L
37	58	L
37	59	L
37	60	L
37	61	L
37	62	Lp
37	63	L
37	64	Lp
37	65	Lp
37	66	Lp
37	67	Lp
37	68	Lp
37	69	Lp
37	70	-1
37	71	Lp
37	72	Lp
37	73	Lp
37	74	-1
37	75	Lp
37	76	L
37	77	L
37	78	L
37	79	L
37	80	L
37	81	L
37	82	-1
37	83	L
37	84	U
37	85	L
37	86	-1
37	87	L
37	88	L
37	89	L
37	90	L
37	91	L
37	92	L
37	93	-1
37	94	L
37	95	Lp
37	96	Lp
37	97	Lp
37	98	L
37	99	L
37	100	L
37	101	L
37	102	L
37	103	Lp
37	104	L
37	105	Lp
37	106	-1
37	107	Lp
37	108	Lp
37	109	Lp
37	110	Lp
37	111	Lp
37	112	Lp
37	113	Lp
37	114	Lp
37	115	Lp
37	116	-1
37	117	U
37	118	-1
37	119	U
38	0	U
38	1	Lp
38	2	Lp
38	3	-1
38	4	L
38	5	L
38	6	L
38	7	Lp
38	8	Lp
38	9	Lp
38	10	Lp
38	11	Lp
38	12	-1
38	13	L
38	14	Lp
38	15	Lp
38	16	-1
38	17	-1
38	18	Lp
38	19	Lp
38	20	Lp
38	21	Lp
38	22	Lp
38	23	Lp
38	24	Lp
38	25	Lp
38	26	Lp
38	27	Lp
38	28	Lp
38	29	Lp
38	30	Lp
38	31	-1
38	32	U
38	33	Lp
38	34	-1
38	35	L
38	36	L
38	37	L
38	38	Lp
38	39	L
38	40	Lp
38	41	L
38	42	L
38	43	L
38	44	Lp
38	45	L
38	46	L
38	47	L
38	48	L
38	49	L
38	50	L
38	51	Lp
38	52	Lp
38	53	Lp
38	54	-1
38	55	L
38	56	L
38	57	L
38	58	L
38	59	-1
38	60	L
38	61	-1
38	62	-1
38	63	Lp
38	64	-1
38	65	Lp
38	66	Lp
38	67	Lp
38	68	Lp
38	69	-1
38	70	-1
38	71	Lp
38	72	Lp
38	73	Lp
38	74	Lp
38	75	Lp
38	76	L
38	77	L
38	78	Lp
38	79	-1
38	80	L
38	81	L
38	82	-1
38	83	L
38	84	L
38	85	L
38	86	U
38	87	U
38	88	-1
38	89	L
38	90	L
38	91	L
38	92	L
38	93	L
38	94	L
38	95	-1
38	96	Lp
38	97	Lp
38	98	Lp
38	99	L
38	100	-1
38	101	L
38	102	Lp
38	103	Lp
38	104	Lp
38	105	Lp
38	106	Lp
38	107	Lp
38	108	Lp
38	109	-1
38	110	-1
38	111	Lp
38	112	Lp
38	113	Lp
38	114	Lp
38	115	-1
38	116	Lp
38	117	Lp
38	118	-1
38	119	-1
39	0	-1
39	1	Lp
39	2	Lp
39	3	-1
39	4	-1
39	5	-1
39	6	-1
39	7	-1
39	8	-1
39	9	Lp
39	10	Lp
39	11	Lp
39	12	Lp
39	13	L
39	14	L
39	15	-1
39	16	-1
39	17	Lp
39	18	-1
39	19	-1
39	20	Lp
39	21	Lp
39	22	Lp
39	23	Lp
39	24	Lp
39	25	Lp
39	26	-1
39	27	Lp
39	28	Lp
39	29	Lp
39	30	Lp
39	31	L
39	32	L
39	33	L
39	34	-1
39	35	L
39	36	U
39	37	Lp
39	38	Lp
39	39	Lp
39	40	L
39	41	Lp
39	42	-1
39	43	L
39	44	Lp
39	45	-1
39	46	Lp
39	47	L
39	48	L
39	49	-1
39	50	Lp
39	51	Lp
39	52	Lp
39	53	-1
39	54	-1
39	55	L
39	56	L
39	57	L
39	58	L
39	59	L
39	60	L
39	61	L
39	62	L
39	63	Lp
39	64	-1
39	65	Lp
39	66	Lp
39	67	Lp
39	68	Lp
39	69	Lp
39	70	Lp
39	71	Lp
39	72	Lp
39	73	Lp
39	74	Lp
39	75	Lp
39	76	L
39	77	L
39	78	L
39	79	L
39	80	U
39	81	L
39	82	L
39	83	L
39	84	L
39	85	U
39	86	-1
39	87	L
39	88	-1
39	89	L
39	90	L
39	91	-1
39	92	L
39	93	L
39	94	L
39	95	L
39	96	Lp
39	97	Lp
39	98	L
39	99	L
39	100	-1
39	101	-1
39	102	Lp
39	103	Lp
39	104	Lp
39	105	Lp
39	106	Lp
39	107	-1
39	108	Lp
39	109	Lp
39	110	Lp
39	111	Lp
39	112	Lp
39	113	Lp
39	114	Lp
39	115	Lp
39	116	Lp
39	117	-1
39	118	Lp
39	119	L
40	0	Lp
40	1	Lp
40	2	Lp
40	3	-1
40	4	Lp
40	5	-1
40	6	L
40	7	Lp
40	8	Lp
40	9	Lp
40	10	Lp
40	11	Lp
40	12	L
40	13	L
40	14	L
40	15	Lp
40	16	Lp
40	17	Lp
40	18	Lp
40	19	Lp
40	20	Lp
40	21	Lp
40	22	-1
40	23	Lp
40	24	Lp
40	25	Lp
40	26	Lp
40	27	Lp
40	28	Lp
40	29	Lp
40	30	Lp
40	31	Lp
40	32	L
40	33	-1
40	34	L
40	35	L
40	36	Lp
40	37	Lp
40	38	Lp
40	39	-1
40	40	Lp
40	41	Lp
40	42	-1
40	43	-1
40	44	-1
40	45	Lp
40	46	Lp
40	47	Lp
40	48	L
40	49	L
40	50	-1
40	51	Lp
40	52	Lp
40	53	L
40	54	L
40	55	Lp
40	56	L
40	57	-1
40	58	L
40	59	Lp
40	60	-1
40	61	L
40	62	L
40	63	L
40	64	Lp
40	65	Lp
40	66	-1
40	67	Lp
40	68	U
40	69	Lp
40	70	Lp
40	71	Lp
40	72	Lp
40	73	Lp
40	74	Lp
40	75	L
40	76	L
40	77	L
40	78	L
40	79	L
40	80	-1
40	81	L
40	82	-1
40	83	L
40	84	L
40	85	L
40	86	L
40	87	L
40	88	L
40	89	U
40	90	L
40	91	L
40	92	L
40	93	L
40	94	L
40	95	L
40	96	L
40	97	L
40	98	-1
40	99	-1
40	100	L
40	101	L
40	102	L
40	103	Lp
40	104	Lp
40	105	Lp
40	106	-1
40	107	Lp
40	108	U
40	109	Lp
40	110	Lp
40	111	Lp
40	112	-1
40	113	Lp
40	114	Lp
40	115	Lp
40	116	Lp
40	117	Lp
40	118	L
40	119	L
41	0	Lp
41	1	L
41	2	L
41	3	L
41	4	-1
41	5	Lp
41	6	Lp
41	7	Lp
41	8	Lp
41	9	Lp
41	10	Lp
41	11	Lp
41	12	Lp
41	13	Lp
41	14	U
41	15	U
41	16	Lp
41	17	U
41	18	U
41	19	Lp
41	20	Lp
41	21	-1
41	22	-1
41	23	Lp
41	24	Lp
41	25	Lp
41	26	-1
41	27	Lp
41	28	Lp
41	29	Lp
41	30	Lp
41	31	Lp
41	32	U
41	33	L
41	34	Lp
41	35	Lp
41	36	L
41	37	Lp
41	38	U
41	39	-1
41	40	L
41	41	-1
41	42	-1
41	43	Lp
41	44	-1
41	45	Lp
41	46	Lp
41	47	Lp
41	48	Lp
41	49	-1
41	50	L
41	51	L
41	52	-1
41	53	L
41	54	-1
41	55	Lp
41	56	Lp
41	57	L
41	58	Lp
41	59	Lp
41	60	L
41	61	L
41	62	Lp
41	63	U
41	64	U
41	65	Lp
41	66	-1
41	67	-1
41	68	Lp
41	69	Lp
41	70	-1
41	71	Lp
41	72	Lp
41	73	L
41	74	Lp
41	75	Lp
41	76	L
41	77	L
41	78	L
41	79	-1
41	80	U
41	81	-1
41	82	L
41	83	L
41	84	L
41	85	-1
41	86	L
41	87	L
41	88	U
41	89	L
41	90	L
41	91	L
41	92	L
41	93	L
41	94	-1
41	95	L
41	96	L
41	97	L
41	98	-1
41	99	L
41	100	L
41	101	L
41	102	L
41	103	L
41	104	Lp
41	105	Lp
41	106	Lp
41	107	U
41	108	-1
41	109	Lp
41	110	Lp
41	111	Lp
41	112	Lp
41	113	L
41	114	Lp
41	115	Lp
41	116	L
41	117	L
41	118	Lp
41	119	Lp
42	0	L
42	1	L
42	2	L
42	3	Lp
42	4	Lp
42	5	Lp
42	6	Lp
42	7	Lp
42	8	Lp
42	9	Lp
42	10	Lp
42	11	Lp
42	12	Lp
42	13	Lp
42	14	Lp
42	15	U
42	16	-1
42	17	Lp
42	18	U
42	19	Lp
42	20	Lp
42	21	Lp
42	22	Lp
42	23	Lp
42	24	Lp
42	25	Lp
42	26	Lp
42	27	Lp
42	28	U
42	29	-1
42	30	L
42	31	Lp
42	32	Lp
42	33	U
42	34	Lp
42	35	Lp
42	36	L
42	37	Lp
42	38	-1
42	39	Lp
42	40	-1
42	41	Lp
42	42	Lp
42	43	L
42	44	L
42	45	Lp
42	46	Lp
42	47	Lp
42	48	Lp
42	49	Lp
42	50	Lp
42	51	L
42	52	L
42	53	-1
42	54	L
42	55	L
42	56	L
42	57	-1
42	58	L
42	59	L
42	60	Lp
42	61	Lp
42	62	Lp
42	63	Lp
42	64	U
42	65	U
42	66	U
42	67	-1
42	68	U
42	69	Lp
42	70	-1
42	71	-1
42	72	L
42	73	L
42	74	L
42	75	L
42	76	L
42	77	L
42	78	-1
42	79	L
42	80	U
42	81	-1
42	82	L
42	83	L
42	84	L
42	85	L
42	86	U
42	87	U
42	88	L
42	89	L
42	90	-1
42	91	L
42	92	-1
42	93	L
42	94	L
42	95	L
42	96	L
42	97	L
42	98	-1
42	99	L
42	100	L
42	101	Lp
42	102	L
42	103	L
42	104	L
42	105	L
42	106	U
42	107	Lp
42	108	-1
42	109	L
42	110	Lp
42	111	Lp
42	112	-1
42	113	L
42	114	L
42	115	L
42	116	L
42	117	-1
42	118	L
42	119	L
43	0	L
43	1	Lp
43	2	-1
43	3	Lp
43	4	Lp
43	5	-1
43	6	Lp
43	7	Lp
43	8	Lp
43	9	Lp
43	10	Lp
43	11	Lp
43	12	Lp
43	13	Lp
43	14	Lp
43	15	Lp
43	16	Lp
43	17	Lp
43	18	-1
43	19	Lp
43	20	Lp
43	21	-1
43	22	Lp
43	23	Lp
43	24	Lp
43	25	Lp
43	26	Lp
43	27	Lp
43	28	L
43	29	Lp
43	30	Lp
43	31	Lp
43	32	-1
43	33	U
43	34	Lp
43	35	-1
43	36	Lp
43	37	L
43	38	-1
43	39	-1
43	40	Lp
43	41	Lp
43	42	Lp
43	43	Lp
43	44	-1
43	45	Lp
43	46	Lp
43	47	Lp
43	48	Lp
43	49	Lp
43	50	Lp
43	51	L
43	52	Lp
43	53	-1
43	54	Lp
43	55	Lp
43	56	-1
43	57	L
43	58	L
43	59	L
43	60	Lp
43	61	Lp
43	62	Lp
43	63	Lp
43	64	Lp
43	65	Lp
43	66	-1
43	67	U
43	68	U
43	69	Lp
43	70	-1
43	71	-1
43	72	-1
43	73	L
43	74	L
43	75	Lp
43	76	L
43	77	L
43	78	-1
43	79	L
43	80	Lp
43	81	-1
43	82	L
43	83	L
43	84	L
43	85	-1
43	86	L
43	87	-1
43	88	L
43	89	L
43	90	-1
43	91	L
43	92	L
43	93	L
43	94	L
43	95	L
43	96	L
43	97	L
43	98	L
43	99	L
43	100	L
43	101	L
43	102	Lp
43	103	L
43	104	-1
43	105	L
43	106	U
43	107	U
43	108	L
43	109	L
43	110	Lp
43	111	-1
43	112	L
43	113	L
43	114	L
43	115	-1
43	116	L
43	117	L
43	118	L
43	119	L
44	0	-1
44	1	L
44	2	Lp
44	3	Lp
44	4	Lp
44	5	Lp
44	6	Lp
44	7	Lp
44	8	Lp
44	9	Lp
44	10	Lp
44	11	-1
44	12	Lp
44	13	Lp
44	14	Lp
44	15	-1
44	16	Lp
44	17	Lp
44	18	Lp
44	19	-1
44	20	-1
44	21	-1
44	22	-1
44	23	Lp
44	24	Lp
44	25	Lp
44	26	U
44	27	Lp
44	28	L
44	29	Lp
44	30	Lp
44	31	Lp
44	32	-1
44	33	-1
44	34	Lp
44	35	Lp
44	36	L
44	37	L
44	38	-1
44	39	Lp
44	40	Lp
44	41	Lp
44	42	Lp
44	43	Lp
44	44	Lp
44	45	Lp
44	46	U
44	47	Lp
44	48	Lp
44	49	Lp
44	50	L
44	51	-1
44	52	Lp
44	53	Lp
44	54	-1
44	55	L
44	56	L
44	57	-1
44	58	-1
44	59	Lp
44	60	Lp
44	61	Lp
44	62	Lp
44	63	-1
44	64	Lp
44	65	-1
44	66	Lp
44	67	-1
44	68	Lp
44	69	Lp
44	70	Lp
44	71	Lp
44	72	Lp
44	73	Lp
44	74	L
44	75	L
44	76	L
44	77	L
44	78	-1
44	79	L
44	80	-1
44	81	Lp
44	82	Lp
44	83	L
44	84	L
44	85	L
44	86	-1
44	87	L
44	88	L
44	89	-1
44	90	L
44	91	L
44	92	L
44	93	L
44	94	-1
44	95	L
44	96	L
44	97	L
44	98	L
44	99	-1
44	100	L
44	101	L
44	102	Lp
44	103	L
44	104	L
44	105	L
44	106	L
44	107	L
44	108	L
44	109	L
44	110	L
44	111	L
44	112	Lp
44	113	Lp
44	114	L
44	115	L
44	116	-1
44	117	L
44	118	L
44	119	-1
45	0	-1
45	1	L
45	2	Lp
45	3	Lp
45	4	Lp
45	5	Lp
45	6	-1
45	7	Lp
45	8	Lp
45	9	Lp
45	10	Lp
45	11	-1
45	12	Lp
45	13	Lp
45	14	-1
45	15	Lp
45	16	Lp
45	17	-1
45	18	Lp
45	19	-1
45	20	Lp
45	21	Lp
45	22	U
45	23	U
45	24	Lp
45	25	U
45	26	U
45	27	U
45	28	-1
45	29	L
45	30	L
45	31	L
45	32	L
45	33	L
45	34	-1
45	35	L
45	36	L
45	37	L
45	38	Lp
45	39	Lp
45	40	Lp
45	41	Lp
45	42	-1
45	43	Lp
45	44	Lp
45	45	Lp
45	46	Lp
45	47	Lp
45	48	Lp
45	49	Lp
45	50	Lp
45	51	-1
45	52	-1
45	53	Lp
45	54	Lp
45	55	Lp
45	56	Lp
45	57	L
45	58	L
45	59	-1
45	60	Lp
45	61	Lp
45	62	Lp
45	63	Lp
45	64	-1
45	65	Lp
45	66	Lp
45	67	-1
45	68	-1
45	69	Lp
45	70	Lp
45	71	Lp
45	72	Lp
45	73	Lp
45	74	Lp
45	75	Lp
45	76	L
45	77	L
45	78	L
45	79	L
45	80	-1
45	81	Lp
45	82	Lp
45	83	L
45	84	L
45	85	L
45	86	L
45	87	L
45	88	L
45	89	L
45	90	U
45	91	L
45	92	L
45	93	-1
45	94	L
45	95	L
45	96	L
45	97	L
45	98	L
45	99	L
45	100	L
45	101	L
45	102	-1
45	103	L
45	104	L
45	105	-1
45	106	-1
45	107	-1
45	108	-1
45	109	Lp
45	110	Lp
45	111	L
45	112	Lp
45	113	L
45	114	L
45	115	L
45	116	L
45	117	L
45	118	-1
45	119	-1
46	0	L
46	1	L
46	2	L
46	3	-1
46	4	L
46	5	-1
46	6	L
46	7	Lp
46	8	Lp
46	9	Lp
46	10	-1
46	11	Lp
46	12	Lp
46	13	Lp
46	14	Lp
46	15	Lp
46	16	Lp
46	17	Lp
46	18	Lp
46	19	U
46	20	U
46	21	U
46	22	U
46	23	-1
46	24	Lp
46	25	U
46	26	U
46	27	U
46	28	L
46	29	-1
46	30	L
46	31	L
46	32	L
46	33	L
46	34	L
46	35	-1
46	36	L
46	37	L
46	38	Lp
46	39	Lp
46	40	-1
46	41	Lp
46	42	Lp
46	43	Lp
46	44	-1
46	45	Lp
46	46	Lp
46	47	Lp
46	48	L
46	49	Lp
46	50	Lp
46	51	L
46	52	Lp
46	53	Lp
46	54	Lp
46	55	Lp
46	56	-1
46	57	L
46	58	Lp
46	59	-1
46	60	Lp
46	61	Lp
46	62	Lp
46	63	-1
46	64	L
46	65	L
46	66	Lp
46	67	Lp
46	68	Lp
46	69	Lp
46	70	Lp
46	71	Lp
46	72	Lp
46	73	Lp
46	74	Lp
46	75	-1
46	76	-1
46	77	Lp
46	78	L
46	79	Lp
46	80	Lp
46	81	L
46	82	Lp
46	83	Lp
46	84	L
46	85	-1
46	86	L
46	87	L
46	88	L
46	89	L
46	90	L
46	91	L
46	92	L
46	93	L
46	94	L
46	95	L
46	96	L
46	97	L
46	98	L
46	99	-1
46	100	L
46	101	L
46	102	L
46	103	L
46	104	L
46	105	Lp
46	106	L
46	107	L
46	108	Lp
46	109	L
46	110	L
46	111	U
46	112	L
46	113	L
46	114	U
46	115	L
46	116	-1
46	117	L
46	118	-1
46	119	L
47	0	L
47	1	-1
47	2	L
47	3	L
47	4	Lp
47	5	L
47	6	L
47	7	Lp
47	8	Lp
47	9	Lp
47	10	Lp
47	11	Lp
47	12	Lp
47	13	Lp
47	14	Lp
47	15	Lp
47	16	Lp
47	17	Lp
47	18	Lp
47	19	Lp
47	20	Lp
47	21	U
47	22	U
47	23	-1
47	24	U
47	25	Lp
47	26	L
47	27	U
47	28	L
47	29	L
47	30	L
47	31	L
47	32	-1
47	33	-1
47	34	L
47	35	L
47	36	Lp
47	37	Lp
47	38	Lp
47	39	L
47	40	-1
47	41	L
47	42	Lp
47	43	-1
47	44	Lp
47	45	Lp
47	46	L
47	47	L
47	48	Lp
47	49	Lp
47	50	-1
47	51	Lp
47	52	L
47	53	Lp
47	54	-1
47	55	Lp
47	56	Lp
47	57	Lp
47	58	Lp
47	59	Lp
47	60	Lp
47	61	Lp
47	62	-1
47	63	Lp
47	64	L
47	65	L
47	66	L
47	67	Lp
47	68	L
47	69	-1
47	70	Lp
47	71	-1
47	72	Lp
47	73	Lp
47	74	Lp
47	75	-1
47	76	Lp
47	77	L
47	78	-1
47	79	Lp
47	80	L
47	81	-1
47	82	-1
47	83	Lp
47	84	-1
47	85	L
47	86	-1
47	87	-1
47	88	L
47	89	L
47	90	U
47	91	L
47	92	L
47	93	L
47	94	U
47	95	L
47	96	-1
47	97	L
47	98	L
47	99	L
47	100	L
47	101	L
47	102	L
47	103	L
47	104	L
47	105	-1
47	106	L
47	107	L
47	108	L
47	109	L
47	110	L
47	111	L
47	112	U
47	113	U
47	114	L
47	115	L
47	116	L
47	117	L
47	118	L
47	119	L
48	0	L
48	1	L
48	2	Lp
48	3	-1
48	4	U
48	5	U
48	6	U
48	7	-1
48	8	Lp
48	9	Lp
48	10	-1
48	11	-1
48	12	Lp
48	13	Lp
48	14	-1
48	15	Lp
48	16	Lp
48	17	Lp
48	18	Lp
48	19	Lp
48	20	Lp
48	21	U
48	22	U
48	23	-1
48	24	U
48	25	U
48	26	U
48	27	U
48	28	U
48	29	-1
48	30	L
48	31	L
48	32	L
48	33	L
48	34	Lp
48	35	Lp
48	36	Lp
48	37	Lp
48	38	-1
48	39	Lp
48	40	Lp
48	41	-1
48	42	-1
48	43	Lp
48	44	Lp
48	45	Lp
48	46	L
48	47	L
48	48	L
48	49	-1
48	50	Lp
48	51	Lp
48	52	Lp
48	53	Lp
48	54	Lp
48	55	Lp
48	56	-1
48	57	Lp
48	58	Lp
48	59	Lp
48	60	Lp
48	61	Lp
48	62	Lp
48	63	Lp
48	64	Lp
48	65	L
48	66	L
48	67	L
48	68	L
48	69	L
48	70	Lp
48	71	Lp
48	72	-1
48	73	Lp
48	74	Lp
48	75	Lp
48	76	Lp
48	77	-1
48	78	Lp
48	79	L
48	80	L
48	81	L
48	82	L
48	83	L
48	84	L
48	85	L
48	86	L
48	87	L
48	88	-1
48	89	U
48	90	L
48	91	U
48	92	L
48	93	L
48	94	U
48	95	L
48	96	-1
48	97	L
48	98	L
48	99	L
48	100	L
48	101	L
48	102	L
48	103	L
48	104	L
48	105	L
48	106	L
48	107	L
48	108	L
48	109	L
48	110	L
48	111	-1
48	112	L
48	113	L
48	114	Lp
48	115	Lp
48	116	L
48	117	L
48	118	L
48	119	L
49	0	L
49	1	-1
49	2	-1
49	3	U
49	4	U
49	5	-1
49	6	-1
49	7	-1
49	8	Lp
49	9	L
49	10	-1
49	11	Lp
49	12	Lp
49	13	Lp
49	14	Lp
49	15	Lp
49	16	Lp
49	17	Lp
49	18	Lp
49	19	Lp
49	20	Lp
49	21	-1
49	22	Lp
49	23	U
49	24	Lp
49	25	Lp
49	26	-1
49	27	-1
49	28	L
49	29	L
49	30	L
49	31	L
49	32	L
49	33	Lp
49	34	L
49	35	Lp
49	36	Lp
49	37	-1
49	38	Lp
49	39	Lp
49	40	-1
49	41	Lp
49	42	-1
49	43	Lp
49	44	Lp
49	45	Lp
49	46	-1
49	47	L
49	48	Lp
49	49	L
49	50	-1
49	51	Lp
49	52	Lp
49	53	-1
49	54	Lp
49	55	Lp
49	56	L
49	57	Lp
49	58	-1
49	59	Lp
49	60	Lp
49	61	Lp
49	62	Lp
49	63	Lp
49	64	Lp
49	65	Lp
49	66	L
49	67	L
49	68	Lp
49	69	Lp
49	70	Lp
49	71	Lp
49	72	Lp
49	73	Lp
49	74	Lp
49	75	Lp
49	76	-1
49	77	Lp
49	78	Lp
49	79	Lp
49	80	-1
49	81	L
49	82	L
49	83	L
49	84	L
49	85	L
49	86	L
49	87	L
49	88	L
49	89	L
49	90	L
49	91	L
49	92	U
49	93	U
49	94	U
49	95	L
49	96	L
49	97	L
49	98	-1
49	99	L
49	100	-1
49	101	L
49	102	L
49	103	L
49	104	L
49	105	-1
49	106	-1
49	107	L
49	108	L
49	109	L
49	110	L
49	111	L
49	112	Lp
49	113	Lp
49	114	-1
49	115	L
49	116	L
49	117	L
49	118	-1
49	119	L
50	0	L
50	1	-1
50	2	Lp
50	3	Lp
50	4	-1
50	5	L
50	6	L
50	7	-1
50	8	Lp
50	9	-1
50	10	Lp
50	11	Lp
50	12	Lp
50	13	Lp
50	14	Lp
50	15	Lp
50	16	-1
50	17	Lp
50	18	Lp
50	19	Lp
50	20	Lp
50	21	Lp
50	22	U
50	23	Lp
50	24	Lp
50	25	Lp
50	26	-1
50	27	Lp
50	28	L
50	29	-1
50	30	L
50	31	L
50	32	L
50	33	L
50	34	Lp
50	35	-1
50	36	-1
50	37	Lp
50	38	Lp
50	39	Lp
50	40	-1
50	41	Lp
50	42	Lp
50	43	Lp
50	44	Lp
50	45	-1
50	46	Lp
50	47	Lp
50	48	Lp
50	49	Lp
50	50	L
50	51	-1
50	52	L
50	53	L
50	54	L
50	55	L
50	56	-1
50	57	-1
50	58	Lp
50	59	Lp
50	60	Lp
50	61	Lp
50	62	Lp
50	63	Lp
50	64	Lp
50	65	L
50	66	L
50	67	L
50	68	L
50	69	Lp
50	70	Lp
50	71	Lp
50	72	Lp
50	73	Lp
50	74	Lp
50	75	Lp
50	76	Lp
50	77	Lp
50	78	Lp
50	79	Lp
50	80	Lp
50	81	-1
50	82	L
50	83	L
50	84	L
50	85	L
50	86	L
50	87	L
50	88	L
50	89	L
50	90	-1
50	91	-1
50	92	U
50	93	U
50	94	U
50	95	L
50	96	L
50	97	L
50	98	L
50	99	L
50	100	L
50	101	L
50	102	L
50	103	L
50	104	L
50	105	L
50	106	L
50	107	-1
50	108	L
50	109	L
50	110	L
50	111	L
50	112	-1
50	113	L
50	114	L
50	115	Lp
50	116	L
50	117	L
50	118	-1
50	119	-1
51	0	L
51	1	U
51	2	Lp
51	3	Lp
51	4	Lp
51	5	-1
51	6	L
51	7	L
51	8	L
51	9	-1
51	10	Lp
51	11	Lp
51	12	Lp
51	13	Lp
51	14	Lp
51	15	Lp
51	16	Lp
51	17	Lp
51	18	Lp
51	19	Lp
51	20	Lp
51	21	-1
51	22	Lp
51	23	Lp
51	24	Lp
51	25	Lp
51	26	Lp
51	27	Lp
51	28	L
51	29	L
51	30	-1
51	31	L
51	32	-1
51	33	Lp
51	34	Lp
51	35	Lp
51	36	Lp
51	37	Lp
51	38	Lp
51	39	Lp
51	40	Lp
51	41	Lp
51	42	Lp
51	43	U
51	44	Lp
51	45	Lp
51	46	Lp
51	47	Lp
51	48	Lp
51	49	L
51	50	Lp
51	51	Lp
51	52	L
51	53	L
51	54	L
51	55	L
51	56	L
51	57	U
51	58	-1
51	59	-1
51	60	Lp
51	61	Lp
51	62	Lp
51	63	Lp
51	64	Lp
51	65	-1
51	66	Lp
51	67	L
51	68	Lp
51	69	Lp
51	70	Lp
51	71	Lp
51	72	Lp
51	73	Lp
51	74	Lp
51	75	Lp
51	76	Lp
51	77	-1
51	78	Lp
51	79	Lp
51	80	Lp
51	81	L
51	82	L
51	83	Lp
51	84	L
51	85	L
51	86	L
51	87	L
51	88	L
51	89	L
51	90	L
51	91	Lp
51	92	L
51	93	-1
51	94	L
51	95	L
51	96	-1
51	97	L
51	98	L
51	99	L
51	100	-1
51	101	L
51	102	L
51	103	L
51	104	L
51	105	L
51	106	L
51	107	L
51	108	L
51	109	-1
51	110	L
51	111	Lp
51	112	Lp
51	113	Lp
51	114	-1
51	115	L
51	116	L
51	117	L
51	118	-1
51	119	L
52	0	Lp
52	1	L
52	2	-1
52	3	Lp
52	4	Lp
52	5	Lp
52	6	Lp
52	7	L
52	8	-1
52	9	Lp
52	10	Lp
52	11	Lp
52	12	L
52	13	L
52	14	Lp
52	15	Lp
52	16	-1
52	17	Lp
52	18	Lp
52	19	Lp
52	20	-1
52	21	Lp
52	22	Lp
52	23	Lp
52	24	Lp
52	25	Lp
52	26	-1
52	27	Lp
52	28	-1
52	29	L
52	30	L
52	31	L
52	32	Lp
52	33	Lp
52	34	Lp
52	35	L
52	36	U
52	37	U
52	38	L
52	39	U
52	40	Lp
52	41	-1
52	42	Lp
52	43	Lp
52	44	Lp
52	45	Lp
52	46	Lp
52	47	Lp
52	48	-1
52	49	Lp
52	50	Lp
52	51	Lp
52	52	-1
52	53	L
52	54	L
52	55	Lp
52	56	Lp
52	57	Lp
52	58	Lp
52	59	Lp
52	60	Lp
52	61	Lp
52	62	Lp
52	63	Lp
52	64	-1
52	65	Lp
52	66	-1
52	67	Lp
52	68	-1
52	69	-1
52	70	Lp
52	71	Lp
52	72	-1
52	73	Lp
52	74	Lp
52	75	Lp
52	76	Lp
52	77	Lp
52	78	-1
52	79	Lp
52	80	-1
52	81	Lp
52	82	L
52	83	L
52	84	L
52	85	-1
52	86	-1
52	87	L
52	88	-1
52	89	L
52	90	-1
52	91	Lp
52	92	Lp
52	93	L
52	94	-1
52	95	L
52	96	L
52	97	L
52	98	L
52	99	L
52	100	U
52	101	U
52	102	L
52	103	-1
52	104	L
52	105	L
52	106	L
52	107	-1
52	108	L
52	109	L
52	110	U
52	111	Lp
52	112	-1
52	113	Lp
52	114	Lp
52	115	L
52	116	L
52	117	Lp
52	118	-1
52	119	Lp
53	0	L
53	1	Lp
53	2	Lp
53	3	-1
53	4	Lp
53	5	Lp
53	6	L
53	7	L
53	8	Lp
53	9	U
53	10	U
53	11	Lp
53	12	Lp
53	13	-1
53	14	Lp
53	15	Lp
53	16	Lp
53	17	Lp
53	18	Lp
53	19	-1
53	20	Lp
53	21	Lp
53	22	Lp
53	23	Lp
53	24	Lp
53	25	-1
53	26	Lp
53	27	Lp
53	28	Lp
53	29	Lp
53	30	L
53	31	Lp
53	32	L
53	33	Lp
53	34	L
53	35	L
53	36	U
53	37	Lp
53	38	U
53	39	Lp
53	40	Lp
53	41	Lp
53	42	Lp
53	43	Lp
53	44	Lp
53	45	Lp
53	46	Lp
53	47	Lp
53	48	-1
53	49	Lp
53	50	Lp
53	51	Lp
53	52	Lp
53	53	Lp
53	54	-1
53	55	Lp
53	56	Lp
53	57	Lp
53	58	Lp
53	59	-1
53	60	Lp
53	61	-1
53	62	U
53	63	U
53	64	Lp
53	65	Lp
53	66	L
53	67	L
53	68	Lp
53	69	Lp
53	70	Lp
53	71	Lp
53	72	Lp
53	73	Lp
53	74	-1
53	75	Lp
53	76	Lp
53	77	-1
53	78	Lp
53	79	Lp
53	80	U
53	81	Lp
53	82	-1
53	83	L
53	84	-1
53	85	L
53	86	L
53	87	L
53	88	U
53	89	-1
53	90	L
53	91	L
53	92	-1
53	93	-1
53	94	L
53	95	L
53	96	L
53	97	L
53	98	L
53	99	L
53	100	U
53	101	L
53	102	L
53	103	L
53	104	L
53	105	L
53	106	L
53	107	L
53	108	L
53	109	-1
53	110	L
53	111	-1
53	112	L
53	113	L
53	114	L
53	115	L
53	116	L
53	117	L
53	118	Lp
53	119	Lp
54	0	L
54	1	Lp
54	2	-1
54	3	Lp
54	4	Lp
54	5	-1
54	6	Lp
54	7	-1
54	8	Lp
54	9	U
54	10	Lp
54	11	Lp
54	12	L
54	13	L
54	14	Lp
54	15	Lp
54	16	Lp
54	17	Lp
54	18	Lp
54	19	Lp
54	20	-1
54	21	Lp
54	22	Lp
54	23	Lp
54	24	Lp
54	25	Lp
54	26	-1
54	27	Lp
54	28	Lp
54	29	L
54	30	-1
54	31	Lp
54	32	L
54	33	L
54	34	L
54	35	U
54	36	Lp
54	37	Lp
54	38	U
54	39	U
54	40	-1
54	41	Lp
54	42	Lp
54	43	-1
54	44	Lp
54	45	-1
54	46	Lp
54	47	Lp
54	48	Lp
54	49	Lp
54	50	-1
54	51	Lp
54	52	Lp
54	53	Lp
54	54	Lp
54	55	Lp
54	56	U
54	57	Lp
54	58	Lp
54	59	-1
54	60	-1
54	61	U
54	62	Lp
54	63	Lp
54	64	U
54	65	Lp
54	66	Lp
54	67	-1
54	68	Lp
54	69	-1
54	70	Lp
54	71	Lp
54	72	Lp
54	73	-1
54	74	Lp
54	75	Lp
54	76	Lp
54	77	-1
54	78	Lp
54	79	Lp
54	80	Lp
54	81	Lp
54	82	Lp
54	83	L
54	84	L
54	85	L
54	86	L
54	87	L
54	88	L
54	89	L
54	90	L
54	91	L
54	92	L
54	93	L
54	94	L
54	95	-1
54	96	-1
54	97	-1
54	98	L
54	99	-1
54	100	U
54	101	U
54	102	L
54	103	L
54	104	L
54	105	-1
54	106	L
54	107	L
54	108	L
54	109	L
54	110	L
54	111	L
54	112	L
54	113	-1
54	114	L
54	115	-1
54	116	Lp
54	117	Lp
54	118	-1
54	119	L
55	0	Lp
55	1	Lp
55	2	Lp
55	3	Lp
55	4	U
55	5	Lp
55	6	Lp
55	7	U
55	8	-1
55	9	Lp
55	10	L
55	11	L
55	12	Lp
55	13	Lp
55	14	Lp
55	15	Lp
55	16	Lp
55	17	Lp
55	18	-1
55	19	Lp
55	20	Lp
55	21	Lp
55	22	Lp
55	23	Lp
55	24	-1
55	25	-1
55	26	Lp
55	27	Lp
55	28	Lp
55	29	Lp
55	30	Lp
55	31	-1
55	32	-1
55	33	L
55	34	L
55	35	Lp
55	36	Lp
55	37	-1
55	38	Lp
55	39	Lp
55	40	-1
55	41	Lp
55	42	-1
55	43	Lp
55	44	Lp
55	45	Lp
55	46	Lp
55	47	Lp
55	48	Lp
55	49	Lp
55	50	Lp
55	51	-1
55	52	Lp
55	53	Lp
55	54	-1
55	55	U
55	56	-1
55	57	U
55	58	Lp
55	59	U
55	60	U
55	61	U
55	62	Lp
55	63	Lp
55	64	-1
55	65	Lp
55	66	Lp
55	67	Lp
55	68	Lp
55	69	Lp
55	70	Lp
55	71	Lp
55	72	Lp
55	73	Lp
55	74	Lp
55	75	Lp
55	76	Lp
55	77	Lp
55	78	-1
55	79	-1
55	80	L
55	81	L
55	82	L
55	83	L
55	84	-1
55	85	L
55	86	U
55	87	U
55	88	Lp
55	89	L
55	90	-1
55	91	-1
55	92	L
55	93	L
55	94	L
55	95	-1
55	96	L
55	97	Lp
55	98	-1
55	99	Lp
55	100	L
55	101	U
55	102	L
55	103	L
55	104	L
55	105	L
55	106	L
55	107	L
55	108	L
55	109	L
55	110	L
55	111	-1
55	112	U
55	113	L
55	114	Lp
55	115	-1
55	116	Lp
55	117	-1
55	118	Lp
55	119	L
56	0	-1
56	1	Lp
56	2	Lp
56	3	Lp
56	4	-1
56	5	-1
56	6	Lp
56	7	-1
56	8	Lp
56	9	Lp
56	10	Lp
56	11	L
56	12	Lp
56	13	Lp
56	14	-1
56	15	-1
56	16	Lp
56	17	Lp
56	18	Lp
56	19	Lp
56	20	Lp
56	21	-1
56	22	Lp
56	23	Lp
56	24	-1
56	25	Lp
56	26	-1
56	27	-1
56	28	Lp
56	29	Lp
56	30	Lp
56	31	Lp
56	32	Lp
56	33	Lp
56	34	Lp
56	35	Lp
56	36	Lp
56	37	Lp
56	38	Lp
56	39	-1
56	40	Lp
56	41	Lp
56	42	Lp
56	43	Lp
56	44	Lp
56	45	Lp
56	46	Lp
56	47	Lp
56	48	-1
56	49	Lp
56	50	Lp
56	51	-1
56	52	Lp
56	53	U
56	54	Lp
56	55	-1
56	56	U
56	57	-1
56	58	Lp
56	59	U
56	60	-1
56	61	Lp
56	62	Lp
56	63	-1
56	64	-1
56	65	Lp
56	66	Lp
56	67	Lp
56	68	Lp
56	69	Lp
56	70	Lp
56	71	-1
56	72	Lp
56	73	-1
56	74	Lp
56	75	Lp
56	76	Lp
56	77	Lp
56	78	Lp
56	79	Lp
56	80	L
56	81	L
56	82	L
56	83	L
56	84	U
56	85	L
56	86	L
56	87	Lp
56	88	-1
56	89	L
56	90	L
56	91	-1
56	92	L
56	93	-1
56	94	L
56	95	L
56	96	-1
56	97	Lp
56	98	Lp
56	99	U
56	100	Lp
56	101	L
56	102	L
56	103	L
56	104	L
56	105	L
56	106	Lp
56	107	L
56	108	L
56	109	L
56	110	L
56	111	L
56	112	L
56	113	L
56	114	L
56	115	L
56	116	L
56	117	Lp
56	118	-1
56	119	Lp
57	0	Lp
57	1	Lp
57	2	Lp
57	3	Lp
57	4	Lp
57	5	-1
57	6	Lp
57	7	Lp
57	8	Lp
57	9	Lp
57	10	Lp
57	11	Lp
57	12	L
57	13	Lp
57	14	U
57	15	Lp
57	16	Lp
57	17	Lp
57	18	Lp
57	19	Lp
57	20	Lp
57	21	Lp
57	22	Lp
57	23	-1
57	24	Lp
57	25	Lp
57	26	-1
57	27	Lp
57	28	-1
57	29	-1
57	30	Lp
57	31	Lp
57	32	Lp
57	33	-1
57	34	-1
57	35	Lp
57	36	Lp
57	37	Lp
57	38	Lp
57	39	Lp
57	40	Lp
57	41	Lp
57	42	Lp
57	43	Lp
57	44	Lp
57	45	Lp
57	46	Lp
57	47	Lp
57	48	-1
57	49	Lp
57	50	Lp
57	51	-1
57	52	U
57	53	U
57	54	U
57	55	U
57	56	-1
57	57	Lp
57	58	Lp
57	59	Lp
57	60	Lp
57	61	-1
57	62	Lp
57	63	-1
57	64	-1
57	65	Lp
57	66	-1
57	67	-1
57	68	-1
57	69	Lp
57	70	-1
57	71	Lp
57	72	Lp
57	73	-1
57	74	Lp
57	75	-1
57	76	Lp
57	77	Lp
57	78	Lp
57	79	Lp
57	80	L
57	81	Lp
57	82	L
57	83	L
57	84	-1
57	85	L
57	86	Lp
57	87	-1
57	88	L
57	89	-1
57	90	L
57	91	L
57	92	L
57	93	L
57	94	L
57	95	Lp
57	96	Lp
57	97	U
57	98	U
57	99	Lp
57	100	-1
57	101	Lp
57	102	L
57	103	L
57	104	L
57	105	Lp
57	106	Lp
57	107	Lp
57	108	L
57	109	L
57	110	L
57	111	L
57	112	-1
57	113	L
57	114	-1
57	115	L
57	116	Lp
57	117	Lp
57	118	Lp
57	119	L
58	0	Lp
58	1	-1
58	2	Lp
58	3	-1
58	4	-1
58	5	Lp
58	6	Lp
58	7	Lp
58	8	Lp
58	9	L
58	10	Lp
58	11	Lp
58	12	Lp
58	13	Lp
58	14	U
58	15	U
58	16	-1
58	17	U
58	18	-1
58	19	Lp
58	20	Lp
58	21	Lp
58	22	Lp
58	23	Lp
58	24	Lp
58	25	-1
58	26	Lp
58	27	Lp
58	28	Lp
58	29	-1
58	30	Lp
58	31	Lp
58	32	Lp
58	33	Lp
58	34	Lp
58	35	Lp
58	36	Lp
58	37	Lp
58	38	Lp
58	39	Lp
58	40	-1
58	41	-1
58	42	Lp
58	43	Lp
58	44	Lp
58	45	Lp
58	46	-1
58	47	Lp
58	48	Lp
58	49	Lp
58	50	U
58	51	Lp
58	52	-1
58	53	U
58	54	U
58	55	-1
58	56	Lp
58	57	U
58	58	Lp
58	59	Lp
58	60	Lp
58	61	Lp
58	62	-1
58	63	Lp
58	64	Lp
58	65	Lp
58	66	Lp
58	67	Lp
58	68	Lp
58	69	-1
58	70	Lp
58	71	Lp
58	72	Lp
58	73	Lp
58	74	-1
58	75	-1
58	76	Lp
58	77	-1
58	78	Lp
58	79	Lp
58	80	Lp
58	81	Lp
58	82	L
58	83	U
58	84	Lp
58	85	Lp
58	86	L
58	87	-1
58	88	Lp
58	89	U
58	90	L
58	91	L
58	92	L
58	93	L
58	94	L
58	95	Lp
58	96	Lp
58	97	Lp
58	98	U
58	99	-1
58	100	L
58	101	Lp
58	102	L
58	103	-1
58	104	L
58	105	Lp
58	106	L
58	107	Lp
58	108	L
58	109	L
58	110	L
58	111	-1
58	112	-1
58	113	L
58	114	-1
58	115	-1
58	116	Lp
58	117	Lp
58	118	Lp
58	119	-1
59	0	Lp
59	1	-1
59	2	Lp
59	3	-1
59	4	Lp
59	5	Lp
59	6	-1
59	7	Lp
59	8	L
59	9	L
59	10	L
59	11	Lp
59	12	Lp
59	13	Lp
59	14	L
59	15	L
59	16	U
59	17	U
59	18	L
59	19	Lp
59	20	Lp
59	21	-1
59	22	-1
59	23	Lp
59	24	Lp
59	25	Lp
59	26	Lp
59	27	Lp
59	28	Lp
59	29	Lp
59	30	Lp
59	31	Lp
59	32	Lp
59	33	-1
59	34	-1
59	35	Lp
59	36	Lp
59	37	Lp
59	38	Lp
59	39	Lp
59	40	Lp
59	41	-1
59	42	Lp
59	43	Lp
59	44	-1
59	45	Lp
59	46	Lp
59	47	Lp
59	48	Lp
59	49	Lp
59	50	Lp
59	51	Lp
59	52	U
59	53	U
59	54	Lp
59	55	Lp
59	56	-1
59	57	-1
59	58	Lp
59	59	Lp
59	60	-1
59	61	Lp
59	62	Lp
59	63	Lp
59	64	-1
59	65	Lp
59	66	Lp
59	67	-1
59	68	Lp
59	69	Lp
59	70	Lp
59	71	-1
59	72	Lp
59	73	-1
59	74	Lp
59	75	Lp
59	76	U
59	77	-1
59	78	Lp
59	79	Lp
59	80	Lp
59	81	-1
59	82	Lp
59	83	Lp
59	84	Lp
59	85	Lp
59	86	U
59	87	Lp
59	88	-1
59	89	Lp
59	90	Lp
59	91	L
59	92	L
59	93	Lp
59	94	L
59	95	L
59	96	Lp
59	97	L
59	98	Lp
59	99	Lp
59	100	-1
59	101	L
59	102	U
59	103	L
59	104	L
59	105	Lp
59	106	Lp
59	107	L
59	108	L
59	109	L
59	110	L
59	111	L
59	112	L
59	113	L
59	114	L
59	115	L
59	116	Lp
59	117	L
59	118	Lp
59	119	Lp
60	0	Lp
60	1	Lp
60	2	Lp
60	3	Lp
60	4	Lp
60	5	-1
60	6	Lp
60	7	L
60	8	L
60	9	L
60	10	L
60	11	Lp
60	12	Lp
60	13	Lp
60	14	L
60	15	L
60	16	L
60	17	L
60	18	U
60	19	U
60	20	Lp
60	21	Lp
60	22	Lp
60	23	Lp
60	24	Lp
60	25	Lp
60	26	Lp
60	27	Lp
60	28	Lp
60	29	Lp
60	30	-1
60	31	-1
60	32	Lp
60	33	Lp
60	34	Lp
60	35	Lp
60	36	-1
60	37	Lp
60	38	L
60	39	Lp
60	40	-1
60	41	Lp
60	42	Lp
60	43	Lp
60	44	Lp
60	45	Lp
60	46	Lp
60	47	Lp
60	48	U
60	49	Lp
60	50	Lp
60	51	Lp
60	52	-1
60	53	U
60	54	Lp
60	55	-1
60	56	U
60	57	Lp
60	58	Lp
60	59	Lp
60	60	Lp
60	61	Lp
60	62	-1
60	63	Lp
60	64	-1
60	65	Lp
60	66	Lp
60	67	Lp
60	68	Lp
60	69	Lp
60	70	Lp
60	71	Lp
60	72	Lp
60	73	Lp
60	74	U
60	75	Lp
60	76	Lp
60	77	Lp
60	78	Lp
60	79	Lp
60	80	Lp
60	81	Lp
60	82	Lp
60	83	Lp
60	84	Lp
60	85	Lp
60	86	Lp
60	87	Lp
60	88	Lp
60	89	Lp
60	90	Lp
60	91	Lp
60	92	L
60	93	L
60	94	Lp
60	95	Lp
60	96	-1
60	97	L
60	98	Lp
60	99	Lp
60	100	Lp
60	101	-1
60	102	L
60	103	L
60	104	L
60	105	Lp
60	106	L
60	107	Lp
60	108	L
60	109	L
60	110	L
60	111	L
60	112	L
60	113	L
60	114	L
60	115	L
60	116	L
60	117	L
60	118	Lp
60	119	Lp
61	0	Lp
61	1	Lp
61	2	Lp
61	3	Lp
61	4	L
61	5	Lp
61	6	Lp
61	7	-1
61	8	L
61	9	L
61	10	L
61	11	L
61	12	Lp
61	13	Lp
61	14	Lp
61	15	L
61	16	L
61	17	U
61	18	-1
61	19	U
61	20	Lp
61	21	-1
61	22	Lp
61	23	Lp
61	24	Lp
61	25	Lp
61	26	-1
61	27	L
61	28	-1
61	29	Lp
61	30	-1
61	31	Lp
61	32	Lp
61	33	Lp
61	34	Lp
61	35	Lp
61	36	Lp
61	37	-1
61	38	L
61	39	Lp
61	40	Lp
61	41	U
61	42	U
61	43	Lp
61	44	Lp
61	45	Lp
61	46	Lp
61	47	Lp
61	48	Lp
61	49	Lp
61	50	Lp
61	51	Lp
61	52	Lp
61	53	U
61	54	-1
61	55	Lp
61	56	Lp
61	57	Lp
61	58	Lp
61	59	Lp
61	60	Lp
61	61	Lp
61	62	-1
61	63	Lp
61	64	Lp
61	65	Lp
61	66	Lp
61	67	Lp
61	68	Lp
61	69	Lp
61	70	Lp
61	71	-1
61	72	-1
61	73	Lp
61	74	Lp
61	75	U
61	76	Lp
61	77	Lp
61	78	Lp
61	79	Lp
61	80	U
61	81	Lp
61	82	-1
61	83	Lp
61	84	-1
61	85	Lp
61	86	Lp
61	87	-1
61	88	-1
61	89	Lp
61	90	Lp
61	91	L
61	92	Lp
61	93	Lp
61	94	L
61	95	Lp
61	96	-1
61	97	Lp
61	98	Lp
61	99	Lp
61	100	Lp
61	101	L
61	102	L
61	103	L
61	104	U
61	105	L
61	106	-1
61	107	Lp
61	108	L
61	109	L
61	110	-1
61	111	L
61	112	L
61	113	L
61	114	L
61	115	L
61	116	-1
61	117	L
61	118	L
61	119	L
62	0	Lp
62	1	-1
62	2	L
62	3	Lp
62	4	Lp
62	5	L
62	6	Lp
62	7	-1
62	8	L
62	9	L
62	10	L
62	11	Lp
62	12	L
62	13	Lp
62	14	L
62	15	L
62	16	Lp
62	17	L
62	18	U
62	19	Lp
62	20	Lp
62	21	Lp
62	22	Lp
62	23	Lp
62	24	Lp
62	25	L
62	26	L
62	27	L
62	28	Lp
62	29	-1
62	30	-1
62	31	Lp
62	32	Lp
62	33	Lp
62	34	Lp
62	35	Lp
62	36	Lp
62	37	Lp
62	38	Lp
62	39	Lp
62	40	Lp
62	41	Lp
62	42	U
62	43	Lp
62	44	Lp
62	45	Lp
62	46	Lp
62	47	Lp
62	48	Lp
62	49	Lp
62	50	Lp
62	51	Lp
62	52	Lp
62	53	Lp
62	54	Lp
62	55	Lp
62	56	Lp
62	57	Lp
62	58	Lp
62	59	Lp
62	60	Lp
62	61	Lp
62	62	Lp
62	63	-1
62	64	Lp
62	65	Lp
62	66	Lp
62	67	Lp
62	68	Lp
62	69	Lp
62	70	Lp
62	71	-1
62	72	-1
62	73	Lp
62	74	Lp
62	75	U
62	76	U
62	77	Lp
62	78	Lp
62	79	-1
62	80	Lp
62	81	Lp
62	82	Lp
62	83	Lp
62	84	Lp
62	85	-1
62	86	Lp
62	87	U
62	88	Lp
62	89	Lp
62	90	Lp
62	91	Lp
62	92	Lp
62	93	Lp
62	94	Lp
62	95	-1
62	96	L
62	97	Lp
62	98	Lp
62	99	Lp
62	100	L
62	101	Lp
62	102	L
62	103	L
62	104	-1
62	105	U
62	106	Lp
62	107	Lp
62	108	Lp
62	109	L
62	110	L
62	111	L
62	112	L
62	113	-1
62	114	L
62	115	L
62	116	L
62	117	L
62	118	-1
62	119	L
63	0	L
63	1	Lp
63	2	Lp
63	3	L
63	4	Lp
63	5	Lp
63	6	Lp
63	7	Lp
63	8	L
63	9	Lp
63	10	L
63	11	Lp
63	12	Lp
63	13	L
63	14	Lp
63	15	L
63	16	Lp
63	17	-1
63	18	Lp
63	19	U
63	20	U
63	21	Lp
63	22	Lp
63	23	Lp
63	24	-1
63	25	L
63	26	L
63	27	L
63	28	L
63	29	Lp
63	30	Lp
63	31	Lp
63	32	L
63	33	L
63	34	L
63	35	Lp
63	36	Lp
63	37	-1
63	38	Lp
63	39	Lp
63	40	-1
63	41	U
63	42	Lp
63	43	-1
63	44	U
63	45	Lp
63	46	-1
63	47	Lp
63	48	Lp
63	49	Lp
63	50	Lp
63	51	Lp
63	52	Lp
63	53	Lp
63	54	Lp
63	55	Lp
63	56	Lp
63	57	Lp
63	58	Lp
63	59	Lp
63	60	-1
63	61	Lp
63	62	-1
63	63	Lp
63	64	Lp
63	65	Lp
63	66	Lp
63	67	Lp
63	68	Lp
63	69	Lp
63	70	-1
63	71	Lp
63	72	-1
63	73	-1
63	74	-1
63	75	Lp
63	76	Lp
63	77	Lp
63	78	Lp
63	79	Lp
63	80	Lp
63	81	Lp
63	82	Lp
63	83	Lp
63	84	Lp
63	85	Lp
63	86	Lp
63	87	U
63	88	Lp
63	89	Lp
63	90	-1
63	91	Lp
63	92	Lp
63	93	Lp
63	94	Lp
63	95	Lp
63	96	Lp
63	97	Lp
63	98	Lp
63	99	L
63	100	L
63	101	L
63	102	-1
63	103	L
63	104	U
63	105	U
63	106	U
63	107	Lp
63	108	Lp
63	109	L
63	110	-1
63	111	L
63	112	L
63	113	-1
63	114	Lp
63	115	-1
63	116	L
63	117	-1
63	118	L
63	119	L
64	0	Lp
64	1	-1
64	2	-1
64	3	Lp
64	4	Lp
64	5	Lp
64	6	Lp
64	7	Lp
64	8	L
64	9	Lp
64	10	-1
64	11	L
64	12	Lp
64	13	Lp
64	14	Lp
64	15	Lp
64	16	-1
64	17	Lp
64	18	Lp
64	19	L
64	20	U
64	21	-1
64	22	-1
64	23	Lp
64	24	U
64	25	U
64	26	-1
64	27	L
64	28	Lp
64	29	-1
64	30	Lp
64	31	Lp
64	32	-1
64	33	L
64	34	Lp
64	35	Lp
64	36	Lp
64	37	-1
64	38	Lp
64	39	Lp
64	40	U
64	41	U
64	42	U
64	43	Lp
64	44	Lp
64	45	U
64	46	U
64	47	Lp
64	48	Lp
64	49	Lp
64	50	-1
64	51	Lp
64	52	Lp
64	53	Lp
64	54	Lp
64	55	-1
64	56	-1
64	57	Lp
64	58	Lp
64	59	Lp
64	60	Lp
64	61	Lp
64	62	Lp
64	63	U
64	64	Lp
64	65	-1
64	66	Lp
64	67	Lp
64	68	Lp
64	69	Lp
64	70	Lp
64	71	-1
64	72	-1
64	73	Lp
64	74	Lp
64	75	-1
64	76	Lp
64	77	-1
64	78	Lp
64	79	Lp
64	80	-1
64	81	Lp
64	82	U
64	83	Lp
64	84	Lp
64	85	Lp
64	86	Lp
64	87	U
64	88	-1
64	89	U
64	90	-1
64	91	-1
64	92	Lp
64	93	Lp
64	94	Lp
64	95	Lp
64	96	Lp
64	97	Lp
64	98	Lp
64	99	Lp
64	100	L
64	101	L
64	102	L
64	103	L
64	104	-1
64	105	U
64	106	U
64	107	-1
64	108	Lp
64	109	Lp
64	110	U
64	111	L
64	112	-1
64	113	L
64	114	Lp
64	115	-1
64	116	Lp
64	117	-1
64	118	L
64	119	-1
65	0	L
65	1	L
65	2	-1
65	3	L
65	4	Lp
65	5	Lp
65	6	Lp
65	7	Lp
65	8	-1
65	9	Lp
65	10	Lp
65	11	Lp
65	12	-1
65	13	-1
65	14	Lp
65	15	Lp
65	16	L
65	17	L
65	18	U
65	19	-1
65	20	-1
65	21	Lp
65	22	Lp
65	23	-1
65	24	Lp
65	25	U
65	26	U
65	27	L
65	28	L
65	29	Lp
65	30	Lp
65	31	Lp
65	32	Lp
65	33	L
65	34	Lp
65	35	Lp
65	36	Lp
65	37	Lp
65	38	U
65	39	Lp
65	40	Lp
65	41	U
65	42	Lp
65	43	Lp
65	44	Lp
65	45	U
65	46	U
65	47	-1
65	48	Lp
65	49	-1
65	50	Lp
65	51	Lp
65	52	Lp
65	53	Lp
65	54	Lp
65	55	Lp
65	56	Lp
65	57	Lp
65	58	Lp
65	59	Lp
65	60	Lp
65	61	Lp
65	62	Lp
65	63	Lp
65	64	U
65	65	U
65	66	Lp
65	67	Lp
65	68	Lp
65	69	Lp
65	70	Lp
65	71	Lp
65	72	Lp
65	73	U
65	74	Lp
65	75	Lp
65	76	Lp
65	77	Lp
65	78	Lp
65	79	Lp
65	80	Lp
65	81	Lp
65	82	U
65	83	Lp
65	84	Lp
65	85	Lp
65	86	-1
65	87	Lp
65	88	U
65	89	U
65	90	U
65	91	U
65	92	Lp
65	93	Lp
65	94	-1
65	95	Lp
65	96	Lp
65	97	Lp
65	98	Lp
65	99	Lp
65	100	L
65	101	-1
65	102	L
65	103	L
65	104	-1
65	105	U
65	106	Lp
65	107	Lp
65	108	U
65	109	Lp
65	110	U
65	111	-1
65	112	L
65	113	L
65	114	L
65	115	Lp
65	116	Lp
65	117	L
65	118	-1
65	119	-1
66	0	Lp
66	1	L
66	2	L
66	3	Lp
66	4	Lp
66	5	Lp
66	6	Lp
66	7	Lp
66	8	-1
66	9	Lp
66	10	-1
66	11	Lp
66	12	-1
66	13	Lp
66	14	-1
66	15	L
66	16	L
66	17	U
66	18	U
66	19	Lp
66	20	-1
66	21	Lp
66	22	Lp
66	23	-1
66	24	Lp
66	25	Lp
66	26	-1
66	27	-1
66	28	Lp
66	29	Lp
66	30	L
66	31	Lp
66	32	Lp
66	33	Lp
66	34	Lp
66	35	-1
66	36	-1
66	37	Lp
66	38	Lp
66	39	Lp
66	40	Lp
66	41	Lp
66	42	Lp
66	43	Lp
66	44	Lp
66	45	U
66	46	Lp
66	47	Lp
66	48	Lp
66	49	Lp
66	50	Lp
66	51	Lp
66	52	L
66	53	Lp
66	54	Lp
66	55	Lp
66	56	Lp
66	57	U
66	58	-1
66	59	Lp
66	60	-1
66	61	Lp
66	62	Lp
66	63	Lp
66	64	Lp
66	65	U
66	66	Lp
66	67	-1
66	68	Lp
66	69	Lp
66	70	Lp
66	71	Lp
66	72	Lp
66	73	U
66	74	Lp
66	75	Lp
66	76	Lp
66	77	-1
66	78	Lp
66	79	-1
66	80	Lp
66	81	Lp
66	82	U
66	83	Lp
66	84	Lp
66	85	Lp
66	86	Lp
66	87	Lp
66	88	U
66	89	U
66	90	U
66	91	Lp
66	92	Lp
66	93	U
66	94	Lp
66	95	Lp
66	96	Lp
66	97	Lp
66	98	Lp
66	99	Lp
66	100	L
66	101	-1
66	102	L
66	103	L
66	104	Lp
66	105	U
66	106	-1
66	107	U
66	108	L
66	109	Lp
66	110	U
66	111	-1
66	112	L
66	113	-1
66	114	U
66	115	Lp
66	116	Lp
66	117	L
66	118	L
66	119	-1
67	0	Lp
67	1	L
67	2	Lp
67	3	Lp
67	4	-1
67	5	Lp
67	6	Lp
67	7	Lp
67	8	-1
67	9	Lp
67	10	Lp
67	11	Lp
67	12	Lp
67	13	Lp
67	14	Lp
67	15	Lp
67	16	Lp
67	17	-1
67	18	Lp
67	19	-1
67	20	-1
67	21	Lp
67	22	Lp
67	23	Lp
67	24	L
67	25	L
67	26	Lp
67	27	Lp
67	28	-1
67	29	L
67	30	Lp
67	31	Lp
67	32	Lp
67	33	Lp
67	34	Lp
67	35	Lp
67	36	Lp
67	37	-1
67	38	U
67	39	Lp
67	40	Lp
67	41	Lp
67	42	Lp
67	43	-1
67	44	U
67	45	Lp
67	46	Lp
67	47	Lp
67	48	Lp
67	49	Lp
67	50	Lp
67	51	Lp
67	52	Lp
67	53	Lp
67	54	Lp
67	55	-1
67	56	Lp
67	57	Lp
67	58	Lp
67	59	Lp
67	60	Lp
67	61	-1
67	62	Lp
67	63	-1
67	64	Lp
67	65	Lp
67	66	L
67	67	L
67	68	-1
67	69	Lp
67	70	Lp
67	71	Lp
67	72	Lp
67	73	Lp
67	74	Lp
67	75	-1
67	76	-1
67	77	Lp
67	78	-1
67	79	Lp
67	80	Lp
67	81	-1
67	82	Lp
67	83	U
67	84	Lp
67	85	Lp
67	86	Lp
67	87	Lp
67	88	Lp
67	89	-1
67	90	U
67	91	Lp
67	92	Lp
67	93	Lp
67	94	U
67	95	Lp
67	96	Lp
67	97	Lp
67	98	Lp
67	99	Lp
67	100	Lp
67	101	Lp
67	102	L
67	103	L
67	104	L
67	105	L
67	106	L
67	107	L
67	108	Lp
67	109	-1
67	110	Lp
67	111	Lp
67	112	Lp
67	113	Lp
67	114	Lp
67	115	Lp
67	116	-1
67	117	Lp
67	118	Lp
67	119	-1
68	0	Lp
68	1	Lp
68	2	Lp
68	3	Lp
68	4	Lp
68	5	Lp
68	6	Lp
68	7	Lp
68	8	-1
68	9	Lp
68	10	Lp
68	11	Lp
68	12	Lp
68	13	Lp
68	14	Lp
68	15	Lp
68	16	U
68	17	Lp
68	18	Lp
68	19	Lp
68	20	Lp
68	21	Lp
68	22	Lp
68	23	Lp
68	24	L
68	25	L
68	26	Lp
68	27	L
68	28	L
68	29	L
68	30	L
68	31	L
68	32	Lp
68	33	Lp
68	34	Lp
68	35	Lp
68	36	Lp
68	37	Lp
68	38	-1
68	39	-1
68	40	-1
68	41	-1
68	42	-1
68	43	U
68	44	Lp
68	45	-1
68	46	Lp
68	47	Lp
68	48	Lp
68	49	Lp
68	50	Lp
68	51	Lp
68	52	Lp
68	53	Lp
68	54	Lp
68	55	Lp
68	56	-1
68	57	U
68	58	Lp
68	59	-1
68	60	Lp
68	61	Lp
68	62	Lp
68	63	Lp
68	64	Lp
68	65	-1
68	66	L
68	67	L
68	68	L
68	69	L
68	70	Lp
68	71	Lp
68	72	Lp
68	73	Lp
68	74	-1
68	75	Lp
68	76	Lp
68	77	Lp
68	78	-1
68	79	-1
68	80	Lp
68	81	Lp
68	82	Lp
68	83	Lp
68	84	Lp
68	85	Lp
68	86	Lp
68	87	Lp
68	88	-1
68	89	Lp
68	90	-1
68	91	-1
68	92	Lp
68	93	Lp
68	94	Lp
68	95	Lp
68	96	-1
68	97	-1
68	98	Lp
68	99	Lp
68	100	L
68	101	Lp
68	102	Lp
68	103	-1
68	104	L
68	105	-1
68	106	-1
68	107	L
68	108	Lp
68	109	Lp
68	110	-1
68	111	Lp
68	112	Lp
68	113	Lp
68	114	L
68	115	Lp
68	116	Lp
68	117	Lp
68	118	-1
68	119	Lp
69	0	Lp
69	1	Lp
69	2	Lp
69	3	Lp
69	4	Lp
69	5	-1
69	6	Lp
69	7	Lp
69	8	Lp
69	9	Lp
69	10	-1
69	11	Lp
69	12	-1
69	13	Lp
69	14	Lp
69	15	Lp
69	16	-1
69	17	Lp
69	18	Lp
69	19	Lp
69	20	-1
69	21	Lp
69	22	Lp
69	23	Lp
69	24	Lp
69	25	L
69	26	L
69	27	L
69	28	L
69	29	L
69	30	L
69	31	L
69	32	L
69	33	Lp
69	34	Lp
69	35	Lp
69	36	Lp
69	37	-1
69	38	Lp
69	39	Lp
69	40	-1
69	41	Lp
69	42	U
69	43	Lp
69	44	Lp
69	45	-1
69	46	U
69	47	U
69	48	-1
69	49	Lp
69	50	Lp
69	51	Lp
69	52	Lp
69	53	Lp
69	54	-1
69	55	Lp
69	56	Lp
69	57	Lp
69	58	Lp
69	59	-1
69	60	Lp
69	61	-1
69	62	Lp
69	63	Lp
69	64	Lp
69	65	Lp
69	66	Lp
69	67	Lp
69	68	L
69	69	Lp
69	70	Lp
69	71	L
69	72	Lp
69	73	Lp
69	74	Lp
69	75	Lp
69	76	Lp
69	77	-1
69	78	Lp
69	79	Lp
69	80	Lp
69	81	Lp
69	82	Lp
69	83	-1
69	84	Lp
69	85	Lp
69	86	Lp
69	87	Lp
69	88	Lp
69	89	Lp
69	90	Lp
69	91	U
69	92	L
69	93	L
69	94	L
69	95	-1
69	96	L
69	97	L
69	98	Lp
69	99	L
69	100	Lp
69	101	-1
69	102	Lp
69	103	-1
69	104	L
69	105	L
69	106	L
69	107	L
69	108	L
69	109	Lp
69	110	L
69	111	L
69	112	-1
69	113	Lp
69	114	Lp
69	115	Lp
69	116	Lp
69	117	Lp
69	118	Lp
69	119	Lp
70	0	-1
70	1	Lp
70	2	Lp
70	3	-1
70	4	U
70	5	Lp
70	6	Lp
70	7	-1
70	8	Lp
70	9	U
70	10	Lp
70	11	Lp
70	12	Lp
70	13	Lp
70	14	Lp
70	15	Lp
70	16	Lp
70	17	Lp
70	18	Lp
70	19	Lp
70	20	Lp
70	21	Lp
70	22	Lp
70	23	Lp
70	24	Lp
70	25	L
70	26	-1
70	27	L
70	28	L
70	29	L
70	30	L
70	31	-1
70	32	Lp
70	33	Lp
70	34	-1
70	35	Lp
70	36	Lp
70	37	Lp
70	38	Lp
70	39	Lp
70	40	U
70	41	-1
70	42	Lp
70	43	Lp
70	44	Lp
70	45	Lp
70	46	-1
70	47	-1
70	48	-1
70	49	Lp
70	50	Lp
70	51	Lp
70	52	Lp
70	53	Lp
70	54	Lp
70	55	-1
70	56	Lp
70	57	-1
70	58	-1
70	59	Lp
70	60	Lp
70	61	Lp
70	62	-1
70	63	Lp
70	64	Lp
70	65	Lp
70	66	Lp
70	67	Lp
70	68	L
70	69	Lp
70	70	L
70	71	Lp
70	72	L
70	73	Lp
70	74	Lp
70	75	Lp
70	76	Lp
70	77	Lp
70	78	Lp
70	79	Lp
70	80	Lp
70	81	Lp
70	82	Lp
70	83	-1
70	84	-1
70	85	Lp
70	86	Lp
70	87	Lp
70	88	-1
70	89	Lp
70	90	U
70	91	L
70	92	L
70	93	L
70	94	-1
70	95	L
70	96	L
70	97	Lp
70	98	L
70	99	L
70	100	L
70	101	L
70	102	L
70	103	L
70	104	L
70	105	L
70	106	L
70	107	L
70	108	Lp
70	109	Lp
70	110	Lp
70	111	L
70	112	L
70	113	-1
70	114	-1
70	115	L
70	116	Lp
70	117	Lp
70	118	Lp
70	119	U
71	0	U
71	1	Lp
71	2	Lp
71	3	Lp
71	4	Lp
71	5	Lp
71	6	Lp
71	7	Lp
71	8	Lp
71	9	Lp
71	10	Lp
71	11	Lp
71	12	Lp
71	13	Lp
71	14	Lp
71	15	-1
71	16	Lp
71	17	Lp
71	18	Lp
71	19	-1
71	20	Lp
71	21	Lp
71	22	Lp
71	23	Lp
71	24	Lp
71	25	Lp
71	26	Lp
71	27	L
71	28	L
71	29	L
71	30	L
71	31	Lp
71	32	Lp
71	33	Lp
71	34	Lp
71	35	Lp
71	36	Lp
71	37	-1
71	38	Lp
71	39	Lp
71	40	Lp
71	41	Lp
71	42	Lp
71	43	Lp
71	44	Lp
71	45	-1
71	46	Lp
71	47	Lp
71	48	Lp
71	49	-1
71	50	U
71	51	U
71	52	Lp
71	53	-1
71	54	-1
71	55	Lp
71	56	Lp
71	57	Lp
71	58	Lp
71	59	-1
71	60	Lp
71	61	Lp
71	62	Lp
71	63	Lp
71	64	Lp
71	65	Lp
71	66	Lp
71	67	L
71	68	Lp
71	69	Lp
71	70	Lp
71	71	Lp
71	72	Lp
71	73	-1
71	74	Lp
71	75	-1
71	76	Lp
71	77	Lp
71	78	Lp
71	79	Lp
71	80	Lp
71	81	Lp
71	82	Lp
71	83	Lp
71	84	Lp
71	85	-1
71	86	-1
71	87	Lp
71	88	U
71	89	U
71	90	U
71	91	U
71	92	L
71	93	L
71	94	L
71	95	-1
71	96	Lp
71	97	Lp
71	98	Lp
71	99	L
71	100	L
71	101	L
71	102	L
71	103	L
71	104	L
71	105	L
71	106	L
71	107	L
71	108	-1
71	109	-1
71	110	Lp
71	111	L
71	112	L
71	113	Lp
71	114	-1
71	115	Lp
71	116	Lp
71	117	Lp
71	118	Lp
71	119	U
72	0	U
72	1	U
72	2	-1
72	3	-1
72	4	Lp
72	5	Lp
72	6	Lp
72	7	Lp
72	8	Lp
72	9	Lp
72	10	-1
72	11	-1
72	12	Lp
72	13	Lp
72	14	Lp
72	15	Lp
72	16	-1
72	17	Lp
72	18	Lp
72	19	Lp
72	20	Lp
72	21	-1
72	22	Lp
72	23	Lp
72	24	Lp
72	25	Lp
72	26	Lp
72	27	L
72	28	L
72	29	Lp
72	30	Lp
72	31	L
72	32	Lp
72	33	Lp
72	34	Lp
72	35	Lp
72	36	Lp
72	37	-1
72	38	Lp
72	39	Lp
72	40	Lp
72	41	Lp
72	42	Lp
72	43	Lp
72	44	-1
72	45	Lp
72	46	Lp
72	47	Lp
72	48	Lp
72	49	Lp
72	50	Lp
72	51	-1
72	52	Lp
72	53	Lp
72	54	-1
72	55	Lp
72	56	Lp
72	57	-1
72	58	-1
72	59	Lp
72	60	Lp
72	61	Lp
72	62	Lp
72	63	Lp
72	64	Lp
72	65	Lp
72	66	Lp
72	67	Lp
72	68	Lp
72	69	Lp
72	70	Lp
72	71	Lp
72	72	L
72	73	-1
72	74	Lp
72	75	Lp
72	76	Lp
72	77	-1
72	78	Lp
72	79	Lp
72	80	Lp
72	81	Lp
72	82	Lp
72	83	Lp
72	84	Lp
72	85	Lp
72	86	Lp
72	87	Lp
72	88	Lp
72	89	U
72	90	-1
72	91	L
72	92	-1
72	93	L
72	94	U
72	95	Lp
72	96	Lp
72	97	-1
72	98	-1
72	99	L
72	100	L
72	101	L
72	102	L
72	103	-1
72	104	L
72	105	L
72	106	L
72	107	-1
72	108	L
72	109	-1
72	110	Lp
72	111	Lp
72	112	Lp
72	113	Lp
72	114	Lp
72	115	Lp
72	116	Lp
72	117	Lp
72	118	Lp
72	119	-1
73	0	U
73	1	U
73	2	U
73	3	U
73	4	L
73	5	Lp
73	6	Lp
73	7	Lp
73	8	Lp
73	9	Lp
73	10	Lp
73	11	Lp
73	12	Lp
73	13	Lp
73	14	L
73	15	Lp
73	16	Lp
73	17	Lp
73	18	Lp
73	19	Lp
73	20	Lp
73	21	Lp
73	22	-1
73	23	Lp
73	24	-1
73	25	Lp
73	26	Lp
73	27	Lp
73	28	L
73	29	Lp
73	30	Lp
73	31	L
73	32	Lp
73	33	Lp
73	34	Lp
73	35	Lp
73	36	Lp
73	37	Lp
73	38	-1
73	39	Lp
73	40	Lp
73	41	-1
73	42	-1
73	43	Lp
73	44	U
73	45	Lp
73	46	Lp
73	47	Lp
73	48	Lp
73	49	-1
73	50	Lp
73	51	U
73	52	Lp
73	53	Lp
73	54	Lp
73	55	Lp
73	56	Lp
73	57	Lp
73	58	-1
73	59	Lp
73	60	Lp
73	61	-1
73	62	Lp
73	63	Lp
73	64	Lp
73	65	-1
73	66	Lp
73	67	Lp
73	68	Lp
73	69	-1
73	70	Lp
73	71	L
73	72	Lp
73	73	Lp
73	74	-1
73	75	Lp
73	76	Lp
73	77	Lp
73	78	-1
73	79	Lp
73	80	Lp
73	81	Lp
73	82	Lp
73	83	Lp
73	84	Lp
73	85	Lp
73	86	L
73	87	Lp
73	88	Lp
73	89	U
73	90	Lp
73	91	Lp
73	92	L
73	93	-1
73	94	Lp
73	95	Lp
73	96	-1
73	97	Lp
73	98	-1
73	99	Lp
73	100	L
73	101	-1
73	102	L
73	103	L
73	104	L
73	105	U
73	106	L
73	107	Lp
73	108	Lp
73	109	Lp
73	110	Lp
73	111	-1
73	112	Lp
73	113	Lp
73	114	-1
73	115	U
73	116	Lp
73	117	-1
73	118	-1
73	119	Lp
74	0	L
74	1	U
74	2	U
74	3	Lp
74	4	-1
74	5	L
74	6	-1
74	7	Lp
74	8	-1
74	9	Lp
74	10	Lp
74	11	U
74	12	Lp
74	13	L
74	14	L
74	15	Lp
74	16	Lp
74	17	Lp
74	18	Lp
74	19	Lp
74	20	-1
74	21	Lp
74	22	Lp
74	23	Lp
74	24	Lp
74	25	-1
74	26	Lp
74	27	U
74	28	-1
74	29	L
74	30	L
74	31	L
74	32	Lp
74	33	Lp
74	34	Lp
74	35	Lp
74	36	Lp
74	37	Lp
74	38	Lp
74	39	Lp
74	40	Lp
74	41	Lp
74	42	Lp
74	43	Lp
74	44	-1
74	45	U
74	46	Lp
74	47	Lp
74	48	Lp
74	49	Lp
74	50	Lp
74	51	Lp
74	52	Lp
74	53	Lp
74	54	Lp
74	55	U
74	56	-1
74	57	Lp
74	58	Lp
74	59	Lp
74	60	-1
74	61	-1
74	62	-1
74	63	Lp
74	64	Lp
74	65	-1
74	66	Lp
74	67	Lp
74	68	-1
74	69	Lp
74	70	L
74	71	Lp
74	72	Lp
74	73	-1
74	74	Lp
74	75	Lp
74	76	Lp
74	77	Lp
74	78	-1
74	79	Lp
74	80	Lp
74	81	Lp
74	82	Lp
74	83	Lp
74	84	Lp
74	85	Lp
74	86	L
74	87	Lp
74	88	Lp
74	89	-1
74	90	Lp
74	91	-1
74	92	Lp
74	93	L
74	94	Lp
74	95	L
74	96	L
74	97	L
74	98	L
74	99	L
74	100	Lp
74	101	L
74	102	-1
74	103	L
74	104	-1
74	105	L
74	106	L
74	107	-1
74	108	Lp
74	109	Lp
74	110	Lp
74	111	Lp
74	112	L
74	113	L
74	114	U
74	115	U
74	116	L
74	117	-1
74	118	-1
74	119	-1
75	0	L
75	1	Lp
75	2	L
75	3	-1
75	4	Lp
75	5	-1
75	6	Lp
75	7	-1
75	8	Lp
75	9	Lp
75	10	-1
75	11	Lp
75	12	-1
75	13	L
75	14	L
75	15	Lp
75	16	Lp
75	17	Lp
75	18	L
75	19	-1
75	20	-1
75	21	-1
75	22	Lp
75	23	Lp
75	24	L
75	25	L
75	26	L
75	27	L
75	28	L
75	29	L
75	30	L
75	31	Lp
75	32	L
75	33	Lp
75	34	Lp
75	35	Lp
75	36	Lp
75	37	-1
75	38	Lp
75	39	Lp
75	40	Lp
75	41	Lp
75	42	Lp
75	43	Lp
75	44	Lp
75	45	Lp
75	46	Lp
75	47	Lp
75	48	U
75	49	Lp
75	50	Lp
75	51	Lp
75	52	Lp
75	53	Lp
75	54	-1
75	55	Lp
75	56	Lp
75	57	Lp
75	58	Lp
75	59	Lp
75	60	U
75	61	Lp
75	62	Lp
75	63	Lp
75	64	-1
75	65	-1
75	66	Lp
75	67	Lp
75	68	Lp
75	69	L
75	70	L
75	71	-1
75	72	Lp
75	73	Lp
75	74	Lp
75	75	Lp
75	76	-1
75	77	Lp
75	78	U
75	79	Lp
75	80	Lp
75	81	Lp
75	82	Lp
75	83	Lp
75	84	Lp
75	85	Lp
75	86	Lp
75	87	Lp
75	88	L
75	89	L
75	90	-1
75	91	-1
75	92	Lp
75	93	Lp
75	94	L
75	95	Lp
75	96	L
75	97	-1
75	98	-1
75	99	L
75	100	L
75	101	L
75	102	L
75	103	L
75	104	L
75	105	L
75	106	L
75	107	L
75	108	Lp
75	109	Lp
75	110	-1
75	111	-1
75	112	L
75	113	U
75	114	-1
75	115	Lp
75	116	Lp
75	117	Lp
75	118	Lp
75	119	Lp
76	0	L
76	1	Lp
76	2	U
76	3	U
76	4	Lp
76	5	Lp
76	6	-1
76	7	Lp
76	8	Lp
76	9	Lp
76	10	Lp
76	11	Lp
76	12	Lp
76	13	-1
76	14	L
76	15	Lp
76	16	-1
76	17	L
76	18	Lp
76	19	L
76	20	L
76	21	Lp
76	22	L
76	23	Lp
76	24	L
76	25	L
76	26	Lp
76	27	L
76	28	L
76	29	L
76	30	-1
76	31	U
76	32	-1
76	33	L
76	34	-1
76	35	U
76	36	Lp
76	37	-1
76	38	Lp
76	39	Lp
76	40	Lp
76	41	Lp
76	42	Lp
76	43	-1
76	44	Lp
76	45	Lp
76	46	Lp
76	47	Lp
76	48	U
76	49	U
76	50	Lp
76	51	Lp
76	52	Lp
76	53	-1
76	54	Lp
76	55	Lp
76	56	-1
76	57	-1
76	58	Lp
76	59	Lp
76	60	Lp
76	61	Lp
76	62	Lp
76	63	-1
76	64	Lp
76	65	-1
76	66	Lp
76	67	Lp
76	68	Lp
76	69	Lp
76	70	Lp
76	71	Lp
76	72	L
76	73	Lp
76	74	Lp
76	75	-1
76	76	-1
76	77	Lp
76	78	Lp
76	79	Lp
76	80	Lp
76	81	-1
76	82	Lp
76	83	Lp
76	84	Lp
76	85	Lp
76	86	Lp
76	87	L
76	88	L
76	89	Lp
76	90	Lp
76	91	Lp
76	92	Lp
76	93	Lp
76	94	Lp
76	95	L
76	96	L
76	97	-1
76	98	L
76	99	L
76	100	L
76	101	L
76	102	-1
76	103	-1
76	104	L
76	105	-1
76	106	L
76	107	L
76	108	L
76	109	Lp
76	110	Lp
76	111	-1
76	112	U
76	113	U
76	114	-1
76	115	Lp
76	116	Lp
76	117	Lp
76	118	Lp
76	119	Lp
77	0	Lp
77	1	-1
77	2	Lp
77	3	Lp
77	4	Lp
77	5	Lp
77	6	-1
77	7	-1
77	8	Lp
77	9	-1
77	10	Lp
77	11	Lp
77	12	Lp
77	13	Lp
77	14	Lp
77	15	Lp
77	16	Lp
77	17	-1
77	18	-1
77	19	Lp
77	20	L
77	21	L
77	22	Lp
77	23	Lp
77	24	Lp
77	25	Lp
77	26	Lp
77	27	L
77	28	L
77	29	L
77	30	U
77	31	Lp
77	32	Lp
77	33	Lp
77	34	-1
77	35	Lp
77	36	Lp
77	37	-1
77	38	Lp
77	39	Lp
77	40	Lp
77	41	Lp
77	42	Lp
77	43	Lp
77	44	Lp
77	45	-1
77	46	Lp
77	47	Lp
77	48	U
77	49	U
77	50	Lp
77	51	Lp
77	52	Lp
77	53	Lp
77	54	-1
77	55	-1
77	56	-1
77	57	-1
77	58	Lp
77	59	Lp
77	60	Lp
77	61	Lp
77	62	Lp
77	63	Lp
77	64	Lp
77	65	Lp
77	66	Lp
77	67	Lp
77	68	Lp
77	69	-1
77	70	-1
77	71	Lp
77	72	Lp
77	73	Lp
77	74	Lp
77	75	Lp
77	76	Lp
77	77	Lp
77	78	Lp
77	79	Lp
77	80	Lp
77	81	Lp
77	82	-1
77	83	Lp
77	84	Lp
77	85	Lp
77	86	L
77	87	-1
77	88	-1
77	89	Lp
77	90	L
77	91	-1
77	92	L
77	93	Lp
77	94	L
77	95	L
77	96	L
77	97	L
77	98	L
77	99	L
77	100	L
77	101	L
77	102	-1
77	103	L
77	104	L
77	105	L
77	106	L
77	107	L
77	108	L
77	109	Lp
77	110	L
77	111	Lp
77	112	Lp
77	113	Lp
77	114	L
77	115	Lp
77	116	Lp
77	117	Lp
77	118	Lp
77	119	Lp
78	0	Lp
78	1	Lp
78	2	Lp
78	3	Lp
78	4	U
78	5	-1
78	6	Lp
78	7	Lp
78	8	Lp
78	9	Lp
78	10	-1
78	11	Lp
78	12	Lp
78	13	Lp
78	14	Lp
78	15	L
78	16	-1
78	17	Lp
78	18	-1
78	19	L
78	20	-1
78	21	L
78	22	Lp
78	23	Lp
78	24	Lp
78	25	Lp
78	26	L
78	27	L
78	28	Lp
78	29	L
78	30	Lp
78	31	Lp
78	32	-1
78	33	Lp
78	34	Lp
78	35	Lp
78	36	-1
78	37	Lp
78	38	Lp
78	39	Lp
78	40	Lp
78	41	Lp
78	42	Lp
78	43	Lp
78	44	Lp
78	45	Lp
78	46	-1
78	47	-1
78	48	U
78	49	-1
78	50	Lp
78	51	Lp
78	52	Lp
78	53	Lp
78	54	Lp
78	55	Lp
78	56	Lp
78	57	Lp
78	58	Lp
78	59	Lp
78	60	Lp
78	61	Lp
78	62	Lp
78	63	Lp
78	64	Lp
78	65	Lp
78	66	Lp
78	67	-1
78	68	Lp
78	69	Lp
78	70	Lp
78	71	Lp
78	72	Lp
78	73	Lp
78	74	Lp
78	75	Lp
78	76	Lp
78	77	Lp
78	78	Lp
78	79	-1
78	80	Lp
78	81	-1
78	82	Lp
78	83	Lp
78	84	Lp
78	85	Lp
78	86	-1
78	87	Lp
78	88	Lp
78	89	Lp
78	90	Lp
78	91	Lp
78	92	L
78	93	-1
78	94	L
78	95	L
78	96	L
78	97	L
78	98	L
78	99	L
78	100	L
78	101	L
78	102	L
78	103	L
78	104	-1
78	105	L
78	106	L
78	107	L
78	108	L
78	109	Lp
78	110	Lp
78	111	L
78	112	Lp
78	113	Lp
78	114	Lp
78	115	Lp
78	116	-1
78	117	Lp
78	118	Lp
78	119	-1
79	0	-1
79	1	Lp
79	2	Lp
79	3	-1
79	4	U
79	5	Lp
79	6	Lp
79	7	Lp
79	8	Lp
79	9	Lp
79	10	Lp
79	11	Lp
79	12	Lp
79	13	Lp
79	14	-1
79	15	L
79	16	Lp
79	17	-1
79	18	Lp
79	19	L
79	20	Lp
79	21	-1
79	22	Lp
79	23	Lp
79	24	Lp
79	25	Lp
79	26	-1
79	27	Lp
79	28	Lp
79	29	Lp
79	30	-1
79	31	Lp
79	32	Lp
79	33	Lp
79	34	Lp
79	35	Lp
79	36	Lp
79	37	Lp
79	38	Lp
79	39	-1
79	40	Lp
79	41	Lp
79	42	Lp
79	43	Lp
79	44	Lp
79	45	-1
79	46	Lp
79	47	Lp
79	48	-1
79	49	Lp
79	50	Lp
79	51	Lp
79	52	-1
79	53	-1
79	54	Lp
79	55	Lp
79	56	Lp
79	57	Lp
79	58	Lp
79	59	-1
79	60	Lp
79	61	Lp
79	62	Lp
79	63	Lp
79	64	-1
79	65	Lp
79	66	-1
79	67	Lp
79	68	Lp
79	69	Lp
79	70	Lp
79	71	Lp
79	72	Lp
79	73	-1
79	74	-1
79	75	Lp
79	76	Lp
79	77	Lp
79	78	Lp
79	79	Lp
79	80	Lp
79	81	Lp
79	82	Lp
79	83	Lp
79	84	Lp
79	85	-1
79	86	Lp
79	87	Lp
79	88	Lp
79	89	Lp
79	90	Lp
79	91	Lp
79	92	L
79	93	L
79	94	L
79	95	L
79	96	L
79	97	L
79	98	L
79	99	L
79	100	L
79	101	L
79	102	-1
79	103	U
79	104	Lp
79	105	L
79	106	-1
79	107	L
79	108	-1
79	109	-1
79	110	L
79	111	-1
79	112	Lp
79	113	Lp
79	114	Lp
79	115	Lp
79	116	Lp
79	117	Lp
79	118	Lp
79	119	Lp
80	0	Lp
80	1	-1
80	2	Lp
80	3	Lp
80	4	Lp
80	5	Lp
80	6	Lp
80	7	Lp
80	8	-1
80	9	Lp
80	10	Lp
80	11	Lp
80	12	Lp
80	13	-1
80	14	Lp
80	15	L
80	16	L
80	17	Lp
80	18	-1
80	19	Lp
80	20	-1
80	21	Lp
80	22	-1
80	23	Lp
80	24	Lp
80	25	Lp
80	26	-1
80	27	Lp
80	28	U
80	29	-1
80	30	L
80	31	Lp
80	32	Lp
80	33	Lp
80	34	Lp
80	35	Lp
80	36	Lp
80	37	-1
80	38	Lp
80	39	Lp
80	40	Lp
80	41	Lp
80	42	-1
80	43	Lp
80	44	-1
80	45	-1
80	46	Lp
80	47	Lp
80	48	Lp
80	49	Lp
80	50	Lp
80	51	Lp
80	52	Lp
80	53	Lp
80	54	Lp
80	55	Lp
80	56	Lp
80	57	Lp
80	58	Lp
80	59	Lp
80	60	Lp
80	61	Lp
80	62	Lp
80	63	Lp
80	64	-1
80	65	Lp
80	66	Lp
80	67	Lp
80	68	Lp
80	69	Lp
80	70	Lp
80	71	Lp
80	72	Lp
80	73	-1
80	74	Lp
80	75	Lp
80	76	-1
80	77	-1
80	78	-1
80	79	-1
80	80	Lp
80	81	Lp
80	82	Lp
80	83	Lp
80	84	Lp
80	85	Lp
80	86	Lp
80	87	Lp
80	88	Lp
80	89	Lp
80	90	Lp
80	91	L
80	92	-1
80	93	L
80	94	L
80	95	L
80	96	L
80	97	L
80	98	L
80	99	-1
80	100	L
80	101	-1
80	102	L
80	103	Lp
80	104	Lp
80	105	L
80	106	Lp
80	107	L
80	108	Lp
80	109	Lp
80	110	-1
80	111	-1
80	112	Lp
80	113	Lp
80	114	Lp
80	115	Lp
80	116	Lp
80	117	U
80	118	Lp
80	119	-1
81	0	Lp
81	1	Lp
81	2	Lp
81	3	Lp
81	4	Lp
81	5	Lp
81	6	Lp
81	7	Lp
81	8	-1
81	9	Lp
81	10	Lp
81	11	Lp
81	12	Lp
81	13	Lp
81	14	-1
81	15	Lp
81	16	Lp
81	17	-1
81	18	-1
81	19	L
81	20	Lp
81	21	Lp
81	22	-1
81	23	Lp
81	24	Lp
81	25	Lp
81	26	Lp
81	27	Lp
81	28	Lp
81	29	-1
81	30	Lp
81	31	Lp
81	32	Lp
81	33	Lp
81	34	-1
81	35	-1
81	36	Lp
81	37	Lp
81	38	Lp
81	39	Lp
81	40	Lp
81	41	Lp
81	42	Lp
81	43	Lp
81	44	-1
81	45	Lp
81	46	Lp
81	47	Lp
81	48	-1
81	49	Lp
81	50	Lp
81	51	Lp
81	52	Lp
81	53	-1
81	54	Lp
81	55	Lp
81	56	Lp
81	57	Lp
81	58	Lp
81	59	Lp
81	60	Lp
81	61	Lp
81	62	-1
81	63	-1
81	64	Lp
81	65	Lp
81	66	Lp
81	67	Lp
81	68	Lp
81	69	Lp
81	70	Lp
81	71	Lp
81	72	-1
81	73	Lp
81	74	Lp
81	75	Lp
81	76	Lp
81	77	Lp
81	78	Lp
81	79	Lp
81	80	-1
81	81	Lp
81	82	Lp
81	83	-1
81	84	Lp
81	85	Lp
81	86	Lp
81	87	Lp
81	88	-1
81	89	Lp
81	90	Lp
81	91	L
81	92	L
81	93	L
81	94	L
81	95	-1
81	96	L
81	97	L
81	98	L
81	99	L
81	100	L
81	101	U
81	102	L
81	103	-1
81	104	Lp
81	105	Lp
81	106	Lp
81	107	Lp
81	108	Lp
81	109	Lp
81	110	Lp
81	111	Lp
81	112	Lp
81	113	Lp
81	114	Lp
81	115	Lp
81	116	U
81	117	U
81	118	U
81	119	U
82	0	Lp
82	1	-1
82	2	Lp
82	3	Lp
82	4	Lp
82	5	Lp
82	6	Lp
82	7	Lp
82	8	Lp
82	9	Lp
82	10	Lp
82	11	-1
82	12	Lp
82	13	-1
82	14	L
82	15	Lp
82	16	Lp
82	17	L
82	18	-1
82	19	L
82	20	Lp
82	21	-1
82	22	Lp
82	23	Lp
82	24	Lp
82	25	L
82	26	-1
82	27	Lp
82	28	U
82	29	U
82	30	Lp
82	31	Lp
82	32	L
82	33	Lp
82	34	L
82	35	Lp
82	36	Lp
82	37	Lp
82	38	Lp
82	39	Lp
82	40	Lp
82	41	Lp
82	42	Lp
82	43	-1
82	44	Lp
82	45	Lp
82	46	Lp
82	47	Lp
82	48	Lp
82	49	Lp
82	50	U
82	51	Lp
82	52	Lp
82	53	Lp
82	54	Lp
82	55	Lp
82	56	-1
82	57	Lp
82	58	Lp
82	59	Lp
82	60	Lp
82	61	Lp
82	62	Lp
82	63	Lp
82	64	Lp
82	65	Lp
82	66	Lp
82	67	Lp
82	68	Lp
82	69	Lp
82	70	Lp
82	71	Lp
82	72	Lp
82	73	Lp
82	74	Lp
82	75	Lp
82	76	Lp
82	77	-1
82	78	-1
82	79	-1
82	80	Lp
82	81	Lp
82	82	Lp
82	83	Lp
82	84	Lp
82	85	Lp
82	86	-1
82	87	L
82	88	U
82	89	Lp
82	90	Lp
82	91	L
82	92	L
82	93	-1
82	94	-1
82	95	L
82	96	L
82	97	L
82	98	L
82	99	L
82	100	L
82	101	U
82	102	-1
82	103	Lp
82	104	Lp
82	105	-1
82	106	-1
82	107	Lp
82	108	Lp
82	109	Lp
82	110	Lp
82	111	Lp
82	112	Lp
82	113	Lp
82	114	-1
82	115	Lp
82	116	U
82	117	U
82	118	U
82	119	-1
83	0	Lp
83	1	Lp
83	2	Lp
83	3	Lp
83	4	Lp
83	5	Lp
83	6	-1
83	7	Lp
83	8	-1
83	9	U
83	10	-1
83	11	Lp
83	12	Lp
83	13	L
83	14	L
83	15	Lp
83	16	Lp
83	17	-1
83	18	L
83	19	-1
83	20	L
83	21	-1
83	22	Lp
83	23	Lp
83	24	-1
83	25	-1
83	26	Lp
83	27	-1
83	28	U
83	29	L
83	30	L
83	31	L
83	32	Lp
83	33	Lp
83	34	Lp
83	35	Lp
83	36	Lp
83	37	Lp
83	38	Lp
83	39	Lp
83	40	Lp
83	41	Lp
83	42	Lp
83	43	Lp
83	44	Lp
83	45	Lp
83	46	Lp
83	47	Lp
83	48	Lp
83	49	-1
83	50	-1
83	51	Lp
83	52	Lp
83	53	Lp
83	54	U
83	55	Lp
83	56	Lp
83	57	Lp
83	58	-1
83	59	-1
83	60	Lp
83	61	-1
83	62	-1
83	63	Lp
83	64	Lp
83	65	Lp
83	66	U
83	67	Lp
83	68	-1
83	69	Lp
83	70	Lp
83	71	Lp
83	72	Lp
83	73	-1
83	74	Lp
83	75	U
83	76	U
83	77	U
83	78	Lp
83	79	Lp
83	80	Lp
83	81	-1
83	82	Lp
83	83	Lp
83	84	Lp
83	85	U
83	86	Lp
83	87	Lp
83	88	L
83	89	Lp
83	90	Lp
83	91	Lp
83	92	-1
83	93	L
83	94	L
83	95	L
83	96	L
83	97	L
83	98	L
83	99	L
83	100	L
83	101	Lp
83	102	L
83	103	L
83	104	-1
83	105	-1
83	106	Lp
83	107	Lp
83	108	Lp
83	109	-1
83	110	Lp
83	111	-1
83	112	Lp
83	113	Lp
83	114	Lp
83	115	Lp
83	116	-1
83	117	Lp
83	118	U
83	119	-1
84	0	-1
84	1	Lp
84	2	Lp
84	3	Lp
84	4	Lp
84	5	Lp
84	6	Lp
84	7	Lp
84	8	Lp
84	9	Lp
84	10	Lp
84	11	Lp
84	12	Lp
84	13	Lp
84	14	Lp
84	15	L
84	16	L
84	17	Lp
84	18	-1
84	19	-1
84	20	U
84	21	Lp
84	22	Lp
84	23	L
84	24	-1
84	25	L
84	26	-1
84	27	L
84	28	L
84	29	-1
84	30	L
84	31	L
84	32	-1
84	33	Lp
84	34	Lp
84	35	-1
84	36	Lp
84	37	Lp
84	38	Lp
84	39	Lp
84	40	Lp
84	41	Lp
84	42	Lp
84	43	-1
84	44	Lp
84	45	-1
84	46	Lp
84	47	Lp
84	48	-1
84	49	Lp
84	50	-1
84	51	Lp
84	52	Lp
84	53	-1
84	54	-1
84	55	U
84	56	Lp
84	57	-1
84	58	-1
84	59	-1
84	60	Lp
84	61	Lp
84	62	Lp
84	63	Lp
84	64	Lp
84	65	U
84	66	U
84	67	Lp
84	68	Lp
84	69	Lp
84	70	Lp
84	71	Lp
84	72	Lp
84	73	-1
84	74	-1
84	75	U
84	76	U
84	77	U
84	78	L
84	79	Lp
84	80	Lp
84	81	Lp
84	82	Lp
84	83	Lp
84	84	-1
84	85	Lp
84	86	L
84	87	Lp
84	88	Lp
84	89	L
84	90	Lp
84	91	Lp
84	92	L
84	93	-1
84	94	L
84	95	L
84	96	-1
84	97	L
84	98	L
84	99	L
84	100	L
84	101	L
84	102	L
84	103	L
84	104	Lp
84	105	-1
84	106	Lp
84	107	Lp
84	108	Lp
84	109	Lp
84	110	Lp
84	111	Lp
84	112	Lp
84	113	Lp
84	114	Lp
84	115	Lp
84	116	Lp
84	117	-1
84	118	-1
84	119	-1
85	0	-1
85	1	Lp
85	2	-1
85	3	-1
85	4	-1
85	5	Lp
85	6	Lp
85	7	Lp
85	8	Lp
85	9	U
85	10	Lp
85	11	-1
85	12	Lp
85	13	Lp
85	14	Lp
85	15	Lp
85	16	-1
85	17	L
85	18	Lp
85	19	L
85	20	L
85	21	Lp
85	22	L
85	23	L
85	24	L
85	25	-1
85	26	-1
85	27	L
85	28	L
85	29	L
85	30	L
85	31	L
85	32	Lp
85	33	Lp
85	34	Lp
85	35	Lp
85	36	Lp
85	37	Lp
85	38	L
85	39	Lp
85	40	Lp
85	41	Lp
85	42	Lp
85	43	U
85	44	Lp
85	45	Lp
85	46	-1
85	47	Lp
85	48	Lp
85	49	Lp
85	50	Lp
85	51	Lp
85	52	Lp
85	53	Lp
85	54	-1
85	55	U
85	56	Lp
85	57	Lp
85	58	Lp
85	59	-1
85	60	Lp
85	61	Lp
85	62	Lp
85	63	Lp
85	64	Lp
85	65	Lp
85	66	Lp
85	67	-1
85	68	L
85	69	L
85	70	Lp
85	71	Lp
85	72	Lp
85	73	Lp
85	74	Lp
85	75	Lp
85	76	Lp
85	77	U
85	78	L
85	79	-1
85	80	-1
85	81	Lp
85	82	Lp
85	83	Lp
85	84	L
85	85	Lp
85	86	L
85	87	L
85	88	L
85	89	L
85	90	-1
85	91	-1
85	92	L
85	93	L
85	94	L
85	95	L
85	96	L
85	97	L
85	98	-1
85	99	L
85	100	L
85	101	-1
85	102	L
85	103	-1
85	104	L
85	105	Lp
85	106	L
85	107	Lp
85	108	-1
85	109	Lp
85	110	Lp
85	111	Lp
85	112	Lp
85	113	Lp
85	114	-1
85	115	-1
85	116	Lp
85	117	U
85	118	Lp
85	119	-1
86	0	Lp
86	1	Lp
86	2	Lp
86	3	-1
86	4	Lp
86	5	Lp
86	6	Lp
86	7	-1
86	8	U
86	9	Lp
86	10	Lp
86	11	Lp
86	12	Lp
86	13	Lp
86	14	-1
86	15	-1
86	16	Lp
86	17	-1
86	18	L
86	19	L
86	20	L
86	21	-1
86	22	-1
86	23	-1
86	24	L
86	25	L
86	26	L
86	27	L
86	28	L
86	29	L
86	30	L
86	31	Lp
86	32	Lp
86	33	Lp
86	34	Lp
86	35	Lp
86	36	Lp
86	37	-1
86	38	-1
86	39	Lp
86	40	Lp
86	41	Lp
86	42	-1
86	43	Lp
86	44	Lp
86	45	Lp
86	46	Lp
86	47	Lp
86	48	Lp
86	49	-1
86	50	Lp
86	51	Lp
86	52	-1
86	53	U
86	54	U
86	55	-1
86	56	-1
86	57	Lp
86	58	Lp
86	59	Lp
86	60	Lp
86	61	Lp
86	62	Lp
86	63	Lp
86	64	Lp
86	65	Lp
86	66	L
86	67	L
86	68	L
86	69	U
86	70	U
86	71	Lp
86	72	Lp
86	73	Lp
86	74	Lp
86	75	Lp
86	76	Lp
86	77	-1
86	78	Lp
86	79	L
86	80	Lp
86	81	L
86	82	Lp
86	83	L
86	84	L
86	85	L
86	86	Lp
86	87	L
86	88	L
86	89	-1
86	90	L
86	91	L
86	92	L
86	93	-1
86	94	L
86	95	L
86	96	L
86	97	L
86	98	L
86	99	L
86	100	L
86	101	L
86	102	L
86	103	L
86	104	L
86	105	-1
86	106	Lp
86	107	Lp
86	108	Lp
86	109	Lp
86	110	Lp
86	111	Lp
86	112	Lp
86	113	Lp
86	114	Lp
86	115	Lp
86	116	U
86	117	Lp
86	118	Lp
86	119	-1
87	0	Lp
87	1	Lp
87	2	-1
87	3	Lp
87	4	Lp
87	5	U
87	6	-1
87	7	-1
87	8	-1
87	9	-1
87	10	Lp
87	11	Lp
87	12	Lp
87	13	Lp
87	14	Lp
87	15	-1
87	16	Lp
87	17	Lp
87	18	Lp
87	19	L
87	20	Lp
87	21	U
87	22	-1
87	23	L
87	24	L
87	25	L
87	26	L
87	27	L
87	28	L
87	29	L
87	30	-1
87	31	L
87	32	Lp
87	33	Lp
87	34	-1
87	35	Lp
87	36	-1
87	37	Lp
87	38	L
87	39	Lp
87	40	-1
87	41	Lp
87	42	U
87	43	Lp
87	44	Lp
87	45	Lp
87	46	-1
87	47	U
87	48	Lp
87	49	U
87	50	Lp
87	51	U
87	52	Lp
87	53	-1
87	54	Lp
87	55	Lp
87	56	Lp
87	57	Lp
87	58	Lp
87	59	Lp
87	60	-1
87	61	Lp
87	62	Lp
87	63	Lp
87	64	Lp
87	65	L
87	66	L
87	67	L
87	68	L
87	69	L
87	70	L
87	71	L
87	72	L
87	73	Lp
87	74	Lp
87	75	L
87	76	Lp
87	77	-1
87	78	-1
87	79	Lp
87	80	-1
87	81	Lp
87	82	Lp
87	83	Lp
87	84	L
87	85	L
87	86	L
87	87	-1
87	88	Lp
87	89	-1
87	90	L
87	91	Lp
87	92	-1
87	93	L
87	94	-1
87	95	L
87	96	L
87	97	L
87	98	L
87	99	L
87	100	-1
87	101	L
87	102	L
87	103	-1
87	104	L
87	105	Lp
87	106	-1
87	107	Lp
87	108	Lp
87	109	Lp
87	110	Lp
87	111	Lp
87	112	-1
87	113	Lp
87	114	-1
87	115	Lp
87	116	U
87	117	U
87	118	Lp
87	119	Lp
88	0	U
88	1	Lp
88	2	Lp
88	3	Lp
88	4	Lp
88	5	U
88	6	L
88	7	-1
88	8	L
88	9	Lp
88	10	-1
88	11	Lp
88	12	Lp
88	13	Lp
88	14	Lp
88	15	Lp
88	16	Lp
88	17	Lp
88	18	U
88	19	Lp
88	20	-1
88	21	U
88	22	Lp
88	23	L
88	24	L
88	25	Lp
88	26	L
88	27	L
88	28	L
88	29	-1
88	30	L
88	31	L
88	32	Lp
88	33	L
88	34	-1
88	35	U
88	36	L
88	37	Lp
88	38	Lp
88	39	Lp
88	40	Lp
88	41	Lp
88	42	U
88	43	Lp
88	44	Lp
88	45	Lp
88	46	Lp
88	47	U
88	48	U
88	49	Lp
88	50	U
88	51	Lp
88	52	Lp
88	53	Lp
88	54	Lp
88	55	U
88	56	Lp
88	57	Lp
88	58	Lp
88	59	Lp
88	60	Lp
88	61	Lp
88	62	Lp
88	63	Lp
88	64	L
88	65	L
88	66	L
88	67	L
88	68	L
88	69	-1
88	70	Lp
88	71	Lp
88	72	L
88	73	L
88	74	L
88	75	L
88	76	Lp
88	77	Lp
88	78	Lp
88	79	Lp
88	80	Lp
88	81	Lp
88	82	-1
88	83	L
88	84	Lp
88	85	Lp
88	86	-1
88	87	L
88	88	L
88	89	Lp
88	90	Lp
88	91	L
88	92	L
88	93	L
88	94	-1
88	95	Lp
88	96	L
88	97	L
88	98	L
88	99	L
88	100	-1
88	101	L
88	102	L
88	103	L
88	104	Lp
88	105	Lp
88	106	L
88	107	Lp
88	108	Lp
88	109	Lp
88	110	Lp
88	111	Lp
88	112	-1
88	113	Lp
88	114	Lp
88	115	U
88	116	Lp
88	117	U
88	118	U
88	119	U
89	0	U
89	1	Lp
89	2	Lp
89	3	U
89	4	U
89	5	L
89	6	L
89	7	L
89	8	Lp
89	9	Lp
89	10	Lp
89	11	Lp
89	12	Lp
89	13	Lp
89	14	Lp
89	15	Lp
89	16	Lp
89	17	L
89	18	-1
89	19	-1
89	20	U
89	21	-1
89	22	Lp
89	23	L
89	24	L
89	25	L
89	26	L
89	27	L
89	28	L
89	29	L
89	30	-1
89	31	L
89	32	U
89	33	Lp
89	34	L
89	35	-1
89	36	U
89	37	Lp
89	38	Lp
89	39	Lp
89	40	Lp
89	41	Lp
89	42	Lp
89	43	Lp
89	44	Lp
89	45	-1
89	46	Lp
89	47	Lp
89	48	U
89	49	U
89	50	-1
89	51	Lp
89	52	Lp
89	53	Lp
89	54	-1
89	55	Lp
89	56	Lp
89	57	Lp
89	58	Lp
89	59	Lp
89	60	Lp
89	61	Lp
89	62	L
89	63	L
89	64	-1
89	65	L
89	66	L
89	67	L
89	68	-1
89	69	L
89	70	-1
89	71	-1
89	72	Lp
89	73	Lp
89	74	L
89	75	Lp
89	76	-1
89	77	Lp
89	78	Lp
89	79	Lp
89	80	Lp
89	81	Lp
89	82	Lp
89	83	Lp
89	84	L
89	85	Lp
89	86	Lp
89	87	L
89	88	Lp
89	89	Lp
89	90	Lp
89	91	Lp
89	92	L
89	93	-1
89	94	Lp
89	95	Lp
89	96	L
89	97	-1
89	98	L
89	99	L
89	100	L
89	101	L
89	102	Lp
89	103	Lp
89	104	-1
89	105	Lp
89	106	Lp
89	107	Lp
89	108	Lp
89	109	Lp
89	110	Lp
89	111	Lp
89	112	Lp
89	113	Lp
89	114	Lp
89	115	U
89	116	Lp
89	117	Lp
89	118	U
89	119	Lp
90	0	Lp
90	1	Lp
90	2	Lp
90	3	Lp
90	4	L
90	5	L
90	6	Lp
90	7	L
90	8	-1
90	9	Lp
90	10	Lp
90	11	Lp
90	12	Lp
90	13	Lp
90	14	Lp
90	15	Lp
90	16	-1
90	17	L
90	18	L
90	19	L
90	20	L
90	21	L
90	22	U
90	23	Lp
90	24	Lp
90	25	L
90	26	L
90	27	L
90	28	L
90	29	L
90	30	-1
90	31	L
90	32	L
90	33	Lp
90	34	Lp
90	35	-1
90	36	U
90	37	Lp
90	38	-1
90	39	Lp
90	40	Lp
90	41	Lp
90	42	Lp
90	43	Lp
90	44	Lp
90	45	Lp
90	46	Lp
90	47	-1
90	48	Lp
90	49	Lp
90	50	Lp
90	51	Lp
90	52	-1
90	53	Lp
90	54	Lp
90	55	Lp
90	56	-1
90	57	Lp
90	58	Lp
90	59	Lp
90	60	Lp
90	61	Lp
90	62	L
90	63	L
90	64	L
90	65	L
90	66	-1
90	67	-1
90	68	L
90	69	L
90	70	L
90	71	-1
90	72	L
90	73	L
90	74	L
90	75	L
90	76	L
90	77	L
90	78	L
90	79	Lp
90	80	Lp
90	81	Lp
90	82	Lp
90	83	Lp
90	84	Lp
90	85	-1
90	86	Lp
90	87	Lp
90	88	Lp
90	89	-1
90	90	Lp
90	91	Lp
90	92	Lp
90	93	Lp
90	94	Lp
90	95	Lp
90	96	-1
90	97	U
90	98	L
90	99	Lp
90	100	Lp
90	101	Lp
90	102	Lp
90	103	Lp
90	104	Lp
90	105	Lp
90	106	Lp
90	107	Lp
90	108	Lp
90	109	Lp
90	110	-1
90	111	Lp
90	112	Lp
90	113	-1
90	114	Lp
90	115	Lp
90	116	-1
90	117	Lp
90	118	Lp
90	119	Lp
91	0	-1
91	1	U
91	2	Lp
91	3	Lp
91	4	Lp
91	5	Lp
91	6	Lp
91	7	-1
91	8	Lp
91	9	Lp
91	10	Lp
91	11	Lp
91	12	Lp
91	13	Lp
91	14	Lp
91	15	Lp
91	16	Lp
91	17	Lp
91	18	Lp
91	19	L
91	20	-1
91	21	-1
91	22	Lp
91	23	Lp
91	24	Lp
91	25	L
91	26	L
91	27	L
91	28	L
91	29	L
91	30	L
91	31	-1
91	32	L
91	33	L
91	34	-1
91	35	L
91	36	Lp
91	37	Lp
91	38	Lp
91	39	Lp
91	40	Lp
91	41	-1
91	42	Lp
91	43	Lp
91	44	Lp
91	45	-1
91	46	-1
91	47	Lp
91	48	Lp
91	49	Lp
91	50	Lp
91	51	Lp
91	52	Lp
91	53	Lp
91	54	-1
91	55	Lp
91	56	Lp
91	57	-1
91	58	Lp
91	59	-1
91	60	-1
91	61	L
91	62	L
91	63	L
91	64	-1
91	65	-1
91	66	L
91	67	L
91	68	L
91	69	L
91	70	-1
91	71	L
91	72	L
91	73	L
91	74	L
91	75	L
91	76	L
91	77	L
91	78	L
91	79	L
91	80	Lp
91	81	Lp
91	82	Lp
91	83	Lp
91	84	Lp
91	85	Lp
91	86	U
91	87	U
91	88	U
91	89	L
91	90	L
91	91	-1
91	92	Lp
91	93	-1
91	94	Lp
91	95	Lp
91	96	L
91	97	Lp
91	98	Lp
91	99	Lp
91	100	Lp
91	101	Lp
91	102	Lp
91	103	Lp
91	104	Lp
91	105	Lp
91	106	Lp
91	107	Lp
91	108	Lp
91	109	-1
91	110	Lp
91	111	Lp
91	112	Lp
91	113	Lp
91	114	Lp
91	115	Lp
91	116	Lp
91	117	Lp
91	118	Lp
91	119	-1
92	0	U
92	1	U
92	2	-1
92	3	Lp
92	4	Lp
92	5	Lp
92	6	L
92	7	L
92	8	Lp
92	9	Lp
92	10	-1
92	11	Lp
92	12	-1
92	13	Lp
92	14	Lp
92	15	-1
92	16	Lp
92	17	Lp
92	18	Lp
92	19	Lp
92	20	-1
92	21	-1
92	22	Lp
92	23	Lp
92	24	L
92	25	Lp
92	26	-1
92	27	Lp
92	28	L
92	29	L
92	30	Lp
92	31	L
92	32	-1
92	33	L
92	34	-1
92	35	L
92	36	Lp
92	37	Lp
92	38	Lp
92	39	Lp
92	40	Lp
92	41	Lp
92	42	Lp
92	43	Lp
92	44	Lp
92	45	Lp
92	46	Lp
92	47	Lp
92	48	Lp
92	49	Lp
92	50	-1
92	51	-1
92	52	Lp
92	53	-1
92	54	Lp
92	55	Lp
92	56	Lp
92	57	Lp
92	58	Lp
92	59	Lp
92	60	Lp
92	61	L
92	62	-1
92	63	L
92	64	L
92	65	-1
92	66	L
92	67	L
92	68	L
92	69	L
92	70	L
92	71	L
92	72	L
92	73	L
92	74	-1
92	75	-1
92	76	L
92	77	Lp
92	78	L
92	79	L
92	80	Lp
92	81	Lp
92	82	Lp
92	83	Lp
92	84	Lp
92	85	Lp
92	86	-1
92	87	-1
92	88	L
92	89	Lp
92	90	Lp
92	91	-1
92	92	-1
92	93	Lp
92	94	Lp
92	95	Lp
92	96	L
92	97	L
92	98	L
92	99	-1
92	100	Lp
92	101	Lp
92	102	Lp
92	103	-1
92	104	Lp
92	105	Lp
92	106	Lp
92	107	Lp
92	108	Lp
92	109	Lp
92	110	Lp
92	111	Lp
92	112	Lp
92	113	Lp
92	114	Lp
92	115	-1
92	116	Lp
92	117	Lp
92	118	-1
92	119	U
93	0	U
93	1	Lp
93	2	Lp
93	3	Lp
93	4	-1
93	5	L
93	6	L
93	7	Lp
93	8	L
93	9	Lp
93	10	-1
93	11	Lp
93	12	Lp
93	13	Lp
93	14	Lp
93	15	Lp
93	16	Lp
93	17	-1
93	18	Lp
93	19	Lp
93	20	Lp
93	21	-1
93	22	Lp
93	23	Lp
93	24	Lp
93	25	Lp
93	26	Lp
93	27	L
93	28	L
93	29	L
93	30	-1
93	31	Lp
93	32	U
93	33	-1
93	34	Lp
93	35	-1
93	36	Lp
93	37	Lp
93	38	Lp
93	39	Lp
93	40	Lp
93	41	Lp
93	42	Lp
93	43	-1
93	44	Lp
93	45	Lp
93	46	-1
93	47	Lp
93	48	Lp
93	49	Lp
93	50	Lp
93	51	Lp
93	52	Lp
93	53	Lp
93	54	Lp
93	55	Lp
93	56	Lp
93	57	Lp
93	58	Lp
93	59	-1
93	60	Lp
93	61	Lp
93	62	Lp
93	63	L
93	64	L
93	65	L
93	66	L
93	67	L
93	68	L
93	69	L
93	70	L
93	71	L
93	72	-1
93	73	L
93	74	Lp
93	75	-1
93	76	Lp
93	77	U
93	78	Lp
93	79	Lp
93	80	-1
93	81	-1
93	82	Lp
93	83	Lp
93	84	U
93	85	U
93	86	Lp
93	87	Lp
93	88	L
93	89	L
93	90	Lp
93	91	Lp
93	92	Lp
93	93	Lp
93	94	-1
93	95	Lp
93	96	Lp
93	97	-1
93	98	L
93	99	L
93	100	-1
93	101	Lp
93	102	Lp
93	103	U
93	104	Lp
93	105	Lp
93	106	-1
93	107	Lp
93	108	Lp
93	109	-1
93	110	Lp
93	111	Lp
93	112	Lp
93	113	-1
93	114	Lp
93	115	-1
93	116	-1
93	117	Lp
93	118	Lp
93	119	Lp
94	0	Lp
94	1	Lp
94	2	Lp
94	3	Lp
94	4	Lp
94	5	-1
94	6	-1
94	7	Lp
94	8	Lp
94	9	Lp
94	10	Lp
94	11	Lp
94	12	Lp
94	13	Lp
94	14	U
94	15	Lp
94	16	-1
94	17	-1
94	18	Lp
94	19	Lp
94	20	Lp
94	21	Lp
94	22	Lp
94	23	Lp
94	24	Lp
94	25	Lp
94	26	Lp
94	27	L
94	28	L
94	29	Lp
94	30	L
94	31	-1
94	32	-1
94	33	L
94	34	Lp
94	35	Lp
94	36	Lp
94	37	Lp
94	38	Lp
94	39	Lp
94	40	Lp
94	41	-1
94	42	Lp
94	43	-1
94	44	L
94	45	Lp
94	46	Lp
94	47	Lp
94	48	Lp
94	49	Lp
94	50	Lp
94	51	Lp
94	52	Lp
94	53	Lp
94	54	Lp
94	55	Lp
94	56	Lp
94	57	Lp
94	58	Lp
94	59	Lp
94	60	-1
94	61	Lp
94	62	L
94	63	L
94	64	L
94	65	L
94	66	L
94	67	U
94	68	L
94	69	L
94	70	L
94	71	Lp
94	72	L
94	73	Lp
94	74	Lp
94	75	U
94	76	U
94	77	U
94	78	Lp
94	79	Lp
94	80	Lp
94	81	Lp
94	82	Lp
94	83	-1
94	84	Lp
94	85	Lp
94	86	Lp
94	87	Lp
94	88	L
94	89	-1
94	90	L
94	91	L
94	92	Lp
94	93	Lp
94	94	Lp
94	95	Lp
94	96	Lp
94	97	L
94	98	L
94	99	Lp
94	100	U
94	101	-1
94	102	Lp
94	103	U
94	104	-1
94	105	Lp
94	106	Lp
94	107	Lp
94	108	Lp
94	109	Lp
94	110	Lp
94	111	Lp
94	112	-1
94	113	-1
94	114	Lp
94	115	Lp
94	116	Lp
94	117	Lp
94	118	Lp
94	119	U
95	0	Lp
95	1	Lp
95	2	Lp
95	3	Lp
95	4	Lp
95	5	Lp
95	6	Lp
95	7	Lp
95	8	Lp
95	9	Lp
95	10	Lp
95	11	Lp
95	12	Lp
95	13	Lp
95	14	U
95	15	Lp
95	16	-1
95	17	-1
95	18	Lp
95	19	Lp
95	20	Lp
95	21	Lp
95	22	Lp
95	23	-1
95	24	Lp
95	25	Lp
95	26	Lp
95	27	L
95	28	L
95	29	Lp
95	30	Lp
95	31	-1
95	32	-1
95	33	-1
95	34	L
95	35	Lp
95	36	Lp
95	37	Lp
95	38	Lp
95	39	Lp
95	40	Lp
95	41	-1
95	42	L
95	43	L
95	44	L
95	45	Lp
95	46	Lp
95	47	Lp
95	48	Lp
95	49	Lp
95	50	Lp
95	51	Lp
95	52	Lp
95	53	Lp
95	54	Lp
95	55	Lp
95	56	Lp
95	57	Lp
95	58	Lp
95	59	Lp
95	60	Lp
95	61	L
95	62	Lp
95	63	L
95	64	L
95	65	L
95	66	L
95	67	Lp
95	68	L
95	69	L
95	70	-1
95	71	L
95	72	Lp
95	73	Lp
95	74	L
95	75	-1
95	76	U
95	77	Lp
95	78	L
95	79	Lp
95	80	Lp
95	81	Lp
95	82	Lp
95	83	Lp
95	84	Lp
95	85	Lp
95	86	Lp
95	87	Lp
95	88	Lp
95	89	L
95	90	L
95	91	L
95	92	L
95	93	L
95	94	L
95	95	Lp
95	96	Lp
95	97	Lp
95	98	Lp
95	99	U
95	100	Lp
95	101	Lp
95	102	-1
95	103	-1
95	104	Lp
95	105	Lp
95	106	Lp
95	107	Lp
95	108	Lp
95	109	Lp
95	110	Lp
95	111	Lp
95	112	Lp
95	113	Lp
95	114	Lp
95	115	Lp
95	116	Lp
95	117	-1
95	118	Lp
95	119	Lp
96	0	Lp
96	1	Lp
96	2	Lp
96	3	Lp
96	4	Lp
96	5	Lp
96	6	Lp
96	7	Lp
96	8	Lp
96	9	-1
96	10	Lp
96	11	Lp
96	12	Lp
96	13	U
96	14	Lp
96	15	Lp
96	16	Lp
96	17	Lp
96	18	Lp
96	19	Lp
96	20	Lp
96	21	Lp
96	22	Lp
96	23	Lp
96	24	Lp
96	25	-1
96	26	Lp
96	27	Lp
96	28	Lp
96	29	Lp
96	30	Lp
96	31	Lp
96	32	Lp
96	33	Lp
96	34	-1
96	35	Lp
96	36	Lp
96	37	Lp
96	38	Lp
96	39	-1
96	40	-1
96	41	U
96	42	Lp
96	43	Lp
96	44	Lp
96	45	Lp
96	46	Lp
96	47	Lp
96	48	-1
96	49	Lp
96	50	Lp
96	51	Lp
96	52	Lp
96	53	Lp
96	54	-1
96	55	Lp
96	56	Lp
96	57	Lp
96	58	Lp
96	59	-1
96	60	-1
96	61	Lp
96	62	L
96	63	L
96	64	-1
96	65	L
96	66	L
96	67	L
96	68	-1
96	69	L
96	70	L
96	71	L
96	72	Lp
96	73	Lp
96	74	L
96	75	-1
96	76	Lp
96	77	-1
96	78	-1
96	79	L
96	80	L
96	81	Lp
96	82	Lp
96	83	Lp
96	84	Lp
96	85	Lp
96	86	Lp
96	87	Lp
96	88	L
96	89	-1
96	90	L
96	91	L
96	92	L
96	93	-1
96	94	Lp
96	95	Lp
96	96	-1
96	97	Lp
96	98	Lp
96	99	Lp
96	100	Lp
96	101	-1
96	102	Lp
96	103	Lp
96	104	Lp
96	105	Lp
96	106	Lp
96	107	Lp
96	108	Lp
96	109	Lp
96	110	Lp
96	111	Lp
96	112	-1
96	113	-1
96	114	Lp
96	115	Lp
96	116	Lp
96	117	Lp
96	118	-1
96	119	Lp
97	0	Lp
97	1	-1
97	2	Lp
97	3	-1
97	4	Lp
97	5	Lp
97	6	Lp
97	7	Lp
97	8	Lp
97	9	Lp
97	10	Lp
97	11	Lp
97	12	-1
97	13	-1
97	14	Lp
97	15	Lp
97	16	-1
97	17	Lp
97	18	Lp
97	19	Lp
97	20	Lp
97	21	U
97	22	Lp
97	23	Lp
97	24	Lp
97	25	Lp
97	26	-1
97	27	Lp
97	28	Lp
97	29	Lp
97	30	-1
97	31	Lp
97	32	Lp
97	33	Lp
97	34	-1
97	35	Lp
97	36	Lp
97	37	-1
97	38	Lp
97	39	Lp
97	40	U
97	41	U
97	42	U
97	43	Lp
97	44	Lp
97	45	Lp
97	46	-1
97	47	-1
97	48	Lp
97	49	Lp
97	50	-1
97	51	Lp
97	52	Lp
97	53	-1
97	54	Lp
97	55	-1
97	56	Lp
97	57	Lp
97	58	Lp
97	59	Lp
97	60	L
97	61	L
97	62	Lp
97	63	L
97	64	L
97	65	L
97	66	L
97	67	L
97	68	-1
97	69	L
97	70	L
97	71	L
97	72	-1
97	73	-1
97	74	Lp
97	75	Lp
97	76	Lp
97	77	Lp
97	78	Lp
97	79	Lp
97	80	L
97	81	Lp
97	82	-1
97	83	Lp
97	84	Lp
97	85	Lp
97	86	Lp
97	87	Lp
97	88	L
97	89	L
97	90	L
97	91	U
97	92	U
97	93	L
97	94	L
97	95	L
97	96	Lp
97	97	Lp
97	98	Lp
97	99	Lp
97	100	Lp
97	101	Lp
97	102	Lp
97	103	Lp
97	104	Lp
97	105	Lp
97	106	-1
97	107	Lp
97	108	Lp
97	109	Lp
97	110	Lp
97	111	-1
97	112	-1
97	113	Lp
97	114	Lp
97	115	Lp
97	116	Lp
97	117	Lp
97	118	Lp
97	119	Lp
98	0	U
98	1	Lp
98	2	-1
98	3	Lp
98	4	Lp
98	5	Lp
98	6	Lp
98	7	Lp
98	8	Lp
98	9	Lp
98	10	Lp
98	11	Lp
98	12	Lp
98	13	Lp
98	14	-1
98	15	Lp
98	16	Lp
98	17	Lp
98	18	Lp
98	19	Lp
98	20	U
98	21	-1
98	22	-1
98	23	Lp
98	24	Lp
98	25	Lp
98	26	Lp
98	27	-1
98	28	Lp
98	29	Lp
98	30	-1
98	31	Lp
98	32	Lp
98	33	Lp
98	34	Lp
98	35	Lp
98	36	Lp
98	37	Lp
98	38	Lp
98	39	Lp
98	40	U
98	41	U
98	42	Lp
98	43	Lp
98	44	Lp
98	45	Lp
98	46	Lp
98	47	Lp
98	48	Lp
98	49	Lp
98	50	Lp
98	51	-1
98	52	Lp
98	53	Lp
98	54	-1
98	55	U
98	56	Lp
98	57	Lp
98	58	Lp
98	59	-1
98	60	Lp
98	61	Lp
98	62	L
98	63	L
98	64	-1
98	65	L
98	66	L
98	67	L
98	68	L
98	69	L
98	70	L
98	71	Lp
98	72	L
98	73	L
98	74	L
98	75	L
98	76	Lp
98	77	-1
98	78	Lp
98	79	Lp
98	80	L
98	81	Lp
98	82	Lp
98	83	Lp
98	84	Lp
98	85	L
98	86	L
98	87	Lp
98	88	L
98	89	L
98	90	L
98	91	L
98	92	-1
98	93	Lp
98	94	-1
98	95	Lp
98	96	Lp
98	97	Lp
98	98	-1
98	99	Lp
98	100	Lp
98	101	Lp
98	102	Lp
98	103	Lp
98	104	-1
98	105	Lp
98	106	Lp
98	107	Lp
98	108	Lp
98	109	Lp
98	110	Lp
98	111	Lp
98	112	-1
98	113	Lp
98	114	Lp
98	115	Lp
98	116	Lp
98	117	Lp
98	118	-1
98	119	U
99	0	-1
99	1	Lp
99	2	-1
99	3	Lp
99	4	Lp
99	5	Lp
99	6	-1
99	7	Lp
99	8	Lp
99	9	Lp
99	10	Lp
99	11	Lp
99	12	Lp
99	13	-1
99	14	Lp
99	15	-1
99	16	Lp
99	17	Lp
99	18	Lp
99	19	Lp
99	20	Lp
99	21	-1
99	22	Lp
99	23	Lp
99	24	Lp
99	25	Lp
99	26	Lp
99	27	-1
99	28	-1
99	29	Lp
99	30	-1
99	31	-1
99	32	Lp
99	33	-1
99	34	Lp
99	35	-1
99	36	Lp
99	37	Lp
99	38	-1
99	39	-1
99	40	Lp
99	41	Lp
99	42	Lp
99	43	Lp
99	44	Lp
99	45	-1
99	46	Lp
99	47	Lp
99	48	Lp
99	49	Lp
99	50	Lp
99	51	Lp
99	52	-1
99	53	Lp
99	54	Lp
99	55	Lp
99	56	L
99	57	Lp
99	58	Lp
99	59	Lp
99	60	Lp
99	61	-1
99	62	-1
99	63	-1
99	64	-1
99	65	L
99	66	L
99	67	L
99	68	L
99	69	L
99	70	L
99	71	L
99	72	L
99	73	L
99	74	L
99	75	-1
99	76	Lp
99	77	-1
99	78	-1
99	79	L
99	80	Lp
99	81	-1
99	82	Lp
99	83	Lp
99	84	L
99	85	L
99	86	L
99	87	L
99	88	L
99	89	L
99	90	L
99	91	Lp
99	92	Lp
99	93	Lp
99	94	Lp
99	95	-1
99	96	-1
99	97	Lp
99	98	Lp
99	99	Lp
99	100	Lp
99	101	Lp
99	102	-1
99	103	Lp
99	104	Lp
99	105	Lp
99	106	Lp
99	107	Lp
99	108	Lp
99	109	-1
99	110	Lp
99	111	-1
99	112	Lp
99	113	Lp
99	114	Lp
99	115	Lp
99	116	Lp
99	117	Lp
99	118	Lp
99	119	U
100	0	Lp
100	1	Lp
100	2	Lp
100	3	Lp
100	4	Lp
100	5	Lp
100	6	Lp
100	7	Lp
100	8	Lp
100	9	Lp
100	10	Lp
100	11	-1
100	12	Lp
100	13	Lp
100	14	-1
100	15	Lp
100	16	Lp
100	17	Lp
100	18	Lp
100	19	Lp
100	20	Lp
100	21	Lp
100	22	-1
100	23	Lp
100	24	Lp
100	25	Lp
100	26	Lp
100	27	Lp
100	28	Lp
100	29	Lp
100	30	-1
100	31	Lp
100	32	Lp
100	33	Lp
100	34	Lp
100	35	-1
100	36	Lp
100	37	Lp
100	38	Lp
100	39	Lp
100	40	Lp
100	41	Lp
100	42	Lp
100	43	Lp
100	44	-1
100	45	Lp
100	46	-1
100	47	Lp
100	48	Lp
100	49	Lp
100	50	Lp
100	51	Lp
100	52	-1
100	53	Lp
100	54	-1
100	55	Lp
100	56	L
100	57	L
100	58	Lp
100	59	-1
100	60	Lp
100	61	Lp
100	62	L
100	63	Lp
100	64	L
100	65	L
100	66	Lp
100	67	L
100	68	L
100	69	L
100	70	L
100	71	L
100	72	L
100	73	L
100	74	L
100	75	Lp
100	76	Lp
100	77	Lp
100	78	Lp
100	79	-1
100	80	Lp
100	81	Lp
100	82	Lp
100	83	L
100	84	L
100	85	-1
100	86	L
100	87	L
100	88	Lp
100	89	L
100	90	L
100	91	L
100	92	Lp
100	93	Lp
100	94	Lp
100	95	Lp
100	96	Lp
100	97	Lp
100	98	Lp
100	99	Lp
100	100	Lp
100	101	Lp
100	102	-1
100	103	Lp
100	104	Lp
100	105	Lp
100	106	-1
100	107	Lp
100	108	Lp
100	109	Lp
100	110	Lp
100	111	Lp
100	112	Lp
100	113	Lp
100	114	Lp
100	115	Lp
100	116	Lp
100	117	-1
100	118	U
100	119	Lp
101	0	L
101	1	Lp
101	2	Lp
101	3	Lp
101	4	Lp
101	5	Lp
101	6	Lp
101	7	Lp
101	8	-1
101	9	Lp
101	10	Lp
101	11	Lp
101	12	Lp
101	13	Lp
101	14	Lp
101	15	-1
101	16	Lp
101	17	Lp
101	18	Lp
101	19	Lp
101	20	Lp
101	21	Lp
101	22	Lp
101	23	Lp
101	24	Lp
101	25	Lp
101	26	Lp
101	27	Lp
101	28	Lp
101	29	Lp
101	30	Lp
101	31	-1
101	32	Lp
101	33	Lp
101	34	Lp
101	35	Lp
101	36	Lp
101	37	Lp
101	38	Lp
101	39	-1
101	40	Lp
101	41	Lp
101	42	Lp
101	43	Lp
101	44	Lp
101	45	Lp
101	46	Lp
101	47	Lp
101	48	Lp
101	49	Lp
101	50	Lp
101	51	Lp
101	52	Lp
101	53	Lp
101	54	Lp
101	55	Lp
101	56	L
101	57	Lp
101	58	Lp
101	59	-1
101	60	U
101	61	L
101	62	L
101	63	L
101	64	L
101	65	L
101	66	L
101	67	L
101	68	L
101	69	L
101	70	L
101	71	-1
101	72	-1
101	73	L
101	74	-1
101	75	Lp
101	76	Lp
101	77	Lp
101	78	L
101	79	L
101	80	-1
101	81	Lp
101	82	Lp
101	83	L
101	84	-1
101	85	-1
101	86	Lp
101	87	L
101	88	-1
101	89	Lp
101	90	Lp
101	91	Lp
101	92	-1
101	93	Lp
101	94	-1
101	95	Lp
101	96	Lp
101	97	Lp
101	98	Lp
101	99	-1
101	100	Lp
101	101	-1
101	102	Lp
101	103	-1
101	104	Lp
101	105	Lp
101	106	Lp
101	107	Lp
101	108	Lp
101	109	Lp
101	110	Lp
101	111	-1
101	112	Lp
101	113	-1
101	114	Lp
101	115	Lp
101	116	-1
101	117	Lp
101	118	-1
101	119	-1
102	0	Lp
102	1	-1
102	2	U
102	3	Lp
102	4	Lp
102	5	Lp
102	6	Lp
102	7	U
102	8	-1
102	9	U
102	10	Lp
102	11	Lp
102	12	-1
102	13	Lp
102	14	-1
102	15	Lp
102	16	Lp
102	17	Lp
102	18	Lp
102	19	Lp
102	20	Lp
102	21	Lp
102	22	Lp
102	23	Lp
102	24	Lp
102	25	Lp
102	26	Lp
102	27	Lp
102	28	Lp
102	29	Lp
102	30	Lp
102	31	Lp
102	32	-1
102	33	-1
102	34	Lp
102	35	Lp
102	36	-1
102	37	Lp
102	38	-1
102	39	Lp
102	40	Lp
102	41	-1
102	42	-1
102	43	Lp
102	44	Lp
102	45	Lp
102	46	Lp
102	47	Lp
102	48	Lp
102	49	-1
102	50	Lp
102	51	Lp
102	52	-1
102	53	Lp
102	54	Lp
102	55	-1
102	56	Lp
102	57	Lp
102	58	Lp
102	59	Lp
102	60	L
102	61	-1
102	62	-1
102	63	Lp
102	64	L
102	65	-1
102	66	L
102	67	L
102	68	Lp
102	69	Lp
102	70	L
102	71	Lp
102	72	Lp
102	73	L
102	74	Lp
102	75	Lp
102	76	-1
102	77	-1
102	78	L
102	79	-1
102	80	Lp
102	81	L
102	82	L
102	83	-1
102	84	L
102	85	L
102	86	L
102	87	Lp
102	88	Lp
102	89	Lp
102	90	Lp
102	91	Lp
102	92	Lp
102	93	Lp
102	94	L
102	95	L
102	96	Lp
102	97	Lp
102	98	Lp
102	99	Lp
102	100	Lp
102	101	-1
102	102	Lp
102	103	Lp
102	104	Lp
102	105	-1
102	106	-1
102	107	Lp
102	108	Lp
102	109	Lp
102	110	Lp
102	111	-1
102	112	Lp
102	113	Lp
102	114	Lp
102	115	Lp
102	116	-1
102	117	-1
102	118	Lp
102	119	Lp
103	0	Lp
103	1	-1
103	2	U
103	3	Lp
103	4	Lp
103	5	Lp
103	6	-1
103	7	Lp
103	8	U
103	9	U
103	10	Lp
103	11	Lp
103	12	Lp
103	13	Lp
103	14	-1
103	15	Lp
103	16	Lp
103	17	Lp
103	18	Lp
103	19	Lp
103	20	-1
103	21	-1
103	22	Lp
103	23	Lp
103	24	Lp
103	25	Lp
103	26	U
103	27	-1
103	28	Lp
103	29	Lp
103	30	Lp
103	31	-1
103	32	-1
103	33	Lp
103	34	-1
103	35	Lp
103	36	-1
103	37	-1
103	38	Lp
103	39	-1
103	40	Lp
103	41	-1
103	42	-1
103	43	Lp
103	44	Lp
103	45	Lp
103	46	-1
103	47	Lp
103	48	Lp
103	49	-1
103	50	Lp
103	51	Lp
103	52	Lp
103	53	Lp
103	54	Lp
103	55	Lp
103	56	Lp
103	57	Lp
103	58	Lp
103	59	L
103	60	L
103	61	L
103	62	-1
103	63	L
103	64	Lp
103	65	Lp
103	66	-1
103	67	L
103	68	L
103	69	Lp
103	70	-1
103	71	Lp
103	72	Lp
103	73	-1
103	74	L
103	75	-1
103	76	Lp
103	77	Lp
103	78	Lp
103	79	Lp
103	80	Lp
103	81	L
103	82	-1
103	83	L
103	84	Lp
103	85	Lp
103	86	Lp
103	87	L
103	88	Lp
103	89	-1
103	90	Lp
103	91	Lp
103	92	Lp
103	93	L
103	94	Lp
103	95	Lp
103	96	Lp
103	97	Lp
103	98	Lp
103	99	-1
103	100	Lp
103	101	Lp
103	102	-1
103	103	Lp
103	104	Lp
103	105	Lp
103	106	-1
103	107	Lp
103	108	Lp
103	109	Lp
103	110	Lp
103	111	Lp
103	112	Lp
103	113	Lp
103	114	Lp
103	115	L
103	116	Lp
103	117	-1
103	118	-1
103	119	Lp
104	0	Lp
104	1	U
104	2	Lp
104	3	Lp
104	4	Lp
104	5	Lp
104	6	Lp
104	7	Lp
104	8	Lp
104	9	Lp
104	10	Lp
104	11	Lp
104	12	-1
104	13	Lp
104	14	Lp
104	15	-1
104	16	Lp
104	17	Lp
104	18	Lp
104	19	Lp
104	20	Lp
104	21	Lp
104	22	Lp
104	23	Lp
104	24	-1
104	25	-1
104	26	-1
104	27	U
104	28	-1
104	29	Lp
104	30	Lp
104	31	Lp
104	32	Lp
104	33	Lp
104	34	Lp
104	35	-1
104	36	Lp
104	37	Lp
104	38	Lp
104	39	Lp
104	40	Lp
104	41	Lp
104	42	-1
104	43	Lp
104	44	Lp
104	45	Lp
104	46	Lp
104	47	Lp
104	48	-1
104	49	Lp
104	50	Lp
104	51	Lp
104	52	Lp
104	53	Lp
104	54	Lp
104	55	Lp
104	56	L
104	57	L
104	58	L
104	59	Lp
104	60	L
104	61	L
104	62	L
104	63	L
104	64	Lp
104	65	Lp
104	66	Lp
104	67	L
104	68	L
104	69	Lp
104	70	Lp
104	71	-1
104	72	-1
104	73	-1
104	74	Lp
104	75	Lp
104	76	Lp
104	77	Lp
104	78	Lp
104	79	Lp
104	80	Lp
104	81	Lp
104	82	U
104	83	Lp
104	84	Lp
104	85	Lp
104	86	Lp
104	87	Lp
104	88	Lp
104	89	Lp
104	90	Lp
104	91	Lp
104	92	-1
104	93	Lp
104	94	Lp
104	95	Lp
104	96	Lp
104	97	Lp
104	98	Lp
104	99	Lp
104	100	-1
104	101	Lp
104	102	Lp
104	103	Lp
104	104	Lp
104	105	Lp
104	106	Lp
104	107	-1
104	108	Lp
104	109	Lp
104	110	Lp
104	111	Lp
104	112	Lp
104	113	-1
104	114	L
104	115	L
104	116	L
104	117	Lp
104	118	-1
104	119	Lp
105	0	-1
105	1	Lp
105	2	-1
105	3	Lp
105	4	Lp
105	5	Lp
105	6	Lp
105	7	Lp
105	8	Lp
105	9	Lp
105	10	Lp
105	11	Lp
105	12	Lp
105	13	-1
105	14	-1
105	15	Lp
105	16	-1
105	17	-1
105	18	Lp
105	19	-1
105	20	-1
105	21	Lp
105	22	-1
105	23	Lp
105	24	Lp
105	25	-1
105	26	Lp
105	27	Lp
105	28	L
105	29	-1
105	30	Lp
105	31	Lp
105	32	U
105	33	-1
105	34	Lp
105	35	Lp
105	36	Lp
105	37	-1
105	38	Lp
105	39	-1
105	40	-1
105	41	Lp
105	42	Lp
105	43	Lp
105	44	Lp
105	45	Lp
105	46	Lp
105	47	Lp
105	48	Lp
105	49	Lp
105	50	Lp
105	51	Lp
105	52	-1
105	53	L
105	54	L
105	55	Lp
105	56	-1
105	57	Lp
105	58	Lp
105	59	-1
105	60	L
105	61	L
105	62	L
105	63	L
105	64	Lp
105	65	L
105	66	L
105	67	Lp
105	68	Lp
105	69	Lp
105	70	U
105	71	-1
105	72	Lp
105	73	Lp
105	74	Lp
105	75	-1
105	76	Lp
105	77	Lp
105	78	Lp
105	79	Lp
105	80	Lp
105	81	Lp
105	82	Lp
105	83	Lp
105	84	-1
105	85	Lp
105	86	Lp
105	87	L
105	88	Lp
105	89	Lp
105	90	Lp
105	91	Lp
105	92	Lp
105	93	Lp
105	94	Lp
105	95	Lp
105	96	Lp
105	97	Lp
105	98	Lp
105	99	Lp
105	100	Lp
105	101	Lp
105	102	Lp
105	103	Lp
105	104	Lp
105	105	Lp
105	106	Lp
105	107	L
105	108	Lp
105	109	L
105	110	Lp
105	111	Lp
105	112	Lp
105	113	Lp
105	114	Lp
105	115	L
105	116	Lp
105	117	-1
105	118	Lp
105	119	Lp
106	0	Lp
106	1	Lp
106	2	Lp
106	3	Lp
106	4	Lp
106	5	Lp
106	6	Lp
106	7	Lp
106	8	Lp
106	9	-1
106	10	Lp
106	11	Lp
106	12	Lp
106	13	Lp
106	14	Lp
106	15	Lp
106	16	-1
106	17	Lp
106	18	Lp
106	19	Lp
106	20	-1
106	21	-1
106	22	Lp
106	23	Lp
106	24	Lp
106	25	Lp
106	26	Lp
106	27	-1
106	28	-1
106	29	L
106	30	Lp
106	31	-1
106	32	-1
106	33	U
106	34	Lp
106	35	Lp
106	36	Lp
106	37	Lp
106	38	Lp
106	39	Lp
106	40	Lp
106	41	-1
106	42	Lp
106	43	Lp
106	44	Lp
106	45	Lp
106	46	Lp
106	47	Lp
106	48	Lp
106	49	-1
106	50	U
106	51	Lp
106	52	Lp
106	53	L
106	54	-1
106	55	Lp
106	56	Lp
106	57	L
106	58	Lp
106	59	L
106	60	-1
106	61	L
106	62	L
106	63	L
106	64	L
106	65	L
106	66	L
106	67	Lp
106	68	-1
106	69	Lp
106	70	Lp
106	71	Lp
106	72	U
106	73	L
106	74	L
106	75	Lp
106	76	Lp
106	77	Lp
106	78	Lp
106	79	Lp
106	80	-1
106	81	Lp
106	82	Lp
106	83	Lp
106	84	Lp
106	85	Lp
106	86	-1
106	87	Lp
106	88	Lp
106	89	Lp
106	90	Lp
106	91	Lp
106	92	-1
106	93	Lp
106	94	Lp
106	95	L
106	96	L
106	97	Lp
106	98	Lp
106	99	Lp
106	100	Lp
106	101	-1
106	102	Lp
106	103	Lp
106	104	Lp
106	105	Lp
106	106	-1
106	107	Lp
106	108	-1
106	109	Lp
106	110	Lp
106	111	-1
106	112	Lp
106	113	Lp
106	114	Lp
106	115	Lp
106	116	Lp
106	117	Lp
106	118	Lp
106	119	Lp
107	0	Lp
107	1	-1
107	2	Lp
107	3	-1
107	4	Lp
107	5	Lp
107	6	Lp
107	7	U
107	8	Lp
107	9	Lp
107	10	Lp
107	11	Lp
107	12	Lp
107	13	-1
107	14	Lp
107	15	Lp
107	16	Lp
107	17	Lp
107	18	Lp
107	19	Lp
107	20	Lp
107	21	Lp
107	22	Lp
107	23	Lp
107	24	Lp
107	25	Lp
107	26	-1
107	27	Lp
107	28	Lp
107	29	Lp
107	30	Lp
107	31	Lp
107	32	-1
107	33	Lp
107	34	Lp
107	35	Lp
107	36	Lp
107	37	Lp
107	38	Lp
107	39	Lp
107	40	Lp
107	41	Lp
107	42	-1
107	43	Lp
107	44	Lp
107	45	Lp
107	46	Lp
107	47	Lp
107	48	-1
107	49	U
107	50	Lp
107	51	Lp
107	52	L
107	53	L
107	54	L
107	55	Lp
107	56	U
107	57	U
107	58	L
107	59	L
107	60	L
107	61	L
107	62	L
107	63	L
107	64	L
107	65	L
107	66	Lp
107	67	-1
107	68	Lp
107	69	Lp
107	70	Lp
107	71	Lp
107	72	L
107	73	Lp
107	74	Lp
107	75	-1
107	76	Lp
107	77	Lp
107	78	Lp
107	79	-1
107	80	Lp
107	81	Lp
107	82	Lp
107	83	Lp
107	84	Lp
107	85	Lp
107	86	Lp
107	87	Lp
107	88	Lp
107	89	Lp
107	90	Lp
107	91	Lp
107	92	-1
107	93	Lp
107	94	-1
107	95	L
107	96	L
107	97	Lp
107	98	-1
107	99	Lp
107	100	U
107	101	Lp
107	102	Lp
107	103	-1
107	104	Lp
107	105	Lp
107	106	Lp
107	107	-1
107	108	Lp
107	109	Lp
107	110	Lp
107	111	Lp
107	112	-1
107	113	Lp
107	114	Lp
107	115	Lp
107	116	-1
107	117	Lp
107	118	Lp
107	119	Lp
108	0	Lp
108	1	Lp
108	2	-1
108	3	Lp
108	4	Lp
108	5	Lp
108	6	U
108	7	Lp
108	8	U
108	9	-1
108	10	-1
108	11	-1
108	12	Lp
108	13	Lp
108	14	Lp
108	15	Lp
108	16	Lp
108	17	-1
108	18	Lp
108	19	Lp
108	20	Lp
108	21	Lp
108	22	Lp
108	23	Lp
108	24	Lp
108	25	-1
108	26	Lp
108	27	-1
108	28	-1
108	29	Lp
108	30	L
108	31	L
108	32	U
108	33	Lp
108	34	U
108	35	Lp
108	36	Lp
108	37	Lp
108	38	Lp
108	39	Lp
108	40	Lp
108	41	Lp
108	42	Lp
108	43	-1
108	44	-1
108	45	Lp
108	46	Lp
108	47	-1
108	48	Lp
108	49	Lp
108	50	Lp
108	51	Lp
108	52	Lp
108	53	L
108	54	L
108	55	L
108	56	U
108	57	Lp
108	58	-1
108	59	-1
108	60	L
108	61	L
108	62	L
108	63	L
108	64	L
108	65	L
108	66	-1
108	67	Lp
108	68	L
108	69	Lp
108	70	Lp
108	71	U
108	72	L
108	73	-1
108	74	L
108	75	Lp
108	76	Lp
108	77	-1
108	78	Lp
108	79	-1
108	80	-1
108	81	Lp
108	82	Lp
108	83	Lp
108	84	Lp
108	85	Lp
108	86	Lp
108	87	Lp
108	88	Lp
108	89	Lp
108	90	Lp
108	91	-1
108	92	Lp
108	93	Lp
108	94	Lp
108	95	Lp
108	96	Lp
108	97	L
108	98	U
108	99	-1
108	100	Lp
108	101	Lp
108	102	Lp
108	103	Lp
108	104	Lp
108	105	-1
108	106	Lp
108	107	Lp
108	108	Lp
108	109	Lp
108	110	L
108	111	L
108	112	L
108	113	Lp
108	114	-1
108	115	Lp
108	116	Lp
108	117	Lp
108	118	Lp
108	119	-1
109	0	Lp
109	1	Lp
109	2	-1
109	3	Lp
109	4	Lp
109	5	Lp
109	6	U
109	7	Lp
109	8	Lp
109	9	Lp
109	10	Lp
109	11	-1
109	12	-1
109	13	-1
109	14	Lp
109	15	Lp
109	16	-1
109	17	Lp
109	18	-1
109	19	Lp
109	20	Lp
109	21	Lp
109	22	Lp
109	23	Lp
109	24	-1
109	25	-1
109	26	Lp
109	27	Lp
109	28	Lp
109	29	Lp
109	30	L
109	31	L
109	32	L
109	33	Lp
109	34	U
109	35	Lp
109	36	Lp
109	37	Lp
109	38	Lp
109	39	Lp
109	40	Lp
109	41	Lp
109	42	Lp
109	43	Lp
109	44	-1
109	45	Lp
109	46	Lp
109	47	Lp
109	48	Lp
109	49	L
109	50	Lp
109	51	L
109	52	L
109	53	L
109	54	-1
109	55	L
109	56	-1
109	57	-1
109	58	-1
109	59	Lp
109	60	L
109	61	L
109	62	L
109	63	L
109	64	-1
109	65	-1
109	66	L
109	67	Lp
109	68	Lp
109	69	U
109	70	Lp
109	71	L
109	72	U
109	73	L
109	74	L
109	75	Lp
109	76	Lp
109	77	-1
109	78	-1
109	79	Lp
109	80	Lp
109	81	Lp
109	82	Lp
109	83	Lp
109	84	-1
109	85	U
109	86	Lp
109	87	Lp
109	88	Lp
109	89	-1
109	90	-1
109	91	Lp
109	92	Lp
109	93	Lp
109	94	Lp
109	95	Lp
109	96	-1
109	97	Lp
109	98	U
109	99	Lp
109	100	Lp
109	101	-1
109	102	Lp
109	103	Lp
109	104	Lp
109	105	-1
109	106	Lp
109	107	L
109	108	Lp
109	109	Lp
109	110	L
109	111	L
109	112	Lp
109	113	Lp
109	114	-1
109	115	Lp
109	116	Lp
109	117	Lp
109	118	Lp
109	119	-1
110	0	Lp
110	1	-1
110	2	Lp
110	3	-1
110	4	Lp
110	5	Lp
110	6	Lp
110	7	Lp
110	8	Lp
110	9	-1
110	10	Lp
110	11	Lp
110	12	Lp
110	13	Lp
110	14	Lp
110	15	-1
110	16	-1
110	17	Lp
110	18	Lp
110	19	Lp
110	20	-1
110	21	Lp
110	22	Lp
110	23	Lp
110	24	Lp
110	25	Lp
110	26	Lp
110	27	-1
110	28	-1
110	29	-1
110	30	Lp
110	31	Lp
110	32	Lp
110	33	L
110	34	Lp
110	35	Lp
110	36	Lp
110	37	Lp
110	38	Lp
110	39	Lp
110	40	Lp
110	41	Lp
110	42	-1
110	43	Lp
110	44	Lp
110	45	Lp
110	46	Lp
110	47	Lp
110	48	-1
110	49	L
110	50	L
110	51	L
110	52	L
110	53	L
110	54	L
110	55	L
110	56	L
110	57	L
110	58	Lp
110	59	L
110	60	L
110	61	L
110	62	L
110	63	L
110	64	L
110	65	L
110	66	L
110	67	Lp
110	68	Lp
110	69	Lp
110	70	-1
110	71	Lp
110	72	U
110	73	L
110	74	L
110	75	Lp
110	76	-1
110	77	Lp
110	78	Lp
110	79	Lp
110	80	Lp
110	81	Lp
110	82	Lp
110	83	Lp
110	84	Lp
110	85	U
110	86	Lp
110	87	Lp
110	88	Lp
110	89	Lp
110	90	-1
110	91	Lp
110	92	Lp
110	93	Lp
110	94	Lp
110	95	Lp
110	96	-1
110	97	Lp
110	98	Lp
110	99	Lp
110	100	Lp
110	101	Lp
110	102	Lp
110	103	Lp
110	104	Lp
110	105	Lp
110	106	Lp
110	107	Lp
110	108	-1
110	109	Lp
110	110	Lp
110	111	L
110	112	Lp
110	113	-1
110	114	Lp
110	115	Lp
110	116	Lp
110	117	Lp
110	118	Lp
110	119	Lp
111	0	Lp
111	1	Lp
111	2	Lp
111	3	Lp
111	4	Lp
111	5	Lp
111	6	Lp
111	7	Lp
111	8	Lp
111	9	U
111	10	U
111	11	U
111	12	Lp
111	13	-1
111	14	Lp
111	15	Lp
111	16	Lp
111	17	Lp
111	18	Lp
111	19	Lp
111	20	-1
111	21	Lp
111	22	Lp
111	23	-1
111	24	Lp
111	25	-1
111	26	-1
111	27	-1
111	28	Lp
111	29	Lp
111	30	Lp
111	31	Lp
111	32	Lp
111	33	Lp
111	34	-1
111	35	Lp
111	36	Lp
111	37	Lp
111	38	Lp
111	39	-1
111	40	Lp
111	41	Lp
111	42	Lp
111	43	Lp
111	44	Lp
111	45	Lp
111	46	Lp
111	47	Lp
111	48	-1
111	49	L
111	50	L
111	51	-1
111	52	L
111	53	L
111	54	L
111	55	L
111	56	U
111	57	L
111	58	L
111	59	-1
111	60	L
111	61	L
111	62	L
111	63	L
111	64	L
111	65	-1
111	66	U
111	67	Lp
111	68	Lp
111	69	-1
111	70	-1
111	71	-1
111	72	L
111	73	L
111	74	L
111	75	Lp
111	76	L
111	77	Lp
111	78	Lp
111	79	Lp
111	80	Lp
111	81	Lp
111	82	Lp
111	83	-1
111	84	Lp
111	85	Lp
111	86	Lp
111	87	-1
111	88	Lp
111	89	Lp
111	90	Lp
111	91	Lp
111	92	Lp
111	93	Lp
111	94	Lp
111	95	Lp
111	96	-1
111	97	Lp
111	98	Lp
111	99	Lp
111	100	Lp
111	101	U
111	102	Lp
111	103	-1
111	104	Lp
111	105	Lp
111	106	-1
111	107	Lp
111	108	Lp
111	109	Lp
111	110	L
111	111	L
111	112	L
111	113	-1
111	114	Lp
111	115	Lp
111	116	Lp
111	117	Lp
111	118	Lp
111	119	Lp
112	0	Lp
112	1	Lp
112	2	Lp
112	3	Lp
112	4	-1
112	5	-1
112	6	Lp
112	7	-1
112	8	Lp
112	9	Lp
112	10	Lp
112	11	U
112	12	-1
112	13	U
112	14	U
112	15	Lp
112	16	Lp
112	17	Lp
112	18	-1
112	19	Lp
112	20	Lp
112	21	Lp
112	22	Lp
112	23	Lp
112	24	-1
112	25	U
112	26	Lp
112	27	Lp
112	28	-1
112	29	Lp
112	30	Lp
112	31	Lp
112	32	Lp
112	33	Lp
112	34	Lp
112	35	Lp
112	36	Lp
112	37	-1
112	38	Lp
112	39	Lp
112	40	Lp
112	41	Lp
112	42	Lp
112	43	Lp
112	44	L
112	45	L
112	46	Lp
112	47	Lp
112	48	Lp
112	49	-1
112	50	L
112	51	L
112	52	L
112	53	L
112	54	L
112	55	L
112	56	U
112	57	-1
112	58	L
112	59	L
112	60	L
112	61	-1
112	62	L
112	63	L
112	64	L
112	65	U
112	66	L
112	67	Lp
112	68	L
112	69	Lp
112	70	Lp
112	71	L
112	72	L
112	73	-1
112	74	L
112	75	L
112	76	-1
112	77	Lp
112	78	Lp
112	79	Lp
112	80	-1
112	81	-1
112	82	Lp
112	83	Lp
112	84	-1
112	85	Lp
112	86	-1
112	87	Lp
112	88	Lp
112	89	Lp
112	90	Lp
112	91	Lp
112	92	Lp
112	93	Lp
112	94	Lp
112	95	Lp
112	96	Lp
112	97	Lp
112	98	Lp
112	99	Lp
112	100	-1
112	101	Lp
112	102	Lp
112	103	L
112	104	Lp
112	105	L
112	106	Lp
112	107	-1
112	108	Lp
112	109	Lp
112	110	Lp
112	111	Lp
112	112	L
112	113	Lp
112	114	U
112	115	Lp
112	116	Lp
112	117	Lp
112	118	Lp
112	119	Lp
113	0	Lp
113	1	Lp
113	2	Lp
113	3	Lp
113	4	Lp
113	5	Lp
113	6	-1
113	7	-1
113	8	Lp
113	9	Lp
113	10	Lp
113	11	-1
113	12	U
113	13	Lp
113	14	Lp
113	15	Lp
113	16	Lp
113	17	Lp
113	18	Lp
113	19	-1
113	20	Lp
113	21	Lp
113	22	Lp
113	23	Lp
113	24	Lp
113	25	Lp
113	26	Lp
113	27	Lp
113	28	Lp
113	29	Lp
113	30	-1
113	31	Lp
113	32	Lp
113	33	-1
113	34	Lp
113	35	Lp
113	36	Lp
113	37	-1
113	38	Lp
113	39	Lp
113	40	Lp
113	41	L
113	42	Lp
113	43	Lp
113	44	Lp
113	45	Lp
113	46	Lp
113	47	Lp
113	48	-1
113	49	L
113	50	L
113	51	-1
113	52	L
113	53	L
113	54	-1
113	55	-1
113	56	U
113	57	U
113	58	-1
113	59	L
113	60	L
113	61	L
113	62	L
113	63	L
113	64	L
113	65	-1
113	66	L
113	67	L
113	68	L
113	69	Lp
113	70	Lp
113	71	-1
113	72	L
113	73	L
113	74	L
113	75	L
113	76	L
113	77	Lp
113	78	Lp
113	79	Lp
113	80	Lp
113	81	Lp
113	82	Lp
113	83	Lp
113	84	Lp
113	85	Lp
113	86	Lp
113	87	Lp
113	88	Lp
113	89	Lp
113	90	U
113	91	Lp
113	92	Lp
113	93	Lp
113	94	Lp
113	95	Lp
113	96	Lp
113	97	-1
113	98	Lp
113	99	Lp
113	100	Lp
113	101	Lp
113	102	Lp
113	103	L
113	104	L
113	105	Lp
113	106	Lp
113	107	Lp
113	108	Lp
113	109	-1
113	110	Lp
113	111	Lp
113	112	Lp
113	113	Lp
113	114	Lp
113	115	-1
113	116	Lp
113	117	Lp
113	118	Lp
113	119	Lp
114	0	Lp
114	1	-1
114	2	Lp
114	3	-1
114	4	Lp
114	5	Lp
114	6	-1
114	7	Lp
114	8	Lp
114	9	Lp
114	10	Lp
114	11	U
114	12	Lp
114	13	Lp
114	14	Lp
114	15	Lp
114	16	U
114	17	Lp
114	18	Lp
114	19	Lp
114	20	Lp
114	21	Lp
114	22	Lp
114	23	Lp
114	24	Lp
114	25	Lp
114	26	Lp
114	27	Lp
114	28	Lp
114	29	-1
114	30	-1
114	31	Lp
114	32	Lp
114	33	-1
114	34	Lp
114	35	Lp
114	36	Lp
114	37	Lp
114	38	Lp
114	39	Lp
114	40	Lp
114	41	-1
114	42	L
114	43	Lp
114	44	L
114	45	Lp
114	46	Lp
114	47	-1
114	48	L
114	49	-1
114	50	L
114	51	L
114	52	L
114	53	L
114	54	L
114	55	L
114	56	L
114	57	-1
114	58	Lp
114	59	Lp
114	60	L
114	61	L
114	62	L
114	63	L
114	64	L
114	65	U
114	66	L
114	67	L
114	68	L
114	69	Lp
114	70	Lp
114	71	Lp
114	72	L
114	73	-1
114	74	L
114	75	L
114	76	L
114	77	L
114	78	Lp
114	79	Lp
114	80	Lp
114	81	Lp
114	82	Lp
114	83	Lp
114	84	-1
114	85	Lp
114	86	Lp
114	87	U
114	88	Lp
114	89	U
114	90	Lp
114	91	Lp
114	92	Lp
114	93	Lp
114	94	Lp
114	95	Lp
114	96	L
114	97	Lp
114	98	Lp
114	99	Lp
114	100	-1
114	101	Lp
114	102	L
114	103	Lp
114	104	L
114	105	L
114	106	Lp
114	107	Lp
114	108	Lp
114	109	Lp
114	110	Lp
114	111	Lp
114	112	Lp
114	113	Lp
114	114	Lp
114	115	Lp
114	116	Lp
114	117	Lp
114	118	-1
114	119	-1
115	0	Lp
115	1	Lp
115	2	L
115	3	Lp
115	4	Lp
115	5	Lp
115	6	Lp
115	7	Lp
115	8	Lp
115	9	Lp
115	10	Lp
115	11	Lp
115	12	-1
115	13	Lp
115	14	U
115	15	U
115	16	U
115	17	Lp
115	18	Lp
115	19	Lp
115	20	-1
115	21	Lp
115	22	-1
115	23	Lp
115	24	Lp
115	25	Lp
115	26	-1
115	27	Lp
115	28	Lp
115	29	Lp
115	30	-1
115	31	Lp
115	32	-1
115	33	Lp
115	34	Lp
115	35	-1
115	36	Lp
115	37	Lp
115	38	Lp
115	39	Lp
115	40	-1
115	41	Lp
115	42	L
115	43	-1
115	44	-1
115	45	-1
115	46	Lp
115	47	Lp
115	48	L
115	49	L
115	50	L
115	51	-1
115	52	L
115	53	L
115	54	L
115	55	L
115	56	L
115	57	L
115	58	-1
115	59	L
115	60	-1
115	61	L
115	62	L
115	63	L
115	64	U
115	65	U
115	66	-1
115	67	L
115	68	L
115	69	L
115	70	Lp
115	71	L
115	72	Lp
115	73	Lp
115	74	L
115	75	L
115	76	L
115	77	Lp
115	78	Lp
115	79	Lp
115	80	-1
115	81	Lp
115	82	Lp
115	83	-1
115	84	Lp
115	85	Lp
115	86	-1
115	87	Lp
115	88	U
115	89	-1
115	90	-1
115	91	Lp
115	92	Lp
115	93	Lp
115	94	Lp
115	95	L
115	96	Lp
115	97	Lp
115	98	Lp
115	99	Lp
115	100	Lp
115	101	Lp
115	102	-1
115	103	Lp
115	104	L
115	105	L
115	106	Lp
115	107	Lp
115	108	Lp
115	109	Lp
115	110	-1
115	111	Lp
115	112	-1
115	113	Lp
115	114	-1
115	115	Lp
115	116	Lp
115	117	Lp
115	118	Lp
115	119	Lp
116	0	Lp
116	1	L
116	2	-1
116	3	L
116	4	Lp
116	5	Lp
116	6	Lp
116	7	-1
116	8	Lp
116	9	Lp
116	10	Lp
116	11	U
116	12	Lp
116	13	U
116	14	Lp
116	15	Lp
116	16	U
116	17	Lp
116	18	Lp
116	19	Lp
116	20	Lp
116	21	Lp
116	22	Lp
116	23	Lp
116	24	Lp
116	25	Lp
116	26	Lp
116	27	-1
116	28	Lp
116	29	Lp
116	30	Lp
116	31	Lp
116	32	Lp
116	33	Lp
116	34	Lp
116	35	Lp
116	36	Lp
116	37	Lp
116	38	Lp
116	39	Lp
116	40	Lp
116	41	L
116	42	L
116	43	Lp
116	44	-1
116	45	-1
116	46	L
116	47	Lp
116	48	Lp
116	49	L
116	50	-1
116	51	L
116	52	L
116	53	-1
116	54	L
116	55	Lp
116	56	L
116	57	Lp
116	58	L
116	59	-1
116	60	Lp
116	61	L
116	62	-1
116	63	Lp
116	64	Lp
116	65	-1
116	66	L
116	67	L
116	68	L
116	69	Lp
116	70	Lp
116	71	-1
116	72	Lp
116	73	Lp
116	74	Lp
116	75	L
116	76	Lp
116	77	Lp
116	78	Lp
116	79	Lp
116	80	Lp
116	81	Lp
116	82	-1
116	83	Lp
116	84	Lp
116	85	Lp
116	86	-1
116	87	Lp
116	88	Lp
116	89	Lp
116	90	Lp
116	91	-1
116	92	Lp
116	93	Lp
116	94	Lp
116	95	-1
116	96	Lp
116	97	-1
116	98	Lp
116	99	-1
116	100	-1
116	101	Lp
116	102	-1
116	103	-1
116	104	Lp
116	105	Lp
116	106	Lp
116	107	-1
116	108	Lp
116	109	-1
116	110	Lp
116	111	Lp
116	112	-1
116	113	Lp
116	114	Lp
116	115	Lp
116	116	Lp
116	117	Lp
116	118	Lp
116	119	Lp
117	0	L
117	1	Lp
117	2	L
117	3	Lp
117	4	Lp
117	5	Lp
117	6	Lp
117	7	Lp
117	8	Lp
117	9	Lp
117	10	L
117	11	U
117	12	U
117	13	Lp
117	14	-1
117	15	Lp
117	16	Lp
117	17	U
117	18	Lp
117	19	Lp
117	20	Lp
117	21	Lp
117	22	Lp
117	23	Lp
117	24	Lp
117	25	-1
117	26	Lp
117	27	-1
117	28	Lp
117	29	-1
117	30	Lp
117	31	Lp
117	32	Lp
117	33	Lp
117	34	Lp
117	35	Lp
117	36	-1
117	37	Lp
117	38	Lp
117	39	Lp
117	40	-1
117	41	L
117	42	Lp
117	43	Lp
117	44	-1
117	45	Lp
117	46	Lp
117	47	Lp
117	48	Lp
117	49	L
117	50	L
117	51	-1
117	52	L
117	53	L
117	54	Lp
117	55	L
117	56	-1
117	57	-1
117	58	-1
117	59	Lp
117	60	Lp
117	61	Lp
117	62	-1
117	63	-1
117	64	L
117	65	Lp
117	66	L
117	67	L
117	68	Lp
117	69	Lp
117	70	Lp
117	71	Lp
117	72	-1
117	73	Lp
117	74	Lp
117	75	Lp
117	76	Lp
117	77	Lp
117	78	Lp
117	79	Lp
117	80	Lp
117	81	Lp
117	82	Lp
117	83	Lp
117	84	Lp
117	85	Lp
117	86	Lp
117	87	Lp
117	88	Lp
117	89	Lp
117	90	Lp
117	91	-1
117	92	Lp
117	93	Lp
117	94	Lp
117	95	Lp
117	96	Lp
117	97	-1
117	98	Lp
117	99	Lp
117	100	Lp
117	101	-1
117	102	Lp
117	103	Lp
117	104	Lp
117	105	Lp
117	106	Lp
117	107	Lp
117	108	Lp
117	109	Lp
117	110	-1
117	111	L
117	112	L
117	113	-1
117	114	Lp
117	115	Lp
117	116	Lp
117	117	Lp
117	118	Lp
117	119	Lp
118	0	L
118	1	Lp
118	2	Lp
118	3	L
118	4	L
118	5	Lp
118	6	Lp
118	7	-1
118	8	-1
118	9	-1
118	10	-1
118	11	Lp
118	12	U
118	13	Lp
118	14	-1
118	15	-1
118	16	Lp
118	17	Lp
118	18	Lp
118	19	U
118	20	Lp
118	21	Lp
118	22	-1
118	23	Lp
118	24	Lp
118	25	-1
118	26	Lp
118	27	Lp
118	28	-1
118	29	Lp
118	30	Lp
118	31	-1
118	32	Lp
118	33	Lp
118	34	Lp
118	35	Lp
118	36	-1
118	37	Lp
118	38	L
118	39	L
118	40	-1
118	41	Lp
118	42	Lp
118	43	Lp
118	44	Lp
118	45	Lp
118	46	Lp
118	47	-1
118	48	Lp
118	49	-1
118	50	L
118	51	L
118	52	-1
118	53	L
118	54	L
118	55	Lp
118	56	Lp
118	57	-1
118	58	Lp
118	59	Lp
118	60	-1
118	61	Lp
118	62	Lp
118	63	-1
118	64	Lp
118	65	Lp
118	66	L
118	67	L
118	68	L
118	69	L
118	70	Lp
118	71	Lp
118	72	-1
118	73	Lp
118	74	Lp
118	75	Lp
118	76	Lp
118	77	Lp
118	78	Lp
118	79	Lp
118	80	Lp
118	81	-1
118	82	Lp
118	83	-1
118	84	Lp
118	85	Lp
118	86	Lp
118	87	Lp
118	88	Lp
118	89	Lp
118	90	Lp
118	91	Lp
118	92	-1
118	93	Lp
118	94	Lp
118	95	Lp
118	96	Lp
118	97	Lp
118	98	Lp
118	99	Lp
118	100	Lp
118	101	-1
118	102	Lp
118	103	Lp
118	104	Lp
118	105	Lp
118	106	Lp
118	107	Lp
118	108	Lp
118	109	Lp
118	110	-1
118	111	Lp
118	112	-1
118	113	L
118	114	L
118	115	Lp
118	116	-1
118	117	L
118	118	Lp
118	119	Lp
119	0	L
119	1	L
119	2	Lp
119	3	-1
119	4	Lp
119	5	Lp
119	6	Lp
119	7	Lp
119	8	Lp
119	9	Lp
119	10	Lp
119	11	U
119	12	-1
119	13	Lp
119	14	Lp
119	15	Lp
119	16	Lp
119	17	-1
119	18	Lp
119	19	Lp
119	20	Lp
119	21	-1
119	22	-1
119	23	-1
119	24	Lp
119	25	Lp
119	26	-1
119	27	Lp
119	28	Lp
119	29	Lp
119	30	Lp
119	31	Lp
119	32	-1
119	33	-1
119	34	-1
119	35	Lp
119	36	Lp
119	37	Lp
119	38	Lp
119	39	-1
119	40	-1
119	41	Lp
119	42	Lp
119	43	Lp
119	44	-1
119	45	Lp
119	46	-1
119	47	Lp
119	48	-1
119	49	-1
119	50	L
119	51	L
119	52	L
119	53	L
119	54	L
119	55	L
119	56	Lp
119	57	Lp
119	58	Lp
119	59	Lp
119	60	Lp
119	61	Lp
119	62	Lp
119	63	Lp
119	64	Lp
119	65	L
119	66	L
119	67	L
119	68	L
119	69	-1
119	70	L
119	71	L
119	72	L
119	73	-1
119	74	Lp
119	75	Lp
119	76	-1
119	77	Lp
119	78	Lp
119	79	Lp
119	80	Lp
119	81	Lp
119	82	Lp
119	83	Lp
119	84	Lp
119	85	Lp
119	86	Lp
119	87	Lp
119	88	Lp
119	89	Lp
119	90	Lp
119	91	Lp
119	92	Lp
119	93	Lp
119	94	Lp
119	95	-1
119	96	Lp
119	97	Lp
119	98	Lp
119	99	Lp
119	100	Lp
119	101	Lp
119	102	-1
119	103	Lp
119	104	Lp
119	105	Lp
119	106	Lp
119	107	Lp
119	108	Lp
119	109	Lp
119	110	Lp
119	111	Lp
119	112	L
119	113	Lp
119	114	-1
119	115	L
119	116	L
119	117	L
119	118	-1
119	119	L
