0	0	Uc
0	1	Uc
0	2	Lc
0	3	Lc
0	4	L
0	5	Lc
0	6	L
0	7	L
0	8	Lc
0	9	Lc
0	10	Lc
0	11	Lc
0	12	-1
0	13	Lc
0	14	Lc
0	15	Lc
0	16	Lc
0	17	-1
0	18	-1
0	19	Lc
0	20	Lc
0	21	Lc
0	22	Lc
0	23	Lc
0	24	Lc
0	25	Lc
0	26	Lc
0	27	Lc
0	28	-1
0	29	Lc
0	30	Lc
0	31	Lc
0	32	Lc
0	33	Lc
0	34	Lc
0	35	-1
0	36	Lc
0	37	Lc
0	38	Lc
0	39	Lc
0	40	-1
0	41	Lc
0	42	Lc
0	43	Lc
0	44	Lc
0	45	Lc
0	46	Lc
0	47	Lc
0	48	Lc
0	49	Lc
0	50	Lc
0	51	Lc
0	52	Lc
0	53	Lc
0	54	-1
0	55	Lc
0	56	Lc
0	57	L
0	58	Lc
0	59	-1
0	60	Lc
0	61	Lc
0	62	Lc
0	63	Lc
0	64	Lc
0	65	Lc
0	66	Lc
0	67	Lc
0	68	-1
0	69	Lc
0	70	Lc
0	71	Lc
0	72	Lc
0	73	Lc
0	74	L
0	75	L
0	76	L
0	77	L
0	78	-1
0	79	Lp
0	80	-1
0	81	L
0	82	Lc
0	83	Lc
0	84	Lc
0	85	Lc
0	86	-1
0	87	Lc
0	88	-1
0	89	-1
0	90	L
0	91	L
0	92	Lc
0	93	Lc
0	94	-1
0	95	Lc
0	96	Lc
0	97	Lc
0	98	Lc
0	99	Lc
0	100	L
0	101	Lc
0	102	Lc
0	103	Lc
0	104	Lc
0	105	Lc
0	106	Lc
0	107	L
0	108	L
0	109	L
0	110	Lc
0	111	Lc
0	112	Lc
0	113	Lc
0	114	Lc
0	115	Lc
0	116	Lc
0	117	Lc
0	118	Lc
0	119	Lc
1	0	Lc
1	1	Lc
1	2	Lc
1	3	Lc
1	4	Lc
1	5	L
1	6	Lc
1	7	Lc
1	8	-1
1	9	-1
1	10	Lc
1	11	Lc
1	12	Lc
1	13	Lc
1	14	Lc
1	15	Lc
1	16	Lc
1	17	Lc
1	18	Lc
1	19	Lc
1	20	-1
1	21	-1
1	22	Lc
1	23	Lc
1	24	-1
1	25	Lc
1	26	Lc
1	27	Lc
1	28	Lc
1	29	Lc
1	30	Uc
1	31	Lc
1	32	-1
1	33	Lc
1	34	Lc
1	35	Lc
1	36	-1
1	37	Lc
1	38	Lc
1	39	Lc
1	40	Lc
1	41	-1
1	42	-1
1	43	Lc
1	44	Lc
1	45	Lc
1	46	Lc
1	47	Lc
1	48	Lc
1	49	Lc
1	50	Lc
1	51	Lc
1	52	Lc
1	53	-1
1	54	Lc
1	55	Lc
1	56	Lc
1	57	Lc
1	58	Lc
1	59	Lc
1	60	Lc
1	61	Lc
1	62	Lc
1	63	Lc
1	64	Lc
1	65	Lc
1	66	Lc
1	67	Lc
1	68	Lc
1	69	Lc
1	70	Lc
1	71	Lc
1	72	Lc
1	73	Lc
1	74	L
1	75	L
1	76	L
1	77	L
1	78	L
1	79	L
1	80	L
1	81	-1
1	82	Lc
1	83	Lc
1	84	Lc
1	85	Lc
1	86	Lc
1	87	L
1	88	L
1	89	L
1	90	-1
1	91	-1
1	92	L
1	93	L
1	94	Lc
1	95	Lc
1	96	Lc
1	97	Lc
1	98	Lc
1	99	Lc
1	100	Lc
1	101	Lc
1	102	Lc
1	103	Lc
1	104	-1
1	105	-1
1	106	Lc
1	107	Lc
1	108	Lc
1	109	Lc
1	110	Lc
1	111	Lc
1	112	Lc
1	113	Lc
1	114	Lc
1	115	Lc
1	116	Lc
1	117	Lc
1	118	Lc
1	119	Lc
2	0	Lc
2	1	Lc
2	2	-1
2	3	Lc
2	4	Lc
2	5	Lc
2	6	Lc
2	7	Lc
2	8	Lc
2	9	Lc
2	10	L
2	11	L
2	12	Lc
2	13	Lc
2	14	L
2	15	Lc
2	16	L
2	17	L
2	18	-1
2	19	Lc
2	20	Lc
2	21	Lc
2	22	Lc
2	23	Lc
2	24	Lc
2	25	Lc
2	26	Lc
2	27	Lc
2	28	Lc
2	29	Lc
2	30	-1
2	31	Lc
2	32	Lc
2	33	-1
2	34	Lc
2	35	-1
2	36	Lc
2	37	-1
2	38	Lc
2	39	Lc
2	40	Lc
2	41	Lc
2	42	-1
2	43	Lc
2	44	Lc
2	45	Lc
2	46	Lc
2	47	Lc
2	48	Lc
2	49	Lc
2	50	Lc
2	51	Lc
2	52	Lc
2	53	Lc
2	54	Lc
2	55	Lc
2	56	Lc
2	57	-1
2	58	Lc
2	59	Lc
2	60	-1
2	61	-1
2	62	Lc
2	63	Lc
2	64	Lc
2	65	Lc
2	66	Lc
2	67	Lc
2	68	Lc
2	69	Lc
2	70	Lc
2	71	Lc
2	72	Lc
2	73	Lc
2	74	L
2	75	Lc
2	76	L
2	77	L
2	78	L
2	79	L
2	80	Lc
2	81	L
2	82	Uc
2	83	Lc
2	84	Lc
2	85	Lc
2	86	U
2	87	U
2	88	U
2	89	-1
2	90	L
2	91	Lc
2	92	L
2	93	L
2	94	L
2	95	L
2	96	Lc
2	97	Lc
2	98	Lc
2	99	Lc
2	100	Lc
2	101	L
2	102	L
2	103	-1
2	104	Lc
2	105	Uc
2	106	L
2	107	-1
2	108	Lc
2	109	Lc
2	110	Lc
2	111	Lc
2	112	Lc
2	113	Lc
2	114	Lc
2	115	Lc
2	116	Lc
2	117	Lc
2	118	Lc
2	119	Lc
3	0	Lc
3	1	Lc
3	2	Lc
3	3	Lc
3	4	Lc
3	5	Lc
3	6	Lc
3	7	Lc
3	8	Uc
3	9	Lc
3	10	L
3	11	L
3	12	L
3	13	-1
3	14	Lc
3	15	Lc
3	16	L
3	17	-1
3	18	Lc
3	19	Lc
3	20	Lc
3	21	Lc
3	22	Lc
3	23	Lc
3	24	Lc
3	25	Lc
3	26	Lc
3	27	-1
3	28	Lc
3	29	Uc
3	30	Lc
3	31	Lc
3	32	Lc
3	33	Lc
3	34	Lc
3	35	L
3	36	Lc
3	37	-1
3	38	Lc
3	39	L
3	40	Lc
3	41	Lc
3	42	Lc
3	43	Lc
3	44	L
3	45	Lc
3	46	L
3	47	-1
3	48	Lc
3	49	Lc
3	50	Lc
3	51	-1
3	52	Lc
3	53	Lc
3	54	Lc
3	55	Lc
3	56	Lc
3	57	Lc
3	58	Lc
3	59	Lc
3	60	Lc
3	61	Lc
3	62	Lc
3	63	Lc
3	64	Lc
3	65	Lc
3	66	Lc
3	67	Lc
3	68	Lc
3	69	Lc
3	70	Lc
3	71	Lc
3	72	Lc
3	73	Lc
3	74	Lc
3	75	Lc
3	76	Lc
3	77	Lc
3	78	Lc
3	79	Lc
3	80	Lc
3	81	Lc
3	82	Uc
3	83	L
3	84	Lc
3	85	Lc
3	86	-1
3	87	U
3	88	U
3	89	Lc
3	90	L
3	91	Lc
3	92	-1
3	93	L
3	94	Lc
3	95	Lc
3	96	-1
3	97	Lc
3	98	Lc
3	99	-1
3	100	Lc
3	101	L
3	102	-1
3	103	-1
3	104	-1
3	105	L
3	106	Uc
3	107	Lc
3	108	Lc
3	109	Lc
3	110	Lc
3	111	Lc
3	112	Lc
3	113	Lc
3	114	Lc
3	115	Lc
3	116	Lc
3	117	Lc
3	118	Lc
3	119	Lc
4	0	Lc
4	1	Lc
4	2	Lc
4	3	Lc
4	4	Lc
4	5	Lc
4	6	Lc
4	7	-1
4	8	Uc
4	9	Lc
4	10	Lc
4	11	L
4	12	L
4	13	L
4	14	Lc
4	15	-1
4	16	L
4	17	L
4	18	Lc
4	19	Lc
4	20	Lc
4	21	Lc
4	22	Lc
4	23	-1
4	24	Lc
4	25	-1
4	26	-1
4	27	Lc
4	28	Lc
4	29	Lc
4	30	Lc
4	31	Lc
4	32	-1
4	33	Lc
4	34	Lc
4	35	Lc
4	36	L
4	37	-1
4	38	Lc
4	39	Lc
4	40	Lc
4	41	Lc
4	42	Uc
4	43	L
4	44	L
4	45	Lc
4	46	Lc
4	47	Lc
4	48	L
4	49	L
4	50	Lc
4	51	Lc
4	52	Lc
4	53	Lc
4	54	Lc
4	55	Lc
4	56	Lc
4	57	Lc
4	58	Lc
4	59	Lc
4	60	Lc
4	61	-1
4	62	Lc
4	63	Lc
4	64	-1
4	65	Lc
4	66	Lc
4	67	Lc
4	68	Lc
4	69	Lc
4	70	Lc
4	71	-1
4	72	Lc
4	73	-1
4	74	Lc
4	75	Lc
4	76	-1
4	77	Lc
4	78	Lc
4	79	-1
4	80	Lc
4	81	-1
4	82	-1
4	83	U
4	84	L
4	85	-1
4	86	Lc
4	87	U
4	88	U
4	89	L
4	90	-1
4	91	Lc
4	92	Lc
4	93	-1
4	94	Lc
4	95	Lc
4	96	Lc
4	97	Lc
4	98	Lc
4	99	-1
4	100	-1
4	101	L
4	102	L
4	103	L
4	104	L
4	105	-1
4	106	L
4	107	Lc
4	108	Lc
4	109	Lc
4	110	Lc
4	111	-1
4	112	Lc
4	113	Lc
4	114	Lc
4	115	Lc
4	116	Lc
4	117	-1
4	118	-1
4	119	Lc
5	0	Lc
5	1	Lc
5	2	Lc
5	3	Lc
5	4	Lc
5	5	Lc
5	6	Lc
5	7	Lc
5	8	Lc
5	9	Lc
5	10	-1
5	11	Lc
5	12	-1
5	13	Lc
5	14	Lc
5	15	Lc
5	16	Lc
5	17	L
5	18	Lc
5	19	Lc
5	20	Lc
5	21	Lc
5	22	Lc
5	23	Lc
5	24	Lc
5	25	Lc
5	26	Lc
5	27	Lc
5	28	Lc
5	29	Lc
5	30	Lc
5	31	-1
5	32	Lc
5	33	Lc
5	34	Lc
5	35	Lc
5	36	Lc
5	37	-1
5	38	Lc
5	39	Lc
5	40	Lc
5	41	Lc
5	42	L
5	43	-1
5	44	L
5	45	L
5	46	Lc
5	47	Lc
5	48	-1
5	49	L
5	50	Lc
5	51	Lc
5	52	Lc
5	53	-1
5	54	Lc
5	55	Lc
5	56	Lc
5	57	-1
5	58	Lc
5	59	Lc
5	60	Lc
5	61	Lc
5	62	-1
5	63	Lc
5	64	Lc
5	65	Lc
5	66	Lc
5	67	Lc
5	68	Lc
5	69	Lc
5	70	Lc
5	71	Lc
5	72	-1
5	73	Lc
5	74	Lc
5	75	Lc
5	76	Lc
5	77	Lc
5	78	Lc
5	79	Lc
5	80	-1
5	81	Uc
5	82	-1
5	83	-1
5	84	L
5	85	Uc
5	86	Lc
5	87	Lc
5	88	Lc
5	89	U
5	90	L
5	91	-1
5	92	L
5	93	-1
5	94	-1
5	95	Lc
5	96	Lc
5	97	Lc
5	98	Lc
5	99	Lc
5	100	-1
5	101	L
5	102	L
5	103	L
5	104	Lc
5	105	L
5	106	Lc
5	107	Lc
5	108	Lc
5	109	Lc
5	110	Lc
5	111	Lc
5	112	Lc
5	113	Lc
5	114	-1
5	115	Lc
5	116	Lc
5	117	Lc
5	118	Lc
5	119	Lc
6	0	Lc
6	1	Lc
6	2	-1
6	3	Lc
6	4	Lc
6	5	Lc
6	6	Lc
6	7	Lc
6	8	Lc
6	9	-1
6	10	-1
6	11	-1
6	12	Lc
6	13	Lc
6	14	Lc
6	15	Lc
6	16	L
6	17	L
6	18	L
6	19	Lc
6	20	-1
6	21	Lc
6	22	Lc
6	23	Lc
6	24	Lc
6	25	Lc
6	26	Lc
6	27	Uc
6	28	Uc
6	29	Lc
6	30	Lc
6	31	Lc
6	32	Lc
6	33	Lc
6	34	Lc
6	35	Lc
6	36	-1
6	37	Lc
6	38	-1
6	39	Lc
6	40	Lc
6	41	L
6	42	U
6	43	U
6	44	L
6	45	L
6	46	L
6	47	L
6	48	-1
6	49	Lc
6	50	Lc
6	51	-1
6	52	-1
6	53	Lc
6	54	Lc
6	55	Lc
6	56	L
6	57	-1
6	58	Lc
6	59	Lc
6	60	Lc
6	61	Lc
6	62	Lc
6	63	-1
6	64	Lc
6	65	Lc
6	66	Lc
6	67	Lc
6	68	Lc
6	69	Lc
6	70	Lc
6	71	-1
6	72	Lc
6	73	Lc
6	74	Lc
6	75	Lc
6	76	Lc
6	77	Lc
6	78	Lc
6	79	Lc
6	80	Lc
6	81	Lc
6	82	Uc
6	83	Lc
6	84	L
6	85	Lc
6	86	Uc
6	87	U
6	88	-1
6	89	-1
6	90	L
6	91	-1
6	92	-1
6	93	L
6	94	L
6	95	Lc
6	96	-1
6	97	L
6	98	L
6	99	L
6	100	Lc
6	101	L
6	102	L
6	103	Lc
6	104	L
6	105	L
6	106	Lc
6	107	Lc
6	108	Lc
6	109	Lc
6	110	Lc
6	111	Lc
6	112	Lc
6	113	Lc
6	114	Lc
6	115	Lc
6	116	-1
6	117	Lc
6	118	Lc
6	119	Lc
7	0	Lc
7	1	Lc
7	2	Lc
7	3	Lc
7	4	Lc
7	5	Lc
7	6	Lc
7	7	Lc
7	8	Lc
7	9	Lc
7	10	Lc
7	11	Lc
7	12	Lc
7	13	Lc
7	14	Lc
7	15	-1
7	16	L
7	17	L
7	18	Lc
7	19	Lc
7	20	L
7	21	Lc
7	22	Lc
7	23	Lc
7	24	Lc
7	25	Lc
7	26	Lc
7	27	Lc
7	28	Uc
7	29	Lc
7	30	Lc
7	31	Lc
7	32	Lc
7	33	Lc
7	34	Lc
7	35	Lc
7	36	Lc
7	37	Lc
7	38	Lc
7	39	U
7	40	Lc
7	41	U
7	42	U
7	43	U
7	44	L
7	45	-1
7	46	L
7	47	-1
7	48	L
7	49	Lc
7	50	L
7	51	L
7	52	L
7	53	Lc
7	54	L
7	55	-1
7	56	Lc
7	57	Lc
7	58	Lc
7	59	Lc
7	60	Lc
7	61	Lc
7	62	Lc
7	63	Lc
7	64	Lc
7	65	Lc
7	66	Lc
7	67	-1
7	68	Lc
7	69	Lc
7	70	Lc
7	71	-1
7	72	Lc
7	73	-1
7	74	Lc
7	75	Lc
7	76	Lc
7	77	Lc
7	78	Lc
7	79	Lc
7	80	Lc
7	81	Lc
7	82	Lc
7	83	Uc
7	84	Uc
7	85	-1
7	86	Lc
7	87	-1
7	88	L
7	89	Lc
7	90	Lc
7	91	Lc
7	92	L
7	93	Lc
7	94	Lc
7	95	-1
7	96	Lc
7	97	Lc
7	98	L
7	99	Lc
7	100	Lc
7	101	L
7	102	-1
7	103	Lc
7	104	Lc
7	105	Lc
7	106	Lc
7	107	Lc
7	108	-1
7	109	Lc
7	110	Lc
7	111	Lc
7	112	Lc
7	113	-1
7	114	Lc
7	115	Lc
7	116	Lc
7	117	Lc
7	118	Lc
7	119	Uc
8	0	Uc
8	1	Lc
8	2	Lp
8	3	Lc
8	4	Lc
8	5	-1
8	6	Lc
8	7	Lc
8	8	Lc
8	9	Lc
8	10	Lc
8	11	Lc
8	12	Lc
8	13	Lc
8	14	Lc
8	15	Lc
8	16	-1
8	17	L
8	18	Lc
8	19	L
8	20	Lc
8	21	-1
8	22	Lc
8	23	-1
8	24	Lc
8	25	Lc
8	26	Lc
8	27	U
8	28	Lc
8	29	-1
8	30	Lc
8	31	Lc
8	32	Lc
8	33	Lc
8	34	Lc
8	35	Lc
8	36	Lc
8	37	Lc
8	38	Lc
8	39	Lc
8	40	Lc
8	41	Lc
8	42	Lc
8	43	L
8	44	L
8	45	L
8	46	L
8	47	L
8	48	L
8	49	L
8	50	L
8	51	L
8	52	L
8	53	L
8	54	Lc
8	55	Lc
8	56	Lc
8	57	Lc
8	58	Lc
8	59	Lc
8	60	Lc
8	61	Lc
8	62	Lc
8	63	Lc
8	64	Lc
8	65	Lc
8	66	Lc
8	67	Lc
8	68	Lc
8	69	Lc
8	70	Lc
8	71	Lc
8	72	Lc
8	73	Lc
8	74	Lc
8	75	Lc
8	76	Lc
8	77	Lc
8	78	Lc
8	79	Lc
8	80	Lc
8	81	Lc
8	82	Lc
8	83	Lc
8	84	Uc
8	85	Uc
8	86	Lc
8	87	Lc
8	88	Lc
8	89	Lc
8	90	L
8	91	Lc
8	92	Lc
8	93	-1
8	94	Lc
8	95	Lc
8	96	Lc
8	97	Lc
8	98	Lc
8	99	Lc
8	100	Lc
8	101	Lc
8	102	Lc
8	103	Lc
8	104	Lc
8	105	Lc
8	106	Lc
8	107	-1
8	108	Lc
8	109	Uc
8	110	Lc
8	111	Lc
8	112	Lc
8	113	Lc
8	114	Lc
8	115	Lc
8	116	Lc
8	117	Lc
8	118	Lc
8	119	Lc
9	0	Lc
9	1	Lc
9	2	Lc
9	3	Lp
9	4	-1
9	5	Lc
9	6	Lc
9	7	Lc
9	8	Lc
9	9	Lc
9	10	Lc
9	11	-1
9	12	Lc
9	13	Lc
9	14	Lc
9	15	Lc
9	16	Lc
9	17	Lc
9	18	Lc
9	19	Lc
9	20	Lc
9	21	Lc
9	22	Lc
9	23	Lc
9	24	Lc
9	25	Lc
9	26	Lc
9	27	Lc
9	28	U
9	29	Lc
9	30	Lc
9	31	Lc
9	32	Lc
9	33	Lc
9	34	Lc
9	35	Lc
9	36	Lc
9	37	Lc
9	38	Lc
9	39	Lc
9	40	Lc
9	41	Lc
9	42	Lc
9	43	L
9	44	L
9	45	L
9	46	L
9	47	Lc
9	48	L
9	49	L
9	50	Lc
9	51	L
9	52	L
9	53	L
9	54	Lc
9	55	Lc
9	56	Lc
9	57	-1
9	58	-1
9	59	Lc
9	60	Lc
9	61	Lc
9	62	Lc
9	63	Lc
9	64	-1
9	65	Lc
9	66	Lc
9	67	Lc
9	68	-1
9	69	Lc
9	70	Lc
9	71	Lc
9	72	Lc
9	73	Lc
9	74	Lc
9	75	Lc
9	76	Lc
9	77	Lc
9	78	Lc
9	79	Lc
9	80	Lc
9	81	Lc
9	82	Lc
9	83	Lc
9	84	Uc
9	85	Uc
9	86	Uc
9	87	Lc
9	88	Lc
9	89	Lc
9	90	Lc
9	91	Lc
9	92	Lc
9	93	Lc
9	94	Lc
9	95	Lc
9	96	Lc
9	97	Lc
9	98	Lc
9	99	Lc
9	100	Lc
9	101	Lc
9	102	Lc
9	103	Lc
9	104	Lc
9	105	-1
9	106	Uc
9	107	Lc
9	108	Uc
9	109	Lc
9	110	Lc
9	111	-1
9	112	Lc
9	113	-1
9	114	Lc
9	115	Lc
9	116	Lc
9	117	Lc
9	118	Lc
9	119	-1
10	0	Lc
10	1	Lc
10	2	Lc
10	3	-1
10	4	Lp
10	5	Lp
10	6	Lp
10	7	Lp
10	8	Lc
10	9	Lp
10	10	Lc
10	11	Lc
10	12	Lc
10	13	Lc
10	14	-1
10	15	Lc
10	16	Lc
10	17	Lc
10	18	Lc
10	19	Lc
10	20	Lc
10	21	Lc
10	22	Lc
10	23	Lc
10	24	L
10	25	Lc
10	26	Lc
10	27	U
10	28	Lc
10	29	Lc
10	30	Lc
10	31	Lc
10	32	Lc
10	33	Lc
10	34	Lc
10	35	Lc
10	36	Lc
10	37	Lc
10	38	Lc
10	39	Lc
10	40	Lc
10	41	Lc
10	42	L
10	43	L
10	44	L
10	45	L
10	46	L
10	47	L
10	48	L
10	49	L
10	50	L
10	51	L
10	52	Lc
10	53	Lc
10	54	Lc
10	55	Lc
10	56	-1
10	57	Lc
10	58	-1
10	59	Lc
10	60	Lc
10	61	Lc
10	62	-1
10	63	-1
10	64	-1
10	65	Lc
10	66	Lc
10	67	-1
10	68	Lc
10	69	Lc
10	70	Lc
10	71	Lc
10	72	Lc
10	73	Lc
10	74	Lc
10	75	Lc
10	76	Lc
10	77	Lc
10	78	Lc
10	79	Lc
10	80	-1
10	81	Lc
10	82	Lc
10	83	Lc
10	84	Uc
10	85	Uc
10	86	-1
10	87	Lc
10	88	-1
10	89	Lc
10	90	Lc
10	91	-1
10	92	Lc
10	93	Lc
10	94	L
10	95	-1
10	96	Lc
10	97	Lc
10	98	Lc
10	99	Lc
10	100	Lc
10	101	Lc
10	102	-1
10	103	Lc
10	104	Lc
10	105	Lc
10	106	Lc
10	107	-1
10	108	Lc
10	109	Lc
10	110	Lc
10	111	-1
10	112	Lc
10	113	Lc
10	114	-1
10	115	Lc
10	116	-1
10	117	Lc
10	118	Lc
10	119	Lc
11	0	Lc
11	1	Lc
11	2	Lc
11	3	Uc
11	4	Uc
11	5	Lp
11	6	Lp
11	7	-1
11	8	Lp
11	9	-1
11	10	Lc
11	11	Lc
11	12	Lp
11	13	Lc
11	14	Lc
11	15	Lc
11	16	Uc
11	17	Lc
11	18	Lc
11	19	-1
11	20	Lc
11	21	Lc
11	22	Lc
11	23	L
11	24	L
11	25	L
11	26	L
11	27	Lc
11	28	Lc
11	29	Lc
11	30	Lc
11	31	Lc
11	32	Lc
11	33	Lc
11	34	Lc
11	35	Lc
11	36	Lc
11	37	-1
11	38	Lc
11	39	Lc
11	40	-1
11	41	-1
11	42	L
11	43	L
11	44	L
11	45	L
11	46	L
11	47	L
11	48	L
11	49	L
11	50	Lc
11	51	Lc
11	52	Lc
11	53	Lc
11	54	Lc
11	55	Lc
11	56	Lc
11	57	Lc
11	58	Lc
11	59	Lc
11	60	Lc
11	61	Lc
11	62	Lc
11	63	Lc
11	64	Lc
11	65	-1
11	66	Lc
11	67	-1
11	68	Lc
11	69	-1
11	70	Lc
11	71	Lc
11	72	Lc
11	73	Lc
11	74	Lc
11	75	Lc
11	76	Uc
11	77	Lc
11	78	Lc
11	79	-1
11	80	Lc
11	81	Lc
11	82	Lc
11	83	Lc
11	84	Uc
11	85	Uc
11	86	-1
11	87	Lc
11	88	Lc
11	89	Lc
11	90	-1
11	91	Lc
11	92	-1
11	93	Lc
11	94	L
11	95	-1
11	96	Lc
11	97	Lc
11	98	-1
11	99	Lc
11	100	Lc
11	101	Lc
11	102	Lc
11	103	-1
11	104	Lc
11	105	-1
11	106	-1
11	107	Lc
11	108	Lc
11	109	Lc
11	110	Lc
11	111	Lc
11	112	Lc
11	113	Lc
11	114	Lc
11	115	L
11	116	Lc
11	117	Lc
11	118	Lc
11	119	Lc
12	0	Uc
12	1	Lc
12	2	Lc
12	3	Lc
12	4	Uc
12	5	Lp
12	6	Lp
12	7	-1
12	8	Lp
12	9	-1
12	10	Lc
12	11	Lp
12	12	Lc
12	13	Lc
12	14	Lc
12	15	Lc
12	16	Uc
12	17	Lc
12	18	L
12	19	Lc
12	20	Lc
12	21	Lc
12	22	-1
12	23	-1
12	24	-1
12	25	Lc
12	26	Lc
12	27	Lc
12	28	L
12	29	Lc
12	30	-1
12	31	Lc
12	32	Lc
12	33	Lc
12	34	Lc
12	35	Lc
12	36	Lc
12	37	-1
12	38	Lc
12	39	-1
12	40	Lc
12	41	L
12	42	L
12	43	L
12	44	L
12	45	-1
12	46	-1
12	47	Lc
12	48	L
12	49	Lc
12	50	L
12	51	L
12	52	Lc
12	53	Lc
12	54	Lc
12	55	-1
12	56	Lc
12	57	Lc
12	58	Lc
12	59	Lc
12	60	Lc
12	61	Lc
12	62	Lc
12	63	Lc
12	64	Lc
12	65	Lc
12	66	Lc
12	67	Lc
12	68	-1
12	69	Lc
12	70	Lc
12	71	Lc
12	72	Lc
12	73	-1
12	74	-1
12	75	Lc
12	76	Lc
12	77	Lc
12	78	Lc
12	79	Lc
12	80	Lc
12	81	-1
12	82	Lc
12	83	Lc
12	84	Lc
12	85	Lc
12	86	Lc
12	87	Lc
12	88	-1
12	89	Lc
12	90	Lc
12	91	Lc
12	92	Lc
12	93	L
12	94	-1
12	95	Lc
12	96	Lc
12	97	Lc
12	98	Lc
12	99	Lc
12	100	Lc
12	101	Lc
12	102	Lc
12	103	Lc
12	104	Lc
12	105	Lc
12	106	-1
12	107	Lc
12	108	Lc
12	109	Lc
12	110	Lc
12	111	-1
12	112	Lc
12	113	Lc
12	114	Lc
12	115	Lc
12	116	Lc
12	117	-1
12	118	Lc
12	119	Lc
13	0	Lc
13	1	L
13	2	Lc
13	3	Lc
13	4	Lp
13	5	Lp
13	6	Lp
13	7	Lp
13	8	-1
13	9	Lp
13	10	Lc
13	11	Lc
13	12	Lc
13	13	Lc
13	14	Lc
13	15	Lc
13	16	Lc
13	17	L
13	18	Lc
13	19	L
13	20	Lc
13	21	Lc
13	22	-1
13	23	L
13	24	-1
13	25	L
13	26	Lc
13	27	L
13	28	L
13	29	Lc
13	30	Lc
13	31	Lc
13	32	Lc
13	33	Lc
13	34	-1
13	35	Lc
13	36	Lc
13	37	Lc
13	38	Lc
13	39	Lc
13	40	Lc
13	41	Lc
13	42	Lc
13	43	Lc
13	44	Lc
13	45	-1
13	46	L
13	47	Lc
13	48	Lc
13	49	L
13	50	L
13	51	L
13	52	Lc
13	53	Lc
13	54	Lc
13	55	Lc
13	56	Lc
13	57	Lc
13	58	Lc
13	59	Lc
13	60	L
13	61	Lc
13	62	Lc
13	63	Lc
13	64	Lc
13	65	Lc
13	66	Lc
13	67	Lc
13	68	Lc
13	69	Lc
13	70	Lc
13	71	Lc
13	72	Lc
13	73	Lc
13	74	Lc
13	75	-1
13	76	Uc
13	77	Lc
13	78	Lc
13	79	Lc
13	80	Lc
13	81	Lc
13	82	Lc
13	83	Lc
13	84	Lc
13	85	Lc
13	86	Lc
13	87	Lc
13	88	Lc
13	89	Lc
13	90	Lc
13	91	Lc
13	92	Lc
13	93	-1
13	94	-1
13	95	L
13	96	Lc
13	97	Lc
13	98	-1
13	99	Lc
13	100	Lc
13	101	Lc
13	102	-1
13	103	Lc
13	104	Lc
13	105	Lc
13	106	Lc
13	107	Lc
13	108	Lc
13	109	-1
13	110	Lc
13	111	Lc
13	112	Lc
13	113	-1
13	114	Lc
13	115	-1
13	116	Lc
13	117	Lc
13	118	L
13	119	L
14	0	L
14	1	Lc
14	2	-1
14	3	Lc
14	4	Lc
14	5	Lc
14	6	Lc
14	7	Lp
14	8	Lp
14	9	Lp
14	10	Lp
14	11	Lp
14	12	Uc
14	13	Uc
14	14	Lc
14	15	Lc
14	16	Lc
14	17	L
14	18	Lc
14	19	Lc
14	20	L
14	21	L
14	22	L
14	23	-1
14	24	L
14	25	L
14	26	L
14	27	Lc
14	28	Lc
14	29	Lc
14	30	Lc
14	31	Lc
14	32	Lc
14	33	Lc
14	34	Lc
14	35	Lc
14	36	Lc
14	37	Lc
14	38	Lc
14	39	Lc
14	40	Lc
14	41	Lc
14	42	-1
14	43	L
14	44	L
14	45	L
14	46	L
14	47	Lc
14	48	L
14	49	L
14	50	L
14	51	L
14	52	L
14	53	Lc
14	54	Lc
14	55	Lc
14	56	Lc
14	57	-1
14	58	Lc
14	59	Lc
14	60	L
14	61	-1
14	62	-1
14	63	Lc
14	64	-1
14	65	-1
14	66	Lc
14	67	Lc
14	68	Lc
14	69	Lc
14	70	Lc
14	71	Lc
14	72	Uc
14	73	Lc
14	74	Lc
14	75	Uc
14	76	Uc
14	77	Uc
14	78	Lc
14	79	Lc
14	80	Lc
14	81	Lc
14	82	-1
14	83	Lc
14	84	Lc
14	85	Lc
14	86	Lcp
14	87	Lc
14	88	Lc
14	89	Lc
14	90	-1
14	91	Lc
14	92	Lc
14	93	L
14	94	Lc
14	95	L
14	96	Lc
14	97	Lc
14	98	Lc
14	99	Lc
14	100	Lc
14	101	Uc
14	102	Lc
14	103	Lc
14	104	Lc
14	105	-1
14	106	Lc
14	107	Lc
14	108	Lc
14	109	Lc
14	110	Uc
14	111	Lc
14	112	Lc
14	113	Lc
14	114	Lc
14	115	Lc
14	116	Lc
14	117	Lc
14	118	L
14	119	L
15	0	Lc
15	1	Lc
15	2	-1
15	3	Lc
15	4	Lc
15	5	Lc
15	6	Lc
15	7	-1
15	8	Lc
15	9	Lp
15	10	L
15	11	-1
15	12	Lp
15	13	Lc
15	14	Lc
15	15	Lc
15	16	Lc
15	17	L
15	18	-1
15	19	L
15	20	L
15	21	L
15	22	L
15	23	L
15	24	-1
15	25	L
15	26	Lc
15	27	Lc
15	28	Lc
15	29	Lc
15	30	-1
15	31	Lc
15	32	Lc
15	33	Lc
15	34	Lc
15	35	Lc
15	36	Lc
15	37	Lc
15	38	Lc
15	39	Lc
15	40	L
15	41	L
15	42	Lc
15	43	L
15	44	L
15	45	L
15	46	L
15	47	U
15	48	L
15	49	Lc
15	50	L
15	51	L
15	52	Lc
15	53	L
15	54	Lc
15	55	-1
15	56	Lc
15	57	-1
15	58	Lc
15	59	Lc
15	60	Lc
15	61	Lc
15	62	Lc
15	63	-1
15	64	Lc
15	65	Lc
15	66	-1
15	67	Lc
15	68	Lc
15	69	Lc
15	70	Lc
15	71	Lc
15	72	Uc
15	73	-1
15	74	Uc
15	75	Lc
15	76	Lc
15	77	Uc
15	78	Lc
15	79	Lc
15	80	-1
15	81	Lc
15	82	Lc
15	83	Lc
15	84	Lc
15	85	Lcp
15	86	Lcp
15	87	Lcp
15	88	Lc
15	89	-1
15	90	Lc
15	91	-1
15	92	L
15	93	-1
15	94	Lc
15	95	-1
15	96	Lc
15	97	Lc
15	98	Lc
15	99	Lc
15	100	Lc
15	101	Lc
15	102	Lc
15	103	Lc
15	104	Uc
15	105	Uc
15	106	Lc
15	107	Lc
15	108	Lc
15	109	Lc
15	110	Lc
15	111	Lc
15	112	Lc
15	113	Lc
15	114	Lc
15	115	Lc
15	116	Lc
15	117	-1
15	118	-1
15	119	-1
16	0	Lc
16	1	Lc
16	2	Lc
16	3	Lc
16	4	Lc
16	5	Lc
16	6	Lp
16	7	Lp
16	8	L
16	9	L
16	10	Lc
16	11	Lc
16	12	Lp
16	13	Lc
16	14	Lc
16	15	-1
16	16	Lc
16	17	Lc
16	18	L
16	19	L
16	20	L
16	21	L
16	22	L
16	23	L
16	24	L
16	25	L
16	26	Lc
16	27	Lc
16	28	Lc
16	29	Lc
16	30	Lc
16	31	-1
16	32	Lc
16	33	Lc
16	34	-1
16	35	Lc
16	36	Lc
16	37	Lc
16	38	Lc
16	39	-1
16	40	L
16	41	Lc
16	42	Lc
16	43	-1
16	44	L
16	45	Lc
16	46	-1
16	47	-1
16	48	L
16	49	Lc
16	50	Lc
16	51	L
16	52	L
16	53	L
16	54	Lc
16	55	Lc
16	56	Lc
16	57	Lc
16	58	Lc
16	59	Lc
16	60	Lc
16	61	-1
16	62	Lc
16	63	-1
16	64	Lc
16	65	Lc
16	66	Lc
16	67	Lc
16	68	Lc
16	69	Lc
16	70	Lc
16	71	Lc
16	72	Lc
16	73	Uc
16	74	-1
16	75	Lc
16	76	Lc
16	77	Lc
16	78	-1
16	79	Lc
16	80	Lc
16	81	-1
16	82	Lc
16	83	Lc
16	84	Lc
16	85	Lcp
16	86	Lcp
16	87	Lc
16	88	Lc
16	89	Lc
16	90	-1
16	91	-1
16	92	Lc
16	93	Lc
16	94	Lc
16	95	Lc
16	96	Lc
16	97	Lc
16	98	Lc
16	99	Lc
16	100	Lc
16	101	Lc
16	102	Lc
16	103	Lc
16	104	Lc
16	105	Lc
16	106	Lc
16	107	Lc
16	108	Lc
16	109	Lc
16	110	Lc
16	111	Lc
16	112	Lc
16	113	Lc
16	114	Lc
16	115	-1
16	116	Lc
16	117	Lc
16	118	Lc
16	119	Lc
17	0	Lc
17	1	-1
17	2	Lc
17	3	Lc
17	4	Lc
17	5	Lp
17	6	Lp
17	7	Lp
17	8	L
17	9	L
17	10	Lc
17	11	L
17	12	U
17	13	Lc
17	14	Lc
17	15	Lc
17	16	Lc
17	17	Lc
17	18	Lc
17	19	L
17	20	L
17	21	L
17	22	L
17	23	L
17	24	L
17	25	L
17	26	Lc
17	27	Lc
17	28	-1
17	29	Lc
17	30	Lc
17	31	Lc
17	32	Lc
17	33	-1
17	34	-1
17	35	Lc
17	36	Lc
17	37	L
17	38	Lc
17	39	-1
17	40	Lc
17	41	Lc
17	42	Lc
17	43	L
17	44	Lc
17	45	L
17	46	Lc
17	47	L
17	48	Lc
17	49	Lc
17	50	Lc
17	51	Lc
17	52	L
17	53	Lc
17	54	Lc
17	55	-1
17	56	Lc
17	57	Lc
17	58	-1
17	59	Lc
17	60	Lc
17	61	Lc
17	62	Lc
17	63	Lc
17	64	Lc
17	65	Lc
17	66	Lc
17	67	Lc
17	68	Lc
17	69	Lc
17	70	-1
17	71	Lc
17	72	Lc
17	73	-1
17	74	Lc
17	75	Lc
17	76	Lc
17	77	Lc
17	78	Lc
17	79	Lc
17	80	Lc
17	81	Lc
17	82	-1
17	83	Lc
17	84	Lcp
17	85	Lc
17	86	Uc
17	87	Lc
17	88	Lc
17	89	Lc
17	90	Lc
17	91	Lc
17	92	-1
17	93	Lc
17	94	Lc
17	95	Lc
17	96	Lc
17	97	Lc
17	98	Lc
17	99	Lc
17	100	Uc
17	101	Lc
17	102	-1
17	103	Lc
17	104	Lc
17	105	Lc
17	106	Lc
17	107	Lc
17	108	Lc
17	109	Lc
17	110	Lc
17	111	Lc
17	112	Lc
17	113	Lc
17	114	-1
17	115	Lc
17	116	Lc
17	117	Lc
17	118	Lc
17	119	Lc
18	0	Lc
18	1	Lc
18	2	Lc
18	3	Lc
18	4	Lc
18	5	Lc
18	6	Lp
18	7	Lp
18	8	Lp
18	9	-1
18	10	Lp
18	11	U
18	12	L
18	13	U
18	14	Lp
18	15	Lc
18	16	Lc
18	17	Lc
18	18	L
18	19	L
18	20	L
18	21	L
18	22	Lc
18	23	Lc
18	24	Lc
18	25	Lc
18	26	-1
18	27	-1
18	28	-1
18	29	L
18	30	Lc
18	31	Lc
18	32	Lc
18	33	Lc
18	34	Lc
18	35	-1
18	36	L
18	37	L
18	38	L
18	39	L
18	40	Lc
18	41	L
18	42	L
18	43	L
18	44	L
18	45	L
18	46	Lc
18	47	Lc
18	48	Lc
18	49	-1
18	50	Lc
18	51	Lc
18	52	Lc
18	53	Lc
18	54	Uc
18	55	Lc
18	56	Lc
18	57	Lc
18	58	Lc
18	59	Lc
18	60	Lc
18	61	Lc
18	62	Lc
18	63	Lc
18	64	Lc
18	65	Lc
18	66	Lc
18	67	Lc
18	68	Lc
18	69	Lc
18	70	-1
18	71	Lc
18	72	-1
18	73	Lc
18	74	Lc
18	75	Lc
18	76	Lc
18	77	Uc
18	78	Lc
18	79	-1
18	80	Lc
18	81	Lc
18	82	Lc
18	83	Lc
18	84	Lc
18	85	Lcp
18	86	Lcp
18	87	Lc
18	88	-1
18	89	Lc
18	90	Lc
18	91	Lc
18	92	-1
18	93	Lc
18	94	Lc
18	95	Lc
18	96	Lc
18	97	Lc
18	98	-1
18	99	Uc
18	100	Lc
18	101	Lc
18	102	Lc
18	103	Lc
18	104	-1
18	105	Uc
18	106	Lc
18	107	Lc
18	108	Lc
18	109	Lc
18	110	Lc
18	111	Lc
18	112	Lc
18	113	Lc
18	114	Lc
18	115	-1
18	116	-1
18	117	Lc
18	118	Lc
18	119	-1
19	0	Lc
19	1	Lc
19	2	Lc
19	3	Lc
19	4	Lc
19	5	Lc
19	6	-1
19	7	Lp
19	8	Lp
19	9	Lp
19	10	Lp
19	11	L
19	12	U
19	13	-1
19	14	Lp
19	15	Lc
19	16	Lc
19	17	Lc
19	18	L
19	19	L
19	20	L
19	21	L
19	22	Lc
19	23	-1
19	24	Lc
19	25	Lc
19	26	Lc
19	27	Lc
19	28	-1
19	29	L
19	30	-1
19	31	Lc
19	32	Lc
19	33	Lc
19	34	Lc
19	35	-1
19	36	-1
19	37	L
19	38	L
19	39	Lc
19	40	-1
19	41	Lc
19	42	L
19	43	L
19	44	L
19	45	L
19	46	-1
19	47	-1
19	48	Lc
19	49	Lc
19	50	Lc
19	51	-1
19	52	Lc
19	53	Lc
19	54	Lc
19	55	Uc
19	56	Lc
19	57	-1
19	58	-1
19	59	Lc
19	60	-1
19	61	Lc
19	62	Lc
19	63	Lc
19	64	Lc
19	65	Lc
19	66	-1
19	67	Lc
19	68	-1
19	69	Lc
19	70	Lc
19	71	Lc
19	72	Lc
19	73	-1
19	74	Uc
19	75	Uc
19	76	Uc
19	77	-1
19	78	Uc
19	79	Lc
19	80	Lc
19	81	Lc
19	82	Lc
19	83	Lc
19	84	Lcp
19	85	Lc
19	86	Lc
19	87	Lcp
19	88	Lc
19	89	Lc
19	90	Lc
19	91	-1
19	92	Lc
19	93	Lc
19	94	Lc
19	95	Lc
19	96	Lc
19	97	Lcp
19	98	-1
19	99	L
19	100	-1
19	101	Lc
19	102	Lc
19	103	Lc
19	104	Uc
19	105	Lc
19	106	-1
19	107	Lc
19	108	Lc
19	109	Lc
19	110	Lc
19	111	Lc
19	112	Lc
19	113	Lc
19	114	Lc
19	115	L
19	116	L
19	117	Lc
19	118	Lc
19	119	-1
20	0	Lc
20	1	Lc
20	2	-1
20	3	Lc
20	4	Lp
20	5	Lc
20	6	L
20	7	Lp
20	8	L
20	9	L
20	10	L
20	11	Lp
20	12	Lp
20	13	Lp
20	14	Lp
20	15	Lp
20	16	L
20	17	L
20	18	Lc
20	19	L
20	20	L
20	21	Lc
20	22	Lc
20	23	Lc
20	24	Lc
20	25	Lc
20	26	Lc
20	27	Lc
20	28	Lc
20	29	Lc
20	30	Lc
20	31	Lc
20	32	Lc
20	33	Lc
20	34	Lc
20	35	Lc
20	36	L
20	37	L
20	38	L
20	39	-1
20	40	-1
20	41	L
20	42	L
20	43	L
20	44	L
20	45	-1
20	46	L
20	47	Lc
20	48	Lc
20	49	Lc
20	50	Lc
20	51	Lc
20	52	Lc
20	53	-1
20	54	Lc
20	55	Lc
20	56	Lc
20	57	Lc
20	58	Lc
20	59	Lc
20	60	Uc
20	61	Lc
20	62	Lc
20	63	-1
20	64	Lc
20	65	Uc
20	66	Uc
20	67	Lc
20	68	Lc
20	69	Lc
20	70	Lc
20	71	Lc
20	72	Uc
20	73	Lc
20	74	Uc
20	75	Uc
20	76	Uc
20	77	Uc
20	78	Lc
20	79	-1
20	80	Lc
20	81	-1
20	82	Lc
20	83	Lc
20	84	Lc
20	85	Lcp
20	86	-1
20	87	Lc
20	88	Lc
20	89	Lc
20	90	Lc
20	91	Lc
20	92	Lc
20	93	-1
20	94	Lc
20	95	Lc
20	96	Lc
20	97	Lc
20	98	Lcp
20	99	-1
20	100	Lc
20	101	-1
20	102	Lc
20	103	-1
20	104	Lc
20	105	Lc
20	106	Lc
20	107	Lc
20	108	Lc
20	109	Lc
20	110	Lc
20	111	Lc
20	112	Uc
20	113	Uc
20	114	Lc
20	115	L
20	116	Lc
20	117	Lc
20	118	Lc
20	119	L
21	0	Lc
21	1	Lc
21	2	Lc
21	3	-1
21	4	Lp
21	5	Lp
21	6	Lc
21	7	L
21	8	L
21	9	L
21	10	L
21	11	-1
21	12	Lp
21	13	Lp
21	14	-1
21	15	-1
21	16	Lc
21	17	Lc
21	18	Uc
21	19	Lc
21	20	L
21	21	L
21	22	Lc
21	23	Lc
21	24	Lc
21	25	Lc
21	26	Lc
21	27	-1
21	28	Lc
21	29	Lc
21	30	Lc
21	31	Lc
21	32	Lc
21	33	Lc
21	34	Lc
21	35	Lc
21	36	Lc
21	37	L
21	38	Lc
21	39	-1
21	40	L
21	41	L
21	42	Lc
21	43	L
21	44	L
21	45	L
21	46	Lc
21	47	Lc
21	48	Lc
21	49	Lc
21	50	Lc
21	51	Lc
21	52	Lc
21	53	Lc
21	54	-1
21	55	-1
21	56	Lc
21	57	-1
21	58	Lc
21	59	Lc
21	60	Lc
21	61	Uc
21	62	Uc
21	63	Lc
21	64	Uc
21	65	Lc
21	66	Uc
21	67	Lc
21	68	Lc
21	69	Lc
21	70	-1
21	71	Lc
21	72	Uc
21	73	Lc
21	74	Uc
21	75	Uc
21	76	Lc
21	77	Uc
21	78	Uc
21	79	-1
21	80	Lc
21	81	Lc
21	82	-1
21	83	-1
21	84	Lc
21	85	Lc
21	86	Lc
21	87	-1
21	88	Lc
21	89	-1
21	90	Uc
21	91	Lc
21	92	Lc
21	93	Lc
21	94	Lc
21	95	Lc
21	96	Lc
21	97	Lc
21	98	Lc
21	99	Lc
21	100	Lc
21	101	Lc
21	102	Lc
21	103	Lc
21	104	L
21	105	-1
21	106	Lc
21	107	Lc
21	108	Lc
21	109	L
21	110	L
21	111	Lc
21	112	L
21	113	L
21	114	L
21	115	L
21	116	L
21	117	-1
21	118	Lc
21	119	-1
22	0	-1
22	1	-1
22	2	Lc
22	3	Lc
22	4	Lc
22	5	Lp
22	6	Lc
22	7	L
22	8	L
22	9	L
22	10	L
22	11	L
22	12	-1
22	13	L
22	14	L
22	15	L
22	16	Lc
22	17	Lc
22	18	Uc
22	19	-1
22	20	-1
22	21	Lc
22	22	Uc
22	23	Lc
22	24	Lc
22	25	Lc
22	26	Lc
22	27	Lc
22	28	Lc
22	29	Lc
22	30	Lc
22	31	Lc
22	32	Lc
22	33	-1
22	34	Lc
22	35	Lc
22	36	-1
22	37	Lc
22	38	L
22	39	-1
22	40	Lc
22	41	Lc
22	42	Lc
22	43	Lc
22	44	Lc
22	45	L
22	46	Lc
22	47	Lc
22	48	Lc
22	49	Lc
22	50	Lc
22	51	Lc
22	52	-1
22	53	Lc
22	54	Lc
22	55	Lc
22	56	Lc
22	57	Lc
22	58	Lc
22	59	Lc
22	60	Lc
22	61	Lc
22	62	Lc
22	63	Lc
22	64	Lc
22	65	Lc
22	66	Lc
22	67	Lc
22	68	Lc
22	69	Lc
22	70	Lc
22	71	Uc
22	72	Uc
22	73	Uc
22	74	Uc
22	75	-1
22	76	-1
22	77	Lc
22	78	Uc
22	79	-1
22	80	Lc
22	81	Lc
22	82	Lc
22	83	Lc
22	84	Lc
22	85	Lc
22	86	Lc
22	87	Lc
22	88	Lc
22	89	Lc
22	90	-1
22	91	Uc
22	92	-1
22	93	Lc
22	94	Lc
22	95	Lc
22	96	Lc
22	97	Lcp
22	98	Lc
22	99	Lc
22	100	Lc
22	101	Lc
22	102	Lc
22	103	L
22	104	L
22	105	Lc
22	106	Lc
22	107	-1
22	108	Uc
22	109	Lc
22	110	L
22	111	L
22	112	-1
22	113	Lc
22	114	Lc
22	115	-1
22	116	Lc
22	117	L
22	118	Lc
22	119	L
23	0	Lc
23	1	Lc
23	2	Lc
23	3	Lc
23	4	Lc
23	5	Lc
23	6	L
23	7	L
23	8	L
23	9	L
23	10	L
23	11	-1
23	12	Lp
23	13	-1
23	14	-1
23	15	-1
23	16	L
23	17	Lc
23	18	Uc
23	19	Uc
23	20	Uc
23	21	-1
23	22	Lc
23	23	Lc
23	24	Lc
23	25	Lc
23	26	Lc
23	27	Lc
23	28	Lc
23	29	Lc
23	30	Lc
23	31	Lc
23	32	Lc
23	33	Lc
23	34	Lc
23	35	Lc
23	36	Lc
23	37	-1
23	38	-1
23	39	Lc
23	40	Lc
23	41	-1
23	42	Lc
23	43	Lc
23	44	Lc
23	45	Lc
23	46	Lc
23	47	-1
23	48	Lc
23	49	-1
23	50	-1
23	51	-1
23	52	Lc
23	53	Lc
23	54	Lc
23	55	Lc
23	56	Lc
23	57	Lc
23	58	Lc
23	59	Lc
23	60	Lc
23	61	Lc
23	62	Lc
23	63	Lc
23	64	-1
23	65	Lc
23	66	Uc
23	67	Lc
23	68	Lc
23	69	Lc
23	70	Lc
23	71	Uc
23	72	Uc
23	73	Uc
23	74	Uc
23	75	Lc
23	76	Lc
23	77	Uc
23	78	-1
23	79	Lc
23	80	-1
23	81	-1
23	82	Lc
23	83	Lc
23	84	Lc
23	85	Lc
23	86	Lc
23	87	Lc
23	88	Lc
23	89	Lc
23	90	Lc
23	91	Lc
23	92	Lc
23	93	Lc
23	94	Lc
23	95	Lc
23	96	Lc
23	97	Lc
23	98	Lc
23	99	Lc
23	100	Lc
23	101	Lcp
23	102	Lcp
23	103	L
23	104	Lc
23	105	Lc
23	106	Lc
23	107	Lc
23	108	Lc
23	109	Lc
23	110	Lc
23	111	Lc
23	112	Uc
23	113	-1
23	114	Lc
23	115	-1
23	116	Lc
23	117	-1
23	118	Lc
23	119	Lc
24	0	Lc
24	1	L
24	2	-1
24	3	Lc
24	4	Lc
24	5	Lc
24	6	Lc
24	7	L
24	8	L
24	9	L
24	10	L
24	11	Lp
24	12	-1
24	13	Lp
24	14	Lc
24	15	Lc
24	16	-1
24	17	Lp
24	18	-1
24	19	Uc
24	20	Lc
24	21	-1
24	22	Lc
24	23	Lc
24	24	Lc
24	25	Lc
24	26	Lc
24	27	-1
24	28	Lc
24	29	Lc
24	30	Lc
24	31	Lc
24	32	-1
24	33	Lc
24	34	Lc
24	35	-1
24	36	Lc
24	37	-1
24	38	Lc
24	39	Lc
24	40	Lc
24	41	Lc
24	42	Lc
24	43	L
24	44	L
24	45	Lc
24	46	Lc
24	47	-1
24	48	Lc
24	49	Lc
24	50	Lc
24	51	Lc
24	52	-1
24	53	Lc
24	54	Lc
24	55	Lc
24	56	Lc
24	57	Lc
24	58	Lc
24	59	Lc
24	60	Lc
24	61	Lc
24	62	-1
24	63	Lc
24	64	Uc
24	65	Lc
24	66	Lc
24	67	Lc
24	68	Lc
24	69	Lc
24	70	Lc
24	71	Lc
24	72	Lc
24	73	Uc
24	74	-1
24	75	Lc
24	76	Lc
24	77	Lc
24	78	Lc
24	79	Lc
24	80	Lc
24	81	Lc
24	82	Lc
24	83	Lc
24	84	-1
24	85	-1
24	86	Lc
24	87	Lc
24	88	Lc
24	89	Lc
24	90	Lc
24	91	Lc
24	92	Lc
24	93	Lc
24	94	Lc
24	95	Lc
24	96	Lc
24	97	Lc
24	98	Lc
24	99	Lc
24	100	Lc
24	101	Lc
24	102	Lc
24	103	Lc
24	104	Lc
24	105	Lc
24	106	Lc
24	107	L
24	108	Lc
24	109	Lc
24	110	Lc
24	111	Lc
24	112	Uc
24	113	L
24	114	L
24	115	Lc
24	116	-1
24	117	Lc
24	118	Lc
24	119	Lc
25	0	Lc
25	1	Uc
25	2	Lc
25	3	Lc
25	4	Lc
25	5	Lc
25	6	L
25	7	L
25	8	L
25	9	-1
25	10	L
25	11	Lc
25	12	Lc
25	13	-1
25	14	Lc
25	15	Lc
25	16	U
25	17	Lp
25	18	Lp
25	19	Uc
25	20	Lc
25	21	Lc
25	22	Lc
25	23	Lp
25	24	Lp
25	25	-1
25	26	Lc
25	27	Lc
25	28	Lc
25	29	Lc
25	30	Uc
25	31	Uc
25	32	-1
25	33	Lc
25	34	Lc
25	35	Lc
25	36	Lc
25	37	Lc
25	38	L
25	39	-1
25	40	Lc
25	41	L
25	42	L
25	43	L
25	44	L
25	45	L
25	46	L
25	47	L
25	48	Lc
25	49	Lc
25	50	Lc
25	51	Lc
25	52	Lc
25	53	Lc
25	54	Lc
25	55	Lc
25	56	Lc
25	57	-1
25	58	Lc
25	59	Lc
25	60	Lc
25	61	-1
25	62	Lc
25	63	Uc
25	64	Lc
25	65	Lc
25	66	Lc
25	67	Lc
25	68	Lc
25	69	Lc
25	70	-1
25	71	Lc
25	72	Lc
25	73	Lc
25	74	Lc
25	75	Lc
25	76	Lc
25	77	Lc
25	78	Lc
25	79	Lc
25	80	Lc
25	81	Lc
25	82	Lc
25	83	Lc
25	84	Lc
25	85	Lc
25	86	Lc
25	87	Lc
25	88	Lc
25	89	Lc
25	90	Lc
25	91	Lc
25	92	Lc
25	93	Lc
25	94	Lc
25	95	Lc
25	96	Lcp
25	97	-1
25	98	Lcp
25	99	Uc
25	100	Lc
25	101	Lc
25	102	Lc
25	103	-1
25	104	Lc
25	105	L
25	106	Lc
25	107	L
25	108	L
25	109	Lc
25	110	-1
25	111	Lc
25	112	L
25	113	Lc
25	114	L
25	115	Lc
25	116	L
25	117	Lc
25	118	Lc
25	119	Lc
26	0	Lc
26	1	Lc
26	2	Lc
26	3	Uc
26	4	L
26	5	L
26	6	Uc
26	7	L
26	8	-1
26	9	L
26	10	-1
26	11	Lc
26	12	Lc
26	13	-1
26	14	Lc
26	15	U
26	16	Lp
26	17	Lp
26	18	-1
26	19	-1
26	20	Lc
26	21	Lp
26	22	-1
26	23	Lc
26	24	-1
26	25	Lc
26	26	Lc
26	27	Lc
26	28	Lc
26	29	-1
26	30	Lc
26	31	Uc
26	32	Lc
26	33	Lc
26	34	-1
26	35	L
26	36	L
26	37	L
26	38	L
26	39	Lc
26	40	Lc
26	41	L
26	42	Lc
26	43	-1
26	44	Lc
26	45	L
26	46	L
26	47	Lc
26	48	Lc
26	49	Lc
26	50	Lc
26	51	Lc
26	52	Lc
26	53	Lc
26	54	Lc
26	55	Lc
26	56	-1
26	57	Lc
26	58	Lc
26	59	Lc
26	60	Lc
26	61	Lc
26	62	Lc
26	63	Lc
26	64	Uc
26	65	Lc
26	66	Lc
26	67	Lc
26	68	Lc
26	69	Lc
26	70	Lc
26	71	Lc
26	72	Lc
26	73	Lc
26	74	Lc
26	75	Lc
26	76	Lc
26	77	Lc
26	78	Lc
26	79	-1
26	80	Lc
26	81	Lc
26	82	Lc
26	83	-1
26	84	Lc
26	85	Lc
26	86	-1
26	87	Lc
26	88	Lc
26	89	Lc
26	90	Lc
26	91	Lc
26	92	-1
26	93	Lc
26	94	Lc
26	95	Lc
26	96	-1
26	97	Lcp
26	98	Lcp
26	99	Lcp
26	100	Uc
26	101	-1
26	102	-1
26	103	Lc
26	104	Lc
26	105	L
26	106	Lc
26	107	-1
26	108	L
26	109	L
26	110	Lc
26	111	L
26	112	Lc
26	113	Lc
26	114	Lc
26	115	-1
26	116	Lc
26	117	Lc
26	118	Lc
26	119	Lc
27	0	Lc
27	1	Lc
27	2	-1
27	3	L
27	4	-1
27	5	-1
27	6	-1
27	7	L
27	8	L
27	9	Lc
27	10	-1
27	11	Lc
27	12	Lc
27	13	Lc
27	14	Lc
27	15	Lc
27	16	Lc
27	17	Lp
27	18	-1
27	19	Lc
27	20	Lc
27	21	Lp
27	22	-1
27	23	Lc
27	24	L
27	25	Lc
27	26	Lc
27	27	Lc
27	28	Lc
27	29	Lc
27	30	Lc
27	31	Lc
27	32	Lc
27	33	Lc
27	34	Lc
27	35	Lc
27	36	L
27	37	L
27	38	L
27	39	Lc
27	40	Lc
27	41	Lc
27	42	L
27	43	Lc
27	44	-1
27	45	L
27	46	L
27	47	Lc
27	48	Uc
27	49	Lc
27	50	-1
27	51	Lc
27	52	Lc
27	53	Lc
27	54	Lc
27	55	Lc
27	56	-1
27	57	Lc
27	58	Lc
27	59	Lc
27	60	-1
27	61	Lc
27	62	Lc
27	63	Lc
27	64	Uc
27	65	Uc
27	66	Lc
27	67	Lc
27	68	Uc
27	69	-1
27	70	Lc
27	71	Lc
27	72	Lc
27	73	Lc
27	74	Lc
27	75	Lc
27	76	Lc
27	77	Lc
27	78	Lc
27	79	Lc
27	80	Lc
27	81	Lc
27	82	-1
27	83	Lc
27	84	Lc
27	85	Lc
27	86	Lc
27	87	Lc
27	88	Lc
27	89	Lc
27	90	Lc
27	91	Lc
27	92	Lc
27	93	Lc
27	94	Lc
27	95	Lc
27	96	Uc
27	97	Uc
27	98	-1
27	99	-1
27	100	Uc
27	101	Uc
27	102	Lc
27	103	Lc
27	104	-1
27	105	-1
27	106	Lc
27	107	Lc
27	108	-1
27	109	L
27	110	L
27	111	Lc
27	112	Lc
27	113	Lc
27	114	-1
27	115	Lc
27	116	Lc
27	117	Lc
27	118	Lc
27	119	Lc
28	0	Lc
28	1	-1
28	2	Uc
28	3	Lc
28	4	Lc
28	5	Lc
28	6	L
28	7	L
28	8	Lc
28	9	Lc
28	10	Lc
28	11	Lc
28	12	Lp
28	13	Lp
28	14	Lp
28	15	Lc
28	16	Lc
28	17	Lp
28	18	Lc
28	19	Lc
28	20	Lc
28	21	Lc
28	22	Lp
28	23	Lp
28	24	L
28	25	L
28	26	Lc
28	27	Lc
28	28	Lc
28	29	-1
28	30	Lc
28	31	Lc
28	32	Lc
28	33	Lc
28	34	Lc
28	35	Lc
28	36	L
28	37	L
28	38	L
28	39	L
28	40	Lc
28	41	L
28	42	-1
28	43	Lc
28	44	L
28	45	L
28	46	L
28	47	-1
28	48	Lc
28	49	Lc
28	50	Lc
28	51	Lc
28	52	Lc
28	53	Lc
28	54	Lc
28	55	Lc
28	56	Lc
28	57	Lc
28	58	Lc
28	59	Lc
28	60	Lc
28	61	-1
28	62	Lc
28	63	Lc
28	64	Lc
28	65	Lc
28	66	Uc
28	67	Lc
28	68	-1
28	69	Lc
28	70	Lc
28	71	Lc
28	72	Lc
28	73	Lc
28	74	Lc
28	75	Lc
28	76	Lc
28	77	Lc
28	78	Lc
28	79	Lc
28	80	Lc
28	81	Lc
28	82	-1
28	83	-1
28	84	Lc
28	85	-1
28	86	Lc
28	87	Lc
28	88	Lc
28	89	L
28	90	Lc
28	91	Lc
28	92	Lc
28	93	Lc
28	94	-1
28	95	Lc
28	96	-1
28	97	-1
28	98	-1
28	99	-1
28	100	-1
28	101	Uc
28	102	Uc
28	103	L
28	104	Lc
28	105	-1
28	106	-1
28	107	L
28	108	L
28	109	Lc
28	110	Lc
28	111	Lc
28	112	-1
28	113	Lc
28	114	Lc
28	115	Lc
28	116	Lc
28	117	Lc
28	118	Lc
28	119	Lc
29	0	Lc
29	1	Lc
29	2	Lc
29	3	Uc
29	4	Lc
29	5	Lc
29	6	-1
29	7	L
29	8	-1
29	9	Lc
29	10	Lc
29	11	Lc
29	12	Lc
29	13	Lp
29	14	Lc
29	15	Lp
29	16	Lc
29	17	Lc
29	18	Lp
29	19	Lc
29	20	Lc
29	21	Lc
29	22	Lc
29	23	Lp
29	24	L
29	25	L
29	26	Lc
29	27	L
29	28	Lc
29	29	Lc
29	30	Lc
29	31	Lc
29	32	Lc
29	33	Lc
29	34	Lc
29	35	Lc
29	36	L
29	37	L
29	38	L
29	39	L
29	40	L
29	41	L
29	42	L
29	43	Lc
29	44	Lc
29	45	L
29	46	L
29	47	L
29	48	Lc
29	49	Lc
29	50	-1
29	51	Lc
29	52	Lc
29	53	Lc
29	54	Lc
29	55	Lc
29	56	Lc
29	57	Lc
29	58	Lc
29	59	Lc
29	60	Lc
29	61	Lc
29	62	Lc
29	63	-1
29	64	Lc
29	65	Lc
29	66	Lc
29	67	Lc
29	68	Lc
29	69	Lc
29	70	Lc
29	71	Lc
29	72	Lc
29	73	-1
29	74	Lc
29	75	-1
29	76	Lc
29	77	-1
29	78	Lc
29	79	Lc
29	80	Lc
29	81	Lc
29	82	Lc
29	83	-1
29	84	Lc
29	85	Lc
29	86	Lc
29	87	Lc
29	88	-1
29	89	Lc
29	90	L
29	91	Lc
29	92	Lc
29	93	Lc
29	94	Lc
29	95	Lc
29	96	Lc
29	97	Lc
29	98	Uc
29	99	L
29	100	-1
29	101	Lc
29	102	Lc
29	103	Lc
29	104	L
29	105	L
29	106	L
29	107	L
29	108	L
29	109	L
29	110	L
29	111	Lc
29	112	Lc
29	113	Lc
29	114	-1
29	115	Lc
29	116	Lc
29	117	Lc
29	118	Lc
29	119	Lc
30	0	Lc
30	1	Lc
30	2	Lc
30	3	Uc
30	4	Uc
30	5	Lc
30	6	Lc
30	7	L
30	8	Lc
30	9	-1
30	10	-1
30	11	Lc
30	12	Lc
30	13	Lp
30	14	Lp
30	15	Lc
30	16	Lc
30	17	Lp
30	18	Lp
30	19	Lp
30	20	Lp
30	21	Lc
30	22	Lc
30	23	L
30	24	L
30	25	L
30	26	-1
30	27	Lc
30	28	Lc
30	29	Lc
30	30	Lc
30	31	Lc
30	32	Lc
30	33	-1
30	34	Lc
30	35	L
30	36	L
30	37	L
30	38	L
30	39	L
30	40	L
30	41	L
30	42	L
30	43	L
30	44	Lc
30	45	L
30	46	L
30	47	Lc
30	48	Lc
30	49	L
30	50	Lc
30	51	Lc
30	52	Lc
30	53	Lc
30	54	Lc
30	55	Lc
30	56	Lc
30	57	Lc
30	58	Lc
30	59	Lc
30	60	Lc
30	61	Lc
30	62	-1
30	63	-1
30	64	Lc
30	65	Lc
30	66	Lc
30	67	Lc
30	68	Lc
30	69	Lc
30	70	Lc
30	71	-1
30	72	Lc
30	73	Lc
30	74	Lc
30	75	Lc
30	76	Lc
30	77	Lc
30	78	Lc
30	79	Lc
30	80	-1
30	81	Uc
30	82	Lc
30	83	Lc
30	84	Lc
30	85	-1
30	86	Lc
30	87	Lc
30	88	Lc
30	89	-1
30	90	Lc
30	91	Lc
30	92	Lc
30	93	Lc
30	94	Lc
30	95	Lc
30	96	-1
30	97	Lc
30	98	-1
30	99	L
30	100	Lc
30	101	-1
30	102	Lc
30	103	Lc
30	104	L
30	105	L
30	106	L
30	107	L
30	108	Lc
30	109	-1
30	110	L
30	111	Lc
30	112	Lc
30	113	Lc
30	114	L
30	115	L
30	116	Lc
30	117	Lc
30	118	Lc
30	119	L
31	0	Lc
31	1	Lc
31	2	-1
31	3	Lc
31	4	-1
31	5	L
31	6	Lc
31	7	Lc
31	8	-1
31	9	-1
31	10	L
31	11	Lc
31	12	Lc
31	13	Lc
31	14	Lc
31	15	-1
31	16	Lc
31	17	Lc
31	18	-1
31	19	Lc
31	20	-1
31	21	Lc
31	22	-1
31	23	Lc
31	24	L
31	25	-1
31	26	-1
31	27	L
31	28	Lc
31	29	Lc
31	30	Lc
31	31	Lc
31	32	Lcp
31	33	Lc
31	34	Lcp
31	35	L
31	36	-1
31	37	-1
31	38	L
31	39	L
31	40	L
31	41	L
31	42	L
31	43	L
31	44	L
31	45	Lc
31	46	Lc
31	47	Lc
31	48	L
31	49	Lc
31	50	-1
31	51	Lc
31	52	Lc
31	53	Lc
31	54	Lc
31	55	-1
31	56	-1
31	57	Lc
31	58	Lc
31	59	Lc
31	60	Lc
31	61	Lc
31	62	Lc
31	63	Lc
31	64	Lc
31	65	Lc
31	66	Lc
31	67	Lc
31	68	Lc
31	69	-1
31	70	Lc
31	71	Lc
31	72	Lc
31	73	Lc
31	74	Lc
31	75	Lc
31	76	Lc
31	77	Lc
31	78	Lc
31	79	Lc
31	80	-1
31	81	Lc
31	82	Lc
31	83	Lc
31	84	Lc
31	85	Lc
31	86	Lc
31	87	Lc
31	88	Lc
31	89	Lc
31	90	Uc
31	91	-1
31	92	Lc
31	93	-1
31	94	-1
31	95	Lc
31	96	Lc
31	97	-1
31	98	Lc
31	99	L
31	100	L
31	101	Lc
31	102	L
31	103	L
31	104	L
31	105	-1
31	106	Lc
31	107	-1
31	108	Lc
31	109	L
31	110	Lc
31	111	-1
31	112	Lc
31	113	Lc
31	114	Lc
31	115	L
31	116	Lc
31	117	-1
31	118	Lc
31	119	Lc
32	0	Lc
32	1	U
32	2	U
32	3	Lc
32	4	-1
32	5	Lc
32	6	Lc
32	7	-1
32	8	U
32	9	U
32	10	Lc
32	11	Lc
32	12	Lc
32	13	Lc
32	14	Lc
32	15	Lc
32	16	-1
32	17	Lc
32	18	-1
32	19	Lc
32	20	Lc
32	21	Lc
32	22	L
32	23	L
32	24	-1
32	25	L
32	26	-1
32	27	L
32	28	Lc
32	29	Lc
32	30	Lc
32	31	Lcp
32	32	-1
32	33	Lcp
32	34	Lcp
32	35	L
32	36	Lcp
32	37	L
32	38	L
32	39	L
32	40	L
32	41	-1
32	42	L
32	43	L
32	44	L
32	45	L
32	46	Lc
32	47	-1
32	48	Lc
32	49	L
32	50	Lc
32	51	Lc
32	52	Lc
32	53	Lc
32	54	Lc
32	55	Lc
32	56	Lc
32	57	Lc
32	58	Lc
32	59	Lc
32	60	-1
32	61	Lc
32	62	Lc
32	63	Lc
32	64	-1
32	65	Lc
32	66	Lc
32	67	Lc
32	68	Lc
32	69	Lc
32	70	Lc
32	71	Lc
32	72	Lc
32	73	Lc
32	74	Lc
32	75	Lc
32	76	-1
32	77	-1
32	78	Lc
32	79	Lc
32	80	Lc
32	81	Lc
32	82	Lc
32	83	Lc
32	84	-1
32	85	Lc
32	86	Lc
32	87	Lc
32	88	Lc
32	89	Lc
32	90	-1
32	91	Lc
32	92	Lc
32	93	Lc
32	94	Lc
32	95	Lc
32	96	-1
32	97	Lc
32	98	Lc
32	99	L
32	100	-1
32	101	L
32	102	-1
32	103	L
32	104	L
32	105	L
32	106	Lc
32	107	Lc
32	108	L
32	109	Lc
32	110	Lc
32	111	Lc
32	112	Lc
32	113	Lc
32	114	Lc
32	115	Lc
32	116	Lcp
32	117	Lcp
32	118	-1
32	119	-1
33	0	Lc
33	1	Lc
33	2	Lc
33	3	Lc
33	4	Lc
33	5	Lc
33	6	Lcp
33	7	Lc
33	8	-1
33	9	U
33	10	U
33	11	Lc
33	12	-1
33	13	Lc
33	14	-1
33	15	Lp
33	16	Lc
33	17	Lc
33	18	-1
33	19	-1
33	20	Lc
33	21	Lc
33	22	L
33	23	L
33	24	L
33	25	L
33	26	L
33	27	L
33	28	L
33	29	L
33	30	Lc
33	31	Lc
33	32	Lcp
33	33	Lc
33	34	Lcp
33	35	Lcp
33	36	L
33	37	L
33	38	L
33	39	L
33	40	L
33	41	L
33	42	L
33	43	L
33	44	L
33	45	L
33	46	-1
33	47	Lc
33	48	Lc
33	49	Lc
33	50	Lc
33	51	Lc
33	52	Lc
33	53	Lc
33	54	Lc
33	55	Lc
33	56	Lc
33	57	Lc
33	58	Lc
33	59	L
33	60	L
33	61	Lc
33	62	-1
33	63	Lc
33	64	Lc
33	65	Lc
33	66	-1
33	67	Lc
33	68	Lc
33	69	Lc
33	70	Lc
33	71	Lc
33	72	Lc
33	73	Lc
33	74	Lc
33	75	-1
33	76	Lc
33	77	Lc
33	78	Lc
33	79	Lc
33	80	Lc
33	81	Lc
33	82	Lc
33	83	Lc
33	84	Lc
33	85	Lcp
33	86	Lc
33	87	Lcp
33	88	Lc
33	89	Lcp
33	90	Lc
33	91	Lc
33	92	-1
33	93	Lc
33	94	Lc
33	95	Lc
33	96	Lc
33	97	Lc
33	98	L
33	99	L
33	100	Lc
33	101	L
33	102	L
33	103	-1
33	104	L
33	105	L
33	106	L
33	107	L
33	108	Lc
33	109	-1
33	110	Lc
33	111	Lc
33	112	-1
33	113	Lc
33	114	Lc
33	115	Lcp
33	116	Lc
33	117	-1
33	118	Lc
33	119	Lc
34	0	Lc
34	1	Lc
34	2	Lc
34	3	Lc
34	4	U
34	5	U
34	6	Lc
34	7	-1
34	8	Lcp
34	9	Lp
34	10	Lc
34	11	Lc
34	12	-1
34	13	Lc
34	14	-1
34	15	Lc
34	16	Lc
34	17	Lc
34	18	Lc
34	19	Lc
34	20	Lc
34	21	Lc
34	22	L
34	23	L
34	24	L
34	25	L
34	26	L
34	27	L
34	28	L
34	29	L
34	30	Lcp
34	31	Lc
34	32	Lc
34	33	Lcp
34	34	Lcp
34	35	Lcp
34	36	Lcp
34	37	Lcp
34	38	L
34	39	Lp
34	40	L
34	41	L
34	42	L
34	43	Lc
34	44	L
34	45	L
34	46	Lc
34	47	Lc
34	48	Lc
34	49	Lc
34	50	Lc
34	51	Lc
34	52	Lc
34	53	Lc
34	54	Lc
34	55	Lc
34	56	Lc
34	57	L
34	58	L
34	59	Lc
34	60	Lc
34	61	Lc
34	62	Lc
34	63	Lc
34	64	Lc
34	65	Lc
34	66	-1
34	67	Lc
34	68	Lc
34	69	Lc
34	70	Lc
34	71	Lc
34	72	-1
34	73	Lc
34	74	Lc
34	75	Lc
34	76	Lc
34	77	Lc
34	78	Lc
34	79	Lc
34	80	Lc
34	81	Lc
34	82	Lcp
34	83	Lcp
34	84	Lcp
34	85	Lc
34	86	Lcp
34	87	Lcp
34	88	Lc
34	89	-1
34	90	Lc
34	91	Lc
34	92	Lc
34	93	Lc
34	94	Lc
34	95	Lc
34	96	L
34	97	L
34	98	Lc
34	99	-1
34	100	Lc
34	101	L
34	102	Lcp
34	103	Lcp
34	104	Lcp
34	105	L
34	106	-1
34	107	-1
34	108	-1
34	109	-1
34	110	Lc
34	111	Lc
34	112	Lc
34	113	-1
34	114	Lcp
34	115	-1
34	116	Lcp
34	117	Lcp
34	118	Lcp
34	119	Lcp
35	0	Lcp
35	1	-1
35	2	Lc
35	3	Lc
35	4	L
35	5	-1
35	6	Lp
35	7	Lp
35	8	Lc
35	9	Lp
35	10	Lp
35	11	Lc
35	12	Lc
35	13	Lc
35	14	Lc
35	15	Lc
35	16	Lc
35	17	Lc
35	18	Uc
35	19	Lc
35	20	U
35	21	Lc
35	22	L
35	23	L
35	24	L
35	25	Lc
35	26	-1
35	27	L
35	28	L
35	29	Lc
35	30	Lc
35	31	Lc
35	32	Lc
35	33	Lcp
35	34	Lc
35	35	Lcp
35	36	Lcp
35	37	-1
35	38	Lp
35	39	L
35	40	L
35	41	L
35	42	Lc
35	43	-1
35	44	-1
35	45	Uc
35	46	Uc
35	47	Lc
35	48	Lc
35	49	Lc
35	50	Lc
35	51	Lc
35	52	Lc
35	53	Lc
35	54	Lc
35	55	-1
35	56	Lc
35	57	Lc
35	58	Lc
35	59	Lc
35	60	Lc
35	61	Lc
35	62	Lc
35	63	Lc
35	64	Lc
35	65	Lc
35	66	Lc
35	67	Lc
35	68	Lc
35	69	Lc
35	70	Lc
35	71	Lc
35	72	Lc
35	73	Lc
35	74	Lc
35	75	-1
35	76	Lc
35	77	Lc
35	78	Lc
35	79	Lc
35	80	Lc
35	81	Lc
35	82	Lc
35	83	Lc
35	84	-1
35	85	Uc
35	86	-1
35	87	Lcp
35	88	-1
35	89	Uc
35	90	Uc
35	91	Uc
35	92	Lc
35	93	-1
35	94	L
35	95	Lc
35	96	L
35	97	Lc
35	98	Lc
35	99	Lc
35	100	-1
35	101	-1
35	102	-1
35	103	Lcp
35	104	Lcp
35	105	Lcp
35	106	Lcp
35	107	Lcp
35	108	Lc
35	109	-1
35	110	Lc
35	111	Lc
35	112	Lc
35	113	Lc
35	114	Lc
35	115	Lcp
35	116	Lc
35	117	Lcp
35	118	Lcp
35	119	-1
36	0	Lcp
36	1	Lcp
36	2	Lc
36	3	Lc
36	4	Lc
36	5	Lc
36	6	Lp
36	7	Lp
36	8	Lp
36	9	Lp
36	10	Lcp
36	11	Lc
36	12	Lc
36	13	Lc
36	14	Lc
36	15	Lc
36	16	Lc
36	17	Lc
36	18	Lc
36	19	-1
36	20	Lc
36	21	L
36	22	L
36	23	L
36	24	L
36	25	Lc
36	26	Lc
36	27	L
36	28	Lc
36	29	Lc
36	30	Lc
36	31	Lcp
36	32	Lc
36	33	-1
36	34	-1
36	35	Lcp
36	36	Lcp
36	37	Lp
36	38	L
36	39	L
36	40	Lc
36	41	Lc
36	42	Lc
36	43	Lc
36	44	-1
36	45	Lc
36	46	Lc
36	47	Lc
36	48	Lc
36	49	Lc
36	50	Lc
36	51	Lc
36	52	Lc
36	53	Lc
36	54	Lc
36	55	-1
36	56	Lc
36	57	Lc
36	58	Lc
36	59	Lc
36	60	Lc
36	61	Lc
36	62	Lc
36	63	Lc
36	64	L
36	65	Lc
36	66	Lc
36	67	Lc
36	68	Lc
36	69	Lc
36	70	Lc
36	71	Lc
36	72	Lc
36	73	Lc
36	74	-1
36	75	Lc
36	76	Lc
36	77	Lc
36	78	-1
36	79	-1
36	80	-1
36	81	Lc
36	82	Lc
36	83	Lc
36	84	-1
36	85	Uc
36	86	Uc
36	87	Lcp
36	88	Lcp
36	89	Lc
36	90	-1
36	91	Lc
36	92	Lc
36	93	Lc
36	94	L
36	95	L
36	96	L
36	97	Lc
36	98	Lc
36	99	Lc
36	100	Lcp
36	101	Lcp
36	102	Lcp
36	103	Lcp
36	104	Lcp
36	105	Lcp
36	106	Lcp
36	107	-1
36	108	Lcp
36	109	Lcp
36	110	Lc
36	111	Lc
36	112	Lc
36	113	Lc
36	114	Lc
36	115	Lc
36	116	Lcp
36	117	Lcp
36	118	Lcp
36	119	Lcp
37	0	Lcp
37	1	Lc
37	2	Lc
37	3	Lc
37	4	Lc
37	5	Lp
37	6	Lp
37	7	-1
37	8	-1
37	9	-1
37	10	Lcp
37	11	Lcp
37	12	Lc
37	13	Lc
37	14	Lcp
37	15	Lcp
37	16	Lcp
37	17	-1
37	18	Lc
37	19	Uc
37	20	Uc
37	21	L
37	22	L
37	23	L
37	24	L
37	25	-1
37	26	Lc
37	27	Lc
37	28	Lc
37	29	Lc
37	30	-1
37	31	Lcp
37	32	Lc
37	33	-1
37	34	-1
37	35	Lp
37	36	Lp
37	37	-1
37	38	-1
37	39	L
37	40	Lc
37	41	L
37	42	Lc
37	43	Uc
37	44	Lc
37	45	Lc
37	46	Lc
37	47	Lc
37	48	Lc
37	49	Lc
37	50	Lc
37	51	Lc
37	52	Lc
37	53	Lc
37	54	Lc
37	55	Lc
37	56	Lc
37	57	Lc
37	58	Lc
37	59	L
37	60	Lc
37	61	Lc
37	62	Lc
37	63	-1
37	64	Lc
37	65	L
37	66	Lc
37	67	Lc
37	68	Lc
37	69	Lc
37	70	Lc
37	71	Lc
37	72	Lc
37	73	Lc
37	74	Lc
37	75	Lc
37	76	-1
37	77	Lc
37	78	Lc
37	79	-1
37	80	-1
37	81	Lc
37	82	Lc
37	83	Lcp
37	84	Lcp
37	85	Lc
37	86	Uc
37	87	Uc
37	88	Uc
37	89	Uc
37	90	Uc
37	91	Uc
37	92	Lc
37	93	-1
37	94	L
37	95	L
37	96	-1
37	97	Lc
37	98	Lc
37	99	Lc
37	100	Lcp
37	101	Lcp
37	102	Lcp
37	103	Lcp
37	104	Lcp
37	105	Lcp
37	106	Lcp
37	107	Lcp
37	108	Lcp
37	109	Lcp
37	110	Lc
37	111	Lc
37	112	Lc
37	113	Lc
37	114	-1
37	115	Lc
37	116	Lp
37	117	-1
37	118	Lcp
37	119	-1
38	0	Lc
38	1	Lc
38	2	Lc
38	3	Lc
38	4	Lc
38	5	-1
38	6	-1
38	7	Lp
38	8	Lp
38	9	-1
38	10	Lp
38	11	Lcp
38	12	Lcp
38	13	-1
38	14	Lc
38	15	Lcp
38	16	Lcp
38	17	-1
38	18	Uc
38	19	Uc
38	20	Uc
38	21	L
38	22	Lc
38	23	L
38	24	-1
38	25	L
38	26	Lc
38	27	Lc
38	28	Lc
38	29	Lc
38	30	Lc
38	31	Lc
38	32	Lc
38	33	Lc
38	34	Lc
38	35	Lc
38	36	L
38	37	L
38	38	L
38	39	L
38	40	L
38	41	Lc
38	42	Lc
38	43	Lc
38	44	Lc
38	45	Lc
38	46	Lc
38	47	Lc
38	48	Lc
38	49	Lc
38	50	Lc
38	51	Lc
38	52	L
38	53	Lc
38	54	L
38	55	L
38	56	Lc
38	57	-1
38	58	L
38	59	Lc
38	60	Lc
38	61	-1
38	62	-1
38	63	Lc
38	64	Lc
38	65	-1
38	66	Lc
38	67	-1
38	68	Lc
38	69	Lc
38	70	Lc
38	71	Lc
38	72	Lc
38	73	Lc
38	74	Lc
38	75	Lc
38	76	Lc
38	77	Lc
38	78	Lc
38	79	Lc
38	80	Lc
38	81	Lc
38	82	Lc
38	83	Lc
38	84	Lc
38	85	Lc
38	86	-1
38	87	Lcp
38	88	Lp
38	89	Uc
38	90	Uc
38	91	Uc
38	92	Uc
38	93	Lc
38	94	L
38	95	-1
38	96	Uc
38	97	L
38	98	Lc
38	99	Lcp
38	100	Lcp
38	101	Lcp
38	102	Lc
38	103	-1
38	104	Lcp
38	105	Lcp
38	106	Lcp
38	107	-1
38	108	Lcp
38	109	Lcp
38	110	Lcp
38	111	Lcp
38	112	Lcp
38	113	Lc
38	114	Lc
38	115	Lc
38	116	Lc
38	117	Lcp
38	118	Lcp
38	119	Lcp
39	0	Lc
39	1	Lc
39	2	-1
39	3	Lc
39	4	Lc
39	5	Lc
39	6	Lp
39	7	Lp
39	8	Lp
39	9	Lp
39	10	Lcp
39	11	Lp
39	12	Lcp
39	13	Lcp
39	14	-1
39	15	Lc
39	16	Lcp
39	17	Lcp
39	18	Lcp
39	19	U
39	20	Lc
39	21	-1
39	22	Lc
39	23	L
39	24	L
39	25	Lc
39	26	-1
39	27	Lc
39	28	Lc
39	29	-1
39	30	Lc
39	31	Lc
39	32	Lc
39	33	Lcp
39	34	Lcp
39	35	L
39	36	Lcp
39	37	Lp
39	38	L
39	39	Lc
39	40	Lc
39	41	-1
39	42	Lc
39	43	Lc
39	44	Lc
39	45	Lc
39	46	Lc
39	47	-1
39	48	Lc
39	49	Lc
39	50	Lc
39	51	Lc
39	52	Lc
39	53	L
39	54	L
39	55	Lc
39	56	Lc
39	57	Lc
39	58	Lc
39	59	Lc
39	60	Lc
39	61	Lc
39	62	Lc
39	63	Lc
39	64	Lc
39	65	Lc
39	66	Lc
39	67	Lc
39	68	Lc
39	69	Lc
39	70	Lc
39	71	Lc
39	72	Lc
39	73	Lc
39	74	Lc
39	75	-1
39	76	-1
39	77	Lc
39	78	Lc
39	79	-1
39	80	Lc
39	81	Lc
39	82	Lc
39	83	Lc
39	84	Lc
39	85	Uc
39	86	Lp
39	87	Lp
39	88	Uc
39	89	Uc
39	90	Uc
39	91	Uc
39	92	Lc
39	93	Lc
39	94	Lc
39	95	Lc
39	96	Lc
39	97	Lc
39	98	Lc
39	99	Lc
39	100	L
39	101	Lcp
39	102	Lcp
39	103	Lcp
39	104	Uc
39	105	Lcp
39	106	Lcp
39	107	Lcp
39	108	Lc
39	109	Lcp
39	110	Lcp
39	111	Lcp
39	112	Lcp
39	113	Lcp
39	114	Lc
39	115	-1
39	116	Lc
39	117	Lp
39	118	Lp
39	119	Lc
40	0	-1
40	1	-1
40	2	Lc
40	3	Lc
40	4	Lc
40	5	Lp
40	6	-1
40	7	Lp
40	8	Lp
40	9	Lp
40	10	Lp
40	11	Lp
40	12	Lp
40	13	Lcp
40	14	Lc
40	15	Lcp
40	16	Lcp
40	17	Lcp
40	18	U
40	19	U
40	20	Lc
40	21	-1
40	22	-1
40	23	Lc
40	24	L
40	25	Lc
40	26	Lc
40	27	Lc
40	28	Lc
40	29	Lc
40	30	-1
40	31	-1
40	32	Lc
40	33	Lc
40	34	Lcp
40	35	Lcp
40	36	-1
40	37	Lcp
40	38	-1
40	39	L
40	40	-1
40	41	Lc
40	42	Lc
40	43	Lc
40	44	Lc
40	45	Lc
40	46	Lc
40	47	Lc
40	48	Lc
40	49	Lc
40	50	Lc
40	51	Lc
40	52	Lc
40	53	L
40	54	Lc
40	55	Lc
40	56	Lc
40	57	Lc
40	58	Lc
40	59	Lc
40	60	Lc
40	61	Lc
40	62	L
40	63	Lc
40	64	-1
40	65	-1
40	66	Lc
40	67	-1
40	68	Lc
40	69	Lc
40	70	-1
40	71	Lc
40	72	Lc
40	73	Lc
40	74	Lc
40	75	Lc
40	76	Lc
40	77	Lc
40	78	Lc
40	79	Lc
40	80	Lc
40	81	Lc
40	82	Lc
40	83	Lc
40	84	-1
40	85	Uc
40	86	Lp
40	87	Uc
40	88	Uc
40	89	Uc
40	90	Uc
40	91	L
40	92	Uc
40	93	Lc
40	94	Lc
40	95	Lc
40	96	-1
40	97	Lc
40	98	Lc
40	99	-1
40	100	Lcp
40	101	Lcp
40	102	Lcp
40	103	Uc
40	104	Lcp
40	105	-1
40	106	Lcp
40	107	-1
40	108	Lc
40	109	-1
40	110	Lcp
40	111	Lcp
40	112	Lcp
40	113	Lcp
40	114	-1
40	115	Lp
40	116	Lp
40	117	Lp
40	118	Lp
40	119	Lcp
41	0	Lcp
41	1	Lp
41	2	-1
41	3	Lc
41	4	-1
41	5	Lp
41	6	Lp
41	7	Lp
41	8	-1
41	9	-1
41	10	Lp
41	11	Lp
41	12	Lp
41	13	Lp
41	14	Lcp
41	15	Lc
41	16	Lcp
41	17	Lc
41	18	Lc
41	19	U
41	20	Lc
41	21	-1
41	22	-1
41	23	Lc
41	24	L
41	25	L
41	26	Lc
41	27	Lc
41	28	Lc
41	29	Lc
41	30	-1
41	31	Lc
41	32	Lc
41	33	Lc
41	34	Lc
41	35	Lcp
41	36	Lcp
41	37	-1
41	38	Lcp
41	39	Lcp
41	40	Lc
41	41	Lc
41	42	L
41	43	Lc
41	44	Lc
41	45	Lc
41	46	Lc
41	47	Lc
41	48	Lc
41	49	Lc
41	50	Lc
41	51	Lc
41	52	Lc
41	53	-1
41	54	-1
41	55	Lc
41	56	Lc
41	57	-1
41	58	-1
41	59	Lc
41	60	-1
41	61	Lc
41	62	Lc
41	63	-1
41	64	Lc
41	65	Lc
41	66	Lc
41	67	Lc
41	68	Lc
41	69	Lc
41	70	Lc
41	71	Lc
41	72	-1
41	73	Lc
41	74	Lc
41	75	Lc
41	76	Lc
41	77	Lc
41	78	-1
41	79	Lc
41	80	Lc
41	81	-1
41	82	Lc
41	83	Lc
41	84	-1
41	85	Uc
41	86	Uc
41	87	Uc
41	88	Uc
41	89	Uc
41	90	-1
41	91	L
41	92	Lc
41	93	Lc
41	94	Lc
41	95	Lc
41	96	Lc
41	97	Lc
41	98	Lc
41	99	Lc
41	100	-1
41	101	Lcp
41	102	Lc
41	103	Lcp
41	104	Lc
41	105	Lcp
41	106	Lc
41	107	Lc
41	108	Lcp
41	109	Lcp
41	110	Lcp
41	111	Lcp
41	112	Lcp
41	113	Lcp
41	114	Lcp
41	115	-1
41	116	-1
41	117	Lp
41	118	Lp
41	119	Lcp
42	0	Lp
42	1	Lc
42	2	U
42	3	Lc
42	4	-1
42	5	-1
42	6	Lp
42	7	-1
42	8	Lp
42	9	Lp
42	10	Lp
42	11	Lc
42	12	Lp
42	13	-1
42	14	Lp
42	15	Lc
42	16	Lc
42	17	Lc
42	18	Lc
42	19	Lc
42	20	Lc
42	21	Lc
42	22	Lc
42	23	Lc
42	24	Lcp
42	25	L
42	26	Lc
42	27	Lc
42	28	L
42	29	Lc
42	30	Lcp
42	31	Lc
42	32	Lc
42	33	Lc
42	34	Lc
42	35	Lc
42	36	Lc
42	37	Lcp
42	38	Lcp
42	39	L
42	40	Lcp
42	41	Lc
42	42	-1
42	43	Lc
42	44	Lc
42	45	-1
42	46	Lc
42	47	Lc
42	48	Lc
42	49	Lc
42	50	Lc
42	51	Lc
42	52	Uc
42	53	Lc
42	54	Lc
42	55	Lc
42	56	Lc
42	57	-1
42	58	-1
42	59	Lc
42	60	Lc
42	61	Lc
42	62	Lc
42	63	Lc
42	64	Lc
42	65	Lc
42	66	-1
42	67	Lc
42	68	L
42	69	Lc
42	70	-1
42	71	Lc
42	72	Lc
42	73	Lc
42	74	Lc
42	75	Lc
42	76	Lc
42	77	Lc
42	78	-1
42	79	Lc
42	80	Lc
42	81	Lc
42	82	Lc
42	83	Lc
42	84	Uc
42	85	Uc
42	86	Uc
42	87	Lc
42	88	Uc
42	89	-1
42	90	L
42	91	L
42	92	L
42	93	Lc
42	94	Lc
42	95	Lc
42	96	L
42	97	L
42	98	-1
42	99	-1
42	100	Lc
42	101	Uc
42	102	Lcp
42	103	Lc
42	104	Lcp
42	105	Lc
42	106	Lc
42	107	Lc
42	108	Lc
42	109	Lcp
42	110	-1
42	111	-1
42	112	Lcp
42	113	Lcp
42	114	Lcp
42	115	Lcp
42	116	Lp
42	117	-1
42	118	-1
42	119	-1
43	0	Lp
43	1	Lp
43	2	Lc
43	3	Lp
43	4	Lp
43	5	Lp
43	6	Lp
43	7	Lp
43	8	Lp
43	9	Lp
43	10	Lp
43	11	Lp
43	12	Lc
43	13	Lp
43	14	Lc
43	15	Lc
43	16	Lc
43	17	Lc
43	18	Lp
43	19	Lp
43	20	Lp
43	21	L
43	22	-1
43	23	Lc
43	24	Lc
43	25	Lc
43	26	Lc
43	27	Lc
43	28	L
43	29	Lc
43	30	L
43	31	Lc
43	32	Lc
43	33	Lc
43	34	Lc
43	35	Lc
43	36	Lc
43	37	-1
43	38	-1
43	39	Lcp
43	40	L
43	41	-1
43	42	Lc
43	43	Lc
43	44	Lc
43	45	Lc
43	46	Lc
43	47	Lc
43	48	Lc
43	49	Lc
43	50	Lc
43	51	Lc
43	52	Lc
43	53	-1
43	54	-1
43	55	Lc
43	56	-1
43	57	Lc
43	58	Lc
43	59	Lc
43	60	L
43	61	Lc
43	62	Lc
43	63	Lc
43	64	L
43	65	L
43	66	L
43	67	L
43	68	U
43	69	-1
43	70	Lc
43	71	Lc
43	72	Lc
43	73	Lc
43	74	Lc
43	75	Lc
43	76	Lc
43	77	Lc
43	78	Lc
43	79	Lc
43	80	Lc
43	81	Lc
43	82	Lc
43	83	Lc
43	84	Lc
43	85	-1
43	86	Uc
43	87	Lc
43	88	Uc
43	89	-1
43	90	L
43	91	L
43	92	-1
43	93	Lc
43	94	Lc
43	95	L
43	96	L
43	97	-1
43	98	Lc
43	99	Lc
43	100	Uc
43	101	Uc
43	102	Uc
43	103	Uc
43	104	Lc
43	105	-1
43	106	Lc
43	107	Lc
43	108	Lc
43	109	Lc
43	110	Lcp
43	111	Lcp
43	112	Lcp
43	113	Lcp
43	114	Lcp
43	115	Lcp
43	116	Lp
43	117	-1
43	118	Lc
43	119	-1
44	0	Lp
44	1	Lp
44	2	Lp
44	3	Lp
44	4	Lcp
44	5	Lp
44	6	-1
44	7	Lp
44	8	Lp
44	9	Lp
44	10	Lp
44	11	Lp
44	12	Lp
44	13	Lc
44	14	Lc
44	15	Lp
44	16	-1
44	17	-1
44	18	Lp
44	19	Lc
44	20	Lc
44	21	-1
44	22	Lc
44	23	Lc
44	24	Lc
44	25	Lc
44	26	Lc
44	27	Lc
44	28	Lcp
44	29	-1
44	30	Lcp
44	31	Lcp
44	32	-1
44	33	Lc
44	34	-1
44	35	Lc
44	36	Lc
44	37	L
44	38	Lc
44	39	Lc
44	40	Lc
44	41	L
44	42	Lc
44	43	Lc
44	44	Lc
44	45	Lc
44	46	Lc
44	47	Lc
44	48	Lc
44	49	Lc
44	50	Lc
44	51	Lc
44	52	Lc
44	53	Lc
44	54	Lc
44	55	Lc
44	56	Lc
44	57	Lc
44	58	Lc
44	59	Lc
44	60	Lc
44	61	L
44	62	-1
44	63	L
44	64	L
44	65	L
44	66	U
44	67	U
44	68	U
44	69	U
44	70	U
44	71	Lc
44	72	Lc
44	73	Lc
44	74	Lc
44	75	-1
44	76	Lc
44	77	Lc
44	78	Lc
44	79	Lc
44	80	Lc
44	81	Lcp
44	82	Lc
44	83	Lc
44	84	Lc
44	85	Uc
44	86	Lc
44	87	Lp
44	88	Lp
44	89	Lp
44	90	Lp
44	91	Lc
44	92	Lc
44	93	Lc
44	94	Lc
44	95	L
44	96	L
44	97	L
44	98	Lc
44	99	Lc
44	100	Lc
44	101	Uc
44	102	Uc
44	103	Uc
44	104	-1
44	105	Lc
44	106	Lc
44	107	Lc
44	108	Lc
44	109	Lcp
44	110	Uc
44	111	Lcp
44	112	Lcp
44	113	L
44	114	Lcp
44	115	Lcp
44	116	Lcp
44	117	Lc
44	118	-1
44	119	Lp
45	0	Lp
45	1	Lcp
45	2	Lp
45	3	-1
45	4	-1
45	5	Lp
45	6	Lp
45	7	Lp
45	8	Lp
45	9	Lp
45	10	Lp
45	11	Lp
45	12	Lp
45	13	Lp
45	14	Lp
45	15	-1
45	16	L
45	17	L
45	18	-1
45	19	L
45	20	L
45	21	Lc
45	22	Lc
45	23	L
45	24	Lc
45	25	Lc
45	26	Lc
45	27	L
45	28	Lcp
45	29	L
45	30	-1
45	31	Lcp
45	32	Lcp
45	33	Lc
45	34	Lc
45	35	Lc
45	36	Lc
45	37	Lc
45	38	Lc
45	39	Lc
45	40	Lc
45	41	Lc
45	42	Lc
45	43	Lc
45	44	-1
45	45	Lc
45	46	Lc
45	47	Lc
45	48	Lc
45	49	Lc
45	50	Lc
45	51	Lc
45	52	Lc
45	53	Lc
45	54	Lc
45	55	Lc
45	56	Lc
45	57	Lc
45	58	Lc
45	59	Lc
45	60	-1
45	61	U
45	62	Lc
45	63	Lc
45	64	-1
45	65	-1
45	66	U
45	67	-1
45	68	Lp
45	69	U
45	70	-1
45	71	Lc
45	72	Lc
45	73	Lc
45	74	Lc
45	75	-1
45	76	-1
45	77	Lc
45	78	-1
45	79	Lc
45	80	-1
45	81	-1
45	82	Lc
45	83	Lc
45	84	Lc
45	85	Lc
45	86	-1
45	87	-1
45	88	Lc
45	89	Lp
45	90	-1
45	91	Lc
45	92	Lc
45	93	-1
45	94	L
45	95	L
45	96	Lp
45	97	Lcp
45	98	L
45	99	Lc
45	100	Lc
45	101	Lc
45	102	-1
45	103	Uc
45	104	Lc
45	105	Lc
45	106	-1
45	107	Lcp
45	108	Lcp
45	109	Lcp
45	110	Lcp
45	111	Uc
45	112	Lcp
45	113	-1
45	114	L
45	115	Lcp
45	116	-1
45	117	Lc
45	118	Lc
45	119	Lc
46	0	Lp
46	1	Lcp
46	2	Lcp
46	3	Lp
46	4	-1
46	5	Lp
46	6	Lp
46	7	Lp
46	8	Lp
46	9	Lp
46	10	Lp
46	11	-1
46	12	Lp
46	13	Lp
46	14	Lc
46	15	Lc
46	16	Lc
46	17	L
46	18	L
46	19	L
46	20	-1
46	21	L
46	22	Lc
46	23	-1
46	24	Lc
46	25	Lc
46	26	L
46	27	L
46	28	L
46	29	L
46	30	Uc
46	31	Lcp
46	32	Lcp
46	33	Lc
46	34	Lcp
46	35	Lcp
46	36	Lc
46	37	Lc
46	38	Lc
46	39	Lc
46	40	Lc
46	41	Lc
46	42	-1
46	43	Lc
46	44	Lc
46	45	Lc
46	46	Lc
46	47	Lc
46	48	Lc
46	49	-1
46	50	Lc
46	51	Lc
46	52	Lc
46	53	Lc
46	54	Lc
46	55	Lc
46	56	-1
46	57	Lc
46	58	Lc
46	59	Lc
46	60	Lc
46	61	U
46	62	Lc
46	63	-1
46	64	L
46	65	L
46	66	L
46	67	Lc
46	68	Lp
46	69	-1
46	70	U
46	71	Lp
46	72	Lp
46	73	Lc
46	74	Lp
46	75	Lp
46	76	Lc
46	77	-1
46	78	-1
46	79	Lc
46	80	Lc
46	81	Lc
46	82	Lc
46	83	Lc
46	84	Lc
46	85	Lc
46	86	Lc
46	87	Lc
46	88	Lc
46	89	Lp
46	90	Lp
46	91	Lp
46	92	Lc
46	93	Lc
46	94	L
46	95	Lp
46	96	Lp
46	97	-1
46	98	L
46	99	Lc
46	100	Lc
46	101	Lc
46	102	Lc
46	103	Lc
46	104	Lc
46	105	Lc
46	106	Lc
46	107	Lc
46	108	Lcp
46	109	Lcp
46	110	Uc
46	111	Uc
46	112	Uc
46	113	L
46	114	L
46	115	-1
46	116	Lcp
46	117	Lcp
46	118	Lcp
46	119	Lc
47	0	Lcp
47	1	Lcp
47	2	Lcp
47	3	Lcp
47	4	Lp
47	5	Lp
47	6	Lp
47	7	-1
47	8	Lp
47	9	Lp
47	10	-1
47	11	Lp
47	12	Lp
47	13	Lp
47	14	Lp
47	15	U
47	16	Lp
47	17	-1
47	18	Lp
47	19	L
47	20	L
47	21	Uc
47	22	Uc
47	23	Uc
47	24	Lc
47	25	-1
47	26	Lc
47	27	-1
47	28	L
47	29	U
47	30	Lcp
47	31	Lcp
47	32	Lcp
47	33	Lcp
47	34	Lcp
47	35	Lc
47	36	Lc
47	37	Lc
47	38	Lc
47	39	Lc
47	40	Lc
47	41	Lc
47	42	Lc
47	43	Lc
47	44	Lc
47	45	Lc
47	46	Lc
47	47	-1
47	48	Lc
47	49	Lc
47	50	Lc
47	51	-1
47	52	Lc
47	53	Lc
47	54	Lc
47	55	-1
47	56	Lc
47	57	-1
47	58	-1
47	59	Lc
47	60	Lc
47	61	U
47	62	U
47	63	L
47	64	-1
47	65	Lc
47	66	Lc
47	67	Lp
47	68	-1
47	69	-1
47	70	Lp
47	71	Lcp
47	72	Lc
47	73	-1
47	74	Lp
47	75	Lp
47	76	Lp
47	77	Lc
47	78	Lc
47	79	Lc
47	80	Lc
47	81	Lc
47	82	Lc
47	83	Lc
47	84	Lc
47	85	Lc
47	86	Lc
47	87	Lc
47	88	Lc
47	89	Lc
47	90	Lp
47	91	Lc
47	92	Lp
47	93	Lp
47	94	Lc
47	95	Lp
47	96	Lc
47	97	L
47	98	-1
47	99	Lc
47	100	Lcp
47	101	Lcp
47	102	Lc
47	103	Lcp
47	104	Lcp
47	105	Lc
47	106	Lc
47	107	-1
47	108	Lcp
47	109	Lcp
47	110	Uc
47	111	L
47	112	-1
47	113	L
47	114	Lcp
47	115	Lcp
47	116	Lcp
47	117	Lcp
47	118	Lc
47	119	Lc
48	0	Lc
48	1	Lcp
48	2	Lcp
48	3	Lp
48	4	Lp
48	5	Lp
48	6	U
48	7	U
48	8	L
48	9	Lp
48	10	L
48	11	Lp
48	12	Lp
48	13	Lp
48	14	Lp
48	15	Lp
48	16	-1
48	17	Lp
48	18	-1
48	19	Lp
48	20	L
48	21	Uc
48	22	Uc
48	23	-1
48	24	Lc
48	25	Lc
48	26	Lc
48	27	L
48	28	U
48	29	Lc
48	30	U
48	31	Lcp
48	32	Lcp
48	33	-1
48	34	Lcp
48	35	Lc
48	36	Lcp
48	37	Lc
48	38	Lc
48	39	-1
48	40	Uc
48	41	Lc
48	42	Lc
48	43	Lc
48	44	Lc
48	45	Lc
48	46	Lcp
48	47	Lc
48	48	Lc
48	49	Lc
48	50	-1
48	51	Lc
48	52	Lc
48	53	Lc
48	54	Lc
48	55	Lc
48	56	Lc
48	57	Lc
48	58	Lc
48	59	Lc
48	60	Lc
48	61	L
48	62	L
48	63	U
48	64	Lc
48	65	-1
48	66	Lp
48	67	Lp
48	68	Lcp
48	69	-1
48	70	Lcp
48	71	Lc
48	72	Lc
48	73	Lc
48	74	Lp
48	75	Lc
48	76	-1
48	77	Lp
48	78	Lp
48	79	Lc
48	80	Lp
48	81	Lc
48	82	Lc
48	83	Lc
48	84	Lc
48	85	Lc
48	86	Lc
48	87	Lc
48	88	Lc
48	89	Lc
48	90	Lp
48	91	Lp
48	92	Lp
48	93	Lp
48	94	L
48	95	Lp
48	96	Lp
48	97	-1
48	98	Lp
48	99	-1
48	100	-1
48	101	Lc
48	102	Lcp
48	103	Lcp
48	104	Lcp
48	105	Lc
48	106	Uc
48	107	-1
48	108	-1
48	109	Uc
48	110	Lcp
48	111	Lp
48	112	-1
48	113	L
48	114	Lp
48	115	Lp
48	116	Lcp
48	117	Lp
48	118	Lc
48	119	-1
49	0	Lc
49	1	Lp
49	2	Lp
49	3	Lcp
49	4	Lc
49	5	Lp
49	6	Lp
49	7	U
49	8	-1
49	9	-1
49	10	Lp
49	11	L
49	12	Lp
49	13	Lp
49	14	Lp
49	15	-1
49	16	Lp
49	17	-1
49	18	Lp
49	19	-1
49	20	L
49	21	Uc
49	22	Lc
49	23	Lc
49	24	-1
49	25	Lc
49	26	Lc
49	27	-1
49	28	-1
49	29	-1
49	30	Lc
49	31	Lc
49	32	-1
49	33	Lcp
49	34	Lcp
49	35	Lcp
49	36	Lcp
49	37	Lcp
49	38	Lc
49	39	Lc
49	40	Lc
49	41	L
49	42	-1
49	43	Lc
49	44	-1
49	45	Lc
49	46	Lc
49	47	Lcp
49	48	Lcp
49	49	-1
49	50	Lc
49	51	Lc
49	52	Lc
49	53	Lc
49	54	Lc
49	55	Uc
49	56	Lc
49	57	Lc
49	58	Lc
49	59	Lc
49	60	Lc
49	61	Lc
49	62	L
49	63	Lc
49	64	Lc
49	65	Lp
49	66	Lp
49	67	Lp
49	68	Lc
49	69	Lcp
49	70	Lcp
49	71	Lp
49	72	Lp
49	73	-1
49	74	Lc
49	75	Lp
49	76	Lp
49	77	Lp
49	78	Lp
49	79	Lp
49	80	Lp
49	81	Lc
49	82	Lc
49	83	Lc
49	84	Lcp
49	85	Lc
49	86	Lc
49	87	Lc
49	88	Lc
49	89	Lp
49	90	Lp
49	91	Lp
49	92	Lp
49	93	Lp
49	94	Lc
49	95	Lp
49	96	Lcp
49	97	Lp
49	98	Lp
49	99	Lcp
49	100	Lcp
49	101	Lcp
49	102	Lcp
49	103	Lcp
49	104	Lc
49	105	Lcp
49	106	Lcp
49	107	Uc
49	108	-1
49	109	Lcp
49	110	U
49	111	-1
49	112	Lc
49	113	L
49	114	L
49	115	Lp
49	116	Lc
49	117	Lp
49	118	Lc
49	119	Lc
50	0	Lc
50	1	Lc
50	2	Lcp
50	3	Lcp
50	4	Lcp
50	5	Lcp
50	6	-1
50	7	Lp
50	8	L
50	9	L
50	10	L
50	11	-1
50	12	Lp
50	13	Lp
50	14	Lp
50	15	-1
50	16	Lp
50	17	Lp
50	18	L
50	19	-1
50	20	L
50	21	Uc
50	22	Lc
50	23	-1
50	24	Uc
50	25	Lc
50	26	Lc
50	27	Lc
50	28	Lc
50	29	Lc
50	30	Lc
50	31	Lcp
50	32	Lcp
50	33	Lcp
50	34	-1
50	35	-1
50	36	Lcp
50	37	Lc
50	38	Lc
50	39	Lc
50	40	Lc
50	41	L
50	42	L
50	43	-1
50	44	-1
50	45	L
50	46	Lcp
50	47	Lcp
50	48	Lc
50	49	Lcp
50	50	Lcp
50	51	Lc
50	52	Lc
50	53	Lc
50	54	Lc
50	55	Uc
50	56	Uc
50	57	Lc
50	58	Lc
50	59	Lc
50	60	Lc
50	61	Lc
50	62	U
50	63	Lc
50	64	Lc
50	65	Lp
50	66	Lp
50	67	Lp
50	68	Lc
50	69	Lcp
50	70	-1
50	71	Lc
50	72	Lcp
50	73	Lc
50	74	Lc
50	75	Lc
50	76	Lc
50	77	Lp
50	78	Lc
50	79	Lp
50	80	Lp
50	81	-1
50	82	Lcp
50	83	Lcp
50	84	Lc
50	85	Lc
50	86	Lc
50	87	Lc
50	88	Lp
50	89	U
50	90	U
50	91	Lc
50	92	Lp
50	93	Lc
50	94	-1
50	95	Lc
50	96	Lp
50	97	Lcp
50	98	Lcp
50	99	Lcp
50	100	Lcp
50	101	Uc
50	102	Uc
50	103	-1
50	104	Lcp
50	105	Lcp
50	106	Lc
50	107	Lc
50	108	Uc
50	109	Uc
50	110	U
50	111	U
50	112	Lp
50	113	-1
50	114	L
50	115	Lp
50	116	Lc
50	117	Lc
50	118	-1
50	119	Lc
51	0	Lc
51	1	Lc
51	2	Lc
51	3	-1
51	4	Lcp
51	5	-1
51	6	-1
51	7	L
51	8	L
51	9	L
51	10	L
51	11	L
51	12	Lp
51	13	-1
51	14	L
51	15	Lc
51	16	Lc
51	17	Lc
51	18	L
51	19	L
51	20	Lc
51	21	Uc
51	22	Uc
51	23	Lc
51	24	L
51	25	L
51	26	Lc
51	27	Lc
51	28	Lc
51	29	Lcp
51	30	Lcp
51	31	Lcp
51	32	Lcp
51	33	Lcp
51	34	Lcp
51	35	Lcp
51	36	Lcp
51	37	Lcp
51	38	Lc
51	39	Lc
51	40	-1
51	41	L
51	42	L
51	43	Lc
51	44	Lc
51	45	Lc
51	46	L
51	47	Lcp
51	48	Lcp
51	49	Lcp
51	50	Lcp
51	51	Lc
51	52	Lc
51	53	Lc
51	54	Uc
51	55	Lc
51	56	-1
51	57	Uc
51	58	Uc
51	59	Uc
51	60	Lc
51	61	Lp
51	62	Lp
51	63	Lc
51	64	Lp
51	65	Lc
51	66	Lp
51	67	Lp
51	68	Lp
51	69	Lp
51	70	Lp
51	71	Lp
51	72	Lc
51	73	Lcp
51	74	Lc
51	75	Lc
51	76	Lcp
51	77	Lc
51	78	Lp
51	79	Lc
51	80	Lc
51	81	Lcp
51	82	Lcp
51	83	U
51	84	Lc
51	85	Lc
51	86	Lc
51	87	Lp
51	88	-1
51	89	Lp
51	90	Lcp
51	91	Lp
51	92	Lc
51	93	-1
51	94	Lc
51	95	Lc
51	96	Lc
51	97	Lp
51	98	Lcp
51	99	Lcp
51	100	Lcp
51	101	-1
51	102	Lcp
51	103	Uc
51	104	Lcp
51	105	Lc
51	106	Lc
51	107	Lc
51	108	-1
51	109	Lc
51	110	Uc
51	111	Uc
51	112	U
51	113	Lp
51	114	Lp
51	115	U
51	116	Lp
51	117	Lc
51	118	Lc
51	119	-1
52	0	Lc
52	1	Lp
52	2	-1
52	3	Lcp
52	4	Lp
52	5	Lp
52	6	Lp
52	7	L
52	8	L
52	9	-1
52	10	L
52	11	L
52	12	-1
52	13	Lp
52	14	L
52	15	L
52	16	Lc
52	17	Lc
52	18	Lc
52	19	-1
52	20	Lc
52	21	Lc
52	22	L
52	23	Lc
52	24	Uc
52	25	Lc
52	26	Lc
52	27	Lc
52	28	Lc
52	29	Lc
52	30	Lc
52	31	L
52	32	-1
52	33	-1
52	34	Lcp
52	35	Lcp
52	36	Lcp
52	37	Lcp
52	38	-1
52	39	Lcp
52	40	Lc
52	41	Lc
52	42	L
52	43	-1
52	44	L
52	45	L
52	46	L
52	47	L
52	48	Lcp
52	49	Lcp
52	50	-1
52	51	Lc
52	52	Lc
52	53	Lc
52	54	Lc
52	55	Lc
52	56	Lc
52	57	Uc
52	58	Uc
52	59	Uc
52	60	Lc
52	61	Lc
52	62	Lp
52	63	Lp
52	64	Lp
52	65	Lp
52	66	Lp
52	67	Lp
52	68	Lp
52	69	-1
52	70	Lp
52	71	Lc
52	72	Lc
52	73	Lp
52	74	Lp
52	75	Lcp
52	76	Lc
52	77	Lp
52	78	Lc
52	79	Lc
52	80	Lc
52	81	-1
52	82	Lcp
52	83	-1
52	84	U
52	85	Lp
52	86	Lp
52	87	Lp
52	88	Lp
52	89	Lp
52	90	Lp
52	91	-1
52	92	-1
52	93	Lc
52	94	Lc
52	95	Lcp
52	96	-1
52	97	Lcp
52	98	Lc
52	99	Lcp
52	100	Lcp
52	101	Lcp
52	102	Lp
52	103	Lp
52	104	Lc
52	105	Lc
52	106	Lc
52	107	Lp
52	108	Lc
52	109	-1
52	110	Lc
52	111	Lc
52	112	-1
52	113	U
52	114	U
52	115	U
52	116	Lc
52	117	Lcp
52	118	-1
52	119	Lc
53	0	Lp
53	1	L
53	2	Lcp
53	3	Lp
53	4	Lp
53	5	L
53	6	L
53	7	L
53	8	-1
53	9	L
53	10	L
53	11	-1
53	12	L
53	13	L
53	14	-1
53	15	-1
53	16	L
53	17	Lc
53	18	L
53	19	L
53	20	Lc
53	21	L
53	22	-1
53	23	L
53	24	Lc
53	25	-1
53	26	L
53	27	-1
53	28	-1
53	29	Lc
53	30	Lc
53	31	L
53	32	L
53	33	Lcp
53	34	L
53	35	L
53	36	L
53	37	Lcp
53	38	L
53	39	Lcp
53	40	Lcp
53	41	L
53	42	L
53	43	L
53	44	L
53	45	L
53	46	-1
53	47	Lcp
53	48	L
53	49	Lcp
53	50	Lcp
53	51	Lcp
53	52	Lc
53	53	-1
53	54	-1
53	55	Lc
53	56	Lcp
53	57	-1
53	58	Lcp
53	59	Uc
53	60	Lc
53	61	Lc
53	62	Lp
53	63	Lp
53	64	Lp
53	65	Lp
53	66	-1
53	67	Lp
53	68	Lp
53	69	Lp
53	70	Lcp
53	71	Lp
53	72	Lc
53	73	Lc
53	74	Lp
53	75	Lp
53	76	-1
53	77	Lc
53	78	Lc
53	79	Lc
53	80	Lc
53	81	Lcp
53	82	-1
53	83	U
53	84	U
53	85	U
53	86	-1
53	87	Lc
53	88	Lc
53	89	Lc
53	90	U
53	91	U
53	92	Lc
53	93	Lc
53	94	Lc
53	95	Lcp
53	96	Lcp
53	97	Lc
53	98	Lc
53	99	Lp
53	100	-1
53	101	Lp
53	102	Lp
53	103	Lp
53	104	Lp
53	105	Lp
53	106	Lp
53	107	Lc
53	108	Lp
53	109	Lc
53	110	Lc
53	111	Lp
53	112	Lp
53	113	L
53	114	U
53	115	U
53	116	U
53	117	-1
53	118	-1
53	119	-1
54	0	-1
54	1	U
54	2	L
54	3	L
54	4	L
54	5	L
54	6	Lp
54	7	Lp
54	8	-1
54	9	-1
54	10	L
54	11	L
54	12	L
54	13	L
54	14	Lc
54	15	Lc
54	16	-1
54	17	Lc
54	18	Lc
54	19	L
54	20	L
54	21	-1
54	22	L
54	23	L
54	24	Lc
54	25	L
54	26	Uc
54	27	Lc
54	28	Lc
54	29	Lc
54	30	Lc
54	31	L
54	32	Lcp
54	33	L
54	34	Lcp
54	35	L
54	36	Lcp
54	37	L
54	38	L
54	39	-1
54	40	Lcp
54	41	-1
54	42	L
54	43	L
54	44	Lp
54	45	Lp
54	46	L
54	47	Lcp
54	48	-1
54	49	-1
54	50	Lcp
54	51	Lc
54	52	Lc
54	53	Lc
54	54	Lcp
54	55	Lc
54	56	Lcp
54	57	Lcp
54	58	Lp
54	59	Lcp
54	60	Lc
54	61	Lp
54	62	Lp
54	63	Lp
54	64	Lp
54	65	Lp
54	66	Lp
54	67	Lp
54	68	Lcp
54	69	Lcp
54	70	Lp
54	71	Lp
54	72	Lp
54	73	Lc
54	74	-1
54	75	Lp
54	76	Lc
54	77	Lc
54	78	Lc
54	79	L
54	80	L
54	81	Lp
54	82	U
54	83	U
54	84	Lp
54	85	Lp
54	86	Lc
54	87	Lc
54	88	Lp
54	89	Lc
54	90	-1
54	91	U
54	92	Lp
54	93	Lc
54	94	Lcp
54	95	-1
54	96	-1
54	97	Lp
54	98	Lp
54	99	-1
54	100	Lp
54	101	Lp
54	102	-1
54	103	Lp
54	104	Lp
54	105	Lp
54	106	Lp
54	107	Lcp
54	108	Lc
54	109	Lc
54	110	Lp
54	111	Lp
54	112	Lp
54	113	L
54	114	L
54	115	L
54	116	L
54	117	L
54	118	Lp
54	119	-1
55	0	L
55	1	L
55	2	Lcp
55	3	Lcp
55	4	L
55	5	-1
55	6	L
55	7	L
55	8	L
55	9	Lc
55	10	L
55	11	L
55	12	Lc
55	13	Lc
55	14	Lc
55	15	Lc
55	16	L
55	17	Lc
55	18	-1
55	19	L
55	20	L
55	21	-1
55	22	L
55	23	L
55	24	L
55	25	Lc
55	26	L
55	27	Lc
55	28	Lc
55	29	-1
55	30	Lc
55	31	-1
55	32	L
55	33	L
55	34	Lcp
55	35	Lcp
55	36	-1
55	37	L
55	38	-1
55	39	L
55	40	Lcp
55	41	L
55	42	L
55	43	L
55	44	Lp
55	45	L
55	46	-1
55	47	U
55	48	Lcp
55	49	-1
55	50	Lc
55	51	Lcp
55	52	Lc
55	53	Lc
55	54	Lcp
55	55	Lcp
55	56	Lcp
55	57	Lp
55	58	Lp
55	59	Lp
55	60	-1
55	61	Lp
55	62	Lp
55	63	Lp
55	64	Lp
55	65	-1
55	66	Lp
55	67	Lp
55	68	Lp
55	69	Lp
55	70	Lcp
55	71	Lp
55	72	Lp
55	73	Lp
55	74	-1
55	75	Lc
55	76	Lc
55	77	Lc
55	78	L
55	79	-1
55	80	Lc
55	81	Lp
55	82	Lc
55	83	-1
55	84	Lp
55	85	Lp
55	86	Lc
55	87	Lc
55	88	Lc
55	89	Lc
55	90	-1
55	91	Lc
55	92	Lp
55	93	Lp
55	94	Lp
55	95	Lp
55	96	-1
55	97	-1
55	98	-1
55	99	L
55	100	Lp
55	101	Lp
55	102	Lp
55	103	Lp
55	104	Lp
55	105	Lp
55	106	Lp
55	107	Lp
55	108	Lc
55	109	Lc
55	110	Lc
55	111	L
55	112	L
55	113	Lp
55	114	L
55	115	Lp
55	116	L
55	117	L
55	118	Lp
55	119	Lp
56	0	L
56	1	U
56	2	L
56	3	L
56	4	Lcp
56	5	L
56	6	L
56	7	L
56	8	-1
56	9	L
56	10	Lc
56	11	Lc
56	12	-1
56	13	Lc
56	14	Lc
56	15	Lc
56	16	Lc
56	17	Lc
56	18	Lc
56	19	L
56	20	L
56	21	L
56	22	-1
56	23	Lc
56	24	Lc
56	25	L
56	26	Lc
56	27	L
56	28	L
56	29	L
56	30	L
56	31	L
56	32	L
56	33	Lcp
56	34	L
56	35	Lcp
56	36	Lcp
56	37	L
56	38	Lcp
56	39	-1
56	40	-1
56	41	Lcp
56	42	L
56	43	L
56	44	Lp
56	45	Lp
56	46	U
56	47	U
56	48	-1
56	49	Lc
56	50	Lc
56	51	-1
56	52	Lc
56	53	-1
56	54	Uc
56	55	Lp
56	56	Lp
56	57	Lp
56	58	Lp
56	59	Lc
56	60	Lc
56	61	Lc
56	62	Lp
56	63	Lp
56	64	Lp
56	65	Lp
56	66	-1
56	67	Lp
56	68	Lp
56	69	-1
56	70	-1
56	71	-1
56	72	Lp
56	73	Lp
56	74	Lp
56	75	Lp
56	76	Lc
56	77	Lc
56	78	Lc
56	79	Lc
56	80	Lc
56	81	Lc
56	82	Lc
56	83	Lp
56	84	Lp
56	85	Lc
56	86	Lc
56	87	Lc
56	88	-1
56	89	Lc
56	90	-1
56	91	Lp
56	92	Lc
56	93	Lp
56	94	-1
56	95	Lp
56	96	Lp
56	97	-1
56	98	-1
56	99	-1
56	100	U
56	101	-1
56	102	-1
56	103	-1
56	104	Lcp
56	105	Lp
56	106	Lp
56	107	Lp
56	108	Lc
56	109	Lc
56	110	Lc
56	111	L
56	112	Lp
56	113	L
56	114	Lp
56	115	Lp
56	116	Lp
56	117	L
56	118	L
56	119	L
57	0	U
57	1	Lc
57	2	L
57	3	-1
57	4	L
57	5	L
57	6	-1
57	7	Lc
57	8	Lc
57	9	Lc
57	10	Lp
57	11	Lp
57	12	Lc
57	13	Lc
57	14	Lc
57	15	Lc
57	16	Lc
57	17	Lc
57	18	Lc
57	19	-1
57	20	-1
57	21	-1
57	22	L
57	23	Lc
57	24	-1
57	25	-1
57	26	L
57	27	L
57	28	L
57	29	Lc
57	30	L
57	31	-1
57	32	L
57	33	L
57	34	Lcp
57	35	Lcp
57	36	L
57	37	L
57	38	L
57	39	Lcp
57	40	Lcp
57	41	Lcp
57	42	Lcp
57	43	Lp
57	44	U
57	45	U
57	46	U
57	47	U
57	48	L
57	49	Lc
57	50	-1
57	51	Lc
57	52	Lc
57	53	Uc
57	54	Lc
57	55	Lp
57	56	Lp
57	57	Lp
57	58	Lp
57	59	Lc
57	60	Lc
57	61	Lc
57	62	Lp
57	63	Lp
57	64	Lp
57	65	Lp
57	66	Lp
57	67	Lp
57	68	Lcp
57	69	Lp
57	70	Lp
57	71	Lp
57	72	Lp
57	73	-1
57	74	-1
57	75	Lp
57	76	-1
57	77	Lc
57	78	-1
57	79	Lp
57	80	Lc
57	81	Lp
57	82	Lp
57	83	Lp
57	84	-1
57	85	Lp
57	86	Lc
57	87	Lc
57	88	Lc
57	89	Lc
57	90	Lc
57	91	Lc
57	92	Lp
57	93	Lp
57	94	Lp
57	95	Lp
57	96	Lp
57	97	-1
57	98	L
57	99	-1
57	100	-1
57	101	Lp
57	102	Lcp
57	103	Lcp
57	104	-1
57	105	Lp
57	106	Lcp
57	107	Lc
57	108	-1
57	109	Lc
57	110	Lc
57	111	Lc
57	112	L
57	113	L
57	114	L
57	115	Lp
57	116	Lp
57	117	Lp
57	118	L
57	119	-1
58	0	L
58	1	Lc
58	2	L
58	3	L
58	4	L
58	5	-1
58	6	L
58	7	Lc
58	8	-1
58	9	-1
58	10	Lp
58	11	Lp
58	12	Lp
58	13	-1
58	14	Lc
58	15	Lc
58	16	Lc
58	17	Lc
58	18	Lc
58	19	L
58	20	-1
58	21	L
58	22	L
58	23	-1
58	24	L
58	25	Lc
58	26	L
58	27	L
58	28	L
58	29	Lc
58	30	L
58	31	L
58	32	L
58	33	L
58	34	-1
58	35	Lcp
58	36	L
58	37	L
58	38	L
58	39	L
58	40	Lcp
58	41	Lcp
58	42	Lcp
58	43	Lcp
58	44	U
58	45	-1
58	46	U
58	47	L
58	48	U
58	49	-1
58	50	Lc
58	51	Lc
58	52	Lc
58	53	Lc
58	54	Lc
58	55	Lp
58	56	Lp
58	57	Uc
58	58	Lp
58	59	Lc
58	60	Lc
58	61	Lp
58	62	Lp
58	63	Lp
58	64	Lp
58	65	Lp
58	66	Lp
58	67	Lp
58	68	Lp
58	69	Lp
58	70	Lp
58	71	Lp
58	72	Lp
58	73	Lp
58	74	Lp
58	75	-1
58	76	Lp
58	77	Lp
58	78	Lc
58	79	Lc
58	80	Lc
58	81	Lp
58	82	Lp
58	83	Lp
58	84	Lp
58	85	Lp
58	86	Lc
58	87	-1
58	88	Lc
58	89	Lc
58	90	Lc
58	91	Lc
58	92	Lc
58	93	Lp
58	94	Lp
58	95	-1
58	96	L
58	97	L
58	98	L
58	99	L
58	100	L
58	101	Lp
58	102	Lcp
58	103	Lp
58	104	Lcp
58	105	Lp
58	106	Lp
58	107	Lp
58	108	Lc
58	109	Lc
58	110	Lc
58	111	Lc
58	112	-1
58	113	Lc
58	114	-1
58	115	Lp
58	116	Lp
58	117	L
58	118	L
58	119	-1
59	0	Lp
59	1	L
59	2	L
59	3	L
59	4	L
59	5	-1
59	6	Lcp
59	7	Lc
59	8	-1
59	9	L
59	10	L
59	11	Lc
59	12	-1
59	13	-1
59	14	Lc
59	15	Lc
59	16	Lc
59	17	U
59	18	Lc
59	19	Lc
59	20	-1
59	21	L
59	22	L
59	23	L
59	24	L
59	25	-1
59	26	Lc
59	27	L
59	28	Lc
59	29	Lc
59	30	Lc
59	31	L
59	32	L
59	33	L
59	34	L
59	35	L
59	36	L
59	37	L
59	38	L
59	39	L
59	40	-1
59	41	-1
59	42	-1
59	43	U
59	44	L
59	45	U
59	46	L
59	47	Lc
59	48	-1
59	49	Uc
59	50	Lc
59	51	-1
59	52	-1
59	53	L
59	54	Lp
59	55	Lp
59	56	Lp
59	57	-1
59	58	-1
59	59	-1
59	60	Lp
59	61	-1
59	62	Lc
59	63	-1
59	64	Lp
59	65	Lp
59	66	Lp
59	67	Lp
59	68	Lp
59	69	Lp
59	70	Lp
59	71	Lp
59	72	Lp
59	73	Lp
59	74	Lp
59	75	Lp
59	76	Lp
59	77	-1
59	78	Lp
59	79	Lp
59	80	Lp
59	81	Lp
59	82	Lp
59	83	Lp
59	84	Lp
59	85	Lc
59	86	Lc
59	87	Lc
59	88	Lc
59	89	-1
59	90	-1
59	91	Uc
59	92	Lc
59	93	Uc
59	94	Lc
59	95	Lp
59	96	-1
59	97	Lc
59	98	L
59	99	L
59	100	L
59	101	L
59	102	-1
59	103	U
59	104	U
59	105	Lp
59	106	Lp
59	107	L
59	108	Lp
59	109	Lc
59	110	Lc
59	111	Lc
59	112	-1
59	113	-1
59	114	Lp
59	115	Lp
59	116	Lp
59	117	L
59	118	L
59	119	-1
60	0	Lp
60	1	Lp
60	2	-1
60	3	Lc
60	4	Lc
60	5	-1
60	6	Lcp
60	7	-1
60	8	Lc
60	9	Lc
60	10	L
60	11	Lc
60	12	Lc
60	13	Lc
60	14	Lc
60	15	Lc
60	16	Lc
60	17	Lc
60	18	U
60	19	L
60	20	Lc
60	21	L
60	22	L
60	23	L
60	24	-1
60	25	L
60	26	Lc
60	27	-1
60	28	Lc
60	29	Lc
60	30	L
60	31	Lc
60	32	L
60	33	L
60	34	L
60	35	L
60	36	L
60	37	L
60	38	L
60	39	Lcp
60	40	L
60	41	L
60	42	L
60	43	L
60	44	L
60	45	-1
60	46	Lc
60	47	-1
60	48	U
60	49	Uc
60	50	L
60	51	Lc
60	52	L
60	53	Lp
60	54	Lp
60	55	Lc
60	56	Lc
60	57	Lc
60	58	Lcp
60	59	Lc
60	60	Lcp
60	61	Lp
60	62	-1
60	63	Lc
60	64	-1
60	65	U
60	66	U
60	67	-1
60	68	Lp
60	69	Lp
60	70	Lp
60	71	Lp
60	72	Lp
60	73	Lp
60	74	Lp
60	75	-1
60	76	Lp
60	77	Lp
60	78	Lp
60	79	Lp
60	80	Lp
60	81	Lp
60	82	Lp
60	83	Lp
60	84	Lp
60	85	Lp
60	86	Lc
60	87	Lc
60	88	Lc
60	89	Lc
60	90	Lc
60	91	Lc
60	92	-1
60	93	Lc
60	94	Lp
60	95	-1
60	96	Lc
60	97	L
60	98	L
60	99	L
60	100	L
60	101	L
60	102	L
60	103	L
60	104	U
60	105	-1
60	106	L
60	107	L
60	108	Lp
60	109	Lp
60	110	Lp
60	111	Lp
60	112	U
60	113	U
60	114	L
60	115	L
60	116	L
60	117	L
60	118	-1
60	119	-1
61	0	Lp
61	1	Lp
61	2	Lp
61	3	Lc
61	4	-1
61	5	Lc
61	6	Lc
61	7	Lcp
61	8	Lc
61	9	L
61	10	Lc
61	11	Lc
61	12	Lc
61	13	Lc
61	14	-1
61	15	-1
61	16	Lc
61	17	U
61	18	L
61	19	Lc
61	20	Lc
61	21	-1
61	22	Lc
61	23	Lc
61	24	L
61	25	L
61	26	L
61	27	Lc
61	28	-1
61	29	L
61	30	L
61	31	L
61	32	L
61	33	L
61	34	L
61	35	Lc
61	36	Lc
61	37	-1
61	38	L
61	39	L
61	40	L
61	41	Lcp
61	42	L
61	43	L
61	44	L
61	45	-1
61	46	L
61	47	Lc
61	48	Lc
61	49	Lc
61	50	Lc
61	51	L
61	52	Lc
61	53	Lc
61	54	-1
61	55	Lcp
61	56	Lc
61	57	Lp
61	58	Lc
61	59	Lcp
61	60	U
61	61	Lcp
61	62	Lp
61	63	U
61	64	U
61	65	Lp
61	66	U
61	67	Lp
61	68	Lp
61	69	Lp
61	70	Lp
61	71	Lp
61	72	Lp
61	73	Lc
61	74	Lc
61	75	Lp
61	76	Lp
61	77	L
61	78	Lp
61	79	L
61	80	Lp
61	81	Lp
61	82	Lp
61	83	Lp
61	84	Lp
61	85	Lc
61	86	Lp
61	87	Lp
61	88	-1
61	89	Lc
61	90	Lc
61	91	-1
61	92	Lc
61	93	Lc
61	94	-1
61	95	Lp
61	96	Lp
61	97	L
61	98	L
61	99	L
61	100	L
61	101	L
61	102	L
61	103	Lp
61	104	-1
61	105	L
61	106	L
61	107	L
61	108	L
61	109	Lp
61	110	Lp
61	111	-1
61	112	-1
61	113	U
61	114	Lp
61	115	L
61	116	L
61	117	Lp
61	118	Lp
61	119	Lp
62	0	Lp
62	1	Lp
62	2	Lp
62	3	Lc
62	4	Lc
62	5	-1
62	6	Lc
62	7	Lc
62	8	Lc
62	9	Lc
62	10	L
62	11	Lc
62	12	Lc
62	13	Lc
62	14	Lc
62	15	Lc
62	16	Lc
62	17	Lc
62	18	Lc
62	19	Lc
62	20	Lc
62	21	Lc
62	22	Lc
62	23	L
62	24	L
62	25	L
62	26	Lc
62	27	Lc
62	28	L
62	29	L
62	30	L
62	31	L
62	32	L
62	33	L
62	34	L
62	35	-1
62	36	L
62	37	Lc
62	38	Lc
62	39	Lc
62	40	-1
62	41	Lcp
62	42	L
62	43	L
62	44	L
62	45	L
62	46	L
62	47	Lc
62	48	-1
62	49	Uc
62	50	L
62	51	-1
62	52	Lc
62	53	L
62	54	Lc
62	55	L
62	56	Lp
62	57	Lp
62	58	Lcp
62	59	Lcp
62	60	-1
62	61	U
62	62	Lp
62	63	Lp
62	64	Lp
62	65	Lp
62	66	U
62	67	Lp
62	68	Lp
62	69	Lp
62	70	Lp
62	71	Lc
62	72	-1
62	73	Lc
62	74	-1
62	75	Lc
62	76	-1
62	77	L
62	78	L
62	79	-1
62	80	-1
62	81	Lp
62	82	-1
62	83	-1
62	84	-1
62	85	Lp
62	86	Lp
62	87	Lp
62	88	Lp
62	89	Lc
62	90	Lc
62	91	Lp
62	92	Lc
62	93	Lc
62	94	Lc
62	95	Lc
62	96	Lp
62	97	Lp
62	98	Lc
62	99	L
62	100	Lp
62	101	-1
62	102	L
62	103	L
62	104	L
62	105	L
62	106	Lc
62	107	Lp
62	108	-1
62	109	-1
62	110	Lp
62	111	Lp
62	112	Lp
62	113	U
62	114	Lp
62	115	L
62	116	Lp
62	117	L
62	118	-1
62	119	Lp
63	0	L
63	1	L
63	2	-1
63	3	L
63	4	Lc
63	5	Lc
63	6	-1
63	7	Lc
63	8	Lc
63	9	Lc
63	10	Lc
63	11	Lc
63	12	Lc
63	13	Lc
63	14	Lc
63	15	Lc
63	16	Lc
63	17	Lc
63	18	Lc
63	19	Lc
63	20	Lc
63	21	-1
63	22	L
63	23	Lc
63	24	L
63	25	L
63	26	L
63	27	L
63	28	L
63	29	Lc
63	30	L
63	31	L
63	32	L
63	33	L
63	34	Lc
63	35	-1
63	36	Lc
63	37	-1
63	38	-1
63	39	Lc
63	40	Lc
63	41	L
63	42	Lcp
63	43	-1
63	44	-1
63	45	-1
63	46	-1
63	47	Lc
63	48	Lc
63	49	Lc
63	50	-1
63	51	Lc
63	52	Lc
63	53	Lc
63	54	L
63	55	Lc
63	56	-1
63	57	Lcp
63	58	-1
63	59	Lcp
63	60	Lp
63	61	U
63	62	U
63	63	L
63	64	Lp
63	65	-1
63	66	Lcp
63	67	-1
63	68	Lp
63	69	Lp
63	70	Lc
63	71	Lp
63	72	Lc
63	73	U
63	74	-1
63	75	Lp
63	76	L
63	77	L
63	78	L
63	79	Lp
63	80	Lp
63	81	Lp
63	82	Lp
63	83	Lp
63	84	-1
63	85	Lp
63	86	Lp
63	87	Lp
63	88	Lp
63	89	L
63	90	Lp
63	91	Lc
63	92	Lp
63	93	L
63	94	L
63	95	Lp
63	96	L
63	97	Lp
63	98	Lp
63	99	Lp
63	100	Lp
63	101	Lp
63	102	Lp
63	103	-1
63	104	Lc
63	105	Lc
63	106	-1
63	107	Lc
63	108	Lp
63	109	Lp
63	110	Lp
63	111	-1
63	112	U
63	113	Lp
63	114	L
63	115	-1
63	116	L
63	117	L
63	118	L
63	119	-1
64	0	L
64	1	L
64	2	L
64	3	Lp
64	4	Lc
64	5	Lc
64	6	Lc
64	7	Lc
64	8	-1
64	9	Lc
64	10	Lc
64	11	-1
64	12	Lc
64	13	Lc
64	14	Lc
64	15	Lc
64	16	-1
64	17	Lc
64	18	Lc
64	19	Lc
64	20	Lc
64	21	Lc
64	22	Uc
64	23	Lc
64	24	Lc
64	25	-1
64	26	Lc
64	27	L
64	28	L
64	29	L
64	30	L
64	31	L
64	32	Lc
64	33	L
64	34	L
64	35	Lc
64	36	Lc
64	37	-1
64	38	-1
64	39	Lc
64	40	Lc
64	41	Lc
64	42	L
64	43	Lcp
64	44	L
64	45	L
64	46	L
64	47	L
64	48	Lc
64	49	Lc
64	50	L
64	51	Lc
64	52	Lc
64	53	Lc
64	54	Lc
64	55	Lc
64	56	L
64	57	Lcp
64	58	Lcp
64	59	Lcp
64	60	U
64	61	Lcp
64	62	U
64	63	Lp
64	64	-1
64	65	Lp
64	66	L
64	67	Lp
64	68	Lp
64	69	Lp
64	70	Lp
64	71	-1
64	72	Lp
64	73	U
64	74	Lp
64	75	Lp
64	76	Lp
64	77	-1
64	78	Lp
64	79	-1
64	80	Lp
64	81	Lp
64	82	Lp
64	83	Lp
64	84	Lp
64	85	Lp
64	86	Lp
64	87	-1
64	88	Lp
64	89	-1
64	90	Lp
64	91	Lc
64	92	L
64	93	L
64	94	L
64	95	L
64	96	L
64	97	L
64	98	L
64	99	L
64	100	Lp
64	101	Lp
64	102	L
64	103	L
64	104	Lc
64	105	Lc
64	106	Lc
64	107	Lc
64	108	Lp
64	109	-1
64	110	Lp
64	111	Lp
64	112	Lp
64	113	Lc
64	114	-1
64	115	L
64	116	L
64	117	L
64	118	L
64	119	-1
65	0	L
65	1	-1
65	2	L
65	3	Lc
65	4	Lc
65	5	Lp
65	6	Lc
65	7	-1
65	8	Lc
65	9	Lc
65	10	Lc
65	11	Lc
65	12	L
65	13	-1
65	14	Lc
65	15	-1
65	16	Lc
65	17	Lc
65	18	Lc
65	19	Uc
65	20	Lc
65	21	Lc
65	22	Uc
65	23	Lc
65	24	Lc
65	25	Lc
65	26	Lc
65	27	Lc
65	28	Lc
65	29	-1
65	30	L
65	31	L
65	32	L
65	33	Lc
65	34	Lc
65	35	Lc
65	36	Lc
65	37	Lc
65	38	Lc
65	39	Lc
65	40	Lc
65	41	L
65	42	L
65	43	L
65	44	L
65	45	L
65	46	-1
65	47	L
65	48	Lc
65	49	L
65	50	L
65	51	-1
65	52	Lc
65	53	Lc
65	54	L
65	55	L
65	56	L
65	57	L
65	58	Lcp
65	59	L
65	60	Lcp
65	61	Lcp
65	62	Lcp
65	63	-1
65	64	L
65	65	-1
65	66	Lp
65	67	L
65	68	Lp
65	69	Lp
65	70	Lc
65	71	U
65	72	-1
65	73	Lp
65	74	Lp
65	75	Lp
65	76	Lp
65	77	Lp
65	78	Lp
65	79	Lp
65	80	Lp
65	81	U
65	82	Lp
65	83	Lp
65	84	Lp
65	85	Lp
65	86	Lp
65	87	Lp
65	88	Lp
65	89	Lp
65	90	Lp
65	91	Lp
65	92	Lp
65	93	L
65	94	L
65	95	Lc
65	96	L
65	97	L
65	98	L
65	99	Lp
65	100	L
65	101	L
65	102	L
65	103	Lc
65	104	Lc
65	105	Lc
65	106	Lc
65	107	Lc
65	108	-1
65	109	Lp
65	110	-1
65	111	Lp
65	112	Lp
65	113	L
65	114	Lc
65	115	L
65	116	L
65	117	L
65	118	-1
65	119	-1
66	0	L
66	1	L
66	2	L
66	3	-1
66	4	L
66	5	-1
66	6	-1
66	7	Lc
66	8	Lc
66	9	Lc
66	10	Lc
66	11	Lc
66	12	-1
66	13	Lc
66	14	L
66	15	L
66	16	-1
66	17	Lc
66	18	Lc
66	19	Lc
66	20	Lc
66	21	Lc
66	22	Uc
66	23	Lc
66	24	Lc
66	25	Lc
66	26	Lc
66	27	Lc
66	28	-1
66	29	L
66	30	L
66	31	L
66	32	L
66	33	L
66	34	Lc
66	35	Lc
66	36	-1
66	37	-1
66	38	-1
66	39	Lc
66	40	Lc
66	41	L
66	42	L
66	43	L
66	44	L
66	45	L
66	46	L
66	47	L
66	48	U
66	49	L
66	50	L
66	51	L
66	52	Lc
66	53	Lcp
66	54	Lcp
66	55	-1
66	56	-1
66	57	L
66	58	L
66	59	Lcp
66	60	Lcp
66	61	Lcp
66	62	L
66	63	Lcp
66	64	Lcp
66	65	L
66	66	Lp
66	67	Lp
66	68	-1
66	69	Lc
66	70	Lp
66	71	Lc
66	72	Lp
66	73	U
66	74	U
66	75	Lp
66	76	-1
66	77	Lp
66	78	Lp
66	79	Lp
66	80	Lp
66	81	Lp
66	82	U
66	83	Lp
66	84	Lp
66	85	Lp
66	86	Lp
66	87	Lp
66	88	Lp
66	89	Lp
66	90	Lp
66	91	L
66	92	L
66	93	-1
66	94	-1
66	95	Lc
66	96	L
66	97	L
66	98	L
66	99	L
66	100	L
66	101	L
66	102	L
66	103	L
66	104	Lc
66	105	Lc
66	106	-1
66	107	Lc
66	108	Lc
66	109	Lc
66	110	-1
66	111	Lp
66	112	Lp
66	113	-1
66	114	L
66	115	L
66	116	L
66	117	-1
66	118	L
66	119	-1
67	0	L
67	1	L
67	2	L
67	3	L
67	4	L
67	5	U
67	6	Lc
67	7	Lc
67	8	Lc
67	9	Lc
67	10	Uc
67	11	Uc
67	12	Lc
67	13	Lc
67	14	L
67	15	-1
67	16	Lc
67	17	Lc
67	18	Lc
67	19	Lc
67	20	L
67	21	Uc
67	22	Lc
67	23	Lc
67	24	Lc
67	25	Lc
67	26	Lc
67	27	Lc
67	28	L
67	29	L
67	30	L
67	31	L
67	32	U
67	33	L
67	34	Lc
67	35	Lc
67	36	Lc
67	37	L
67	38	L
67	39	L
67	40	L
67	41	L
67	42	L
67	43	L
67	44	L
67	45	L
67	46	L
67	47	L
67	48	U
67	49	L
67	50	L
67	51	-1
67	52	Lcp
67	53	Lcp
67	54	Lcp
67	55	L
67	56	L
67	57	L
67	58	Lcp
67	59	L
67	60	Lcp
67	61	Lcp
67	62	Lcp
67	63	Lcp
67	64	Lcp
67	65	Lcp
67	66	Lcp
67	67	L
67	68	Lp
67	69	Lp
67	70	Lc
67	71	Lp
67	72	-1
67	73	Lc
67	74	Lp
67	75	U
67	76	Lp
67	77	Lp
67	78	-1
67	79	U
67	80	Lp
67	81	Lp
67	82	Lp
67	83	-1
67	84	Lp
67	85	Lp
67	86	Lp
67	87	Lp
67	88	Lp
67	89	Lp
67	90	Lp
67	91	L
67	92	L
67	93	Uc
67	94	-1
67	95	Lc
67	96	L
67	97	L
67	98	-1
67	99	Lp
67	100	Lp
67	101	L
67	102	L
67	103	L
67	104	Lc
67	105	-1
67	106	Lc
67	107	Lc
67	108	Lc
67	109	Lc
67	110	Lc
67	111	-1
67	112	L
67	113	L
67	114	L
67	115	Lp
67	116	L
67	117	L
67	118	L
67	119	L
68	0	L
68	1	L
68	2	L
68	3	U
68	4	U
68	5	Lc
68	6	Lc
68	7	Lc
68	8	L
68	9	L
68	10	Uc
68	11	-1
68	12	Lc
68	13	Uc
68	14	L
68	15	L
68	16	L
68	17	-1
68	18	Lc
68	19	L
68	20	L
68	21	L
68	22	L
68	23	Lc
68	24	-1
68	25	L
68	26	-1
68	27	L
68	28	-1
68	29	-1
68	30	-1
68	31	L
68	32	L
68	33	U
68	34	L
68	35	-1
68	36	L
68	37	Lc
68	38	L
68	39	L
68	40	-1
68	41	L
68	42	-1
68	43	Lc
68	44	L
68	45	L
68	46	L
68	47	L
68	48	Lc
68	49	Lc
68	50	Lc
68	51	Lcp
68	52	L
68	53	L
68	54	L
68	55	Lcp
68	56	L
68	57	-1
68	58	L
68	59	L
68	60	-1
68	61	L
68	62	Lcp
68	63	Lcp
68	64	Lcp
68	65	Lcp
68	66	Lc
68	67	U
68	68	Uc
68	69	Uc
68	70	Lp
68	71	-1
68	72	Lc
68	73	Lp
68	74	Lp
68	75	Lp
68	76	Lp
68	77	-1
68	78	U
68	79	U
68	80	Lp
68	81	Lp
68	82	Lp
68	83	Lp
68	84	Lp
68	85	Lp
68	86	Lp
68	87	Lp
68	88	Lp
68	89	Lp
68	90	L
68	91	Lp
68	92	-1
68	93	L
68	94	Lp
68	95	Lp
68	96	Lc
68	97	Lp
68	98	L
68	99	Lp
68	100	L
68	101	L
68	102	Lp
68	103	Lp
68	104	Lp
68	105	-1
68	106	-1
68	107	Lc
68	108	Lc
68	109	Lc
68	110	Lc
68	111	Lc
68	112	L
68	113	Lp
68	114	Lp
68	115	Lp
68	116	L
68	117	L
68	118	L
68	119	L
69	0	L
69	1	L
69	2	L
69	3	L
69	4	-1
69	5	L
69	6	L
69	7	L
69	8	L
69	9	L
69	10	Uc
69	11	Uc
69	12	Uc
69	13	Lc
69	14	Lc
69	15	Lc
69	16	L
69	17	-1
69	18	-1
69	19	Lc
69	20	L
69	21	L
69	22	Lc
69	23	L
69	24	Lc
69	25	Lc
69	26	Lc
69	27	Lc
69	28	L
69	29	L
69	30	L
69	31	L
69	32	-1
69	33	L
69	34	-1
69	35	L
69	36	L
69	37	L
69	38	L
69	39	L
69	40	L
69	41	L
69	42	L
69	43	Lc
69	44	-1
69	45	L
69	46	Lc
69	47	L
69	48	Lc
69	49	-1
69	50	L
69	51	L
69	52	Lcp
69	53	L
69	54	L
69	55	L
69	56	L
69	57	L
69	58	-1
69	59	L
69	60	L
69	61	L
69	62	-1
69	63	L
69	64	Lcp
69	65	Lc
69	66	Lc
69	67	Lc
69	68	U
69	69	Lp
69	70	Lp
69	71	Lc
69	72	Lc
69	73	Lc
69	74	-1
69	75	Lp
69	76	-1
69	77	Lc
69	78	Lc
69	79	Lc
69	80	Lp
69	81	Lp
69	82	Lp
69	83	Lp
69	84	Lp
69	85	Lp
69	86	Lp
69	87	Lp
69	88	Lp
69	89	Lp
69	90	Lp
69	91	Lp
69	92	Lp
69	93	Lp
69	94	Lp
69	95	Lp
69	96	Lp
69	97	-1
69	98	L
69	99	Lp
69	100	L
69	101	L
69	102	Lc
69	103	Lp
69	104	Lc
69	105	Lp
69	106	Lc
69	107	-1
69	108	-1
69	109	Lc
69	110	Lc
69	111	Lc
69	112	Lc
69	113	Lc
69	114	L
69	115	Lp
69	116	L
69	117	L
69	118	L
69	119	L
70	0	L
70	1	-1
70	2	L
70	3	U
70	4	L
70	5	L
70	6	L
70	7	L
70	8	-1
70	9	Lc
70	10	L
70	11	-1
70	12	Lc
70	13	L
70	14	Lc
70	15	Lc
70	16	Lc
70	17	Lc
70	18	Lc
70	19	Lc
70	20	L
70	21	L
70	22	Lc
70	23	Lc
70	24	Lc
70	25	L
70	26	Lc
70	27	-1
70	28	L
70	29	Lc
70	30	L
70	31	L
70	32	L
70	33	L
70	34	L
70	35	L
70	36	L
70	37	L
70	38	L
70	39	L
70	40	-1
70	41	L
70	42	L
70	43	Lc
70	44	-1
70	45	-1
70	46	L
70	47	L
70	48	Lc
70	49	L
70	50	Lc
70	51	-1
70	52	L
70	53	L
70	54	L
70	55	-1
70	56	L
70	57	Lcp
70	58	L
70	59	Uc
70	60	L
70	61	-1
70	62	L
70	63	Lc
70	64	Lcp
70	65	Lc
70	66	Lc
70	67	Lc
70	68	Uc
70	69	Uc
70	70	Lp
70	71	-1
70	72	Lc
70	73	Lc
70	74	Lc
70	75	Lc
70	76	Lp
70	77	Lc
70	78	Lc
70	79	Lc
70	80	L
70	81	Lp
70	82	Lp
70	83	Lp
70	84	L
70	85	Lp
70	86	-1
70	87	Lp
70	88	Lp
70	89	Lp
70	90	Lp
70	91	L
70	92	L
70	93	L
70	94	Lp
70	95	Lp
70	96	L
70	97	Lp
70	98	Lc
70	99	Lp
70	100	Lp
70	101	Lp
70	102	Lc
70	103	Lc
70	104	Lc
70	105	Lc
70	106	Lp
70	107	Lp
70	108	-1
70	109	Lc
70	110	Lc
70	111	Lc
70	112	Lc
70	113	L
70	114	Lc
70	115	L
70	116	Lp
70	117	Lp
70	118	L
70	119	L
71	0	-1
71	1	Lp
71	2	L
71	3	L
71	4	L
71	5	L
71	6	L
71	7	L
71	8	L
71	9	-1
71	10	Lc
71	11	Lc
71	12	L
71	13	-1
71	14	Lc
71	15	Lc
71	16	Lc
71	17	Lc
71	18	-1
71	19	-1
71	20	-1
71	21	Lc
71	22	Lc
71	23	Lc
71	24	L
71	25	L
71	26	Lc
71	27	L
71	28	L
71	29	L
71	30	L
71	31	-1
71	32	L
71	33	L
71	34	L
71	35	L
71	36	-1
71	37	L
71	38	L
71	39	L
71	40	L
71	41	L
71	42	L
71	43	-1
71	44	L
71	45	L
71	46	-1
71	47	L
71	48	L
71	49	L
71	50	L
71	51	-1
71	52	L
71	53	L
71	54	L
71	55	L
71	56	-1
71	57	Uc
71	58	Uc
71	59	-1
71	60	Uc
71	61	Uc
71	62	L
71	63	-1
71	64	Lc
71	65	Lcp
71	66	-1
71	67	Uc
71	68	Lp
71	69	Uc
71	70	Lp
71	71	Lp
71	72	Lc
71	73	Lc
71	74	Lc
71	75	Lp
71	76	Lp
71	77	Lc
71	78	Lc
71	79	L
71	80	L
71	81	L
71	82	-1
71	83	-1
71	84	-1
71	85	Lp
71	86	Lp
71	87	Lp
71	88	Lp
71	89	L
71	90	L
71	91	L
71	92	L
71	93	Lp
71	94	Lp
71	95	Lp
71	96	Lp
71	97	Lp
71	98	Lc
71	99	Lp
71	100	L
71	101	Lc
71	102	Lc
71	103	-1
71	104	Lc
71	105	Lc
71	106	Lp
71	107	Lc
71	108	-1
71	109	Lc
71	110	-1
71	111	-1
71	112	Lc
71	113	-1
71	114	L
71	115	Lp
71	116	Lp
71	117	Lp
71	118	U
71	119	Lp
72	0	Lp
72	1	Lp
72	2	-1
72	3	L
72	4	-1
72	5	L
72	6	-1
72	7	-1
72	8	Lc
72	9	Lc
72	10	Uc
72	11	Lc
72	12	Uc
72	13	-1
72	14	-1
72	15	Lc
72	16	L
72	17	Lc
72	18	Lc
72	19	L
72	20	L
72	21	L
72	22	L
72	23	Lc
72	24	L
72	25	Lc
72	26	Lc
72	27	L
72	28	L
72	29	Lc
72	30	L
72	31	L
72	32	L
72	33	L
72	34	L
72	35	U
72	36	L
72	37	L
72	38	L
72	39	L
72	40	L
72	41	L
72	42	L
72	43	L
72	44	L
72	45	L
72	46	L
72	47	L
72	48	L
72	49	-1
72	50	L
72	51	L
72	52	L
72	53	L
72	54	L
72	55	-1
72	56	-1
72	57	L
72	58	Uc
72	59	Lc
72	60	Uc
72	61	L
72	62	L
72	63	Lc
72	64	Uc
72	65	-1
72	66	L
72	67	Lc
72	68	U
72	69	Lp
72	70	Lp
72	71	Lc
72	72	Lc
72	73	Lc
72	74	Lc
72	75	Lc
72	76	Lc
72	77	Uc
72	78	Uc
72	79	-1
72	80	L
72	81	L
72	82	Lp
72	83	-1
72	84	Lc
72	85	Lp
72	86	Lp
72	87	Lp
72	88	-1
72	89	Lp
72	90	L
72	91	L
72	92	L
72	93	Lp
72	94	Lp
72	95	Lc
72	96	Lp
72	97	Lp
72	98	Lp
72	99	L
72	100	Lp
72	101	Lc
72	102	Lc
72	103	Lc
72	104	Lc
72	105	-1
72	106	Lc
72	107	Lc
72	108	Lc
72	109	Lc
72	110	Lc
72	111	Lc
72	112	-1
72	113	-1
72	114	Lp
72	115	-1
72	116	Lp
72	117	Lp
72	118	Lp
72	119	Lp
73	0	L
73	1	Lp
73	2	L
73	3	L
73	4	-1
73	5	-1
73	6	L
73	7	Lc
73	8	U
73	9	L
73	10	L
73	11	Lc
73	12	Lc
73	13	Lc
73	14	Lc
73	15	Lc
73	16	Lc
73	17	Lc
73	18	-1
73	19	-1
73	20	L
73	21	Lc
73	22	L
73	23	L
73	24	L
73	25	L
73	26	-1
73	27	-1
73	28	L
73	29	L
73	30	L
73	31	L
73	32	-1
73	33	L
73	34	U
73	35	-1
73	36	L
73	37	L
73	38	L
73	39	L
73	40	L
73	41	L
73	42	L
73	43	L
73	44	L
73	45	L
73	46	L
73	47	-1
73	48	Lc
73	49	U
73	50	L
73	51	L
73	52	L
73	53	L
73	54	L
73	55	Lc
73	56	L
73	57	-1
73	58	L
73	59	Lc
73	60	Lc
73	61	Lc
73	62	Lc
73	63	-1
73	64	Lc
73	65	Lc
73	66	Lc
73	67	L
73	68	L
73	69	U
73	70	Lp
73	71	Lc
73	72	Lc
73	73	-1
73	74	Lc
73	75	Lc
73	76	-1
73	77	Lp
73	78	Lc
73	79	-1
73	80	L
73	81	L
73	82	L
73	83	L
73	84	Lp
73	85	Lp
73	86	-1
73	87	Lp
73	88	Lp
73	89	-1
73	90	L
73	91	L
73	92	L
73	93	Lc
73	94	Lp
73	95	-1
73	96	Lc
73	97	L
73	98	L
73	99	Lp
73	100	Lp
73	101	Lc
73	102	Lc
73	103	-1
73	104	Lc
73	105	Lc
73	106	L
73	107	L
73	108	Lc
73	109	Lc
73	110	L
73	111	Lc
73	112	Lc
73	113	Lc
73	114	-1
73	115	-1
73	116	Lc
73	117	Lp
73	118	L
73	119	-1
74	0	Lp
74	1	-1
74	2	Lp
74	3	L
74	4	L
74	5	Lc
74	6	-1
74	7	L
74	8	L
74	9	-1
74	10	L
74	11	-1
74	12	Lc
74	13	Lc
74	14	-1
74	15	Lc
74	16	Lc
74	17	-1
74	18	Lc
74	19	Lc
74	20	Lc
74	21	L
74	22	L
74	23	L
74	24	L
74	25	L
74	26	L
74	27	Lc
74	28	L
74	29	Lc
74	30	Lc
74	31	L
74	32	L
74	33	-1
74	34	L
74	35	-1
74	36	L
74	37	-1
74	38	L
74	39	L
74	40	L
74	41	L
74	42	L
74	43	L
74	44	L
74	45	L
74	46	L
74	47	L
74	48	L
74	49	Lc
74	50	L
74	51	L
74	52	L
74	53	Lc
74	54	Lc
74	55	-1
74	56	L
74	57	L
74	58	L
74	59	Lc
74	60	Lc
74	61	Lc
74	62	-1
74	63	-1
74	64	Lc
74	65	Lc
74	66	Lc
74	67	L
74	68	L
74	69	-1
74	70	U
74	71	Lc
74	72	U
74	73	Lc
74	74	Lc
74	75	Lp
74	76	Lp
74	77	Lc
74	78	Uc
74	79	Lp
74	80	Uc
74	81	L
74	82	L
74	83	Lp
74	84	Lp
74	85	Lp
74	86	-1
74	87	Lp
74	88	Lp
74	89	L
74	90	L
74	91	-1
74	92	Lc
74	93	Lc
74	94	Lc
74	95	Lc
74	96	Lc
74	97	Lc
74	98	-1
74	99	Lp
74	100	Lp
74	101	L
74	102	Lc
74	103	L
74	104	L
74	105	L
74	106	Lc
74	107	Lc
74	108	L
74	109	Lc
74	110	U
74	111	Lc
74	112	Lc
74	113	Lc
74	114	-1
74	115	Lp
74	116	Lc
74	117	Lc
74	118	Lc
74	119	L
75	0	Lc
75	1	Lp
75	2	L
75	3	Lc
75	4	L
75	5	L
75	6	Lc
75	7	Lc
75	8	L
75	9	L
75	10	L
75	11	Lc
75	12	Lc
75	13	Lc
75	14	Lc
75	15	Lc
75	16	Lc
75	17	Lc
75	18	Lc
75	19	Lc
75	20	Lc
75	21	Lc
75	22	L
75	23	L
75	24	L
75	25	L
75	26	Lc
75	27	-1
75	28	Lc
75	29	L
75	30	L
75	31	L
75	32	L
75	33	L
75	34	L
75	35	L
75	36	L
75	37	L
75	38	L
75	39	L
75	40	L
75	41	L
75	42	L
75	43	L
75	44	L
75	45	L
75	46	L
75	47	L
75	48	L
75	49	L
75	50	-1
75	51	L
75	52	L
75	53	L
75	54	Lc
75	55	Lc
75	56	-1
75	57	L
75	58	Lc
75	59	Lc
75	60	Lc
75	61	-1
75	62	Lc
75	63	Lc
75	64	Lc
75	65	Lc
75	66	Lc
75	67	L
75	68	L
75	69	L
75	70	-1
75	71	U
75	72	U
75	73	Lc
75	74	-1
75	75	Lp
75	76	Lp
75	77	-1
75	78	-1
75	79	Uc
75	80	Lp
75	81	L
75	82	L
75	83	Lp
75	84	Lp
75	85	Lp
75	86	Lp
75	87	Lp
75	88	Lp
75	89	Lp
75	90	-1
75	91	L
75	92	Lc
75	93	L
75	94	Lc
75	95	Lc
75	96	Lc
75	97	-1
75	98	L
75	99	Lc
75	100	Lc
75	101	-1
75	102	L
75	103	L
75	104	L
75	105	L
75	106	Lc
75	107	Lc
75	108	U
75	109	U
75	110	-1
75	111	Lc
75	112	-1
75	113	-1
75	114	Lp
75	115	Lp
75	116	Lp
75	117	Lc
75	118	Lc
75	119	Lc
76	0	Lc
76	1	Lc
76	2	L
76	3	L
76	4	Lc
76	5	L
76	6	-1
76	7	L
76	8	Lc
76	9	-1
76	10	L
76	11	Lc
76	12	Lc
76	13	Lc
76	14	-1
76	15	Lc
76	16	Lc
76	17	-1
76	18	Lc
76	19	Lc
76	20	Lc
76	21	U
76	22	Lc
76	23	Lc
76	24	L
76	25	-1
76	26	L
76	27	L
76	28	Lc
76	29	-1
76	30	L
76	31	L
76	32	-1
76	33	L
76	34	-1
76	35	L
76	36	-1
76	37	L
76	38	L
76	39	L
76	40	L
76	41	Lc
76	42	Lc
76	43	L
76	44	L
76	45	L
76	46	L
76	47	L
76	48	L
76	49	L
76	50	L
76	51	L
76	52	L
76	53	Lc
76	54	L
76	55	L
76	56	L
76	57	L
76	58	Lc
76	59	-1
76	60	Lc
76	61	Lc
76	62	Lc
76	63	Lc
76	64	Lc
76	65	Lc
76	66	-1
76	67	L
76	68	L
76	69	L
76	70	Lc
76	71	U
76	72	-1
76	73	-1
76	74	Lp
76	75	-1
76	76	-1
76	77	-1
76	78	Lp
76	79	Uc
76	80	Lc
76	81	Lc
76	82	Lc
76	83	Lp
76	84	L
76	85	-1
76	86	Lp
76	87	Lp
76	88	Lp
76	89	Lp
76	90	-1
76	91	Lc
76	92	Lc
76	93	Lc
76	94	-1
76	95	-1
76	96	Lc
76	97	L
76	98	Lc
76	99	Lc
76	100	Lc
76	101	Lc
76	102	-1
76	103	L
76	104	Lp
76	105	-1
76	106	Lp
76	107	Lc
76	108	U
76	109	Lc
76	110	Lp
76	111	-1
76	112	Lp
76	113	Lp
76	114	Lc
76	115	Lp
76	116	-1
76	117	Lc
76	118	Lc
76	119	Lc
77	0	Lc
77	1	-1
77	2	L
77	3	-1
77	4	L
77	5	L
77	6	L
77	7	Lc
77	8	Lc
77	9	Lc
77	10	Lc
77	11	Lc
77	12	-1
77	13	Lc
77	14	-1
77	15	Lc
77	16	Lc
77	17	Lc
77	18	-1
77	19	Lc
77	20	Lc
77	21	-1
77	22	L
77	23	L
77	24	L
77	25	L
77	26	L
77	27	-1
77	28	-1
77	29	Lc
77	30	-1
77	31	L
77	32	Lc
77	33	-1
77	34	L
77	35	L
77	36	-1
77	37	L
77	38	L
77	39	L
77	40	Lc
77	41	Lc
77	42	-1
77	43	L
77	44	L
77	45	L
77	46	L
77	47	L
77	48	-1
77	49	L
77	50	L
77	51	L
77	52	Lc
77	53	L
77	54	Lc
77	55	-1
77	56	L
77	57	-1
77	58	L
77	59	L
77	60	Lc
77	61	Lc
77	62	Lc
77	63	Lc
77	64	Lc
77	65	-1
77	66	L
77	67	L
77	68	L
77	69	Lc
77	70	Lc
77	71	Lc
77	72	Lc
77	73	L
77	74	Lc
77	75	Lp
77	76	Lp
77	77	L
77	78	Lp
77	79	-1
77	80	Lp
77	81	Lc
77	82	Lp
77	83	Lp
77	84	Lp
77	85	Lp
77	86	Lp
77	87	Lc
77	88	Lc
77	89	-1
77	90	U
77	91	U
77	92	-1
77	93	Lc
77	94	Lc
77	95	Lc
77	96	Lc
77	97	Lc
77	98	Lc
77	99	Lc
77	100	Lc
77	101	L
77	102	L
77	103	-1
77	104	L
77	105	Lp
77	106	Lp
77	107	Lp
77	108	-1
77	109	Lp
77	110	Lp
77	111	Lp
77	112	Lp
77	113	Lp
77	114	Lc
77	115	Lc
77	116	-1
77	117	Lc
77	118	Lc
77	119	Lc
78	0	Lc
78	1	L
78	2	L
78	3	Lc
78	4	L
78	5	L
78	6	L
78	7	Lc
78	8	Lc
78	9	-1
78	10	Lc
78	11	Lc
78	12	Lc
78	13	Lc
78	14	Lc
78	15	Lc
78	16	Lc
78	17	Lc
78	18	Lc
78	19	Lc
78	20	Lc
78	21	L
78	22	Lc
78	23	L
78	24	L
78	25	-1
78	26	L
78	27	-1
78	28	Lc
78	29	Lc
78	30	Lc
78	31	Lc
78	32	L
78	33	Lc
78	34	Lc
78	35	-1
78	36	L
78	37	L
78	38	L
78	39	L
78	40	L
78	41	L
78	42	L
78	43	L
78	44	L
78	45	L
78	46	L
78	47	-1
78	48	L
78	49	L
78	50	-1
78	51	L
78	52	L
78	53	Lc
78	54	Lc
78	55	L
78	56	Lc
78	57	Lc
78	58	L
78	59	-1
78	60	U
78	61	Lc
78	62	Lc
78	63	Lc
78	64	Lc
78	65	-1
78	66	L
78	67	Uc
78	68	Uc
78	69	Uc
78	70	Lc
78	71	L
78	72	Lp
78	73	Lp
78	74	Lc
78	75	Lc
78	76	Lp
78	77	L
78	78	Lp
78	79	Lp
78	80	Lp
78	81	Lp
78	82	Lp
78	83	Lp
78	84	Lp
78	85	-1
78	86	Lp
78	87	Lc
78	88	Lc
78	89	U
78	90	U
78	91	Lc
78	92	U
78	93	Lc
78	94	-1
78	95	Lc
78	96	Lc
78	97	Lc
78	98	Lc
78	99	-1
78	100	-1
78	101	L
78	102	-1
78	103	L
78	104	L
78	105	L
78	106	Lp
78	107	Lc
78	108	Lp
78	109	Lp
78	110	Lp
78	111	Lp
78	112	L
78	113	L
78	114	Lc
78	115	Lc
78	116	Lc
78	117	Lc
78	118	Lc
78	119	L
79	0	Lc
79	1	L
79	2	L
79	3	L
79	4	Lc
79	5	-1
79	6	L
79	7	L
79	8	Lc
79	9	Lc
79	10	Lc
79	11	Lc
79	12	L
79	13	L
79	14	Lc
79	15	Lc
79	16	Lc
79	17	Lc
79	18	Lc
79	19	Lc
79	20	-1
79	21	Lc
79	22	Lc
79	23	L
79	24	L
79	25	L
79	26	-1
79	27	L
79	28	-1
79	29	-1
79	30	-1
79	31	Lc
79	32	-1
79	33	L
79	34	Lc
79	35	Lc
79	36	L
79	37	L
79	38	L
79	39	L
79	40	L
79	41	L
79	42	L
79	43	L
79	44	L
79	45	L
79	46	L
79	47	L
79	48	L
79	49	L
79	50	Lc
79	51	Lc
79	52	Lc
79	53	Lc
79	54	L
79	55	Lc
79	56	L
79	57	L
79	58	Lc
79	59	L
79	60	L
79	61	L
79	62	Lc
79	63	Lc
79	64	L
79	65	Lc
79	66	Lc
79	67	Uc
79	68	Uc
79	69	Uc
79	70	Uc
79	71	Lp
79	72	Lc
79	73	Lc
79	74	Lc
79	75	Lc
79	76	Lc
79	77	Lp
79	78	Lp
79	79	Lp
79	80	Lp
79	81	Lp
79	82	Lp
79	83	Lp
79	84	Lp
79	85	Lp
79	86	Lp
79	87	Lp
79	88	-1
79	89	Lc
79	90	Lc
79	91	U
79	92	Lc
79	93	Lc
79	94	Lc
79	95	Lc
79	96	Uc
79	97	Lc
79	98	-1
79	99	L
79	100	L
79	101	L
79	102	L
79	103	L
79	104	L
79	105	L
79	106	Lc
79	107	Lp
79	108	Lp
79	109	Lp
79	110	Lp
79	111	-1
79	112	L
79	113	L
79	114	-1
79	115	Lc
79	116	Lc
79	117	L
79	118	L
79	119	Lp
80	0	L
80	1	Lc
80	2	L
80	3	L
80	4	L
80	5	Lc
80	6	-1
80	7	-1
80	8	L
80	9	-1
80	10	Lc
80	11	-1
80	12	Lc
80	13	L
80	14	Lc
80	15	-1
80	16	Lc
80	17	Lc
80	18	Lc
80	19	L
80	20	L
80	21	Lc
80	22	Lc
80	23	U
80	24	Lc
80	25	U
80	26	L
80	27	L
80	28	-1
80	29	Lc
80	30	Lc
80	31	Lc
80	32	Lc
80	33	-1
80	34	Lc
80	35	Lc
80	36	Lc
80	37	Lc
80	38	L
80	39	L
80	40	L
80	41	L
80	42	-1
80	43	L
80	44	L
80	45	L
80	46	L
80	47	L
80	48	-1
80	49	-1
80	50	Lc
80	51	Lc
80	52	Lc
80	53	L
80	54	Lc
80	55	L
80	56	L
80	57	-1
80	58	L
80	59	Lc
80	60	L
80	61	L
80	62	Lc
80	63	Lc
80	64	Lc
80	65	Lc
80	66	Lc
80	67	Lc
80	68	L
80	69	Uc
80	70	Lc
80	71	Uc
80	72	Lc
80	73	Lc
80	74	Lc
80	75	Lc
80	76	Lc
80	77	L
80	78	Lp
80	79	Lp
80	80	Lp
80	81	Lp
80	82	L
80	83	L
80	84	L
80	85	L
80	86	Lp
80	87	Lp
80	88	-1
80	89	Lc
80	90	Lc
80	91	Lc
80	92	Lc
80	93	Lc
80	94	Lc
80	95	Uc
80	96	Lc
80	97	L
80	98	L
80	99	L
80	100	L
80	101	L
80	102	L
80	103	L
80	104	Lc
80	105	Lp
80	106	Lp
80	107	Lp
80	108	Lp
80	109	Lp
80	110	Lp
80	111	Lp
80	112	L
80	113	Lp
80	114	-1
80	115	L
80	116	-1
80	117	L
80	118	Lp
80	119	L
81	0	L
81	1	L
81	2	L
81	3	-1
81	4	L
81	5	L
81	6	L
81	7	-1
81	8	-1
81	9	L
81	10	L
81	11	L
81	12	L
81	13	Lc
81	14	L
81	15	Lc
81	16	Lc
81	17	Lc
81	18	Lc
81	19	-1
81	20	U
81	21	Lc
81	22	-1
81	23	Lc
81	24	U
81	25	L
81	26	L
81	27	L
81	28	-1
81	29	-1
81	30	L
81	31	Lc
81	32	Lc
81	33	Lc
81	34	-1
81	35	Lc
81	36	Lc
81	37	L
81	38	L
81	39	-1
81	40	L
81	41	L
81	42	L
81	43	L
81	44	L
81	45	L
81	46	L
81	47	L
81	48	L
81	49	L
81	50	Lc
81	51	-1
81	52	Lc
81	53	Lc
81	54	Uc
81	55	L
81	56	L
81	57	L
81	58	Lc
81	59	Lc
81	60	Lc
81	61	L
81	62	Lc
81	63	Lc
81	64	Lc
81	65	Lc
81	66	Lc
81	67	Lc
81	68	Lc
81	69	Lc
81	70	Uc
81	71	Lc
81	72	Lc
81	73	Lc
81	74	Lc
81	75	Lc
81	76	-1
81	77	Lc
81	78	Lc
81	79	Lp
81	80	Lp
81	81	Lp
81	82	L
81	83	L
81	84	L
81	85	-1
81	86	L
81	87	-1
81	88	Lc
81	89	Lc
81	90	-1
81	91	-1
81	92	-1
81	93	-1
81	94	Lc
81	95	Lc
81	96	Lc
81	97	Lc
81	98	Lc
81	99	-1
81	100	-1
81	101	L
81	102	L
81	103	Lc
81	104	L
81	105	Lp
81	106	Lc
81	107	Lp
81	108	Lp
81	109	-1
81	110	Lp
81	111	Lp
81	112	Lp
81	113	L
81	114	Lp
81	115	-1
81	116	L
81	117	Lp
81	118	Lp
81	119	-1
82	0	L
82	1	-1
82	2	L
82	3	L
82	4	L
82	5	L
82	6	L
82	7	L
82	8	L
82	9	L
82	10	L
82	11	L
82	12	-1
82	13	Lc
82	14	Lc
82	15	Lc
82	16	L
82	17	Lc
82	18	L
82	19	Lc
82	20	Lc
82	21	-1
82	22	Lc
82	23	Uc
82	24	L
82	25	L
82	26	L
82	27	L
82	28	-1
82	29	L
82	30	L
82	31	-1
82	32	Lc
82	33	Lc
82	34	-1
82	35	Lc
82	36	Lc
82	37	Lc
82	38	L
82	39	L
82	40	-1
82	41	L
82	42	L
82	43	L
82	44	L
82	45	L
82	46	-1
82	47	L
82	48	-1
82	49	L
82	50	L
82	51	-1
82	52	-1
82	53	Lc
82	54	L
82	55	L
82	56	Lc
82	57	Lc
82	58	Lc
82	59	Lc
82	60	Lc
82	61	Lc
82	62	-1
82	63	Lc
82	64	Lc
82	65	Lc
82	66	Lc
82	67	Lc
82	68	Lc
82	69	Lc
82	70	Uc
82	71	L
82	72	Lc
82	73	Lc
82	74	Lc
82	75	Lc
82	76	Lc
82	77	Lc
82	78	Lc
82	79	Lp
82	80	Lp
82	81	Lp
82	82	L
82	83	L
82	84	L
82	85	L
82	86	L
82	87	L
82	88	Lc
82	89	Lc
82	90	-1
82	91	Lc
82	92	Lc
82	93	Lc
82	94	Lc
82	95	Lc
82	96	Lc
82	97	Lc
82	98	L
82	99	L
82	100	-1
82	101	L
82	102	L
82	103	Lc
82	104	Lp
82	105	Lp
82	106	Lc
82	107	Lc
82	108	Lc
82	109	Lp
82	110	Lp
82	111	Lp
82	112	-1
82	113	L
82	114	L
82	115	Lp
82	116	L
82	117	L
82	118	-1
82	119	L
83	0	L
83	1	L
83	2	L
83	3	L
83	4	-1
83	5	L
83	6	L
83	7	L
83	8	L
83	9	L
83	10	L
83	11	L
83	12	L
83	13	L
83	14	L
83	15	L
83	16	-1
83	17	Lc
83	18	Lc
83	19	-1
83	20	Uc
83	21	L
83	22	Uc
83	23	Lc
83	24	U
83	25	L
83	26	L
83	27	L
83	28	L
83	29	L
83	30	L
83	31	-1
83	32	Lc
83	33	-1
83	34	Lc
83	35	Lc
83	36	-1
83	37	L
83	38	L
83	39	L
83	40	L
83	41	L
83	42	L
83	43	L
83	44	L
83	45	Lc
83	46	L
83	47	Lc
83	48	L
83	49	Lc
83	50	Lc
83	51	Lc
83	52	Lc
83	53	Lc
83	54	L
83	55	-1
83	56	Lc
83	57	Lc
83	58	Lc
83	59	Lc
83	60	L
83	61	L
83	62	L
83	63	-1
83	64	Uc
83	65	-1
83	66	Uc
83	67	Lc
83	68	Lc
83	69	Lc
83	70	Lc
83	71	L
83	72	Lc
83	73	-1
83	74	Lc
83	75	L
83	76	L
83	77	L
83	78	-1
83	79	Lp
83	80	Lp
83	81	-1
83	82	-1
83	83	Lc
83	84	Lc
83	85	L
83	86	L
83	87	Lc
83	88	Lc
83	89	Lc
83	90	Lc
83	91	Lc
83	92	-1
83	93	Lc
83	94	Lc
83	95	-1
83	96	Lc
83	97	Lc
83	98	Lc
83	99	-1
83	100	L
83	101	L
83	102	Lc
83	103	L
83	104	Lc
83	105	Lc
83	106	Lc
83	107	Lc
83	108	Lc
83	109	Lp
83	110	Lp
83	111	Lp
83	112	U
83	113	L
83	114	Lp
83	115	L
83	116	L
83	117	L
83	118	L
83	119	L
84	0	U
84	1	L
84	2	L
84	3	-1
84	4	L
84	5	L
84	6	L
84	7	L
84	8	L
84	9	-1
84	10	Lc
84	11	L
84	12	L
84	13	-1
84	14	Lc
84	15	Lc
84	16	Lc
84	17	-1
84	18	L
84	19	-1
84	20	L
84	21	Uc
84	22	L
84	23	Lc
84	24	-1
84	25	U
84	26	-1
84	27	U
84	28	U
84	29	U
84	30	-1
84	31	-1
84	32	Lc
84	33	Lc
84	34	Lc
84	35	L
84	36	L
84	37	L
84	38	L
84	39	L
84	40	L
84	41	-1
84	42	L
84	43	L
84	44	L
84	45	L
84	46	Lc
84	47	Lc
84	48	Lc
84	49	Lc
84	50	Lc
84	51	Lc
84	52	Lc
84	53	L
84	54	L
84	55	L
84	56	Lc
84	57	Lc
84	58	Lc
84	59	L
84	60	L
84	61	L
84	62	L
84	63	Uc
84	64	Lc
84	65	Uc
84	66	Lc
84	67	Lc
84	68	Lc
84	69	L
84	70	Lc
84	71	L
84	72	-1
84	73	L
84	74	L
84	75	L
84	76	L
84	77	L
84	78	L
84	79	-1
84	80	Lp
84	81	Lc
84	82	Lc
84	83	Lc
84	84	Lc
84	85	Lc
84	86	-1
84	87	Lc
84	88	L
84	89	Lc
84	90	Lc
84	91	Lc
84	92	Lc
84	93	Lc
84	94	Lc
84	95	Lc
84	96	Lc
84	97	Lc
84	98	-1
84	99	Lc
84	100	L
84	101	L
84	102	L
84	103	Lc
84	104	L
84	105	Lc
84	106	Lc
84	107	Lc
84	108	Lc
84	109	Lc
84	110	Lp
84	111	L
84	112	U
84	113	U
84	114	-1
84	115	L
84	116	L
84	117	L
84	118	L
84	119	-1
85	0	L
85	1	L
85	2	L
85	3	-1
85	4	L
85	5	L
85	6	-1
85	7	Lc
85	8	L
85	9	L
85	10	L
85	11	-1
85	12	U
85	13	L
85	14	Lc
85	15	U
85	16	U
85	17	L
85	18	L
85	19	L
85	20	Uc
85	21	L
85	22	U
85	23	U
85	24	U
85	25	-1
85	26	L
85	27	U
85	28	U
85	29	U
85	30	Lc
85	31	-1
85	32	-1
85	33	Lc
85	34	Lc
85	35	Lc
85	36	L
85	37	L
85	38	L
85	39	L
85	40	U
85	41	-1
85	42	L
85	43	L
85	44	L
85	45	Lc
85	46	-1
85	47	Lc
85	48	-1
85	49	Lc
85	50	Lc
85	51	U
85	52	Lc
85	53	L
85	54	L
85	55	L
85	56	L
85	57	-1
85	58	Lc
85	59	Lc
85	60	L
85	61	L
85	62	L
85	63	L
85	64	Uc
85	65	Lc
85	66	Lc
85	67	-1
85	68	Lc
85	69	Lc
85	70	Lc
85	71	Lc
85	72	-1
85	73	L
85	74	L
85	75	L
85	76	L
85	77	L
85	78	Lp
85	79	Lc
85	80	Lp
85	81	L
85	82	L
85	83	Lc
85	84	Lc
85	85	Lc
85	86	-1
85	87	-1
85	88	L
85	89	L
85	90	L
85	91	L
85	92	Lc
85	93	-1
85	94	L
85	95	-1
85	96	Lc
85	97	Lc
85	98	Lc
85	99	-1
85	100	-1
85	101	-1
85	102	L
85	103	Lc
85	104	Lc
85	105	Lc
85	106	Lc
85	107	Lc
85	108	Lc
85	109	Lc
85	110	L
85	111	Lp
85	112	-1
85	113	U
85	114	L
85	115	L
85	116	Lc
85	117	L
85	118	L
85	119	-1
86	0	L
86	1	L
86	2	L
86	3	L
86	4	-1
86	5	-1
86	6	L
86	7	L
86	8	L
86	9	-1
86	10	L
86	11	L
86	12	L
86	13	L
86	14	L
86	15	Lc
86	16	L
86	17	U
86	18	L
86	19	Uc
86	20	L
86	21	L
86	22	L
86	23	U
86	24	-1
86	25	-1
86	26	L
86	27	U
86	28	L
86	29	L
86	30	L
86	31	L
86	32	Lc
86	33	L
86	34	Lc
86	35	Lc
86	36	L
86	37	Lc
86	38	L
86	39	U
86	40	-1
86	41	L
86	42	U
86	43	L
86	44	L
86	45	Lc
86	46	Lc
86	47	-1
86	48	Lc
86	49	Lc
86	50	Lc
86	51	Lc
86	52	U
86	53	L
86	54	L
86	55	L
86	56	L
86	57	L
86	58	L
86	59	L
86	60	L
86	61	L
86	62	Lc
86	63	-1
86	64	-1
86	65	Lc
86	66	Lc
86	67	Lc
86	68	Lc
86	69	Lc
86	70	Lc
86	71	Lc
86	72	L
86	73	L
86	74	L
86	75	L
86	76	L
86	77	L
86	78	Lc
86	79	Lp
86	80	Lp
86	81	-1
86	82	-1
86	83	-1
86	84	-1
86	85	L
86	86	-1
86	87	Lc
86	88	L
86	89	-1
86	90	L
86	91	L
86	92	-1
86	93	Lc
86	94	Lc
86	95	Lc
86	96	Lc
86	97	Lc
86	98	Lc
86	99	Lc
86	100	Lc
86	101	Lc
86	102	Lc
86	103	Lc
86	104	Lc
86	105	-1
86	106	-1
86	107	Lc
86	108	-1
86	109	Lc
86	110	L
86	111	Lp
86	112	Lp
86	113	Lp
86	114	L
86	115	L
86	116	Lc
86	117	Lc
86	118	L
86	119	L
87	0	-1
87	1	L
87	2	L
87	3	Lc
87	4	-1
87	5	L
87	6	Lc
87	7	Lc
87	8	L
87	9	L
87	10	-1
87	11	L
87	12	Lc
87	13	L
87	14	L
87	15	L
87	16	L
87	17	L
87	18	L
87	19	L
87	20	L
87	21	-1
87	22	L
87	23	U
87	24	U
87	25	L
87	26	U
87	27	L
87	28	Lc
87	29	L
87	30	L
87	31	L
87	32	L
87	33	L
87	34	Lc
87	35	Lc
87	36	L
87	37	Lc
87	38	Lc
87	39	U
87	40	U
87	41	L
87	42	L
87	43	L
87	44	-1
87	45	-1
87	46	Lc
87	47	-1
87	48	-1
87	49	Lc
87	50	Lc
87	51	L
87	52	L
87	53	Uc
87	54	-1
87	55	L
87	56	L
87	57	-1
87	58	-1
87	59	L
87	60	L
87	61	L
87	62	Lc
87	63	L
87	64	Lc
87	65	L
87	66	Lc
87	67	Lc
87	68	Lc
87	69	Lc
87	70	Lc
87	71	Lc
87	72	Lc
87	73	L
87	74	L
87	75	L
87	76	L
87	77	Lc
87	78	Lc
87	79	L
87	80	Uc
87	81	-1
87	82	L
87	83	Uc
87	84	L
87	85	L
87	86	Lc
87	87	-1
87	88	Lc
87	89	L
87	90	L
87	91	L
87	92	Lc
87	93	L
87	94	Lc
87	95	Lc
87	96	-1
87	97	L
87	98	Lc
87	99	Lc
87	100	L
87	101	Lc
87	102	Lc
87	103	Lc
87	104	-1
87	105	Lc
87	106	Lc
87	107	Lc
87	108	Lc
87	109	L
87	110	L
87	111	Lp
87	112	Lp
87	113	L
87	114	-1
87	115	L
87	116	Lc
87	117	Lc
87	118	Lc
87	119	-1
88	0	L
88	1	L
88	2	L
88	3	-1
88	4	Lc
88	5	Lc
88	6	Lc
88	7	L
88	8	L
88	9	L
88	10	Lc
88	11	Lc
88	12	-1
88	13	Lc
88	14	L
88	15	U
88	16	L
88	17	-1
88	18	-1
88	19	L
88	20	L
88	21	U
88	22	U
88	23	L
88	24	U
88	25	U
88	26	-1
88	27	Lc
88	28	L
88	29	Lc
88	30	-1
88	31	L
88	32	L
88	33	Lc
88	34	Lc
88	35	Lc
88	36	Lc
88	37	Lc
88	38	U
88	39	U
88	40	Lc
88	41	L
88	42	Lc
88	43	Lc
88	44	L
88	45	Lc
88	46	Lc
88	47	Lc
88	48	Lc
88	49	Lc
88	50	L
88	51	L
88	52	Lc
88	53	Lc
88	54	Uc
88	55	-1
88	56	L
88	57	L
88	58	L
88	59	L
88	60	-1
88	61	Lc
88	62	L
88	63	L
88	64	L
88	65	Lc
88	66	Lc
88	67	Lc
88	68	L
88	69	Lc
88	70	Lc
88	71	Lc
88	72	Lc
88	73	Lc
88	74	Lc
88	75	L
88	76	U
88	77	Lc
88	78	Lc
88	79	Uc
88	80	Uc
88	81	L
88	82	Uc
88	83	Lc
88	84	L
88	85	L
88	86	Lc
88	87	Lc
88	88	L
88	89	Lc
88	90	L
88	91	L
88	92	Uc
88	93	Lc
88	94	L
88	95	Lc
88	96	L
88	97	L
88	98	Lc
88	99	Lc
88	100	Lc
88	101	Lc
88	102	Lc
88	103	Lc
88	104	Lc
88	105	Lc
88	106	Lc
88	107	Lc
88	108	L
88	109	L
88	110	-1
88	111	L
88	112	Lc
88	113	L
88	114	L
88	115	L
88	116	L
88	117	Lc
88	118	L
88	119	L
89	0	L
89	1	-1
89	2	L
89	3	L
89	4	-1
89	5	Lc
89	6	L
89	7	L
89	8	L
89	9	Lc
89	10	-1
89	11	Lc
89	12	Uc
89	13	Lc
89	14	Uc
89	15	U
89	16	L
89	17	L
89	18	L
89	19	-1
89	20	L
89	21	L
89	22	L
89	23	-1
89	24	L
89	25	L
89	26	-1
89	27	-1
89	28	Lc
89	29	-1
89	30	Lc
89	31	Lc
89	32	Lc
89	33	L
89	34	L
89	35	Lc
89	36	Lc
89	37	Lc
89	38	L
89	39	L
89	40	L
89	41	Lc
89	42	Lc
89	43	Lc
89	44	Lc
89	45	Lc
89	46	Lc
89	47	-1
89	48	Lc
89	49	L
89	50	-1
89	51	Lc
89	52	Lc
89	53	U
89	54	-1
89	55	Lc
89	56	-1
89	57	Lc
89	58	-1
89	59	-1
89	60	L
89	61	Lc
89	62	-1
89	63	L
89	64	L
89	65	Lc
89	66	-1
89	67	L
89	68	L
89	69	L
89	70	L
89	71	Lc
89	72	Lc
89	73	Lc
89	74	-1
89	75	Lc
89	76	Lc
89	77	U
89	78	-1
89	79	Uc
89	80	Lc
89	81	Uc
89	82	-1
89	83	Lc
89	84	-1
89	85	Lc
89	86	Lc
89	87	-1
89	88	Lc
89	89	-1
89	90	-1
89	91	Lc
89	92	Lc
89	93	Uc
89	94	Lc
89	95	L
89	96	L
89	97	Uc
89	98	Uc
89	99	Lc
89	100	-1
89	101	Lc
89	102	Lc
89	103	Lc
89	104	Lc
89	105	Lc
89	106	Lc
89	107	-1
89	108	Uc
89	109	L
89	110	L
89	111	L
89	112	L
89	113	Lc
89	114	L
89	115	L
89	116	L
89	117	L
89	118	Lc
89	119	L
90	0	L
90	1	L
90	2	L
90	3	-1
90	4	Lc
90	5	Lc
90	6	L
90	7	Lc
90	8	Lc
90	9	Lc
90	10	-1
90	11	Lc
90	12	Uc
90	13	Uc
90	14	L
90	15	L
90	16	L
90	17	L
90	18	L
90	19	L
90	20	L
90	21	L
90	22	L
90	23	L
90	24	L
90	25	U
90	26	L
90	27	Lc
90	28	Lc
90	29	Lc
90	30	Lc
90	31	Lc
90	32	L
90	33	-1
90	34	-1
90	35	Lc
90	36	Lc
90	37	Lc
90	38	L
90	39	-1
90	40	Lc
90	41	Lc
90	42	-1
90	43	Lc
90	44	Lc
90	45	Lc
90	46	L
90	47	Lc
90	48	-1
90	49	Lc
90	50	Lc
90	51	Lc
90	52	Lc
90	53	-1
90	54	Lc
90	55	-1
90	56	L
90	57	Lc
90	58	Lc
90	59	Lc
90	60	L
90	61	L
90	62	Lc
90	63	Lc
90	64	L
90	65	-1
90	66	Lc
90	67	-1
90	68	L
90	69	-1
90	70	Uc
90	71	Lc
90	72	Uc
90	73	Uc
90	74	Uc
90	75	-1
90	76	Lc
90	77	Lc
90	78	Uc
90	79	L
90	80	Uc
90	81	Lc
90	82	Uc
90	83	Lc
90	84	Lc
90	85	Lc
90	86	Lc
90	87	Lc
90	88	Lc
90	89	Lc
90	90	Lc
90	91	Lc
90	92	Lc
90	93	Lc
90	94	Lc
90	95	Lc
90	96	Uc
90	97	Lc
90	98	Lc
90	99	Lc
90	100	L
90	101	Lc
90	102	Lc
90	103	Lc
90	104	Lc
90	105	Lc
90	106	Lc
90	107	Lc
90	108	Lc
90	109	Uc
90	110	-1
90	111	L
90	112	L
90	113	-1
90	114	L
90	115	L
90	116	L
90	117	L
90	118	L
90	119	-1
91	0	L
91	1	L
91	2	Lp
91	3	Lc
91	4	Lc
91	5	L
91	6	L
91	7	Lc
91	8	Lc
91	9	L
91	10	L
91	11	Lc
91	12	-1
91	13	-1
91	14	L
91	15	U
91	16	U
91	17	-1
91	18	L
91	19	L
91	20	L
91	21	L
91	22	L
91	23	L
91	24	L
91	25	L
91	26	Lc
91	27	Lc
91	28	Lc
91	29	Lc
91	30	Lc
91	31	Lc
91	32	Lc
91	33	-1
91	34	Lc
91	35	Lc
91	36	Lc
91	37	L
91	38	Lc
91	39	Lc
91	40	Lc
91	41	Uc
91	42	Uc
91	43	Lc
91	44	Lc
91	45	L
91	46	Lc
91	47	L
91	48	Lc
91	49	L
91	50	Lc
91	51	-1
91	52	Lc
91	53	Lc
91	54	Lc
91	55	L
91	56	L
91	57	L
91	58	-1
91	59	-1
91	60	L
91	61	L
91	62	L
91	63	L
91	64	L
91	65	L
91	66	-1
91	67	-1
91	68	L
91	69	Uc
91	70	-1
91	71	Lc
91	72	Uc
91	73	Uc
91	74	-1
91	75	Uc
91	76	Lc
91	77	Lc
91	78	-1
91	79	L
91	80	Lc
91	81	Uc
91	82	Lc
91	83	Lc
91	84	Lc
91	85	Lc
91	86	L
91	87	L
91	88	-1
91	89	L
91	90	L
91	91	-1
91	92	L
91	93	Lc
91	94	Lc
91	95	Lc
91	96	Lc
91	97	Lc
91	98	Lc
91	99	-1
91	100	Lc
91	101	-1
91	102	Lc
91	103	Lc
91	104	Lc
91	105	Lc
91	106	-1
91	107	Lc
91	108	-1
91	109	Lc
91	110	Uc
91	111	Lp
91	112	Lp
91	113	Lc
91	114	L
91	115	L
91	116	L
91	117	L
91	118	Lc
91	119	-1
92	0	Lc
92	1	Lc
92	2	Lc
92	3	Lp
92	4	Lc
92	5	L
92	6	L
92	7	Lc
92	8	Lc
92	9	Lc
92	10	Lc
92	11	Lc
92	12	Lc
92	13	Uc
92	14	Lc
92	15	-1
92	16	-1
92	17	L
92	18	L
92	19	L
92	20	L
92	21	L
92	22	-1
92	23	L
92	24	L
92	25	L
92	26	Lc
92	27	-1
92	28	Lc
92	29	Lc
92	30	Lc
92	31	Lc
92	32	Lc
92	33	Lc
92	34	Lc
92	35	Lc
92	36	Lc
92	37	Lc
92	38	Lc
92	39	-1
92	40	Lc
92	41	Lc
92	42	Uc
92	43	Lc
92	44	Lc
92	45	Lc
92	46	L
92	47	L
92	48	-1
92	49	Lc
92	50	L
92	51	L
92	52	L
92	53	L
92	54	L
92	55	L
92	56	L
92	57	L
92	58	L
92	59	L
92	60	Lc
92	61	-1
92	62	L
92	63	L
92	64	L
92	65	L
92	66	L
92	67	L
92	68	Uc
92	69	Uc
92	70	Uc
92	71	Lc
92	72	Lc
92	73	Lc
92	74	-1
92	75	Uc
92	76	Lc
92	77	Lc
92	78	Lc
92	79	L
92	80	L
92	81	Lc
92	82	L
92	83	Lc
92	84	Lc
92	85	-1
92	86	L
92	87	L
92	88	L
92	89	L
92	90	-1
92	91	Lc
92	92	Lc
92	93	L
92	94	Lc
92	95	L
92	96	Lc
92	97	Lc
92	98	Lc
92	99	L
92	100	Lc
92	101	Lc
92	102	Lc
92	103	Lc
92	104	Uc
92	105	Lc
92	106	Lc
92	107	-1
92	108	Lc
92	109	Lc
92	110	Uc
92	111	Uc
92	112	Lc
92	113	Lc
92	114	Lc
92	115	-1
92	116	Lc
92	117	Lc
92	118	Lc
92	119	L
93	0	-1
93	1	Lc
93	2	Lc
93	3	Lp
93	4	Uc
93	5	L
93	6	Lc
93	7	Lc
93	8	Lc
93	9	Lc
93	10	Lc
93	11	Lc
93	12	Lc
93	13	Lc
93	14	Lc
93	15	Lc
93	16	-1
93	17	-1
93	18	-1
93	19	L
93	20	-1
93	21	Lc
93	22	L
93	23	L
93	24	-1
93	25	L
93	26	Lc
93	27	L
93	28	Lc
93	29	Lc
93	30	Lc
93	31	Lc
93	32	Lc
93	33	Lc
93	34	-1
93	35	Lc
93	36	Lc
93	37	Lc
93	38	Lc
93	39	Lc
93	40	Lc
93	41	Lc
93	42	-1
93	43	Lc
93	44	-1
93	45	Lc
93	46	Lc
93	47	-1
93	48	L
93	49	Lc
93	50	L
93	51	-1
93	52	-1
93	53	Lc
93	54	Lc
93	55	L
93	56	Lc
93	57	L
93	58	L
93	59	L
93	60	L
93	61	U
93	62	L
93	63	L
93	64	L
93	65	L
93	66	-1
93	67	L
93	68	Lc
93	69	Uc
93	70	Lc
93	71	Lc
93	72	Uc
93	73	Uc
93	74	-1
93	75	Uc
93	76	Lc
93	77	Lc
93	78	Lc
93	79	L
93	80	L
93	81	L
93	82	L
93	83	L
93	84	-1
93	85	L
93	86	L
93	87	L
93	88	L
93	89	Uc
93	90	L
93	91	Lc
93	92	Lc
93	93	L
93	94	L
93	95	L
93	96	L
93	97	-1
93	98	Lc
93	99	Lc
93	100	Lc
93	101	Lc
93	102	-1
93	103	Lc
93	104	Lc
93	105	Lc
93	106	Lc
93	107	Lc
93	108	Lc
93	109	Lc
93	110	Uc
93	111	Lp
93	112	Lc
93	113	Lc
93	114	Lc
93	115	Lc
93	116	Lc
93	117	Lc
93	118	Lp
93	119	Lp
94	0	Lp
94	1	Lc
94	2	-1
94	3	Lp
94	4	Lp
94	5	L
94	6	-1
94	7	Lc
94	8	L
94	9	L
94	10	L
94	11	L
94	12	Lc
94	13	Lc
94	14	Lc
94	15	Lc
94	16	-1
94	17	L
94	18	L
94	19	L
94	20	L
94	21	L
94	22	L
94	23	-1
94	24	L
94	25	L
94	26	L
94	27	Lc
94	28	Lc
94	29	Lc
94	30	Lc
94	31	Lc
94	32	Lc
94	33	-1
94	34	Lc
94	35	Lc
94	36	-1
94	37	Lc
94	38	Lc
94	39	Lc
94	40	Lc
94	41	Lc
94	42	Lc
94	43	Lc
94	44	Lc
94	45	Lc
94	46	-1
94	47	Lc
94	48	L
94	49	L
94	50	Lc
94	51	Lc
94	52	-1
94	53	Lc
94	54	Lc
94	55	-1
94	56	L
94	57	-1
94	58	L
94	59	L
94	60	L
94	61	L
94	62	L
94	63	L
94	64	L
94	65	L
94	66	L
94	67	L
94	68	L
94	69	L
94	70	Uc
94	71	L
94	72	L
94	73	Uc
94	74	Uc
94	75	Lc
94	76	Uc
94	77	Lc
94	78	Lc
94	79	L
94	80	L
94	81	L
94	82	Lc
94	83	L
94	84	Lc
94	85	Lc
94	86	L
94	87	L
94	88	L
94	89	L
94	90	L
94	91	L
94	92	L
94	93	L
94	94	L
94	95	L
94	96	Lc
94	97	Lc
94	98	Lc
94	99	Lc
94	100	Lc
94	101	-1
94	102	Lc
94	103	Lc
94	104	Lc
94	105	Lc
94	106	Lc
94	107	Lc
94	108	Lc
94	109	Lc
94	110	Lc
94	111	Lc
94	112	Lc
94	113	Lc
94	114	Lc
94	115	Lc
94	116	Lc
94	117	Lc
94	118	Lc
94	119	Lp
95	0	Lc
95	1	Lp
95	2	Lp
95	3	Lp
95	4	Lc
95	5	Lp
95	6	L
95	7	Lc
95	8	-1
95	9	L
95	10	L
95	11	L
95	12	Uc
95	13	Lc
95	14	Lc
95	15	-1
95	16	Lc
95	17	Lc
95	18	-1
95	19	L
95	20	L
95	21	Lc
95	22	L
95	23	Lc
95	24	L
95	25	Lc
95	26	L
95	27	Lc
95	28	Lc
95	29	Lc
95	30	Lc
95	31	Lc
95	32	-1
95	33	Lc
95	34	Lc
95	35	Lc
95	36	-1
95	37	Lc
95	38	Lc
95	39	-1
95	40	Lc
95	41	Lc
95	42	Lc
95	43	Lc
95	44	Lc
95	45	Lc
95	46	L
95	47	Uc
95	48	-1
95	49	L
95	50	Lc
95	51	Lc
95	52	Lc
95	53	Lc
95	54	-1
95	55	Lc
95	56	Lc
95	57	L
95	58	L
95	59	L
95	60	L
95	61	U
95	62	L
95	63	L
95	64	L
95	65	-1
95	66	L
95	67	-1
95	68	Uc
95	69	L
95	70	Uc
95	71	Uc
95	72	L
95	73	Uc
95	74	L
95	75	Uc
95	76	-1
95	77	Lc
95	78	Uc
95	79	Lc
95	80	L
95	81	Lc
95	82	L
95	83	L
95	84	Lc
95	85	Lc
95	86	-1
95	87	L
95	88	L
95	89	-1
95	90	Lc
95	91	Lc
95	92	L
95	93	L
95	94	L
95	95	L
95	96	Lc
95	97	Lc
95	98	Lc
95	99	Lc
95	100	Lc
95	101	Lc
95	102	Lc
95	103	Lc
95	104	Lc
95	105	Lc
95	106	Lc
95	107	-1
95	108	-1
95	109	Lc
95	110	Lc
95	111	L
95	112	L
95	113	-1
95	114	Lc
95	115	Lc
95	116	Lc
95	117	-1
95	118	Lc
95	119	Lc
96	0	Lc
96	1	Lc
96	2	Lc
96	3	Lc
96	4	Lc
96	5	Lc
96	6	Lc
96	7	Lc
96	8	L
96	9	Lp
96	10	L
96	11	L
96	12	Uc
96	13	Uc
96	14	Lc
96	15	Lc
96	16	Lc
96	17	-1
96	18	-1
96	19	L
96	20	Lc
96	21	Lc
96	22	L
96	23	L
96	24	Lc
96	25	L
96	26	Lc
96	27	Lc
96	28	Lc
96	29	Lc
96	30	Lc
96	31	Lc
96	32	Uc
96	33	Lc
96	34	Lc
96	35	Lc
96	36	Lc
96	37	Lc
96	38	Lc
96	39	Lc
96	40	Lc
96	41	Lc
96	42	Lc
96	43	Lc
96	44	Lc
96	45	Lc
96	46	L
96	47	-1
96	48	Lc
96	49	Lc
96	50	Lc
96	51	-1
96	52	Lc
96	53	-1
96	54	-1
96	55	Lc
96	56	Lc
96	57	U
96	58	L
96	59	L
96	60	L
96	61	L
96	62	L
96	63	L
96	64	L
96	65	U
96	66	Uc
96	67	Uc
96	68	-1
96	69	-1
96	70	Lc
96	71	Uc
96	72	Uc
96	73	L
96	74	L
96	75	Uc
96	76	Uc
96	77	Lc
96	78	L
96	79	Uc
96	80	Uc
96	81	L
96	82	Lc
96	83	L
96	84	-1
96	85	L
96	86	Lc
96	87	L
96	88	L
96	89	L
96	90	Lc
96	91	Lc
96	92	L
96	93	L
96	94	L
96	95	-1
96	96	Lc
96	97	-1
96	98	Lc
96	99	Lc
96	100	Lc
96	101	Lc
96	102	Lc
96	103	Lc
96	104	Lc
96	105	Lc
96	106	Lc
96	107	Lc
96	108	Lc
96	109	Lc
96	110	-1
96	111	L
96	112	-1
96	113	Uc
96	114	-1
96	115	Lc
96	116	Lc
96	117	Lc
96	118	Lc
96	119	Lc
97	0	Lc
97	1	Lc
97	2	Lc
97	3	Lc
97	4	Lc
97	5	Lc
97	6	Lc
97	7	Lc
97	8	Lc
97	9	Lc
97	10	L
97	11	Lc
97	12	Uc
97	13	Lc
97	14	Lc
97	15	Lc
97	16	Lc
97	17	-1
97	18	L
97	19	Lc
97	20	Lc
97	21	Lc
97	22	L
97	23	L
97	24	L
97	25	Lc
97	26	Lc
97	27	-1
97	28	-1
97	29	Lc
97	30	-1
97	31	L
97	32	Lc
97	33	-1
97	34	Lc
97	35	Lc
97	36	Lc
97	37	Lc
97	38	Lc
97	39	-1
97	40	Lc
97	41	Lc
97	42	Lc
97	43	Lc
97	44	-1
97	45	Lc
97	46	L
97	47	Lc
97	48	Lc
97	49	Lc
97	50	Lc
97	51	Lc
97	52	Lc
97	53	Lc
97	54	Lc
97	55	Lc
97	56	Lc
97	57	L
97	58	L
97	59	L
97	60	U
97	61	U
97	62	L
97	63	L
97	64	L
97	65	-1
97	66	L
97	67	L
97	68	L
97	69	L
97	70	Lc
97	71	Uc
97	72	Uc
97	73	Uc
97	74	-1
97	75	-1
97	76	-1
97	77	Uc
97	78	-1
97	79	Uc
97	80	Uc
97	81	L
97	82	L
97	83	-1
97	84	Uc
97	85	-1
97	86	L
97	87	Lc
97	88	L
97	89	-1
97	90	Lc
97	91	-1
97	92	Lc
97	93	Lc
97	94	-1
97	95	L
97	96	Lc
97	97	Lc
97	98	Lc
97	99	Lc
97	100	Lc
97	101	Lc
97	102	-1
97	103	Lc
97	104	Lc
97	105	Lc
97	106	Lc
97	107	Lc
97	108	L
97	109	L
97	110	Lc
97	111	-1
97	112	L
97	113	U
97	114	U
97	115	Lc
97	116	L
97	117	L
97	118	Lc
97	119	-1
98	0	-1
98	1	Lc
98	2	Lc
98	3	Lc
98	4	Lc
98	5	Lc
98	6	-1
98	7	Lc
98	8	Lc
98	9	-1
98	10	L
98	11	L
98	12	Lc
98	13	L
98	14	Lc
98	15	Lc
98	16	Lc
98	17	Lc
98	18	Lc
98	19	Lc
98	20	Lc
98	21	Lc
98	22	Lc
98	23	-1
98	24	L
98	25	L
98	26	-1
98	27	Lc
98	28	-1
98	29	Lc
98	30	L
98	31	-1
98	32	L
98	33	-1
98	34	Lc
98	35	Lc
98	36	Lc
98	37	Lc
98	38	Lc
98	39	Lc
98	40	Lc
98	41	Lc
98	42	Lc
98	43	Lc
98	44	Lc
98	45	Lc
98	46	Lc
98	47	Lc
98	48	Lc
98	49	Lc
98	50	Lc
98	51	Lc
98	52	Lc
98	53	Lc
98	54	Lc
98	55	Lc
98	56	Lc
98	57	Lc
98	58	Lc
98	59	L
98	60	-1
98	61	U
98	62	U
98	63	U
98	64	L
98	65	L
98	66	L
98	67	L
98	68	L
98	69	L
98	70	L
98	71	L
98	72	-1
98	73	-1
98	74	Lc
98	75	-1
98	76	L
98	77	Uc
98	78	L
98	79	L
98	80	Uc
98	81	L
98	82	L
98	83	Uc
98	84	Uc
98	85	Uc
98	86	L
98	87	L
98	88	Lc
98	89	Lc
98	90	Lc
98	91	Lc
98	92	Lc
98	93	Lc
98	94	Lc
98	95	-1
98	96	Lc
98	97	-1
98	98	Lc
98	99	Lc
98	100	-1
98	101	Lc
98	102	Lc
98	103	Lc
98	104	Lc
98	105	Lc
98	106	Lc
98	107	Lc
98	108	L
98	109	L
98	110	Lc
98	111	L
98	112	L
98	113	U
98	114	U
98	115	-1
98	116	L
98	117	-1
98	118	Lc
98	119	Lc
99	0	Lc
99	1	Lc
99	2	Lc
99	3	Lc
99	4	Lc
99	5	Lc
99	6	-1
99	7	Lc
99	8	Lc
99	9	Lc
99	10	Lc
99	11	Lc
99	12	L
99	13	Lc
99	14	L
99	15	-1
99	16	L
99	17	Lc
99	18	Lc
99	19	L
99	20	Lc
99	21	Lc
99	22	Lc
99	23	L
99	24	Lc
99	25	Lc
99	26	-1
99	27	Lc
99	28	Lc
99	29	Lc
99	30	-1
99	31	Lc
99	32	Lc
99	33	Lc
99	34	-1
99	35	-1
99	36	Lc
99	37	Lc
99	38	Lc
99	39	L
99	40	L
99	41	L
99	42	-1
99	43	L
99	44	Lc
99	45	Lc
99	46	Lc
99	47	Lc
99	48	-1
99	49	Lc
99	50	Lc
99	51	Lc
99	52	Lc
99	53	Lc
99	54	Lc
99	55	Lc
99	56	Lc
99	57	Lc
99	58	Lc
99	59	Lc
99	60	-1
99	61	L
99	62	L
99	63	U
99	64	-1
99	65	L
99	66	L
99	67	L
99	68	Lc
99	69	L
99	70	L
99	71	-1
99	72	L
99	73	Lc
99	74	-1
99	75	Lc
99	76	-1
99	77	L
99	78	L
99	79	L
99	80	L
99	81	L
99	82	Uc
99	83	L
99	84	Uc
99	85	Uc
99	86	L
99	87	L
99	88	Lc
99	89	Lc
99	90	Lc
99	91	Lc
99	92	Lc
99	93	Lc
99	94	Lc
99	95	Lc
99	96	Lc
99	97	Lc
99	98	Lc
99	99	Lc
99	100	Lc
99	101	Lc
99	102	Lc
99	103	Lc
99	104	Lc
99	105	Lc
99	106	Lc
99	107	Lc
99	108	Lc
99	109	L
99	110	L
99	111	L
99	112	L
99	113	L
99	114	L
99	115	Lc
99	116	Lc
99	117	Lc
99	118	Lc
99	119	-1
100	0	Lc
100	1	Lc
100	2	Lc
100	3	Lc
100	4	Lc
100	5	Lc
100	6	Lc
100	7	-1
100	8	Lc
100	9	Lc
100	10	Lc
100	11	Lc
100	12	Lc
100	13	L
100	14	L
100	15	-1
100	16	L
100	17	L
100	18	Lc
100	19	Lc
100	20	Lc
100	21	Lc
100	22	Lc
100	23	Lc
100	24	Lc
100	25	Lc
100	26	-1
100	27	Lc
100	28	-1
100	29	Lc
100	30	Lc
100	31	-1
100	32	Lc
100	33	Lc
100	34	Lc
100	35	-1
100	36	Lc
100	37	Lc
100	38	Lc
100	39	L
100	40	L
100	41	-1
100	42	L
100	43	Lc
100	44	Lc
100	45	Lc
100	46	-1
100	47	Lc
100	48	-1
100	49	Lc
100	50	Lc
100	51	Lc
100	52	Lc
100	53	-1
100	54	Lc
100	55	-1
100	56	Lc
100	57	Lc
100	58	-1
100	59	Lc
100	60	Lc
100	61	Lc
100	62	Lc
100	63	L
100	64	L
100	65	-1
100	66	L
100	67	L
100	68	L
100	69	L
100	70	L
100	71	Lc
100	72	L
100	73	-1
100	74	-1
100	75	Lc
100	76	L
100	77	L
100	78	L
100	79	-1
100	80	L
100	81	Uc
100	82	Lc
100	83	Lc
100	84	Lc
100	85	Uc
100	86	L
100	87	Lc
100	88	Lc
100	89	Lc
100	90	Lc
100	91	-1
100	92	Lc
100	93	Lc
100	94	Lc
100	95	Lc
100	96	Lc
100	97	Uc
100	98	Lc
100	99	Lc
100	100	Lc
100	101	Lc
100	102	Uc
100	103	Lc
100	104	-1
100	105	Lc
100	106	Lc
100	107	Lc
100	108	L
100	109	L
100	110	L
100	111	L
100	112	L
100	113	L
100	114	-1
100	115	L
100	116	Lc
100	117	Lc
100	118	Lc
100	119	-1
101	0	L
101	1	Lc
101	2	L
101	3	Lc
101	4	Lc
101	5	-1
101	6	Lc
101	7	-1
101	8	Lc
101	9	Lc
101	10	Lc
101	11	Lc
101	12	Lc
101	13	L
101	14	Lc
101	15	Lc
101	16	L
101	17	Lc
101	18	-1
101	19	Lc
101	20	-1
101	21	Lc
101	22	Lc
101	23	Lc
101	24	Uc
101	25	Lc
101	26	Lc
101	27	-1
101	28	Lc
101	29	Lc
101	30	Lc
101	31	Lc
101	32	-1
101	33	Lc
101	34	-1
101	35	Lc
101	36	-1
101	37	Lc
101	38	L
101	39	L
101	40	Lc
101	41	Lc
101	42	U
101	43	U
101	44	Lc
101	45	Lc
101	46	-1
101	47	Lc
101	48	-1
101	49	-1
101	50	Lc
101	51	-1
101	52	Lc
101	53	Lc
101	54	Lc
101	55	Lc
101	56	Uc
101	57	-1
101	58	Lc
101	59	Lc
101	60	Lc
101	61	Lc
101	62	Lc
101	63	L
101	64	L
101	65	L
101	66	L
101	67	-1
101	68	L
101	69	Lc
101	70	Lc
101	71	Lc
101	72	-1
101	73	Lc
101	74	Lc
101	75	L
101	76	L
101	77	L
101	78	L
101	79	L
101	80	L
101	81	L
101	82	Lc
101	83	Lc
101	84	Lc
101	85	Lc
101	86	Lc
101	87	Lc
101	88	Lc
101	89	Lc
101	90	-1
101	91	Lc
101	92	Lc
101	93	Lc
101	94	Lc
101	95	Lc
101	96	Lc
101	97	Lc
101	98	-1
101	99	Lc
101	100	Lc
101	101	-1
101	102	Uc
101	103	Lc
101	104	Lc
101	105	Lc
101	106	Lc
101	107	Lc
101	108	-1
101	109	L
101	110	L
101	111	Lc
101	112	Lc
101	113	Lc
101	114	Lc
101	115	L
101	116	Lc
101	117	Lc
101	118	Lc
101	119	Lc
102	0	L
102	1	Uc
102	2	Uc
102	3	Lc
102	4	Lc
102	5	Lc
102	6	Lc
102	7	Lc
102	8	Lc
102	9	Lc
102	10	-1
102	11	Uc
102	12	-1
102	13	Lc
102	14	Lc
102	15	Lc
102	16	Lc
102	17	Lc
102	18	Lc
102	19	Lc
102	20	Lc
102	21	Lc
102	22	Lc
102	23	Lc
102	24	Uc
102	25	Lc
102	26	Lc
102	27	Lc
102	28	-1
102	29	-1
102	30	Lc
102	31	Lc
102	32	Lc
102	33	Lc
102	34	Lc
102	35	Lc
102	36	L
102	37	Lc
102	38	L
102	39	Lc
102	40	Lc
102	41	Lc
102	42	-1
102	43	Lc
102	44	Lc
102	45	Lc
102	46	Lc
102	47	-1
102	48	-1
102	49	L
102	50	Lc
102	51	Lc
102	52	Lc
102	53	Lc
102	54	-1
102	55	-1
102	56	Lc
102	57	Uc
102	58	-1
102	59	Lc
102	60	Lc
102	61	Lc
102	62	Lc
102	63	Lc
102	64	Lc
102	65	L
102	66	L
102	67	-1
102	68	Lc
102	69	L
102	70	L
102	71	-1
102	72	Lc
102	73	Lc
102	74	-1
102	75	-1
102	76	Lc
102	77	Lc
102	78	-1
102	79	-1
102	80	L
102	81	L
102	82	Lc
102	83	Lc
102	84	Lc
102	85	Lc
102	86	Lc
102	87	Lc
102	88	Lc
102	89	-1
102	90	Lc
102	91	-1
102	92	Lc
102	93	L
102	94	Lc
102	95	Lc
102	96	Lc
102	97	Lc
102	98	Lc
102	99	Lc
102	100	-1
102	101	Uc
102	102	Lc
102	103	Lc
102	104	Lc
102	105	Lc
102	106	-1
102	107	Lc
102	108	Lc
102	109	-1
102	110	-1
102	111	Lc
102	112	Lc
102	113	Lc
102	114	L
102	115	-1
102	116	Lc
102	117	Lc
102	118	Uc
102	119	Uc
103	0	Lc
103	1	L
103	2	Lc
103	3	Lc
103	4	Lc
103	5	-1
103	6	Lc
103	7	-1
103	8	Lc
103	9	Lc
103	10	Lc
103	11	Lc
103	12	Uc
103	13	-1
103	14	Lc
103	15	Lc
103	16	Lc
103	17	Lc
103	18	Lc
103	19	Lc
103	20	-1
103	21	Lc
103	22	Lc
103	23	-1
103	24	Lc
103	25	L
103	26	Lc
103	27	Lc
103	28	-1
103	29	Lc
103	30	-1
103	31	Lc
103	32	Lc
103	33	Lc
103	34	-1
103	35	Lc
103	36	Lc
103	37	-1
103	38	L
103	39	Lc
103	40	L
103	41	L
103	42	U
103	43	Lc
103	44	Lc
103	45	-1
103	46	-1
103	47	L
103	48	L
103	49	L
103	50	L
103	51	Lc
103	52	Lc
103	53	Lc
103	54	Lc
103	55	Lc
103	56	Lc
103	57	Uc
103	58	Lc
103	59	Lc
103	60	-1
103	61	Lc
103	62	Lc
103	63	Lc
103	64	Lc
103	65	L
103	66	Lc
103	67	L
103	68	-1
103	69	L
103	70	L
103	71	-1
103	72	Lc
103	73	Lc
103	74	Lc
103	75	Lc
103	76	Lc
103	77	U
103	78	Lc
103	79	L
103	80	Lc
103	81	Lc
103	82	Lc
103	83	Lc
103	84	Lc
103	85	-1
103	86	Lc
103	87	Lc
103	88	Lc
103	89	Lc
103	90	Lc
103	91	L
103	92	L
103	93	L
103	94	Lc
103	95	-1
103	96	Lc
103	97	Lc
103	98	Lc
103	99	Lc
103	100	Lc
103	101	Lc
103	102	Lc
103	103	Lc
103	104	Lc
103	105	Lc
103	106	Lc
103	107	Lc
103	108	Lc
103	109	-1
103	110	Lc
103	111	-1
103	112	Lc
103	113	Lc
103	114	Lc
103	115	Lc
103	116	-1
103	117	-1
103	118	L
103	119	Lc
104	0	Lc
104	1	Lc
104	2	Lc
104	3	Lc
104	4	Lc
104	5	Lc
104	6	Lc
104	7	Lc
104	8	Lc
104	9	Lc
104	10	Lc
104	11	Lc
104	12	Lc
104	13	Lc
104	14	Lc
104	15	Lc
104	16	Lc
104	17	Lc
104	18	-1
104	19	-1
104	20	Lc
104	21	Uc
104	22	Lc
104	23	Uc
104	24	Lc
104	25	Lc
104	26	-1
104	27	-1
104	28	Lc
104	29	Lc
104	30	Lc
104	31	Lc
104	32	Lc
104	33	Lc
104	34	Lc
104	35	Lc
104	36	-1
104	37	Lc
104	38	L
104	39	L
104	40	L
104	41	L
104	42	L
104	43	Lc
104	44	-1
104	45	L
104	46	L
104	47	L
104	48	L
104	49	L
104	50	L
104	51	Lc
104	52	Lc
104	53	Lc
104	54	Lc
104	55	Lc
104	56	Lc
104	57	Lc
104	58	Lc
104	59	Lc
104	60	Lc
104	61	Lc
104	62	Lc
104	63	Lc
104	64	Lc
104	65	Lc
104	66	Lc
104	67	Lc
104	68	Lc
104	69	L
104	70	Lc
104	71	Lc
104	72	Lc
104	73	Lc
104	74	Lc
104	75	Lc
104	76	Lc
104	77	-1
104	78	Lc
104	79	-1
104	80	Lc
104	81	Lc
104	82	Lc
104	83	Lc
104	84	Lc
104	85	-1
104	86	Lc
104	87	Lc
104	88	Lc
104	89	Lc
104	90	Lc
104	91	-1
104	92	L
104	93	L
104	94	Lc
104	95	-1
104	96	-1
104	97	-1
104	98	Lc
104	99	Lc
104	100	Lc
104	101	Lc
104	102	Lc
104	103	Lc
104	104	Uc
104	105	Lc
104	106	Lc
104	107	Lc
104	108	Lc
104	109	Lc
104	110	Lc
104	111	-1
104	112	Lc
104	113	Lc
104	114	Lc
104	115	-1
104	116	-1
104	117	L
104	118	-1
104	119	Lc
105	0	Lc
105	1	Lc
105	2	Lc
105	3	-1
105	4	Lc
105	5	Lc
105	6	Lc
105	7	Lc
105	8	Lc
105	9	Lc
105	10	Lc
105	11	-1
105	12	Lc
105	13	Lc
105	14	Lc
105	15	Lc
105	16	Lc
105	17	Lc
105	18	Lc
105	19	-1
105	20	-1
105	21	Lc
105	22	Lc
105	23	-1
105	24	Lc
105	25	Lc
105	26	Lc
105	27	Lc
105	28	Lc
105	29	Lc
105	30	Lc
105	31	Lc
105	32	Lc
105	33	Lc
105	34	Lc
105	35	Lc
105	36	Lc
105	37	Lc
105	38	L
105	39	L
105	40	L
105	41	-1
105	42	-1
105	43	-1
105	44	-1
105	45	L
105	46	L
105	47	L
105	48	L
105	49	L
105	50	L
105	51	Lc
105	52	-1
105	53	L
105	54	Lc
105	55	Lc
105	56	L
105	57	Lc
105	58	Lc
105	59	Lc
105	60	Lc
105	61	Lc
105	62	Lc
105	63	Lc
105	64	Lc
105	65	Lc
105	66	Lc
105	67	Lc
105	68	L
105	69	Lc
105	70	-1
105	71	Lc
105	72	Lc
105	73	Lc
105	74	Lc
105	75	Lc
105	76	Lc
105	77	Lc
105	78	Lc
105	79	-1
105	80	-1
105	81	Lc
105	82	-1
105	83	Lc
105	84	Lc
105	85	Lc
105	86	Lc
105	87	-1
105	88	Lc
105	89	Lc
105	90	Lc
105	91	Uc
105	92	L
105	93	Lc
105	94	Lc
105	95	Lc
105	96	Lc
105	97	Lc
105	98	Lc
105	99	Lc
105	100	Lc
105	101	Lc
105	102	Lc
105	103	-1
105	104	L
105	105	Uc
105	106	Lc
105	107	L
105	108	Lc
105	109	Lc
105	110	Lc
105	111	Lc
105	112	Lc
105	113	Lc
105	114	U
105	115	Lc
105	116	Lc
105	117	Lc
105	118	-1
105	119	Lc
106	0	Lc
106	1	Lc
106	2	Uc
106	3	Lc
106	4	-1
106	5	Lc
106	6	Lc
106	7	Uc
106	8	Lc
106	9	Lc
106	10	Uc
106	11	Lc
106	12	Lc
106	13	Lc
106	14	Lc
106	15	Lc
106	16	Lc
106	17	Lc
106	18	Lc
106	19	Lc
106	20	Lc
106	21	Lc
106	22	Lc
106	23	-1
106	24	Lc
106	25	Lc
106	26	Lc
106	27	Lc
106	28	Lc
106	29	Lc
106	30	-1
106	31	Lc
106	32	Lc
106	33	Lc
106	34	Lc
106	35	Lc
106	36	Lc
106	37	L
106	38	Lc
106	39	Lc
106	40	Lc
106	41	L
106	42	Lc
106	43	-1
106	44	L
106	45	Lc
106	46	-1
106	47	L
106	48	L
106	49	L
106	50	L
106	51	L
106	52	L
106	53	L
106	54	L
106	55	L
106	56	L
106	57	Lc
106	58	Uc
106	59	Uc
106	60	Lc
106	61	Lc
106	62	Lc
106	63	Uc
106	64	-1
106	65	Lc
106	66	-1
106	67	-1
106	68	Lc
106	69	-1
106	70	Lc
106	71	Lc
106	72	-1
106	73	-1
106	74	Lc
106	75	Lc
106	76	-1
106	77	Lc
106	78	Lc
106	79	Lc
106	80	Lc
106	81	Lc
106	82	Lc
106	83	-1
106	84	Lc
106	85	Lc
106	86	Lc
106	87	Lc
106	88	-1
106	89	Lc
106	90	Lc
106	91	Lc
106	92	-1
106	93	-1
106	94	Lc
106	95	-1
106	96	Lc
106	97	Lc
106	98	Lc
106	99	Lc
106	100	-1
106	101	Uc
106	102	Lc
106	103	L
106	104	Lc
106	105	Lc
106	106	L
106	107	Lc
106	108	Lc
106	109	Lc
106	110	Lc
106	111	Lc
106	112	Lc
106	113	Lc
106	114	Lc
106	115	U
106	116	Lc
106	117	Lc
106	118	Lc
106	119	Lc
107	0	-1
107	1	-1
107	2	-1
107	3	-1
107	4	Lc
107	5	Uc
107	6	-1
107	7	Lc
107	8	Lc
107	9	Lc
107	10	Lc
107	11	Lc
107	12	Lc
107	13	Lc
107	14	Lc
107	15	Lc
107	16	Lc
107	17	Lc
107	18	Uc
107	19	-1
107	20	Lc
107	21	Lc
107	22	Lc
107	23	Lc
107	24	Lc
107	25	Lc
107	26	Lc
107	27	Lc
107	28	-1
107	29	Lc
107	30	Lc
107	31	Lc
107	32	Lc
107	33	Lc
107	34	Lc
107	35	Lc
107	36	Lc
107	37	-1
107	38	Lc
107	39	Lc
107	40	Lc
107	41	Lc
107	42	Lc
107	43	Lc
107	44	Lc
107	45	-1
107	46	L
107	47	L
107	48	L
107	49	L
107	50	L
107	51	L
107	52	L
107	53	L
107	54	L
107	55	Lc
107	56	L
107	57	-1
107	58	Uc
107	59	Lc
107	60	Lc
107	61	Uc
107	62	Lc
107	63	Uc
107	64	Uc
107	65	-1
107	66	-1
107	67	Lc
107	68	Lc
107	69	Lc
107	70	U
107	71	Lc
107	72	-1
107	73	Lc
107	74	Lc
107	75	Lc
107	76	Lc
107	77	Lc
107	78	-1
107	79	Lc
107	80	Lc
107	81	L
107	82	Lc
107	83	Lc
107	84	Lc
107	85	Lc
107	86	-1
107	87	-1
107	88	Lc
107	89	Lc
107	90	-1
107	91	Lc
107	92	L
107	93	L
107	94	Lc
107	95	Lc
107	96	Lc
107	97	Lc
107	98	Lc
107	99	Lc
107	100	Lc
107	101	Lc
107	102	L
107	103	L
107	104	L
107	105	-1
107	106	Lc
107	107	L
107	108	L
107	109	-1
107	110	L
107	111	-1
107	112	Lc
107	113	Lc
107	114	Lc
107	115	Lc
107	116	Lc
107	117	Lc
107	118	-1
107	119	Lc
108	0	Lc
108	1	Lc
108	2	Lc
108	3	Lc
108	4	Uc
108	5	Lc
108	6	Uc
108	7	Lc
108	8	-1
108	9	Lc
108	10	Lc
108	11	Lc
108	12	Lc
108	13	Lc
108	14	-1
108	15	Uc
108	16	Lc
108	17	-1
108	18	Lc
108	19	Lc
108	20	Lc
108	21	Lc
108	22	Lc
108	23	-1
108	24	Lc
108	25	Lc
108	26	Lc
108	27	Lc
108	28	Lc
108	29	Lc
108	30	Lc
108	31	Lc
108	32	Lc
108	33	Lc
108	34	Lc
108	35	-1
108	36	-1
108	37	Lc
108	38	Lc
108	39	Lc
108	40	Lc
108	41	Lc
108	42	Lc
108	43	Lc
108	44	-1
108	45	L
108	46	L
108	47	L
108	48	Lc
108	49	L
108	50	L
108	51	L
108	52	L
108	53	L
108	54	-1
108	55	Lc
108	56	Lc
108	57	L
108	58	Lc
108	59	Uc
108	60	Lc
108	61	Lc
108	62	-1
108	63	Uc
108	64	Lc
108	65	-1
108	66	Uc
108	67	Lc
108	68	-1
108	69	Lc
108	70	Lc
108	71	Lc
108	72	Lc
108	73	Lc
108	74	Lc
108	75	Lc
108	76	Lc
108	77	Lc
108	78	Lc
108	79	Lc
108	80	-1
108	81	L
108	82	L
108	83	Lc
108	84	-1
108	85	Lc
108	86	Lc
108	87	Lc
108	88	Lc
108	89	Lc
108	90	Lc
108	91	Lc
108	92	-1
108	93	L
108	94	Lc
108	95	Lc
108	96	Lc
108	97	Lc
108	98	Lc
108	99	Lc
108	100	Lc
108	101	-1
108	102	L
108	103	-1
108	104	L
108	105	Lc
108	106	U
108	107	-1
108	108	L
108	109	L
108	110	L
108	111	Lc
108	112	Lc
108	113	Lc
108	114	Lc
108	115	Lc
108	116	Lc
108	117	-1
108	118	Lc
108	119	Lc
109	0	Lc
109	1	Lc
109	2	Lc
109	3	Lc
109	4	Lc
109	5	Uc
109	6	Uc
109	7	-1
109	8	Uc
109	9	Lc
109	10	Lc
109	11	Lc
109	12	Lc
109	13	Uc
109	14	Uc
109	15	Uc
109	16	Uc
109	17	-1
109	18	Lc
109	19	-1
109	20	Lc
109	21	Lc
109	22	Lc
109	23	Lc
109	24	Lc
109	25	Lc
109	26	Lc
109	27	Lc
109	28	-1
109	29	Lc
109	30	Lc
109	31	Lc
109	32	Lc
109	33	Lc
109	34	Lc
109	35	Lc
109	36	Lc
109	37	Lc
109	38	Lc
109	39	Lc
109	40	Uc
109	41	Lc
109	42	Lc
109	43	Lc
109	44	L
109	45	Lc
109	46	L
109	47	L
109	48	L
109	49	L
109	50	L
109	51	L
109	52	L
109	53	L
109	54	Lc
109	55	Lc
109	56	Lc
109	57	Uc
109	58	Uc
109	59	Uc
109	60	Uc
109	61	Lc
109	62	Lc
109	63	Lc
109	64	Lc
109	65	Lc
109	66	Lc
109	67	Uc
109	68	Lc
109	69	Lc
109	70	Lc
109	71	-1
109	72	-1
109	73	Lc
109	74	Lc
109	75	Lc
109	76	Lc
109	77	Lc
109	78	Lc
109	79	Lc
109	80	Lc
109	81	L
109	82	Lc
109	83	Lc
109	84	Lc
109	85	Lc
109	86	Lc
109	87	Lc
109	88	Lc
109	89	Lc
109	90	L
109	91	L
109	92	-1
109	93	L
109	94	Lc
109	95	-1
109	96	Lc
109	97	Lc
109	98	L
109	99	Lc
109	100	-1
109	101	Lc
109	102	Lc
109	103	Lc
109	104	L
109	105	L
109	106	-1
109	107	U
109	108	U
109	109	U
109	110	Lc
109	111	Lc
109	112	-1
109	113	Lc
109	114	Lc
109	115	-1
109	116	Lc
109	117	Lc
109	118	Lc
109	119	Lc
110	0	Lc
110	1	Lc
110	2	Lc
110	3	Lc
110	4	Lc
110	5	Uc
110	6	Uc
110	7	-1
110	8	Uc
110	9	Uc
110	10	Lc
110	11	Lc
110	12	Lc
110	13	Lc
110	14	-1
110	15	Lc
110	16	Lc
110	17	-1
110	18	Lc
110	19	Lc
110	20	Lc
110	21	Lc
110	22	Lc
110	23	Lc
110	24	Lc
110	25	Lc
110	26	Lc
110	27	Lc
110	28	-1
110	29	Lc
110	30	Lc
110	31	Lc
110	32	Lc
110	33	Lc
110	34	-1
110	35	Lc
110	36	Lc
110	37	Uc
110	38	Uc
110	39	Uc
110	40	-1
110	41	Lc
110	42	Lc
110	43	Lc
110	44	Lc
110	45	-1
110	46	L
110	47	Lc
110	48	L
110	49	Lc
110	50	L
110	51	L
110	52	L
110	53	Lc
110	54	Lc
110	55	-1
110	56	Lc
110	57	Lc
110	58	Lc
110	59	Lc
110	60	Uc
110	61	Uc
110	62	Lc
110	63	Lc
110	64	Lc
110	65	Lc
110	66	Lc
110	67	Lc
110	68	Lc
110	69	-1
110	70	Lc
110	71	Lc
110	72	Lc
110	73	-1
110	74	Lc
110	75	Lc
110	76	Lc
110	77	Lc
110	78	Lc
110	79	-1
110	80	Lc
110	81	L
110	82	-1
110	83	Lc
110	84	Lc
110	85	-1
110	86	-1
110	87	Lc
110	88	Lcp
110	89	Lc
110	90	Lc
110	91	L
110	92	L
110	93	L
110	94	-1
110	95	Lc
110	96	Lc
110	97	L
110	98	L
110	99	L
110	100	-1
110	101	L
110	102	-1
110	103	Lc
110	104	Lc
110	105	L
110	106	-1
110	107	Lc
110	108	L
110	109	-1
110	110	L
110	111	U
110	112	-1
110	113	Lc
110	114	Lc
110	115	-1
110	116	Lc
110	117	Lc
110	118	Lc
110	119	Lc
111	0	Lc
111	1	Lc
111	2	Lc
111	3	Lc
111	4	Lc
111	5	Lc
111	6	Uc
111	7	Lc
111	8	Uc
111	9	Lc
111	10	-1
111	11	Lc
111	12	Lc
111	13	Lc
111	14	Lc
111	15	Lc
111	16	Lc
111	17	Lc
111	18	Lc
111	19	Lc
111	20	Lc
111	21	Lc
111	22	Lc
111	23	Lc
111	24	-1
111	25	Lc
111	26	Lc
111	27	Lc
111	28	Lc
111	29	Lc
111	30	Lc
111	31	Lc
111	32	Lc
111	33	Lc
111	34	Lc
111	35	Lc
111	36	Lc
111	37	Lc
111	38	Lc
111	39	Uc
111	40	Lc
111	41	-1
111	42	Lc
111	43	Lc
111	44	L
111	45	Lc
111	46	Lc
111	47	Lc
111	48	Lc
111	49	Lc
111	50	L
111	51	-1
111	52	-1
111	53	Lc
111	54	Lc
111	55	-1
111	56	L
111	57	Lc
111	58	Lc
111	59	Lc
111	60	L
111	61	Lc
111	62	Uc
111	63	Lc
111	64	Lc
111	65	Lc
111	66	Lc
111	67	-1
111	68	Lc
111	69	Lc
111	70	Lc
111	71	Lc
111	72	Lc
111	73	Lc
111	74	Lc
111	75	Lc
111	76	Lc
111	77	Lc
111	78	Lc
111	79	Lc
111	80	Lc
111	81	Lc
111	82	Lc
111	83	Lc
111	84	Lc
111	85	Lcp
111	86	-1
111	87	Lcp
111	88	Lc
111	89	L
111	90	L
111	91	L
111	92	L
111	93	-1
111	94	-1
111	95	-1
111	96	Lc
111	97	-1
111	98	-1
111	99	-1
111	100	L
111	101	Lc
111	102	Lc
111	103	Lc
111	104	Lc
111	105	-1
111	106	-1
111	107	L
111	108	L
111	109	-1
111	110	Lc
111	111	-1
111	112	-1
111	113	Lc
111	114	Lc
111	115	-1
111	116	Lc
111	117	Lc
111	118	Lc
111	119	-1
112	0	Lc
112	1	Lc
112	2	-1
112	3	Lc
112	4	Lc
112	5	Lc
112	6	Lc
112	7	Lc
112	8	Lc
112	9	-1
112	10	Lc
112	11	Lc
112	12	Lc
112	13	Lc
112	14	Lc
112	15	-1
112	16	-1
112	17	Lc
112	18	Lc
112	19	Lc
112	20	Lc
112	21	Lc
112	22	Lc
112	23	-1
112	24	Lc
112	25	Lc
112	26	Lc
112	27	Lc
112	28	Lc
112	29	Lc
112	30	Lc
112	31	Lc
112	32	-1
112	33	-1
112	34	Lc
112	35	Lc
112	36	Lc
112	37	Lc
112	38	Uc
112	39	-1
112	40	Lc
112	41	Lc
112	42	Lc
112	43	Lc
112	44	Lc
112	45	L
112	46	L
112	47	L
112	48	Lc
112	49	Lc
112	50	Lc
112	51	Lc
112	52	Lc
112	53	L
112	54	Lc
112	55	Lc
112	56	L
112	57	L
112	58	L
112	59	L
112	60	L
112	61	Uc
112	62	L
112	63	-1
112	64	Lc
112	65	Lc
112	66	Lc
112	67	Lc
112	68	-1
112	69	Lc
112	70	Lc
112	71	Lc
112	72	Lc
112	73	Lc
112	74	Lc
112	75	Lc
112	76	Lc
112	77	Lc
112	78	Lc
112	79	-1
112	80	Lc
112	81	Lc
112	82	Lc
112	83	Lc
112	84	-1
112	85	Lc
112	86	Lcp
112	87	Lc
112	88	L
112	89	Lc
112	90	L
112	91	-1
112	92	L
112	93	Lc
112	94	-1
112	95	Lc
112	96	-1
112	97	L
112	98	L
112	99	-1
112	100	L
112	101	L
112	102	Lc
112	103	Lc
112	104	Lc
112	105	Lc
112	106	Lc
112	107	Lc
112	108	Lc
112	109	U
112	110	Lc
112	111	Lc
112	112	-1
112	113	L
112	114	Lc
112	115	L
112	116	Lc
112	117	Lc
112	118	Lc
112	119	Lc
113	0	-1
113	1	Lc
113	2	-1
113	3	Lc
113	4	Lc
113	5	Lc
113	6	Lc
113	7	Lc
113	8	Lc
113	9	-1
113	10	Lc
113	11	Lc
113	12	Lc
113	13	Lc
113	14	Lc
113	15	Lc
113	16	-1
113	17	Lc
113	18	-1
113	19	-1
113	20	Lc
113	21	Lc
113	22	Lc
113	23	Lc
113	24	Lc
113	25	Lc
113	26	Lc
113	27	Lc
113	28	Lc
113	29	Lc
113	30	Lc
113	31	Lc
113	32	Lc
113	33	Lc
113	34	Lc
113	35	Lc
113	36	Lc
113	37	Lc
113	38	-1
113	39	Lc
113	40	Lc
113	41	Lc
113	42	Lc
113	43	Lc
113	44	Lc
113	45	L
113	46	Lc
113	47	-1
113	48	Lc
113	49	Lc
113	50	Lc
113	51	L
113	52	Lc
113	53	Lc
113	54	Lc
113	55	Lc
113	56	Lc
113	57	L
113	58	-1
113	59	L
113	60	Uc
113	61	L
113	62	Lc
113	63	Lc
113	64	Lc
113	65	Lc
113	66	Lc
113	67	Lc
113	68	Lc
113	69	Lc
113	70	Lc
113	71	Lc
113	72	-1
113	73	Lc
113	74	Lc
113	75	Lc
113	76	Lc
113	77	-1
113	78	Lc
113	79	-1
113	80	Lc
113	81	Lc
113	82	Lc
113	83	Lc
113	84	Lc
113	85	Lc
113	86	Lcp
113	87	Lcp
113	88	Lcp
113	89	L
113	90	L
113	91	Lc
113	92	Lc
113	93	L
113	94	L
113	95	Lc
113	96	L
113	97	Lc
113	98	-1
113	99	L
113	100	L
113	101	-1
113	102	Lc
113	103	-1
113	104	-1
113	105	-1
113	106	Lc
113	107	Lc
113	108	Lc
113	109	Lc
113	110	Lc
113	111	Lc
113	112	-1
113	113	Lc
113	114	L
113	115	L
113	116	-1
113	117	Lc
113	118	Lc
113	119	Lc
114	0	Lc
114	1	Lc
114	2	Lc
114	3	Lc
114	4	Lc
114	5	Lc
114	6	Lc
114	7	Lc
114	8	Lc
114	9	Lc
114	10	-1
114	11	Lc
114	12	Lc
114	13	Lc
114	14	Lc
114	15	Lc
114	16	Lc
114	17	Lc
114	18	Lc
114	19	Lc
114	20	-1
114	21	Lc
114	22	Lc
114	23	Lc
114	24	Lc
114	25	Lc
114	26	Lc
114	27	Lc
114	28	Lc
114	29	Lc
114	30	Lc
114	31	Lc
114	32	Lc
114	33	Lc
114	34	Lc
114	35	Lc
114	36	Lc
114	37	-1
114	38	Lc
114	39	Lc
114	40	-1
114	41	Lc
114	42	Lc
114	43	Lc
114	44	Lc
114	45	Lc
114	46	-1
114	47	Lc
114	48	L
114	49	-1
114	50	L
114	51	L
114	52	L
114	53	Lc
114	54	Lc
114	55	Uc
114	56	Uc
114	57	Uc
114	58	Uc
114	59	L
114	60	Lc
114	61	Lc
114	62	-1
114	63	-1
114	64	Lc
114	65	Lc
114	66	Lc
114	67	Lc
114	68	Lc
114	69	Lc
114	70	Lc
114	71	Lc
114	72	Lc
114	73	-1
114	74	-1
114	75	Lc
114	76	Lc
114	77	Lc
114	78	Lc
114	79	Lc
114	80	Lc
114	81	Lc
114	82	-1
114	83	Lc
114	84	Lc
114	85	Lc
114	86	-1
114	87	Lc
114	88	Lc
114	89	Lc
114	90	Lc
114	91	Lc
114	92	L
114	93	L
114	94	Lc
114	95	Lc
114	96	Lc
114	97	Lc
114	98	L
114	99	L
114	100	Lc
114	101	Lc
114	102	L
114	103	Lc
114	104	Lc
114	105	Lc
114	106	Lc
114	107	Lc
114	108	Lc
114	109	Lc
114	110	Lc
114	111	-1
114	112	Lc
114	113	Lc
114	114	L
114	115	L
114	116	L
114	117	Lc
114	118	Lc
114	119	Lc
115	0	Lc
115	1	Lc
115	2	Lc
115	3	Lc
115	4	-1
115	5	Lc
115	6	Lc
115	7	Lc
115	8	Lc
115	9	Lc
115	10	Lc
115	11	Lc
115	12	Lc
115	13	Lc
115	14	Lc
115	15	Lc
115	16	Lc
115	17	Uc
115	18	Lc
115	19	Lc
115	20	Lc
115	21	Lc
115	22	Lc
115	23	Lc
115	24	Lc
115	25	Lc
115	26	-1
115	27	Lc
115	28	Lc
115	29	Lc
115	30	Lc
115	31	Lc
115	32	Lc
115	33	-1
115	34	Lc
115	35	Lc
115	36	Lc
115	37	Lc
115	38	Lc
115	39	Lc
115	40	Lc
115	41	Lc
115	42	Lc
115	43	Lc
115	44	Lc
115	45	Lc
115	46	Lc
115	47	Lc
115	48	L
115	49	Lc
115	50	-1
115	51	L
115	52	Lc
115	53	Lc
115	54	Lc
115	55	Lc
115	56	Lc
115	57	-1
115	58	Lc
115	59	Lc
115	60	-1
115	61	Lc
115	62	Lc
115	63	Lc
115	64	-1
115	65	Lc
115	66	-1
115	67	Lc
115	68	Lc
115	69	Lc
115	70	Lc
115	71	Lc
115	72	Lc
115	73	Lc
115	74	-1
115	75	Lc
115	76	-1
115	77	Lc
115	78	Lc
115	79	Lc
115	80	Lc
115	81	Lp
115	82	Lc
115	83	Lc
115	84	Lc
115	85	-1
115	86	Lc
115	87	-1
115	88	Lc
115	89	Lc
115	90	Lc
115	91	Lc
115	92	L
115	93	Lc
115	94	Lc
115	95	Lc
115	96	Lc
115	97	L
115	98	Lc
115	99	L
115	100	Lc
115	101	L
115	102	L
115	103	Lc
115	104	Lc
115	105	-1
115	106	Lc
115	107	Lc
115	108	Lc
115	109	Lc
115	110	Lc
115	111	Lc
115	112	Lc
115	113	-1
115	114	L
115	115	L
115	116	Lc
115	117	Lc
115	118	Lc
115	119	-1
116	0	Lc
116	1	Lc
116	2	-1
116	3	Lc
116	4	Lc
116	5	Lc
116	6	Lc
116	7	Lc
116	8	Lc
116	9	-1
116	10	Lc
116	11	Lc
116	12	Lc
116	13	Lc
116	14	Lc
116	15	Lc
116	16	Lc
116	17	Lc
116	18	Lc
116	19	Lc
116	20	Lc
116	21	-1
116	22	Lc
116	23	-1
116	24	Lc
116	25	Lc
116	26	Lc
116	27	Lc
116	28	Lc
116	29	Lc
116	30	Lc
116	31	Lc
116	32	-1
116	33	Lc
116	34	Lc
116	35	Lc
116	36	Lc
116	37	Lc
116	38	Lc
116	39	Lc
116	40	Lc
116	41	Lc
116	42	Lc
116	43	-1
116	44	Lc
116	45	Lc
116	46	Lc
116	47	-1
116	48	Lc
116	49	L
116	50	-1
116	51	Lc
116	52	-1
116	53	Lc
116	54	Lc
116	55	Lc
116	56	Lc
116	57	-1
116	58	Lc
116	59	Lc
116	60	Lc
116	61	-1
116	62	Lc
116	63	-1
116	64	Lc
116	65	Lc
116	66	-1
116	67	Lc
116	68	Lc
116	69	-1
116	70	Lc
116	71	Lc
116	72	Lc
116	73	Lc
116	74	Lc
116	75	Lc
116	76	Lc
116	77	Lc
116	78	Lc
116	79	Lc
116	80	-1
116	81	Lp
116	82	Lp
116	83	Lc
116	84	Lp
116	85	Lc
116	86	Lc
116	87	Lc
116	88	Lc
116	89	Lc
116	90	Lc
116	91	Lc
116	92	Lc
116	93	Lc
116	94	Lc
116	95	Lc
116	96	Lc
116	97	Lc
116	98	-1
116	99	-1
116	100	Lc
116	101	Lc
116	102	L
116	103	Lc
116	104	Lc
116	105	Lc
116	106	-1
116	107	Lc
116	108	Lc
116	109	Lc
116	110	Lc
116	111	Lc
116	112	Uc
116	113	Lc
116	114	Lc
116	115	Lc
116	116	Lc
116	117	-1
116	118	Lc
116	119	Lc
117	0	-1
117	1	Lc
117	2	Lc
117	3	Lc
117	4	L
117	5	-1
117	6	L
117	7	Lc
117	8	Lc
117	9	Lc
117	10	-1
117	11	Lc
117	12	Lc
117	13	Lc
117	14	-1
117	15	Lc
117	16	Lc
117	17	Lc
117	18	Lc
117	19	Lc
117	20	-1
117	21	Lc
117	22	Lc
117	23	Lc
117	24	Lc
117	25	-1
117	26	-1
117	27	Lc
117	28	-1
117	29	Lc
117	30	-1
117	31	Lc
117	32	Lc
117	33	Lc
117	34	Lc
117	35	Lc
117	36	Lc
117	37	Lc
117	38	Lc
117	39	Lc
117	40	Lc
117	41	Lc
117	42	Lc
117	43	Lc
117	44	-1
117	45	Lc
117	46	-1
117	47	Lc
117	48	L
117	49	L
117	50	Lc
117	51	Lc
117	52	Lc
117	53	-1
117	54	-1
117	55	Lc
117	56	-1
117	57	Lc
117	58	Lc
117	59	L
117	60	Lc
117	61	Lc
117	62	Lc
117	63	Lc
117	64	Lc
117	65	Lc
117	66	Lc
117	67	Lc
117	68	Lc
117	69	Lc
117	70	Lc
117	71	Lc
117	72	Lc
117	73	-1
117	74	Lc
117	75	L
117	76	Lc
117	77	Lc
117	78	Lc
117	79	Lp
117	80	Lp
117	81	Lp
117	82	Lcp
117	83	Lcp
117	84	Lcp
117	85	Lc
117	86	Lc
117	87	Lcp
117	88	-1
117	89	Lcp
117	90	Lc
117	91	Lc
117	92	Lc
117	93	Lc
117	94	-1
117	95	Lc
117	96	Lc
117	97	Lc
117	98	Lc
117	99	Lc
117	100	-1
117	101	Lc
117	102	Lc
117	103	Lc
117	104	Lc
117	105	Lc
117	106	Lc
117	107	Lc
117	108	Lc
117	109	Lc
117	110	Lc
117	111	Lc
117	112	Lc
117	113	Lc
117	114	Lc
117	115	Lc
117	116	Lc
117	117	Lc
117	118	Lc
117	119	Lc
118	0	Lc
118	1	Lc
118	2	L
118	3	L
118	4	-1
118	5	-1
118	6	L
118	7	Lc
118	8	Lc
118	9	Lc
118	10	Lc
118	11	Lc
118	12	Lc
118	13	Lc
118	14	Lc
118	15	Lc
118	16	Lc
118	17	Lc
118	18	Lc
118	19	Lc
118	20	Lc
118	21	Lc
118	22	Lc
118	23	Lc
118	24	Lc
118	25	Lc
118	26	Lc
118	27	Lc
118	28	Lc
118	29	Lc
118	30	Lc
118	31	Lc
118	32	Lc
118	33	Lc
118	34	Lc
118	35	Lc
118	36	Lc
118	37	Lc
118	38	Lc
118	39	Lc
118	40	-1
118	41	Lc
118	42	Lc
118	43	Lc
118	44	Lc
118	45	L
118	46	Lc
118	47	L
118	48	L
118	49	Lc
118	50	Lc
118	51	Lc
118	52	-1
118	53	Uc
118	54	Lc
118	55	-1
118	56	-1
118	57	-1
118	58	L
118	59	L
118	60	Lc
118	61	Lc
118	62	Lc
118	63	Lc
118	64	Lc
118	65	Lc
118	66	Lc
118	67	-1
118	68	-1
118	69	Lc
118	70	Lc
118	71	Lc
118	72	Lc
118	73	Lc
118	74	L
118	75	L
118	76	Lc
118	77	L
118	78	L
118	79	Lp
118	80	L
118	81	Lp
118	82	-1
118	83	-1
118	84	Lc
118	85	Lcp
118	86	Lcp
118	87	Lc
118	88	Lcp
118	89	Lcp
118	90	Lc
118	91	Lc
118	92	Lc
118	93	Lc
118	94	Lc
118	95	Lc
118	96	Lc
118	97	-1
118	98	-1
118	99	Lc
118	100	Lc
118	101	Lc
118	102	Uc
118	103	Lc
118	104	Lc
118	105	Lc
118	106	Lc
118	107	Lc
118	108	Lc
118	109	Lc
118	110	Lc
118	111	Lc
118	112	Lc
118	113	Lc
118	114	-1
118	115	Lc
118	116	-1
118	117	-1
118	118	Uc
118	119	Lc
119	0	L
119	1	Lc
119	2	-1
119	3	L
119	4	Lc
119	5	Lc
119	6	L
119	7	L
119	8	-1
119	9	-1
119	10	Lc
119	11	Lc
119	12	Lc
119	13	Lc
119	14	Lc
119	15	Lc
119	16	Lc
119	17	Lc
119	18	Lc
119	19	Lc
119	20	Lc
119	21	Lc
119	22	Lc
119	23	Lc
119	24	Lc
119	25	Lc
119	26	Lc
119	27	Lc
119	28	Lc
119	29	-1
119	30	Lc
119	31	Lc
119	32	Lc
119	33	Lc
119	34	Lc
119	35	Lc
119	36	Lc
119	37	Lc
119	38	Lc
119	39	Lc
119	40	Lc
119	41	Lc
119	42	-1
119	43	-1
119	44	Lc
119	45	Lc
119	46	L
119	47	Lc
119	48	-1
119	49	Lc
119	50	Lc
119	51	Lc
119	52	-1
119	53	-1
119	54	-1
119	55	Lc
119	56	Lc
119	57	L
119	58	L
119	59	Lc
119	60	-1
119	61	Lc
119	62	Lc
119	63	Lc
119	64	Lc
119	65	Lc
119	66	Lc
119	67	Lc
119	68	Lc
119	69	-1
119	70	Lc
119	71	Lc
119	72	L
119	73	-1
119	74	Lc
119	75	L
119	76	L
119	77	L
119	78	L
119	79	L
119	80	L
119	81	Lc
119	82	Lp
119	83	-1
119	84	Lc
119	85	Lc
119	86	Lc
119	87	Lcp
119	88	Lcp
119	89	Lc
119	90	Lc
119	91	Lc
119	92	Lc
119	93	Lc
119	94	Lc
119	95	Lc
119	96	Lc
119	97	Lc
119	98	Lc
119	99	Lc
119	100	Lc
119	101	L
119	102	-1
119	103	Lc
119	104	Lc
119	105	-1
119	106	Lc
119	107	Lc
119	108	L
119	109	Lc
119	110	Lc
119	111	Lc
119	112	Lc
119	113	-1
119	114	-1
119	115	Lc
119	116	-1
119	117	Lc
119	118	Uc
119	119	Uc
