0	0	-1
0	1	Lp
0	2	Lp
0	3	Lp
0	4	Lp
0	5	-1
0	6	Lp
0	7	L
0	8	L
0	9	L
0	10	U
0	11	L
0	12	Lp
0	13	L
0	14	L
0	15	L
0	16	L
0	17	L
0	18	L
0	19	L
0	20	L
0	21	Lp
0	22	-1
0	23	L
0	24	L
0	25	L
0	26	-1
0	27	Lp
0	28	L
0	29	-1
0	30	Lp
0	31	Lp
0	32	Lp
0	33	L
0	34	Lp
0	35	Lp
0	36	Lp
0	37	-1
0	38	Lp
0	39	Lp
0	40	U
0	41	U
0	42	L
0	43	-1
0	44	U
0	45	L
0	46	-1
0	47	U
0	48	-1
0	49	L
0	50	L
0	51	L
0	52	-1
0	53	U
0	54	-1
0	55	-1
0	56	-1
0	57	L
0	58	L
0	59	L
0	60	L
0	61	Lp
0	62	Lp
0	63	L
0	64	L
0	65	L
0	66	-1
0	67	-1
0	68	Lp
0	69	-1
0	70	L
0	71	L
0	72	L
0	73	-1
0	74	-1
0	75	Lp
0	76	Lp
0	77	L
0	78	L
0	79	Lp
0	80	Lp
0	81	-1
0	82	Lp
0	83	Lp
0	84	Lp
0	85	Lp
0	86	Lp
0	87	Lp
0	88	-1
0	89	Lp
0	90	Lp
0	91	Lp
0	92	Lp
0	93	-1
0	94	Lp
0	95	Lp
0	96	Lp
0	97	Lp
0	98	Lp
0	99	Lp
0	100	-1
0	101	Lp
0	102	Lp
0	103	-1
0	104	Lp
0	105	-1
0	106	-1
0	107	Lp
0	108	Lp
0	109	Lp
0	110	Lp
0	111	Lp
0	112	Lp
0	113	Lp
0	114	Lp
0	115	Lp
0	116	Lp
0	117	Lp
0	118	Lp
0	119	U
1	0	Lp
1	1	Lp
1	2	Lp
1	3	Lp
1	4	-1
1	5	Lp
1	6	Lp
1	7	-1
1	8	-1
1	9	L
1	10	L
1	11	-1
1	12	L
1	13	Lp
1	14	L
1	15	L
1	16	L
1	17	L
1	18	L
1	19	L
1	20	-1
1	21	-1
1	22	-1
1	23	-1
1	24	Lp
1	25	L
1	26	Lp
1	27	L
1	28	Lp
1	29	Lp
1	30	Lp
1	31	Lp
1	32	Lp
1	33	Lp
1	34	Lp
1	35	Lp
1	36	L
1	37	Lp
1	38	Lp
1	39	-1
1	40	Lp
1	41	Lp
1	42	-1
1	43	-1
1	44	L
1	45	L
1	46	L
1	47	U
1	48	U
1	49	L
1	50	L
1	51	L
1	52	-1
1	53	-1
1	54	Lp
1	55	Lp
1	56	Lp
1	57	L
1	58	L
1	59	L
1	60	L
1	61	L
1	62	Lp
1	63	L
1	64	L
1	65	-1
1	66	L
1	67	-1
1	68	L
1	69	L
1	70	-1
1	71	L
1	72	L
1	73	L
1	74	Lp
1	75	L
1	76	-1
1	77	L
1	78	Lp
1	79	Lp
1	80	Lp
1	81	Lp
1	82	Lp
1	83	U
1	84	-1
1	85	-1
1	86	Lp
1	87	-1
1	88	Lp
1	89	-1
1	90	Lp
1	91	Lp
1	92	Lp
1	93	Lp
1	94	-1
1	95	U
1	96	Lp
1	97	U
1	98	Lp
1	99	Lp
1	100	-1
1	101	Lp
1	102	Lp
1	103	-1
1	104	Lp
1	105	Lp
1	106	-1
1	107	Lp
1	108	Lp
1	109	-1
1	110	-1
1	111	Lp
1	112	Lp
1	113	Lp
1	114	Lp
1	115	-1
1	116	-1
1	117	Lp
1	118	Lp
1	119	Lp
2	0	-1
2	1	Lp
2	2	Lp
2	3	Lp
2	4	Lp
2	5	Lp
2	6	L
2	7	L
2	8	-1
2	9	-1
2	10	L
2	11	L
2	12	-1
2	13	L
2	14	L
2	15	-1
2	16	-1
2	17	L
2	18	L
2	19	L
2	20	L
2	21	-1
2	22	-1
2	23	Lp
2	24	Lp
2	25	Lp
2	26	Lp
2	27	Lp
2	28	Lp
2	29	Lp
2	30	L
2	31	Lp
2	32	Lp
2	33	Lp
2	34	Lp
2	35	Lp
2	36	-1
2	37	L
2	38	Lp
2	39	Lp
2	40	Lp
2	41	Lp
2	42	Lp
2	43	L
2	44	L
2	45	L
2	46	L
2	47	L
2	48	L
2	49	L
2	50	L
2	51	L
2	52	L
2	53	Lp
2	54	Lp
2	55	Lp
2	56	Lp
2	57	L
2	58	-1
2	59	-1
2	60	L
2	61	Lp
2	62	Lp
2	63	-1
2	64	-1
2	65	-1
2	66	-1
2	67	L
2	68	L
2	69	L
2	70	U
2	71	L
2	72	L
2	73	L
2	74	Lp
2	75	L
2	76	L
2	77	L
2	78	Lp
2	79	Lp
2	80	Lp
2	81	Lp
2	82	-1
2	83	Lp
2	84	Lp
2	85	-1
2	86	-1
2	87	-1
2	88	Lp
2	89	Lp
2	90	Lp
2	91	Lp
2	92	Lp
2	93	-1
2	94	Lp
2	95	U
2	96	U
2	97	U
2	98	Lp
2	99	-1
2	100	Lp
2	101	-1
2	102	Lp
2	103	Lp
2	104	Lp
2	105	Lp
2	106	Lp
2	107	L
2	108	L
2	109	Lp
2	110	Lp
2	111	Lp
2	112	Lp
2	113	L
2	114	L
2	115	Lp
2	116	Lp
2	117	Lp
2	118	Lp
2	119	Lp
3	0	Lp
3	1	Lp
3	2	-1
3	3	Lp
3	4	Lp
3	5	-1
3	6	Lp
3	7	L
3	8	L
3	9	L
3	10	L
3	11	L
3	12	L
3	13	L
3	14	L
3	15	L
3	16	L
3	17	L
3	18	L
3	19	L
3	20	-1
3	21	-1
3	22	-1
3	23	Lp
3	24	-1
3	25	-1
3	26	-1
3	27	Lp
3	28	Lp
3	29	Lp
3	30	Lp
3	31	-1
3	32	Lp
3	33	Lp
3	34	Lp
3	35	Lp
3	36	Lp
3	37	Lp
3	38	Lp
3	39	Lp
3	40	Lp
3	41	L
3	42	L
3	43	L
3	44	L
3	45	L
3	46	L
3	47	L
3	48	L
3	49	-1
3	50	L
3	51	L
3	52	L
3	53	-1
3	54	-1
3	55	Lp
3	56	Lp
3	57	L
3	58	L
3	59	L
3	60	L
3	61	-1
3	62	Lp
3	63	Lp
3	64	-1
3	65	L
3	66	-1
3	67	L
3	68	L
3	69	L
3	70	L
3	71	L
3	72	Lp
3	73	-1
3	74	-1
3	75	Lp
3	76	Lp
3	77	-1
3	78	Lp
3	79	Lp
3	80	Lp
3	81	Lp
3	82	Lp
3	83	Lp
3	84	Lp
3	85	Lp
3	86	Lp
3	87	Lp
3	88	Lp
3	89	Lp
3	90	-1
3	91	Lp
3	92	Lp
3	93	-1
3	94	-1
3	95	Lp
3	96	U
3	97	-1
3	98	Lp
3	99	Lp
3	100	Lp
3	101	Lp
3	102	Lp
3	103	-1
3	104	Lp
3	105	Lp
3	106	L
3	107	Lp
3	108	-1
3	109	Lp
3	110	Lp
3	111	Lp
3	112	Lp
3	113	Lp
3	114	L
3	115	Lp
3	116	Lp
3	117	-1
3	118	-1
3	119	Lp
4	0	Lp
4	1	Lp
4	2	-1
4	3	Lp
4	4	Lp
4	5	Lp
4	6	Lp
4	7	Lp
4	8	Lp
4	9	L
4	10	-1
4	11	L
4	12	L
4	13	L
4	14	L
4	15	Lp
4	16	Lp
4	17	L
4	18	-1
4	19	L
4	20	L
4	21	L
4	22	-1
4	23	L
4	24	Lp
4	25	Lp
4	26	-1
4	27	Lp
4	28	-1
4	29	L
4	30	Lp
4	31	-1
4	32	-1
4	33	Lp
4	34	Lp
4	35	Lp
4	36	-1
4	37	Lp
4	38	Lp
4	39	L
4	40	-1
4	41	U
4	42	L
4	43	L
4	44	L
4	45	L
4	46	L
4	47	L
4	48	L
4	49	-1
4	50	L
4	51	L
4	52	-1
4	53	L
4	54	L
4	55	L
4	56	L
4	57	L
4	58	L
4	59	-1
4	60	-1
4	61	L
4	62	Lp
4	63	Lp
4	64	Lp
4	65	L
4	66	-1
4	67	L
4	68	L
4	69	L
4	70	L
4	71	L
4	72	-1
4	73	-1
4	74	Lp
4	75	L
4	76	Lp
4	77	Lp
4	78	Lp
4	79	Lp
4	80	Lp
4	81	Lp
4	82	Lp
4	83	-1
4	84	Lp
4	85	-1
4	86	Lp
4	87	Lp
4	88	Lp
4	89	Lp
4	90	Lp
4	91	Lp
4	92	-1
4	93	Lp
4	94	Lp
4	95	-1
4	96	U
4	97	Lp
4	98	-1
4	99	Lp
4	100	Lp
4	101	Lp
4	102	Lp
4	103	-1
4	104	Lp
4	105	Lp
4	106	-1
4	107	L
4	108	Lp
4	109	Lp
4	110	Lp
4	111	-1
4	112	L
4	113	Lp
4	114	L
4	115	-1
4	116	-1
4	117	Lp
4	118	Lp
4	119	Lp
5	0	-1
5	1	Lp
5	2	Lp
5	3	Lp
5	4	Lp
5	5	Lp
5	6	Lp
5	7	Lp
5	8	L
5	9	L
5	10	-1
5	11	-1
5	12	L
5	13	Lp
5	14	-1
5	15	-1
5	16	Lp
5	17	L
5	18	L
5	19	-1
5	20	-1
5	21	L
5	22	L
5	23	L
5	24	-1
5	25	Lp
5	26	-1
5	27	Lp
5	28	L
5	29	Lp
5	30	-1
5	31	Lp
5	32	Lp
5	33	-1
5	34	Lp
5	35	Lp
5	36	Lp
5	37	Lp
5	38	Lp
5	39	U
5	40	U
5	41	U
5	42	U
5	43	U
5	44	-1
5	45	L
5	46	L
5	47	L
5	48	L
5	49	L
5	50	L
5	51	-1
5	52	L
5	53	-1
5	54	Lp
5	55	-1
5	56	L
5	57	L
5	58	-1
5	59	L
5	60	L
5	61	L
5	62	-1
5	63	-1
5	64	L
5	65	Lp
5	66	Lp
5	67	L
5	68	-1
5	69	-1
5	70	-1
5	71	L
5	72	Lp
5	73	L
5	74	Lp
5	75	L
5	76	L
5	77	-1
5	78	Lp
5	79	L
5	80	Lp
5	81	Lp
5	82	-1
5	83	Lp
5	84	Lp
5	85	-1
5	86	Lp
5	87	Lp
5	88	U
5	89	Lp
5	90	Lp
5	91	Lp
5	92	Lp
5	93	Lp
5	94	Lp
5	95	Lp
5	96	Lp
5	97	Lp
5	98	Lp
5	99	Lp
5	100	Lp
5	101	Lp
5	102	Lp
5	103	Lp
5	104	Lp
5	105	Lp
5	106	Lp
5	107	Lp
5	108	-1
5	109	Lp
5	110	Lp
5	111	-1
5	112	L
5	113	-1
5	114	Lp
5	115	Lp
5	116	L
5	117	Lp
5	118	Lp
5	119	Lp
6	0	Lp
6	1	Lp
6	2	-1
6	3	Lp
6	4	-1
6	5	-1
6	6	L
6	7	Lp
6	8	Lp
6	9	-1
6	10	L
6	11	L
6	12	L
6	13	L
6	14	Lp
6	15	-1
6	16	Lp
6	17	L
6	18	L
6	19	L
6	20	L
6	21	L
6	22	L
6	23	-1
6	24	L
6	25	Lp
6	26	Lp
6	27	-1
6	28	Lp
6	29	Lp
6	30	Lp
6	31	Lp
6	32	Lp
6	33	Lp
6	34	-1
6	35	-1
6	36	U
6	37	U
6	38	-1
6	39	-1
6	40	-1
6	41	-1
6	42	U
6	43	U
6	44	-1
6	45	U
6	46	L
6	47	L
6	48	-1
6	49	L
6	50	L
6	51	L
6	52	L
6	53	L
6	54	-1
6	55	L
6	56	L
6	57	L
6	58	L
6	59	L
6	60	L
6	61	L
6	62	L
6	63	-1
6	64	L
6	65	-1
6	66	Lp
6	67	L
6	68	L
6	69	L
6	70	-1
6	71	-1
6	72	L
6	73	U
6	74	Lp
6	75	U
6	76	-1
6	77	L
6	78	L
6	79	L
6	80	L
6	81	Lp
6	82	Lp
6	83	L
6	84	-1
6	85	Lp
6	86	Lp
6	87	Lp
6	88	Lp
6	89	Lp
6	90	Lp
6	91	Lp
6	92	Lp
6	93	Lp
6	94	-1
6	95	Lp
6	96	-1
6	97	Lp
6	98	-1
6	99	Lp
6	100	Lp
6	101	Lp
6	102	-1
6	103	Lp
6	104	Lp
6	105	Lp
6	106	Lp
6	107	Lp
6	108	Lp
6	109	-1
6	110	-1
6	111	Lp
6	112	Lp
6	113	L
6	114	L
6	115	Lp
6	116	L
6	117	Lp
6	118	-1
6	119	Lp
7	0	-1
7	1	Lp
7	2	Lp
7	3	Lp
7	4	-1
7	5	-1
7	6	Lp
7	7	L
7	8	-1
7	9	L
7	10	L
7	11	-1
7	12	L
7	13	L
7	14	Lp
7	15	Lp
7	16	Lp
7	17	L
7	18	L
7	19	L
7	20	L
7	21	L
7	22	L
7	23	-1
7	24	Lp
7	25	Lp
7	26	Lp
7	27	Lp
7	28	-1
7	29	-1
7	30	-1
7	31	Lp
7	32	Lp
7	33	-1
7	34	Lp
7	35	Lp
7	36	L
7	37	U
7	38	U
7	39	U
7	40	-1
7	41	L
7	42	U
7	43	U
7	44	U
7	45	L
7	46	L
7	47	L
7	48	L
7	49	L
7	50	L
7	51	L
7	52	L
7	53	L
7	54	L
7	55	-1
7	56	L
7	57	L
7	58	-1
7	59	-1
7	60	L
7	61	L
7	62	L
7	63	L
7	64	L
7	65	L
7	66	L
7	67	Lp
7	68	L
7	69	U
7	70	L
7	71	U
7	72	U
7	73	Lp
7	74	U
7	75	Lp
7	76	Lp
7	77	-1
7	78	L
7	79	L
7	80	L
7	81	Lp
7	82	Lp
7	83	Lp
7	84	L
7	85	Lp
7	86	Lp
7	87	Lp
7	88	-1
7	89	Lp
7	90	Lp
7	91	Lp
7	92	-1
7	93	U
7	94	-1
7	95	Lp
7	96	Lp
7	97	-1
7	98	Lp
7	99	Lp
7	100	Lp
7	101	Lp
7	102	Lp
7	103	Lp
7	104	Lp
7	105	-1
7	106	Lp
7	107	-1
7	108	-1
7	109	-1
7	110	-1
7	111	Lp
7	112	Lp
7	113	Lp
7	114	Lp
7	115	-1
7	116	L
7	117	L
7	118	-1
7	119	Lp
8	0	-1
8	1	Lp
8	2	Lp
8	3	Lp
8	4	Lp
8	5	Lp
8	6	Lp
8	7	L
8	8	-1
8	9	L
8	10	-1
8	11	-1
8	12	Lp
8	13	-1
8	14	U
8	15	Lp
8	16	Lp
8	17	L
8	18	L
8	19	L
8	20	-1
8	21	L
8	22	-1
8	23	-1
8	24	-1
8	25	Lp
8	26	-1
8	27	Lp
8	28	Lp
8	29	Lp
8	30	-1
8	31	-1
8	32	-1
8	33	L
8	34	-1
8	35	-1
8	36	L
8	37	L
8	38	U
8	39	-1
8	40	L
8	41	-1
8	42	L
8	43	L
8	44	L
8	45	-1
8	46	-1
8	47	-1
8	48	L
8	49	L
8	50	Lp
8	51	L
8	52	L
8	53	L
8	54	L
8	55	-1
8	56	L
8	57	L
8	58	-1
8	59	L
8	60	L
8	61	L
8	62	L
8	63	L
8	64	L
8	65	L
8	66	L
8	67	L
8	68	L
8	69	U
8	70	-1
8	71	U
8	72	-1
8	73	U
8	74	L
8	75	-1
8	76	L
8	77	-1
8	78	L
8	79	-1
8	80	Lp
8	81	Lp
8	82	-1
8	83	Lp
8	84	Lp
8	85	Lp
8	86	Lp
8	87	Lp
8	88	Lp
8	89	Lp
8	90	-1
8	91	Lp
8	92	Lp
8	93	Lp
8	94	-1
8	95	Lp
8	96	Lp
8	97	Lp
8	98	Lp
8	99	Lp
8	100	Lp
8	101	-1
8	102	Lp
8	103	Lp
8	104	-1
8	105	-1
8	106	Lp
8	107	-1
8	108	Lp
8	109	Lp
8	110	Lp
8	111	Lp
8	112	Lp
8	113	Lp
8	114	-1
8	115	Lp
8	116	L
8	117	L
8	118	L
8	119	-1
9	0	-1
9	1	Lp
9	2	Lp
9	3	-1
9	4	Lp
9	5	Lp
9	6	Lp
9	7	L
9	8	L
9	9	L
9	10	-1
9	11	L
9	12	L
9	13	L
9	14	L
9	15	Lp
9	16	L
9	17	Lp
9	18	Lp
9	19	-1
9	20	Lp
9	21	Lp
9	22	Lp
9	23	Lp
9	24	Lp
9	25	-1
9	26	Lp
9	27	Lp
9	28	-1
9	29	Lp
9	30	Lp
9	31	L
9	32	L
9	33	-1
9	34	L
9	35	L
9	36	L
9	37	L
9	38	L
9	39	L
9	40	-1
9	41	L
9	42	L
9	43	L
9	44	-1
9	45	L
9	46	L
9	47	L
9	48	Lp
9	49	-1
9	50	Lp
9	51	Lp
9	52	L
9	53	L
9	54	L
9	55	-1
9	56	L
9	57	L
9	58	L
9	59	L
9	60	L
9	61	L
9	62	L
9	63	-1
9	64	L
9	65	-1
9	66	L
9	67	L
9	68	-1
9	69	L
9	70	U
9	71	U
9	72	U
9	73	L
9	74	L
9	75	L
9	76	-1
9	77	L
9	78	L
9	79	Lp
9	80	Lp
9	81	Lp
9	82	-1
9	83	Lp
9	84	L
9	85	Lp
9	86	Lp
9	87	Lp
9	88	Lp
9	89	Lp
9	90	-1
9	91	Lp
9	92	Lp
9	93	Lp
9	94	Lp
9	95	-1
9	96	-1
9	97	-1
9	98	Lp
9	99	Lp
9	100	Lp
9	101	U
9	102	-1
9	103	Lp
9	104	Lp
9	105	Lp
9	106	L
9	107	L
9	108	-1
9	109	Lp
9	110	-1
9	111	Lp
9	112	L
9	113	-1
9	114	Lp
9	115	Lp
9	116	L
9	117	L
9	118	L
9	119	-1
10	0	Lp
10	1	Lp
10	2	U
10	3	-1
10	4	-1
10	5	Lp
10	6	Lp
10	7	Lp
10	8	L
10	9	-1
10	10	L
10	11	Lp
10	12	-1
10	13	Lp
10	14	L
10	15	L
10	16	Lp
10	17	Lp
10	18	Lp
10	19	-1
10	20	-1
10	21	-1
10	22	L
10	23	-1
10	24	L
10	25	-1
10	26	-1
10	27	-1
10	28	L
10	29	-1
10	30	-1
10	31	L
10	32	L
10	33	U
10	34	L
10	35	L
10	36	L
10	37	L
10	38	L
10	39	U
10	40	L
10	41	L
10	42	L
10	43	L
10	44	-1
10	45	L
10	46	-1
10	47	L
10	48	Lp
10	49	-1
10	50	Lp
10	51	Lp
10	52	L
10	53	L
10	54	L
10	55	L
10	56	L
10	57	L
10	58	L
10	59	L
10	60	L
10	61	L
10	62	L
10	63	Lp
10	64	L
10	65	L
10	66	L
10	67	L
10	68	L
10	69	L
10	70	-1
10	71	-1
10	72	-1
10	73	L
10	74	Lp
10	75	-1
10	76	L
10	77	L
10	78	L
10	79	L
10	80	Lp
10	81	Lp
10	82	Lp
10	83	Lp
10	84	Lp
10	85	Lp
10	86	-1
10	87	Lp
10	88	Lp
10	89	Lp
10	90	-1
10	91	Lp
10	92	Lp
10	93	Lp
10	94	Lp
10	95	-1
10	96	Lp
10	97	-1
10	98	Lp
10	99	Lp
10	100	Lp
10	101	Lp
10	102	U
10	103	U
10	104	U
10	105	-1
10	106	Lp
10	107	Lp
10	108	Lp
10	109	-1
10	110	Lp
10	111	Lp
10	112	L
10	113	L
10	114	L
10	115	-1
10	116	-1
10	117	-1
10	118	L
10	119	L
11	0	Lp
11	1	-1
11	2	-1
11	3	Lp
11	4	Lp
11	5	Lp
11	6	Lp
11	7	Lp
11	8	Lp
11	9	Lp
11	10	-1
11	11	Lp
11	12	-1
11	13	L
11	14	L
11	15	-1
11	16	U
11	17	Lp
11	18	Lp
11	19	-1
11	20	Lp
11	21	Lp
11	22	Lp
11	23	Lp
11	24	-1
11	25	L
11	26	L
11	27	-1
11	28	-1
11	29	L
11	30	L
11	31	L
11	32	U
11	33	L
11	34	-1
11	35	L
11	36	L
11	37	L
11	38	L
11	39	L
11	40	U
11	41	L
11	42	-1
11	43	L
11	44	L
11	45	L
11	46	L
11	47	L
11	48	L
11	49	Lp
11	50	Lp
11	51	Lp
11	52	-1
11	53	-1
11	54	L
11	55	L
11	56	L
11	57	-1
11	58	L
11	59	-1
11	60	L
11	61	-1
11	62	L
11	63	L
11	64	Lp
11	65	L
11	66	L
11	67	L
11	68	L
11	69	-1
11	70	U
11	71	-1
11	72	L
11	73	-1
11	74	L
11	75	-1
11	76	-1
11	77	L
11	78	Lp
11	79	Lp
11	80	L
11	81	Lp
11	82	-1
11	83	-1
11	84	-1
11	85	Lp
11	86	Lp
11	87	Lp
11	88	-1
11	89	Lp
11	90	Lp
11	91	Lp
11	92	Lp
11	93	Lp
11	94	Lp
11	95	Lp
11	96	Lp
11	97	Lp
11	98	Lp
11	99	Lp
11	100	-1
11	101	Lp
11	102	Lp
11	103	-1
11	104	Lp
11	105	Lp
11	106	Lp
11	107	U
11	108	Lp
11	109	Lp
11	110	Lp
11	111	-1
11	112	-1
11	113	L
11	114	L
11	115	L
11	116	L
11	117	L
11	118	L
11	119	-1
12	0	L
12	1	-1
12	2	Lp
12	3	Lp
12	4	Lp
12	5	Lp
12	6	L
12	7	Lp
12	8	Lp
12	9	Lp
12	10	Lp
12	11	Lp
12	12	L
12	13	L
12	14	-1
12	15	L
12	16	L
12	17	Lp
12	18	Lp
12	19	Lp
12	20	-1
12	21	Lp
12	22	-1
12	23	-1
12	24	L
12	25	L
12	26	L
12	27	L
12	28	-1
12	29	Lp
12	30	Lp
12	31	-1
12	32	L
12	33	L
12	34	L
12	35	L
12	36	L
12	37	-1
12	38	L
12	39	L
12	40	L
12	41	L
12	42	-1
12	43	L
12	44	L
12	45	L
12	46	L
12	47	-1
12	48	-1
12	49	Lp
12	50	Lp
12	51	Lp
12	52	Lp
12	53	L
12	54	L
12	55	L
12	56	L
12	57	L
12	58	L
12	59	Lp
12	60	-1
12	61	L
12	62	-1
12	63	L
12	64	L
12	65	L
12	66	-1
12	67	-1
12	68	Lp
12	69	L
12	70	-1
12	71	Lp
12	72	U
12	73	-1
12	74	L
12	75	L
12	76	L
12	77	Lp
12	78	L
12	79	L
12	80	-1
12	81	L
12	82	Lp
12	83	-1
12	84	Lp
12	85	Lp
12	86	-1
12	87	Lp
12	88	Lp
12	89	L
12	90	Lp
12	91	Lp
12	92	Lp
12	93	Lp
12	94	Lp
12	95	Lp
12	96	Lp
12	97	Lp
12	98	Lp
12	99	Lp
12	100	Lp
12	101	Lp
12	102	Lp
12	103	Lp
12	104	-1
12	105	L
12	106	Lp
12	107	Lp
12	108	U
12	109	-1
12	110	Lp
12	111	Lp
12	112	-1
12	113	-1
12	114	Lp
12	115	-1
12	116	-1
12	117	L
12	118	L
12	119	-1
13	0	L
13	1	L
13	2	-1
13	3	Lp
13	4	Lp
13	5	-1
13	6	-1
13	7	L
13	8	L
13	9	Lp
13	10	L
13	11	L
13	12	-1
13	13	-1
13	14	L
13	15	-1
13	16	Lp
13	17	Lp
13	18	Lp
13	19	-1
13	20	Lp
13	21	L
13	22	L
13	23	-1
13	24	Lp
13	25	L
13	26	L
13	27	-1
13	28	L
13	29	Lp
13	30	L
13	31	L
13	32	U
13	33	-1
13	34	-1
13	35	-1
13	36	-1
13	37	L
13	38	-1
13	39	-1
13	40	L
13	41	L
13	42	L
13	43	L
13	44	L
13	45	L
13	46	L
13	47	Lp
13	48	Lp
13	49	Lp
13	50	Lp
13	51	Lp
13	52	U
13	53	L
13	54	L
13	55	L
13	56	L
13	57	L
13	58	Lp
13	59	-1
13	60	Lp
13	61	L
13	62	-1
13	63	L
13	64	L
13	65	L
13	66	-1
13	67	L
13	68	-1
13	69	Lp
13	70	-1
13	71	Lp
13	72	L
13	73	L
13	74	L
13	75	-1
13	76	-1
13	77	L
13	78	-1
13	79	-1
13	80	-1
13	81	L
13	82	Lp
13	83	L
13	84	Lp
13	85	Lp
13	86	L
13	87	L
13	88	L
13	89	L
13	90	Lp
13	91	-1
13	92	Lp
13	93	Lp
13	94	Lp
13	95	Lp
13	96	-1
13	97	-1
13	98	Lp
13	99	Lp
13	100	Lp
13	101	-1
13	102	U
13	103	U
13	104	L
13	105	-1
13	106	-1
13	107	U
13	108	Lp
13	109	Lp
13	110	-1
13	111	-1
13	112	Lp
13	113	U
13	114	Lp
13	115	-1
13	116	-1
13	117	-1
13	118	L
13	119	-1
14	0	L
14	1	L
14	2	L
14	3	Lp
14	4	-1
14	5	-1
14	6	L
14	7	L
14	8	L
14	9	L
14	10	L
14	11	L
14	12	L
14	13	L
14	14	L
14	15	Lp
14	16	Lp
14	17	L
14	18	Lp
14	19	Lp
14	20	Lp
14	21	-1
14	22	L
14	23	L
14	24	-1
14	25	L
14	26	L
14	27	L
14	28	Lp
14	29	L
14	30	U
14	31	L
14	32	-1
14	33	-1
14	34	-1
14	35	L
14	36	-1
14	37	Lp
14	38	L
14	39	L
14	40	L
14	41	L
14	42	-1
14	43	L
14	44	L
14	45	L
14	46	Lp
14	47	Lp
14	48	-1
14	49	L
14	50	Lp
14	51	U
14	52	Lp
14	53	L
14	54	-1
14	55	L
14	56	L
14	57	L
14	58	Lp
14	59	Lp
14	60	-1
14	61	-1
14	62	L
14	63	-1
14	64	-1
14	65	-1
14	66	L
14	67	L
14	68	L
14	69	L
14	70	Lp
14	71	Lp
14	72	L
14	73	-1
14	74	-1
14	75	L
14	76	L
14	77	L
14	78	Lp
14	79	Lp
14	80	-1
14	81	-1
14	82	-1
14	83	L
14	84	L
14	85	-1
14	86	L
14	87	L
14	88	L
14	89	L
14	90	-1
14	91	Lp
14	92	Lp
14	93	-1
14	94	Lp
14	95	Lp
14	96	Lp
14	97	L
14	98	L
14	99	L
14	100	L
14	101	Lp
14	102	U
14	103	L
14	104	L
14	105	U
14	106	U
14	107	Lp
14	108	-1
14	109	Lp
14	110	L
14	111	Lp
14	112	-1
14	113	-1
14	114	Lp
14	115	Lp
14	116	U
14	117	L
14	118	-1
14	119	-1
15	0	Lp
15	1	L
15	2	L
15	3	Lp
15	4	Lp
15	5	Lp
15	6	U
15	7	L
15	8	L
15	9	L
15	10	L
15	11	-1
15	12	L
15	13	L
15	14	-1
15	15	L
15	16	L
15	17	L
15	18	L
15	19	-1
15	20	Lp
15	21	L
15	22	L
15	23	L
15	24	-1
15	25	-1
15	26	L
15	27	L
15	28	-1
15	29	L
15	30	-1
15	31	U
15	32	L
15	33	-1
15	34	-1
15	35	-1
15	36	-1
15	37	-1
15	38	Lp
15	39	Lp
15	40	-1
15	41	L
15	42	L
15	43	L
15	44	L
15	45	L
15	46	Lp
15	47	Lp
15	48	Lp
15	49	Lp
15	50	Lp
15	51	Lp
15	52	Lp
15	53	-1
15	54	L
15	55	-1
15	56	L
15	57	L
15	58	L
15	59	Lp
15	60	-1
15	61	Lp
15	62	L
15	63	L
15	64	L
15	65	L
15	66	L
15	67	L
15	68	L
15	69	L
15	70	L
15	71	-1
15	72	L
15	73	L
15	74	-1
15	75	Lp
15	76	L
15	77	-1
15	78	Lp
15	79	Lp
15	80	-1
15	81	L
15	82	-1
15	83	Lp
15	84	Lp
15	85	-1
15	86	Lp
15	87	L
15	88	L
15	89	L
15	90	-1
15	91	Lp
15	92	Lp
15	93	Lp
15	94	-1
15	95	Lp
15	96	Lp
15	97	Lp
15	98	L
15	99	L
15	100	L
15	101	-1
15	102	-1
15	103	U
15	104	Lp
15	105	U
15	106	Lp
15	107	U
15	108	L
15	109	L
15	110	Lp
15	111	Lp
15	112	L
15	113	Lp
15	114	-1
15	115	U
15	116	L
15	117	-1
15	118	-1
15	119	-1
16	0	L
16	1	L
16	2	Lp
16	3	Lp
16	4	Lp
16	5	L
16	6	Lp
16	7	U
16	8	L
16	9	-1
16	10	L
16	11	L
16	12	L
16	13	L
16	14	-1
16	15	L
16	16	L
16	17	L
16	18	Lp
16	19	-1
16	20	L
16	21	L
16	22	L
16	23	-1
16	24	-1
16	25	L
16	26	L
16	27	L
16	28	L
16	29	L
16	30	L
16	31	-1
16	32	-1
16	33	L
16	34	-1
16	35	-1
16	36	Lp
16	37	Lp
16	38	Lp
16	39	-1
16	40	L
16	41	L
16	42	L
16	43	-1
16	44	Lp
16	45	Lp
16	46	-1
16	47	U
16	48	Lp
16	49	Lp
16	50	-1
16	51	Lp
16	52	L
16	53	L
16	54	L
16	55	L
16	56	-1
16	57	Lp
16	58	Lp
16	59	L
16	60	-1
16	61	Lp
16	62	L
16	63	L
16	64	L
16	65	L
16	66	Lp
16	67	Lp
16	68	-1
16	69	L
16	70	-1
16	71	Lp
16	72	-1
16	73	Lp
16	74	L
16	75	-1
16	76	Lp
16	77	Lp
16	78	Lp
16	79	Lp
16	80	-1
16	81	L
16	82	Lp
16	83	-1
16	84	-1
16	85	Lp
16	86	-1
16	87	Lp
16	88	L
16	89	L
16	90	L
16	91	Lp
16	92	-1
16	93	Lp
16	94	Lp
16	95	-1
16	96	L
16	97	L
16	98	L
16	99	L
16	100	-1
16	101	L
16	102	-1
16	103	Lp
16	104	L
16	105	-1
16	106	-1
16	107	-1
16	108	L
16	109	-1
16	110	Lp
16	111	Lp
16	112	Lp
16	113	Lp
16	114	Lp
16	115	Lp
16	116	U
16	117	L
16	118	-1
16	119	U
17	0	Lp
17	1	Lp
17	2	Lp
17	3	Lp
17	4	Lp
17	5	Lp
17	6	Lp
17	7	L
17	8	L
17	9	L
17	10	L
17	11	L
17	12	L
17	13	L
17	14	Lp
17	15	Lp
17	16	Lp
17	17	Lp
17	18	-1
17	19	Lp
17	20	Lp
17	21	L
17	22	-1
17	23	-1
17	24	-1
17	25	-1
17	26	L
17	27	L
17	28	L
17	29	L
17	30	L
17	31	L
17	32	L
17	33	Lp
17	34	Lp
17	35	-1
17	36	Lp
17	37	Lp
17	38	Lp
17	39	L
17	40	L
17	41	L
17	42	-1
17	43	-1
17	44	Lp
17	45	Lp
17	46	Lp
17	47	Lp
17	48	-1
17	49	-1
17	50	Lp
17	51	-1
17	52	Lp
17	53	L
17	54	Lp
17	55	L
17	56	-1
17	57	L
17	58	L
17	59	-1
17	60	Lp
17	61	Lp
17	62	-1
17	63	Lp
17	64	Lp
17	65	-1
17	66	-1
17	67	L
17	68	Lp
17	69	L
17	70	L
17	71	Lp
17	72	L
17	73	Lp
17	74	Lp
17	75	Lp
17	76	-1
17	77	Lp
17	78	Lp
17	79	Lp
17	80	Lp
17	81	Lp
17	82	U
17	83	Lp
17	84	-1
17	85	-1
17	86	-1
17	87	Lp
17	88	-1
17	89	L
17	90	Lp
17	91	Lp
17	92	Lp
17	93	Lp
17	94	Lp
17	95	Lp
17	96	L
17	97	L
17	98	L
17	99	Lp
17	100	-1
17	101	L
17	102	Lp
17	103	Lp
17	104	L
17	105	-1
17	106	L
17	107	Lp
17	108	Lp
17	109	L
17	110	Lp
17	111	Lp
17	112	Lp
17	113	Lp
17	114	Lp
17	115	Lp
17	116	U
17	117	Lp
17	118	-1
17	119	U
18	0	U
18	1	-1
18	2	Lp
18	3	-1
18	4	-1
18	5	L
18	6	L
18	7	L
18	8	-1
18	9	L
18	10	L
18	11	-1
18	12	L
18	13	Lp
18	14	Lp
18	15	Lp
18	16	Lp
18	17	Lp
18	18	Lp
18	19	Lp
18	20	Lp
18	21	L
18	22	-1
18	23	L
18	24	L
18	25	-1
18	26	-1
18	27	L
18	28	-1
18	29	-1
18	30	L
18	31	L
18	32	Lp
18	33	L
18	34	Lp
18	35	Lp
18	36	Lp
18	37	Lp
18	38	-1
18	39	L
18	40	L
18	41	L
18	42	-1
18	43	Lp
18	44	-1
18	45	Lp
18	46	-1
18	47	Lp
18	48	Lp
18	49	Lp
18	50	-1
18	51	-1
18	52	L
18	53	L
18	54	Lp
18	55	U
18	56	Lp
18	57	Lp
18	58	-1
18	59	-1
18	60	-1
18	61	Lp
18	62	Lp
18	63	Lp
18	64	L
18	65	L
18	66	-1
18	67	L
18	68	Lp
18	69	L
18	70	-1
18	71	L
18	72	L
18	73	Lp
18	74	Lp
18	75	Lp
18	76	U
18	77	U
18	78	-1
18	79	Lp
18	80	Lp
18	81	-1
18	82	U
18	83	Lp
18	84	Lp
18	85	L
18	86	-1
18	87	L
18	88	L
18	89	-1
18	90	Lp
18	91	Lp
18	92	Lp
18	93	-1
18	94	-1
18	95	-1
18	96	L
18	97	L
18	98	L
18	99	Lp
18	100	Lp
18	101	Lp
18	102	Lp
18	103	L
18	104	L
18	105	L
18	106	L
18	107	Lp
18	108	L
18	109	Lp
18	110	Lp
18	111	Lp
18	112	Lp
18	113	Lp
18	114	-1
18	115	-1
18	116	Lp
18	117	Lp
18	118	-1
18	119	U
19	0	Lp
19	1	-1
19	2	Lp
19	3	Lp
19	4	-1
19	5	Lp
19	6	L
19	7	L
19	8	-1
19	9	Lp
19	10	-1
19	11	L
19	12	L
19	13	-1
19	14	-1
19	15	-1
19	16	Lp
19	17	Lp
19	18	Lp
19	19	Lp
19	20	Lp
19	21	Lp
19	22	L
19	23	Lp
19	24	Lp
19	25	-1
19	26	L
19	27	L
19	28	L
19	29	L
19	30	-1
19	31	L
19	32	L
19	33	L
19	34	Lp
19	35	Lp
19	36	Lp
19	37	Lp
19	38	L
19	39	L
19	40	Lp
19	41	-1
19	42	L
19	43	L
19	44	Lp
19	45	Lp
19	46	Lp
19	47	Lp
19	48	Lp
19	49	Lp
19	50	Lp
19	51	Lp
19	52	L
19	53	L
19	54	L
19	55	Lp
19	56	-1
19	57	-1
19	58	Lp
19	59	Lp
19	60	Lp
19	61	Lp
19	62	Lp
19	63	-1
19	64	-1
19	65	L
19	66	L
19	67	L
19	68	L
19	69	Lp
19	70	-1
19	71	L
19	72	L
19	73	Lp
19	74	-1
19	75	Lp
19	76	U
19	77	U
19	78	U
19	79	-1
19	80	-1
19	81	U
19	82	-1
19	83	Lp
19	84	-1
19	85	-1
19	86	Lp
19	87	L
19	88	L
19	89	-1
19	90	-1
19	91	Lp
19	92	Lp
19	93	-1
19	94	-1
19	95	Lp
19	96	Lp
19	97	-1
19	98	Lp
19	99	L
19	100	-1
19	101	L
19	102	Lp
19	103	-1
19	104	-1
19	105	L
19	106	-1
19	107	-1
19	108	-1
19	109	Lp
19	110	Lp
19	111	-1
19	112	Lp
19	113	Lp
19	114	-1
19	115	Lp
19	116	Lp
19	117	Lp
19	118	U
19	119	U
20	0	Lp
20	1	Lp
20	2	-1
20	3	-1
20	4	Lp
20	5	Lp
20	6	L
20	7	-1
20	8	L
20	9	Lp
20	10	Lp
20	11	Lp
20	12	L
20	13	-1
20	14	-1
20	15	-1
20	16	-1
20	17	Lp
20	18	-1
20	19	L
20	20	Lp
20	21	-1
20	22	L
20	23	L
20	24	Lp
20	25	Lp
20	26	L
20	27	L
20	28	L
20	29	L
20	30	L
20	31	-1
20	32	Lp
20	33	L
20	34	L
20	35	-1
20	36	Lp
20	37	Lp
20	38	L
20	39	L
20	40	Lp
20	41	U
20	42	U
20	43	-1
20	44	-1
20	45	Lp
20	46	Lp
20	47	Lp
20	48	Lp
20	49	Lp
20	50	Lp
20	51	Lp
20	52	Lp
20	53	Lp
20	54	L
20	55	U
20	56	Lp
20	57	Lp
20	58	Lp
20	59	-1
20	60	Lp
20	61	Lp
20	62	Lp
20	63	Lp
20	64	L
20	65	L
20	66	L
20	67	L
20	68	Lp
20	69	-1
20	70	Lp
20	71	-1
20	72	Lp
20	73	-1
20	74	Lp
20	75	Lp
20	76	U
20	77	U
20	78	U
20	79	U
20	80	L
20	81	U
20	82	L
20	83	Lp
20	84	Lp
20	85	Lp
20	86	-1
20	87	L
20	88	-1
20	89	-1
20	90	L
20	91	-1
20	92	Lp
20	93	Lp
20	94	-1
20	95	-1
20	96	Lp
20	97	-1
20	98	-1
20	99	Lp
20	100	Lp
20	101	-1
20	102	L
20	103	Lp
20	104	L
20	105	-1
20	106	Lp
20	107	Lp
20	108	Lp
20	109	Lp
20	110	Lp
20	111	Lp
20	112	Lp
20	113	Lp
20	114	L
20	115	Lp
20	116	-1
20	117	U
20	118	Lp
20	119	Lp
21	0	Lp
21	1	Lp
21	2	Lp
21	3	Lp
21	4	Lp
21	5	Lp
21	6	Lp
21	7	-1
21	8	L
21	9	Lp
21	10	Lp
21	11	Lp
21	12	L
21	13	Lp
21	14	-1
21	15	-1
21	16	-1
21	17	-1
21	18	U
21	19	L
21	20	L
21	21	-1
21	22	Lp
21	23	L
21	24	L
21	25	Lp
21	26	-1
21	27	-1
21	28	L
21	29	-1
21	30	L
21	31	L
21	32	L
21	33	L
21	34	L
21	35	-1
21	36	-1
21	37	Lp
21	38	U
21	39	L
21	40	Lp
21	41	Lp
21	42	U
21	43	Lp
21	44	Lp
21	45	Lp
21	46	Lp
21	47	Lp
21	48	Lp
21	49	-1
21	50	-1
21	51	Lp
21	52	Lp
21	53	-1
21	54	Lp
21	55	U
21	56	Lp
21	57	-1
21	58	Lp
21	59	Lp
21	60	Lp
21	61	Lp
21	62	Lp
21	63	Lp
21	64	L
21	65	L
21	66	L
21	67	Lp
21	68	Lp
21	69	Lp
21	70	Lp
21	71	Lp
21	72	-1
21	73	Lp
21	74	Lp
21	75	Lp
21	76	-1
21	77	U
21	78	-1
21	79	L
21	80	-1
21	81	-1
21	82	Lp
21	83	Lp
21	84	-1
21	85	-1
21	86	-1
21	87	Lp
21	88	-1
21	89	-1
21	90	L
21	91	Lp
21	92	-1
21	93	Lp
21	94	Lp
21	95	-1
21	96	Lp
21	97	-1
21	98	-1
21	99	Lp
21	100	Lp
21	101	L
21	102	-1
21	103	Lp
21	104	-1
21	105	Lp
21	106	Lp
21	107	Lp
21	108	-1
21	109	Lp
21	110	Lp
21	111	Lp
21	112	Lp
21	113	Lp
21	114	-1
21	115	Lp
21	116	U
21	117	Lp
21	118	Lp
21	119	Lp
22	0	L
22	1	Lp
22	2	-1
22	3	Lp
22	4	Lp
22	5	Lp
22	6	Lp
22	7	Lp
22	8	-1
22	9	Lp
22	10	Lp
22	11	Lp
22	12	L
22	13	-1
22	14	L
22	15	L
22	16	L
22	17	L
22	18	L
22	19	L
22	20	L
22	21	U
22	22	U
22	23	L
22	24	Lp
22	25	U
22	26	L
22	27	Lp
22	28	L
22	29	L
22	30	Lp
22	31	-1
22	32	L
22	33	L
22	34	Lp
22	35	Lp
22	36	Lp
22	37	Lp
22	38	L
22	39	U
22	40	-1
22	41	Lp
22	42	Lp
22	43	Lp
22	44	Lp
22	45	Lp
22	46	Lp
22	47	Lp
22	48	Lp
22	49	Lp
22	50	Lp
22	51	Lp
22	52	Lp
22	53	Lp
22	54	-1
22	55	Lp
22	56	-1
22	57	-1
22	58	Lp
22	59	Lp
22	60	Lp
22	61	Lp
22	62	Lp
22	63	L
22	64	-1
22	65	L
22	66	Lp
22	67	Lp
22	68	Lp
22	69	Lp
22	70	Lp
22	71	Lp
22	72	Lp
22	73	Lp
22	74	Lp
22	75	L
22	76	Lp
22	77	-1
22	78	U
22	79	U
22	80	L
22	81	L
22	82	Lp
22	83	Lp
22	84	-1
22	85	-1
22	86	-1
22	87	Lp
22	88	-1
22	89	L
22	90	L
22	91	Lp
22	92	Lp
22	93	Lp
22	94	Lp
22	95	Lp
22	96	-1
22	97	Lp
22	98	Lp
22	99	-1
22	100	Lp
22	101	L
22	102	L
22	103	-1
22	104	Lp
22	105	Lp
22	106	Lp
22	107	Lp
22	108	-1
22	109	-1
22	110	Lp
22	111	Lp
22	112	-1
22	113	Lp
22	114	Lp
22	115	Lp
22	116	Lp
22	117	Lp
22	118	Lp
22	119	Lp
23	0	Lp
23	1	Lp
23	2	Lp
23	3	-1
23	4	Lp
23	5	Lp
23	6	Lp
23	7	Lp
23	8	Lp
23	9	Lp
23	10	Lp
23	11	Lp
23	12	L
23	13	Lp
23	14	-1
23	15	L
23	16	L
23	17	-1
23	18	-1
23	19	-1
23	20	-1
23	21	U
23	22	-1
23	23	L
23	24	Lp
23	25	U
23	26	-1
23	27	-1
23	28	Lp
23	29	L
23	30	-1
23	31	Lp
23	32	L
23	33	L
23	34	Lp
23	35	Lp
23	36	Lp
23	37	Lp
23	38	Lp
23	39	Lp
23	40	Lp
23	41	Lp
23	42	-1
23	43	Lp
23	44	Lp
23	45	-1
23	46	Lp
23	47	Lp
23	48	Lp
23	49	U
23	50	-1
23	51	Lp
23	52	-1
23	53	Lp
23	54	Lp
23	55	Lp
23	56	-1
23	57	Lp
23	58	L
23	59	Lp
23	60	Lp
23	61	-1
23	62	Lp
23	63	Lp
23	64	L
23	65	L
23	66	-1
23	67	Lp
23	68	-1
23	69	-1
23	70	Lp
23	71	Lp
23	72	Lp
23	73	L
23	74	L
23	75	-1
23	76	-1
23	77	L
23	78	L
23	79	L
23	80	-1
23	81	Lp
23	82	Lp
23	83	Lp
23	84	Lp
23	85	Lp
23	86	-1
23	87	Lp
23	88	Lp
23	89	L
23	90	-1
23	91	Lp
23	92	Lp
23	93	Lp
23	94	Lp
23	95	Lp
23	96	-1
23	97	Lp
23	98	-1
23	99	-1
23	100	Lp
23	101	Lp
23	102	-1
23	103	Lp
23	104	Lp
23	105	Lp
23	106	Lp
23	107	-1
23	108	Lp
23	109	Lp
23	110	-1
23	111	Lp
23	112	U
23	113	U
23	114	U
23	115	Lp
23	116	Lp
23	117	-1
23	118	Lp
23	119	Lp
24	0	Lp
24	1	Lp
24	2	-1
24	3	Lp
24	4	Lp
24	5	L
24	6	Lp
24	7	-1
24	8	-1
24	9	Lp
24	10	Lp
24	11	Lp
24	12	Lp
24	13	L
24	14	L
24	15	L
24	16	Lp
24	17	-1
24	18	L
24	19	Lp
24	20	-1
24	21	U
24	22	-1
24	23	-1
24	24	U
24	25	L
24	26	L
24	27	L
24	28	L
24	29	-1
24	30	-1
24	31	-1
24	32	L
24	33	-1
24	34	-1
24	35	Lp
24	36	L
24	37	-1
24	38	-1
24	39	Lp
24	40	Lp
24	41	-1
24	42	Lp
24	43	Lp
24	44	-1
24	45	Lp
24	46	Lp
24	47	Lp
24	48	-1
24	49	Lp
24	50	Lp
24	51	-1
24	52	Lp
24	53	Lp
24	54	-1
24	55	Lp
24	56	-1
24	57	U
24	58	L
24	59	Lp
24	60	Lp
24	61	Lp
24	62	Lp
24	63	Lp
24	64	L
24	65	L
24	66	-1
24	67	L
24	68	Lp
24	69	-1
24	70	L
24	71	Lp
24	72	L
24	73	L
24	74	U
24	75	-1
24	76	-1
24	77	L
24	78	L
24	79	L
24	80	Lp
24	81	-1
24	82	Lp
24	83	Lp
24	84	Lp
24	85	Lp
24	86	-1
24	87	-1
24	88	L
24	89	Lp
24	90	-1
24	91	Lp
24	92	Lp
24	93	Lp
24	94	Lp
24	95	Lp
24	96	-1
24	97	Lp
24	98	L
24	99	L
24	100	Lp
24	101	-1
24	102	Lp
24	103	Lp
24	104	L
24	105	L
24	106	Lp
24	107	L
24	108	L
24	109	Lp
24	110	-1
24	111	-1
24	112	U
24	113	Lp
24	114	Lp
24	115	Lp
24	116	Lp
24	117	Lp
24	118	Lp
24	119	Lp
25	0	-1
25	1	Lp
25	2	Lp
25	3	Lp
25	4	L
25	5	Lp
25	6	L
25	7	L
25	8	-1
25	9	Lp
25	10	Lp
25	11	Lp
25	12	Lp
25	13	-1
25	14	Lp
25	15	Lp
25	16	-1
25	17	Lp
25	18	L
25	19	Lp
25	20	Lp
25	21	L
25	22	Lp
25	23	Lp
25	24	U
25	25	L
25	26	L
25	27	-1
25	28	L
25	29	Lp
25	30	-1
25	31	Lp
25	32	L
25	33	L
25	34	L
25	35	L
25	36	Lp
25	37	-1
25	38	-1
25	39	Lp
25	40	Lp
25	41	L
25	42	L
25	43	-1
25	44	-1
25	45	-1
25	46	Lp
25	47	-1
25	48	Lp
25	49	Lp
25	50	Lp
25	51	Lp
25	52	Lp
25	53	U
25	54	-1
25	55	-1
25	56	-1
25	57	-1
25	58	-1
25	59	Lp
25	60	Lp
25	61	Lp
25	62	-1
25	63	-1
25	64	L
25	65	-1
25	66	L
25	67	Lp
25	68	L
25	69	L
25	70	-1
25	71	-1
25	72	L
25	73	L
25	74	L
25	75	L
25	76	L
25	77	L
25	78	L
25	79	L
25	80	Lp
25	81	Lp
25	82	Lp
25	83	-1
25	84	Lp
25	85	Lp
25	86	-1
25	87	-1
25	88	-1
25	89	-1
25	90	Lp
25	91	Lp
25	92	-1
25	93	-1
25	94	Lp
25	95	Lp
25	96	Lp
25	97	Lp
25	98	Lp
25	99	L
25	100	-1
25	101	-1
25	102	L
25	103	L
25	104	L
25	105	L
25	106	L
25	107	L
25	108	L
25	109	L
25	110	Lp
25	111	L
25	112	Lp
25	113	Lp
25	114	-1
25	115	Lp
25	116	Lp
25	117	Lp
25	118	L
25	119	Lp
26	0	Lp
26	1	Lp
26	2	Lp
26	3	L
26	4	L
26	5	-1
26	6	L
26	7	Lp
26	8	Lp
26	9	Lp
26	10	-1
26	11	Lp
26	12	Lp
26	13	-1
26	14	-1
26	15	-1
26	16	Lp
26	17	-1
26	18	Lp
26	19	L
26	20	Lp
26	21	Lp
26	22	-1
26	23	Lp
26	24	L
26	25	L
26	26	L
26	27	L
26	28	L
26	29	Lp
26	30	Lp
26	31	-1
26	32	Lp
26	33	Lp
26	34	Lp
26	35	Lp
26	36	Lp
26	37	-1
26	38	Lp
26	39	Lp
26	40	Lp
26	41	Lp
26	42	L
26	43	L
26	44	Lp
26	45	Lp
26	46	Lp
26	47	L
26	48	-1
26	49	Lp
26	50	Lp
26	51	Lp
26	52	-1
26	53	Lp
26	54	-1
26	55	-1
26	56	Lp
26	57	-1
26	58	Lp
26	59	Lp
26	60	Lp
26	61	Lp
26	62	Lp
26	63	L
26	64	L
26	65	L
26	66	Lp
26	67	L
26	68	-1
26	69	-1
26	70	L
26	71	L
26	72	L
26	73	L
26	74	L
26	75	L
26	76	-1
26	77	L
26	78	L
26	79	L
26	80	U
26	81	Lp
26	82	-1
26	83	-1
26	84	Lp
26	85	-1
26	86	-1
26	87	-1
26	88	-1
26	89	Lp
26	90	Lp
26	91	Lp
26	92	Lp
26	93	Lp
26	94	Lp
26	95	Lp
26	96	-1
26	97	Lp
26	98	Lp
26	99	Lp
26	100	L
26	101	Lp
26	102	-1
26	103	L
26	104	Lp
26	105	L
26	106	Lp
26	107	L
26	108	Lp
26	109	-1
26	110	Lp
26	111	-1
26	112	Lp
26	113	Lp
26	114	Lp
26	115	Lp
26	116	Lp
26	117	-1
26	118	Lp
26	119	L
27	0	Lp
27	1	L
27	2	-1
27	3	L
27	4	L
27	5	Lp
27	6	-1
27	7	-1
27	8	Lp
27	9	-1
27	10	Lp
27	11	Lp
27	12	Lp
27	13	Lp
27	14	Lp
27	15	Lp
27	16	Lp
27	17	-1
27	18	L
27	19	Lp
27	20	Lp
27	21	-1
27	22	Lp
27	23	L
27	24	L
27	25	-1
27	26	L
27	27	-1
27	28	-1
27	29	L
27	30	L
27	31	Lp
27	32	Lp
27	33	Lp
27	34	Lp
27	35	Lp
27	36	Lp
27	37	Lp
27	38	Lp
27	39	Lp
27	40	Lp
27	41	Lp
27	42	L
27	43	L
27	44	L
27	45	-1
27	46	-1
27	47	-1
27	48	L
27	49	-1
27	50	Lp
27	51	Lp
27	52	Lp
27	53	Lp
27	54	-1
27	55	-1
27	56	Lp
27	57	-1
27	58	Lp
27	59	Lp
27	60	Lp
27	61	-1
27	62	L
27	63	-1
27	64	Lp
27	65	L
27	66	Lp
27	67	Lp
27	68	L
27	69	L
27	70	-1
27	71	L
27	72	L
27	73	L
27	74	Lp
27	75	Lp
27	76	L
27	77	L
27	78	L
27	79	-1
27	80	-1
27	81	Lp
27	82	Lp
27	83	-1
27	84	Lp
27	85	Lp
27	86	-1
27	87	-1
27	88	-1
27	89	-1
27	90	-1
27	91	Lp
27	92	-1
27	93	Lp
27	94	Lp
27	95	Lp
27	96	Lp
27	97	Lp
27	98	Lp
27	99	Lp
27	100	-1
27	101	-1
27	102	-1
27	103	-1
27	104	L
27	105	L
27	106	L
27	107	Lp
27	108	Lp
27	109	L
27	110	L
27	111	Lp
27	112	-1
27	113	-1
27	114	L
27	115	L
27	116	Lp
27	117	L
27	118	L
27	119	L
28	0	Lp
28	1	L
28	2	L
28	3	L
28	4	L
28	5	L
28	6	Lp
28	7	L
28	8	L
28	9	Lp
28	10	Lp
28	11	Lp
28	12	Lp
28	13	-1
28	14	Lp
28	15	Lp
28	16	Lp
28	17	Lp
28	18	Lp
28	19	L
28	20	Lp
28	21	L
28	22	-1
28	23	Lp
28	24	-1
28	25	L
28	26	-1
28	27	-1
28	28	-1
28	29	-1
28	30	-1
28	31	L
28	32	L
28	33	-1
28	34	Lp
28	35	Lp
28	36	Lp
28	37	Lp
28	38	-1
28	39	Lp
28	40	-1
28	41	Lp
28	42	L
28	43	L
28	44	Lp
28	45	L
28	46	L
28	47	-1
28	48	L
28	49	-1
28	50	Lp
28	51	-1
28	52	-1
28	53	Lp
28	54	Lp
28	55	Lp
28	56	Lp
28	57	U
28	58	Lp
28	59	Lp
28	60	Lp
28	61	Lp
28	62	L
28	63	-1
28	64	-1
28	65	-1
28	66	L
28	67	Lp
28	68	L
28	69	L
28	70	-1
28	71	L
28	72	L
28	73	L
28	74	Lp
28	75	-1
28	76	Lp
28	77	-1
28	78	Lp
28	79	-1
28	80	Lp
28	81	Lp
28	82	-1
28	83	Lp
28	84	Lp
28	85	L
28	86	Lp
28	87	-1
28	88	-1
28	89	Lp
28	90	Lp
28	91	L
28	92	L
28	93	Lp
28	94	Lp
28	95	-1
28	96	Lp
28	97	Lp
28	98	Lp
28	99	Lp
28	100	Lp
28	101	Lp
28	102	-1
28	103	Lp
28	104	Lp
28	105	Lp
28	106	Lp
28	107	Lp
28	108	Lp
28	109	Lp
28	110	L
28	111	Lp
28	112	Lp
28	113	L
28	114	L
28	115	L
28	116	L
28	117	L
28	118	Lp
28	119	Lp
29	0	L
29	1	Lp
29	2	-1
29	3	L
29	4	L
29	5	-1
29	6	L
29	7	L
29	8	Lp
29	9	Lp
29	10	Lp
29	11	Lp
29	12	Lp
29	13	Lp
29	14	Lp
29	15	Lp
29	16	Lp
29	17	Lp
29	18	Lp
29	19	Lp
29	20	-1
29	21	Lp
29	22	-1
29	23	L
29	24	-1
29	25	L
29	26	-1
29	27	L
29	28	L
29	29	L
29	30	L
29	31	L
29	32	L
29	33	Lp
29	34	Lp
29	35	Lp
29	36	Lp
29	37	Lp
29	38	-1
29	39	-1
29	40	-1
29	41	Lp
29	42	L
29	43	L
29	44	L
29	45	-1
29	46	L
29	47	L
29	48	-1
29	49	L
29	50	Lp
29	51	Lp
29	52	Lp
29	53	-1
29	54	Lp
29	55	-1
29	56	Lp
29	57	Lp
29	58	Lp
29	59	Lp
29	60	Lp
29	61	-1
29	62	L
29	63	-1
29	64	Lp
29	65	Lp
29	66	Lp
29	67	Lp
29	68	Lp
29	69	L
29	70	-1
29	71	L
29	72	L
29	73	L
29	74	-1
29	75	-1
29	76	Lp
29	77	Lp
29	78	L
29	79	Lp
29	80	-1
29	81	-1
29	82	Lp
29	83	Lp
29	84	L
29	85	Lp
29	86	-1
29	87	Lp
29	88	Lp
29	89	-1
29	90	Lp
29	91	Lp
29	92	Lp
29	93	Lp
29	94	Lp
29	95	-1
29	96	-1
29	97	Lp
29	98	Lp
29	99	Lp
29	100	-1
29	101	Lp
29	102	Lp
29	103	Lp
29	104	Lp
29	105	Lp
29	106	-1
29	107	Lp
29	108	-1
29	109	Lp
29	110	-1
29	111	L
29	112	L
29	113	L
29	114	L
29	115	L
29	116	L
29	117	L
29	118	L
29	119	Lp
30	0	-1
30	1	-1
30	2	Lp
30	3	L
30	4	Lp
30	5	Lp
30	6	L
30	7	-1
30	8	Lp
30	9	Lp
30	10	-1
30	11	Lp
30	12	-1
30	13	-1
30	14	Lp
30	15	Lp
30	16	Lp
30	17	-1
30	18	Lp
30	19	L
30	20	L
30	21	L
30	22	L
30	23	Lp
30	24	L
30	25	-1
30	26	L
30	27	L
30	28	-1
30	29	L
30	30	L
30	31	L
30	32	L
30	33	L
30	34	L
30	35	Lp
30	36	Lp
30	37	Lp
30	38	L
30	39	L
30	40	Lp
30	41	Lp
30	42	Lp
30	43	L
30	44	L
30	45	L
30	46	L
30	47	L
30	48	L
30	49	-1
30	50	Lp
30	51	Lp
30	52	Lp
30	53	-1
30	54	Lp
30	55	Lp
30	56	Lp
30	57	Lp
30	58	Lp
30	59	-1
30	60	L
30	61	L
30	62	L
30	63	L
30	64	L
30	65	-1
30	66	-1
30	67	L
30	68	L
30	69	L
30	70	L
30	71	L
30	72	L
30	73	-1
30	74	-1
30	75	Lp
30	76	Lp
30	77	Lp
30	78	-1
30	79	-1
30	80	Lp
30	81	-1
30	82	Lp
30	83	-1
30	84	L
30	85	-1
30	86	-1
30	87	-1
30	88	-1
30	89	Lp
30	90	Lp
30	91	Lp
30	92	Lp
30	93	-1
30	94	-1
30	95	Lp
30	96	-1
30	97	-1
30	98	Lp
30	99	Lp
30	100	-1
30	101	-1
30	102	Lp
30	103	Lp
30	104	Lp
30	105	-1
30	106	Lp
30	107	-1
30	108	-1
30	109	Lp
30	110	Lp
30	111	-1
30	112	L
30	113	Lp
30	114	L
30	115	Lp
30	116	L
30	117	-1
30	118	-1
30	119	L
31	0	-1
31	1	-1
31	2	L
31	3	Lp
31	4	L
31	5	Lp
31	6	Lp
31	7	L
31	8	Lp
31	9	Lp
31	10	-1
31	11	Lp
31	12	-1
31	13	Lp
31	14	Lp
31	15	Lp
31	16	Lp
31	17	-1
31	18	Lp
31	19	Lp
31	20	L
31	21	L
31	22	L
31	23	L
31	24	Lp
31	25	L
31	26	-1
31	27	L
31	28	Lp
31	29	L
31	30	L
31	31	-1
31	32	L
31	33	L
31	34	L
31	35	Lp
31	36	-1
31	37	Lp
31	38	L
31	39	-1
31	40	-1
31	41	Lp
31	42	Lp
31	43	Lp
31	44	L
31	45	L
31	46	Lp
31	47	Lp
31	48	Lp
31	49	Lp
31	50	Lp
31	51	Lp
31	52	Lp
31	53	Lp
31	54	L
31	55	Lp
31	56	Lp
31	57	Lp
31	58	Lp
31	59	L
31	60	L
31	61	L
31	62	L
31	63	L
31	64	Lp
31	65	L
31	66	L
31	67	L
31	68	L
31	69	-1
31	70	L
31	71	Lp
31	72	Lp
31	73	Lp
31	74	L
31	75	Lp
31	76	Lp
31	77	-1
31	78	Lp
31	79	L
31	80	Lp
31	81	Lp
31	82	Lp
31	83	Lp
31	84	Lp
31	85	Lp
31	86	-1
31	87	U
31	88	L
31	89	Lp
31	90	L
31	91	L
31	92	-1
31	93	Lp
31	94	Lp
31	95	-1
31	96	Lp
31	97	-1
31	98	Lp
31	99	Lp
31	100	Lp
31	101	Lp
31	102	Lp
31	103	Lp
31	104	Lp
31	105	-1
31	106	-1
31	107	Lp
31	108	-1
31	109	Lp
31	110	Lp
31	111	Lp
31	112	L
31	113	-1
31	114	Lp
31	115	Lp
31	116	L
31	117	L
31	118	L
31	119	L
32	0	L
32	1	L
32	2	-1
32	3	-1
32	4	Lp
32	5	Lp
32	6	-1
32	7	-1
32	8	Lp
32	9	Lp
32	10	Lp
32	11	Lp
32	12	-1
32	13	Lp
32	14	Lp
32	15	-1
32	16	Lp
32	17	-1
32	18	Lp
32	19	-1
32	20	Lp
32	21	L
32	22	-1
32	23	L
32	24	L
32	25	L
32	26	L
32	27	L
32	28	Lp
32	29	Lp
32	30	Lp
32	31	L
32	32	Lp
32	33	L
32	34	L
32	35	L
32	36	L
32	37	L
32	38	L
32	39	L
32	40	Lp
32	41	-1
32	42	-1
32	43	-1
32	44	-1
32	45	Lp
32	46	Lp
32	47	Lp
32	48	Lp
32	49	Lp
32	50	Lp
32	51	Lp
32	52	Lp
32	53	-1
32	54	Lp
32	55	Lp
32	56	Lp
32	57	Lp
32	58	L
32	59	Lp
32	60	U
32	61	U
32	62	L
32	63	L
32	64	L
32	65	L
32	66	L
32	67	L
32	68	-1
32	69	L
32	70	-1
32	71	-1
32	72	Lp
32	73	L
32	74	-1
32	75	Lp
32	76	Lp
32	77	Lp
32	78	Lp
32	79	-1
32	80	-1
32	81	U
32	82	Lp
32	83	Lp
32	84	-1
32	85	-1
32	86	-1
32	87	-1
32	88	-1
32	89	Lp
32	90	Lp
32	91	Lp
32	92	L
32	93	Lp
32	94	Lp
32	95	-1
32	96	Lp
32	97	-1
32	98	Lp
32	99	Lp
32	100	Lp
32	101	Lp
32	102	Lp
32	103	Lp
32	104	Lp
32	105	-1
32	106	Lp
32	107	Lp
32	108	Lp
32	109	Lp
32	110	Lp
32	111	Lp
32	112	Lp
32	113	Lp
32	114	-1
32	115	Lp
32	116	L
32	117	-1
32	118	-1
32	119	Lp
33	0	L
33	1	Lp
33	2	Lp
33	3	U
33	4	Lp
33	5	Lp
33	6	Lp
33	7	Lp
33	8	Lp
33	9	Lp
33	10	Lp
33	11	Lp
33	12	-1
33	13	Lp
33	14	Lp
33	15	Lp
33	16	Lp
33	17	-1
33	18	Lp
33	19	Lp
33	20	Lp
33	21	Lp
33	22	L
33	23	L
33	24	L
33	25	L
33	26	L
33	27	L
33	28	L
33	29	Lp
33	30	-1
33	31	-1
33	32	Lp
33	33	L
33	34	L
33	35	U
33	36	L
33	37	-1
33	38	Lp
33	39	L
33	40	L
33	41	Lp
33	42	-1
33	43	Lp
33	44	-1
33	45	Lp
33	46	Lp
33	47	Lp
33	48	Lp
33	49	Lp
33	50	Lp
33	51	Lp
33	52	Lp
33	53	Lp
33	54	Lp
33	55	Lp
33	56	Lp
33	57	L
33	58	Lp
33	59	-1
33	60	L
33	61	L
33	62	U
33	63	U
33	64	L
33	65	-1
33	66	L
33	67	L
33	68	Lp
33	69	L
33	70	L
33	71	L
33	72	L
33	73	Lp
33	74	Lp
33	75	Lp
33	76	L
33	77	L
33	78	Lp
33	79	U
33	80	-1
33	81	L
33	82	-1
33	83	Lp
33	84	-1
33	85	L
33	86	Lp
33	87	Lp
33	88	Lp
33	89	Lp
33	90	Lp
33	91	Lp
33	92	L
33	93	Lp
33	94	Lp
33	95	Lp
33	96	Lp
33	97	Lp
33	98	Lp
33	99	Lp
33	100	Lp
33	101	-1
33	102	Lp
33	103	Lp
33	104	Lp
33	105	Lp
33	106	Lp
33	107	Lp
33	108	-1
33	109	Lp
33	110	Lp
33	111	Lp
33	112	Lp
33	113	Lp
33	114	Lp
33	115	-1
33	116	Lp
33	117	Lp
33	118	Lp
33	119	L
34	0	Lp
34	1	Lp
34	2	Lp
34	3	Lp
34	4	Lp
34	5	Lp
34	6	Lp
34	7	Lp
34	8	Lp
34	9	Lp
34	10	Lp
34	11	Lp
34	12	-1
34	13	Lp
34	14	Lp
34	15	Lp
34	16	-1
34	17	-1
34	18	Lp
34	19	Lp
34	20	Lp
34	21	Lp
34	22	L
34	23	L
34	24	L
34	25	L
34	26	-1
34	27	L
34	28	L
34	29	L
34	30	L
34	31	Lp
34	32	Lp
34	33	L
34	34	L
34	35	-1
34	36	-1
34	37	L
34	38	L
34	39	L
34	40	-1
34	41	-1
34	42	Lp
34	43	-1
34	44	Lp
34	45	Lp
34	46	Lp
34	47	Lp
34	48	Lp
34	49	Lp
34	50	Lp
34	51	Lp
34	52	-1
34	53	Lp
34	54	Lp
34	55	-1
34	56	Lp
34	57	Lp
34	58	Lp
34	59	-1
34	60	L
34	61	Lp
34	62	U
34	63	U
34	64	Lp
34	65	-1
34	66	L
34	67	L
34	68	L
34	69	L
34	70	L
34	71	-1
34	72	Lp
34	73	Lp
34	74	L
34	75	-1
34	76	L
34	77	Lp
34	78	Lp
34	79	Lp
34	80	L
34	81	-1
34	82	Lp
34	83	Lp
34	84	Lp
34	85	L
34	86	L
34	87	-1
34	88	Lp
34	89	Lp
34	90	Lp
34	91	-1
34	92	Lp
34	93	Lp
34	94	Lp
34	95	Lp
34	96	Lp
34	97	Lp
34	98	Lp
34	99	Lp
34	100	-1
34	101	Lp
34	102	Lp
34	103	Lp
34	104	Lp
34	105	Lp
34	106	Lp
34	107	Lp
34	108	Lp
34	109	-1
34	110	Lp
34	111	Lp
34	112	Lp
34	113	Lp
34	114	Lp
34	115	Lp
34	116	Lp
34	117	Lp
34	118	Lp
34	119	Lp
35	0	Lp
35	1	Lp
35	2	-1
35	3	Lp
35	4	Lp
35	5	Lp
35	6	Lp
35	7	-1
35	8	-1
35	9	Lp
35	10	Lp
35	11	Lp
35	12	-1
35	13	Lp
35	14	Lp
35	15	Lp
35	16	Lp
35	17	Lp
35	18	-1
35	19	Lp
35	20	L
35	21	-1
35	22	-1
35	23	-1
35	24	L
35	25	-1
35	26	L
35	27	L
35	28	L
35	29	L
35	30	L
35	31	-1
35	32	L
35	33	-1
35	34	L
35	35	L
35	36	L
35	37	-1
35	38	-1
35	39	L
35	40	-1
35	41	Lp
35	42	-1
35	43	Lp
35	44	-1
35	45	Lp
35	46	Lp
35	47	-1
35	48	-1
35	49	-1
35	50	-1
35	51	-1
35	52	Lp
35	53	Lp
35	54	Lp
35	55	Lp
35	56	Lp
35	57	L
35	58	-1
35	59	-1
35	60	L
35	61	L
35	62	-1
35	63	U
35	64	-1
35	65	L
35	66	U
35	67	L
35	68	L
35	69	L
35	70	-1
35	71	L
35	72	Lp
35	73	L
35	74	-1
35	75	L
35	76	-1
35	77	L
35	78	Lp
35	79	-1
35	80	Lp
35	81	Lp
35	82	L
35	83	L
35	84	L
35	85	-1
35	86	L
35	87	L
35	88	U
35	89	Lp
35	90	Lp
35	91	Lp
35	92	Lp
35	93	Lp
35	94	Lp
35	95	Lp
35	96	Lp
35	97	Lp
35	98	Lp
35	99	Lp
35	100	Lp
35	101	Lp
35	102	Lp
35	103	-1
35	104	Lp
35	105	Lp
35	106	Lp
35	107	Lp
35	108	Lp
35	109	Lp
35	110	Lp
35	111	Lp
35	112	Lp
35	113	Lp
35	114	Lp
35	115	Lp
35	116	Lp
35	117	-1
35	118	-1
35	119	Lp
36	0	-1
36	1	-1
36	2	-1
36	3	Lp
36	4	L
36	5	Lp
36	6	Lp
36	7	-1
36	8	Lp
36	9	Lp
36	10	Lp
36	11	Lp
36	12	Lp
36	13	Lp
36	14	-1
36	15	-1
36	16	-1
36	17	Lp
36	18	Lp
36	19	L
36	20	-1
36	21	-1
36	22	-1
36	23	-1
36	24	L
36	25	L
36	26	-1
36	27	L
36	28	L
36	29	L
36	30	L
36	31	U
36	32	U
36	33	-1
36	34	L
36	35	L
36	36	L
36	37	L
36	38	-1
36	39	-1
36	40	Lp
36	41	Lp
36	42	Lp
36	43	Lp
36	44	Lp
36	45	Lp
36	46	Lp
36	47	Lp
36	48	Lp
36	49	Lp
36	50	Lp
36	51	Lp
36	52	-1
36	53	Lp
36	54	Lp
36	55	-1
36	56	Lp
36	57	-1
36	58	Lp
36	59	L
36	60	U
36	61	-1
36	62	U
36	63	-1
36	64	L
36	65	L
36	66	L
36	67	L
36	68	L
36	69	L
36	70	-1
36	71	L
36	72	L
36	73	L
36	74	L
36	75	L
36	76	Lp
36	77	-1
36	78	Lp
36	79	-1
36	80	Lp
36	81	-1
36	82	Lp
36	83	Lp
36	84	Lp
36	85	Lp
36	86	L
36	87	-1
36	88	U
36	89	Lp
36	90	Lp
36	91	-1
36	92	Lp
36	93	Lp
36	94	Lp
36	95	Lp
36	96	Lp
36	97	Lp
36	98	-1
36	99	Lp
36	100	Lp
36	101	Lp
36	102	Lp
36	103	Lp
36	104	Lp
36	105	Lp
36	106	-1
36	107	Lp
36	108	-1
36	109	L
36	110	-1
36	111	Lp
36	112	-1
36	113	Lp
36	114	Lp
36	115	Lp
36	116	Lp
36	117	Lp
36	118	-1
36	119	Lp
37	0	Lp
37	1	Lp
37	2	L
37	3	L
37	4	L
37	5	Lp
37	6	Lp
37	7	Lp
37	8	Lp
37	9	Lp
37	10	-1
37	11	Lp
37	12	-1
37	13	Lp
37	14	Lp
37	15	Lp
37	16	Lp
37	17	L
37	18	L
37	19	L
37	20	L
37	21	L
37	22	-1
37	23	-1
37	24	-1
37	25	L
37	26	L
37	27	L
37	28	L
37	29	L
37	30	L
37	31	L
37	32	L
37	33	-1
37	34	L
37	35	L
37	36	-1
37	37	U
37	38	L
37	39	L
37	40	L
37	41	L
37	42	-1
37	43	L
37	44	-1
37	45	L
37	46	L
37	47	Lp
37	48	Lp
37	49	Lp
37	50	Lp
37	51	Lp
37	52	Lp
37	53	-1
37	54	Lp
37	55	Lp
37	56	-1
37	57	Lp
37	58	-1
37	59	-1
37	60	Lp
37	61	U
37	62	U
37	63	U
37	64	U
37	65	-1
37	66	L
37	67	L
37	68	-1
37	69	-1
37	70	-1
37	71	L
37	72	L
37	73	Lp
37	74	-1
37	75	Lp
37	76	-1
37	77	-1
37	78	-1
37	79	-1
37	80	Lp
37	81	Lp
37	82	Lp
37	83	Lp
37	84	Lp
37	85	Lp
37	86	-1
37	87	U
37	88	L
37	89	L
37	90	L
37	91	L
37	92	-1
37	93	-1
37	94	Lp
37	95	Lp
37	96	Lp
37	97	Lp
37	98	-1
37	99	-1
37	100	Lp
37	101	Lp
37	102	-1
37	103	Lp
37	104	Lp
37	105	Lp
37	106	Lp
37	107	-1
37	108	L
37	109	-1
37	110	Lp
37	111	Lp
37	112	Lp
37	113	Lp
37	114	-1
37	115	-1
37	116	-1
37	117	Lp
37	118	Lp
37	119	Lp
38	0	Lp
38	1	Lp
38	2	L
38	3	L
38	4	-1
38	5	-1
38	6	L
38	7	L
38	8	Lp
38	9	Lp
38	10	Lp
38	11	Lp
38	12	Lp
38	13	Lp
38	14	Lp
38	15	Lp
38	16	Lp
38	17	L
38	18	-1
38	19	L
38	20	L
38	21	-1
38	22	-1
38	23	L
38	24	L
38	25	-1
38	26	-1
38	27	L
38	28	L
38	29	L
38	30	L
38	31	L
38	32	U
38	33	L
38	34	-1
38	35	L
38	36	U
38	37	-1
38	38	L
38	39	L
38	40	-1
38	41	L
38	42	-1
38	43	-1
38	44	L
38	45	L
38	46	-1
38	47	Lp
38	48	Lp
38	49	Lp
38	50	Lp
38	51	U
38	52	U
38	53	Lp
38	54	Lp
38	55	Lp
38	56	-1
38	57	-1
38	58	Lp
38	59	Lp
38	60	L
38	61	-1
38	62	U
38	63	U
38	64	U
38	65	L
38	66	L
38	67	L
38	68	L
38	69	-1
38	70	Lp
38	71	-1
38	72	Lp
38	73	-1
38	74	Lp
38	75	L
38	76	Lp
38	77	Lp
38	78	Lp
38	79	Lp
38	80	Lp
38	81	Lp
38	82	Lp
38	83	Lp
38	84	L
38	85	L
38	86	U
38	87	U
38	88	L
38	89	L
38	90	L
38	91	Lp
38	92	L
38	93	-1
38	94	-1
38	95	Lp
38	96	Lp
38	97	Lp
38	98	Lp
38	99	Lp
38	100	-1
38	101	-1
38	102	Lp
38	103	Lp
38	104	Lp
38	105	-1
38	106	L
38	107	L
38	108	L
38	109	-1
38	110	-1
38	111	Lp
38	112	Lp
38	113	Lp
38	114	-1
38	115	-1
38	116	-1
38	117	Lp
38	118	Lp
38	119	Lp
39	0	-1
39	1	Lp
39	2	L
39	3	L
39	4	L
39	5	L
39	6	L
39	7	L
39	8	L
39	9	-1
39	10	L
39	11	Lp
39	12	Lp
39	13	Lp
39	14	Lp
39	15	Lp
39	16	Lp
39	17	Lp
39	18	L
39	19	L
39	20	-1
39	21	L
39	22	L
39	23	L
39	24	-1
39	25	L
39	26	L
39	27	L
39	28	L
39	29	L
39	30	L
39	31	-1
39	32	L
39	33	-1
39	34	-1
39	35	L
39	36	L
39	37	L
39	38	L
39	39	-1
39	40	L
39	41	L
39	42	L
39	43	-1
39	44	L
39	45	L
39	46	L
39	47	L
39	48	U
39	49	U
39	50	Lp
39	51	-1
39	52	-1
39	53	Lp
39	54	Lp
39	55	Lp
39	56	L
39	57	Lp
39	58	U
39	59	Lp
39	60	-1
39	61	U
39	62	Lp
39	63	Lp
39	64	L
39	65	U
39	66	-1
39	67	L
39	68	L
39	69	Lp
39	70	Lp
39	71	Lp
39	72	Lp
39	73	-1
39	74	Lp
39	75	-1
39	76	-1
39	77	Lp
39	78	Lp
39	79	Lp
39	80	Lp
39	81	Lp
39	82	Lp
39	83	L
39	84	L
39	85	L
39	86	L
39	87	L
39	88	L
39	89	L
39	90	Lp
39	91	-1
39	92	Lp
39	93	U
39	94	Lp
39	95	Lp
39	96	Lp
39	97	Lp
39	98	-1
39	99	Lp
39	100	Lp
39	101	Lp
39	102	Lp
39	103	Lp
39	104	Lp
39	105	Lp
39	106	L
39	107	L
39	108	-1
39	109	Lp
39	110	Lp
39	111	Lp
39	112	Lp
39	113	-1
39	114	Lp
39	115	-1
39	116	Lp
39	117	Lp
39	118	Lp
39	119	Lp
40	0	Lp
40	1	Lp
40	2	L
40	3	L
40	4	L
40	5	-1
40	6	-1
40	7	L
40	8	L
40	9	L
40	10	Lp
40	11	Lp
40	12	Lp
40	13	-1
40	14	Lp
40	15	Lp
40	16	Lp
40	17	Lp
40	18	-1
40	19	Lp
40	20	L
40	21	-1
40	22	-1
40	23	L
40	24	L
40	25	-1
40	26	L
40	27	L
40	28	L
40	29	L
40	30	-1
40	31	L
40	32	L
40	33	L
40	34	-1
40	35	-1
40	36	L
40	37	-1
40	38	-1
40	39	L
40	40	L
40	41	L
40	42	L
40	43	L
40	44	L
40	45	-1
40	46	-1
40	47	U
40	48	Lp
40	49	Lp
40	50	Lp
40	51	-1
40	52	Lp
40	53	Lp
40	54	-1
40	55	-1
40	56	Lp
40	57	-1
40	58	-1
40	59	U
40	60	L
40	61	-1
40	62	-1
40	63	Lp
40	64	Lp
40	65	L
40	66	L
40	67	Lp
40	68	L
40	69	Lp
40	70	Lp
40	71	Lp
40	72	Lp
40	73	Lp
40	74	Lp
40	75	Lp
40	76	Lp
40	77	Lp
40	78	-1
40	79	-1
40	80	-1
40	81	Lp
40	82	-1
40	83	L
40	84	-1
40	85	L
40	86	-1
40	87	L
40	88	L
40	89	-1
40	90	L
40	91	Lp
40	92	Lp
40	93	Lp
40	94	Lp
40	95	Lp
40	96	-1
40	97	Lp
40	98	Lp
40	99	Lp
40	100	Lp
40	101	Lp
40	102	Lp
40	103	-1
40	104	Lp
40	105	Lp
40	106	Lp
40	107	Lp
40	108	Lp
40	109	L
40	110	-1
40	111	Lp
40	112	Lp
40	113	Lp
40	114	Lp
40	115	Lp
40	116	-1
40	117	-1
40	118	L
40	119	L
41	0	L
41	1	L
41	2	L
41	3	L
41	4	L
41	5	L
41	6	-1
41	7	-1
41	8	L
41	9	-1
41	10	-1
41	11	Lp
41	12	Lp
41	13	Lp
41	14	Lp
41	15	Lp
41	16	Lp
41	17	Lp
41	18	Lp
41	19	L
41	20	L
41	21	-1
41	22	L
41	23	L
41	24	L
41	25	L
41	26	L
41	27	L
41	28	L
41	29	L
41	30	L
41	31	L
41	32	L
41	33	L
41	34	L
41	35	L
41	36	L
41	37	U
41	38	-1
41	39	L
41	40	-1
41	41	L
41	42	L
41	43	-1
41	44	L
41	45	L
41	46	U
41	47	U
41	48	U
41	49	Lp
41	50	Lp
41	51	Lp
41	52	Lp
41	53	-1
41	54	L
41	55	Lp
41	56	L
41	57	Lp
41	58	-1
41	59	U
41	60	-1
41	61	-1
41	62	-1
41	63	Lp
41	64	L
41	65	-1
41	66	Lp
41	67	Lp
41	68	Lp
41	69	L
41	70	Lp
41	71	Lp
41	72	Lp
41	73	Lp
41	74	Lp
41	75	-1
41	76	-1
41	77	L
41	78	L
41	79	Lp
41	80	Lp
41	81	-1
41	82	Lp
41	83	Lp
41	84	-1
41	85	-1
41	86	U
41	87	L
41	88	L
41	89	L
41	90	-1
41	91	L
41	92	Lp
41	93	L
41	94	Lp
41	95	Lp
41	96	-1
41	97	Lp
41	98	Lp
41	99	-1
41	100	-1
41	101	Lp
41	102	U
41	103	-1
41	104	-1
41	105	-1
41	106	Lp
41	107	Lp
41	108	L
41	109	Lp
41	110	-1
41	111	Lp
41	112	Lp
41	113	Lp
41	114	Lp
41	115	-1
41	116	-1
41	117	Lp
41	118	Lp
41	119	L
42	0	-1
42	1	L
42	2	L
42	3	L
42	4	-1
42	5	U
42	6	U
42	7	L
42	8	L
42	9	L
42	10	-1
42	11	Lp
42	12	Lp
42	13	-1
42	14	Lp
42	15	Lp
42	16	Lp
42	17	Lp
42	18	Lp
42	19	-1
42	20	L
42	21	-1
42	22	L
42	23	L
42	24	L
42	25	L
42	26	L
42	27	L
42	28	L
42	29	-1
42	30	L
42	31	L
42	32	L
42	33	L
42	34	L
42	35	L
42	36	L
42	37	L
42	38	Lp
42	39	-1
42	40	L
42	41	-1
42	42	L
42	43	L
42	44	L
42	45	L
42	46	Lp
42	47	U
42	48	-1
42	49	Lp
42	50	Lp
42	51	Lp
42	52	Lp
42	53	Lp
42	54	-1
42	55	L
42	56	L
42	57	Lp
42	58	L
42	59	L
42	60	U
42	61	-1
42	62	L
42	63	L
42	64	L
42	65	L
42	66	Lp
42	67	Lp
42	68	-1
42	69	Lp
42	70	Lp
42	71	-1
42	72	L
42	73	Lp
42	74	Lp
42	75	Lp
42	76	Lp
42	77	Lp
42	78	-1
42	79	Lp
42	80	Lp
42	81	Lp
42	82	Lp
42	83	Lp
42	84	Lp
42	85	Lp
42	86	U
42	87	U
42	88	L
42	89	L
42	90	L
42	91	-1
42	92	-1
42	93	-1
42	94	Lp
42	95	Lp
42	96	Lp
42	97	Lp
42	98	U
42	99	-1
42	100	-1
42	101	Lp
42	102	Lp
42	103	Lp
42	104	Lp
42	105	Lp
42	106	Lp
42	107	-1
42	108	-1
42	109	Lp
42	110	Lp
42	111	Lp
42	112	-1
42	113	Lp
42	114	Lp
42	115	Lp
42	116	Lp
42	117	L
42	118	L
42	119	L
43	0	L
43	1	L
43	2	L
43	3	L
43	4	U
43	5	U
43	6	U
43	7	Lp
43	8	Lp
43	9	Lp
43	10	Lp
43	11	L
43	12	L
43	13	L
43	14	-1
43	15	Lp
43	16	Lp
43	17	Lp
43	18	Lp
43	19	L
43	20	L
43	21	L
43	22	L
43	23	L
43	24	L
43	25	L
43	26	L
43	27	L
43	28	-1
43	29	-1
43	30	-1
43	31	-1
43	32	L
43	33	-1
43	34	L
43	35	-1
43	36	L
43	37	L
43	38	L
43	39	L
43	40	L
43	41	L
43	42	-1
43	43	L
43	44	L
43	45	Lp
43	46	-1
43	47	L
43	48	U
43	49	Lp
43	50	Lp
43	51	Lp
43	52	-1
43	53	-1
43	54	Lp
43	55	Lp
43	56	Lp
43	57	L
43	58	-1
43	59	L
43	60	-1
43	61	U
43	62	-1
43	63	L
43	64	-1
43	65	L
43	66	Lp
43	67	L
43	68	Lp
43	69	Lp
43	70	L
43	71	-1
43	72	L
43	73	-1
43	74	Lp
43	75	Lp
43	76	-1
43	77	L
43	78	-1
43	79	L
43	80	-1
43	81	-1
43	82	-1
43	83	Lp
43	84	L
43	85	L
43	86	-1
43	87	L
43	88	L
43	89	Lp
43	90	L
43	91	L
43	92	Lp
43	93	Lp
43	94	Lp
43	95	Lp
43	96	Lp
43	97	U
43	98	U
43	99	U
43	100	U
43	101	-1
43	102	Lp
43	103	Lp
43	104	Lp
43	105	Lp
43	106	-1
43	107	Lp
43	108	Lp
43	109	Lp
43	110	Lp
43	111	-1
43	112	Lp
43	113	L
43	114	L
43	115	Lp
43	116	Lp
43	117	-1
43	118	L
43	119	L
44	0	L
44	1	L
44	2	L
44	3	L
44	4	L
44	5	U
44	6	Lp
44	7	Lp
44	8	-1
44	9	Lp
44	10	-1
44	11	L
44	12	L
44	13	-1
44	14	Lp
44	15	Lp
44	16	Lp
44	17	Lp
44	18	Lp
44	19	L
44	20	L
44	21	-1
44	22	Lp
44	23	-1
44	24	L
44	25	L
44	26	L
44	27	Lp
44	28	Lp
44	29	L
44	30	L
44	31	-1
44	32	L
44	33	L
44	34	L
44	35	L
44	36	L
44	37	L
44	38	-1
44	39	L
44	40	L
44	41	-1
44	42	Lp
44	43	L
44	44	L
44	45	Lp
44	46	Lp
44	47	L
44	48	Lp
44	49	-1
44	50	Lp
44	51	Lp
44	52	Lp
44	53	Lp
44	54	Lp
44	55	-1
44	56	Lp
44	57	-1
44	58	L
44	59	L
44	60	L
44	61	L
44	62	U
44	63	-1
44	64	L
44	65	Lp
44	66	-1
44	67	Lp
44	68	-1
44	69	Lp
44	70	-1
44	71	L
44	72	L
44	73	Lp
44	74	-1
44	75	-1
44	76	-1
44	77	-1
44	78	L
44	79	Lp
44	80	L
44	81	L
44	82	Lp
44	83	Lp
44	84	L
44	85	-1
44	86	L
44	87	L
44	88	L
44	89	L
44	90	L
44	91	-1
44	92	-1
44	93	-1
44	94	Lp
44	95	L
44	96	Lp
44	97	U
44	98	Lp
44	99	Lp
44	100	-1
44	101	U
44	102	-1
44	103	Lp
44	104	U
44	105	Lp
44	106	Lp
44	107	Lp
44	108	-1
44	109	-1
44	110	-1
44	111	L
44	112	L
44	113	Lp
44	114	Lp
44	115	-1
44	116	L
44	117	L
44	118	L
44	119	L
45	0	L
45	1	-1
45	2	-1
45	3	-1
45	4	L
45	5	L
45	6	L
45	7	-1
45	8	Lp
45	9	Lp
45	10	-1
45	11	-1
45	12	L
45	13	Lp
45	14	-1
45	15	-1
45	16	Lp
45	17	Lp
45	18	Lp
45	19	Lp
45	20	Lp
45	21	-1
45	22	-1
45	23	L
45	24	Lp
45	25	L
45	26	-1
45	27	L
45	28	Lp
45	29	L
45	30	L
45	31	-1
45	32	L
45	33	L
45	34	L
45	35	L
45	36	L
45	37	L
45	38	-1
45	39	L
45	40	L
45	41	Lp
45	42	Lp
45	43	Lp
45	44	L
45	45	-1
45	46	-1
45	47	Lp
45	48	Lp
45	49	Lp
45	50	Lp
45	51	Lp
45	52	Lp
45	53	-1
45	54	Lp
45	55	-1
45	56	-1
45	57	L
45	58	L
45	59	U
45	60	L
45	61	Lp
45	62	Lp
45	63	Lp
45	64	Lp
45	65	-1
45	66	Lp
45	67	-1
45	68	L
45	69	Lp
45	70	-1
45	71	-1
45	72	L
45	73	Lp
45	74	-1
45	75	Lp
45	76	-1
45	77	Lp
45	78	Lp
45	79	L
45	80	L
45	81	Lp
45	82	L
45	83	L
45	84	Lp
45	85	L
45	86	L
45	87	-1
45	88	L
45	89	-1
45	90	-1
45	91	L
45	92	Lp
45	93	Lp
45	94	Lp
45	95	Lp
45	96	Lp
45	97	-1
45	98	U
45	99	Lp
45	100	U
45	101	U
45	102	U
45	103	Lp
45	104	Lp
45	105	-1
45	106	Lp
45	107	Lp
45	108	Lp
45	109	Lp
45	110	Lp
45	111	L
45	112	L
45	113	L
45	114	L
45	115	L
45	116	L
45	117	L
45	118	L
45	119	L
46	0	-1
46	1	-1
46	2	-1
46	3	L
46	4	Lp
46	5	Lp
46	6	L
46	7	L
46	8	Lp
46	9	Lp
46	10	Lp
46	11	-1
46	12	L
46	13	Lp
46	14	-1
46	15	-1
46	16	-1
46	17	Lp
46	18	Lp
46	19	Lp
46	20	-1
46	21	Lp
46	22	Lp
46	23	Lp
46	24	Lp
46	25	Lp
46	26	L
46	27	-1
46	28	L
46	29	L
46	30	-1
46	31	L
46	32	L
46	33	L
46	34	L
46	35	-1
46	36	-1
46	37	L
46	38	L
46	39	L
46	40	L
46	41	L
46	42	-1
46	43	-1
46	44	Lp
46	45	L
46	46	Lp
46	47	Lp
46	48	-1
46	49	Lp
46	50	-1
46	51	Lp
46	52	Lp
46	53	-1
46	54	-1
46	55	L
46	56	-1
46	57	-1
46	58	-1
46	59	L
46	60	Lp
46	61	Lp
46	62	Lp
46	63	Lp
46	64	Lp
46	65	Lp
46	66	L
46	67	Lp
46	68	-1
46	69	Lp
46	70	L
46	71	L
46	72	Lp
46	73	Lp
46	74	Lp
46	75	-1
46	76	-1
46	77	-1
46	78	Lp
46	79	-1
46	80	-1
46	81	Lp
46	82	-1
46	83	-1
46	84	-1
46	85	L
46	86	L
46	87	L
46	88	L
46	89	-1
46	90	L
46	91	L
46	92	Lp
46	93	L
46	94	Lp
46	95	Lp
46	96	Lp
46	97	Lp
46	98	L
46	99	U
46	100	U
46	101	U
46	102	U
46	103	U
46	104	U
46	105	Lp
46	106	-1
46	107	Lp
46	108	Lp
46	109	-1
46	110	L
46	111	L
46	112	L
46	113	L
46	114	-1
46	115	L
46	116	-1
46	117	L
46	118	L
46	119	L
47	0	L
47	1	L
47	2	L
47	3	L
47	4	Lp
47	5	L
47	6	-1
47	7	Lp
47	8	Lp
47	9	-1
47	10	Lp
47	11	Lp
47	12	-1
47	13	L
47	14	Lp
47	15	Lp
47	16	Lp
47	17	Lp
47	18	-1
47	19	Lp
47	20	Lp
47	21	Lp
47	22	-1
47	23	Lp
47	24	-1
47	25	Lp
47	26	Lp
47	27	L
47	28	Lp
47	29	Lp
47	30	L
47	31	L
47	32	L
47	33	L
47	34	L
47	35	L
47	36	L
47	37	L
47	38	L
47	39	L
47	40	L
47	41	-1
47	42	Lp
47	43	Lp
47	44	Lp
47	45	L
47	46	Lp
47	47	Lp
47	48	Lp
47	49	Lp
47	50	Lp
47	51	Lp
47	52	-1
47	53	-1
47	54	-1
47	55	L
47	56	L
47	57	-1
47	58	L
47	59	L
47	60	-1
47	61	Lp
47	62	Lp
47	63	Lp
47	64	Lp
47	65	-1
47	66	-1
47	67	Lp
47	68	L
47	69	Lp
47	70	L
47	71	L
47	72	Lp
47	73	-1
47	74	Lp
47	75	Lp
47	76	Lp
47	77	Lp
47	78	-1
47	79	Lp
47	80	Lp
47	81	Lp
47	82	Lp
47	83	Lp
47	84	Lp
47	85	Lp
47	86	-1
47	87	-1
47	88	L
47	89	-1
47	90	L
47	91	L
47	92	-1
47	93	L
47	94	-1
47	95	Lp
47	96	-1
47	97	-1
47	98	Lp
47	99	-1
47	100	Lp
47	101	U
47	102	U
47	103	-1
47	104	U
47	105	Lp
47	106	Lp
47	107	Lp
47	108	Lp
47	109	-1
47	110	Lp
47	111	-1
47	112	L
47	113	Lp
47	114	L
47	115	L
47	116	-1
47	117	-1
47	118	-1
47	119	-1
48	0	L
48	1	L
48	2	L
48	3	L
48	4	-1
48	5	Lp
48	6	Lp
48	7	-1
48	8	-1
48	9	Lp
48	10	Lp
48	11	Lp
48	12	Lp
48	13	Lp
48	14	Lp
48	15	-1
48	16	Lp
48	17	L
48	18	-1
48	19	Lp
48	20	Lp
48	21	-1
48	22	Lp
48	23	Lp
48	24	Lp
48	25	-1
48	26	-1
48	27	Lp
48	28	Lp
48	29	Lp
48	30	U
48	31	Lp
48	32	Lp
48	33	L
48	34	L
48	35	L
48	36	L
48	37	-1
48	38	L
48	39	L
48	40	L
48	41	L
48	42	Lp
48	43	L
48	44	L
48	45	U
48	46	-1
48	47	Lp
48	48	Lp
48	49	Lp
48	50	Lp
48	51	Lp
48	52	Lp
48	53	Lp
48	54	Lp
48	55	Lp
48	56	Lp
48	57	L
48	58	L
48	59	L
48	60	-1
48	61	Lp
48	62	Lp
48	63	Lp
48	64	Lp
48	65	Lp
48	66	-1
48	67	Lp
48	68	L
48	69	Lp
48	70	Lp
48	71	Lp
48	72	L
48	73	Lp
48	74	Lp
48	75	Lp
48	76	Lp
48	77	-1
48	78	Lp
48	79	Lp
48	80	-1
48	81	Lp
48	82	Lp
48	83	Lp
48	84	Lp
48	85	Lp
48	86	L
48	87	L
48	88	L
48	89	L
48	90	L
48	91	L
48	92	L
48	93	Lp
48	94	L
48	95	L
48	96	L
48	97	Lp
48	98	Lp
48	99	Lp
48	100	-1
48	101	-1
48	102	Lp
48	103	Lp
48	104	Lp
48	105	Lp
48	106	Lp
48	107	-1
48	108	Lp
48	109	Lp
48	110	L
48	111	-1
48	112	Lp
48	113	Lp
48	114	L
48	115	L
48	116	L
48	117	L
48	118	L
48	119	L
49	0	Lp
49	1	-1
49	2	-1
49	3	L
49	4	Lp
49	5	Lp
49	6	Lp
49	7	Lp
49	8	Lp
49	9	Lp
49	10	Lp
49	11	Lp
49	12	Lp
49	13	Lp
49	14	Lp
49	15	-1
49	16	L
49	17	Lp
49	18	-1
49	19	Lp
49	20	Lp
49	21	-1
49	22	Lp
49	23	Lp
49	24	Lp
49	25	Lp
49	26	Lp
49	27	-1
49	28	-1
49	29	Lp
49	30	Lp
49	31	L
49	32	L
49	33	L
49	34	-1
49	35	Lp
49	36	Lp
49	37	-1
49	38	-1
49	39	Lp
49	40	L
49	41	-1
49	42	U
49	43	U
49	44	-1
49	45	Lp
49	46	Lp
49	47	Lp
49	48	-1
49	49	-1
49	50	Lp
49	51	-1
49	52	Lp
49	53	-1
49	54	Lp
49	55	Lp
49	56	L
49	57	L
49	58	Lp
49	59	L
49	60	-1
49	61	-1
49	62	Lp
49	63	Lp
49	64	Lp
49	65	Lp
49	66	Lp
49	67	Lp
49	68	Lp
49	69	Lp
49	70	-1
49	71	-1
49	72	Lp
49	73	Lp
49	74	-1
49	75	Lp
49	76	Lp
49	77	U
49	78	Lp
49	79	Lp
49	80	L
49	81	Lp
49	82	-1
49	83	Lp
49	84	-1
49	85	L
49	86	L
49	87	Lp
49	88	L
49	89	L
49	90	L
49	91	L
49	92	L
49	93	-1
49	94	-1
49	95	L
49	96	L
49	97	Lp
49	98	Lp
49	99	-1
49	100	-1
49	101	-1
49	102	Lp
49	103	Lp
49	104	Lp
49	105	-1
49	106	Lp
49	107	Lp
49	108	Lp
49	109	Lp
49	110	Lp
49	111	-1
49	112	Lp
49	113	Lp
49	114	L
49	115	L
49	116	-1
49	117	Lp
49	118	-1
49	119	Lp
50	0	Lp
50	1	Lp
50	2	Lp
50	3	L
50	4	-1
50	5	-1
50	6	Lp
50	7	Lp
50	8	Lp
50	9	Lp
50	10	-1
50	11	Lp
50	12	Lp
50	13	Lp
50	14	-1
50	15	Lp
50	16	Lp
50	17	L
50	18	Lp
50	19	Lp
50	20	Lp
50	21	L
50	22	Lp
50	23	Lp
50	24	Lp
50	25	Lp
50	26	Lp
50	27	Lp
50	28	L
50	29	Lp
50	30	Lp
50	31	Lp
50	32	Lp
50	33	-1
50	34	L
50	35	Lp
50	36	-1
50	37	L
50	38	L
50	39	Lp
50	40	Lp
50	41	-1
50	42	U
50	43	U
50	44	Lp
50	45	Lp
50	46	Lp
50	47	Lp
50	48	Lp
50	49	Lp
50	50	Lp
50	51	Lp
50	52	-1
50	53	-1
50	54	-1
50	55	Lp
50	56	Lp
50	57	-1
50	58	L
50	59	L
50	60	-1
50	61	Lp
50	62	Lp
50	63	Lp
50	64	Lp
50	65	Lp
50	66	Lp
50	67	Lp
50	68	-1
50	69	-1
50	70	-1
50	71	-1
50	72	Lp
50	73	Lp
50	74	Lp
50	75	Lp
50	76	U
50	77	U
50	78	U
50	79	-1
50	80	L
50	81	L
50	82	L
50	83	L
50	84	-1
50	85	L
50	86	Lp
50	87	Lp
50	88	Lp
50	89	Lp
50	90	-1
50	91	L
50	92	L
50	93	Lp
50	94	L
50	95	L
50	96	L
50	97	-1
50	98	-1
50	99	Lp
50	100	Lp
50	101	Lp
50	102	-1
50	103	-1
50	104	Lp
50	105	Lp
50	106	Lp
50	107	Lp
50	108	Lp
50	109	Lp
50	110	Lp
50	111	Lp
50	112	Lp
50	113	Lp
50	114	Lp
50	115	Lp
50	116	Lp
50	117	Lp
50	118	Lp
50	119	Lp
51	0	Lp
51	1	Lp
51	2	Lp
51	3	L
51	4	Lp
51	5	Lp
51	6	Lp
51	7	Lp
51	8	Lp
51	9	Lp
51	10	Lp
51	11	Lp
51	12	Lp
51	13	Lp
51	14	-1
51	15	L
51	16	L
51	17	-1
51	18	L
51	19	L
51	20	L
51	21	-1
51	22	Lp
51	23	Lp
51	24	-1
51	25	Lp
51	26	Lp
51	27	L
51	28	Lp
51	29	L
51	30	Lp
51	31	Lp
51	32	Lp
51	33	L
51	34	Lp
51	35	L
51	36	L
51	37	L
51	38	L
51	39	-1
51	40	-1
51	41	-1
51	42	Lp
51	43	Lp
51	44	Lp
51	45	Lp
51	46	L
51	47	Lp
51	48	L
51	49	Lp
51	50	Lp
51	51	-1
51	52	U
51	53	L
51	54	L
51	55	L
51	56	Lp
51	57	Lp
51	58	Lp
51	59	Lp
51	60	Lp
51	61	Lp
51	62	Lp
51	63	L
51	64	L
51	65	Lp
51	66	Lp
51	67	Lp
51	68	-1
51	69	Lp
51	70	Lp
51	71	Lp
51	72	Lp
51	73	Lp
51	74	Lp
51	75	Lp
51	76	U
51	77	Lp
51	78	Lp
51	79	U
51	80	U
51	81	-1
51	82	L
51	83	U
51	84	-1
51	85	-1
51	86	Lp
51	87	Lp
51	88	-1
51	89	Lp
51	90	Lp
51	91	Lp
51	92	-1
51	93	Lp
51	94	-1
51	95	L
51	96	L
51	97	Lp
51	98	L
51	99	L
51	100	Lp
51	101	Lp
51	102	-1
51	103	Lp
51	104	Lp
51	105	-1
51	106	Lp
51	107	Lp
51	108	Lp
51	109	Lp
51	110	-1
51	111	-1
51	112	Lp
51	113	Lp
51	114	-1
51	115	-1
51	116	Lp
51	117	Lp
51	118	Lp
51	119	Lp
52	0	Lp
52	1	-1
52	2	Lp
52	3	Lp
52	4	Lp
52	5	Lp
52	6	Lp
52	7	-1
52	8	-1
52	9	-1
52	10	-1
52	11	Lp
52	12	Lp
52	13	Lp
52	14	Lp
52	15	Lp
52	16	-1
52	17	Lp
52	18	L
52	19	L
52	20	L
52	21	L
52	22	Lp
52	23	Lp
52	24	Lp
52	25	Lp
52	26	-1
52	27	Lp
52	28	-1
52	29	L
52	30	-1
52	31	Lp
52	32	L
52	33	L
52	34	U
52	35	Lp
52	36	L
52	37	L
52	38	L
52	39	-1
52	40	Lp
52	41	-1
52	42	-1
52	43	Lp
52	44	Lp
52	45	Lp
52	46	L
52	47	L
52	48	Lp
52	49	L
52	50	Lp
52	51	Lp
52	52	L
52	53	L
52	54	L
52	55	Lp
52	56	Lp
52	57	-1
52	58	Lp
52	59	Lp
52	60	-1
52	61	Lp
52	62	Lp
52	63	-1
52	64	-1
52	65	-1
52	66	-1
52	67	-1
52	68	Lp
52	69	Lp
52	70	-1
52	71	-1
52	72	-1
52	73	Lp
52	74	Lp
52	75	Lp
52	76	Lp
52	77	Lp
52	78	-1
52	79	U
52	80	-1
52	81	L
52	82	Lp
52	83	-1
52	84	U
52	85	Lp
52	86	Lp
52	87	Lp
52	88	Lp
52	89	Lp
52	90	-1
52	91	Lp
52	92	Lp
52	93	Lp
52	94	Lp
52	95	-1
52	96	-1
52	97	Lp
52	98	-1
52	99	Lp
52	100	Lp
52	101	Lp
52	102	Lp
52	103	Lp
52	104	Lp
52	105	Lp
52	106	Lp
52	107	Lp
52	108	Lp
52	109	Lp
52	110	-1
52	111	Lp
52	112	Lp
52	113	Lp
52	114	Lp
52	115	Lp
52	116	Lp
52	117	Lp
52	118	Lp
52	119	-1
53	0	-1
53	1	Lp
53	2	Lp
53	3	Lp
53	4	Lp
53	5	Lp
53	6	Lp
53	7	L
53	8	-1
53	9	L
53	10	L
53	11	L
53	12	-1
53	13	Lp
53	14	-1
53	15	Lp
53	16	Lp
53	17	L
53	18	L
53	19	L
53	20	L
53	21	Lp
53	22	Lp
53	23	Lp
53	24	Lp
53	25	U
53	26	U
53	27	Lp
53	28	-1
53	29	-1
53	30	L
53	31	L
53	32	L
53	33	L
53	34	Lp
53	35	Lp
53	36	L
53	37	-1
53	38	-1
53	39	Lp
53	40	-1
53	41	-1
53	42	Lp
53	43	Lp
53	44	Lp
53	45	Lp
53	46	Lp
53	47	L
53	48	Lp
53	49	Lp
53	50	Lp
53	51	L
53	52	Lp
53	53	L
53	54	Lp
53	55	Lp
53	56	L
53	57	L
53	58	-1
53	59	Lp
53	60	Lp
53	61	Lp
53	62	Lp
53	63	Lp
53	64	-1
53	65	-1
53	66	Lp
53	67	-1
53	68	Lp
53	69	Lp
53	70	-1
53	71	Lp
53	72	-1
53	73	Lp
53	74	Lp
53	75	Lp
53	76	U
53	77	Lp
53	78	Lp
53	79	U
53	80	U
53	81	Lp
53	82	Lp
53	83	Lp
53	84	Lp
53	85	Lp
53	86	-1
53	87	-1
53	88	Lp
53	89	Lp
53	90	Lp
53	91	Lp
53	92	Lp
53	93	Lp
53	94	Lp
53	95	Lp
53	96	Lp
53	97	Lp
53	98	-1
53	99	L
53	100	-1
53	101	Lp
53	102	Lp
53	103	Lp
53	104	Lp
53	105	Lp
53	106	-1
53	107	Lp
53	108	Lp
53	109	-1
53	110	Lp
53	111	Lp
53	112	-1
53	113	Lp
53	114	-1
53	115	Lp
53	116	Lp
53	117	-1
53	118	L
53	119	L
54	0	-1
54	1	Lp
54	2	-1
54	3	Lp
54	4	Lp
54	5	Lp
54	6	-1
54	7	L
54	8	L
54	9	L
54	10	-1
54	11	Lp
54	12	Lp
54	13	L
54	14	-1
54	15	L
54	16	L
54	17	L
54	18	-1
54	19	L
54	20	L
54	21	Lp
54	22	L
54	23	Lp
54	24	Lp
54	25	Lp
54	26	Lp
54	27	Lp
54	28	Lp
54	29	-1
54	30	Lp
54	31	L
54	32	L
54	33	L
54	34	-1
54	35	-1
54	36	Lp
54	37	Lp
54	38	Lp
54	39	Lp
54	40	-1
54	41	-1
54	42	Lp
54	43	Lp
54	44	Lp
54	45	Lp
54	46	Lp
54	47	Lp
54	48	Lp
54	49	L
54	50	Lp
54	51	Lp
54	52	Lp
54	53	Lp
54	54	Lp
54	55	Lp
54	56	-1
54	57	L
54	58	Lp
54	59	-1
54	60	Lp
54	61	Lp
54	62	Lp
54	63	L
54	64	Lp
54	65	L
54	66	L
54	67	-1
54	68	-1
54	69	Lp
54	70	Lp
54	71	Lp
54	72	Lp
54	73	Lp
54	74	Lp
54	75	U
54	76	-1
54	77	U
54	78	U
54	79	U
54	80	U
54	81	Lp
54	82	-1
54	83	-1
54	84	Lp
54	85	Lp
54	86	L
54	87	Lp
54	88	-1
54	89	Lp
54	90	Lp
54	91	-1
54	92	-1
54	93	Lp
54	94	L
54	95	Lp
54	96	-1
54	97	Lp
54	98	-1
54	99	Lp
54	100	Lp
54	101	Lp
54	102	Lp
54	103	Lp
54	104	Lp
54	105	Lp
54	106	-1
54	107	Lp
54	108	-1
54	109	Lp
54	110	Lp
54	111	Lp
54	112	Lp
54	113	-1
54	114	Lp
54	115	Lp
54	116	-1
54	117	-1
54	118	Lp
54	119	L
55	0	Lp
55	1	Lp
55	2	Lp
55	3	Lp
55	4	Lp
55	5	-1
55	6	Lp
55	7	L
55	8	L
55	9	L
55	10	Lp
55	11	Lp
55	12	L
55	13	-1
55	14	L
55	15	Lp
55	16	L
55	17	L
55	18	-1
55	19	-1
55	20	-1
55	21	L
55	22	-1
55	23	Lp
55	24	Lp
55	25	Lp
55	26	Lp
55	27	Lp
55	28	Lp
55	29	Lp
55	30	Lp
55	31	Lp
55	32	L
55	33	-1
55	34	-1
55	35	Lp
55	36	Lp
55	37	U
55	38	Lp
55	39	Lp
55	40	Lp
55	41	Lp
55	42	Lp
55	43	Lp
55	44	Lp
55	45	-1
55	46	-1
55	47	Lp
55	48	Lp
55	49	-1
55	50	Lp
55	51	L
55	52	L
55	53	Lp
55	54	Lp
55	55	-1
55	56	L
55	57	Lp
55	58	Lp
55	59	Lp
55	60	-1
55	61	Lp
55	62	Lp
55	63	Lp
55	64	Lp
55	65	L
55	66	L
55	67	Lp
55	68	Lp
55	69	Lp
55	70	-1
55	71	L
55	72	-1
55	73	L
55	74	L
55	75	U
55	76	-1
55	77	U
55	78	U
55	79	U
55	80	-1
55	81	Lp
55	82	Lp
55	83	Lp
55	84	L
55	85	-1
55	86	Lp
55	87	Lp
55	88	-1
55	89	Lp
55	90	-1
55	91	Lp
55	92	-1
55	93	-1
55	94	-1
55	95	Lp
55	96	Lp
55	97	Lp
55	98	Lp
55	99	L
55	100	-1
55	101	Lp
55	102	Lp
55	103	-1
55	104	-1
55	105	Lp
55	106	Lp
55	107	Lp
55	108	Lp
55	109	Lp
55	110	Lp
55	111	-1
55	112	-1
55	113	Lp
55	114	Lp
55	115	Lp
55	116	Lp
55	117	-1
55	118	Lp
55	119	Lp
56	0	Lp
56	1	Lp
56	2	Lp
56	3	Lp
56	4	L
56	5	Lp
56	6	L
56	7	L
56	8	L
56	9	Lp
56	10	Lp
56	11	Lp
56	12	Lp
56	13	L
56	14	-1
56	15	L
56	16	L
56	17	Lp
56	18	L
56	19	L
56	20	L
56	21	L
56	22	L
56	23	Lp
56	24	Lp
56	25	Lp
56	26	Lp
56	27	Lp
56	28	Lp
56	29	Lp
56	30	Lp
56	31	-1
56	32	Lp
56	33	-1
56	34	Lp
56	35	Lp
56	36	Lp
56	37	-1
56	38	-1
56	39	Lp
56	40	-1
56	41	Lp
56	42	-1
56	43	Lp
56	44	Lp
56	45	-1
56	46	Lp
56	47	Lp
56	48	Lp
56	49	Lp
56	50	Lp
56	51	Lp
56	52	-1
56	53	Lp
56	54	Lp
56	55	L
56	56	L
56	57	Lp
56	58	Lp
56	59	Lp
56	60	-1
56	61	L
56	62	-1
56	63	-1
56	64	Lp
56	65	Lp
56	66	L
56	67	Lp
56	68	-1
56	69	-1
56	70	Lp
56	71	L
56	72	L
56	73	L
56	74	Lp
56	75	Lp
56	76	-1
56	77	-1
56	78	Lp
56	79	-1
56	80	Lp
56	81	Lp
56	82	Lp
56	83	Lp
56	84	Lp
56	85	Lp
56	86	Lp
56	87	-1
56	88	Lp
56	89	U
56	90	-1
56	91	-1
56	92	Lp
56	93	Lp
56	94	-1
56	95	-1
56	96	Lp
56	97	Lp
56	98	-1
56	99	L
56	100	Lp
56	101	-1
56	102	-1
56	103	Lp
56	104	-1
56	105	Lp
56	106	-1
56	107	Lp
56	108	Lp
56	109	Lp
56	110	Lp
56	111	-1
56	112	Lp
56	113	Lp
56	114	Lp
56	115	Lp
56	116	-1
56	117	Lp
56	118	Lp
56	119	-1
57	0	Lp
57	1	-1
57	2	-1
57	3	-1
57	4	-1
57	5	L
57	6	L
57	7	L
57	8	Lp
57	9	-1
57	10	Lp
57	11	-1
57	12	L
57	13	L
57	14	Lp
57	15	L
57	16	-1
57	17	L
57	18	L
57	19	-1
57	20	L
57	21	L
57	22	Lp
57	23	Lp
57	24	Lp
57	25	Lp
57	26	Lp
57	27	Lp
57	28	Lp
57	29	Lp
57	30	Lp
57	31	Lp
57	32	-1
57	33	-1
57	34	-1
57	35	-1
57	36	-1
57	37	-1
57	38	Lp
57	39	-1
57	40	Lp
57	41	-1
57	42	-1
57	43	Lp
57	44	Lp
57	45	-1
57	46	Lp
57	47	Lp
57	48	Lp
57	49	Lp
57	50	-1
57	51	-1
57	52	Lp
57	53	Lp
57	54	L
57	55	-1
57	56	Lp
57	57	Lp
57	58	Lp
57	59	Lp
57	60	Lp
57	61	-1
57	62	-1
57	63	Lp
57	64	Lp
57	65	-1
57	66	Lp
57	67	Lp
57	68	Lp
57	69	-1
57	70	Lp
57	71	-1
57	72	L
57	73	L
57	74	Lp
57	75	Lp
57	76	Lp
57	77	Lp
57	78	-1
57	79	-1
57	80	Lp
57	81	Lp
57	82	-1
57	83	-1
57	84	Lp
57	85	Lp
57	86	Lp
57	87	U
57	88	U
57	89	U
57	90	Lp
57	91	-1
57	92	Lp
57	93	-1
57	94	-1
57	95	-1
57	96	Lp
57	97	Lp
57	98	-1
57	99	Lp
57	100	Lp
57	101	Lp
57	102	Lp
57	103	Lp
57	104	-1
57	105	Lp
57	106	Lp
57	107	-1
57	108	-1
57	109	Lp
57	110	Lp
57	111	Lp
57	112	Lp
57	113	-1
57	114	Lp
57	115	Lp
57	116	Lp
57	117	-1
57	118	Lp
57	119	Lp
58	0	Lp
58	1	L
58	2	-1
58	3	L
58	4	-1
58	5	L
58	6	L
58	7	Lp
58	8	Lp
58	9	Lp
58	10	Lp
58	11	Lp
58	12	Lp
58	13	Lp
58	14	-1
58	15	-1
58	16	L
58	17	L
58	18	Lp
58	19	L
58	20	Lp
58	21	Lp
58	22	Lp
58	23	-1
58	24	Lp
58	25	U
58	26	-1
58	27	-1
58	28	Lp
58	29	Lp
58	30	Lp
58	31	Lp
58	32	Lp
58	33	Lp
58	34	Lp
58	35	Lp
58	36	-1
58	37	-1
58	38	-1
58	39	Lp
58	40	Lp
58	41	Lp
58	42	-1
58	43	-1
58	44	U
58	45	U
58	46	U
58	47	Lp
58	48	Lp
58	49	Lp
58	50	-1
58	51	Lp
58	52	Lp
58	53	Lp
58	54	Lp
58	55	Lp
58	56	L
58	57	-1
58	58	L
58	59	-1
58	60	L
58	61	L
58	62	-1
58	63	Lp
58	64	Lp
58	65	Lp
58	66	Lp
58	67	Lp
58	68	Lp
58	69	Lp
58	70	-1
58	71	L
58	72	Lp
58	73	Lp
58	74	Lp
58	75	Lp
58	76	Lp
58	77	-1
58	78	-1
58	79	Lp
58	80	Lp
58	81	Lp
58	82	Lp
58	83	-1
58	84	Lp
58	85	L
58	86	Lp
58	87	Lp
58	88	Lp
58	89	Lp
58	90	-1
58	91	Lp
58	92	Lp
58	93	-1
58	94	Lp
58	95	Lp
58	96	-1
58	97	-1
58	98	Lp
58	99	-1
58	100	-1
58	101	Lp
58	102	Lp
58	103	-1
58	104	-1
58	105	Lp
58	106	-1
58	107	Lp
58	108	Lp
58	109	Lp
58	110	Lp
58	111	-1
58	112	Lp
58	113	Lp
58	114	Lp
58	115	-1
58	116	Lp
58	117	Lp
58	118	Lp
58	119	-1
59	0	-1
59	1	Lp
59	2	Lp
59	3	L
59	4	L
59	5	L
59	6	L
59	7	-1
59	8	L
59	9	-1
59	10	Lp
59	11	Lp
59	12	-1
59	13	-1
59	14	-1
59	15	-1
59	16	L
59	17	Lp
59	18	Lp
59	19	-1
59	20	Lp
59	21	Lp
59	22	Lp
59	23	Lp
59	24	-1
59	25	Lp
59	26	Lp
59	27	Lp
59	28	Lp
59	29	Lp
59	30	-1
59	31	Lp
59	32	-1
59	33	Lp
59	34	Lp
59	35	Lp
59	36	Lp
59	37	Lp
59	38	Lp
59	39	-1
59	40	Lp
59	41	Lp
59	42	-1
59	43	Lp
59	44	U
59	45	Lp
59	46	Lp
59	47	Lp
59	48	Lp
59	49	L
59	50	Lp
59	51	L
59	52	-1
59	53	Lp
59	54	-1
59	55	L
59	56	L
59	57	L
59	58	L
59	59	L
59	60	L
59	61	L
59	62	L
59	63	L
59	64	Lp
59	65	L
59	66	Lp
59	67	Lp
59	68	Lp
59	69	Lp
59	70	-1
59	71	Lp
59	72	Lp
59	73	Lp
59	74	Lp
59	75	Lp
59	76	Lp
59	77	Lp
59	78	-1
59	79	Lp
59	80	Lp
59	81	Lp
59	82	-1
59	83	Lp
59	84	Lp
59	85	Lp
59	86	Lp
59	87	Lp
59	88	Lp
59	89	Lp
59	90	Lp
59	91	Lp
59	92	-1
59	93	Lp
59	94	Lp
59	95	Lp
59	96	Lp
59	97	Lp
59	98	-1
59	99	-1
59	100	-1
59	101	Lp
59	102	Lp
59	103	Lp
59	104	Lp
59	105	Lp
59	106	Lp
59	107	Lp
59	108	Lp
59	109	-1
59	110	-1
59	111	Lp
59	112	Lp
59	113	-1
59	114	Lp
59	115	Lp
59	116	-1
59	117	-1
59	118	Lp
59	119	Lp
60	0	-1
60	1	Lp
60	2	-1
60	3	Lp
60	4	L
60	5	L
60	6	L
60	7	L
60	8	L
60	9	L
60	10	Lp
60	11	-1
60	12	Lp
60	13	Lp
60	14	Lp
60	15	Lp
60	16	Lp
60	17	Lp
60	18	Lp
60	19	Lp
60	20	Lp
60	21	Lp
60	22	Lp
60	23	Lp
60	24	Lp
60	25	Lp
60	26	Lp
60	27	Lp
60	28	Lp
60	29	-1
60	30	Lp
60	31	Lp
60	32	Lp
60	33	Lp
60	34	-1
60	35	Lp
60	36	Lp
60	37	Lp
60	38	Lp
60	39	-1
60	40	Lp
60	41	Lp
60	42	Lp
60	43	Lp
60	44	U
60	45	U
60	46	Lp
60	47	Lp
60	48	Lp
60	49	Lp
60	50	Lp
60	51	Lp
60	52	Lp
60	53	-1
60	54	Lp
60	55	L
60	56	L
60	57	L
60	58	L
60	59	L
60	60	L
60	61	L
60	62	-1
60	63	Lp
60	64	Lp
60	65	L
60	66	Lp
60	67	L
60	68	Lp
60	69	Lp
60	70	-1
60	71	Lp
60	72	Lp
60	73	Lp
60	74	-1
60	75	U
60	76	-1
60	77	Lp
60	78	Lp
60	79	Lp
60	80	Lp
60	81	-1
60	82	-1
60	83	Lp
60	84	-1
60	85	Lp
60	86	Lp
60	87	-1
60	88	-1
60	89	Lp
60	90	Lp
60	91	L
60	92	L
60	93	-1
60	94	Lp
60	95	Lp
60	96	Lp
60	97	Lp
60	98	Lp
60	99	-1
60	100	-1
60	101	Lp
60	102	Lp
60	103	Lp
60	104	Lp
60	105	Lp
60	106	Lp
60	107	Lp
60	108	U
60	109	Lp
60	110	Lp
60	111	Lp
60	112	-1
60	113	Lp
60	114	-1
60	115	Lp
60	116	-1
60	117	-1
60	118	Lp
60	119	L
61	0	-1
61	1	L
61	2	Lp
61	3	Lp
61	4	L
61	5	L
61	6	L
61	7	-1
61	8	L
61	9	L
61	10	-1
61	11	Lp
61	12	Lp
61	13	Lp
61	14	Lp
61	15	Lp
61	16	Lp
61	17	Lp
61	18	Lp
61	19	U
61	20	Lp
61	21	-1
61	22	Lp
61	23	Lp
61	24	Lp
61	25	-1
61	26	-1
61	27	Lp
61	28	Lp
61	29	Lp
61	30	Lp
61	31	Lp
61	32	L
61	33	-1
61	34	Lp
61	35	Lp
61	36	L
61	37	L
61	38	L
61	39	Lp
61	40	Lp
61	41	L
61	42	Lp
61	43	Lp
61	44	Lp
61	45	-1
61	46	-1
61	47	-1
61	48	Lp
61	49	Lp
61	50	Lp
61	51	L
61	52	Lp
61	53	Lp
61	54	Lp
61	55	L
61	56	L
61	57	L
61	58	L
61	59	L
61	60	-1
61	61	L
61	62	Lp
61	63	Lp
61	64	-1
61	65	L
61	66	L
61	67	Lp
61	68	-1
61	69	Lp
61	70	-1
61	71	Lp
61	72	Lp
61	73	Lp
61	74	U
61	75	-1
61	76	Lp
61	77	Lp
61	78	Lp
61	79	Lp
61	80	Lp
61	81	Lp
61	82	-1
61	83	Lp
61	84	-1
61	85	Lp
61	86	Lp
61	87	Lp
61	88	-1
61	89	Lp
61	90	Lp
61	91	L
61	92	-1
61	93	L
61	94	Lp
61	95	-1
61	96	Lp
61	97	-1
61	98	Lp
61	99	L
61	100	Lp
61	101	-1
61	102	Lp
61	103	Lp
61	104	Lp
61	105	Lp
61	106	U
61	107	U
61	108	Lp
61	109	Lp
61	110	Lp
61	111	Lp
61	112	Lp
61	113	Lp
61	114	-1
61	115	Lp
61	116	L
61	117	-1
61	118	-1
61	119	L
62	0	L
62	1	Lp
62	2	L
62	3	Lp
62	4	L
62	5	-1
62	6	L
62	7	L
62	8	Lp
62	9	-1
62	10	Lp
62	11	-1
62	12	-1
62	13	Lp
62	14	Lp
62	15	-1
62	16	Lp
62	17	L
62	18	Lp
62	19	Lp
62	20	Lp
62	21	-1
62	22	-1
62	23	-1
62	24	-1
62	25	Lp
62	26	-1
62	27	Lp
62	28	Lp
62	29	-1
62	30	Lp
62	31	L
62	32	L
62	33	L
62	34	Lp
62	35	L
62	36	L
62	37	L
62	38	L
62	39	L
62	40	-1
62	41	-1
62	42	Lp
62	43	Lp
62	44	Lp
62	45	-1
62	46	U
62	47	Lp
62	48	Lp
62	49	Lp
62	50	L
62	51	-1
62	52	Lp
62	53	Lp
62	54	Lp
62	55	Lp
62	56	L
62	57	L
62	58	-1
62	59	L
62	60	-1
62	61	L
62	62	-1
62	63	-1
62	64	L
62	65	L
62	66	L
62	67	Lp
62	68	-1
62	69	-1
62	70	Lp
62	71	Lp
62	72	Lp
62	73	-1
62	74	Lp
62	75	Lp
62	76	Lp
62	77	Lp
62	78	Lp
62	79	-1
62	80	-1
62	81	Lp
62	82	Lp
62	83	-1
62	84	Lp
62	85	Lp
62	86	Lp
62	87	Lp
62	88	Lp
62	89	-1
62	90	L
62	91	-1
62	92	L
62	93	Lp
62	94	-1
62	95	Lp
62	96	Lp
62	97	-1
62	98	Lp
62	99	L
62	100	L
62	101	Lp
62	102	Lp
62	103	Lp
62	104	Lp
62	105	Lp
62	106	Lp
62	107	-1
62	108	U
62	109	-1
62	110	Lp
62	111	Lp
62	112	Lp
62	113	-1
62	114	L
62	115	L
62	116	Lp
62	117	Lp
62	118	Lp
62	119	-1
63	0	L
63	1	-1
63	2	L
63	3	-1
63	4	L
63	5	-1
63	6	-1
63	7	Lp
63	8	L
63	9	L
63	10	Lp
63	11	-1
63	12	-1
63	13	L
63	14	L
63	15	L
63	16	Lp
63	17	L
63	18	Lp
63	19	Lp
63	20	-1
63	21	U
63	22	Lp
63	23	L
63	24	Lp
63	25	Lp
63	26	Lp
63	27	Lp
63	28	Lp
63	29	Lp
63	30	-1
63	31	Lp
63	32	Lp
63	33	-1
63	34	-1
63	35	L
63	36	L
63	37	-1
63	38	L
63	39	L
63	40	-1
63	41	L
63	42	L
63	43	Lp
63	44	-1
63	45	L
63	46	U
63	47	Lp
63	48	Lp
63	49	Lp
63	50	L
63	51	Lp
63	52	L
63	53	Lp
63	54	-1
63	55	L
63	56	L
63	57	L
63	58	-1
63	59	-1
63	60	-1
63	61	-1
63	62	-1
63	63	-1
63	64	L
63	65	-1
63	66	L
63	67	Lp
63	68	U
63	69	L
63	70	-1
63	71	Lp
63	72	-1
63	73	-1
63	74	Lp
63	75	Lp
63	76	-1
63	77	Lp
63	78	Lp
63	79	-1
63	80	Lp
63	81	Lp
63	82	-1
63	83	Lp
63	84	Lp
63	85	Lp
63	86	Lp
63	87	-1
63	88	Lp
63	89	Lp
63	90	-1
63	91	L
63	92	Lp
63	93	Lp
63	94	Lp
63	95	-1
63	96	Lp
63	97	Lp
63	98	L
63	99	-1
63	100	L
63	101	-1
63	102	Lp
63	103	Lp
63	104	Lp
63	105	Lp
63	106	Lp
63	107	Lp
63	108	-1
63	109	U
63	110	-1
63	111	-1
63	112	Lp
63	113	L
63	114	L
63	115	-1
63	116	-1
63	117	L
63	118	L
63	119	-1
64	0	L
64	1	L
64	2	-1
64	3	-1
64	4	-1
64	5	-1
64	6	Lp
64	7	Lp
64	8	-1
64	9	Lp
64	10	Lp
64	11	L
64	12	L
64	13	L
64	14	L
64	15	L
64	16	L
64	17	-1
64	18	L
64	19	Lp
64	20	-1
64	21	U
64	22	L
64	23	-1
64	24	L
64	25	L
64	26	-1
64	27	Lp
64	28	Lp
64	29	Lp
64	30	Lp
64	31	-1
64	32	L
64	33	Lp
64	34	Lp
64	35	L
64	36	-1
64	37	L
64	38	L
64	39	L
64	40	-1
64	41	L
64	42	-1
64	43	L
64	44	U
64	45	Lp
64	46	Lp
64	47	-1
64	48	Lp
64	49	L
64	50	L
64	51	L
64	52	-1
64	53	Lp
64	54	Lp
64	55	Lp
64	56	Lp
64	57	L
64	58	L
64	59	L
64	60	-1
64	61	-1
64	62	-1
64	63	L
64	64	-1
64	65	-1
64	66	-1
64	67	Lp
64	68	Lp
64	69	L
64	70	L
64	71	L
64	72	Lp
64	73	-1
64	74	Lp
64	75	Lp
64	76	Lp
64	77	-1
64	78	-1
64	79	-1
64	80	Lp
64	81	-1
64	82	Lp
64	83	-1
64	84	Lp
64	85	Lp
64	86	-1
64	87	-1
64	88	Lp
64	89	-1
64	90	Lp
64	91	Lp
64	92	Lp
64	93	Lp
64	94	-1
64	95	Lp
64	96	Lp
64	97	Lp
64	98	-1
64	99	-1
64	100	Lp
64	101	Lp
64	102	Lp
64	103	Lp
64	104	Lp
64	105	Lp
64	106	Lp
64	107	-1
64	108	Lp
64	109	Lp
64	110	Lp
64	111	-1
64	112	-1
64	113	-1
64	114	Lp
64	115	-1
64	116	-1
64	117	-1
64	118	-1
64	119	Lp
65	0	L
65	1	L
65	2	L
65	3	-1
65	4	Lp
65	5	L
65	6	Lp
65	7	-1
65	8	-1
65	9	Lp
65	10	L
65	11	-1
65	12	-1
65	13	L
65	14	L
65	15	L
65	16	L
65	17	L
65	18	Lp
65	19	L
65	20	-1
65	21	Lp
65	22	Lp
65	23	L
65	24	L
65	25	L
65	26	L
65	27	L
65	28	Lp
65	29	Lp
65	30	-1
65	31	Lp
65	32	Lp
65	33	Lp
65	34	L
65	35	L
65	36	L
65	37	L
65	38	L
65	39	-1
65	40	L
65	41	L
65	42	L
65	43	-1
65	44	-1
65	45	U
65	46	Lp
65	47	Lp
65	48	Lp
65	49	Lp
65	50	L
65	51	L
65	52	L
65	53	Lp
65	54	Lp
65	55	Lp
65	56	Lp
65	57	L
65	58	-1
65	59	-1
65	60	L
65	61	Lp
65	62	L
65	63	Lp
65	64	Lp
65	65	Lp
65	66	Lp
65	67	-1
65	68	Lp
65	69	L
65	70	L
65	71	L
65	72	Lp
65	73	Lp
65	74	Lp
65	75	Lp
65	76	-1
65	77	Lp
65	78	Lp
65	79	Lp
65	80	-1
65	81	Lp
65	82	Lp
65	83	Lp
65	84	-1
65	85	-1
65	86	-1
65	87	-1
65	88	Lp
65	89	Lp
65	90	Lp
65	91	-1
65	92	Lp
65	93	-1
65	94	Lp
65	95	Lp
65	96	Lp
65	97	Lp
65	98	Lp
65	99	L
65	100	-1
65	101	-1
65	102	Lp
65	103	Lp
65	104	Lp
65	105	Lp
65	106	Lp
65	107	Lp
65	108	-1
65	109	Lp
65	110	-1
65	111	Lp
65	112	Lp
65	113	Lp
65	114	-1
65	115	Lp
65	116	Lp
65	117	L
65	118	-1
65	119	Lp
66	0	-1
66	1	L
66	2	-1
66	3	L
66	4	L
66	5	L
66	6	-1
66	7	L
66	8	Lp
66	9	Lp
66	10	L
66	11	L
66	12	L
66	13	-1
66	14	-1
66	15	L
66	16	L
66	17	-1
66	18	-1
66	19	L
66	20	-1
66	21	-1
66	22	U
66	23	L
66	24	-1
66	25	L
66	26	L
66	27	Lp
66	28	Lp
66	29	-1
66	30	-1
66	31	Lp
66	32	-1
66	33	L
66	34	-1
66	35	L
66	36	L
66	37	L
66	38	L
66	39	-1
66	40	-1
66	41	L
66	42	L
66	43	L
66	44	L
66	45	L
66	46	Lp
66	47	-1
66	48	-1
66	49	-1
66	50	L
66	51	-1
66	52	L
66	53	L
66	54	-1
66	55	Lp
66	56	-1
66	57	L
66	58	L
66	59	L
66	60	Lp
66	61	-1
66	62	Lp
66	63	Lp
66	64	-1
66	65	Lp
66	66	-1
66	67	Lp
66	68	Lp
66	69	L
66	70	L
66	71	Lp
66	72	Lp
66	73	Lp
66	74	Lp
66	75	L
66	76	L
66	77	Lp
66	78	Lp
66	79	Lp
66	80	Lp
66	81	-1
66	82	-1
66	83	-1
66	84	Lp
66	85	Lp
66	86	Lp
66	87	-1
66	88	-1
66	89	-1
66	90	Lp
66	91	Lp
66	92	Lp
66	93	Lp
66	94	Lp
66	95	-1
66	96	Lp
66	97	-1
66	98	-1
66	99	-1
66	100	Lp
66	101	-1
66	102	Lp
66	103	Lp
66	104	Lp
66	105	Lp
66	106	-1
66	107	-1
66	108	-1
66	109	Lp
66	110	Lp
66	111	Lp
66	112	Lp
66	113	U
66	114	Lp
66	115	L
66	116	L
66	117	L
66	118	Lp
66	119	Lp
67	0	Lp
67	1	-1
67	2	L
67	3	-1
67	4	L
67	5	L
67	6	L
67	7	-1
67	8	Lp
67	9	-1
67	10	Lp
67	11	L
67	12	-1
67	13	L
67	14	L
67	15	-1
67	16	L
67	17	-1
67	18	L
67	19	L
67	20	-1
67	21	L
67	22	-1
67	23	-1
67	24	L
67	25	L
67	26	L
67	27	Lp
67	28	-1
67	29	L
67	30	L
67	31	L
67	32	-1
67	33	-1
67	34	L
67	35	-1
67	36	-1
67	37	L
67	38	L
67	39	-1
67	40	-1
67	41	L
67	42	L
67	43	L
67	44	-1
67	45	L
67	46	L
67	47	Lp
67	48	-1
67	49	Lp
67	50	Lp
67	51	Lp
67	52	Lp
67	53	L
67	54	L
67	55	L
67	56	L
67	57	L
67	58	L
67	59	Lp
67	60	L
67	61	Lp
67	62	Lp
67	63	Lp
67	64	Lp
67	65	Lp
67	66	-1
67	67	Lp
67	68	Lp
67	69	L
67	70	-1
67	71	Lp
67	72	L
67	73	U
67	74	Lp
67	75	-1
67	76	L
67	77	L
67	78	-1
67	79	-1
67	80	Lp
67	81	-1
67	82	-1
67	83	Lp
67	84	Lp
67	85	Lp
67	86	Lp
67	87	-1
67	88	-1
67	89	Lp
67	90	Lp
67	91	Lp
67	92	Lp
67	93	Lp
67	94	-1
67	95	Lp
67	96	-1
67	97	Lp
67	98	Lp
67	99	Lp
67	100	Lp
67	101	Lp
67	102	Lp
67	103	-1
67	104	Lp
67	105	-1
67	106	-1
67	107	Lp
67	108	-1
67	109	U
67	110	U
67	111	Lp
67	112	-1
67	113	Lp
67	114	Lp
67	115	Lp
67	116	-1
67	117	Lp
67	118	L
67	119	Lp
68	0	Lp
68	1	Lp
68	2	Lp
68	3	Lp
68	4	-1
68	5	L
68	6	-1
68	7	Lp
68	8	Lp
68	9	Lp
68	10	L
68	11	Lp
68	12	L
68	13	L
68	14	L
68	15	L
68	16	L
68	17	L
68	18	L
68	19	L
68	20	L
68	21	L
68	22	L
68	23	-1
68	24	L
68	25	L
68	26	-1
68	27	L
68	28	-1
68	29	-1
68	30	U
68	31	-1
68	32	-1
68	33	L
68	34	-1
68	35	-1
68	36	-1
68	37	-1
68	38	L
68	39	L
68	40	L
68	41	L
68	42	-1
68	43	L
68	44	L
68	45	L
68	46	-1
68	47	-1
68	48	L
68	49	-1
68	50	L
68	51	L
68	52	Lp
68	53	-1
68	54	L
68	55	Lp
68	56	L
68	57	L
68	58	-1
68	59	L
68	60	-1
68	61	-1
68	62	Lp
68	63	Lp
68	64	Lp
68	65	Lp
68	66	-1
68	67	-1
68	68	Lp
68	69	-1
68	70	Lp
68	71	L
68	72	U
68	73	U
68	74	U
68	75	-1
68	76	-1
68	77	L
68	78	Lp
68	79	Lp
68	80	-1
68	81	Lp
68	82	Lp
68	83	Lp
68	84	-1
68	85	Lp
68	86	Lp
68	87	Lp
68	88	Lp
68	89	-1
68	90	Lp
68	91	Lp
68	92	Lp
68	93	Lp
68	94	-1
68	95	Lp
68	96	Lp
68	97	-1
68	98	Lp
68	99	Lp
68	100	Lp
68	101	Lp
68	102	Lp
68	103	Lp
68	104	Lp
68	105	Lp
68	106	-1
68	107	Lp
68	108	-1
68	109	-1
68	110	Lp
68	111	L
68	112	L
68	113	Lp
68	114	Lp
68	115	-1
68	116	L
68	117	L
68	118	L
68	119	Lp
69	0	Lp
69	1	Lp
69	2	Lp
69	3	Lp
69	4	Lp
69	5	U
69	6	Lp
69	7	Lp
69	8	Lp
69	9	Lp
69	10	-1
69	11	-1
69	12	Lp
69	13	-1
69	14	L
69	15	L
69	16	L
69	17	L
69	18	L
69	19	L
69	20	L
69	21	L
69	22	L
69	23	L
69	24	L
69	25	-1
69	26	-1
69	27	L
69	28	-1
69	29	U
69	30	-1
69	31	-1
69	32	L
69	33	L
69	34	L
69	35	L
69	36	-1
69	37	L
69	38	L
69	39	-1
69	40	L
69	41	L
69	42	L
69	43	L
69	44	L
69	45	Lp
69	46	L
69	47	-1
69	48	L
69	49	-1
69	50	L
69	51	L
69	52	L
69	53	L
69	54	-1
69	55	L
69	56	-1
69	57	L
69	58	L
69	59	Lp
69	60	Lp
69	61	Lp
69	62	Lp
69	63	Lp
69	64	Lp
69	65	-1
69	66	Lp
69	67	Lp
69	68	Lp
69	69	Lp
69	70	Lp
69	71	L
69	72	U
69	73	U
69	74	U
69	75	Lp
69	76	Lp
69	77	Lp
69	78	Lp
69	79	Lp
69	80	Lp
69	81	Lp
69	82	-1
69	83	Lp
69	84	-1
69	85	-1
69	86	-1
69	87	-1
69	88	Lp
69	89	Lp
69	90	-1
69	91	-1
69	92	Lp
69	93	Lp
69	94	-1
69	95	Lp
69	96	Lp
69	97	Lp
69	98	Lp
69	99	Lp
69	100	Lp
69	101	Lp
69	102	-1
69	103	Lp
69	104	Lp
69	105	-1
69	106	Lp
69	107	Lp
69	108	Lp
69	109	Lp
69	110	Lp
69	111	Lp
69	112	Lp
69	113	Lp
69	114	-1
69	115	Lp
69	116	-1
69	117	-1
69	118	-1
69	119	Lp
70	0	L
70	1	L
70	2	Lp
70	3	-1
70	4	U
70	5	Lp
70	6	-1
70	7	-1
70	8	Lp
70	9	Lp
70	10	Lp
70	11	L
70	12	-1
70	13	-1
70	14	L
70	15	L
70	16	L
70	17	L
70	18	L
70	19	L
70	20	-1
70	21	L
70	22	-1
70	23	-1
70	24	L
70	25	-1
70	26	L
70	27	L
70	28	L
70	29	-1
70	30	U
70	31	L
70	32	L
70	33	-1
70	34	L
70	35	L
70	36	-1
70	37	-1
70	38	L
70	39	L
70	40	L
70	41	-1
70	42	L
70	43	-1
70	44	L
70	45	Lp
70	46	Lp
70	47	-1
70	48	-1
70	49	L
70	50	-1
70	51	L
70	52	L
70	53	L
70	54	L
70	55	-1
70	56	L
70	57	L
70	58	-1
70	59	L
70	60	Lp
70	61	Lp
70	62	Lp
70	63	Lp
70	64	Lp
70	65	Lp
70	66	-1
70	67	-1
70	68	Lp
70	69	Lp
70	70	-1
70	71	Lp
70	72	U
70	73	U
70	74	L
70	75	L
70	76	Lp
70	77	-1
70	78	Lp
70	79	Lp
70	80	Lp
70	81	Lp
70	82	-1
70	83	Lp
70	84	Lp
70	85	Lp
70	86	Lp
70	87	Lp
70	88	Lp
70	89	Lp
70	90	-1
70	91	Lp
70	92	-1
70	93	-1
70	94	Lp
70	95	Lp
70	96	-1
70	97	-1
70	98	Lp
70	99	-1
70	100	-1
70	101	-1
70	102	Lp
70	103	Lp
70	104	Lp
70	105	-1
70	106	-1
70	107	Lp
70	108	Lp
70	109	Lp
70	110	Lp
70	111	Lp
70	112	Lp
70	113	L
70	114	Lp
70	115	L
70	116	L
70	117	-1
70	118	-1
70	119	L
71	0	Lp
71	1	L
71	2	Lp
71	3	U
71	4	Lp
71	5	L
71	6	Lp
71	7	Lp
71	8	-1
71	9	Lp
71	10	-1
71	11	L
71	12	L
71	13	L
71	14	L
71	15	-1
71	16	-1
71	17	L
71	18	L
71	19	L
71	20	-1
71	21	L
71	22	-1
71	23	-1
71	24	L
71	25	L
71	26	L
71	27	-1
71	28	L
71	29	L
71	30	-1
71	31	U
71	32	L
71	33	L
71	34	-1
71	35	L
71	36	-1
71	37	L
71	38	L
71	39	-1
71	40	L
71	41	L
71	42	L
71	43	L
71	44	L
71	45	Lp
71	46	L
71	47	Lp
71	48	Lp
71	49	Lp
71	50	Lp
71	51	Lp
71	52	L
71	53	L
71	54	L
71	55	-1
71	56	-1
71	57	L
71	58	L
71	59	L
71	60	-1
71	61	Lp
71	62	Lp
71	63	Lp
71	64	Lp
71	65	Lp
71	66	Lp
71	67	Lp
71	68	Lp
71	69	-1
71	70	U
71	71	U
71	72	-1
71	73	L
71	74	U
71	75	L
71	76	L
71	77	Lp
71	78	Lp
71	79	U
71	80	-1
71	81	-1
71	82	Lp
71	83	Lp
71	84	Lp
71	85	Lp
71	86	Lp
71	87	Lp
71	88	Lp
71	89	Lp
71	90	Lp
71	91	-1
71	92	-1
71	93	Lp
71	94	Lp
71	95	Lp
71	96	Lp
71	97	Lp
71	98	Lp
71	99	Lp
71	100	Lp
71	101	Lp
71	102	Lp
71	103	Lp
71	104	-1
71	105	Lp
71	106	-1
71	107	Lp
71	108	Lp
71	109	-1
71	110	Lp
71	111	-1
71	112	-1
71	113	Lp
71	114	L
71	115	L
71	116	-1
71	117	L
71	118	L
71	119	-1
72	0	Lp
72	1	Lp
72	2	Lp
72	3	Lp
72	4	Lp
72	5	-1
72	6	L
72	7	-1
72	8	L
72	9	Lp
72	10	-1
72	11	L
72	12	L
72	13	L
72	14	L
72	15	L
72	16	L
72	17	L
72	18	L
72	19	-1
72	20	L
72	21	-1
72	22	-1
72	23	-1
72	24	L
72	25	L
72	26	L
72	27	L
72	28	-1
72	29	L
72	30	L
72	31	L
72	32	Lp
72	33	L
72	34	L
72	35	L
72	36	-1
72	37	L
72	38	L
72	39	-1
72	40	-1
72	41	L
72	42	L
72	43	L
72	44	L
72	45	-1
72	46	L
72	47	L
72	48	Lp
72	49	L
72	50	-1
72	51	-1
72	52	L
72	53	L
72	54	L
72	55	L
72	56	L
72	57	L
72	58	L
72	59	L
72	60	-1
72	61	Lp
72	62	Lp
72	63	Lp
72	64	Lp
72	65	-1
72	66	Lp
72	67	Lp
72	68	Lp
72	69	-1
72	70	-1
72	71	U
72	72	Lp
72	73	U
72	74	L
72	75	L
72	76	L
72	77	Lp
72	78	U
72	79	Lp
72	80	-1
72	81	-1
72	82	Lp
72	83	-1
72	84	Lp
72	85	Lp
72	86	Lp
72	87	Lp
72	88	-1
72	89	Lp
72	90	Lp
72	91	Lp
72	92	Lp
72	93	Lp
72	94	Lp
72	95	-1
72	96	Lp
72	97	Lp
72	98	Lp
72	99	L
72	100	Lp
72	101	Lp
72	102	Lp
72	103	Lp
72	104	-1
72	105	Lp
72	106	Lp
72	107	U
72	108	Lp
72	109	Lp
72	110	-1
72	111	Lp
72	112	-1
72	113	Lp
72	114	Lp
72	115	L
72	116	L
72	117	L
72	118	L
72	119	Lp
73	0	Lp
73	1	Lp
73	2	Lp
73	3	Lp
73	4	Lp
73	5	L
73	6	L
73	7	L
73	8	-1
73	9	Lp
73	10	L
73	11	-1
73	12	-1
73	13	Lp
73	14	Lp
73	15	L
73	16	L
73	17	L
73	18	L
73	19	L
73	20	L
73	21	-1
73	22	L
73	23	-1
73	24	L
73	25	-1
73	26	L
73	27	L
73	28	L
73	29	L
73	30	L
73	31	Lp
73	32	L
73	33	L
73	34	-1
73	35	L
73	36	L
73	37	-1
73	38	L
73	39	L
73	40	L
73	41	L
73	42	L
73	43	L
73	44	L
73	45	-1
73	46	-1
73	47	L
73	48	L
73	49	L
73	50	-1
73	51	-1
73	52	L
73	53	-1
73	54	-1
73	55	-1
73	56	L
73	57	L
73	58	L
73	59	L
73	60	Lp
73	61	Lp
73	62	Lp
73	63	-1
73	64	-1
73	65	Lp
73	66	-1
73	67	Lp
73	68	Lp
73	69	-1
73	70	Lp
73	71	U
73	72	-1
73	73	Lp
73	74	Lp
73	75	Lp
73	76	Lp
73	77	Lp
73	78	Lp
73	79	-1
73	80	Lp
73	81	U
73	82	Lp
73	83	-1
73	84	-1
73	85	-1
73	86	L
73	87	-1
73	88	Lp
73	89	Lp
73	90	Lp
73	91	Lp
73	92	Lp
73	93	Lp
73	94	-1
73	95	Lp
73	96	Lp
73	97	Lp
73	98	Lp
73	99	Lp
73	100	Lp
73	101	Lp
73	102	Lp
73	103	Lp
73	104	Lp
73	105	Lp
73	106	Lp
73	107	Lp
73	108	Lp
73	109	Lp
73	110	-1
73	111	-1
73	112	Lp
73	113	Lp
73	114	Lp
73	115	L
73	116	Lp
73	117	Lp
73	118	-1
73	119	-1
74	0	L
74	1	Lp
74	2	-1
74	3	Lp
74	4	-1
74	5	Lp
74	6	L
74	7	L
74	8	L
74	9	L
74	10	L
74	11	-1
74	12	-1
74	13	Lp
74	14	L
74	15	-1
74	16	L
74	17	-1
74	18	L
74	19	L
74	20	L
74	21	-1
74	22	L
74	23	L
74	24	L
74	25	L
74	26	L
74	27	L
74	28	L
74	29	-1
74	30	L
74	31	L
74	32	L
74	33	L
74	34	L
74	35	L
74	36	-1
74	37	L
74	38	-1
74	39	L
74	40	L
74	41	L
74	42	L
74	43	L
74	44	L
74	45	-1
74	46	L
74	47	L
74	48	L
74	49	-1
74	50	L
74	51	L
74	52	Lp
74	53	L
74	54	L
74	55	-1
74	56	L
74	57	-1
74	58	L
74	59	L
74	60	Lp
74	61	Lp
74	62	Lp
74	63	Lp
74	64	Lp
74	65	Lp
74	66	Lp
74	67	-1
74	68	Lp
74	69	Lp
74	70	Lp
74	71	Lp
74	72	Lp
74	73	Lp
74	74	Lp
74	75	Lp
74	76	-1
74	77	-1
74	78	-1
74	79	Lp
74	80	Lp
74	81	-1
74	82	Lp
74	83	Lp
74	84	Lp
74	85	Lp
74	86	Lp
74	87	L
74	88	Lp
74	89	-1
74	90	Lp
74	91	-1
74	92	-1
74	93	Lp
74	94	Lp
74	95	Lp
74	96	Lp
74	97	-1
74	98	-1
74	99	L
74	100	Lp
74	101	-1
74	102	Lp
74	103	Lp
74	104	Lp
74	105	-1
74	106	Lp
74	107	Lp
74	108	-1
74	109	Lp
74	110	Lp
74	111	Lp
74	112	-1
74	113	L
74	114	-1
74	115	L
74	116	L
74	117	L
74	118	-1
74	119	Lp
75	0	Lp
75	1	-1
75	2	Lp
75	3	Lp
75	4	Lp
75	5	-1
75	6	-1
75	7	L
75	8	L
75	9	-1
75	10	L
75	11	L
75	12	L
75	13	-1
75	14	L
75	15	L
75	16	L
75	17	L
75	18	-1
75	19	L
75	20	L
75	21	L
75	22	L
75	23	-1
75	24	-1
75	25	L
75	26	L
75	27	L
75	28	L
75	29	L
75	30	L
75	31	L
75	32	L
75	33	U
75	34	L
75	35	-1
75	36	-1
75	37	L
75	38	-1
75	39	L
75	40	L
75	41	L
75	42	L
75	43	L
75	44	L
75	45	L
75	46	L
75	47	L
75	48	L
75	49	L
75	50	-1
75	51	Lp
75	52	Lp
75	53	Lp
75	54	L
75	55	L
75	56	L
75	57	L
75	58	L
75	59	Lp
75	60	Lp
75	61	Lp
75	62	Lp
75	63	Lp
75	64	Lp
75	65	Lp
75	66	-1
75	67	-1
75	68	Lp
75	69	Lp
75	70	Lp
75	71	Lp
75	72	Lp
75	73	Lp
75	74	-1
75	75	-1
75	76	Lp
75	77	-1
75	78	-1
75	79	U
75	80	U
75	81	-1
75	82	Lp
75	83	-1
75	84	L
75	85	L
75	86	L
75	87	L
75	88	-1
75	89	Lp
75	90	-1
75	91	Lp
75	92	-1
75	93	Lp
75	94	Lp
75	95	L
75	96	Lp
75	97	Lp
75	98	L
75	99	-1
75	100	Lp
75	101	Lp
75	102	-1
75	103	Lp
75	104	Lp
75	105	Lp
75	106	Lp
75	107	Lp
75	108	Lp
75	109	Lp
75	110	Lp
75	111	Lp
75	112	Lp
75	113	L
75	114	L
75	115	L
75	116	L
75	117	-1
75	118	Lp
75	119	L
76	0	-1
76	1	Lp
76	2	-1
76	3	Lp
76	4	Lp
76	5	Lp
76	6	L
76	7	Lp
76	8	L
76	9	L
76	10	L
76	11	Lp
76	12	Lp
76	13	L
76	14	-1
76	15	L
76	16	L
76	17	L
76	18	-1
76	19	-1
76	20	L
76	21	L
76	22	-1
76	23	-1
76	24	-1
76	25	-1
76	26	L
76	27	-1
76	28	L
76	29	L
76	30	L
76	31	L
76	32	-1
76	33	L
76	34	L
76	35	L
76	36	-1
76	37	-1
76	38	-1
76	39	L
76	40	L
76	41	Lp
76	42	L
76	43	-1
76	44	L
76	45	L
76	46	-1
76	47	L
76	48	-1
76	49	-1
76	50	L
76	51	-1
76	52	L
76	53	L
76	54	-1
76	55	L
76	56	-1
76	57	L
76	58	Lp
76	59	-1
76	60	L
76	61	Lp
76	62	Lp
76	63	-1
76	64	Lp
76	65	Lp
76	66	Lp
76	67	Lp
76	68	-1
76	69	Lp
76	70	Lp
76	71	Lp
76	72	L
76	73	-1
76	74	Lp
76	75	Lp
76	76	Lp
76	77	Lp
76	78	Lp
76	79	Lp
76	80	U
76	81	-1
76	82	-1
76	83	-1
76	84	L
76	85	L
76	86	L
76	87	L
76	88	Lp
76	89	Lp
76	90	Lp
76	91	Lp
76	92	Lp
76	93	Lp
76	94	L
76	95	-1
76	96	L
76	97	L
76	98	-1
76	99	Lp
76	100	Lp
76	101	-1
76	102	Lp
76	103	Lp
76	104	Lp
76	105	Lp
76	106	Lp
76	107	Lp
76	108	L
76	109	-1
76	110	Lp
76	111	Lp
76	112	L
76	113	Lp
76	114	Lp
76	115	L
76	116	-1
76	117	-1
76	118	L
76	119	L
77	0	U
77	1	Lp
77	2	Lp
77	3	-1
77	4	Lp
77	5	L
77	6	L
77	7	L
77	8	Lp
77	9	-1
77	10	Lp
77	11	Lp
77	12	Lp
77	13	L
77	14	-1
77	15	L
77	16	L
77	17	L
77	18	-1
77	19	L
77	20	L
77	21	L
77	22	-1
77	23	L
77	24	L
77	25	L
77	26	-1
77	27	L
77	28	L
77	29	-1
77	30	-1
77	31	-1
77	32	L
77	33	L
77	34	L
77	35	-1
77	36	L
77	37	L
77	38	L
77	39	L
77	40	L
77	41	Lp
77	42	Lp
77	43	-1
77	44	-1
77	45	Lp
77	46	L
77	47	L
77	48	L
77	49	-1
77	50	-1
77	51	L
77	52	L
77	53	L
77	54	L
77	55	L
77	56	-1
77	57	-1
77	58	L
77	59	-1
77	60	U
77	61	L
77	62	U
77	63	Lp
77	64	Lp
77	65	Lp
77	66	Lp
77	67	-1
77	68	Lp
77	69	-1
77	70	-1
77	71	Lp
77	72	-1
77	73	-1
77	74	L
77	75	Lp
77	76	L
77	77	Lp
77	78	U
77	79	Lp
77	80	U
77	81	-1
77	82	U
77	83	-1
77	84	-1
77	85	L
77	86	L
77	87	Lp
77	88	L
77	89	Lp
77	90	L
77	91	-1
77	92	U
77	93	L
77	94	L
77	95	-1
77	96	L
77	97	L
77	98	L
77	99	-1
77	100	Lp
77	101	Lp
77	102	Lp
77	103	-1
77	104	-1
77	105	Lp
77	106	Lp
77	107	L
77	108	L
77	109	Lp
77	110	Lp
77	111	-1
77	112	Lp
77	113	Lp
77	114	-1
77	115	Lp
77	116	U
77	117	U
77	118	-1
77	119	U
78	0	Lp
78	1	Lp
78	2	L
78	3	L
78	4	U
78	5	L
78	6	L
78	7	L
78	8	L
78	9	Lp
78	10	Lp
78	11	-1
78	12	L
78	13	-1
78	14	Lp
78	15	L
78	16	L
78	17	Lp
78	18	-1
78	19	-1
78	20	L
78	21	L
78	22	L
78	23	-1
78	24	L
78	25	L
78	26	L
78	27	L
78	28	-1
78	29	L
78	30	L
78	31	L
78	32	-1
78	33	-1
78	34	L
78	35	Lp
78	36	-1
78	37	L
78	38	L
78	39	-1
78	40	Lp
78	41	L
78	42	Lp
78	43	Lp
78	44	Lp
78	45	Lp
78	46	L
78	47	L
78	48	L
78	49	L
78	50	L
78	51	L
78	52	L
78	53	L
78	54	L
78	55	-1
78	56	L
78	57	-1
78	58	L
78	59	L
78	60	L
78	61	U
78	62	-1
78	63	-1
78	64	L
78	65	Lp
78	66	-1
78	67	Lp
78	68	L
78	69	L
78	70	Lp
78	71	Lp
78	72	Lp
78	73	-1
78	74	L
78	75	L
78	76	-1
78	77	-1
78	78	U
78	79	L
78	80	U
78	81	L
78	82	Lp
78	83	Lp
78	84	L
78	85	L
78	86	L
78	87	-1
78	88	L
78	89	L
78	90	Lp
78	91	L
78	92	-1
78	93	-1
78	94	L
78	95	L
78	96	L
78	97	-1
78	98	L
78	99	Lp
78	100	Lp
78	101	Lp
78	102	Lp
78	103	Lp
78	104	Lp
78	105	Lp
78	106	Lp
78	107	Lp
78	108	L
78	109	Lp
78	110	Lp
78	111	Lp
78	112	Lp
78	113	Lp
78	114	Lp
78	115	Lp
78	116	U
78	117	-1
78	118	-1
78	119	U
79	0	L
79	1	L
79	2	L
79	3	L
79	4	L
79	5	L
79	6	L
79	7	L
79	8	L
79	9	-1
79	10	L
79	11	L
79	12	L
79	13	Lp
79	14	Lp
79	15	Lp
79	16	Lp
79	17	L
79	18	L
79	19	-1
79	20	L
79	21	L
79	22	-1
79	23	-1
79	24	-1
79	25	L
79	26	L
79	27	L
79	28	L
79	29	L
79	30	L
79	31	L
79	32	-1
79	33	L
79	34	-1
79	35	L
79	36	Lp
79	37	Lp
79	38	U
79	39	-1
79	40	L
79	41	L
79	42	-1
79	43	Lp
79	44	Lp
79	45	-1
79	46	L
79	47	L
79	48	L
79	49	L
79	50	-1
79	51	-1
79	52	-1
79	53	-1
79	54	L
79	55	-1
79	56	Lp
79	57	-1
79	58	L
79	59	L
79	60	L
79	61	L
79	62	-1
79	63	-1
79	64	Lp
79	65	Lp
79	66	Lp
79	67	Lp
79	68	Lp
79	69	Lp
79	70	L
79	71	L
79	72	L
79	73	L
79	74	L
79	75	Lp
79	76	L
79	77	L
79	78	U
79	79	U
79	80	L
79	81	-1
79	82	-1
79	83	U
79	84	U
79	85	Lp
79	86	-1
79	87	-1
79	88	-1
79	89	L
79	90	L
79	91	L
79	92	Lp
79	93	-1
79	94	L
79	95	L
79	96	L
79	97	-1
79	98	L
79	99	Lp
79	100	Lp
79	101	Lp
79	102	Lp
79	103	Lp
79	104	Lp
79	105	Lp
79	106	L
79	107	L
79	108	L
79	109	L
79	110	Lp
79	111	Lp
79	112	-1
79	113	Lp
79	114	Lp
79	115	U
79	116	-1
79	117	U
79	118	U
79	119	U
80	0	L
80	1	-1
80	2	-1
80	3	-1
80	4	L
80	5	L
80	6	L
80	7	-1
80	8	L
80	9	-1
80	10	L
80	11	L
80	12	-1
80	13	L
80	14	Lp
80	15	Lp
80	16	-1
80	17	-1
80	18	L
80	19	L
80	20	L
80	21	-1
80	22	-1
80	23	-1
80	24	L
80	25	L
80	26	L
80	27	-1
80	28	L
80	29	L
80	30	-1
80	31	L
80	32	-1
80	33	Lp
80	34	L
80	35	L
80	36	-1
80	37	Lp
80	38	Lp
80	39	-1
80	40	Lp
80	41	L
80	42	Lp
80	43	Lp
80	44	Lp
80	45	Lp
80	46	Lp
80	47	-1
80	48	L
80	49	-1
80	50	L
80	51	-1
80	52	Lp
80	53	-1
80	54	-1
80	55	Lp
80	56	Lp
80	57	Lp
80	58	-1
80	59	L
80	60	L
80	61	L
80	62	L
80	63	L
80	64	-1
80	65	Lp
80	66	Lp
80	67	Lp
80	68	-1
80	69	L
80	70	Lp
80	71	L
80	72	L
80	73	L
80	74	L
80	75	L
80	76	L
80	77	L
80	78	L
80	79	-1
80	80	-1
80	81	-1
80	82	-1
80	83	Lp
80	84	-1
80	85	U
80	86	Lp
80	87	U
80	88	-1
80	89	U
80	90	U
80	91	U
80	92	L
80	93	U
80	94	Lp
80	95	L
80	96	-1
80	97	L
80	98	L
80	99	Lp
80	100	Lp
80	101	L
80	102	-1
80	103	Lp
80	104	Lp
80	105	Lp
80	106	L
80	107	L
80	108	L
80	109	Lp
80	110	Lp
80	111	Lp
80	112	Lp
80	113	Lp
80	114	U
80	115	Lp
80	116	-1
80	117	-1
80	118	L
80	119	L
81	0	L
81	1	L
81	2	L
81	3	L
81	4	L
81	5	L
81	6	L
81	7	L
81	8	-1
81	9	L
81	10	L
81	11	L
81	12	-1
81	13	Lp
81	14	Lp
81	15	Lp
81	16	Lp
81	17	Lp
81	18	L
81	19	L
81	20	-1
81	21	L
81	22	L
81	23	L
81	24	L
81	25	L
81	26	L
81	27	L
81	28	L
81	29	L
81	30	L
81	31	-1
81	32	Lp
81	33	-1
81	34	L
81	35	L
81	36	L
81	37	Lp
81	38	-1
81	39	Lp
81	40	Lp
81	41	Lp
81	42	L
81	43	Lp
81	44	Lp
81	45	Lp
81	46	Lp
81	47	-1
81	48	Lp
81	49	Lp
81	50	Lp
81	51	Lp
81	52	Lp
81	53	Lp
81	54	-1
81	55	Lp
81	56	-1
81	57	L
81	58	L
81	59	-1
81	60	L
81	61	L
81	62	L
81	63	L
81	64	L
81	65	L
81	66	Lp
81	67	Lp
81	68	-1
81	69	L
81	70	L
81	71	L
81	72	L
81	73	-1
81	74	-1
81	75	L
81	76	L
81	77	L
81	78	-1
81	79	L
81	80	-1
81	81	L
81	82	U
81	83	-1
81	84	U
81	85	Lp
81	86	Lp
81	87	U
81	88	U
81	89	U
81	90	U
81	91	U
81	92	U
81	93	-1
81	94	Lp
81	95	Lp
81	96	Lp
81	97	L
81	98	L
81	99	Lp
81	100	-1
81	101	L
81	102	-1
81	103	L
81	104	Lp
81	105	L
81	106	L
81	107	Lp
81	108	L
81	109	Lp
81	110	Lp
81	111	U
81	112	-1
81	113	Lp
81	114	-1
81	115	U
81	116	U
81	117	-1
81	118	-1
81	119	L
82	0	L
82	1	L
82	2	L
82	3	-1
82	4	L
82	5	L
82	6	-1
82	7	L
82	8	L
82	9	L
82	10	L
82	11	L
82	12	L
82	13	L
82	14	L
82	15	Lp
82	16	L
82	17	L
82	18	L
82	19	L
82	20	Lp
82	21	-1
82	22	L
82	23	L
82	24	L
82	25	L
82	26	L
82	27	L
82	28	L
82	29	L
82	30	L
82	31	L
82	32	-1
82	33	-1
82	34	L
82	35	L
82	36	L
82	37	L
82	38	Lp
82	39	-1
82	40	Lp
82	41	Lp
82	42	Lp
82	43	-1
82	44	Lp
82	45	Lp
82	46	Lp
82	47	Lp
82	48	-1
82	49	-1
82	50	Lp
82	51	Lp
82	52	-1
82	53	-1
82	54	Lp
82	55	U
82	56	U
82	57	U
82	58	L
82	59	L
82	60	L
82	61	L
82	62	L
82	63	L
82	64	L
82	65	L
82	66	L
82	67	L
82	68	L
82	69	-1
82	70	L
82	71	Lp
82	72	-1
82	73	-1
82	74	L
82	75	-1
82	76	L
82	77	L
82	78	L
82	79	L
82	80	L
82	81	L
82	82	U
82	83	U
82	84	U
82	85	Lp
82	86	-1
82	87	U
82	88	U
82	89	U
82	90	-1
82	91	U
82	92	U
82	93	-1
82	94	-1
82	95	L
82	96	L
82	97	L
82	98	-1
82	99	L
82	100	Lp
82	101	Lp
82	102	L
82	103	L
82	104	L
82	105	L
82	106	-1
82	107	Lp
82	108	-1
82	109	Lp
82	110	Lp
82	111	Lp
82	112	-1
82	113	-1
82	114	-1
82	115	L
82	116	L
82	117	L
82	118	L
82	119	L
83	0	L
83	1	L
83	2	-1
83	3	-1
83	4	L
83	5	L
83	6	-1
83	7	L
83	8	-1
83	9	L
83	10	-1
83	11	L
83	12	L
83	13	L
83	14	-1
83	15	Lp
83	16	L
83	17	L
83	18	L
83	19	L
83	20	L
83	21	L
83	22	L
83	23	L
83	24	L
83	25	L
83	26	L
83	27	L
83	28	L
83	29	L
83	30	L
83	31	L
83	32	-1
83	33	L
83	34	L
83	35	L
83	36	-1
83	37	L
83	38	-1
83	39	L
83	40	-1
83	41	Lp
83	42	Lp
83	43	Lp
83	44	Lp
83	45	-1
83	46	Lp
83	47	Lp
83	48	Lp
83	49	Lp
83	50	Lp
83	51	Lp
83	52	Lp
83	53	Lp
83	54	-1
83	55	L
83	56	Lp
83	57	U
83	58	U
83	59	L
83	60	L
83	61	U
83	62	L
83	63	-1
83	64	L
83	65	L
83	66	L
83	67	Lp
83	68	Lp
83	69	Lp
83	70	L
83	71	L
83	72	L
83	73	L
83	74	L
83	75	L
83	76	L
83	77	L
83	78	L
83	79	-1
83	80	L
83	81	L
83	82	L
83	83	U
83	84	-1
83	85	L
83	86	-1
83	87	U
83	88	-1
83	89	U
83	90	U
83	91	U
83	92	U
83	93	Lp
83	94	Lp
83	95	U
83	96	Lp
83	97	L
83	98	L
83	99	-1
83	100	L
83	101	Lp
83	102	Lp
83	103	L
83	104	L
83	105	L
83	106	-1
83	107	-1
83	108	-1
83	109	Lp
83	110	-1
83	111	-1
83	112	Lp
83	113	Lp
83	114	-1
83	115	L
83	116	L
83	117	L
83	118	L
83	119	L
84	0	L
84	1	L
84	2	-1
84	3	L
84	4	L
84	5	L
84	6	L
84	7	L
84	8	L
84	9	L
84	10	-1
84	11	L
84	12	L
84	13	L
84	14	L
84	15	L
84	16	L
84	17	-1
84	18	L
84	19	L
84	20	L
84	21	L
84	22	-1
84	23	L
84	24	-1
84	25	L
84	26	-1
84	27	L
84	28	L
84	29	L
84	30	L
84	31	-1
84	32	L
84	33	Lp
84	34	L
84	35	L
84	36	L
84	37	L
84	38	L
84	39	Lp
84	40	Lp
84	41	Lp
84	42	-1
84	43	Lp
84	44	-1
84	45	-1
84	46	Lp
84	47	Lp
84	48	Lp
84	49	Lp
84	50	Lp
84	51	Lp
84	52	-1
84	53	Lp
84	54	Lp
84	55	-1
84	56	-1
84	57	Lp
84	58	U
84	59	U
84	60	-1
84	61	L
84	62	U
84	63	L
84	64	-1
84	65	L
84	66	L
84	67	-1
84	68	Lp
84	69	Lp
84	70	Lp
84	71	L
84	72	L
84	73	-1
84	74	-1
84	75	L
84	76	L
84	77	L
84	78	L
84	79	L
84	80	L
84	81	L
84	82	L
84	83	-1
84	84	-1
84	85	-1
84	86	-1
84	87	-1
84	88	-1
84	89	L
84	90	-1
84	91	-1
84	92	U
84	93	Lp
84	94	L
84	95	U
84	96	U
84	97	L
84	98	-1
84	99	-1
84	100	L
84	101	Lp
84	102	Lp
84	103	Lp
84	104	Lp
84	105	-1
84	106	Lp
84	107	-1
84	108	Lp
84	109	Lp
84	110	Lp
84	111	Lp
84	112	Lp
84	113	-1
84	114	L
84	115	-1
84	116	L
84	117	L
84	118	L
84	119	L
85	0	-1
85	1	L
85	2	-1
85	3	L
85	4	L
85	5	Lp
85	6	L
85	7	L
85	8	L
85	9	L
85	10	-1
85	11	-1
85	12	L
85	13	L
85	14	L
85	15	L
85	16	L
85	17	L
85	18	L
85	19	L
85	20	L
85	21	L
85	22	L
85	23	L
85	24	L
85	25	L
85	26	Lp
85	27	-1
85	28	L
85	29	Lp
85	30	L
85	31	L
85	32	L
85	33	L
85	34	-1
85	35	L
85	36	L
85	37	L
85	38	Lp
85	39	Lp
85	40	L
85	41	L
85	42	Lp
85	43	-1
85	44	Lp
85	45	Lp
85	46	Lp
85	47	Lp
85	48	-1
85	49	Lp
85	50	Lp
85	51	Lp
85	52	Lp
85	53	Lp
85	54	L
85	55	Lp
85	56	-1
85	57	Lp
85	58	-1
85	59	-1
85	60	U
85	61	U
85	62	L
85	63	-1
85	64	L
85	65	Lp
85	66	Lp
85	67	-1
85	68	L
85	69	L
85	70	Lp
85	71	L
85	72	-1
85	73	L
85	74	L
85	75	L
85	76	L
85	77	L
85	78	-1
85	79	L
85	80	L
85	81	-1
85	82	L
85	83	L
85	84	-1
85	85	L
85	86	-1
85	87	-1
85	88	-1
85	89	U
85	90	U
85	91	-1
85	92	L
85	93	L
85	94	-1
85	95	U
85	96	U
85	97	Lp
85	98	L
85	99	-1
85	100	Lp
85	101	Lp
85	102	Lp
85	103	Lp
85	104	Lp
85	105	Lp
85	106	-1
85	107	-1
85	108	Lp
85	109	Lp
85	110	Lp
85	111	Lp
85	112	Lp
85	113	L
85	114	L
85	115	L
85	116	L
85	117	L
85	118	L
85	119	L
86	0	-1
86	1	Lp
86	2	L
86	3	L
86	4	L
86	5	-1
86	6	-1
86	7	L
86	8	L
86	9	L
86	10	L
86	11	L
86	12	L
86	13	L
86	14	L
86	15	L
86	16	-1
86	17	-1
86	18	L
86	19	L
86	20	-1
86	21	L
86	22	L
86	23	-1
86	24	-1
86	25	L
86	26	Lp
86	27	Lp
86	28	L
86	29	Lp
86	30	Lp
86	31	L
86	32	-1
86	33	L
86	34	L
86	35	L
86	36	-1
86	37	L
86	38	-1
86	39	L
86	40	L
86	41	Lp
86	42	Lp
86	43	Lp
86	44	Lp
86	45	Lp
86	46	Lp
86	47	Lp
86	48	Lp
86	49	-1
86	50	-1
86	51	Lp
86	52	Lp
86	53	L
86	54	Lp
86	55	Lp
86	56	L
86	57	Lp
86	58	-1
86	59	-1
86	60	-1
86	61	L
86	62	L
86	63	-1
86	64	L
86	65	-1
86	66	Lp
86	67	Lp
86	68	L
86	69	L
86	70	Lp
86	71	Lp
86	72	Lp
86	73	L
86	74	L
86	75	L
86	76	L
86	77	-1
86	78	L
86	79	L
86	80	L
86	81	L
86	82	L
86	83	L
86	84	-1
86	85	L
86	86	L
86	87	L
86	88	U
86	89	-1
86	90	U
86	91	U
86	92	U
86	93	L
86	94	L
86	95	L
86	96	-1
86	97	U
86	98	U
86	99	Lp
86	100	Lp
86	101	-1
86	102	Lp
86	103	Lp
86	104	Lp
86	105	-1
86	106	Lp
86	107	Lp
86	108	Lp
86	109	-1
86	110	Lp
86	111	Lp
86	112	Lp
86	113	L
86	114	L
86	115	-1
86	116	L
86	117	L
86	118	-1
86	119	L
87	0	Lp
87	1	Lp
87	2	L
87	3	-1
87	4	L
87	5	L
87	6	L
87	7	-1
87	8	L
87	9	L
87	10	L
87	11	L
87	12	-1
87	13	L
87	14	L
87	15	L
87	16	L
87	17	L
87	18	L
87	19	-1
87	20	L
87	21	L
87	22	L
87	23	L
87	24	-1
87	25	L
87	26	L
87	27	L
87	28	-1
87	29	Lp
87	30	Lp
87	31	L
87	32	-1
87	33	L
87	34	L
87	35	Lp
87	36	L
87	37	L
87	38	L
87	39	-1
87	40	L
87	41	Lp
87	42	Lp
87	43	Lp
87	44	Lp
87	45	-1
87	46	Lp
87	47	Lp
87	48	-1
87	49	Lp
87	50	Lp
87	51	Lp
87	52	Lp
87	53	Lp
87	54	Lp
87	55	Lp
87	56	Lp
87	57	Lp
87	58	Lp
87	59	U
87	60	L
87	61	U
87	62	Lp
87	63	Lp
87	64	-1
87	65	-1
87	66	Lp
87	67	Lp
87	68	-1
87	69	L
87	70	L
87	71	-1
87	72	Lp
87	73	Lp
87	74	L
87	75	L
87	76	L
87	77	-1
87	78	L
87	79	L
87	80	L
87	81	L
87	82	L
87	83	L
87	84	L
87	85	L
87	86	L
87	87	L
87	88	L
87	89	U
87	90	-1
87	91	Lp
87	92	U
87	93	L
87	94	U
87	95	Lp
87	96	-1
87	97	-1
87	98	U
87	99	-1
87	100	Lp
87	101	-1
87	102	Lp
87	103	Lp
87	104	Lp
87	105	Lp
87	106	-1
87	107	-1
87	108	-1
87	109	Lp
87	110	Lp
87	111	Lp
87	112	Lp
87	113	-1
87	114	Lp
87	115	L
87	116	Lp
87	117	-1
87	118	-1
87	119	L
88	0	Lp
88	1	-1
88	2	L
88	3	L
88	4	-1
88	5	L
88	6	L
88	7	L
88	8	L
88	9	L
88	10	L
88	11	L
88	12	L
88	13	L
88	14	-1
88	15	L
88	16	L
88	17	L
88	18	-1
88	19	L
88	20	L
88	21	-1
88	22	L
88	23	L
88	24	L
88	25	L
88	26	L
88	27	L
88	28	Lp
88	29	L
88	30	Lp
88	31	-1
88	32	-1
88	33	-1
88	34	-1
88	35	L
88	36	L
88	37	L
88	38	L
88	39	L
88	40	L
88	41	L
88	42	Lp
88	43	Lp
88	44	-1
88	45	Lp
88	46	Lp
88	47	Lp
88	48	-1
88	49	-1
88	50	-1
88	51	Lp
88	52	Lp
88	53	Lp
88	54	L
88	55	Lp
88	56	Lp
88	57	-1
88	58	Lp
88	59	Lp
88	60	-1
88	61	L
88	62	Lp
88	63	-1
88	64	L
88	65	Lp
88	66	U
88	67	Lp
88	68	-1
88	69	L
88	70	-1
88	71	L
88	72	L
88	73	Lp
88	74	-1
88	75	L
88	76	L
88	77	-1
88	78	L
88	79	-1
88	80	L
88	81	L
88	82	L
88	83	L
88	84	L
88	85	L
88	86	L
88	87	L
88	88	L
88	89	U
88	90	Lp
88	91	Lp
88	92	-1
88	93	L
88	94	Lp
88	95	Lp
88	96	Lp
88	97	U
88	98	U
88	99	U
88	100	-1
88	101	-1
88	102	Lp
88	103	Lp
88	104	Lp
88	105	Lp
88	106	Lp
88	107	Lp
88	108	Lp
88	109	-1
88	110	Lp
88	111	Lp
88	112	Lp
88	113	L
88	114	Lp
88	115	-1
88	116	Lp
88	117	L
88	118	L
88	119	Lp
89	0	Lp
89	1	Lp
89	2	L
89	3	-1
89	4	-1
89	5	L
89	6	L
89	7	L
89	8	L
89	9	L
89	10	L
89	11	L
89	12	L
89	13	L
89	14	-1
89	15	L
89	16	-1
89	17	-1
89	18	L
89	19	L
89	20	L
89	21	Lp
89	22	Lp
89	23	L
89	24	L
89	25	L
89	26	L
89	27	L
89	28	L
89	29	L
89	30	L
89	31	L
89	32	Lp
89	33	Lp
89	34	L
89	35	L
89	36	L
89	37	L
89	38	Lp
89	39	Lp
89	40	-1
89	41	-1
89	42	Lp
89	43	-1
89	44	Lp
89	45	Lp
89	46	Lp
89	47	Lp
89	48	Lp
89	49	Lp
89	50	-1
89	51	-1
89	52	-1
89	53	Lp
89	54	Lp
89	55	-1
89	56	Lp
89	57	Lp
89	58	-1
89	59	L
89	60	L
89	61	Lp
89	62	Lp
89	63	L
89	64	Lp
89	65	-1
89	66	Lp
89	67	U
89	68	-1
89	69	L
89	70	L
89	71	L
89	72	L
89	73	-1
89	74	-1
89	75	L
89	76	L
89	77	L
89	78	L
89	79	L
89	80	L
89	81	L
89	82	L
89	83	L
89	84	L
89	85	-1
89	86	Lp
89	87	Lp
89	88	L
89	89	-1
89	90	U
89	91	L
89	92	L
89	93	L
89	94	Lp
89	95	-1
89	96	U
89	97	U
89	98	U
89	99	Lp
89	100	Lp
89	101	-1
89	102	Lp
89	103	Lp
89	104	Lp
89	105	Lp
89	106	-1
89	107	-1
89	108	-1
89	109	-1
89	110	Lp
89	111	Lp
89	112	-1
89	113	L
89	114	L
89	115	-1
89	116	Lp
89	117	Lp
89	118	Lp
89	119	Lp
90	0	-1
90	1	L
90	2	-1
90	3	Lp
90	4	L
90	5	Lp
90	6	Lp
90	7	L
90	8	L
90	9	L
90	10	L
90	11	L
90	12	L
90	13	-1
90	14	U
90	15	-1
90	16	U
90	17	U
90	18	-1
90	19	U
90	20	Lp
90	21	L
90	22	L
90	23	-1
90	24	L
90	25	L
90	26	L
90	27	L
90	28	L
90	29	L
90	30	Lp
90	31	Lp
90	32	-1
90	33	L
90	34	-1
90	35	L
90	36	-1
90	37	Lp
90	38	Lp
90	39	L
90	40	L
90	41	-1
90	42	-1
90	43	Lp
90	44	Lp
90	45	-1
90	46	Lp
90	47	Lp
90	48	Lp
90	49	Lp
90	50	Lp
90	51	Lp
90	52	Lp
90	53	Lp
90	54	Lp
90	55	Lp
90	56	Lp
90	57	Lp
90	58	Lp
90	59	-1
90	60	L
90	61	L
90	62	-1
90	63	-1
90	64	L
90	65	U
90	66	-1
90	67	Lp
90	68	U
90	69	L
90	70	L
90	71	L
90	72	-1
90	73	-1
90	74	-1
90	75	L
90	76	L
90	77	L
90	78	-1
90	79	L
90	80	L
90	81	-1
90	82	-1
90	83	L
90	84	L
90	85	L
90	86	L
90	87	Lp
90	88	Lp
90	89	U
90	90	Lp
90	91	L
90	92	Lp
90	93	Lp
90	94	L
90	95	L
90	96	U
90	97	Lp
90	98	Lp
90	99	Lp
90	100	Lp
90	101	-1
90	102	Lp
90	103	Lp
90	104	Lp
90	105	-1
90	106	Lp
90	107	Lp
90	108	Lp
90	109	Lp
90	110	Lp
90	111	Lp
90	112	-1
90	113	Lp
90	114	Lp
90	115	Lp
90	116	-1
90	117	Lp
90	118	-1
90	119	Lp
91	0	Lp
91	1	Lp
91	2	Lp
91	3	Lp
91	4	-1
91	5	Lp
91	6	Lp
91	7	Lp
91	8	L
91	9	L
91	10	Lp
91	11	L
91	12	L
91	13	-1
91	14	-1
91	15	Lp
91	16	Lp
91	17	Lp
91	18	L
91	19	-1
91	20	Lp
91	21	L
91	22	L
91	23	L
91	24	-1
91	25	-1
91	26	L
91	27	-1
91	28	L
91	29	Lp
91	30	-1
91	31	Lp
91	32	L
91	33	L
91	34	-1
91	35	Lp
91	36	-1
91	37	Lp
91	38	Lp
91	39	Lp
91	40	Lp
91	41	Lp
91	42	Lp
91	43	Lp
91	44	Lp
91	45	Lp
91	46	Lp
91	47	Lp
91	48	-1
91	49	Lp
91	50	-1
91	51	Lp
91	52	-1
91	53	Lp
91	54	Lp
91	55	L
91	56	Lp
91	57	Lp
91	58	Lp
91	59	-1
91	60	L
91	61	L
91	62	L
91	63	-1
91	64	U
91	65	-1
91	66	Lp
91	67	U
91	68	U
91	69	-1
91	70	-1
91	71	L
91	72	L
91	73	L
91	74	-1
91	75	-1
91	76	L
91	77	L
91	78	L
91	79	-1
91	80	L
91	81	L
91	82	L
91	83	L
91	84	-1
91	85	L
91	86	L
91	87	-1
91	88	Lp
91	89	Lp
91	90	-1
91	91	L
91	92	Lp
91	93	Lp
91	94	Lp
91	95	Lp
91	96	Lp
91	97	U
91	98	Lp
91	99	Lp
91	100	Lp
91	101	Lp
91	102	-1
91	103	-1
91	104	Lp
91	105	Lp
91	106	-1
91	107	-1
91	108	Lp
91	109	Lp
91	110	Lp
91	111	Lp
91	112	Lp
91	113	-1
91	114	-1
91	115	Lp
91	116	-1
91	117	Lp
91	118	Lp
91	119	Lp
92	0	-1
92	1	Lp
92	2	Lp
92	3	Lp
92	4	Lp
92	5	Lp
92	6	-1
92	7	L
92	8	-1
92	9	-1
92	10	Lp
92	11	Lp
92	12	L
92	13	Lp
92	14	Lp
92	15	Lp
92	16	Lp
92	17	U
92	18	U
92	19	L
92	20	L
92	21	L
92	22	-1
92	23	-1
92	24	L
92	25	-1
92	26	L
92	27	L
92	28	L
92	29	-1
92	30	-1
92	31	-1
92	32	L
92	33	L
92	34	Lp
92	35	Lp
92	36	Lp
92	37	Lp
92	38	-1
92	39	-1
92	40	Lp
92	41	Lp
92	42	Lp
92	43	Lp
92	44	Lp
92	45	Lp
92	46	Lp
92	47	Lp
92	48	Lp
92	49	-1
92	50	Lp
92	51	Lp
92	52	Lp
92	53	-1
92	54	Lp
92	55	L
92	56	L
92	57	-1
92	58	Lp
92	59	L
92	60	L
92	61	L
92	62	L
92	63	-1
92	64	Lp
92	65	Lp
92	66	Lp
92	67	-1
92	68	U
92	69	U
92	70	L
92	71	U
92	72	-1
92	73	L
92	74	L
92	75	Lp
92	76	-1
92	77	L
92	78	L
92	79	-1
92	80	L
92	81	L
92	82	L
92	83	-1
92	84	L
92	85	-1
92	86	-1
92	87	Lp
92	88	-1
92	89	L
92	90	-1
92	91	Lp
92	92	L
92	93	Lp
92	94	Lp
92	95	Lp
92	96	Lp
92	97	Lp
92	98	Lp
92	99	Lp
92	100	Lp
92	101	Lp
92	102	Lp
92	103	Lp
92	104	Lp
92	105	Lp
92	106	Lp
92	107	Lp
92	108	Lp
92	109	Lp
92	110	Lp
92	111	-1
92	112	Lp
92	113	-1
92	114	Lp
92	115	Lp
92	116	Lp
92	117	Lp
92	118	Lp
92	119	-1
93	0	Lp
93	1	-1
93	2	Lp
93	3	-1
93	4	-1
93	5	Lp
93	6	Lp
93	7	Lp
93	8	L
93	9	L
93	10	L
93	11	L
93	12	L
93	13	Lp
93	14	Lp
93	15	Lp
93	16	U
93	17	L
93	18	L
93	19	L
93	20	-1
93	21	-1
93	22	L
93	23	L
93	24	L
93	25	L
93	26	L
93	27	L
93	28	L
93	29	L
93	30	-1
93	31	-1
93	32	L
93	33	L
93	34	-1
93	35	Lp
93	36	Lp
93	37	-1
93	38	Lp
93	39	Lp
93	40	Lp
93	41	Lp
93	42	-1
93	43	Lp
93	44	-1
93	45	-1
93	46	Lp
93	47	Lp
93	48	Lp
93	49	Lp
93	50	Lp
93	51	-1
93	52	Lp
93	53	Lp
93	54	L
93	55	-1
93	56	L
93	57	L
93	58	-1
93	59	Lp
93	60	L
93	61	L
93	62	Lp
93	63	Lp
93	64	Lp
93	65	-1
93	66	Lp
93	67	Lp
93	68	L
93	69	-1
93	70	U
93	71	-1
93	72	U
93	73	L
93	74	Lp
93	75	L
93	76	L
93	77	L
93	78	L
93	79	-1
93	80	L
93	81	-1
93	82	L
93	83	-1
93	84	L
93	85	-1
93	86	L
93	87	-1
93	88	Lp
93	89	L
93	90	L
93	91	-1
93	92	-1
93	93	Lp
93	94	-1
93	95	-1
93	96	Lp
93	97	Lp
93	98	Lp
93	99	Lp
93	100	Lp
93	101	-1
93	102	Lp
93	103	-1
93	104	Lp
93	105	Lp
93	106	Lp
93	107	Lp
93	108	Lp
93	109	Lp
93	110	Lp
93	111	-1
93	112	Lp
93	113	Lp
93	114	Lp
93	115	Lp
93	116	-1
93	117	Lp
93	118	Lp
93	119	-1
94	0	U
94	1	-1
94	2	U
94	3	-1
94	4	Lp
94	5	U
94	6	Lp
94	7	U
94	8	L
94	9	L
94	10	L
94	11	-1
94	12	L
94	13	Lp
94	14	Lp
94	15	Lp
94	16	-1
94	17	L
94	18	-1
94	19	-1
94	20	-1
94	21	L
94	22	L
94	23	L
94	24	-1
94	25	L
94	26	L
94	27	L
94	28	-1
94	29	-1
94	30	Lp
94	31	L
94	32	L
94	33	Lp
94	34	Lp
94	35	Lp
94	36	Lp
94	37	Lp
94	38	Lp
94	39	Lp
94	40	Lp
94	41	Lp
94	42	Lp
94	43	Lp
94	44	Lp
94	45	Lp
94	46	-1
94	47	Lp
94	48	-1
94	49	Lp
94	50	-1
94	51	Lp
94	52	-1
94	53	Lp
94	54	-1
94	55	L
94	56	L
94	57	L
94	58	L
94	59	L
94	60	-1
94	61	-1
94	62	Lp
94	63	Lp
94	64	-1
94	65	Lp
94	66	-1
94	67	L
94	68	Lp
94	69	-1
94	70	L
94	71	U
94	72	U
94	73	L
94	74	-1
94	75	-1
94	76	L
94	77	L
94	78	L
94	79	L
94	80	L
94	81	L
94	82	L
94	83	L
94	84	L
94	85	L
94	86	-1
94	87	L
94	88	L
94	89	L
94	90	L
94	91	-1
94	92	Lp
94	93	-1
94	94	L
94	95	-1
94	96	Lp
94	97	Lp
94	98	-1
94	99	Lp
94	100	Lp
94	101	Lp
94	102	Lp
94	103	Lp
94	104	-1
94	105	Lp
94	106	Lp
94	107	Lp
94	108	Lp
94	109	Lp
94	110	Lp
94	111	-1
94	112	-1
94	113	Lp
94	114	Lp
94	115	Lp
94	116	Lp
94	117	U
94	118	Lp
94	119	-1
95	0	Lp
95	1	-1
95	2	Lp
95	3	Lp
95	4	-1
95	5	-1
95	6	U
95	7	Lp
95	8	L
95	9	-1
95	10	L
95	11	-1
95	12	-1
95	13	Lp
95	14	Lp
95	15	L
95	16	L
95	17	Lp
95	18	L
95	19	-1
95	20	L
95	21	-1
95	22	L
95	23	L
95	24	-1
95	25	L
95	26	-1
95	27	L
95	28	L
95	29	-1
95	30	L
95	31	-1
95	32	-1
95	33	Lp
95	34	-1
95	35	Lp
95	36	Lp
95	37	Lp
95	38	-1
95	39	Lp
95	40	Lp
95	41	Lp
95	42	-1
95	43	Lp
95	44	Lp
95	45	-1
95	46	Lp
95	47	Lp
95	48	Lp
95	49	Lp
95	50	-1
95	51	U
95	52	Lp
95	53	Lp
95	54	-1
95	55	L
95	56	L
95	57	L
95	58	L
95	59	-1
95	60	Lp
95	61	Lp
95	62	-1
95	63	-1
95	64	Lp
95	65	Lp
95	66	-1
95	67	-1
95	68	Lp
95	69	Lp
95	70	Lp
95	71	-1
95	72	Lp
95	73	Lp
95	74	-1
95	75	L
95	76	-1
95	77	L
95	78	-1
95	79	L
95	80	-1
95	81	-1
95	82	L
95	83	L
95	84	L
95	85	L
95	86	L
95	87	L
95	88	-1
95	89	L
95	90	L
95	91	L
95	92	L
95	93	Lp
95	94	L
95	95	-1
95	96	Lp
95	97	Lp
95	98	Lp
95	99	Lp
95	100	-1
95	101	Lp
95	102	Lp
95	103	U
95	104	Lp
95	105	Lp
95	106	Lp
95	107	Lp
95	108	Lp
95	109	Lp
95	110	Lp
95	111	Lp
95	112	Lp
95	113	Lp
95	114	Lp
95	115	-1
95	116	-1
95	117	-1
95	118	U
95	119	U
96	0	Lp
96	1	Lp
96	2	Lp
96	3	Lp
96	4	Lp
96	5	Lp
96	6	U
96	7	Lp
96	8	Lp
96	9	L
96	10	L
96	11	L
96	12	L
96	13	Lp
96	14	L
96	15	Lp
96	16	Lp
96	17	Lp
96	18	Lp
96	19	-1
96	20	L
96	21	Lp
96	22	Lp
96	23	L
96	24	-1
96	25	-1
96	26	-1
96	27	-1
96	28	L
96	29	L
96	30	Lp
96	31	-1
96	32	Lp
96	33	Lp
96	34	-1
96	35	Lp
96	36	Lp
96	37	Lp
96	38	-1
96	39	Lp
96	40	Lp
96	41	-1
96	42	Lp
96	43	Lp
96	44	Lp
96	45	Lp
96	46	Lp
96	47	-1
96	48	Lp
96	49	-1
96	50	Lp
96	51	-1
96	52	-1
96	53	Lp
96	54	Lp
96	55	L
96	56	Lp
96	57	Lp
96	58	Lp
96	59	-1
96	60	Lp
96	61	L
96	62	Lp
96	63	Lp
96	64	Lp
96	65	L
96	66	Lp
96	67	L
96	68	-1
96	69	Lp
96	70	U
96	71	U
96	72	-1
96	73	Lp
96	74	Lp
96	75	Lp
96	76	L
96	77	-1
96	78	L
96	79	L
96	80	L
96	81	L
96	82	-1
96	83	-1
96	84	L
96	85	L
96	86	L
96	87	L
96	88	L
96	89	L
96	90	L
96	91	L
96	92	-1
96	93	Lp
96	94	-1
96	95	L
96	96	L
96	97	Lp
96	98	-1
96	99	Lp
96	100	Lp
96	101	Lp
96	102	Lp
96	103	-1
96	104	U
96	105	U
96	106	Lp
96	107	Lp
96	108	Lp
96	109	Lp
96	110	Lp
96	111	Lp
96	112	Lp
96	113	-1
96	114	Lp
96	115	Lp
96	116	Lp
96	117	-1
96	118	-1
96	119	U
97	0	Lp
97	1	-1
97	2	Lp
97	3	Lp
97	4	Lp
97	5	Lp
97	6	Lp
97	7	-1
97	8	-1
97	9	-1
97	10	-1
97	11	-1
97	12	L
97	13	Lp
97	14	Lp
97	15	Lp
97	16	Lp
97	17	Lp
97	18	Lp
97	19	Lp
97	20	L
97	21	L
97	22	-1
97	23	-1
97	24	L
97	25	Lp
97	26	-1
97	27	-1
97	28	-1
97	29	Lp
97	30	Lp
97	31	Lp
97	32	Lp
97	33	L
97	34	Lp
97	35	Lp
97	36	-1
97	37	Lp
97	38	Lp
97	39	Lp
97	40	Lp
97	41	Lp
97	42	Lp
97	43	Lp
97	44	Lp
97	45	-1
97	46	-1
97	47	Lp
97	48	Lp
97	49	Lp
97	50	Lp
97	51	-1
97	52	-1
97	53	-1
97	54	-1
97	55	-1
97	56	-1
97	57	Lp
97	58	L
97	59	Lp
97	60	Lp
97	61	Lp
97	62	Lp
97	63	-1
97	64	Lp
97	65	-1
97	66	Lp
97	67	Lp
97	68	U
97	69	Lp
97	70	U
97	71	U
97	72	U
97	73	U
97	74	Lp
97	75	Lp
97	76	Lp
97	77	L
97	78	L
97	79	-1
97	80	L
97	81	L
97	82	L
97	83	L
97	84	L
97	85	L
97	86	-1
97	87	L
97	88	L
97	89	L
97	90	-1
97	91	-1
97	92	L
97	93	L
97	94	L
97	95	L
97	96	-1
97	97	Lp
97	98	-1
97	99	Lp
97	100	Lp
97	101	Lp
97	102	Lp
97	103	Lp
97	104	Lp
97	105	U
97	106	Lp
97	107	Lp
97	108	Lp
97	109	L
97	110	-1
97	111	Lp
97	112	Lp
97	113	Lp
97	114	-1
97	115	Lp
97	116	-1
97	117	Lp
97	118	Lp
97	119	Lp
98	0	Lp
98	1	Lp
98	2	Lp
98	3	Lp
98	4	-1
98	5	Lp
98	6	Lp
98	7	Lp
98	8	-1
98	9	L
98	10	L
98	11	-1
98	12	Lp
98	13	-1
98	14	-1
98	15	Lp
98	16	Lp
98	17	Lp
98	18	Lp
98	19	Lp
98	20	Lp
98	21	L
98	22	-1
98	23	-1
98	24	L
98	25	Lp
98	26	U
98	27	-1
98	28	Lp
98	29	Lp
98	30	Lp
98	31	Lp
98	32	Lp
98	33	L
98	34	L
98	35	L
98	36	Lp
98	37	Lp
98	38	-1
98	39	Lp
98	40	Lp
98	41	-1
98	42	-1
98	43	Lp
98	44	-1
98	45	-1
98	46	-1
98	47	Lp
98	48	Lp
98	49	-1
98	50	Lp
98	51	Lp
98	52	-1
98	53	Lp
98	54	-1
98	55	Lp
98	56	Lp
98	57	-1
98	58	-1
98	59	Lp
98	60	-1
98	61	-1
98	62	Lp
98	63	Lp
98	64	U
98	65	Lp
98	66	Lp
98	67	-1
98	68	Lp
98	69	L
98	70	L
98	71	-1
98	72	Lp
98	73	Lp
98	74	-1
98	75	U
98	76	-1
98	77	L
98	78	L
98	79	-1
98	80	L
98	81	L
98	82	L
98	83	Lp
98	84	-1
98	85	L
98	86	L
98	87	L
98	88	L
98	89	L
98	90	L
98	91	L
98	92	L
98	93	L
98	94	L
98	95	L
98	96	Lp
98	97	Lp
98	98	-1
98	99	Lp
98	100	Lp
98	101	Lp
98	102	Lp
98	103	U
98	104	U
98	105	U
98	106	Lp
98	107	Lp
98	108	Lp
98	109	Lp
98	110	Lp
98	111	Lp
98	112	Lp
98	113	Lp
98	114	Lp
98	115	Lp
98	116	Lp
98	117	Lp
98	118	Lp
98	119	Lp
99	0	Lp
99	1	Lp
99	2	Lp
99	3	-1
99	4	Lp
99	5	Lp
99	6	Lp
99	7	Lp
99	8	L
99	9	L
99	10	Lp
99	11	L
99	12	L
99	13	L
99	14	Lp
99	15	Lp
99	16	Lp
99	17	Lp
99	18	Lp
99	19	L
99	20	L
99	21	L
99	22	L
99	23	L
99	24	L
99	25	L
99	26	Lp
99	27	L
99	28	Lp
99	29	Lp
99	30	Lp
99	31	Lp
99	32	Lp
99	33	Lp
99	34	L
99	35	-1
99	36	Lp
99	37	-1
99	38	Lp
99	39	-1
99	40	Lp
99	41	Lp
99	42	Lp
99	43	Lp
99	44	-1
99	45	Lp
99	46	Lp
99	47	-1
99	48	-1
99	49	Lp
99	50	Lp
99	51	-1
99	52	Lp
99	53	Lp
99	54	Lp
99	55	L
99	56	Lp
99	57	Lp
99	58	Lp
99	59	Lp
99	60	Lp
99	61	Lp
99	62	-1
99	63	-1
99	64	Lp
99	65	U
99	66	U
99	67	Lp
99	68	Lp
99	69	-1
99	70	Lp
99	71	L
99	72	Lp
99	73	-1
99	74	L
99	75	Lp
99	76	L
99	77	L
99	78	L
99	79	-1
99	80	-1
99	81	L
99	82	L
99	83	U
99	84	U
99	85	Lp
99	86	L
99	87	L
99	88	L
99	89	L
99	90	L
99	91	L
99	92	L
99	93	L
99	94	Lp
99	95	-1
99	96	Lp
99	97	-1
99	98	Lp
99	99	Lp
99	100	Lp
99	101	-1
99	102	Lp
99	103	Lp
99	104	U
99	105	Lp
99	106	Lp
99	107	-1
99	108	-1
99	109	L
99	110	Lp
99	111	Lp
99	112	Lp
99	113	-1
99	114	Lp
99	115	Lp
99	116	Lp
99	117	Lp
99	118	Lp
99	119	Lp
100	0	Lp
100	1	Lp
100	2	Lp
100	3	Lp
100	4	Lp
100	5	Lp
100	6	Lp
100	7	L
100	8	-1
100	9	Lp
100	10	Lp
100	11	L
100	12	Lp
100	13	Lp
100	14	-1
100	15	Lp
100	16	Lp
100	17	-1
100	18	Lp
100	19	U
100	20	-1
100	21	Lp
100	22	L
100	23	L
100	24	Lp
100	25	L
100	26	L
100	27	L
100	28	Lp
100	29	-1
100	30	Lp
100	31	-1
100	32	Lp
100	33	Lp
100	34	L
100	35	Lp
100	36	-1
100	37	Lp
100	38	-1
100	39	Lp
100	40	Lp
100	41	Lp
100	42	Lp
100	43	Lp
100	44	-1
100	45	Lp
100	46	-1
100	47	-1
100	48	-1
100	49	-1
100	50	Lp
100	51	Lp
100	52	Lp
100	53	U
100	54	Lp
100	55	L
100	56	L
100	57	-1
100	58	Lp
100	59	-1
100	60	Lp
100	61	Lp
100	62	Lp
100	63	L
100	64	L
100	65	Lp
100	66	U
100	67	-1
100	68	-1
100	69	Lp
100	70	Lp
100	71	Lp
100	72	Lp
100	73	L
100	74	L
100	75	L
100	76	U
100	77	L
100	78	-1
100	79	L
100	80	L
100	81	L
100	82	L
100	83	-1
100	84	L
100	85	L
100	86	L
100	87	L
100	88	-1
100	89	L
100	90	L
100	91	L
100	92	L
100	93	Lp
100	94	Lp
100	95	Lp
100	96	Lp
100	97	-1
100	98	Lp
100	99	Lp
100	100	Lp
100	101	Lp
100	102	Lp
100	103	Lp
100	104	-1
100	105	Lp
100	106	Lp
100	107	-1
100	108	Lp
100	109	L
100	110	-1
100	111	Lp
100	112	-1
100	113	-1
100	114	Lp
100	115	Lp
100	116	-1
100	117	Lp
100	118	-1
100	119	Lp
101	0	-1
101	1	-1
101	2	Lp
101	3	Lp
101	4	Lp
101	5	Lp
101	6	Lp
101	7	Lp
101	8	U
101	9	Lp
101	10	L
101	11	L
101	12	Lp
101	13	L
101	14	Lp
101	15	-1
101	16	Lp
101	17	-1
101	18	-1
101	19	L
101	20	U
101	21	-1
101	22	-1
101	23	L
101	24	-1
101	25	L
101	26	L
101	27	L
101	28	Lp
101	29	Lp
101	30	Lp
101	31	-1
101	32	Lp
101	33	Lp
101	34	Lp
101	35	Lp
101	36	U
101	37	Lp
101	38	-1
101	39	Lp
101	40	Lp
101	41	Lp
101	42	-1
101	43	Lp
101	44	Lp
101	45	Lp
101	46	Lp
101	47	-1
101	48	-1
101	49	-1
101	50	Lp
101	51	Lp
101	52	Lp
101	53	U
101	54	-1
101	55	L
101	56	L
101	57	Lp
101	58	Lp
101	59	Lp
101	60	-1
101	61	Lp
101	62	-1
101	63	L
101	64	L
101	65	L
101	66	Lp
101	67	U
101	68	Lp
101	69	Lp
101	70	-1
101	71	-1
101	72	Lp
101	73	Lp
101	74	L
101	75	U
101	76	U
101	77	L
101	78	L
101	79	-1
101	80	L
101	81	-1
101	82	L
101	83	L
101	84	-1
101	85	-1
101	86	-1
101	87	-1
101	88	L
101	89	L
101	90	Lp
101	91	-1
101	92	Lp
101	93	Lp
101	94	-1
101	95	-1
101	96	Lp
101	97	-1
101	98	Lp
101	99	-1
101	100	Lp
101	101	Lp
101	102	-1
101	103	Lp
101	104	-1
101	105	Lp
101	106	Lp
101	107	Lp
101	108	L
101	109	-1
101	110	U
101	111	U
101	112	Lp
101	113	Lp
101	114	Lp
101	115	Lp
101	116	Lp
101	117	Lp
101	118	Lp
101	119	Lp
102	0	Lp
102	1	Lp
102	2	-1
102	3	Lp
102	4	Lp
102	5	Lp
102	6	Lp
102	7	Lp
102	8	Lp
102	9	L
102	10	U
102	11	U
102	12	L
102	13	-1
102	14	L
102	15	Lp
102	16	Lp
102	17	L
102	18	L
102	19	U
102	20	U
102	21	Lp
102	22	L
102	23	Lp
102	24	-1
102	25	-1
102	26	L
102	27	L
102	28	-1
102	29	Lp
102	30	Lp
102	31	-1
102	32	Lp
102	33	-1
102	34	-1
102	35	Lp
102	36	-1
102	37	-1
102	38	U
102	39	-1
102	40	Lp
102	41	-1
102	42	Lp
102	43	Lp
102	44	Lp
102	45	Lp
102	46	Lp
102	47	Lp
102	48	Lp
102	49	Lp
102	50	Lp
102	51	Lp
102	52	Lp
102	53	U
102	54	-1
102	55	-1
102	56	Lp
102	57	-1
102	58	Lp
102	59	-1
102	60	Lp
102	61	-1
102	62	Lp
102	63	L
102	64	L
102	65	L
102	66	L
102	67	L
102	68	-1
102	69	-1
102	70	Lp
102	71	Lp
102	72	L
102	73	U
102	74	L
102	75	U
102	76	U
102	77	L
102	78	L
102	79	L
102	80	L
102	81	L
102	82	L
102	83	L
102	84	-1
102	85	Lp
102	86	Lp
102	87	-1
102	88	Lp
102	89	-1
102	90	Lp
102	91	Lp
102	92	Lp
102	93	Lp
102	94	Lp
102	95	Lp
102	96	Lp
102	97	-1
102	98	Lp
102	99	Lp
102	100	Lp
102	101	Lp
102	102	Lp
102	103	Lp
102	104	U
102	105	Lp
102	106	Lp
102	107	U
102	108	L
102	109	U
102	110	U
102	111	Lp
102	112	-1
102	113	-1
102	114	Lp
102	115	Lp
102	116	L
102	117	-1
102	118	-1
102	119	Lp
103	0	Lp
103	1	Lp
103	2	Lp
103	3	Lp
103	4	-1
103	5	-1
103	6	Lp
103	7	Lp
103	8	Lp
103	9	Lp
103	10	L
103	11	U
103	12	-1
103	13	L
103	14	-1
103	15	-1
103	16	Lp
103	17	L
103	18	L
103	19	L
103	20	U
103	21	Lp
103	22	Lp
103	23	Lp
103	24	Lp
103	25	L
103	26	U
103	27	L
103	28	Lp
103	29	Lp
103	30	Lp
103	31	Lp
103	32	-1
103	33	-1
103	34	Lp
103	35	Lp
103	36	U
103	37	U
103	38	Lp
103	39	Lp
103	40	Lp
103	41	Lp
103	42	Lp
103	43	Lp
103	44	Lp
103	45	Lp
103	46	Lp
103	47	-1
103	48	-1
103	49	U
103	50	U
103	51	Lp
103	52	U
103	53	-1
103	54	U
103	55	Lp
103	56	Lp
103	57	-1
103	58	-1
103	59	Lp
103	60	L
103	61	U
103	62	-1
103	63	-1
103	64	-1
103	65	L
103	66	L
103	67	L
103	68	U
103	69	Lp
103	70	-1
103	71	L
103	72	Lp
103	73	L
103	74	-1
103	75	L
103	76	L
103	77	L
103	78	L
103	79	L
103	80	L
103	81	L
103	82	L
103	83	L
103	84	Lp
103	85	U
103	86	L
103	87	-1
103	88	Lp
103	89	Lp
103	90	Lp
103	91	Lp
103	92	Lp
103	93	-1
103	94	Lp
103	95	Lp
103	96	Lp
103	97	Lp
103	98	Lp
103	99	Lp
103	100	Lp
103	101	-1
103	102	Lp
103	103	U
103	104	Lp
103	105	U
103	106	Lp
103	107	Lp
103	108	U
103	109	U
103	110	U
103	111	Lp
103	112	Lp
103	113	Lp
103	114	Lp
103	115	Lp
103	116	L
103	117	Lp
103	118	-1
103	119	Lp
104	0	-1
104	1	Lp
104	2	Lp
104	3	Lp
104	4	-1
104	5	Lp
104	6	Lp
104	7	Lp
104	8	L
104	9	L
104	10	U
104	11	-1
104	12	U
104	13	-1
104	14	L
104	15	Lp
104	16	Lp
104	17	Lp
104	18	L
104	19	-1
104	20	L
104	21	Lp
104	22	Lp
104	23	Lp
104	24	Lp
104	25	Lp
104	26	-1
104	27	Lp
104	28	Lp
104	29	Lp
104	30	Lp
104	31	Lp
104	32	-1
104	33	-1
104	34	Lp
104	35	-1
104	36	U
104	37	-1
104	38	-1
104	39	Lp
104	40	-1
104	41	Lp
104	42	-1
104	43	Lp
104	44	Lp
104	45	Lp
104	46	Lp
104	47	U
104	48	-1
104	49	U
104	50	Lp
104	51	U
104	52	Lp
104	53	U
104	54	-1
104	55	Lp
104	56	Lp
104	57	-1
104	58	L
104	59	L
104	60	L
104	61	L
104	62	L
104	63	L
104	64	L
104	65	L
104	66	L
104	67	U
104	68	L
104	69	-1
104	70	Lp
104	71	Lp
104	72	Lp
104	73	-1
104	74	L
104	75	L
104	76	Lp
104	77	L
104	78	L
104	79	-1
104	80	-1
104	81	L
104	82	L
104	83	L
104	84	Lp
104	85	-1
104	86	L
104	87	-1
104	88	Lp
104	89	Lp
104	90	Lp
104	91	-1
104	92	Lp
104	93	Lp
104	94	Lp
104	95	Lp
104	96	Lp
104	97	Lp
104	98	Lp
104	99	Lp
104	100	Lp
104	101	Lp
104	102	Lp
104	103	U
104	104	Lp
104	105	U
104	106	-1
104	107	Lp
104	108	Lp
104	109	-1
104	110	Lp
104	111	Lp
104	112	Lp
104	113	-1
104	114	L
104	115	L
104	116	Lp
104	117	Lp
104	118	Lp
104	119	Lp
105	0	Lp
105	1	Lp
105	2	Lp
105	3	Lp
105	4	-1
105	5	L
105	6	L
105	7	-1
105	8	L
105	9	-1
105	10	-1
105	11	U
105	12	L
105	13	-1
105	14	Lp
105	15	Lp
105	16	L
105	17	L
105	18	Lp
105	19	Lp
105	20	Lp
105	21	Lp
105	22	Lp
105	23	Lp
105	24	-1
105	25	Lp
105	26	-1
105	27	Lp
105	28	Lp
105	29	Lp
105	30	Lp
105	31	Lp
105	32	Lp
105	33	Lp
105	34	Lp
105	35	Lp
105	36	-1
105	37	U
105	38	-1
105	39	-1
105	40	Lp
105	41	Lp
105	42	Lp
105	43	Lp
105	44	-1
105	45	Lp
105	46	Lp
105	47	-1
105	48	Lp
105	49	Lp
105	50	U
105	51	Lp
105	52	U
105	53	Lp
105	54	Lp
105	55	Lp
105	56	L
105	57	L
105	58	L
105	59	-1
105	60	L
105	61	-1
105	62	L
105	63	L
105	64	-1
105	65	L
105	66	L
105	67	L
105	68	-1
105	69	-1
105	70	Lp
105	71	Lp
105	72	Lp
105	73	Lp
105	74	L
105	75	Lp
105	76	L
105	77	Lp
105	78	L
105	79	L
105	80	L
105	81	L
105	82	L
105	83	L
105	84	L
105	85	L
105	86	L
105	87	Lp
105	88	Lp
105	89	-1
105	90	Lp
105	91	Lp
105	92	-1
105	93	Lp
105	94	Lp
105	95	Lp
105	96	Lp
105	97	Lp
105	98	-1
105	99	-1
105	100	Lp
105	101	-1
105	102	Lp
105	103	Lp
105	104	Lp
105	105	-1
105	106	U
105	107	Lp
105	108	Lp
105	109	Lp
105	110	Lp
105	111	Lp
105	112	Lp
105	113	Lp
105	114	L
105	115	L
105	116	L
105	117	L
105	118	-1
105	119	Lp
106	0	-1
106	1	Lp
106	2	Lp
106	3	-1
106	4	-1
106	5	L
106	6	Lp
106	7	L
106	8	L
106	9	L
106	10	L
106	11	L
106	12	L
106	13	L
106	14	-1
106	15	-1
106	16	L
106	17	Lp
106	18	Lp
106	19	Lp
106	20	-1
106	21	Lp
106	22	Lp
106	23	Lp
106	24	U
106	25	Lp
106	26	U
106	27	-1
106	28	Lp
106	29	-1
106	30	Lp
106	31	Lp
106	32	Lp
106	33	U
106	34	Lp
106	35	U
106	36	U
106	37	-1
106	38	Lp
106	39	Lp
106	40	Lp
106	41	Lp
106	42	Lp
106	43	Lp
106	44	Lp
106	45	Lp
106	46	Lp
106	47	Lp
106	48	Lp
106	49	Lp
106	50	U
106	51	U
106	52	U
106	53	U
106	54	Lp
106	55	Lp
106	56	Lp
106	57	-1
106	58	L
106	59	-1
106	60	-1
106	61	L
106	62	-1
106	63	L
106	64	L
106	65	L
106	66	L
106	67	L
106	68	U
106	69	L
106	70	L
106	71	Lp
106	72	Lp
106	73	Lp
106	74	Lp
106	75	L
106	76	Lp
106	77	Lp
106	78	Lp
106	79	-1
106	80	Lp
106	81	-1
106	82	Lp
106	83	Lp
106	84	Lp
106	85	U
106	86	U
106	87	-1
106	88	-1
106	89	Lp
106	90	Lp
106	91	Lp
106	92	Lp
106	93	Lp
106	94	Lp
106	95	-1
106	96	-1
106	97	Lp
106	98	-1
106	99	Lp
106	100	Lp
106	101	Lp
106	102	-1
106	103	Lp
106	104	-1
106	105	Lp
106	106	Lp
106	107	Lp
106	108	-1
106	109	Lp
106	110	-1
106	111	Lp
106	112	Lp
106	113	L
106	114	L
106	115	L
106	116	L
106	117	L
106	118	Lp
106	119	Lp
107	0	L
107	1	L
107	2	L
107	3	-1
107	4	-1
107	5	L
107	6	L
107	7	-1
107	8	Lp
107	9	Lp
107	10	Lp
107	11	L
107	12	-1
107	13	L
107	14	-1
107	15	L
107	16	Lp
107	17	L
107	18	Lp
107	19	Lp
107	20	Lp
107	21	-1
107	22	Lp
107	23	Lp
107	24	-1
107	25	-1
107	26	-1
107	27	Lp
107	28	Lp
107	29	Lp
107	30	Lp
107	31	Lp
107	32	Lp
107	33	Lp
107	34	U
107	35	Lp
107	36	Lp
107	37	Lp
107	38	Lp
107	39	-1
107	40	Lp
107	41	Lp
107	42	Lp
107	43	Lp
107	44	Lp
107	45	Lp
107	46	Lp
107	47	Lp
107	48	Lp
107	49	U
107	50	U
107	51	U
107	52	Lp
107	53	-1
107	54	Lp
107	55	-1
107	56	Lp
107	57	Lp
107	58	-1
107	59	L
107	60	Lp
107	61	L
107	62	L
107	63	L
107	64	-1
107	65	L
107	66	L
107	67	L
107	68	L
107	69	U
107	70	L
107	71	L
107	72	Lp
107	73	Lp
107	74	-1
107	75	Lp
107	76	Lp
107	77	-1
107	78	Lp
107	79	Lp
107	80	Lp
107	81	Lp
107	82	Lp
107	83	Lp
107	84	Lp
107	85	Lp
107	86	Lp
107	87	Lp
107	88	Lp
107	89	-1
107	90	Lp
107	91	Lp
107	92	Lp
107	93	-1
107	94	Lp
107	95	Lp
107	96	-1
107	97	Lp
107	98	Lp
107	99	Lp
107	100	Lp
107	101	Lp
107	102	Lp
107	103	Lp
107	104	U
107	105	Lp
107	106	Lp
107	107	Lp
107	108	-1
107	109	Lp
107	110	Lp
107	111	Lp
107	112	Lp
107	113	-1
107	114	-1
107	115	L
107	116	L
107	117	L
107	118	-1
107	119	Lp
108	0	-1
108	1	L
108	2	L
108	3	L
108	4	-1
108	5	-1
108	6	L
108	7	L
108	8	Lp
108	9	Lp
108	10	Lp
108	11	Lp
108	12	L
108	13	L
108	14	-1
108	15	-1
108	16	Lp
108	17	-1
108	18	Lp
108	19	Lp
108	20	Lp
108	21	Lp
108	22	-1
108	23	Lp
108	24	U
108	25	U
108	26	L
108	27	U
108	28	Lp
108	29	Lp
108	30	Lp
108	31	Lp
108	32	Lp
108	33	Lp
108	34	Lp
108	35	Lp
108	36	Lp
108	37	Lp
108	38	Lp
108	39	Lp
108	40	Lp
108	41	-1
108	42	-1
108	43	Lp
108	44	Lp
108	45	Lp
108	46	Lp
108	47	Lp
108	48	Lp
108	49	Lp
108	50	Lp
108	51	Lp
108	52	U
108	53	U
108	54	Lp
108	55	Lp
108	56	Lp
108	57	Lp
108	58	-1
108	59	L
108	60	-1
108	61	Lp
108	62	Lp
108	63	Lp
108	64	Lp
108	65	L
108	66	L
108	67	L
108	68	U
108	69	-1
108	70	L
108	71	L
108	72	L
108	73	L
108	74	L
108	75	L
108	76	-1
108	77	Lp
108	78	L
108	79	Lp
108	80	-1
108	81	L
108	82	Lp
108	83	Lp
108	84	-1
108	85	-1
108	86	Lp
108	87	Lp
108	88	Lp
108	89	-1
108	90	Lp
108	91	Lp
108	92	Lp
108	93	-1
108	94	Lp
108	95	Lp
108	96	Lp
108	97	-1
108	98	Lp
108	99	Lp
108	100	Lp
108	101	Lp
108	102	-1
108	103	Lp
108	104	-1
108	105	U
108	106	U
108	107	Lp
108	108	Lp
108	109	Lp
108	110	Lp
108	111	Lp
108	112	Lp
108	113	Lp
108	114	Lp
108	115	L
108	116	-1
108	117	L
108	118	L
108	119	L
109	0	-1
109	1	L
109	2	L
109	3	L
109	4	-1
109	5	L
109	6	L
109	7	L
109	8	U
109	9	Lp
109	10	Lp
109	11	Lp
109	12	L
109	13	L
109	14	-1
109	15	-1
109	16	Lp
109	17	-1
109	18	-1
109	19	-1
109	20	Lp
109	21	Lp
109	22	Lp
109	23	Lp
109	24	Lp
109	25	L
109	26	L
109	27	-1
109	28	-1
109	29	L
109	30	-1
109	31	-1
109	32	L
109	33	Lp
109	34	Lp
109	35	Lp
109	36	Lp
109	37	Lp
109	38	Lp
109	39	Lp
109	40	Lp
109	41	Lp
109	42	Lp
109	43	Lp
109	44	Lp
109	45	Lp
109	46	-1
109	47	Lp
109	48	Lp
109	49	Lp
109	50	Lp
109	51	Lp
109	52	U
109	53	U
109	54	Lp
109	55	-1
109	56	Lp
109	57	Lp
109	58	Lp
109	59	L
109	60	Lp
109	61	Lp
109	62	Lp
109	63	Lp
109	64	U
109	65	L
109	66	L
109	67	L
109	68	U
109	69	-1
109	70	L
109	71	-1
109	72	L
109	73	-1
109	74	-1
109	75	L
109	76	L
109	77	L
109	78	L
109	79	Lp
109	80	Lp
109	81	L
109	82	L
109	83	Lp
109	84	Lp
109	85	Lp
109	86	Lp
109	87	-1
109	88	Lp
109	89	Lp
109	90	Lp
109	91	Lp
109	92	Lp
109	93	Lp
109	94	Lp
109	95	Lp
109	96	Lp
109	97	Lp
109	98	Lp
109	99	-1
109	100	Lp
109	101	Lp
109	102	Lp
109	103	Lp
109	104	Lp
109	105	U
109	106	U
109	107	-1
109	108	Lp
109	109	Lp
109	110	-1
109	111	-1
109	112	Lp
109	113	L
109	114	L
109	115	-1
109	116	Lp
109	117	L
109	118	L
109	119	L
110	0	Lp
110	1	Lp
110	2	L
110	3	L
110	4	-1
110	5	-1
110	6	L
110	7	L
110	8	U
110	9	-1
110	10	-1
110	11	-1
110	12	Lp
110	13	L
110	14	-1
110	15	L
110	16	-1
110	17	Lp
110	18	Lp
110	19	Lp
110	20	Lp
110	21	Lp
110	22	Lp
110	23	Lp
110	24	Lp
110	25	L
110	26	Lp
110	27	Lp
110	28	L
110	29	-1
110	30	L
110	31	L
110	32	-1
110	33	Lp
110	34	Lp
110	35	-1
110	36	Lp
110	37	Lp
110	38	Lp
110	39	Lp
110	40	Lp
110	41	-1
110	42	Lp
110	43	Lp
110	44	Lp
110	45	-1
110	46	Lp
110	47	Lp
110	48	Lp
110	49	-1
110	50	Lp
110	51	Lp
110	52	-1
110	53	Lp
110	54	U
110	55	-1
110	56	Lp
110	57	-1
110	58	Lp
110	59	Lp
110	60	Lp
110	61	Lp
110	62	Lp
110	63	-1
110	64	-1
110	65	L
110	66	-1
110	67	-1
110	68	L
110	69	L
110	70	L
110	71	L
110	72	L
110	73	L
110	74	L
110	75	L
110	76	L
110	77	-1
110	78	Lp
110	79	Lp
110	80	Lp
110	81	L
110	82	Lp
110	83	L
110	84	Lp
110	85	-1
110	86	-1
110	87	Lp
110	88	Lp
110	89	Lp
110	90	Lp
110	91	Lp
110	92	Lp
110	93	-1
110	94	-1
110	95	Lp
110	96	Lp
110	97	Lp
110	98	Lp
110	99	-1
110	100	Lp
110	101	Lp
110	102	Lp
110	103	Lp
110	104	Lp
110	105	U
110	106	L
110	107	Lp
110	108	Lp
110	109	Lp
110	110	-1
110	111	Lp
110	112	Lp
110	113	-1
110	114	Lp
110	115	Lp
110	116	-1
110	117	L
110	118	L
110	119	Lp
111	0	Lp
111	1	Lp
111	2	L
111	3	Lp
111	4	L
111	5	-1
111	6	L
111	7	L
111	8	L
111	9	-1
111	10	-1
111	11	-1
111	12	-1
111	13	L
111	14	L
111	15	Lp
111	16	Lp
111	17	-1
111	18	Lp
111	19	-1
111	20	L
111	21	Lp
111	22	Lp
111	23	Lp
111	24	-1
111	25	Lp
111	26	L
111	27	L
111	28	L
111	29	L
111	30	L
111	31	L
111	32	Lp
111	33	Lp
111	34	Lp
111	35	-1
111	36	Lp
111	37	Lp
111	38	U
111	39	-1
111	40	Lp
111	41	Lp
111	42	-1
111	43	Lp
111	44	Lp
111	45	-1
111	46	Lp
111	47	Lp
111	48	Lp
111	49	Lp
111	50	Lp
111	51	Lp
111	52	Lp
111	53	Lp
111	54	Lp
111	55	Lp
111	56	-1
111	57	Lp
111	58	Lp
111	59	L
111	60	-1
111	61	-1
111	62	L
111	63	L
111	64	-1
111	65	-1
111	66	L
111	67	L
111	68	L
111	69	L
111	70	-1
111	71	L
111	72	L
111	73	-1
111	74	L
111	75	L
111	76	Lp
111	77	L
111	78	L
111	79	L
111	80	Lp
111	81	L
111	82	-1
111	83	-1
111	84	Lp
111	85	-1
111	86	Lp
111	87	-1
111	88	Lp
111	89	Lp
111	90	Lp
111	91	Lp
111	92	Lp
111	93	-1
111	94	Lp
111	95	Lp
111	96	Lp
111	97	Lp
111	98	Lp
111	99	Lp
111	100	Lp
111	101	-1
111	102	Lp
111	103	Lp
111	104	Lp
111	105	-1
111	106	Lp
111	107	Lp
111	108	Lp
111	109	Lp
111	110	-1
111	111	-1
111	112	Lp
111	113	Lp
111	114	Lp
111	115	Lp
111	116	Lp
111	117	Lp
111	118	Lp
111	119	-1
112	0	L
112	1	L
112	2	L
112	3	-1
112	4	Lp
112	5	Lp
112	6	Lp
112	7	-1
112	8	L
112	9	L
112	10	-1
112	11	L
112	12	L
112	13	L
112	14	-1
112	15	-1
112	16	Lp
112	17	Lp
112	18	L
112	19	-1
112	20	L
112	21	L
112	22	L
112	23	Lp
112	24	Lp
112	25	-1
112	26	L
112	27	L
112	28	L
112	29	L
112	30	L
112	31	Lp
112	32	Lp
112	33	Lp
112	34	-1
112	35	Lp
112	36	Lp
112	37	U
112	38	-1
112	39	Lp
112	40	Lp
112	41	Lp
112	42	U
112	43	U
112	44	L
112	45	-1
112	46	Lp
112	47	Lp
112	48	Lp
112	49	Lp
112	50	Lp
112	51	Lp
112	52	Lp
112	53	Lp
112	54	Lp
112	55	Lp
112	56	Lp
112	57	Lp
112	58	L
112	59	L
112	60	-1
112	61	L
112	62	-1
112	63	L
112	64	-1
112	65	L
112	66	L
112	67	L
112	68	L
112	69	L
112	70	-1
112	71	L
112	72	L
112	73	U
112	74	U
112	75	Lp
112	76	L
112	77	Lp
112	78	L
112	79	L
112	80	L
112	81	Lp
112	82	Lp
112	83	-1
112	84	Lp
112	85	Lp
112	86	Lp
112	87	-1
112	88	Lp
112	89	Lp
112	90	Lp
112	91	-1
112	92	Lp
112	93	-1
112	94	-1
112	95	Lp
112	96	Lp
112	97	Lp
112	98	Lp
112	99	Lp
112	100	L
112	101	L
112	102	L
112	103	Lp
112	104	Lp
112	105	Lp
112	106	Lp
112	107	Lp
112	108	Lp
112	109	-1
112	110	Lp
112	111	Lp
112	112	Lp
112	113	Lp
112	114	-1
112	115	-1
112	116	Lp
112	117	Lp
112	118	Lp
112	119	Lp
113	0	L
113	1	L
113	2	L
113	3	L
113	4	Lp
113	5	Lp
113	6	-1
113	7	-1
113	8	-1
113	9	L
113	10	-1
113	11	-1
113	12	-1
113	13	-1
113	14	L
113	15	L
113	16	Lp
113	17	-1
113	18	L
113	19	L
113	20	L
113	21	-1
113	22	L
113	23	Lp
113	24	Lp
113	25	-1
113	26	-1
113	27	L
113	28	L
113	29	L
113	30	L
113	31	L
113	32	Lp
113	33	Lp
113	34	Lp
113	35	Lp
113	36	Lp
113	37	-1
113	38	U
113	39	U
113	40	Lp
113	41	-1
113	42	U
113	43	U
113	44	U
113	45	Lp
113	46	Lp
113	47	Lp
113	48	Lp
113	49	Lp
113	50	Lp
113	51	Lp
113	52	-1
113	53	Lp
113	54	-1
113	55	Lp
113	56	Lp
113	57	Lp
113	58	-1
113	59	-1
113	60	-1
113	61	-1
113	62	L
113	63	-1
113	64	L
113	65	L
113	66	-1
113	67	L
113	68	L
113	69	L
113	70	-1
113	71	L
113	72	U
113	73	U
113	74	L
113	75	L
113	76	-1
113	77	-1
113	78	L
113	79	L
113	80	Lp
113	81	Lp
113	82	Lp
113	83	U
113	84	Lp
113	85	Lp
113	86	Lp
113	87	-1
113	88	-1
113	89	Lp
113	90	Lp
113	91	-1
113	92	Lp
113	93	-1
113	94	-1
113	95	Lp
113	96	-1
113	97	Lp
113	98	-1
113	99	Lp
113	100	-1
113	101	L
113	102	L
113	103	-1
113	104	L
113	105	-1
113	106	Lp
113	107	Lp
113	108	Lp
113	109	-1
113	110	Lp
113	111	Lp
113	112	Lp
113	113	Lp
113	114	Lp
113	115	Lp
113	116	-1
113	117	Lp
113	118	Lp
113	119	Lp
114	0	-1
114	1	Lp
114	2	-1
114	3	Lp
114	4	L
114	5	Lp
114	6	Lp
114	7	Lp
114	8	-1
114	9	L
114	10	L
114	11	L
114	12	-1
114	13	L
114	14	-1
114	15	L
114	16	L
114	17	L
114	18	L
114	19	-1
114	20	-1
114	21	L
114	22	Lp
114	23	-1
114	24	Lp
114	25	Lp
114	26	-1
114	27	L
114	28	L
114	29	L
114	30	L
114	31	Lp
114	32	Lp
114	33	-1
114	34	-1
114	35	Lp
114	36	-1
114	37	Lp
114	38	U
114	39	U
114	40	Lp
114	41	Lp
114	42	-1
114	43	U
114	44	L
114	45	L
114	46	L
114	47	L
114	48	-1
114	49	L
114	50	Lp
114	51	L
114	52	-1
114	53	-1
114	54	L
114	55	-1
114	56	-1
114	57	L
114	58	L
114	59	-1
114	60	L
114	61	L
114	62	L
114	63	L
114	64	L
114	65	L
114	66	-1
114	67	-1
114	68	L
114	69	L
114	70	L
114	71	-1
114	72	U
114	73	L
114	74	L
114	75	L
114	76	L
114	77	L
114	78	-1
114	79	L
114	80	U
114	81	Lp
114	82	U
114	83	Lp
114	84	Lp
114	85	Lp
114	86	Lp
114	87	Lp
114	88	Lp
114	89	Lp
114	90	Lp
114	91	Lp
114	92	-1
114	93	Lp
114	94	Lp
114	95	-1
114	96	Lp
114	97	Lp
114	98	Lp
114	99	Lp
114	100	Lp
114	101	-1
114	102	-1
114	103	L
114	104	-1
114	105	Lp
114	106	Lp
114	107	L
114	108	Lp
114	109	Lp
114	110	Lp
114	111	Lp
114	112	-1
114	113	Lp
114	114	Lp
114	115	Lp
114	116	Lp
114	117	-1
114	118	Lp
114	119	L
115	0	Lp
115	1	Lp
115	2	L
115	3	L
115	4	Lp
115	5	Lp
115	6	U
115	7	-1
115	8	L
115	9	L
115	10	L
115	11	L
115	12	L
115	13	-1
115	14	L
115	15	L
115	16	L
115	17	-1
115	18	-1
115	19	L
115	20	L
115	21	L
115	22	Lp
115	23	Lp
115	24	Lp
115	25	Lp
115	26	Lp
115	27	L
115	28	L
115	29	-1
115	30	-1
115	31	-1
115	32	-1
115	33	L
115	34	Lp
115	35	Lp
115	36	-1
115	37	Lp
115	38	U
115	39	U
115	40	Lp
115	41	U
115	42	L
115	43	U
115	44	-1
115	45	L
115	46	L
115	47	-1
115	48	L
115	49	U
115	50	L
115	51	-1
115	52	L
115	53	L
115	54	Lp
115	55	L
115	56	-1
115	57	Lp
115	58	Lp
115	59	Lp
115	60	-1
115	61	-1
115	62	L
115	63	-1
115	64	L
115	65	L
115	66	L
115	67	L
115	68	-1
115	69	-1
115	70	U
115	71	U
115	72	U
115	73	-1
115	74	U
115	75	Lp
115	76	L
115	77	Lp
115	78	Lp
115	79	-1
115	80	U
115	81	Lp
115	82	-1
115	83	Lp
115	84	Lp
115	85	Lp
115	86	-1
115	87	Lp
115	88	Lp
115	89	Lp
115	90	-1
115	91	Lp
115	92	-1
115	93	Lp
115	94	-1
115	95	Lp
115	96	Lp
115	97	Lp
115	98	Lp
115	99	Lp
115	100	Lp
115	101	Lp
115	102	L
115	103	-1
115	104	L
115	105	L
115	106	-1
115	107	Lp
115	108	Lp
115	109	Lp
115	110	L
115	111	Lp
115	112	Lp
115	113	Lp
115	114	Lp
115	115	-1
115	116	Lp
115	117	L
115	118	L
115	119	Lp
116	0	Lp
116	1	Lp
116	2	-1
116	3	-1
116	4	-1
116	5	Lp
116	6	Lp
116	7	Lp
116	8	-1
116	9	L
116	10	L
116	11	L
116	12	L
116	13	L
116	14	L
116	15	-1
116	16	-1
116	17	L
116	18	L
116	19	L
116	20	L
116	21	L
116	22	Lp
116	23	Lp
116	24	Lp
116	25	L
116	26	Lp
116	27	L
116	28	L
116	29	Lp
116	30	L
116	31	-1
116	32	-1
116	33	L
116	34	-1
116	35	Lp
116	36	-1
116	37	Lp
116	38	-1
116	39	-1
116	40	U
116	41	U
116	42	L
116	43	-1
116	44	L
116	45	-1
116	46	Lp
116	47	U
116	48	U
116	49	L
116	50	-1
116	51	L
116	52	L
116	53	Lp
116	54	-1
116	55	-1
116	56	Lp
116	57	-1
116	58	Lp
116	59	Lp
116	60	L
116	61	L
116	62	-1
116	63	-1
116	64	-1
116	65	L
116	66	L
116	67	L
116	68	L
116	69	L
116	70	U
116	71	L
116	72	U
116	73	L
116	74	U
116	75	L
116	76	-1
116	77	Lp
116	78	Lp
116	79	Lp
116	80	Lp
116	81	-1
116	82	-1
116	83	Lp
116	84	Lp
116	85	Lp
116	86	Lp
116	87	Lp
116	88	Lp
116	89	Lp
116	90	-1
116	91	Lp
116	92	U
116	93	Lp
116	94	Lp
116	95	Lp
116	96	Lp
116	97	Lp
116	98	Lp
116	99	Lp
116	100	Lp
116	101	Lp
116	102	L
116	103	-1
116	104	-1
116	105	Lp
116	106	L
116	107	-1
116	108	Lp
116	109	Lp
116	110	Lp
116	111	Lp
116	112	Lp
116	113	-1
116	114	Lp
116	115	Lp
116	116	Lp
116	117	Lp
116	118	L
116	119	-1
117	0	L
117	1	L
117	2	-1
117	3	-1
117	4	Lp
117	5	Lp
117	6	Lp
117	7	-1
117	8	Lp
117	9	L
117	10	L
117	11	L
117	12	L
117	13	L
117	14	L
117	15	-1
117	16	L
117	17	-1
117	18	L
117	19	L
117	20	L
117	21	L
117	22	Lp
117	23	Lp
117	24	L
117	25	Lp
117	26	L
117	27	Lp
117	28	-1
117	29	Lp
117	30	-1
117	31	L
117	32	L
117	33	Lp
117	34	L
117	35	Lp
117	36	-1
117	37	U
117	38	U
117	39	U
117	40	U
117	41	-1
117	42	L
117	43	L
117	44	L
117	45	-1
117	46	U
117	47	L
117	48	L
117	49	L
117	50	L
117	51	L
117	52	-1
117	53	Lp
117	54	L
117	55	-1
117	56	Lp
117	57	Lp
117	58	Lp
117	59	Lp
117	60	L
117	61	L
117	62	-1
117	63	-1
117	64	L
117	65	L
117	66	-1
117	67	Lp
117	68	U
117	69	Lp
117	70	U
117	71	U
117	72	U
117	73	U
117	74	Lp
117	75	L
117	76	Lp
117	77	Lp
117	78	Lp
117	79	-1
117	80	Lp
117	81	Lp
117	82	Lp
117	83	-1
117	84	Lp
117	85	Lp
117	86	Lp
117	87	Lp
117	88	Lp
117	89	Lp
117	90	Lp
117	91	U
117	92	Lp
117	93	Lp
117	94	Lp
117	95	Lp
117	96	Lp
117	97	Lp
117	98	Lp
117	99	Lp
117	100	U
117	101	-1
117	102	-1
117	103	Lp
117	104	-1
117	105	L
117	106	Lp
117	107	-1
117	108	Lp
117	109	Lp
117	110	Lp
117	111	Lp
117	112	Lp
117	113	Lp
117	114	Lp
117	115	Lp
117	116	Lp
117	117	-1
117	118	-1
117	119	L
118	0	U
118	1	L
118	2	L
118	3	Lp
118	4	L
118	5	-1
118	6	Lp
118	7	Lp
118	8	Lp
118	9	Lp
118	10	Lp
118	11	L
118	12	L
118	13	L
118	14	L
118	15	-1
118	16	U
118	17	L
118	18	L
118	19	-1
118	20	-1
118	21	L
118	22	Lp
118	23	L
118	24	L
118	25	Lp
118	26	L
118	27	L
118	28	Lp
118	29	-1
118	30	Lp
118	31	Lp
118	32	Lp
118	33	Lp
118	34	L
118	35	Lp
118	36	Lp
118	37	Lp
118	38	-1
118	39	U
118	40	U
118	41	-1
118	42	L
118	43	-1
118	44	L
118	45	-1
118	46	L
118	47	L
118	48	-1
118	49	L
118	50	L
118	51	L
118	52	-1
118	53	L
118	54	-1
118	55	Lp
118	56	Lp
118	57	Lp
118	58	-1
118	59	L
118	60	L
118	61	L
118	62	-1
118	63	L
118	64	-1
118	65	L
118	66	L
118	67	L
118	68	Lp
118	69	U
118	70	L
118	71	U
118	72	L
118	73	U
118	74	Lp
118	75	L
118	76	Lp
118	77	Lp
118	78	L
118	79	-1
118	80	Lp
118	81	Lp
118	82	-1
118	83	Lp
118	84	Lp
118	85	Lp
118	86	Lp
118	87	Lp
118	88	Lp
118	89	Lp
118	90	Lp
118	91	-1
118	92	Lp
118	93	Lp
118	94	-1
118	95	-1
118	96	Lp
118	97	Lp
118	98	Lp
118	99	Lp
118	100	Lp
118	101	Lp
118	102	Lp
118	103	-1
118	104	Lp
118	105	Lp
118	106	Lp
118	107	-1
118	108	Lp
118	109	-1
118	110	Lp
118	111	Lp
118	112	-1
118	113	Lp
118	114	Lp
118	115	Lp
118	116	Lp
118	117	Lp
118	118	Lp
118	119	U
119	0	U
119	1	Lp
119	2	-1
119	3	Lp
119	4	Lp
119	5	Lp
119	6	-1
119	7	Lp
119	8	-1
119	9	L
119	10	Lp
119	11	-1
119	12	L
119	13	L
119	14	-1
119	15	-1
119	16	L
119	17	L
119	18	L
119	19	L
119	20	L
119	21	-1
119	22	L
119	23	L
119	24	L
119	25	-1
119	26	-1
119	27	Lp
119	28	L
119	29	L
119	30	-1
119	31	Lp
119	32	-1
119	33	L
119	34	Lp
119	35	L
119	36	Lp
119	37	Lp
119	38	U
119	39	U
119	40	Lp
119	41	-1
119	42	Lp
119	43	L
119	44	U
119	45	L
119	46	-1
119	47	L
119	48	L
119	49	L
119	50	L
119	51	L
119	52	U
119	53	L
119	54	Lp
119	55	Lp
119	56	Lp
119	57	Lp
119	58	L
119	59	-1
119	60	-1
119	61	L
119	62	-1
119	63	L
119	64	L
119	65	L
119	66	L
119	67	L
119	68	-1
119	69	-1
119	70	U
119	71	-1
119	72	U
119	73	Lp
119	74	-1
119	75	-1
119	76	Lp
119	77	Lp
119	78	L
119	79	Lp
119	80	-1
119	81	Lp
119	82	Lp
119	83	Lp
119	84	-1
119	85	-1
119	86	Lp
119	87	Lp
119	88	Lp
119	89	Lp
119	90	Lp
119	91	Lp
119	92	-1
119	93	Lp
119	94	-1
119	95	-1
119	96	Lp
119	97	Lp
119	98	-1
119	99	Lp
119	100	-1
119	101	-1
119	102	Lp
119	103	Lp
119	104	Lp
119	105	Lp
119	106	Lp
119	107	Lp
119	108	Lp
119	109	Lp
119	110	Lp
119	111	Lp
119	112	Lp
119	113	Lp
119	114	Lp
119	115	Lp
119	116	Lp
119	117	Lp
119	118	Lp
119	119	U
