0	0	Lc
0	1	-1
0	2	-1
0	3	-1
0	4	Lc
0	5	-1
0	6	L
0	7	-1
0	8	-1
0	9	-1
0	10	L
0	11	L
0	12	-1
0	13	Lc
0	14	Uc
0	15	-1
0	16	-1
0	17	-1
0	18	-1
0	19	-1
0	20	-1
0	21	U
0	22	L
0	23	Lc
0	24	-1
0	25	-1
0	26	-1
0	27	L
0	28	L
0	29	-1
0	30	-1
0	31	L
0	32	-1
0	33	L
0	34	-1
0	35	L
0	36	L
0	37	-1
0	38	-1
0	39	-1
0	40	L
0	41	-1
0	42	-1
0	43	-1
0	44	-1
0	45	-1
0	46	L
0	47	L
0	48	L
0	49	-1
0	50	-1
0	51	-1
0	52	L
0	53	-1
0	54	L
0	55	-1
0	56	-1
0	57	Lc
0	58	Lc
0	59	-1
0	60	-1
0	61	-1
0	62	Lc
0	63	-1
0	64	-1
0	65	L
0	66	Lc
0	67	-1
0	68	-1
0	69	Lc
0	70	L
0	71	U
0	72	U
0	73	L
0	74	U
0	75	-1
0	76	U
0	77	L
0	78	L
0	79	L
0	80	L
0	81	-1
0	82	L
0	83	-1
0	84	-1
0	85	-1
0	86	-1
0	87	L
0	88	L
0	89	L
0	90	L
0	91	L
0	92	-1
0	93	-1
0	94	-1
0	95	-1
0	96	L
0	97	L
0	98	L
0	99	U
0	100	-1
0	101	-1
0	102	Lc
0	103	L
0	104	L
0	105	Lc
0	106	Lc
0	107	Lc
0	108	Lc
0	109	L
0	110	-1
0	111	Lc
0	112	-1
0	113	Lc
0	114	Lc
0	115	L
0	116	-1
0	117	-1
0	118	Lc
0	119	-1
1	0	Lc
1	1	Lc
1	2	Lc
1	3	Lc
1	4	L
1	5	-1
1	6	L
1	7	-1
1	8	-1
1	9	L
1	10	-1
1	11	L
1	12	L
1	13	-1
1	14	-1
1	15	-1
1	16	L
1	17	L
1	18	-1
1	19	-1
1	20	-1
1	21	-1
1	22	L
1	23	-1
1	24	Lc
1	25	-1
1	26	L
1	27	L
1	28	L
1	29	-1
1	30	-1
1	31	-1
1	32	-1
1	33	L
1	34	L
1	35	L
1	36	-1
1	37	-1
1	38	-1
1	39	L
1	40	-1
1	41	L
1	42	-1
1	43	-1
1	44	-1
1	45	-1
1	46	-1
1	47	L
1	48	-1
1	49	L
1	50	-1
1	51	-1
1	52	-1
1	53	-1
1	54	Lc
1	55	L
1	56	-1
1	57	Lc
1	58	L
1	59	-1
1	60	-1
1	61	-1
1	62	Lc
1	63	L
1	64	-1
1	65	L
1	66	L
1	67	-1
1	68	L
1	69	-1
1	70	Lc
1	71	-1
1	72	U
1	73	-1
1	74	U
1	75	U
1	76	-1
1	77	L
1	78	L
1	79	-1
1	80	L
1	81	-1
1	82	-1
1	83	-1
1	84	-1
1	85	-1
1	86	-1
1	87	L
1	88	L
1	89	-1
1	90	L
1	91	L
1	92	-1
1	93	-1
1	94	L
1	95	-1
1	96	L
1	97	L
1	98	-1
1	99	-1
1	100	-1
1	101	-1
1	102	-1
1	103	L
1	104	L
1	105	-1
1	106	Lc
1	107	-1
1	108	Lc
1	109	L
1	110	L
1	111	Lc
1	112	L
1	113	-1
1	114	-1
1	115	L
1	116	Lc
1	117	-1
1	118	L
1	119	Lc
2	0	-1
2	1	Lc
2	2	Lc
2	3	Lc
2	4	-1
2	5	-1
2	6	-1
2	7	-1
2	8	L
2	9	-1
2	10	-1
2	11	-1
2	12	-1
2	13	-1
2	14	-1
2	15	L
2	16	L
2	17	-1
2	18	L
2	19	L
2	20	-1
2	21	-1
2	22	-1
2	23	-1
2	24	Lc
2	25	-1
2	26	-1
2	27	L
2	28	L
2	29	-1
2	30	-1
2	31	L
2	32	-1
2	33	L
2	34	L
2	35	L
2	36	-1
2	37	-1
2	38	L
2	39	-1
2	40	L
2	41	-1
2	42	-1
2	43	-1
2	44	-1
2	45	-1
2	46	-1
2	47	L
2	48	L
2	49	L
2	50	L
2	51	-1
2	52	-1
2	53	-1
2	54	-1
2	55	-1
2	56	Lc
2	57	-1
2	58	L
2	59	L
2	60	-1
2	61	-1
2	62	Lc
2	63	-1
2	64	-1
2	65	L
2	66	L
2	67	L
2	68	-1
2	69	Lc
2	70	Lc
2	71	-1
2	72	L
2	73	U
2	74	-1
2	75	-1
2	76	-1
2	77	-1
2	78	L
2	79	L
2	80	-1
2	81	L
2	82	-1
2	83	L
2	84	L
2	85	-1
2	86	-1
2	87	L
2	88	L
2	89	L
2	90	L
2	91	-1
2	92	L
2	93	-1
2	94	L
2	95	-1
2	96	L
2	97	-1
2	98	-1
2	99	-1
2	100	-1
2	101	-1
2	102	L
2	103	Lc
2	104	L
2	105	-1
2	106	-1
2	107	-1
2	108	-1
2	109	L
2	110	L
2	111	-1
2	112	-1
2	113	-1
2	114	Lc
2	115	L
2	116	Lc
2	117	-1
2	118	-1
2	119	L
3	0	L
3	1	-1
3	2	-1
3	3	L
3	4	L
3	5	-1
3	6	-1
3	7	L
3	8	-1
3	9	L
3	10	L
3	11	-1
3	12	-1
3	13	L
3	14	-1
3	15	-1
3	16	L
3	17	L
3	18	-1
3	19	L
3	20	-1
3	21	-1
3	22	-1
3	23	-1
3	24	U
3	25	L
3	26	-1
3	27	Lc
3	28	-1
3	29	-1
3	30	-1
3	31	L
3	32	L
3	33	L
3	34	-1
3	35	L
3	36	L
3	37	L
3	38	L
3	39	L
3	40	-1
3	41	-1
3	42	L
3	43	L
3	44	L
3	45	-1
3	46	L
3	47	L
3	48	L
3	49	L
3	50	-1
3	51	-1
3	52	-1
3	53	-1
3	54	L
3	55	-1
3	56	-1
3	57	Lc
3	58	L
3	59	L
3	60	Lc
3	61	Lc
3	62	L
3	63	L
3	64	-1
3	65	L
3	66	L
3	67	-1
3	68	-1
3	69	Lc
3	70	-1
3	71	L
3	72	-1
3	73	U
3	74	U
3	75	-1
3	76	-1
3	77	-1
3	78	L
3	79	L
3	80	L
3	81	-1
3	82	L
3	83	-1
3	84	L
3	85	-1
3	86	-1
3	87	-1
3	88	L
3	89	L
3	90	L
3	91	L
3	92	L
3	93	-1
3	94	L
3	95	L
3	96	L
3	97	L
3	98	L
3	99	L
3	100	-1
3	101	L
3	102	L
3	103	-1
3	104	-1
3	105	L
3	106	-1
3	107	-1
3	108	Lc
3	109	-1
3	110	L
3	111	-1
3	112	-1
3	113	L
3	114	L
3	115	L
3	116	L
3	117	Lc
3	118	L
3	119	L
4	0	L
4	1	L
4	2	-1
4	3	-1
4	4	-1
4	5	-1
4	6	-1
4	7	L
4	8	L
4	9	L
4	10	-1
4	11	-1
4	12	-1
4	13	L
4	14	-1
4	15	-1
4	16	L
4	17	L
4	18	L
4	19	L
4	20	-1
4	21	-1
4	22	-1
4	23	-1
4	24	-1
4	25	Lc
4	26	-1
4	27	Lc
4	28	Lc
4	29	-1
4	30	-1
4	31	Lc
4	32	L
4	33	-1
4	34	L
4	35	L
4	36	L
4	37	L
4	38	-1
4	39	L
4	40	L
4	41	L
4	42	L
4	43	L
4	44	-1
4	45	-1
4	46	-1
4	47	L
4	48	L
4	49	L
4	50	-1
4	51	-1
4	52	-1
4	53	-1
4	54	-1
4	55	-1
4	56	-1
4	57	Lc
4	58	Lc
4	59	Lc
4	60	L
4	61	Lc
4	62	Lc
4	63	L
4	64	-1
4	65	Lc
4	66	-1
4	67	-1
4	68	Lc
4	69	Lc
4	70	-1
4	71	Lc
4	72	-1
4	73	U
4	74	-1
4	75	U
4	76	U
4	77	-1
4	78	L
4	79	L
4	80	-1
4	81	-1
4	82	-1
4	83	L
4	84	-1
4	85	-1
4	86	L
4	87	-1
4	88	-1
4	89	L
4	90	L
4	91	L
4	92	L
4	93	L
4	94	L
4	95	L
4	96	-1
4	97	L
4	98	L
4	99	-1
4	100	L
4	101	L
4	102	L
4	103	Lc
4	104	-1
4	105	-1
4	106	L
4	107	U
4	108	-1
4	109	-1
4	110	-1
4	111	Lc
4	112	Lc
4	113	L
4	114	L
4	115	L
4	116	L
4	117	L
4	118	L
4	119	L
5	0	-1
5	1	-1
5	2	L
5	3	L
5	4	L
5	5	L
5	6	L
5	7	-1
5	8	-1
5	9	L
5	10	-1
5	11	-1
5	12	-1
5	13	L
5	14	-1
5	15	-1
5	16	L
5	17	-1
5	18	-1
5	19	Lc
5	20	-1
5	21	Lc
5	22	Lc
5	23	L
5	24	Lc
5	25	-1
5	26	L
5	27	Lc
5	28	-1
5	29	Lc
5	30	L
5	31	-1
5	32	L
5	33	L
5	34	-1
5	35	-1
5	36	L
5	37	L
5	38	L
5	39	L
5	40	L
5	41	L
5	42	L
5	43	L
5	44	L
5	45	-1
5	46	-1
5	47	-1
5	48	-1
5	49	L
5	50	L
5	51	L
5	52	-1
5	53	-1
5	54	L
5	55	-1
5	56	-1
5	57	-1
5	58	-1
5	59	Lc
5	60	Lc
5	61	Lc
5	62	Lc
5	63	L
5	64	-1
5	65	Lc
5	66	-1
5	67	-1
5	68	Lc
5	69	-1
5	70	-1
5	71	-1
5	72	L
5	73	-1
5	74	L
5	75	L
5	76	-1
5	77	L
5	78	L
5	79	-1
5	80	L
5	81	-1
5	82	-1
5	83	-1
5	84	-1
5	85	-1
5	86	L
5	87	L
5	88	L
5	89	L
5	90	L
5	91	L
5	92	L
5	93	L
5	94	L
5	95	L
5	96	-1
5	97	L
5	98	L
5	99	-1
5	100	-1
5	101	-1
5	102	U
5	103	-1
5	104	-1
5	105	U
5	106	U
5	107	L
5	108	L
5	109	-1
5	110	-1
5	111	-1
5	112	-1
5	113	L
5	114	L
5	115	-1
5	116	L
5	117	-1
5	118	L
5	119	L
6	0	-1
6	1	L
6	2	L
6	3	L
6	4	L
6	5	L
6	6	-1
6	7	-1
6	8	L
6	9	L
6	10	-1
6	11	-1
6	12	L
6	13	L
6	14	-1
6	15	L
6	16	L
6	17	-1
6	18	-1
6	19	L
6	20	L
6	21	L
6	22	L
6	23	-1
6	24	-1
6	25	L
6	26	L
6	27	L
6	28	Lc
6	29	-1
6	30	Lc
6	31	L
6	32	L
6	33	-1
6	34	L
6	35	L
6	36	-1
6	37	-1
6	38	-1
6	39	-1
6	40	L
6	41	L
6	42	L
6	43	L
6	44	-1
6	45	-1
6	46	-1
6	47	-1
6	48	-1
6	49	-1
6	50	-1
6	51	L
6	52	-1
6	53	L
6	54	L
6	55	-1
6	56	L
6	57	L
6	58	-1
6	59	L
6	60	L
6	61	L
6	62	Lc
6	63	-1
6	64	-1
6	65	-1
6	66	Lc
6	67	-1
6	68	-1
6	69	Lc
6	70	-1
6	71	Lc
6	72	-1
6	73	L
6	74	-1
6	75	U
6	76	L
6	77	-1
6	78	L
6	79	-1
6	80	-1
6	81	L
6	82	L
6	83	-1
6	84	L
6	85	L
6	86	-1
6	87	L
6	88	L
6	89	L
6	90	-1
6	91	L
6	92	-1
6	93	L
6	94	-1
6	95	L
6	96	-1
6	97	L
6	98	-1
6	99	-1
6	100	-1
6	101	-1
6	102	L
6	103	L
6	104	-1
6	105	L
6	106	L
6	107	L
6	108	L
6	109	-1
6	110	-1
6	111	-1
6	112	-1
6	113	-1
6	114	L
6	115	L
6	116	-1
6	117	L
6	118	L
6	119	-1
7	0	L
7	1	-1
7	2	L
7	3	L
7	4	-1
7	5	-1
7	6	L
7	7	L
7	8	L
7	9	-1
7	10	L
7	11	-1
7	12	L
7	13	L
7	14	L
7	15	L
7	16	L
7	17	-1
7	18	-1
7	19	-1
7	20	L
7	21	-1
7	22	L
7	23	L
7	24	-1
7	25	-1
7	26	-1
7	27	-1
7	28	-1
7	29	L
7	30	-1
7	31	-1
7	32	-1
7	33	L
7	34	-1
7	35	L
7	36	L
7	37	L
7	38	L
7	39	-1
7	40	L
7	41	L
7	42	L
7	43	-1
7	44	-1
7	45	L
7	46	L
7	47	L
7	48	L
7	49	-1
7	50	-1
7	51	L
7	52	L
7	53	L
7	54	L
7	55	L
7	56	-1
7	57	L
7	58	-1
7	59	-1
7	60	L
7	61	L
7	62	L
7	63	Lc
7	64	-1
7	65	-1
7	66	-1
7	67	L
7	68	L
7	69	-1
7	70	U
7	71	-1
7	72	-1
7	73	-1
7	74	L
7	75	-1
7	76	U
7	77	L
7	78	L
7	79	-1
7	80	-1
7	81	L
7	82	L
7	83	-1
7	84	L
7	85	-1
7	86	-1
7	87	-1
7	88	L
7	89	-1
7	90	L
7	91	-1
7	92	L
7	93	L
7	94	L
7	95	-1
7	96	-1
7	97	L
7	98	-1
7	99	-1
7	100	-1
7	101	-1
7	102	L
7	103	L
7	104	-1
7	105	-1
7	106	-1
7	107	U
7	108	U
7	109	L
7	110	L
7	111	Lc
7	112	-1
7	113	-1
7	114	L
7	115	L
7	116	L
7	117	-1
7	118	L
7	119	L
8	0	-1
8	1	-1
8	2	-1
8	3	L
8	4	L
8	5	-1
8	6	L
8	7	-1
8	8	-1
8	9	L
8	10	L
8	11	L
8	12	L
8	13	L
8	14	-1
8	15	L
8	16	L
8	17	L
8	18	L
8	19	-1
8	20	L
8	21	L
8	22	L
8	23	-1
8	24	-1
8	25	-1
8	26	L
8	27	L
8	28	L
8	29	-1
8	30	-1
8	31	-1
8	32	-1
8	33	L
8	34	L
8	35	-1
8	36	L
8	37	L
8	38	L
8	39	L
8	40	L
8	41	-1
8	42	-1
8	43	L
8	44	-1
8	45	-1
8	46	L
8	47	-1
8	48	-1
8	49	L
8	50	-1
8	51	-1
8	52	L
8	53	L
8	54	Lc
8	55	-1
8	56	L
8	57	-1
8	58	-1
8	59	-1
8	60	Lc
8	61	L
8	62	-1
8	63	Lc
8	64	-1
8	65	Lc
8	66	Lc
8	67	Lc
8	68	L
8	69	U
8	70	-1
8	71	U
8	72	-1
8	73	L
8	74	L
8	75	U
8	76	-1
8	77	-1
8	78	-1
8	79	-1
8	80	-1
8	81	L
8	82	-1
8	83	-1
8	84	L
8	85	-1
8	86	-1
8	87	L
8	88	-1
8	89	L
8	90	L
8	91	L
8	92	-1
8	93	L
8	94	L
8	95	L
8	96	-1
8	97	-1
8	98	-1
8	99	-1
8	100	-1
8	101	-1
8	102	L
8	103	-1
8	104	-1
8	105	L
8	106	-1
8	107	-1
8	108	-1
8	109	-1
8	110	L
8	111	L
8	112	-1
8	113	L
8	114	-1
8	115	-1
8	116	-1
8	117	-1
8	118	L
8	119	-1
9	0	-1
9	1	-1
9	2	L
9	3	L
9	4	-1
9	5	L
9	6	L
9	7	L
9	8	-1
9	9	L
9	10	L
9	11	-1
9	12	-1
9	13	L
9	14	L
9	15	-1
9	16	L
9	17	L
9	18	-1
9	19	L
9	20	-1
9	21	-1
9	22	-1
9	23	-1
9	24	L
9	25	L
9	26	L
9	27	L
9	28	-1
9	29	L
9	30	L
9	31	-1
9	32	L
9	33	L
9	34	-1
9	35	-1
9	36	-1
9	37	L
9	38	L
9	39	-1
9	40	L
9	41	L
9	42	L
9	43	L
9	44	L
9	45	-1
9	46	L
9	47	L
9	48	-1
9	49	L
9	50	-1
9	51	-1
9	52	-1
9	53	-1
9	54	L
9	55	Lc
9	56	L
9	57	-1
9	58	Lc
9	59	L
9	60	-1
9	61	Lc
9	62	Lc
9	63	Lc
9	64	-1
9	65	Lc
9	66	Lc
9	67	-1
9	68	L
9	69	-1
9	70	U
9	71	U
9	72	L
9	73	L
9	74	U
9	75	U
9	76	-1
9	77	-1
9	78	L
9	79	-1
9	80	L
9	81	-1
9	82	-1
9	83	-1
9	84	-1
9	85	L
9	86	L
9	87	-1
9	88	L
9	89	L
9	90	L
9	91	-1
9	92	L
9	93	L
9	94	-1
9	95	L
9	96	-1
9	97	-1
9	98	-1
9	99	-1
9	100	-1
9	101	-1
9	102	-1
9	103	L
9	104	-1
9	105	L
9	106	-1
9	107	L
9	108	-1
9	109	-1
9	110	L
9	111	-1
9	112	L
9	113	-1
9	114	L
9	115	-1
9	116	-1
9	117	L
9	118	L
9	119	-1
10	0	L
10	1	L
10	2	L
10	3	-1
10	4	L
10	5	-1
10	6	L
10	7	L
10	8	L
10	9	-1
10	10	-1
10	11	L
10	12	L
10	13	L
10	14	L
10	15	L
10	16	L
10	17	-1
10	18	L
10	19	L
10	20	L
10	21	-1
10	22	-1
10	23	L
10	24	-1
10	25	L
10	26	-1
10	27	-1
10	28	-1
10	29	-1
10	30	-1
10	31	-1
10	32	L
10	33	-1
10	34	L
10	35	L
10	36	L
10	37	L
10	38	-1
10	39	L
10	40	L
10	41	-1
10	42	L
10	43	L
10	44	-1
10	45	L
10	46	-1
10	47	-1
10	48	L
10	49	-1
10	50	-1
10	51	-1
10	52	-1
10	53	-1
10	54	Lc
10	55	L
10	56	-1
10	57	-1
10	58	-1
10	59	Lc
10	60	-1
10	61	L
10	62	-1
10	63	Lc
10	64	Lc
10	65	-1
10	66	Lc
10	67	L
10	68	-1
10	69	-1
10	70	-1
10	71	L
10	72	L
10	73	-1
10	74	-1
10	75	L
10	76	L
10	77	L
10	78	-1
10	79	-1
10	80	L
10	81	L
10	82	-1
10	83	-1
10	84	L
10	85	L
10	86	L
10	87	-1
10	88	-1
10	89	-1
10	90	L
10	91	-1
10	92	L
10	93	-1
10	94	L
10	95	L
10	96	L
10	97	-1
10	98	-1
10	99	L
10	100	L
10	101	L
10	102	L
10	103	-1
10	104	L
10	105	L
10	106	-1
10	107	-1
10	108	L
10	109	-1
10	110	-1
10	111	L
10	112	-1
10	113	-1
10	114	-1
10	115	L
10	116	-1
10	117	-1
10	118	-1
10	119	L
11	0	-1
11	1	L
11	2	L
11	3	-1
11	4	-1
11	5	L
11	6	L
11	7	L
11	8	L
11	9	L
11	10	-1
11	11	L
11	12	L
11	13	L
11	14	-1
11	15	-1
11	16	-1
11	17	L
11	18	-1
11	19	-1
11	20	L
11	21	L
11	22	-1
11	23	-1
11	24	-1
11	25	L
11	26	-1
11	27	-1
11	28	-1
11	29	-1
11	30	-1
11	31	L
11	32	L
11	33	L
11	34	-1
11	35	L
11	36	L
11	37	L
11	38	L
11	39	L
11	40	-1
11	41	-1
11	42	-1
11	43	-1
11	44	-1
11	45	-1
11	46	-1
11	47	L
11	48	L
11	49	-1
11	50	-1
11	51	-1
11	52	Lc
11	53	-1
11	54	-1
11	55	-1
11	56	Lc
11	57	-1
11	58	-1
11	59	L
11	60	-1
11	61	-1
11	62	-1
11	63	-1
11	64	L
11	65	L
11	66	-1
11	67	L
11	68	L
11	69	L
11	70	-1
11	71	L
11	72	L
11	73	L
11	74	L
11	75	L
11	76	L
11	77	-1
11	78	L
11	79	L
11	80	-1
11	81	L
11	82	-1
11	83	-1
11	84	-1
11	85	L
11	86	L
11	87	L
11	88	L
11	89	L
11	90	-1
11	91	-1
11	92	-1
11	93	L
11	94	L
11	95	-1
11	96	-1
11	97	L
11	98	L
11	99	L
11	100	-1
11	101	-1
11	102	-1
11	103	-1
11	104	L
11	105	-1
11	106	L
11	107	L
11	108	L
11	109	L
11	110	-1
11	111	-1
11	112	L
11	113	-1
11	114	L
11	115	-1
11	116	L
11	117	-1
11	118	L
11	119	L
12	0	L
12	1	L
12	2	L
12	3	-1
12	4	L
12	5	-1
12	6	L
12	7	-1
12	8	-1
12	9	-1
12	10	-1
12	11	-1
12	12	L
12	13	L
12	14	-1
12	15	L
12	16	L
12	17	-1
12	18	-1
12	19	-1
12	20	L
12	21	L
12	22	L
12	23	-1
12	24	L
12	25	L
12	26	L
12	27	-1
12	28	-1
12	29	-1
12	30	-1
12	31	L
12	32	L
12	33	-1
12	34	L
12	35	-1
12	36	-1
12	37	L
12	38	-1
12	39	-1
12	40	U
12	41	U
12	42	-1
12	43	-1
12	44	-1
12	45	-1
12	46	L
12	47	L
12	48	L
12	49	-1
12	50	U
12	51	-1
12	52	-1
12	53	-1
12	54	-1
12	55	-1
12	56	Uc
12	57	-1
12	58	-1
12	59	-1
12	60	L
12	61	-1
12	62	-1
12	63	-1
12	64	-1
12	65	L
12	66	-1
12	67	-1
12	68	-1
12	69	-1
12	70	L
12	71	L
12	72	L
12	73	L
12	74	L
12	75	L
12	76	L
12	77	-1
12	78	-1
12	79	L
12	80	-1
12	81	-1
12	82	L
12	83	-1
12	84	L
12	85	L
12	86	L
12	87	-1
12	88	-1
12	89	L
12	90	-1
12	91	-1
12	92	L
12	93	-1
12	94	L
12	95	L
12	96	L
12	97	-1
12	98	-1
12	99	L
12	100	-1
12	101	L
12	102	L
12	103	-1
12	104	-1
12	105	-1
12	106	L
12	107	L
12	108	L
12	109	L
12	110	-1
12	111	L
12	112	L
12	113	L
12	114	L
12	115	L
12	116	L
12	117	L
12	118	-1
12	119	-1
13	0	-1
13	1	L
13	2	L
13	3	-1
13	4	L
13	5	L
13	6	L
13	7	-1
13	8	-1
13	9	L
13	10	L
13	11	-1
13	12	L
13	13	L
13	14	L
13	15	-1
13	16	-1
13	17	-1
13	18	L
13	19	L
13	20	-1
13	21	L
13	22	L
13	23	-1
13	24	L
13	25	L
13	26	-1
13	27	L
13	28	L
13	29	L
13	30	-1
13	31	L
13	32	-1
13	33	L
13	34	L
13	35	-1
13	36	-1
13	37	L
13	38	-1
13	39	U
13	40	U
13	41	U
13	42	L
13	43	L
13	44	-1
13	45	L
13	46	L
13	47	L
13	48	L
13	49	U
13	50	U
13	51	U
13	52	-1
13	53	-1
13	54	Uc
13	55	-1
13	56	-1
13	57	Uc
13	58	-1
13	59	L
13	60	L
13	61	-1
13	62	U
13	63	U
13	64	U
13	65	L
13	66	-1
13	67	L
13	68	L
13	69	-1
13	70	-1
13	71	-1
13	72	L
13	73	L
13	74	-1
13	75	L
13	76	-1
13	77	-1
13	78	-1
13	79	L
13	80	-1
13	81	L
13	82	-1
13	83	L
13	84	-1
13	85	L
13	86	-1
13	87	L
13	88	L
13	89	L
13	90	L
13	91	L
13	92	-1
13	93	L
13	94	L
13	95	L
13	96	-1
13	97	-1
13	98	L
13	99	L
13	100	L
13	101	L
13	102	L
13	103	-1
13	104	L
13	105	L
13	106	-1
13	107	L
13	108	L
13	109	-1
13	110	-1
13	111	L
13	112	L
13	113	-1
13	114	-1
13	115	-1
13	116	L
13	117	L
13	118	L
13	119	L
14	0	L
14	1	L
14	2	L
14	3	L
14	4	-1
14	5	-1
14	6	L
14	7	-1
14	8	-1
14	9	-1
14	10	-1
14	11	-1
14	12	-1
14	13	-1
14	14	L
14	15	L
14	16	-1
14	17	L
14	18	-1
14	19	-1
14	20	-1
14	21	L
14	22	L
14	23	L
14	24	L
14	25	L
14	26	-1
14	27	-1
14	28	L
14	29	L
14	30	L
14	31	-1
14	32	-1
14	33	L
14	34	-1
14	35	-1
14	36	L
14	37	L
14	38	-1
14	39	L
14	40	U
14	41	-1
14	42	L
14	43	L
14	44	L
14	45	-1
14	46	L
14	47	L
14	48	L
14	49	-1
14	50	-1
14	51	-1
14	52	-1
14	53	Uc
14	54	-1
14	55	-1
14	56	-1
14	57	-1
14	58	L
14	59	L
14	60	-1
14	61	L
14	62	L
14	63	U
14	64	U
14	65	U
14	66	-1
14	67	-1
14	68	L
14	69	-1
14	70	L
14	71	L
14	72	L
14	73	L
14	74	L
14	75	L
14	76	L
14	77	L
14	78	-1
14	79	L
14	80	L
14	81	L
14	82	L
14	83	-1
14	84	-1
14	85	-1
14	86	L
14	87	-1
14	88	L
14	89	L
14	90	L
14	91	L
14	92	-1
14	93	-1
14	94	L
14	95	-1
14	96	-1
14	97	-1
14	98	L
14	99	-1
14	100	L
14	101	L
14	102	L
14	103	L
14	104	L
14	105	-1
14	106	-1
14	107	L
14	108	L
14	109	L
14	110	-1
14	111	L
14	112	L
14	113	U
14	114	U
14	115	-1
14	116	L
14	117	L
14	118	L
14	119	L
15	0	L
15	1	L
15	2	-1
15	3	L
15	4	L
15	5	L
15	6	-1
15	7	-1
15	8	-1
15	9	L
15	10	-1
15	11	-1
15	12	-1
15	13	L
15	14	-1
15	15	L
15	16	L
15	17	L
15	18	-1
15	19	-1
15	20	-1
15	21	-1
15	22	L
15	23	L
15	24	-1
15	25	-1
15	26	L
15	27	L
15	28	L
15	29	L
15	30	L
15	31	L
15	32	L
15	33	-1
15	34	L
15	35	L
15	36	-1
15	37	L
15	38	-1
15	39	L
15	40	-1
15	41	-1
15	42	-1
15	43	-1
15	44	L
15	45	L
15	46	L
15	47	-1
15	48	-1
15	49	L
15	50	Lc
15	51	-1
15	52	-1
15	53	Uc
15	54	-1
15	55	Uc
15	56	L
15	57	-1
15	58	-1
15	59	L
15	60	L
15	61	-1
15	62	Lc
15	63	-1
15	64	L
15	65	L
15	66	L
15	67	-1
15	68	-1
15	69	-1
15	70	-1
15	71	-1
15	72	-1
15	73	-1
15	74	-1
15	75	L
15	76	L
15	77	-1
15	78	L
15	79	-1
15	80	L
15	81	L
15	82	L
15	83	-1
15	84	-1
15	85	L
15	86	-1
15	87	L
15	88	L
15	89	L
15	90	-1
15	91	L
15	92	-1
15	93	-1
15	94	-1
15	95	-1
15	96	L
15	97	L
15	98	-1
15	99	-1
15	100	L
15	101	L
15	102	L
15	103	L
15	104	L
15	105	-1
15	106	L
15	107	-1
15	108	-1
15	109	L
15	110	-1
15	111	L
15	112	L
15	113	U
15	114	U
15	115	L
15	116	L
15	117	L
15	118	L
15	119	L
16	0	-1
16	1	L
16	2	L
16	3	-1
16	4	L
16	5	-1
16	6	L
16	7	L
16	8	-1
16	9	-1
16	10	-1
16	11	-1
16	12	-1
16	13	L
16	14	-1
16	15	L
16	16	L
16	17	-1
16	18	L
16	19	-1
16	20	L
16	21	-1
16	22	L
16	23	-1
16	24	-1
16	25	L
16	26	-1
16	27	L
16	28	L
16	29	-1
16	30	L
16	31	-1
16	32	L
16	33	L
16	34	-1
16	35	L
16	36	-1
16	37	-1
16	38	L
16	39	L
16	40	-1
16	41	L
16	42	-1
16	43	-1
16	44	L
16	45	-1
16	46	U
16	47	Lc
16	48	-1
16	49	-1
16	50	-1
16	51	U
16	52	-1
16	53	Uc
16	54	Uc
16	55	L
16	56	L
16	57	-1
16	58	-1
16	59	Lc
16	60	-1
16	61	Lc
16	62	L
16	63	-1
16	64	-1
16	65	-1
16	66	-1
16	67	-1
16	68	-1
16	69	-1
16	70	-1
16	71	-1
16	72	L
16	73	L
16	74	L
16	75	-1
16	76	L
16	77	-1
16	78	-1
16	79	L
16	80	L
16	81	-1
16	82	L
16	83	-1
16	84	L
16	85	-1
16	86	-1
16	87	-1
16	88	L
16	89	L
16	90	L
16	91	-1
16	92	L
16	93	-1
16	94	-1
16	95	-1
16	96	L
16	97	L
16	98	-1
16	99	-1
16	100	L
16	101	-1
16	102	L
16	103	-1
16	104	-1
16	105	-1
16	106	L
16	107	L
16	108	-1
16	109	-1
16	110	-1
16	111	L
16	112	-1
16	113	L
16	114	-1
16	115	-1
16	116	-1
16	117	-1
16	118	L
16	119	L
17	0	-1
17	1	L
17	2	-1
17	3	-1
17	4	L
17	5	-1
17	6	-1
17	7	-1
17	8	-1
17	9	-1
17	10	L
17	11	L
17	12	-1
17	13	L
17	14	-1
17	15	-1
17	16	-1
17	17	-1
17	18	-1
17	19	L
17	20	-1
17	21	L
17	22	L
17	23	L
17	24	-1
17	25	L
17	26	L
17	27	-1
17	28	-1
17	29	L
17	30	L
17	31	-1
17	32	L
17	33	-1
17	34	L
17	35	-1
17	36	L
17	37	-1
17	38	-1
17	39	-1
17	40	L
17	41	L
17	42	-1
17	43	L
17	44	-1
17	45	U
17	46	U
17	47	-1
17	48	-1
17	49	-1
17	50	L
17	51	-1
17	52	-1
17	53	L
17	54	L
17	55	Uc
17	56	Lc
17	57	L
17	58	Lc
17	59	-1
17	60	-1
17	61	-1
17	62	L
17	63	-1
17	64	-1
17	65	-1
17	66	-1
17	67	-1
17	68	-1
17	69	-1
17	70	L
17	71	-1
17	72	-1
17	73	-1
17	74	-1
17	75	-1
17	76	-1
17	77	-1
17	78	L
17	79	L
17	80	-1
17	81	-1
17	82	-1
17	83	-1
17	84	L
17	85	-1
17	86	U
17	87	U
17	88	U
17	89	-1
17	90	L
17	91	L
17	92	-1
17	93	-1
17	94	-1
17	95	-1
17	96	-1
17	97	L
17	98	-1
17	99	-1
17	100	L
17	101	-1
17	102	-1
17	103	-1
17	104	-1
17	105	L
17	106	L
17	107	-1
17	108	-1
17	109	L
17	110	-1
17	111	L
17	112	-1
17	113	-1
17	114	L
17	115	-1
17	116	L
17	117	-1
17	118	L
17	119	-1
18	0	-1
18	1	L
18	2	-1
18	3	-1
18	4	-1
18	5	-1
18	6	-1
18	7	L
18	8	-1
18	9	-1
18	10	L
18	11	L
18	12	L
18	13	L
18	14	L
18	15	L
18	16	L
18	17	L
18	18	-1
18	19	-1
18	20	L
18	21	-1
18	22	L
18	23	L
18	24	-1
18	25	L
18	26	-1
18	27	-1
18	28	-1
18	29	L
18	30	-1
18	31	L
18	32	-1
18	33	L
18	34	-1
18	35	L
18	36	-1
18	37	L
18	38	L
18	39	U
18	40	U
18	41	-1
18	42	-1
18	43	U
18	44	L
18	45	U
18	46	-1
18	47	U
18	48	U
18	49	-1
18	50	L
18	51	-1
18	52	-1
18	53	-1
18	54	-1
18	55	-1
18	56	-1
18	57	L
18	58	Lc
18	59	Lc
18	60	-1
18	61	-1
18	62	L
18	63	L
18	64	L
18	65	-1
18	66	L
18	67	L
18	68	-1
18	69	L
18	70	-1
18	71	-1
18	72	L
18	73	-1
18	74	-1
18	75	L
18	76	-1
18	77	L
18	78	L
18	79	L
18	80	L
18	81	L
18	82	L
18	83	-1
18	84	-1
18	85	U
18	86	-1
18	87	U
18	88	U
18	89	-1
18	90	-1
18	91	L
18	92	L
18	93	L
18	94	-1
18	95	-1
18	96	-1
18	97	-1
18	98	L
18	99	L
18	100	-1
18	101	-1
18	102	-1
18	103	L
18	104	L
18	105	-1
18	106	L
18	107	-1
18	108	-1
18	109	-1
18	110	-1
18	111	L
18	112	L
18	113	-1
18	114	L
18	115	-1
18	116	L
18	117	-1
18	118	-1
18	119	L
19	0	L
19	1	-1
19	2	-1
19	3	U
19	4	-1
19	5	U
19	6	L
19	7	-1
19	8	-1
19	9	-1
19	10	L
19	11	L
19	12	L
19	13	L
19	14	L
19	15	-1
19	16	-1
19	17	-1
19	18	L
19	19	-1
19	20	L
19	21	L
19	22	-1
19	23	L
19	24	L
19	25	L
19	26	L
19	27	L
19	28	-1
19	29	-1
19	30	L
19	31	L
19	32	L
19	33	L
19	34	-1
19	35	L
19	36	-1
19	37	-1
19	38	L
19	39	L
19	40	-1
19	41	U
19	42	-1
19	43	-1
19	44	-1
19	45	-1
19	46	U
19	47	U
19	48	L
19	49	-1
19	50	L
19	51	L
19	52	-1
19	53	-1
19	54	Lc
19	55	L
19	56	L
19	57	L
19	58	L
19	59	Lc
19	60	-1
19	61	-1
19	62	L
19	63	L
19	64	-1
19	65	L
19	66	-1
19	67	-1
19	68	L
19	69	L
19	70	-1
19	71	-1
19	72	-1
19	73	L
19	74	L
19	75	L
19	76	-1
19	77	-1
19	78	-1
19	79	L
19	80	L
19	81	L
19	82	-1
19	83	-1
19	84	-1
19	85	-1
19	86	-1
19	87	U
19	88	U
19	89	-1
19	90	-1
19	91	L
19	92	L
19	93	-1
19	94	L
19	95	-1
19	96	L
19	97	-1
19	98	-1
19	99	-1
19	100	-1
19	101	-1
19	102	L
19	103	L
19	104	L
19	105	L
19	106	-1
19	107	L
19	108	L
19	109	-1
19	110	-1
19	111	L
19	112	-1
19	113	L
19	114	-1
19	115	L
19	116	-1
19	117	-1
19	118	-1
19	119	-1
20	0	-1
20	1	-1
20	2	U
20	3	U
20	4	U
20	5	U
20	6	-1
20	7	L
20	8	-1
20	9	-1
20	10	L
20	11	-1
20	12	L
20	13	-1
20	14	L
20	15	L
20	16	L
20	17	-1
20	18	-1
20	19	-1
20	20	-1
20	21	-1
20	22	L
20	23	-1
20	24	L
20	25	L
20	26	L
20	27	-1
20	28	L
20	29	L
20	30	L
20	31	L
20	32	-1
20	33	Lc
20	34	Lc
20	35	L
20	36	L
20	37	-1
20	38	-1
20	39	-1
20	40	-1
20	41	U
20	42	U
20	43	-1
20	44	Lc
20	45	-1
20	46	U
20	47	-1
20	48	-1
20	49	L
20	50	L
20	51	Lc
20	52	L
20	53	-1
20	54	-1
20	55	L
20	56	L
20	57	-1
20	58	L
20	59	Lc
20	60	-1
20	61	-1
20	62	-1
20	63	L
20	64	L
20	65	-1
20	66	-1
20	67	L
20	68	L
20	69	-1
20	70	-1
20	71	-1
20	72	-1
20	73	L
20	74	-1
20	75	-1
20	76	-1
20	77	-1
20	78	L
20	79	L
20	80	L
20	81	L
20	82	L
20	83	-1
20	84	-1
20	85	-1
20	86	-1
20	87	U
20	88	-1
20	89	U
20	90	-1
20	91	-1
20	92	-1
20	93	L
20	94	-1
20	95	-1
20	96	-1
20	97	L
20	98	-1
20	99	-1
20	100	-1
20	101	L
20	102	L
20	103	L
20	104	L
20	105	-1
20	106	L
20	107	-1
20	108	L
20	109	L
20	110	L
20	111	L
20	112	L
20	113	L
20	114	-1
20	115	L
20	116	L
20	117	-1
20	118	-1
20	119	L
21	0	-1
21	1	U
21	2	U
21	3	-1
21	4	L
21	5	L
21	6	L
21	7	-1
21	8	-1
21	9	-1
21	10	-1
21	11	L
21	12	-1
21	13	L
21	14	-1
21	15	L
21	16	-1
21	17	-1
21	18	-1
21	19	-1
21	20	L
21	21	-1
21	22	L
21	23	L
21	24	L
21	25	L
21	26	-1
21	27	L
21	28	L
21	29	L
21	30	-1
21	31	-1
21	32	L
21	33	-1
21	34	Lc
21	35	L
21	36	Lc
21	37	L
21	38	-1
21	39	-1
21	40	-1
21	41	-1
21	42	-1
21	43	-1
21	44	Lc
21	45	L
21	46	L
21	47	L
21	48	L
21	49	-1
21	50	L
21	51	-1
21	52	L
21	53	L
21	54	-1
21	55	-1
21	56	L
21	57	L
21	58	-1
21	59	L
21	60	L
21	61	-1
21	62	-1
21	63	-1
21	64	L
21	65	-1
21	66	L
21	67	-1
21	68	-1
21	69	-1
21	70	-1
21	71	L
21	72	-1
21	73	L
21	74	L
21	75	-1
21	76	-1
21	77	-1
21	78	L
21	79	-1
21	80	L
21	81	L
21	82	-1
21	83	L
21	84	L
21	85	-1
21	86	-1
21	87	L
21	88	U
21	89	-1
21	90	-1
21	91	L
21	92	L
21	93	-1
21	94	L
21	95	-1
21	96	-1
21	97	L
21	98	L
21	99	L
21	100	L
21	101	L
21	102	L
21	103	-1
21	104	L
21	105	-1
21	106	-1
21	107	-1
21	108	-1
21	109	L
21	110	L
21	111	L
21	112	L
21	113	-1
21	114	-1
21	115	-1
21	116	L
21	117	-1
21	118	L
21	119	L
22	0	L
22	1	L
22	2	L
22	3	L
22	4	-1
22	5	-1
22	6	-1
22	7	L
22	8	-1
22	9	L
22	10	L
22	11	-1
22	12	-1
22	13	L
22	14	L
22	15	L
22	16	-1
22	17	-1
22	18	-1
22	19	L
22	20	-1
22	21	-1
22	22	L
22	23	-1
22	24	L
22	25	-1
22	26	-1
22	27	-1
22	28	-1
22	29	-1
22	30	L
22	31	L
22	32	-1
22	33	-1
22	34	-1
22	35	Lc
22	36	-1
22	37	L
22	38	-1
22	39	-1
22	40	U
22	41	-1
22	42	-1
22	43	-1
22	44	-1
22	45	L
22	46	L
22	47	L
22	48	-1
22	49	L
22	50	L
22	51	L
22	52	-1
22	53	L
22	54	-1
22	55	-1
22	56	L
22	57	-1
22	58	-1
22	59	Lc
22	60	-1
22	61	-1
22	62	L
22	63	L
22	64	L
22	65	-1
22	66	L
22	67	L
22	68	L
22	69	-1
22	70	-1
22	71	U
22	72	-1
22	73	-1
22	74	L
22	75	-1
22	76	-1
22	77	-1
22	78	-1
22	79	L
22	80	-1
22	81	L
22	82	-1
22	83	-1
22	84	-1
22	85	L
22	86	L
22	87	U
22	88	U
22	89	L
22	90	L
22	91	L
22	92	L
22	93	L
22	94	-1
22	95	L
22	96	U
22	97	-1
22	98	-1
22	99	L
22	100	-1
22	101	L
22	102	L
22	103	L
22	104	-1
22	105	-1
22	106	U
22	107	U
22	108	L
22	109	L
22	110	L
22	111	-1
22	112	L
22	113	-1
22	114	-1
22	115	L
22	116	L
22	117	L
22	118	L
22	119	L
23	0	-1
23	1	L
23	2	L
23	3	L
23	4	L
23	5	L
23	6	-1
23	7	-1
23	8	-1
23	9	L
23	10	L
23	11	L
23	12	L
23	13	L
23	14	-1
23	15	L
23	16	-1
23	17	L
23	18	L
23	19	-1
23	20	-1
23	21	-1
23	22	-1
23	23	L
23	24	-1
23	25	L
23	26	-1
23	27	L
23	28	L
23	29	L
23	30	L
23	31	-1
23	32	L
23	33	-1
23	34	L
23	35	Lc
23	36	Lc
23	37	L
23	38	-1
23	39	U
23	40	U
23	41	-1
23	42	-1
23	43	-1
23	44	L
23	45	-1
23	46	L
23	47	-1
23	48	L
23	49	L
23	50	L
23	51	-1
23	52	L
23	53	L
23	54	L
23	55	-1
23	56	L
23	57	-1
23	58	L
23	59	-1
23	60	L
23	61	-1
23	62	L
23	63	L
23	64	L
23	65	L
23	66	L
23	67	L
23	68	-1
23	69	-1
23	70	-1
23	71	-1
23	72	-1
23	73	L
23	74	-1
23	75	L
23	76	-1
23	77	-1
23	78	-1
23	79	L
23	80	L
23	81	-1
23	82	-1
23	83	-1
23	84	-1
23	85	-1
23	86	-1
23	87	L
23	88	-1
23	89	-1
23	90	-1
23	91	-1
23	92	L
23	93	-1
23	94	-1
23	95	-1
23	96	-1
23	97	-1
23	98	L
23	99	-1
23	100	L
23	101	L
23	102	-1
23	103	-1
23	104	-1
23	105	U
23	106	-1
23	107	-1
23	108	L
23	109	L
23	110	-1
23	111	L
23	112	-1
23	113	-1
23	114	L
23	115	L
23	116	L
23	117	L
23	118	L
23	119	-1
24	0	-1
24	1	-1
24	2	-1
24	3	-1
24	4	-1
24	5	L
24	6	L
24	7	L
24	8	L
24	9	L
24	10	L
24	11	L
24	12	L
24	13	L
24	14	L
24	15	L
24	16	L
24	17	L
24	18	L
24	19	-1
24	20	-1
24	21	-1
24	22	-1
24	23	-1
24	24	L
24	25	L
24	26	-1
24	27	L
24	28	L
24	29	-1
24	30	-1
24	31	-1
24	32	L
24	33	-1
24	34	Lc
24	35	Lc
24	36	-1
24	37	-1
24	38	U
24	39	-1
24	40	U
24	41	U
24	42	-1
24	43	L
24	44	-1
24	45	L
24	46	-1
24	47	L
24	48	-1
24	49	L
24	50	-1
24	51	L
24	52	-1
24	53	L
24	54	-1
24	55	-1
24	56	L
24	57	L
24	58	-1
24	59	Lc
24	60	L
24	61	L
24	62	-1
24	63	-1
24	64	-1
24	65	-1
24	66	-1
24	67	L
24	68	-1
24	69	-1
24	70	-1
24	71	-1
24	72	U
24	73	U
24	74	U
24	75	U
24	76	L
24	77	L
24	78	L
24	79	L
24	80	-1
24	81	-1
24	82	-1
24	83	-1
24	84	L
24	85	L
24	86	-1
24	87	L
24	88	L
24	89	L
24	90	-1
24	91	L
24	92	-1
24	93	L
24	94	-1
24	95	L
24	96	L
24	97	U
24	98	L
24	99	L
24	100	L
24	101	-1
24	102	L
24	103	L
24	104	L
24	105	U
24	106	-1
24	107	-1
24	108	-1
24	109	-1
24	110	-1
24	111	-1
24	112	U
24	113	-1
24	114	L
24	115	L
24	116	-1
24	117	-1
24	118	-1
24	119	L
25	0	-1
25	1	L
25	2	-1
25	3	L
25	4	L
25	5	-1
25	6	-1
25	7	L
25	8	-1
25	9	L
25	10	-1
25	11	-1
25	12	L
25	13	L
25	14	-1
25	15	L
25	16	-1
25	17	-1
25	18	-1
25	19	L
25	20	-1
25	21	-1
25	22	L
25	23	L
25	24	-1
25	25	L
25	26	-1
25	27	L
25	28	L
25	29	-1
25	30	-1
25	31	L
25	32	-1
25	33	L
25	34	Lc
25	35	Lc
25	36	-1
25	37	U
25	38	U
25	39	-1
25	40	Lc
25	41	U
25	42	-1
25	43	L
25	44	-1
25	45	L
25	46	L
25	47	-1
25	48	-1
25	49	L
25	50	L
25	51	-1
25	52	-1
25	53	L
25	54	L
25	55	-1
25	56	L
25	57	L
25	58	L
25	59	-1
25	60	L
25	61	L
25	62	-1
25	63	L
25	64	-1
25	65	L
25	66	L
25	67	L
25	68	L
25	69	L
25	70	-1
25	71	U
25	72	L
25	73	-1
25	74	U
25	75	-1
25	76	-1
25	77	-1
25	78	L
25	79	L
25	80	L
25	81	-1
25	82	-1
25	83	-1
25	84	L
25	85	L
25	86	L
25	87	L
25	88	L
25	89	-1
25	90	L
25	91	U
25	92	L
25	93	-1
25	94	-1
25	95	L
25	96	-1
25	97	-1
25	98	L
25	99	L
25	100	-1
25	101	-1
25	102	L
25	103	L
25	104	-1
25	105	-1
25	106	-1
25	107	U
25	108	-1
25	109	-1
25	110	-1
25	111	-1
25	112	-1
25	113	L
25	114	-1
25	115	-1
25	116	L
25	117	L
25	118	-1
25	119	L
26	0	L
26	1	-1
26	2	L
26	3	-1
26	4	L
26	5	-1
26	6	-1
26	7	L
26	8	L
26	9	L
26	10	L
26	11	L
26	12	L
26	13	-1
26	14	-1
26	15	-1
26	16	-1
26	17	L
26	18	L
26	19	-1
26	20	-1
26	21	-1
26	22	-1
26	23	L
26	24	L
26	25	-1
26	26	L
26	27	L
26	28	L
26	29	-1
26	30	-1
26	31	-1
26	32	L
26	33	Lc
26	34	L
26	35	-1
26	36	Lc
26	37	-1
26	38	Lc
26	39	U
26	40	Lc
26	41	-1
26	42	-1
26	43	-1
26	44	-1
26	45	-1
26	46	-1
26	47	L
26	48	L
26	49	L
26	50	L
26	51	L
26	52	L
26	53	L
26	54	L
26	55	L
26	56	L
26	57	L
26	58	L
26	59	L
26	60	L
26	61	L
26	62	-1
26	63	-1
26	64	-1
26	65	-1
26	66	-1
26	67	L
26	68	-1
26	69	-1
26	70	-1
26	71	-1
26	72	-1
26	73	L
26	74	-1
26	75	L
26	76	-1
26	77	L
26	78	-1
26	79	L
26	80	-1
26	81	-1
26	82	L
26	83	L
26	84	L
26	85	L
26	86	L
26	87	-1
26	88	-1
26	89	L
26	90	U
26	91	L
26	92	-1
26	93	L
26	94	L
26	95	-1
26	96	-1
26	97	L
26	98	L
26	99	L
26	100	-1
26	101	L
26	102	L
26	103	L
26	104	-1
26	105	L
26	106	U
26	107	U
26	108	L
26	109	-1
26	110	L
26	111	-1
26	112	-1
26	113	L
26	114	-1
26	115	L
26	116	L
26	117	-1
26	118	L
26	119	L
27	0	L
27	1	L
27	2	-1
27	3	-1
27	4	-1
27	5	-1
27	6	L
27	7	-1
27	8	L
27	9	L
27	10	L
27	11	-1
27	12	-1
27	13	-1
27	14	L
27	15	-1
27	16	-1
27	17	L
27	18	L
27	19	-1
27	20	-1
27	21	-1
27	22	-1
27	23	-1
27	24	-1
27	25	L
27	26	L
27	27	L
27	28	L
27	29	L
27	30	-1
27	31	L
27	32	-1
27	33	Lc
27	34	-1
27	35	L
27	36	U
27	37	Lc
27	38	-1
27	39	Lc
27	40	-1
27	41	Lc
27	42	Lc
27	43	L
27	44	-1
27	45	-1
27	46	-1
27	47	L
27	48	L
27	49	L
27	50	L
27	51	L
27	52	-1
27	53	L
27	54	L
27	55	-1
27	56	-1
27	57	L
27	58	-1
27	59	L
27	60	-1
27	61	-1
27	62	-1
27	63	L
27	64	-1
27	65	L
27	66	L
27	67	L
27	68	-1
27	69	-1
27	70	-1
27	71	L
27	72	L
27	73	L
27	74	-1
27	75	-1
27	76	-1
27	77	L
27	78	L
27	79	-1
27	80	-1
27	81	-1
27	82	L
27	83	-1
27	84	L
27	85	L
27	86	-1
27	87	-1
27	88	-1
27	89	U
27	90	L
27	91	L
27	92	L
27	93	L
27	94	L
27	95	L
27	96	-1
27	97	L
27	98	-1
27	99	-1
27	100	-1
27	101	-1
27	102	L
27	103	L
27	104	-1
27	105	L
27	106	-1
27	107	-1
27	108	-1
27	109	-1
27	110	-1
27	111	-1
27	112	U
27	113	L
27	114	-1
27	115	-1
27	116	L
27	117	L
27	118	L
27	119	L
28	0	-1
28	1	-1
28	2	L
28	3	-1
28	4	-1
28	5	L
28	6	L
28	7	-1
28	8	-1
28	9	L
28	10	-1
28	11	L
28	12	-1
28	13	-1
28	14	-1
28	15	L
28	16	-1
28	17	-1
28	18	-1
28	19	-1
28	20	L
28	21	L
28	22	L
28	23	L
28	24	-1
28	25	L
28	26	L
28	27	-1
28	28	L
28	29	-1
28	30	Lc
28	31	Lc
28	32	L
28	33	-1
28	34	-1
28	35	L
28	36	L
28	37	-1
28	38	Lc
28	39	-1
28	40	Lc
28	41	Lc
28	42	L
28	43	L
28	44	L
28	45	-1
28	46	-1
28	47	L
28	48	-1
28	49	-1
28	50	-1
28	51	-1
28	52	-1
28	53	-1
28	54	-1
28	55	L
28	56	-1
28	57	L
28	58	L
28	59	-1
28	60	L
28	61	-1
28	62	L
28	63	L
28	64	L
28	65	-1
28	66	L
28	67	L
28	68	L
28	69	-1
28	70	L
28	71	L
28	72	L
28	73	L
28	74	-1
28	75	L
28	76	L
28	77	L
28	78	-1
28	79	L
28	80	L
28	81	L
28	82	-1
28	83	L
28	84	-1
28	85	-1
28	86	-1
28	87	-1
28	88	-1
28	89	-1
28	90	L
28	91	L
28	92	L
28	93	L
28	94	L
28	95	L
28	96	L
28	97	-1
28	98	-1
28	99	-1
28	100	-1
28	101	-1
28	102	L
28	103	L
28	104	-1
28	105	-1
28	106	L
28	107	L
28	108	U
28	109	-1
28	110	-1
28	111	-1
28	112	-1
28	113	L
28	114	L
28	115	-1
28	116	L
28	117	-1
28	118	L
28	119	L
29	0	-1
29	1	L
29	2	L
29	3	L
29	4	-1
29	5	L
29	6	-1
29	7	-1
29	8	L
29	9	-1
29	10	L
29	11	L
29	12	-1
29	13	-1
29	14	-1
29	15	-1
29	16	-1
29	17	-1
29	18	-1
29	19	-1
29	20	-1
29	21	-1
29	22	L
29	23	L
29	24	-1
29	25	-1
29	26	-1
29	27	L
29	28	Lc
29	29	-1
29	30	-1
29	31	Lc
29	32	-1
29	33	L
29	34	L
29	35	-1
29	36	L
29	37	L
29	38	-1
29	39	-1
29	40	-1
29	41	-1
29	42	Lc
29	43	Lc
29	44	L
29	45	-1
29	46	L
29	47	L
29	48	-1
29	49	Lc
29	50	L
29	51	U
29	52	L
29	53	L
29	54	-1
29	55	-1
29	56	L
29	57	L
29	58	L
29	59	-1
29	60	-1
29	61	L
29	62	L
29	63	L
29	64	L
29	65	-1
29	66	L
29	67	L
29	68	-1
29	69	-1
29	70	-1
29	71	L
29	72	L
29	73	-1
29	74	L
29	75	-1
29	76	L
29	77	-1
29	78	L
29	79	-1
29	80	L
29	81	-1
29	82	-1
29	83	-1
29	84	L
29	85	-1
29	86	-1
29	87	-1
29	88	-1
29	89	-1
29	90	L
29	91	-1
29	92	-1
29	93	L
29	94	-1
29	95	L
29	96	-1
29	97	-1
29	98	-1
29	99	-1
29	100	L
29	101	L
29	102	-1
29	103	L
29	104	-1
29	105	-1
29	106	-1
29	107	L
29	108	-1
29	109	L
29	110	L
29	111	L
29	112	-1
29	113	L
29	114	-1
29	115	L
29	116	L
29	117	-1
29	118	L
29	119	L
30	0	-1
30	1	-1
30	2	-1
30	3	L
30	4	-1
30	5	-1
30	6	-1
30	7	-1
30	8	-1
30	9	L
30	10	-1
30	11	-1
30	12	-1
30	13	-1
30	14	-1
30	15	-1
30	16	-1
30	17	-1
30	18	-1
30	19	-1
30	20	-1
30	21	L
30	22	-1
30	23	L
30	24	L
30	25	-1
30	26	L
30	27	-1
30	28	-1
30	29	Lc
30	30	L
30	31	L
30	32	-1
30	33	-1
30	34	-1
30	35	-1
30	36	-1
30	37	Lc
30	38	Lc
30	39	-1
30	40	-1
30	41	-1
30	42	L
30	43	Lc
30	44	Lc
30	45	-1
30	46	L
30	47	L
30	48	L
30	49	-1
30	50	L
30	51	-1
30	52	-1
30	53	-1
30	54	L
30	55	-1
30	56	L
30	57	-1
30	58	L
30	59	-1
30	60	L
30	61	L
30	62	L
30	63	-1
30	64	-1
30	65	-1
30	66	-1
30	67	-1
30	68	L
30	69	L
30	70	-1
30	71	-1
30	72	L
30	73	-1
30	74	L
30	75	L
30	76	-1
30	77	L
30	78	L
30	79	L
30	80	-1
30	81	-1
30	82	L
30	83	L
30	84	L
30	85	-1
30	86	-1
30	87	-1
30	88	L
30	89	-1
30	90	L
30	91	L
30	92	-1
30	93	-1
30	94	L
30	95	-1
30	96	-1
30	97	L
30	98	-1
30	99	L
30	100	-1
30	101	-1
30	102	L
30	103	L
30	104	L
30	105	-1
30	106	-1
30	107	L
30	108	L
30	109	L
30	110	L
30	111	L
30	112	L
30	113	L
30	114	L
30	115	L
30	116	-1
30	117	L
30	118	-1
30	119	L
31	0	-1
31	1	L
31	2	-1
31	3	-1
31	4	-1
31	5	-1
31	6	L
31	7	L
31	8	L
31	9	-1
31	10	-1
31	11	-1
31	12	-1
31	13	L
31	14	L
31	15	-1
31	16	L
31	17	-1
31	18	-1
31	19	-1
31	20	-1
31	21	-1
31	22	-1
31	23	L
31	24	L
31	25	L
31	26	-1
31	27	L
31	28	L
31	29	U
31	30	-1
31	31	L
31	32	-1
31	33	Lc
31	34	Lc
31	35	Lc
31	36	-1
31	37	Lc
31	38	Lc
31	39	Lc
31	40	-1
31	41	-1
31	42	Lc
31	43	Lc
31	44	-1
31	45	-1
31	46	-1
31	47	Lc
31	48	-1
31	49	-1
31	50	L
31	51	U
31	52	L
31	53	L
31	54	-1
31	55	-1
31	56	L
31	57	L
31	58	-1
31	59	L
31	60	L
31	61	-1
31	62	L
31	63	L
31	64	-1
31	65	L
31	66	-1
31	67	L
31	68	L
31	69	L
31	70	U
31	71	L
31	72	-1
31	73	-1
31	74	L
31	75	L
31	76	L
31	77	-1
31	78	L
31	79	-1
31	80	L
31	81	L
31	82	L
31	83	-1
31	84	-1
31	85	-1
31	86	-1
31	87	L
31	88	L
31	89	L
31	90	L
31	91	L
31	92	-1
31	93	-1
31	94	L
31	95	L
31	96	L
31	97	L
31	98	L
31	99	-1
31	100	L
31	101	L
31	102	L
31	103	L
31	104	L
31	105	-1
31	106	-1
31	107	-1
31	108	-1
31	109	-1
31	110	L
31	111	L
31	112	L
31	113	L
31	114	-1
31	115	-1
31	116	-1
31	117	L
31	118	L
31	119	-1
32	0	L
32	1	-1
32	2	L
32	3	-1
32	4	L
32	5	L
32	6	L
32	7	-1
32	8	L
32	9	-1
32	10	-1
32	11	L
32	12	-1
32	13	L
32	14	-1
32	15	-1
32	16	L
32	17	-1
32	18	L
32	19	-1
32	20	L
32	21	-1
32	22	L
32	23	L
32	24	L
32	25	L
32	26	L
32	27	L
32	28	-1
32	29	-1
32	30	U
32	31	L
32	32	-1
32	33	-1
32	34	Lc
32	35	Lc
32	36	-1
32	37	Lc
32	38	Lc
32	39	Lc
32	40	Lc
32	41	Lc
32	42	-1
32	43	-1
32	44	-1
32	45	L
32	46	L
32	47	-1
32	48	Lc
32	49	-1
32	50	-1
32	51	L
32	52	L
32	53	-1
32	54	L
32	55	-1
32	56	L
32	57	-1
32	58	L
32	59	-1
32	60	L
32	61	-1
32	62	L
32	63	-1
32	64	-1
32	65	L
32	66	L
32	67	L
32	68	L
32	69	-1
32	70	-1
32	71	L
32	72	-1
32	73	L
32	74	-1
32	75	-1
32	76	-1
32	77	L
32	78	-1
32	79	L
32	80	L
32	81	L
32	82	L
32	83	L
32	84	L
32	85	L
32	86	L
32	87	-1
32	88	L
32	89	-1
32	90	L
32	91	L
32	92	L
32	93	-1
32	94	-1
32	95	L
32	96	-1
32	97	-1
32	98	-1
32	99	-1
32	100	-1
32	101	-1
32	102	-1
32	103	L
32	104	-1
32	105	-1
32	106	U
32	107	-1
32	108	-1
32	109	-1
32	110	L
32	111	-1
32	112	L
32	113	L
32	114	-1
32	115	-1
32	116	L
32	117	L
32	118	L
32	119	-1
33	0	-1
33	1	L
33	2	-1
33	3	-1
33	4	-1
33	5	-1
33	6	-1
33	7	L
33	8	L
33	9	U
33	10	-1
33	11	L
33	12	L
33	13	L
33	14	-1
33	15	L
33	16	-1
33	17	-1
33	18	-1
33	19	L
33	20	-1
33	21	-1
33	22	-1
33	23	-1
33	24	L
33	25	L
33	26	L
33	27	L
33	28	-1
33	29	U
33	30	U
33	31	U
33	32	Lc
33	33	-1
33	34	-1
33	35	Lc
33	36	Lc
33	37	Lc
33	38	L
33	39	-1
33	40	-1
33	41	-1
33	42	-1
33	43	L
33	44	L
33	45	-1
33	46	-1
33	47	L
33	48	-1
33	49	-1
33	50	-1
33	51	-1
33	52	L
33	53	L
33	54	-1
33	55	-1
33	56	L
33	57	L
33	58	-1
33	59	L
33	60	-1
33	61	L
33	62	-1
33	63	L
33	64	L
33	65	L
33	66	L
33	67	L
33	68	L
33	69	-1
33	70	L
33	71	L
33	72	-1
33	73	-1
33	74	-1
33	75	-1
33	76	L
33	77	L
33	78	-1
33	79	-1
33	80	L
33	81	-1
33	82	-1
33	83	L
33	84	L
33	85	-1
33	86	-1
33	87	-1
33	88	L
33	89	L
33	90	L
33	91	-1
33	92	L
33	93	-1
33	94	L
33	95	L
33	96	-1
33	97	-1
33	98	-1
33	99	L
33	100	L
33	101	L
33	102	-1
33	103	L
33	104	L
33	105	L
33	106	-1
33	107	-1
33	108	-1
33	109	-1
33	110	L
33	111	-1
33	112	-1
33	113	L
33	114	-1
33	115	-1
33	116	-1
33	117	L
33	118	L
33	119	-1
34	0	-1
34	1	L
34	2	L
34	3	L
34	4	L
34	5	L
34	6	-1
34	7	L
34	8	-1
34	9	L
34	10	U
34	11	-1
34	12	L
34	13	L
34	14	L
34	15	L
34	16	L
34	17	L
34	18	-1
34	19	-1
34	20	-1
34	21	-1
34	22	-1
34	23	-1
34	24	L
34	25	U
34	26	U
34	27	-1
34	28	U
34	29	L
34	30	U
34	31	-1
34	32	-1
34	33	-1
34	34	Lc
34	35	-1
34	36	L
34	37	Lc
34	38	L
34	39	-1
34	40	Lc
34	41	-1
34	42	L
34	43	-1
34	44	L
34	45	-1
34	46	-1
34	47	-1
34	48	-1
34	49	-1
34	50	-1
34	51	-1
34	52	L
34	53	-1
34	54	-1
34	55	-1
34	56	L
34	57	L
34	58	L
34	59	L
34	60	-1
34	61	L
34	62	-1
34	63	L
34	64	-1
34	65	L
34	66	-1
34	67	-1
34	68	-1
34	69	L
34	70	-1
34	71	L
34	72	L
34	73	-1
34	74	-1
34	75	-1
34	76	-1
34	77	L
34	78	L
34	79	-1
34	80	-1
34	81	L
34	82	L
34	83	-1
34	84	L
34	85	L
34	86	L
34	87	-1
34	88	L
34	89	-1
34	90	-1
34	91	L
34	92	-1
34	93	L
34	94	U
34	95	-1
34	96	-1
34	97	L
34	98	L
34	99	L
34	100	-1
34	101	-1
34	102	L
34	103	-1
34	104	-1
34	105	-1
34	106	-1
34	107	U
34	108	-1
34	109	-1
34	110	L
34	111	L
34	112	L
34	113	L
34	114	-1
34	115	L
34	116	-1
34	117	L
34	118	L
34	119	L
35	0	-1
35	1	-1
35	2	-1
35	3	-1
35	4	-1
35	5	-1
35	6	L
35	7	-1
35	8	L
35	9	-1
35	10	L
35	11	-1
35	12	-1
35	13	-1
35	14	-1
35	15	L
35	16	-1
35	17	L
35	18	-1
35	19	L
35	20	L
35	21	L
35	22	-1
35	23	U
35	24	U
35	25	-1
35	26	-1
35	27	-1
35	28	U
35	29	L
35	30	-1
35	31	-1
35	32	L
35	33	L
35	34	L
35	35	L
35	36	L
35	37	L
35	38	L
35	39	L
35	40	L
35	41	L
35	42	L
35	43	L
35	44	-1
35	45	-1
35	46	-1
35	47	L
35	48	-1
35	49	-1
35	50	-1
35	51	-1
35	52	-1
35	53	-1
35	54	-1
35	55	-1
35	56	-1
35	57	L
35	58	L
35	59	L
35	60	-1
35	61	L
35	62	-1
35	63	-1
35	64	L
35	65	L
35	66	-1
35	67	L
35	68	L
35	69	-1
35	70	-1
35	71	-1
35	72	L
35	73	-1
35	74	-1
35	75	-1
35	76	L
35	77	L
35	78	L
35	79	-1
35	80	-1
35	81	-1
35	82	L
35	83	L
35	84	L
35	85	L
35	86	L
35	87	-1
35	88	-1
35	89	L
35	90	-1
35	91	-1
35	92	-1
35	93	-1
35	94	-1
35	95	-1
35	96	L
35	97	-1
35	98	-1
35	99	-1
35	100	-1
35	101	-1
35	102	L
35	103	-1
35	104	-1
35	105	L
35	106	-1
35	107	-1
35	108	-1
35	109	L
35	110	-1
35	111	L
35	112	-1
35	113	-1
35	114	L
35	115	-1
35	116	-1
35	117	L
35	118	-1
35	119	-1
36	0	-1
36	1	-1
36	2	-1
36	3	L
36	4	-1
36	5	-1
36	6	-1
36	7	L
36	8	L
36	9	L
36	10	-1
36	11	-1
36	12	U
36	13	U
36	14	-1
36	15	L
36	16	-1
36	17	-1
36	18	Lc
36	19	-1
36	20	Lc
36	21	-1
36	22	L
36	23	-1
36	24	U
36	25	U
36	26	-1
36	27	-1
36	28	-1
36	29	U
36	30	-1
36	31	L
36	32	-1
36	33	L
36	34	L
36	35	-1
36	36	-1
36	37	-1
36	38	L
36	39	L
36	40	-1
36	41	L
36	42	L
36	43	-1
36	44	-1
36	45	-1
36	46	-1
36	47	L
36	48	L
36	49	-1
36	50	-1
36	51	-1
36	52	L
36	53	-1
36	54	-1
36	55	-1
36	56	-1
36	57	-1
36	58	L
36	59	-1
36	60	L
36	61	L
36	62	-1
36	63	L
36	64	-1
36	65	L
36	66	L
36	67	L
36	68	L
36	69	-1
36	70	-1
36	71	-1
36	72	L
36	73	L
36	74	L
36	75	L
36	76	-1
36	77	L
36	78	L
36	79	-1
36	80	-1
36	81	-1
36	82	L
36	83	-1
36	84	L
36	85	-1
36	86	L
36	87	-1
36	88	L
36	89	L
36	90	-1
36	91	-1
36	92	-1
36	93	L
36	94	-1
36	95	L
36	96	-1
36	97	-1
36	98	L
36	99	L
36	100	L
36	101	L
36	102	-1
36	103	-1
36	104	-1
36	105	U
36	106	L
36	107	L
36	108	-1
36	109	-1
36	110	L
36	111	-1
36	112	-1
36	113	-1
36	114	-1
36	115	-1
36	116	L
36	117	L
36	118	L
36	119	L
37	0	-1
37	1	L
37	2	L
37	3	L
37	4	-1
37	5	L
37	6	-1
37	7	-1
37	8	-1
37	9	U
37	10	L
37	11	-1
37	12	-1
37	13	U
37	14	-1
37	15	L
37	16	-1
37	17	Lc
37	18	Lc
37	19	L
37	20	Lc
37	21	-1
37	22	L
37	23	-1
37	24	-1
37	25	-1
37	26	-1
37	27	-1
37	28	U
37	29	L
37	30	L
37	31	-1
37	32	-1
37	33	L
37	34	-1
37	35	U
37	36	-1
37	37	L
37	38	L
37	39	-1
37	40	L
37	41	-1
37	42	L
37	43	L
37	44	-1
37	45	L
37	46	L
37	47	L
37	48	-1
37	49	L
37	50	-1
37	51	-1
37	52	-1
37	53	L
37	54	L
37	55	-1
37	56	L
37	57	-1
37	58	-1
37	59	-1
37	60	-1
37	61	-1
37	62	U
37	63	L
37	64	-1
37	65	-1
37	66	-1
37	67	-1
37	68	L
37	69	-1
37	70	-1
37	71	L
37	72	-1
37	73	L
37	74	-1
37	75	L
37	76	-1
37	77	L
37	78	-1
37	79	L
37	80	L
37	81	L
37	82	-1
37	83	-1
37	84	-1
37	85	-1
37	86	-1
37	87	L
37	88	-1
37	89	-1
37	90	L
37	91	L
37	92	-1
37	93	L
37	94	-1
37	95	-1
37	96	-1
37	97	L
37	98	L
37	99	L
37	100	L
37	101	-1
37	102	-1
37	103	-1
37	104	-1
37	105	U
37	106	-1
37	107	L
37	108	L
37	109	-1
37	110	-1
37	111	-1
37	112	-1
37	113	-1
37	114	L
37	115	-1
37	116	L
37	117	L
37	118	-1
37	119	-1
38	0	-1
38	1	L
38	2	L
38	3	L
38	4	-1
38	5	L
38	6	-1
38	7	-1
38	8	-1
38	9	L
38	10	L
38	11	L
38	12	U
38	13	-1
38	14	-1
38	15	-1
38	16	-1
38	17	-1
38	18	-1
38	19	-1
38	20	-1
38	21	-1
38	22	-1
38	23	L
38	24	-1
38	25	-1
38	26	-1
38	27	U
38	28	Lc
38	29	Lc
38	30	-1
38	31	L
38	32	-1
38	33	L
38	34	-1
38	35	-1
38	36	-1
38	37	L
38	38	L
38	39	-1
38	40	L
38	41	L
38	42	L
38	43	-1
38	44	-1
38	45	L
38	46	-1
38	47	L
38	48	L
38	49	-1
38	50	-1
38	51	L
38	52	-1
38	53	-1
38	54	-1
38	55	L
38	56	-1
38	57	L
38	58	L
38	59	-1
38	60	-1
38	61	L
38	62	U
38	63	U
38	64	-1
38	65	-1
38	66	-1
38	67	-1
38	68	-1
38	69	-1
38	70	-1
38	71	-1
38	72	L
38	73	-1
38	74	-1
38	75	L
38	76	-1
38	77	L
38	78	-1
38	79	L
38	80	-1
38	81	-1
38	82	-1
38	83	-1
38	84	L
38	85	L
38	86	L
38	87	-1
38	88	-1
38	89	-1
38	90	L
38	91	-1
38	92	L
38	93	L
38	94	L
38	95	-1
38	96	L
38	97	-1
38	98	-1
38	99	L
38	100	L
38	101	-1
38	102	L
38	103	L
38	104	L
38	105	L
38	106	L
38	107	-1
38	108	L
38	109	-1
38	110	-1
38	111	-1
38	112	-1
38	113	-1
38	114	-1
38	115	L
38	116	L
38	117	L
38	118	-1
38	119	-1
39	0	-1
39	1	L
39	2	-1
39	3	L
39	4	-1
39	5	-1
39	6	-1
39	7	-1
39	8	-1
39	9	L
39	10	-1
39	11	-1
39	12	U
39	13	U
39	14	L
39	15	L
39	16	-1
39	17	-1
39	18	L
39	19	L
39	20	L
39	21	L
39	22	Lc
39	23	-1
39	24	-1
39	25	-1
39	26	U
39	27	U
39	28	Lc
39	29	-1
39	30	Lc
39	31	-1
39	32	Lc
39	33	Lc
39	34	-1
39	35	-1
39	36	L
39	37	-1
39	38	L
39	39	L
39	40	L
39	41	-1
39	42	L
39	43	L
39	44	-1
39	45	L
39	46	L
39	47	L
39	48	-1
39	49	-1
39	50	L
39	51	L
39	52	L
39	53	L
39	54	L
39	55	L
39	56	L
39	57	L
39	58	L
39	59	-1
39	60	L
39	61	L
39	62	L
39	63	U
39	64	L
39	65	-1
39	66	-1
39	67	-1
39	68	L
39	69	-1
39	70	-1
39	71	-1
39	72	L
39	73	-1
39	74	-1
39	75	L
39	76	L
39	77	L
39	78	-1
39	79	-1
39	80	-1
39	81	-1
39	82	L
39	83	-1
39	84	L
39	85	-1
39	86	L
39	87	L
39	88	-1
39	89	L
39	90	L
39	91	L
39	92	-1
39	93	-1
39	94	L
39	95	-1
39	96	-1
39	97	-1
39	98	L
39	99	-1
39	100	-1
39	101	L
39	102	L
39	103	-1
39	104	-1
39	105	L
39	106	-1
39	107	L
39	108	-1
39	109	L
39	110	L
39	111	-1
39	112	-1
39	113	-1
39	114	L
39	115	-1
39	116	L
39	117	L
39	118	L
39	119	L
40	0	L
40	1	L
40	2	L
40	3	-1
40	4	L
40	5	L
40	6	L
40	7	L
40	8	L
40	9	-1
40	10	L
40	11	-1
40	12	-1
40	13	-1
40	14	L
40	15	-1
40	16	L
40	17	-1
40	18	-1
40	19	-1
40	20	-1
40	21	-1
40	22	Lc
40	23	Lc
40	24	-1
40	25	-1
40	26	-1
40	27	U
40	28	-1
40	29	Lc
40	30	-1
40	31	Lc
40	32	-1
40	33	L
40	34	-1
40	35	L
40	36	L
40	37	L
40	38	-1
40	39	L
40	40	-1
40	41	-1
40	42	-1
40	43	-1
40	44	L
40	45	L
40	46	-1
40	47	L
40	48	-1
40	49	-1
40	50	-1
40	51	L
40	52	L
40	53	-1
40	54	L
40	55	L
40	56	-1
40	57	L
40	58	-1
40	59	L
40	60	-1
40	61	-1
40	62	-1
40	63	-1
40	64	U
40	65	-1
40	66	L
40	67	L
40	68	-1
40	69	-1
40	70	-1
40	71	-1
40	72	L
40	73	-1
40	74	L
40	75	L
40	76	L
40	77	L
40	78	L
40	79	-1
40	80	U
40	81	-1
40	82	-1
40	83	-1
40	84	L
40	85	L
40	86	L
40	87	-1
40	88	L
40	89	L
40	90	L
40	91	-1
40	92	L
40	93	-1
40	94	L
40	95	-1
40	96	L
40	97	L
40	98	L
40	99	L
40	100	L
40	101	L
40	102	L
40	103	-1
40	104	-1
40	105	-1
40	106	-1
40	107	L
40	108	L
40	109	L
40	110	-1
40	111	-1
40	112	L
40	113	L
40	114	L
40	115	L
40	116	-1
40	117	L
40	118	L
40	119	-1
41	0	L
41	1	L
41	2	-1
41	3	-1
41	4	L
41	5	L
41	6	-1
41	7	-1
41	8	L
41	9	-1
41	10	L
41	11	-1
41	12	-1
41	13	-1
41	14	-1
41	15	L
41	16	Uc
41	17	-1
41	18	L
41	19	-1
41	20	L
41	21	L
41	22	Lc
41	23	Lc
41	24	-1
41	25	-1
41	26	Lc
41	27	Lc
41	28	-1
41	29	-1
41	30	-1
41	31	Lc
41	32	-1
41	33	-1
41	34	L
41	35	L
41	36	-1
41	37	L
41	38	L
41	39	-1
41	40	L
41	41	-1
41	42	-1
41	43	-1
41	44	L
41	45	L
41	46	-1
41	47	-1
41	48	-1
41	49	-1
41	50	-1
41	51	L
41	52	L
41	53	L
41	54	L
41	55	-1
41	56	L
41	57	-1
41	58	-1
41	59	L
41	60	L
41	61	L
41	62	-1
41	63	-1
41	64	U
41	65	-1
41	66	U
41	67	-1
41	68	L
41	69	-1
41	70	-1
41	71	L
41	72	-1
41	73	-1
41	74	L
41	75	L
41	76	L
41	77	L
41	78	L
41	79	L
41	80	-1
41	81	-1
41	82	L
41	83	L
41	84	L
41	85	-1
41	86	L
41	87	-1
41	88	L
41	89	L
41	90	L
41	91	L
41	92	L
41	93	L
41	94	-1
41	95	L
41	96	L
41	97	L
41	98	L
41	99	-1
41	100	L
41	101	-1
41	102	L
41	103	L
41	104	-1
41	105	L
41	106	-1
41	107	L
41	108	-1
41	109	-1
41	110	-1
41	111	-1
41	112	-1
41	113	-1
41	114	-1
41	115	L
41	116	L
41	117	L
41	118	L
41	119	L
42	0	-1
42	1	-1
42	2	-1
42	3	L
42	4	L
42	5	L
42	6	L
42	7	L
42	8	L
42	9	L
42	10	L
42	11	L
42	12	-1
42	13	L
42	14	-1
42	15	-1
42	16	L
42	17	Uc
42	18	-1
42	19	Uc
42	20	L
42	21	-1
42	22	Lc
42	23	-1
42	24	-1
42	25	Lc
42	26	-1
42	27	Lc
42	28	-1
42	29	L
42	30	-1
42	31	L
42	32	-1
42	33	L
42	34	L
42	35	-1
42	36	L
42	37	L
42	38	L
42	39	-1
42	40	-1
42	41	L
42	42	-1
42	43	L
42	44	-1
42	45	L
42	46	-1
42	47	L
42	48	-1
42	49	L
42	50	-1
42	51	-1
42	52	-1
42	53	L
42	54	-1
42	55	L
42	56	-1
42	57	-1
42	58	-1
42	59	U
42	60	-1
42	61	L
42	62	L
42	63	L
42	64	-1
42	65	-1
42	66	L
42	67	L
42	68	-1
42	69	-1
42	70	U
42	71	U
42	72	L
42	73	L
42	74	L
42	75	-1
42	76	-1
42	77	L
42	78	L
42	79	U
42	80	U
42	81	-1
42	82	L
42	83	L
42	84	L
42	85	-1
42	86	-1
42	87	-1
42	88	-1
42	89	-1
42	90	-1
42	91	-1
42	92	-1
42	93	L
42	94	L
42	95	L
42	96	L
42	97	L
42	98	L
42	99	L
42	100	L
42	101	-1
42	102	-1
42	103	-1
42	104	-1
42	105	-1
42	106	L
42	107	-1
42	108	-1
42	109	-1
42	110	-1
42	111	-1
42	112	-1
42	113	L
42	114	L
42	115	-1
42	116	-1
42	117	-1
42	118	-1
42	119	L
43	0	L
43	1	L
43	2	-1
43	3	-1
43	4	Lc
43	5	-1
43	6	L
43	7	-1
43	8	-1
43	9	L
43	10	L
43	11	-1
43	12	L
43	13	-1
43	14	L
43	15	L
43	16	Uc
43	17	Lc
43	18	Lc
43	19	Uc
43	20	Lc
43	21	-1
43	22	L
43	23	L
43	24	Lc
43	25	Lc
43	26	Lc
43	27	Lc
43	28	-1
43	29	L
43	30	L
43	31	-1
43	32	-1
43	33	L
43	34	L
43	35	L
43	36	L
43	37	-1
43	38	L
43	39	-1
43	40	L
43	41	-1
43	42	-1
43	43	-1
43	44	L
43	45	L
43	46	L
43	47	L
43	48	L
43	49	-1
43	50	-1
43	51	-1
43	52	L
43	53	L
43	54	L
43	55	-1
43	56	-1
43	57	-1
43	58	-1
43	59	L
43	60	L
43	61	L
43	62	L
43	63	-1
43	64	L
43	65	-1
43	66	L
43	67	-1
43	68	-1
43	69	-1
43	70	-1
43	71	U
43	72	L
43	73	L
43	74	L
43	75	L
43	76	-1
43	77	U
43	78	U
43	79	-1
43	80	L
43	81	L
43	82	-1
43	83	L
43	84	L
43	85	L
43	86	-1
43	87	-1
43	88	-1
43	89	L
43	90	L
43	91	-1
43	92	-1
43	93	L
43	94	L
43	95	L
43	96	L
43	97	L
43	98	-1
43	99	L
43	100	L
43	101	-1
43	102	-1
43	103	L
43	104	-1
43	105	L
43	106	L
43	107	-1
43	108	-1
43	109	-1
43	110	-1
43	111	L
43	112	L
43	113	L
43	114	L
43	115	-1
43	116	-1
43	117	L
43	118	L
43	119	-1
44	0	L
44	1	L
44	2	L
44	3	Lc
44	4	-1
44	5	-1
44	6	-1
44	7	-1
44	8	-1
44	9	-1
44	10	L
44	11	L
44	12	-1
44	13	-1
44	14	L
44	15	L
44	16	Lc
44	17	-1
44	18	Lc
44	19	Lc
44	20	-1
44	21	-1
44	22	-1
44	23	-1
44	24	-1
44	25	-1
44	26	L
44	27	-1
44	28	L
44	29	-1
44	30	L
44	31	-1
44	32	L
44	33	L
44	34	-1
44	35	L
44	36	L
44	37	-1
44	38	-1
44	39	-1
44	40	-1
44	41	-1
44	42	-1
44	43	-1
44	44	-1
44	45	-1
44	46	-1
44	47	-1
44	48	Lc
44	49	L
44	50	Lc
44	51	L
44	52	L
44	53	L
44	54	L
44	55	-1
44	56	L
44	57	L
44	58	L
44	59	-1
44	60	L
44	61	L
44	62	-1
44	63	-1
44	64	-1
44	65	L
44	66	L
44	67	L
44	68	-1
44	69	L
44	70	-1
44	71	-1
44	72	-1
44	73	L
44	74	L
44	75	-1
44	76	-1
44	77	L
44	78	U
44	79	-1
44	80	-1
44	81	L
44	82	-1
44	83	L
44	84	-1
44	85	-1
44	86	-1
44	87	-1
44	88	-1
44	89	-1
44	90	-1
44	91	-1
44	92	L
44	93	-1
44	94	L
44	95	L
44	96	L
44	97	-1
44	98	L
44	99	L
44	100	L
44	101	L
44	102	L
44	103	L
44	104	L
44	105	L
44	106	L
44	107	-1
44	108	-1
44	109	-1
44	110	-1
44	111	-1
44	112	L
44	113	-1
44	114	-1
44	115	L
44	116	L
44	117	-1
44	118	L
44	119	-1
45	0	L
45	1	L
45	2	-1
45	3	L
45	4	Lc
45	5	Lc
45	6	Lc
45	7	-1
45	8	-1
45	9	-1
45	10	Lc
45	11	L
45	12	L
45	13	L
45	14	L
45	15	L
45	16	-1
45	17	-1
45	18	-1
45	19	-1
45	20	-1
45	21	Lc
45	22	L
45	23	-1
45	24	L
45	25	L
45	26	L
45	27	-1
45	28	L
45	29	-1
45	30	L
45	31	L
45	32	L
45	33	-1
45	34	L
45	35	L
45	36	-1
45	37	-1
45	38	-1
45	39	-1
45	40	-1
45	41	L
45	42	-1
45	43	-1
45	44	-1
45	45	Lc
45	46	Lc
45	47	-1
45	48	L
45	49	L
45	50	Lc
45	51	-1
45	52	Lc
45	53	Lc
45	54	L
45	55	L
45	56	L
45	57	L
45	58	L
45	59	L
45	60	L
45	61	L
45	62	L
45	63	L
45	64	L
45	65	L
45	66	U
45	67	U
45	68	-1
45	69	L
45	70	-1
45	71	L
45	72	L
45	73	L
45	74	L
45	75	L
45	76	L
45	77	L
45	78	-1
45	79	-1
45	80	L
45	81	-1
45	82	L
45	83	-1
45	84	-1
45	85	-1
45	86	-1
45	87	L
45	88	L
45	89	-1
45	90	-1
45	91	-1
45	92	L
45	93	-1
45	94	L
45	95	-1
45	96	-1
45	97	L
45	98	-1
45	99	-1
45	100	-1
45	101	L
45	102	L
45	103	-1
45	104	-1
45	105	L
45	106	-1
45	107	L
45	108	-1
45	109	L
45	110	-1
45	111	-1
45	112	L
45	113	L
45	114	-1
45	115	L
45	116	L
45	117	L
45	118	-1
45	119	L
46	0	L
46	1	L
46	2	L
46	3	Lc
46	4	Lc
46	5	-1
46	6	-1
46	7	Lc
46	8	-1
46	9	-1
46	10	L
46	11	L
46	12	-1
46	13	L
46	14	Lc
46	15	L
46	16	-1
46	17	Lc
46	18	-1
46	19	-1
46	20	Lc
46	21	-1
46	22	L
46	23	L
46	24	-1
46	25	L
46	26	L
46	27	L
46	28	L
46	29	L
46	30	L
46	31	L
46	32	L
46	33	-1
46	34	-1
46	35	Lc
46	36	Lc
46	37	Lc
46	38	Lc
46	39	Lc
46	40	-1
46	41	Lc
46	42	L
46	43	-1
46	44	L
46	45	-1
46	46	-1
46	47	Lc
46	48	-1
46	49	L
46	50	-1
46	51	Lc
46	52	Lc
46	53	L
46	54	-1
46	55	-1
46	56	L
46	57	L
46	58	L
46	59	L
46	60	-1
46	61	-1
46	62	L
46	63	L
46	64	-1
46	65	L
46	66	U
46	67	-1
46	68	-1
46	69	L
46	70	L
46	71	L
46	72	L
46	73	-1
46	74	-1
46	75	-1
46	76	L
46	77	L
46	78	-1
46	79	-1
46	80	L
46	81	-1
46	82	-1
46	83	L
46	84	-1
46	85	-1
46	86	L
46	87	L
46	88	L
46	89	L
46	90	-1
46	91	-1
46	92	L
46	93	L
46	94	-1
46	95	L
46	96	-1
46	97	L
46	98	-1
46	99	-1
46	100	L
46	101	-1
46	102	L
46	103	L
46	104	-1
46	105	-1
46	106	-1
46	107	L
46	108	-1
46	109	L
46	110	-1
46	111	L
46	112	L
46	113	L
46	114	-1
46	115	L
46	116	L
46	117	L
46	118	L
46	119	-1
47	0	-1
47	1	L
47	2	-1
47	3	Lc
47	4	Lc
47	5	Lc
47	6	Lc
47	7	-1
47	8	-1
47	9	Lc
47	10	-1
47	11	-1
47	12	-1
47	13	L
47	14	L
47	15	Lc
47	16	-1
47	17	L
47	18	L
47	19	-1
47	20	L
47	21	-1
47	22	-1
47	23	-1
47	24	L
47	25	-1
47	26	L
47	27	L
47	28	L
47	29	L
47	30	L
47	31	-1
47	32	-1
47	33	L
47	34	Lc
47	35	-1
47	36	-1
47	37	Lc
47	38	Lc
47	39	Lc
47	40	Lc
47	41	Lc
47	42	-1
47	43	L
47	44	-1
47	45	Lc
47	46	-1
47	47	Lc
47	48	-1
47	49	Lc
47	50	-1
47	51	Lc
47	52	Lc
47	53	-1
47	54	L
47	55	-1
47	56	-1
47	57	L
47	58	L
47	59	-1
47	60	-1
47	61	L
47	62	L
47	63	L
47	64	-1
47	65	-1
47	66	-1
47	67	-1
47	68	-1
47	69	-1
47	70	-1
47	71	-1
47	72	L
47	73	-1
47	74	L
47	75	L
47	76	-1
47	77	-1
47	78	L
47	79	L
47	80	L
47	81	-1
47	82	-1
47	83	L
47	84	-1
47	85	-1
47	86	L
47	87	L
47	88	L
47	89	L
47	90	L
47	91	-1
47	92	-1
47	93	L
47	94	-1
47	95	L
47	96	-1
47	97	-1
47	98	-1
47	99	L
47	100	L
47	101	L
47	102	L
47	103	L
47	104	L
47	105	L
47	106	-1
47	107	-1
47	108	-1
47	109	-1
47	110	-1
47	111	L
47	112	L
47	113	L
47	114	-1
47	115	-1
47	116	-1
47	117	L
47	118	L
47	119	-1
48	0	-1
48	1	-1
48	2	L
48	3	L
48	4	Lc
48	5	Lc
48	6	Lc
48	7	-1
48	8	Lc
48	9	Lc
48	10	Lc
48	11	Lc
48	12	Lc
48	13	L
48	14	L
48	15	L
48	16	-1
48	17	-1
48	18	L
48	19	-1
48	20	-1
48	21	-1
48	22	L
48	23	L
48	24	-1
48	25	-1
48	26	Lc
48	27	-1
48	28	L
48	29	L
48	30	-1
48	31	L
48	32	-1
48	33	-1
48	34	Lc
48	35	Lc
48	36	Lc
48	37	-1
48	38	Lc
48	39	U
48	40	-1
48	41	Lc
48	42	Lc
48	43	-1
48	44	-1
48	45	-1
48	46	Lc
48	47	Lc
48	48	Lc
48	49	-1
48	50	-1
48	51	-1
48	52	Lc
48	53	-1
48	54	-1
48	55	-1
48	56	L
48	57	L
48	58	-1
48	59	L
48	60	L
48	61	L
48	62	L
48	63	L
48	64	-1
48	65	L
48	66	-1
48	67	-1
48	68	-1
48	69	-1
48	70	L
48	71	-1
48	72	L
48	73	-1
48	74	L
48	75	L
48	76	L
48	77	L
48	78	L
48	79	-1
48	80	L
48	81	-1
48	82	-1
48	83	L
48	84	L
48	85	-1
48	86	L
48	87	-1
48	88	L
48	89	L
48	90	-1
48	91	L
48	92	-1
48	93	L
48	94	L
48	95	-1
48	96	L
48	97	-1
48	98	L
48	99	L
48	100	L
48	101	-1
48	102	L
48	103	-1
48	104	L
48	105	L
48	106	-1
48	107	-1
48	108	-1
48	109	-1
48	110	-1
48	111	-1
48	112	L
48	113	-1
48	114	-1
48	115	L
48	116	L
48	117	L
48	118	L
48	119	-1
49	0	-1
49	1	L
49	2	L
49	3	-1
49	4	Lc
49	5	Lc
49	6	Lc
49	7	-1
49	8	-1
49	9	-1
49	10	-1
49	11	-1
49	12	-1
49	13	L
49	14	-1
49	15	L
49	16	-1
49	17	Lc
49	18	L
49	19	-1
49	20	-1
49	21	-1
49	22	L
49	23	-1
49	24	Lc
49	25	Lc
49	26	-1
49	27	Lc
49	28	-1
49	29	Lc
49	30	-1
49	31	-1
49	32	Lc
49	33	Lc
49	34	-1
49	35	Lc
49	36	-1
49	37	-1
49	38	-1
49	39	U
49	40	-1
49	41	-1
49	42	L
49	43	-1
49	44	L
49	45	-1
49	46	Lc
49	47	Lc
49	48	-1
49	49	-1
49	50	-1
49	51	-1
49	52	Lc
49	53	-1
49	54	L
49	55	L
49	56	L
49	57	L
49	58	L
49	59	L
49	60	L
49	61	L
49	62	L
49	63	L
49	64	L
49	65	-1
49	66	-1
49	67	U
49	68	U
49	69	-1
49	70	U
49	71	U
49	72	-1
49	73	-1
49	74	L
49	75	L
49	76	L
49	77	L
49	78	L
49	79	L
49	80	U
49	81	L
49	82	-1
49	83	L
49	84	-1
49	85	L
49	86	L
49	87	L
49	88	L
49	89	L
49	90	L
49	91	-1
49	92	L
49	93	L
49	94	L
49	95	-1
49	96	-1
49	97	L
49	98	-1
49	99	-1
49	100	L
49	101	L
49	102	L
49	103	L
49	104	L
49	105	-1
49	106	L
49	107	-1
49	108	-1
49	109	-1
49	110	L
49	111	-1
49	112	-1
49	113	-1
49	114	L
49	115	L
49	116	L
49	117	-1
49	118	-1
49	119	L
50	0	L
50	1	-1
50	2	-1
50	3	-1
50	4	-1
50	5	-1
50	6	Lc
50	7	Lc
50	8	-1
50	9	Lc
50	10	-1
50	11	Lc
50	12	-1
50	13	-1
50	14	L
50	15	L
50	16	Lc
50	17	Lc
50	18	L
50	19	L
50	20	-1
50	21	-1
50	22	-1
50	23	-1
50	24	-1
50	25	-1
50	26	Lc
50	27	-1
50	28	Lc
50	29	Lc
50	30	-1
50	31	Lc
50	32	-1
50	33	-1
50	34	-1
50	35	-1
50	36	-1
50	37	Lc
50	38	-1
50	39	-1
50	40	Lc
50	41	L
50	42	L
50	43	L
50	44	-1
50	45	L
50	46	-1
50	47	L
50	48	Lc
50	49	-1
50	50	-1
50	51	-1
50	52	Lc
50	53	Lc
50	54	-1
50	55	-1
50	56	L
50	57	-1
50	58	-1
50	59	L
50	60	-1
50	61	L
50	62	-1
50	63	-1
50	64	L
50	65	-1
50	66	U
50	67	-1
50	68	-1
50	69	U
50	70	-1
50	71	U
50	72	-1
50	73	-1
50	74	-1
50	75	-1
50	76	-1
50	77	U
50	78	U
50	79	-1
50	80	-1
50	81	U
50	82	-1
50	83	-1
50	84	L
50	85	-1
50	86	-1
50	87	-1
50	88	-1
50	89	L
50	90	-1
50	91	L
50	92	L
50	93	L
50	94	L
50	95	L
50	96	-1
50	97	-1
50	98	-1
50	99	-1
50	100	L
50	101	L
50	102	L
50	103	L
50	104	-1
50	105	-1
50	106	L
50	107	-1
50	108	-1
50	109	L
50	110	L
50	111	-1
50	112	-1
50	113	L
50	114	-1
50	115	-1
50	116	L
50	117	-1
50	118	L
50	119	-1
51	0	-1
51	1	Lc
51	2	-1
51	3	-1
51	4	Lc
51	5	-1
51	6	-1
51	7	Lc
51	8	Lc
51	9	-1
51	10	Lc
51	11	-1
51	12	L
51	13	L
51	14	L
51	15	L
51	16	L
51	17	-1
51	18	-1
51	19	L
51	20	L
51	21	-1
51	22	-1
51	23	-1
51	24	Lc
51	25	Lc
51	26	Lc
51	27	Lc
51	28	Lc
51	29	Lc
51	30	Lc
51	31	-1
51	32	Lc
51	33	-1
51	34	Lc
51	35	U
51	36	-1
51	37	-1
51	38	-1
51	39	-1
51	40	-1
51	41	Lc
51	42	L
51	43	L
51	44	L
51	45	-1
51	46	L
51	47	-1
51	48	-1
51	49	-1
51	50	-1
51	51	-1
51	52	-1
51	53	-1
51	54	-1
51	55	-1
51	56	-1
51	57	-1
51	58	L
51	59	L
51	60	-1
51	61	-1
51	62	-1
51	63	-1
51	64	-1
51	65	U
51	66	-1
51	67	-1
51	68	-1
51	69	U
51	70	U
51	71	U
51	72	L
51	73	L
51	74	L
51	75	-1
51	76	-1
51	77	L
51	78	-1
51	79	-1
51	80	-1
51	81	-1
51	82	-1
51	83	L
51	84	L
51	85	L
51	86	-1
51	87	L
51	88	L
51	89	L
51	90	-1
51	91	-1
51	92	L
51	93	L
51	94	L
51	95	L
51	96	L
51	97	-1
51	98	L
51	99	L
51	100	-1
51	101	L
51	102	-1
51	103	L
51	104	L
51	105	-1
51	106	L
51	107	L
51	108	L
51	109	L
51	110	-1
51	111	-1
51	112	L
51	113	L
51	114	L
51	115	L
51	116	L
51	117	L
51	118	-1
51	119	-1
52	0	L
52	1	-1
52	2	-1
52	3	L
52	4	L
52	5	L
52	6	-1
52	7	-1
52	8	-1
52	9	Lc
52	10	-1
52	11	Lc
52	12	L
52	13	L
52	14	-1
52	15	L
52	16	L
52	17	L
52	18	L
52	19	-1
52	20	-1
52	21	-1
52	22	Lc
52	23	-1
52	24	L
52	25	Lc
52	26	-1
52	27	Lc
52	28	Lc
52	29	Lc
52	30	-1
52	31	-1
52	32	-1
52	33	-1
52	34	U
52	35	U
52	36	-1
52	37	U
52	38	U
52	39	L
52	40	L
52	41	-1
52	42	-1
52	43	-1
52	44	-1
52	45	L
52	46	-1
52	47	-1
52	48	-1
52	49	-1
52	50	Lc
52	51	-1
52	52	-1
52	53	L
52	54	L
52	55	-1
52	56	-1
52	57	L
52	58	-1
52	59	L
52	60	L
52	61	-1
52	62	-1
52	63	L
52	64	L
52	65	U
52	66	-1
52	67	L
52	68	L
52	69	U
52	70	U
52	71	U
52	72	-1
52	73	L
52	74	-1
52	75	-1
52	76	-1
52	77	-1
52	78	L
52	79	-1
52	80	-1
52	81	U
52	82	-1
52	83	-1
52	84	L
52	85	-1
52	86	-1
52	87	L
52	88	-1
52	89	L
52	90	-1
52	91	-1
52	92	L
52	93	-1
52	94	-1
52	95	L
52	96	-1
52	97	-1
52	98	L
52	99	L
52	100	-1
52	101	-1
52	102	-1
52	103	L
52	104	L
52	105	L
52	106	-1
52	107	-1
52	108	-1
52	109	-1
52	110	-1
52	111	-1
52	112	-1
52	113	L
52	114	-1
52	115	L
52	116	-1
52	117	L
52	118	-1
52	119	-1
53	0	L
53	1	L
53	2	Lc
53	3	Lc
53	4	Lc
53	5	-1
53	6	Lc
53	7	-1
53	8	-1
53	9	L
53	10	-1
53	11	-1
53	12	L
53	13	L
53	14	-1
53	15	L
53	16	L
53	17	L
53	18	-1
53	19	L
53	20	-1
53	21	Lc
53	22	-1
53	23	-1
53	24	-1
53	25	-1
53	26	-1
53	27	-1
53	28	-1
53	29	-1
53	30	-1
53	31	U
53	32	U
53	33	-1
53	34	U
53	35	U
53	36	-1
53	37	U
53	38	-1
53	39	L
53	40	-1
53	41	-1
53	42	-1
53	43	L
53	44	L
53	45	-1
53	46	L
53	47	-1
53	48	-1
53	49	L
53	50	-1
53	51	Lc
53	52	-1
53	53	-1
53	54	L
53	55	L
53	56	-1
53	57	L
53	58	-1
53	59	-1
53	60	-1
53	61	-1
53	62	L
53	63	L
53	64	L
53	65	-1
53	66	-1
53	67	-1
53	68	U
53	69	U
53	70	U
53	71	-1
53	72	-1
53	73	-1
53	74	L
53	75	-1
53	76	L
53	77	L
53	78	L
53	79	L
53	80	L
53	81	L
53	82	L
53	83	-1
53	84	L
53	85	L
53	86	L
53	87	-1
53	88	L
53	89	-1
53	90	L
53	91	L
53	92	L
53	93	L
53	94	L
53	95	L
53	96	-1
53	97	-1
53	98	-1
53	99	-1
53	100	-1
53	101	L
53	102	L
53	103	-1
53	104	-1
53	105	-1
53	106	-1
53	107	L
53	108	L
53	109	L
53	110	L
53	111	-1
53	112	-1
53	113	-1
53	114	-1
53	115	-1
53	116	-1
53	117	-1
53	118	L
53	119	-1
54	0	-1
54	1	-1
54	2	-1
54	3	-1
54	4	-1
54	5	-1
54	6	-1
54	7	-1
54	8	-1
54	9	L
54	10	U
54	11	-1
54	12	-1
54	13	L
54	14	L
54	15	L
54	16	L
54	17	L
54	18	L
54	19	-1
54	20	-1
54	21	-1
54	22	Lc
54	23	-1
54	24	-1
54	25	L
54	26	-1
54	27	Lc
54	28	Lc
54	29	Lc
54	30	-1
54	31	U
54	32	-1
54	33	U
54	34	-1
54	35	-1
54	36	U
54	37	U
54	38	-1
54	39	-1
54	40	-1
54	41	-1
54	42	L
54	43	L
54	44	L
54	45	L
54	46	-1
54	47	L
54	48	-1
54	49	-1
54	50	-1
54	51	L
54	52	-1
54	53	L
54	54	L
54	55	L
54	56	L
54	57	L
54	58	L
54	59	L
54	60	L
54	61	L
54	62	-1
54	63	L
54	64	L
54	65	-1
54	66	-1
54	67	-1
54	68	-1
54	69	-1
54	70	U
54	71	-1
54	72	-1
54	73	-1
54	74	L
54	75	U
54	76	U
54	77	L
54	78	L
54	79	L
54	80	L
54	81	L
54	82	-1
54	83	L
54	84	L
54	85	L
54	86	-1
54	87	-1
54	88	-1
54	89	-1
54	90	-1
54	91	L
54	92	L
54	93	L
54	94	-1
54	95	L
54	96	-1
54	97	L
54	98	-1
54	99	L
54	100	-1
54	101	L
54	102	-1
54	103	-1
54	104	-1
54	105	L
54	106	-1
54	107	L
54	108	L
54	109	L
54	110	Lc
54	111	-1
54	112	Lc
54	113	-1
54	114	L
54	115	-1
54	116	L
54	117	L
54	118	-1
54	119	-1
55	0	L
55	1	L
55	2	L
55	3	L
55	4	-1
55	5	-1
55	6	L
55	7	L
55	8	-1
55	9	L
55	10	-1
55	11	-1
55	12	L
55	13	L
55	14	L
55	15	L
55	16	L
55	17	-1
55	18	L
55	19	-1
55	20	-1
55	21	-1
55	22	L
55	23	-1
55	24	Lc
55	25	Lc
55	26	Lc
55	27	-1
55	28	L
55	29	Lc
55	30	Lc
55	31	-1
55	32	U
55	33	-1
55	34	-1
55	35	U
55	36	-1
55	37	-1
55	38	U
55	39	-1
55	40	L
55	41	-1
55	42	-1
55	43	L
55	44	-1
55	45	L
55	46	L
55	47	L
55	48	L
55	49	-1
55	50	L
55	51	L
55	52	-1
55	53	L
55	54	L
55	55	L
55	56	L
55	57	L
55	58	L
55	59	L
55	60	L
55	61	L
55	62	-1
55	63	-1
55	64	L
55	65	-1
55	66	L
55	67	-1
55	68	-1
55	69	-1
55	70	-1
55	71	-1
55	72	-1
55	73	L
55	74	-1
55	75	L
55	76	L
55	77	L
55	78	L
55	79	L
55	80	L
55	81	-1
55	82	L
55	83	-1
55	84	-1
55	85	-1
55	86	L
55	87	L
55	88	L
55	89	L
55	90	L
55	91	-1
55	92	L
55	93	L
55	94	-1
55	95	L
55	96	L
55	97	-1
55	98	L
55	99	L
55	100	L
55	101	L
55	102	-1
55	103	L
55	104	-1
55	105	L
55	106	L
55	107	L
55	108	L
55	109	-1
55	110	L
55	111	Lc
55	112	-1
55	113	L
55	114	L
55	115	-1
55	116	-1
55	117	L
55	118	L
55	119	L
56	0	L
56	1	-1
56	2	-1
56	3	L
56	4	-1
56	5	-1
56	6	-1
56	7	-1
56	8	L
56	9	-1
56	10	-1
56	11	-1
56	12	-1
56	13	L
56	14	L
56	15	L
56	16	L
56	17	-1
56	18	-1
56	19	-1
56	20	-1
56	21	L
56	22	-1
56	23	L
56	24	-1
56	25	L
56	26	Lc
56	27	-1
56	28	L
56	29	Lc
56	30	-1
56	31	Lc
56	32	-1
56	33	U
56	34	Lc
56	35	-1
56	36	-1
56	37	-1
56	38	U
56	39	U
56	40	L
56	41	L
56	42	L
56	43	L
56	44	-1
56	45	L
56	46	L
56	47	L
56	48	-1
56	49	L
56	50	L
56	51	L
56	52	L
56	53	L
56	54	L
56	55	-1
56	56	L
56	57	-1
56	58	L
56	59	L
56	60	L
56	61	L
56	62	-1
56	63	-1
56	64	L
56	65	L
56	66	-1
56	67	U
56	68	-1
56	69	-1
56	70	-1
56	71	-1
56	72	-1
56	73	L
56	74	L
56	75	L
56	76	L
56	77	L
56	78	L
56	79	-1
56	80	-1
56	81	L
56	82	L
56	83	L
56	84	-1
56	85	-1
56	86	L
56	87	-1
56	88	L
56	89	L
56	90	-1
56	91	-1
56	92	L
56	93	-1
56	94	-1
56	95	-1
56	96	L
56	97	L
56	98	L
56	99	-1
56	100	L
56	101	-1
56	102	-1
56	103	-1
56	104	L
56	105	L
56	106	L
56	107	L
56	108	-1
56	109	-1
56	110	-1
56	111	-1
56	112	-1
56	113	L
56	114	-1
56	115	Lc
56	116	L
56	117	-1
56	118	L
56	119	-1
57	0	L
57	1	L
57	2	L
57	3	-1
57	4	-1
57	5	-1
57	6	-1
57	7	-1
57	8	-1
57	9	-1
57	10	-1
57	11	L
57	12	L
57	13	-1
57	14	L
57	15	L
57	16	L
57	17	-1
57	18	-1
57	19	L
57	20	L
57	21	-1
57	22	L
57	23	-1
57	24	L
57	25	L
57	26	Lc
57	27	L
57	28	L
57	29	-1
57	30	Lc
57	31	Lc
57	32	U
57	33	Lc
57	34	-1
57	35	-1
57	36	Lc
57	37	U
57	38	-1
57	39	U
57	40	U
57	41	-1
57	42	L
57	43	-1
57	44	L
57	45	L
57	46	L
57	47	-1
57	48	-1
57	49	-1
57	50	-1
57	51	L
57	52	L
57	53	L
57	54	-1
57	55	-1
57	56	-1
57	57	-1
57	58	L
57	59	L
57	60	-1
57	61	-1
57	62	-1
57	63	-1
57	64	L
57	65	L
57	66	L
57	67	-1
57	68	-1
57	69	-1
57	70	-1
57	71	L
57	72	-1
57	73	L
57	74	L
57	75	-1
57	76	-1
57	77	-1
57	78	L
57	79	-1
57	80	L
57	81	L
57	82	-1
57	83	L
57	84	-1
57	85	-1
57	86	L
57	87	-1
57	88	-1
57	89	L
57	90	L
57	91	L
57	92	-1
57	93	-1
57	94	-1
57	95	L
57	96	-1
57	97	-1
57	98	L
57	99	-1
57	100	L
57	101	L
57	102	-1
57	103	L
57	104	L
57	105	L
57	106	-1
57	107	-1
57	108	-1
57	109	-1
57	110	-1
57	111	Lc
57	112	Lc
57	113	-1
57	114	Uc
57	115	L
57	116	Lc
57	117	-1
57	118	L
57	119	-1
58	0	-1
58	1	-1
58	2	-1
58	3	-1
58	4	-1
58	5	-1
58	6	-1
58	7	-1
58	8	L
58	9	L
58	10	-1
58	11	-1
58	12	L
58	13	L
58	14	L
58	15	-1
58	16	-1
58	17	L
58	18	-1
58	19	L
58	20	-1
58	21	L
58	22	-1
58	23	-1
58	24	-1
58	25	L
58	26	Lc
58	27	L
58	28	L
58	29	-1
58	30	-1
58	31	-1
58	32	-1
58	33	-1
58	34	-1
58	35	-1
58	36	-1
58	37	U
58	38	Lc
58	39	L
58	40	-1
58	41	-1
58	42	-1
58	43	L
58	44	-1
58	45	-1
58	46	-1
58	47	L
58	48	-1
58	49	-1
58	50	-1
58	51	L
58	52	-1
58	53	L
58	54	L
58	55	L
58	56	-1
58	57	-1
58	58	L
58	59	-1
58	60	-1
58	61	L
58	62	-1
58	63	L
58	64	L
58	65	-1
58	66	-1
58	67	-1
58	68	L
58	69	-1
58	70	-1
58	71	L
58	72	L
58	73	L
58	74	-1
58	75	L
58	76	-1
58	77	L
58	78	-1
58	79	L
58	80	L
58	81	-1
58	82	L
58	83	-1
58	84	L
58	85	-1
58	86	L
58	87	L
58	88	-1
58	89	L
58	90	-1
58	91	-1
58	92	L
58	93	-1
58	94	L
58	95	L
58	96	-1
58	97	L
58	98	L
58	99	-1
58	100	L
58	101	-1
58	102	L
58	103	-1
58	104	L
58	105	L
58	106	L
58	107	-1
58	108	-1
58	109	L
58	110	L
58	111	-1
58	112	-1
58	113	-1
58	114	-1
58	115	Lc
58	116	-1
58	117	L
58	118	L
58	119	-1
59	0	L
59	1	-1
59	2	-1
59	3	U
59	4	U
59	5	U
59	6	L
59	7	-1
59	8	-1
59	9	L
59	10	-1
59	11	L
59	12	L
59	13	-1
59	14	L
59	15	L
59	16	-1
59	17	-1
59	18	-1
59	19	L
59	20	L
59	21	-1
59	22	L
59	23	-1
59	24	L
59	25	-1
59	26	-1
59	27	L
59	28	L
59	29	-1
59	30	-1
59	31	-1
59	32	-1
59	33	-1
59	34	-1
59	35	-1
59	36	Lc
59	37	Lc
59	38	-1
59	39	U
59	40	L
59	41	U
59	42	-1
59	43	U
59	44	L
59	45	-1
59	46	-1
59	47	L
59	48	Lc
59	49	L
59	50	L
59	51	-1
59	52	-1
59	53	L
59	54	-1
59	55	-1
59	56	-1
59	57	-1
59	58	U
59	59	U
59	60	U
59	61	-1
59	62	-1
59	63	L
59	64	-1
59	65	-1
59	66	L
59	67	-1
59	68	L
59	69	-1
59	70	L
59	71	-1
59	72	L
59	73	L
59	74	-1
59	75	L
59	76	L
59	77	L
59	78	L
59	79	L
59	80	-1
59	81	L
59	82	-1
59	83	-1
59	84	-1
59	85	-1
59	86	-1
59	87	-1
59	88	-1
59	89	-1
59	90	-1
59	91	-1
59	92	L
59	93	-1
59	94	-1
59	95	L
59	96	L
59	97	L
59	98	-1
59	99	L
59	100	-1
59	101	L
59	102	L
59	103	L
59	104	-1
59	105	L
59	106	L
59	107	L
59	108	L
59	109	-1
59	110	L
59	111	Lc
59	112	-1
59	113	-1
59	114	-1
59	115	L
59	116	-1
59	117	-1
59	118	-1
59	119	L
60	0	L
60	1	L
60	2	-1
60	3	U
60	4	U
60	5	U
60	6	L
60	7	L
60	8	-1
60	9	L
60	10	-1
60	11	-1
60	12	L
60	13	L
60	14	-1
60	15	-1
60	16	-1
60	17	-1
60	18	L
60	19	-1
60	20	-1
60	21	L
60	22	-1
60	23	-1
60	24	-1
60	25	-1
60	26	L
60	27	-1
60	28	L
60	29	-1
60	30	-1
60	31	-1
60	32	-1
60	33	-1
60	34	-1
60	35	Lc
60	36	Lc
60	37	L
60	38	-1
60	39	U
60	40	-1
60	41	-1
60	42	L
60	43	-1
60	44	-1
60	45	-1
60	46	-1
60	47	-1
60	48	L
60	49	L
60	50	L
60	51	-1
60	52	-1
60	53	-1
60	54	-1
60	55	U
60	56	-1
60	57	U
60	58	U
60	59	-1
60	60	-1
60	61	L
60	62	U
60	63	L
60	64	-1
60	65	-1
60	66	-1
60	67	L
60	68	L
60	69	L
60	70	L
60	71	-1
60	72	L
60	73	L
60	74	L
60	75	L
60	76	L
60	77	-1
60	78	-1
60	79	L
60	80	L
60	81	-1
60	82	L
60	83	L
60	84	-1
60	85	-1
60	86	-1
60	87	-1
60	88	-1
60	89	L
60	90	L
60	91	-1
60	92	L
60	93	L
60	94	L
60	95	L
60	96	-1
60	97	-1
60	98	L
60	99	L
60	100	-1
60	101	-1
60	102	-1
60	103	-1
60	104	L
60	105	-1
60	106	-1
60	107	-1
60	108	L
60	109	L
60	110	Lc
60	111	Lc
60	112	Lc
60	113	Lc
60	114	Lc
60	115	L
60	116	L
60	117	L
60	118	L
60	119	-1
61	0	L
61	1	-1
61	2	U
61	3	U
61	4	-1
61	5	-1
61	6	-1
61	7	-1
61	8	L
61	9	-1
61	10	L
61	11	-1
61	12	L
61	13	L
61	14	L
61	15	-1
61	16	L
61	17	-1
61	18	L
61	19	L
61	20	-1
61	21	-1
61	22	-1
61	23	-1
61	24	L
61	25	L
61	26	L
61	27	L
61	28	L
61	29	L
61	30	-1
61	31	-1
61	32	-1
61	33	-1
61	34	L
61	35	-1
61	36	-1
61	37	-1
61	38	L
61	39	-1
61	40	U
61	41	U
61	42	-1
61	43	L
61	44	L
61	45	-1
61	46	L
61	47	-1
61	48	-1
61	49	L
61	50	-1
61	51	L
61	52	L
61	53	L
61	54	L
61	55	U
61	56	U
61	57	-1
61	58	-1
61	59	-1
61	60	-1
61	61	U
61	62	U
61	63	-1
61	64	-1
61	65	L
61	66	L
61	67	-1
61	68	L
61	69	L
61	70	-1
61	71	L
61	72	-1
61	73	-1
61	74	-1
61	75	-1
61	76	-1
61	77	-1
61	78	L
61	79	L
61	80	L
61	81	-1
61	82	L
61	83	L
61	84	-1
61	85	-1
61	86	-1
61	87	L
61	88	-1
61	89	L
61	90	-1
61	91	L
61	92	L
61	93	-1
61	94	-1
61	95	-1
61	96	L
61	97	-1
61	98	L
61	99	L
61	100	-1
61	101	L
61	102	L
61	103	-1
61	104	L
61	105	L
61	106	-1
61	107	-1
61	108	L
61	109	L
61	110	L
61	111	-1
61	112	Lc
61	113	-1
61	114	Lc
61	115	Lc
61	116	L
61	117	L
61	118	L
61	119	-1
62	0	L
62	1	-1
62	2	-1
62	3	U
62	4	L
62	5	L
62	6	-1
62	7	-1
62	8	L
62	9	L
62	10	-1
62	11	-1
62	12	-1
62	13	L
62	14	L
62	15	-1
62	16	-1
62	17	L
62	18	L
62	19	L
62	20	-1
62	21	L
62	22	-1
62	23	-1
62	24	L
62	25	L
62	26	-1
62	27	L
62	28	L
62	29	-1
62	30	-1
62	31	-1
62	32	L
62	33	-1
62	34	L
62	35	L
62	36	Lc
62	37	Lc
62	38	-1
62	39	-1
62	40	-1
62	41	-1
62	42	-1
62	43	-1
62	44	-1
62	45	-1
62	46	-1
62	47	Lc
62	48	L
62	49	-1
62	50	-1
62	51	-1
62	52	-1
62	53	L
62	54	-1
62	55	-1
62	56	-1
62	57	-1
62	58	L
62	59	L
62	60	-1
62	61	L
62	62	L
62	63	L
62	64	-1
62	65	L
62	66	L
62	67	L
62	68	-1
62	69	L
62	70	L
62	71	L
62	72	-1
62	73	-1
62	74	-1
62	75	-1
62	76	-1
62	77	L
62	78	-1
62	79	L
62	80	-1
62	81	L
62	82	L
62	83	-1
62	84	-1
62	85	L
62	86	L
62	87	L
62	88	L
62	89	L
62	90	L
62	91	L
62	92	L
62	93	L
62	94	L
62	95	-1
62	96	L
62	97	L
62	98	-1
62	99	-1
62	100	-1
62	101	-1
62	102	-1
62	103	-1
62	104	-1
62	105	L
62	106	L
62	107	-1
62	108	L
62	109	L
62	110	-1
62	111	-1
62	112	Lc
62	113	Lc
62	114	-1
62	115	Lc
62	116	L
62	117	L
62	118	L
62	119	L
63	0	-1
63	1	-1
63	2	-1
63	3	L
63	4	L
63	5	L
63	6	-1
63	7	L
63	8	-1
63	9	L
63	10	-1
63	11	-1
63	12	-1
63	13	-1
63	14	L
63	15	L
63	16	L
63	17	L
63	18	-1
63	19	-1
63	20	L
63	21	-1
63	22	L
63	23	L
63	24	L
63	25	-1
63	26	-1
63	27	-1
63	28	-1
63	29	L
63	30	-1
63	31	-1
63	32	L
63	33	-1
63	34	Lc
63	35	-1
63	36	-1
63	37	-1
63	38	L
63	39	-1
63	40	-1
63	41	L
63	42	-1
63	43	L
63	44	L
63	45	L
63	46	L
63	47	-1
63	48	L
63	49	L
63	50	L
63	51	L
63	52	-1
63	53	L
63	54	-1
63	55	L
63	56	L
63	57	-1
63	58	L
63	59	L
63	60	L
63	61	L
63	62	-1
63	63	-1
63	64	-1
63	65	-1
63	66	-1
63	67	L
63	68	L
63	69	-1
63	70	-1
63	71	-1
63	72	-1
63	73	-1
63	74	-1
63	75	-1
63	76	L
63	77	-1
63	78	-1
63	79	L
63	80	-1
63	81	-1
63	82	-1
63	83	L
63	84	L
63	85	-1
63	86	L
63	87	-1
63	88	L
63	89	-1
63	90	-1
63	91	-1
63	92	L
63	93	L
63	94	L
63	95	L
63	96	-1
63	97	L
63	98	-1
63	99	-1
63	100	-1
63	101	L
63	102	-1
63	103	-1
63	104	L
63	105	-1
63	106	L
63	107	-1
63	108	L
63	109	L
63	110	-1
63	111	-1
63	112	-1
63	113	-1
63	114	Uc
63	115	Uc
63	116	-1
63	117	-1
63	118	-1
63	119	-1
64	0	-1
64	1	L
64	2	L
64	3	L
64	4	-1
64	5	L
64	6	L
64	7	-1
64	8	-1
64	9	-1
64	10	-1
64	11	L
64	12	L
64	13	L
64	14	-1
64	15	-1
64	16	L
64	17	L
64	18	L
64	19	L
64	20	-1
64	21	-1
64	22	L
64	23	L
64	24	-1
64	25	-1
64	26	-1
64	27	-1
64	28	-1
64	29	-1
64	30	L
64	31	L
64	32	L
64	33	Lc
64	34	-1
64	35	-1
64	36	-1
64	37	L
64	38	L
64	39	L
64	40	-1
64	41	L
64	42	-1
64	43	L
64	44	L
64	45	L
64	46	L
64	47	L
64	48	L
64	49	-1
64	50	-1
64	51	L
64	52	L
64	53	-1
64	54	L
64	55	-1
64	56	L
64	57	-1
64	58	-1
64	59	-1
64	60	-1
64	61	L
64	62	L
64	63	-1
64	64	-1
64	65	L
64	66	-1
64	67	L
64	68	-1
64	69	L
64	70	L
64	71	L
64	72	L
64	73	L
64	74	L
64	75	L
64	76	L
64	77	-1
64	78	-1
64	79	L
64	80	-1
64	81	L
64	82	-1
64	83	L
64	84	-1
64	85	L
64	86	-1
64	87	-1
64	88	-1
64	89	L
64	90	L
64	91	L
64	92	-1
64	93	-1
64	94	L
64	95	L
64	96	L
64	97	-1
64	98	-1
64	99	L
64	100	-1
64	101	L
64	102	-1
64	103	-1
64	104	-1
64	105	-1
64	106	L
64	107	-1
64	108	Lc
64	109	-1
64	110	-1
64	111	-1
64	112	Lc
64	113	-1
64	114	-1
64	115	Uc
64	116	-1
64	117	-1
64	118	L
64	119	-1
65	0	-1
65	1	L
65	2	L
65	3	L
65	4	L
65	5	L
65	6	L
65	7	L
65	8	L
65	9	L
65	10	L
65	11	L
65	12	L
65	13	-1
65	14	L
65	15	L
65	16	L
65	17	-1
65	18	L
65	19	L
65	20	L
65	21	-1
65	22	-1
65	23	-1
65	24	L
65	25	-1
65	26	L
65	27	-1
65	28	-1
65	29	-1
65	30	-1
65	31	-1
65	32	L
65	33	L
65	34	L
65	35	L
65	36	L
65	37	-1
65	38	L
65	39	L
65	40	L
65	41	L
65	42	L
65	43	-1
65	44	L
65	45	-1
65	46	-1
65	47	-1
65	48	L
65	49	L
65	50	L
65	51	L
65	52	-1
65	53	L
65	54	-1
65	55	-1
65	56	-1
65	57	L
65	58	L
65	59	L
65	60	L
65	61	-1
65	62	-1
65	63	-1
65	64	-1
65	65	-1
65	66	L
65	67	L
65	68	L
65	69	L
65	70	-1
65	71	-1
65	72	-1
65	73	L
65	74	L
65	75	-1
65	76	L
65	77	L
65	78	-1
65	79	-1
65	80	L
65	81	L
65	82	L
65	83	L
65	84	L
65	85	L
65	86	L
65	87	L
65	88	-1
65	89	-1
65	90	L
65	91	-1
65	92	-1
65	93	L
65	94	L
65	95	L
65	96	L
65	97	L
65	98	-1
65	99	L
65	100	-1
65	101	-1
65	102	-1
65	103	-1
65	104	-1
65	105	-1
65	106	-1
65	107	-1
65	108	-1
65	109	-1
65	110	-1
65	111	Uc
65	112	-1
65	113	-1
65	114	-1
65	115	Uc
65	116	-1
65	117	-1
65	118	-1
65	119	L
66	0	-1
66	1	-1
66	2	L
66	3	L
66	4	L
66	5	L
66	6	-1
66	7	L
66	8	-1
66	9	-1
66	10	U
66	11	U
66	12	-1
66	13	-1
66	14	L
66	15	L
66	16	L
66	17	L
66	18	-1
66	19	L
66	20	L
66	21	-1
66	22	-1
66	23	-1
66	24	-1
66	25	L
66	26	-1
66	27	L
66	28	-1
66	29	L
66	30	L
66	31	-1
66	32	-1
66	33	-1
66	34	L
66	35	-1
66	36	-1
66	37	-1
66	38	L
66	39	L
66	40	-1
66	41	L
66	42	-1
66	43	L
66	44	L
66	45	L
66	46	-1
66	47	L
66	48	L
66	49	L
66	50	-1
66	51	L
66	52	L
66	53	-1
66	54	L
66	55	L
66	56	L
66	57	-1
66	58	L
66	59	L
66	60	L
66	61	L
66	62	L
66	63	-1
66	64	L
66	65	L
66	66	L
66	67	L
66	68	-1
66	69	L
66	70	L
66	71	-1
66	72	-1
66	73	L
66	74	L
66	75	-1
66	76	L
66	77	L
66	78	L
66	79	L
66	80	-1
66	81	L
66	82	L
66	83	-1
66	84	-1
66	85	-1
66	86	-1
66	87	L
66	88	-1
66	89	L
66	90	L
66	91	-1
66	92	-1
66	93	-1
66	94	-1
66	95	L
66	96	L
66	97	L
66	98	-1
66	99	L
66	100	-1
66	101	-1
66	102	-1
66	103	L
66	104	L
66	105	L
66	106	Lc
66	107	L
66	108	-1
66	109	-1
66	110	Uc
66	111	-1
66	112	Uc
66	113	-1
66	114	Uc
66	115	-1
66	116	-1
66	117	-1
66	118	L
66	119	-1
67	0	L
67	1	-1
67	2	L
67	3	L
67	4	L
67	5	L
67	6	-1
67	7	L
67	8	-1
67	9	-1
67	10	U
67	11	-1
67	12	-1
67	13	-1
67	14	-1
67	15	L
67	16	L
67	17	L
67	18	L
67	19	-1
67	20	L
67	21	-1
67	22	-1
67	23	-1
67	24	L
67	25	-1
67	26	L
67	27	-1
67	28	-1
67	29	-1
67	30	L
67	31	L
67	32	L
67	33	-1
67	34	L
67	35	L
67	36	L
67	37	-1
67	38	-1
67	39	L
67	40	-1
67	41	-1
67	42	L
67	43	-1
67	44	L
67	45	L
67	46	L
67	47	L
67	48	-1
67	49	-1
67	50	-1
67	51	-1
67	52	L
67	53	L
67	54	-1
67	55	-1
67	56	-1
67	57	L
67	58	L
67	59	-1
67	60	L
67	61	L
67	62	-1
67	63	-1
67	64	U
67	65	-1
67	66	-1
67	67	L
67	68	L
67	69	-1
67	70	L
67	71	L
67	72	-1
67	73	L
67	74	L
67	75	-1
67	76	-1
67	77	-1
67	78	-1
67	79	-1
67	80	-1
67	81	-1
67	82	L
67	83	L
67	84	L
67	85	-1
67	86	L
67	87	L
67	88	L
67	89	L
67	90	-1
67	91	-1
67	92	L
67	93	-1
67	94	-1
67	95	L
67	96	-1
67	97	L
67	98	Lp
67	99	L
67	100	Lp
67	101	L
67	102	L
67	103	L
67	104	Lc
67	105	-1
67	106	-1
67	107	-1
67	108	-1
67	109	-1
67	110	Uc
67	111	-1
67	112	-1
67	113	-1
67	114	L
67	115	L
67	116	Lc
67	117	L
67	118	L
67	119	L
68	0	L
68	1	L
68	2	-1
68	3	-1
68	4	L
68	5	-1
68	6	-1
68	7	-1
68	8	L
68	9	L
68	10	L
68	11	-1
68	12	Lp
68	13	-1
68	14	Lp
68	15	-1
68	16	L
68	17	L
68	18	L
68	19	-1
68	20	L
68	21	-1
68	22	-1
68	23	-1
68	24	-1
68	25	L
68	26	L
68	27	-1
68	28	L
68	29	L
68	30	L
68	31	-1
68	32	-1
68	33	L
68	34	L
68	35	L
68	36	L
68	37	L
68	38	L
68	39	L
68	40	-1
68	41	-1
68	42	L
68	43	L
68	44	-1
68	45	-1
68	46	L
68	47	-1
68	48	-1
68	49	-1
68	50	U
68	51	-1
68	52	L
68	53	-1
68	54	L
68	55	L
68	56	-1
68	57	L
68	58	L
68	59	-1
68	60	L
68	61	L
68	62	-1
68	63	L
68	64	L
68	65	-1
68	66	-1
68	67	-1
68	68	L
68	69	-1
68	70	L
68	71	-1
68	72	-1
68	73	L
68	74	L
68	75	-1
68	76	-1
68	77	L
68	78	-1
68	79	L
68	80	-1
68	81	-1
68	82	-1
68	83	L
68	84	L
68	85	-1
68	86	-1
68	87	-1
68	88	L
68	89	-1
68	90	-1
68	91	Lp
68	92	Lp
68	93	Lp
68	94	-1
68	95	L
68	96	L
68	97	Lp
68	98	L
68	99	Lp
68	100	L
68	101	-1
68	102	-1
68	103	L
68	104	-1
68	105	-1
68	106	Lc
68	107	Lc
68	108	-1
68	109	-1
68	110	-1
68	111	-1
68	112	Uc
68	113	-1
68	114	-1
68	115	-1
68	116	Lc
68	117	-1
68	118	-1
68	119	-1
69	0	-1
69	1	-1
69	2	L
69	3	L
69	4	L
69	5	L
69	6	L
69	7	L
69	8	L
69	9	-1
69	10	-1
69	11	L
69	12	Lp
69	13	Lp
69	14	U
69	15	U
69	16	-1
69	17	-1
69	18	L
69	19	-1
69	20	-1
69	21	-1
69	22	-1
69	23	L
69	24	-1
69	25	-1
69	26	L
69	27	L
69	28	L
69	29	L
69	30	-1
69	31	L
69	32	L
69	33	L
69	34	L
69	35	-1
69	36	L
69	37	L
69	38	L
69	39	L
69	40	L
69	41	-1
69	42	-1
69	43	L
69	44	-1
69	45	L
69	46	L
69	47	L
69	48	-1
69	49	-1
69	50	U
69	51	U
69	52	-1
69	53	L
69	54	-1
69	55	-1
69	56	L
69	57	L
69	58	-1
69	59	-1
69	60	-1
69	61	L
69	62	L
69	63	L
69	64	-1
69	65	L
69	66	L
69	67	-1
69	68	L
69	69	L
69	70	-1
69	71	-1
69	72	-1
69	73	-1
69	74	-1
69	75	-1
69	76	L
69	77	L
69	78	-1
69	79	-1
69	80	L
69	81	-1
69	82	-1
69	83	L
69	84	L
69	85	L
69	86	L
69	87	-1
69	88	-1
69	89	-1
69	90	-1
69	91	Lp
69	92	Lp
69	93	Lp
69	94	-1
69	95	-1
69	96	-1
69	97	Lp
69	98	L
69	99	L
69	100	-1
69	101	L
69	102	-1
69	103	-1
69	104	-1
69	105	Lc
69	106	Lc
69	107	-1
69	108	-1
69	109	L
69	110	-1
69	111	-1
69	112	L
69	113	L
69	114	L
69	115	Lc
69	116	Lc
69	117	-1
69	118	Lc
69	119	L
70	0	L
70	1	L
70	2	L
70	3	L
70	4	-1
70	5	L
70	6	L
70	7	L
70	8	L
70	9	-1
70	10	-1
70	11	-1
70	12	-1
70	13	-1
70	14	U
70	15	-1
70	16	-1
70	17	-1
70	18	-1
70	19	-1
70	20	-1
70	21	-1
70	22	-1
70	23	-1
70	24	-1
70	25	-1
70	26	L
70	27	L
70	28	L
70	29	-1
70	30	L
70	31	-1
70	32	-1
70	33	L
70	34	L
70	35	-1
70	36	-1
70	37	L
70	38	L
70	39	-1
70	40	L
70	41	-1
70	42	L
70	43	-1
70	44	L
70	45	L
70	46	-1
70	47	-1
70	48	-1
70	49	L
70	50	U
70	51	-1
70	52	L
70	53	L
70	54	L
70	55	-1
70	56	L
70	57	L
70	58	-1
70	59	L
70	60	-1
70	61	-1
70	62	L
70	63	L
70	64	L
70	65	-1
70	66	-1
70	67	-1
70	68	-1
70	69	L
70	70	L
70	71	-1
70	72	L
70	73	-1
70	74	L
70	75	-1
70	76	L
70	77	L
70	78	L
70	79	-1
70	80	-1
70	81	-1
70	82	-1
70	83	L
70	84	L
70	85	-1
70	86	-1
70	87	L
70	88	-1
70	89	-1
70	90	-1
70	91	Lp
70	92	-1
70	93	Lp
70	94	Lp
70	95	Lp
70	96	Lp
70	97	Lp
70	98	L
70	99	L
70	100	-1
70	101	-1
70	102	-1
70	103	-1
70	104	L
70	105	L
70	106	-1
70	107	U
70	108	U
70	109	-1
70	110	-1
70	111	L
70	112	L
70	113	L
70	114	L
70	115	-1
70	116	-1
70	117	-1
70	118	-1
70	119	L
71	0	Lc
71	1	-1
71	2	-1
71	3	L
71	4	L
71	5	L
71	6	-1
71	7	L
71	8	L
71	9	L
71	10	L
71	11	Lp
71	12	L
71	13	-1
71	14	-1
71	15	U
71	16	-1
71	17	-1
71	18	-1
71	19	-1
71	20	-1
71	21	U
71	22	L
71	23	L
71	24	L
71	25	-1
71	26	L
71	27	-1
71	28	-1
71	29	L
71	30	-1
71	31	-1
71	32	L
71	33	L
71	34	L
71	35	L
71	36	-1
71	37	L
71	38	-1
71	39	-1
71	40	-1
71	41	L
71	42	-1
71	43	-1
71	44	-1
71	45	L
71	46	-1
71	47	-1
71	48	L
71	49	L
71	50	-1
71	51	U
71	52	L
71	53	L
71	54	-1
71	55	L
71	56	L
71	57	-1
71	58	-1
71	59	-1
71	60	L
71	61	L
71	62	-1
71	63	-1
71	64	-1
71	65	L
71	66	L
71	67	-1
71	68	L
71	69	L
71	70	-1
71	71	L
71	72	-1
71	73	-1
71	74	L
71	75	L
71	76	L
71	77	L
71	78	L
71	79	L
71	80	L
71	81	-1
71	82	L
71	83	L
71	84	L
71	85	L
71	86	-1
71	87	-1
71	88	L
71	89	-1
71	90	-1
71	91	-1
71	92	-1
71	93	L
71	94	Lp
71	95	Lp
71	96	Lp
71	97	-1
71	98	L
71	99	L
71	100	-1
71	101	-1
71	102	-1
71	103	L
71	104	L
71	105	-1
71	106	L
71	107	L
71	108	U
71	109	L
71	110	L
71	111	-1
71	112	L
71	113	L
71	114	Lc
71	115	-1
71	116	Lc
71	117	-1
71	118	Lc
71	119	L
72	0	-1
72	1	-1
72	2	Lc
72	3	-1
72	4	L
72	5	-1
72	6	L
72	7	-1
72	8	L
72	9	-1
72	10	L
72	11	-1
72	12	-1
72	13	Lp
72	14	-1
72	15	L
72	16	-1
72	17	-1
72	18	L
72	19	L
72	20	U
72	21	-1
72	22	U
72	23	-1
72	24	-1
72	25	-1
72	26	L
72	27	L
72	28	-1
72	29	-1
72	30	L
72	31	-1
72	32	-1
72	33	-1
72	34	L
72	35	L
72	36	L
72	37	-1
72	38	L
72	39	L
72	40	L
72	41	-1
72	42	-1
72	43	-1
72	44	-1
72	45	-1
72	46	L
72	47	L
72	48	L
72	49	L
72	50	L
72	51	L
72	52	-1
72	53	L
72	54	L
72	55	L
72	56	L
72	57	L
72	58	-1
72	59	L
72	60	-1
72	61	-1
72	62	L
72	63	-1
72	64	L
72	65	-1
72	66	L
72	67	-1
72	68	-1
72	69	-1
72	70	-1
72	71	-1
72	72	-1
72	73	-1
72	74	L
72	75	L
72	76	-1
72	77	-1
72	78	L
72	79	L
72	80	-1
72	81	L
72	82	L
72	83	L
72	84	L
72	85	L
72	86	L
72	87	-1
72	88	-1
72	89	L
72	90	L
72	91	-1
72	92	L
72	93	L
72	94	Lp
72	95	-1
72	96	-1
72	97	L
72	98	-1
72	99	L
72	100	L
72	101	-1
72	102	L
72	103	L
72	104	L
72	105	L
72	106	L
72	107	L
72	108	L
72	109	-1
72	110	-1
72	111	-1
72	112	L
72	113	-1
72	114	-1
72	115	Lc
72	116	Lc
72	117	Lc
72	118	L
72	119	-1
73	0	-1
73	1	Lc
73	2	-1
73	3	L
73	4	-1
73	5	L
73	6	-1
73	7	-1
73	8	L
73	9	-1
73	10	Lp
73	11	-1
73	12	Lp
73	13	-1
73	14	-1
73	15	-1
73	16	-1
73	17	U
73	18	L
73	19	U
73	20	L
73	21	-1
73	22	-1
73	23	-1
73	24	-1
73	25	L
73	26	L
73	27	-1
73	28	-1
73	29	-1
73	30	L
73	31	L
73	32	-1
73	33	-1
73	34	L
73	35	-1
73	36	-1
73	37	-1
73	38	-1
73	39	-1
73	40	L
73	41	-1
73	42	-1
73	43	-1
73	44	-1
73	45	-1
73	46	L
73	47	-1
73	48	L
73	49	L
73	50	L
73	51	L
73	52	L
73	53	-1
73	54	-1
73	55	L
73	56	L
73	57	-1
73	58	-1
73	59	L
73	60	L
73	61	L
73	62	L
73	63	L
73	64	-1
73	65	L
73	66	L
73	67	L
73	68	-1
73	69	L
73	70	L
73	71	L
73	72	-1
73	73	L
73	74	L
73	75	-1
73	76	L
73	77	L
73	78	-1
73	79	L
73	80	-1
73	81	-1
73	82	-1
73	83	L
73	84	L
73	85	-1
73	86	-1
73	87	-1
73	88	-1
73	89	L
73	90	L
73	91	L
73	92	L
73	93	-1
73	94	-1
73	95	-1
73	96	-1
73	97	-1
73	98	L
73	99	L
73	100	L
73	101	L
73	102	-1
73	103	L
73	104	L
73	105	-1
73	106	L
73	107	L
73	108	L
73	109	L
73	110	L
73	111	-1
73	112	L
73	113	-1
73	114	Lc
73	115	-1
73	116	Lc
73	117	-1
73	118	-1
73	119	-1
74	0	-1
74	1	Lc
74	2	-1
74	3	L
74	4	L
74	5	L
74	6	-1
74	7	L
74	8	-1
74	9	-1
74	10	-1
74	11	Lp
74	12	Lp
74	13	Lp
74	14	-1
74	15	L
74	16	L
74	17	-1
74	18	-1
74	19	L
74	20	-1
74	21	-1
74	22	-1
74	23	L
74	24	-1
74	25	L
74	26	-1
74	27	L
74	28	L
74	29	-1
74	30	-1
74	31	L
74	32	L
74	33	L
74	34	L
74	35	L
74	36	L
74	37	L
74	38	-1
74	39	L
74	40	-1
74	41	-1
74	42	-1
74	43	L
74	44	L
74	45	-1
74	46	L
74	47	-1
74	48	-1
74	49	L
74	50	U
74	51	U
74	52	-1
74	53	L
74	54	-1
74	55	L
74	56	-1
74	57	L
74	58	-1
74	59	L
74	60	L
74	61	-1
74	62	L
74	63	L
74	64	L
74	65	L
74	66	L
74	67	L
74	68	-1
74	69	-1
74	70	L
74	71	L
74	72	L
74	73	-1
74	74	-1
74	75	L
74	76	-1
74	77	L
74	78	L
74	79	-1
74	80	-1
74	81	L
74	82	L
74	83	L
74	84	L
74	85	-1
74	86	L
74	87	-1
74	88	-1
74	89	-1
74	90	L
74	91	-1
74	92	-1
74	93	L
74	94	-1
74	95	L
74	96	L
74	97	-1
74	98	-1
74	99	-1
74	100	L
74	101	-1
74	102	L
74	103	L
74	104	-1
74	105	L
74	106	L
74	107	L
74	108	-1
74	109	L
74	110	-1
74	111	L
74	112	-1
74	113	Lc
74	114	Lc
74	115	-1
74	116	-1
74	117	-1
74	118	-1
74	119	Lc
75	0	-1
75	1	-1
75	2	Lc
75	3	L
75	4	L
75	5	L
75	6	L
75	7	L
75	8	L
75	9	-1
75	10	-1
75	11	Lp
75	12	-1
75	13	-1
75	14	-1
75	15	-1
75	16	L
75	17	-1
75	18	-1
75	19	-1
75	20	L
75	21	-1
75	22	-1
75	23	L
75	24	L
75	25	-1
75	26	L
75	27	-1
75	28	L
75	29	-1
75	30	-1
75	31	-1
75	32	U
75	33	L
75	34	L
75	35	L
75	36	L
75	37	-1
75	38	L
75	39	-1
75	40	L
75	41	L
75	42	L
75	43	L
75	44	L
75	45	L
75	46	L
75	47	L
75	48	-1
75	49	L
75	50	U
75	51	-1
75	52	-1
75	53	L
75	54	-1
75	55	-1
75	56	-1
75	57	-1
75	58	L
75	59	L
75	60	L
75	61	L
75	62	-1
75	63	L
75	64	L
75	65	-1
75	66	L
75	67	L
75	68	-1
75	69	L
75	70	L
75	71	-1
75	72	-1
75	73	-1
75	74	L
75	75	L
75	76	L
75	77	L
75	78	L
75	79	L
75	80	-1
75	81	-1
75	82	L
75	83	-1
75	84	L
75	85	L
75	86	L
75	87	L
75	88	L
75	89	-1
75	90	-1
75	91	L
75	92	-1
75	93	-1
75	94	-1
75	95	-1
75	96	-1
75	97	-1
75	98	-1
75	99	-1
75	100	-1
75	101	-1
75	102	-1
75	103	L
75	104	-1
75	105	-1
75	106	-1
75	107	L
75	108	L
75	109	-1
75	110	-1
75	111	-1
75	112	-1
75	113	-1
75	114	-1
75	115	-1
75	116	-1
75	117	Lc
75	118	L
75	119	Lc
76	0	-1
76	1	L
76	2	-1
76	3	-1
76	4	L
76	5	L
76	6	L
76	7	L
76	8	-1
76	9	-1
76	10	-1
76	11	-1
76	12	Lp
76	13	-1
76	14	L
76	15	L
76	16	L
76	17	-1
76	18	-1
76	19	L
76	20	L
76	21	-1
76	22	-1
76	23	-1
76	24	L
76	25	L
76	26	-1
76	27	L
76	28	-1
76	29	L
76	30	-1
76	31	-1
76	32	-1
76	33	L
76	34	-1
76	35	-1
76	36	L
76	37	L
76	38	-1
76	39	L
76	40	L
76	41	L
76	42	L
76	43	L
76	44	L
76	45	L
76	46	-1
76	47	L
76	48	L
76	49	-1
76	50	-1
76	51	L
76	52	-1
76	53	L
76	54	L
76	55	-1
76	56	-1
76	57	-1
76	58	L
76	59	-1
76	60	L
76	61	L
76	62	-1
76	63	-1
76	64	L
76	65	L
76	66	L
76	67	L
76	68	L
76	69	-1
76	70	-1
76	71	-1
76	72	L
76	73	-1
76	74	-1
76	75	L
76	76	L
76	77	L
76	78	L
76	79	-1
76	80	-1
76	81	L
76	82	L
76	83	L
76	84	L
76	85	L
76	86	L
76	87	-1
76	88	-1
76	89	-1
76	90	-1
76	91	-1
76	92	L
76	93	L
76	94	L
76	95	-1
76	96	-1
76	97	-1
76	98	L
76	99	-1
76	100	-1
76	101	L
76	102	-1
76	103	L
76	104	L
76	105	-1
76	106	L
76	107	L
76	108	L
76	109	L
76	110	-1
76	111	-1
76	112	-1
76	113	-1
76	114	-1
76	115	-1
76	116	L
76	117	-1
76	118	-1
76	119	L
77	0	-1
77	1	-1
77	2	-1
77	3	L
77	4	-1
77	5	L
77	6	L
77	7	L
77	8	-1
77	9	-1
77	10	-1
77	11	-1
77	12	-1
77	13	-1
77	14	-1
77	15	L
77	16	L
77	17	L
77	18	L
77	19	L
77	20	L
77	21	-1
77	22	-1
77	23	-1
77	24	-1
77	25	L
77	26	-1
77	27	L
77	28	-1
77	29	L
77	30	L
77	31	-1
77	32	-1
77	33	-1
77	34	L
77	35	L
77	36	L
77	37	L
77	38	L
77	39	-1
77	40	L
77	41	L
77	42	-1
77	43	-1
77	44	L
77	45	-1
77	46	-1
77	47	-1
77	48	-1
77	49	-1
77	50	-1
77	51	-1
77	52	-1
77	53	L
77	54	-1
77	55	L
77	56	L
77	57	-1
77	58	L
77	59	L
77	60	L
77	61	-1
77	62	-1
77	63	-1
77	64	-1
77	65	L
77	66	L
77	67	L
77	68	-1
77	69	-1
77	70	-1
77	71	-1
77	72	-1
77	73	-1
77	74	L
77	75	-1
77	76	L
77	77	-1
77	78	L
77	79	L
77	80	L
77	81	-1
77	82	-1
77	83	L
77	84	L
77	85	L
77	86	-1
77	87	-1
77	88	-1
77	89	-1
77	90	-1
77	91	-1
77	92	L
77	93	L
77	94	-1
77	95	-1
77	96	-1
77	97	U
77	98	L
77	99	L
77	100	-1
77	101	-1
77	102	-1
77	103	-1
77	104	L
77	105	L
77	106	L
77	107	L
77	108	-1
77	109	-1
77	110	L
77	111	-1
77	112	-1
77	113	L
77	114	L
77	115	L
77	116	L
77	117	-1
77	118	L
77	119	L
78	0	L
78	1	-1
78	2	L
78	3	L
78	4	-1
78	5	-1
78	6	L
78	7	-1
78	8	L
78	9	L
78	10	-1
78	11	-1
78	12	-1
78	13	-1
78	14	-1
78	15	-1
78	16	L
78	17	-1
78	18	L
78	19	L
78	20	-1
78	21	L
78	22	L
78	23	-1
78	24	-1
78	25	-1
78	26	L
78	27	L
78	28	L
78	29	-1
78	30	-1
78	31	-1
78	32	-1
78	33	-1
78	34	-1
78	35	L
78	36	-1
78	37	L
78	38	L
78	39	L
78	40	-1
78	41	L
78	42	-1
78	43	-1
78	44	-1
78	45	-1
78	46	-1
78	47	-1
78	48	-1
78	49	L
78	50	-1
78	51	L
78	52	-1
78	53	-1
78	54	L
78	55	L
78	56	-1
78	57	-1
78	58	-1
78	59	L
78	60	-1
78	61	L
78	62	L
78	63	-1
78	64	L
78	65	-1
78	66	U
78	67	-1
78	68	-1
78	69	-1
78	70	L
78	71	L
78	72	-1
78	73	-1
78	74	L
78	75	L
78	76	-1
78	77	-1
78	78	L
78	79	-1
78	80	L
78	81	-1
78	82	-1
78	83	L
78	84	-1
78	85	-1
78	86	L
78	87	-1
78	88	-1
78	89	-1
78	90	-1
78	91	L
78	92	L
78	93	L
78	94	-1
78	95	-1
78	96	-1
78	97	L
78	98	L
78	99	L
78	100	L
78	101	-1
78	102	-1
78	103	-1
78	104	-1
78	105	-1
78	106	L
78	107	L
78	108	L
78	109	L
78	110	-1
78	111	L
78	112	L
78	113	-1
78	114	-1
78	115	L
78	116	-1
78	117	Lc
78	118	Lc
78	119	-1
79	0	L
79	1	-1
79	2	U
79	3	L
79	4	L
79	5	L
79	6	-1
79	7	-1
79	8	-1
79	9	L
79	10	L
79	11	L
79	12	L
79	13	L
79	14	L
79	15	-1
79	16	-1
79	17	-1
79	18	-1
79	19	L
79	20	L
79	21	L
79	22	-1
79	23	-1
79	24	-1
79	25	-1
79	26	-1
79	27	L
79	28	L
79	29	L
79	30	-1
79	31	-1
79	32	-1
79	33	L
79	34	-1
79	35	-1
79	36	-1
79	37	-1
79	38	-1
79	39	-1
79	40	L
79	41	L
79	42	-1
79	43	U
79	44	-1
79	45	L
79	46	-1
79	47	L
79	48	L
79	49	-1
79	50	-1
79	51	L
79	52	-1
79	53	L
79	54	-1
79	55	-1
79	56	L
79	57	L
79	58	L
79	59	-1
79	60	-1
79	61	-1
79	62	L
79	63	L
79	64	L
79	65	U
79	66	-1
79	67	-1
79	68	-1
79	69	-1
79	70	-1
79	71	L
79	72	-1
79	73	L
79	74	-1
79	75	L
79	76	Lc
79	77	-1
79	78	Lc
79	79	-1
79	80	-1
79	81	-1
79	82	-1
79	83	-1
79	84	L
79	85	L
79	86	-1
79	87	L
79	88	-1
79	89	L
79	90	-1
79	91	L
79	92	-1
79	93	-1
79	94	-1
79	95	-1
79	96	L
79	97	-1
79	98	U
79	99	L
79	100	L
79	101	-1
79	102	-1
79	103	-1
79	104	-1
79	105	-1
79	106	L
79	107	-1
79	108	-1
79	109	L
79	110	L
79	111	L
79	112	L
79	113	L
79	114	L
79	115	-1
79	116	-1
79	117	-1
79	118	-1
79	119	L
80	0	L
80	1	-1
80	2	L
80	3	-1
80	4	-1
80	5	L
80	6	L
80	7	L
80	8	L
80	9	-1
80	10	L
80	11	-1
80	12	L
80	13	L
80	14	L
80	15	-1
80	16	-1
80	17	-1
80	18	L
80	19	L
80	20	L
80	21	L
80	22	L
80	23	-1
80	24	L
80	25	-1
80	26	-1
80	27	L
80	28	-1
80	29	-1
80	30	L
80	31	L
80	32	L
80	33	L
80	34	-1
80	35	-1
80	36	-1
80	37	-1
80	38	L
80	39	-1
80	40	L
80	41	-1
80	42	-1
80	43	-1
80	44	-1
80	45	-1
80	46	L
80	47	-1
80	48	L
80	49	L
80	50	L
80	51	L
80	52	L
80	53	L
80	54	-1
80	55	L
80	56	-1
80	57	-1
80	58	-1
80	59	-1
80	60	-1
80	61	L
80	62	L
80	63	L
80	64	U
80	65	U
80	66	U
80	67	-1
80	68	-1
80	69	-1
80	70	-1
80	71	-1
80	72	-1
80	73	-1
80	74	-1
80	75	Lc
80	76	-1
80	77	-1
80	78	-1
80	79	-1
80	80	Lc
80	81	-1
80	82	L
80	83	L
80	84	L
80	85	L
80	86	L
80	87	L
80	88	-1
80	89	-1
80	90	-1
80	91	-1
80	92	-1
80	93	-1
80	94	U
80	95	-1
80	96	L
80	97	-1
80	98	-1
80	99	-1
80	100	L
80	101	-1
80	102	-1
80	103	-1
80	104	-1
80	105	L
80	106	L
80	107	-1
80	108	-1
80	109	L
80	110	-1
80	111	U
80	112	U
80	113	L
80	114	L
80	115	-1
80	116	-1
80	117	-1
80	118	-1
80	119	L
81	0	-1
81	1	L
81	2	L
81	3	-1
81	4	-1
81	5	L
81	6	L
81	7	-1
81	8	L
81	9	L
81	10	L
81	11	-1
81	12	-1
81	13	-1
81	14	-1
81	15	L
81	16	-1
81	17	L
81	18	-1
81	19	-1
81	20	-1
81	21	L
81	22	L
81	23	-1
81	24	L
81	25	-1
81	26	-1
81	27	L
81	28	-1
81	29	L
81	30	-1
81	31	-1
81	32	L
81	33	L
81	34	L
81	35	-1
81	36	-1
81	37	-1
81	38	-1
81	39	L
81	40	-1
81	41	-1
81	42	-1
81	43	-1
81	44	L
81	45	-1
81	46	-1
81	47	-1
81	48	L
81	49	L
81	50	-1
81	51	-1
81	52	L
81	53	-1
81	54	L
81	55	L
81	56	L
81	57	L
81	58	L
81	59	-1
81	60	L
81	61	-1
81	62	-1
81	63	U
81	64	L
81	65	U
81	66	-1
81	67	U
81	68	U
81	69	-1
81	70	-1
81	71	L
81	72	L
81	73	-1
81	74	-1
81	75	-1
81	76	-1
81	77	-1
81	78	-1
81	79	L
81	80	-1
81	81	-1
81	82	L
81	83	L
81	84	L
81	85	L
81	86	L
81	87	-1
81	88	-1
81	89	-1
81	90	L
81	91	L
81	92	L
81	93	L
81	94	-1
81	95	-1
81	96	-1
81	97	U
81	98	L
81	99	L
81	100	-1
81	101	L
81	102	L
81	103	L
81	104	-1
81	105	L
81	106	L
81	107	L
81	108	-1
81	109	-1
81	110	-1
81	111	-1
81	112	-1
81	113	U
81	114	L
81	115	-1
81	116	-1
81	117	-1
81	118	-1
81	119	-1
82	0	-1
82	1	-1
82	2	-1
82	3	L
82	4	-1
82	5	-1
82	6	L
82	7	L
82	8	L
82	9	-1
82	10	L
82	11	L
82	12	L
82	13	-1
82	14	-1
82	15	-1
82	16	-1
82	17	-1
82	18	-1
82	19	-1
82	20	-1
82	21	L
82	22	-1
82	23	-1
82	24	L
82	25	L
82	26	-1
82	27	-1
82	28	-1
82	29	L
82	30	L
82	31	-1
82	32	L
82	33	U
82	34	L
82	35	L
82	36	L
82	37	-1
82	38	-1
82	39	-1
82	40	L
82	41	-1
82	42	-1
82	43	L
82	44	L
82	45	-1
82	46	-1
82	47	L
82	48	L
82	49	-1
82	50	L
82	51	-1
82	52	-1
82	53	-1
82	54	L
82	55	-1
82	56	L
82	57	L
82	58	-1
82	59	-1
82	60	L
82	61	L
82	62	L
82	63	L
82	64	U
82	65	U
82	66	-1
82	67	-1
82	68	-1
82	69	L
82	70	L
82	71	U
82	72	-1
82	73	Lc
82	74	Lc
82	75	Lc
82	76	-1
82	77	-1
82	78	-1
82	79	L
82	80	-1
82	81	-1
82	82	L
82	83	U
82	84	-1
82	85	-1
82	86	L
82	87	L
82	88	-1
82	89	L
82	90	L
82	91	L
82	92	L
82	93	U
82	94	U
82	95	-1
82	96	U
82	97	U
82	98	-1
82	99	L
82	100	L
82	101	L
82	102	-1
82	103	L
82	104	L
82	105	-1
82	106	L
82	107	L
82	108	-1
82	109	-1
82	110	-1
82	111	U
82	112	-1
82	113	U
82	114	-1
82	115	-1
82	116	-1
82	117	-1
82	118	-1
82	119	-1
83	0	-1
83	1	L
83	2	L
83	3	L
83	4	-1
83	5	L
83	6	L
83	7	-1
83	8	L
83	9	-1
83	10	-1
83	11	-1
83	12	L
83	13	L
83	14	L
83	15	L
83	16	-1
83	17	L
83	18	-1
83	19	-1
83	20	-1
83	21	L
83	22	L
83	23	-1
83	24	L
83	25	L
83	26	-1
83	27	L
83	28	-1
83	29	-1
83	30	-1
83	31	L
83	32	-1
83	33	L
83	34	-1
83	35	L
83	36	-1
83	37	-1
83	38	L
83	39	L
83	40	-1
83	41	L
83	42	L
83	43	L
83	44	-1
83	45	-1
83	46	U
83	47	U
83	48	L
83	49	-1
83	50	-1
83	51	-1
83	52	-1
83	53	-1
83	54	L
83	55	-1
83	56	-1
83	57	L
83	58	L
83	59	L
83	60	L
83	61	-1
83	62	L
83	63	L
83	64	U
83	65	-1
83	66	U
83	67	-1
83	68	-1
83	69	-1
83	70	-1
83	71	-1
83	72	-1
83	73	Lc
83	74	-1
83	75	-1
83	76	-1
83	77	-1
83	78	L
83	79	-1
83	80	L
83	81	L
83	82	-1
83	83	-1
83	84	-1
83	85	-1
83	86	L
83	87	L
83	88	-1
83	89	-1
83	90	L
83	91	L
83	92	-1
83	93	-1
83	94	U
83	95	U
83	96	-1
83	97	-1
83	98	-1
83	99	-1
83	100	-1
83	101	-1
83	102	L
83	103	L
83	104	L
83	105	-1
83	106	-1
83	107	L
83	108	L
83	109	-1
83	110	-1
83	111	-1
83	112	-1
83	113	-1
83	114	L
83	115	L
83	116	-1
83	117	-1
83	118	L
83	119	-1
84	0	L
84	1	L
84	2	-1
84	3	-1
84	4	-1
84	5	-1
84	6	-1
84	7	-1
84	8	-1
84	9	L
84	10	-1
84	11	-1
84	12	L
84	13	L
84	14	-1
84	15	L
84	16	L
84	17	-1
84	18	-1
84	19	-1
84	20	L
84	21	L
84	22	-1
84	23	-1
84	24	-1
84	25	L
84	26	L
84	27	-1
84	28	L
84	29	L
84	30	-1
84	31	-1
84	32	L
84	33	-1
84	34	L
84	35	L
84	36	L
84	37	L
84	38	L
84	39	-1
84	40	-1
84	41	L
84	42	-1
84	43	-1
84	44	-1
84	45	-1
84	46	L
84	47	L
84	48	U
84	49	L
84	50	-1
84	51	L
84	52	L
84	53	L
84	54	L
84	55	-1
84	56	L
84	57	-1
84	58	L
84	59	L
84	60	L
84	61	L
84	62	L
84	63	-1
84	64	-1
84	65	-1
84	66	U
84	67	U
84	68	-1
84	69	-1
84	70	U
84	71	-1
84	72	U
84	73	-1
84	74	-1
84	75	-1
84	76	-1
84	77	-1
84	78	-1
84	79	-1
84	80	-1
84	81	-1
84	82	L
84	83	-1
84	84	-1
84	85	L
84	86	L
84	87	L
84	88	L
84	89	-1
84	90	L
84	91	-1
84	92	-1
84	93	-1
84	94	U
84	95	-1
84	96	L
84	97	-1
84	98	-1
84	99	-1
84	100	L
84	101	-1
84	102	L
84	103	-1
84	104	L
84	105	-1
84	106	L
84	107	-1
84	108	-1
84	109	-1
84	110	U
84	111	-1
84	112	-1
84	113	-1
84	114	L
84	115	L
84	116	-1
84	117	-1
84	118	-1
84	119	-1
85	0	-1
85	1	L
85	2	L
85	3	-1
85	4	-1
85	5	L
85	6	L
85	7	-1
85	8	-1
85	9	L
85	10	-1
85	11	-1
85	12	-1
85	13	-1
85	14	L
85	15	L
85	16	-1
85	17	L
85	18	L
85	19	-1
85	20	L
85	21	L
85	22	-1
85	23	-1
85	24	-1
85	25	L
85	26	-1
85	27	L
85	28	-1
85	29	L
85	30	-1
85	31	-1
85	32	-1
85	33	L
85	34	-1
85	35	L
85	36	L
85	37	-1
85	38	L
85	39	-1
85	40	L
85	41	L
85	42	-1
85	43	-1
85	44	-1
85	45	-1
85	46	L
85	47	-1
85	48	L
85	49	L
85	50	-1
85	51	-1
85	52	L
85	53	L
85	54	L
85	55	L
85	56	L
85	57	L
85	58	L
85	59	L
85	60	-1
85	61	L
85	62	L
85	63	-1
85	64	-1
85	65	-1
85	66	U
85	67	U
85	68	-1
85	69	Lc
85	70	-1
85	71	U
85	72	-1
85	73	Lc
85	74	-1
85	75	Uc
85	76	Uc
85	77	Uc
85	78	-1
85	79	-1
85	80	L
85	81	L
85	82	-1
85	83	-1
85	84	-1
85	85	L
85	86	-1
85	87	L
85	88	-1
85	89	-1
85	90	-1
85	91	L
85	92	L
85	93	-1
85	94	-1
85	95	L
85	96	-1
85	97	-1
85	98	-1
85	99	-1
85	100	-1
85	101	-1
85	102	-1
85	103	-1
85	104	L
85	105	L
85	106	L
85	107	U
85	108	U
85	109	U
85	110	L
85	111	L
85	112	-1
85	113	L
85	114	L
85	115	-1
85	116	U
85	117	L
85	118	L
85	119	L
86	0	-1
86	1	-1
86	2	L
86	3	-1
86	4	L
86	5	-1
86	6	-1
86	7	-1
86	8	L
86	9	L
86	10	L
86	11	L
86	12	-1
86	13	-1
86	14	-1
86	15	-1
86	16	-1
86	17	L
86	18	-1
86	19	-1
86	20	-1
86	21	L
86	22	L
86	23	-1
86	24	-1
86	25	-1
86	26	-1
86	27	-1
86	28	-1
86	29	-1
86	30	L
86	31	-1
86	32	-1
86	33	-1
86	34	-1
86	35	L
86	36	L
86	37	-1
86	38	-1
86	39	L
86	40	L
86	41	L
86	42	L
86	43	-1
86	44	L
86	45	L
86	46	L
86	47	L
86	48	L
86	49	L
86	50	L
86	51	L
86	52	L
86	53	L
86	54	-1
86	55	L
86	56	L
86	57	L
86	58	-1
86	59	L
86	60	-1
86	61	-1
86	62	L
86	63	L
86	64	L
86	65	-1
86	66	-1
86	67	Uc
86	68	Lc
86	69	Lc
86	70	-1
86	71	-1
86	72	U
86	73	U
86	74	-1
86	75	-1
86	76	-1
86	77	U
86	78	-1
86	79	-1
86	80	-1
86	81	U
86	82	-1
86	83	-1
86	84	L
86	85	-1
86	86	L
86	87	-1
86	88	L
86	89	-1
86	90	-1
86	91	L
86	92	L
86	93	-1
86	94	-1
86	95	L
86	96	L
86	97	-1
86	98	L
86	99	-1
86	100	-1
86	101	-1
86	102	L
86	103	-1
86	104	-1
86	105	-1
86	106	-1
86	107	-1
86	108	-1
86	109	-1
86	110	L
86	111	-1
86	112	L
86	113	-1
86	114	L
86	115	U
86	116	U
86	117	U
86	118	-1
86	119	L
87	0	-1
87	1	L
87	2	L
87	3	L
87	4	-1
87	5	-1
87	6	-1
87	7	L
87	8	-1
87	9	L
87	10	L
87	11	L
87	12	-1
87	13	-1
87	14	L
87	15	L
87	16	L
87	17	L
87	18	-1
87	19	L
87	20	L
87	21	L
87	22	L
87	23	L
87	24	-1
87	25	-1
87	26	-1
87	27	-1
87	28	-1
87	29	L
87	30	L
87	31	-1
87	32	-1
87	33	L
87	34	L
87	35	L
87	36	L
87	37	-1
87	38	-1
87	39	-1
87	40	-1
87	41	-1
87	42	L
87	43	L
87	44	-1
87	45	-1
87	46	L
87	47	L
87	48	-1
87	49	L
87	50	-1
87	51	L
87	52	L
87	53	L
87	54	L
87	55	-1
87	56	-1
87	57	L
87	58	L
87	59	L
87	60	-1
87	61	-1
87	62	L
87	63	L
87	64	L
87	65	U
87	66	-1
87	67	L
87	68	-1
87	69	Lc
87	70	-1
87	71	-1
87	72	-1
87	73	-1
87	74	-1
87	75	Lc
87	76	Lc
87	77	-1
87	78	U
87	79	-1
87	80	-1
87	81	-1
87	82	-1
87	83	-1
87	84	L
87	85	-1
87	86	-1
87	87	L
87	88	L
87	89	L
87	90	L
87	91	-1
87	92	-1
87	93	L
87	94	-1
87	95	-1
87	96	L
87	97	-1
87	98	-1
87	99	-1
87	100	-1
87	101	-1
87	102	-1
87	103	L
87	104	L
87	105	L
87	106	L
87	107	-1
87	108	-1
87	109	L
87	110	L
87	111	U
87	112	-1
87	113	-1
87	114	-1
87	115	L
87	116	-1
87	117	L
87	118	-1
87	119	L
88	0	-1
88	1	L
88	2	L
88	3	-1
88	4	L
88	5	-1
88	6	L
88	7	-1
88	8	-1
88	9	L
88	10	-1
88	11	L
88	12	L
88	13	L
88	14	-1
88	15	-1
88	16	-1
88	17	-1
88	18	L
88	19	-1
88	20	L
88	21	-1
88	22	-1
88	23	L
88	24	-1
88	25	-1
88	26	-1
88	27	L
88	28	-1
88	29	L
88	30	-1
88	31	L
88	32	-1
88	33	-1
88	34	L
88	35	-1
88	36	-1
88	37	L
88	38	-1
88	39	-1
88	40	-1
88	41	L
88	42	-1
88	43	L
88	44	-1
88	45	L
88	46	L
88	47	-1
88	48	L
88	49	L
88	50	L
88	51	-1
88	52	L
88	53	L
88	54	L
88	55	L
88	56	-1
88	57	L
88	58	-1
88	59	L
88	60	-1
88	61	Lc
88	62	L
88	63	-1
88	64	U
88	65	U
88	66	-1
88	67	Uc
88	68	Uc
88	69	Uc
88	70	Uc
88	71	-1
88	72	-1
88	73	Uc
88	74	Uc
88	75	Uc
88	76	-1
88	77	-1
88	78	-1
88	79	-1
88	80	-1
88	81	-1
88	82	-1
88	83	-1
88	84	Lc
88	85	-1
88	86	-1
88	87	-1
88	88	L
88	89	L
88	90	L
88	91	-1
88	92	-1
88	93	L
88	94	L
88	95	L
88	96	L
88	97	-1
88	98	-1
88	99	L
88	100	-1
88	101	-1
88	102	-1
88	103	-1
88	104	L
88	105	L
88	106	-1
88	107	L
88	108	U
88	109	-1
88	110	-1
88	111	-1
88	112	U
88	113	-1
88	114	-1
88	115	U
88	116	U
88	117	L
88	118	L
88	119	L
89	0	-1
89	1	-1
89	2	L
89	3	-1
89	4	-1
89	5	-1
89	6	-1
89	7	L
89	8	-1
89	9	-1
89	10	-1
89	11	-1
89	12	-1
89	13	-1
89	14	L
89	15	-1
89	16	-1
89	17	-1
89	18	L
89	19	L
89	20	-1
89	21	-1
89	22	-1
89	23	-1
89	24	-1
89	25	-1
89	26	-1
89	27	L
89	28	-1
89	29	L
89	30	L
89	31	L
89	32	L
89	33	L
89	34	L
89	35	L
89	36	L
89	37	-1
89	38	-1
89	39	-1
89	40	L
89	41	L
89	42	-1
89	43	L
89	44	L
89	45	-1
89	46	L
89	47	L
89	48	L
89	49	-1
89	50	-1
89	51	-1
89	52	L
89	53	U
89	54	L
89	55	L
89	56	L
89	57	-1
89	58	L
89	59	L
89	60	-1
89	61	-1
89	62	Lc
89	63	Lc
89	64	-1
89	65	-1
89	66	U
89	67	U
89	68	L
89	69	Uc
89	70	L
89	71	Uc
89	72	Uc
89	73	Uc
89	74	Uc
89	75	Uc
89	76	-1
89	77	-1
89	78	-1
89	79	U
89	80	-1
89	81	-1
89	82	-1
89	83	-1
89	84	-1
89	85	-1
89	86	L
89	87	-1
89	88	-1
89	89	L
89	90	L
89	91	L
89	92	-1
89	93	L
89	94	-1
89	95	L
89	96	L
89	97	-1
89	98	-1
89	99	L
89	100	-1
89	101	-1
89	102	-1
89	103	L
89	104	L
89	105	L
89	106	L
89	107	-1
89	108	U
89	109	-1
89	110	U
89	111	-1
89	112	-1
89	113	-1
89	114	-1
89	115	Lc
89	116	-1
89	117	L
89	118	L
89	119	L
90	0	L
90	1	-1
90	2	-1
90	3	-1
90	4	-1
90	5	L
90	6	-1
90	7	-1
90	8	-1
90	9	L
90	10	L
90	11	-1
90	12	-1
90	13	L
90	14	-1
90	15	-1
90	16	L
90	17	-1
90	18	L
90	19	L
90	20	L
90	21	L
90	22	-1
90	23	-1
90	24	U
90	25	U
90	26	-1
90	27	L
90	28	L
90	29	-1
90	30	L
90	31	L
90	32	L
90	33	L
90	34	L
90	35	-1
90	36	-1
90	37	-1
90	38	-1
90	39	-1
90	40	L
90	41	-1
90	42	L
90	43	L
90	44	L
90	45	-1
90	46	L
90	47	-1
90	48	L
90	49	L
90	50	-1
90	51	-1
90	52	U
90	53	Lc
90	54	Lc
90	55	-1
90	56	L
90	57	-1
90	58	L
90	59	-1
90	60	L
90	61	L
90	62	-1
90	63	-1
90	64	-1
90	65	L
90	66	-1
90	67	-1
90	68	-1
90	69	-1
90	70	L
90	71	L
90	72	Uc
90	73	Uc
90	74	-1
90	75	-1
90	76	-1
90	77	-1
90	78	U
90	79	U
90	80	-1
90	81	-1
90	82	-1
90	83	-1
90	84	L
90	85	L
90	86	L
90	87	-1
90	88	L
90	89	-1
90	90	L
90	91	-1
90	92	L
90	93	L
90	94	-1
90	95	-1
90	96	-1
90	97	-1
90	98	L
90	99	L
90	100	-1
90	101	-1
90	102	L
90	103	-1
90	104	L
90	105	L
90	106	L
90	107	U
90	108	-1
90	109	-1
90	110	U
90	111	-1
90	112	-1
90	113	U
90	114	L
90	115	-1
90	116	-1
90	117	Lc
90	118	-1
90	119	L
91	0	L
91	1	L
91	2	L
91	3	-1
91	4	L
91	5	L
91	6	-1
91	7	L
91	8	L
91	9	-1
91	10	-1
91	11	-1
91	12	-1
91	13	-1
91	14	L
91	15	-1
91	16	L
91	17	L
91	18	U
91	19	L
91	20	-1
91	21	L
91	22	L
91	23	U
91	24	U
91	25	L
91	26	L
91	27	-1
91	28	-1
91	29	-1
91	30	-1
91	31	L
91	32	L
91	33	L
91	34	-1
91	35	L
91	36	-1
91	37	-1
91	38	-1
91	39	-1
91	40	L
91	41	L
91	42	L
91	43	L
91	44	L
91	45	-1
91	46	L
91	47	L
91	48	-1
91	49	-1
91	50	U
91	51	-1
91	52	-1
91	53	L
91	54	Lc
91	55	-1
91	56	-1
91	57	L
91	58	L
91	59	L
91	60	Lc
91	61	L
91	62	L
91	63	-1
91	64	Lc
91	65	-1
91	66	L
91	67	-1
91	68	L
91	69	-1
91	70	-1
91	71	Uc
91	72	Uc
91	73	-1
91	74	-1
91	75	-1
91	76	Uc
91	77	Uc
91	78	U
91	79	L
91	80	U
91	81	-1
91	82	L
91	83	-1
91	84	L
91	85	L
91	86	-1
91	87	-1
91	88	-1
91	89	L
91	90	-1
91	91	L
91	92	L
91	93	L
91	94	L
91	95	L
91	96	-1
91	97	L
91	98	-1
91	99	-1
91	100	-1
91	101	L
91	102	L
91	103	L
91	104	-1
91	105	-1
91	106	L
91	107	-1
91	108	-1
91	109	-1
91	110	-1
91	111	U
91	112	U
91	113	U
91	114	L
91	115	-1
91	116	-1
91	117	-1
91	118	L
91	119	L
92	0	L
92	1	-1
92	2	-1
92	3	L
92	4	L
92	5	-1
92	6	-1
92	7	-1
92	8	L
92	9	-1
92	10	L
92	11	-1
92	12	-1
92	13	L
92	14	L
92	15	L
92	16	L
92	17	L
92	18	L
92	19	U
92	20	U
92	21	L
92	22	U
92	23	-1
92	24	U
92	25	-1
92	26	-1
92	27	L
92	28	L
92	29	L
92	30	-1
92	31	L
92	32	L
92	33	L
92	34	L
92	35	L
92	36	-1
92	37	-1
92	38	-1
92	39	L
92	40	L
92	41	-1
92	42	L
92	43	L
92	44	L
92	45	L
92	46	-1
92	47	-1
92	48	L
92	49	L
92	50	-1
92	51	U
92	52	L
92	53	L
92	54	L
92	55	-1
92	56	-1
92	57	-1
92	58	L
92	59	L
92	60	-1
92	61	Lc
92	62	L
92	63	Lc
92	64	Lc
92	65	Lc
92	66	L
92	67	-1
92	68	-1
92	69	L
92	70	-1
92	71	-1
92	72	-1
92	73	-1
92	74	Uc
92	75	Uc
92	76	-1
92	77	-1
92	78	-1
92	79	L
92	80	L
92	81	-1
92	82	-1
92	83	L
92	84	L
92	85	L
92	86	-1
92	87	-1
92	88	-1
92	89	-1
92	90	L
92	91	-1
92	92	L
92	93	-1
92	94	L
92	95	L
92	96	-1
92	97	L
92	98	L
92	99	L
92	100	L
92	101	L
92	102	-1
92	103	L
92	104	-1
92	105	-1
92	106	-1
92	107	-1
92	108	U
92	109	U
92	110	-1
92	111	-1
92	112	L
92	113	-1
92	114	L
92	115	L
92	116	-1
92	117	-1
92	118	-1
92	119	-1
93	0	-1
93	1	-1
93	2	-1
93	3	-1
93	4	-1
93	5	-1
93	6	-1
93	7	-1
93	8	L
93	9	-1
93	10	L
93	11	L
93	12	L
93	13	-1
93	14	L
93	15	L
93	16	L
93	17	L
93	18	-1
93	19	L
93	20	-1
93	21	-1
93	22	L
93	23	U
93	24	-1
93	25	-1
93	26	L
93	27	L
93	28	-1
93	29	L
93	30	-1
93	31	-1
93	32	L
93	33	L
93	34	L
93	35	-1
93	36	-1
93	37	L
93	38	-1
93	39	L
93	40	L
93	41	L
93	42	-1
93	43	L
93	44	U
93	45	-1
93	46	L
93	47	L
93	48	L
93	49	-1
93	50	-1
93	51	-1
93	52	-1
93	53	-1
93	54	-1
93	55	L
93	56	-1
93	57	-1
93	58	-1
93	59	-1
93	60	-1
93	61	-1
93	62	Lc
93	63	Lc
93	64	Lc
93	65	-1
93	66	Lc
93	67	Lc
93	68	-1
93	69	-1
93	70	-1
93	71	-1
93	72	-1
93	73	Uc
93	74	-1
93	75	-1
93	76	-1
93	77	L
93	78	-1
93	79	L
93	80	-1
93	81	L
93	82	L
93	83	L
93	84	-1
93	85	L
93	86	L
93	87	-1
93	88	-1
93	89	L
93	90	L
93	91	L
93	92	L
93	93	-1
93	94	L
93	95	L
93	96	L
93	97	L
93	98	L
93	99	-1
93	100	-1
93	101	L
93	102	L
93	103	-1
93	104	-1
93	105	L
93	106	-1
93	107	L
93	108	-1
93	109	Lc
93	110	Lc
93	111	-1
93	112	L
93	113	-1
93	114	L
93	115	-1
93	116	-1
93	117	-1
93	118	-1
93	119	L
94	0	Lc
94	1	-1
94	2	-1
94	3	-1
94	4	-1
94	5	-1
94	6	-1
94	7	L
94	8	L
94	9	-1
94	10	L
94	11	L
94	12	L
94	13	L
94	14	-1
94	15	L
94	16	U
94	17	-1
94	18	U
94	19	-1
94	20	L
94	21	L
94	22	L
94	23	U
94	24	-1
94	25	-1
94	26	-1
94	27	-1
94	28	-1
94	29	-1
94	30	-1
94	31	-1
94	32	-1
94	33	L
94	34	L
94	35	-1
94	36	L
94	37	L
94	38	L
94	39	-1
94	40	-1
94	41	L
94	42	L
94	43	-1
94	44	-1
94	45	-1
94	46	-1
94	47	-1
94	48	-1
94	49	L
94	50	-1
94	51	-1
94	52	-1
94	53	-1
94	54	L
94	55	L
94	56	-1
94	57	-1
94	58	-1
94	59	Lc
94	60	L
94	61	-1
94	62	Lc
94	63	Lc
94	64	Lc
94	65	Lc
94	66	-1
94	67	-1
94	68	-1
94	69	-1
94	70	-1
94	71	L
94	72	L
94	73	L
94	74	L
94	75	-1
94	76	-1
94	77	-1
94	78	L
94	79	-1
94	80	L
94	81	L
94	82	-1
94	83	-1
94	84	-1
94	85	L
94	86	L
94	87	-1
94	88	L
94	89	L
94	90	L
94	91	-1
94	92	L
94	93	L
94	94	L
94	95	L
94	96	L
94	97	L
94	98	L
94	99	L
94	100	-1
94	101	-1
94	102	L
94	103	-1
94	104	-1
94	105	-1
94	106	L
94	107	-1
94	108	Lc
94	109	Lc
94	110	-1
94	111	-1
94	112	-1
94	113	Lc
94	114	L
94	115	-1
94	116	-1
94	117	-1
94	118	-1
94	119	Lc
95	0	Lc
95	1	-1
95	2	-1
95	3	U
95	4	-1
95	5	-1
95	6	U
95	7	-1
95	8	L
95	9	L
95	10	L
95	11	L
95	12	-1
95	13	L
95	14	L
95	15	L
95	16	U
95	17	-1
95	18	U
95	19	U
95	20	L
95	21	-1
95	22	L
95	23	L
95	24	-1
95	25	L
95	26	-1
95	27	-1
95	28	-1
95	29	-1
95	30	-1
95	31	-1
95	32	-1
95	33	L
95	34	-1
95	35	-1
95	36	L
95	37	L
95	38	-1
95	39	L
95	40	-1
95	41	L
95	42	L
95	43	-1
95	44	-1
95	45	-1
95	46	-1
95	47	-1
95	48	L
95	49	L
95	50	-1
95	51	L
95	52	-1
95	53	-1
95	54	-1
95	55	-1
95	56	-1
95	57	-1
95	58	L
95	59	Lc
95	60	-1
95	61	-1
95	62	-1
95	63	-1
95	64	-1
95	65	Lc
95	66	-1
95	67	Lc
95	68	-1
95	69	L
95	70	-1
95	71	L
95	72	-1
95	73	L
95	74	L
95	75	L
95	76	L
95	77	-1
95	78	-1
95	79	-1
95	80	-1
95	81	L
95	82	L
95	83	L
95	84	-1
95	85	L
95	86	L
95	87	-1
95	88	L
95	89	L
95	90	-1
95	91	-1
95	92	-1
95	93	L
95	94	L
95	95	L
95	96	L
95	97	L
95	98	Lc
95	99	L
95	100	-1
95	101	L
95	102	L
95	103	L
95	104	L
95	105	L
95	106	L
95	107	-1
95	108	-1
95	109	Lc
95	110	Lc
95	111	-1
95	112	-1
95	113	L
95	114	Lc
95	115	-1
95	116	-1
95	117	-1
95	118	-1
95	119	-1
96	0	-1
96	1	Lc
96	2	L
96	3	L
96	4	-1
96	5	-1
96	6	L
96	7	L
96	8	L
96	9	L
96	10	-1
96	11	L
96	12	L
96	13	-1
96	14	L
96	15	-1
96	16	L
96	17	U
96	18	-1
96	19	U
96	20	U
96	21	-1
96	22	L
96	23	L
96	24	L
96	25	L
96	26	L
96	27	-1
96	28	-1
96	29	-1
96	30	-1
96	31	-1
96	32	U
96	33	-1
96	34	L
96	35	-1
96	36	-1
96	37	-1
96	38	L
96	39	-1
96	40	-1
96	41	L
96	42	-1
96	43	-1
96	44	-1
96	45	-1
96	46	-1
96	47	U
96	48	-1
96	49	-1
96	50	-1
96	51	L
96	52	L
96	53	L
96	54	Lc
96	55	-1
96	56	Lc
96	57	Lc
96	58	L
96	59	-1
96	60	L
96	61	-1
96	62	Lc
96	63	-1
96	64	-1
96	65	-1
96	66	Lc
96	67	L
96	68	-1
96	69	-1
96	70	-1
96	71	L
96	72	-1
96	73	L
96	74	L
96	75	L
96	76	L
96	77	L
96	78	-1
96	79	L
96	80	L
96	81	L
96	82	L
96	83	L
96	84	-1
96	85	L
96	86	L
96	87	-1
96	88	-1
96	89	L
96	90	L
96	91	L
96	92	-1
96	93	-1
96	94	L
96	95	-1
96	96	-1
96	97	Lc
96	98	Lc
96	99	-1
96	100	-1
96	101	L
96	102	L
96	103	L
96	104	L
96	105	L
96	106	L
96	107	-1
96	108	-1
96	109	-1
96	110	Lc
96	111	-1
96	112	-1
96	113	Lc
96	114	Lc
96	115	-1
96	116	Lc
96	117	-1
96	118	Lc
96	119	-1
97	0	-1
97	1	Lc
97	2	-1
97	3	L
97	4	L
97	5	U
97	6	U
97	7	-1
97	8	-1
97	9	-1
97	10	-1
97	11	L
97	12	L
97	13	L
97	14	L
97	15	L
97	16	L
97	17	L
97	18	U
97	19	U
97	20	U
97	21	-1
97	22	L
97	23	L
97	24	L
97	25	-1
97	26	L
97	27	L
97	28	-1
97	29	L
97	30	L
97	31	-1
97	32	-1
97	33	U
97	34	L
97	35	-1
97	36	-1
97	37	-1
97	38	-1
97	39	L
97	40	L
97	41	-1
97	42	L
97	43	-1
97	44	-1
97	45	L
97	46	U
97	47	U
97	48	U
97	49	L
97	50	L
97	51	L
97	52	L
97	53	Lc
97	54	-1
97	55	-1
97	56	Lc
97	57	Lc
97	58	Lc
97	59	L
97	60	Lc
97	61	Lc
97	62	Lc
97	63	-1
97	64	-1
97	65	-1
97	66	-1
97	67	-1
97	68	-1
97	69	-1
97	70	-1
97	71	L
97	72	-1
97	73	-1
97	74	-1
97	75	-1
97	76	L
97	77	L
97	78	L
97	79	-1
97	80	-1
97	81	-1
97	82	L
97	83	-1
97	84	L
97	85	-1
97	86	-1
97	87	-1
97	88	-1
97	89	-1
97	90	L
97	91	-1
97	92	L
97	93	-1
97	94	-1
97	95	-1
97	96	Lc
97	97	-1
97	98	Lc
97	99	Lc
97	100	-1
97	101	-1
97	102	L
97	103	Lc
97	104	-1
97	105	-1
97	106	L
97	107	Lc
97	108	Lc
97	109	Lc
97	110	Lc
97	111	Lc
97	112	-1
97	113	-1
97	114	Lc
97	115	-1
97	116	Lc
97	117	Lc
97	118	-1
97	119	Lc
98	0	-1
98	1	Lc
98	2	L
98	3	-1
98	4	L
98	5	-1
98	6	L
98	7	L
98	8	L
98	9	-1
98	10	-1
98	11	L
98	12	L
98	13	L
98	14	-1
98	15	-1
98	16	L
98	17	L
98	18	-1
98	19	-1
98	20	L
98	21	L
98	22	-1
98	23	-1
98	24	-1
98	25	-1
98	26	-1
98	27	U
98	28	-1
98	29	L
98	30	-1
98	31	-1
98	32	-1
98	33	-1
98	34	L
98	35	-1
98	36	-1
98	37	L
98	38	-1
98	39	L
98	40	L
98	41	L
98	42	-1
98	43	-1
98	44	-1
98	45	-1
98	46	-1
98	47	U
98	48	-1
98	49	L
98	50	-1
98	51	U
98	52	Lc
98	53	Lc
98	54	-1
98	55	Lc
98	56	Lc
98	57	-1
98	58	Lc
98	59	Lc
98	60	-1
98	61	-1
98	62	Lc
98	63	Lc
98	64	-1
98	65	-1
98	66	-1
98	67	-1
98	68	-1
98	69	Lc
98	70	Lc
98	71	-1
98	72	-1
98	73	-1
98	74	-1
98	75	L
98	76	L
98	77	-1
98	78	L
98	79	L
98	80	-1
98	81	L
98	82	-1
98	83	-1
98	84	-1
98	85	-1
98	86	-1
98	87	-1
98	88	-1
98	89	-1
98	90	-1
98	91	-1
98	92	U
98	93	L
98	94	L
98	95	Lc
98	96	-1
98	97	Lc
98	98	Lc
98	99	L
98	100	-1
98	101	-1
98	102	Lc
98	103	-1
98	104	Lc
98	105	-1
98	106	L
98	107	-1
98	108	-1
98	109	Lc
98	110	-1
98	111	Lc
98	112	Lc
98	113	Lc
98	114	Lc
98	115	-1
98	116	Lc
98	117	-1
98	118	-1
98	119	-1
99	0	-1
99	1	-1
99	2	Lc
99	3	-1
99	4	-1
99	5	-1
99	6	-1
99	7	L
99	8	L
99	9	L
99	10	-1
99	11	L
99	12	L
99	13	-1
99	14	-1
99	15	L
99	16	L
99	17	L
99	18	-1
99	19	U
99	20	-1
99	21	-1
99	22	-1
99	23	-1
99	24	L
99	25	L
99	26	U
99	27	-1
99	28	-1
99	29	-1
99	30	-1
99	31	L
99	32	L
99	33	L
99	34	-1
99	35	-1
99	36	-1
99	37	L
99	38	L
99	39	L
99	40	-1
99	41	L
99	42	L
99	43	-1
99	44	-1
99	45	-1
99	46	-1
99	47	L
99	48	L
99	49	L
99	50	L
99	51	L
99	52	U
99	53	-1
99	54	-1
99	55	-1
99	56	-1
99	57	-1
99	58	Lc
99	59	-1
99	60	-1
99	61	-1
99	62	Lc
99	63	-1
99	64	-1
99	65	Lc
99	66	-1
99	67	-1
99	68	-1
99	69	Lc
99	70	Lc
99	71	L
99	72	-1
99	73	-1
99	74	-1
99	75	-1
99	76	L
99	77	-1
99	78	L
99	79	-1
99	80	L
99	81	-1
99	82	L
99	83	-1
99	84	L
99	85	-1
99	86	L
99	87	-1
99	88	L
99	89	-1
99	90	-1
99	91	L
99	92	-1
99	93	L
99	94	L
99	95	Lc
99	96	-1
99	97	Lc
99	98	-1
99	99	-1
99	100	-1
99	101	-1
99	102	-1
99	103	-1
99	104	L
99	105	L
99	106	Lc
99	107	-1
99	108	L
99	109	Lc
99	110	Lc
99	111	Lc
99	112	Lc
99	113	Lc
99	114	-1
99	115	Lc
99	116	Lc
99	117	Lc
99	118	Lc
99	119	-1
100	0	Lc
100	1	-1
100	2	-1
100	3	-1
100	4	L
100	5	-1
100	6	-1
100	7	-1
100	8	L
100	9	-1
100	10	-1
100	11	-1
100	12	-1
100	13	L
100	14	-1
100	15	L
100	16	-1
100	17	L
100	18	U
100	19	-1
100	20	-1
100	21	-1
100	22	-1
100	23	L
100	24	L
100	25	-1
100	26	-1
100	27	-1
100	28	-1
100	29	L
100	30	-1
100	31	-1
100	32	L
100	33	L
100	34	L
100	35	L
100	36	L
100	37	-1
100	38	L
100	39	L
100	40	L
100	41	-1
100	42	L
100	43	L
100	44	L
100	45	L
100	46	-1
100	47	L
100	48	L
100	49	L
100	50	L
100	51	L
100	52	L
100	53	-1
100	54	-1
100	55	-1
100	56	Lc
100	57	Lc
100	58	Lc
100	59	Lc
100	60	Lc
100	61	-1
100	62	Uc
100	63	-1
100	64	-1
100	65	-1
100	66	Lc
100	67	-1
100	68	-1
100	69	-1
100	70	-1
100	71	-1
100	72	-1
100	73	-1
100	74	L
100	75	-1
100	76	L
100	77	L
100	78	L
100	79	L
100	80	-1
100	81	-1
100	82	-1
100	83	L
100	84	L
100	85	-1
100	86	L
100	87	L
100	88	L
100	89	L
100	90	L
100	91	-1
100	92	-1
100	93	-1
100	94	-1
100	95	-1
100	96	Lc
100	97	L
100	98	-1
100	99	L
100	100	-1
100	101	-1
100	102	Lc
100	103	Lc
100	104	Lc
100	105	Lc
100	106	-1
100	107	Lc
100	108	Lc
100	109	-1
100	110	-1
100	111	Lc
100	112	Lc
100	113	-1
100	114	-1
100	115	-1
100	116	Lc
100	117	-1
100	118	Lc
100	119	-1
101	0	-1
101	1	-1
101	2	-1
101	3	-1
101	4	L
101	5	-1
101	6	L
101	7	L
101	8	L
101	9	-1
101	10	L
101	11	L
101	12	-1
101	13	L
101	14	-1
101	15	L
101	16	-1
101	17	L
101	18	-1
101	19	L
101	20	L
101	21	L
101	22	-1
101	23	L
101	24	L
101	25	-1
101	26	U
101	27	U
101	28	-1
101	29	-1
101	30	L
101	31	-1
101	32	L
101	33	-1
101	34	-1
101	35	-1
101	36	L
101	37	-1
101	38	L
101	39	L
101	40	-1
101	41	-1
101	42	L
101	43	L
101	44	L
101	45	-1
101	46	-1
101	47	L
101	48	-1
101	49	L
101	50	-1
101	51	-1
101	52	-1
101	53	-1
101	54	L
101	55	-1
101	56	-1
101	57	-1
101	58	-1
101	59	Lc
101	60	Lc
101	61	-1
101	62	Lc
101	63	-1
101	64	-1
101	65	L
101	66	L
101	67	Lc
101	68	L
101	69	L
101	70	L
101	71	-1
101	72	-1
101	73	-1
101	74	-1
101	75	-1
101	76	L
101	77	L
101	78	-1
101	79	-1
101	80	-1
101	81	-1
101	82	-1
101	83	L
101	84	L
101	85	-1
101	86	L
101	87	-1
101	88	L
101	89	U
101	90	L
101	91	L
101	92	-1
101	93	-1
101	94	L
101	95	Lc
101	96	L
101	97	-1
101	98	Lc
101	99	Lc
101	100	L
101	101	-1
101	102	-1
101	103	Lc
101	104	-1
101	105	Lc
101	106	Lc
101	107	-1
101	108	Lc
101	109	-1
101	110	Lc
101	111	Lc
101	112	-1
101	113	Lc
101	114	Lc
101	115	L
101	116	L
101	117	L
101	118	Lc
101	119	-1
102	0	-1
102	1	-1
102	2	Lc
102	3	L
102	4	L
102	5	Lc
102	6	-1
102	7	L
102	8	L
102	9	L
102	10	L
102	11	L
102	12	L
102	13	L
102	14	L
102	15	L
102	16	L
102	17	L
102	18	L
102	19	-1
102	20	-1
102	21	-1
102	22	-1
102	23	-1
102	24	L
102	25	-1
102	26	L
102	27	L
102	28	-1
102	29	-1
102	30	-1
102	31	-1
102	32	-1
102	33	-1
102	34	-1
102	35	L
102	36	-1
102	37	L
102	38	L
102	39	L
102	40	L
102	41	-1
102	42	L
102	43	L
102	44	-1
102	45	-1
102	46	-1
102	47	-1
102	48	-1
102	49	-1
102	50	L
102	51	-1
102	52	-1
102	53	L
102	54	L
102	55	-1
102	56	-1
102	57	-1
102	58	L
102	59	L
102	60	-1
102	61	L
102	62	-1
102	63	L
102	64	L
102	65	-1
102	66	Lc
102	67	L
102	68	Lc
102	69	L
102	70	L
102	71	L
102	72	L
102	73	U
102	74	-1
102	75	L
102	76	L
102	77	L
102	78	-1
102	79	-1
102	80	-1
102	81	L
102	82	L
102	83	L
102	84	L
102	85	L
102	86	L
102	87	L
102	88	-1
102	89	-1
102	90	L
102	91	-1
102	92	-1
102	93	-1
102	94	L
102	95	L
102	96	-1
102	97	Lc
102	98	-1
102	99	-1
102	100	L
102	101	-1
102	102	-1
102	103	-1
102	104	-1
102	105	Lc
102	106	Lc
102	107	Lc
102	108	Lc
102	109	Lc
102	110	Lc
102	111	Lc
102	112	Lc
102	113	L
102	114	L
102	115	-1
102	116	L
102	117	-1
102	118	-1
102	119	L
103	0	L
103	1	L
103	2	L
103	3	L
103	4	Lc
103	5	-1
103	6	-1
103	7	L
103	8	-1
103	9	L
103	10	-1
103	11	-1
103	12	L
103	13	-1
103	14	L
103	15	L
103	16	L
103	17	L
103	18	L
103	19	L
103	20	L
103	21	-1
103	22	-1
103	23	-1
103	24	-1
103	25	L
103	26	L
103	27	L
103	28	L
103	29	-1
103	30	-1
103	31	-1
103	32	L
103	33	-1
103	34	-1
103	35	-1
103	36	L
103	37	L
103	38	-1
103	39	L
103	40	L
103	41	-1
103	42	L
103	43	L
103	44	L
103	45	L
103	46	L
103	47	L
103	48	L
103	49	L
103	50	L
103	51	-1
103	52	-1
103	53	L
103	54	L
103	55	-1
103	56	-1
103	57	L
103	58	-1
103	59	-1
103	60	-1
103	61	L
103	62	-1
103	63	-1
103	64	L
103	65	-1
103	66	-1
103	67	-1
103	68	Lc
103	69	-1
103	70	L
103	71	L
103	72	L
103	73	L
103	74	L
103	75	-1
103	76	L
103	77	L
103	78	L
103	79	-1
103	80	-1
103	81	L
103	82	L
103	83	-1
103	84	L
103	85	L
103	86	-1
103	87	L
103	88	-1
103	89	L
103	90	-1
103	91	L
103	92	-1
103	93	L
103	94	-1
103	95	L
103	96	L
103	97	L
103	98	L
103	99	L
103	100	Lc
103	101	Lc
103	102	Lc
103	103	-1
103	104	Lc
103	105	Lc
103	106	-1
103	107	Lc
103	108	Lc
103	109	Lc
103	110	-1
103	111	Lc
103	112	Lc
103	113	Lc
103	114	-1
103	115	-1
103	116	L
103	117	L
103	118	L
103	119	-1
104	0	-1
104	1	-1
104	2	L
104	3	Lc
104	4	-1
104	5	-1
104	6	L
104	7	L
104	8	-1
104	9	L
104	10	-1
104	11	L
104	12	-1
104	13	-1
104	14	L
104	15	-1
104	16	-1
104	17	-1
104	18	L
104	19	L
104	20	-1
104	21	-1
104	22	-1
104	23	L
104	24	L
104	25	L
104	26	L
104	27	L
104	28	L
104	29	L
104	30	-1
104	31	-1
104	32	-1
104	33	L
104	34	-1
104	35	-1
104	36	L
104	37	L
104	38	L
104	39	L
104	40	L
104	41	L
104	42	L
104	43	-1
104	44	L
104	45	-1
104	46	L
104	47	L
104	48	L
104	49	L
104	50	L
104	51	-1
104	52	L
104	53	-1
104	54	L
104	55	-1
104	56	-1
104	57	-1
104	58	-1
104	59	L
104	60	L
104	61	-1
104	62	L
104	63	L
104	64	-1
104	65	-1
104	66	L
104	67	L
104	68	Lc
104	69	Lc
104	70	Lc
104	71	L
104	72	L
104	73	L
104	74	L
104	75	-1
104	76	L
104	77	L
104	78	-1
104	79	-1
104	80	-1
104	81	L
104	82	L
104	83	-1
104	84	-1
104	85	-1
104	86	-1
104	87	L
104	88	L
104	89	-1
104	90	L
104	91	-1
104	92	-1
104	93	L
104	94	L
104	95	L
104	96	-1
104	97	L
104	98	-1
104	99	Lc
104	100	Lc
104	101	Lc
104	102	Lc
104	103	Lc
104	104	Lc
104	105	-1
104	106	Lc
104	107	-1
104	108	Lc
104	109	Lc
104	110	L
104	111	Lc
104	112	-1
104	113	Lc
104	114	-1
104	115	L
104	116	L
104	117	Lc
104	118	Lc
104	119	-1
105	0	-1
105	1	-1
105	2	Lc
105	3	L
105	4	-1
105	5	-1
105	6	L
105	7	L
105	8	L
105	9	L
105	10	-1
105	11	L
105	12	-1
105	13	L
105	14	L
105	15	-1
105	16	-1
105	17	L
105	18	-1
105	19	-1
105	20	-1
105	21	-1
105	22	-1
105	23	L
105	24	-1
105	25	L
105	26	L
105	27	L
105	28	L
105	29	L
105	30	L
105	31	L
105	32	L
105	33	-1
105	34	-1
105	35	-1
105	36	L
105	37	-1
105	38	-1
105	39	-1
105	40	-1
105	41	-1
105	42	L
105	43	L
105	44	L
105	45	-1
105	46	-1
105	47	L
105	48	L
105	49	L
105	50	L
105	51	-1
105	52	-1
105	53	L
105	54	L
105	55	L
105	56	L
105	57	-1
105	58	-1
105	59	L
105	60	L
105	61	L
105	62	-1
105	63	L
105	64	L
105	65	L
105	66	L
105	67	L
105	68	-1
105	69	Lc
105	70	L
105	71	L
105	72	L
105	73	L
105	74	-1
105	75	-1
105	76	-1
105	77	L
105	78	L
105	79	-1
105	80	-1
105	81	-1
105	82	-1
105	83	L
105	84	L
105	85	L
105	86	-1
105	87	L
105	88	L
105	89	L
105	90	L
105	91	-1
105	92	-1
105	93	L
105	94	-1
105	95	L
105	96	-1
105	97	-1
105	98	-1
105	99	L
105	100	L
105	101	-1
105	102	-1
105	103	Lc
105	104	-1
105	105	-1
105	106	Lc
105	107	Lc
105	108	Lc
105	109	L
105	110	L
105	111	L
105	112	-1
105	113	L
105	114	-1
105	115	L
105	116	L
105	117	L
105	118	Lc
105	119	-1
106	0	Uc
106	1	-1
106	2	-1
106	3	Lc
106	4	Lc
106	5	-1
106	6	L
106	7	L
106	8	-1
106	9	L
106	10	L
106	11	-1
106	12	-1
106	13	-1
106	14	-1
106	15	-1
106	16	-1
106	17	-1
106	18	L
106	19	L
106	20	L
106	21	L
106	22	-1
106	23	L
106	24	L
106	25	-1
106	26	-1
106	27	L
106	28	L
106	29	L
106	30	L
106	31	L
106	32	L
106	33	-1
106	34	-1
106	35	L
106	36	L
106	37	-1
106	38	-1
106	39	-1
106	40	-1
106	41	-1
106	42	L
106	43	-1
106	44	L
106	45	L
106	46	-1
106	47	L
106	48	L
106	49	L
106	50	-1
106	51	L
106	52	L
106	53	-1
106	54	L
106	55	L
106	56	-1
106	57	-1
106	58	-1
106	59	-1
106	60	L
106	61	L
106	62	L
106	63	-1
106	64	L
106	65	L
106	66	L
106	67	-1
106	68	L
106	69	L
106	70	L
106	71	U
106	72	-1
106	73	L
106	74	-1
106	75	-1
106	76	L
106	77	L
106	78	-1
106	79	-1
106	80	L
106	81	L
106	82	L
106	83	-1
106	84	L
106	85	L
106	86	-1
106	87	-1
106	88	-1
106	89	-1
106	90	-1
106	91	-1
106	92	-1
106	93	-1
106	94	L
106	95	L
106	96	L
106	97	-1
106	98	L
106	99	-1
106	100	-1
106	101	-1
106	102	L
106	103	-1
106	104	Lc
106	105	-1
106	106	Lc
106	107	Lc
106	108	-1
106	109	Lc
106	110	L
106	111	-1
106	112	L
106	113	L
106	114	L
106	115	L
106	116	L
106	117	-1
106	118	-1
106	119	-1
107	0	-1
107	1	Lc
107	2	Lc
107	3	Lc
107	4	L
107	5	L
107	6	L
107	7	L
107	8	L
107	9	-1
107	10	-1
107	11	-1
107	12	-1
107	13	-1
107	14	-1
107	15	L
107	16	-1
107	17	L
107	18	-1
107	19	L
107	20	L
107	21	-1
107	22	L
107	23	-1
107	24	L
107	25	-1
107	26	L
107	27	-1
107	28	-1
107	29	L
107	30	L
107	31	-1
107	32	L
107	33	L
107	34	-1
107	35	L
107	36	L
107	37	L
107	38	-1
107	39	L
107	40	-1
107	41	-1
107	42	L
107	43	L
107	44	L
107	45	-1
107	46	-1
107	47	L
107	48	L
107	49	L
107	50	L
107	51	L
107	52	-1
107	53	-1
107	54	-1
107	55	-1
107	56	-1
107	57	L
107	58	-1
107	59	L
107	60	L
107	61	L
107	62	-1
107	63	L
107	64	L
107	65	L
107	66	L
107	67	-1
107	68	L
107	69	L
107	70	-1
107	71	-1
107	72	L
107	73	L
107	74	-1
107	75	L
107	76	L
107	77	-1
107	78	L
107	79	L
107	80	-1
107	81	L
107	82	L
107	83	L
107	84	-1
107	85	L
107	86	L
107	87	-1
107	88	-1
107	89	L
107	90	L
107	91	-1
107	92	L
107	93	L
107	94	-1
107	95	-1
107	96	-1
107	97	L
107	98	L
107	99	-1
107	100	-1
107	101	Lc
107	102	-1
107	103	L
107	104	-1
107	105	-1
107	106	-1
107	107	L
107	108	Lc
107	109	L
107	110	-1
107	111	Lc
107	112	Lc
107	113	-1
107	114	-1
107	115	-1
107	116	-1
107	117	-1
107	118	-1
107	119	Lc
108	0	Lc
108	1	-1
108	2	Lc
108	3	Lc
108	4	L
108	5	-1
108	6	-1
108	7	L
108	8	L
108	9	-1
108	10	-1
108	11	-1
108	12	U
108	13	-1
108	14	L
108	15	L
108	16	L
108	17	-1
108	18	-1
108	19	-1
108	20	-1
108	21	L
108	22	-1
108	23	-1
108	24	-1
108	25	-1
108	26	-1
108	27	L
108	28	L
108	29	-1
108	30	-1
108	31	L
108	32	L
108	33	L
108	34	-1
108	35	-1
108	36	-1
108	37	-1
108	38	-1
108	39	-1
108	40	-1
108	41	-1
108	42	-1
108	43	L
108	44	L
108	45	L
108	46	L
108	47	L
108	48	-1
108	49	-1
108	50	-1
108	51	L
108	52	L
108	53	-1
108	54	L
108	55	-1
108	56	L
108	57	L
108	58	L
108	59	-1
108	60	L
108	61	L
108	62	L
108	63	L
108	64	L
108	65	-1
108	66	-1
108	67	-1
108	68	L
108	69	L
108	70	U
108	71	L
108	72	L
108	73	-1
108	74	-1
108	75	-1
108	76	-1
108	77	L
108	78	L
108	79	-1
108	80	-1
108	81	-1
108	82	-1
108	83	L
108	84	-1
108	85	-1
108	86	-1
108	87	L
108	88	L
108	89	-1
108	90	-1
108	91	-1
108	92	L
108	93	-1
108	94	-1
108	95	-1
108	96	L
108	97	-1
108	98	-1
108	99	-1
108	100	L
108	101	-1
108	102	-1
108	103	-1
108	104	L
108	105	L
108	106	L
108	107	Lc
108	108	-1
108	109	-1
108	110	Lc
108	111	L
108	112	-1
108	113	Lc
108	114	-1
108	115	-1
108	116	-1
108	117	Lc
108	118	-1
108	119	-1
109	0	Lc
109	1	Lc
109	2	Lc
109	3	-1
109	4	-1
109	5	L
109	6	L
109	7	L
109	8	L
109	9	-1
109	10	L
109	11	-1
109	12	U
109	13	-1
109	14	L
109	15	L
109	16	-1
109	17	L
109	18	L
109	19	L
109	20	L
109	21	L
109	22	L
109	23	-1
109	24	-1
109	25	Uc
109	26	-1
109	27	L
109	28	L
109	29	-1
109	30	L
109	31	U
109	32	L
109	33	-1
109	34	L
109	35	-1
109	36	U
109	37	-1
109	38	L
109	39	L
109	40	L
109	41	-1
109	42	-1
109	43	L
109	44	L
109	45	-1
109	46	L
109	47	L
109	48	L
109	49	L
109	50	-1
109	51	-1
109	52	-1
109	53	-1
109	54	-1
109	55	-1
109	56	L
109	57	L
109	58	L
109	59	L
109	60	L
109	61	L
109	62	L
109	63	L
109	64	-1
109	65	-1
109	66	-1
109	67	L
109	68	-1
109	69	L
109	70	L
109	71	-1
109	72	L
109	73	L
109	74	-1
109	75	-1
109	76	-1
109	77	L
109	78	-1
109	79	-1
109	80	L
109	81	L
109	82	-1
109	83	L
109	84	-1
109	85	-1
109	86	L
109	87	-1
109	88	-1
109	89	L
109	90	-1
109	91	-1
109	92	-1
109	93	-1
109	94	L
109	95	L
109	96	L
109	97	-1
109	98	L
109	99	L
109	100	L
109	101	Lc
109	102	-1
109	103	Lc
109	104	L
109	105	Lc
109	106	L
109	107	-1
109	108	-1
109	109	-1
109	110	Lc
109	111	Lc
109	112	Lc
109	113	Lc
109	114	-1
109	115	-1
109	116	Lc
109	117	Lc
109	118	Lc
109	119	-1
110	0	-1
110	1	-1
110	2	Lc
110	3	Lc
110	4	L
110	5	L
110	6	L
110	7	L
110	8	L
110	9	U
110	10	U
110	11	-1
110	12	L
110	13	-1
110	14	U
110	15	L
110	16	-1
110	17	L
110	18	-1
110	19	-1
110	20	-1
110	21	-1
110	22	L
110	23	-1
110	24	-1
110	25	-1
110	26	-1
110	27	-1
110	28	L
110	29	-1
110	30	-1
110	31	L
110	32	-1
110	33	L
110	34	L
110	35	U
110	36	-1
110	37	L
110	38	L
110	39	L
110	40	L
110	41	-1
110	42	-1
110	43	-1
110	44	-1
110	45	L
110	46	L
110	47	L
110	48	L
110	49	-1
110	50	-1
110	51	-1
110	52	-1
110	53	-1
110	54	L
110	55	L
110	56	L
110	57	L
110	58	-1
110	59	L
110	60	-1
110	61	L
110	62	L
110	63	-1
110	64	-1
110	65	-1
110	66	L
110	67	-1
110	68	-1
110	69	-1
110	70	L
110	71	L
110	72	L
110	73	-1
110	74	-1
110	75	-1
110	76	-1
110	77	-1
110	78	-1
110	79	-1
110	80	L
110	81	L
110	82	-1
110	83	L
110	84	L
110	85	-1
110	86	L
110	87	-1
110	88	L
110	89	L
110	90	-1
110	91	-1
110	92	L
110	93	-1
110	94	L
110	95	-1
110	96	-1
110	97	-1
110	98	L
110	99	L
110	100	L
110	101	L
110	102	Lc
110	103	L
110	104	-1
110	105	L
110	106	Lc
110	107	-1
110	108	-1
110	109	-1
110	110	L
110	111	-1
110	112	-1
110	113	Lc
110	114	L
110	115	Lc
110	116	L
110	117	Lc
110	118	Lc
110	119	Lc
111	0	-1
111	1	-1
111	2	-1
111	3	-1
111	4	-1
111	5	-1
111	6	L
111	7	-1
111	8	L
111	9	Lc
111	10	U
111	11	-1
111	12	L
111	13	U
111	14	U
111	15	U
111	16	-1
111	17	-1
111	18	-1
111	19	L
111	20	L
111	21	-1
111	22	L
111	23	-1
111	24	-1
111	25	L
111	26	L
111	27	L
111	28	L
111	29	-1
111	30	-1
111	31	-1
111	32	-1
111	33	-1
111	34	-1
111	35	-1
111	36	-1
111	37	L
111	38	-1
111	39	-1
111	40	-1
111	41	L
111	42	L
111	43	L
111	44	L
111	45	-1
111	46	-1
111	47	-1
111	48	-1
111	49	-1
111	50	L
111	51	L
111	52	-1
111	53	L
111	54	-1
111	55	-1
111	56	-1
111	57	L
111	58	L
111	59	L
111	60	-1
111	61	-1
111	62	-1
111	63	-1
111	64	L
111	65	L
111	66	L
111	67	-1
111	68	-1
111	69	-1
111	70	L
111	71	L
111	72	L
111	73	L
111	74	L
111	75	-1
111	76	-1
111	77	-1
111	78	-1
111	79	-1
111	80	L
111	81	L
111	82	L
111	83	L
111	84	L
111	85	L
111	86	L
111	87	-1
111	88	L
111	89	-1
111	90	-1
111	91	-1
111	92	-1
111	93	L
111	94	Lc
111	95	Lc
111	96	-1
111	97	L
111	98	L
111	99	-1
111	100	L
111	101	L
111	102	L
111	103	Lc
111	104	-1
111	105	-1
111	106	L
111	107	Lc
111	108	-1
111	109	Lc
111	110	-1
111	111	Lc
111	112	-1
111	113	-1
111	114	Lc
111	115	L
111	116	-1
111	117	-1
111	118	-1
111	119	Lc
112	0	Lc
112	1	-1
112	2	-1
112	3	-1
112	4	-1
112	5	L
112	6	-1
112	7	-1
112	8	-1
112	9	L
112	10	L
112	11	-1
112	12	-1
112	13	U
112	14	-1
112	15	U
112	16	L
112	17	-1
112	18	-1
112	19	L
112	20	L
112	21	L
112	22	L
112	23	-1
112	24	-1
112	25	-1
112	26	-1
112	27	-1
112	28	-1
112	29	L
112	30	-1
112	31	-1
112	32	L
112	33	-1
112	34	-1
112	35	L
112	36	L
112	37	L
112	38	L
112	39	L
112	40	L
112	41	-1
112	42	L
112	43	L
112	44	-1
112	45	-1
112	46	-1
112	47	-1
112	48	-1
112	49	-1
112	50	-1
112	51	-1
112	52	L
112	53	L
112	54	-1
112	55	-1
112	56	L
112	57	L
112	58	L
112	59	-1
112	60	-1
112	61	-1
112	62	-1
112	63	-1
112	64	-1
112	65	L
112	66	-1
112	67	-1
112	68	L
112	69	-1
112	70	L
112	71	L
112	72	-1
112	73	L
112	74	-1
112	75	-1
112	76	-1
112	77	L
112	78	L
112	79	-1
112	80	-1
112	81	-1
112	82	-1
112	83	-1
112	84	L
112	85	L
112	86	-1
112	87	-1
112	88	-1
112	89	-1
112	90	L
112	91	-1
112	92	L
112	93	-1
112	94	Lc
112	95	-1
112	96	-1
112	97	L
112	98	L
112	99	L
112	100	-1
112	101	L
112	102	-1
112	103	-1
112	104	-1
112	105	-1
112	106	-1
112	107	-1
112	108	L
112	109	Lc
112	110	Lc
112	111	Lc
112	112	Lc
112	113	Lc
112	114	Lc
112	115	-1
112	116	-1
112	117	-1
112	118	Lc
112	119	-1
113	0	-1
113	1	-1
113	2	L
113	3	Lc
113	4	-1
113	5	L
113	6	L
113	7	-1
113	8	Lc
113	9	-1
113	10	-1
113	11	-1
113	12	-1
113	13	-1
113	14	U
113	15	U
113	16	L
113	17	-1
113	18	U
113	19	L
113	20	-1
113	21	L
113	22	L
113	23	-1
113	24	L
113	25	L
113	26	L
113	27	-1
113	28	-1
113	29	-1
113	30	-1
113	31	-1
113	32	-1
113	33	-1
113	34	L
113	35	-1
113	36	L
113	37	L
113	38	L
113	39	L
113	40	-1
113	41	-1
113	42	L
113	43	-1
113	44	L
113	45	L
113	46	-1
113	47	-1
113	48	-1
113	49	-1
113	50	-1
113	51	L
113	52	-1
113	53	-1
113	54	-1
113	55	L
113	56	-1
113	57	L
113	58	-1
113	59	L
113	60	L
113	61	-1
113	62	-1
113	63	-1
113	64	-1
113	65	L
113	66	-1
113	67	-1
113	68	L
113	69	-1
113	70	L
113	71	-1
113	72	L
113	73	L
113	74	-1
113	75	-1
113	76	L
113	77	-1
113	78	-1
113	79	L
113	80	L
113	81	L
113	82	-1
113	83	-1
113	84	L
113	85	L
113	86	L
113	87	-1
113	88	-1
113	89	-1
113	90	-1
113	91	L
113	92	L
113	93	-1
113	94	L
113	95	L
113	96	L
113	97	L
113	98	L
113	99	-1
113	100	-1
113	101	L
113	102	-1
113	103	-1
113	104	Lc
113	105	-1
113	106	-1
113	107	L
113	108	L
113	109	-1
113	110	-1
113	111	-1
113	112	-1
113	113	Lc
113	114	Lc
113	115	L
113	116	L
113	117	Lc
113	118	-1
113	119	-1
114	0	-1
114	1	-1
114	2	L
114	3	-1
114	4	-1
114	5	-1
114	6	Lc
114	7	-1
114	8	Lc
114	9	L
114	10	L
114	11	-1
114	12	-1
114	13	-1
114	14	-1
114	15	U
114	16	-1
114	17	L
114	18	-1
114	19	U
114	20	-1
114	21	-1
114	22	-1
114	23	-1
114	24	L
114	25	L
114	26	L
114	27	L
114	28	-1
114	29	-1
114	30	-1
114	31	-1
114	32	-1
114	33	L
114	34	L
114	35	L
114	36	-1
114	37	L
114	38	-1
114	39	-1
114	40	L
114	41	-1
114	42	-1
114	43	L
114	44	L
114	45	L
114	46	L
114	47	L
114	48	L
114	49	-1
114	50	L
114	51	L
114	52	-1
114	53	-1
114	54	-1
114	55	L
114	56	L
114	57	-1
114	58	-1
114	59	-1
114	60	L
114	61	-1
114	62	-1
114	63	L
114	64	-1
114	65	-1
114	66	L
114	67	L
114	68	L
114	69	-1
114	70	-1
114	71	-1
114	72	L
114	73	L
114	74	L
114	75	L
114	76	-1
114	77	L
114	78	-1
114	79	L
114	80	L
114	81	L
114	82	-1
114	83	-1
114	84	-1
114	85	-1
114	86	L
114	87	-1
114	88	L
114	89	L
114	90	L
114	91	-1
114	92	L
114	93	-1
114	94	L
114	95	L
114	96	L
114	97	L
114	98	L
114	99	L
114	100	-1
114	101	L
114	102	L
114	103	-1
114	104	Lc
114	105	Lc
114	106	Lc
114	107	-1
114	108	Lc
114	109	-1
114	110	-1
114	111	-1
114	112	-1
114	113	-1
114	114	-1
114	115	-1
114	116	Lc
114	117	-1
114	118	L
114	119	-1
115	0	-1
115	1	Lc
115	2	Lc
115	3	-1
115	4	-1
115	5	-1
115	6	Lc
115	7	Lc
115	8	Lc
115	9	-1
115	10	-1
115	11	L
115	12	L
115	13	L
115	14	L
115	15	-1
115	16	L
115	17	-1
115	18	L
115	19	L
115	20	-1
115	21	-1
115	22	-1
115	23	-1
115	24	L
115	25	-1
115	26	L
115	27	-1
115	28	L
115	29	-1
115	30	L
115	31	L
115	32	-1
115	33	L
115	34	L
115	35	-1
115	36	L
115	37	L
115	38	L
115	39	-1
115	40	-1
115	41	-1
115	42	L
115	43	L
115	44	-1
115	45	L
115	46	L
115	47	L
115	48	L
115	49	-1
115	50	L
115	51	L
115	52	-1
115	53	-1
115	54	-1
115	55	-1
115	56	-1
115	57	-1
115	58	L
115	59	-1
115	60	L
115	61	L
115	62	L
115	63	-1
115	64	L
115	65	-1
115	66	L
115	67	L
115	68	-1
115	69	-1
115	70	L
115	71	-1
115	72	-1
115	73	L
115	74	-1
115	75	-1
115	76	-1
115	77	L
115	78	-1
115	79	L
115	80	L
115	81	L
115	82	-1
115	83	L
115	84	-1
115	85	L
115	86	L
115	87	L
115	88	L
115	89	L
115	90	L
115	91	L
115	92	-1
115	93	-1
115	94	L
115	95	L
115	96	L
115	97	L
115	98	L
115	99	L
115	100	-1
115	101	-1
115	102	L
115	103	-1
115	104	-1
115	105	Lc
115	106	-1
115	107	Lc
115	108	-1
115	109	L
115	110	L
115	111	L
115	112	-1
115	113	-1
115	114	-1
115	115	Lc
115	116	-1
115	117	L
115	118	-1
115	119	Lc
116	0	-1
116	1	-1
116	2	Lc
116	3	Lc
116	4	-1
116	5	Lc
116	6	-1
116	7	Lc
116	8	L
116	9	-1
116	10	-1
116	11	Lc
116	12	L
116	13	-1
116	14	U
116	15	L
116	16	L
116	17	L
116	18	L
116	19	L
116	20	L
116	21	-1
116	22	L
116	23	-1
116	24	L
116	25	L
116	26	-1
116	27	L
116	28	L
116	29	-1
116	30	-1
116	31	-1
116	32	-1
116	33	L
116	34	L
116	35	-1
116	36	-1
116	37	L
116	38	L
116	39	-1
116	40	L
116	41	-1
116	42	L
116	43	L
116	44	L
116	45	L
116	46	L
116	47	L
116	48	L
116	49	L
116	50	L
116	51	-1
116	52	L
116	53	-1
116	54	-1
116	55	-1
116	56	L
116	57	L
116	58	L
116	59	L
116	60	L
116	61	L
116	62	-1
116	63	-1
116	64	-1
116	65	-1
116	66	L
116	67	-1
116	68	-1
116	69	L
116	70	-1
116	71	-1
116	72	L
116	73	-1
116	74	L
116	75	-1
116	76	-1
116	77	L
116	78	-1
116	79	-1
116	80	-1
116	81	-1
116	82	L
116	83	L
116	84	L
116	85	L
116	86	-1
116	87	-1
116	88	L
116	89	-1
116	90	L
116	91	Lc
116	92	L
116	93	L
116	94	L
116	95	-1
116	96	-1
116	97	L
116	98	L
116	99	-1
116	100	L
116	101	-1
116	102	-1
116	103	-1
116	104	-1
116	105	Lc
116	106	-1
116	107	-1
116	108	-1
116	109	L
116	110	-1
116	111	-1
116	112	-1
116	113	-1
116	114	-1
116	115	-1
116	116	-1
116	117	-1
116	118	-1
116	119	Lc
117	0	Lc
117	1	Lc
117	2	Lc
117	3	Lc
117	4	-1
117	5	L
117	6	-1
117	7	-1
117	8	-1
117	9	-1
117	10	-1
117	11	-1
117	12	L
117	13	L
117	14	U
117	15	U
117	16	U
117	17	L
117	18	U
117	19	L
117	20	L
117	21	L
117	22	-1
117	23	-1
117	24	L
117	25	L
117	26	L
117	27	L
117	28	-1
117	29	L
117	30	L
117	31	-1
117	32	-1
117	33	L
117	34	L
117	35	-1
117	36	L
117	37	L
117	38	-1
117	39	L
117	40	L
117	41	L
117	42	L
117	43	L
117	44	-1
117	45	-1
117	46	L
117	47	L
117	48	L
117	49	L
117	50	L
117	51	L
117	52	L
117	53	-1
117	54	L
117	55	-1
117	56	L
117	57	-1
117	58	L
117	59	-1
117	60	L
117	61	-1
117	62	-1
117	63	-1
117	64	U
117	65	-1
117	66	-1
117	67	-1
117	68	-1
117	69	L
117	70	U
117	71	-1
117	72	-1
117	73	L
117	74	-1
117	75	-1
117	76	-1
117	77	-1
117	78	L
117	79	-1
117	80	L
117	81	-1
117	82	L
117	83	L
117	84	L
117	85	L
117	86	-1
117	87	-1
117	88	-1
117	89	L
117	90	L
117	91	L
117	92	L
117	93	L
117	94	Lc
117	95	L
117	96	L
117	97	-1
117	98	-1
117	99	L
117	100	L
117	101	-1
117	102	-1
117	103	-1
117	104	-1
117	105	Lc
117	106	-1
117	107	-1
117	108	L
117	109	Lc
117	110	Lc
117	111	-1
117	112	-1
117	113	Lc
117	114	-1
117	115	-1
117	116	Lc
117	117	Lc
117	118	-1
117	119	-1
118	0	Lc
118	1	Lc
118	2	-1
118	3	Lc
118	4	-1
118	5	L
118	6	-1
118	7	-1
118	8	Lc
118	9	Lc
118	10	-1
118	11	-1
118	12	-1
118	13	-1
118	14	-1
118	15	U
118	16	U
118	17	-1
118	18	U
118	19	-1
118	20	L
118	21	U
118	22	-1
118	23	L
118	24	-1
118	25	L
118	26	L
118	27	L
118	28	-1
118	29	L
118	30	-1
118	31	L
118	32	L
118	33	-1
118	34	L
118	35	L
118	36	-1
118	37	-1
118	38	L
118	39	L
118	40	-1
118	41	L
118	42	-1
118	43	L
118	44	-1
118	45	-1
118	46	L
118	47	L
118	48	-1
118	49	L
118	50	-1
118	51	-1
118	52	L
118	53	-1
118	54	-1
118	55	L
118	56	L
118	57	L
118	58	-1
118	59	L
118	60	L
118	61	-1
118	62	Lc
118	63	Lc
118	64	-1
118	65	L
118	66	-1
118	67	-1
118	68	L
118	69	-1
118	70	L
118	71	U
118	72	L
118	73	L
118	74	L
118	75	L
118	76	L
118	77	L
118	78	-1
118	79	L
118	80	L
118	81	L
118	82	L
118	83	-1
118	84	-1
118	85	-1
118	86	-1
118	87	L
118	88	-1
118	89	-1
118	90	L
118	91	L
118	92	L
118	93	L
118	94	Lc
118	95	-1
118	96	L
118	97	L
118	98	L
118	99	L
118	100	L
118	101	L
118	102	L
118	103	L
118	104	-1
118	105	-1
118	106	Lc
118	107	-1
118	108	-1
118	109	Lc
118	110	Lc
118	111	-1
118	112	Lc
118	113	Lc
118	114	Lc
118	115	-1
118	116	-1
118	117	Lc
118	118	-1
118	119	Lc
119	0	Lc
119	1	Lc
119	2	Lc
119	3	-1
119	4	-1
119	5	-1
119	6	-1
119	7	-1
119	8	-1
119	9	-1
119	10	-1
119	11	-1
119	12	L
119	13	-1
119	14	Uc
119	15	-1
119	16	L
119	17	L
119	18	-1
119	19	-1
119	20	U
119	21	-1
119	22	U
119	23	L
119	24	L
119	25	-1
119	26	L
119	27	L
119	28	L
119	29	L
119	30	-1
119	31	L
119	32	-1
119	33	-1
119	34	L
119	35	L
119	36	L
119	37	-1
119	38	L
119	39	L
119	40	-1
119	41	-1
119	42	-1
119	43	-1
119	44	-1
119	45	L
119	46	L
119	47	L
119	48	-1
119	49	-1
119	50	-1
119	51	-1
119	52	-1
119	53	-1
119	54	-1
119	55	-1
119	56	L
119	57	-1
119	58	-1
119	59	-1
119	60	U
119	61	-1
119	62	L
119	63	-1
119	64	-1
119	65	Lc
119	66	-1
119	67	-1
119	68	-1
119	69	-1
119	70	L
119	71	-1
119	72	-1
119	73	-1
119	74	-1
119	75	-1
119	76	L
119	77	L
119	78	-1
119	79	L
119	80	L
119	81	L
119	82	L
119	83	L
119	84	-1
119	85	-1
119	86	-1
119	87	-1
119	88	L
119	89	-1
119	90	L
119	91	-1
119	92	L
119	93	L
119	94	L
119	95	L
119	96	L
119	97	L
119	98	L
119	99	L
119	100	-1
119	101	L
119	102	-1
119	103	L
119	104	Lc
119	105	Lc
119	106	-1
119	107	Lc
119	108	Lc
119	109	Lc
119	110	-1
119	111	-1
119	112	Lc
119	113	Lc
119	114	-1
119	115	Lc
119	116	-1
119	117	-1
119	118	-1
119	119	-1
