0	0	Lp
0	1	-1
0	2	-1
0	3	Lp
0	4	Lp
0	5	-1
0	6	Lp
0	7	Lp
0	8	U
0	9	Lp
0	10	Lp
0	11	Lp
0	12	-1
0	13	Lp
0	14	-1
0	15	-1
0	16	-1
0	17	-1
0	18	L
0	19	L
0	20	L
0	21	Lp
0	22	L
0	23	L
0	24	Lp
0	25	Lp
0	26	Lp
0	27	U
0	28	Lp
0	29	-1
0	30	Lp
0	31	Lp
0	32	Lp
0	33	-1
0	34	Lp
0	35	Lp
0	36	U
0	37	U
0	38	-1
0	39	L
0	40	L
0	41	L
0	42	L
0	43	-1
0	44	L
0	45	-1
0	46	L
0	47	-1
0	48	-1
0	49	L
0	50	L
0	51	L
0	52	-1
0	53	L
0	54	-1
0	55	-1
0	56	L
0	57	L
0	58	L
0	59	-1
0	60	L
0	61	-1
0	62	-1
0	63	Lp
0	64	Lp
0	65	Lp
0	66	Lp
0	67	Lp
0	68	Lp
0	69	-1
0	70	Lp
0	71	Lp
0	72	Lp
0	73	Lp
0	74	-1
0	75	L
0	76	Lp
0	77	L
0	78	L
0	79	L
0	80	L
0	81	Lp
0	82	L
0	83	Lp
0	84	Lp
0	85	Lp
0	86	-1
0	87	-1
0	88	U
0	89	U
0	90	L
0	91	-1
0	92	Lp
0	93	-1
0	94	L
0	95	U
0	96	L
0	97	-1
0	98	-1
0	99	-1
0	100	Lp
0	101	Lp
0	102	Lp
0	103	-1
0	104	-1
0	105	U
0	106	Lp
0	107	Lp
0	108	-1
0	109	-1
0	110	-1
0	111	-1
0	112	-1
0	113	Lp
0	114	-1
0	115	Lp
0	116	-1
0	117	Lp
0	118	Lp
0	119	-1
1	0	-1
1	1	Lp
1	2	Lp
1	3	-1
1	4	Lp
1	5	-1
1	6	-1
1	7	Lp
1	8	Lp
1	9	Lp
1	10	Lp
1	11	-1
1	12	Lp
1	13	-1
1	14	Lp
1	15	Lp
1	16	Lp
1	17	L
1	18	L
1	19	L
1	20	Lp
1	21	-1
1	22	L
1	23	Lp
1	24	-1
1	25	Lp
1	26	Lp
1	27	Lp
1	28	Lp
1	29	-1
1	30	-1
1	31	Lp
1	32	Lp
1	33	Lp
1	34	-1
1	35	U
1	36	Lp
1	37	U
1	38	Lp
1	39	Lp
1	40	L
1	41	-1
1	42	L
1	43	Lp
1	44	L
1	45	L
1	46	-1
1	47	-1
1	48	-1
1	49	L
1	50	L
1	51	-1
1	52	L
1	53	L
1	54	Lp
1	55	L
1	56	L
1	57	L
1	58	-1
1	59	L
1	60	-1
1	61	-1
1	62	-1
1	63	U
1	64	-1
1	65	-1
1	66	-1
1	67	-1
1	68	Lp
1	69	Lp
1	70	Lp
1	71	Lp
1	72	-1
1	73	Lp
1	74	-1
1	75	L
1	76	Lp
1	77	L
1	78	-1
1	79	-1
1	80	Lp
1	81	Lp
1	82	Lp
1	83	-1
1	84	Lp
1	85	-1
1	86	Lp
1	87	Lp
1	88	U
1	89	-1
1	90	L
1	91	Lp
1	92	L
1	93	-1
1	94	L
1	95	L
1	96	-1
1	97	L
1	98	Lp
1	99	L
1	100	L
1	101	-1
1	102	L
1	103	Lp
1	104	Lp
1	105	U
1	106	-1
1	107	L
1	108	Lp
1	109	-1
1	110	-1
1	111	-1
1	112	-1
1	113	Lp
1	114	-1
1	115	-1
1	116	-1
1	117	Lp
1	118	-1
1	119	Lp
2	0	U
2	1	-1
2	2	-1
2	3	Lp
2	4	-1
2	5	-1
2	6	Lp
2	7	Lp
2	8	Lp
2	9	-1
2	10	Lp
2	11	-1
2	12	Lp
2	13	-1
2	14	Lp
2	15	-1
2	16	-1
2	17	L
2	18	L
2	19	Lp
2	20	-1
2	21	-1
2	22	Lp
2	23	Lp
2	24	Lp
2	25	-1
2	26	-1
2	27	-1
2	28	Lp
2	29	Lp
2	30	-1
2	31	Lp
2	32	Lp
2	33	Lp
2	34	Lp
2	35	-1
2	36	-1
2	37	Lp
2	38	U
2	39	Lp
2	40	-1
2	41	Lp
2	42	Lp
2	43	Lp
2	44	L
2	45	L
2	46	L
2	47	L
2	48	L
2	49	L
2	50	L
2	51	L
2	52	L
2	53	-1
2	54	L
2	55	-1
2	56	L
2	57	L
2	58	L
2	59	L
2	60	-1
2	61	-1
2	62	Lp
2	63	-1
2	64	U
2	65	-1
2	66	-1
2	67	-1
2	68	Lp
2	69	Lp
2	70	Lp
2	71	Lp
2	72	Lp
2	73	Lp
2	74	Lp
2	75	Lp
2	76	Lp
2	77	L
2	78	Lp
2	79	-1
2	80	Lp
2	81	Lp
2	82	L
2	83	Lp
2	84	Lp
2	85	Lp
2	86	Lp
2	87	-1
2	88	Lp
2	89	L
2	90	L
2	91	Lp
2	92	U
2	93	L
2	94	-1
2	95	L
2	96	-1
2	97	L
2	98	Lp
2	99	L
2	100	-1
2	101	Lp
2	102	-1
2	103	-1
2	104	-1
2	105	-1
2	106	L
2	107	-1
2	108	L
2	109	-1
2	110	L
2	111	L
2	112	Lp
2	113	Lp
2	114	Lp
2	115	-1
2	116	Lp
2	117	L
2	118	Lp
2	119	-1
3	0	L
3	1	L
3	2	-1
3	3	L
3	4	Lp
3	5	Lp
3	6	Lp
3	7	Lp
3	8	Lp
3	9	Lp
3	10	Lp
3	11	-1
3	12	-1
3	13	-1
3	14	Lp
3	15	L
3	16	L
3	17	-1
3	18	L
3	19	L
3	20	L
3	21	L
3	22	Lp
3	23	-1
3	24	Lp
3	25	Lp
3	26	Lp
3	27	Lp
3	28	-1
3	29	-1
3	30	Lp
3	31	Lp
3	32	Lp
3	33	Lp
3	34	Lp
3	35	Lp
3	36	Lp
3	37	Lp
3	38	-1
3	39	-1
3	40	Lp
3	41	Lp
3	42	-1
3	43	Lp
3	44	Lp
3	45	Lp
3	46	Lp
3	47	L
3	48	-1
3	49	L
3	50	L
3	51	L
3	52	L
3	53	-1
3	54	L
3	55	-1
3	56	-1
3	57	L
3	58	-1
3	59	L
3	60	Lp
3	61	-1
3	62	Lp
3	63	-1
3	64	Lp
3	65	Lp
3	66	Lp
3	67	-1
3	68	Lp
3	69	-1
3	70	Lp
3	71	Lp
3	72	Lp
3	73	Lp
3	74	Lp
3	75	Lp
3	76	L
3	77	L
3	78	L
3	79	-1
3	80	-1
3	81	L
3	82	Lp
3	83	-1
3	84	L
3	85	Lp
3	86	U
3	87	U
3	88	U
3	89	U
3	90	U
3	91	-1
3	92	U
3	93	-1
3	94	L
3	95	-1
3	96	L
3	97	L
3	98	L
3	99	Lp
3	100	L
3	101	Lp
3	102	L
3	103	-1
3	104	Lp
3	105	L
3	106	L
3	107	L
3	108	Lp
3	109	-1
3	110	-1
3	111	Lp
3	112	Lp
3	113	-1
3	114	Lp
3	115	-1
3	116	Lp
3	117	L
3	118	U
3	119	U
4	0	U
4	1	-1
4	2	-1
4	3	U
4	4	-1
4	5	Lp
4	6	-1
4	7	Lp
4	8	Lp
4	9	Lp
4	10	-1
4	11	-1
4	12	Lp
4	13	-1
4	14	Lp
4	15	L
4	16	-1
4	17	-1
4	18	-1
4	19	L
4	20	L
4	21	Lp
4	22	Lp
4	23	Lp
4	24	Lp
4	25	Lp
4	26	-1
4	27	-1
4	28	Lp
4	29	Lp
4	30	Lp
4	31	Lp
4	32	Lp
4	33	Lp
4	34	-1
4	35	Lp
4	36	Lp
4	37	Lp
4	38	Lp
4	39	Lp
4	40	-1
4	41	Lp
4	42	Lp
4	43	Lp
4	44	Lp
4	45	Lp
4	46	Lp
4	47	L
4	48	-1
4	49	L
4	50	Lp
4	51	Lp
4	52	L
4	53	L
4	54	L
4	55	-1
4	56	-1
4	57	L
4	58	-1
4	59	L
4	60	Lp
4	61	Lp
4	62	Lp
4	63	-1
4	64	-1
4	65	Lp
4	66	Lp
4	67	Lp
4	68	-1
4	69	-1
4	70	Lp
4	71	Lp
4	72	Lp
4	73	Lp
4	74	Lp
4	75	Lp
4	76	-1
4	77	L
4	78	L
4	79	L
4	80	Lp
4	81	L
4	82	L
4	83	Lp
4	84	-1
4	85	Lp
4	86	U
4	87	-1
4	88	U
4	89	U
4	90	U
4	91	Lp
4	92	-1
4	93	L
4	94	-1
4	95	L
4	96	-1
4	97	L
4	98	L
4	99	-1
4	100	L
4	101	L
4	102	-1
4	103	L
4	104	-1
4	105	Lp
4	106	-1
4	107	L
4	108	L
4	109	Lp
4	110	-1
4	111	Lp
4	112	-1
4	113	-1
4	114	U
4	115	Lp
4	116	-1
4	117	L
4	118	Lp
4	119	U
5	0	L
5	1	-1
5	2	-1
5	3	L
5	4	L
5	5	Lp
5	6	Lp
5	7	Lp
5	8	Lp
5	9	-1
5	10	Lp
5	11	Lp
5	12	L
5	13	L
5	14	L
5	15	Lp
5	16	-1
5	17	L
5	18	L
5	19	-1
5	20	Lp
5	21	Lp
5	22	Lp
5	23	-1
5	24	Lp
5	25	Lp
5	26	Lp
5	27	Lp
5	28	Lp
5	29	-1
5	30	Lp
5	31	Lp
5	32	Lp
5	33	-1
5	34	Lp
5	35	Lp
5	36	Lp
5	37	Lp
5	38	-1
5	39	Lp
5	40	Lp
5	41	Lp
5	42	-1
5	43	Lp
5	44	-1
5	45	Lp
5	46	Lp
5	47	L
5	48	Lp
5	49	Lp
5	50	Lp
5	51	Lp
5	52	L
5	53	-1
5	54	L
5	55	L
5	56	L
5	57	L
5	58	L
5	59	Lp
5	60	Lp
5	61	Lp
5	62	Lp
5	63	Lp
5	64	Lp
5	65	Lp
5	66	Lp
5	67	Lp
5	68	Lp
5	69	Lp
5	70	-1
5	71	Lp
5	72	Lp
5	73	Lp
5	74	Lp
5	75	Lp
5	76	Lp
5	77	L
5	78	L
5	79	L
5	80	L
5	81	L
5	82	-1
5	83	Lp
5	84	-1
5	85	-1
5	86	-1
5	87	Lp
5	88	U
5	89	Lp
5	90	-1
5	91	-1
5	92	L
5	93	-1
5	94	L
5	95	-1
5	96	L
5	97	-1
5	98	-1
5	99	L
5	100	L
5	101	Lp
5	102	L
5	103	-1
5	104	L
5	105	L
5	106	L
5	107	L
5	108	L
5	109	-1
5	110	-1
5	111	-1
5	112	Lp
5	113	-1
5	114	Lp
5	115	-1
5	116	-1
5	117	L
5	118	L
5	119	-1
6	0	L
6	1	L
6	2	L
6	3	Lp
6	4	L
6	5	-1
6	6	-1
6	7	Lp
6	8	Lp
6	9	Lp
6	10	-1
6	11	-1
6	12	L
6	13	L
6	14	-1
6	15	Lp
6	16	Lp
6	17	-1
6	18	-1
6	19	-1
6	20	-1
6	21	-1
6	22	-1
6	23	Lp
6	24	Lp
6	25	Lp
6	26	-1
6	27	-1
6	28	Lp
6	29	L
6	30	L
6	31	L
6	32	L
6	33	Lp
6	34	Lp
6	35	Lp
6	36	Lp
6	37	-1
6	38	-1
6	39	Lp
6	40	-1
6	41	Lp
6	42	Lp
6	43	Lp
6	44	-1
6	45	Lp
6	46	Lp
6	47	Lp
6	48	Lp
6	49	Lp
6	50	Lp
6	51	U
6	52	L
6	53	L
6	54	L
6	55	L
6	56	L
6	57	L
6	58	L
6	59	Lp
6	60	-1
6	61	Lp
6	62	Lp
6	63	Lp
6	64	Lp
6	65	Lp
6	66	-1
6	67	-1
6	68	Lp
6	69	Lp
6	70	-1
6	71	Lp
6	72	Lp
6	73	Lp
6	74	Lp
6	75	Lp
6	76	Lp
6	77	L
6	78	U
6	79	-1
6	80	-1
6	81	-1
6	82	Lp
6	83	-1
6	84	Lp
6	85	-1
6	86	Lp
6	87	Lp
6	88	-1
6	89	-1
6	90	Lp
6	91	Lp
6	92	Lp
6	93	L
6	94	L
6	95	L
6	96	L
6	97	-1
6	98	L
6	99	L
6	100	L
6	101	-1
6	102	Lp
6	103	L
6	104	L
6	105	L
6	106	L
6	107	L
6	108	L
6	109	L
6	110	-1
6	111	L
6	112	-1
6	113	Lp
6	114	L
6	115	L
6	116	-1
6	117	L
6	118	-1
6	119	L
7	0	-1
7	1	L
7	2	Lp
7	3	L
7	4	L
7	5	Lp
7	6	Lp
7	7	-1
7	8	-1
7	9	-1
7	10	Lp
7	11	L
7	12	Lp
7	13	-1
7	14	-1
7	15	Lp
7	16	Lp
7	17	-1
7	18	-1
7	19	-1
7	20	L
7	21	-1
7	22	-1
7	23	L
7	24	L
7	25	Lp
7	26	Lp
7	27	Lp
7	28	-1
7	29	L
7	30	Lp
7	31	Lp
7	32	-1
7	33	-1
7	34	Lp
7	35	-1
7	36	Lp
7	37	Lp
7	38	Lp
7	39	-1
7	40	Lp
7	41	-1
7	42	Lp
7	43	Lp
7	44	-1
7	45	Lp
7	46	Lp
7	47	Lp
7	48	-1
7	49	Lp
7	50	-1
7	51	Lp
7	52	L
7	53	L
7	54	L
7	55	L
7	56	Lp
7	57	L
7	58	Lp
7	59	Lp
7	60	Lp
7	61	Lp
7	62	-1
7	63	Lp
7	64	Lp
7	65	Lp
7	66	Lp
7	67	Lp
7	68	Lp
7	69	-1
7	70	Lp
7	71	-1
7	72	Lp
7	73	Lp
7	74	Lp
7	75	Lp
7	76	Lp
7	77	-1
7	78	U
7	79	U
7	80	L
7	81	-1
7	82	-1
7	83	Lp
7	84	Lp
7	85	-1
7	86	Lp
7	87	Lp
7	88	Lp
7	89	Lp
7	90	Lp
7	91	L
7	92	L
7	93	-1
7	94	L
7	95	L
7	96	-1
7	97	-1
7	98	L
7	99	L
7	100	L
7	101	Lp
7	102	Lp
7	103	-1
7	104	-1
7	105	-1
7	106	Lp
7	107	L
7	108	-1
7	109	Lp
7	110	Lp
7	111	L
7	112	L
7	113	L
7	114	L
7	115	L
7	116	L
7	117	L
7	118	L
7	119	-1
8	0	-1
8	1	L
8	2	L
8	3	-1
8	4	Lp
8	5	Lp
8	6	Lp
8	7	Lp
8	8	Lp
8	9	Lp
8	10	-1
8	11	-1
8	12	U
8	13	Lp
8	14	-1
8	15	Lp
8	16	-1
8	17	Lp
8	18	L
8	19	Lp
8	20	Lp
8	21	L
8	22	L
8	23	L
8	24	-1
8	25	Lp
8	26	Lp
8	27	Lp
8	28	L
8	29	L
8	30	Lp
8	31	Lp
8	32	Lp
8	33	-1
8	34	Lp
8	35	-1
8	36	Lp
8	37	Lp
8	38	Lp
8	39	Lp
8	40	Lp
8	41	-1
8	42	-1
8	43	-1
8	44	Lp
8	45	-1
8	46	Lp
8	47	-1
8	48	Lp
8	49	Lp
8	50	Lp
8	51	Lp
8	52	L
8	53	L
8	54	L
8	55	-1
8	56	Lp
8	57	-1
8	58	-1
8	59	L
8	60	Lp
8	61	Lp
8	62	Lp
8	63	Lp
8	64	Lp
8	65	Lp
8	66	-1
8	67	Lp
8	68	-1
8	69	Lp
8	70	Lp
8	71	U
8	72	Lp
8	73	-1
8	74	Lp
8	75	Lp
8	76	Lp
8	77	Lp
8	78	U
8	79	-1
8	80	U
8	81	L
8	82	L
8	83	Lp
8	84	Lp
8	85	-1
8	86	-1
8	87	Lp
8	88	Lp
8	89	Lp
8	90	L
8	91	L
8	92	L
8	93	L
8	94	L
8	95	-1
8	96	L
8	97	Lp
8	98	Lp
8	99	L
8	100	Lp
8	101	-1
8	102	Lp
8	103	Lp
8	104	-1
8	105	Lp
8	106	-1
8	107	L
8	108	L
8	109	L
8	110	Lp
8	111	-1
8	112	L
8	113	-1
8	114	L
8	115	-1
8	116	-1
8	117	L
8	118	L
8	119	L
9	0	-1
9	1	L
9	2	L
9	3	L
9	4	Lp
9	5	-1
9	6	Lp
9	7	Lp
9	8	Lp
9	9	Lp
9	10	Lp
9	11	-1
9	12	-1
9	13	Lp
9	14	Lp
9	15	Lp
9	16	Lp
9	17	Lp
9	18	Lp
9	19	Lp
9	20	Lp
9	21	Lp
9	22	L
9	23	L
9	24	L
9	25	-1
9	26	Lp
9	27	Lp
9	28	Lp
9	29	Lp
9	30	Lp
9	31	-1
9	32	-1
9	33	Lp
9	34	Lp
9	35	U
9	36	Lp
9	37	Lp
9	38	Lp
9	39	-1
9	40	Lp
9	41	-1
9	42	-1
9	43	L
9	44	-1
9	45	L
9	46	-1
9	47	Lp
9	48	Lp
9	49	Lp
9	50	Lp
9	51	U
9	52	L
9	53	-1
9	54	L
9	55	L
9	56	L
9	57	Lp
9	58	-1
9	59	-1
9	60	Lp
9	61	L
9	62	Lp
9	63	-1
9	64	-1
9	65	Lp
9	66	Lp
9	67	Lp
9	68	-1
9	69	-1
9	70	-1
9	71	U
9	72	Lp
9	73	Lp
9	74	Lp
9	75	Lp
9	76	Lp
9	77	Lp
9	78	L
9	79	U
9	80	L
9	81	L
9	82	L
9	83	-1
9	84	Lp
9	85	-1
9	86	Lp
9	87	Lp
9	88	-1
9	89	-1
9	90	Lp
9	91	L
9	92	L
9	93	L
9	94	-1
9	95	L
9	96	L
9	97	Lp
9	98	L
9	99	L
9	100	Lp
9	101	L
9	102	L
9	103	Lp
9	104	Lp
9	105	Lp
9	106	-1
9	107	-1
9	108	L
9	109	-1
9	110	Lp
9	111	-1
9	112	L
9	113	-1
9	114	L
9	115	-1
9	116	L
9	117	L
9	118	L
9	119	-1
10	0	L
10	1	L
10	2	L
10	3	Lp
10	4	Lp
10	5	Lp
10	6	Lp
10	7	-1
10	8	Lp
10	9	Lp
10	10	Lp
10	11	Lp
10	12	-1
10	13	Lp
10	14	Lp
10	15	Lp
10	16	Lp
10	17	Lp
10	18	Lp
10	19	Lp
10	20	Lp
10	21	Lp
10	22	Lp
10	23	Lp
10	24	L
10	25	Lp
10	26	Lp
10	27	-1
10	28	Lp
10	29	-1
10	30	-1
10	31	-1
10	32	Lp
10	33	L
10	34	L
10	35	Lp
10	36	U
10	37	Lp
10	38	Lp
10	39	Lp
10	40	-1
10	41	Lp
10	42	-1
10	43	L
10	44	-1
10	45	-1
10	46	-1
10	47	L
10	48	-1
10	49	-1
10	50	L
10	51	-1
10	52	L
10	53	L
10	54	L
10	55	L
10	56	-1
10	57	U
10	58	U
10	59	-1
10	60	U
10	61	-1
10	62	-1
10	63	Lp
10	64	-1
10	65	Lp
10	66	Lp
10	67	Lp
10	68	Lp
10	69	-1
10	70	-1
10	71	-1
10	72	Lp
10	73	Lp
10	74	-1
10	75	Lp
10	76	Lp
10	77	Lp
10	78	L
10	79	Lp
10	80	U
10	81	-1
10	82	Lp
10	83	Lp
10	84	-1
10	85	Lp
10	86	Lp
10	87	Lp
10	88	Lp
10	89	-1
10	90	Lp
10	91	-1
10	92	-1
10	93	L
10	94	L
10	95	-1
10	96	-1
10	97	-1
10	98	Lp
10	99	L
10	100	L
10	101	-1
10	102	L
10	103	Lp
10	104	Lp
10	105	-1
10	106	L
10	107	L
10	108	L
10	109	Lp
10	110	Lp
10	111	Lp
10	112	-1
10	113	L
10	114	L
10	115	L
10	116	L
10	117	L
10	118	L
10	119	L
11	0	-1
11	1	L
11	2	-1
11	3	Lp
11	4	-1
11	5	-1
11	6	-1
11	7	Lp
11	8	Lp
11	9	Lp
11	10	U
11	11	-1
11	12	Lp
11	13	Lp
11	14	-1
11	15	Lp
11	16	Lp
11	17	-1
11	18	Lp
11	19	Lp
11	20	Lp
11	21	-1
11	22	-1
11	23	-1
11	24	-1
11	25	-1
11	26	-1
11	27	Lp
11	28	Lp
11	29	Lp
11	30	Lp
11	31	L
11	32	L
11	33	L
11	34	-1
11	35	L
11	36	Lp
11	37	Lp
11	38	L
11	39	Lp
11	40	Lp
11	41	-1
11	42	-1
11	43	Lp
11	44	-1
11	45	Lp
11	46	-1
11	47	Lp
11	48	Lp
11	49	-1
11	50	Lp
11	51	L
11	52	-1
11	53	L
11	54	L
11	55	L
11	56	-1
11	57	U
11	58	-1
11	59	-1
11	60	-1
11	61	U
11	62	Lp
11	63	Lp
11	64	Lp
11	65	Lp
11	66	-1
11	67	Lp
11	68	Lp
11	69	-1
11	70	-1
11	71	-1
11	72	Lp
11	73	Lp
11	74	Lp
11	75	Lp
11	76	Lp
11	77	Lp
11	78	Lp
11	79	L
11	80	-1
11	81	L
11	82	-1
11	83	-1
11	84	Lp
11	85	-1
11	86	Lp
11	87	Lp
11	88	L
11	89	Lp
11	90	Lp
11	91	Lp
11	92	-1
11	93	L
11	94	Lp
11	95	-1
11	96	Lp
11	97	Lp
11	98	Lp
11	99	-1
11	100	-1
11	101	Lp
11	102	L
11	103	L
11	104	Lp
11	105	-1
11	106	Lp
11	107	-1
11	108	L
11	109	L
11	110	Lp
11	111	-1
11	112	Lp
11	113	L
11	114	L
11	115	L
11	116	L
11	117	-1
11	118	L
11	119	L
12	0	L
12	1	-1
12	2	Lp
12	3	Lp
12	4	-1
12	5	-1
12	6	-1
12	7	Lp
12	8	Lp
12	9	Lp
12	10	Lp
12	11	-1
12	12	Lp
12	13	-1
12	14	-1
12	15	-1
12	16	-1
12	17	Lp
12	18	Lp
12	19	Lp
12	20	Lp
12	21	Lp
12	22	Lp
12	23	Lp
12	24	Lp
12	25	Lp
12	26	-1
12	27	Lp
12	28	-1
12	29	-1
12	30	L
12	31	-1
12	32	L
12	33	-1
12	34	L
12	35	Lp
12	36	Lp
12	37	Lp
12	38	Lp
12	39	L
12	40	Lp
12	41	-1
12	42	L
12	43	Lp
12	44	Lp
12	45	-1
12	46	-1
12	47	-1
12	48	Lp
12	49	-1
12	50	Lp
12	51	-1
12	52	-1
12	53	Lp
12	54	-1
12	55	U
12	56	U
12	57	Lp
12	58	-1
12	59	-1
12	60	U
12	61	Lp
12	62	Lp
12	63	Lp
12	64	Lp
12	65	Lp
12	66	Lp
12	67	-1
12	68	Lp
12	69	-1
12	70	Lp
12	71	-1
12	72	Lp
12	73	Lp
12	74	Lp
12	75	Lp
12	76	Lp
12	77	Lp
12	78	-1
12	79	L
12	80	L
12	81	-1
12	82	Lp
12	83	-1
12	84	Lp
12	85	Lp
12	86	L
12	87	Lp
12	88	Lp
12	89	L
12	90	Lp
12	91	Lp
12	92	Lp
12	93	Lp
12	94	-1
12	95	Lp
12	96	Lp
12	97	-1
12	98	Lp
12	99	Lp
12	100	Lp
12	101	L
12	102	L
12	103	L
12	104	L
12	105	Lp
12	106	Lp
12	107	L
12	108	Lp
12	109	Lp
12	110	-1
12	111	Lp
12	112	-1
12	113	L
12	114	L
12	115	Lp
12	116	L
12	117	-1
12	118	L
12	119	L
13	0	-1
13	1	Lp
13	2	Lp
13	3	U
13	4	-1
13	5	-1
13	6	Lp
13	7	-1
13	8	-1
13	9	Lp
13	10	Lp
13	11	Lp
13	12	Lp
13	13	-1
13	14	-1
13	15	Lp
13	16	Lp
13	17	Lp
13	18	Lp
13	19	Lp
13	20	-1
13	21	Lp
13	22	-1
13	23	U
13	24	-1
13	25	-1
13	26	Lp
13	27	Lp
13	28	L
13	29	L
13	30	L
13	31	L
13	32	-1
13	33	-1
13	34	Lp
13	35	-1
13	36	Lp
13	37	L
13	38	-1
13	39	L
13	40	L
13	41	-1
13	42	L
13	43	Lp
13	44	-1
13	45	Lp
13	46	Lp
13	47	Lp
13	48	Lp
13	49	Lp
13	50	Lp
13	51	-1
13	52	U
13	53	Lp
13	54	Lp
13	55	Lp
13	56	-1
13	57	Lp
13	58	U
13	59	-1
13	60	U
13	61	-1
13	62	Lp
13	63	-1
13	64	L
13	65	-1
13	66	Lp
13	67	Lp
13	68	-1
13	69	Lp
13	70	U
13	71	U
13	72	-1
13	73	Lp
13	74	Lp
13	75	Lp
13	76	Lp
13	77	Lp
13	78	Lp
13	79	Lp
13	80	-1
13	81	L
13	82	L
13	83	-1
13	84	Lp
13	85	Lp
13	86	Lp
13	87	L
13	88	Lp
13	89	Lp
13	90	Lp
13	91	Lp
13	92	Lp
13	93	Lp
13	94	Lp
13	95	Lp
13	96	Lp
13	97	Lp
13	98	Lp
13	99	Lp
13	100	-1
13	101	L
13	102	Lp
13	103	L
13	104	L
13	105	L
13	106	-1
13	107	Lp
13	108	Lp
13	109	-1
13	110	-1
13	111	Lp
13	112	L
13	113	-1
13	114	-1
13	115	-1
13	116	Lp
13	117	Lp
13	118	-1
13	119	L
14	0	Lp
14	1	-1
14	2	Lp
14	3	Lp
14	4	Lp
14	5	U
14	6	Lp
14	7	-1
14	8	Lp
14	9	Lp
14	10	-1
14	11	Lp
14	12	-1
14	13	-1
14	14	-1
14	15	Lp
14	16	Lp
14	17	Lp
14	18	Lp
14	19	Lp
14	20	-1
14	21	Lp
14	22	Lp
14	23	U
14	24	Lp
14	25	L
14	26	L
14	27	-1
14	28	Lp
14	29	L
14	30	L
14	31	-1
14	32	L
14	33	L
14	34	Lp
14	35	-1
14	36	-1
14	37	Lp
14	38	-1
14	39	-1
14	40	-1
14	41	Lp
14	42	Lp
14	43	L
14	44	Lp
14	45	Lp
14	46	Lp
14	47	Lp
14	48	Lp
14	49	Lp
14	50	-1
14	51	Lp
14	52	-1
14	53	Lp
14	54	Lp
14	55	Lp
14	56	-1
14	57	L
14	58	-1
14	59	-1
14	60	-1
14	61	U
14	62	-1
14	63	L
14	64	-1
14	65	Lp
14	66	-1
14	67	-1
14	68	Lp
14	69	Lp
14	70	-1
14	71	U
14	72	Lp
14	73	-1
14	74	Lp
14	75	Lp
14	76	-1
14	77	Lp
14	78	Lp
14	79	L
14	80	-1
14	81	L
14	82	L
14	83	-1
14	84	Lp
14	85	Lp
14	86	-1
14	87	Lp
14	88	L
14	89	-1
14	90	Lp
14	91	Lp
14	92	Lp
14	93	Lp
14	94	-1
14	95	Lp
14	96	Lp
14	97	Lp
14	98	Lp
14	99	Lp
14	100	L
14	101	L
14	102	L
14	103	L
14	104	L
14	105	L
14	106	-1
14	107	-1
14	108	Lp
14	109	Lp
14	110	-1
14	111	-1
14	112	Lp
14	113	-1
14	114	Lp
14	115	Lp
14	116	-1
14	117	Lp
14	118	-1
14	119	-1
15	0	L
15	1	Lp
15	2	U
15	3	Lp
15	4	U
15	5	L
15	6	Lp
15	7	Lp
15	8	Lp
15	9	Lp
15	10	Lp
15	11	Lp
15	12	Lp
15	13	Lp
15	14	-1
15	15	Lp
15	16	-1
15	17	-1
15	18	-1
15	19	Lp
15	20	-1
15	21	-1
15	22	U
15	23	U
15	24	Lp
15	25	-1
15	26	Lp
15	27	Lp
15	28	Lp
15	29	L
15	30	-1
15	31	-1
15	32	-1
15	33	L
15	34	-1
15	35	Lp
15	36	L
15	37	Lp
15	38	Lp
15	39	-1
15	40	Lp
15	41	Lp
15	42	Lp
15	43	Lp
15	44	-1
15	45	Lp
15	46	Lp
15	47	Lp
15	48	-1
15	49	-1
15	50	U
15	51	Lp
15	52	Lp
15	53	L
15	54	Lp
15	55	Lp
15	56	L
15	57	L
15	58	L
15	59	U
15	60	L
15	61	U
15	62	L
15	63	L
15	64	Lp
15	65	Lp
15	66	Lp
15	67	-1
15	68	Lp
15	69	Lp
15	70	-1
15	71	U
15	72	Lp
15	73	L
15	74	-1
15	75	Lp
15	76	U
15	77	Lp
15	78	-1
15	79	Lp
15	80	L
15	81	L
15	82	-1
15	83	-1
15	84	Lp
15	85	Lp
15	86	Lp
15	87	-1
15	88	L
15	89	L
15	90	L
15	91	L
15	92	Lp
15	93	L
15	94	L
15	95	-1
15	96	-1
15	97	Lp
15	98	-1
15	99	Lp
15	100	-1
15	101	U
15	102	Lp
15	103	L
15	104	Lp
15	105	U
15	106	Lp
15	107	Lp
15	108	Lp
15	109	Lp
15	110	-1
15	111	-1
15	112	Lp
15	113	Lp
15	114	L
15	115	Lp
15	116	Lp
15	117	Lp
15	118	Lp
15	119	Lp
16	0	-1
16	1	U
16	2	U
16	3	U
16	4	-1
16	5	L
16	6	Lp
16	7	Lp
16	8	-1
16	9	Lp
16	10	Lp
16	11	-1
16	12	Lp
16	13	U
16	14	-1
16	15	Lp
16	16	-1
16	17	Lp
16	18	-1
16	19	L
16	20	L
16	21	-1
16	22	Lp
16	23	Lp
16	24	-1
16	25	Lp
16	26	-1
16	27	Lp
16	28	Lp
16	29	L
16	30	-1
16	31	L
16	32	L
16	33	Lp
16	34	Lp
16	35	-1
16	36	-1
16	37	-1
16	38	-1
16	39	Lp
16	40	Lp
16	41	Lp
16	42	Lp
16	43	-1
16	44	-1
16	45	-1
16	46	Lp
16	47	Lp
16	48	Lp
16	49	-1
16	50	-1
16	51	L
16	52	-1
16	53	Lp
16	54	-1
16	55	-1
16	56	L
16	57	-1
16	58	L
16	59	L
16	60	Lp
16	61	Lp
16	62	-1
16	63	-1
16	64	L
16	65	Lp
16	66	Lp
16	67	-1
16	68	Lp
16	69	Lp
16	70	Lp
16	71	-1
16	72	-1
16	73	L
16	74	-1
16	75	Lp
16	76	-1
16	77	-1
16	78	L
16	79	L
16	80	L
16	81	L
16	82	-1
16	83	L
16	84	L
16	85	Lp
16	86	-1
16	87	L
16	88	L
16	89	L
16	90	L
16	91	L
16	92	L
16	93	L
16	94	-1
16	95	Lp
16	96	Lp
16	97	-1
16	98	Lp
16	99	Lp
16	100	Lp
16	101	Lp
16	102	U
16	103	L
16	104	L
16	105	U
16	106	Lp
16	107	Lp
16	108	Lp
16	109	Lp
16	110	-1
16	111	-1
16	112	Lp
16	113	-1
16	114	-1
16	115	-1
16	116	Lp
16	117	Lp
16	118	-1
16	119	-1
17	0	Lp
17	1	Lp
17	2	Lp
17	3	-1
17	4	L
17	5	-1
17	6	L
17	7	Lp
17	8	Lp
17	9	Lp
17	10	-1
17	11	Lp
17	12	Lp
17	13	U
17	14	-1
17	15	Lp
17	16	Lp
17	17	-1
17	18	-1
17	19	-1
17	20	-1
17	21	-1
17	22	L
17	23	-1
17	24	U
17	25	Lp
17	26	Lp
17	27	-1
17	28	Lp
17	29	Lp
17	30	-1
17	31	L
17	32	L
17	33	Lp
17	34	-1
17	35	Lp
17	36	Lp
17	37	Lp
17	38	Lp
17	39	L
17	40	Lp
17	41	Lp
17	42	Lp
17	43	Lp
17	44	-1
17	45	Lp
17	46	Lp
17	47	Lp
17	48	-1
17	49	Lp
17	50	Lp
17	51	-1
17	52	Lp
17	53	L
17	54	L
17	55	L
17	56	-1
17	57	-1
17	58	-1
17	59	Lp
17	60	Lp
17	61	-1
17	62	Lp
17	63	-1
17	64	-1
17	65	L
17	66	Lp
17	67	-1
17	68	-1
17	69	-1
17	70	Lp
17	71	-1
17	72	L
17	73	L
17	74	Lp
17	75	Lp
17	76	Lp
17	77	L
17	78	L
17	79	L
17	80	L
17	81	L
17	82	-1
17	83	L
17	84	-1
17	85	Lp
17	86	Lp
17	87	-1
17	88	Lp
17	89	L
17	90	Lp
17	91	-1
17	92	L
17	93	L
17	94	-1
17	95	L
17	96	Lp
17	97	-1
17	98	-1
17	99	-1
17	100	-1
17	101	Lp
17	102	L
17	103	-1
17	104	-1
17	105	-1
17	106	-1
17	107	Lp
17	108	-1
17	109	L
17	110	Lp
17	111	Lp
17	112	-1
17	113	Lp
17	114	-1
17	115	-1
17	116	L
17	117	Lp
17	118	-1
17	119	-1
18	0	-1
18	1	Lp
18	2	Lp
18	3	L
18	4	-1
18	5	L
18	6	Lp
18	7	Lp
18	8	-1
18	9	U
18	10	Lp
18	11	Lp
18	12	U
18	13	-1
18	14	U
18	15	-1
18	16	-1
18	17	L
18	18	-1
18	19	L
18	20	-1
18	21	U
18	22	U
18	23	U
18	24	-1
18	25	-1
18	26	-1
18	27	-1
18	28	Lp
18	29	Lp
18	30	-1
18	31	Lp
18	32	Lp
18	33	Lp
18	34	Lp
18	35	-1
18	36	Lp
18	37	L
18	38	Lp
18	39	Lp
18	40	L
18	41	Lp
18	42	Lp
18	43	Lp
18	44	Lp
18	45	L
18	46	Lp
18	47	-1
18	48	Lp
18	49	U
18	50	-1
18	51	-1
18	52	Lp
18	53	-1
18	54	L
18	55	L
18	56	Lp
18	57	Lp
18	58	Lp
18	59	Lp
18	60	L
18	61	U
18	62	-1
18	63	Lp
18	64	L
18	65	-1
18	66	Lp
18	67	Lp
18	68	-1
18	69	Lp
18	70	Lp
18	71	Lp
18	72	Lp
18	73	L
18	74	Lp
18	75	Lp
18	76	Lp
18	77	Lp
18	78	L
18	79	L
18	80	L
18	81	L
18	82	-1
18	83	-1
18	84	Lp
18	85	L
18	86	-1
18	87	Lp
18	88	Lp
18	89	Lp
18	90	Lp
18	91	U
18	92	-1
18	93	L
18	94	L
18	95	L
18	96	L
18	97	L
18	98	-1
18	99	Lp
18	100	Lp
18	101	Lp
18	102	-1
18	103	L
18	104	Lp
18	105	Lp
18	106	Lp
18	107	Lp
18	108	Lp
18	109	Lp
18	110	Lp
18	111	L
18	112	L
18	113	L
18	114	Lp
18	115	-1
18	116	-1
18	117	-1
18	118	Lp
18	119	-1
19	0	-1
19	1	L
19	2	-1
19	3	Lp
19	4	Lp
19	5	Lp
19	6	Lp
19	7	Lp
19	8	Lp
19	9	Lp
19	10	-1
19	11	Lp
19	12	-1
19	13	U
19	14	-1
19	15	-1
19	16	Lp
19	17	-1
19	18	U
19	19	U
19	20	U
19	21	U
19	22	U
19	23	Lp
19	24	Lp
19	25	-1
19	26	Lp
19	27	Lp
19	28	U
19	29	Lp
19	30	Lp
19	31	Lp
19	32	Lp
19	33	L
19	34	L
19	35	Lp
19	36	L
19	37	-1
19	38	Lp
19	39	-1
19	40	L
19	41	-1
19	42	L
19	43	-1
19	44	L
19	45	-1
19	46	-1
19	47	Lp
19	48	U
19	49	-1
19	50	Lp
19	51	Lp
19	52	-1
19	53	Lp
19	54	-1
19	55	Lp
19	56	Lp
19	57	Lp
19	58	Lp
19	59	L
19	60	-1
19	61	L
19	62	Lp
19	63	-1
19	64	Lp
19	65	Lp
19	66	Lp
19	67	Lp
19	68	Lp
19	69	Lp
19	70	-1
19	71	Lp
19	72	Lp
19	73	Lp
19	74	Lp
19	75	Lp
19	76	-1
19	77	Lp
19	78	-1
19	79	-1
19	80	L
19	81	-1
19	82	L
19	83	Lp
19	84	-1
19	85	-1
19	86	Lp
19	87	Lp
19	88	Lp
19	89	-1
19	90	-1
19	91	U
19	92	L
19	93	-1
19	94	L
19	95	L
19	96	L
19	97	Lp
19	98	L
19	99	-1
19	100	Lp
19	101	L
19	102	-1
19	103	Lp
19	104	Lp
19	105	-1
19	106	L
19	107	U
19	108	Lp
19	109	Lp
19	110	Lp
19	111	L
19	112	L
19	113	L
19	114	L
19	115	-1
19	116	L
19	117	-1
19	118	Lp
19	119	-1
20	0	-1
20	1	-1
20	2	L
20	3	-1
20	4	-1
20	5	-1
20	6	Lp
20	7	Lp
20	8	-1
20	9	Lp
20	10	-1
20	11	L
20	12	Lp
20	13	Lp
20	14	Lp
20	15	-1
20	16	L
20	17	Lp
20	18	Lp
20	19	U
20	20	U
20	21	Lp
20	22	-1
20	23	Lp
20	24	Lp
20	25	U
20	26	Lp
20	27	U
20	28	-1
20	29	-1
20	30	L
20	31	L
20	32	-1
20	33	L
20	34	L
20	35	L
20	36	L
20	37	-1
20	38	L
20	39	Lp
20	40	Lp
20	41	Lp
20	42	L
20	43	Lp
20	44	L
20	45	-1
20	46	Lp
20	47	Lp
20	48	Lp
20	49	Lp
20	50	Lp
20	51	L
20	52	Lp
20	53	L
20	54	-1
20	55	Lp
20	56	L
20	57	Lp
20	58	Lp
20	59	L
20	60	L
20	61	-1
20	62	Lp
20	63	Lp
20	64	Lp
20	65	Lp
20	66	-1
20	67	Lp
20	68	Lp
20	69	Lp
20	70	Lp
20	71	Lp
20	72	-1
20	73	Lp
20	74	-1
20	75	-1
20	76	Lp
20	77	Lp
20	78	Lp
20	79	-1
20	80	U
20	81	U
20	82	Lp
20	83	L
20	84	-1
20	85	L
20	86	Lp
20	87	Lp
20	88	Lp
20	89	-1
20	90	-1
20	91	U
20	92	-1
20	93	U
20	94	-1
20	95	L
20	96	L
20	97	L
20	98	Lp
20	99	-1
20	100	Lp
20	101	L
20	102	Lp
20	103	L
20	104	-1
20	105	L
20	106	Lp
20	107	-1
20	108	-1
20	109	Lp
20	110	L
20	111	-1
20	112	L
20	113	L
20	114	-1
20	115	L
20	116	L
20	117	L
20	118	-1
20	119	Lp
21	0	L
21	1	L
21	2	L
21	3	L
21	4	L
21	5	Lp
21	6	-1
21	7	Lp
21	8	Lp
21	9	-1
21	10	Lp
21	11	L
21	12	L
21	13	L
21	14	L
21	15	-1
21	16	Lp
21	17	-1
21	18	-1
21	19	-1
21	20	U
21	21	U
21	22	Lp
21	23	-1
21	24	Lp
21	25	Lp
21	26	Lp
21	27	Lp
21	28	-1
21	29	Lp
21	30	Lp
21	31	L
21	32	-1
21	33	-1
21	34	L
21	35	L
21	36	-1
21	37	L
21	38	-1
21	39	L
21	40	L
21	41	L
21	42	Lp
21	43	Lp
21	44	Lp
21	45	Lp
21	46	-1
21	47	Lp
21	48	Lp
21	49	Lp
21	50	-1
21	51	L
21	52	L
21	53	Lp
21	54	Lp
21	55	-1
21	56	-1
21	57	Lp
21	58	Lp
21	59	L
21	60	L
21	61	-1
21	62	-1
21	63	Lp
21	64	-1
21	65	Lp
21	66	Lp
21	67	L
21	68	L
21	69	-1
21	70	Lp
21	71	Lp
21	72	Lp
21	73	Lp
21	74	-1
21	75	Lp
21	76	Lp
21	77	U
21	78	U
21	79	U
21	80	U
21	81	U
21	82	L
21	83	L
21	84	L
21	85	L
21	86	Lp
21	87	L
21	88	U
21	89	Lp
21	90	Lp
21	91	-1
21	92	-1
21	93	-1
21	94	U
21	95	L
21	96	L
21	97	L
21	98	-1
21	99	Lp
21	100	Lp
21	101	L
21	102	L
21	103	L
21	104	L
21	105	Lp
21	106	L
21	107	U
21	108	L
21	109	-1
21	110	Lp
21	111	Lp
21	112	L
21	113	L
21	114	L
21	115	-1
21	116	L
21	117	Lp
21	118	Lp
21	119	L
22	0	-1
22	1	L
22	2	-1
22	3	L
22	4	L
22	5	-1
22	6	Lp
22	7	Lp
22	8	Lp
22	9	Lp
22	10	Lp
22	11	L
22	12	L
22	13	L
22	14	-1
22	15	L
22	16	-1
22	17	Lp
22	18	-1
22	19	Lp
22	20	-1
22	21	Lp
22	22	Lp
22	23	Lp
22	24	Lp
22	25	Lp
22	26	Lp
22	27	Lp
22	28	Lp
22	29	Lp
22	30	Lp
22	31	L
22	32	L
22	33	L
22	34	-1
22	35	-1
22	36	-1
22	37	L
22	38	-1
22	39	L
22	40	-1
22	41	Lp
22	42	Lp
22	43	Lp
22	44	-1
22	45	Lp
22	46	Lp
22	47	Lp
22	48	Lp
22	49	-1
22	50	Lp
22	51	Lp
22	52	Lp
22	53	Lp
22	54	Lp
22	55	L
22	56	Lp
22	57	L
22	58	-1
22	59	L
22	60	-1
22	61	Lp
22	62	Lp
22	63	Lp
22	64	Lp
22	65	L
22	66	L
22	67	L
22	68	L
22	69	L
22	70	-1
22	71	Lp
22	72	Lp
22	73	Lp
22	74	Lp
22	75	Lp
22	76	Lp
22	77	U
22	78	U
22	79	-1
22	80	U
22	81	-1
22	82	U
22	83	L
22	84	-1
22	85	-1
22	86	L
22	87	L
22	88	L
22	89	L
22	90	Lp
22	91	Lp
22	92	L
22	93	L
22	94	-1
22	95	L
22	96	-1
22	97	L
22	98	Lp
22	99	-1
22	100	-1
22	101	Lp
22	102	L
22	103	L
22	104	-1
22	105	L
22	106	Lp
22	107	L
22	108	-1
22	109	L
22	110	U
22	111	Lp
22	112	Lp
22	113	-1
22	114	L
22	115	L
22	116	-1
22	117	Lp
22	118	-1
22	119	L
23	0	L
23	1	L
23	2	L
23	3	L
23	4	-1
23	5	Lp
23	6	Lp
23	7	Lp
23	8	Lp
23	9	Lp
23	10	Lp
23	11	-1
23	12	L
23	13	-1
23	14	-1
23	15	Lp
23	16	-1
23	17	-1
23	18	Lp
23	19	Lp
23	20	Lp
23	21	Lp
23	22	-1
23	23	Lp
23	24	Lp
23	25	Lp
23	26	Lp
23	27	Lp
23	28	-1
23	29	Lp
23	30	Lp
23	31	-1
23	32	Lp
23	33	L
23	34	L
23	35	-1
23	36	-1
23	37	L
23	38	L
23	39	-1
23	40	L
23	41	Lp
23	42	-1
23	43	-1
23	44	-1
23	45	Lp
23	46	Lp
23	47	Lp
23	48	Lp
23	49	Lp
23	50	-1
23	51	Lp
23	52	Lp
23	53	Lp
23	54	Lp
23	55	Lp
23	56	L
23	57	L
23	58	L
23	59	-1
23	60	Lp
23	61	Lp
23	62	Lp
23	63	Lp
23	64	L
23	65	Lp
23	66	Lp
23	67	L
23	68	L
23	69	L
23	70	Lp
23	71	-1
23	72	Lp
23	73	Lp
23	74	Lp
23	75	L
23	76	Lp
23	77	Lp
23	78	U
23	79	U
23	80	L
23	81	-1
23	82	-1
23	83	-1
23	84	Lp
23	85	Lp
23	86	Lp
23	87	-1
23	88	Lp
23	89	Lp
23	90	Lp
23	91	Lp
23	92	Lp
23	93	L
23	94	L
23	95	L
23	96	-1
23	97	L
23	98	Lp
23	99	Lp
23	100	L
23	101	L
23	102	-1
23	103	Lp
23	104	-1
23	105	L
23	106	-1
23	107	Lp
23	108	L
23	109	L
23	110	L
23	111	L
23	112	L
23	113	U
23	114	L
23	115	L
23	116	L
23	117	L
23	118	-1
23	119	L
24	0	-1
24	1	Lp
24	2	L
24	3	L
24	4	-1
24	5	Lp
24	6	L
24	7	-1
24	8	Lp
24	9	Lp
24	10	Lp
24	11	L
24	12	U
24	13	L
24	14	L
24	15	Lp
24	16	Lp
24	17	Lp
24	18	Lp
24	19	Lp
24	20	Lp
24	21	-1
24	22	Lp
24	23	-1
24	24	-1
24	25	Lp
24	26	Lp
24	27	Lp
24	28	-1
24	29	Lp
24	30	Lp
24	31	Lp
24	32	Lp
24	33	L
24	34	L
24	35	-1
24	36	L
24	37	L
24	38	L
24	39	L
24	40	L
24	41	Lp
24	42	-1
24	43	L
24	44	Lp
24	45	Lp
24	46	-1
24	47	Lp
24	48	-1
24	49	Lp
24	50	Lp
24	51	-1
24	52	-1
24	53	-1
24	54	-1
24	55	-1
24	56	L
24	57	L
24	58	-1
24	59	L
24	60	Lp
24	61	Lp
24	62	-1
24	63	L
24	64	-1
24	65	Lp
24	66	Lp
24	67	-1
24	68	Lp
24	69	-1
24	70	-1
24	71	-1
24	72	Lp
24	73	Lp
24	74	U
24	75	L
24	76	L
24	77	U
24	78	U
24	79	U
24	80	U
24	81	L
24	82	-1
24	83	Lp
24	84	Lp
24	85	Lp
24	86	-1
24	87	Lp
24	88	Lp
24	89	Lp
24	90	Lp
24	91	Lp
24	92	Lp
24	93	-1
24	94	L
24	95	L
24	96	L
24	97	L
24	98	L
24	99	L
24	100	L
24	101	L
24	102	L
24	103	L
24	104	L
24	105	L
24	106	L
24	107	-1
24	108	L
24	109	-1
24	110	L
24	111	-1
24	112	-1
24	113	L
24	114	L
24	115	L
24	116	L
24	117	L
24	118	L
24	119	L
25	0	-1
25	1	Lp
25	2	Lp
25	3	L
25	4	Lp
25	5	L
25	6	U
25	7	-1
25	8	Lp
25	9	-1
25	10	Lp
25	11	U
25	12	U
25	13	L
25	14	L
25	15	L
25	16	-1
25	17	-1
25	18	Lp
25	19	Lp
25	20	Lp
25	21	Lp
25	22	Lp
25	23	Lp
25	24	Lp
25	25	Lp
25	26	U
25	27	Lp
25	28	-1
25	29	-1
25	30	Lp
25	31	Lp
25	32	Lp
25	33	Lp
25	34	L
25	35	L
25	36	-1
25	37	L
25	38	L
25	39	-1
25	40	-1
25	41	L
25	42	-1
25	43	L
25	44	Lp
25	45	Lp
25	46	-1
25	47	L
25	48	-1
25	49	-1
25	50	Lp
25	51	Lp
25	52	Lp
25	53	Lp
25	54	U
25	55	U
25	56	L
25	57	L
25	58	L
25	59	-1
25	60	Lp
25	61	L
25	62	-1
25	63	Lp
25	64	Lp
25	65	Lp
25	66	Lp
25	67	Lp
25	68	-1
25	69	Lp
25	70	Lp
25	71	Lp
25	72	-1
25	73	Lp
25	74	-1
25	75	U
25	76	Lp
25	77	Lp
25	78	Lp
25	79	Lp
25	80	-1
25	81	-1
25	82	Lp
25	83	Lp
25	84	-1
25	85	Lp
25	86	Lp
25	87	Lp
25	88	Lp
25	89	Lp
25	90	-1
25	91	Lp
25	92	-1
25	93	Lp
25	94	L
25	95	Lp
25	96	L
25	97	L
25	98	L
25	99	L
25	100	L
25	101	L
25	102	-1
25	103	L
25	104	L
25	105	-1
25	106	L
25	107	L
25	108	-1
25	109	L
25	110	L
25	111	U
25	112	-1
25	113	U
25	114	Lp
25	115	L
25	116	L
25	117	L
25	118	-1
25	119	L
26	0	L
26	1	-1
26	2	-1
26	3	-1
26	4	-1
26	5	Lp
26	6	U
26	7	Lp
26	8	U
26	9	-1
26	10	L
26	11	Lp
26	12	U
26	13	L
26	14	U
26	15	L
26	16	Lp
26	17	Lp
26	18	Lp
26	19	Lp
26	20	Lp
26	21	Lp
26	22	Lp
26	23	-1
26	24	Lp
26	25	Lp
26	26	Lp
26	27	Lp
26	28	Lp
26	29	Lp
26	30	-1
26	31	Lp
26	32	Lp
26	33	Lp
26	34	L
26	35	U
26	36	-1
26	37	U
26	38	L
26	39	-1
26	40	L
26	41	L
26	42	Lp
26	43	Lp
26	44	-1
26	45	-1
26	46	L
26	47	-1
26	48	Lp
26	49	Lp
26	50	Lp
26	51	-1
26	52	-1
26	53	Lp
26	54	Lp
26	55	U
26	56	L
26	57	-1
26	58	L
26	59	L
26	60	L
26	61	L
26	62	L
26	63	Lp
26	64	-1
26	65	Lp
26	66	Lp
26	67	-1
26	68	-1
26	69	Lp
26	70	Lp
26	71	Lp
26	72	Lp
26	73	Lp
26	74	L
26	75	L
26	76	Lp
26	77	-1
26	78	Lp
26	79	Lp
26	80	-1
26	81	U
26	82	-1
26	83	-1
26	84	Lp
26	85	-1
26	86	Lp
26	87	Lp
26	88	Lp
26	89	-1
26	90	Lp
26	91	-1
26	92	Lp
26	93	Lp
26	94	Lp
26	95	L
26	96	-1
26	97	L
26	98	L
26	99	-1
26	100	L
26	101	L
26	102	-1
26	103	L
26	104	L
26	105	-1
26	106	-1
26	107	-1
26	108	-1
26	109	-1
26	110	U
26	111	U
26	112	U
26	113	Lp
26	114	L
26	115	-1
26	116	L
26	117	-1
26	118	-1
26	119	-1
27	0	L
27	1	L
27	2	Lp
27	3	Lp
27	4	Lp
27	5	L
27	6	Lp
27	7	-1
27	8	Lp
27	9	L
27	10	Lp
27	11	-1
27	12	Lp
27	13	-1
27	14	L
27	15	U
27	16	U
27	17	-1
27	18	Lp
27	19	Lp
27	20	Lp
27	21	-1
27	22	Lp
27	23	Lp
27	24	Lp
27	25	Lp
27	26	-1
27	27	Lp
27	28	-1
27	29	Lp
27	30	Lp
27	31	Lp
27	32	L
27	33	L
27	34	L
27	35	-1
27	36	U
27	37	U
27	38	L
27	39	L
27	40	L
27	41	-1
27	42	Lp
27	43	Lp
27	44	-1
27	45	Lp
27	46	-1
27	47	Lp
27	48	Lp
27	49	Lp
27	50	Lp
27	51	Lp
27	52	Lp
27	53	Lp
27	54	L
27	55	Lp
27	56	L
27	57	Lp
27	58	Lp
27	59	-1
27	60	-1
27	61	-1
27	62	Lp
27	63	Lp
27	64	-1
27	65	Lp
27	66	Lp
27	67	-1
27	68	-1
27	69	Lp
27	70	Lp
27	71	Lp
27	72	Lp
27	73	L
27	74	L
27	75	L
27	76	L
27	77	-1
27	78	-1
27	79	Lp
27	80	-1
27	81	-1
27	82	-1
27	83	-1
27	84	Lp
27	85	Lp
27	86	Lp
27	87	L
27	88	L
27	89	-1
27	90	-1
27	91	-1
27	92	Lp
27	93	Lp
27	94	-1
27	95	-1
27	96	L
27	97	L
27	98	-1
27	99	Lp
27	100	Lp
27	101	-1
27	102	L
27	103	L
27	104	-1
27	105	L
27	106	L
27	107	L
27	108	L
27	109	-1
27	110	L
27	111	L
27	112	U
27	113	-1
27	114	-1
27	115	L
27	116	L
27	117	L
27	118	L
27	119	L
28	0	U
28	1	Lp
28	2	Lp
28	3	Lp
28	4	Lp
28	5	Lp
28	6	Lp
28	7	U
28	8	-1
28	9	Lp
28	10	-1
28	11	Lp
28	12	-1
28	13	U
28	14	-1
28	15	U
28	16	-1
28	17	-1
28	18	-1
28	19	L
28	20	-1
28	21	Lp
28	22	Lp
28	23	Lp
28	24	Lp
28	25	-1
28	26	Lp
28	27	-1
28	28	Lp
28	29	Lp
28	30	-1
28	31	Lp
28	32	L
28	33	L
28	34	L
28	35	-1
28	36	L
28	37	L
28	38	L
28	39	L
28	40	L
28	41	-1
28	42	Lp
28	43	Lp
28	44	-1
28	45	Lp
28	46	-1
28	47	Lp
28	48	U
28	49	-1
28	50	Lp
28	51	Lp
28	52	Lp
28	53	Lp
28	54	-1
28	55	L
28	56	Lp
28	57	Lp
28	58	-1
28	59	Lp
28	60	-1
28	61	-1
28	62	-1
28	63	U
28	64	Lp
28	65	-1
28	66	-1
28	67	Lp
28	68	-1
28	69	Lp
28	70	-1
28	71	Lp
28	72	Lp
28	73	L
28	74	Lp
28	75	Lp
28	76	L
28	77	L
28	78	L
28	79	-1
28	80	Lp
28	81	Lp
28	82	Lp
28	83	Lp
28	84	Lp
28	85	-1
28	86	Lp
28	87	Lp
28	88	Lp
28	89	-1
28	90	-1
28	91	-1
28	92	Lp
28	93	-1
28	94	-1
28	95	L
28	96	L
28	97	L
28	98	L
28	99	U
28	100	-1
28	101	L
28	102	L
28	103	L
28	104	L
28	105	Lp
28	106	L
28	107	L
28	108	L
28	109	-1
28	110	-1
28	111	-1
28	112	L
28	113	U
28	114	L
28	115	L
28	116	L
28	117	L
28	118	-1
28	119	-1
29	0	Lp
29	1	U
29	2	Lp
29	3	Lp
29	4	Lp
29	5	Lp
29	6	Lp
29	7	Lp
29	8	U
29	9	Lp
29	10	-1
29	11	Lp
29	12	Lp
29	13	U
29	14	U
29	15	U
29	16	-1
29	17	L
29	18	Lp
29	19	L
29	20	Lp
29	21	Lp
29	22	L
29	23	Lp
29	24	Lp
29	25	Lp
29	26	Lp
29	27	-1
29	28	Lp
29	29	Lp
29	30	Lp
29	31	Lp
29	32	Lp
29	33	L
29	34	L
29	35	L
29	36	-1
29	37	L
29	38	L
29	39	-1
29	40	L
29	41	-1
29	42	L
29	43	Lp
29	44	L
29	45	L
29	46	Lp
29	47	U
29	48	-1
29	49	Lp
29	50	Lp
29	51	-1
29	52	Lp
29	53	Lp
29	54	Lp
29	55	L
29	56	Lp
29	57	-1
29	58	L
29	59	L
29	60	-1
29	61	-1
29	62	U
29	63	U
29	64	U
29	65	Lp
29	66	Lp
29	67	Lp
29	68	-1
29	69	Lp
29	70	-1
29	71	Lp
29	72	-1
29	73	L
29	74	Lp
29	75	-1
29	76	Lp
29	77	L
29	78	-1
29	79	L
29	80	-1
29	81	Lp
29	82	Lp
29	83	-1
29	84	Lp
29	85	Lp
29	86	Lp
29	87	Lp
29	88	-1
29	89	Lp
29	90	-1
29	91	Lp
29	92	Lp
29	93	Lp
29	94	Lp
29	95	Lp
29	96	L
29	97	-1
29	98	Lp
29	99	Lp
29	100	U
29	101	-1
29	102	L
29	103	L
29	104	-1
29	105	L
29	106	L
29	107	L
29	108	-1
29	109	L
29	110	L
29	111	-1
29	112	-1
29	113	-1
29	114	-1
29	115	-1
29	116	-1
29	117	-1
29	118	-1
29	119	Lp
30	0	-1
30	1	Lp
30	2	U
30	3	U
30	4	Lp
30	5	Lp
30	6	-1
30	7	Lp
30	8	U
30	9	U
30	10	U
30	11	Lp
30	12	Lp
30	13	Lp
30	14	Lp
30	15	L
30	16	L
30	17	U
30	18	L
30	19	-1
30	20	Lp
30	21	-1
30	22	-1
30	23	Lp
30	24	Lp
30	25	Lp
30	26	-1
30	27	Lp
30	28	-1
30	29	Lp
30	30	Lp
30	31	Lp
30	32	L
30	33	Lp
30	34	L
30	35	L
30	36	Lp
30	37	L
30	38	L
30	39	L
30	40	L
30	41	L
30	42	L
30	43	L
30	44	-1
30	45	L
30	46	L
30	47	-1
30	48	Lp
30	49	-1
30	50	Lp
30	51	-1
30	52	Lp
30	53	Lp
30	54	Lp
30	55	L
30	56	Lp
30	57	Lp
30	58	Lp
30	59	-1
30	60	L
30	61	-1
30	62	U
30	63	-1
30	64	U
30	65	-1
30	66	Lp
30	67	Lp
30	68	Lp
30	69	Lp
30	70	Lp
30	71	Lp
30	72	Lp
30	73	Lp
30	74	Lp
30	75	L
30	76	Lp
30	77	-1
30	78	-1
30	79	L
30	80	L
30	81	Lp
30	82	-1
30	83	Lp
30	84	Lp
30	85	-1
30	86	Lp
30	87	-1
30	88	-1
30	89	Lp
30	90	Lp
30	91	-1
30	92	Lp
30	93	-1
30	94	Lp
30	95	Lp
30	96	Lp
30	97	-1
30	98	-1
30	99	Lp
30	100	L
30	101	L
30	102	L
30	103	Lp
30	104	Lp
30	105	L
30	106	L
30	107	L
30	108	-1
30	109	L
30	110	L
30	111	L
30	112	L
30	113	L
30	114	-1
30	115	-1
30	116	L
30	117	L
30	118	Lp
30	119	Lp
31	0	Lp
31	1	-1
31	2	Lp
31	3	-1
31	4	-1
31	5	L
31	6	-1
31	7	L
31	8	-1
31	9	U
31	10	-1
31	11	-1
31	12	Lp
31	13	Lp
31	14	Lp
31	15	L
31	16	-1
31	17	L
31	18	-1
31	19	L
31	20	Lp
31	21	L
31	22	-1
31	23	L
31	24	-1
31	25	Lp
31	26	Lp
31	27	Lp
31	28	Lp
31	29	Lp
31	30	-1
31	31	L
31	32	Lp
31	33	L
31	34	L
31	35	L
31	36	L
31	37	Lp
31	38	Lp
31	39	L
31	40	L
31	41	L
31	42	-1
31	43	L
31	44	L
31	45	L
31	46	L
31	47	Lp
31	48	-1
31	49	Lp
31	50	Lp
31	51	-1
31	52	L
31	53	L
31	54	-1
31	55	L
31	56	L
31	57	Lp
31	58	-1
31	59	L
31	60	L
31	61	-1
31	62	U
31	63	U
31	64	U
31	65	-1
31	66	-1
31	67	Lp
31	68	L
31	69	-1
31	70	L
31	71	Lp
31	72	L
31	73	L
31	74	L
31	75	Lp
31	76	L
31	77	-1
31	78	L
31	79	-1
31	80	-1
31	81	L
31	82	Lp
31	83	Lp
31	84	-1
31	85	Lp
31	86	Lp
31	87	Lp
31	88	-1
31	89	Lp
31	90	Lp
31	91	Lp
31	92	-1
31	93	Lp
31	94	-1
31	95	Lp
31	96	-1
31	97	Lp
31	98	Lp
31	99	-1
31	100	Lp
31	101	Lp
31	102	Lp
31	103	Lp
31	104	Lp
31	105	Lp
31	106	L
31	107	-1
31	108	-1
31	109	L
31	110	L
31	111	L
31	112	-1
31	113	L
31	114	L
31	115	L
31	116	-1
31	117	-1
31	118	-1
31	119	L
32	0	U
32	1	Lp
32	2	Lp
32	3	-1
32	4	L
32	5	U
32	6	L
32	7	U
32	8	Lp
32	9	U
32	10	U
32	11	Lp
32	12	Lp
32	13	Lp
32	14	Lp
32	15	-1
32	16	L
32	17	-1
32	18	L
32	19	L
32	20	Lp
32	21	L
32	22	-1
32	23	L
32	24	L
32	25	L
32	26	Lp
32	27	-1
32	28	L
32	29	-1
32	30	L
32	31	-1
32	32	L
32	33	-1
32	34	L
32	35	-1
32	36	L
32	37	L
32	38	Lp
32	39	-1
32	40	L
32	41	-1
32	42	L
32	43	-1
32	44	L
32	45	L
32	46	-1
32	47	Lp
32	48	Lp
32	49	Lp
32	50	Lp
32	51	Lp
32	52	Lp
32	53	L
32	54	-1
32	55	L
32	56	-1
32	57	L
32	58	L
32	59	-1
32	60	L
32	61	L
32	62	U
32	63	-1
32	64	L
32	65	L
32	66	Lp
32	67	Lp
32	68	Lp
32	69	L
32	70	-1
32	71	-1
32	72	L
32	73	-1
32	74	L
32	75	-1
32	76	L
32	77	-1
32	78	Lp
32	79	Lp
32	80	L
32	81	L
32	82	L
32	83	Lp
32	84	Lp
32	85	Lp
32	86	-1
32	87	Lp
32	88	-1
32	89	Lp
32	90	Lp
32	91	-1
32	92	-1
32	93	Lp
32	94	-1
32	95	Lp
32	96	Lp
32	97	Lp
32	98	-1
32	99	Lp
32	100	-1
32	101	Lp
32	102	Lp
32	103	Lp
32	104	Lp
32	105	L
32	106	L
32	107	L
32	108	-1
32	109	L
32	110	L
32	111	-1
32	112	Lp
32	113	L
32	114	L
32	115	L
32	116	Lp
32	117	L
32	118	-1
32	119	-1
33	0	-1
33	1	-1
33	2	Lp
33	3	L
33	4	-1
33	5	L
33	6	U
33	7	Lp
33	8	Lp
33	9	Lp
33	10	L
33	11	L
33	12	-1
33	13	Lp
33	14	Lp
33	15	Lp
33	16	L
33	17	L
33	18	L
33	19	L
33	20	-1
33	21	-1
33	22	L
33	23	L
33	24	L
33	25	Lp
33	26	-1
33	27	-1
33	28	Lp
33	29	L
33	30	-1
33	31	-1
33	32	L
33	33	L
33	34	-1
33	35	L
33	36	-1
33	37	L
33	38	L
33	39	L
33	40	L
33	41	L
33	42	-1
33	43	L
33	44	L
33	45	-1
33	46	-1
33	47	-1
33	48	U
33	49	Lp
33	50	Lp
33	51	Lp
33	52	L
33	53	-1
33	54	L
33	55	L
33	56	L
33	57	L
33	58	L
33	59	L
33	60	L
33	61	L
33	62	L
33	63	-1
33	64	-1
33	65	L
33	66	L
33	67	Lp
33	68	Lp
33	69	Lp
33	70	L
33	71	Lp
33	72	Lp
33	73	-1
33	74	-1
33	75	L
33	76	Lp
33	77	Lp
33	78	-1
33	79	Lp
33	80	Lp
33	81	Lp
33	82	Lp
33	83	-1
33	84	L
33	85	Lp
33	86	Lp
33	87	Lp
33	88	Lp
33	89	Lp
33	90	-1
33	91	Lp
33	92	-1
33	93	Lp
33	94	Lp
33	95	Lp
33	96	-1
33	97	Lp
33	98	-1
33	99	Lp
33	100	U
33	101	-1
33	102	-1
33	103	Lp
33	104	Lp
33	105	L
33	106	-1
33	107	L
33	108	L
33	109	-1
33	110	Lp
33	111	Lp
33	112	Lp
33	113	Lp
33	114	L
33	115	Lp
33	116	U
33	117	L
33	118	-1
33	119	-1
34	0	-1
34	1	Lp
34	2	Lp
34	3	-1
34	4	L
34	5	L
34	6	Lp
34	7	Lp
34	8	-1
34	9	Lp
34	10	-1
34	11	Lp
34	12	-1
34	13	L
34	14	L
34	15	-1
34	16	L
34	17	L
34	18	L
34	19	-1
34	20	-1
34	21	L
34	22	-1
34	23	L
34	24	L
34	25	Lp
34	26	Lp
34	27	-1
34	28	Lp
34	29	Lp
34	30	L
34	31	-1
34	32	L
34	33	L
34	34	L
34	35	L
34	36	L
34	37	-1
34	38	L
34	39	L
34	40	-1
34	41	L
34	42	-1
34	43	-1
34	44	-1
34	45	L
34	46	-1
34	47	-1
34	48	-1
34	49	-1
34	50	Lp
34	51	-1
34	52	-1
34	53	Lp
34	54	-1
34	55	L
34	56	L
34	57	-1
34	58	L
34	59	L
34	60	L
34	61	L
34	62	L
34	63	L
34	64	L
34	65	L
34	66	L
34	67	Lp
34	68	Lp
34	69	Lp
34	70	-1
34	71	L
34	72	Lp
34	73	Lp
34	74	-1
34	75	L
34	76	Lp
34	77	Lp
34	78	Lp
34	79	-1
34	80	-1
34	81	Lp
34	82	Lp
34	83	-1
34	84	-1
34	85	-1
34	86	Lp
34	87	Lp
34	88	Lp
34	89	Lp
34	90	Lp
34	91	-1
34	92	Lp
34	93	-1
34	94	Lp
34	95	Lp
34	96	-1
34	97	L
34	98	L
34	99	L
34	100	U
34	101	Lp
34	102	-1
34	103	Lp
34	104	Lp
34	105	Lp
34	106	L
34	107	-1
34	108	L
34	109	Lp
34	110	-1
34	111	Lp
34	112	-1
34	113	Lp
34	114	Lp
34	115	U
34	116	U
34	117	-1
34	118	U
34	119	Lp
35	0	-1
35	1	Lp
35	2	-1
35	3	L
35	4	U
35	5	Lp
35	6	-1
35	7	-1
35	8	-1
35	9	-1
35	10	Lp
35	11	U
35	12	-1
35	13	-1
35	14	Lp
35	15	L
35	16	L
35	17	-1
35	18	L
35	19	-1
35	20	Lp
35	21	L
35	22	-1
35	23	L
35	24	L
35	25	L
35	26	-1
35	27	Lp
35	28	L
35	29	-1
35	30	L
35	31	-1
35	32	L
35	33	-1
35	34	L
35	35	L
35	36	L
35	37	L
35	38	L
35	39	L
35	40	-1
35	41	L
35	42	L
35	43	L
35	44	L
35	45	L
35	46	-1
35	47	-1
35	48	-1
35	49	Lp
35	50	Lp
35	51	Lp
35	52	Lp
35	53	Lp
35	54	L
35	55	-1
35	56	L
35	57	L
35	58	L
35	59	L
35	60	-1
35	61	L
35	62	L
35	63	-1
35	64	-1
35	65	L
35	66	Lp
35	67	Lp
35	68	Lp
35	69	Lp
35	70	Lp
35	71	L
35	72	Lp
35	73	L
35	74	Lp
35	75	Lp
35	76	Lp
35	77	L
35	78	L
35	79	L
35	80	L
35	81	Lp
35	82	Lp
35	83	Lp
35	84	-1
35	85	-1
35	86	Lp
35	87	Lp
35	88	Lp
35	89	Lp
35	90	-1
35	91	Lp
35	92	Lp
35	93	Lp
35	94	-1
35	95	-1
35	96	L
35	97	L
35	98	L
35	99	L
35	100	L
35	101	-1
35	102	-1
35	103	U
35	104	Lp
35	105	Lp
35	106	Lp
35	107	L
35	108	-1
35	109	-1
35	110	L
35	111	-1
35	112	-1
35	113	Lp
35	114	-1
35	115	U
35	116	-1
35	117	U
35	118	U
35	119	Lp
36	0	Lp
36	1	U
36	2	Lp
36	3	L
36	4	L
36	5	L
36	6	L
36	7	U
36	8	L
36	9	L
36	10	U
36	11	U
36	12	L
36	13	L
36	14	-1
36	15	Lp
36	16	Lp
36	17	L
36	18	-1
36	19	-1
36	20	-1
36	21	Lp
36	22	L
36	23	L
36	24	-1
36	25	Lp
36	26	-1
36	27	L
36	28	L
36	29	-1
36	30	-1
36	31	L
36	32	L
36	33	L
36	34	L
36	35	L
36	36	L
36	37	L
36	38	-1
36	39	-1
36	40	L
36	41	L
36	42	L
36	43	L
36	44	-1
36	45	-1
36	46	L
36	47	-1
36	48	Lp
36	49	Lp
36	50	L
36	51	Lp
36	52	L
36	53	Lp
36	54	L
36	55	L
36	56	Lp
36	57	-1
36	58	L
36	59	-1
36	60	L
36	61	L
36	62	-1
36	63	L
36	64	-1
36	65	L
36	66	L
36	67	Lp
36	68	Lp
36	69	Lp
36	70	Lp
36	71	Lp
36	72	L
36	73	Lp
36	74	-1
36	75	Lp
36	76	L
36	77	L
36	78	L
36	79	-1
36	80	U
36	81	Lp
36	82	Lp
36	83	Lp
36	84	Lp
36	85	Lp
36	86	Lp
36	87	Lp
36	88	Lp
36	89	Lp
36	90	Lp
36	91	L
36	92	L
36	93	L
36	94	Lp
36	95	-1
36	96	L
36	97	L
36	98	L
36	99	L
36	100	L
36	101	L
36	102	U
36	103	U
36	104	U
36	105	Lp
36	106	-1
36	107	-1
36	108	-1
36	109	Lp
36	110	L
36	111	Lp
36	112	Lp
36	113	Lp
36	114	L
36	115	U
36	116	L
36	117	-1
36	118	Lp
36	119	-1
37	0	-1
37	1	Lp
37	2	-1
37	3	L
37	4	-1
37	5	L
37	6	L
37	7	L
37	8	L
37	9	Lp
37	10	-1
37	11	-1
37	12	L
37	13	-1
37	14	Lp
37	15	L
37	16	L
37	17	L
37	18	-1
37	19	L
37	20	L
37	21	L
37	22	-1
37	23	L
37	24	-1
37	25	L
37	26	L
37	27	L
37	28	L
37	29	L
37	30	L
37	31	-1
37	32	Lp
37	33	L
37	34	-1
37	35	L
37	36	Lp
37	37	Lp
37	38	L
37	39	L
37	40	L
37	41	-1
37	42	L
37	43	L
37	44	L
37	45	L
37	46	L
37	47	L
37	48	Lp
37	49	L
37	50	L
37	51	-1
37	52	-1
37	53	-1
37	54	Lp
37	55	L
37	56	Lp
37	57	Lp
37	58	-1
37	59	Lp
37	60	L
37	61	L
37	62	L
37	63	-1
37	64	-1
37	65	L
37	66	Lp
37	67	-1
37	68	-1
37	69	-1
37	70	Lp
37	71	Lp
37	72	Lp
37	73	Lp
37	74	Lp
37	75	Lp
37	76	L
37	77	Lp
37	78	-1
37	79	Lp
37	80	U
37	81	Lp
37	82	Lp
37	83	Lp
37	84	Lp
37	85	Lp
37	86	Lp
37	87	Lp
37	88	-1
37	89	-1
37	90	-1
37	91	-1
37	92	L
37	93	L
37	94	Lp
37	95	L
37	96	L
37	97	-1
37	98	L
37	99	L
37	100	L
37	101	L
37	102	U
37	103	-1
37	104	Lp
37	105	-1
37	106	-1
37	107	Lp
37	108	Lp
37	109	Lp
37	110	-1
37	111	L
37	112	-1
37	113	-1
37	114	-1
37	115	-1
37	116	Lp
37	117	-1
37	118	-1
37	119	Lp
38	0	-1
38	1	-1
38	2	Lp
38	3	L
38	4	L
38	5	L
38	6	L
38	7	-1
38	8	Lp
38	9	-1
38	10	-1
38	11	L
38	12	L
38	13	-1
38	14	L
38	15	L
38	16	-1
38	17	L
38	18	L
38	19	L
38	20	-1
38	21	L
38	22	L
38	23	L
38	24	-1
38	25	L
38	26	L
38	27	-1
38	28	-1
38	29	L
38	30	Lp
38	31	L
38	32	L
38	33	L
38	34	L
38	35	L
38	36	L
38	37	Lp
38	38	L
38	39	L
38	40	L
38	41	L
38	42	L
38	43	L
38	44	L
38	45	L
38	46	U
38	47	Lp
38	48	L
38	49	L
38	50	L
38	51	L
38	52	-1
38	53	-1
38	54	Lp
38	55	L
38	56	Lp
38	57	Lp
38	58	-1
38	59	Lp
38	60	L
38	61	L
38	62	L
38	63	L
38	64	L
38	65	L
38	66	L
38	67	Lp
38	68	-1
38	69	Lp
38	70	L
38	71	-1
38	72	Lp
38	73	Lp
38	74	-1
38	75	Lp
38	76	L
38	77	-1
38	78	Lp
38	79	Lp
38	80	Lp
38	81	Lp
38	82	Lp
38	83	Lp
38	84	Lp
38	85	Lp
38	86	Lp
38	87	Lp
38	88	Lp
38	89	-1
38	90	-1
38	91	L
38	92	L
38	93	L
38	94	-1
38	95	L
38	96	L
38	97	-1
38	98	L
38	99	L
38	100	Lp
38	101	U
38	102	Lp
38	103	Lp
38	104	Lp
38	105	Lp
38	106	Lp
38	107	Lp
38	108	Lp
38	109	Lp
38	110	Lp
38	111	Lp
38	112	-1
38	113	-1
38	114	-1
38	115	-1
38	116	L
38	117	-1
38	118	L
38	119	Lp
39	0	Lp
39	1	Lp
39	2	Lp
39	3	Lp
39	4	L
39	5	-1
39	6	-1
39	7	Lp
39	8	Lp
39	9	L
39	10	L
39	11	L
39	12	-1
39	13	-1
39	14	L
39	15	L
39	16	-1
39	17	-1
39	18	-1
39	19	-1
39	20	L
39	21	L
39	22	L
39	23	L
39	24	L
39	25	L
39	26	L
39	27	L
39	28	-1
39	29	L
39	30	L
39	31	-1
39	32	-1
39	33	Lp
39	34	L
39	35	L
39	36	L
39	37	L
39	38	L
39	39	Lp
39	40	Lp
39	41	-1
39	42	Lp
39	43	Lp
39	44	Lp
39	45	L
39	46	Lp
39	47	U
39	48	L
39	49	Lp
39	50	L
39	51	-1
39	52	-1
39	53	-1
39	54	Lp
39	55	Lp
39	56	Lp
39	57	Lp
39	58	Lp
39	59	L
39	60	-1
39	61	L
39	62	-1
39	63	-1
39	64	L
39	65	-1
39	66	Lp
39	67	-1
39	68	-1
39	69	-1
39	70	L
39	71	Lp
39	72	U
39	73	Lp
39	74	L
39	75	Lp
39	76	Lp
39	77	Lp
39	78	-1
39	79	Lp
39	80	-1
39	81	Lp
39	82	Lp
39	83	Lp
39	84	Lp
39	85	-1
39	86	-1
39	87	Lp
39	88	-1
39	89	Lp
39	90	L
39	91	-1
39	92	L
39	93	L
39	94	Lp
39	95	-1
39	96	Lp
39	97	-1
39	98	L
39	99	Lp
39	100	Lp
39	101	Lp
39	102	Lp
39	103	Lp
39	104	-1
39	105	Lp
39	106	Lp
39	107	Lp
39	108	Lp
39	109	-1
39	110	-1
39	111	-1
39	112	-1
39	113	L
39	114	Lp
39	115	Lp
39	116	-1
39	117	L
39	118	L
39	119	L
40	0	-1
40	1	Lp
40	2	-1
40	3	-1
40	4	-1
40	5	-1
40	6	-1
40	7	Lp
40	8	-1
40	9	-1
40	10	L
40	11	L
40	12	-1
40	13	-1
40	14	L
40	15	L
40	16	L
40	17	L
40	18	L
40	19	L
40	20	L
40	21	L
40	22	L
40	23	L
40	24	L
40	25	-1
40	26	L
40	27	L
40	28	L
40	29	L
40	30	L
40	31	L
40	32	-1
40	33	Lp
40	34	-1
40	35	L
40	36	Lp
40	37	-1
40	38	-1
40	39	Lp
40	40	Lp
40	41	Lp
40	42	-1
40	43	L
40	44	Lp
40	45	Lp
40	46	Lp
40	47	-1
40	48	Lp
40	49	-1
40	50	-1
40	51	Lp
40	52	Lp
40	53	Lp
40	54	-1
40	55	Lp
40	56	-1
40	57	L
40	58	Lp
40	59	-1
40	60	Lp
40	61	-1
40	62	-1
40	63	L
40	64	L
40	65	L
40	66	L
40	67	-1
40	68	L
40	69	-1
40	70	Lp
40	71	-1
40	72	Lp
40	73	Lp
40	74	Lp
40	75	-1
40	76	L
40	77	-1
40	78	-1
40	79	Lp
40	80	Lp
40	81	-1
40	82	Lp
40	83	Lp
40	84	Lp
40	85	-1
40	86	-1
40	87	Lp
40	88	Lp
40	89	Lp
40	90	Lp
40	91	Lp
40	92	-1
40	93	-1
40	94	Lp
40	95	L
40	96	L
40	97	Lp
40	98	Lp
40	99	Lp
40	100	Lp
40	101	Lp
40	102	-1
40	103	Lp
40	104	Lp
40	105	Lp
40	106	Lp
40	107	Lp
40	108	Lp
40	109	-1
40	110	-1
40	111	Lp
40	112	-1
40	113	L
40	114	L
40	115	L
40	116	L
40	117	Lp
40	118	L
40	119	L
41	0	Lp
41	1	Lp
41	2	-1
41	3	Lp
41	4	Lp
41	5	L
41	6	-1
41	7	Lp
41	8	-1
41	9	L
41	10	L
41	11	L
41	12	L
41	13	L
41	14	-1
41	15	L
41	16	-1
41	17	-1
41	18	-1
41	19	L
41	20	L
41	21	-1
41	22	L
41	23	L
41	24	L
41	25	-1
41	26	-1
41	27	-1
41	28	-1
41	29	L
41	30	L
41	31	L
41	32	L
41	33	L
41	34	L
41	35	L
41	36	Lp
41	37	L
41	38	L
41	39	L
41	40	Lp
41	41	-1
41	42	-1
41	43	L
41	44	Lp
41	45	Lp
41	46	-1
41	47	Lp
41	48	L
41	49	-1
41	50	L
41	51	-1
41	52	Lp
41	53	Lp
41	54	Lp
41	55	Lp
41	56	-1
41	57	L
41	58	-1
41	59	L
41	60	L
41	61	-1
41	62	L
41	63	L
41	64	-1
41	65	-1
41	66	L
41	67	L
41	68	-1
41	69	-1
41	70	-1
41	71	-1
41	72	Lp
41	73	Lp
41	74	Lp
41	75	Lp
41	76	L
41	77	Lp
41	78	Lp
41	79	-1
41	80	Lp
41	81	Lp
41	82	Lp
41	83	Lp
41	84	-1
41	85	Lp
41	86	-1
41	87	Lp
41	88	Lp
41	89	Lp
41	90	-1
41	91	-1
41	92	L
41	93	Lp
41	94	Lp
41	95	-1
41	96	Lp
41	97	Lp
41	98	-1
41	99	-1
41	100	Lp
41	101	Lp
41	102	Lp
41	103	Lp
41	104	Lp
41	105	Lp
41	106	Lp
41	107	Lp
41	108	Lp
41	109	Lp
41	110	Lp
41	111	-1
41	112	-1
41	113	-1
41	114	L
41	115	L
41	116	-1
41	117	L
41	118	Lp
41	119	-1
42	0	-1
42	1	-1
42	2	Lp
42	3	Lp
42	4	-1
42	5	L
42	6	-1
42	7	Lp
42	8	Lp
42	9	L
42	10	L
42	11	L
42	12	-1
42	13	L
42	14	L
42	15	L
42	16	-1
42	17	L
42	18	-1
42	19	L
42	20	-1
42	21	L
42	22	L
42	23	L
42	24	-1
42	25	-1
42	26	L
42	27	L
42	28	L
42	29	L
42	30	-1
42	31	L
42	32	L
42	33	L
42	34	L
42	35	-1
42	36	L
42	37	L
42	38	L
42	39	-1
42	40	-1
42	41	L
42	42	-1
42	43	-1
42	44	Lp
42	45	Lp
42	46	-1
42	47	-1
42	48	Lp
42	49	L
42	50	L
42	51	Lp
42	52	Lp
42	53	-1
42	54	Lp
42	55	-1
42	56	-1
42	57	-1
42	58	L
42	59	L
42	60	L
42	61	L
42	62	L
42	63	Lp
42	64	-1
42	65	L
42	66	L
42	67	L
42	68	L
42	69	L
42	70	L
42	71	-1
42	72	Lp
42	73	Lp
42	74	Lp
42	75	L
42	76	L
42	77	L
42	78	Lp
42	79	U
42	80	Lp
42	81	-1
42	82	Lp
42	83	-1
42	84	Lp
42	85	Lp
42	86	Lp
42	87	Lp
42	88	Lp
42	89	Lp
42	90	L
42	91	Lp
42	92	-1
42	93	L
42	94	L
42	95	-1
42	96	-1
42	97	Lp
42	98	L
42	99	-1
42	100	Lp
42	101	Lp
42	102	Lp
42	103	Lp
42	104	L
42	105	-1
42	106	Lp
42	107	Lp
42	108	-1
42	109	Lp
42	110	Lp
42	111	Lp
42	112	Lp
42	113	Lp
42	114	L
42	115	L
42	116	L
42	117	L
42	118	L
42	119	-1
43	0	Lp
43	1	Lp
43	2	Lp
43	3	Lp
43	4	Lp
43	5	Lp
43	6	L
43	7	Lp
43	8	-1
43	9	-1
43	10	L
43	11	L
43	12	L
43	13	-1
43	14	-1
43	15	L
43	16	L
43	17	L
43	18	L
43	19	L
43	20	-1
43	21	L
43	22	L
43	23	L
43	24	L
43	25	L
43	26	L
43	27	-1
43	28	L
43	29	L
43	30	L
43	31	-1
43	32	L
43	33	L
43	34	-1
43	35	Lp
43	36	-1
43	37	L
43	38	L
43	39	L
43	40	L
43	41	L
43	42	L
43	43	Lp
43	44	Lp
43	45	Lp
43	46	Lp
43	47	Lp
43	48	-1
43	49	-1
43	50	L
43	51	L
43	52	-1
43	53	L
43	54	L
43	55	L
43	56	L
43	57	Lp
43	58	Lp
43	59	L
43	60	-1
43	61	-1
43	62	-1
43	63	-1
43	64	-1
43	65	-1
43	66	L
43	67	-1
43	68	L
43	69	Lp
43	70	L
43	71	Lp
43	72	Lp
43	73	-1
43	74	-1
43	75	Lp
43	76	L
43	77	Lp
43	78	Lp
43	79	Lp
43	80	-1
43	81	-1
43	82	Lp
43	83	Lp
43	84	Lp
43	85	Lp
43	86	-1
43	87	Lp
43	88	Lp
43	89	U
43	90	-1
43	91	L
43	92	L
43	93	L
43	94	L
43	95	-1
43	96	-1
43	97	Lp
43	98	Lp
43	99	L
43	100	-1
43	101	U
43	102	-1
43	103	Lp
43	104	Lp
43	105	-1
43	106	Lp
43	107	-1
43	108	Lp
43	109	Lp
43	110	Lp
43	111	Lp
43	112	Lp
43	113	Lp
43	114	Lp
43	115	-1
43	116	-1
43	117	L
43	118	-1
43	119	Lp
44	0	-1
44	1	-1
44	2	Lp
44	3	L
44	4	Lp
44	5	L
44	6	Lp
44	7	Lp
44	8	Lp
44	9	-1
44	10	L
44	11	L
44	12	-1
44	13	L
44	14	L
44	15	U
44	16	L
44	17	L
44	18	L
44	19	-1
44	20	L
44	21	-1
44	22	L
44	23	L
44	24	-1
44	25	-1
44	26	L
44	27	L
44	28	L
44	29	L
44	30	L
44	31	L
44	32	-1
44	33	-1
44	34	-1
44	35	Lp
44	36	-1
44	37	-1
44	38	L
44	39	L
44	40	-1
44	41	L
44	42	L
44	43	-1
44	44	L
44	45	L
44	46	L
44	47	-1
44	48	L
44	49	-1
44	50	L
44	51	L
44	52	L
44	53	L
44	54	-1
44	55	L
44	56	L
44	57	-1
44	58	L
44	59	L
44	60	L
44	61	L
44	62	L
44	63	L
44	64	-1
44	65	-1
44	66	-1
44	67	-1
44	68	-1
44	69	-1
44	70	Lp
44	71	Lp
44	72	Lp
44	73	Lp
44	74	-1
44	75	Lp
44	76	-1
44	77	L
44	78	Lp
44	79	-1
44	80	-1
44	81	Lp
44	82	Lp
44	83	Lp
44	84	Lp
44	85	Lp
44	86	L
44	87	Lp
44	88	Lp
44	89	-1
44	90	-1
44	91	Lp
44	92	L
44	93	L
44	94	L
44	95	Lp
44	96	Lp
44	97	-1
44	98	-1
44	99	Lp
44	100	L
44	101	U
44	102	L
44	103	-1
44	104	Lp
44	105	-1
44	106	Lp
44	107	Lp
44	108	Lp
44	109	Lp
44	110	-1
44	111	Lp
44	112	Lp
44	113	Lp
44	114	-1
44	115	-1
44	116	L
44	117	L
44	118	Lp
44	119	Lp
45	0	Lp
45	1	Lp
45	2	Lp
45	3	Lp
45	4	L
45	5	L
45	6	Lp
45	7	L
45	8	L
45	9	L
45	10	L
45	11	L
45	12	Lp
45	13	U
45	14	-1
45	15	L
45	16	-1
45	17	L
45	18	-1
45	19	U
45	20	L
45	21	L
45	22	L
45	23	-1
45	24	L
45	25	-1
45	26	L
45	27	L
45	28	L
45	29	L
45	30	L
45	31	L
45	32	L
45	33	-1
45	34	L
45	35	L
45	36	-1
45	37	-1
45	38	-1
45	39	L
45	40	L
45	41	-1
45	42	-1
45	43	Lp
45	44	Lp
45	45	-1
45	46	Lp
45	47	Lp
45	48	-1
45	49	Lp
45	50	L
45	51	-1
45	52	L
45	53	L
45	54	L
45	55	-1
45	56	L
45	57	-1
45	58	L
45	59	-1
45	60	Lp
45	61	L
45	62	L
45	63	-1
45	64	-1
45	65	-1
45	66	L
45	67	-1
45	68	L
45	69	Lp
45	70	Lp
45	71	Lp
45	72	Lp
45	73	Lp
45	74	-1
45	75	-1
45	76	Lp
45	77	Lp
45	78	Lp
45	79	Lp
45	80	-1
45	81	L
45	82	Lp
45	83	Lp
45	84	-1
45	85	-1
45	86	Lp
45	87	Lp
45	88	Lp
45	89	-1
45	90	-1
45	91	L
45	92	L
45	93	-1
45	94	L
45	95	-1
45	96	Lp
45	97	Lp
45	98	Lp
45	99	-1
45	100	L
45	101	L
45	102	L
45	103	L
45	104	L
45	105	Lp
45	106	Lp
45	107	-1
45	108	-1
45	109	Lp
45	110	Lp
45	111	Lp
45	112	Lp
45	113	Lp
45	114	L
45	115	L
45	116	L
45	117	L
45	118	Lp
45	119	Lp
46	0	L
46	1	L
46	2	L
46	3	-1
46	4	L
46	5	Lp
46	6	Lp
46	7	L
46	8	-1
46	9	L
46	10	L
46	11	L
46	12	L
46	13	L
46	14	U
46	15	L
46	16	L
46	17	L
46	18	U
46	19	U
46	20	L
46	21	-1
46	22	-1
46	23	L
46	24	-1
46	25	L
46	26	L
46	27	L
46	28	-1
46	29	L
46	30	L
46	31	L
46	32	-1
46	33	Lp
46	34	Lp
46	35	L
46	36	L
46	37	L
46	38	L
46	39	-1
46	40	-1
46	41	-1
46	42	-1
46	43	L
46	44	Lp
46	45	Lp
46	46	Lp
46	47	Lp
46	48	-1
46	49	Lp
46	50	L
46	51	L
46	52	-1
46	53	L
46	54	L
46	55	-1
46	56	L
46	57	L
46	58	L
46	59	-1
46	60	-1
46	61	Lp
46	62	L
46	63	L
46	64	L
46	65	-1
46	66	Lp
46	67	-1
46	68	L
46	69	L
46	70	L
46	71	Lp
46	72	Lp
46	73	-1
46	74	-1
46	75	Lp
46	76	Lp
46	77	-1
46	78	Lp
46	79	Lp
46	80	L
46	81	L
46	82	L
46	83	L
46	84	Lp
46	85	L
46	86	Lp
46	87	Lp
46	88	L
46	89	Lp
46	90	L
46	91	L
46	92	L
46	93	L
46	94	Lp
46	95	-1
46	96	-1
46	97	Lp
46	98	-1
46	99	U
46	100	U
46	101	L
46	102	L
46	103	-1
46	104	L
46	105	L
46	106	Lp
46	107	-1
46	108	Lp
46	109	Lp
46	110	Lp
46	111	Lp
46	112	-1
46	113	L
46	114	-1
46	115	L
46	116	-1
46	117	-1
46	118	Lp
46	119	L
47	0	-1
47	1	L
47	2	-1
47	3	L
47	4	L
47	5	-1
47	6	Lp
47	7	Lp
47	8	-1
47	9	-1
47	10	L
47	11	L
47	12	L
47	13	L
47	14	L
47	15	-1
47	16	L
47	17	L
47	18	L
47	19	L
47	20	-1
47	21	L
47	22	L
47	23	-1
47	24	Lp
47	25	L
47	26	-1
47	27	L
47	28	L
47	29	-1
47	30	Lp
47	31	-1
47	32	Lp
47	33	L
47	34	L
47	35	L
47	36	-1
47	37	L
47	38	-1
47	39	L
47	40	L
47	41	L
47	42	L
47	43	L
47	44	-1
47	45	Lp
47	46	Lp
47	47	Lp
47	48	L
47	49	Lp
47	50	Lp
47	51	L
47	52	-1
47	53	-1
47	54	-1
47	55	L
47	56	L
47	57	L
47	58	-1
47	59	L
47	60	L
47	61	Lp
47	62	L
47	63	L
47	64	L
47	65	Lp
47	66	L
47	67	L
47	68	-1
47	69	L
47	70	Lp
47	71	Lp
47	72	Lp
47	73	Lp
47	74	-1
47	75	Lp
47	76	Lp
47	77	Lp
47	78	Lp
47	79	L
47	80	L
47	81	L
47	82	-1
47	83	L
47	84	-1
47	85	Lp
47	86	L
47	87	L
47	88	-1
47	89	L
47	90	L
47	91	-1
47	92	L
47	93	-1
47	94	Lp
47	95	L
47	96	-1
47	97	-1
47	98	-1
47	99	-1
47	100	U
47	101	L
47	102	-1
47	103	-1
47	104	L
47	105	L
47	106	L
47	107	Lp
47	108	L
47	109	-1
47	110	Lp
47	111	Lp
47	112	-1
47	113	L
47	114	-1
47	115	-1
47	116	-1
47	117	-1
47	118	L
47	119	Lp
48	0	Lp
48	1	-1
48	2	L
48	3	L
48	4	L
48	5	L
48	6	Lp
48	7	L
48	8	Lp
48	9	L
48	10	L
48	11	L
48	12	L
48	13	L
48	14	-1
48	15	-1
48	16	-1
48	17	L
48	18	L
48	19	-1
48	20	-1
48	21	L
48	22	Lp
48	23	L
48	24	Lp
48	25	Lp
48	26	Lp
48	27	L
48	28	Lp
48	29	Lp
48	30	-1
48	31	-1
48	32	L
48	33	-1
48	34	L
48	35	L
48	36	L
48	37	L
48	38	L
48	39	L
48	40	-1
48	41	-1
48	42	L
48	43	L
48	44	Lp
48	45	Lp
48	46	Lp
48	47	L
48	48	-1
48	49	L
48	50	-1
48	51	L
48	52	L
48	53	-1
48	54	-1
48	55	L
48	56	-1
48	57	L
48	58	-1
48	59	L
48	60	-1
48	61	L
48	62	-1
48	63	L
48	64	L
48	65	L
48	66	L
48	67	L
48	68	L
48	69	L
48	70	-1
48	71	Lp
48	72	Lp
48	73	Lp
48	74	-1
48	75	Lp
48	76	Lp
48	77	-1
48	78	L
48	79	L
48	80	Lp
48	81	L
48	82	L
48	83	L
48	84	-1
48	85	-1
48	86	L
48	87	-1
48	88	L
48	89	Lp
48	90	-1
48	91	Lp
48	92	Lp
48	93	-1
48	94	L
48	95	L
48	96	-1
48	97	Lp
48	98	-1
48	99	-1
48	100	L
48	101	L
48	102	Lp
48	103	-1
48	104	L
48	105	L
48	106	L
48	107	L
48	108	Lp
48	109	-1
48	110	-1
48	111	L
48	112	-1
48	113	L
48	114	-1
48	115	-1
48	116	L
48	117	L
48	118	L
48	119	L
49	0	L
49	1	L
49	2	L
49	3	L
49	4	L
49	5	L
49	6	-1
49	7	L
49	8	L
49	9	L
49	10	L
49	11	L
49	12	L
49	13	L
49	14	-1
49	15	L
49	16	L
49	17	L
49	18	L
49	19	L
49	20	L
49	21	-1
49	22	Lp
49	23	Lp
49	24	-1
49	25	Lp
49	26	Lp
49	27	L
49	28	L
49	29	L
49	30	L
49	31	Lp
49	32	L
49	33	-1
49	34	L
49	35	L
49	36	L
49	37	L
49	38	L
49	39	L
49	40	-1
49	41	-1
49	42	L
49	43	-1
49	44	Lp
49	45	-1
49	46	L
49	47	L
49	48	-1
49	49	L
49	50	Lp
49	51	L
49	52	-1
49	53	L
49	54	L
49	55	L
49	56	L
49	57	L
49	58	L
49	59	-1
49	60	-1
49	61	L
49	62	L
49	63	-1
49	64	-1
49	65	Lp
49	66	L
49	67	-1
49	68	L
49	69	L
49	70	-1
49	71	Lp
49	72	Lp
49	73	Lp
49	74	-1
49	75	Lp
49	76	-1
49	77	Lp
49	78	L
49	79	Lp
49	80	Lp
49	81	L
49	82	Lp
49	83	-1
49	84	-1
49	85	L
49	86	L
49	87	L
49	88	L
49	89	Lp
49	90	Lp
49	91	Lp
49	92	L
49	93	L
49	94	L
49	95	Lp
49	96	Lp
49	97	-1
49	98	-1
49	99	Lp
49	100	Lp
49	101	Lp
49	102	-1
49	103	L
49	104	L
49	105	L
49	106	L
49	107	-1
49	108	-1
49	109	L
49	110	L
49	111	-1
49	112	-1
49	113	L
49	114	L
49	115	L
49	116	-1
49	117	L
49	118	L
49	119	L
50	0	L
50	1	-1
50	2	L
50	3	L
50	4	L
50	5	L
50	6	L
50	7	L
50	8	L
50	9	L
50	10	L
50	11	L
50	12	L
50	13	L
50	14	L
50	15	L
50	16	L
50	17	-1
50	18	L
50	19	-1
50	20	L
50	21	L
50	22	-1
50	23	Lp
50	24	Lp
50	25	-1
50	26	-1
50	27	Lp
50	28	Lp
50	29	-1
50	30	Lp
50	31	Lp
50	32	L
50	33	L
50	34	L
50	35	-1
50	36	L
50	37	L
50	38	L
50	39	Lp
50	40	Lp
50	41	L
50	42	L
50	43	-1
50	44	Lp
50	45	Lp
50	46	L
50	47	-1
50	48	Lp
50	49	Lp
50	50	-1
50	51	L
50	52	L
50	53	L
50	54	L
50	55	L
50	56	-1
50	57	L
50	58	L
50	59	L
50	60	-1
50	61	L
50	62	Lp
50	63	L
50	64	-1
50	65	-1
50	66	-1
50	67	L
50	68	L
50	69	Lp
50	70	Lp
50	71	Lp
50	72	-1
50	73	-1
50	74	Lp
50	75	Lp
50	76	-1
50	77	L
50	78	L
50	79	Lp
50	80	-1
50	81	Lp
50	82	L
50	83	Lp
50	84	-1
50	85	L
50	86	L
50	87	L
50	88	L
50	89	Lp
50	90	Lp
50	91	Lp
50	92	L
50	93	L
50	94	L
50	95	Lp
50	96	L
50	97	Lp
50	98	Lp
50	99	Lp
50	100	Lp
50	101	U
50	102	L
50	103	L
50	104	-1
50	105	L
50	106	L
50	107	-1
50	108	L
50	109	L
50	110	L
50	111	L
50	112	L
50	113	L
50	114	-1
50	115	-1
50	116	L
50	117	L
50	118	L
50	119	L
51	0	L
51	1	L
51	2	L
51	3	L
51	4	-1
51	5	L
51	6	L
51	7	-1
51	8	-1
51	9	L
51	10	L
51	11	L
51	12	L
51	13	L
51	14	-1
51	15	L
51	16	L
51	17	L
51	18	L
51	19	-1
51	20	-1
51	21	L
51	22	L
51	23	L
51	24	Lp
51	25	Lp
51	26	Lp
51	27	Lp
51	28	Lp
51	29	Lp
51	30	L
51	31	L
51	32	L
51	33	L
51	34	L
51	35	-1
51	36	L
51	37	L
51	38	L
51	39	Lp
51	40	-1
51	41	L
51	42	-1
51	43	L
51	44	Lp
51	45	-1
51	46	L
51	47	Lp
51	48	Lp
51	49	Lp
51	50	L
51	51	-1
51	52	L
51	53	L
51	54	-1
51	55	L
51	56	L
51	57	L
51	58	L
51	59	L
51	60	L
51	61	-1
51	62	Lp
51	63	L
51	64	-1
51	65	L
51	66	Lp
51	67	-1
51	68	L
51	69	L
51	70	-1
51	71	Lp
51	72	Lp
51	73	Lp
51	74	Lp
51	75	-1
51	76	L
51	77	Lp
51	78	Lp
51	79	Lp
51	80	Lp
51	81	-1
51	82	-1
51	83	-1
51	84	L
51	85	L
51	86	L
51	87	L
51	88	Lp
51	89	L
51	90	L
51	91	L
51	92	L
51	93	Lp
51	94	Lp
51	95	-1
51	96	Lp
51	97	Lp
51	98	L
51	99	-1
51	100	-1
51	101	U
51	102	L
51	103	-1
51	104	L
51	105	-1
51	106	L
51	107	-1
51	108	L
51	109	L
51	110	-1
51	111	L
51	112	-1
51	113	L
51	114	L
51	115	L
51	116	L
51	117	L
51	118	L
51	119	L
52	0	-1
52	1	-1
52	2	L
52	3	-1
52	4	L
52	5	-1
52	6	-1
52	7	L
52	8	-1
52	9	L
52	10	L
52	11	L
52	12	L
52	13	L
52	14	L
52	15	L
52	16	L
52	17	L
52	18	-1
52	19	-1
52	20	-1
52	21	L
52	22	-1
52	23	Lp
52	24	-1
52	25	Lp
52	26	Lp
52	27	Lp
52	28	Lp
52	29	-1
52	30	-1
52	31	L
52	32	L
52	33	-1
52	34	L
52	35	L
52	36	-1
52	37	-1
52	38	-1
52	39	Lp
52	40	Lp
52	41	Lp
52	42	Lp
52	43	Lp
52	44	-1
52	45	L
52	46	Lp
52	47	L
52	48	L
52	49	Lp
52	50	L
52	51	L
52	52	L
52	53	L
52	54	L
52	55	L
52	56	-1
52	57	L
52	58	L
52	59	L
52	60	Lp
52	61	Lp
52	62	Lp
52	63	Lp
52	64	Lp
52	65	U
52	66	Lp
52	67	-1
52	68	Lp
52	69	-1
52	70	-1
52	71	-1
52	72	-1
52	73	Lp
52	74	-1
52	75	-1
52	76	Lp
52	77	L
52	78	-1
52	79	Lp
52	80	Lp
52	81	-1
52	82	L
52	83	-1
52	84	L
52	85	L
52	86	Lp
52	87	Lp
52	88	Lp
52	89	Lp
52	90	L
52	91	L
52	92	Lp
52	93	Lp
52	94	Lp
52	95	Lp
52	96	-1
52	97	L
52	98	L
52	99	-1
52	100	U
52	101	-1
52	102	-1
52	103	-1
52	104	-1
52	105	-1
52	106	-1
52	107	L
52	108	L
52	109	L
52	110	L
52	111	-1
52	112	L
52	113	L
52	114	-1
52	115	L
52	116	-1
52	117	L
52	118	L
52	119	L
53	0	L
53	1	-1
53	2	L
53	3	L
53	4	L
53	5	L
53	6	L
53	7	L
53	8	-1
53	9	Lp
53	10	L
53	11	L
53	12	-1
53	13	L
53	14	L
53	15	L
53	16	L
53	17	L
53	18	L
53	19	L
53	20	L
53	21	-1
53	22	-1
53	23	-1
53	24	L
53	25	L
53	26	-1
53	27	-1
53	28	-1
53	29	Lp
53	30	Lp
53	31	-1
53	32	Lp
53	33	Lp
53	34	Lp
53	35	L
53	36	L
53	37	-1
53	38	Lp
53	39	L
53	40	Lp
53	41	-1
53	42	Lp
53	43	Lp
53	44	Lp
53	45	Lp
53	46	-1
53	47	-1
53	48	L
53	49	Lp
53	50	L
53	51	-1
53	52	L
53	53	-1
53	54	L
53	55	L
53	56	L
53	57	L
53	58	L
53	59	-1
53	60	Lp
53	61	Lp
53	62	Lp
53	63	Lp
53	64	-1
53	65	Lp
53	66	Lp
53	67	-1
53	68	Lp
53	69	-1
53	70	Lp
53	71	-1
53	72	Lp
53	73	-1
53	74	Lp
53	75	Lp
53	76	-1
53	77	Lp
53	78	Lp
53	79	-1
53	80	Lp
53	81	Lp
53	82	-1
53	83	L
53	84	L
53	85	-1
53	86	-1
53	87	L
53	88	Lp
53	89	L
53	90	-1
53	91	-1
53	92	Lp
53	93	Lp
53	94	-1
53	95	Lp
53	96	L
53	97	L
53	98	L
53	99	Lp
53	100	Lp
53	101	Lp
53	102	Lp
53	103	-1
53	104	Lp
53	105	-1
53	106	L
53	107	L
53	108	L
53	109	L
53	110	L
53	111	L
53	112	-1
53	113	-1
53	114	L
53	115	L
53	116	L
53	117	L
53	118	L
53	119	L
54	0	L
54	1	-1
54	2	-1
54	3	L
54	4	-1
54	5	L
54	6	L
54	7	-1
54	8	Lp
54	9	Lp
54	10	L
54	11	L
54	12	L
54	13	L
54	14	-1
54	15	L
54	16	L
54	17	L
54	18	L
54	19	L
54	20	L
54	21	L
54	22	L
54	23	-1
54	24	-1
54	25	-1
54	26	-1
54	27	Lp
54	28	-1
54	29	-1
54	30	Lp
54	31	Lp
54	32	-1
54	33	Lp
54	34	Lp
54	35	Lp
54	36	-1
54	37	Lp
54	38	-1
54	39	Lp
54	40	Lp
54	41	Lp
54	42	Lp
54	43	Lp
54	44	Lp
54	45	Lp
54	46	Lp
54	47	Lp
54	48	-1
54	49	Lp
54	50	L
54	51	L
54	52	-1
54	53	-1
54	54	L
54	55	L
54	56	L
54	57	L
54	58	-1
54	59	Lp
54	60	Lp
54	61	-1
54	62	Lp
54	63	-1
54	64	-1
54	65	Lp
54	66	Lp
54	67	Lp
54	68	Lp
54	69	Lp
54	70	Lp
54	71	Lp
54	72	Lp
54	73	-1
54	74	Lp
54	75	Lp
54	76	Lp
54	77	-1
54	78	Lp
54	79	Lp
54	80	Lp
54	81	Lp
54	82	-1
54	83	-1
54	84	L
54	85	L
54	86	L
54	87	L
54	88	-1
54	89	L
54	90	L
54	91	L
54	92	L
54	93	-1
54	94	Lp
54	95	-1
54	96	Lp
54	97	-1
54	98	-1
54	99	L
54	100	Lp
54	101	Lp
54	102	Lp
54	103	Lp
54	104	Lp
54	105	Lp
54	106	-1
54	107	L
54	108	L
54	109	L
54	110	L
54	111	-1
54	112	L
54	113	L
54	114	L
54	115	L
54	116	-1
54	117	U
54	118	-1
54	119	-1
55	0	L
55	1	L
55	2	L
55	3	L
55	4	-1
55	5	L
55	6	L
55	7	L
55	8	Lp
55	9	Lp
55	10	-1
55	11	-1
55	12	L
55	13	L
55	14	-1
55	15	L
55	16	L
55	17	L
55	18	L
55	19	L
55	20	L
55	21	L
55	22	-1
55	23	L
55	24	-1
55	25	-1
55	26	Lp
55	27	Lp
55	28	-1
55	29	Lp
55	30	Lp
55	31	Lp
55	32	L
55	33	-1
55	34	-1
55	35	Lp
55	36	Lp
55	37	-1
55	38	Lp
55	39	Lp
55	40	Lp
55	41	Lp
55	42	Lp
55	43	Lp
55	44	Lp
55	45	Lp
55	46	-1
55	47	-1
55	48	Lp
55	49	Lp
55	50	L
55	51	L
55	52	-1
55	53	-1
55	54	L
55	55	L
55	56	L
55	57	-1
55	58	L
55	59	L
55	60	L
55	61	Lp
55	62	-1
55	63	-1
55	64	Lp
55	65	Lp
55	66	Lp
55	67	Lp
55	68	Lp
55	69	Lp
55	70	Lp
55	71	Lp
55	72	Lp
55	73	Lp
55	74	Lp
55	75	Lp
55	76	Lp
55	77	Lp
55	78	-1
55	79	L
55	80	-1
55	81	L
55	82	-1
55	83	L
55	84	-1
55	85	-1
55	86	L
55	87	L
55	88	-1
55	89	Lp
55	90	-1
55	91	Lp
55	92	Lp
55	93	-1
55	94	Lp
55	95	-1
55	96	Lp
55	97	Lp
55	98	Lp
55	99	Lp
55	100	Lp
55	101	-1
55	102	Lp
55	103	Lp
55	104	Lp
55	105	Lp
55	106	Lp
55	107	-1
55	108	L
55	109	L
55	110	L
55	111	L
55	112	L
55	113	-1
55	114	L
55	115	L
55	116	L
55	117	L
55	118	-1
55	119	L
56	0	L
56	1	L
56	2	L
56	3	L
56	4	-1
56	5	L
56	6	-1
56	7	L
56	8	L
56	9	-1
56	10	L
56	11	L
56	12	L
56	13	-1
56	14	L
56	15	L
56	16	-1
56	17	-1
56	18	L
56	19	L
56	20	-1
56	21	L
56	22	L
56	23	L
56	24	L
56	25	Lp
56	26	-1
56	27	Lp
56	28	Lp
56	29	Lp
56	30	Lp
56	31	Lp
56	32	-1
56	33	-1
56	34	Lp
56	35	-1
56	36	Lp
56	37	Lp
56	38	Lp
56	39	Lp
56	40	Lp
56	41	Lp
56	42	Lp
56	43	Lp
56	44	-1
56	45	Lp
56	46	Lp
56	47	-1
56	48	-1
56	49	L
56	50	L
56	51	-1
56	52	-1
56	53	Lp
56	54	L
56	55	Lp
56	56	Lp
56	57	L
56	58	L
56	59	L
56	60	-1
56	61	Lp
56	62	-1
56	63	Lp
56	64	Lp
56	65	Lp
56	66	-1
56	67	Lp
56	68	Lp
56	69	Lp
56	70	U
56	71	Lp
56	72	-1
56	73	L
56	74	-1
56	75	L
56	76	-1
56	77	Lp
56	78	Lp
56	79	L
56	80	L
56	81	L
56	82	L
56	83	L
56	84	L
56	85	L
56	86	L
56	87	L
56	88	L
56	89	Lp
56	90	-1
56	91	-1
56	92	Lp
56	93	-1
56	94	Lp
56	95	Lp
56	96	Lp
56	97	Lp
56	98	-1
56	99	L
56	100	-1
56	101	Lp
56	102	L
56	103	-1
56	104	Lp
56	105	Lp
56	106	Lp
56	107	L
56	108	L
56	109	L
56	110	L
56	111	L
56	112	L
56	113	-1
56	114	-1
56	115	L
56	116	L
56	117	L
56	118	-1
56	119	L
57	0	-1
57	1	L
57	2	-1
57	3	L
57	4	L
57	5	L
57	6	-1
57	7	-1
57	8	L
57	9	-1
57	10	Lp
57	11	-1
57	12	-1
57	13	L
57	14	L
57	15	L
57	16	L
57	17	-1
57	18	L
57	19	L
57	20	L
57	21	L
57	22	L
57	23	-1
57	24	L
57	25	L
57	26	Lp
57	27	Lp
57	28	-1
57	29	Lp
57	30	Lp
57	31	-1
57	32	Lp
57	33	Lp
57	34	Lp
57	35	Lp
57	36	-1
57	37	-1
57	38	Lp
57	39	Lp
57	40	Lp
57	41	Lp
57	42	Lp
57	43	Lp
57	44	-1
57	45	-1
57	46	-1
57	47	-1
57	48	-1
57	49	Lp
57	50	L
57	51	L
57	52	Lp
57	53	Lp
57	54	-1
57	55	Lp
57	56	Lp
57	57	Lp
57	58	L
57	59	L
57	60	L
57	61	Lp
57	62	Lp
57	63	Lp
57	64	-1
57	65	Lp
57	66	Lp
57	67	Lp
57	68	Lp
57	69	Lp
57	70	U
57	71	U
57	72	-1
57	73	Lp
57	74	-1
57	75	L
57	76	-1
57	77	-1
57	78	-1
57	79	L
57	80	L
57	81	L
57	82	-1
57	83	-1
57	84	L
57	85	L
57	86	L
57	87	L
57	88	L
57	89	Lp
57	90	Lp
57	91	-1
57	92	L
57	93	L
57	94	Lp
57	95	Lp
57	96	-1
57	97	Lp
57	98	-1
57	99	-1
57	100	-1
57	101	-1
57	102	L
57	103	Lp
57	104	Lp
57	105	-1
57	106	-1
57	107	-1
57	108	Lp
57	109	L
57	110	L
57	111	L
57	112	L
57	113	L
57	114	L
57	115	-1
57	116	-1
57	117	-1
57	118	L
57	119	L
58	0	L
58	1	L
58	2	-1
58	3	L
58	4	L
58	5	L
58	6	L
58	7	L
58	8	L
58	9	L
58	10	L
58	11	-1
58	12	L
58	13	L
58	14	L
58	15	-1
58	16	L
58	17	L
58	18	L
58	19	L
58	20	-1
58	21	L
58	22	L
58	23	L
58	24	L
58	25	L
58	26	L
58	27	Lp
58	28	Lp
58	29	Lp
58	30	-1
58	31	-1
58	32	Lp
58	33	Lp
58	34	Lp
58	35	Lp
58	36	-1
58	37	-1
58	38	-1
58	39	Lp
58	40	Lp
58	41	Lp
58	42	Lp
58	43	-1
58	44	-1
58	45	Lp
58	46	L
58	47	-1
58	48	-1
58	49	-1
58	50	Lp
58	51	Lp
58	52	-1
58	53	-1
58	54	-1
58	55	Lp
58	56	Lp
58	57	-1
58	58	L
58	59	L
58	60	Lp
58	61	Lp
58	62	Lp
58	63	Lp
58	64	-1
58	65	Lp
58	66	Lp
58	67	Lp
58	68	Lp
58	69	U
58	70	U
58	71	-1
58	72	U
58	73	L
58	74	-1
58	75	-1
58	76	Lp
58	77	Lp
58	78	-1
58	79	L
58	80	L
58	81	-1
58	82	L
58	83	L
58	84	L
58	85	L
58	86	L
58	87	L
58	88	L
58	89	L
58	90	Lp
58	91	L
58	92	-1
58	93	L
58	94	-1
58	95	Lp
58	96	Lp
58	97	Lp
58	98	-1
58	99	Lp
58	100	-1
58	101	Lp
58	102	-1
58	103	Lp
58	104	-1
58	105	Lp
58	106	Lp
58	107	Lp
58	108	Lp
58	109	L
58	110	L
58	111	-1
58	112	L
58	113	L
58	114	L
58	115	-1
58	116	-1
58	117	L
58	118	L
58	119	L
59	0	L
59	1	L
59	2	-1
59	3	L
59	4	-1
59	5	L
59	6	L
59	7	-1
59	8	L
59	9	Lp
59	10	Lp
59	11	Lp
59	12	L
59	13	L
59	14	-1
59	15	L
59	16	L
59	17	L
59	18	L
59	19	-1
59	20	L
59	21	L
59	22	-1
59	23	Lp
59	24	Lp
59	25	L
59	26	L
59	27	Lp
59	28	Lp
59	29	L
59	30	Lp
59	31	-1
59	32	-1
59	33	Lp
59	34	-1
59	35	-1
59	36	-1
59	37	-1
59	38	Lp
59	39	-1
59	40	Lp
59	41	Lp
59	42	Lp
59	43	Lp
59	44	Lp
59	45	Lp
59	46	L
59	47	Lp
59	48	-1
59	49	Lp
59	50	Lp
59	51	Lp
59	52	Lp
59	53	Lp
59	54	Lp
59	55	Lp
59	56	Lp
59	57	-1
59	58	Lp
59	59	L
59	60	Lp
59	61	Lp
59	62	Lp
59	63	Lp
59	64	Lp
59	65	Lp
59	66	-1
59	67	Lp
59	68	Lp
59	69	Lp
59	70	-1
59	71	U
59	72	U
59	73	-1
59	74	Lp
59	75	L
59	76	L
59	77	L
59	78	-1
59	79	Lp
59	80	Lp
59	81	Lp
59	82	Lp
59	83	L
59	84	L
59	85	L
59	86	L
59	87	Lp
59	88	Lp
59	89	L
59	90	-1
59	91	L
59	92	U
59	93	-1
59	94	-1
59	95	L
59	96	U
59	97	-1
59	98	Lp
59	99	-1
59	100	-1
59	101	L
59	102	-1
59	103	L
59	104	L
59	105	L
59	106	-1
59	107	L
59	108	-1
59	109	L
59	110	-1
59	111	L
59	112	L
59	113	-1
59	114	L
59	115	-1
59	116	-1
59	117	-1
59	118	L
59	119	L
60	0	L
60	1	L
60	2	L
60	3	L
60	4	L
60	5	Lp
60	6	-1
60	7	L
60	8	-1
60	9	Lp
60	10	Lp
60	11	Lp
60	12	Lp
60	13	L
60	14	-1
60	15	Lp
60	16	L
60	17	L
60	18	L
60	19	L
60	20	L
60	21	L
60	22	L
60	23	-1
60	24	Lp
60	25	Lp
60	26	L
60	27	-1
60	28	-1
60	29	Lp
60	30	Lp
60	31	Lp
60	32	-1
60	33	Lp
60	34	-1
60	35	-1
60	36	Lp
60	37	Lp
60	38	Lp
60	39	Lp
60	40	Lp
60	41	-1
60	42	Lp
60	43	Lp
60	44	Lp
60	45	Lp
60	46	L
60	47	L
60	48	-1
60	49	Lp
60	50	-1
60	51	-1
60	52	Lp
60	53	-1
60	54	-1
60	55	-1
60	56	-1
60	57	Lp
60	58	Lp
60	59	L
60	60	-1
60	61	Lp
60	62	-1
60	63	Lp
60	64	Lp
60	65	Lp
60	66	-1
60	67	L
60	68	Lp
60	69	Lp
60	70	U
60	71	U
60	72	Lp
60	73	Lp
60	74	Lp
60	75	L
60	76	L
60	77	-1
60	78	L
60	79	-1
60	80	-1
60	81	-1
60	82	L
60	83	-1
60	84	L
60	85	L
60	86	L
60	87	Lp
60	88	Lp
60	89	L
60	90	-1
60	91	U
60	92	U
60	93	U
60	94	L
60	95	L
60	96	-1
60	97	L
60	98	-1
60	99	L
60	100	L
60	101	L
60	102	L
60	103	-1
60	104	L
60	105	L
60	106	L
60	107	L
60	108	L
60	109	U
60	110	U
60	111	L
60	112	L
60	113	-1
60	114	L
60	115	L
60	116	L
60	117	L
60	118	L
60	119	L
61	0	-1
61	1	L
61	2	L
61	3	Lp
61	4	Lp
61	5	Lp
61	6	Lp
61	7	-1
61	8	Lp
61	9	Lp
61	10	Lp
61	11	Lp
61	12	L
61	13	Lp
61	14	Lp
61	15	L
61	16	L
61	17	L
61	18	Lp
61	19	Lp
61	20	-1
61	21	L
61	22	Lp
61	23	Lp
61	24	Lp
61	25	L
61	26	-1
61	27	L
61	28	Lp
61	29	Lp
61	30	Lp
61	31	Lp
61	32	-1
61	33	Lp
61	34	Lp
61	35	Lp
61	36	Lp
61	37	Lp
61	38	-1
61	39	-1
61	40	Lp
61	41	Lp
61	42	Lp
61	43	Lp
61	44	-1
61	45	Lp
61	46	L
61	47	L
61	48	-1
61	49	-1
61	50	-1
61	51	Lp
61	52	-1
61	53	L
61	54	-1
61	55	-1
61	56	Lp
61	57	Lp
61	58	Lp
61	59	Lp
61	60	Lp
61	61	Lp
61	62	Lp
61	63	Lp
61	64	-1
61	65	Lp
61	66	L
61	67	L
61	68	-1
61	69	Lp
61	70	U
61	71	Lp
61	72	Lp
61	73	Lp
61	74	L
61	75	L
61	76	L
61	77	L
61	78	-1
61	79	Lp
61	80	-1
61	81	L
61	82	L
61	83	L
61	84	L
61	85	L
61	86	-1
61	87	L
61	88	Lp
61	89	L
61	90	L
61	91	-1
61	92	U
61	93	Lp
61	94	L
61	95	-1
61	96	-1
61	97	-1
61	98	L
61	99	L
61	100	Lp
61	101	Lp
61	102	L
61	103	L
61	104	L
61	105	L
61	106	L
61	107	L
61	108	L
61	109	L
61	110	U
61	111	L
61	112	L
61	113	L
61	114	-1
61	115	L
61	116	L
61	117	L
61	118	L
61	119	L
62	0	L
62	1	L
62	2	-1
62	3	-1
62	4	Lp
62	5	-1
62	6	Lp
62	7	Lp
62	8	Lp
62	9	Lp
62	10	-1
62	11	Lp
62	12	Lp
62	13	Lp
62	14	Lp
62	15	L
62	16	L
62	17	L
62	18	Lp
62	19	L
62	20	Lp
62	21	Lp
62	22	Lp
62	23	L
62	24	L
62	25	L
62	26	Lp
62	27	Lp
62	28	L
62	29	L
62	30	Lp
62	31	Lp
62	32	Lp
62	33	Lp
62	34	-1
62	35	Lp
62	36	Lp
62	37	Lp
62	38	Lp
62	39	Lp
62	40	Lp
62	41	Lp
62	42	-1
62	43	Lp
62	44	Lp
62	45	Lp
62	46	-1
62	47	L
62	48	-1
62	49	-1
62	50	Lp
62	51	L
62	52	L
62	53	L
62	54	L
62	55	Lp
62	56	-1
62	57	-1
62	58	Lp
62	59	-1
62	60	Lp
62	61	Lp
62	62	Lp
62	63	-1
62	64	Lp
62	65	Lp
62	66	Lp
62	67	Lp
62	68	-1
62	69	Lp
62	70	-1
62	71	-1
62	72	Lp
62	73	Lp
62	74	Lp
62	75	-1
62	76	-1
62	77	Lp
62	78	Lp
62	79	Lp
62	80	-1
62	81	Lp
62	82	Lp
62	83	L
62	84	L
62	85	L
62	86	L
62	87	L
62	88	-1
62	89	U
62	90	-1
62	91	U
62	92	U
62	93	U
62	94	-1
62	95	L
62	96	L
62	97	L
62	98	-1
62	99	L
62	100	Lp
62	101	Lp
62	102	L
62	103	-1
62	104	L
62	105	L
62	106	-1
62	107	L
62	108	-1
62	109	L
62	110	L
62	111	L
62	112	L
62	113	L
62	114	-1
62	115	-1
62	116	L
62	117	-1
62	118	L
62	119	-1
63	0	L
63	1	L
63	2	-1
63	3	L
63	4	Lp
63	5	Lp
63	6	L
63	7	L
63	8	Lp
63	9	Lp
63	10	Lp
63	11	Lp
63	12	Lp
63	13	Lp
63	14	Lp
63	15	Lp
63	16	Lp
63	17	-1
63	18	Lp
63	19	-1
63	20	Lp
63	21	Lp
63	22	L
63	23	-1
63	24	L
63	25	Lp
63	26	Lp
63	27	L
63	28	L
63	29	-1
63	30	Lp
63	31	-1
63	32	Lp
63	33	-1
63	34	Lp
63	35	Lp
63	36	-1
63	37	Lp
63	38	Lp
63	39	Lp
63	40	-1
63	41	-1
63	42	Lp
63	43	Lp
63	44	Lp
63	45	Lp
63	46	Lp
63	47	Lp
63	48	L
63	49	Lp
63	50	Lp
63	51	L
63	52	L
63	53	L
63	54	L
63	55	L
63	56	L
63	57	Lp
63	58	Lp
63	59	Lp
63	60	Lp
63	61	Lp
63	62	Lp
63	63	Lp
63	64	-1
63	65	L
63	66	Lp
63	67	Lp
63	68	Lp
63	69	-1
63	70	Lp
63	71	-1
63	72	-1
63	73	Lp
63	74	Lp
63	75	Lp
63	76	-1
63	77	L
63	78	Lp
63	79	-1
63	80	Lp
63	81	-1
63	82	-1
63	83	-1
63	84	L
63	85	-1
63	86	L
63	87	L
63	88	L
63	89	L
63	90	U
63	91	U
63	92	U
63	93	U
63	94	-1
63	95	-1
63	96	-1
63	97	L
63	98	-1
63	99	Lp
63	100	L
63	101	L
63	102	L
63	103	-1
63	104	-1
63	105	-1
63	106	L
63	107	L
63	108	L
63	109	L
63	110	L
63	111	L
63	112	-1
63	113	-1
63	114	L
63	115	L
63	116	-1
63	117	L
63	118	L
63	119	L
64	0	L
64	1	L
64	2	L
64	3	L
64	4	-1
64	5	-1
64	6	L
64	7	L
64	8	Lp
64	9	-1
64	10	-1
64	11	Lp
64	12	Lp
64	13	Lp
64	14	-1
64	15	Lp
64	16	-1
64	17	Lp
64	18	-1
64	19	Lp
64	20	-1
64	21	Lp
64	22	Lp
64	23	L
64	24	-1
64	25	Lp
64	26	Lp
64	27	-1
64	28	-1
64	29	-1
64	30	Lp
64	31	Lp
64	32	Lp
64	33	Lp
64	34	Lp
64	35	-1
64	36	Lp
64	37	Lp
64	38	Lp
64	39	-1
64	40	-1
64	41	-1
64	42	Lp
64	43	Lp
64	44	Lp
64	45	Lp
64	46	Lp
64	47	Lp
64	48	Lp
64	49	Lp
64	50	Lp
64	51	L
64	52	L
64	53	L
64	54	L
64	55	L
64	56	-1
64	57	L
64	58	Lp
64	59	-1
64	60	-1
64	61	Lp
64	62	-1
64	63	Lp
64	64	-1
64	65	L
64	66	L
64	67	L
64	68	-1
64	69	-1
64	70	L
64	71	-1
64	72	U
64	73	Lp
64	74	-1
64	75	Lp
64	76	-1
64	77	-1
64	78	Lp
64	79	-1
64	80	Lp
64	81	Lp
64	82	-1
64	83	Lp
64	84	L
64	85	-1
64	86	L
64	87	-1
64	88	-1
64	89	L
64	90	-1
64	91	L
64	92	U
64	93	-1
64	94	L
64	95	L
64	96	Lp
64	97	-1
64	98	Lp
64	99	Lp
64	100	L
64	101	-1
64	102	L
64	103	L
64	104	Lp
64	105	L
64	106	L
64	107	L
64	108	-1
64	109	L
64	110	-1
64	111	L
64	112	L
64	113	-1
64	114	L
64	115	-1
64	116	-1
64	117	Lp
64	118	L
64	119	L
65	0	Lp
65	1	-1
65	2	L
65	3	L
65	4	L
65	5	L
65	6	L
65	7	L
65	8	Lp
65	9	Lp
65	10	Lp
65	11	-1
65	12	Lp
65	13	Lp
65	14	Lp
65	15	L
65	16	-1
65	17	L
65	18	L
65	19	L
65	20	-1
65	21	Lp
65	22	Lp
65	23	-1
65	24	-1
65	25	Lp
65	26	Lp
65	27	-1
65	28	-1
65	29	-1
65	30	Lp
65	31	Lp
65	32	Lp
65	33	Lp
65	34	Lp
65	35	Lp
65	36	Lp
65	37	Lp
65	38	Lp
65	39	U
65	40	Lp
65	41	Lp
65	42	Lp
65	43	-1
65	44	Lp
65	45	Lp
65	46	Lp
65	47	Lp
65	48	Lp
65	49	Lp
65	50	L
65	51	L
65	52	L
65	53	L
65	54	L
65	55	-1
65	56	L
65	57	-1
65	58	L
65	59	L
65	60	L
65	61	L
65	62	L
65	63	Lp
65	64	L
65	65	L
65	66	L
65	67	Lp
65	68	L
65	69	-1
65	70	L
65	71	L
65	72	Lp
65	73	-1
65	74	Lp
65	75	Lp
65	76	Lp
65	77	Lp
65	78	Lp
65	79	Lp
65	80	L
65	81	L
65	82	-1
65	83	Lp
65	84	L
65	85	L
65	86	-1
65	87	L
65	88	L
65	89	L
65	90	L
65	91	L
65	92	L
65	93	L
65	94	-1
65	95	L
65	96	-1
65	97	Lp
65	98	-1
65	99	Lp
65	100	L
65	101	L
65	102	L
65	103	L
65	104	-1
65	105	L
65	106	-1
65	107	L
65	108	L
65	109	L
65	110	L
65	111	L
65	112	L
65	113	L
65	114	L
65	115	Lp
65	116	-1
65	117	L
65	118	L
65	119	L
66	0	L
66	1	L
66	2	L
66	3	L
66	4	L
66	5	-1
66	6	-1
66	7	L
66	8	-1
66	9	Lp
66	10	Lp
66	11	U
66	12	Lp
66	13	L
66	14	Lp
66	15	-1
66	16	L
66	17	L
66	18	L
66	19	L
66	20	L
66	21	-1
66	22	Lp
66	23	Lp
66	24	Lp
66	25	-1
66	26	-1
66	27	Lp
66	28	Lp
66	29	-1
66	30	Lp
66	31	-1
66	32	Lp
66	33	Lp
66	34	Lp
66	35	Lp
66	36	Lp
66	37	Lp
66	38	-1
66	39	L
66	40	-1
66	41	Lp
66	42	Lp
66	43	-1
66	44	-1
66	45	Lp
66	46	Lp
66	47	-1
66	48	-1
66	49	Lp
66	50	Lp
66	51	-1
66	52	Lp
66	53	-1
66	54	Lp
66	55	L
66	56	-1
66	57	L
66	58	L
66	59	L
66	60	-1
66	61	-1
66	62	-1
66	63	-1
66	64	Lp
66	65	-1
66	66	Lp
66	67	L
66	68	L
66	69	L
66	70	L
66	71	-1
66	72	-1
66	73	Lp
66	74	Lp
66	75	Lp
66	76	-1
66	77	Lp
66	78	Lp
66	79	Lp
66	80	L
66	81	L
66	82	L
66	83	L
66	84	L
66	85	-1
66	86	L
66	87	-1
66	88	-1
66	89	-1
66	90	L
66	91	-1
66	92	L
66	93	L
66	94	-1
66	95	-1
66	96	L
66	97	-1
66	98	-1
66	99	-1
66	100	L
66	101	L
66	102	L
66	103	-1
66	104	L
66	105	L
66	106	-1
66	107	-1
66	108	Lp
66	109	L
66	110	L
66	111	L
66	112	L
66	113	L
66	114	L
66	115	L
66	116	Lp
66	117	L
66	118	L
66	119	-1
67	0	-1
67	1	-1
67	2	-1
67	3	Lp
67	4	Lp
67	5	L
67	6	L
67	7	L
67	8	L
67	9	Lp
67	10	Lp
67	11	Lp
67	12	U
67	13	Lp
67	14	-1
67	15	U
67	16	-1
67	17	L
67	18	L
67	19	L
67	20	Lp
67	21	Lp
67	22	Lp
67	23	Lp
67	24	-1
67	25	-1
67	26	-1
67	27	-1
67	28	Lp
67	29	-1
67	30	Lp
67	31	-1
67	32	-1
67	33	Lp
67	34	Lp
67	35	-1
67	36	-1
67	37	Lp
67	38	L
67	39	L
67	40	U
67	41	U
67	42	Lp
67	43	-1
67	44	Lp
67	45	Lp
67	46	Lp
67	47	Lp
67	48	Lp
67	49	-1
67	50	-1
67	51	Lp
67	52	Lp
67	53	Lp
67	54	L
67	55	-1
67	56	L
67	57	-1
67	58	L
67	59	L
67	60	L
67	61	-1
67	62	L
67	63	Lp
67	64	Lp
67	65	-1
67	66	-1
67	67	-1
67	68	L
67	69	L
67	70	L
67	71	L
67	72	L
67	73	L
67	74	-1
67	75	-1
67	76	-1
67	77	Lp
67	78	Lp
67	79	L
67	80	L
67	81	L
67	82	-1
67	83	L
67	84	L
67	85	L
67	86	L
67	87	L
67	88	L
67	89	-1
67	90	Lp
67	91	L
67	92	L
67	93	Lp
67	94	Lp
67	95	Lp
67	96	-1
67	97	-1
67	98	L
67	99	-1
67	100	L
67	101	L
67	102	-1
67	103	L
67	104	L
67	105	L
67	106	Lp
67	107	L
67	108	L
67	109	L
67	110	L
67	111	L
67	112	L
67	113	L
67	114	L
67	115	-1
67	116	L
67	117	L
67	118	L
67	119	L
68	0	Lp
68	1	L
68	2	Lp
68	3	-1
68	4	Lp
68	5	-1
68	6	L
68	7	L
68	8	L
68	9	-1
68	10	-1
68	11	Lp
68	12	U
68	13	U
68	14	-1
68	15	-1
68	16	-1
68	17	L
68	18	L
68	19	L
68	20	U
68	21	Lp
68	22	Lp
68	23	Lp
68	24	-1
68	25	Lp
68	26	-1
68	27	Lp
68	28	Lp
68	29	Lp
68	30	Lp
68	31	Lp
68	32	-1
68	33	Lp
68	34	Lp
68	35	Lp
68	36	-1
68	37	Lp
68	38	Lp
68	39	-1
68	40	Lp
68	41	Lp
68	42	-1
68	43	Lp
68	44	Lp
68	45	Lp
68	46	Lp
68	47	L
68	48	L
68	49	Lp
68	50	-1
68	51	-1
68	52	Lp
68	53	Lp
68	54	Lp
68	55	L
68	56	L
68	57	L
68	58	L
68	59	L
68	60	L
68	61	L
68	62	Lp
68	63	Lp
68	64	Lp
68	65	Lp
68	66	Lp
68	67	Lp
68	68	Lp
68	69	-1
68	70	L
68	71	-1
68	72	L
68	73	L
68	74	L
68	75	-1
68	76	-1
68	77	Lp
68	78	L
68	79	Lp
68	80	-1
68	81	L
68	82	L
68	83	L
68	84	L
68	85	L
68	86	-1
68	87	L
68	88	-1
68	89	L
68	90	Lp
68	91	-1
68	92	-1
68	93	-1
68	94	L
68	95	L
68	96	L
68	97	L
68	98	L
68	99	L
68	100	L
68	101	L
68	102	L
68	103	L
68	104	L
68	105	L
68	106	L
68	107	-1
68	108	L
68	109	L
68	110	L
68	111	L
68	112	L
68	113	L
68	114	L
68	115	L
68	116	L
68	117	L
68	118	-1
68	119	L
69	0	Lp
69	1	-1
69	2	L
69	3	-1
69	4	Lp
69	5	L
69	6	Lp
69	7	-1
69	8	-1
69	9	L
69	10	L
69	11	-1
69	12	L
69	13	-1
69	14	-1
69	15	U
69	16	Lp
69	17	-1
69	18	L
69	19	Lp
69	20	Lp
69	21	U
69	22	-1
69	23	-1
69	24	-1
69	25	-1
69	26	Lp
69	27	-1
69	28	Lp
69	29	Lp
69	30	Lp
69	31	-1
69	32	Lp
69	33	-1
69	34	Lp
69	35	-1
69	36	-1
69	37	-1
69	38	-1
69	39	-1
69	40	-1
69	41	Lp
69	42	Lp
69	43	Lp
69	44	Lp
69	45	Lp
69	46	-1
69	47	-1
69	48	Lp
69	49	Lp
69	50	Lp
69	51	Lp
69	52	Lp
69	53	Lp
69	54	-1
69	55	L
69	56	L
69	57	L
69	58	L
69	59	L
69	60	L
69	61	L
69	62	Lp
69	63	Lp
69	64	Lp
69	65	Lp
69	66	U
69	67	-1
69	68	L
69	69	L
69	70	-1
69	71	L
69	72	Lp
69	73	Lp
69	74	L
69	75	-1
69	76	L
69	77	L
69	78	L
69	79	L
69	80	-1
69	81	-1
69	82	L
69	83	L
69	84	L
69	85	L
69	86	L
69	87	L
69	88	L
69	89	Lp
69	90	Lp
69	91	Lp
69	92	-1
69	93	Lp
69	94	L
69	95	L
69	96	L
69	97	L
69	98	-1
69	99	L
69	100	L
69	101	L
69	102	-1
69	103	-1
69	104	L
69	105	L
69	106	L
69	107	L
69	108	L
69	109	L
69	110	L
69	111	L
69	112	L
69	113	-1
69	114	L
69	115	L
69	116	L
69	117	-1
69	118	-1
69	119	Lp
70	0	-1
70	1	L
70	2	Lp
70	3	Lp
70	4	Lp
70	5	-1
70	6	Lp
70	7	L
70	8	L
70	9	L
70	10	L
70	11	L
70	12	L
70	13	L
70	14	-1
70	15	U
70	16	-1
70	17	-1
70	18	-1
70	19	L
70	20	Lp
70	21	-1
70	22	-1
70	23	-1
70	24	Lp
70	25	-1
70	26	Lp
70	27	Lp
70	28	Lp
70	29	Lp
70	30	Lp
70	31	Lp
70	32	Lp
70	33	Lp
70	34	Lp
70	35	Lp
70	36	Lp
70	37	-1
70	38	-1
70	39	Lp
70	40	Lp
70	41	Lp
70	42	Lp
70	43	Lp
70	44	L
70	45	Lp
70	46	-1
70	47	L
70	48	Lp
70	49	Lp
70	50	Lp
70	51	Lp
70	52	Lp
70	53	Lp
70	54	L
70	55	Lp
70	56	L
70	57	-1
70	58	-1
70	59	-1
70	60	-1
70	61	-1
70	62	-1
70	63	Lp
70	64	Lp
70	65	-1
70	66	U
70	67	-1
70	68	U
70	69	Lp
70	70	L
70	71	Lp
70	72	Lp
70	73	Lp
70	74	L
70	75	L
70	76	-1
70	77	L
70	78	L
70	79	L
70	80	L
70	81	Lp
70	82	L
70	83	L
70	84	L
70	85	-1
70	86	-1
70	87	L
70	88	L
70	89	Lp
70	90	Lp
70	91	Lp
70	92	Lp
70	93	L
70	94	Lp
70	95	L
70	96	L
70	97	-1
70	98	-1
70	99	L
70	100	L
70	101	-1
70	102	-1
70	103	L
70	104	-1
70	105	L
70	106	-1
70	107	-1
70	108	L
70	109	L
70	110	L
70	111	L
70	112	L
70	113	L
70	114	L
70	115	-1
70	116	L
70	117	L
70	118	L
70	119	Lp
71	0	L
71	1	L
71	2	Lp
71	3	Lp
71	4	Lp
71	5	Lp
71	6	Lp
71	7	Lp
71	8	L
71	9	L
71	10	-1
71	11	L
71	12	-1
71	13	Lp
71	14	Lp
71	15	Lp
71	16	-1
71	17	L
71	18	L
71	19	Lp
71	20	-1
71	21	Lp
71	22	Lp
71	23	-1
71	24	U
71	25	Lp
71	26	Lp
71	27	Lp
71	28	Lp
71	29	-1
71	30	Lp
71	31	Lp
71	32	Lp
71	33	Lp
71	34	Lp
71	35	Lp
71	36	Lp
71	37	-1
71	38	Lp
71	39	-1
71	40	Lp
71	41	-1
71	42	Lp
71	43	Lp
71	44	-1
71	45	Lp
71	46	Lp
71	47	-1
71	48	Lp
71	49	Lp
71	50	-1
71	51	-1
71	52	L
71	53	L
71	54	-1
71	55	-1
71	56	-1
71	57	Lp
71	58	Lp
71	59	Lp
71	60	L
71	61	-1
71	62	Lp
71	63	Lp
71	64	Lp
71	65	Lp
71	66	U
71	67	L
71	68	Lp
71	69	L
71	70	-1
71	71	L
71	72	Lp
71	73	Lp
71	74	L
71	75	L
71	76	L
71	77	L
71	78	-1
71	79	L
71	80	Lp
71	81	Lp
71	82	Lp
71	83	Lp
71	84	-1
71	85	-1
71	86	L
71	87	-1
71	88	L
71	89	L
71	90	Lp
71	91	-1
71	92	-1
71	93	L
71	94	L
71	95	L
71	96	L
71	97	-1
71	98	-1
71	99	L
71	100	-1
71	101	L
71	102	L
71	103	L
71	104	L
71	105	L
71	106	L
71	107	L
71	108	L
71	109	L
71	110	L
71	111	-1
71	112	-1
71	113	L
71	114	L
71	115	-1
71	116	L
71	117	L
71	118	-1
71	119	-1
72	0	L
72	1	-1
72	2	Lp
72	3	Lp
72	4	Lp
72	5	Lp
72	6	Lp
72	7	Lp
72	8	Lp
72	9	-1
72	10	L
72	11	L
72	12	-1
72	13	-1
72	14	L
72	15	Lp
72	16	Lp
72	17	L
72	18	-1
72	19	-1
72	20	Lp
72	21	U
72	22	U
72	23	U
72	24	U
72	25	-1
72	26	Lp
72	27	Lp
72	28	Lp
72	29	Lp
72	30	Lp
72	31	Lp
72	32	Lp
72	33	Lp
72	34	Lp
72	35	Lp
72	36	Lp
72	37	Lp
72	38	Lp
72	39	L
72	40	Lp
72	41	Lp
72	42	L
72	43	Lp
72	44	-1
72	45	L
72	46	Lp
72	47	Lp
72	48	Lp
72	49	-1
72	50	Lp
72	51	Lp
72	52	L
72	53	-1
72	54	Lp
72	55	L
72	56	Lp
72	57	Lp
72	58	L
72	59	-1
72	60	-1
72	61	L
72	62	L
72	63	L
72	64	Lp
72	65	-1
72	66	L
72	67	Lp
72	68	L
72	69	Lp
72	70	-1
72	71	L
72	72	Lp
72	73	Lp
72	74	L
72	75	-1
72	76	L
72	77	-1
72	78	L
72	79	-1
72	80	L
72	81	L
72	82	Lp
72	83	Lp
72	84	-1
72	85	L
72	86	L
72	87	L
72	88	-1
72	89	L
72	90	-1
72	91	Lp
72	92	Lp
72	93	-1
72	94	-1
72	95	L
72	96	L
72	97	L
72	98	L
72	99	L
72	100	-1
72	101	L
72	102	-1
72	103	L
72	104	L
72	105	L
72	106	L
72	107	L
72	108	L
72	109	L
72	110	-1
72	111	-1
72	112	-1
72	113	L
72	114	L
72	115	L
72	116	-1
72	117	L
72	118	L
72	119	L
73	0	-1
73	1	L
73	2	Lp
73	3	Lp
73	4	Lp
73	5	Lp
73	6	-1
73	7	Lp
73	8	-1
73	9	Lp
73	10	Lp
73	11	L
73	12	Lp
73	13	Lp
73	14	-1
73	15	-1
73	16	-1
73	17	-1
73	18	U
73	19	U
73	20	-1
73	21	Lp
73	22	Lp
73	23	U
73	24	-1
73	25	-1
73	26	Lp
73	27	Lp
73	28	-1
73	29	U
73	30	-1
73	31	Lp
73	32	Lp
73	33	Lp
73	34	-1
73	35	Lp
73	36	Lp
73	37	L
73	38	-1
73	39	L
73	40	Lp
73	41	Lp
73	42	-1
73	43	Lp
73	44	-1
73	45	Lp
73	46	Lp
73	47	Lp
73	48	Lp
73	49	Lp
73	50	Lp
73	51	-1
73	52	L
73	53	L
73	54	L
73	55	Lp
73	56	L
73	57	L
73	58	-1
73	59	L
73	60	Lp
73	61	-1
73	62	L
73	63	L
73	64	-1
73	65	-1
73	66	-1
73	67	L
73	68	Lp
73	69	Lp
73	70	-1
73	71	Lp
73	72	Lp
73	73	L
73	74	L
73	75	-1
73	76	Lp
73	77	Lp
73	78	L
73	79	-1
73	80	L
73	81	Lp
73	82	Lp
73	83	Lp
73	84	Lp
73	85	-1
73	86	L
73	87	-1
73	88	U
73	89	U
73	90	U
73	91	L
73	92	-1
73	93	-1
73	94	L
73	95	-1
73	96	L
73	97	-1
73	98	L
73	99	L
73	100	L
73	101	L
73	102	L
73	103	L
73	104	L
73	105	L
73	106	L
73	107	L
73	108	L
73	109	-1
73	110	-1
73	111	-1
73	112	L
73	113	L
73	114	-1
73	115	L
73	116	-1
73	117	L
73	118	L
73	119	Lp
74	0	L
74	1	Lp
74	2	L
74	3	Lp
74	4	Lp
74	5	Lp
74	6	Lp
74	7	Lp
74	8	-1
74	9	-1
74	10	Lp
74	11	Lp
74	12	Lp
74	13	-1
74	14	Lp
74	15	Lp
74	16	Lp
74	17	L
74	18	U
74	19	U
74	20	-1
74	21	-1
74	22	U
74	23	Lp
74	24	Lp
74	25	-1
74	26	Lp
74	27	Lp
74	28	Lp
74	29	Lp
74	30	Lp
74	31	Lp
74	32	-1
74	33	Lp
74	34	Lp
74	35	-1
74	36	-1
74	37	L
74	38	-1
74	39	-1
74	40	-1
74	41	L
74	42	L
74	43	L
74	44	Lp
74	45	L
74	46	Lp
74	47	Lp
74	48	Lp
74	49	Lp
74	50	Lp
74	51	Lp
74	52	Lp
74	53	Lp
74	54	L
74	55	L
74	56	L
74	57	-1
74	58	-1
74	59	-1
74	60	L
74	61	L
74	62	L
74	63	L
74	64	L
74	65	L
74	66	L
74	67	L
74	68	L
74	69	Lp
74	70	Lp
74	71	Lp
74	72	Lp
74	73	L
74	74	L
74	75	Lp
74	76	Lp
74	77	Lp
74	78	L
74	79	L
74	80	L
74	81	Lp
74	82	-1
74	83	L
74	84	L
74	85	-1
74	86	L
74	87	L
74	88	-1
74	89	U
74	90	L
74	91	L
74	92	-1
74	93	L
74	94	L
74	95	-1
74	96	L
74	97	L
74	98	L
74	99	-1
74	100	-1
74	101	-1
74	102	L
74	103	L
74	104	L
74	105	-1
74	106	L
74	107	L
74	108	Lp
74	109	L
74	110	L
74	111	L
74	112	Lp
74	113	L
74	114	L
74	115	L
74	116	-1
74	117	-1
74	118	L
74	119	Lp
75	0	Lp
75	1	-1
75	2	Lp
75	3	-1
75	4	Lp
75	5	Lp
75	6	Lp
75	7	Lp
75	8	Lp
75	9	-1
75	10	Lp
75	11	Lp
75	12	-1
75	13	Lp
75	14	Lp
75	15	-1
75	16	Lp
75	17	L
75	18	U
75	19	U
75	20	U
75	21	Lp
75	22	Lp
75	23	-1
75	24	Lp
75	25	-1
75	26	-1
75	27	Lp
75	28	Lp
75	29	Lp
75	30	-1
75	31	-1
75	32	L
75	33	L
75	34	-1
75	35	Lp
75	36	Lp
75	37	L
75	38	-1
75	39	L
75	40	-1
75	41	L
75	42	-1
75	43	-1
75	44	-1
75	45	-1
75	46	L
75	47	L
75	48	Lp
75	49	-1
75	50	U
75	51	Lp
75	52	-1
75	53	L
75	54	L
75	55	-1
75	56	-1
75	57	-1
75	58	L
75	59	L
75	60	L
75	61	L
75	62	-1
75	63	-1
75	64	Lp
75	65	L
75	66	L
75	67	Lp
75	68	L
75	69	-1
75	70	Lp
75	71	Lp
75	72	L
75	73	-1
75	74	L
75	75	L
75	76	-1
75	77	Lp
75	78	U
75	79	U
75	80	-1
75	81	L
75	82	L
75	83	-1
75	84	L
75	85	L
75	86	-1
75	87	L
75	88	L
75	89	L
75	90	L
75	91	L
75	92	L
75	93	L
75	94	L
75	95	L
75	96	L
75	97	-1
75	98	L
75	99	L
75	100	L
75	101	L
75	102	L
75	103	L
75	104	L
75	105	L
75	106	-1
75	107	-1
75	108	-1
75	109	L
75	110	-1
75	111	L
75	112	L
75	113	Lp
75	114	Lp
75	115	L
75	116	L
75	117	-1
75	118	L
75	119	L
76	0	L
76	1	Lp
76	2	Lp
76	3	Lp
76	4	Lp
76	5	Lp
76	6	Lp
76	7	Lp
76	8	-1
76	9	Lp
76	10	-1
76	11	-1
76	12	Lp
76	13	-1
76	14	Lp
76	15	Lp
76	16	Lp
76	17	-1
76	18	Lp
76	19	L
76	20	U
76	21	-1
76	22	Lp
76	23	Lp
76	24	Lp
76	25	L
76	26	Lp
76	27	L
76	28	L
76	29	Lp
76	30	L
76	31	L
76	32	L
76	33	-1
76	34	L
76	35	L
76	36	-1
76	37	-1
76	38	L
76	39	Lp
76	40	Lp
76	41	Lp
76	42	-1
76	43	-1
76	44	L
76	45	L
76	46	L
76	47	L
76	48	L
76	49	U
76	50	L
76	51	L
76	52	L
76	53	L
76	54	L
76	55	L
76	56	-1
76	57	-1
76	58	Lp
76	59	L
76	60	L
76	61	-1
76	62	L
76	63	L
76	64	L
76	65	-1
76	66	-1
76	67	-1
76	68	Lp
76	69	Lp
76	70	Lp
76	71	-1
76	72	L
76	73	L
76	74	L
76	75	Lp
76	76	Lp
76	77	Lp
76	78	U
76	79	-1
76	80	L
76	81	L
76	82	L
76	83	L
76	84	L
76	85	L
76	86	-1
76	87	L
76	88	L
76	89	-1
76	90	L
76	91	L
76	92	L
76	93	L
76	94	L
76	95	-1
76	96	-1
76	97	-1
76	98	-1
76	99	L
76	100	L
76	101	L
76	102	L
76	103	L
76	104	L
76	105	L
76	106	L
76	107	-1
76	108	L
76	109	-1
76	110	-1
76	111	L
76	112	L
76	113	Lp
76	114	Lp
76	115	Lp
76	116	Lp
76	117	L
76	118	L
76	119	L
77	0	Lp
77	1	-1
77	2	-1
77	3	Lp
77	4	Lp
77	5	-1
77	6	-1
77	7	Lp
77	8	Lp
77	9	Lp
77	10	Lp
77	11	Lp
77	12	Lp
77	13	Lp
77	14	Lp
77	15	L
77	16	-1
77	17	Lp
77	18	L
77	19	L
77	20	U
77	21	-1
77	22	Lp
77	23	Lp
77	24	Lp
77	25	Lp
77	26	Lp
77	27	Lp
77	28	-1
77	29	L
77	30	L
77	31	L
77	32	L
77	33	L
77	34	-1
77	35	Lp
77	36	U
77	37	Lp
77	38	U
77	39	L
77	40	Lp
77	41	Lp
77	42	Lp
77	43	-1
77	44	-1
77	45	L
77	46	L
77	47	L
77	48	Lp
77	49	Lp
77	50	U
77	51	L
77	52	L
77	53	L
77	54	L
77	55	L
77	56	L
77	57	L
77	58	Lp
77	59	-1
77	60	-1
77	61	L
77	62	L
77	63	L
77	64	Lp
77	65	-1
77	66	Lp
77	67	-1
77	68	Lp
77	69	-1
77	70	L
77	71	L
77	72	-1
77	73	L
77	74	L
77	75	L
77	76	Lp
77	77	Lp
77	78	-1
77	79	-1
77	80	U
77	81	L
77	82	L
77	83	L
77	84	L
77	85	L
77	86	L
77	87	L
77	88	L
77	89	-1
77	90	L
77	91	L
77	92	L
77	93	L
77	94	L
77	95	L
77	96	-1
77	97	-1
77	98	L
77	99	L
77	100	L
77	101	L
77	102	L
77	103	L
77	104	-1
77	105	-1
77	106	L
77	107	L
77	108	L
77	109	-1
77	110	Lp
77	111	L
77	112	-1
77	113	Lp
77	114	-1
77	115	L
77	116	L
77	117	L
77	118	U
77	119	-1
78	0	-1
78	1	-1
78	2	-1
78	3	Lp
78	4	Lp
78	5	Lp
78	6	Lp
78	7	Lp
78	8	-1
78	9	Lp
78	10	Lp
78	11	-1
78	12	Lp
78	13	L
78	14	L
78	15	L
78	16	L
78	17	-1
78	18	Lp
78	19	L
78	20	L
78	21	Lp
78	22	Lp
78	23	Lp
78	24	Lp
78	25	Lp
78	26	Lp
78	27	L
78	28	L
78	29	L
78	30	L
78	31	L
78	32	L
78	33	L
78	34	Lp
78	35	Lp
78	36	U
78	37	Lp
78	38	-1
78	39	-1
78	40	Lp
78	41	Lp
78	42	Lp
78	43	-1
78	44	L
78	45	L
78	46	L
78	47	L
78	48	-1
78	49	Lp
78	50	Lp
78	51	-1
78	52	L
78	53	L
78	54	-1
78	55	L
78	56	L
78	57	L
78	58	L
78	59	L
78	60	L
78	61	L
78	62	L
78	63	Lp
78	64	Lp
78	65	Lp
78	66	Lp
78	67	-1
78	68	Lp
78	69	Lp
78	70	L
78	71	-1
78	72	L
78	73	L
78	74	L
78	75	Lp
78	76	Lp
78	77	L
78	78	L
78	79	-1
78	80	L
78	81	-1
78	82	L
78	83	-1
78	84	-1
78	85	L
78	86	-1
78	87	L
78	88	L
78	89	L
78	90	L
78	91	-1
78	92	L
78	93	-1
78	94	L
78	95	L
78	96	L
78	97	L
78	98	-1
78	99	L
78	100	L
78	101	L
78	102	L
78	103	-1
78	104	-1
78	105	L
78	106	L
78	107	-1
78	108	Lp
78	109	-1
78	110	Lp
78	111	L
78	112	Lp
78	113	L
78	114	L
78	115	L
78	116	L
78	117	U
78	118	-1
78	119	U
79	0	-1
79	1	-1
79	2	-1
79	3	-1
79	4	L
79	5	-1
79	6	Lp
79	7	Lp
79	8	Lp
79	9	Lp
79	10	-1
79	11	Lp
79	12	-1
79	13	L
79	14	L
79	15	-1
79	16	L
79	17	Lp
79	18	U
79	19	-1
79	20	-1
79	21	L
79	22	-1
79	23	-1
79	24	Lp
79	25	Lp
79	26	Lp
79	27	Lp
79	28	L
79	29	L
79	30	L
79	31	-1
79	32	L
79	33	-1
79	34	L
79	35	-1
79	36	Lp
79	37	-1
79	38	-1
79	39	Lp
79	40	Lp
79	41	-1
79	42	-1
79	43	-1
79	44	L
79	45	L
79	46	L
79	47	L
79	48	-1
79	49	-1
79	50	Lp
79	51	Lp
79	52	L
79	53	-1
79	54	-1
79	55	L
79	56	-1
79	57	-1
79	58	L
79	59	L
79	60	L
79	61	L
79	62	L
79	63	L
79	64	-1
79	65	Lp
79	66	-1
79	67	-1
79	68	-1
79	69	L
79	70	-1
79	71	L
79	72	L
79	73	L
79	74	L
79	75	L
79	76	-1
79	77	-1
79	78	L
79	79	L
79	80	L
79	81	L
79	82	-1
79	83	-1
79	84	-1
79	85	L
79	86	-1
79	87	L
79	88	L
79	89	L
79	90	L
79	91	L
79	92	L
79	93	L
79	94	L
79	95	L
79	96	L
79	97	L
79	98	Lp
79	99	U
79	100	L
79	101	-1
79	102	L
79	103	L
79	104	U
79	105	U
79	106	-1
79	107	-1
79	108	Lp
79	109	Lp
79	110	L
79	111	L
79	112	L
79	113	-1
79	114	-1
79	115	Lp
79	116	Lp
79	117	U
79	118	-1
79	119	Lp
80	0	Lp
80	1	-1
80	2	Lp
80	3	-1
80	4	-1
80	5	Lp
80	6	L
80	7	Lp
80	8	Lp
80	9	Lp
80	10	Lp
80	11	-1
80	12	-1
80	13	L
80	14	-1
80	15	L
80	16	L
80	17	Lp
80	18	Lp
80	19	L
80	20	Lp
80	21	Lp
80	22	L
80	23	L
80	24	-1
80	25	Lp
80	26	-1
80	27	-1
80	28	L
80	29	L
80	30	L
80	31	Lp
80	32	-1
80	33	L
80	34	Lp
80	35	L
80	36	Lp
80	37	U
80	38	-1
80	39	-1
80	40	Lp
80	41	-1
80	42	Lp
80	43	L
80	44	L
80	45	U
80	46	L
80	47	-1
80	48	-1
80	49	L
80	50	Lp
80	51	L
80	52	-1
80	53	-1
80	54	-1
80	55	-1
80	56	L
80	57	-1
80	58	-1
80	59	L
80	60	L
80	61	L
80	62	Lp
80	63	L
80	64	Lp
80	65	Lp
80	66	Lp
80	67	Lp
80	68	Lp
80	69	L
80	70	L
80	71	L
80	72	L
80	73	L
80	74	Lp
80	75	Lp
80	76	-1
80	77	-1
80	78	-1
80	79	-1
80	80	L
80	81	-1
80	82	L
80	83	-1
80	84	L
80	85	L
80	86	L
80	87	-1
80	88	L
80	89	-1
80	90	-1
80	91	L
80	92	-1
80	93	-1
80	94	L
80	95	L
80	96	L
80	97	Lp
80	98	L
80	99	-1
80	100	Lp
80	101	Lp
80	102	U
80	103	-1
80	104	L
80	105	Lp
80	106	U
80	107	Lp
80	108	L
80	109	Lp
80	110	Lp
80	111	L
80	112	L
80	113	-1
80	114	-1
80	115	Lp
80	116	Lp
80	117	Lp
80	118	Lp
80	119	Lp
81	0	Lp
81	1	Lp
81	2	Lp
81	3	Lp
81	4	-1
81	5	-1
81	6	Lp
81	7	-1
81	8	Lp
81	9	-1
81	10	Lp
81	11	Lp
81	12	L
81	13	-1
81	14	L
81	15	L
81	16	Lp
81	17	Lp
81	18	Lp
81	19	Lp
81	20	-1
81	21	Lp
81	22	Lp
81	23	L
81	24	Lp
81	25	-1
81	26	Lp
81	27	-1
81	28	Lp
81	29	Lp
81	30	Lp
81	31	Lp
81	32	-1
81	33	Lp
81	34	Lp
81	35	Lp
81	36	Lp
81	37	Lp
81	38	-1
81	39	-1
81	40	Lp
81	41	-1
81	42	L
81	43	-1
81	44	U
81	45	U
81	46	U
81	47	-1
81	48	-1
81	49	L
81	50	L
81	51	Lp
81	52	Lp
81	53	L
81	54	L
81	55	-1
81	56	L
81	57	-1
81	58	L
81	59	-1
81	60	L
81	61	L
81	62	L
81	63	L
81	64	L
81	65	-1
81	66	Lp
81	67	Lp
81	68	-1
81	69	Lp
81	70	L
81	71	L
81	72	L
81	73	L
81	74	L
81	75	L
81	76	L
81	77	L
81	78	-1
81	79	-1
81	80	L
81	81	L
81	82	L
81	83	L
81	84	L
81	85	L
81	86	L
81	87	L
81	88	-1
81	89	L
81	90	L
81	91	-1
81	92	L
81	93	L
81	94	L
81	95	L
81	96	L
81	97	-1
81	98	L
81	99	L
81	100	Lp
81	101	-1
81	102	-1
81	103	-1
81	104	L
81	105	-1
81	106	Lp
81	107	-1
81	108	L
81	109	Lp
81	110	Lp
81	111	L
81	112	L
81	113	L
81	114	L
81	115	L
81	116	Lp
81	117	-1
81	118	Lp
81	119	Lp
82	0	-1
82	1	-1
82	2	-1
82	3	Lp
82	4	Lp
82	5	Lp
82	6	-1
82	7	Lp
82	8	-1
82	9	-1
82	10	U
82	11	U
82	12	Lp
82	13	L
82	14	L
82	15	Lp
82	16	Lp
82	17	Lp
82	18	Lp
82	19	-1
82	20	Lp
82	21	Lp
82	22	Lp
82	23	Lp
82	24	Lp
82	25	Lp
82	26	Lp
82	27	Lp
82	28	Lp
82	29	-1
82	30	Lp
82	31	-1
82	32	Lp
82	33	Lp
82	34	Lp
82	35	Lp
82	36	Lp
82	37	Lp
82	38	Lp
82	39	Lp
82	40	Lp
82	41	Lp
82	42	Lp
82	43	Lp
82	44	Lp
82	45	-1
82	46	-1
82	47	L
82	48	L
82	49	L
82	50	L
82	51	L
82	52	-1
82	53	L
82	54	-1
82	55	-1
82	56	-1
82	57	-1
82	58	L
82	59	L
82	60	L
82	61	-1
82	62	L
82	63	L
82	64	L
82	65	L
82	66	Lp
82	67	L
82	68	-1
82	69	L
82	70	L
82	71	L
82	72	L
82	73	-1
82	74	U
82	75	L
82	76	Lp
82	77	L
82	78	L
82	79	L
82	80	L
82	81	L
82	82	L
82	83	L
82	84	L
82	85	L
82	86	L
82	87	L
82	88	-1
82	89	-1
82	90	L
82	91	L
82	92	L
82	93	L
82	94	-1
82	95	L
82	96	L
82	97	-1
82	98	-1
82	99	-1
82	100	-1
82	101	L
82	102	-1
82	103	L
82	104	L
82	105	L
82	106	L
82	107	L
82	108	-1
82	109	Lp
82	110	Lp
82	111	-1
82	112	L
82	113	L
82	114	-1
82	115	-1
82	116	-1
82	117	Lp
82	118	Lp
82	119	Lp
83	0	Lp
83	1	Lp
83	2	Lp
83	3	Lp
83	4	Lp
83	5	Lp
83	6	Lp
83	7	Lp
83	8	-1
83	9	Lp
83	10	Lp
83	11	-1
83	12	-1
83	13	Lp
83	14	L
83	15	L
83	16	Lp
83	17	Lp
83	18	-1
83	19	Lp
83	20	Lp
83	21	Lp
83	22	-1
83	23	Lp
83	24	Lp
83	25	Lp
83	26	Lp
83	27	Lp
83	28	-1
83	29	Lp
83	30	Lp
83	31	Lp
83	32	-1
83	33	Lp
83	34	Lp
83	35	Lp
83	36	Lp
83	37	-1
83	38	-1
83	39	-1
83	40	Lp
83	41	-1
83	42	Lp
83	43	Lp
83	44	-1
83	45	-1
83	46	Lp
83	47	-1
83	48	L
83	49	-1
83	50	Lp
83	51	Lp
83	52	-1
83	53	Lp
83	54	-1
83	55	Lp
83	56	Lp
83	57	Lp
83	58	L
83	59	-1
83	60	-1
83	61	L
83	62	L
83	63	L
83	64	-1
83	65	L
83	66	L
83	67	-1
83	68	L
83	69	-1
83	70	L
83	71	-1
83	72	-1
83	73	U
83	74	U
83	75	Lp
83	76	L
83	77	L
83	78	L
83	79	-1
83	80	L
83	81	L
83	82	L
83	83	L
83	84	L
83	85	L
83	86	L
83	87	L
83	88	-1
83	89	L
83	90	-1
83	91	Lp
83	92	L
83	93	L
83	94	-1
83	95	L
83	96	-1
83	97	L
83	98	-1
83	99	-1
83	100	-1
83	101	L
83	102	-1
83	103	L
83	104	-1
83	105	Lp
83	106	-1
83	107	-1
83	108	Lp
83	109	Lp
83	110	-1
83	111	-1
83	112	-1
83	113	Lp
83	114	-1
83	115	Lp
83	116	Lp
83	117	Lp
83	118	Lp
83	119	Lp
84	0	Lp
84	1	Lp
84	2	Lp
84	3	Lp
84	4	Lp
84	5	Lp
84	6	-1
84	7	L
84	8	Lp
84	9	Lp
84	10	L
84	11	Lp
84	12	Lp
84	13	L
84	14	L
84	15	Lp
84	16	Lp
84	17	Lp
84	18	Lp
84	19	Lp
84	20	-1
84	21	-1
84	22	-1
84	23	-1
84	24	Lp
84	25	Lp
84	26	Lp
84	27	L
84	28	Lp
84	29	Lp
84	30	Lp
84	31	L
84	32	-1
84	33	Lp
84	34	Lp
84	35	Lp
84	36	Lp
84	37	-1
84	38	L
84	39	Lp
84	40	Lp
84	41	Lp
84	42	-1
84	43	Lp
84	44	Lp
84	45	-1
84	46	Lp
84	47	Lp
84	48	-1
84	49	Lp
84	50	L
84	51	L
84	52	L
84	53	Lp
84	54	L
84	55	Lp
84	56	Lp
84	57	Lp
84	58	-1
84	59	L
84	60	-1
84	61	L
84	62	L
84	63	L
84	64	-1
84	65	-1
84	66	L
84	67	-1
84	68	L
84	69	-1
84	70	L
84	71	L
84	72	U
84	73	-1
84	74	-1
84	75	L
84	76	-1
84	77	-1
84	78	L
84	79	L
84	80	L
84	81	-1
84	82	L
84	83	L
84	84	L
84	85	-1
84	86	L
84	87	L
84	88	L
84	89	L
84	90	L
84	91	L
84	92	L
84	93	L
84	94	-1
84	95	L
84	96	-1
84	97	L
84	98	Lp
84	99	L
84	100	-1
84	101	Lp
84	102	Lp
84	103	L
84	104	-1
84	105	Lp
84	106	Lp
84	107	Lp
84	108	Lp
84	109	Lp
84	110	Lp
84	111	Lp
84	112	Lp
84	113	-1
84	114	Lp
84	115	-1
84	116	Lp
84	117	Lp
84	118	Lp
84	119	Lp
85	0	Lp
85	1	Lp
85	2	L
85	3	-1
85	4	L
85	5	-1
85	6	L
85	7	-1
85	8	Lp
85	9	L
85	10	Lp
85	11	L
85	12	L
85	13	-1
85	14	Lp
85	15	Lp
85	16	Lp
85	17	Lp
85	18	-1
85	19	Lp
85	20	Lp
85	21	-1
85	22	Lp
85	23	Lp
85	24	-1
85	25	Lp
85	26	-1
85	27	Lp
85	28	Lp
85	29	Lp
85	30	L
85	31	L
85	32	L
85	33	-1
85	34	-1
85	35	L
85	36	-1
85	37	L
85	38	Lp
85	39	-1
85	40	Lp
85	41	Lp
85	42	-1
85	43	Lp
85	44	-1
85	45	Lp
85	46	Lp
85	47	Lp
85	48	Lp
85	49	Lp
85	50	Lp
85	51	L
85	52	-1
85	53	L
85	54	L
85	55	L
85	56	-1
85	57	Lp
85	58	Lp
85	59	Lp
85	60	L
85	61	L
85	62	-1
85	63	-1
85	64	-1
85	65	-1
85	66	-1
85	67	L
85	68	L
85	69	L
85	70	L
85	71	L
85	72	U
85	73	-1
85	74	Lp
85	75	L
85	76	-1
85	77	-1
85	78	L
85	79	L
85	80	L
85	81	L
85	82	L
85	83	L
85	84	L
85	85	-1
85	86	L
85	87	L
85	88	L
85	89	L
85	90	L
85	91	L
85	92	L
85	93	L
85	94	-1
85	95	-1
85	96	L
85	97	L
85	98	L
85	99	L
85	100	L
85	101	L
85	102	Lp
85	103	Lp
85	104	-1
85	105	-1
85	106	Lp
85	107	Lp
85	108	-1
85	109	Lp
85	110	Lp
85	111	-1
85	112	Lp
85	113	Lp
85	114	Lp
85	115	-1
85	116	-1
85	117	Lp
85	118	Lp
85	119	Lp
86	0	Lp
86	1	-1
86	2	Lp
86	3	L
86	4	-1
86	5	-1
86	6	Lp
86	7	-1
86	8	Lp
86	9	Lp
86	10	Lp
86	11	Lp
86	12	Lp
86	13	-1
86	14	L
86	15	Lp
86	16	-1
86	17	-1
86	18	Lp
86	19	Lp
86	20	Lp
86	21	Lp
86	22	Lp
86	23	Lp
86	24	Lp
86	25	Lp
86	26	L
86	27	L
86	28	L
86	29	-1
86	30	Lp
86	31	-1
86	32	L
86	33	-1
86	34	-1
86	35	L
86	36	U
86	37	L
86	38	-1
86	39	Lp
86	40	-1
86	41	-1
86	42	-1
86	43	Lp
86	44	-1
86	45	Lp
86	46	-1
86	47	-1
86	48	Lp
86	49	Lp
86	50	-1
86	51	-1
86	52	-1
86	53	L
86	54	L
86	55	-1
86	56	-1
86	57	Lp
86	58	Lp
86	59	Lp
86	60	L
86	61	-1
86	62	L
86	63	L
86	64	-1
86	65	L
86	66	L
86	67	L
86	68	-1
86	69	L
86	70	Lp
86	71	-1
86	72	Lp
86	73	U
86	74	Lp
86	75	Lp
86	76	L
86	77	L
86	78	-1
86	79	L
86	80	L
86	81	L
86	82	L
86	83	L
86	84	-1
86	85	L
86	86	L
86	87	L
86	88	L
86	89	L
86	90	-1
86	91	L
86	92	-1
86	93	L
86	94	-1
86	95	L
86	96	L
86	97	-1
86	98	L
86	99	-1
86	100	L
86	101	Lp
86	102	Lp
86	103	Lp
86	104	Lp
86	105	Lp
86	106	-1
86	107	Lp
86	108	-1
86	109	-1
86	110	-1
86	111	-1
86	112	Lp
86	113	Lp
86	114	Lp
86	115	Lp
86	116	-1
86	117	Lp
86	118	Lp
86	119	-1
87	0	Lp
87	1	-1
87	2	L
87	3	Lp
87	4	Lp
87	5	L
87	6	-1
87	7	L
87	8	-1
87	9	-1
87	10	-1
87	11	Lp
87	12	U
87	13	-1
87	14	Lp
87	15	Lp
87	16	Lp
87	17	Lp
87	18	-1
87	19	Lp
87	20	Lp
87	21	Lp
87	22	-1
87	23	-1
87	24	-1
87	25	L
87	26	Lp
87	27	Lp
87	28	L
87	29	-1
87	30	L
87	31	L
87	32	L
87	33	L
87	34	-1
87	35	L
87	36	-1
87	37	-1
87	38	L
87	39	Lp
87	40	-1
87	41	Lp
87	42	Lp
87	43	Lp
87	44	Lp
87	45	Lp
87	46	Lp
87	47	Lp
87	48	Lp
87	49	Lp
87	50	L
87	51	L
87	52	Lp
87	53	-1
87	54	-1
87	55	L
87	56	-1
87	57	Lp
87	58	Lp
87	59	L
87	60	Lp
87	61	L
87	62	-1
87	63	-1
87	64	-1
87	65	L
87	66	-1
87	67	L
87	68	Lp
87	69	L
87	70	L
87	71	-1
87	72	-1
87	73	-1
87	74	Lp
87	75	Lp
87	76	L
87	77	L
87	78	L
87	79	L
87	80	L
87	81	U
87	82	L
87	83	-1
87	84	U
87	85	L
87	86	-1
87	87	L
87	88	L
87	89	L
87	90	L
87	91	L
87	92	-1
87	93	-1
87	94	L
87	95	-1
87	96	-1
87	97	L
87	98	L
87	99	L
87	100	L
87	101	L
87	102	Lp
87	103	Lp
87	104	Lp
87	105	Lp
87	106	Lp
87	107	Lp
87	108	Lp
87	109	Lp
87	110	Lp
87	111	Lp
87	112	Lp
87	113	Lp
87	114	Lp
87	115	Lp
87	116	Lp
87	117	Lp
87	118	Lp
87	119	Lp
88	0	Lp
88	1	L
88	2	Lp
88	3	-1
88	4	L
88	5	-1
88	6	L
88	7	L
88	8	-1
88	9	-1
88	10	L
88	11	-1
88	12	-1
88	13	-1
88	14	-1
88	15	Lp
88	16	Lp
88	17	Lp
88	18	-1
88	19	-1
88	20	-1
88	21	-1
88	22	Lp
88	23	Lp
88	24	Lp
88	25	U
88	26	L
88	27	L
88	28	L
88	29	L
88	30	L
88	31	L
88	32	L
88	33	L
88	34	L
88	35	L
88	36	L
88	37	Lp
88	38	Lp
88	39	Lp
88	40	L
88	41	Lp
88	42	-1
88	43	Lp
88	44	Lp
88	45	Lp
88	46	Lp
88	47	Lp
88	48	Lp
88	49	L
88	50	Lp
88	51	Lp
88	52	Lp
88	53	-1
88	54	Lp
88	55	Lp
88	56	Lp
88	57	Lp
88	58	Lp
88	59	-1
88	60	L
88	61	Lp
88	62	Lp
88	63	L
88	64	-1
88	65	L
88	66	-1
88	67	-1
88	68	Lp
88	69	U
88	70	-1
88	71	Lp
88	72	Lp
88	73	Lp
88	74	Lp
88	75	L
88	76	L
88	77	-1
88	78	-1
88	79	-1
88	80	U
88	81	-1
88	82	U
88	83	-1
88	84	U
88	85	L
88	86	-1
88	87	L
88	88	L
88	89	L
88	90	L
88	91	L
88	92	L
88	93	Lp
88	94	-1
88	95	-1
88	96	L
88	97	Lp
88	98	-1
88	99	L
88	100	Lp
88	101	L
88	102	U
88	103	Lp
88	104	Lp
88	105	Lp
88	106	Lp
88	107	Lp
88	108	-1
88	109	-1
88	110	Lp
88	111	Lp
88	112	Lp
88	113	Lp
88	114	Lp
88	115	Lp
88	116	Lp
88	117	-1
88	118	Lp
88	119	Lp
89	0	Lp
89	1	-1
89	2	Lp
89	3	L
89	4	L
89	5	L
89	6	L
89	7	L
89	8	-1
89	9	-1
89	10	L
89	11	L
89	12	U
89	13	L
89	14	L
89	15	L
89	16	L
89	17	Lp
89	18	Lp
89	19	Lp
89	20	-1
89	21	Lp
89	22	Lp
89	23	Lp
89	24	Lp
89	25	U
89	26	-1
89	27	U
89	28	U
89	29	-1
89	30	L
89	31	L
89	32	L
89	33	L
89	34	L
89	35	L
89	36	L
89	37	Lp
89	38	Lp
89	39	-1
89	40	-1
89	41	Lp
89	42	Lp
89	43	-1
89	44	Lp
89	45	-1
89	46	Lp
89	47	L
89	48	L
89	49	L
89	50	L
89	51	L
89	52	-1
89	53	-1
89	54	-1
89	55	Lp
89	56	Lp
89	57	Lp
89	58	Lp
89	59	Lp
89	60	-1
89	61	-1
89	62	-1
89	63	L
89	64	Lp
89	65	U
89	66	Lp
89	67	L
89	68	U
89	69	Lp
89	70	-1
89	71	U
89	72	-1
89	73	-1
89	74	L
89	75	L
89	76	L
89	77	U
89	78	U
89	79	-1
89	80	-1
89	81	U
89	82	U
89	83	L
89	84	L
89	85	L
89	86	-1
89	87	L
89	88	L
89	89	-1
89	90	Lp
89	91	Lp
89	92	-1
89	93	Lp
89	94	Lp
89	95	-1
89	96	-1
89	97	L
89	98	L
89	99	L
89	100	L
89	101	Lp
89	102	Lp
89	103	-1
89	104	Lp
89	105	-1
89	106	Lp
89	107	Lp
89	108	-1
89	109	Lp
89	110	L
89	111	-1
89	112	Lp
89	113	Lp
89	114	Lp
89	115	-1
89	116	-1
89	117	Lp
89	118	Lp
89	119	Lp
90	0	-1
90	1	Lp
90	2	L
90	3	L
90	4	L
90	5	L
90	6	L
90	7	-1
90	8	-1
90	9	L
90	10	-1
90	11	L
90	12	L
90	13	L
90	14	L
90	15	L
90	16	-1
90	17	Lp
90	18	Lp
90	19	Lp
90	20	Lp
90	21	Lp
90	22	Lp
90	23	U
90	24	-1
90	25	-1
90	26	U
90	27	L
90	28	-1
90	29	-1
90	30	-1
90	31	-1
90	32	L
90	33	L
90	34	L
90	35	L
90	36	Lp
90	37	Lp
90	38	Lp
90	39	L
90	40	L
90	41	L
90	42	-1
90	43	Lp
90	44	Lp
90	45	-1
90	46	Lp
90	47	L
90	48	L
90	49	L
90	50	-1
90	51	-1
90	52	Lp
90	53	Lp
90	54	L
90	55	L
90	56	Lp
90	57	Lp
90	58	-1
90	59	L
90	60	L
90	61	Lp
90	62	Lp
90	63	Lp
90	64	L
90	65	-1
90	66	U
90	67	U
90	68	L
90	69	-1
90	70	L
90	71	L
90	72	L
90	73	-1
90	74	L
90	75	-1
90	76	L
90	77	-1
90	78	U
90	79	U
90	80	U
90	81	U
90	82	-1
90	83	U
90	84	U
90	85	L
90	86	L
90	87	L
90	88	L
90	89	L
90	90	-1
90	91	-1
90	92	-1
90	93	-1
90	94	L
90	95	Lp
90	96	L
90	97	Lp
90	98	Lp
90	99	-1
90	100	L
90	101	-1
90	102	Lp
90	103	L
90	104	Lp
90	105	-1
90	106	Lp
90	107	-1
90	108	Lp
90	109	Lp
90	110	-1
90	111	Lp
90	112	Lp
90	113	Lp
90	114	L
90	115	U
90	116	-1
90	117	-1
90	118	-1
90	119	Lp
91	0	L
91	1	-1
91	2	L
91	3	-1
91	4	L
91	5	L
91	6	L
91	7	-1
91	8	L
91	9	-1
91	10	L
91	11	L
91	12	L
91	13	L
91	14	-1
91	15	-1
91	16	Lp
91	17	Lp
91	18	Lp
91	19	-1
91	20	-1
91	21	-1
91	22	Lp
91	23	Lp
91	24	U
91	25	U
91	26	L
91	27	Lp
91	28	U
91	29	U
91	30	L
91	31	-1
91	32	L
91	33	L
91	34	L
91	35	L
91	36	L
91	37	L
91	38	-1
91	39	Lp
91	40	L
91	41	Lp
91	42	-1
91	43	Lp
91	44	-1
91	45	Lp
91	46	Lp
91	47	L
91	48	-1
91	49	L
91	50	Lp
91	51	Lp
91	52	L
91	53	L
91	54	L
91	55	-1
91	56	L
91	57	Lp
91	58	Lp
91	59	Lp
91	60	Lp
91	61	-1
91	62	Lp
91	63	Lp
91	64	L
91	65	L
91	66	U
91	67	-1
91	68	L
91	69	U
91	70	U
91	71	L
91	72	L
91	73	-1
91	74	L
91	75	L
91	76	L
91	77	L
91	78	L
91	79	L
91	80	U
91	81	U
91	82	U
91	83	Lp
91	84	-1
91	85	U
91	86	L
91	87	L
91	88	-1
91	89	L
91	90	U
91	91	-1
91	92	Lp
91	93	Lp
91	94	Lp
91	95	-1
91	96	L
91	97	Lp
91	98	Lp
91	99	L
91	100	L
91	101	L
91	102	L
91	103	Lp
91	104	Lp
91	105	Lp
91	106	Lp
91	107	Lp
91	108	-1
91	109	Lp
91	110	L
91	111	Lp
91	112	-1
91	113	Lp
91	114	-1
91	115	-1
91	116	-1
91	117	-1
91	118	L
91	119	-1
92	0	-1
92	1	-1
92	2	-1
92	3	L
92	4	-1
92	5	L
92	6	L
92	7	L
92	8	-1
92	9	-1
92	10	L
92	11	L
92	12	L
92	13	L
92	14	L
92	15	L
92	16	L
92	17	Lp
92	18	Lp
92	19	Lp
92	20	Lp
92	21	-1
92	22	Lp
92	23	Lp
92	24	-1
92	25	-1
92	26	Lp
92	27	Lp
92	28	U
92	29	L
92	30	L
92	31	L
92	32	L
92	33	L
92	34	L
92	35	-1
92	36	L
92	37	L
92	38	Lp
92	39	L
92	40	-1
92	41	Lp
92	42	Lp
92	43	Lp
92	44	Lp
92	45	-1
92	46	L
92	47	L
92	48	-1
92	49	L
92	50	L
92	51	Lp
92	52	Lp
92	53	L
92	54	L
92	55	L
92	56	L
92	57	L
92	58	Lp
92	59	Lp
92	60	Lp
92	61	Lp
92	62	Lp
92	63	Lp
92	64	Lp
92	65	-1
92	66	U
92	67	U
92	68	U
92	69	L
92	70	L
92	71	-1
92	72	L
92	73	-1
92	74	L
92	75	L
92	76	L
92	77	L
92	78	L
92	79	U
92	80	-1
92	81	Lp
92	82	-1
92	83	-1
92	84	-1
92	85	U
92	86	L
92	87	L
92	88	L
92	89	L
92	90	L
92	91	-1
92	92	Lp
92	93	Lp
92	94	-1
92	95	L
92	96	L
92	97	-1
92	98	L
92	99	L
92	100	L
92	101	L
92	102	L
92	103	-1
92	104	Lp
92	105	Lp
92	106	Lp
92	107	Lp
92	108	Lp
92	109	Lp
92	110	-1
92	111	-1
92	112	Lp
92	113	L
92	114	Lp
92	115	L
92	116	L
92	117	L
92	118	L
92	119	L
93	0	-1
93	1	-1
93	2	L
93	3	L
93	4	-1
93	5	L
93	6	-1
93	7	L
93	8	L
93	9	L
93	10	L
93	11	-1
93	12	L
93	13	L
93	14	L
93	15	-1
93	16	L
93	17	Lp
93	18	Lp
93	19	-1
93	20	Lp
93	21	-1
93	22	Lp
93	23	Lp
93	24	Lp
93	25	-1
93	26	L
93	27	-1
93	28	L
93	29	L
93	30	-1
93	31	L
93	32	-1
93	33	L
93	34	L
93	35	-1
93	36	Lp
93	37	Lp
93	38	-1
93	39	L
93	40	L
93	41	Lp
93	42	Lp
93	43	Lp
93	44	-1
93	45	Lp
93	46	Lp
93	47	L
93	48	L
93	49	L
93	50	L
93	51	L
93	52	L
93	53	L
93	54	L
93	55	L
93	56	L
93	57	Lp
93	58	Lp
93	59	Lp
93	60	Lp
93	61	Lp
93	62	-1
93	63	Lp
93	64	Lp
93	65	Lp
93	66	-1
93	67	L
93	68	L
93	69	-1
93	70	L
93	71	L
93	72	L
93	73	L
93	74	-1
93	75	L
93	76	L
93	77	L
93	78	L
93	79	U
93	80	U
93	81	Lp
93	82	U
93	83	-1
93	84	-1
93	85	Lp
93	86	Lp
93	87	L
93	88	L
93	89	L
93	90	Lp
93	91	Lp
93	92	Lp
93	93	Lp
93	94	-1
93	95	L
93	96	L
93	97	Lp
93	98	L
93	99	L
93	100	L
93	101	Lp
93	102	L
93	103	Lp
93	104	-1
93	105	Lp
93	106	-1
93	107	-1
93	108	Lp
93	109	Lp
93	110	Lp
93	111	Lp
93	112	L
93	113	L
93	114	Lp
93	115	L
93	116	-1
93	117	L
93	118	L
93	119	-1
94	0	-1
94	1	L
94	2	-1
94	3	L
94	4	L
94	5	L
94	6	L
94	7	L
94	8	L
94	9	-1
94	10	L
94	11	L
94	12	U
94	13	-1
94	14	-1
94	15	Lp
94	16	Lp
94	17	Lp
94	18	Lp
94	19	Lp
94	20	-1
94	21	Lp
94	22	Lp
94	23	Lp
94	24	Lp
94	25	Lp
94	26	L
94	27	L
94	28	L
94	29	L
94	30	L
94	31	L
94	32	L
94	33	L
94	34	L
94	35	-1
94	36	Lp
94	37	-1
94	38	-1
94	39	Lp
94	40	Lp
94	41	Lp
94	42	-1
94	43	Lp
94	44	Lp
94	45	Lp
94	46	L
94	47	-1
94	48	L
94	49	-1
94	50	L
94	51	L
94	52	L
94	53	L
94	54	L
94	55	L
94	56	L
94	57	Lp
94	58	Lp
94	59	-1
94	60	Lp
94	61	L
94	62	L
94	63	Lp
94	64	Lp
94	65	Lp
94	66	Lp
94	67	L
94	68	L
94	69	L
94	70	L
94	71	L
94	72	L
94	73	Lp
94	74	L
94	75	L
94	76	L
94	77	L
94	78	-1
94	79	Lp
94	80	U
94	81	U
94	82	U
94	83	-1
94	84	-1
94	85	L
94	86	L
94	87	L
94	88	-1
94	89	L
94	90	Lp
94	91	Lp
94	92	Lp
94	93	Lp
94	94	-1
94	95	L
94	96	-1
94	97	Lp
94	98	-1
94	99	L
94	100	-1
94	101	Lp
94	102	Lp
94	103	Lp
94	104	Lp
94	105	-1
94	106	Lp
94	107	-1
94	108	Lp
94	109	Lp
94	110	Lp
94	111	Lp
94	112	L
94	113	-1
94	114	-1
94	115	L
94	116	-1
94	117	L
94	118	L
94	119	L
95	0	L
95	1	L
95	2	-1
95	3	-1
95	4	L
95	5	L
95	6	L
95	7	-1
95	8	L
95	9	-1
95	10	L
95	11	-1
95	12	-1
95	13	-1
95	14	U
95	15	Lp
95	16	-1
95	17	Lp
95	18	Lp
95	19	Lp
95	20	-1
95	21	Lp
95	22	Lp
95	23	Lp
95	24	Lp
95	25	Lp
95	26	-1
95	27	-1
95	28	-1
95	29	-1
95	30	-1
95	31	-1
95	32	Lp
95	33	L
95	34	-1
95	35	-1
95	36	L
95	37	L
95	38	U
95	39	Lp
95	40	Lp
95	41	Lp
95	42	Lp
95	43	Lp
95	44	Lp
95	45	Lp
95	46	L
95	47	L
95	48	-1
95	49	-1
95	50	-1
95	51	L
95	52	L
95	53	-1
95	54	-1
95	55	L
95	56	L
95	57	Lp
95	58	Lp
95	59	Lp
95	60	L
95	61	L
95	62	L
95	63	L
95	64	L
95	65	-1
95	66	L
95	67	L
95	68	L
95	69	L
95	70	-1
95	71	L
95	72	-1
95	73	Lp
95	74	-1
95	75	L
95	76	L
95	77	-1
95	78	L
95	79	Lp
95	80	-1
95	81	L
95	82	L
95	83	L
95	84	-1
95	85	L
95	86	Lp
95	87	Lp
95	88	-1
95	89	-1
95	90	-1
95	91	-1
95	92	-1
95	93	-1
95	94	Lp
95	95	Lp
95	96	Lp
95	97	-1
95	98	L
95	99	L
95	100	U
95	101	-1
95	102	Lp
95	103	Lp
95	104	-1
95	105	Lp
95	106	L
95	107	Lp
95	108	L
95	109	-1
95	110	-1
95	111	Lp
95	112	Lp
95	113	Lp
95	114	L
95	115	-1
95	116	Lp
95	117	L
95	118	L
95	119	-1
96	0	L
96	1	Lp
96	2	-1
96	3	L
96	4	L
96	5	L
96	6	-1
96	7	L
96	8	L
96	9	-1
96	10	L
96	11	-1
96	12	-1
96	13	-1
96	14	U
96	15	-1
96	16	U
96	17	Lp
96	18	Lp
96	19	Lp
96	20	-1
96	21	-1
96	22	Lp
96	23	Lp
96	24	Lp
96	25	-1
96	26	L
96	27	L
96	28	L
96	29	L
96	30	L
96	31	-1
96	32	Lp
96	33	-1
96	34	L
96	35	L
96	36	L
96	37	L
96	38	L
96	39	-1
96	40	Lp
96	41	Lp
96	42	Lp
96	43	-1
96	44	Lp
96	45	Lp
96	46	-1
96	47	L
96	48	Lp
96	49	L
96	50	L
96	51	L
96	52	-1
96	53	L
96	54	-1
96	55	Lp
96	56	L
96	57	L
96	58	-1
96	59	-1
96	60	-1
96	61	L
96	62	L
96	63	L
96	64	L
96	65	-1
96	66	Lp
96	67	L
96	68	L
96	69	Lp
96	70	Lp
96	71	-1
96	72	-1
96	73	L
96	74	L
96	75	L
96	76	L
96	77	L
96	78	L
96	79	L
96	80	L
96	81	-1
96	82	Lp
96	83	L
96	84	Lp
96	85	Lp
96	86	-1
96	87	Lp
96	88	Lp
96	89	Lp
96	90	Lp
96	91	Lp
96	92	Lp
96	93	Lp
96	94	-1
96	95	Lp
96	96	L
96	97	-1
96	98	Lp
96	99	Lp
96	100	Lp
96	101	L
96	102	L
96	103	L
96	104	L
96	105	L
96	106	L
96	107	L
96	108	L
96	109	L
96	110	L
96	111	Lp
96	112	L
96	113	Lp
96	114	L
96	115	-1
96	116	L
96	117	L
96	118	-1
96	119	L
97	0	Lp
97	1	Lp
97	2	L
97	3	L
97	4	L
97	5	L
97	6	L
97	7	L
97	8	L
97	9	L
97	10	-1
97	11	L
97	12	L
97	13	L
97	14	U
97	15	Lp
97	16	U
97	17	U
97	18	Lp
97	19	Lp
97	20	Lp
97	21	-1
97	22	Lp
97	23	-1
97	24	-1
97	25	-1
97	26	L
97	27	L
97	28	L
97	29	L
97	30	L
97	31	L
97	32	Lp
97	33	L
97	34	-1
97	35	L
97	36	-1
97	37	L
97	38	L
97	39	L
97	40	Lp
97	41	L
97	42	L
97	43	-1
97	44	L
97	45	-1
97	46	Lp
97	47	Lp
97	48	Lp
97	49	-1
97	50	L
97	51	L
97	52	Lp
97	53	-1
97	54	Lp
97	55	Lp
97	56	-1
97	57	-1
97	58	-1
97	59	Lp
97	60	Lp
97	61	L
97	62	-1
97	63	L
97	64	-1
97	65	L
97	66	L
97	67	L
97	68	L
97	69	L
97	70	U
97	71	U
97	72	U
97	73	Lp
97	74	L
97	75	-1
97	76	-1
97	77	L
97	78	L
97	79	-1
97	80	L
97	81	L
97	82	L
97	83	L
97	84	L
97	85	Lp
97	86	Lp
97	87	Lp
97	88	Lp
97	89	Lp
97	90	Lp
97	91	Lp
97	92	Lp
97	93	-1
97	94	-1
97	95	-1
97	96	Lp
97	97	-1
97	98	Lp
97	99	Lp
97	100	Lp
97	101	L
97	102	L
97	103	L
97	104	L
97	105	L
97	106	L
97	107	-1
97	108	L
97	109	L
97	110	-1
97	111	L
97	112	Lp
97	113	Lp
97	114	Lp
97	115	L
97	116	-1
97	117	-1
97	118	-1
97	119	L
98	0	Lp
98	1	-1
98	2	L
98	3	L
98	4	L
98	5	L
98	6	L
98	7	-1
98	8	L
98	9	L
98	10	L
98	11	L
98	12	Lp
98	13	-1
98	14	Lp
98	15	Lp
98	16	U
98	17	U
98	18	Lp
98	19	Lp
98	20	Lp
98	21	Lp
98	22	-1
98	23	Lp
98	24	Lp
98	25	U
98	26	U
98	27	-1
98	28	L
98	29	L
98	30	L
98	31	L
98	32	Lp
98	33	-1
98	34	L
98	35	L
98	36	Lp
98	37	Lp
98	38	Lp
98	39	Lp
98	40	Lp
98	41	-1
98	42	-1
98	43	L
98	44	Lp
98	45	Lp
98	46	Lp
98	47	U
98	48	-1
98	49	L
98	50	-1
98	51	-1
98	52	-1
98	53	L
98	54	Lp
98	55	Lp
98	56	Lp
98	57	Lp
98	58	Lp
98	59	Lp
98	60	L
98	61	L
98	62	L
98	63	-1
98	64	-1
98	65	L
98	66	L
98	67	-1
98	68	L
98	69	L
98	70	L
98	71	U
98	72	U
98	73	Lp
98	74	Lp
98	75	-1
98	76	L
98	77	L
98	78	L
98	79	-1
98	80	L
98	81	L
98	82	-1
98	83	L
98	84	L
98	85	Lp
98	86	Lp
98	87	-1
98	88	-1
98	89	Lp
98	90	Lp
98	91	Lp
98	92	Lp
98	93	-1
98	94	Lp
98	95	Lp
98	96	-1
98	97	-1
98	98	-1
98	99	Lp
98	100	L
98	101	L
98	102	L
98	103	L
98	104	-1
98	105	L
98	106	-1
98	107	L
98	108	L
98	109	L
98	110	L
98	111	-1
98	112	Lp
98	113	Lp
98	114	Lp
98	115	Lp
98	116	L
98	117	Lp
98	118	Lp
98	119	Lp
99	0	Lp
99	1	Lp
99	2	-1
99	3	-1
99	4	L
99	5	L
99	6	L
99	7	-1
99	8	L
99	9	L
99	10	Lp
99	11	L
99	12	-1
99	13	U
99	14	-1
99	15	U
99	16	U
99	17	U
99	18	Lp
99	19	Lp
99	20	-1
99	21	Lp
99	22	-1
99	23	Lp
99	24	Lp
99	25	U
99	26	U
99	27	L
99	28	-1
99	29	L
99	30	L
99	31	-1
99	32	L
99	33	-1
99	34	-1
99	35	Lp
99	36	Lp
99	37	Lp
99	38	-1
99	39	Lp
99	40	Lp
99	41	Lp
99	42	Lp
99	43	-1
99	44	Lp
99	45	Lp
99	46	-1
99	47	Lp
99	48	Lp
99	49	-1
99	50	Lp
99	51	L
99	52	L
99	53	L
99	54	Lp
99	55	Lp
99	56	U
99	57	Lp
99	58	Lp
99	59	L
99	60	L
99	61	L
99	62	Lp
99	63	Lp
99	64	-1
99	65	L
99	66	L
99	67	L
99	68	U
99	69	L
99	70	Lp
99	71	L
99	72	U
99	73	-1
99	74	Lp
99	75	L
99	76	L
99	77	L
99	78	Lp
99	79	Lp
99	80	L
99	81	L
99	82	L
99	83	L
99	84	L
99	85	-1
99	86	-1
99	87	-1
99	88	-1
99	89	Lp
99	90	Lp
99	91	Lp
99	92	Lp
99	93	-1
99	94	-1
99	95	Lp
99	96	-1
99	97	-1
99	98	Lp
99	99	-1
99	100	L
99	101	L
99	102	L
99	103	L
99	104	L
99	105	L
99	106	-1
99	107	L
99	108	L
99	109	L
99	110	L
99	111	Lp
99	112	L
99	113	L
99	114	-1
99	115	L
99	116	L
99	117	-1
99	118	Lp
99	119	Lp
100	0	-1
100	1	L
100	2	-1
100	3	L
100	4	-1
100	5	L
100	6	-1
100	7	L
100	8	-1
100	9	-1
100	10	Lp
100	11	Lp
100	12	L
100	13	U
100	14	-1
100	15	U
100	16	-1
100	17	Lp
100	18	U
100	19	Lp
100	20	Lp
100	21	Lp
100	22	Lp
100	23	Lp
100	24	Lp
100	25	-1
100	26	L
100	27	L
100	28	L
100	29	L
100	30	L
100	31	-1
100	32	Lp
100	33	-1
100	34	Lp
100	35	Lp
100	36	Lp
100	37	Lp
100	38	Lp
100	39	Lp
100	40	-1
100	41	-1
100	42	-1
100	43	Lp
100	44	Lp
100	45	U
100	46	-1
100	47	L
100	48	Lp
100	49	U
100	50	L
100	51	L
100	52	-1
100	53	-1
100	54	Lp
100	55	U
100	56	U
100	57	Lp
100	58	Lp
100	59	-1
100	60	Lp
100	61	Lp
100	62	Lp
100	63	-1
100	64	Lp
100	65	Lp
100	66	U
100	67	L
100	68	U
100	69	Lp
100	70	Lp
100	71	L
100	72	U
100	73	Lp
100	74	-1
100	75	Lp
100	76	L
100	77	L
100	78	Lp
100	79	Lp
100	80	-1
100	81	-1
100	82	-1
100	83	-1
100	84	-1
100	85	Lp
100	86	L
100	87	Lp
100	88	-1
100	89	Lp
100	90	Lp
100	91	Lp
100	92	-1
100	93	-1
100	94	Lp
100	95	Lp
100	96	Lp
100	97	Lp
100	98	-1
100	99	-1
100	100	L
100	101	-1
100	102	L
100	103	L
100	104	-1
100	105	L
100	106	L
100	107	L
100	108	-1
100	109	L
100	110	-1
100	111	-1
100	112	Lp
100	113	-1
100	114	U
100	115	L
100	116	L
100	117	L
100	118	-1
100	119	-1
101	0	L
101	1	L
101	2	L
101	3	L
101	4	L
101	5	-1
101	6	L
101	7	L
101	8	L
101	9	Lp
101	10	-1
101	11	Lp
101	12	L
101	13	L
101	14	L
101	15	Lp
101	16	Lp
101	17	Lp
101	18	-1
101	19	-1
101	20	-1
101	21	Lp
101	22	Lp
101	23	-1
101	24	Lp
101	25	L
101	26	L
101	27	L
101	28	L
101	29	L
101	30	L
101	31	-1
101	32	Lp
101	33	Lp
101	34	L
101	35	-1
101	36	Lp
101	37	-1
101	38	-1
101	39	Lp
101	40	-1
101	41	Lp
101	42	L
101	43	Lp
101	44	Lp
101	45	L
101	46	L
101	47	L
101	48	Lp
101	49	L
101	50	L
101	51	L
101	52	-1
101	53	Lp
101	54	Lp
101	55	U
101	56	U
101	57	-1
101	58	-1
101	59	Lp
101	60	L
101	61	-1
101	62	-1
101	63	-1
101	64	Lp
101	65	U
101	66	U
101	67	-1
101	68	Lp
101	69	-1
101	70	Lp
101	71	U
101	72	Lp
101	73	L
101	74	-1
101	75	-1
101	76	L
101	77	L
101	78	Lp
101	79	Lp
101	80	Lp
101	81	L
101	82	L
101	83	-1
101	84	L
101	85	Lp
101	86	L
101	87	Lp
101	88	Lp
101	89	-1
101	90	Lp
101	91	Lp
101	92	-1
101	93	-1
101	94	Lp
101	95	-1
101	96	-1
101	97	Lp
101	98	L
101	99	L
101	100	-1
101	101	L
101	102	-1
101	103	L
101	104	L
101	105	L
101	106	L
101	107	L
101	108	-1
101	109	-1
101	110	-1
101	111	U
101	112	U
101	113	U
101	114	-1
101	115	U
101	116	L
101	117	L
101	118	L
101	119	-1
102	0	L
102	1	L
102	2	L
102	3	-1
102	4	Lp
102	5	Lp
102	6	Lp
102	7	-1
102	8	L
102	9	L
102	10	L
102	11	Lp
102	12	Lp
102	13	L
102	14	Lp
102	15	Lp
102	16	Lp
102	17	Lp
102	18	Lp
102	19	Lp
102	20	Lp
102	21	Lp
102	22	Lp
102	23	-1
102	24	Lp
102	25	L
102	26	L
102	27	L
102	28	L
102	29	L
102	30	L
102	31	-1
102	32	Lp
102	33	L
102	34	Lp
102	35	-1
102	36	-1
102	37	Lp
102	38	-1
102	39	Lp
102	40	-1
102	41	Lp
102	42	L
102	43	L
102	44	L
102	45	-1
102	46	Lp
102	47	L
102	48	-1
102	49	Lp
102	50	Lp
102	51	Lp
102	52	-1
102	53	-1
102	54	Lp
102	55	Lp
102	56	-1
102	57	Lp
102	58	U
102	59	Lp
102	60	Lp
102	61	Lp
102	62	Lp
102	63	Lp
102	64	U
102	65	U
102	66	Lp
102	67	U
102	68	Lp
102	69	-1
102	70	U
102	71	L
102	72	Lp
102	73	-1
102	74	L
102	75	L
102	76	L
102	77	L
102	78	L
102	79	-1
102	80	-1
102	81	L
102	82	L
102	83	Lp
102	84	-1
102	85	-1
102	86	Lp
102	87	L
102	88	Lp
102	89	Lp
102	90	Lp
102	91	Lp
102	92	Lp
102	93	Lp
102	94	-1
102	95	Lp
102	96	-1
102	97	L
102	98	L
102	99	L
102	100	L
102	101	-1
102	102	L
102	103	-1
102	104	L
102	105	L
102	106	L
102	107	L
102	108	L
102	109	-1
102	110	L
102	111	L
102	112	-1
102	113	-1
102	114	-1
102	115	-1
102	116	L
102	117	L
102	118	L
102	119	-1
103	0	L
103	1	-1
103	2	L
103	3	-1
103	4	-1
103	5	Lp
103	6	Lp
103	7	Lp
103	8	L
103	9	L
103	10	-1
103	11	L
103	12	-1
103	13	Lp
103	14	Lp
103	15	Lp
103	16	Lp
103	17	Lp
103	18	Lp
103	19	-1
103	20	-1
103	21	Lp
103	22	Lp
103	23	Lp
103	24	-1
103	25	L
103	26	Lp
103	27	L
103	28	L
103	29	L
103	30	-1
103	31	Lp
103	32	L
103	33	Lp
103	34	L
103	35	U
103	36	-1
103	37	L
103	38	-1
103	39	Lp
103	40	L
103	41	Lp
103	42	-1
103	43	-1
103	44	-1
103	45	-1
103	46	L
103	47	Lp
103	48	L
103	49	L
103	50	L
103	51	L
103	52	Lp
103	53	Lp
103	54	-1
103	55	Lp
103	56	Lp
103	57	-1
103	58	U
103	59	U
103	60	U
103	61	Lp
103	62	Lp
103	63	Lp
103	64	Lp
103	65	Lp
103	66	Lp
103	67	-1
103	68	U
103	69	U
103	70	L
103	71	L
103	72	-1
103	73	L
103	74	L
103	75	-1
103	76	L
103	77	-1
103	78	L
103	79	L
103	80	L
103	81	L
103	82	L
103	83	-1
103	84	-1
103	85	Lp
103	86	Lp
103	87	-1
103	88	-1
103	89	Lp
103	90	-1
103	91	Lp
103	92	Lp
103	93	Lp
103	94	Lp
103	95	-1
103	96	L
103	97	L
103	98	-1
103	99	-1
103	100	-1
103	101	-1
103	102	L
103	103	L
103	104	-1
103	105	Lp
103	106	-1
103	107	L
103	108	-1
103	109	-1
103	110	-1
103	111	-1
103	112	L
103	113	Lp
103	114	U
103	115	L
103	116	L
103	117	-1
103	118	-1
103	119	L
104	0	L
104	1	L
104	2	-1
104	3	Lp
104	4	L
104	5	Lp
104	6	Lp
104	7	-1
104	8	Lp
104	9	L
104	10	-1
104	11	-1
104	12	L
104	13	Lp
104	14	Lp
104	15	Lp
104	16	Lp
104	17	Lp
104	18	Lp
104	19	Lp
104	20	Lp
104	21	Lp
104	22	-1
104	23	Lp
104	24	Lp
104	25	L
104	26	L
104	27	Lp
104	28	L
104	29	-1
104	30	-1
104	31	-1
104	32	Lp
104	33	L
104	34	-1
104	35	U
104	36	-1
104	37	-1
104	38	L
104	39	Lp
104	40	Lp
104	41	Lp
104	42	-1
104	43	L
104	44	Lp
104	45	L
104	46	Lp
104	47	L
104	48	Lp
104	49	L
104	50	L
104	51	-1
104	52	Lp
104	53	Lp
104	54	Lp
104	55	Lp
104	56	-1
104	57	L
104	58	Lp
104	59	U
104	60	-1
104	61	Lp
104	62	Lp
104	63	Lp
104	64	L
104	65	-1
104	66	Lp
104	67	L
104	68	L
104	69	L
104	70	U
104	71	L
104	72	L
104	73	-1
104	74	L
104	75	-1
104	76	L
104	77	Lp
104	78	-1
104	79	L
104	80	Lp
104	81	Lp
104	82	L
104	83	L
104	84	L
104	85	Lp
104	86	-1
104	87	-1
104	88	-1
104	89	Lp
104	90	Lp
104	91	Lp
104	92	-1
104	93	Lp
104	94	-1
104	95	-1
104	96	-1
104	97	Lp
104	98	-1
104	99	Lp
104	100	-1
104	101	-1
104	102	L
104	103	-1
104	104	-1
104	105	-1
104	106	L
104	107	L
104	108	L
104	109	L
104	110	L
104	111	L
104	112	L
104	113	Lp
104	114	L
104	115	L
104	116	-1
104	117	-1
104	118	-1
104	119	-1
105	0	-1
105	1	L
105	2	-1
105	3	L
105	4	Lp
105	5	-1
105	6	Lp
105	7	-1
105	8	-1
105	9	L
105	10	L
105	11	-1
105	12	-1
105	13	L
105	14	Lp
105	15	Lp
105	16	-1
105	17	Lp
105	18	Lp
105	19	Lp
105	20	-1
105	21	Lp
105	22	Lp
105	23	Lp
105	24	-1
105	25	Lp
105	26	Lp
105	27	Lp
105	28	Lp
105	29	L
105	30	-1
105	31	Lp
105	32	Lp
105	33	Lp
105	34	Lp
105	35	-1
105	36	-1
105	37	-1
105	38	Lp
105	39	L
105	40	L
105	41	L
105	42	-1
105	43	-1
105	44	Lp
105	45	Lp
105	46	Lp
105	47	-1
105	48	Lp
105	49	Lp
105	50	-1
105	51	Lp
105	52	L
105	53	Lp
105	54	Lp
105	55	Lp
105	56	L
105	57	Lp
105	58	Lp
105	59	L
105	60	Lp
105	61	-1
105	62	-1
105	63	Lp
105	64	L
105	65	L
105	66	L
105	67	L
105	68	L
105	69	L
105	70	L
105	71	L
105	72	L
105	73	L
105	74	-1
105	75	L
105	76	L
105	77	Lp
105	78	Lp
105	79	L
105	80	-1
105	81	L
105	82	L
105	83	L
105	84	-1
105	85	Lp
105	86	Lp
105	87	-1
105	88	-1
105	89	Lp
105	90	-1
105	91	Lp
105	92	Lp
105	93	Lp
105	94	-1
105	95	-1
105	96	Lp
105	97	Lp
105	98	Lp
105	99	L
105	100	Lp
105	101	L
105	102	L
105	103	L
105	104	L
105	105	L
105	106	L
105	107	-1
105	108	L
105	109	L
105	110	-1
105	111	L
105	112	-1
105	113	-1
105	114	-1
105	115	L
105	116	L
105	117	-1
105	118	-1
105	119	-1
106	0	-1
106	1	-1
106	2	L
106	3	U
106	4	Lp
106	5	-1
106	6	Lp
106	7	Lp
106	8	Lp
106	9	L
106	10	L
106	11	L
106	12	L
106	13	L
106	14	Lp
106	15	Lp
106	16	-1
106	17	L
106	18	Lp
106	19	-1
106	20	Lp
106	21	Lp
106	22	Lp
106	23	Lp
106	24	Lp
106	25	Lp
106	26	Lp
106	27	Lp
106	28	Lp
106	29	Lp
106	30	Lp
106	31	Lp
106	32	Lp
106	33	-1
106	34	Lp
106	35	Lp
106	36	-1
106	37	-1
106	38	-1
106	39	L
106	40	L
106	41	Lp
106	42	-1
106	43	-1
106	44	Lp
106	45	Lp
106	46	Lp
106	47	Lp
106	48	Lp
106	49	L
106	50	-1
106	51	L
106	52	L
106	53	L
106	54	L
106	55	-1
106	56	L
106	57	L
106	58	L
106	59	-1
106	60	U
106	61	U
106	62	-1
106	63	L
106	64	L
106	65	-1
106	66	U
106	67	L
106	68	L
106	69	L
106	70	L
106	71	L
106	72	-1
106	73	-1
106	74	L
106	75	-1
106	76	Lp
106	77	L
106	78	Lp
106	79	L
106	80	Lp
106	81	-1
106	82	L
106	83	L
106	84	L
106	85	Lp
106	86	-1
106	87	Lp
106	88	Lp
106	89	Lp
106	90	L
106	91	L
106	92	Lp
106	93	-1
106	94	-1
106	95	L
106	96	L
106	97	-1
106	98	Lp
106	99	Lp
106	100	-1
106	101	Lp
106	102	L
106	103	L
106	104	L
106	105	-1
106	106	L
106	107	L
106	108	Lp
106	109	-1
106	110	L
106	111	L
106	112	L
106	113	-1
106	114	L
106	115	-1
106	116	L
106	117	L
106	118	L
106	119	L
107	0	L
107	1	-1
107	2	L
107	3	Lp
107	4	-1
107	5	Lp
107	6	-1
107	7	Lp
107	8	-1
107	9	Lp
107	10	-1
107	11	-1
107	12	-1
107	13	Lp
107	14	Lp
107	15	-1
107	16	Lp
107	17	Lp
107	18	L
107	19	Lp
107	20	L
107	21	Lp
107	22	Lp
107	23	-1
107	24	Lp
107	25	-1
107	26	Lp
107	27	-1
107	28	-1
107	29	Lp
107	30	Lp
107	31	-1
107	32	-1
107	33	Lp
107	34	-1
107	35	Lp
107	36	Lp
107	37	L
107	38	L
107	39	L
107	40	L
107	41	-1
107	42	-1
107	43	Lp
107	44	Lp
107	45	-1
107	46	Lp
107	47	Lp
107	48	Lp
107	49	-1
107	50	-1
107	51	L
107	52	L
107	53	-1
107	54	L
107	55	-1
107	56	L
107	57	L
107	58	L
107	59	L
107	60	-1
107	61	-1
107	62	L
107	63	-1
107	64	-1
107	65	U
107	66	L
107	67	L
107	68	L
107	69	L
107	70	L
107	71	-1
107	72	-1
107	73	-1
107	74	-1
107	75	L
107	76	Lp
107	77	-1
107	78	L
107	79	L
107	80	-1
107	81	-1
107	82	L
107	83	-1
107	84	Lp
107	85	Lp
107	86	Lp
107	87	-1
107	88	Lp
107	89	-1
107	90	L
107	91	Lp
107	92	Lp
107	93	Lp
107	94	L
107	95	-1
107	96	L
107	97	Lp
107	98	-1
107	99	L
107	100	L
107	101	L
107	102	-1
107	103	L
107	104	-1
107	105	L
107	106	L
107	107	L
107	108	L
107	109	L
107	110	L
107	111	-1
107	112	L
107	113	L
107	114	L
107	115	L
107	116	L
107	117	L
107	118	L
107	119	L
108	0	-1
108	1	Lp
108	2	Lp
108	3	Lp
108	4	Lp
108	5	-1
108	6	-1
108	7	-1
108	8	L
108	9	L
108	10	-1
108	11	Lp
108	12	Lp
108	13	Lp
108	14	-1
108	15	Lp
108	16	-1
108	17	Lp
108	18	-1
108	19	L
108	20	-1
108	21	Lp
108	22	Lp
108	23	Lp
108	24	Lp
108	25	Lp
108	26	-1
108	27	Lp
108	28	-1
108	29	Lp
108	30	Lp
108	31	-1
108	32	Lp
108	33	Lp
108	34	Lp
108	35	Lp
108	36	-1
108	37	Lp
108	38	Lp
108	39	Lp
108	40	Lp
108	41	-1
108	42	-1
108	43	Lp
108	44	Lp
108	45	Lp
108	46	Lp
108	47	Lp
108	48	-1
108	49	-1
108	50	L
108	51	-1
108	52	-1
108	53	L
108	54	L
108	55	-1
108	56	Lp
108	57	-1
108	58	-1
108	59	L
108	60	-1
108	61	-1
108	62	-1
108	63	-1
108	64	L
108	65	L
108	66	-1
108	67	L
108	68	L
108	69	L
108	70	-1
108	71	L
108	72	-1
108	73	L
108	74	L
108	75	L
108	76	Lp
108	77	Lp
108	78	Lp
108	79	L
108	80	L
108	81	L
108	82	L
108	83	L
108	84	L
108	85	Lp
108	86	-1
108	87	Lp
108	88	-1
108	89	Lp
108	90	Lp
108	91	Lp
108	92	L
108	93	L
108	94	-1
108	95	L
108	96	-1
108	97	L
108	98	Lp
108	99	-1
108	100	-1
108	101	-1
108	102	-1
108	103	-1
108	104	-1
108	105	L
108	106	L
108	107	-1
108	108	L
108	109	L
108	110	L
108	111	Lp
108	112	Lp
108	113	Lp
108	114	L
108	115	L
108	116	L
108	117	L
108	118	L
108	119	Lp
109	0	Lp
109	1	Lp
109	2	Lp
109	3	Lp
109	4	Lp
109	5	L
109	6	-1
109	7	L
109	8	L
109	9	-1
109	10	-1
109	11	Lp
109	12	Lp
109	13	L
109	14	-1
109	15	-1
109	16	L
109	17	-1
109	18	-1
109	19	Lp
109	20	Lp
109	21	-1
109	22	Lp
109	23	Lp
109	24	Lp
109	25	Lp
109	26	Lp
109	27	Lp
109	28	Lp
109	29	Lp
109	30	Lp
109	31	-1
109	32	Lp
109	33	Lp
109	34	Lp
109	35	-1
109	36	-1
109	37	-1
109	38	L
109	39	Lp
109	40	Lp
109	41	Lp
109	42	Lp
109	43	Lp
109	44	Lp
109	45	Lp
109	46	Lp
109	47	L
109	48	Lp
109	49	L
109	50	L
109	51	L
109	52	L
109	53	-1
109	54	L
109	55	L
109	56	L
109	57	L
109	58	L
109	59	U
109	60	Lp
109	61	-1
109	62	-1
109	63	L
109	64	L
109	65	L
109	66	Lp
109	67	Lp
109	68	Lp
109	69	Lp
109	70	L
109	71	Lp
109	72	L
109	73	-1
109	74	L
109	75	L
109	76	Lp
109	77	-1
109	78	Lp
109	79	Lp
109	80	L
109	81	L
109	82	L
109	83	L
109	84	L
109	85	L
109	86	Lp
109	87	Lp
109	88	Lp
109	89	Lp
109	90	Lp
109	91	Lp
109	92	-1
109	93	Lp
109	94	L
109	95	-1
109	96	L
109	97	Lp
109	98	Lp
109	99	L
109	100	L
109	101	L
109	102	-1
109	103	-1
109	104	L
109	105	L
109	106	-1
109	107	Lp
109	108	Lp
109	109	L
109	110	-1
109	111	Lp
109	112	Lp
109	113	L
109	114	L
109	115	Lp
109	116	Lp
109	117	L
109	118	L
109	119	Lp
110	0	L
110	1	Lp
110	2	Lp
110	3	-1
110	4	Lp
110	5	L
110	6	L
110	7	-1
110	8	L
110	9	L
110	10	-1
110	11	L
110	12	Lp
110	13	-1
110	14	-1
110	15	Lp
110	16	Lp
110	17	L
110	18	-1
110	19	-1
110	20	-1
110	21	-1
110	22	-1
110	23	Lp
110	24	U
110	25	-1
110	26	Lp
110	27	-1
110	28	Lp
110	29	Lp
110	30	Lp
110	31	Lp
110	32	-1
110	33	Lp
110	34	Lp
110	35	Lp
110	36	Lp
110	37	Lp
110	38	L
110	39	Lp
110	40	Lp
110	41	Lp
110	42	Lp
110	43	Lp
110	44	Lp
110	45	Lp
110	46	L
110	47	-1
110	48	Lp
110	49	Lp
110	50	-1
110	51	Lp
110	52	L
110	53	L
110	54	L
110	55	-1
110	56	L
110	57	L
110	58	-1
110	59	U
110	60	U
110	61	-1
110	62	-1
110	63	Lp
110	64	-1
110	65	Lp
110	66	Lp
110	67	Lp
110	68	Lp
110	69	Lp
110	70	Lp
110	71	L
110	72	L
110	73	L
110	74	L
110	75	L
110	76	Lp
110	77	L
110	78	-1
110	79	-1
110	80	L
110	81	L
110	82	L
110	83	L
110	84	-1
110	85	Lp
110	86	-1
110	87	Lp
110	88	Lp
110	89	-1
110	90	Lp
110	91	Lp
110	92	-1
110	93	Lp
110	94	-1
110	95	L
110	96	Lp
110	97	Lp
110	98	L
110	99	-1
110	100	L
110	101	L
110	102	L
110	103	L
110	104	L
110	105	-1
110	106	L
110	107	L
110	108	L
110	109	Lp
110	110	Lp
110	111	Lp
110	112	Lp
110	113	-1
110	114	-1
110	115	Lp
110	116	-1
110	117	Lp
110	118	L
110	119	L
111	0	Lp
111	1	-1
111	2	Lp
111	3	Lp
111	4	-1
111	5	-1
111	6	L
111	7	L
111	8	L
111	9	L
111	10	L
111	11	L
111	12	L
111	13	Lp
111	14	-1
111	15	Lp
111	16	L
111	17	Lp
111	18	Lp
111	19	Lp
111	20	Lp
111	21	-1
111	22	L
111	23	L
111	24	-1
111	25	U
111	26	Lp
111	27	Lp
111	28	Lp
111	29	Lp
111	30	Lp
111	31	-1
111	32	Lp
111	33	Lp
111	34	Lp
111	35	Lp
111	36	Lp
111	37	-1
111	38	Lp
111	39	-1
111	40	Lp
111	41	Lp
111	42	Lp
111	43	Lp
111	44	Lp
111	45	Lp
111	46	Lp
111	47	-1
111	48	Lp
111	49	Lp
111	50	Lp
111	51	Lp
111	52	Lp
111	53	L
111	54	L
111	55	-1
111	56	-1
111	57	-1
111	58	L
111	59	-1
111	60	Lp
111	61	Lp
111	62	Lp
111	63	-1
111	64	Lp
111	65	Lp
111	66	Lp
111	67	Lp
111	68	Lp
111	69	Lp
111	70	Lp
111	71	L
111	72	-1
111	73	L
111	74	L
111	75	L
111	76	-1
111	77	-1
111	78	-1
111	79	L
111	80	-1
111	81	L
111	82	L
111	83	L
111	84	L
111	85	L
111	86	Lp
111	87	-1
111	88	Lp
111	89	Lp
111	90	Lp
111	91	Lp
111	92	Lp
111	93	-1
111	94	L
111	95	Lp
111	96	Lp
111	97	-1
111	98	-1
111	99	L
111	100	L
111	101	-1
111	102	-1
111	103	-1
111	104	L
111	105	L
111	106	L
111	107	Lp
111	108	-1
111	109	Lp
111	110	-1
111	111	Lp
111	112	-1
111	113	Lp
111	114	Lp
111	115	L
111	116	-1
111	117	-1
111	118	L
111	119	L
112	0	-1
112	1	-1
112	2	L
112	3	Lp
112	4	Lp
112	5	-1
112	6	L
112	7	L
112	8	L
112	9	-1
112	10	L
112	11	L
112	12	L
112	13	L
112	14	Lp
112	15	Lp
112	16	L
112	17	L
112	18	-1
112	19	Lp
112	20	Lp
112	21	L
112	22	L
112	23	-1
112	24	L
112	25	-1
112	26	Lp
112	27	Lp
112	28	Lp
112	29	Lp
112	30	-1
112	31	-1
112	32	Lp
112	33	Lp
112	34	Lp
112	35	-1
112	36	Lp
112	37	Lp
112	38	Lp
112	39	Lp
112	40	Lp
112	41	L
112	42	L
112	43	L
112	44	-1
112	45	Lp
112	46	-1
112	47	Lp
112	48	Lp
112	49	Lp
112	50	Lp
112	51	Lp
112	52	L
112	53	-1
112	54	L
112	55	L
112	56	L
112	57	Lp
112	58	Lp
112	59	Lp
112	60	Lp
112	61	Lp
112	62	Lp
112	63	Lp
112	64	-1
112	65	Lp
112	66	Lp
112	67	Lp
112	68	-1
112	69	Lp
112	70	Lp
112	71	Lp
112	72	Lp
112	73	L
112	74	L
112	75	L
112	76	-1
112	77	-1
112	78	L
112	79	L
112	80	L
112	81	-1
112	82	L
112	83	L
112	84	Lp
112	85	-1
112	86	Lp
112	87	Lp
112	88	Lp
112	89	Lp
112	90	Lp
112	91	L
112	92	Lp
112	93	L
112	94	Lp
112	95	Lp
112	96	Lp
112	97	Lp
112	98	-1
112	99	L
112	100	L
112	101	Lp
112	102	L
112	103	-1
112	104	L
112	105	L
112	106	L
112	107	Lp
112	108	Lp
112	109	Lp
112	110	-1
112	111	Lp
112	112	Lp
112	113	Lp
112	114	L
112	115	Lp
112	116	Lp
112	117	L
112	118	L
112	119	L
113	0	-1
113	1	Lp
113	2	L
113	3	L
113	4	L
113	5	L
113	6	-1
113	7	Lp
113	8	L
113	9	L
113	10	-1
113	11	L
113	12	L
113	13	L
113	14	L
113	15	-1
113	16	L
113	17	L
113	18	-1
113	19	-1
113	20	L
113	21	L
113	22	-1
113	23	Lp
113	24	L
113	25	Lp
113	26	-1
113	27	-1
113	28	Lp
113	29	Lp
113	30	Lp
113	31	Lp
113	32	Lp
113	33	Lp
113	34	Lp
113	35	Lp
113	36	Lp
113	37	Lp
113	38	-1
113	39	Lp
113	40	Lp
113	41	Lp
113	42	L
113	43	Lp
113	44	L
113	45	Lp
113	46	Lp
113	47	-1
113	48	Lp
113	49	Lp
113	50	Lp
113	51	Lp
113	52	Lp
113	53	-1
113	54	-1
113	55	-1
113	56	-1
113	57	Lp
113	58	Lp
113	59	Lp
113	60	Lp
113	61	Lp
113	62	Lp
113	63	Lp
113	64	-1
113	65	Lp
113	66	Lp
113	67	Lp
113	68	-1
113	69	Lp
113	70	Lp
113	71	Lp
113	72	-1
113	73	Lp
113	74	L
113	75	L
113	76	L
113	77	-1
113	78	-1
113	79	-1
113	80	L
113	81	L
113	82	-1
113	83	Lp
113	84	Lp
113	85	Lp
113	86	Lp
113	87	Lp
113	88	Lp
113	89	Lp
113	90	-1
113	91	-1
113	92	L
113	93	L
113	94	-1
113	95	Lp
113	96	-1
113	97	Lp
113	98	L
113	99	-1
113	100	L
113	101	L
113	102	-1
113	103	L
113	104	L
113	105	L
113	106	L
113	107	L
113	108	Lp
113	109	Lp
113	110	-1
113	111	Lp
113	112	-1
113	113	L
113	114	Lp
113	115	Lp
113	116	Lp
113	117	L
113	118	-1
113	119	-1
114	0	-1
114	1	-1
114	2	L
114	3	-1
114	4	-1
114	5	L
114	6	L
114	7	Lp
114	8	L
114	9	Lp
114	10	L
114	11	-1
114	12	L
114	13	L
114	14	-1
114	15	L
114	16	-1
114	17	L
114	18	L
114	19	-1
114	20	L
114	21	L
114	22	-1
114	23	L
114	24	Lp
114	25	Lp
114	26	-1
114	27	-1
114	28	-1
114	29	-1
114	30	Lp
114	31	Lp
114	32	-1
114	33	Lp
114	34	Lp
114	35	Lp
114	36	Lp
114	37	-1
114	38	Lp
114	39	Lp
114	40	Lp
114	41	Lp
114	42	-1
114	43	-1
114	44	L
114	45	-1
114	46	Lp
114	47	Lp
114	48	Lp
114	49	Lp
114	50	-1
114	51	L
114	52	Lp
114	53	-1
114	54	Lp
114	55	Lp
114	56	-1
114	57	-1
114	58	Lp
114	59	Lp
114	60	Lp
114	61	-1
114	62	-1
114	63	Lp
114	64	-1
114	65	Lp
114	66	-1
114	67	Lp
114	68	-1
114	69	Lp
114	70	Lp
114	71	Lp
114	72	Lp
114	73	L
114	74	Lp
114	75	L
114	76	Lp
114	77	-1
114	78	L
114	79	-1
114	80	-1
114	81	Lp
114	82	Lp
114	83	Lp
114	84	Lp
114	85	Lp
114	86	Lp
114	87	Lp
114	88	Lp
114	89	Lp
114	90	Lp
114	91	Lp
114	92	L
114	93	L
114	94	Lp
114	95	Lp
114	96	L
114	97	L
114	98	L
114	99	-1
114	100	-1
114	101	-1
114	102	L
114	103	L
114	104	L
114	105	L
114	106	Lp
114	107	Lp
114	108	L
114	109	-1
114	110	Lp
114	111	Lp
114	112	Lp
114	113	Lp
114	114	Lp
114	115	-1
114	116	L
114	117	Lp
114	118	L
114	119	L
115	0	Lp
115	1	-1
115	2	-1
115	3	L
115	4	Lp
115	5	Lp
115	6	-1
115	7	Lp
115	8	Lp
115	9	Lp
115	10	-1
115	11	L
115	12	L
115	13	-1
115	14	L
115	15	L
115	16	L
115	17	-1
115	18	L
115	19	L
115	20	L
115	21	L
115	22	Lp
115	23	-1
115	24	L
115	25	-1
115	26	-1
115	27	-1
115	28	-1
115	29	Lp
115	30	Lp
115	31	Lp
115	32	-1
115	33	Lp
115	34	Lp
115	35	Lp
115	36	-1
115	37	-1
115	38	Lp
115	39	Lp
115	40	Lp
115	41	Lp
115	42	Lp
115	43	L
115	44	-1
115	45	L
115	46	L
115	47	-1
115	48	-1
115	49	-1
115	50	L
115	51	L
115	52	Lp
115	53	L
115	54	L
115	55	-1
115	56	-1
115	57	-1
115	58	Lp
115	59	Lp
115	60	Lp
115	61	-1
115	62	Lp
115	63	Lp
115	64	-1
115	65	Lp
115	66	Lp
115	67	-1
115	68	Lp
115	69	Lp
115	70	Lp
115	71	Lp
115	72	Lp
115	73	Lp
115	74	Lp
115	75	-1
115	76	-1
115	77	Lp
115	78	L
115	79	L
115	80	L
115	81	Lp
115	82	L
115	83	Lp
115	84	Lp
115	85	Lp
115	86	Lp
115	87	Lp
115	88	Lp
115	89	Lp
115	90	Lp
115	91	-1
115	92	-1
115	93	-1
115	94	Lp
115	95	-1
115	96	L
115	97	L
115	98	L
115	99	-1
115	100	-1
115	101	-1
115	102	L
115	103	-1
115	104	L
115	105	L
115	106	L
115	107	Lp
115	108	Lp
115	109	Lp
115	110	Lp
115	111	-1
115	112	-1
115	113	Lp
115	114	Lp
115	115	-1
115	116	Lp
115	117	-1
115	118	L
115	119	-1
116	0	-1
116	1	-1
116	2	-1
116	3	Lp
116	4	U
116	5	-1
116	6	Lp
116	7	-1
116	8	Lp
116	9	Lp
116	10	-1
116	11	-1
116	12	-1
116	13	L
116	14	Lp
116	15	-1
116	16	-1
116	17	-1
116	18	L
116	19	L
116	20	L
116	21	L
116	22	Lp
116	23	Lp
116	24	L
116	25	-1
116	26	-1
116	27	Lp
116	28	Lp
116	29	-1
116	30	Lp
116	31	Lp
116	32	-1
116	33	Lp
116	34	Lp
116	35	Lp
116	36	Lp
116	37	L
116	38	-1
116	39	Lp
116	40	-1
116	41	Lp
116	42	Lp
116	43	-1
116	44	L
116	45	L
116	46	Lp
116	47	L
116	48	-1
116	49	-1
116	50	-1
116	51	-1
116	52	Lp
116	53	L
116	54	L
116	55	Lp
116	56	-1
116	57	-1
116	58	Lp
116	59	Lp
116	60	-1
116	61	-1
116	62	Lp
116	63	Lp
116	64	Lp
116	65	-1
116	66	-1
116	67	-1
116	68	L
116	69	L
116	70	L
116	71	L
116	72	Lp
116	73	Lp
116	74	Lp
116	75	Lp
116	76	Lp
116	77	Lp
116	78	L
116	79	-1
116	80	L
116	81	L
116	82	Lp
116	83	L
116	84	Lp
116	85	Lp
116	86	Lp
116	87	-1
116	88	Lp
116	89	Lp
116	90	Lp
116	91	-1
116	92	Lp
116	93	Lp
116	94	L
116	95	L
116	96	L
116	97	L
116	98	L
116	99	L
116	100	L
116	101	-1
116	102	L
116	103	L
116	104	L
116	105	-1
116	106	L
116	107	Lp
116	108	-1
116	109	-1
116	110	-1
116	111	Lp
116	112	Lp
116	113	Lp
116	114	-1
116	115	-1
116	116	Lp
116	117	Lp
116	118	Lp
116	119	-1
117	0	Lp
117	1	-1
117	2	-1
117	3	-1
117	4	U
117	5	U
117	6	-1
117	7	-1
117	8	U
117	9	Lp
117	10	-1
117	11	Lp
117	12	L
117	13	-1
117	14	-1
117	15	Lp
117	16	-1
117	17	Lp
117	18	L
117	19	-1
117	20	-1
117	21	L
117	22	L
117	23	L
117	24	L
117	25	L
117	26	L
117	27	L
117	28	L
117	29	Lp
117	30	Lp
117	31	Lp
117	32	-1
117	33	Lp
117	34	-1
117	35	-1
117	36	-1
117	37	Lp
117	38	Lp
117	39	Lp
117	40	Lp
117	41	Lp
117	42	Lp
117	43	L
117	44	-1
117	45	L
117	46	-1
117	47	-1
117	48	L
117	49	L
117	50	Lp
117	51	Lp
117	52	Lp
117	53	-1
117	54	-1
117	55	L
117	56	-1
117	57	Lp
117	58	Lp
117	59	-1
117	60	-1
117	61	Lp
117	62	Lp
117	63	Lp
117	64	Lp
117	65	-1
117	66	Lp
117	67	L
117	68	L
117	69	Lp
117	70	-1
117	71	L
117	72	Lp
117	73	-1
117	74	Lp
117	75	Lp
117	76	Lp
117	77	L
117	78	L
117	79	L
117	80	L
117	81	L
117	82	-1
117	83	Lp
117	84	Lp
117	85	Lp
117	86	Lp
117	87	U
117	88	-1
117	89	Lp
117	90	Lp
117	91	Lp
117	92	Lp
117	93	L
117	94	Lp
117	95	Lp
117	96	L
117	97	Lp
117	98	L
117	99	-1
117	100	Lp
117	101	Lp
117	102	L
117	103	L
117	104	-1
117	105	L
117	106	-1
117	107	L
117	108	Lp
117	109	Lp
117	110	-1
117	111	Lp
117	112	Lp
117	113	Lp
117	114	-1
117	115	Lp
117	116	Lp
117	117	Lp
117	118	Lp
117	119	Lp
118	0	Lp
118	1	Lp
118	2	Lp
118	3	Lp
118	4	Lp
118	5	Lp
118	6	-1
118	7	U
118	8	-1
118	9	Lp
118	10	Lp
118	11	Lp
118	12	-1
118	13	L
118	14	L
118	15	Lp
118	16	Lp
118	17	L
118	18	L
118	19	Lp
118	20	Lp
118	21	L
118	22	-1
118	23	-1
118	24	L
118	25	L
118	26	L
118	27	Lp
118	28	Lp
118	29	Lp
118	30	Lp
118	31	Lp
118	32	Lp
118	33	-1
118	34	U
118	35	U
118	36	L
118	37	Lp
118	38	-1
118	39	Lp
118	40	L
118	41	-1
118	42	L
118	43	-1
118	44	L
118	45	-1
118	46	L
118	47	L
118	48	L
118	49	L
118	50	Lp
118	51	Lp
118	52	L
118	53	L
118	54	L
118	55	-1
118	56	L
118	57	Lp
118	58	Lp
118	59	L
118	60	Lp
118	61	Lp
118	62	Lp
118	63	-1
118	64	Lp
118	65	L
118	66	L
118	67	-1
118	68	Lp
118	69	Lp
118	70	Lp
118	71	Lp
118	72	Lp
118	73	L
118	74	L
118	75	Lp
118	76	Lp
118	77	L
118	78	L
118	79	L
118	80	L
118	81	L
118	82	-1
118	83	-1
118	84	Lp
118	85	Lp
118	86	Lp
118	87	U
118	88	Lp
118	89	Lp
118	90	-1
118	91	-1
118	92	L
118	93	Lp
118	94	Lp
118	95	L
118	96	-1
118	97	L
118	98	Lp
118	99	Lp
118	100	-1
118	101	U
118	102	Lp
118	103	-1
118	104	L
118	105	Lp
118	106	L
118	107	-1
118	108	Lp
118	109	Lp
118	110	-1
118	111	Lp
118	112	Lp
118	113	Lp
118	114	Lp
118	115	Lp
118	116	Lp
118	117	Lp
118	118	-1
118	119	Lp
119	0	Lp
119	1	-1
119	2	Lp
119	3	Lp
119	4	-1
119	5	-1
119	6	-1
119	7	-1
119	8	U
119	9	-1
119	10	-1
119	11	Lp
119	12	L
119	13	L
119	14	Lp
119	15	Lp
119	16	-1
119	17	L
119	18	L
119	19	-1
119	20	Lp
119	21	L
119	22	-1
119	23	-1
119	24	-1
119	25	Lp
119	26	L
119	27	Lp
119	28	Lp
119	29	Lp
119	30	-1
119	31	Lp
119	32	-1
119	33	Lp
119	34	-1
119	35	-1
119	36	Lp
119	37	-1
119	38	Lp
119	39	Lp
119	40	L
119	41	L
119	42	L
119	43	L
119	44	-1
119	45	-1
119	46	L
119	47	L
119	48	L
119	49	-1
119	50	-1
119	51	-1
119	52	L
119	53	-1
119	54	L
119	55	-1
119	56	-1
119	57	-1
119	58	L
119	59	Lp
119	60	L
119	61	-1
119	62	-1
119	63	Lp
119	64	Lp
119	65	Lp
119	66	Lp
119	67	Lp
119	68	-1
119	69	-1
119	70	-1
119	71	-1
119	72	Lp
119	73	Lp
119	74	L
119	75	L
119	76	Lp
119	77	L
119	78	L
119	79	L
119	80	L
119	81	L
119	82	Lp
119	83	-1
119	84	-1
119	85	Lp
119	86	Lp
119	87	Lp
119	88	-1
119	89	Lp
119	90	U
119	91	L
119	92	Lp
119	93	Lp
119	94	Lp
119	95	L
119	96	L
119	97	L
119	98	-1
119	99	-1
119	100	-1
119	101	-1
119	102	Lp
119	103	-1
119	104	-1
119	105	U
119	106	Lp
119	107	Lp
119	108	Lp
119	109	-1
119	110	Lp
119	111	Lp
119	112	Lp
119	113	Lp
119	114	Lp
119	115	Lp
119	116	L
119	117	Lp
119	118	Lp
119	119	Lp
