0	0	-1
0	1	L
0	2	L
0	3	-1
0	4	Lp
0	5	Lp
0	6	Lp
0	7	L
0	8	L
0	9	-1
0	10	L
0	11	-1
0	12	L
0	13	L
0	14	L
0	15	L
0	16	Lp
0	17	Lp
0	18	L
0	19	Lp
0	20	-1
0	21	Lp
0	22	Lp
0	23	Lp
0	24	L
0	25	-1
0	26	L
0	27	L
0	28	-1
0	29	-1
0	30	L
0	31	L
0	32	-1
0	33	L
0	34	L
0	35	-1
0	36	L
0	37	L
0	38	-1
0	39	L
0	40	L
0	41	L
0	42	-1
0	43	L
0	44	-1
0	45	-1
0	46	-1
0	47	-1
0	48	L
0	49	-1
0	50	Lp
0	51	Lp
0	52	Lp
0	53	-1
0	54	L
0	55	L
0	56	L
0	57	L
0	58	L
0	59	L
0	60	U
0	61	-1
0	62	L
0	63	Lp
0	64	Lp
0	65	-1
0	66	Lp
0	67	Lp
0	68	-1
0	69	-1
0	70	-1
0	71	-1
0	72	L
0	73	-1
0	74	-1
0	75	L
0	76	-1
0	77	L
0	78	L
0	79	-1
0	80	-1
0	81	L
0	82	L
0	83	-1
0	84	-1
0	85	L
0	86	L
0	87	L
0	88	L
0	89	L
0	90	L
0	91	L
0	92	L
0	93	L
0	94	L
0	95	-1
0	96	L
0	97	L
0	98	-1
0	99	L
0	100	-1
0	101	L
0	102	L
0	103	Lp
0	104	Lp
0	105	Lp
0	106	Lp
0	107	Lp
0	108	-1
0	109	-1
0	110	Lp
0	111	Lp
0	112	-1
0	113	Lp
0	114	Lp
0	115	-1
0	116	-1
0	117	L
0	118	-1
0	119	-1
1	0	Lp
1	1	L
1	2	L
1	3	-1
1	4	-1
1	5	Lp
1	6	-1
1	7	L
1	8	-1
1	9	L
1	10	-1
1	11	-1
1	12	-1
1	13	L
1	14	L
1	15	L
1	16	Lp
1	17	Lp
1	18	-1
1	19	-1
1	20	Lp
1	21	Lp
1	22	Lp
1	23	Lp
1	24	L
1	25	-1
1	26	L
1	27	-1
1	28	-1
1	29	-1
1	30	L
1	31	L
1	32	-1
1	33	-1
1	34	L
1	35	L
1	36	-1
1	37	L
1	38	L
1	39	L
1	40	L
1	41	-1
1	42	L
1	43	L
1	44	-1
1	45	-1
1	46	-1
1	47	-1
1	48	-1
1	49	Lp
1	50	L
1	51	L
1	52	L
1	53	-1
1	54	L
1	55	L
1	56	L
1	57	L
1	58	L
1	59	L
1	60	-1
1	61	L
1	62	L
1	63	-1
1	64	Lp
1	65	-1
1	66	L
1	67	L
1	68	Lp
1	69	L
1	70	L
1	71	L
1	72	U
1	73	U
1	74	-1
1	75	-1
1	76	-1
1	77	-1
1	78	L
1	79	L
1	80	-1
1	81	L
1	82	L
1	83	L
1	84	L
1	85	L
1	86	L
1	87	L
1	88	-1
1	89	L
1	90	L
1	91	L
1	92	L
1	93	-1
1	94	-1
1	95	L
1	96	L
1	97	L
1	98	-1
1	99	-1
1	100	L
1	101	L
1	102	L
1	103	L
1	104	L
1	105	-1
1	106	-1
1	107	-1
1	108	Lp
1	109	-1
1	110	Lp
1	111	Lp
1	112	Lp
1	113	Lp
1	114	Lp
1	115	Lp
1	116	-1
1	117	-1
1	118	Lp
1	119	Lp
2	0	-1
2	1	L
2	2	L
2	3	-1
2	4	L
2	5	L
2	6	L
2	7	L
2	8	-1
2	9	L
2	10	-1
2	11	L
2	12	L
2	13	L
2	14	L
2	15	Lp
2	16	Lp
2	17	-1
2	18	-1
2	19	-1
2	20	Lp
2	21	-1
2	22	-1
2	23	Lp
2	24	Lp
2	25	Lp
2	26	Lp
2	27	Lp
2	28	L
2	29	L
2	30	L
2	31	-1
2	32	-1
2	33	Lp
2	34	L
2	35	L
2	36	L
2	37	L
2	38	L
2	39	-1
2	40	L
2	41	-1
2	42	-1
2	43	Lp
2	44	-1
2	45	-1
2	46	Lp
2	47	Lp
2	48	Lp
2	49	L
2	50	-1
2	51	L
2	52	L
2	53	L
2	54	L
2	55	L
2	56	L
2	57	L
2	58	L
2	59	-1
2	60	L
2	61	L
2	62	L
2	63	L
2	64	L
2	65	-1
2	66	L
2	67	-1
2	68	-1
2	69	L
2	70	L
2	71	L
2	72	-1
2	73	-1
2	74	L
2	75	-1
2	76	L
2	77	L
2	78	-1
2	79	L
2	80	L
2	81	-1
2	82	L
2	83	L
2	84	L
2	85	L
2	86	L
2	87	L
2	88	-1
2	89	L
2	90	L
2	91	L
2	92	L
2	93	L
2	94	L
2	95	L
2	96	L
2	97	-1
2	98	L
2	99	-1
2	100	L
2	101	L
2	102	-1
2	103	-1
2	104	L
2	105	L
2	106	L
2	107	Lp
2	108	Lp
2	109	-1
2	110	Lp
2	111	Lp
2	112	Lp
2	113	Lp
2	114	-1
2	115	Lp
2	116	Lp
2	117	-1
2	118	Lp
2	119	-1
3	0	L
3	1	-1
3	2	-1
3	3	L
3	4	L
3	5	L
3	6	-1
3	7	-1
3	8	-1
3	9	L
3	10	L
3	11	-1
3	12	L
3	13	L
3	14	L
3	15	L
3	16	-1
3	17	Lp
3	18	-1
3	19	L
3	20	Lp
3	21	-1
3	22	Lp
3	23	-1
3	24	L
3	25	L
3	26	Lp
3	27	L
3	28	L
3	29	-1
3	30	L
3	31	L
3	32	L
3	33	Lp
3	34	Lp
3	35	L
3	36	Lp
3	37	L
3	38	L
3	39	-1
3	40	L
3	41	L
3	42	L
3	43	-1
3	44	Lp
3	45	-1
3	46	-1
3	47	Lp
3	48	Lp
3	49	Lp
3	50	-1
3	51	L
3	52	L
3	53	L
3	54	L
3	55	L
3	56	L
3	57	L
3	58	L
3	59	L
3	60	L
3	61	L
3	62	-1
3	63	-1
3	64	L
3	65	-1
3	66	U
3	67	L
3	68	-1
3	69	L
3	70	L
3	71	L
3	72	U
3	73	L
3	74	L
3	75	L
3	76	-1
3	77	-1
3	78	L
3	79	L
3	80	L
3	81	L
3	82	L
3	83	-1
3	84	Lp
3	85	-1
3	86	-1
3	87	-1
3	88	L
3	89	L
3	90	-1
3	91	-1
3	92	-1
3	93	-1
3	94	L
3	95	-1
3	96	-1
3	97	L
3	98	-1
3	99	U
3	100	U
3	101	L
3	102	L
3	103	-1
3	104	-1
3	105	Lp
3	106	L
3	107	L
3	108	-1
3	109	Lp
3	110	-1
3	111	Lp
3	112	-1
3	113	-1
3	114	Lp
3	115	-1
3	116	Lp
3	117	Lp
3	118	Lp
3	119	L
4	0	L
4	1	-1
4	2	L
4	3	L
4	4	L
4	5	L
4	6	-1
4	7	-1
4	8	L
4	9	-1
4	10	L
4	11	-1
4	12	L
4	13	L
4	14	L
4	15	L
4	16	-1
4	17	Lp
4	18	Lp
4	19	Lp
4	20	Lp
4	21	Lp
4	22	Lp
4	23	Lp
4	24	Lp
4	25	L
4	26	Lp
4	27	Lp
4	28	Lp
4	29	-1
4	30	L
4	31	L
4	32	-1
4	33	Lp
4	34	Lp
4	35	Lp
4	36	Lp
4	37	L
4	38	L
4	39	L
4	40	-1
4	41	-1
4	42	L
4	43	-1
4	44	Lp
4	45	Lp
4	46	Lp
4	47	Lp
4	48	Lp
4	49	Lp
4	50	Lp
4	51	L
4	52	L
4	53	-1
4	54	L
4	55	-1
4	56	L
4	57	L
4	58	-1
4	59	-1
4	60	U
4	61	U
4	62	L
4	63	-1
4	64	L
4	65	-1
4	66	-1
4	67	L
4	68	L
4	69	-1
4	70	-1
4	71	L
4	72	L
4	73	L
4	74	L
4	75	L
4	76	L
4	77	L
4	78	L
4	79	L
4	80	L
4	81	L
4	82	L
4	83	Lp
4	84	-1
4	85	-1
4	86	Lp
4	87	Lp
4	88	-1
4	89	-1
4	90	-1
4	91	-1
4	92	L
4	93	L
4	94	L
4	95	-1
4	96	L
4	97	L
4	98	-1
4	99	U
4	100	U
4	101	U
4	102	L
4	103	L
4	104	L
4	105	-1
4	106	Lp
4	107	L
4	108	L
4	109	Lp
4	110	Lp
4	111	-1
4	112	L
4	113	-1
4	114	Lp
4	115	Lp
4	116	-1
4	117	-1
4	118	-1
4	119	L
5	0	L
5	1	-1
5	2	-1
5	3	L
5	4	-1
5	5	L
5	6	-1
5	7	L
5	8	-1
5	9	L
5	10	-1
5	11	-1
5	12	L
5	13	L
5	14	L
5	15	Lp
5	16	L
5	17	Lp
5	18	Lp
5	19	Lp
5	20	Lp
5	21	Lp
5	22	Lp
5	23	Lp
5	24	-1
5	25	Lp
5	26	-1
5	27	Lp
5	28	Lp
5	29	Lp
5	30	-1
5	31	-1
5	32	-1
5	33	L
5	34	-1
5	35	-1
5	36	Lp
5	37	Lp
5	38	-1
5	39	-1
5	40	L
5	41	L
5	42	-1
5	43	-1
5	44	L
5	45	Lp
5	46	Lp
5	47	-1
5	48	Lp
5	49	L
5	50	L
5	51	L
5	52	L
5	53	L
5	54	-1
5	55	L
5	56	L
5	57	Lp
5	58	L
5	59	L
5	60	U
5	61	Lp
5	62	L
5	63	L
5	64	Lp
5	65	L
5	66	L
5	67	L
5	68	L
5	69	-1
5	70	-1
5	71	L
5	72	-1
5	73	-1
5	74	Lp
5	75	Lp
5	76	L
5	77	L
5	78	-1
5	79	Lp
5	80	Lp
5	81	L
5	82	L
5	83	L
5	84	L
5	85	L
5	86	Lp
5	87	Lp
5	88	-1
5	89	-1
5	90	L
5	91	-1
5	92	L
5	93	L
5	94	L
5	95	L
5	96	L
5	97	L
5	98	U
5	99	Lp
5	100	-1
5	101	-1
5	102	-1
5	103	L
5	104	Lp
5	105	Lp
5	106	Lp
5	107	Lp
5	108	Lp
5	109	-1
5	110	-1
5	111	-1
5	112	Lp
5	113	-1
5	114	-1
5	115	-1
5	116	Lp
5	117	Lp
5	118	Lp
5	119	-1
6	0	L
6	1	L
6	2	-1
6	3	L
6	4	L
6	5	L
6	6	L
6	7	-1
6	8	-1
6	9	L
6	10	-1
6	11	-1
6	12	L
6	13	L
6	14	L
6	15	L
6	16	-1
6	17	Lp
6	18	-1
6	19	-1
6	20	Lp
6	21	-1
6	22	Lp
6	23	U
6	24	Lp
6	25	Lp
6	26	Lp
6	27	-1
6	28	Lp
6	29	L
6	30	-1
6	31	L
6	32	L
6	33	L
6	34	Lp
6	35	-1
6	36	L
6	37	-1
6	38	L
6	39	L
6	40	L
6	41	L
6	42	L
6	43	L
6	44	L
6	45	-1
6	46	-1
6	47	Lp
6	48	L
6	49	L
6	50	U
6	51	L
6	52	U
6	53	L
6	54	L
6	55	L
6	56	-1
6	57	L
6	58	L
6	59	L
6	60	Lp
6	61	Lp
6	62	-1
6	63	L
6	64	L
6	65	L
6	66	-1
6	67	L
6	68	-1
6	69	L
6	70	Lp
6	71	L
6	72	L
6	73	L
6	74	-1
6	75	Lp
6	76	-1
6	77	L
6	78	Lp
6	79	Lp
6	80	L
6	81	Lp
6	82	L
6	83	-1
6	84	L
6	85	L
6	86	Lp
6	87	-1
6	88	Lp
6	89	-1
6	90	L
6	91	-1
6	92	L
6	93	L
6	94	L
6	95	-1
6	96	L
6	97	L
6	98	L
6	99	L
6	100	L
6	101	L
6	102	L
6	103	L
6	104	L
6	105	-1
6	106	Lp
6	107	Lp
6	108	Lp
6	109	-1
6	110	Lp
6	111	-1
6	112	Lp
6	113	Lp
6	114	Lp
6	115	Lp
6	116	Lp
6	117	Lp
6	118	Lp
6	119	Lp
7	0	Lp
7	1	-1
7	2	L
7	3	L
7	4	L
7	5	-1
7	6	-1
7	7	L
7	8	L
7	9	-1
7	10	L
7	11	-1
7	12	L
7	13	-1
7	14	-1
7	15	Lp
7	16	Lp
7	17	Lp
7	18	Lp
7	19	Lp
7	20	Lp
7	21	Lp
7	22	-1
7	23	Lp
7	24	-1
7	25	-1
7	26	Lp
7	27	-1
7	28	-1
7	29	-1
7	30	-1
7	31	-1
7	32	-1
7	33	Lp
7	34	Lp
7	35	L
7	36	L
7	37	Lp
7	38	-1
7	39	L
7	40	L
7	41	L
7	42	L
7	43	L
7	44	L
7	45	L
7	46	Lp
7	47	Lp
7	48	-1
7	49	Lp
7	50	-1
7	51	Lp
7	52	L
7	53	L
7	54	-1
7	55	L
7	56	L
7	57	-1
7	58	-1
7	59	-1
7	60	L
7	61	Lp
7	62	-1
7	63	L
7	64	L
7	65	-1
7	66	-1
7	67	L
7	68	L
7	69	-1
7	70	-1
7	71	Lp
7	72	-1
7	73	L
7	74	L
7	75	-1
7	76	-1
7	77	-1
7	78	-1
7	79	Lp
7	80	-1
7	81	Lp
7	82	L
7	83	-1
7	84	L
7	85	L
7	86	L
7	87	L
7	88	-1
7	89	Lp
7	90	Lp
7	91	L
7	92	-1
7	93	L
7	94	L
7	95	-1
7	96	L
7	97	L
7	98	-1
7	99	-1
7	100	L
7	101	L
7	102	L
7	103	L
7	104	-1
7	105	Lp
7	106	Lp
7	107	Lp
7	108	Lp
7	109	-1
7	110	Lp
7	111	-1
7	112	-1
7	113	-1
7	114	-1
7	115	Lp
7	116	Lp
7	117	Lp
7	118	Lp
7	119	-1
8	0	-1
8	1	-1
8	2	L
8	3	L
8	4	L
8	5	L
8	6	-1
8	7	-1
8	8	L
8	9	-1
8	10	L
8	11	-1
8	12	-1
8	13	L
8	14	-1
8	15	Lp
8	16	L
8	17	Lp
8	18	Lp
8	19	-1
8	20	Lp
8	21	-1
8	22	Lp
8	23	Lp
8	24	-1
8	25	Lp
8	26	Lp
8	27	-1
8	28	L
8	29	L
8	30	-1
8	31	L
8	32	Lp
8	33	L
8	34	L
8	35	Lp
8	36	Lp
8	37	L
8	38	-1
8	39	Lp
8	40	-1
8	41	Lp
8	42	L
8	43	L
8	44	L
8	45	-1
8	46	L
8	47	Lp
8	48	-1
8	49	Lp
8	50	Lp
8	51	Lp
8	52	L
8	53	-1
8	54	L
8	55	L
8	56	-1
8	57	L
8	58	L
8	59	-1
8	60	L
8	61	L
8	62	Lp
8	63	L
8	64	L
8	65	L
8	66	-1
8	67	L
8	68	Lp
8	69	-1
8	70	-1
8	71	Lp
8	72	-1
8	73	U
8	74	U
8	75	L
8	76	-1
8	77	-1
8	78	-1
8	79	Lp
8	80	Lp
8	81	Lp
8	82	L
8	83	L
8	84	L
8	85	-1
8	86	Lp
8	87	-1
8	88	-1
8	89	-1
8	90	L
8	91	L
8	92	L
8	93	L
8	94	L
8	95	L
8	96	L
8	97	Lp
8	98	L
8	99	-1
8	100	L
8	101	L
8	102	Lp
8	103	L
8	104	L
8	105	Lp
8	106	Lp
8	107	Lp
8	108	Lp
8	109	Lp
8	110	Lp
8	111	-1
8	112	Lp
8	113	Lp
8	114	-1
8	115	-1
8	116	Lp
8	117	L
8	118	L
8	119	L
9	0	-1
9	1	-1
9	2	L
9	3	Lp
9	4	-1
9	5	Lp
9	6	-1
9	7	L
9	8	L
9	9	L
9	10	L
9	11	L
9	12	L
9	13	-1
9	14	L
9	15	-1
9	16	-1
9	17	Lp
9	18	Lp
9	19	Lp
9	20	Lp
9	21	-1
9	22	-1
9	23	Lp
9	24	-1
9	25	Lp
9	26	L
9	27	L
9	28	-1
9	29	-1
9	30	L
9	31	L
9	32	-1
9	33	L
9	34	-1
9	35	-1
9	36	-1
9	37	L
9	38	L
9	39	-1
9	40	-1
9	41	Lp
9	42	-1
9	43	-1
9	44	L
9	45	-1
9	46	L
9	47	Lp
9	48	Lp
9	49	L
9	50	Lp
9	51	Lp
9	52	Lp
9	53	L
9	54	L
9	55	L
9	56	-1
9	57	L
9	58	L
9	59	L
9	60	L
9	61	L
9	62	L
9	63	L
9	64	L
9	65	-1
9	66	L
9	67	-1
9	68	L
9	69	-1
9	70	-1
9	71	-1
9	72	-1
9	73	U
9	74	L
9	75	L
9	76	L
9	77	-1
9	78	-1
9	79	-1
9	80	Lp
9	81	Lp
9	82	Lp
9	83	L
9	84	-1
9	85	-1
9	86	-1
9	87	Lp
9	88	Lp
9	89	Lp
9	90	Lp
9	91	-1
9	92	L
9	93	L
9	94	-1
9	95	L
9	96	-1
9	97	L
9	98	Lp
9	99	-1
9	100	L
9	101	Lp
9	102	-1
9	103	L
9	104	L
9	105	L
9	106	Lp
9	107	L
9	108	L
9	109	L
9	110	-1
9	111	Lp
9	112	Lp
9	113	L
9	114	-1
9	115	Lp
9	116	-1
9	117	Lp
9	118	Lp
9	119	Lp
10	0	-1
10	1	-1
10	2	-1
10	3	Lp
10	4	Lp
10	5	L
10	6	-1
10	7	L
10	8	L
10	9	L
10	10	Lp
10	11	L
10	12	L
10	13	-1
10	14	L
10	15	-1
10	16	-1
10	17	-1
10	18	Lp
10	19	Lp
10	20	Lp
10	21	Lp
10	22	Lp
10	23	Lp
10	24	L
10	25	L
10	26	L
10	27	-1
10	28	-1
10	29	-1
10	30	-1
10	31	L
10	32	Lp
10	33	L
10	34	L
10	35	L
10	36	Lp
10	37	-1
10	38	-1
10	39	Lp
10	40	Lp
10	41	-1
10	42	Lp
10	43	L
10	44	L
10	45	L
10	46	L
10	47	L
10	48	-1
10	49	Lp
10	50	L
10	51	L
10	52	L
10	53	-1
10	54	L
10	55	L
10	56	L
10	57	-1
10	58	L
10	59	L
10	60	L
10	61	L
10	62	L
10	63	L
10	64	L
10	65	L
10	66	L
10	67	-1
10	68	-1
10	69	-1
10	70	L
10	71	L
10	72	-1
10	73	L
10	74	U
10	75	L
10	76	-1
10	77	-1
10	78	L
10	79	Lp
10	80	-1
10	81	Lp
10	82	L
10	83	L
10	84	-1
10	85	-1
10	86	Lp
10	87	-1
10	88	Lp
10	89	L
10	90	L
10	91	L
10	92	L
10	93	L
10	94	L
10	95	-1
10	96	L
10	97	-1
10	98	L
10	99	Lp
10	100	Lp
10	101	Lp
10	102	Lp
10	103	L
10	104	L
10	105	-1
10	106	-1
10	107	L
10	108	L
10	109	L
10	110	-1
10	111	Lp
10	112	-1
10	113	L
10	114	L
10	115	L
10	116	L
10	117	Lp
10	118	-1
10	119	Lp
11	0	Lp
11	1	L
11	2	-1
11	3	Lp
11	4	Lp
11	5	Lp
11	6	L
11	7	L
11	8	Lp
11	9	Lp
11	10	Lp
11	11	Lp
11	12	-1
11	13	-1
11	14	-1
11	15	L
11	16	L
11	17	L
11	18	Lp
11	19	Lp
11	20	Lp
11	21	-1
11	22	Lp
11	23	Lp
11	24	L
11	25	L
11	26	-1
11	27	-1
11	28	-1
11	29	L
11	30	L
11	31	L
11	32	L
11	33	Lp
11	34	Lp
11	35	-1
11	36	Lp
11	37	Lp
11	38	Lp
11	39	Lp
11	40	Lp
11	41	L
11	42	L
11	43	-1
11	44	Lp
11	45	Lp
11	46	-1
11	47	-1
11	48	Lp
11	49	Lp
11	50	-1
11	51	L
11	52	L
11	53	L
11	54	L
11	55	L
11	56	-1
11	57	-1
11	58	L
11	59	L
11	60	-1
11	61	L
11	62	L
11	63	L
11	64	L
11	65	L
11	66	L
11	67	L
11	68	L
11	69	-1
11	70	L
11	71	-1
11	72	L
11	73	L
11	74	-1
11	75	-1
11	76	-1
11	77	L
11	78	-1
11	79	Lp
11	80	-1
11	81	L
11	82	L
11	83	Lp
11	84	Lp
11	85	Lp
11	86	Lp
11	87	Lp
11	88	-1
11	89	-1
11	90	-1
11	91	L
11	92	L
11	93	-1
11	94	L
11	95	L
11	96	L
11	97	L
11	98	L
11	99	Lp
11	100	Lp
11	101	Lp
11	102	Lp
11	103	Lp
11	104	L
11	105	-1
11	106	-1
11	107	-1
11	108	-1
11	109	-1
11	110	Lp
11	111	L
11	112	Lp
11	113	-1
11	114	L
11	115	L
11	116	L
11	117	-1
11	118	Lp
11	119	-1
12	0	Lp
12	1	Lp
12	2	-1
12	3	-1
12	4	Lp
12	5	L
12	6	L
12	7	L
12	8	Lp
12	9	L
12	10	-1
12	11	Lp
12	12	Lp
12	13	-1
12	14	L
12	15	L
12	16	L
12	17	L
12	18	L
12	19	-1
12	20	-1
12	21	Lp
12	22	Lp
12	23	Lp
12	24	Lp
12	25	L
12	26	-1
12	27	Lp
12	28	-1
12	29	L
12	30	L
12	31	-1
12	32	Lp
12	33	Lp
12	34	Lp
12	35	Lp
12	36	Lp
12	37	Lp
12	38	U
12	39	-1
12	40	L
12	41	-1
12	42	Lp
12	43	Lp
12	44	-1
12	45	Lp
12	46	Lp
12	47	-1
12	48	Lp
12	49	-1
12	50	-1
12	51	-1
12	52	L
12	53	L
12	54	L
12	55	L
12	56	L
12	57	L
12	58	L
12	59	L
12	60	L
12	61	L
12	62	L
12	63	L
12	64	L
12	65	L
12	66	-1
12	67	-1
12	68	L
12	69	L
12	70	-1
12	71	L
12	72	-1
12	73	L
12	74	L
12	75	-1
12	76	-1
12	77	L
12	78	L
12	79	-1
12	80	-1
12	81	-1
12	82	Lp
12	83	Lp
12	84	L
12	85	Lp
12	86	Lp
12	87	Lp
12	88	Lp
12	89	-1
12	90	-1
12	91	L
12	92	L
12	93	L
12	94	L
12	95	Lp
12	96	L
12	97	L
12	98	L
12	99	-1
12	100	-1
12	101	L
12	102	Lp
12	103	Lp
12	104	Lp
12	105	-1
12	106	L
12	107	L
12	108	-1
12	109	Lp
12	110	Lp
12	111	Lp
12	112	-1
12	113	Lp
12	114	-1
12	115	L
12	116	L
12	117	-1
12	118	Lp
12	119	-1
13	0	Lp
13	1	L
13	2	-1
13	3	-1
13	4	Lp
13	5	L
13	6	L
13	7	-1
13	8	Lp
13	9	L
13	10	L
13	11	-1
13	12	-1
13	13	-1
13	14	L
13	15	-1
13	16	-1
13	17	-1
13	18	-1
13	19	Lp
13	20	Lp
13	21	-1
13	22	Lp
13	23	-1
13	24	-1
13	25	-1
13	26	Lp
13	27	-1
13	28	-1
13	29	-1
13	30	-1
13	31	-1
13	32	L
13	33	Lp
13	34	Lp
13	35	Lp
13	36	-1
13	37	Lp
13	38	U
13	39	-1
13	40	Lp
13	41	Lp
13	42	-1
13	43	Lp
13	44	-1
13	45	Lp
13	46	Lp
13	47	Lp
13	48	Lp
13	49	-1
13	50	-1
13	51	L
13	52	L
13	53	L
13	54	L
13	55	-1
13	56	-1
13	57	L
13	58	L
13	59	L
13	60	L
13	61	L
13	62	L
13	63	L
13	64	L
13	65	L
13	66	L
13	67	L
13	68	L
13	69	-1
13	70	L
13	71	L
13	72	L
13	73	L
13	74	Lp
13	75	Lp
13	76	L
13	77	-1
13	78	L
13	79	Lp
13	80	Lp
13	81	-1
13	82	-1
13	83	Lp
13	84	Lp
13	85	-1
13	86	-1
13	87	Lp
13	88	-1
13	89	-1
13	90	L
13	91	Lp
13	92	L
13	93	-1
13	94	Lp
13	95	L
13	96	Lp
13	97	L
13	98	Lp
13	99	L
13	100	-1
13	101	L
13	102	-1
13	103	Lp
13	104	L
13	105	-1
13	106	Lp
13	107	L
13	108	Lp
13	109	L
13	110	Lp
13	111	Lp
13	112	Lp
13	113	Lp
13	114	-1
13	115	L
13	116	L
13	117	L
13	118	Lp
13	119	L
14	0	-1
14	1	L
14	2	Lp
14	3	Lp
14	4	Lp
14	5	Lp
14	6	-1
14	7	Lp
14	8	L
14	9	-1
14	10	Lp
14	11	U
14	12	L
14	13	L
14	14	L
14	15	-1
14	16	Lp
14	17	-1
14	18	Lp
14	19	Lp
14	20	Lp
14	21	Lp
14	22	-1
14	23	-1
14	24	Lp
14	25	-1
14	26	Lp
14	27	Lp
14	28	L
14	29	L
14	30	L
14	31	L
14	32	L
14	33	L
14	34	L
14	35	-1
14	36	-1
14	37	Lp
14	38	-1
14	39	-1
14	40	Lp
14	41	-1
14	42	-1
14	43	Lp
14	44	Lp
14	45	-1
14	46	Lp
14	47	Lp
14	48	L
14	49	-1
14	50	L
14	51	L
14	52	L
14	53	-1
14	54	L
14	55	-1
14	56	L
14	57	-1
14	58	-1
14	59	-1
14	60	-1
14	61	L
14	62	L
14	63	L
14	64	-1
14	65	-1
14	66	L
14	67	-1
14	68	L
14	69	L
14	70	L
14	71	L
14	72	-1
14	73	L
14	74	-1
14	75	Lp
14	76	Lp
14	77	-1
14	78	Lp
14	79	Lp
14	80	-1
14	81	-1
14	82	-1
14	83	-1
14	84	Lp
14	85	-1
14	86	-1
14	87	-1
14	88	Lp
14	89	-1
14	90	-1
14	91	Lp
14	92	Lp
14	93	L
14	94	L
14	95	L
14	96	L
14	97	-1
14	98	Lp
14	99	-1
14	100	-1
14	101	L
14	102	L
14	103	Lp
14	104	L
14	105	L
14	106	L
14	107	Lp
14	108	L
14	109	Lp
14	110	Lp
14	111	Lp
14	112	-1
14	113	L
14	114	L
14	115	L
14	116	L
14	117	L
14	118	L
14	119	-1
15	0	-1
15	1	-1
15	2	Lp
15	3	Lp
15	4	-1
15	5	Lp
15	6	L
15	7	-1
15	8	L
15	9	-1
15	10	L
15	11	L
15	12	L
15	13	L
15	14	-1
15	15	Lp
15	16	Lp
15	17	Lp
15	18	Lp
15	19	Lp
15	20	Lp
15	21	Lp
15	22	Lp
15	23	-1
15	24	-1
15	25	Lp
15	26	-1
15	27	L
15	28	L
15	29	-1
15	30	L
15	31	L
15	32	L
15	33	L
15	34	L
15	35	-1
15	36	-1
15	37	Lp
15	38	L
15	39	-1
15	40	Lp
15	41	Lp
15	42	-1
15	43	Lp
15	44	-1
15	45	Lp
15	46	Lp
15	47	-1
15	48	Lp
15	49	Lp
15	50	-1
15	51	-1
15	52	L
15	53	L
15	54	-1
15	55	L
15	56	L
15	57	L
15	58	Lp
15	59	-1
15	60	L
15	61	L
15	62	L
15	63	-1
15	64	L
15	65	-1
15	66	-1
15	67	L
15	68	-1
15	69	L
15	70	L
15	71	L
15	72	L
15	73	-1
15	74	L
15	75	-1
15	76	-1
15	77	-1
15	78	-1
15	79	-1
15	80	Lp
15	81	Lp
15	82	-1
15	83	-1
15	84	Lp
15	85	-1
15	86	Lp
15	87	-1
15	88	Lp
15	89	Lp
15	90	Lp
15	91	-1
15	92	L
15	93	Lp
15	94	L
15	95	L
15	96	-1
15	97	L
15	98	Lp
15	99	Lp
15	100	Lp
15	101	L
15	102	-1
15	103	Lp
15	104	Lp
15	105	Lp
15	106	Lp
15	107	Lp
15	108	Lp
15	109	L
15	110	Lp
15	111	Lp
15	112	L
15	113	-1
15	114	L
15	115	L
15	116	L
15	117	-1
15	118	-1
15	119	Lp
16	0	Lp
16	1	Lp
16	2	Lp
16	3	-1
16	4	-1
16	5	Lp
16	6	-1
16	7	L
16	8	L
16	9	L
16	10	L
16	11	L
16	12	-1
16	13	-1
16	14	L
16	15	Lp
16	16	Lp
16	17	-1
16	18	Lp
16	19	-1
16	20	Lp
16	21	Lp
16	22	-1
16	23	Lp
16	24	Lp
16	25	-1
16	26	Lp
16	27	L
16	28	L
16	29	L
16	30	L
16	31	L
16	32	L
16	33	L
16	34	L
16	35	-1
16	36	Lp
16	37	Lp
16	38	-1
16	39	-1
16	40	-1
16	41	Lp
16	42	-1
16	43	Lp
16	44	Lp
16	45	-1
16	46	Lp
16	47	-1
16	48	-1
16	49	-1
16	50	-1
16	51	L
16	52	-1
16	53	L
16	54	-1
16	55	-1
16	56	L
16	57	Lp
16	58	L
16	59	L
16	60	-1
16	61	-1
16	62	L
16	63	-1
16	64	L
16	65	L
16	66	L
16	67	L
16	68	L
16	69	L
16	70	L
16	71	L
16	72	L
16	73	-1
16	74	L
16	75	-1
16	76	L
16	77	L
16	78	L
16	79	Lp
16	80	Lp
16	81	Lp
16	82	Lp
16	83	Lp
16	84	Lp
16	85	Lp
16	86	Lp
16	87	Lp
16	88	Lp
16	89	-1
16	90	Lp
16	91	Lp
16	92	-1
16	93	L
16	94	-1
16	95	L
16	96	-1
16	97	L
16	98	-1
16	99	Lp
16	100	Lp
16	101	-1
16	102	U
16	103	Lp
16	104	-1
16	105	-1
16	106	Lp
16	107	Lp
16	108	-1
16	109	Lp
16	110	-1
16	111	Lp
16	112	L
16	113	L
16	114	L
16	115	L
16	116	-1
16	117	L
16	118	-1
16	119	Lp
17	0	Lp
17	1	Lp
17	2	-1
17	3	Lp
17	4	Lp
17	5	Lp
17	6	Lp
17	7	-1
17	8	Lp
17	9	L
17	10	L
17	11	L
17	12	L
17	13	-1
17	14	Lp
17	15	-1
17	16	Lp
17	17	Lp
17	18	-1
17	19	-1
17	20	Lp
17	21	Lp
17	22	-1
17	23	Lp
17	24	-1
17	25	-1
17	26	-1
17	27	L
17	28	L
17	29	-1
17	30	-1
17	31	L
17	32	L
17	33	-1
17	34	Lp
17	35	Lp
17	36	-1
17	37	Lp
17	38	Lp
17	39	-1
17	40	Lp
17	41	Lp
17	42	Lp
17	43	Lp
17	44	-1
17	45	-1
17	46	Lp
17	47	Lp
17	48	Lp
17	49	Lp
17	50	L
17	51	L
17	52	L
17	53	L
17	54	L
17	55	U
17	56	L
17	57	L
17	58	L
17	59	-1
17	60	-1
17	61	L
17	62	L
17	63	L
17	64	-1
17	65	L
17	66	-1
17	67	L
17	68	U
17	69	L
17	70	-1
17	71	L
17	72	-1
17	73	L
17	74	L
17	75	-1
17	76	Lp
17	77	L
17	78	L
17	79	-1
17	80	Lp
17	81	Lp
17	82	Lp
17	83	Lp
17	84	Lp
17	85	Lp
17	86	Lp
17	87	-1
17	88	Lp
17	89	Lp
17	90	Lp
17	91	Lp
17	92	-1
17	93	Lp
17	94	-1
17	95	Lp
17	96	Lp
17	97	L
17	98	Lp
17	99	Lp
17	100	Lp
17	101	-1
17	102	Lp
17	103	Lp
17	104	Lp
17	105	Lp
17	106	Lp
17	107	Lp
17	108	Lp
17	109	Lp
17	110	Lp
17	111	L
17	112	-1
17	113	-1
17	114	L
17	115	L
17	116	L
17	117	L
17	118	Lp
17	119	L
18	0	-1
18	1	-1
18	2	-1
18	3	Lp
18	4	L
18	5	-1
18	6	-1
18	7	Lp
18	8	-1
18	9	Lp
18	10	L
18	11	L
18	12	Lp
18	13	-1
18	14	Lp
18	15	Lp
18	16	Lp
18	17	Lp
18	18	Lp
18	19	-1
18	20	-1
18	21	-1
18	22	-1
18	23	-1
18	24	Lp
18	25	L
18	26	L
18	27	-1
18	28	-1
18	29	L
18	30	-1
18	31	-1
18	32	L
18	33	-1
18	34	-1
18	35	Lp
18	36	Lp
18	37	Lp
18	38	Lp
18	39	Lp
18	40	Lp
18	41	-1
18	42	Lp
18	43	-1
18	44	-1
18	45	Lp
18	46	-1
18	47	Lp
18	48	Lp
18	49	L
18	50	L
18	51	Lp
18	52	L
18	53	U
18	54	-1
18	55	L
18	56	U
18	57	Lp
18	58	U
18	59	-1
18	60	-1
18	61	L
18	62	L
18	63	-1
18	64	U
18	65	U
18	66	L
18	67	Lp
18	68	U
18	69	U
18	70	L
18	71	L
18	72	L
18	73	L
18	74	L
18	75	Lp
18	76	Lp
18	77	-1
18	78	-1
18	79	Lp
18	80	Lp
18	81	-1
18	82	-1
18	83	Lp
18	84	-1
18	85	Lp
18	86	-1
18	87	Lp
18	88	Lp
18	89	Lp
18	90	-1
18	91	-1
18	92	-1
18	93	Lp
18	94	Lp
18	95	Lp
18	96	L
18	97	-1
18	98	L
18	99	Lp
18	100	Lp
18	101	U
18	102	Lp
18	103	-1
18	104	-1
18	105	L
18	106	-1
18	107	L
18	108	Lp
18	109	-1
18	110	Lp
18	111	Lp
18	112	Lp
18	113	L
18	114	-1
18	115	L
18	116	L
18	117	L
18	118	-1
18	119	L
19	0	L
19	1	L
19	2	L
19	3	Lp
19	4	-1
19	5	-1
19	6	Lp
19	7	-1
19	8	Lp
19	9	Lp
19	10	Lp
19	11	Lp
19	12	Lp
19	13	-1
19	14	Lp
19	15	Lp
19	16	-1
19	17	-1
19	18	Lp
19	19	Lp
19	20	-1
19	21	Lp
19	22	Lp
19	23	Lp
19	24	Lp
19	25	-1
19	26	L
19	27	-1
19	28	-1
19	29	L
19	30	-1
19	31	-1
19	32	L
19	33	L
19	34	L
19	35	L
19	36	Lp
19	37	Lp
19	38	Lp
19	39	Lp
19	40	-1
19	41	Lp
19	42	Lp
19	43	Lp
19	44	-1
19	45	-1
19	46	Lp
19	47	-1
19	48	-1
19	49	L
19	50	Lp
19	51	-1
19	52	Lp
19	53	U
19	54	U
19	55	U
19	56	U
19	57	U
19	58	Lp
19	59	Lp
19	60	-1
19	61	L
19	62	-1
19	63	L
19	64	L
19	65	-1
19	66	L
19	67	U
19	68	U
19	69	-1
19	70	-1
19	71	-1
19	72	L
19	73	L
19	74	L
19	75	L
19	76	Lp
19	77	Lp
19	78	-1
19	79	Lp
19	80	Lp
19	81	Lp
19	82	Lp
19	83	-1
19	84	Lp
19	85	Lp
19	86	-1
19	87	-1
19	88	-1
19	89	Lp
19	90	Lp
19	91	-1
19	92	-1
19	93	Lp
19	94	Lp
19	95	-1
19	96	-1
19	97	L
19	98	L
19	99	-1
19	100	U
19	101	-1
19	102	Lp
19	103	Lp
19	104	Lp
19	105	Lp
19	106	L
19	107	L
19	108	Lp
19	109	Lp
19	110	Lp
19	111	Lp
19	112	-1
19	113	-1
19	114	L
19	115	L
19	116	-1
19	117	L
19	118	L
19	119	L
20	0	L
20	1	L
20	2	L
20	3	-1
20	4	L
20	5	-1
20	6	Lp
20	7	Lp
20	8	L
20	9	-1
20	10	Lp
20	11	-1
20	12	Lp
20	13	Lp
20	14	Lp
20	15	Lp
20	16	-1
20	17	Lp
20	18	Lp
20	19	-1
20	20	Lp
20	21	Lp
20	22	Lp
20	23	L
20	24	L
20	25	-1
20	26	L
20	27	L
20	28	L
20	29	L
20	30	L
20	31	L
20	32	L
20	33	-1
20	34	-1
20	35	-1
20	36	Lp
20	37	-1
20	38	Lp
20	39	Lp
20	40	Lp
20	41	Lp
20	42	Lp
20	43	Lp
20	44	Lp
20	45	Lp
20	46	Lp
20	47	Lp
20	48	Lp
20	49	L
20	50	L
20	51	Lp
20	52	U
20	53	-1
20	54	U
20	55	U
20	56	U
20	57	Lp
20	58	Lp
20	59	-1
20	60	L
20	61	L
20	62	-1
20	63	L
20	64	L
20	65	L
20	66	U
20	67	L
20	68	L
20	69	-1
20	70	-1
20	71	L
20	72	-1
20	73	-1
20	74	L
20	75	L
20	76	L
20	77	-1
20	78	Lp
20	79	-1
20	80	Lp
20	81	-1
20	82	Lp
20	83	-1
20	84	Lp
20	85	Lp
20	86	-1
20	87	Lp
20	88	Lp
20	89	-1
20	90	-1
20	91	Lp
20	92	-1
20	93	Lp
20	94	-1
20	95	Lp
20	96	Lp
20	97	Lp
20	98	L
20	99	L
20	100	L
20	101	-1
20	102	-1
20	103	L
20	104	Lp
20	105	-1
20	106	-1
20	107	L
20	108	L
20	109	Lp
20	110	Lp
20	111	Lp
20	112	Lp
20	113	Lp
20	114	-1
20	115	L
20	116	L
20	117	L
20	118	L
20	119	L
21	0	L
21	1	L
21	2	Lp
21	3	-1
21	4	Lp
21	5	Lp
21	6	Lp
21	7	-1
21	8	Lp
21	9	L
21	10	-1
21	11	L
21	12	-1
21	13	Lp
21	14	Lp
21	15	Lp
21	16	Lp
21	17	Lp
21	18	-1
21	19	-1
21	20	Lp
21	21	Lp
21	22	Lp
21	23	L
21	24	-1
21	25	-1
21	26	-1
21	27	L
21	28	Lp
21	29	L
21	30	L
21	31	L
21	32	Lp
21	33	L
21	34	L
21	35	L
21	36	L
21	37	Lp
21	38	Lp
21	39	Lp
21	40	Lp
21	41	Lp
21	42	Lp
21	43	Lp
21	44	Lp
21	45	Lp
21	46	Lp
21	47	-1
21	48	L
21	49	-1
21	50	L
21	51	L
21	52	U
21	53	U
21	54	U
21	55	U
21	56	Lp
21	57	-1
21	58	Lp
21	59	L
21	60	L
21	61	L
21	62	L
21	63	L
21	64	L
21	65	L
21	66	L
21	67	-1
21	68	L
21	69	L
21	70	L
21	71	-1
21	72	L
21	73	L
21	74	L
21	75	-1
21	76	-1
21	77	Lp
21	78	L
21	79	L
21	80	Lp
21	81	Lp
21	82	Lp
21	83	Lp
21	84	-1
21	85	Lp
21	86	Lp
21	87	Lp
21	88	Lp
21	89	-1
21	90	Lp
21	91	Lp
21	92	Lp
21	93	-1
21	94	Lp
21	95	Lp
21	96	-1
21	97	Lp
21	98	Lp
21	99	L
21	100	L
21	101	L
21	102	L
21	103	Lp
21	104	-1
21	105	-1
21	106	-1
21	107	Lp
21	108	-1
21	109	Lp
21	110	Lp
21	111	Lp
21	112	Lp
21	113	-1
21	114	L
21	115	L
21	116	-1
21	117	-1
21	118	Lp
21	119	L
22	0	Lp
22	1	-1
22	2	U
22	3	-1
22	4	-1
22	5	Lp
22	6	Lp
22	7	Lp
22	8	L
22	9	L
22	10	L
22	11	L
22	12	Lp
22	13	Lp
22	14	Lp
22	15	Lp
22	16	Lp
22	17	Lp
22	18	-1
22	19	Lp
22	20	Lp
22	21	Lp
22	22	L
22	23	L
22	24	L
22	25	L
22	26	L
22	27	L
22	28	L
22	29	Lp
22	30	L
22	31	Lp
22	32	L
22	33	Lp
22	34	L
22	35	L
22	36	Lp
22	37	-1
22	38	Lp
22	39	Lp
22	40	-1
22	41	-1
22	42	Lp
22	43	Lp
22	44	Lp
22	45	Lp
22	46	-1
22	47	Lp
22	48	-1
22	49	-1
22	50	L
22	51	-1
22	52	Lp
22	53	U
22	54	U
22	55	-1
22	56	-1
22	57	Lp
22	58	L
22	59	L
22	60	L
22	61	L
22	62	L
22	63	L
22	64	L
22	65	L
22	66	L
22	67	L
22	68	-1
22	69	L
22	70	L
22	71	L
22	72	-1
22	73	L
22	74	L
22	75	L
22	76	L
22	77	-1
22	78	-1
22	79	-1
22	80	Lp
22	81	Lp
22	82	Lp
22	83	Lp
22	84	Lp
22	85	Lp
22	86	Lp
22	87	Lp
22	88	-1
22	89	Lp
22	90	Lp
22	91	Lp
22	92	-1
22	93	Lp
22	94	Lp
22	95	-1
22	96	-1
22	97	-1
22	98	L
22	99	Lp
22	100	-1
22	101	-1
22	102	-1
22	103	-1
22	104	-1
22	105	L
22	106	L
22	107	Lp
22	108	Lp
22	109	Lp
22	110	Lp
22	111	Lp
22	112	Lp
22	113	-1
22	114	Lp
22	115	Lp
22	116	-1
22	117	-1
22	118	L
22	119	Lp
23	0	Lp
23	1	Lp
23	2	-1
23	3	Lp
23	4	Lp
23	5	L
23	6	Lp
23	7	Lp
23	8	-1
23	9	-1
23	10	Lp
23	11	L
23	12	L
23	13	Lp
23	14	L
23	15	-1
23	16	-1
23	17	-1
23	18	Lp
23	19	Lp
23	20	L
23	21	L
23	22	-1
23	23	L
23	24	-1
23	25	-1
23	26	-1
23	27	L
23	28	-1
23	29	L
23	30	L
23	31	L
23	32	L
23	33	L
23	34	-1
23	35	Lp
23	36	Lp
23	37	Lp
23	38	Lp
23	39	L
23	40	-1
23	41	-1
23	42	-1
23	43	Lp
23	44	Lp
23	45	-1
23	46	Lp
23	47	Lp
23	48	-1
23	49	-1
23	50	-1
23	51	L
23	52	Lp
23	53	Lp
23	54	U
23	55	-1
23	56	-1
23	57	L
23	58	-1
23	59	L
23	60	L
23	61	L
23	62	L
23	63	-1
23	64	-1
23	65	L
23	66	L
23	67	-1
23	68	L
23	69	L
23	70	L
23	71	L
23	72	-1
23	73	L
23	74	L
23	75	L
23	76	-1
23	77	L
23	78	L
23	79	-1
23	80	-1
23	81	L
23	82	Lp
23	83	Lp
23	84	L
23	85	L
23	86	Lp
23	87	Lp
23	88	Lp
23	89	L
23	90	L
23	91	Lp
23	92	-1
23	93	Lp
23	94	-1
23	95	Lp
23	96	Lp
23	97	-1
23	98	-1
23	99	L
23	100	Lp
23	101	Lp
23	102	-1
23	103	L
23	104	-1
23	105	L
23	106	Lp
23	107	Lp
23	108	Lp
23	109	Lp
23	110	Lp
23	111	Lp
23	112	Lp
23	113	Lp
23	114	Lp
23	115	Lp
23	116	-1
23	117	-1
23	118	L
23	119	Lp
24	0	-1
24	1	Lp
24	2	Lp
24	3	Lp
24	4	Lp
24	5	Lp
24	6	-1
24	7	Lp
24	8	Lp
24	9	Lp
24	10	L
24	11	L
24	12	L
24	13	L
24	14	-1
24	15	L
24	16	Lp
24	17	L
24	18	Lp
24	19	Lp
24	20	-1
24	21	L
24	22	L
24	23	-1
24	24	L
24	25	Lp
24	26	Lp
24	27	L
24	28	L
24	29	L
24	30	L
24	31	Lp
24	32	L
24	33	Lp
24	34	Lp
24	35	-1
24	36	Lp
24	37	Lp
24	38	Lp
24	39	Lp
24	40	Lp
24	41	-1
24	42	-1
24	43	Lp
24	44	-1
24	45	Lp
24	46	Lp
24	47	Lp
24	48	Lp
24	49	Lp
24	50	Lp
24	51	L
24	52	Lp
24	53	Lp
24	54	Lp
24	55	Lp
24	56	-1
24	57	Lp
24	58	Lp
24	59	L
24	60	-1
24	61	-1
24	62	L
24	63	Lp
24	64	-1
24	65	L
24	66	-1
24	67	-1
24	68	L
24	69	L
24	70	L
24	71	-1
24	72	L
24	73	L
24	74	L
24	75	-1
24	76	L
24	77	L
24	78	L
24	79	L
24	80	L
24	81	L
24	82	L
24	83	-1
24	84	-1
24	85	L
24	86	Lp
24	87	Lp
24	88	L
24	89	Lp
24	90	Lp
24	91	Lp
24	92	Lp
24	93	Lp
24	94	-1
24	95	Lp
24	96	-1
24	97	Lp
24	98	Lp
24	99	Lp
24	100	Lp
24	101	-1
24	102	Lp
24	103	Lp
24	104	L
24	105	Lp
24	106	Lp
24	107	L
24	108	L
24	109	Lp
24	110	Lp
24	111	Lp
24	112	Lp
24	113	Lp
24	114	Lp
24	115	-1
24	116	-1
24	117	Lp
24	118	-1
24	119	-1
25	0	Lp
25	1	L
25	2	-1
25	3	Lp
25	4	Lp
25	5	Lp
25	6	Lp
25	7	Lp
25	8	-1
25	9	-1
25	10	-1
25	11	-1
25	12	Lp
25	13	-1
25	14	-1
25	15	L
25	16	-1
25	17	Lp
25	18	L
25	19	Lp
25	20	L
25	21	-1
25	22	L
25	23	-1
25	24	-1
25	25	Lp
25	26	Lp
25	27	Lp
25	28	-1
25	29	L
25	30	L
25	31	L
25	32	Lp
25	33	Lp
25	34	-1
25	35	-1
25	36	Lp
25	37	-1
25	38	Lp
25	39	Lp
25	40	Lp
25	41	Lp
25	42	Lp
25	43	-1
25	44	U
25	45	Lp
25	46	Lp
25	47	Lp
25	48	Lp
25	49	Lp
25	50	Lp
25	51	Lp
25	52	-1
25	53	-1
25	54	Lp
25	55	Lp
25	56	Lp
25	57	-1
25	58	-1
25	59	-1
25	60	L
25	61	L
25	62	-1
25	63	Lp
25	64	Lp
25	65	-1
25	66	L
25	67	L
25	68	L
25	69	-1
25	70	L
25	71	L
25	72	L
25	73	L
25	74	L
25	75	L
25	76	L
25	77	L
25	78	L
25	79	L
25	80	Lp
25	81	-1
25	82	Lp
25	83	Lp
25	84	L
25	85	L
25	86	L
25	87	Lp
25	88	-1
25	89	Lp
25	90	Lp
25	91	Lp
25	92	-1
25	93	L
25	94	L
25	95	-1
25	96	-1
25	97	Lp
25	98	Lp
25	99	Lp
25	100	Lp
25	101	Lp
25	102	Lp
25	103	-1
25	104	L
25	105	L
25	106	L
25	107	Lp
25	108	L
25	109	-1
25	110	Lp
25	111	Lp
25	112	Lp
25	113	Lp
25	114	-1
25	115	Lp
25	116	Lp
25	117	-1
25	118	L
25	119	Lp
26	0	-1
26	1	Lp
26	2	Lp
26	3	Lp
26	4	Lp
26	5	Lp
26	6	Lp
26	7	-1
26	8	-1
26	9	-1
26	10	Lp
26	11	-1
26	12	-1
26	13	L
26	14	L
26	15	L
26	16	L
26	17	L
26	18	-1
26	19	-1
26	20	L
26	21	L
26	22	L
26	23	L
26	24	Lp
26	25	-1
26	26	Lp
26	27	L
26	28	L
26	29	L
26	30	L
26	31	L
26	32	Lp
26	33	Lp
26	34	Lp
26	35	Lp
26	36	Lp
26	37	Lp
26	38	Lp
26	39	Lp
26	40	-1
26	41	Lp
26	42	Lp
26	43	Lp
26	44	Lp
26	45	Lp
26	46	-1
26	47	Lp
26	48	Lp
26	49	-1
26	50	-1
26	51	U
26	52	U
26	53	Lp
26	54	L
26	55	Lp
26	56	U
26	57	Lp
26	58	-1
26	59	Lp
26	60	Lp
26	61	Lp
26	62	Lp
26	63	U
26	64	-1
26	65	Lp
26	66	L
26	67	L
26	68	-1
26	69	-1
26	70	L
26	71	L
26	72	U
26	73	U
26	74	L
26	75	L
26	76	-1
26	77	-1
26	78	-1
26	79	L
26	80	-1
26	81	Lp
26	82	Lp
26	83	Lp
26	84	Lp
26	85	L
26	86	-1
26	87	-1
26	88	Lp
26	89	-1
26	90	-1
26	91	-1
26	92	-1
26	93	-1
26	94	L
26	95	Lp
26	96	Lp
26	97	-1
26	98	-1
26	99	-1
26	100	Lp
26	101	Lp
26	102	Lp
26	103	-1
26	104	-1
26	105	L
26	106	L
26	107	L
26	108	Lp
26	109	-1
26	110	Lp
26	111	Lp
26	112	-1
26	113	L
26	114	Lp
26	115	Lp
26	116	Lp
26	117	Lp
26	118	-1
26	119	Lp
27	0	-1
27	1	-1
27	2	Lp
27	3	Lp
27	4	Lp
27	5	Lp
27	6	-1
27	7	-1
27	8	L
27	9	L
27	10	Lp
27	11	Lp
27	12	Lp
27	13	Lp
27	14	L
27	15	-1
27	16	L
27	17	L
27	18	L
27	19	Lp
27	20	L
27	21	L
27	22	L
27	23	L
27	24	-1
27	25	Lp
27	26	L
27	27	-1
27	28	Lp
27	29	L
27	30	L
27	31	Lp
27	32	Lp
27	33	-1
27	34	Lp
27	35	Lp
27	36	Lp
27	37	L
27	38	-1
27	39	-1
27	40	Lp
27	41	Lp
27	42	-1
27	43	Lp
27	44	Lp
27	45	-1
27	46	Lp
27	47	Lp
27	48	Lp
27	49	-1
27	50	-1
27	51	-1
27	52	Lp
27	53	Lp
27	54	Lp
27	55	-1
27	56	Lp
27	57	Lp
27	58	-1
27	59	Lp
27	60	Lp
27	61	Lp
27	62	L
27	63	U
27	64	Lp
27	65	L
27	66	-1
27	67	-1
27	68	L
27	69	L
27	70	L
27	71	L
27	72	U
27	73	U
27	74	L
27	75	-1
27	76	-1
27	77	Lp
27	78	-1
27	79	L
27	80	L
27	81	-1
27	82	-1
27	83	-1
27	84	Lp
27	85	Lp
27	86	L
27	87	Lp
27	88	Lp
27	89	-1
27	90	-1
27	91	-1
27	92	-1
27	93	Lp
27	94	-1
27	95	L
27	96	Lp
27	97	Lp
27	98	-1
27	99	Lp
27	100	Lp
27	101	Lp
27	102	Lp
27	103	Lp
27	104	Lp
27	105	L
27	106	-1
27	107	L
27	108	L
27	109	-1
27	110	L
27	111	Lp
27	112	L
27	113	Lp
27	114	Lp
27	115	Lp
27	116	Lp
27	117	Lp
27	118	Lp
27	119	Lp
28	0	-1
28	1	L
28	2	-1
28	3	Lp
28	4	Lp
28	5	Lp
28	6	Lp
28	7	-1
28	8	L
28	9	-1
28	10	-1
28	11	Lp
28	12	Lp
28	13	Lp
28	14	L
28	15	L
28	16	-1
28	17	-1
28	18	L
28	19	Lp
28	20	-1
28	21	Lp
28	22	Lp
28	23	L
28	24	-1
28	25	-1
28	26	Lp
28	27	L
28	28	Lp
28	29	Lp
28	30	Lp
28	31	Lp
28	32	-1
28	33	Lp
28	34	L
28	35	-1
28	36	L
28	37	-1
28	38	L
28	39	Lp
28	40	-1
28	41	Lp
28	42	Lp
28	43	-1
28	44	-1
28	45	-1
28	46	Lp
28	47	-1
28	48	Lp
28	49	Lp
28	50	-1
28	51	L
28	52	Lp
28	53	Lp
28	54	Lp
28	55	Lp
28	56	Lp
28	57	Lp
28	58	Lp
28	59	Lp
28	60	Lp
28	61	Lp
28	62	L
28	63	L
28	64	L
28	65	Lp
28	66	L
28	67	L
28	68	L
28	69	L
28	70	-1
28	71	-1
28	72	Lp
28	73	L
28	74	Lp
28	75	Lp
28	76	Lp
28	77	L
28	78	L
28	79	L
28	80	L
28	81	L
28	82	L
28	83	Lp
28	84	Lp
28	85	-1
28	86	Lp
28	87	Lp
28	88	-1
28	89	-1
28	90	-1
28	91	Lp
28	92	Lp
28	93	Lp
28	94	Lp
28	95	Lp
28	96	-1
28	97	Lp
28	98	-1
28	99	Lp
28	100	Lp
28	101	Lp
28	102	Lp
28	103	Lp
28	104	Lp
28	105	Lp
28	106	Lp
28	107	L
28	108	L
28	109	L
28	110	-1
28	111	Lp
28	112	Lp
28	113	-1
28	114	-1
28	115	Lp
28	116	-1
28	117	-1
28	118	Lp
28	119	Lp
29	0	Lp
29	1	L
29	2	L
29	3	L
29	4	-1
29	5	Lp
29	6	Lp
29	7	-1
29	8	L
29	9	-1
29	10	Lp
29	11	Lp
29	12	Lp
29	13	-1
29	14	L
29	15	Lp
29	16	-1
29	17	-1
29	18	-1
29	19	-1
29	20	-1
29	21	Lp
29	22	Lp
29	23	-1
29	24	L
29	25	-1
29	26	L
29	27	Lp
29	28	Lp
29	29	Lp
29	30	Lp
29	31	Lp
29	32	L
29	33	L
29	34	-1
29	35	L
29	36	L
29	37	-1
29	38	-1
29	39	-1
29	40	-1
29	41	-1
29	42	-1
29	43	Lp
29	44	Lp
29	45	U
29	46	U
29	47	U
29	48	Lp
29	49	Lp
29	50	L
29	51	L
29	52	Lp
29	53	Lp
29	54	-1
29	55	-1
29	56	Lp
29	57	Lp
29	58	-1
29	59	Lp
29	60	-1
29	61	-1
29	62	L
29	63	L
29	64	-1
29	65	L
29	66	L
29	67	-1
29	68	Lp
29	69	-1
29	70	-1
29	71	Lp
29	72	Lp
29	73	L
29	74	L
29	75	Lp
29	76	Lp
29	77	-1
29	78	Lp
29	79	-1
29	80	L
29	81	-1
29	82	L
29	83	L
29	84	Lp
29	85	Lp
29	86	Lp
29	87	Lp
29	88	Lp
29	89	-1
29	90	Lp
29	91	Lp
29	92	Lp
29	93	Lp
29	94	Lp
29	95	Lp
29	96	Lp
29	97	Lp
29	98	Lp
29	99	Lp
29	100	Lp
29	101	Lp
29	102	Lp
29	103	Lp
29	104	-1
29	105	Lp
29	106	-1
29	107	L
29	108	-1
29	109	Lp
29	110	Lp
29	111	L
29	112	-1
29	113	-1
29	114	-1
29	115	-1
29	116	Lp
29	117	-1
29	118	Lp
29	119	-1
30	0	Lp
30	1	-1
30	2	L
30	3	-1
30	4	Lp
30	5	-1
30	6	Lp
30	7	-1
30	8	-1
30	9	-1
30	10	Lp
30	11	Lp
30	12	Lp
30	13	-1
30	14	Lp
30	15	-1
30	16	Lp
30	17	U
30	18	Lp
30	19	U
30	20	-1
30	21	Lp
30	22	Lp
30	23	-1
30	24	L
30	25	L
30	26	L
30	27	Lp
30	28	Lp
30	29	L
30	30	Lp
30	31	L
30	32	L
30	33	L
30	34	-1
30	35	L
30	36	L
30	37	-1
30	38	Lp
30	39	-1
30	40	U
30	41	U
30	42	Lp
30	43	L
30	44	U
30	45	U
30	46	U
30	47	Lp
30	48	-1
30	49	-1
30	50	L
30	51	L
30	52	Lp
30	53	Lp
30	54	Lp
30	55	Lp
30	56	Lp
30	57	Lp
30	58	Lp
30	59	Lp
30	60	L
30	61	-1
30	62	L
30	63	L
30	64	-1
30	65	L
30	66	Lp
30	67	Lp
30	68	L
30	69	Lp
30	70	-1
30	71	L
30	72	Lp
30	73	-1
30	74	Lp
30	75	Lp
30	76	Lp
30	77	-1
30	78	Lp
30	79	-1
30	80	L
30	81	-1
30	82	L
30	83	L
30	84	Lp
30	85	Lp
30	86	Lp
30	87	Lp
30	88	Lp
30	89	-1
30	90	Lp
30	91	Lp
30	92	Lp
30	93	-1
30	94	-1
30	95	Lp
30	96	Lp
30	97	Lp
30	98	Lp
30	99	Lp
30	100	Lp
30	101	Lp
30	102	-1
30	103	L
30	104	L
30	105	-1
30	106	L
30	107	L
30	108	L
30	109	-1
30	110	-1
30	111	Lp
30	112	Lp
30	113	Lp
30	114	Lp
30	115	Lp
30	116	-1
30	117	L
30	118	-1
30	119	-1
31	0	Lp
31	1	L
31	2	Lp
31	3	Lp
31	4	-1
31	5	Lp
31	6	Lp
31	7	-1
31	8	-1
31	9	Lp
31	10	Lp
31	11	-1
31	12	Lp
31	13	-1
31	14	-1
31	15	-1
31	16	Lp
31	17	Lp
31	18	-1
31	19	Lp
31	20	U
31	21	-1
31	22	Lp
31	23	Lp
31	24	L
31	25	L
31	26	L
31	27	L
31	28	L
31	29	L
31	30	L
31	31	L
31	32	Lp
31	33	L
31	34	Lp
31	35	Lp
31	36	Lp
31	37	-1
31	38	Lp
31	39	Lp
31	40	Lp
31	41	U
31	42	L
31	43	Lp
31	44	U
31	45	Lp
31	46	U
31	47	Lp
31	48	L
31	49	L
31	50	L
31	51	-1
31	52	Lp
31	53	L
31	54	Lp
31	55	-1
31	56	-1
31	57	Lp
31	58	-1
31	59	-1
31	60	Lp
31	61	-1
31	62	-1
31	63	L
31	64	L
31	65	-1
31	66	-1
31	67	Lp
31	68	-1
31	69	-1
31	70	Lp
31	71	L
31	72	-1
31	73	Lp
31	74	Lp
31	75	-1
31	76	Lp
31	77	Lp
31	78	L
31	79	Lp
31	80	Lp
31	81	Lp
31	82	Lp
31	83	-1
31	84	Lp
31	85	-1
31	86	Lp
31	87	Lp
31	88	Lp
31	89	Lp
31	90	L
31	91	-1
31	92	L
31	93	-1
31	94	L
31	95	-1
31	96	Lp
31	97	-1
31	98	Lp
31	99	Lp
31	100	Lp
31	101	Lp
31	102	-1
31	103	-1
31	104	L
31	105	L
31	106	L
31	107	L
31	108	L
31	109	L
31	110	-1
31	111	L
31	112	L
31	113	Lp
31	114	Lp
31	115	Lp
31	116	Lp
31	117	L
31	118	-1
31	119	Lp
32	0	Lp
32	1	-1
32	2	Lp
32	3	-1
32	4	Lp
32	5	-1
32	6	Lp
32	7	-1
32	8	Lp
32	9	-1
32	10	-1
32	11	-1
32	12	-1
32	13	-1
32	14	-1
32	15	Lp
32	16	Lp
32	17	U
32	18	Lp
32	19	Lp
32	20	U
32	21	Lp
32	22	Lp
32	23	-1
32	24	Lp
32	25	Lp
32	26	L
32	27	Lp
32	28	L
32	29	L
32	30	L
32	31	L
32	32	L
32	33	Lp
32	34	Lp
32	35	Lp
32	36	-1
32	37	Lp
32	38	Lp
32	39	Lp
32	40	-1
32	41	Lp
32	42	Lp
32	43	Lp
32	44	Lp
32	45	Lp
32	46	-1
32	47	Lp
32	48	Lp
32	49	-1
32	50	-1
32	51	-1
32	52	L
32	53	-1
32	54	L
32	55	L
32	56	Lp
32	57	Lp
32	58	-1
32	59	Lp
32	60	-1
32	61	L
32	62	-1
32	63	L
32	64	L
32	65	L
32	66	-1
32	67	Lp
32	68	L
32	69	Lp
32	70	Lp
32	71	-1
32	72	L
32	73	Lp
32	74	Lp
32	75	Lp
32	76	Lp
32	77	Lp
32	78	Lp
32	79	Lp
32	80	-1
32	81	Lp
32	82	Lp
32	83	Lp
32	84	Lp
32	85	Lp
32	86	Lp
32	87	Lp
32	88	Lp
32	89	-1
32	90	Lp
32	91	L
32	92	-1
32	93	-1
32	94	L
32	95	L
32	96	-1
32	97	-1
32	98	-1
32	99	L
32	100	-1
32	101	Lp
32	102	-1
32	103	-1
32	104	-1
32	105	-1
32	106	L
32	107	L
32	108	L
32	109	L
32	110	-1
32	111	-1
32	112	Lp
32	113	Lp
32	114	-1
32	115	-1
32	116	-1
32	117	-1
32	118	L
32	119	Lp
33	0	Lp
33	1	-1
33	2	-1
33	3	Lp
33	4	L
33	5	-1
33	6	Lp
33	7	Lp
33	8	-1
33	9	-1
33	10	-1
33	11	L
33	12	-1
33	13	L
33	14	Lp
33	15	-1
33	16	Lp
33	17	Lp
33	18	Lp
33	19	Lp
33	20	-1
33	21	Lp
33	22	Lp
33	23	Lp
33	24	-1
33	25	Lp
33	26	Lp
33	27	Lp
33	28	L
33	29	L
33	30	L
33	31	L
33	32	Lp
33	33	Lp
33	34	Lp
33	35	Lp
33	36	Lp
33	37	Lp
33	38	Lp
33	39	-1
33	40	Lp
33	41	-1
33	42	Lp
33	43	Lp
33	44	Lp
33	45	-1
33	46	-1
33	47	L
33	48	Lp
33	49	L
33	50	-1
33	51	Lp
33	52	-1
33	53	L
33	54	-1
33	55	Lp
33	56	-1
33	57	Lp
33	58	Lp
33	59	Lp
33	60	Lp
33	61	-1
33	62	L
33	63	Lp
33	64	Lp
33	65	Lp
33	66	Lp
33	67	L
33	68	L
33	69	Lp
33	70	L
33	71	-1
33	72	L
33	73	L
33	74	-1
33	75	-1
33	76	-1
33	77	Lp
33	78	-1
33	79	-1
33	80	Lp
33	81	Lp
33	82	Lp
33	83	-1
33	84	Lp
33	85	Lp
33	86	-1
33	87	-1
33	88	Lp
33	89	-1
33	90	Lp
33	91	L
33	92	L
33	93	L
33	94	L
33	95	L
33	96	-1
33	97	-1
33	98	L
33	99	L
33	100	Lp
33	101	L
33	102	L
33	103	L
33	104	-1
33	105	L
33	106	L
33	107	L
33	108	L
33	109	Lp
33	110	L
33	111	Lp
33	112	Lp
33	113	Lp
33	114	-1
33	115	Lp
33	116	Lp
33	117	-1
33	118	L
33	119	Lp
34	0	-1
34	1	Lp
34	2	L
34	3	-1
34	4	-1
34	5	L
34	6	-1
34	7	L
34	8	-1
34	9	-1
34	10	L
34	11	L
34	12	L
34	13	L
34	14	L
34	15	Lp
34	16	Lp
34	17	Lp
34	18	Lp
34	19	Lp
34	20	-1
34	21	Lp
34	22	Lp
34	23	-1
34	24	Lp
34	25	Lp
34	26	Lp
34	27	-1
34	28	L
34	29	L
34	30	Lp
34	31	-1
34	32	L
34	33	Lp
34	34	-1
34	35	-1
34	36	-1
34	37	Lp
34	38	Lp
34	39	Lp
34	40	Lp
34	41	Lp
34	42	Lp
34	43	Lp
34	44	-1
34	45	-1
34	46	-1
34	47	-1
34	48	Lp
34	49	-1
34	50	Lp
34	51	Lp
34	52	-1
34	53	-1
34	54	-1
34	55	-1
34	56	Lp
34	57	Lp
34	58	-1
34	59	L
34	60	-1
34	61	L
34	62	-1
34	63	-1
34	64	Lp
34	65	Lp
34	66	Lp
34	67	Lp
34	68	Lp
34	69	L
34	70	L
34	71	-1
34	72	L
34	73	-1
34	74	Lp
34	75	-1
34	76	-1
34	77	-1
34	78	Lp
34	79	Lp
34	80	-1
34	81	-1
34	82	-1
34	83	-1
34	84	Lp
34	85	-1
34	86	-1
34	87	-1
34	88	L
34	89	Lp
34	90	L
34	91	L
34	92	L
34	93	-1
34	94	L
34	95	-1
34	96	-1
34	97	L
34	98	L
34	99	-1
34	100	L
34	101	L
34	102	L
34	103	L
34	104	-1
34	105	L
34	106	L
34	107	-1
34	108	Lp
34	109	Lp
34	110	Lp
34	111	-1
34	112	Lp
34	113	L
34	114	-1
34	115	-1
34	116	-1
34	117	-1
34	118	L
34	119	-1
35	0	L
35	1	-1
35	2	Lp
35	3	L
35	4	L
35	5	-1
35	6	-1
35	7	L
35	8	L
35	9	L
35	10	L
35	11	L
35	12	L
35	13	L
35	14	Lp
35	15	-1
35	16	Lp
35	17	Lp
35	18	Lp
35	19	-1
35	20	Lp
35	21	Lp
35	22	Lp
35	23	Lp
35	24	Lp
35	25	Lp
35	26	Lp
35	27	Lp
35	28	-1
35	29	-1
35	30	-1
35	31	Lp
35	32	Lp
35	33	Lp
35	34	Lp
35	35	-1
35	36	-1
35	37	Lp
35	38	Lp
35	39	-1
35	40	Lp
35	41	Lp
35	42	Lp
35	43	Lp
35	44	L
35	45	L
35	46	-1
35	47	L
35	48	-1
35	49	Lp
35	50	Lp
35	51	-1
35	52	-1
35	53	-1
35	54	Lp
35	55	-1
35	56	Lp
35	57	Lp
35	58	L
35	59	-1
35	60	-1
35	61	-1
35	62	-1
35	63	L
35	64	Lp
35	65	-1
35	66	L
35	67	L
35	68	L
35	69	L
35	70	-1
35	71	-1
35	72	Lp
35	73	Lp
35	74	Lp
35	75	-1
35	76	Lp
35	77	-1
35	78	Lp
35	79	Lp
35	80	-1
35	81	-1
35	82	-1
35	83	Lp
35	84	-1
35	85	-1
35	86	L
35	87	L
35	88	-1
35	89	L
35	90	Lp
35	91	L
35	92	L
35	93	L
35	94	L
35	95	L
35	96	L
35	97	L
35	98	Lp
35	99	-1
35	100	L
35	101	-1
35	102	L
35	103	L
35	104	L
35	105	L
35	106	L
35	107	-1
35	108	Lp
35	109	Lp
35	110	-1
35	111	-1
35	112	Lp
35	113	-1
35	114	Lp
35	115	-1
35	116	Lp
35	117	Lp
35	118	-1
35	119	L
36	0	-1
36	1	L
36	2	L
36	3	L
36	4	-1
36	5	L
36	6	L
36	7	L
36	8	L
36	9	-1
36	10	-1
36	11	L
36	12	-1
36	13	Lp
36	14	-1
36	15	L
36	16	Lp
36	17	-1
36	18	-1
36	19	Lp
36	20	Lp
36	21	Lp
36	22	Lp
36	23	Lp
36	24	Lp
36	25	Lp
36	26	Lp
36	27	-1
36	28	-1
36	29	Lp
36	30	Lp
36	31	-1
36	32	Lp
36	33	Lp
36	34	-1
36	35	Lp
36	36	Lp
36	37	Lp
36	38	-1
36	39	Lp
36	40	Lp
36	41	Lp
36	42	-1
36	43	-1
36	44	Lp
36	45	L
36	46	Lp
36	47	L
36	48	-1
36	49	Lp
36	50	Lp
36	51	Lp
36	52	-1
36	53	-1
36	54	Lp
36	55	-1
36	56	Lp
36	57	L
36	58	Lp
36	59	L
36	60	L
36	61	L
36	62	L
36	63	-1
36	64	Lp
36	65	Lp
36	66	-1
36	67	-1
36	68	Lp
36	69	Lp
36	70	L
36	71	Lp
36	72	-1
36	73	L
36	74	-1
36	75	-1
36	76	L
36	77	Lp
36	78	Lp
36	79	Lp
36	80	Lp
36	81	-1
36	82	Lp
36	83	L
36	84	-1
36	85	L
36	86	Lp
36	87	L
36	88	L
36	89	Lp
36	90	-1
36	91	L
36	92	-1
36	93	L
36	94	-1
36	95	L
36	96	-1
36	97	-1
36	98	Lp
36	99	-1
36	100	-1
36	101	-1
36	102	Lp
36	103	Lp
36	104	L
36	105	L
36	106	L
36	107	Lp
36	108	Lp
36	109	Lp
36	110	Lp
36	111	Lp
36	112	Lp
36	113	L
36	114	L
36	115	L
36	116	-1
36	117	L
36	118	Lp
36	119	L
37	0	-1
37	1	L
37	2	-1
37	3	L
37	4	L
37	5	-1
37	6	L
37	7	-1
37	8	L
37	9	-1
37	10	L
37	11	L
37	12	L
37	13	-1
37	14	-1
37	15	-1
37	16	-1
37	17	-1
37	18	Lp
37	19	-1
37	20	Lp
37	21	-1
37	22	Lp
37	23	Lp
37	24	-1
37	25	Lp
37	26	-1
37	27	Lp
37	28	Lp
37	29	Lp
37	30	Lp
37	31	Lp
37	32	Lp
37	33	Lp
37	34	Lp
37	35	-1
37	36	Lp
37	37	Lp
37	38	Lp
37	39	-1
37	40	Lp
37	41	-1
37	42	Lp
37	43	Lp
37	44	U
37	45	U
37	46	Lp
37	47	-1
37	48	Lp
37	49	U
37	50	Lp
37	51	Lp
37	52	Lp
37	53	-1
37	54	Lp
37	55	Lp
37	56	-1
37	57	-1
37	58	L
37	59	-1
37	60	-1
37	61	L
37	62	Lp
37	63	Lp
37	64	-1
37	65	Lp
37	66	Lp
37	67	Lp
37	68	-1
37	69	Lp
37	70	Lp
37	71	Lp
37	72	-1
37	73	L
37	74	-1
37	75	-1
37	76	Lp
37	77	-1
37	78	Lp
37	79	Lp
37	80	Lp
37	81	Lp
37	82	-1
37	83	L
37	84	L
37	85	L
37	86	L
37	87	L
37	88	-1
37	89	L
37	90	L
37	91	-1
37	92	-1
37	93	L
37	94	-1
37	95	L
37	96	L
37	97	-1
37	98	-1
37	99	L
37	100	Lp
37	101	L
37	102	L
37	103	Lp
37	104	L
37	105	L
37	106	Lp
37	107	Lp
37	108	Lp
37	109	-1
37	110	Lp
37	111	Lp
37	112	-1
37	113	Lp
37	114	L
37	115	-1
37	116	L
37	117	L
37	118	L
37	119	L
38	0	L
38	1	L
38	2	-1
38	3	L
38	4	L
38	5	-1
38	6	-1
38	7	L
38	8	L
38	9	L
38	10	Lp
38	11	Lp
38	12	Lp
38	13	Lp
38	14	-1
38	15	Lp
38	16	-1
38	17	Lp
38	18	-1
38	19	Lp
38	20	Lp
38	21	-1
38	22	Lp
38	23	-1
38	24	Lp
38	25	Lp
38	26	Lp
38	27	-1
38	28	Lp
38	29	Lp
38	30	-1
38	31	Lp
38	32	Lp
38	33	Lp
38	34	Lp
38	35	Lp
38	36	Lp
38	37	Lp
38	38	Lp
38	39	Lp
38	40	Lp
38	41	Lp
38	42	Lp
38	43	Lp
38	44	-1
38	45	U
38	46	U
38	47	Lp
38	48	-1
38	49	U
38	50	Lp
38	51	Lp
38	52	-1
38	53	Lp
38	54	Lp
38	55	Lp
38	56	Lp
38	57	-1
38	58	Lp
38	59	-1
38	60	-1
38	61	L
38	62	-1
38	63	-1
38	64	Lp
38	65	Lp
38	66	-1
38	67	Lp
38	68	-1
38	69	Lp
38	70	Lp
38	71	-1
38	72	L
38	73	-1
38	74	L
38	75	L
38	76	-1
38	77	L
38	78	-1
38	79	-1
38	80	-1
38	81	-1
38	82	L
38	83	L
38	84	L
38	85	Lp
38	86	Lp
38	87	Lp
38	88	Lp
38	89	L
38	90	-1
38	91	-1
38	92	-1
38	93	L
38	94	-1
38	95	L
38	96	Lp
38	97	-1
38	98	-1
38	99	Lp
38	100	-1
38	101	-1
38	102	L
38	103	-1
38	104	L
38	105	L
38	106	L
38	107	-1
38	108	Lp
38	109	Lp
38	110	L
38	111	Lp
38	112	L
38	113	L
38	114	-1
38	115	L
38	116	-1
38	117	L
38	118	-1
38	119	L
39	0	-1
39	1	L
39	2	-1
39	3	L
39	4	L
39	5	-1
39	6	L
39	7	L
39	8	-1
39	9	L
39	10	L
39	11	Lp
39	12	-1
39	13	Lp
39	14	-1
39	15	-1
39	16	-1
39	17	-1
39	18	Lp
39	19	Lp
39	20	-1
39	21	Lp
39	22	Lp
39	23	Lp
39	24	Lp
39	25	Lp
39	26	Lp
39	27	L
39	28	Lp
39	29	Lp
39	30	Lp
39	31	Lp
39	32	Lp
39	33	Lp
39	34	Lp
39	35	Lp
39	36	-1
39	37	Lp
39	38	Lp
39	39	Lp
39	40	Lp
39	41	Lp
39	42	Lp
39	43	Lp
39	44	Lp
39	45	Lp
39	46	-1
39	47	-1
39	48	U
39	49	Lp
39	50	-1
39	51	-1
39	52	Lp
39	53	-1
39	54	-1
39	55	Lp
39	56	-1
39	57	Lp
39	58	Lp
39	59	L
39	60	-1
39	61	Lp
39	62	Lp
39	63	Lp
39	64	Lp
39	65	U
39	66	L
39	67	Lp
39	68	Lp
39	69	Lp
39	70	Lp
39	71	L
39	72	L
39	73	L
39	74	L
39	75	L
39	76	L
39	77	L
39	78	-1
39	79	-1
39	80	Lp
39	81	L
39	82	-1
39	83	L
39	84	-1
39	85	L
39	86	-1
39	87	Lp
39	88	L
39	89	-1
39	90	-1
39	91	-1
39	92	L
39	93	L
39	94	L
39	95	-1
39	96	-1
39	97	L
39	98	L
39	99	L
39	100	L
39	101	-1
39	102	-1
39	103	L
39	104	L
39	105	L
39	106	L
39	107	Lp
39	108	-1
39	109	L
39	110	-1
39	111	L
39	112	-1
39	113	L
39	114	L
39	115	-1
39	116	L
39	117	L
39	118	L
39	119	L
40	0	L
40	1	L
40	2	-1
40	3	L
40	4	-1
40	5	L
40	6	L
40	7	L
40	8	L
40	9	-1
40	10	L
40	11	-1
40	12	Lp
40	13	-1
40	14	L
40	15	L
40	16	Lp
40	17	-1
40	18	-1
40	19	Lp
40	20	Lp
40	21	-1
40	22	Lp
40	23	Lp
40	24	Lp
40	25	Lp
40	26	-1
40	27	L
40	28	Lp
40	29	Lp
40	30	-1
40	31	Lp
40	32	Lp
40	33	Lp
40	34	Lp
40	35	Lp
40	36	Lp
40	37	Lp
40	38	-1
40	39	Lp
40	40	Lp
40	41	Lp
40	42	Lp
40	43	Lp
40	44	Lp
40	45	Lp
40	46	Lp
40	47	Lp
40	48	U
40	49	U
40	50	Lp
40	51	Lp
40	52	-1
40	53	-1
40	54	-1
40	55	Lp
40	56	-1
40	57	Lp
40	58	Lp
40	59	Lp
40	60	L
40	61	Lp
40	62	-1
40	63	-1
40	64	Lp
40	65	L
40	66	L
40	67	Lp
40	68	Lp
40	69	Lp
40	70	-1
40	71	Lp
40	72	L
40	73	L
40	74	L
40	75	L
40	76	L
40	77	L
40	78	-1
40	79	L
40	80	-1
40	81	L
40	82	L
40	83	-1
40	84	-1
40	85	-1
40	86	L
40	87	-1
40	88	-1
40	89	U
40	90	-1
40	91	L
40	92	L
40	93	L
40	94	L
40	95	L
40	96	L
40	97	L
40	98	-1
40	99	Lp
40	100	L
40	101	L
40	102	L
40	103	L
40	104	L
40	105	-1
40	106	-1
40	107	-1
40	108	-1
40	109	L
40	110	L
40	111	-1
40	112	L
40	113	-1
40	114	-1
40	115	L
40	116	L
40	117	L
40	118	L
40	119	Lp
41	0	L
41	1	L
41	2	L
41	3	L
41	4	-1
41	5	L
41	6	L
41	7	L
41	8	L
41	9	-1
41	10	-1
41	11	L
41	12	L
41	13	-1
41	14	L
41	15	L
41	16	-1
41	17	-1
41	18	L
41	19	-1
41	20	-1
41	21	Lp
41	22	Lp
41	23	Lp
41	24	Lp
41	25	Lp
41	26	Lp
41	27	Lp
41	28	-1
41	29	Lp
41	30	Lp
41	31	Lp
41	32	-1
41	33	Lp
41	34	Lp
41	35	Lp
41	36	Lp
41	37	Lp
41	38	-1
41	39	Lp
41	40	Lp
41	41	Lp
41	42	Lp
41	43	Lp
41	44	Lp
41	45	Lp
41	46	Lp
41	47	Lp
41	48	-1
41	49	-1
41	50	-1
41	51	-1
41	52	Lp
41	53	-1
41	54	-1
41	55	U
41	56	Lp
41	57	Lp
41	58	-1
41	59	-1
41	60	Lp
41	61	-1
41	62	-1
41	63	L
41	64	Lp
41	65	-1
41	66	L
41	67	Lp
41	68	-1
41	69	Lp
41	70	Lp
41	71	-1
41	72	Lp
41	73	L
41	74	L
41	75	-1
41	76	L
41	77	L
41	78	L
41	79	L
41	80	-1
41	81	-1
41	82	-1
41	83	-1
41	84	L
41	85	U
41	86	L
41	87	L
41	88	L
41	89	U
41	90	-1
41	91	L
41	92	L
41	93	L
41	94	-1
41	95	L
41	96	L
41	97	L
41	98	U
41	99	L
41	100	-1
41	101	L
41	102	L
41	103	-1
41	104	-1
41	105	L
41	106	-1
41	107	L
41	108	-1
41	109	L
41	110	L
41	111	L
41	112	Lp
41	113	-1
41	114	L
41	115	Lp
41	116	Lp
41	117	L
41	118	-1
41	119	L
42	0	L
42	1	L
42	2	L
42	3	Lp
42	4	-1
42	5	L
42	6	L
42	7	L
42	8	L
42	9	L
42	10	L
42	11	L
42	12	L
42	13	-1
42	14	L
42	15	L
42	16	L
42	17	L
42	18	-1
42	19	-1
42	20	Lp
42	21	Lp
42	22	Lp
42	23	-1
42	24	-1
42	25	-1
42	26	Lp
42	27	Lp
42	28	Lp
42	29	Lp
42	30	Lp
42	31	-1
42	32	-1
42	33	Lp
42	34	-1
42	35	Lp
42	36	Lp
42	37	Lp
42	38	-1
42	39	Lp
42	40	Lp
42	41	-1
42	42	Lp
42	43	-1
42	44	Lp
42	45	Lp
42	46	-1
42	47	L
42	48	U
42	49	-1
42	50	L
42	51	-1
42	52	Lp
42	53	-1
42	54	Lp
42	55	Lp
42	56	Lp
42	57	Lp
42	58	Lp
42	59	Lp
42	60	-1
42	61	L
42	62	L
42	63	L
42	64	-1
42	65	Lp
42	66	L
42	67	-1
42	68	-1
42	69	-1
42	70	-1
42	71	Lp
42	72	Lp
42	73	Lp
42	74	Lp
42	75	L
42	76	L
42	77	L
42	78	U
42	79	L
42	80	L
42	81	L
42	82	L
42	83	L
42	84	L
42	85	-1
42	86	-1
42	87	-1
42	88	U
42	89	-1
42	90	L
42	91	L
42	92	-1
42	93	L
42	94	L
42	95	-1
42	96	-1
42	97	L
42	98	L
42	99	L
42	100	L
42	101	L
42	102	Lp
42	103	-1
42	104	-1
42	105	-1
42	106	L
42	107	L
42	108	L
42	109	L
42	110	L
42	111	Lp
42	112	-1
42	113	-1
42	114	L
42	115	L
42	116	Lp
42	117	L
42	118	L
42	119	L
43	0	L
43	1	-1
43	2	-1
43	3	-1
43	4	-1
43	5	-1
43	6	-1
43	7	L
43	8	L
43	9	L
43	10	-1
43	11	-1
43	12	-1
43	13	Lp
43	14	-1
43	15	L
43	16	L
43	17	L
43	18	Lp
43	19	Lp
43	20	-1
43	21	Lp
43	22	Lp
43	23	Lp
43	24	-1
43	25	-1
43	26	Lp
43	27	Lp
43	28	Lp
43	29	Lp
43	30	Lp
43	31	Lp
43	32	Lp
43	33	Lp
43	34	Lp
43	35	-1
43	36	Lp
43	37	Lp
43	38	-1
43	39	Lp
43	40	-1
43	41	Lp
43	42	-1
43	43	Lp
43	44	L
43	45	L
43	46	L
43	47	-1
43	48	L
43	49	L
43	50	Lp
43	51	Lp
43	52	Lp
43	53	Lp
43	54	Lp
43	55	Lp
43	56	-1
43	57	Lp
43	58	Lp
43	59	Lp
43	60	Lp
43	61	-1
43	62	L
43	63	L
43	64	-1
43	65	Lp
43	66	-1
43	67	-1
43	68	-1
43	69	-1
43	70	Lp
43	71	Lp
43	72	Lp
43	73	Lp
43	74	Lp
43	75	L
43	76	L
43	77	-1
43	78	L
43	79	-1
43	80	L
43	81	L
43	82	-1
43	83	L
43	84	L
43	85	U
43	86	U
43	87	-1
43	88	L
43	89	L
43	90	L
43	91	L
43	92	L
43	93	-1
43	94	L
43	95	L
43	96	-1
43	97	L
43	98	L
43	99	-1
43	100	Lp
43	101	L
43	102	L
43	103	L
43	104	-1
43	105	L
43	106	L
43	107	L
43	108	Lp
43	109	Lp
43	110	Lp
43	111	-1
43	112	-1
43	113	Lp
43	114	Lp
43	115	Lp
43	116	Lp
43	117	-1
43	118	Lp
43	119	Lp
44	0	Lp
44	1	Lp
44	2	-1
44	3	Lp
44	4	Lp
44	5	-1
44	6	-1
44	7	L
44	8	L
44	9	L
44	10	Lp
44	11	-1
44	12	Lp
44	13	L
44	14	-1
44	15	Lp
44	16	L
44	17	-1
44	18	Lp
44	19	Lp
44	20	-1
44	21	Lp
44	22	Lp
44	23	Lp
44	24	Lp
44	25	Lp
44	26	Lp
44	27	Lp
44	28	Lp
44	29	Lp
44	30	Lp
44	31	Lp
44	32	-1
44	33	Lp
44	34	Lp
44	35	Lp
44	36	Lp
44	37	Lp
44	38	-1
44	39	Lp
44	40	L
44	41	L
44	42	-1
44	43	L
44	44	L
44	45	L
44	46	L
44	47	Lp
44	48	L
44	49	L
44	50	-1
44	51	Lp
44	52	Lp
44	53	-1
44	54	-1
44	55	-1
44	56	Lp
44	57	Lp
44	58	Lp
44	59	Lp
44	60	Lp
44	61	-1
44	62	L
44	63	L
44	64	L
44	65	-1
44	66	Lp
44	67	-1
44	68	Lp
44	69	-1
44	70	L
44	71	-1
44	72	-1
44	73	-1
44	74	L
44	75	U
44	76	-1
44	77	-1
44	78	-1
44	79	L
44	80	L
44	81	L
44	82	L
44	83	L
44	84	-1
44	85	L
44	86	-1
44	87	Lp
44	88	L
44	89	L
44	90	L
44	91	L
44	92	L
44	93	L
44	94	L
44	95	L
44	96	L
44	97	-1
44	98	L
44	99	L
44	100	L
44	101	L
44	102	L
44	103	-1
44	104	Lp
44	105	L
44	106	L
44	107	L
44	108	Lp
44	109	Lp
44	110	-1
44	111	-1
44	112	Lp
44	113	Lp
44	114	Lp
44	115	Lp
44	116	-1
44	117	Lp
44	118	Lp
44	119	Lp
45	0	-1
45	1	Lp
45	2	Lp
45	3	Lp
45	4	Lp
45	5	-1
45	6	-1
45	7	L
45	8	L
45	9	Lp
45	10	-1
45	11	L
45	12	-1
45	13	-1
45	14	-1
45	15	Lp
45	16	-1
45	17	L
45	18	Lp
45	19	-1
45	20	Lp
45	21	L
45	22	L
45	23	-1
45	24	Lp
45	25	Lp
45	26	Lp
45	27	Lp
45	28	Lp
45	29	-1
45	30	Lp
45	31	-1
45	32	-1
45	33	-1
45	34	Lp
45	35	Lp
45	36	Lp
45	37	Lp
45	38	-1
45	39	Lp
45	40	-1
45	41	L
45	42	L
45	43	-1
45	44	L
45	45	L
45	46	L
45	47	L
45	48	L
45	49	L
45	50	L
45	51	L
45	52	-1
45	53	-1
45	54	-1
45	55	Lp
45	56	Lp
45	57	Lp
45	58	Lp
45	59	Lp
45	60	L
45	61	Lp
45	62	-1
45	63	Lp
45	64	Lp
45	65	Lp
45	66	Lp
45	67	Lp
45	68	Lp
45	69	L
45	70	L
45	71	L
45	72	-1
45	73	L
45	74	L
45	75	U
45	76	L
45	77	U
45	78	L
45	79	-1
45	80	L
45	81	L
45	82	L
45	83	L
45	84	L
45	85	-1
45	86	Lp
45	87	Lp
45	88	L
45	89	L
45	90	L
45	91	L
45	92	L
45	93	-1
45	94	L
45	95	L
45	96	L
45	97	L
45	98	L
45	99	L
45	100	L
45	101	L
45	102	L
45	103	L
45	104	-1
45	105	Lp
45	106	L
45	107	L
45	108	-1
45	109	L
45	110	-1
45	111	-1
45	112	-1
45	113	Lp
45	114	Lp
45	115	L
45	116	Lp
45	117	-1
45	118	Lp
45	119	Lp
46	0	Lp
46	1	Lp
46	2	Lp
46	3	-1
46	4	-1
46	5	Lp
46	6	L
46	7	L
46	8	L
46	9	L
46	10	Lp
46	11	L
46	12	L
46	13	-1
46	14	-1
46	15	L
46	16	Lp
46	17	L
46	18	L
46	19	-1
46	20	L
46	21	Lp
46	22	-1
46	23	-1
46	24	-1
46	25	Lp
46	26	-1
46	27	Lp
46	28	-1
46	29	Lp
46	30	-1
46	31	-1
46	32	-1
46	33	L
46	34	L
46	35	Lp
46	36	Lp
46	37	Lp
46	38	-1
46	39	Lp
46	40	Lp
46	41	Lp
46	42	L
46	43	L
46	44	L
46	45	L
46	46	L
46	47	L
46	48	L
46	49	L
46	50	-1
46	51	L
46	52	Lp
46	53	Lp
46	54	Lp
46	55	-1
46	56	Lp
46	57	Lp
46	58	Lp
46	59	Lp
46	60	Lp
46	61	L
46	62	L
46	63	-1
46	64	Lp
46	65	-1
46	66	Lp
46	67	Lp
46	68	Lp
46	69	L
46	70	L
46	71	L
46	72	-1
46	73	L
46	74	U
46	75	-1
46	76	L
46	77	L
46	78	L
46	79	-1
46	80	L
46	81	L
46	82	L
46	83	Lp
46	84	Lp
46	85	L
46	86	-1
46	87	Lp
46	88	L
46	89	-1
46	90	L
46	91	L
46	92	-1
46	93	-1
46	94	L
46	95	L
46	96	-1
46	97	L
46	98	L
46	99	L
46	100	L
46	101	-1
46	102	L
46	103	L
46	104	-1
46	105	-1
46	106	L
46	107	L
46	108	L
46	109	L
46	110	L
46	111	L
46	112	L
46	113	L
46	114	Lp
46	115	-1
46	116	L
46	117	L
46	118	Lp
46	119	L
47	0	Lp
47	1	Lp
47	2	-1
47	3	L
47	4	L
47	5	L
47	6	L
47	7	L
47	8	L
47	9	L
47	10	L
47	11	Lp
47	12	L
47	13	Lp
47	14	L
47	15	Lp
47	16	-1
47	17	L
47	18	Lp
47	19	-1
47	20	Lp
47	21	Lp
47	22	-1
47	23	-1
47	24	-1
47	25	-1
47	26	Lp
47	27	Lp
47	28	Lp
47	29	Lp
47	30	Lp
47	31	-1
47	32	-1
47	33	-1
47	34	L
47	35	-1
47	36	Lp
47	37	-1
47	38	-1
47	39	-1
47	40	Lp
47	41	Lp
47	42	Lp
47	43	L
47	44	-1
47	45	L
47	46	-1
47	47	L
47	48	L
47	49	L
47	50	-1
47	51	-1
47	52	-1
47	53	-1
47	54	Lp
47	55	-1
47	56	Lp
47	57	-1
47	58	Lp
47	59	Lp
47	60	-1
47	61	L
47	62	L
47	63	L
47	64	-1
47	65	Lp
47	66	L
47	67	Lp
47	68	Lp
47	69	L
47	70	L
47	71	-1
47	72	L
47	73	L
47	74	-1
47	75	L
47	76	L
47	77	L
47	78	L
47	79	L
47	80	-1
47	81	L
47	82	-1
47	83	-1
47	84	L
47	85	-1
47	86	Lp
47	87	L
47	88	L
47	89	-1
47	90	-1
47	91	L
47	92	L
47	93	-1
47	94	L
47	95	L
47	96	L
47	97	L
47	98	-1
47	99	L
47	100	L
47	101	L
47	102	-1
47	103	-1
47	104	L
47	105	L
47	106	-1
47	107	L
47	108	L
47	109	Lp
47	110	L
47	111	L
47	112	L
47	113	L
47	114	-1
47	115	L
47	116	L
47	117	L
47	118	L
47	119	-1
48	0	Lp
48	1	Lp
48	2	Lp
48	3	Lp
48	4	L
48	5	L
48	6	L
48	7	L
48	8	L
48	9	L
48	10	Lp
48	11	L
48	12	-1
48	13	-1
48	14	Lp
48	15	Lp
48	16	-1
48	17	L
48	18	Lp
48	19	Lp
48	20	-1
48	21	Lp
48	22	Lp
48	23	Lp
48	24	-1
48	25	Lp
48	26	Lp
48	27	-1
48	28	Lp
48	29	Lp
48	30	Lp
48	31	Lp
48	32	-1
48	33	Lp
48	34	-1
48	35	-1
48	36	-1
48	37	Lp
48	38	-1
48	39	Lp
48	40	-1
48	41	-1
48	42	Lp
48	43	-1
48	44	L
48	45	-1
48	46	L
48	47	-1
48	48	L
48	49	-1
48	50	Lp
48	51	-1
48	52	Lp
48	53	-1
48	54	Lp
48	55	Lp
48	56	-1
48	57	Lp
48	58	-1
48	59	Lp
48	60	Lp
48	61	L
48	62	Lp
48	63	Lp
48	64	L
48	65	Lp
48	66	Lp
48	67	L
48	68	L
48	69	L
48	70	-1
48	71	L
48	72	L
48	73	L
48	74	L
48	75	L
48	76	-1
48	77	L
48	78	-1
48	79	-1
48	80	-1
48	81	Lp
48	82	-1
48	83	L
48	84	L
48	85	-1
48	86	L
48	87	-1
48	88	L
48	89	L
48	90	-1
48	91	-1
48	92	L
48	93	L
48	94	L
48	95	L
48	96	L
48	97	L
48	98	L
48	99	-1
48	100	L
48	101	-1
48	102	L
48	103	-1
48	104	L
48	105	L
48	106	-1
48	107	Lp
48	108	Lp
48	109	-1
48	110	-1
48	111	L
48	112	-1
48	113	-1
48	114	-1
48	115	-1
48	116	Lp
48	117	Lp
48	118	-1
48	119	-1
49	0	Lp
49	1	L
49	2	-1
49	3	L
49	4	Lp
49	5	L
49	6	L
49	7	L
49	8	L
49	9	-1
49	10	Lp
49	11	L
49	12	L
49	13	-1
49	14	U
49	15	U
49	16	U
49	17	L
49	18	L
49	19	L
49	20	L
49	21	Lp
49	22	Lp
49	23	Lp
49	24	Lp
49	25	Lp
49	26	Lp
49	27	-1
49	28	-1
49	29	Lp
49	30	-1
49	31	Lp
49	32	Lp
49	33	-1
49	34	-1
49	35	L
49	36	L
49	37	L
49	38	-1
49	39	-1
49	40	Lp
49	41	Lp
49	42	Lp
49	43	Lp
49	44	Lp
49	45	Lp
49	46	Lp
49	47	Lp
49	48	Lp
49	49	-1
49	50	Lp
49	51	Lp
49	52	Lp
49	53	L
49	54	-1
49	55	-1
49	56	Lp
49	57	Lp
49	58	Lp
49	59	Lp
49	60	L
49	61	L
49	62	L
49	63	-1
49	64	Lp
49	65	-1
49	66	L
49	67	Lp
49	68	L
49	69	L
49	70	-1
49	71	L
49	72	L
49	73	-1
49	74	L
49	75	L
49	76	L
49	77	-1
49	78	L
49	79	Lp
49	80	Lp
49	81	L
49	82	L
49	83	-1
49	84	L
49	85	L
49	86	L
49	87	L
49	88	L
49	89	L
49	90	L
49	91	L
49	92	-1
49	93	L
49	94	L
49	95	L
49	96	L
49	97	L
49	98	L
49	99	-1
49	100	L
49	101	-1
49	102	-1
49	103	L
49	104	-1
49	105	L
49	106	L
49	107	L
49	108	Lp
49	109	L
49	110	L
49	111	L
49	112	Lp
49	113	Lp
49	114	Lp
49	115	L
49	116	L
49	117	Lp
49	118	-1
49	119	L
50	0	Lp
50	1	L
50	2	L
50	3	-1
50	4	L
50	5	L
50	6	Lp
50	7	L
50	8	L
50	9	L
50	10	L
50	11	-1
50	12	L
50	13	L
50	14	L
50	15	U
50	16	-1
50	17	L
50	18	-1
50	19	L
50	20	Lp
50	21	-1
50	22	L
50	23	Lp
50	24	Lp
50	25	Lp
50	26	Lp
50	27	-1
50	28	Lp
50	29	-1
50	30	Lp
50	31	-1
50	32	Lp
50	33	Lp
50	34	L
50	35	L
50	36	L
50	37	L
50	38	Lp
50	39	-1
50	40	Lp
50	41	Lp
50	42	Lp
50	43	Lp
50	44	-1
50	45	-1
50	46	Lp
50	47	Lp
50	48	Lp
50	49	-1
50	50	Lp
50	51	L
50	52	Lp
50	53	Lp
50	54	L
50	55	Lp
50	56	Lp
50	57	Lp
50	58	-1
50	59	L
50	60	L
50	61	-1
50	62	-1
50	63	L
50	64	-1
50	65	-1
50	66	Lp
50	67	Lp
50	68	Lp
50	69	L
50	70	Lp
50	71	Lp
50	72	L
50	73	L
50	74	-1
50	75	L
50	76	-1
50	77	L
50	78	L
50	79	-1
50	80	Lp
50	81	Lp
50	82	-1
50	83	L
50	84	-1
50	85	L
50	86	-1
50	87	L
50	88	L
50	89	-1
50	90	L
50	91	-1
50	92	L
50	93	L
50	94	L
50	95	L
50	96	-1
50	97	L
50	98	L
50	99	L
50	100	L
50	101	L
50	102	-1
50	103	-1
50	104	-1
50	105	L
50	106	L
50	107	-1
50	108	-1
50	109	-1
50	110	Lp
50	111	L
50	112	Lp
50	113	Lp
50	114	Lp
50	115	L
50	116	L
50	117	L
50	118	-1
50	119	L
51	0	-1
51	1	L
51	2	L
51	3	Lp
51	4	Lp
51	5	L
51	6	-1
51	7	-1
51	8	L
51	9	L
51	10	L
51	11	L
51	12	-1
51	13	U
51	14	L
51	15	L
51	16	L
51	17	L
51	18	-1
51	19	Lp
51	20	Lp
51	21	Lp
51	22	-1
51	23	L
51	24	Lp
51	25	L
51	26	-1
51	27	-1
51	28	L
51	29	L
51	30	L
51	31	L
51	32	L
51	33	L
51	34	-1
51	35	L
51	36	-1
51	37	L
51	38	-1
51	39	Lp
51	40	Lp
51	41	U
51	42	-1
51	43	Lp
51	44	Lp
51	45	Lp
51	46	Lp
51	47	Lp
51	48	Lp
51	49	Lp
51	50	L
51	51	L
51	52	L
51	53	L
51	54	-1
51	55	Lp
51	56	-1
51	57	Lp
51	58	Lp
51	59	-1
51	60	-1
51	61	L
51	62	L
51	63	L
51	64	L
51	65	Lp
51	66	Lp
51	67	Lp
51	68	-1
51	69	Lp
51	70	-1
51	71	-1
51	72	L
51	73	-1
51	74	L
51	75	-1
51	76	-1
51	77	L
51	78	L
51	79	L
51	80	Lp
51	81	-1
51	82	-1
51	83	L
51	84	-1
51	85	L
51	86	L
51	87	L
51	88	L
51	89	L
51	90	L
51	91	-1
51	92	L
51	93	L
51	94	L
51	95	-1
51	96	-1
51	97	L
51	98	L
51	99	L
51	100	L
51	101	L
51	102	-1
51	103	-1
51	104	L
51	105	L
51	106	U
51	107	Lp
51	108	-1
51	109	-1
51	110	L
51	111	L
51	112	Lp
51	113	Lp
51	114	Lp
51	115	Lp
51	116	L
51	117	L
51	118	L
51	119	L
52	0	Lp
52	1	-1
52	2	Lp
52	3	Lp
52	4	-1
52	5	Lp
52	6	Lp
52	7	L
52	8	-1
52	9	L
52	10	Lp
52	11	L
52	12	-1
52	13	L
52	14	L
52	15	L
52	16	L
52	17	L
52	18	L
52	19	L
52	20	-1
52	21	L
52	22	L
52	23	L
52	24	Lp
52	25	-1
52	26	L
52	27	-1
52	28	-1
52	29	L
52	30	-1
52	31	L
52	32	L
52	33	L
52	34	-1
52	35	L
52	36	L
52	37	-1
52	38	Lp
52	39	-1
52	40	L
52	41	-1
52	42	-1
52	43	Lp
52	44	Lp
52	45	L
52	46	L
52	47	Lp
52	48	Lp
52	49	Lp
52	50	L
52	51	L
52	52	L
52	53	L
52	54	Lp
52	55	Lp
52	56	-1
52	57	Lp
52	58	-1
52	59	Lp
52	60	L
52	61	-1
52	62	-1
52	63	Lp
52	64	-1
52	65	L
52	66	L
52	67	Lp
52	68	Lp
52	69	L
52	70	L
52	71	-1
52	72	L
52	73	-1
52	74	L
52	75	L
52	76	-1
52	77	L
52	78	L
52	79	Lp
52	80	Lp
52	81	Lp
52	82	Lp
52	83	L
52	84	L
52	85	L
52	86	L
52	87	-1
52	88	L
52	89	L
52	90	L
52	91	-1
52	92	L
52	93	L
52	94	L
52	95	-1
52	96	-1
52	97	L
52	98	L
52	99	-1
52	100	L
52	101	L
52	102	-1
52	103	L
52	104	-1
52	105	Lp
52	106	Lp
52	107	-1
52	108	L
52	109	-1
52	110	L
52	111	Lp
52	112	Lp
52	113	Lp
52	114	Lp
52	115	Lp
52	116	-1
52	117	L
52	118	L
52	119	L
53	0	Lp
53	1	-1
53	2	Lp
53	3	-1
53	4	-1
53	5	-1
53	6	-1
53	7	-1
53	8	L
53	9	U
53	10	Lp
53	11	U
53	12	L
53	13	-1
53	14	L
53	15	L
53	16	L
53	17	-1
53	18	L
53	19	-1
53	20	L
53	21	L
53	22	L
53	23	L
53	24	L
53	25	Lp
53	26	-1
53	27	L
53	28	L
53	29	L
53	30	L
53	31	L
53	32	L
53	33	-1
53	34	L
53	35	L
53	36	L
53	37	L
53	38	-1
53	39	L
53	40	L
53	41	L
53	42	-1
53	43	-1
53	44	Lp
53	45	-1
53	46	L
53	47	L
53	48	Lp
53	49	-1
53	50	Lp
53	51	Lp
53	52	L
53	53	-1
53	54	-1
53	55	Lp
53	56	Lp
53	57	Lp
53	58	Lp
53	59	Lp
53	60	Lp
53	61	Lp
53	62	U
53	63	-1
53	64	L
53	65	L
53	66	L
53	67	L
53	68	Lp
53	69	-1
53	70	-1
53	71	-1
53	72	U
53	73	-1
53	74	L
53	75	L
53	76	Lp
53	77	Lp
53	78	Lp
53	79	Lp
53	80	Lp
53	81	Lp
53	82	-1
53	83	-1
53	84	-1
53	85	L
53	86	L
53	87	-1
53	88	L
53	89	-1
53	90	L
53	91	L
53	92	-1
53	93	L
53	94	L
53	95	L
53	96	L
53	97	L
53	98	-1
53	99	L
53	100	-1
53	101	L
53	102	-1
53	103	-1
53	104	Lp
53	105	Lp
53	106	Lp
53	107	L
53	108	L
53	109	L
53	110	-1
53	111	L
53	112	L
53	113	Lp
53	114	Lp
53	115	Lp
53	116	Lp
53	117	Lp
53	118	Lp
53	119	Lp
54	0	-1
54	1	-1
54	2	L
54	3	L
54	4	L
54	5	Lp
54	6	-1
54	7	Lp
54	8	-1
54	9	Lp
54	10	U
54	11	-1
54	12	L
54	13	L
54	14	-1
54	15	L
54	16	-1
54	17	L
54	18	-1
54	19	L
54	20	L
54	21	-1
54	22	L
54	23	L
54	24	Lp
54	25	Lp
54	26	Lp
54	27	L
54	28	L
54	29	L
54	30	L
54	31	-1
54	32	L
54	33	-1
54	34	L
54	35	L
54	36	L
54	37	L
54	38	L
54	39	L
54	40	L
54	41	Lp
54	42	-1
54	43	-1
54	44	Lp
54	45	L
54	46	L
54	47	Lp
54	48	Lp
54	49	-1
54	50	Lp
54	51	Lp
54	52	-1
54	53	U
54	54	U
54	55	-1
54	56	-1
54	57	Lp
54	58	-1
54	59	Lp
54	60	L
54	61	-1
54	62	L
54	63	L
54	64	L
54	65	-1
54	66	L
54	67	L
54	68	L
54	69	Lp
54	70	-1
54	71	-1
54	72	-1
54	73	-1
54	74	-1
54	75	L
54	76	Lp
54	77	Lp
54	78	Lp
54	79	-1
54	80	-1
54	81	-1
54	82	Lp
54	83	L
54	84	L
54	85	L
54	86	L
54	87	L
54	88	-1
54	89	Lp
54	90	L
54	91	L
54	92	L
54	93	L
54	94	L
54	95	-1
54	96	-1
54	97	L
54	98	L
54	99	L
54	100	L
54	101	-1
54	102	-1
54	103	L
54	104	-1
54	105	-1
54	106	Lp
54	107	Lp
54	108	Lp
54	109	Lp
54	110	-1
54	111	-1
54	112	L
54	113	Lp
54	114	Lp
54	115	Lp
54	116	Lp
54	117	Lp
54	118	Lp
54	119	Lp
55	0	-1
55	1	-1
55	2	Lp
55	3	L
55	4	-1
55	5	L
55	6	Lp
55	7	Lp
55	8	-1
55	9	-1
55	10	-1
55	11	-1
55	12	L
55	13	-1
55	14	L
55	15	L
55	16	-1
55	17	L
55	18	L
55	19	L
55	20	L
55	21	L
55	22	-1
55	23	-1
55	24	Lp
55	25	-1
55	26	Lp
55	27	-1
55	28	L
55	29	-1
55	30	-1
55	31	L
55	32	-1
55	33	-1
55	34	-1
55	35	Lp
55	36	L
55	37	L
55	38	L
55	39	-1
55	40	L
55	41	Lp
55	42	Lp
55	43	Lp
55	44	-1
55	45	Lp
55	46	L
55	47	-1
55	48	Lp
55	49	Lp
55	50	Lp
55	51	-1
55	52	U
55	53	U
55	54	U
55	55	U
55	56	Lp
55	57	Lp
55	58	Lp
55	59	-1
55	60	L
55	61	L
55	62	U
55	63	L
55	64	L
55	65	-1
55	66	L
55	67	L
55	68	L
55	69	Lp
55	70	Lp
55	71	-1
55	72	Lp
55	73	-1
55	74	Lp
55	75	Lp
55	76	Lp
55	77	Lp
55	78	-1
55	79	Lp
55	80	-1
55	81	-1
55	82	L
55	83	L
55	84	L
55	85	-1
55	86	L
55	87	-1
55	88	Lp
55	89	-1
55	90	Lp
55	91	L
55	92	L
55	93	L
55	94	-1
55	95	L
55	96	-1
55	97	L
55	98	L
55	99	L
55	100	-1
55	101	L
55	102	L
55	103	L
55	104	-1
55	105	-1
55	106	Lp
55	107	L
55	108	-1
55	109	Lp
55	110	-1
55	111	L
55	112	Lp
55	113	L
55	114	-1
55	115	Lp
55	116	-1
55	117	-1
55	118	Lp
55	119	-1
56	0	-1
56	1	-1
56	2	-1
56	3	L
56	4	-1
56	5	Lp
56	6	-1
56	7	L
56	8	-1
56	9	Lp
56	10	Lp
56	11	U
56	12	U
56	13	L
56	14	-1
56	15	L
56	16	-1
56	17	L
56	18	L
56	19	-1
56	20	L
56	21	-1
56	22	L
56	23	L
56	24	L
56	25	Lp
56	26	L
56	27	-1
56	28	L
56	29	-1
56	30	Lp
56	31	-1
56	32	L
56	33	-1
56	34	-1
56	35	-1
56	36	L
56	37	-1
56	38	L
56	39	L
56	40	-1
56	41	Lp
56	42	Lp
56	43	Lp
56	44	L
56	45	-1
56	46	Lp
56	47	Lp
56	48	Lp
56	49	Lp
56	50	Lp
56	51	Lp
56	52	U
56	53	U
56	54	Lp
56	55	Lp
56	56	Lp
56	57	Lp
56	58	U
56	59	Lp
56	60	Lp
56	61	L
56	62	L
56	63	L
56	64	L
56	65	L
56	66	L
56	67	L
56	68	Lp
56	69	Lp
56	70	U
56	71	-1
56	72	L
56	73	Lp
56	74	L
56	75	Lp
56	76	Lp
56	77	-1
56	78	Lp
56	79	Lp
56	80	Lp
56	81	-1
56	82	L
56	83	-1
56	84	L
56	85	L
56	86	L
56	87	-1
56	88	-1
56	89	Lp
56	90	Lp
56	91	L
56	92	L
56	93	-1
56	94	U
56	95	-1
56	96	U
56	97	L
56	98	-1
56	99	U
56	100	L
56	101	-1
56	102	Lp
56	103	L
56	104	-1
56	105	-1
56	106	Lp
56	107	Lp
56	108	Lp
56	109	-1
56	110	-1
56	111	L
56	112	-1
56	113	-1
56	114	L
56	115	-1
56	116	Lp
56	117	-1
56	118	Lp
56	119	Lp
57	0	Lp
57	1	Lp
57	2	L
57	3	L
57	4	L
57	5	-1
57	6	Lp
57	7	Lp
57	8	Lp
57	9	Lp
57	10	L
57	11	-1
57	12	-1
57	13	U
57	14	L
57	15	L
57	16	-1
57	17	-1
57	18	L
57	19	L
57	20	-1
57	21	L
57	22	L
57	23	L
57	24	-1
57	25	L
57	26	L
57	27	-1
57	28	L
57	29	L
57	30	Lp
57	31	Lp
57	32	-1
57	33	Lp
57	34	Lp
57	35	Lp
57	36	L
57	37	-1
57	38	-1
57	39	-1
57	40	Lp
57	41	Lp
57	42	Lp
57	43	Lp
57	44	L
57	45	L
57	46	Lp
57	47	Lp
57	48	-1
57	49	Lp
57	50	Lp
57	51	Lp
57	52	U
57	53	-1
57	54	U
57	55	Lp
57	56	Lp
57	57	Lp
57	58	Lp
57	59	Lp
57	60	Lp
57	61	Lp
57	62	Lp
57	63	L
57	64	-1
57	65	-1
57	66	-1
57	67	L
57	68	L
57	69	Lp
57	70	Lp
57	71	U
57	72	L
57	73	L
57	74	-1
57	75	Lp
57	76	Lp
57	77	Lp
57	78	-1
57	79	Lp
57	80	Lp
57	81	Lp
57	82	Lp
57	83	L
57	84	-1
57	85	Lp
57	86	-1
57	87	L
57	88	L
57	89	Lp
57	90	Lp
57	91	L
57	92	L
57	93	-1
57	94	L
57	95	-1
57	96	-1
57	97	U
57	98	L
57	99	L
57	100	L
57	101	Lp
57	102	Lp
57	103	-1
57	104	-1
57	105	-1
57	106	Lp
57	107	Lp
57	108	-1
57	109	-1
57	110	-1
57	111	Lp
57	112	Lp
57	113	-1
57	114	-1
57	115	L
57	116	Lp
57	117	Lp
57	118	Lp
57	119	Lp
58	0	Lp
58	1	-1
58	2	L
58	3	-1
58	4	L
58	5	-1
58	6	Lp
58	7	Lp
58	8	L
58	9	L
58	10	L
58	11	-1
58	12	-1
58	13	U
58	14	L
58	15	L
58	16	L
58	17	-1
58	18	L
58	19	L
58	20	-1
58	21	-1
58	22	L
58	23	L
58	24	L
58	25	-1
58	26	-1
58	27	L
58	28	L
58	29	L
58	30	L
58	31	Lp
58	32	Lp
58	33	Lp
58	34	Lp
58	35	Lp
58	36	Lp
58	37	L
58	38	-1
58	39	L
58	40	-1
58	41	Lp
58	42	-1
58	43	Lp
58	44	L
58	45	L
58	46	Lp
58	47	Lp
58	48	Lp
58	49	Lp
58	50	-1
58	51	Lp
58	52	U
58	53	-1
58	54	Lp
58	55	Lp
58	56	Lp
58	57	-1
58	58	Lp
58	59	Lp
58	60	Lp
58	61	Lp
58	62	L
58	63	L
58	64	L
58	65	L
58	66	L
58	67	L
58	68	Lp
58	69	-1
58	70	-1
58	71	-1
58	72	-1
58	73	L
58	74	L
58	75	L
58	76	-1
58	77	Lp
58	78	Lp
58	79	Lp
58	80	Lp
58	81	Lp
58	82	Lp
58	83	Lp
58	84	Lp
58	85	Lp
58	86	-1
58	87	Lp
58	88	-1
58	89	-1
58	90	-1
58	91	L
58	92	L
58	93	L
58	94	L
58	95	U
58	96	-1
58	97	-1
58	98	-1
58	99	L
58	100	L
58	101	-1
58	102	-1
58	103	L
58	104	L
58	105	Lp
58	106	-1
58	107	-1
58	108	L
58	109	L
58	110	L
58	111	U
58	112	U
58	113	Lp
58	114	L
58	115	L
58	116	-1
58	117	Lp
58	118	Lp
58	119	Lp
59	0	L
59	1	L
59	2	-1
59	3	L
59	4	L
59	5	-1
59	6	Lp
59	7	Lp
59	8	L
59	9	Lp
59	10	-1
59	11	-1
59	12	L
59	13	L
59	14	U
59	15	L
59	16	-1
59	17	L
59	18	-1
59	19	-1
59	20	L
59	21	L
59	22	L
59	23	L
59	24	L
59	25	L
59	26	L
59	27	-1
59	28	L
59	29	L
59	30	L
59	31	Lp
59	32	Lp
59	33	-1
59	34	Lp
59	35	-1
59	36	Lp
59	37	-1
59	38	L
59	39	L
59	40	Lp
59	41	L
59	42	Lp
59	43	-1
59	44	L
59	45	L
59	46	L
59	47	Lp
59	48	Lp
59	49	-1
59	50	Lp
59	51	Lp
59	52	L
59	53	-1
59	54	Lp
59	55	Lp
59	56	Lp
59	57	Lp
59	58	Lp
59	59	Lp
59	60	-1
59	61	L
59	62	-1
59	63	L
59	64	Lp
59	65	Lp
59	66	Lp
59	67	Lp
59	68	-1
59	69	Lp
59	70	-1
59	71	L
59	72	-1
59	73	L
59	74	-1
59	75	-1
59	76	-1
59	77	Lp
59	78	Lp
59	79	-1
59	80	-1
59	81	Lp
59	82	Lp
59	83	Lp
59	84	Lp
59	85	Lp
59	86	Lp
59	87	-1
59	88	-1
59	89	Lp
59	90	L
59	91	-1
59	92	-1
59	93	L
59	94	L
59	95	L
59	96	L
59	97	L
59	98	L
59	99	L
59	100	L
59	101	L
59	102	L
59	103	L
59	104	Lp
59	105	-1
59	106	-1
59	107	-1
59	108	L
59	109	L
59	110	-1
59	111	-1
59	112	Lp
59	113	Lp
59	114	Lp
59	115	L
59	116	L
59	117	Lp
59	118	-1
59	119	Lp
60	0	Lp
60	1	-1
60	2	L
60	3	L
60	4	Lp
60	5	-1
60	6	Lp
60	7	-1
60	8	L
60	9	L
60	10	Lp
60	11	Lp
60	12	-1
60	13	-1
60	14	U
60	15	-1
60	16	L
60	17	L
60	18	-1
60	19	L
60	20	L
60	21	L
60	22	L
60	23	L
60	24	-1
60	25	-1
60	26	L
60	27	L
60	28	L
60	29	L
60	30	L
60	31	L
60	32	Lp
60	33	Lp
60	34	Lp
60	35	Lp
60	36	-1
60	37	Lp
60	38	-1
60	39	L
60	40	-1
60	41	-1
60	42	-1
60	43	Lp
60	44	L
60	45	-1
60	46	Lp
60	47	Lp
60	48	Lp
60	49	Lp
60	50	Lp
60	51	Lp
60	52	L
60	53	Lp
60	54	-1
60	55	Lp
60	56	Lp
60	57	-1
60	58	-1
60	59	-1
60	60	Lp
60	61	-1
60	62	Lp
60	63	Lp
60	64	Lp
60	65	Lp
60	66	Lp
60	67	-1
60	68	L
60	69	Lp
60	70	Lp
60	71	Lp
60	72	L
60	73	-1
60	74	-1
60	75	L
60	76	Lp
60	77	-1
60	78	Lp
60	79	Lp
60	80	-1
60	81	Lp
60	82	Lp
60	83	Lp
60	84	Lp
60	85	Lp
60	86	-1
60	87	Lp
60	88	Lp
60	89	L
60	90	L
60	91	L
60	92	L
60	93	-1
60	94	L
60	95	L
60	96	L
60	97	L
60	98	L
60	99	-1
60	100	L
60	101	-1
60	102	L
60	103	L
60	104	-1
60	105	L
60	106	-1
60	107	-1
60	108	-1
60	109	L
60	110	L
60	111	-1
60	112	-1
60	113	Lp
60	114	-1
60	115	L
60	116	Lp
60	117	Lp
60	118	L
60	119	L
61	0	L
61	1	Lp
61	2	-1
61	3	Lp
61	4	Lp
61	5	-1
61	6	Lp
61	7	Lp
61	8	L
61	9	L
61	10	Lp
61	11	L
61	12	-1
61	13	U
61	14	U
61	15	U
61	16	L
61	17	L
61	18	L
61	19	L
61	20	L
61	21	L
61	22	L
61	23	L
61	24	L
61	25	L
61	26	L
61	27	L
61	28	L
61	29	L
61	30	L
61	31	L
61	32	Lp
61	33	Lp
61	34	Lp
61	35	Lp
61	36	-1
61	37	Lp
61	38	L
61	39	L
61	40	L
61	41	-1
61	42	-1
61	43	-1
61	44	Lp
61	45	-1
61	46	-1
61	47	-1
61	48	-1
61	49	-1
61	50	Lp
61	51	Lp
61	52	Lp
61	53	Lp
61	54	Lp
61	55	-1
61	56	Lp
61	57	-1
61	58	Lp
61	59	Lp
61	60	Lp
61	61	Lp
61	62	Lp
61	63	Lp
61	64	-1
61	65	L
61	66	L
61	67	L
61	68	Lp
61	69	-1
61	70	L
61	71	L
61	72	-1
61	73	-1
61	74	-1
61	75	-1
61	76	L
61	77	Lp
61	78	-1
61	79	Lp
61	80	Lp
61	81	Lp
61	82	-1
61	83	Lp
61	84	Lp
61	85	-1
61	86	Lp
61	87	-1
61	88	-1
61	89	-1
61	90	L
61	91	U
61	92	-1
61	93	-1
61	94	L
61	95	L
61	96	L
61	97	L
61	98	-1
61	99	L
61	100	-1
61	101	-1
61	102	L
61	103	L
61	104	-1
61	105	L
61	106	-1
61	107	-1
61	108	-1
61	109	Lp
61	110	Lp
61	111	Lp
61	112	-1
61	113	-1
61	114	Lp
61	115	Lp
61	116	Lp
61	117	Lp
61	118	-1
61	119	Lp
62	0	Lp
62	1	Lp
62	2	Lp
62	3	-1
62	4	L
62	5	L
62	6	L
62	7	Lp
62	8	Lp
62	9	Lp
62	10	-1
62	11	U
62	12	U
62	13	U
62	14	-1
62	15	L
62	16	L
62	17	L
62	18	L
62	19	L
62	20	-1
62	21	L
62	22	-1
62	23	L
62	24	L
62	25	-1
62	26	L
62	27	L
62	28	L
62	29	L
62	30	L
62	31	L
62	32	Lp
62	33	Lp
62	34	-1
62	35	Lp
62	36	Lp
62	37	-1
62	38	L
62	39	-1
62	40	L
62	41	L
62	42	L
62	43	L
62	44	L
62	45	-1
62	46	-1
62	47	Lp
62	48	Lp
62	49	Lp
62	50	Lp
62	51	Lp
62	52	Lp
62	53	Lp
62	54	Lp
62	55	-1
62	56	-1
62	57	Lp
62	58	Lp
62	59	Lp
62	60	Lp
62	61	-1
62	62	Lp
62	63	Lp
62	64	Lp
62	65	Lp
62	66	-1
62	67	L
62	68	-1
62	69	L
62	70	-1
62	71	L
62	72	L
62	73	-1
62	74	Lp
62	75	Lp
62	76	-1
62	77	Lp
62	78	Lp
62	79	Lp
62	80	Lp
62	81	Lp
62	82	Lp
62	83	Lp
62	84	Lp
62	85	Lp
62	86	Lp
62	87	Lp
62	88	Lp
62	89	Lp
62	90	Lp
62	91	U
62	92	-1
62	93	-1
62	94	-1
62	95	-1
62	96	L
62	97	L
62	98	L
62	99	L
62	100	L
62	101	L
62	102	L
62	103	-1
62	104	-1
62	105	-1
62	106	L
62	107	-1
62	108	-1
62	109	Lp
62	110	Lp
62	111	Lp
62	112	Lp
62	113	-1
62	114	Lp
62	115	Lp
62	116	Lp
62	117	-1
62	118	L
62	119	-1
63	0	Lp
63	1	-1
63	2	Lp
63	3	Lp
63	4	-1
63	5	L
63	6	-1
63	7	L
63	8	Lp
63	9	-1
63	10	L
63	11	L
63	12	L
63	13	-1
63	14	U
63	15	L
63	16	-1
63	17	-1
63	18	L
63	19	L
63	20	L
63	21	-1
63	22	L
63	23	L
63	24	L
63	25	-1
63	26	-1
63	27	L
63	28	-1
63	29	-1
63	30	L
63	31	-1
63	32	L
63	33	-1
63	34	L
63	35	Lp
63	36	-1
63	37	Lp
63	38	Lp
63	39	L
63	40	L
63	41	L
63	42	L
63	43	-1
63	44	L
63	45	Lp
63	46	Lp
63	47	-1
63	48	-1
63	49	Lp
63	50	Lp
63	51	Lp
63	52	Lp
63	53	-1
63	54	Lp
63	55	-1
63	56	-1
63	57	Lp
63	58	-1
63	59	-1
63	60	Lp
63	61	-1
63	62	Lp
63	63	Lp
63	64	-1
63	65	-1
63	66	Lp
63	67	-1
63	68	-1
63	69	-1
63	70	L
63	71	L
63	72	-1
63	73	-1
63	74	Lp
63	75	Lp
63	76	-1
63	77	Lp
63	78	Lp
63	79	-1
63	80	Lp
63	81	-1
63	82	Lp
63	83	Lp
63	84	Lp
63	85	-1
63	86	-1
63	87	-1
63	88	-1
63	89	-1
63	90	Lp
63	91	U
63	92	Lp
63	93	U
63	94	L
63	95	L
63	96	L
63	97	L
63	98	L
63	99	-1
63	100	L
63	101	-1
63	102	-1
63	103	L
63	104	-1
63	105	L
63	106	L
63	107	L
63	108	-1
63	109	-1
63	110	-1
63	111	Lp
63	112	-1
63	113	-1
63	114	U
63	115	-1
63	116	Lp
63	117	Lp
63	118	L
63	119	Lp
64	0	Lp
64	1	Lp
64	2	Lp
64	3	Lp
64	4	Lp
64	5	L
64	6	L
64	7	-1
64	8	L
64	9	Lp
64	10	L
64	11	L
64	12	L
64	13	L
64	14	L
64	15	L
64	16	L
64	17	L
64	18	L
64	19	-1
64	20	L
64	21	L
64	22	L
64	23	-1
64	24	-1
64	25	L
64	26	-1
64	27	-1
64	28	-1
64	29	-1
64	30	L
64	31	L
64	32	L
64	33	L
64	34	-1
64	35	-1
64	36	Lp
64	37	Lp
64	38	L
64	39	L
64	40	-1
64	41	L
64	42	L
64	43	L
64	44	L
64	45	Lp
64	46	Lp
64	47	Lp
64	48	Lp
64	49	Lp
64	50	Lp
64	51	Lp
64	52	Lp
64	53	-1
64	54	Lp
64	55	Lp
64	56	Lp
64	57	-1
64	58	Lp
64	59	-1
64	60	Lp
64	61	Lp
64	62	Lp
64	63	Lp
64	64	Lp
64	65	Lp
64	66	-1
64	67	-1
64	68	Lp
64	69	-1
64	70	-1
64	71	Lp
64	72	Lp
64	73	Lp
64	74	Lp
64	75	-1
64	76	Lp
64	77	Lp
64	78	Lp
64	79	Lp
64	80	Lp
64	81	Lp
64	82	Lp
64	83	-1
64	84	Lp
64	85	-1
64	86	Lp
64	87	Lp
64	88	Lp
64	89	-1
64	90	Lp
64	91	Lp
64	92	U
64	93	L
64	94	L
64	95	L
64	96	L
64	97	-1
64	98	L
64	99	Lp
64	100	L
64	101	L
64	102	L
64	103	L
64	104	-1
64	105	L
64	106	L
64	107	-1
64	108	-1
64	109	L
64	110	L
64	111	-1
64	112	Lp
64	113	U
64	114	U
64	115	-1
64	116	Lp
64	117	Lp
64	118	Lp
64	119	L
65	0	Lp
65	1	U
65	2	Lp
65	3	Lp
65	4	L
65	5	L
65	6	L
65	7	Lp
65	8	Lp
65	9	L
65	10	L
65	11	L
65	12	L
65	13	-1
65	14	U
65	15	-1
65	16	-1
65	17	L
65	18	-1
65	19	-1
65	20	Lp
65	21	-1
65	22	L
65	23	Lp
65	24	Lp
65	25	L
65	26	-1
65	27	L
65	28	L
65	29	L
65	30	L
65	31	L
65	32	-1
65	33	L
65	34	L
65	35	Lp
65	36	Lp
65	37	Lp
65	38	-1
65	39	L
65	40	L
65	41	L
65	42	L
65	43	Lp
65	44	Lp
65	45	Lp
65	46	Lp
65	47	Lp
65	48	Lp
65	49	-1
65	50	Lp
65	51	-1
65	52	Lp
65	53	Lp
65	54	Lp
65	55	Lp
65	56	Lp
65	57	Lp
65	58	Lp
65	59	-1
65	60	-1
65	61	Lp
65	62	Lp
65	63	Lp
65	64	Lp
65	65	Lp
65	66	Lp
65	67	Lp
65	68	Lp
65	69	Lp
65	70	L
65	71	Lp
65	72	-1
65	73	Lp
65	74	Lp
65	75	Lp
65	76	Lp
65	77	Lp
65	78	-1
65	79	Lp
65	80	-1
65	81	-1
65	82	Lp
65	83	Lp
65	84	Lp
65	85	Lp
65	86	Lp
65	87	-1
65	88	Lp
65	89	Lp
65	90	Lp
65	91	-1
65	92	-1
65	93	U
65	94	-1
65	95	L
65	96	L
65	97	L
65	98	L
65	99	-1
65	100	Lp
65	101	Lp
65	102	L
65	103	-1
65	104	L
65	105	L
65	106	-1
65	107	-1
65	108	-1
65	109	L
65	110	Lp
65	111	-1
65	112	-1
65	113	U
65	114	-1
65	115	U
65	116	Lp
65	117	Lp
65	118	U
65	119	L
66	0	-1
66	1	-1
66	2	Lp
66	3	-1
66	4	-1
66	5	L
66	6	Lp
66	7	Lp
66	8	-1
66	9	L
66	10	L
66	11	-1
66	12	L
66	13	-1
66	14	-1
66	15	L
66	16	L
66	17	L
66	18	L
66	19	Lp
66	20	-1
66	21	-1
66	22	Lp
66	23	-1
66	24	L
66	25	-1
66	26	Lp
66	27	-1
66	28	-1
66	29	L
66	30	L
66	31	L
66	32	L
66	33	-1
66	34	-1
66	35	-1
66	36	Lp
66	37	-1
66	38	L
66	39	-1
66	40	Lp
66	41	Lp
66	42	-1
66	43	L
66	44	L
66	45	L
66	46	-1
66	47	-1
66	48	Lp
66	49	Lp
66	50	-1
66	51	-1
66	52	Lp
66	53	Lp
66	54	Lp
66	55	Lp
66	56	Lp
66	57	Lp
66	58	Lp
66	59	-1
66	60	Lp
66	61	Lp
66	62	-1
66	63	L
66	64	Lp
66	65	Lp
66	66	-1
66	67	Lp
66	68	Lp
66	69	Lp
66	70	L
66	71	-1
66	72	L
66	73	L
66	74	Lp
66	75	Lp
66	76	Lp
66	77	Lp
66	78	Lp
66	79	Lp
66	80	-1
66	81	Lp
66	82	Lp
66	83	Lp
66	84	Lp
66	85	-1
66	86	-1
66	87	Lp
66	88	-1
66	89	-1
66	90	L
66	91	Lp
66	92	Lp
66	93	-1
66	94	Lp
66	95	L
66	96	-1
66	97	L
66	98	-1
66	99	L
66	100	-1
66	101	L
66	102	L
66	103	L
66	104	L
66	105	L
66	106	L
66	107	L
66	108	L
66	109	Lp
66	110	Lp
66	111	Lp
66	112	-1
66	113	-1
66	114	U
66	115	-1
66	116	Lp
66	117	-1
66	118	-1
66	119	U
67	0	Lp
67	1	-1
67	2	U
67	3	U
67	4	U
67	5	-1
67	6	U
67	7	L
67	8	L
67	9	-1
67	10	-1
67	11	L
67	12	L
67	13	L
67	14	L
67	15	L
67	16	Lp
67	17	Lp
67	18	Lp
67	19	Lp
67	20	-1
67	21	-1
67	22	-1
67	23	-1
67	24	-1
67	25	Lp
67	26	-1
67	27	Lp
67	28	U
67	29	L
67	30	L
67	31	L
67	32	L
67	33	Lp
67	34	-1
67	35	-1
67	36	Lp
67	37	Lp
67	38	L
67	39	L
67	40	Lp
67	41	-1
67	42	-1
67	43	-1
67	44	L
67	45	-1
67	46	Lp
67	47	Lp
67	48	Lp
67	49	Lp
67	50	Lp
67	51	Lp
67	52	Lp
67	53	Lp
67	54	Lp
67	55	Lp
67	56	Lp
67	57	-1
67	58	-1
67	59	Lp
67	60	Lp
67	61	L
67	62	L
67	63	-1
67	64	Lp
67	65	Lp
67	66	Lp
67	67	Lp
67	68	Lp
67	69	-1
67	70	Lp
67	71	-1
67	72	-1
67	73	-1
67	74	Lp
67	75	Lp
67	76	Lp
67	77	-1
67	78	Lp
67	79	-1
67	80	Lp
67	81	-1
67	82	-1
67	83	Lp
67	84	Lp
67	85	-1
67	86	Lp
67	87	Lp
67	88	Lp
67	89	-1
67	90	L
67	91	-1
67	92	Lp
67	93	Lp
67	94	Lp
67	95	Lp
67	96	-1
67	97	Lp
67	98	Lp
67	99	-1
67	100	-1
67	101	-1
67	102	L
67	103	L
67	104	L
67	105	L
67	106	L
67	107	L
67	108	L
67	109	Lp
67	110	Lp
67	111	-1
67	112	U
67	113	-1
67	114	-1
67	115	U
67	116	Lp
67	117	Lp
67	118	Lp
67	119	Lp
68	0	-1
68	1	U
68	2	U
68	3	U
68	4	U
68	5	-1
68	6	L
68	7	L
68	8	L
68	9	L
68	10	-1
68	11	L
68	12	-1
68	13	L
68	14	L
68	15	-1
68	16	Lp
68	17	Lp
68	18	Lp
68	19	Lp
68	20	Lp
68	21	Lp
68	22	Lp
68	23	-1
68	24	Lp
68	25	Lp
68	26	-1
68	27	-1
68	28	L
68	29	U
68	30	L
68	31	-1
68	32	L
68	33	Lp
68	34	Lp
68	35	Lp
68	36	-1
68	37	Lp
68	38	Lp
68	39	Lp
68	40	Lp
68	41	Lp
68	42	-1
68	43	-1
68	44	-1
68	45	Lp
68	46	Lp
68	47	-1
68	48	Lp
68	49	-1
68	50	L
68	51	-1
68	52	-1
68	53	Lp
68	54	-1
68	55	Lp
68	56	-1
68	57	Lp
68	58	Lp
68	59	Lp
68	60	Lp
68	61	L
68	62	L
68	63	L
68	64	Lp
68	65	-1
68	66	Lp
68	67	-1
68	68	Lp
68	69	Lp
68	70	Lp
68	71	Lp
68	72	Lp
68	73	Lp
68	74	Lp
68	75	-1
68	76	Lp
68	77	-1
68	78	-1
68	79	Lp
68	80	Lp
68	81	Lp
68	82	-1
68	83	Lp
68	84	Lp
68	85	Lp
68	86	Lp
68	87	Lp
68	88	-1
68	89	-1
68	90	Lp
68	91	Lp
68	92	-1
68	93	Lp
68	94	Lp
68	95	Lp
68	96	Lp
68	97	Lp
68	98	-1
68	99	L
68	100	-1
68	101	-1
68	102	L
68	103	L
68	104	L
68	105	-1
68	106	L
68	107	L
68	108	Lp
68	109	Lp
68	110	Lp
68	111	-1
68	112	L
68	113	U
68	114	-1
68	115	Lp
68	116	-1
68	117	Lp
68	118	Lp
68	119	Lp
69	0	Lp
69	1	Lp
69	2	Lp
69	3	-1
69	4	U
69	5	-1
69	6	L
69	7	L
69	8	L
69	9	L
69	10	L
69	11	L
69	12	-1
69	13	Lp
69	14	-1
69	15	Lp
69	16	Lp
69	17	Lp
69	18	Lp
69	19	Lp
69	20	-1
69	21	Lp
69	22	-1
69	23	Lp
69	24	-1
69	25	Lp
69	26	L
69	27	L
69	28	L
69	29	Lp
69	30	L
69	31	-1
69	32	Lp
69	33	-1
69	34	Lp
69	35	Lp
69	36	Lp
69	37	-1
69	38	Lp
69	39	Lp
69	40	Lp
69	41	L
69	42	-1
69	43	L
69	44	-1
69	45	Lp
69	46	Lp
69	47	Lp
69	48	-1
69	49	L
69	50	Lp
69	51	Lp
69	52	-1
69	53	Lp
69	54	Lp
69	55	Lp
69	56	Lp
69	57	Lp
69	58	Lp
69	59	Lp
69	60	Lp
69	61	Lp
69	62	L
69	63	-1
69	64	-1
69	65	-1
69	66	-1
69	67	-1
69	68	Lp
69	69	-1
69	70	Lp
69	71	Lp
69	72	Lp
69	73	Lp
69	74	Lp
69	75	Lp
69	76	-1
69	77	Lp
69	78	-1
69	79	Lp
69	80	Lp
69	81	Lp
69	82	-1
69	83	-1
69	84	-1
69	85	Lp
69	86	Lp
69	87	-1
69	88	-1
69	89	L
69	90	Lp
69	91	Lp
69	92	Lp
69	93	Lp
69	94	Lp
69	95	Lp
69	96	-1
69	97	-1
69	98	Lp
69	99	L
69	100	L
69	101	L
69	102	-1
69	103	L
69	104	L
69	105	L
69	106	L
69	107	L
69	108	Lp
69	109	L
69	110	Lp
69	111	L
69	112	Lp
69	113	L
69	114	Lp
69	115	Lp
69	116	Lp
69	117	-1
69	118	Lp
69	119	-1
70	0	Lp
70	1	Lp
70	2	-1
70	3	U
70	4	L
70	5	L
70	6	L
70	7	L
70	8	L
70	9	L
70	10	L
70	11	L
70	12	L
70	13	L
70	14	Lp
70	15	Lp
70	16	Lp
70	17	Lp
70	18	-1
70	19	Lp
70	20	Lp
70	21	Lp
70	22	Lp
70	23	Lp
70	24	-1
70	25	Lp
70	26	L
70	27	L
70	28	Lp
70	29	Lp
70	30	L
70	31	L
70	32	Lp
70	33	Lp
70	34	Lp
70	35	Lp
70	36	Lp
70	37	Lp
70	38	L
70	39	L
70	40	L
70	41	L
70	42	L
70	43	-1
70	44	Lp
70	45	Lp
70	46	L
70	47	L
70	48	-1
70	49	-1
70	50	L
70	51	Lp
70	52	Lp
70	53	-1
70	54	Lp
70	55	Lp
70	56	Lp
70	57	Lp
70	58	-1
70	59	-1
70	60	Lp
70	61	L
70	62	-1
70	63	L
70	64	L
70	65	Lp
70	66	L
70	67	L
70	68	-1
70	69	L
70	70	-1
70	71	Lp
70	72	Lp
70	73	Lp
70	74	Lp
70	75	Lp
70	76	Lp
70	77	Lp
70	78	-1
70	79	Lp
70	80	-1
70	81	-1
70	82	Lp
70	83	Lp
70	84	-1
70	85	Lp
70	86	Lp
70	87	Lp
70	88	-1
70	89	Lp
70	90	Lp
70	91	Lp
70	92	Lp
70	93	Lp
70	94	Lp
70	95	-1
70	96	-1
70	97	L
70	98	L
70	99	-1
70	100	L
70	101	L
70	102	-1
70	103	L
70	104	L
70	105	L
70	106	L
70	107	Lp
70	108	L
70	109	L
70	110	L
70	111	-1
70	112	L
70	113	Lp
70	114	Lp
70	115	Lp
70	116	Lp
70	117	-1
70	118	Lp
70	119	-1
71	0	-1
71	1	Lp
71	2	Lp
71	3	-1
71	4	-1
71	5	U
71	6	L
71	7	L
71	8	L
71	9	L
71	10	L
71	11	-1
71	12	L
71	13	-1
71	14	L
71	15	Lp
71	16	Lp
71	17	Lp
71	18	Lp
71	19	-1
71	20	Lp
71	21	Lp
71	22	Lp
71	23	Lp
71	24	U
71	25	U
71	26	-1
71	27	L
71	28	Lp
71	29	-1
71	30	Lp
71	31	Lp
71	32	-1
71	33	Lp
71	34	Lp
71	35	Lp
71	36	Lp
71	37	-1
71	38	Lp
71	39	L
71	40	L
71	41	L
71	42	L
71	43	L
71	44	Lp
71	45	L
71	46	-1
71	47	-1
71	48	-1
71	49	Lp
71	50	-1
71	51	Lp
71	52	Lp
71	53	Lp
71	54	-1
71	55	Lp
71	56	Lp
71	57	Lp
71	58	Lp
71	59	Lp
71	60	Lp
71	61	Lp
71	62	L
71	63	L
71	64	L
71	65	-1
71	66	L
71	67	-1
71	68	Lp
71	69	-1
71	70	Lp
71	71	-1
71	72	Lp
71	73	-1
71	74	-1
71	75	Lp
71	76	-1
71	77	Lp
71	78	Lp
71	79	Lp
71	80	-1
71	81	-1
71	82	-1
71	83	Lp
71	84	Lp
71	85	Lp
71	86	-1
71	87	-1
71	88	-1
71	89	-1
71	90	L
71	91	Lp
71	92	L
71	93	Lp
71	94	Lp
71	95	Lp
71	96	U
71	97	U
71	98	U
71	99	-1
71	100	-1
71	101	L
71	102	L
71	103	L
71	104	Lp
71	105	Lp
71	106	L
71	107	L
71	108	-1
71	109	L
71	110	-1
71	111	Lp
71	112	-1
71	113	L
71	114	-1
71	115	Lp
71	116	-1
71	117	-1
71	118	Lp
71	119	Lp
72	0	Lp
72	1	Lp
72	2	U
72	3	-1
72	4	U
72	5	U
72	6	L
72	7	-1
72	8	L
72	9	-1
72	10	-1
72	11	-1
72	12	L
72	13	L
72	14	Lp
72	15	-1
72	16	Lp
72	17	Lp
72	18	Lp
72	19	Lp
72	20	Lp
72	21	Lp
72	22	Lp
72	23	-1
72	24	Lp
72	25	Lp
72	26	U
72	27	Lp
72	28	Lp
72	29	Lp
72	30	Lp
72	31	Lp
72	32	Lp
72	33	-1
72	34	Lp
72	35	Lp
72	36	-1
72	37	Lp
72	38	L
72	39	L
72	40	-1
72	41	L
72	42	-1
72	43	-1
72	44	-1
72	45	Lp
72	46	U
72	47	U
72	48	-1
72	49	U
72	50	Lp
72	51	Lp
72	52	Lp
72	53	Lp
72	54	-1
72	55	-1
72	56	Lp
72	57	Lp
72	58	Lp
72	59	Lp
72	60	-1
72	61	Lp
72	62	L
72	63	L
72	64	-1
72	65	-1
72	66	-1
72	67	Lp
72	68	L
72	69	-1
72	70	Lp
72	71	Lp
72	72	-1
72	73	-1
72	74	Lp
72	75	Lp
72	76	Lp
72	77	Lp
72	78	Lp
72	79	Lp
72	80	-1
72	81	Lp
72	82	Lp
72	83	Lp
72	84	Lp
72	85	L
72	86	-1
72	87	L
72	88	L
72	89	-1
72	90	-1
72	91	L
72	92	U
72	93	L
72	94	U
72	95	U
72	96	-1
72	97	L
72	98	L
72	99	L
72	100	L
72	101	L
72	102	L
72	103	L
72	104	-1
72	105	L
72	106	L
72	107	L
72	108	Lp
72	109	Lp
72	110	L
72	111	-1
72	112	L
72	113	L
72	114	-1
72	115	-1
72	116	-1
72	117	-1
72	118	Lp
72	119	Lp
73	0	Lp
73	1	U
73	2	-1
73	3	-1
73	4	-1
73	5	U
73	6	U
73	7	-1
73	8	L
73	9	L
73	10	L
73	11	L
73	12	L
73	13	L
73	14	L
73	15	L
73	16	-1
73	17	Lp
73	18	Lp
73	19	Lp
73	20	-1
73	21	-1
73	22	-1
73	23	Lp
73	24	-1
73	25	Lp
73	26	Lp
73	27	Lp
73	28	Lp
73	29	Lp
73	30	Lp
73	31	-1
73	32	-1
73	33	Lp
73	34	-1
73	35	Lp
73	36	Lp
73	37	-1
73	38	-1
73	39	L
73	40	L
73	41	-1
73	42	L
73	43	L
73	44	-1
73	45	-1
73	46	L
73	47	U
73	48	L
73	49	-1
73	50	-1
73	51	Lp
73	52	Lp
73	53	Lp
73	54	Lp
73	55	Lp
73	56	Lp
73	57	Lp
73	58	Lp
73	59	-1
73	60	-1
73	61	Lp
73	62	Lp
73	63	-1
73	64	-1
73	65	L
73	66	-1
73	67	-1
73	68	-1
73	69	L
73	70	L
73	71	Lp
73	72	-1
73	73	Lp
73	74	-1
73	75	Lp
73	76	Lp
73	77	Lp
73	78	-1
73	79	Lp
73	80	-1
73	81	L
73	82	-1
73	83	Lp
73	84	Lp
73	85	L
73	86	-1
73	87	L
73	88	Lp
73	89	-1
73	90	Lp
73	91	-1
73	92	U
73	93	Lp
73	94	U
73	95	Lp
73	96	-1
73	97	-1
73	98	L
73	99	U
73	100	U
73	101	L
73	102	L
73	103	L
73	104	L
73	105	-1
73	106	-1
73	107	L
73	108	Lp
73	109	Lp
73	110	L
73	111	Lp
73	112	-1
73	113	Lp
73	114	-1
73	115	Lp
73	116	Lp
73	117	Lp
73	118	-1
73	119	Lp
74	0	Lp
74	1	Lp
74	2	Lp
74	3	-1
74	4	L
74	5	L
74	6	U
74	7	L
74	8	L
74	9	-1
74	10	L
74	11	L
74	12	-1
74	13	Lp
74	14	-1
74	15	Lp
74	16	Lp
74	17	Lp
74	18	Lp
74	19	Lp
74	20	Lp
74	21	Lp
74	22	-1
74	23	Lp
74	24	Lp
74	25	Lp
74	26	Lp
74	27	Lp
74	28	Lp
74	29	Lp
74	30	Lp
74	31	-1
74	32	-1
74	33	Lp
74	34	Lp
74	35	Lp
74	36	Lp
74	37	U
74	38	U
74	39	-1
74	40	-1
74	41	L
74	42	L
74	43	-1
74	44	L
74	45	L
74	46	U
74	47	L
74	48	L
74	49	-1
74	50	Lp
74	51	Lp
74	52	-1
74	53	Lp
74	54	Lp
74	55	Lp
74	56	Lp
74	57	Lp
74	58	-1
74	59	-1
74	60	-1
74	61	-1
74	62	Lp
74	63	Lp
74	64	-1
74	65	L
74	66	Lp
74	67	Lp
74	68	-1
74	69	-1
74	70	Lp
74	71	Lp
74	72	Lp
74	73	-1
74	74	Lp
74	75	Lp
74	76	Lp
74	77	Lp
74	78	Lp
74	79	-1
74	80	Lp
74	81	-1
74	82	-1
74	83	-1
74	84	-1
74	85	L
74	86	L
74	87	L
74	88	Lp
74	89	Lp
74	90	L
74	91	L
74	92	U
74	93	U
74	94	U
74	95	U
74	96	L
74	97	U
74	98	U
74	99	L
74	100	U
74	101	L
74	102	L
74	103	L
74	104	-1
74	105	Lp
74	106	Lp
74	107	-1
74	108	L
74	109	L
74	110	Lp
74	111	-1
74	112	Lp
74	113	L
74	114	L
74	115	Lp
74	116	Lp
74	117	-1
74	118	Lp
74	119	Lp
75	0	Lp
75	1	Lp
75	2	Lp
75	3	L
75	4	L
75	5	L
75	6	L
75	7	-1
75	8	L
75	9	L
75	10	L
75	11	L
75	12	L
75	13	Lp
75	14	-1
75	15	Lp
75	16	Lp
75	17	Lp
75	18	Lp
75	19	-1
75	20	Lp
75	21	-1
75	22	-1
75	23	U
75	24	U
75	25	Lp
75	26	Lp
75	27	Lp
75	28	Lp
75	29	Lp
75	30	Lp
75	31	Lp
75	32	Lp
75	33	-1
75	34	Lp
75	35	L
75	36	Lp
75	37	-1
75	38	L
75	39	-1
75	40	L
75	41	-1
75	42	-1
75	43	-1
75	44	-1
75	45	-1
75	46	-1
75	47	L
75	48	-1
75	49	L
75	50	-1
75	51	-1
75	52	-1
75	53	Lp
75	54	L
75	55	L
75	56	Lp
75	57	-1
75	58	Lp
75	59	L
75	60	Lp
75	61	-1
75	62	L
75	63	L
75	64	-1
75	65	-1
75	66	Lp
75	67	L
75	68	Lp
75	69	-1
75	70	-1
75	71	-1
75	72	Lp
75	73	Lp
75	74	-1
75	75	Lp
75	76	Lp
75	77	-1
75	78	Lp
75	79	Lp
75	80	U
75	81	Lp
75	82	L
75	83	L
75	84	L
75	85	-1
75	86	L
75	87	L
75	88	-1
75	89	Lp
75	90	-1
75	91	L
75	92	L
75	93	U
75	94	U
75	95	L
75	96	U
75	97	-1
75	98	U
75	99	U
75	100	L
75	101	L
75	102	-1
75	103	L
75	104	-1
75	105	-1
75	106	-1
75	107	L
75	108	L
75	109	L
75	110	-1
75	111	Lp
75	112	Lp
75	113	L
75	114	L
75	115	Lp
75	116	-1
75	117	Lp
75	118	Lp
75	119	Lp
76	0	-1
76	1	Lp
76	2	L
76	3	L
76	4	L
76	5	-1
76	6	-1
76	7	-1
76	8	-1
76	9	-1
76	10	-1
76	11	L
76	12	-1
76	13	-1
76	14	-1
76	15	Lp
76	16	Lp
76	17	Lp
76	18	Lp
76	19	Lp
76	20	Lp
76	21	-1
76	22	-1
76	23	Lp
76	24	U
76	25	U
76	26	Lp
76	27	Lp
76	28	-1
76	29	Lp
76	30	Lp
76	31	-1
76	32	-1
76	33	-1
76	34	-1
76	35	-1
76	36	L
76	37	U
76	38	U
76	39	L
76	40	L
76	41	L
76	42	L
76	43	-1
76	44	-1
76	45	-1
76	46	-1
76	47	Lp
76	48	Lp
76	49	Lp
76	50	Lp
76	51	Lp
76	52	Lp
76	53	L
76	54	Lp
76	55	-1
76	56	-1
76	57	Lp
76	58	Lp
76	59	L
76	60	Lp
76	61	Lp
76	62	Lp
76	63	L
76	64	-1
76	65	-1
76	66	Lp
76	67	L
76	68	-1
76	69	Lp
76	70	Lp
76	71	-1
76	72	Lp
76	73	Lp
76	74	-1
76	75	Lp
76	76	Lp
76	77	Lp
76	78	Lp
76	79	U
76	80	Lp
76	81	Lp
76	82	L
76	83	-1
76	84	L
76	85	-1
76	86	L
76	87	-1
76	88	L
76	89	L
76	90	L
76	91	L
76	92	U
76	93	U
76	94	U
76	95	L
76	96	L
76	97	L
76	98	-1
76	99	L
76	100	U
76	101	L
76	102	-1
76	103	L
76	104	L
76	105	L
76	106	L
76	107	L
76	108	-1
76	109	-1
76	110	-1
76	111	Lp
76	112	L
76	113	-1
76	114	L
76	115	L
76	116	L
76	117	-1
76	118	L
76	119	-1
77	0	Lp
77	1	Lp
77	2	Lp
77	3	L
77	4	-1
77	5	Lp
77	6	L
77	7	L
77	8	L
77	9	U
77	10	U
77	11	U
77	12	-1
77	13	-1
77	14	Lp
77	15	-1
77	16	Lp
77	17	Lp
77	18	Lp
77	19	-1
77	20	-1
77	21	-1
77	22	Lp
77	23	U
77	24	-1
77	25	Lp
77	26	Lp
77	27	Lp
77	28	-1
77	29	Lp
77	30	Lp
77	31	Lp
77	32	Lp
77	33	Lp
77	34	L
77	35	L
77	36	L
77	37	U
77	38	L
77	39	L
77	40	L
77	41	L
77	42	-1
77	43	L
77	44	-1
77	45	L
77	46	Lp
77	47	Lp
77	48	-1
77	49	L
77	50	Lp
77	51	Lp
77	52	Lp
77	53	-1
77	54	L
77	55	-1
77	56	-1
77	57	-1
77	58	-1
77	59	-1
77	60	Lp
77	61	Lp
77	62	-1
77	63	-1
77	64	-1
77	65	-1
77	66	-1
77	67	-1
77	68	-1
77	69	Lp
77	70	Lp
77	71	L
77	72	-1
77	73	Lp
77	74	Lp
77	75	Lp
77	76	Lp
77	77	Lp
77	78	Lp
77	79	Lp
77	80	Lp
77	81	Lp
77	82	Lp
77	83	L
77	84	L
77	85	L
77	86	-1
77	87	L
77	88	U
77	89	L
77	90	L
77	91	-1
77	92	L
77	93	-1
77	94	U
77	95	U
77	96	L
77	97	U
77	98	-1
77	99	-1
77	100	U
77	101	U
77	102	L
77	103	-1
77	104	-1
77	105	L
77	106	L
77	107	L
77	108	L
77	109	L
77	110	-1
77	111	-1
77	112	-1
77	113	Lp
77	114	L
77	115	-1
77	116	L
77	117	L
77	118	L
77	119	-1
78	0	Lp
78	1	Lp
78	2	Lp
78	3	Lp
78	4	Lp
78	5	Lp
78	6	L
78	7	-1
78	8	L
78	9	L
78	10	-1
78	11	-1
78	12	U
78	13	Lp
78	14	-1
78	15	Lp
78	16	L
78	17	Lp
78	18	L
78	19	-1
78	20	Lp
78	21	-1
78	22	Lp
78	23	Lp
78	24	Lp
78	25	Lp
78	26	Lp
78	27	Lp
78	28	Lp
78	29	-1
78	30	-1
78	31	Lp
78	32	Lp
78	33	-1
78	34	L
78	35	L
78	36	L
78	37	Lp
78	38	L
78	39	L
78	40	L
78	41	L
78	42	L
78	43	-1
78	44	L
78	45	Lp
78	46	Lp
78	47	Lp
78	48	Lp
78	49	-1
78	50	L
78	51	L
78	52	L
78	53	Lp
78	54	L
78	55	L
78	56	-1
78	57	-1
78	58	Lp
78	59	Lp
78	60	Lp
78	61	-1
78	62	Lp
78	63	-1
78	64	Lp
78	65	-1
78	66	L
78	67	L
78	68	L
78	69	L
78	70	L
78	71	L
78	72	-1
78	73	Lp
78	74	-1
78	75	U
78	76	-1
78	77	Lp
78	78	-1
78	79	L
78	80	Lp
78	81	Lp
78	82	Lp
78	83	-1
78	84	Lp
78	85	L
78	86	L
78	87	U
78	88	U
78	89	U
78	90	-1
78	91	-1
78	92	L
78	93	-1
78	94	U
78	95	U
78	96	-1
78	97	U
78	98	-1
78	99	-1
78	100	L
78	101	L
78	102	L
78	103	-1
78	104	L
78	105	L
78	106	L
78	107	-1
78	108	L
78	109	-1
78	110	L
78	111	L
78	112	-1
78	113	Lp
78	114	Lp
78	115	Lp
78	116	L
78	117	L
78	118	-1
78	119	-1
79	0	Lp
79	1	-1
79	2	Lp
79	3	Lp
79	4	Lp
79	5	-1
79	6	-1
79	7	-1
79	8	-1
79	9	L
79	10	L
79	11	U
79	12	Lp
79	13	Lp
79	14	-1
79	15	-1
79	16	-1
79	17	-1
79	18	Lp
79	19	Lp
79	20	Lp
79	21	Lp
79	22	L
79	23	Lp
79	24	Lp
79	25	-1
79	26	-1
79	27	Lp
79	28	Lp
79	29	-1
79	30	Lp
79	31	Lp
79	32	Lp
79	33	-1
79	34	L
79	35	L
79	36	U
79	37	Lp
79	38	-1
79	39	L
79	40	-1
79	41	L
79	42	-1
79	43	L
79	44	L
79	45	-1
79	46	Lp
79	47	Lp
79	48	-1
79	49	Lp
79	50	Lp
79	51	Lp
79	52	Lp
79	53	L
79	54	L
79	55	L
79	56	L
79	57	-1
79	58	Lp
79	59	-1
79	60	-1
79	61	Lp
79	62	Lp
79	63	Lp
79	64	L
79	65	L
79	66	-1
79	67	L
79	68	L
79	69	L
79	70	L
79	71	L
79	72	Lp
79	73	Lp
79	74	U
79	75	-1
79	76	U
79	77	L
79	78	-1
79	79	L
79	80	L
79	81	U
79	82	Lp
79	83	Lp
79	84	Lp
79	85	Lp
79	86	-1
79	87	Lp
79	88	-1
79	89	L
79	90	L
79	91	L
79	92	L
79	93	L
79	94	L
79	95	U
79	96	L
79	97	L
79	98	-1
79	99	L
79	100	L
79	101	-1
79	102	-1
79	103	L
79	104	L
79	105	L
79	106	L
79	107	L
79	108	L
79	109	-1
79	110	L
79	111	L
79	112	Lp
79	113	L
79	114	-1
79	115	Lp
79	116	-1
79	117	-1
79	118	-1
79	119	-1
80	0	Lp
80	1	Lp
80	2	-1
80	3	-1
80	4	-1
80	5	Lp
80	6	-1
80	7	-1
80	8	-1
80	9	U
80	10	U
80	11	L
80	12	U
80	13	Lp
80	14	L
80	15	L
80	16	Lp
80	17	-1
80	18	L
80	19	-1
80	20	-1
80	21	L
80	22	L
80	23	L
80	24	Lp
80	25	-1
80	26	Lp
80	27	-1
80	28	Lp
80	29	-1
80	30	-1
80	31	Lp
80	32	Lp
80	33	Lp
80	34	-1
80	35	L
80	36	U
80	37	-1
80	38	Lp
80	39	-1
80	40	L
80	41	-1
80	42	L
80	43	L
80	44	L
80	45	-1
80	46	-1
80	47	Lp
80	48	Lp
80	49	Lp
80	50	Lp
80	51	Lp
80	52	-1
80	53	L
80	54	L
80	55	L
80	56	L
80	57	L
80	58	Lp
80	59	Lp
80	60	-1
80	61	Lp
80	62	-1
80	63	L
80	64	-1
80	65	L
80	66	L
80	67	L
80	68	L
80	69	L
80	70	Lp
80	71	Lp
80	72	Lp
80	73	Lp
80	74	Lp
80	75	Lp
80	76	Lp
80	77	-1
80	78	L
80	79	U
80	80	L
80	81	Lp
80	82	Lp
80	83	Lp
80	84	Lp
80	85	Lp
80	86	Lp
80	87	Lp
80	88	-1
80	89	-1
80	90	L
80	91	L
80	92	L
80	93	L
80	94	-1
80	95	U
80	96	L
80	97	L
80	98	L
80	99	L
80	100	-1
80	101	L
80	102	Lp
80	103	L
80	104	L
80	105	-1
80	106	L
80	107	-1
80	108	L
80	109	-1
80	110	L
80	111	L
80	112	L
80	113	Lp
80	114	Lp
80	115	L
80	116	-1
80	117	Lp
80	118	-1
80	119	-1
81	0	-1
81	1	-1
81	2	-1
81	3	Lp
81	4	Lp
81	5	Lp
81	6	Lp
81	7	Lp
81	8	Lp
81	9	-1
81	10	Lp
81	11	U
81	12	Lp
81	13	-1
81	14	L
81	15	-1
81	16	Lp
81	17	Lp
81	18	Lp
81	19	L
81	20	-1
81	21	L
81	22	-1
81	23	L
81	24	L
81	25	L
81	26	Lp
81	27	L
81	28	Lp
81	29	-1
81	30	-1
81	31	Lp
81	32	Lp
81	33	Lp
81	34	Lp
81	35	L
81	36	Lp
81	37	-1
81	38	-1
81	39	Lp
81	40	-1
81	41	L
81	42	L
81	43	-1
81	44	-1
81	45	-1
81	46	Lp
81	47	Lp
81	48	-1
81	49	Lp
81	50	-1
81	51	-1
81	52	Lp
81	53	L
81	54	-1
81	55	Lp
81	56	-1
81	57	-1
81	58	-1
81	59	Lp
81	60	Lp
81	61	-1
81	62	-1
81	63	-1
81	64	-1
81	65	U
81	66	L
81	67	L
81	68	L
81	69	L
81	70	L
81	71	-1
81	72	-1
81	73	Lp
81	74	Lp
81	75	Lp
81	76	-1
81	77	-1
81	78	L
81	79	U
81	80	-1
81	81	Lp
81	82	-1
81	83	-1
81	84	Lp
81	85	Lp
81	86	Lp
81	87	Lp
81	88	-1
81	89	L
81	90	-1
81	91	L
81	92	L
81	93	-1
81	94	L
81	95	L
81	96	L
81	97	-1
81	98	L
81	99	-1
81	100	L
81	101	L
81	102	L
81	103	L
81	104	-1
81	105	-1
81	106	-1
81	107	-1
81	108	L
81	109	L
81	110	L
81	111	-1
81	112	-1
81	113	Lp
81	114	Lp
81	115	L
81	116	L
81	117	L
81	118	Lp
81	119	Lp
82	0	-1
82	1	Lp
82	2	Lp
82	3	Lp
82	4	Lp
82	5	Lp
82	6	Lp
82	7	L
82	8	Lp
82	9	Lp
82	10	-1
82	11	Lp
82	12	Lp
82	13	-1
82	14	Lp
82	15	L
82	16	L
82	17	Lp
82	18	Lp
82	19	-1
82	20	L
82	21	Lp
82	22	Lp
82	23	Lp
82	24	L
82	25	L
82	26	L
82	27	Lp
82	28	Lp
82	29	-1
82	30	-1
82	31	Lp
82	32	Lp
82	33	Lp
82	34	Lp
82	35	Lp
82	36	L
82	37	L
82	38	Lp
82	39	-1
82	40	Lp
82	41	-1
82	42	L
82	43	L
82	44	Lp
82	45	Lp
82	46	Lp
82	47	Lp
82	48	-1
82	49	Lp
82	50	Lp
82	51	Lp
82	52	L
82	53	L
82	54	-1
82	55	Lp
82	56	-1
82	57	-1
82	58	Lp
82	59	-1
82	60	L
82	61	-1
82	62	L
82	63	L
82	64	L
82	65	L
82	66	-1
82	67	L
82	68	L
82	69	L
82	70	L
82	71	L
82	72	-1
82	73	-1
82	74	Lp
82	75	Lp
82	76	L
82	77	L
82	78	-1
82	79	L
82	80	Lp
82	81	Lp
82	82	Lp
82	83	Lp
82	84	Lp
82	85	-1
82	86	U
82	87	Lp
82	88	L
82	89	L
82	90	-1
82	91	-1
82	92	L
82	93	Lp
82	94	L
82	95	L
82	96	-1
82	97	L
82	98	-1
82	99	L
82	100	-1
82	101	Lp
82	102	L
82	103	-1
82	104	L
82	105	Lp
82	106	Lp
82	107	-1
82	108	Lp
82	109	L
82	110	L
82	111	L
82	112	-1
82	113	-1
82	114	-1
82	115	L
82	116	L
82	117	L
82	118	L
82	119	L
83	0	-1
83	1	Lp
83	2	Lp
83	3	Lp
83	4	L
83	5	Lp
83	6	Lp
83	7	-1
83	8	Lp
83	9	L
83	10	L
83	11	Lp
83	12	Lp
83	13	-1
83	14	Lp
83	15	Lp
83	16	L
83	17	L
83	18	-1
83	19	Lp
83	20	Lp
83	21	Lp
83	22	Lp
83	23	Lp
83	24	Lp
83	25	Lp
83	26	-1
83	27	Lp
83	28	Lp
83	29	Lp
83	30	-1
83	31	-1
83	32	-1
83	33	Lp
83	34	-1
83	35	Lp
83	36	L
83	37	-1
83	38	-1
83	39	-1
83	40	-1
83	41	-1
83	42	-1
83	43	Lp
83	44	L
83	45	L
83	46	L
83	47	L
83	48	-1
83	49	Lp
83	50	Lp
83	51	L
83	52	-1
83	53	L
83	54	Lp
83	55	-1
83	56	-1
83	57	Lp
83	58	Lp
83	59	-1
83	60	L
83	61	L
83	62	L
83	63	L
83	64	-1
83	65	L
83	66	Lp
83	67	L
83	68	L
83	69	L
83	70	L
83	71	-1
83	72	Lp
83	73	Lp
83	74	Lp
83	75	Lp
83	76	L
83	77	L
83	78	L
83	79	L
83	80	Lp
83	81	Lp
83	82	-1
83	83	-1
83	84	-1
83	85	-1
83	86	-1
83	87	Lp
83	88	L
83	89	L
83	90	L
83	91	U
83	92	-1
83	93	L
83	94	L
83	95	L
83	96	-1
83	97	-1
83	98	-1
83	99	-1
83	100	L
83	101	Lp
83	102	-1
83	103	L
83	104	Lp
83	105	Lp
83	106	L
83	107	Lp
83	108	L
83	109	Lp
83	110	L
83	111	-1
83	112	Lp
83	113	-1
83	114	-1
83	115	L
83	116	L
83	117	Lp
83	118	Lp
83	119	Lp
84	0	Lp
84	1	Lp
84	2	Lp
84	3	Lp
84	4	-1
84	5	Lp
84	6	Lp
84	7	L
84	8	L
84	9	-1
84	10	-1
84	11	Lp
84	12	Lp
84	13	Lp
84	14	Lp
84	15	Lp
84	16	L
84	17	L
84	18	Lp
84	19	Lp
84	20	Lp
84	21	Lp
84	22	-1
84	23	Lp
84	24	Lp
84	25	Lp
84	26	Lp
84	27	-1
84	28	Lp
84	29	-1
84	30	Lp
84	31	Lp
84	32	-1
84	33	-1
84	34	Lp
84	35	Lp
84	36	Lp
84	37	-1
84	38	Lp
84	39	-1
84	40	-1
84	41	U
84	42	L
84	43	L
84	44	Lp
84	45	-1
84	46	-1
84	47	L
84	48	L
84	49	L
84	50	L
84	51	-1
84	52	L
84	53	L
84	54	-1
84	55	Lp
84	56	L
84	57	L
84	58	Lp
84	59	-1
84	60	L
84	61	L
84	62	-1
84	63	L
84	64	-1
84	65	Lp
84	66	L
84	67	Lp
84	68	L
84	69	L
84	70	-1
84	71	Lp
84	72	-1
84	73	Lp
84	74	Lp
84	75	L
84	76	-1
84	77	-1
84	78	L
84	79	L
84	80	Lp
84	81	-1
84	82	U
84	83	U
84	84	U
84	85	U
84	86	L
84	87	-1
84	88	Lp
84	89	U
84	90	U
84	91	-1
84	92	-1
84	93	L
84	94	L
84	95	L
84	96	-1
84	97	-1
84	98	-1
84	99	Lp
84	100	L
84	101	Lp
84	102	L
84	103	L
84	104	Lp
84	105	Lp
84	106	Lp
84	107	L
84	108	-1
84	109	L
84	110	Lp
84	111	Lp
84	112	Lp
84	113	-1
84	114	L
84	115	L
84	116	L
84	117	L
84	118	Lp
84	119	Lp
85	0	Lp
85	1	-1
85	2	-1
85	3	Lp
85	4	Lp
85	5	Lp
85	6	Lp
85	7	-1
85	8	L
85	9	Lp
85	10	-1
85	11	Lp
85	12	Lp
85	13	Lp
85	14	-1
85	15	Lp
85	16	Lp
85	17	Lp
85	18	Lp
85	19	Lp
85	20	-1
85	21	Lp
85	22	Lp
85	23	Lp
85	24	Lp
85	25	-1
85	26	L
85	27	-1
85	28	-1
85	29	Lp
85	30	Lp
85	31	-1
85	32	Lp
85	33	-1
85	34	Lp
85	35	-1
85	36	-1
85	37	Lp
85	38	Lp
85	39	Lp
85	40	U
85	41	U
85	42	L
85	43	L
85	44	Lp
85	45	Lp
85	46	L
85	47	L
85	48	L
85	49	-1
85	50	-1
85	51	L
85	52	-1
85	53	-1
85	54	Lp
85	55	Lp
85	56	-1
85	57	L
85	58	Lp
85	59	L
85	60	L
85	61	-1
85	62	-1
85	63	L
85	64	L
85	65	U
85	66	-1
85	67	L
85	68	L
85	69	L
85	70	Lp
85	71	L
85	72	-1
85	73	-1
85	74	L
85	75	L
85	76	-1
85	77	L
85	78	L
85	79	L
85	80	Lp
85	81	L
85	82	-1
85	83	-1
85	84	Lp
85	85	U
85	86	U
85	87	L
85	88	-1
85	89	U
85	90	L
85	91	L
85	92	L
85	93	U
85	94	-1
85	95	L
85	96	U
85	97	L
85	98	L
85	99	L
85	100	-1
85	101	L
85	102	L
85	103	-1
85	104	-1
85	105	-1
85	106	Lp
85	107	L
85	108	-1
85	109	Lp
85	110	Lp
85	111	Lp
85	112	Lp
85	113	Lp
85	114	L
85	115	L
85	116	Lp
85	117	U
85	118	Lp
85	119	Lp
86	0	L
86	1	L
86	2	L
86	3	L
86	4	-1
86	5	Lp
86	6	Lp
86	7	L
86	8	-1
86	9	L
86	10	Lp
86	11	Lp
86	12	-1
86	13	-1
86	14	Lp
86	15	Lp
86	16	Lp
86	17	Lp
86	18	Lp
86	19	Lp
86	20	L
86	21	-1
86	22	Lp
86	23	L
86	24	Lp
86	25	L
86	26	L
86	27	Lp
86	28	L
86	29	Lp
86	30	Lp
86	31	Lp
86	32	Lp
86	33	Lp
86	34	-1
86	35	Lp
86	36	U
86	37	Lp
86	38	U
86	39	U
86	40	U
86	41	L
86	42	L
86	43	L
86	44	L
86	45	L
86	46	-1
86	47	L
86	48	-1
86	49	U
86	50	L
86	51	L
86	52	L
86	53	-1
86	54	Lp
86	55	Lp
86	56	Lp
86	57	Lp
86	58	Lp
86	59	Lp
86	60	L
86	61	L
86	62	L
86	63	-1
86	64	-1
86	65	U
86	66	L
86	67	L
86	68	Lp
86	69	L
86	70	Lp
86	71	-1
86	72	-1
86	73	-1
86	74	-1
86	75	-1
86	76	L
86	77	L
86	78	Lp
86	79	-1
86	80	-1
86	81	Lp
86	82	Lp
86	83	-1
86	84	Lp
86	85	U
86	86	-1
86	87	L
86	88	L
86	89	U
86	90	U
86	91	U
86	92	L
86	93	-1
86	94	L
86	95	Lp
86	96	L
86	97	-1
86	98	L
86	99	Lp
86	100	-1
86	101	Lp
86	102	Lp
86	103	-1
86	104	L
86	105	L
86	106	Lp
86	107	Lp
86	108	-1
86	109	-1
86	110	Lp
86	111	Lp
86	112	Lp
86	113	Lp
86	114	-1
86	115	Lp
86	116	Lp
86	117	Lp
86	118	Lp
86	119	Lp
87	0	L
87	1	-1
87	2	L
87	3	-1
87	4	-1
87	5	L
87	6	-1
87	7	L
87	8	L
87	9	Lp
87	10	Lp
87	11	-1
87	12	-1
87	13	Lp
87	14	Lp
87	15	Lp
87	16	Lp
87	17	Lp
87	18	Lp
87	19	Lp
87	20	-1
87	21	Lp
87	22	L
87	23	L
87	24	L
87	25	L
87	26	L
87	27	L
87	28	Lp
87	29	Lp
87	30	Lp
87	31	Lp
87	32	Lp
87	33	Lp
87	34	U
87	35	Lp
87	36	U
87	37	-1
87	38	U
87	39	U
87	40	Lp
87	41	Lp
87	42	-1
87	43	L
87	44	-1
87	45	L
87	46	L
87	47	L
87	48	-1
87	49	-1
87	50	L
87	51	L
87	52	-1
87	53	L
87	54	Lp
87	55	L
87	56	-1
87	57	Lp
87	58	Lp
87	59	-1
87	60	-1
87	61	L
87	62	L
87	63	L
87	64	L
87	65	L
87	66	U
87	67	-1
87	68	Lp
87	69	Lp
87	70	Lp
87	71	Lp
87	72	L
87	73	L
87	74	L
87	75	-1
87	76	L
87	77	L
87	78	-1
87	79	-1
87	80	L
87	81	Lp
87	82	Lp
87	83	Lp
87	84	Lp
87	85	-1
87	86	L
87	87	L
87	88	L
87	89	L
87	90	L
87	91	U
87	92	L
87	93	L
87	94	-1
87	95	L
87	96	Lp
87	97	U
87	98	Lp
87	99	-1
87	100	L
87	101	L
87	102	-1
87	103	L
87	104	-1
87	105	L
87	106	L
87	107	Lp
87	108	L
87	109	L
87	110	-1
87	111	L
87	112	-1
87	113	Lp
87	114	L
87	115	L
87	116	-1
87	117	Lp
87	118	-1
87	119	-1
88	0	L
88	1	-1
88	2	L
88	3	Lp
88	4	-1
88	5	Lp
88	6	L
88	7	L
88	8	L
88	9	-1
88	10	Lp
88	11	Lp
88	12	Lp
88	13	-1
88	14	Lp
88	15	Lp
88	16	Lp
88	17	Lp
88	18	L
88	19	-1
88	20	Lp
88	21	Lp
88	22	-1
88	23	L
88	24	L
88	25	L
88	26	L
88	27	L
88	28	-1
88	29	-1
88	30	Lp
88	31	Lp
88	32	Lp
88	33	-1
88	34	U
88	35	-1
88	36	-1
88	37	U
88	38	-1
88	39	U
88	40	Lp
88	41	-1
88	42	-1
88	43	Lp
88	44	-1
88	45	L
88	46	-1
88	47	L
88	48	-1
88	49	L
88	50	-1
88	51	-1
88	52	L
88	53	-1
88	54	-1
88	55	-1
88	56	Lp
88	57	Lp
88	58	Lp
88	59	Lp
88	60	-1
88	61	L
88	62	L
88	63	-1
88	64	L
88	65	-1
88	66	L
88	67	L
88	68	Lp
88	69	-1
88	70	L
88	71	L
88	72	-1
88	73	-1
88	74	-1
88	75	L
88	76	L
88	77	-1
88	78	Lp
88	79	L
88	80	L
88	81	Lp
88	82	Lp
88	83	Lp
88	84	Lp
88	85	-1
88	86	L
88	87	L
88	88	L
88	89	L
88	90	L
88	91	-1
88	92	L
88	93	-1
88	94	L
88	95	-1
88	96	-1
88	97	Lp
88	98	U
88	99	L
88	100	L
88	101	-1
88	102	L
88	103	L
88	104	L
88	105	-1
88	106	-1
88	107	L
88	108	L
88	109	-1
88	110	-1
88	111	U
88	112	L
88	113	-1
88	114	Lp
88	115	L
88	116	L
88	117	L
88	118	Lp
88	119	L
89	0	-1
89	1	L
89	2	L
89	3	Lp
89	4	-1
89	5	Lp
89	6	L
89	7	Lp
89	8	Lp
89	9	Lp
89	10	-1
89	11	L
89	12	-1
89	13	Lp
89	14	Lp
89	15	Lp
89	16	-1
89	17	Lp
89	18	Lp
89	19	Lp
89	20	L
89	21	L
89	22	L
89	23	-1
89	24	L
89	25	L
89	26	-1
89	27	L
89	28	Lp
89	29	Lp
89	30	Lp
89	31	Lp
89	32	Lp
89	33	Lp
89	34	-1
89	35	Lp
89	36	-1
89	37	-1
89	38	-1
89	39	Lp
89	40	-1
89	41	Lp
89	42	-1
89	43	Lp
89	44	L
89	45	L
89	46	L
89	47	L
89	48	L
89	49	L
89	50	L
89	51	L
89	52	L
89	53	L
89	54	L
89	55	-1
89	56	Lp
89	57	-1
89	58	Lp
89	59	Lp
89	60	Lp
89	61	L
89	62	L
89	63	-1
89	64	-1
89	65	-1
89	66	-1
89	67	-1
89	68	Lp
89	69	L
89	70	-1
89	71	L
89	72	-1
89	73	-1
89	74	-1
89	75	L
89	76	L
89	77	L
89	78	-1
89	79	-1
89	80	Lp
89	81	-1
89	82	Lp
89	83	Lp
89	84	Lp
89	85	Lp
89	86	-1
89	87	-1
89	88	Lp
89	89	L
89	90	-1
89	91	L
89	92	Lp
89	93	L
89	94	Lp
89	95	Lp
89	96	Lp
89	97	U
89	98	-1
89	99	L
89	100	L
89	101	L
89	102	L
89	103	L
89	104	-1
89	105	L
89	106	L
89	107	L
89	108	L
89	109	L
89	110	-1
89	111	L
89	112	Lp
89	113	-1
89	114	L
89	115	L
89	116	L
89	117	L
89	118	L
89	119	L
90	0	L
90	1	-1
90	2	U
90	3	U
90	4	U
90	5	L
90	6	L
90	7	L
90	8	Lp
90	9	-1
90	10	L
90	11	Lp
90	12	Lp
90	13	Lp
90	14	U
90	15	Lp
90	16	-1
90	17	L
90	18	-1
90	19	-1
90	20	U
90	21	L
90	22	-1
90	23	L
90	24	-1
90	25	L
90	26	L
90	27	L
90	28	L
90	29	Lp
90	30	Lp
90	31	Lp
90	32	Lp
90	33	-1
90	34	Lp
90	35	Lp
90	36	Lp
90	37	-1
90	38	Lp
90	39	Lp
90	40	Lp
90	41	Lp
90	42	Lp
90	43	L
90	44	L
90	45	-1
90	46	L
90	47	-1
90	48	L
90	49	L
90	50	L
90	51	L
90	52	L
90	53	L
90	54	L
90	55	Lp
90	56	Lp
90	57	Lp
90	58	Lp
90	59	Lp
90	60	-1
90	61	-1
90	62	-1
90	63	-1
90	64	-1
90	65	L
90	66	-1
90	67	L
90	68	-1
90	69	L
90	70	L
90	71	-1
90	72	L
90	73	L
90	74	L
90	75	-1
90	76	-1
90	77	L
90	78	L
90	79	Lp
90	80	L
90	81	L
90	82	Lp
90	83	-1
90	84	-1
90	85	Lp
90	86	-1
90	87	Lp
90	88	-1
90	89	-1
90	90	-1
90	91	L
90	92	L
90	93	Lp
90	94	Lp
90	95	Lp
90	96	Lp
90	97	Lp
90	98	Lp
90	99	L
90	100	L
90	101	L
90	102	L
90	103	-1
90	104	L
90	105	L
90	106	-1
90	107	L
90	108	L
90	109	-1
90	110	-1
90	111	Lp
90	112	U
90	113	Lp
90	114	-1
90	115	-1
90	116	-1
90	117	L
90	118	-1
90	119	L
91	0	Lp
91	1	-1
91	2	-1
91	3	-1
91	4	U
91	5	U
91	6	L
91	7	L
91	8	Lp
91	9	Lp
91	10	-1
91	11	-1
91	12	-1
91	13	Lp
91	14	Lp
91	15	Lp
91	16	U
91	17	L
91	18	-1
91	19	-1
91	20	U
91	21	U
91	22	-1
91	23	L
91	24	L
91	25	L
91	26	L
91	27	L
91	28	-1
91	29	Lp
91	30	Lp
91	31	Lp
91	32	-1
91	33	Lp
91	34	Lp
91	35	Lp
91	36	Lp
91	37	Lp
91	38	U
91	39	Lp
91	40	-1
91	41	Lp
91	42	-1
91	43	L
91	44	-1
91	45	-1
91	46	-1
91	47	-1
91	48	L
91	49	L
91	50	L
91	51	L
91	52	L
91	53	-1
91	54	-1
91	55	Lp
91	56	L
91	57	Lp
91	58	Lp
91	59	L
91	60	L
91	61	-1
91	62	-1
91	63	Lp
91	64	L
91	65	L
91	66	L
91	67	-1
91	68	L
91	69	L
91	70	L
91	71	L
91	72	L
91	73	L
91	74	L
91	75	-1
91	76	-1
91	77	-1
91	78	L
91	79	Lp
91	80	Lp
91	81	L
91	82	Lp
91	83	-1
91	84	Lp
91	85	Lp
91	86	Lp
91	87	L
91	88	L
91	89	-1
91	90	L
91	91	L
91	92	L
91	93	Lp
91	94	-1
91	95	Lp
91	96	Lp
91	97	-1
91	98	-1
91	99	L
91	100	L
91	101	-1
91	102	-1
91	103	L
91	104	-1
91	105	L
91	106	L
91	107	L
91	108	-1
91	109	L
91	110	L
91	111	Lp
91	112	Lp
91	113	Lp
91	114	-1
91	115	-1
91	116	L
91	117	L
91	118	L
91	119	L
92	0	Lp
92	1	L
92	2	L
92	3	U
92	4	L
92	5	U
92	6	U
92	7	L
92	8	Lp
92	9	L
92	10	Lp
92	11	L
92	12	Lp
92	13	-1
92	14	L
92	15	L
92	16	Lp
92	17	Lp
92	18	-1
92	19	U
92	20	-1
92	21	-1
92	22	U
92	23	L
92	24	-1
92	25	-1
92	26	L
92	27	L
92	28	-1
92	29	-1
92	30	Lp
92	31	Lp
92	32	-1
92	33	-1
92	34	Lp
92	35	Lp
92	36	-1
92	37	Lp
92	38	Lp
92	39	-1
92	40	Lp
92	41	Lp
92	42	U
92	43	L
92	44	L
92	45	L
92	46	-1
92	47	L
92	48	L
92	49	-1
92	50	L
92	51	L
92	52	L
92	53	L
92	54	-1
92	55	L
92	56	-1
92	57	L
92	58	-1
92	59	Lp
92	60	-1
92	61	-1
92	62	-1
92	63	-1
92	64	L
92	65	L
92	66	L
92	67	L
92	68	L
92	69	L
92	70	L
92	71	L
92	72	L
92	73	-1
92	74	L
92	75	-1
92	76	L
92	77	Lp
92	78	Lp
92	79	-1
92	80	Lp
92	81	Lp
92	82	L
92	83	Lp
92	84	Lp
92	85	-1
92	86	L
92	87	L
92	88	L
92	89	-1
92	90	-1
92	91	Lp
92	92	L
92	93	L
92	94	Lp
92	95	Lp
92	96	L
92	97	L
92	98	-1
92	99	L
92	100	L
92	101	L
92	102	L
92	103	-1
92	104	L
92	105	L
92	106	L
92	107	-1
92	108	Lp
92	109	U
92	110	Lp
92	111	-1
92	112	U
92	113	L
92	114	L
92	115	L
92	116	L
92	117	-1
92	118	L
92	119	-1
93	0	Lp
93	1	L
93	2	-1
93	3	U
93	4	U
93	5	L
93	6	U
93	7	-1
93	8	L
93	9	L
93	10	Lp
93	11	-1
93	12	-1
93	13	-1
93	14	Lp
93	15	Lp
93	16	-1
93	17	U
93	18	-1
93	19	U
93	20	U
93	21	U
93	22	L
93	23	-1
93	24	L
93	25	-1
93	26	L
93	27	L
93	28	-1
93	29	-1
93	30	Lp
93	31	-1
93	32	-1
93	33	Lp
93	34	Lp
93	35	Lp
93	36	Lp
93	37	Lp
93	38	Lp
93	39	Lp
93	40	Lp
93	41	Lp
93	42	-1
93	43	L
93	44	L
93	45	L
93	46	L
93	47	L
93	48	-1
93	49	L
93	50	L
93	51	L
93	52	-1
93	53	L
93	54	-1
93	55	L
93	56	L
93	57	Lp
93	58	-1
93	59	Lp
93	60	Lp
93	61	L
93	62	L
93	63	L
93	64	-1
93	65	-1
93	66	L
93	67	L
93	68	L
93	69	L
93	70	L
93	71	L
93	72	L
93	73	L
93	74	L
93	75	L
93	76	L
93	77	L
93	78	L
93	79	Lp
93	80	Lp
93	81	Lp
93	82	-1
93	83	Lp
93	84	Lp
93	85	-1
93	86	-1
93	87	-1
93	88	-1
93	89	L
93	90	L
93	91	-1
93	92	Lp
93	93	Lp
93	94	-1
93	95	L
93	96	L
93	97	L
93	98	-1
93	99	L
93	100	L
93	101	L
93	102	-1
93	103	-1
93	104	-1
93	105	L
93	106	L
93	107	L
93	108	Lp
93	109	Lp
93	110	U
93	111	-1
93	112	Lp
93	113	Lp
93	114	-1
93	115	-1
93	116	L
93	117	L
93	118	Lp
93	119	-1
94	0	Lp
94	1	Lp
94	2	-1
94	3	L
94	4	U
94	5	U
94	6	L
94	7	U
94	8	L
94	9	L
94	10	-1
94	11	-1
94	12	L
94	13	Lp
94	14	Lp
94	15	L
94	16	U
94	17	Lp
94	18	L
94	19	U
94	20	U
94	21	L
94	22	U
94	23	L
94	24	-1
94	25	L
94	26	L
94	27	L
94	28	L
94	29	Lp
94	30	L
94	31	-1
94	32	Lp
94	33	Lp
94	34	Lp
94	35	Lp
94	36	-1
94	37	Lp
94	38	Lp
94	39	-1
94	40	Lp
94	41	Lp
94	42	Lp
94	43	Lp
94	44	-1
94	45	L
94	46	L
94	47	-1
94	48	-1
94	49	-1
94	50	L
94	51	-1
94	52	-1
94	53	L
94	54	Lp
94	55	-1
94	56	Lp
94	57	-1
94	58	-1
94	59	L
94	60	L
94	61	-1
94	62	L
94	63	-1
94	64	L
94	65	Lp
94	66	Lp
94	67	L
94	68	L
94	69	L
94	70	L
94	71	L
94	72	L
94	73	-1
94	74	L
94	75	L
94	76	Lp
94	77	Lp
94	78	Lp
94	79	Lp
94	80	Lp
94	81	Lp
94	82	Lp
94	83	Lp
94	84	Lp
94	85	L
94	86	-1
94	87	-1
94	88	L
94	89	L
94	90	Lp
94	91	L
94	92	-1
94	93	-1
94	94	L
94	95	L
94	96	L
94	97	L
94	98	L
94	99	-1
94	100	L
94	101	-1
94	102	-1
94	103	L
94	104	-1
94	105	-1
94	106	L
94	107	-1
94	108	L
94	109	Lp
94	110	U
94	111	U
94	112	Lp
94	113	-1
94	114	Lp
94	115	Lp
94	116	Lp
94	117	L
94	118	-1
94	119	Lp
95	0	L
95	1	-1
95	2	U
95	3	-1
95	4	-1
95	5	L
95	6	U
95	7	-1
95	8	U
95	9	Lp
95	10	U
95	11	-1
95	12	-1
95	13	Lp
95	14	L
95	15	L
95	16	Lp
95	17	-1
95	18	U
95	19	L
95	20	L
95	21	L
95	22	L
95	23	L
95	24	L
95	25	L
95	26	-1
95	27	L
95	28	L
95	29	-1
95	30	L
95	31	L
95	32	L
95	33	Lp
95	34	Lp
95	35	-1
95	36	-1
95	37	Lp
95	38	Lp
95	39	Lp
95	40	Lp
95	41	Lp
95	42	Lp
95	43	Lp
95	44	Lp
95	45	-1
95	46	-1
95	47	L
95	48	L
95	49	-1
95	50	L
95	51	L
95	52	-1
95	53	-1
95	54	L
95	55	-1
95	56	Lp
95	57	L
95	58	L
95	59	L
95	60	L
95	61	Lp
95	62	-1
95	63	L
95	64	-1
95	65	L
95	66	-1
95	67	-1
95	68	L
95	69	L
95	70	Lp
95	71	Lp
95	72	-1
95	73	L
95	74	-1
95	75	Lp
95	76	Lp
95	77	Lp
95	78	-1
95	79	Lp
95	80	-1
95	81	Lp
95	82	-1
95	83	Lp
95	84	Lp
95	85	Lp
95	86	L
95	87	L
95	88	L
95	89	Lp
95	90	Lp
95	91	-1
95	92	-1
95	93	-1
95	94	L
95	95	L
95	96	-1
95	97	-1
95	98	-1
95	99	L
95	100	L
95	101	L
95	102	L
95	103	L
95	104	L
95	105	-1
95	106	L
95	107	-1
95	108	-1
95	109	L
95	110	Lp
95	111	-1
95	112	Lp
95	113	Lp
95	114	Lp
95	115	Lp
95	116	Lp
95	117	-1
95	118	L
95	119	L
96	0	L
96	1	U
96	2	-1
96	3	-1
96	4	-1
96	5	-1
96	6	L
96	7	L
96	8	Lp
96	9	U
96	10	U
96	11	-1
96	12	L
96	13	L
96	14	L
96	15	-1
96	16	-1
96	17	Lp
96	18	-1
96	19	L
96	20	L
96	21	L
96	22	L
96	23	L
96	24	-1
96	25	-1
96	26	Lp
96	27	L
96	28	Lp
96	29	L
96	30	L
96	31	-1
96	32	Lp
96	33	Lp
96	34	-1
96	35	Lp
96	36	Lp
96	37	Lp
96	38	Lp
96	39	Lp
96	40	Lp
96	41	L
96	42	Lp
96	43	-1
96	44	L
96	45	-1
96	46	L
96	47	L
96	48	L
96	49	L
96	50	L
96	51	-1
96	52	L
96	53	L
96	54	-1
96	55	L
96	56	-1
96	57	-1
96	58	L
96	59	L
96	60	L
96	61	-1
96	62	Lp
96	63	Lp
96	64	-1
96	65	L
96	66	Lp
96	67	L
96	68	L
96	69	-1
96	70	-1
96	71	U
96	72	U
96	73	Lp
96	74	U
96	75	Lp
96	76	-1
96	77	Lp
96	78	Lp
96	79	-1
96	80	Lp
96	81	Lp
96	82	Lp
96	83	Lp
96	84	Lp
96	85	-1
96	86	Lp
96	87	L
96	88	L
96	89	L
96	90	Lp
96	91	-1
96	92	-1
96	93	L
96	94	Lp
96	95	L
96	96	L
96	97	-1
96	98	-1
96	99	-1
96	100	L
96	101	L
96	102	-1
96	103	Lp
96	104	L
96	105	-1
96	106	-1
96	107	L
96	108	L
96	109	L
96	110	U
96	111	U
96	112	-1
96	113	-1
96	114	Lp
96	115	Lp
96	116	L
96	117	L
96	118	-1
96	119	L
97	0	L
97	1	-1
97	2	U
97	3	U
97	4	U
97	5	U
97	6	Lp
97	7	Lp
97	8	Lp
97	9	Lp
97	10	Lp
97	11	Lp
97	12	L
97	13	-1
97	14	Lp
97	15	Lp
97	16	L
97	17	L
97	18	-1
97	19	L
97	20	-1
97	21	L
97	22	Lp
97	23	L
97	24	L
97	25	L
97	26	-1
97	27	Lp
97	28	-1
97	29	L
97	30	Lp
97	31	-1
97	32	Lp
97	33	-1
97	34	Lp
97	35	-1
97	36	Lp
97	37	Lp
97	38	Lp
97	39	Lp
97	40	Lp
97	41	-1
97	42	Lp
97	43	L
97	44	L
97	45	-1
97	46	-1
97	47	-1
97	48	L
97	49	-1
97	50	L
97	51	L
97	52	L
97	53	L
97	54	L
97	55	Lp
97	56	L
97	57	-1
97	58	L
97	59	L
97	60	Lp
97	61	Lp
97	62	-1
97	63	-1
97	64	-1
97	65	U
97	66	-1
97	67	-1
97	68	L
97	69	-1
97	70	L
97	71	U
97	72	U
97	73	U
97	74	U
97	75	U
97	76	Lp
97	77	U
97	78	-1
97	79	Lp
97	80	Lp
97	81	-1
97	82	Lp
97	83	Lp
97	84	-1
97	85	Lp
97	86	L
97	87	L
97	88	L
97	89	L
97	90	L
97	91	-1
97	92	-1
97	93	-1
97	94	-1
97	95	Lp
97	96	Lp
97	97	L
97	98	-1
97	99	L
97	100	-1
97	101	-1
97	102	L
97	103	Lp
97	104	Lp
97	105	L
97	106	Lp
97	107	Lp
97	108	L
97	109	L
97	110	-1
97	111	Lp
97	112	L
97	113	L
97	114	-1
97	115	U
97	116	U
97	117	-1
97	118	L
97	119	L
98	0	Lp
98	1	-1
98	2	-1
98	3	Lp
98	4	-1
98	5	U
98	6	Lp
98	7	Lp
98	8	Lp
98	9	Lp
98	10	L
98	11	Lp
98	12	Lp
98	13	-1
98	14	Lp
98	15	L
98	16	-1
98	17	Lp
98	18	-1
98	19	-1
98	20	-1
98	21	Lp
98	22	L
98	23	Lp
98	24	L
98	25	L
98	26	L
98	27	Lp
98	28	-1
98	29	Lp
98	30	Lp
98	31	Lp
98	32	-1
98	33	Lp
98	34	Lp
98	35	Lp
98	36	Lp
98	37	Lp
98	38	Lp
98	39	Lp
98	40	L
98	41	L
98	42	Lp
98	43	-1
98	44	L
98	45	L
98	46	-1
98	47	-1
98	48	L
98	49	-1
98	50	L
98	51	L
98	52	L
98	53	L
98	54	L
98	55	L
98	56	Lp
98	57	Lp
98	58	Lp
98	59	-1
98	60	-1
98	61	Lp
98	62	Lp
98	63	Lp
98	64	U
98	65	U
98	66	U
98	67	L
98	68	L
98	69	L
98	70	U
98	71	U
98	72	U
98	73	U
98	74	U
98	75	U
98	76	U
98	77	-1
98	78	-1
98	79	Lp
98	80	Lp
98	81	Lp
98	82	Lp
98	83	Lp
98	84	L
98	85	L
98	86	-1
98	87	Lp
98	88	L
98	89	L
98	90	L
98	91	-1
98	92	L
98	93	-1
98	94	L
98	95	-1
98	96	Lp
98	97	-1
98	98	-1
98	99	Lp
98	100	Lp
98	101	Lp
98	102	L
98	103	L
98	104	Lp
98	105	L
98	106	Lp
98	107	L
98	108	Lp
98	109	-1
98	110	-1
98	111	L
98	112	L
98	113	L
98	114	U
98	115	Lp
98	116	L
98	117	-1
98	118	L
98	119	L
99	0	L
99	1	Lp
99	2	-1
99	3	Lp
99	4	Lp
99	5	-1
99	6	-1
99	7	-1
99	8	-1
99	9	Lp
99	10	Lp
99	11	Lp
99	12	-1
99	13	-1
99	14	Lp
99	15	Lp
99	16	-1
99	17	Lp
99	18	Lp
99	19	L
99	20	-1
99	21	-1
99	22	-1
99	23	Lp
99	24	-1
99	25	L
99	26	L
99	27	L
99	28	Lp
99	29	Lp
99	30	Lp
99	31	Lp
99	32	L
99	33	L
99	34	Lp
99	35	Lp
99	36	Lp
99	37	Lp
99	38	-1
99	39	Lp
99	40	L
99	41	L
99	42	Lp
99	43	-1
99	44	-1
99	45	L
99	46	L
99	47	L
99	48	L
99	49	L
99	50	L
99	51	L
99	52	-1
99	53	L
99	54	L
99	55	L
99	56	L
99	57	Lp
99	58	-1
99	59	Lp
99	60	Lp
99	61	Lp
99	62	Lp
99	63	-1
99	64	Lp
99	65	U
99	66	Lp
99	67	Lp
99	68	L
99	69	U
99	70	-1
99	71	Lp
99	72	U
99	73	-1
99	74	-1
99	75	-1
99	76	-1
99	77	-1
99	78	-1
99	79	Lp
99	80	-1
99	81	Lp
99	82	-1
99	83	-1
99	84	L
99	85	Lp
99	86	-1
99	87	Lp
99	88	Lp
99	89	Lp
99	90	Lp
99	91	L
99	92	-1
99	93	Lp
99	94	-1
99	95	Lp
99	96	Lp
99	97	-1
99	98	-1
99	99	Lp
99	100	Lp
99	101	Lp
99	102	Lp
99	103	Lp
99	104	L
99	105	L
99	106	-1
99	107	Lp
99	108	-1
99	109	Lp
99	110	L
99	111	L
99	112	-1
99	113	-1
99	114	-1
99	115	L
99	116	L
99	117	L
99	118	L
99	119	-1
100	0	L
100	1	-1
100	2	-1
100	3	-1
100	4	Lp
100	5	-1
100	6	-1
100	7	Lp
100	8	Lp
100	9	Lp
100	10	Lp
100	11	-1
100	12	-1
100	13	L
100	14	-1
100	15	Lp
100	16	-1
100	17	Lp
100	18	Lp
100	19	-1
100	20	Lp
100	21	Lp
100	22	Lp
100	23	-1
100	24	-1
100	25	-1
100	26	-1
100	27	L
100	28	Lp
100	29	Lp
100	30	-1
100	31	L
100	32	L
100	33	L
100	34	Lp
100	35	L
100	36	Lp
100	37	Lp
100	38	Lp
100	39	Lp
100	40	Lp
100	41	L
100	42	-1
100	43	-1
100	44	L
100	45	L
100	46	L
100	47	L
100	48	L
100	49	L
100	50	L
100	51	L
100	52	-1
100	53	-1
100	54	-1
100	55	L
100	56	-1
100	57	U
100	58	L
100	59	L
100	60	Lp
100	61	Lp
100	62	Lp
100	63	U
100	64	U
100	65	U
100	66	Lp
100	67	U
100	68	U
100	69	-1
100	70	Lp
100	71	-1
100	72	-1
100	73	U
100	74	Lp
100	75	-1
100	76	-1
100	77	-1
100	78	Lp
100	79	Lp
100	80	Lp
100	81	-1
100	82	-1
100	83	-1
100	84	L
100	85	L
100	86	L
100	87	L
100	88	Lp
100	89	Lp
100	90	Lp
100	91	Lp
100	92	-1
100	93	Lp
100	94	Lp
100	95	L
100	96	-1
100	97	Lp
100	98	L
100	99	L
100	100	Lp
100	101	Lp
100	102	Lp
100	103	U
100	104	-1
100	105	U
100	106	Lp
100	107	-1
100	108	L
100	109	-1
100	110	L
100	111	L
100	112	L
100	113	L
100	114	-1
100	115	-1
100	116	L
100	117	L
100	118	L
100	119	Lp
101	0	-1
101	1	Lp
101	2	Lp
101	3	Lp
101	4	Lp
101	5	Lp
101	6	-1
101	7	-1
101	8	Lp
101	9	L
101	10	Lp
101	11	-1
101	12	L
101	13	-1
101	14	Lp
101	15	Lp
101	16	-1
101	17	Lp
101	18	-1
101	19	Lp
101	20	-1
101	21	-1
101	22	L
101	23	L
101	24	-1
101	25	-1
101	26	L
101	27	L
101	28	L
101	29	-1
101	30	L
101	31	-1
101	32	-1
101	33	-1
101	34	-1
101	35	-1
101	36	Lp
101	37	Lp
101	38	Lp
101	39	L
101	40	L
101	41	L
101	42	L
101	43	-1
101	44	L
101	45	L
101	46	L
101	47	L
101	48	L
101	49	L
101	50	-1
101	51	-1
101	52	L
101	53	L
101	54	L
101	55	U
101	56	U
101	57	U
101	58	L
101	59	-1
101	60	Lp
101	61	Lp
101	62	Lp
101	63	-1
101	64	U
101	65	U
101	66	U
101	67	L
101	68	Lp
101	69	Lp
101	70	Lp
101	71	Lp
101	72	U
101	73	-1
101	74	-1
101	75	Lp
101	76	-1
101	77	-1
101	78	-1
101	79	Lp
101	80	Lp
101	81	Lp
101	82	Lp
101	83	-1
101	84	-1
101	85	L
101	86	Lp
101	87	L
101	88	L
101	89	Lp
101	90	Lp
101	91	Lp
101	92	Lp
101	93	Lp
101	94	Lp
101	95	L
101	96	-1
101	97	L
101	98	L
101	99	L
101	100	Lp
101	101	Lp
101	102	L
101	103	L
101	104	U
101	105	L
101	106	-1
101	107	-1
101	108	L
101	109	L
101	110	-1
101	111	-1
101	112	L
101	113	L
101	114	L
101	115	L
101	116	L
101	117	-1
101	118	L
101	119	-1
102	0	-1
102	1	Lp
102	2	Lp
102	3	Lp
102	4	Lp
102	5	-1
102	6	-1
102	7	Lp
102	8	L
102	9	L
102	10	-1
102	11	L
102	12	L
102	13	L
102	14	-1
102	15	Lp
102	16	Lp
102	17	-1
102	18	-1
102	19	Lp
102	20	Lp
102	21	-1
102	22	-1
102	23	-1
102	24	-1
102	25	-1
102	26	Lp
102	27	L
102	28	Lp
102	29	Lp
102	30	-1
102	31	-1
102	32	-1
102	33	L
102	34	Lp
102	35	Lp
102	36	Lp
102	37	Lp
102	38	Lp
102	39	L
102	40	-1
102	41	-1
102	42	-1
102	43	L
102	44	L
102	45	L
102	46	L
102	47	L
102	48	L
102	49	L
102	50	-1
102	51	L
102	52	L
102	53	-1
102	54	U
102	55	L
102	56	Lp
102	57	Lp
102	58	L
102	59	Lp
102	60	-1
102	61	-1
102	62	-1
102	63	-1
102	64	-1
102	65	U
102	66	U
102	67	-1
102	68	L
102	69	Lp
102	70	-1
102	71	-1
102	72	U
102	73	Lp
102	74	-1
102	75	L
102	76	-1
102	77	Lp
102	78	Lp
102	79	-1
102	80	-1
102	81	Lp
102	82	-1
102	83	L
102	84	L
102	85	L
102	86	L
102	87	L
102	88	Lp
102	89	Lp
102	90	Lp
102	91	Lp
102	92	Lp
102	93	Lp
102	94	-1
102	95	Lp
102	96	-1
102	97	-1
102	98	L
102	99	L
102	100	L
102	101	Lp
102	102	U
102	103	L
102	104	-1
102	105	L
102	106	L
102	107	Lp
102	108	-1
102	109	-1
102	110	L
102	111	-1
102	112	-1
102	113	L
102	114	L
102	115	L
102	116	L
102	117	L
102	118	L
102	119	Lp
103	0	Lp
103	1	Lp
103	2	Lp
103	3	-1
103	4	-1
103	5	Lp
103	6	Lp
103	7	-1
103	8	L
103	9	L
103	10	-1
103	11	L
103	12	-1
103	13	L
103	14	Lp
103	15	Lp
103	16	Lp
103	17	Lp
103	18	Lp
103	19	Lp
103	20	Lp
103	21	-1
103	22	Lp
103	23	-1
103	24	Lp
103	25	Lp
103	26	-1
103	27	-1
103	28	L
103	29	Lp
103	30	Lp
103	31	Lp
103	32	L
103	33	-1
103	34	-1
103	35	L
103	36	-1
103	37	-1
103	38	-1
103	39	L
103	40	L
103	41	-1
103	42	-1
103	43	L
103	44	L
103	45	L
103	46	L
103	47	L
103	48	L
103	49	L
103	50	-1
103	51	-1
103	52	L
103	53	L
103	54	Lp
103	55	Lp
103	56	Lp
103	57	-1
103	58	Lp
103	59	-1
103	60	Lp
103	61	U
103	62	U
103	63	U
103	64	U
103	65	U
103	66	Lp
103	67	Lp
103	68	L
103	69	Lp
103	70	L
103	71	Lp
103	72	-1
103	73	-1
103	74	L
103	75	L
103	76	L
103	77	-1
103	78	L
103	79	Lp
103	80	-1
103	81	Lp
103	82	-1
103	83	-1
103	84	L
103	85	L
103	86	L
103	87	L
103	88	L
103	89	Lp
103	90	Lp
103	91	Lp
103	92	-1
103	93	-1
103	94	Lp
103	95	L
103	96	L
103	97	U
103	98	-1
103	99	U
103	100	U
103	101	U
103	102	L
103	103	U
103	104	L
103	105	L
103	106	L
103	107	-1
103	108	L
103	109	L
103	110	L
103	111	L
103	112	L
103	113	L
103	114	Lp
103	115	-1
103	116	L
103	117	L
103	118	-1
103	119	Lp
104	0	Lp
104	1	-1
104	2	Lp
104	3	Lp
104	4	Lp
104	5	-1
104	6	-1
104	7	L
104	8	L
104	9	L
104	10	L
104	11	-1
104	12	L
104	13	L
104	14	Lp
104	15	-1
104	16	Lp
104	17	Lp
104	18	Lp
104	19	-1
104	20	Lp
104	21	-1
104	22	-1
104	23	-1
104	24	Lp
104	25	Lp
104	26	Lp
104	27	Lp
104	28	Lp
104	29	L
104	30	Lp
104	31	L
104	32	L
104	33	-1
104	34	L
104	35	L
104	36	-1
104	37	-1
104	38	L
104	39	-1
104	40	L
104	41	U
104	42	U
104	43	L
104	44	-1
104	45	L
104	46	L
104	47	-1
104	48	-1
104	49	L
104	50	L
104	51	Lp
104	52	-1
104	53	Lp
104	54	Lp
104	55	Lp
104	56	Lp
104	57	L
104	58	Lp
104	59	Lp
104	60	Lp
104	61	-1
104	62	Lp
104	63	-1
104	64	-1
104	65	Lp
104	66	Lp
104	67	Lp
104	68	L
104	69	L
104	70	L
104	71	Lp
104	72	-1
104	73	L
104	74	-1
104	75	L
104	76	L
104	77	L
104	78	Lp
104	79	L
104	80	-1
104	81	-1
104	82	L
104	83	L
104	84	L
104	85	L
104	86	-1
104	87	L
104	88	Lp
104	89	Lp
104	90	L
104	91	-1
104	92	-1
104	93	-1
104	94	-1
104	95	L
104	96	L
104	97	-1
104	98	L
104	99	L
104	100	-1
104	101	U
104	102	Lp
104	103	Lp
104	104	L
104	105	Lp
104	106	L
104	107	-1
104	108	-1
104	109	L
104	110	L
104	111	L
104	112	L
104	113	-1
104	114	L
104	115	Lp
104	116	U
104	117	-1
104	118	-1
104	119	-1
105	0	Lp
105	1	Lp
105	2	Lp
105	3	-1
105	4	Lp
105	5	L
105	6	L
105	7	L
105	8	L
105	9	L
105	10	-1
105	11	L
105	12	L
105	13	-1
105	14	Lp
105	15	L
105	16	-1
105	17	L
105	18	-1
105	19	Lp
105	20	-1
105	21	Lp
105	22	-1
105	23	-1
105	24	Lp
105	25	-1
105	26	Lp
105	27	-1
105	28	-1
105	29	Lp
105	30	L
105	31	L
105	32	Lp
105	33	Lp
105	34	L
105	35	L
105	36	L
105	37	-1
105	38	L
105	39	-1
105	40	U
105	41	U
105	42	-1
105	43	L
105	44	L
105	45	L
105	46	L
105	47	-1
105	48	L
105	49	L
105	50	L
105	51	-1
105	52	Lp
105	53	-1
105	54	-1
105	55	Lp
105	56	Lp
105	57	Lp
105	58	Lp
105	59	Lp
105	60	Lp
105	61	Lp
105	62	L
105	63	Lp
105	64	Lp
105	65	-1
105	66	Lp
105	67	Lp
105	68	-1
105	69	L
105	70	L
105	71	Lp
105	72	-1
105	73	L
105	74	L
105	75	L
105	76	L
105	77	L
105	78	L
105	79	-1
105	80	-1
105	81	L
105	82	L
105	83	-1
105	84	L
105	85	L
105	86	L
105	87	L
105	88	Lp
105	89	L
105	90	-1
105	91	Lp
105	92	Lp
105	93	Lp
105	94	L
105	95	L
105	96	L
105	97	L
105	98	L
105	99	L
105	100	-1
105	101	L
105	102	L
105	103	Lp
105	104	-1
105	105	-1
105	106	L
105	107	L
105	108	L
105	109	-1
105	110	L
105	111	-1
105	112	-1
105	113	-1
105	114	-1
105	115	L
105	116	L
105	117	L
105	118	-1
105	119	L
106	0	L
106	1	Lp
106	2	Lp
106	3	-1
106	4	Lp
106	5	U
106	6	Lp
106	7	L
106	8	-1
106	9	L
106	10	L
106	11	L
106	12	L
106	13	L
106	14	L
106	15	-1
106	16	L
106	17	L
106	18	L
106	19	Lp
106	20	Lp
106	21	Lp
106	22	-1
106	23	Lp
106	24	-1
106	25	-1
106	26	Lp
106	27	-1
106	28	Lp
106	29	L
106	30	L
106	31	L
106	32	-1
106	33	-1
106	34	-1
106	35	L
106	36	L
106	37	L
106	38	-1
106	39	-1
106	40	L
106	41	L
106	42	L
106	43	-1
106	44	-1
106	45	L
106	46	L
106	47	L
106	48	L
106	49	-1
106	50	L
106	51	L
106	52	Lp
106	53	Lp
106	54	Lp
106	55	Lp
106	56	-1
106	57	-1
106	58	Lp
106	59	Lp
106	60	Lp
106	61	-1
106	62	L
106	63	Lp
106	64	Lp
106	65	Lp
106	66	-1
106	67	-1
106	68	Lp
106	69	L
106	70	L
106	71	L
106	72	Lp
106	73	L
106	74	L
106	75	L
106	76	-1
106	77	-1
106	78	-1
106	79	L
106	80	L
106	81	-1
106	82	-1
106	83	L
106	84	L
106	85	L
106	86	-1
106	87	Lp
106	88	-1
106	89	-1
106	90	Lp
106	91	L
106	92	-1
106	93	L
106	94	L
106	95	-1
106	96	-1
106	97	-1
106	98	L
106	99	L
106	100	-1
106	101	-1
106	102	-1
106	103	Lp
106	104	-1
106	105	-1
106	106	L
106	107	L
106	108	L
106	109	-1
106	110	-1
106	111	-1
106	112	-1
106	113	L
106	114	-1
106	115	L
106	116	L
106	117	-1
106	118	L
106	119	L
107	0	Lp
107	1	Lp
107	2	Lp
107	3	Lp
107	4	U
107	5	U
107	6	L
107	7	L
107	8	L
107	9	L
107	10	L
107	11	L
107	12	L
107	13	L
107	14	L
107	15	L
107	16	L
107	17	-1
107	18	L
107	19	L
107	20	Lp
107	21	Lp
107	22	Lp
107	23	-1
107	24	Lp
107	25	L
107	26	Lp
107	27	Lp
107	28	L
107	29	L
107	30	L
107	31	L
107	32	L
107	33	L
107	34	L
107	35	-1
107	36	L
107	37	-1
107	38	L
107	39	L
107	40	L
107	41	L
107	42	L
107	43	-1
107	44	-1
107	45	L
107	46	L
107	47	L
107	48	L
107	49	Lp
107	50	L
107	51	Lp
107	52	Lp
107	53	Lp
107	54	Lp
107	55	L
107	56	L
107	57	L
107	58	-1
107	59	-1
107	60	Lp
107	61	Lp
107	62	L
107	63	Lp
107	64	Lp
107	65	-1
107	66	Lp
107	67	Lp
107	68	-1
107	69	L
107	70	L
107	71	L
107	72	L
107	73	-1
107	74	L
107	75	L
107	76	L
107	77	L
107	78	L
107	79	L
107	80	-1
107	81	L
107	82	L
107	83	L
107	84	-1
107	85	L
107	86	L
107	87	L
107	88	Lp
107	89	L
107	90	L
107	91	L
107	92	L
107	93	-1
107	94	L
107	95	-1
107	96	-1
107	97	L
107	98	L
107	99	L
107	100	Lp
107	101	L
107	102	L
107	103	-1
107	104	L
107	105	L
107	106	L
107	107	L
107	108	L
107	109	L
107	110	L
107	111	L
107	112	L
107	113	-1
107	114	L
107	115	L
107	116	L
107	117	-1
107	118	L
107	119	-1
108	0	Lp
108	1	-1
108	2	-1
108	3	-1
108	4	-1
108	5	-1
108	6	L
108	7	-1
108	8	-1
108	9	L
108	10	L
108	11	L
108	12	L
108	13	-1
108	14	L
108	15	L
108	16	L
108	17	L
108	18	L
108	19	Lp
108	20	L
108	21	Lp
108	22	-1
108	23	Lp
108	24	-1
108	25	L
108	26	L
108	27	Lp
108	28	Lp
108	29	L
108	30	-1
108	31	L
108	32	L
108	33	-1
108	34	-1
108	35	L
108	36	L
108	37	-1
108	38	L
108	39	L
108	40	L
108	41	L
108	42	L
108	43	L
108	44	L
108	45	L
108	46	L
108	47	-1
108	48	-1
108	49	-1
108	50	Lp
108	51	Lp
108	52	-1
108	53	-1
108	54	L
108	55	-1
108	56	L
108	57	L
108	58	-1
108	59	Lp
108	60	-1
108	61	-1
108	62	-1
108	63	L
108	64	-1
108	65	L
108	66	-1
108	67	-1
108	68	Lp
108	69	L
108	70	Lp
108	71	-1
108	72	-1
108	73	L
108	74	-1
108	75	L
108	76	-1
108	77	L
108	78	-1
108	79	L
108	80	L
108	81	L
108	82	L
108	83	L
108	84	-1
108	85	L
108	86	-1
108	87	-1
108	88	-1
108	89	L
108	90	L
108	91	L
108	92	L
108	93	-1
108	94	L
108	95	L
108	96	L
108	97	L
108	98	L
108	99	L
108	100	L
108	101	L
108	102	-1
108	103	Lp
108	104	Lp
108	105	L
108	106	L
108	107	L
108	108	L
108	109	L
108	110	L
108	111	L
108	112	-1
108	113	L
108	114	-1
108	115	L
108	116	Lp
108	117	-1
108	118	L
108	119	L
109	0	L
109	1	L
109	2	-1
109	3	-1
109	4	Lp
109	5	L
109	6	L
109	7	L
109	8	-1
109	9	-1
109	10	L
109	11	L
109	12	-1
109	13	-1
109	14	-1
109	15	-1
109	16	L
109	17	Lp
109	18	Lp
109	19	-1
109	20	-1
109	21	Lp
109	22	-1
109	23	-1
109	24	-1
109	25	L
109	26	Lp
109	27	-1
109	28	-1
109	29	L
109	30	L
109	31	L
109	32	L
109	33	L
109	34	-1
109	35	L
109	36	-1
109	37	L
109	38	L
109	39	-1
109	40	L
109	41	L
109	42	-1
109	43	-1
109	44	-1
109	45	L
109	46	-1
109	47	-1
109	48	-1
109	49	-1
109	50	Lp
109	51	L
109	52	Lp
109	53	Lp
109	54	L
109	55	L
109	56	L
109	57	L
109	58	L
109	59	Lp
109	60	L
109	61	L
109	62	-1
109	63	Lp
109	64	L
109	65	Lp
109	66	-1
109	67	-1
109	68	Lp
109	69	-1
109	70	L
109	71	-1
109	72	L
109	73	L
109	74	L
109	75	-1
109	76	L
109	77	L
109	78	L
109	79	L
109	80	L
109	81	L
109	82	L
109	83	L
109	84	L
109	85	-1
109	86	L
109	87	L
109	88	L
109	89	L
109	90	L
109	91	L
109	92	-1
109	93	-1
109	94	L
109	95	L
109	96	L
109	97	L
109	98	L
109	99	L
109	100	-1
109	101	L
109	102	L
109	103	L
109	104	-1
109	105	L
109	106	L
109	107	L
109	108	L
109	109	L
109	110	L
109	111	L
109	112	-1
109	113	-1
109	114	Lp
109	115	Lp
109	116	L
109	117	L
109	118	Lp
109	119	Lp
110	0	L
110	1	L
110	2	L
110	3	-1
110	4	L
110	5	L
110	6	L
110	7	L
110	8	L
110	9	L
110	10	-1
110	11	-1
110	12	-1
110	13	L
110	14	L
110	15	L
110	16	L
110	17	Lp
110	18	-1
110	19	L
110	20	-1
110	21	Lp
110	22	L
110	23	-1
110	24	-1
110	25	Lp
110	26	-1
110	27	Lp
110	28	L
110	29	L
110	30	L
110	31	L
110	32	-1
110	33	L
110	34	-1
110	35	L
110	36	L
110	37	L
110	38	L
110	39	-1
110	40	L
110	41	L
110	42	-1
110	43	L
110	44	L
110	45	-1
110	46	-1
110	47	L
110	48	-1
110	49	-1
110	50	L
110	51	Lp
110	52	Lp
110	53	-1
110	54	L
110	55	L
110	56	-1
110	57	L
110	58	-1
110	59	L
110	60	-1
110	61	-1
110	62	Lp
110	63	L
110	64	L
110	65	-1
110	66	L
110	67	-1
110	68	L
110	69	-1
110	70	Lp
110	71	L
110	72	-1
110	73	L
110	74	L
110	75	L
110	76	L
110	77	-1
110	78	L
110	79	L
110	80	-1
110	81	L
110	82	L
110	83	-1
110	84	L
110	85	-1
110	86	L
110	87	L
110	88	L
110	89	-1
110	90	L
110	91	L
110	92	-1
110	93	-1
110	94	L
110	95	L
110	96	L
110	97	L
110	98	L
110	99	-1
110	100	L
110	101	L
110	102	L
110	103	L
110	104	-1
110	105	L
110	106	L
110	107	-1
110	108	L
110	109	-1
110	110	L
110	111	L
110	112	L
110	113	L
110	114	L
110	115	L
110	116	-1
110	117	L
110	118	L
110	119	L
111	0	L
111	1	-1
111	2	-1
111	3	Lp
111	4	-1
111	5	L
111	6	-1
111	7	L
111	8	L
111	9	L
111	10	-1
111	11	L
111	12	-1
111	13	L
111	14	L
111	15	L
111	16	-1
111	17	-1
111	18	Lp
111	19	Lp
111	20	L
111	21	Lp
111	22	-1
111	23	L
111	24	L
111	25	-1
111	26	-1
111	27	L
111	28	-1
111	29	-1
111	30	L
111	31	L
111	32	L
111	33	L
111	34	L
111	35	L
111	36	L
111	37	-1
111	38	-1
111	39	L
111	40	L
111	41	L
111	42	L
111	43	-1
111	44	L
111	45	L
111	46	L
111	47	L
111	48	-1
111	49	-1
111	50	L
111	51	L
111	52	L
111	53	-1
111	54	Lp
111	55	-1
111	56	L
111	57	L
111	58	L
111	59	L
111	60	Lp
111	61	Lp
111	62	L
111	63	L
111	64	-1
111	65	L
111	66	-1
111	67	L
111	68	L
111	69	-1
111	70	L
111	71	L
111	72	L
111	73	L
111	74	L
111	75	-1
111	76	L
111	77	-1
111	78	L
111	79	L
111	80	L
111	81	L
111	82	-1
111	83	L
111	84	L
111	85	L
111	86	U
111	87	-1
111	88	L
111	89	-1
111	90	L
111	91	L
111	92	L
111	93	L
111	94	L
111	95	L
111	96	L
111	97	-1
111	98	L
111	99	L
111	100	L
111	101	L
111	102	L
111	103	Lp
111	104	L
111	105	-1
111	106	L
111	107	L
111	108	Lp
111	109	-1
111	110	-1
111	111	L
111	112	L
111	113	L
111	114	-1
111	115	-1
111	116	L
111	117	-1
111	118	-1
111	119	L
112	0	L
112	1	-1
112	2	Lp
112	3	-1
112	4	Lp
112	5	-1
112	6	-1
112	7	L
112	8	L
112	9	L
112	10	L
112	11	L
112	12	L
112	13	-1
112	14	L
112	15	L
112	16	L
112	17	L
112	18	-1
112	19	Lp
112	20	L
112	21	L
112	22	Lp
112	23	L
112	24	-1
112	25	L
112	26	L
112	27	L
112	28	-1
112	29	L
112	30	L
112	31	L
112	32	-1
112	33	L
112	34	L
112	35	L
112	36	-1
112	37	-1
112	38	-1
112	39	L
112	40	-1
112	41	L
112	42	L
112	43	-1
112	44	-1
112	45	L
112	46	L
112	47	-1
112	48	L
112	49	L
112	50	L
112	51	L
112	52	L
112	53	L
112	54	Lp
112	55	-1
112	56	-1
112	57	L
112	58	L
112	59	Lp
112	60	Lp
112	61	L
112	62	L
112	63	L
112	64	-1
112	65	L
112	66	L
112	67	L
112	68	L
112	69	L
112	70	L
112	71	L
112	72	L
112	73	-1
112	74	L
112	75	L
112	76	L
112	77	-1
112	78	-1
112	79	L
112	80	L
112	81	L
112	82	L
112	83	-1
112	84	L
112	85	L
112	86	-1
112	87	L
112	88	L
112	89	-1
112	90	-1
112	91	L
112	92	-1
112	93	L
112	94	L
112	95	-1
112	96	-1
112	97	L
112	98	-1
112	99	L
112	100	L
112	101	L
112	102	Lp
112	103	-1
112	104	Lp
112	105	L
112	106	L
112	107	L
112	108	Lp
112	109	Lp
112	110	L
112	111	L
112	112	L
112	113	L
112	114	L
112	115	L
112	116	U
112	117	L
112	118	L
112	119	-1
113	0	Lp
113	1	Lp
113	2	L
113	3	U
113	4	-1
113	5	L
113	6	-1
113	7	L
113	8	L
113	9	L
113	10	L
113	11	L
113	12	L
113	13	-1
113	14	Lp
113	15	L
113	16	L
113	17	L
113	18	Lp
113	19	Lp
113	20	L
113	21	-1
113	22	L
113	23	L
113	24	L
113	25	L
113	26	L
113	27	-1
113	28	L
113	29	-1
113	30	-1
113	31	-1
113	32	L
113	33	-1
113	34	L
113	35	-1
113	36	-1
113	37	-1
113	38	U
113	39	U
113	40	L
113	41	L
113	42	L
113	43	-1
113	44	-1
113	45	L
113	46	L
113	47	L
113	48	L
113	49	L
113	50	L
113	51	-1
113	52	-1
113	53	-1
113	54	L
113	55	L
113	56	-1
113	57	-1
113	58	-1
113	59	L
113	60	L
113	61	Lp
113	62	L
113	63	L
113	64	L
113	65	-1
113	66	L
113	67	L
113	68	-1
113	69	L
113	70	L
113	71	L
113	72	L
113	73	-1
113	74	L
113	75	L
113	76	L
113	77	L
113	78	-1
113	79	-1
113	80	L
113	81	L
113	82	L
113	83	L
113	84	L
113	85	L
113	86	L
113	87	L
113	88	-1
113	89	L
113	90	-1
113	91	U
113	92	U
113	93	L
113	94	L
113	95	-1
113	96	-1
113	97	L
113	98	L
113	99	L
113	100	L
113	101	L
113	102	-1
113	103	-1
113	104	-1
113	105	-1
113	106	L
113	107	L
113	108	Lp
113	109	L
113	110	-1
113	111	-1
113	112	L
113	113	-1
113	114	L
113	115	L
113	116	L
113	117	L
113	118	Lp
113	119	L
114	0	L
114	1	L
114	2	-1
114	3	-1
114	4	U
114	5	U
114	6	L
114	7	L
114	8	L
114	9	L
114	10	L
114	11	L
114	12	Lp
114	13	Lp
114	14	Lp
114	15	-1
114	16	Lp
114	17	Lp
114	18	-1
114	19	Lp
114	20	L
114	21	-1
114	22	Lp
114	23	Lp
114	24	-1
114	25	-1
114	26	L
114	27	-1
114	28	L
114	29	-1
114	30	-1
114	31	L
114	32	L
114	33	L
114	34	L
114	35	L
114	36	U
114	37	U
114	38	-1
114	39	U
114	40	-1
114	41	-1
114	42	L
114	43	L
114	44	L
114	45	L
114	46	-1
114	47	-1
114	48	L
114	49	-1
114	50	L
114	51	-1
114	52	-1
114	53	L
114	54	L
114	55	-1
114	56	L
114	57	L
114	58	-1
114	59	-1
114	60	L
114	61	L
114	62	L
114	63	L
114	64	-1
114	65	-1
114	66	L
114	67	L
114	68	L
114	69	L
114	70	L
114	71	L
114	72	L
114	73	L
114	74	-1
114	75	L
114	76	L
114	77	L
114	78	-1
114	79	-1
114	80	L
114	81	L
114	82	L
114	83	L
114	84	L
114	85	-1
114	86	L
114	87	-1
114	88	Lp
114	89	Lp
114	90	-1
114	91	U
114	92	L
114	93	L
114	94	-1
114	95	L
114	96	-1
114	97	L
114	98	L
114	99	L
114	100	L
114	101	L
114	102	-1
114	103	Lp
114	104	-1
114	105	-1
114	106	L
114	107	Lp
114	108	L
114	109	-1
114	110	-1
114	111	L
114	112	L
114	113	L
114	114	L
114	115	L
114	116	L
114	117	-1
114	118	-1
114	119	Lp
115	0	-1
115	1	-1
115	2	L
115	3	-1
115	4	U
115	5	-1
115	6	-1
115	7	L
115	8	L
115	9	L
115	10	-1
115	11	Lp
115	12	Lp
115	13	Lp
115	14	Lp
115	15	Lp
115	16	Lp
115	17	Lp
115	18	U
115	19	-1
115	20	L
115	21	L
115	22	L
115	23	Lp
115	24	Lp
115	25	Lp
115	26	-1
115	27	L
115	28	L
115	29	L
115	30	L
115	31	L
115	32	L
115	33	L
115	34	L
115	35	U
115	36	U
115	37	U
115	38	U
115	39	L
115	40	-1
115	41	-1
115	42	-1
115	43	L
115	44	-1
115	45	L
115	46	L
115	47	L
115	48	-1
115	49	L
115	50	L
115	51	L
115	52	-1
115	53	-1
115	54	L
115	55	L
115	56	L
115	57	L
115	58	L
115	59	-1
115	60	L
115	61	L
115	62	L
115	63	L
115	64	-1
115	65	L
115	66	L
115	67	L
115	68	L
115	69	-1
115	70	L
115	71	-1
115	72	-1
115	73	-1
115	74	L
115	75	L
115	76	L
115	77	-1
115	78	L
115	79	L
115	80	L
115	81	L
115	82	L
115	83	L
115	84	-1
115	85	L
115	86	L
115	87	-1
115	88	-1
115	89	-1
115	90	L
115	91	-1
115	92	L
115	93	L
115	94	L
115	95	L
115	96	L
115	97	L
115	98	-1
115	99	L
115	100	Lp
115	101	Lp
115	102	Lp
115	103	-1
115	104	Lp
115	105	-1
115	106	Lp
115	107	L
115	108	L
115	109	-1
115	110	-1
115	111	L
115	112	Lp
115	113	L
115	114	L
115	115	L
115	116	L
115	117	-1
115	118	L
115	119	L
116	0	L
116	1	-1
116	2	-1
116	3	-1
116	4	U
116	5	-1
116	6	-1
116	7	-1
116	8	-1
116	9	Lp
116	10	Lp
116	11	Lp
116	12	Lp
116	13	Lp
116	14	Lp
116	15	Lp
116	16	-1
116	17	Lp
116	18	U
116	19	-1
116	20	-1
116	21	Lp
116	22	-1
116	23	-1
116	24	L
116	25	L
116	26	-1
116	27	-1
116	28	-1
116	29	L
116	30	L
116	31	L
116	32	L
116	33	-1
116	34	L
116	35	L
116	36	L
116	37	-1
116	38	U
116	39	-1
116	40	-1
116	41	-1
116	42	L
116	43	L
116	44	L
116	45	L
116	46	-1
116	47	-1
116	48	L
116	49	L
116	50	-1
116	51	-1
116	52	L
116	53	L
116	54	-1
116	55	L
116	56	L
116	57	L
116	58	-1
116	59	L
116	60	L
116	61	L
116	62	-1
116	63	L
116	64	L
116	65	L
116	66	L
116	67	L
116	68	L
116	69	L
116	70	L
116	71	L
116	72	L
116	73	L
116	74	L
116	75	-1
116	76	-1
116	77	L
116	78	L
116	79	L
116	80	L
116	81	L
116	82	L
116	83	L
116	84	L
116	85	L
116	86	L
116	87	L
116	88	-1
116	89	L
116	90	L
116	91	L
116	92	L
116	93	-1
116	94	L
116	95	L
116	96	L
116	97	L
116	98	L
116	99	Lp
116	100	-1
116	101	-1
116	102	Lp
116	103	-1
116	104	L
116	105	L
116	106	L
116	107	L
116	108	Lp
116	109	Lp
116	110	Lp
116	111	L
116	112	-1
116	113	L
116	114	L
116	115	L
116	116	-1
116	117	Lp
116	118	L
116	119	-1
117	0	-1
117	1	L
117	2	-1
117	3	-1
117	4	-1
117	5	Lp
117	6	L
117	7	-1
117	8	-1
117	9	L
117	10	Lp
117	11	Lp
117	12	-1
117	13	Lp
117	14	Lp
117	15	Lp
117	16	Lp
117	17	Lp
117	18	U
117	19	-1
117	20	U
117	21	Lp
117	22	Lp
117	23	L
117	24	L
117	25	L
117	26	L
117	27	L
117	28	-1
117	29	Lp
117	30	L
117	31	L
117	32	-1
117	33	L
117	34	L
117	35	L
117	36	L
117	37	-1
117	38	-1
117	39	L
117	40	L
117	41	L
117	42	L
117	43	L
117	44	L
117	45	L
117	46	-1
117	47	-1
117	48	L
117	49	L
117	50	L
117	51	-1
117	52	L
117	53	L
117	54	-1
117	55	-1
117	56	-1
117	57	L
117	58	-1
117	59	-1
117	60	L
117	61	L
117	62	L
117	63	L
117	64	L
117	65	L
117	66	L
117	67	-1
117	68	-1
117	69	L
117	70	-1
117	71	L
117	72	L
117	73	L
117	74	-1
117	75	L
117	76	L
117	77	L
117	78	L
117	79	L
117	80	-1
117	81	L
117	82	L
117	83	L
117	84	L
117	85	L
117	86	L
117	87	L
117	88	-1
117	89	-1
117	90	L
117	91	L
117	92	L
117	93	L
117	94	L
117	95	L
117	96	L
117	97	-1
117	98	L
117	99	-1
117	100	Lp
117	101	Lp
117	102	-1
117	103	L
117	104	-1
117	105	L
117	106	Lp
117	107	L
117	108	Lp
117	109	Lp
117	110	L
117	111	L
117	112	Lp
117	113	Lp
117	114	L
117	115	-1
117	116	L
117	117	Lp
117	118	-1
117	119	L
118	0	-1
118	1	L
118	2	L
118	3	L
118	4	-1
118	5	Lp
118	6	Lp
118	7	Lp
118	8	-1
118	9	-1
118	10	L
118	11	-1
118	12	L
118	13	L
118	14	Lp
118	15	Lp
118	16	Lp
118	17	L
118	18	-1
118	19	-1
118	20	Lp
118	21	Lp
118	22	-1
118	23	Lp
118	24	Lp
118	25	-1
118	26	L
118	27	L
118	28	L
118	29	L
118	30	-1
118	31	L
118	32	L
118	33	L
118	34	-1
118	35	L
118	36	-1
118	37	L
118	38	L
118	39	L
118	40	L
118	41	-1
118	42	L
118	43	L
118	44	L
118	45	L
118	46	L
118	47	L
118	48	L
118	49	L
118	50	-1
118	51	Lp
118	52	Lp
118	53	Lp
118	54	U
118	55	L
118	56	-1
118	57	-1
118	58	L
118	59	L
118	60	L
118	61	L
118	62	L
118	63	L
118	64	Lp
118	65	L
118	66	-1
118	67	L
118	68	L
118	69	-1
118	70	L
118	71	L
118	72	L
118	73	L
118	74	L
118	75	L
118	76	-1
118	77	-1
118	78	L
118	79	L
118	80	L
118	81	L
118	82	L
118	83	L
118	84	L
118	85	-1
118	86	L
118	87	L
118	88	-1
118	89	-1
118	90	L
118	91	L
118	92	-1
118	93	L
118	94	-1
118	95	-1
118	96	-1
118	97	L
118	98	L
118	99	-1
118	100	Lp
118	101	L
118	102	Lp
118	103	L
118	104	L
118	105	L
118	106	-1
118	107	-1
118	108	Lp
118	109	Lp
118	110	L
118	111	L
118	112	-1
118	113	-1
118	114	-1
118	115	L
118	116	Lp
118	117	Lp
118	118	-1
118	119	L
119	0	L
119	1	L
119	2	L
119	3	L
119	4	Lp
119	5	-1
119	6	Lp
119	7	Lp
119	8	L
119	9	-1
119	10	-1
119	11	-1
119	12	L
119	13	L
119	14	-1
119	15	-1
119	16	Lp
119	17	Lp
119	18	L
119	19	Lp
119	20	-1
119	21	Lp
119	22	L
119	23	-1
119	24	Lp
119	25	L
119	26	L
119	27	L
119	28	L
119	29	L
119	30	-1
119	31	L
119	32	L
119	33	L
119	34	L
119	35	L
119	36	L
119	37	-1
119	38	L
119	39	L
119	40	L
119	41	L
119	42	-1
119	43	L
119	44	L
119	45	L
119	46	-1
119	47	L
119	48	L
119	49	L
119	50	-1
119	51	-1
119	52	Lp
119	53	-1
119	54	L
119	55	L
119	56	L
119	57	L
119	58	L
119	59	L
119	60	L
119	61	-1
119	62	-1
119	63	L
119	64	L
119	65	Lp
119	66	L
119	67	-1
119	68	L
119	69	-1
119	70	-1
119	71	L
119	72	-1
119	73	-1
119	74	-1
119	75	L
119	76	L
119	77	L
119	78	-1
119	79	-1
119	80	-1
119	81	-1
119	82	-1
119	83	L
119	84	-1
119	85	-1
119	86	-1
119	87	L
119	88	-1
119	89	-1
119	90	L
119	91	-1
119	92	-1
119	93	L
119	94	L
119	95	L
119	96	L
119	97	L
119	98	L
119	99	L
119	100	L
119	101	-1
119	102	L
119	103	L
119	104	Lp
119	105	Lp
119	106	Lp
119	107	Lp
119	108	Lp
119	109	Lp
119	110	Lp
119	111	Lp
119	112	U
119	113	U
119	114	Lp
119	115	Lp
119	116	-1
119	117	L
119	118	L
119	119	-1
