0	0	U
0	1	U
0	2	U
0	3	-1
0	4	U
0	5	L
0	6	L
0	7	-1
0	8	L
0	9	L
0	10	Lp
0	11	L
0	12	L
0	13	L
0	14	L
0	15	-1
0	16	L
0	17	L
0	18	L
0	19	L
0	20	L
0	21	Lp
0	22	Lp
0	23	Lp
0	24	Lp
0	25	Lp
0	26	Lp
0	27	Lp
0	28	Lp
0	29	Lp
0	30	Lp
0	31	-1
0	32	Lp
0	33	L
0	34	-1
0	35	Lp
0	36	Lp
0	37	-1
0	38	U
0	39	-1
0	40	Lp
0	41	Lp
0	42	Lp
0	43	Lp
0	44	-1
0	45	Lp
0	46	Lp
0	47	Lp
0	48	-1
0	49	U
0	50	Lp
0	51	Lp
0	52	Lp
0	53	Lp
0	54	Lp
0	55	Lp
0	56	L
0	57	L
0	58	Lp
0	59	Lp
0	60	Lp
0	61	-1
0	62	-1
0	63	L
0	64	Lp
0	65	Lp
0	66	Lp
0	67	Lp
0	68	Lp
0	69	Lp
0	70	Lp
0	71	U
0	72	-1
0	73	U
0	74	-1
0	75	L
0	76	L
0	77	L
0	78	-1
0	79	-1
0	80	Lp
0	81	Lp
0	82	Lp
0	83	Lp
0	84	-1
0	85	Lp
0	86	L
0	87	L
0	88	L
0	89	L
0	90	Lp
0	91	Lp
0	92	-1
0	93	Lp
0	94	Lp
0	95	Lp
0	96	-1
0	97	-1
0	98	L
0	99	Lp
0	100	Lp
0	101	Lp
0	102	Lp
0	103	Lp
0	104	Lp
0	105	Lp
0	106	Lp
0	107	Lp
0	108	Lp
0	109	Lp
0	110	-1
0	111	Lp
0	112	Lp
0	113	Lp
0	114	-1
0	115	-1
0	116	-1
0	117	Lp
0	118	Lp
0	119	Lp
1	0	-1
1	1	Lp
1	2	U
1	3	U
1	4	-1
1	5	L
1	6	L
1	7	L
1	8	-1
1	9	-1
1	10	U
1	11	U
1	12	L
1	13	L
1	14	Lp
1	15	L
1	16	L
1	17	L
1	18	L
1	19	U
1	20	Lp
1	21	-1
1	22	Lp
1	23	Lp
1	24	Lp
1	25	Lp
1	26	Lp
1	27	Lp
1	28	Lp
1	29	Lp
1	30	Lp
1	31	Lp
1	32	Lp
1	33	Lp
1	34	L
1	35	L
1	36	Lp
1	37	Lp
1	38	Lp
1	39	Lp
1	40	-1
1	41	Lp
1	42	Lp
1	43	-1
1	44	Lp
1	45	-1
1	46	Lp
1	47	-1
1	48	Lp
1	49	Lp
1	50	Lp
1	51	-1
1	52	Lp
1	53	Lp
1	54	Lp
1	55	Lp
1	56	-1
1	57	-1
1	58	Lp
1	59	Lp
1	60	Lp
1	61	Lp
1	62	Lp
1	63	L
1	64	Lp
1	65	Lp
1	66	-1
1	67	Lp
1	68	Lp
1	69	Lp
1	70	Lp
1	71	Lp
1	72	U
1	73	U
1	74	U
1	75	L
1	76	L
1	77	L
1	78	L
1	79	-1
1	80	Lp
1	81	Lp
1	82	Lp
1	83	Lp
1	84	Lp
1	85	Lp
1	86	-1
1	87	-1
1	88	L
1	89	L
1	90	Lp
1	91	L
1	92	-1
1	93	L
1	94	Lp
1	95	Lp
1	96	L
1	97	Lp
1	98	-1
1	99	-1
1	100	Lp
1	101	Lp
1	102	Lp
1	103	Lp
1	104	Lp
1	105	-1
1	106	Lp
1	107	Lp
1	108	-1
1	109	Lp
1	110	Lp
1	111	Lp
1	112	Lp
1	113	L
1	114	-1
1	115	L
1	116	L
1	117	L
1	118	L
1	119	Lp
2	0	Lp
2	1	Lp
2	2	-1
2	3	-1
2	4	Lp
2	5	Lp
2	6	L
2	7	L
2	8	Lp
2	9	-1
2	10	-1
2	11	-1
2	12	L
2	13	Lp
2	14	L
2	15	L
2	16	L
2	17	Lp
2	18	-1
2	19	Lp
2	20	Lp
2	21	-1
2	22	Lp
2	23	Lp
2	24	Lp
2	25	-1
2	26	Lp
2	27	Lp
2	28	Lp
2	29	-1
2	30	-1
2	31	Lp
2	32	-1
2	33	Lp
2	34	L
2	35	Lp
2	36	Lp
2	37	-1
2	38	Lp
2	39	L
2	40	Lp
2	41	Lp
2	42	Lp
2	43	Lp
2	44	Lp
2	45	Lp
2	46	Lp
2	47	-1
2	48	Lp
2	49	-1
2	50	Lp
2	51	Lp
2	52	Lp
2	53	Lp
2	54	Lp
2	55	Lp
2	56	Lp
2	57	Lp
2	58	L
2	59	Lp
2	60	Lp
2	61	Lp
2	62	Lp
2	63	Lp
2	64	U
2	65	Lp
2	66	Lp
2	67	Lp
2	68	L
2	69	Lp
2	70	Lp
2	71	-1
2	72	-1
2	73	U
2	74	L
2	75	L
2	76	L
2	77	-1
2	78	L
2	79	-1
2	80	-1
2	81	Lp
2	82	-1
2	83	Lp
2	84	Lp
2	85	-1
2	86	L
2	87	L
2	88	L
2	89	L
2	90	L
2	91	-1
2	92	L
2	93	L
2	94	L
2	95	L
2	96	L
2	97	L
2	98	-1
2	99	Lp
2	100	-1
2	101	Lp
2	102	Lp
2	103	Lp
2	104	Lp
2	105	Lp
2	106	Lp
2	107	-1
2	108	Lp
2	109	Lp
2	110	Lp
2	111	Lp
2	112	Lp
2	113	L
2	114	-1
2	115	L
2	116	Lp
2	117	L
2	118	L
2	119	Lp
3	0	Lp
3	1	Lp
3	2	Lp
3	3	Lp
3	4	Lp
3	5	-1
3	6	Lp
3	7	-1
3	8	Lp
3	9	U
3	10	U
3	11	-1
3	12	-1
3	13	Lp
3	14	Lp
3	15	Lp
3	16	Lp
3	17	-1
3	18	Lp
3	19	-1
3	20	Lp
3	21	Lp
3	22	Lp
3	23	Lp
3	24	Lp
3	25	Lp
3	26	Lp
3	27	Lp
3	28	Lp
3	29	Lp
3	30	Lp
3	31	Lp
3	32	Lp
3	33	Lp
3	34	Lp
3	35	Lp
3	36	L
3	37	Lp
3	38	L
3	39	L
3	40	L
3	41	Lp
3	42	Lp
3	43	-1
3	44	Lp
3	45	Lp
3	46	Lp
3	47	Lp
3	48	-1
3	49	-1
3	50	-1
3	51	Lp
3	52	Lp
3	53	Lp
3	54	Lp
3	55	Lp
3	56	Lp
3	57	L
3	58	-1
3	59	Lp
3	60	L
3	61	-1
3	62	L
3	63	Lp
3	64	-1
3	65	Lp
3	66	Lp
3	67	-1
3	68	L
3	69	L
3	70	L
3	71	L
3	72	L
3	73	-1
3	74	L
3	75	L
3	76	-1
3	77	L
3	78	L
3	79	L
3	80	Lp
3	81	-1
3	82	Lp
3	83	Lp
3	84	L
3	85	L
3	86	L
3	87	L
3	88	Lp
3	89	L
3	90	L
3	91	L
3	92	L
3	93	L
3	94	L
3	95	L
3	96	L
3	97	Lp
3	98	L
3	99	Lp
3	100	Lp
3	101	Lp
3	102	-1
3	103	Lp
3	104	Lp
3	105	-1
3	106	Lp
3	107	Lp
3	108	Lp
3	109	Lp
3	110	Lp
3	111	Lp
3	112	Lp
3	113	Lp
3	114	Lp
3	115	L
3	116	L
3	117	L
3	118	L
3	119	Lp
4	0	Lp
4	1	Lp
4	2	-1
4	3	-1
4	4	Lp
4	5	Lp
4	6	Lp
4	7	Lp
4	8	Lp
4	9	U
4	10	U
4	11	-1
4	12	U
4	13	Lp
4	14	Lp
4	15	Lp
4	16	Lp
4	17	Lp
4	18	Lp
4	19	-1
4	20	Lp
4	21	Lp
4	22	Lp
4	23	Lp
4	24	-1
4	25	-1
4	26	Lp
4	27	Lp
4	28	Lp
4	29	Lp
4	30	L
4	31	L
4	32	-1
4	33	-1
4	34	Lp
4	35	Lp
4	36	L
4	37	L
4	38	L
4	39	L
4	40	Lp
4	41	Lp
4	42	Lp
4	43	-1
4	44	Lp
4	45	Lp
4	46	Lp
4	47	Lp
4	48	Lp
4	49	Lp
4	50	Lp
4	51	L
4	52	L
4	53	Lp
4	54	Lp
4	55	-1
4	56	Lp
4	57	Lp
4	58	Lp
4	59	Lp
4	60	Lp
4	61	-1
4	62	L
4	63	L
4	64	L
4	65	L
4	66	U
4	67	L
4	68	-1
4	69	L
4	70	-1
4	71	-1
4	72	-1
4	73	U
4	74	L
4	75	-1
4	76	L
4	77	L
4	78	L
4	79	Lp
4	80	Lp
4	81	-1
4	82	-1
4	83	-1
4	84	Lp
4	85	L
4	86	L
4	87	L
4	88	Lp
4	89	Lp
4	90	Lp
4	91	-1
4	92	-1
4	93	-1
4	94	L
4	95	Lp
4	96	Lp
4	97	-1
4	98	Lp
4	99	Lp
4	100	Lp
4	101	-1
4	102	Lp
4	103	Lp
4	104	-1
4	105	Lp
4	106	Lp
4	107	-1
4	108	Lp
4	109	Lp
4	110	-1
4	111	Lp
4	112	L
4	113	-1
4	114	-1
4	115	L
4	116	L
4	117	L
4	118	-1
4	119	Lp
5	0	Lp
5	1	Lp
5	2	Lp
5	3	Lp
5	4	Lp
5	5	-1
5	6	Lp
5	7	Lp
5	8	U
5	9	Lp
5	10	-1
5	11	-1
5	12	Lp
5	13	-1
5	14	Lp
5	15	-1
5	16	L
5	17	L
5	18	Lp
5	19	-1
5	20	Lp
5	21	Lp
5	22	-1
5	23	-1
5	24	Lp
5	25	-1
5	26	Lp
5	27	-1
5	28	Lp
5	29	Lp
5	30	L
5	31	L
5	32	Lp
5	33	Lp
5	34	-1
5	35	L
5	36	L
5	37	L
5	38	L
5	39	L
5	40	-1
5	41	L
5	42	Lp
5	43	-1
5	44	Lp
5	45	Lp
5	46	Lp
5	47	-1
5	48	-1
5	49	-1
5	50	Lp
5	51	L
5	52	L
5	53	-1
5	54	Lp
5	55	Lp
5	56	Lp
5	57	Lp
5	58	-1
5	59	Lp
5	60	-1
5	61	-1
5	62	L
5	63	L
5	64	L
5	65	U
5	66	U
5	67	U
5	68	L
5	69	-1
5	70	L
5	71	L
5	72	L
5	73	L
5	74	L
5	75	-1
5	76	Lp
5	77	-1
5	78	L
5	79	-1
5	80	L
5	81	-1
5	82	Lp
5	83	Lp
5	84	L
5	85	L
5	86	-1
5	87	Lp
5	88	-1
5	89	Lp
5	90	Lp
5	91	Lp
5	92	-1
5	93	L
5	94	Lp
5	95	-1
5	96	Lp
5	97	Lp
5	98	-1
5	99	Lp
5	100	U
5	101	Lp
5	102	Lp
5	103	Lp
5	104	Lp
5	105	Lp
5	106	Lp
5	107	Lp
5	108	Lp
5	109	Lp
5	110	-1
5	111	Lp
5	112	Lp
5	113	-1
5	114	Lp
5	115	L
5	116	L
5	117	L
5	118	L
5	119	Lp
6	0	-1
6	1	Lp
6	2	-1
6	3	-1
6	4	Lp
6	5	Lp
6	6	Lp
6	7	L
6	8	U
6	9	Lp
6	10	-1
6	11	Lp
6	12	-1
6	13	Lp
6	14	Lp
6	15	L
6	16	-1
6	17	L
6	18	-1
6	19	Lp
6	20	Lp
6	21	L
6	22	-1
6	23	Lp
6	24	L
6	25	Lp
6	26	Lp
6	27	Lp
6	28	Lp
6	29	-1
6	30	Lp
6	31	L
6	32	Lp
6	33	L
6	34	L
6	35	L
6	36	L
6	37	Lp
6	38	L
6	39	Lp
6	40	L
6	41	L
6	42	-1
6	43	-1
6	44	Lp
6	45	Lp
6	46	-1
6	47	Lp
6	48	Lp
6	49	-1
6	50	Lp
6	51	-1
6	52	-1
6	53	U
6	54	U
6	55	U
6	56	Lp
6	57	Lp
6	58	L
6	59	Lp
6	60	Lp
6	61	Lp
6	62	Lp
6	63	-1
6	64	L
6	65	Lp
6	66	L
6	67	-1
6	68	Lp
6	69	L
6	70	-1
6	71	L
6	72	L
6	73	L
6	74	-1
6	75	L
6	76	L
6	77	Lp
6	78	Lp
6	79	Lp
6	80	Lp
6	81	Lp
6	82	-1
6	83	-1
6	84	L
6	85	L
6	86	L
6	87	-1
6	88	Lp
6	89	Lp
6	90	Lp
6	91	-1
6	92	Lp
6	93	Lp
6	94	Lp
6	95	-1
6	96	Lp
6	97	Lp
6	98	Lp
6	99	-1
6	100	Lp
6	101	-1
6	102	Lp
6	103	Lp
6	104	Lp
6	105	Lp
6	106	Lp
6	107	Lp
6	108	Lp
6	109	Lp
6	110	L
6	111	Lp
6	112	L
6	113	Lp
6	114	L
6	115	Lp
6	116	L
6	117	L
6	118	Lp
6	119	Lp
7	0	L
7	1	-1
7	2	Lp
7	3	Lp
7	4	-1
7	5	L
7	6	L
7	7	-1
7	8	Lp
7	9	U
7	10	U
7	11	Lp
7	12	Lp
7	13	U
7	14	Lp
7	15	Lp
7	16	Lp
7	17	L
7	18	U
7	19	L
7	20	Lp
7	21	Lp
7	22	L
7	23	Lp
7	24	Lp
7	25	Lp
7	26	L
7	27	L
7	28	Lp
7	29	Lp
7	30	Lp
7	31	L
7	32	L
7	33	Lp
7	34	L
7	35	L
7	36	L
7	37	Lp
7	38	L
7	39	-1
7	40	Lp
7	41	Lp
7	42	Lp
7	43	-1
7	44	Lp
7	45	Lp
7	46	-1
7	47	Lp
7	48	Lp
7	49	Lp
7	50	Lp
7	51	-1
7	52	Lp
7	53	Lp
7	54	U
7	55	Lp
7	56	Lp
7	57	-1
7	58	Lp
7	59	Lp
7	60	Lp
7	61	Lp
7	62	-1
7	63	L
7	64	Lp
7	65	Lp
7	66	Lp
7	67	Lp
7	68	Lp
7	69	-1
7	70	Lp
7	71	U
7	72	U
7	73	U
7	74	Lp
7	75	Lp
7	76	Lp
7	77	Lp
7	78	Lp
7	79	-1
7	80	-1
7	81	-1
7	82	Lp
7	83	Lp
7	84	L
7	85	L
7	86	Lp
7	87	Lp
7	88	Lp
7	89	Lp
7	90	Lp
7	91	Lp
7	92	-1
7	93	Lp
7	94	Lp
7	95	Lp
7	96	-1
7	97	Lp
7	98	Lp
7	99	Lp
7	100	Lp
7	101	-1
7	102	-1
7	103	Lp
7	104	-1
7	105	Lp
7	106	Lp
7	107	Lp
7	108	Lp
7	109	Lp
7	110	-1
7	111	-1
7	112	Lp
7	113	Lp
7	114	Lp
7	115	Lp
7	116	Lp
7	117	-1
7	118	Lp
7	119	L
8	0	L
8	1	-1
8	2	L
8	3	-1
8	4	-1
8	5	L
8	6	L
8	7	L
8	8	Lp
8	9	Lp
8	10	Lp
8	11	Lp
8	12	Lp
8	13	-1
8	14	U
8	15	Lp
8	16	L
8	17	U
8	18	-1
8	19	-1
8	20	L
8	21	L
8	22	L
8	23	-1
8	24	Lp
8	25	Lp
8	26	-1
8	27	Lp
8	28	Lp
8	29	Lp
8	30	Lp
8	31	Lp
8	32	Lp
8	33	L
8	34	Lp
8	35	L
8	36	L
8	37	Lp
8	38	L
8	39	Lp
8	40	Lp
8	41	Lp
8	42	Lp
8	43	Lp
8	44	Lp
8	45	Lp
8	46	Lp
8	47	Lp
8	48	Lp
8	49	Lp
8	50	Lp
8	51	-1
8	52	Lp
8	53	U
8	54	Lp
8	55	Lp
8	56	Lp
8	57	Lp
8	58	Lp
8	59	L
8	60	Lp
8	61	Lp
8	62	-1
8	63	Lp
8	64	Lp
8	65	-1
8	66	Lp
8	67	Lp
8	68	Lp
8	69	Lp
8	70	Lp
8	71	-1
8	72	-1
8	73	Lp
8	74	Lp
8	75	U
8	76	U
8	77	Lp
8	78	Lp
8	79	-1
8	80	Lp
8	81	-1
8	82	Lp
8	83	Lp
8	84	L
8	85	U
8	86	L
8	87	-1
8	88	Lp
8	89	Lp
8	90	Lp
8	91	Lp
8	92	Lp
8	93	Lp
8	94	-1
8	95	Lp
8	96	Lp
8	97	-1
8	98	-1
8	99	-1
8	100	Lp
8	101	Lp
8	102	-1
8	103	-1
8	104	Lp
8	105	Lp
8	106	Lp
8	107	-1
8	108	Lp
8	109	L
8	110	L
8	111	Lp
8	112	-1
8	113	-1
8	114	Lp
8	115	Lp
8	116	Lp
8	117	-1
8	118	Lp
8	119	Lp
9	0	Lp
9	1	-1
9	2	Lp
9	3	L
9	4	L
9	5	L
9	6	Lp
9	7	Lp
9	8	Lp
9	9	Lp
9	10	Lp
9	11	Lp
9	12	L
9	13	Lp
9	14	Lp
9	15	Lp
9	16	U
9	17	L
9	18	Lp
9	19	Lp
9	20	Lp
9	21	-1
9	22	L
9	23	L
9	24	Lp
9	25	Lp
9	26	Lp
9	27	Lp
9	28	Lp
9	29	L
9	30	-1
9	31	Lp
9	32	-1
9	33	-1
9	34	L
9	35	L
9	36	L
9	37	Lp
9	38	-1
9	39	Lp
9	40	Lp
9	41	-1
9	42	Lp
9	43	Lp
9	44	Lp
9	45	Lp
9	46	Lp
9	47	Lp
9	48	Lp
9	49	Lp
9	50	Lp
9	51	Lp
9	52	U
9	53	Lp
9	54	Lp
9	55	Lp
9	56	-1
9	57	Lp
9	58	-1
9	59	L
9	60	Lp
9	61	-1
9	62	Lp
9	63	Lp
9	64	Lp
9	65	-1
9	66	-1
9	67	-1
9	68	Lp
9	69	-1
9	70	Lp
9	71	Lp
9	72	L
9	73	Lp
9	74	L
9	75	L
9	76	L
9	77	Lp
9	78	L
9	79	L
9	80	Lp
9	81	Lp
9	82	Lp
9	83	L
9	84	Lp
9	85	-1
9	86	-1
9	87	Lp
9	88	Lp
9	89	Lp
9	90	Lp
9	91	L
9	92	L
9	93	Lp
9	94	-1
9	95	-1
9	96	Lp
9	97	Lp
9	98	Lp
9	99	Lp
9	100	Lp
9	101	Lp
9	102	U
9	103	Lp
9	104	Lp
9	105	Lp
9	106	Lp
9	107	Lp
9	108	Lp
9	109	-1
9	110	L
9	111	Lp
9	112	Lp
9	113	Lp
9	114	Lp
9	115	Lp
9	116	Lp
9	117	Lp
9	118	-1
9	119	L
10	0	L
10	1	Lp
10	2	Lp
10	3	L
10	4	Lp
10	5	Lp
10	6	-1
10	7	Lp
10	8	Lp
10	9	L
10	10	L
10	11	-1
10	12	Lp
10	13	Lp
10	14	Lp
10	15	U
10	16	L
10	17	L
10	18	L
10	19	Lp
10	20	Lp
10	21	Lp
10	22	Lp
10	23	Lp
10	24	Lp
10	25	Lp
10	26	Lp
10	27	-1
10	28	-1
10	29	Lp
10	30	L
10	31	Lp
10	32	Lp
10	33	Lp
10	34	L
10	35	-1
10	36	L
10	37	L
10	38	-1
10	39	Lp
10	40	Lp
10	41	Lp
10	42	-1
10	43	Lp
10	44	Lp
10	45	Lp
10	46	Lp
10	47	-1
10	48	Lp
10	49	L
10	50	-1
10	51	Lp
10	52	Lp
10	53	Lp
10	54	Lp
10	55	-1
10	56	Lp
10	57	Lp
10	58	Lp
10	59	-1
10	60	L
10	61	Lp
10	62	Lp
10	63	-1
10	64	L
10	65	Lp
10	66	-1
10	67	Lp
10	68	Lp
10	69	-1
10	70	L
10	71	L
10	72	Lp
10	73	L
10	74	L
10	75	L
10	76	-1
10	77	Lp
10	78	Lp
10	79	Lp
10	80	-1
10	81	Lp
10	82	Lp
10	83	Lp
10	84	L
10	85	Lp
10	86	L
10	87	L
10	88	Lp
10	89	L
10	90	Lp
10	91	Lp
10	92	Lp
10	93	L
10	94	Lp
10	95	L
10	96	-1
10	97	Lp
10	98	Lp
10	99	Lp
10	100	Lp
10	101	Lp
10	102	U
10	103	Lp
10	104	Lp
10	105	Lp
10	106	U
10	107	-1
10	108	Lp
10	109	U
10	110	Lp
10	111	L
10	112	Lp
10	113	U
10	114	Lp
10	115	Lp
10	116	-1
10	117	Lp
10	118	Lp
10	119	Lp
11	0	Lp
11	1	-1
11	2	-1
11	3	Lp
11	4	-1
11	5	Lp
11	6	Lp
11	7	Lp
11	8	Lp
11	9	Lp
11	10	L
11	11	Lp
11	12	Lp
11	13	Lp
11	14	Lp
11	15	L
11	16	-1
11	17	-1
11	18	L
11	19	Lp
11	20	Lp
11	21	Lp
11	22	-1
11	23	Lp
11	24	-1
11	25	Lp
11	26	-1
11	27	-1
11	28	Lp
11	29	Lp
11	30	Lp
11	31	-1
11	32	L
11	33	L
11	34	-1
11	35	L
11	36	L
11	37	L
11	38	-1
11	39	Lp
11	40	-1
11	41	Lp
11	42	-1
11	43	Lp
11	44	Lp
11	45	Lp
11	46	Lp
11	47	Lp
11	48	L
11	49	L
11	50	L
11	51	Lp
11	52	-1
11	53	-1
11	54	Lp
11	55	Lp
11	56	Lp
11	57	Lp
11	58	Lp
11	59	Lp
11	60	Lp
11	61	Lp
11	62	Lp
11	63	-1
11	64	L
11	65	-1
11	66	Lp
11	67	Lp
11	68	L
11	69	L
11	70	L
11	71	L
11	72	-1
11	73	Lp
11	74	Lp
11	75	Lp
11	76	Lp
11	77	Lp
11	78	L
11	79	Lp
11	80	Lp
11	81	Lp
11	82	-1
11	83	Lp
11	84	Lp
11	85	Lp
11	86	L
11	87	L
11	88	-1
11	89	Lp
11	90	L
11	91	Lp
11	92	Lp
11	93	L
11	94	-1
11	95	L
11	96	-1
11	97	-1
11	98	Lp
11	99	Lp
11	100	U
11	101	Lp
11	102	U
11	103	Lp
11	104	Lp
11	105	U
11	106	U
11	107	U
11	108	U
11	109	Lp
11	110	-1
11	111	Lp
11	112	Lp
11	113	-1
11	114	U
11	115	Lp
11	116	Lp
11	117	Lp
11	118	Lp
11	119	Lp
12	0	-1
12	1	Lp
12	2	Lp
12	3	Lp
12	4	Lp
12	5	-1
12	6	Lp
12	7	-1
12	8	Lp
12	9	L
12	10	-1
12	11	Lp
12	12	L
12	13	L
12	14	L
12	15	Lp
12	16	Lp
12	17	Lp
12	18	Lp
12	19	-1
12	20	Lp
12	21	Lp
12	22	-1
12	23	-1
12	24	Lp
12	25	Lp
12	26	Lp
12	27	-1
12	28	Lp
12	29	Lp
12	30	-1
12	31	Lp
12	32	-1
12	33	L
12	34	Lp
12	35	L
12	36	L
12	37	L
12	38	Lp
12	39	Lp
12	40	Lp
12	41	Lp
12	42	Lp
12	43	Lp
12	44	Lp
12	45	Lp
12	46	Lp
12	47	Lp
12	48	Lp
12	49	-1
12	50	Lp
12	51	-1
12	52	Lp
12	53	Lp
12	54	Lp
12	55	Lp
12	56	Lp
12	57	Lp
12	58	-1
12	59	L
12	60	-1
12	61	Lp
12	62	Lp
12	63	L
12	64	Lp
12	65	Lp
12	66	Lp
12	67	Lp
12	68	Lp
12	69	Lp
12	70	-1
12	71	Lp
12	72	U
12	73	U
12	74	Lp
12	75	Lp
12	76	Lp
12	77	L
12	78	L
12	79	L
12	80	-1
12	81	-1
12	82	-1
12	83	-1
12	84	Lp
12	85	L
12	86	-1
12	87	-1
12	88	L
12	89	Lp
12	90	Lp
12	91	Lp
12	92	-1
12	93	Lp
12	94	Lp
12	95	Lp
12	96	Lp
12	97	Lp
12	98	Lp
12	99	-1
12	100	Lp
12	101	-1
12	102	Lp
12	103	U
12	104	Lp
12	105	Lp
12	106	Lp
12	107	-1
12	108	Lp
12	109	U
12	110	Lp
12	111	Lp
12	112	Lp
12	113	Lp
12	114	Lp
12	115	Lp
12	116	Lp
12	117	Lp
12	118	-1
12	119	-1
13	0	-1
13	1	Lp
13	2	Lp
13	3	Lp
13	4	-1
13	5	-1
13	6	-1
13	7	-1
13	8	Lp
13	9	-1
13	10	-1
13	11	L
13	12	L
13	13	L
13	14	L
13	15	Lp
13	16	-1
13	17	Lp
13	18	Lp
13	19	Lp
13	20	-1
13	21	Lp
13	22	-1
13	23	Lp
13	24	Lp
13	25	Lp
13	26	Lp
13	27	Lp
13	28	Lp
13	29	Lp
13	30	-1
13	31	-1
13	32	U
13	33	U
13	34	Lp
13	35	L
13	36	Lp
13	37	L
13	38	L
13	39	Lp
13	40	Lp
13	41	Lp
13	42	Lp
13	43	Lp
13	44	Lp
13	45	-1
13	46	Lp
13	47	-1
13	48	Lp
13	49	Lp
13	50	-1
13	51	U
13	52	-1
13	53	-1
13	54	-1
13	55	Lp
13	56	-1
13	57	-1
13	58	Lp
13	59	L
13	60	Lp
13	61	-1
13	62	-1
13	63	Lp
13	64	Lp
13	65	Lp
13	66	Lp
13	67	Lp
13	68	Lp
13	69	Lp
13	70	Lp
13	71	Lp
13	72	U
13	73	Lp
13	74	Lp
13	75	-1
13	76	L
13	77	-1
13	78	L
13	79	L
13	80	Lp
13	81	L
13	82	L
13	83	L
13	84	L
13	85	Lp
13	86	-1
13	87	L
13	88	Lp
13	89	L
13	90	Lp
13	91	Lp
13	92	Lp
13	93	Lp
13	94	Lp
13	95	L
13	96	Lp
13	97	L
13	98	Lp
13	99	Lp
13	100	-1
13	101	U
13	102	Lp
13	103	U
13	104	U
13	105	Lp
13	106	Lp
13	107	Lp
13	108	-1
13	109	Lp
13	110	Lp
13	111	-1
13	112	Lp
13	113	Lp
13	114	-1
13	115	Lp
13	116	Lp
13	117	Lp
13	118	Lp
13	119	Lp
14	0	Lp
14	1	Lp
14	2	-1
14	3	Lp
14	4	Lp
14	5	Lp
14	6	Lp
14	7	Lp
14	8	Lp
14	9	-1
14	10	L
14	11	L
14	12	-1
14	13	L
14	14	Lp
14	15	-1
14	16	Lp
14	17	-1
14	18	-1
14	19	Lp
14	20	Lp
14	21	Lp
14	22	Lp
14	23	Lp
14	24	Lp
14	25	L
14	26	Lp
14	27	Lp
14	28	Lp
14	29	Lp
14	30	Lp
14	31	-1
14	32	Lp
14	33	L
14	34	L
14	35	-1
14	36	Lp
14	37	-1
14	38	L
14	39	Lp
14	40	L
14	41	-1
14	42	L
14	43	Lp
14	44	Lp
14	45	-1
14	46	-1
14	47	Lp
14	48	Lp
14	49	Lp
14	50	-1
14	51	Lp
14	52	Lp
14	53	Lp
14	54	Lp
14	55	Lp
14	56	Lp
14	57	-1
14	58	Lp
14	59	Lp
14	60	-1
14	61	-1
14	62	Lp
14	63	-1
14	64	-1
14	65	Lp
14	66	Lp
14	67	Lp
14	68	Lp
14	69	Lp
14	70	Lp
14	71	U
14	72	Lp
14	73	U
14	74	Lp
14	75	Lp
14	76	Lp
14	77	Lp
14	78	L
14	79	L
14	80	-1
14	81	Lp
14	82	-1
14	83	L
14	84	Lp
14	85	Lp
14	86	L
14	87	L
14	88	L
14	89	Lp
14	90	Lp
14	91	Lp
14	92	Lp
14	93	Lp
14	94	Lp
14	95	-1
14	96	L
14	97	L
14	98	L
14	99	Lp
14	100	-1
14	101	-1
14	102	-1
14	103	U
14	104	-1
14	105	Lp
14	106	Lp
14	107	Lp
14	108	Lp
14	109	Lp
14	110	Lp
14	111	Lp
14	112	Lp
14	113	Lp
14	114	Lp
14	115	Lp
14	116	Lp
14	117	Lp
14	118	Lp
14	119	Lp
15	0	Lp
15	1	-1
15	2	Lp
15	3	Lp
15	4	Lp
15	5	-1
15	6	Lp
15	7	Lp
15	8	Lp
15	9	Lp
15	10	L
15	11	L
15	12	L
15	13	L
15	14	L
15	15	-1
15	16	Lp
15	17	Lp
15	18	L
15	19	Lp
15	20	-1
15	21	Lp
15	22	Lp
15	23	Lp
15	24	Lp
15	25	-1
15	26	Lp
15	27	Lp
15	28	Lp
15	29	-1
15	30	Lp
15	31	Lp
15	32	-1
15	33	U
15	34	Lp
15	35	Lp
15	36	Lp
15	37	Lp
15	38	-1
15	39	-1
15	40	L
15	41	-1
15	42	L
15	43	L
15	44	-1
15	45	Lp
15	46	Lp
15	47	Lp
15	48	Lp
15	49	Lp
15	50	-1
15	51	-1
15	52	-1
15	53	Lp
15	54	Lp
15	55	Lp
15	56	Lp
15	57	Lp
15	58	-1
15	59	Lp
15	60	Lp
15	61	Lp
15	62	Lp
15	63	L
15	64	-1
15	65	-1
15	66	Lp
15	67	Lp
15	68	Lp
15	69	L
15	70	L
15	71	Lp
15	72	U
15	73	-1
15	74	Lp
15	75	-1
15	76	Lp
15	77	Lp
15	78	Lp
15	79	L
15	80	L
15	81	L
15	82	Lp
15	83	Lp
15	84	Lp
15	85	L
15	86	L
15	87	-1
15	88	-1
15	89	Lp
15	90	L
15	91	Lp
15	92	Lp
15	93	Lp
15	94	-1
15	95	L
15	96	L
15	97	L
15	98	L
15	99	L
15	100	-1
15	101	Lp
15	102	U
15	103	U
15	104	U
15	105	Lp
15	106	Lp
15	107	Lp
15	108	Lp
15	109	-1
15	110	-1
15	111	Lp
15	112	Lp
15	113	Lp
15	114	Lp
15	115	Lp
15	116	Lp
15	117	Lp
15	118	Lp
15	119	Lp
16	0	Lp
16	1	-1
16	2	L
16	3	L
16	4	Lp
16	5	Lp
16	6	Lp
16	7	Lp
16	8	Lp
16	9	L
16	10	-1
16	11	L
16	12	L
16	13	L
16	14	L
16	15	-1
16	16	L
16	17	Lp
16	18	L
16	19	-1
16	20	Lp
16	21	Lp
16	22	L
16	23	Lp
16	24	Lp
16	25	L
16	26	L
16	27	Lp
16	28	Lp
16	29	Lp
16	30	Lp
16	31	U
16	32	-1
16	33	Lp
16	34	Lp
16	35	-1
16	36	Lp
16	37	Lp
16	38	L
16	39	L
16	40	-1
16	41	L
16	42	-1
16	43	Lp
16	44	Lp
16	45	Lp
16	46	Lp
16	47	Lp
16	48	Lp
16	49	U
16	50	U
16	51	-1
16	52	U
16	53	-1
16	54	-1
16	55	Lp
16	56	L
16	57	Lp
16	58	L
16	59	Lp
16	60	Lp
16	61	L
16	62	Lp
16	63	L
16	64	Lp
16	65	L
16	66	Lp
16	67	Lp
16	68	Lp
16	69	Lp
16	70	Lp
16	71	Lp
16	72	Lp
16	73	Lp
16	74	Lp
16	75	Lp
16	76	L
16	77	-1
16	78	Lp
16	79	-1
16	80	Lp
16	81	Lp
16	82	Lp
16	83	Lp
16	84	Lp
16	85	-1
16	86	-1
16	87	-1
16	88	L
16	89	-1
16	90	Lp
16	91	Lp
16	92	Lp
16	93	Lp
16	94	Lp
16	95	L
16	96	L
16	97	L
16	98	L
16	99	L
16	100	Lp
16	101	Lp
16	102	Lp
16	103	Lp
16	104	-1
16	105	Lp
16	106	Lp
16	107	Lp
16	108	Lp
16	109	-1
16	110	Lp
16	111	Lp
16	112	Lp
16	113	-1
16	114	-1
16	115	-1
16	116	Lp
16	117	Lp
16	118	Lp
16	119	Lp
17	0	Lp
17	1	-1
17	2	L
17	3	-1
17	4	-1
17	5	Lp
17	6	Lp
17	7	Lp
17	8	Lp
17	9	Lp
17	10	L
17	11	L
17	12	L
17	13	L
17	14	-1
17	15	L
17	16	Lp
17	17	Lp
17	18	L
17	19	Lp
17	20	-1
17	21	Lp
17	22	Lp
17	23	L
17	24	L
17	25	L
17	26	L
17	27	-1
17	28	Lp
17	29	Lp
17	30	U
17	31	U
17	32	Lp
17	33	Lp
17	34	Lp
17	35	Lp
17	36	Lp
17	37	L
17	38	Lp
17	39	L
17	40	L
17	41	L
17	42	Lp
17	43	L
17	44	Lp
17	45	Lp
17	46	Lp
17	47	Lp
17	48	Lp
17	49	L
17	50	Lp
17	51	U
17	52	Lp
17	53	Lp
17	54	Lp
17	55	Lp
17	56	Lp
17	57	Lp
17	58	-1
17	59	Lp
17	60	Lp
17	61	Lp
17	62	L
17	63	L
17	64	L
17	65	L
17	66	L
17	67	L
17	68	Lp
17	69	L
17	70	L
17	71	Lp
17	72	U
17	73	Lp
17	74	Lp
17	75	L
17	76	Lp
17	77	Lp
17	78	Lp
17	79	Lp
17	80	L
17	81	L
17	82	-1
17	83	Lp
17	84	Lp
17	85	-1
17	86	L
17	87	L
17	88	L
17	89	L
17	90	Lp
17	91	Lp
17	92	Lp
17	93	Lp
17	94	Lp
17	95	Lp
17	96	Lp
17	97	L
17	98	-1
17	99	Lp
17	100	U
17	101	U
17	102	-1
17	103	Lp
17	104	-1
17	105	Lp
17	106	Lp
17	107	-1
17	108	Lp
17	109	Lp
17	110	Lp
17	111	Lp
17	112	-1
17	113	-1
17	114	Lp
17	115	-1
17	116	Lp
17	117	Lp
17	118	Lp
17	119	-1
18	0	-1
18	1	Lp
18	2	L
18	3	Lp
18	4	-1
18	5	Lp
18	6	Lp
18	7	-1
18	8	Lp
18	9	-1
18	10	-1
18	11	-1
18	12	L
18	13	L
18	14	-1
18	15	-1
18	16	L
18	17	Lp
18	18	L
18	19	L
18	20	L
18	21	L
18	22	-1
18	23	L
18	24	L
18	25	-1
18	26	L
18	27	L
18	28	-1
18	29	-1
18	30	U
18	31	-1
18	32	-1
18	33	Lp
18	34	-1
18	35	Lp
18	36	Lp
18	37	Lp
18	38	Lp
18	39	Lp
18	40	Lp
18	41	Lp
18	42	Lp
18	43	U
18	44	L
18	45	Lp
18	46	Lp
18	47	-1
18	48	-1
18	49	Lp
18	50	L
18	51	Lp
18	52	L
18	53	Lp
18	54	Lp
18	55	Lp
18	56	Lp
18	57	Lp
18	58	U
18	59	L
18	60	L
18	61	L
18	62	L
18	63	L
18	64	L
18	65	-1
18	66	L
18	67	-1
18	68	L
18	69	L
18	70	L
18	71	L
18	72	Lp
18	73	-1
18	74	-1
18	75	L
18	76	L
18	77	Lp
18	78	L
18	79	Lp
18	80	Lp
18	81	Lp
18	82	L
18	83	Lp
18	84	Lp
18	85	Lp
18	86	-1
18	87	-1
18	88	L
18	89	L
18	90	Lp
18	91	Lp
18	92	-1
18	93	Lp
18	94	Lp
18	95	Lp
18	96	L
18	97	Lp
18	98	Lp
18	99	U
18	100	Lp
18	101	-1
18	102	-1
18	103	Lp
18	104	Lp
18	105	Lp
18	106	Lp
18	107	-1
18	108	-1
18	109	Lp
18	110	Lp
18	111	-1
18	112	Lp
18	113	Lp
18	114	U
18	115	U
18	116	U
18	117	Lp
18	118	Lp
18	119	Lp
19	0	-1
19	1	L
19	2	L
19	3	L
19	4	-1
19	5	L
19	6	Lp
19	7	Lp
19	8	Lp
19	9	Lp
19	10	-1
19	11	L
19	12	L
19	13	L
19	14	Lp
19	15	L
19	16	-1
19	17	L
19	18	Lp
19	19	Lp
19	20	L
19	21	-1
19	22	L
19	23	L
19	24	L
19	25	L
19	26	L
19	27	Lp
19	28	Lp
19	29	Lp
19	30	Lp
19	31	Lp
19	32	Lp
19	33	Lp
19	34	Lp
19	35	Lp
19	36	-1
19	37	Lp
19	38	Lp
19	39	L
19	40	-1
19	41	L
19	42	U
19	43	-1
19	44	L
19	45	Lp
19	46	Lp
19	47	Lp
19	48	Lp
19	49	-1
19	50	Lp
19	51	L
19	52	-1
19	53	Lp
19	54	-1
19	55	-1
19	56	Lp
19	57	Lp
19	58	L
19	59	-1
19	60	L
19	61	L
19	62	Lp
19	63	L
19	64	L
19	65	L
19	66	-1
19	67	L
19	68	L
19	69	L
19	70	L
19	71	Lp
19	72	Lp
19	73	-1
19	74	-1
19	75	L
19	76	L
19	77	Lp
19	78	Lp
19	79	-1
19	80	-1
19	81	L
19	82	Lp
19	83	Lp
19	84	Lp
19	85	Lp
19	86	Lp
19	87	-1
19	88	-1
19	89	Lp
19	90	Lp
19	91	L
19	92	-1
19	93	L
19	94	Lp
19	95	-1
19	96	Lp
19	97	-1
19	98	Lp
19	99	Lp
19	100	Lp
19	101	Lp
19	102	-1
19	103	-1
19	104	Lp
19	105	Lp
19	106	Lp
19	107	Lp
19	108	Lp
19	109	Lp
19	110	-1
19	111	Lp
19	112	Lp
19	113	Lp
19	114	-1
19	115	Lp
19	116	-1
19	117	-1
19	118	Lp
19	119	Lp
20	0	L
20	1	L
20	2	L
20	3	L
20	4	-1
20	5	Lp
20	6	-1
20	7	Lp
20	8	Lp
20	9	-1
20	10	-1
20	11	L
20	12	-1
20	13	Lp
20	14	-1
20	15	-1
20	16	Lp
20	17	Lp
20	18	-1
20	19	L
20	20	L
20	21	L
20	22	L
20	23	L
20	24	-1
20	25	L
20	26	-1
20	27	L
20	28	L
20	29	Lp
20	30	Lp
20	31	Lp
20	32	Lp
20	33	Lp
20	34	Lp
20	35	Lp
20	36	-1
20	37	Lp
20	38	-1
20	39	-1
20	40	Lp
20	41	Lp
20	42	U
20	43	L
20	44	-1
20	45	Lp
20	46	Lp
20	47	Lp
20	48	L
20	49	-1
20	50	Lp
20	51	Lp
20	52	Lp
20	53	U
20	54	-1
20	55	-1
20	56	U
20	57	Lp
20	58	L
20	59	U
20	60	L
20	61	Lp
20	62	Lp
20	63	L
20	64	L
20	65	L
20	66	L
20	67	Lp
20	68	Lp
20	69	Lp
20	70	Lp
20	71	Lp
20	72	Lp
20	73	-1
20	74	L
20	75	-1
20	76	L
20	77	L
20	78	Lp
20	79	Lp
20	80	Lp
20	81	-1
20	82	L
20	83	L
20	84	Lp
20	85	Lp
20	86	Lp
20	87	-1
20	88	Lp
20	89	Lp
20	90	Lp
20	91	Lp
20	92	Lp
20	93	Lp
20	94	L
20	95	-1
20	96	Lp
20	97	Lp
20	98	-1
20	99	-1
20	100	Lp
20	101	Lp
20	102	Lp
20	103	Lp
20	104	Lp
20	105	Lp
20	106	Lp
20	107	Lp
20	108	Lp
20	109	-1
20	110	-1
20	111	Lp
20	112	Lp
20	113	Lp
20	114	Lp
20	115	-1
20	116	Lp
20	117	L
20	118	-1
20	119	Lp
21	0	-1
21	1	L
21	2	L
21	3	L
21	4	L
21	5	Lp
21	6	L
21	7	Lp
21	8	Lp
21	9	Lp
21	10	Lp
21	11	-1
21	12	Lp
21	13	Lp
21	14	Lp
21	15	Lp
21	16	Lp
21	17	Lp
21	18	Lp
21	19	-1
21	20	Lp
21	21	L
21	22	Lp
21	23	L
21	24	-1
21	25	-1
21	26	-1
21	27	L
21	28	-1
21	29	-1
21	30	Lp
21	31	Lp
21	32	Lp
21	33	-1
21	34	Lp
21	35	-1
21	36	Lp
21	37	Lp
21	38	-1
21	39	Lp
21	40	Lp
21	41	L
21	42	L
21	43	-1
21	44	L
21	45	-1
21	46	Lp
21	47	Lp
21	48	Lp
21	49	L
21	50	Lp
21	51	Lp
21	52	Lp
21	53	Lp
21	54	-1
21	55	Lp
21	56	Lp
21	57	Lp
21	58	L
21	59	L
21	60	Lp
21	61	U
21	62	L
21	63	-1
21	64	Lp
21	65	L
21	66	Lp
21	67	L
21	68	-1
21	69	-1
21	70	-1
21	71	Lp
21	72	-1
21	73	L
21	74	L
21	75	Lp
21	76	L
21	77	L
21	78	Lp
21	79	Lp
21	80	Lp
21	81	-1
21	82	Lp
21	83	Lp
21	84	Lp
21	85	Lp
21	86	Lp
21	87	L
21	88	Lp
21	89	Lp
21	90	Lp
21	91	Lp
21	92	Lp
21	93	-1
21	94	Lp
21	95	Lp
21	96	-1
21	97	Lp
21	98	Lp
21	99	Lp
21	100	-1
21	101	Lp
21	102	Lp
21	103	Lp
21	104	-1
21	105	Lp
21	106	-1
21	107	Lp
21	108	Lp
21	109	-1
21	110	Lp
21	111	Lp
21	112	-1
21	113	Lp
21	114	Lp
21	115	Lp
21	116	Lp
21	117	Lp
21	118	Lp
21	119	Lp
22	0	Lp
22	1	-1
22	2	-1
22	3	L
22	4	Lp
22	5	Lp
22	6	L
22	7	-1
22	8	-1
22	9	Lp
22	10	U
22	11	Lp
22	12	-1
22	13	-1
22	14	-1
22	15	Lp
22	16	Lp
22	17	Lp
22	18	Lp
22	19	Lp
22	20	L
22	21	Lp
22	22	L
22	23	L
22	24	L
22	25	-1
22	26	Lp
22	27	Lp
22	28	Lp
22	29	Lp
22	30	Lp
22	31	Lp
22	32	Lp
22	33	Lp
22	34	Lp
22	35	Lp
22	36	Lp
22	37	Lp
22	38	Lp
22	39	Lp
22	40	Lp
22	41	Lp
22	42	L
22	43	L
22	44	Lp
22	45	L
22	46	L
22	47	-1
22	48	Lp
22	49	Lp
22	50	Lp
22	51	Lp
22	52	Lp
22	53	Lp
22	54	U
22	55	Lp
22	56	Lp
22	57	Lp
22	58	L
22	59	L
22	60	Lp
22	61	Lp
22	62	Lp
22	63	Lp
22	64	L
22	65	L
22	66	L
22	67	L
22	68	Lp
22	69	Lp
22	70	-1
22	71	Lp
22	72	Lp
22	73	Lp
22	74	L
22	75	L
22	76	Lp
22	77	Lp
22	78	L
22	79	-1
22	80	Lp
22	81	L
22	82	Lp
22	83	Lp
22	84	Lp
22	85	Lp
22	86	L
22	87	Lp
22	88	Lp
22	89	-1
22	90	Lp
22	91	Lp
22	92	U
22	93	Lp
22	94	Lp
22	95	-1
22	96	Lp
22	97	Lp
22	98	Lp
22	99	Lp
22	100	Lp
22	101	Lp
22	102	Lp
22	103	-1
22	104	Lp
22	105	Lp
22	106	-1
22	107	-1
22	108	Lp
22	109	Lp
22	110	Lp
22	111	Lp
22	112	-1
22	113	-1
22	114	Lp
22	115	Lp
22	116	Lp
22	117	Lp
22	118	Lp
22	119	Lp
23	0	Lp
23	1	Lp
23	2	-1
23	3	-1
23	4	Lp
23	5	L
23	6	Lp
23	7	Lp
23	8	L
23	9	Lp
23	10	-1
23	11	L
23	12	Lp
23	13	-1
23	14	Lp
23	15	Lp
23	16	Lp
23	17	Lp
23	18	Lp
23	19	Lp
23	20	Lp
23	21	Lp
23	22	Lp
23	23	L
23	24	L
23	25	L
23	26	Lp
23	27	Lp
23	28	Lp
23	29	L
23	30	Lp
23	31	Lp
23	32	Lp
23	33	Lp
23	34	-1
23	35	Lp
23	36	L
23	37	Lp
23	38	L
23	39	Lp
23	40	Lp
23	41	Lp
23	42	Lp
23	43	Lp
23	44	L
23	45	L
23	46	Lp
23	47	Lp
23	48	Lp
23	49	-1
23	50	Lp
23	51	Lp
23	52	Lp
23	53	U
23	54	Lp
23	55	L
23	56	L
23	57	Lp
23	58	-1
23	59	Lp
23	60	Lp
23	61	L
23	62	L
23	63	L
23	64	L
23	65	L
23	66	L
23	67	Lp
23	68	-1
23	69	Lp
23	70	L
23	71	L
23	72	Lp
23	73	Lp
23	74	Lp
23	75	Lp
23	76	Lp
23	77	Lp
23	78	Lp
23	79	Lp
23	80	L
23	81	Lp
23	82	L
23	83	Lp
23	84	-1
23	85	L
23	86	Lp
23	87	L
23	88	L
23	89	Lp
23	90	-1
23	91	-1
23	92	Lp
23	93	Lp
23	94	Lp
23	95	Lp
23	96	Lp
23	97	Lp
23	98	Lp
23	99	Lp
23	100	Lp
23	101	-1
23	102	Lp
23	103	Lp
23	104	Lp
23	105	Lp
23	106	Lp
23	107	Lp
23	108	Lp
23	109	Lp
23	110	Lp
23	111	Lp
23	112	Lp
23	113	-1
23	114	Lp
23	115	Lp
23	116	Lp
23	117	Lp
23	118	Lp
23	119	Lp
24	0	Lp
24	1	-1
24	2	U
24	3	U
24	4	Lp
24	5	L
24	6	L
24	7	L
24	8	-1
24	9	-1
24	10	-1
24	11	-1
24	12	Lp
24	13	Lp
24	14	Lp
24	15	Lp
24	16	Lp
24	17	Lp
24	18	Lp
24	19	Lp
24	20	Lp
24	21	Lp
24	22	-1
24	23	Lp
24	24	Lp
24	25	-1
24	26	Lp
24	27	-1
24	28	L
24	29	L
24	30	L
24	31	L
24	32	L
24	33	Lp
24	34	Lp
24	35	L
24	36	L
24	37	L
24	38	Lp
24	39	Lp
24	40	-1
24	41	Lp
24	42	-1
24	43	-1
24	44	Lp
24	45	L
24	46	Lp
24	47	Lp
24	48	Lp
24	49	Lp
24	50	-1
24	51	Lp
24	52	Lp
24	53	Lp
24	54	Lp
24	55	Lp
24	56	Lp
24	57	Lp
24	58	Lp
24	59	-1
24	60	L
24	61	L
24	62	L
24	63	L
24	64	L
24	65	L
24	66	L
24	67	Lp
24	68	Lp
24	69	L
24	70	L
24	71	Lp
24	72	Lp
24	73	Lp
24	74	Lp
24	75	Lp
24	76	L
24	77	L
24	78	Lp
24	79	L
24	80	L
24	81	L
24	82	L
24	83	L
24	84	L
24	85	Lp
24	86	Lp
24	87	-1
24	88	Lp
24	89	Lp
24	90	Lp
24	91	Lp
24	92	Lp
24	93	-1
24	94	Lp
24	95	Lp
24	96	Lp
24	97	Lp
24	98	Lp
24	99	Lp
24	100	Lp
24	101	Lp
24	102	Lp
24	103	-1
24	104	Lp
24	105	Lp
24	106	Lp
24	107	Lp
24	108	Lp
24	109	Lp
24	110	Lp
24	111	Lp
24	112	Lp
24	113	Lp
24	114	Lp
24	115	Lp
24	116	Lp
24	117	Lp
24	118	-1
24	119	Lp
25	0	Lp
25	1	Lp
25	2	Lp
25	3	-1
25	4	-1
25	5	L
25	6	-1
25	7	Lp
25	8	-1
25	9	Lp
25	10	Lp
25	11	-1
25	12	-1
25	13	Lp
25	14	Lp
25	15	-1
25	16	-1
25	17	Lp
25	18	-1
25	19	Lp
25	20	-1
25	21	Lp
25	22	Lp
25	23	Lp
25	24	L
25	25	-1
25	26	Lp
25	27	Lp
25	28	Lp
25	29	L
25	30	-1
25	31	L
25	32	Lp
25	33	-1
25	34	-1
25	35	Lp
25	36	L
25	37	L
25	38	-1
25	39	Lp
25	40	Lp
25	41	Lp
25	42	Lp
25	43	Lp
25	44	-1
25	45	Lp
25	46	L
25	47	L
25	48	-1
25	49	Lp
25	50	Lp
25	51	Lp
25	52	Lp
25	53	-1
25	54	-1
25	55	Lp
25	56	Lp
25	57	Lp
25	58	Lp
25	59	-1
25	60	-1
25	61	L
25	62	L
25	63	Lp
25	64	L
25	65	L
25	66	L
25	67	-1
25	68	L
25	69	-1
25	70	Lp
25	71	Lp
25	72	-1
25	73	Lp
25	74	Lp
25	75	-1
25	76	L
25	77	-1
25	78	L
25	79	L
25	80	L
25	81	-1
25	82	-1
25	83	L
25	84	-1
25	85	L
25	86	Lp
25	87	L
25	88	Lp
25	89	Lp
25	90	Lp
25	91	Lp
25	92	-1
25	93	Lp
25	94	-1
25	95	Lp
25	96	Lp
25	97	Lp
25	98	Lp
25	99	Lp
25	100	-1
25	101	-1
25	102	Lp
25	103	Lp
25	104	Lp
25	105	Lp
25	106	Lp
25	107	Lp
25	108	Lp
25	109	Lp
25	110	Lp
25	111	Lp
25	112	Lp
25	113	Lp
25	114	Lp
25	115	Lp
25	116	Lp
25	117	Lp
25	118	Lp
25	119	Lp
26	0	L
26	1	L
26	2	Lp
26	3	Lp
26	4	L
26	5	Lp
26	6	Lp
26	7	Lp
26	8	Lp
26	9	Lp
26	10	-1
26	11	Lp
26	12	Lp
26	13	Lp
26	14	Lp
26	15	-1
26	16	Lp
26	17	U
26	18	Lp
26	19	Lp
26	20	Lp
26	21	Lp
26	22	Lp
26	23	Lp
26	24	-1
26	25	-1
26	26	-1
26	27	Lp
26	28	Lp
26	29	Lp
26	30	Lp
26	31	L
26	32	-1
26	33	Lp
26	34	-1
26	35	Lp
26	36	-1
26	37	L
26	38	Lp
26	39	-1
26	40	Lp
26	41	Lp
26	42	Lp
26	43	Lp
26	44	U
26	45	U
26	46	U
26	47	L
26	48	L
26	49	Lp
26	50	Lp
26	51	Lp
26	52	Lp
26	53	Lp
26	54	-1
26	55	-1
26	56	Lp
26	57	Lp
26	58	Lp
26	59	Lp
26	60	L
26	61	L
26	62	-1
26	63	Lp
26	64	L
26	65	L
26	66	L
26	67	Lp
26	68	L
26	69	-1
26	70	L
26	71	Lp
26	72	Lp
26	73	Lp
26	74	Lp
26	75	Lp
26	76	L
26	77	L
26	78	-1
26	79	L
26	80	L
26	81	L
26	82	-1
26	83	L
26	84	L
26	85	L
26	86	L
26	87	L
26	88	Lp
26	89	Lp
26	90	-1
26	91	Lp
26	92	Lp
26	93	-1
26	94	Lp
26	95	Lp
26	96	Lp
26	97	Lp
26	98	Lp
26	99	Lp
26	100	Lp
26	101	Lp
26	102	-1
26	103	Lp
26	104	U
26	105	-1
26	106	-1
26	107	Lp
26	108	Lp
26	109	Lp
26	110	Lp
26	111	Lp
26	112	Lp
26	113	Lp
26	114	Lp
26	115	Lp
26	116	Lp
26	117	-1
26	118	Lp
26	119	-1
27	0	-1
27	1	U
27	2	U
27	3	L
27	4	-1
27	5	Lp
27	6	U
27	7	Lp
27	8	-1
27	9	-1
27	10	-1
27	11	Lp
27	12	-1
27	13	-1
27	14	Lp
27	15	Lp
27	16	Lp
27	17	-1
27	18	Lp
27	19	Lp
27	20	Lp
27	21	Lp
27	22	Lp
27	23	Lp
27	24	Lp
27	25	Lp
27	26	-1
27	27	-1
27	28	Lp
27	29	Lp
27	30	Lp
27	31	-1
27	32	L
27	33	L
27	34	Lp
27	35	-1
27	36	Lp
27	37	Lp
27	38	-1
27	39	Lp
27	40	Lp
27	41	Lp
27	42	Lp
27	43	Lp
27	44	Lp
27	45	U
27	46	Lp
27	47	-1
27	48	L
27	49	Lp
27	50	Lp
27	51	L
27	52	Lp
27	53	Lp
27	54	-1
27	55	-1
27	56	-1
27	57	Lp
27	58	Lp
27	59	Lp
27	60	Lp
27	61	Lp
27	62	L
27	63	L
27	64	-1
27	65	Lp
27	66	Lp
27	67	L
27	68	L
27	69	-1
27	70	Lp
27	71	L
27	72	Lp
27	73	Lp
27	74	-1
27	75	Lp
27	76	L
27	77	Lp
27	78	L
27	79	Lp
27	80	Lp
27	81	Lp
27	82	L
27	83	L
27	84	-1
27	85	L
27	86	L
27	87	L
27	88	L
27	89	Lp
27	90	-1
27	91	Lp
27	92	-1
27	93	Lp
27	94	Lp
27	95	Lp
27	96	Lp
27	97	Lp
27	98	Lp
27	99	Lp
27	100	Lp
27	101	Lp
27	102	Lp
27	103	Lp
27	104	L
27	105	Lp
27	106	Lp
27	107	-1
27	108	-1
27	109	Lp
27	110	-1
27	111	-1
27	112	-1
27	113	-1
27	114	-1
27	115	Lp
27	116	Lp
27	117	Lp
27	118	-1
27	119	-1
28	0	U
28	1	Lp
28	2	Lp
28	3	Lp
28	4	U
28	5	-1
28	6	U
28	7	Lp
28	8	Lp
28	9	Lp
28	10	Lp
28	11	Lp
28	12	Lp
28	13	Lp
28	14	Lp
28	15	Lp
28	16	Lp
28	17	Lp
28	18	-1
28	19	Lp
28	20	-1
28	21	Lp
28	22	-1
28	23	Lp
28	24	Lp
28	25	Lp
28	26	Lp
28	27	Lp
28	28	Lp
28	29	Lp
28	30	Lp
28	31	-1
28	32	-1
28	33	Lp
28	34	Lp
28	35	Lp
28	36	Lp
28	37	Lp
28	38	-1
28	39	Lp
28	40	Lp
28	41	Lp
28	42	Lp
28	43	Lp
28	44	Lp
28	45	U
28	46	L
28	47	-1
28	48	L
28	49	L
28	50	L
28	51	L
28	52	-1
28	53	-1
28	54	-1
28	55	Lp
28	56	-1
28	57	-1
28	58	Lp
28	59	Lp
28	60	Lp
28	61	Lp
28	62	Lp
28	63	Lp
28	64	Lp
28	65	Lp
28	66	-1
28	67	Lp
28	68	Lp
28	69	Lp
28	70	Lp
28	71	L
28	72	-1
28	73	L
28	74	Lp
28	75	Lp
28	76	Lp
28	77	L
28	78	-1
28	79	L
28	80	L
28	81	L
28	82	Lp
28	83	-1
28	84	-1
28	85	Lp
28	86	Lp
28	87	L
28	88	L
28	89	L
28	90	Lp
28	91	Lp
28	92	-1
28	93	Lp
28	94	Lp
28	95	Lp
28	96	-1
28	97	-1
28	98	Lp
28	99	Lp
28	100	Lp
28	101	Lp
28	102	Lp
28	103	Lp
28	104	L
28	105	L
28	106	L
28	107	-1
28	108	Lp
28	109	L
28	110	Lp
28	111	-1
28	112	Lp
28	113	-1
28	114	-1
28	115	-1
28	116	Lp
28	117	Lp
28	118	Lp
28	119	Lp
29	0	U
29	1	Lp
29	2	-1
29	3	Lp
29	4	Lp
29	5	U
29	6	Lp
29	7	Lp
29	8	Lp
29	9	L
29	10	L
29	11	L
29	12	L
29	13	Lp
29	14	Lp
29	15	Lp
29	16	Lp
29	17	Lp
29	18	Lp
29	19	-1
29	20	Lp
29	21	-1
29	22	-1
29	23	Lp
29	24	Lp
29	25	Lp
29	26	Lp
29	27	Lp
29	28	Lp
29	29	Lp
29	30	Lp
29	31	-1
29	32	Lp
29	33	Lp
29	34	-1
29	35	Lp
29	36	Lp
29	37	Lp
29	38	-1
29	39	Lp
29	40	Lp
29	41	Lp
29	42	U
29	43	Lp
29	44	U
29	45	-1
29	46	Lp
29	47	L
29	48	-1
29	49	L
29	50	L
29	51	U
29	52	U
29	53	Lp
29	54	-1
29	55	-1
29	56	Lp
29	57	Lp
29	58	-1
29	59	Lp
29	60	Lp
29	61	Lp
29	62	Lp
29	63	Lp
29	64	Lp
29	65	Lp
29	66	-1
29	67	L
29	68	-1
29	69	L
29	70	L
29	71	-1
29	72	-1
29	73	Lp
29	74	Lp
29	75	Lp
29	76	Lp
29	77	L
29	78	L
29	79	L
29	80	-1
29	81	-1
29	82	L
29	83	L
29	84	-1
29	85	Lp
29	86	Lp
29	87	L
29	88	Lp
29	89	Lp
29	90	L
29	91	L
29	92	Lp
29	93	-1
29	94	-1
29	95	Lp
29	96	-1
29	97	Lp
29	98	Lp
29	99	Lp
29	100	-1
29	101	Lp
29	102	Lp
29	103	Lp
29	104	L
29	105	L
29	106	L
29	107	L
29	108	L
29	109	L
29	110	-1
29	111	Lp
29	112	Lp
29	113	-1
29	114	-1
29	115	-1
29	116	Lp
29	117	Lp
29	118	Lp
29	119	Lp
30	0	-1
30	1	Lp
30	2	Lp
30	3	Lp
30	4	Lp
30	5	Lp
30	6	L
30	7	L
30	8	L
30	9	-1
30	10	L
30	11	L
30	12	-1
30	13	Lp
30	14	Lp
30	15	Lp
30	16	Lp
30	17	-1
30	18	Lp
30	19	Lp
30	20	-1
30	21	Lp
30	22	Lp
30	23	Lp
30	24	Lp
30	25	Lp
30	26	Lp
30	27	U
30	28	Lp
30	29	U
30	30	Lp
30	31	Lp
30	32	Lp
30	33	-1
30	34	Lp
30	35	Lp
30	36	Lp
30	37	-1
30	38	L
30	39	L
30	40	Lp
30	41	Lp
30	42	U
30	43	U
30	44	U
30	45	Lp
30	46	Lp
30	47	Lp
30	48	L
30	49	-1
30	50	L
30	51	-1
30	52	U
30	53	Lp
30	54	-1
30	55	Lp
30	56	-1
30	57	Lp
30	58	Lp
30	59	-1
30	60	Lp
30	61	Lp
30	62	Lp
30	63	Lp
30	64	Lp
30	65	Lp
30	66	-1
30	67	L
30	68	Lp
30	69	L
30	70	L
30	71	-1
30	72	Lp
30	73	L
30	74	Lp
30	75	-1
30	76	L
30	77	-1
30	78	-1
30	79	L
30	80	L
30	81	L
30	82	L
30	83	L
30	84	Lp
30	85	-1
30	86	Lp
30	87	-1
30	88	Lp
30	89	L
30	90	L
30	91	Lp
30	92	Lp
30	93	Lp
30	94	Lp
30	95	Lp
30	96	Lp
30	97	Lp
30	98	Lp
30	99	-1
30	100	Lp
30	101	Lp
30	102	Lp
30	103	Lp
30	104	Lp
30	105	L
30	106	-1
30	107	L
30	108	L
30	109	L
30	110	Lp
30	111	Lp
30	112	Lp
30	113	Lp
30	114	Lp
30	115	Lp
30	116	Lp
30	117	-1
30	118	Lp
30	119	-1
31	0	Lp
31	1	Lp
31	2	Lp
31	3	-1
31	4	-1
31	5	Lp
31	6	Lp
31	7	Lp
31	8	Lp
31	9	-1
31	10	-1
31	11	L
31	12	Lp
31	13	Lp
31	14	Lp
31	15	Lp
31	16	Lp
31	17	Lp
31	18	Lp
31	19	Lp
31	20	Lp
31	21	-1
31	22	-1
31	23	Lp
31	24	Lp
31	25	Lp
31	26	Lp
31	27	U
31	28	U
31	29	Lp
31	30	Lp
31	31	-1
31	32	Lp
31	33	Lp
31	34	Lp
31	35	Lp
31	36	-1
31	37	Lp
31	38	L
31	39	-1
31	40	Lp
31	41	-1
31	42	Lp
31	43	U
31	44	-1
31	45	-1
31	46	-1
31	47	-1
31	48	Lp
31	49	Lp
31	50	Lp
31	51	Lp
31	52	U
31	53	Lp
31	54	Lp
31	55	Lp
31	56	Lp
31	57	Lp
31	58	Lp
31	59	Lp
31	60	Lp
31	61	Lp
31	62	-1
31	63	Lp
31	64	Lp
31	65	-1
31	66	-1
31	67	Lp
31	68	L
31	69	Lp
31	70	Lp
31	71	Lp
31	72	Lp
31	73	Lp
31	74	L
31	75	Lp
31	76	L
31	77	L
31	78	L
31	79	L
31	80	L
31	81	L
31	82	L
31	83	-1
31	84	Lp
31	85	L
31	86	L
31	87	L
31	88	L
31	89	L
31	90	L
31	91	Lp
31	92	Lp
31	93	Lp
31	94	U
31	95	-1
31	96	Lp
31	97	-1
31	98	-1
31	99	Lp
31	100	-1
31	101	Lp
31	102	Lp
31	103	Lp
31	104	Lp
31	105	Lp
31	106	L
31	107	-1
31	108	L
31	109	L
31	110	Lp
31	111	Lp
31	112	Lp
31	113	-1
31	114	Lp
31	115	-1
31	116	Lp
31	117	-1
31	118	Lp
31	119	Lp
32	0	Lp
32	1	Lp
32	2	Lp
32	3	Lp
32	4	Lp
32	5	Lp
32	6	L
32	7	L
32	8	-1
32	9	Lp
32	10	L
32	11	L
32	12	Lp
32	13	Lp
32	14	Lp
32	15	Lp
32	16	Lp
32	17	-1
32	18	-1
32	19	Lp
32	20	-1
32	21	Lp
32	22	Lp
32	23	Lp
32	24	Lp
32	25	Lp
32	26	U
32	27	Lp
32	28	U
32	29	Lp
32	30	Lp
32	31	Lp
32	32	Lp
32	33	Lp
32	34	-1
32	35	Lp
32	36	Lp
32	37	-1
32	38	Lp
32	39	L
32	40	-1
32	41	-1
32	42	Lp
32	43	-1
32	44	U
32	45	-1
32	46	L
32	47	-1
32	48	Lp
32	49	L
32	50	Lp
32	51	Lp
32	52	Lp
32	53	Lp
32	54	-1
32	55	Lp
32	56	Lp
32	57	Lp
32	58	-1
32	59	Lp
32	60	Lp
32	61	-1
32	62	Lp
32	63	Lp
32	64	Lp
32	65	L
32	66	L
32	67	Lp
32	68	Lp
32	69	Lp
32	70	-1
32	71	Lp
32	72	Lp
32	73	Lp
32	74	-1
32	75	Lp
32	76	-1
32	77	-1
32	78	L
32	79	-1
32	80	L
32	81	L
32	82	L
32	83	L
32	84	L
32	85	L
32	86	L
32	87	L
32	88	L
32	89	-1
32	90	L
32	91	Lp
32	92	-1
32	93	Lp
32	94	Lp
32	95	Lp
32	96	Lp
32	97	-1
32	98	Lp
32	99	Lp
32	100	-1
32	101	Lp
32	102	-1
32	103	Lp
32	104	L
32	105	L
32	106	Lp
32	107	-1
32	108	-1
32	109	-1
32	110	-1
32	111	-1
32	112	Lp
32	113	Lp
32	114	-1
32	115	Lp
32	116	Lp
32	117	-1
32	118	Lp
32	119	Lp
33	0	L
33	1	-1
33	2	-1
33	3	L
33	4	L
33	5	L
33	6	Lp
33	7	-1
33	8	Lp
33	9	L
33	10	-1
33	11	L
33	12	Lp
33	13	Lp
33	14	L
33	15	Lp
33	16	U
33	17	Lp
33	18	U
33	19	Lp
33	20	Lp
33	21	Lp
33	22	Lp
33	23	Lp
33	24	Lp
33	25	Lp
33	26	Lp
33	27	-1
33	28	Lp
33	29	-1
33	30	-1
33	31	Lp
33	32	Lp
33	33	Lp
33	34	-1
33	35	-1
33	36	-1
33	37	Lp
33	38	Lp
33	39	L
33	40	L
33	41	L
33	42	-1
33	43	Lp
33	44	Lp
33	45	L
33	46	L
33	47	L
33	48	L
33	49	Lp
33	50	-1
33	51	Lp
33	52	Lp
33	53	U
33	54	Lp
33	55	-1
33	56	Lp
33	57	Lp
33	58	Lp
33	59	Lp
33	60	Lp
33	61	Lp
33	62	Lp
33	63	Lp
33	64	Lp
33	65	Lp
33	66	L
33	67	L
33	68	Lp
33	69	Lp
33	70	Lp
33	71	Lp
33	72	Lp
33	73	Lp
33	74	-1
33	75	-1
33	76	-1
33	77	L
33	78	L
33	79	L
33	80	L
33	81	L
33	82	Lp
33	83	Lp
33	84	L
33	85	L
33	86	Lp
33	87	Lp
33	88	Lp
33	89	-1
33	90	Lp
33	91	Lp
33	92	Lp
33	93	Lp
33	94	-1
33	95	Lp
33	96	Lp
33	97	Lp
33	98	Lp
33	99	-1
33	100	Lp
33	101	Lp
33	102	Lp
33	103	Lp
33	104	L
33	105	L
33	106	L
33	107	-1
33	108	L
33	109	Lp
33	110	Lp
33	111	Lp
33	112	Lp
33	113	Lp
33	114	Lp
33	115	Lp
33	116	Lp
33	117	Lp
33	118	-1
33	119	Lp
34	0	L
34	1	Lp
34	2	L
34	3	Lp
34	4	L
34	5	L
34	6	Lp
34	7	-1
34	8	Lp
34	9	L
34	10	-1
34	11	L
34	12	Lp
34	13	L
34	14	U
34	15	Lp
34	16	U
34	17	U
34	18	-1
34	19	Lp
34	20	-1
34	21	Lp
34	22	-1
34	23	Lp
34	24	Lp
34	25	Lp
34	26	Lp
34	27	Lp
34	28	Lp
34	29	-1
34	30	-1
34	31	-1
34	32	Lp
34	33	Lp
34	34	-1
34	35	-1
34	36	L
34	37	L
34	38	Lp
34	39	Lp
34	40	-1
34	41	Lp
34	42	Lp
34	43	Lp
34	44	Lp
34	45	Lp
34	46	Lp
34	47	L
34	48	Lp
34	49	Lp
34	50	Lp
34	51	-1
34	52	Lp
34	53	-1
34	54	-1
34	55	Lp
34	56	Lp
34	57	Lp
34	58	Lp
34	59	Lp
34	60	Lp
34	61	Lp
34	62	Lp
34	63	Lp
34	64	-1
34	65	Lp
34	66	Lp
34	67	Lp
34	68	-1
34	69	Lp
34	70	-1
34	71	Lp
34	72	-1
34	73	Lp
34	74	Lp
34	75	Lp
34	76	-1
34	77	-1
34	78	L
34	79	-1
34	80	L
34	81	L
34	82	Lp
34	83	Lp
34	84	Lp
34	85	L
34	86	Lp
34	87	Lp
34	88	Lp
34	89	Lp
34	90	-1
34	91	Lp
34	92	Lp
34	93	Lp
34	94	Lp
34	95	Lp
34	96	Lp
34	97	-1
34	98	-1
34	99	Lp
34	100	Lp
34	101	-1
34	102	-1
34	103	Lp
34	104	-1
34	105	L
34	106	L
34	107	L
34	108	-1
34	109	Lp
34	110	Lp
34	111	Lp
34	112	Lp
34	113	Lp
34	114	Lp
34	115	-1
34	116	Lp
34	117	-1
34	118	Lp
34	119	Lp
35	0	Lp
35	1	Lp
35	2	-1
35	3	L
35	4	-1
35	5	Lp
35	6	Lp
35	7	Lp
35	8	-1
35	9	-1
35	10	-1
35	11	L
35	12	L
35	13	Lp
35	14	Lp
35	15	Lp
35	16	U
35	17	-1
35	18	Lp
35	19	Lp
35	20	-1
35	21	Lp
35	22	-1
35	23	Lp
35	24	-1
35	25	Lp
35	26	Lp
35	27	Lp
35	28	Lp
35	29	-1
35	30	Lp
35	31	L
35	32	L
35	33	L
35	34	-1
35	35	L
35	36	-1
35	37	-1
35	38	Lp
35	39	Lp
35	40	Lp
35	41	Lp
35	42	Lp
35	43	Lp
35	44	Lp
35	45	Lp
35	46	Lp
35	47	Lp
35	48	Lp
35	49	Lp
35	50	Lp
35	51	Lp
35	52	Lp
35	53	Lp
35	54	-1
35	55	Lp
35	56	Lp
35	57	Lp
35	58	Lp
35	59	-1
35	60	-1
35	61	Lp
35	62	Lp
35	63	Lp
35	64	Lp
35	65	Lp
35	66	Lp
35	67	Lp
35	68	-1
35	69	Lp
35	70	Lp
35	71	-1
35	72	L
35	73	Lp
35	74	Lp
35	75	Lp
35	76	Lp
35	77	Lp
35	78	L
35	79	L
35	80	L
35	81	Lp
35	82	Lp
35	83	Lp
35	84	Lp
35	85	-1
35	86	Lp
35	87	Lp
35	88	-1
35	89	Lp
35	90	L
35	91	-1
35	92	Lp
35	93	-1
35	94	Lp
35	95	Lp
35	96	-1
35	97	Lp
35	98	Lp
35	99	-1
35	100	-1
35	101	Lp
35	102	-1
35	103	Lp
35	104	Lp
35	105	Lp
35	106	L
35	107	-1
35	108	-1
35	109	-1
35	110	Lp
35	111	Lp
35	112	Lp
35	113	-1
35	114	-1
35	115	-1
35	116	Lp
35	117	Lp
35	118	Lp
35	119	-1
36	0	-1
36	1	Lp
36	2	L
36	3	L
36	4	L
36	5	L
36	6	-1
36	7	Lp
36	8	-1
36	9	L
36	10	L
36	11	L
36	12	L
36	13	Lp
36	14	L
36	15	L
36	16	L
36	17	Lp
36	18	-1
36	19	Lp
36	20	Lp
36	21	-1
36	22	Lp
36	23	Lp
36	24	-1
36	25	Lp
36	26	Lp
36	27	Lp
36	28	-1
36	29	Lp
36	30	Lp
36	31	L
36	32	L
36	33	L
36	34	L
36	35	L
36	36	L
36	37	-1
36	38	-1
36	39	Lp
36	40	Lp
36	41	L
36	42	Lp
36	43	Lp
36	44	-1
36	45	Lp
36	46	L
36	47	Lp
36	48	Lp
36	49	-1
36	50	-1
36	51	U
36	52	Lp
36	53	Lp
36	54	Lp
36	55	Lp
36	56	-1
36	57	Lp
36	58	Lp
36	59	Lp
36	60	-1
36	61	Lp
36	62	Lp
36	63	-1
36	64	-1
36	65	Lp
36	66	-1
36	67	Lp
36	68	Lp
36	69	-1
36	70	Lp
36	71	Lp
36	72	L
36	73	Lp
36	74	-1
36	75	Lp
36	76	Lp
36	77	L
36	78	L
36	79	L
36	80	L
36	81	L
36	82	L
36	83	Lp
36	84	Lp
36	85	Lp
36	86	Lp
36	87	Lp
36	88	L
36	89	L
36	90	Lp
36	91	Lp
36	92	-1
36	93	Lp
36	94	Lp
36	95	-1
36	96	Lp
36	97	Lp
36	98	Lp
36	99	-1
36	100	Lp
36	101	Lp
36	102	Lp
36	103	-1
36	104	Lp
36	105	Lp
36	106	Lp
36	107	-1
36	108	Lp
36	109	Lp
36	110	Lp
36	111	Lp
36	112	Lp
36	113	Lp
36	114	Lp
36	115	Lp
36	116	Lp
36	117	Lp
36	118	Lp
36	119	Lp
37	0	Lp
37	1	Lp
37	2	L
37	3	L
37	4	L
37	5	L
37	6	L
37	7	-1
37	8	Lp
37	9	L
37	10	L
37	11	Lp
37	12	Lp
37	13	Lp
37	14	L
37	15	Lp
37	16	Lp
37	17	-1
37	18	Lp
37	19	Lp
37	20	Lp
37	21	-1
37	22	Lp
37	23	Lp
37	24	-1
37	25	Lp
37	26	Lp
37	27	Lp
37	28	L
37	29	Lp
37	30	L
37	31	L
37	32	L
37	33	L
37	34	L
37	35	L
37	36	-1
37	37	L
37	38	L
37	39	Lp
37	40	Lp
37	41	Lp
37	42	-1
37	43	L
37	44	-1
37	45	Lp
37	46	Lp
37	47	Lp
37	48	Lp
37	49	Lp
37	50	Lp
37	51	Lp
37	52	U
37	53	Lp
37	54	-1
37	55	Lp
37	56	Lp
37	57	Lp
37	58	Lp
37	59	Lp
37	60	Lp
37	61	Lp
37	62	Lp
37	63	Lp
37	64	Lp
37	65	Lp
37	66	Lp
37	67	Lp
37	68	Lp
37	69	L
37	70	L
37	71	-1
37	72	L
37	73	L
37	74	Lp
37	75	-1
37	76	-1
37	77	L
37	78	-1
37	79	Lp
37	80	Lp
37	81	L
37	82	-1
37	83	Lp
37	84	Lp
37	85	Lp
37	86	Lp
37	87	L
37	88	L
37	89	L
37	90	L
37	91	-1
37	92	Lp
37	93	-1
37	94	-1
37	95	Lp
37	96	Lp
37	97	Lp
37	98	Lp
37	99	Lp
37	100	-1
37	101	-1
37	102	-1
37	103	Lp
37	104	Lp
37	105	-1
37	106	Lp
37	107	-1
37	108	Lp
37	109	Lp
37	110	Lp
37	111	Lp
37	112	Lp
37	113	-1
37	114	Lp
37	115	Lp
37	116	Lp
37	117	Lp
37	118	Lp
37	119	Lp
38	0	Lp
38	1	U
38	2	U
38	3	Lp
38	4	Lp
38	5	Lp
38	6	L
38	7	Lp
38	8	Lp
38	9	L
38	10	Lp
38	11	Lp
38	12	Lp
38	13	L
38	14	L
38	15	L
38	16	-1
38	17	Lp
38	18	Lp
38	19	-1
38	20	Lp
38	21	Lp
38	22	Lp
38	23	Lp
38	24	-1
38	25	Lp
38	26	Lp
38	27	Lp
38	28	Lp
38	29	L
38	30	L
38	31	L
38	32	L
38	33	L
38	34	L
38	35	L
38	36	L
38	37	U
38	38	Lp
38	39	Lp
38	40	Lp
38	41	Lp
38	42	-1
38	43	L
38	44	Lp
38	45	Lp
38	46	Lp
38	47	Lp
38	48	Lp
38	49	Lp
38	50	Lp
38	51	Lp
38	52	-1
38	53	-1
38	54	Lp
38	55	Lp
38	56	Lp
38	57	-1
38	58	Lp
38	59	Lp
38	60	Lp
38	61	-1
38	62	-1
38	63	Lp
38	64	Lp
38	65	Lp
38	66	Lp
38	67	-1
38	68	L
38	69	-1
38	70	L
38	71	L
38	72	-1
38	73	-1
38	74	L
38	75	L
38	76	L
38	77	L
38	78	L
38	79	-1
38	80	Lp
38	81	Lp
38	82	Lp
38	83	Lp
38	84	Lp
38	85	Lp
38	86	L
38	87	L
38	88	-1
38	89	Lp
38	90	-1
38	91	-1
38	92	Lp
38	93	Lp
38	94	-1
38	95	Lp
38	96	-1
38	97	Lp
38	98	-1
38	99	Lp
38	100	Lp
38	101	Lp
38	102	Lp
38	103	Lp
38	104	-1
38	105	Lp
38	106	-1
38	107	Lp
38	108	Lp
38	109	Lp
38	110	Lp
38	111	Lp
38	112	-1
38	113	Lp
38	114	Lp
38	115	-1
38	116	Lp
38	117	Lp
38	118	-1
38	119	Lp
39	0	Lp
39	1	-1
39	2	Lp
39	3	Lp
39	4	L
39	5	Lp
39	6	L
39	7	Lp
39	8	Lp
39	9	Lp
39	10	Lp
39	11	-1
39	12	L
39	13	Lp
39	14	L
39	15	-1
39	16	-1
39	17	L
39	18	Lp
39	19	Lp
39	20	Lp
39	21	L
39	22	L
39	23	L
39	24	-1
39	25	Lp
39	26	-1
39	27	L
39	28	-1
39	29	L
39	30	L
39	31	L
39	32	L
39	33	L
39	34	L
39	35	L
39	36	L
39	37	Lp
39	38	U
39	39	Lp
39	40	Lp
39	41	L
39	42	L
39	43	L
39	44	L
39	45	Lp
39	46	Lp
39	47	L
39	48	L
39	49	-1
39	50	Lp
39	51	Lp
39	52	Lp
39	53	Lp
39	54	Lp
39	55	Lp
39	56	Lp
39	57	Lp
39	58	Lp
39	59	Lp
39	60	Lp
39	61	-1
39	62	Lp
39	63	U
39	64	Lp
39	65	Lp
39	66	-1
39	67	Lp
39	68	L
39	69	-1
39	70	L
39	71	L
39	72	L
39	73	L
39	74	L
39	75	L
39	76	L
39	77	Lp
39	78	Lp
39	79	L
39	80	-1
39	81	-1
39	82	-1
39	83	-1
39	84	Lp
39	85	-1
39	86	Lp
39	87	-1
39	88	Lp
39	89	Lp
39	90	-1
39	91	-1
39	92	Lp
39	93	Lp
39	94	Lp
39	95	Lp
39	96	Lp
39	97	Lp
39	98	Lp
39	99	Lp
39	100	Lp
39	101	Lp
39	102	Lp
39	103	Lp
39	104	-1
39	105	Lp
39	106	-1
39	107	-1
39	108	Lp
39	109	Lp
39	110	Lp
39	111	Lp
39	112	-1
39	113	-1
39	114	Lp
39	115	Lp
39	116	Lp
39	117	Lp
39	118	Lp
39	119	Lp
40	0	Lp
40	1	Lp
40	2	Lp
40	3	-1
40	4	Lp
40	5	L
40	6	Lp
40	7	Lp
40	8	Lp
40	9	Lp
40	10	Lp
40	11	-1
40	12	L
40	13	Lp
40	14	-1
40	15	-1
40	16	L
40	17	L
40	18	-1
40	19	L
40	20	L
40	21	-1
40	22	-1
40	23	-1
40	24	L
40	25	L
40	26	Lp
40	27	Lp
40	28	Lp
40	29	-1
40	30	L
40	31	L
40	32	-1
40	33	L
40	34	L
40	35	L
40	36	L
40	37	L
40	38	L
40	39	L
40	40	Lp
40	41	L
40	42	L
40	43	-1
40	44	L
40	45	L
40	46	L
40	47	Lp
40	48	L
40	49	-1
40	50	L
40	51	L
40	52	Lp
40	53	Lp
40	54	Lp
40	55	L
40	56	L
40	57	Lp
40	58	Lp
40	59	-1
40	60	Lp
40	61	Lp
40	62	Lp
40	63	Lp
40	64	L
40	65	Lp
40	66	Lp
40	67	L
40	68	L
40	69	L
40	70	Lp
40	71	-1
40	72	L
40	73	-1
40	74	L
40	75	-1
40	76	L
40	77	L
40	78	L
40	79	Lp
40	80	-1
40	81	Lp
40	82	Lp
40	83	Lp
40	84	Lp
40	85	Lp
40	86	L
40	87	L
40	88	L
40	89	L
40	90	Lp
40	91	Lp
40	92	Lp
40	93	-1
40	94	Lp
40	95	Lp
40	96	Lp
40	97	-1
40	98	Lp
40	99	Lp
40	100	Lp
40	101	Lp
40	102	Lp
40	103	Lp
40	104	-1
40	105	Lp
40	106	-1
40	107	-1
40	108	-1
40	109	Lp
40	110	Lp
40	111	-1
40	112	Lp
40	113	Lp
40	114	Lp
40	115	Lp
40	116	Lp
40	117	-1
40	118	U
40	119	-1
41	0	-1
41	1	-1
41	2	L
41	3	-1
41	4	Lp
41	5	-1
41	6	Lp
41	7	Lp
41	8	Lp
41	9	Lp
41	10	Lp
41	11	Lp
41	12	L
41	13	L
41	14	L
41	15	L
41	16	L
41	17	-1
41	18	Lp
41	19	L
41	20	Lp
41	21	-1
41	22	L
41	23	L
41	24	Lp
41	25	L
41	26	Lp
41	27	-1
41	28	Lp
41	29	Lp
41	30	L
41	31	L
41	32	L
41	33	L
41	34	-1
41	35	-1
41	36	L
41	37	-1
41	38	L
41	39	L
41	40	-1
41	41	Lp
41	42	L
41	43	L
41	44	-1
41	45	Lp
41	46	L
41	47	L
41	48	-1
41	49	L
41	50	L
41	51	Lp
41	52	Lp
41	53	Lp
41	54	-1
41	55	-1
41	56	-1
41	57	L
41	58	L
41	59	Lp
41	60	Lp
41	61	Lp
41	62	L
41	63	L
41	64	L
41	65	L
41	66	L
41	67	Lp
41	68	L
41	69	-1
41	70	Lp
41	71	L
41	72	L
41	73	L
41	74	L
41	75	Lp
41	76	Lp
41	77	L
41	78	L
41	79	Lp
41	80	Lp
41	81	Lp
41	82	-1
41	83	Lp
41	84	Lp
41	85	Lp
41	86	L
41	87	L
41	88	L
41	89	L
41	90	Lp
41	91	-1
41	92	Lp
41	93	Lp
41	94	Lp
41	95	Lp
41	96	-1
41	97	Lp
41	98	Lp
41	99	Lp
41	100	Lp
41	101	Lp
41	102	Lp
41	103	Lp
41	104	Lp
41	105	Lp
41	106	-1
41	107	Lp
41	108	Lp
41	109	-1
41	110	-1
41	111	Lp
41	112	Lp
41	113	Lp
41	114	Lp
41	115	Lp
41	116	Lp
41	117	Lp
41	118	Lp
41	119	Lp
42	0	Lp
42	1	Lp
42	2	Lp
42	3	-1
42	4	Lp
42	5	Lp
42	6	Lp
42	7	Lp
42	8	Lp
42	9	Lp
42	10	Lp
42	11	L
42	12	-1
42	13	L
42	14	L
42	15	-1
42	16	-1
42	17	L
42	18	L
42	19	Lp
42	20	-1
42	21	-1
42	22	-1
42	23	Lp
42	24	Lp
42	25	Lp
42	26	Lp
42	27	Lp
42	28	-1
42	29	-1
42	30	Lp
42	31	L
42	32	L
42	33	L
42	34	L
42	35	L
42	36	-1
42	37	L
42	38	L
42	39	L
42	40	Lp
42	41	Lp
42	42	Lp
42	43	-1
42	44	-1
42	45	Lp
42	46	L
42	47	-1
42	48	L
42	49	L
42	50	L
42	51	L
42	52	L
42	53	-1
42	54	Lp
42	55	Lp
42	56	Lp
42	57	L
42	58	-1
42	59	L
42	60	Lp
42	61	Lp
42	62	Lp
42	63	Lp
42	64	Lp
42	65	L
42	66	-1
42	67	Lp
42	68	Lp
42	69	Lp
42	70	Lp
42	71	-1
42	72	L
42	73	L
42	74	-1
42	75	Lp
42	76	Lp
42	77	Lp
42	78	Lp
42	79	L
42	80	Lp
42	81	Lp
42	82	U
42	83	Lp
42	84	Lp
42	85	Lp
42	86	Lp
42	87	L
42	88	L
42	89	L
42	90	Lp
42	91	-1
42	92	Lp
42	93	Lp
42	94	Lp
42	95	Lp
42	96	Lp
42	97	-1
42	98	Lp
42	99	-1
42	100	Lp
42	101	-1
42	102	-1
42	103	-1
42	104	Lp
42	105	Lp
42	106	Lp
42	107	Lp
42	108	Lp
42	109	Lp
42	110	Lp
42	111	-1
42	112	-1
42	113	Lp
42	114	Lp
42	115	Lp
42	116	Lp
42	117	Lp
42	118	-1
42	119	Lp
43	0	Lp
43	1	Lp
43	2	-1
43	3	-1
43	4	Lp
43	5	-1
43	6	Lp
43	7	-1
43	8	Lp
43	9	Lp
43	10	L
43	11	L
43	12	L
43	13	L
43	14	L
43	15	L
43	16	Lp
43	17	Lp
43	18	L
43	19	-1
43	20	U
43	21	U
43	22	Lp
43	23	-1
43	24	Lp
43	25	Lp
43	26	Lp
43	27	L
43	28	-1
43	29	Lp
43	30	Lp
43	31	-1
43	32	L
43	33	L
43	34	L
43	35	L
43	36	L
43	37	L
43	38	L
43	39	Lp
43	40	Lp
43	41	Lp
43	42	-1
43	43	Lp
43	44	Lp
43	45	Lp
43	46	L
43	47	L
43	48	L
43	49	L
43	50	-1
43	51	L
43	52	L
43	53	Lp
43	54	Lp
43	55	-1
43	56	Lp
43	57	L
43	58	Lp
43	59	L
43	60	L
43	61	L
43	62	L
43	63	L
43	64	-1
43	65	U
43	66	L
43	67	L
43	68	-1
43	69	Lp
43	70	-1
43	71	Lp
43	72	L
43	73	L
43	74	L
43	75	L
43	76	L
43	77	Lp
43	78	-1
43	79	Lp
43	80	L
43	81	Lp
43	82	-1
43	83	-1
43	84	-1
43	85	-1
43	86	Lp
43	87	Lp
43	88	Lp
43	89	Lp
43	90	Lp
43	91	Lp
43	92	Lp
43	93	-1
43	94	Lp
43	95	Lp
43	96	Lp
43	97	Lp
43	98	Lp
43	99	Lp
43	100	Lp
43	101	-1
43	102	Lp
43	103	Lp
43	104	Lp
43	105	Lp
43	106	-1
43	107	Lp
43	108	-1
43	109	Lp
43	110	-1
43	111	Lp
43	112	-1
43	113	-1
43	114	Lp
43	115	Lp
43	116	Lp
43	117	Lp
43	118	Lp
43	119	-1
44	0	Lp
44	1	Lp
44	2	-1
44	3	L
44	4	-1
44	5	Lp
44	6	Lp
44	7	L
44	8	-1
44	9	L
44	10	Lp
44	11	L
44	12	Lp
44	13	Lp
44	14	Lp
44	15	-1
44	16	Lp
44	17	Lp
44	18	-1
44	19	Lp
44	20	U
44	21	U
44	22	Lp
44	23	Lp
44	24	-1
44	25	U
44	26	U
44	27	-1
44	28	L
44	29	-1
44	30	L
44	31	L
44	32	L
44	33	-1
44	34	-1
44	35	L
44	36	L
44	37	Lp
44	38	L
44	39	L
44	40	Lp
44	41	-1
44	42	Lp
44	43	Lp
44	44	Lp
44	45	-1
44	46	L
44	47	-1
44	48	L
44	49	-1
44	50	L
44	51	L
44	52	Lp
44	53	Lp
44	54	-1
44	55	Lp
44	56	Lp
44	57	Lp
44	58	Lp
44	59	Lp
44	60	-1
44	61	Lp
44	62	L
44	63	L
44	64	L
44	65	L
44	66	L
44	67	L
44	68	-1
44	69	-1
44	70	Lp
44	71	Lp
44	72	L
44	73	L
44	74	L
44	75	L
44	76	L
44	77	-1
44	78	L
44	79	-1
44	80	Lp
44	81	Lp
44	82	-1
44	83	-1
44	84	Lp
44	85	Lp
44	86	Lp
44	87	Lp
44	88	Lp
44	89	Lp
44	90	-1
44	91	Lp
44	92	Lp
44	93	Lp
44	94	Lp
44	95	U
44	96	Lp
44	97	Lp
44	98	-1
44	99	-1
44	100	Lp
44	101	Lp
44	102	Lp
44	103	-1
44	104	Lp
44	105	Lp
44	106	Lp
44	107	Lp
44	108	Lp
44	109	Lp
44	110	Lp
44	111	-1
44	112	-1
44	113	Lp
44	114	-1
44	115	U
44	116	Lp
44	117	Lp
44	118	Lp
44	119	Lp
45	0	Lp
45	1	Lp
45	2	-1
45	3	L
45	4	-1
45	5	Lp
45	6	-1
45	7	-1
45	8	-1
45	9	Lp
45	10	L
45	11	Lp
45	12	-1
45	13	Lp
45	14	Lp
45	15	Lp
45	16	-1
45	17	Lp
45	18	Lp
45	19	Lp
45	20	-1
45	21	Lp
45	22	Lp
45	23	Lp
45	24	L
45	25	U
45	26	U
45	27	U
45	28	L
45	29	L
45	30	U
45	31	L
45	32	L
45	33	-1
45	34	L
45	35	L
45	36	-1
45	37	-1
45	38	Lp
45	39	L
45	40	Lp
45	41	-1
45	42	-1
45	43	L
45	44	L
45	45	L
45	46	L
45	47	-1
45	48	-1
45	49	L
45	50	L
45	51	-1
45	52	L
45	53	-1
45	54	Lp
45	55	Lp
45	56	Lp
45	57	Lp
45	58	L
45	59	Lp
45	60	-1
45	61	Lp
45	62	-1
45	63	L
45	64	L
45	65	L
45	66	L
45	67	L
45	68	L
45	69	L
45	70	Lp
45	71	Lp
45	72	Lp
45	73	L
45	74	L
45	75	L
45	76	L
45	77	L
45	78	L
45	79	-1
45	80	-1
45	81	Lp
45	82	-1
45	83	Lp
45	84	Lp
45	85	Lp
45	86	Lp
45	87	-1
45	88	-1
45	89	-1
45	90	Lp
45	91	Lp
45	92	Lp
45	93	Lp
45	94	-1
45	95	Lp
45	96	Lp
45	97	Lp
45	98	-1
45	99	Lp
45	100	Lp
45	101	Lp
45	102	Lp
45	103	Lp
45	104	-1
45	105	Lp
45	106	Lp
45	107	Lp
45	108	Lp
45	109	Lp
45	110	-1
45	111	Lp
45	112	Lp
45	113	Lp
45	114	U
45	115	Lp
45	116	Lp
45	117	Lp
45	118	Lp
45	119	-1
46	0	L
46	1	Lp
46	2	Lp
46	3	Lp
46	4	L
46	5	L
46	6	Lp
46	7	L
46	8	Lp
46	9	L
46	10	Lp
46	11	L
46	12	L
46	13	L
46	14	L
46	15	Lp
46	16	Lp
46	17	Lp
46	18	Lp
46	19	-1
46	20	Lp
46	21	-1
46	22	Lp
46	23	-1
46	24	Lp
46	25	U
46	26	Lp
46	27	U
46	28	U
46	29	-1
46	30	Lp
46	31	-1
46	32	L
46	33	L
46	34	-1
46	35	L
46	36	-1
46	37	-1
46	38	L
46	39	Lp
46	40	Lp
46	41	L
46	42	Lp
46	43	Lp
46	44	-1
46	45	L
46	46	L
46	47	-1
46	48	-1
46	49	L
46	50	-1
46	51	-1
46	52	-1
46	53	Lp
46	54	Lp
46	55	Lp
46	56	-1
46	57	Lp
46	58	L
46	59	-1
46	60	Lp
46	61	Lp
46	62	Lp
46	63	Lp
46	64	L
46	65	L
46	66	L
46	67	L
46	68	L
46	69	L
46	70	Lp
46	71	Lp
46	72	Lp
46	73	L
46	74	L
46	75	L
46	76	-1
46	77	L
46	78	L
46	79	-1
46	80	L
46	81	L
46	82	Lp
46	83	Lp
46	84	Lp
46	85	Lp
46	86	Lp
46	87	-1
46	88	Lp
46	89	Lp
46	90	Lp
46	91	Lp
46	92	Lp
46	93	Lp
46	94	Lp
46	95	Lp
46	96	Lp
46	97	U
46	98	Lp
46	99	Lp
46	100	Lp
46	101	Lp
46	102	Lp
46	103	Lp
46	104	Lp
46	105	Lp
46	106	-1
46	107	Lp
46	108	Lp
46	109	Lp
46	110	-1
46	111	Lp
46	112	-1
46	113	Lp
46	114	Lp
46	115	Lp
46	116	Lp
46	117	-1
46	118	Lp
46	119	L
47	0	L
47	1	L
47	2	Lp
47	3	L
47	4	L
47	5	Lp
47	6	L
47	7	-1
47	8	L
47	9	Lp
47	10	Lp
47	11	Lp
47	12	-1
47	13	L
47	14	L
47	15	Lp
47	16	Lp
47	17	Lp
47	18	Lp
47	19	Lp
47	20	Lp
47	21	Lp
47	22	U
47	23	Lp
47	24	Lp
47	25	Lp
47	26	Lp
47	27	Lp
47	28	Lp
47	29	-1
47	30	Lp
47	31	Lp
47	32	-1
47	33	L
47	34	-1
47	35	Lp
47	36	-1
47	37	L
47	38	Lp
47	39	Lp
47	40	Lp
47	41	Lp
47	42	Lp
47	43	L
47	44	L
47	45	L
47	46	L
47	47	L
47	48	L
47	49	L
47	50	L
47	51	L
47	52	L
47	53	L
47	54	Lp
47	55	Lp
47	56	-1
47	57	Lp
47	58	-1
47	59	L
47	60	L
47	61	-1
47	62	Lp
47	63	-1
47	64	L
47	65	U
47	66	L
47	67	L
47	68	L
47	69	L
47	70	Lp
47	71	-1
47	72	-1
47	73	L
47	74	L
47	75	L
47	76	L
47	77	-1
47	78	-1
47	79	L
47	80	-1
47	81	-1
47	82	Lp
47	83	Lp
47	84	Lp
47	85	Lp
47	86	Lp
47	87	Lp
47	88	Lp
47	89	Lp
47	90	Lp
47	91	Lp
47	92	Lp
47	93	-1
47	94	Lp
47	95	-1
47	96	Lp
47	97	Lp
47	98	Lp
47	99	Lp
47	100	Lp
47	101	Lp
47	102	Lp
47	103	Lp
47	104	Lp
47	105	Lp
47	106	Lp
47	107	Lp
47	108	Lp
47	109	Lp
47	110	Lp
47	111	Lp
47	112	Lp
47	113	Lp
47	114	Lp
47	115	Lp
47	116	Lp
47	117	-1
47	118	-1
47	119	L
48	0	Lp
48	1	L
48	2	L
48	3	L
48	4	Lp
48	5	L
48	6	-1
48	7	L
48	8	Lp
48	9	Lp
48	10	Lp
48	11	Lp
48	12	-1
48	13	Lp
48	14	Lp
48	15	Lp
48	16	Lp
48	17	-1
48	18	Lp
48	19	Lp
48	20	Lp
48	21	Lp
48	22	Lp
48	23	Lp
48	24	Lp
48	25	L
48	26	L
48	27	-1
48	28	Lp
48	29	Lp
48	30	U
48	31	-1
48	32	L
48	33	L
48	34	-1
48	35	Lp
48	36	Lp
48	37	Lp
48	38	Lp
48	39	Lp
48	40	Lp
48	41	-1
48	42	-1
48	43	L
48	44	Lp
48	45	Lp
48	46	-1
48	47	Lp
48	48	L
48	49	L
48	50	L
48	51	L
48	52	L
48	53	Lp
48	54	Lp
48	55	-1
48	56	-1
48	57	Lp
48	58	L
48	59	L
48	60	L
48	61	Lp
48	62	Lp
48	63	Lp
48	64	U
48	65	-1
48	66	-1
48	67	L
48	68	Lp
48	69	-1
48	70	Lp
48	71	-1
48	72	-1
48	73	L
48	74	L
48	75	-1
48	76	L
48	77	Lp
48	78	Lp
48	79	L
48	80	Lp
48	81	L
48	82	Lp
48	83	U
48	84	Lp
48	85	-1
48	86	-1
48	87	Lp
48	88	Lp
48	89	Lp
48	90	Lp
48	91	Lp
48	92	Lp
48	93	Lp
48	94	Lp
48	95	Lp
48	96	Lp
48	97	Lp
48	98	-1
48	99	Lp
48	100	-1
48	101	Lp
48	102	Lp
48	103	-1
48	104	Lp
48	105	Lp
48	106	Lp
48	107	Lp
48	108	-1
48	109	Lp
48	110	-1
48	111	Lp
48	112	Lp
48	113	-1
48	114	Lp
48	115	Lp
48	116	Lp
48	117	Lp
48	118	-1
48	119	L
49	0	L
49	1	L
49	2	-1
49	3	-1
49	4	L
49	5	L
49	6	L
49	7	-1
49	8	Lp
49	9	Lp
49	10	Lp
49	11	Lp
49	12	Lp
49	13	Lp
49	14	-1
49	15	Lp
49	16	Lp
49	17	-1
49	18	Lp
49	19	Lp
49	20	Lp
49	21	Lp
49	22	Lp
49	23	Lp
49	24	Lp
49	25	-1
49	26	L
49	27	U
49	28	Lp
49	29	U
49	30	U
49	31	L
49	32	L
49	33	Lp
49	34	U
49	35	Lp
49	36	Lp
49	37	-1
49	38	-1
49	39	Lp
49	40	Lp
49	41	Lp
49	42	L
49	43	Lp
49	44	Lp
49	45	-1
49	46	Lp
49	47	L
49	48	L
49	49	L
49	50	-1
49	51	-1
49	52	L
49	53	-1
49	54	Lp
49	55	L
49	56	Lp
49	57	L
49	58	L
49	59	L
49	60	L
49	61	Lp
49	62	U
49	63	Lp
49	64	Lp
49	65	-1
49	66	-1
49	67	L
49	68	L
49	69	-1
49	70	L
49	71	L
49	72	L
49	73	L
49	74	L
49	75	Lp
49	76	Lp
49	77	-1
49	78	L
49	79	Lp
49	80	Lp
49	81	Lp
49	82	Lp
49	83	-1
49	84	-1
49	85	-1
49	86	Lp
49	87	-1
49	88	Lp
49	89	Lp
49	90	Lp
49	91	Lp
49	92	Lp
49	93	Lp
49	94	Lp
49	95	Lp
49	96	Lp
49	97	Lp
49	98	-1
49	99	Lp
49	100	Lp
49	101	Lp
49	102	Lp
49	103	Lp
49	104	Lp
49	105	Lp
49	106	Lp
49	107	Lp
49	108	Lp
49	109	Lp
49	110	Lp
49	111	Lp
49	112	-1
49	113	-1
49	114	Lp
49	115	L
49	116	L
49	117	L
49	118	Lp
49	119	Lp
50	0	-1
50	1	L
50	2	L
50	3	L
50	4	L
50	5	-1
50	6	Lp
50	7	L
50	8	L
50	9	Lp
50	10	Lp
50	11	-1
50	12	Lp
50	13	-1
50	14	Lp
50	15	Lp
50	16	Lp
50	17	Lp
50	18	-1
50	19	Lp
50	20	Lp
50	21	Lp
50	22	Lp
50	23	Lp
50	24	Lp
50	25	-1
50	26	Lp
50	27	L
50	28	-1
50	29	U
50	30	U
50	31	L
50	32	Lp
50	33	-1
50	34	U
50	35	U
50	36	-1
50	37	Lp
50	38	Lp
50	39	Lp
50	40	-1
50	41	Lp
50	42	Lp
50	43	Lp
50	44	Lp
50	45	Lp
50	46	Lp
50	47	-1
50	48	Lp
50	49	Lp
50	50	-1
50	51	Lp
50	52	Lp
50	53	Lp
50	54	L
50	55	Lp
50	56	L
50	57	L
50	58	L
50	59	L
50	60	Lp
50	61	-1
50	62	Lp
50	63	-1
50	64	Lp
50	65	Lp
50	66	L
50	67	-1
50	68	L
50	69	L
50	70	L
50	71	L
50	72	L
50	73	L
50	74	L
50	75	L
50	76	Lp
50	77	-1
50	78	L
50	79	L
50	80	-1
50	81	Lp
50	82	Lp
50	83	Lp
50	84	Lp
50	85	-1
50	86	-1
50	87	Lp
50	88	Lp
50	89	-1
50	90	Lp
50	91	Lp
50	92	-1
50	93	Lp
50	94	Lp
50	95	Lp
50	96	Lp
50	97	Lp
50	98	Lp
50	99	Lp
50	100	Lp
50	101	Lp
50	102	-1
50	103	-1
50	104	-1
50	105	Lp
50	106	Lp
50	107	Lp
50	108	Lp
50	109	Lp
50	110	Lp
50	111	-1
50	112	Lp
50	113	Lp
50	114	Lp
50	115	L
50	116	L
50	117	-1
50	118	L
50	119	L
51	0	-1
51	1	L
51	2	L
51	3	Lp
51	4	-1
51	5	L
51	6	L
51	7	L
51	8	L
51	9	Lp
51	10	L
51	11	Lp
51	12	-1
51	13	L
51	14	Lp
51	15	Lp
51	16	Lp
51	17	L
51	18	-1
51	19	Lp
51	20	Lp
51	21	Lp
51	22	-1
51	23	-1
51	24	Lp
51	25	Lp
51	26	L
51	27	L
51	28	L
51	29	-1
51	30	Lp
51	31	Lp
51	32	Lp
51	33	Lp
51	34	-1
51	35	U
51	36	Lp
51	37	U
51	38	Lp
51	39	L
51	40	L
51	41	Lp
51	42	Lp
51	43	Lp
51	44	-1
51	45	L
51	46	-1
51	47	Lp
51	48	Lp
51	49	-1
51	50	Lp
51	51	Lp
51	52	Lp
51	53	Lp
51	54	Lp
51	55	Lp
51	56	Lp
51	57	Lp
51	58	-1
51	59	U
51	60	Lp
51	61	Lp
51	62	-1
51	63	Lp
51	64	Lp
51	65	Lp
51	66	L
51	67	L
51	68	L
51	69	-1
51	70	-1
51	71	L
51	72	Lp
51	73	L
51	74	L
51	75	L
51	76	L
51	77	L
51	78	L
51	79	Lp
51	80	Lp
51	81	-1
51	82	Lp
51	83	Lp
51	84	-1
51	85	-1
51	86	L
51	87	Lp
51	88	Lp
51	89	Lp
51	90	Lp
51	91	Lp
51	92	-1
51	93	Lp
51	94	Lp
51	95	Lp
51	96	-1
51	97	-1
51	98	U
51	99	Lp
51	100	-1
51	101	-1
51	102	U
51	103	Lp
51	104	Lp
51	105	Lp
51	106	Lp
51	107	Lp
51	108	Lp
51	109	Lp
51	110	Lp
51	111	-1
51	112	Lp
51	113	Lp
51	114	Lp
51	115	L
51	116	L
51	117	L
51	118	L
51	119	L
52	0	L
52	1	L
52	2	-1
52	3	-1
52	4	-1
52	5	L
52	6	L
52	7	L
52	8	L
52	9	-1
52	10	L
52	11	Lp
52	12	Lp
52	13	L
52	14	Lp
52	15	Lp
52	16	L
52	17	Lp
52	18	L
52	19	Lp
52	20	Lp
52	21	L
52	22	Lp
52	23	Lp
52	24	Lp
52	25	-1
52	26	Lp
52	27	L
52	28	Lp
52	29	-1
52	30	Lp
52	31	Lp
52	32	Lp
52	33	-1
52	34	U
52	35	-1
52	36	U
52	37	Lp
52	38	Lp
52	39	Lp
52	40	Lp
52	41	Lp
52	42	Lp
52	43	Lp
52	44	L
52	45	Lp
52	46	L
52	47	Lp
52	48	-1
52	49	Lp
52	50	Lp
52	51	Lp
52	52	-1
52	53	-1
52	54	-1
52	55	Lp
52	56	-1
52	57	-1
52	58	Lp
52	59	Lp
52	60	-1
52	61	Lp
52	62	Lp
52	63	-1
52	64	Lp
52	65	Lp
52	66	-1
52	67	Lp
52	68	-1
52	69	Lp
52	70	Lp
52	71	L
52	72	L
52	73	L
52	74	L
52	75	-1
52	76	L
52	77	-1
52	78	L
52	79	L
52	80	L
52	81	Lp
52	82	-1
52	83	L
52	84	L
52	85	-1
52	86	L
52	87	Lp
52	88	Lp
52	89	Lp
52	90	Lp
52	91	Lp
52	92	Lp
52	93	Lp
52	94	Lp
52	95	Lp
52	96	Lp
52	97	Lp
52	98	U
52	99	Lp
52	100	Lp
52	101	Lp
52	102	Lp
52	103	Lp
52	104	Lp
52	105	Lp
52	106	Lp
52	107	Lp
52	108	Lp
52	109	-1
52	110	Lp
52	111	-1
52	112	Lp
52	113	Lp
52	114	Lp
52	115	Lp
52	116	U
52	117	L
52	118	Lp
52	119	-1
53	0	L
53	1	L
53	2	L
53	3	-1
53	4	Lp
53	5	L
53	6	-1
53	7	L
53	8	-1
53	9	L
53	10	L
53	11	L
53	12	-1
53	13	Lp
53	14	Lp
53	15	Lp
53	16	-1
53	17	L
53	18	Lp
53	19	Lp
53	20	L
53	21	L
53	22	-1
53	23	-1
53	24	Lp
53	25	Lp
53	26	Lp
53	27	Lp
53	28	L
53	29	L
53	30	-1
53	31	Lp
53	32	Lp
53	33	Lp
53	34	Lp
53	35	Lp
53	36	-1
53	37	L
53	38	-1
53	39	L
53	40	L
53	41	-1
53	42	L
53	43	L
53	44	L
53	45	L
53	46	Lp
53	47	Lp
53	48	Lp
53	49	Lp
53	50	Lp
53	51	Lp
53	52	Lp
53	53	Lp
53	54	Lp
53	55	Lp
53	56	Lp
53	57	-1
53	58	Lp
53	59	Lp
53	60	Lp
53	61	Lp
53	62	-1
53	63	-1
53	64	-1
53	65	Lp
53	66	Lp
53	67	Lp
53	68	Lp
53	69	Lp
53	70	Lp
53	71	Lp
53	72	L
53	73	-1
53	74	Lp
53	75	Lp
53	76	L
53	77	L
53	78	L
53	79	L
53	80	L
53	81	L
53	82	L
53	83	L
53	84	L
53	85	L
53	86	L
53	87	-1
53	88	-1
53	89	-1
53	90	L
53	91	Lp
53	92	Lp
53	93	Lp
53	94	Lp
53	95	Lp
53	96	Lp
53	97	-1
53	98	Lp
53	99	-1
53	100	Lp
53	101	Lp
53	102	-1
53	103	Lp
53	104	-1
53	105	Lp
53	106	-1
53	107	Lp
53	108	Lp
53	109	Lp
53	110	Lp
53	111	Lp
53	112	Lp
53	113	L
53	114	-1
53	115	L
53	116	-1
53	117	Lp
53	118	Lp
53	119	L
54	0	L
54	1	L
54	2	Lp
54	3	Lp
54	4	-1
54	5	L
54	6	-1
54	7	L
54	8	Lp
54	9	Lp
54	10	L
54	11	L
54	12	L
54	13	Lp
54	14	Lp
54	15	-1
54	16	-1
54	17	L
54	18	Lp
54	19	Lp
54	20	Lp
54	21	L
54	22	L
54	23	Lp
54	24	Lp
54	25	Lp
54	26	Lp
54	27	Lp
54	28	Lp
54	29	L
54	30	L
54	31	L
54	32	-1
54	33	Lp
54	34	-1
54	35	Lp
54	36	Lp
54	37	-1
54	38	L
54	39	L
54	40	-1
54	41	-1
54	42	-1
54	43	-1
54	44	L
54	45	Lp
54	46	-1
54	47	Lp
54	48	Lp
54	49	Lp
54	50	-1
54	51	Lp
54	52	Lp
54	53	Lp
54	54	Lp
54	55	Lp
54	56	U
54	57	Lp
54	58	-1
54	59	U
54	60	Lp
54	61	-1
54	62	-1
54	63	Lp
54	64	-1
54	65	Lp
54	66	Lp
54	67	Lp
54	68	Lp
54	69	Lp
54	70	Lp
54	71	L
54	72	L
54	73	-1
54	74	L
54	75	-1
54	76	-1
54	77	-1
54	78	L
54	79	L
54	80	L
54	81	L
54	82	L
54	83	L
54	84	-1
54	85	L
54	86	-1
54	87	L
54	88	L
54	89	-1
54	90	L
54	91	Lp
54	92	Lp
54	93	Lp
54	94	-1
54	95	Lp
54	96	Lp
54	97	Lp
54	98	-1
54	99	Lp
54	100	-1
54	101	Lp
54	102	-1
54	103	Lp
54	104	Lp
54	105	Lp
54	106	Lp
54	107	-1
54	108	Lp
54	109	Lp
54	110	Lp
54	111	-1
54	112	Lp
54	113	Lp
54	114	L
54	115	L
54	116	L
54	117	Lp
54	118	Lp
54	119	L
55	0	L
55	1	L
55	2	Lp
55	3	Lp
55	4	L
55	5	L
55	6	Lp
55	7	-1
55	8	-1
55	9	Lp
55	10	-1
55	11	L
55	12	Lp
55	13	Lp
55	14	Lp
55	15	Lp
55	16	L
55	17	Lp
55	18	Lp
55	19	-1
55	20	L
55	21	L
55	22	L
55	23	Lp
55	24	Lp
55	25	Lp
55	26	-1
55	27	Lp
55	28	-1
55	29	Lp
55	30	L
55	31	Lp
55	32	L
55	33	Lp
55	34	Lp
55	35	L
55	36	-1
55	37	Lp
55	38	L
55	39	L
55	40	L
55	41	Lp
55	42	L
55	43	L
55	44	L
55	45	Lp
55	46	-1
55	47	Lp
55	48	Lp
55	49	Lp
55	50	Lp
55	51	-1
55	52	-1
55	53	Lp
55	54	-1
55	55	Lp
55	56	Lp
55	57	Lp
55	58	Lp
55	59	Lp
55	60	-1
55	61	Lp
55	62	-1
55	63	Lp
55	64	Lp
55	65	Lp
55	66	Lp
55	67	-1
55	68	Lp
55	69	Lp
55	70	Lp
55	71	L
55	72	-1
55	73	L
55	74	Lp
55	75	-1
55	76	L
55	77	L
55	78	L
55	79	L
55	80	L
55	81	-1
55	82	L
55	83	L
55	84	L
55	85	L
55	86	-1
55	87	-1
55	88	L
55	89	Lp
55	90	Lp
55	91	-1
55	92	Lp
55	93	Lp
55	94	Lp
55	95	-1
55	96	Lp
55	97	-1
55	98	Lp
55	99	Lp
55	100	Lp
55	101	-1
55	102	Lp
55	103	-1
55	104	Lp
55	105	-1
55	106	Lp
55	107	Lp
55	108	-1
55	109	Lp
55	110	Lp
55	111	Lp
55	112	Lp
55	113	Lp
55	114	L
55	115	L
55	116	-1
55	117	Lp
55	118	-1
55	119	Lp
56	0	Lp
56	1	Lp
56	2	Lp
56	3	Lp
56	4	-1
56	5	Lp
56	6	-1
56	7	Lp
56	8	Lp
56	9	L
56	10	L
56	11	-1
56	12	L
56	13	Lp
56	14	Lp
56	15	-1
56	16	Lp
56	17	Lp
56	18	Lp
56	19	Lp
56	20	L
56	21	-1
56	22	Lp
56	23	L
56	24	Lp
56	25	Lp
56	26	Lp
56	27	Lp
56	28	-1
56	29	Lp
56	30	-1
56	31	Lp
56	32	Lp
56	33	-1
56	34	-1
56	35	Lp
56	36	Lp
56	37	Lp
56	38	Lp
56	39	-1
56	40	-1
56	41	-1
56	42	L
56	43	-1
56	44	Lp
56	45	Lp
56	46	-1
56	47	-1
56	48	-1
56	49	Lp
56	50	Lp
56	51	Lp
56	52	Lp
56	53	Lp
56	54	Lp
56	55	U
56	56	U
56	57	-1
56	58	-1
56	59	Lp
56	60	U
56	61	U
56	62	-1
56	63	-1
56	64	-1
56	65	Lp
56	66	Lp
56	67	Lp
56	68	-1
56	69	Lp
56	70	-1
56	71	-1
56	72	Lp
56	73	L
56	74	-1
56	75	-1
56	76	Lp
56	77	L
56	78	L
56	79	L
56	80	L
56	81	L
56	82	-1
56	83	L
56	84	L
56	85	-1
56	86	Lp
56	87	Lp
56	88	-1
56	89	Lp
56	90	L
56	91	-1
56	92	Lp
56	93	Lp
56	94	Lp
56	95	Lp
56	96	Lp
56	97	Lp
56	98	Lp
56	99	-1
56	100	Lp
56	101	Lp
56	102	Lp
56	103	Lp
56	104	Lp
56	105	-1
56	106	Lp
56	107	Lp
56	108	Lp
56	109	-1
56	110	-1
56	111	Lp
56	112	-1
56	113	Lp
56	114	Lp
56	115	U
56	116	-1
56	117	L
56	118	Lp
56	119	-1
57	0	Lp
57	1	Lp
57	2	-1
57	3	Lp
57	4	Lp
57	5	Lp
57	6	Lp
57	7	Lp
57	8	Lp
57	9	-1
57	10	Lp
57	11	-1
57	12	Lp
57	13	-1
57	14	Lp
57	15	-1
57	16	Lp
57	17	L
57	18	-1
57	19	L
57	20	Lp
57	21	Lp
57	22	Lp
57	23	Lp
57	24	Lp
57	25	-1
57	26	Lp
57	27	-1
57	28	-1
57	29	Lp
57	30	Lp
57	31	-1
57	32	Lp
57	33	Lp
57	34	Lp
57	35	Lp
57	36	Lp
57	37	Lp
57	38	Lp
57	39	Lp
57	40	Lp
57	41	L
57	42	Lp
57	43	Lp
57	44	Lp
57	45	Lp
57	46	U
57	47	U
57	48	Lp
57	49	Lp
57	50	-1
57	51	-1
57	52	Lp
57	53	-1
57	54	Lp
57	55	Lp
57	56	Lp
57	57	Lp
57	58	Lp
57	59	Lp
57	60	Lp
57	61	U
57	62	Lp
57	63	Lp
57	64	Lp
57	65	-1
57	66	L
57	67	-1
57	68	Lp
57	69	L
57	70	-1
57	71	Lp
57	72	-1
57	73	Lp
57	74	-1
57	75	L
57	76	L
57	77	L
57	78	L
57	79	L
57	80	L
57	81	L
57	82	-1
57	83	L
57	84	-1
57	85	-1
57	86	L
57	87	L
57	88	Lp
57	89	Lp
57	90	Lp
57	91	Lp
57	92	Lp
57	93	-1
57	94	-1
57	95	Lp
57	96	Lp
57	97	Lp
57	98	Lp
57	99	Lp
57	100	Lp
57	101	Lp
57	102	-1
57	103	L
57	104	L
57	105	Lp
57	106	L
57	107	L
57	108	L
57	109	Lp
57	110	Lp
57	111	Lp
57	112	L
57	113	Lp
57	114	Lp
57	115	-1
57	116	-1
57	117	L
57	118	-1
57	119	Lp
58	0	Lp
58	1	Lp
58	2	Lp
58	3	Lp
58	4	Lp
58	5	Lp
58	6	-1
58	7	Lp
58	8	Lp
58	9	-1
58	10	Lp
58	11	Lp
58	12	L
58	13	L
58	14	L
58	15	-1
58	16	-1
58	17	Lp
58	18	L
58	19	-1
58	20	L
58	21	Lp
58	22	Lp
58	23	L
58	24	-1
58	25	Lp
58	26	Lp
58	27	Lp
58	28	Lp
58	29	Lp
58	30	Lp
58	31	Lp
58	32	-1
58	33	Lp
58	34	Lp
58	35	Lp
58	36	Lp
58	37	Lp
58	38	Lp
58	39	Lp
58	40	Lp
58	41	Lp
58	42	Lp
58	43	Lp
58	44	Lp
58	45	Lp
58	46	Lp
58	47	U
58	48	Lp
58	49	Lp
58	50	Lp
58	51	-1
58	52	-1
58	53	Lp
58	54	Lp
58	55	Lp
58	56	Lp
58	57	Lp
58	58	Lp
58	59	U
58	60	Lp
58	61	U
58	62	Lp
58	63	L
58	64	-1
58	65	L
58	66	L
58	67	Lp
58	68	Lp
58	69	Lp
58	70	L
58	71	Lp
58	72	Lp
58	73	Lp
58	74	Lp
58	75	Lp
58	76	L
58	77	L
58	78	L
58	79	Lp
58	80	L
58	81	-1
58	82	L
58	83	L
58	84	-1
58	85	L
58	86	L
58	87	L
58	88	L
58	89	Lp
58	90	Lp
58	91	Lp
58	92	Lp
58	93	Lp
58	94	-1
58	95	Lp
58	96	Lp
58	97	Lp
58	98	Lp
58	99	Lp
58	100	Lp
58	101	Lp
58	102	Lp
58	103	L
58	104	Lp
58	105	Lp
58	106	L
58	107	Lp
58	108	Lp
58	109	Lp
58	110	Lp
58	111	-1
58	112	Lp
58	113	-1
58	114	Lp
58	115	Lp
58	116	L
58	117	-1
58	118	Lp
58	119	U
59	0	Lp
59	1	Lp
59	2	Lp
59	3	Lp
59	4	Lp
59	5	Lp
59	6	Lp
59	7	Lp
59	8	Lp
59	9	Lp
59	10	Lp
59	11	U
59	12	L
59	13	-1
59	14	L
59	15	L
59	16	Lp
59	17	Lp
59	18	Lp
59	19	L
59	20	-1
59	21	L
59	22	-1
59	23	Lp
59	24	U
59	25	-1
59	26	Lp
59	27	Lp
59	28	Lp
59	29	Lp
59	30	-1
59	31	Lp
59	32	-1
59	33	Lp
59	34	Lp
59	35	Lp
59	36	Lp
59	37	Lp
59	38	Lp
59	39	-1
59	40	Lp
59	41	Lp
59	42	Lp
59	43	Lp
59	44	Lp
59	45	Lp
59	46	Lp
59	47	-1
59	48	Lp
59	49	Lp
59	50	-1
59	51	Lp
59	52	-1
59	53	Lp
59	54	Lp
59	55	Lp
59	56	Lp
59	57	Lp
59	58	Lp
59	59	Lp
59	60	Lp
59	61	Lp
59	62	Lp
59	63	Lp
59	64	L
59	65	L
59	66	L
59	67	Lp
59	68	-1
59	69	Lp
59	70	Lp
59	71	L
59	72	-1
59	73	Lp
59	74	Lp
59	75	L
59	76	Lp
59	77	Lp
59	78	Lp
59	79	Lp
59	80	L
59	81	-1
59	82	-1
59	83	L
59	84	U
59	85	L
59	86	L
59	87	L
59	88	Lp
59	89	Lp
59	90	Lp
59	91	Lp
59	92	Lp
59	93	-1
59	94	-1
59	95	-1
59	96	Lp
59	97	Lp
59	98	Lp
59	99	Lp
59	100	-1
59	101	Lp
59	102	Lp
59	103	Lp
59	104	Lp
59	105	Lp
59	106	Lp
59	107	-1
59	108	Lp
59	109	-1
59	110	Lp
59	111	Lp
59	112	-1
59	113	Lp
59	114	Lp
59	115	Lp
59	116	L
59	117	U
59	118	L
59	119	U
60	0	Lp
60	1	Lp
60	2	Lp
60	3	Lp
60	4	Lp
60	5	L
60	6	L
60	7	Lp
60	8	Lp
60	9	Lp
60	10	Lp
60	11	Lp
60	12	Lp
60	13	Lp
60	14	Lp
60	15	Lp
60	16	Lp
60	17	Lp
60	18	Lp
60	19	-1
60	20	L
60	21	L
60	22	Lp
60	23	-1
60	24	-1
60	25	-1
60	26	Lp
60	27	Lp
60	28	Lp
60	29	L
60	30	-1
60	31	Lp
60	32	Lp
60	33	-1
60	34	Lp
60	35	-1
60	36	Lp
60	37	Lp
60	38	Lp
60	39	Lp
60	40	Lp
60	41	-1
60	42	-1
60	43	Lp
60	44	-1
60	45	Lp
60	46	Lp
60	47	Lp
60	48	Lp
60	49	Lp
60	50	Lp
60	51	-1
60	52	Lp
60	53	Lp
60	54	Lp
60	55	Lp
60	56	Lp
60	57	Lp
60	58	-1
60	59	Lp
60	60	Lp
60	61	L
60	62	-1
60	63	L
60	64	Lp
60	65	L
60	66	L
60	67	L
60	68	-1
60	69	Lp
60	70	L
60	71	L
60	72	L
60	73	Lp
60	74	Lp
60	75	-1
60	76	Lp
60	77	Lp
60	78	Lp
60	79	-1
60	80	L
60	81	-1
60	82	-1
60	83	L
60	84	-1
60	85	L
60	86	L
60	87	L
60	88	L
60	89	L
60	90	Lp
60	91	L
60	92	Lp
60	93	Lp
60	94	Lp
60	95	Lp
60	96	Lp
60	97	Lp
60	98	Lp
60	99	Lp
60	100	Lp
60	101	Lp
60	102	-1
60	103	Lp
60	104	Lp
60	105	Lp
60	106	-1
60	107	Lp
60	108	-1
60	109	Lp
60	110	Lp
60	111	Lp
60	112	-1
60	113	Lp
60	114	Lp
60	115	Lp
60	116	Lp
60	117	-1
60	118	-1
60	119	-1
61	0	-1
61	1	Lp
61	2	Lp
61	3	Lp
61	4	Lp
61	5	L
61	6	L
61	7	L
61	8	-1
61	9	-1
61	10	Lp
61	11	Lp
61	12	Lp
61	13	Lp
61	14	Lp
61	15	Lp
61	16	Lp
61	17	U
61	18	Lp
61	19	Lp
61	20	Lp
61	21	-1
61	22	Lp
61	23	L
61	24	Lp
61	25	Lp
61	26	Lp
61	27	Lp
61	28	L
61	29	L
61	30	L
61	31	L
61	32	Lp
61	33	Lp
61	34	Lp
61	35	Lp
61	36	-1
61	37	Lp
61	38	Lp
61	39	Lp
61	40	Lp
61	41	Lp
61	42	Lp
61	43	Lp
61	44	-1
61	45	Lp
61	46	Lp
61	47	Lp
61	48	-1
61	49	Lp
61	50	Lp
61	51	-1
61	52	Lp
61	53	U
61	54	Lp
61	55	Lp
61	56	Lp
61	57	-1
61	58	-1
61	59	-1
61	60	-1
61	61	Lp
61	62	L
61	63	Lp
61	64	L
61	65	L
61	66	L
61	67	L
61	68	L
61	69	L
61	70	-1
61	71	L
61	72	L
61	73	-1
61	74	-1
61	75	-1
61	76	-1
61	77	Lp
61	78	Lp
61	79	L
61	80	-1
61	81	Lp
61	82	-1
61	83	-1
61	84	L
61	85	L
61	86	-1
61	87	Lp
61	88	Lp
61	89	Lp
61	90	Lp
61	91	L
61	92	Lp
61	93	Lp
61	94	Lp
61	95	Lp
61	96	-1
61	97	Lp
61	98	Lp
61	99	Lp
61	100	Lp
61	101	Lp
61	102	Lp
61	103	Lp
61	104	Lp
61	105	Lp
61	106	Lp
61	107	Lp
61	108	Lp
61	109	Lp
61	110	Lp
61	111	Lp
61	112	Lp
61	113	Lp
61	114	Lp
61	115	Lp
61	116	U
61	117	Lp
61	118	U
61	119	Lp
62	0	Lp
62	1	Lp
62	2	Lp
62	3	Lp
62	4	Lp
62	5	L
62	6	L
62	7	Lp
62	8	-1
62	9	Lp
62	10	-1
62	11	Lp
62	12	Lp
62	13	Lp
62	14	Lp
62	15	-1
62	16	-1
62	17	-1
62	18	-1
62	19	Lp
62	20	Lp
62	21	L
62	22	L
62	23	L
62	24	Lp
62	25	Lp
62	26	Lp
62	27	Lp
62	28	L
62	29	-1
62	30	L
62	31	Lp
62	32	Lp
62	33	Lp
62	34	Lp
62	35	-1
62	36	Lp
62	37	Lp
62	38	Lp
62	39	Lp
62	40	Lp
62	41	Lp
62	42	Lp
62	43	-1
62	44	Lp
62	45	U
62	46	Lp
62	47	Lp
62	48	Lp
62	49	Lp
62	50	-1
62	51	-1
62	52	U
62	53	Lp
62	54	U
62	55	Lp
62	56	Lp
62	57	-1
62	58	Lp
62	59	-1
62	60	Lp
62	61	L
62	62	L
62	63	L
62	64	L
62	65	-1
62	66	L
62	67	L
62	68	-1
62	69	U
62	70	L
62	71	Lp
62	72	Lp
62	73	L
62	74	Lp
62	75	Lp
62	76	-1
62	77	Lp
62	78	Lp
62	79	Lp
62	80	Lp
62	81	L
62	82	Lp
62	83	L
62	84	L
62	85	L
62	86	Lp
62	87	L
62	88	Lp
62	89	Lp
62	90	L
62	91	L
62	92	L
62	93	L
62	94	Lp
62	95	L
62	96	-1
62	97	Lp
62	98	Lp
62	99	Lp
62	100	Lp
62	101	Lp
62	102	-1
62	103	Lp
62	104	Lp
62	105	Lp
62	106	Lp
62	107	Lp
62	108	Lp
62	109	Lp
62	110	Lp
62	111	Lp
62	112	Lp
62	113	Lp
62	114	Lp
62	115	Lp
62	116	-1
62	117	-1
62	118	Lp
62	119	U
63	0	Lp
63	1	Lp
63	2	Lp
63	3	-1
63	4	Lp
63	5	Lp
63	6	Lp
63	7	-1
63	8	Lp
63	9	Lp
63	10	-1
63	11	Lp
63	12	-1
63	13	-1
63	14	-1
63	15	-1
63	16	L
63	17	L
63	18	Lp
63	19	Lp
63	20	Lp
63	21	L
63	22	L
63	23	L
63	24	Lp
63	25	-1
63	26	Lp
63	27	Lp
63	28	-1
63	29	-1
63	30	L
63	31	Lp
63	32	Lp
63	33	Lp
63	34	Lp
63	35	-1
63	36	-1
63	37	Lp
63	38	Lp
63	39	Lp
63	40	Lp
63	41	-1
63	42	-1
63	43	Lp
63	44	-1
63	45	Lp
63	46	-1
63	47	Lp
63	48	Lp
63	49	Lp
63	50	Lp
63	51	Lp
63	52	-1
63	53	Lp
63	54	U
63	55	Lp
63	56	Lp
63	57	Lp
63	58	Lp
63	59	Lp
63	60	-1
63	61	L
63	62	Lp
63	63	L
63	64	L
63	65	L
63	66	L
63	67	L
63	68	L
63	69	L
63	70	-1
63	71	Lp
63	72	-1
63	73	Lp
63	74	L
63	75	Lp
63	76	Lp
63	77	Lp
63	78	-1
63	79	Lp
63	80	Lp
63	81	Lp
63	82	L
63	83	Lp
63	84	Lp
63	85	-1
63	86	L
63	87	-1
63	88	L
63	89	Lp
63	90	L
63	91	-1
63	92	Lp
63	93	L
63	94	-1
63	95	L
63	96	-1
63	97	Lp
63	98	Lp
63	99	-1
63	100	Lp
63	101	-1
63	102	Lp
63	103	Lp
63	104	Lp
63	105	Lp
63	106	-1
63	107	Lp
63	108	Lp
63	109	Lp
63	110	Lp
63	111	Lp
63	112	Lp
63	113	Lp
63	114	Lp
63	115	Lp
63	116	Lp
63	117	Lp
63	118	Lp
63	119	-1
64	0	-1
64	1	Lp
64	2	Lp
64	3	Lp
64	4	Lp
64	5	Lp
64	6	Lp
64	7	Lp
64	8	Lp
64	9	Lp
64	10	Lp
64	11	Lp
64	12	Lp
64	13	Lp
64	14	Lp
64	15	Lp
64	16	L
64	17	L
64	18	-1
64	19	L
64	20	L
64	21	-1
64	22	L
64	23	U
64	24	-1
64	25	U
64	26	-1
64	27	Lp
64	28	Lp
64	29	Lp
64	30	Lp
64	31	Lp
64	32	-1
64	33	-1
64	34	Lp
64	35	Lp
64	36	Lp
64	37	Lp
64	38	Lp
64	39	Lp
64	40	Lp
64	41	-1
64	42	Lp
64	43	Lp
64	44	Lp
64	45	Lp
64	46	Lp
64	47	Lp
64	48	Lp
64	49	Lp
64	50	-1
64	51	Lp
64	52	Lp
64	53	Lp
64	54	-1
64	55	Lp
64	56	Lp
64	57	Lp
64	58	Lp
64	59	Lp
64	60	-1
64	61	-1
64	62	-1
64	63	Lp
64	64	L
64	65	Lp
64	66	L
64	67	L
64	68	L
64	69	U
64	70	-1
64	71	Lp
64	72	Lp
64	73	L
64	74	Lp
64	75	Lp
64	76	L
64	77	Lp
64	78	-1
64	79	Lp
64	80	-1
64	81	Lp
64	82	Lp
64	83	Lp
64	84	-1
64	85	Lp
64	86	-1
64	87	L
64	88	L
64	89	L
64	90	-1
64	91	L
64	92	L
64	93	Lp
64	94	L
64	95	U
64	96	Lp
64	97	Lp
64	98	Lp
64	99	Lp
64	100	Lp
64	101	-1
64	102	-1
64	103	Lp
64	104	Lp
64	105	Lp
64	106	-1
64	107	Lp
64	108	Lp
64	109	Lp
64	110	Lp
64	111	Lp
64	112	-1
64	113	Lp
64	114	Lp
64	115	Lp
64	116	Lp
64	117	L
64	118	Lp
64	119	Lp
65	0	-1
65	1	-1
65	2	Lp
65	3	Lp
65	4	Lp
65	5	Lp
65	6	-1
65	7	Lp
65	8	Lp
65	9	Lp
65	10	Lp
65	11	Lp
65	12	-1
65	13	Lp
65	14	Lp
65	15	-1
65	16	L
65	17	L
65	18	-1
65	19	L
65	20	-1
65	21	L
65	22	L
65	23	L
65	24	U
65	25	U
65	26	Lp
65	27	U
65	28	U
65	29	Lp
65	30	Lp
65	31	-1
65	32	Lp
65	33	Lp
65	34	Lp
65	35	Lp
65	36	Lp
65	37	Lp
65	38	Lp
65	39	-1
65	40	Lp
65	41	Lp
65	42	Lp
65	43	-1
65	44	Lp
65	45	Lp
65	46	Lp
65	47	Lp
65	48	Lp
65	49	Lp
65	50	Lp
65	51	Lp
65	52	Lp
65	53	Lp
65	54	Lp
65	55	Lp
65	56	Lp
65	57	-1
65	58	Lp
65	59	Lp
65	60	Lp
65	61	L
65	62	Lp
65	63	L
65	64	L
65	65	L
65	66	Lp
65	67	-1
65	68	L
65	69	U
65	70	L
65	71	Lp
65	72	Lp
65	73	Lp
65	74	U
65	75	L
65	76	L
65	77	Lp
65	78	-1
65	79	L
65	80	L
65	81	Lp
65	82	Lp
65	83	-1
65	84	L
65	85	Lp
65	86	L
65	87	L
65	88	L
65	89	L
65	90	L
65	91	L
65	92	L
65	93	Lp
65	94	U
65	95	L
65	96	Lp
65	97	Lp
65	98	Lp
65	99	Lp
65	100	-1
65	101	Lp
65	102	Lp
65	103	Lp
65	104	Lp
65	105	-1
65	106	Lp
65	107	Lp
65	108	Lp
65	109	Lp
65	110	Lp
65	111	Lp
65	112	Lp
65	113	-1
65	114	Lp
65	115	Lp
65	116	L
65	117	L
65	118	Lp
65	119	Lp
66	0	L
66	1	Lp
66	2	L
66	3	Lp
66	4	Lp
66	5	-1
66	6	Lp
66	7	Lp
66	8	Lp
66	9	Lp
66	10	Lp
66	11	Lp
66	12	Lp
66	13	Lp
66	14	Lp
66	15	Lp
66	16	Lp
66	17	Lp
66	18	L
66	19	L
66	20	L
66	21	L
66	22	L
66	23	L
66	24	U
66	25	Lp
66	26	U
66	27	L
66	28	Lp
66	29	Lp
66	30	Lp
66	31	Lp
66	32	-1
66	33	Lp
66	34	Lp
66	35	Lp
66	36	-1
66	37	Lp
66	38	Lp
66	39	L
66	40	Lp
66	41	Lp
66	42	Lp
66	43	Lp
66	44	Lp
66	45	Lp
66	46	Lp
66	47	-1
66	48	Lp
66	49	Lp
66	50	Lp
66	51	Lp
66	52	-1
66	53	Lp
66	54	Lp
66	55	Lp
66	56	-1
66	57	Lp
66	58	-1
66	59	-1
66	60	L
66	61	L
66	62	L
66	63	L
66	64	L
66	65	L
66	66	L
66	67	-1
66	68	Lp
66	69	Lp
66	70	-1
66	71	Lp
66	72	L
66	73	L
66	74	Lp
66	75	L
66	76	U
66	77	U
66	78	L
66	79	L
66	80	L
66	81	L
66	82	-1
66	83	Lp
66	84	Lp
66	85	L
66	86	L
66	87	L
66	88	L
66	89	L
66	90	L
66	91	L
66	92	L
66	93	Lp
66	94	U
66	95	U
66	96	L
66	97	L
66	98	Lp
66	99	Lp
66	100	Lp
66	101	-1
66	102	Lp
66	103	-1
66	104	Lp
66	105	Lp
66	106	L
66	107	Lp
66	108	Lp
66	109	-1
66	110	Lp
66	111	Lp
66	112	Lp
66	113	Lp
66	114	-1
66	115	Lp
66	116	L
66	117	L
66	118	L
66	119	L
67	0	L
67	1	L
67	2	L
67	3	Lp
67	4	Lp
67	5	-1
67	6	Lp
67	7	Lp
67	8	Lp
67	9	Lp
67	10	Lp
67	11	U
67	12	Lp
67	13	Lp
67	14	U
67	15	U
67	16	Lp
67	17	Lp
67	18	U
67	19	Lp
67	20	L
67	21	L
67	22	L
67	23	L
67	24	L
67	25	L
67	26	L
67	27	L
67	28	L
67	29	Lp
67	30	L
67	31	Lp
67	32	Lp
67	33	Lp
67	34	-1
67	35	Lp
67	36	-1
67	37	Lp
67	38	-1
67	39	Lp
67	40	L
67	41	Lp
67	42	Lp
67	43	Lp
67	44	Lp
67	45	Lp
67	46	Lp
67	47	-1
67	48	Lp
67	49	Lp
67	50	-1
67	51	Lp
67	52	Lp
67	53	Lp
67	54	Lp
67	55	-1
67	56	Lp
67	57	Lp
67	58	Lp
67	59	L
67	60	L
67	61	L
67	62	-1
67	63	-1
67	64	L
67	65	-1
67	66	L
67	67	Lp
67	68	Lp
67	69	Lp
67	70	Lp
67	71	-1
67	72	L
67	73	L
67	74	L
67	75	U
67	76	-1
67	77	L
67	78	L
67	79	-1
67	80	L
67	81	L
67	82	L
67	83	Lp
67	84	U
67	85	L
67	86	L
67	87	L
67	88	-1
67	89	L
67	90	L
67	91	L
67	92	-1
67	93	-1
67	94	-1
67	95	L
67	96	L
67	97	L
67	98	-1
67	99	Lp
67	100	Lp
67	101	L
67	102	L
67	103	Lp
67	104	-1
67	105	-1
67	106	L
67	107	L
67	108	Lp
67	109	-1
67	110	Lp
67	111	Lp
67	112	Lp
67	113	Lp
67	114	Lp
67	115	Lp
67	116	L
67	117	L
67	118	L
67	119	-1
68	0	L
68	1	-1
68	2	-1
68	3	-1
68	4	Lp
68	5	Lp
68	6	Lp
68	7	Lp
68	8	Lp
68	9	Lp
68	10	Lp
68	11	Lp
68	12	Lp
68	13	Lp
68	14	L
68	15	-1
68	16	-1
68	17	Lp
68	18	Lp
68	19	U
68	20	Lp
68	21	Lp
68	22	Lp
68	23	Lp
68	24	U
68	25	L
68	26	-1
68	27	L
68	28	L
68	29	L
68	30	L
68	31	Lp
68	32	Lp
68	33	Lp
68	34	Lp
68	35	-1
68	36	Lp
68	37	Lp
68	38	Lp
68	39	Lp
68	40	Lp
68	41	Lp
68	42	Lp
68	43	Lp
68	44	-1
68	45	Lp
68	46	Lp
68	47	-1
68	48	Lp
68	49	U
68	50	Lp
68	51	Lp
68	52	Lp
68	53	Lp
68	54	Lp
68	55	L
68	56	L
68	57	L
68	58	Lp
68	59	L
68	60	L
68	61	L
68	62	L
68	63	L
68	64	L
68	65	L
68	66	L
68	67	L
68	68	U
68	69	U
68	70	Lp
68	71	L
68	72	L
68	73	L
68	74	L
68	75	U
68	76	U
68	77	-1
68	78	L
68	79	L
68	80	L
68	81	L
68	82	L
68	83	L
68	84	L
68	85	-1
68	86	L
68	87	L
68	88	-1
68	89	L
68	90	L
68	91	L
68	92	-1
68	93	-1
68	94	U
68	95	U
68	96	L
68	97	L
68	98	-1
68	99	Lp
68	100	-1
68	101	L
68	102	Lp
68	103	Lp
68	104	Lp
68	105	Lp
68	106	L
68	107	-1
68	108	Lp
68	109	-1
68	110	Lp
68	111	Lp
68	112	Lp
68	113	L
68	114	L
68	115	L
68	116	L
68	117	L
68	118	L
68	119	L
69	0	L
69	1	L
69	2	Lp
69	3	Lp
69	4	Lp
69	5	Lp
69	6	Lp
69	7	Lp
69	8	Lp
69	9	Lp
69	10	-1
69	11	Lp
69	12	Lp
69	13	Lp
69	14	-1
69	15	Lp
69	16	-1
69	17	Lp
69	18	Lp
69	19	U
69	20	Lp
69	21	Lp
69	22	Lp
69	23	Lp
69	24	L
69	25	L
69	26	L
69	27	-1
69	28	Lp
69	29	Lp
69	30	Lp
69	31	-1
69	32	Lp
69	33	Lp
69	34	Lp
69	35	Lp
69	36	-1
69	37	U
69	38	Lp
69	39	Lp
69	40	Lp
69	41	-1
69	42	-1
69	43	Lp
69	44	Lp
69	45	Lp
69	46	Lp
69	47	Lp
69	48	Lp
69	49	Lp
69	50	U
69	51	Lp
69	52	Lp
69	53	Lp
69	54	Lp
69	55	L
69	56	-1
69	57	L
69	58	L
69	59	L
69	60	-1
69	61	L
69	62	L
69	63	L
69	64	L
69	65	Lp
69	66	Lp
69	67	-1
69	68	L
69	69	-1
69	70	L
69	71	L
69	72	L
69	73	L
69	74	L
69	75	U
69	76	-1
69	77	L
69	78	L
69	79	-1
69	80	-1
69	81	L
69	82	L
69	83	L
69	84	Lp
69	85	L
69	86	-1
69	87	L
69	88	L
69	89	L
69	90	L
69	91	-1
69	92	-1
69	93	L
69	94	L
69	95	L
69	96	L
69	97	L
69	98	L
69	99	L
69	100	Lp
69	101	L
69	102	-1
69	103	-1
69	104	L
69	105	L
69	106	L
69	107	Lp
69	108	Lp
69	109	L
69	110	-1
69	111	Lp
69	112	-1
69	113	Lp
69	114	L
69	115	-1
69	116	L
69	117	L
69	118	-1
69	119	L
70	0	L
70	1	Lp
70	2	-1
70	3	Lp
70	4	-1
70	5	Lp
70	6	-1
70	7	Lp
70	8	Lp
70	9	Lp
70	10	Lp
70	11	-1
70	12	-1
70	13	Lp
70	14	Lp
70	15	Lp
70	16	Lp
70	17	Lp
70	18	Lp
70	19	Lp
70	20	-1
70	21	Lp
70	22	L
70	23	L
70	24	L
70	25	Lp
70	26	U
70	27	Lp
70	28	-1
70	29	-1
70	30	Lp
70	31	Lp
70	32	Lp
70	33	Lp
70	34	-1
70	35	-1
70	36	-1
70	37	Lp
70	38	-1
70	39	Lp
70	40	L
70	41	Lp
70	42	-1
70	43	-1
70	44	Lp
70	45	Lp
70	46	-1
70	47	Lp
70	48	Lp
70	49	Lp
70	50	-1
70	51	-1
70	52	-1
70	53	-1
70	54	Lp
70	55	-1
70	56	-1
70	57	L
70	58	L
70	59	-1
70	60	Lp
70	61	Lp
70	62	L
70	63	-1
70	64	L
70	65	L
70	66	L
70	67	Lp
70	68	U
70	69	-1
70	70	Lp
70	71	L
70	72	L
70	73	L
70	74	-1
70	75	-1
70	76	-1
70	77	L
70	78	L
70	79	L
70	80	L
70	81	-1
70	82	L
70	83	L
70	84	-1
70	85	-1
70	86	L
70	87	L
70	88	-1
70	89	L
70	90	L
70	91	L
70	92	-1
70	93	L
70	94	L
70	95	L
70	96	-1
70	97	L
70	98	L
70	99	L
70	100	L
70	101	L
70	102	L
70	103	Lp
70	104	L
70	105	L
70	106	L
70	107	-1
70	108	Lp
70	109	L
70	110	-1
70	111	-1
70	112	L
70	113	Lp
70	114	Lp
70	115	L
70	116	L
70	117	L
70	118	L
70	119	L
71	0	L
71	1	Lp
71	2	Lp
71	3	Lp
71	4	Lp
71	5	Lp
71	6	Lp
71	7	-1
71	8	Lp
71	9	Lp
71	10	Lp
71	11	Lp
71	12	-1
71	13	Lp
71	14	-1
71	15	Lp
71	16	-1
71	17	U
71	18	Lp
71	19	Lp
71	20	Lp
71	21	Lp
71	22	Lp
71	23	L
71	24	L
71	25	-1
71	26	Lp
71	27	Lp
71	28	Lp
71	29	Lp
71	30	Lp
71	31	-1
71	32	Lp
71	33	Lp
71	34	Lp
71	35	L
71	36	Lp
71	37	Lp
71	38	Lp
71	39	-1
71	40	Lp
71	41	L
71	42	-1
71	43	-1
71	44	Lp
71	45	Lp
71	46	Lp
71	47	Lp
71	48	Lp
71	49	Lp
71	50	Lp
71	51	Lp
71	52	Lp
71	53	Lp
71	54	Lp
71	55	-1
71	56	-1
71	57	-1
71	58	L
71	59	L
71	60	L
71	61	Lp
71	62	Lp
71	63	-1
71	64	L
71	65	L
71	66	U
71	67	L
71	68	Lp
71	69	L
71	70	L
71	71	L
71	72	L
71	73	L
71	74	-1
71	75	L
71	76	L
71	77	L
71	78	L
71	79	L
71	80	Lp
71	81	-1
71	82	L
71	83	L
71	84	-1
71	85	-1
71	86	L
71	87	L
71	88	-1
71	89	L
71	90	L
71	91	L
71	92	-1
71	93	L
71	94	L
71	95	-1
71	96	L
71	97	L
71	98	L
71	99	L
71	100	L
71	101	L
71	102	-1
71	103	L
71	104	L
71	105	L
71	106	L
71	107	Lp
71	108	-1
71	109	Lp
71	110	L
71	111	L
71	112	L
71	113	-1
71	114	Lp
71	115	L
71	116	L
71	117	-1
71	118	L
71	119	L
72	0	-1
72	1	-1
72	2	Lp
72	3	Lp
72	4	-1
72	5	Lp
72	6	Lp
72	7	-1
72	8	Lp
72	9	Lp
72	10	Lp
72	11	Lp
72	12	Lp
72	13	Lp
72	14	Lp
72	15	Lp
72	16	Lp
72	17	-1
72	18	-1
72	19	Lp
72	20	Lp
72	21	-1
72	22	Lp
72	23	Lp
72	24	Lp
72	25	Lp
72	26	Lp
72	27	Lp
72	28	-1
72	29	-1
72	30	-1
72	31	-1
72	32	-1
72	33	Lp
72	34	Lp
72	35	Lp
72	36	L
72	37	L
72	38	Lp
72	39	-1
72	40	Lp
72	41	L
72	42	Lp
72	43	-1
72	44	-1
72	45	Lp
72	46	Lp
72	47	-1
72	48	Lp
72	49	Lp
72	50	Lp
72	51	Lp
72	52	-1
72	53	Lp
72	54	-1
72	55	Lp
72	56	L
72	57	L
72	58	Lp
72	59	L
72	60	L
72	61	Lp
72	62	Lp
72	63	Lp
72	64	Lp
72	65	Lp
72	66	U
72	67	Lp
72	68	Lp
72	69	Lp
72	70	L
72	71	L
72	72	L
72	73	L
72	74	L
72	75	-1
72	76	L
72	77	-1
72	78	-1
72	79	Lp
72	80	-1
72	81	L
72	82	-1
72	83	L
72	84	L
72	85	L
72	86	L
72	87	L
72	88	L
72	89	-1
72	90	L
72	91	L
72	92	L
72	93	L
72	94	-1
72	95	L
72	96	L
72	97	Lp
72	98	Lp
72	99	L
72	100	-1
72	101	-1
72	102	-1
72	103	L
72	104	-1
72	105	L
72	106	L
72	107	-1
72	108	-1
72	109	L
72	110	L
72	111	L
72	112	L
72	113	L
72	114	L
72	115	L
72	116	L
72	117	-1
72	118	L
72	119	U
73	0	-1
73	1	L
73	2	L
73	3	U
73	4	U
73	5	Lp
73	6	-1
73	7	Lp
73	8	-1
73	9	U
73	10	Lp
73	11	-1
73	12	-1
73	13	-1
73	14	Lp
73	15	-1
73	16	Lp
73	17	Lp
73	18	Lp
73	19	U
73	20	Lp
73	21	L
73	22	-1
73	23	Lp
73	24	-1
73	25	Lp
73	26	Lp
73	27	Lp
73	28	Lp
73	29	Lp
73	30	Lp
73	31	-1
73	32	Lp
73	33	-1
73	34	Lp
73	35	Lp
73	36	L
73	37	L
73	38	-1
73	39	-1
73	40	L
73	41	Lp
73	42	L
73	43	Lp
73	44	-1
73	45	-1
73	46	Lp
73	47	-1
73	48	Lp
73	49	-1
73	50	-1
73	51	Lp
73	52	Lp
73	53	Lp
73	54	Lp
73	55	Lp
73	56	L
73	57	L
73	58	Lp
73	59	-1
73	60	Lp
73	61	Lp
73	62	Lp
73	63	Lp
73	64	U
73	65	Lp
73	66	Lp
73	67	Lp
73	68	Lp
73	69	Lp
73	70	-1
73	71	-1
73	72	L
73	73	L
73	74	L
73	75	Lp
73	76	-1
73	77	L
73	78	L
73	79	Lp
73	80	Lp
73	81	L
73	82	L
73	83	L
73	84	-1
73	85	L
73	86	L
73	87	L
73	88	L
73	89	L
73	90	L
73	91	L
73	92	L
73	93	L
73	94	L
73	95	L
73	96	L
73	97	-1
73	98	L
73	99	L
73	100	L
73	101	Lp
73	102	L
73	103	-1
73	104	L
73	105	L
73	106	L
73	107	L
73	108	-1
73	109	L
73	110	L
73	111	L
73	112	L
73	113	L
73	114	L
73	115	L
73	116	L
73	117	L
73	118	-1
73	119	Lp
74	0	L
74	1	L
74	2	Lp
74	3	U
74	4	Lp
74	5	U
74	6	L
74	7	Lp
74	8	Lp
74	9	-1
74	10	Lp
74	11	-1
74	12	Lp
74	13	Lp
74	14	-1
74	15	Lp
74	16	Lp
74	17	Lp
74	18	Lp
74	19	Lp
74	20	-1
74	21	Lp
74	22	-1
74	23	Lp
74	24	Lp
74	25	-1
74	26	Lp
74	27	Lp
74	28	-1
74	29	Lp
74	30	Lp
74	31	Lp
74	32	Lp
74	33	Lp
74	34	L
74	35	Lp
74	36	L
74	37	L
74	38	-1
74	39	L
74	40	-1
74	41	L
74	42	Lp
74	43	Lp
74	44	Lp
74	45	Lp
74	46	Lp
74	47	Lp
74	48	Lp
74	49	Lp
74	50	Lp
74	51	-1
74	52	-1
74	53	Lp
74	54	Lp
74	55	-1
74	56	Lp
74	57	Lp
74	58	-1
74	59	Lp
74	60	-1
74	61	-1
74	62	Lp
74	63	-1
74	64	Lp
74	65	Lp
74	66	-1
74	67	L
74	68	Lp
74	69	L
74	70	-1
74	71	-1
74	72	Lp
74	73	Lp
74	74	-1
74	75	L
74	76	L
74	77	L
74	78	L
74	79	Lp
74	80	L
74	81	L
74	82	L
74	83	L
74	84	L
74	85	L
74	86	L
74	87	L
74	88	L
74	89	L
74	90	L
74	91	L
74	92	L
74	93	-1
74	94	L
74	95	-1
74	96	-1
74	97	-1
74	98	L
74	99	Lp
74	100	Lp
74	101	L
74	102	L
74	103	-1
74	104	L
74	105	L
74	106	L
74	107	L
74	108	Lp
74	109	Lp
74	110	-1
74	111	Lp
74	112	L
74	113	L
74	114	-1
74	115	L
74	116	L
74	117	U
74	118	L
74	119	-1
75	0	L
75	1	Lp
75	2	L
75	3	Lp
75	4	Lp
75	5	Lp
75	6	Lp
75	7	Lp
75	8	-1
75	9	Lp
75	10	-1
75	11	Lp
75	12	Lp
75	13	-1
75	14	-1
75	15	-1
75	16	-1
75	17	Lp
75	18	L
75	19	L
75	20	Lp
75	21	Lp
75	22	Lp
75	23	Lp
75	24	Lp
75	25	Lp
75	26	Lp
75	27	Lp
75	28	Lp
75	29	Lp
75	30	Lp
75	31	U
75	32	Lp
75	33	Lp
75	34	-1
75	35	-1
75	36	-1
75	37	L
75	38	L
75	39	L
75	40	L
75	41	-1
75	42	Lp
75	43	-1
75	44	L
75	45	Lp
75	46	Lp
75	47	-1
75	48	Lp
75	49	Lp
75	50	Lp
75	51	Lp
75	52	Lp
75	53	Lp
75	54	-1
75	55	-1
75	56	-1
75	57	Lp
75	58	L
75	59	Lp
75	60	-1
75	61	L
75	62	L
75	63	L
75	64	-1
75	65	Lp
75	66	Lp
75	67	L
75	68	L
75	69	L
75	70	L
75	71	L
75	72	L
75	73	L
75	74	L
75	75	L
75	76	-1
75	77	L
75	78	-1
75	79	L
75	80	Lp
75	81	L
75	82	L
75	83	-1
75	84	-1
75	85	L
75	86	-1
75	87	L
75	88	-1
75	89	L
75	90	-1
75	91	L
75	92	L
75	93	L
75	94	L
75	95	-1
75	96	L
75	97	L
75	98	L
75	99	L
75	100	Lp
75	101	L
75	102	L
75	103	Lp
75	104	L
75	105	L
75	106	-1
75	107	Lp
75	108	-1
75	109	L
75	110	Lp
75	111	Lp
75	112	L
75	113	L
75	114	-1
75	115	L
75	116	L
75	117	L
75	118	-1
75	119	L
76	0	L
76	1	Lp
76	2	Lp
76	3	Lp
76	4	Lp
76	5	Lp
76	6	Lp
76	7	-1
76	8	L
76	9	Lp
76	10	Lp
76	11	Lp
76	12	Lp
76	13	Lp
76	14	-1
76	15	Lp
76	16	Lp
76	17	Lp
76	18	-1
76	19	L
76	20	L
76	21	Lp
76	22	Lp
76	23	Lp
76	24	Lp
76	25	Lp
76	26	Lp
76	27	Lp
76	28	Lp
76	29	-1
76	30	Lp
76	31	U
76	32	Lp
76	33	L
76	34	Lp
76	35	-1
76	36	Lp
76	37	L
76	38	L
76	39	L
76	40	L
76	41	Lp
76	42	Lp
76	43	L
76	44	Lp
76	45	Lp
76	46	-1
76	47	-1
76	48	Lp
76	49	Lp
76	50	-1
76	51	-1
76	52	-1
76	53	Lp
76	54	Lp
76	55	-1
76	56	Lp
76	57	-1
76	58	L
76	59	L
76	60	L
76	61	L
76	62	L
76	63	L
76	64	L
76	65	L
76	66	L
76	67	-1
76	68	L
76	69	L
76	70	Lp
76	71	-1
76	72	L
76	73	L
76	74	L
76	75	L
76	76	L
76	77	Lp
76	78	-1
76	79	L
76	80	L
76	81	L
76	82	L
76	83	-1
76	84	L
76	85	-1
76	86	L
76	87	L
76	88	L
76	89	L
76	90	L
76	91	-1
76	92	L
76	93	L
76	94	L
76	95	L
76	96	-1
76	97	L
76	98	L
76	99	L
76	100	U
76	101	Lp
76	102	Lp
76	103	Lp
76	104	-1
76	105	Lp
76	106	L
76	107	Lp
76	108	L
76	109	Lp
76	110	Lp
76	111	Lp
76	112	L
76	113	-1
76	114	L
76	115	L
76	116	L
76	117	L
76	118	L
76	119	L
77	0	Lp
77	1	Lp
77	2	-1
77	3	Lp
77	4	Lp
77	5	Lp
77	6	Lp
77	7	L
77	8	L
77	9	Lp
77	10	Lp
77	11	Lp
77	12	-1
77	13	Lp
77	14	Lp
77	15	Lp
77	16	-1
77	17	Lp
77	18	L
77	19	L
77	20	L
77	21	-1
77	22	-1
77	23	Lp
77	24	Lp
77	25	Lp
77	26	L
77	27	L
77	28	L
77	29	Lp
77	30	U
77	31	-1
77	32	Lp
77	33	Lp
77	34	Lp
77	35	-1
77	36	Lp
77	37	Lp
77	38	L
77	39	L
77	40	L
77	41	-1
77	42	L
77	43	L
77	44	Lp
77	45	Lp
77	46	Lp
77	47	Lp
77	48	Lp
77	49	Lp
77	50	Lp
77	51	Lp
77	52	Lp
77	53	Lp
77	54	Lp
77	55	Lp
77	56	Lp
77	57	L
77	58	L
77	59	L
77	60	L
77	61	L
77	62	-1
77	63	L
77	64	L
77	65	L
77	66	L
77	67	L
77	68	L
77	69	L
77	70	L
77	71	L
77	72	-1
77	73	L
77	74	L
77	75	L
77	76	L
77	77	L
77	78	L
77	79	L
77	80	-1
77	81	L
77	82	L
77	83	L
77	84	L
77	85	L
77	86	-1
77	87	L
77	88	L
77	89	L
77	90	Lp
77	91	L
77	92	L
77	93	L
77	94	L
77	95	L
77	96	-1
77	97	-1
77	98	-1
77	99	U
77	100	Lp
77	101	Lp
77	102	Lp
77	103	L
77	104	Lp
77	105	Lp
77	106	Lp
77	107	-1
77	108	Lp
77	109	Lp
77	110	Lp
77	111	L
77	112	Lp
77	113	Lp
77	114	-1
77	115	-1
77	116	L
77	117	L
77	118	L
77	119	L
78	0	Lp
78	1	Lp
78	2	-1
78	3	-1
78	4	Lp
78	5	Lp
78	6	Lp
78	7	Lp
78	8	Lp
78	9	Lp
78	10	Lp
78	11	Lp
78	12	Lp
78	13	Lp
78	14	Lp
78	15	Lp
78	16	L
78	17	-1
78	18	Lp
78	19	L
78	20	L
78	21	L
78	22	L
78	23	Lp
78	24	Lp
78	25	Lp
78	26	-1
78	27	L
78	28	Lp
78	29	L
78	30	L
78	31	Lp
78	32	Lp
78	33	Lp
78	34	Lp
78	35	Lp
78	36	-1
78	37	L
78	38	-1
78	39	-1
78	40	Lp
78	41	L
78	42	-1
78	43	-1
78	44	L
78	45	L
78	46	Lp
78	47	-1
78	48	Lp
78	49	-1
78	50	Lp
78	51	Lp
78	52	Lp
78	53	Lp
78	54	Lp
78	55	Lp
78	56	Lp
78	57	L
78	58	Lp
78	59	-1
78	60	L
78	61	-1
78	62	L
78	63	L
78	64	-1
78	65	L
78	66	L
78	67	L
78	68	L
78	69	L
78	70	-1
78	71	L
78	72	L
78	73	L
78	74	L
78	75	L
78	76	L
78	77	L
78	78	L
78	79	L
78	80	L
78	81	L
78	82	Lp
78	83	Lp
78	84	U
78	85	U
78	86	-1
78	87	-1
78	88	Lp
78	89	Lp
78	90	L
78	91	L
78	92	-1
78	93	L
78	94	L
78	95	L
78	96	L
78	97	-1
78	98	-1
78	99	Lp
78	100	-1
78	101	Lp
78	102	-1
78	103	Lp
78	104	Lp
78	105	Lp
78	106	Lp
78	107	Lp
78	108	Lp
78	109	Lp
78	110	Lp
78	111	Lp
78	112	-1
78	113	Lp
78	114	L
78	115	-1
78	116	L
78	117	L
78	118	L
78	119	L
79	0	L
79	1	L
79	2	L
79	3	Lp
79	4	Lp
79	5	Lp
79	6	Lp
79	7	Lp
79	8	Lp
79	9	Lp
79	10	Lp
79	11	Lp
79	12	-1
79	13	Lp
79	14	Lp
79	15	Lp
79	16	Lp
79	17	Lp
79	18	L
79	19	Lp
79	20	-1
79	21	Lp
79	22	L
79	23	-1
79	24	-1
79	25	Lp
79	26	L
79	27	L
79	28	L
79	29	-1
79	30	Lp
79	31	Lp
79	32	-1
79	33	Lp
79	34	-1
79	35	-1
79	36	L
79	37	L
79	38	L
79	39	L
79	40	-1
79	41	L
79	42	L
79	43	L
79	44	L
79	45	L
79	46	L
79	47	-1
79	48	Lp
79	49	-1
79	50	-1
79	51	Lp
79	52	Lp
79	53	Lp
79	54	Lp
79	55	Lp
79	56	L
79	57	Lp
79	58	Lp
79	59	L
79	60	L
79	61	L
79	62	-1
79	63	L
79	64	L
79	65	-1
79	66	L
79	67	L
79	68	-1
79	69	L
79	70	L
79	71	L
79	72	L
79	73	L
79	74	-1
79	75	Lp
79	76	L
79	77	L
79	78	L
79	79	L
79	80	L
79	81	L
79	82	-1
79	83	Lp
79	84	L
79	85	U
79	86	-1
79	87	-1
79	88	Lp
79	89	Lp
79	90	L
79	91	L
79	92	-1
79	93	L
79	94	L
79	95	-1
79	96	L
79	97	L
79	98	L
79	99	Lp
79	100	Lp
79	101	U
79	102	-1
79	103	Lp
79	104	-1
79	105	-1
79	106	Lp
79	107	Lp
79	108	Lp
79	109	Lp
79	110	Lp
79	111	Lp
79	112	L
79	113	L
79	114	L
79	115	L
79	116	L
79	117	L
79	118	L
79	119	-1
80	0	L
80	1	-1
80	2	L
80	3	L
80	4	-1
80	5	Lp
80	6	Lp
80	7	Lp
80	8	Lp
80	9	Lp
80	10	Lp
80	11	Lp
80	12	Lp
80	13	Lp
80	14	L
80	15	Lp
80	16	Lp
80	17	Lp
80	18	-1
80	19	Lp
80	20	Lp
80	21	Lp
80	22	L
80	23	Lp
80	24	-1
80	25	Lp
80	26	L
80	27	L
80	28	L
80	29	Lp
80	30	Lp
80	31	Lp
80	32	Lp
80	33	Lp
80	34	Lp
80	35	-1
80	36	Lp
80	37	Lp
80	38	L
80	39	L
80	40	-1
80	41	-1
80	42	L
80	43	Lp
80	44	L
80	45	L
80	46	L
80	47	U
80	48	Lp
80	49	-1
80	50	-1
80	51	-1
80	52	Lp
80	53	Lp
80	54	Lp
80	55	Lp
80	56	L
80	57	Lp
80	58	L
80	59	L
80	60	L
80	61	L
80	62	L
80	63	-1
80	64	L
80	65	L
80	66	-1
80	67	L
80	68	-1
80	69	-1
80	70	L
80	71	-1
80	72	L
80	73	L
80	74	-1
80	75	L
80	76	L
80	77	L
80	78	L
80	79	L
80	80	L
80	81	L
80	82	Lp
80	83	L
80	84	-1
80	85	-1
80	86	L
80	87	L
80	88	L
80	89	-1
80	90	L
80	91	-1
80	92	L
80	93	Lp
80	94	L
80	95	L
80	96	-1
80	97	L
80	98	Lp
80	99	-1
80	100	L
80	101	Lp
80	102	U
80	103	Lp
80	104	Lp
80	105	Lp
80	106	Lp
80	107	-1
80	108	Lp
80	109	-1
80	110	Lp
80	111	Lp
80	112	L
80	113	L
80	114	Lp
80	115	-1
80	116	L
80	117	Lp
80	118	-1
80	119	-1
81	0	L
81	1	Lp
81	2	L
81	3	Lp
81	4	Lp
81	5	Lp
81	6	Lp
81	7	Lp
81	8	Lp
81	9	Lp
81	10	Lp
81	11	Lp
81	12	Lp
81	13	Lp
81	14	-1
81	15	L
81	16	Lp
81	17	Lp
81	18	Lp
81	19	Lp
81	20	Lp
81	21	Lp
81	22	Lp
81	23	-1
81	24	-1
81	25	Lp
81	26	L
81	27	L
81	28	-1
81	29	Lp
81	30	-1
81	31	L
81	32	-1
81	33	-1
81	34	-1
81	35	Lp
81	36	Lp
81	37	-1
81	38	L
81	39	-1
81	40	-1
81	41	L
81	42	-1
81	43	L
81	44	-1
81	45	L
81	46	-1
81	47	U
81	48	-1
81	49	Lp
81	50	-1
81	51	-1
81	52	Lp
81	53	Lp
81	54	Lp
81	55	Lp
81	56	Lp
81	57	Lp
81	58	Lp
81	59	L
81	60	L
81	61	L
81	62	L
81	63	L
81	64	L
81	65	L
81	66	L
81	67	-1
81	68	L
81	69	-1
81	70	-1
81	71	-1
81	72	-1
81	73	L
81	74	L
81	75	L
81	76	L
81	77	-1
81	78	L
81	79	L
81	80	L
81	81	L
81	82	L
81	83	L
81	84	L
81	85	-1
81	86	-1
81	87	L
81	88	L
81	89	L
81	90	L
81	91	L
81	92	Lp
81	93	L
81	94	-1
81	95	L
81	96	L
81	97	L
81	98	L
81	99	L
81	100	Lp
81	101	L
81	102	U
81	103	U
81	104	Lp
81	105	Lp
81	106	Lp
81	107	Lp
81	108	-1
81	109	Lp
81	110	Lp
81	111	Lp
81	112	Lp
81	113	Lp
81	114	Lp
81	115	Lp
81	116	Lp
81	117	-1
81	118	-1
81	119	L
82	0	L
82	1	Lp
82	2	Lp
82	3	Lp
82	4	Lp
82	5	Lp
82	6	Lp
82	7	Lp
82	8	Lp
82	9	-1
82	10	-1
82	11	Lp
82	12	Lp
82	13	Lp
82	14	-1
82	15	Lp
82	16	Lp
82	17	Lp
82	18	Lp
82	19	-1
82	20	Lp
82	21	-1
82	22	-1
82	23	-1
82	24	Lp
82	25	-1
82	26	Lp
82	27	-1
82	28	L
82	29	L
82	30	L
82	31	L
82	32	L
82	33	Lp
82	34	L
82	35	L
82	36	Lp
82	37	-1
82	38	L
82	39	L
82	40	L
82	41	L
82	42	L
82	43	-1
82	44	U
82	45	-1
82	46	L
82	47	Lp
82	48	-1
82	49	Lp
82	50	L
82	51	L
82	52	Lp
82	53	Lp
82	54	Lp
82	55	-1
82	56	Lp
82	57	-1
82	58	-1
82	59	L
82	60	L
82	61	L
82	62	L
82	63	L
82	64	L
82	65	L
82	66	L
82	67	L
82	68	-1
82	69	L
82	70	L
82	71	L
82	72	L
82	73	-1
82	74	-1
82	75	L
82	76	Lp
82	77	Lp
82	78	L
82	79	Lp
82	80	L
82	81	L
82	82	-1
82	83	L
82	84	L
82	85	L
82	86	-1
82	87	-1
82	88	L
82	89	-1
82	90	L
82	91	L
82	92	L
82	93	L
82	94	L
82	95	L
82	96	L
82	97	L
82	98	Lp
82	99	Lp
82	100	L
82	101	Lp
82	102	Lp
82	103	Lp
82	104	-1
82	105	Lp
82	106	Lp
82	107	Lp
82	108	-1
82	109	Lp
82	110	Lp
82	111	Lp
82	112	Lp
82	113	Lp
82	114	Lp
82	115	Lp
82	116	Lp
82	117	Lp
82	118	Lp
82	119	Lp
83	0	Lp
83	1	-1
83	2	Lp
83	3	Lp
83	4	Lp
83	5	Lp
83	6	-1
83	7	Lp
83	8	Lp
83	9	Lp
83	10	Lp
83	11	Lp
83	12	L
83	13	L
83	14	Lp
83	15	Lp
83	16	-1
83	17	Lp
83	18	Lp
83	19	-1
83	20	Lp
83	21	-1
83	22	Lp
83	23	Lp
83	24	Lp
83	25	Lp
83	26	Lp
83	27	L
83	28	L
83	29	Lp
83	30	L
83	31	L
83	32	L
83	33	L
83	34	L
83	35	L
83	36	-1
83	37	L
83	38	L
83	39	-1
83	40	L
83	41	L
83	42	L
83	43	L
83	44	L
83	45	U
83	46	U
83	47	L
83	48	L
83	49	L
83	50	L
83	51	L
83	52	L
83	53	Lp
83	54	Lp
83	55	Lp
83	56	Lp
83	57	Lp
83	58	L
83	59	L
83	60	-1
83	61	-1
83	62	-1
83	63	L
83	64	-1
83	65	L
83	66	L
83	67	-1
83	68	-1
83	69	L
83	70	-1
83	71	L
83	72	L
83	73	L
83	74	L
83	75	L
83	76	Lp
83	77	-1
83	78	Lp
83	79	L
83	80	L
83	81	L
83	82	L
83	83	L
83	84	L
83	85	L
83	86	L
83	87	L
83	88	-1
83	89	L
83	90	L
83	91	L
83	92	L
83	93	Lp
83	94	L
83	95	L
83	96	L
83	97	L
83	98	Lp
83	99	-1
83	100	-1
83	101	L
83	102	L
83	103	L
83	104	Lp
83	105	Lp
83	106	Lp
83	107	Lp
83	108	-1
83	109	Lp
83	110	Lp
83	111	L
83	112	Lp
83	113	Lp
83	114	Lp
83	115	-1
83	116	Lp
83	117	Lp
83	118	Lp
83	119	Lp
84	0	-1
84	1	Lp
84	2	Lp
84	3	Lp
84	4	Lp
84	5	Lp
84	6	Lp
84	7	Lp
84	8	Lp
84	9	-1
84	10	Lp
84	11	Lp
84	12	Lp
84	13	Lp
84	14	Lp
84	15	L
84	16	Lp
84	17	L
84	18	-1
84	19	Lp
84	20	Lp
84	21	Lp
84	22	Lp
84	23	Lp
84	24	-1
84	25	L
84	26	L
84	27	L
84	28	-1
84	29	-1
84	30	-1
84	31	Lp
84	32	L
84	33	L
84	34	-1
84	35	Lp
84	36	-1
84	37	Lp
84	38	L
84	39	L
84	40	L
84	41	L
84	42	L
84	43	L
84	44	L
84	45	L
84	46	L
84	47	L
84	48	L
84	49	L
84	50	L
84	51	L
84	52	L
84	53	Lp
84	54	-1
84	55	Lp
84	56	Lp
84	57	Lp
84	58	Lp
84	59	L
84	60	Lp
84	61	-1
84	62	L
84	63	L
84	64	L
84	65	L
84	66	L
84	67	L
84	68	L
84	69	L
84	70	L
84	71	L
84	72	L
84	73	L
84	74	L
84	75	-1
84	76	Lp
84	77	Lp
84	78	-1
84	79	U
84	80	-1
84	81	L
84	82	-1
84	83	L
84	84	L
84	85	L
84	86	L
84	87	L
84	88	Lp
84	89	-1
84	90	L
84	91	L
84	92	L
84	93	L
84	94	Lp
84	95	L
84	96	L
84	97	-1
84	98	-1
84	99	Lp
84	100	Lp
84	101	-1
84	102	L
84	103	Lp
84	104	Lp
84	105	Lp
84	106	Lp
84	107	Lp
84	108	-1
84	109	Lp
84	110	Lp
84	111	L
84	112	L
84	113	Lp
84	114	Lp
84	115	Lp
84	116	Lp
84	117	Lp
84	118	Lp
84	119	Lp
85	0	L
85	1	-1
85	2	-1
85	3	Lp
85	4	Lp
85	5	Lp
85	6	Lp
85	7	Lp
85	8	-1
85	9	Lp
85	10	Lp
85	11	-1
85	12	Lp
85	13	Lp
85	14	Lp
85	15	Lp
85	16	L
85	17	Lp
85	18	Lp
85	19	Lp
85	20	Lp
85	21	Lp
85	22	Lp
85	23	-1
85	24	L
85	25	-1
85	26	L
85	27	-1
85	28	Lp
85	29	-1
85	30	Lp
85	31	L
85	32	L
85	33	L
85	34	-1
85	35	Lp
85	36	Lp
85	37	Lp
85	38	L
85	39	L
85	40	L
85	41	L
85	42	L
85	43	-1
85	44	L
85	45	L
85	46	L
85	47	L
85	48	L
85	49	Lp
85	50	L
85	51	L
85	52	L
85	53	Lp
85	54	L
85	55	Lp
85	56	-1
85	57	-1
85	58	Lp
85	59	-1
85	60	L
85	61	Lp
85	62	L
85	63	L
85	64	L
85	65	L
85	66	L
85	67	L
85	68	L
85	69	L
85	70	L
85	71	L
85	72	L
85	73	L
85	74	L
85	75	L
85	76	L
85	77	Lp
85	78	L
85	79	-1
85	80	U
85	81	L
85	82	L
85	83	L
85	84	L
85	85	L
85	86	L
85	87	L
85	88	L
85	89	-1
85	90	L
85	91	L
85	92	L
85	93	L
85	94	Lp
85	95	L
85	96	L
85	97	L
85	98	Lp
85	99	Lp
85	100	Lp
85	101	L
85	102	Lp
85	103	Lp
85	104	-1
85	105	Lp
85	106	Lp
85	107	U
85	108	Lp
85	109	-1
85	110	Lp
85	111	Lp
85	112	L
85	113	Lp
85	114	-1
85	115	Lp
85	116	Lp
85	117	Lp
85	118	Lp
85	119	-1
86	0	L
86	1	-1
86	2	-1
86	3	Lp
86	4	Lp
86	5	Lp
86	6	Lp
86	7	Lp
86	8	Lp
86	9	Lp
86	10	-1
86	11	-1
86	12	Lp
86	13	Lp
86	14	-1
86	15	L
86	16	Lp
86	17	Lp
86	18	Lp
86	19	Lp
86	20	Lp
86	21	Lp
86	22	Lp
86	23	Lp
86	24	L
86	25	L
86	26	L
86	27	L
86	28	-1
86	29	Lp
86	30	Lp
86	31	-1
86	32	Lp
86	33	L
86	34	-1
86	35	-1
86	36	-1
86	37	L
86	38	L
86	39	L
86	40	L
86	41	-1
86	42	Lp
86	43	Lp
86	44	-1
86	45	-1
86	46	L
86	47	L
86	48	L
86	49	L
86	50	Lp
86	51	L
86	52	L
86	53	L
86	54	Lp
86	55	Lp
86	56	-1
86	57	-1
86	58	-1
86	59	Lp
86	60	L
86	61	Lp
86	62	L
86	63	L
86	64	L
86	65	-1
86	66	L
86	67	L
86	68	L
86	69	L
86	70	L
86	71	L
86	72	-1
86	73	-1
86	74	-1
86	75	L
86	76	L
86	77	L
86	78	L
86	79	U
86	80	L
86	81	L
86	82	L
86	83	-1
86	84	L
86	85	L
86	86	L
86	87	-1
86	88	L
86	89	L
86	90	Lp
86	91	L
86	92	L
86	93	Lp
86	94	L
86	95	-1
86	96	L
86	97	Lp
86	98	Lp
86	99	-1
86	100	Lp
86	101	Lp
86	102	L
86	103	Lp
86	104	-1
86	105	Lp
86	106	-1
86	107	-1
86	108	U
86	109	Lp
86	110	-1
86	111	-1
86	112	Lp
86	113	-1
86	114	Lp
86	115	-1
86	116	Lp
86	117	Lp
86	118	-1
86	119	L
87	0	L
87	1	-1
87	2	-1
87	3	Lp
87	4	Lp
87	5	-1
87	6	Lp
87	7	Lp
87	8	-1
87	9	Lp
87	10	Lp
87	11	-1
87	12	Lp
87	13	Lp
87	14	L
87	15	-1
87	16	Lp
87	17	Lp
87	18	-1
87	19	Lp
87	20	Lp
87	21	Lp
87	22	Lp
87	23	-1
87	24	L
87	25	L
87	26	L
87	27	L
87	28	Lp
87	29	Lp
87	30	Lp
87	31	Lp
87	32	Lp
87	33	L
87	34	L
87	35	L
87	36	-1
87	37	-1
87	38	-1
87	39	L
87	40	-1
87	41	-1
87	42	L
87	43	-1
87	44	L
87	45	-1
87	46	L
87	47	L
87	48	L
87	49	-1
87	50	L
87	51	-1
87	52	L
87	53	-1
87	54	-1
87	55	-1
87	56	Lp
87	57	Lp
87	58	L
87	59	-1
87	60	Lp
87	61	-1
87	62	L
87	63	L
87	64	L
87	65	-1
87	66	-1
87	67	L
87	68	L
87	69	-1
87	70	L
87	71	L
87	72	L
87	73	L
87	74	-1
87	75	L
87	76	L
87	77	L
87	78	L
87	79	L
87	80	L
87	81	L
87	82	L
87	83	Lp
87	84	-1
87	85	U
87	86	U
87	87	L
87	88	L
87	89	-1
87	90	-1
87	91	L
87	92	L
87	93	-1
87	94	-1
87	95	L
87	96	Lp
87	97	Lp
87	98	-1
87	99	Lp
87	100	Lp
87	101	Lp
87	102	L
87	103	Lp
87	104	Lp
87	105	Lp
87	106	U
87	107	-1
87	108	-1
87	109	L
87	110	Lp
87	111	Lp
87	112	-1
87	113	Lp
87	114	Lp
87	115	Lp
87	116	-1
87	117	L
87	118	-1
87	119	L
88	0	L
88	1	U
88	2	Lp
88	3	Lp
88	4	Lp
88	5	Lp
88	6	-1
88	7	Lp
88	8	Lp
88	9	-1
88	10	Lp
88	11	-1
88	12	Lp
88	13	Lp
88	14	L
88	15	L
88	16	Lp
88	17	Lp
88	18	Lp
88	19	Lp
88	20	Lp
88	21	Lp
88	22	Lp
88	23	Lp
88	24	Lp
88	25	L
88	26	-1
88	27	-1
88	28	Lp
88	29	Lp
88	30	Lp
88	31	L
88	32	L
88	33	L
88	34	L
88	35	-1
88	36	L
88	37	-1
88	38	L
88	39	-1
88	40	L
88	41	L
88	42	L
88	43	L
88	44	-1
88	45	L
88	46	L
88	47	L
88	48	L
88	49	L
88	50	Lp
88	51	-1
88	52	L
88	53	-1
88	54	L
88	55	Lp
88	56	Lp
88	57	L
88	58	-1
88	59	-1
88	60	Lp
88	61	Lp
88	62	L
88	63	L
88	64	Lp
88	65	-1
88	66	Lp
88	67	Lp
88	68	-1
88	69	Lp
88	70	L
88	71	L
88	72	L
88	73	-1
88	74	L
88	75	L
88	76	L
88	77	L
88	78	L
88	79	-1
88	80	L
88	81	Lp
88	82	L
88	83	L
88	84	L
88	85	L
88	86	-1
88	87	L
88	88	L
88	89	L
88	90	L
88	91	L
88	92	L
88	93	L
88	94	L
88	95	L
88	96	-1
88	97	L
88	98	Lp
88	99	Lp
88	100	Lp
88	101	L
88	102	L
88	103	L
88	104	Lp
88	105	Lp
88	106	-1
88	107	-1
88	108	L
88	109	Lp
88	110	Lp
88	111	-1
88	112	Lp
88	113	Lp
88	114	-1
88	115	U
88	116	Lp
88	117	-1
88	118	Lp
88	119	Lp
89	0	U
89	1	-1
89	2	L
89	3	Lp
89	4	-1
89	5	Lp
89	6	Lp
89	7	-1
89	8	Lp
89	9	Lp
89	10	-1
89	11	Lp
89	12	Lp
89	13	L
89	14	Lp
89	15	Lp
89	16	-1
89	17	Lp
89	18	-1
89	19	-1
89	20	Lp
89	21	Lp
89	22	Lp
89	23	Lp
89	24	Lp
89	25	L
89	26	L
89	27	L
89	28	L
89	29	Lp
89	30	-1
89	31	Lp
89	32	L
89	33	L
89	34	L
89	35	L
89	36	-1
89	37	L
89	38	L
89	39	L
89	40	L
89	41	L
89	42	-1
89	43	L
89	44	L
89	45	U
89	46	L
89	47	-1
89	48	L
89	49	L
89	50	L
89	51	L
89	52	Lp
89	53	-1
89	54	Lp
89	55	-1
89	56	L
89	57	Lp
89	58	Lp
89	59	Lp
89	60	Lp
89	61	Lp
89	62	L
89	63	L
89	64	Lp
89	65	Lp
89	66	Lp
89	67	Lp
89	68	Lp
89	69	Lp
89	70	L
89	71	L
89	72	U
89	73	-1
89	74	L
89	75	-1
89	76	-1
89	77	L
89	78	L
89	79	L
89	80	L
89	81	L
89	82	L
89	83	L
89	84	L
89	85	L
89	86	L
89	87	L
89	88	L
89	89	Lp
89	90	-1
89	91	L
89	92	L
89	93	-1
89	94	L
89	95	L
89	96	L
89	97	-1
89	98	-1
89	99	Lp
89	100	-1
89	101	L
89	102	-1
89	103	-1
89	104	L
89	105	-1
89	106	Lp
89	107	Lp
89	108	-1
89	109	-1
89	110	L
89	111	Lp
89	112	-1
89	113	U
89	114	L
89	115	-1
89	116	-1
89	117	Lp
89	118	Lp
89	119	Lp
90	0	U
90	1	-1
90	2	U
90	3	L
90	4	-1
90	5	Lp
90	6	-1
90	7	Lp
90	8	Lp
90	9	-1
90	10	Lp
90	11	Lp
90	12	-1
90	13	-1
90	14	-1
90	15	Lp
90	16	Lp
90	17	Lp
90	18	-1
90	19	Lp
90	20	-1
90	21	-1
90	22	Lp
90	23	L
90	24	L
90	25	L
90	26	-1
90	27	L
90	28	L
90	29	-1
90	30	L
90	31	L
90	32	L
90	33	L
90	34	L
90	35	-1
90	36	L
90	37	L
90	38	L
90	39	-1
90	40	L
90	41	-1
90	42	L
90	43	L
90	44	L
90	45	L
90	46	L
90	47	-1
90	48	L
90	49	Lp
90	50	-1
90	51	Lp
90	52	Lp
90	53	-1
90	54	Lp
90	55	Lp
90	56	Lp
90	57	Lp
90	58	Lp
90	59	-1
90	60	Lp
90	61	Lp
90	62	-1
90	63	Lp
90	64	Lp
90	65	Lp
90	66	Lp
90	67	Lp
90	68	Lp
90	69	L
90	70	L
90	71	-1
90	72	L
90	73	L
90	74	L
90	75	U
90	76	-1
90	77	L
90	78	L
90	79	L
90	80	L
90	81	Lp
90	82	Lp
90	83	Lp
90	84	Lp
90	85	L
90	86	L
90	87	L
90	88	L
90	89	Lp
90	90	L
90	91	L
90	92	L
90	93	L
90	94	-1
90	95	-1
90	96	-1
90	97	-1
90	98	-1
90	99	Lp
90	100	L
90	101	-1
90	102	L
90	103	Lp
90	104	Lp
90	105	L
90	106	Lp
90	107	Lp
90	108	Lp
90	109	Lp
90	110	Lp
90	111	Lp
90	112	Lp
90	113	U
90	114	L
90	115	-1
90	116	Lp
90	117	Lp
90	118	-1
90	119	L
91	0	L
91	1	U
91	2	U
91	3	U
91	4	U
91	5	L
91	6	L
91	7	L
91	8	Lp
91	9	Lp
91	10	Lp
91	11	Lp
91	12	-1
91	13	-1
91	14	-1
91	15	-1
91	16	Lp
91	17	Lp
91	18	-1
91	19	Lp
91	20	Lp
91	21	Lp
91	22	Lp
91	23	L
91	24	L
91	25	L
91	26	-1
91	27	L
91	28	L
91	29	L
91	30	L
91	31	L
91	32	L
91	33	-1
91	34	L
91	35	L
91	36	L
91	37	-1
91	38	Lp
91	39	L
91	40	Lp
91	41	L
91	42	-1
91	43	L
91	44	-1
91	45	L
91	46	L
91	47	-1
91	48	L
91	49	Lp
91	50	Lp
91	51	Lp
91	52	Lp
91	53	Lp
91	54	Lp
91	55	Lp
91	56	Lp
91	57	-1
91	58	Lp
91	59	Lp
91	60	Lp
91	61	Lp
91	62	Lp
91	63	Lp
91	64	Lp
91	65	Lp
91	66	Lp
91	67	L
91	68	Lp
91	69	-1
91	70	-1
91	71	L
91	72	-1
91	73	-1
91	74	-1
91	75	L
91	76	L
91	77	-1
91	78	L
91	79	-1
91	80	L
91	81	Lp
91	82	Lp
91	83	Lp
91	84	L
91	85	L
91	86	L
91	87	L
91	88	L
91	89	-1
91	90	L
91	91	L
91	92	-1
91	93	-1
91	94	L
91	95	L
91	96	L
91	97	L
91	98	L
91	99	L
91	100	L
91	101	L
91	102	L
91	103	-1
91	104	Lp
91	105	Lp
91	106	Lp
91	107	Lp
91	108	Lp
91	109	Lp
91	110	Lp
91	111	U
91	112	-1
91	113	Lp
91	114	Lp
91	115	-1
91	116	Lp
91	117	-1
91	118	L
91	119	Lp
92	0	U
92	1	L
92	2	U
92	3	L
92	4	-1
92	5	L
92	6	L
92	7	L
92	8	L
92	9	-1
92	10	Lp
92	11	Lp
92	12	Lp
92	13	Lp
92	14	Lp
92	15	Lp
92	16	Lp
92	17	Lp
92	18	Lp
92	19	Lp
92	20	Lp
92	21	-1
92	22	L
92	23	Lp
92	24	L
92	25	-1
92	26	-1
92	27	-1
92	28	L
92	29	L
92	30	L
92	31	L
92	32	L
92	33	-1
92	34	L
92	35	L
92	36	Lp
92	37	Lp
92	38	Lp
92	39	-1
92	40	L
92	41	-1
92	42	L
92	43	L
92	44	L
92	45	Lp
92	46	L
92	47	-1
92	48	-1
92	49	Lp
92	50	Lp
92	51	Lp
92	52	-1
92	53	Lp
92	54	Lp
92	55	-1
92	56	Lp
92	57	Lp
92	58	Lp
92	59	Lp
92	60	Lp
92	61	Lp
92	62	Lp
92	63	Lp
92	64	Lp
92	65	Lp
92	66	L
92	67	Lp
92	68	Lp
92	69	-1
92	70	Lp
92	71	-1
92	72	-1
92	73	L
92	74	L
92	75	-1
92	76	L
92	77	L
92	78	L
92	79	L
92	80	Lp
92	81	Lp
92	82	Lp
92	83	Lp
92	84	Lp
92	85	L
92	86	-1
92	87	-1
92	88	-1
92	89	-1
92	90	L
92	91	L
92	92	-1
92	93	L
92	94	L
92	95	L
92	96	L
92	97	L
92	98	-1
92	99	L
92	100	L
92	101	L
92	102	-1
92	103	Lp
92	104	Lp
92	105	Lp
92	106	Lp
92	107	Lp
92	108	Lp
92	109	-1
92	110	-1
92	111	Lp
92	112	-1
92	113	Lp
92	114	Lp
92	115	Lp
92	116	Lp
92	117	Lp
92	118	Lp
92	119	-1
93	0	Lp
93	1	L
93	2	Lp
93	3	L
93	4	L
93	5	-1
93	6	Lp
93	7	Lp
93	8	L
93	9	L
93	10	-1
93	11	Lp
93	12	Lp
93	13	Lp
93	14	Lp
93	15	-1
93	16	-1
93	17	Lp
93	18	-1
93	19	L
93	20	-1
93	21	-1
93	22	Lp
93	23	-1
93	24	L
93	25	L
93	26	L
93	27	-1
93	28	Lp
93	29	L
93	30	L
93	31	L
93	32	L
93	33	L
93	34	Lp
93	35	Lp
93	36	L
93	37	Lp
93	38	Lp
93	39	Lp
93	40	U
93	41	-1
93	42	Lp
93	43	L
93	44	U
93	45	Lp
93	46	L
93	47	-1
93	48	U
93	49	-1
93	50	Lp
93	51	Lp
93	52	Lp
93	53	Lp
93	54	-1
93	55	-1
93	56	Lp
93	57	Lp
93	58	Lp
93	59	Lp
93	60	Lp
93	61	Lp
93	62	Lp
93	63	-1
93	64	-1
93	65	Lp
93	66	-1
93	67	Lp
93	68	Lp
93	69	Lp
93	70	Lp
93	71	-1
93	72	-1
93	73	-1
93	74	-1
93	75	L
93	76	L
93	77	-1
93	78	-1
93	79	L
93	80	Lp
93	81	Lp
93	82	Lp
93	83	Lp
93	84	L
93	85	-1
93	86	L
93	87	L
93	88	L
93	89	L
93	90	-1
93	91	L
93	92	L
93	93	L
93	94	L
93	95	L
93	96	L
93	97	L
93	98	L
93	99	Lp
93	100	L
93	101	L
93	102	L
93	103	-1
93	104	-1
93	105	Lp
93	106	Lp
93	107	Lp
93	108	Lp
93	109	Lp
93	110	Lp
93	111	Lp
93	112	Lp
93	113	Lp
93	114	-1
93	115	Lp
93	116	Lp
93	117	Lp
93	118	Lp
93	119	Lp
94	0	-1
94	1	Lp
94	2	L
94	3	-1
94	4	-1
94	5	Lp
94	6	Lp
94	7	Lp
94	8	L
94	9	L
94	10	-1
94	11	-1
94	12	Lp
94	13	-1
94	14	Lp
94	15	L
94	16	Lp
94	17	-1
94	18	-1
94	19	L
94	20	-1
94	21	Lp
94	22	Lp
94	23	L
94	24	-1
94	25	Lp
94	26	Lp
94	27	Lp
94	28	L
94	29	Lp
94	30	L
94	31	L
94	32	L
94	33	-1
94	34	Lp
94	35	-1
94	36	Lp
94	37	Lp
94	38	-1
94	39	-1
94	40	U
94	41	Lp
94	42	Lp
94	43	Lp
94	44	Lp
94	45	Lp
94	46	L
94	47	Lp
94	48	Lp
94	49	Lp
94	50	L
94	51	-1
94	52	Lp
94	53	-1
94	54	Lp
94	55	-1
94	56	L
94	57	L
94	58	Lp
94	59	Lp
94	60	Lp
94	61	Lp
94	62	Lp
94	63	-1
94	64	Lp
94	65	Lp
94	66	Lp
94	67	Lp
94	68	Lp
94	69	Lp
94	70	Lp
94	71	L
94	72	L
94	73	L
94	74	-1
94	75	L
94	76	-1
94	77	L
94	78	-1
94	79	L
94	80	L
94	81	Lp
94	82	Lp
94	83	Lp
94	84	L
94	85	L
94	86	-1
94	87	L
94	88	L
94	89	L
94	90	-1
94	91	L
94	92	L
94	93	L
94	94	L
94	95	L
94	96	L
94	97	-1
94	98	L
94	99	-1
94	100	L
94	101	L
94	102	L
94	103	-1
94	104	-1
94	105	Lp
94	106	Lp
94	107	Lp
94	108	-1
94	109	Lp
94	110	Lp
94	111	Lp
94	112	Lp
94	113	Lp
94	114	Lp
94	115	Lp
94	116	Lp
94	117	L
94	118	Lp
94	119	Lp
95	0	-1
95	1	Lp
95	2	Lp
95	3	-1
95	4	Lp
95	5	Lp
95	6	Lp
95	7	-1
95	8	-1
95	9	-1
95	10	Lp
95	11	Lp
95	12	Lp
95	13	Lp
95	14	U
95	15	-1
95	16	Lp
95	17	-1
95	18	L
95	19	U
95	20	Lp
95	21	-1
95	22	-1
95	23	L
95	24	L
95	25	L
95	26	-1
95	27	L
95	28	L
95	29	L
95	30	L
95	31	L
95	32	L
95	33	L
95	34	L
95	35	L
95	36	Lp
95	37	L
95	38	-1
95	39	U
95	40	U
95	41	Lp
95	42	Lp
95	43	Lp
95	44	-1
95	45	-1
95	46	-1
95	47	Lp
95	48	Lp
95	49	Lp
95	50	U
95	51	L
95	52	-1
95	53	-1
95	54	L
95	55	L
95	56	L
95	57	L
95	58	Lp
95	59	Lp
95	60	-1
95	61	Lp
95	62	Lp
95	63	Lp
95	64	-1
95	65	Lp
95	66	Lp
95	67	-1
95	68	Lp
95	69	Lp
95	70	Lp
95	71	Lp
95	72	L
95	73	L
95	74	L
95	75	L
95	76	L
95	77	-1
95	78	-1
95	79	-1
95	80	Lp
95	81	-1
95	82	Lp
95	83	Lp
95	84	L
95	85	L
95	86	L
95	87	-1
95	88	Lp
95	89	L
95	90	L
95	91	-1
95	92	L
95	93	L
95	94	-1
95	95	L
95	96	L
95	97	L
95	98	L
95	99	-1
95	100	L
95	101	-1
95	102	L
95	103	L
95	104	Lp
95	105	Lp
95	106	Lp
95	107	Lp
95	108	Lp
95	109	Lp
95	110	-1
95	111	Lp
95	112	U
95	113	Lp
95	114	Lp
95	115	L
95	116	L
95	117	-1
95	118	Lp
95	119	Lp
96	0	Lp
96	1	Lp
96	2	Lp
96	3	Lp
96	4	-1
96	5	Lp
96	6	Lp
96	7	Lp
96	8	-1
96	9	L
96	10	Lp
96	11	Lp
96	12	Lp
96	13	-1
96	14	Lp
96	15	U
96	16	Lp
96	17	-1
96	18	-1
96	19	U
96	20	Lp
96	21	Lp
96	22	Lp
96	23	Lp
96	24	L
96	25	L
96	26	-1
96	27	L
96	28	-1
96	29	Lp
96	30	Lp
96	31	U
96	32	L
96	33	Lp
96	34	L
96	35	Lp
96	36	L
96	37	Lp
96	38	Lp
96	39	Lp
96	40	U
96	41	Lp
96	42	Lp
96	43	Lp
96	44	U
96	45	L
96	46	L
96	47	L
96	48	Lp
96	49	U
96	50	U
96	51	U
96	52	-1
96	53	L
96	54	-1
96	55	-1
96	56	L
96	57	-1
96	58	L
96	59	Lp
96	60	-1
96	61	Lp
96	62	Lp
96	63	Lp
96	64	Lp
96	65	-1
96	66	Lp
96	67	L
96	68	L
96	69	-1
96	70	L
96	71	L
96	72	Lp
96	73	L
96	74	L
96	75	L
96	76	-1
96	77	L
96	78	L
96	79	L
96	80	Lp
96	81	Lp
96	82	Lp
96	83	Lp
96	84	-1
96	85	Lp
96	86	Lp
96	87	Lp
96	88	L
96	89	Lp
96	90	L
96	91	L
96	92	-1
96	93	L
96	94	L
96	95	L
96	96	L
96	97	U
96	98	L
96	99	L
96	100	L
96	101	L
96	102	L
96	103	L
96	104	Lp
96	105	-1
96	106	Lp
96	107	Lp
96	108	-1
96	109	Lp
96	110	-1
96	111	-1
96	112	Lp
96	113	Lp
96	114	-1
96	115	L
96	116	-1
96	117	L
96	118	Lp
96	119	Lp
97	0	Lp
97	1	Lp
97	2	-1
97	3	Lp
97	4	-1
97	5	Lp
97	6	Lp
97	7	Lp
97	8	L
97	9	L
97	10	Lp
97	11	Lp
97	12	Lp
97	13	L
97	14	U
97	15	Lp
97	16	U
97	17	L
97	18	Lp
97	19	Lp
97	20	U
97	21	Lp
97	22	Lp
97	23	-1
97	24	-1
97	25	Lp
97	26	L
97	27	L
97	28	L
97	29	L
97	30	Lp
97	31	-1
97	32	-1
97	33	-1
97	34	Lp
97	35	-1
97	36	Lp
97	37	L
97	38	-1
97	39	Lp
97	40	Lp
97	41	L
97	42	Lp
97	43	Lp
97	44	Lp
97	45	L
97	46	L
97	47	L
97	48	-1
97	49	U
97	50	U
97	51	U
97	52	U
97	53	L
97	54	-1
97	55	-1
97	56	L
97	57	L
97	58	Lp
97	59	Lp
97	60	-1
97	61	-1
97	62	Lp
97	63	-1
97	64	Lp
97	65	Lp
97	66	Lp
97	67	Lp
97	68	L
97	69	L
97	70	L
97	71	Lp
97	72	L
97	73	-1
97	74	-1
97	75	-1
97	76	-1
97	77	-1
97	78	L
97	79	-1
97	80	-1
97	81	Lp
97	82	L
97	83	-1
97	84	Lp
97	85	L
97	86	Lp
97	87	Lp
97	88	Lp
97	89	Lp
97	90	L
97	91	-1
97	92	-1
97	93	L
97	94	L
97	95	L
97	96	L
97	97	-1
97	98	L
97	99	L
97	100	L
97	101	L
97	102	L
97	103	Lp
97	104	-1
97	105	Lp
97	106	Lp
97	107	-1
97	108	Lp
97	109	Lp
97	110	Lp
97	111	Lp
97	112	Lp
97	113	Lp
97	114	Lp
97	115	L
97	116	L
97	117	Lp
97	118	-1
97	119	Lp
98	0	Lp
98	1	Lp
98	2	Lp
98	3	-1
98	4	Lp
98	5	Lp
98	6	Lp
98	7	-1
98	8	-1
98	9	L
98	10	Lp
98	11	Lp
98	12	L
98	13	Lp
98	14	Lp
98	15	U
98	16	Lp
98	17	U
98	18	Lp
98	19	-1
98	20	Lp
98	21	Lp
98	22	-1
98	23	-1
98	24	-1
98	25	U
98	26	Lp
98	27	-1
98	28	L
98	29	Lp
98	30	Lp
98	31	Lp
98	32	-1
98	33	Lp
98	34	Lp
98	35	Lp
98	36	L
98	37	L
98	38	-1
98	39	Lp
98	40	-1
98	41	-1
98	42	-1
98	43	Lp
98	44	-1
98	45	-1
98	46	L
98	47	L
98	48	U
98	49	U
98	50	U
98	51	U
98	52	U
98	53	L
98	54	-1
98	55	L
98	56	Lp
98	57	Lp
98	58	-1
98	59	-1
98	60	-1
98	61	-1
98	62	Lp
98	63	Lp
98	64	Lp
98	65	Lp
98	66	-1
98	67	L
98	68	-1
98	69	-1
98	70	-1
98	71	L
98	72	L
98	73	-1
98	74	-1
98	75	-1
98	76	L
98	77	-1
98	78	L
98	79	Lp
98	80	-1
98	81	-1
98	82	Lp
98	83	-1
98	84	Lp
98	85	Lp
98	86	Lp
98	87	Lp
98	88	Lp
98	89	Lp
98	90	L
98	91	-1
98	92	L
98	93	L
98	94	L
98	95	L
98	96	-1
98	97	Lp
98	98	Lp
98	99	L
98	100	L
98	101	L
98	102	L
98	103	L
98	104	U
98	105	Lp
98	106	Lp
98	107	Lp
98	108	Lp
98	109	-1
98	110	Lp
98	111	Lp
98	112	Lp
98	113	Lp
98	114	-1
98	115	-1
98	116	Lp
98	117	Lp
98	118	-1
98	119	Lp
99	0	-1
99	1	Lp
99	2	L
99	3	-1
99	4	Lp
99	5	Lp
99	6	-1
99	7	L
99	8	L
99	9	L
99	10	L
99	11	Lp
99	12	Lp
99	13	L
99	14	U
99	15	Lp
99	16	U
99	17	-1
99	18	Lp
99	19	-1
99	20	Lp
99	21	Lp
99	22	Lp
99	23	-1
99	24	Lp
99	25	U
99	26	Lp
99	27	-1
99	28	Lp
99	29	L
99	30	Lp
99	31	Lp
99	32	Lp
99	33	Lp
99	34	Lp
99	35	-1
99	36	Lp
99	37	Lp
99	38	Lp
99	39	Lp
99	40	L
99	41	Lp
99	42	-1
99	43	-1
99	44	Lp
99	45	-1
99	46	-1
99	47	Lp
99	48	U
99	49	-1
99	50	Lp
99	51	L
99	52	L
99	53	Lp
99	54	L
99	55	L
99	56	Lp
99	57	-1
99	58	Lp
99	59	-1
99	60	Lp
99	61	Lp
99	62	-1
99	63	Lp
99	64	Lp
99	65	Lp
99	66	-1
99	67	Lp
99	68	-1
99	69	L
99	70	Lp
99	71	L
99	72	-1
99	73	-1
99	74	L
99	75	L
99	76	-1
99	77	L
99	78	Lp
99	79	L
99	80	L
99	81	Lp
99	82	Lp
99	83	Lp
99	84	-1
99	85	Lp
99	86	-1
99	87	Lp
99	88	Lp
99	89	Lp
99	90	L
99	91	L
99	92	-1
99	93	L
99	94	L
99	95	-1
99	96	L
99	97	Lp
99	98	Lp
99	99	Lp
99	100	Lp
99	101	L
99	102	L
99	103	Lp
99	104	Lp
99	105	-1
99	106	Lp
99	107	Lp
99	108	Lp
99	109	-1
99	110	Lp
99	111	Lp
99	112	Lp
99	113	Lp
99	114	-1
99	115	L
99	116	Lp
99	117	Lp
99	118	Lp
99	119	Lp
100	0	Lp
100	1	Lp
100	2	Lp
100	3	Lp
100	4	Lp
100	5	Lp
100	6	Lp
100	7	L
100	8	-1
100	9	Lp
100	10	Lp
100	11	Lp
100	12	Lp
100	13	Lp
100	14	Lp
100	15	-1
100	16	-1
100	17	-1
100	18	Lp
100	19	Lp
100	20	Lp
100	21	Lp
100	22	Lp
100	23	Lp
100	24	Lp
100	25	Lp
100	26	-1
100	27	Lp
100	28	-1
100	29	Lp
100	30	Lp
100	31	Lp
100	32	Lp
100	33	Lp
100	34	Lp
100	35	L
100	36	-1
100	37	Lp
100	38	Lp
100	39	L
100	40	Lp
100	41	L
100	42	-1
100	43	Lp
100	44	Lp
100	45	Lp
100	46	L
100	47	L
100	48	L
100	49	L
100	50	-1
100	51	L
100	52	Lp
100	53	Lp
100	54	L
100	55	L
100	56	L
100	57	Lp
100	58	Lp
100	59	Lp
100	60	Lp
100	61	-1
100	62	Lp
100	63	Lp
100	64	Lp
100	65	Lp
100	66	L
100	67	Lp
100	68	Lp
100	69	-1
100	70	L
100	71	L
100	72	L
100	73	-1
100	74	-1
100	75	L
100	76	L
100	77	-1
100	78	L
100	79	L
100	80	-1
100	81	Lp
100	82	Lp
100	83	Lp
100	84	Lp
100	85	-1
100	86	Lp
100	87	Lp
100	88	Lp
100	89	L
100	90	L
100	91	-1
100	92	L
100	93	L
100	94	L
100	95	L
100	96	L
100	97	-1
100	98	Lp
100	99	Lp
100	100	-1
100	101	L
100	102	L
100	103	-1
100	104	Lp
100	105	Lp
100	106	-1
100	107	L
100	108	Lp
100	109	Lp
100	110	Lp
100	111	Lp
100	112	-1
100	113	L
100	114	L
100	115	Lp
100	116	Lp
100	117	Lp
100	118	Lp
100	119	-1
101	0	Lp
101	1	Lp
101	2	Lp
101	3	-1
101	4	Lp
101	5	Lp
101	6	-1
101	7	Lp
101	8	L
101	9	L
101	10	Lp
101	11	L
101	12	Lp
101	13	Lp
101	14	Lp
101	15	-1
101	16	Lp
101	17	Lp
101	18	-1
101	19	Lp
101	20	-1
101	21	Lp
101	22	Lp
101	23	Lp
101	24	Lp
101	25	Lp
101	26	Lp
101	27	-1
101	28	Lp
101	29	Lp
101	30	U
101	31	-1
101	32	Lp
101	33	Lp
101	34	-1
101	35	Lp
101	36	-1
101	37	Lp
101	38	Lp
101	39	Lp
101	40	L
101	41	Lp
101	42	Lp
101	43	-1
101	44	Lp
101	45	Lp
101	46	L
101	47	L
101	48	Lp
101	49	L
101	50	L
101	51	L
101	52	L
101	53	Lp
101	54	L
101	55	L
101	56	L
101	57	-1
101	58	L
101	59	-1
101	60	Lp
101	61	Lp
101	62	Lp
101	63	-1
101	64	Lp
101	65	-1
101	66	Lp
101	67	Lp
101	68	Lp
101	69	-1
101	70	L
101	71	-1
101	72	-1
101	73	Lp
101	74	L
101	75	-1
101	76	-1
101	77	-1
101	78	L
101	79	Lp
101	80	-1
101	81	Lp
101	82	Lp
101	83	Lp
101	84	Lp
101	85	Lp
101	86	Lp
101	87	Lp
101	88	Lp
101	89	L
101	90	L
101	91	-1
101	92	L
101	93	L
101	94	L
101	95	L
101	96	L
101	97	L
101	98	L
101	99	Lp
101	100	Lp
101	101	-1
101	102	L
101	103	L
101	104	L
101	105	Lp
101	106	Lp
101	107	Lp
101	108	-1
101	109	L
101	110	L
101	111	Lp
101	112	Lp
101	113	Lp
101	114	-1
101	115	Lp
101	116	Lp
101	117	Lp
101	118	Lp
101	119	-1
102	0	L
102	1	-1
102	2	-1
102	3	L
102	4	Lp
102	5	Lp
102	6	Lp
102	7	Lp
102	8	Lp
102	9	Lp
102	10	L
102	11	Lp
102	12	Lp
102	13	Lp
102	14	Lp
102	15	Lp
102	16	Lp
102	17	Lp
102	18	-1
102	19	Lp
102	20	-1
102	21	-1
102	22	Lp
102	23	Lp
102	24	Lp
102	25	-1
102	26	Lp
102	27	Lp
102	28	Lp
102	29	Lp
102	30	Lp
102	31	U
102	32	Lp
102	33	Lp
102	34	Lp
102	35	Lp
102	36	Lp
102	37	Lp
102	38	Lp
102	39	Lp
102	40	-1
102	41	Lp
102	42	Lp
102	43	Lp
102	44	Lp
102	45	Lp
102	46	Lp
102	47	-1
102	48	Lp
102	49	L
102	50	L
102	51	-1
102	52	L
102	53	-1
102	54	Lp
102	55	L
102	56	L
102	57	L
102	58	L
102	59	Lp
102	60	Lp
102	61	Lp
102	62	Lp
102	63	-1
102	64	Lp
102	65	Lp
102	66	Lp
102	67	Lp
102	68	Lp
102	69	Lp
102	70	L
102	71	Lp
102	72	Lp
102	73	-1
102	74	Lp
102	75	L
102	76	L
102	77	-1
102	78	Lp
102	79	L
102	80	Lp
102	81	Lp
102	82	Lp
102	83	Lp
102	84	Lp
102	85	Lp
102	86	-1
102	87	Lp
102	88	Lp
102	89	Lp
102	90	Lp
102	91	L
102	92	-1
102	93	L
102	94	L
102	95	L
102	96	L
102	97	L
102	98	L
102	99	L
102	100	L
102	101	-1
102	102	L
102	103	L
102	104	-1
102	105	-1
102	106	-1
102	107	-1
102	108	L
102	109	L
102	110	L
102	111	Lp
102	112	-1
102	113	-1
102	114	L
102	115	Lp
102	116	L
102	117	Lp
102	118	-1
102	119	L
103	0	L
103	1	Lp
103	2	L
103	3	Lp
103	4	Lp
103	5	-1
103	6	Lp
103	7	Lp
103	8	Lp
103	9	L
103	10	-1
103	11	Lp
103	12	Lp
103	13	Lp
103	14	Lp
103	15	Lp
103	16	Lp
103	17	Lp
103	18	Lp
103	19	Lp
103	20	Lp
103	21	Lp
103	22	Lp
103	23	L
103	24	L
103	25	L
103	26	Lp
103	27	L
103	28	Lp
103	29	U
103	30	-1
103	31	Lp
103	32	L
103	33	Lp
103	34	Lp
103	35	Lp
103	36	Lp
103	37	Lp
103	38	Lp
103	39	Lp
103	40	Lp
103	41	Lp
103	42	Lp
103	43	Lp
103	44	Lp
103	45	Lp
103	46	Lp
103	47	Lp
103	48	Lp
103	49	-1
103	50	Lp
103	51	L
103	52	Lp
103	53	Lp
103	54	L
103	55	L
103	56	-1
103	57	L
103	58	L
103	59	Lp
103	60	Lp
103	61	Lp
103	62	-1
103	63	Lp
103	64	Lp
103	65	Lp
103	66	Lp
103	67	Lp
103	68	Lp
103	69	L
103	70	L
103	71	L
103	72	L
103	73	-1
103	74	-1
103	75	L
103	76	Lp
103	77	Lp
103	78	L
103	79	-1
103	80	Lp
103	81	-1
103	82	Lp
103	83	Lp
103	84	-1
103	85	Lp
103	86	-1
103	87	-1
103	88	-1
103	89	Lp
103	90	Lp
103	91	L
103	92	-1
103	93	L
103	94	L
103	95	-1
103	96	-1
103	97	L
103	98	L
103	99	L
103	100	-1
103	101	L
103	102	L
103	103	-1
103	104	Lp
103	105	Lp
103	106	Lp
103	107	Lp
103	108	-1
103	109	-1
103	110	Lp
103	111	Lp
103	112	L
103	113	L
103	114	L
103	115	L
103	116	L
103	117	-1
103	118	L
103	119	L
104	0	Lp
104	1	Lp
104	2	L
104	3	Lp
104	4	Lp
104	5	Lp
104	6	Lp
104	7	Lp
104	8	U
104	9	Lp
104	10	Lp
104	11	Lp
104	12	Lp
104	13	Lp
104	14	Lp
104	15	-1
104	16	Lp
104	17	Lp
104	18	Lp
104	19	Lp
104	20	Lp
104	21	Lp
104	22	L
104	23	Lp
104	24	L
104	25	L
104	26	L
104	27	Lp
104	28	Lp
104	29	-1
104	30	-1
104	31	Lp
104	32	-1
104	33	-1
104	34	Lp
104	35	Lp
104	36	Lp
104	37	Lp
104	38	Lp
104	39	Lp
104	40	Lp
104	41	Lp
104	42	Lp
104	43	-1
104	44	Lp
104	45	Lp
104	46	Lp
104	47	Lp
104	48	Lp
104	49	Lp
104	50	Lp
104	51	L
104	52	-1
104	53	L
104	54	L
104	55	Lp
104	56	Lp
104	57	Lp
104	58	Lp
104	59	Lp
104	60	-1
104	61	U
104	62	Lp
104	63	Lp
104	64	Lp
104	65	-1
104	66	L
104	67	L
104	68	Lp
104	69	L
104	70	L
104	71	L
104	72	L
104	73	-1
104	74	L
104	75	Lp
104	76	L
104	77	Lp
104	78	Lp
104	79	-1
104	80	L
104	81	Lp
104	82	Lp
104	83	-1
104	84	Lp
104	85	L
104	86	Lp
104	87	Lp
104	88	L
104	89	L
104	90	-1
104	91	Lp
104	92	L
104	93	-1
104	94	L
104	95	L
104	96	-1
104	97	L
104	98	-1
104	99	L
104	100	L
104	101	L
104	102	L
104	103	Lp
104	104	L
104	105	-1
104	106	Lp
104	107	Lp
104	108	L
104	109	-1
104	110	-1
104	111	Lp
104	112	Lp
104	113	L
104	114	L
104	115	U
104	116	L
104	117	-1
104	118	L
104	119	Lp
105	0	Lp
105	1	Lp
105	2	-1
105	3	-1
105	4	Lp
105	5	Lp
105	6	L
105	7	Lp
105	8	Lp
105	9	U
105	10	Lp
105	11	Lp
105	12	-1
105	13	Lp
105	14	U
105	15	-1
105	16	Lp
105	17	Lp
105	18	Lp
105	19	Lp
105	20	-1
105	21	L
105	22	L
105	23	L
105	24	L
105	25	-1
105	26	Lp
105	27	Lp
105	28	Lp
105	29	-1
105	30	-1
105	31	Lp
105	32	-1
105	33	-1
105	34	Lp
105	35	U
105	36	Lp
105	37	Lp
105	38	-1
105	39	-1
105	40	Lp
105	41	-1
105	42	Lp
105	43	Lp
105	44	Lp
105	45	-1
105	46	Lp
105	47	Lp
105	48	Lp
105	49	-1
105	50	Lp
105	51	Lp
105	52	Lp
105	53	L
105	54	L
105	55	Lp
105	56	Lp
105	57	Lp
105	58	Lp
105	59	Lp
105	60	Lp
105	61	Lp
105	62	-1
105	63	Lp
105	64	L
105	65	-1
105	66	L
105	67	Lp
105	68	Lp
105	69	L
105	70	L
105	71	L
105	72	Lp
105	73	Lp
105	74	Lp
105	75	-1
105	76	Lp
105	77	Lp
105	78	L
105	79	Lp
105	80	Lp
105	81	Lp
105	82	Lp
105	83	Lp
105	84	L
105	85	Lp
105	86	L
105	87	L
105	88	-1
105	89	Lp
105	90	-1
105	91	-1
105	92	L
105	93	L
105	94	L
105	95	L
105	96	L
105	97	L
105	98	L
105	99	L
105	100	L
105	101	L
105	102	L
105	103	L
105	104	L
105	105	L
105	106	L
105	107	Lp
105	108	-1
105	109	Lp
105	110	Lp
105	111	Lp
105	112	L
105	113	-1
105	114	Lp
105	115	-1
105	116	L
105	117	-1
105	118	L
105	119	Lp
106	0	Lp
106	1	L
106	2	Lp
106	3	Lp
106	4	-1
106	5	-1
106	6	L
106	7	Lp
106	8	Lp
106	9	-1
106	10	Lp
106	11	Lp
106	12	Lp
106	13	Lp
106	14	Lp
106	15	Lp
106	16	Lp
106	17	-1
106	18	Lp
106	19	Lp
106	20	L
106	21	L
106	22	L
106	23	Lp
106	24	-1
106	25	Lp
106	26	Lp
106	27	Lp
106	28	-1
106	29	Lp
106	30	Lp
106	31	Lp
106	32	Lp
106	33	Lp
106	34	U
106	35	U
106	36	U
106	37	Lp
106	38	Lp
106	39	Lp
106	40	Lp
106	41	Lp
106	42	Lp
106	43	-1
106	44	Lp
106	45	-1
106	46	Lp
106	47	-1
106	48	Lp
106	49	-1
106	50	L
106	51	L
106	52	-1
106	53	L
106	54	L
106	55	Lp
106	56	Lp
106	57	Lp
106	58	Lp
106	59	Lp
106	60	-1
106	61	-1
106	62	L
106	63	U
106	64	U
106	65	L
106	66	L
106	67	-1
106	68	-1
106	69	Lp
106	70	L
106	71	L
106	72	Lp
106	73	-1
106	74	-1
106	75	-1
106	76	Lp
106	77	Lp
106	78	Lp
106	79	Lp
106	80	Lp
106	81	Lp
106	82	Lp
106	83	-1
106	84	-1
106	85	-1
106	86	-1
106	87	Lp
106	88	-1
106	89	-1
106	90	Lp
106	91	Lp
106	92	Lp
106	93	-1
106	94	Lp
106	95	Lp
106	96	L
106	97	L
106	98	L
106	99	L
106	100	L
106	101	L
106	102	L
106	103	L
106	104	L
106	105	L
106	106	L
106	107	-1
106	108	L
106	109	L
106	110	L
106	111	L
106	112	L
106	113	L
106	114	Lp
106	115	-1
106	116	-1
106	117	L
106	118	-1
106	119	-1
107	0	Lp
107	1	Lp
107	2	Lp
107	3	Lp
107	4	L
107	5	L
107	6	L
107	7	Lp
107	8	Lp
107	9	Lp
107	10	Lp
107	11	Lp
107	12	Lp
107	13	Lp
107	14	Lp
107	15	-1
107	16	-1
107	17	Lp
107	18	Lp
107	19	Lp
107	20	L
107	21	L
107	22	L
107	23	-1
107	24	-1
107	25	-1
107	26	Lp
107	27	-1
107	28	Lp
107	29	Lp
107	30	Lp
107	31	Lp
107	32	L
107	33	-1
107	34	Lp
107	35	Lp
107	36	Lp
107	37	-1
107	38	Lp
107	39	Lp
107	40	Lp
107	41	Lp
107	42	Lp
107	43	-1
107	44	Lp
107	45	-1
107	46	-1
107	47	-1
107	48	Lp
107	49	L
107	50	L
107	51	-1
107	52	-1
107	53	L
107	54	Lp
107	55	Lp
107	56	-1
107	57	Lp
107	58	Lp
107	59	U
107	60	U
107	61	L
107	62	U
107	63	-1
107	64	U
107	65	L
107	66	L
107	67	L
107	68	L
107	69	-1
107	70	-1
107	71	Lp
107	72	Lp
107	73	Lp
107	74	Lp
107	75	Lp
107	76	Lp
107	77	L
107	78	L
107	79	-1
107	80	Lp
107	81	Lp
107	82	L
107	83	-1
107	84	L
107	85	Lp
107	86	Lp
107	87	Lp
107	88	Lp
107	89	Lp
107	90	Lp
107	91	-1
107	92	-1
107	93	Lp
107	94	Lp
107	95	L
107	96	Lp
107	97	Lp
107	98	-1
107	99	-1
107	100	L
107	101	L
107	102	L
107	103	L
107	104	L
107	105	L
107	106	L
107	107	L
107	108	L
107	109	L
107	110	L
107	111	L
107	112	L
107	113	L
107	114	L
107	115	Lp
107	116	L
107	117	L
107	118	Lp
107	119	Lp
108	0	Lp
108	1	Lp
108	2	Lp
108	3	Lp
108	4	L
108	5	-1
108	6	L
108	7	Lp
108	8	Lp
108	9	-1
108	10	Lp
108	11	Lp
108	12	Lp
108	13	Lp
108	14	-1
108	15	Lp
108	16	Lp
108	17	L
108	18	Lp
108	19	-1
108	20	L
108	21	L
108	22	Lp
108	23	Lp
108	24	Lp
108	25	Lp
108	26	-1
108	27	Lp
108	28	Lp
108	29	-1
108	30	Lp
108	31	Lp
108	32	-1
108	33	Lp
108	34	-1
108	35	Lp
108	36	Lp
108	37	Lp
108	38	-1
108	39	Lp
108	40	Lp
108	41	Lp
108	42	-1
108	43	Lp
108	44	Lp
108	45	-1
108	46	-1
108	47	L
108	48	-1
108	49	-1
108	50	L
108	51	L
108	52	Lp
108	53	L
108	54	Lp
108	55	-1
108	56	Lp
108	57	Lp
108	58	Lp
108	59	U
108	60	Lp
108	61	Lp
108	62	U
108	63	L
108	64	L
108	65	L
108	66	L
108	67	L
108	68	L
108	69	-1
108	70	Lp
108	71	-1
108	72	Lp
108	73	Lp
108	74	Lp
108	75	L
108	76	-1
108	77	L
108	78	-1
108	79	Lp
108	80	Lp
108	81	Lp
108	82	L
108	83	L
108	84	Lp
108	85	Lp
108	86	Lp
108	87	Lp
108	88	Lp
108	89	Lp
108	90	Lp
108	91	Lp
108	92	Lp
108	93	-1
108	94	Lp
108	95	L
108	96	L
108	97	L
108	98	-1
108	99	L
108	100	L
108	101	L
108	102	L
108	103	-1
108	104	L
108	105	-1
108	106	-1
108	107	L
108	108	L
108	109	L
108	110	L
108	111	L
108	112	L
108	113	-1
108	114	L
108	115	Lp
108	116	Lp
108	117	L
108	118	Lp
108	119	Lp
109	0	Lp
109	1	Lp
109	2	Lp
109	3	-1
109	4	-1
109	5	L
109	6	-1
109	7	U
109	8	-1
109	9	L
109	10	Lp
109	11	Lp
109	12	-1
109	13	Lp
109	14	Lp
109	15	Lp
109	16	Lp
109	17	Lp
109	18	U
109	19	-1
109	20	L
109	21	L
109	22	L
109	23	Lp
109	24	Lp
109	25	Lp
109	26	-1
109	27	Lp
109	28	Lp
109	29	Lp
109	30	Lp
109	31	Lp
109	32	Lp
109	33	Lp
109	34	Lp
109	35	Lp
109	36	-1
109	37	Lp
109	38	Lp
109	39	Lp
109	40	L
109	41	-1
109	42	-1
109	43	-1
109	44	L
109	45	Lp
109	46	Lp
109	47	-1
109	48	L
109	49	L
109	50	L
109	51	L
109	52	U
109	53	L
109	54	L
109	55	Lp
109	56	L
109	57	Lp
109	58	-1
109	59	Lp
109	60	Lp
109	61	-1
109	62	-1
109	63	Lp
109	64	L
109	65	L
109	66	L
109	67	Lp
109	68	Lp
109	69	-1
109	70	-1
109	71	Lp
109	72	Lp
109	73	Lp
109	74	Lp
109	75	Lp
109	76	-1
109	77	Lp
109	78	L
109	79	L
109	80	-1
109	81	L
109	82	Lp
109	83	-1
109	84	Lp
109	85	Lp
109	86	Lp
109	87	Lp
109	88	Lp
109	89	Lp
109	90	-1
109	91	-1
109	92	-1
109	93	-1
109	94	Lp
109	95	L
109	96	L
109	97	L
109	98	Lp
109	99	-1
109	100	L
109	101	L
109	102	L
109	103	L
109	104	-1
109	105	Lp
109	106	L
109	107	L
109	108	L
109	109	L
109	110	-1
109	111	-1
109	112	L
109	113	L
109	114	Lp
109	115	L
109	116	L
109	117	Lp
109	118	Lp
109	119	Lp
110	0	Lp
110	1	Lp
110	2	Lp
110	3	-1
110	4	L
110	5	L
110	6	L
110	7	L
110	8	U
110	9	L
110	10	L
110	11	Lp
110	12	Lp
110	13	Lp
110	14	L
110	15	L
110	16	Lp
110	17	Lp
110	18	L
110	19	-1
110	20	L
110	21	Lp
110	22	Lp
110	23	Lp
110	24	-1
110	25	Lp
110	26	Lp
110	27	Lp
110	28	Lp
110	29	Lp
110	30	-1
110	31	-1
110	32	Lp
110	33	Lp
110	34	Lp
110	35	-1
110	36	-1
110	37	Lp
110	38	-1
110	39	L
110	40	-1
110	41	Lp
110	42	Lp
110	43	Lp
110	44	Lp
110	45	Lp
110	46	Lp
110	47	Lp
110	48	Lp
110	49	L
110	50	L
110	51	U
110	52	Lp
110	53	L
110	54	L
110	55	L
110	56	L
110	57	-1
110	58	Lp
110	59	Lp
110	60	-1
110	61	Lp
110	62	Lp
110	63	-1
110	64	Lp
110	65	-1
110	66	-1
110	67	Lp
110	68	-1
110	69	Lp
110	70	Lp
110	71	Lp
110	72	Lp
110	73	-1
110	74	Lp
110	75	U
110	76	Lp
110	77	L
110	78	Lp
110	79	-1
110	80	Lp
110	81	Lp
110	82	-1
110	83	-1
110	84	Lp
110	85	Lp
110	86	Lp
110	87	-1
110	88	-1
110	89	Lp
110	90	Lp
110	91	-1
110	92	-1
110	93	-1
110	94	L
110	95	L
110	96	Lp
110	97	Lp
110	98	-1
110	99	L
110	100	-1
110	101	L
110	102	-1
110	103	L
110	104	-1
110	105	-1
110	106	Lp
110	107	L
110	108	L
110	109	L
110	110	-1
110	111	-1
110	112	-1
110	113	-1
110	114	Lp
110	115	L
110	116	-1
110	117	-1
110	118	Lp
110	119	Lp
111	0	Lp
111	1	-1
111	2	L
111	3	Lp
111	4	L
111	5	L
111	6	L
111	7	L
111	8	-1
111	9	L
111	10	Lp
111	11	L
111	12	-1
111	13	L
111	14	L
111	15	L
111	16	Lp
111	17	L
111	18	-1
111	19	L
111	20	L
111	21	Lp
111	22	Lp
111	23	-1
111	24	Lp
111	25	Lp
111	26	-1
111	27	-1
111	28	Lp
111	29	Lp
111	30	-1
111	31	Lp
111	32	Lp
111	33	L
111	34	-1
111	35	Lp
111	36	Lp
111	37	Lp
111	38	Lp
111	39	Lp
111	40	Lp
111	41	-1
111	42	L
111	43	L
111	44	-1
111	45	Lp
111	46	Lp
111	47	Lp
111	48	L
111	49	-1
111	50	-1
111	51	L
111	52	L
111	53	L
111	54	L
111	55	L
111	56	-1
111	57	Lp
111	58	Lp
111	59	Lp
111	60	Lp
111	61	-1
111	62	Lp
111	63	Lp
111	64	L
111	65	L
111	66	-1
111	67	Lp
111	68	Lp
111	69	Lp
111	70	Lp
111	71	Lp
111	72	-1
111	73	Lp
111	74	U
111	75	Lp
111	76	U
111	77	Lp
111	78	Lp
111	79	Lp
111	80	Lp
111	81	U
111	82	Lp
111	83	Lp
111	84	Lp
111	85	Lp
111	86	Lp
111	87	Lp
111	88	Lp
111	89	Lp
111	90	Lp
111	91	Lp
111	92	L
111	93	L
111	94	L
111	95	Lp
111	96	Lp
111	97	-1
111	98	Lp
111	99	Lp
111	100	L
111	101	L
111	102	L
111	103	L
111	104	-1
111	105	-1
111	106	-1
111	107	Lp
111	108	Lp
111	109	L
111	110	-1
111	111	-1
111	112	L
111	113	L
111	114	L
111	115	L
111	116	Lp
111	117	L
111	118	-1
111	119	Lp
112	0	-1
112	1	Lp
112	2	L
112	3	Lp
112	4	L
112	5	L
112	6	L
112	7	-1
112	8	L
112	9	-1
112	10	L
112	11	-1
112	12	-1
112	13	-1
112	14	L
112	15	L
112	16	L
112	17	L
112	18	L
112	19	-1
112	20	Lp
112	21	Lp
112	22	Lp
112	23	Lp
112	24	-1
112	25	Lp
112	26	Lp
112	27	Lp
112	28	Lp
112	29	Lp
112	30	Lp
112	31	Lp
112	32	-1
112	33	Lp
112	34	Lp
112	35	Lp
112	36	Lp
112	37	-1
112	38	U
112	39	Lp
112	40	Lp
112	41	L
112	42	L
112	43	-1
112	44	L
112	45	Lp
112	46	-1
112	47	L
112	48	-1
112	49	Lp
112	50	Lp
112	51	L
112	52	L
112	53	Lp
112	54	L
112	55	L
112	56	-1
112	57	Lp
112	58	L
112	59	Lp
112	60	Lp
112	61	Lp
112	62	Lp
112	63	Lp
112	64	Lp
112	65	-1
112	66	L
112	67	Lp
112	68	Lp
112	69	Lp
112	70	Lp
112	71	Lp
112	72	Lp
112	73	Lp
112	74	Lp
112	75	Lp
112	76	Lp
112	77	-1
112	78	Lp
112	79	Lp
112	80	-1
112	81	Lp
112	82	Lp
112	83	Lp
112	84	-1
112	85	-1
112	86	Lp
112	87	Lp
112	88	-1
112	89	Lp
112	90	Lp
112	91	Lp
112	92	L
112	93	-1
112	94	L
112	95	L
112	96	Lp
112	97	Lp
112	98	L
112	99	Lp
112	100	Lp
112	101	Lp
112	102	Lp
112	103	L
112	104	-1
112	105	-1
112	106	Lp
112	107	Lp
112	108	-1
112	109	L
112	110	L
112	111	L
112	112	L
112	113	L
112	114	-1
112	115	L
112	116	L
112	117	L
112	118	-1
112	119	Lp
113	0	L
113	1	-1
113	2	Lp
113	3	-1
113	4	L
113	5	L
113	6	L
113	7	L
113	8	-1
113	9	L
113	10	L
113	11	-1
113	12	-1
113	13	L
113	14	L
113	15	L
113	16	L
113	17	L
113	18	L
113	19	-1
113	20	Lp
113	21	Lp
113	22	Lp
113	23	-1
113	24	Lp
113	25	-1
113	26	Lp
113	27	Lp
113	28	Lp
113	29	Lp
113	30	-1
113	31	-1
113	32	Lp
113	33	L
113	34	Lp
113	35	-1
113	36	L
113	37	Lp
113	38	Lp
113	39	Lp
113	40	Lp
113	41	Lp
113	42	Lp
113	43	Lp
113	44	Lp
113	45	L
113	46	Lp
113	47	Lp
113	48	L
113	49	L
113	50	Lp
113	51	-1
113	52	L
113	53	Lp
113	54	Lp
113	55	L
113	56	L
113	57	Lp
113	58	-1
113	59	Lp
113	60	Lp
113	61	Lp
113	62	L
113	63	L
113	64	L
113	65	L
113	66	L
113	67	-1
113	68	Lp
113	69	Lp
113	70	Lp
113	71	Lp
113	72	-1
113	73	Lp
113	74	Lp
113	75	Lp
113	76	L
113	77	L
113	78	Lp
113	79	Lp
113	80	L
113	81	Lp
113	82	L
113	83	Lp
113	84	-1
113	85	Lp
113	86	Lp
113	87	Lp
113	88	L
113	89	L
113	90	L
113	91	L
113	92	-1
113	93	Lp
113	94	L
113	95	Lp
113	96	-1
113	97	Lp
113	98	Lp
113	99	Lp
113	100	Lp
113	101	L
113	102	Lp
113	103	-1
113	104	L
113	105	L
113	106	L
113	107	Lp
113	108	L
113	109	Lp
113	110	L
113	111	Lp
113	112	L
113	113	L
113	114	L
113	115	L
113	116	L
113	117	L
113	118	L
113	119	-1
114	0	-1
114	1	L
114	2	U
114	3	U
114	4	Lp
114	5	L
114	6	L
114	7	-1
114	8	-1
114	9	-1
114	10	-1
114	11	-1
114	12	L
114	13	L
114	14	L
114	15	L
114	16	Lp
114	17	Lp
114	18	L
114	19	Lp
114	20	Lp
114	21	Lp
114	22	Lp
114	23	Lp
114	24	Lp
114	25	Lp
114	26	Lp
114	27	Lp
114	28	-1
114	29	-1
114	30	Lp
114	31	Lp
114	32	Lp
114	33	Lp
114	34	-1
114	35	L
114	36	Lp
114	37	Lp
114	38	Lp
114	39	Lp
114	40	Lp
114	41	L
114	42	L
114	43	-1
114	44	Lp
114	45	Lp
114	46	-1
114	47	-1
114	48	-1
114	49	L
114	50	Lp
114	51	L
114	52	L
114	53	Lp
114	54	L
114	55	L
114	56	L
114	57	Lp
114	58	Lp
114	59	Lp
114	60	Lp
114	61	Lp
114	62	Lp
114	63	Lp
114	64	L
114	65	L
114	66	Lp
114	67	Lp
114	68	-1
114	69	Lp
114	70	-1
114	71	U
114	72	Lp
114	73	L
114	74	L
114	75	-1
114	76	-1
114	77	L
114	78	-1
114	79	L
114	80	Lp
114	81	L
114	82	U
114	83	U
114	84	Lp
114	85	Lp
114	86	Lp
114	87	Lp
114	88	L
114	89	L
114	90	L
114	91	L
114	92	Lp
114	93	L
114	94	-1
114	95	-1
114	96	Lp
114	97	Lp
114	98	-1
114	99	-1
114	100	Lp
114	101	L
114	102	Lp
114	103	-1
114	104	Lp
114	105	Lp
114	106	-1
114	107	Lp
114	108	Lp
114	109	-1
114	110	Lp
114	111	Lp
114	112	-1
114	113	L
114	114	Lp
114	115	-1
114	116	-1
114	117	L
114	118	-1
114	119	L
115	0	U
115	1	L
115	2	L
115	3	L
115	4	L
115	5	Lp
115	6	L
115	7	-1
115	8	L
115	9	L
115	10	-1
115	11	-1
115	12	-1
115	13	L
115	14	-1
115	15	L
115	16	L
115	17	Lp
115	18	Lp
115	19	Lp
115	20	Lp
115	21	Lp
115	22	Lp
115	23	Lp
115	24	-1
115	25	Lp
115	26	Lp
115	27	Lp
115	28	Lp
115	29	Lp
115	30	-1
115	31	Lp
115	32	Lp
115	33	-1
115	34	Lp
115	35	L
115	36	L
115	37	L
115	38	-1
115	39	Lp
115	40	Lp
115	41	L
115	42	L
115	43	L
115	44	-1
115	45	L
115	46	L
115	47	Lp
115	48	Lp
115	49	-1
115	50	Lp
115	51	Lp
115	52	Lp
115	53	L
115	54	L
115	55	L
115	56	-1
115	57	Lp
115	58	Lp
115	59	Lp
115	60	Lp
115	61	L
115	62	L
115	63	Lp
115	64	L
115	65	U
115	66	Lp
115	67	Lp
115	68	Lp
115	69	U
115	70	Lp
115	71	Lp
115	72	Lp
115	73	L
115	74	-1
115	75	L
115	76	-1
115	77	L
115	78	L
115	79	L
115	80	-1
115	81	L
115	82	Lp
115	83	Lp
115	84	Lp
115	85	Lp
115	86	Lp
115	87	Lp
115	88	Lp
115	89	-1
115	90	L
115	91	Lp
115	92	-1
115	93	Lp
115	94	Lp
115	95	-1
115	96	Lp
115	97	Lp
115	98	-1
115	99	-1
115	100	Lp
115	101	L
115	102	Lp
115	103	Lp
115	104	-1
115	105	Lp
115	106	Lp
115	107	-1
115	108	Lp
115	109	-1
115	110	Lp
115	111	-1
115	112	Lp
115	113	Lp
115	114	-1
115	115	L
115	116	L
115	117	L
115	118	Lp
115	119	L
116	0	L
116	1	L
116	2	L
116	3	L
116	4	L
116	5	-1
116	6	Lp
116	7	L
116	8	L
116	9	-1
116	10	L
116	11	-1
116	12	L
116	13	L
116	14	L
116	15	L
116	16	L
116	17	Lp
116	18	Lp
116	19	Lp
116	20	Lp
116	21	Lp
116	22	Lp
116	23	-1
116	24	Lp
116	25	Lp
116	26	Lp
116	27	Lp
116	28	Lp
116	29	Lp
116	30	Lp
116	31	Lp
116	32	Lp
116	33	Lp
116	34	Lp
116	35	L
116	36	L
116	37	Lp
116	38	Lp
116	39	Lp
116	40	Lp
116	41	Lp
116	42	-1
116	43	L
116	44	L
116	45	-1
116	46	Lp
116	47	L
116	48	Lp
116	49	Lp
116	50	L
116	51	-1
116	52	Lp
116	53	Lp
116	54	L
116	55	L
116	56	L
116	57	-1
116	58	Lp
116	59	Lp
116	60	Lp
116	61	L
116	62	L
116	63	-1
116	64	-1
116	65	-1
116	66	Lp
116	67	Lp
116	68	Lp
116	69	U
116	70	L
116	71	L
116	72	-1
116	73	U
116	74	-1
116	75	L
116	76	-1
116	77	L
116	78	L
116	79	L
116	80	L
116	81	L
116	82	L
116	83	Lp
116	84	Lp
116	85	Lp
116	86	Lp
116	87	Lp
116	88	L
116	89	Lp
116	90	U
116	91	L
116	92	Lp
116	93	Lp
116	94	-1
116	95	-1
116	96	Lp
116	97	Lp
116	98	Lp
116	99	-1
116	100	Lp
116	101	Lp
116	102	Lp
116	103	-1
116	104	Lp
116	105	-1
116	106	Lp
116	107	Lp
116	108	-1
116	109	Lp
116	110	Lp
116	111	Lp
116	112	Lp
116	113	Lp
116	114	Lp
116	115	L
116	116	L
116	117	L
116	118	L
116	119	L
117	0	L
117	1	L
117	2	L
117	3	L
117	4	-1
117	5	Lp
117	6	L
117	7	L
117	8	-1
117	9	Lp
117	10	L
117	11	L
117	12	L
117	13	L
117	14	L
117	15	L
117	16	L
117	17	L
117	18	Lp
117	19	Lp
117	20	Lp
117	21	Lp
117	22	Lp
117	23	Lp
117	24	-1
117	25	Lp
117	26	-1
117	27	Lp
117	28	L
117	29	-1
117	30	Lp
117	31	-1
117	32	Lp
117	33	Lp
117	34	Lp
117	35	Lp
117	36	Lp
117	37	L
117	38	U
117	39	Lp
117	40	Lp
117	41	Lp
117	42	L
117	43	-1
117	44	L
117	45	-1
117	46	L
117	47	Lp
117	48	-1
117	49	L
117	50	Lp
117	51	Lp
117	52	Lp
117	53	U
117	54	U
117	55	Lp
117	56	Lp
117	57	-1
117	58	Lp
117	59	Lp
117	60	L
117	61	Lp
117	62	-1
117	63	L
117	64	-1
117	65	Lp
117	66	Lp
117	67	-1
117	68	Lp
117	69	-1
117	70	-1
117	71	-1
117	72	L
117	73	L
117	74	L
117	75	-1
117	76	L
117	77	L
117	78	L
117	79	L
117	80	-1
117	81	-1
117	82	Lp
117	83	Lp
117	84	Lp
117	85	Lp
117	86	Lp
117	87	Lp
117	88	Lp
117	89	Lp
117	90	Lp
117	91	L
117	92	L
117	93	-1
117	94	Lp
117	95	Lp
117	96	Lp
117	97	Lp
117	98	Lp
117	99	Lp
117	100	Lp
117	101	Lp
117	102	-1
117	103	Lp
117	104	Lp
117	105	Lp
117	106	Lp
117	107	Lp
117	108	Lp
117	109	Lp
117	110	Lp
117	111	-1
117	112	Lp
117	113	Lp
117	114	Lp
117	115	Lp
117	116	Lp
117	117	L
117	118	-1
117	119	L
118	0	L
118	1	-1
118	2	L
118	3	L
118	4	L
118	5	-1
118	6	-1
118	7	Lp
118	8	L
118	9	L
118	10	L
118	11	L
118	12	L
118	13	L
118	14	Lp
118	15	Lp
118	16	Lp
118	17	L
118	18	-1
118	19	L
118	20	L
118	21	Lp
118	22	Lp
118	23	Lp
118	24	-1
118	25	-1
118	26	Lp
118	27	Lp
118	28	L
118	29	Lp
118	30	-1
118	31	Lp
118	32	Lp
118	33	Lp
118	34	Lp
118	35	Lp
118	36	-1
118	37	Lp
118	38	U
118	39	Lp
118	40	Lp
118	41	-1
118	42	Lp
118	43	Lp
118	44	-1
118	45	Lp
118	46	Lp
118	47	Lp
118	48	L
118	49	Lp
118	50	Lp
118	51	-1
118	52	Lp
118	53	L
118	54	Lp
118	55	Lp
118	56	Lp
118	57	-1
118	58	Lp
118	59	Lp
118	60	-1
118	61	-1
118	62	-1
118	63	L
118	64	L
118	65	-1
118	66	Lp
118	67	Lp
118	68	Lp
118	69	-1
118	70	-1
118	71	L
118	72	L
118	73	U
118	74	L
118	75	L
118	76	L
118	77	L
118	78	L
118	79	L
118	80	-1
118	81	U
118	82	U
118	83	Lp
118	84	L
118	85	Lp
118	86	Lp
118	87	Lp
118	88	Lp
118	89	-1
118	90	-1
118	91	L
118	92	Lp
118	93	Lp
118	94	-1
118	95	Lp
118	96	Lp
118	97	-1
118	98	-1
118	99	Lp
118	100	Lp
118	101	Lp
118	102	-1
118	103	Lp
118	104	-1
118	105	Lp
118	106	Lp
118	107	Lp
118	108	Lp
118	109	Lp
118	110	-1
118	111	Lp
118	112	-1
118	113	Lp
118	114	L
118	115	Lp
118	116	Lp
118	117	-1
118	118	L
118	119	Lp
119	0	L
119	1	U
119	2	L
119	3	L
119	4	L
119	5	L
119	6	Lp
119	7	L
119	8	L
119	9	L
119	10	L
119	11	Lp
119	12	Lp
119	13	L
119	14	-1
119	15	L
119	16	Lp
119	17	L
119	18	L
119	19	L
119	20	Lp
119	21	Lp
119	22	Lp
119	23	Lp
119	24	Lp
119	25	Lp
119	26	Lp
119	27	Lp
119	28	Lp
119	29	Lp
119	30	Lp
119	31	-1
119	32	Lp
119	33	Lp
119	34	Lp
119	35	Lp
119	36	Lp
119	37	Lp
119	38	U
119	39	U
119	40	-1
119	41	Lp
119	42	-1
119	43	-1
119	44	Lp
119	45	Lp
119	46	-1
119	47	Lp
119	48	Lp
119	49	U
119	50	Lp
119	51	Lp
119	52	Lp
119	53	-1
119	54	Lp
119	55	Lp
119	56	Lp
119	57	-1
119	58	-1
119	59	-1
119	60	Lp
119	61	L
119	62	L
119	63	-1
119	64	-1
119	65	Lp
119	66	Lp
119	67	-1
119	68	Lp
119	69	Lp
119	70	Lp
119	71	Lp
119	72	U
119	73	-1
119	74	L
119	75	L
119	76	L
119	77	L
119	78	L
119	79	Lp
119	80	Lp
119	81	Lp
119	82	Lp
119	83	-1
119	84	Lp
119	85	-1
119	86	L
119	87	L
119	88	L
119	89	Lp
119	90	Lp
119	91	Lp
119	92	L
119	93	Lp
119	94	-1
119	95	Lp
119	96	Lp
119	97	Lp
119	98	Lp
119	99	Lp
119	100	Lp
119	101	Lp
119	102	Lp
119	103	-1
119	104	Lp
119	105	Lp
119	106	Lp
119	107	Lp
119	108	Lp
119	109	Lp
119	110	-1
119	111	-1
119	112	Lp
119	113	L
119	114	L
119	115	Lp
119	116	Lp
119	117	Lp
119	118	Lp
119	119	Lp
