0	0	Lp
0	1	Lp
0	2	Lp
0	3	Lp
0	4	U
0	5	Lp
0	6	U
0	7	Lp
0	8	-1
0	9	Lp
0	10	Lp
0	11	L
0	12	Lp
0	13	Lp
0	14	Lp
0	15	Lp
0	16	-1
0	17	Lp
0	18	Lp
0	19	Lp
0	20	-1
0	21	-1
0	22	Lp
0	23	Lp
0	24	Lp
0	25	Lp
0	26	Lp
0	27	Lp
0	28	-1
0	29	Lp
0	30	Lp
0	31	Lp
0	32	Lp
0	33	-1
0	34	Lp
0	35	Lp
0	36	Lp
0	37	Lp
0	38	Lp
0	39	Lp
0	40	Lp
0	41	Lp
0	42	Lp
0	43	Lp
0	44	Lp
0	45	Lp
0	46	Lp
0	47	L
0	48	L
0	49	Lp
0	50	L
0	51	Lp
0	52	U
0	53	-1
0	54	Lp
0	55	Lp
0	56	-1
0	57	Lp
0	58	Lp
0	59	Lp
0	60	Lp
0	61	Lp
0	62	Lp
0	63	Lp
0	64	Lp
0	65	Lp
0	66	L
0	67	L
0	68	Lp
0	69	-1
0	70	Lp
0	71	U
0	72	Lp
0	73	Lp
0	74	Lp
0	75	-1
0	76	Lp
0	77	Lp
0	78	Lp
0	79	Lp
0	80	Lp
0	81	L
0	82	Lp
0	83	Lp
0	84	Lp
0	85	Lp
0	86	Lp
0	87	Lp
0	88	Lp
0	89	Lp
0	90	Lp
0	91	Lp
0	92	Lp
0	93	Lp
0	94	Lp
0	95	L
0	96	L
0	97	Lp
0	98	Lp
0	99	-1
0	100	Lp
0	101	Lp
0	102	L
0	103	L
0	104	Lp
0	105	L
0	106	-1
0	107	Lp
0	108	Lp
0	109	Lp
0	110	-1
0	111	Lp
0	112	Lp
0	113	-1
0	114	Lp
0	115	Lp
0	116	L
0	117	L
0	118	Lp
0	119	Lp
1	0	Lp
1	1	Lp
1	2	Lp
1	3	Lp
1	4	U
1	5	U
1	6	Lp
1	7	-1
1	8	Lp
1	9	Lp
1	10	Lp
1	11	L
1	12	L
1	13	-1
1	14	Lp
1	15	Lp
1	16	Lp
1	17	Lp
1	18	Lp
1	19	Lp
1	20	Lp
1	21	Lp
1	22	Lp
1	23	Lp
1	24	-1
1	25	-1
1	26	Lp
1	27	Lp
1	28	Lp
1	29	Lp
1	30	Lp
1	31	Lp
1	32	Lp
1	33	Lp
1	34	Lp
1	35	-1
1	36	Lp
1	37	Lp
1	38	Lp
1	39	Lp
1	40	Lp
1	41	Lp
1	42	Lp
1	43	Lp
1	44	-1
1	45	Lp
1	46	L
1	47	L
1	48	L
1	49	-1
1	50	Lp
1	51	L
1	52	U
1	53	U
1	54	L
1	55	-1
1	56	L
1	57	L
1	58	-1
1	59	Lp
1	60	-1
1	61	Lp
1	62	Lp
1	63	Lp
1	64	Lp
1	65	Lp
1	66	L
1	67	Lp
1	68	L
1	69	L
1	70	L
1	71	Lp
1	72	U
1	73	Lp
1	74	Lp
1	75	Lp
1	76	Lp
1	77	-1
1	78	-1
1	79	Lp
1	80	L
1	81	U
1	82	Lp
1	83	Lp
1	84	Lp
1	85	Lp
1	86	Lp
1	87	-1
1	88	Lp
1	89	Lp
1	90	Lp
1	91	Lp
1	92	Lp
1	93	U
1	94	-1
1	95	-1
1	96	Lp
1	97	L
1	98	L
1	99	Lp
1	100	Lp
1	101	-1
1	102	Lp
1	103	-1
1	104	Lp
1	105	Lp
1	106	-1
1	107	Lp
1	108	Lp
1	109	-1
1	110	Lp
1	111	Lp
1	112	Lp
1	113	Lp
1	114	Lp
1	115	Lp
1	116	L
1	117	Lp
1	118	Lp
1	119	-1
2	0	Lp
2	1	Lp
2	2	Lp
2	3	Lp
2	4	Lp
2	5	Lp
2	6	U
2	7	Lp
2	8	U
2	9	U
2	10	Lp
2	11	Lp
2	12	L
2	13	-1
2	14	Lp
2	15	Lp
2	16	Lp
2	17	Lp
2	18	Lp
2	19	Lp
2	20	Lp
2	21	U
2	22	Lp
2	23	Lp
2	24	Lp
2	25	Lp
2	26	Lp
2	27	Lp
2	28	-1
2	29	-1
2	30	Lp
2	31	Lp
2	32	Lp
2	33	Lp
2	34	Lp
2	35	Lp
2	36	Lp
2	37	Lp
2	38	Lp
2	39	Lp
2	40	Lp
2	41	Lp
2	42	-1
2	43	Lp
2	44	Lp
2	45	Lp
2	46	L
2	47	Lp
2	48	-1
2	49	Lp
2	50	Lp
2	51	Lp
2	52	L
2	53	L
2	54	U
2	55	L
2	56	Lp
2	57	Lp
2	58	Lp
2	59	Lp
2	60	Lp
2	61	Lp
2	62	Lp
2	63	Lp
2	64	-1
2	65	Lp
2	66	Lp
2	67	L
2	68	L
2	69	L
2	70	-1
2	71	L
2	72	L
2	73	Lp
2	74	Lp
2	75	Lp
2	76	L
2	77	-1
2	78	L
2	79	Lp
2	80	Lp
2	81	Lp
2	82	Lp
2	83	Lp
2	84	Lp
2	85	L
2	86	Lp
2	87	Lp
2	88	Lp
2	89	Lp
2	90	Lp
2	91	Lp
2	92	U
2	93	-1
2	94	Lp
2	95	-1
2	96	Lp
2	97	-1
2	98	L
2	99	Lp
2	100	L
2	101	Lp
2	102	-1
2	103	Lp
2	104	Lp
2	105	-1
2	106	Lp
2	107	Lp
2	108	Lp
2	109	Lp
2	110	Lp
2	111	Lp
2	112	Lp
2	113	Lp
2	114	Lp
2	115	Lp
2	116	-1
2	117	-1
2	118	Lp
2	119	Lp
3	0	-1
3	1	Lp
3	2	Lp
3	3	Lp
3	4	Lp
3	5	Lp
3	6	L
3	7	-1
3	8	Lp
3	9	-1
3	10	Lp
3	11	Lp
3	12	L
3	13	Lp
3	14	-1
3	15	Lp
3	16	Lp
3	17	Lp
3	18	Lp
3	19	-1
3	20	Lp
3	21	Lp
3	22	-1
3	23	Lp
3	24	Lp
3	25	-1
3	26	Lp
3	27	Lp
3	28	L
3	29	-1
3	30	L
3	31	Lp
3	32	Lp
3	33	Lp
3	34	-1
3	35	Lp
3	36	Lp
3	37	Lp
3	38	Lp
3	39	Lp
3	40	-1
3	41	Lp
3	42	Lp
3	43	Lp
3	44	Lp
3	45	Lp
3	46	Lp
3	47	Lp
3	48	Lp
3	49	Lp
3	50	Lp
3	51	Lp
3	52	Lp
3	53	L
3	54	-1
3	55	L
3	56	Lp
3	57	-1
3	58	Lp
3	59	Lp
3	60	Lp
3	61	Lp
3	62	Lp
3	63	Lp
3	64	L
3	65	L
3	66	-1
3	67	-1
3	68	L
3	69	-1
3	70	L
3	71	L
3	72	L
3	73	L
3	74	Lp
3	75	Lp
3	76	L
3	77	L
3	78	L
3	79	L
3	80	Lp
3	81	Lp
3	82	Lp
3	83	Lp
3	84	-1
3	85	-1
3	86	L
3	87	Lp
3	88	Lp
3	89	L
3	90	Lp
3	91	Lp
3	92	Lp
3	93	Lp
3	94	-1
3	95	Lp
3	96	-1
3	97	-1
3	98	L
3	99	L
3	100	L
3	101	L
3	102	Lp
3	103	-1
3	104	Lp
3	105	Lp
3	106	Lp
3	107	Lp
3	108	Lp
3	109	Lp
3	110	Lp
3	111	Lp
3	112	-1
3	113	Lp
3	114	Lp
3	115	-1
3	116	Lp
3	117	Lp
3	118	Lp
3	119	Lp
4	0	Lp
4	1	Lp
4	2	Lp
4	3	Lp
4	4	-1
4	5	L
4	6	L
4	7	L
4	8	Lp
4	9	Lp
4	10	Lp
4	11	Lp
4	12	Lp
4	13	Lp
4	14	-1
4	15	Lp
4	16	Lp
4	17	Lp
4	18	L
4	19	Lp
4	20	Lp
4	21	Lp
4	22	Lp
4	23	Lp
4	24	Lp
4	25	Lp
4	26	Lp
4	27	-1
4	28	Lp
4	29	-1
4	30	Lp
4	31	Lp
4	32	Lp
4	33	Lp
4	34	Lp
4	35	Lp
4	36	Lp
4	37	Lp
4	38	Lp
4	39	Lp
4	40	Lp
4	41	-1
4	42	Lp
4	43	Lp
4	44	Lp
4	45	Lp
4	46	Lp
4	47	Lp
4	48	Lp
4	49	Lp
4	50	Lp
4	51	Lp
4	52	L
4	53	L
4	54	Lp
4	55	U
4	56	-1
4	57	Lp
4	58	Lp
4	59	-1
4	60	Lp
4	61	Lp
4	62	L
4	63	L
4	64	L
4	65	L
4	66	L
4	67	L
4	68	L
4	69	L
4	70	L
4	71	-1
4	72	L
4	73	L
4	74	L
4	75	Lp
4	76	Lp
4	77	L
4	78	-1
4	79	L
4	80	L
4	81	Lp
4	82	Lp
4	83	Lp
4	84	-1
4	85	L
4	86	-1
4	87	Lp
4	88	Lp
4	89	L
4	90	L
4	91	Lp
4	92	Lp
4	93	Lp
4	94	Lp
4	95	Lp
4	96	Lp
4	97	L
4	98	L
4	99	L
4	100	L
4	101	L
4	102	L
4	103	Lp
4	104	Lp
4	105	-1
4	106	Lp
4	107	Lp
4	108	Lp
4	109	Lp
4	110	Lp
4	111	Lp
4	112	Lp
4	113	Lp
4	114	Lp
4	115	Lp
4	116	Lp
4	117	Lp
4	118	Lp
4	119	Lp
5	0	Lp
5	1	Lp
5	2	Lp
5	3	Lp
5	4	Lp
5	5	Lp
5	6	Lp
5	7	L
5	8	Lp
5	9	Lp
5	10	Lp
5	11	-1
5	12	Lp
5	13	Lp
5	14	Lp
5	15	Lp
5	16	Lp
5	17	L
5	18	L
5	19	L
5	20	Lp
5	21	-1
5	22	-1
5	23	U
5	24	U
5	25	U
5	26	Lp
5	27	Lp
5	28	Lp
5	29	Lp
5	30	-1
5	31	Lp
5	32	Lp
5	33	Lp
5	34	Lp
5	35	Lp
5	36	Lp
5	37	-1
5	38	Lp
5	39	Lp
5	40	Lp
5	41	Lp
5	42	Lp
5	43	Lp
5	44	Lp
5	45	Lp
5	46	Lp
5	47	Lp
5	48	Lp
5	49	Lp
5	50	-1
5	51	L
5	52	-1
5	53	L
5	54	L
5	55	Lp
5	56	-1
5	57	Lp
5	58	-1
5	59	Lp
5	60	Lp
5	61	L
5	62	L
5	63	L
5	64	L
5	65	-1
5	66	-1
5	67	L
5	68	L
5	69	L
5	70	L
5	71	L
5	72	L
5	73	L
5	74	L
5	75	-1
5	76	L
5	77	L
5	78	Lp
5	79	L
5	80	Lp
5	81	Lp
5	82	Lp
5	83	Lp
5	84	-1
5	85	Lp
5	86	Lp
5	87	Lp
5	88	-1
5	89	Lp
5	90	L
5	91	Lp
5	92	Lp
5	93	-1
5	94	-1
5	95	Lp
5	96	Lp
5	97	L
5	98	Lp
5	99	L
5	100	L
5	101	L
5	102	Lp
5	103	-1
5	104	Lp
5	105	L
5	106	Lp
5	107	L
5	108	Lp
5	109	Lp
5	110	Lp
5	111	Lp
5	112	Lp
5	113	Lp
5	114	Lp
5	115	Lp
5	116	Lp
5	117	Lp
5	118	Lp
5	119	Lp
6	0	Lp
6	1	Lp
6	2	Lp
6	3	Lp
6	4	Lp
6	5	-1
6	6	Lp
6	7	Lp
6	8	Lp
6	9	Lp
6	10	Lp
6	11	-1
6	12	L
6	13	Lp
6	14	-1
6	15	-1
6	16	Lp
6	17	-1
6	18	L
6	19	L
6	20	-1
6	21	Lp
6	22	-1
6	23	Lp
6	24	U
6	25	Lp
6	26	Lp
6	27	Lp
6	28	Lp
6	29	Lp
6	30	Lp
6	31	Lp
6	32	Lp
6	33	Lp
6	34	Lp
6	35	Lp
6	36	-1
6	37	Lp
6	38	Lp
6	39	-1
6	40	Lp
6	41	Lp
6	42	Lp
6	43	Lp
6	44	Lp
6	45	Lp
6	46	Lp
6	47	Lp
6	48	Lp
6	49	Lp
6	50	Lp
6	51	-1
6	52	-1
6	53	Lp
6	54	Lp
6	55	Lp
6	56	L
6	57	-1
6	58	-1
6	59	-1
6	60	Lp
6	61	Lp
6	62	Lp
6	63	L
6	64	L
6	65	L
6	66	L
6	67	L
6	68	L
6	69	L
6	70	L
6	71	L
6	72	L
6	73	L
6	74	L
6	75	L
6	76	L
6	77	L
6	78	L
6	79	L
6	80	Lp
6	81	Lp
6	82	-1
6	83	Lp
6	84	Lp
6	85	Lp
6	86	Lp
6	87	Lp
6	88	Lp
6	89	-1
6	90	L
6	91	Lp
6	92	-1
6	93	Lp
6	94	-1
6	95	-1
6	96	Lp
6	97	-1
6	98	L
6	99	L
6	100	L
6	101	-1
6	102	Lp
6	103	Lp
6	104	Lp
6	105	L
6	106	L
6	107	L
6	108	Lp
6	109	Lp
6	110	Lp
6	111	Lp
6	112	Lp
6	113	Lp
6	114	-1
6	115	Lp
6	116	Lp
6	117	Lp
6	118	Lp
6	119	Lp
7	0	Lp
7	1	Lp
7	2	Lp
7	3	-1
7	4	Lp
7	5	Lp
7	6	Lp
7	7	Lp
7	8	Lp
7	9	Lp
7	10	Lp
7	11	L
7	12	L
7	13	Lp
7	14	Lp
7	15	-1
7	16	Lp
7	17	Lp
7	18	Lp
7	19	-1
7	20	Lp
7	21	Lp
7	22	Lp
7	23	Lp
7	24	-1
7	25	U
7	26	-1
7	27	Lp
7	28	Lp
7	29	Lp
7	30	Lp
7	31	Lp
7	32	Lp
7	33	Lp
7	34	Lp
7	35	Lp
7	36	Lp
7	37	Lp
7	38	L
7	39	L
7	40	L
7	41	Lp
7	42	Lp
7	43	Lp
7	44	Lp
7	45	Lp
7	46	Lp
7	47	Lp
7	48	Lp
7	49	Lp
7	50	Lp
7	51	Lp
7	52	L
7	53	-1
7	54	-1
7	55	-1
7	56	Lp
7	57	Lp
7	58	Lp
7	59	-1
7	60	Lp
7	61	Lp
7	62	Lp
7	63	L
7	64	Lp
7	65	-1
7	66	L
7	67	Lp
7	68	L
7	69	L
7	70	L
7	71	L
7	72	L
7	73	L
7	74	L
7	75	L
7	76	L
7	77	L
7	78	L
7	79	L
7	80	Lp
7	81	Lp
7	82	Lp
7	83	Lp
7	84	Lp
7	85	Lp
7	86	Lp
7	87	-1
7	88	L
7	89	L
7	90	L
7	91	L
7	92	L
7	93	L
7	94	L
7	95	Lp
7	96	-1
7	97	L
7	98	Lp
7	99	Lp
7	100	L
7	101	L
7	102	U
7	103	Lp
7	104	-1
7	105	Lp
7	106	Lp
7	107	L
7	108	L
7	109	Lp
7	110	Lp
7	111	Lp
7	112	Lp
7	113	Lp
7	114	Lp
7	115	Lp
7	116	Lp
7	117	Lp
7	118	Lp
7	119	Lp
8	0	Lp
8	1	Lp
8	2	L
8	3	Lp
8	4	Lp
8	5	Lp
8	6	-1
8	7	Lp
8	8	Lp
8	9	Lp
8	10	L
8	11	L
8	12	L
8	13	Lp
8	14	Lp
8	15	Lp
8	16	Lp
8	17	Lp
8	18	Lp
8	19	Lp
8	20	Lp
8	21	Lp
8	22	Lp
8	23	Lp
8	24	Lp
8	25	Lp
8	26	Lp
8	27	Lp
8	28	-1
8	29	Lp
8	30	Lp
8	31	Lp
8	32	Lp
8	33	Lp
8	34	Lp
8	35	Lp
8	36	-1
8	37	L
8	38	Lp
8	39	Lp
8	40	Lp
8	41	Lp
8	42	Lp
8	43	Lp
8	44	-1
8	45	Lp
8	46	-1
8	47	Lp
8	48	-1
8	49	Lp
8	50	-1
8	51	Lp
8	52	Lp
8	53	Lp
8	54	Lp
8	55	Lp
8	56	Lp
8	57	L
8	58	Lp
8	59	-1
8	60	L
8	61	Lp
8	62	Lp
8	63	-1
8	64	Lp
8	65	Lp
8	66	Lp
8	67	Lp
8	68	-1
8	69	-1
8	70	L
8	71	L
8	72	L
8	73	L
8	74	L
8	75	L
8	76	Lp
8	77	Lp
8	78	L
8	79	Lp
8	80	Lp
8	81	Lp
8	82	Lp
8	83	Lp
8	84	Lp
8	85	Lp
8	86	Lp
8	87	Lp
8	88	L
8	89	L
8	90	L
8	91	-1
8	92	L
8	93	-1
8	94	Lp
8	95	L
8	96	Lp
8	97	Lp
8	98	Lp
8	99	Lp
8	100	L
8	101	L
8	102	L
8	103	-1
8	104	Lp
8	105	Lp
8	106	Lp
8	107	Lp
8	108	-1
8	109	Lp
8	110	Lp
8	111	Lp
8	112	Lp
8	113	Lp
8	114	Lp
8	115	Lp
8	116	Lp
8	117	Lp
8	118	-1
8	119	Lp
9	0	-1
9	1	-1
9	2	Lp
9	3	Lp
9	4	-1
9	5	Lp
9	6	Lp
9	7	-1
9	8	Lp
9	9	-1
9	10	-1
9	11	L
9	12	L
9	13	Lp
9	14	Lp
9	15	Lp
9	16	Lp
9	17	L
9	18	Lp
9	19	Lp
9	20	L
9	21	Lp
9	22	Lp
9	23	Lp
9	24	Lp
9	25	Lp
9	26	Lp
9	27	-1
9	28	Lp
9	29	Lp
9	30	Lp
9	31	-1
9	32	Lp
9	33	-1
9	34	Lp
9	35	U
9	36	U
9	37	Lp
9	38	-1
9	39	-1
9	40	Lp
9	41	Lp
9	42	Lp
9	43	Lp
9	44	Lp
9	45	Lp
9	46	Lp
9	47	Lp
9	48	Lp
9	49	Lp
9	50	-1
9	51	Lp
9	52	Lp
9	53	Lp
9	54	L
9	55	Lp
9	56	L
9	57	Lp
9	58	L
9	59	-1
9	60	L
9	61	L
9	62	Lp
9	63	Lp
9	64	Lp
9	65	Lp
9	66	Lp
9	67	Lp
9	68	L
9	69	L
9	70	L
9	71	L
9	72	Lp
9	73	Lp
9	74	-1
9	75	-1
9	76	Lp
9	77	Lp
9	78	Lp
9	79	Lp
9	80	Lp
9	81	Lp
9	82	-1
9	83	Lp
9	84	Lp
9	85	Lp
9	86	Lp
9	87	Lp
9	88	-1
9	89	-1
9	90	Lp
9	91	Lp
9	92	L
9	93	L
9	94	Lp
9	95	Lp
9	96	L
9	97	L
9	98	L
9	99	L
9	100	L
9	101	L
9	102	L
9	103	L
9	104	Lp
9	105	Lp
9	106	Lp
9	107	Lp
9	108	L
9	109	Lp
9	110	Lp
9	111	Lp
9	112	-1
9	113	Lp
9	114	Lp
9	115	Lp
9	116	Lp
9	117	-1
9	118	Lp
9	119	Lp
10	0	Lp
10	1	Lp
10	2	Lp
10	3	-1
10	4	Lp
10	5	Lp
10	6	Lp
10	7	Lp
10	8	L
10	9	-1
10	10	L
10	11	L
10	12	L
10	13	L
10	14	Lp
10	15	Lp
10	16	L
10	17	Lp
10	18	Lp
10	19	L
10	20	L
10	21	L
10	22	-1
10	23	Lp
10	24	Lp
10	25	Lp
10	26	Lp
10	27	Lp
10	28	-1
10	29	U
10	30	Lp
10	31	Lp
10	32	Lp
10	33	-1
10	34	-1
10	35	U
10	36	Lp
10	37	-1
10	38	Lp
10	39	Lp
10	40	Lp
10	41	Lp
10	42	-1
10	43	Lp
10	44	Lp
10	45	Lp
10	46	Lp
10	47	Lp
10	48	Lp
10	49	Lp
10	50	Lp
10	51	-1
10	52	Lp
10	53	Lp
10	54	Lp
10	55	L
10	56	-1
10	57	Lp
10	58	L
10	59	Lp
10	60	L
10	61	L
10	62	Lp
10	63	Lp
10	64	Lp
10	65	Lp
10	66	Lp
10	67	Lp
10	68	L
10	69	-1
10	70	-1
10	71	L
10	72	-1
10	73	Lp
10	74	Lp
10	75	L
10	76	Lp
10	77	Lp
10	78	Lp
10	79	L
10	80	L
10	81	Lp
10	82	Lp
10	83	Lp
10	84	Lp
10	85	Lp
10	86	Lp
10	87	Lp
10	88	L
10	89	Lp
10	90	Lp
10	91	Lp
10	92	L
10	93	L
10	94	L
10	95	Lp
10	96	L
10	97	L
10	98	L
10	99	L
10	100	L
10	101	L
10	102	L
10	103	L
10	104	Lp
10	105	Lp
10	106	Lp
10	107	Lp
10	108	L
10	109	Lp
10	110	Lp
10	111	-1
10	112	Lp
10	113	Lp
10	114	Lp
10	115	Lp
10	116	-1
10	117	Lp
10	118	-1
10	119	Lp
11	0	Lp
11	1	Lp
11	2	Lp
11	3	Lp
11	4	-1
11	5	Lp
11	6	-1
11	7	Lp
11	8	-1
11	9	L
11	10	L
11	11	-1
11	12	Lp
11	13	-1
11	14	Lp
11	15	Lp
11	16	L
11	17	Lp
11	18	Lp
11	19	Lp
11	20	L
11	21	-1
11	22	-1
11	23	Lp
11	24	L
11	25	L
11	26	L
11	27	Lp
11	28	Lp
11	29	-1
11	30	Lp
11	31	-1
11	32	Lp
11	33	Lp
11	34	Lp
11	35	-1
11	36	Lp
11	37	Lp
11	38	Lp
11	39	Lp
11	40	-1
11	41	Lp
11	42	Lp
11	43	Lp
11	44	-1
11	45	Lp
11	46	Lp
11	47	Lp
11	48	Lp
11	49	Lp
11	50	Lp
11	51	-1
11	52	Lp
11	53	Lp
11	54	Lp
11	55	Lp
11	56	L
11	57	Lp
11	58	-1
11	59	-1
11	60	Lp
11	61	Lp
11	62	L
11	63	-1
11	64	Lp
11	65	L
11	66	L
11	67	L
11	68	L
11	69	L
11	70	L
11	71	L
11	72	L
11	73	Lp
11	74	L
11	75	L
11	76	Lp
11	77	Lp
11	78	-1
11	79	L
11	80	L
11	81	-1
11	82	Lp
11	83	Lp
11	84	Lp
11	85	Lp
11	86	L
11	87	Lp
11	88	Lp
11	89	Lp
11	90	Lp
11	91	Lp
11	92	Lp
11	93	Lp
11	94	L
11	95	-1
11	96	L
11	97	L
11	98	L
11	99	L
11	100	L
11	101	L
11	102	L
11	103	L
11	104	-1
11	105	L
11	106	Lp
11	107	Lp
11	108	Lp
11	109	Lp
11	110	Lp
11	111	Lp
11	112	Lp
11	113	-1
11	114	-1
11	115	-1
11	116	-1
11	117	Lp
11	118	Lp
11	119	Lp
12	0	Lp
12	1	Lp
12	2	Lp
12	3	Lp
12	4	Lp
12	5	Lp
12	6	Lp
12	7	L
12	8	L
12	9	L
12	10	L
12	11	Lp
12	12	Lp
12	13	Lp
12	14	Lp
12	15	Lp
12	16	Lp
12	17	U
12	18	U
12	19	L
12	20	L
12	21	Lp
12	22	-1
12	23	L
12	24	L
12	25	L
12	26	L
12	27	Lp
12	28	L
12	29	L
12	30	Lp
12	31	Lp
12	32	-1
12	33	Lp
12	34	Lp
12	35	-1
12	36	-1
12	37	Lp
12	38	-1
12	39	Lp
12	40	Lp
12	41	Lp
12	42	Lp
12	43	Lp
12	44	Lp
12	45	Lp
12	46	Lp
12	47	-1
12	48	Lp
12	49	-1
12	50	Lp
12	51	Lp
12	52	Lp
12	53	Lp
12	54	Lp
12	55	L
12	56	Lp
12	57	Lp
12	58	-1
12	59	Lp
12	60	-1
12	61	Lp
12	62	-1
12	63	-1
12	64	L
12	65	L
12	66	Lp
12	67	Lp
12	68	L
12	69	L
12	70	Lp
12	71	-1
12	72	L
12	73	L
12	74	U
12	75	-1
12	76	Lp
12	77	U
12	78	L
12	79	L
12	80	Lp
12	81	Lp
12	82	Lp
12	83	-1
12	84	-1
12	85	Lp
12	86	-1
12	87	Lp
12	88	Lp
12	89	Lp
12	90	Lp
12	91	-1
12	92	L
12	93	L
12	94	L
12	95	L
12	96	L
12	97	L
12	98	L
12	99	-1
12	100	L
12	101	-1
12	102	L
12	103	L
12	104	-1
12	105	L
12	106	L
12	107	Lp
12	108	Lp
12	109	Lp
12	110	-1
12	111	Lp
12	112	-1
12	113	Lp
12	114	-1
12	115	Lp
12	116	Lp
12	117	Lp
12	118	Lp
12	119	-1
13	0	Lp
13	1	L
13	2	Lp
13	3	Lp
13	4	-1
13	5	L
13	6	L
13	7	L
13	8	L
13	9	Lp
13	10	L
13	11	Lp
13	12	Lp
13	13	Lp
13	14	-1
13	15	Lp
13	16	Lp
13	17	L
13	18	Lp
13	19	Lp
13	20	L
13	21	Lp
13	22	L
13	23	Lp
13	24	L
13	25	L
13	26	L
13	27	L
13	28	-1
13	29	L
13	30	Lp
13	31	Lp
13	32	Lp
13	33	Lp
13	34	-1
13	35	Lp
13	36	Lp
13	37	Lp
13	38	Lp
13	39	Lp
13	40	Lp
13	41	Lp
13	42	Lp
13	43	Lp
13	44	Lp
13	45	-1
13	46	Lp
13	47	Lp
13	48	Lp
13	49	Lp
13	50	Lp
13	51	-1
13	52	Lp
13	53	Lp
13	54	-1
13	55	Lp
13	56	L
13	57	L
13	58	Lp
13	59	Lp
13	60	Lp
13	61	Lp
13	62	Lp
13	63	Lp
13	64	Lp
13	65	L
13	66	Lp
13	67	Lp
13	68	Lp
13	69	Lp
13	70	Lp
13	71	Lp
13	72	U
13	73	U
13	74	-1
13	75	Lp
13	76	Lp
13	77	Lp
13	78	L
13	79	Lp
13	80	Lp
13	81	Lp
13	82	Lp
13	83	-1
13	84	Lp
13	85	Lp
13	86	Lp
13	87	Lp
13	88	L
13	89	Lp
13	90	Lp
13	91	Lp
13	92	-1
13	93	Lp
13	94	L
13	95	L
13	96	L
13	97	L
13	98	L
13	99	L
13	100	L
13	101	-1
13	102	L
13	103	L
13	104	L
13	105	L
13	106	L
13	107	L
13	108	-1
13	109	Lp
13	110	Lp
13	111	Lp
13	112	-1
13	113	Lp
13	114	Lp
13	115	Lp
13	116	U
13	117	Lp
13	118	Lp
13	119	Lp
14	0	Lp
14	1	L
14	2	Lp
14	3	-1
14	4	L
14	5	L
14	6	-1
14	7	Lp
14	8	L
14	9	-1
14	10	Lp
14	11	Lp
14	12	Lp
14	13	Lp
14	14	-1
14	15	Lp
14	16	Lp
14	17	L
14	18	-1
14	19	Lp
14	20	L
14	21	Lp
14	22	Lp
14	23	L
14	24	-1
14	25	L
14	26	L
14	27	U
14	28	Lp
14	29	L
14	30	Lp
14	31	-1
14	32	Lp
14	33	Lp
14	34	Lp
14	35	Lp
14	36	-1
14	37	Lp
14	38	Lp
14	39	Lp
14	40	Lp
14	41	Lp
14	42	Lp
14	43	Lp
14	44	Lp
14	45	Lp
14	46	Lp
14	47	Lp
14	48	Lp
14	49	Lp
14	50	Lp
14	51	Lp
14	52	Lp
14	53	-1
14	54	Lp
14	55	L
14	56	L
14	57	L
14	58	L
14	59	Lp
14	60	L
14	61	Lp
14	62	Lp
14	63	Lp
14	64	Lp
14	65	Lp
14	66	Lp
14	67	-1
14	68	Lp
14	69	Lp
14	70	-1
14	71	-1
14	72	-1
14	73	Lp
14	74	Lp
14	75	Lp
14	76	Lp
14	77	Lp
14	78	-1
14	79	Lp
14	80	Lp
14	81	Lp
14	82	Lp
14	83	Lp
14	84	Lp
14	85	Lp
14	86	Lp
14	87	Lp
14	88	L
14	89	L
14	90	L
14	91	-1
14	92	L
14	93	L
14	94	L
14	95	L
14	96	L
14	97	L
14	98	L
14	99	L
14	100	L
14	101	-1
14	102	L
14	103	L
14	104	L
14	105	L
14	106	L
14	107	Lp
14	108	Lp
14	109	-1
14	110	Lp
14	111	Lp
14	112	Lp
14	113	-1
14	114	Lp
14	115	Lp
14	116	Lp
14	117	Lp
14	118	Lp
14	119	Lp
15	0	L
15	1	Lp
15	2	Lp
15	3	-1
15	4	L
15	5	L
15	6	Lp
15	7	L
15	8	-1
15	9	L
15	10	Lp
15	11	Lp
15	12	Lp
15	13	Lp
15	14	Lp
15	15	Lp
15	16	Lp
15	17	Lp
15	18	L
15	19	L
15	20	-1
15	21	L
15	22	Lp
15	23	L
15	24	L
15	25	L
15	26	L
15	27	Lp
15	28	Lp
15	29	Lp
15	30	-1
15	31	Lp
15	32	-1
15	33	Lp
15	34	Lp
15	35	Lp
15	36	Lp
15	37	Lp
15	38	Lp
15	39	Lp
15	40	Lp
15	41	Lp
15	42	Lp
15	43	Lp
15	44	-1
15	45	Lp
15	46	Lp
15	47	Lp
15	48	Lp
15	49	Lp
15	50	Lp
15	51	Lp
15	52	Lp
15	53	L
15	54	L
15	55	L
15	56	-1
15	57	-1
15	58	L
15	59	Lp
15	60	Lp
15	61	Lp
15	62	Lp
15	63	Lp
15	64	Lp
15	65	Lp
15	66	Lp
15	67	Lp
15	68	Lp
15	69	-1
15	70	U
15	71	-1
15	72	Lp
15	73	Lp
15	74	Lp
15	75	Lp
15	76	Lp
15	77	Lp
15	78	Lp
15	79	Lp
15	80	Lp
15	81	Lp
15	82	Lp
15	83	Lp
15	84	Lp
15	85	Lp
15	86	-1
15	87	Lp
15	88	-1
15	89	L
15	90	L
15	91	L
15	92	L
15	93	L
15	94	L
15	95	Lp
15	96	Lp
15	97	L
15	98	-1
15	99	L
15	100	L
15	101	L
15	102	L
15	103	-1
15	104	L
15	105	-1
15	106	Lp
15	107	Lp
15	108	U
15	109	-1
15	110	Lp
15	111	Lp
15	112	Lp
15	113	Lp
15	114	Lp
15	115	Lp
15	116	Lp
15	117	Lp
15	118	Lp
15	119	Lp
16	0	-1
16	1	L
16	2	L
16	3	Lp
16	4	-1
16	5	L
16	6	L
16	7	Lp
16	8	U
16	9	L
16	10	Lp
16	11	Lp
16	12	-1
16	13	Lp
16	14	Lp
16	15	Lp
16	16	Lp
16	17	L
16	18	L
16	19	L
16	20	L
16	21	-1
16	22	L
16	23	L
16	24	Lp
16	25	-1
16	26	L
16	27	Lp
16	28	L
16	29	L
16	30	L
16	31	Lp
16	32	Lp
16	33	Lp
16	34	Lp
16	35	-1
16	36	Lp
16	37	-1
16	38	Lp
16	39	Lp
16	40	Lp
16	41	Lp
16	42	Lp
16	43	Lp
16	44	-1
16	45	Lp
16	46	Lp
16	47	-1
16	48	Lp
16	49	Lp
16	50	Lp
16	51	Lp
16	52	Lp
16	53	L
16	54	L
16	55	L
16	56	L
16	57	-1
16	58	Lp
16	59	L
16	60	L
16	61	L
16	62	Lp
16	63	Lp
16	64	Lp
16	65	Lp
16	66	Lp
16	67	-1
16	68	Lp
16	69	Lp
16	70	Lp
16	71	U
16	72	Lp
16	73	Lp
16	74	Lp
16	75	Lp
16	76	Lp
16	77	Lp
16	78	Lp
16	79	Lp
16	80	Lp
16	81	Lp
16	82	Lp
16	83	-1
16	84	Lp
16	85	Lp
16	86	Lp
16	87	L
16	88	L
16	89	L
16	90	L
16	91	L
16	92	L
16	93	-1
16	94	Lp
16	95	Lp
16	96	L
16	97	L
16	98	-1
16	99	L
16	100	L
16	101	L
16	102	L
16	103	L
16	104	-1
16	105	Lp
16	106	Lp
16	107	Lp
16	108	Lp
16	109	-1
16	110	Lp
16	111	Lp
16	112	Lp
16	113	-1
16	114	-1
16	115	Lp
16	116	Lp
16	117	Lp
16	118	Lp
16	119	Lp
17	0	Lp
17	1	Lp
17	2	L
17	3	L
17	4	L
17	5	-1
17	6	U
17	7	U
17	8	-1
17	9	-1
17	10	L
17	11	L
17	12	Lp
17	13	Lp
17	14	Lp
17	15	Lp
17	16	L
17	17	L
17	18	L
17	19	L
17	20	Lp
17	21	L
17	22	-1
17	23	Lp
17	24	L
17	25	L
17	26	L
17	27	L
17	28	Lp
17	29	Lp
17	30	L
17	31	Lp
17	32	-1
17	33	Lp
17	34	-1
17	35	Lp
17	36	Lp
17	37	-1
17	38	Lp
17	39	Lp
17	40	Lp
17	41	U
17	42	Lp
17	43	L
17	44	Lp
17	45	Lp
17	46	-1
17	47	Lp
17	48	Lp
17	49	Lp
17	50	Lp
17	51	Lp
17	52	-1
17	53	-1
17	54	Lp
17	55	-1
17	56	L
17	57	Lp
17	58	-1
17	59	-1
17	60	Lp
17	61	L
17	62	Lp
17	63	Lp
17	64	Lp
17	65	Lp
17	66	L
17	67	L
17	68	Lp
17	69	Lp
17	70	Lp
17	71	Lp
17	72	Lp
17	73	Lp
17	74	Lp
17	75	Lp
17	76	Lp
17	77	Lp
17	78	Lp
17	79	Lp
17	80	Lp
17	81	Lp
17	82	Lp
17	83	Lp
17	84	Lp
17	85	Lp
17	86	Lp
17	87	Lp
17	88	L
17	89	L
17	90	L
17	91	Lp
17	92	Lp
17	93	Lp
17	94	Lp
17	95	L
17	96	L
17	97	L
17	98	L
17	99	-1
17	100	L
17	101	L
17	102	-1
17	103	L
17	104	Lp
17	105	Lp
17	106	Lp
17	107	Lp
17	108	Lp
17	109	Lp
17	110	Lp
17	111	Lp
17	112	Lp
17	113	-1
17	114	Lp
17	115	Lp
17	116	Lp
17	117	Lp
17	118	Lp
17	119	Lp
18	0	-1
18	1	-1
18	2	L
18	3	L
18	4	Lp
18	5	-1
18	6	U
18	7	L
18	8	-1
18	9	-1
18	10	L
18	11	Lp
18	12	L
18	13	-1
18	14	Lp
18	15	Lp
18	16	-1
18	17	L
18	18	L
18	19	L
18	20	-1
18	21	L
18	22	-1
18	23	L
18	24	Lp
18	25	L
18	26	L
18	27	-1
18	28	Lp
18	29	Lp
18	30	Lp
18	31	-1
18	32	-1
18	33	Lp
18	34	Lp
18	35	Lp
18	36	Lp
18	37	Lp
18	38	-1
18	39	Lp
18	40	U
18	41	Lp
18	42	Lp
18	43	Lp
18	44	L
18	45	L
18	46	-1
18	47	Lp
18	48	Lp
18	49	Lp
18	50	Lp
18	51	-1
18	52	Lp
18	53	-1
18	54	L
18	55	L
18	56	L
18	57	L
18	58	Lp
18	59	L
18	60	Lp
18	61	L
18	62	L
18	63	L
18	64	Lp
18	65	Lp
18	66	L
18	67	L
18	68	Lp
18	69	U
18	70	Lp
18	71	Lp
18	72	Lp
18	73	Lp
18	74	-1
18	75	Lp
18	76	-1
18	77	Lp
18	78	Lp
18	79	Lp
18	80	Lp
18	81	Lp
18	82	-1
18	83	Lp
18	84	Lp
18	85	Lp
18	86	Lp
18	87	Lp
18	88	L
18	89	-1
18	90	Lp
18	91	Lp
18	92	L
18	93	Lp
18	94	Lp
18	95	L
18	96	L
18	97	L
18	98	L
18	99	L
18	100	L
18	101	-1
18	102	L
18	103	-1
18	104	-1
18	105	L
18	106	-1
18	107	-1
18	108	Lp
18	109	Lp
18	110	Lp
18	111	Lp
18	112	Lp
18	113	Lp
18	114	Lp
18	115	Lp
18	116	Lp
18	117	L
18	118	Lp
18	119	Lp
19	0	L
19	1	L
19	2	Lp
19	3	Lp
19	4	Lp
19	5	Lp
19	6	Lp
19	7	U
19	8	U
19	9	Lp
19	10	Lp
19	11	L
19	12	L
19	13	L
19	14	L
19	15	L
19	16	L
19	17	-1
19	18	Lp
19	19	L
19	20	L
19	21	L
19	22	L
19	23	L
19	24	-1
19	25	Lp
19	26	Lp
19	27	L
19	28	-1
19	29	Lp
19	30	Lp
19	31	L
19	32	Lp
19	33	Lp
19	34	Lp
19	35	-1
19	36	Lp
19	37	Lp
19	38	-1
19	39	Lp
19	40	Lp
19	41	Lp
19	42	Lp
19	43	Lp
19	44	-1
19	45	Lp
19	46	-1
19	47	Lp
19	48	Lp
19	49	L
19	50	L
19	51	Lp
19	52	L
19	53	L
19	54	Lp
19	55	L
19	56	L
19	57	L
19	58	L
19	59	Lp
19	60	-1
19	61	L
19	62	Lp
19	63	Lp
19	64	Lp
19	65	Lp
19	66	-1
19	67	Lp
19	68	Lp
19	69	Lp
19	70	-1
19	71	Lp
19	72	Lp
19	73	Lp
19	74	Lp
19	75	Lp
19	76	Lp
19	77	-1
19	78	Lp
19	79	Lp
19	80	Lp
19	81	Lp
19	82	Lp
19	83	Lp
19	84	Lp
19	85	Lp
19	86	-1
19	87	Lp
19	88	-1
19	89	Lp
19	90	L
19	91	Lp
19	92	L
19	93	L
19	94	Lp
19	95	Lp
19	96	L
19	97	L
19	98	L
19	99	L
19	100	L
19	101	L
19	102	L
19	103	L
19	104	L
19	105	L
19	106	-1
19	107	-1
19	108	-1
19	109	L
19	110	L
19	111	Lp
19	112	Lp
19	113	Lp
19	114	Lp
19	115	Lp
19	116	L
19	117	Lp
19	118	L
19	119	L
20	0	U
20	1	L
20	2	Lp
20	3	Lp
20	4	Lp
20	5	U
20	6	-1
20	7	L
20	8	Lp
20	9	L
20	10	L
20	11	L
20	12	L
20	13	L
20	14	L
20	15	L
20	16	Lp
20	17	-1
20	18	-1
20	19	L
20	20	L
20	21	-1
20	22	L
20	23	-1
20	24	L
20	25	Lp
20	26	Lp
20	27	L
20	28	Lp
20	29	Lp
20	30	Lp
20	31	Lp
20	32	Lp
20	33	-1
20	34	-1
20	35	Lp
20	36	-1
20	37	Lp
20	38	Lp
20	39	Lp
20	40	Lp
20	41	Lp
20	42	U
20	43	L
20	44	L
20	45	L
20	46	L
20	47	Lp
20	48	Lp
20	49	Lp
20	50	-1
20	51	L
20	52	-1
20	53	L
20	54	L
20	55	L
20	56	L
20	57	-1
20	58	Lp
20	59	Lp
20	60	Lp
20	61	Lp
20	62	Lp
20	63	-1
20	64	-1
20	65	Lp
20	66	Lp
20	67	Lp
20	68	Lp
20	69	Lp
20	70	Lp
20	71	Lp
20	72	Lp
20	73	Lp
20	74	Lp
20	75	-1
20	76	Lp
20	77	Lp
20	78	Lp
20	79	-1
20	80	Lp
20	81	-1
20	82	Lp
20	83	Lp
20	84	Lp
20	85	Lp
20	86	U
20	87	U
20	88	Lp
20	89	L
20	90	Lp
20	91	Lp
20	92	Lp
20	93	-1
20	94	-1
20	95	Lp
20	96	-1
20	97	L
20	98	L
20	99	-1
20	100	-1
20	101	Lp
20	102	L
20	103	L
20	104	L
20	105	L
20	106	L
20	107	L
20	108	L
20	109	L
20	110	Lp
20	111	Lp
20	112	Lp
20	113	-1
20	114	Lp
20	115	-1
20	116	L
20	117	-1
20	118	L
20	119	L
21	0	L
21	1	Lp
21	2	Lp
21	3	Lp
21	4	U
21	5	Lp
21	6	L
21	7	-1
21	8	-1
21	9	L
21	10	L
21	11	Lp
21	12	Lp
21	13	L
21	14	Lp
21	15	Lp
21	16	L
21	17	Lp
21	18	Lp
21	19	L
21	20	L
21	21	L
21	22	L
21	23	-1
21	24	-1
21	25	-1
21	26	Lp
21	27	Lp
21	28	Lp
21	29	Lp
21	30	-1
21	31	Lp
21	32	-1
21	33	Lp
21	34	Lp
21	35	Lp
21	36	Lp
21	37	Lp
21	38	Lp
21	39	Lp
21	40	Lp
21	41	U
21	42	Lp
21	43	Lp
21	44	Lp
21	45	L
21	46	Lp
21	47	Lp
21	48	L
21	49	L
21	50	L
21	51	L
21	52	L
21	53	-1
21	54	L
21	55	L
21	56	-1
21	57	-1
21	58	L
21	59	Lp
21	60	Lp
21	61	Lp
21	62	Lp
21	63	Lp
21	64	Lp
21	65	Lp
21	66	Lp
21	67	Lp
21	68	Lp
21	69	Lp
21	70	Lp
21	71	Lp
21	72	Lp
21	73	Lp
21	74	Lp
21	75	Lp
21	76	Lp
21	77	Lp
21	78	Lp
21	79	Lp
21	80	Lp
21	81	-1
21	82	-1
21	83	Lp
21	84	U
21	85	Lp
21	86	-1
21	87	-1
21	88	Lp
21	89	Lp
21	90	Lp
21	91	Lp
21	92	L
21	93	L
21	94	L
21	95	L
21	96	Lp
21	97	-1
21	98	Lp
21	99	L
21	100	L
21	101	Lp
21	102	Lp
21	103	L
21	104	L
21	105	-1
21	106	L
21	107	Lp
21	108	L
21	109	L
21	110	L
21	111	L
21	112	Lp
21	113	-1
21	114	L
21	115	L
21	116	L
21	117	Lp
21	118	Lp
21	119	Lp
22	0	Lp
22	1	L
22	2	Lp
22	3	-1
22	4	-1
22	5	-1
22	6	-1
22	7	L
22	8	Lp
22	9	-1
22	10	L
22	11	Lp
22	12	Lp
22	13	-1
22	14	L
22	15	Lp
22	16	Lp
22	17	Lp
22	18	-1
22	19	L
22	20	L
22	21	L
22	22	L
22	23	L
22	24	L
22	25	L
22	26	Lp
22	27	Lp
22	28	-1
22	29	Lp
22	30	-1
22	31	Lp
22	32	Lp
22	33	Lp
22	34	-1
22	35	Lp
22	36	Lp
22	37	Lp
22	38	Lp
22	39	Lp
22	40	-1
22	41	Lp
22	42	Lp
22	43	-1
22	44	Lp
22	45	L
22	46	Lp
22	47	L
22	48	L
22	49	L
22	50	L
22	51	L
22	52	-1
22	53	L
22	54	L
22	55	L
22	56	Lp
22	57	Lp
22	58	U
22	59	-1
22	60	Lp
22	61	Lp
22	62	Lp
22	63	Lp
22	64	-1
22	65	-1
22	66	Lp
22	67	Lp
22	68	Lp
22	69	-1
22	70	Lp
22	71	Lp
22	72	-1
22	73	Lp
22	74	Lp
22	75	Lp
22	76	Lp
22	77	Lp
22	78	Lp
22	79	Lp
22	80	-1
22	81	Lp
22	82	Lp
22	83	L
22	84	L
22	85	U
22	86	U
22	87	-1
22	88	-1
22	89	-1
22	90	U
22	91	-1
22	92	L
22	93	L
22	94	U
22	95	L
22	96	L
22	97	Lp
22	98	Lp
22	99	L
22	100	Lp
22	101	Lp
22	102	L
22	103	-1
22	104	Lp
22	105	Lp
22	106	Lp
22	107	L
22	108	Lp
22	109	L
22	110	-1
22	111	L
22	112	L
22	113	L
22	114	Lp
22	115	Lp
22	116	Lp
22	117	-1
22	118	Lp
22	119	Lp
23	0	U
23	1	U
23	2	Lp
23	3	-1
23	4	Lp
23	5	Lp
23	6	Lp
23	7	Lp
23	8	Lp
23	9	L
23	10	L
23	11	L
23	12	L
23	13	-1
23	14	L
23	15	Lp
23	16	Lp
23	17	Lp
23	18	L
23	19	L
23	20	L
23	21	-1
23	22	L
23	23	L
23	24	L
23	25	L
23	26	L
23	27	Lp
23	28	Lp
23	29	Lp
23	30	Lp
23	31	Lp
23	32	-1
23	33	Lp
23	34	Lp
23	35	Lp
23	36	Lp
23	37	Lp
23	38	Lp
23	39	Lp
23	40	-1
23	41	-1
23	42	Lp
23	43	Lp
23	44	Lp
23	45	Lp
23	46	Lp
23	47	Lp
23	48	-1
23	49	-1
23	50	L
23	51	-1
23	52	-1
23	53	L
23	54	L
23	55	L
23	56	L
23	57	Lp
23	58	Lp
23	59	-1
23	60	-1
23	61	Lp
23	62	Lp
23	63	Lp
23	64	Lp
23	65	L
23	66	Lp
23	67	Lp
23	68	Lp
23	69	Lp
23	70	Lp
23	71	Lp
23	72	-1
23	73	Lp
23	74	Lp
23	75	Lp
23	76	Lp
23	77	Lp
23	78	Lp
23	79	Lp
23	80	Lp
23	81	Lp
23	82	Lp
23	83	L
23	84	-1
23	85	-1
23	86	U
23	87	U
23	88	Lp
23	89	U
23	90	U
23	91	U
23	92	Lp
23	93	U
23	94	L
23	95	L
23	96	Lp
23	97	-1
23	98	Lp
23	99	Lp
23	100	Lp
23	101	L
23	102	L
23	103	L
23	104	Lp
23	105	Lp
23	106	Lp
23	107	Lp
23	108	-1
23	109	Lp
23	110	-1
23	111	Lp
23	112	L
23	113	L
23	114	L
23	115	L
23	116	Lp
23	117	L
23	118	U
23	119	-1
24	0	-1
24	1	Lp
24	2	-1
24	3	Lp
24	4	Lp
24	5	Lp
24	6	Lp
24	7	Lp
24	8	Lp
24	9	L
24	10	L
24	11	L
24	12	-1
24	13	-1
24	14	Lp
24	15	Lp
24	16	-1
24	17	-1
24	18	Lp
24	19	L
24	20	-1
24	21	L
24	22	L
24	23	L
24	24	L
24	25	L
24	26	-1
24	27	L
24	28	L
24	29	Lp
24	30	Lp
24	31	Lp
24	32	Lp
24	33	Lp
24	34	Lp
24	35	Lp
24	36	Lp
24	37	Lp
24	38	Lp
24	39	Lp
24	40	Lp
24	41	Lp
24	42	Lp
24	43	Lp
24	44	Lp
24	45	Lp
24	46	Lp
24	47	Lp
24	48	L
24	49	Lp
24	50	L
24	51	L
24	52	L
24	53	L
24	54	L
24	55	L
24	56	L
24	57	Lp
24	58	Lp
24	59	Lp
24	60	Lp
24	61	Lp
24	62	Lp
24	63	Lp
24	64	Lp
24	65	L
24	66	L
24	67	-1
24	68	Lp
24	69	Lp
24	70	Lp
24	71	Lp
24	72	Lp
24	73	Lp
24	74	Lp
24	75	Lp
24	76	Lp
24	77	Lp
24	78	Lp
24	79	Lp
24	80	Lp
24	81	Lp
24	82	Lp
24	83	Lp
24	84	Lp
24	85	-1
24	86	U
24	87	-1
24	88	U
24	89	L
24	90	U
24	91	U
24	92	Lp
24	93	Lp
24	94	L
24	95	L
24	96	L
24	97	L
24	98	Lp
24	99	Lp
24	100	L
24	101	L
24	102	L
24	103	-1
24	104	L
24	105	Lp
24	106	Lp
24	107	Lp
24	108	Lp
24	109	Lp
24	110	Lp
24	111	L
24	112	L
24	113	-1
24	114	L
24	115	-1
24	116	-1
24	117	L
24	118	Lp
24	119	L
25	0	Lp
25	1	Lp
25	2	Lp
25	3	-1
25	4	-1
25	5	Lp
25	6	Lp
25	7	L
25	8	Lp
25	9	Lp
25	10	L
25	11	L
25	12	L
25	13	L
25	14	-1
25	15	-1
25	16	L
25	17	Lp
25	18	Lp
25	19	Lp
25	20	Lp
25	21	L
25	22	L
25	23	-1
25	24	-1
25	25	L
25	26	L
25	27	-1
25	28	L
25	29	Lp
25	30	-1
25	31	U
25	32	Lp
25	33	Lp
25	34	-1
25	35	Lp
25	36	Lp
25	37	-1
25	38	Lp
25	39	Lp
25	40	Lp
25	41	Lp
25	42	Lp
25	43	Lp
25	44	Lp
25	45	Lp
25	46	-1
25	47	L
25	48	L
25	49	L
25	50	L
25	51	L
25	52	L
25	53	L
25	54	L
25	55	L
25	56	L
25	57	L
25	58	Lp
25	59	Lp
25	60	Lp
25	61	-1
25	62	L
25	63	L
25	64	Lp
25	65	L
25	66	L
25	67	Lp
25	68	-1
25	69	Lp
25	70	Lp
25	71	Lp
25	72	Lp
25	73	Lp
25	74	Lp
25	75	Lp
25	76	Lp
25	77	-1
25	78	Lp
25	79	Lp
25	80	Lp
25	81	Lp
25	82	Lp
25	83	Lp
25	84	Lp
25	85	L
25	86	Lp
25	87	Lp
25	88	-1
25	89	L
25	90	U
25	91	Lp
25	92	-1
25	93	Lp
25	94	Lp
25	95	Lp
25	96	L
25	97	Lp
25	98	-1
25	99	L
25	100	Lp
25	101	-1
25	102	Lp
25	103	-1
25	104	-1
25	105	Lp
25	106	Lp
25	107	Lp
25	108	Lp
25	109	Lp
25	110	Lp
25	111	Lp
25	112	L
25	113	-1
25	114	L
25	115	L
25	116	L
25	117	Lp
25	118	Lp
25	119	Lp
26	0	Lp
26	1	Lp
26	2	Lp
26	3	Lp
26	4	Lp
26	5	-1
26	6	Lp
26	7	Lp
26	8	L
26	9	L
26	10	-1
26	11	L
26	12	L
26	13	L
26	14	L
26	15	L
26	16	L
26	17	L
26	18	Lp
26	19	Lp
26	20	Lp
26	21	L
26	22	L
26	23	Lp
26	24	L
26	25	Lp
26	26	L
26	27	L
26	28	-1
26	29	Lp
26	30	Lp
26	31	Lp
26	32	Lp
26	33	Lp
26	34	Lp
26	35	Lp
26	36	Lp
26	37	Lp
26	38	-1
26	39	-1
26	40	Lp
26	41	Lp
26	42	-1
26	43	Lp
26	44	Lp
26	45	Lp
26	46	-1
26	47	L
26	48	L
26	49	L
26	50	Lp
26	51	-1
26	52	L
26	53	L
26	54	L
26	55	L
26	56	L
26	57	L
26	58	L
26	59	Lp
26	60	-1
26	61	L
26	62	Lp
26	63	L
26	64	L
26	65	L
26	66	Lp
26	67	Lp
26	68	Lp
26	69	Lp
26	70	Lp
26	71	L
26	72	Lp
26	73	Lp
26	74	Lp
26	75	Lp
26	76	Lp
26	77	-1
26	78	-1
26	79	Lp
26	80	-1
26	81	-1
26	82	L
26	83	U
26	84	U
26	85	U
26	86	Lp
26	87	Lp
26	88	Lp
26	89	Lp
26	90	Lp
26	91	Lp
26	92	Lp
26	93	Lp
26	94	Lp
26	95	Lp
26	96	Lp
26	97	L
26	98	Lp
26	99	L
26	100	L
26	101	L
26	102	Lp
26	103	Lp
26	104	Lp
26	105	-1
26	106	Lp
26	107	Lp
26	108	Lp
26	109	Lp
26	110	Lp
26	111	-1
26	112	Lp
26	113	Lp
26	114	Lp
26	115	L
26	116	L
26	117	L
26	118	-1
26	119	Lp
27	0	-1
27	1	Lp
27	2	L
27	3	-1
27	4	L
27	5	Lp
27	6	Lp
27	7	L
27	8	-1
27	9	L
27	10	L
27	11	L
27	12	L
27	13	L
27	14	L
27	15	L
27	16	L
27	17	L
27	18	Lp
27	19	Lp
27	20	L
27	21	L
27	22	L
27	23	Lp
27	24	-1
27	25	Lp
27	26	Lp
27	27	Lp
27	28	Lp
27	29	U
27	30	-1
27	31	Lp
27	32	U
27	33	Lp
27	34	Lp
27	35	Lp
27	36	-1
27	37	Lp
27	38	Lp
27	39	-1
27	40	Lp
27	41	Lp
27	42	Lp
27	43	-1
27	44	Lp
27	45	Lp
27	46	Lp
27	47	-1
27	48	L
27	49	L
27	50	Lp
27	51	Lp
27	52	L
27	53	L
27	54	L
27	55	L
27	56	L
27	57	L
27	58	L
27	59	L
27	60	L
27	61	Lp
27	62	Lp
27	63	-1
27	64	L
27	65	Lp
27	66	L
27	67	L
27	68	-1
27	69	Lp
27	70	Lp
27	71	Lp
27	72	Lp
27	73	Lp
27	74	Lp
27	75	Lp
27	76	Lp
27	77	-1
27	78	U
27	79	Lp
27	80	Lp
27	81	Lp
27	82	Lp
27	83	Lp
27	84	-1
27	85	U
27	86	Lp
27	87	Lp
27	88	Lp
27	89	Lp
27	90	Lp
27	91	Lp
27	92	Lp
27	93	Lp
27	94	Lp
27	95	Lp
27	96	L
27	97	-1
27	98	L
27	99	Lp
27	100	L
27	101	-1
27	102	L
27	103	L
27	104	Lp
27	105	-1
27	106	Lp
27	107	-1
27	108	Lp
27	109	Lp
27	110	Lp
27	111	Lp
27	112	Lp
27	113	Lp
27	114	Lp
27	115	L
27	116	L
27	117	Lp
27	118	Lp
27	119	U
28	0	L
28	1	L
28	2	-1
28	3	L
28	4	-1
28	5	L
28	6	Lp
28	7	L
28	8	Lp
28	9	-1
28	10	-1
28	11	L
28	12	L
28	13	L
28	14	L
28	15	L
28	16	L
28	17	Lp
28	18	-1
28	19	Lp
28	20	L
28	21	L
28	22	L
28	23	L
28	24	-1
28	25	Lp
28	26	Lp
28	27	Lp
28	28	U
28	29	Lp
28	30	U
28	31	-1
28	32	Lp
28	33	Lp
28	34	Lp
28	35	Lp
28	36	Lp
28	37	Lp
28	38	Lp
28	39	Lp
28	40	Lp
28	41	Lp
28	42	Lp
28	43	Lp
28	44	Lp
28	45	Lp
28	46	L
28	47	L
28	48	L
28	49	-1
28	50	-1
28	51	L
28	52	L
28	53	L
28	54	L
28	55	L
28	56	L
28	57	L
28	58	L
28	59	L
28	60	-1
28	61	L
28	62	L
28	63	Lp
28	64	L
28	65	L
28	66	L
28	67	L
28	68	Lp
28	69	-1
28	70	Lp
28	71	Lp
28	72	Lp
28	73	-1
28	74	Lp
28	75	Lp
28	76	Lp
28	77	Lp
28	78	Lp
28	79	Lp
28	80	Lp
28	81	Lp
28	82	L
28	83	-1
28	84	L
28	85	Lp
28	86	Lp
28	87	Lp
28	88	Lp
28	89	Lp
28	90	-1
28	91	Lp
28	92	-1
28	93	Lp
28	94	Lp
28	95	Lp
28	96	-1
28	97	Lp
28	98	L
28	99	L
28	100	-1
28	101	L
28	102	L
28	103	L
28	104	Lp
28	105	-1
28	106	Lp
28	107	Lp
28	108	Lp
28	109	Lp
28	110	Lp
28	111	Lp
28	112	Lp
28	113	Lp
28	114	-1
28	115	L
28	116	L
28	117	Lp
28	118	Lp
28	119	Lp
29	0	Lp
29	1	L
29	2	L
29	3	L
29	4	L
29	5	L
29	6	-1
29	7	Lp
29	8	L
29	9	Lp
29	10	Lp
29	11	L
29	12	L
29	13	L
29	14	L
29	15	L
29	16	L
29	17	L
29	18	L
29	19	L
29	20	L
29	21	L
29	22	Lp
29	23	L
29	24	-1
29	25	Lp
29	26	-1
29	27	-1
29	28	Lp
29	29	U
29	30	U
29	31	U
29	32	Lp
29	33	Lp
29	34	Lp
29	35	-1
29	36	Lp
29	37	Lp
29	38	Lp
29	39	Lp
29	40	Lp
29	41	Lp
29	42	-1
29	43	-1
29	44	Lp
29	45	Lp
29	46	-1
29	47	L
29	48	Lp
29	49	Lp
29	50	L
29	51	Lp
29	52	Lp
29	53	L
29	54	L
29	55	L
29	56	L
29	57	L
29	58	L
29	59	L
29	60	L
29	61	L
29	62	-1
29	63	Lp
29	64	Lp
29	65	L
29	66	Lp
29	67	L
29	68	L
29	69	L
29	70	L
29	71	Lp
29	72	Lp
29	73	Lp
29	74	Lp
29	75	Lp
29	76	L
29	77	Lp
29	78	Lp
29	79	Lp
29	80	Lp
29	81	Lp
29	82	L
29	83	-1
29	84	L
29	85	Lp
29	86	Lp
29	87	Lp
29	88	Lp
29	89	Lp
29	90	Lp
29	91	Lp
29	92	Lp
29	93	Lp
29	94	-1
29	95	Lp
29	96	Lp
29	97	Lp
29	98	-1
29	99	Lp
29	100	Lp
29	101	Lp
29	102	L
29	103	-1
29	104	Lp
29	105	Lp
29	106	Lp
29	107	Lp
29	108	Lp
29	109	Lp
29	110	Lp
29	111	-1
29	112	U
29	113	Lp
29	114	Lp
29	115	-1
29	116	-1
29	117	Lp
29	118	Lp
29	119	Lp
30	0	Lp
30	1	-1
30	2	L
30	3	-1
30	4	L
30	5	-1
30	6	Lp
30	7	Lp
30	8	L
30	9	L
30	10	Lp
30	11	-1
30	12	L
30	13	L
30	14	L
30	15	L
30	16	L
30	17	U
30	18	L
30	19	L
30	20	L
30	21	-1
30	22	L
30	23	-1
30	24	Lp
30	25	L
30	26	Lp
30	27	Lp
30	28	Lp
30	29	-1
30	30	Lp
30	31	Lp
30	32	Lp
30	33	Lp
30	34	Lp
30	35	Lp
30	36	Lp
30	37	Lp
30	38	Lp
30	39	Lp
30	40	-1
30	41	Lp
30	42	Lp
30	43	Lp
30	44	Lp
30	45	Lp
30	46	Lp
30	47	Lp
30	48	-1
30	49	Lp
30	50	Lp
30	51	L
30	52	Lp
30	53	L
30	54	L
30	55	L
30	56	L
30	57	L
30	58	L
30	59	L
30	60	-1
30	61	Lp
30	62	Lp
30	63	Lp
30	64	Lp
30	65	Lp
30	66	L
30	67	-1
30	68	L
30	69	L
30	70	L
30	71	Lp
30	72	-1
30	73	Lp
30	74	Lp
30	75	Lp
30	76	Lp
30	77	Lp
30	78	Lp
30	79	Lp
30	80	-1
30	81	-1
30	82	L
30	83	L
30	84	-1
30	85	Lp
30	86	Lp
30	87	-1
30	88	-1
30	89	-1
30	90	Lp
30	91	Lp
30	92	Lp
30	93	Lp
30	94	Lp
30	95	Lp
30	96	Lp
30	97	Lp
30	98	Lp
30	99	Lp
30	100	Lp
30	101	Lp
30	102	Lp
30	103	-1
30	104	Lp
30	105	-1
30	106	Lp
30	107	Lp
30	108	-1
30	109	Lp
30	110	Lp
30	111	Lp
30	112	Lp
30	113	Lp
30	114	-1
30	115	Lp
30	116	Lp
30	117	-1
30	118	Lp
30	119	Lp
31	0	Lp
31	1	Lp
31	2	L
31	3	L
31	4	Lp
31	5	Lp
31	6	Lp
31	7	Lp
31	8	L
31	9	L
31	10	L
31	11	L
31	12	L
31	13	-1
31	14	L
31	15	L
31	16	L
31	17	L
31	18	L
31	19	L
31	20	L
31	21	Lp
31	22	Lp
31	23	Lp
31	24	-1
31	25	Lp
31	26	Lp
31	27	Lp
31	28	Lp
31	29	U
31	30	Lp
31	31	Lp
31	32	Lp
31	33	Lp
31	34	Lp
31	35	-1
31	36	-1
31	37	Lp
31	38	Lp
31	39	Lp
31	40	U
31	41	U
31	42	Lp
31	43	Lp
31	44	Lp
31	45	Lp
31	46	Lp
31	47	Lp
31	48	Lp
31	49	Lp
31	50	L
31	51	-1
31	52	L
31	53	L
31	54	L
31	55	-1
31	56	L
31	57	L
31	58	L
31	59	L
31	60	L
31	61	L
31	62	-1
31	63	-1
31	64	Lp
31	65	Lp
31	66	-1
31	67	L
31	68	Lp
31	69	-1
31	70	-1
31	71	L
31	72	Lp
31	73	Lp
31	74	Lp
31	75	Lp
31	76	-1
31	77	Lp
31	78	L
31	79	L
31	80	Lp
31	81	Lp
31	82	Lp
31	83	Lp
31	84	Lp
31	85	L
31	86	L
31	87	L
31	88	-1
31	89	-1
31	90	Lp
31	91	Lp
31	92	Lp
31	93	Lp
31	94	-1
31	95	Lp
31	96	Lp
31	97	Lp
31	98	Lp
31	99	Lp
31	100	Lp
31	101	Lp
31	102	Lp
31	103	Lp
31	104	Lp
31	105	Lp
31	106	Lp
31	107	Lp
31	108	Lp
31	109	Lp
31	110	Lp
31	111	Lp
31	112	-1
31	113	Lp
31	114	Lp
31	115	Lp
31	116	Lp
31	117	Lp
31	118	L
31	119	L
32	0	Lp
32	1	Lp
32	2	Lp
32	3	Lp
32	4	Lp
32	5	Lp
32	6	Lp
32	7	Lp
32	8	L
32	9	Lp
32	10	L
32	11	Lp
32	12	L
32	13	L
32	14	L
32	15	L
32	16	L
32	17	-1
32	18	L
32	19	L
32	20	Lp
32	21	L
32	22	Lp
32	23	Lp
32	24	Lp
32	25	Lp
32	26	Lp
32	27	Lp
32	28	Lp
32	29	Lp
32	30	Lp
32	31	-1
32	32	Lp
32	33	L
32	34	Lp
32	35	L
32	36	L
32	37	Lp
32	38	-1
32	39	Lp
32	40	-1
32	41	U
32	42	Lp
32	43	Lp
32	44	Lp
32	45	Lp
32	46	Lp
32	47	Lp
32	48	L
32	49	L
32	50	L
32	51	Lp
32	52	L
32	53	L
32	54	L
32	55	L
32	56	-1
32	57	L
32	58	L
32	59	L
32	60	L
32	61	Lp
32	62	L
32	63	-1
32	64	Lp
32	65	-1
32	66	L
32	67	L
32	68	Lp
32	69	Lp
32	70	Lp
32	71	L
32	72	Lp
32	73	-1
32	74	L
32	75	L
32	76	Lp
32	77	L
32	78	Lp
32	79	L
32	80	L
32	81	Lp
32	82	Lp
32	83	-1
32	84	Lp
32	85	Lp
32	86	L
32	87	L
32	88	-1
32	89	-1
32	90	Lp
32	91	Lp
32	92	Lp
32	93	Lp
32	94	Lp
32	95	L
32	96	L
32	97	L
32	98	-1
32	99	Lp
32	100	Lp
32	101	Lp
32	102	L
32	103	Lp
32	104	Lp
32	105	Lp
32	106	Lp
32	107	-1
32	108	Lp
32	109	Lp
32	110	Lp
32	111	Lp
32	112	-1
32	113	Lp
32	114	Lp
32	115	-1
32	116	Lp
32	117	Lp
32	118	Lp
32	119	-1
33	0	Lp
33	1	Lp
33	2	Lp
33	3	Lp
33	4	Lp
33	5	Lp
33	6	Lp
33	7	L
33	8	Lp
33	9	-1
33	10	-1
33	11	L
33	12	Lp
33	13	Lp
33	14	L
33	15	L
33	16	L
33	17	-1
33	18	L
33	19	L
33	20	L
33	21	Lp
33	22	Lp
33	23	-1
33	24	Lp
33	25	Lp
33	26	Lp
33	27	Lp
33	28	-1
33	29	-1
33	30	Lp
33	31	Lp
33	32	L
33	33	L
33	34	L
33	35	L
33	36	Lp
33	37	Lp
33	38	Lp
33	39	Lp
33	40	Lp
33	41	Lp
33	42	Lp
33	43	Lp
33	44	Lp
33	45	-1
33	46	Lp
33	47	-1
33	48	L
33	49	L
33	50	Lp
33	51	-1
33	52	-1
33	53	L
33	54	L
33	55	L
33	56	Lp
33	57	Lp
33	58	L
33	59	Lp
33	60	Lp
33	61	Lp
33	62	Lp
33	63	L
33	64	Lp
33	65	L
33	66	-1
33	67	-1
33	68	Lp
33	69	Lp
33	70	Lp
33	71	Lp
33	72	L
33	73	Lp
33	74	L
33	75	Lp
33	76	Lp
33	77	L
33	78	Lp
33	79	Lp
33	80	Lp
33	81	Lp
33	82	Lp
33	83	-1
33	84	Lp
33	85	L
33	86	L
33	87	Lp
33	88	Lp
33	89	-1
33	90	Lp
33	91	Lp
33	92	Lp
33	93	U
33	94	-1
33	95	Lp
33	96	-1
33	97	L
33	98	L
33	99	Lp
33	100	L
33	101	L
33	102	L
33	103	-1
33	104	-1
33	105	L
33	106	L
33	107	U
33	108	Lp
33	109	Lp
33	110	Lp
33	111	Lp
33	112	Lp
33	113	Lp
33	114	Lp
33	115	Lp
33	116	Lp
33	117	Lp
33	118	-1
33	119	Lp
34	0	Lp
34	1	Lp
34	2	Lp
34	3	L
34	4	-1
34	5	Lp
34	6	L
34	7	L
34	8	L
34	9	Lp
34	10	-1
34	11	L
34	12	Lp
34	13	Lp
34	14	L
34	15	L
34	16	L
34	17	L
34	18	L
34	19	-1
34	20	L
34	21	Lp
34	22	Lp
34	23	Lp
34	24	Lp
34	25	Lp
34	26	Lp
34	27	Lp
34	28	Lp
34	29	Lp
34	30	U
34	31	L
34	32	L
34	33	L
34	34	Lp
34	35	L
34	36	Lp
34	37	Lp
34	38	-1
34	39	Lp
34	40	Lp
34	41	Lp
34	42	Lp
34	43	Lp
34	44	Lp
34	45	Lp
34	46	Lp
34	47	Lp
34	48	L
34	49	L
34	50	L
34	51	Lp
34	52	L
34	53	-1
34	54	L
34	55	Lp
34	56	Lp
34	57	Lp
34	58	L
34	59	L
34	60	Lp
34	61	Lp
34	62	Lp
34	63	Lp
34	64	Lp
34	65	-1
34	66	-1
34	67	Lp
34	68	Lp
34	69	-1
34	70	-1
34	71	Lp
34	72	L
34	73	L
34	74	Lp
34	75	Lp
34	76	Lp
34	77	Lp
34	78	Lp
34	79	Lp
34	80	Lp
34	81	Lp
34	82	Lp
34	83	Lp
34	84	Lp
34	85	Lp
34	86	-1
34	87	-1
34	88	-1
34	89	Lp
34	90	Lp
34	91	Lp
34	92	-1
34	93	-1
34	94	Lp
34	95	L
34	96	L
34	97	-1
34	98	-1
34	99	Lp
34	100	Lp
34	101	Lp
34	102	Lp
34	103	Lp
34	104	Lp
34	105	-1
34	106	Lp
34	107	L
34	108	U
34	109	Lp
34	110	Lp
34	111	Lp
34	112	Lp
34	113	Lp
34	114	Lp
34	115	Lp
34	116	Lp
34	117	Lp
34	118	Lp
34	119	Lp
35	0	L
35	1	Lp
35	2	Lp
35	3	-1
35	4	L
35	5	Lp
35	6	Lp
35	7	L
35	8	L
35	9	L
35	10	L
35	11	L
35	12	Lp
35	13	-1
35	14	L
35	15	-1
35	16	-1
35	17	L
35	18	L
35	19	L
35	20	-1
35	21	-1
35	22	Lp
35	23	Lp
35	24	Lp
35	25	Lp
35	26	-1
35	27	-1
35	28	Lp
35	29	Lp
35	30	U
35	31	Lp
35	32	Lp
35	33	L
35	34	Lp
35	35	Lp
35	36	Lp
35	37	L
35	38	L
35	39	-1
35	40	Lp
35	41	Lp
35	42	Lp
35	43	Lp
35	44	Lp
35	45	Lp
35	46	Lp
35	47	Lp
35	48	-1
35	49	L
35	50	Lp
35	51	Lp
35	52	-1
35	53	Lp
35	54	L
35	55	Lp
35	56	Lp
35	57	Lp
35	58	-1
35	59	-1
35	60	Lp
35	61	Lp
35	62	Lp
35	63	-1
35	64	Lp
35	65	Lp
35	66	Lp
35	67	Lp
35	68	Lp
35	69	L
35	70	L
35	71	Lp
35	72	Lp
35	73	-1
35	74	Lp
35	75	Lp
35	76	Lp
35	77	Lp
35	78	Lp
35	79	Lp
35	80	-1
35	81	Lp
35	82	Lp
35	83	Lp
35	84	-1
35	85	Lp
35	86	Lp
35	87	Lp
35	88	Lp
35	89	Lp
35	90	-1
35	91	Lp
35	92	-1
35	93	-1
35	94	Lp
35	95	L
35	96	L
35	97	Lp
35	98	Lp
35	99	L
35	100	-1
35	101	Lp
35	102	-1
35	103	Lp
35	104	-1
35	105	Lp
35	106	Lp
35	107	Lp
35	108	Lp
35	109	Lp
35	110	Lp
35	111	Lp
35	112	Lp
35	113	Lp
35	114	Lp
35	115	Lp
35	116	Lp
35	117	Lp
35	118	Lp
35	119	Lp
36	0	Lp
36	1	Lp
36	2	Lp
36	3	-1
36	4	L
36	5	-1
36	6	L
36	7	L
36	8	L
36	9	L
36	10	L
36	11	L
36	12	L
36	13	L
36	14	U
36	15	L
36	16	U
36	17	L
36	18	L
36	19	L
36	20	L
36	21	-1
36	22	Lp
36	23	Lp
36	24	U
36	25	L
36	26	-1
36	27	U
36	28	Lp
36	29	Lp
36	30	-1
36	31	-1
36	32	Lp
36	33	-1
36	34	L
36	35	-1
36	36	L
36	37	-1
36	38	L
36	39	Lp
36	40	Lp
36	41	-1
36	42	Lp
36	43	Lp
36	44	Lp
36	45	Lp
36	46	Lp
36	47	Lp
36	48	L
36	49	L
36	50	-1
36	51	Lp
36	52	-1
36	53	Lp
36	54	Lp
36	55	Lp
36	56	Lp
36	57	-1
36	58	L
36	59	Lp
36	60	U
36	61	-1
36	62	Lp
36	63	Lp
36	64	Lp
36	65	Lp
36	66	Lp
36	67	-1
36	68	Lp
36	69	L
36	70	-1
36	71	Lp
36	72	Lp
36	73	Lp
36	74	-1
36	75	-1
36	76	Lp
36	77	-1
36	78	Lp
36	79	Lp
36	80	-1
36	81	Lp
36	82	Lp
36	83	U
36	84	Lp
36	85	-1
36	86	Lp
36	87	Lp
36	88	Lp
36	89	Lp
36	90	Lp
36	91	Lp
36	92	Lp
36	93	Lp
36	94	-1
36	95	Lp
36	96	Lp
36	97	L
36	98	L
36	99	Lp
36	100	Lp
36	101	Lp
36	102	Lp
36	103	-1
36	104	Lp
36	105	Lp
36	106	-1
36	107	-1
36	108	Lp
36	109	Lp
36	110	Lp
36	111	-1
36	112	Lp
36	113	Lp
36	114	Lp
36	115	Lp
36	116	Lp
36	117	Lp
36	118	-1
36	119	Lp
37	0	Lp
37	1	-1
37	2	Lp
37	3	L
37	4	L
37	5	L
37	6	L
37	7	L
37	8	L
37	9	-1
37	10	Lp
37	11	L
37	12	-1
37	13	L
37	14	L
37	15	U
37	16	-1
37	17	L
37	18	L
37	19	-1
37	20	L
37	21	L
37	22	Lp
37	23	Lp
37	24	U
37	25	U
37	26	U
37	27	U
37	28	U
37	29	Lp
37	30	Lp
37	31	Lp
37	32	Lp
37	33	Lp
37	34	L
37	35	-1
37	36	Lp
37	37	Lp
37	38	Lp
37	39	Lp
37	40	-1
37	41	Lp
37	42	Lp
37	43	Lp
37	44	Lp
37	45	Lp
37	46	Lp
37	47	L
37	48	L
37	49	L
37	50	L
37	51	-1
37	52	L
37	53	L
37	54	Lp
37	55	Lp
37	56	L
37	57	L
37	58	Lp
37	59	Lp
37	60	Lp
37	61	Lp
37	62	Lp
37	63	Lp
37	64	Lp
37	65	Lp
37	66	L
37	67	L
37	68	L
37	69	L
37	70	-1
37	71	Lp
37	72	Lp
37	73	-1
37	74	-1
37	75	Lp
37	76	Lp
37	77	Lp
37	78	Lp
37	79	Lp
37	80	Lp
37	81	-1
37	82	Lp
37	83	Lp
37	84	Lp
37	85	Lp
37	86	Lp
37	87	Lp
37	88	Lp
37	89	Lp
37	90	Lp
37	91	-1
37	92	Lp
37	93	Lp
37	94	Lp
37	95	-1
37	96	Lp
37	97	L
37	98	L
37	99	L
37	100	Lp
37	101	Lp
37	102	-1
37	103	Lp
37	104	Lp
37	105	-1
37	106	-1
37	107	-1
37	108	Lp
37	109	-1
37	110	Lp
37	111	-1
37	112	Lp
37	113	L
37	114	L
37	115	L
37	116	Lp
37	117	Lp
37	118	Lp
37	119	-1
38	0	Lp
38	1	L
38	2	Lp
38	3	U
38	4	L
38	5	-1
38	6	-1
38	7	-1
38	8	L
38	9	L
38	10	L
38	11	L
38	12	L
38	13	L
38	14	L
38	15	L
38	16	U
38	17	L
38	18	L
38	19	L
38	20	L
38	21	L
38	22	L
38	23	Lp
38	24	U
38	25	U
38	26	Lp
38	27	Lp
38	28	U
38	29	Lp
38	30	Lp
38	31	Lp
38	32	Lp
38	33	Lp
38	34	Lp
38	35	L
38	36	Lp
38	37	Lp
38	38	Lp
38	39	Lp
38	40	Lp
38	41	-1
38	42	Lp
38	43	Lp
38	44	Lp
38	45	Lp
38	46	Lp
38	47	Lp
38	48	L
38	49	L
38	50	L
38	51	U
38	52	L
38	53	L
38	54	L
38	55	L
38	56	Lp
38	57	Lp
38	58	L
38	59	Lp
38	60	Lp
38	61	Lp
38	62	Lp
38	63	Lp
38	64	Lp
38	65	Lp
38	66	L
38	67	L
38	68	L
38	69	L
38	70	L
38	71	L
38	72	-1
38	73	Lp
38	74	Lp
38	75	Lp
38	76	L
38	77	L
38	78	Lp
38	79	L
38	80	Lp
38	81	Lp
38	82	Lp
38	83	-1
38	84	Lp
38	85	Lp
38	86	-1
38	87	-1
38	88	Lp
38	89	Lp
38	90	Lp
38	91	Lp
38	92	Lp
38	93	Lp
38	94	Lp
38	95	Lp
38	96	L
38	97	-1
38	98	L
38	99	Lp
38	100	Lp
38	101	-1
38	102	-1
38	103	Lp
38	104	Lp
38	105	-1
38	106	Lp
38	107	Lp
38	108	Lp
38	109	Lp
38	110	Lp
38	111	Lp
38	112	Lp
38	113	Lp
38	114	Lp
38	115	Lp
38	116	Lp
38	117	Lp
38	118	Lp
38	119	-1
39	0	Lp
39	1	Lp
39	2	Lp
39	3	L
39	4	L
39	5	L
39	6	-1
39	7	-1
39	8	-1
39	9	L
39	10	L
39	11	L
39	12	L
39	13	-1
39	14	L
39	15	L
39	16	L
39	17	L
39	18	L
39	19	L
39	20	L
39	21	L
39	22	L
39	23	L
39	24	U
39	25	U
39	26	U
39	27	Lp
39	28	Lp
39	29	U
39	30	-1
39	31	Lp
39	32	Lp
39	33	Lp
39	34	Lp
39	35	Lp
39	36	Lp
39	37	Lp
39	38	Lp
39	39	Lp
39	40	Lp
39	41	U
39	42	Lp
39	43	-1
39	44	Lp
39	45	Lp
39	46	Lp
39	47	Lp
39	48	-1
39	49	L
39	50	Lp
39	51	L
39	52	L
39	53	L
39	54	L
39	55	L
39	56	L
39	57	L
39	58	L
39	59	Lp
39	60	-1
39	61	-1
39	62	Lp
39	63	Lp
39	64	L
39	65	L
39	66	L
39	67	L
39	68	Lp
39	69	L
39	70	L
39	71	L
39	72	Lp
39	73	-1
39	74	Lp
39	75	Lp
39	76	-1
39	77	-1
39	78	L
39	79	Lp
39	80	L
39	81	Lp
39	82	Lp
39	83	-1
39	84	Lp
39	85	Lp
39	86	-1
39	87	Lp
39	88	Lp
39	89	Lp
39	90	Lp
39	91	Lp
39	92	L
39	93	Lp
39	94	Lp
39	95	-1
39	96	Lp
39	97	-1
39	98	L
39	99	-1
39	100	-1
39	101	Lp
39	102	Lp
39	103	-1
39	104	-1
39	105	Lp
39	106	Lp
39	107	-1
39	108	Lp
39	109	Lp
39	110	-1
39	111	Lp
39	112	Lp
39	113	Lp
39	114	Lp
39	115	Lp
39	116	Lp
39	117	Lp
39	118	Lp
39	119	Lp
40	0	Lp
40	1	Lp
40	2	L
40	3	L
40	4	L
40	5	-1
40	6	Lp
40	7	Lp
40	8	L
40	9	Lp
40	10	L
40	11	-1
40	12	L
40	13	Lp
40	14	Lp
40	15	L
40	16	-1
40	17	L
40	18	L
40	19	L
40	20	L
40	21	L
40	22	L
40	23	Lp
40	24	Lp
40	25	-1
40	26	-1
40	27	Lp
40	28	Lp
40	29	-1
40	30	Lp
40	31	Lp
40	32	Lp
40	33	L
40	34	Lp
40	35	Lp
40	36	Lp
40	37	Lp
40	38	Lp
40	39	Lp
40	40	-1
40	41	Lp
40	42	Lp
40	43	Lp
40	44	Lp
40	45	Lp
40	46	Lp
40	47	Lp
40	48	Lp
40	49	Lp
40	50	L
40	51	L
40	52	L
40	53	L
40	54	L
40	55	L
40	56	L
40	57	L
40	58	L
40	59	L
40	60	Lp
40	61	-1
40	62	Lp
40	63	-1
40	64	-1
40	65	Lp
40	66	L
40	67	-1
40	68	Lp
40	69	L
40	70	L
40	71	-1
40	72	-1
40	73	-1
40	74	-1
40	75	L
40	76	Lp
40	77	Lp
40	78	L
40	79	L
40	80	Lp
40	81	Lp
40	82	Lp
40	83	-1
40	84	-1
40	85	Lp
40	86	Lp
40	87	Lp
40	88	Lp
40	89	Lp
40	90	-1
40	91	Lp
40	92	Lp
40	93	Lp
40	94	Lp
40	95	Lp
40	96	Lp
40	97	Lp
40	98	Lp
40	99	Lp
40	100	L
40	101	Lp
40	102	-1
40	103	Lp
40	104	Lp
40	105	Lp
40	106	-1
40	107	Lp
40	108	Lp
40	109	Lp
40	110	Lp
40	111	Lp
40	112	Lp
40	113	Lp
40	114	Lp
40	115	L
40	116	Lp
40	117	Lp
40	118	Lp
40	119	-1
41	0	L
41	1	L
41	2	-1
41	3	L
41	4	Lp
41	5	Lp
41	6	Lp
41	7	-1
41	8	Lp
41	9	Lp
41	10	Lp
41	11	L
41	12	Lp
41	13	-1
41	14	Lp
41	15	-1
41	16	L
41	17	Lp
41	18	L
41	19	Lp
41	20	L
41	21	L
41	22	L
41	23	L
41	24	Lp
41	25	Lp
41	26	Lp
41	27	Lp
41	28	Lp
41	29	Lp
41	30	Lp
41	31	L
41	32	U
41	33	U
41	34	U
41	35	Lp
41	36	Lp
41	37	-1
41	38	Lp
41	39	Lp
41	40	Lp
41	41	Lp
41	42	Lp
41	43	Lp
41	44	Lp
41	45	Lp
41	46	Lp
41	47	U
41	48	L
41	49	Lp
41	50	L
41	51	L
41	52	L
41	53	L
41	54	L
41	55	L
41	56	L
41	57	Lp
41	58	L
41	59	Lp
41	60	Lp
41	61	Lp
41	62	Lp
41	63	-1
41	64	Lp
41	65	-1
41	66	Lp
41	67	Lp
41	68	L
41	69	Lp
41	70	L
41	71	L
41	72	-1
41	73	Lp
41	74	L
41	75	L
41	76	L
41	77	Lp
41	78	L
41	79	-1
41	80	Lp
41	81	Lp
41	82	Lp
41	83	Lp
41	84	Lp
41	85	Lp
41	86	Lp
41	87	Lp
41	88	L
41	89	-1
41	90	Lp
41	91	Lp
41	92	Lp
41	93	-1
41	94	Lp
41	95	Lp
41	96	-1
41	97	Lp
41	98	Lp
41	99	Lp
41	100	-1
41	101	Lp
41	102	Lp
41	103	Lp
41	104	Lp
41	105	L
41	106	L
41	107	Lp
41	108	Lp
41	109	-1
41	110	Lp
41	111	-1
41	112	Lp
41	113	Lp
41	114	Lp
41	115	Lp
41	116	L
41	117	Lp
41	118	Lp
41	119	Lp
42	0	Lp
42	1	-1
42	2	L
42	3	L
42	4	Lp
42	5	Lp
42	6	L
42	7	-1
42	8	Lp
42	9	Lp
42	10	Lp
42	11	Lp
42	12	Lp
42	13	Lp
42	14	-1
42	15	L
42	16	L
42	17	L
42	18	Lp
42	19	L
42	20	-1
42	21	-1
42	22	L
42	23	L
42	24	L
42	25	Lp
42	26	Lp
42	27	Lp
42	28	Lp
42	29	-1
42	30	Lp
42	31	-1
42	32	-1
42	33	U
42	34	Lp
42	35	Lp
42	36	Lp
42	37	Lp
42	38	Lp
42	39	Lp
42	40	Lp
42	41	Lp
42	42	Lp
42	43	Lp
42	44	Lp
42	45	L
42	46	L
42	47	L
42	48	L
42	49	L
42	50	L
42	51	Lp
42	52	-1
42	53	L
42	54	L
42	55	-1
42	56	L
42	57	Lp
42	58	Lp
42	59	Lp
42	60	-1
42	61	Lp
42	62	Lp
42	63	Lp
42	64	Lp
42	65	Lp
42	66	L
42	67	Lp
42	68	Lp
42	69	L
42	70	L
42	71	Lp
42	72	L
42	73	L
42	74	-1
42	75	L
42	76	-1
42	77	Lp
42	78	-1
42	79	Lp
42	80	Lp
42	81	Lp
42	82	U
42	83	-1
42	84	-1
42	85	Lp
42	86	Lp
42	87	Lp
42	88	L
42	89	L
42	90	-1
42	91	Lp
42	92	Lp
42	93	Lp
42	94	Lp
42	95	Lp
42	96	Lp
42	97	-1
42	98	Lp
42	99	Lp
42	100	Lp
42	101	Lp
42	102	-1
42	103	Lp
42	104	L
42	105	Lp
42	106	Lp
42	107	Lp
42	108	-1
42	109	Lp
42	110	Lp
42	111	Lp
42	112	-1
42	113	Lp
42	114	Lp
42	115	-1
42	116	Lp
42	117	L
42	118	Lp
42	119	Lp
43	0	L
43	1	-1
43	2	L
43	3	Lp
43	4	-1
43	5	Lp
43	6	L
43	7	-1
43	8	Lp
43	9	Lp
43	10	Lp
43	11	Lp
43	12	-1
43	13	Lp
43	14	L
43	15	L
43	16	L
43	17	L
43	18	-1
43	19	L
43	20	L
43	21	L
43	22	Lp
43	23	-1
43	24	L
43	25	Lp
43	26	L
43	27	L
43	28	Lp
43	29	Lp
43	30	Lp
43	31	Lp
43	32	U
43	33	U
43	34	Lp
43	35	Lp
43	36	-1
43	37	Lp
43	38	Lp
43	39	Lp
43	40	Lp
43	41	Lp
43	42	Lp
43	43	Lp
43	44	Lp
43	45	L
43	46	U
43	47	Lp
43	48	-1
43	49	Lp
43	50	-1
43	51	Lp
43	52	Lp
43	53	L
43	54	L
43	55	L
43	56	Lp
43	57	L
43	58	Lp
43	59	Lp
43	60	Lp
43	61	Lp
43	62	U
43	63	-1
43	64	Lp
43	65	Lp
43	66	Lp
43	67	Lp
43	68	-1
43	69	L
43	70	L
43	71	L
43	72	Lp
43	73	Lp
43	74	Lp
43	75	Lp
43	76	Lp
43	77	Lp
43	78	Lp
43	79	Lp
43	80	-1
43	81	U
43	82	U
43	83	U
43	84	Lp
43	85	Lp
43	86	Lp
43	87	Lp
43	88	Lp
43	89	Lp
43	90	-1
43	91	Lp
43	92	Lp
43	93	Lp
43	94	Lp
43	95	Lp
43	96	Lp
43	97	Lp
43	98	-1
43	99	Lp
43	100	L
43	101	U
43	102	Lp
43	103	L
43	104	L
43	105	L
43	106	Lp
43	107	Lp
43	108	Lp
43	109	Lp
43	110	-1
43	111	Lp
43	112	-1
43	113	Lp
43	114	Lp
43	115	Lp
43	116	Lp
43	117	-1
43	118	Lp
43	119	Lp
44	0	Lp
44	1	L
44	2	-1
44	3	Lp
44	4	-1
44	5	-1
44	6	-1
44	7	L
44	8	Lp
44	9	Lp
44	10	Lp
44	11	-1
44	12	Lp
44	13	Lp
44	14	L
44	15	L
44	16	L
44	17	L
44	18	Lp
44	19	-1
44	20	Lp
44	21	L
44	22	L
44	23	Lp
44	24	Lp
44	25	Lp
44	26	L
44	27	L
44	28	L
44	29	Lp
44	30	Lp
44	31	Lp
44	32	Lp
44	33	Lp
44	34	Lp
44	35	Lp
44	36	Lp
44	37	Lp
44	38	Lp
44	39	Lp
44	40	Lp
44	41	Lp
44	42	Lp
44	43	-1
44	44	Lp
44	45	Lp
44	46	Lp
44	47	-1
44	48	-1
44	49	Lp
44	50	Lp
44	51	L
44	52	-1
44	53	L
44	54	L
44	55	L
44	56	L
44	57	L
44	58	L
44	59	Lp
44	60	Lp
44	61	Lp
44	62	-1
44	63	Lp
44	64	-1
44	65	-1
44	66	L
44	67	Lp
44	68	L
44	69	L
44	70	L
44	71	Lp
44	72	Lp
44	73	Lp
44	74	-1
44	75	Lp
44	76	Lp
44	77	Lp
44	78	Lp
44	79	Lp
44	80	Lp
44	81	Lp
44	82	Lp
44	83	L
44	84	L
44	85	L
44	86	-1
44	87	L
44	88	Lp
44	89	Lp
44	90	-1
44	91	-1
44	92	Lp
44	93	Lp
44	94	Lp
44	95	Lp
44	96	Lp
44	97	L
44	98	-1
44	99	L
44	100	L
44	101	-1
44	102	L
44	103	L
44	104	L
44	105	Lp
44	106	Lp
44	107	Lp
44	108	Lp
44	109	Lp
44	110	-1
44	111	Lp
44	112	Lp
44	113	-1
44	114	Lp
44	115	Lp
44	116	Lp
44	117	Lp
44	118	Lp
44	119	Lp
45	0	Lp
45	1	Lp
45	2	Lp
45	3	-1
45	4	-1
45	5	L
45	6	Lp
45	7	L
45	8	Lp
45	9	Lp
45	10	-1
45	11	L
45	12	L
45	13	Lp
45	14	Lp
45	15	L
45	16	Lp
45	17	L
45	18	Lp
45	19	-1
45	20	Lp
45	21	U
45	22	-1
45	23	L
45	24	L
45	25	L
45	26	Lp
45	27	Lp
45	28	Lp
45	29	Lp
45	30	Lp
45	31	Lp
45	32	Lp
45	33	Lp
45	34	Lp
45	35	Lp
45	36	Lp
45	37	Lp
45	38	Lp
45	39	Lp
45	40	Lp
45	41	Lp
45	42	-1
45	43	Lp
45	44	Lp
45	45	Lp
45	46	Lp
45	47	Lp
45	48	-1
45	49	Lp
45	50	Lp
45	51	Lp
45	52	-1
45	53	L
45	54	-1
45	55	L
45	56	-1
45	57	L
45	58	L
45	59	Lp
45	60	-1
45	61	L
45	62	Lp
45	63	Lp
45	64	-1
45	65	-1
45	66	L
45	67	Lp
45	68	L
45	69	L
45	70	L
45	71	L
45	72	Lp
45	73	Lp
45	74	Lp
45	75	Lp
45	76	Lp
45	77	Lp
45	78	-1
45	79	Lp
45	80	-1
45	81	Lp
45	82	Lp
45	83	Lp
45	84	Lp
45	85	-1
45	86	Lp
45	87	Lp
45	88	Lp
45	89	U
45	90	-1
45	91	Lp
45	92	Lp
45	93	Lp
45	94	Lp
45	95	Lp
45	96	L
45	97	L
45	98	L
45	99	Lp
45	100	Lp
45	101	-1
45	102	L
45	103	Lp
45	104	Lp
45	105	Lp
45	106	Lp
45	107	-1
45	108	Lp
45	109	L
45	110	L
45	111	Lp
45	112	Lp
45	113	-1
45	114	-1
45	115	Lp
45	116	Lp
45	117	Lp
45	118	Lp
45	119	Lp
46	0	U
46	1	-1
46	2	Lp
46	3	Lp
46	4	-1
46	5	L
46	6	L
46	7	Lp
46	8	Lp
46	9	-1
46	10	Lp
46	11	L
46	12	L
46	13	L
46	14	-1
46	15	L
46	16	-1
46	17	Lp
46	18	Lp
46	19	Lp
46	20	Lp
46	21	-1
46	22	Lp
46	23	L
46	24	L
46	25	-1
46	26	Lp
46	27	Lp
46	28	Lp
46	29	Lp
46	30	Lp
46	31	Lp
46	32	-1
46	33	Lp
46	34	Lp
46	35	Lp
46	36	Lp
46	37	Lp
46	38	Lp
46	39	Lp
46	40	Lp
46	41	Lp
46	42	Lp
46	43	-1
46	44	Lp
46	45	L
46	46	-1
46	47	-1
46	48	-1
46	49	Lp
46	50	Lp
46	51	Lp
46	52	-1
46	53	L
46	54	L
46	55	-1
46	56	L
46	57	U
46	58	L
46	59	-1
46	60	-1
46	61	Lp
46	62	Lp
46	63	L
46	64	-1
46	65	L
46	66	L
46	67	-1
46	68	L
46	69	L
46	70	L
46	71	-1
46	72	Lp
46	73	Lp
46	74	Lp
46	75	Lp
46	76	-1
46	77	Lp
46	78	Lp
46	79	Lp
46	80	Lp
46	81	-1
46	82	Lp
46	83	Lp
46	84	Lp
46	85	Lp
46	86	Lp
46	87	Lp
46	88	U
46	89	U
46	90	Lp
46	91	Lp
46	92	Lp
46	93	Lp
46	94	Lp
46	95	Lp
46	96	L
46	97	-1
46	98	Lp
46	99	U
46	100	Lp
46	101	Lp
46	102	-1
46	103	Lp
46	104	Lp
46	105	Lp
46	106	Lp
46	107	Lp
46	108	Lp
46	109	L
46	110	-1
46	111	Lp
46	112	-1
46	113	-1
46	114	Lp
46	115	Lp
46	116	L
46	117	Lp
46	118	-1
46	119	L
47	0	Lp
47	1	Lp
47	2	Lp
47	3	Lp
47	4	Lp
47	5	L
47	6	L
47	7	L
47	8	Lp
47	9	Lp
47	10	L
47	11	Lp
47	12	L
47	13	-1
47	14	Lp
47	15	Lp
47	16	Lp
47	17	-1
47	18	Lp
47	19	-1
47	20	Lp
47	21	L
47	22	L
47	23	L
47	24	L
47	25	U
47	26	L
47	27	U
47	28	L
47	29	Lp
47	30	Lp
47	31	Lp
47	32	Lp
47	33	Lp
47	34	Lp
47	35	Lp
47	36	Lp
47	37	Lp
47	38	Lp
47	39	Lp
47	40	Lp
47	41	Lp
47	42	-1
47	43	-1
47	44	L
47	45	Lp
47	46	-1
47	47	Lp
47	48	Lp
47	49	L
47	50	Lp
47	51	Lp
47	52	L
47	53	L
47	54	L
47	55	-1
47	56	L
47	57	U
47	58	L
47	59	L
47	60	L
47	61	Lp
47	62	Lp
47	63	Lp
47	64	L
47	65	L
47	66	L
47	67	L
47	68	Lp
47	69	L
47	70	L
47	71	L
47	72	L
47	73	Lp
47	74	Lp
47	75	Lp
47	76	-1
47	77	Lp
47	78	Lp
47	79	Lp
47	80	-1
47	81	-1
47	82	Lp
47	83	Lp
47	84	Lp
47	85	Lp
47	86	U
47	87	U
47	88	U
47	89	U
47	90	Lp
47	91	Lp
47	92	Lp
47	93	Lp
47	94	Lp
47	95	Lp
47	96	Lp
47	97	Lp
47	98	-1
47	99	Lp
47	100	U
47	101	Lp
47	102	Lp
47	103	Lp
47	104	Lp
47	105	Lp
47	106	-1
47	107	Lp
47	108	Lp
47	109	Lp
47	110	Lp
47	111	Lp
47	112	Lp
47	113	-1
47	114	Lp
47	115	-1
47	116	Lp
47	117	Lp
47	118	Lp
47	119	Lp
48	0	Lp
48	1	Lp
48	2	Lp
48	3	Lp
48	4	-1
48	5	Lp
48	6	Lp
48	7	Lp
48	8	L
48	9	Lp
48	10	Lp
48	11	L
48	12	L
48	13	L
48	14	Lp
48	15	Lp
48	16	Lp
48	17	Lp
48	18	Lp
48	19	Lp
48	20	Lp
48	21	Lp
48	22	L
48	23	L
48	24	U
48	25	U
48	26	U
48	27	-1
48	28	Lp
48	29	Lp
48	30	Lp
48	31	Lp
48	32	-1
48	33	-1
48	34	Lp
48	35	Lp
48	36	Lp
48	37	Lp
48	38	Lp
48	39	Lp
48	40	-1
48	41	Lp
48	42	Lp
48	43	Lp
48	44	L
48	45	L
48	46	-1
48	47	-1
48	48	Lp
48	49	Lp
48	50	-1
48	51	L
48	52	L
48	53	L
48	54	L
48	55	-1
48	56	-1
48	57	L
48	58	L
48	59	L
48	60	L
48	61	L
48	62	-1
48	63	L
48	64	L
48	65	L
48	66	L
48	67	-1
48	68	L
48	69	Lp
48	70	L
48	71	L
48	72	Lp
48	73	Lp
48	74	Lp
48	75	Lp
48	76	Lp
48	77	Lp
48	78	Lp
48	79	Lp
48	80	Lp
48	81	Lp
48	82	Lp
48	83	-1
48	84	Lp
48	85	Lp
48	86	Lp
48	87	U
48	88	Lp
48	89	Lp
48	90	Lp
48	91	Lp
48	92	Lp
48	93	Lp
48	94	Lp
48	95	Lp
48	96	Lp
48	97	Lp
48	98	Lp
48	99	U
48	100	U
48	101	U
48	102	Lp
48	103	Lp
48	104	Lp
48	105	Lp
48	106	Lp
48	107	Lp
48	108	Lp
48	109	Lp
48	110	Lp
48	111	L
48	112	-1
48	113	Lp
48	114	Lp
48	115	Lp
48	116	Lp
48	117	Lp
48	118	Lp
48	119	Lp
49	0	Lp
49	1	Lp
49	2	Lp
49	3	Lp
49	4	Lp
49	5	L
49	6	L
49	7	Lp
49	8	Lp
49	9	-1
49	10	L
49	11	Lp
49	12	-1
49	13	-1
49	14	Lp
49	15	-1
49	16	-1
49	17	Lp
49	18	-1
49	19	Lp
49	20	Lp
49	21	L
49	22	L
49	23	U
49	24	U
49	25	Lp
49	26	Lp
49	27	Lp
49	28	-1
49	29	Lp
49	30	Lp
49	31	Lp
49	32	Lp
49	33	-1
49	34	Lp
49	35	Lp
49	36	Lp
49	37	Lp
49	38	Lp
49	39	Lp
49	40	Lp
49	41	Lp
49	42	Lp
49	43	Lp
49	44	L
49	45	L
49	46	Lp
49	47	Lp
49	48	-1
49	49	-1
49	50	Lp
49	51	-1
49	52	L
49	53	L
49	54	L
49	55	-1
49	56	-1
49	57	Lp
49	58	-1
49	59	Lp
49	60	L
49	61	L
49	62	L
49	63	L
49	64	L
49	65	L
49	66	L
49	67	L
49	68	Lp
49	69	Lp
49	70	Lp
49	71	L
49	72	Lp
49	73	-1
49	74	Lp
49	75	Lp
49	76	-1
49	77	Lp
49	78	Lp
49	79	Lp
49	80	Lp
49	81	-1
49	82	Lp
49	83	Lp
49	84	Lp
49	85	Lp
49	86	Lp
49	87	Lp
49	88	Lp
49	89	Lp
49	90	Lp
49	91	Lp
49	92	Lp
49	93	Lp
49	94	Lp
49	95	Lp
49	96	Lp
49	97	-1
49	98	U
49	99	Lp
49	100	Lp
49	101	L
49	102	Lp
49	103	Lp
49	104	Lp
49	105	Lp
49	106	Lp
49	107	Lp
49	108	-1
49	109	Lp
49	110	-1
49	111	Lp
49	112	L
49	113	Lp
49	114	Lp
49	115	-1
49	116	Lp
49	117	Lp
49	118	Lp
49	119	Lp
50	0	Lp
50	1	-1
50	2	-1
50	3	Lp
50	4	-1
50	5	L
50	6	L
50	7	Lp
50	8	Lp
50	9	Lp
50	10	Lp
50	11	Lp
50	12	Lp
50	13	Lp
50	14	Lp
50	15	Lp
50	16	Lp
50	17	Lp
50	18	Lp
50	19	Lp
50	20	Lp
50	21	-1
50	22	-1
50	23	U
50	24	U
50	25	Lp
50	26	Lp
50	27	Lp
50	28	Lp
50	29	Lp
50	30	-1
50	31	Lp
50	32	Lp
50	33	Lp
50	34	Lp
50	35	Lp
50	36	-1
50	37	Lp
50	38	Lp
50	39	-1
50	40	Lp
50	41	Lp
50	42	Lp
50	43	Lp
50	44	L
50	45	L
50	46	L
50	47	Lp
50	48	-1
50	49	Lp
50	50	-1
50	51	Lp
50	52	-1
50	53	Lp
50	54	L
50	55	L
50	56	Lp
50	57	Lp
50	58	-1
50	59	Lp
50	60	L
50	61	L
50	62	L
50	63	Lp
50	64	Lp
50	65	L
50	66	L
50	67	Lp
50	68	-1
50	69	Lp
50	70	Lp
50	71	Lp
50	72	Lp
50	73	-1
50	74	Lp
50	75	Lp
50	76	Lp
50	77	Lp
50	78	-1
50	79	Lp
50	80	Lp
50	81	-1
50	82	Lp
50	83	Lp
50	84	Lp
50	85	Lp
50	86	Lp
50	87	Lp
50	88	Lp
50	89	Lp
50	90	Lp
50	91	Lp
50	92	Lp
50	93	Lp
50	94	Lp
50	95	Lp
50	96	Lp
50	97	Lp
50	98	Lp
50	99	Lp
50	100	-1
50	101	Lp
50	102	-1
50	103	Lp
50	104	Lp
50	105	Lp
50	106	Lp
50	107	-1
50	108	Lp
50	109	Lp
50	110	Lp
50	111	U
50	112	Lp
50	113	Lp
50	114	L
50	115	Lp
50	116	-1
50	117	Lp
50	118	Lp
50	119	Lp
51	0	Lp
51	1	Lp
51	2	Lp
51	3	-1
51	4	Lp
51	5	L
51	6	L
51	7	Lp
51	8	Lp
51	9	Lp
51	10	Lp
51	11	Lp
51	12	Lp
51	13	Lp
51	14	Lp
51	15	Lp
51	16	Lp
51	17	Lp
51	18	Lp
51	19	Lp
51	20	Lp
51	21	Lp
51	22	L
51	23	L
51	24	Lp
51	25	Lp
51	26	Lp
51	27	Lp
51	28	Lp
51	29	Lp
51	30	Lp
51	31	-1
51	32	Lp
51	33	Lp
51	34	-1
51	35	Lp
51	36	Lp
51	37	Lp
51	38	Lp
51	39	Lp
51	40	-1
51	41	Lp
51	42	Lp
51	43	L
51	44	L
51	45	L
51	46	Lp
51	47	-1
51	48	Lp
51	49	Lp
51	50	Lp
51	51	Lp
51	52	L
51	53	L
51	54	L
51	55	Lp
51	56	L
51	57	-1
51	58	L
51	59	L
51	60	L
51	61	L
51	62	Lp
51	63	L
51	64	L
51	65	L
51	66	Lp
51	67	Lp
51	68	Lp
51	69	Lp
51	70	-1
51	71	Lp
51	72	Lp
51	73	Lp
51	74	-1
51	75	Lp
51	76	Lp
51	77	Lp
51	78	Lp
51	79	Lp
51	80	Lp
51	81	Lp
51	82	-1
51	83	Lp
51	84	Lp
51	85	Lp
51	86	Lp
51	87	Lp
51	88	Lp
51	89	Lp
51	90	Lp
51	91	Lp
51	92	Lp
51	93	Lp
51	94	Lp
51	95	Lp
51	96	Lp
51	97	Lp
51	98	Lp
51	99	Lp
51	100	-1
51	101	Lp
51	102	Lp
51	103	Lp
51	104	-1
51	105	-1
51	106	Lp
51	107	Lp
51	108	-1
51	109	Lp
51	110	Lp
51	111	-1
51	112	Lp
51	113	-1
51	114	Lp
51	115	Lp
51	116	Lp
51	117	L
51	118	Lp
51	119	Lp
52	0	Lp
52	1	Lp
52	2	L
52	3	-1
52	4	L
52	5	Lp
52	6	L
52	7	-1
52	8	Lp
52	9	Lp
52	10	Lp
52	11	U
52	12	-1
52	13	Lp
52	14	Lp
52	15	Lp
52	16	L
52	17	L
52	18	Lp
52	19	L
52	20	Lp
52	21	-1
52	22	L
52	23	L
52	24	L
52	25	Lp
52	26	Lp
52	27	Lp
52	28	Lp
52	29	Lp
52	30	Lp
52	31	Lp
52	32	Lp
52	33	-1
52	34	Lp
52	35	Lp
52	36	Lp
52	37	Lp
52	38	Lp
52	39	Lp
52	40	Lp
52	41	Lp
52	42	L
52	43	L
52	44	Lp
52	45	L
52	46	L
52	47	U
52	48	L
52	49	L
52	50	Lp
52	51	-1
52	52	Lp
52	53	Lp
52	54	Lp
52	55	-1
52	56	L
52	57	L
52	58	-1
52	59	L
52	60	L
52	61	L
52	62	L
52	63	-1
52	64	L
52	65	L
52	66	-1
52	67	Lp
52	68	Lp
52	69	Lp
52	70	Lp
52	71	Lp
52	72	Lp
52	73	Lp
52	74	-1
52	75	Lp
52	76	Lp
52	77	Lp
52	78	U
52	79	Lp
52	80	Lp
52	81	Lp
52	82	Lp
52	83	Lp
52	84	Lp
52	85	Lp
52	86	Lp
52	87	Lp
52	88	Lp
52	89	Lp
52	90	Lp
52	91	Lp
52	92	Lp
52	93	Lp
52	94	Lp
52	95	Lp
52	96	Lp
52	97	Lp
52	98	Lp
52	99	Lp
52	100	-1
52	101	-1
52	102	-1
52	103	Lp
52	104	Lp
52	105	-1
52	106	Lp
52	107	-1
52	108	Lp
52	109	Lp
52	110	Lp
52	111	-1
52	112	Lp
52	113	Lp
52	114	Lp
52	115	Lp
52	116	Lp
52	117	Lp
52	118	-1
52	119	L
53	0	Lp
53	1	L
53	2	L
53	3	L
53	4	L
53	5	L
53	6	Lp
53	7	Lp
53	8	-1
53	9	-1
53	10	Lp
53	11	-1
53	12	Lp
53	13	Lp
53	14	Lp
53	15	Lp
53	16	L
53	17	-1
53	18	L
53	19	-1
53	20	L
53	21	Lp
53	22	L
53	23	Lp
53	24	-1
53	25	-1
53	26	-1
53	27	Lp
53	28	Lp
53	29	-1
53	30	Lp
53	31	Lp
53	32	Lp
53	33	Lp
53	34	Lp
53	35	-1
53	36	Lp
53	37	Lp
53	38	-1
53	39	Lp
53	40	Lp
53	41	L
53	42	Lp
53	43	L
53	44	L
53	45	Lp
53	46	-1
53	47	L
53	48	U
53	49	L
53	50	L
53	51	L
53	52	L
53	53	Lp
53	54	Lp
53	55	L
53	56	Lp
53	57	L
53	58	L
53	59	-1
53	60	L
53	61	L
53	62	-1
53	63	L
53	64	U
53	65	U
53	66	Lp
53	67	Lp
53	68	Lp
53	69	Lp
53	70	Lp
53	71	Lp
53	72	Lp
53	73	Lp
53	74	-1
53	75	Lp
53	76	Lp
53	77	Lp
53	78	Lp
53	79	-1
53	80	U
53	81	Lp
53	82	Lp
53	83	Lp
53	84	Lp
53	85	Lp
53	86	U
53	87	Lp
53	88	Lp
53	89	Lp
53	90	Lp
53	91	Lp
53	92	Lp
53	93	Lp
53	94	Lp
53	95	-1
53	96	-1
53	97	Lp
53	98	Lp
53	99	Lp
53	100	Lp
53	101	Lp
53	102	Lp
53	103	Lp
53	104	Lp
53	105	Lp
53	106	-1
53	107	Lp
53	108	Lp
53	109	Lp
53	110	Lp
53	111	Lp
53	112	Lp
53	113	Lp
53	114	Lp
53	115	Lp
53	116	Lp
53	117	Lp
53	118	Lp
53	119	-1
54	0	L
54	1	L
54	2	L
54	3	Lp
54	4	-1
54	5	Lp
54	6	-1
54	7	Lp
54	8	Lp
54	9	Lp
54	10	Lp
54	11	Lp
54	12	Lp
54	13	Lp
54	14	Lp
54	15	Lp
54	16	L
54	17	L
54	18	L
54	19	L
54	20	L
54	21	L
54	22	Lp
54	23	-1
54	24	Lp
54	25	Lp
54	26	Lp
54	27	Lp
54	28	Lp
54	29	Lp
54	30	Lp
54	31	Lp
54	32	Lp
54	33	Lp
54	34	-1
54	35	Lp
54	36	Lp
54	37	Lp
54	38	Lp
54	39	-1
54	40	Lp
54	41	Lp
54	42	L
54	43	L
54	44	Lp
54	45	L
54	46	-1
54	47	L
54	48	U
54	49	L
54	50	-1
54	51	-1
54	52	-1
54	53	L
54	54	Lp
54	55	Lp
54	56	Lp
54	57	-1
54	58	-1
54	59	L
54	60	-1
54	61	L
54	62	Lp
54	63	Lp
54	64	U
54	65	L
54	66	Lp
54	67	Lp
54	68	Lp
54	69	Lp
54	70	Lp
54	71	Lp
54	72	-1
54	73	-1
54	74	Lp
54	75	Lp
54	76	Lp
54	77	Lp
54	78	Lp
54	79	-1
54	80	Lp
54	81	-1
54	82	Lp
54	83	Lp
54	84	U
54	85	Lp
54	86	U
54	87	Lp
54	88	Lp
54	89	Lp
54	90	Lp
54	91	Lp
54	92	Lp
54	93	Lp
54	94	Lp
54	95	Lp
54	96	Lp
54	97	Lp
54	98	Lp
54	99	Lp
54	100	Lp
54	101	Lp
54	102	Lp
54	103	Lp
54	104	Lp
54	105	Lp
54	106	Lp
54	107	-1
54	108	-1
54	109	Lp
54	110	Lp
54	111	Lp
54	112	L
54	113	Lp
54	114	Lp
54	115	Lp
54	116	Lp
54	117	Lp
54	118	L
54	119	L
55	0	L
55	1	L
55	2	Lp
55	3	Lp
55	4	-1
55	5	Lp
55	6	Lp
55	7	Lp
55	8	Lp
55	9	-1
55	10	Lp
55	11	Lp
55	12	Lp
55	13	Lp
55	14	-1
55	15	Lp
55	16	Lp
55	17	L
55	18	L
55	19	L
55	20	L
55	21	-1
55	22	Lp
55	23	Lp
55	24	Lp
55	25	Lp
55	26	Lp
55	27	Lp
55	28	Lp
55	29	Lp
55	30	Lp
55	31	Lp
55	32	Lp
55	33	Lp
55	34	Lp
55	35	-1
55	36	Lp
55	37	-1
55	38	-1
55	39	-1
55	40	Lp
55	41	Lp
55	42	-1
55	43	L
55	44	-1
55	45	Lp
55	46	Lp
55	47	L
55	48	L
55	49	L
55	50	-1
55	51	L
55	52	L
55	53	L
55	54	-1
55	55	L
55	56	Lp
55	57	Lp
55	58	Lp
55	59	L
55	60	Lp
55	61	Lp
55	62	Lp
55	63	Lp
55	64	U
55	65	Lp
55	66	L
55	67	Lp
55	68	-1
55	69	Lp
55	70	-1
55	71	Lp
55	72	Lp
55	73	Lp
55	74	Lp
55	75	Lp
55	76	-1
55	77	Lp
55	78	Lp
55	79	L
55	80	Lp
55	81	Lp
55	82	Lp
55	83	Lp
55	84	Lp
55	85	Lp
55	86	Lp
55	87	Lp
55	88	Lp
55	89	Lp
55	90	Lp
55	91	Lp
55	92	Lp
55	93	-1
55	94	-1
55	95	Lp
55	96	Lp
55	97	Lp
55	98	U
55	99	Lp
55	100	Lp
55	101	Lp
55	102	Lp
55	103	Lp
55	104	Lp
55	105	Lp
55	106	L
55	107	Lp
55	108	Lp
55	109	-1
55	110	Lp
55	111	Lp
55	112	Lp
55	113	L
55	114	L
55	115	L
55	116	Lp
55	117	Lp
55	118	L
55	119	L
56	0	Lp
56	1	Lp
56	2	Lp
56	3	Lp
56	4	Lp
56	5	-1
56	6	Lp
56	7	Lp
56	8	Lp
56	9	Lp
56	10	Lp
56	11	Lp
56	12	Lp
56	13	Lp
56	14	-1
56	15	Lp
56	16	Lp
56	17	Lp
56	18	L
56	19	L
56	20	-1
56	21	-1
56	22	-1
56	23	Lp
56	24	Lp
56	25	Lp
56	26	-1
56	27	Lp
56	28	-1
56	29	Lp
56	30	Lp
56	31	Lp
56	32	Lp
56	33	Lp
56	34	Lp
56	35	Lp
56	36	Lp
56	37	Lp
56	38	Lp
56	39	-1
56	40	-1
56	41	-1
56	42	Lp
56	43	L
56	44	L
56	45	Lp
56	46	Lp
56	47	L
56	48	L
56	49	L
56	50	L
56	51	L
56	52	L
56	53	L
56	54	L
56	55	L
56	56	Lp
56	57	Lp
56	58	Lp
56	59	L
56	60	Lp
56	61	-1
56	62	Lp
56	63	Lp
56	64	Lp
56	65	Lp
56	66	-1
56	67	Lp
56	68	-1
56	69	Lp
56	70	Lp
56	71	Lp
56	72	Lp
56	73	-1
56	74	-1
56	75	Lp
56	76	-1
56	77	Lp
56	78	Lp
56	79	Lp
56	80	L
56	81	Lp
56	82	Lp
56	83	Lp
56	84	-1
56	85	Lp
56	86	Lp
56	87	Lp
56	88	Lp
56	89	Lp
56	90	Lp
56	91	Lp
56	92	Lp
56	93	-1
56	94	Lp
56	95	Lp
56	96	Lp
56	97	U
56	98	Lp
56	99	U
56	100	-1
56	101	Lp
56	102	-1
56	103	L
56	104	L
56	105	L
56	106	Lp
56	107	L
56	108	Lp
56	109	Lp
56	110	Lp
56	111	Lp
56	112	Lp
56	113	L
56	114	L
56	115	Lp
56	116	Lp
56	117	Lp
56	118	L
56	119	Lp
57	0	Lp
57	1	Lp
57	2	Lp
57	3	Lp
57	4	-1
57	5	-1
57	6	Lp
57	7	Lp
57	8	Lp
57	9	Lp
57	10	Lp
57	11	Lp
57	12	Lp
57	13	Lp
57	14	Lp
57	15	Lp
57	16	Lp
57	17	Lp
57	18	L
57	19	L
57	20	L
57	21	L
57	22	Lp
57	23	-1
57	24	Lp
57	25	-1
57	26	-1
57	27	Lp
57	28	Lp
57	29	Lp
57	30	Lp
57	31	-1
57	32	Lp
57	33	-1
57	34	Lp
57	35	Lp
57	36	Lp
57	37	Lp
57	38	Lp
57	39	Lp
57	40	Lp
57	41	-1
57	42	Lp
57	43	Lp
57	44	-1
57	45	L
57	46	-1
57	47	-1
57	48	L
57	49	-1
57	50	L
57	51	Lp
57	52	-1
57	53	L
57	54	-1
57	55	L
57	56	L
57	57	L
57	58	Lp
57	59	L
57	60	-1
57	61	Lp
57	62	L
57	63	U
57	64	U
57	65	Lp
57	66	Lp
57	67	Lp
57	68	L
57	69	Lp
57	70	L
57	71	L
57	72	U
57	73	L
57	74	Lp
57	75	Lp
57	76	L
57	77	L
57	78	Lp
57	79	Lp
57	80	L
57	81	Lp
57	82	Lp
57	83	-1
57	84	Lp
57	85	Lp
57	86	Lp
57	87	-1
57	88	Lp
57	89	Lp
57	90	Lp
57	91	Lp
57	92	Lp
57	93	Lp
57	94	Lp
57	95	Lp
57	96	Lp
57	97	-1
57	98	Lp
57	99	Lp
57	100	Lp
57	101	Lp
57	102	-1
57	103	L
57	104	Lp
57	105	Lp
57	106	L
57	107	Lp
57	108	Lp
57	109	Lp
57	110	-1
57	111	Lp
57	112	Lp
57	113	-1
57	114	L
57	115	Lp
57	116	Lp
57	117	Lp
57	118	-1
57	119	-1
58	0	L
58	1	Lp
58	2	Lp
58	3	Lp
58	4	-1
58	5	Lp
58	6	Lp
58	7	Lp
58	8	-1
58	9	Lp
58	10	Lp
58	11	Lp
58	12	Lp
58	13	Lp
58	14	Lp
58	15	Lp
58	16	L
58	17	L
58	18	L
58	19	L
58	20	L
58	21	L
58	22	Lp
58	23	Lp
58	24	Lp
58	25	Lp
58	26	Lp
58	27	Lp
58	28	Lp
58	29	Lp
58	30	-1
58	31	-1
58	32	-1
58	33	Lp
58	34	Lp
58	35	Lp
58	36	Lp
58	37	Lp
58	38	Lp
58	39	-1
58	40	Lp
58	41	-1
58	42	Lp
58	43	Lp
58	44	Lp
58	45	Lp
58	46	Lp
58	47	-1
58	48	-1
58	49	L
58	50	L
58	51	-1
58	52	Lp
58	53	-1
58	54	-1
58	55	L
58	56	L
58	57	Lp
58	58	Lp
58	59	L
58	60	-1
58	61	L
58	62	L
58	63	Lp
58	64	U
58	65	-1
58	66	L
58	67	-1
58	68	L
58	69	L
58	70	Lp
58	71	L
58	72	Lp
58	73	U
58	74	Lp
58	75	Lp
58	76	L
58	77	L
58	78	Lp
58	79	Lp
58	80	L
58	81	Lp
58	82	Lp
58	83	Lp
58	84	Lp
58	85	Lp
58	86	-1
58	87	Lp
58	88	Lp
58	89	Lp
58	90	-1
58	91	Lp
58	92	Lp
58	93	Lp
58	94	Lp
58	95	Lp
58	96	Lp
58	97	Lp
58	98	Lp
58	99	Lp
58	100	Lp
58	101	Lp
58	102	Lp
58	103	L
58	104	-1
58	105	L
58	106	Lp
58	107	Lp
58	108	-1
58	109	Lp
58	110	Lp
58	111	Lp
58	112	Lp
58	113	Lp
58	114	Lp
58	115	Lp
58	116	Lp
58	117	Lp
58	118	Lp
58	119	-1
59	0	-1
59	1	L
59	2	-1
59	3	Lp
59	4	Lp
59	5	Lp
59	6	-1
59	7	Lp
59	8	Lp
59	9	Lp
59	10	Lp
59	11	Lp
59	12	Lp
59	13	Lp
59	14	-1
59	15	L
59	16	Lp
59	17	L
59	18	L
59	19	L
59	20	L
59	21	L
59	22	Lp
59	23	Lp
59	24	Lp
59	25	-1
59	26	Lp
59	27	-1
59	28	Lp
59	29	Lp
59	30	Lp
59	31	Lp
59	32	Lp
59	33	Lp
59	34	Lp
59	35	Lp
59	36	Lp
59	37	Lp
59	38	Lp
59	39	-1
59	40	Lp
59	41	Lp
59	42	Lp
59	43	Lp
59	44	Lp
59	45	-1
59	46	Lp
59	47	Lp
59	48	-1
59	49	-1
59	50	L
59	51	L
59	52	Lp
59	53	Lp
59	54	-1
59	55	Lp
59	56	Lp
59	57	Lp
59	58	L
59	59	L
59	60	L
59	61	-1
59	62	L
59	63	L
59	64	-1
59	65	-1
59	66	L
59	67	-1
59	68	Lp
59	69	L
59	70	Lp
59	71	Lp
59	72	L
59	73	Lp
59	74	L
59	75	-1
59	76	L
59	77	L
59	78	-1
59	79	L
59	80	L
59	81	L
59	82	Lp
59	83	Lp
59	84	Lp
59	85	Lp
59	86	Lp
59	87	Lp
59	88	Lp
59	89	Lp
59	90	Lp
59	91	-1
59	92	Lp
59	93	Lp
59	94	-1
59	95	Lp
59	96	Lp
59	97	Lp
59	98	Lp
59	99	Lp
59	100	Lp
59	101	Lp
59	102	L
59	103	L
59	104	-1
59	105	L
59	106	Lp
59	107	Lp
59	108	Lp
59	109	Lp
59	110	Lp
59	111	Lp
59	112	Lp
59	113	Lp
59	114	Lp
59	115	Lp
59	116	Lp
59	117	U
59	118	U
59	119	L
60	0	-1
60	1	L
60	2	U
60	3	-1
60	4	L
60	5	-1
60	6	Lp
60	7	Lp
60	8	Lp
60	9	Lp
60	10	Lp
60	11	Lp
60	12	Lp
60	13	Lp
60	14	Lp
60	15	Lp
60	16	Lp
60	17	Lp
60	18	L
60	19	L
60	20	L
60	21	L
60	22	L
60	23	L
60	24	L
60	25	L
60	26	L
60	27	L
60	28	Lp
60	29	Lp
60	30	-1
60	31	Lp
60	32	Lp
60	33	Lp
60	34	Lp
60	35	Lp
60	36	Lp
60	37	Lp
60	38	-1
60	39	Lp
60	40	Lp
60	41	Lp
60	42	Lp
60	43	Lp
60	44	-1
60	45	Lp
60	46	Lp
60	47	-1
60	48	-1
60	49	L
60	50	L
60	51	L
60	52	Lp
60	53	L
60	54	Lp
60	55	Lp
60	56	Lp
60	57	Lp
60	58	Lp
60	59	Lp
60	60	L
60	61	L
60	62	L
60	63	-1
60	64	Lp
60	65	L
60	66	L
60	67	L
60	68	Lp
60	69	Lp
60	70	L
60	71	L
60	72	Lp
60	73	L
60	74	L
60	75	L
60	76	-1
60	77	L
60	78	L
60	79	L
60	80	-1
60	81	L
60	82	L
60	83	Lp
60	84	Lp
60	85	Lp
60	86	Lp
60	87	Lp
60	88	Lp
60	89	Lp
60	90	Lp
60	91	-1
60	92	Lp
60	93	-1
60	94	-1
60	95	Lp
60	96	L
60	97	Lp
60	98	Lp
60	99	Lp
60	100	-1
60	101	L
60	102	L
60	103	L
60	104	L
60	105	-1
60	106	Lp
60	107	Lp
60	108	Lp
60	109	Lp
60	110	Lp
60	111	Lp
60	112	Lp
60	113	Lp
60	114	-1
60	115	Lp
60	116	-1
60	117	-1
60	118	L
60	119	L
61	0	L
61	1	U
61	2	-1
61	3	-1
61	4	Lp
61	5	Lp
61	6	Lp
61	7	-1
61	8	Lp
61	9	-1
61	10	Lp
61	11	Lp
61	12	Lp
61	13	Lp
61	14	Lp
61	15	Lp
61	16	Lp
61	17	-1
61	18	-1
61	19	-1
61	20	L
61	21	L
61	22	L
61	23	L
61	24	L
61	25	L
61	26	L
61	27	Lp
61	28	Lp
61	29	Lp
61	30	Lp
61	31	Lp
61	32	Lp
61	33	Lp
61	34	Lp
61	35	Lp
61	36	Lp
61	37	Lp
61	38	-1
61	39	Lp
61	40	Lp
61	41	-1
61	42	Lp
61	43	-1
61	44	Lp
61	45	Lp
61	46	-1
61	47	-1
61	48	L
61	49	Lp
61	50	-1
61	51	L
61	52	L
61	53	Lp
61	54	Lp
61	55	Lp
61	56	-1
61	57	Lp
61	58	Lp
61	59	L
61	60	L
61	61	Lp
61	62	L
61	63	Lp
61	64	Lp
61	65	L
61	66	-1
61	67	L
61	68	-1
61	69	Lp
61	70	Lp
61	71	L
61	72	Lp
61	73	-1
61	74	L
61	75	-1
61	76	L
61	77	L
61	78	-1
61	79	L
61	80	L
61	81	L
61	82	L
61	83	Lp
61	84	Lp
61	85	Lp
61	86	Lp
61	87	-1
61	88	Lp
61	89	Lp
61	90	-1
61	91	-1
61	92	-1
61	93	Lp
61	94	Lp
61	95	L
61	96	Lp
61	97	Lp
61	98	Lp
61	99	L
61	100	L
61	101	L
61	102	-1
61	103	L
61	104	-1
61	105	-1
61	106	Lp
61	107	Lp
61	108	Lp
61	109	Lp
61	110	Lp
61	111	Lp
61	112	Lp
61	113	Lp
61	114	-1
61	115	Lp
61	116	Lp
61	117	-1
61	118	Lp
61	119	L
62	0	-1
62	1	Lp
62	2	Lp
62	3	Lp
62	4	Lp
62	5	Lp
62	6	Lp
62	7	Lp
62	8	Lp
62	9	-1
62	10	-1
62	11	-1
62	12	Lp
62	13	Lp
62	14	Lp
62	15	Lp
62	16	L
62	17	-1
62	18	-1
62	19	-1
62	20	-1
62	21	-1
62	22	L
62	23	L
62	24	Lp
62	25	Lp
62	26	-1
62	27	L
62	28	Lp
62	29	U
62	30	Lp
62	31	Lp
62	32	Lp
62	33	Lp
62	34	Lp
62	35	Lp
62	36	Lp
62	37	Lp
62	38	Lp
62	39	Lp
62	40	Lp
62	41	Lp
62	42	Lp
62	43	Lp
62	44	Lp
62	45	Lp
62	46	Lp
62	47	-1
62	48	L
62	49	Lp
62	50	Lp
62	51	-1
62	52	L
62	53	-1
62	54	L
62	55	L
62	56	L
62	57	Lp
62	58	Lp
62	59	L
62	60	Lp
62	61	L
62	62	Lp
62	63	Lp
62	64	Lp
62	65	Lp
62	66	-1
62	67	-1
62	68	L
62	69	Lp
62	70	Lp
62	71	Lp
62	72	-1
62	73	L
62	74	-1
62	75	L
62	76	-1
62	77	L
62	78	-1
62	79	L
62	80	L
62	81	L
62	82	Lp
62	83	L
62	84	L
62	85	Lp
62	86	Lp
62	87	-1
62	88	L
62	89	Lp
62	90	-1
62	91	-1
62	92	-1
62	93	-1
62	94	-1
62	95	-1
62	96	Lp
62	97	Lp
62	98	Lp
62	99	-1
62	100	L
62	101	Lp
62	102	L
62	103	L
62	104	L
62	105	L
62	106	-1
62	107	L
62	108	Lp
62	109	Lp
62	110	Lp
62	111	Lp
62	112	-1
62	113	Lp
62	114	Lp
62	115	Lp
62	116	Lp
62	117	Lp
62	118	-1
62	119	Lp
63	0	-1
63	1	Lp
63	2	Lp
63	3	Lp
63	4	Lp
63	5	Lp
63	6	Lp
63	7	-1
63	8	-1
63	9	Lp
63	10	-1
63	11	-1
63	12	Lp
63	13	-1
63	14	Lp
63	15	Lp
63	16	-1
63	17	Lp
63	18	-1
63	19	L
63	20	-1
63	21	Lp
63	22	-1
63	23	Lp
63	24	Lp
63	25	Lp
63	26	L
63	27	Lp
63	28	Lp
63	29	Lp
63	30	Lp
63	31	Lp
63	32	Lp
63	33	Lp
63	34	-1
63	35	Lp
63	36	Lp
63	37	Lp
63	38	Lp
63	39	Lp
63	40	Lp
63	41	Lp
63	42	Lp
63	43	Lp
63	44	Lp
63	45	Lp
63	46	Lp
63	47	Lp
63	48	Lp
63	49	Lp
63	50	Lp
63	51	Lp
63	52	Lp
63	53	Lp
63	54	L
63	55	L
63	56	L
63	57	Lp
63	58	Lp
63	59	L
63	60	Lp
63	61	Lp
63	62	-1
63	63	L
63	64	Lp
63	65	Lp
63	66	Lp
63	67	L
63	68	L
63	69	-1
63	70	L
63	71	-1
63	72	L
63	73	-1
63	74	L
63	75	L
63	76	L
63	77	L
63	78	-1
63	79	-1
63	80	L
63	81	L
63	82	L
63	83	L
63	84	L
63	85	Lp
63	86	L
63	87	Lp
63	88	L
63	89	Lp
63	90	L
63	91	L
63	92	Lp
63	93	L
63	94	Lp
63	95	Lp
63	96	Lp
63	97	Lp
63	98	L
63	99	-1
63	100	L
63	101	L
63	102	Lp
63	103	L
63	104	Lp
63	105	L
63	106	Lp
63	107	Lp
63	108	Lp
63	109	Lp
63	110	Lp
63	111	Lp
63	112	Lp
63	113	Lp
63	114	Lp
63	115	Lp
63	116	Lp
63	117	Lp
63	118	Lp
63	119	-1
64	0	Lp
64	1	Lp
64	2	Lp
64	3	Lp
64	4	Lp
64	5	Lp
64	6	Lp
64	7	Lp
64	8	Lp
64	9	Lp
64	10	-1
64	11	Lp
64	12	Lp
64	13	Lp
64	14	-1
64	15	Lp
64	16	Lp
64	17	Lp
64	18	-1
64	19	L
64	20	-1
64	21	Lp
64	22	Lp
64	23	L
64	24	Lp
64	25	L
64	26	Lp
64	27	L
64	28	Lp
64	29	Lp
64	30	Lp
64	31	Lp
64	32	Lp
64	33	Lp
64	34	Lp
64	35	Lp
64	36	Lp
64	37	-1
64	38	Lp
64	39	Lp
64	40	Lp
64	41	Lp
64	42	Lp
64	43	Lp
64	44	Lp
64	45	Lp
64	46	L
64	47	Lp
64	48	-1
64	49	-1
64	50	Lp
64	51	Lp
64	52	Lp
64	53	L
64	54	L
64	55	Lp
64	56	Lp
64	57	Lp
64	58	Lp
64	59	Lp
64	60	Lp
64	61	Lp
64	62	Lp
64	63	L
64	64	L
64	65	L
64	66	L
64	67	L
64	68	L
64	69	L
64	70	L
64	71	L
64	72	L
64	73	L
64	74	L
64	75	L
64	76	L
64	77	L
64	78	L
64	79	-1
64	80	L
64	81	L
64	82	L
64	83	-1
64	84	L
64	85	L
64	86	Lp
64	87	L
64	88	L
64	89	Lp
64	90	-1
64	91	-1
64	92	L
64	93	Lp
64	94	-1
64	95	Lp
64	96	L
64	97	L
64	98	L
64	99	L
64	100	Lp
64	101	Lp
64	102	Lp
64	103	Lp
64	104	-1
64	105	Lp
64	106	Lp
64	107	Lp
64	108	Lp
64	109	Lp
64	110	Lp
64	111	Lp
64	112	Lp
64	113	Lp
64	114	Lp
64	115	-1
64	116	Lp
64	117	Lp
64	118	Lp
64	119	Lp
65	0	Lp
65	1	-1
65	2	-1
65	3	Lp
65	4	-1
65	5	Lp
65	6	Lp
65	7	Lp
65	8	Lp
65	9	Lp
65	10	Lp
65	11	Lp
65	12	Lp
65	13	Lp
65	14	-1
65	15	Lp
65	16	Lp
65	17	Lp
65	18	Lp
65	19	L
65	20	L
65	21	Lp
65	22	-1
65	23	-1
65	24	L
65	25	Lp
65	26	-1
65	27	Lp
65	28	-1
65	29	Lp
65	30	Lp
65	31	Lp
65	32	Lp
65	33	-1
65	34	-1
65	35	Lp
65	36	Lp
65	37	Lp
65	38	Lp
65	39	Lp
65	40	Lp
65	41	Lp
65	42	Lp
65	43	Lp
65	44	-1
65	45	-1
65	46	Lp
65	47	Lp
65	48	Lp
65	49	Lp
65	50	-1
65	51	Lp
65	52	-1
65	53	Lp
65	54	L
65	55	Lp
65	56	Lp
65	57	Lp
65	58	Lp
65	59	Lp
65	60	Lp
65	61	Lp
65	62	Lp
65	63	Lp
65	64	L
65	65	L
65	66	L
65	67	-1
65	68	L
65	69	L
65	70	L
65	71	L
65	72	L
65	73	-1
65	74	-1
65	75	L
65	76	-1
65	77	L
65	78	-1
65	79	L
65	80	L
65	81	-1
65	82	L
65	83	-1
65	84	L
65	85	L
65	86	L
65	87	Lp
65	88	Lp
65	89	L
65	90	-1
65	91	-1
65	92	Lp
65	93	Lp
65	94	-1
65	95	Lp
65	96	Lp
65	97	Lp
65	98	Lp
65	99	-1
65	100	Lp
65	101	-1
65	102	Lp
65	103	-1
65	104	Lp
65	105	Lp
65	106	L
65	107	Lp
65	108	L
65	109	Lp
65	110	Lp
65	111	Lp
65	112	Lp
65	113	Lp
65	114	Lp
65	115	Lp
65	116	Lp
65	117	Lp
65	118	Lp
65	119	Lp
66	0	L
66	1	L
66	2	L
66	3	-1
66	4	Lp
66	5	Lp
66	6	Lp
66	7	Lp
66	8	Lp
66	9	-1
66	10	-1
66	11	Lp
66	12	Lp
66	13	Lp
66	14	Lp
66	15	Lp
66	16	Lp
66	17	Lp
66	18	-1
66	19	Lp
66	20	Lp
66	21	-1
66	22	Lp
66	23	L
66	24	-1
66	25	Lp
66	26	-1
66	27	Lp
66	28	Lp
66	29	Lp
66	30	Lp
66	31	Lp
66	32	-1
66	33	-1
66	34	-1
66	35	Lp
66	36	Lp
66	37	Lp
66	38	Lp
66	39	-1
66	40	Lp
66	41	U
66	42	-1
66	43	Lp
66	44	Lp
66	45	Lp
66	46	Lp
66	47	Lp
66	48	Lp
66	49	Lp
66	50	L
66	51	L
66	52	L
66	53	L
66	54	L
66	55	Lp
66	56	Lp
66	57	Lp
66	58	Lp
66	59	-1
66	60	Lp
66	61	L
66	62	L
66	63	L
66	64	L
66	65	L
66	66	L
66	67	L
66	68	L
66	69	L
66	70	L
66	71	U
66	72	-1
66	73	L
66	74	L
66	75	-1
66	76	L
66	77	L
66	78	L
66	79	L
66	80	L
66	81	L
66	82	L
66	83	L
66	84	L
66	85	L
66	86	L
66	87	Lp
66	88	L
66	89	-1
66	90	Lp
66	91	Lp
66	92	Lp
66	93	-1
66	94	Lp
66	95	-1
66	96	Lp
66	97	Lp
66	98	Lp
66	99	Lp
66	100	Lp
66	101	Lp
66	102	Lp
66	103	L
66	104	Lp
66	105	-1
66	106	L
66	107	L
66	108	L
66	109	L
66	110	Lp
66	111	Lp
66	112	Lp
66	113	Lp
66	114	Lp
66	115	Lp
66	116	Lp
66	117	Lp
66	118	Lp
66	119	Lp
67	0	-1
67	1	Lp
67	2	U
67	3	U
67	4	Lp
67	5	Lp
67	6	Lp
67	7	Lp
67	8	-1
67	9	Lp
67	10	-1
67	11	-1
67	12	Lp
67	13	Lp
67	14	Lp
67	15	Lp
67	16	Lp
67	17	-1
67	18	Lp
67	19	Lp
67	20	Lp
67	21	Lp
67	22	-1
67	23	L
67	24	-1
67	25	L
67	26	Lp
67	27	Lp
67	28	Lp
67	29	Lp
67	30	Lp
67	31	Lp
67	32	Lp
67	33	Lp
67	34	Lp
67	35	Lp
67	36	Lp
67	37	Lp
67	38	Lp
67	39	Lp
67	40	-1
67	41	-1
67	42	U
67	43	Lp
67	44	Lp
67	45	Lp
67	46	-1
67	47	-1
67	48	Lp
67	49	Lp
67	50	Lp
67	51	Lp
67	52	L
67	53	L
67	54	Lp
67	55	Lp
67	56	Lp
67	57	Lp
67	58	Lp
67	59	L
67	60	L
67	61	L
67	62	L
67	63	-1
67	64	L
67	65	L
67	66	L
67	67	L
67	68	U
67	69	U
67	70	L
67	71	U
67	72	-1
67	73	L
67	74	-1
67	75	L
67	76	-1
67	77	L
67	78	L
67	79	L
67	80	L
67	81	L
67	82	L
67	83	L
67	84	L
67	85	L
67	86	-1
67	87	L
67	88	U
67	89	L
67	90	Lp
67	91	Lp
67	92	Lp
67	93	L
67	94	L
67	95	-1
67	96	L
67	97	L
67	98	-1
67	99	U
67	100	Lp
67	101	Lp
67	102	Lp
67	103	Lp
67	104	Lp
67	105	-1
67	106	Lp
67	107	Lp
67	108	Lp
67	109	-1
67	110	Lp
67	111	Lp
67	112	Lp
67	113	Lp
67	114	Lp
67	115	Lp
67	116	Lp
67	117	Lp
67	118	Lp
67	119	-1
68	0	Lp
68	1	U
68	2	-1
68	3	U
68	4	U
68	5	U
68	6	Lp
68	7	-1
68	8	Lp
68	9	Lp
68	10	Lp
68	11	Lp
68	12	-1
68	13	-1
68	14	Lp
68	15	Lp
68	16	Lp
68	17	-1
68	18	Lp
68	19	Lp
68	20	Lp
68	21	Lp
68	22	Lp
68	23	L
68	24	L
68	25	Lp
68	26	Lp
68	27	Lp
68	28	Lp
68	29	Lp
68	30	-1
68	31	Lp
68	32	Lp
68	33	Lp
68	34	Lp
68	35	Lp
68	36	-1
68	37	Lp
68	38	Lp
68	39	Lp
68	40	Lp
68	41	Lp
68	42	Lp
68	43	Lp
68	44	-1
68	45	Lp
68	46	Lp
68	47	Lp
68	48	Lp
68	49	Lp
68	50	Lp
68	51	Lp
68	52	-1
68	53	Lp
68	54	-1
68	55	-1
68	56	Lp
68	57	Lp
68	58	Lp
68	59	L
68	60	Lp
68	61	-1
68	62	-1
68	63	L
68	64	L
68	65	L
68	66	L
68	67	-1
68	68	-1
68	69	-1
68	70	-1
68	71	L
68	72	L
68	73	-1
68	74	L
68	75	L
68	76	L
68	77	L
68	78	L
68	79	L
68	80	L
68	81	L
68	82	L
68	83	L
68	84	L
68	85	-1
68	86	L
68	87	Lp
68	88	Lp
68	89	L
68	90	Lp
68	91	L
68	92	Lp
68	93	L
68	94	L
68	95	L
68	96	L
68	97	L
68	98	Lp
68	99	Lp
68	100	-1
68	101	Lp
68	102	U
68	103	-1
68	104	Lp
68	105	Lp
68	106	Lp
68	107	Lp
68	108	Lp
68	109	-1
68	110	Lp
68	111	Lp
68	112	Lp
68	113	Lp
68	114	Lp
68	115	Lp
68	116	-1
68	117	Lp
68	118	L
68	119	-1
69	0	-1
69	1	-1
69	2	U
69	3	U
69	4	U
69	5	U
69	6	-1
69	7	-1
69	8	Lp
69	9	Lp
69	10	-1
69	11	Lp
69	12	Lp
69	13	Lp
69	14	Lp
69	15	Lp
69	16	Lp
69	17	Lp
69	18	Lp
69	19	Lp
69	20	Lp
69	21	Lp
69	22	-1
69	23	L
69	24	-1
69	25	Lp
69	26	Lp
69	27	Lp
69	28	Lp
69	29	Lp
69	30	Lp
69	31	Lp
69	32	Lp
69	33	Lp
69	34	Lp
69	35	Lp
69	36	Lp
69	37	-1
69	38	Lp
69	39	Lp
69	40	Lp
69	41	-1
69	42	Lp
69	43	Lp
69	44	Lp
69	45	-1
69	46	Lp
69	47	-1
69	48	Lp
69	49	Lp
69	50	Lp
69	51	Lp
69	52	-1
69	53	L
69	54	L
69	55	Lp
69	56	Lp
69	57	Lp
69	58	L
69	59	-1
69	60	L
69	61	L
69	62	L
69	63	L
69	64	L
69	65	L
69	66	L
69	67	L
69	68	L
69	69	-1
69	70	Lp
69	71	L
69	72	L
69	73	L
69	74	L
69	75	L
69	76	Lp
69	77	L
69	78	-1
69	79	L
69	80	L
69	81	L
69	82	-1
69	83	-1
69	84	L
69	85	L
69	86	L
69	87	Lp
69	88	-1
69	89	Lp
69	90	Lp
69	91	Lp
69	92	L
69	93	L
69	94	L
69	95	L
69	96	L
69	97	L
69	98	L
69	99	L
69	100	Lp
69	101	U
69	102	U
69	103	Lp
69	104	Lp
69	105	Lp
69	106	Lp
69	107	Lp
69	108	Lp
69	109	Lp
69	110	Lp
69	111	-1
69	112	Lp
69	113	Lp
69	114	Lp
69	115	-1
69	116	Lp
69	117	L
69	118	L
69	119	L
70	0	-1
70	1	-1
70	2	U
70	3	Lp
70	4	U
70	5	Lp
70	6	Lp
70	7	Lp
70	8	Lp
70	9	Lp
70	10	Lp
70	11	Lp
70	12	Lp
70	13	Lp
70	14	Lp
70	15	Lp
70	16	Lp
70	17	-1
70	18	-1
70	19	Lp
70	20	-1
70	21	Lp
70	22	Lp
70	23	-1
70	24	Lp
70	25	Lp
70	26	Lp
70	27	Lp
70	28	Lp
70	29	Lp
70	30	Lp
70	31	Lp
70	32	Lp
70	33	-1
70	34	Lp
70	35	-1
70	36	Lp
70	37	Lp
70	38	Lp
70	39	Lp
70	40	Lp
70	41	Lp
70	42	-1
70	43	Lp
70	44	Lp
70	45	Lp
70	46	Lp
70	47	-1
70	48	Lp
70	49	-1
70	50	-1
70	51	Lp
70	52	Lp
70	53	U
70	54	L
70	55	U
70	56	Lp
70	57	Lp
70	58	Lp
70	59	-1
70	60	L
70	61	Lp
70	62	L
70	63	L
70	64	-1
70	65	L
70	66	Lp
70	67	L
70	68	-1
70	69	L
70	70	L
70	71	L
70	72	L
70	73	Lp
70	74	L
70	75	Lp
70	76	-1
70	77	L
70	78	L
70	79	Lp
70	80	L
70	81	Lp
70	82	-1
70	83	L
70	84	L
70	85	L
70	86	-1
70	87	L
70	88	Lp
70	89	Lp
70	90	Lp
70	91	Lp
70	92	L
70	93	L
70	94	L
70	95	L
70	96	L
70	97	Lp
70	98	Lp
70	99	U
70	100	U
70	101	-1
70	102	U
70	103	Lp
70	104	Lp
70	105	Lp
70	106	Lp
70	107	Lp
70	108	Lp
70	109	Lp
70	110	Lp
70	111	Lp
70	112	Lp
70	113	Lp
70	114	-1
70	115	Lp
70	116	Lp
70	117	L
70	118	L
70	119	L
71	0	L
71	1	L
71	2	Lp
71	3	U
71	4	-1
71	5	Lp
71	6	L
71	7	L
71	8	Lp
71	9	Lp
71	10	L
71	11	Lp
71	12	Lp
71	13	Lp
71	14	Lp
71	15	Lp
71	16	Lp
71	17	Lp
71	18	Lp
71	19	Lp
71	20	-1
71	21	Lp
71	22	Lp
71	23	Lp
71	24	Lp
71	25	Lp
71	26	Lp
71	27	Lp
71	28	Lp
71	29	Lp
71	30	-1
71	31	-1
71	32	-1
71	33	-1
71	34	Lp
71	35	Lp
71	36	Lp
71	37	-1
71	38	Lp
71	39	Lp
71	40	Lp
71	41	Lp
71	42	-1
71	43	Lp
71	44	Lp
71	45	Lp
71	46	-1
71	47	Lp
71	48	Lp
71	49	-1
71	50	Lp
71	51	Lp
71	52	Lp
71	53	Lp
71	54	L
71	55	L
71	56	Lp
71	57	Lp
71	58	Lp
71	59	Lp
71	60	Lp
71	61	Lp
71	62	L
71	63	L
71	64	Lp
71	65	Lp
71	66	-1
71	67	Lp
71	68	Lp
71	69	L
71	70	L
71	71	L
71	72	Lp
71	73	Lp
71	74	-1
71	75	L
71	76	L
71	77	L
71	78	L
71	79	L
71	80	Lp
71	81	Lp
71	82	Lp
71	83	Lp
71	84	Lp
71	85	L
71	86	-1
71	87	Lp
71	88	Lp
71	89	Lp
71	90	-1
71	91	Lp
71	92	L
71	93	-1
71	94	-1
71	95	L
71	96	L
71	97	-1
71	98	Lp
71	99	U
71	100	Lp
71	101	Lp
71	102	U
71	103	-1
71	104	Lp
71	105	Lp
71	106	Lp
71	107	Lp
71	108	Lp
71	109	Lp
71	110	-1
71	111	-1
71	112	-1
71	113	Lp
71	114	Lp
71	115	Lp
71	116	L
71	117	L
71	118	L
71	119	L
72	0	L
72	1	L
72	2	Lp
72	3	Lp
72	4	Lp
72	5	Lp
72	6	-1
72	7	Lp
72	8	-1
72	9	L
72	10	L
72	11	L
72	12	Lp
72	13	-1
72	14	Lp
72	15	Lp
72	16	Lp
72	17	Lp
72	18	Lp
72	19	-1
72	20	-1
72	21	U
72	22	Lp
72	23	Lp
72	24	Lp
72	25	Lp
72	26	Lp
72	27	Lp
72	28	Lp
72	29	Lp
72	30	Lp
72	31	Lp
72	32	Lp
72	33	-1
72	34	Lp
72	35	Lp
72	36	Lp
72	37	Lp
72	38	Lp
72	39	-1
72	40	Lp
72	41	-1
72	42	-1
72	43	Lp
72	44	Lp
72	45	Lp
72	46	Lp
72	47	Lp
72	48	Lp
72	49	Lp
72	50	Lp
72	51	-1
72	52	Lp
72	53	Lp
72	54	Lp
72	55	-1
72	56	Lp
72	57	Lp
72	58	Lp
72	59	Lp
72	60	Lp
72	61	L
72	62	Lp
72	63	Lp
72	64	L
72	65	Lp
72	66	Lp
72	67	Lp
72	68	U
72	69	U
72	70	L
72	71	L
72	72	Lp
72	73	Lp
72	74	L
72	75	Lp
72	76	-1
72	77	L
72	78	L
72	79	L
72	80	Lp
72	81	Lp
72	82	L
72	83	Lp
72	84	Lp
72	85	L
72	86	U
72	87	L
72	88	U
72	89	Lp
72	90	Lp
72	91	-1
72	92	L
72	93	-1
72	94	Lp
72	95	L
72	96	L
72	97	-1
72	98	L
72	99	-1
72	100	Lp
72	101	L
72	102	Lp
72	103	Lp
72	104	Lp
72	105	Lp
72	106	Lp
72	107	Lp
72	108	-1
72	109	Lp
72	110	L
72	111	L
72	112	L
72	113	L
72	114	Lp
72	115	Lp
72	116	L
72	117	L
72	118	L
72	119	L
73	0	Lp
73	1	L
73	2	-1
73	3	Lp
73	4	Lp
73	5	Lp
73	6	-1
73	7	Lp
73	8	L
73	9	L
73	10	L
73	11	L
73	12	Lp
73	13	Lp
73	14	Lp
73	15	-1
73	16	Lp
73	17	-1
73	18	-1
73	19	Lp
73	20	Lp
73	21	Lp
73	22	Lp
73	23	Lp
73	24	Lp
73	25	Lp
73	26	Lp
73	27	Lp
73	28	Lp
73	29	Lp
73	30	Lp
73	31	Lp
73	32	-1
73	33	U
73	34	-1
73	35	Lp
73	36	Lp
73	37	Lp
73	38	Lp
73	39	Lp
73	40	-1
73	41	Lp
73	42	Lp
73	43	Lp
73	44	Lp
73	45	Lp
73	46	Lp
73	47	U
73	48	U
73	49	Lp
73	50	Lp
73	51	Lp
73	52	U
73	53	U
73	54	Lp
73	55	Lp
73	56	Lp
73	57	L
73	58	L
73	59	Lp
73	60	L
73	61	L
73	62	Lp
73	63	Lp
73	64	-1
73	65	-1
73	66	-1
73	67	Lp
73	68	Lp
73	69	Lp
73	70	Lp
73	71	L
73	72	-1
73	73	Lp
73	74	Lp
73	75	Lp
73	76	Lp
73	77	-1
73	78	L
73	79	Lp
73	80	Lp
73	81	Lp
73	82	Lp
73	83	Lp
73	84	Lp
73	85	Lp
73	86	Lp
73	87	U
73	88	L
73	89	L
73	90	-1
73	91	Lp
73	92	Lp
73	93	L
73	94	L
73	95	L
73	96	-1
73	97	L
73	98	L
73	99	L
73	100	Lp
73	101	-1
73	102	Lp
73	103	Lp
73	104	Lp
73	105	Lp
73	106	Lp
73	107	L
73	108	Lp
73	109	Lp
73	110	L
73	111	L
73	112	L
73	113	-1
73	114	Lp
73	115	Lp
73	116	L
73	117	L
73	118	L
73	119	L
74	0	-1
74	1	Lp
74	2	-1
74	3	L
74	4	-1
74	5	Lp
74	6	Lp
74	7	Lp
74	8	Lp
74	9	L
74	10	L
74	11	Lp
74	12	Lp
74	13	Lp
74	14	Lp
74	15	Lp
74	16	Lp
74	17	Lp
74	18	Lp
74	19	Lp
74	20	Lp
74	21	Lp
74	22	Lp
74	23	Lp
74	24	Lp
74	25	Lp
74	26	Lp
74	27	Lp
74	28	Lp
74	29	Lp
74	30	Lp
74	31	Lp
74	32	Lp
74	33	U
74	34	Lp
74	35	Lp
74	36	-1
74	37	Lp
74	38	Lp
74	39	Lp
74	40	Lp
74	41	-1
74	42	U
74	43	Lp
74	44	Lp
74	45	Lp
74	46	Lp
74	47	Lp
74	48	Lp
74	49	-1
74	50	Lp
74	51	U
74	52	U
74	53	-1
74	54	Lp
74	55	Lp
74	56	L
74	57	-1
74	58	L
74	59	L
74	60	Lp
74	61	-1
74	62	Lp
74	63	-1
74	64	-1
74	65	L
74	66	L
74	67	L
74	68	Lp
74	69	Lp
74	70	Lp
74	71	-1
74	72	Lp
74	73	-1
74	74	Lp
74	75	Lp
74	76	Lp
74	77	L
74	78	L
74	79	Lp
74	80	Lp
74	81	Lp
74	82	Lp
74	83	Lp
74	84	Lp
74	85	Lp
74	86	Lp
74	87	U
74	88	L
74	89	L
74	90	Lp
74	91	L
74	92	Lp
74	93	L
74	94	L
74	95	L
74	96	-1
74	97	L
74	98	L
74	99	L
74	100	-1
74	101	U
74	102	-1
74	103	Lp
74	104	Lp
74	105	Lp
74	106	L
74	107	U
74	108	Lp
74	109	Lp
74	110	L
74	111	L
74	112	Lp
74	113	Lp
74	114	Lp
74	115	Lp
74	116	L
74	117	L
74	118	L
74	119	U
75	0	Lp
75	1	L
75	2	Lp
75	3	Lp
75	4	-1
75	5	Lp
75	6	Lp
75	7	Lp
75	8	Lp
75	9	L
75	10	Lp
75	11	L
75	12	Lp
75	13	Lp
75	14	-1
75	15	Lp
75	16	Lp
75	17	Lp
75	18	Lp
75	19	Lp
75	20	-1
75	21	Lp
75	22	Lp
75	23	Lp
75	24	Lp
75	25	Lp
75	26	Lp
75	27	-1
75	28	Lp
75	29	Lp
75	30	Lp
75	31	Lp
75	32	Lp
75	33	Lp
75	34	Lp
75	35	Lp
75	36	Lp
75	37	-1
75	38	Lp
75	39	Lp
75	40	-1
75	41	-1
75	42	Lp
75	43	Lp
75	44	Lp
75	45	Lp
75	46	Lp
75	47	Lp
75	48	Lp
75	49	Lp
75	50	Lp
75	51	U
75	52	L
75	53	Lp
75	54	L
75	55	Lp
75	56	Lp
75	57	L
75	58	-1
75	59	Lp
75	60	L
75	61	Lp
75	62	Lp
75	63	L
75	64	L
75	65	-1
75	66	Lp
75	67	Lp
75	68	L
75	69	Lp
75	70	Lp
75	71	Lp
75	72	Lp
75	73	-1
75	74	Lp
75	75	U
75	76	L
75	77	L
75	78	L
75	79	Lp
75	80	Lp
75	81	Lp
75	82	Lp
75	83	Lp
75	84	-1
75	85	-1
75	86	Lp
75	87	Lp
75	88	U
75	89	L
75	90	L
75	91	Lp
75	92	Lp
75	93	L
75	94	L
75	95	L
75	96	L
75	97	L
75	98	-1
75	99	L
75	100	U
75	101	U
75	102	U
75	103	U
75	104	U
75	105	L
75	106	L
75	107	Lp
75	108	-1
75	109	L
75	110	Lp
75	111	Lp
75	112	-1
75	113	Lp
75	114	Lp
75	115	Lp
75	116	L
75	117	L
75	118	L
75	119	L
76	0	Lp
76	1	Lp
76	2	L
76	3	Lp
76	4	Lp
76	5	-1
76	6	Lp
76	7	Lp
76	8	Lp
76	9	-1
76	10	L
76	11	Lp
76	12	-1
76	13	Lp
76	14	Lp
76	15	Lp
76	16	Lp
76	17	-1
76	18	Lp
76	19	Lp
76	20	Lp
76	21	Lp
76	22	Lp
76	23	U
76	24	Lp
76	25	Lp
76	26	Lp
76	27	Lp
76	28	Lp
76	29	Lp
76	30	-1
76	31	Lp
76	32	Lp
76	33	Lp
76	34	-1
76	35	Lp
76	36	Lp
76	37	Lp
76	38	Lp
76	39	Lp
76	40	Lp
76	41	Lp
76	42	Lp
76	43	Lp
76	44	Lp
76	45	-1
76	46	Lp
76	47	L
76	48	Lp
76	49	Lp
76	50	-1
76	51	-1
76	52	Lp
76	53	L
76	54	L
76	55	L
76	56	Lp
76	57	Lp
76	58	-1
76	59	-1
76	60	Lp
76	61	L
76	62	Lp
76	63	L
76	64	-1
76	65	-1
76	66	-1
76	67	Lp
76	68	Lp
76	69	Lp
76	70	Lp
76	71	Lp
76	72	Lp
76	73	Lp
76	74	L
76	75	Lp
76	76	-1
76	77	L
76	78	L
76	79	Lp
76	80	-1
76	81	-1
76	82	Lp
76	83	Lp
76	84	Lp
76	85	-1
76	86	Lp
76	87	-1
76	88	Lp
76	89	Lp
76	90	Lp
76	91	Lp
76	92	-1
76	93	-1
76	94	L
76	95	L
76	96	L
76	97	L
76	98	L
76	99	L
76	100	L
76	101	U
76	102	U
76	103	U
76	104	U
76	105	U
76	106	L
76	107	L
76	108	L
76	109	-1
76	110	-1
76	111	Lp
76	112	-1
76	113	Lp
76	114	Lp
76	115	Lp
76	116	Lp
76	117	L
76	118	L
76	119	-1
77	0	L
77	1	Lp
77	2	Lp
77	3	L
77	4	-1
77	5	Lp
77	6	Lp
77	7	-1
77	8	Lp
77	9	Lp
77	10	Lp
77	11	L
77	12	L
77	13	Lp
77	14	-1
77	15	-1
77	16	Lp
77	17	Lp
77	18	Lp
77	19	-1
77	20	Lp
77	21	Lp
77	22	Lp
77	23	U
77	24	Lp
77	25	-1
77	26	-1
77	27	Lp
77	28	Lp
77	29	Lp
77	30	Lp
77	31	Lp
77	32	Lp
77	33	-1
77	34	Lp
77	35	Lp
77	36	Lp
77	37	Lp
77	38	-1
77	39	-1
77	40	-1
77	41	Lp
77	42	Lp
77	43	Lp
77	44	-1
77	45	Lp
77	46	Lp
77	47	Lp
77	48	L
77	49	-1
77	50	Lp
77	51	Lp
77	52	Lp
77	53	L
77	54	L
77	55	L
77	56	Lp
77	57	Lp
77	58	Lp
77	59	Lp
77	60	Lp
77	61	-1
77	62	L
77	63	Lp
77	64	L
77	65	L
77	66	L
77	67	Lp
77	68	Lp
77	69	Lp
77	70	Lp
77	71	-1
77	72	-1
77	73	L
77	74	L
77	75	L
77	76	Lp
77	77	Lp
77	78	Lp
77	79	-1
77	80	Lp
77	81	Lp
77	82	Lp
77	83	Lp
77	84	Lp
77	85	Lp
77	86	-1
77	87	Lp
77	88	Lp
77	89	Lp
77	90	Lp
77	91	Lp
77	92	L
77	93	Lp
77	94	L
77	95	L
77	96	L
77	97	Lp
77	98	Lp
77	99	Lp
77	100	U
77	101	L
77	102	L
77	103	-1
77	104	L
77	105	L
77	106	L
77	107	L
77	108	-1
77	109	Lp
77	110	Lp
77	111	-1
77	112	-1
77	113	Lp
77	114	Lp
77	115	Lp
77	116	Lp
77	117	Lp
77	118	L
77	119	L
78	0	L
78	1	Lp
78	2	Lp
78	3	Lp
78	4	Lp
78	5	Lp
78	6	Lp
78	7	Lp
78	8	-1
78	9	Lp
78	10	Lp
78	11	Lp
78	12	L
78	13	Lp
78	14	Lp
78	15	-1
78	16	Lp
78	17	Lp
78	18	Lp
78	19	Lp
78	20	Lp
78	21	Lp
78	22	Lp
78	23	Lp
78	24	-1
78	25	Lp
78	26	Lp
78	27	Lp
78	28	Lp
78	29	Lp
78	30	Lp
78	31	Lp
78	32	Lp
78	33	Lp
78	34	-1
78	35	Lp
78	36	Lp
78	37	Lp
78	38	Lp
78	39	Lp
78	40	-1
78	41	Lp
78	42	Lp
78	43	Lp
78	44	Lp
78	45	-1
78	46	-1
78	47	L
78	48	L
78	49	L
78	50	Lp
78	51	Lp
78	52	Lp
78	53	L
78	54	-1
78	55	L
78	56	L
78	57	Lp
78	58	Lp
78	59	Lp
78	60	Lp
78	61	Lp
78	62	Lp
78	63	Lp
78	64	L
78	65	L
78	66	Lp
78	67	L
78	68	-1
78	69	Lp
78	70	L
78	71	L
78	72	L
78	73	L
78	74	L
78	75	Lp
78	76	Lp
78	77	Lp
78	78	Lp
78	79	Lp
78	80	-1
78	81	Lp
78	82	Lp
78	83	Lp
78	84	Lp
78	85	Lp
78	86	Lp
78	87	Lp
78	88	Lp
78	89	Lp
78	90	-1
78	91	Lp
78	92	U
78	93	L
78	94	L
78	95	L
78	96	L
78	97	Lp
78	98	Lp
78	99	Lp
78	100	U
78	101	-1
78	102	L
78	103	-1
78	104	U
78	105	U
78	106	L
78	107	L
78	108	Lp
78	109	Lp
78	110	Lp
78	111	L
78	112	Lp
78	113	Lp
78	114	Lp
78	115	-1
78	116	Lp
78	117	Lp
78	118	Lp
78	119	Lp
79	0	Lp
79	1	Lp
79	2	Lp
79	3	Lp
79	4	Lp
79	5	Lp
79	6	-1
79	7	Lp
79	8	Lp
79	9	-1
79	10	Lp
79	11	Lp
79	12	Lp
79	13	Lp
79	14	-1
79	15	Lp
79	16	Lp
79	17	-1
79	18	Lp
79	19	-1
79	20	Lp
79	21	Lp
79	22	Lp
79	23	Lp
79	24	-1
79	25	Lp
79	26	-1
79	27	Lp
79	28	Lp
79	29	Lp
79	30	-1
79	31	Lp
79	32	Lp
79	33	Lp
79	34	-1
79	35	Lp
79	36	Lp
79	37	Lp
79	38	Lp
79	39	Lp
79	40	Lp
79	41	Lp
79	42	Lp
79	43	U
79	44	-1
79	45	Lp
79	46	-1
79	47	Lp
79	48	L
79	49	L
79	50	L
79	51	L
79	52	-1
79	53	Lp
79	54	Lp
79	55	L
79	56	-1
79	57	Lp
79	58	Lp
79	59	Lp
79	60	Lp
79	61	Lp
79	62	Lp
79	63	L
79	64	Lp
79	65	Lp
79	66	L
79	67	L
79	68	L
79	69	Lp
79	70	Lp
79	71	Lp
79	72	Lp
79	73	Lp
79	74	Lp
79	75	Lp
79	76	Lp
79	77	Lp
79	78	Lp
79	79	Lp
79	80	Lp
79	81	-1
79	82	Lp
79	83	Lp
79	84	Lp
79	85	Lp
79	86	Lp
79	87	Lp
79	88	Lp
79	89	L
79	90	L
79	91	Lp
79	92	Lp
79	93	U
79	94	L
79	95	L
79	96	-1
79	97	L
79	98	Lp
79	99	Lp
79	100	L
79	101	Lp
79	102	L
79	103	L
79	104	U
79	105	U
79	106	Lp
79	107	-1
79	108	Lp
79	109	Lp
79	110	L
79	111	L
79	112	-1
79	113	-1
79	114	-1
79	115	Lp
79	116	Lp
79	117	Lp
79	118	Lp
79	119	-1
80	0	Lp
80	1	-1
80	2	Lp
80	3	Lp
80	4	Lp
80	5	-1
80	6	Lp
80	7	Lp
80	8	Lp
80	9	Lp
80	10	-1
80	11	Lp
80	12	-1
80	13	Lp
80	14	Lp
80	15	Lp
80	16	Lp
80	17	Lp
80	18	Lp
80	19	Lp
80	20	-1
80	21	Lp
80	22	Lp
80	23	Lp
80	24	Lp
80	25	Lp
80	26	Lp
80	27	Lp
80	28	Lp
80	29	Lp
80	30	U
80	31	Lp
80	32	-1
80	33	Lp
80	34	Lp
80	35	-1
80	36	Lp
80	37	Lp
80	38	Lp
80	39	Lp
80	40	Lp
80	41	Lp
80	42	-1
80	43	Lp
80	44	Lp
80	45	-1
80	46	Lp
80	47	L
80	48	L
80	49	L
80	50	L
80	51	L
80	52	Lp
80	53	-1
80	54	Lp
80	55	L
80	56	L
80	57	-1
80	58	L
80	59	L
80	60	Lp
80	61	L
80	62	L
80	63	Lp
80	64	-1
80	65	Lp
80	66	-1
80	67	L
80	68	L
80	69	L
80	70	Lp
80	71	-1
80	72	-1
80	73	Lp
80	74	Lp
80	75	Lp
80	76	Lp
80	77	Lp
80	78	Lp
80	79	Lp
80	80	Lp
80	81	Lp
80	82	-1
80	83	Lp
80	84	Lp
80	85	Lp
80	86	Lp
80	87	Lp
80	88	Lp
80	89	Lp
80	90	L
80	91	Lp
80	92	Lp
80	93	-1
80	94	Lp
80	95	Lp
80	96	Lp
80	97	Lp
80	98	Lp
80	99	Lp
80	100	-1
80	101	L
80	102	-1
80	103	L
80	104	Lp
80	105	U
80	106	-1
80	107	Lp
80	108	Lp
80	109	Lp
80	110	L
80	111	L
80	112	L
80	113	L
80	114	L
80	115	Lp
80	116	Lp
80	117	Lp
80	118	Lp
80	119	Lp
81	0	Lp
81	1	Lp
81	2	Lp
81	3	L
81	4	-1
81	5	L
81	6	Lp
81	7	Lp
81	8	-1
81	9	Lp
81	10	Lp
81	11	Lp
81	12	-1
81	13	Lp
81	14	Lp
81	15	Lp
81	16	-1
81	17	Lp
81	18	Lp
81	19	Lp
81	20	-1
81	21	Lp
81	22	-1
81	23	Lp
81	24	Lp
81	25	Lp
81	26	Lp
81	27	Lp
81	28	Lp
81	29	Lp
81	30	Lp
81	31	Lp
81	32	Lp
81	33	Lp
81	34	Lp
81	35	Lp
81	36	Lp
81	37	Lp
81	38	Lp
81	39	-1
81	40	Lp
81	41	Lp
81	42	L
81	43	Lp
81	44	Lp
81	45	Lp
81	46	Lp
81	47	Lp
81	48	L
81	49	L
81	50	L
81	51	L
81	52	-1
81	53	Lp
81	54	L
81	55	L
81	56	L
81	57	L
81	58	L
81	59	L
81	60	L
81	61	-1
81	62	-1
81	63	Lp
81	64	Lp
81	65	Lp
81	66	Lp
81	67	Lp
81	68	Lp
81	69	Lp
81	70	Lp
81	71	Lp
81	72	Lp
81	73	Lp
81	74	Lp
81	75	Lp
81	76	Lp
81	77	Lp
81	78	Lp
81	79	Lp
81	80	Lp
81	81	-1
81	82	L
81	83	L
81	84	Lp
81	85	Lp
81	86	Lp
81	87	-1
81	88	Lp
81	89	Lp
81	90	-1
81	91	L
81	92	-1
81	93	Lp
81	94	-1
81	95	Lp
81	96	Lp
81	97	-1
81	98	Lp
81	99	Lp
81	100	Lp
81	101	-1
81	102	-1
81	103	L
81	104	Lp
81	105	Lp
81	106	Lp
81	107	Lp
81	108	-1
81	109	Lp
81	110	-1
81	111	L
81	112	L
81	113	-1
81	114	-1
81	115	Lp
81	116	Lp
81	117	Lp
81	118	Lp
81	119	Lp
82	0	L
82	1	Lp
82	2	L
82	3	L
82	4	-1
82	5	Lp
82	6	Lp
82	7	-1
82	8	Lp
82	9	Lp
82	10	Lp
82	11	Lp
82	12	Lp
82	13	Lp
82	14	Lp
82	15	Lp
82	16	-1
82	17	Lp
82	18	Lp
82	19	Lp
82	20	Lp
82	21	-1
82	22	Lp
82	23	-1
82	24	Lp
82	25	Lp
82	26	Lp
82	27	Lp
82	28	Lp
82	29	Lp
82	30	Lp
82	31	-1
82	32	Lp
82	33	-1
82	34	Lp
82	35	Lp
82	36	Lp
82	37	Lp
82	38	Lp
82	39	Lp
82	40	Lp
82	41	Lp
82	42	L
82	43	-1
82	44	L
82	45	L
82	46	Lp
82	47	L
82	48	Lp
82	49	L
82	50	L
82	51	Lp
82	52	Lp
82	53	-1
82	54	L
82	55	L
82	56	L
82	57	Lp
82	58	-1
82	59	Lp
82	60	Lp
82	61	Lp
82	62	Lp
82	63	Lp
82	64	Lp
82	65	Lp
82	66	Lp
82	67	-1
82	68	U
82	69	Lp
82	70	Lp
82	71	Lp
82	72	Lp
82	73	Lp
82	74	Lp
82	75	Lp
82	76	Lp
82	77	Lp
82	78	Lp
82	79	Lp
82	80	Lp
82	81	Lp
82	82	Lp
82	83	Lp
82	84	L
82	85	L
82	86	-1
82	87	Lp
82	88	-1
82	89	Lp
82	90	Lp
82	91	-1
82	92	L
82	93	Lp
82	94	L
82	95	L
82	96	-1
82	97	Lp
82	98	Lp
82	99	Lp
82	100	Lp
82	101	Lp
82	102	L
82	103	L
82	104	Lp
82	105	Lp
82	106	Lp
82	107	Lp
82	108	Lp
82	109	L
82	110	L
82	111	L
82	112	L
82	113	L
82	114	L
82	115	Lp
82	116	Lp
82	117	Lp
82	118	Lp
82	119	L
83	0	Lp
83	1	L
83	2	Lp
83	3	-1
83	4	Lp
83	5	Lp
83	6	-1
83	7	Lp
83	8	Lp
83	9	Lp
83	10	Lp
83	11	Lp
83	12	Lp
83	13	-1
83	14	Lp
83	15	Lp
83	16	Lp
83	17	Lp
83	18	Lp
83	19	Lp
83	20	Lp
83	21	-1
83	22	-1
83	23	Lp
83	24	Lp
83	25	Lp
83	26	-1
83	27	Lp
83	28	Lp
83	29	Lp
83	30	Lp
83	31	Lp
83	32	Lp
83	33	Lp
83	34	Lp
83	35	Lp
83	36	Lp
83	37	Lp
83	38	Lp
83	39	-1
83	40	Lp
83	41	Lp
83	42	Lp
83	43	U
83	44	L
83	45	L
83	46	Lp
83	47	Lp
83	48	Lp
83	49	Lp
83	50	Lp
83	51	L
83	52	L
83	53	L
83	54	L
83	55	L
83	56	L
83	57	-1
83	58	L
83	59	L
83	60	-1
83	61	Lp
83	62	Lp
83	63	Lp
83	64	Lp
83	65	Lp
83	66	Lp
83	67	-1
83	68	Lp
83	69	U
83	70	Lp
83	71	Lp
83	72	-1
83	73	Lp
83	74	Lp
83	75	Lp
83	76	-1
83	77	Lp
83	78	Lp
83	79	Lp
83	80	Lp
83	81	Lp
83	82	L
83	83	L
83	84	L
83	85	-1
83	86	L
83	87	Lp
83	88	Lp
83	89	Lp
83	90	L
83	91	L
83	92	L
83	93	-1
83	94	L
83	95	L
83	96	Lp
83	97	Lp
83	98	Lp
83	99	-1
83	100	Lp
83	101	Lp
83	102	Lp
83	103	Lp
83	104	Lp
83	105	Lp
83	106	Lp
83	107	Lp
83	108	Lp
83	109	Lp
83	110	L
83	111	L
83	112	Lp
83	113	Lp
83	114	L
83	115	Lp
83	116	Lp
83	117	Lp
83	118	Lp
83	119	Lp
84	0	Lp
84	1	Lp
84	2	Lp
84	3	Lp
84	4	-1
84	5	Lp
84	6	Lp
84	7	Lp
84	8	Lp
84	9	Lp
84	10	Lp
84	11	Lp
84	12	-1
84	13	-1
84	14	Lp
84	15	-1
84	16	Lp
84	17	Lp
84	18	Lp
84	19	Lp
84	20	Lp
84	21	Lp
84	22	Lp
84	23	Lp
84	24	Lp
84	25	Lp
84	26	Lp
84	27	Lp
84	28	-1
84	29	-1
84	30	-1
84	31	Lp
84	32	Lp
84	33	Lp
84	34	Lp
84	35	-1
84	36	Lp
84	37	Lp
84	38	Lp
84	39	-1
84	40	Lp
84	41	Lp
84	42	Lp
84	43	L
84	44	-1
84	45	L
84	46	Lp
84	47	Lp
84	48	Lp
84	49	Lp
84	50	Lp
84	51	L
84	52	L
84	53	-1
84	54	-1
84	55	L
84	56	L
84	57	L
84	58	L
84	59	Lp
84	60	-1
84	61	L
84	62	Lp
84	63	Lp
84	64	Lp
84	65	Lp
84	66	Lp
84	67	Lp
84	68	Lp
84	69	Lp
84	70	Lp
84	71	U
84	72	Lp
84	73	Lp
84	74	-1
84	75	Lp
84	76	Lp
84	77	-1
84	78	Lp
84	79	Lp
84	80	Lp
84	81	-1
84	82	L
84	83	L
84	84	L
84	85	L
84	86	Lp
84	87	L
84	88	Lp
84	89	L
84	90	Lp
84	91	Lp
84	92	L
84	93	L
84	94	Lp
84	95	-1
84	96	L
84	97	Lp
84	98	Lp
84	99	Lp
84	100	-1
84	101	Lp
84	102	Lp
84	103	Lp
84	104	Lp
84	105	Lp
84	106	Lp
84	107	L
84	108	-1
84	109	-1
84	110	Lp
84	111	-1
84	112	Lp
84	113	Lp
84	114	Lp
84	115	Lp
84	116	-1
84	117	-1
84	118	Lp
84	119	Lp
85	0	Lp
85	1	Lp
85	2	Lp
85	3	Lp
85	4	Lp
85	5	-1
85	6	Lp
85	7	Lp
85	8	-1
85	9	Lp
85	10	Lp
85	11	Lp
85	12	-1
85	13	Lp
85	14	Lp
85	15	Lp
85	16	Lp
85	17	Lp
85	18	Lp
85	19	Lp
85	20	-1
85	21	Lp
85	22	Lp
85	23	Lp
85	24	Lp
85	25	Lp
85	26	Lp
85	27	-1
85	28	Lp
85	29	Lp
85	30	Lp
85	31	Lp
85	32	Lp
85	33	-1
85	34	Lp
85	35	-1
85	36	Lp
85	37	Lp
85	38	-1
85	39	-1
85	40	Lp
85	41	Lp
85	42	Lp
85	43	Lp
85	44	Lp
85	45	-1
85	46	-1
85	47	Lp
85	48	Lp
85	49	U
85	50	Lp
85	51	Lp
85	52	L
85	53	L
85	54	-1
85	55	-1
85	56	L
85	57	-1
85	58	Lp
85	59	-1
85	60	L
85	61	L
85	62	Lp
85	63	Lp
85	64	-1
85	65	Lp
85	66	-1
85	67	Lp
85	68	Lp
85	69	Lp
85	70	-1
85	71	Lp
85	72	U
85	73	Lp
85	74	Lp
85	75	Lp
85	76	Lp
85	77	Lp
85	78	-1
85	79	L
85	80	Lp
85	81	Lp
85	82	L
85	83	L
85	84	-1
85	85	Lp
85	86	Lp
85	87	Lp
85	88	L
85	89	Lp
85	90	Lp
85	91	Lp
85	92	-1
85	93	-1
85	94	Lp
85	95	Lp
85	96	L
85	97	-1
85	98	L
85	99	Lp
85	100	Lp
85	101	Lp
85	102	L
85	103	L
85	104	Lp
85	105	Lp
85	106	L
85	107	L
85	108	L
85	109	Lp
85	110	L
85	111	L
85	112	Lp
85	113	L
85	114	L
85	115	Lp
85	116	Lp
85	117	Lp
85	118	Lp
85	119	Lp
86	0	Lp
86	1	Lp
86	2	Lp
86	3	Lp
86	4	Lp
86	5	Lp
86	6	Lp
86	7	Lp
86	8	Lp
86	9	Lp
86	10	Lp
86	11	Lp
86	12	Lp
86	13	Lp
86	14	Lp
86	15	Lp
86	16	Lp
86	17	-1
86	18	Lp
86	19	Lp
86	20	Lp
86	21	Lp
86	22	Lp
86	23	Lp
86	24	Lp
86	25	Lp
86	26	-1
86	27	Lp
86	28	Lp
86	29	Lp
86	30	Lp
86	31	Lp
86	32	Lp
86	33	Lp
86	34	Lp
86	35	-1
86	36	Lp
86	37	-1
86	38	-1
86	39	Lp
86	40	Lp
86	41	Lp
86	42	Lp
86	43	Lp
86	44	Lp
86	45	Lp
86	46	Lp
86	47	Lp
86	48	Lp
86	49	Lp
86	50	-1
86	51	Lp
86	52	L
86	53	-1
86	54	L
86	55	L
86	56	Lp
86	57	Lp
86	58	Lp
86	59	-1
86	60	L
86	61	-1
86	62	Lp
86	63	Lp
86	64	Lp
86	65	-1
86	66	Lp
86	67	Lp
86	68	Lp
86	69	Lp
86	70	Lp
86	71	Lp
86	72	Lp
86	73	Lp
86	74	Lp
86	75	Lp
86	76	Lp
86	77	Lp
86	78	Lp
86	79	Lp
86	80	Lp
86	81	Lp
86	82	L
86	83	Lp
86	84	Lp
86	85	Lp
86	86	Lp
86	87	L
86	88	Lp
86	89	Lp
86	90	-1
86	91	Lp
86	92	Lp
86	93	-1
86	94	Lp
86	95	Lp
86	96	Lp
86	97	L
86	98	L
86	99	Lp
86	100	Lp
86	101	L
86	102	Lp
86	103	-1
86	104	Lp
86	105	Lp
86	106	L
86	107	L
86	108	-1
86	109	Lp
86	110	Lp
86	111	L
86	112	L
86	113	L
86	114	L
86	115	Lp
86	116	Lp
86	117	-1
86	118	Lp
86	119	-1
87	0	Lp
87	1	Lp
87	2	Lp
87	3	Lp
87	4	Lp
87	5	Lp
87	6	Lp
87	7	-1
87	8	Lp
87	9	Lp
87	10	Lp
87	11	Lp
87	12	Lp
87	13	Lp
87	14	-1
87	15	-1
87	16	Lp
87	17	Lp
87	18	Lp
87	19	-1
87	20	Lp
87	21	-1
87	22	Lp
87	23	Lp
87	24	Lp
87	25	-1
87	26	Lp
87	27	Lp
87	28	Lp
87	29	Lp
87	30	L
87	31	-1
87	32	Lp
87	33	Lp
87	34	-1
87	35	Lp
87	36	Lp
87	37	Lp
87	38	Lp
87	39	-1
87	40	Lp
87	41	-1
87	42	-1
87	43	Lp
87	44	Lp
87	45	-1
87	46	Lp
87	47	Lp
87	48	Lp
87	49	-1
87	50	Lp
87	51	L
87	52	Lp
87	53	-1
87	54	L
87	55	Lp
87	56	L
87	57	Lp
87	58	Lp
87	59	Lp
87	60	L
87	61	L
87	62	Lp
87	63	Lp
87	64	-1
87	65	Lp
87	66	Lp
87	67	Lp
87	68	Lp
87	69	Lp
87	70	Lp
87	71	Lp
87	72	Lp
87	73	Lp
87	74	Lp
87	75	Lp
87	76	Lp
87	77	Lp
87	78	-1
87	79	L
87	80	Lp
87	81	Lp
87	82	Lp
87	83	L
87	84	L
87	85	Lp
87	86	Lp
87	87	-1
87	88	Lp
87	89	Lp
87	90	Lp
87	91	Lp
87	92	Lp
87	93	Lp
87	94	-1
87	95	Lp
87	96	Lp
87	97	Lp
87	98	Lp
87	99	Lp
87	100	L
87	101	-1
87	102	Lp
87	103	Lp
87	104	L
87	105	L
87	106	-1
87	107	L
87	108	Lp
87	109	Lp
87	110	Lp
87	111	Lp
87	112	L
87	113	L
87	114	-1
87	115	-1
87	116	Lp
87	117	Lp
87	118	Lp
87	119	Lp
88	0	Lp
88	1	Lp
88	2	Lp
88	3	Lp
88	4	-1
88	5	U
88	6	-1
88	7	Lp
88	8	-1
88	9	Lp
88	10	Lp
88	11	-1
88	12	Lp
88	13	Lp
88	14	Lp
88	15	Lp
88	16	Lp
88	17	Lp
88	18	Lp
88	19	Lp
88	20	Lp
88	21	Lp
88	22	Lp
88	23	-1
88	24	Lp
88	25	-1
88	26	Lp
88	27	Lp
88	28	Lp
88	29	-1
88	30	Lp
88	31	L
88	32	L
88	33	Lp
88	34	Lp
88	35	Lp
88	36	Lp
88	37	Lp
88	38	Lp
88	39	Lp
88	40	Lp
88	41	Lp
88	42	Lp
88	43	Lp
88	44	-1
88	45	-1
88	46	Lp
88	47	Lp
88	48	-1
88	49	Lp
88	50	Lp
88	51	Lp
88	52	-1
88	53	L
88	54	L
88	55	Lp
88	56	Lp
88	57	Lp
88	58	Lp
88	59	-1
88	60	L
88	61	-1
88	62	Lp
88	63	Lp
88	64	Lp
88	65	Lp
88	66	-1
88	67	Lp
88	68	Lp
88	69	Lp
88	70	-1
88	71	Lp
88	72	Lp
88	73	Lp
88	74	Lp
88	75	Lp
88	76	Lp
88	77	Lp
88	78	Lp
88	79	L
88	80	Lp
88	81	Lp
88	82	-1
88	83	L
88	84	-1
88	85	-1
88	86	L
88	87	Lp
88	88	Lp
88	89	Lp
88	90	-1
88	91	Lp
88	92	Lp
88	93	Lp
88	94	-1
88	95	Lp
88	96	-1
88	97	Lp
88	98	Lp
88	99	L
88	100	L
88	101	L
88	102	Lp
88	103	L
88	104	Lp
88	105	L
88	106	Lp
88	107	L
88	108	Lp
88	109	Lp
88	110	Lp
88	111	Lp
88	112	L
88	113	L
88	114	L
88	115	L
88	116	U
88	117	Lp
88	118	Lp
88	119	Lp
89	0	Lp
89	1	-1
89	2	-1
89	3	Lp
89	4	U
89	5	-1
89	6	Lp
89	7	-1
89	8	-1
89	9	Lp
89	10	Lp
89	11	Lp
89	12	Lp
89	13	Lp
89	14	Lp
89	15	Lp
89	16	Lp
89	17	Lp
89	18	Lp
89	19	Lp
89	20	Lp
89	21	Lp
89	22	L
89	23	Lp
89	24	-1
89	25	Lp
89	26	Lp
89	27	-1
89	28	Lp
89	29	L
89	30	-1
89	31	-1
89	32	L
89	33	-1
89	34	L
89	35	Lp
89	36	Lp
89	37	Lp
89	38	-1
89	39	-1
89	40	-1
89	41	Lp
89	42	Lp
89	43	Lp
89	44	Lp
89	45	Lp
89	46	Lp
89	47	Lp
89	48	-1
89	49	-1
89	50	Lp
89	51	L
89	52	-1
89	53	L
89	54	-1
89	55	L
89	56	-1
89	57	Lp
89	58	Lp
89	59	Lp
89	60	Lp
89	61	Lp
89	62	Lp
89	63	Lp
89	64	Lp
89	65	Lp
89	66	Lp
89	67	U
89	68	Lp
89	69	Lp
89	70	L
89	71	-1
89	72	Lp
89	73	-1
89	74	-1
89	75	Lp
89	76	-1
89	77	Lp
89	78	-1
89	79	Lp
89	80	-1
89	81	L
89	82	Lp
89	83	Lp
89	84	Lp
89	85	Lp
89	86	L
89	87	L
89	88	Lp
89	89	Lp
89	90	Lp
89	91	Lp
89	92	-1
89	93	Lp
89	94	Lp
89	95	U
89	96	-1
89	97	L
89	98	L
89	99	L
89	100	Lp
89	101	Lp
89	102	L
89	103	Lp
89	104	Lp
89	105	Lp
89	106	Lp
89	107	L
89	108	Lp
89	109	Lp
89	110	Lp
89	111	-1
89	112	L
89	113	-1
89	114	L
89	115	L
89	116	L
89	117	Lp
89	118	Lp
89	119	Lp
90	0	-1
90	1	Lp
90	2	Lp
90	3	U
90	4	Lp
90	5	-1
90	6	Lp
90	7	Lp
90	8	Lp
90	9	Lp
90	10	Lp
90	11	Lp
90	12	Lp
90	13	Lp
90	14	-1
90	15	Lp
90	16	Lp
90	17	L
90	18	Lp
90	19	Lp
90	20	Lp
90	21	Lp
90	22	L
90	23	Lp
90	24	Lp
90	25	U
90	26	Lp
90	27	U
90	28	L
90	29	L
90	30	L
90	31	L
90	32	L
90	33	L
90	34	Lp
90	35	Lp
90	36	Lp
90	37	-1
90	38	Lp
90	39	-1
90	40	Lp
90	41	Lp
90	42	L
90	43	Lp
90	44	Lp
90	45	Lp
90	46	Lp
90	47	Lp
90	48	-1
90	49	-1
90	50	Lp
90	51	L
90	52	L
90	53	-1
90	54	L
90	55	Lp
90	56	-1
90	57	L
90	58	U
90	59	Lp
90	60	Lp
90	61	Lp
90	62	-1
90	63	-1
90	64	Lp
90	65	Lp
90	66	Lp
90	67	Lp
90	68	Lp
90	69	L
90	70	Lp
90	71	Lp
90	72	Lp
90	73	Lp
90	74	Lp
90	75	Lp
90	76	Lp
90	77	-1
90	78	Lp
90	79	-1
90	80	L
90	81	Lp
90	82	Lp
90	83	Lp
90	84	-1
90	85	Lp
90	86	L
90	87	-1
90	88	Lp
90	89	Lp
90	90	-1
90	91	Lp
90	92	Lp
90	93	-1
90	94	Lp
90	95	Lp
90	96	Lp
90	97	L
90	98	L
90	99	L
90	100	-1
90	101	Lp
90	102	-1
90	103	-1
90	104	Lp
90	105	Lp
90	106	Lp
90	107	-1
90	108	Lp
90	109	Lp
90	110	Lp
90	111	Lp
90	112	L
90	113	L
90	114	L
90	115	L
90	116	L
90	117	L
90	118	Lp
90	119	Lp
91	0	U
91	1	U
91	2	Lp
91	3	Lp
91	4	Lp
91	5	Lp
91	6	Lp
91	7	Lp
91	8	Lp
91	9	-1
91	10	Lp
91	11	Lp
91	12	Lp
91	13	Lp
91	14	Lp
91	15	Lp
91	16	L
91	17	L
91	18	Lp
91	19	Lp
91	20	U
91	21	Lp
91	22	Lp
91	23	L
91	24	Lp
91	25	Lp
91	26	Lp
91	27	Lp
91	28	Lp
91	29	L
91	30	L
91	31	L
91	32	L
91	33	L
91	34	-1
91	35	Lp
91	36	Lp
91	37	Lp
91	38	Lp
91	39	L
91	40	-1
91	41	L
91	42	Lp
91	43	-1
91	44	Lp
91	45	Lp
91	46	Lp
91	47	Lp
91	48	Lp
91	49	Lp
91	50	Lp
91	51	L
91	52	L
91	53	-1
91	54	Lp
91	55	-1
91	56	Lp
91	57	Lp
91	58	Lp
91	59	Lp
91	60	Lp
91	61	Lp
91	62	-1
91	63	Lp
91	64	U
91	65	Lp
91	66	Lp
91	67	Lp
91	68	Lp
91	69	Lp
91	70	L
91	71	Lp
91	72	Lp
91	73	Lp
91	74	L
91	75	Lp
91	76	L
91	77	L
91	78	Lp
91	79	L
91	80	Lp
91	81	Lp
91	82	Lp
91	83	Lp
91	84	L
91	85	Lp
91	86	-1
91	87	Lp
91	88	L
91	89	Lp
91	90	Lp
91	91	Lp
91	92	Lp
91	93	Lp
91	94	-1
91	95	Lp
91	96	Lp
91	97	Lp
91	98	Lp
91	99	Lp
91	100	Lp
91	101	Lp
91	102	Lp
91	103	Lp
91	104	Lp
91	105	Lp
91	106	L
91	107	-1
91	108	Lp
91	109	-1
91	110	-1
91	111	Lp
91	112	-1
91	113	Lp
91	114	L
91	115	L
91	116	Lp
91	117	-1
91	118	-1
91	119	Lp
92	0	-1
92	1	U
92	2	Lp
92	3	Lp
92	4	Lp
92	5	Lp
92	6	-1
92	7	Lp
92	8	Lp
92	9	Lp
92	10	Lp
92	11	Lp
92	12	Lp
92	13	Lp
92	14	L
92	15	Lp
92	16	Lp
92	17	Lp
92	18	Lp
92	19	Lp
92	20	Lp
92	21	Lp
92	22	Lp
92	23	Lp
92	24	L
92	25	Lp
92	26	U
92	27	Lp
92	28	L
92	29	L
92	30	L
92	31	-1
92	32	-1
92	33	L
92	34	Lp
92	35	Lp
92	36	Lp
92	37	-1
92	38	L
92	39	L
92	40	L
92	41	L
92	42	L
92	43	Lp
92	44	Lp
92	45	Lp
92	46	Lp
92	47	Lp
92	48	Lp
92	49	Lp
92	50	U
92	51	L
92	52	L
92	53	-1
92	54	Lp
92	55	L
92	56	Lp
92	57	Lp
92	58	Lp
92	59	-1
92	60	Lp
92	61	Lp
92	62	Lp
92	63	Lp
92	64	Lp
92	65	-1
92	66	Lp
92	67	Lp
92	68	Lp
92	69	Lp
92	70	Lp
92	71	Lp
92	72	Lp
92	73	Lp
92	74	L
92	75	Lp
92	76	L
92	77	L
92	78	Lp
92	79	L
92	80	L
92	81	-1
92	82	Lp
92	83	-1
92	84	Lp
92	85	Lp
92	86	Lp
92	87	Lp
92	88	L
92	89	Lp
92	90	Lp
92	91	Lp
92	92	Lp
92	93	Lp
92	94	Lp
92	95	Lp
92	96	Lp
92	97	Lp
92	98	Lp
92	99	Lp
92	100	Lp
92	101	Lp
92	102	Lp
92	103	Lp
92	104	Lp
92	105	Lp
92	106	-1
92	107	L
92	108	Lp
92	109	Lp
92	110	-1
92	111	-1
92	112	L
92	113	Lp
92	114	Lp
92	115	-1
92	116	L
92	117	Lp
92	118	Lp
92	119	L
93	0	Lp
93	1	Lp
93	2	Lp
93	3	-1
93	4	Lp
93	5	Lp
93	6	Lp
93	7	Lp
93	8	Lp
93	9	Lp
93	10	-1
93	11	-1
93	12	Lp
93	13	Lp
93	14	-1
93	15	Lp
93	16	Lp
93	17	L
93	18	Lp
93	19	Lp
93	20	Lp
93	21	Lp
93	22	Lp
93	23	Lp
93	24	Lp
93	25	Lp
93	26	Lp
93	27	-1
93	28	L
93	29	L
93	30	L
93	31	L
93	32	Lp
93	33	L
93	34	Lp
93	35	Lp
93	36	Lp
93	37	Lp
93	38	Lp
93	39	L
93	40	L
93	41	L
93	42	-1
93	43	Lp
93	44	-1
93	45	-1
93	46	Lp
93	47	-1
93	48	Lp
93	49	L
93	50	L
93	51	L
93	52	Lp
93	53	-1
93	54	L
93	55	-1
93	56	Lp
93	57	-1
93	58	Lp
93	59	Lp
93	60	-1
93	61	Lp
93	62	Lp
93	63	Lp
93	64	Lp
93	65	-1
93	66	Lp
93	67	-1
93	68	Lp
93	69	Lp
93	70	Lp
93	71	Lp
93	72	Lp
93	73	Lp
93	74	-1
93	75	L
93	76	L
93	77	L
93	78	L
93	79	L
93	80	L
93	81	L
93	82	Lp
93	83	Lp
93	84	Lp
93	85	L
93	86	Lp
93	87	Lp
93	88	Lp
93	89	Lp
93	90	-1
93	91	Lp
93	92	Lp
93	93	Lp
93	94	Lp
93	95	Lp
93	96	-1
93	97	-1
93	98	Lp
93	99	Lp
93	100	Lp
93	101	Lp
93	102	Lp
93	103	Lp
93	104	Lp
93	105	Lp
93	106	L
93	107	L
93	108	Lp
93	109	Lp
93	110	Lp
93	111	L
93	112	Lp
93	113	Lp
93	114	Lp
93	115	Lp
93	116	Lp
93	117	L
93	118	-1
93	119	Lp
94	0	Lp
94	1	L
94	2	Lp
94	3	-1
94	4	Lp
94	5	Lp
94	6	Lp
94	7	Lp
94	8	Lp
94	9	Lp
94	10	-1
94	11	Lp
94	12	Lp
94	13	Lp
94	14	-1
94	15	-1
94	16	Lp
94	17	L
94	18	Lp
94	19	Lp
94	20	Lp
94	21	Lp
94	22	-1
94	23	Lp
94	24	Lp
94	25	Lp
94	26	Lp
94	27	Lp
94	28	L
94	29	L
94	30	-1
94	31	Lp
94	32	Lp
94	33	L
94	34	Lp
94	35	Lp
94	36	Lp
94	37	-1
94	38	L
94	39	Lp
94	40	Lp
94	41	Lp
94	42	-1
94	43	Lp
94	44	-1
94	45	-1
94	46	Lp
94	47	Lp
94	48	Lp
94	49	L
94	50	L
94	51	L
94	52	-1
94	53	L
94	54	-1
94	55	Lp
94	56	Lp
94	57	Lp
94	58	Lp
94	59	Lp
94	60	Lp
94	61	-1
94	62	Lp
94	63	Lp
94	64	Lp
94	65	Lp
94	66	Lp
94	67	-1
94	68	-1
94	69	Lp
94	70	Lp
94	71	Lp
94	72	Lp
94	73	Lp
94	74	L
94	75	Lp
94	76	L
94	77	L
94	78	-1
94	79	Lp
94	80	L
94	81	L
94	82	-1
94	83	Lp
94	84	Lp
94	85	Lp
94	86	Lp
94	87	Lp
94	88	-1
94	89	-1
94	90	Lp
94	91	Lp
94	92	Lp
94	93	Lp
94	94	Lp
94	95	Lp
94	96	-1
94	97	-1
94	98	-1
94	99	Lp
94	100	Lp
94	101	-1
94	102	Lp
94	103	-1
94	104	Lp
94	105	-1
94	106	Lp
94	107	Lp
94	108	-1
94	109	Lp
94	110	Lp
94	111	Lp
94	112	L
94	113	-1
94	114	Lp
94	115	U
94	116	Lp
94	117	U
94	118	Lp
94	119	Lp
95	0	U
95	1	U
95	2	Lp
95	3	-1
95	4	Lp
95	5	Lp
95	6	L
95	7	L
95	8	L
95	9	L
95	10	-1
95	11	Lp
95	12	Lp
95	13	-1
95	14	Lp
95	15	-1
95	16	L
95	17	Lp
95	18	Lp
95	19	Lp
95	20	Lp
95	21	-1
95	22	Lp
95	23	Lp
95	24	Lp
95	25	Lp
95	26	Lp
95	27	-1
95	28	Lp
95	29	-1
95	30	L
95	31	L
95	32	Lp
95	33	-1
95	34	Lp
95	35	Lp
95	36	Lp
95	37	Lp
95	38	Lp
95	39	Lp
95	40	Lp
95	41	Lp
95	42	Lp
95	43	Lp
95	44	Lp
95	45	L
95	46	L
95	47	Lp
95	48	Lp
95	49	L
95	50	L
95	51	L
95	52	-1
95	53	L
95	54	Lp
95	55	Lp
95	56	-1
95	57	Lp
95	58	Lp
95	59	Lp
95	60	Lp
95	61	Lp
95	62	Lp
95	63	Lp
95	64	Lp
95	65	Lp
95	66	Lp
95	67	Lp
95	68	Lp
95	69	Lp
95	70	-1
95	71	Lp
95	72	Lp
95	73	L
95	74	L
95	75	Lp
95	76	L
95	77	L
95	78	U
95	79	-1
95	80	L
95	81	L
95	82	Lp
95	83	Lp
95	84	Lp
95	85	Lp
95	86	Lp
95	87	Lp
95	88	Lp
95	89	-1
95	90	Lp
95	91	Lp
95	92	Lp
95	93	Lp
95	94	Lp
95	95	-1
95	96	-1
95	97	Lp
95	98	Lp
95	99	-1
95	100	Lp
95	101	Lp
95	102	Lp
95	103	-1
95	104	Lp
95	105	Lp
95	106	Lp
95	107	Lp
95	108	-1
95	109	Lp
95	110	-1
95	111	Lp
95	112	Lp
95	113	-1
95	114	-1
95	115	U
95	116	-1
95	117	L
95	118	Lp
95	119	Lp
96	0	U
96	1	U
96	2	U
96	3	Lp
96	4	Lp
96	5	-1
96	6	L
96	7	U
96	8	Lp
96	9	L
96	10	Lp
96	11	Lp
96	12	Lp
96	13	-1
96	14	-1
96	15	Lp
96	16	Lp
96	17	L
96	18	L
96	19	Lp
96	20	Lp
96	21	Lp
96	22	U
96	23	Lp
96	24	Lp
96	25	Lp
96	26	Lp
96	27	Lp
96	28	Lp
96	29	L
96	30	L
96	31	L
96	32	Lp
96	33	Lp
96	34	Lp
96	35	Lp
96	36	Lp
96	37	Lp
96	38	Lp
96	39	Lp
96	40	Lp
96	41	-1
96	42	Lp
96	43	Lp
96	44	Lp
96	45	Lp
96	46	Lp
96	47	Lp
96	48	L
96	49	L
96	50	-1
96	51	-1
96	52	Lp
96	53	Lp
96	54	Lp
96	55	Lp
96	56	Lp
96	57	Lp
96	58	Lp
96	59	Lp
96	60	Lp
96	61	Lp
96	62	Lp
96	63	-1
96	64	Lp
96	65	Lp
96	66	Lp
96	67	Lp
96	68	Lp
96	69	Lp
96	70	Lp
96	71	Lp
96	72	-1
96	73	L
96	74	Lp
96	75	L
96	76	L
96	77	L
96	78	Lp
96	79	U
96	80	L
96	81	L
96	82	-1
96	83	Lp
96	84	Lp
96	85	Lp
96	86	-1
96	87	Lp
96	88	Lp
96	89	Lp
96	90	Lp
96	91	Lp
96	92	-1
96	93	-1
96	94	Lp
96	95	Lp
96	96	Lp
96	97	Lp
96	98	Lp
96	99	Lp
96	100	Lp
96	101	-1
96	102	Lp
96	103	Lp
96	104	Lp
96	105	-1
96	106	Lp
96	107	Lp
96	108	Lp
96	109	Lp
96	110	Lp
96	111	Lp
96	112	L
96	113	Lp
96	114	L
96	115	U
96	116	L
96	117	U
96	118	L
96	119	Lp
97	0	L
97	1	Lp
97	2	Lp
97	3	L
97	4	L
97	5	U
97	6	U
97	7	U
97	8	Lp
97	9	Lp
97	10	L
97	11	Lp
97	12	Lp
97	13	-1
97	14	Lp
97	15	Lp
97	16	Lp
97	17	-1
97	18	L
97	19	Lp
97	20	Lp
97	21	U
97	22	Lp
97	23	Lp
97	24	Lp
97	25	Lp
97	26	Lp
97	27	Lp
97	28	Lp
97	29	Lp
97	30	Lp
97	31	Lp
97	32	L
97	33	Lp
97	34	Lp
97	35	-1
97	36	Lp
97	37	Lp
97	38	Lp
97	39	Lp
97	40	Lp
97	41	Lp
97	42	Lp
97	43	Lp
97	44	Lp
97	45	U
97	46	Lp
97	47	Lp
97	48	Lp
97	49	Lp
97	50	Lp
97	51	Lp
97	52	-1
97	53	Lp
97	54	Lp
97	55	Lp
97	56	Lp
97	57	Lp
97	58	Lp
97	59	Lp
97	60	Lp
97	61	Lp
97	62	Lp
97	63	Lp
97	64	Lp
97	65	Lp
97	66	Lp
97	67	-1
97	68	Lp
97	69	Lp
97	70	Lp
97	71	-1
97	72	Lp
97	73	Lp
97	74	-1
97	75	Lp
97	76	L
97	77	L
97	78	L
97	79	L
97	80	-1
97	81	U
97	82	Lp
97	83	Lp
97	84	-1
97	85	Lp
97	86	-1
97	87	Lp
97	88	Lp
97	89	-1
97	90	Lp
97	91	Lp
97	92	Lp
97	93	Lp
97	94	Lp
97	95	Lp
97	96	Lp
97	97	-1
97	98	Lp
97	99	-1
97	100	U
97	101	Lp
97	102	U
97	103	Lp
97	104	Lp
97	105	Lp
97	106	Lp
97	107	Lp
97	108	-1
97	109	Lp
97	110	Lp
97	111	-1
97	112	Lp
97	113	Lp
97	114	L
97	115	Lp
97	116	-1
97	117	U
97	118	U
97	119	U
98	0	U
98	1	L
98	2	L
98	3	Lp
98	4	L
98	5	U
98	6	Lp
98	7	Lp
98	8	U
98	9	Lp
98	10	Lp
98	11	Lp
98	12	Lp
98	13	Lp
98	14	Lp
98	15	Lp
98	16	Lp
98	17	-1
98	18	L
98	19	L
98	20	Lp
98	21	Lp
98	22	-1
98	23	-1
98	24	Lp
98	25	Lp
98	26	-1
98	27	Lp
98	28	Lp
98	29	Lp
98	30	Lp
98	31	-1
98	32	L
98	33	L
98	34	Lp
98	35	Lp
98	36	Lp
98	37	Lp
98	38	Lp
98	39	Lp
98	40	Lp
98	41	Lp
98	42	Lp
98	43	Lp
98	44	-1
98	45	-1
98	46	Lp
98	47	Lp
98	48	Lp
98	49	-1
98	50	Lp
98	51	-1
98	52	Lp
98	53	Lp
98	54	Lp
98	55	Lp
98	56	Lp
98	57	-1
98	58	Lp
98	59	Lp
98	60	Lp
98	61	Lp
98	62	Lp
98	63	Lp
98	64	Lp
98	65	Lp
98	66	Lp
98	67	Lp
98	68	Lp
98	69	-1
98	70	Lp
98	71	Lp
98	72	-1
98	73	-1
98	74	Lp
98	75	-1
98	76	L
98	77	L
98	78	U
98	79	L
98	80	L
98	81	Lp
98	82	Lp
98	83	Lp
98	84	-1
98	85	Lp
98	86	Lp
98	87	L
98	88	L
98	89	-1
98	90	Lp
98	91	Lp
98	92	Lp
98	93	Lp
98	94	Lp
98	95	Lp
98	96	Lp
98	97	Lp
98	98	Lp
98	99	-1
98	100	L
98	101	Lp
98	102	Lp
98	103	Lp
98	104	-1
98	105	Lp
98	106	Lp
98	107	Lp
98	108	Lp
98	109	Lp
98	110	Lp
98	111	Lp
98	112	Lp
98	113	Lp
98	114	-1
98	115	Lp
98	116	Lp
98	117	U
98	118	-1
98	119	L
99	0	L
99	1	-1
99	2	Lp
99	3	L
99	4	Lp
99	5	Lp
99	6	Lp
99	7	L
99	8	Lp
99	9	Lp
99	10	Lp
99	11	Lp
99	12	Lp
99	13	Lp
99	14	-1
99	15	Lp
99	16	Lp
99	17	Lp
99	18	Lp
99	19	Lp
99	20	Lp
99	21	Lp
99	22	Lp
99	23	Lp
99	24	Lp
99	25	Lp
99	26	Lp
99	27	-1
99	28	Lp
99	29	Lp
99	30	-1
99	31	Lp
99	32	-1
99	33	L
99	34	Lp
99	35	Lp
99	36	Lp
99	37	Lp
99	38	Lp
99	39	Lp
99	40	Lp
99	41	L
99	42	Lp
99	43	Lp
99	44	-1
99	45	Lp
99	46	Lp
99	47	Lp
99	48	Lp
99	49	Lp
99	50	Lp
99	51	Lp
99	52	Lp
99	53	Lp
99	54	Lp
99	55	Lp
99	56	Lp
99	57	Lp
99	58	Lp
99	59	Lp
99	60	Lp
99	61	Lp
99	62	Lp
99	63	-1
99	64	Lp
99	65	Lp
99	66	Lp
99	67	Lp
99	68	Lp
99	69	Lp
99	70	Lp
99	71	Lp
99	72	Lp
99	73	-1
99	74	Lp
99	75	Lp
99	76	Lp
99	77	-1
99	78	L
99	79	Lp
99	80	L
99	81	-1
99	82	U
99	83	-1
99	84	Lp
99	85	Lp
99	86	-1
99	87	L
99	88	L
99	89	L
99	90	-1
99	91	Lp
99	92	Lp
99	93	-1
99	94	Lp
99	95	-1
99	96	Lp
99	97	L
99	98	-1
99	99	L
99	100	Lp
99	101	Lp
99	102	-1
99	103	Lp
99	104	Lp
99	105	Lp
99	106	Lp
99	107	Lp
99	108	Lp
99	109	Lp
99	110	-1
99	111	Lp
99	112	Lp
99	113	Lp
99	114	Lp
99	115	Lp
99	116	L
99	117	Lp
99	118	-1
99	119	-1
100	0	L
100	1	L
100	2	L
100	3	L
100	4	L
100	5	Lp
100	6	L
100	7	L
100	8	Lp
100	9	Lp
100	10	Lp
100	11	Lp
100	12	Lp
100	13	Lp
100	14	-1
100	15	Lp
100	16	Lp
100	17	Lp
100	18	Lp
100	19	Lp
100	20	Lp
100	21	Lp
100	22	Lp
100	23	U
100	24	Lp
100	25	-1
100	26	Lp
100	27	Lp
100	28	Lp
100	29	Lp
100	30	-1
100	31	Lp
100	32	Lp
100	33	Lp
100	34	Lp
100	35	Lp
100	36	Lp
100	37	Lp
100	38	Lp
100	39	Lp
100	40	Lp
100	41	L
100	42	L
100	43	Lp
100	44	Lp
100	45	Lp
100	46	Lp
100	47	Lp
100	48	Lp
100	49	Lp
100	50	Lp
100	51	Lp
100	52	Lp
100	53	Lp
100	54	Lp
100	55	Lp
100	56	Lp
100	57	Lp
100	58	Lp
100	59	Lp
100	60	Lp
100	61	Lp
100	62	Lp
100	63	Lp
100	64	Lp
100	65	Lp
100	66	Lp
100	67	Lp
100	68	Lp
100	69	-1
100	70	Lp
100	71	Lp
100	72	-1
100	73	Lp
100	74	Lp
100	75	Lp
100	76	Lp
100	77	L
100	78	Lp
100	79	-1
100	80	Lp
100	81	Lp
100	82	Lp
100	83	Lp
100	84	Lp
100	85	Lp
100	86	Lp
100	87	Lp
100	88	L
100	89	Lp
100	90	Lp
100	91	-1
100	92	-1
100	93	Lp
100	94	-1
100	95	-1
100	96	Lp
100	97	Lp
100	98	L
100	99	L
100	100	L
100	101	Lp
100	102	Lp
100	103	Lp
100	104	L
100	105	Lp
100	106	Lp
100	107	Lp
100	108	Lp
100	109	Lp
100	110	Lp
100	111	Lp
100	112	Lp
100	113	Lp
100	114	Lp
100	115	Lp
100	116	Lp
100	117	Lp
100	118	Lp
100	119	-1
101	0	Lp
101	1	Lp
101	2	Lp
101	3	-1
101	4	Lp
101	5	Lp
101	6	L
101	7	L
101	8	Lp
101	9	Lp
101	10	Lp
101	11	Lp
101	12	-1
101	13	Lp
101	14	Lp
101	15	Lp
101	16	Lp
101	17	-1
101	18	-1
101	19	-1
101	20	Lp
101	21	Lp
101	22	-1
101	23	Lp
101	24	Lp
101	25	Lp
101	26	-1
101	27	Lp
101	28	Lp
101	29	Lp
101	30	Lp
101	31	Lp
101	32	Lp
101	33	Lp
101	34	Lp
101	35	-1
101	36	Lp
101	37	Lp
101	38	Lp
101	39	Lp
101	40	-1
101	41	-1
101	42	L
101	43	U
101	44	Lp
101	45	Lp
101	46	-1
101	47	L
101	48	L
101	49	-1
101	50	Lp
101	51	L
101	52	Lp
101	53	Lp
101	54	Lp
101	55	Lp
101	56	L
101	57	L
101	58	Lp
101	59	-1
101	60	-1
101	61	Lp
101	62	Lp
101	63	Lp
101	64	Lp
101	65	Lp
101	66	Lp
101	67	Lp
101	68	Lp
101	69	-1
101	70	Lp
101	71	Lp
101	72	-1
101	73	Lp
101	74	-1
101	75	-1
101	76	Lp
101	77	Lp
101	78	Lp
101	79	Lp
101	80	Lp
101	81	-1
101	82	Lp
101	83	Lp
101	84	Lp
101	85	Lp
101	86	Lp
101	87	L
101	88	L
101	89	L
101	90	Lp
101	91	Lp
101	92	Lp
101	93	-1
101	94	Lp
101	95	Lp
101	96	Lp
101	97	Lp
101	98	U
101	99	L
101	100	Lp
101	101	L
101	102	Lp
101	103	Lp
101	104	-1
101	105	L
101	106	Lp
101	107	Lp
101	108	Lp
101	109	-1
101	110	Lp
101	111	Lp
101	112	-1
101	113	Lp
101	114	Lp
101	115	Lp
101	116	-1
101	117	Lp
101	118	L
101	119	Lp
102	0	L
102	1	Lp
102	2	Lp
102	3	Lp
102	4	L
102	5	-1
102	6	Lp
102	7	Lp
102	8	-1
102	9	Lp
102	10	-1
102	11	-1
102	12	Lp
102	13	Lp
102	14	Lp
102	15	Lp
102	16	Lp
102	17	Lp
102	18	Lp
102	19	Lp
102	20	Lp
102	21	Lp
102	22	Lp
102	23	Lp
102	24	Lp
102	25	Lp
102	26	Lp
102	27	Lp
102	28	Lp
102	29	U
102	30	Lp
102	31	Lp
102	32	Lp
102	33	Lp
102	34	Lp
102	35	Lp
102	36	Lp
102	37	Lp
102	38	Lp
102	39	Lp
102	40	Lp
102	41	L
102	42	L
102	43	L
102	44	U
102	45	L
102	46	Lp
102	47	L
102	48	L
102	49	Lp
102	50	-1
102	51	L
102	52	Lp
102	53	Lp
102	54	Lp
102	55	Lp
102	56	L
102	57	Lp
102	58	Lp
102	59	Lp
102	60	-1
102	61	Lp
102	62	Lp
102	63	Lp
102	64	-1
102	65	Lp
102	66	Lp
102	67	Lp
102	68	Lp
102	69	Lp
102	70	-1
102	71	Lp
102	72	Lp
102	73	Lp
102	74	Lp
102	75	Lp
102	76	Lp
102	77	L
102	78	L
102	79	Lp
102	80	Lp
102	81	-1
102	82	Lp
102	83	Lp
102	84	L
102	85	L
102	86	Lp
102	87	Lp
102	88	Lp
102	89	Lp
102	90	Lp
102	91	Lp
102	92	Lp
102	93	-1
102	94	Lp
102	95	Lp
102	96	Lp
102	97	Lp
102	98	Lp
102	99	L
102	100	L
102	101	Lp
102	102	L
102	103	-1
102	104	Lp
102	105	L
102	106	Lp
102	107	Lp
102	108	-1
102	109	Lp
102	110	Lp
102	111	Lp
102	112	Lp
102	113	Lp
102	114	Lp
102	115	Lp
102	116	Lp
102	117	Lp
102	118	Lp
102	119	L
103	0	Lp
103	1	Lp
103	2	-1
103	3	Lp
103	4	Lp
103	5	Lp
103	6	Lp
103	7	Lp
103	8	Lp
103	9	Lp
103	10	Lp
103	11	Lp
103	12	Lp
103	13	-1
103	14	Lp
103	15	Lp
103	16	Lp
103	17	Lp
103	18	Lp
103	19	Lp
103	20	Lp
103	21	-1
103	22	Lp
103	23	Lp
103	24	-1
103	25	Lp
103	26	Lp
103	27	Lp
103	28	Lp
103	29	U
103	30	Lp
103	31	Lp
103	32	Lp
103	33	-1
103	34	-1
103	35	Lp
103	36	Lp
103	37	Lp
103	38	Lp
103	39	L
103	40	L
103	41	L
103	42	L
103	43	L
103	44	L
103	45	L
103	46	-1
103	47	U
103	48	L
103	49	L
103	50	U
103	51	Lp
103	52	Lp
103	53	Lp
103	54	Lp
103	55	L
103	56	L
103	57	-1
103	58	L
103	59	Lp
103	60	L
103	61	-1
103	62	Lp
103	63	Lp
103	64	Lp
103	65	Lp
103	66	Lp
103	67	Lp
103	68	Lp
103	69	Lp
103	70	Lp
103	71	Lp
103	72	Lp
103	73	Lp
103	74	Lp
103	75	Lp
103	76	Lp
103	77	Lp
103	78	Lp
103	79	-1
103	80	-1
103	81	Lp
103	82	Lp
103	83	Lp
103	84	-1
103	85	Lp
103	86	-1
103	87	L
103	88	L
103	89	-1
103	90	Lp
103	91	Lp
103	92	L
103	93	-1
103	94	Lp
103	95	L
103	96	-1
103	97	Lp
103	98	Lp
103	99	L
103	100	L
103	101	Lp
103	102	L
103	103	L
103	104	Lp
103	105	Lp
103	106	-1
103	107	Lp
103	108	Lp
103	109	Lp
103	110	-1
103	111	-1
103	112	Lp
103	113	Lp
103	114	Lp
103	115	-1
103	116	U
103	117	Lp
103	118	Lp
103	119	Lp
104	0	-1
104	1	L
104	2	Lp
104	3	L
104	4	Lp
104	5	Lp
104	6	Lp
104	7	Lp
104	8	-1
104	9	Lp
104	10	Lp
104	11	Lp
104	12	Lp
104	13	Lp
104	14	Lp
104	15	-1
104	16	Lp
104	17	Lp
104	18	Lp
104	19	Lp
104	20	Lp
104	21	Lp
104	22	Lp
104	23	Lp
104	24	Lp
104	25	Lp
104	26	Lp
104	27	Lp
104	28	-1
104	29	U
104	30	-1
104	31	Lp
104	32	Lp
104	33	Lp
104	34	-1
104	35	Lp
104	36	Lp
104	37	Lp
104	38	Lp
104	39	Lp
104	40	L
104	41	-1
104	42	L
104	43	L
104	44	L
104	45	L
104	46	U
104	47	L
104	48	-1
104	49	L
104	50	Lp
104	51	Lp
104	52	Lp
104	53	Lp
104	54	Lp
104	55	L
104	56	L
104	57	-1
104	58	-1
104	59	L
104	60	Lp
104	61	Lp
104	62	-1
104	63	-1
104	64	Lp
104	65	Lp
104	66	L
104	67	Lp
104	68	-1
104	69	Lp
104	70	Lp
104	71	Lp
104	72	Lp
104	73	Lp
104	74	Lp
104	75	Lp
104	76	Lp
104	77	Lp
104	78	Lp
104	79	Lp
104	80	-1
104	81	Lp
104	82	Lp
104	83	Lp
104	84	Lp
104	85	Lp
104	86	Lp
104	87	-1
104	88	L
104	89	L
104	90	-1
104	91	Lp
104	92	L
104	93	-1
104	94	L
104	95	L
104	96	L
104	97	L
104	98	-1
104	99	Lp
104	100	Lp
104	101	L
104	102	L
104	103	L
104	104	L
104	105	L
104	106	-1
104	107	Lp
104	108	Lp
104	109	-1
104	110	-1
104	111	L
104	112	Lp
104	113	-1
104	114	Lp
104	115	U
104	116	Lp
104	117	Lp
104	118	Lp
104	119	Lp
105	0	Lp
105	1	Lp
105	2	Lp
105	3	-1
105	4	L
105	5	Lp
105	6	Lp
105	7	Lp
105	8	Lp
105	9	Lp
105	10	Lp
105	11	Lp
105	12	Lp
105	13	Lp
105	14	Lp
105	15	Lp
105	16	Lp
105	17	Lp
105	18	-1
105	19	-1
105	20	Lp
105	21	Lp
105	22	-1
105	23	Lp
105	24	Lp
105	25	Lp
105	26	Lp
105	27	Lp
105	28	U
105	29	U
105	30	Lp
105	31	Lp
105	32	Lp
105	33	Lp
105	34	Lp
105	35	-1
105	36	Lp
105	37	Lp
105	38	Lp
105	39	-1
105	40	U
105	41	-1
105	42	L
105	43	L
105	44	L
105	45	U
105	46	-1
105	47	Lp
105	48	Lp
105	49	-1
105	50	L
105	51	Lp
105	52	L
105	53	Lp
105	54	-1
105	55	Lp
105	56	-1
105	57	L
105	58	L
105	59	U
105	60	Lp
105	61	Lp
105	62	Lp
105	63	L
105	64	-1
105	65	Lp
105	66	L
105	67	L
105	68	Lp
105	69	Lp
105	70	Lp
105	71	Lp
105	72	-1
105	73	L
105	74	-1
105	75	-1
105	76	Lp
105	77	-1
105	78	Lp
105	79	Lp
105	80	Lp
105	81	Lp
105	82	-1
105	83	Lp
105	84	Lp
105	85	Lp
105	86	L
105	87	Lp
105	88	L
105	89	L
105	90	-1
105	91	L
105	92	L
105	93	Lp
105	94	L
105	95	L
105	96	L
105	97	L
105	98	-1
105	99	L
105	100	L
105	101	L
105	102	L
105	103	L
105	104	-1
105	105	Lp
105	106	Lp
105	107	Lp
105	108	Lp
105	109	-1
105	110	Lp
105	111	L
105	112	Lp
105	113	Lp
105	114	U
105	115	Lp
105	116	Lp
105	117	Lp
105	118	-1
105	119	Lp
106	0	Lp
106	1	Lp
106	2	Lp
106	3	Lp
106	4	-1
106	5	-1
106	6	-1
106	7	Lp
106	8	Lp
106	9	-1
106	10	Lp
106	11	Lp
106	12	Lp
106	13	Lp
106	14	Lp
106	15	Lp
106	16	Lp
106	17	Lp
106	18	Lp
106	19	-1
106	20	Lp
106	21	Lp
106	22	Lp
106	23	-1
106	24	Lp
106	25	Lp
106	26	Lp
106	27	Lp
106	28	Lp
106	29	-1
106	30	Lp
106	31	L
106	32	L
106	33	-1
106	34	L
106	35	-1
106	36	L
106	37	Lp
106	38	Lp
106	39	Lp
106	40	U
106	41	L
106	42	L
106	43	L
106	44	U
106	45	Lp
106	46	Lp
106	47	Lp
106	48	Lp
106	49	L
106	50	L
106	51	Lp
106	52	L
106	53	L
106	54	L
106	55	-1
106	56	Lp
106	57	L
106	58	L
106	59	U
106	60	Lp
106	61	L
106	62	-1
106	63	L
106	64	U
106	65	L
106	66	Lp
106	67	-1
106	68	Lp
106	69	Lp
106	70	Lp
106	71	Lp
106	72	L
106	73	L
106	74	L
106	75	L
106	76	Lp
106	77	L
106	78	-1
106	79	-1
106	80	Lp
106	81	Lp
106	82	Lp
106	83	Lp
106	84	Lp
106	85	Lp
106	86	Lp
106	87	Lp
106	88	L
106	89	Lp
106	90	L
106	91	L
106	92	Lp
106	93	L
106	94	L
106	95	U
106	96	U
106	97	L
106	98	Lp
106	99	-1
106	100	Lp
106	101	L
106	102	-1
106	103	L
106	104	-1
106	105	L
106	106	L
106	107	Lp
106	108	Lp
106	109	Lp
106	110	L
106	111	L
106	112	L
106	113	-1
106	114	Lp
106	115	L
106	116	L
106	117	Lp
106	118	Lp
106	119	Lp
107	0	Lp
107	1	Lp
107	2	Lp
107	3	Lp
107	4	Lp
107	5	Lp
107	6	Lp
107	7	Lp
107	8	Lp
107	9	Lp
107	10	-1
107	11	Lp
107	12	Lp
107	13	-1
107	14	-1
107	15	Lp
107	16	Lp
107	17	Lp
107	18	Lp
107	19	Lp
107	20	Lp
107	21	Lp
107	22	Lp
107	23	-1
107	24	Lp
107	25	Lp
107	26	Lp
107	27	Lp
107	28	Lp
107	29	Lp
107	30	L
107	31	L
107	32	Lp
107	33	Lp
107	34	-1
107	35	L
107	36	L
107	37	L
107	38	-1
107	39	Lp
107	40	U
107	41	Lp
107	42	L
107	43	U
107	44	L
107	45	Lp
107	46	Lp
107	47	Lp
107	48	-1
107	49	Lp
107	50	Lp
107	51	Lp
107	52	Lp
107	53	L
107	54	L
107	55	L
107	56	L
107	57	Lp
107	58	-1
107	59	U
107	60	L
107	61	L
107	62	L
107	63	-1
107	64	L
107	65	Lp
107	66	L
107	67	Lp
107	68	Lp
107	69	Lp
107	70	U
107	71	-1
107	72	L
107	73	Lp
107	74	-1
107	75	L
107	76	L
107	77	Lp
107	78	Lp
107	79	Lp
107	80	Lp
107	81	Lp
107	82	-1
107	83	Lp
107	84	Lp
107	85	Lp
107	86	-1
107	87	L
107	88	Lp
107	89	Lp
107	90	Lp
107	91	L
107	92	L
107	93	L
107	94	U
107	95	U
107	96	L
107	97	L
107	98	Lp
107	99	Lp
107	100	Lp
107	101	Lp
107	102	Lp
107	103	-1
107	104	Lp
107	105	-1
107	106	Lp
107	107	L
107	108	Lp
107	109	Lp
107	110	L
107	111	-1
107	112	L
107	113	L
107	114	Lp
107	115	L
107	116	L
107	117	Lp
107	118	Lp
107	119	Lp
108	0	Lp
108	1	Lp
108	2	-1
108	3	-1
108	4	Lp
108	5	Lp
108	6	Lp
108	7	Lp
108	8	Lp
108	9	Lp
108	10	Lp
108	11	Lp
108	12	Lp
108	13	-1
108	14	Lp
108	15	Lp
108	16	Lp
108	17	Lp
108	18	Lp
108	19	Lp
108	20	-1
108	21	Lp
108	22	Lp
108	23	Lp
108	24	Lp
108	25	Lp
108	26	-1
108	27	Lp
108	28	-1
108	29	L
108	30	L
108	31	L
108	32	L
108	33	Lp
108	34	L
108	35	-1
108	36	L
108	37	U
108	38	Lp
108	39	Lp
108	40	U
108	41	U
108	42	U
108	43	U
108	44	U
108	45	U
108	46	-1
108	47	Lp
108	48	Lp
108	49	-1
108	50	Lp
108	51	Lp
108	52	Lp
108	53	L
108	54	Lp
108	55	-1
108	56	Lp
108	57	L
108	58	Lp
108	59	L
108	60	L
108	61	L
108	62	L
108	63	L
108	64	L
108	65	L
108	66	Lp
108	67	L
108	68	L
108	69	Lp
108	70	U
108	71	U
108	72	-1
108	73	L
108	74	L
108	75	Lp
108	76	Lp
108	77	Lp
108	78	-1
108	79	Lp
108	80	Lp
108	81	Lp
108	82	Lp
108	83	Lp
108	84	Lp
108	85	Lp
108	86	Lp
108	87	-1
108	88	L
108	89	U
108	90	Lp
108	91	Lp
108	92	L
108	93	L
108	94	-1
108	95	U
108	96	U
108	97	L
108	98	-1
108	99	-1
108	100	Lp
108	101	-1
108	102	Lp
108	103	Lp
108	104	Lp
108	105	Lp
108	106	-1
108	107	L
108	108	-1
108	109	-1
108	110	L
108	111	-1
108	112	L
108	113	L
108	114	-1
108	115	Lp
108	116	L
108	117	L
108	118	Lp
108	119	Lp
109	0	Lp
109	1	Lp
109	2	Lp
109	3	Lp
109	4	Lp
109	5	Lp
109	6	Lp
109	7	Lp
109	8	Lp
109	9	-1
109	10	Lp
109	11	Lp
109	12	-1
109	13	Lp
109	14	-1
109	15	Lp
109	16	Lp
109	17	Lp
109	18	Lp
109	19	Lp
109	20	Lp
109	21	-1
109	22	Lp
109	23	Lp
109	24	Lp
109	25	Lp
109	26	U
109	27	L
109	28	L
109	29	-1
109	30	L
109	31	L
109	32	-1
109	33	Lp
109	34	Lp
109	35	Lp
109	36	Lp
109	37	L
109	38	L
109	39	Lp
109	40	U
109	41	U
109	42	U
109	43	Lp
109	44	U
109	45	-1
109	46	Lp
109	47	-1
109	48	-1
109	49	-1
109	50	Lp
109	51	Lp
109	52	-1
109	53	Lp
109	54	Lp
109	55	Lp
109	56	-1
109	57	-1
109	58	L
109	59	Lp
109	60	L
109	61	Lp
109	62	-1
109	63	-1
109	64	-1
109	65	Lp
109	66	Lp
109	67	Lp
109	68	-1
109	69	U
109	70	Lp
109	71	Lp
109	72	L
109	73	L
109	74	Lp
109	75	-1
109	76	-1
109	77	Lp
109	78	-1
109	79	Lp
109	80	Lp
109	81	Lp
109	82	Lp
109	83	Lp
109	84	Lp
109	85	Lp
109	86	Lp
109	87	-1
109	88	-1
109	89	Lp
109	90	Lp
109	91	-1
109	92	Lp
109	93	L
109	94	Lp
109	95	L
109	96	U
109	97	U
109	98	L
109	99	L
109	100	Lp
109	101	Lp
109	102	Lp
109	103	Lp
109	104	Lp
109	105	Lp
109	106	Lp
109	107	L
109	108	Lp
109	109	Lp
109	110	L
109	111	L
109	112	Lp
109	113	Lp
109	114	Lp
109	115	Lp
109	116	L
109	117	-1
109	118	Lp
109	119	Lp
110	0	Lp
110	1	Lp
110	2	Lp
110	3	Lp
110	4	Lp
110	5	-1
110	6	-1
110	7	Lp
110	8	Lp
110	9	Lp
110	10	Lp
110	11	Lp
110	12	Lp
110	13	Lp
110	14	-1
110	15	Lp
110	16	Lp
110	17	Lp
110	18	Lp
110	19	Lp
110	20	Lp
110	21	-1
110	22	Lp
110	23	Lp
110	24	Lp
110	25	Lp
110	26	Lp
110	27	L
110	28	-1
110	29	L
110	30	L
110	31	Lp
110	32	-1
110	33	L
110	34	L
110	35	-1
110	36	Lp
110	37	Lp
110	38	L
110	39	-1
110	40	-1
110	41	Lp
110	42	U
110	43	U
110	44	U
110	45	-1
110	46	L
110	47	Lp
110	48	-1
110	49	Lp
110	50	Lp
110	51	Lp
110	52	Lp
110	53	Lp
110	54	Lp
110	55	Lp
110	56	Lp
110	57	-1
110	58	Lp
110	59	L
110	60	L
110	61	Lp
110	62	Lp
110	63	Lp
110	64	Lp
110	65	L
110	66	Lp
110	67	U
110	68	L
110	69	L
110	70	L
110	71	L
110	72	L
110	73	Lp
110	74	Lp
110	75	Lp
110	76	Lp
110	77	Lp
110	78	Lp
110	79	-1
110	80	Lp
110	81	Lp
110	82	Lp
110	83	Lp
110	84	Lp
110	85	Lp
110	86	-1
110	87	-1
110	88	-1
110	89	Lp
110	90	Lp
110	91	-1
110	92	Lp
110	93	Lp
110	94	L
110	95	L
110	96	L
110	97	L
110	98	L
110	99	L
110	100	-1
110	101	Lp
110	102	Lp
110	103	Lp
110	104	Lp
110	105	Lp
110	106	Lp
110	107	Lp
110	108	Lp
110	109	Lp
110	110	Lp
110	111	Lp
110	112	Lp
110	113	Lp
110	114	U
110	115	-1
110	116	Lp
110	117	Lp
110	118	Lp
110	119	Lp
111	0	Lp
111	1	U
111	2	Lp
111	3	-1
111	4	Lp
111	5	Lp
111	6	-1
111	7	Lp
111	8	Lp
111	9	Lp
111	10	Lp
111	11	Lp
111	12	Lp
111	13	Lp
111	14	Lp
111	15	Lp
111	16	-1
111	17	-1
111	18	Lp
111	19	Lp
111	20	Lp
111	21	Lp
111	22	Lp
111	23	-1
111	24	Lp
111	25	-1
111	26	Lp
111	27	Lp
111	28	Lp
111	29	Lp
111	30	L
111	31	L
111	32	-1
111	33	L
111	34	L
111	35	L
111	36	Lp
111	37	Lp
111	38	-1
111	39	Lp
111	40	U
111	41	U
111	42	L
111	43	Lp
111	44	Lp
111	45	-1
111	46	L
111	47	Lp
111	48	Lp
111	49	-1
111	50	Lp
111	51	-1
111	52	Lp
111	53	Lp
111	54	Lp
111	55	Lp
111	56	Lp
111	57	Lp
111	58	-1
111	59	Lp
111	60	-1
111	61	-1
111	62	Lp
111	63	Lp
111	64	Lp
111	65	Lp
111	66	L
111	67	L
111	68	L
111	69	-1
111	70	L
111	71	L
111	72	-1
111	73	L
111	74	Lp
111	75	Lp
111	76	-1
111	77	Lp
111	78	Lp
111	79	Lp
111	80	Lp
111	81	Lp
111	82	Lp
111	83	Lp
111	84	Lp
111	85	Lp
111	86	Lp
111	87	Lp
111	88	L
111	89	Lp
111	90	Lp
111	91	-1
111	92	Lp
111	93	L
111	94	L
111	95	L
111	96	-1
111	97	L
111	98	L
111	99	L
111	100	L
111	101	-1
111	102	-1
111	103	Lp
111	104	-1
111	105	Lp
111	106	Lp
111	107	Lp
111	108	Lp
111	109	Lp
111	110	Lp
111	111	Lp
111	112	Lp
111	113	Lp
111	114	-1
111	115	U
111	116	Lp
111	117	Lp
111	118	Lp
111	119	Lp
112	0	Lp
112	1	-1
112	2	Lp
112	3	-1
112	4	Lp
112	5	Lp
112	6	Lp
112	7	Lp
112	8	-1
112	9	Lp
112	10	Lp
112	11	Lp
112	12	Lp
112	13	Lp
112	14	Lp
112	15	Lp
112	16	Lp
112	17	Lp
112	18	Lp
112	19	Lp
112	20	Lp
112	21	Lp
112	22	Lp
112	23	Lp
112	24	-1
112	25	Lp
112	26	-1
112	27	Lp
112	28	Lp
112	29	-1
112	30	Lp
112	31	L
112	32	L
112	33	L
112	34	L
112	35	L
112	36	Lp
112	37	Lp
112	38	-1
112	39	L
112	40	-1
112	41	L
112	42	L
112	43	-1
112	44	Lp
112	45	L
112	46	L
112	47	Lp
112	48	Lp
112	49	Lp
112	50	L
112	51	L
112	52	Lp
112	53	Lp
112	54	Lp
112	55	Lp
112	56	Lp
112	57	Lp
112	58	Lp
112	59	Lp
112	60	Lp
112	61	Lp
112	62	Lp
112	63	Lp
112	64	Lp
112	65	-1
112	66	-1
112	67	L
112	68	L
112	69	L
112	70	L
112	71	-1
112	72	L
112	73	L
112	74	L
112	75	L
112	76	Lp
112	77	-1
112	78	Lp
112	79	Lp
112	80	Lp
112	81	Lp
112	82	Lp
112	83	Lp
112	84	Lp
112	85	Lp
112	86	-1
112	87	Lp
112	88	U
112	89	L
112	90	Lp
112	91	Lp
112	92	L
112	93	Lp
112	94	L
112	95	L
112	96	L
112	97	L
112	98	L
112	99	L
112	100	L
112	101	-1
112	102	Lp
112	103	-1
112	104	Lp
112	105	Lp
112	106	Lp
112	107	Lp
112	108	Lp
112	109	Lp
112	110	Lp
112	111	Lp
112	112	Lp
112	113	Lp
112	114	Lp
112	115	-1
112	116	Lp
112	117	Lp
112	118	-1
112	119	Lp
113	0	Lp
113	1	Lp
113	2	Lp
113	3	Lp
113	4	Lp
113	5	Lp
113	6	Lp
113	7	Lp
113	8	Lp
113	9	Lp
113	10	-1
113	11	Lp
113	12	Lp
113	13	Lp
113	14	Lp
113	15	Lp
113	16	-1
113	17	Lp
113	18	Lp
113	19	Lp
113	20	Lp
113	21	Lp
113	22	Lp
113	23	Lp
113	24	Lp
113	25	Lp
113	26	Lp
113	27	Lp
113	28	Lp
113	29	Lp
113	30	Lp
113	31	Lp
113	32	L
113	33	L
113	34	L
113	35	L
113	36	Lp
113	37	L
113	38	Lp
113	39	Lp
113	40	-1
113	41	L
113	42	-1
113	43	Lp
113	44	Lp
113	45	Lp
113	46	Lp
113	47	Lp
113	48	L
113	49	L
113	50	Lp
113	51	L
113	52	L
113	53	Lp
113	54	Lp
113	55	L
113	56	Lp
113	57	Lp
113	58	Lp
113	59	Lp
113	60	Lp
113	61	-1
113	62	Lp
113	63	Lp
113	64	-1
113	65	Lp
113	66	Lp
113	67	Lp
113	68	L
113	69	L
113	70	-1
113	71	L
113	72	-1
113	73	L
113	74	L
113	75	-1
113	76	Lp
113	77	Lp
113	78	Lp
113	79	Lp
113	80	-1
113	81	Lp
113	82	Lp
113	83	-1
113	84	Lp
113	85	Lp
113	86	U
113	87	U
113	88	U
113	89	Lp
113	90	Lp
113	91	L
113	92	L
113	93	L
113	94	-1
113	95	L
113	96	L
113	97	L
113	98	L
113	99	-1
113	100	-1
113	101	Lp
113	102	Lp
113	103	-1
113	104	Lp
113	105	Lp
113	106	Lp
113	107	Lp
113	108	Lp
113	109	Lp
113	110	Lp
113	111	Lp
113	112	Lp
113	113	Lp
113	114	-1
113	115	Lp
113	116	Lp
113	117	Lp
113	118	Lp
113	119	Lp
114	0	U
114	1	-1
114	2	-1
114	3	U
114	4	Lp
114	5	-1
114	6	-1
114	7	Lp
114	8	Lp
114	9	Lp
114	10	Lp
114	11	Lp
114	12	Lp
114	13	Lp
114	14	Lp
114	15	Lp
114	16	Lp
114	17	Lp
114	18	Lp
114	19	Lp
114	20	Lp
114	21	Lp
114	22	Lp
114	23	Lp
114	24	Lp
114	25	Lp
114	26	-1
114	27	Lp
114	28	Lp
114	29	Lp
114	30	Lp
114	31	Lp
114	32	Lp
114	33	Lp
114	34	-1
114	35	Lp
114	36	-1
114	37	Lp
114	38	Lp
114	39	-1
114	40	Lp
114	41	Lp
114	42	Lp
114	43	Lp
114	44	Lp
114	45	Lp
114	46	L
114	47	L
114	48	L
114	49	-1
114	50	L
114	51	L
114	52	Lp
114	53	Lp
114	54	L
114	55	L
114	56	Lp
114	57	Lp
114	58	Lp
114	59	Lp
114	60	Lp
114	61	Lp
114	62	Lp
114	63	Lp
114	64	Lp
114	65	Lp
114	66	Lp
114	67	Lp
114	68	Lp
114	69	L
114	70	L
114	71	L
114	72	L
114	73	L
114	74	L
114	75	L
114	76	Lp
114	77	Lp
114	78	Lp
114	79	Lp
114	80	-1
114	81	-1
114	82	Lp
114	83	Lp
114	84	-1
114	85	Lp
114	86	Lp
114	87	Lp
114	88	Lp
114	89	Lp
114	90	L
114	91	L
114	92	-1
114	93	L
114	94	L
114	95	L
114	96	L
114	97	L
114	98	-1
114	99	L
114	100	L
114	101	-1
114	102	-1
114	103	Lp
114	104	Lp
114	105	Lp
114	106	Lp
114	107	Lp
114	108	Lp
114	109	-1
114	110	Lp
114	111	Lp
114	112	Lp
114	113	Lp
114	114	Lp
114	115	Lp
114	116	Lp
114	117	Lp
114	118	Lp
114	119	Lp
115	0	Lp
115	1	U
115	2	U
115	3	U
115	4	-1
115	5	U
115	6	Lp
115	7	Lp
115	8	Lp
115	9	Lp
115	10	-1
115	11	Lp
115	12	Lp
115	13	Lp
115	14	Lp
115	15	Lp
115	16	Lp
115	17	Lp
115	18	Lp
115	19	-1
115	20	-1
115	21	U
115	22	Lp
115	23	Lp
115	24	Lp
115	25	Lp
115	26	Lp
115	27	Lp
115	28	-1
115	29	-1
115	30	Lp
115	31	Lp
115	32	-1
115	33	L
115	34	Lp
115	35	Lp
115	36	Lp
115	37	Lp
115	38	Lp
115	39	Lp
115	40	Lp
115	41	Lp
115	42	Lp
115	43	Lp
115	44	Lp
115	45	Lp
115	46	Lp
115	47	L
115	48	L
115	49	L
115	50	L
115	51	Lp
115	52	Lp
115	53	-1
115	54	L
115	55	L
115	56	Lp
115	57	-1
115	58	Lp
115	59	Lp
115	60	Lp
115	61	Lp
115	62	Lp
115	63	Lp
115	64	Lp
115	65	Lp
115	66	Lp
115	67	-1
115	68	-1
115	69	-1
115	70	L
115	71	L
115	72	L
115	73	L
115	74	-1
115	75	Lp
115	76	-1
115	77	Lp
115	78	Lp
115	79	Lp
115	80	Lp
115	81	Lp
115	82	Lp
115	83	Lp
115	84	-1
115	85	Lp
115	86	-1
115	87	U
115	88	Lp
115	89	Lp
115	90	L
115	91	L
115	92	-1
115	93	L
115	94	-1
115	95	L
115	96	L
115	97	L
115	98	L
115	99	L
115	100	L
115	101	Lp
115	102	Lp
115	103	Lp
115	104	-1
115	105	-1
115	106	Lp
115	107	Lp
115	108	Lp
115	109	Lp
115	110	Lp
115	111	-1
115	112	Lp
115	113	Lp
115	114	-1
115	115	Lp
115	116	-1
115	117	Lp
115	118	Lp
115	119	Lp
116	0	U
116	1	U
116	2	U
116	3	Lp
116	4	Lp
116	5	Lp
116	6	Lp
116	7	Lp
116	8	Lp
116	9	Lp
116	10	Lp
116	11	Lp
116	12	Lp
116	13	Lp
116	14	-1
116	15	Lp
116	16	Lp
116	17	Lp
116	18	-1
116	19	Lp
116	20	Lp
116	21	Lp
116	22	U
116	23	Lp
116	24	U
116	25	Lp
116	26	Lp
116	27	Lp
116	28	Lp
116	29	Lp
116	30	Lp
116	31	Lp
116	32	Lp
116	33	Lp
116	34	L
116	35	L
116	36	Lp
116	37	-1
116	38	-1
116	39	Lp
116	40	Lp
116	41	Lp
116	42	Lp
116	43	Lp
116	44	Lp
116	45	Lp
116	46	-1
116	47	Lp
116	48	L
116	49	U
116	50	L
116	51	L
116	52	Lp
116	53	L
116	54	L
116	55	-1
116	56	Lp
116	57	Lp
116	58	Lp
116	59	Lp
116	60	Lp
116	61	-1
116	62	Lp
116	63	Lp
116	64	Lp
116	65	Lp
116	66	Lp
116	67	Lp
116	68	Lp
116	69	Lp
116	70	Lp
116	71	Lp
116	72	L
116	73	Lp
116	74	Lp
116	75	Lp
116	76	Lp
116	77	Lp
116	78	Lp
116	79	Lp
116	80	-1
116	81	-1
116	82	Lp
116	83	Lp
116	84	-1
116	85	Lp
116	86	L
116	87	Lp
116	88	Lp
116	89	Lp
116	90	Lp
116	91	Lp
116	92	L
116	93	L
116	94	L
116	95	-1
116	96	L
116	97	L
116	98	L
116	99	L
116	100	Lp
116	101	Lp
116	102	Lp
116	103	-1
116	104	Lp
116	105	-1
116	106	Lp
116	107	Lp
116	108	Lp
116	109	Lp
116	110	Lp
116	111	Lp
116	112	Lp
116	113	Lp
116	114	Lp
116	115	Lp
116	116	Lp
116	117	Lp
116	118	Lp
116	119	U
117	0	-1
117	1	U
117	2	U
117	3	Lp
117	4	Lp
117	5	Lp
117	6	Lp
117	7	Lp
117	8	Lp
117	9	Lp
117	10	Lp
117	11	Lp
117	12	Lp
117	13	-1
117	14	Lp
117	15	Lp
117	16	Lp
117	17	-1
117	18	Lp
117	19	Lp
117	20	Lp
117	21	Lp
117	22	Lp
117	23	Lp
117	24	Lp
117	25	Lp
117	26	Lp
117	27	Lp
117	28	-1
117	29	Lp
117	30	Lp
117	31	Lp
117	32	Lp
117	33	Lp
117	34	-1
117	35	-1
117	36	Lp
117	37	Lp
117	38	Lp
117	39	Lp
117	40	Lp
117	41	-1
117	42	Lp
117	43	Lp
117	44	-1
117	45	Lp
117	46	-1
117	47	Lp
117	48	Lp
117	49	L
117	50	L
117	51	L
117	52	-1
117	53	-1
117	54	L
117	55	L
117	56	Lp
117	57	Lp
117	58	Lp
117	59	-1
117	60	Lp
117	61	Lp
117	62	Lp
117	63	Lp
117	64	-1
117	65	-1
117	66	Lp
117	67	Lp
117	68	Lp
117	69	Lp
117	70	Lp
117	71	U
117	72	-1
117	73	Lp
117	74	Lp
117	75	-1
117	76	Lp
117	77	Lp
117	78	Lp
117	79	-1
117	80	Lp
117	81	-1
117	82	L
117	83	Lp
117	84	L
117	85	L
117	86	Lp
117	87	Lp
117	88	Lp
117	89	Lp
117	90	Lp
117	91	L
117	92	L
117	93	L
117	94	L
117	95	L
117	96	L
117	97	L
117	98	L
117	99	L
117	100	L
117	101	Lp
117	102	Lp
117	103	Lp
117	104	Lp
117	105	-1
117	106	Lp
117	107	-1
117	108	Lp
117	109	Lp
117	110	Lp
117	111	Lp
117	112	Lp
117	113	Lp
117	114	Lp
117	115	-1
117	116	Lp
117	117	Lp
117	118	-1
117	119	Lp
118	0	Lp
118	1	Lp
118	2	Lp
118	3	Lp
118	4	Lp
118	5	-1
118	6	Lp
118	7	Lp
118	8	Lp
118	9	Lp
118	10	Lp
118	11	Lp
118	12	Lp
118	13	Lp
118	14	Lp
118	15	Lp
118	16	Lp
118	17	Lp
118	18	Lp
118	19	Lp
118	20	Lp
118	21	Lp
118	22	Lp
118	23	Lp
118	24	Lp
118	25	Lp
118	26	-1
118	27	Lp
118	28	-1
118	29	Lp
118	30	Lp
118	31	-1
118	32	Lp
118	33	Lp
118	34	Lp
118	35	Lp
118	36	-1
118	37	Lp
118	38	Lp
118	39	Lp
118	40	Lp
118	41	Lp
118	42	Lp
118	43	-1
118	44	Lp
118	45	-1
118	46	Lp
118	47	-1
118	48	Lp
118	49	Lp
118	50	-1
118	51	Lp
118	52	U
118	53	Lp
118	54	L
118	55	L
118	56	L
118	57	Lp
118	58	Lp
118	59	Lp
118	60	Lp
118	61	Lp
118	62	Lp
118	63	-1
118	64	Lp
118	65	L
118	66	Lp
118	67	Lp
118	68	-1
118	69	Lp
118	70	Lp
118	71	Lp
118	72	Lp
118	73	U
118	74	-1
118	75	Lp
118	76	Lp
118	77	Lp
118	78	Lp
118	79	-1
118	80	L
118	81	Lp
118	82	Lp
118	83	L
118	84	L
118	85	L
118	86	Lp
118	87	Lp
118	88	-1
118	89	Lp
118	90	-1
118	91	L
118	92	L
118	93	L
118	94	-1
118	95	L
118	96	L
118	97	L
118	98	L
118	99	-1
118	100	Lp
118	101	L
118	102	Lp
118	103	Lp
118	104	Lp
118	105	Lp
118	106	Lp
118	107	Lp
118	108	Lp
118	109	Lp
118	110	-1
118	111	Lp
118	112	-1
118	113	Lp
118	114	Lp
118	115	Lp
118	116	Lp
118	117	Lp
118	118	Lp
118	119	Lp
119	0	Lp
119	1	Lp
119	2	Lp
119	3	Lp
119	4	Lp
119	5	Lp
119	6	Lp
119	7	Lp
119	8	-1
119	9	Lp
119	10	Lp
119	11	-1
119	12	Lp
119	13	Lp
119	14	Lp
119	15	Lp
119	16	Lp
119	17	Lp
119	18	Lp
119	19	-1
119	20	Lp
119	21	-1
119	22	Lp
119	23	Lp
119	24	Lp
119	25	Lp
119	26	Lp
119	27	L
119	28	-1
119	29	Lp
119	30	-1
119	31	Lp
119	32	-1
119	33	-1
119	34	Lp
119	35	-1
119	36	Lp
119	37	Lp
119	38	Lp
119	39	Lp
119	40	Lp
119	41	Lp
119	42	Lp
119	43	Lp
119	44	Lp
119	45	Lp
119	46	Lp
119	47	Lp
119	48	Lp
119	49	Lp
119	50	Lp
119	51	Lp
119	52	U
119	53	U
119	54	Lp
119	55	Lp
119	56	Lp
119	57	Lp
119	58	Lp
119	59	Lp
119	60	Lp
119	61	Lp
119	62	-1
119	63	Lp
119	64	Lp
119	65	L
119	66	L
119	67	Lp
119	68	Lp
119	69	Lp
119	70	Lp
119	71	Lp
119	72	Lp
119	73	Lp
119	74	U
119	75	Lp
119	76	Lp
119	77	Lp
119	78	Lp
119	79	-1
119	80	Lp
119	81	L
119	82	L
119	83	Lp
119	84	L
119	85	Lp
119	86	Lp
119	87	Lp
119	88	Lp
119	89	Lp
119	90	Lp
119	91	L
119	92	L
119	93	L
119	94	Lp
119	95	L
119	96	L
119	97	L
119	98	-1
119	99	Lp
119	100	Lp
119	101	Lp
119	102	Lp
119	103	-1
119	104	L
119	105	-1
119	106	Lp
119	107	-1
119	108	Lp
119	109	Lp
119	110	Lp
119	111	U
119	112	Lp
119	113	Lp
119	114	-1
119	115	Lp
119	116	L
119	117	L
119	118	Lp
119	119	Lp
