0	0	Lp
0	1	Lp
0	2	Lp
0	3	-1
0	4	Lp
0	5	Lp
0	6	Lp
0	7	Lp
0	8	-1
0	9	Lp
0	10	Lp
0	11	Lp
0	12	-1
0	13	Lp
0	14	Lp
0	15	Lp
0	16	-1
0	17	Lp
0	18	Lp
0	19	Lp
0	20	Lp
0	21	Lp
0	22	Lp
0	23	Lp
0	24	Lp
0	25	Lp
0	26	Lp
0	27	Lp
0	28	Lp
0	29	Lp
0	30	Lp
0	31	Lp
0	32	Lp
0	33	Lp
0	34	Lp
0	35	Lp
0	36	Lp
0	37	-1
0	38	-1
0	39	Lp
0	40	L
0	41	L
0	42	Lp
0	43	Lp
0	44	Lp
0	45	L
0	46	L
0	47	L
0	48	-1
0	49	Lp
0	50	Lp
0	51	-1
0	52	Lp
0	53	Lp
0	54	Lp
0	55	Lp
0	56	Lp
0	57	Lp
0	58	Lp
0	59	Lp
0	60	Lp
0	61	Lp
0	62	Lp
0	63	Lp
0	64	Lp
0	65	-1
0	66	-1
0	67	Lp
0	68	-1
0	69	Lp
0	70	Lp
0	71	Lp
0	72	L
0	73	-1
0	74	-1
0	75	L
0	76	L
0	77	-1
0	78	L
0	79	L
0	80	-1
0	81	-1
0	82	-1
0	83	Lp
0	84	Lp
0	85	Lp
0	86	L
0	87	L
0	88	-1
0	89	Lp
0	90	L
0	91	L
0	92	Lp
0	93	Lp
0	94	L
0	95	L
0	96	L
0	97	L
0	98	-1
0	99	-1
0	100	Lp
0	101	Lp
0	102	-1
0	103	Lp
0	104	-1
0	105	L
0	106	L
0	107	Lp
0	108	-1
0	109	Lp
0	110	-1
0	111	Lp
0	112	Lp
0	113	Lp
0	114	Lp
0	115	Lp
0	116	Lp
0	117	L
0	118	Lp
0	119	Lp
1	0	-1
1	1	Lp
1	2	Lp
1	3	Lp
1	4	Lp
1	5	Lp
1	6	Lp
1	7	Lp
1	8	Lp
1	9	-1
1	10	Lp
1	11	Lp
1	12	Lp
1	13	Lp
1	14	Lp
1	15	-1
1	16	Lp
1	17	Lp
1	18	Lp
1	19	Lp
1	20	Lp
1	21	Lp
1	22	-1
1	23	Lp
1	24	Lp
1	25	Lp
1	26	-1
1	27	Lp
1	28	Lp
1	29	Lp
1	30	Lp
1	31	Lp
1	32	Lp
1	33	Lp
1	34	Lp
1	35	Lp
1	36	Lp
1	37	-1
1	38	L
1	39	Lp
1	40	Lp
1	41	L
1	42	Lp
1	43	Lp
1	44	Lp
1	45	Lp
1	46	-1
1	47	Lp
1	48	-1
1	49	Lp
1	50	Lp
1	51	L
1	52	Lp
1	53	Lp
1	54	Lp
1	55	Lp
1	56	-1
1	57	Lp
1	58	Lp
1	59	L
1	60	L
1	61	Lp
1	62	Lp
1	63	Lp
1	64	Lp
1	65	Lp
1	66	Lp
1	67	Lp
1	68	Lp
1	69	Lp
1	70	Lp
1	71	Lp
1	72	Lp
1	73	Lp
1	74	L
1	75	L
1	76	L
1	77	L
1	78	L
1	79	L
1	80	L
1	81	Lp
1	82	Lp
1	83	Lp
1	84	Lp
1	85	Lp
1	86	U
1	87	Lp
1	88	Lp
1	89	Lp
1	90	L
1	91	Lp
1	92	Lp
1	93	Lp
1	94	Lp
1	95	Lp
1	96	-1
1	97	Lp
1	98	L
1	99	Lp
1	100	Lp
1	101	L
1	102	L
1	103	L
1	104	Lp
1	105	Lp
1	106	Lp
1	107	L
1	108	Lp
1	109	Lp
1	110	Lp
1	111	Lp
1	112	-1
1	113	U
1	114	L
1	115	L
1	116	L
1	117	Lp
1	118	Lp
1	119	Lp
2	0	-1
2	1	Lp
2	2	Lp
2	3	Lp
2	4	Lp
2	5	-1
2	6	Lp
2	7	Lp
2	8	Lp
2	9	Lp
2	10	Lp
2	11	Lp
2	12	-1
2	13	Lp
2	14	U
2	15	U
2	16	-1
2	17	Lp
2	18	Lp
2	19	-1
2	20	U
2	21	U
2	22	Lp
2	23	Lp
2	24	-1
2	25	-1
2	26	-1
2	27	Lp
2	28	Lp
2	29	Lp
2	30	-1
2	31	Lp
2	32	Lp
2	33	Lp
2	34	Lp
2	35	Lp
2	36	Lp
2	37	-1
2	38	-1
2	39	-1
2	40	Lp
2	41	Lp
2	42	Lp
2	43	L
2	44	-1
2	45	Lp
2	46	Lp
2	47	Lp
2	48	L
2	49	-1
2	50	L
2	51	Lp
2	52	Lp
2	53	Lp
2	54	Lp
2	55	-1
2	56	Lp
2	57	Lp
2	58	-1
2	59	-1
2	60	Lp
2	61	L
2	62	Lp
2	63	-1
2	64	Lp
2	65	Lp
2	66	Lp
2	67	Lp
2	68	Lp
2	69	Lp
2	70	Lp
2	71	-1
2	72	-1
2	73	L
2	74	L
2	75	L
2	76	L
2	77	L
2	78	L
2	79	L
2	80	Lp
2	81	Lp
2	82	Lp
2	83	Lp
2	84	Lp
2	85	Lp
2	86	U
2	87	Lp
2	88	Lp
2	89	Lp
2	90	L
2	91	Lp
2	92	Lp
2	93	Lp
2	94	Lp
2	95	Lp
2	96	Lp
2	97	Lp
2	98	Lp
2	99	Lp
2	100	Lp
2	101	-1
2	102	L
2	103	L
2	104	-1
2	105	-1
2	106	-1
2	107	Lp
2	108	-1
2	109	Lp
2	110	-1
2	111	Lp
2	112	Lp
2	113	Lp
2	114	L
2	115	L
2	116	U
2	117	L
2	118	Lp
2	119	Lp
3	0	Lp
3	1	-1
3	2	Lp
3	3	U
3	4	-1
3	5	Lp
3	6	Lp
3	7	Lp
3	8	-1
3	9	Lp
3	10	Lp
3	11	Lp
3	12	-1
3	13	Lp
3	14	Lp
3	15	Lp
3	16	U
3	17	Lp
3	18	Lp
3	19	-1
3	20	Lp
3	21	Lp
3	22	-1
3	23	Lp
3	24	Lp
3	25	-1
3	26	Lp
3	27	-1
3	28	Lp
3	29	Lp
3	30	Lp
3	31	Lp
3	32	Lp
3	33	Lp
3	34	Lp
3	35	Lp
3	36	Lp
3	37	-1
3	38	-1
3	39	-1
3	40	-1
3	41	L
3	42	L
3	43	L
3	44	L
3	45	-1
3	46	-1
3	47	-1
3	48	L
3	49	L
3	50	L
3	51	Lp
3	52	Lp
3	53	Lp
3	54	Lp
3	55	Lp
3	56	Lp
3	57	Lp
3	58	Lp
3	59	Lp
3	60	Lp
3	61	L
3	62	Lp
3	63	Lp
3	64	Lp
3	65	Lp
3	66	-1
3	67	Lp
3	68	Lp
3	69	Lp
3	70	Lp
3	71	-1
3	72	Lp
3	73	-1
3	74	L
3	75	L
3	76	L
3	77	L
3	78	L
3	79	L
3	80	L
3	81	Lp
3	82	Lp
3	83	Lp
3	84	Lp
3	85	-1
3	86	U
3	87	Lp
3	88	Lp
3	89	Lp
3	90	Lp
3	91	Lp
3	92	-1
3	93	Lp
3	94	Lp
3	95	Lp
3	96	Lp
3	97	Lp
3	98	Lp
3	99	Lp
3	100	-1
3	101	Lp
3	102	-1
3	103	L
3	104	L
3	105	-1
3	106	Lp
3	107	-1
3	108	Lp
3	109	Lp
3	110	Lp
3	111	Lp
3	112	-1
3	113	-1
3	114	U
3	115	Lp
3	116	Lp
3	117	Lp
3	118	-1
3	119	-1
4	0	Lp
4	1	Lp
4	2	Lp
4	3	Lp
4	4	Lp
4	5	Lp
4	6	Lp
4	7	-1
4	8	Lp
4	9	Lp
4	10	Lp
4	11	-1
4	12	-1
4	13	Lp
4	14	Lp
4	15	U
4	16	Lp
4	17	Lp
4	18	-1
4	19	Lp
4	20	Lp
4	21	Lp
4	22	Lp
4	23	-1
4	24	Lp
4	25	Lp
4	26	Lp
4	27	Lp
4	28	Lp
4	29	Lp
4	30	Lp
4	31	Lp
4	32	Lp
4	33	Lp
4	34	Lp
4	35	Lp
4	36	Lp
4	37	Lp
4	38	Lp
4	39	Lp
4	40	L
4	41	L
4	42	L
4	43	Lp
4	44	-1
4	45	-1
4	46	L
4	47	L
4	48	L
4	49	L
4	50	L
4	51	L
4	52	Lp
4	53	Lp
4	54	Lp
4	55	Lp
4	56	Lp
4	57	Lp
4	58	Lp
4	59	Lp
4	60	-1
4	61	Lp
4	62	-1
4	63	-1
4	64	Lp
4	65	Lp
4	66	-1
4	67	Lp
4	68	Lp
4	69	Lp
4	70	-1
4	71	Lp
4	72	Lp
4	73	Lp
4	74	-1
4	75	Lp
4	76	Lp
4	77	-1
4	78	Lp
4	79	Lp
4	80	Lp
4	81	L
4	82	-1
4	83	Lp
4	84	Lp
4	85	Lp
4	86	U
4	87	Lp
4	88	-1
4	89	Lp
4	90	-1
4	91	Lp
4	92	Lp
4	93	Lp
4	94	Lp
4	95	Lp
4	96	Lp
4	97	Lp
4	98	Lp
4	99	-1
4	100	Lp
4	101	Lp
4	102	Lp
4	103	-1
4	104	L
4	105	Lp
4	106	Lp
4	107	Lp
4	108	Lp
4	109	-1
4	110	Lp
4	111	Lp
4	112	Lp
4	113	-1
4	114	U
4	115	Lp
4	116	Lp
4	117	U
4	118	-1
4	119	Lp
5	0	-1
5	1	-1
5	2	-1
5	3	Lp
5	4	U
5	5	Lp
5	6	Lp
5	7	Lp
5	8	Lp
5	9	Lp
5	10	Lp
5	11	Lp
5	12	Lp
5	13	L
5	14	L
5	15	Lp
5	16	U
5	17	-1
5	18	-1
5	19	Lp
5	20	Lp
5	21	Lp
5	22	Lp
5	23	Lp
5	24	Lp
5	25	Lp
5	26	Lp
5	27	Lp
5	28	Lp
5	29	U
5	30	U
5	31	L
5	32	-1
5	33	Lp
5	34	L
5	35	Lp
5	36	-1
5	37	Lp
5	38	Lp
5	39	Lp
5	40	Lp
5	41	L
5	42	L
5	43	-1
5	44	Lp
5	45	Lp
5	46	L
5	47	L
5	48	-1
5	49	L
5	50	L
5	51	-1
5	52	Lp
5	53	Lp
5	54	Lp
5	55	-1
5	56	Lp
5	57	Lp
5	58	Lp
5	59	Lp
5	60	Lp
5	61	-1
5	62	Lp
5	63	Lp
5	64	Lp
5	65	Lp
5	66	-1
5	67	Lp
5	68	Lp
5	69	Lp
5	70	-1
5	71	-1
5	72	Lp
5	73	Lp
5	74	Lp
5	75	Lp
5	76	Lp
5	77	Lp
5	78	Lp
5	79	Lp
5	80	Lp
5	81	Lp
5	82	Lp
5	83	Lp
5	84	Lp
5	85	Lp
5	86	Lp
5	87	Lp
5	88	Lp
5	89	Lp
5	90	Lp
5	91	Lp
5	92	Lp
5	93	Lp
5	94	Lp
5	95	Lp
5	96	-1
5	97	-1
5	98	-1
5	99	-1
5	100	Lp
5	101	Lp
5	102	L
5	103	L
5	104	L
5	105	Lp
5	106	Lp
5	107	-1
5	108	Lp
5	109	Lp
5	110	Lp
5	111	Lp
5	112	Lp
5	113	U
5	114	Lp
5	115	Lp
5	116	-1
5	117	Lp
5	118	U
5	119	Lp
6	0	Lp
6	1	-1
6	2	Lp
6	3	-1
6	4	-1
6	5	-1
6	6	Lp
6	7	Lp
6	8	Lp
6	9	Lp
6	10	Lp
6	11	Lp
6	12	L
6	13	L
6	14	Lp
6	15	Lp
6	16	Lp
6	17	Lp
6	18	Lp
6	19	Lp
6	20	-1
6	21	Lp
6	22	Lp
6	23	Lp
6	24	Lp
6	25	Lp
6	26	-1
6	27	Lp
6	28	Lp
6	29	-1
6	30	U
6	31	L
6	32	L
6	33	-1
6	34	Lp
6	35	Lp
6	36	Lp
6	37	Lp
6	38	Lp
6	39	-1
6	40	Lp
6	41	Lp
6	42	Lp
6	43	L
6	44	Lp
6	45	Lp
6	46	Lp
6	47	Lp
6	48	L
6	49	-1
6	50	-1
6	51	L
6	52	Lp
6	53	Lp
6	54	L
6	55	Lp
6	56	Lp
6	57	Lp
6	58	Lp
6	59	Lp
6	60	Lp
6	61	-1
6	62	Lp
6	63	Lp
6	64	Lp
6	65	Lp
6	66	Lp
6	67	Lp
6	68	Lp
6	69	Lp
6	70	Lp
6	71	-1
6	72	Lp
6	73	Lp
6	74	Lp
6	75	Lp
6	76	Lp
6	77	Lp
6	78	Lp
6	79	Lp
6	80	Lp
6	81	Lp
6	82	Lp
6	83	-1
6	84	Lp
6	85	Lp
6	86	Lp
6	87	-1
6	88	Lp
6	89	Lp
6	90	-1
6	91	Lp
6	92	Lp
6	93	Lp
6	94	Lp
6	95	Lp
6	96	-1
6	97	Lp
6	98	Lp
6	99	Lp
6	100	-1
6	101	Lp
6	102	-1
6	103	-1
6	104	L
6	105	L
6	106	Lp
6	107	-1
6	108	Lp
6	109	L
6	110	Lp
6	111	Lp
6	112	L
6	113	Lp
6	114	Lp
6	115	-1
6	116	Lp
6	117	Lp
6	118	Lp
6	119	Lp
7	0	Lp
7	1	-1
7	2	-1
7	3	Lp
7	4	Lp
7	5	Lp
7	6	-1
7	7	-1
7	8	-1
7	9	U
7	10	-1
7	11	Lp
7	12	-1
7	13	Lp
7	14	Lp
7	15	Lp
7	16	Lp
7	17	Lp
7	18	Lp
7	19	Lp
7	20	Lp
7	21	Lp
7	22	Lp
7	23	-1
7	24	-1
7	25	Lp
7	26	Lp
7	27	Lp
7	28	Lp
7	29	Lp
7	30	Lp
7	31	L
7	32	L
7	33	L
7	34	Lp
7	35	Lp
7	36	L
7	37	L
7	38	Lp
7	39	Lp
7	40	-1
7	41	-1
7	42	L
7	43	Lp
7	44	Lp
7	45	-1
7	46	Lp
7	47	Lp
7	48	-1
7	49	-1
7	50	Lp
7	51	L
7	52	Lp
7	53	Lp
7	54	Lp
7	55	Lp
7	56	U
7	57	U
7	58	Lp
7	59	Lp
7	60	Lp
7	61	Lp
7	62	Lp
7	63	Lp
7	64	-1
7	65	Lp
7	66	-1
7	67	Lp
7	68	Lp
7	69	Lp
7	70	Lp
7	71	Lp
7	72	Lp
7	73	-1
7	74	-1
7	75	Lp
7	76	Lp
7	77	Lp
7	78	Lp
7	79	-1
7	80	Lp
7	81	Lp
7	82	Lp
7	83	Lp
7	84	-1
7	85	Lp
7	86	Lp
7	87	-1
7	88	-1
7	89	-1
7	90	L
7	91	Lp
7	92	Lp
7	93	Lp
7	94	-1
7	95	Lp
7	96	Lp
7	97	Lp
7	98	Lp
7	99	Lp
7	100	-1
7	101	Lp
7	102	Lp
7	103	L
7	104	Lp
7	105	Lp
7	106	-1
7	107	-1
7	108	L
7	109	Lp
7	110	L
7	111	L
7	112	L
7	113	L
7	114	U
7	115	-1
7	116	Lp
7	117	Lp
7	118	-1
7	119	Lp
8	0	Lp
8	1	Lp
8	2	Lp
8	3	Lp
8	4	Lp
8	5	Lp
8	6	-1
8	7	-1
8	8	-1
8	9	U
8	10	U
8	11	U
8	12	U
8	13	Lp
8	14	Lp
8	15	Lp
8	16	-1
8	17	Lp
8	18	Lp
8	19	Lp
8	20	Lp
8	21	Lp
8	22	Lp
8	23	Lp
8	24	Lp
8	25	Lp
8	26	Lp
8	27	Lp
8	28	Lp
8	29	-1
8	30	Lp
8	31	L
8	32	Lp
8	33	L
8	34	L
8	35	Lp
8	36	Lp
8	37	L
8	38	Lp
8	39	Lp
8	40	Lp
8	41	L
8	42	L
8	43	Lp
8	44	-1
8	45	L
8	46	Lp
8	47	-1
8	48	Lp
8	49	Lp
8	50	Lp
8	51	L
8	52	L
8	53	Lp
8	54	Lp
8	55	-1
8	56	L
8	57	L
8	58	Lp
8	59	L
8	60	L
8	61	Lp
8	62	Lp
8	63	-1
8	64	Lp
8	65	Lp
8	66	Lp
8	67	Lp
8	68	Lp
8	69	Lp
8	70	Lp
8	71	Lp
8	72	Lp
8	73	Lp
8	74	Lp
8	75	Lp
8	76	Lp
8	77	Lp
8	78	-1
8	79	Lp
8	80	-1
8	81	Lp
8	82	Lp
8	83	Lp
8	84	Lp
8	85	Lp
8	86	Lp
8	87	Lp
8	88	Lp
8	89	L
8	90	-1
8	91	-1
8	92	Lp
8	93	Lp
8	94	Lp
8	95	Lp
8	96	Lp
8	97	-1
8	98	Lp
8	99	Lp
8	100	-1
8	101	Lp
8	102	L
8	103	L
8	104	L
8	105	-1
8	106	L
8	107	L
8	108	L
8	109	L
8	110	L
8	111	L
8	112	L
8	113	L
8	114	-1
8	115	Lp
8	116	Lp
8	117	Lp
8	118	Lp
8	119	Lp
9	0	Lp
9	1	-1
9	2	Lp
9	3	Lp
9	4	Lp
9	5	Lp
9	6	Lp
9	7	Lp
9	8	Lp
9	9	Lp
9	10	Lp
9	11	Lp
9	12	-1
9	13	U
9	14	Lp
9	15	Lp
9	16	Lp
9	17	Lp
9	18	Lp
9	19	-1
9	20	Lp
9	21	Lp
9	22	Lp
9	23	-1
9	24	-1
9	25	Lp
9	26	Lp
9	27	-1
9	28	Lp
9	29	Lp
9	30	-1
9	31	-1
9	32	Lp
9	33	L
9	34	-1
9	35	L
9	36	Lp
9	37	Lp
9	38	Lp
9	39	Lp
9	40	L
9	41	L
9	42	L
9	43	Lp
9	44	Lp
9	45	L
9	46	Lp
9	47	-1
9	48	L
9	49	Lp
9	50	Lp
9	51	-1
9	52	-1
9	53	Lp
9	54	L
9	55	L
9	56	-1
9	57	Lp
9	58	L
9	59	L
9	60	L
9	61	Lp
9	62	-1
9	63	Lp
9	64	-1
9	65	-1
9	66	-1
9	67	Lp
9	68	Lp
9	69	Lp
9	70	Lp
9	71	Lp
9	72	Lp
9	73	Lp
9	74	Lp
9	75	-1
9	76	Lp
9	77	Lp
9	78	Lp
9	79	-1
9	80	Lp
9	81	Lp
9	82	Lp
9	83	-1
9	84	Lp
9	85	-1
9	86	Lp
9	87	L
9	88	L
9	89	-1
9	90	L
9	91	L
9	92	L
9	93	Lp
9	94	Lp
9	95	Lp
9	96	Lp
9	97	Lp
9	98	Lp
9	99	L
9	100	L
9	101	L
9	102	L
9	103	L
9	104	L
9	105	Lp
9	106	L
9	107	L
9	108	L
9	109	-1
9	110	L
9	111	Lp
9	112	Lp
9	113	Lp
9	114	-1
9	115	Lp
9	116	-1
9	117	-1
9	118	Lp
9	119	Lp
10	0	Lp
10	1	Lp
10	2	-1
10	3	Lp
10	4	Lp
10	5	Lp
10	6	Lp
10	7	Lp
10	8	-1
10	9	Lp
10	10	-1
10	11	Lp
10	12	Lp
10	13	L
10	14	Lp
10	15	Lp
10	16	Lp
10	17	-1
10	18	Lp
10	19	Lp
10	20	Lp
10	21	Lp
10	22	-1
10	23	Lp
10	24	Lp
10	25	Lp
10	26	Lp
10	27	-1
10	28	-1
10	29	Lp
10	30	Lp
10	31	Lp
10	32	L
10	33	-1
10	34	Lp
10	35	-1
10	36	Lp
10	37	Lp
10	38	Lp
10	39	-1
10	40	L
10	41	L
10	42	L
10	43	-1
10	44	-1
10	45	L
10	46	L
10	47	-1
10	48	Lp
10	49	Lp
10	50	Lp
10	51	L
10	52	L
10	53	-1
10	54	Lp
10	55	Lp
10	56	-1
10	57	-1
10	58	-1
10	59	-1
10	60	Lp
10	61	L
10	62	-1
10	63	Lp
10	64	Lp
10	65	Lp
10	66	Lp
10	67	Lp
10	68	-1
10	69	-1
10	70	-1
10	71	Lp
10	72	Lp
10	73	Lp
10	74	-1
10	75	Lp
10	76	Lp
10	77	Lp
10	78	Lp
10	79	Lp
10	80	Lp
10	81	-1
10	82	L
10	83	Lp
10	84	-1
10	85	Lp
10	86	Lp
10	87	L
10	88	L
10	89	L
10	90	L
10	91	-1
10	92	L
10	93	-1
10	94	-1
10	95	Lp
10	96	Lp
10	97	-1
10	98	Lp
10	99	L
10	100	L
10	101	-1
10	102	Lp
10	103	Lp
10	104	Lp
10	105	L
10	106	Lp
10	107	-1
10	108	L
10	109	-1
10	110	L
10	111	Lp
10	112	-1
10	113	Lp
10	114	Lp
10	115	Lp
10	116	-1
10	117	Lp
10	118	Lp
10	119	-1
11	0	Lp
11	1	Lp
11	2	Lp
11	3	Lp
11	4	Lp
11	5	Lp
11	6	Lp
11	7	Lp
11	8	Lp
11	9	Lp
11	10	Lp
11	11	-1
11	12	L
11	13	L
11	14	-1
11	15	-1
11	16	Lp
11	17	Lp
11	18	Lp
11	19	Lp
11	20	Lp
11	21	Lp
11	22	Lp
11	23	Lp
11	24	Lp
11	25	Lp
11	26	Lp
11	27	L
11	28	-1
11	29	Lp
11	30	Lp
11	31	L
11	32	-1
11	33	Lp
11	34	Lp
11	35	Lp
11	36	-1
11	37	-1
11	38	L
11	39	Lp
11	40	Lp
11	41	L
11	42	L
11	43	Lp
11	44	Lp
11	45	Lp
11	46	Lp
11	47	Lp
11	48	Lp
11	49	-1
11	50	-1
11	51	-1
11	52	Lp
11	53	Lp
11	54	Lp
11	55	Lp
11	56	Lp
11	57	L
11	58	Lp
11	59	L
11	60	-1
11	61	L
11	62	Lp
11	63	Lp
11	64	Lp
11	65	Lp
11	66	-1
11	67	Lp
11	68	Lp
11	69	Lp
11	70	-1
11	71	Lp
11	72	-1
11	73	-1
11	74	-1
11	75	Lp
11	76	Lp
11	77	Lp
11	78	Lp
11	79	Lp
11	80	-1
11	81	-1
11	82	L
11	83	L
11	84	Lp
11	85	Lp
11	86	-1
11	87	L
11	88	-1
11	89	L
11	90	L
11	91	-1
11	92	-1
11	93	-1
11	94	Lp
11	95	-1
11	96	-1
11	97	Lp
11	98	Lp
11	99	Lp
11	100	L
11	101	L
11	102	Lp
11	103	L
11	104	L
11	105	L
11	106	Lp
11	107	L
11	108	Lp
11	109	L
11	110	L
11	111	Lp
11	112	Lp
11	113	Lp
11	114	Lp
11	115	Lp
11	116	Lp
11	117	Lp
11	118	-1
11	119	-1
12	0	-1
12	1	-1
12	2	Lp
12	3	Lp
12	4	Lp
12	5	Lp
12	6	Lp
12	7	-1
12	8	-1
12	9	-1
12	10	-1
12	11	L
12	12	Lp
12	13	Lp
12	14	Lp
12	15	Lp
12	16	-1
12	17	Lp
12	18	Lp
12	19	Lp
12	20	Lp
12	21	Lp
12	22	Lp
12	23	Lp
12	24	Lp
12	25	Lp
12	26	Lp
12	27	-1
12	28	Lp
12	29	Lp
12	30	Lp
12	31	-1
12	32	Lp
12	33	-1
12	34	Lp
12	35	Lp
12	36	Lp
12	37	Lp
12	38	-1
12	39	-1
12	40	Lp
12	41	Lp
12	42	Lp
12	43	L
12	44	L
12	45	Lp
12	46	-1
12	47	Lp
12	48	Lp
12	49	Lp
12	50	Lp
12	51	Lp
12	52	-1
12	53	Lp
12	54	Lp
12	55	Lp
12	56	Lp
12	57	Lp
12	58	L
12	59	Lp
12	60	Lp
12	61	-1
12	62	L
12	63	Lp
12	64	Lp
12	65	-1
12	66	Lp
12	67	Lp
12	68	Lp
12	69	-1
12	70	Lp
12	71	Lp
12	72	Lp
12	73	Lp
12	74	Lp
12	75	Lp
12	76	L
12	77	Lp
12	78	Lp
12	79	Lp
12	80	L
12	81	L
12	82	-1
12	83	-1
12	84	Lp
12	85	Lp
12	86	L
12	87	L
12	88	L
12	89	L
12	90	Lp
12	91	Lp
12	92	Lp
12	93	L
12	94	L
12	95	Lp
12	96	Lp
12	97	Lp
12	98	Lp
12	99	Lp
12	100	-1
12	101	-1
12	102	Lp
12	103	L
12	104	U
12	105	-1
12	106	Lp
12	107	Lp
12	108	Lp
12	109	-1
12	110	L
12	111	L
12	112	Lp
12	113	-1
12	114	Lp
12	115	Lp
12	116	-1
12	117	Lp
12	118	-1
12	119	-1
13	0	-1
13	1	Lp
13	2	-1
13	3	Lp
13	4	Lp
13	5	Lp
13	6	-1
13	7	Lp
13	8	Lp
13	9	-1
13	10	Lp
13	11	Lp
13	12	-1
13	13	Lp
13	14	Lp
13	15	Lp
13	16	-1
13	17	Lp
13	18	Lp
13	19	-1
13	20	Lp
13	21	Lp
13	22	Lp
13	23	Lp
13	24	Lp
13	25	Lp
13	26	Lp
13	27	L
13	28	Lp
13	29	Lp
13	30	Lp
13	31	Lp
13	32	Lp
13	33	Lp
13	34	Lp
13	35	Lp
13	36	Lp
13	37	Lp
13	38	L
13	39	-1
13	40	-1
13	41	Lp
13	42	L
13	43	-1
13	44	Lp
13	45	Lp
13	46	Lp
13	47	Lp
13	48	Lp
13	49	Lp
13	50	Lp
13	51	Lp
13	52	Lp
13	53	Lp
13	54	Lp
13	55	-1
13	56	-1
13	57	L
13	58	Lp
13	59	Lp
13	60	Lp
13	61	Lp
13	62	Lp
13	63	Lp
13	64	-1
13	65	Lp
13	66	U
13	67	Lp
13	68	Lp
13	69	Lp
13	70	Lp
13	71	Lp
13	72	Lp
13	73	-1
13	74	Lp
13	75	Lp
13	76	L
13	77	L
13	78	L
13	79	Lp
13	80	Lp
13	81	L
13	82	L
13	83	Lp
13	84	Lp
13	85	L
13	86	Lp
13	87	L
13	88	L
13	89	Lp
13	90	-1
13	91	L
13	92	Lp
13	93	-1
13	94	-1
13	95	-1
13	96	L
13	97	-1
13	98	-1
13	99	Lp
13	100	Lp
13	101	Lp
13	102	-1
13	103	Lp
13	104	U
13	105	L
13	106	L
13	107	L
13	108	-1
13	109	-1
13	110	L
13	111	-1
13	112	L
13	113	Lp
13	114	Lp
13	115	-1
13	116	Lp
13	117	Lp
13	118	Lp
13	119	Lp
14	0	Lp
14	1	Lp
14	2	Lp
14	3	Lp
14	4	Lp
14	5	-1
14	6	Lp
14	7	U
14	8	Lp
14	9	U
14	10	Lp
14	11	-1
14	12	-1
14	13	Lp
14	14	Lp
14	15	-1
14	16	L
14	17	-1
14	18	Lp
14	19	Lp
14	20	-1
14	21	Lp
14	22	-1
14	23	Lp
14	24	-1
14	25	Lp
14	26	Lp
14	27	-1
14	28	Lp
14	29	Lp
14	30	-1
14	31	Lp
14	32	Lp
14	33	Lp
14	34	Lp
14	35	Lp
14	36	Lp
14	37	Lp
14	38	L
14	39	L
14	40	L
14	41	Lp
14	42	Lp
14	43	L
14	44	L
14	45	L
14	46	L
14	47	Lp
14	48	Lp
14	49	Lp
14	50	Lp
14	51	Lp
14	52	Lp
14	53	Lp
14	54	Lp
14	55	-1
14	56	Lp
14	57	Lp
14	58	Lp
14	59	Lp
14	60	Lp
14	61	Lp
14	62	Lp
14	63	U
14	64	Lp
14	65	Lp
14	66	-1
14	67	Lp
14	68	Lp
14	69	Lp
14	70	Lp
14	71	Lp
14	72	Lp
14	73	Lp
14	74	Lp
14	75	-1
14	76	L
14	77	Lp
14	78	Lp
14	79	Lp
14	80	Lp
14	81	L
14	82	L
14	83	Lp
14	84	-1
14	85	Lp
14	86	L
14	87	L
14	88	-1
14	89	L
14	90	L
14	91	L
14	92	L
14	93	L
14	94	Lp
14	95	L
14	96	L
14	97	L
14	98	Lp
14	99	Lp
14	100	Lp
14	101	Lp
14	102	-1
14	103	Lp
14	104	L
14	105	-1
14	106	L
14	107	-1
14	108	L
14	109	L
14	110	L
14	111	L
14	112	Lp
14	113	Lp
14	114	Lp
14	115	Lp
14	116	-1
14	117	Lp
14	118	Lp
14	119	-1
15	0	-1
15	1	Lp
15	2	-1
15	3	Lp
15	4	Lp
15	5	Lp
15	6	Lp
15	7	Lp
15	8	L
15	9	-1
15	10	Lp
15	11	Lp
15	12	Lp
15	13	Lp
15	14	Lp
15	15	Lp
15	16	Lp
15	17	L
15	18	L
15	19	L
15	20	Lp
15	21	Lp
15	22	-1
15	23	Lp
15	24	Lp
15	25	Lp
15	26	Lp
15	27	Lp
15	28	-1
15	29	Lp
15	30	-1
15	31	Lp
15	32	Lp
15	33	Lp
15	34	Lp
15	35	Lp
15	36	-1
15	37	Lp
15	38	Lp
15	39	L
15	40	L
15	41	L
15	42	L
15	43	L
15	44	L
15	45	-1
15	46	-1
15	47	Lp
15	48	Lp
15	49	Lp
15	50	Lp
15	51	Lp
15	52	-1
15	53	Lp
15	54	Lp
15	55	Lp
15	56	-1
15	57	-1
15	58	Lp
15	59	Lp
15	60	Lp
15	61	-1
15	62	U
15	63	Lp
15	64	U
15	65	-1
15	66	L
15	67	Lp
15	68	Lp
15	69	Lp
15	70	Lp
15	71	-1
15	72	Lp
15	73	Lp
15	74	Lp
15	75	Lp
15	76	-1
15	77	-1
15	78	Lp
15	79	Lp
15	80	L
15	81	Lp
15	82	L
15	83	L
15	84	Lp
15	85	Lp
15	86	L
15	87	L
15	88	Lp
15	89	L
15	90	L
15	91	L
15	92	L
15	93	-1
15	94	L
15	95	L
15	96	-1
15	97	-1
15	98	Lp
15	99	Lp
15	100	Lp
15	101	U
15	102	-1
15	103	U
15	104	-1
15	105	-1
15	106	Lp
15	107	L
15	108	L
15	109	L
15	110	L
15	111	L
15	112	L
15	113	-1
15	114	Lp
15	115	-1
15	116	Lp
15	117	Lp
15	118	-1
15	119	Lp
16	0	Lp
16	1	Lp
16	2	Lp
16	3	Lp
16	4	Lp
16	5	-1
16	6	Lp
16	7	U
16	8	Lp
16	9	-1
16	10	U
16	11	Lp
16	12	Lp
16	13	Lp
16	14	Lp
16	15	Lp
16	16	Lp
16	17	L
16	18	-1
16	19	-1
16	20	Lp
16	21	Lp
16	22	-1
16	23	L
16	24	Lp
16	25	Lp
16	26	Lp
16	27	-1
16	28	Lp
16	29	L
16	30	L
16	31	Lp
16	32	Lp
16	33	-1
16	34	Lp
16	35	-1
16	36	Lp
16	37	Lp
16	38	L
16	39	L
16	40	L
16	41	L
16	42	L
16	43	L
16	44	L
16	45	L
16	46	L
16	47	-1
16	48	Lp
16	49	Lp
16	50	Lp
16	51	Lp
16	52	-1
16	53	Lp
16	54	Lp
16	55	Lp
16	56	-1
16	57	Lp
16	58	-1
16	59	Lp
16	60	-1
16	61	Lp
16	62	-1
16	63	Lp
16	64	Lp
16	65	Lp
16	66	L
16	67	Lp
16	68	Lp
16	69	Lp
16	70	Lp
16	71	Lp
16	72	Lp
16	73	Lp
16	74	Lp
16	75	-1
16	76	-1
16	77	-1
16	78	Lp
16	79	-1
16	80	Lp
16	81	Lp
16	82	L
16	83	L
16	84	L
16	85	-1
16	86	L
16	87	L
16	88	-1
16	89	Lp
16	90	-1
16	91	L
16	92	L
16	93	Lp
16	94	L
16	95	L
16	96	L
16	97	Lp
16	98	-1
16	99	Lp
16	100	-1
16	101	-1
16	102	U
16	103	U
16	104	L
16	105	L
16	106	L
16	107	L
16	108	L
16	109	-1
16	110	L
16	111	L
16	112	L
16	113	Lp
16	114	Lp
16	115	Lp
16	116	Lp
16	117	-1
16	118	-1
16	119	-1
17	0	Lp
17	1	Lp
17	2	Lp
17	3	Lp
17	4	Lp
17	5	Lp
17	6	Lp
17	7	U
17	8	L
17	9	Lp
17	10	-1
17	11	Lp
17	12	Lp
17	13	Lp
17	14	Lp
17	15	Lp
17	16	Lp
17	17	L
17	18	L
17	19	L
17	20	L
17	21	L
17	22	-1
17	23	Lp
17	24	L
17	25	Lp
17	26	L
17	27	Lp
17	28	Lp
17	29	Lp
17	30	-1
17	31	L
17	32	-1
17	33	Lp
17	34	Lp
17	35	-1
17	36	Lp
17	37	Lp
17	38	L
17	39	L
17	40	L
17	41	L
17	42	L
17	43	L
17	44	L
17	45	Lp
17	46	L
17	47	-1
17	48	Lp
17	49	Lp
17	50	L
17	51	L
17	52	Lp
17	53	Lp
17	54	L
17	55	L
17	56	Lp
17	57	Lp
17	58	-1
17	59	-1
17	60	Lp
17	61	Lp
17	62	Lp
17	63	Lp
17	64	Lp
17	65	-1
17	66	L
17	67	-1
17	68	Lp
17	69	Lp
17	70	-1
17	71	-1
17	72	Lp
17	73	-1
17	74	Lp
17	75	Lp
17	76	-1
17	77	Lp
17	78	Lp
17	79	-1
17	80	Lp
17	81	Lp
17	82	Lp
17	83	L
17	84	L
17	85	L
17	86	L
17	87	-1
17	88	Lp
17	89	-1
17	90	-1
17	91	L
17	92	L
17	93	Lp
17	94	-1
17	95	L
17	96	Lp
17	97	Lp
17	98	Lp
17	99	-1
17	100	L
17	101	Lp
17	102	U
17	103	U
17	104	L
17	105	L
17	106	L
17	107	L
17	108	L
17	109	L
17	110	Lp
17	111	L
17	112	-1
17	113	L
17	114	-1
17	115	-1
17	116	-1
17	117	-1
17	118	Lp
17	119	-1
18	0	Lp
18	1	Lp
18	2	Lp
18	3	Lp
18	4	Lp
18	5	Lp
18	6	Lp
18	7	Lp
18	8	Lp
18	9	-1
18	10	U
18	11	Lp
18	12	Lp
18	13	Lp
18	14	Lp
18	15	Lp
18	16	Lp
18	17	-1
18	18	Lp
18	19	Lp
18	20	Lp
18	21	Lp
18	22	L
18	23	Lp
18	24	Lp
18	25	Lp
18	26	L
18	27	Lp
18	28	L
18	29	Lp
18	30	Lp
18	31	Lp
18	32	Lp
18	33	Lp
18	34	Lp
18	35	-1
18	36	-1
18	37	Lp
18	38	-1
18	39	L
18	40	L
18	41	L
18	42	-1
18	43	-1
18	44	Lp
18	45	L
18	46	Lp
18	47	-1
18	48	-1
18	49	L
18	50	-1
18	51	L
18	52	L
18	53	L
18	54	L
18	55	-1
18	56	L
18	57	L
18	58	-1
18	59	Lp
18	60	Lp
18	61	-1
18	62	Lp
18	63	Lp
18	64	Lp
18	65	Lp
18	66	Lp
18	67	Lp
18	68	Lp
18	69	Lp
18	70	Lp
18	71	-1
18	72	Lp
18	73	Lp
18	74	Lp
18	75	Lp
18	76	Lp
18	77	Lp
18	78	Lp
18	79	Lp
18	80	L
18	81	Lp
18	82	L
18	83	L
18	84	L
18	85	L
18	86	L
18	87	Lp
18	88	L
18	89	-1
18	90	L
18	91	L
18	92	L
18	93	L
18	94	L
18	95	Lp
18	96	Lp
18	97	Lp
18	98	-1
18	99	L
18	100	L
18	101	Lp
18	102	Lp
18	103	U
18	104	-1
18	105	L
18	106	L
18	107	Lp
18	108	L
18	109	L
18	110	L
18	111	-1
18	112	L
18	113	L
18	114	-1
18	115	Lp
18	116	Lp
18	117	L
18	118	Lp
18	119	Lp
19	0	Lp
19	1	Lp
19	2	Lp
19	3	Lp
19	4	Lp
19	5	U
19	6	-1
19	7	Lp
19	8	Lp
19	9	U
19	10	Lp
19	11	U
19	12	Lp
19	13	Lp
19	14	Lp
19	15	Lp
19	16	-1
19	17	Lp
19	18	-1
19	19	-1
19	20	-1
19	21	Lp
19	22	Lp
19	23	Lp
19	24	Lp
19	25	-1
19	26	L
19	27	Lp
19	28	L
19	29	Lp
19	30	Lp
19	31	-1
19	32	-1
19	33	Lp
19	34	L
19	35	L
19	36	L
19	37	L
19	38	-1
19	39	Lp
19	40	L
19	41	-1
19	42	Lp
19	43	-1
19	44	Lp
19	45	Lp
19	46	L
19	47	L
19	48	L
19	49	L
19	50	L
19	51	-1
19	52	L
19	53	-1
19	54	L
19	55	L
19	56	L
19	57	-1
19	58	Lp
19	59	-1
19	60	Lp
19	61	Lp
19	62	Lp
19	63	Lp
19	64	Lp
19	65	-1
19	66	L
19	67	L
19	68	-1
19	69	Lp
19	70	Lp
19	71	-1
19	72	Lp
19	73	-1
19	74	Lp
19	75	Lp
19	76	Lp
19	77	Lp
19	78	L
19	79	-1
19	80	Lp
19	81	L
19	82	L
19	83	-1
19	84	U
19	85	-1
19	86	Lp
19	87	L
19	88	-1
19	89	L
19	90	L
19	91	L
19	92	L
19	93	L
19	94	L
19	95	L
19	96	-1
19	97	Lp
19	98	L
19	99	L
19	100	Lp
19	101	Lp
19	102	Lp
19	103	U
19	104	U
19	105	-1
19	106	Lp
19	107	Lp
19	108	Lp
19	109	-1
19	110	L
19	111	-1
19	112	Lp
19	113	Lp
19	114	Lp
19	115	Lp
19	116	Lp
19	117	L
19	118	L
19	119	Lp
20	0	Lp
20	1	Lp
20	2	Lp
20	3	Lp
20	4	L
20	5	Lp
20	6	Lp
20	7	Lp
20	8	-1
20	9	U
20	10	-1
20	11	L
20	12	L
20	13	-1
20	14	L
20	15	L
20	16	L
20	17	Lp
20	18	Lp
20	19	Lp
20	20	Lp
20	21	Lp
20	22	Lp
20	23	Lp
20	24	-1
20	25	Lp
20	26	Lp
20	27	Lp
20	28	Lp
20	29	L
20	30	Lp
20	31	-1
20	32	L
20	33	L
20	34	Lp
20	35	L
20	36	L
20	37	L
20	38	Lp
20	39	U
20	40	L
20	41	Lp
20	42	Lp
20	43	Lp
20	44	Lp
20	45	Lp
20	46	Lp
20	47	L
20	48	L
20	49	L
20	50	L
20	51	L
20	52	L
20	53	Lp
20	54	L
20	55	L
20	56	L
20	57	L
20	58	Lp
20	59	Lp
20	60	L
20	61	L
20	62	Lp
20	63	Lp
20	64	-1
20	65	L
20	66	L
20	67	L
20	68	L
20	69	Lp
20	70	Lp
20	71	Lp
20	72	-1
20	73	Lp
20	74	-1
20	75	L
20	76	L
20	77	L
20	78	L
20	79	-1
20	80	L
20	81	L
20	82	L
20	83	L
20	84	U
20	85	L
20	86	L
20	87	Lp
20	88	-1
20	89	-1
20	90	L
20	91	L
20	92	L
20	93	L
20	94	-1
20	95	Lp
20	96	-1
20	97	Lp
20	98	Lp
20	99	Lp
20	100	Lp
20	101	-1
20	102	U
20	103	Lp
20	104	Lp
20	105	-1
20	106	Lp
20	107	Lp
20	108	Lp
20	109	L
20	110	Lp
20	111	L
20	112	Lp
20	113	-1
20	114	-1
20	115	Lp
20	116	L
20	117	L
20	118	Lp
20	119	Lp
21	0	Lp
21	1	L
21	2	-1
21	3	L
21	4	L
21	5	Lp
21	6	Lp
21	7	U
21	8	U
21	9	L
21	10	-1
21	11	L
21	12	L
21	13	L
21	14	L
21	15	-1
21	16	Lp
21	17	Lp
21	18	Lp
21	19	Lp
21	20	Lp
21	21	-1
21	22	Lp
21	23	Lp
21	24	Lp
21	25	Lp
21	26	Lp
21	27	Lp
21	28	L
21	29	L
21	30	-1
21	31	-1
21	32	L
21	33	-1
21	34	Lp
21	35	L
21	36	-1
21	37	L
21	38	L
21	39	U
21	40	U
21	41	-1
21	42	Lp
21	43	Lp
21	44	Lp
21	45	Lp
21	46	Lp
21	47	Lp
21	48	-1
21	49	Lp
21	50	L
21	51	L
21	52	Lp
21	53	-1
21	54	L
21	55	-1
21	56	L
21	57	Lp
21	58	Lp
21	59	Lp
21	60	L
21	61	-1
21	62	-1
21	63	Lp
21	64	Lp
21	65	Lp
21	66	L
21	67	L
21	68	Lp
21	69	L
21	70	Lp
21	71	Lp
21	72	Lp
21	73	Lp
21	74	L
21	75	L
21	76	Lp
21	77	L
21	78	L
21	79	L
21	80	L
21	81	L
21	82	L
21	83	L
21	84	L
21	85	L
21	86	L
21	87	L
21	88	Lp
21	89	L
21	90	-1
21	91	L
21	92	L
21	93	-1
21	94	-1
21	95	Lp
21	96	Lp
21	97	Lp
21	98	Lp
21	99	Lp
21	100	Lp
21	101	U
21	102	-1
21	103	Lp
21	104	Lp
21	105	Lp
21	106	L
21	107	L
21	108	-1
21	109	L
21	110	L
21	111	L
21	112	L
21	113	Lp
21	114	-1
21	115	Lp
21	116	L
21	117	-1
21	118	Lp
21	119	-1
22	0	L
22	1	L
22	2	Lp
22	3	L
22	4	L
22	5	Lp
22	6	Lp
22	7	U
22	8	Lp
22	9	-1
22	10	L
22	11	L
22	12	Lp
22	13	L
22	14	-1
22	15	L
22	16	Lp
22	17	Lp
22	18	-1
22	19	Lp
22	20	Lp
22	21	Lp
22	22	Lp
22	23	-1
22	24	-1
22	25	Lp
22	26	Lp
22	27	Lp
22	28	Lp
22	29	-1
22	30	L
22	31	Lp
22	32	L
22	33	Lp
22	34	Lp
22	35	Lp
22	36	Lp
22	37	-1
22	38	L
22	39	-1
22	40	-1
22	41	L
22	42	Lp
22	43	Lp
22	44	Lp
22	45	Lp
22	46	-1
22	47	-1
22	48	Lp
22	49	-1
22	50	L
22	51	L
22	52	-1
22	53	L
22	54	U
22	55	-1
22	56	-1
22	57	-1
22	58	-1
22	59	Lp
22	60	Lp
22	61	-1
22	62	Lp
22	63	Lp
22	64	Lp
22	65	Lp
22	66	L
22	67	Lp
22	68	Lp
22	69	L
22	70	Lp
22	71	Lp
22	72	-1
22	73	Lp
22	74	Lp
22	75	Lp
22	76	L
22	77	L
22	78	L
22	79	L
22	80	L
22	81	L
22	82	L
22	83	L
22	84	L
22	85	L
22	86	L
22	87	-1
22	88	-1
22	89	L
22	90	-1
22	91	L
22	92	L
22	93	L
22	94	Lp
22	95	-1
22	96	L
22	97	L
22	98	Lp
22	99	Lp
22	100	L
22	101	L
22	102	Lp
22	103	Lp
22	104	Lp
22	105	Lp
22	106	-1
22	107	Lp
22	108	L
22	109	L
22	110	Lp
22	111	L
22	112	Lp
22	113	Lp
22	114	L
22	115	Lp
22	116	L
22	117	Lp
22	118	-1
22	119	Lp
23	0	L
23	1	L
23	2	Lp
23	3	Lp
23	4	-1
23	5	Lp
23	6	-1
23	7	L
23	8	-1
23	9	U
23	10	L
23	11	Lp
23	12	Lp
23	13	Lp
23	14	Lp
23	15	-1
23	16	L
23	17	-1
23	18	Lp
23	19	Lp
23	20	-1
23	21	-1
23	22	-1
23	23	-1
23	24	Lp
23	25	Lp
23	26	-1
23	27	Lp
23	28	Lp
23	29	L
23	30	Lp
23	31	L
23	32	-1
23	33	L
23	34	Lp
23	35	Lp
23	36	Lp
23	37	Lp
23	38	Lp
23	39	-1
23	40	L
23	41	L
23	42	Lp
23	43	Lp
23	44	Lp
23	45	Lp
23	46	Lp
23	47	Lp
23	48	-1
23	49	-1
23	50	L
23	51	L
23	52	Lp
23	53	Lp
23	54	Lp
23	55	Lp
23	56	Lp
23	57	Lp
23	58	-1
23	59	Lp
23	60	Lp
23	61	Lp
23	62	Lp
23	63	Lp
23	64	Lp
23	65	Lp
23	66	L
23	67	L
23	68	Lp
23	69	Lp
23	70	Lp
23	71	Lp
23	72	-1
23	73	Lp
23	74	-1
23	75	Lp
23	76	Lp
23	77	Lp
23	78	Lp
23	79	Lp
23	80	L
23	81	L
23	82	L
23	83	L
23	84	L
23	85	Lp
23	86	L
23	87	L
23	88	L
23	89	Lp
23	90	L
23	91	-1
23	92	L
23	93	Lp
23	94	Lp
23	95	L
23	96	L
23	97	L
23	98	L
23	99	-1
23	100	L
23	101	L
23	102	L
23	103	Lp
23	104	-1
23	105	Lp
23	106	-1
23	107	Lp
23	108	L
23	109	Lp
23	110	L
23	111	-1
23	112	L
23	113	L
23	114	L
23	115	-1
23	116	-1
23	117	Lp
23	118	-1
23	119	Lp
24	0	Lp
24	1	Lp
24	2	L
24	3	L
24	4	L
24	5	L
24	6	L
24	7	L
24	8	Lp
24	9	L
24	10	L
24	11	Lp
24	12	Lp
24	13	Lp
24	14	Lp
24	15	Lp
24	16	Lp
24	17	U
24	18	U
24	19	Lp
24	20	-1
24	21	Lp
24	22	Lp
24	23	Lp
24	24	Lp
24	25	Lp
24	26	Lp
24	27	Lp
24	28	Lp
24	29	L
24	30	L
24	31	-1
24	32	Lp
24	33	Lp
24	34	Lp
24	35	-1
24	36	-1
24	37	L
24	38	-1
24	39	L
24	40	Lp
24	41	L
24	42	L
24	43	Lp
24	44	-1
24	45	Lp
24	46	Lp
24	47	Lp
24	48	Lp
24	49	Lp
24	50	Lp
24	51	-1
24	52	Lp
24	53	Lp
24	54	U
24	55	-1
24	56	U
24	57	Lp
24	58	Lp
24	59	Lp
24	60	Lp
24	61	Lp
24	62	Lp
24	63	Lp
24	64	-1
24	65	L
24	66	L
24	67	Lp
24	68	Lp
24	69	Lp
24	70	Lp
24	71	Lp
24	72	Lp
24	73	-1
24	74	Lp
24	75	-1
24	76	-1
24	77	Lp
24	78	Lp
24	79	Lp
24	80	L
24	81	L
24	82	L
24	83	L
24	84	L
24	85	L
24	86	L
24	87	L
24	88	Lp
24	89	Lp
24	90	L
24	91	-1
24	92	Lp
24	93	Lp
24	94	Lp
24	95	-1
24	96	L
24	97	L
24	98	-1
24	99	L
24	100	L
24	101	L
24	102	-1
24	103	Lp
24	104	Lp
24	105	Lp
24	106	Lp
24	107	Lp
24	108	Lp
24	109	L
24	110	L
24	111	L
24	112	-1
24	113	L
24	114	L
24	115	L
24	116	-1
24	117	L
24	118	L
24	119	Lp
25	0	-1
25	1	L
25	2	Lp
25	3	Lp
25	4	Lp
25	5	Lp
25	6	Lp
25	7	Lp
25	8	Lp
25	9	L
25	10	L
25	11	L
25	12	Lp
25	13	-1
25	14	-1
25	15	Lp
25	16	Lp
25	17	Lp
25	18	Lp
25	19	Lp
25	20	-1
25	21	Lp
25	22	Lp
25	23	-1
25	24	-1
25	25	-1
25	26	Lp
25	27	-1
25	28	Lp
25	29	Lp
25	30	L
25	31	Lp
25	32	L
25	33	Lp
25	34	Lp
25	35	Lp
25	36	Lp
25	37	L
25	38	L
25	39	L
25	40	L
25	41	Lp
25	42	L
25	43	L
25	44	Lp
25	45	Lp
25	46	Lp
25	47	Lp
25	48	Lp
25	49	Lp
25	50	Lp
25	51	-1
25	52	Lp
25	53	Lp
25	54	Lp
25	55	L
25	56	Lp
25	57	Lp
25	58	Lp
25	59	Lp
25	60	Lp
25	61	Lp
25	62	Lp
25	63	Lp
25	64	Lp
25	65	L
25	66	L
25	67	Lp
25	68	Lp
25	69	Lp
25	70	Lp
25	71	Lp
25	72	-1
25	73	Lp
25	74	Lp
25	75	Lp
25	76	Lp
25	77	Lp
25	78	Lp
25	79	L
25	80	L
25	81	Lp
25	82	Lp
25	83	L
25	84	Lp
25	85	Lp
25	86	-1
25	87	Lp
25	88	L
25	89	L
25	90	L
25	91	Lp
25	92	-1
25	93	L
25	94	Lp
25	95	Lp
25	96	-1
25	97	U
25	98	Lp
25	99	Lp
25	100	Lp
25	101	Lp
25	102	Lp
25	103	Lp
25	104	Lp
25	105	L
25	106	L
25	107	Lp
25	108	Lp
25	109	Lp
25	110	L
25	111	L
25	112	-1
25	113	-1
25	114	-1
25	115	L
25	116	L
25	117	L
25	118	L
25	119	Lp
26	0	-1
26	1	U
26	2	Lp
26	3	-1
26	4	Lp
26	5	Lp
26	6	-1
26	7	Lp
26	8	U
26	9	Lp
26	10	U
26	11	L
26	12	L
26	13	Lp
26	14	Lp
26	15	Lp
26	16	Lp
26	17	Lp
26	18	Lp
26	19	Lp
26	20	Lp
26	21	Lp
26	22	Lp
26	23	-1
26	24	Lp
26	25	-1
26	26	-1
26	27	Lp
26	28	Lp
26	29	L
26	30	L
26	31	L
26	32	L
26	33	Lp
26	34	Lp
26	35	Lp
26	36	-1
26	37	-1
26	38	-1
26	39	L
26	40	-1
26	41	L
26	42	L
26	43	Lp
26	44	Lp
26	45	Lp
26	46	Lp
26	47	L
26	48	-1
26	49	Lp
26	50	Lp
26	51	Lp
26	52	Lp
26	53	-1
26	54	L
26	55	Lp
26	56	Lp
26	57	-1
26	58	Lp
26	59	Lp
26	60	Lp
26	61	-1
26	62	Lp
26	63	Lp
26	64	Lp
26	65	-1
26	66	L
26	67	Lp
26	68	Lp
26	69	Lp
26	70	Lp
26	71	-1
26	72	Lp
26	73	Lp
26	74	-1
26	75	Lp
26	76	Lp
26	77	Lp
26	78	Lp
26	79	Lp
26	80	Lp
26	81	L
26	82	Lp
26	83	Lp
26	84	Lp
26	85	-1
26	86	Lp
26	87	L
26	88	Lp
26	89	L
26	90	L
26	91	L
26	92	L
26	93	-1
26	94	Lp
26	95	-1
26	96	Lp
26	97	Lp
26	98	Lp
26	99	Lp
26	100	Lp
26	101	Lp
26	102	-1
26	103	L
26	104	-1
26	105	L
26	106	-1
26	107	Lp
26	108	Lp
26	109	L
26	110	L
26	111	L
26	112	L
26	113	-1
26	114	L
26	115	L
26	116	-1
26	117	L
26	118	L
26	119	L
27	0	L
27	1	L
27	2	U
27	3	U
27	4	Lp
27	5	L
27	6	U
27	7	Lp
27	8	Lp
27	9	Lp
27	10	Lp
27	11	L
27	12	L
27	13	Lp
27	14	-1
27	15	-1
27	16	Lp
27	17	Lp
27	18	Lp
27	19	-1
27	20	-1
27	21	L
27	22	Lp
27	23	Lp
27	24	Lp
27	25	L
27	26	-1
27	27	L
27	28	-1
27	29	L
27	30	L
27	31	Lp
27	32	Lp
27	33	L
27	34	Lp
27	35	L
27	36	-1
27	37	L
27	38	L
27	39	L
27	40	L
27	41	L
27	42	-1
27	43	Lp
27	44	Lp
27	45	Lp
27	46	L
27	47	Lp
27	48	Lp
27	49	-1
27	50	Lp
27	51	Lp
27	52	Lp
27	53	Lp
27	54	L
27	55	L
27	56	Lp
27	57	Lp
27	58	Lp
27	59	Lp
27	60	Lp
27	61	Lp
27	62	Lp
27	63	-1
27	64	-1
27	65	-1
27	66	-1
27	67	Lp
27	68	Lp
27	69	Lp
27	70	Lp
27	71	Lp
27	72	Lp
27	73	U
27	74	-1
27	75	Lp
27	76	-1
27	77	Lp
27	78	-1
27	79	Lp
27	80	-1
27	81	Lp
27	82	-1
27	83	Lp
27	84	Lp
27	85	Lp
27	86	Lp
27	87	L
27	88	L
27	89	L
27	90	-1
27	91	L
27	92	L
27	93	-1
27	94	-1
27	95	-1
27	96	L
27	97	L
27	98	L
27	99	Lp
27	100	-1
27	101	Lp
27	102	-1
27	103	-1
27	104	L
27	105	L
27	106	Lp
27	107	Lp
27	108	Lp
27	109	Lp
27	110	L
27	111	L
27	112	L
27	113	L
27	114	L
27	115	L
27	116	L
27	117	L
27	118	L
27	119	Lp
28	0	-1
28	1	Lp
28	2	Lp
28	3	L
28	4	U
28	5	U
28	6	U
28	7	U
28	8	Lp
28	9	Lp
28	10	-1
28	11	Lp
28	12	-1
28	13	Lp
28	14	Lp
28	15	Lp
28	16	Lp
28	17	Lp
28	18	Lp
28	19	Lp
28	20	Lp
28	21	L
28	22	Lp
28	23	Lp
28	24	L
28	25	Lp
28	26	Lp
28	27	Lp
28	28	L
28	29	L
28	30	Lp
28	31	-1
28	32	Lp
28	33	Lp
28	34	Lp
28	35	-1
28	36	U
28	37	L
28	38	L
28	39	-1
28	40	-1
28	41	L
28	42	L
28	43	L
28	44	L
28	45	L
28	46	L
28	47	-1
28	48	-1
28	49	Lp
28	50	Lp
28	51	Lp
28	52	Lp
28	53	Lp
28	54	L
28	55	Lp
28	56	Lp
28	57	Lp
28	58	Lp
28	59	Lp
28	60	Lp
28	61	Lp
28	62	Lp
28	63	-1
28	64	-1
28	65	Lp
28	66	-1
28	67	-1
28	68	Lp
28	69	Lp
28	70	Lp
28	71	Lp
28	72	Lp
28	73	Lp
28	74	U
28	75	-1
28	76	Lp
28	77	-1
28	78	Lp
28	79	-1
28	80	-1
28	81	Lp
28	82	Lp
28	83	-1
28	84	Lp
28	85	Lp
28	86	-1
28	87	Lp
28	88	Lp
28	89	-1
28	90	-1
28	91	-1
28	92	-1
28	93	L
28	94	-1
28	95	L
28	96	L
28	97	L
28	98	-1
28	99	L
28	100	Lp
28	101	L
28	102	L
28	103	L
28	104	Lp
28	105	Lp
28	106	-1
28	107	Lp
28	108	Lp
28	109	Lp
28	110	L
28	111	Lp
28	112	L
28	113	L
28	114	L
28	115	L
28	116	-1
28	117	-1
28	118	L
28	119	Lp
29	0	Lp
29	1	L
29	2	L
29	3	-1
29	4	U
29	5	-1
29	6	U
29	7	Lp
29	8	-1
29	9	Lp
29	10	Lp
29	11	-1
29	12	Lp
29	13	Lp
29	14	Lp
29	15	-1
29	16	Lp
29	17	Lp
29	18	Lp
29	19	Lp
29	20	Lp
29	21	L
29	22	L
29	23	Lp
29	24	Lp
29	25	Lp
29	26	Lp
29	27	Lp
29	28	L
29	29	L
29	30	Lp
29	31	Lp
29	32	-1
29	33	Lp
29	34	Lp
29	35	Lp
29	36	Lp
29	37	L
29	38	-1
29	39	U
29	40	-1
29	41	L
29	42	L
29	43	-1
29	44	L
29	45	L
29	46	Lp
29	47	Lp
29	48	L
29	49	Lp
29	50	U
29	51	U
29	52	Lp
29	53	L
29	54	Lp
29	55	Lp
29	56	Lp
29	57	Lp
29	58	Lp
29	59	Lp
29	60	Lp
29	61	Lp
29	62	-1
29	63	Lp
29	64	Lp
29	65	Lp
29	66	Lp
29	67	-1
29	68	Lp
29	69	-1
29	70	Lp
29	71	Lp
29	72	Lp
29	73	Lp
29	74	Lp
29	75	Lp
29	76	Lp
29	77	Lp
29	78	Lp
29	79	Lp
29	80	Lp
29	81	-1
29	82	Lp
29	83	Lp
29	84	L
29	85	L
29	86	Lp
29	87	L
29	88	L
29	89	L
29	90	L
29	91	L
29	92	L
29	93	-1
29	94	-1
29	95	L
29	96	-1
29	97	L
29	98	L
29	99	-1
29	100	Lp
29	101	Lp
29	102	L
29	103	L
29	104	Lp
29	105	L
29	106	-1
29	107	Lp
29	108	-1
29	109	-1
29	110	-1
29	111	Lp
29	112	L
29	113	L
29	114	L
29	115	L
29	116	L
29	117	L
29	118	L
29	119	L
30	0	L
30	1	Lp
30	2	Lp
30	3	L
30	4	Lp
30	5	L
30	6	Lp
30	7	U
30	8	Lp
30	9	Lp
30	10	Lp
30	11	-1
30	12	Lp
30	13	Lp
30	14	Lp
30	15	Lp
30	16	Lp
30	17	Lp
30	18	Lp
30	19	Lp
30	20	Lp
30	21	Lp
30	22	Lp
30	23	Lp
30	24	Lp
30	25	L
30	26	Lp
30	27	Lp
30	28	Lp
30	29	Lp
30	30	-1
30	31	Lp
30	32	-1
30	33	-1
30	34	Lp
30	35	Lp
30	36	Lp
30	37	-1
30	38	L
30	39	U
30	40	Lp
30	41	Lp
30	42	L
30	43	L
30	44	L
30	45	L
30	46	Lp
30	47	Lp
30	48	Lp
30	49	Lp
30	50	Lp
30	51	U
30	52	Lp
30	53	Lp
30	54	-1
30	55	-1
30	56	L
30	57	L
30	58	Lp
30	59	Lp
30	60	Lp
30	61	Lp
30	62	-1
30	63	-1
30	64	-1
30	65	Lp
30	66	Lp
30	67	-1
30	68	Lp
30	69	Lp
30	70	-1
30	71	Lp
30	72	Lp
30	73	Lp
30	74	Lp
30	75	-1
30	76	-1
30	77	Lp
30	78	-1
30	79	Lp
30	80	Lp
30	81	Lp
30	82	Lp
30	83	-1
30	84	Lp
30	85	Lp
30	86	Lp
30	87	L
30	88	-1
30	89	L
30	90	L
30	91	-1
30	92	L
30	93	L
30	94	L
30	95	L
30	96	L
30	97	L
30	98	Lp
30	99	Lp
30	100	-1
30	101	Lp
30	102	-1
30	103	L
30	104	L
30	105	L
30	106	Lp
30	107	Lp
30	108	Lp
30	109	Lp
30	110	L
30	111	L
30	112	-1
30	113	L
30	114	L
30	115	L
30	116	L
30	117	-1
30	118	-1
30	119	L
31	0	L
31	1	Lp
31	2	L
31	3	Lp
31	4	L
31	5	L
31	6	U
31	7	U
31	8	Lp
31	9	Lp
31	10	Lp
31	11	Lp
31	12	Lp
31	13	-1
31	14	Lp
31	15	Lp
31	16	Lp
31	17	Lp
31	18	Lp
31	19	U
31	20	Lp
31	21	Lp
31	22	Lp
31	23	-1
31	24	Lp
31	25	Lp
31	26	L
31	27	Lp
31	28	-1
31	29	-1
31	30	Lp
31	31	Lp
31	32	Lp
31	33	-1
31	34	U
31	35	-1
31	36	Lp
31	37	U
31	38	U
31	39	Lp
31	40	Lp
31	41	Lp
31	42	-1
31	43	L
31	44	Lp
31	45	L
31	46	L
31	47	L
31	48	L
31	49	L
31	50	Lp
31	51	Lp
31	52	Lp
31	53	L
31	54	L
31	55	-1
31	56	Lp
31	57	-1
31	58	Lp
31	59	Lp
31	60	Lp
31	61	Lp
31	62	Lp
31	63	Lp
31	64	Lp
31	65	Lp
31	66	-1
31	67	Lp
31	68	-1
31	69	Lp
31	70	Lp
31	71	Lp
31	72	-1
31	73	Lp
31	74	Lp
31	75	Lp
31	76	-1
31	77	Lp
31	78	Lp
31	79	Lp
31	80	-1
31	81	Lp
31	82	Lp
31	83	Lp
31	84	Lp
31	85	Lp
31	86	Lp
31	87	-1
31	88	L
31	89	L
31	90	L
31	91	L
31	92	L
31	93	L
31	94	-1
31	95	L
31	96	L
31	97	Lp
31	98	Lp
31	99	Lp
31	100	Lp
31	101	-1
31	102	L
31	103	-1
31	104	L
31	105	-1
31	106	L
31	107	L
31	108	L
31	109	L
31	110	L
31	111	L
31	112	L
31	113	-1
31	114	-1
31	115	L
31	116	U
31	117	U
31	118	L
31	119	L
32	0	Lp
32	1	Lp
32	2	U
32	3	Lp
32	4	-1
32	5	L
32	6	L
32	7	L
32	8	Lp
32	9	Lp
32	10	Lp
32	11	-1
32	12	Lp
32	13	Lp
32	14	Lp
32	15	Lp
32	16	Lp
32	17	Lp
32	18	Lp
32	19	Lp
32	20	U
32	21	L
32	22	Lp
32	23	Lp
32	24	Lp
32	25	Lp
32	26	L
32	27	-1
32	28	Lp
32	29	Lp
32	30	Lp
32	31	Lp
32	32	-1
32	33	L
32	34	Lp
32	35	U
32	36	Lp
32	37	Lp
32	38	Lp
32	39	Lp
32	40	Lp
32	41	Lp
32	42	-1
32	43	L
32	44	Lp
32	45	Lp
32	46	Lp
32	47	L
32	48	L
32	49	Lp
32	50	Lp
32	51	Lp
32	52	L
32	53	-1
32	54	Lp
32	55	Lp
32	56	Lp
32	57	Lp
32	58	-1
32	59	Lp
32	60	Lp
32	61	Lp
32	62	Lp
32	63	Lp
32	64	Lp
32	65	Lp
32	66	Lp
32	67	Lp
32	68	Lp
32	69	Lp
32	70	Lp
32	71	-1
32	72	Lp
32	73	Lp
32	74	Lp
32	75	Lp
32	76	Lp
32	77	Lp
32	78	Lp
32	79	Lp
32	80	Lp
32	81	Lp
32	82	Lp
32	83	Lp
32	84	Lp
32	85	-1
32	86	Lp
32	87	Lp
32	88	Lp
32	89	-1
32	90	-1
32	91	L
32	92	L
32	93	L
32	94	L
32	95	L
32	96	L
32	97	-1
32	98	Lp
32	99	-1
32	100	L
32	101	L
32	102	L
32	103	-1
32	104	L
32	105	L
32	106	L
32	107	-1
32	108	Lp
32	109	Lp
32	110	Lp
32	111	-1
32	112	U
32	113	L
32	114	L
32	115	-1
32	116	Lp
32	117	U
32	118	L
32	119	-1
33	0	-1
33	1	Lp
33	2	L
33	3	U
33	4	-1
33	5	L
33	6	U
33	7	-1
33	8	-1
33	9	U
33	10	U
33	11	-1
33	12	Lp
33	13	Lp
33	14	Lp
33	15	Lp
33	16	Lp
33	17	-1
33	18	Lp
33	19	Lp
33	20	Lp
33	21	-1
33	22	-1
33	23	Lp
33	24	Lp
33	25	L
33	26	-1
33	27	-1
33	28	Lp
33	29	Lp
33	30	L
33	31	Lp
33	32	-1
33	33	Lp
33	34	Lp
33	35	Lp
33	36	Lp
33	37	Lp
33	38	Lp
33	39	Lp
33	40	Lp
33	41	Lp
33	42	L
33	43	Lp
33	44	Lp
33	45	-1
33	46	L
33	47	Lp
33	48	L
33	49	-1
33	50	Lp
33	51	Lp
33	52	L
33	53	L
33	54	Lp
33	55	Lp
33	56	Lp
33	57	Lp
33	58	Lp
33	59	Lp
33	60	Lp
33	61	Lp
33	62	Lp
33	63	Lp
33	64	Lp
33	65	Lp
33	66	Lp
33	67	Lp
33	68	Lp
33	69	Lp
33	70	Lp
33	71	Lp
33	72	Lp
33	73	Lp
33	74	Lp
33	75	Lp
33	76	Lp
33	77	Lp
33	78	Lp
33	79	Lp
33	80	Lp
33	81	Lp
33	82	Lp
33	83	Lp
33	84	-1
33	85	-1
33	86	Lp
33	87	Lp
33	88	Lp
33	89	Lp
33	90	L
33	91	L
33	92	L
33	93	L
33	94	L
33	95	L
33	96	L
33	97	L
33	98	L
33	99	-1
33	100	L
33	101	L
33	102	L
33	103	L
33	104	L
33	105	Lp
33	106	-1
33	107	L
33	108	-1
33	109	U
33	110	-1
33	111	U
33	112	U
33	113	U
33	114	L
33	115	L
33	116	-1
33	117	L
33	118	L
33	119	L
34	0	L
34	1	L
34	2	L
34	3	L
34	4	U
34	5	U
34	6	U
34	7	U
34	8	Lp
34	9	-1
34	10	Lp
34	11	Lp
34	12	-1
34	13	-1
34	14	-1
34	15	Lp
34	16	U
34	17	U
34	18	-1
34	19	-1
34	20	Lp
34	21	Lp
34	22	Lp
34	23	-1
34	24	L
34	25	L
34	26	Lp
34	27	Lp
34	28	-1
34	29	L
34	30	Lp
34	31	-1
34	32	Lp
34	33	Lp
34	34	-1
34	35	Lp
34	36	-1
34	37	Lp
34	38	Lp
34	39	Lp
34	40	Lp
34	41	Lp
34	42	L
34	43	-1
34	44	Lp
34	45	Lp
34	46	Lp
34	47	-1
34	48	Lp
34	49	Lp
34	50	Lp
34	51	Lp
34	52	L
34	53	L
34	54	L
34	55	Lp
34	56	Lp
34	57	-1
34	58	Lp
34	59	-1
34	60	-1
34	61	-1
34	62	Lp
34	63	Lp
34	64	Lp
34	65	-1
34	66	Lp
34	67	-1
34	68	Lp
34	69	Lp
34	70	Lp
34	71	Lp
34	72	Lp
34	73	Lp
34	74	Lp
34	75	Lp
34	76	Lp
34	77	Lp
34	78	-1
34	79	Lp
34	80	Lp
34	81	-1
34	82	Lp
34	83	Lp
34	84	Lp
34	85	Lp
34	86	Lp
34	87	Lp
34	88	Lp
34	89	Lp
34	90	L
34	91	L
34	92	L
34	93	L
34	94	L
34	95	L
34	96	L
34	97	L
34	98	L
34	99	L
34	100	L
34	101	L
34	102	L
34	103	L
34	104	L
34	105	L
34	106	Lp
34	107	Lp
34	108	U
34	109	Lp
34	110	Lp
34	111	-1
34	112	U
34	113	-1
34	114	-1
34	115	L
34	116	L
34	117	L
34	118	L
34	119	-1
35	0	L
35	1	L
35	2	L
35	3	U
35	4	U
35	5	L
35	6	Lp
35	7	L
35	8	Lp
35	9	Lp
35	10	U
35	11	U
35	12	Lp
35	13	Lp
35	14	Lp
35	15	Lp
35	16	U
35	17	Lp
35	18	-1
35	19	Lp
35	20	Lp
35	21	Lp
35	22	L
35	23	L
35	24	L
35	25	L
35	26	-1
35	27	Lp
35	28	L
35	29	-1
35	30	L
35	31	Lp
35	32	-1
35	33	Lp
35	34	Lp
35	35	Lp
35	36	Lp
35	37	Lp
35	38	Lp
35	39	Lp
35	40	Lp
35	41	Lp
35	42	Lp
35	43	Lp
35	44	Lp
35	45	-1
35	46	Lp
35	47	Lp
35	48	-1
35	49	Lp
35	50	Lp
35	51	Lp
35	52	-1
35	53	Lp
35	54	L
35	55	L
35	56	-1
35	57	Lp
35	58	Lp
35	59	Lp
35	60	-1
35	61	Lp
35	62	Lp
35	63	Lp
35	64	-1
35	65	Lp
35	66	Lp
35	67	Lp
35	68	Lp
35	69	Lp
35	70	Lp
35	71	-1
35	72	Lp
35	73	-1
35	74	Lp
35	75	Lp
35	76	Lp
35	77	Lp
35	78	Lp
35	79	Lp
35	80	Lp
35	81	Lp
35	82	Lp
35	83	Lp
35	84	Lp
35	85	Lp
35	86	-1
35	87	Lp
35	88	Lp
35	89	L
35	90	L
35	91	-1
35	92	-1
35	93	L
35	94	L
35	95	L
35	96	L
35	97	L
35	98	L
35	99	L
35	100	L
35	101	L
35	102	L
35	103	Lp
35	104	Lp
35	105	L
35	106	-1
35	107	Lp
35	108	Lp
35	109	Lp
35	110	Lp
35	111	U
35	112	Lp
35	113	-1
35	114	L
35	115	L
35	116	L
35	117	-1
35	118	U
35	119	L
36	0	-1
36	1	Lp
36	2	-1
36	3	Lp
36	4	U
36	5	Lp
36	6	L
36	7	Lp
36	8	Lp
36	9	Lp
36	10	Lp
36	11	Lp
36	12	Lp
36	13	Lp
36	14	Lp
36	15	Lp
36	16	Lp
36	17	Lp
36	18	Lp
36	19	-1
36	20	Lp
36	21	-1
36	22	L
36	23	L
36	24	Lp
36	25	-1
36	26	-1
36	27	Lp
36	28	-1
36	29	-1
36	30	Lp
36	31	Lp
36	32	Lp
36	33	Lp
36	34	Lp
36	35	Lp
36	36	-1
36	37	Lp
36	38	Lp
36	39	Lp
36	40	Lp
36	41	Lp
36	42	Lp
36	43	Lp
36	44	Lp
36	45	Lp
36	46	-1
36	47	Lp
36	48	Lp
36	49	Lp
36	50	Lp
36	51	L
36	52	Lp
36	53	Lp
36	54	Lp
36	55	Lp
36	56	L
36	57	-1
36	58	Lp
36	59	-1
36	60	Lp
36	61	Lp
36	62	Lp
36	63	U
36	64	U
36	65	Lp
36	66	Lp
36	67	Lp
36	68	Lp
36	69	Lp
36	70	Lp
36	71	Lp
36	72	Lp
36	73	-1
36	74	Lp
36	75	-1
36	76	Lp
36	77	Lp
36	78	Lp
36	79	Lp
36	80	U
36	81	Lp
36	82	Lp
36	83	-1
36	84	Lp
36	85	Lp
36	86	Lp
36	87	-1
36	88	Lp
36	89	Lp
36	90	Lp
36	91	-1
36	92	L
36	93	L
36	94	L
36	95	L
36	96	L
36	97	L
36	98	-1
36	99	L
36	100	L
36	101	L
36	102	L
36	103	Lp
36	104	Lp
36	105	Lp
36	106	Lp
36	107	Lp
36	108	Lp
36	109	Lp
36	110	U
36	111	U
36	112	Lp
36	113	-1
36	114	L
36	115	Lp
36	116	L
36	117	L
36	118	L
36	119	U
37	0	U
37	1	U
37	2	Lp
37	3	Lp
37	4	U
37	5	-1
37	6	Lp
37	7	Lp
37	8	-1
37	9	Lp
37	10	Lp
37	11	Lp
37	12	Lp
37	13	-1
37	14	Lp
37	15	-1
37	16	-1
37	17	Lp
37	18	Lp
37	19	Lp
37	20	L
37	21	L
37	22	-1
37	23	L
37	24	-1
37	25	-1
37	26	L
37	27	L
37	28	-1
37	29	-1
37	30	Lp
37	31	Lp
37	32	Lp
37	33	Lp
37	34	Lp
37	35	Lp
37	36	Lp
37	37	Lp
37	38	Lp
37	39	Lp
37	40	Lp
37	41	Lp
37	42	Lp
37	43	Lp
37	44	Lp
37	45	-1
37	46	Lp
37	47	Lp
37	48	Lp
37	49	Lp
37	50	Lp
37	51	L
37	52	L
37	53	Lp
37	54	Lp
37	55	Lp
37	56	L
37	57	U
37	58	U
37	59	Lp
37	60	Lp
37	61	-1
37	62	Lp
37	63	Lp
37	64	-1
37	65	-1
37	66	-1
37	67	Lp
37	68	Lp
37	69	Lp
37	70	Lp
37	71	Lp
37	72	Lp
37	73	Lp
37	74	Lp
37	75	Lp
37	76	Lp
37	77	Lp
37	78	Lp
37	79	Lp
37	80	U
37	81	Lp
37	82	Lp
37	83	Lp
37	84	-1
37	85	Lp
37	86	Lp
37	87	Lp
37	88	L
37	89	L
37	90	L
37	91	Lp
37	92	Lp
37	93	L
37	94	L
37	95	L
37	96	L
37	97	L
37	98	L
37	99	-1
37	100	L
37	101	L
37	102	-1
37	103	L
37	104	-1
37	105	Lp
37	106	-1
37	107	Lp
37	108	Lp
37	109	-1
37	110	Lp
37	111	Lp
37	112	-1
37	113	L
37	114	L
37	115	L
37	116	L
37	117	-1
37	118	-1
37	119	L
38	0	-1
38	1	Lp
38	2	Lp
38	3	Lp
38	4	Lp
38	5	Lp
38	6	Lp
38	7	Lp
38	8	Lp
38	9	Lp
38	10	-1
38	11	Lp
38	12	Lp
38	13	U
38	14	U
38	15	Lp
38	16	Lp
38	17	Lp
38	18	Lp
38	19	Lp
38	20	-1
38	21	-1
38	22	Lp
38	23	L
38	24	L
38	25	-1
38	26	L
38	27	L
38	28	Lp
38	29	Lp
38	30	Lp
38	31	Lp
38	32	Lp
38	33	Lp
38	34	Lp
38	35	Lp
38	36	Lp
38	37	Lp
38	38	Lp
38	39	U
38	40	-1
38	41	Lp
38	42	Lp
38	43	Lp
38	44	Lp
38	45	Lp
38	46	Lp
38	47	-1
38	48	Lp
38	49	U
38	50	Lp
38	51	-1
38	52	Lp
38	53	L
38	54	Lp
38	55	L
38	56	U
38	57	Lp
38	58	U
38	59	Lp
38	60	Lp
38	61	Lp
38	62	Lp
38	63	Lp
38	64	Lp
38	65	Lp
38	66	Lp
38	67	Lp
38	68	-1
38	69	Lp
38	70	Lp
38	71	Lp
38	72	Lp
38	73	Lp
38	74	Lp
38	75	Lp
38	76	-1
38	77	Lp
38	78	Lp
38	79	Lp
38	80	Lp
38	81	-1
38	82	-1
38	83	Lp
38	84	Lp
38	85	Lp
38	86	Lp
38	87	Lp
38	88	Lp
38	89	L
38	90	L
38	91	L
38	92	Lp
38	93	-1
38	94	Lp
38	95	-1
38	96	L
38	97	L
38	98	L
38	99	L
38	100	-1
38	101	L
38	102	Lp
38	103	-1
38	104	Lp
38	105	Lp
38	106	Lp
38	107	-1
38	108	Lp
38	109	-1
38	110	Lp
38	111	Lp
38	112	Lp
38	113	-1
38	114	-1
38	115	Lp
38	116	L
38	117	L
38	118	L
38	119	L
39	0	-1
39	1	-1
39	2	Lp
39	3	Lp
39	4	Lp
39	5	Lp
39	6	Lp
39	7	Lp
39	8	Lp
39	9	Lp
39	10	-1
39	11	Lp
39	12	-1
39	13	Lp
39	14	Lp
39	15	Lp
39	16	-1
39	17	Lp
39	18	Lp
39	19	Lp
39	20	Lp
39	21	Lp
39	22	Lp
39	23	Lp
39	24	Lp
39	25	-1
39	26	L
39	27	L
39	28	Lp
39	29	Lp
39	30	-1
39	31	Lp
39	32	Lp
39	33	Lp
39	34	Lp
39	35	Lp
39	36	Lp
39	37	Lp
39	38	Lp
39	39	-1
39	40	Lp
39	41	Lp
39	42	Lp
39	43	Lp
39	44	L
39	45	Lp
39	46	Lp
39	47	Lp
39	48	-1
39	49	-1
39	50	-1
39	51	Lp
39	52	Lp
39	53	Lp
39	54	-1
39	55	-1
39	56	Lp
39	57	-1
39	58	Lp
39	59	Lp
39	60	Lp
39	61	Lp
39	62	U
39	63	U
39	64	L
39	65	Lp
39	66	Lp
39	67	Lp
39	68	Lp
39	69	Lp
39	70	-1
39	71	Lp
39	72	-1
39	73	Lp
39	74	-1
39	75	U
39	76	U
39	77	Lp
39	78	Lp
39	79	Lp
39	80	Lp
39	81	-1
39	82	Lp
39	83	Lp
39	84	Lp
39	85	Lp
39	86	-1
39	87	Lp
39	88	L
39	89	Lp
39	90	L
39	91	-1
39	92	-1
39	93	-1
39	94	-1
39	95	L
39	96	L
39	97	U
39	98	L
39	99	-1
39	100	L
39	101	Lp
39	102	L
39	103	-1
39	104	Lp
39	105	Lp
39	106	-1
39	107	-1
39	108	Lp
39	109	Lp
39	110	Lp
39	111	Lp
39	112	Lp
39	113	L
39	114	-1
39	115	Lp
39	116	Lp
39	117	Lp
39	118	L
39	119	Lp
40	0	Lp
40	1	Lp
40	2	-1
40	3	Lp
40	4	Lp
40	5	-1
40	6	-1
40	7	Lp
40	8	-1
40	9	U
40	10	-1
40	11	Lp
40	12	Lp
40	13	Lp
40	14	Lp
40	15	Lp
40	16	Lp
40	17	Lp
40	18	Lp
40	19	Lp
40	20	Lp
40	21	-1
40	22	Lp
40	23	Lp
40	24	Lp
40	25	-1
40	26	-1
40	27	Lp
40	28	Lp
40	29	Lp
40	30	Lp
40	31	Lp
40	32	Lp
40	33	Lp
40	34	Lp
40	35	Lp
40	36	Lp
40	37	Lp
40	38	Lp
40	39	U
40	40	Lp
40	41	-1
40	42	Lp
40	43	Lp
40	44	-1
40	45	L
40	46	Lp
40	47	L
40	48	-1
40	49	-1
40	50	Lp
40	51	-1
40	52	Lp
40	53	Lp
40	54	Lp
40	55	-1
40	56	U
40	57	U
40	58	Lp
40	59	-1
40	60	-1
40	61	Lp
40	62	-1
40	63	U
40	64	-1
40	65	-1
40	66	-1
40	67	Lp
40	68	Lp
40	69	Lp
40	70	Lp
40	71	Lp
40	72	Lp
40	73	Lp
40	74	U
40	75	L
40	76	-1
40	77	L
40	78	Lp
40	79	Lp
40	80	Lp
40	81	-1
40	82	-1
40	83	Lp
40	84	L
40	85	Lp
40	86	Lp
40	87	Lp
40	88	Lp
40	89	-1
40	90	U
40	91	Lp
40	92	Lp
40	93	Lp
40	94	Lp
40	95	L
40	96	-1
40	97	L
40	98	L
40	99	L
40	100	-1
40	101	L
40	102	-1
40	103	Lp
40	104	Lp
40	105	Lp
40	106	-1
40	107	Lp
40	108	Lp
40	109	Lp
40	110	Lp
40	111	Lp
40	112	Lp
40	113	L
40	114	Lp
40	115	Lp
40	116	L
40	117	Lp
40	118	Lp
40	119	Lp
41	0	Lp
41	1	Lp
41	2	Lp
41	3	Lp
41	4	-1
41	5	Lp
41	6	Lp
41	7	Lp
41	8	-1
41	9	-1
41	10	Lp
41	11	Lp
41	12	Lp
41	13	Lp
41	14	Lp
41	15	Lp
41	16	-1
41	17	-1
41	18	Lp
41	19	Lp
41	20	Lp
41	21	L
41	22	Lp
41	23	Lp
41	24	-1
41	25	-1
41	26	Lp
41	27	Lp
41	28	Lp
41	29	Lp
41	30	Lp
41	31	Lp
41	32	Lp
41	33	Lp
41	34	L
41	35	-1
41	36	Lp
41	37	-1
41	38	-1
41	39	Lp
41	40	-1
41	41	Lp
41	42	Lp
41	43	Lp
41	44	-1
41	45	Lp
41	46	Lp
41	47	-1
41	48	Lp
41	49	Lp
41	50	Lp
41	51	Lp
41	52	Lp
41	53	-1
41	54	Lp
41	55	Lp
41	56	U
41	57	Lp
41	58	Lp
41	59	Lp
41	60	-1
41	61	Lp
41	62	Lp
41	63	Lp
41	64	-1
41	65	Lp
41	66	Lp
41	67	-1
41	68	Lp
41	69	Lp
41	70	Lp
41	71	Lp
41	72	Lp
41	73	Lp
41	74	Lp
41	75	-1
41	76	L
41	77	Lp
41	78	Lp
41	79	Lp
41	80	Lp
41	81	Lp
41	82	Lp
41	83	Lp
41	84	L
41	85	Lp
41	86	-1
41	87	Lp
41	88	L
41	89	Lp
41	90	U
41	91	Lp
41	92	L
41	93	Lp
41	94	L
41	95	L
41	96	L
41	97	-1
41	98	L
41	99	Lp
41	100	Lp
41	101	Lp
41	102	Lp
41	103	Lp
41	104	Lp
41	105	-1
41	106	-1
41	107	Lp
41	108	Lp
41	109	-1
41	110	Lp
41	111	L
41	112	Lp
41	113	Lp
41	114	-1
41	115	L
41	116	L
41	117	L
41	118	Lp
41	119	Lp
42	0	Lp
42	1	L
42	2	Lp
42	3	Lp
42	4	-1
42	5	Lp
42	6	Lp
42	7	-1
42	8	Lp
42	9	Lp
42	10	-1
42	11	Lp
42	12	Lp
42	13	Lp
42	14	Lp
42	15	Lp
42	16	Lp
42	17	Lp
42	18	Lp
42	19	Lp
42	20	Lp
42	21	L
42	22	L
42	23	Lp
42	24	L
42	25	Lp
42	26	Lp
42	27	-1
42	28	Lp
42	29	Lp
42	30	Lp
42	31	Lp
42	32	Lp
42	33	Lp
42	34	-1
42	35	L
42	36	Lp
42	37	Lp
42	38	Lp
42	39	Lp
42	40	Lp
42	41	Lp
42	42	Lp
42	43	Lp
42	44	Lp
42	45	Lp
42	46	L
42	47	-1
42	48	L
42	49	Lp
42	50	-1
42	51	Lp
42	52	Lp
42	53	-1
42	54	-1
42	55	Lp
42	56	Lp
42	57	Lp
42	58	Lp
42	59	Lp
42	60	Lp
42	61	Lp
42	62	Lp
42	63	Lp
42	64	Lp
42	65	Lp
42	66	Lp
42	67	-1
42	68	Lp
42	69	Lp
42	70	-1
42	71	Lp
42	72	Lp
42	73	Lp
42	74	Lp
42	75	Lp
42	76	-1
42	77	Lp
42	78	Lp
42	79	Lp
42	80	Lp
42	81	L
42	82	L
42	83	Lp
42	84	-1
42	85	Lp
42	86	Lp
42	87	Lp
42	88	L
42	89	-1
42	90	Lp
42	91	Lp
42	92	L
42	93	-1
42	94	L
42	95	L
42	96	L
42	97	L
42	98	U
42	99	Lp
42	100	Lp
42	101	-1
42	102	-1
42	103	-1
42	104	Lp
42	105	Lp
42	106	Lp
42	107	Lp
42	108	Lp
42	109	Lp
42	110	-1
42	111	Lp
42	112	Lp
42	113	-1
42	114	Lp
42	115	Lp
42	116	L
42	117	Lp
42	118	Lp
42	119	Lp
43	0	L
43	1	-1
43	2	L
43	3	Lp
43	4	Lp
43	5	Lp
43	6	Lp
43	7	-1
43	8	-1
43	9	Lp
43	10	Lp
43	11	-1
43	12	Lp
43	13	Lp
43	14	Lp
43	15	Lp
43	16	Lp
43	17	Lp
43	18	Lp
43	19	Lp
43	20	-1
43	21	Lp
43	22	L
43	23	L
43	24	L
43	25	L
43	26	Lp
43	27	Lp
43	28	Lp
43	29	Lp
43	30	Lp
43	31	Lp
43	32	Lp
43	33	-1
43	34	Lp
43	35	Lp
43	36	-1
43	37	Lp
43	38	-1
43	39	Lp
43	40	Lp
43	41	-1
43	42	Lp
43	43	Lp
43	44	Lp
43	45	Lp
43	46	Lp
43	47	L
43	48	L
43	49	L
43	50	-1
43	51	Lp
43	52	Lp
43	53	Lp
43	54	Lp
43	55	-1
43	56	Lp
43	57	Lp
43	58	-1
43	59	Lp
43	60	Lp
43	61	Lp
43	62	Lp
43	63	Lp
43	64	Lp
43	65	Lp
43	66	-1
43	67	Lp
43	68	Lp
43	69	Lp
43	70	Lp
43	71	-1
43	72	-1
43	73	Lp
43	74	-1
43	75	-1
43	76	Lp
43	77	Lp
43	78	-1
43	79	Lp
43	80	Lp
43	81	L
43	82	L
43	83	L
43	84	Lp
43	85	Lp
43	86	Lp
43	87	-1
43	88	Lp
43	89	-1
43	90	Lp
43	91	Lp
43	92	Lp
43	93	Lp
43	94	L
43	95	L
43	96	L
43	97	L
43	98	L
43	99	-1
43	100	Lp
43	101	Lp
43	102	L
43	103	Lp
43	104	Lp
43	105	Lp
43	106	Lp
43	107	Lp
43	108	Lp
43	109	Lp
43	110	Lp
43	111	Lp
43	112	L
43	113	Lp
43	114	Lp
43	115	Lp
43	116	L
43	117	Lp
43	118	Lp
43	119	Lp
44	0	L
44	1	L
44	2	Lp
44	3	Lp
44	4	Lp
44	5	Lp
44	6	Lp
44	7	Lp
44	8	Lp
44	9	Lp
44	10	Lp
44	11	-1
44	12	Lp
44	13	Lp
44	14	U
44	15	Lp
44	16	Lp
44	17	Lp
44	18	U
44	19	Lp
44	20	U
44	21	-1
44	22	-1
44	23	-1
44	24	L
44	25	L
44	26	L
44	27	Lp
44	28	Lp
44	29	L
44	30	L
44	31	Lp
44	32	Lp
44	33	Lp
44	34	Lp
44	35	Lp
44	36	Lp
44	37	Lp
44	38	-1
44	39	Lp
44	40	Lp
44	41	Lp
44	42	Lp
44	43	-1
44	44	Lp
44	45	Lp
44	46	-1
44	47	-1
44	48	Lp
44	49	L
44	50	-1
44	51	Lp
44	52	-1
44	53	Lp
44	54	Lp
44	55	Lp
44	56	Lp
44	57	Lp
44	58	Lp
44	59	-1
44	60	Lp
44	61	-1
44	62	Lp
44	63	Lp
44	64	Lp
44	65	-1
44	66	-1
44	67	Lp
44	68	Lp
44	69	Lp
44	70	Lp
44	71	Lp
44	72	Lp
44	73	-1
44	74	L
44	75	L
44	76	Lp
44	77	-1
44	78	-1
44	79	Lp
44	80	L
44	81	-1
44	82	U
44	83	L
44	84	L
44	85	L
44	86	L
44	87	-1
44	88	Lp
44	89	Lp
44	90	Lp
44	91	Lp
44	92	Lp
44	93	Lp
44	94	L
44	95	L
44	96	L
44	97	L
44	98	-1
44	99	L
44	100	-1
44	101	L
44	102	L
44	103	Lp
44	104	-1
44	105	Lp
44	106	Lp
44	107	-1
44	108	Lp
44	109	Lp
44	110	Lp
44	111	L
44	112	L
44	113	L
44	114	Lp
44	115	Lp
44	116	-1
44	117	Lp
44	118	Lp
44	119	Lp
45	0	L
45	1	Lp
45	2	-1
45	3	Lp
45	4	Lp
45	5	Lp
45	6	-1
45	7	Lp
45	8	Lp
45	9	Lp
45	10	Lp
45	11	Lp
45	12	Lp
45	13	U
45	14	-1
45	15	Lp
45	16	-1
45	17	Lp
45	18	U
45	19	-1
45	20	L
45	21	U
45	22	L
45	23	Lp
45	24	L
45	25	L
45	26	L
45	27	L
45	28	L
45	29	Lp
45	30	Lp
45	31	Lp
45	32	Lp
45	33	Lp
45	34	Lp
45	35	Lp
45	36	Lp
45	37	-1
45	38	-1
45	39	-1
45	40	Lp
45	41	Lp
45	42	-1
45	43	-1
45	44	Lp
45	45	Lp
45	46	Lp
45	47	Lp
45	48	Lp
45	49	Lp
45	50	-1
45	51	Lp
45	52	Lp
45	53	Lp
45	54	Lp
45	55	-1
45	56	Lp
45	57	Lp
45	58	Lp
45	59	Lp
45	60	Lp
45	61	Lp
45	62	Lp
45	63	Lp
45	64	Lp
45	65	-1
45	66	-1
45	67	-1
45	68	Lp
45	69	Lp
45	70	L
45	71	-1
45	72	Lp
45	73	Lp
45	74	L
45	75	Lp
45	76	L
45	77	Lp
45	78	Lp
45	79	Lp
45	80	L
45	81	L
45	82	-1
45	83	U
45	84	L
45	85	L
45	86	L
45	87	L
45	88	Lp
45	89	Lp
45	90	-1
45	91	Lp
45	92	L
45	93	L
45	94	L
45	95	-1
45	96	U
45	97	-1
45	98	L
45	99	L
45	100	-1
45	101	L
45	102	L
45	103	-1
45	104	Lp
45	105	L
45	106	Lp
45	107	Lp
45	108	Lp
45	109	-1
45	110	Lp
45	111	L
45	112	L
45	113	L
45	114	-1
45	115	Lp
45	116	L
45	117	L
45	118	U
45	119	Lp
46	0	L
46	1	L
46	2	Lp
46	3	Lp
46	4	Lp
46	5	-1
46	6	Lp
46	7	U
46	8	-1
46	9	-1
46	10	U
46	11	Lp
46	12	Lp
46	13	Lp
46	14	Lp
46	15	Lp
46	16	Lp
46	17	U
46	18	-1
46	19	U
46	20	L
46	21	-1
46	22	Lp
46	23	L
46	24	L
46	25	-1
46	26	L
46	27	L
46	28	L
46	29	-1
46	30	Lp
46	31	Lp
46	32	Lp
46	33	Lp
46	34	Lp
46	35	Lp
46	36	Lp
46	37	Lp
46	38	Lp
46	39	Lp
46	40	Lp
46	41	Lp
46	42	-1
46	43	Lp
46	44	-1
46	45	-1
46	46	Lp
46	47	-1
46	48	-1
46	49	Lp
46	50	Lp
46	51	Lp
46	52	-1
46	53	-1
46	54	Lp
46	55	Lp
46	56	Lp
46	57	Lp
46	58	Lp
46	59	Lp
46	60	Lp
46	61	Lp
46	62	Lp
46	63	Lp
46	64	Lp
46	65	Lp
46	66	Lp
46	67	-1
46	68	Lp
46	69	Lp
46	70	Lp
46	71	Lp
46	72	L
46	73	Lp
46	74	Lp
46	75	L
46	76	Lp
46	77	Lp
46	78	Lp
46	79	-1
46	80	Lp
46	81	L
46	82	L
46	83	-1
46	84	-1
46	85	L
46	86	L
46	87	L
46	88	L
46	89	L
46	90	Lp
46	91	Lp
46	92	-1
46	93	-1
46	94	L
46	95	-1
46	96	L
46	97	L
46	98	L
46	99	L
46	100	L
46	101	L
46	102	L
46	103	L
46	104	L
46	105	L
46	106	Lp
46	107	Lp
46	108	-1
46	109	Lp
46	110	L
46	111	L
46	112	L
46	113	L
46	114	-1
46	115	Lp
46	116	L
46	117	U
46	118	U
46	119	L
47	0	-1
47	1	Lp
47	2	Lp
47	3	Lp
47	4	Lp
47	5	Lp
47	6	-1
47	7	U
47	8	U
47	9	-1
47	10	Lp
47	11	-1
47	12	Lp
47	13	Lp
47	14	Lp
47	15	Lp
47	16	Lp
47	17	Lp
47	18	L
47	19	L
47	20	Lp
47	21	Lp
47	22	L
47	23	L
47	24	L
47	25	L
47	26	L
47	27	L
47	28	U
47	29	Lp
47	30	Lp
47	31	L
47	32	Lp
47	33	Lp
47	34	Lp
47	35	-1
47	36	Lp
47	37	-1
47	38	-1
47	39	-1
47	40	-1
47	41	-1
47	42	Lp
47	43	Lp
47	44	Lp
47	45	L
47	46	-1
47	47	Lp
47	48	Lp
47	49	Lp
47	50	-1
47	51	Lp
47	52	Lp
47	53	Lp
47	54	Lp
47	55	Lp
47	56	Lp
47	57	Lp
47	58	Lp
47	59	Lp
47	60	Lp
47	61	Lp
47	62	Lp
47	63	Lp
47	64	Lp
47	65	Lp
47	66	Lp
47	67	Lp
47	68	-1
47	69	U
47	70	L
47	71	-1
47	72	L
47	73	Lp
47	74	Lp
47	75	L
47	76	L
47	77	L
47	78	Lp
47	79	-1
47	80	L
47	81	-1
47	82	-1
47	83	L
47	84	L
47	85	L
47	86	L
47	87	L
47	88	L
47	89	-1
47	90	L
47	91	L
47	92	L
47	93	L
47	94	-1
47	95	-1
47	96	L
47	97	L
47	98	-1
47	99	L
47	100	-1
47	101	L
47	102	Lp
47	103	L
47	104	-1
47	105	L
47	106	L
47	107	L
47	108	-1
47	109	L
47	110	L
47	111	-1
47	112	L
47	113	L
47	114	L
47	115	L
47	116	-1
47	117	U
47	118	-1
47	119	-1
48	0	L
48	1	-1
48	2	-1
48	3	Lp
48	4	-1
48	5	Lp
48	6	Lp
48	7	Lp
48	8	U
48	9	Lp
48	10	Lp
48	11	Lp
48	12	-1
48	13	Lp
48	14	-1
48	15	-1
48	16	Lp
48	17	Lp
48	18	U
48	19	-1
48	20	-1
48	21	L
48	22	Lp
48	23	Lp
48	24	Lp
48	25	Lp
48	26	L
48	27	L
48	28	U
48	29	L
48	30	L
48	31	-1
48	32	Lp
48	33	-1
48	34	Lp
48	35	Lp
48	36	Lp
48	37	U
48	38	Lp
48	39	Lp
48	40	Lp
48	41	Lp
48	42	-1
48	43	Lp
48	44	Lp
48	45	L
48	46	Lp
48	47	U
48	48	U
48	49	-1
48	50	Lp
48	51	Lp
48	52	Lp
48	53	Lp
48	54	Lp
48	55	-1
48	56	Lp
48	57	Lp
48	58	Lp
48	59	-1
48	60	Lp
48	61	Lp
48	62	Lp
48	63	Lp
48	64	-1
48	65	Lp
48	66	-1
48	67	-1
48	68	L
48	69	-1
48	70	Lp
48	71	L
48	72	L
48	73	L
48	74	-1
48	75	L
48	76	L
48	77	L
48	78	Lp
48	79	L
48	80	L
48	81	L
48	82	L
48	83	L
48	84	L
48	85	L
48	86	L
48	87	-1
48	88	L
48	89	L
48	90	L
48	91	L
48	92	-1
48	93	L
48	94	-1
48	95	Lp
48	96	Lp
48	97	Lp
48	98	L
48	99	L
48	100	L
48	101	-1
48	102	Lp
48	103	Lp
48	104	L
48	105	L
48	106	L
48	107	L
48	108	L
48	109	L
48	110	Lp
48	111	-1
48	112	L
48	113	L
48	114	L
48	115	L
48	116	L
48	117	L
48	118	L
48	119	L
49	0	L
49	1	Lp
49	2	L
49	3	Lp
49	4	Lp
49	5	Lp
49	6	Lp
49	7	Lp
49	8	Lp
49	9	-1
49	10	Lp
49	11	Lp
49	12	Lp
49	13	Lp
49	14	Lp
49	15	Lp
49	16	Lp
49	17	Lp
49	18	L
49	19	Lp
49	20	Lp
49	21	-1
49	22	Lp
49	23	Lp
49	24	-1
49	25	Lp
49	26	L
49	27	L
49	28	U
49	29	U
49	30	L
49	31	-1
49	32	-1
49	33	-1
49	34	Lp
49	35	Lp
49	36	-1
49	37	U
49	38	U
49	39	Lp
49	40	Lp
49	41	Lp
49	42	Lp
49	43	-1
49	44	Lp
49	45	Lp
49	46	U
49	47	U
49	48	U
49	49	L
49	50	Lp
49	51	-1
49	52	Lp
49	53	Lp
49	54	Lp
49	55	Lp
49	56	Lp
49	57	Lp
49	58	Lp
49	59	Lp
49	60	-1
49	61	Lp
49	62	-1
49	63	Lp
49	64	Lp
49	65	Lp
49	66	Lp
49	67	Lp
49	68	L
49	69	Lp
49	70	L
49	71	Lp
49	72	L
49	73	-1
49	74	L
49	75	L
49	76	Lp
49	77	L
49	78	Lp
49	79	L
49	80	-1
49	81	L
49	82	L
49	83	L
49	84	L
49	85	L
49	86	L
49	87	L
49	88	L
49	89	L
49	90	L
49	91	Lp
49	92	L
49	93	-1
49	94	Lp
49	95	Lp
49	96	Lp
49	97	L
49	98	L
49	99	L
49	100	Lp
49	101	Lp
49	102	L
49	103	-1
49	104	L
49	105	-1
49	106	L
49	107	-1
49	108	L
49	109	-1
49	110	-1
49	111	Lp
49	112	Lp
49	113	L
49	114	-1
49	115	L
49	116	L
49	117	U
49	118	U
49	119	L
50	0	L
50	1	L
50	2	L
50	3	-1
50	4	Lp
50	5	Lp
50	6	Lp
50	7	-1
50	8	Lp
50	9	Lp
50	10	Lp
50	11	Lp
50	12	Lp
50	13	-1
50	14	Lp
50	15	Lp
50	16	Lp
50	17	Lp
50	18	Lp
50	19	Lp
50	20	Lp
50	21	-1
50	22	Lp
50	23	-1
50	24	Lp
50	25	L
50	26	-1
50	27	Lp
50	28	L
50	29	L
50	30	L
50	31	L
50	32	L
50	33	Lp
50	34	Lp
50	35	Lp
50	36	Lp
50	37	U
50	38	U
50	39	-1
50	40	Lp
50	41	-1
50	42	Lp
50	43	Lp
50	44	Lp
50	45	-1
50	46	-1
50	47	U
50	48	L
50	49	-1
50	50	Lp
50	51	Lp
50	52	-1
50	53	Lp
50	54	Lp
50	55	Lp
50	56	Lp
50	57	Lp
50	58	-1
50	59	-1
50	60	Lp
50	61	-1
50	62	Lp
50	63	-1
50	64	Lp
50	65	Lp
50	66	Lp
50	67	Lp
50	68	Lp
50	69	L
50	70	Lp
50	71	L
50	72	L
50	73	-1
50	74	L
50	75	-1
50	76	L
50	77	Lp
50	78	Lp
50	79	L
50	80	L
50	81	L
50	82	L
50	83	L
50	84	-1
50	85	L
50	86	L
50	87	L
50	88	L
50	89	L
50	90	Lp
50	91	Lp
50	92	L
50	93	Lp
50	94	-1
50	95	Lp
50	96	Lp
50	97	L
50	98	L
50	99	-1
50	100	L
50	101	Lp
50	102	U
50	103	Lp
50	104	Lp
50	105	L
50	106	L
50	107	L
50	108	L
50	109	L
50	110	L
50	111	Lp
50	112	Lp
50	113	L
50	114	L
50	115	L
50	116	L
50	117	U
50	118	-1
50	119	L
51	0	U
51	1	U
51	2	Lp
51	3	-1
51	4	U
51	5	Lp
51	6	Lp
51	7	Lp
51	8	Lp
51	9	Lp
51	10	-1
51	11	Lp
51	12	-1
51	13	Lp
51	14	-1
51	15	-1
51	16	U
51	17	Lp
51	18	Lp
51	19	-1
51	20	Lp
51	21	Lp
51	22	Lp
51	23	Lp
51	24	Lp
51	25	Lp
51	26	Lp
51	27	Lp
51	28	Lp
51	29	-1
51	30	L
51	31	L
51	32	-1
51	33	L
51	34	Lp
51	35	Lp
51	36	Lp
51	37	Lp
51	38	Lp
51	39	U
51	40	Lp
51	41	Lp
51	42	Lp
51	43	-1
51	44	Lp
51	45	-1
51	46	U
51	47	L
51	48	-1
51	49	Lp
51	50	Lp
51	51	-1
51	52	-1
51	53	Lp
51	54	Lp
51	55	Lp
51	56	Lp
51	57	U
51	58	-1
51	59	L
51	60	Lp
51	61	Lp
51	62	Lp
51	63	Lp
51	64	-1
51	65	Lp
51	66	-1
51	67	Lp
51	68	Lp
51	69	-1
51	70	L
51	71	L
51	72	L
51	73	L
51	74	L
51	75	L
51	76	-1
51	77	L
51	78	Lp
51	79	Lp
51	80	L
51	81	L
51	82	L
51	83	Lp
51	84	L
51	85	-1
51	86	-1
51	87	L
51	88	L
51	89	Lp
51	90	Lp
51	91	-1
51	92	Lp
51	93	Lp
51	94	-1
51	95	Lp
51	96	-1
51	97	L
51	98	L
51	99	L
51	100	L
51	101	-1
51	102	Lp
51	103	Lp
51	104	Lp
51	105	Lp
51	106	L
51	107	L
51	108	-1
51	109	L
51	110	Lp
51	111	Lp
51	112	-1
51	113	-1
51	114	L
51	115	L
51	116	L
51	117	Lp
51	118	Lp
51	119	Lp
52	0	U
52	1	-1
52	2	Lp
52	3	Lp
52	4	U
52	5	-1
52	6	-1
52	7	Lp
52	8	-1
52	9	Lp
52	10	Lp
52	11	Lp
52	12	-1
52	13	Lp
52	14	Lp
52	15	-1
52	16	-1
52	17	Lp
52	18	-1
52	19	U
52	20	Lp
52	21	U
52	22	U
52	23	Lp
52	24	Lp
52	25	Lp
52	26	Lp
52	27	-1
52	28	Lp
52	29	Lp
52	30	L
52	31	L
52	32	L
52	33	-1
52	34	Lp
52	35	U
52	36	-1
52	37	Lp
52	38	Lp
52	39	Lp
52	40	Lp
52	41	Lp
52	42	Lp
52	43	Lp
52	44	Lp
52	45	-1
52	46	U
52	47	Lp
52	48	Lp
52	49	Lp
52	50	-1
52	51	Lp
52	52	Lp
52	53	Lp
52	54	L
52	55	Lp
52	56	-1
52	57	-1
52	58	L
52	59	-1
52	60	Lp
52	61	Lp
52	62	Lp
52	63	Lp
52	64	Lp
52	65	Lp
52	66	Lp
52	67	L
52	68	L
52	69	Lp
52	70	Lp
52	71	L
52	72	Lp
52	73	Lp
52	74	L
52	75	L
52	76	L
52	77	Lp
52	78	Lp
52	79	L
52	80	L
52	81	L
52	82	L
52	83	-1
52	84	-1
52	85	-1
52	86	Lp
52	87	Lp
52	88	L
52	89	Lp
52	90	Lp
52	91	-1
52	92	Lp
52	93	-1
52	94	Lp
52	95	U
52	96	L
52	97	-1
52	98	L
52	99	L
52	100	L
52	101	L
52	102	L
52	103	-1
52	104	Lp
52	105	-1
52	106	Lp
52	107	L
52	108	L
52	109	-1
52	110	L
52	111	Lp
52	112	L
52	113	L
52	114	L
52	115	L
52	116	Lp
52	117	U
52	118	Lp
52	119	U
53	0	U
53	1	Lp
53	2	Lp
53	3	-1
53	4	Lp
53	5	Lp
53	6	Lp
53	7	Lp
53	8	Lp
53	9	Lp
53	10	Lp
53	11	Lp
53	12	Lp
53	13	Lp
53	14	-1
53	15	Lp
53	16	Lp
53	17	Lp
53	18	Lp
53	19	-1
53	20	-1
53	21	U
53	22	Lp
53	23	Lp
53	24	Lp
53	25	Lp
53	26	-1
53	27	Lp
53	28	Lp
53	29	Lp
53	30	Lp
53	31	Lp
53	32	Lp
53	33	Lp
53	34	-1
53	35	Lp
53	36	Lp
53	37	Lp
53	38	Lp
53	39	-1
53	40	Lp
53	41	-1
53	42	U
53	43	Lp
53	44	Lp
53	45	Lp
53	46	Lp
53	47	Lp
53	48	Lp
53	49	-1
53	50	Lp
53	51	Lp
53	52	Lp
53	53	Lp
53	54	Lp
53	55	-1
53	56	Lp
53	57	Lp
53	58	L
53	59	Lp
53	60	Lp
53	61	Lp
53	62	Lp
53	63	Lp
53	64	-1
53	65	Lp
53	66	Lp
53	67	Lp
53	68	Lp
53	69	Lp
53	70	L
53	71	-1
53	72	L
53	73	Lp
53	74	-1
53	75	L
53	76	-1
53	77	Lp
53	78	-1
53	79	Lp
53	80	L
53	81	-1
53	82	L
53	83	L
53	84	L
53	85	Lp
53	86	Lp
53	87	Lp
53	88	L
53	89	L
53	90	L
53	91	L
53	92	L
53	93	U
53	94	U
53	95	-1
53	96	-1
53	97	L
53	98	L
53	99	L
53	100	-1
53	101	L
53	102	L
53	103	-1
53	104	Lp
53	105	Lp
53	106	L
53	107	L
53	108	Lp
53	109	Lp
53	110	L
53	111	Lp
53	112	Lp
53	113	L
53	114	L
53	115	L
53	116	-1
53	117	-1
53	118	U
53	119	U
54	0	U
54	1	Lp
54	2	Lp
54	3	Lp
54	4	Lp
54	5	Lp
54	6	-1
54	7	Lp
54	8	Lp
54	9	Lp
54	10	Lp
54	11	Lp
54	12	Lp
54	13	Lp
54	14	Lp
54	15	Lp
54	16	Lp
54	17	Lp
54	18	U
54	19	U
54	20	Lp
54	21	Lp
54	22	Lp
54	23	Lp
54	24	Lp
54	25	-1
54	26	Lp
54	27	Lp
54	28	Lp
54	29	Lp
54	30	Lp
54	31	Lp
54	32	Lp
54	33	Lp
54	34	Lp
54	35	Lp
54	36	Lp
54	37	Lp
54	38	Lp
54	39	Lp
54	40	U
54	41	U
54	42	U
54	43	Lp
54	44	Lp
54	45	Lp
54	46	L
54	47	Lp
54	48	Lp
54	49	Lp
54	50	Lp
54	51	Lp
54	52	-1
54	53	Lp
54	54	Lp
54	55	Lp
54	56	Lp
54	57	L
54	58	L
54	59	-1
54	60	L
54	61	Lp
54	62	L
54	63	Lp
54	64	Lp
54	65	Lp
54	66	-1
54	67	Lp
54	68	Lp
54	69	Lp
54	70	Lp
54	71	Lp
54	72	L
54	73	Lp
54	74	Lp
54	75	Lp
54	76	L
54	77	L
54	78	L
54	79	L
54	80	L
54	81	-1
54	82	L
54	83	L
54	84	L
54	85	L
54	86	Lp
54	87	L
54	88	L
54	89	L
54	90	L
54	91	L
54	92	L
54	93	L
54	94	-1
54	95	Lp
54	96	L
54	97	-1
54	98	L
54	99	L
54	100	L
54	101	Lp
54	102	-1
54	103	L
54	104	Lp
54	105	Lp
54	106	L
54	107	Lp
54	108	L
54	109	L
54	110	Lp
54	111	L
54	112	L
54	113	L
54	114	L
54	115	L
54	116	L
54	117	Lp
54	118	Lp
54	119	U
55	0	Lp
55	1	Lp
55	2	Lp
55	3	Lp
55	4	Lp
55	5	Lp
55	6	Lp
55	7	Lp
55	8	-1
55	9	-1
55	10	Lp
55	11	Lp
55	12	Lp
55	13	Lp
55	14	Lp
55	15	Lp
55	16	Lp
55	17	U
55	18	-1
55	19	U
55	20	L
55	21	L
55	22	Lp
55	23	Lp
55	24	Lp
55	25	Lp
55	26	-1
55	27	Lp
55	28	Lp
55	29	Lp
55	30	Lp
55	31	Lp
55	32	Lp
55	33	Lp
55	34	Lp
55	35	Lp
55	36	Lp
55	37	Lp
55	38	-1
55	39	Lp
55	40	-1
55	41	U
55	42	Lp
55	43	Lp
55	44	Lp
55	45	-1
55	46	Lp
55	47	Lp
55	48	Lp
55	49	Lp
55	50	Lp
55	51	-1
55	52	Lp
55	53	Lp
55	54	Lp
55	55	Lp
55	56	L
55	57	L
55	58	L
55	59	Lp
55	60	Lp
55	61	Lp
55	62	Lp
55	63	Lp
55	64	Lp
55	65	Lp
55	66	-1
55	67	Lp
55	68	Lp
55	69	Lp
55	70	Lp
55	71	-1
55	72	Lp
55	73	Lp
55	74	Lp
55	75	L
55	76	-1
55	77	L
55	78	L
55	79	L
55	80	L
55	81	L
55	82	L
55	83	L
55	84	L
55	85	Lp
55	86	L
55	87	Lp
55	88	L
55	89	-1
55	90	L
55	91	L
55	92	-1
55	93	L
55	94	L
55	95	Lp
55	96	Lp
55	97	L
55	98	L
55	99	-1
55	100	Lp
55	101	Lp
55	102	-1
55	103	Lp
55	104	Lp
55	105	Lp
55	106	-1
55	107	L
55	108	Lp
55	109	Lp
55	110	L
55	111	L
55	112	Lp
55	113	L
55	114	L
55	115	L
55	116	Lp
55	117	Lp
55	118	Lp
55	119	Lp
56	0	Lp
56	1	Lp
56	2	-1
56	3	Lp
56	4	Lp
56	5	Lp
56	6	Lp
56	7	-1
56	8	Lp
56	9	Lp
56	10	Lp
56	11	Lp
56	12	-1
56	13	Lp
56	14	Lp
56	15	Lp
56	16	Lp
56	17	U
56	18	L
56	19	-1
56	20	Lp
56	21	Lp
56	22	Lp
56	23	Lp
56	24	Lp
56	25	Lp
56	26	-1
56	27	Lp
56	28	Lp
56	29	Lp
56	30	Lp
56	31	Lp
56	32	Lp
56	33	-1
56	34	Lp
56	35	-1
56	36	Lp
56	37	Lp
56	38	Lp
56	39	Lp
56	40	Lp
56	41	-1
56	42	Lp
56	43	U
56	44	Lp
56	45	-1
56	46	L
56	47	Lp
56	48	Lp
56	49	Lp
56	50	-1
56	51	Lp
56	52	L
56	53	L
56	54	Lp
56	55	Lp
56	56	Lp
56	57	L
56	58	L
56	59	L
56	60	L
56	61	Lp
56	62	Lp
56	63	Lp
56	64	Lp
56	65	Lp
56	66	Lp
56	67	Lp
56	68	Lp
56	69	Lp
56	70	Lp
56	71	Lp
56	72	-1
56	73	-1
56	74	-1
56	75	L
56	76	L
56	77	L
56	78	L
56	79	L
56	80	-1
56	81	L
56	82	L
56	83	L
56	84	L
56	85	L
56	86	-1
56	87	U
56	88	U
56	89	L
56	90	L
56	91	L
56	92	L
56	93	L
56	94	L
56	95	Lp
56	96	Lp
56	97	Lp
56	98	Lp
56	99	-1
56	100	Lp
56	101	L
56	102	L
56	103	-1
56	104	Lp
56	105	Lp
56	106	Lp
56	107	Lp
56	108	Lp
56	109	Lp
56	110	L
56	111	L
56	112	-1
56	113	L
56	114	L
56	115	-1
56	116	Lp
56	117	Lp
56	118	Lp
56	119	Lp
57	0	-1
57	1	Lp
57	2	-1
57	3	Lp
57	4	Lp
57	5	L
57	6	-1
57	7	-1
57	8	Lp
57	9	-1
57	10	Lp
57	11	Lp
57	12	-1
57	13	-1
57	14	Lp
57	15	Lp
57	16	U
57	17	L
57	18	L
57	19	-1
57	20	-1
57	21	Lp
57	22	Lp
57	23	Lp
57	24	Lp
57	25	Lp
57	26	Lp
57	27	-1
57	28	-1
57	29	Lp
57	30	Lp
57	31	Lp
57	32	Lp
57	33	Lp
57	34	Lp
57	35	Lp
57	36	Lp
57	37	Lp
57	38	Lp
57	39	-1
57	40	Lp
57	41	Lp
57	42	L
57	43	Lp
57	44	-1
57	45	Lp
57	46	-1
57	47	L
57	48	L
57	49	Lp
57	50	Lp
57	51	-1
57	52	L
57	53	Lp
57	54	Lp
57	55	U
57	56	-1
57	57	L
57	58	L
57	59	L
57	60	L
57	61	Lp
57	62	Lp
57	63	Lp
57	64	Lp
57	65	Lp
57	66	Lp
57	67	Lp
57	68	Lp
57	69	Lp
57	70	Lp
57	71	Lp
57	72	-1
57	73	-1
57	74	-1
57	75	L
57	76	Lp
57	77	L
57	78	L
57	79	L
57	80	L
57	81	L
57	82	L
57	83	-1
57	84	-1
57	85	-1
57	86	Lp
57	87	U
57	88	U
57	89	U
57	90	U
57	91	L
57	92	L
57	93	L
57	94	Lp
57	95	Lp
57	96	Lp
57	97	-1
57	98	Lp
57	99	-1
57	100	Lp
57	101	Lp
57	102	L
57	103	Lp
57	104	Lp
57	105	Lp
57	106	Lp
57	107	L
57	108	Lp
57	109	-1
57	110	Lp
57	111	Lp
57	112	-1
57	113	L
57	114	L
57	115	L
57	116	L
57	117	L
57	118	Lp
57	119	-1
58	0	Lp
58	1	L
58	2	L
58	3	L
58	4	L
58	5	L
58	6	L
58	7	-1
58	8	Lp
58	9	Lp
58	10	Lp
58	11	-1
58	12	Lp
58	13	Lp
58	14	Lp
58	15	Lp
58	16	-1
58	17	Lp
58	18	Lp
58	19	U
58	20	-1
58	21	Lp
58	22	-1
58	23	Lp
58	24	Lp
58	25	-1
58	26	Lp
58	27	Lp
58	28	Lp
58	29	Lp
58	30	Lp
58	31	Lp
58	32	Lp
58	33	Lp
58	34	Lp
58	35	-1
58	36	Lp
58	37	Lp
58	38	Lp
58	39	U
58	40	Lp
58	41	Lp
58	42	L
58	43	Lp
58	44	Lp
58	45	Lp
58	46	L
58	47	Lp
58	48	Lp
58	49	Lp
58	50	Lp
58	51	Lp
58	52	Lp
58	53	Lp
58	54	Lp
58	55	Lp
58	56	L
58	57	L
58	58	L
58	59	L
58	60	L
58	61	-1
58	62	Lp
58	63	U
58	64	Lp
58	65	-1
58	66	Lp
58	67	Lp
58	68	Lp
58	69	Lp
58	70	Lp
58	71	Lp
58	72	-1
58	73	Lp
58	74	Lp
58	75	-1
58	76	U
58	77	U
58	78	-1
58	79	L
58	80	L
58	81	U
58	82	Lp
58	83	Lp
58	84	Lp
58	85	Lp
58	86	L
58	87	Lp
58	88	U
58	89	U
58	90	L
58	91	L
58	92	L
58	93	L
58	94	-1
58	95	Lp
58	96	L
58	97	Lp
58	98	-1
58	99	Lp
58	100	Lp
58	101	-1
58	102	L
58	103	Lp
58	104	-1
58	105	Lp
58	106	Lp
58	107	Lp
58	108	Lp
58	109	Lp
58	110	Lp
58	111	Lp
58	112	U
58	113	L
58	114	L
58	115	L
58	116	L
58	117	-1
58	118	L
58	119	Lp
59	0	-1
59	1	L
59	2	L
59	3	-1
59	4	L
59	5	Lp
59	6	-1
59	7	Lp
59	8	Lp
59	9	Lp
59	10	Lp
59	11	Lp
59	12	Lp
59	13	Lp
59	14	Lp
59	15	Lp
59	16	Lp
59	17	Lp
59	18	Lp
59	19	Lp
59	20	U
59	21	U
59	22	-1
59	23	Lp
59	24	Lp
59	25	Lp
59	26	Lp
59	27	Lp
59	28	Lp
59	29	Lp
59	30	Lp
59	31	Lp
59	32	Lp
59	33	Lp
59	34	-1
59	35	Lp
59	36	Lp
59	37	Lp
59	38	Lp
59	39	Lp
59	40	U
59	41	U
59	42	-1
59	43	Lp
59	44	Lp
59	45	L
59	46	-1
59	47	Lp
59	48	Lp
59	49	Lp
59	50	Lp
59	51	Lp
59	52	Lp
59	53	Lp
59	54	Lp
59	55	Lp
59	56	L
59	57	-1
59	58	-1
59	59	L
59	60	Lp
59	61	L
59	62	-1
59	63	-1
59	64	Lp
59	65	Lp
59	66	Lp
59	67	-1
59	68	Lp
59	69	Lp
59	70	Lp
59	71	Lp
59	72	-1
59	73	-1
59	74	Lp
59	75	Lp
59	76	U
59	77	U
59	78	-1
59	79	L
59	80	L
59	81	-1
59	82	Lp
59	83	Lp
59	84	Lp
59	85	-1
59	86	L
59	87	-1
59	88	Lp
59	89	L
59	90	Lp
59	91	L
59	92	L
59	93	-1
59	94	L
59	95	Lp
59	96	-1
59	97	-1
59	98	-1
59	99	L
59	100	Lp
59	101	Lp
59	102	-1
59	103	L
59	104	-1
59	105	Lp
59	106	Lp
59	107	-1
59	108	Lp
59	109	Lp
59	110	Lp
59	111	L
59	112	Lp
59	113	-1
59	114	L
59	115	Lp
59	116	Lp
59	117	Lp
59	118	Lp
59	119	Lp
60	0	L
60	1	Lp
60	2	-1
60	3	Lp
60	4	L
60	5	-1
60	6	L
60	7	L
60	8	-1
60	9	Lp
60	10	Lp
60	11	Lp
60	12	-1
60	13	Lp
60	14	-1
60	15	Lp
60	16	Lp
60	17	Lp
60	18	Lp
60	19	U
60	20	U
60	21	U
60	22	Lp
60	23	Lp
60	24	Lp
60	25	Lp
60	26	Lp
60	27	Lp
60	28	Lp
60	29	Lp
60	30	Lp
60	31	Lp
60	32	Lp
60	33	Lp
60	34	-1
60	35	Lp
60	36	Lp
60	37	-1
60	38	-1
60	39	U
60	40	Lp
60	41	U
60	42	Lp
60	43	Lp
60	44	Lp
60	45	L
60	46	U
60	47	-1
60	48	Lp
60	49	Lp
60	50	Lp
60	51	-1
60	52	Lp
60	53	Lp
60	54	Lp
60	55	-1
60	56	Lp
60	57	-1
60	58	-1
60	59	L
60	60	-1
60	61	Lp
60	62	L
60	63	L
60	64	L
60	65	Lp
60	66	Lp
60	67	Lp
60	68	-1
60	69	Lp
60	70	Lp
60	71	Lp
60	72	-1
60	73	-1
60	74	Lp
60	75	Lp
60	76	U
60	77	-1
60	78	L
60	79	L
60	80	L
60	81	Lp
60	82	Lp
60	83	Lp
60	84	Lp
60	85	Lp
60	86	L
60	87	L
60	88	L
60	89	Lp
60	90	Lp
60	91	L
60	92	L
60	93	L
60	94	-1
60	95	Lp
60	96	L
60	97	Lp
60	98	L
60	99	Lp
60	100	Lp
60	101	L
60	102	L
60	103	L
60	104	L
60	105	Lp
60	106	Lp
60	107	Lp
60	108	-1
60	109	Lp
60	110	-1
60	111	Lp
60	112	-1
60	113	L
60	114	-1
60	115	L
60	116	Lp
60	117	L
60	118	Lp
60	119	L
61	0	L
61	1	L
61	2	Lp
61	3	Lp
61	4	L
61	5	Lp
61	6	L
61	7	L
61	8	Lp
61	9	Lp
61	10	Lp
61	11	Lp
61	12	Lp
61	13	Lp
61	14	Lp
61	15	Lp
61	16	Lp
61	17	-1
61	18	L
61	19	L
61	20	-1
61	21	U
61	22	U
61	23	Lp
61	24	Lp
61	25	Lp
61	26	Lp
61	27	-1
61	28	-1
61	29	Lp
61	30	Lp
61	31	-1
61	32	Lp
61	33	Lp
61	34	Lp
61	35	Lp
61	36	Lp
61	37	Lp
61	38	Lp
61	39	Lp
61	40	Lp
61	41	-1
61	42	Lp
61	43	L
61	44	L
61	45	U
61	46	Lp
61	47	U
61	48	Lp
61	49	Lp
61	50	Lp
61	51	Lp
61	52	Lp
61	53	Lp
61	54	Lp
61	55	Lp
61	56	L
61	57	L
61	58	L
61	59	L
61	60	L
61	61	Lp
61	62	-1
61	63	-1
61	64	L
61	65	Lp
61	66	Lp
61	67	-1
61	68	Lp
61	69	Lp
61	70	Lp
61	71	Lp
61	72	-1
61	73	Lp
61	74	Lp
61	75	Lp
61	76	Lp
61	77	-1
61	78	L
61	79	L
61	80	Lp
61	81	Lp
61	82	Lp
61	83	Lp
61	84	-1
61	85	-1
61	86	L
61	87	L
61	88	Lp
61	89	-1
61	90	Lp
61	91	Lp
61	92	Lp
61	93	L
61	94	L
61	95	-1
61	96	Lp
61	97	L
61	98	Lp
61	99	-1
61	100	Lp
61	101	L
61	102	L
61	103	L
61	104	Lp
61	105	Lp
61	106	L
61	107	L
61	108	Lp
61	109	Lp
61	110	Lp
61	111	Lp
61	112	-1
61	113	Lp
61	114	L
61	115	L
61	116	L
61	117	-1
61	118	L
61	119	-1
62	0	-1
62	1	-1
62	2	Lp
62	3	-1
62	4	L
62	5	L
62	6	Lp
62	7	Lp
62	8	Lp
62	9	Lp
62	10	Lp
62	11	Lp
62	12	-1
62	13	Lp
62	14	Lp
62	15	Lp
62	16	Lp
62	17	Lp
62	18	Lp
62	19	Lp
62	20	L
62	21	L
62	22	Lp
62	23	Lp
62	24	Lp
62	25	L
62	26	-1
62	27	L
62	28	Lp
62	29	Lp
62	30	-1
62	31	Lp
62	32	-1
62	33	Lp
62	34	Lp
62	35	-1
62	36	L
62	37	Lp
62	38	-1
62	39	Lp
62	40	Lp
62	41	-1
62	42	Lp
62	43	-1
62	44	L
62	45	Lp
62	46	Lp
62	47	L
62	48	-1
62	49	-1
62	50	Lp
62	51	Lp
62	52	Lp
62	53	-1
62	54	Lp
62	55	L
62	56	L
62	57	Lp
62	58	U
62	59	L
62	60	L
62	61	L
62	62	L
62	63	L
62	64	L
62	65	L
62	66	Lp
62	67	Lp
62	68	Lp
62	69	Lp
62	70	-1
62	71	Lp
62	72	Lp
62	73	Lp
62	74	Lp
62	75	Lp
62	76	Lp
62	77	-1
62	78	L
62	79	Lp
62	80	Lp
62	81	-1
62	82	Lp
62	83	Lp
62	84	-1
62	85	-1
62	86	Lp
62	87	Lp
62	88	Lp
62	89	Lp
62	90	L
62	91	-1
62	92	L
62	93	-1
62	94	Lp
62	95	Lp
62	96	Lp
62	97	Lp
62	98	-1
62	99	-1
62	100	L
62	101	Lp
62	102	L
62	103	-1
62	104	Lp
62	105	-1
62	106	Lp
62	107	L
62	108	Lp
62	109	Lp
62	110	L
62	111	L
62	112	L
62	113	Lp
62	114	Lp
62	115	L
62	116	L
62	117	L
62	118	L
62	119	L
63	0	-1
63	1	L
63	2	-1
63	3	L
63	4	-1
63	5	L
63	6	L
63	7	Lp
63	8	-1
63	9	U
63	10	Lp
63	11	Lp
63	12	Lp
63	13	Lp
63	14	-1
63	15	Lp
63	16	Lp
63	17	Lp
63	18	Lp
63	19	Lp
63	20	L
63	21	Lp
63	22	Lp
63	23	Lp
63	24	L
63	25	Lp
63	26	-1
63	27	L
63	28	Lp
63	29	Lp
63	30	Lp
63	31	Lp
63	32	Lp
63	33	-1
63	34	Lp
63	35	L
63	36	Lp
63	37	-1
63	38	Lp
63	39	-1
63	40	-1
63	41	Lp
63	42	Lp
63	43	Lp
63	44	Lp
63	45	Lp
63	46	L
63	47	-1
63	48	Lp
63	49	Lp
63	50	Lp
63	51	Lp
63	52	Lp
63	53	-1
63	54	Lp
63	55	Lp
63	56	Lp
63	57	Lp
63	58	-1
63	59	L
63	60	L
63	61	L
63	62	L
63	63	L
63	64	L
63	65	-1
63	66	L
63	67	Lp
63	68	-1
63	69	-1
63	70	Lp
63	71	Lp
63	72	Lp
63	73	-1
63	74	Lp
63	75	-1
63	76	Lp
63	77	-1
63	78	Lp
63	79	Lp
63	80	Lp
63	81	Lp
63	82	Lp
63	83	Lp
63	84	Lp
63	85	Lp
63	86	L
63	87	Lp
63	88	Lp
63	89	Lp
63	90	Lp
63	91	L
63	92	L
63	93	-1
63	94	L
63	95	Lp
63	96	Lp
63	97	Lp
63	98	Lp
63	99	Lp
63	100	Lp
63	101	L
63	102	Lp
63	103	-1
63	104	Lp
63	105	Lp
63	106	L
63	107	Lp
63	108	-1
63	109	L
63	110	L
63	111	L
63	112	L
63	113	L
63	114	Lp
63	115	-1
63	116	-1
63	117	L
63	118	L
63	119	L
64	0	L
64	1	-1
64	2	L
64	3	Lp
64	4	L
64	5	L
64	6	L
64	7	L
64	8	-1
64	9	Lp
64	10	Lp
64	11	-1
64	12	Lp
64	13	Lp
64	14	-1
64	15	Lp
64	16	Lp
64	17	Lp
64	18	L
64	19	Lp
64	20	Lp
64	21	Lp
64	22	-1
64	23	L
64	24	Lp
64	25	Lp
64	26	L
64	27	-1
64	28	Lp
64	29	-1
64	30	Lp
64	31	Lp
64	32	L
64	33	-1
64	34	-1
64	35	Lp
64	36	Lp
64	37	Lp
64	38	Lp
64	39	Lp
64	40	Lp
64	41	Lp
64	42	-1
64	43	Lp
64	44	Lp
64	45	L
64	46	L
64	47	L
64	48	Lp
64	49	Lp
64	50	Lp
64	51	Lp
64	52	L
64	53	Lp
64	54	Lp
64	55	Lp
64	56	-1
64	57	L
64	58	L
64	59	L
64	60	L
64	61	L
64	62	L
64	63	L
64	64	Lp
64	65	L
64	66	L
64	67	Lp
64	68	Lp
64	69	Lp
64	70	Lp
64	71	-1
64	72	Lp
64	73	Lp
64	74	Lp
64	75	Lp
64	76	Lp
64	77	Lp
64	78	Lp
64	79	Lp
64	80	Lp
64	81	U
64	82	Lp
64	83	Lp
64	84	-1
64	85	Lp
64	86	U
64	87	Lp
64	88	Lp
64	89	Lp
64	90	Lp
64	91	Lp
64	92	L
64	93	L
64	94	-1
64	95	L
64	96	Lp
64	97	Lp
64	98	Lp
64	99	Lp
64	100	Lp
64	101	-1
64	102	L
64	103	L
64	104	Lp
64	105	L
64	106	-1
64	107	L
64	108	Lp
64	109	-1
64	110	-1
64	111	L
64	112	L
64	113	-1
64	114	L
64	115	L
64	116	L
64	117	L
64	118	L
64	119	L
65	0	L
65	1	L
65	2	-1
65	3	L
65	4	-1
65	5	L
65	6	L
65	7	Lp
65	8	L
65	9	-1
65	10	Lp
65	11	Lp
65	12	Lp
65	13	Lp
65	14	Lp
65	15	-1
65	16	Lp
65	17	Lp
65	18	Lp
65	19	L
65	20	L
65	21	L
65	22	L
65	23	Lp
65	24	Lp
65	25	Lp
65	26	Lp
65	27	Lp
65	28	Lp
65	29	Lp
65	30	Lp
65	31	Lp
65	32	L
65	33	L
65	34	Lp
65	35	-1
65	36	-1
65	37	Lp
65	38	Lp
65	39	Lp
65	40	Lp
65	41	Lp
65	42	Lp
65	43	Lp
65	44	L
65	45	L
65	46	L
65	47	Lp
65	48	Lp
65	49	Lp
65	50	Lp
65	51	-1
65	52	-1
65	53	L
65	54	Lp
65	55	Lp
65	56	Lp
65	57	Lp
65	58	L
65	59	L
65	60	L
65	61	L
65	62	L
65	63	L
65	64	Lp
65	65	L
65	66	Lp
65	67	Lp
65	68	Lp
65	69	-1
65	70	Lp
65	71	Lp
65	72	Lp
65	73	Lp
65	74	Lp
65	75	Lp
65	76	Lp
65	77	Lp
65	78	U
65	79	-1
65	80	U
65	81	Lp
65	82	Lp
65	83	-1
65	84	-1
65	85	-1
65	86	Lp
65	87	Lp
65	88	Lp
65	89	Lp
65	90	Lp
65	91	L
65	92	L
65	93	L
65	94	L
65	95	L
65	96	Lp
65	97	Lp
65	98	L
65	99	Lp
65	100	L
65	101	L
65	102	L
65	103	Lp
65	104	L
65	105	-1
65	106	-1
65	107	Lp
65	108	L
65	109	Lp
65	110	-1
65	111	L
65	112	L
65	113	-1
65	114	L
65	115	L
65	116	L
65	117	-1
65	118	U
65	119	L
66	0	L
66	1	Lp
66	2	Lp
66	3	Lp
66	4	Lp
66	5	-1
66	6	L
66	7	L
66	8	L
66	9	Lp
66	10	-1
66	11	Lp
66	12	Lp
66	13	Lp
66	14	L
66	15	Lp
66	16	Lp
66	17	Lp
66	18	Lp
66	19	-1
66	20	L
66	21	L
66	22	L
66	23	-1
66	24	-1
66	25	-1
66	26	Lp
66	27	Lp
66	28	Lp
66	29	Lp
66	30	Lp
66	31	Lp
66	32	Lp
66	33	-1
66	34	Lp
66	35	Lp
66	36	Lp
66	37	Lp
66	38	Lp
66	39	Lp
66	40	Lp
66	41	Lp
66	42	Lp
66	43	-1
66	44	Lp
66	45	-1
66	46	L
66	47	Lp
66	48	Lp
66	49	Lp
66	50	Lp
66	51	L
66	52	L
66	53	Lp
66	54	Lp
66	55	-1
66	56	-1
66	57	L
66	58	L
66	59	-1
66	60	L
66	61	L
66	62	L
66	63	L
66	64	L
66	65	Lp
66	66	-1
66	67	Lp
66	68	Lp
66	69	Lp
66	70	-1
66	71	Lp
66	72	Lp
66	73	Lp
66	74	Lp
66	75	-1
66	76	Lp
66	77	Lp
66	78	Lp
66	79	-1
66	80	Lp
66	81	Lp
66	82	Lp
66	83	Lp
66	84	Lp
66	85	Lp
66	86	Lp
66	87	Lp
66	88	Lp
66	89	Lp
66	90	Lp
66	91	L
66	92	-1
66	93	L
66	94	L
66	95	L
66	96	Lp
66	97	Lp
66	98	Lp
66	99	L
66	100	L
66	101	L
66	102	-1
66	103	L
66	104	L
66	105	L
66	106	L
66	107	Lp
66	108	Lp
66	109	L
66	110	L
66	111	L
66	112	-1
66	113	L
66	114	L
66	115	L
66	116	L
66	117	L
66	118	L
66	119	U
67	0	L
67	1	L
67	2	-1
67	3	-1
67	4	Lp
67	5	Lp
67	6	L
67	7	Lp
67	8	Lp
67	9	Lp
67	10	Lp
67	11	Lp
67	12	-1
67	13	Lp
67	14	-1
67	15	Lp
67	16	Lp
67	17	Lp
67	18	Lp
67	19	Lp
67	20	Lp
67	21	Lp
67	22	Lp
67	23	-1
67	24	-1
67	25	-1
67	26	-1
67	27	Lp
67	28	Lp
67	29	L
67	30	-1
67	31	Lp
67	32	Lp
67	33	Lp
67	34	Lp
67	35	Lp
67	36	U
67	37	Lp
67	38	Lp
67	39	L
67	40	L
67	41	Lp
67	42	Lp
67	43	Lp
67	44	Lp
67	45	Lp
67	46	Lp
67	47	Lp
67	48	Lp
67	49	Lp
67	50	Lp
67	51	Lp
67	52	L
67	53	Lp
67	54	L
67	55	Lp
67	56	Lp
67	57	Lp
67	58	L
67	59	-1
67	60	L
67	61	L
67	62	L
67	63	Lp
67	64	Lp
67	65	L
67	66	Lp
67	67	Lp
67	68	Lp
67	69	Lp
67	70	-1
67	71	Lp
67	72	Lp
67	73	Lp
67	74	Lp
67	75	Lp
67	76	-1
67	77	Lp
67	78	Lp
67	79	-1
67	80	Lp
67	81	Lp
67	82	Lp
67	83	Lp
67	84	Lp
67	85	Lp
67	86	Lp
67	87	Lp
67	88	Lp
67	89	Lp
67	90	L
67	91	L
67	92	L
67	93	L
67	94	Lp
67	95	U
67	96	U
67	97	Lp
67	98	L
67	99	L
67	100	Lp
67	101	L
67	102	L
67	103	L
67	104	L
67	105	-1
67	106	Lp
67	107	L
67	108	L
67	109	L
67	110	L
67	111	L
67	112	-1
67	113	-1
67	114	-1
67	115	L
67	116	L
67	117	L
67	118	L
67	119	L
68	0	L
68	1	L
68	2	L
68	3	-1
68	4	Lp
68	5	Lp
68	6	Lp
68	7	-1
68	8	Lp
68	9	Lp
68	10	Lp
68	11	Lp
68	12	Lp
68	13	Lp
68	14	Lp
68	15	Lp
68	16	-1
68	17	L
68	18	Lp
68	19	Lp
68	20	Lp
68	21	-1
68	22	Lp
68	23	Lp
68	24	Lp
68	25	Lp
68	26	Lp
68	27	Lp
68	28	Lp
68	29	-1
68	30	Lp
68	31	Lp
68	32	Lp
68	33	-1
68	34	-1
68	35	-1
68	36	Lp
68	37	Lp
68	38	Lp
68	39	L
68	40	Lp
68	41	Lp
68	42	-1
68	43	Lp
68	44	Lp
68	45	Lp
68	46	Lp
68	47	Lp
68	48	L
68	49	Lp
68	50	U
68	51	L
68	52	U
68	53	L
68	54	L
68	55	L
68	56	-1
68	57	Lp
68	58	Lp
68	59	Lp
68	60	Lp
68	61	L
68	62	-1
68	63	Lp
68	64	Lp
68	65	Lp
68	66	Lp
68	67	Lp
68	68	Lp
68	69	Lp
68	70	Lp
68	71	Lp
68	72	Lp
68	73	-1
68	74	Lp
68	75	Lp
68	76	-1
68	77	Lp
68	78	Lp
68	79	Lp
68	80	Lp
68	81	Lp
68	82	Lp
68	83	Lp
68	84	Lp
68	85	-1
68	86	Lp
68	87	Lp
68	88	Lp
68	89	L
68	90	L
68	91	L
68	92	-1
68	93	L
68	94	Lp
68	95	Lp
68	96	Lp
68	97	L
68	98	L
68	99	Lp
68	100	Lp
68	101	Lp
68	102	L
68	103	L
68	104	-1
68	105	Lp
68	106	Lp
68	107	L
68	108	L
68	109	-1
68	110	L
68	111	-1
68	112	L
68	113	-1
68	114	-1
68	115	L
68	116	L
68	117	L
68	118	L
68	119	L
69	0	L
69	1	L
69	2	L
69	3	L
69	4	Lp
69	5	Lp
69	6	Lp
69	7	U
69	8	-1
69	9	Lp
69	10	Lp
69	11	Lp
69	12	Lp
69	13	Lp
69	14	L
69	15	L
69	16	L
69	17	Lp
69	18	Lp
69	19	-1
69	20	-1
69	21	Lp
69	22	Lp
69	23	Lp
69	24	Lp
69	25	-1
69	26	-1
69	27	-1
69	28	-1
69	29	Lp
69	30	Lp
69	31	Lp
69	32	-1
69	33	Lp
69	34	Lp
69	35	Lp
69	36	Lp
69	37	Lp
69	38	-1
69	39	-1
69	40	L
69	41	Lp
69	42	L
69	43	-1
69	44	Lp
69	45	Lp
69	46	Lp
69	47	Lp
69	48	Lp
69	49	L
69	50	-1
69	51	-1
69	52	L
69	53	L
69	54	L
69	55	L
69	56	-1
69	57	L
69	58	Lp
69	59	-1
69	60	Lp
69	61	Lp
69	62	Lp
69	63	Lp
69	64	-1
69	65	-1
69	66	Lp
69	67	Lp
69	68	Lp
69	69	L
69	70	Lp
69	71	Lp
69	72	-1
69	73	Lp
69	74	Lp
69	75	Lp
69	76	Lp
69	77	Lp
69	78	-1
69	79	-1
69	80	Lp
69	81	Lp
69	82	Lp
69	83	Lp
69	84	Lp
69	85	Lp
69	86	Lp
69	87	Lp
69	88	Lp
69	89	L
69	90	L
69	91	L
69	92	L
69	93	Lp
69	94	-1
69	95	-1
69	96	L
69	97	-1
69	98	Lp
69	99	Lp
69	100	Lp
69	101	Lp
69	102	Lp
69	103	Lp
69	104	L
69	105	L
69	106	Lp
69	107	Lp
69	108	Lp
69	109	Lp
69	110	L
69	111	L
69	112	L
69	113	L
69	114	L
69	115	L
69	116	L
69	117	L
69	118	L
69	119	L
70	0	L
70	1	L
70	2	L
70	3	L
70	4	L
70	5	L
70	6	L
70	7	L
70	8	Lp
70	9	Lp
70	10	Lp
70	11	Lp
70	12	Lp
70	13	Lp
70	14	-1
70	15	L
70	16	L
70	17	-1
70	18	Lp
70	19	Lp
70	20	Lp
70	21	Lp
70	22	Lp
70	23	-1
70	24	Lp
70	25	-1
70	26	-1
70	27	-1
70	28	L
70	29	Lp
70	30	-1
70	31	Lp
70	32	Lp
70	33	Lp
70	34	Lp
70	35	Lp
70	36	Lp
70	37	Lp
70	38	Lp
70	39	Lp
70	40	L
70	41	-1
70	42	Lp
70	43	-1
70	44	Lp
70	45	Lp
70	46	-1
70	47	Lp
70	48	Lp
70	49	L
70	50	L
70	51	-1
70	52	Lp
70	53	Lp
70	54	L
70	55	L
70	56	L
70	57	L
70	58	Lp
70	59	Lp
70	60	Lp
70	61	Lp
70	62	Lp
70	63	Lp
70	64	-1
70	65	Lp
70	66	-1
70	67	Lp
70	68	L
70	69	Lp
70	70	Lp
70	71	Lp
70	72	Lp
70	73	-1
70	74	Lp
70	75	-1
70	76	Lp
70	77	Lp
70	78	Lp
70	79	Lp
70	80	-1
70	81	-1
70	82	-1
70	83	Lp
70	84	Lp
70	85	-1
70	86	Lp
70	87	-1
70	88	Lp
70	89	Lp
70	90	Lp
70	91	L
70	92	Lp
70	93	Lp
70	94	Lp
70	95	Lp
70	96	Lp
70	97	-1
70	98	Lp
70	99	Lp
70	100	L
70	101	Lp
70	102	Lp
70	103	Lp
70	104	Lp
70	105	-1
70	106	-1
70	107	Lp
70	108	Lp
70	109	Lp
70	110	L
70	111	L
70	112	L
70	113	-1
70	114	L
70	115	L
70	116	L
70	117	-1
70	118	L
70	119	L
71	0	L
71	1	-1
71	2	L
71	3	L
71	4	L
71	5	L
71	6	L
71	7	L
71	8	Lp
71	9	-1
71	10	Lp
71	11	Lp
71	12	Lp
71	13	-1
71	14	-1
71	15	-1
71	16	-1
71	17	L
71	18	L
71	19	-1
71	20	Lp
71	21	Lp
71	22	Lp
71	23	Lp
71	24	Lp
71	25	Lp
71	26	Lp
71	27	Lp
71	28	-1
71	29	L
71	30	L
71	31	L
71	32	L
71	33	L
71	34	L
71	35	Lp
71	36	Lp
71	37	Lp
71	38	Lp
71	39	-1
71	40	-1
71	41	L
71	42	L
71	43	L
71	44	L
71	45	L
71	46	Lp
71	47	-1
71	48	L
71	49	-1
71	50	L
71	51	-1
71	52	Lp
71	53	Lp
71	54	L
71	55	L
71	56	Lp
71	57	L
71	58	L
71	59	L
71	60	Lp
71	61	Lp
71	62	Lp
71	63	Lp
71	64	-1
71	65	Lp
71	66	Lp
71	67	Lp
71	68	Lp
71	69	Lp
71	70	Lp
71	71	Lp
71	72	-1
71	73	Lp
71	74	Lp
71	75	Lp
71	76	Lp
71	77	Lp
71	78	Lp
71	79	Lp
71	80	Lp
71	81	Lp
71	82	Lp
71	83	Lp
71	84	Lp
71	85	Lp
71	86	Lp
71	87	Lp
71	88	Lp
71	89	Lp
71	90	Lp
71	91	Lp
71	92	Lp
71	93	Lp
71	94	Lp
71	95	Lp
71	96	Lp
71	97	Lp
71	98	Lp
71	99	Lp
71	100	Lp
71	101	Lp
71	102	Lp
71	103	Lp
71	104	Lp
71	105	Lp
71	106	Lp
71	107	Lp
71	108	L
71	109	L
71	110	L
71	111	L
71	112	L
71	113	-1
71	114	L
71	115	L
71	116	L
71	117	-1
71	118	L
71	119	L
72	0	L
72	1	L
72	2	L
72	3	L
72	4	L
72	5	L
72	6	-1
72	7	U
72	8	-1
72	9	Lp
72	10	Lp
72	11	Lp
72	12	-1
72	13	Lp
72	14	L
72	15	L
72	16	L
72	17	Lp
72	18	Lp
72	19	-1
72	20	Lp
72	21	Lp
72	22	-1
72	23	Lp
72	24	Lp
72	25	Lp
72	26	Lp
72	27	-1
72	28	Lp
72	29	-1
72	30	-1
72	31	L
72	32	L
72	33	L
72	34	Lp
72	35	Lp
72	36	Lp
72	37	Lp
72	38	-1
72	39	Lp
72	40	L
72	41	L
72	42	L
72	43	L
72	44	L
72	45	L
72	46	L
72	47	L
72	48	L
72	49	L
72	50	Lp
72	51	L
72	52	Lp
72	53	Lp
72	54	L
72	55	L
72	56	Lp
72	57	Lp
72	58	Lp
72	59	L
72	60	-1
72	61	Lp
72	62	-1
72	63	Lp
72	64	-1
72	65	Lp
72	66	-1
72	67	Lp
72	68	Lp
72	69	-1
72	70	Lp
72	71	Lp
72	72	Lp
72	73	Lp
72	74	Lp
72	75	Lp
72	76	Lp
72	77	-1
72	78	-1
72	79	Lp
72	80	Lp
72	81	-1
72	82	Lp
72	83	-1
72	84	Lp
72	85	Lp
72	86	Lp
72	87	-1
72	88	Lp
72	89	Lp
72	90	-1
72	91	Lp
72	92	Lp
72	93	-1
72	94	Lp
72	95	Lp
72	96	Lp
72	97	U
72	98	Lp
72	99	Lp
72	100	Lp
72	101	Lp
72	102	Lp
72	103	Lp
72	104	Lp
72	105	L
72	106	Lp
72	107	Lp
72	108	L
72	109	L
72	110	-1
72	111	L
72	112	L
72	113	L
72	114	L
72	115	L
72	116	Lp
72	117	Lp
72	118	L
72	119	L
73	0	L
73	1	L
73	2	L
73	3	L
73	4	L
73	5	L
73	6	Lp
73	7	L
73	8	Lp
73	9	Lp
73	10	Lp
73	11	-1
73	12	Lp
73	13	Lp
73	14	U
73	15	U
73	16	L
73	17	L
73	18	L
73	19	Lp
73	20	Lp
73	21	Lp
73	22	Lp
73	23	Lp
73	24	Lp
73	25	-1
73	26	Lp
73	27	-1
73	28	Lp
73	29	L
73	30	-1
73	31	Lp
73	32	L
73	33	-1
73	34	-1
73	35	Lp
73	36	Lp
73	37	Lp
73	38	Lp
73	39	L
73	40	Lp
73	41	L
73	42	-1
73	43	L
73	44	L
73	45	L
73	46	L
73	47	-1
73	48	L
73	49	L
73	50	Lp
73	51	-1
73	52	-1
73	53	Lp
73	54	-1
73	55	L
73	56	Lp
73	57	Lp
73	58	Lp
73	59	Lp
73	60	U
73	61	Lp
73	62	Lp
73	63	Lp
73	64	Lp
73	65	Lp
73	66	Lp
73	67	Lp
73	68	Lp
73	69	L
73	70	Lp
73	71	Lp
73	72	Lp
73	73	Lp
73	74	-1
73	75	Lp
73	76	Lp
73	77	Lp
73	78	Lp
73	79	Lp
73	80	Lp
73	81	Lp
73	82	Lp
73	83	Lp
73	84	Lp
73	85	Lp
73	86	Lp
73	87	Lp
73	88	Lp
73	89	Lp
73	90	Lp
73	91	-1
73	92	Lp
73	93	Lp
73	94	U
73	95	Lp
73	96	Lp
73	97	U
73	98	Lp
73	99	Lp
73	100	Lp
73	101	L
73	102	Lp
73	103	Lp
73	104	-1
73	105	L
73	106	Lp
73	107	L
73	108	-1
73	109	L
73	110	L
73	111	L
73	112	L
73	113	L
73	114	Lp
73	115	-1
73	116	-1
73	117	Lp
73	118	L
73	119	-1
74	0	-1
74	1	-1
74	2	L
74	3	L
74	4	L
74	5	-1
74	6	L
74	7	Lp
74	8	Lp
74	9	Lp
74	10	Lp
74	11	L
74	12	Lp
74	13	-1
74	14	Lp
74	15	L
74	16	-1
74	17	L
74	18	L
74	19	-1
74	20	Lp
74	21	Lp
74	22	Lp
74	23	-1
74	24	Lp
74	25	Lp
74	26	Lp
74	27	Lp
74	28	Lp
74	29	-1
74	30	L
74	31	L
74	32	L
74	33	L
74	34	L
74	35	Lp
74	36	-1
74	37	Lp
74	38	Lp
74	39	-1
74	40	Lp
74	41	L
74	42	L
74	43	L
74	44	L
74	45	-1
74	46	Lp
74	47	L
74	48	L
74	49	L
74	50	Lp
74	51	Lp
74	52	Lp
74	53	L
74	54	Lp
74	55	Lp
74	56	Lp
74	57	-1
74	58	U
74	59	U
74	60	Lp
74	61	Lp
74	62	-1
74	63	-1
74	64	-1
74	65	-1
74	66	Lp
74	67	Lp
74	68	Lp
74	69	L
74	70	Lp
74	71	Lp
74	72	-1
74	73	Lp
74	74	Lp
74	75	Lp
74	76	L
74	77	L
74	78	Lp
74	79	Lp
74	80	Lp
74	81	Lp
74	82	Lp
74	83	Lp
74	84	Lp
74	85	Lp
74	86	Lp
74	87	Lp
74	88	Lp
74	89	Lp
74	90	Lp
74	91	Lp
74	92	-1
74	93	Lp
74	94	Lp
74	95	U
74	96	Lp
74	97	Lp
74	98	Lp
74	99	Lp
74	100	Lp
74	101	-1
74	102	Lp
74	103	Lp
74	104	L
74	105	Lp
74	106	Lp
74	107	Lp
74	108	L
74	109	L
74	110	L
74	111	-1
74	112	L
74	113	Lp
74	114	L
74	115	L
74	116	Lp
74	117	Lp
74	118	L
74	119	-1
75	0	L
75	1	-1
75	2	L
75	3	L
75	4	L
75	5	Lp
75	6	Lp
75	7	Lp
75	8	-1
75	9	-1
75	10	Lp
75	11	Lp
75	12	Lp
75	13	Lp
75	14	Lp
75	15	L
75	16	L
75	17	L
75	18	L
75	19	L
75	20	L
75	21	Lp
75	22	Lp
75	23	Lp
75	24	Lp
75	25	Lp
75	26	Lp
75	27	Lp
75	28	-1
75	29	Lp
75	30	L
75	31	Lp
75	32	L
75	33	L
75	34	L
75	35	L
75	36	L
75	37	Lp
75	38	L
75	39	Lp
75	40	L
75	41	L
75	42	L
75	43	L
75	44	L
75	45	L
75	46	L
75	47	Lp
75	48	-1
75	49	L
75	50	L
75	51	L
75	52	Lp
75	53	Lp
75	54	Lp
75	55	Lp
75	56	U
75	57	U
75	58	U
75	59	Lp
75	60	-1
75	61	Lp
75	62	-1
75	63	Lp
75	64	Lp
75	65	Lp
75	66	Lp
75	67	Lp
75	68	L
75	69	Lp
75	70	Lp
75	71	Lp
75	72	Lp
75	73	L
75	74	Lp
75	75	L
75	76	L
75	77	Lp
75	78	Lp
75	79	Lp
75	80	-1
75	81	-1
75	82	Lp
75	83	Lp
75	84	Lp
75	85	-1
75	86	-1
75	87	U
75	88	-1
75	89	Lp
75	90	Lp
75	91	Lp
75	92	Lp
75	93	Lp
75	94	L
75	95	L
75	96	L
75	97	-1
75	98	Lp
75	99	Lp
75	100	Lp
75	101	Lp
75	102	-1
75	103	-1
75	104	L
75	105	-1
75	106	Lp
75	107	Lp
75	108	Lp
75	109	L
75	110	L
75	111	Lp
75	112	-1
75	113	L
75	114	L
75	115	Lp
75	116	Lp
75	117	L
75	118	L
75	119	L
76	0	Lp
76	1	L
76	2	-1
76	3	L
76	4	Lp
76	5	Lp
76	6	Lp
76	7	Lp
76	8	Lp
76	9	L
76	10	Lp
76	11	Lp
76	12	Lp
76	13	-1
76	14	Lp
76	15	-1
76	16	L
76	17	Lp
76	18	L
76	19	L
76	20	L
76	21	L
76	22	-1
76	23	Lp
76	24	Lp
76	25	Lp
76	26	Lp
76	27	-1
76	28	Lp
76	29	-1
76	30	Lp
76	31	Lp
76	32	L
76	33	L
76	34	L
76	35	-1
76	36	L
76	37	L
76	38	-1
76	39	Lp
76	40	L
76	41	L
76	42	L
76	43	L
76	44	L
76	45	L
76	46	L
76	47	Lp
76	48	Lp
76	49	Lp
76	50	-1
76	51	-1
76	52	Lp
76	53	Lp
76	54	-1
76	55	Lp
76	56	Lp
76	57	U
76	58	U
76	59	U
76	60	-1
76	61	Lp
76	62	Lp
76	63	-1
76	64	-1
76	65	Lp
76	66	Lp
76	67	L
76	68	Lp
76	69	L
76	70	-1
76	71	Lp
76	72	-1
76	73	Lp
76	74	Lp
76	75	-1
76	76	Lp
76	77	Lp
76	78	-1
76	79	Lp
76	80	Lp
76	81	Lp
76	82	Lp
76	83	Lp
76	84	Lp
76	85	-1
76	86	-1
76	87	Lp
76	88	Lp
76	89	Lp
76	90	Lp
76	91	Lp
76	92	Lp
76	93	Lp
76	94	Lp
76	95	L
76	96	L
76	97	Lp
76	98	Lp
76	99	Lp
76	100	-1
76	101	Lp
76	102	-1
76	103	-1
76	104	L
76	105	L
76	106	Lp
76	107	L
76	108	Lp
76	109	L
76	110	-1
76	111	Lp
76	112	Lp
76	113	-1
76	114	Lp
76	115	L
76	116	Lp
76	117	L
76	118	L
76	119	L
77	0	L
77	1	Lp
77	2	Lp
77	3	Lp
77	4	L
77	5	Lp
77	6	Lp
77	7	Lp
77	8	-1
77	9	-1
77	10	L
77	11	Lp
77	12	Lp
77	13	Lp
77	14	Lp
77	15	-1
77	16	Lp
77	17	L
77	18	Lp
77	19	L
77	20	L
77	21	L
77	22	L
77	23	Lp
77	24	Lp
77	25	Lp
77	26	Lp
77	27	Lp
77	28	Lp
77	29	Lp
77	30	Lp
77	31	-1
77	32	Lp
77	33	L
77	34	L
77	35	L
77	36	L
77	37	Lp
77	38	Lp
77	39	-1
77	40	L
77	41	L
77	42	L
77	43	-1
77	44	-1
77	45	-1
77	46	L
77	47	-1
77	48	-1
77	49	Lp
77	50	Lp
77	51	Lp
77	52	Lp
77	53	-1
77	54	Lp
77	55	-1
77	56	U
77	57	-1
77	58	-1
77	59	U
77	60	-1
77	61	U
77	62	Lp
77	63	Lp
77	64	Lp
77	65	Lp
77	66	U
77	67	Lp
77	68	-1
77	69	-1
77	70	Lp
77	71	Lp
77	72	Lp
77	73	Lp
77	74	-1
77	75	Lp
77	76	Lp
77	77	Lp
77	78	Lp
77	79	Lp
77	80	Lp
77	81	-1
77	82	Lp
77	83	Lp
77	84	Lp
77	85	Lp
77	86	Lp
77	87	Lp
77	88	-1
77	89	Lp
77	90	Lp
77	91	Lp
77	92	Lp
77	93	Lp
77	94	Lp
77	95	Lp
77	96	-1
77	97	-1
77	98	U
77	99	L
77	100	Lp
77	101	Lp
77	102	L
77	103	L
77	104	L
77	105	L
77	106	L
77	107	L
77	108	Lp
77	109	Lp
77	110	-1
77	111	Lp
77	112	Lp
77	113	Lp
77	114	-1
77	115	L
77	116	Lp
77	117	L
77	118	L
77	119	Lp
78	0	L
78	1	L
78	2	Lp
78	3	Lp
78	4	L
78	5	-1
78	6	Lp
78	7	Lp
78	8	-1
78	9	L
78	10	L
78	11	Lp
78	12	L
78	13	Lp
78	14	Lp
78	15	L
78	16	Lp
78	17	L
78	18	L
78	19	L
78	20	L
78	21	L
78	22	Lp
78	23	Lp
78	24	Lp
78	25	Lp
78	26	-1
78	27	Lp
78	28	Lp
78	29	L
78	30	U
78	31	U
78	32	Lp
78	33	Lp
78	34	L
78	35	Lp
78	36	Lp
78	37	Lp
78	38	-1
78	39	L
78	40	L
78	41	L
78	42	L
78	43	L
78	44	L
78	45	L
78	46	Lp
78	47	Lp
78	48	Lp
78	49	-1
78	50	Lp
78	51	Lp
78	52	-1
78	53	-1
78	54	Lp
78	55	Lp
78	56	Lp
78	57	-1
78	58	L
78	59	Lp
78	60	U
78	61	U
78	62	-1
78	63	-1
78	64	Lp
78	65	Lp
78	66	Lp
78	67	Lp
78	68	Lp
78	69	Lp
78	70	Lp
78	71	L
78	72	L
78	73	Lp
78	74	Lp
78	75	Lp
78	76	Lp
78	77	Lp
78	78	Lp
78	79	-1
78	80	Lp
78	81	-1
78	82	-1
78	83	Lp
78	84	-1
78	85	Lp
78	86	L
78	87	Lp
78	88	-1
78	89	Lp
78	90	Lp
78	91	Lp
78	92	-1
78	93	Lp
78	94	Lp
78	95	L
78	96	Lp
78	97	U
78	98	L
78	99	L
78	100	L
78	101	L
78	102	L
78	103	L
78	104	-1
78	105	Lp
78	106	L
78	107	Lp
78	108	Lp
78	109	Lp
78	110	Lp
78	111	-1
78	112	Lp
78	113	Lp
78	114	Lp
78	115	L
78	116	L
78	117	Lp
78	118	Lp
78	119	L
79	0	L
79	1	Lp
79	2	-1
79	3	L
79	4	Lp
79	5	Lp
79	6	Lp
79	7	U
79	8	L
79	9	L
79	10	L
79	11	L
79	12	L
79	13	-1
79	14	-1
79	15	L
79	16	L
79	17	L
79	18	-1
79	19	L
79	20	L
79	21	L
79	22	Lp
79	23	Lp
79	24	-1
79	25	Lp
79	26	Lp
79	27	Lp
79	28	L
79	29	Lp
79	30	Lp
79	31	U
79	32	U
79	33	L
79	34	-1
79	35	Lp
79	36	Lp
79	37	-1
79	38	L
79	39	L
79	40	L
79	41	L
79	42	L
79	43	L
79	44	L
79	45	-1
79	46	Lp
79	47	Lp
79	48	-1
79	49	-1
79	50	Lp
79	51	Lp
79	52	Lp
79	53	Lp
79	54	Lp
79	55	Lp
79	56	Lp
79	57	U
79	58	L
79	59	Lp
79	60	U
79	61	U
79	62	Lp
79	63	Lp
79	64	Lp
79	65	Lp
79	66	Lp
79	67	Lp
79	68	Lp
79	69	Lp
79	70	Lp
79	71	Lp
79	72	Lp
79	73	-1
79	74	Lp
79	75	Lp
79	76	-1
79	77	Lp
79	78	L
79	79	Lp
79	80	Lp
79	81	Lp
79	82	Lp
79	83	Lp
79	84	-1
79	85	Lp
79	86	L
79	87	L
79	88	Lp
79	89	Lp
79	90	Lp
79	91	Lp
79	92	Lp
79	93	Lp
79	94	Lp
79	95	L
79	96	L
79	97	-1
79	98	Lp
79	99	L
79	100	L
79	101	L
79	102	L
79	103	Lp
79	104	Lp
79	105	Lp
79	106	Lp
79	107	L
79	108	L
79	109	Lp
79	110	Lp
79	111	Lp
79	112	-1
79	113	Lp
79	114	Lp
79	115	Lp
79	116	L
79	117	Lp
79	118	-1
79	119	Lp
80	0	Lp
80	1	Lp
80	2	Lp
80	3	Lp
80	4	Lp
80	5	-1
80	6	L
80	7	Lp
80	8	L
80	9	L
80	10	Lp
80	11	L
80	12	L
80	13	Lp
80	14	Lp
80	15	-1
80	16	L
80	17	L
80	18	L
80	19	L
80	20	L
80	21	Lp
80	22	L
80	23	Lp
80	24	Lp
80	25	Lp
80	26	Lp
80	27	Lp
80	28	Lp
80	29	Lp
80	30	Lp
80	31	-1
80	32	Lp
80	33	L
80	34	L
80	35	Lp
80	36	L
80	37	Lp
80	38	L
80	39	-1
80	40	L
80	41	L
80	42	-1
80	43	L
80	44	L
80	45	-1
80	46	Lp
80	47	Lp
80	48	-1
80	49	Lp
80	50	Lp
80	51	Lp
80	52	Lp
80	53	Lp
80	54	Lp
80	55	Lp
80	56	Lp
80	57	U
80	58	Lp
80	59	Lp
80	60	-1
80	61	L
80	62	Lp
80	63	Lp
80	64	-1
80	65	Lp
80	66	-1
80	67	Lp
80	68	Lp
80	69	L
80	70	Lp
80	71	-1
80	72	Lp
80	73	Lp
80	74	Lp
80	75	Lp
80	76	-1
80	77	L
80	78	Lp
80	79	-1
80	80	Lp
80	81	Lp
80	82	Lp
80	83	-1
80	84	Lp
80	85	L
80	86	Lp
80	87	Lp
80	88	-1
80	89	-1
80	90	Lp
80	91	L
80	92	L
80	93	Lp
80	94	Lp
80	95	L
80	96	Lp
80	97	-1
80	98	Lp
80	99	Lp
80	100	Lp
80	101	L
80	102	Lp
80	103	Lp
80	104	Lp
80	105	Lp
80	106	L
80	107	L
80	108	Lp
80	109	Lp
80	110	Lp
80	111	-1
80	112	Lp
80	113	-1
80	114	Lp
80	115	Lp
80	116	Lp
80	117	Lp
80	118	Lp
80	119	-1
81	0	Lp
81	1	Lp
81	2	Lp
81	3	Lp
81	4	Lp
81	5	Lp
81	6	Lp
81	7	U
81	8	L
81	9	U
81	10	U
81	11	U
81	12	L
81	13	Lp
81	14	Lp
81	15	Lp
81	16	-1
81	17	L
81	18	L
81	19	-1
81	20	L
81	21	L
81	22	Lp
81	23	Lp
81	24	Lp
81	25	-1
81	26	Lp
81	27	Lp
81	28	Lp
81	29	Lp
81	30	Lp
81	31	-1
81	32	Lp
81	33	Lp
81	34	-1
81	35	L
81	36	L
81	37	L
81	38	L
81	39	L
81	40	L
81	41	L
81	42	L
81	43	L
81	44	L
81	45	Lp
81	46	Lp
81	47	Lp
81	48	Lp
81	49	Lp
81	50	Lp
81	51	Lp
81	52	Lp
81	53	Lp
81	54	Lp
81	55	Lp
81	56	Lp
81	57	-1
81	58	Lp
81	59	-1
81	60	-1
81	61	L
81	62	Lp
81	63	Lp
81	64	Lp
81	65	Lp
81	66	Lp
81	67	Lp
81	68	Lp
81	69	L
81	70	-1
81	71	L
81	72	L
81	73	Lp
81	74	Lp
81	75	Lp
81	76	L
81	77	Lp
81	78	-1
81	79	Lp
81	80	Lp
81	81	L
81	82	Lp
81	83	L
81	84	L
81	85	L
81	86	L
81	87	L
81	88	Lp
81	89	-1
81	90	L
81	91	Lp
81	92	L
81	93	Lp
81	94	L
81	95	L
81	96	L
81	97	L
81	98	L
81	99	Lp
81	100	Lp
81	101	Lp
81	102	Lp
81	103	Lp
81	104	-1
81	105	Lp
81	106	Lp
81	107	U
81	108	L
81	109	-1
81	110	Lp
81	111	Lp
81	112	Lp
81	113	-1
81	114	Lp
81	115	Lp
81	116	Lp
81	117	Lp
81	118	Lp
81	119	Lp
82	0	Lp
82	1	Lp
82	2	Lp
82	3	Lp
82	4	Lp
82	5	Lp
82	6	Lp
82	7	L
82	8	L
82	9	-1
82	10	L
82	11	L
82	12	L
82	13	L
82	14	L
82	15	Lp
82	16	Lp
82	17	Lp
82	18	Lp
82	19	Lp
82	20	Lp
82	21	-1
82	22	L
82	23	Lp
82	24	L
82	25	Lp
82	26	Lp
82	27	Lp
82	28	Lp
82	29	-1
82	30	Lp
82	31	Lp
82	32	Lp
82	33	Lp
82	34	Lp
82	35	L
82	36	-1
82	37	L
82	38	-1
82	39	Lp
82	40	L
82	41	L
82	42	L
82	43	U
82	44	-1
82	45	Lp
82	46	Lp
82	47	Lp
82	48	Lp
82	49	Lp
82	50	Lp
82	51	Lp
82	52	Lp
82	53	Lp
82	54	Lp
82	55	Lp
82	56	Lp
82	57	Lp
82	58	Lp
82	59	Lp
82	60	L
82	61	Lp
82	62	-1
82	63	Lp
82	64	-1
82	65	Lp
82	66	Lp
82	67	Lp
82	68	L
82	69	Lp
82	70	L
82	71	L
82	72	L
82	73	Lp
82	74	-1
82	75	Lp
82	76	-1
82	77	L
82	78	Lp
82	79	-1
82	80	-1
82	81	L
82	82	L
82	83	L
82	84	L
82	85	L
82	86	U
82	87	L
82	88	L
82	89	L
82	90	Lp
82	91	Lp
82	92	-1
82	93	L
82	94	L
82	95	L
82	96	L
82	97	L
82	98	L
82	99	Lp
82	100	Lp
82	101	Lp
82	102	Lp
82	103	-1
82	104	Lp
82	105	Lp
82	106	Lp
82	107	-1
82	108	Lp
82	109	Lp
82	110	Lp
82	111	Lp
82	112	Lp
82	113	Lp
82	114	Lp
82	115	Lp
82	116	Lp
82	117	-1
82	118	Lp
82	119	Lp
83	0	Lp
83	1	Lp
83	2	Lp
83	3	Lp
83	4	Lp
83	5	-1
83	6	Lp
83	7	-1
83	8	-1
83	9	Lp
83	10	Lp
83	11	L
83	12	L
83	13	L
83	14	L
83	15	-1
83	16	Lp
83	17	Lp
83	18	Lp
83	19	Lp
83	20	L
83	21	Lp
83	22	Lp
83	23	L
83	24	L
83	25	Lp
83	26	Lp
83	27	Lp
83	28	Lp
83	29	Lp
83	30	Lp
83	31	Lp
83	32	Lp
83	33	Lp
83	34	Lp
83	35	U
83	36	-1
83	37	L
83	38	L
83	39	-1
83	40	L
83	41	U
83	42	-1
83	43	U
83	44	U
83	45	Lp
83	46	Lp
83	47	-1
83	48	Lp
83	49	Lp
83	50	Lp
83	51	-1
83	52	Lp
83	53	Lp
83	54	Lp
83	55	Lp
83	56	Lp
83	57	-1
83	58	Lp
83	59	Lp
83	60	-1
83	61	Lp
83	62	Lp
83	63	Lp
83	64	Lp
83	65	Lp
83	66	Lp
83	67	Lp
83	68	-1
83	69	L
83	70	-1
83	71	L
83	72	L
83	73	L
83	74	L
83	75	Lp
83	76	Lp
83	77	-1
83	78	L
83	79	Lp
83	80	L
83	81	-1
83	82	-1
83	83	L
83	84	L
83	85	L
83	86	L
83	87	L
83	88	Lp
83	89	L
83	90	L
83	91	Lp
83	92	L
83	93	Lp
83	94	-1
83	95	L
83	96	L
83	97	L
83	98	Lp
83	99	Lp
83	100	Lp
83	101	-1
83	102	Lp
83	103	Lp
83	104	Lp
83	105	-1
83	106	Lp
83	107	Lp
83	108	Lp
83	109	Lp
83	110	Lp
83	111	Lp
83	112	Lp
83	113	-1
83	114	Lp
83	115	Lp
83	116	-1
83	117	Lp
83	118	Lp
83	119	Lp
84	0	-1
84	1	Lp
84	2	Lp
84	3	Lp
84	4	-1
84	5	Lp
84	6	Lp
84	7	Lp
84	8	Lp
84	9	Lp
84	10	-1
84	11	Lp
84	12	L
84	13	L
84	14	L
84	15	Lp
84	16	Lp
84	17	Lp
84	18	Lp
84	19	Lp
84	20	-1
84	21	Lp
84	22	Lp
84	23	-1
84	24	-1
84	25	Lp
84	26	Lp
84	27	Lp
84	28	Lp
84	29	-1
84	30	Lp
84	31	Lp
84	32	Lp
84	33	Lp
84	34	Lp
84	35	L
84	36	L
84	37	L
84	38	-1
84	39	L
84	40	L
84	41	U
84	42	U
84	43	U
84	44	Lp
84	45	-1
84	46	Lp
84	47	Lp
84	48	Lp
84	49	Lp
84	50	Lp
84	51	-1
84	52	Lp
84	53	Lp
84	54	Lp
84	55	Lp
84	56	Lp
84	57	-1
84	58	Lp
84	59	Lp
84	60	Lp
84	61	-1
84	62	Lp
84	63	Lp
84	64	Lp
84	65	L
84	66	-1
84	67	Lp
84	68	L
84	69	L
84	70	L
84	71	L
84	72	L
84	73	-1
84	74	-1
84	75	Lp
84	76	Lp
84	77	Lp
84	78	L
84	79	-1
84	80	L
84	81	L
84	82	L
84	83	L
84	84	L
84	85	L
84	86	-1
84	87	L
84	88	L
84	89	Lp
84	90	-1
84	91	L
84	92	L
84	93	L
84	94	Lp
84	95	L
84	96	L
84	97	L
84	98	-1
84	99	Lp
84	100	-1
84	101	Lp
84	102	L
84	103	L
84	104	Lp
84	105	Lp
84	106	Lp
84	107	Lp
84	108	Lp
84	109	Lp
84	110	-1
84	111	Lp
84	112	Lp
84	113	Lp
84	114	Lp
84	115	-1
84	116	Lp
84	117	Lp
84	118	-1
84	119	-1
85	0	Lp
85	1	Lp
85	2	Lp
85	3	Lp
85	4	Lp
85	5	Lp
85	6	Lp
85	7	Lp
85	8	-1
85	9	L
85	10	L
85	11	Lp
85	12	-1
85	13	L
85	14	L
85	15	Lp
85	16	Lp
85	17	Lp
85	18	Lp
85	19	Lp
85	20	Lp
85	21	Lp
85	22	L
85	23	L
85	24	L
85	25	Lp
85	26	-1
85	27	Lp
85	28	-1
85	29	Lp
85	30	Lp
85	31	-1
85	32	Lp
85	33	Lp
85	34	-1
85	35	Lp
85	36	Lp
85	37	L
85	38	L
85	39	Lp
85	40	Lp
85	41	-1
85	42	-1
85	43	U
85	44	L
85	45	L
85	46	Lp
85	47	Lp
85	48	Lp
85	49	Lp
85	50	Lp
85	51	Lp
85	52	Lp
85	53	Lp
85	54	Lp
85	55	Lp
85	56	L
85	57	Lp
85	58	Lp
85	59	Lp
85	60	Lp
85	61	Lp
85	62	Lp
85	63	Lp
85	64	Lp
85	65	Lp
85	66	L
85	67	-1
85	68	L
85	69	L
85	70	L
85	71	L
85	72	L
85	73	-1
85	74	L
85	75	Lp
85	76	Lp
85	77	Lp
85	78	L
85	79	-1
85	80	L
85	81	L
85	82	L
85	83	L
85	84	L
85	85	L
85	86	L
85	87	L
85	88	-1
85	89	L
85	90	L
85	91	L
85	92	L
85	93	-1
85	94	L
85	95	Lp
85	96	L
85	97	L
85	98	Lp
85	99	U
85	100	Lp
85	101	-1
85	102	L
85	103	L
85	104	Lp
85	105	L
85	106	L
85	107	Lp
85	108	Lp
85	109	Lp
85	110	Lp
85	111	Lp
85	112	Lp
85	113	Lp
85	114	-1
85	115	Lp
85	116	-1
85	117	Lp
85	118	Lp
85	119	Lp
86	0	Lp
86	1	Lp
86	2	Lp
86	3	Lp
86	4	Lp
86	5	-1
86	6	-1
86	7	Lp
86	8	U
86	9	Lp
86	10	-1
86	11	Lp
86	12	-1
86	13	L
86	14	L
86	15	Lp
86	16	Lp
86	17	L
86	18	L
86	19	L
86	20	L
86	21	L
86	22	L
86	23	L
86	24	U
86	25	U
86	26	Lp
86	27	Lp
86	28	Lp
86	29	-1
86	30	Lp
86	31	Lp
86	32	-1
86	33	-1
86	34	Lp
86	35	Lp
86	36	Lp
86	37	Lp
86	38	-1
86	39	L
86	40	L
86	41	L
86	42	-1
86	43	-1
86	44	Lp
86	45	Lp
86	46	-1
86	47	Lp
86	48	-1
86	49	Lp
86	50	Lp
86	51	Lp
86	52	Lp
86	53	Lp
86	54	Lp
86	55	-1
86	56	L
86	57	L
86	58	L
86	59	Lp
86	60	Lp
86	61	Lp
86	62	Lp
86	63	Lp
86	64	Lp
86	65	Lp
86	66	Lp
86	67	L
86	68	L
86	69	L
86	70	L
86	71	L
86	72	L
86	73	L
86	74	-1
86	75	L
86	76	Lp
86	77	Lp
86	78	Lp
86	79	Lp
86	80	L
86	81	L
86	82	L
86	83	L
86	84	-1
86	85	L
86	86	L
86	87	L
86	88	L
86	89	L
86	90	L
86	91	L
86	92	L
86	93	L
86	94	L
86	95	Lp
86	96	-1
86	97	L
86	98	U
86	99	Lp
86	100	Lp
86	101	Lp
86	102	L
86	103	Lp
86	104	L
86	105	-1
86	106	Lp
86	107	Lp
86	108	Lp
86	109	Lp
86	110	Lp
86	111	-1
86	112	Lp
86	113	Lp
86	114	Lp
86	115	-1
86	116	Lp
86	117	Lp
86	118	Lp
86	119	Lp
87	0	Lp
87	1	Lp
87	2	Lp
87	3	Lp
87	4	Lp
87	5	Lp
87	6	Lp
87	7	U
87	8	Lp
87	9	-1
87	10	Lp
87	11	U
87	12	L
87	13	L
87	14	L
87	15	L
87	16	L
87	17	L
87	18	-1
87	19	L
87	20	L
87	21	L
87	22	L
87	23	U
87	24	U
87	25	U
87	26	Lp
87	27	Lp
87	28	Lp
87	29	Lp
87	30	Lp
87	31	-1
87	32	-1
87	33	Lp
87	34	Lp
87	35	Lp
87	36	Lp
87	37	Lp
87	38	L
87	39	L
87	40	L
87	41	L
87	42	L
87	43	L
87	44	L
87	45	L
87	46	Lp
87	47	Lp
87	48	Lp
87	49	-1
87	50	-1
87	51	Lp
87	52	Lp
87	53	Lp
87	54	Lp
87	55	Lp
87	56	Lp
87	57	Lp
87	58	-1
87	59	U
87	60	Lp
87	61	Lp
87	62	Lp
87	63	Lp
87	64	Lp
87	65	Lp
87	66	Lp
87	67	Lp
87	68	Lp
87	69	L
87	70	L
87	71	L
87	72	-1
87	73	L
87	74	L
87	75	L
87	76	L
87	77	Lp
87	78	Lp
87	79	L
87	80	L
87	81	L
87	82	L
87	83	L
87	84	L
87	85	L
87	86	L
87	87	Lp
87	88	L
87	89	-1
87	90	L
87	91	L
87	92	L
87	93	L
87	94	-1
87	95	-1
87	96	Lp
87	97	U
87	98	-1
87	99	Lp
87	100	Lp
87	101	-1
87	102	Lp
87	103	Lp
87	104	U
87	105	L
87	106	-1
87	107	Lp
87	108	Lp
87	109	Lp
87	110	Lp
87	111	Lp
87	112	Lp
87	113	Lp
87	114	Lp
87	115	Lp
87	116	Lp
87	117	Lp
87	118	-1
87	119	Lp
88	0	Lp
88	1	Lp
88	2	Lp
88	3	Lp
88	4	Lp
88	5	Lp
88	6	Lp
88	7	-1
88	8	-1
88	9	Lp
88	10	Lp
88	11	L
88	12	L
88	13	L
88	14	L
88	15	L
88	16	L
88	17	Lp
88	18	L
88	19	Lp
88	20	Lp
88	21	L
88	22	L
88	23	U
88	24	U
88	25	U
88	26	Lp
88	27	Lp
88	28	Lp
88	29	-1
88	30	Lp
88	31	Lp
88	32	Lp
88	33	Lp
88	34	Lp
88	35	Lp
88	36	Lp
88	37	L
88	38	-1
88	39	L
88	40	L
88	41	L
88	42	-1
88	43	L
88	44	L
88	45	Lp
88	46	Lp
88	47	-1
88	48	Lp
88	49	Lp
88	50	-1
88	51	Lp
88	52	Lp
88	53	Lp
88	54	Lp
88	55	Lp
88	56	-1
88	57	L
88	58	L
88	59	Lp
88	60	Lp
88	61	Lp
88	62	Lp
88	63	Lp
88	64	Lp
88	65	-1
88	66	-1
88	67	Lp
88	68	-1
88	69	Lp
88	70	-1
88	71	Lp
88	72	Lp
88	73	L
88	74	L
88	75	L
88	76	L
88	77	L
88	78	U
88	79	Lp
88	80	Lp
88	81	Lp
88	82	-1
88	83	L
88	84	-1
88	85	Lp
88	86	Lp
88	87	Lp
88	88	Lp
88	89	L
88	90	L
88	91	L
88	92	L
88	93	-1
88	94	L
88	95	L
88	96	L
88	97	L
88	98	Lp
88	99	Lp
88	100	Lp
88	101	Lp
88	102	Lp
88	103	U
88	104	U
88	105	-1
88	106	Lp
88	107	Lp
88	108	Lp
88	109	Lp
88	110	Lp
88	111	-1
88	112	Lp
88	113	Lp
88	114	Lp
88	115	-1
88	116	Lp
88	117	-1
88	118	Lp
88	119	-1
89	0	Lp
89	1	Lp
89	2	-1
89	3	Lp
89	4	Lp
89	5	Lp
89	6	Lp
89	7	-1
89	8	-1
89	9	L
89	10	L
89	11	-1
89	12	L
89	13	L
89	14	-1
89	15	L
89	16	L
89	17	Lp
89	18	Lp
89	19	Lp
89	20	Lp
89	21	L
89	22	L
89	23	Lp
89	24	U
89	25	Lp
89	26	Lp
89	27	Lp
89	28	Lp
89	29	Lp
89	30	Lp
89	31	-1
89	32	-1
89	33	Lp
89	34	Lp
89	35	Lp
89	36	Lp
89	37	-1
89	38	-1
89	39	L
89	40	L
89	41	-1
89	42	L
89	43	L
89	44	-1
89	45	Lp
89	46	-1
89	47	Lp
89	48	Lp
89	49	-1
89	50	-1
89	51	-1
89	52	Lp
89	53	Lp
89	54	-1
89	55	L
89	56	Lp
89	57	L
89	58	L
89	59	-1
89	60	U
89	61	Lp
89	62	Lp
89	63	Lp
89	64	Lp
89	65	Lp
89	66	Lp
89	67	Lp
89	68	Lp
89	69	-1
89	70	Lp
89	71	Lp
89	72	L
89	73	L
89	74	L
89	75	L
89	76	Lp
89	77	Lp
89	78	L
89	79	U
89	80	Lp
89	81	Lp
89	82	-1
89	83	L
89	84	Lp
89	85	Lp
89	86	L
89	87	-1
89	88	L
89	89	L
89	90	L
89	91	L
89	92	L
89	93	-1
89	94	-1
89	95	L
89	96	L
89	97	Lp
89	98	-1
89	99	Lp
89	100	Lp
89	101	-1
89	102	Lp
89	103	Lp
89	104	Lp
89	105	U
89	106	Lp
89	107	Lp
89	108	Lp
89	109	-1
89	110	-1
89	111	Lp
89	112	Lp
89	113	Lp
89	114	-1
89	115	-1
89	116	Lp
89	117	Lp
89	118	-1
89	119	Lp
90	0	Lp
90	1	Lp
90	2	Lp
90	3	Lp
90	4	Lp
90	5	-1
90	6	-1
90	7	L
90	8	Lp
90	9	Lp
90	10	L
90	11	L
90	12	L
90	13	L
90	14	L
90	15	-1
90	16	Lp
90	17	L
90	18	-1
90	19	Lp
90	20	Lp
90	21	Lp
90	22	Lp
90	23	Lp
90	24	U
90	25	Lp
90	26	Lp
90	27	Lp
90	28	-1
90	29	-1
90	30	Lp
90	31	-1
90	32	Lp
90	33	Lp
90	34	Lp
90	35	Lp
90	36	Lp
90	37	L
90	38	L
90	39	L
90	40	L
90	41	-1
90	42	L
90	43	L
90	44	Lp
90	45	Lp
90	46	Lp
90	47	Lp
90	48	Lp
90	49	Lp
90	50	-1
90	51	Lp
90	52	Lp
90	53	Lp
90	54	L
90	55	-1
90	56	L
90	57	-1
90	58	Lp
90	59	Lp
90	60	Lp
90	61	Lp
90	62	L
90	63	Lp
90	64	L
90	65	-1
90	66	Lp
90	67	L
90	68	Lp
90	69	L
90	70	-1
90	71	L
90	72	L
90	73	L
90	74	L
90	75	Lp
90	76	Lp
90	77	Lp
90	78	Lp
90	79	Lp
90	80	Lp
90	81	Lp
90	82	Lp
90	83	-1
90	84	L
90	85	Lp
90	86	L
90	87	L
90	88	L
90	89	-1
90	90	L
90	91	L
90	92	Lp
90	93	L
90	94	L
90	95	U
90	96	L
90	97	-1
90	98	Lp
90	99	U
90	100	U
90	101	Lp
90	102	Lp
90	103	Lp
90	104	Lp
90	105	-1
90	106	Lp
90	107	Lp
90	108	Lp
90	109	-1
90	110	Lp
90	111	Lp
90	112	Lp
90	113	Lp
90	114	Lp
90	115	Lp
90	116	Lp
90	117	Lp
90	118	Lp
90	119	Lp
91	0	Lp
91	1	Lp
91	2	Lp
91	3	Lp
91	4	Lp
91	5	Lp
91	6	Lp
91	7	L
91	8	L
91	9	L
91	10	L
91	11	L
91	12	L
91	13	L
91	14	-1
91	15	Lp
91	16	L
91	17	Lp
91	18	Lp
91	19	Lp
91	20	Lp
91	21	-1
91	22	Lp
91	23	U
91	24	Lp
91	25	-1
91	26	Lp
91	27	Lp
91	28	-1
91	29	Lp
91	30	Lp
91	31	Lp
91	32	Lp
91	33	Lp
91	34	Lp
91	35	Lp
91	36	L
91	37	Lp
91	38	L
91	39	L
91	40	L
91	41	L
91	42	L
91	43	L
91	44	-1
91	45	-1
91	46	Lp
91	47	L
91	48	Lp
91	49	Lp
91	50	Lp
91	51	-1
91	52	-1
91	53	Lp
91	54	Lp
91	55	L
91	56	Lp
91	57	L
91	58	-1
91	59	-1
91	60	L
91	61	L
91	62	L
91	63	U
91	64	-1
91	65	-1
91	66	-1
91	67	L
91	68	L
91	69	L
91	70	L
91	71	-1
91	72	L
91	73	L
91	74	-1
91	75	-1
91	76	Lp
91	77	-1
91	78	Lp
91	79	-1
91	80	Lp
91	81	Lp
91	82	-1
91	83	Lp
91	84	-1
91	85	L
91	86	L
91	87	L
91	88	-1
91	89	L
91	90	L
91	91	Lp
91	92	L
91	93	Lp
91	94	-1
91	95	Lp
91	96	L
91	97	L
91	98	L
91	99	L
91	100	Lp
91	101	Lp
91	102	-1
91	103	Lp
91	104	Lp
91	105	Lp
91	106	Lp
91	107	Lp
91	108	Lp
91	109	Lp
91	110	Lp
91	111	Lp
91	112	Lp
91	113	Lp
91	114	Lp
91	115	Lp
91	116	-1
91	117	Lp
91	118	Lp
91	119	Lp
92	0	Lp
92	1	Lp
92	2	Lp
92	3	U
92	4	Lp
92	5	Lp
92	6	Lp
92	7	Lp
92	8	L
92	9	L
92	10	L
92	11	U
92	12	-1
92	13	L
92	14	L
92	15	Lp
92	16	L
92	17	Lp
92	18	L
92	19	L
92	20	U
92	21	Lp
92	22	Lp
92	23	L
92	24	Lp
92	25	Lp
92	26	Lp
92	27	Lp
92	28	Lp
92	29	Lp
92	30	-1
92	31	Lp
92	32	-1
92	33	Lp
92	34	-1
92	35	Lp
92	36	Lp
92	37	Lp
92	38	Lp
92	39	-1
92	40	L
92	41	L
92	42	L
92	43	Lp
92	44	Lp
92	45	-1
92	46	Lp
92	47	Lp
92	48	Lp
92	49	Lp
92	50	-1
92	51	Lp
92	52	Lp
92	53	Lp
92	54	-1
92	55	L
92	56	L
92	57	Lp
92	58	Lp
92	59	L
92	60	L
92	61	U
92	62	U
92	63	Lp
92	64	U
92	65	L
92	66	L
92	67	L
92	68	-1
92	69	L
92	70	L
92	71	L
92	72	L
92	73	L
92	74	L
92	75	L
92	76	L
92	77	Lp
92	78	Lp
92	79	Lp
92	80	Lp
92	81	Lp
92	82	Lp
92	83	Lp
92	84	-1
92	85	Lp
92	86	Lp
92	87	L
92	88	Lp
92	89	L
92	90	L
92	91	L
92	92	L
92	93	L
92	94	-1
92	95	Lp
92	96	Lp
92	97	L
92	98	Lp
92	99	L
92	100	Lp
92	101	Lp
92	102	-1
92	103	Lp
92	104	L
92	105	Lp
92	106	Lp
92	107	Lp
92	108	Lp
92	109	Lp
92	110	Lp
92	111	-1
92	112	Lp
92	113	Lp
92	114	Lp
92	115	Lp
92	116	Lp
92	117	-1
92	118	Lp
92	119	Lp
93	0	Lp
93	1	Lp
93	2	-1
93	3	Lp
93	4	Lp
93	5	Lp
93	6	Lp
93	7	-1
93	8	L
93	9	-1
93	10	L
93	11	L
93	12	Lp
93	13	Lp
93	14	Lp
93	15	Lp
93	16	-1
93	17	Lp
93	18	Lp
93	19	L
93	20	-1
93	21	Lp
93	22	Lp
93	23	L
93	24	L
93	25	U
93	26	Lp
93	27	Lp
93	28	-1
93	29	Lp
93	30	Lp
93	31	Lp
93	32	Lp
93	33	L
93	34	L
93	35	-1
93	36	Lp
93	37	-1
93	38	U
93	39	U
93	40	L
93	41	Lp
93	42	L
93	43	-1
93	44	Lp
93	45	Lp
93	46	Lp
93	47	Lp
93	48	L
93	49	Lp
93	50	Lp
93	51	Lp
93	52	L
93	53	Lp
93	54	L
93	55	-1
93	56	Lp
93	57	L
93	58	Lp
93	59	-1
93	60	Lp
93	61	L
93	62	L
93	63	L
93	64	-1
93	65	L
93	66	-1
93	67	L
93	68	-1
93	69	L
93	70	L
93	71	L
93	72	-1
93	73	L
93	74	L
93	75	L
93	76	L
93	77	L
93	78	Lp
93	79	Lp
93	80	Lp
93	81	Lp
93	82	-1
93	83	Lp
93	84	Lp
93	85	Lp
93	86	Lp
93	87	L
93	88	Lp
93	89	Lp
93	90	L
93	91	Lp
93	92	L
93	93	L
93	94	Lp
93	95	Lp
93	96	Lp
93	97	L
93	98	L
93	99	Lp
93	100	Lp
93	101	-1
93	102	Lp
93	103	Lp
93	104	Lp
93	105	-1
93	106	Lp
93	107	Lp
93	108	Lp
93	109	Lp
93	110	Lp
93	111	Lp
93	112	Lp
93	113	Lp
93	114	Lp
93	115	Lp
93	116	Lp
93	117	Lp
93	118	Lp
93	119	Lp
94	0	Lp
94	1	Lp
94	2	Lp
94	3	Lp
94	4	-1
94	5	Lp
94	6	Lp
94	7	Lp
94	8	-1
94	9	-1
94	10	L
94	11	Lp
94	12	Lp
94	13	Lp
94	14	Lp
94	15	Lp
94	16	L
94	17	-1
94	18	Lp
94	19	L
94	20	L
94	21	Lp
94	22	Lp
94	23	L
94	24	L
94	25	U
94	26	U
94	27	U
94	28	Lp
94	29	Lp
94	30	Lp
94	31	Lp
94	32	-1
94	33	L
94	34	L
94	35	Lp
94	36	Lp
94	37	-1
94	38	-1
94	39	U
94	40	U
94	41	L
94	42	-1
94	43	L
94	44	Lp
94	45	Lp
94	46	Lp
94	47	L
94	48	Lp
94	49	-1
94	50	Lp
94	51	Lp
94	52	Lp
94	53	-1
94	54	L
94	55	Lp
94	56	L
94	57	-1
94	58	Lp
94	59	-1
94	60	Lp
94	61	L
94	62	L
94	63	L
94	64	L
94	65	-1
94	66	Lp
94	67	L
94	68	L
94	69	L
94	70	-1
94	71	L
94	72	L
94	73	L
94	74	-1
94	75	L
94	76	Lp
94	77	Lp
94	78	Lp
94	79	Lp
94	80	Lp
94	81	Lp
94	82	-1
94	83	Lp
94	84	Lp
94	85	Lp
94	86	L
94	87	L
94	88	L
94	89	Lp
94	90	Lp
94	91	Lp
94	92	Lp
94	93	Lp
94	94	-1
94	95	Lp
94	96	-1
94	97	L
94	98	Lp
94	99	-1
94	100	Lp
94	101	Lp
94	102	Lp
94	103	Lp
94	104	Lp
94	105	Lp
94	106	-1
94	107	Lp
94	108	Lp
94	109	Lp
94	110	Lp
94	111	Lp
94	112	Lp
94	113	Lp
94	114	Lp
94	115	Lp
94	116	Lp
94	117	Lp
94	118	-1
94	119	Lp
95	0	-1
95	1	Lp
95	2	U
95	3	Lp
95	4	Lp
95	5	Lp
95	6	Lp
95	7	Lp
95	8	Lp
95	9	L
95	10	-1
95	11	Lp
95	12	L
95	13	Lp
95	14	L
95	15	L
95	16	-1
95	17	L
95	18	Lp
95	19	Lp
95	20	L
95	21	-1
95	22	Lp
95	23	L
95	24	U
95	25	U
95	26	-1
95	27	U
95	28	Lp
95	29	Lp
95	30	Lp
95	31	Lp
95	32	-1
95	33	L
95	34	L
95	35	L
95	36	Lp
95	37	L
95	38	-1
95	39	Lp
95	40	U
95	41	Lp
95	42	L
95	43	Lp
95	44	Lp
95	45	L
95	46	Lp
95	47	Lp
95	48	L
95	49	L
95	50	Lp
95	51	L
95	52	Lp
95	53	Lp
95	54	Lp
95	55	L
95	56	L
95	57	Lp
95	58	-1
95	59	L
95	60	-1
95	61	L
95	62	L
95	63	L
95	64	Lp
95	65	Lp
95	66	L
95	67	Lp
95	68	Lp
95	69	L
95	70	Lp
95	71	Lp
95	72	Lp
95	73	-1
95	74	U
95	75	U
95	76	Lp
95	77	Lp
95	78	Lp
95	79	-1
95	80	Lp
95	81	-1
95	82	-1
95	83	Lp
95	84	Lp
95	85	Lp
95	86	L
95	87	L
95	88	-1
95	89	-1
95	90	-1
95	91	Lp
95	92	Lp
95	93	Lp
95	94	Lp
95	95	Lp
95	96	Lp
95	97	Lp
95	98	Lp
95	99	Lp
95	100	Lp
95	101	Lp
95	102	Lp
95	103	-1
95	104	Lp
95	105	Lp
95	106	Lp
95	107	-1
95	108	Lp
95	109	Lp
95	110	Lp
95	111	Lp
95	112	Lp
95	113	-1
95	114	Lp
95	115	Lp
95	116	Lp
95	117	Lp
95	118	Lp
95	119	Lp
96	0	Lp
96	1	Lp
96	2	Lp
96	3	-1
96	4	Lp
96	5	Lp
96	6	L
96	7	Lp
96	8	-1
96	9	L
96	10	Lp
96	11	L
96	12	L
96	13	Lp
96	14	L
96	15	L
96	16	-1
96	17	L
96	18	Lp
96	19	L
96	20	L
96	21	L
96	22	L
96	23	-1
96	24	U
96	25	-1
96	26	Lp
96	27	-1
96	28	Lp
96	29	Lp
96	30	Lp
96	31	Lp
96	32	L
96	33	L
96	34	L
96	35	-1
96	36	L
96	37	L
96	38	-1
96	39	Lp
96	40	Lp
96	41	U
96	42	-1
96	43	Lp
96	44	Lp
96	45	L
96	46	L
96	47	L
96	48	-1
96	49	L
96	50	L
96	51	L
96	52	L
96	53	Lp
96	54	L
96	55	L
96	56	Lp
96	57	Lp
96	58	L
96	59	L
96	60	L
96	61	-1
96	62	L
96	63	-1
96	64	L
96	65	L
96	66	-1
96	67	-1
96	68	L
96	69	Lp
96	70	Lp
96	71	Lp
96	72	Lp
96	73	Lp
96	74	-1
96	75	U
96	76	U
96	77	U
96	78	Lp
96	79	-1
96	80	Lp
96	81	Lp
96	82	Lp
96	83	Lp
96	84	Lp
96	85	-1
96	86	L
96	87	Lp
96	88	Lp
96	89	Lp
96	90	Lp
96	91	Lp
96	92	Lp
96	93	L
96	94	-1
96	95	-1
96	96	U
96	97	L
96	98	Lp
96	99	-1
96	100	-1
96	101	Lp
96	102	-1
96	103	Lp
96	104	Lp
96	105	Lp
96	106	Lp
96	107	-1
96	108	Lp
96	109	Lp
96	110	Lp
96	111	Lp
96	112	Lp
96	113	Lp
96	114	Lp
96	115	Lp
96	116	Lp
96	117	Lp
96	118	Lp
96	119	Lp
97	0	Lp
97	1	Lp
97	2	Lp
97	3	Lp
97	4	Lp
97	5	Lp
97	6	L
97	7	-1
97	8	Lp
97	9	L
97	10	L
97	11	L
97	12	L
97	13	-1
97	14	-1
97	15	L
97	16	L
97	17	Lp
97	18	L
97	19	Lp
97	20	Lp
97	21	L
97	22	L
97	23	-1
97	24	Lp
97	25	-1
97	26	U
97	27	Lp
97	28	Lp
97	29	Lp
97	30	-1
97	31	Lp
97	32	L
97	33	L
97	34	-1
97	35	L
97	36	L
97	37	L
97	38	L
97	39	L
97	40	Lp
97	41	Lp
97	42	Lp
97	43	-1
97	44	Lp
97	45	Lp
97	46	L
97	47	Lp
97	48	-1
97	49	L
97	50	L
97	51	Lp
97	52	Lp
97	53	Lp
97	54	Lp
97	55	-1
97	56	-1
97	57	L
97	58	L
97	59	Lp
97	60	L
97	61	-1
97	62	Lp
97	63	L
97	64	L
97	65	Lp
97	66	L
97	67	-1
97	68	-1
97	69	-1
97	70	Lp
97	71	Lp
97	72	Lp
97	73	Lp
97	74	Lp
97	75	Lp
97	76	Lp
97	77	Lp
97	78	U
97	79	Lp
97	80	Lp
97	81	Lp
97	82	Lp
97	83	-1
97	84	Lp
97	85	L
97	86	-1
97	87	-1
97	88	Lp
97	89	Lp
97	90	Lp
97	91	Lp
97	92	Lp
97	93	Lp
97	94	L
97	95	-1
97	96	U
97	97	U
97	98	Lp
97	99	Lp
97	100	Lp
97	101	Lp
97	102	Lp
97	103	-1
97	104	-1
97	105	Lp
97	106	Lp
97	107	Lp
97	108	Lp
97	109	-1
97	110	Lp
97	111	Lp
97	112	Lp
97	113	Lp
97	114	-1
97	115	Lp
97	116	Lp
97	117	-1
97	118	Lp
97	119	Lp
98	0	Lp
98	1	-1
98	2	Lp
98	3	-1
98	4	-1
98	5	Lp
98	6	-1
98	7	L
98	8	L
98	9	-1
98	10	-1
98	11	-1
98	12	-1
98	13	-1
98	14	L
98	15	-1
98	16	L
98	17	L
98	18	-1
98	19	Lp
98	20	Lp
98	21	L
98	22	Lp
98	23	L
98	24	L
98	25	Lp
98	26	Lp
98	27	-1
98	28	Lp
98	29	Lp
98	30	-1
98	31	Lp
98	32	Lp
98	33	L
98	34	L
98	35	L
98	36	L
98	37	L
98	38	L
98	39	L
98	40	Lp
98	41	L
98	42	Lp
98	43	-1
98	44	Lp
98	45	Lp
98	46	Lp
98	47	L
98	48	L
98	49	L
98	50	L
98	51	-1
98	52	L
98	53	Lp
98	54	Lp
98	55	Lp
98	56	L
98	57	Lp
98	58	Lp
98	59	Lp
98	60	Lp
98	61	Lp
98	62	-1
98	63	-1
98	64	L
98	65	Lp
98	66	Lp
98	67	Lp
98	68	Lp
98	69	-1
98	70	Lp
98	71	-1
98	72	-1
98	73	Lp
98	74	Lp
98	75	Lp
98	76	Lp
98	77	Lp
98	78	Lp
98	79	Lp
98	80	-1
98	81	-1
98	82	Lp
98	83	-1
98	84	-1
98	85	Lp
98	86	L
98	87	Lp
98	88	Lp
98	89	Lp
98	90	Lp
98	91	Lp
98	92	Lp
98	93	Lp
98	94	Lp
98	95	L
98	96	U
98	97	U
98	98	Lp
98	99	Lp
98	100	Lp
98	101	-1
98	102	Lp
98	103	Lp
98	104	Lp
98	105	Lp
98	106	Lp
98	107	Lp
98	108	Lp
98	109	Lp
98	110	Lp
98	111	Lp
98	112	Lp
98	113	Lp
98	114	Lp
98	115	Lp
98	116	Lp
98	117	Lp
98	118	Lp
98	119	-1
99	0	-1
99	1	Lp
99	2	Lp
99	3	Lp
99	4	Lp
99	5	Lp
99	6	Lp
99	7	-1
99	8	L
99	9	-1
99	10	L
99	11	L
99	12	L
99	13	L
99	14	L
99	15	L
99	16	-1
99	17	-1
99	18	Lp
99	19	-1
99	20	-1
99	21	-1
99	22	Lp
99	23	Lp
99	24	Lp
99	25	-1
99	26	Lp
99	27	Lp
99	28	Lp
99	29	Lp
99	30	Lp
99	31	Lp
99	32	Lp
99	33	Lp
99	34	Lp
99	35	L
99	36	-1
99	37	L
99	38	L
99	39	L
99	40	L
99	41	Lp
99	42	U
99	43	Lp
99	44	Lp
99	45	Lp
99	46	L
99	47	Lp
99	48	L
99	49	L
99	50	L
99	51	L
99	52	L
99	53	Lp
99	54	Lp
99	55	-1
99	56	L
99	57	L
99	58	L
99	59	L
99	60	Lp
99	61	Lp
99	62	Lp
99	63	-1
99	64	L
99	65	Lp
99	66	Lp
99	67	-1
99	68	Lp
99	69	Lp
99	70	Lp
99	71	Lp
99	72	-1
99	73	Lp
99	74	Lp
99	75	-1
99	76	Lp
99	77	Lp
99	78	Lp
99	79	Lp
99	80	Lp
99	81	Lp
99	82	Lp
99	83	Lp
99	84	Lp
99	85	L
99	86	Lp
99	87	Lp
99	88	Lp
99	89	Lp
99	90	-1
99	91	Lp
99	92	Lp
99	93	-1
99	94	Lp
99	95	-1
99	96	L
99	97	U
99	98	Lp
99	99	Lp
99	100	-1
99	101	Lp
99	102	Lp
99	103	Lp
99	104	Lp
99	105	Lp
99	106	Lp
99	107	-1
99	108	Lp
99	109	Lp
99	110	-1
99	111	Lp
99	112	Lp
99	113	Lp
99	114	Lp
99	115	-1
99	116	Lp
99	117	Lp
99	118	Lp
99	119	-1
100	0	U
100	1	-1
100	2	Lp
100	3	Lp
100	4	Lp
100	5	L
100	6	L
100	7	L
100	8	L
100	9	-1
100	10	L
100	11	L
100	12	L
100	13	L
100	14	L
100	15	-1
100	16	L
100	17	Lp
100	18	L
100	19	L
100	20	L
100	21	L
100	22	Lp
100	23	L
100	24	Lp
100	25	-1
100	26	-1
100	27	Lp
100	28	Lp
100	29	Lp
100	30	Lp
100	31	Lp
100	32	Lp
100	33	Lp
100	34	Lp
100	35	L
100	36	L
100	37	L
100	38	L
100	39	L
100	40	L
100	41	U
100	42	Lp
100	43	L
100	44	Lp
100	45	L
100	46	L
100	47	-1
100	48	Lp
100	49	-1
100	50	L
100	51	L
100	52	Lp
100	53	Lp
100	54	Lp
100	55	Lp
100	56	Lp
100	57	Lp
100	58	Lp
100	59	L
100	60	Lp
100	61	Lp
100	62	Lp
100	63	L
100	64	Lp
100	65	-1
100	66	Lp
100	67	Lp
100	68	Lp
100	69	Lp
100	70	Lp
100	71	Lp
100	72	Lp
100	73	Lp
100	74	Lp
100	75	Lp
100	76	Lp
100	77	Lp
100	78	Lp
100	79	Lp
100	80	Lp
100	81	L
100	82	L
100	83	Lp
100	84	L
100	85	L
100	86	L
100	87	L
100	88	Lp
100	89	Lp
100	90	Lp
100	91	-1
100	92	Lp
100	93	Lp
100	94	Lp
100	95	Lp
100	96	Lp
100	97	-1
100	98	-1
100	99	Lp
100	100	-1
100	101	Lp
100	102	-1
100	103	Lp
100	104	Lp
100	105	Lp
100	106	L
100	107	Lp
100	108	L
100	109	Lp
100	110	-1
100	111	-1
100	112	Lp
100	113	Lp
100	114	-1
100	115	-1
100	116	Lp
100	117	-1
100	118	Lp
100	119	Lp
101	0	Lp
101	1	Lp
101	2	-1
101	3	-1
101	4	Lp
101	5	L
101	6	L
101	7	L
101	8	L
101	9	L
101	10	L
101	11	Lp
101	12	L
101	13	L
101	14	-1
101	15	-1
101	16	Lp
101	17	L
101	18	L
101	19	Lp
101	20	L
101	21	L
101	22	L
101	23	Lp
101	24	L
101	25	L
101	26	L
101	27	Lp
101	28	-1
101	29	-1
101	30	Lp
101	31	Lp
101	32	-1
101	33	Lp
101	34	Lp
101	35	Lp
101	36	L
101	37	-1
101	38	-1
101	39	L
101	40	-1
101	41	U
101	42	L
101	43	L
101	44	-1
101	45	Lp
101	46	Lp
101	47	Lp
101	48	L
101	49	L
101	50	L
101	51	Lp
101	52	Lp
101	53	Lp
101	54	Lp
101	55	-1
101	56	-1
101	57	Lp
101	58	-1
101	59	-1
101	60	Lp
101	61	Lp
101	62	Lp
101	63	Lp
101	64	Lp
101	65	Lp
101	66	Lp
101	67	Lp
101	68	-1
101	69	Lp
101	70	Lp
101	71	Lp
101	72	Lp
101	73	Lp
101	74	L
101	75	Lp
101	76	Lp
101	77	-1
101	78	Lp
101	79	-1
101	80	-1
101	81	L
101	82	L
101	83	Lp
101	84	L
101	85	L
101	86	L
101	87	L
101	88	Lp
101	89	Lp
101	90	Lp
101	91	Lp
101	92	Lp
101	93	Lp
101	94	Lp
101	95	Lp
101	96	U
101	97	Lp
101	98	Lp
101	99	Lp
101	100	-1
101	101	-1
101	102	Lp
101	103	Lp
101	104	Lp
101	105	-1
101	106	Lp
101	107	L
101	108	-1
101	109	Lp
101	110	-1
101	111	Lp
101	112	Lp
101	113	Lp
101	114	Lp
101	115	Lp
101	116	Lp
101	117	Lp
101	118	Lp
101	119	-1
102	0	U
102	1	-1
102	2	-1
102	3	-1
102	4	-1
102	5	Lp
102	6	Lp
102	7	Lp
102	8	L
102	9	L
102	10	Lp
102	11	L
102	12	L
102	13	L
102	14	L
102	15	L
102	16	L
102	17	-1
102	18	L
102	19	Lp
102	20	Lp
102	21	L
102	22	L
102	23	Lp
102	24	Lp
102	25	L
102	26	Lp
102	27	Lp
102	28	L
102	29	Lp
102	30	-1
102	31	Lp
102	32	Lp
102	33	Lp
102	34	L
102	35	Lp
102	36	L
102	37	L
102	38	L
102	39	Lp
102	40	L
102	41	-1
102	42	U
102	43	U
102	44	-1
102	45	L
102	46	Lp
102	47	L
102	48	L
102	49	Lp
102	50	Lp
102	51	-1
102	52	Lp
102	53	Lp
102	54	-1
102	55	-1
102	56	-1
102	57	U
102	58	U
102	59	-1
102	60	Lp
102	61	Lp
102	62	Lp
102	63	Lp
102	64	-1
102	65	Lp
102	66	Lp
102	67	Lp
102	68	Lp
102	69	Lp
102	70	Lp
102	71	Lp
102	72	-1
102	73	Lp
102	74	Lp
102	75	L
102	76	Lp
102	77	L
102	78	Lp
102	79	Lp
102	80	Lp
102	81	L
102	82	L
102	83	L
102	84	L
102	85	L
102	86	L
102	87	L
102	88	L
102	89	Lp
102	90	Lp
102	91	Lp
102	92	Lp
102	93	Lp
102	94	-1
102	95	-1
102	96	Lp
102	97	Lp
102	98	-1
102	99	Lp
102	100	-1
102	101	-1
102	102	-1
102	103	-1
102	104	L
102	105	Lp
102	106	-1
102	107	-1
102	108	Lp
102	109	Lp
102	110	Lp
102	111	-1
102	112	L
102	113	Lp
102	114	Lp
102	115	-1
102	116	Lp
102	117	-1
102	118	-1
102	119	Lp
103	0	Lp
103	1	Lp
103	2	Lp
103	3	Lp
103	4	L
103	5	Lp
103	6	Lp
103	7	L
103	8	Lp
103	9	Lp
103	10	Lp
103	11	Lp
103	12	-1
103	13	-1
103	14	L
103	15	L
103	16	L
103	17	L
103	18	L
103	19	Lp
103	20	Lp
103	21	Lp
103	22	-1
103	23	-1
103	24	Lp
103	25	-1
103	26	Lp
103	27	Lp
103	28	Lp
103	29	Lp
103	30	-1
103	31	Lp
103	32	Lp
103	33	Lp
103	34	L
103	35	L
103	36	L
103	37	L
103	38	L
103	39	L
103	40	L
103	41	-1
103	42	U
103	43	-1
103	44	L
103	45	L
103	46	Lp
103	47	-1
103	48	Lp
103	49	Lp
103	50	Lp
103	51	Lp
103	52	Lp
103	53	Lp
103	54	Lp
103	55	Lp
103	56	Lp
103	57	-1
103	58	Lp
103	59	Lp
103	60	-1
103	61	Lp
103	62	-1
103	63	-1
103	64	Lp
103	65	Lp
103	66	Lp
103	67	Lp
103	68	Lp
103	69	Lp
103	70	Lp
103	71	Lp
103	72	Lp
103	73	Lp
103	74	Lp
103	75	L
103	76	L
103	77	-1
103	78	L
103	79	Lp
103	80	L
103	81	Lp
103	82	L
103	83	-1
103	84	L
103	85	L
103	86	-1
103	87	L
103	88	L
103	89	Lp
103	90	Lp
103	91	Lp
103	92	Lp
103	93	Lp
103	94	U
103	95	Lp
103	96	-1
103	97	Lp
103	98	Lp
103	99	L
103	100	Lp
103	101	Lp
103	102	Lp
103	103	L
103	104	Lp
103	105	Lp
103	106	Lp
103	107	-1
103	108	L
103	109	Lp
103	110	-1
103	111	L
103	112	-1
103	113	L
103	114	L
103	115	Lp
103	116	Lp
103	117	-1
103	118	Lp
103	119	Lp
104	0	-1
104	1	Lp
104	2	Lp
104	3	Lp
104	4	-1
104	5	L
104	6	-1
104	7	-1
104	8	U
104	9	Lp
104	10	L
104	11	L
104	12	L
104	13	L
104	14	-1
104	15	Lp
104	16	L
104	17	L
104	18	Lp
104	19	Lp
104	20	Lp
104	21	Lp
104	22	Lp
104	23	Lp
104	24	Lp
104	25	Lp
104	26	Lp
104	27	-1
104	28	Lp
104	29	Lp
104	30	Lp
104	31	Lp
104	32	-1
104	33	L
104	34	Lp
104	35	Lp
104	36	Lp
104	37	-1
104	38	L
104	39	L
104	40	-1
104	41	L
104	42	-1
104	43	-1
104	44	-1
104	45	L
104	46	L
104	47	Lp
104	48	Lp
104	49	Lp
104	50	-1
104	51	Lp
104	52	Lp
104	53	Lp
104	54	-1
104	55	Lp
104	56	Lp
104	57	Lp
104	58	-1
104	59	-1
104	60	U
104	61	Lp
104	62	Lp
104	63	Lp
104	64	Lp
104	65	U
104	66	U
104	67	Lp
104	68	Lp
104	69	Lp
104	70	Lp
104	71	Lp
104	72	-1
104	73	-1
104	74	L
104	75	L
104	76	-1
104	77	L
104	78	-1
104	79	Lp
104	80	Lp
104	81	Lp
104	82	-1
104	83	-1
104	84	L
104	85	L
104	86	L
104	87	L
104	88	Lp
104	89	Lp
104	90	Lp
104	91	-1
104	92	-1
104	93	Lp
104	94	Lp
104	95	Lp
104	96	L
104	97	Lp
104	98	U
104	99	Lp
104	100	L
104	101	Lp
104	102	Lp
104	103	L
104	104	Lp
104	105	Lp
104	106	Lp
104	107	Lp
104	108	L
104	109	L
104	110	-1
104	111	-1
104	112	-1
104	113	-1
104	114	L
104	115	-1
104	116	Lp
104	117	-1
104	118	Lp
104	119	Lp
105	0	L
105	1	-1
105	2	Lp
105	3	-1
105	4	Lp
105	5	L
105	6	L
105	7	-1
105	8	-1
105	9	L
105	10	-1
105	11	Lp
105	12	L
105	13	L
105	14	L
105	15	L
105	16	L
105	17	-1
105	18	Lp
105	19	Lp
105	20	Lp
105	21	-1
105	22	Lp
105	23	Lp
105	24	Lp
105	25	Lp
105	26	Lp
105	27	Lp
105	28	Lp
105	29	Lp
105	30	Lp
105	31	-1
105	32	Lp
105	33	Lp
105	34	-1
105	35	Lp
105	36	Lp
105	37	-1
105	38	-1
105	39	L
105	40	-1
105	41	-1
105	42	-1
105	43	Lp
105	44	-1
105	45	-1
105	46	L
105	47	L
105	48	L
105	49	Lp
105	50	Lp
105	51	Lp
105	52	Lp
105	53	Lp
105	54	Lp
105	55	-1
105	56	-1
105	57	-1
105	58	Lp
105	59	U
105	60	Lp
105	61	Lp
105	62	Lp
105	63	Lp
105	64	Lp
105	65	Lp
105	66	Lp
105	67	-1
105	68	Lp
105	69	Lp
105	70	-1
105	71	Lp
105	72	Lp
105	73	Lp
105	74	Lp
105	75	-1
105	76	L
105	77	L
105	78	L
105	79	L
105	80	Lp
105	81	Lp
105	82	L
105	83	Lp
105	84	Lp
105	85	L
105	86	L
105	87	L
105	88	Lp
105	89	-1
105	90	L
105	91	L
105	92	Lp
105	93	Lp
105	94	Lp
105	95	-1
105	96	Lp
105	97	Lp
105	98	-1
105	99	Lp
105	100	Lp
105	101	Lp
105	102	Lp
105	103	Lp
105	104	-1
105	105	-1
105	106	Lp
105	107	Lp
105	108	Lp
105	109	L
105	110	L
105	111	L
105	112	-1
105	113	L
105	114	L
105	115	Lp
105	116	Lp
105	117	Lp
105	118	L
105	119	Lp
106	0	L
106	1	Lp
106	2	-1
106	3	Lp
106	4	Lp
106	5	L
106	6	L
106	7	L
106	8	L
106	9	Lp
106	10	L
106	11	Lp
106	12	L
106	13	-1
106	14	L
106	15	-1
106	16	L
106	17	Lp
106	18	Lp
106	19	L
106	20	L
106	21	Lp
106	22	Lp
106	23	-1
106	24	Lp
106	25	Lp
106	26	Lp
106	27	Lp
106	28	Lp
106	29	Lp
106	30	-1
106	31	Lp
106	32	Lp
106	33	-1
106	34	-1
106	35	Lp
106	36	Lp
106	37	-1
106	38	Lp
106	39	L
106	40	-1
106	41	-1
106	42	L
106	43	L
106	44	L
106	45	L
106	46	-1
106	47	L
106	48	Lp
106	49	Lp
106	50	Lp
106	51	Lp
106	52	Lp
106	53	Lp
106	54	Lp
106	55	Lp
106	56	Lp
106	57	Lp
106	58	Lp
106	59	-1
106	60	Lp
106	61	Lp
106	62	-1
106	63	-1
106	64	Lp
106	65	Lp
106	66	Lp
106	67	Lp
106	68	Lp
106	69	Lp
106	70	Lp
106	71	Lp
106	72	Lp
106	73	Lp
106	74	Lp
106	75	-1
106	76	L
106	77	Lp
106	78	L
106	79	L
106	80	L
106	81	L
106	82	L
106	83	Lp
106	84	Lp
106	85	L
106	86	L
106	87	Lp
106	88	-1
106	89	L
106	90	L
106	91	Lp
106	92	Lp
106	93	Lp
106	94	Lp
106	95	-1
106	96	Lp
106	97	Lp
106	98	Lp
106	99	Lp
106	100	-1
106	101	-1
106	102	-1
106	103	Lp
106	104	Lp
106	105	Lp
106	106	L
106	107	Lp
106	108	L
106	109	-1
106	110	L
106	111	U
106	112	L
106	113	L
106	114	Lp
106	115	Lp
106	116	Lp
106	117	-1
106	118	-1
106	119	L
107	0	Lp
107	1	Lp
107	2	Lp
107	3	Lp
107	4	Lp
107	5	L
107	6	L
107	7	L
107	8	L
107	9	L
107	10	-1
107	11	-1
107	12	Lp
107	13	L
107	14	L
107	15	L
107	16	Lp
107	17	L
107	18	-1
107	19	L
107	20	L
107	21	-1
107	22	L
107	23	L
107	24	Lp
107	25	Lp
107	26	-1
107	27	L
107	28	-1
107	29	Lp
107	30	-1
107	31	Lp
107	32	-1
107	33	-1
107	34	L
107	35	L
107	36	Lp
107	37	Lp
107	38	Lp
107	39	Lp
107	40	L
107	41	L
107	42	Lp
107	43	Lp
107	44	Lp
107	45	Lp
107	46	-1
107	47	L
107	48	Lp
107	49	-1
107	50	Lp
107	51	Lp
107	52	Lp
107	53	-1
107	54	Lp
107	55	Lp
107	56	Lp
107	57	Lp
107	58	-1
107	59	U
107	60	Lp
107	61	Lp
107	62	-1
107	63	Lp
107	64	Lp
107	65	Lp
107	66	Lp
107	67	-1
107	68	Lp
107	69	-1
107	70	Lp
107	71	Lp
107	72	-1
107	73	-1
107	74	Lp
107	75	L
107	76	Lp
107	77	-1
107	78	Lp
107	79	L
107	80	L
107	81	L
107	82	L
107	83	Lp
107	84	-1
107	85	L
107	86	L
107	87	L
107	88	-1
107	89	Lp
107	90	-1
107	91	-1
107	92	Lp
107	93	-1
107	94	L
107	95	L
107	96	Lp
107	97	-1
107	98	Lp
107	99	Lp
107	100	Lp
107	101	-1
107	102	-1
107	103	-1
107	104	L
107	105	Lp
107	106	Lp
107	107	-1
107	108	Lp
107	109	L
107	110	L
107	111	L
107	112	-1
107	113	L
107	114	L
107	115	Lp
107	116	Lp
107	117	L
107	118	L
107	119	-1
108	0	Lp
108	1	Lp
108	2	Lp
108	3	Lp
108	4	L
108	5	-1
108	6	L
108	7	L
108	8	L
108	9	U
108	10	L
108	11	-1
108	12	-1
108	13	Lp
108	14	Lp
108	15	L
108	16	Lp
108	17	L
108	18	L
108	19	Lp
108	20	Lp
108	21	L
108	22	L
108	23	Lp
108	24	Lp
108	25	Lp
108	26	-1
108	27	Lp
108	28	L
108	29	Lp
108	30	Lp
108	31	Lp
108	32	Lp
108	33	L
108	34	L
108	35	L
108	36	L
108	37	Lp
108	38	-1
108	39	-1
108	40	L
108	41	L
108	42	Lp
108	43	Lp
108	44	Lp
108	45	Lp
108	46	-1
108	47	Lp
108	48	-1
108	49	Lp
108	50	Lp
108	51	-1
108	52	-1
108	53	Lp
108	54	Lp
108	55	Lp
108	56	Lp
108	57	Lp
108	58	Lp
108	59	Lp
108	60	Lp
108	61	Lp
108	62	Lp
108	63	Lp
108	64	Lp
108	65	Lp
108	66	Lp
108	67	Lp
108	68	-1
108	69	Lp
108	70	Lp
108	71	Lp
108	72	Lp
108	73	Lp
108	74	Lp
108	75	Lp
108	76	Lp
108	77	Lp
108	78	-1
108	79	-1
108	80	L
108	81	-1
108	82	L
108	83	-1
108	84	L
108	85	L
108	86	L
108	87	L
108	88	L
108	89	Lp
108	90	-1
108	91	U
108	92	Lp
108	93	Lp
108	94	U
108	95	U
108	96	U
108	97	L
108	98	L
108	99	L
108	100	L
108	101	-1
108	102	Lp
108	103	Lp
108	104	L
108	105	Lp
108	106	Lp
108	107	-1
108	108	U
108	109	-1
108	110	U
108	111	-1
108	112	-1
108	113	-1
108	114	Lp
108	115	L
108	116	-1
108	117	L
108	118	L
108	119	-1
109	0	Lp
109	1	Lp
109	2	Lp
109	3	Lp
109	4	L
109	5	L
109	6	L
109	7	L
109	8	L
109	9	L
109	10	L
109	11	L
109	12	L
109	13	Lp
109	14	L
109	15	Lp
109	16	L
109	17	L
109	18	Lp
109	19	Lp
109	20	Lp
109	21	Lp
109	22	Lp
109	23	L
109	24	Lp
109	25	-1
109	26	Lp
109	27	Lp
109	28	Lp
109	29	Lp
109	30	-1
109	31	Lp
109	32	Lp
109	33	Lp
109	34	L
109	35	L
109	36	Lp
109	37	L
109	38	-1
109	39	-1
109	40	-1
109	41	-1
109	42	-1
109	43	L
109	44	Lp
109	45	-1
109	46	Lp
109	47	L
109	48	L
109	49	-1
109	50	Lp
109	51	-1
109	52	Lp
109	53	Lp
109	54	Lp
109	55	Lp
109	56	Lp
109	57	Lp
109	58	Lp
109	59	Lp
109	60	Lp
109	61	Lp
109	62	Lp
109	63	Lp
109	64	Lp
109	65	Lp
109	66	Lp
109	67	Lp
109	68	Lp
109	69	Lp
109	70	Lp
109	71	Lp
109	72	Lp
109	73	L
109	74	Lp
109	75	Lp
109	76	Lp
109	77	Lp
109	78	Lp
109	79	-1
109	80	L
109	81	-1
109	82	L
109	83	L
109	84	L
109	85	L
109	86	L
109	87	L
109	88	L
109	89	L
109	90	Lp
109	91	U
109	92	-1
109	93	Lp
109	94	U
109	95	Lp
109	96	-1
109	97	Lp
109	98	L
109	99	L
109	100	L
109	101	Lp
109	102	Lp
109	103	Lp
109	104	L
109	105	L
109	106	L
109	107	U
109	108	L
109	109	U
109	110	L
109	111	U
109	112	Lp
109	113	U
109	114	Lp
109	115	Lp
109	116	L
109	117	L
109	118	Lp
109	119	L
110	0	L
110	1	Lp
110	2	Lp
110	3	L
110	4	Lp
110	5	Lp
110	6	Lp
110	7	L
110	8	L
110	9	-1
110	10	L
110	11	-1
110	12	L
110	13	Lp
110	14	Lp
110	15	-1
110	16	L
110	17	L
110	18	L
110	19	-1
110	20	Lp
110	21	-1
110	22	Lp
110	23	Lp
110	24	Lp
110	25	Lp
110	26	Lp
110	27	Lp
110	28	Lp
110	29	U
110	30	Lp
110	31	Lp
110	32	-1
110	33	Lp
110	34	Lp
110	35	Lp
110	36	-1
110	37	L
110	38	L
110	39	-1
110	40	Lp
110	41	Lp
110	42	Lp
110	43	-1
110	44	Lp
110	45	Lp
110	46	-1
110	47	-1
110	48	L
110	49	L
110	50	Lp
110	51	-1
110	52	Lp
110	53	Lp
110	54	Lp
110	55	Lp
110	56	-1
110	57	Lp
110	58	Lp
110	59	-1
110	60	Lp
110	61	-1
110	62	Lp
110	63	Lp
110	64	Lp
110	65	Lp
110	66	-1
110	67	-1
110	68	Lp
110	69	Lp
110	70	Lp
110	71	L
110	72	L
110	73	L
110	74	L
110	75	L
110	76	L
110	77	L
110	78	L
110	79	L
110	80	L
110	81	L
110	82	Lp
110	83	Lp
110	84	L
110	85	-1
110	86	L
110	87	-1
110	88	L
110	89	-1
110	90	U
110	91	Lp
110	92	Lp
110	93	Lp
110	94	Lp
110	95	Lp
110	96	L
110	97	L
110	98	Lp
110	99	L
110	100	-1
110	101	-1
110	102	Lp
110	103	-1
110	104	L
110	105	L
110	106	L
110	107	L
110	108	U
110	109	L
110	110	U
110	111	-1
110	112	U
110	113	U
110	114	U
110	115	L
110	116	Lp
110	117	L
110	118	L
110	119	Lp
111	0	Lp
111	1	L
111	2	L
111	3	L
111	4	Lp
111	5	-1
111	6	-1
111	7	-1
111	8	L
111	9	-1
111	10	L
111	11	-1
111	12	Lp
111	13	Lp
111	14	Lp
111	15	Lp
111	16	U
111	17	Lp
111	18	-1
111	19	U
111	20	-1
111	21	Lp
111	22	Lp
111	23	Lp
111	24	Lp
111	25	Lp
111	26	Lp
111	27	Lp
111	28	Lp
111	29	-1
111	30	Lp
111	31	-1
111	32	Lp
111	33	Lp
111	34	Lp
111	35	-1
111	36	-1
111	37	L
111	38	-1
111	39	Lp
111	40	Lp
111	41	Lp
111	42	Lp
111	43	Lp
111	44	Lp
111	45	Lp
111	46	Lp
111	47	Lp
111	48	Lp
111	49	Lp
111	50	Lp
111	51	Lp
111	52	Lp
111	53	Lp
111	54	-1
111	55	Lp
111	56	Lp
111	57	Lp
111	58	-1
111	59	Lp
111	60	Lp
111	61	Lp
111	62	Lp
111	63	-1
111	64	Lp
111	65	Lp
111	66	Lp
111	67	Lp
111	68	Lp
111	69	Lp
111	70	L
111	71	L
111	72	L
111	73	L
111	74	Lp
111	75	-1
111	76	L
111	77	L
111	78	L
111	79	L
111	80	-1
111	81	L
111	82	-1
111	83	-1
111	84	Lp
111	85	-1
111	86	L
111	87	L
111	88	L
111	89	L
111	90	-1
111	91	Lp
111	92	Lp
111	93	-1
111	94	Lp
111	95	-1
111	96	Lp
111	97	Lp
111	98	L
111	99	L
111	100	Lp
111	101	U
111	102	Lp
111	103	L
111	104	L
111	105	L
111	106	L
111	107	L
111	108	-1
111	109	L
111	110	U
111	111	L
111	112	L
111	113	U
111	114	Lp
111	115	U
111	116	L
111	117	L
111	118	-1
111	119	L
112	0	L
112	1	-1
112	2	L
112	3	L
112	4	L
112	5	-1
112	6	L
112	7	L
112	8	Lp
112	9	Lp
112	10	Lp
112	11	Lp
112	12	Lp
112	13	Lp
112	14	Lp
112	15	Lp
112	16	Lp
112	17	Lp
112	18	U
112	19	U
112	20	U
112	21	Lp
112	22	-1
112	23	Lp
112	24	Lp
112	25	Lp
112	26	Lp
112	27	L
112	28	L
112	29	Lp
112	30	-1
112	31	Lp
112	32	Lp
112	33	Lp
112	34	-1
112	35	Lp
112	36	Lp
112	37	-1
112	38	Lp
112	39	Lp
112	40	Lp
112	41	L
112	42	L
112	43	Lp
112	44	Lp
112	45	Lp
112	46	Lp
112	47	Lp
112	48	Lp
112	49	Lp
112	50	Lp
112	51	Lp
112	52	Lp
112	53	-1
112	54	Lp
112	55	Lp
112	56	Lp
112	57	-1
112	58	Lp
112	59	Lp
112	60	-1
112	61	-1
112	62	-1
112	63	Lp
112	64	-1
112	65	Lp
112	66	Lp
112	67	L
112	68	L
112	69	-1
112	70	Lp
112	71	L
112	72	-1
112	73	-1
112	74	L
112	75	L
112	76	-1
112	77	Lp
112	78	Lp
112	79	L
112	80	L
112	81	L
112	82	-1
112	83	-1
112	84	-1
112	85	L
112	86	L
112	87	L
112	88	-1
112	89	Lp
112	90	Lp
112	91	Lp
112	92	Lp
112	93	Lp
112	94	-1
112	95	Lp
112	96	L
112	97	-1
112	98	L
112	99	-1
112	100	L
112	101	-1
112	102	L
112	103	L
112	104	Lp
112	105	-1
112	106	Lp
112	107	-1
112	108	-1
112	109	L
112	110	-1
112	111	-1
112	112	L
112	113	U
112	114	U
112	115	-1
112	116	L
112	117	-1
112	118	L
112	119	Lp
113	0	L
113	1	-1
113	2	-1
113	3	L
113	4	Lp
113	5	-1
113	6	L
113	7	Lp
113	8	L
113	9	Lp
113	10	Lp
113	11	Lp
113	12	Lp
113	13	Lp
113	14	Lp
113	15	Lp
113	16	Lp
113	17	-1
113	18	Lp
113	19	Lp
113	20	U
113	21	U
113	22	Lp
113	23	-1
113	24	L
113	25	Lp
113	26	Lp
113	27	-1
113	28	Lp
113	29	Lp
113	30	Lp
113	31	Lp
113	32	Lp
113	33	Lp
113	34	Lp
113	35	-1
113	36	Lp
113	37	Lp
113	38	Lp
113	39	Lp
113	40	Lp
113	41	Lp
113	42	L
113	43	Lp
113	44	Lp
113	45	Lp
113	46	Lp
113	47	Lp
113	48	Lp
113	49	Lp
113	50	Lp
113	51	Lp
113	52	Lp
113	53	Lp
113	54	Lp
113	55	Lp
113	56	Lp
113	57	-1
113	58	Lp
113	59	-1
113	60	Lp
113	61	Lp
113	62	Lp
113	63	-1
113	64	Lp
113	65	Lp
113	66	-1
113	67	-1
113	68	Lp
113	69	-1
113	70	L
113	71	Lp
113	72	L
113	73	L
113	74	L
113	75	L
113	76	L
113	77	L
113	78	L
113	79	L
113	80	L
113	81	L
113	82	-1
113	83	Lp
113	84	-1
113	85	L
113	86	L
113	87	Lp
113	88	Lp
113	89	-1
113	90	Lp
113	91	-1
113	92	-1
113	93	Lp
113	94	Lp
113	95	Lp
113	96	Lp
113	97	L
113	98	Lp
113	99	L
113	100	L
113	101	L
113	102	-1
113	103	-1
113	104	Lp
113	105	Lp
113	106	-1
113	107	L
113	108	-1
113	109	L
113	110	L
113	111	Lp
113	112	-1
113	113	L
113	114	U
113	115	L
113	116	Lp
113	117	Lp
113	118	Lp
113	119	-1
114	0	Lp
114	1	-1
114	2	-1
114	3	L
114	4	-1
114	5	L
114	6	-1
114	7	-1
114	8	Lp
114	9	Lp
114	10	-1
114	11	Lp
114	12	Lp
114	13	Lp
114	14	Lp
114	15	Lp
114	16	Lp
114	17	Lp
114	18	Lp
114	19	-1
114	20	Lp
114	21	Lp
114	22	Lp
114	23	U
114	24	L
114	25	L
114	26	U
114	27	Lp
114	28	Lp
114	29	Lp
114	30	-1
114	31	-1
114	32	Lp
114	33	Lp
114	34	Lp
114	35	Lp
114	36	-1
114	37	Lp
114	38	Lp
114	39	Lp
114	40	Lp
114	41	Lp
114	42	Lp
114	43	L
114	44	Lp
114	45	Lp
114	46	-1
114	47	Lp
114	48	Lp
114	49	Lp
114	50	Lp
114	51	-1
114	52	Lp
114	53	-1
114	54	Lp
114	55	Lp
114	56	-1
114	57	Lp
114	58	Lp
114	59	Lp
114	60	Lp
114	61	Lp
114	62	Lp
114	63	Lp
114	64	Lp
114	65	Lp
114	66	Lp
114	67	Lp
114	68	Lp
114	69	L
114	70	Lp
114	71	-1
114	72	Lp
114	73	L
114	74	L
114	75	L
114	76	L
114	77	L
114	78	Lp
114	79	-1
114	80	L
114	81	L
114	82	L
114	83	-1
114	84	L
114	85	-1
114	86	Lp
114	87	Lp
114	88	Lp
114	89	Lp
114	90	Lp
114	91	Lp
114	92	-1
114	93	Lp
114	94	-1
114	95	Lp
114	96	Lp
114	97	Lp
114	98	L
114	99	L
114	100	-1
114	101	L
114	102	L
114	103	L
114	104	Lp
114	105	-1
114	106	Lp
114	107	Lp
114	108	L
114	109	L
114	110	L
114	111	-1
114	112	L
114	113	L
114	114	L
114	115	L
114	116	-1
114	117	L
114	118	Lp
114	119	L
115	0	L
115	1	-1
115	2	-1
115	3	-1
115	4	L
115	5	L
115	6	L
115	7	-1
115	8	Lp
115	9	Lp
115	10	Lp
115	11	Lp
115	12	-1
115	13	Lp
115	14	-1
115	15	-1
115	16	Lp
115	17	-1
115	18	Lp
115	19	-1
115	20	Lp
115	21	U
115	22	U
115	23	Lp
115	24	L
115	25	U
115	26	Lp
115	27	-1
115	28	Lp
115	29	-1
115	30	Lp
115	31	Lp
115	32	Lp
115	33	-1
115	34	-1
115	35	Lp
115	36	Lp
115	37	Lp
115	38	Lp
115	39	Lp
115	40	Lp
115	41	Lp
115	42	Lp
115	43	-1
115	44	Lp
115	45	Lp
115	46	Lp
115	47	Lp
115	48	Lp
115	49	-1
115	50	Lp
115	51	Lp
115	52	-1
115	53	Lp
115	54	-1
115	55	-1
115	56	-1
115	57	Lp
115	58	Lp
115	59	-1
115	60	Lp
115	61	Lp
115	62	Lp
115	63	Lp
115	64	Lp
115	65	Lp
115	66	Lp
115	67	Lp
115	68	Lp
115	69	-1
115	70	Lp
115	71	-1
115	72	L
115	73	Lp
115	74	L
115	75	L
115	76	L
115	77	-1
115	78	Lp
115	79	L
115	80	L
115	81	L
115	82	L
115	83	Lp
115	84	Lp
115	85	L
115	86	-1
115	87	-1
115	88	L
115	89	Lp
115	90	L
115	91	Lp
115	92	Lp
115	93	-1
115	94	L
115	95	Lp
115	96	-1
115	97	Lp
115	98	L
115	99	-1
115	100	L
115	101	L
115	102	L
115	103	L
115	104	-1
115	105	Lp
115	106	-1
115	107	L
115	108	-1
115	109	L
115	110	-1
115	111	L
115	112	L
115	113	-1
115	114	L
115	115	L
115	116	L
115	117	Lp
115	118	Lp
115	119	-1
116	0	L
116	1	L
116	2	Lp
116	3	Lp
116	4	L
116	5	L
116	6	L
116	7	Lp
116	8	Lp
116	9	Lp
116	10	Lp
116	11	Lp
116	12	Lp
116	13	Lp
116	14	Lp
116	15	Lp
116	16	Lp
116	17	Lp
116	18	Lp
116	19	Lp
116	20	-1
116	21	Lp
116	22	U
116	23	-1
116	24	Lp
116	25	U
116	26	Lp
116	27	Lp
116	28	-1
116	29	Lp
116	30	Lp
116	31	Lp
116	32	Lp
116	33	Lp
116	34	-1
116	35	Lp
116	36	Lp
116	37	Lp
116	38	Lp
116	39	Lp
116	40	Lp
116	41	Lp
116	42	U
116	43	Lp
116	44	Lp
116	45	Lp
116	46	Lp
116	47	-1
116	48	Lp
116	49	Lp
116	50	Lp
116	51	Lp
116	52	Lp
116	53	Lp
116	54	Lp
116	55	Lp
116	56	Lp
116	57	Lp
116	58	Lp
116	59	Lp
116	60	Lp
116	61	Lp
116	62	-1
116	63	Lp
116	64	Lp
116	65	Lp
116	66	-1
116	67	-1
116	68	Lp
116	69	Lp
116	70	Lp
116	71	Lp
116	72	L
116	73	Lp
116	74	L
116	75	L
116	76	-1
116	77	L
116	78	L
116	79	-1
116	80	-1
116	81	-1
116	82	Lp
116	83	-1
116	84	U
116	85	L
116	86	-1
116	87	-1
116	88	L
116	89	L
116	90	Lp
116	91	-1
116	92	Lp
116	93	L
116	94	-1
116	95	Lp
116	96	Lp
116	97	L
116	98	-1
116	99	L
116	100	L
116	101	Lp
116	102	Lp
116	103	L
116	104	-1
116	105	L
116	106	U
116	107	L
116	108	L
116	109	L
116	110	-1
116	111	-1
116	112	L
116	113	L
116	114	L
116	115	L
116	116	-1
116	117	-1
116	118	L
116	119	L
117	0	Lp
117	1	-1
117	2	Lp
117	3	Lp
117	4	-1
117	5	L
117	6	Lp
117	7	Lp
117	8	-1
117	9	Lp
117	10	Lp
117	11	Lp
117	12	Lp
117	13	Lp
117	14	Lp
117	15	Lp
117	16	Lp
117	17	-1
117	18	Lp
117	19	-1
117	20	Lp
117	21	Lp
117	22	Lp
117	23	Lp
117	24	U
117	25	Lp
117	26	Lp
117	27	Lp
117	28	Lp
117	29	Lp
117	30	Lp
117	31	Lp
117	32	Lp
117	33	Lp
117	34	Lp
117	35	Lp
117	36	Lp
117	37	Lp
117	38	Lp
117	39	Lp
117	40	Lp
117	41	U
117	42	Lp
117	43	L
117	44	-1
117	45	-1
117	46	-1
117	47	Lp
117	48	Lp
117	49	-1
117	50	Lp
117	51	Lp
117	52	-1
117	53	Lp
117	54	U
117	55	Lp
117	56	Lp
117	57	Lp
117	58	Lp
117	59	Lp
117	60	Lp
117	61	Lp
117	62	Lp
117	63	-1
117	64	Lp
117	65	Lp
117	66	Lp
117	67	Lp
117	68	-1
117	69	Lp
117	70	Lp
117	71	Lp
117	72	Lp
117	73	L
117	74	L
117	75	L
117	76	L
117	77	L
117	78	L
117	79	-1
117	80	Lp
117	81	Lp
117	82	Lp
117	83	Lp
117	84	-1
117	85	L
117	86	L
117	87	-1
117	88	L
117	89	L
117	90	-1
117	91	-1
117	92	Lp
117	93	Lp
117	94	Lp
117	95	Lp
117	96	L
117	97	L
117	98	-1
117	99	L
117	100	-1
117	101	L
117	102	L
117	103	L
117	104	L
117	105	-1
117	106	U
117	107	U
117	108	U
117	109	L
117	110	L
117	111	L
117	112	L
117	113	L
117	114	-1
117	115	U
117	116	U
117	117	L
117	118	-1
117	119	L
118	0	Lp
118	1	Lp
118	2	-1
118	3	Lp
118	4	L
118	5	L
118	6	Lp
118	7	Lp
118	8	Lp
118	9	Lp
118	10	Lp
118	11	Lp
118	12	Lp
118	13	Lp
118	14	Lp
118	15	Lp
118	16	Lp
118	17	-1
118	18	-1
118	19	Lp
118	20	Lp
118	21	Lp
118	22	Lp
118	23	Lp
118	24	Lp
118	25	Lp
118	26	Lp
118	27	Lp
118	28	Lp
118	29	Lp
118	30	Lp
118	31	Lp
118	32	Lp
118	33	-1
118	34	Lp
118	35	-1
118	36	Lp
118	37	Lp
118	38	Lp
118	39	Lp
118	40	Lp
118	41	U
118	42	U
118	43	L
118	44	Lp
118	45	L
118	46	-1
118	47	Lp
118	48	-1
118	49	Lp
118	50	U
118	51	-1
118	52	Lp
118	53	-1
118	54	Lp
118	55	Lp
118	56	Lp
118	57	Lp
118	58	Lp
118	59	-1
118	60	Lp
118	61	Lp
118	62	Lp
118	63	-1
118	64	Lp
118	65	-1
118	66	Lp
118	67	Lp
118	68	Lp
118	69	-1
118	70	Lp
118	71	-1
118	72	Lp
118	73	Lp
118	74	L
118	75	L
118	76	L
118	77	-1
118	78	L
118	79	Lp
118	80	Lp
118	81	L
118	82	Lp
118	83	-1
118	84	-1
118	85	Lp
118	86	Lp
118	87	Lp
118	88	-1
118	89	-1
118	90	L
118	91	Lp
118	92	L
118	93	Lp
118	94	-1
118	95	-1
118	96	L
118	97	-1
118	98	Lp
118	99	-1
118	100	L
118	101	L
118	102	Lp
118	103	L
118	104	Lp
118	105	L
118	106	L
118	107	U
118	108	L
118	109	Lp
118	110	L
118	111	Lp
118	112	L
118	113	L
118	114	L
118	115	-1
118	116	L
118	117	-1
118	118	-1
118	119	-1
119	0	Lp
119	1	Lp
119	2	Lp
119	3	Lp
119	4	Lp
119	5	Lp
119	6	Lp
119	7	-1
119	8	-1
119	9	-1
119	10	Lp
119	11	Lp
119	12	Lp
119	13	Lp
119	14	Lp
119	15	-1
119	16	-1
119	17	Lp
119	18	-1
119	19	-1
119	20	Lp
119	21	Lp
119	22	Lp
119	23	Lp
119	24	Lp
119	25	Lp
119	26	Lp
119	27	Lp
119	28	Lp
119	29	Lp
119	30	Lp
119	31	Lp
119	32	Lp
119	33	Lp
119	34	Lp
119	35	Lp
119	36	-1
119	37	Lp
119	38	Lp
119	39	Lp
119	40	-1
119	41	L
119	42	L
119	43	Lp
119	44	Lp
119	45	Lp
119	46	L
119	47	L
119	48	-1
119	49	-1
119	50	U
119	51	Lp
119	52	Lp
119	53	Lp
119	54	Lp
119	55	-1
119	56	Lp
119	57	Lp
119	58	Lp
119	59	Lp
119	60	Lp
119	61	-1
119	62	U
119	63	Lp
119	64	-1
119	65	Lp
119	66	Lp
119	67	Lp
119	68	Lp
119	69	Lp
119	70	Lp
119	71	Lp
119	72	Lp
119	73	Lp
119	74	Lp
119	75	L
119	76	-1
119	77	L
119	78	L
119	79	L
119	80	L
119	81	-1
119	82	-1
119	83	Lp
119	84	Lp
119	85	Lp
119	86	Lp
119	87	Lp
119	88	Lp
119	89	L
119	90	L
119	91	L
119	92	L
119	93	L
119	94	L
119	95	L
119	96	-1
119	97	L
119	98	-1
119	99	-1
119	100	-1
119	101	L
119	102	Lp
119	103	Lp
119	104	-1
119	105	Lp
119	106	L
119	107	L
119	108	-1
119	109	Lp
119	110	Lp
119	111	Lp
119	112	L
119	113	Lp
119	114	L
119	115	U
119	116	U
119	117	L
119	118	-1
119	119	Lp
