0	0	Lp
0	1	Lp
0	2	-1
0	3	Uc
0	4	-1
0	5	Lc
0	6	-1
0	7	-1
0	8	Lc
0	9	Lc
0	10	Lc
0	11	Lc
0	12	Lc
0	13	Lc
0	14	L
0	15	-1
0	16	Lc
0	17	L
0	18	L
0	19	L
0	20	-1
0	21	Uc
0	22	-1
0	23	Lc
0	24	Lc
0	25	Lc
0	26	-1
0	27	L
0	28	-1
0	29	Lc
0	30	-1
0	31	-1
0	32	-1
0	33	Lc
0	34	Lc
0	35	-1
0	36	Lc
0	37	Lc
0	38	Lc
0	39	Lc
0	40	Lc
0	41	-1
0	42	Lc
0	43	Lc
0	44	Lc
0	45	-1
0	46	Lc
0	47	L
0	48	L
0	49	Lc
0	50	Lc
0	51	Lc
0	52	-1
0	53	-1
0	54	-1
0	55	Lc
0	56	L
0	57	L
0	58	L
0	59	L
0	60	Lc
0	61	Lc
0	62	Lc
0	63	L
0	64	-1
0	65	L
0	66	Uc
0	67	Lc
0	68	Lc
0	69	Uc
0	70	Lc
0	71	Lc
0	72	Lc
0	73	-1
0	74	Lc
0	75	-1
0	76	Lc
0	77	-1
0	78	Lc
0	79	Lc
0	80	Lc
0	81	Lc
0	82	-1
0	83	L
0	84	Lc
0	85	-1
0	86	L
0	87	-1
0	88	Lc
0	89	Lc
0	90	Lc
0	91	Lc
0	92	Lc
0	93	Lc
0	94	L
0	95	L
0	96	Lc
0	97	Lc
0	98	Lc
0	99	Uc
0	100	-1
0	101	-1
0	102	-1
0	103	Lc
0	104	Lc
0	105	Lc
0	106	-1
0	107	L
0	108	Lc
0	109	Lc
0	110	Lc
0	111	L
0	112	L
0	113	Lp
0	114	L
0	115	-1
0	116	-1
0	117	L
0	118	L
0	119	-1
1	0	Lp
1	1	Lp
1	2	-1
1	3	Lp
1	4	Uc
1	5	Lp
1	6	-1
1	7	Lc
1	8	Lc
1	9	Lc
1	10	L
1	11	Lc
1	12	Lc
1	13	-1
1	14	L
1	15	Lc
1	16	Lc
1	17	-1
1	18	Lc
1	19	Lc
1	20	-1
1	21	Lc
1	22	Lc
1	23	Lc
1	24	Lc
1	25	-1
1	26	-1
1	27	L
1	28	L
1	29	Lc
1	30	Lc
1	31	Lc
1	32	-1
1	33	-1
1	34	Lc
1	35	Lc
1	36	Lc
1	37	-1
1	38	Lc
1	39	Lc
1	40	-1
1	41	Lc
1	42	Lc
1	43	Lc
1	44	Lc
1	45	Lc
1	46	-1
1	47	L
1	48	L
1	49	-1
1	50	-1
1	51	Lc
1	52	Lc
1	53	Lc
1	54	L
1	55	-1
1	56	-1
1	57	-1
1	58	Lc
1	59	Lc
1	60	Lc
1	61	Lc
1	62	L
1	63	Lc
1	64	L
1	65	Lc
1	66	L
1	67	Lc
1	68	Lc
1	69	Lc
1	70	Lc
1	71	Lc
1	72	-1
1	73	Lc
1	74	Lc
1	75	Lc
1	76	L
1	77	Lc
1	78	Lc
1	79	Lc
1	80	Lc
1	81	Lc
1	82	Lc
1	83	Lc
1	84	Lc
1	85	Lc
1	86	L
1	87	Lc
1	88	-1
1	89	-1
1	90	Lc
1	91	Lc
1	92	Lc
1	93	L
1	94	U
1	95	L
1	96	L
1	97	Lc
1	98	Lc
1	99	L
1	100	Lc
1	101	Lc
1	102	Lc
1	103	Lc
1	104	Lc
1	105	Lc
1	106	Lc
1	107	Lc
1	108	Lc
1	109	-1
1	110	L
1	111	L
1	112	L
1	113	Lp
1	114	Lp
1	115	Lp
1	116	-1
1	117	Lp
1	118	-1
1	119	Lp
2	0	Lp
2	1	Lp
2	2	Lp
2	3	Lp
2	4	Lp
2	5	Lp
2	6	Uc
2	7	Lc
2	8	L
2	9	L
2	10	L
2	11	L
2	12	Lc
2	13	L
2	14	Lc
2	15	Lc
2	16	Lc
2	17	Lc
2	18	Lc
2	19	Lc
2	20	Uc
2	21	Uc
2	22	Lc
2	23	Lc
2	24	Lc
2	25	Lc
2	26	Lc
2	27	Lc
2	28	U
2	29	U
2	30	U
2	31	Lc
2	32	Lc
2	33	Lc
2	34	Lc
2	35	Lc
2	36	-1
2	37	Lc
2	38	Lc
2	39	Lc
2	40	-1
2	41	Lc
2	42	Lc
2	43	Lc
2	44	Lc
2	45	Lc
2	46	L
2	47	L
2	48	L
2	49	Lc
2	50	Lc
2	51	Lc
2	52	Lc
2	53	L
2	54	Lc
2	55	Lc
2	56	-1
2	57	Lc
2	58	-1
2	59	Lc
2	60	-1
2	61	Lc
2	62	Lc
2	63	-1
2	64	Lc
2	65	Lc
2	66	Lc
2	67	-1
2	68	Lc
2	69	-1
2	70	-1
2	71	Lc
2	72	-1
2	73	Lc
2	74	Lc
2	75	Lc
2	76	-1
2	77	-1
2	78	-1
2	79	-1
2	80	-1
2	81	-1
2	82	Lc
2	83	Lc
2	84	Lc
2	85	-1
2	86	L
2	87	L
2	88	Lc
2	89	Lc
2	90	-1
2	91	Lc
2	92	Lc
2	93	L
2	94	L
2	95	L
2	96	L
2	97	Lc
2	98	L
2	99	Lc
2	100	-1
2	101	Lc
2	102	Lc
2	103	Lc
2	104	Uc
2	105	Lc
2	106	Lc
2	107	-1
2	108	L
2	109	L
2	110	L
2	111	L
2	112	Lp
2	113	L
2	114	Lp
2	115	Lp
2	116	Lp
2	117	Lp
2	118	Lp
2	119	Lp
3	0	Lp
3	1	Lp
3	2	Lp
3	3	-1
3	4	Lp
3	5	Lp
3	6	-1
3	7	-1
3	8	L
3	9	L
3	10	L
3	11	L
3	12	L
3	13	Lc
3	14	Lc
3	15	Lc
3	16	Lc
3	17	Lc
3	18	-1
3	19	Lc
3	20	Lc
3	21	Lc
3	22	Uc
3	23	Lc
3	24	Lc
3	25	-1
3	26	Lc
3	27	Lc
3	28	Lc
3	29	U
3	30	Lc
3	31	-1
3	32	Lc
3	33	Lc
3	34	-1
3	35	Lc
3	36	-1
3	37	Lc
3	38	Lc
3	39	Lc
3	40	Lc
3	41	-1
3	42	-1
3	43	Lc
3	44	Lc
3	45	Lc
3	46	Lc
3	47	L
3	48	U
3	49	U
3	50	Lc
3	51	Lc
3	52	L
3	53	L
3	54	Lc
3	55	-1
3	56	Lc
3	57	Lc
3	58	-1
3	59	-1
3	60	Lc
3	61	Lc
3	62	Lc
3	63	Lc
3	64	L
3	65	Lc
3	66	Lc
3	67	-1
3	68	Lc
3	69	Lc
3	70	-1
3	71	Lc
3	72	Lc
3	73	L
3	74	L
3	75	Lc
3	76	-1
3	77	Lc
3	78	-1
3	79	-1
3	80	Uc
3	81	Lc
3	82	-1
3	83	Lc
3	84	Lc
3	85	-1
3	86	Lc
3	87	Lc
3	88	Lc
3	89	Lc
3	90	Lc
3	91	Lc
3	92	L
3	93	L
3	94	L
3	95	L
3	96	-1
3	97	Lc
3	98	Lc
3	99	L
3	100	-1
3	101	-1
3	102	L
3	103	Lc
3	104	Lc
3	105	Lc
3	106	Lc
3	107	L
3	108	-1
3	109	L
3	110	L
3	111	L
3	112	-1
3	113	-1
3	114	-1
3	115	Lp
3	116	Lp
3	117	-1
3	118	Lp
3	119	-1
4	0	Lp
4	1	Lp
4	2	Lp
4	3	-1
4	4	Lp
4	5	Lp
4	6	-1
4	7	Lc
4	8	-1
4	9	L
4	10	L
4	11	-1
4	12	L
4	13	-1
4	14	-1
4	15	Lc
4	16	-1
4	17	Lc
4	18	Lc
4	19	Uc
4	20	-1
4	21	Lc
4	22	Lc
4	23	-1
4	24	Lc
4	25	Lc
4	26	Lc
4	27	-1
4	28	Lc
4	29	Lc
4	30	Lc
4	31	Lc
4	32	Lc
4	33	Lc
4	34	Lc
4	35	Lc
4	36	Lc
4	37	Lc
4	38	Lc
4	39	Lc
4	40	-1
4	41	Lc
4	42	-1
4	43	Lc
4	44	-1
4	45	Lc
4	46	-1
4	47	Lc
4	48	Lc
4	49	Lc
4	50	Lc
4	51	-1
4	52	Lc
4	53	Lc
4	54	Lc
4	55	L
4	56	Lc
4	57	L
4	58	-1
4	59	Lc
4	60	-1
4	61	Lc
4	62	Lc
4	63	Lc
4	64	L
4	65	-1
4	66	L
4	67	Lc
4	68	Lc
4	69	Lc
4	70	Lc
4	71	Lc
4	72	Lc
4	73	Lc
4	74	-1
4	75	L
4	76	Lc
4	77	Lc
4	78	Uc
4	79	Uc
4	80	Uc
4	81	Lc
4	82	Lc
4	83	-1
4	84	Lc
4	85	Lc
4	86	-1
4	87	Lc
4	88	Lc
4	89	Lc
4	90	Lc
4	91	-1
4	92	-1
4	93	-1
4	94	L
4	95	L
4	96	-1
4	97	Lc
4	98	Lc
4	99	-1
4	100	Lc
4	101	Lc
4	102	Lc
4	103	Lc
4	104	Lc
4	105	Lc
4	106	Lc
4	107	L
4	108	Lc
4	109	L
4	110	L
4	111	-1
4	112	-1
4	113	L
4	114	-1
4	115	Lp
4	116	Lp
4	117	Lp
4	118	Lp
4	119	L
5	0	L
5	1	Lp
5	2	-1
5	3	Lp
5	4	Lp
5	5	Lp
5	6	-1
5	7	Lc
5	8	L
5	9	L
5	10	-1
5	11	L
5	12	-1
5	13	L
5	14	L
5	15	-1
5	16	L
5	17	-1
5	18	Uc
5	19	Uc
5	20	-1
5	21	Lc
5	22	Lc
5	23	-1
5	24	Lc
5	25	Lc
5	26	Lc
5	27	Lc
5	28	Uc
5	29	Uc
5	30	Uc
5	31	Lc
5	32	Lc
5	33	-1
5	34	Lc
5	35	Lc
5	36	Lc
5	37	Lc
5	38	Lc
5	39	Lc
5	40	Lc
5	41	Lc
5	42	Lc
5	43	Lc
5	44	Lc
5	45	Lc
5	46	Lc
5	47	Lc
5	48	Lc
5	49	Lc
5	50	L
5	51	U
5	52	Lc
5	53	L
5	54	L
5	55	-1
5	56	L
5	57	L
5	58	L
5	59	Lc
5	60	Lc
5	61	Lc
5	62	L
5	63	L
5	64	Lc
5	65	L
5	66	L
5	67	L
5	68	Lc
5	69	-1
5	70	Lc
5	71	Lc
5	72	Lc
5	73	Lc
5	74	Lc
5	75	Lc
5	76	-1
5	77	Uc
5	78	Lc
5	79	Lc
5	80	-1
5	81	-1
5	82	Lc
5	83	Lc
5	84	Lc
5	85	Lc
5	86	-1
5	87	Lc
5	88	Uc
5	89	Uc
5	90	-1
5	91	L
5	92	L
5	93	-1
5	94	L
5	95	-1
5	96	Lc
5	97	Lc
5	98	Lc
5	99	L
5	100	-1
5	101	L
5	102	Lc
5	103	Lc
5	104	-1
5	105	-1
5	106	-1
5	107	L
5	108	L
5	109	-1
5	110	L
5	111	L
5	112	L
5	113	L
5	114	L
5	115	L
5	116	L
5	117	-1
5	118	L
5	119	Lp
6	0	L
6	1	Lp
6	2	Lp
6	3	Lp
6	4	Lp
6	5	Lp
6	6	Lp
6	7	Lp
6	8	L
6	9	L
6	10	Lp
6	11	L
6	12	L
6	13	L
6	14	Lc
6	15	L
6	16	-1
6	17	-1
6	18	-1
6	19	Lc
6	20	-1
6	21	Lc
6	22	Lc
6	23	Lc
6	24	Lc
6	25	Lc
6	26	Uc
6	27	Uc
6	28	Uc
6	29	Uc
6	30	Uc
6	31	-1
6	32	Lc
6	33	Lc
6	34	Lc
6	35	-1
6	36	Lc
6	37	-1
6	38	L
6	39	Lc
6	40	Lc
6	41	Lc
6	42	Lc
6	43	Lc
6	44	-1
6	45	Lc
6	46	Lc
6	47	Lc
6	48	Lc
6	49	L
6	50	L
6	51	L
6	52	Lc
6	53	Lc
6	54	-1
6	55	L
6	56	L
6	57	Lc
6	58	Lc
6	59	Lc
6	60	Lc
6	61	Lc
6	62	-1
6	63	L
6	64	L
6	65	L
6	66	Lc
6	67	Lc
6	68	Lc
6	69	-1
6	70	Lc
6	71	Lc
6	72	Lc
6	73	Lc
6	74	Uc
6	75	Uc
6	76	-1
6	77	Uc
6	78	Uc
6	79	Lc
6	80	-1
6	81	-1
6	82	-1
6	83	Lc
6	84	Lc
6	85	Lc
6	86	Lc
6	87	L
6	88	Uc
6	89	Lc
6	90	L
6	91	Lc
6	92	L
6	93	L
6	94	L
6	95	L
6	96	Lc
6	97	Lc
6	98	L
6	99	L
6	100	L
6	101	Lc
6	102	Lc
6	103	Lc
6	104	Lc
6	105	-1
6	106	Lc
6	107	L
6	108	-1
6	109	-1
6	110	L
6	111	L
6	112	Lp
6	113	L
6	114	L
6	115	L
6	116	-1
6	117	L
6	118	L
6	119	L
7	0	L
7	1	-1
7	2	L
7	3	Lc
7	4	Lc
7	5	Lp
7	6	Lp
7	7	L
7	8	L
7	9	L
7	10	Lp
7	11	Lc
7	12	U
7	13	Lc
7	14	Lc
7	15	Lc
7	16	Lc
7	17	Lp
7	18	Lp
7	19	Lp
7	20	-1
7	21	-1
7	22	Lc
7	23	Lc
7	24	-1
7	25	Lc
7	26	-1
7	27	Uc
7	28	-1
7	29	Uc
7	30	Lc
7	31	Uc
7	32	Uc
7	33	Lc
7	34	Lc
7	35	Lc
7	36	-1
7	37	L
7	38	Lc
7	39	Lc
7	40	Lc
7	41	Lc
7	42	Lc
7	43	Lc
7	44	Lc
7	45	Lc
7	46	-1
7	47	Lc
7	48	-1
7	49	-1
7	50	L
7	51	Lc
7	52	L
7	53	L
7	54	Lc
7	55	Lc
7	56	Lc
7	57	-1
7	58	Lc
7	59	Lc
7	60	-1
7	61	L
7	62	L
7	63	-1
7	64	L
7	65	-1
7	66	L
7	67	Lc
7	68	-1
7	69	Lc
7	70	Lc
7	71	-1
7	72	Uc
7	73	Lc
7	74	Lc
7	75	Lc
7	76	Lc
7	77	-1
7	78	Lc
7	79	-1
7	80	Lc
7	81	-1
7	82	L
7	83	L
7	84	Lc
7	85	-1
7	86	Lc
7	87	Lc
7	88	Lc
7	89	L
7	90	Lc
7	91	Lc
7	92	Lc
7	93	L
7	94	L
7	95	L
7	96	L
7	97	Lc
7	98	L
7	99	L
7	100	-1
7	101	-1
7	102	Lc
7	103	Lc
7	104	Lc
7	105	Lc
7	106	-1
7	107	L
7	108	-1
7	109	L
7	110	-1
7	111	L
7	112	Lp
7	113	Lp
7	114	L
7	115	L
7	116	L
7	117	L
7	118	-1
7	119	L
8	0	-1
8	1	L
8	2	Lc
8	3	L
8	4	Lp
8	5	-1
8	6	-1
8	7	-1
8	8	L
8	9	Lc
8	10	Lc
8	11	Lc
8	12	U
8	13	Lc
8	14	Lc
8	15	-1
8	16	Lp
8	17	Lp
8	18	Lp
8	19	-1
8	20	Lc
8	21	-1
8	22	Lc
8	23	Lc
8	24	Lc
8	25	Lc
8	26	-1
8	27	Lc
8	28	Uc
8	29	Lc
8	30	Lc
8	31	Lc
8	32	-1
8	33	-1
8	34	Lc
8	35	Uc
8	36	-1
8	37	Lc
8	38	Lc
8	39	Lc
8	40	Uc
8	41	Lc
8	42	Lc
8	43	Lc
8	44	-1
8	45	Lc
8	46	Lc
8	47	L
8	48	L
8	49	L
8	50	L
8	51	-1
8	52	Lc
8	53	L
8	54	Lc
8	55	Lc
8	56	-1
8	57	Lc
8	58	Lc
8	59	Lc
8	60	Lc
8	61	L
8	62	L
8	63	L
8	64	L
8	65	L
8	66	-1
8	67	L
8	68	Lc
8	69	L
8	70	L
8	71	-1
8	72	-1
8	73	Uc
8	74	Uc
8	75	Uc
8	76	-1
8	77	-1
8	78	Lc
8	79	Lc
8	80	L
8	81	-1
8	82	-1
8	83	L
8	84	L
8	85	L
8	86	Lc
8	87	Lc
8	88	-1
8	89	Lc
8	90	Lc
8	91	-1
8	92	Lc
8	93	Lc
8	94	-1
8	95	Lc
8	96	-1
8	97	Lc
8	98	-1
8	99	-1
8	100	-1
8	101	-1
8	102	Lc
8	103	Lc
8	104	Lc
8	105	Lc
8	106	-1
8	107	L
8	108	L
8	109	Lc
8	110	-1
8	111	Lp
8	112	Lc
8	113	L
8	114	L
8	115	L
8	116	-1
8	117	L
8	118	U
8	119	U
9	0	L
9	1	-1
9	2	L
9	3	-1
9	4	-1
9	5	Lp
9	6	-1
9	7	Lp
9	8	L
9	9	-1
9	10	Lp
9	11	L
9	12	Lp
9	13	L
9	14	Lc
9	15	Lc
9	16	-1
9	17	-1
9	18	Lp
9	19	Lc
9	20	-1
9	21	-1
9	22	Lc
9	23	Lc
9	24	Lc
9	25	Lc
9	26	Lc
9	27	Lc
9	28	-1
9	29	Uc
9	30	Lc
9	31	Lc
9	32	Lc
9	33	Uc
9	34	-1
9	35	Uc
9	36	Lc
9	37	Lc
9	38	Lc
9	39	Lc
9	40	Lc
9	41	Lc
9	42	Lc
9	43	Lc
9	44	L
9	45	Lc
9	46	-1
9	47	Lc
9	48	L
9	49	L
9	50	L
9	51	L
9	52	Lc
9	53	Lc
9	54	Lc
9	55	-1
9	56	-1
9	57	-1
9	58	Lc
9	59	-1
9	60	-1
9	61	-1
9	62	L
9	63	-1
9	64	L
9	65	Lc
9	66	Lc
9	67	Lc
9	68	L
9	69	Lc
9	70	L
9	71	Lc
9	72	Lc
9	73	Uc
9	74	-1
9	75	Lc
9	76	Lc
9	77	Lc
9	78	Lc
9	79	L
9	80	-1
9	81	L
9	82	Lc
9	83	Lc
9	84	Lc
9	85	Lc
9	86	Lc
9	87	Lc
9	88	Lc
9	89	-1
9	90	Lc
9	91	Lc
9	92	Lc
9	93	Lc
9	94	Lc
9	95	Lc
9	96	Lc
9	97	L
9	98	L
9	99	L
9	100	Lc
9	101	-1
9	102	Lc
9	103	Lc
9	104	-1
9	105	Lc
9	106	L
9	107	-1
9	108	Lc
9	109	Lc
9	110	Lc
9	111	Lc
9	112	Lc
9	113	Lc
9	114	Lp
9	115	L
9	116	L
9	117	L
9	118	U
9	119	-1
10	0	L
10	1	Lp
10	2	-1
10	3	U
10	4	-1
10	5	Lp
10	6	Lp
10	7	-1
10	8	-1
10	9	-1
10	10	Lp
10	11	Lp
10	12	Lp
10	13	Lp
10	14	Lp
10	15	Lp
10	16	Lp
10	17	Lc
10	18	Lc
10	19	Lc
10	20	Lc
10	21	-1
10	22	Lc
10	23	Lc
10	24	-1
10	25	-1
10	26	Lc
10	27	Lc
10	28	Uc
10	29	Uc
10	30	Uc
10	31	Lc
10	32	Lc
10	33	Lc
10	34	Uc
10	35	Lc
10	36	-1
10	37	Lc
10	38	Lc
10	39	Lc
10	40	Lc
10	41	Uc
10	42	Uc
10	43	L
10	44	L
10	45	-1
10	46	L
10	47	Lc
10	48	L
10	49	-1
10	50	L
10	51	L
10	52	Uc
10	53	Uc
10	54	Uc
10	55	Lc
10	56	-1
10	57	Lc
10	58	Lc
10	59	Lc
10	60	Lc
10	61	Lc
10	62	Lc
10	63	Lc
10	64	Lc
10	65	Lc
10	66	Lc
10	67	Lc
10	68	Lc
10	69	Lc
10	70	L
10	71	L
10	72	L
10	73	Lc
10	74	Lc
10	75	Lc
10	76	Lc
10	77	Lc
10	78	L
10	79	L
10	80	L
10	81	L
10	82	L
10	83	L
10	84	Lc
10	85	Lc
10	86	-1
10	87	Lc
10	88	-1
10	89	Lc
10	90	Lc
10	91	Lc
10	92	Lc
10	93	-1
10	94	L
10	95	Lc
10	96	-1
10	97	-1
10	98	-1
10	99	L
10	100	L
10	101	Lc
10	102	Lc
10	103	Lc
10	104	Lc
10	105	L
10	106	Lc
10	107	Lc
10	108	-1
10	109	Lc
10	110	Lc
10	111	Lc
10	112	Lc
10	113	Lc
10	114	Lp
10	115	L
10	116	L
10	117	L
10	118	U
10	119	U
11	0	Lp
11	1	-1
11	2	U
11	3	-1
11	4	Lp
11	5	Lp
11	6	-1
11	7	Lp
11	8	Lp
11	9	-1
11	10	Lp
11	11	-1
11	12	Lp
11	13	-1
11	14	-1
11	15	Lp
11	16	Lp
11	17	Lp
11	18	Lc
11	19	-1
11	20	Lc
11	21	Lc
11	22	L
11	23	Lc
11	24	Lc
11	25	Lc
11	26	Lc
11	27	Lc
11	28	Lc
11	29	Uc
11	30	-1
11	31	Lc
11	32	Lc
11	33	Lc
11	34	Lc
11	35	L
11	36	Lc
11	37	L
11	38	Lc
11	39	Lc
11	40	-1
11	41	-1
11	42	Uc
11	43	Uc
11	44	-1
11	45	L
11	46	Lc
11	47	L
11	48	L
11	49	-1
11	50	L
11	51	-1
11	52	Lc
11	53	Uc
11	54	-1
11	55	Uc
11	56	-1
11	57	L
11	58	Lc
11	59	-1
11	60	-1
11	61	Lc
11	62	-1
11	63	Lc
11	64	-1
11	65	-1
11	66	Lc
11	67	Lc
11	68	Lc
11	69	Lc
11	70	Lc
11	71	L
11	72	L
11	73	L
11	74	L
11	75	Lc
11	76	Lc
11	77	-1
11	78	L
11	79	L
11	80	-1
11	81	Lc
11	82	L
11	83	L
11	84	L
11	85	Lc
11	86	Lc
11	87	Lc
11	88	Lc
11	89	Lc
11	90	Lc
11	91	-1
11	92	L
11	93	L
11	94	Lc
11	95	L
11	96	-1
11	97	Lc
11	98	L
11	99	L
11	100	Lc
11	101	Lc
11	102	Lc
11	103	-1
11	104	L
11	105	Lc
11	106	-1
11	107	Lc
11	108	Lc
11	109	-1
11	110	Lc
11	111	Lc
11	112	Lc
11	113	L
11	114	L
11	115	L
11	116	U
11	117	L
11	118	U
11	119	U
12	0	L
12	1	-1
12	2	L
12	3	Lp
12	4	Lp
12	5	Lp
12	6	Lp
12	7	Lp
12	8	-1
12	9	Lp
12	10	-1
12	11	Lp
12	12	-1
12	13	-1
12	14	-1
12	15	Lp
12	16	Lp
12	17	Lp
12	18	Lc
12	19	-1
12	20	L
12	21	L
12	22	-1
12	23	Lc
12	24	L
12	25	-1
12	26	Lc
12	27	Lc
12	28	-1
12	29	Lc
12	30	Lc
12	31	Lc
12	32	L
12	33	-1
12	34	L
12	35	Lc
12	36	L
12	37	-1
12	38	-1
12	39	-1
12	40	Lc
12	41	Lc
12	42	-1
12	43	Uc
12	44	-1
12	45	Lc
12	46	-1
12	47	L
12	48	L
12	49	L
12	50	L
12	51	L
12	52	Lc
12	53	Lc
12	54	Uc
12	55	-1
12	56	Uc
12	57	-1
12	58	-1
12	59	Lc
12	60	Lc
12	61	Lc
12	62	Lc
12	63	-1
12	64	Lc
12	65	Lc
12	66	Lc
12	67	Lc
12	68	Lc
12	69	Lc
12	70	Lc
12	71	L
12	72	-1
12	73	-1
12	74	Lc
12	75	Lc
12	76	Lc
12	77	L
12	78	-1
12	79	Lc
12	80	Lc
12	81	Lc
12	82	-1
12	83	L
12	84	Lc
12	85	-1
12	86	Lc
12	87	Lc
12	88	Lc
12	89	Lc
12	90	Lc
12	91	Lc
12	92	Lc
12	93	Lc
12	94	L
12	95	Lc
12	96	-1
12	97	Lc
12	98	Lc
12	99	L
12	100	Lc
12	101	-1
12	102	Lc
12	103	Lc
12	104	Lc
12	105	Lc
12	106	Lc
12	107	Lc
12	108	Lc
12	109	Lc
12	110	L
12	111	-1
12	112	-1
12	113	-1
12	114	-1
12	115	-1
12	116	U
12	117	U
12	118	-1
12	119	U
13	0	U
13	1	-1
13	2	-1
13	3	-1
13	4	Lp
13	5	-1
13	6	Lp
13	7	-1
13	8	-1
13	9	Lp
13	10	Lp
13	11	Lp
13	12	Lp
13	13	Lp
13	14	Lp
13	15	-1
13	16	-1
13	17	Lp
13	18	-1
13	19	L
13	20	L
13	21	L
13	22	-1
13	23	L
13	24	Lc
13	25	Lc
13	26	-1
13	27	Lc
13	28	-1
13	29	-1
13	30	Lc
13	31	L
13	32	Uc
13	33	L
13	34	L
13	35	-1
13	36	Lc
13	37	-1
13	38	-1
13	39	Lc
13	40	Lc
13	41	Lc
13	42	Uc
13	43	Lc
13	44	-1
13	45	Lc
13	46	Lc
13	47	Lc
13	48	-1
13	49	L
13	50	-1
13	51	L
13	52	Lc
13	53	Lc
13	54	Lc
13	55	-1
13	56	Lc
13	57	Lc
13	58	Lc
13	59	Lc
13	60	L
13	61	Lc
13	62	Lc
13	63	Lc
13	64	Lc
13	65	Lc
13	66	Lc
13	67	-1
13	68	L
13	69	L
13	70	L
13	71	Lc
13	72	-1
13	73	Uc
13	74	Uc
13	75	Lc
13	76	Lc
13	77	Lc
13	78	-1
13	79	Lc
13	80	Lc
13	81	Lc
13	82	Lc
13	83	L
13	84	Lc
13	85	Lc
13	86	Lc
13	87	Lc
13	88	Lc
13	89	-1
13	90	Lc
13	91	Lc
13	92	Lc
13	93	Lc
13	94	Lc
13	95	Lc
13	96	Lc
13	97	Lc
13	98	Lc
13	99	Lc
13	100	Lc
13	101	Lc
13	102	-1
13	103	Lc
13	104	Lc
13	105	Lc
13	106	L
13	107	L
13	108	Lc
13	109	L
13	110	Lc
13	111	Lc
13	112	-1
13	113	Lc
13	114	Uc
13	115	U
13	116	-1
13	117	-1
13	118	L
13	119	Lp
14	0	Lp
14	1	L
14	2	L
14	3	-1
14	4	-1
14	5	Lp
14	6	-1
14	7	-1
14	8	Lp
14	9	L
14	10	Lp
14	11	Lp
14	12	Lp
14	13	Lp
14	14	Lp
14	15	Lp
14	16	Lp
14	17	Lp
14	18	Lp
14	19	Lp
14	20	L
14	21	Lc
14	22	-1
14	23	-1
14	24	L
14	25	Lc
14	26	-1
14	27	Lc
14	28	Lc
14	29	Lc
14	30	Lc
14	31	L
14	32	L
14	33	L
14	34	L
14	35	Lc
14	36	Lc
14	37	Lc
14	38	Lc
14	39	Lc
14	40	Lc
14	41	-1
14	42	Lc
14	43	-1
14	44	Lc
14	45	Lc
14	46	Lc
14	47	Lc
14	48	Lc
14	49	Lc
14	50	L
14	51	Lc
14	52	L
14	53	Lc
14	54	-1
14	55	Lc
14	56	Lc
14	57	L
14	58	Lc
14	59	L
14	60	L
14	61	L
14	62	-1
14	63	-1
14	64	Lc
14	65	-1
14	66	Lc
14	67	-1
14	68	Lc
14	69	L
14	70	Lc
14	71	-1
14	72	Lc
14	73	-1
14	74	-1
14	75	Lc
14	76	-1
14	77	-1
14	78	Lc
14	79	-1
14	80	-1
14	81	Lc
14	82	Lc
14	83	Lc
14	84	Lc
14	85	Lc
14	86	Lc
14	87	Lc
14	88	Lc
14	89	Lc
14	90	-1
14	91	L
14	92	Lc
14	93	Lc
14	94	Lc
14	95	Lc
14	96	Lc
14	97	L
14	98	Lc
14	99	Lc
14	100	Lc
14	101	Lc
14	102	-1
14	103	Lc
14	104	Lc
14	105	Lc
14	106	Lc
14	107	Lc
14	108	L
14	109	Lc
14	110	Lc
14	111	Lc
14	112	Lc
14	113	Lc
14	114	-1
14	115	U
14	116	U
14	117	U
14	118	U
14	119	U
15	0	L
15	1	L
15	2	U
15	3	-1
15	4	-1
15	5	L
15	6	L
15	7	L
15	8	L
15	9	L
15	10	Lp
15	11	Lp
15	12	Lp
15	13	-1
15	14	Lp
15	15	Lp
15	16	Lp
15	17	Lp
15	18	Lp
15	19	Lp
15	20	L
15	21	L
15	22	Lc
15	23	Lc
15	24	-1
15	25	Lc
15	26	Lc
15	27	Lc
15	28	Lc
15	29	Lc
15	30	Lc
15	31	Lc
15	32	-1
15	33	Uc
15	34	-1
15	35	Uc
15	36	-1
15	37	-1
15	38	-1
15	39	Lc
15	40	Lc
15	41	-1
15	42	Lc
15	43	Lc
15	44	-1
15	45	-1
15	46	Lc
15	47	Lc
15	48	Lc
15	49	Lc
15	50	Lc
15	51	-1
15	52	Lc
15	53	L
15	54	L
15	55	Lc
15	56	Lc
15	57	Lc
15	58	L
15	59	U
15	60	U
15	61	L
15	62	-1
15	63	Lc
15	64	Lc
15	65	Lc
15	66	Lc
15	67	-1
15	68	Lc
15	69	Lc
15	70	Lc
15	71	-1
15	72	-1
15	73	Lc
15	74	Lc
15	75	-1
15	76	Lc
15	77	Lc
15	78	Lc
15	79	Lc
15	80	-1
15	81	-1
15	82	Lc
15	83	Lc
15	84	Lc
15	85	L
15	86	-1
15	87	Lc
15	88	Lc
15	89	-1
15	90	-1
15	91	Lc
15	92	Lc
15	93	Lc
15	94	Lc
15	95	Lc
15	96	-1
15	97	L
15	98	L
15	99	Lc
15	100	Lc
15	101	Lc
15	102	Lc
15	103	Lc
15	104	Lc
15	105	-1
15	106	Lc
15	107	Lc
15	108	-1
15	109	Lc
15	110	Lc
15	111	Lc
15	112	L
15	113	L
15	114	-1
15	115	Lc
15	116	Uc
15	117	Uc
15	118	Uc
15	119	-1
16	0	-1
16	1	U
16	2	U
16	3	L
16	4	U
16	5	-1
16	6	L
16	7	L
16	8	-1
16	9	U
16	10	Lp
16	11	Lp
16	12	Lp
16	13	Lp
16	14	L
16	15	L
16	16	Lp
16	17	Lp
16	18	-1
16	19	Lp
16	20	L
16	21	Lp
16	22	Lc
16	23	Lc
16	24	Uc
16	25	Lc
16	26	Lc
16	27	-1
16	28	Lc
16	29	Lc
16	30	Lc
16	31	-1
16	32	-1
16	33	-1
16	34	Uc
16	35	Lc
16	36	Uc
16	37	Lc
16	38	Lc
16	39	Lc
16	40	Lc
16	41	-1
16	42	Lc
16	43	Lc
16	44	Lc
16	45	Lc
16	46	-1
16	47	-1
16	48	Lc
16	49	L
16	50	L
16	51	L
16	52	L
16	53	Lc
16	54	L
16	55	L
16	56	L
16	57	L
16	58	U
16	59	U
16	60	L
16	61	L
16	62	L
16	63	Lc
16	64	Lc
16	65	Lc
16	66	-1
16	67	Lc
16	68	Lc
16	69	Lc
16	70	Lc
16	71	Lc
16	72	Lc
16	73	Lc
16	74	-1
16	75	Lc
16	76	Lc
16	77	Lc
16	78	Lc
16	79	-1
16	80	-1
16	81	Lc
16	82	Lc
16	83	Lc
16	84	Lc
16	85	-1
16	86	Lc
16	87	L
16	88	-1
16	89	Lc
16	90	Lc
16	91	L
16	92	-1
16	93	-1
16	94	-1
16	95	Lc
16	96	Lc
16	97	Lc
16	98	L
16	99	Lc
16	100	Lc
16	101	Lc
16	102	-1
16	103	Lc
16	104	Lc
16	105	Lc
16	106	-1
16	107	-1
16	108	Lc
16	109	Lc
16	110	Lc
16	111	Lc
16	112	Lc
16	113	-1
16	114	Uc
16	115	-1
16	116	Lc
16	117	-1
16	118	U
16	119	U
17	0	L
17	1	L
17	2	L
17	3	-1
17	4	U
17	5	L
17	6	-1
17	7	-1
17	8	Lp
17	9	-1
17	10	Lp
17	11	Lp
17	12	-1
17	13	Lp
17	14	L
17	15	L
17	16	L
17	17	Lp
17	18	Lc
17	19	Lp
17	20	Lp
17	21	Lc
17	22	Uc
17	23	Uc
17	24	Uc
17	25	-1
17	26	Lc
17	27	Lc
17	28	Lc
17	29	Lc
17	30	-1
17	31	Lc
17	32	Uc
17	33	-1
17	34	Lc
17	35	Uc
17	36	Uc
17	37	Lc
17	38	Lc
17	39	Lc
17	40	-1
17	41	Lc
17	42	Lc
17	43	Lc
17	44	Lc
17	45	Lc
17	46	Lc
17	47	Lc
17	48	-1
17	49	-1
17	50	L
17	51	L
17	52	L
17	53	L
17	54	Lc
17	55	Lc
17	56	L
17	57	L
17	58	L
17	59	L
17	60	U
17	61	L
17	62	Uc
17	63	Lc
17	64	-1
17	65	Lc
17	66	Lc
17	67	Lc
17	68	Lc
17	69	Lc
17	70	Lc
17	71	Lc
17	72	Lc
17	73	Lc
17	74	Lc
17	75	-1
17	76	Lc
17	77	Lc
17	78	Lc
17	79	Lc
17	80	Lc
17	81	-1
17	82	Lc
17	83	Lc
17	84	-1
17	85	Lc
17	86	L
17	87	L
17	88	L
17	89	Lc
17	90	-1
17	91	Lc
17	92	Lc
17	93	Lc
17	94	-1
17	95	Lc
17	96	Lc
17	97	Lc
17	98	Lc
17	99	Lc
17	100	Lc
17	101	Lc
17	102	Lc
17	103	Lc
17	104	Lc
17	105	Lc
17	106	Lc
17	107	-1
17	108	Lc
17	109	Lc
17	110	Lc
17	111	Lc
17	112	Uc
17	113	-1
17	114	Uc
17	115	Uc
17	116	Uc
17	117	Uc
17	118	U
17	119	U
18	0	-1
18	1	U
18	2	L
18	3	L
18	4	U
18	5	L
18	6	L
18	7	-1
18	8	-1
18	9	L
18	10	Lp
18	11	-1
18	12	L
18	13	L
18	14	L
18	15	L
18	16	L
18	17	L
18	18	Lp
18	19	Lc
18	20	L
18	21	Lc
18	22	Uc
18	23	Uc
18	24	Uc
18	25	-1
18	26	Uc
18	27	Lc
18	28	Lc
18	29	Lc
18	30	Lc
18	31	Lc
18	32	L
18	33	Uc
18	34	Lc
18	35	Uc
18	36	-1
18	37	Lc
18	38	Uc
18	39	-1
18	40	Lc
18	41	Lc
18	42	Lc
18	43	U
18	44	U
18	45	-1
18	46	L
18	47	Lc
18	48	Lc
18	49	-1
18	50	Lc
18	51	Lc
18	52	-1
18	53	Lc
18	54	-1
18	55	Lc
18	56	Lc
18	57	L
18	58	Uc
18	59	Uc
18	60	L
18	61	L
18	62	Lc
18	63	Uc
18	64	Uc
18	65	Lc
18	66	-1
18	67	-1
18	68	Lc
18	69	L
18	70	Lc
18	71	Lc
18	72	L
18	73	Lc
18	74	Lc
18	75	Lc
18	76	Lc
18	77	Uc
18	78	Lc
18	79	Lc
18	80	Lc
18	81	Lc
18	82	Lc
18	83	Lc
18	84	L
18	85	Lc
18	86	Lc
18	87	L
18	88	L
18	89	Lc
18	90	Lc
18	91	Lc
18	92	Lc
18	93	-1
18	94	Lc
18	95	Lc
18	96	Lc
18	97	Lc
18	98	Lc
18	99	Lc
18	100	Lc
18	101	Lc
18	102	Lc
18	103	Lc
18	104	Lc
18	105	Lc
18	106	-1
18	107	L
18	108	-1
18	109	Lc
18	110	Uc
18	111	Uc
18	112	Uc
18	113	-1
18	114	-1
18	115	U
18	116	Lc
18	117	Uc
18	118	U
18	119	U
19	0	Uc
19	1	U
19	2	U
19	3	U
19	4	L
19	5	U
19	6	L
19	7	L
19	8	-1
19	9	L
19	10	L
19	11	L
19	12	Lp
19	13	-1
19	14	L
19	15	L
19	16	L
19	17	Uc
19	18	-1
19	19	Uc
19	20	Lc
19	21	L
19	22	Lc
19	23	Lc
19	24	Lc
19	25	Lc
19	26	Lc
19	27	Lc
19	28	Lc
19	29	Lc
19	30	Lc
19	31	Lc
19	32	Lc
19	33	-1
19	34	-1
19	35	-1
19	36	Uc
19	37	Uc
19	38	Lc
19	39	Uc
19	40	Lc
19	41	Lc
19	42	Lc
19	43	Lc
19	44	-1
19	45	U
19	46	Lc
19	47	Lc
19	48	Lc
19	49	-1
19	50	-1
19	51	Lc
19	52	Lc
19	53	Lc
19	54	Lc
19	55	Uc
19	56	Lc
19	57	Lc
19	58	Uc
19	59	Uc
19	60	L
19	61	-1
19	62	L
19	63	Lc
19	64	Lc
19	65	-1
19	66	Lc
19	67	L
19	68	L
19	69	L
19	70	L
19	71	L
19	72	Lc
19	73	Lc
19	74	-1
19	75	Uc
19	76	Uc
19	77	Uc
19	78	Uc
19	79	Lc
19	80	-1
19	81	Lc
19	82	L
19	83	Lc
19	84	L
19	85	L
19	86	Lc
19	87	-1
19	88	Lc
19	89	Lc
19	90	Lc
19	91	Lc
19	92	-1
19	93	Lc
19	94	Lc
19	95	-1
19	96	Lc
19	97	Lc
19	98	Lc
19	99	Lc
19	100	Lc
19	101	Lc
19	102	Lc
19	103	Lc
19	104	Lc
19	105	-1
19	106	-1
19	107	-1
19	108	Lc
19	109	Lc
19	110	Uc
19	111	Uc
19	112	Uc
19	113	Uc
19	114	-1
19	115	U
19	116	U
19	117	U
19	118	Uc
19	119	U
20	0	U
20	1	-1
20	2	-1
20	3	L
20	4	U
20	5	L
20	6	U
20	7	U
20	8	L
20	9	L
20	10	L
20	11	Lp
20	12	Lp
20	13	L
20	14	L
20	15	L
20	16	L
20	17	L
20	18	Lc
20	19	-1
20	20	-1
20	21	-1
20	22	L
20	23	Uc
20	24	Uc
20	25	Uc
20	26	Uc
20	27	Lc
20	28	-1
20	29	Lc
20	30	Lc
20	31	Lc
20	32	Lc
20	33	-1
20	34	Lc
20	35	-1
20	36	Uc
20	37	Uc
20	38	Uc
20	39	Lc
20	40	Lc
20	41	-1
20	42	-1
20	43	Lc
20	44	U
20	45	L
20	46	Lc
20	47	Lc
20	48	-1
20	49	Lc
20	50	Lc
20	51	Lc
20	52	Lc
20	53	Lc
20	54	Lc
20	55	Lc
20	56	Uc
20	57	Uc
20	58	Uc
20	59	-1
20	60	-1
20	61	L
20	62	Lc
20	63	Lc
20	64	Lc
20	65	Lc
20	66	-1
20	67	Lc
20	68	Lc
20	69	L
20	70	L
20	71	-1
20	72	Lc
20	73	Lc
20	74	Lc
20	75	Lc
20	76	Uc
20	77	-1
20	78	Uc
20	79	Lc
20	80	Lc
20	81	Lc
20	82	L
20	83	Lc
20	84	L
20	85	Lc
20	86	Lc
20	87	-1
20	88	Lc
20	89	-1
20	90	-1
20	91	-1
20	92	Lc
20	93	-1
20	94	Lc
20	95	Lc
20	96	-1
20	97	Lc
20	98	-1
20	99	Lc
20	100	Lc
20	101	Lc
20	102	Lc
20	103	Lc
20	104	Lc
20	105	L
20	106	Lc
20	107	L
20	108	Lc
20	109	Uc
20	110	-1
20	111	Uc
20	112	-1
20	113	Uc
20	114	Uc
20	115	U
20	116	-1
20	117	U
20	118	-1
20	119	U
21	0	U
21	1	L
21	2	L
21	3	L
21	4	L
21	5	L
21	6	-1
21	7	L
21	8	L
21	9	-1
21	10	-1
21	11	Lp
21	12	Lp
21	13	Lp
21	14	Lc
21	15	Uc
21	16	-1
21	17	Uc
21	18	Lc
21	19	Lc
21	20	Lc
21	21	-1
21	22	Uc
21	23	Uc
21	24	Uc
21	25	Uc
21	26	Lc
21	27	-1
21	28	Lc
21	29	Lc
21	30	Lc
21	31	-1
21	32	Lc
21	33	Lc
21	34	-1
21	35	U
21	36	Uc
21	37	Uc
21	38	Uc
21	39	Lc
21	40	Lc
21	41	Lc
21	42	L
21	43	Uc
21	44	-1
21	45	L
21	46	L
21	47	Lc
21	48	-1
21	49	Uc
21	50	Uc
21	51	-1
21	52	Uc
21	53	Lc
21	54	-1
21	55	Lc
21	56	Lc
21	57	Lc
21	58	Uc
21	59	Lc
21	60	L
21	61	L
21	62	L
21	63	L
21	64	Lc
21	65	Lc
21	66	L
21	67	Lc
21	68	Lc
21	69	L
21	70	L
21	71	Lc
21	72	Lc
21	73	Lc
21	74	Lc
21	75	Lc
21	76	Lc
21	77	Lc
21	78	Lc
21	79	Lc
21	80	Lc
21	81	Lc
21	82	Lc
21	83	-1
21	84	Lc
21	85	Lc
21	86	Lc
21	87	Lc
21	88	Lc
21	89	Lc
21	90	Uc
21	91	-1
21	92	-1
21	93	Lc
21	94	Lc
21	95	Lc
21	96	Lc
21	97	Lc
21	98	Lc
21	99	Lc
21	100	Lc
21	101	Lc
21	102	-1
21	103	Lc
21	104	L
21	105	L
21	106	L
21	107	Lc
21	108	Lc
21	109	Uc
21	110	Uc
21	111	Lc
21	112	Uc
21	113	Lc
21	114	L
21	115	-1
21	116	L
21	117	L
21	118	Uc
21	119	Uc
22	0	-1
22	1	L
22	2	L
22	3	L
22	4	L
22	5	L
22	6	L
22	7	L
22	8	-1
22	9	L
22	10	Lp
22	11	Lp
22	12	Lp
22	13	Lp
22	14	Uc
22	15	Lc
22	16	Uc
22	17	Uc
22	18	-1
22	19	Lc
22	20	Lc
22	21	L
22	22	L
22	23	Uc
22	24	Lc
22	25	L
22	26	Lc
22	27	Lc
22	28	Lc
22	29	Lc
22	30	Lc
22	31	Lc
22	32	Lc
22	33	-1
22	34	Lc
22	35	U
22	36	Uc
22	37	-1
22	38	Lc
22	39	Lc
22	40	-1
22	41	Lc
22	42	L
22	43	Uc
22	44	Uc
22	45	L
22	46	Lc
22	47	-1
22	48	Uc
22	49	Uc
22	50	Lc
22	51	Uc
22	52	Uc
22	53	Lc
22	54	-1
22	55	-1
22	56	-1
22	57	Uc
22	58	Lc
22	59	L
22	60	L
22	61	L
22	62	L
22	63	Lc
22	64	Lc
22	65	-1
22	66	L
22	67	L
22	68	L
22	69	Lc
22	70	Lc
22	71	Lc
22	72	Lc
22	73	Lc
22	74	Lc
22	75	Lc
22	76	Lc
22	77	Lc
22	78	Lc
22	79	Lc
22	80	Lc
22	81	Lc
22	82	Lc
22	83	Lc
22	84	Uc
22	85	-1
22	86	Lc
22	87	Lc
22	88	L
22	89	Lc
22	90	Lc
22	91	L
22	92	Lc
22	93	Lc
22	94	-1
22	95	-1
22	96	Lc
22	97	Lc
22	98	Lc
22	99	-1
22	100	Lc
22	101	Lc
22	102	Lc
22	103	Lc
22	104	Lc
22	105	L
22	106	L
22	107	L
22	108	Lc
22	109	Lc
22	110	Uc
22	111	Lc
22	112	Lc
22	113	Uc
22	114	-1
22	115	-1
22	116	L
22	117	U
22	118	-1
22	119	-1
23	0	L
23	1	L
23	2	L
23	3	L
23	4	L
23	5	L
23	6	-1
23	7	L
23	8	L
23	9	L
23	10	Lp
23	11	Lp
23	12	Lp
23	13	U
23	14	-1
23	15	Uc
23	16	Lc
23	17	Lc
23	18	Lc
23	19	Lc
23	20	L
23	21	Lc
23	22	Lc
23	23	L
23	24	L
23	25	L
23	26	L
23	27	Lc
23	28	Lc
23	29	-1
23	30	Lc
23	31	Lc
23	32	Lc
23	33	Lc
23	34	-1
23	35	Lc
23	36	-1
23	37	-1
23	38	Uc
23	39	Lc
23	40	Lc
23	41	-1
23	42	Uc
23	43	Lc
23	44	-1
23	45	Lc
23	46	Lc
23	47	Lc
23	48	-1
23	49	-1
23	50	Uc
23	51	-1
23	52	Lc
23	53	Lc
23	54	Lc
23	55	Lc
23	56	Lc
23	57	L
23	58	L
23	59	Lc
23	60	Lc
23	61	L
23	62	Lc
23	63	-1
23	64	Lc
23	65	Lc
23	66	Uc
23	67	-1
23	68	-1
23	69	Lc
23	70	Lc
23	71	Lc
23	72	-1
23	73	-1
23	74	Lc
23	75	Lc
23	76	Lc
23	77	-1
23	78	Lc
23	79	Lc
23	80	-1
23	81	Lc
23	82	Lc
23	83	Lc
23	84	Lc
23	85	-1
23	86	-1
23	87	Lc
23	88	L
23	89	L
23	90	L
23	91	Lc
23	92	Lc
23	93	Lc
23	94	Lc
23	95	Lc
23	96	Lc
23	97	Lc
23	98	Lc
23	99	Lc
23	100	L
23	101	-1
23	102	Lc
23	103	Lc
23	104	L
23	105	Lc
23	106	L
23	107	-1
23	108	Lc
23	109	Lc
23	110	Lc
23	111	Lc
23	112	Lc
23	113	Uc
23	114	Uc
23	115	L
23	116	L
23	117	-1
23	118	-1
23	119	-1
24	0	L
24	1	-1
24	2	L
24	3	L
24	4	L
24	5	L
24	6	-1
24	7	L
24	8	U
24	9	U
24	10	Lp
24	11	Lc
24	12	Lp
24	13	Lp
24	14	Lc
24	15	Uc
24	16	Lc
24	17	Lc
24	18	-1
24	19	-1
24	20	Lc
24	21	-1
24	22	L
24	23	L
24	24	-1
24	25	L
24	26	L
24	27	Lc
24	28	-1
24	29	Lc
24	30	-1
24	31	-1
24	32	Lc
24	33	Lc
24	34	Lc
24	35	-1
24	36	Lc
24	37	Uc
24	38	Uc
24	39	Uc
24	40	Uc
24	41	Lc
24	42	Lc
24	43	Lc
24	44	-1
24	45	-1
24	46	Lc
24	47	Uc
24	48	Lc
24	49	Lc
24	50	Lc
24	51	Lc
24	52	Lc
24	53	Lc
24	54	Lc
24	55	Lc
24	56	-1
24	57	Lc
24	58	L
24	59	L
24	60	L
24	61	L
24	62	L
24	63	-1
24	64	Uc
24	65	Lc
24	66	Uc
24	67	Lc
24	68	Lc
24	69	Lc
24	70	Lc
24	71	Lc
24	72	-1
24	73	Lc
24	74	Lc
24	75	Lc
24	76	Lc
24	77	Lc
24	78	L
24	79	L
24	80	Lc
24	81	Lc
24	82	-1
24	83	Lc
24	84	Lc
24	85	-1
24	86	-1
24	87	Lc
24	88	L
24	89	Lc
24	90	Lc
24	91	Lc
24	92	Lc
24	93	Lc
24	94	Lc
24	95	Lc
24	96	Lc
24	97	Lc
24	98	Lc
24	99	Lc
24	100	Lc
24	101	-1
24	102	Lc
24	103	L
24	104	L
24	105	-1
24	106	L
24	107	L
24	108	L
24	109	L
24	110	Lc
24	111	Lc
24	112	Uc
24	113	Uc
24	114	-1
24	115	L
24	116	L
24	117	L
24	118	L
24	119	-1
25	0	L
25	1	L
25	2	-1
25	3	L
25	4	L
25	5	-1
25	6	L
25	7	L
25	8	U
25	9	U
25	10	-1
25	11	Lp
25	12	Lc
25	13	Lc
25	14	L
25	15	-1
25	16	L
25	17	Uc
25	18	Lc
25	19	Lc
25	20	-1
25	21	-1
25	22	L
25	23	L
25	24	-1
25	25	Lc
25	26	L
25	27	Lc
25	28	Lc
25	29	Lc
25	30	-1
25	31	-1
25	32	Lc
25	33	Lc
25	34	Lc
25	35	Lc
25	36	Lc
25	37	Uc
25	38	Lc
25	39	Lc
25	40	-1
25	41	Lcp
25	42	Lc
25	43	Lc
25	44	Lc
25	45	-1
25	46	L
25	47	Lc
25	48	Lc
25	49	Lc
25	50	Lc
25	51	Lc
25	52	Lc
25	53	Lc
25	54	Lc
25	55	L
25	56	Lc
25	57	L
25	58	-1
25	59	L
25	60	L
25	61	L
25	62	L
25	63	L
25	64	L
25	65	-1
25	66	-1
25	67	Lc
25	68	Lc
25	69	Lc
25	70	Lc
25	71	Lc
25	72	-1
25	73	-1
25	74	-1
25	75	Lc
25	76	L
25	77	L
25	78	-1
25	79	L
25	80	L
25	81	Lc
25	82	Lc
25	83	Lc
25	84	Lc
25	85	Lc
25	86	Lc
25	87	-1
25	88	L
25	89	L
25	90	-1
25	91	Lc
25	92	Lc
25	93	Lc
25	94	-1
25	95	Lc
25	96	Lc
25	97	Lc
25	98	Lc
25	99	Lc
25	100	L
25	101	Lc
25	102	L
25	103	L
25	104	L
25	105	Lc
25	106	Lc
25	107	Lc
25	108	Lc
25	109	-1
25	110	-1
25	111	-1
25	112	Uc
25	113	-1
25	114	-1
25	115	L
25	116	-1
25	117	L
25	118	L
25	119	L
26	0	L
26	1	L
26	2	L
26	3	L
26	4	L
26	5	L
26	6	L
26	7	L
26	8	-1
26	9	L
26	10	L
26	11	Lc
26	12	Lc
26	13	Lc
26	14	Lc
26	15	Lc
26	16	Uc
26	17	-1
26	18	Lc
26	19	L
26	20	Lc
26	21	L
26	22	Lc
26	23	-1
26	24	Lc
26	25	Lc
26	26	Uc
26	27	-1
26	28	Lc
26	29	L
26	30	L
26	31	Lc
26	32	Lc
26	33	Lc
26	34	-1
26	35	Lc
26	36	-1
26	37	Lc
26	38	Lc
26	39	Lc
26	40	Lc
26	41	-1
26	42	-1
26	43	Lc
26	44	Lc
26	45	Lc
26	46	-1
26	47	Lc
26	48	Lcp
26	49	Lc
26	50	Lc
26	51	Lc
26	52	Lc
26	53	Lc
26	54	Lc
26	55	Lc
26	56	Lc
26	57	L
26	58	L
26	59	L
26	60	L
26	61	L
26	62	L
26	63	L
26	64	L
26	65	Uc
26	66	L
26	67	L
26	68	Lc
26	69	L
26	70	L
26	71	-1
26	72	Lc
26	73	Lc
26	74	-1
26	75	L
26	76	-1
26	77	-1
26	78	L
26	79	L
26	80	L
26	81	Lc
26	82	-1
26	83	Lc
26	84	Lc
26	85	Lc
26	86	Lc
26	87	Lc
26	88	-1
26	89	Lc
26	90	Lc
26	91	Lc
26	92	Lc
26	93	Lc
26	94	Lc
26	95	Lc
26	96	-1
26	97	-1
26	98	Lc
26	99	L
26	100	Lc
26	101	Lc
26	102	-1
26	103	Lc
26	104	Lc
26	105	Lc
26	106	Lc
26	107	Lc
26	108	-1
26	109	Lc
26	110	Lc
26	111	Lc
26	112	Lc
26	113	Lc
26	114	Lc
26	115	-1
26	116	L
26	117	L
26	118	-1
26	119	L
27	0	-1
27	1	L
27	2	Lc
27	3	L
27	4	L
27	5	Lc
27	6	-1
27	7	L
27	8	L
27	9	L
27	10	L
27	11	L
27	12	L
27	13	Lc
27	14	-1
27	15	Lc
27	16	Lc
27	17	Lc
27	18	-1
27	19	Lc
27	20	Lc
27	21	-1
27	22	-1
27	23	-1
27	24	Lc
27	25	Uc
27	26	Uc
27	27	Lc
27	28	-1
27	29	Lc
27	30	L
27	31	-1
27	32	Lc
27	33	Uc
27	34	-1
27	35	L
27	36	Lc
27	37	Lc
27	38	Lc
27	39	Lc
27	40	Lc
27	41	Lc
27	42	-1
27	43	Lc
27	44	-1
27	45	Lc
27	46	Lc
27	47	Lcp
27	48	Lcp
27	49	Lc
27	50	-1
27	51	L
27	52	Lc
27	53	-1
27	54	Lc
27	55	Lc
27	56	L
27	57	L
27	58	L
27	59	L
27	60	-1
27	61	Uc
27	62	Uc
27	63	L
27	64	L
27	65	L
27	66	L
27	67	L
27	68	L
27	69	L
27	70	L
27	71	-1
27	72	Lc
27	73	L
27	74	L
27	75	-1
27	76	Lc
27	77	Lc
27	78	L
27	79	L
27	80	-1
27	81	-1
27	82	Lc
27	83	Lc
27	84	Lc
27	85	-1
27	86	-1
27	87	-1
27	88	Lc
27	89	Lc
27	90	Lc
27	91	Lc
27	92	Lc
27	93	Lc
27	94	L
27	95	Lc
27	96	Lc
27	97	Lc
27	98	Lc
27	99	L
27	100	L
27	101	L
27	102	L
27	103	Lc
27	104	Lc
27	105	Lc
27	106	Lc
27	107	Lc
27	108	Lc
27	109	Lc
27	110	Lc
27	111	Lc
27	112	-1
27	113	Lc
27	114	L
27	115	-1
27	116	L
27	117	L
27	118	L
27	119	L
28	0	-1
28	1	-1
28	2	L
28	3	Lc
28	4	L
28	5	L
28	6	L
28	7	L
28	8	L
28	9	L
28	10	-1
28	11	Lc
28	12	-1
28	13	L
28	14	L
28	15	L
28	16	L
28	17	-1
28	18	Lc
28	19	Lc
28	20	-1
28	21	Lc
28	22	L
28	23	Lc
28	24	Lc
28	25	Lc
28	26	Lc
28	27	Lc
28	28	Lc
28	29	Uc
28	30	Uc
28	31	Uc
28	32	-1
28	33	Uc
28	34	Lc
28	35	Lc
28	36	L
28	37	Lc
28	38	Lc
28	39	Lc
28	40	Lc
28	41	Lcp
28	42	Lcp
28	43	Lcp
28	44	Lcp
28	45	Lcp
28	46	Lcp
28	47	Lcp
28	48	Lcp
28	49	-1
28	50	L
28	51	-1
28	52	Lc
28	53	Lc
28	54	-1
28	55	Lc
28	56	Lc
28	57	L
28	58	L
28	59	L
28	60	-1
28	61	Uc
28	62	L
28	63	-1
28	64	L
28	65	L
28	66	L
28	67	L
28	68	-1
28	69	L
28	70	-1
28	71	L
28	72	Uc
28	73	L
28	74	L
28	75	L
28	76	L
28	77	L
28	78	Lc
28	79	L
28	80	L
28	81	-1
28	82	-1
28	83	Lc
28	84	Lc
28	85	Lc
28	86	Lc
28	87	Lc
28	88	L
28	89	Lc
28	90	Lc
28	91	-1
28	92	Lc
28	93	Lc
28	94	Lc
28	95	Lc
28	96	Lc
28	97	Lc
28	98	Lc
28	99	-1
28	100	L
28	101	Lc
28	102	Lc
28	103	Lc
28	104	-1
28	105	-1
28	106	Lc
28	107	Lc
28	108	Lc
28	109	Lc
28	110	Lc
28	111	Lc
28	112	Lc
28	113	L
28	114	L
28	115	L
28	116	L
28	117	L
28	118	L
28	119	L
29	0	L
29	1	L
29	2	L
29	3	-1
29	4	L
29	5	L
29	6	L
29	7	L
29	8	L
29	9	-1
29	10	Lc
29	11	Uc
29	12	L
29	13	L
29	14	Lc
29	15	L
29	16	L
29	17	Lc
29	18	Lc
29	19	-1
29	20	-1
29	21	Lc
29	22	Lc
29	23	Lc
29	24	Lc
29	25	Lc
29	26	Lc
29	27	Lc
29	28	Lc
29	29	Lc
29	30	Lc
29	31	Lc
29	32	Uc
29	33	Lc
29	34	Lc
29	35	Lc
29	36	Lc
29	37	-1
29	38	Lc
29	39	Lc
29	40	Lcp
29	41	Lcp
29	42	Lcp
29	43	Lcp
29	44	Lcp
29	45	Lcp
29	46	Lcp
29	47	Lcp
29	48	-1
29	49	Lcp
29	50	-1
29	51	-1
29	52	Lc
29	53	Lc
29	54	Lc
29	55	L
29	56	Lc
29	57	L
29	58	L
29	59	L
29	60	L
29	61	L
29	62	L
29	63	L
29	64	L
29	65	L
29	66	L
29	67	Uc
29	68	Uc
29	69	Lc
29	70	L
29	71	Uc
29	72	-1
29	73	-1
29	74	L
29	75	L
29	76	L
29	77	L
29	78	L
29	79	L
29	80	L
29	81	L
29	82	-1
29	83	Lc
29	84	Lc
29	85	Lc
29	86	Lc
29	87	L
29	88	-1
29	89	-1
29	90	Lc
29	91	Lc
29	92	Lc
29	93	Lc
29	94	Lc
29	95	Lc
29	96	-1
29	97	Lc
29	98	Lc
29	99	L
29	100	L
29	101	-1
29	102	L
29	103	-1
29	104	-1
29	105	-1
29	106	Lc
29	107	-1
29	108	-1
29	109	Lc
29	110	Lc
29	111	Lc
29	112	Lc
29	113	Lc
29	114	Lc
29	115	Lc
29	116	L
29	117	L
29	118	L
29	119	L
30	0	L
30	1	L
30	2	L
30	3	L
30	4	L
30	5	-1
30	6	L
30	7	L
30	8	L
30	9	L
30	10	Lc
30	11	Lc
30	12	Lc
30	13	L
30	14	L
30	15	L
30	16	U
30	17	L
30	18	Lc
30	19	Lc
30	20	Lc
30	21	Lc
30	22	Lc
30	23	Lc
30	24	-1
30	25	L
30	26	L
30	27	Lc
30	28	-1
30	29	Uc
30	30	Uc
30	31	Lc
30	32	-1
30	33	Lc
30	34	Lc
30	35	Lc
30	36	Lc
30	37	-1
30	38	-1
30	39	-1
30	40	Lc
30	41	Lcp
30	42	Lcp
30	43	Lcp
30	44	Lcp
30	45	Lcp
30	46	Lcp
30	47	-1
30	48	Lcp
30	49	L
30	50	Lcp
30	51	L
30	52	Lc
30	53	Lc
30	54	Lc
30	55	L
30	56	L
30	57	L
30	58	L
30	59	L
30	60	L
30	61	Lc
30	62	L
30	63	L
30	64	L
30	65	L
30	66	L
30	67	L
30	68	Lc
30	69	L
30	70	Uc
30	71	-1
30	72	L
30	73	-1
30	74	-1
30	75	L
30	76	L
30	77	L
30	78	L
30	79	-1
30	80	Lc
30	81	L
30	82	L
30	83	Lc
30	84	Lc
30	85	Lc
30	86	Uc
30	87	-1
30	88	Lc
30	89	Lc
30	90	-1
30	91	Lc
30	92	Lc
30	93	Lc
30	94	Lc
30	95	Lc
30	96	Lc
30	97	-1
30	98	L
30	99	L
30	100	L
30	101	L
30	102	-1
30	103	-1
30	104	Lc
30	105	-1
30	106	-1
30	107	Lc
30	108	-1
30	109	Lc
30	110	L
30	111	Lc
30	112	Lc
30	113	-1
30	114	Uc
30	115	Lc
30	116	-1
30	117	L
30	118	L
30	119	L
31	0	L
31	1	L
31	2	L
31	3	L
31	4	L
31	5	L
31	6	L
31	7	-1
31	8	L
31	9	L
31	10	Lc
31	11	Lc
31	12	L
31	13	L
31	14	L
31	15	-1
31	16	-1
31	17	L
31	18	L
31	19	-1
31	20	Lc
31	21	Lc
31	22	L
31	23	Lc
31	24	-1
31	25	Lc
31	26	Lc
31	27	Lc
31	28	Uc
31	29	Uc
31	30	-1
31	31	Lc
31	32	Lc
31	33	Lc
31	34	Lc
31	35	Lc
31	36	Lc
31	37	-1
31	38	-1
31	39	Lcp
31	40	Lcp
31	41	Lcp
31	42	Lcp
31	43	Lcp
31	44	Lcp
31	45	Lcp
31	46	Lcp
31	47	-1
31	48	Lc
31	49	Lc
31	50	U
31	51	Lcp
31	52	Lcp
31	53	L
31	54	Lc
31	55	Lc
31	56	L
31	57	L
31	58	-1
31	59	Lc
31	60	L
31	61	Lc
31	62	L
31	63	L
31	64	L
31	65	L
31	66	L
31	67	L
31	68	L
31	69	Uc
31	70	L
31	71	-1
31	72	-1
31	73	L
31	74	-1
31	75	L
31	76	-1
31	77	L
31	78	L
31	79	-1
31	80	Uc
31	81	Lc
31	82	Lc
31	83	Lc
31	84	Lc
31	85	Lc
31	86	Lc
31	87	Lc
31	88	Lc
31	89	-1
31	90	Lc
31	91	Lc
31	92	Lc
31	93	Lc
31	94	Lc
31	95	L
31	96	Lc
31	97	-1
31	98	-1
31	99	L
31	100	L
31	101	L
31	102	L
31	103	L
31	104	Lc
31	105	Lc
31	106	Lc
31	107	Lc
31	108	Lc
31	109	Lc
31	110	Lc
31	111	L
31	112	Lc
31	113	-1
31	114	Lc
31	115	-1
31	116	Lc
31	117	L
31	118	L
31	119	L
32	0	L
32	1	L
32	2	-1
32	3	L
32	4	L
32	5	-1
32	6	L
32	7	L
32	8	L
32	9	L
32	10	L
32	11	Lc
32	12	Lc
32	13	Lc
32	14	L
32	15	Lc
32	16	L
32	17	-1
32	18	L
32	19	Lc
32	20	Lc
32	21	Lc
32	22	L
32	23	L
32	24	Lc
32	25	Lc
32	26	Lc
32	27	Lc
32	28	Lc
32	29	Uc
32	30	-1
32	31	Lc
32	32	Lc
32	33	-1
32	34	Lc
32	35	-1
32	36	Lp
32	37	-1
32	38	-1
32	39	Lcp
32	40	Lcp
32	41	Lcp
32	42	-1
32	43	Lcp
32	44	Lcp
32	45	Lcp
32	46	Lcp
32	47	Lcp
32	48	Lc
32	49	-1
32	50	Lc
32	51	Lcp
32	52	-1
32	53	L
32	54	L
32	55	L
32	56	L
32	57	L
32	58	L
32	59	Lc
32	60	Lc
32	61	L
32	62	L
32	63	L
32	64	L
32	65	L
32	66	L
32	67	L
32	68	L
32	69	L
32	70	L
32	71	-1
32	72	-1
32	73	L
32	74	L
32	75	L
32	76	-1
32	77	L
32	78	L
32	79	Uc
32	80	Uc
32	81	Lc
32	82	Lc
32	83	Lc
32	84	-1
32	85	Lc
32	86	Lc
32	87	Lc
32	88	Lc
32	89	Uc
32	90	Lc
32	91	Uc
32	92	Lc
32	93	Lc
32	94	Lc
32	95	L
32	96	L
32	97	-1
32	98	L
32	99	Lc
32	100	Lc
32	101	-1
32	102	L
32	103	L
32	104	Lc
32	105	-1
32	106	Lc
32	107	-1
32	108	Lc
32	109	L
32	110	-1
32	111	-1
32	112	L
32	113	Lc
32	114	L
32	115	L
32	116	Lc
32	117	L
32	118	L
32	119	Lc
33	0	Lc
33	1	Lc
33	2	L
33	3	L
33	4	L
33	5	-1
33	6	-1
33	7	Lc
33	8	Lc
33	9	L
33	10	Uc
33	11	L
33	12	L
33	13	Lc
33	14	-1
33	15	L
33	16	Lc
33	17	Lc
33	18	Lc
33	19	L
33	20	L
33	21	L
33	22	-1
33	23	-1
33	24	-1
33	25	Lc
33	26	L
33	27	Lc
33	28	Lc
33	29	Lc
33	30	Lc
33	31	Lc
33	32	Lc
33	33	Lc
33	34	L
33	35	Lc
33	36	Lp
33	37	Lp
33	38	Lcp
33	39	Lcp
33	40	Lcp
33	41	Lcp
33	42	Lcp
33	43	-1
33	44	Lcp
33	45	Lcp
33	46	Lcp
33	47	Lcp
33	48	Lc
33	49	Lc
33	50	-1
33	51	Lc
33	52	L
33	53	L
33	54	-1
33	55	L
33	56	L
33	57	L
33	58	L
33	59	Lc
33	60	-1
33	61	L
33	62	Lc
33	63	L
33	64	L
33	65	-1
33	66	-1
33	67	L
33	68	L
33	69	L
33	70	L
33	71	L
33	72	L
33	73	-1
33	74	L
33	75	L
33	76	L
33	77	L
33	78	-1
33	79	L
33	80	Uc
33	81	Lc
33	82	L
33	83	L
33	84	L
33	85	Lc
33	86	-1
33	87	-1
33	88	Lc
33	89	Lc
33	90	-1
33	91	Lc
33	92	Lc
33	93	L
33	94	L
33	95	Lc
33	96	Lc
33	97	Lc
33	98	-1
33	99	-1
33	100	L
33	101	L
33	102	-1
33	103	-1
33	104	L
33	105	Lc
33	106	-1
33	107	Lc
33	108	Lc
33	109	Lc
33	110	Lc
33	111	L
33	112	L
33	113	L
33	114	U
33	115	L
33	116	L
33	117	L
33	118	L
33	119	Lc
34	0	L
34	1	L
34	2	L
34	3	L
34	4	L
34	5	L
34	6	L
34	7	Lc
34	8	L
34	9	Uc
34	10	-1
34	11	-1
34	12	L
34	13	L
34	14	Lc
34	15	L
34	16	L
34	17	Lc
34	18	-1
34	19	L
34	20	L
34	21	L
34	22	-1
34	23	L
34	24	-1
34	25	-1
34	26	L
34	27	-1
34	28	Lc
34	29	Lc
34	30	-1
34	31	-1
34	32	Lc
34	33	L
34	34	L
34	35	Lp
34	36	Lp
34	37	Lp
34	38	-1
34	39	-1
34	40	Lc
34	41	Lcp
34	42	Lcp
34	43	Lcp
34	44	Lcp
34	45	-1
34	46	Lcp
34	47	Lcp
34	48	Lc
34	49	L
34	50	-1
34	51	Lcp
34	52	L
34	53	L
34	54	L
34	55	L
34	56	L
34	57	L
34	58	-1
34	59	Lc
34	60	Lc
34	61	Lc
34	62	Lc
34	63	-1
34	64	L
34	65	-1
34	66	L
34	67	-1
34	68	L
34	69	L
34	70	L
34	71	L
34	72	L
34	73	L
34	74	L
34	75	L
34	76	-1
34	77	L
34	78	L
34	79	Lc
34	80	Lc
34	81	L
34	82	L
34	83	L
34	84	Lc
34	85	Lc
34	86	Lc
34	87	Lc
34	88	Lc
34	89	Lc
34	90	Lc
34	91	Lc
34	92	Lc
34	93	Lc
34	94	Lc
34	95	Lc
34	96	Lc
34	97	Lc
34	98	Lc
34	99	-1
34	100	Lc
34	101	L
34	102	L
34	103	L
34	104	L
34	105	Lc
34	106	-1
34	107	Lc
34	108	Lc
34	109	Lc
34	110	Lc
34	111	-1
34	112	L
34	113	L
34	114	L
34	115	L
34	116	L
34	117	L
34	118	L
34	119	-1
35	0	L
35	1	L
35	2	L
35	3	L
35	4	L
35	5	L
35	6	L
35	7	L
35	8	Lc
35	9	L
35	10	L
35	11	L
35	12	L
35	13	-1
35	14	L
35	15	L
35	16	-1
35	17	Lc
35	18	Lc
35	19	L
35	20	-1
35	21	L
35	22	L
35	23	L
35	24	L
35	25	Lc
35	26	Lc
35	27	Lc
35	28	Lc
35	29	-1
35	30	Lc
35	31	Lc
35	32	-1
35	33	Lc
35	34	L
35	35	Lp
35	36	Lp
35	37	Lp
35	38	-1
35	39	Lc
35	40	Lcp
35	41	Lcp
35	42	Lcp
35	43	-1
35	44	L
35	45	L
35	46	Lcp
35	47	Lcp
35	48	Lcp
35	49	-1
35	50	Lcp
35	51	Lp
35	52	-1
35	53	L
35	54	L
35	55	L
35	56	L
35	57	L
35	58	L
35	59	L
35	60	-1
35	61	Lc
35	62	Lc
35	63	Lc
35	64	-1
35	65	L
35	66	L
35	67	L
35	68	L
35	69	L
35	70	L
35	71	L
35	72	U
35	73	Lc
35	74	L
35	75	-1
35	76	L
35	77	L
35	78	Lc
35	79	L
35	80	Lc
35	81	L
35	82	-1
35	83	L
35	84	-1
35	85	-1
35	86	Lc
35	87	-1
35	88	Lc
35	89	Lc
35	90	Lc
35	91	Lc
35	92	-1
35	93	Lc
35	94	Lc
35	95	-1
35	96	Lc
35	97	Lc
35	98	-1
35	99	Lc
35	100	-1
35	101	Lc
35	102	L
35	103	Lc
35	104	Lc
35	105	L
35	106	Lc
35	107	Lc
35	108	Lc
35	109	Lc
35	110	-1
35	111	L
35	112	L
35	113	-1
35	114	-1
35	115	L
35	116	L
35	117	L
35	118	L
35	119	L
36	0	L
36	1	L
36	2	L
36	3	L
36	4	L
36	5	L
36	6	L
36	7	L
36	8	Lc
36	9	-1
36	10	L
36	11	L
36	12	Lc
36	13	Lc
36	14	L
36	15	Lc
36	16	Uc
36	17	Lc
36	18	Lc
36	19	Lc
36	20	L
36	21	L
36	22	L
36	23	L
36	24	Lc
36	25	Lc
36	26	Lc
36	27	Lc
36	28	Lc
36	29	-1
36	30	Lc
36	31	Lc
36	32	Lc
36	33	Lp
36	34	Lp
36	35	-1
36	36	Lp
36	37	Lcp
36	38	Lcp
36	39	Lp
36	40	Lp
36	41	Lp
36	42	Lcp
36	43	Lcp
36	44	L
36	45	Lp
36	46	Lp
36	47	Lcp
36	48	Lcp
36	49	Lcp
36	50	Lcp
36	51	Lcp
36	52	Lcp
36	53	L
36	54	-1
36	55	-1
36	56	L
36	57	L
36	58	-1
36	59	L
36	60	-1
36	61	-1
36	62	-1
36	63	Lc
36	64	Lc
36	65	Lc
36	66	L
36	67	Uc
36	68	Uc
36	69	L
36	70	L
36	71	L
36	72	U
36	73	L
36	74	Lc
36	75	L
36	76	L
36	77	L
36	78	-1
36	79	Lc
36	80	Lc
36	81	Lc
36	82	L
36	83	-1
36	84	Uc
36	85	-1
36	86	-1
36	87	Lc
36	88	Lc
36	89	Lc
36	90	Lc
36	91	-1
36	92	Lc
36	93	Lc
36	94	Lc
36	95	Lc
36	96	Lc
36	97	Lc
36	98	Lc
36	99	Lc
36	100	Lc
36	101	-1
36	102	-1
36	103	L
36	104	Lc
36	105	Lc
36	106	Lc
36	107	Lc
36	108	L
36	109	-1
36	110	Lc
36	111	Lc
36	112	Lc
36	113	L
36	114	L
36	115	L
36	116	L
36	117	L
36	118	L
36	119	L
37	0	L
37	1	L
37	2	L
37	3	L
37	4	-1
37	5	Lc
37	6	Lc
37	7	L
37	8	Lc
37	9	-1
37	10	L
37	11	Lc
37	12	L
37	13	Lc
37	14	Lc
37	15	-1
37	16	Lc
37	17	Lc
37	18	Lc
37	19	L
37	20	L
37	21	L
37	22	L
37	23	L
37	24	Lc
37	25	Lc
37	26	Lc
37	27	-1
37	28	Lc
37	29	Lc
37	30	-1
37	31	Lc
37	32	Lp
37	33	-1
37	34	-1
37	35	Lc
37	36	Lc
37	37	Lc
37	38	Lcp
37	39	Lp
37	40	Lp
37	41	Lp
37	42	Lcp
37	43	Lp
37	44	Lp
37	45	Lp
37	46	Lp
37	47	Lp
37	48	L
37	49	L
37	50	-1
37	51	L
37	52	Lcp
37	53	L
37	54	L
37	55	L
37	56	L
37	57	L
37	58	L
37	59	Lc
37	60	-1
37	61	Uc
37	62	Lc
37	63	Lc
37	64	-1
37	65	Lc
37	66	Uc
37	67	Lc
37	68	Uc
37	69	Uc
37	70	L
37	71	L
37	72	U
37	73	U
37	74	U
37	75	Lc
37	76	L
37	77	L
37	78	L
37	79	-1
37	80	L
37	81	-1
37	82	Lc
37	83	Lc
37	84	L
37	85	Uc
37	86	Uc
37	87	-1
37	88	Lc
37	89	Lc
37	90	Lc
37	91	Lc
37	92	-1
37	93	Lc
37	94	Lc
37	95	Lc
37	96	Lc
37	97	-1
37	98	L
37	99	Lc
37	100	-1
37	101	Lc
37	102	L
37	103	L
37	104	L
37	105	Lc
37	106	-1
37	107	Lc
37	108	Lc
37	109	Lc
37	110	Lc
37	111	Lc
37	112	L
37	113	L
37	114	L
37	115	L
37	116	L
37	117	L
37	118	L
37	119	L
38	0	L
38	1	L
38	2	L
38	3	L
38	4	-1
38	5	Lc
38	6	Lc
38	7	Lc
38	8	Lc
38	9	Lc
38	10	Lc
38	11	L
38	12	Lc
38	13	Lc
38	14	Uc
38	15	Uc
38	16	Lc
38	17	Uc
38	18	L
38	19	-1
38	20	L
38	21	-1
38	22	L
38	23	Lc
38	24	L
38	25	Lc
38	26	Lc
38	27	-1
38	28	Lc
38	29	Lc
38	30	L
38	31	-1
38	32	Lc
38	33	Lc
38	34	Lp
38	35	Lc
38	36	Lc
38	37	Lcp
38	38	-1
38	39	Lcp
38	40	-1
38	41	Lcp
38	42	Lp
38	43	Lp
38	44	Lp
38	45	Lp
38	46	-1
38	47	L
38	48	Lc
38	49	L
38	50	Lcp
38	51	L
38	52	L
38	53	L
38	54	L
38	55	L
38	56	Uc
38	57	-1
38	58	-1
38	59	L
38	60	Lc
38	61	Lc
38	62	Uc
38	63	Lc
38	64	Lc
38	65	-1
38	66	Lc
38	67	Lc
38	68	Uc
38	69	L
38	70	L
38	71	Lc
38	72	U
38	73	U
38	74	Lc
38	75	-1
38	76	Lc
38	77	L
38	78	L
38	79	L
38	80	Lc
38	81	-1
38	82	Lc
38	83	Lc
38	84	Lc
38	85	Uc
38	86	Lc
38	87	-1
38	88	Lc
38	89	Lc
38	90	Lc
38	91	Lc
38	92	Lc
38	93	Lc
38	94	Lc
38	95	Lc
38	96	-1
38	97	L
38	98	Uc
38	99	Lc
38	100	Lc
38	101	Lc
38	102	Lc
38	103	Lc
38	104	Lc
38	105	Lc
38	106	Lc
38	107	Lc
38	108	L
38	109	Lc
38	110	L
38	111	Lc
38	112	L
38	113	L
38	114	L
38	115	-1
38	116	L
38	117	L
38	118	L
38	119	L
39	0	L
39	1	-1
39	2	Uc
39	3	L
39	4	Lc
39	5	L
39	6	L
39	7	Lc
39	8	Lc
39	9	-1
39	10	Lc
39	11	Lc
39	12	Lc
39	13	Lc
39	14	Uc
39	15	-1
39	16	Uc
39	17	L
39	18	-1
39	19	L
39	20	L
39	21	L
39	22	L
39	23	L
39	24	L
39	25	L
39	26	Lc
39	27	Lc
39	28	Lc
39	29	L
39	30	-1
39	31	Lc
39	32	Lc
39	33	Lc
39	34	Lp
39	35	Lc
39	36	Lc
39	37	Lc
39	38	Lcp
39	39	Lcp
39	40	Lcp
39	41	Lcp
39	42	Lc
39	43	Lp
39	44	Lp
39	45	-1
39	46	L
39	47	-1
39	48	L
39	49	-1
39	50	L
39	51	L
39	52	L
39	53	-1
39	54	Uc
39	55	L
39	56	Uc
39	57	Uc
39	58	Uc
39	59	L
39	60	L
39	61	Lc
39	62	-1
39	63	Uc
39	64	Lc
39	65	L
39	66	Lc
39	67	Lc
39	68	L
39	69	L
39	70	-1
39	71	L
39	72	Lc
39	73	Lc
39	74	Lc
39	75	-1
39	76	Lc
39	77	L
39	78	L
39	79	-1
39	80	Lc
39	81	L
39	82	L
39	83	Lc
39	84	Lc
39	85	Lc
39	86	Lc
39	87	Lc
39	88	Lc
39	89	Lc
39	90	L
39	91	Lc
39	92	Lc
39	93	Lc
39	94	Lc
39	95	Lc
39	96	Lc
39	97	Lc
39	98	Lc
39	99	Lc
39	100	Lc
39	101	-1
39	102	-1
39	103	Lc
39	104	-1
39	105	Lc
39	106	Lc
39	107	L
39	108	L
39	109	-1
39	110	L
39	111	-1
39	112	L
39	113	L
39	114	L
39	115	L
39	116	L
39	117	U
39	118	L
39	119	L
40	0	-1
40	1	L
40	2	Uc
40	3	Lc
40	4	Lc
40	5	L
40	6	L
40	7	-1
40	8	Lc
40	9	Lc
40	10	Lc
40	11	Lc
40	12	Lc
40	13	Lc
40	14	Lc
40	15	-1
40	16	-1
40	17	L
40	18	L
40	19	-1
40	20	L
40	21	L
40	22	L
40	23	L
40	24	L
40	25	Lc
40	26	-1
40	27	Lc
40	28	Lc
40	29	Lc
40	30	Lc
40	31	Lc
40	32	Lc
40	33	Lc
40	34	Lc
40	35	Uc
40	36	Lc
40	37	Lc
40	38	Lcp
40	39	Lcp
40	40	Lcp
40	41	-1
40	42	-1
40	43	Lcp
40	44	Lp
40	45	Lp
40	46	Lp
40	47	-1
40	48	L
40	49	-1
40	50	-1
40	51	L
40	52	L
40	53	L
40	54	Uc
40	55	Uc
40	56	Uc
40	57	Uc
40	58	Uc
40	59	L
40	60	L
40	61	Uc
40	62	-1
40	63	Lc
40	64	Lc
40	65	Lc
40	66	Lc
40	67	Lc
40	68	L
40	69	L
40	70	L
40	71	Lc
40	72	Lc
40	73	Lc
40	74	L
40	75	Lc
40	76	-1
40	77	L
40	78	L
40	79	Lc
40	80	-1
40	81	L
40	82	-1
40	83	-1
40	84	Lc
40	85	Lc
40	86	Lc
40	87	Lc
40	88	-1
40	89	-1
40	90	Lc
40	91	L
40	92	Lc
40	93	Lc
40	94	L
40	95	Lc
40	96	Lc
40	97	Lc
40	98	Lc
40	99	-1
40	100	Lc
40	101	Lc
40	102	Lc
40	103	Lc
40	104	Lc
40	105	Lc
40	106	L
40	107	L
40	108	L
40	109	L
40	110	L
40	111	L
40	112	L
40	113	L
40	114	-1
40	115	L
40	116	-1
40	117	L
40	118	-1
40	119	U
41	0	L
41	1	L
41	2	Uc
41	3	Uc
41	4	L
41	5	L
41	6	L
41	7	L
41	8	L
41	9	L
41	10	Lc
41	11	Lc
41	12	-1
41	13	Uc
41	14	Lc
41	15	Lc
41	16	U
41	17	L
41	18	L
41	19	L
41	20	L
41	21	-1
41	22	-1
41	23	L
41	24	Lc
41	25	Lc
41	26	-1
41	27	Lc
41	28	-1
41	29	-1
41	30	L
41	31	L
41	32	-1
41	33	Lc
41	34	Lc
41	35	Lc
41	36	-1
41	37	Lcp
41	38	Lcp
41	39	-1
41	40	Lcp
41	41	Lc
41	42	Lcp
41	43	Lp
41	44	Lp
41	45	-1
41	46	Lc
41	47	Lc
41	48	Lc
41	49	L
41	50	L
41	51	L
41	52	L
41	53	L
41	54	L
41	55	Uc
41	56	Uc
41	57	Uc
41	58	-1
41	59	L
41	60	L
41	61	U
41	62	Lc
41	63	Lc
41	64	Lc
41	65	Lc
41	66	L
41	67	-1
41	68	-1
41	69	-1
41	70	L
41	71	-1
41	72	Lc
41	73	L
41	74	L
41	75	Lc
41	76	L
41	77	L
41	78	L
41	79	L
41	80	L
41	81	L
41	82	-1
41	83	L
41	84	Lc
41	85	L
41	86	L
41	87	Lc
41	88	Lc
41	89	Lc
41	90	Lc
41	91	Lc
41	92	L
41	93	Lc
41	94	L
41	95	-1
41	96	Lc
41	97	-1
41	98	-1
41	99	Lc
41	100	Lc
41	101	Lc
41	102	Lc
41	103	L
41	104	-1
41	105	-1
41	106	-1
41	107	L
41	108	L
41	109	L
41	110	L
41	111	L
41	112	L
41	113	L
41	114	-1
41	115	L
41	116	L
41	117	L
41	118	U
41	119	L
42	0	L
42	1	L
42	2	-1
42	3	L
42	4	L
42	5	L
42	6	L
42	7	-1
42	8	-1
42	9	Lc
42	10	Lc
42	11	Uc
42	12	-1
42	13	Uc
42	14	Uc
42	15	Lc
42	16	-1
42	17	L
42	18	L
42	19	L
42	20	-1
42	21	L
42	22	L
42	23	L
42	24	Lc
42	25	Lc
42	26	Lc
42	27	Lc
42	28	Lc
42	29	Lc
42	30	Lc
42	31	Lc
42	32	Lc
42	33	Lc
42	34	Lc
42	35	Lc
42	36	Lc
42	37	Lcp
42	38	Lcp
42	39	-1
42	40	Lcp
42	41	Lcp
42	42	Lcp
42	43	Lp
42	44	Lp
42	45	Lp
42	46	Lp
42	47	Lp
42	48	Lc
42	49	Lc
42	50	L
42	51	-1
42	52	-1
42	53	-1
42	54	-1
42	55	L
42	56	-1
42	57	Uc
42	58	L
42	59	-1
42	60	Uc
42	61	-1
42	62	Lc
42	63	Lc
42	64	Lc
42	65	L
42	66	L
42	67	L
42	68	L
42	69	L
42	70	L
42	71	L
42	72	Lc
42	73	L
42	74	Lc
42	75	-1
42	76	Lc
42	77	-1
42	78	L
42	79	L
42	80	-1
42	81	L
42	82	Uc
42	83	Uc
42	84	Lc
42	85	Lc
42	86	L
42	87	L
42	88	Lc
42	89	Lc
42	90	Lc
42	91	Lc
42	92	Uc
42	93	L
42	94	Lc
42	95	Lc
42	96	Lc
42	97	Lc
42	98	Lc
42	99	-1
42	100	Lc
42	101	Lc
42	102	Lc
42	103	-1
42	104	Lc
42	105	Lc
42	106	Lc
42	107	Lc
42	108	L
42	109	L
42	110	L
42	111	L
42	112	-1
42	113	L
42	114	L
42	115	-1
42	116	-1
42	117	U
42	118	-1
42	119	L
43	0	Lc
43	1	L
43	2	-1
43	3	L
43	4	L
43	5	L
43	6	L
43	7	L
43	8	L
43	9	L
43	10	Uc
43	11	Lc
43	12	Lc
43	13	-1
43	14	Lc
43	15	Lc
43	16	-1
43	17	-1
43	18	L
43	19	L
43	20	L
43	21	L
43	22	-1
43	23	L
43	24	L
43	25	Lp
43	26	L
43	27	-1
43	28	-1
43	29	Lc
43	30	Lc
43	31	Lc
43	32	Lc
43	33	-1
43	34	-1
43	35	-1
43	36	-1
43	37	Lcp
43	38	-1
43	39	L
43	40	L
43	41	Lp
43	42	Lp
43	43	Lp
43	44	L
43	45	Lp
43	46	-1
43	47	Lc
43	48	Lp
43	49	Lc
43	50	L
43	51	L
43	52	L
43	53	L
43	54	L
43	55	-1
43	56	Uc
43	57	Uc
43	58	-1
43	59	L
43	60	Uc
43	61	Uc
43	62	U
43	63	Lc
43	64	Lc
43	65	L
43	66	L
43	67	L
43	68	L
43	69	L
43	70	L
43	71	Lc
43	72	Lc
43	73	Lc
43	74	Lc
43	75	-1
43	76	Lc
43	77	Lc
43	78	Uc
43	79	Uc
43	80	Lc
43	81	Lc
43	82	Lc
43	83	Lc
43	84	Lc
43	85	L
43	86	Uc
43	87	L
43	88	Lc
43	89	Lc
43	90	Lc
43	91	Uc
43	92	Lc
43	93	Lc
43	94	Lc
43	95	-1
43	96	Lc
43	97	-1
43	98	Lc
43	99	Lc
43	100	Lc
43	101	Lc
43	102	Lc
43	103	Lc
43	104	Lc
43	105	-1
43	106	Lc
43	107	Lc
43	108	L
43	109	-1
43	110	L
43	111	L
43	112	L
43	113	L
43	114	L
43	115	-1
43	116	L
43	117	-1
43	118	-1
43	119	L
44	0	Lc
44	1	Lc
44	2	L
44	3	L
44	4	L
44	5	L
44	6	-1
44	7	L
44	8	L
44	9	L
44	10	-1
44	11	Lc
44	12	Lc
44	13	-1
44	14	Lc
44	15	Lc
44	16	Lc
44	17	U
44	18	L
44	19	U
44	20	L
44	21	L
44	22	-1
44	23	L
44	24	Lp
44	25	Lp
44	26	Lp
44	27	Lp
44	28	Lp
44	29	Lc
44	30	Lc
44	31	Lc
44	32	Lc
44	33	Lc
44	34	Lc
44	35	-1
44	36	L
44	37	-1
44	38	L
44	39	L
44	40	-1
44	41	L
44	42	Lp
44	43	L
44	44	Lp
44	45	-1
44	46	Lc
44	47	Lp
44	48	Lc
44	49	Lc
44	50	-1
44	51	L
44	52	L
44	53	L
44	54	-1
44	55	L
44	56	Uc
44	57	Lc
44	58	Uc
44	59	-1
44	60	Uc
44	61	U
44	62	Lc
44	63	-1
44	64	Uc
44	65	Uc
44	66	L
44	67	L
44	68	L
44	69	L
44	70	L
44	71	L
44	72	Lc
44	73	-1
44	74	Lc
44	75	Lc
44	76	Lc
44	77	Lc
44	78	L
44	79	L
44	80	Uc
44	81	Lc
44	82	Uc
44	83	-1
44	84	Uc
44	85	L
44	86	L
44	87	L
44	88	Lc
44	89	Lc
44	90	L
44	91	-1
44	92	L
44	93	Lc
44	94	Lc
44	95	Lc
44	96	-1
44	97	-1
44	98	Lc
44	99	Lc
44	100	Lc
44	101	-1
44	102	Lc
44	103	Lc
44	104	-1
44	105	Lc
44	106	L
44	107	L
44	108	L
44	109	L
44	110	L
44	111	L
44	112	L
44	113	L
44	114	L
44	115	L
44	116	L
44	117	L
44	118	L
44	119	Lc
45	0	-1
45	1	L
45	2	L
45	3	L
45	4	L
45	5	L
45	6	L
45	7	L
45	8	-1
45	9	L
45	10	L
45	11	L
45	12	L
45	13	L
45	14	Lc
45	15	Lc
45	16	Lc
45	17	Lc
45	18	U
45	19	L
45	20	U
45	21	L
45	22	L
45	23	Lp
45	24	Lp
45	25	Lp
45	26	-1
45	27	Lp
45	28	Lp
45	29	Lc
45	30	Lc
45	31	Lc
45	32	Lc
45	33	Lc
45	34	Lp
45	35	L
45	36	-1
45	37	U
45	38	L
45	39	L
45	40	L
45	41	L
45	42	L
45	43	Lp
45	44	-1
45	45	Lc
45	46	Lc
45	47	-1
45	48	-1
45	49	Lc
45	50	L
45	51	L
45	52	L
45	53	-1
45	54	L
45	55	L
45	56	L
45	57	L
45	58	L
45	59	Lc
45	60	-1
45	61	-1
45	62	-1
45	63	-1
45	64	Uc
45	65	Uc
45	66	Lc
45	67	Lc
45	68	Uc
45	69	L
45	70	-1
45	71	L
45	72	L
45	73	-1
45	74	-1
45	75	Lc
45	76	Lc
45	77	Lc
45	78	Lc
45	79	-1
45	80	Lc
45	81	Lc
45	82	Lc
45	83	Lc
45	84	Lc
45	85	L
45	86	L
45	87	L
45	88	-1
45	89	Lc
45	90	Lc
45	91	L
45	92	L
45	93	Lc
45	94	-1
45	95	Lc
45	96	Uc
45	97	Lc
45	98	Lc
45	99	Lc
45	100	Lc
45	101	Lc
45	102	Lc
45	103	Lc
45	104	-1
45	105	Lc
45	106	-1
45	107	-1
45	108	L
45	109	L
45	110	L
45	111	L
45	112	-1
45	113	-1
45	114	-1
45	115	L
45	116	L
45	117	L
45	118	Lc
45	119	-1
46	0	Lc
46	1	L
46	2	L
46	3	L
46	4	L
46	5	L
46	6	-1
46	7	L
46	8	L
46	9	L
46	10	-1
46	11	L
46	12	L
46	13	L
46	14	-1
46	15	-1
46	16	Lc
46	17	Lc
46	18	-1
46	19	U
46	20	U
46	21	U
46	22	U
46	23	Lp
46	24	Lp
46	25	Lp
46	26	-1
46	27	-1
46	28	-1
46	29	Lc
46	30	-1
46	31	Lc
46	32	Lc
46	33	Lc
46	34	Lp
46	35	-1
46	36	-1
46	37	Lc
46	38	Lp
46	39	-1
46	40	L
46	41	L
46	42	L
46	43	L
46	44	Lc
46	45	Lc
46	46	Lc
46	47	Lc
46	48	Lc
46	49	L
46	50	L
46	51	L
46	52	L
46	53	L
46	54	L
46	55	L
46	56	-1
46	57	Lc
46	58	L
46	59	Lc
46	60	Lc
46	61	Lc
46	62	Lc
46	63	Lc
46	64	Uc
46	65	Uc
46	66	Lc
46	67	Lc
46	68	Uc
46	69	Uc
46	70	Uc
46	71	-1
46	72	-1
46	73	Lc
46	74	Lc
46	75	-1
46	76	Lc
46	77	-1
46	78	Lc
46	79	Lc
46	80	Lc
46	81	Lc
46	82	Lc
46	83	Lc
46	84	L
46	85	-1
46	86	Lc
46	87	Lc
46	88	Lc
46	89	Lc
46	90	L
46	91	L
46	92	L
46	93	-1
46	94	Lc
46	95	Lc
46	96	Lc
46	97	Lc
46	98	-1
46	99	-1
46	100	-1
46	101	Lc
46	102	Lc
46	103	-1
46	104	Lc
46	105	Lc
46	106	-1
46	107	Lc
46	108	L
46	109	L
46	110	L
46	111	L
46	112	-1
46	113	-1
46	114	L
46	115	L
46	116	Uc
46	117	L
46	118	L
46	119	L
47	0	-1
47	1	-1
47	2	L
47	3	L
47	4	Lc
47	5	L
47	6	L
47	7	L
47	8	-1
47	9	L
47	10	L
47	11	L
47	12	L
47	13	L
47	14	L
47	15	-1
47	16	Lc
47	17	Lc
47	18	Lc
47	19	U
47	20	U
47	21	U
47	22	U
47	23	U
47	24	L
47	25	U
47	26	Lp
47	27	-1
47	28	-1
47	29	-1
47	30	Lc
47	31	L
47	32	L
47	33	-1
47	34	Lc
47	35	Lp
47	36	Lc
47	37	Lc
47	38	Lc
47	39	L
47	40	L
47	41	L
47	42	L
47	43	-1
47	44	Lc
47	45	-1
47	46	-1
47	47	Lc
47	48	L
47	49	-1
47	50	-1
47	51	L
47	52	L
47	53	L
47	54	-1
47	55	L
47	56	-1
47	57	L
47	58	Lc
47	59	Lc
47	60	L
47	61	L
47	62	Lc
47	63	-1
47	64	Lc
47	65	Lc
47	66	Lc
47	67	Uc
47	68	Uc
47	69	Uc
47	70	Uc
47	71	Lc
47	72	Lc
47	73	Lc
47	74	Lc
47	75	Lc
47	76	Lc
47	77	Lc
47	78	Lc
47	79	Lc
47	80	Lc
47	81	Lc
47	82	Lc
47	83	Lc
47	84	L
47	85	Lc
47	86	Lc
47	87	Lc
47	88	L
47	89	L
47	90	L
47	91	L
47	92	L
47	93	L
47	94	Lc
47	95	-1
47	96	Lc
47	97	-1
47	98	Lc
47	99	-1
47	100	Lc
47	101	Lc
47	102	Lc
47	103	Lc
47	104	Lc
47	105	Lc
47	106	-1
47	107	Lc
47	108	-1
47	109	L
47	110	L
47	111	L
47	112	U
47	113	-1
47	114	L
47	115	L
47	116	L
47	117	L
47	118	L
47	119	U
48	0	-1
48	1	-1
48	2	L
48	3	Lc
48	4	L
48	5	Lc
48	6	-1
48	7	-1
48	8	L
48	9	L
48	10	Lc
48	11	Uc
48	12	Uc
48	13	L
48	14	L
48	15	-1
48	16	U
48	17	-1
48	18	Lc
48	19	U
48	20	L
48	21	-1
48	22	U
48	23	U
48	24	L
48	25	Lp
48	26	Lp
48	27	Lp
48	28	-1
48	29	Lp
48	30	Lc
48	31	Lc
48	32	L
48	33	Lp
48	34	Lp
48	35	Lc
48	36	-1
48	37	Lc
48	38	Lc
48	39	-1
48	40	L
48	41	L
48	42	Lp
48	43	Lp
48	44	-1
48	45	Lc
48	46	U
48	47	Lp
48	48	-1
48	49	Lp
48	50	Lp
48	51	Lp
48	52	Lp
48	53	-1
48	54	-1
48	55	L
48	56	L
48	57	L
48	58	L
48	59	L
48	60	L
48	61	L
48	62	Lc
48	63	Uc
48	64	Uc
48	65	Uc
48	66	Uc
48	67	Uc
48	68	Uc
48	69	Uc
48	70	-1
48	71	Lc
48	72	Lc
48	73	Lc
48	74	Lc
48	75	-1
48	76	Lc
48	77	Lc
48	78	Lc
48	79	Lc
48	80	Lc
48	81	Lc
48	82	Lc
48	83	Lc
48	84	L
48	85	-1
48	86	Lc
48	87	Lc
48	88	L
48	89	Lc
48	90	Lc
48	91	Lc
48	92	L
48	93	-1
48	94	Lc
48	95	Lc
48	96	Lc
48	97	Lc
48	98	Lc
48	99	Lc
48	100	Lc
48	101	Lc
48	102	L
48	103	L
48	104	Lc
48	105	-1
48	106	Lc
48	107	Lc
48	108	Lc
48	109	-1
48	110	-1
48	111	-1
48	112	L
48	113	L
48	114	-1
48	115	L
48	116	-1
48	117	L
48	118	L
48	119	Lc
49	0	Lc
49	1	L
49	2	L
49	3	-1
49	4	-1
49	5	Lc
49	6	-1
49	7	-1
49	8	L
49	9	L
49	10	L
49	11	L
49	12	L
49	13	L
49	14	-1
49	15	L
49	16	L
49	17	U
49	18	-1
49	19	Lp
49	20	L
49	21	L
49	22	L
49	23	L
49	24	L
49	25	L
49	26	Lp
49	27	L
49	28	-1
49	29	Lp
49	30	Lc
49	31	Lp
49	32	Lc
49	33	-1
49	34	-1
49	35	Lp
49	36	Lc
49	37	L
49	38	Lc
49	39	-1
49	40	-1
49	41	Lp
49	42	Lp
49	43	Lp
49	44	Lp
49	45	Lp
49	46	Lp
49	47	Lp
49	48	Lp
49	49	Lp
49	50	Lp
49	51	Lp
49	52	L
49	53	Lp
49	54	Lp
49	55	L
49	56	L
49	57	L
49	58	L
49	59	L
49	60	L
49	61	Uc
49	62	Uc
49	63	Lc
49	64	Uc
49	65	Uc
49	66	Uc
49	67	Lc
49	68	Lc
49	69	-1
49	70	-1
49	71	Lc
49	72	Lc
49	73	Lc
49	74	-1
49	75	Lc
49	76	Lc
49	77	Lc
49	78	Lc
49	79	Lc
49	80	Lc
49	81	Lc
49	82	Lc
49	83	Lc
49	84	Lc
49	85	Lc
49	86	L
49	87	Lc
49	88	Lc
49	89	-1
49	90	Lc
49	91	Lc
49	92	Lc
49	93	Lc
49	94	L
49	95	Lc
49	96	-1
49	97	Lc
49	98	Lc
49	99	Lc
49	100	Lc
49	101	-1
49	102	L
49	103	L
49	104	Lc
49	105	Lc
49	106	Lc
49	107	Lc
49	108	L
49	109	L
49	110	Lc
49	111	L
49	112	-1
49	113	L
49	114	-1
49	115	-1
49	116	L
49	117	L
49	118	L
49	119	Lc
50	0	-1
50	1	Lc
50	2	Lc
50	3	U
50	4	U
50	5	Lc
50	6	Lc
50	7	L
50	8	L
50	9	L
50	10	L
50	11	L
50	12	-1
50	13	L
50	14	L
50	15	U
50	16	U
50	17	Lp
50	18	Lp
50	19	L
50	20	L
50	21	L
50	22	-1
50	23	-1
50	24	-1
50	25	L
50	26	Lp
50	27	-1
50	28	L
50	29	Lp
50	30	Lp
50	31	Lp
50	32	Lp
50	33	Lp
50	34	Lp
50	35	Lc
50	36	L
50	37	Lc
50	38	-1
50	39	Lc
50	40	L
50	41	Lp
50	42	Lp
50	43	-1
50	44	Lp
50	45	Lp
50	46	Lp
50	47	Lp
50	48	Lp
50	49	Lp
50	50	Lp
50	51	-1
50	52	Lp
50	53	L
50	54	Lp
50	55	Lp
50	56	-1
50	57	L
50	58	-1
50	59	Lp
50	60	Lp
50	61	Lp
50	62	Lp
50	63	Uc
50	64	-1
50	65	Uc
50	66	Uc
50	67	-1
50	68	Uc
50	69	-1
50	70	Lc
50	71	Lc
50	72	Lc
50	73	Lc
50	74	-1
50	75	-1
50	76	L
50	77	Lc
50	78	Lc
50	79	-1
50	80	Lc
50	81	Lc
50	82	Lc
50	83	Lc
50	84	Lc
50	85	-1
50	86	Lc
50	87	Lc
50	88	Lc
50	89	Lc
50	90	Lc
50	91	-1
50	92	Lc
50	93	L
50	94	-1
50	95	-1
50	96	L
50	97	L
50	98	Lc
50	99	-1
50	100	-1
50	101	Lc
50	102	L
50	103	Lc
50	104	Lc
50	105	Lc
50	106	Uc
50	107	Lc
50	108	L
50	109	Lc
50	110	Lc
50	111	L
50	112	Lc
50	113	Lc
50	114	-1
50	115	-1
50	116	L
50	117	U
50	118	U
50	119	Lc
51	0	L
51	1	-1
51	2	-1
51	3	U
51	4	-1
51	5	L
51	6	L
51	7	L
51	8	L
51	9	L
51	10	-1
51	11	L
51	12	L
51	13	L
51	14	L
51	15	L
51	16	Lp
51	17	Lp
51	18	Lp
51	19	L
51	20	L
51	21	L
51	22	L
51	23	-1
51	24	L
51	25	-1
51	26	-1
51	27	Lp
51	28	L
51	29	L
51	30	-1
51	31	Lp
51	32	Lp
51	33	Lp
51	34	Lp
51	35	Lp
51	36	Lp
51	37	Lc
51	38	Lc
51	39	Lp
51	40	Lp
51	41	Lp
51	42	Lp
51	43	Lp
51	44	Lp
51	45	Lp
51	46	Lp
51	47	Lp
51	48	Lp
51	49	L
51	50	-1
51	51	L
51	52	Lp
51	53	-1
51	54	L
51	55	-1
51	56	L
51	57	L
51	58	Lp
51	59	Lp
51	60	-1
51	61	Lp
51	62	-1
51	63	Lp
51	64	-1
51	65	-1
51	66	Uc
51	67	Uc
51	68	Lc
51	69	Lc
51	70	Lc
51	71	Lc
51	72	Lc
51	73	Lc
51	74	Lc
51	75	-1
51	76	Lc
51	77	-1
51	78	L
51	79	Lc
51	80	Lc
51	81	-1
51	82	Lc
51	83	Lc
51	84	Lc
51	85	Lc
51	86	L
51	87	L
51	88	Lc
51	89	Lc
51	90	Lc
51	91	Lc
51	92	Lc
51	93	Lc
51	94	Lc
51	95	L
51	96	L
51	97	L
51	98	L
51	99	-1
51	100	Lc
51	101	Lc
51	102	Lc
51	103	Lc
51	104	Lc
51	105	Lc
51	106	Lc
51	107	Lc
51	108	Lc
51	109	Lc
51	110	Lc
51	111	Lc
51	112	Lc
51	113	L
51	114	-1
51	115	L
51	116	L
51	117	-1
51	118	U
51	119	Lc
52	0	L
52	1	-1
52	2	Lc
52	3	U
52	4	U
52	5	L
52	6	Lc
52	7	Lc
52	8	Lc
52	9	-1
52	10	-1
52	11	-1
52	12	L
52	13	L
52	14	Lp
52	15	L
52	16	L
52	17	Lp
52	18	Lp
52	19	U
52	20	L
52	21	L
52	22	L
52	23	L
52	24	L
52	25	-1
52	26	L
52	27	-1
52	28	-1
52	29	L
52	30	-1
52	31	L
52	32	L
52	33	-1
52	34	Lp
52	35	Lp
52	36	Lp
52	37	Lp
52	38	Lp
52	39	Lc
52	40	U
52	41	Lp
52	42	Lp
52	43	Lp
52	44	Lp
52	45	Lp
52	46	Lp
52	47	Lp
52	48	Lp
52	49	-1
52	50	-1
52	51	L
52	52	Lp
52	53	Lp
52	54	L
52	55	L
52	56	Lp
52	57	Lp
52	58	Lp
52	59	Lp
52	60	Lp
52	61	Lp
52	62	Lp
52	63	L
52	64	-1
52	65	-1
52	66	Uc
52	67	-1
52	68	-1
52	69	Uc
52	70	Lc
52	71	-1
52	72	Lc
52	73	Lc
52	74	Lc
52	75	Lc
52	76	-1
52	77	-1
52	78	Uc
52	79	U
52	80	Lc
52	81	Lc
52	82	Lc
52	83	Uc
52	84	Lc
52	85	Lc
52	86	Lc
52	87	Lc
52	88	-1
52	89	L
52	90	Lc
52	91	Lc
52	92	Lc
52	93	-1
52	94	Lc
52	95	Lc
52	96	L
52	97	-1
52	98	L
52	99	L
52	100	-1
52	101	-1
52	102	Lc
52	103	-1
52	104	-1
52	105	Lc
52	106	Lc
52	107	Lc
52	108	Lc
52	109	-1
52	110	-1
52	111	Lc
52	112	Lc
52	113	Lc
52	114	-1
52	115	-1
52	116	L
52	117	L
52	118	-1
52	119	L
53	0	Lc
53	1	Lc
53	2	U
53	3	L
53	4	L
53	5	L
53	6	Lc
53	7	Lc
53	8	Lc
53	9	-1
53	10	Lc
53	11	Lc
53	12	-1
53	13	Lp
53	14	L
53	15	U
53	16	-1
53	17	L
53	18	L
53	19	U
53	20	-1
53	21	L
53	22	L
53	23	L
53	24	L
53	25	L
53	26	L
53	27	L
53	28	Lp
53	29	Lp
53	30	L
53	31	L
53	32	L
53	33	L
53	34	Lp
53	35	L
53	36	Lp
53	37	Lp
53	38	Lc
53	39	-1
53	40	Lp
53	41	Lp
53	42	Lp
53	43	-1
53	44	Lp
53	45	-1
53	46	Lp
53	47	Lp
53	48	-1
53	49	Lp
53	50	L
53	51	Lp
53	52	Lp
53	53	Lp
53	54	L
53	55	L
53	56	U
53	57	Lp
53	58	Lp
53	59	Lp
53	60	Lp
53	61	Lp
53	62	Lp
53	63	Lp
53	64	Lp
53	65	Lcp
53	66	Uc
53	67	Uc
53	68	Uc
53	69	Lc
53	70	Lc
53	71	Lc
53	72	Lc
53	73	Lc
53	74	Lc
53	75	Lc
53	76	U
53	77	L
53	78	-1
53	79	U
53	80	Uc
53	81	Lc
53	82	Lc
53	83	Uc
53	84	Lc
53	85	Uc
53	86	Uc
53	87	Lc
53	88	Uc
53	89	L
53	90	Lc
53	91	Lc
53	92	Lc
53	93	Lc
53	94	Lc
53	95	Lc
53	96	Lc
53	97	Lc
53	98	Lc
53	99	Lc
53	100	Lc
53	101	Lc
53	102	Lc
53	103	-1
53	104	Lc
53	105	Lc
53	106	Lc
53	107	Lc
53	108	Lc
53	109	Lc
53	110	-1
53	111	Lc
53	112	Lc
53	113	Lc
53	114	-1
53	115	Lc
53	116	L
53	117	-1
53	118	Lc
53	119	L
54	0	-1
54	1	Lc
54	2	Lc
54	3	U
54	4	Lc
54	5	Lc
54	6	Lc
54	7	Lc
54	8	Lc
54	9	Lc
54	10	Lp
54	11	Lc
54	12	Lc
54	13	Lp
54	14	-1
54	15	-1
54	16	Lp
54	17	-1
54	18	-1
54	19	L
54	20	L
54	21	L
54	22	L
54	23	L
54	24	L
54	25	L
54	26	L
54	27	L
54	28	-1
54	29	Lp
54	30	-1
54	31	-1
54	32	-1
54	33	-1
54	34	Lp
54	35	Lp
54	36	L
54	37	Lc
54	38	Lc
54	39	Lp
54	40	-1
54	41	Lp
54	42	Lp
54	43	Lp
54	44	Lp
54	45	Lp
54	46	Lp
54	47	Lp
54	48	U
54	49	Lc
54	50	Lc
54	51	-1
54	52	-1
54	53	-1
54	54	L
54	55	L
54	56	U
54	57	Lp
54	58	Lp
54	59	Lp
54	60	Lp
54	61	Lp
54	62	Lp
54	63	Lp
54	64	Lp
54	65	Lp
54	66	Lp
54	67	-1
54	68	Lc
54	69	Uc
54	70	Lc
54	71	-1
54	72	Lc
54	73	Lc
54	74	Uc
54	75	U
54	76	L
54	77	-1
54	78	-1
54	79	U
54	80	U
54	81	Lc
54	82	-1
54	83	Lc
54	84	Uc
54	85	Lc
54	86	Lc
54	87	Uc
54	88	Uc
54	89	Lc
54	90	Lc
54	91	-1
54	92	Lc
54	93	Lc
54	94	Lc
54	95	Lc
54	96	Lc
54	97	-1
54	98	Lc
54	99	Lc
54	100	Lc
54	101	Lc
54	102	-1
54	103	Lc
54	104	Lc
54	105	Lc
54	106	Lc
54	107	-1
54	108	Lc
54	109	Lc
54	110	L
54	111	-1
54	112	Lc
54	113	L
54	114	L
54	115	Lc
54	116	L
54	117	L
54	118	L
54	119	Lc
55	0	-1
55	1	Lc
55	2	U
55	3	-1
55	4	Lc
55	5	U
55	6	Lc
55	7	Lc
55	8	-1
55	9	Lc
55	10	Lc
55	11	-1
55	12	Lc
55	13	-1
55	14	-1
55	15	Lp
55	16	-1
55	17	Lp
55	18	L
55	19	L
55	20	L
55	21	-1
55	22	-1
55	23	L
55	24	-1
55	25	L
55	26	L
55	27	-1
55	28	Lp
55	29	L
55	30	L
55	31	L
55	32	Lp
55	33	Lp
55	34	Lp
55	35	Lp
55	36	Lp
55	37	Lp
55	38	Lp
55	39	Lc
55	40	-1
55	41	Lp
55	42	Lp
55	43	-1
55	44	Lp
55	45	-1
55	46	Lp
55	47	Lp
55	48	Lp
55	49	U
55	50	U
55	51	-1
55	52	Lp
55	53	Lp
55	54	L
55	55	U
55	56	Lp
55	57	Lp
55	58	Lp
55	59	-1
55	60	Lcp
55	61	Lcp
55	62	-1
55	63	Lcp
55	64	Lcp
55	65	-1
55	66	-1
55	67	Lcp
55	68	Lcp
55	69	-1
55	70	Lc
55	71	U
55	72	Uc
55	73	Uc
55	74	L
55	75	L
55	76	L
55	77	U
55	78	-1
55	79	U
55	80	U
55	81	-1
55	82	-1
55	83	Lc
55	84	-1
55	85	Lc
55	86	Lc
55	87	Uc
55	88	Uc
55	89	Uc
55	90	-1
55	91	Lc
55	92	-1
55	93	Lc
55	94	Lc
55	95	-1
55	96	Lc
55	97	-1
55	98	-1
55	99	-1
55	100	Lc
55	101	Lc
55	102	Lc
55	103	-1
55	104	Lc
55	105	Lc
55	106	Lc
55	107	-1
55	108	Uc
55	109	L
55	110	Lc
55	111	Lc
55	112	Lc
55	113	L
55	114	Lc
55	115	U
55	116	L
55	117	L
55	118	Lc
55	119	Lc
56	0	Lc
56	1	U
56	2	U
56	3	-1
56	4	-1
56	5	-1
56	6	Lc
56	7	Lc
56	8	-1
56	9	L
56	10	Lc
56	11	Lc
56	12	Lc
56	13	Lp
56	14	-1
56	15	Lc
56	16	Lc
56	17	Lc
56	18	Lc
56	19	Lc
56	20	-1
56	21	L
56	22	L
56	23	L
56	24	L
56	25	Lc
56	26	L
56	27	Lc
56	28	L
56	29	-1
56	30	L
56	31	L
56	32	L
56	33	L
56	34	Lp
56	35	Lp
56	36	U
56	37	-1
56	38	Lp
56	39	Lp
56	40	Lp
56	41	Lp
56	42	-1
56	43	-1
56	44	-1
56	45	Lp
56	46	Lp
56	47	Lp
56	48	Lp
56	49	Lp
56	50	Lc
56	51	U
56	52	U
56	53	Lp
56	54	L
56	55	-1
56	56	Lp
56	57	Lp
56	58	Lp
56	59	Lp
56	60	Lp
56	61	Lcp
56	62	-1
56	63	Lcp
56	64	-1
56	65	Uc
56	66	-1
56	67	Lp
56	68	-1
56	69	-1
56	70	Lcp
56	71	-1
56	72	-1
56	73	Uc
56	74	Uc
56	75	L
56	76	L
56	77	L
56	78	Lc
56	79	-1
56	80	Lc
56	81	Lc
56	82	Lc
56	83	Lc
56	84	Lc
56	85	Lc
56	86	Uc
56	87	Lc
56	88	-1
56	89	Uc
56	90	-1
56	91	Lc
56	92	-1
56	93	Lc
56	94	Lc
56	95	L
56	96	L
56	97	-1
56	98	Lc
56	99	Lc
56	100	-1
56	101	Lc
56	102	-1
56	103	Lc
56	104	-1
56	105	-1
56	106	Lc
56	107	Uc
56	108	Lc
56	109	-1
56	110	Lc
56	111	Lc
56	112	Lc
56	113	L
56	114	-1
56	115	L
56	116	L
56	117	Lc
56	118	Lc
56	119	Lc
57	0	Lc
57	1	-1
57	2	-1
57	3	-1
57	4	-1
57	5	-1
57	6	Lc
57	7	-1
57	8	L
57	9	L
57	10	L
57	11	-1
57	12	Lp
57	13	Lp
57	14	Lc
57	15	Lc
57	16	Lp
57	17	Lc
57	18	Lc
57	19	-1
57	20	Lc
57	21	L
57	22	L
57	23	L
57	24	-1
57	25	L
57	26	Lc
57	27	Lc
57	28	-1
57	29	Lp
57	30	-1
57	31	-1
57	32	L
57	33	-1
57	34	L
57	35	-1
57	36	-1
57	37	L
57	38	L
57	39	L
57	40	L
57	41	L
57	42	Lp
57	43	Lp
57	44	Lp
57	45	Lp
57	46	Lp
57	47	Lp
57	48	U
57	49	U
57	50	Lp
57	51	Lp
57	52	-1
57	53	Lp
57	54	-1
57	55	Lp
57	56	-1
57	57	-1
57	58	-1
57	59	Lp
57	60	Lp
57	61	Lp
57	62	Lp
57	63	Lp
57	64	Lcp
57	65	Uc
57	66	Lp
57	67	Lp
57	68	Lcp
57	69	Lc
57	70	Lcp
57	71	Lcp
57	72	Lcp
57	73	Lc
57	74	Uc
57	75	L
57	76	-1
57	77	L
57	78	L
57	79	Lc
57	80	-1
57	81	Lc
57	82	-1
57	83	Lc
57	84	Lc
57	85	Lc
57	86	Lc
57	87	Lc
57	88	Uc
57	89	Lc
57	90	Lc
57	91	L
57	92	Lc
57	93	Lc
57	94	L
57	95	L
57	96	Lc
57	97	Lc
57	98	-1
57	99	Lc
57	100	Lc
57	101	Lc
57	102	U
57	103	-1
57	104	Lc
57	105	-1
57	106	-1
57	107	-1
57	108	Uc
57	109	Lc
57	110	-1
57	111	-1
57	112	Lc
57	113	Lc
57	114	Lc
57	115	L
57	116	Lc
57	117	-1
57	118	Lc
57	119	Lc
58	0	Lc
58	1	U
58	2	U
58	3	U
58	4	U
58	5	-1
58	6	Lc
58	7	-1
58	8	-1
58	9	L
58	10	Lc
58	11	L
58	12	Lc
58	13	Lp
58	14	-1
58	15	Lc
58	16	Lc
58	17	-1
58	18	-1
58	19	Lc
58	20	Lp
58	21	Lp
58	22	Lc
58	23	Lc
58	24	Lc
58	25	-1
58	26	L
58	27	Lc
58	28	Lp
58	29	Lp
58	30	U
58	31	U
58	32	-1
58	33	-1
58	34	L
58	35	L
58	36	-1
58	37	L
58	38	L
58	39	L
58	40	L
58	41	L
58	42	L
58	43	Lp
58	44	-1
58	45	Lp
58	46	Lp
58	47	Lp
58	48	U
58	49	-1
58	50	Lp
58	51	Lp
58	52	-1
58	53	Lp
58	54	L
58	55	Lp
58	56	Lp
58	57	Lp
58	58	Lp
58	59	-1
58	60	Lp
58	61	-1
58	62	Lp
58	63	-1
58	64	Lp
58	65	Lp
58	66	Uc
58	67	Lp
58	68	Lc
58	69	Lc
58	70	Lc
58	71	Lcp
58	72	Uc
58	73	Uc
58	74	-1
58	75	Lc
58	76	Lc
58	77	L
58	78	Lc
58	79	Lc
58	80	-1
58	81	Lc
58	82	Lc
58	83	Lc
58	84	-1
58	85	Lc
58	86	Lc
58	87	Lc
58	88	Lc
58	89	Lc
58	90	Lc
58	91	Lc
58	92	L
58	93	Lc
58	94	Lc
58	95	Lc
58	96	Lc
58	97	Lc
58	98	-1
58	99	-1
58	100	-1
58	101	-1
58	102	U
58	103	Lc
58	104	Lc
58	105	-1
58	106	Lc
58	107	Uc
58	108	Uc
58	109	Uc
58	110	L
58	111	L
58	112	Lc
58	113	Lc
58	114	Lc
58	115	Lc
58	116	Lc
58	117	Lc
58	118	Lc
58	119	Lc
59	0	U
59	1	-1
59	2	Lc
59	3	Lc
59	4	U
59	5	Lc
59	6	Lc
59	7	Lc
59	8	Lc
59	9	Lc
59	10	Lc
59	11	-1
59	12	Lp
59	13	Lp
59	14	Lp
59	15	-1
59	16	Lc
59	17	-1
59	18	Lc
59	19	Lc
59	20	Lc
59	21	Lp
59	22	-1
59	23	Lc
59	24	Lc
59	25	Lc
59	26	Lc
59	27	Lp
59	28	L
59	29	Lp
59	30	Lp
59	31	-1
59	32	U
59	33	L
59	34	-1
59	35	-1
59	36	L
59	37	L
59	38	-1
59	39	L
59	40	L
59	41	L
59	42	L
59	43	-1
59	44	Lp
59	45	Lp
59	46	Lp
59	47	U
59	48	U
59	49	-1
59	50	Lp
59	51	Lp
59	52	Lp
59	53	Lp
59	54	L
59	55	Lp
59	56	L
59	57	-1
59	58	Lp
59	59	Lp
59	60	Lp
59	61	Lp
59	62	-1
59	63	Lcp
59	64	-1
59	65	Lcp
59	66	Lcp
59	67	Lcp
59	68	Lp
59	69	Lcp
59	70	Lcp
59	71	Uc
59	72	Lc
59	73	Lcp
59	74	-1
59	75	Lc
59	76	Lc
59	77	L
59	78	Lc
59	79	Lc
59	80	Lc
59	81	Lc
59	82	Lc
59	83	Lc
59	84	Lc
59	85	Lc
59	86	-1
59	87	Lc
59	88	Lc
59	89	Lc
59	90	-1
59	91	Lc
59	92	Lc
59	93	Lc
59	94	Lc
59	95	Lc
59	96	Lc
59	97	Lc
59	98	Lc
59	99	-1
59	100	Lc
59	101	-1
59	102	U
59	103	U
59	104	Uc
59	105	-1
59	106	Uc
59	107	Uc
59	108	-1
59	109	-1
59	110	L
59	111	L
59	112	L
59	113	Lc
59	114	Lc
59	115	-1
59	116	Lc
59	117	Lc
59	118	Lc
59	119	-1
60	0	Lc
60	1	Lc
60	2	Lc
60	3	U
60	4	Lc
60	5	Lc
60	6	Lc
60	7	Lc
60	8	Lc
60	9	Lc
60	10	Lc
60	11	Lc
60	12	-1
60	13	U
60	14	-1
60	15	U
60	16	Lc
60	17	Lc
60	18	Lc
60	19	Lc
60	20	Lc
60	21	-1
60	22	Lp
60	23	Lc
60	24	Lc
60	25	L
60	26	Lc
60	27	Lc
60	28	-1
60	29	Lp
60	30	L
60	31	L
60	32	L
60	33	Lc
60	34	L
60	35	Lc
60	36	L
60	37	L
60	38	L
60	39	-1
60	40	L
60	41	Lc
60	42	-1
60	43	Lp
60	44	Lp
60	45	L
60	46	-1
60	47	L
60	48	L
60	49	Lp
60	50	-1
60	51	-1
60	52	Lp
60	53	-1
60	54	L
60	55	L
60	56	Lp
60	57	L
60	58	Lp
60	59	-1
60	60	Lp
60	61	Lp
60	62	Lp
60	63	Lp
60	64	Lp
60	65	Lcp
60	66	Lcp
60	67	-1
60	68	-1
60	69	Lcp
60	70	Lcp
60	71	Lc
60	72	Lcp
60	73	-1
60	74	-1
60	75	Lc
60	76	Lc
60	77	Lc
60	78	Lc
60	79	Lc
60	80	-1
60	81	Lc
60	82	Lc
60	83	Lc
60	84	-1
60	85	-1
60	86	Lc
60	87	Lc
60	88	Lc
60	89	Lc
60	90	Lc
60	91	Lc
60	92	Lc
60	93	Lc
60	94	-1
60	95	Lc
60	96	Lc
60	97	Lc
60	98	Lc
60	99	-1
60	100	-1
60	101	-1
60	102	Lc
60	103	Lc
60	104	Uc
60	105	Uc
60	106	U
60	107	Uc
60	108	Uc
60	109	-1
60	110	Lc
60	111	-1
60	112	Lc
60	113	Lc
60	114	Lc
60	115	-1
60	116	Lc
60	117	Lc
60	118	Lc
60	119	Lc
61	0	Lc
61	1	Lc
61	2	Lc
61	3	Lc
61	4	Lc
61	5	Lc
61	6	Lc
61	7	Lc
61	8	Lc
61	9	Lc
61	10	Lc
61	11	Lc
61	12	Lc
61	13	Lc
61	14	U
61	15	Lc
61	16	Lp
61	17	Lc
61	18	Lc
61	19	-1
61	20	Lc
61	21	Lc
61	22	Lc
61	23	Lp
61	24	Lc
61	25	L
61	26	Lc
61	27	Lc
61	28	Lc
61	29	L
61	30	L
61	31	L
61	32	Lp
61	33	Lp
61	34	-1
61	35	L
61	36	L
61	37	L
61	38	L
61	39	L
61	40	Lc
61	41	L
61	42	L
61	43	Lc
61	44	L
61	45	L
61	46	-1
61	47	Lp
61	48	Lp
61	49	Lp
61	50	-1
61	51	Lp
61	52	L
61	53	L
61	54	L
61	55	L
61	56	Lc
61	57	Lp
61	58	Lp
61	59	-1
61	60	Lp
61	61	Lp
61	62	Lp
61	63	-1
61	64	L
61	65	Lp
61	66	-1
61	67	-1
61	68	Uc
61	69	Lcp
61	70	Lcp
61	71	-1
61	72	-1
61	73	-1
61	74	Lc
61	75	Lc
61	76	Lc
61	77	Lc
61	78	Lc
61	79	Lc
61	80	Lc
61	81	Lc
61	82	Lc
61	83	-1
61	84	Lc
61	85	-1
61	86	Lc
61	87	Lc
61	88	-1
61	89	Lc
61	90	Lc
61	91	Lc
61	92	Lc
61	93	-1
61	94	Lc
61	95	-1
61	96	Lc
61	97	Lc
61	98	Lc
61	99	Lc
61	100	Lc
61	101	-1
61	102	Lc
61	103	Lc
61	104	Lc
61	105	Uc
61	106	-1
61	107	U
61	108	Uc
61	109	L
61	110	-1
61	111	U
61	112	-1
61	113	Lc
61	114	Lc
61	115	-1
61	116	Lc
61	117	Lc
61	118	Lc
61	119	Lc
62	0	-1
62	1	-1
62	2	-1
62	3	Lc
62	4	Lc
62	5	-1
62	6	Lc
62	7	-1
62	8	Lc
62	9	Lc
62	10	L
62	11	Lc
62	12	-1
62	13	-1
62	14	Lc
62	15	U
62	16	Lc
62	17	Lp
62	18	Lc
62	19	Lp
62	20	Lc
62	21	Lc
62	22	Lc
62	23	Lc
62	24	Lp
62	25	L
62	26	Lp
62	27	Lc
62	28	-1
62	29	Lc
62	30	L
62	31	Lc
62	32	Lp
62	33	Lp
62	34	Lp
62	35	L
62	36	Lc
62	37	L
62	38	L
62	39	Lc
62	40	Lc
62	41	Lc
62	42	Lc
62	43	Lc
62	44	L
62	45	-1
62	46	Lc
62	47	Lc
62	48	Lp
62	49	L
62	50	L
62	51	L
62	52	L
62	53	L
62	54	-1
62	55	Lc
62	56	-1
62	57	Lc
62	58	Lc
62	59	Lc
62	60	L
62	61	L
62	62	L
62	63	L
62	64	Lp
62	65	-1
62	66	Lp
62	67	Lp
62	68	L
62	69	Lc
62	70	L
62	71	Lc
62	72	L
62	73	Lc
62	74	-1
62	75	Lc
62	76	Lc
62	77	Lc
62	78	Lc
62	79	-1
62	80	Uc
62	81	Lc
62	82	Lc
62	83	Lc
62	84	Lc
62	85	-1
62	86	-1
62	87	L
62	88	L
62	89	Lc
62	90	-1
62	91	Lc
62	92	U
62	93	Lc
62	94	U
62	95	U
62	96	L
62	97	-1
62	98	Lc
62	99	Lc
62	100	-1
62	101	-1
62	102	Lc
62	103	Lc
62	104	Lc
62	105	Uc
62	106	U
62	107	Uc
62	108	Uc
62	109	Uc
62	110	L
62	111	U
62	112	Lc
62	113	Lc
62	114	Lc
62	115	Lc
62	116	Lc
62	117	Lc
62	118	-1
62	119	Lc
63	0	L
63	1	-1
63	2	Lc
63	3	Lc
63	4	Lc
63	5	Lc
63	6	-1
63	7	Lc
63	8	Lc
63	9	Lc
63	10	Lc
63	11	-1
63	12	-1
63	13	Lc
63	14	L
63	15	U
63	16	U
63	17	Lp
63	18	Lc
63	19	Lp
63	20	-1
63	21	Lp
63	22	Lp
63	23	Lp
63	24	-1
63	25	Lp
63	26	L
63	27	Lc
63	28	Lp
63	29	-1
63	30	Lp
63	31	Lp
63	32	Lp
63	33	Lp
63	34	Lp
63	35	Lc
63	36	L
63	37	-1
63	38	L
63	39	L
63	40	L
63	41	Lc
63	42	Lc
63	43	Lc
63	44	-1
63	45	-1
63	46	Lc
63	47	L
63	48	L
63	49	L
63	50	L
63	51	L
63	52	L
63	53	L
63	54	L
63	55	L
63	56	L
63	57	Lc
63	58	Lc
63	59	L
63	60	L
63	61	L
63	62	L
63	63	-1
63	64	L
63	65	-1
63	66	Lp
63	67	L
63	68	L
63	69	L
63	70	L
63	71	L
63	72	Lc
63	73	Lc
63	74	Lc
63	75	Lc
63	76	Lc
63	77	-1
63	78	Lc
63	79	Uc
63	80	Lc
63	81	Uc
63	82	-1
63	83	Lc
63	84	Lc
63	85	Lc
63	86	Lc
63	87	L
63	88	Lc
63	89	Lc
63	90	Lc
63	91	Lc
63	92	U
63	93	U
63	94	U
63	95	U
63	96	U
63	97	L
63	98	-1
63	99	Lc
63	100	Lc
63	101	-1
63	102	Lc
63	103	Lc
63	104	-1
63	105	-1
63	106	U
63	107	U
63	108	-1
63	109	L
63	110	-1
63	111	-1
63	112	Lc
63	113	Lc
63	114	-1
63	115	Lc
63	116	Lc
63	117	-1
63	118	Lc
63	119	Lc
64	0	-1
64	1	L
64	2	L
64	3	U
64	4	U
64	5	Lc
64	6	Lc
64	7	Lc
64	8	Lc
64	9	-1
64	10	Lc
64	11	-1
64	12	-1
64	13	Lc
64	14	L
64	15	Lp
64	16	Lp
64	17	Lc
64	18	Lp
64	19	Lc
64	20	-1
64	21	Lp
64	22	Lp
64	23	-1
64	24	-1
64	25	Lc
64	26	L
64	27	L
64	28	Lp
64	29	Lp
64	30	Lp
64	31	Lp
64	32	Lc
64	33	Lc
64	34	Lc
64	35	Lc
64	36	L
64	37	L
64	38	L
64	39	Lc
64	40	L
64	41	-1
64	42	Lc
64	43	Lc
64	44	Lc
64	45	L
64	46	L
64	47	L
64	48	-1
64	49	L
64	50	-1
64	51	L
64	52	L
64	53	L
64	54	L
64	55	L
64	56	Lc
64	57	Lc
64	58	Lc
64	59	-1
64	60	L
64	61	-1
64	62	Lc
64	63	Lc
64	64	Lp
64	65	Lc
64	66	L
64	67	-1
64	68	L
64	69	L
64	70	L
64	71	L
64	72	Lc
64	73	Lc
64	74	Lc
64	75	Lc
64	76	Lc
64	77	Lc
64	78	-1
64	79	Lc
64	80	-1
64	81	Lc
64	82	L
64	83	Lc
64	84	Lc
64	85	Lc
64	86	Lc
64	87	Lc
64	88	Lc
64	89	Lc
64	90	Lc
64	91	Lc
64	92	U
64	93	Lc
64	94	Lc
64	95	Lc
64	96	U
64	97	Lc
64	98	Lc
64	99	Lc
64	100	Lc
64	101	Lc
64	102	-1
64	103	Lc
64	104	-1
64	105	Uc
64	106	-1
64	107	U
64	108	U
64	109	Uc
64	110	L
64	111	L
64	112	-1
64	113	Lc
64	114	L
64	115	Lc
64	116	Lc
64	117	-1
64	118	-1
64	119	Lc
65	0	-1
65	1	Lc
65	2	L
65	3	Uc
65	4	Uc
65	5	Uc
65	6	L
65	7	L
65	8	L
65	9	Lc
65	10	Lc
65	11	Lc
65	12	Lc
65	13	-1
65	14	-1
65	15	Lp
65	16	Lp
65	17	Lp
65	18	Lp
65	19	Lp
65	20	Lp
65	21	Lp
65	22	Lp
65	23	Lp
65	24	-1
65	25	Lp
65	26	-1
65	27	L
65	28	U
65	29	Lp
65	30	Lp
65	31	Lp
65	32	Lp
65	33	Lc
65	34	-1
65	35	-1
65	36	Lc
65	37	L
65	38	L
65	39	Lc
65	40	-1
65	41	-1
65	42	Lc
65	43	Lc
65	44	L
65	45	Lc
65	46	Lc
65	47	-1
65	48	L
65	49	L
65	50	L
65	51	L
65	52	-1
65	53	-1
65	54	L
65	55	-1
65	56	-1
65	57	Lc
65	58	Lc
65	59	Lc
65	60	L
65	61	L
65	62	Lc
65	63	Lp
65	64	-1
65	65	Lc
65	66	L
65	67	L
65	68	-1
65	69	-1
65	70	Lc
65	71	Lc
65	72	Lc
65	73	Lc
65	74	Lc
65	75	U
65	76	Lc
65	77	Lc
65	78	Lc
65	79	Lc
65	80	Lc
65	81	Lc
65	82	L
65	83	Lc
65	84	Lc
65	85	Lc
65	86	Lcp
65	87	L
65	88	Lc
65	89	Lc
65	90	Lc
65	91	Lc
65	92	Lc
65	93	Lc
65	94	-1
65	95	Lc
65	96	-1
65	97	Lc
65	98	Lc
65	99	Lc
65	100	Lc
65	101	Lc
65	102	Lc
65	103	Lc
65	104	-1
65	105	-1
65	106	-1
65	107	L
65	108	L
65	109	Lc
65	110	Lc
65	111	-1
65	112	L
65	113	L
65	114	-1
65	115	Lc
65	116	L
65	117	Lc
65	118	-1
65	119	-1
66	0	-1
66	1	Lc
66	2	Lc
66	3	-1
66	4	-1
66	5	Lc
66	6	L
66	7	L
66	8	L
66	9	-1
66	10	Lc
66	11	Lc
66	12	-1
66	13	Lc
66	14	U
66	15	U
66	16	U
66	17	Lp
66	18	Lp
66	19	Lp
66	20	Lp
66	21	Lp
66	22	Lp
66	23	-1
66	24	L
66	25	L
66	26	-1
66	27	-1
66	28	L
66	29	-1
66	30	Lp
66	31	-1
66	32	-1
66	33	Lp
66	34	L
66	35	-1
66	36	-1
66	37	L
66	38	U
66	39	L
66	40	L
66	41	Lp
66	42	Lp
66	43	Lc
66	44	U
66	45	Lc
66	46	Lc
66	47	L
66	48	-1
66	49	Lp
66	50	Lp
66	51	Lp
66	52	L
66	53	-1
66	54	L
66	55	L
66	56	-1
66	57	-1
66	58	Lc
66	59	L
66	60	L
66	61	Lc
66	62	Lc
66	63	-1
66	64	L
66	65	L
66	66	Lc
66	67	L
66	68	Lc
66	69	L
66	70	L
66	71	L
66	72	-1
66	73	L
66	74	-1
66	75	-1
66	76	U
66	77	Lc
66	78	Lc
66	79	Lc
66	80	Lc
66	81	Lc
66	82	L
66	83	Lcp
66	84	Lc
66	85	Lcp
66	86	-1
66	87	-1
66	88	Lc
66	89	Lc
66	90	Lc
66	91	Lc
66	92	Lc
66	93	Lc
66	94	Lc
66	95	Lc
66	96	Lc
66	97	Lc
66	98	Lc
66	99	Lc
66	100	Lc
66	101	Lc
66	102	Lc
66	103	L
66	104	-1
66	105	L
66	106	L
66	107	L
66	108	L
66	109	-1
66	110	L
66	111	-1
66	112	Lc
66	113	-1
66	114	L
66	115	L
66	116	-1
66	117	Lc
66	118	-1
66	119	Lc
67	0	-1
67	1	-1
67	2	Lc
67	3	-1
67	4	-1
67	5	Uc
67	6	L
67	7	L
67	8	-1
67	9	-1
67	10	-1
67	11	Lc
67	12	Lc
67	13	Lc
67	14	Lc
67	15	-1
67	16	Lp
67	17	-1
67	18	Lp
67	19	Lp
67	20	Lp
67	21	L
67	22	-1
67	23	Lp
67	24	U
67	25	L
67	26	L
67	27	L
67	28	Lp
67	29	-1
67	30	-1
67	31	L
67	32	Lc
67	33	L
67	34	Lp
67	35	-1
67	36	-1
67	37	U
67	38	L
67	39	L
67	40	L
67	41	Lp
67	42	Lp
67	43	U
67	44	Lc
67	45	U
67	46	-1
67	47	L
67	48	L
67	49	L
67	50	Lp
67	51	L
67	52	L
67	53	L
67	54	Lc
67	55	U
67	56	U
67	57	U
67	58	L
67	59	L
67	60	Lc
67	61	L
67	62	Lc
67	63	L
67	64	L
67	65	L
67	66	L
67	67	L
67	68	L
67	69	L
67	70	L
67	71	L
67	72	L
67	73	L
67	74	-1
67	75	-1
67	76	-1
67	77	-1
67	78	Lc
67	79	Lc
67	80	Lc
67	81	Lc
67	82	L
67	83	L
67	84	Lcp
67	85	Lc
67	86	Lcp
67	87	Lcp
67	88	Lc
67	89	-1
67	90	Lc
67	91	Lc
67	92	Lcp
67	93	Lc
67	94	-1
67	95	Lc
67	96	Lc
67	97	Lc
67	98	Lc
67	99	-1
67	100	L
67	101	L
67	102	L
67	103	L
67	104	L
67	105	L
67	106	-1
67	107	L
67	108	L
67	109	Lc
67	110	L
67	111	-1
67	112	Lc
67	113	L
67	114	L
67	115	Lc
67	116	-1
67	117	Lc
67	118	Lc
67	119	Lc
68	0	Lc
68	1	-1
68	2	L
68	3	-1
68	4	Uc
68	5	-1
68	6	L
68	7	L
68	8	-1
68	9	L
68	10	L
68	11	Lc
68	12	Lc
68	13	Lc
68	14	L
68	15	L
68	16	Lp
68	17	L
68	18	Lp
68	19	-1
68	20	Lp
68	21	L
68	22	L
68	23	L
68	24	L
68	25	U
68	26	-1
68	27	Lp
68	28	Lp
68	29	Lp
68	30	Lp
68	31	L
68	32	L
68	33	-1
68	34	Lp
68	35	L
68	36	-1
68	37	U
68	38	L
68	39	L
68	40	L
68	41	L
68	42	L
68	43	Lp
68	44	Lc
68	45	Lp
68	46	-1
68	47	L
68	48	L
68	49	Lp
68	50	L
68	51	L
68	52	L
68	53	Lc
68	54	-1
68	55	U
68	56	U
68	57	U
68	58	L
68	59	Lc
68	60	Lc
68	61	-1
68	62	L
68	63	L
68	64	L
68	65	-1
68	66	Lc
68	67	-1
68	68	L
68	69	L
68	70	L
68	71	L
68	72	L
68	73	L
68	74	L
68	75	Lc
68	76	Lc
68	77	Lc
68	78	L
68	79	-1
68	80	-1
68	81	Lc
68	82	Lc
68	83	L
68	84	Lc
68	85	Lc
68	86	Lc
68	87	Lcp
68	88	Lcp
68	89	Lcp
68	90	Lc
68	91	Lc
68	92	Lcp
68	93	Lc
68	94	Lc
68	95	Lc
68	96	-1
68	97	Lc
68	98	Lc
68	99	Lc
68	100	L
68	101	L
68	102	L
68	103	L
68	104	L
68	105	L
68	106	L
68	107	L
68	108	Lc
68	109	Uc
68	110	L
68	111	Lc
68	112	-1
68	113	-1
68	114	L
68	115	-1
68	116	Lc
68	117	-1
68	118	Lc
68	119	Lc
69	0	Lc
69	1	-1
69	2	L
69	3	L
69	4	-1
69	5	L
69	6	L
69	7	Lp
69	8	Lp
69	9	L
69	10	-1
69	11	-1
69	12	Lc
69	13	-1
69	14	Lc
69	15	L
69	16	L
69	17	L
69	18	L
69	19	-1
69	20	Lp
69	21	Lp
69	22	-1
69	23	L
69	24	L
69	25	L
69	26	U
69	27	U
69	28	Lp
69	29	Lp
69	30	Lp
69	31	Lp
69	32	L
69	33	L
69	34	-1
69	35	L
69	36	L
69	37	L
69	38	-1
69	39	U
69	40	U
69	41	U
69	42	U
69	43	Lp
69	44	U
69	45	-1
69	46	U
69	47	L
69	48	L
69	49	L
69	50	L
69	51	L
69	52	L
69	53	Lp
69	54	Lc
69	55	Lp
69	56	Lc
69	57	-1
69	58	L
69	59	-1
69	60	Lc
69	61	L
69	62	L
69	63	L
69	64	L
69	65	-1
69	66	L
69	67	-1
69	68	L
69	69	-1
69	70	L
69	71	L
69	72	L
69	73	L
69	74	L
69	75	Lc
69	76	L
69	77	L
69	78	Lc
69	79	Lc
69	80	Lc
69	81	Lc
69	82	Lc
69	83	Lc
69	84	L
69	85	L
69	86	Lcp
69	87	Lcp
69	88	Lc
69	89	Lcp
69	90	-1
69	91	Lc
69	92	-1
69	93	Lcp
69	94	Lc
69	95	Lc
69	96	Uc
69	97	L
69	98	L
69	99	-1
69	100	L
69	101	L
69	102	L
69	103	L
69	104	Lc
69	105	Lc
69	106	-1
69	107	-1
69	108	-1
69	109	Lc
69	110	-1
69	111	Lc
69	112	Lc
69	113	L
69	114	-1
69	115	Lc
69	116	Lc
69	117	Lc
69	118	-1
69	119	Lc
70	0	-1
70	1	-1
70	2	L
70	3	L
70	4	L
70	5	Lp
70	6	Lp
70	7	Lp
70	8	Lp
70	9	-1
70	10	-1
70	11	Lc
70	12	L
70	13	Lc
70	14	Lc
70	15	L
70	16	L
70	17	L
70	18	U
70	19	U
70	20	U
70	21	U
70	22	Lc
70	23	Lp
70	24	L
70	25	L
70	26	L
70	27	L
70	28	L
70	29	-1
70	30	Lp
70	31	Lp
70	32	L
70	33	L
70	34	L
70	35	L
70	36	L
70	37	L
70	38	L
70	39	L
70	40	U
70	41	U
70	42	U
70	43	U
70	44	Lp
70	45	L
70	46	Lp
70	47	L
70	48	L
70	49	L
70	50	L
70	51	L
70	52	L
70	53	L
70	54	Lp
70	55	Lp
70	56	Lp
70	57	Lp
70	58	L
70	59	-1
70	60	L
70	61	L
70	62	-1
70	63	L
70	64	L
70	65	L
70	66	-1
70	67	L
70	68	L
70	69	L
70	70	L
70	71	L
70	72	-1
70	73	-1
70	74	L
70	75	-1
70	76	L
70	77	-1
70	78	-1
70	79	-1
70	80	Lc
70	81	Lc
70	82	Lc
70	83	Lc
70	84	L
70	85	Lc
70	86	Lc
70	87	-1
70	88	-1
70	89	Lc
70	90	-1
70	91	-1
70	92	Lcp
70	93	Uc
70	94	Lcp
70	95	Lc
70	96	L
70	97	Uc
70	98	-1
70	99	L
70	100	L
70	101	L
70	102	-1
70	103	L
70	104	-1
70	105	Lc
70	106	Lc
70	107	-1
70	108	L
70	109	Lc
70	110	Uc
70	111	-1
70	112	Lc
70	113	Lc
70	114	Lc
70	115	Lc
70	116	Lc
70	117	Lc
70	118	Lc
70	119	-1
71	0	Lc
71	1	L
71	2	L
71	3	L
71	4	L
71	5	L
71	6	Lp
71	7	-1
71	8	Lp
71	9	Lp
71	10	Lc
71	11	L
71	12	-1
71	13	-1
71	14	Lc
71	15	L
71	16	L
71	17	L
71	18	L
71	19	L
71	20	U
71	21	U
71	22	Lc
71	23	Lp
71	24	L
71	25	L
71	26	L
71	27	L
71	28	-1
71	29	L
71	30	Lp
71	31	L
71	32	L
71	33	L
71	34	-1
71	35	L
71	36	L
71	37	L
71	38	L
71	39	L
71	40	L
71	41	U
71	42	U
71	43	-1
71	44	-1
71	45	Lp
71	46	U
71	47	Lp
71	48	L
71	49	L
71	50	L
71	51	L
71	52	Lp
71	53	Lp
71	54	Lp
71	55	Lp
71	56	Lp
71	57	U
71	58	U
71	59	L
71	60	L
71	61	-1
71	62	L
71	63	-1
71	64	L
71	65	L
71	66	L
71	67	L
71	68	L
71	69	L
71	70	L
71	71	L
71	72	L
71	73	L
71	74	-1
71	75	-1
71	76	Lc
71	77	Lc
71	78	Lc
71	79	-1
71	80	Lc
71	81	Lc
71	82	Lc
71	83	Lc
71	84	Lc
71	85	Lc
71	86	-1
71	87	Lcp
71	88	-1
71	89	Lc
71	90	Lcp
71	91	Lcp
71	92	Lcp
71	93	Lc
71	94	Lc
71	95	Lc
71	96	Lc
71	97	L
71	98	L
71	99	L
71	100	L
71	101	L
71	102	L
71	103	L
71	104	Lc
71	105	L
71	106	-1
71	107	Uc
71	108	-1
71	109	Lc
71	110	Lc
71	111	Lc
71	112	Lc
71	113	Lc
71	114	Lc
71	115	Lc
71	116	-1
71	117	Lc
71	118	Uc
71	119	Lc
72	0	Lc
72	1	-1
72	2	L
72	3	L
72	4	-1
72	5	L
72	6	-1
72	7	Lp
72	8	Lp
72	9	Lp
72	10	L
72	11	L
72	12	L
72	13	L
72	14	L
72	15	L
72	16	L
72	17	L
72	18	-1
72	19	L
72	20	U
72	21	-1
72	22	U
72	23	Lp
72	24	Lp
72	25	L
72	26	L
72	27	L
72	28	L
72	29	L
72	30	L
72	31	L
72	32	Lp
72	33	L
72	34	L
72	35	L
72	36	L
72	37	L
72	38	L
72	39	L
72	40	U
72	41	U
72	42	L
72	43	U
72	44	Lp
72	45	U
72	46	Lp
72	47	L
72	48	-1
72	49	L
72	50	L
72	51	-1
72	52	Lp
72	53	Lp
72	54	Lp
72	55	Lp
72	56	Lp
72	57	L
72	58	L
72	59	L
72	60	Lc
72	61	L
72	62	L
72	63	L
72	64	-1
72	65	-1
72	66	L
72	67	L
72	68	L
72	69	-1
72	70	L
72	71	L
72	72	L
72	73	L
72	74	L
72	75	-1
72	76	Lc
72	77	Lc
72	78	Lc
72	79	-1
72	80	Lc
72	81	Lc
72	82	L
72	83	Lc
72	84	-1
72	85	-1
72	86	Lcp
72	87	Lcp
72	88	Lcp
72	89	Lc
72	90	Lcp
72	91	-1
72	92	Lcp
72	93	L
72	94	Lc
72	95	-1
72	96	L
72	97	L
72	98	L
72	99	L
72	100	L
72	101	L
72	102	L
72	103	Lc
72	104	Uc
72	105	Uc
72	106	-1
72	107	-1
72	108	-1
72	109	-1
72	110	Lc
72	111	Lc
72	112	Lc
72	113	Lc
72	114	Lc
72	115	Lc
72	116	Lc
72	117	Lc
72	118	Uc
72	119	-1
73	0	Lc
73	1	-1
73	2	-1
73	3	L
73	4	-1
73	5	L
73	6	Lp
73	7	Lp
73	8	L
73	9	L
73	10	L
73	11	L
73	12	L
73	13	L
73	14	L
73	15	L
73	16	L
73	17	-1
73	18	U
73	19	U
73	20	U
73	21	Lc
73	22	Lc
73	23	-1
73	24	Lp
73	25	Lp
73	26	L
73	27	L
73	28	L
73	29	L
73	30	L
73	31	L
73	32	L
73	33	L
73	34	L
73	35	L
73	36	L
73	37	L
73	38	-1
73	39	U
73	40	L
73	41	U
73	42	U
73	43	L
73	44	Lp
73	45	Lp
73	46	L
73	47	L
73	48	L
73	49	-1
73	50	Lp
73	51	L
73	52	Lp
73	53	Lp
73	54	-1
73	55	Lp
73	56	Lp
73	57	L
73	58	L
73	59	Lc
73	60	L
73	61	Lc
73	62	Lc
73	63	L
73	64	-1
73	65	-1
73	66	L
73	67	L
73	68	L
73	69	Lc
73	70	L
73	71	-1
73	72	L
73	73	L
73	74	L
73	75	L
73	76	L
73	77	-1
73	78	Lc
73	79	Lc
73	80	Lc
73	81	L
73	82	Lc
73	83	Lc
73	84	Lc
73	85	Lcp
73	86	Lcp
73	87	Lcp
73	88	-1
73	89	Lc
73	90	Lcp
73	91	Lcp
73	92	L
73	93	Lc
73	94	Lc
73	95	-1
73	96	Lc
73	97	L
73	98	L
73	99	L
73	100	L
73	101	L
73	102	L
73	103	L
73	104	U
73	105	U
73	106	-1
73	107	-1
73	108	Lc
73	109	Lc
73	110	Lc
73	111	Lc
73	112	-1
73	113	Uc
73	114	Lc
73	115	Lc
73	116	Lc
73	117	Lc
73	118	-1
73	119	Lc
74	0	Lc
74	1	-1
74	2	-1
74	3	L
74	4	L
74	5	L
74	6	L
74	7	-1
74	8	Lp
74	9	-1
74	10	L
74	11	L
74	12	L
74	13	L
74	14	L
74	15	L
74	16	L
74	17	U
74	18	Uc
74	19	Lp
74	20	L
74	21	L
74	22	Lc
74	23	Lp
74	24	Lp
74	25	Lp
74	26	L
74	27	L
74	28	L
74	29	L
74	30	L
74	31	-1
74	32	L
74	33	L
74	34	-1
74	35	L
74	36	L
74	37	L
74	38	L
74	39	L
74	40	L
74	41	-1
74	42	U
74	43	U
74	44	-1
74	45	U
74	46	U
74	47	L
74	48	Lp
74	49	-1
74	50	L
74	51	L
74	52	-1
74	53	-1
74	54	Lp
74	55	Lp
74	56	L
74	57	Lc
74	58	L
74	59	L
74	60	L
74	61	Lc
74	62	-1
74	63	Lc
74	64	Lc
74	65	L
74	66	L
74	67	-1
74	68	Lc
74	69	Lc
74	70	-1
74	71	L
74	72	L
74	73	-1
74	74	L
74	75	-1
74	76	-1
74	77	Lcp
74	78	U
74	79	U
74	80	U
74	81	L
74	82	U
74	83	Lc
74	84	Lc
74	85	Lcp
74	86	Lcp
74	87	-1
74	88	-1
74	89	-1
74	90	Lcp
74	91	Lcp
74	92	Lc
74	93	Lc
74	94	L
74	95	L
74	96	L
74	97	L
74	98	L
74	99	Lc
74	100	L
74	101	L
74	102	L
74	103	U
74	104	Uc
74	105	Lc
74	106	Lc
74	107	Lc
74	108	Lc
74	109	Lc
74	110	L
74	111	Lc
74	112	Lc
74	113	-1
74	114	Uc
74	115	Uc
74	116	Uc
74	117	Lc
74	118	Lc
74	119	Lc
75	0	Lc
75	1	-1
75	2	-1
75	3	L
75	4	L
75	5	-1
75	6	L
75	7	L
75	8	L
75	9	-1
75	10	L
75	11	-1
75	12	L
75	13	L
75	14	L
75	15	Lc
75	16	L
75	17	Uc
75	18	L
75	19	L
75	20	Lp
75	21	Lp
75	22	Lc
75	23	Lc
75	24	Lc
75	25	L
75	26	L
75	27	-1
75	28	L
75	29	-1
75	30	L
75	31	-1
75	32	-1
75	33	L
75	34	-1
75	35	-1
75	36	L
75	37	L
75	38	L
75	39	L
75	40	U
75	41	Lp
75	42	-1
75	43	-1
75	44	Lp
75	45	Lp
75	46	Lp
75	47	Lp
75	48	-1
75	49	L
75	50	L
75	51	L
75	52	L
75	53	-1
75	54	-1
75	55	Lp
75	56	Lc
75	57	L
75	58	-1
75	59	Lc
75	60	Lc
75	61	L
75	62	L
75	63	Lc
75	64	-1
75	65	L
75	66	-1
75	67	Lc
75	68	Lc
75	69	-1
75	70	L
75	71	L
75	72	L
75	73	L
75	74	L
75	75	-1
75	76	L
75	77	L
75	78	Lcp
75	79	U
75	80	U
75	81	L
75	82	L
75	83	L
75	84	Lcp
75	85	Lc
75	86	Lcp
75	87	Lcp
75	88	Lcp
75	89	Lcp
75	90	Lcp
75	91	Lc
75	92	Lc
75	93	-1
75	94	L
75	95	-1
75	96	L
75	97	Lc
75	98	Lc
75	99	L
75	100	-1
75	101	L
75	102	L
75	103	L
75	104	Lc
75	105	-1
75	106	Lc
75	107	-1
75	108	Lc
75	109	-1
75	110	L
75	111	L
75	112	Lc
75	113	Lc
75	114	Lc
75	115	-1
75	116	Uc
75	117	Uc
75	118	Uc
75	119	Uc
76	0	-1
76	1	L
76	2	Lc
76	3	-1
76	4	L
76	5	Lc
76	6	-1
76	7	-1
76	8	-1
76	9	-1
76	10	L
76	11	Lc
76	12	-1
76	13	Lc
76	14	Lc
76	15	L
76	16	Lc
76	17	Lc
76	18	L
76	19	L
76	20	L
76	21	-1
76	22	Lp
76	23	Lc
76	24	Lc
76	25	Lp
76	26	L
76	27	-1
76	28	L
76	29	-1
76	30	L
76	31	L
76	32	L
76	33	L
76	34	L
76	35	U
76	36	-1
76	37	Lp
76	38	L
76	39	-1
76	40	L
76	41	U
76	42	Lp
76	43	Lp
76	44	Lp
76	45	Lp
76	46	Lp
76	47	L
76	48	Lp
76	49	L
76	50	L
76	51	-1
76	52	-1
76	53	L
76	54	L
76	55	-1
76	56	L
76	57	Lc
76	58	-1
76	59	-1
76	60	-1
76	61	Lc
76	62	Lc
76	63	Lc
76	64	L
76	65	Lc
76	66	Lc
76	67	-1
76	68	-1
76	69	Lc
76	70	L
76	71	L
76	72	L
76	73	-1
76	74	L
76	75	L
76	76	L
76	77	Uc
76	78	L
76	79	L
76	80	L
76	81	L
76	82	L
76	83	L
76	84	L
76	85	L
76	86	Lcp
76	87	Lcp
76	88	Lc
76	89	Lcp
76	90	Lcp
76	91	-1
76	92	Lc
76	93	Lc
76	94	L
76	95	-1
76	96	L
76	97	L
76	98	Lc
76	99	Lc
76	100	-1
76	101	Lc
76	102	L
76	103	Lc
76	104	Lc
76	105	Lc
76	106	Lc
76	107	Lc
76	108	Lc
76	109	L
76	110	Lc
76	111	Lc
76	112	Lc
76	113	Lc
76	114	-1
76	115	Lc
76	116	-1
76	117	-1
76	118	Uc
76	119	Lc
77	0	Lc
77	1	Lc
77	2	Lc
77	3	L
77	4	L
77	5	L
77	6	Lc
77	7	-1
77	8	L
77	9	Lc
77	10	L
77	11	Lc
77	12	-1
77	13	Lc
77	14	Lc
77	15	Lc
77	16	Lc
77	17	Lc
77	18	Lc
77	19	Lp
77	20	-1
77	21	Lp
77	22	-1
77	23	Lp
77	24	Lc
77	25	-1
77	26	L
77	27	L
77	28	L
77	29	L
77	30	L
77	31	L
77	32	-1
77	33	L
77	34	L
77	35	-1
77	36	U
77	37	Lp
77	38	Lp
77	39	Lp
77	40	Lp
77	41	Lp
77	42	U
77	43	Lp
77	44	-1
77	45	L
77	46	-1
77	47	-1
77	48	Lp
77	49	Lp
77	50	-1
77	51	L
77	52	L
77	53	L
77	54	L
77	55	L
77	56	-1
77	57	Lc
77	58	L
77	59	Lc
77	60	Lc
77	61	Lc
77	62	Lc
77	63	L
77	64	L
77	65	Lc
77	66	Lc
77	67	-1
77	68	Lc
77	69	Lc
77	70	Lc
77	71	L
77	72	L
77	73	L
77	74	L
77	75	L
77	76	-1
77	77	L
77	78	Uc
77	79	L
77	80	L
77	81	L
77	82	L
77	83	L
77	84	L
77	85	L
77	86	L
77	87	Lc
77	88	-1
77	89	Lc
77	90	Lc
77	91	Lc
77	92	Lc
77	93	Lc
77	94	L
77	95	L
77	96	Lc
77	97	-1
77	98	L
77	99	Lc
77	100	Lc
77	101	Lc
77	102	Lc
77	103	Lc
77	104	Lc
77	105	-1
77	106	Lc
77	107	Lc
77	108	Lc
77	109	-1
77	110	-1
77	111	Lc
77	112	Lc
77	113	Lc
77	114	Lc
77	115	Lc
77	116	Lc
77	117	Uc
77	118	Lc
77	119	Uc
78	0	-1
78	1	Lc
78	2	Lc
78	3	L
78	4	L
78	5	Lc
78	6	L
78	7	-1
78	8	L
78	9	L
78	10	Lc
78	11	Lc
78	12	Lc
78	13	-1
78	14	Lc
78	15	Lc
78	16	Lc
78	17	Lc
78	18	-1
78	19	Lp
78	20	Lp
78	21	-1
78	22	-1
78	23	Lp
78	24	Lp
78	25	L
78	26	L
78	27	L
78	28	-1
78	29	L
78	30	L
78	31	L
78	32	L
78	33	U
78	34	-1
78	35	U
78	36	-1
78	37	U
78	38	-1
78	39	Lp
78	40	-1
78	41	Lp
78	42	Lp
78	43	Lp
78	44	Lp
78	45	-1
78	46	Lp
78	47	Lp
78	48	Lp
78	49	Lp
78	50	Lp
78	51	-1
78	52	-1
78	53	Lp
78	54	Lp
78	55	-1
78	56	Lc
78	57	Lc
78	58	Lc
78	59	Lc
78	60	Lp
78	61	Lp
78	62	Lp
78	63	L
78	64	-1
78	65	Lc
78	66	-1
78	67	Lc
78	68	Lc
78	69	Lc
78	70	L
78	71	Lcp
78	72	L
78	73	L
78	74	L
78	75	L
78	76	L
78	77	Lcp
78	78	L
78	79	L
78	80	Uc
78	81	L
78	82	L
78	83	L
78	84	-1
78	85	L
78	86	Lc
78	87	Lc
78	88	Lc
78	89	Lc
78	90	Lc
78	91	Lc
78	92	L
78	93	-1
78	94	L
78	95	L
78	96	Lc
78	97	-1
78	98	-1
78	99	Lc
78	100	Lc
78	101	Lc
78	102	Lc
78	103	Lc
78	104	Lc
78	105	Lc
78	106	Lc
78	107	Lc
78	108	-1
78	109	Lc
78	110	Lc
78	111	Lc
78	112	Lc
78	113	Lc
78	114	Lc
78	115	Lc
78	116	Lc
78	117	-1
78	118	Lc
78	119	Lc
79	0	Lc
79	1	-1
79	2	Lc
79	3	Lc
79	4	Lc
79	5	Lc
79	6	L
79	7	L
79	8	L
79	9	Lc
79	10	Lc
79	11	Lc
79	12	-1
79	13	Lc
79	14	-1
79	15	Lc
79	16	Lc
79	17	-1
79	18	Lc
79	19	Lp
79	20	Lc
79	21	-1
79	22	Lc
79	23	Lp
79	24	L
79	25	L
79	26	-1
79	27	L
79	28	L
79	29	-1
79	30	L
79	31	L
79	32	L
79	33	L
79	34	Lp
79	35	U
79	36	U
79	37	-1
79	38	Lp
79	39	Lp
79	40	Lp
79	41	Lp
79	42	Lp
79	43	Lp
79	44	-1
79	45	-1
79	46	Lp
79	47	Lp
79	48	Lp
79	49	Lp
79	50	Lp
79	51	Lp
79	52	Lp
79	53	L
79	54	L
79	55	-1
79	56	Lc
79	57	Lc
79	58	Uc
79	59	-1
79	60	Lp
79	61	-1
79	62	Lc
79	63	-1
79	64	Lc
79	65	Lc
79	66	-1
79	67	Lc
79	68	Lc
79	69	Lc
79	70	Lc
79	71	-1
79	72	Lcp
79	73	L
79	74	-1
79	75	L
79	76	L
79	77	Lcp
79	78	Lcp
79	79	-1
79	80	Uc
79	81	L
79	82	L
79	83	L
79	84	L
79	85	L
79	86	Lc
79	87	L
79	88	Lc
79	89	Lc
79	90	-1
79	91	L
79	92	-1
79	93	-1
79	94	L
79	95	L
79	96	-1
79	97	-1
79	98	Lc
79	99	-1
79	100	-1
79	101	Lc
79	102	-1
79	103	Lc
79	104	Lc
79	105	Lc
79	106	Lc
79	107	Lc
79	108	Lc
79	109	Lc
79	110	Lc
79	111	Lc
79	112	Lc
79	113	Lc
79	114	Lc
79	115	Lc
79	116	Lc
79	117	Lc
79	118	Lc
79	119	Lc
80	0	L
80	1	Lc
80	2	Lc
80	3	Lc
80	4	Uc
80	5	Lc
80	6	Lc
80	7	L
80	8	Lc
80	9	Lc
80	10	Lc
80	11	Lc
80	12	Lc
80	13	Lc
80	14	Lc
80	15	Lc
80	16	Lc
80	17	Lc
80	18	Lc
80	19	Lc
80	20	-1
80	21	Lc
80	22	-1
80	23	Lc
80	24	L
80	25	L
80	26	Lc
80	27	Lc
80	28	L
80	29	L
80	30	L
80	31	L
80	32	L
80	33	L
80	34	L
80	35	L
80	36	L
80	37	L
80	38	Lp
80	39	L
80	40	-1
80	41	L
80	42	Lp
80	43	Lp
80	44	Lp
80	45	Lp
80	46	Lp
80	47	-1
80	48	-1
80	49	Lp
80	50	Lp
80	51	Lp
80	52	Lc
80	53	-1
80	54	L
80	55	L
80	56	L
80	57	Lc
80	58	-1
80	59	Lc
80	60	Uc
80	61	Lp
80	62	Lp
80	63	Lc
80	64	Lc
80	65	-1
80	66	Lc
80	67	Lc
80	68	L
80	69	L
80	70	L
80	71	Lcp
80	72	-1
80	73	L
80	74	L
80	75	L
80	76	Lcp
80	77	Lcp
80	78	Lcp
80	79	Lcp
80	80	Uc
80	81	L
80	82	L
80	83	L
80	84	L
80	85	-1
80	86	L
80	87	Lc
80	88	L
80	89	Lc
80	90	-1
80	91	Lc
80	92	L
80	93	L
80	94	L
80	95	L
80	96	L
80	97	L
80	98	Lc
80	99	Lc
80	100	-1
80	101	Lc
80	102	Lc
80	103	Lc
80	104	Lc
80	105	Lc
80	106	Lc
80	107	Lc
80	108	Lc
80	109	Lc
80	110	Lc
80	111	Lc
80	112	Lc
80	113	Lc
80	114	-1
80	115	Lc
80	116	Lc
80	117	-1
80	118	Lc
80	119	Lc
81	0	L
81	1	Lc
81	2	Lc
81	3	Lc
81	4	Lc
81	5	Lc
81	6	L
81	7	Lc
81	8	Lc
81	9	Lc
81	10	-1
81	11	-1
81	12	Lc
81	13	-1
81	14	-1
81	15	-1
81	16	Lc
81	17	L
81	18	-1
81	19	Lp
81	20	Lc
81	21	-1
81	22	-1
81	23	L
81	24	L
81	25	L
81	26	L
81	27	-1
81	28	L
81	29	L
81	30	L
81	31	L
81	32	L
81	33	L
81	34	L
81	35	L
81	36	L
81	37	Lp
81	38	-1
81	39	L
81	40	Lp
81	41	Lp
81	42	Lp
81	43	Lp
81	44	Lp
81	45	Lp
81	46	Lp
81	47	Lp
81	48	Lp
81	49	Lp
81	50	Lp
81	51	Lc
81	52	Lc
81	53	Lp
81	54	L
81	55	L
81	56	L
81	57	Lc
81	58	Lc
81	59	Uc
81	60	Uc
81	61	Uc
81	62	Lc
81	63	-1
81	64	-1
81	65	Lc
81	66	Lc
81	67	Lc
81	68	Lc
81	69	-1
81	70	Lcp
81	71	Lcp
81	72	L
81	73	L
81	74	L
81	75	L
81	76	Lcp
81	77	Lcp
81	78	Uc
81	79	Uc
81	80	Lcp
81	81	L
81	82	L
81	83	L
81	84	L
81	85	L
81	86	L
81	87	L
81	88	-1
81	89	L
81	90	Lc
81	91	Lc
81	92	L
81	93	L
81	94	L
81	95	L
81	96	L
81	97	Lc
81	98	L
81	99	Lc
81	100	Lc
81	101	Lc
81	102	-1
81	103	Lc
81	104	Lc
81	105	-1
81	106	Lc
81	107	Lc
81	108	-1
81	109	-1
81	110	-1
81	111	-1
81	112	Lc
81	113	Lc
81	114	Lc
81	115	Lc
81	116	Lc
81	117	Lc
81	118	Lc
81	119	L
82	0	-1
82	1	-1
82	2	-1
82	3	-1
82	4	Lc
82	5	Lc
82	6	Lc
82	7	Lc
82	8	Lc
82	9	Lc
82	10	Lc
82	11	Lc
82	12	Lc
82	13	Lc
82	14	L
82	15	L
82	16	L
82	17	-1
82	18	L
82	19	Lc
82	20	L
82	21	L
82	22	Lp
82	23	L
82	24	Lc
82	25	Lc
82	26	-1
82	27	L
82	28	L
82	29	L
82	30	L
82	31	Lc
82	32	L
82	33	L
82	34	Lp
82	35	Lp
82	36	-1
82	37	L
82	38	L
82	39	-1
82	40	L
82	41	Lp
82	42	Lp
82	43	Lp
82	44	Lp
82	45	Lp
82	46	Lp
82	47	Lp
82	48	Lp
82	49	L
82	50	L
82	51	-1
82	52	Lp
82	53	-1
82	54	Lp
82	55	Uc
82	56	Uc
82	57	-1
82	58	Lc
82	59	-1
82	60	Uc
82	61	Uc
82	62	-1
82	63	Lc
82	64	Lc
82	65	-1
82	66	Lc
82	67	Lcp
82	68	Lc
82	69	Lcp
82	70	L
82	71	L
82	72	L
82	73	L
82	74	-1
82	75	L
82	76	Lcp
82	77	Lcp
82	78	-1
82	79	-1
82	80	Lcp
82	81	Lcp
82	82	L
82	83	L
82	84	L
82	85	L
82	86	-1
82	87	-1
82	88	Lc
82	89	Lc
82	90	L
82	91	L
82	92	-1
82	93	L
82	94	L
82	95	L
82	96	-1
82	97	Lc
82	98	L
82	99	L
82	100	L
82	101	Lc
82	102	Lc
82	103	Lc
82	104	Lc
82	105	-1
82	106	-1
82	107	Lc
82	108	Lc
82	109	Lc
82	110	-1
82	111	Lc
82	112	Lc
82	113	Lc
82	114	Lc
82	115	L
82	116	Lc
82	117	Lc
82	118	-1
82	119	L
83	0	L
83	1	L
83	2	-1
83	3	-1
83	4	Lc
83	5	Lc
83	6	Lc
83	7	Lc
83	8	Lc
83	9	Lc
83	10	Lc
83	11	Lc
83	12	Lc
83	13	-1
83	14	L
83	15	L
83	16	-1
83	17	-1
83	18	-1
83	19	Lc
83	20	Lp
83	21	Lp
83	22	L
83	23	L
83	24	-1
83	25	-1
83	26	L
83	27	L
83	28	L
83	29	Lc
83	30	Lc
83	31	Lc
83	32	L
83	33	L
83	34	Lp
83	35	L
83	36	Lp
83	37	-1
83	38	L
83	39	L
83	40	L
83	41	U
83	42	Lp
83	43	Lp
83	44	Lp
83	45	Lp
83	46	Lp
83	47	Lp
83	48	Lp
83	49	-1
83	50	-1
83	51	-1
83	52	Lp
83	53	Lp
83	54	L
83	55	Uc
83	56	Uc
83	57	Lc
83	58	-1
83	59	Lc
83	60	Lc
83	61	Uc
83	62	-1
83	63	-1
83	64	Lc
83	65	Lcp
83	66	Lc
83	67	-1
83	68	Lcp
83	69	Lcp
83	70	Lcp
83	71	Lp
83	72	L
83	73	L
83	74	Lcp
83	75	Lp
83	76	L
83	77	L
83	78	U
83	79	L
83	80	L
83	81	L
83	82	L
83	83	L
83	84	-1
83	85	-1
83	86	L
83	87	-1
83	88	-1
83	89	L
83	90	-1
83	91	-1
83	92	L
83	93	L
83	94	L
83	95	L
83	96	-1
83	97	Uc
83	98	Uc
83	99	L
83	100	Lc
83	101	-1
83	102	Lc
83	103	-1
83	104	-1
83	105	-1
83	106	L
83	107	-1
83	108	Lc
83	109	Uc
83	110	Uc
83	111	Lc
83	112	Lc
83	113	Uc
83	114	Lc
83	115	Lc
83	116	Lc
83	117	-1
83	118	Lc
83	119	Lc
84	0	Lc
84	1	-1
84	2	-1
84	3	Lc
84	4	Lc
84	5	Lc
84	6	Lc
84	7	Lc
84	8	Lc
84	9	-1
84	10	Lc
84	11	Lc
84	12	Lc
84	13	L
84	14	L
84	15	L
84	16	L
84	17	-1
84	18	-1
84	19	Lc
84	20	Lc
84	21	Lc
84	22	-1
84	23	L
84	24	L
84	25	Lc
84	26	-1
84	27	Lc
84	28	Lc
84	29	Lc
84	30	Lc
84	31	L
84	32	-1
84	33	Lp
84	34	L
84	35	L
84	36	L
84	37	Lp
84	38	L
84	39	U
84	40	U
84	41	Lp
84	42	-1
84	43	-1
84	44	Lp
84	45	Lp
84	46	-1
84	47	Lp
84	48	-1
84	49	Lp
84	50	L
84	51	L
84	52	Lp
84	53	-1
84	54	L
84	55	-1
84	56	-1
84	57	-1
84	58	Lc
84	59	Lc
84	60	Lc
84	61	Lc
84	62	-1
84	63	Lc
84	64	Lc
84	65	Lcp
84	66	Lcp
84	67	Lc
84	68	Lc
84	69	Lcp
84	70	Lcp
84	71	-1
84	72	L
84	73	Lcp
84	74	L
84	75	L
84	76	Lp
84	77	Lp
84	78	U
84	79	-1
84	80	-1
84	81	L
84	82	L
84	83	L
84	84	L
84	85	L
84	86	L
84	87	L
84	88	L
84	89	L
84	90	L
84	91	L
84	92	L
84	93	L
84	94	L
84	95	L
84	96	Uc
84	97	Lc
84	98	-1
84	99	Uc
84	100	Lc
84	101	Lc
84	102	Lc
84	103	Lc
84	104	-1
84	105	Lc
84	106	Lc
84	107	Lc
84	108	Lc
84	109	Lc
84	110	Uc
84	111	Lc
84	112	Lc
84	113	Lc
84	114	Lc
84	115	-1
84	116	Lc
84	117	Lc
84	118	Lc
84	119	L
85	0	Lc
85	1	Lc
85	2	-1
85	3	Lc
85	4	Lc
85	5	Lc
85	6	Lc
85	7	Lc
85	8	Lc
85	9	-1
85	10	Lc
85	11	Lc
85	12	L
85	13	-1
85	14	L
85	15	L
85	16	L
85	17	L
85	18	-1
85	19	Lc
85	20	-1
85	21	-1
85	22	-1
85	23	L
85	24	Lc
85	25	Lc
85	26	Lc
85	27	-1
85	28	Lc
85	29	Lc
85	30	Lc
85	31	Lc
85	32	Lp
85	33	L
85	34	L
85	35	L
85	36	L
85	37	Lc
85	38	-1
85	39	-1
85	40	Lp
85	41	-1
85	42	Lp
85	43	-1
85	44	Lp
85	45	Lp
85	46	Lp
85	47	Lp
85	48	Lp
85	49	L
85	50	L
85	51	-1
85	52	Lp
85	53	Lp
85	54	Lp
85	55	Lc
85	56	Uc
85	57	-1
85	58	Lp
85	59	Lc
85	60	Lc
85	61	Lc
85	62	Lc
85	63	Lc
85	64	-1
85	65	L
85	66	L
85	67	L
85	68	Lc
85	69	Lc
85	70	Lcp
85	71	U
85	72	Lc
85	73	Lc
85	74	L
85	75	Lp
85	76	Lp
85	77	U
85	78	-1
85	79	-1
85	80	L
85	81	L
85	82	L
85	83	L
85	84	U
85	85	-1
85	86	L
85	87	L
85	88	L
85	89	L
85	90	L
85	91	-1
85	92	L
85	93	L
85	94	L
85	95	Lc
85	96	Lc
85	97	-1
85	98	Lc
85	99	Lc
85	100	Uc
85	101	Lc
85	102	Lc
85	103	Lc
85	104	Lc
85	105	Lc
85	106	Lc
85	107	Uc
85	108	Lc
85	109	Lc
85	110	Lc
85	111	Lc
85	112	Lc
85	113	Lc
85	114	Lc
85	115	Lc
85	116	Lc
85	117	-1
85	118	Lc
85	119	-1
86	0	-1
86	1	Lc
86	2	Lc
86	3	Lc
86	4	Lc
86	5	Lc
86	6	L
86	7	Lc
86	8	Uc
86	9	Uc
86	10	Lc
86	11	L
86	12	L
86	13	L
86	14	L
86	15	L
86	16	L
86	17	Lc
86	18	L
86	19	Lc
86	20	Lc
86	21	-1
86	22	Lc
86	23	Lc
86	24	Lc
86	25	-1
86	26	-1
86	27	Lc
86	28	Lc
86	29	-1
86	30	Lc
86	31	Lc
86	32	-1
86	33	Lc
86	34	L
86	35	L
86	36	L
86	37	-1
86	38	Lc
86	39	-1
86	40	L
86	41	Lp
86	42	Lp
86	43	-1
86	44	Lp
86	45	Lp
86	46	Lp
86	47	Lp
86	48	-1
86	49	L
86	50	L
86	51	-1
86	52	Lp
86	53	Lp
86	54	-1
86	55	-1
86	56	Lp
86	57	Lp
86	58	Lc
86	59	Lc
86	60	Lc
86	61	Lc
86	62	Lc
86	63	Lc
86	64	Lc
86	65	L
86	66	-1
86	67	L
86	68	L
86	69	L
86	70	L
86	71	L
86	72	Lc
86	73	Lc
86	74	-1
86	75	-1
86	76	Lp
86	77	Lp
86	78	Lp
86	79	Lc
86	80	Lc
86	81	L
86	82	L
86	83	L
86	84	L
86	85	U
86	86	L
86	87	L
86	88	L
86	89	L
86	90	-1
86	91	-1
86	92	L
86	93	L
86	94	L
86	95	Uc
86	96	Uc
86	97	-1
86	98	Lc
86	99	Lc
86	100	Uc
86	101	L
86	102	Lc
86	103	-1
86	104	Lc
86	105	Lc
86	106	Lc
86	107	Lc
86	108	Lc
86	109	-1
86	110	Lc
86	111	Lc
86	112	Lc
86	113	-1
86	114	Lc
86	115	Lc
86	116	Lc
86	117	Lc
86	118	Lc
86	119	-1
87	0	L
87	1	-1
87	2	Lc
87	3	Lc
87	4	-1
87	5	-1
87	6	Uc
87	7	Uc
87	8	Uc
87	9	Lc
87	10	L
87	11	L
87	12	Lc
87	13	Lc
87	14	L
87	15	L
87	16	-1
87	17	L
87	18	L
87	19	L
87	20	Lc
87	21	Lc
87	22	Lc
87	23	Lc
87	24	-1
87	25	Lc
87	26	Lc
87	27	-1
87	28	L
87	29	L
87	30	Lc
87	31	Lc
87	32	Lc
87	33	Lc
87	34	Lp
87	35	L
87	36	Lc
87	37	L
87	38	Lc
87	39	-1
87	40	Lc
87	41	-1
87	42	Lp
87	43	Lp
87	44	-1
87	45	Lp
87	46	Lp
87	47	Lp
87	48	Lp
87	49	L
87	50	L
87	51	-1
87	52	Lp
87	53	Lp
87	54	Lc
87	55	-1
87	56	-1
87	57	Lc
87	58	Lc
87	59	-1
87	60	Lc
87	61	Lc
87	62	Lc
87	63	Lc
87	64	Lc
87	65	L
87	66	L
87	67	L
87	68	L
87	69	-1
87	70	L
87	71	-1
87	72	Lc
87	73	Lcp
87	74	Lc
87	75	-1
87	76	Uc
87	77	Lp
87	78	Lp
87	79	L
87	80	L
87	81	L
87	82	-1
87	83	L
87	84	L
87	85	L
87	86	L
87	87	L
87	88	L
87	89	L
87	90	-1
87	91	L
87	92	L
87	93	L
87	94	L
87	95	Lc
87	96	Lc
87	97	-1
87	98	Lc
87	99	-1
87	100	-1
87	101	L
87	102	-1
87	103	Lc
87	104	Lc
87	105	Lc
87	106	Lc
87	107	-1
87	108	Lc
87	109	Lc
87	110	-1
87	111	-1
87	112	Lc
87	113	Lc
87	114	Lc
87	115	Lc
87	116	Lc
87	117	Lc
87	118	Lc
87	119	Lc
88	0	Lc
88	1	Lc
88	2	Lc
88	3	Lc
88	4	Lc
88	5	Lc
88	6	-1
88	7	-1
88	8	L
88	9	L
88	10	Lc
88	11	Lc
88	12	Lc
88	13	L
88	14	L
88	15	L
88	16	L
88	17	L
88	18	L
88	19	Lc
88	20	Lc
88	21	Lc
88	22	Lc
88	23	Lc
88	24	-1
88	25	Lc
88	26	Lc
88	27	Lc
88	28	Lc
88	29	Lc
88	30	Lp
88	31	Lc
88	32	Lc
88	33	Lp
88	34	Lp
88	35	L
88	36	L
88	37	-1
88	38	-1
88	39	Lc
88	40	Lp
88	41	Lp
88	42	Lp
88	43	Lp
88	44	Lp
88	45	Lp
88	46	-1
88	47	-1
88	48	-1
88	49	L
88	50	L
88	51	-1
88	52	Lp
88	53	Lc
88	54	-1
88	55	Lc
88	56	Lc
88	57	-1
88	58	Lc
88	59	-1
88	60	Lc
88	61	Lc
88	62	Lc
88	63	Lc
88	64	L
88	65	L
88	66	L
88	67	Lc
88	68	-1
88	69	Lc
88	70	Lc
88	71	-1
88	72	Lcp
88	73	Lc
88	74	Lp
88	75	L
88	76	Uc
88	77	Lp
88	78	L
88	79	L
88	80	-1
88	81	L
88	82	L
88	83	L
88	84	U
88	85	L
88	86	-1
88	87	L
88	88	L
88	89	-1
88	90	L
88	91	-1
88	92	Lp
88	93	L
88	94	Lc
88	95	-1
88	96	Lc
88	97	Lc
88	98	Lc
88	99	-1
88	100	-1
88	101	L
88	102	Lc
88	103	Lc
88	104	Lc
88	105	Lc
88	106	Lc
88	107	Lc
88	108	Lc
88	109	Lc
88	110	Lc
88	111	Lc
88	112	Lc
88	113	Lc
88	114	Lc
88	115	Lc
88	116	Lc
88	117	Lc
88	118	Lc
88	119	Lc
89	0	Lc
89	1	Lc
89	2	Lc
89	3	Lc
89	4	Lc
89	5	Lc
89	6	Lc
89	7	-1
89	8	L
89	9	-1
89	10	Lc
89	11	Lc
89	12	L
89	13	L
89	14	L
89	15	-1
89	16	L
89	17	-1
89	18	L
89	19	Lc
89	20	Lc
89	21	Lc
89	22	-1
89	23	Lc
89	24	Lc
89	25	Lc
89	26	Lc
89	27	L
89	28	L
89	29	L
89	30	Lc
89	31	-1
89	32	L
89	33	Lp
89	34	Lp
89	35	L
89	36	L
89	37	Lc
89	38	Lc
89	39	-1
89	40	L
89	41	L
89	42	-1
89	43	Lp
89	44	L
89	45	Lp
89	46	Lp
89	47	-1
89	48	L
89	49	L
89	50	L
89	51	L
89	52	L
89	53	Lc
89	54	Lc
89	55	Lc
89	56	Lc
89	57	Lc
89	58	Lp
89	59	Lc
89	60	Lc
89	61	Lc
89	62	-1
89	63	Lc
89	64	Lc
89	65	L
89	66	Lc
89	67	L
89	68	Lc
89	69	-1
89	70	-1
89	71	Lcp
89	72	Lp
89	73	-1
89	74	Lp
89	75	-1
89	76	Lc
89	77	-1
89	78	Lc
89	79	Lc
89	80	Lc
89	81	L
89	82	L
89	83	L
89	84	L
89	85	U
89	86	-1
89	87	L
89	88	L
89	89	L
89	90	Lc
89	91	Lp
89	92	-1
89	93	-1
89	94	Lc
89	95	Lc
89	96	-1
89	97	Lc
89	98	Lc
89	99	Lc
89	100	-1
89	101	Lc
89	102	L
89	103	Lc
89	104	L
89	105	Lc
89	106	Lc
89	107	Lc
89	108	Lc
89	109	L
89	110	L
89	111	Lc
89	112	Lc
89	113	Lc
89	114	-1
89	115	Lc
89	116	Lc
89	117	Lc
89	118	Lc
89	119	Lc
90	0	Lc
90	1	Lc
90	2	Lc
90	3	-1
90	4	-1
90	5	L
90	6	Lc
90	7	Lc
90	8	L
90	9	L
90	10	L
90	11	Lc
90	12	Lc
90	13	L
90	14	L
90	15	-1
90	16	L
90	17	L
90	18	Lc
90	19	-1
90	20	-1
90	21	Lc
90	22	-1
90	23	-1
90	24	-1
90	25	-1
90	26	L
90	27	L
90	28	L
90	29	-1
90	30	Lc
90	31	-1
90	32	L
90	33	Lp
90	34	-1
90	35	L
90	36	L
90	37	-1
90	38	Lc
90	39	L
90	40	-1
90	41	L
90	42	L
90	43	L
90	44	Lp
90	45	Lp
90	46	Lp
90	47	U
90	48	L
90	49	L
90	50	L
90	51	L
90	52	L
90	53	Lc
90	54	Lc
90	55	-1
90	56	Lp
90	57	Lc
90	58	Lp
90	59	Lc
90	60	-1
90	61	Lc
90	62	Lc
90	63	Lc
90	64	-1
90	65	-1
90	66	Lc
90	67	Lc
90	68	L
90	69	L
90	70	Lc
90	71	L
90	72	Lp
90	73	Lp
90	74	-1
90	75	Lp
90	76	Lc
90	77	-1
90	78	L
90	79	Lc
90	80	Lc
90	81	L
90	82	U
90	83	U
90	84	L
90	85	L
90	86	L
90	87	-1
90	88	-1
90	89	L
90	90	Lc
90	91	Lc
90	92	Lc
90	93	Lc
90	94	-1
90	95	Lc
90	96	-1
90	97	Lc
90	98	Lc
90	99	Lc
90	100	Lc
90	101	-1
90	102	L
90	103	L
90	104	L
90	105	Lc
90	106	-1
90	107	Lc
90	108	Lc
90	109	Lc
90	110	-1
90	111	-1
90	112	-1
90	113	Lc
90	114	Lc
90	115	Lc
90	116	Lc
90	117	-1
90	118	Lc
90	119	Lc
91	0	Lc
91	1	L
91	2	Lc
91	3	-1
91	4	Lc
91	5	Lc
91	6	Lc
91	7	Lc
91	8	L
91	9	Lc
91	10	-1
91	11	Lc
91	12	-1
91	13	Lc
91	14	L
91	15	-1
91	16	L
91	17	Lc
91	18	Lc
91	19	-1
91	20	L
91	21	L
91	22	Lc
91	23	L
91	24	Lc
91	25	Lc
91	26	L
91	27	L
91	28	-1
91	29	Lc
91	30	L
91	31	Lc
91	32	Lp
91	33	-1
91	34	Lp
91	35	-1
91	36	L
91	37	Lc
91	38	Lc
91	39	L
91	40	Lc
91	41	L
91	42	L
91	43	L
91	44	-1
91	45	L
91	46	Lp
91	47	L
91	48	U
91	49	-1
91	50	L
91	51	L
91	52	Lc
91	53	L
91	54	L
91	55	Lp
91	56	Lc
91	57	Lp
91	58	Lc
91	59	-1
91	60	Lc
91	61	Lc
91	62	Lc
91	63	-1
91	64	Lc
91	65	Lc
91	66	-1
91	67	Lc
91	68	Lc
91	69	-1
91	70	Lp
91	71	Lc
91	72	-1
91	73	-1
91	74	-1
91	75	Lc
91	76	Lc
91	77	Lp
91	78	-1
91	79	-1
91	80	-1
91	81	Lc
91	82	-1
91	83	L
91	84	-1
91	85	L
91	86	L
91	87	Lc
91	88	L
91	89	-1
91	90	L
91	91	Lc
91	92	Lc
91	93	Lc
91	94	-1
91	95	-1
91	96	Lc
91	97	L
91	98	L
91	99	-1
91	100	-1
91	101	L
91	102	Lc
91	103	Lc
91	104	L
91	105	L
91	106	-1
91	107	Lc
91	108	Lc
91	109	L
91	110	-1
91	111	-1
91	112	L
91	113	Lc
91	114	Lc
91	115	Lc
91	116	Lc
91	117	L
91	118	L
91	119	L
92	0	Lc
92	1	Lc
92	2	Lc
92	3	Lc
92	4	Lc
92	5	Lc
92	6	Lc
92	7	Lc
92	8	Lc
92	9	Lc
92	10	Lc
92	11	-1
92	12	Lc
92	13	L
92	14	L
92	15	L
92	16	L
92	17	L
92	18	Lc
92	19	L
92	20	L
92	21	L
92	22	Lc
92	23	L
92	24	L
92	25	L
92	26	-1
92	27	L
92	28	L
92	29	Lc
92	30	-1
92	31	L
92	32	Lp
92	33	Lp
92	34	Lc
92	35	Lc
92	36	Lc
92	37	Lc
92	38	Lc
92	39	Lc
92	40	L
92	41	L
92	42	L
92	43	L
92	44	L
92	45	L
92	46	-1
92	47	Lp
92	48	L
92	49	L
92	50	Lp
92	51	Lc
92	52	Lp
92	53	-1
92	54	Lp
92	55	Lp
92	56	Lp
92	57	Lc
92	58	-1
92	59	Lc
92	60	Lc
92	61	L
92	62	Lc
92	63	Lc
92	64	Lc
92	65	-1
92	66	Lc
92	67	Lc
92	68	L
92	69	L
92	70	Lp
92	71	Lp
92	72	L
92	73	Lc
92	74	-1
92	75	Uc
92	76	Lc
92	77	-1
92	78	-1
92	79	Lc
92	80	-1
92	81	Lc
92	82	U
92	83	Lc
92	84	L
92	85	L
92	86	U
92	87	Lc
92	88	Lc
92	89	L
92	90	Lc
92	91	Lc
92	92	Lc
92	93	Lc
92	94	Lc
92	95	-1
92	96	Lc
92	97	L
92	98	L
92	99	Lc
92	100	L
92	101	-1
92	102	L
92	103	Lc
92	104	L
92	105	L
92	106	L
92	107	L
92	108	Lc
92	109	L
92	110	L
92	111	L
92	112	-1
92	113	L
92	114	Lc
92	115	L
92	116	Lc
92	117	Lc
92	118	L
92	119	L
93	0	Lc
93	1	Lc
93	2	Lc
93	3	-1
93	4	-1
93	5	Lc
93	6	Lc
93	7	Lc
93	8	Lc
93	9	Lc
93	10	Lc
93	11	Lc
93	12	Lc
93	13	Uc
93	14	Uc
93	15	Lc
93	16	L
93	17	L
93	18	L
93	19	L
93	20	L
93	21	Lc
93	22	-1
93	23	-1
93	24	Lc
93	25	-1
93	26	L
93	27	-1
93	28	L
93	29	-1
93	30	Lp
93	31	Lp
93	32	Lp
93	33	Lc
93	34	U
93	35	Lc
93	36	Lc
93	37	Lc
93	38	Lc
93	39	L
93	40	L
93	41	-1
93	42	L
93	43	-1
93	44	L
93	45	L
93	46	Lp
93	47	L
93	48	Lc
93	49	-1
93	50	-1
93	51	Lc
93	52	-1
93	53	Lc
93	54	Lp
93	55	Lp
93	56	Lc
93	57	Lc
93	58	-1
93	59	Lc
93	60	Lc
93	61	L
93	62	-1
93	63	L
93	64	Lc
93	65	Lc
93	66	Lc
93	67	Lc
93	68	Lc
93	69	Lc
93	70	Lc
93	71	-1
93	72	-1
93	73	L
93	74	-1
93	75	Uc
93	76	Lc
93	77	Lc
93	78	Lc
93	79	Lc
93	80	-1
93	81	U
93	82	U
93	83	U
93	84	Lc
93	85	Lc
93	86	Lc
93	87	U
93	88	Lc
93	89	Lc
93	90	L
93	91	Lc
93	92	-1
93	93	L
93	94	L
93	95	Lc
93	96	Lc
93	97	Lc
93	98	-1
93	99	L
93	100	Lc
93	101	Lc
93	102	L
93	103	Lc
93	104	L
93	105	L
93	106	L
93	107	U
93	108	L
93	109	L
93	110	-1
93	111	L
93	112	L
93	113	L
93	114	L
93	115	L
93	116	L
93	117	L
93	118	L
93	119	L
94	0	Lc
94	1	Lc
94	2	-1
94	3	Lc
94	4	Lc
94	5	Lc
94	6	Lc
94	7	-1
94	8	Lc
94	9	Lc
94	10	-1
94	11	Lc
94	12	Lc
94	13	Lc
94	14	Lc
94	15	L
94	16	-1
94	17	-1
94	18	L
94	19	Lc
94	20	Lc
94	21	Lc
94	22	Lc
94	23	L
94	24	Lc
94	25	Lc
94	26	L
94	27	L
94	28	L
94	29	L
94	30	Lp
94	31	L
94	32	Lc
94	33	U
94	34	-1
94	35	Lc
94	36	Lc
94	37	Lc
94	38	-1
94	39	-1
94	40	L
94	41	L
94	42	Lp
94	43	L
94	44	-1
94	45	-1
94	46	Lc
94	47	L
94	48	-1
94	49	Lc
94	50	Lc
94	51	Lc
94	52	Lc
94	53	Lp
94	54	Lp
94	55	Lc
94	56	L
94	57	Lc
94	58	Lc
94	59	Lc
94	60	-1
94	61	L
94	62	L
94	63	-1
94	64	-1
94	65	-1
94	66	Lc
94	67	Lc
94	68	L
94	69	Lc
94	70	Lc
94	71	-1
94	72	Lc
94	73	Lc
94	74	-1
94	75	Lc
94	76	Uc
94	77	Lc
94	78	Lc
94	79	Uc
94	80	Uc
94	81	U
94	82	U
94	83	Lc
94	84	Lc
94	85	Lc
94	86	L
94	87	L
94	88	-1
94	89	Lc
94	90	-1
94	91	Lc
94	92	Lc
94	93	-1
94	94	L
94	95	Lc
94	96	L
94	97	L
94	98	-1
94	99	Lc
94	100	L
94	101	L
94	102	Lc
94	103	Lc
94	104	Lc
94	105	-1
94	106	-1
94	107	U
94	108	Lc
94	109	L
94	110	U
94	111	U
94	112	L
94	113	-1
94	114	L
94	115	L
94	116	L
94	117	Lc
94	118	L
94	119	L
95	0	-1
95	1	Lc
95	2	Lc
95	3	Lc
95	4	-1
95	5	Lc
95	6	-1
95	7	Lc
95	8	-1
95	9	-1
95	10	Lc
95	11	Uc
95	12	-1
95	13	Lc
95	14	Lc
95	15	Lc
95	16	Lc
95	17	Lc
95	18	Lc
95	19	Lc
95	20	Lc
95	21	Lc
95	22	Lc
95	23	Lc
95	24	-1
95	25	Lc
95	26	Lc
95	27	L
95	28	L
95	29	L
95	30	L
95	31	L
95	32	Lp
95	33	Lc
95	34	Lc
95	35	-1
95	36	Lc
95	37	Lc
95	38	-1
95	39	L
95	40	L
95	41	L
95	42	L
95	43	Lp
95	44	Lp
95	45	Lp
95	46	-1
95	47	Lc
95	48	Lc
95	49	-1
95	50	Lc
95	51	Lc
95	52	Lc
95	53	L
95	54	L
95	55	-1
95	56	-1
95	57	Lcp
95	58	-1
95	59	Lc
95	60	Lcp
95	61	L
95	62	-1
95	63	L
95	64	L
95	65	L
95	66	L
95	67	Lc
95	68	Lc
95	69	L
95	70	Lc
95	71	Lc
95	72	-1
95	73	Lc
95	74	Lc
95	75	Uc
95	76	-1
95	77	Uc
95	78	-1
95	79	-1
95	80	-1
95	81	-1
95	82	U
95	83	U
95	84	Lc
95	85	Lc
95	86	L
95	87	L
95	88	L
95	89	Lc
95	90	Lc
95	91	Lc
95	92	Uc
95	93	L
95	94	L
95	95	L
95	96	Lc
95	97	L
95	98	L
95	99	L
95	100	Lc
95	101	Lc
95	102	-1
95	103	Lc
95	104	Lc
95	105	-1
95	106	-1
95	107	U
95	108	L
95	109	U
95	110	U
95	111	L
95	112	L
95	113	L
95	114	L
95	115	L
95	116	Lc
95	117	Lc
95	118	L
95	119	L
96	0	-1
96	1	Lc
96	2	Lc
96	3	L
96	4	-1
96	5	Lc
96	6	Lc
96	7	Lc
96	8	Lc
96	9	L
96	10	-1
96	11	Lc
96	12	Uc
96	13	Lc
96	14	Lc
96	15	Lc
96	16	Uc
96	17	Lc
96	18	Lc
96	19	Lc
96	20	-1
96	21	Lc
96	22	Lc
96	23	Lc
96	24	Lc
96	25	Lc
96	26	-1
96	27	L
96	28	-1
96	29	L
96	30	Lc
96	31	Lc
96	32	Lp
96	33	Lp
96	34	Lc
96	35	L
96	36	L
96	37	L
96	38	L
96	39	L
96	40	U
96	41	L
96	42	Uc
96	43	Lc
96	44	Lp
96	45	L
96	46	Lp
96	47	Lp
96	48	Lc
96	49	Lc
96	50	-1
96	51	Lp
96	52	Lc
96	53	L
96	54	Lc
96	55	Lc
96	56	-1
96	57	Lcp
96	58	Lc
96	59	Lc
96	60	-1
96	61	-1
96	62	Lc
96	63	Lc
96	64	-1
96	65	L
96	66	L
96	67	L
96	68	L
96	69	Lc
96	70	-1
96	71	Lc
96	72	Lc
96	73	Lc
96	74	Lc
96	75	Lc
96	76	Uc
96	77	Lc
96	78	Uc
96	79	-1
96	80	-1
96	81	-1
96	82	U
96	83	L
96	84	-1
96	85	Lc
96	86	L
96	87	U
96	88	L
96	89	-1
96	90	L
96	91	-1
96	92	L
96	93	L
96	94	Lc
96	95	Lc
96	96	-1
96	97	Lc
96	98	Lc
96	99	Lc
96	100	Lc
96	101	Lc
96	102	-1
96	103	-1
96	104	Lc
96	105	Lc
96	106	L
96	107	L
96	108	-1
96	109	L
96	110	U
96	111	L
96	112	Lc
96	113	L
96	114	-1
96	115	L
96	116	Lc
96	117	Lc
96	118	Uc
96	119	Lc
97	0	Lc
97	1	Lc
97	2	Lc
97	3	-1
97	4	Lc
97	5	Lc
97	6	Lc
97	7	Lc
97	8	L
97	9	L
97	10	L
97	11	L
97	12	Lc
97	13	L
97	14	Lc
97	15	Lc
97	16	Lc
97	17	Lc
97	18	-1
97	19	Lc
97	20	Lc
97	21	Lc
97	22	Lc
97	23	-1
97	24	Lc
97	25	L
97	26	Lc
97	27	-1
97	28	Lc
97	29	Lc
97	30	-1
97	31	Lc
97	32	Lc
97	33	-1
97	34	-1
97	35	Lp
97	36	L
97	37	L
97	38	L
97	39	L
97	40	-1
97	41	Uc
97	42	-1
97	43	Lc
97	44	L
97	45	L
97	46	-1
97	47	-1
97	48	Lp
97	49	Lp
97	50	Lp
97	51	Lp
97	52	Lp
97	53	-1
97	54	-1
97	55	Lcp
97	56	Lcp
97	57	Lc
97	58	Lcp
97	59	Lc
97	60	L
97	61	-1
97	62	Lc
97	63	Lc
97	64	Lc
97	65	Lc
97	66	Lc
97	67	L
97	68	L
97	69	Lc
97	70	Lc
97	71	Lc
97	72	Lc
97	73	Lc
97	74	Lc
97	75	Lc
97	76	-1
97	77	-1
97	78	Lc
97	79	Uc
97	80	Lc
97	81	-1
97	82	-1
97	83	-1
97	84	Lc
97	85	Lc
97	86	-1
97	87	-1
97	88	L
97	89	L
97	90	L
97	91	L
97	92	L
97	93	L
97	94	Lc
97	95	-1
97	96	Lc
97	97	-1
97	98	-1
97	99	Lc
97	100	L
97	101	-1
97	102	Lc
97	103	L
97	104	-1
97	105	-1
97	106	L
97	107	L
97	108	L
97	109	L
97	110	L
97	111	-1
97	112	Lc
97	113	L
97	114	-1
97	115	L
97	116	Lc
97	117	Uc
97	118	-1
97	119	Uc
98	0	Lc
98	1	Lc
98	2	Lc
98	3	Lc
98	4	Lc
98	5	Lc
98	6	-1
98	7	L
98	8	L
98	9	-1
98	10	-1
98	11	L
98	12	L
98	13	Lc
98	14	Lc
98	15	Lc
98	16	Lc
98	17	Lc
98	18	Lc
98	19	Lc
98	20	Lc
98	21	Lc
98	22	Lc
98	23	Lc
98	24	Lc
98	25	L
98	26	Lc
98	27	-1
98	28	L
98	29	-1
98	30	Lc
98	31	Lc
98	32	Lc
98	33	Lc
98	34	Uc
98	35	L
98	36	Lp
98	37	-1
98	38	L
98	39	Lc
98	40	-1
98	41	Lc
98	42	-1
98	43	-1
98	44	L
98	45	Lc
98	46	Lc
98	47	Lc
98	48	-1
98	49	Lp
98	50	Lp
98	51	-1
98	52	Lp
98	53	Lp
98	54	-1
98	55	Lcp
98	56	Lcp
98	57	-1
98	58	Lc
98	59	-1
98	60	L
98	61	L
98	62	Lc
98	63	-1
98	64	-1
98	65	Lc
98	66	L
98	67	L
98	68	L
98	69	-1
98	70	Lc
98	71	Lc
98	72	Lc
98	73	Lc
98	74	Lc
98	75	Lc
98	76	Lc
98	77	Lc
98	78	Lc
98	79	L
98	80	L
98	81	Lc
98	82	Lc
98	83	Lc
98	84	L
98	85	-1
98	86	-1
98	87	L
98	88	L
98	89	L
98	90	L
98	91	L
98	92	L
98	93	L
98	94	Lc
98	95	-1
98	96	Lc
98	97	L
98	98	L
98	99	L
98	100	L
98	101	L
98	102	L
98	103	L
98	104	L
98	105	Lc
98	106	L
98	107	-1
98	108	L
98	109	-1
98	110	-1
98	111	Lc
98	112	L
98	113	L
98	114	-1
98	115	L
98	116	L
98	117	-1
98	118	Lc
98	119	-1
99	0	Lc
99	1	Lc
99	2	Lc
99	3	-1
99	4	Lc
99	5	-1
99	6	L
99	7	-1
99	8	-1
99	9	-1
99	10	-1
99	11	L
99	12	L
99	13	L
99	14	Lc
99	15	-1
99	16	-1
99	17	Lc
99	18	Lc
99	19	-1
99	20	-1
99	21	Lc
99	22	Lc
99	23	L
99	24	Lc
99	25	Lc
99	26	L
99	27	L
99	28	L
99	29	Lc
99	30	L
99	31	-1
99	32	Lc
99	33	Uc
99	34	-1
99	35	Uc
99	36	L
99	37	L
99	38	U
99	39	-1
99	40	U
99	41	U
99	42	Lc
99	43	Lc
99	44	Lc
99	45	-1
99	46	Lc
99	47	-1
99	48	Lp
99	49	-1
99	50	Lp
99	51	Lp
99	52	L
99	53	-1
99	54	-1
99	55	Lc
99	56	Uc
99	57	Lcp
99	58	L
99	59	Lcp
99	60	L
99	61	L
99	62	L
99	63	L
99	64	Lc
99	65	Lc
99	66	Lc
99	67	L
99	68	Uc
99	69	Lc
99	70	Lc
99	71	Uc
99	72	Lc
99	73	-1
99	74	-1
99	75	Lc
99	76	Lc
99	77	Lc
99	78	-1
99	79	Lc
99	80	-1
99	81	Lc
99	82	-1
99	83	Lc
99	84	-1
99	85	L
99	86	L
99	87	L
99	88	-1
99	89	-1
99	90	-1
99	91	L
99	92	L
99	93	-1
99	94	Lc
99	95	-1
99	96	L
99	97	L
99	98	Lc
99	99	Lc
99	100	L
99	101	L
99	102	L
99	103	Lc
99	104	-1
99	105	Lc
99	106	Lc
99	107	L
99	108	L
99	109	U
99	110	L
99	111	L
99	112	L
99	113	L
99	114	L
99	115	L
99	116	L
99	117	-1
99	118	Lc
99	119	Lc
100	0	Lc
100	1	Lc
100	2	Lc
100	3	Lc
100	4	Lc
100	5	Lc
100	6	Lc
100	7	Lc
100	8	Lc
100	9	L
100	10	-1
100	11	-1
100	12	L
100	13	Lc
100	14	-1
100	15	Lc
100	16	Lc
100	17	Lc
100	18	-1
100	19	-1
100	20	Lc
100	21	Lc
100	22	Lc
100	23	U
100	24	Lc
100	25	U
100	26	-1
100	27	L
100	28	L
100	29	L
100	30	L
100	31	Lc
100	32	Lc
100	33	L
100	34	-1
100	35	Uc
100	36	Uc
100	37	U
100	38	L
100	39	-1
100	40	L
100	41	-1
100	42	-1
100	43	L
100	44	Lc
100	45	Lc
100	46	Lp
100	47	Lp
100	48	Lp
100	49	L
100	50	-1
100	51	L
100	52	U
100	53	U
100	54	U
100	55	U
100	56	Uc
100	57	L
100	58	L
100	59	Lc
100	60	-1
100	61	L
100	62	L
100	63	L
100	64	Uc
100	65	Lc
100	66	L
100	67	L
100	68	-1
100	69	Uc
100	70	Uc
100	71	Lc
100	72	-1
100	73	-1
100	74	-1
100	75	Lc
100	76	Lc
100	77	Uc
100	78	Uc
100	79	-1
100	80	L
100	81	Lc
100	82	Lc
100	83	Lc
100	84	Lc
100	85	L
100	86	L
100	87	L
100	88	L
100	89	L
100	90	L
100	91	L
100	92	Lc
100	93	Lc
100	94	Lc
100	95	Lc
100	96	Lc
100	97	Lc
100	98	Lc
100	99	L
100	100	L
100	101	L
100	102	L
100	103	-1
100	104	-1
100	105	-1
100	106	-1
100	107	L
100	108	-1
100	109	-1
100	110	L
100	111	-1
100	112	Lc
100	113	L
100	114	L
100	115	L
100	116	L
100	117	L
100	118	L
100	119	Lc
101	0	Lc
101	1	-1
101	2	-1
101	3	Lc
101	4	Lc
101	5	-1
101	6	-1
101	7	Lc
101	8	L
101	9	Lc
101	10	Lc
101	11	L
101	12	-1
101	13	Lc
101	14	Lc
101	15	Lc
101	16	-1
101	17	Lc
101	18	Lc
101	19	Lc
101	20	Lc
101	21	Lc
101	22	Lc
101	23	-1
101	24	U
101	25	U
101	26	L
101	27	L
101	28	-1
101	29	L
101	30	L
101	31	Lc
101	32	Lc
101	33	-1
101	34	Uc
101	35	Uc
101	36	Uc
101	37	-1
101	38	-1
101	39	L
101	40	L
101	41	L
101	42	Lc
101	43	Lc
101	44	Lc
101	45	Lc
101	46	Lp
101	47	Lp
101	48	-1
101	49	Lc
101	50	-1
101	51	Lp
101	52	U
101	53	Lc
101	54	U
101	55	U
101	56	Lc
101	57	Lc
101	58	Lc
101	59	Lc
101	60	-1
101	61	-1
101	62	L
101	63	-1
101	64	Uc
101	65	Uc
101	66	Lc
101	67	L
101	68	-1
101	69	Lc
101	70	Lc
101	71	Uc
101	72	Uc
101	73	Lc
101	74	Lc
101	75	Lc
101	76	Lc
101	77	Uc
101	78	L
101	79	L
101	80	-1
101	81	-1
101	82	-1
101	83	-1
101	84	L
101	85	L
101	86	L
101	87	L
101	88	L
101	89	L
101	90	L
101	91	-1
101	92	L
101	93	L
101	94	Lc
101	95	L
101	96	-1
101	97	Lc
101	98	-1
101	99	L
101	100	-1
101	101	L
101	102	L
101	103	-1
101	104	-1
101	105	L
101	106	Lc
101	107	-1
101	108	Lc
101	109	Lc
101	110	-1
101	111	-1
101	112	-1
101	113	-1
101	114	L
101	115	Lc
101	116	-1
101	117	L
101	118	L
101	119	Lc
102	0	Lc
102	1	Lc
102	2	Lc
102	3	Lc
102	4	Lc
102	5	Lc
102	6	Lc
102	7	Lc
102	8	L
102	9	Lc
102	10	Lc
102	11	Lc
102	12	L
102	13	-1
102	14	-1
102	15	Lc
102	16	-1
102	17	Lc
102	18	Lc
102	19	Lc
102	20	L
102	21	Lc
102	22	Lc
102	23	U
102	24	Lc
102	25	-1
102	26	-1
102	27	L
102	28	L
102	29	L
102	30	L
102	31	-1
102	32	L
102	33	Uc
102	34	Uc
102	35	Lc
102	36	Lc
102	37	Lc
102	38	Lc
102	39	-1
102	40	L
102	41	L
102	42	-1
102	43	Lc
102	44	L
102	45	Lc
102	46	Lp
102	47	-1
102	48	Uc
102	49	L
102	50	Lc
102	51	Lc
102	52	-1
102	53	Lc
102	54	Lc
102	55	Lc
102	56	Lc
102	57	Lc
102	58	-1
102	59	Lc
102	60	Lc
102	61	Lc
102	62	Lc
102	63	-1
102	64	L
102	65	Uc
102	66	L
102	67	-1
102	68	Lc
102	69	Uc
102	70	Uc
102	71	Lc
102	72	Lc
102	73	Lc
102	74	Lc
102	75	Lc
102	76	-1
102	77	L
102	78	L
102	79	L
102	80	L
102	81	-1
102	82	L
102	83	L
102	84	-1
102	85	L
102	86	L
102	87	L
102	88	L
102	89	L
102	90	L
102	91	L
102	92	L
102	93	L
102	94	L
102	95	-1
102	96	L
102	97	-1
102	98	L
102	99	L
102	100	L
102	101	L
102	102	L
102	103	L
102	104	L
102	105	-1
102	106	L
102	107	Lc
102	108	L
102	109	L
102	110	L
102	111	-1
102	112	L
102	113	-1
102	114	Lc
102	115	L
102	116	L
102	117	Lc
102	118	-1
102	119	Lc
103	0	Lc
103	1	Lc
103	2	Lc
103	3	Lc
103	4	Lc
103	5	Lc
103	6	Lc
103	7	-1
103	8	L
103	9	Lc
103	10	L
103	11	L
103	12	Lc
103	13	Lc
103	14	Lc
103	15	-1
103	16	Lc
103	17	Lc
103	18	Lc
103	19	Lc
103	20	-1
103	21	Lc
103	22	Lc
103	23	L
103	24	Lc
103	25	L
103	26	-1
103	27	L
103	28	L
103	29	L
103	30	-1
103	31	L
103	32	L
103	33	Lc
103	34	Lc
103	35	Lc
103	36	Lc
103	37	Lc
103	38	Lc
103	39	Lc
103	40	Lc
103	41	-1
103	42	-1
103	43	L
103	44	L
103	45	L
103	46	Lc
103	47	-1
103	48	Lc
103	49	L
103	50	Lc
103	51	Lc
103	52	Lc
103	53	Lc
103	54	U
103	55	Lc
103	56	-1
103	57	Lc
103	58	Lc
103	59	Lc
103	60	Lc
103	61	Lc
103	62	-1
103	63	-1
103	64	Uc
103	65	Uc
103	66	-1
103	67	-1
103	68	-1
103	69	Uc
103	70	Lcp
103	71	Lc
103	72	-1
103	73	Lc
103	74	-1
103	75	L
103	76	L
103	77	L
103	78	L
103	79	L
103	80	-1
103	81	L
103	82	L
103	83	L
103	84	L
103	85	L
103	86	L
103	87	L
103	88	-1
103	89	L
103	90	L
103	91	L
103	92	-1
103	93	L
103	94	L
103	95	L
103	96	U
103	97	U
103	98	L
103	99	L
103	100	Lc
103	101	-1
103	102	L
103	103	-1
103	104	-1
103	105	L
103	106	L
103	107	-1
103	108	L
103	109	L
103	110	L
103	111	L
103	112	L
103	113	L
103	114	-1
103	115	Lc
103	116	-1
103	117	Lc
103	118	-1
103	119	Lc
104	0	Lc
104	1	Lc
104	2	-1
104	3	-1
104	4	-1
104	5	-1
104	6	Lc
104	7	Lc
104	8	-1
104	9	L
104	10	Lc
104	11	Lc
104	12	Lc
104	13	Lc
104	14	Lc
104	15	Lc
104	16	Lc
104	17	L
104	18	-1
104	19	Lc
104	20	Lc
104	21	Lc
104	22	-1
104	23	L
104	24	Lc
104	25	Lc
104	26	L
104	27	L
104	28	L
104	29	-1
104	30	L
104	31	L
104	32	L
104	33	L
104	34	Lc
104	35	Lc
104	36	-1
104	37	Lc
104	38	Lc
104	39	Lc
104	40	Lc
104	41	Lc
104	42	Lc
104	43	L
104	44	L
104	45	-1
104	46	L
104	47	Lc
104	48	L
104	49	L
104	50	L
104	51	Lc
104	52	Lc
104	53	Lc
104	54	-1
104	55	U
104	56	Lc
104	57	Lc
104	58	U
104	59	Lc
104	60	-1
104	61	Lc
104	62	U
104	63	U
104	64	Uc
104	65	L
104	66	Uc
104	67	Uc
104	68	Uc
104	69	Uc
104	70	Uc
104	71	Uc
104	72	Uc
104	73	Lc
104	74	Lc
104	75	-1
104	76	L
104	77	L
104	78	-1
104	79	-1
104	80	L
104	81	-1
104	82	L
104	83	L
104	84	L
104	85	-1
104	86	L
104	87	-1
104	88	L
104	89	L
104	90	L
104	91	L
104	92	L
104	93	L
104	94	L
104	95	Lc
104	96	U
104	97	U
104	98	Lc
104	99	Lc
104	100	-1
104	101	Lc
104	102	-1
104	103	L
104	104	Lc
104	105	L
104	106	-1
104	107	-1
104	108	L
104	109	L
104	110	L
104	111	Lc
104	112	L
104	113	L
104	114	-1
104	115	-1
104	116	-1
104	117	Lc
104	118	Lc
104	119	Lc
105	0	Lc
105	1	-1
105	2	Lc
105	3	Lc
105	4	Lc
105	5	Lc
105	6	-1
105	7	L
105	8	L
105	9	L
105	10	Lc
105	11	L
105	12	-1
105	13	-1
105	14	Lc
105	15	Lc
105	16	Lc
105	17	Lc
105	18	Lc
105	19	L
105	20	L
105	21	-1
105	22	L
105	23	L
105	24	L
105	25	L
105	26	L
105	27	L
105	28	L
105	29	L
105	30	L
105	31	-1
105	32	L
105	33	Lc
105	34	Lc
105	35	Lc
105	36	Lc
105	37	Lc
105	38	Lc
105	39	L
105	40	-1
105	41	-1
105	42	-1
105	43	-1
105	44	L
105	45	L
105	46	L
105	47	Lc
105	48	-1
105	49	L
105	50	L
105	51	L
105	52	Lc
105	53	Lc
105	54	U
105	55	U
105	56	U
105	57	-1
105	58	Uc
105	59	Lc
105	60	Uc
105	61	Lc
105	62	L
105	63	-1
105	64	Uc
105	65	L
105	66	L
105	67	Uc
105	68	Uc
105	69	Lcp
105	70	Lcp
105	71	-1
105	72	Uc
105	73	Lc
105	74	Lc
105	75	Lc
105	76	L
105	77	-1
105	78	L
105	79	L
105	80	-1
105	81	-1
105	82	-1
105	83	L
105	84	L
105	85	L
105	86	L
105	87	L
105	88	L
105	89	L
105	90	L
105	91	L
105	92	L
105	93	-1
105	94	-1
105	95	-1
105	96	Lc
105	97	Lc
105	98	L
105	99	-1
105	100	Lc
105	101	Lc
105	102	Lc
105	103	Lc
105	104	L
105	105	L
105	106	L
105	107	Lc
105	108	Lc
105	109	Lc
105	110	L
105	111	L
105	112	Lc
105	113	Lc
105	114	Lc
105	115	Lc
105	116	Lc
105	117	Lc
105	118	Lc
105	119	Lc
106	0	L
106	1	L
106	2	L
106	3	-1
106	4	Lp
106	5	-1
106	6	-1
106	7	-1
106	8	L
106	9	-1
106	10	L
106	11	L
106	12	-1
106	13	-1
106	14	Lc
106	15	Lc
106	16	Lc
106	17	-1
106	18	Lc
106	19	Lc
106	20	-1
106	21	-1
106	22	L
106	23	-1
106	24	L
106	25	L
106	26	L
106	27	L
106	28	-1
106	29	-1
106	30	-1
106	31	L
106	32	L
106	33	Lc
106	34	Lc
106	35	L
106	36	-1
106	37	Lc
106	38	L
106	39	Lc
106	40	L
106	41	Lc
106	42	Lc
106	43	Lc
106	44	Lc
106	45	L
106	46	L
106	47	L
106	48	Lc
106	49	L
106	50	Lc
106	51	Lc
106	52	Lc
106	53	Lc
106	54	Lc
106	55	-1
106	56	U
106	57	U
106	58	-1
106	59	Uc
106	60	-1
106	61	Uc
106	62	Lc
106	63	Lc
106	64	L
106	65	Uc
106	66	L
106	67	L
106	68	-1
106	69	Uc
106	70	Uc
106	71	-1
106	72	Uc
106	73	-1
106	74	Lc
106	75	Lc
106	76	L
106	77	Lc
106	78	L
106	79	L
106	80	L
106	81	L
106	82	L
106	83	L
106	84	L
106	85	L
106	86	-1
106	87	L
106	88	L
106	89	L
106	90	L
106	91	L
106	92	L
106	93	-1
106	94	-1
106	95	L
106	96	L
106	97	L
106	98	-1
106	99	-1
106	100	-1
106	101	Lc
106	102	L
106	103	L
106	104	Lc
106	105	L
106	106	Lc
106	107	Lc
106	108	Lc
106	109	Lc
106	110	Lc
106	111	Lc
106	112	Lc
106	113	Lc
106	114	Lc
106	115	Lc
106	116	Lc
106	117	-1
106	118	Lc
106	119	Lc
107	0	L
107	1	L
107	2	-1
107	3	L
107	4	Lp
107	5	Lp
107	6	Lc
107	7	-1
107	8	Lc
107	9	L
107	10	L
107	11	L
107	12	Lc
107	13	L
107	14	U
107	15	L
107	16	Lc
107	17	L
107	18	L
107	19	-1
107	20	L
107	21	L
107	22	L
107	23	L
107	24	L
107	25	L
107	26	L
107	27	-1
107	28	L
107	29	-1
107	30	L
107	31	L
107	32	Lc
107	33	L
107	34	Lc
107	35	Lc
107	36	-1
107	37	Lc
107	38	Lc
107	39	-1
107	40	-1
107	41	Lc
107	42	-1
107	43	-1
107	44	-1
107	45	Lc
107	46	Lc
107	47	Lc
107	48	L
107	49	-1
107	50	-1
107	51	Lc
107	52	Lc
107	53	U
107	54	U
107	55	-1
107	56	U
107	57	U
107	58	-1
107	59	Lc
107	60	Uc
107	61	Lc
107	62	Lc
107	63	Lc
107	64	L
107	65	Uc
107	66	L
107	67	Uc
107	68	Uc
107	69	Uc
107	70	Lcp
107	71	Lc
107	72	Lc
107	73	-1
107	74	Lc
107	75	L
107	76	L
107	77	L
107	78	Lc
107	79	L
107	80	Lc
107	81	L
107	82	L
107	83	L
107	84	-1
107	85	L
107	86	L
107	87	-1
107	88	L
107	89	L
107	90	L
107	91	L
107	92	-1
107	93	L
107	94	L
107	95	L
107	96	L
107	97	L
107	98	L
107	99	-1
107	100	L
107	101	Uc
107	102	Uc
107	103	Lc
107	104	Lc
107	105	-1
107	106	Lc
107	107	-1
107	108	Lc
107	109	Lc
107	110	Lc
107	111	Lc
107	112	-1
107	113	Lc
107	114	Lc
107	115	Lc
107	116	Lp
107	117	Lp
107	118	Lp
107	119	L
108	0	L
108	1	Lc
108	2	Lp
108	3	L
108	4	L
108	5	Lc
108	6	-1
108	7	Lc
108	8	Lc
108	9	Lc
108	10	Lc
108	11	Lc
108	12	L
108	13	U
108	14	U
108	15	Lc
108	16	L
108	17	L
108	18	L
108	19	L
108	20	-1
108	21	L
108	22	L
108	23	Lc
108	24	-1
108	25	-1
108	26	-1
108	27	-1
108	28	-1
108	29	L
108	30	L
108	31	L
108	32	Lc
108	33	Lc
108	34	Lc
108	35	Lc
108	36	Lc
108	37	-1
108	38	Lc
108	39	Lc
108	40	-1
108	41	-1
108	42	-1
108	43	L
108	44	L
108	45	Lc
108	46	L
108	47	L
108	48	Lc
108	49	-1
108	50	-1
108	51	L
108	52	Lc
108	53	Lc
108	54	U
108	55	U
108	56	-1
108	57	U
108	58	Lc
108	59	-1
108	60	-1
108	61	Lc
108	62	-1
108	63	L
108	64	-1
108	65	-1
108	66	Uc
108	67	Uc
108	68	Lcp
108	69	Lcp
108	70	Lc
108	71	Lc
108	72	Lc
108	73	Lc
108	74	Lc
108	75	Lc
108	76	-1
108	77	Lc
108	78	Lc
108	79	Lc
108	80	Lc
108	81	-1
108	82	Lc
108	83	Lc
108	84	Lc
108	85	L
108	86	L
108	87	L
108	88	L
108	89	L
108	90	L
108	91	L
108	92	-1
108	93	L
108	94	L
108	95	L
108	96	L
108	97	-1
108	98	L
108	99	L
108	100	L
108	101	Uc
108	102	-1
108	103	Lc
108	104	Lc
108	105	Lc
108	106	-1
108	107	Lc
108	108	Lc
108	109	Lc
108	110	Lc
108	111	Lc
108	112	Lc
108	113	Lc
108	114	Lc
108	115	Lc
108	116	Lc
108	117	-1
108	118	Lp
108	119	Lc
109	0	-1
109	1	Lc
109	2	Lc
109	3	-1
109	4	Uc
109	5	Lc
109	6	-1
109	7	Lc
109	8	-1
109	9	-1
109	10	Lc
109	11	Lc
109	12	Lc
109	13	-1
109	14	Lc
109	15	L
109	16	-1
109	17	L
109	18	-1
109	19	Lc
109	20	L
109	21	-1
109	22	-1
109	23	L
109	24	Lc
109	25	L
109	26	Lc
109	27	-1
109	28	Uc
109	29	L
109	30	-1
109	31	L
109	32	L
109	33	Lc
109	34	Lc
109	35	Lc
109	36	Lc
109	37	L
109	38	L
109	39	L
109	40	L
109	41	L
109	42	-1
109	43	Lc
109	44	Lc
109	45	-1
109	46	L
109	47	L
109	48	-1
109	49	L
109	50	L
109	51	L
109	52	U
109	53	U
109	54	Lc
109	55	Lc
109	56	-1
109	57	L
109	58	Lc
109	59	-1
109	60	Lc
109	61	-1
109	62	-1
109	63	Lc
109	64	L
109	65	Uc
109	66	Uc
109	67	Lc
109	68	Lc
109	69	Uc
109	70	Lc
109	71	Lc
109	72	Lc
109	73	Lc
109	74	-1
109	75	Lc
109	76	Lc
109	77	Lc
109	78	Lc
109	79	Lc
109	80	Lc
109	81	Lc
109	82	Lc
109	83	L
109	84	Lc
109	85	-1
109	86	L
109	87	L
109	88	L
109	89	-1
109	90	-1
109	91	L
109	92	U
109	93	-1
109	94	-1
109	95	L
109	96	-1
109	97	L
109	98	-1
109	99	L
109	100	L
109	101	Lc
109	102	Uc
109	103	Uc
109	104	Lc
109	105	Lc
109	106	-1
109	107	-1
109	108	Lc
109	109	-1
109	110	Lc
109	111	Lc
109	112	Lc
109	113	Lc
109	114	Lc
109	115	Lc
109	116	-1
109	117	Lc
109	118	-1
109	119	Lcp
110	0	Lcp
110	1	Lc
110	2	Lc
110	3	Lc
110	4	Lc
110	5	Lc
110	6	Lc
110	7	Lc
110	8	Lc
110	9	L
110	10	Uc
110	11	Lc
110	12	-1
110	13	Lc
110	14	Lc
110	15	L
110	16	L
110	17	L
110	18	L
110	19	L
110	20	-1
110	21	L
110	22	-1
110	23	Lc
110	24	-1
110	25	-1
110	26	Lc
110	27	Lc
110	28	Uc
110	29	L
110	30	L
110	31	L
110	32	L
110	33	Lc
110	34	Lc
110	35	Lc
110	36	Lc
110	37	Lc
110	38	Lc
110	39	-1
110	40	-1
110	41	L
110	42	L
110	43	L
110	44	Lc
110	45	-1
110	46	L
110	47	L
110	48	L
110	49	L
110	50	-1
110	51	U
110	52	L
110	53	Lc
110	54	-1
110	55	-1
110	56	U
110	57	L
110	58	L
110	59	L
110	60	L
110	61	L
110	62	Lc
110	63	Uc
110	64	Uc
110	65	Uc
110	66	Uc
110	67	Uc
110	68	Lc
110	69	Lc
110	70	Lc
110	71	-1
110	72	Lc
110	73	Lc
110	74	Lc
110	75	Lc
110	76	Lc
110	77	Lc
110	78	Lc
110	79	Lc
110	80	Lc
110	81	-1
110	82	Lc
110	83	L
110	84	L
110	85	L
110	86	L
110	87	L
110	88	L
110	89	-1
110	90	L
110	91	-1
110	92	L
110	93	L
110	94	L
110	95	L
110	96	L
110	97	L
110	98	L
110	99	-1
110	100	L
110	101	Uc
110	102	Lc
110	103	Lc
110	104	Lc
110	105	-1
110	106	-1
110	107	Lc
110	108	Lc
110	109	Lc
110	110	Lc
110	111	Lc
110	112	Lc
110	113	Lc
110	114	L
110	115	Lc
110	116	Lc
110	117	Lc
110	118	Lc
110	119	-1
111	0	L
111	1	Lc
111	2	Lc
111	3	Lc
111	4	Lc
111	5	Lc
111	6	-1
111	7	Lc
111	8	-1
111	9	Lc
111	10	Lp
111	11	Uc
111	12	Lc
111	13	Lc
111	14	Lc
111	15	L
111	16	L
111	17	L
111	18	L
111	19	L
111	20	L
111	21	L
111	22	L
111	23	L
111	24	-1
111	25	Lc
111	26	Lc
111	27	Lc
111	28	L
111	29	-1
111	30	Lc
111	31	Lc
111	32	-1
111	33	Lc
111	34	Lc
111	35	-1
111	36	Lc
111	37	Lc
111	38	Lc
111	39	Lc
111	40	L
111	41	L
111	42	L
111	43	Lc
111	44	Lc
111	45	Lc
111	46	-1
111	47	L
111	48	L
111	49	-1
111	50	U
111	51	L
111	52	-1
111	53	Lc
111	54	Lc
111	55	U
111	56	U
111	57	U
111	58	L
111	59	L
111	60	L
111	61	L
111	62	-1
111	63	-1
111	64	Uc
111	65	-1
111	66	Lc
111	67	-1
111	68	Uc
111	69	Uc
111	70	-1
111	71	-1
111	72	Lc
111	73	Lc
111	74	Lc
111	75	Lc
111	76	Lc
111	77	Uc
111	78	Lc
111	79	Lc
111	80	Lc
111	81	L
111	82	L
111	83	Lc
111	84	Lc
111	85	L
111	86	Lc
111	87	L
111	88	L
111	89	-1
111	90	-1
111	91	L
111	92	L
111	93	-1
111	94	L
111	95	-1
111	96	L
111	97	L
111	98	L
111	99	L
111	100	-1
111	101	Uc
111	102	Lc
111	103	-1
111	104	-1
111	105	Lc
111	106	Lc
111	107	Lc
111	108	-1
111	109	Lc
111	110	U
111	111	Lc
111	112	-1
111	113	-1
111	114	L
111	115	L
111	116	Lc
111	117	Lc
111	118	Lc
111	119	Uc
112	0	Uc
112	1	Lc
112	2	Uc
112	3	Uc
112	4	Uc
112	5	Lc
112	6	Lc
112	7	Lp
112	8	Lc
112	9	Lp
112	10	Lp
112	11	Lp
112	12	L
112	13	-1
112	14	L
112	15	-1
112	16	L
112	17	L
112	18	-1
112	19	L
112	20	L
112	21	-1
112	22	L
112	23	L
112	24	L
112	25	-1
112	26	Lc
112	27	L
112	28	L
112	29	Lc
112	30	Lc
112	31	-1
112	32	L
112	33	Lc
112	34	Lc
112	35	Lc
112	36	Lc
112	37	-1
112	38	Lc
112	39	Lc
112	40	-1
112	41	Lc
112	42	Lc
112	43	Lc
112	44	Lc
112	45	-1
112	46	L
112	47	L
112	48	L
112	49	-1
112	50	L
112	51	Lc
112	52	Lc
112	53	Lc
112	54	Lc
112	55	-1
112	56	U
112	57	L
112	58	L
112	59	L
112	60	Lc
112	61	U
112	62	Lc
112	63	-1
112	64	-1
112	65	Lc
112	66	Lc
112	67	Lc
112	68	Uc
112	69	Lc
112	70	Lc
112	71	Lc
112	72	-1
112	73	Lc
112	74	Lc
112	75	Lc
112	76	Uc
112	77	Uc
112	78	-1
112	79	Lc
112	80	Lc
112	81	Lc
112	82	Lc
112	83	-1
112	84	Lc
112	85	-1
112	86	Lc
112	87	L
112	88	L
112	89	-1
112	90	L
112	91	L
112	92	L
112	93	L
112	94	L
112	95	L
112	96	-1
112	97	L
112	98	-1
112	99	L
112	100	L
112	101	Uc
112	102	Uc
112	103	Uc
112	104	Lc
112	105	-1
112	106	Lc
112	107	Lc
112	108	Lc
112	109	-1
112	110	-1
112	111	Lc
112	112	-1
112	113	Lc
112	114	-1
112	115	Lc
112	116	U
112	117	Lp
112	118	-1
112	119	-1
113	0	L
113	1	Uc
113	2	Uc
113	3	Uc
113	4	Lc
113	5	Lp
113	6	Lp
113	7	Lp
113	8	-1
113	9	-1
113	10	Lc
113	11	Lp
113	12	L
113	13	-1
113	14	L
113	15	L
113	16	L
113	17	-1
113	18	-1
113	19	L
113	20	-1
113	21	-1
113	22	L
113	23	-1
113	24	-1
113	25	Lc
113	26	Lc
113	27	Lc
113	28	Lc
113	29	-1
113	30	L
113	31	L
113	32	Lc
113	33	Lc
113	34	Lc
113	35	Lc
113	36	Lc
113	37	Lc
113	38	Lc
113	39	Lc
113	40	Lc
113	41	Lc
113	42	L
113	43	Lc
113	44	Lc
113	45	L
113	46	Lc
113	47	Lc
113	48	L
113	49	Lc
113	50	Lc
113	51	Lc
113	52	Lc
113	53	Lc
113	54	-1
113	55	-1
113	56	Lc
113	57	U
113	58	L
113	59	-1
113	60	-1
113	61	Lc
113	62	Lc
113	63	-1
113	64	Lc
113	65	Lc
113	66	Lc
113	67	Lc
113	68	Uc
113	69	-1
113	70	Lc
113	71	-1
113	72	Lc
113	73	-1
113	74	Lc
113	75	Lc
113	76	L
113	77	Lc
113	78	L
113	79	L
113	80	Lc
113	81	Lc
113	82	Lc
113	83	-1
113	84	L
113	85	-1
113	86	Lc
113	87	L
113	88	L
113	89	-1
113	90	L
113	91	L
113	92	-1
113	93	-1
113	94	L
113	95	L
113	96	L
113	97	-1
113	98	L
113	99	L
113	100	L
113	101	Lc
113	102	L
113	103	Uc
113	104	Lc
113	105	Lc
113	106	Lc
113	107	Lc
113	108	Lc
113	109	U
113	110	U
113	111	-1
113	112	-1
113	113	-1
113	114	Lc
113	115	-1
113	116	-1
113	117	Lp
113	118	L
113	119	Uc
114	0	Lp
114	1	Lp
114	2	Uc
114	3	-1
114	4	Lc
114	5	Lc
114	6	Lp
114	7	Lc
114	8	Lp
114	9	Lc
114	10	Lp
114	11	-1
114	12	L
114	13	L
114	14	L
114	15	-1
114	16	-1
114	17	L
114	18	L
114	19	-1
114	20	-1
114	21	L
114	22	-1
114	23	L
114	24	-1
114	25	-1
114	26	Lc
114	27	-1
114	28	Lc
114	29	Lc
114	30	L
114	31	Lc
114	32	Lc
114	33	Lc
114	34	Lc
114	35	Lc
114	36	Lc
114	37	-1
114	38	-1
114	39	-1
114	40	Lc
114	41	Lc
114	42	Lc
114	43	-1
114	44	L
114	45	Lc
114	46	Lc
114	47	-1
114	48	Lc
114	49	Lc
114	50	L
114	51	Lc
114	52	Lc
114	53	-1
114	54	L
114	55	Lc
114	56	Lc
114	57	Lc
114	58	L
114	59	Lc
114	60	L
114	61	L
114	62	L
114	63	Lc
114	64	Lc
114	65	Lc
114	66	L
114	67	Lc
114	68	Lc
114	69	Lc
114	70	L
114	71	L
114	72	Lc
114	73	-1
114	74	-1
114	75	Lc
114	76	L
114	77	L
114	78	L
114	79	Lc
114	80	L
114	81	Lc
114	82	Lc
114	83	L
114	84	-1
114	85	-1
114	86	L
114	87	Lc
114	88	Lc
114	89	Lc
114	90	-1
114	91	L
114	92	L
114	93	L
114	94	L
114	95	L
114	96	Lc
114	97	L
114	98	Lc
114	99	-1
114	100	Lc
114	101	Lc
114	102	Lc
114	103	Lc
114	104	-1
114	105	Lc
114	106	Lc
114	107	Lc
114	108	-1
114	109	-1
114	110	U
114	111	Uc
114	112	Lc
114	113	Lc
114	114	Lc
114	115	Lp
114	116	Lc
114	117	Lp
114	118	Lp
114	119	Uc
115	0	Lp
115	1	Uc
115	2	Lc
115	3	-1
115	4	Lc
115	5	Lc
115	6	Lc
115	7	Lp
115	8	Lp
115	9	Lp
115	10	L
115	11	L
115	12	L
115	13	L
115	14	L
115	15	L
115	16	L
115	17	L
115	18	L
115	19	L
115	20	L
115	21	-1
115	22	L
115	23	-1
115	24	Uc
115	25	Lc
115	26	Lc
115	27	Uc
115	28	Lc
115	29	-1
115	30	Lc
115	31	-1
115	32	Lc
115	33	Lc
115	34	Lc
115	35	Lc
115	36	Lc
115	37	Lc
115	38	Lc
115	39	Lc
115	40	Lc
115	41	Lc
115	42	Lc
115	43	Lc
115	44	Lc
115	45	Lc
115	46	Lc
115	47	Lc
115	48	Lc
115	49	Lc
115	50	Lc
115	51	Lc
115	52	Lc
115	53	L
115	54	-1
115	55	Lc
115	56	Lc
115	57	-1
115	58	Lc
115	59	Lc
115	60	-1
115	61	L
115	62	L
115	63	-1
115	64	Lc
115	65	L
115	66	Lc
115	67	Lc
115	68	Lc
115	69	L
115	70	L
115	71	-1
115	72	L
115	73	Lc
115	74	Lc
115	75	Lc
115	76	L
115	77	L
115	78	L
115	79	L
115	80	Lc
115	81	Lc
115	82	L
115	83	-1
115	84	-1
115	85	Lc
115	86	L
115	87	Lc
115	88	Lc
115	89	-1
115	90	-1
115	91	Lc
115	92	L
115	93	L
115	94	Lc
115	95	Lc
115	96	Lc
115	97	Lc
115	98	-1
115	99	-1
115	100	Lc
115	101	Lc
115	102	-1
115	103	Lc
115	104	Lc
115	105	Lc
115	106	Lc
115	107	-1
115	108	-1
115	109	Lc
115	110	Uc
115	111	Uc
115	112	Lc
115	113	Lc
115	114	Lc
115	115	Lc
115	116	Lc
115	117	Lp
115	118	Lp
115	119	Lp
116	0	Lp
116	1	Uc
116	2	Uc
116	3	Lc
116	4	Lc
116	5	Lc
116	6	Lc
116	7	Lc
116	8	Lp
116	9	Lp
116	10	Lp
116	11	L
116	12	L
116	13	L
116	14	L
116	15	-1
116	16	L
116	17	-1
116	18	-1
116	19	-1
116	20	L
116	21	Uc
116	22	Uc
116	23	Uc
116	24	-1
116	25	Lc
116	26	Lc
116	27	Uc
116	28	Lc
116	29	Lc
116	30	Lc
116	31	Lc
116	32	Lc
116	33	Lc
116	34	Lc
116	35	Lc
116	36	Lc
116	37	-1
116	38	Lc
116	39	Lc
116	40	Lc
116	41	Lc
116	42	-1
116	43	Lc
116	44	Lc
116	45	Lc
116	46	Lc
116	47	Lc
116	48	Lc
116	49	-1
116	50	Lc
116	51	L
116	52	-1
116	53	L
116	54	-1
116	55	Lc
116	56	-1
116	57	Lc
116	58	Lc
116	59	L
116	60	L
116	61	L
116	62	L
116	63	Lc
116	64	L
116	65	Lc
116	66	Lc
116	67	-1
116	68	Lc
116	69	Lc
116	70	L
116	71	L
116	72	Lc
116	73	L
116	74	Lc
116	75	-1
116	76	L
116	77	Lc
116	78	L
116	79	L
116	80	L
116	81	Lc
116	82	Lc
116	83	Lc
116	84	Lc
116	85	L
116	86	L
116	87	Lc
116	88	Lc
116	89	-1
116	90	L
116	91	-1
116	92	L
116	93	L
116	94	L
116	95	-1
116	96	-1
116	97	L
116	98	Lc
116	99	Lc
116	100	Lc
116	101	Lc
116	102	Lc
116	103	Lc
116	104	Lc
116	105	Lc
116	106	Lc
116	107	Lc
116	108	Lc
116	109	Lc
116	110	Uc
116	111	-1
116	112	Lc
116	113	Lc
116	114	Lc
116	115	-1
116	116	-1
116	117	Lc
116	118	Lp
116	119	Lp
117	0	Uc
117	1	Uc
117	2	-1
117	3	-1
117	4	-1
117	5	Lc
117	6	Lp
117	7	Lp
117	8	Lp
117	9	Lp
117	10	L
117	11	L
117	12	L
117	13	L
117	14	-1
117	15	-1
117	16	-1
117	17	-1
117	18	L
117	19	L
117	20	L
117	21	Lc
117	22	Uc
117	23	Uc
117	24	Uc
117	25	Lc
117	26	-1
117	27	-1
117	28	Lc
117	29	-1
117	30	Lc
117	31	Lc
117	32	-1
117	33	Lc
117	34	-1
117	35	Lc
117	36	-1
117	37	Lc
117	38	Lc
117	39	Lc
117	40	Lc
117	41	-1
117	42	Lc
117	43	Lc
117	44	Lc
117	45	Lc
117	46	Lc
117	47	L
117	48	L
117	49	Lc
117	50	-1
117	51	L
117	52	L
117	53	-1
117	54	Lc
117	55	Lc
117	56	-1
117	57	Lc
117	58	Lc
117	59	Lc
117	60	L
117	61	L
117	62	L
117	63	Lc
117	64	L
117	65	-1
117	66	L
117	67	Lc
117	68	Lc
117	69	Uc
117	70	Lc
117	71	Lc
117	72	Lc
117	73	L
117	74	Lc
117	75	Lc
117	76	Lc
117	77	Lc
117	78	Lc
117	79	L
117	80	-1
117	81	L
117	82	Lc
117	83	Lc
117	84	L
117	85	L
117	86	-1
117	87	Lc
117	88	Lc
117	89	-1
117	90	L
117	91	L
117	92	L
117	93	-1
117	94	Lc
117	95	L
117	96	Lc
117	97	-1
117	98	Lc
117	99	-1
117	100	Lc
117	101	Lc
117	102	Lc
117	103	-1
117	104	Lc
117	105	Lc
117	106	-1
117	107	Lc
117	108	Lc
117	109	Lc
117	110	-1
117	111	L
117	112	Lc
117	113	Lc
117	114	Lc
117	115	-1
117	116	L
117	117	Lc
117	118	Lc
117	119	Lp
118	0	Uc
118	1	Lp
118	2	Lp
118	3	Uc
118	4	Uc
118	5	Lc
118	6	-1
118	7	Uc
118	8	Lc
118	9	Lc
118	10	Lp
118	11	L
118	12	L
118	13	L
118	14	L
118	15	L
118	16	L
118	17	-1
118	18	-1
118	19	L
118	20	L
118	21	Uc
118	22	Lc
118	23	Uc
118	24	Uc
118	25	Uc
118	26	Uc
118	27	Lc
118	28	Lc
118	29	Lc
118	30	Lc
118	31	-1
118	32	Lc
118	33	Lc
118	34	Lc
118	35	-1
118	36	-1
118	37	Lc
118	38	Lc
118	39	Lc
118	40	-1
118	41	Lc
118	42	Lc
118	43	Lc
118	44	Lc
118	45	Lc
118	46	Lc
118	47	Lc
118	48	Lc
118	49	Lc
118	50	L
118	51	Lc
118	52	-1
118	53	Lc
118	54	Lc
118	55	Lc
118	56	Lc
118	57	Lc
118	58	Lc
118	59	Lc
118	60	Lc
118	61	-1
118	62	L
118	63	Lc
118	64	L
118	65	-1
118	66	-1
118	67	Lc
118	68	Uc
118	69	Uc
118	70	Lc
118	71	-1
118	72	Lc
118	73	Lc
118	74	L
118	75	L
118	76	-1
118	77	Lc
118	78	Lc
118	79	-1
118	80	-1
118	81	Lc
118	82	Lc
118	83	-1
118	84	L
118	85	-1
118	86	Lc
118	87	L
118	88	L
118	89	Lc
118	90	L
118	91	L
118	92	Lc
118	93	Lc
118	94	L
118	95	L
118	96	L
118	97	L
118	98	Lc
118	99	Lc
118	100	Uc
118	101	Lc
118	102	Lc
118	103	Lc
118	104	Lc
118	105	Lc
118	106	Lc
118	107	Lc
118	108	Lc
118	109	Lc
118	110	Lc
118	111	Lc
118	112	Lc
118	113	-1
118	114	Lc
118	115	-1
118	116	Lc
118	117	Lc
118	118	L
118	119	Lp
119	0	-1
119	1	Lp
119	2	Uc
119	3	Uc
119	4	Lc
119	5	Lc
119	6	-1
119	7	Lc
119	8	Lc
119	9	Lc
119	10	Lc
119	11	L
119	12	L
119	13	L
119	14	L
119	15	L
119	16	-1
119	17	L
119	18	L
119	19	L
119	20	Lc
119	21	Uc
119	22	Uc
119	23	Lc
119	24	-1
119	25	Lc
119	26	-1
119	27	-1
119	28	Lc
119	29	Lc
119	30	-1
119	31	Lc
119	32	-1
119	33	-1
119	34	-1
119	35	Lc
119	36	Lc
119	37	Lc
119	38	Lc
119	39	Lc
119	40	Lc
119	41	Lc
119	42	Lc
119	43	Lc
119	44	Lc
119	45	Lc
119	46	Lc
119	47	Lc
119	48	Lc
119	49	Lc
119	50	Lc
119	51	Lc
119	52	-1
119	53	-1
119	54	Lc
119	55	-1
119	56	L
119	57	Lc
119	58	Lc
119	59	Lc
119	60	Lc
119	61	Lc
119	62	Lc
119	63	Lc
119	64	Lc
119	65	L
119	66	L
119	67	L
119	68	-1
119	69	Lc
119	70	Lc
119	71	-1
119	72	Lc
119	73	Lc
119	74	Lc
119	75	Lc
119	76	Lc
119	77	Lc
119	78	Lc
119	79	Lc
119	80	Lc
119	81	Lc
119	82	Lc
119	83	Lc
119	84	L
119	85	Lc
119	86	-1
119	87	Lc
119	88	Lc
119	89	Lc
119	90	Lc
119	91	Lc
119	92	Lc
119	93	Lc
119	94	L
119	95	L
119	96	L
119	97	Lc
119	98	Lc
119	99	Lc
119	100	Uc
119	101	Lc
119	102	Lc
119	103	Lc
119	104	Lc
119	105	Lc
119	106	Lc
119	107	-1
119	108	Lc
119	109	Lc
119	110	Lc
119	111	-1
119	112	-1
119	113	Lc
119	114	Lc
119	115	L
119	116	L
119	117	L
119	118	L
119	119	-1
