0	0	-1
0	1	Lc
0	2	Lc
0	3	Lc
0	4	-1
0	5	-1
0	6	L
0	7	L
0	8	Lc
0	9	Lc
0	10	Lc
0	11	Lc
0	12	Lc
0	13	Lc
0	14	Lc
0	15	Lc
0	16	-1
0	17	-1
0	18	Lc
0	19	Lc
0	20	Lc
0	21	Lc
0	22	Lc
0	23	Lc
0	24	Lc
0	25	-1
0	26	Lc
0	27	Uc
0	28	L
0	29	-1
0	30	Lc
0	31	Lc
0	32	Lc
0	33	Lc
0	34	Lc
0	35	Lc
0	36	Lc
0	37	Lc
0	38	Lc
0	39	Lc
0	40	-1
0	41	L
0	42	L
0	43	L
0	44	L
0	45	L
0	46	-1
0	47	L
0	48	L
0	49	L
0	50	L
0	51	L
0	52	L
0	53	L
0	54	L
0	55	U
0	56	L
0	57	U
0	58	L
0	59	L
0	60	-1
0	61	L
0	62	-1
0	63	-1
0	64	Lc
0	65	Lc
0	66	Lc
0	67	-1
0	68	L
0	69	Lc
0	70	L
0	71	L
0	72	L
0	73	L
0	74	L
0	75	L
0	76	L
0	77	L
0	78	L
0	79	L
0	80	Lc
0	81	-1
0	82	L
0	83	Lc
0	84	L
0	85	L
0	86	-1
0	87	-1
0	88	Lc
0	89	L
0	90	L
0	91	Lc
0	92	-1
0	93	Lc
0	94	Lc
0	95	Lc
0	96	Lc
0	97	Lc
0	98	Lc
0	99	L
0	100	L
0	101	L
0	102	L
0	103	L
0	104	-1
0	105	L
0	106	L
0	107	L
0	108	L
0	109	L
0	110	L
0	111	L
0	112	L
0	113	-1
0	114	-1
0	115	L
0	116	L
0	117	-1
0	118	-1
0	119	-1
1	0	Lc
1	1	Lc
1	2	Lc
1	3	Lc
1	4	-1
1	5	L
1	6	L
1	7	L
1	8	-1
1	9	Lc
1	10	Lc
1	11	Lc
1	12	Lc
1	13	Lc
1	14	Lc
1	15	Lc
1	16	-1
1	17	Lc
1	18	Lc
1	19	Lc
1	20	Lc
1	21	Lc
1	22	Lc
1	23	Lc
1	24	-1
1	25	-1
1	26	U
1	27	-1
1	28	-1
1	29	Lc
1	30	Lc
1	31	Lc
1	32	-1
1	33	Lc
1	34	Lc
1	35	Lc
1	36	Lc
1	37	Lc
1	38	Lc
1	39	Lc
1	40	Lc
1	41	-1
1	42	-1
1	43	L
1	44	L
1	45	-1
1	46	L
1	47	L
1	48	-1
1	49	L
1	50	L
1	51	L
1	52	-1
1	53	L
1	54	L
1	55	U
1	56	U
1	57	L
1	58	U
1	59	U
1	60	L
1	61	-1
1	62	Lc
1	63	L
1	64	Lc
1	65	-1
1	66	Lc
1	67	Lc
1	68	Lc
1	69	-1
1	70	L
1	71	L
1	72	L
1	73	L
1	74	L
1	75	L
1	76	L
1	77	L
1	78	L
1	79	Lc
1	80	Lc
1	81	L
1	82	L
1	83	Lc
1	84	L
1	85	L
1	86	-1
1	87	Lc
1	88	Lc
1	89	Lc
1	90	L
1	91	-1
1	92	-1
1	93	Lc
1	94	-1
1	95	-1
1	96	-1
1	97	-1
1	98	Lc
1	99	L
1	100	-1
1	101	L
1	102	-1
1	103	L
1	104	L
1	105	-1
1	106	L
1	107	L
1	108	-1
1	109	L
1	110	-1
1	111	-1
1	112	L
1	113	L
1	114	L
1	115	L
1	116	L
1	117	-1
1	118	L
1	119	L
2	0	L
2	1	L
2	2	Lc
2	3	Lc
2	4	L
2	5	L
2	6	L
2	7	L
2	8	-1
2	9	Lc
2	10	Lc
2	11	Lc
2	12	Lc
2	13	Lc
2	14	Lc
2	15	Lc
2	16	Lc
2	17	Lc
2	18	Lc
2	19	Lc
2	20	Lc
2	21	-1
2	22	L
2	23	U
2	24	U
2	25	U
2	26	Lc
2	27	Lc
2	28	-1
2	29	Lc
2	30	Lc
2	31	Lc
2	32	-1
2	33	-1
2	34	Lc
2	35	L
2	36	Lc
2	37	Lc
2	38	-1
2	39	Lc
2	40	Lc
2	41	L
2	42	L
2	43	L
2	44	L
2	45	L
2	46	L
2	47	L
2	48	L
2	49	L
2	50	L
2	51	L
2	52	-1
2	53	Lc
2	54	L
2	55	-1
2	56	L
2	57	U
2	58	U
2	59	L
2	60	-1
2	61	Lc
2	62	L
2	63	Lc
2	64	-1
2	65	Lc
2	66	-1
2	67	Lc
2	68	L
2	69	L
2	70	-1
2	71	L
2	72	L
2	73	L
2	74	L
2	75	L
2	76	L
2	77	-1
2	78	L
2	79	L
2	80	-1
2	81	-1
2	82	L
2	83	L
2	84	Lc
2	85	-1
2	86	Lc
2	87	Lc
2	88	Lc
2	89	Lc
2	90	-1
2	91	L
2	92	-1
2	93	-1
2	94	-1
2	95	Lc
2	96	L
2	97	L
2	98	L
2	99	L
2	100	L
2	101	L
2	102	L
2	103	L
2	104	L
2	105	-1
2	106	L
2	107	-1
2	108	L
2	109	L
2	110	-1
2	111	L
2	112	L
2	113	-1
2	114	L
2	115	L
2	116	L
2	117	-1
2	118	L
2	119	L
3	0	L
3	1	L
3	2	Lc
3	3	Lc
3	4	Lc
3	5	Lc
3	6	L
3	7	L
3	8	Lc
3	9	Lc
3	10	Uc
3	11	Lc
3	12	Uc
3	13	Lc
3	14	-1
3	15	Lc
3	16	Lc
3	17	Lc
3	18	Lc
3	19	Lc
3	20	Lc
3	21	Lc
3	22	-1
3	23	U
3	24	U
3	25	U
3	26	Lc
3	27	Lc
3	28	Lc
3	29	Lc
3	30	Lc
3	31	Lc
3	32	L
3	33	L
3	34	-1
3	35	Lc
3	36	Lc
3	37	-1
3	38	Lc
3	39	Lc
3	40	L
3	41	L
3	42	L
3	43	L
3	44	L
3	45	-1
3	46	L
3	47	-1
3	48	L
3	49	-1
3	50	L
3	51	Lc
3	52	-1
3	53	Lc
3	54	-1
3	55	L
3	56	L
3	57	L
3	58	-1
3	59	Lc
3	60	L
3	61	-1
3	62	-1
3	63	-1
3	64	Lc
3	65	Lc
3	66	Lc
3	67	Lc
3	68	Lc
3	69	Lc
3	70	L
3	71	L
3	72	L
3	73	-1
3	74	L
3	75	L
3	76	L
3	77	L
3	78	L
3	79	L
3	80	L
3	81	Lc
3	82	Lc
3	83	Lc
3	84	-1
3	85	Lc
3	86	-1
3	87	Lc
3	88	Lc
3	89	-1
3	90	Lc
3	91	L
3	92	Lc
3	93	Lc
3	94	Lc
3	95	-1
3	96	L
3	97	L
3	98	-1
3	99	-1
3	100	L
3	101	U
3	102	-1
3	103	L
3	104	L
3	105	L
3	106	L
3	107	L
3	108	L
3	109	L
3	110	L
3	111	L
3	112	L
3	113	L
3	114	L
3	115	L
3	116	L
3	117	L
3	118	L
3	119	L
4	0	L
4	1	L
4	2	-1
4	3	Lc
4	4	Lc
4	5	L
4	6	L
4	7	Lc
4	8	Lc
4	9	-1
4	10	-1
4	11	Uc
4	12	Uc
4	13	L
4	14	Lc
4	15	Lc
4	16	-1
4	17	Lc
4	18	-1
4	19	-1
4	20	-1
4	21	Lc
4	22	L
4	23	L
4	24	U
4	25	-1
4	26	Lc
4	27	U
4	28	L
4	29	L
4	30	-1
4	31	Lc
4	32	-1
4	33	L
4	34	L
4	35	L
4	36	Lc
4	37	Lc
4	38	Lc
4	39	-1
4	40	L
4	41	L
4	42	L
4	43	-1
4	44	L
4	45	-1
4	46	L
4	47	L
4	48	-1
4	49	-1
4	50	L
4	51	L
4	52	Lc
4	53	L
4	54	Lc
4	55	-1
4	56	L
4	57	L
4	58	L
4	59	L
4	60	-1
4	61	L
4	62	-1
4	63	Lc
4	64	L
4	65	Lc
4	66	Lc
4	67	Lc
4	68	-1
4	69	Lc
4	70	-1
4	71	L
4	72	L
4	73	L
4	74	L
4	75	L
4	76	-1
4	77	L
4	78	L
4	79	L
4	80	L
4	81	L
4	82	Lc
4	83	Lc
4	84	Lc
4	85	-1
4	86	Lc
4	87	Lc
4	88	Lc
4	89	Lc
4	90	Lc
4	91	Lc
4	92	Lc
4	93	Lc
4	94	Lc
4	95	Lc
4	96	-1
4	97	-1
4	98	U
4	99	U
4	100	L
4	101	U
4	102	U
4	103	-1
4	104	L
4	105	L
4	106	L
4	107	L
4	108	Lc
4	109	-1
4	110	L
4	111	L
4	112	L
4	113	U
4	114	L
4	115	-1
4	116	L
4	117	L
4	118	L
4	119	L
5	0	L
5	1	Lc
5	2	Lc
5	3	Lc
5	4	Lc
5	5	Lc
5	6	Lc
5	7	Lc
5	8	Lc
5	9	Lc
5	10	Lc
5	11	Uc
5	12	Uc
5	13	-1
5	14	Lc
5	15	Lc
5	16	Lc
5	17	-1
5	18	Lc
5	19	Lc
5	20	Lc
5	21	L
5	22	L
5	23	-1
5	24	L
5	25	Lc
5	26	Lc
5	27	L
5	28	U
5	29	U
5	30	L
5	31	L
5	32	L
5	33	L
5	34	L
5	35	L
5	36	L
5	37	L
5	38	L
5	39	-1
5	40	L
5	41	-1
5	42	Lc
5	43	L
5	44	-1
5	45	L
5	46	L
5	47	-1
5	48	L
5	49	L
5	50	-1
5	51	L
5	52	Lc
5	53	L
5	54	-1
5	55	L
5	56	L
5	57	-1
5	58	L
5	59	L
5	60	-1
5	61	-1
5	62	Lc
5	63	-1
5	64	L
5	65	Lc
5	66	Uc
5	67	Lc
5	68	Lc
5	69	Lc
5	70	L
5	71	L
5	72	L
5	73	L
5	74	L
5	75	L
5	76	L
5	77	-1
5	78	-1
5	79	L
5	80	L
5	81	L
5	82	-1
5	83	Lc
5	84	-1
5	85	-1
5	86	-1
5	87	Lc
5	88	Lc
5	89	Lc
5	90	-1
5	91	Lc
5	92	-1
5	93	-1
5	94	Uc
5	95	Lc
5	96	-1
5	97	U
5	98	-1
5	99	U
5	100	L
5	101	U
5	102	L
5	103	U
5	104	-1
5	105	L
5	106	L
5	107	U
5	108	Lc
5	109	Lc
5	110	L
5	111	L
5	112	L
5	113	-1
5	114	U
5	115	L
5	116	L
5	117	L
5	118	L
5	119	-1
6	0	L
6	1	L
6	2	L
6	3	Lc
6	4	Lc
6	5	Lc
6	6	-1
6	7	Lc
6	8	Lc
6	9	Lc
6	10	-1
6	11	L
6	12	L
6	13	L
6	14	Lc
6	15	Lc
6	16	Lc
6	17	-1
6	18	-1
6	19	Lc
6	20	Lc
6	21	-1
6	22	-1
6	23	L
6	24	U
6	25	Lc
6	26	-1
6	27	-1
6	28	Uc
6	29	U
6	30	U
6	31	L
6	32	L
6	33	-1
6	34	-1
6	35	L
6	36	L
6	37	L
6	38	L
6	39	L
6	40	L
6	41	L
6	42	L
6	43	L
6	44	L
6	45	-1
6	46	-1
6	47	-1
6	48	L
6	49	-1
6	50	L
6	51	L
6	52	L
6	53	Lc
6	54	-1
6	55	-1
6	56	Lc
6	57	-1
6	58	L
6	59	-1
6	60	-1
6	61	Uc
6	62	Uc
6	63	L
6	64	L
6	65	Lc
6	66	-1
6	67	-1
6	68	Lc
6	69	Lc
6	70	L
6	71	L
6	72	-1
6	73	L
6	74	L
6	75	L
6	76	L
6	77	L
6	78	-1
6	79	L
6	80	L
6	81	L
6	82	L
6	83	L
6	84	Lc
6	85	L
6	86	-1
6	87	-1
6	88	Lc
6	89	-1
6	90	Lc
6	91	-1
6	92	Lc
6	93	Uc
6	94	Lc
6	95	L
6	96	L
6	97	L
6	98	U
6	99	U
6	100	-1
6	101	-1
6	102	L
6	103	L
6	104	U
6	105	L
6	106	-1
6	107	L
6	108	L
6	109	Lc
6	110	L
6	111	L
6	112	L
6	113	L
6	114	L
6	115	-1
6	116	L
6	117	L
6	118	L
6	119	L
7	0	L
7	1	L
7	2	L
7	3	Lc
7	4	L
7	5	Lc
7	6	Lc
7	7	-1
7	8	Lc
7	9	L
7	10	-1
7	11	L
7	12	Lc
7	13	Lc
7	14	Lc
7	15	Lc
7	16	Lc
7	17	-1
7	18	Lc
7	19	Lc
7	20	-1
7	21	Lc
7	22	Lc
7	23	Lc
7	24	Lc
7	25	Lc
7	26	-1
7	27	-1
7	28	Uc
7	29	U
7	30	-1
7	31	-1
7	32	L
7	33	L
7	34	L
7	35	L
7	36	L
7	37	-1
7	38	L
7	39	L
7	40	L
7	41	L
7	42	-1
7	43	-1
7	44	L
7	45	-1
7	46	L
7	47	-1
7	48	-1
7	49	L
7	50	-1
7	51	L
7	52	L
7	53	Lc
7	54	Lc
7	55	Lc
7	56	Lc
7	57	L
7	58	L
7	59	Uc
7	60	Uc
7	61	-1
7	62	L
7	63	Lc
7	64	-1
7	65	Uc
7	66	-1
7	67	Lc
7	68	-1
7	69	Lc
7	70	Lc
7	71	L
7	72	L
7	73	L
7	74	L
7	75	L
7	76	L
7	77	L
7	78	L
7	79	L
7	80	L
7	81	L
7	82	L
7	83	L
7	84	Lc
7	85	Lc
7	86	Lc
7	87	Lc
7	88	-1
7	89	Lc
7	90	L
7	91	Lc
7	92	-1
7	93	-1
7	94	Lc
7	95	-1
7	96	L
7	97	L
7	98	-1
7	99	U
7	100	-1
7	101	L
7	102	L
7	103	L
7	104	L
7	105	L
7	106	L
7	107	U
7	108	Lc
7	109	L
7	110	-1
7	111	L
7	112	L
7	113	L
7	114	L
7	115	Lc
7	116	U
7	117	L
7	118	Lc
7	119	L
8	0	L
8	1	L
8	2	L
8	3	L
8	4	Lc
8	5	Lc
8	6	Lc
8	7	Lc
8	8	-1
8	9	L
8	10	Lc
8	11	Lc
8	12	Lc
8	13	Lc
8	14	Lc
8	15	-1
8	16	Lc
8	17	Lc
8	18	-1
8	19	-1
8	20	Lc
8	21	Lc
8	22	-1
8	23	Lc
8	24	Lc
8	25	L
8	26	L
8	27	Lc
8	28	Lc
8	29	Lc
8	30	-1
8	31	L
8	32	L
8	33	L
8	34	L
8	35	-1
8	36	L
8	37	L
8	38	Lc
8	39	L
8	40	Lc
8	41	-1
8	42	-1
8	43	-1
8	44	L
8	45	-1
8	46	L
8	47	-1
8	48	L
8	49	Lc
8	50	-1
8	51	Lc
8	52	-1
8	53	Lc
8	54	-1
8	55	-1
8	56	L
8	57	L
8	58	L
8	59	-1
8	60	Lc
8	61	-1
8	62	Lc
8	63	Lc
8	64	-1
8	65	-1
8	66	Lc
8	67	Lc
8	68	Lc
8	69	Lc
8	70	-1
8	71	-1
8	72	Lc
8	73	L
8	74	-1
8	75	Lc
8	76	Lc
8	77	L
8	78	-1
8	79	L
8	80	L
8	81	-1
8	82	-1
8	83	L
8	84	L
8	85	-1
8	86	Lc
8	87	Lc
8	88	Lc
8	89	Lc
8	90	Lc
8	91	L
8	92	L
8	93	L
8	94	L
8	95	L
8	96	-1
8	97	U
8	98	U
8	99	-1
8	100	Lc
8	101	U
8	102	L
8	103	-1
8	104	-1
8	105	-1
8	106	L
8	107	-1
8	108	L
8	109	L
8	110	L
8	111	L
8	112	L
8	113	L
8	114	L
8	115	L
8	116	L
8	117	Lc
8	118	Lc
8	119	-1
9	0	L
9	1	L
9	2	-1
9	3	L
9	4	L
9	5	-1
9	6	L
9	7	L
9	8	-1
9	9	-1
9	10	-1
9	11	Lc
9	12	-1
9	13	Lc
9	14	Lc
9	15	Lc
9	16	Lc
9	17	Lc
9	18	Lc
9	19	Lc
9	20	-1
9	21	Lc
9	22	U
9	23	-1
9	24	L
9	25	L
9	26	L
9	27	-1
9	28	Uc
9	29	Lc
9	30	Lc
9	31	L
9	32	-1
9	33	Lc
9	34	Lc
9	35	-1
9	36	-1
9	37	Lc
9	38	Lc
9	39	Lc
9	40	L
9	41	L
9	42	Lc
9	43	L
9	44	-1
9	45	L
9	46	L
9	47	L
9	48	Lc
9	49	Lc
9	50	Lc
9	51	-1
9	52	Lc
9	53	Lc
9	54	-1
9	55	Lc
9	56	-1
9	57	L
9	58	L
9	59	Lc
9	60	Uc
9	61	Lc
9	62	Uc
9	63	Uc
9	64	Uc
9	65	-1
9	66	Lc
9	67	Lc
9	68	Lc
9	69	Uc
9	70	-1
9	71	-1
9	72	Uc
9	73	Lc
9	74	Lc
9	75	Lc
9	76	-1
9	77	Lc
9	78	U
9	79	L
9	80	L
9	81	-1
9	82	Uc
9	83	Lc
9	84	L
9	85	-1
9	86	-1
9	87	Lc
9	88	L
9	89	-1
9	90	Lc
9	91	L
9	92	L
9	93	L
9	94	Lc
9	95	-1
9	96	-1
9	97	L
9	98	-1
9	99	Lc
9	100	Lc
9	101	U
9	102	L
9	103	Lc
9	104	-1
9	105	L
9	106	L
9	107	L
9	108	-1
9	109	L
9	110	L
9	111	L
9	112	L
9	113	L
9	114	L
9	115	-1
9	116	L
9	117	L
9	118	L
9	119	-1
10	0	L
10	1	L
10	2	-1
10	3	L
10	4	L
10	5	Lc
10	6	-1
10	7	Lc
10	8	Lc
10	9	Lc
10	10	Lc
10	11	-1
10	12	Lc
10	13	Lc
10	14	Lc
10	15	Lc
10	16	Lc
10	17	Lc
10	18	-1
10	19	-1
10	20	Lc
10	21	Lc
10	22	U
10	23	U
10	24	Uc
10	25	Lc
10	26	-1
10	27	L
10	28	-1
10	29	-1
10	30	Lc
10	31	Lc
10	32	L
10	33	-1
10	34	L
10	35	Lc
10	36	-1
10	37	Lc
10	38	Lc
10	39	Lc
10	40	Lc
10	41	Lc
10	42	L
10	43	L
10	44	L
10	45	L
10	46	L
10	47	L
10	48	-1
10	49	Lc
10	50	L
10	51	-1
10	52	Lc
10	53	-1
10	54	Lc
10	55	L
10	56	L
10	57	Uc
10	58	Lc
10	59	Lc
10	60	-1
10	61	Uc
10	62	Uc
10	63	Lc
10	64	-1
10	65	-1
10	66	Lc
10	67	-1
10	68	Lc
10	69	Uc
10	70	Uc
10	71	Uc
10	72	-1
10	73	Uc
10	74	Uc
10	75	Lc
10	76	Lc
10	77	Lc
10	78	L
10	79	U
10	80	-1
10	81	-1
10	82	-1
10	83	Lc
10	84	L
10	85	L
10	86	-1
10	87	L
10	88	-1
10	89	L
10	90	Lc
10	91	L
10	92	-1
10	93	-1
10	94	-1
10	95	L
10	96	L
10	97	L
10	98	Lc
10	99	Lc
10	100	Lc
10	101	Lc
10	102	Lc
10	103	Lc
10	104	L
10	105	L
10	106	-1
10	107	L
10	108	-1
10	109	-1
10	110	-1
10	111	L
10	112	L
10	113	L
10	114	L
10	115	L
10	116	L
10	117	L
10	118	L
10	119	L
11	0	L
11	1	L
11	2	-1
11	3	-1
11	4	L
11	5	U
11	6	Lc
11	7	L
11	8	Lc
11	9	Lc
11	10	Lc
11	11	Lc
11	12	Lc
11	13	-1
11	14	Lc
11	15	Lc
11	16	Lc
11	17	Lc
11	18	Lc
11	19	-1
11	20	Lc
11	21	Lc
11	22	-1
11	23	U
11	24	Uc
11	25	-1
11	26	-1
11	27	L
11	28	-1
11	29	Lc
11	30	-1
11	31	Lc
11	32	-1
11	33	L
11	34	Lc
11	35	L
11	36	L
11	37	Lc
11	38	Lc
11	39	Lc
11	40	-1
11	41	Lc
11	42	L
11	43	L
11	44	L
11	45	L
11	46	L
11	47	L
11	48	L
11	49	L
11	50	L
11	51	L
11	52	L
11	53	Lc
11	54	Lc
11	55	Lc
11	56	-1
11	57	Uc
11	58	Lc
11	59	Lc
11	60	Uc
11	61	Lc
11	62	L
11	63	L
11	64	Lc
11	65	Lc
11	66	Lc
11	67	Lc
11	68	Lc
11	69	Lc
11	70	Uc
11	71	Uc
11	72	Uc
11	73	-1
11	74	Uc
11	75	Uc
11	76	Uc
11	77	Lc
11	78	Uc
11	79	L
11	80	U
11	81	Lc
11	82	Lc
11	83	Lc
11	84	Lc
11	85	L
11	86	L
11	87	Lc
11	88	L
11	89	L
11	90	L
11	91	L
11	92	L
11	93	-1
11	94	-1
11	95	L
11	96	L
11	97	Lc
11	98	-1
11	99	-1
11	100	Lc
11	101	Lc
11	102	Lc
11	103	-1
11	104	-1
11	105	L
11	106	L
11	107	-1
11	108	L
11	109	-1
11	110	-1
11	111	L
11	112	L
11	113	L
11	114	-1
11	115	L
11	116	L
11	117	L
11	118	L
11	119	L
12	0	L
12	1	L
12	2	L
12	3	L
12	4	Lc
12	5	-1
12	6	L
12	7	Lc
12	8	Lc
12	9	Lc
12	10	Lc
12	11	Lc
12	12	Lc
12	13	-1
12	14	-1
12	15	Lc
12	16	Lc
12	17	Lc
12	18	Lc
12	19	-1
12	20	Lc
12	21	L
12	22	-1
12	23	Lc
12	24	L
12	25	Uc
12	26	Uc
12	27	L
12	28	-1
12	29	-1
12	30	-1
12	31	Lc
12	32	Lc
12	33	U
12	34	Lc
12	35	Lc
12	36	L
12	37	-1
12	38	Lc
12	39	Lc
12	40	Lc
12	41	Lc
12	42	Lc
12	43	-1
12	44	Lc
12	45	Uc
12	46	L
12	47	L
12	48	-1
12	49	L
12	50	L
12	51	L
12	52	L
12	53	Lc
12	54	Lc
12	55	Lc
12	56	Lc
12	57	Lc
12	58	Lc
12	59	Lc
12	60	Lc
12	61	Lc
12	62	Lc
12	63	Lc
12	64	Lc
12	65	Lc
12	66	Lc
12	67	Lc
12	68	-1
12	69	Lc
12	70	Uc
12	71	-1
12	72	Uc
12	73	-1
12	74	Lc
12	75	Uc
12	76	Lc
12	77	L
12	78	Uc
12	79	Uc
12	80	Uc
12	81	U
12	82	Uc
12	83	Lc
12	84	L
12	85	L
12	86	Lc
12	87	L
12	88	L
12	89	L
12	90	L
12	91	-1
12	92	-1
12	93	L
12	94	L
12	95	L
12	96	Uc
12	97	Lc
12	98	Lc
12	99	Lc
12	100	L
12	101	Lc
12	102	Lc
12	103	Lc
12	104	Lc
12	105	L
12	106	L
12	107	L
12	108	Lc
12	109	Lc
12	110	-1
12	111	Lc
12	112	L
12	113	-1
12	114	L
12	115	L
12	116	L
12	117	L
12	118	L
12	119	L
13	0	L
13	1	L
13	2	L
13	3	-1
13	4	L
13	5	L
13	6	L
13	7	L
13	8	L
13	9	-1
13	10	Lc
13	11	Lc
13	12	Lc
13	13	Lc
13	14	Lc
13	15	Lc
13	16	Lc
13	17	-1
13	18	Lc
13	19	Lc
13	20	L
13	21	Lc
13	22	Lc
13	23	Lc
13	24	L
13	25	-1
13	26	-1
13	27	L
13	28	L
13	29	L
13	30	Lc
13	31	Lc
13	32	Lc
13	33	Lc
13	34	U
13	35	Lc
13	36	Lc
13	37	Lc
13	38	-1
13	39	Lc
13	40	Lc
13	41	-1
13	42	Lc
13	43	Lc
13	44	Uc
13	45	Lc
13	46	-1
13	47	L
13	48	-1
13	49	U
13	50	U
13	51	L
13	52	-1
13	53	Lc
13	54	Lc
13	55	Lc
13	56	-1
13	57	Lc
13	58	L
13	59	Lc
13	60	Lc
13	61	-1
13	62	Lc
13	63	Lc
13	64	Lc
13	65	Lc
13	66	Lc
13	67	Lc
13	68	Lc
13	69	Lc
13	70	Uc
13	71	-1
13	72	Uc
13	73	Uc
13	74	Lc
13	75	Lc
13	76	-1
13	77	Uc
13	78	-1
13	79	Lc
13	80	Uc
13	81	-1
13	82	Uc
13	83	L
13	84	L
13	85	L
13	86	L
13	87	L
13	88	L
13	89	-1
13	90	L
13	91	-1
13	92	-1
13	93	Lc
13	94	-1
13	95	L
13	96	-1
13	97	Lc
13	98	Lc
13	99	Lc
13	100	Uc
13	101	Lc
13	102	L
13	103	Lc
13	104	-1
13	105	L
13	106	Lc
13	107	L
13	108	Lc
13	109	Lc
13	110	Lc
13	111	-1
13	112	Lc
13	113	-1
13	114	L
13	115	Lc
13	116	L
13	117	L
13	118	-1
13	119	L
14	0	-1
14	1	L
14	2	L
14	3	L
14	4	L
14	5	L
14	6	L
14	7	-1
14	8	Lc
14	9	Lc
14	10	Lc
14	11	Lc
14	12	-1
14	13	Lc
14	14	Lc
14	15	Lc
14	16	-1
14	17	Lc
14	18	Lc
14	19	Lc
14	20	Lc
14	21	Lc
14	22	L
14	23	-1
14	24	Lc
14	25	-1
14	26	-1
14	27	L
14	28	L
14	29	L
14	30	Lc
14	31	Lc
14	32	Lc
14	33	Lc
14	34	-1
14	35	-1
14	36	Lc
14	37	Lc
14	38	Lc
14	39	-1
14	40	-1
14	41	Lc
14	42	-1
14	43	Lc
14	44	Lc
14	45	L
14	46	L
14	47	-1
14	48	L
14	49	-1
14	50	L
14	51	L
14	52	L
14	53	Lc
14	54	Lc
14	55	Lc
14	56	Lc
14	57	Lc
14	58	L
14	59	L
14	60	Lc
14	61	-1
14	62	Lc
14	63	Lc
14	64	Lc
14	65	Lc
14	66	Lc
14	67	Lc
14	68	Lc
14	69	Lc
14	70	-1
14	71	Uc
14	72	Uc
14	73	Uc
14	74	Uc
14	75	Lc
14	76	Lc
14	77	-1
14	78	Lc
14	79	Uc
14	80	Lc
14	81	-1
14	82	L
14	83	L
14	84	L
14	85	L
14	86	L
14	87	L
14	88	L
14	89	-1
14	90	L
14	91	L
14	92	L
14	93	-1
14	94	-1
14	95	-1
14	96	Lc
14	97	L
14	98	Lc
14	99	-1
14	100	Uc
14	101	L
14	102	-1
14	103	Uc
14	104	Uc
14	105	L
14	106	L
14	107	-1
14	108	L
14	109	L
14	110	Lc
14	111	L
14	112	Lc
14	113	Lc
14	114	-1
14	115	L
14	116	L
14	117	L
14	118	L
14	119	L
15	0	L
15	1	L
15	2	L
15	3	Lc
15	4	L
15	5	Lc
15	6	L
15	7	Lc
15	8	Lc
15	9	Lc
15	10	Lc
15	11	-1
15	12	L
15	13	L
15	14	-1
15	15	Lc
15	16	Lc
15	17	-1
15	18	Lc
15	19	-1
15	20	Lc
15	21	-1
15	22	-1
15	23	Lc
15	24	Uc
15	25	L
15	26	-1
15	27	Uc
15	28	L
15	29	L
15	30	Lc
15	31	-1
15	32	Lc
15	33	Lc
15	34	-1
15	35	Lc
15	36	L
15	37	L
15	38	Lc
15	39	-1
15	40	-1
15	41	L
15	42	L
15	43	-1
15	44	L
15	45	-1
15	46	L
15	47	L
15	48	L
15	49	L
15	50	L
15	51	L
15	52	L
15	53	L
15	54	Lc
15	55	Lc
15	56	Lc
15	57	Lc
15	58	Lc
15	59	Lc
15	60	Lc
15	61	Lc
15	62	L
15	63	-1
15	64	-1
15	65	Lc
15	66	-1
15	67	Lc
15	68	-1
15	69	Lc
15	70	Lc
15	71	Lc
15	72	Uc
15	73	Uc
15	74	Uc
15	75	-1
15	76	-1
15	77	Lc
15	78	L
15	79	-1
15	80	-1
15	81	-1
15	82	L
15	83	L
15	84	-1
15	85	-1
15	86	L
15	87	L
15	88	Lc
15	89	Lc
15	90	L
15	91	L
15	92	L
15	93	L
15	94	-1
15	95	-1
15	96	-1
15	97	Lc
15	98	-1
15	99	Lc
15	100	Lc
15	101	-1
15	102	Lc
15	103	Uc
15	104	-1
15	105	Lc
15	106	L
15	107	L
15	108	L
15	109	-1
15	110	L
15	111	Lc
15	112	L
15	113	-1
15	114	L
15	115	L
15	116	U
15	117	L
15	118	L
15	119	L
16	0	L
16	1	L
16	2	L
16	3	L
16	4	-1
16	5	Lc
16	6	Lc
16	7	Lc
16	8	Lc
16	9	-1
16	10	Lc
16	11	-1
16	12	L
16	13	-1
16	14	L
16	15	L
16	16	Lc
16	17	Lc
16	18	Lc
16	19	Lc
16	20	Lc
16	21	Lc
16	22	-1
16	23	-1
16	24	Lc
16	25	Uc
16	26	L
16	27	L
16	28	L
16	29	Lc
16	30	Lc
16	31	Lc
16	32	Lc
16	33	Lc
16	34	Lc
16	35	L
16	36	L
16	37	L
16	38	L
16	39	-1
16	40	L
16	41	Lc
16	42	L
16	43	Lc
16	44	-1
16	45	Lc
16	46	L
16	47	L
16	48	L
16	49	L
16	50	L
16	51	L
16	52	L
16	53	L
16	54	Lc
16	55	Lc
16	56	Lc
16	57	-1
16	58	Lc
16	59	Lc
16	60	Lc
16	61	Lc
16	62	L
16	63	L
16	64	L
16	65	-1
16	66	L
16	67	Lc
16	68	Lc
16	69	Lc
16	70	Lc
16	71	Uc
16	72	Uc
16	73	Uc
16	74	-1
16	75	-1
16	76	Lc
16	77	L
16	78	L
16	79	L
16	80	Uc
16	81	Uc
16	82	Uc
16	83	L
16	84	-1
16	85	-1
16	86	-1
16	87	-1
16	88	Lc
16	89	Lc
16	90	Lc
16	91	Lc
16	92	-1
16	93	Lc
16	94	-1
16	95	Lc
16	96	Lc
16	97	Lc
16	98	L
16	99	-1
16	100	-1
16	101	Lc
16	102	Lc
16	103	Lc
16	104	Uc
16	105	L
16	106	L
16	107	-1
16	108	L
16	109	Lc
16	110	L
16	111	Lc
16	112	Lc
16	113	L
16	114	L
16	115	L
16	116	L
16	117	L
16	118	L
16	119	-1
17	0	Lc
17	1	L
17	2	Lc
17	3	Lc
17	4	Lc
17	5	Lc
17	6	-1
17	7	-1
17	8	Lc
17	9	-1
17	10	L
17	11	L
17	12	Lc
17	13	L
17	14	Lc
17	15	Lc
17	16	Lc
17	17	Lc
17	18	Lc
17	19	Lc
17	20	Lc
17	21	Lc
17	22	Lc
17	23	Lc
17	24	-1
17	25	Lc
17	26	Uc
17	27	L
17	28	Lc
17	29	L
17	30	Lc
17	31	Lc
17	32	-1
17	33	Lc
17	34	L
17	35	Lc
17	36	Lc
17	37	L
17	38	-1
17	39	Lc
17	40	Lc
17	41	L
17	42	Lc
17	43	Lc
17	44	Lc
17	45	L
17	46	Lc
17	47	L
17	48	-1
17	49	L
17	50	-1
17	51	L
17	52	L
17	53	L
17	54	-1
17	55	-1
17	56	Lc
17	57	Lc
17	58	Lc
17	59	-1
17	60	Lc
17	61	Lc
17	62	L
17	63	Lc
17	64	L
17	65	L
17	66	Lc
17	67	Lc
17	68	Lc
17	69	Lc
17	70	Lc
17	71	Lc
17	72	Uc
17	73	Lc
17	74	Lc
17	75	Lc
17	76	-1
17	77	L
17	78	-1
17	79	Lc
17	80	Uc
17	81	Uc
17	82	-1
17	83	Lc
17	84	Uc
17	85	Uc
17	86	-1
17	87	Lc
17	88	Lc
17	89	Lc
17	90	Lc
17	91	-1
17	92	-1
17	93	L
17	94	Lc
17	95	Lc
17	96	Lc
17	97	Lc
17	98	Lc
17	99	-1
17	100	L
17	101	Lc
17	102	-1
17	103	Uc
17	104	-1
17	105	-1
17	106	-1
17	107	L
17	108	Lc
17	109	Lc
17	110	Lc
17	111	Lc
17	112	Lc
17	113	L
17	114	-1
17	115	L
17	116	L
17	117	L
17	118	L
17	119	L
18	0	Lc
18	1	Lc
18	2	Lc
18	3	Lc
18	4	-1
18	5	-1
18	6	L
18	7	-1
18	8	Lc
18	9	Lc
18	10	L
18	11	Lc
18	12	L
18	13	L
18	14	Lc
18	15	Lc
18	16	Lc
18	17	Lc
18	18	Lc
18	19	Lc
18	20	Lc
18	21	Lc
18	22	Lc
18	23	Lc
18	24	Lc
18	25	Uc
18	26	-1
18	27	Lc
18	28	-1
18	29	-1
18	30	Lc
18	31	-1
18	32	L
18	33	L
18	34	-1
18	35	Lc
18	36	-1
18	37	Lc
18	38	-1
18	39	Lc
18	40	-1
18	41	Lc
18	42	Lc
18	43	Lc
18	44	Lc
18	45	-1
18	46	L
18	47	Lc
18	48	Lc
18	49	L
18	50	L
18	51	-1
18	52	-1
18	53	-1
18	54	Lc
18	55	Lc
18	56	Lc
18	57	-1
18	58	Lc
18	59	Lc
18	60	Uc
18	61	Lc
18	62	Lc
18	63	Lc
18	64	-1
18	65	L
18	66	Lc
18	67	-1
18	68	-1
18	69	Lc
18	70	-1
18	71	Lc
18	72	Lc
18	73	Lc
18	74	Lc
18	75	Lc
18	76	L
18	77	Lc
18	78	Lc
18	79	Lc
18	80	Lc
18	81	Lc
18	82	Lc
18	83	Uc
18	84	Lc
18	85	Lc
18	86	Lc
18	87	Lc
18	88	Lc
18	89	Lc
18	90	Lc
18	91	L
18	92	L
18	93	L
18	94	-1
18	95	-1
18	96	Lc
18	97	Lc
18	98	Lc
18	99	-1
18	100	L
18	101	-1
18	102	-1
18	103	L
18	104	Uc
18	105	Uc
18	106	L
18	107	Uc
18	108	Uc
18	109	Lc
18	110	Lc
18	111	Lc
18	112	Lc
18	113	L
18	114	L
18	115	L
18	116	L
18	117	L
18	118	L
18	119	Lc
19	0	Lc
19	1	Lc
19	2	Lc
19	3	Lc
19	4	Lc
19	5	-1
19	6	L
19	7	L
19	8	L
19	9	-1
19	10	L
19	11	L
19	12	-1
19	13	L
19	14	-1
19	15	Lc
19	16	Lc
19	17	Lc
19	18	-1
19	19	Lc
19	20	Lc
19	21	Lc
19	22	Lc
19	23	Lc
19	24	Lc
19	25	Lc
19	26	-1
19	27	-1
19	28	Lc
19	29	Lc
19	30	-1
19	31	Lc
19	32	L
19	33	L
19	34	-1
19	35	L
19	36	L
19	37	L
19	38	L
19	39	L
19	40	Lc
19	41	Lc
19	42	Lc
19	43	Lc
19	44	Lc
19	45	Lc
19	46	Lc
19	47	Lc
19	48	Lc
19	49	-1
19	50	Lc
19	51	L
19	52	L
19	53	U
19	54	Lc
19	55	Lc
19	56	Lc
19	57	-1
19	58	Lc
19	59	Lc
19	60	Lc
19	61	Uc
19	62	Lc
19	63	L
19	64	-1
19	65	Lc
19	66	Lc
19	67	Lc
19	68	Lc
19	69	Lc
19	70	Uc
19	71	Lc
19	72	Lc
19	73	Lc
19	74	Lc
19	75	Lc
19	76	-1
19	77	L
19	78	Lc
19	79	Lc
19	80	Lc
19	81	-1
19	82	Lc
19	83	Lc
19	84	Lc
19	85	Lc
19	86	Lc
19	87	L
19	88	Lc
19	89	L
19	90	Lc
19	91	L
19	92	Lc
19	93	L
19	94	-1
19	95	Lc
19	96	Lc
19	97	-1
19	98	Lc
19	99	-1
19	100	-1
19	101	Lc
19	102	Lc
19	103	-1
19	104	Uc
19	105	U
19	106	-1
19	107	Lc
19	108	Lc
19	109	L
19	110	Lc
19	111	-1
19	112	Lc
19	113	Lc
19	114	Lc
19	115	L
19	116	Lc
19	117	L
19	118	Lc
19	119	Lc
20	0	Lc
20	1	-1
20	2	-1
20	3	Lc
20	4	Lc
20	5	-1
20	6	-1
20	7	L
20	8	L
20	9	L
20	10	L
20	11	Lc
20	12	-1
20	13	L
20	14	L
20	15	Lc
20	16	Lc
20	17	Lc
20	18	Lc
20	19	Lc
20	20	Lc
20	21	Lc
20	22	Lc
20	23	Lc
20	24	Lc
20	25	Lc
20	26	L
20	27	Uc
20	28	Lc
20	29	-1
20	30	-1
20	31	Lc
20	32	L
20	33	L
20	34	L
20	35	L
20	36	L
20	37	L
20	38	L
20	39	Lc
20	40	Lc
20	41	Lc
20	42	Lc
20	43	Lc
20	44	Lc
20	45	Lc
20	46	Lc
20	47	U
20	48	Lc
20	49	Lc
20	50	Lc
20	51	Lc
20	52	Lc
20	53	-1
20	54	-1
20	55	Lc
20	56	L
20	57	-1
20	58	-1
20	59	Lc
20	60	-1
20	61	Uc
20	62	L
20	63	L
20	64	Lc
20	65	Lc
20	66	Lc
20	67	Lc
20	68	Lc
20	69	-1
20	70	Uc
20	71	Uc
20	72	Lc
20	73	Lc
20	74	Lc
20	75	-1
20	76	-1
20	77	L
20	78	Lc
20	79	Lc
20	80	Lc
20	81	Lc
20	82	Lc
20	83	-1
20	84	L
20	85	L
20	86	L
20	87	-1
20	88	L
20	89	Lc
20	90	Lc
20	91	Lc
20	92	-1
20	93	-1
20	94	Lc
20	95	Lc
20	96	Lc
20	97	Lc
20	98	Uc
20	99	Lc
20	100	-1
20	101	Lc
20	102	Lc
20	103	L
20	104	Lc
20	105	Lc
20	106	-1
20	107	Lc
20	108	Lc
20	109	Lc
20	110	-1
20	111	Lc
20	112	Lc
20	113	Lc
20	114	Lc
20	115	Lc
20	116	-1
20	117	Lc
20	118	L
20	119	L
21	0	-1
21	1	L
21	2	Lc
21	3	L
21	4	L
21	5	L
21	6	L
21	7	L
21	8	L
21	9	L
21	10	-1
21	11	-1
21	12	Lc
21	13	L
21	14	-1
21	15	Lc
21	16	Lc
21	17	Lc
21	18	Lc
21	19	Lc
21	20	Lc
21	21	-1
21	22	Lc
21	23	Lc
21	24	Lc
21	25	Lc
21	26	Lc
21	27	Lc
21	28	Lc
21	29	Lc
21	30	Lc
21	31	Lc
21	32	-1
21	33	L
21	34	Lc
21	35	L
21	36	Lc
21	37	L
21	38	L
21	39	L
21	40	Lc
21	41	Lc
21	42	Lc
21	43	-1
21	44	Lc
21	45	L
21	46	U
21	47	U
21	48	Lc
21	49	Lc
21	50	Lc
21	51	Lc
21	52	-1
21	53	L
21	54	-1
21	55	L
21	56	L
21	57	Lc
21	58	Lc
21	59	Lc
21	60	Lc
21	61	Lc
21	62	Uc
21	63	-1
21	64	Lc
21	65	Lc
21	66	Lc
21	67	Lc
21	68	Lc
21	69	Lc
21	70	Lc
21	71	Uc
21	72	-1
21	73	Lc
21	74	Lc
21	75	Lc
21	76	-1
21	77	Lc
21	78	Lc
21	79	Lc
21	80	Lc
21	81	Lc
21	82	Lc
21	83	Lc
21	84	Lc
21	85	-1
21	86	L
21	87	L
21	88	-1
21	89	Lc
21	90	Lc
21	91	Lc
21	92	-1
21	93	Lc
21	94	-1
21	95	Lc
21	96	Lc
21	97	Uc
21	98	-1
21	99	Uc
21	100	Lc
21	101	Lc
21	102	Uc
21	103	-1
21	104	-1
21	105	L
21	106	Lc
21	107	Lc
21	108	-1
21	109	Lc
21	110	-1
21	111	Lc
21	112	Lc
21	113	Lc
21	114	-1
21	115	-1
21	116	Lc
21	117	Lc
21	118	Lc
21	119	L
22	0	Lc
22	1	L
22	2	L
22	3	L
22	4	L
22	5	L
22	6	-1
22	7	L
22	8	-1
22	9	L
22	10	L
22	11	L
22	12	-1
22	13	Lc
22	14	Lc
22	15	-1
22	16	Lc
22	17	Lc
22	18	Lc
22	19	Lc
22	20	Lc
22	21	Lc
22	22	Lc
22	23	Lc
22	24	Lc
22	25	-1
22	26	Lc
22	27	-1
22	28	Lc
22	29	Lc
22	30	Lc
22	31	-1
22	32	Lc
22	33	L
22	34	-1
22	35	Lc
22	36	Lc
22	37	L
22	38	Lc
22	39	-1
22	40	Lc
22	41	Lc
22	42	Lc
22	43	Lc
22	44	-1
22	45	-1
22	46	U
22	47	U
22	48	L
22	49	Lc
22	50	L
22	51	Lc
22	52	L
22	53	L
22	54	L
22	55	L
22	56	Lc
22	57	U
22	58	Lc
22	59	-1
22	60	-1
22	61	Lc
22	62	Lc
22	63	Lc
22	64	Lc
22	65	Lc
22	66	Lc
22	67	Lc
22	68	Lc
22	69	Lc
22	70	-1
22	71	Lc
22	72	Uc
22	73	-1
22	74	-1
22	75	Lc
22	76	Lc
22	77	Lc
22	78	-1
22	79	Lc
22	80	Lc
22	81	Lc
22	82	-1
22	83	-1
22	84	-1
22	85	L
22	86	Lc
22	87	Lc
22	88	Lc
22	89	Lc
22	90	-1
22	91	-1
22	92	Lc
22	93	Lc
22	94	Lc
22	95	Lc
22	96	-1
22	97	Lc
22	98	-1
22	99	-1
22	100	-1
22	101	Lc
22	102	Uc
22	103	-1
22	104	Lc
22	105	Lc
22	106	Lc
22	107	Lc
22	108	Lc
22	109	L
22	110	L
22	111	L
22	112	-1
22	113	Lc
22	114	Lc
22	115	-1
22	116	Lc
22	117	L
22	118	L
22	119	Lc
23	0	Lc
23	1	-1
23	2	Lc
23	3	-1
23	4	-1
23	5	U
23	6	L
23	7	L
23	8	L
23	9	-1
23	10	L
23	11	-1
23	12	Lc
23	13	Lc
23	14	Lc
23	15	Lc
23	16	Lc
23	17	Lc
23	18	Lc
23	19	Lc
23	20	-1
23	21	Lc
23	22	-1
23	23	-1
23	24	Lc
23	25	Lc
23	26	Lc
23	27	Lc
23	28	Lc
23	29	Lc
23	30	-1
23	31	Lc
23	32	Lc
23	33	-1
23	34	L
23	35	Lc
23	36	Lc
23	37	-1
23	38	Lc
23	39	Lc
23	40	Lc
23	41	Lc
23	42	Lc
23	43	Lc
23	44	Lc
23	45	Lc
23	46	L
23	47	L
23	48	L
23	49	L
23	50	L
23	51	L
23	52	Lc
23	53	-1
23	54	Lc
23	55	L
23	56	-1
23	57	Lc
23	58	Lc
23	59	Lc
23	60	Lc
23	61	Lc
23	62	Lc
23	63	Lc
23	64	Lc
23	65	-1
23	66	Lc
23	67	Lc
23	68	Lc
23	69	Lc
23	70	Lc
23	71	Lc
23	72	Lc
23	73	Lc
23	74	Lc
23	75	Lc
23	76	Lc
23	77	Lc
23	78	Lc
23	79	Lc
23	80	-1
23	81	Lc
23	82	Lc
23	83	Lc
23	84	-1
23	85	-1
23	86	L
23	87	Lc
23	88	L
23	89	Lc
23	90	Lc
23	91	Lc
23	92	-1
23	93	Lc
23	94	-1
23	95	Lc
23	96	Lc
23	97	Lc
23	98	Lc
23	99	Lc
23	100	Lc
23	101	Uc
23	102	Lc
23	103	-1
23	104	Lc
23	105	Lc
23	106	Lc
23	107	Lc
23	108	L
23	109	Lc
23	110	L
23	111	Lc
23	112	Lc
23	113	Lc
23	114	Lc
23	115	Lc
23	116	Lc
23	117	-1
23	118	L
23	119	-1
24	0	-1
24	1	-1
24	2	Lc
24	3	Lc
24	4	-1
24	5	L
24	6	Lc
24	7	Lc
24	8	L
24	9	-1
24	10	L
24	11	Lc
24	12	Lc
24	13	Lc
24	14	Lc
24	15	Lc
24	16	Lc
24	17	Lc
24	18	Lc
24	19	-1
24	20	L
24	21	Lc
24	22	Lc
24	23	U
24	24	-1
24	25	-1
24	26	Lc
24	27	Lc
24	28	Uc
24	29	Lc
24	30	Lc
24	31	Lc
24	32	Lc
24	33	-1
24	34	-1
24	35	Lc
24	36	Lc
24	37	Lc
24	38	Lc
24	39	Lc
24	40	Lc
24	41	Lc
24	42	Lc
24	43	Lc
24	44	L
24	45	Lc
24	46	L
24	47	L
24	48	L
24	49	L
24	50	L
24	51	L
24	52	L
24	53	L
24	54	Lc
24	55	U
24	56	Lc
24	57	L
24	58	L
24	59	L
24	60	L
24	61	Lc
24	62	-1
24	63	Lc
24	64	Lc
24	65	-1
24	66	Lc
24	67	-1
24	68	Lc
24	69	-1
24	70	L
24	71	-1
24	72	Lc
24	73	U
24	74	-1
24	75	Lc
24	76	-1
24	77	Lc
24	78	Lc
24	79	Lc
24	80	Lc
24	81	Lc
24	82	Lc
24	83	Lc
24	84	Lc
24	85	-1
24	86	Lc
24	87	Lc
24	88	-1
24	89	Lc
24	90	-1
24	91	L
24	92	Lc
24	93	Lc
24	94	-1
24	95	Lc
24	96	-1
24	97	Lc
24	98	Lc
24	99	Lc
24	100	-1
24	101	Lc
24	102	Lc
24	103	Lc
24	104	Lc
24	105	Lc
24	106	Lc
24	107	-1
24	108	Lc
24	109	L
24	110	Lc
24	111	Lc
24	112	-1
24	113	Lc
24	114	-1
24	115	Lc
24	116	-1
24	117	Lc
24	118	-1
24	119	Lc
25	0	Lc
25	1	Lc
25	2	Lc
25	3	L
25	4	Lc
25	5	L
25	6	L
25	7	L
25	8	L
25	9	L
25	10	-1
25	11	Lc
25	12	Lc
25	13	-1
25	14	-1
25	15	Lc
25	16	Lc
25	17	Lc
25	18	Lc
25	19	Lc
25	20	Lc
25	21	Lc
25	22	L
25	23	L
25	24	L
25	25	-1
25	26	Uc
25	27	-1
25	28	Lc
25	29	Uc
25	30	Lc
25	31	Lc
25	32	-1
25	33	Lc
25	34	Lc
25	35	Lc
25	36	L
25	37	Lc
25	38	-1
25	39	Lc
25	40	Uc
25	41	Lc
25	42	Lc
25	43	-1
25	44	Lc
25	45	Lc
25	46	-1
25	47	L
25	48	-1
25	49	L
25	50	L
25	51	L
25	52	L
25	53	L
25	54	L
25	55	-1
25	56	Lc
25	57	L
25	58	Lc
25	59	L
25	60	Lc
25	61	Lc
25	62	Lc
25	63	Lc
25	64	-1
25	65	Lc
25	66	Lc
25	67	Lc
25	68	L
25	69	L
25	70	-1
25	71	L
25	72	Lc
25	73	Lc
25	74	Lc
25	75	L
25	76	Lc
25	77	L
25	78	-1
25	79	Lc
25	80	Lc
25	81	-1
25	82	Uc
25	83	Uc
25	84	Lc
25	85	Lc
25	86	Lc
25	87	Lc
25	88	L
25	89	Lc
25	90	L
25	91	Lc
25	92	Lc
25	93	Lc
25	94	Lc
25	95	Lc
25	96	Lc
25	97	-1
25	98	-1
25	99	-1
25	100	Lc
25	101	Lc
25	102	Lc
25	103	Lc
25	104	Lc
25	105	Lc
25	106	Lc
25	107	Lc
25	108	Lc
25	109	Lc
25	110	-1
25	111	Lc
25	112	Lc
25	113	Lc
25	114	Lc
25	115	Lc
25	116	Uc
25	117	Lc
25	118	Lc
25	119	-1
26	0	L
26	1	L
26	2	-1
26	3	L
26	4	L
26	5	L
26	6	Lc
26	7	Lc
26	8	Lc
26	9	L
26	10	Lc
26	11	Lc
26	12	Lc
26	13	Lc
26	14	Lc
26	15	Lc
26	16	L
26	17	L
26	18	L
26	19	Lc
26	20	Lc
26	21	Lc
26	22	L
26	23	L
26	24	U
26	25	Lc
26	26	-1
26	27	Lc
26	28	-1
26	29	Uc
26	30	Lc
26	31	Uc
26	32	-1
26	33	Lc
26	34	Lc
26	35	-1
26	36	Uc
26	37	Lc
26	38	Lc
26	39	Lc
26	40	-1
26	41	-1
26	42	Lc
26	43	Lc
26	44	L
26	45	Lc
26	46	L
26	47	L
26	48	L
26	49	L
26	50	L
26	51	L
26	52	L
26	53	L
26	54	Lc
26	55	Lc
26	56	L
26	57	Lc
26	58	L
26	59	L
26	60	L
26	61	L
26	62	Lc
26	63	Lc
26	64	Uc
26	65	Lc
26	66	Lc
26	67	Lc
26	68	Lc
26	69	L
26	70	-1
26	71	L
26	72	Lc
26	73	Lc
26	74	Lc
26	75	Lc
26	76	Lc
26	77	Lc
26	78	-1
26	79	Lc
26	80	Uc
26	81	Uc
26	82	-1
26	83	Uc
26	84	Lc
26	85	-1
26	86	L
26	87	L
26	88	L
26	89	L
26	90	-1
26	91	L
26	92	Lc
26	93	-1
26	94	Lc
26	95	-1
26	96	-1
26	97	-1
26	98	Lc
26	99	Lc
26	100	Lc
26	101	Lc
26	102	Lc
26	103	Lc
26	104	Lc
26	105	Lc
26	106	Lc
26	107	-1
26	108	Lc
26	109	Lc
26	110	Lc
26	111	Lc
26	112	Lc
26	113	Lc
26	114	Lc
26	115	Uc
26	116	Uc
26	117	Uc
26	118	Lc
26	119	L
27	0	L
27	1	L
27	2	L
27	3	L
27	4	-1
27	5	L
27	6	L
27	7	Lc
27	8	-1
27	9	-1
27	10	-1
27	11	L
27	12	-1
27	13	Lc
27	14	Lc
27	15	Lc
27	16	-1
27	17	-1
27	18	Lc
27	19	Lc
27	20	L
27	21	L
27	22	U
27	23	L
27	24	Lc
27	25	Lc
27	26	Lc
27	27	Lc
27	28	Lc
27	29	Uc
27	30	Uc
27	31	Lc
27	32	Lc
27	33	Lc
27	34	Lc
27	35	Lc
27	36	Lc
27	37	Lc
27	38	Lc
27	39	Lc
27	40	-1
27	41	Lc
27	42	Lc
27	43	L
27	44	L
27	45	L
27	46	L
27	47	L
27	48	L
27	49	L
27	50	-1
27	51	L
27	52	Lc
27	53	Lc
27	54	Lc
27	55	Lc
27	56	Lc
27	57	-1
27	58	L
27	59	L
27	60	L
27	61	L
27	62	L
27	63	Lc
27	64	Lc
27	65	Uc
27	66	Lc
27	67	-1
27	68	Lc
27	69	Lc
27	70	L
27	71	U
27	72	L
27	73	L
27	74	L
27	75	Lc
27	76	Lc
27	77	Lc
27	78	-1
27	79	L
27	80	Uc
27	81	-1
27	82	Uc
27	83	Uc
27	84	Uc
27	85	Lc
27	86	Lc
27	87	Lc
27	88	L
27	89	-1
27	90	-1
27	91	L
27	92	L
27	93	Lc
27	94	Lc
27	95	L
27	96	Lc
27	97	-1
27	98	-1
27	99	Lc
27	100	-1
27	101	Lc
27	102	Lc
27	103	-1
27	104	Lc
27	105	Lc
27	106	Lc
27	107	Lc
27	108	Lc
27	109	-1
27	110	Lc
27	111	Uc
27	112	Lc
27	113	Lc
27	114	Lc
27	115	-1
27	116	-1
27	117	Uc
27	118	-1
27	119	-1
28	0	L
28	1	L
28	2	L
28	3	L
28	4	L
28	5	L
28	6	L
28	7	L
28	8	Lc
28	9	Lc
28	10	-1
28	11	L
28	12	Lc
28	13	Lc
28	14	-1
28	15	Lc
28	16	Lc
28	17	Lc
28	18	Lc
28	19	L
28	20	L
28	21	L
28	22	-1
28	23	Lc
28	24	Lc
28	25	Lc
28	26	Lc
28	27	Lc
28	28	Lc
28	29	Lc
28	30	Lc
28	31	Lc
28	32	Lc
28	33	Lc
28	34	Lc
28	35	Lc
28	36	Lc
28	37	Lc
28	38	Lc
28	39	Lc
28	40	Lc
28	41	-1
28	42	-1
28	43	L
28	44	L
28	45	Lc
28	46	-1
28	47	L
28	48	L
28	49	L
28	50	-1
28	51	-1
28	52	L
28	53	Lc
28	54	Lc
28	55	-1
28	56	Lc
28	57	Lc
28	58	Lc
28	59	-1
28	60	L
28	61	L
28	62	Lc
28	63	Lc
28	64	Uc
28	65	Uc
28	66	Uc
28	67	Lc
28	68	Lc
28	69	Lc
28	70	-1
28	71	L
28	72	-1
28	73	L
28	74	-1
28	75	-1
28	76	L
28	77	L
28	78	L
28	79	Lc
28	80	Lc
28	81	Lc
28	82	Lc
28	83	Lc
28	84	Lc
28	85	Lc
28	86	Lc
28	87	Lc
28	88	Lc
28	89	Lc
28	90	L
28	91	L
28	92	-1
28	93	L
28	94	L
28	95	Lc
28	96	L
28	97	Lc
28	98	Lc
28	99	Lc
28	100	Lc
28	101	Lc
28	102	Lc
28	103	Lc
28	104	Lc
28	105	Lc
28	106	-1
28	107	-1
28	108	Lc
28	109	-1
28	110	Lc
28	111	Lc
28	112	Lc
28	113	Lc
28	114	Lc
28	115	Lc
28	116	Uc
28	117	Uc
28	118	Uc
28	119	L
29	0	L
29	1	L
29	2	-1
29	3	Lc
29	4	Lc
29	5	L
29	6	-1
29	7	Lc
29	8	Lc
29	9	Lc
29	10	Lc
29	11	L
29	12	Lc
29	13	-1
29	14	L
29	15	L
29	16	Lc
29	17	-1
29	18	Lc
29	19	L
29	20	Lc
29	21	L
29	22	L
29	23	Lc
29	24	L
29	25	Lc
29	26	-1
29	27	Lc
29	28	Lc
29	29	Lc
29	30	Lc
29	31	Lc
29	32	-1
29	33	Lc
29	34	Lc
29	35	Lc
29	36	Lc
29	37	-1
29	38	Lc
29	39	Lc
29	40	-1
29	41	Lc
29	42	-1
29	43	-1
29	44	L
29	45	L
29	46	L
29	47	-1
29	48	-1
29	49	-1
29	50	L
29	51	L
29	52	L
29	53	L
29	54	L
29	55	L
29	56	Lc
29	57	Lc
29	58	Lc
29	59	-1
29	60	L
29	61	L
29	62	Uc
29	63	L
29	64	L
29	65	Lc
29	66	Lc
29	67	-1
29	68	Lc
29	69	Lc
29	70	L
29	71	-1
29	72	L
29	73	L
29	74	Lc
29	75	L
29	76	L
29	77	L
29	78	L
29	79	Lc
29	80	Lc
29	81	Lc
29	82	Lc
29	83	Lc
29	84	Lc
29	85	Lc
29	86	Lc
29	87	Lc
29	88	-1
29	89	Lc
29	90	L
29	91	L
29	92	Lc
29	93	Lc
29	94	L
29	95	L
29	96	L
29	97	-1
29	98	-1
29	99	Lc
29	100	Lc
29	101	-1
29	102	Lc
29	103	Lc
29	104	Lc
29	105	Lc
29	106	Lc
29	107	-1
29	108	Uc
29	109	Lc
29	110	Lc
29	111	-1
29	112	Lc
29	113	Lc
29	114	Lc
29	115	Lc
29	116	Uc
29	117	Uc
29	118	Lc
29	119	Lc
30	0	L
30	1	L
30	2	-1
30	3	Lc
30	4	Lc
30	5	Lc
30	6	L
30	7	L
30	8	Lc
30	9	L
30	10	L
30	11	-1
30	12	L
30	13	-1
30	14	L
30	15	L
30	16	L
30	17	L
30	18	-1
30	19	-1
30	20	L
30	21	L
30	22	L
30	23	L
30	24	L
30	25	Lc
30	26	-1
30	27	Lc
30	28	Lc
30	29	-1
30	30	Lc
30	31	Lc
30	32	-1
30	33	Uc
30	34	Uc
30	35	Lc
30	36	-1
30	37	Lc
30	38	Lc
30	39	Lc
30	40	Lc
30	41	Lc
30	42	L
30	43	Lc
30	44	L
30	45	L
30	46	L
30	47	L
30	48	L
30	49	-1
30	50	L
30	51	L
30	52	-1
30	53	L
30	54	L
30	55	Lc
30	56	Lc
30	57	Lc
30	58	Lc
30	59	-1
30	60	Lc
30	61	Uc
30	62	Uc
30	63	L
30	64	-1
30	65	-1
30	66	Lc
30	67	Lc
30	68	Lc
30	69	Lc
30	70	Uc
30	71	Uc
30	72	Uc
30	73	L
30	74	Lc
30	75	L
30	76	L
30	77	L
30	78	L
30	79	Lc
30	80	Lc
30	81	Lc
30	82	Lc
30	83	Lc
30	84	-1
30	85	Lc
30	86	Lc
30	87	-1
30	88	Lc
30	89	Lc
30	90	-1
30	91	Lc
30	92	Lc
30	93	Lc
30	94	L
30	95	L
30	96	-1
30	97	L
30	98	Lc
30	99	-1
30	100	Lc
30	101	Lc
30	102	Lc
30	103	Lc
30	104	-1
30	105	Lc
30	106	Lc
30	107	Lc
30	108	-1
30	109	-1
30	110	-1
30	111	Lc
30	112	Lc
30	113	Lc
30	114	Lc
30	115	Lc
30	116	Uc
30	117	Uc
30	118	Lc
30	119	-1
31	0	-1
31	1	Lc
31	2	L
31	3	Lc
31	4	Lc
31	5	L
31	6	L
31	7	L
31	8	Lc
31	9	Lc
31	10	Lc
31	11	L
31	12	L
31	13	Lc
31	14	-1
31	15	-1
31	16	L
31	17	L
31	18	L
31	19	L
31	20	L
31	21	L
31	22	L
31	23	L
31	24	-1
31	25	Lc
31	26	Lc
31	27	Lc
31	28	L
31	29	Lc
31	30	Lc
31	31	Lc
31	32	Lc
31	33	-1
31	34	Uc
31	35	Lc
31	36	Lc
31	37	-1
31	38	Lc
31	39	Lc
31	40	-1
31	41	-1
31	42	Lc
31	43	-1
31	44	Lc
31	45	L
31	46	-1
31	47	L
31	48	-1
31	49	L
31	50	L
31	51	L
31	52	L
31	53	-1
31	54	L
31	55	Lc
31	56	L
31	57	L
31	58	-1
31	59	Lc
31	60	Lc
31	61	Lc
31	62	Lc
31	63	Lc
31	64	Lc
31	65	Lc
31	66	-1
31	67	Lc
31	68	-1
31	69	Lc
31	70	Uc
31	71	Uc
31	72	Uc
31	73	Lc
31	74	Lc
31	75	L
31	76	Lc
31	77	Lc
31	78	Lc
31	79	Lc
31	80	Lc
31	81	Lc
31	82	Lc
31	83	Lc
31	84	Lc
31	85	Lc
31	86	Lc
31	87	-1
31	88	Lc
31	89	Lc
31	90	L
31	91	L
31	92	-1
31	93	-1
31	94	L
31	95	L
31	96	L
31	97	-1
31	98	Lc
31	99	Lc
31	100	Lc
31	101	Lc
31	102	Lc
31	103	Lc
31	104	Lc
31	105	Lc
31	106	Lc
31	107	-1
31	108	Lc
31	109	Lc
31	110	Lc
31	111	Lc
31	112	Uc
31	113	Lc
31	114	-1
31	115	Lc
31	116	-1
31	117	Uc
31	118	Lc
31	119	L
32	0	L
32	1	L
32	2	Lc
32	3	-1
32	4	L
32	5	-1
32	6	Lc
32	7	L
32	8	L
32	9	-1
32	10	-1
32	11	U
32	12	U
32	13	U
32	14	L
32	15	L
32	16	L
32	17	L
32	18	L
32	19	L
32	20	L
32	21	L
32	22	L
32	23	-1
32	24	Lc
32	25	Lc
32	26	Lc
32	27	-1
32	28	-1
32	29	Lc
32	30	Lc
32	31	-1
32	32	-1
32	33	Lc
32	34	-1
32	35	-1
32	36	Lc
32	37	Lc
32	38	Lc
32	39	Lc
32	40	Lc
32	41	Lc
32	42	-1
32	43	L
32	44	L
32	45	L
32	46	-1
32	47	L
32	48	-1
32	49	-1
32	50	L
32	51	L
32	52	-1
32	53	-1
32	54	Lc
32	55	L
32	56	L
32	57	L
32	58	Lc
32	59	Lc
32	60	Lc
32	61	Lc
32	62	Lc
32	63	Lc
32	64	Lc
32	65	Lc
32	66	Lc
32	67	-1
32	68	Lc
32	69	Lc
32	70	-1
32	71	Uc
32	72	-1
32	73	Lc
32	74	Uc
32	75	Uc
32	76	L
32	77	Lc
32	78	Lc
32	79	Lc
32	80	Lc
32	81	Lc
32	82	Lc
32	83	Lc
32	84	Lc
32	85	-1
32	86	Lc
32	87	Lc
32	88	Lc
32	89	Lc
32	90	L
32	91	L
32	92	L
32	93	L
32	94	L
32	95	-1
32	96	-1
32	97	-1
32	98	L
32	99	Lc
32	100	Lc
32	101	-1
32	102	Lc
32	103	Lc
32	104	Lc
32	105	Lc
32	106	L
32	107	Lc
32	108	Lc
32	109	-1
32	110	Lc
32	111	Uc
32	112	Lc
32	113	Uc
32	114	Lc
32	115	Lc
32	116	-1
32	117	Lc
32	118	Lc
32	119	Lc
33	0	L
33	1	L
33	2	Lc
33	3	Lc
33	4	Lc
33	5	Lc
33	6	Lc
33	7	-1
33	8	L
33	9	-1
33	10	-1
33	11	L
33	12	L
33	13	-1
33	14	L
33	15	-1
33	16	-1
33	17	L
33	18	L
33	19	-1
33	20	Lc
33	21	Lc
33	22	L
33	23	-1
33	24	L
33	25	-1
33	26	L
33	27	Lc
33	28	Lc
33	29	L
33	30	Lc
33	31	Lc
33	32	-1
33	33	-1
33	34	Lc
33	35	Lc
33	36	Lc
33	37	-1
33	38	Lc
33	39	Lc
33	40	Lc
33	41	-1
33	42	-1
33	43	Lc
33	44	L
33	45	L
33	46	L
33	47	L
33	48	-1
33	49	L
33	50	L
33	51	L
33	52	L
33	53	-1
33	54	Lc
33	55	L
33	56	Lc
33	57	Lc
33	58	Lc
33	59	Lc
33	60	Lc
33	61	Lc
33	62	Lc
33	63	Lc
33	64	Lc
33	65	Lc
33	66	Lc
33	67	Lc
33	68	Lc
33	69	Lc
33	70	-1
33	71	Lc
33	72	Lc
33	73	Lc
33	74	Lc
33	75	-1
33	76	Uc
33	77	Lc
33	78	Lc
33	79	Lc
33	80	Lc
33	81	Lc
33	82	Lc
33	83	-1
33	84	Lc
33	85	-1
33	86	Lc
33	87	Lc
33	88	Lc
33	89	L
33	90	L
33	91	L
33	92	L
33	93	L
33	94	L
33	95	-1
33	96	L
33	97	L
33	98	L
33	99	-1
33	100	-1
33	101	Lc
33	102	Uc
33	103	Lc
33	104	Lc
33	105	Lc
33	106	Lc
33	107	L
33	108	Lc
33	109	L
33	110	L
33	111	Lc
33	112	Uc
33	113	Lc
33	114	Lc
33	115	Lc
33	116	Lc
33	117	-1
33	118	-1
33	119	Lc
34	0	Lc
34	1	Uc
34	2	Lc
34	3	-1
34	4	Lc
34	5	-1
34	6	-1
34	7	-1
34	8	L
34	9	Lc
34	10	L
34	11	-1
34	12	L
34	13	-1
34	14	L
34	15	L
34	16	L
34	17	Lc
34	18	L
34	19	L
34	20	Lc
34	21	L
34	22	L
34	23	L
34	24	Lc
34	25	L
34	26	Lc
34	27	Lc
34	28	-1
34	29	Lc
34	30	L
34	31	-1
34	32	L
34	33	Lc
34	34	Lc
34	35	-1
34	36	Lc
34	37	L
34	38	L
34	39	Lc
34	40	Lc
34	41	-1
34	42	-1
34	43	Lc
34	44	Lc
34	45	L
34	46	L
34	47	L
34	48	-1
34	49	L
34	50	L
34	51	Lc
34	52	-1
34	53	Lc
34	54	Lc
34	55	Lc
34	56	Lc
34	57	Lc
34	58	Lc
34	59	Lc
34	60	Lc
34	61	-1
34	62	Lc
34	63	Lc
34	64	Lc
34	65	Lc
34	66	Lc
34	67	Lc
34	68	Lc
34	69	-1
34	70	Lc
34	71	Lc
34	72	Lc
34	73	Lc
34	74	Lc
34	75	Lc
34	76	Lc
34	77	Lc
34	78	Lc
34	79	-1
34	80	Lc
34	81	Lc
34	82	Lc
34	83	-1
34	84	-1
34	85	Lc
34	86	Lc
34	87	Lc
34	88	L
34	89	L
34	90	L
34	91	L
34	92	L
34	93	L
34	94	L
34	95	-1
34	96	L
34	97	Lc
34	98	L
34	99	-1
34	100	Lc
34	101	Lc
34	102	Lc
34	103	Uc
34	104	Lc
34	105	L
34	106	L
34	107	L
34	108	L
34	109	L
34	110	Lc
34	111	-1
34	112	-1
34	113	Lc
34	114	Lc
34	115	Lc
34	116	Lc
34	117	L
34	118	L
34	119	Lc
35	0	-1
35	1	L
35	2	Lc
35	3	L
35	4	L
35	5	L
35	6	L
35	7	Lc
35	8	Lc
35	9	Lc
35	10	Lc
35	11	L
35	12	Lc
35	13	-1
35	14	-1
35	15	Lc
35	16	L
35	17	Lc
35	18	L
35	19	L
35	20	-1
35	21	Lc
35	22	L
35	23	Lc
35	24	Lc
35	25	Lc
35	26	L
35	27	-1
35	28	Lc
35	29	-1
35	30	L
35	31	L
35	32	-1
35	33	Lc
35	34	Lc
35	35	Lc
35	36	Lc
35	37	Lc
35	38	-1
35	39	-1
35	40	L
35	41	L
35	42	Lc
35	43	Lc
35	44	Lc
35	45	-1
35	46	L
35	47	L
35	48	L
35	49	L
35	50	L
35	51	Lc
35	52	Lc
35	53	-1
35	54	Lc
35	55	Uc
35	56	Lc
35	57	Lc
35	58	Lc
35	59	-1
35	60	-1
35	61	-1
35	62	-1
35	63	Lc
35	64	Lc
35	65	Lc
35	66	Lc
35	67	Lc
35	68	Lc
35	69	Lc
35	70	-1
35	71	Lc
35	72	Lc
35	73	-1
35	74	Uc
35	75	Lc
35	76	Lc
35	77	Lc
35	78	L
35	79	Lc
35	80	Lc
35	81	L
35	82	L
35	83	-1
35	84	Lc
35	85	Lc
35	86	Lc
35	87	-1
35	88	Lc
35	89	-1
35	90	-1
35	91	L
35	92	L
35	93	L
35	94	L
35	95	Lc
35	96	-1
35	97	Lc
35	98	L
35	99	-1
35	100	Uc
35	101	Lc
35	102	Lc
35	103	Lc
35	104	Lc
35	105	-1
35	106	Lc
35	107	Lc
35	108	-1
35	109	Lc
35	110	L
35	111	Lc
35	112	Lc
35	113	-1
35	114	Lc
35	115	-1
35	116	L
35	117	L
35	118	Lc
35	119	L
36	0	Lc
36	1	-1
36	2	L
36	3	-1
36	4	-1
36	5	-1
36	6	-1
36	7	-1
36	8	Lc
36	9	Lc
36	10	Lc
36	11	Lc
36	12	-1
36	13	-1
36	14	Lc
36	15	Lc
36	16	Lc
36	17	Lc
36	18	L
36	19	-1
36	20	L
36	21	Lc
36	22	Lc
36	23	Lc
36	24	-1
36	25	U
36	26	-1
36	27	Lc
36	28	-1
36	29	-1
36	30	L
36	31	Lc
36	32	Lc
36	33	-1
36	34	L
36	35	-1
36	36	L
36	37	Lc
36	38	Lc
36	39	Lc
36	40	L
36	41	Uc
36	42	Uc
36	43	L
36	44	Lc
36	45	Lc
36	46	-1
36	47	L
36	48	-1
36	49	L
36	50	L
36	51	Uc
36	52	Uc
36	53	L
36	54	Uc
36	55	-1
36	56	Lc
36	57	Lc
36	58	Lc
36	59	Lc
36	60	-1
36	61	Lc
36	62	Lc
36	63	Lc
36	64	Lc
36	65	Lc
36	66	Lc
36	67	Lc
36	68	Lc
36	69	-1
36	70	Lc
36	71	-1
36	72	Lc
36	73	Lc
36	74	Uc
36	75	Uc
36	76	Lc
36	77	Lc
36	78	-1
36	79	Lc
36	80	-1
36	81	Lc
36	82	-1
36	83	Lc
36	84	-1
36	85	Lc
36	86	-1
36	87	L
36	88	L
36	89	L
36	90	-1
36	91	L
36	92	-1
36	93	L
36	94	-1
36	95	L
36	96	Lc
36	97	Lc
36	98	L
36	99	Uc
36	100	Lc
36	101	Lc
36	102	-1
36	103	Lc
36	104	Uc
36	105	Lc
36	106	Lc
36	107	Lc
36	108	-1
36	109	Lc
36	110	Lc
36	111	Lc
36	112	Lc
36	113	Lc
36	114	Lc
36	115	Lc
36	116	L
36	117	L
36	118	-1
36	119	L
37	0	Lc
37	1	Lc
37	2	-1
37	3	L
37	4	L
37	5	L
37	6	-1
37	7	Lc
37	8	Lc
37	9	-1
37	10	Lc
37	11	Lc
37	12	-1
37	13	L
37	14	L
37	15	-1
37	16	-1
37	17	Lc
37	18	Lc
37	19	L
37	20	-1
37	21	Lc
37	22	Lc
37	23	Lc
37	24	Lc
37	25	-1
37	26	U
37	27	-1
37	28	L
37	29	Lc
37	30	Lc
37	31	Lc
37	32	L
37	33	Lc
37	34	Lc
37	35	Lc
37	36	-1
37	37	Lc
37	38	Lc
37	39	Lc
37	40	Lc
37	41	-1
37	42	Lc
37	43	Lc
37	44	Lc
37	45	Lc
37	46	Lc
37	47	L
37	48	-1
37	49	L
37	50	L
37	51	L
37	52	Uc
37	53	Uc
37	54	Uc
37	55	Uc
37	56	Lc
37	57	Lc
37	58	Lc
37	59	Lc
37	60	Lc
37	61	Lc
37	62	Lc
37	63	Lc
37	64	Lc
37	65	Lc
37	66	Lc
37	67	-1
37	68	Lc
37	69	Lc
37	70	Lc
37	71	Lc
37	72	Lc
37	73	Lc
37	74	Uc
37	75	Uc
37	76	Lc
37	77	Lc
37	78	-1
37	79	Lc
37	80	L
37	81	Lc
37	82	-1
37	83	-1
37	84	Lc
37	85	Lc
37	86	-1
37	87	Lc
37	88	Lc
37	89	L
37	90	L
37	91	L
37	92	L
37	93	L
37	94	Lc
37	95	Lc
37	96	Lc
37	97	Lc
37	98	Uc
37	99	Lc
37	100	L
37	101	Lc
37	102	Lc
37	103	-1
37	104	Lc
37	105	Lc
37	106	Lc
37	107	L
37	108	-1
37	109	-1
37	110	L
37	111	Lc
37	112	L
37	113	Lc
37	114	-1
37	115	L
37	116	Lc
37	117	L
37	118	L
37	119	Lc
38	0	-1
38	1	-1
38	2	L
38	3	L
38	4	L
38	5	L
38	6	-1
38	7	Lc
38	8	Lc
38	9	Lc
38	10	Lc
38	11	Lc
38	12	Lc
38	13	L
38	14	L
38	15	L
38	16	L
38	17	L
38	18	Lc
38	19	Lc
38	20	-1
38	21	Lc
38	22	Uc
38	23	Lc
38	24	Lc
38	25	Lc
38	26	L
38	27	Lc
38	28	Lc
38	29	Lc
38	30	Lc
38	31	L
38	32	-1
38	33	Lc
38	34	Lc
38	35	-1
38	36	Lc
38	37	Lc
38	38	Lc
38	39	-1
38	40	Lc
38	41	Lc
38	42	Lc
38	43	Lc
38	44	Lc
38	45	Lc
38	46	L
38	47	L
38	48	L
38	49	L
38	50	-1
38	51	L
38	52	Uc
38	53	Lc
38	54	-1
38	55	-1
38	56	Lc
38	57	Lc
38	58	Lc
38	59	Lc
38	60	-1
38	61	L
38	62	Lc
38	63	Lc
38	64	Lc
38	65	Lc
38	66	Lc
38	67	-1
38	68	Lc
38	69	Lc
38	70	Lc
38	71	Lc
38	72	Lc
38	73	Uc
38	74	Uc
38	75	-1
38	76	-1
38	77	Uc
38	78	Lc
38	79	-1
38	80	Lc
38	81	L
38	82	Lc
38	83	Lc
38	84	Lc
38	85	Lc
38	86	Lc
38	87	L
38	88	L
38	89	Lc
38	90	L
38	91	L
38	92	L
38	93	-1
38	94	-1
38	95	-1
38	96	-1
38	97	Lc
38	98	Lc
38	99	-1
38	100	Lc
38	101	-1
38	102	Lc
38	103	Lc
38	104	-1
38	105	-1
38	106	Lc
38	107	Uc
38	108	-1
38	109	L
38	110	L
38	111	L
38	112	Lc
38	113	-1
38	114	L
38	115	L
38	116	L
38	117	Lc
38	118	-1
38	119	L
39	0	-1
39	1	Lc
39	2	L
39	3	L
39	4	-1
39	5	L
39	6	L
39	7	Lc
39	8	L
39	9	L
39	10	Lc
39	11	Lc
39	12	Lc
39	13	L
39	14	U
39	15	L
39	16	L
39	17	L
39	18	Lc
39	19	Lc
39	20	Lc
39	21	Lc
39	22	-1
39	23	Lc
39	24	Lc
39	25	Lc
39	26	Lc
39	27	Lc
39	28	-1
39	29	Lc
39	30	Lc
39	31	L
39	32	L
39	33	Lc
39	34	Lc
39	35	Lc
39	36	Lc
39	37	Lc
39	38	Lc
39	39	-1
39	40	-1
39	41	-1
39	42	Uc
39	43	-1
39	44	Lc
39	45	Lc
39	46	-1
39	47	L
39	48	L
39	49	-1
39	50	Lc
39	51	L
39	52	Uc
39	53	-1
39	54	Uc
39	55	-1
39	56	Lc
39	57	Lc
39	58	Lc
39	59	Lc
39	60	Lc
39	61	Lc
39	62	L
39	63	-1
39	64	-1
39	65	Lc
39	66	L
39	67	Lc
39	68	Lc
39	69	Lc
39	70	Lc
39	71	Lc
39	72	-1
39	73	-1
39	74	Lc
39	75	Lc
39	76	Lc
39	77	Lc
39	78	Uc
39	79	Lc
39	80	Lc
39	81	Lc
39	82	Lc
39	83	Lc
39	84	Lc
39	85	-1
39	86	Lc
39	87	Lc
39	88	Lc
39	89	L
39	90	Lc
39	91	L
39	92	L
39	93	Lc
39	94	Lc
39	95	-1
39	96	Lc
39	97	L
39	98	Lc
39	99	Uc
39	100	L
39	101	Uc
39	102	Lc
39	103	Lc
39	104	Lc
39	105	Lc
39	106	Lc
39	107	Lc
39	108	-1
39	109	-1
39	110	Lc
39	111	L
39	112	L
39	113	Lc
39	114	-1
39	115	-1
39	116	-1
39	117	Lc
39	118	L
39	119	-1
40	0	Lc
40	1	L
40	2	L
40	3	L
40	4	-1
40	5	-1
40	6	L
40	7	L
40	8	-1
40	9	L
40	10	L
40	11	Lc
40	12	Lc
40	13	L
40	14	L
40	15	L
40	16	L
40	17	L
40	18	L
40	19	L
40	20	L
40	21	-1
40	22	-1
40	23	Lc
40	24	-1
40	25	Lc
40	26	Lc
40	27	Lc
40	28	Lc
40	29	Lc
40	30	Lc
40	31	L
40	32	L
40	33	Lc
40	34	Lc
40	35	L
40	36	L
40	37	-1
40	38	Lc
40	39	Lc
40	40	Uc
40	41	Uc
40	42	-1
40	43	Lc
40	44	Lc
40	45	Lc
40	46	Uc
40	47	Uc
40	48	Lc
40	49	Lc
40	50	-1
40	51	-1
40	52	Uc
40	53	Lc
40	54	Lc
40	55	Uc
40	56	Lc
40	57	-1
40	58	Uc
40	59	-1
40	60	Lc
40	61	Uc
40	62	Lc
40	63	Lc
40	64	Lc
40	65	-1
40	66	Lc
40	67	Lc
40	68	Lc
40	69	Lc
40	70	Lc
40	71	-1
40	72	Lc
40	73	Lc
40	74	-1
40	75	Lc
40	76	Lc
40	77	Lc
40	78	Lc
40	79	Lc
40	80	-1
40	81	Lc
40	82	-1
40	83	L
40	84	-1
40	85	-1
40	86	-1
40	87	Lc
40	88	Lc
40	89	Lc
40	90	L
40	91	L
40	92	L
40	93	Lc
40	94	U
40	95	-1
40	96	L
40	97	L
40	98	Uc
40	99	Uc
40	100	Uc
40	101	L
40	102	Lc
40	103	Lc
40	104	Lc
40	105	Lc
40	106	Lc
40	107	-1
40	108	Lc
40	109	Lc
40	110	Lc
40	111	Lc
40	112	L
40	113	L
40	114	Lc
40	115	L
40	116	L
40	117	Lc
40	118	Lc
40	119	Lc
41	0	Lc
41	1	Lc
41	2	-1
41	3	Lc
41	4	Lc
41	5	-1
41	6	L
41	7	L
41	8	-1
41	9	L
41	10	L
41	11	Lc
41	12	L
41	13	L
41	14	L
41	15	L
41	16	-1
41	17	L
41	18	-1
41	19	L
41	20	Lc
41	21	L
41	22	Lc
41	23	-1
41	24	Lc
41	25	-1
41	26	Lc
41	27	Lc
41	28	Lc
41	29	Lc
41	30	Lc
41	31	Lc
41	32	L
41	33	L
41	34	L
41	35	L
41	36	L
41	37	-1
41	38	Lc
41	39	Lc
41	40	Uc
41	41	-1
41	42	Uc
41	43	Uc
41	44	-1
41	45	Uc
41	46	Lc
41	47	Lc
41	48	Lc
41	49	-1
41	50	Lc
41	51	Uc
41	52	Uc
41	53	Uc
41	54	-1
41	55	-1
41	56	Lc
41	57	-1
41	58	Lc
41	59	Uc
41	60	-1
41	61	Lc
41	62	Lc
41	63	L
41	64	-1
41	65	-1
41	66	-1
41	67	Lc
41	68	Lc
41	69	Lc
41	70	Lc
41	71	Lc
41	72	-1
41	73	-1
41	74	Lc
41	75	Lc
41	76	Lc
41	77	-1
41	78	-1
41	79	Lc
41	80	Lc
41	81	Lc
41	82	L
41	83	-1
41	84	L
41	85	-1
41	86	-1
41	87	Lc
41	88	-1
41	89	L
41	90	-1
41	91	L
41	92	Lc
41	93	Lc
41	94	-1
41	95	U
41	96	L
41	97	L
41	98	L
41	99	L
41	100	L
41	101	-1
41	102	Lc
41	103	Lc
41	104	Lc
41	105	-1
41	106	Lc
41	107	Lc
41	108	Lc
41	109	Lc
41	110	Lc
41	111	Lc
41	112	-1
41	113	L
41	114	L
41	115	L
41	116	L
41	117	Lc
41	118	Lc
41	119	-1
42	0	Lc
42	1	Lc
42	2	-1
42	3	Lc
42	4	Lc
42	5	L
42	6	L
42	7	Lc
42	8	Lc
42	9	L
42	10	Lc
42	11	Lc
42	12	L
42	13	L
42	14	L
42	15	L
42	16	-1
42	17	-1
42	18	L
42	19	Lc
42	20	L
42	21	Lc
42	22	Lc
42	23	Lc
42	24	Lc
42	25	Lc
42	26	Lc
42	27	Lc
42	28	Lc
42	29	-1
42	30	L
42	31	Lc
42	32	Lc
42	33	L
42	34	L
42	35	-1
42	36	-1
42	37	Lc
42	38	-1
42	39	Lc
42	40	Lc
42	41	Lc
42	42	Lc
42	43	-1
42	44	Uc
42	45	-1
42	46	-1
42	47	Lc
42	48	-1
42	49	-1
42	50	-1
42	51	Lc
42	52	Lc
42	53	-1
42	54	-1
42	55	Lc
42	56	Lc
42	57	Lc
42	58	Uc
42	59	Lc
42	60	Uc
42	61	Uc
42	62	Lc
42	63	-1
42	64	Uc
42	65	Lc
42	66	-1
42	67	Lc
42	68	Lc
42	69	Lc
42	70	-1
42	71	Lc
42	72	Lc
42	73	L
42	74	Lc
42	75	Lc
42	76	-1
42	77	Lc
42	78	Lc
42	79	L
42	80	L
42	81	-1
42	82	Lc
42	83	L
42	84	L
42	85	L
42	86	Lc
42	87	-1
42	88	L
42	89	L
42	90	L
42	91	L
42	92	Lc
42	93	Lc
42	94	-1
42	95	Lc
42	96	-1
42	97	L
42	98	L
42	99	Lc
42	100	-1
42	101	-1
42	102	-1
42	103	Lc
42	104	Lc
42	105	Lc
42	106	-1
42	107	Lc
42	108	Lc
42	109	Lc
42	110	Lc
42	111	Lc
42	112	Lc
42	113	L
42	114	L
42	115	L
42	116	-1
42	117	L
42	118	Lc
42	119	-1
43	0	Lc
43	1	Lc
43	2	Lc
43	3	Lc
43	4	Lc
43	5	Lc
43	6	Lc
43	7	Lc
43	8	Lc
43	9	-1
43	10	L
43	11	Lc
43	12	Lc
43	13	Lc
43	14	L
43	15	L
43	16	L
43	17	-1
43	18	Lc
43	19	Lc
43	20	-1
43	21	-1
43	22	Lc
43	23	-1
43	24	Lc
43	25	Lc
43	26	Lc
43	27	L
43	28	-1
43	29	Lc
43	30	Lc
43	31	L
43	32	Lc
43	33	Lc
43	34	-1
43	35	L
43	36	-1
43	37	Lc
43	38	Lc
43	39	Lc
43	40	Uc
43	41	Lc
43	42	-1
43	43	Lc
43	44	Lc
43	45	Lc
43	46	Lc
43	47	Lc
43	48	Lc
43	49	-1
43	50	-1
43	51	Lc
43	52	Uc
43	53	Lc
43	54	Lc
43	55	Lc
43	56	Lc
43	57	Lc
43	58	-1
43	59	Uc
43	60	U
43	61	Uc
43	62	Uc
43	63	Uc
43	64	Lc
43	65	Lc
43	66	Lc
43	67	Lc
43	68	Lc
43	69	Lc
43	70	Lc
43	71	Lc
43	72	Lc
43	73	-1
43	74	Lc
43	75	-1
43	76	Uc
43	77	L
43	78	L
43	79	L
43	80	Lc
43	81	Lc
43	82	-1
43	83	Lc
43	84	Lc
43	85	Lc
43	86	Lc
43	87	Lc
43	88	Lc
43	89	L
43	90	L
43	91	L
43	92	-1
43	93	L
43	94	Uc
43	95	Uc
43	96	Lc
43	97	L
43	98	L
43	99	Lc
43	100	Lc
43	101	-1
43	102	-1
43	103	Lc
43	104	Lc
43	105	-1
43	106	Lc
43	107	-1
43	108	Lc
43	109	Lc
43	110	-1
43	111	-1
43	112	-1
43	113	-1
43	114	L
43	115	L
43	116	-1
43	117	-1
43	118	Lc
43	119	Lc
44	0	Lc
44	1	Lc
44	2	-1
44	3	Lc
44	4	Lc
44	5	Lc
44	6	Lc
44	7	Lc
44	8	Lc
44	9	L
44	10	L
44	11	L
44	12	L
44	13	L
44	14	L
44	15	L
44	16	-1
44	17	Lc
44	18	-1
44	19	-1
44	20	Lc
44	21	Lc
44	22	Lc
44	23	-1
44	24	Lc
44	25	Lc
44	26	-1
44	27	-1
44	28	Lc
44	29	Lc
44	30	U
44	31	Lc
44	32	-1
44	33	Lc
44	34	L
44	35	L
44	36	L
44	37	-1
44	38	Lc
44	39	Lc
44	40	Lc
44	41	Uc
44	42	Lc
44	43	L
44	44	Lc
44	45	Lc
44	46	Lc
44	47	Lc
44	48	Lc
44	49	-1
44	50	Lc
44	51	L
44	52	Uc
44	53	-1
44	54	Uc
44	55	Lc
44	56	-1
44	57	-1
44	58	Uc
44	59	-1
44	60	-1
44	61	-1
44	62	-1
44	63	Lc
44	64	-1
44	65	Lc
44	66	L
44	67	Lc
44	68	Lc
44	69	Lc
44	70	Lc
44	71	-1
44	72	Lc
44	73	Lc
44	74	Lc
44	75	-1
44	76	Uc
44	77	Uc
44	78	L
44	79	Lc
44	80	Lc
44	81	Lc
44	82	Lc
44	83	Lc
44	84	-1
44	85	Lc
44	86	Lc
44	87	Lc
44	88	L
44	89	-1
44	90	L
44	91	L
44	92	-1
44	93	-1
44	94	L
44	95	L
44	96	L
44	97	-1
44	98	L
44	99	Lc
44	100	Lc
44	101	-1
44	102	Lc
44	103	Lc
44	104	Lc
44	105	Lc
44	106	Lc
44	107	Uc
44	108	Lc
44	109	-1
44	110	-1
44	111	Lc
44	112	Lc
44	113	-1
44	114	Lc
44	115	L
44	116	Lc
44	117	-1
44	118	Lc
44	119	Lc
45	0	Lc
45	1	-1
45	2	Lc
45	3	Lc
45	4	Lc
45	5	Lc
45	6	Lc
45	7	-1
45	8	-1
45	9	Lc
45	10	Lc
45	11	Lc
45	12	-1
45	13	L
45	14	L
45	15	-1
45	16	Lc
45	17	Lc
45	18	Lc
45	19	Lc
45	20	Lc
45	21	Lc
45	22	Lc
45	23	L
45	24	L
45	25	Lc
45	26	Lc
45	27	Lc
45	28	-1
45	29	Lc
45	30	Lc
45	31	U
45	32	L
45	33	L
45	34	-1
45	35	L
45	36	-1
45	37	L
45	38	Lc
45	39	Lc
45	40	L
45	41	-1
45	42	Uc
45	43	L
45	44	Lc
45	45	-1
45	46	Lc
45	47	-1
45	48	L
45	49	Lc
45	50	-1
45	51	L
45	52	L
45	53	L
45	54	Uc
45	55	L
45	56	-1
45	57	-1
45	58	-1
45	59	Lc
45	60	Lc
45	61	Lc
45	62	-1
45	63	Lc
45	64	Lc
45	65	Lc
45	66	Lc
45	67	L
45	68	Lc
45	69	Lc
45	70	-1
45	71	Lc
45	72	Lc
45	73	Lc
45	74	Lc
45	75	Lc
45	76	Uc
45	77	L
45	78	Uc
45	79	Uc
45	80	Lc
45	81	L
45	82	L
45	83	Lc
45	84	-1
45	85	Lc
45	86	-1
45	87	-1
45	88	L
45	89	L
45	90	Lc
45	91	Lc
45	92	-1
45	93	L
45	94	L
45	95	L
45	96	-1
45	97	L
45	98	L
45	99	-1
45	100	Lc
45	101	-1
45	102	-1
45	103	L
45	104	Lc
45	105	-1
45	106	Lc
45	107	-1
45	108	Lc
45	109	-1
45	110	Lc
45	111	Lc
45	112	-1
45	113	Lc
45	114	Lc
45	115	Lc
45	116	Lc
45	117	Lc
45	118	-1
45	119	Lc
46	0	-1
46	1	Lc
46	2	-1
46	3	Lc
46	4	Lc
46	5	Lc
46	6	Lc
46	7	Lc
46	8	-1
46	9	Lc
46	10	Lc
46	11	L
46	12	Lc
46	13	Lc
46	14	Lc
46	15	Lc
46	16	-1
46	17	Lc
46	18	Lc
46	19	Lc
46	20	Lc
46	21	Lc
46	22	L
46	23	-1
46	24	L
46	25	Lc
46	26	-1
46	27	-1
46	28	L
46	29	U
46	30	Lc
46	31	Lc
46	32	Lc
46	33	L
46	34	-1
46	35	L
46	36	Lc
46	37	Lc
46	38	L
46	39	L
46	40	L
46	41	L
46	42	Lc
46	43	-1
46	44	L
46	45	Lc
46	46	Lc
46	47	Lc
46	48	-1
46	49	L
46	50	L
46	51	-1
46	52	-1
46	53	-1
46	54	L
46	55	Lc
46	56	Lc
46	57	L
46	58	Uc
46	59	-1
46	60	Lc
46	61	Lc
46	62	Lc
46	63	-1
46	64	-1
46	65	Lc
46	66	Lc
46	67	Lc
46	68	L
46	69	Lc
46	70	Lc
46	71	Lc
46	72	-1
46	73	-1
46	74	Lc
46	75	Lc
46	76	Lc
46	77	Lc
46	78	-1
46	79	Lc
46	80	L
46	81	-1
46	82	L
46	83	-1
46	84	Lc
46	85	Lc
46	86	Lc
46	87	Lc
46	88	-1
46	89	L
46	90	Lc
46	91	Lc
46	92	L
46	93	L
46	94	L
46	95	-1
46	96	L
46	97	L
46	98	L
46	99	L
46	100	L
46	101	-1
46	102	-1
46	103	-1
46	104	Lc
46	105	Lc
46	106	Uc
46	107	-1
46	108	-1
46	109	Lc
46	110	Lc
46	111	-1
46	112	Lc
46	113	Lc
46	114	-1
46	115	Lc
46	116	Lc
46	117	Lc
46	118	-1
46	119	-1
47	0	Lc
47	1	Lc
47	2	Lc
47	3	Lc
47	4	-1
47	5	Lc
47	6	Lc
47	7	Lc
47	8	Lc
47	9	-1
47	10	-1
47	11	Lc
47	12	L
47	13	Uc
47	14	Lc
47	15	-1
47	16	Lc
47	17	Lc
47	18	Lc
47	19	Lc
47	20	Lc
47	21	-1
47	22	L
47	23	L
47	24	-1
47	25	Uc
47	26	L
47	27	L
47	28	L
47	29	L
47	30	L
47	31	Lc
47	32	U
47	33	-1
47	34	Lc
47	35	Lc
47	36	Lc
47	37	-1
47	38	L
47	39	L
47	40	-1
47	41	L
47	42	Lc
47	43	Lc
47	44	L
47	45	Lc
47	46	Lc
47	47	Lc
47	48	L
47	49	-1
47	50	L
47	51	L
47	52	L
47	53	-1
47	54	Lc
47	55	L
47	56	-1
47	57	L
47	58	Uc
47	59	Lc
47	60	-1
47	61	Lc
47	62	Lc
47	63	Lc
47	64	Lc
47	65	L
47	66	Lc
47	67	L
47	68	Lc
47	69	-1
47	70	-1
47	71	Lc
47	72	Lc
47	73	Uc
47	74	-1
47	75	Lc
47	76	Lc
47	77	Lc
47	78	-1
47	79	Uc
47	80	Uc
47	81	L
47	82	L
47	83	L
47	84	Lc
47	85	-1
47	86	Lc
47	87	Lc
47	88	-1
47	89	L
47	90	Lc
47	91	Lc
47	92	Lc
47	93	L
47	94	L
47	95	L
47	96	L
47	97	-1
47	98	L
47	99	L
47	100	-1
47	101	Lc
47	102	Lc
47	103	Lc
47	104	Lc
47	105	Uc
47	106	-1
47	107	Uc
47	108	Lc
47	109	-1
47	110	Uc
47	111	-1
47	112	Lc
47	113	Lc
47	114	Lc
47	115	-1
47	116	Lc
47	117	Lc
47	118	Lc
47	119	Lc
48	0	-1
48	1	-1
48	2	Lc
48	3	Lc
48	4	-1
48	5	Lc
48	6	Lc
48	7	Lc
48	8	Lc
48	9	Lc
48	10	Lc
48	11	Lc
48	12	Lc
48	13	Lc
48	14	-1
48	15	Lc
48	16	Lc
48	17	Lc
48	18	Lc
48	19	Lc
48	20	Lc
48	21	Uc
48	22	L
48	23	L
48	24	Lc
48	25	Lc
48	26	-1
48	27	L
48	28	L
48	29	-1
48	30	Lc
48	31	L
48	32	-1
48	33	U
48	34	-1
48	35	Lc
48	36	Lc
48	37	Lc
48	38	Lc
48	39	-1
48	40	L
48	41	L
48	42	L
48	43	L
48	44	Lc
48	45	Lc
48	46	Lc
48	47	Lc
48	48	Lc
48	49	-1
48	50	L
48	51	L
48	52	-1
48	53	L
48	54	-1
48	55	-1
48	56	L
48	57	Lc
48	58	-1
48	59	-1
48	60	-1
48	61	-1
48	62	Lc
48	63	Lc
48	64	Lc
48	65	Lc
48	66	L
48	67	Lc
48	68	-1
48	69	Lc
48	70	-1
48	71	-1
48	72	Uc
48	73	-1
48	74	Lc
48	75	-1
48	76	-1
48	77	Lc
48	78	Lc
48	79	Lc
48	80	Lc
48	81	Lc
48	82	-1
48	83	Lc
48	84	L
48	85	-1
48	86	Lc
48	87	-1
48	88	Lc
48	89	Lc
48	90	L
48	91	L
48	92	L
48	93	Lc
48	94	Lc
48	95	L
48	96	L
48	97	L
48	98	L
48	99	L
48	100	Lc
48	101	Lc
48	102	Lc
48	103	-1
48	104	-1
48	105	-1
48	106	Uc
48	107	Uc
48	108	Uc
48	109	Lc
48	110	Uc
48	111	Uc
48	112	Uc
48	113	Lc
48	114	Lc
48	115	Lc
48	116	Uc
48	117	Lc
48	118	Lc
48	119	Uc
49	0	Lc
49	1	Lc
49	2	Lc
49	3	Lc
49	4	Lc
49	5	Lc
49	6	Lc
49	7	Lc
49	8	-1
49	9	Lc
49	10	Lc
49	11	-1
49	12	-1
49	13	Lc
49	14	Lc
49	15	Lc
49	16	-1
49	17	Lc
49	18	Lc
49	19	Lc
49	20	Lc
49	21	Lc
49	22	Uc
49	23	Uc
49	24	L
49	25	Lc
49	26	L
49	27	L
49	28	-1
49	29	-1
49	30	L
49	31	L
49	32	Lc
49	33	Lc
49	34	Lc
49	35	Lc
49	36	Lc
49	37	Lc
49	38	Lc
49	39	Lc
49	40	Lc
49	41	L
49	42	L
49	43	L
49	44	-1
49	45	-1
49	46	-1
49	47	U
49	48	Lc
49	49	-1
49	50	L
49	51	-1
49	52	-1
49	53	-1
49	54	L
49	55	L
49	56	Lc
49	57	Lc
49	58	Lc
49	59	Lc
49	60	Lc
49	61	L
49	62	Lc
49	63	Lc
49	64	Lc
49	65	L
49	66	L
49	67	L
49	68	Lc
49	69	Lc
49	70	Lc
49	71	-1
49	72	Lc
49	73	Lc
49	74	Lc
49	75	Lc
49	76	Lc
49	77	Lc
49	78	Lc
49	79	Lc
49	80	Lc
49	81	Lc
49	82	Lc
49	83	Lc
49	84	-1
49	85	Lc
49	86	-1
49	87	Lc
49	88	-1
49	89	Lc
49	90	L
49	91	Lc
49	92	Lc
49	93	-1
49	94	L
49	95	L
49	96	L
49	97	L
49	98	-1
49	99	L
49	100	L
49	101	L
49	102	Lc
49	103	-1
49	104	Uc
49	105	Uc
49	106	-1
49	107	Lc
49	108	-1
49	109	Uc
49	110	Uc
49	111	-1
49	112	Lc
49	113	-1
49	114	Lc
49	115	Uc
49	116	Lc
49	117	Lc
49	118	Lc
49	119	-1
50	0	Lc
50	1	Lc
50	2	-1
50	3	Lc
50	4	Lc
50	5	Lc
50	6	Lc
50	7	Lc
50	8	Lc
50	9	Lc
50	10	Lc
50	11	Lc
50	12	-1
50	13	Lc
50	14	Lc
50	15	Lc
50	16	Lc
50	17	Lc
50	18	Lc
50	19	Lc
50	20	Lc
50	21	Lc
50	22	Lc
50	23	Uc
50	24	L
50	25	L
50	26	Uc
50	27	Uc
50	28	Lc
50	29	Lc
50	30	Lc
50	31	-1
50	32	L
50	33	Lc
50	34	-1
50	35	Lc
50	36	Lc
50	37	Lc
50	38	Lc
50	39	L
50	40	-1
50	41	L
50	42	L
50	43	L
50	44	L
50	45	U
50	46	U
50	47	-1
50	48	Lc
50	49	Lc
50	50	Lc
50	51	Lc
50	52	L
50	53	-1
50	54	Lc
50	55	-1
50	56	-1
50	57	Lc
50	58	Lc
50	59	-1
50	60	-1
50	61	-1
50	62	Lc
50	63	Lc
50	64	L
50	65	-1
50	66	L
50	67	Lc
50	68	Lc
50	69	Lc
50	70	Lc
50	71	Lc
50	72	-1
50	73	Lc
50	74	Lc
50	75	Lc
50	76	-1
50	77	Lc
50	78	-1
50	79	Lc
50	80	-1
50	81	Lc
50	82	Lc
50	83	Lc
50	84	Lc
50	85	Lc
50	86	-1
50	87	Lc
50	88	Lc
50	89	L
50	90	-1
50	91	Lc
50	92	Uc
50	93	-1
50	94	Lc
50	95	Lc
50	96	L
50	97	L
50	98	L
50	99	L
50	100	L
50	101	-1
50	102	Lc
50	103	Lc
50	104	-1
50	105	Uc
50	106	Uc
50	107	Uc
50	108	-1
50	109	Lc
50	110	Uc
50	111	Uc
50	112	Uc
50	113	Lc
50	114	-1
50	115	Lc
50	116	-1
50	117	Lc
50	118	Lc
50	119	Lc
51	0	Lc
51	1	-1
51	2	Lc
51	3	Lc
51	4	Lc
51	5	Lc
51	6	L
51	7	Lc
51	8	Lc
51	9	Lc
51	10	L
51	11	Lc
51	12	Lc
51	13	Lc
51	14	Lc
51	15	Lc
51	16	Lc
51	17	Lc
51	18	Lc
51	19	Lc
51	20	-1
51	21	Lc
51	22	Lc
51	23	-1
51	24	L
51	25	L
51	26	-1
51	27	-1
51	28	-1
51	29	-1
51	30	Lc
51	31	Lc
51	32	Lc
51	33	Lc
51	34	-1
51	35	Lc
51	36	Lc
51	37	Lc
51	38	Lc
51	39	Lc
51	40	L
51	41	L
51	42	-1
51	43	L
51	44	L
51	45	L
51	46	-1
51	47	Lc
51	48	Lc
51	49	Lc
51	50	Lc
51	51	L
51	52	-1
51	53	-1
51	54	Uc
51	55	Lc
51	56	Lc
51	57	Lc
51	58	Lc
51	59	Lc
51	60	Lc
51	61	Uc
51	62	Lc
51	63	Lc
51	64	L
51	65	L
51	66	L
51	67	Lc
51	68	-1
51	69	Lc
51	70	Lc
51	71	Lc
51	72	-1
51	73	Lc
51	74	Lc
51	75	Lc
51	76	Lc
51	77	-1
51	78	Lc
51	79	Lc
51	80	Lc
51	81	-1
51	82	Lc
51	83	-1
51	84	Lc
51	85	Lc
51	86	Lc
51	87	Lc
51	88	L
51	89	-1
51	90	Lc
51	91	Lc
51	92	Uc
51	93	Uc
51	94	Uc
51	95	Uc
51	96	L
51	97	-1
51	98	L
51	99	L
51	100	L
51	101	Lc
51	102	L
51	103	-1
51	104	Uc
51	105	-1
51	106	Lc
51	107	Uc
51	108	Uc
51	109	Lc
51	110	Uc
51	111	Uc
51	112	-1
51	113	Uc
51	114	-1
51	115	Lc
51	116	Lc
51	117	-1
51	118	Lc
51	119	-1
52	0	Lc
52	1	-1
52	2	Lc
52	3	-1
52	4	Lc
52	5	-1
52	6	L
52	7	L
52	8	-1
52	9	L
52	10	-1
52	11	L
52	12	L
52	13	Lc
52	14	-1
52	15	Lc
52	16	Lc
52	17	-1
52	18	L
52	19	Lc
52	20	-1
52	21	Lc
52	22	Lc
52	23	Lc
52	24	L
52	25	Lc
52	26	-1
52	27	-1
52	28	Lc
52	29	-1
52	30	-1
52	31	Lc
52	32	Lc
52	33	-1
52	34	Lc
52	35	-1
52	36	Lc
52	37	Lc
52	38	Lc
52	39	Lc
52	40	L
52	41	L
52	42	L
52	43	L
52	44	L
52	45	L
52	46	L
52	47	Lc
52	48	Lc
52	49	Lc
52	50	Lc
52	51	Uc
52	52	Uc
52	53	Lc
52	54	-1
52	55	Lc
52	56	Lc
52	57	-1
52	58	-1
52	59	Uc
52	60	Uc
52	61	Uc
52	62	Uc
52	63	Lc
52	64	Lc
52	65	Lc
52	66	Lc
52	67	L
52	68	-1
52	69	-1
52	70	Lc
52	71	Lc
52	72	-1
52	73	Lc
52	74	Lc
52	75	Lc
52	76	-1
52	77	-1
52	78	-1
52	79	Lc
52	80	Lc
52	81	Lc
52	82	Lc
52	83	-1
52	84	Lc
52	85	Lc
52	86	-1
52	87	Lc
52	88	-1
52	89	L
52	90	Lc
52	91	-1
52	92	Lc
52	93	Lc
52	94	Lc
52	95	Uc
52	96	Lc
52	97	-1
52	98	L
52	99	L
52	100	Lc
52	101	L
52	102	Uc
52	103	-1
52	104	Lc
52	105	Uc
52	106	Lc
52	107	Lc
52	108	-1
52	109	Uc
52	110	-1
52	111	Uc
52	112	-1
52	113	Lc
52	114	Lc
52	115	Lc
52	116	Lc
52	117	Lc
52	118	Uc
52	119	Lc
53	0	Lc
53	1	Lc
53	2	-1
53	3	Lc
53	4	L
53	5	U
53	6	L
53	7	L
53	8	-1
53	9	Lc
53	10	-1
53	11	L
53	12	L
53	13	L
53	14	L
53	15	Lc
53	16	Lc
53	17	Lc
53	18	-1
53	19	Lc
53	20	-1
53	21	Lc
53	22	Lc
53	23	Lc
53	24	Lc
53	25	Lc
53	26	-1
53	27	-1
53	28	Lc
53	29	Lc
53	30	Lc
53	31	Lc
53	32	Lc
53	33	Lc
53	34	-1
53	35	Lc
53	36	Lc
53	37	Uc
53	38	Lc
53	39	Lc
53	40	L
53	41	-1
53	42	-1
53	43	L
53	44	L
53	45	-1
53	46	L
53	47	-1
53	48	Lc
53	49	Lc
53	50	L
53	51	Lc
53	52	Uc
53	53	Lc
53	54	Lc
53	55	L
53	56	L
53	57	L
53	58	Lc
53	59	-1
53	60	Uc
53	61	U
53	62	-1
53	63	Lc
53	64	Lc
53	65	Lc
53	66	U
53	67	-1
53	68	Lc
53	69	Lc
53	70	Lc
53	71	Lc
53	72	Lc
53	73	Lc
53	74	Lc
53	75	Lc
53	76	Lc
53	77	Lc
53	78	-1
53	79	Lc
53	80	-1
53	81	Lc
53	82	Lc
53	83	Lc
53	84	-1
53	85	Lc
53	86	Lc
53	87	Lc
53	88	L
53	89	Lc
53	90	Lc
53	91	Uc
53	92	Lc
53	93	-1
53	94	Lc
53	95	Lc
53	96	L
53	97	L
53	98	Lc
53	99	Lc
53	100	L
53	101	L
53	102	L
53	103	Uc
53	104	-1
53	105	Uc
53	106	-1
53	107	Lc
53	108	Lc
53	109	Lc
53	110	Lc
53	111	Uc
53	112	Lc
53	113	-1
53	114	-1
53	115	Lc
53	116	Lc
53	117	Lc
53	118	Lc
53	119	Lc
54	0	Lc
54	1	Lc
54	2	Lc
54	3	Lc
54	4	Lc
54	5	-1
54	6	L
54	7	Lc
54	8	L
54	9	Lc
54	10	L
54	11	L
54	12	L
54	13	L
54	14	L
54	15	Lc
54	16	Lc
54	17	Lc
54	18	Lc
54	19	Lc
54	20	Lc
54	21	Lc
54	22	L
54	23	Lc
54	24	Lc
54	25	Lc
54	26	Uc
54	27	Lc
54	28	Lc
54	29	Lc
54	30	Lc
54	31	-1
54	32	Lc
54	33	Lc
54	34	Lc
54	35	Lc
54	36	Lc
54	37	Lc
54	38	Lc
54	39	Lc
54	40	-1
54	41	L
54	42	L
54	43	-1
54	44	L
54	45	L
54	46	L
54	47	L
54	48	L
54	49	-1
54	50	L
54	51	Lc
54	52	L
54	53	L
54	54	L
54	55	L
54	56	L
54	57	Lc
54	58	U
54	59	U
54	60	U
54	61	U
54	62	Lc
54	63	L
54	64	U
54	65	U
54	66	U
54	67	U
54	68	-1
54	69	Lc
54	70	Lc
54	71	Lc
54	72	-1
54	73	Lc
54	74	Lc
54	75	Lc
54	76	-1
54	77	Lc
54	78	Lc
54	79	L
54	80	Lc
54	81	Lc
54	82	-1
54	83	-1
54	84	-1
54	85	Lc
54	86	Lc
54	87	Lc
54	88	-1
54	89	-1
54	90	-1
54	91	Lc
54	92	Lc
54	93	Lc
54	94	Lc
54	95	-1
54	96	Lc
54	97	Lc
54	98	L
54	99	L
54	100	-1
54	101	L
54	102	Lc
54	103	Uc
54	104	Lc
54	105	Lc
54	106	Lc
54	107	Lc
54	108	Lc
54	109	Lc
54	110	Lc
54	111	Lc
54	112	Lc
54	113	Lc
54	114	Lc
54	115	Lc
54	116	Lc
54	117	Lc
54	118	-1
54	119	Lc
55	0	Lc
55	1	Lc
55	2	Lc
55	3	-1
55	4	Lc
55	5	Lc
55	6	Lc
55	7	L
55	8	Lc
55	9	-1
55	10	-1
55	11	Lc
55	12	L
55	13	L
55	14	Lc
55	15	Lc
55	16	-1
55	17	-1
55	18	-1
55	19	Lc
55	20	Lc
55	21	L
55	22	-1
55	23	L
55	24	-1
55	25	-1
55	26	Lc
55	27	Lc
55	28	Lc
55	29	Lc
55	30	Lc
55	31	Lc
55	32	Lc
55	33	Lc
55	34	Lc
55	35	Lc
55	36	Lc
55	37	-1
55	38	L
55	39	Lc
55	40	-1
55	41	L
55	42	-1
55	43	L
55	44	L
55	45	L
55	46	L
55	47	L
55	48	L
55	49	L
55	50	U
55	51	L
55	52	U
55	53	U
55	54	L
55	55	L
55	56	L
55	57	Lc
55	58	L
55	59	U
55	60	U
55	61	U
55	62	-1
55	63	Lc
55	64	Lc
55	65	Lc
55	66	-1
55	67	Lc
55	68	Lc
55	69	U
55	70	Lc
55	71	-1
55	72	L
55	73	L
55	74	-1
55	75	Lc
55	76	Lc
55	77	Lc
55	78	Lc
55	79	-1
55	80	Lc
55	81	Lc
55	82	Lc
55	83	Lc
55	84	Lc
55	85	Lc
55	86	Lc
55	87	Lc
55	88	Lc
55	89	Lc
55	90	-1
55	91	L
55	92	-1
55	93	L
55	94	Lc
55	95	Lc
55	96	Lc
55	97	Lc
55	98	-1
55	99	L
55	100	-1
55	101	Lc
55	102	Uc
55	103	Uc
55	104	Lc
55	105	Lc
55	106	Uc
55	107	Lc
55	108	Lc
55	109	-1
55	110	-1
55	111	-1
55	112	-1
55	113	Lc
55	114	Lc
55	115	Lc
55	116	Lc
55	117	Lc
55	118	Lc
55	119	Lc
56	0	Lc
56	1	Lc
56	2	Lc
56	3	Uc
56	4	Lc
56	5	Lc
56	6	L
56	7	Lc
56	8	Lc
56	9	Lc
56	10	Lc
56	11	Lc
56	12	Lc
56	13	Lc
56	14	Lc
56	15	Lc
56	16	-1
56	17	Lc
56	18	-1
56	19	Lc
56	20	Lc
56	21	Lc
56	22	Lc
56	23	-1
56	24	L
56	25	-1
56	26	Lc
56	27	Lc
56	28	Lc
56	29	-1
56	30	L
56	31	Lc
56	32	Lc
56	33	Lc
56	34	Lc
56	35	Lc
56	36	Lc
56	37	Lc
56	38	Lc
56	39	-1
56	40	L
56	41	L
56	42	L
56	43	L
56	44	L
56	45	L
56	46	L
56	47	L
56	48	U
56	49	U
56	50	U
56	51	U
56	52	U
56	53	U
56	54	L
56	55	L
56	56	Lc
56	57	L
56	58	L
56	59	L
56	60	-1
56	61	U
56	62	U
56	63	Lc
56	64	Lc
56	65	U
56	66	Lc
56	67	Lc
56	68	Lc
56	69	Lc
56	70	Lc
56	71	L
56	72	L
56	73	-1
56	74	-1
56	75	-1
56	76	L
56	77	Lc
56	78	Lc
56	79	-1
56	80	Lc
56	81	Lc
56	82	Lc
56	83	Lc
56	84	Lc
56	85	-1
56	86	Lc
56	87	Lc
56	88	Lc
56	89	Lc
56	90	Lc
56	91	Lc
56	92	-1
56	93	Lc
56	94	-1
56	95	L
56	96	Lc
56	97	L
56	98	L
56	99	L
56	100	Lc
56	101	-1
56	102	-1
56	103	L
56	104	-1
56	105	Lc
56	106	Lc
56	107	Lc
56	108	Lc
56	109	Lc
56	110	Lc
56	111	Lc
56	112	Lc
56	113	Lc
56	114	Lc
56	115	-1
56	116	Lc
56	117	Lc
56	118	-1
56	119	Lc
57	0	-1
57	1	-1
57	2	Lc
57	3	Lc
57	4	Lc
57	5	L
57	6	Lc
57	7	Lc
57	8	Lc
57	9	-1
57	10	Lc
57	11	Lc
57	12	L
57	13	L
57	14	Lc
57	15	-1
57	16	Lc
57	17	Lc
57	18	Lc
57	19	-1
57	20	Lc
57	21	Lc
57	22	Lc
57	23	Lc
57	24	Lc
57	25	-1
57	26	L
57	27	L
57	28	Lc
57	29	Lc
57	30	Lc
57	31	-1
57	32	Lc
57	33	Lc
57	34	Lc
57	35	Lc
57	36	Lc
57	37	L
57	38	Lc
57	39	-1
57	40	L
57	41	L
57	42	L
57	43	-1
57	44	L
57	45	L
57	46	L
57	47	L
57	48	L
57	49	-1
57	50	U
57	51	Lc
57	52	U
57	53	Lc
57	54	Lc
57	55	Lc
57	56	L
57	57	-1
57	58	-1
57	59	-1
57	60	L
57	61	-1
57	62	Lc
57	63	U
57	64	U
57	65	Lc
57	66	Lc
57	67	Lc
57	68	U
57	69	-1
57	70	-1
57	71	-1
57	72	Lc
57	73	L
57	74	Lc
57	75	L
57	76	Lc
57	77	L
57	78	Lc
57	79	Lc
57	80	Lc
57	81	Lc
57	82	Lc
57	83	Lc
57	84	Lc
57	85	Lc
57	86	Lc
57	87	Lc
57	88	Lc
57	89	Lc
57	90	Lc
57	91	Lc
57	92	L
57	93	Lc
57	94	Lc
57	95	-1
57	96	L
57	97	L
57	98	L
57	99	Lc
57	100	L
57	101	Lc
57	102	L
57	103	L
57	104	-1
57	105	Uc
57	106	Uc
57	107	-1
57	108	Lc
57	109	Lc
57	110	-1
57	111	Lc
57	112	Lc
57	113	Lc
57	114	Lc
57	115	Lc
57	116	Lc
57	117	Lc
57	118	Lc
57	119	Lc
58	0	Lc
58	1	Lc
58	2	Lc
58	3	Lc
58	4	Lc
58	5	Lc
58	6	Lc
58	7	Lc
58	8	Lc
58	9	Lc
58	10	-1
58	11	U
58	12	U
58	13	L
58	14	L
58	15	Lc
58	16	-1
58	17	Lc
58	18	Lc
58	19	Lc
58	20	Lc
58	21	Lc
58	22	Lc
58	23	Lc
58	24	Lc
58	25	L
58	26	L
58	27	L
58	28	L
58	29	L
58	30	L
58	31	L
58	32	-1
58	33	Lc
58	34	L
58	35	L
58	36	L
58	37	Lc
58	38	-1
58	39	L
58	40	-1
58	41	L
58	42	L
58	43	L
58	44	-1
58	45	L
58	46	L
58	47	L
58	48	U
58	49	-1
58	50	L
58	51	L
58	52	Lc
58	53	Lc
58	54	Lc
58	55	Lc
58	56	Lc
58	57	-1
58	58	L
58	59	L
58	60	L
58	61	-1
58	62	Lc
58	63	U
58	64	U
58	65	-1
58	66	-1
58	67	U
58	68	U
58	69	U
58	70	Lc
58	71	Lc
58	72	Lc
58	73	Lc
58	74	L
58	75	Lc
58	76	Lc
58	77	Lc
58	78	Lc
58	79	Lc
58	80	Lc
58	81	Lc
58	82	Lc
58	83	Lc
58	84	Lc
58	85	Lc
58	86	Lc
58	87	Lc
58	88	Lc
58	89	Lc
58	90	-1
58	91	L
58	92	Lc
58	93	Lc
58	94	Lc
58	95	Lc
58	96	Lc
58	97	L
58	98	-1
58	99	Lc
58	100	L
58	101	-1
58	102	L
58	103	Uc
58	104	Uc
58	105	Uc
58	106	Lc
58	107	Lc
58	108	Lc
58	109	-1
58	110	Lc
58	111	Lc
58	112	Lc
58	113	Lc
58	114	Lc
58	115	Lc
58	116	Lc
58	117	Lc
58	118	Lc
58	119	Lc
59	0	Lc
59	1	-1
59	2	-1
59	3	Lc
59	4	Lc
59	5	-1
59	6	-1
59	7	-1
59	8	Lc
59	9	Lc
59	10	Lc
59	11	Lc
59	12	Lc
59	13	-1
59	14	L
59	15	L
59	16	L
59	17	-1
59	18	Lc
59	19	Lc
59	20	Lc
59	21	-1
59	22	Lc
59	23	Lc
59	24	Lc
59	25	Lc
59	26	L
59	27	L
59	28	L
59	29	-1
59	30	L
59	31	L
59	32	Lc
59	33	L
59	34	Lc
59	35	Lc
59	36	L
59	37	Lc
59	38	L
59	39	Lc
59	40	L
59	41	L
59	42	L
59	43	L
59	44	L
59	45	L
59	46	-1
59	47	L
59	48	L
59	49	Lc
59	50	L
59	51	Lc
59	52	-1
59	53	Lc
59	54	Lc
59	55	Lc
59	56	Lc
59	57	Lc
59	58	Lc
59	59	L
59	60	-1
59	61	L
59	62	Lc
59	63	-1
59	64	Lc
59	65	-1
59	66	U
59	67	L
59	68	U
59	69	U
59	70	U
59	71	Lc
59	72	-1
59	73	-1
59	74	-1
59	75	-1
59	76	Lc
59	77	Lc
59	78	Lc
59	79	Lc
59	80	Lc
59	81	Lc
59	82	Lc
59	83	Lc
59	84	Lc
59	85	Lc
59	86	Lc
59	87	Lc
59	88	-1
59	89	L
59	90	L
59	91	L
59	92	L
59	93	L
59	94	L
59	95	Lc
59	96	-1
59	97	-1
59	98	-1
59	99	-1
59	100	-1
59	101	L
59	102	-1
59	103	-1
59	104	Uc
59	105	Uc
59	106	Lc
59	107	Lc
59	108	Lc
59	109	Lc
59	110	Lc
59	111	-1
59	112	Lc
59	113	Lc
59	114	Lc
59	115	-1
59	116	-1
59	117	Lc
59	118	Lc
59	119	-1
60	0	Lc
60	1	Lc
60	2	-1
60	3	Lc
60	4	Lc
60	5	Lc
60	6	Lc
60	7	Lc
60	8	Lc
60	9	L
60	10	Lc
60	11	Lc
60	12	Lc
60	13	-1
60	14	L
60	15	L
60	16	L
60	17	Lc
60	18	-1
60	19	-1
60	20	Lc
60	21	-1
60	22	-1
60	23	Lc
60	24	Lc
60	25	-1
60	26	L
60	27	L
60	28	L
60	29	-1
60	30	-1
60	31	L
60	32	L
60	33	-1
60	34	Lc
60	35	Lc
60	36	L
60	37	-1
60	38	Lc
60	39	L
60	40	L
60	41	L
60	42	L
60	43	L
60	44	L
60	45	-1
60	46	L
60	47	L
60	48	Lc
60	49	Lc
60	50	Lc
60	51	-1
60	52	-1
60	53	-1
60	54	L
60	55	Lc
60	56	Lc
60	57	Lc
60	58	Lc
60	59	L
60	60	L
60	61	Lc
60	62	Lc
60	63	Lc
60	64	U
60	65	U
60	66	L
60	67	L
60	68	L
60	69	U
60	70	U
60	71	Lc
60	72	Lc
60	73	Lc
60	74	-1
60	75	Lc
60	76	Lc
60	77	Lc
60	78	-1
60	79	Lc
60	80	Lc
60	81	Lc
60	82	Lc
60	83	Lc
60	84	-1
60	85	L
60	86	Lc
60	87	L
60	88	L
60	89	L
60	90	L
60	91	L
60	92	-1
60	93	L
60	94	Lc
60	95	-1
60	96	Lc
60	97	L
60	98	Lc
60	99	L
60	100	L
60	101	-1
60	102	-1
60	103	Uc
60	104	-1
60	105	-1
60	106	Lc
60	107	-1
60	108	Lc
60	109	Lc
60	110	Lc
60	111	Lc
60	112	Lc
60	113	-1
60	114	-1
60	115	Lc
60	116	Lc
60	117	Lc
60	118	Lc
60	119	Lc
61	0	Lc
61	1	Lc
61	2	Lc
61	3	-1
61	4	-1
61	5	Lc
61	6	Lc
61	7	L
61	8	L
61	9	Lc
61	10	Lc
61	11	L
61	12	L
61	13	L
61	14	L
61	15	L
61	16	-1
61	17	-1
61	18	Lc
61	19	Lc
61	20	Lc
61	21	Lc
61	22	Lc
61	23	Lc
61	24	Lc
61	25	Lc
61	26	Lc
61	27	Lc
61	28	Lc
61	29	Lc
61	30	-1
61	31	L
61	32	L
61	33	-1
61	34	-1
61	35	L
61	36	U
61	37	U
61	38	L
61	39	L
61	40	-1
61	41	L
61	42	-1
61	43	L
61	44	L
61	45	L
61	46	L
61	47	L
61	48	L
61	49	-1
61	50	L
61	51	Lc
61	52	-1
61	53	-1
61	54	Lc
61	55	L
61	56	L
61	57	-1
61	58	Lc
61	59	-1
61	60	Lc
61	61	-1
61	62	-1
61	63	Lc
61	64	U
61	65	U
61	66	U
61	67	L
61	68	L
61	69	-1
61	70	Lc
61	71	-1
61	72	Lc
61	73	Lc
61	74	Lc
61	75	Lc
61	76	Lc
61	77	Lc
61	78	Lc
61	79	Lc
61	80	Lc
61	81	Lc
61	82	Lc
61	83	Lc
61	84	L
61	85	Lc
61	86	L
61	87	L
61	88	L
61	89	Lc
61	90	Lc
61	91	Lc
61	92	L
61	93	Lc
61	94	L
61	95	Lc
61	96	-1
61	97	Lc
61	98	-1
61	99	L
61	100	Lc
61	101	L
61	102	L
61	103	Lc
61	104	-1
61	105	Lc
61	106	Lc
61	107	Lc
61	108	Lc
61	109	U
61	110	U
61	111	U
61	112	Lc
61	113	Lc
61	114	Lc
61	115	Lc
61	116	Lc
61	117	Lc
61	118	Lc
61	119	Lc
62	0	-1
62	1	Lc
62	2	Lc
62	3	Lc
62	4	-1
62	5	Lc
62	6	Lc
62	7	L
62	8	Lc
62	9	L
62	10	Lc
62	11	Lc
62	12	-1
62	13	L
62	14	-1
62	15	-1
62	16	Lc
62	17	Lc
62	18	-1
62	19	Lc
62	20	Lc
62	21	Lc
62	22	Lc
62	23	-1
62	24	-1
62	25	-1
62	26	Lc
62	27	-1
62	28	Lc
62	29	Lc
62	30	Lc
62	31	Lc
62	32	L
62	33	L
62	34	L
62	35	L
62	36	U
62	37	L
62	38	U
62	39	-1
62	40	-1
62	41	-1
62	42	L
62	43	-1
62	44	-1
62	45	L
62	46	L
62	47	L
62	48	L
62	49	L
62	50	L
62	51	L
62	52	-1
62	53	L
62	54	-1
62	55	L
62	56	L
62	57	L
62	58	Lc
62	59	Lc
62	60	L
62	61	-1
62	62	Lc
62	63	L
62	64	L
62	65	L
62	66	-1
62	67	-1
62	68	Lc
62	69	-1
62	70	-1
62	71	-1
62	72	Lc
62	73	Lc
62	74	Lc
62	75	Lc
62	76	Lc
62	77	Lc
62	78	Lc
62	79	Lc
62	80	Lc
62	81	Lc
62	82	-1
62	83	L
62	84	L
62	85	L
62	86	-1
62	87	-1
62	88	-1
62	89	-1
62	90	L
62	91	-1
62	92	L
62	93	Lc
62	94	Lc
62	95	L
62	96	-1
62	97	Lc
62	98	Lc
62	99	Lc
62	100	Lc
62	101	Lc
62	102	Lc
62	103	Lc
62	104	Lc
62	105	Lc
62	106	Lc
62	107	Lc
62	108	Lc
62	109	U
62	110	U
62	111	U
62	112	U
62	113	Lc
62	114	Lc
62	115	Lc
62	116	Lc
62	117	Lc
62	118	Lc
62	119	Lc
63	0	-1
63	1	Lc
63	2	Lc
63	3	Lc
63	4	-1
63	5	Lc
63	6	Lc
63	7	-1
63	8	Lc
63	9	Lc
63	10	Lc
63	11	Lc
63	12	L
63	13	Lc
63	14	-1
63	15	-1
63	16	-1
63	17	Lc
63	18	Lc
63	19	-1
63	20	L
63	21	L
63	22	U
63	23	-1
63	24	-1
63	25	Lc
63	26	Lc
63	27	L
63	28	L
63	29	Lc
63	30	L
63	31	-1
63	32	L
63	33	-1
63	34	L
63	35	L
63	36	L
63	37	U
63	38	L
63	39	L
63	40	-1
63	41	L
63	42	L
63	43	L
63	44	L
63	45	L
63	46	L
63	47	L
63	48	Lc
63	49	L
63	50	L
63	51	L
63	52	L
63	53	L
63	54	L
63	55	-1
63	56	Lc
63	57	Lc
63	58	Lc
63	59	L
63	60	L
63	61	L
63	62	L
63	63	L
63	64	L
63	65	L
63	66	U
63	67	-1
63	68	Lc
63	69	-1
63	70	Lc
63	71	-1
63	72	Lc
63	73	Lc
63	74	-1
63	75	Lc
63	76	Lc
63	77	Lc
63	78	Lc
63	79	Lc
63	80	L
63	81	L
63	82	Lc
63	83	Lc
63	84	L
63	85	-1
63	86	L
63	87	L
63	88	L
63	89	Lc
63	90	L
63	91	L
63	92	Lc
63	93	-1
63	94	Lc
63	95	L
63	96	Lc
63	97	Lc
63	98	-1
63	99	Lc
63	100	Lc
63	101	Lc
63	102	Lc
63	103	Lc
63	104	Lc
63	105	Lc
63	106	Lc
63	107	-1
63	108	Lc
63	109	U
63	110	Lc
63	111	Lc
63	112	Lc
63	113	Lc
63	114	Lc
63	115	Lc
63	116	Lc
63	117	Lc
63	118	-1
63	119	Lc
64	0	Lc
64	1	Lc
64	2	Lc
64	3	Lc
64	4	-1
64	5	-1
64	6	Lc
64	7	Lc
64	8	Lc
64	9	L
64	10	Lc
64	11	L
64	12	L
64	13	Lc
64	14	L
64	15	U
64	16	L
64	17	L
64	18	U
64	19	U
64	20	U
64	21	L
64	22	-1
64	23	L
64	24	Lc
64	25	Lc
64	26	Lc
64	27	L
64	28	Lc
64	29	Lc
64	30	-1
64	31	Lc
64	32	L
64	33	Lc
64	34	L
64	35	L
64	36	-1
64	37	-1
64	38	L
64	39	-1
64	40	-1
64	41	L
64	42	L
64	43	L
64	44	-1
64	45	L
64	46	L
64	47	Lc
64	48	Lc
64	49	-1
64	50	L
64	51	L
64	52	L
64	53	L
64	54	Lc
64	55	Lc
64	56	Lc
64	57	Lc
64	58	Lc
64	59	L
64	60	-1
64	61	L
64	62	Lc
64	63	L
64	64	L
64	65	Lc
64	66	L
64	67	-1
64	68	L
64	69	Lc
64	70	Lc
64	71	Lc
64	72	-1
64	73	-1
64	74	Lc
64	75	Lc
64	76	-1
64	77	Lc
64	78	Lc
64	79	Lc
64	80	-1
64	81	Lc
64	82	-1
64	83	Lc
64	84	Lc
64	85	Lc
64	86	L
64	87	-1
64	88	L
64	89	-1
64	90	L
64	91	L
64	92	-1
64	93	L
64	94	Lc
64	95	Lc
64	96	Lc
64	97	Lc
64	98	Lc
64	99	Lc
64	100	-1
64	101	Lc
64	102	Lc
64	103	Lc
64	104	Lc
64	105	-1
64	106	-1
64	107	Lc
64	108	Lc
64	109	Lc
64	110	Lc
64	111	-1
64	112	Lc
64	113	Lc
64	114	Lc
64	115	Lc
64	116	Lc
64	117	-1
64	118	Lc
64	119	Lc
65	0	Lc
65	1	Lc
65	2	Lc
65	3	Lc
65	4	-1
65	5	Lc
65	6	Lc
65	7	Lc
65	8	Lc
65	9	-1
65	10	Lc
65	11	-1
65	12	-1
65	13	-1
65	14	L
65	15	-1
65	16	-1
65	17	Lc
65	18	L
65	19	L
65	20	L
65	21	L
65	22	Lc
65	23	Lc
65	24	Lc
65	25	Lc
65	26	Lc
65	27	Lc
65	28	Lc
65	29	Uc
65	30	-1
65	31	-1
65	32	Lc
65	33	-1
65	34	L
65	35	L
65	36	L
65	37	-1
65	38	L
65	39	-1
65	40	L
65	41	-1
65	42	-1
65	43	L
65	44	-1
65	45	L
65	46	Lc
65	47	Lc
65	48	Lc
65	49	L
65	50	-1
65	51	L
65	52	-1
65	53	Lc
65	54	Lc
65	55	Lc
65	56	Lc
65	57	Lc
65	58	Lc
65	59	Lc
65	60	-1
65	61	L
65	62	Lc
65	63	L
65	64	-1
65	65	-1
65	66	Lc
65	67	Lc
65	68	Lc
65	69	Lc
65	70	Lc
65	71	Lc
65	72	Lc
65	73	Lc
65	74	-1
65	75	Lc
65	76	-1
65	77	-1
65	78	Lc
65	79	Lc
65	80	Lc
65	81	Lc
65	82	Lc
65	83	Lc
65	84	Lc
65	85	Lc
65	86	L
65	87	-1
65	88	L
65	89	-1
65	90	L
65	91	L
65	92	L
65	93	Lc
65	94	L
65	95	Lc
65	96	Lc
65	97	Lc
65	98	Lc
65	99	Lc
65	100	L
65	101	L
65	102	Lc
65	103	Lc
65	104	-1
65	105	Lc
65	106	Lc
65	107	Lc
65	108	-1
65	109	Uc
65	110	-1
65	111	Lc
65	112	Lc
65	113	-1
65	114	Lc
65	115	Lc
65	116	-1
65	117	Lc
65	118	Lc
65	119	Lc
66	0	Lc
66	1	Lc
66	2	Lc
66	3	Lc
66	4	-1
66	5	L
66	6	Lc
66	7	Lc
66	8	Lc
66	9	Lc
66	10	Lc
66	11	-1
66	12	Lc
66	13	-1
66	14	L
66	15	L
66	16	L
66	17	-1
66	18	L
66	19	-1
66	20	L
66	21	L
66	22	-1
66	23	L
66	24	Lc
66	25	Lc
66	26	Lc
66	27	Lc
66	28	-1
66	29	Uc
66	30	L
66	31	L
66	32	-1
66	33	L
66	34	L
66	35	L
66	36	L
66	37	Lc
66	38	Lc
66	39	-1
66	40	L
66	41	-1
66	42	L
66	43	L
66	44	L
66	45	L
66	46	Lc
66	47	L
66	48	Lc
66	49	-1
66	50	-1
66	51	L
66	52	L
66	53	Lc
66	54	Lc
66	55	-1
66	56	-1
66	57	L
66	58	L
66	59	L
66	60	L
66	61	L
66	62	-1
66	63	Lc
66	64	L
66	65	Lc
66	66	L
66	67	-1
66	68	Lc
66	69	Lc
66	70	Lc
66	71	Lc
66	72	-1
66	73	Lc
66	74	Lc
66	75	Lc
66	76	Lc
66	77	Lc
66	78	Lc
66	79	Lc
66	80	Lc
66	81	Lc
66	82	-1
66	83	-1
66	84	L
66	85	-1
66	86	Lc
66	87	L
66	88	Lc
66	89	Lc
66	90	Lc
66	91	L
66	92	Lc
66	93	Lc
66	94	Lc
66	95	Lc
66	96	Lc
66	97	Lc
66	98	Lc
66	99	Lc
66	100	-1
66	101	L
66	102	L
66	103	L
66	104	L
66	105	Lc
66	106	Lc
66	107	-1
66	108	-1
66	109	Lc
66	110	Lc
66	111	-1
66	112	Lc
66	113	U
66	114	L
66	115	Lc
66	116	-1
66	117	Lc
66	118	Lc
66	119	Lc
67	0	Lc
67	1	Lc
67	2	Lc
67	3	Lc
67	4	Lc
67	5	Lc
67	6	Lc
67	7	-1
67	8	-1
67	9	Lc
67	10	-1
67	11	Lc
67	12	Lc
67	13	Lc
67	14	L
67	15	L
67	16	L
67	17	-1
67	18	-1
67	19	L
67	20	L
67	21	L
67	22	U
67	23	L
67	24	L
67	25	Lc
67	26	L
67	27	-1
67	28	L
67	29	L
67	30	L
67	31	L
67	32	L
67	33	L
67	34	Lc
67	35	-1
67	36	L
67	37	L
67	38	L
67	39	L
67	40	L
67	41	L
67	42	L
67	43	L
67	44	L
67	45	L
67	46	L
67	47	L
67	48	U
67	49	L
67	50	-1
67	51	L
67	52	L
67	53	-1
67	54	L
67	55	L
67	56	L
67	57	L
67	58	L
67	59	L
67	60	L
67	61	L
67	62	Lc
67	63	Lc
67	64	Lc
67	65	Lc
67	66	-1
67	67	L
67	68	L
67	69	Lc
67	70	Lc
67	71	-1
67	72	Lc
67	73	Lc
67	74	Lc
67	75	-1
67	76	-1
67	77	Lc
67	78	Lc
67	79	Lc
67	80	Lc
67	81	Lc
67	82	Lc
67	83	Lc
67	84	Lc
67	85	L
67	86	Lc
67	87	Lc
67	88	L
67	89	Lc
67	90	-1
67	91	Lc
67	92	Lc
67	93	Lc
67	94	-1
67	95	Lc
67	96	Lc
67	97	-1
67	98	L
67	99	Lc
67	100	-1
67	101	L
67	102	L
67	103	L
67	104	-1
67	105	-1
67	106	-1
67	107	Lc
67	108	Lc
67	109	-1
67	110	Lc
67	111	Lc
67	112	-1
67	113	Lc
67	114	L
67	115	Lc
67	116	Lc
67	117	-1
67	118	Lc
67	119	Lc
68	0	Lc
68	1	Lc
68	2	-1
68	3	Lc
68	4	Lc
68	5	-1
68	6	-1
68	7	-1
68	8	-1
68	9	Lc
68	10	Lc
68	11	Lc
68	12	Lc
68	13	Lc
68	14	L
68	15	L
68	16	Lc
68	17	Lc
68	18	-1
68	19	L
68	20	L
68	21	U
68	22	L
68	23	L
68	24	-1
68	25	L
68	26	-1
68	27	L
68	28	L
68	29	L
68	30	L
68	31	-1
68	32	-1
68	33	L
68	34	L
68	35	L
68	36	L
68	37	L
68	38	L
68	39	L
68	40	-1
68	41	L
68	42	L
68	43	L
68	44	L
68	45	L
68	46	L
68	47	Lc
68	48	Lc
68	49	Lc
68	50	-1
68	51	L
68	52	-1
68	53	L
68	54	L
68	55	L
68	56	L
68	57	L
68	58	L
68	59	-1
68	60	-1
68	61	Lc
68	62	Lc
68	63	Lc
68	64	Lc
68	65	-1
68	66	Lc
68	67	-1
68	68	Lc
68	69	-1
68	70	Lc
68	71	Lc
68	72	Lc
68	73	Lc
68	74	Lc
68	75	-1
68	76	Lc
68	77	-1
68	78	Lc
68	79	Lc
68	80	Lc
68	81	Lc
68	82	Lc
68	83	-1
68	84	-1
68	85	Lc
68	86	Lc
68	87	-1
68	88	L
68	89	-1
68	90	-1
68	91	L
68	92	Lc
68	93	Lc
68	94	Lc
68	95	Lc
68	96	Lc
68	97	L
68	98	Lc
68	99	Lc
68	100	Lc
68	101	Lc
68	102	-1
68	103	-1
68	104	Lc
68	105	Lc
68	106	Lc
68	107	-1
68	108	Lc
68	109	-1
68	110	Lc
68	111	Lc
68	112	L
68	113	Lc
68	114	L
68	115	Lc
68	116	-1
68	117	L
68	118	-1
68	119	Lc
69	0	-1
69	1	Lc
69	2	Lc
69	3	Lc
69	4	Lc
69	5	Lc
69	6	-1
69	7	-1
69	8	Lc
69	9	Lc
69	10	Lc
69	11	-1
69	12	-1
69	13	Lc
69	14	L
69	15	L
69	16	L
69	17	L
69	18	U
69	19	L
69	20	-1
69	21	-1
69	22	L
69	23	L
69	24	L
69	25	-1
69	26	L
69	27	L
69	28	L
69	29	-1
69	30	L
69	31	-1
69	32	-1
69	33	U
69	34	U
69	35	Lc
69	36	L
69	37	L
69	38	L
69	39	L
69	40	U
69	41	-1
69	42	-1
69	43	-1
69	44	L
69	45	L
69	46	Lc
69	47	Lc
69	48	Lc
69	49	-1
69	50	L
69	51	Lc
69	52	L
69	53	L
69	54	L
69	55	-1
69	56	-1
69	57	L
69	58	L
69	59	-1
69	60	L
69	61	L
69	62	-1
69	63	L
69	64	-1
69	65	Lc
69	66	Lc
69	67	Lc
69	68	-1
69	69	-1
69	70	-1
69	71	Lc
69	72	Lc
69	73	Lc
69	74	Lc
69	75	Lc
69	76	Lc
69	77	Lc
69	78	Lc
69	79	-1
69	80	Lc
69	81	-1
69	82	L
69	83	-1
69	84	-1
69	85	Lc
69	86	Lc
69	87	L
69	88	L
69	89	-1
69	90	-1
69	91	L
69	92	-1
69	93	Lc
69	94	Lc
69	95	Lc
69	96	Lc
69	97	Lc
69	98	L
69	99	L
69	100	Lc
69	101	-1
69	102	Lp
69	103	L
69	104	Lc
69	105	-1
69	106	Lc
69	107	Lc
69	108	Lc
69	109	Lc
69	110	Lc
69	111	Lc
69	112	L
69	113	L
69	114	L
69	115	-1
69	116	L
69	117	Lc
69	118	Lc
69	119	Lc
70	0	L
70	1	Lc
70	2	Lc
70	3	Lc
70	4	Lc
70	5	Lc
70	6	-1
70	7	-1
70	8	Lc
70	9	-1
70	10	Lc
70	11	Uc
70	12	-1
70	13	Uc
70	14	L
70	15	L
70	16	L
70	17	Lc
70	18	-1
70	19	-1
70	20	L
70	21	L
70	22	L
70	23	L
70	24	L
70	25	L
70	26	L
70	27	L
70	28	L
70	29	L
70	30	L
70	31	L
70	32	L
70	33	U
70	34	L
70	35	L
70	36	L
70	37	-1
70	38	L
70	39	L
70	40	L
70	41	L
70	42	L
70	43	L
70	44	-1
70	45	L
70	46	-1
70	47	U
70	48	Lc
70	49	Lc
70	50	Lc
70	51	Lc
70	52	L
70	53	L
70	54	L
70	55	L
70	56	-1
70	57	L
70	58	-1
70	59	-1
70	60	-1
70	61	-1
70	62	L
70	63	-1
70	64	Lc
70	65	Lc
70	66	-1
70	67	Lc
70	68	Lc
70	69	Lc
70	70	L
70	71	Lc
70	72	Lc
70	73	Lc
70	74	Lc
70	75	Lc
70	76	Lc
70	77	L
70	78	Lc
70	79	-1
70	80	-1
70	81	Lc
70	82	Lc
70	83	L
70	84	L
70	85	-1
70	86	L
70	87	-1
70	88	L
70	89	L
70	90	L
70	91	-1
70	92	Lc
70	93	Lc
70	94	Lc
70	95	-1
70	96	Lc
70	97	L
70	98	L
70	99	L
70	100	L
70	101	L
70	102	L
70	103	-1
70	104	Lc
70	105	Lp
70	106	Lc
70	107	Lc
70	108	Lc
70	109	Lc
70	110	-1
70	111	Lc
70	112	L
70	113	L
70	114	-1
70	115	-1
70	116	Lc
70	117	Lc
70	118	-1
70	119	Lc
71	0	L
71	1	L
71	2	Lc
71	3	-1
71	4	Lc
71	5	Lc
71	6	Lc
71	7	Lc
71	8	Lc
71	9	Lc
71	10	Lc
71	11	Uc
71	12	Uc
71	13	Uc
71	14	L
71	15	L
71	16	Lc
71	17	Lc
71	18	Lc
71	19	Lc
71	20	L
71	21	Lc
71	22	L
71	23	L
71	24	-1
71	25	-1
71	26	L
71	27	L
71	28	L
71	29	L
71	30	L
71	31	-1
71	32	L
71	33	U
71	34	U
71	35	-1
71	36	L
71	37	L
71	38	L
71	39	-1
71	40	L
71	41	L
71	42	L
71	43	Lc
71	44	U
71	45	U
71	46	-1
71	47	L
71	48	U
71	49	U
71	50	U
71	51	L
71	52	-1
71	53	L
71	54	-1
71	55	L
71	56	L
71	57	L
71	58	-1
71	59	L
71	60	L
71	61	L
71	62	-1
71	63	L
71	64	L
71	65	Lc
71	66	Lc
71	67	Lc
71	68	Lc
71	69	Lc
71	70	L
71	71	L
71	72	Lc
71	73	Lc
71	74	Lc
71	75	-1
71	76	Lc
71	77	L
71	78	Lc
71	79	Lc
71	80	Lc
71	81	Lc
71	82	Lc
71	83	L
71	84	Lc
71	85	L
71	86	L
71	87	L
71	88	L
71	89	L
71	90	L
71	91	-1
71	92	-1
71	93	-1
71	94	Lc
71	95	-1
71	96	Lp
71	97	-1
71	98	L
71	99	-1
71	100	L
71	101	Lc
71	102	Lc
71	103	Lc
71	104	Lp
71	105	Lp
71	106	Lp
71	107	Lc
71	108	Lc
71	109	L
71	110	Lc
71	111	Lc
71	112	-1
71	113	-1
71	114	L
71	115	-1
71	116	L
71	117	-1
71	118	L
71	119	L
72	0	Lc
72	1	L
72	2	L
72	3	Lc
72	4	-1
72	5	Lc
72	6	Lc
72	7	Lc
72	8	-1
72	9	Lc
72	10	Lc
72	11	Uc
72	12	Uc
72	13	L
72	14	Uc
72	15	Lc
72	16	-1
72	17	Lc
72	18	Lc
72	19	Lc
72	20	L
72	21	L
72	22	Lc
72	23	Lc
72	24	-1
72	25	-1
72	26	-1
72	27	L
72	28	L
72	29	L
72	30	L
72	31	L
72	32	L
72	33	-1
72	34	U
72	35	U
72	36	L
72	37	L
72	38	-1
72	39	L
72	40	L
72	41	-1
72	42	L
72	43	-1
72	44	Lc
72	45	-1
72	46	L
72	47	U
72	48	-1
72	49	U
72	50	L
72	51	L
72	52	-1
72	53	-1
72	54	L
72	55	L
72	56	L
72	57	L
72	58	L
72	59	L
72	60	L
72	61	L
72	62	L
72	63	L
72	64	L
72	65	-1
72	66	Lc
72	67	-1
72	68	Lc
72	69	Lc
72	70	Lc
72	71	-1
72	72	Lc
72	73	Lc
72	74	Lc
72	75	Lc
72	76	L
72	77	L
72	78	L
72	79	Lc
72	80	-1
72	81	Lc
72	82	Lc
72	83	Lc
72	84	L
72	85	Lc
72	86	Lc
72	87	-1
72	88	L
72	89	-1
72	90	L
72	91	-1
72	92	L
72	93	L
72	94	L
72	95	L
72	96	L
72	97	Lc
72	98	Lp
72	99	Lc
72	100	Lc
72	101	L
72	102	-1
72	103	Lc
72	104	-1
72	105	-1
72	106	-1
72	107	-1
72	108	-1
72	109	L
72	110	L
72	111	L
72	112	L
72	113	L
72	114	L
72	115	L
72	116	L
72	117	L
72	118	-1
72	119	-1
73	0	Lc
73	1	L
73	2	L
73	3	-1
73	4	Lc
73	5	-1
73	6	Lc
73	7	Lc
73	8	Lc
73	9	Lc
73	10	-1
73	11	Lc
73	12	Uc
73	13	Uc
73	14	Uc
73	15	Lc
73	16	-1
73	17	Uc
73	18	Lc
73	19	Lc
73	20	-1
73	21	Lc
73	22	Lc
73	23	L
73	24	-1
73	25	L
73	26	-1
73	27	L
73	28	L
73	29	L
73	30	L
73	31	L
73	32	L
73	33	-1
73	34	-1
73	35	U
73	36	U
73	37	-1
73	38	L
73	39	-1
73	40	Lc
73	41	Lc
73	42	L
73	43	Lc
73	44	Lc
73	45	Lc
73	46	L
73	47	L
73	48	U
73	49	-1
73	50	U
73	51	L
73	52	L
73	53	U
73	54	-1
73	55	L
73	56	L
73	57	-1
73	58	L
73	59	L
73	60	-1
73	61	L
73	62	L
73	63	-1
73	64	L
73	65	Lc
73	66	Lc
73	67	Lc
73	68	Lc
73	69	Lc
73	70	Lc
73	71	-1
73	72	L
73	73	Lc
73	74	Lc
73	75	-1
73	76	L
73	77	-1
73	78	Lc
73	79	Lc
73	80	Lc
73	81	Lc
73	82	Lc
73	83	Lc
73	84	-1
73	85	Lc
73	86	Lc
73	87	L
73	88	L
73	89	L
73	90	-1
73	91	L
73	92	L
73	93	L
73	94	L
73	95	L
73	96	L
73	97	L
73	98	Lc
73	99	-1
73	100	L
73	101	L
73	102	Lc
73	103	Lp
73	104	Lc
73	105	Lc
73	106	Lc
73	107	-1
73	108	Lc
73	109	Lc
73	110	Lc
73	111	-1
73	112	L
73	113	L
73	114	L
73	115	L
73	116	L
73	117	L
73	118	L
73	119	L
74	0	L
74	1	-1
74	2	-1
74	3	Lc
74	4	Lc
74	5	-1
74	6	Lc
74	7	Lc
74	8	-1
74	9	-1
74	10	-1
74	11	-1
74	12	Lc
74	13	Uc
74	14	U
74	15	Uc
74	16	-1
74	17	Lc
74	18	Lc
74	19	-1
74	20	Lc
74	21	Lc
74	22	Lc
74	23	L
74	24	L
74	25	L
74	26	-1
74	27	L
74	28	L
74	29	-1
74	30	L
74	31	L
74	32	L
74	33	U
74	34	U
74	35	U
74	36	L
74	37	L
74	38	L
74	39	-1
74	40	-1
74	41	L
74	42	L
74	43	-1
74	44	L
74	45	L
74	46	-1
74	47	U
74	48	L
74	49	L
74	50	Lc
74	51	Lc
74	52	U
74	53	L
74	54	L
74	55	L
74	56	L
74	57	L
74	58	-1
74	59	L
74	60	-1
74	61	Lc
74	62	-1
74	63	Lc
74	64	Lc
74	65	Lc
74	66	Lc
74	67	Lc
74	68	Lc
74	69	Lc
74	70	-1
74	71	L
74	72	L
74	73	-1
74	74	Lc
74	75	-1
74	76	L
74	77	Lc
74	78	-1
74	79	-1
74	80	Lc
74	81	L
74	82	Lc
74	83	Lc
74	84	Lc
74	85	Lc
74	86	L
74	87	L
74	88	-1
74	89	L
74	90	-1
74	91	-1
74	92	L
74	93	L
74	94	L
74	95	L
74	96	L
74	97	-1
74	98	-1
74	99	-1
74	100	-1
74	101	Lc
74	102	Lp
74	103	Lp
74	104	Lc
74	105	-1
74	106	Lc
74	107	Lc
74	108	Lc
74	109	-1
74	110	Lc
74	111	L
74	112	Lc
74	113	-1
74	114	L
74	115	-1
74	116	-1
74	117	L
74	118	L
74	119	L
75	0	L
75	1	L
75	2	Lc
75	3	Lc
75	4	-1
75	5	Lc
75	6	Lc
75	7	Lc
75	8	Lc
75	9	Lc
75	10	Lc
75	11	Lc
75	12	Uc
75	13	-1
75	14	Uc
75	15	Lc
75	16	Lc
75	17	Lc
75	18	Lc
75	19	Lc
75	20	-1
75	21	Lc
75	22	L
75	23	L
75	24	L
75	25	L
75	26	L
75	27	L
75	28	L
75	29	-1
75	30	L
75	31	L
75	32	L
75	33	L
75	34	L
75	35	L
75	36	-1
75	37	Uc
75	38	-1
75	39	Uc
75	40	-1
75	41	-1
75	42	L
75	43	L
75	44	-1
75	45	Lc
75	46	-1
75	47	-1
75	48	U
75	49	L
75	50	-1
75	51	-1
75	52	L
75	53	-1
75	54	-1
75	55	L
75	56	L
75	57	L
75	58	L
75	59	Lc
75	60	L
75	61	L
75	62	-1
75	63	L
75	64	Lc
75	65	Lc
75	66	Lc
75	67	Lc
75	68	Lc
75	69	Lc
75	70	Lc
75	71	L
75	72	-1
75	73	L
75	74	Lc
75	75	-1
75	76	L
75	77	L
75	78	-1
75	79	Lc
75	80	Lc
75	81	Lc
75	82	-1
75	83	-1
75	84	L
75	85	L
75	86	L
75	87	-1
75	88	L
75	89	L
75	90	-1
75	91	L
75	92	L
75	93	-1
75	94	-1
75	95	L
75	96	L
75	97	L
75	98	L
75	99	L
75	100	L
75	101	Lp
75	102	-1
75	103	Lc
75	104	Uc
75	105	-1
75	106	Lc
75	107	Lc
75	108	Lc
75	109	Lc
75	110	-1
75	111	Lc
75	112	L
75	113	L
75	114	L
75	115	L
75	116	L
75	117	L
75	118	L
75	119	L
76	0	-1
76	1	Lc
76	2	Lc
76	3	Lc
76	4	Lc
76	5	Lc
76	6	Lc
76	7	Lc
76	8	Lc
76	9	Lc
76	10	Lc
76	11	L
76	12	-1
76	13	L
76	14	Lc
76	15	Lc
76	16	-1
76	17	-1
76	18	Lc
76	19	Lc
76	20	-1
76	21	L
76	22	L
76	23	-1
76	24	-1
76	25	L
76	26	L
76	27	L
76	28	L
76	29	L
76	30	L
76	31	L
76	32	L
76	33	L
76	34	L
76	35	L
76	36	L
76	37	Uc
76	38	Uc
76	39	U
76	40	U
76	41	L
76	42	Lc
76	43	L
76	44	L
76	45	Lc
76	46	-1
76	47	-1
76	48	-1
76	49	-1
76	50	U
76	51	-1
76	52	L
76	53	L
76	54	L
76	55	L
76	56	-1
76	57	U
76	58	-1
76	59	Lc
76	60	-1
76	61	L
76	62	L
76	63	-1
76	64	L
76	65	U
76	66	Lc
76	67	Lc
76	68	Lc
76	69	Lc
76	70	Lc
76	71	-1
76	72	L
76	73	L
76	74	L
76	75	L
76	76	L
76	77	L
76	78	L
76	79	L
76	80	Lc
76	81	Lc
76	82	-1
76	83	Lc
76	84	Lc
76	85	-1
76	86	Lc
76	87	Lc
76	88	Lc
76	89	Lc
76	90	Lc
76	91	U
76	92	L
76	93	L
76	94	L
76	95	L
76	96	-1
76	97	L
76	98	Lp
76	99	L
76	100	L
76	101	-1
76	102	-1
76	103	-1
76	104	Lp
76	105	Lp
76	106	Lc
76	107	Lc
76	108	Lc
76	109	Lc
76	110	L
76	111	L
76	112	L
76	113	Lc
76	114	L
76	115	L
76	116	-1
76	117	-1
76	118	-1
76	119	L
77	0	-1
77	1	-1
77	2	Lc
77	3	Lc
77	4	Lc
77	5	-1
77	6	Lc
77	7	Lc
77	8	Lc
77	9	Lc
77	10	Lc
77	11	Lc
77	12	Lc
77	13	-1
77	14	Lc
77	15	Lc
77	16	Lc
77	17	-1
77	18	-1
77	19	Lc
77	20	Lc
77	21	Lc
77	22	-1
77	23	L
77	24	L
77	25	L
77	26	-1
77	27	L
77	28	U
77	29	L
77	30	L
77	31	L
77	32	L
77	33	L
77	34	L
77	35	L
77	36	-1
77	37	Uc
77	38	-1
77	39	-1
77	40	U
77	41	U
77	42	Lc
77	43	Lc
77	44	Lc
77	45	Lc
77	46	Lc
77	47	Lc
77	48	Lc
77	49	-1
77	50	-1
77	51	-1
77	52	Lc
77	53	L
77	54	L
77	55	L
77	56	-1
77	57	Lc
77	58	Lc
77	59	Lc
77	60	L
77	61	L
77	62	L
77	63	U
77	64	-1
77	65	L
77	66	Lc
77	67	Lc
77	68	Lc
77	69	Lc
77	70	Lc
77	71	Lc
77	72	L
77	73	L
77	74	L
77	75	L
77	76	L
77	77	L
77	78	L
77	79	Lc
77	80	Lc
77	81	Lc
77	82	-1
77	83	-1
77	84	Lc
77	85	Lc
77	86	Lc
77	87	Lc
77	88	Lc
77	89	Lc
77	90	L
77	91	Lc
77	92	L
77	93	L
77	94	L
77	95	L
77	96	-1
77	97	Lp
77	98	-1
77	99	-1
77	100	-1
77	101	-1
77	102	Lp
77	103	Lp
77	104	Lp
77	105	Lp
77	106	L
77	107	L
77	108	L
77	109	-1
77	110	L
77	111	-1
77	112	-1
77	113	Lc
77	114	-1
77	115	Lc
77	116	L
77	117	-1
77	118	Lc
77	119	-1
78	0	Lc
78	1	Lc
78	2	-1
78	3	Lc
78	4	Lc
78	5	-1
78	6	Lc
78	7	-1
78	8	Lc
78	9	Lc
78	10	-1
78	11	-1
78	12	-1
78	13	Lc
78	14	Lc
78	15	Lc
78	16	Lc
78	17	Lc
78	18	Lc
78	19	Lc
78	20	Lc
78	21	Lc
78	22	L
78	23	L
78	24	L
78	25	L
78	26	L
78	27	L
78	28	L
78	29	L
78	30	L
78	31	L
78	32	U
78	33	L
78	34	L
78	35	L
78	36	L
78	37	L
78	38	L
78	39	-1
78	40	Uc
78	41	U
78	42	-1
78	43	L
78	44	Lc
78	45	Uc
78	46	-1
78	47	Lc
78	48	L
78	49	L
78	50	L
78	51	-1
78	52	Lc
78	53	L
78	54	Lc
78	55	-1
78	56	L
78	57	Lc
78	58	-1
78	59	Lc
78	60	-1
78	61	L
78	62	-1
78	63	-1
78	64	U
78	65	Lc
78	66	-1
78	67	Lc
78	68	-1
78	69	Lc
78	70	L
78	71	-1
78	72	L
78	73	-1
78	74	L
78	75	L
78	76	-1
78	77	L
78	78	L
78	79	L
78	80	Lc
78	81	-1
78	82	L
78	83	L
78	84	L
78	85	Lc
78	86	Lc
78	87	L
78	88	Lc
78	89	L
78	90	L
78	91	L
78	92	L
78	93	L
78	94	U
78	95	L
78	96	-1
78	97	L
78	98	-1
78	99	-1
78	100	Lp
78	101	Lp
78	102	Lp
78	103	Lp
78	104	-1
78	105	-1
78	106	Lc
78	107	-1
78	108	L
78	109	-1
78	110	-1
78	111	Lc
78	112	-1
78	113	L
78	114	Lc
78	115	L
78	116	Lc
78	117	-1
78	118	Lc
78	119	Lc
79	0	-1
79	1	-1
79	2	Lc
79	3	Lc
79	4	L
79	5	Lc
79	6	-1
79	7	Lc
79	8	Lc
79	9	Lc
79	10	Lc
79	11	-1
79	12	Lc
79	13	-1
79	14	Lc
79	15	-1
79	16	-1
79	17	Lc
79	18	Lc
79	19	Lc
79	20	-1
79	21	Lc
79	22	-1
79	23	L
79	24	Lc
79	25	Lc
79	26	L
79	27	L
79	28	L
79	29	L
79	30	L
79	31	L
79	32	L
79	33	-1
79	34	L
79	35	Lc
79	36	-1
79	37	Uc
79	38	Uc
79	39	Uc
79	40	-1
79	41	Lc
79	42	U
79	43	Lc
79	44	-1
79	45	Uc
79	46	-1
79	47	-1
79	48	L
79	49	L
79	50	L
79	51	L
79	52	-1
79	53	Lc
79	54	L
79	55	Lc
79	56	-1
79	57	-1
79	58	L
79	59	Lc
79	60	Lc
79	61	Lc
79	62	L
79	63	Lc
79	64	-1
79	65	Lc
79	66	Lc
79	67	L
79	68	L
79	69	L
79	70	L
79	71	L
79	72	L
79	73	L
79	74	L
79	75	L
79	76	Lc
79	77	L
79	78	-1
79	79	Lc
79	80	Lc
79	81	-1
79	82	Lc
79	83	-1
79	84	L
79	85	L
79	86	Lc
79	87	L
79	88	L
79	89	-1
79	90	L
79	91	-1
79	92	L
79	93	L
79	94	L
79	95	U
79	96	Uc
79	97	U
79	98	U
79	99	U
79	100	Lp
79	101	Lp
79	102	-1
79	103	Lp
79	104	-1
79	105	-1
79	106	L
79	107	-1
79	108	L
79	109	-1
79	110	-1
79	111	-1
79	112	L
79	113	-1
79	114	L
79	115	Lc
79	116	-1
79	117	Lc
79	118	Lc
79	119	-1
80	0	Lc
80	1	-1
80	2	Lc
80	3	Lc
80	4	L
80	5	Lc
80	6	Lc
80	7	Lc
80	8	Lc
80	9	-1
80	10	-1
80	11	Lc
80	12	L
80	13	Lc
80	14	Lc
80	15	Lc
80	16	-1
80	17	-1
80	18	Lc
80	19	Lc
80	20	-1
80	21	Lc
80	22	Lc
80	23	Lc
80	24	-1
80	25	Lc
80	26	L
80	27	L
80	28	L
80	29	L
80	30	L
80	31	L
80	32	L
80	33	-1
80	34	L
80	35	Lc
80	36	Lc
80	37	Lc
80	38	Uc
80	39	Uc
80	40	Uc
80	41	-1
80	42	Lc
80	43	Lc
80	44	Lc
80	45	-1
80	46	Lc
80	47	Lc
80	48	Lc
80	49	L
80	50	L
80	51	L
80	52	L
80	53	-1
80	54	Lc
80	55	Lc
80	56	Lc
80	57	Lc
80	58	Lc
80	59	Lc
80	60	L
80	61	L
80	62	Lc
80	63	L
80	64	-1
80	65	U
80	66	Lc
80	67	L
80	68	-1
80	69	Lc
80	70	L
80	71	Lc
80	72	L
80	73	L
80	74	-1
80	75	Lc
80	76	-1
80	77	Lc
80	78	Lc
80	79	Lc
80	80	Lc
80	81	Lc
80	82	Lc
80	83	Lc
80	84	Lc
80	85	-1
80	86	L
80	87	L
80	88	L
80	89	L
80	90	Lc
80	91	-1
80	92	-1
80	93	U
80	94	U
80	95	-1
80	96	Lc
80	97	Uc
80	98	Uc
80	99	Uc
80	100	Lp
80	101	Lp
80	102	Lp
80	103	Lp
80	104	-1
80	105	Lp
80	106	L
80	107	-1
80	108	L
80	109	-1
80	110	L
80	111	-1
80	112	Lc
80	113	-1
80	114	-1
80	115	-1
80	116	L
80	117	L
80	118	L
80	119	-1
81	0	Lc
81	1	Lc
81	2	Lc
81	3	Lc
81	4	L
81	5	L
81	6	L
81	7	L
81	8	Lc
81	9	Lc
81	10	Lc
81	11	Lc
81	12	Lc
81	13	Lc
81	14	-1
81	15	Lc
81	16	Lc
81	17	Lc
81	18	-1
81	19	-1
81	20	Lc
81	21	Lc
81	22	Lc
81	23	Lc
81	24	Lc
81	25	Lc
81	26	Lc
81	27	Lc
81	28	-1
81	29	L
81	30	L
81	31	U
81	32	L
81	33	Lc
81	34	Lc
81	35	Lc
81	36	Lc
81	37	Uc
81	38	Uc
81	39	-1
81	40	Uc
81	41	-1
81	42	-1
81	43	Lc
81	44	Lc
81	45	Uc
81	46	-1
81	47	-1
81	48	-1
81	49	L
81	50	L
81	51	-1
81	52	-1
81	53	L
81	54	U
81	55	Lc
81	56	Lc
81	57	Lc
81	58	-1
81	59	L
81	60	Lc
81	61	Lc
81	62	Lc
81	63	U
81	64	U
81	65	U
81	66	L
81	67	Uc
81	68	Lc
81	69	-1
81	70	L
81	71	Lc
81	72	-1
81	73	Lc
81	74	Lc
81	75	Lc
81	76	Lc
81	77	Lc
81	78	L
81	79	Lc
81	80	L
81	81	Lc
81	82	Lc
81	83	Lc
81	84	Lc
81	85	Lc
81	86	-1
81	87	L
81	88	-1
81	89	Lc
81	90	-1
81	91	-1
81	92	-1
81	93	Lc
81	94	Lp
81	95	Uc
81	96	U
81	97	Lc
81	98	Uc
81	99	-1
81	100	Lp
81	101	-1
81	102	Lp
81	103	L
81	104	-1
81	105	L
81	106	L
81	107	L
81	108	L
81	109	Lc
81	110	L
81	111	L
81	112	Lc
81	113	Lc
81	114	-1
81	115	L
81	116	-1
81	117	L
81	118	Lc
81	119	Lc
82	0	Lc
82	1	L
82	2	-1
82	3	Lc
82	4	Lc
82	5	-1
82	6	L
82	7	L
82	8	Lc
82	9	L
82	10	L
82	11	Lc
82	12	Lc
82	13	L
82	14	L
82	15	Lc
82	16	Lc
82	17	Lc
82	18	-1
82	19	Lc
82	20	Lc
82	21	Lc
82	22	-1
82	23	-1
82	24	Lc
82	25	Lc
82	26	-1
82	27	Lc
82	28	L
82	29	L
82	30	L
82	31	L
82	32	L
82	33	-1
82	34	Lc
82	35	Lc
82	36	Lc
82	37	Uc
82	38	Lc
82	39	Uc
82	40	Uc
82	41	Uc
82	42	Uc
82	43	Lc
82	44	Lc
82	45	Lc
82	46	Lc
82	47	-1
82	48	Uc
82	49	Uc
82	50	Uc
82	51	Uc
82	52	Uc
82	53	-1
82	54	U
82	55	U
82	56	Lc
82	57	Lc
82	58	Lc
82	59	Lc
82	60	-1
82	61	Lc
82	62	Lc
82	63	Lc
82	64	U
82	65	L
82	66	L
82	67	Uc
82	68	Lc
82	69	-1
82	70	Lc
82	71	Lc
82	72	-1
82	73	-1
82	74	Lc
82	75	-1
82	76	-1
82	77	Lc
82	78	Lc
82	79	-1
82	80	-1
82	81	-1
82	82	-1
82	83	-1
82	84	Lc
82	85	-1
82	86	Lc
82	87	-1
82	88	Lc
82	89	Lc
82	90	-1
82	91	-1
82	92	-1
82	93	Lp
82	94	Lc
82	95	Uc
82	96	Lc
82	97	Uc
82	98	-1
82	99	Uc
82	100	-1
82	101	Lp
82	102	Lc
82	103	Lp
82	104	L
82	105	L
82	106	L
82	107	L
82	108	L
82	109	L
82	110	-1
82	111	L
82	112	Lc
82	113	Lc
82	114	Lc
82	115	Uc
82	116	L
82	117	L
82	118	L
82	119	Lc
83	0	Lc
83	1	L
83	2	Lc
83	3	Lc
83	4	Lc
83	5	Lc
83	6	L
83	7	L
83	8	L
83	9	L
83	10	Uc
83	11	L
83	12	-1
83	13	Lc
83	14	L
83	15	L
83	16	-1
83	17	Lc
83	18	Lc
83	19	Lc
83	20	Lc
83	21	Lc
83	22	-1
83	23	Lc
83	24	Lc
83	25	Lc
83	26	-1
83	27	-1
83	28	Lc
83	29	Lc
83	30	-1
83	31	L
83	32	L
83	33	L
83	34	Lc
83	35	Lc
83	36	-1
83	37	Uc
83	38	Uc
83	39	Lc
83	40	Uc
83	41	Lc
83	42	Lc
83	43	Lc
83	44	Lc
83	45	Uc
83	46	-1
83	47	Uc
83	48	Uc
83	49	-1
83	50	Uc
83	51	Uc
83	52	L
83	53	-1
83	54	L
83	55	U
83	56	-1
83	57	-1
83	58	Lc
83	59	Lc
83	60	-1
83	61	Lc
83	62	Lc
83	63	Lc
83	64	U
83	65	L
83	66	Uc
83	67	Uc
83	68	Uc
83	69	Lc
83	70	L
83	71	Lc
83	72	Lc
83	73	Lc
83	74	Lc
83	75	Lc
83	76	Lc
83	77	Lc
83	78	Lc
83	79	Lc
83	80	Uc
83	81	Lc
83	82	Lc
83	83	Uc
83	84	-1
83	85	Lc
83	86	Lc
83	87	L
83	88	Lc
83	89	-1
83	90	Lc
83	91	Lc
83	92	L
83	93	L
83	94	Lp
83	95	Lp
83	96	Uc
83	97	Lp
83	98	Uc
83	99	Lp
83	100	Lp
83	101	L
83	102	-1
83	103	L
83	104	Lc
83	105	Lc
83	106	Lc
83	107	L
83	108	Lc
83	109	Lc
83	110	L
83	111	Lc
83	112	Lc
83	113	-1
83	114	Lc
83	115	L
83	116	L
83	117	L
83	118	-1
83	119	-1
84	0	Lc
84	1	L
84	2	L
84	3	-1
84	4	Lc
84	5	L
84	6	-1
84	7	L
84	8	L
84	9	-1
84	10	Uc
84	11	-1
84	12	Lc
84	13	Lc
84	14	-1
84	15	Lc
84	16	-1
84	17	Lc
84	18	-1
84	19	Lc
84	20	Lc
84	21	Lc
84	22	Lc
84	23	-1
84	24	-1
84	25	L
84	26	Lc
84	27	Lc
84	28	Lc
84	29	-1
84	30	L
84	31	L
84	32	U
84	33	U
84	34	-1
84	35	Lc
84	36	Lc
84	37	Lc
84	38	Lc
84	39	Uc
84	40	Lc
84	41	Uc
84	42	Lc
84	43	Lc
84	44	Uc
84	45	-1
84	46	Uc
84	47	Uc
84	48	Uc
84	49	Uc
84	50	L
84	51	L
84	52	L
84	53	L
84	54	L
84	55	L
84	56	U
84	57	-1
84	58	Lc
84	59	Lc
84	60	Lc
84	61	Lc
84	62	Lc
84	63	U
84	64	U
84	65	Uc
84	66	Uc
84	67	Lc
84	68	Uc
84	69	Lc
84	70	Lc
84	71	L
84	72	Lc
84	73	-1
84	74	Lc
84	75	Lc
84	76	Lc
84	77	Lc
84	78	Lc
84	79	Lc
84	80	Lc
84	81	Uc
84	82	Uc
84	83	-1
84	84	Uc
84	85	Lc
84	86	Lc
84	87	Uc
84	88	Lc
84	89	Lc
84	90	Lc
84	91	L
84	92	L
84	93	L
84	94	L
84	95	-1
84	96	Uc
84	97	Uc
84	98	L
84	99	-1
84	100	Lp
84	101	Lc
84	102	-1
84	103	Lc
84	104	Lc
84	105	Lc
84	106	Lc
84	107	Lc
84	108	Lc
84	109	Lc
84	110	-1
84	111	Lc
84	112	L
84	113	-1
84	114	Lc
84	115	-1
84	116	Lc
84	117	Lc
84	118	L
84	119	Lc
85	0	Lc
85	1	L
85	2	L
85	3	L
85	4	L
85	5	L
85	6	-1
85	7	Lc
85	8	Lc
85	9	-1
85	10	-1
85	11	Lc
85	12	Lc
85	13	Lc
85	14	Lc
85	15	L
85	16	L
85	17	Lc
85	18	-1
85	19	Lc
85	20	Lc
85	21	Lc
85	22	Lc
85	23	Lc
85	24	Lc
85	25	Lc
85	26	Lc
85	27	-1
85	28	Lc
85	29	Lc
85	30	Lc
85	31	Lc
85	32	Lc
85	33	Lc
85	34	-1
85	35	L
85	36	Lc
85	37	Lc
85	38	-1
85	39	-1
85	40	-1
85	41	-1
85	42	-1
85	43	Lc
85	44	Uc
85	45	Lc
85	46	L
85	47	L
85	48	L
85	49	Lc
85	50	L
85	51	L
85	52	L
85	53	L
85	54	Lc
85	55	L
85	56	Lc
85	57	Lc
85	58	Lc
85	59	-1
85	60	Lc
85	61	Lc
85	62	Lc
85	63	Lc
85	64	Lc
85	65	Lc
85	66	Lc
85	67	Lc
85	68	L
85	69	Lc
85	70	-1
85	71	L
85	72	L
85	73	L
85	74	L
85	75	-1
85	76	Lc
85	77	Lc
85	78	Lc
85	79	Lc
85	80	Lc
85	81	Lc
85	82	Lc
85	83	U
85	84	Lc
85	85	-1
85	86	Lc
85	87	Lc
85	88	Uc
85	89	Uc
85	90	Uc
85	91	L
85	92	L
85	93	-1
85	94	L
85	95	Lp
85	96	Uc
85	97	-1
85	98	L
85	99	-1
85	100	Lc
85	101	Lc
85	102	Lc
85	103	Lc
85	104	-1
85	105	-1
85	106	Lc
85	107	-1
85	108	Lc
85	109	Lc
85	110	L
85	111	-1
85	112	Uc
85	113	Uc
85	114	-1
85	115	-1
85	116	-1
85	117	Uc
85	118	Lc
85	119	Lc
86	0	-1
86	1	Lc
86	2	L
86	3	L
86	4	Lc
86	5	L
86	6	Lc
86	7	-1
86	8	-1
86	9	Lc
86	10	Lc
86	11	Lc
86	12	Lc
86	13	-1
86	14	L
86	15	-1
86	16	L
86	17	L
86	18	-1
86	19	L
86	20	Lc
86	21	-1
86	22	-1
86	23	Lc
86	24	Lc
86	25	-1
86	26	-1
86	27	Lc
86	28	Lc
86	29	Lc
86	30	Lc
86	31	Lc
86	32	-1
86	33	Lc
86	34	Lc
86	35	-1
86	36	-1
86	37	-1
86	38	Lc
86	39	Lc
86	40	-1
86	41	Lc
86	42	-1
86	43	Uc
86	44	Uc
86	45	Uc
86	46	Uc
86	47	Uc
86	48	-1
86	49	Lc
86	50	L
86	51	L
86	52	L
86	53	-1
86	54	Lc
86	55	-1
86	56	Lc
86	57	Lc
86	58	-1
86	59	L
86	60	Lc
86	61	Lc
86	62	Lc
86	63	Lc
86	64	Lc
86	65	-1
86	66	Lc
86	67	L
86	68	Lc
86	69	L
86	70	Lc
86	71	Lc
86	72	Lc
86	73	-1
86	74	Uc
86	75	Uc
86	76	Uc
86	77	U
86	78	Lc
86	79	Lc
86	80	Lc
86	81	Lc
86	82	Lc
86	83	-1
86	84	Lc
86	85	Lc
86	86	Lc
86	87	Uc
86	88	Uc
86	89	-1
86	90	Uc
86	91	-1
86	92	L
86	93	L
86	94	Lp
86	95	-1
86	96	L
86	97	L
86	98	Lp
86	99	-1
86	100	Lc
86	101	Lp
86	102	Lc
86	103	Lc
86	104	-1
86	105	Lc
86	106	Lc
86	107	Lc
86	108	-1
86	109	-1
86	110	-1
86	111	L
86	112	Uc
86	113	Uc
86	114	Lc
86	115	L
86	116	-1
86	117	-1
86	118	Uc
86	119	Uc
87	0	L
87	1	L
87	2	L
87	3	L
87	4	L
87	5	-1
87	6	Lc
87	7	Lc
87	8	-1
87	9	Lc
87	10	-1
87	11	L
87	12	L
87	13	L
87	14	-1
87	15	-1
87	16	-1
87	17	L
87	18	Lc
87	19	L
87	20	-1
87	21	-1
87	22	-1
87	23	-1
87	24	Lc
87	25	Lc
87	26	Lc
87	27	L
87	28	Lc
87	29	Lc
87	30	Lc
87	31	Lc
87	32	Lc
87	33	Lc
87	34	-1
87	35	Lc
87	36	Lc
87	37	Lc
87	38	-1
87	39	Lc
87	40	-1
87	41	Lc
87	42	Lc
87	43	Uc
87	44	Lc
87	45	Uc
87	46	Uc
87	47	Uc
87	48	Lc
87	49	-1
87	50	L
87	51	L
87	52	L
87	53	U
87	54	Lc
87	55	Lc
87	56	Uc
87	57	Uc
87	58	Lc
87	59	L
87	60	Lc
87	61	-1
87	62	-1
87	63	Lc
87	64	Lc
87	65	Uc
87	66	-1
87	67	L
87	68	L
87	69	L
87	70	Lc
87	71	Lc
87	72	Lc
87	73	Lc
87	74	Uc
87	75	L
87	76	Uc
87	77	Lc
87	78	Lc
87	79	Lc
87	80	-1
87	81	Lc
87	82	-1
87	83	Lc
87	84	Lc
87	85	L
87	86	-1
87	87	Uc
87	88	Uc
87	89	Uc
87	90	Uc
87	91	L
87	92	L
87	93	L
87	94	L
87	95	L
87	96	L
87	97	Uc
87	98	Lc
87	99	Lc
87	100	-1
87	101	Lc
87	102	Lp
87	103	Lc
87	104	Lc
87	105	Lc
87	106	Lc
87	107	Lc
87	108	-1
87	109	Lc
87	110	L
87	111	L
87	112	-1
87	113	L
87	114	L
87	115	L
87	116	L
87	117	Lc
87	118	-1
87	119	-1
88	0	Lc
88	1	Uc
88	2	Uc
88	3	L
88	4	-1
88	5	L
88	6	Lc
88	7	Lc
88	8	Lc
88	9	Lc
88	10	Lc
88	11	Lc
88	12	Lc
88	13	-1
88	14	L
88	15	L
88	16	Lc
88	17	L
88	18	-1
88	19	Lc
88	20	-1
88	21	Lc
88	22	Lc
88	23	Lc
88	24	Lc
88	25	Lc
88	26	Lc
88	27	-1
88	28	Lc
88	29	Lc
88	30	Lc
88	31	Lc
88	32	Lc
88	33	Lc
88	34	Lc
88	35	Lc
88	36	Lc
88	37	Lc
88	38	Lc
88	39	Lc
88	40	-1
88	41	Lc
88	42	Lc
88	43	-1
88	44	-1
88	45	Lc
88	46	Uc
88	47	-1
88	48	L
88	49	L
88	50	-1
88	51	L
88	52	L
88	53	-1
88	54	-1
88	55	-1
88	56	Uc
88	57	Lc
88	58	L
88	59	Lc
88	60	Lc
88	61	-1
88	62	Lc
88	63	Lc
88	64	Lc
88	65	Lc
88	66	Uc
88	67	-1
88	68	Lc
88	69	L
88	70	Lc
88	71	Lc
88	72	-1
88	73	L
88	74	L
88	75	Uc
88	76	Uc
88	77	L
88	78	Lc
88	79	-1
88	80	-1
88	81	Lc
88	82	Lc
88	83	-1
88	84	-1
88	85	Lc
88	86	L
88	87	Uc
88	88	Uc
88	89	-1
88	90	-1
88	91	-1
88	92	L
88	93	U
88	94	L
88	95	L
88	96	Uc
88	97	L
88	98	Lc
88	99	Lp
88	100	-1
88	101	-1
88	102	L
88	103	Lc
88	104	Lp
88	105	Lc
88	106	L
88	107	-1
88	108	Lc
88	109	Lc
88	110	-1
88	111	-1
88	112	L
88	113	L
88	114	L
88	115	L
88	116	Lc
88	117	L
88	118	Lc
88	119	L
89	0	-1
89	1	Uc
89	2	Uc
89	3	-1
89	4	L
89	5	Lc
89	6	-1
89	7	-1
89	8	-1
89	9	Lc
89	10	-1
89	11	-1
89	12	Lc
89	13	L
89	14	L
89	15	-1
89	16	Lc
89	17	Lc
89	18	Lc
89	19	-1
89	20	Lc
89	21	Lc
89	22	Lc
89	23	Lc
89	24	Lc
89	25	Lc
89	26	Lc
89	27	Lc
89	28	Lc
89	29	Lc
89	30	Lc
89	31	Lc
89	32	Lc
89	33	Lc
89	34	Lc
89	35	Lc
89	36	Lc
89	37	Lc
89	38	Lc
89	39	Uc
89	40	Lc
89	41	Lc
89	42	Lc
89	43	Lc
89	44	Lc
89	45	Lc
89	46	Uc
89	47	-1
89	48	Lc
89	49	L
89	50	L
89	51	L
89	52	L
89	53	-1
89	54	Lc
89	55	Uc
89	56	-1
89	57	Lc
89	58	Lc
89	59	Lc
89	60	-1
89	61	Lc
89	62	Lc
89	63	Lc
89	64	Lc
89	65	Lc
89	66	L
89	67	L
89	68	-1
89	69	Lc
89	70	Lc
89	71	-1
89	72	Lc
89	73	-1
89	74	L
89	75	L
89	76	L
89	77	L
89	78	Lc
89	79	Lc
89	80	Uc
89	81	Lc
89	82	Uc
89	83	L
89	84	-1
89	85	L
89	86	L
89	87	-1
89	88	-1
89	89	Uc
89	90	-1
89	91	L
89	92	U
89	93	L
89	94	L
89	95	-1
89	96	L
89	97	L
89	98	Lc
89	99	Uc
89	100	-1
89	101	L
89	102	L
89	103	Lp
89	104	Lp
89	105	L
89	106	-1
89	107	Lc
89	108	Lc
89	109	L
89	110	L
89	111	L
89	112	L
89	113	L
89	114	L
89	115	L
89	116	L
89	117	Lc
89	118	-1
89	119	Lc
90	0	Uc
90	1	-1
90	2	Uc
90	3	-1
90	4	Lc
90	5	Lc
90	6	Uc
90	7	Lc
90	8	Lc
90	9	Lc
90	10	Lc
90	11	-1
90	12	Lc
90	13	Lc
90	14	-1
90	15	-1
90	16	-1
90	17	Lc
90	18	L
90	19	Lc
90	20	-1
90	21	-1
90	22	Lc
90	23	Lc
90	24	Lc
90	25	Lc
90	26	Uc
90	27	-1
90	28	Lc
90	29	Lc
90	30	Lc
90	31	Lc
90	32	-1
90	33	Lc
90	34	Lc
90	35	-1
90	36	Lc
90	37	Uc
90	38	Uc
90	39	Uc
90	40	Lc
90	41	-1
90	42	Lc
90	43	Lc
90	44	Lc
90	45	Lc
90	46	-1
90	47	Lc
90	48	Uc
90	49	-1
90	50	L
90	51	L
90	52	L
90	53	Lc
90	54	Lc
90	55	L
90	56	Lc
90	57	Lc
90	58	Lc
90	59	Lc
90	60	Lc
90	61	-1
90	62	-1
90	63	Lc
90	64	Lc
90	65	Lc
90	66	Lc
90	67	L
90	68	-1
90	69	L
90	70	-1
90	71	-1
90	72	Lc
90	73	-1
90	74	L
90	75	L
90	76	L
90	77	L
90	78	Uc
90	79	Lc
90	80	Uc
90	81	Lc
90	82	Lc
90	83	-1
90	84	-1
90	85	L
90	86	L
90	87	-1
90	88	L
90	89	L
90	90	L
90	91	L
90	92	L
90	93	-1
90	94	L
90	95	-1
90	96	-1
90	97	Lp
90	98	-1
90	99	Lc
90	100	Lc
90	101	-1
90	102	Lp
90	103	Lp
90	104	-1
90	105	L
90	106	-1
90	107	-1
90	108	Lc
90	109	L
90	110	L
90	111	L
90	112	L
90	113	L
90	114	L
90	115	-1
90	116	L
90	117	L
90	118	-1
90	119	Uc
91	0	L
91	1	-1
91	2	-1
91	3	Lc
91	4	-1
91	5	Lc
91	6	Lc
91	7	Lc
91	8	Lc
91	9	Lc
91	10	Lc
91	11	Lc
91	12	-1
91	13	-1
91	14	-1
91	15	-1
91	16	-1
91	17	Lc
91	18	Lc
91	19	-1
91	20	L
91	21	Lc
91	22	Lc
91	23	-1
91	24	Lc
91	25	Lc
91	26	-1
91	27	Uc
91	28	Lc
91	29	Lc
91	30	Lc
91	31	Lc
91	32	Lc
91	33	-1
91	34	L
91	35	-1
91	36	Lc
91	37	Lc
91	38	Uc
91	39	Uc
91	40	Uc
91	41	-1
91	42	Lc
91	43	Lc
91	44	Lc
91	45	-1
91	46	Lc
91	47	-1
91	48	Uc
91	49	-1
91	50	L
91	51	L
91	52	-1
91	53	-1
91	54	Lc
91	55	Lc
91	56	Lc
91	57	-1
91	58	-1
91	59	Lc
91	60	Lc
91	61	Lc
91	62	Lc
91	63	Lc
91	64	-1
91	65	L
91	66	L
91	67	Lc
91	68	L
91	69	L
91	70	Lc
91	71	-1
91	72	-1
91	73	L
91	74	Lc
91	75	L
91	76	Uc
91	77	Uc
91	78	-1
91	79	-1
91	80	-1
91	81	Lc
91	82	L
91	83	Lc
91	84	Lc
91	85	Lc
91	86	L
91	87	-1
91	88	Lc
91	89	L
91	90	L
91	91	L
91	92	Lc
91	93	Lc
91	94	L
91	95	-1
91	96	L
91	97	L
91	98	Lp
91	99	-1
91	100	Lp
91	101	-1
91	102	Lc
91	103	Lc
91	104	L
91	105	L
91	106	-1
91	107	-1
91	108	L
91	109	Lc
91	110	-1
91	111	L
91	112	-1
91	113	-1
91	114	L
91	115	-1
91	116	L
91	117	-1
91	118	-1
91	119	L
92	0	L
92	1	-1
92	2	L
92	3	Lc
92	4	Lc
92	5	Lc
92	6	Lc
92	7	Lc
92	8	Uc
92	9	-1
92	10	Lc
92	11	-1
92	12	Uc
92	13	U
92	14	Lc
92	15	Lc
92	16	L
92	17	Lc
92	18	-1
92	19	Lc
92	20	L
92	21	-1
92	22	-1
92	23	-1
92	24	-1
92	25	Uc
92	26	Lc
92	27	Lc
92	28	Uc
92	29	Lc
92	30	Lc
92	31	-1
92	32	-1
92	33	L
92	34	L
92	35	Lc
92	36	-1
92	37	Lc
92	38	Lc
92	39	Uc
92	40	Lc
92	41	Lc
92	42	-1
92	43	-1
92	44	Lc
92	45	-1
92	46	Lc
92	47	L
92	48	L
92	49	L
92	50	L
92	51	L
92	52	L
92	53	Lc
92	54	L
92	55	-1
92	56	Lc
92	57	Lc
92	58	Lc
92	59	Lc
92	60	Lc
92	61	Lc
92	62	Lc
92	63	Uc
92	64	Lc
92	65	Lc
92	66	L
92	67	Uc
92	68	L
92	69	-1
92	70	Lc
92	71	Lc
92	72	L
92	73	L
92	74	L
92	75	L
92	76	L
92	77	Uc
92	78	Uc
92	79	Uc
92	80	Lc
92	81	Lc
92	82	L
92	83	L
92	84	-1
92	85	-1
92	86	-1
92	87	L
92	88	-1
92	89	L
92	90	-1
92	91	-1
92	92	Lc
92	93	Lc
92	94	Lc
92	95	-1
92	96	L
92	97	-1
92	98	Lc
92	99	Lc
92	100	-1
92	101	L
92	102	-1
92	103	-1
92	104	L
92	105	L
92	106	L
92	107	Lc
92	108	-1
92	109	Lc
92	110	-1
92	111	L
92	112	L
92	113	L
92	114	L
92	115	-1
92	116	L
92	117	-1
92	118	L
92	119	L
93	0	-1
93	1	L
93	2	L
93	3	Lc
93	4	Lc
93	5	-1
93	6	-1
93	7	Lc
93	8	-1
93	9	-1
93	10	-1
93	11	Lc
93	12	Uc
93	13	Uc
93	14	L
93	15	L
93	16	Lc
93	17	L
93	18	Uc
93	19	-1
93	20	-1
93	21	-1
93	22	-1
93	23	-1
93	24	Lc
93	25	Lc
93	26	Uc
93	27	Lc
93	28	Uc
93	29	Uc
93	30	Lc
93	31	-1
93	32	L
93	33	L
93	34	Lc
93	35	Lc
93	36	Lc
93	37	-1
93	38	Uc
93	39	Uc
93	40	Uc
93	41	Uc
93	42	Lc
93	43	-1
93	44	L
93	45	L
93	46	-1
93	47	L
93	48	-1
93	49	L
93	50	-1
93	51	L
93	52	-1
93	53	-1
93	54	Lc
93	55	Lc
93	56	-1
93	57	-1
93	58	Lc
93	59	Lc
93	60	Lc
93	61	Lc
93	62	Lc
93	63	Lc
93	64	L
93	65	Lc
93	66	Uc
93	67	-1
93	68	Uc
93	69	-1
93	70	-1
93	71	Lc
93	72	L
93	73	L
93	74	L
93	75	L
93	76	Uc
93	77	Uc
93	78	Uc
93	79	Lc
93	80	Uc
93	81	Lc
93	82	L
93	83	L
93	84	L
93	85	L
93	86	-1
93	87	Lc
93	88	Lc
93	89	Lc
93	90	Lc
93	91	-1
93	92	-1
93	93	Lc
93	94	L
93	95	-1
93	96	L
93	97	Lc
93	98	L
93	99	-1
93	100	Lc
93	101	Lc
93	102	L
93	103	L
93	104	L
93	105	L
93	106	L
93	107	L
93	108	Lc
93	109	-1
93	110	Lc
93	111	-1
93	112	L
93	113	L
93	114	-1
93	115	-1
93	116	L
93	117	-1
93	118	L
93	119	L
94	0	L
94	1	L
94	2	Lc
94	3	Lc
94	4	Lc
94	5	-1
94	6	-1
94	7	Lc
94	8	-1
94	9	Uc
94	10	Uc
94	11	Lc
94	12	Uc
94	13	-1
94	14	Uc
94	15	Lc
94	16	-1
94	17	Uc
94	18	L
94	19	-1
94	20	L
94	21	Uc
94	22	L
94	23	-1
94	24	-1
94	25	-1
94	26	Lc
94	27	Lc
94	28	L
94	29	Lc
94	30	-1
94	31	L
94	32	L
94	33	-1
94	34	L
94	35	Uc
94	36	Lc
94	37	Lc
94	38	Uc
94	39	Uc
94	40	Uc
94	41	Uc
94	42	-1
94	43	Lc
94	44	Lc
94	45	Lc
94	46	L
94	47	Lc
94	48	L
94	49	L
94	50	L
94	51	-1
94	52	Uc
94	53	Lc
94	54	L
94	55	Lc
94	56	Lc
94	57	Lc
94	58	Lc
94	59	Lc
94	60	Lc
94	61	Lc
94	62	Lc
94	63	Lc
94	64	Lc
94	65	Uc
94	66	Lc
94	67	L
94	68	Lc
94	69	Lc
94	70	Lc
94	71	Lc
94	72	Lc
94	73	L
94	74	L
94	75	L
94	76	-1
94	77	L
94	78	Lc
94	79	L
94	80	-1
94	81	L
94	82	L
94	83	-1
94	84	L
94	85	-1
94	86	Lc
94	87	-1
94	88	Lc
94	89	Lc
94	90	Lc
94	91	U
94	92	U
94	93	Lc
94	94	L
94	95	L
94	96	-1
94	97	L
94	98	-1
94	99	-1
94	100	Lc
94	101	-1
94	102	L
94	103	L
94	104	L
94	105	L
94	106	Lc
94	107	Lc
94	108	Lc
94	109	L
94	110	Lc
94	111	Lc
94	112	-1
94	113	-1
94	114	L
94	115	L
94	116	-1
94	117	L
94	118	L
94	119	L
95	0	L
95	1	L
95	2	-1
95	3	-1
95	4	-1
95	5	Lc
95	6	Lc
95	7	-1
95	8	-1
95	9	Uc
95	10	Lc
95	11	Lc
95	12	Uc
95	13	Uc
95	14	Lc
95	15	L
95	16	Uc
95	17	-1
95	18	Uc
95	19	L
95	20	L
95	21	L
95	22	Uc
95	23	L
95	24	L
95	25	Lc
95	26	Lc
95	27	Lc
95	28	L
95	29	Lc
95	30	Lc
95	31	L
95	32	-1
95	33	L
95	34	Lc
95	35	Lc
95	36	-1
95	37	Lc
95	38	Uc
95	39	Uc
95	40	Uc
95	41	Uc
95	42	Uc
95	43	Uc
95	44	Lc
95	45	-1
95	46	Lc
95	47	-1
95	48	L
95	49	L
95	50	Uc
95	51	-1
95	52	Uc
95	53	Lc
95	54	Lc
95	55	Lc
95	56	Lc
95	57	Lc
95	58	Lc
95	59	Lc
95	60	Lc
95	61	Lc
95	62	Lc
95	63	Lc
95	64	Lc
95	65	-1
95	66	-1
95	67	Uc
95	68	L
95	69	-1
95	70	Lc
95	71	L
95	72	Lc
95	73	-1
95	74	L
95	75	L
95	76	L
95	77	Lc
95	78	-1
95	79	Lc
95	80	L
95	81	-1
95	82	L
95	83	U
95	84	L
95	85	-1
95	86	-1
95	87	-1
95	88	Lc
95	89	Lc
95	90	Lc
95	91	U
95	92	Lc
95	93	-1
95	94	U
95	95	L
95	96	L
95	97	-1
95	98	L
95	99	-1
95	100	L
95	101	-1
95	102	L
95	103	L
95	104	L
95	105	L
95	106	-1
95	107	Lc
95	108	Lc
95	109	-1
95	110	L
95	111	L
95	112	Lc
95	113	Lc
95	114	L
95	115	L
95	116	L
95	117	-1
95	118	L
95	119	L
96	0	L
96	1	Lc
96	2	Lc
96	3	L
96	4	L
96	5	Lc
96	6	Lc
96	7	-1
96	8	L
96	9	L
96	10	Uc
96	11	-1
96	12	Uc
96	13	-1
96	14	L
96	15	L
96	16	Uc
96	17	-1
96	18	Uc
96	19	Uc
96	20	L
96	21	L
96	22	-1
96	23	L
96	24	L
96	25	L
96	26	L
96	27	L
96	28	L
96	29	L
96	30	Lc
96	31	L
96	32	-1
96	33	Lc
96	34	Uc
96	35	Lc
96	36	Uc
96	37	Uc
96	38	Uc
96	39	Uc
96	40	-1
96	41	-1
96	42	Uc
96	43	-1
96	44	Uc
96	45	Lc
96	46	Lc
96	47	Lc
96	48	Uc
96	49	-1
96	50	Uc
96	51	Lc
96	52	Lc
96	53	Lc
96	54	Lc
96	55	Lc
96	56	Lc
96	57	Lc
96	58	-1
96	59	-1
96	60	Lc
96	61	Lc
96	62	Lc
96	63	Lc
96	64	-1
96	65	-1
96	66	Uc
96	67	Uc
96	68	Lc
96	69	-1
96	70	Lc
96	71	-1
96	72	-1
96	73	Lc
96	74	-1
96	75	L
96	76	L
96	77	Lc
96	78	L
96	79	Lc
96	80	L
96	81	L
96	82	U
96	83	L
96	84	L
96	85	-1
96	86	Lc
96	87	-1
96	88	L
96	89	Lc
96	90	Lc
96	91	Lc
96	92	-1
96	93	U
96	94	L
96	95	L
96	96	L
96	97	L
96	98	L
96	99	L
96	100	L
96	101	L
96	102	L
96	103	-1
96	104	L
96	105	L
96	106	L
96	107	L
96	108	Lc
96	109	Lc
96	110	Lc
96	111	Lc
96	112	Lc
96	113	Lc
96	114	-1
96	115	L
96	116	L
96	117	L
96	118	L
96	119	L
97	0	L
97	1	L
97	2	L
97	3	L
97	4	-1
97	5	L
97	6	-1
97	7	L
97	8	-1
97	9	L
97	10	L
97	11	L
97	12	Uc
97	13	-1
97	14	-1
97	15	-1
97	16	L
97	17	Uc
97	18	Uc
97	19	L
97	20	-1
97	21	L
97	22	L
97	23	L
97	24	Uc
97	25	-1
97	26	L
97	27	Lc
97	28	-1
97	29	-1
97	30	L
97	31	L
97	32	-1
97	33	Lc
97	34	Uc
97	35	L
97	36	-1
97	37	Lc
97	38	-1
97	39	Uc
97	40	Uc
97	41	Uc
97	42	-1
97	43	Uc
97	44	Lc
97	45	Lc
97	46	Lc
97	47	Lc
97	48	-1
97	49	Lc
97	50	Lc
97	51	Lc
97	52	Lc
97	53	Lc
97	54	Uc
97	55	Uc
97	56	Lc
97	57	Lc
97	58	Lc
97	59	Lc
97	60	Lc
97	61	Lc
97	62	Lc
97	63	Lc
97	64	Lc
97	65	-1
97	66	-1
97	67	Uc
97	68	U
97	69	Lc
97	70	Lc
97	71	Lc
97	72	Lc
97	73	L
97	74	L
97	75	L
97	76	-1
97	77	L
97	78	-1
97	79	Lc
97	80	-1
97	81	L
97	82	-1
97	83	L
97	84	L
97	85	L
97	86	-1
97	87	-1
97	88	-1
97	89	L
97	90	Lc
97	91	Lc
97	92	Lc
97	93	L
97	94	L
97	95	L
97	96	L
97	97	L
97	98	L
97	99	U
97	100	L
97	101	L
97	102	L
97	103	L
97	104	L
97	105	L
97	106	-1
97	107	L
97	108	Lc
97	109	Lc
97	110	-1
97	111	Lc
97	112	L
97	113	L
97	114	-1
97	115	L
97	116	L
97	117	L
97	118	-1
97	119	L
98	0	-1
98	1	-1
98	2	L
98	3	Lc
98	4	Lc
98	5	L
98	6	U
98	7	U
98	8	U
98	9	L
98	10	L
98	11	Uc
98	12	Uc
98	13	-1
98	14	L
98	15	L
98	16	L
98	17	Uc
98	18	L
98	19	L
98	20	L
98	21	-1
98	22	L
98	23	L
98	24	-1
98	25	Uc
98	26	L
98	27	Uc
98	28	Lc
98	29	L
98	30	Lc
98	31	-1
98	32	L
98	33	Uc
98	34	Uc
98	35	Uc
98	36	-1
98	37	Lc
98	38	Lc
98	39	Uc
98	40	L
98	41	Uc
98	42	Uc
98	43	Uc
98	44	Uc
98	45	Uc
98	46	Lc
98	47	-1
98	48	Lc
98	49	Lc
98	50	Lc
98	51	Lc
98	52	Lc
98	53	-1
98	54	Lc
98	55	Lc
98	56	Lc
98	57	-1
98	58	Lc
98	59	Lc
98	60	-1
98	61	Lc
98	62	Lc
98	63	-1
98	64	U
98	65	U
98	66	-1
98	67	L
98	68	Lc
98	69	Lc
98	70	-1
98	71	Lc
98	72	Lc
98	73	L
98	74	L
98	75	L
98	76	L
98	77	-1
98	78	L
98	79	L
98	80	L
98	81	-1
98	82	L
98	83	L
98	84	L
98	85	-1
98	86	L
98	87	L
98	88	Lc
98	89	-1
98	90	Lc
98	91	Lc
98	92	Lc
98	93	Lc
98	94	L
98	95	L
98	96	-1
98	97	L
98	98	L
98	99	-1
98	100	L
98	101	L
98	102	L
98	103	Lc
98	104	-1
98	105	L
98	106	L
98	107	-1
98	108	-1
98	109	L
98	110	-1
98	111	Lc
98	112	Lc
98	113	-1
98	114	-1
98	115	-1
98	116	L
98	117	L
98	118	L
98	119	L
99	0	Lc
99	1	L
99	2	L
99	3	Lc
99	4	L
99	5	Lc
99	6	L
99	7	U
99	8	L
99	9	L
99	10	L
99	11	-1
99	12	-1
99	13	L
99	14	L
99	15	L
99	16	-1
99	17	L
99	18	L
99	19	L
99	20	L
99	21	L
99	22	L
99	23	L
99	24	L
99	25	Lc
99	26	Uc
99	27	Lc
99	28	-1
99	29	Lc
99	30	L
99	31	Lc
99	32	L
99	33	Uc
99	34	-1
99	35	-1
99	36	Lc
99	37	Lc
99	38	Uc
99	39	Uc
99	40	Uc
99	41	-1
99	42	Uc
99	43	Uc
99	44	Uc
99	45	Lc
99	46	Lc
99	47	Lc
99	48	Lc
99	49	Lc
99	50	Lc
99	51	Lc
99	52	-1
99	53	Lc
99	54	Lc
99	55	-1
99	56	Lc
99	57	U
99	58	Lc
99	59	-1
99	60	Lc
99	61	Lc
99	62	L
99	63	U
99	64	U
99	65	Uc
99	66	Uc
99	67	Lc
99	68	Lc
99	69	Lc
99	70	L
99	71	Lc
99	72	Lc
99	73	Lc
99	74	L
99	75	L
99	76	Uc
99	77	Uc
99	78	L
99	79	L
99	80	Uc
99	81	Uc
99	82	-1
99	83	L
99	84	L
99	85	L
99	86	L
99	87	Uc
99	88	-1
99	89	L
99	90	Lc
99	91	Lc
99	92	Lc
99	93	Lc
99	94	L
99	95	L
99	96	Lc
99	97	L
99	98	L
99	99	L
99	100	L
99	101	-1
99	102	L
99	103	-1
99	104	L
99	105	-1
99	106	L
99	107	L
99	108	-1
99	109	L
99	110	L
99	111	Lc
99	112	Lc
99	113	Lc
99	114	L
99	115	L
99	116	L
99	117	L
99	118	L
99	119	L
100	0	L
100	1	Lc
100	2	-1
100	3	L
100	4	Lc
100	5	-1
100	6	U
100	7	L
100	8	-1
100	9	L
100	10	L
100	11	L
100	12	L
100	13	L
100	14	L
100	15	L
100	16	Lc
100	17	Lc
100	18	L
100	19	-1
100	20	L
100	21	L
100	22	Lc
100	23	L
100	24	L
100	25	Lc
100	26	Lc
100	27	Lc
100	28	Lc
100	29	L
100	30	Lc
100	31	L
100	32	L
100	33	Lc
100	34	Lc
100	35	Lc
100	36	L
100	37	L
100	38	-1
100	39	Lc
100	40	Uc
100	41	Uc
100	42	Uc
100	43	Uc
100	44	-1
100	45	L
100	46	-1
100	47	Lc
100	48	Lc
100	49	Lc
100	50	Lc
100	51	U
100	52	-1
100	53	-1
100	54	Lc
100	55	-1
100	56	-1
100	57	U
100	58	U
100	59	Lc
100	60	Lc
100	61	Lc
100	62	Lc
100	63	-1
100	64	-1
100	65	Lc
100	66	Uc
100	67	-1
100	68	-1
100	69	L
100	70	L
100	71	L
100	72	L
100	73	L
100	74	Lc
100	75	Lc
100	76	Lc
100	77	Lc
100	78	Uc
100	79	Uc
100	80	Uc
100	81	Uc
100	82	Uc
100	83	Uc
100	84	-1
100	85	L
100	86	L
100	87	Lc
100	88	Lc
100	89	L
100	90	L
100	91	-1
100	92	L
100	93	L
100	94	Lc
100	95	Lc
100	96	L
100	97	L
100	98	L
100	99	L
100	100	L
100	101	-1
100	102	L
100	103	L
100	104	L
100	105	L
100	106	L
100	107	L
100	108	-1
100	109	-1
100	110	L
100	111	L
100	112	Lc
100	113	L
100	114	L
100	115	L
100	116	L
100	117	L
100	118	L
100	119	L
101	0	L
101	1	-1
101	2	-1
101	3	L
101	4	-1
101	5	Lc
101	6	L
101	7	L
101	8	L
101	9	L
101	10	Lc
101	11	Uc
101	12	L
101	13	L
101	14	L
101	15	Lc
101	16	L
101	17	Lc
101	18	L
101	19	-1
101	20	-1
101	21	L
101	22	L
101	23	L
101	24	Lc
101	25	Lc
101	26	Lc
101	27	Lc
101	28	L
101	29	L
101	30	Lc
101	31	Lc
101	32	Lc
101	33	Lc
101	34	-1
101	35	Lc
101	36	Lc
101	37	Lc
101	38	Lc
101	39	Uc
101	40	Uc
101	41	Uc
101	42	Uc
101	43	-1
101	44	Lc
101	45	-1
101	46	-1
101	47	Lc
101	48	Lc
101	49	Lc
101	50	U
101	51	Lc
101	52	Lc
101	53	L
101	54	-1
101	55	Lc
101	56	Lc
101	57	Lc
101	58	-1
101	59	-1
101	60	Lc
101	61	Lc
101	62	Lc
101	63	U
101	64	Lc
101	65	Lc
101	66	-1
101	67	U
101	68	L
101	69	L
101	70	L
101	71	L
101	72	L
101	73	L
101	74	L
101	75	L
101	76	Lc
101	77	Lc
101	78	Uc
101	79	Lc
101	80	Lc
101	81	Uc
101	82	L
101	83	-1
101	84	L
101	85	Lc
101	86	Lc
101	87	-1
101	88	Lc
101	89	Lc
101	90	L
101	91	L
101	92	L
101	93	-1
101	94	Lc
101	95	-1
101	96	L
101	97	L
101	98	L
101	99	-1
101	100	Lc
101	101	L
101	102	L
101	103	L
101	104	L
101	105	L
101	106	-1
101	107	L
101	108	L
101	109	L
101	110	L
101	111	L
101	112	Lc
101	113	L
101	114	L
101	115	L
101	116	L
101	117	L
101	118	L
101	119	L
102	0	Lc
102	1	Lc
102	2	Lc
102	3	Lc
102	4	Lc
102	5	Lc
102	6	L
102	7	-1
102	8	L
102	9	Lc
102	10	Lc
102	11	-1
102	12	L
102	13	-1
102	14	L
102	15	L
102	16	L
102	17	L
102	18	L
102	19	L
102	20	L
102	21	L
102	22	-1
102	23	-1
102	24	-1
102	25	Lc
102	26	Lc
102	27	Lc
102	28	-1
102	29	L
102	30	Lc
102	31	-1
102	32	Lc
102	33	Lc
102	34	Lc
102	35	L
102	36	Lc
102	37	Lc
102	38	Lc
102	39	Lc
102	40	Lc
102	41	Lc
102	42	-1
102	43	Lc
102	44	Uc
102	45	Lc
102	46	-1
102	47	-1
102	48	-1
102	49	U
102	50	-1
102	51	Lc
102	52	Lc
102	53	-1
102	54	Lc
102	55	Lc
102	56	Lc
102	57	Lc
102	58	Lc
102	59	Lc
102	60	-1
102	61	U
102	62	U
102	63	U
102	64	Lc
102	65	Lc
102	66	U
102	67	Lc
102	68	Lc
102	69	Lc
102	70	Lc
102	71	L
102	72	L
102	73	Lc
102	74	Lc
102	75	L
102	76	L
102	77	Lc
102	78	Uc
102	79	Lc
102	80	Lc
102	81	Lc
102	82	-1
102	83	L
102	84	L
102	85	Lc
102	86	Lc
102	87	Lc
102	88	Lc
102	89	Lc
102	90	L
102	91	L
102	92	Lc
102	93	-1
102	94	L
102	95	L
102	96	L
102	97	-1
102	98	L
102	99	Lc
102	100	-1
102	101	L
102	102	L
102	103	L
102	104	L
102	105	L
102	106	L
102	107	L
102	108	-1
102	109	L
102	110	-1
102	111	L
102	112	L
102	113	L
102	114	-1
102	115	L
102	116	L
102	117	L
102	118	Lc
102	119	-1
103	0	Lc
103	1	Lc
103	2	Lc
103	3	Lc
103	4	-1
103	5	Lc
103	6	L
103	7	L
103	8	Lc
103	9	Lc
103	10	-1
103	11	Lc
103	12	-1
103	13	L
103	14	L
103	15	L
103	16	L
103	17	L
103	18	L
103	19	-1
103	20	-1
103	21	L
103	22	Lc
103	23	Lc
103	24	-1
103	25	Lc
103	26	-1
103	27	-1
103	28	-1
103	29	-1
103	30	L
103	31	L
103	32	L
103	33	Lc
103	34	-1
103	35	-1
103	36	-1
103	37	-1
103	38	-1
103	39	Lc
103	40	Lc
103	41	-1
103	42	-1
103	43	Lc
103	44	Lc
103	45	Lc
103	46	Lc
103	47	Lc
103	48	Lc
103	49	-1
103	50	-1
103	51	U
103	52	Lc
103	53	Lc
103	54	Lc
103	55	Lc
103	56	Lc
103	57	Lc
103	58	Lc
103	59	Lc
103	60	U
103	61	U
103	62	U
103	63	U
103	64	U
103	65	L
103	66	-1
103	67	Lc
103	68	Lc
103	69	Uc
103	70	Lc
103	71	-1
103	72	Lc
103	73	L
103	74	Lc
103	75	Lc
103	76	-1
103	77	Lc
103	78	Lc
103	79	Lc
103	80	Lc
103	81	L
103	82	Lc
103	83	Lc
103	84	L
103	85	Lc
103	86	-1
103	87	Lc
103	88	Lc
103	89	L
103	90	Lc
103	91	Lc
103	92	-1
103	93	Lc
103	94	Lc
103	95	L
103	96	L
103	97	L
103	98	L
103	99	-1
103	100	Lc
103	101	L
103	102	-1
103	103	-1
103	104	-1
103	105	L
103	106	-1
103	107	L
103	108	L
103	109	-1
103	110	-1
103	111	L
103	112	L
103	113	L
103	114	L
103	115	L
103	116	L
103	117	-1
103	118	L
103	119	Lc
104	0	Lc
104	1	Lc
104	2	L
104	3	L
104	4	Lc
104	5	Lc
104	6	L
104	7	Lc
104	8	Lc
104	9	Lc
104	10	Lc
104	11	L
104	12	Uc
104	13	Uc
104	14	L
104	15	-1
104	16	L
104	17	L
104	18	L
104	19	-1
104	20	-1
104	21	Uc
104	22	Lc
104	23	Lc
104	24	Lc
104	25	Uc
104	26	-1
104	27	Lc
104	28	-1
104	29	Uc
104	30	L
104	31	L
104	32	Lc
104	33	Lc
104	34	Lc
104	35	Lc
104	36	-1
104	37	-1
104	38	Uc
104	39	Lc
104	40	Uc
104	41	Lc
104	42	-1
104	43	Lc
104	44	L
104	45	-1
104	46	Lc
104	47	Lc
104	48	-1
104	49	L
104	50	L
104	51	-1
104	52	L
104	53	Lc
104	54	Lc
104	55	Lc
104	56	Lc
104	57	-1
104	58	Lc
104	59	U
104	60	U
104	61	U
104	62	U
104	63	U
104	64	L
104	65	L
104	66	-1
104	67	-1
104	68	Lc
104	69	Uc
104	70	Uc
104	71	Lc
104	72	-1
104	73	Lc
104	74	Lc
104	75	-1
104	76	Lc
104	77	-1
104	78	-1
104	79	-1
104	80	-1
104	81	-1
104	82	L
104	83	L
104	84	Lc
104	85	Lc
104	86	Lc
104	87	Lc
104	88	Lc
104	89	Lc
104	90	Lc
104	91	L
104	92	L
104	93	Lc
104	94	Lc
104	95	L
104	96	-1
104	97	L
104	98	L
104	99	L
104	100	-1
104	101	Lc
104	102	-1
104	103	L
104	104	L
104	105	U
104	106	L
104	107	L
104	108	Lc
104	109	Lc
104	110	L
104	111	L
104	112	L
104	113	-1
104	114	L
104	115	L
104	116	L
104	117	L
104	118	-1
104	119	Lc
105	0	L
105	1	Lc
105	2	Lc
105	3	Lc
105	4	Lc
105	5	Lc
105	6	Lc
105	7	Lc
105	8	Lc
105	9	Lc
105	10	Lc
105	11	L
105	12	L
105	13	L
105	14	L
105	15	L
105	16	L
105	17	-1
105	18	L
105	19	Lc
105	20	-1
105	21	Uc
105	22	Lc
105	23	Lc
105	24	-1
105	25	Uc
105	26	Lc
105	27	-1
105	28	Lc
105	29	Uc
105	30	Uc
105	31	L
105	32	L
105	33	Lc
105	34	Lc
105	35	Lc
105	36	Uc
105	37	Uc
105	38	Lc
105	39	Lc
105	40	Lc
105	41	Lc
105	42	Lc
105	43	Lc
105	44	L
105	45	Lc
105	46	-1
105	47	-1
105	48	Lc
105	49	Lc
105	50	L
105	51	L
105	52	Lc
105	53	Lc
105	54	-1
105	55	Lc
105	56	Lc
105	57	Lc
105	58	Lc
105	59	U
105	60	Lc
105	61	-1
105	62	U
105	63	-1
105	64	U
105	65	Lc
105	66	-1
105	67	Lc
105	68	Lc
105	69	-1
105	70	Uc
105	71	Lc
105	72	-1
105	73	Lc
105	74	Lc
105	75	L
105	76	-1
105	77	Lc
105	78	Lc
105	79	-1
105	80	-1
105	81	L
105	82	L
105	83	-1
105	84	Lc
105	85	-1
105	86	L
105	87	Lc
105	88	Lc
105	89	-1
105	90	-1
105	91	-1
105	92	L
105	93	Lc
105	94	Lc
105	95	L
105	96	L
105	97	L
105	98	L
105	99	L
105	100	-1
105	101	-1
105	102	-1
105	103	L
105	104	L
105	105	-1
105	106	L
105	107	L
105	108	-1
105	109	Lc
105	110	L
105	111	L
105	112	L
105	113	-1
105	114	L
105	115	L
105	116	L
105	117	-1
105	118	L
105	119	L
106	0	L
106	1	Lc
106	2	Lc
106	3	Lc
106	4	Uc
106	5	Lc
106	6	L
106	7	Lc
106	8	Lc
106	9	Lc
106	10	Lc
106	11	Lc
106	12	-1
106	13	L
106	14	L
106	15	L
106	16	L
106	17	Lc
106	18	Uc
106	19	U
106	20	Uc
106	21	Uc
106	22	Uc
106	23	Lc
106	24	Uc
106	25	L
106	26	-1
106	27	Lc
106	28	L
106	29	-1
106	30	-1
106	31	-1
106	32	Lc
106	33	Lc
106	34	-1
106	35	L
106	36	L
106	37	Uc
106	38	Lc
106	39	Lc
106	40	Lc
106	41	Lc
106	42	Lc
106	43	L
106	44	L
106	45	L
106	46	L
106	47	L
106	48	L
106	49	Lc
106	50	Lc
106	51	U
106	52	Lc
106	53	-1
106	54	Lc
106	55	-1
106	56	Lc
106	57	-1
106	58	Lc
106	59	Lc
106	60	Lc
106	61	-1
106	62	U
106	63	U
106	64	L
106	65	-1
106	66	Lc
106	67	Lc
106	68	Lc
106	69	-1
106	70	L
106	71	Lc
106	72	Lc
106	73	Lc
106	74	Lc
106	75	L
106	76	Uc
106	77	Lc
106	78	-1
106	79	L
106	80	L
106	81	-1
106	82	L
106	83	Lc
106	84	-1
106	85	-1
106	86	L
106	87	L
106	88	Lc
106	89	-1
106	90	L
106	91	L
106	92	L
106	93	L
106	94	L
106	95	L
106	96	L
106	97	-1
106	98	L
106	99	L
106	100	L
106	101	L
106	102	L
106	103	L
106	104	L
106	105	L
106	106	L
106	107	L
106	108	L
106	109	L
106	110	L
106	111	L
106	112	L
106	113	L
106	114	L
106	115	L
106	116	L
106	117	L
106	118	L
106	119	L
107	0	L
107	1	-1
107	2	Lc
107	3	Lc
107	4	Lc
107	5	Lc
107	6	Lc
107	7	L
107	8	L
107	9	Lc
107	10	Lc
107	11	Lc
107	12	L
107	13	L
107	14	L
107	15	-1
107	16	-1
107	17	Lc
107	18	L
107	19	Uc
107	20	Uc
107	21	Uc
107	22	Uc
107	23	-1
107	24	L
107	25	-1
107	26	Uc
107	27	Uc
107	28	-1
107	29	-1
107	30	-1
107	31	L
107	32	L
107	33	L
107	34	Lc
107	35	-1
107	36	Lc
107	37	Lc
107	38	Lc
107	39	Lc
107	40	Lc
107	41	-1
107	42	Lc
107	43	Lc
107	44	Lc
107	45	Lc
107	46	L
107	47	-1
107	48	L
107	49	-1
107	50	Lc
107	51	Lc
107	52	Lc
107	53	-1
107	54	U
107	55	Lc
107	56	Lc
107	57	L
107	58	Lc
107	59	Lc
107	60	Lc
107	61	U
107	62	U
107	63	L
107	64	L
107	65	L
107	66	-1
107	67	-1
107	68	L
107	69	L
107	70	L
107	71	Lc
107	72	Lc
107	73	-1
107	74	Lc
107	75	Uc
107	76	Lc
107	77	L
107	78	Lc
107	79	Lc
107	80	Lc
107	81	L
107	82	L
107	83	L
107	84	Lc
107	85	L
107	86	L
107	87	-1
107	88	Lc
107	89	L
107	90	L
107	91	L
107	92	-1
107	93	L
107	94	-1
107	95	-1
107	96	L
107	97	L
107	98	L
107	99	L
107	100	L
107	101	L
107	102	L
107	103	L
107	104	L
107	105	L
107	106	-1
107	107	L
107	108	L
107	109	Lc
107	110	Lc
107	111	L
107	112	-1
107	113	L
107	114	-1
107	115	Lc
107	116	L
107	117	L
107	118	L
107	119	L
108	0	L
108	1	L
108	2	Lc
108	3	Lc
108	4	U
108	5	Lc
108	6	L
108	7	L
108	8	L
108	9	L
108	10	Lc
108	11	L
108	12	Lc
108	13	Lc
108	14	L
108	15	-1
108	16	L
108	17	L
108	18	Uc
108	19	-1
108	20	Uc
108	21	Uc
108	22	Uc
108	23	Uc
108	24	-1
108	25	Uc
108	26	Uc
108	27	Uc
108	28	Lc
108	29	Uc
108	30	Lc
108	31	Lc
108	32	Lc
108	33	Lc
108	34	Lc
108	35	L
108	36	L
108	37	-1
108	38	Lc
108	39	Lc
108	40	-1
108	41	Lc
108	42	Lc
108	43	Lc
108	44	Lc
108	45	Lc
108	46	-1
108	47	Lc
108	48	L
108	49	L
108	50	-1
108	51	L
108	52	L
108	53	L
108	54	Lc
108	55	Lc
108	56	L
108	57	Lc
108	58	L
108	59	Lc
108	60	Lc
108	61	Lc
108	62	Lc
108	63	Lc
108	64	L
108	65	L
108	66	L
108	67	L
108	68	L
108	69	L
108	70	L
108	71	-1
108	72	-1
108	73	Lc
108	74	-1
108	75	Lc
108	76	Lc
108	77	Lc
108	78	L
108	79	Lc
108	80	L
108	81	-1
108	82	L
108	83	L
108	84	L
108	85	L
108	86	L
108	87	Lc
108	88	L
108	89	Lc
108	90	L
108	91	L
108	92	-1
108	93	-1
108	94	L
108	95	L
108	96	L
108	97	L
108	98	L
108	99	L
108	100	L
108	101	L
108	102	L
108	103	L
108	104	-1
108	105	Lc
108	106	L
108	107	Lc
108	108	Lc
108	109	L
108	110	Lc
108	111	-1
108	112	L
108	113	U
108	114	Lc
108	115	L
108	116	L
108	117	-1
108	118	L
108	119	-1
109	0	Lc
109	1	Uc
109	2	Lc
109	3	U
109	4	Lc
109	5	-1
109	6	L
109	7	U
109	8	L
109	9	L
109	10	L
109	11	-1
109	12	Lc
109	13	-1
109	14	-1
109	15	-1
109	16	L
109	17	-1
109	18	-1
109	19	Lc
109	20	Uc
109	21	Uc
109	22	-1
109	23	Uc
109	24	Uc
109	25	Lc
109	26	Lc
109	27	Uc
109	28	U
109	29	L
109	30	Uc
109	31	-1
109	32	Lc
109	33	Uc
109	34	Uc
109	35	Uc
109	36	Uc
109	37	-1
109	38	Lc
109	39	Lc
109	40	Lc
109	41	Lc
109	42	Lc
109	43	Lc
109	44	Lc
109	45	Lc
109	46	Lc
109	47	Lc
109	48	Lc
109	49	Lc
109	50	L
109	51	-1
109	52	L
109	53	L
109	54	L
109	55	Lc
109	56	Lc
109	57	Lc
109	58	-1
109	59	L
109	60	Lc
109	61	Lc
109	62	L
109	63	Lc
109	64	Lc
109	65	L
109	66	L
109	67	Lc
109	68	L
109	69	L
109	70	-1
109	71	L
109	72	L
109	73	-1
109	74	Lc
109	75	Lc
109	76	Lc
109	77	L
109	78	-1
109	79	Lc
109	80	L
109	81	L
109	82	L
109	83	L
109	84	L
109	85	Lc
109	86	L
109	87	L
109	88	L
109	89	-1
109	90	L
109	91	L
109	92	L
109	93	L
109	94	L
109	95	L
109	96	L
109	97	L
109	98	L
109	99	-1
109	100	L
109	101	L
109	102	-1
109	103	L
109	104	L
109	105	L
109	106	Lc
109	107	Lc
109	108	Lc
109	109	L
109	110	-1
109	111	Lc
109	112	U
109	113	Lc
109	114	Lc
109	115	Lc
109	116	L
109	117	L
109	118	L
109	119	L
110	0	Lc
110	1	Lc
110	2	-1
110	3	Lc
110	4	Lc
110	5	Lc
110	6	L
110	7	L
110	8	-1
110	9	L
110	10	L
110	11	L
110	12	Lc
110	13	Lc
110	14	Lc
110	15	-1
110	16	-1
110	17	Lc
110	18	Lc
110	19	-1
110	20	Uc
110	21	Lc
110	22	Lc
110	23	Uc
110	24	Lc
110	25	-1
110	26	L
110	27	L
110	28	L
110	29	L
110	30	L
110	31	L
110	32	Lc
110	33	Lc
110	34	Lc
110	35	Uc
110	36	-1
110	37	-1
110	38	Lc
110	39	Lc
110	40	Uc
110	41	Lc
110	42	Lc
110	43	Lc
110	44	Lc
110	45	Lc
110	46	Lc
110	47	Lc
110	48	Lc
110	49	Lc
110	50	Lc
110	51	Lc
110	52	Lc
110	53	L
110	54	Lc
110	55	Lc
110	56	Lc
110	57	Lc
110	58	Lc
110	59	Lc
110	60	-1
110	61	Lc
110	62	L
110	63	L
110	64	L
110	65	L
110	66	Lc
110	67	L
110	68	-1
110	69	-1
110	70	L
110	71	L
110	72	L
110	73	-1
110	74	Lc
110	75	Lc
110	76	Lc
110	77	-1
110	78	Lc
110	79	Lc
110	80	-1
110	81	Lc
110	82	L
110	83	L
110	84	L
110	85	-1
110	86	Lc
110	87	L
110	88	L
110	89	L
110	90	L
110	91	L
110	92	L
110	93	L
110	94	L
110	95	L
110	96	L
110	97	L
110	98	L
110	99	-1
110	100	L
110	101	L
110	102	L
110	103	L
110	104	L
110	105	L
110	106	Lc
110	107	-1
110	108	L
110	109	L
110	110	L
110	111	Lc
110	112	Lc
110	113	-1
110	114	Lc
110	115	Lc
110	116	L
110	117	-1
110	118	L
110	119	L
111	0	L
111	1	Lc
111	2	-1
111	3	Lc
111	4	Lc
111	5	Lc
111	6	-1
111	7	L
111	8	Lc
111	9	-1
111	10	-1
111	11	-1
111	12	Lc
111	13	Lc
111	14	L
111	15	Lc
111	16	Lc
111	17	Lc
111	18	Lc
111	19	Lc
111	20	-1
111	21	-1
111	22	Uc
111	23	Uc
111	24	Uc
111	25	-1
111	26	-1
111	27	L
111	28	L
111	29	L
111	30	Lc
111	31	Lc
111	32	Lc
111	33	Uc
111	34	Lc
111	35	Uc
111	36	-1
111	37	Uc
111	38	Uc
111	39	Uc
111	40	Lc
111	41	Lc
111	42	-1
111	43	-1
111	44	-1
111	45	-1
111	46	Lc
111	47	L
111	48	Lc
111	49	Lc
111	50	Lc
111	51	Lc
111	52	Lc
111	53	Lc
111	54	Lc
111	55	-1
111	56	-1
111	57	Lc
111	58	Lc
111	59	Lc
111	60	L
111	61	Lc
111	62	Lc
111	63	Lc
111	64	-1
111	65	Lc
111	66	-1
111	67	Lc
111	68	-1
111	69	-1
111	70	Uc
111	71	Lc
111	72	Lc
111	73	L
111	74	Lc
111	75	Lc
111	76	-1
111	77	L
111	78	L
111	79	L
111	80	L
111	81	Lc
111	82	-1
111	83	L
111	84	L
111	85	-1
111	86	Lc
111	87	-1
111	88	-1
111	89	L
111	90	L
111	91	-1
111	92	L
111	93	L
111	94	L
111	95	-1
111	96	L
111	97	L
111	98	L
111	99	L
111	100	L
111	101	L
111	102	Lc
111	103	Lc
111	104	Lc
111	105	Lc
111	106	L
111	107	L
111	108	L
111	109	L
111	110	Lc
111	111	Lc
111	112	Lc
111	113	Lc
111	114	Lc
111	115	Lc
111	116	-1
111	117	-1
111	118	-1
111	119	L
112	0	L
112	1	Lc
112	2	Lc
112	3	Lc
112	4	Lc
112	5	-1
112	6	Lc
112	7	-1
112	8	Lc
112	9	Lc
112	10	-1
112	11	Lc
112	12	Lc
112	13	Lc
112	14	-1
112	15	Lc
112	16	-1
112	17	L
112	18	Lc
112	19	Lc
112	20	L
112	21	L
112	22	L
112	23	L
112	24	-1
112	25	Lc
112	26	L
112	27	L
112	28	L
112	29	Lc
112	30	L
112	31	Lc
112	32	Uc
112	33	Uc
112	34	Lc
112	35	Lc
112	36	Lc
112	37	Uc
112	38	Uc
112	39	Uc
112	40	Uc
112	41	-1
112	42	-1
112	43	Lc
112	44	-1
112	45	Lc
112	46	Lc
112	47	L
112	48	Lc
112	49	Lc
112	50	Lc
112	51	-1
112	52	-1
112	53	Lc
112	54	Lc
112	55	-1
112	56	Lc
112	57	Lc
112	58	Lc
112	59	Lc
112	60	L
112	61	Lc
112	62	Lc
112	63	L
112	64	-1
112	65	Lc
112	66	Lc
112	67	Lc
112	68	Lc
112	69	Lc
112	70	Lc
112	71	-1
112	72	-1
112	73	L
112	74	L
112	75	L
112	76	L
112	77	L
112	78	L
112	79	L
112	80	-1
112	81	Lc
112	82	Lc
112	83	Lc
112	84	L
112	85	L
112	86	L
112	87	L
112	88	L
112	89	L
112	90	L
112	91	L
112	92	-1
112	93	L
112	94	-1
112	95	L
112	96	L
112	97	L
112	98	L
112	99	Lc
112	100	Lc
112	101	L
112	102	-1
112	103	Lc
112	104	Lc
112	105	L
112	106	L
112	107	L
112	108	L
112	109	L
112	110	L
112	111	Lc
112	112	Lc
112	113	Lc
112	114	Lc
112	115	Lc
112	116	-1
112	117	L
112	118	-1
112	119	L
113	0	L
113	1	Lc
113	2	Lc
113	3	Lc
113	4	Lc
113	5	Lc
113	6	Lc
113	7	-1
113	8	-1
113	9	Lc
113	10	Lc
113	11	Lc
113	12	-1
113	13	Lc
113	14	Lc
113	15	L
113	16	L
113	17	L
113	18	L
113	19	Lc
113	20	Lc
113	21	-1
113	22	L
113	23	Lc
113	24	Lc
113	25	Lc
113	26	L
113	27	-1
113	28	L
113	29	Lc
113	30	Lc
113	31	Lc
113	32	Lc
113	33	Lc
113	34	Lc
113	35	Lc
113	36	Lc
113	37	Lc
113	38	Lc
113	39	Lc
113	40	Lc
113	41	Lc
113	42	Lc
113	43	Lc
113	44	Lc
113	45	L
113	46	L
113	47	Lc
113	48	-1
113	49	-1
113	50	-1
113	51	L
113	52	L
113	53	L
113	54	L
113	55	-1
113	56	Lc
113	57	L
113	58	Lc
113	59	Lc
113	60	L
113	61	Lc
113	62	L
113	63	-1
113	64	-1
113	65	Lc
113	66	Lc
113	67	Lc
113	68	Lc
113	69	L
113	70	Lc
113	71	Lc
113	72	Lc
113	73	L
113	74	L
113	75	L
113	76	L
113	77	L
113	78	L
113	79	-1
113	80	L
113	81	L
113	82	Lc
113	83	-1
113	84	-1
113	85	L
113	86	L
113	87	-1
113	88	L
113	89	L
113	90	-1
113	91	-1
113	92	L
113	93	L
113	94	L
113	95	L
113	96	Lc
113	97	L
113	98	-1
113	99	L
113	100	L
113	101	Lc
113	102	Lc
113	103	L
113	104	L
113	105	L
113	106	Lc
113	107	L
113	108	L
113	109	L
113	110	L
113	111	Lc
113	112	-1
113	113	Lc
113	114	Lc
113	115	Lc
113	116	L
113	117	-1
113	118	L
113	119	-1
114	0	-1
114	1	-1
114	2	Lc
114	3	-1
114	4	Lc
114	5	-1
114	6	Lc
114	7	Lc
114	8	Lc
114	9	Lc
114	10	-1
114	11	Lc
114	12	Lc
114	13	Lc
114	14	-1
114	15	-1
114	16	L
114	17	L
114	18	L
114	19	L
114	20	Lc
114	21	L
114	22	Lc
114	23	L
114	24	-1
114	25	Lc
114	26	Lc
114	27	L
114	28	Lc
114	29	Lc
114	30	Lc
114	31	-1
114	32	Lc
114	33	Lc
114	34	Lc
114	35	Lc
114	36	Lc
114	37	Lc
114	38	Lc
114	39	-1
114	40	Lc
114	41	Lc
114	42	Lc
114	43	Lc
114	44	Lc
114	45	-1
114	46	Lc
114	47	Lc
114	48	Lc
114	49	-1
114	50	Lc
114	51	-1
114	52	Lc
114	53	L
114	54	Lc
114	55	-1
114	56	Lc
114	57	Lc
114	58	Lc
114	59	Lc
114	60	-1
114	61	-1
114	62	Lc
114	63	-1
114	64	-1
114	65	-1
114	66	Lc
114	67	-1
114	68	L
114	69	Lc
114	70	Lc
114	71	Lc
114	72	-1
114	73	-1
114	74	L
114	75	-1
114	76	L
114	77	L
114	78	L
114	79	Lc
114	80	L
114	81	-1
114	82	L
114	83	-1
114	84	Lc
114	85	-1
114	86	L
114	87	L
114	88	L
114	89	L
114	90	L
114	91	L
114	92	L
114	93	L
114	94	L
114	95	L
114	96	Lc
114	97	-1
114	98	-1
114	99	L
114	100	L
114	101	Lc
114	102	-1
114	103	L
114	104	L
114	105	L
114	106	-1
114	107	-1
114	108	Lc
114	109	Lc
114	110	-1
114	111	Lc
114	112	-1
114	113	-1
114	114	Lc
114	115	L
114	116	-1
114	117	L
114	118	-1
114	119	Lc
115	0	Lc
115	1	Lc
115	2	Lc
115	3	-1
115	4	Lc
115	5	Lc
115	6	Lc
115	7	Lc
115	8	L
115	9	Lc
115	10	Lc
115	11	Lc
115	12	-1
115	13	Lc
115	14	Lc
115	15	Lc
115	16	Lc
115	17	L
115	18	L
115	19	L
115	20	L
115	21	Lc
115	22	Lc
115	23	L
115	24	L
115	25	-1
115	26	-1
115	27	Lc
115	28	Lc
115	29	Lc
115	30	Lc
115	31	Lc
115	32	Lc
115	33	-1
115	34	Lc
115	35	-1
115	36	Lc
115	37	-1
115	38	-1
115	39	Lc
115	40	Lc
115	41	Lc
115	42	Lc
115	43	Lc
115	44	L
115	45	L
115	46	Lc
115	47	Lc
115	48	Lc
115	49	-1
115	50	Lc
115	51	Lc
115	52	L
115	53	Lc
115	54	L
115	55	Lc
115	56	-1
115	57	L
115	58	Lc
115	59	Lc
115	60	-1
115	61	Lc
115	62	Lc
115	63	Lc
115	64	Lc
115	65	Lc
115	66	Lc
115	67	Lc
115	68	L
115	69	L
115	70	Lc
115	71	Lc
115	72	-1
115	73	L
115	74	-1
115	75	L
115	76	-1
115	77	L
115	78	L
115	79	L
115	80	Lc
115	81	Lc
115	82	Lc
115	83	L
115	84	-1
115	85	Lc
115	86	Lc
115	87	L
115	88	L
115	89	Lc
115	90	L
115	91	L
115	92	L
115	93	L
115	94	U
115	95	L
115	96	Lc
115	97	-1
115	98	Lc
115	99	Lc
115	100	Lc
115	101	Lc
115	102	Lc
115	103	-1
115	104	-1
115	105	L
115	106	-1
115	107	-1
115	108	L
115	109	Lc
115	110	Lc
115	111	Lc
115	112	Lc
115	113	-1
115	114	Lc
115	115	L
115	116	Lc
115	117	L
115	118	L
115	119	Lc
116	0	Lc
116	1	-1
116	2	Lc
116	3	Lc
116	4	Lc
116	5	Lc
116	6	-1
116	7	Lc
116	8	L
116	9	Lc
116	10	Lc
116	11	-1
116	12	Lc
116	13	-1
116	14	-1
116	15	Lc
116	16	L
116	17	Lc
116	18	Lc
116	19	-1
116	20	Lc
116	21	-1
116	22	-1
116	23	Lc
116	24	L
116	25	L
116	26	L
116	27	-1
116	28	Lc
116	29	Lc
116	30	Lc
116	31	Lc
116	32	Lc
116	33	Lc
116	34	-1
116	35	-1
116	36	Lc
116	37	Lc
116	38	-1
116	39	Lc
116	40	Lc
116	41	Lc
116	42	L
116	43	L
116	44	-1
116	45	-1
116	46	Lc
116	47	Lc
116	48	L
116	49	Lc
116	50	Lc
116	51	L
116	52	-1
116	53	L
116	54	-1
116	55	L
116	56	L
116	57	L
116	58	L
116	59	L
116	60	-1
116	61	L
116	62	-1
116	63	Lc
116	64	Lc
116	65	Lc
116	66	Lc
116	67	Lc
116	68	L
116	69	L
116	70	L
116	71	Lc
116	72	L
116	73	-1
116	74	L
116	75	L
116	76	L
116	77	L
116	78	L
116	79	-1
116	80	Lc
116	81	-1
116	82	L
116	83	Lc
116	84	Lc
116	85	L
116	86	L
116	87	Lc
116	88	Lc
116	89	Lc
116	90	Lc
116	91	L
116	92	-1
116	93	U
116	94	U
116	95	Lc
116	96	Lc
116	97	-1
116	98	Lc
116	99	Lc
116	100	Lc
116	101	Lc
116	102	-1
116	103	Lc
116	104	L
116	105	L
116	106	L
116	107	Lc
116	108	Lc
116	109	L
116	110	L
116	111	Lc
116	112	Lc
116	113	-1
116	114	L
116	115	Lc
116	116	Lc
116	117	L
116	118	Lc
116	119	-1
117	0	Lc
117	1	Lc
117	2	Lc
117	3	Lc
117	4	Lc
117	5	Lc
117	6	-1
117	7	L
117	8	-1
117	9	-1
117	10	Lc
117	11	Lc
117	12	Lc
117	13	Lc
117	14	Lc
117	15	Lc
117	16	Lc
117	17	Lc
117	18	-1
117	19	Lc
117	20	Lc
117	21	Lc
117	22	Lc
117	23	Lc
117	24	Lc
117	25	L
117	26	L
117	27	L
117	28	-1
117	29	-1
117	30	-1
117	31	Lc
117	32	-1
117	33	Lc
117	34	Lc
117	35	Lc
117	36	Lc
117	37	Lc
117	38	Lc
117	39	-1
117	40	-1
117	41	L
117	42	L
117	43	L
117	44	L
117	45	Lc
117	46	L
117	47	L
117	48	L
117	49	L
117	50	-1
117	51	Lc
117	52	L
117	53	L
117	54	Lc
117	55	Lc
117	56	L
117	57	L
117	58	-1
117	59	L
117	60	L
117	61	Lc
117	62	-1
117	63	Lc
117	64	Lc
117	65	Lc
117	66	-1
117	67	-1
117	68	L
117	69	Lc
117	70	Lc
117	71	Lc
117	72	-1
117	73	L
117	74	L
117	75	L
117	76	-1
117	77	-1
117	78	L
117	79	Lc
117	80	-1
117	81	L
117	82	L
117	83	L
117	84	Lc
117	85	-1
117	86	-1
117	87	Lc
117	88	Lc
117	89	Lc
117	90	-1
117	91	-1
117	92	-1
117	93	-1
117	94	U
117	95	L
117	96	Lc
117	97	-1
117	98	Lc
117	99	-1
117	100	U
117	101	-1
117	102	L
117	103	-1
117	104	Lc
117	105	-1
117	106	L
117	107	-1
117	108	L
117	109	L
117	110	L
117	111	-1
117	112	Lc
117	113	Lc
117	114	U
117	115	L
117	116	Lc
117	117	Lc
117	118	Lc
117	119	Lc
118	0	-1
118	1	Lc
118	2	Lc
118	3	Lc
118	4	Lc
118	5	Lc
118	6	Lc
118	7	Lc
118	8	-1
118	9	Lc
118	10	Lc
118	11	-1
118	12	-1
118	13	Lc
118	14	Lc
118	15	Lc
118	16	Lc
118	17	Lc
118	18	Lc
118	19	-1
118	20	Lc
118	21	-1
118	22	Lc
118	23	Lc
118	24	-1
118	25	Lc
118	26	Lc
118	27	-1
118	28	Lc
118	29	Lc
118	30	Lc
118	31	-1
118	32	Lc
118	33	-1
118	34	Lc
118	35	Lc
118	36	Lc
118	37	Lc
118	38	-1
118	39	-1
118	40	Lc
118	41	Lc
118	42	L
118	43	-1
118	44	-1
118	45	L
118	46	L
118	47	L
118	48	-1
118	49	L
118	50	Lc
118	51	-1
118	52	L
118	53	Lc
118	54	Lc
118	55	-1
118	56	-1
118	57	-1
118	58	L
118	59	-1
118	60	L
118	61	Lc
118	62	-1
118	63	Lc
118	64	-1
118	65	Lc
118	66	L
118	67	L
118	68	Lc
118	69	Lc
118	70	Lc
118	71	-1
118	72	-1
118	73	-1
118	74	-1
118	75	L
118	76	L
118	77	L
118	78	L
118	79	L
118	80	-1
118	81	L
118	82	L
118	83	L
118	84	L
118	85	Lc
118	86	L
118	87	Lc
118	88	Lc
118	89	Lc
118	90	-1
118	91	-1
118	92	L
118	93	-1
118	94	-1
118	95	L
118	96	-1
118	97	-1
118	98	L
118	99	L
118	100	-1
118	101	-1
118	102	L
118	103	L
118	104	-1
118	105	-1
118	106	-1
118	107	L
118	108	L
118	109	-1
118	110	Lc
118	111	-1
118	112	U
118	113	U
118	114	Lc
118	115	Lc
118	116	Lc
118	117	Lc
118	118	-1
118	119	-1
119	0	-1
119	1	Lc
119	2	Lc
119	3	-1
119	4	Lc
119	5	Lc
119	6	L
119	7	Lc
119	8	L
119	9	Lc
119	10	-1
119	11	Lc
119	12	Lc
119	13	-1
119	14	Lc
119	15	Lc
119	16	Lc
119	17	Lc
119	18	Lc
119	19	-1
119	20	-1
119	21	Lc
119	22	Lc
119	23	Lc
119	24	-1
119	25	Lc
119	26	-1
119	27	-1
119	28	Lc
119	29	L
119	30	Lc
119	31	Lc
119	32	Lc
119	33	Lc
119	34	Lc
119	35	-1
119	36	Lc
119	37	Lc
119	38	Lc
119	39	-1
119	40	Lc
119	41	-1
119	42	L
119	43	L
119	44	-1
119	45	L
119	46	L
119	47	L
119	48	-1
119	49	-1
119	50	L
119	51	L
119	52	L
119	53	-1
119	54	L
119	55	L
119	56	L
119	57	L
119	58	L
119	59	L
119	60	Lc
119	61	Lc
119	62	L
119	63	-1
119	64	Lc
119	65	-1
119	66	L
119	67	L
119	68	-1
119	69	-1
119	70	-1
119	71	-1
119	72	L
119	73	L
119	74	-1
119	75	-1
119	76	L
119	77	L
119	78	L
119	79	L
119	80	L
119	81	Lc
119	82	L
119	83	-1
119	84	L
119	85	L
119	86	Lc
119	87	Lc
119	88	Lc
119	89	Lc
119	90	L
119	91	Lc
119	92	-1
119	93	L
119	94	L
119	95	Lc
119	96	Lc
119	97	-1
119	98	L
119	99	Lc
119	100	U
119	101	U
119	102	L
119	103	-1
119	104	-1
119	105	-1
119	106	L
119	107	L
119	108	L
119	109	-1
119	110	L
119	111	L
119	112	U
119	113	U
119	114	L
119	115	L
119	116	-1
119	117	-1
119	118	-1
119	119	-1
