0	0	-1
0	1	-1
0	2	-1
0	3	-1
0	4	L
0	5	L
0	6	L
0	7	L
0	8	-1
0	9	L
0	10	-1
0	11	L
0	12	-1
0	13	L
0	14	-1
0	15	-1
0	16	L
0	17	-1
0	18	L
0	19	-1
0	20	-1
0	21	-1
0	22	-1
0	23	L
0	24	-1
0	25	-1
0	26	L
0	27	-1
0	28	-1
0	29	-1
0	30	-1
0	31	L
0	32	-1
0	33	L
0	34	L
0	35	L
0	36	L
0	37	-1
0	38	L
0	39	-1
0	40	-1
0	41	U
0	42	-1
0	43	-1
0	44	U
0	45	-1
0	46	-1
0	47	L
0	48	-1
0	49	-1
0	50	-1
0	51	-1
0	52	L
0	53	L
0	54	L
0	55	-1
0	56	L
0	57	-1
0	58	L
0	59	L
0	60	L
0	61	L
0	62	-1
0	63	L
0	64	-1
0	65	-1
0	66	-1
0	67	-1
0	68	-1
0	69	L
0	70	L
0	71	U
0	72	-1
0	73	L
0	74	-1
0	75	-1
0	76	-1
0	77	-1
0	78	-1
0	79	L
0	80	L
0	81	-1
0	82	-1
0	83	L
0	84	-1
0	85	L
0	86	L
0	87	-1
0	88	-1
0	89	-1
0	90	L
0	91	-1
0	92	L
0	93	-1
0	94	L
0	95	L
0	96	-1
0	97	L
0	98	L
0	99	-1
0	100	L
0	101	-1
0	102	L
0	103	L
0	104	-1
0	105	-1
0	106	L
0	107	L
0	108	-1
0	109	L
0	110	L
0	111	-1
0	112	-1
0	113	-1
0	114	-1
0	115	-1
0	116	-1
0	117	-1
0	118	-1
0	119	L
1	0	L
1	1	-1
1	2	-1
1	3	-1
1	4	-1
1	5	L
1	6	-1
1	7	L
1	8	-1
1	9	-1
1	10	L
1	11	L
1	12	-1
1	13	-1
1	14	U
1	15	L
1	16	L
1	17	L
1	18	-1
1	19	-1
1	20	-1
1	21	L
1	22	L
1	23	-1
1	24	-1
1	25	-1
1	26	L
1	27	-1
1	28	-1
1	29	-1
1	30	-1
1	31	-1
1	32	-1
1	33	-1
1	34	L
1	35	-1
1	36	-1
1	37	-1
1	38	-1
1	39	L
1	40	L
1	41	-1
1	42	-1
1	43	-1
1	44	U
1	45	U
1	46	U
1	47	U
1	48	L
1	49	L
1	50	-1
1	51	-1
1	52	-1
1	53	L
1	54	-1
1	55	L
1	56	-1
1	57	-1
1	58	L
1	59	-1
1	60	-1
1	61	-1
1	62	L
1	63	-1
1	64	-1
1	65	-1
1	66	-1
1	67	-1
1	68	U
1	69	-1
1	70	-1
1	71	-1
1	72	U
1	73	L
1	74	L
1	75	-1
1	76	L
1	77	-1
1	78	-1
1	79	-1
1	80	-1
1	81	L
1	82	L
1	83	L
1	84	-1
1	85	L
1	86	-1
1	87	L
1	88	-1
1	89	-1
1	90	-1
1	91	-1
1	92	-1
1	93	-1
1	94	-1
1	95	L
1	96	-1
1	97	-1
1	98	-1
1	99	-1
1	100	-1
1	101	-1
1	102	L
1	103	L
1	104	L
1	105	-1
1	106	L
1	107	-1
1	108	-1
1	109	-1
1	110	L
1	111	-1
1	112	-1
1	113	-1
1	114	-1
1	115	-1
1	116	-1
1	117	-1
1	118	-1
1	119	-1
2	0	-1
2	1	-1
2	2	-1
2	3	-1
2	4	-1
2	5	-1
2	6	L
2	7	L
2	8	-1
2	9	L
2	10	L
2	11	-1
2	12	L
2	13	-1
2	14	L
2	15	L
2	16	-1
2	17	-1
2	18	L
2	19	-1
2	20	L
2	21	L
2	22	-1
2	23	L
2	24	-1
2	25	-1
2	26	-1
2	27	-1
2	28	-1
2	29	-1
2	30	-1
2	31	-1
2	32	-1
2	33	-1
2	34	-1
2	35	-1
2	36	L
2	37	L
2	38	-1
2	39	L
2	40	L
2	41	L
2	42	L
2	43	-1
2	44	-1
2	45	U
2	46	-1
2	47	L
2	48	-1
2	49	L
2	50	-1
2	51	L
2	52	L
2	53	L
2	54	L
2	55	L
2	56	L
2	57	L
2	58	L
2	59	L
2	60	L
2	61	L
2	62	-1
2	63	-1
2	64	-1
2	65	-1
2	66	-1
2	67	U
2	68	U
2	69	-1
2	70	U
2	71	-1
2	72	U
2	73	U
2	74	L
2	75	L
2	76	-1
2	77	-1
2	78	-1
2	79	-1
2	80	-1
2	81	L
2	82	L
2	83	L
2	84	-1
2	85	-1
2	86	L
2	87	-1
2	88	-1
2	89	L
2	90	L
2	91	-1
2	92	L
2	93	-1
2	94	-1
2	95	L
2	96	L
2	97	L
2	98	L
2	99	L
2	100	-1
2	101	L
2	102	L
2	103	L
2	104	-1
2	105	L
2	106	L
2	107	L
2	108	-1
2	109	-1
2	110	-1
2	111	-1
2	112	-1
2	113	-1
2	114	L
2	115	-1
2	116	-1
2	117	L
2	118	-1
2	119	-1
3	0	-1
3	1	L
3	2	-1
3	3	-1
3	4	-1
3	5	L
3	6	L
3	7	L
3	8	L
3	9	L
3	10	L
3	11	L
3	12	L
3	13	-1
3	14	-1
3	15	L
3	16	L
3	17	-1
3	18	-1
3	19	L
3	20	L
3	21	-1
3	22	L
3	23	L
3	24	-1
3	25	-1
3	26	-1
3	27	-1
3	28	-1
3	29	-1
3	30	L
3	31	L
3	32	-1
3	33	L
3	34	L
3	35	-1
3	36	L
3	37	-1
3	38	-1
3	39	-1
3	40	L
3	41	L
3	42	-1
3	43	-1
3	44	-1
3	45	-1
3	46	U
3	47	-1
3	48	-1
3	49	U
3	50	L
3	51	L
3	52	-1
3	53	-1
3	54	-1
3	55	-1
3	56	L
3	57	L
3	58	L
3	59	L
3	60	L
3	61	L
3	62	-1
3	63	U
3	64	-1
3	65	-1
3	66	L
3	67	-1
3	68	-1
3	69	-1
3	70	-1
3	71	U
3	72	L
3	73	L
3	74	L
3	75	-1
3	76	-1
3	77	-1
3	78	-1
3	79	-1
3	80	-1
3	81	-1
3	82	L
3	83	L
3	84	L
3	85	-1
3	86	L
3	87	-1
3	88	L
3	89	L
3	90	L
3	91	L
3	92	-1
3	93	L
3	94	L
3	95	L
3	96	-1
3	97	-1
3	98	L
3	99	L
3	100	-1
3	101	L
3	102	L
3	103	L
3	104	-1
3	105	-1
3	106	L
3	107	-1
3	108	-1
3	109	L
3	110	-1
3	111	-1
3	112	-1
3	113	L
3	114	L
3	115	-1
3	116	L
3	117	-1
3	118	-1
3	119	-1
4	0	L
4	1	L
4	2	-1
4	3	-1
4	4	-1
4	5	-1
4	6	L
4	7	L
4	8	L
4	9	-1
4	10	-1
4	11	L
4	12	L
4	13	L
4	14	L
4	15	-1
4	16	L
4	17	-1
4	18	-1
4	19	L
4	20	L
4	21	L
4	22	L
4	23	-1
4	24	L
4	25	-1
4	26	-1
4	27	-1
4	28	L
4	29	L
4	30	L
4	31	-1
4	32	-1
4	33	-1
4	34	L
4	35	L
4	36	-1
4	37	L
4	38	-1
4	39	L
4	40	-1
4	41	-1
4	42	L
4	43	-1
4	44	-1
4	45	-1
4	46	L
4	47	-1
4	48	-1
4	49	L
4	50	L
4	51	-1
4	52	-1
4	53	L
4	54	L
4	55	L
4	56	L
4	57	L
4	58	-1
4	59	L
4	60	-1
4	61	L
4	62	U
4	63	U
4	64	-1
4	65	-1
4	66	-1
4	67	U
4	68	-1
4	69	-1
4	70	L
4	71	-1
4	72	L
4	73	-1
4	74	L
4	75	-1
4	76	-1
4	77	-1
4	78	-1
4	79	-1
4	80	-1
4	81	-1
4	82	L
4	83	-1
4	84	L
4	85	-1
4	86	-1
4	87	L
4	88	-1
4	89	L
4	90	L
4	91	L
4	92	L
4	93	-1
4	94	L
4	95	L
4	96	-1
4	97	L
4	98	L
4	99	-1
4	100	L
4	101	L
4	102	L
4	103	L
4	104	-1
4	105	-1
4	106	-1
4	107	L
4	108	L
4	109	-1
4	110	-1
4	111	-1
4	112	-1
4	113	L
4	114	-1
4	115	L
4	116	L
4	117	-1
4	118	-1
4	119	-1
5	0	L
5	1	-1
5	2	-1
5	3	-1
5	4	-1
5	5	L
5	6	-1
5	7	-1
5	8	-1
5	9	-1
5	10	-1
5	11	L
5	12	-1
5	13	L
5	14	-1
5	15	L
5	16	-1
5	17	-1
5	18	-1
5	19	-1
5	20	-1
5	21	-1
5	22	L
5	23	L
5	24	L
5	25	L
5	26	-1
5	27	-1
5	28	L
5	29	L
5	30	L
5	31	-1
5	32	L
5	33	-1
5	34	-1
5	35	-1
5	36	L
5	37	-1
5	38	L
5	39	-1
5	40	L
5	41	-1
5	42	-1
5	43	-1
5	44	-1
5	45	L
5	46	L
5	47	L
5	48	L
5	49	U
5	50	L
5	51	L
5	52	-1
5	53	L
5	54	L
5	55	-1
5	56	L
5	57	L
5	58	-1
5	59	-1
5	60	-1
5	61	-1
5	62	U
5	63	-1
5	64	-1
5	65	L
5	66	L
5	67	-1
5	68	L
5	69	-1
5	70	-1
5	71	L
5	72	-1
5	73	-1
5	74	-1
5	75	-1
5	76	-1
5	77	-1
5	78	L
5	79	-1
5	80	L
5	81	L
5	82	-1
5	83	-1
5	84	L
5	85	L
5	86	-1
5	87	-1
5	88	L
5	89	L
5	90	-1
5	91	L
5	92	L
5	93	-1
5	94	-1
5	95	-1
5	96	L
5	97	-1
5	98	-1
5	99	-1
5	100	-1
5	101	-1
5	102	-1
5	103	-1
5	104	L
5	105	-1
5	106	-1
5	107	-1
5	108	L
5	109	-1
5	110	-1
5	111	-1
5	112	-1
5	113	-1
5	114	L
5	115	L
5	116	-1
5	117	L
5	118	-1
5	119	L
6	0	-1
6	1	L
6	2	L
6	3	-1
6	4	L
6	5	-1
6	6	-1
6	7	L
6	8	L
6	9	L
6	10	-1
6	11	L
6	12	-1
6	13	-1
6	14	-1
6	15	U
6	16	L
6	17	U
6	18	-1
6	19	-1
6	20	L
6	21	-1
6	22	-1
6	23	L
6	24	-1
6	25	-1
6	26	-1
6	27	L
6	28	L
6	29	-1
6	30	L
6	31	L
6	32	-1
6	33	-1
6	34	L
6	35	L
6	36	L
6	37	-1
6	38	-1
6	39	L
6	40	-1
6	41	-1
6	42	-1
6	43	L
6	44	L
6	45	L
6	46	L
6	47	L
6	48	L
6	49	L
6	50	-1
6	51	L
6	52	L
6	53	L
6	54	L
6	55	L
6	56	-1
6	57	-1
6	58	L
6	59	-1
6	60	-1
6	61	U
6	62	-1
6	63	U
6	64	-1
6	65	L
6	66	L
6	67	-1
6	68	L
6	69	L
6	70	U
6	71	L
6	72	L
6	73	U
6	74	-1
6	75	-1
6	76	-1
6	77	-1
6	78	L
6	79	-1
6	80	-1
6	81	L
6	82	-1
6	83	-1
6	84	-1
6	85	-1
6	86	L
6	87	L
6	88	-1
6	89	-1
6	90	-1
6	91	-1
6	92	L
6	93	L
6	94	-1
6	95	-1
6	96	L
6	97	L
6	98	L
6	99	L
6	100	L
6	101	-1
6	102	L
6	103	L
6	104	-1
6	105	-1
6	106	L
6	107	L
6	108	L
6	109	L
6	110	L
6	111	-1
6	112	-1
6	113	-1
6	114	-1
6	115	-1
6	116	L
6	117	-1
6	118	-1
6	119	L
7	0	-1
7	1	L
7	2	L
7	3	L
7	4	-1
7	5	-1
7	6	L
7	7	L
7	8	L
7	9	L
7	10	L
7	11	L
7	12	-1
7	13	-1
7	14	L
7	15	-1
7	16	U
7	17	L
7	18	L
7	19	L
7	20	-1
7	21	L
7	22	L
7	23	L
7	24	L
7	25	L
7	26	L
7	27	L
7	28	L
7	29	-1
7	30	-1
7	31	-1
7	32	-1
7	33	-1
7	34	-1
7	35	L
7	36	L
7	37	L
7	38	L
7	39	-1
7	40	L
7	41	-1
7	42	-1
7	43	L
7	44	L
7	45	-1
7	46	-1
7	47	-1
7	48	L
7	49	-1
7	50	L
7	51	-1
7	52	-1
7	53	L
7	54	L
7	55	-1
7	56	-1
7	57	-1
7	58	-1
7	59	L
7	60	L
7	61	-1
7	62	L
7	63	L
7	64	L
7	65	-1
7	66	-1
7	67	U
7	68	U
7	69	-1
7	70	U
7	71	-1
7	72	U
7	73	L
7	74	L
7	75	L
7	76	L
7	77	-1
7	78	-1
7	79	-1
7	80	L
7	81	L
7	82	-1
7	83	L
7	84	L
7	85	-1
7	86	L
7	87	-1
7	88	-1
7	89	-1
7	90	L
7	91	-1
7	92	-1
7	93	-1
7	94	-1
7	95	-1
7	96	-1
7	97	L
7	98	L
7	99	-1
7	100	-1
7	101	-1
7	102	-1
7	103	L
7	104	-1
7	105	-1
7	106	-1
7	107	L
7	108	-1
7	109	L
7	110	-1
7	111	L
7	112	L
7	113	-1
7	114	-1
7	115	L
7	116	L
7	117	L
7	118	L
7	119	-1
8	0	-1
8	1	-1
8	2	L
8	3	L
8	4	L
8	5	-1
8	6	L
8	7	-1
8	8	-1
8	9	L
8	10	L
8	11	-1
8	12	-1
8	13	-1
8	14	L
8	15	U
8	16	L
8	17	-1
8	18	L
8	19	L
8	20	L
8	21	-1
8	22	L
8	23	L
8	24	L
8	25	-1
8	26	L
8	27	L
8	28	-1
8	29	L
8	30	-1
8	31	L
8	32	-1
8	33	L
8	34	-1
8	35	-1
8	36	L
8	37	-1
8	38	L
8	39	-1
8	40	-1
8	41	-1
8	42	-1
8	43	-1
8	44	L
8	45	-1
8	46	-1
8	47	L
8	48	L
8	49	-1
8	50	-1
8	51	-1
8	52	-1
8	53	L
8	54	L
8	55	-1
8	56	-1
8	57	-1
8	58	L
8	59	L
8	60	-1
8	61	-1
8	62	L
8	63	L
8	64	U
8	65	U
8	66	L
8	67	-1
8	68	U
8	69	-1
8	70	U
8	71	-1
8	72	L
8	73	L
8	74	L
8	75	L
8	76	L
8	77	-1
8	78	-1
8	79	U
8	80	L
8	81	L
8	82	-1
8	83	-1
8	84	-1
8	85	-1
8	86	-1
8	87	L
8	88	-1
8	89	L
8	90	-1
8	91	L
8	92	-1
8	93	-1
8	94	-1
8	95	L
8	96	L
8	97	-1
8	98	L
8	99	-1
8	100	-1
8	101	-1
8	102	-1
8	103	-1
8	104	-1
8	105	-1
8	106	-1
8	107	-1
8	108	-1
8	109	-1
8	110	L
8	111	-1
8	112	L
8	113	L
8	114	-1
8	115	-1
8	116	-1
8	117	-1
8	118	-1
8	119	-1
9	0	-1
9	1	-1
9	2	-1
9	3	L
9	4	-1
9	5	-1
9	6	-1
9	7	-1
9	8	-1
9	9	-1
9	10	-1
9	11	-1
9	12	-1
9	13	L
9	14	-1
9	15	L
9	16	-1
9	17	-1
9	18	-1
9	19	-1
9	20	-1
9	21	-1
9	22	L
9	23	L
9	24	-1
9	25	-1
9	26	-1
9	27	L
9	28	-1
9	29	-1
9	30	L
9	31	L
9	32	-1
9	33	-1
9	34	-1
9	35	-1
9	36	-1
9	37	L
9	38	-1
9	39	-1
9	40	L
9	41	-1
9	42	L
9	43	-1
9	44	-1
9	45	-1
9	46	-1
9	47	L
9	48	L
9	49	-1
9	50	-1
9	51	L
9	52	L
9	53	-1
9	54	L
9	55	-1
9	56	L
9	57	L
9	58	-1
9	59	L
9	60	-1
9	61	-1
9	62	-1
9	63	-1
9	64	L
9	65	L
9	66	-1
9	67	-1
9	68	-1
9	69	U
9	70	-1
9	71	-1
9	72	L
9	73	L
9	74	L
9	75	L
9	76	-1
9	77	-1
9	78	-1
9	79	L
9	80	L
9	81	-1
9	82	L
9	83	L
9	84	-1
9	85	L
9	86	-1
9	87	-1
9	88	-1
9	89	L
9	90	L
9	91	-1
9	92	L
9	93	-1
9	94	L
9	95	-1
9	96	-1
9	97	L
9	98	-1
9	99	L
9	100	-1
9	101	-1
9	102	-1
9	103	-1
9	104	-1
9	105	-1
9	106	L
9	107	L
9	108	L
9	109	-1
9	110	L
9	111	L
9	112	-1
9	113	-1
9	114	L
9	115	L
9	116	-1
9	117	-1
9	118	-1
9	119	-1
10	0	-1
10	1	-1
10	2	-1
10	3	-1
10	4	L
10	5	L
10	6	-1
10	7	L
10	8	L
10	9	-1
10	10	L
10	11	L
10	12	L
10	13	L
10	14	-1
10	15	-1
10	16	-1
10	17	-1
10	18	-1
10	19	-1
10	20	-1
10	21	-1
10	22	-1
10	23	-1
10	24	L
10	25	-1
10	26	-1
10	27	-1
10	28	-1
10	29	-1
10	30	-1
10	31	L
10	32	L
10	33	-1
10	34	-1
10	35	U
10	36	U
10	37	-1
10	38	-1
10	39	-1
10	40	L
10	41	L
10	42	-1
10	43	U
10	44	-1
10	45	U
10	46	-1
10	47	L
10	48	L
10	49	-1
10	50	-1
10	51	-1
10	52	L
10	53	-1
10	54	-1
10	55	-1
10	56	-1
10	57	-1
10	58	L
10	59	L
10	60	L
10	61	-1
10	62	-1
10	63	U
10	64	L
10	65	-1
10	66	-1
10	67	-1
10	68	-1
10	69	-1
10	70	-1
10	71	-1
10	72	L
10	73	L
10	74	-1
10	75	L
10	76	L
10	77	L
10	78	-1
10	79	-1
10	80	L
10	81	-1
10	82	-1
10	83	-1
10	84	L
10	85	L
10	86	-1
10	87	L
10	88	-1
10	89	L
10	90	L
10	91	-1
10	92	L
10	93	-1
10	94	L
10	95	L
10	96	-1
10	97	-1
10	98	-1
10	99	L
10	100	L
10	101	-1
10	102	-1
10	103	-1
10	104	-1
10	105	-1
10	106	-1
10	107	-1
10	108	L
10	109	L
10	110	-1
10	111	-1
10	112	-1
10	113	-1
10	114	-1
10	115	-1
10	116	-1
10	117	-1
10	118	-1
10	119	-1
11	0	-1
11	1	-1
11	2	L
11	3	-1
11	4	L
11	5	L
11	6	L
11	7	L
11	8	L
11	9	-1
11	10	-1
11	11	-1
11	12	L
11	13	L
11	14	L
11	15	L
11	16	-1
11	17	-1
11	18	-1
11	19	-1
11	20	-1
11	21	-1
11	22	-1
11	23	-1
11	24	L
11	25	L
11	26	-1
11	27	-1
11	28	-1
11	29	-1
11	30	-1
11	31	-1
11	32	L
11	33	L
11	34	L
11	35	-1
11	36	U
11	37	L
11	38	L
11	39	L
11	40	L
11	41	-1
11	42	-1
11	43	-1
11	44	U
11	45	-1
11	46	L
11	47	-1
11	48	L
11	49	L
11	50	-1
11	51	-1
11	52	-1
11	53	L
11	54	L
11	55	-1
11	56	-1
11	57	L
11	58	L
11	59	-1
11	60	L
11	61	-1
11	62	-1
11	63	-1
11	64	L
11	65	L
11	66	-1
11	67	-1
11	68	-1
11	69	U
11	70	L
11	71	-1
11	72	L
11	73	-1
11	74	L
11	75	L
11	76	-1
11	77	L
11	78	L
11	79	L
11	80	L
11	81	-1
11	82	-1
11	83	-1
11	84	L
11	85	-1
11	86	L
11	87	-1
11	88	-1
11	89	L
11	90	L
11	91	-1
11	92	-1
11	93	-1
11	94	L
11	95	L
11	96	-1
11	97	L
11	98	L
11	99	-1
11	100	-1
11	101	-1
11	102	L
11	103	L
11	104	-1
11	105	-1
11	106	-1
11	107	-1
11	108	-1
11	109	L
11	110	L
11	111	-1
11	112	-1
11	113	-1
11	114	-1
11	115	-1
11	116	L
11	117	L
11	118	-1
11	119	-1
12	0	-1
12	1	-1
12	2	-1
12	3	-1
12	4	-1
12	5	L
12	6	-1
12	7	-1
12	8	-1
12	9	-1
12	10	L
12	11	-1
12	12	-1
12	13	L
12	14	L
12	15	-1
12	16	L
12	17	-1
12	18	L
12	19	-1
12	20	-1
12	21	L
12	22	L
12	23	-1
12	24	L
12	25	-1
12	26	L
12	27	-1
12	28	-1
12	29	-1
12	30	L
12	31	-1
12	32	L
12	33	-1
12	34	L
12	35	-1
12	36	U
12	37	L
12	38	L
12	39	U
12	40	L
12	41	L
12	42	L
12	43	-1
12	44	-1
12	45	-1
12	46	L
12	47	L
12	48	L
12	49	L
12	50	L
12	51	-1
12	52	L
12	53	-1
12	54	-1
12	55	-1
12	56	L
12	57	L
12	58	L
12	59	L
12	60	-1
12	61	L
12	62	U
12	63	U
12	64	L
12	65	L
12	66	L
12	67	-1
12	68	-1
12	69	-1
12	70	-1
12	71	-1
12	72	-1
12	73	L
12	74	-1
12	75	-1
12	76	-1
12	77	L
12	78	L
12	79	-1
12	80	L
12	81	L
12	82	L
12	83	L
12	84	L
12	85	L
12	86	-1
12	87	-1
12	88	L
12	89	L
12	90	L
12	91	L
12	92	L
12	93	L
12	94	L
12	95	L
12	96	L
12	97	-1
12	98	L
12	99	-1
12	100	L
12	101	-1
12	102	-1
12	103	-1
12	104	-1
12	105	-1
12	106	-1
12	107	-1
12	108	-1
12	109	L
12	110	L
12	111	-1
12	112	-1
12	113	-1
12	114	-1
12	115	-1
12	116	-1
12	117	-1
12	118	-1
12	119	L
13	0	-1
13	1	-1
13	2	-1
13	3	-1
13	4	-1
13	5	-1
13	6	-1
13	7	L
13	8	-1
13	9	L
13	10	L
13	11	-1
13	12	-1
13	13	-1
13	14	L
13	15	-1
13	16	-1
13	17	L
13	18	-1
13	19	-1
13	20	-1
13	21	L
13	22	L
13	23	-1
13	24	L
13	25	L
13	26	L
13	27	L
13	28	-1
13	29	-1
13	30	L
13	31	L
13	32	L
13	33	L
13	34	-1
13	35	-1
13	36	U
13	37	U
13	38	U
13	39	-1
13	40	-1
13	41	L
13	42	L
13	43	-1
13	44	-1
13	45	L
13	46	L
13	47	-1
13	48	L
13	49	L
13	50	L
13	51	L
13	52	L
13	53	L
13	54	-1
13	55	-1
13	56	L
13	57	-1
13	58	L
13	59	-1
13	60	L
13	61	L
13	62	-1
13	63	L
13	64	-1
13	65	-1
13	66	L
13	67	-1
13	68	L
13	69	-1
13	70	L
13	71	L
13	72	L
13	73	L
13	74	-1
13	75	-1
13	76	L
13	77	-1
13	78	-1
13	79	L
13	80	-1
13	81	-1
13	82	L
13	83	L
13	84	L
13	85	-1
13	86	L
13	87	-1
13	88	L
13	89	-1
13	90	L
13	91	-1
13	92	L
13	93	-1
13	94	L
13	95	L
13	96	-1
13	97	-1
13	98	-1
13	99	L
13	100	-1
13	101	-1
13	102	L
13	103	-1
13	104	-1
13	105	-1
13	106	-1
13	107	L
13	108	L
13	109	L
13	110	L
13	111	L
13	112	-1
13	113	L
13	114	L
13	115	-1
13	116	L
13	117	L
13	118	L
13	119	-1
14	0	-1
14	1	-1
14	2	-1
14	3	-1
14	4	-1
14	5	-1
14	6	L
14	7	-1
14	8	-1
14	9	-1
14	10	-1
14	11	-1
14	12	L
14	13	-1
14	14	-1
14	15	L
14	16	L
14	17	-1
14	18	-1
14	19	-1
14	20	-1
14	21	-1
14	22	-1
14	23	-1
14	24	-1
14	25	-1
14	26	L
14	27	L
14	28	-1
14	29	L
14	30	-1
14	31	-1
14	32	-1
14	33	L
14	34	-1
14	35	U
14	36	U
14	37	-1
14	38	U
14	39	U
14	40	-1
14	41	-1
14	42	L
14	43	L
14	44	-1
14	45	L
14	46	-1
14	47	-1
14	48	L
14	49	-1
14	50	L
14	51	L
14	52	-1
14	53	-1
14	54	L
14	55	-1
14	56	L
14	57	L
14	58	-1
14	59	-1
14	60	-1
14	61	L
14	62	L
14	63	-1
14	64	L
14	65	L
14	66	L
14	67	-1
14	68	L
14	69	-1
14	70	-1
14	71	-1
14	72	-1
14	73	-1
14	74	L
14	75	L
14	76	-1
14	77	-1
14	78	-1
14	79	L
14	80	L
14	81	-1
14	82	L
14	83	L
14	84	L
14	85	L
14	86	L
14	87	L
14	88	L
14	89	-1
14	90	L
14	91	L
14	92	-1
14	93	L
14	94	-1
14	95	L
14	96	-1
14	97	-1
14	98	-1
14	99	L
14	100	L
14	101	-1
14	102	L
14	103	-1
14	104	L
14	105	L
14	106	L
14	107	-1
14	108	L
14	109	-1
14	110	L
14	111	L
14	112	L
14	113	L
14	114	-1
14	115	-1
14	116	-1
14	117	L
14	118	L
14	119	-1
15	0	-1
15	1	-1
15	2	-1
15	3	L
15	4	-1
15	5	-1
15	6	-1
15	7	-1
15	8	-1
15	9	L
15	10	-1
15	11	-1
15	12	-1
15	13	L
15	14	L
15	15	L
15	16	-1
15	17	-1
15	18	-1
15	19	-1
15	20	-1
15	21	-1
15	22	-1
15	23	L
15	24	L
15	25	-1
15	26	L
15	27	-1
15	28	-1
15	29	-1
15	30	-1
15	31	L
15	32	L
15	33	L
15	34	L
15	35	-1
15	36	L
15	37	U
15	38	U
15	39	L
15	40	L
15	41	-1
15	42	L
15	43	L
15	44	-1
15	45	L
15	46	L
15	47	-1
15	48	-1
15	49	-1
15	50	-1
15	51	L
15	52	L
15	53	-1
15	54	-1
15	55	-1
15	56	-1
15	57	L
15	58	-1
15	59	L
15	60	L
15	61	L
15	62	-1
15	63	-1
15	64	L
15	65	L
15	66	L
15	67	L
15	68	L
15	69	L
15	70	-1
15	71	L
15	72	-1
15	73	-1
15	74	L
15	75	-1
15	76	L
15	77	L
15	78	L
15	79	-1
15	80	L
15	81	L
15	82	-1
15	83	L
15	84	-1
15	85	-1
15	86	-1
15	87	-1
15	88	-1
15	89	-1
15	90	L
15	91	-1
15	92	-1
15	93	L
15	94	L
15	95	-1
15	96	L
15	97	-1
15	98	-1
15	99	-1
15	100	L
15	101	-1
15	102	L
15	103	L
15	104	L
15	105	-1
15	106	L
15	107	L
15	108	-1
15	109	-1
15	110	L
15	111	L
15	112	-1
15	113	L
15	114	-1
15	115	-1
15	116	-1
15	117	L
15	118	L
15	119	L
16	0	-1
16	1	-1
16	2	-1
16	3	L
16	4	-1
16	5	L
16	6	-1
16	7	-1
16	8	L
16	9	-1
16	10	L
16	11	-1
16	12	L
16	13	L
16	14	-1
16	15	-1
16	16	-1
16	17	-1
16	18	L
16	19	-1
16	20	L
16	21	-1
16	22	L
16	23	-1
16	24	L
16	25	L
16	26	-1
16	27	L
16	28	-1
16	29	L
16	30	-1
16	31	-1
16	32	-1
16	33	-1
16	34	L
16	35	-1
16	36	L
16	37	L
16	38	-1
16	39	-1
16	40	L
16	41	-1
16	42	-1
16	43	-1
16	44	-1
16	45	L
16	46	-1
16	47	L
16	48	L
16	49	-1
16	50	L
16	51	L
16	52	-1
16	53	-1
16	54	L
16	55	-1
16	56	L
16	57	-1
16	58	L
16	59	L
16	60	L
16	61	-1
16	62	-1
16	63	-1
16	64	-1
16	65	-1
16	66	L
16	67	L
16	68	-1
16	69	-1
16	70	-1
16	71	L
16	72	L
16	73	L
16	74	-1
16	75	L
16	76	-1
16	77	-1
16	78	-1
16	79	L
16	80	-1
16	81	-1
16	82	L
16	83	-1
16	84	L
16	85	-1
16	86	-1
16	87	-1
16	88	-1
16	89	-1
16	90	-1
16	91	-1
16	92	L
16	93	L
16	94	L
16	95	L
16	96	L
16	97	L
16	98	L
16	99	-1
16	100	-1
16	101	L
16	102	-1
16	103	L
16	104	L
16	105	L
16	106	L
16	107	-1
16	108	L
16	109	L
16	110	-1
16	111	-1
16	112	-1
16	113	L
16	114	-1
16	115	-1
16	116	-1
16	117	L
16	118	-1
16	119	L
17	0	L
17	1	L
17	2	L
17	3	L
17	4	-1
17	5	L
17	6	-1
17	7	-1
17	8	-1
17	9	-1
17	10	L
17	11	L
17	12	L
17	13	-1
17	14	L
17	15	L
17	16	-1
17	17	-1
17	18	L
17	19	L
17	20	-1
17	21	-1
17	22	-1
17	23	-1
17	24	-1
17	25	-1
17	26	L
17	27	L
17	28	L
17	29	-1
17	30	-1
17	31	L
17	32	-1
17	33	L
17	34	L
17	35	-1
17	36	-1
17	37	-1
17	38	-1
17	39	U
17	40	-1
17	41	L
17	42	-1
17	43	L
17	44	-1
17	45	L
17	46	U
17	47	-1
17	48	L
17	49	L
17	50	L
17	51	L
17	52	L
17	53	-1
17	54	-1
17	55	L
17	56	L
17	57	-1
17	58	L
17	59	L
17	60	-1
17	61	-1
17	62	-1
17	63	-1
17	64	-1
17	65	-1
17	66	-1
17	67	-1
17	68	-1
17	69	-1
17	70	-1
17	71	-1
17	72	L
17	73	-1
17	74	-1
17	75	L
17	76	-1
17	77	L
17	78	-1
17	79	-1
17	80	-1
17	81	-1
17	82	-1
17	83	-1
17	84	-1
17	85	L
17	86	-1
17	87	L
17	88	-1
17	89	L
17	90	-1
17	91	L
17	92	-1
17	93	L
17	94	L
17	95	L
17	96	-1
17	97	L
17	98	L
17	99	L
17	100	-1
17	101	-1
17	102	-1
17	103	L
17	104	-1
17	105	-1
17	106	L
17	107	L
17	108	-1
17	109	-1
17	110	L
17	111	-1
17	112	-1
17	113	-1
17	114	-1
17	115	L
17	116	-1
17	117	L
17	118	L
17	119	-1
18	0	L
18	1	-1
18	2	-1
18	3	-1
18	4	L
18	5	-1
18	6	-1
18	7	L
18	8	L
18	9	L
18	10	U
18	11	U
18	12	-1
18	13	-1
18	14	L
18	15	-1
18	16	-1
18	17	-1
18	18	L
18	19	-1
18	20	-1
18	21	-1
18	22	-1
18	23	-1
18	24	-1
18	25	-1
18	26	L
18	27	L
18	28	L
18	29	-1
18	30	L
18	31	-1
18	32	-1
18	33	L
18	34	-1
18	35	-1
18	36	L
18	37	-1
18	38	-1
18	39	L
18	40	U
18	41	-1
18	42	L
18	43	L
18	44	L
18	45	-1
18	46	U
18	47	U
18	48	L
18	49	L
18	50	L
18	51	-1
18	52	L
18	53	L
18	54	L
18	55	L
18	56	-1
18	57	L
18	58	-1
18	59	L
18	60	L
18	61	-1
18	62	-1
18	63	-1
18	64	-1
18	65	-1
18	66	-1
18	67	-1
18	68	-1
18	69	L
18	70	L
18	71	-1
18	72	L
18	73	-1
18	74	-1
18	75	-1
18	76	L
18	77	-1
18	78	-1
18	79	-1
18	80	-1
18	81	L
18	82	-1
18	83	-1
18	84	-1
18	85	-1
18	86	-1
18	87	-1
18	88	-1
18	89	-1
18	90	-1
18	91	-1
18	92	-1
18	93	-1
18	94	-1
18	95	-1
18	96	L
18	97	L
18	98	L
18	99	-1
18	100	-1
18	101	-1
18	102	-1
18	103	-1
18	104	-1
18	105	-1
18	106	-1
18	107	-1
18	108	-1
18	109	-1
18	110	-1
18	111	L
18	112	L
18	113	L
18	114	L
18	115	-1
18	116	L
18	117	-1
18	118	-1
18	119	-1
19	0	L
19	1	L
19	2	-1
19	3	-1
19	4	-1
19	5	-1
19	6	-1
19	7	L
19	8	L
19	9	L
19	10	U
19	11	-1
19	12	-1
19	13	-1
19	14	-1
19	15	L
19	16	L
19	17	-1
19	18	-1
19	19	-1
19	20	-1
19	21	-1
19	22	-1
19	23	-1
19	24	L
19	25	L
19	26	L
19	27	L
19	28	-1
19	29	-1
19	30	L
19	31	-1
19	32	L
19	33	-1
19	34	L
19	35	-1
19	36	L
19	37	L
19	38	-1
19	39	L
19	40	U
19	41	-1
19	42	-1
19	43	-1
19	44	-1
19	45	-1
19	46	L
19	47	L
19	48	-1
19	49	L
19	50	-1
19	51	-1
19	52	L
19	53	-1
19	54	L
19	55	-1
19	56	-1
19	57	-1
19	58	L
19	59	L
19	60	L
19	61	-1
19	62	-1
19	63	-1
19	64	-1
19	65	-1
19	66	L
19	67	-1
19	68	L
19	69	-1
19	70	-1
19	71	-1
19	72	-1
19	73	-1
19	74	-1
19	75	-1
19	76	-1
19	77	-1
19	78	-1
19	79	-1
19	80	U
19	81	-1
19	82	-1
19	83	-1
19	84	-1
19	85	-1
19	86	-1
19	87	-1
19	88	-1
19	89	L
19	90	L
19	91	-1
19	92	L
19	93	-1
19	94	-1
19	95	-1
19	96	-1
19	97	-1
19	98	L
19	99	-1
19	100	L
19	101	-1
19	102	-1
19	103	-1
19	104	-1
19	105	L
19	106	L
19	107	-1
19	108	-1
19	109	-1
19	110	-1
19	111	L
19	112	L
19	113	-1
19	114	-1
19	115	-1
19	116	-1
19	117	-1
19	118	-1
19	119	L
20	0	-1
20	1	L
20	2	-1
20	3	-1
20	4	-1
20	5	-1
20	6	-1
20	7	U
20	8	-1
20	9	U
20	10	U
20	11	U
20	12	-1
20	13	U
20	14	-1
20	15	L
20	16	L
20	17	L
20	18	-1
20	19	-1
20	20	-1
20	21	-1
20	22	-1
20	23	L
20	24	-1
20	25	-1
20	26	L
20	27	L
20	28	L
20	29	L
20	30	-1
20	31	-1
20	32	L
20	33	L
20	34	-1
20	35	L
20	36	L
20	37	L
20	38	-1
20	39	U
20	40	-1
20	41	L
20	42	U
20	43	-1
20	44	-1
20	45	L
20	46	-1
20	47	-1
20	48	-1
20	49	-1
20	50	L
20	51	L
20	52	L
20	53	L
20	54	-1
20	55	L
20	56	-1
20	57	L
20	58	-1
20	59	-1
20	60	-1
20	61	-1
20	62	-1
20	63	-1
20	64	-1
20	65	-1
20	66	L
20	67	L
20	68	-1
20	69	-1
20	70	-1
20	71	-1
20	72	-1
20	73	-1
20	74	-1
20	75	-1
20	76	-1
20	77	-1
20	78	-1
20	79	-1
20	80	U
20	81	U
20	82	-1
20	83	-1
20	84	-1
20	85	-1
20	86	-1
20	87	L
20	88	L
20	89	L
20	90	L
20	91	-1
20	92	-1
20	93	L
20	94	L
20	95	-1
20	96	L
20	97	L
20	98	L
20	99	L
20	100	L
20	101	L
20	102	-1
20	103	-1
20	104	L
20	105	-1
20	106	L
20	107	-1
20	108	-1
20	109	-1
20	110	-1
20	111	-1
20	112	L
20	113	-1
20	114	L
20	115	-1
20	116	-1
20	117	L
20	118	-1
20	119	L
21	0	L
21	1	-1
21	2	-1
21	3	-1
21	4	-1
21	5	-1
21	6	L
21	7	-1
21	8	L
21	9	L
21	10	-1
21	11	-1
21	12	-1
21	13	-1
21	14	L
21	15	L
21	16	L
21	17	-1
21	18	-1
21	19	L
21	20	-1
21	21	L
21	22	-1
21	23	L
21	24	L
21	25	-1
21	26	L
21	27	L
21	28	-1
21	29	-1
21	30	L
21	31	-1
21	32	U
21	33	-1
21	34	L
21	35	L
21	36	-1
21	37	L
21	38	-1
21	39	-1
21	40	U
21	41	-1
21	42	L
21	43	-1
21	44	U
21	45	L
21	46	-1
21	47	-1
21	48	-1
21	49	-1
21	50	L
21	51	-1
21	52	-1
21	53	-1
21	54	-1
21	55	-1
21	56	L
21	57	-1
21	58	-1
21	59	-1
21	60	-1
21	61	-1
21	62	-1
21	63	-1
21	64	L
21	65	L
21	66	L
21	67	L
21	68	-1
21	69	-1
21	70	L
21	71	-1
21	72	-1
21	73	-1
21	74	-1
21	75	-1
21	76	L
21	77	-1
21	78	L
21	79	-1
21	80	L
21	81	U
21	82	U
21	83	U
21	84	U
21	85	L
21	86	L
21	87	-1
21	88	-1
21	89	L
21	90	L
21	91	-1
21	92	L
21	93	L
21	94	L
21	95	L
21	96	-1
21	97	L
21	98	L
21	99	-1
21	100	L
21	101	-1
21	102	-1
21	103	-1
21	104	-1
21	105	-1
21	106	L
21	107	-1
21	108	-1
21	109	-1
21	110	-1
21	111	-1
21	112	-1
21	113	-1
21	114	-1
21	115	-1
21	116	L
21	117	L
21	118	-1
21	119	L
22	0	L
22	1	L
22	2	L
22	3	-1
22	4	L
22	5	-1
22	6	-1
22	7	-1
22	8	-1
22	9	L
22	10	L
22	11	-1
22	12	-1
22	13	L
22	14	-1
22	15	-1
22	16	-1
22	17	-1
22	18	L
22	19	-1
22	20	L
22	21	L
22	22	-1
22	23	-1
22	24	-1
22	25	L
22	26	L
22	27	L
22	28	-1
22	29	L
22	30	-1
22	31	-1
22	32	-1
22	33	U
22	34	-1
22	35	-1
22	36	L
22	37	U
22	38	U
22	39	-1
22	40	-1
22	41	L
22	42	U
22	43	U
22	44	-1
22	45	L
22	46	-1
22	47	L
22	48	L
22	49	L
22	50	-1
22	51	L
22	52	L
22	53	-1
22	54	-1
22	55	L
22	56	-1
22	57	-1
22	58	-1
22	59	-1
22	60	-1
22	61	-1
22	62	-1
22	63	-1
22	64	L
22	65	L
22	66	-1
22	67	L
22	68	-1
22	69	L
22	70	-1
22	71	-1
22	72	L
22	73	L
22	74	-1
22	75	-1
22	76	-1
22	77	L
22	78	L
22	79	L
22	80	-1
22	81	-1
22	82	-1
22	83	U
22	84	-1
22	85	L
22	86	-1
22	87	-1
22	88	L
22	89	L
22	90	L
22	91	L
22	92	L
22	93	L
22	94	L
22	95	-1
22	96	-1
22	97	L
22	98	-1
22	99	-1
22	100	L
22	101	L
22	102	L
22	103	-1
22	104	-1
22	105	-1
22	106	-1
22	107	L
22	108	L
22	109	L
22	110	L
22	111	L
22	112	-1
22	113	-1
22	114	-1
22	115	-1
22	116	-1
22	117	L
22	118	L
22	119	-1
23	0	-1
23	1	-1
23	2	L
23	3	-1
23	4	-1
23	5	L
23	6	L
23	7	-1
23	8	-1
23	9	L
23	10	-1
23	11	L
23	12	L
23	13	-1
23	14	L
23	15	L
23	16	L
23	17	L
23	18	-1
23	19	L
23	20	-1
23	21	-1
23	22	L
23	23	-1
23	24	L
23	25	L
23	26	-1
23	27	-1
23	28	-1
23	29	-1
23	30	-1
23	31	-1
23	32	-1
23	33	-1
23	34	-1
23	35	-1
23	36	U
23	37	L
23	38	U
23	39	-1
23	40	-1
23	41	U
23	42	U
23	43	U
23	44	-1
23	45	-1
23	46	-1
23	47	L
23	48	L
23	49	L
23	50	-1
23	51	-1
23	52	L
23	53	L
23	54	-1
23	55	-1
23	56	-1
23	57	L
23	58	L
23	59	-1
23	60	-1
23	61	-1
23	62	L
23	63	-1
23	64	-1
23	65	L
23	66	L
23	67	-1
23	68	L
23	69	L
23	70	-1
23	71	-1
23	72	-1
23	73	L
23	74	-1
23	75	-1
23	76	L
23	77	-1
23	78	L
23	79	-1
23	80	U
23	81	U
23	82	U
23	83	-1
23	84	U
23	85	-1
23	86	-1
23	87	-1
23	88	-1
23	89	L
23	90	-1
23	91	L
23	92	L
23	93	-1
23	94	-1
23	95	-1
23	96	-1
23	97	-1
23	98	-1
23	99	-1
23	100	-1
23	101	L
23	102	-1
23	103	L
23	104	-1
23	105	-1
23	106	-1
23	107	L
23	108	L
23	109	L
23	110	-1
23	111	-1
23	112	-1
23	113	-1
23	114	-1
23	115	L
23	116	-1
23	117	-1
23	118	L
23	119	-1
24	0	-1
24	1	L
24	2	-1
24	3	L
24	4	L
24	5	L
24	6	-1
24	7	L
24	8	-1
24	9	-1
24	10	L
24	11	-1
24	12	-1
24	13	-1
24	14	L
24	15	-1
24	16	-1
24	17	L
24	18	L
24	19	L
24	20	L
24	21	-1
24	22	-1
24	23	-1
24	24	-1
24	25	-1
24	26	-1
24	27	-1
24	28	L
24	29	L
24	30	-1
24	31	-1
24	32	U
24	33	-1
24	34	-1
24	35	-1
24	36	-1
24	37	L
24	38	L
24	39	U
24	40	U
24	41	-1
24	42	U
24	43	L
24	44	L
24	45	L
24	46	-1
24	47	L
24	48	-1
24	49	-1
24	50	L
24	51	L
24	52	-1
24	53	-1
24	54	L
24	55	U
24	56	-1
24	57	-1
24	58	L
24	59	L
24	60	U
24	61	U
24	62	L
24	63	L
24	64	-1
24	65	L
24	66	L
24	67	L
24	68	-1
24	69	-1
24	70	L
24	71	L
24	72	L
24	73	-1
24	74	-1
24	75	L
24	76	L
24	77	-1
24	78	U
24	79	-1
24	80	-1
24	81	L
24	82	L
24	83	-1
24	84	U
24	85	L
24	86	L
24	87	L
24	88	L
24	89	-1
24	90	-1
24	91	-1
24	92	-1
24	93	-1
24	94	-1
24	95	L
24	96	-1
24	97	-1
24	98	-1
24	99	-1
24	100	-1
24	101	L
24	102	-1
24	103	-1
24	104	-1
24	105	L
24	106	L
24	107	L
24	108	L
24	109	L
24	110	-1
24	111	-1
24	112	-1
24	113	L
24	114	L
24	115	L
24	116	-1
24	117	-1
24	118	L
24	119	L
25	0	-1
25	1	L
25	2	-1
25	3	-1
25	4	L
25	5	L
25	6	L
25	7	-1
25	8	-1
25	9	-1
25	10	-1
25	11	L
25	12	-1
25	13	-1
25	14	-1
25	15	L
25	16	L
25	17	L
25	18	L
25	19	L
25	20	-1
25	21	L
25	22	L
25	23	-1
25	24	-1
25	25	-1
25	26	L
25	27	L
25	28	L
25	29	-1
25	30	L
25	31	-1
25	32	-1
25	33	U
25	34	-1
25	35	-1
25	36	-1
25	37	U
25	38	L
25	39	U
25	40	U
25	41	-1
25	42	U
25	43	-1
25	44	-1
25	45	-1
25	46	-1
25	47	L
25	48	-1
25	49	L
25	50	L
25	51	L
25	52	L
25	53	-1
25	54	-1
25	55	U
25	56	-1
25	57	-1
25	58	U
25	59	-1
25	60	-1
25	61	-1
25	62	L
25	63	-1
25	64	L
25	65	L
25	66	L
25	67	-1
25	68	-1
25	69	L
25	70	L
25	71	-1
25	72	-1
25	73	-1
25	74	L
25	75	L
25	76	-1
25	77	U
25	78	-1
25	79	-1
25	80	L
25	81	-1
25	82	-1
25	83	L
25	84	L
25	85	L
25	86	-1
25	87	-1
25	88	-1
25	89	-1
25	90	-1
25	91	-1
25	92	-1
25	93	-1
25	94	-1
25	95	L
25	96	L
25	97	L
25	98	-1
25	99	L
25	100	L
25	101	L
25	102	L
25	103	-1
25	104	-1
25	105	L
25	106	-1
25	107	L
25	108	L
25	109	L
25	110	-1
25	111	-1
25	112	L
25	113	L
25	114	-1
25	115	-1
25	116	L
25	117	L
25	118	-1
25	119	L
26	0	L
26	1	-1
26	2	L
26	3	-1
26	4	-1
26	5	L
26	6	L
26	7	L
26	8	-1
26	9	-1
26	10	-1
26	11	-1
26	12	-1
26	13	L
26	14	L
26	15	L
26	16	L
26	17	L
26	18	-1
26	19	L
26	20	L
26	21	-1
26	22	L
26	23	-1
26	24	-1
26	25	L
26	26	-1
26	27	-1
26	28	-1
26	29	L
26	30	-1
26	31	-1
26	32	-1
26	33	-1
26	34	-1
26	35	-1
26	36	-1
26	37	-1
26	38	-1
26	39	-1
26	40	-1
26	41	-1
26	42	-1
26	43	-1
26	44	-1
26	45	L
26	46	-1
26	47	L
26	48	-1
26	49	-1
26	50	L
26	51	L
26	52	L
26	53	-1
26	54	L
26	55	-1
26	56	U
26	57	-1
26	58	-1
26	59	-1
26	60	L
26	61	L
26	62	L
26	63	L
26	64	L
26	65	-1
26	66	-1
26	67	-1
26	68	-1
26	69	L
26	70	L
26	71	L
26	72	L
26	73	-1
26	74	-1
26	75	-1
26	76	L
26	77	-1
26	78	-1
26	79	-1
26	80	-1
26	81	L
26	82	-1
26	83	-1
26	84	L
26	85	L
26	86	L
26	87	L
26	88	-1
26	89	L
26	90	L
26	91	-1
26	92	-1
26	93	-1
26	94	-1
26	95	-1
26	96	-1
26	97	L
26	98	-1
26	99	L
26	100	-1
26	101	-1
26	102	-1
26	103	-1
26	104	L
26	105	L
26	106	-1
26	107	L
26	108	L
26	109	-1
26	110	-1
26	111	L
26	112	-1
26	113	-1
26	114	L
26	115	-1
26	116	L
26	117	L
26	118	L
26	119	L
27	0	-1
27	1	L
27	2	-1
27	3	-1
27	4	L
27	5	L
27	6	L
27	7	-1
27	8	-1
27	9	-1
27	10	L
27	11	-1
27	12	-1
27	13	-1
27	14	L
27	15	L
27	16	-1
27	17	-1
27	18	L
27	19	L
27	20	L
27	21	L
27	22	L
27	23	-1
27	24	-1
27	25	-1
27	26	L
27	27	-1
27	28	L
27	29	L
27	30	-1
27	31	L
27	32	-1
27	33	-1
27	34	L
27	35	-1
27	36	-1
27	37	-1
27	38	U
27	39	U
27	40	L
27	41	U
27	42	-1
27	43	U
27	44	L
27	45	-1
27	46	-1
27	47	L
27	48	L
27	49	-1
27	50	-1
27	51	L
27	52	-1
27	53	-1
27	54	-1
27	55	-1
27	56	U
27	57	-1
27	58	-1
27	59	-1
27	60	L
27	61	L
27	62	-1
27	63	-1
27	64	-1
27	65	-1
27	66	-1
27	67	-1
27	68	L
27	69	-1
27	70	L
27	71	L
27	72	-1
27	73	-1
27	74	-1
27	75	-1
27	76	-1
27	77	L
27	78	-1
27	79	-1
27	80	L
27	81	-1
27	82	-1
27	83	-1
27	84	-1
27	85	-1
27	86	-1
27	87	L
27	88	L
27	89	L
27	90	-1
27	91	L
27	92	-1
27	93	-1
27	94	-1
27	95	L
27	96	-1
27	97	-1
27	98	-1
27	99	-1
27	100	L
27	101	-1
27	102	-1
27	103	L
27	104	-1
27	105	-1
27	106	-1
27	107	-1
27	108	-1
27	109	-1
27	110	-1
27	111	-1
27	112	-1
27	113	-1
27	114	-1
27	115	-1
27	116	L
27	117	L
27	118	L
27	119	-1
28	0	L
28	1	L
28	2	-1
28	3	L
28	4	-1
28	5	L
28	6	L
28	7	-1
28	8	-1
28	9	L
28	10	-1
28	11	-1
28	12	L
28	13	-1
28	14	-1
28	15	L
28	16	L
28	17	-1
28	18	L
28	19	-1
28	20	L
28	21	-1
28	22	-1
28	23	L
28	24	-1
28	25	L
28	26	-1
28	27	-1
28	28	-1
28	29	L
28	30	-1
28	31	L
28	32	L
28	33	L
28	34	-1
28	35	-1
28	36	-1
28	37	L
28	38	U
28	39	U
28	40	-1
28	41	-1
28	42	-1
28	43	L
28	44	L
28	45	-1
28	46	U
28	47	-1
28	48	-1
28	49	L
28	50	-1
28	51	-1
28	52	-1
28	53	-1
28	54	-1
28	55	L
28	56	-1
28	57	-1
28	58	-1
28	59	L
28	60	L
28	61	-1
28	62	-1
28	63	-1
28	64	L
28	65	-1
28	66	-1
28	67	L
28	68	L
28	69	L
28	70	-1
28	71	-1
28	72	-1
28	73	L
28	74	-1
28	75	-1
28	76	-1
28	77	-1
28	78	-1
28	79	L
28	80	L
28	81	L
28	82	L
28	83	L
28	84	L
28	85	L
28	86	L
28	87	-1
28	88	L
28	89	-1
28	90	L
28	91	L
28	92	L
28	93	-1
28	94	-1
28	95	-1
28	96	L
28	97	L
28	98	L
28	99	-1
28	100	-1
28	101	-1
28	102	-1
28	103	L
28	104	-1
28	105	-1
28	106	-1
28	107	-1
28	108	-1
28	109	L
28	110	L
28	111	-1
28	112	-1
28	113	L
28	114	L
28	115	L
28	116	L
28	117	L
28	118	L
28	119	-1
29	0	-1
29	1	L
29	2	L
29	3	-1
29	4	-1
29	5	L
29	6	L
29	7	-1
29	8	-1
29	9	-1
29	10	L
29	11	-1
29	12	-1
29	13	L
29	14	-1
29	15	-1
29	16	L
29	17	-1
29	18	L
29	19	L
29	20	-1
29	21	-1
29	22	-1
29	23	-1
29	24	-1
29	25	-1
29	26	L
29	27	-1
29	28	-1
29	29	-1
29	30	-1
29	31	L
29	32	-1
29	33	L
29	34	-1
29	35	-1
29	36	-1
29	37	-1
29	38	-1
29	39	-1
29	40	-1
29	41	-1
29	42	-1
29	43	-1
29	44	-1
29	45	L
29	46	-1
29	47	U
29	48	L
29	49	-1
29	50	-1
29	51	-1
29	52	L
29	53	-1
29	54	L
29	55	-1
29	56	-1
29	57	-1
29	58	-1
29	59	-1
29	60	L
29	61	-1
29	62	-1
29	63	-1
29	64	-1
29	65	-1
29	66	-1
29	67	-1
29	68	-1
29	69	-1
29	70	-1
29	71	-1
29	72	-1
29	73	L
29	74	L
29	75	-1
29	76	L
29	77	-1
29	78	-1
29	79	-1
29	80	-1
29	81	L
29	82	L
29	83	-1
29	84	L
29	85	L
29	86	L
29	87	-1
29	88	L
29	89	-1
29	90	L
29	91	-1
29	92	L
29	93	L
29	94	L
29	95	-1
29	96	L
29	97	-1
29	98	L
29	99	-1
29	100	L
29	101	-1
29	102	L
29	103	-1
29	104	L
29	105	L
29	106	-1
29	107	L
29	108	-1
29	109	-1
29	110	-1
29	111	-1
29	112	-1
29	113	L
29	114	L
29	115	-1
29	116	L
29	117	L
29	118	-1
29	119	-1
30	0	-1
30	1	L
30	2	L
30	3	-1
30	4	-1
30	5	-1
30	6	-1
30	7	-1
30	8	-1
30	9	-1
30	10	-1
30	11	L
30	12	-1
30	13	-1
30	14	-1
30	15	-1
30	16	-1
30	17	-1
30	18	L
30	19	L
30	20	-1
30	21	L
30	22	-1
30	23	-1
30	24	L
30	25	-1
30	26	L
30	27	-1
30	28	-1
30	29	-1
30	30	-1
30	31	L
30	32	L
30	33	L
30	34	L
30	35	-1
30	36	L
30	37	-1
30	38	-1
30	39	-1
30	40	-1
30	41	L
30	42	L
30	43	L
30	44	L
30	45	L
30	46	L
30	47	L
30	48	L
30	49	L
30	50	-1
30	51	L
30	52	-1
30	53	L
30	54	-1
30	55	L
30	56	-1
30	57	L
30	58	-1
30	59	-1
30	60	-1
30	61	L
30	62	-1
30	63	L
30	64	-1
30	65	-1
30	66	L
30	67	L
30	68	-1
30	69	-1
30	70	-1
30	71	-1
30	72	L
30	73	L
30	74	L
30	75	L
30	76	-1
30	77	U
30	78	-1
30	79	L
30	80	-1
30	81	L
30	82	L
30	83	L
30	84	-1
30	85	L
30	86	L
30	87	L
30	88	L
30	89	-1
30	90	-1
30	91	L
30	92	-1
30	93	-1
30	94	-1
30	95	L
30	96	L
30	97	L
30	98	L
30	99	-1
30	100	L
30	101	-1
30	102	-1
30	103	L
30	104	L
30	105	-1
30	106	L
30	107	-1
30	108	-1
30	109	-1
30	110	-1
30	111	L
30	112	-1
30	113	L
30	114	-1
30	115	L
30	116	L
30	117	L
30	118	L
30	119	-1
31	0	-1
31	1	-1
31	2	-1
31	3	L
31	4	-1
31	5	L
31	6	L
31	7	-1
31	8	L
31	9	-1
31	10	-1
31	11	L
31	12	L
31	13	L
31	14	-1
31	15	-1
31	16	L
31	17	L
31	18	L
31	19	-1
31	20	-1
31	21	-1
31	22	-1
31	23	-1
31	24	L
31	25	L
31	26	L
31	27	-1
31	28	-1
31	29	-1
31	30	-1
31	31	L
31	32	-1
31	33	L
31	34	-1
31	35	-1
31	36	L
31	37	-1
31	38	-1
31	39	-1
31	40	-1
31	41	-1
31	42	-1
31	43	L
31	44	-1
31	45	L
31	46	L
31	47	-1
31	48	-1
31	49	L
31	50	-1
31	51	-1
31	52	-1
31	53	L
31	54	-1
31	55	-1
31	56	L
31	57	-1
31	58	-1
31	59	-1
31	60	-1
31	61	-1
31	62	L
31	63	-1
31	64	L
31	65	L
31	66	-1
31	67	-1
31	68	L
31	69	-1
31	70	L
31	71	-1
31	72	L
31	73	-1
31	74	-1
31	75	-1
31	76	L
31	77	U
31	78	-1
31	79	L
31	80	L
31	81	L
31	82	L
31	83	L
31	84	-1
31	85	-1
31	86	L
31	87	L
31	88	-1
31	89	L
31	90	L
31	91	-1
31	92	-1
31	93	-1
31	94	L
31	95	-1
31	96	L
31	97	L
31	98	L
31	99	L
31	100	L
31	101	L
31	102	L
31	103	-1
31	104	-1
31	105	L
31	106	L
31	107	-1
31	108	-1
31	109	L
31	110	-1
31	111	L
31	112	L
31	113	-1
31	114	L
31	115	-1
31	116	-1
31	117	-1
31	118	L
31	119	-1
32	0	-1
32	1	L
32	2	L
32	3	-1
32	4	-1
32	5	-1
32	6	L
32	7	L
32	8	-1
32	9	L
32	10	-1
32	11	-1
32	12	L
32	13	-1
32	14	-1
32	15	L
32	16	-1
32	17	-1
32	18	-1
32	19	L
32	20	L
32	21	-1
32	22	-1
32	23	-1
32	24	L
32	25	L
32	26	L
32	27	-1
32	28	-1
32	29	-1
32	30	L
32	31	-1
32	32	L
32	33	L
32	34	L
32	35	L
32	36	L
32	37	L
32	38	-1
32	39	-1
32	40	-1
32	41	-1
32	42	-1
32	43	L
32	44	-1
32	45	-1
32	46	-1
32	47	L
32	48	L
32	49	-1
32	50	-1
32	51	L
32	52	L
32	53	L
32	54	-1
32	55	-1
32	56	-1
32	57	L
32	58	L
32	59	-1
32	60	-1
32	61	-1
32	62	L
32	63	L
32	64	-1
32	65	-1
32	66	L
32	67	L
32	68	-1
32	69	L
32	70	L
32	71	L
32	72	L
32	73	-1
32	74	-1
32	75	-1
32	76	L
32	77	-1
32	78	-1
32	79	-1
32	80	-1
32	81	L
32	82	-1
32	83	-1
32	84	-1
32	85	-1
32	86	-1
32	87	-1
32	88	-1
32	89	-1
32	90	L
32	91	-1
32	92	-1
32	93	-1
32	94	L
32	95	L
32	96	-1
32	97	-1
32	98	L
32	99	-1
32	100	-1
32	101	L
32	102	-1
32	103	L
32	104	L
32	105	-1
32	106	L
32	107	-1
32	108	-1
32	109	-1
32	110	-1
32	111	L
32	112	-1
32	113	L
32	114	-1
32	115	L
32	116	L
32	117	-1
32	118	-1
32	119	-1
33	0	L
33	1	-1
33	2	L
33	3	-1
33	4	L
33	5	L
33	6	L
33	7	L
33	8	-1
33	9	-1
33	10	-1
33	11	L
33	12	-1
33	13	L
33	14	-1
33	15	-1
33	16	L
33	17	L
33	18	-1
33	19	-1
33	20	L
33	21	L
33	22	-1
33	23	-1
33	24	L
33	25	-1
33	26	L
33	27	L
33	28	L
33	29	-1
33	30	-1
33	31	L
33	32	L
33	33	-1
33	34	L
33	35	-1
33	36	L
33	37	-1
33	38	-1
33	39	L
33	40	L
33	41	L
33	42	-1
33	43	-1
33	44	-1
33	45	-1
33	46	-1
33	47	-1
33	48	-1
33	49	-1
33	50	L
33	51	L
33	52	-1
33	53	-1
33	54	L
33	55	-1
33	56	-1
33	57	L
33	58	L
33	59	L
33	60	L
33	61	-1
33	62	L
33	63	L
33	64	-1
33	65	L
33	66	L
33	67	L
33	68	-1
33	69	-1
33	70	-1
33	71	L
33	72	-1
33	73	-1
33	74	U
33	75	-1
33	76	L
33	77	U
33	78	U
33	79	-1
33	80	L
33	81	L
33	82	L
33	83	L
33	84	-1
33	85	-1
33	86	-1
33	87	-1
33	88	-1
33	89	L
33	90	-1
33	91	-1
33	92	-1
33	93	-1
33	94	L
33	95	-1
33	96	-1
33	97	-1
33	98	-1
33	99	-1
33	100	-1
33	101	-1
33	102	L
33	103	L
33	104	L
33	105	L
33	106	L
33	107	-1
33	108	-1
33	109	-1
33	110	L
33	111	-1
33	112	-1
33	113	L
33	114	L
33	115	-1
33	116	L
33	117	L
33	118	L
33	119	-1
34	0	L
34	1	L
34	2	L
34	3	L
34	4	U
34	5	L
34	6	L
34	7	-1
34	8	-1
34	9	L
34	10	-1
34	11	L
34	12	L
34	13	-1
34	14	-1
34	15	-1
34	16	L
34	17	L
34	18	-1
34	19	L
34	20	-1
34	21	-1
34	22	-1
34	23	-1
34	24	-1
34	25	L
34	26	L
34	27	-1
34	28	-1
34	29	-1
34	30	-1
34	31	L
34	32	L
34	33	L
34	34	L
34	35	L
34	36	L
34	37	-1
34	38	-1
34	39	L
34	40	U
34	41	-1
34	42	U
34	43	U
34	44	U
34	45	-1
34	46	-1
34	47	-1
34	48	L
34	49	L
34	50	-1
34	51	-1
34	52	L
34	53	L
34	54	-1
34	55	-1
34	56	-1
34	57	-1
34	58	L
34	59	L
34	60	-1
34	61	L
34	62	L
34	63	-1
34	64	L
34	65	L
34	66	-1
34	67	-1
34	68	-1
34	69	-1
34	70	-1
34	71	U
34	72	U
34	73	U
34	74	-1
34	75	-1
34	76	-1
34	77	-1
34	78	L
34	79	-1
34	80	L
34	81	L
34	82	-1
34	83	L
34	84	L
34	85	-1
34	86	L
34	87	-1
34	88	-1
34	89	L
34	90	-1
34	91	L
34	92	-1
34	93	L
34	94	L
34	95	L
34	96	L
34	97	-1
34	98	-1
34	99	L
34	100	-1
34	101	-1
34	102	-1
34	103	L
34	104	-1
34	105	-1
34	106	L
34	107	-1
34	108	L
34	109	-1
34	110	L
34	111	L
34	112	L
34	113	L
34	114	-1
34	115	L
34	116	L
34	117	-1
34	118	L
34	119	-1
35	0	-1
35	1	L
35	2	-1
35	3	-1
35	4	-1
35	5	U
35	6	-1
35	7	L
35	8	-1
35	9	-1
35	10	L
35	11	-1
35	12	L
35	13	-1
35	14	-1
35	15	-1
35	16	-1
35	17	L
35	18	L
35	19	L
35	20	L
35	21	L
35	22	-1
35	23	L
35	24	-1
35	25	L
35	26	-1
35	27	L
35	28	-1
35	29	-1
35	30	L
35	31	-1
35	32	L
35	33	L
35	34	L
35	35	-1
35	36	-1
35	37	L
35	38	L
35	39	-1
35	40	U
35	41	-1
35	42	-1
35	43	L
35	44	-1
35	45	-1
35	46	-1
35	47	L
35	48	L
35	49	L
35	50	-1
35	51	-1
35	52	L
35	53	L
35	54	L
35	55	-1
35	56	-1
35	57	-1
35	58	-1
35	59	L
35	60	-1
35	61	-1
35	62	-1
35	63	-1
35	64	L
35	65	-1
35	66	-1
35	67	-1
35	68	-1
35	69	-1
35	70	-1
35	71	L
35	72	-1
35	73	-1
35	74	U
35	75	-1
35	76	-1
35	77	-1
35	78	L
35	79	L
35	80	L
35	81	-1
35	82	L
35	83	-1
35	84	-1
35	85	-1
35	86	-1
35	87	L
35	88	L
35	89	-1
35	90	L
35	91	L
35	92	L
35	93	-1
35	94	L
35	95	L
35	96	-1
35	97	-1
35	98	-1
35	99	-1
35	100	L
35	101	L
35	102	L
35	103	-1
35	104	-1
35	105	-1
35	106	L
35	107	-1
35	108	-1
35	109	L
35	110	-1
35	111	-1
35	112	-1
35	113	-1
35	114	-1
35	115	-1
35	116	-1
35	117	L
35	118	-1
35	119	L
36	0	-1
36	1	-1
36	2	-1
36	3	-1
36	4	U
36	5	U
36	6	-1
36	7	L
36	8	-1
36	9	-1
36	10	-1
36	11	L
36	12	-1
36	13	-1
36	14	-1
36	15	-1
36	16	L
36	17	L
36	18	L
36	19	L
36	20	-1
36	21	L
36	22	-1
36	23	-1
36	24	-1
36	25	L
36	26	L
36	27	L
36	28	L
36	29	-1
36	30	-1
36	31	-1
36	32	-1
36	33	L
36	34	-1
36	35	L
36	36	L
36	37	L
36	38	-1
36	39	-1
36	40	-1
36	41	U
36	42	-1
36	43	U
36	44	U
36	45	L
36	46	L
36	47	L
36	48	-1
36	49	-1
36	50	-1
36	51	L
36	52	L
36	53	-1
36	54	L
36	55	-1
36	56	-1
36	57	-1
36	58	-1
36	59	-1
36	60	-1
36	61	-1
36	62	L
36	63	L
36	64	L
36	65	-1
36	66	-1
36	67	-1
36	68	-1
36	69	-1
36	70	L
36	71	-1
36	72	-1
36	73	-1
36	74	-1
36	75	-1
36	76	-1
36	77	-1
36	78	-1
36	79	L
36	80	L
36	81	-1
36	82	-1
36	83	-1
36	84	L
36	85	-1
36	86	-1
36	87	L
36	88	-1
36	89	-1
36	90	L
36	91	-1
36	92	-1
36	93	L
36	94	L
36	95	-1
36	96	-1
36	97	-1
36	98	-1
36	99	L
36	100	L
36	101	L
36	102	-1
36	103	-1
36	104	L
36	105	-1
36	106	-1
36	107	L
36	108	-1
36	109	L
36	110	-1
36	111	-1
36	112	-1
36	113	-1
36	114	-1
36	115	-1
36	116	L
36	117	-1
36	118	L
36	119	-1
37	0	-1
37	1	-1
37	2	-1
37	3	-1
37	4	U
37	5	L
37	6	-1
37	7	L
37	8	-1
37	9	-1
37	10	-1
37	11	-1
37	12	-1
37	13	U
37	14	-1
37	15	L
37	16	-1
37	17	L
37	18	-1
37	19	L
37	20	-1
37	21	-1
37	22	L
37	23	-1
37	24	L
37	25	L
37	26	L
37	27	L
37	28	L
37	29	L
37	30	L
37	31	-1
37	32	L
37	33	-1
37	34	L
37	35	-1
37	36	-1
37	37	U
37	38	-1
37	39	L
37	40	-1
37	41	-1
37	42	U
37	43	-1
37	44	U
37	45	L
37	46	L
37	47	L
37	48	L
37	49	-1
37	50	-1
37	51	-1
37	52	-1
37	53	L
37	54	-1
37	55	-1
37	56	L
37	57	-1
37	58	-1
37	59	L
37	60	L
37	61	L
37	62	L
37	63	L
37	64	L
37	65	L
37	66	-1
37	67	L
37	68	-1
37	69	-1
37	70	-1
37	71	-1
37	72	-1
37	73	L
37	74	-1
37	75	-1
37	76	-1
37	77	L
37	78	-1
37	79	L
37	80	-1
37	81	-1
37	82	L
37	83	L
37	84	-1
37	85	L
37	86	L
37	87	L
37	88	-1
37	89	L
37	90	L
37	91	-1
37	92	L
37	93	L
37	94	L
37	95	-1
37	96	-1
37	97	-1
37	98	L
37	99	-1
37	100	L
37	101	L
37	102	-1
37	103	-1
37	104	-1
37	105	-1
37	106	L
37	107	-1
37	108	-1
37	109	-1
37	110	L
37	111	L
37	112	L
37	113	-1
37	114	L
37	115	L
37	116	L
37	117	-1
37	118	-1
37	119	-1
38	0	-1
38	1	-1
38	2	-1
38	3	-1
38	4	-1
38	5	L
38	6	L
38	7	L
38	8	-1
38	9	-1
38	10	-1
38	11	L
38	12	L
38	13	-1
38	14	-1
38	15	L
38	16	-1
38	17	-1
38	18	-1
38	19	-1
38	20	-1
38	21	-1
38	22	-1
38	23	L
38	24	L
38	25	-1
38	26	L
38	27	-1
38	28	L
38	29	-1
38	30	-1
38	31	L
38	32	L
38	33	-1
38	34	-1
38	35	-1
38	36	-1
38	37	U
38	38	-1
38	39	-1
38	40	-1
38	41	-1
38	42	U
38	43	-1
38	44	-1
38	45	L
38	46	-1
38	47	L
38	48	L
38	49	-1
38	50	-1
38	51	-1
38	52	L
38	53	-1
38	54	L
38	55	L
38	56	L
38	57	L
38	58	L
38	59	L
38	60	-1
38	61	-1
38	62	-1
38	63	-1
38	64	L
38	65	L
38	66	L
38	67	L
38	68	L
38	69	-1
38	70	-1
38	71	L
38	72	-1
38	73	-1
38	74	L
38	75	U
38	76	U
38	77	-1
38	78	-1
38	79	L
38	80	-1
38	81	-1
38	82	-1
38	83	L
38	84	-1
38	85	L
38	86	L
38	87	L
38	88	L
38	89	-1
38	90	-1
38	91	-1
38	92	-1
38	93	L
38	94	-1
38	95	L
38	96	L
38	97	-1
38	98	-1
38	99	-1
38	100	-1
38	101	L
38	102	-1
38	103	L
38	104	-1
38	105	-1
38	106	-1
38	107	L
38	108	-1
38	109	-1
38	110	-1
38	111	L
38	112	L
38	113	L
38	114	L
38	115	-1
38	116	-1
38	117	-1
38	118	-1
38	119	-1
39	0	-1
39	1	-1
39	2	-1
39	3	U
39	4	L
39	5	-1
39	6	L
39	7	-1
39	8	L
39	9	-1
39	10	-1
39	11	-1
39	12	L
39	13	-1
39	14	L
39	15	L
39	16	L
39	17	-1
39	18	-1
39	19	-1
39	20	-1
39	21	-1
39	22	L
39	23	L
39	24	-1
39	25	-1
39	26	L
39	27	-1
39	28	-1
39	29	-1
39	30	L
39	31	L
39	32	L
39	33	-1
39	34	-1
39	35	-1
39	36	-1
39	37	-1
39	38	U
39	39	-1
39	40	-1
39	41	-1
39	42	-1
39	43	-1
39	44	U
39	45	L
39	46	L
39	47	-1
39	48	L
39	49	L
39	50	-1
39	51	L
39	52	-1
39	53	-1
39	54	L
39	55	-1
39	56	L
39	57	L
39	58	-1
39	59	-1
39	60	L
39	61	L
39	62	L
39	63	-1
39	64	L
39	65	-1
39	66	L
39	67	L
39	68	L
39	69	-1
39	70	L
39	71	-1
39	72	L
39	73	-1
39	74	-1
39	75	-1
39	76	-1
39	77	-1
39	78	-1
39	79	L
39	80	L
39	81	-1
39	82	-1
39	83	-1
39	84	L
39	85	-1
39	86	L
39	87	L
39	88	-1
39	89	-1
39	90	-1
39	91	-1
39	92	L
39	93	-1
39	94	-1
39	95	L
39	96	-1
39	97	-1
39	98	-1
39	99	-1
39	100	L
39	101	L
39	102	-1
39	103	-1
39	104	-1
39	105	L
39	106	L
39	107	-1
39	108	-1
39	109	-1
39	110	-1
39	111	-1
39	112	L
39	113	-1
39	114	L
39	115	-1
39	116	-1
39	117	-1
39	118	-1
39	119	-1
40	0	-1
40	1	-1
40	2	L
40	3	U
40	4	U
40	5	-1
40	6	L
40	7	-1
40	8	L
40	9	-1
40	10	-1
40	11	-1
40	12	L
40	13	L
40	14	L
40	15	L
40	16	L
40	17	L
40	18	-1
40	19	L
40	20	L
40	21	-1
40	22	-1
40	23	-1
40	24	-1
40	25	-1
40	26	-1
40	27	-1
40	28	L
40	29	L
40	30	-1
40	31	L
40	32	L
40	33	L
40	34	-1
40	35	-1
40	36	-1
40	37	U
40	38	-1
40	39	U
40	40	-1
40	41	-1
40	42	-1
40	43	-1
40	44	U
40	45	U
40	46	L
40	47	L
40	48	L
40	49	L
40	50	-1
40	51	L
40	52	L
40	53	-1
40	54	L
40	55	-1
40	56	-1
40	57	L
40	58	-1
40	59	-1
40	60	-1
40	61	-1
40	62	-1
40	63	-1
40	64	-1
40	65	L
40	66	L
40	67	-1
40	68	L
40	69	L
40	70	-1
40	71	-1
40	72	L
40	73	-1
40	74	-1
40	75	-1
40	76	-1
40	77	-1
40	78	-1
40	79	-1
40	80	-1
40	81	L
40	82	-1
40	83	L
40	84	L
40	85	L
40	86	L
40	87	L
40	88	-1
40	89	-1
40	90	L
40	91	-1
40	92	-1
40	93	L
40	94	L
40	95	L
40	96	-1
40	97	-1
40	98	-1
40	99	-1
40	100	L
40	101	L
40	102	-1
40	103	-1
40	104	L
40	105	L
40	106	-1
40	107	-1
40	108	-1
40	109	-1
40	110	L
40	111	-1
40	112	-1
40	113	-1
40	114	-1
40	115	L
40	116	-1
40	117	L
40	118	-1
40	119	-1
41	0	-1
41	1	L
41	2	L
41	3	L
41	4	U
41	5	L
41	6	-1
41	7	-1
41	8	-1
41	9	-1
41	10	-1
41	11	L
41	12	-1
41	13	-1
41	14	L
41	15	L
41	16	L
41	17	L
41	18	L
41	19	-1
41	20	L
41	21	-1
41	22	-1
41	23	-1
41	24	-1
41	25	-1
41	26	-1
41	27	L
41	28	-1
41	29	-1
41	30	-1
41	31	-1
41	32	-1
41	33	L
41	34	L
41	35	L
41	36	U
41	37	L
41	38	-1
41	39	-1
41	40	-1
41	41	-1
41	42	-1
41	43	-1
41	44	-1
41	45	-1
41	46	-1
41	47	-1
41	48	L
41	49	-1
41	50	L
41	51	L
41	52	L
41	53	L
41	54	L
41	55	-1
41	56	-1
41	57	L
41	58	-1
41	59	-1
41	60	-1
41	61	-1
41	62	-1
41	63	-1
41	64	-1
41	65	L
41	66	-1
41	67	-1
41	68	-1
41	69	-1
41	70	-1
41	71	-1
41	72	-1
41	73	-1
41	74	L
41	75	-1
41	76	-1
41	77	-1
41	78	L
41	79	L
41	80	L
41	81	L
41	82	-1
41	83	L
41	84	L
41	85	-1
41	86	L
41	87	L
41	88	L
41	89	-1
41	90	-1
41	91	-1
41	92	-1
41	93	-1
41	94	-1
41	95	L
41	96	-1
41	97	-1
41	98	-1
41	99	L
41	100	L
41	101	L
41	102	-1
41	103	-1
41	104	-1
41	105	-1
41	106	-1
41	107	-1
41	108	-1
41	109	L
41	110	-1
41	111	-1
41	112	-1
41	113	-1
41	114	-1
41	115	-1
41	116	-1
41	117	-1
41	118	-1
41	119	-1
42	0	L
42	1	L
42	2	-1
42	3	L
42	4	U
42	5	L
42	6	-1
42	7	-1
42	8	L
42	9	L
42	10	-1
42	11	-1
42	12	-1
42	13	-1
42	14	-1
42	15	L
42	16	-1
42	17	L
42	18	-1
42	19	L
42	20	-1
42	21	-1
42	22	-1
42	23	-1
42	24	-1
42	25	-1
42	26	L
42	27	L
42	28	-1
42	29	L
42	30	L
42	31	-1
42	32	L
42	33	-1
42	34	L
42	35	-1
42	36	L
42	37	U
42	38	-1
42	39	-1
42	40	-1
42	41	U
42	42	-1
42	43	-1
42	44	-1
42	45	-1
42	46	-1
42	47	-1
42	48	-1
42	49	-1
42	50	-1
42	51	L
42	52	L
42	53	-1
42	54	-1
42	55	-1
42	56	-1
42	57	-1
42	58	L
42	59	-1
42	60	L
42	61	-1
42	62	-1
42	63	-1
42	64	L
42	65	-1
42	66	-1
42	67	L
42	68	-1
42	69	L
42	70	L
42	71	-1
42	72	-1
42	73	L
42	74	-1
42	75	-1
42	76	-1
42	77	L
42	78	L
42	79	-1
42	80	L
42	81	L
42	82	L
42	83	-1
42	84	L
42	85	-1
42	86	-1
42	87	-1
42	88	L
42	89	-1
42	90	-1
42	91	L
42	92	L
42	93	-1
42	94	-1
42	95	-1
42	96	L
42	97	-1
42	98	-1
42	99	L
42	100	L
42	101	L
42	102	L
42	103	L
42	104	-1
42	105	L
42	106	L
42	107	-1
42	108	-1
42	109	L
42	110	-1
42	111	L
42	112	-1
42	113	-1
42	114	-1
42	115	L
42	116	-1
42	117	-1
42	118	-1
42	119	L
43	0	-1
43	1	L
43	2	-1
43	3	-1
43	4	-1
43	5	-1
43	6	L
43	7	L
43	8	-1
43	9	-1
43	10	-1
43	11	-1
43	12	L
43	13	-1
43	14	L
43	15	L
43	16	-1
43	17	L
43	18	-1
43	19	L
43	20	-1
43	21	-1
43	22	-1
43	23	-1
43	24	-1
43	25	-1
43	26	-1
43	27	-1
43	28	L
43	29	L
43	30	-1
43	31	-1
43	32	-1
43	33	-1
43	34	L
43	35	-1
43	36	U
43	37	U
43	38	U
43	39	U
43	40	-1
43	41	-1
43	42	-1
43	43	L
43	44	-1
43	45	-1
43	46	-1
43	47	-1
43	48	-1
43	49	-1
43	50	-1
43	51	L
43	52	-1
43	53	-1
43	54	L
43	55	L
43	56	L
43	57	L
43	58	-1
43	59	-1
43	60	-1
43	61	-1
43	62	L
43	63	-1
43	64	-1
43	65	L
43	66	L
43	67	-1
43	68	L
43	69	-1
43	70	-1
43	71	-1
43	72	L
43	73	L
43	74	-1
43	75	-1
43	76	-1
43	77	-1
43	78	-1
43	79	L
43	80	L
43	81	L
43	82	-1
43	83	-1
43	84	-1
43	85	-1
43	86	-1
43	87	-1
43	88	-1
43	89	-1
43	90	-1
43	91	L
43	92	-1
43	93	-1
43	94	L
43	95	L
43	96	-1
43	97	L
43	98	-1
43	99	L
43	100	-1
43	101	L
43	102	-1
43	103	L
43	104	L
43	105	-1
43	106	-1
43	107	-1
43	108	-1
43	109	L
43	110	-1
43	111	-1
43	112	U
43	113	-1
43	114	-1
43	115	L
43	116	L
43	117	-1
43	118	-1
43	119	L
44	0	L
44	1	L
44	2	-1
44	3	-1
44	4	L
44	5	-1
44	6	-1
44	7	L
44	8	L
44	9	L
44	10	-1
44	11	-1
44	12	L
44	13	-1
44	14	L
44	15	-1
44	16	-1
44	17	-1
44	18	-1
44	19	-1
44	20	L
44	21	-1
44	22	-1
44	23	-1
44	24	L
44	25	-1
44	26	-1
44	27	-1
44	28	-1
44	29	-1
44	30	-1
44	31	-1
44	32	-1
44	33	U
44	34	L
44	35	-1
44	36	U
44	37	-1
44	38	-1
44	39	-1
44	40	-1
44	41	L
44	42	-1
44	43	U
44	44	U
44	45	-1
44	46	-1
44	47	-1
44	48	-1
44	49	-1
44	50	-1
44	51	-1
44	52	-1
44	53	-1
44	54	L
44	55	L
44	56	L
44	57	-1
44	58	-1
44	59	-1
44	60	-1
44	61	L
44	62	L
44	63	L
44	64	-1
44	65	L
44	66	L
44	67	L
44	68	-1
44	69	L
44	70	-1
44	71	-1
44	72	-1
44	73	-1
44	74	L
44	75	L
44	76	L
44	77	L
44	78	-1
44	79	-1
44	80	-1
44	81	-1
44	82	L
44	83	-1
44	84	-1
44	85	-1
44	86	L
44	87	-1
44	88	L
44	89	-1
44	90	-1
44	91	L
44	92	-1
44	93	L
44	94	-1
44	95	-1
44	96	-1
44	97	L
44	98	L
44	99	L
44	100	-1
44	101	-1
44	102	-1
44	103	-1
44	104	-1
44	105	L
44	106	-1
44	107	-1
44	108	-1
44	109	-1
44	110	-1
44	111	U
44	112	-1
44	113	U
44	114	L
44	115	-1
44	116	-1
44	117	L
44	118	L
44	119	-1
45	0	-1
45	1	L
45	2	-1
45	3	-1
45	4	-1
45	5	L
45	6	-1
45	7	-1
45	8	L
45	9	-1
45	10	-1
45	11	-1
45	12	-1
45	13	-1
45	14	-1
45	15	-1
45	16	-1
45	17	-1
45	18	-1
45	19	L
45	20	L
45	21	L
45	22	-1
45	23	-1
45	24	-1
45	25	-1
45	26	-1
45	27	-1
45	28	-1
45	29	-1
45	30	-1
45	31	L
45	32	-1
45	33	U
45	34	-1
45	35	-1
45	36	U
45	37	-1
45	38	L
45	39	-1
45	40	-1
45	41	L
45	42	-1
45	43	L
45	44	U
45	45	-1
45	46	-1
45	47	-1
45	48	-1
45	49	-1
45	50	-1
45	51	L
45	52	L
45	53	L
45	54	L
45	55	-1
45	56	-1
45	57	-1
45	58	-1
45	59	-1
45	60	L
45	61	L
45	62	-1
45	63	-1
45	64	-1
45	65	L
45	66	L
45	67	-1
45	68	-1
45	69	L
45	70	L
45	71	L
45	72	L
45	73	L
45	74	L
45	75	-1
45	76	-1
45	77	-1
45	78	L
45	79	-1
45	80	-1
45	81	-1
45	82	-1
45	83	-1
45	84	L
45	85	L
45	86	-1
45	87	-1
45	88	-1
45	89	-1
45	90	-1
45	91	L
45	92	L
45	93	-1
45	94	-1
45	95	L
45	96	-1
45	97	-1
45	98	L
45	99	L
45	100	L
45	101	L
45	102	-1
45	103	-1
45	104	L
45	105	L
45	106	L
45	107	L
45	108	L
45	109	-1
45	110	-1
45	111	-1
45	112	-1
45	113	L
45	114	U
45	115	L
45	116	L
45	117	L
45	118	L
45	119	L
46	0	L
46	1	L
46	2	L
46	3	-1
46	4	-1
46	5	L
46	6	L
46	7	L
46	8	L
46	9	L
46	10	-1
46	11	-1
46	12	-1
46	13	-1
46	14	-1
46	15	-1
46	16	-1
46	17	L
46	18	-1
46	19	L
46	20	L
46	21	L
46	22	-1
46	23	-1
46	24	-1
46	25	-1
46	26	-1
46	27	-1
46	28	-1
46	29	-1
46	30	L
46	31	-1
46	32	L
46	33	U
46	34	-1
46	35	U
46	36	U
46	37	L
46	38	-1
46	39	L
46	40	-1
46	41	U
46	42	-1
46	43	U
46	44	L
46	45	-1
46	46	-1
46	47	-1
46	48	-1
46	49	-1
46	50	L
46	51	-1
46	52	L
46	53	-1
46	54	-1
46	55	L
46	56	-1
46	57	-1
46	58	-1
46	59	-1
46	60	L
46	61	-1
46	62	-1
46	63	-1
46	64	-1
46	65	-1
46	66	L
46	67	L
46	68	L
46	69	L
46	70	L
46	71	L
46	72	L
46	73	-1
46	74	L
46	75	-1
46	76	-1
46	77	L
46	78	-1
46	79	-1
46	80	L
46	81	-1
46	82	-1
46	83	L
46	84	L
46	85	L
46	86	-1
46	87	-1
46	88	-1
46	89	-1
46	90	L
46	91	-1
46	92	L
46	93	-1
46	94	L
46	95	-1
46	96	-1
46	97	-1
46	98	L
46	99	L
46	100	L
46	101	-1
46	102	-1
46	103	L
46	104	L
46	105	L
46	106	L
46	107	L
46	108	L
46	109	-1
46	110	L
46	111	-1
46	112	-1
46	113	L
46	114	L
46	115	-1
46	116	-1
46	117	-1
46	118	L
46	119	-1
47	0	-1
47	1	L
47	2	-1
47	3	L
47	4	L
47	5	L
47	6	L
47	7	L
47	8	-1
47	9	L
47	10	-1
47	11	-1
47	12	-1
47	13	-1
47	14	L
47	15	-1
47	16	-1
47	17	-1
47	18	L
47	19	-1
47	20	L
47	21	L
47	22	-1
47	23	L
47	24	-1
47	25	-1
47	26	L
47	27	L
47	28	L
47	29	L
47	30	-1
47	31	-1
47	32	-1
47	33	L
47	34	L
47	35	U
47	36	U
47	37	-1
47	38	L
47	39	L
47	40	L
47	41	L
47	42	-1
47	43	-1
47	44	U
47	45	L
47	46	L
47	47	-1
47	48	-1
47	49	-1
47	50	-1
47	51	-1
47	52	-1
47	53	L
47	54	L
47	55	-1
47	56	L
47	57	-1
47	58	-1
47	59	-1
47	60	L
47	61	-1
47	62	-1
47	63	-1
47	64	L
47	65	-1
47	66	-1
47	67	L
47	68	L
47	69	-1
47	70	L
47	71	-1
47	72	-1
47	73	-1
47	74	-1
47	75	-1
47	76	-1
47	77	-1
47	78	L
47	79	-1
47	80	L
47	81	L
47	82	L
47	83	L
47	84	L
47	85	-1
47	86	-1
47	87	L
47	88	L
47	89	L
47	90	L
47	91	L
47	92	L
47	93	L
47	94	-1
47	95	-1
47	96	L
47	97	-1
47	98	L
47	99	-1
47	100	-1
47	101	-1
47	102	-1
47	103	-1
47	104	L
47	105	L
47	106	L
47	107	-1
47	108	L
47	109	-1
47	110	L
47	111	L
47	112	L
47	113	L
47	114	L
47	115	-1
47	116	-1
47	117	-1
47	118	-1
47	119	-1
48	0	L
48	1	L
48	2	L
48	3	-1
48	4	L
48	5	-1
48	6	L
48	7	-1
48	8	L
48	9	L
48	10	L
48	11	L
48	12	-1
48	13	L
48	14	L
48	15	L
48	16	L
48	17	-1
48	18	L
48	19	L
48	20	L
48	21	-1
48	22	-1
48	23	L
48	24	L
48	25	L
48	26	L
48	27	-1
48	28	L
48	29	-1
48	30	-1
48	31	-1
48	32	L
48	33	L
48	34	-1
48	35	-1
48	36	-1
48	37	U
48	38	-1
48	39	-1
48	40	-1
48	41	L
48	42	-1
48	43	-1
48	44	-1
48	45	-1
48	46	-1
48	47	-1
48	48	-1
48	49	-1
48	50	-1
48	51	L
48	52	L
48	53	L
48	54	L
48	55	-1
48	56	-1
48	57	-1
48	58	-1
48	59	-1
48	60	-1
48	61	-1
48	62	-1
48	63	-1
48	64	-1
48	65	L
48	66	-1
48	67	L
48	68	L
48	69	-1
48	70	-1
48	71	-1
48	72	-1
48	73	L
48	74	-1
48	75	-1
48	76	-1
48	77	L
48	78	L
48	79	L
48	80	-1
48	81	L
48	82	-1
48	83	-1
48	84	-1
48	85	L
48	86	L
48	87	L
48	88	-1
48	89	L
48	90	L
48	91	L
48	92	-1
48	93	L
48	94	L
48	95	L
48	96	-1
48	97	L
48	98	-1
48	99	-1
48	100	-1
48	101	L
48	102	-1
48	103	-1
48	104	-1
48	105	L
48	106	L
48	107	L
48	108	L
48	109	L
48	110	L
48	111	L
48	112	-1
48	113	-1
48	114	L
48	115	L
48	116	-1
48	117	L
48	118	-1
48	119	-1
49	0	L
49	1	L
49	2	-1
49	3	-1
49	4	-1
49	5	L
49	6	-1
49	7	L
49	8	L
49	9	-1
49	10	L
49	11	-1
49	12	-1
49	13	-1
49	14	L
49	15	-1
49	16	L
49	17	-1
49	18	-1
49	19	-1
49	20	-1
49	21	-1
49	22	L
49	23	L
49	24	L
49	25	L
49	26	L
49	27	L
49	28	L
49	29	L
49	30	L
49	31	L
49	32	-1
49	33	L
49	34	L
49	35	-1
49	36	-1
49	37	L
49	38	-1
49	39	L
49	40	L
49	41	-1
49	42	-1
49	43	-1
49	44	L
49	45	L
49	46	-1
49	47	L
49	48	L
49	49	L
49	50	L
49	51	-1
49	52	-1
49	53	-1
49	54	-1
49	55	-1
49	56	L
49	57	-1
49	58	-1
49	59	L
49	60	-1
49	61	L
49	62	L
49	63	-1
49	64	L
49	65	-1
49	66	L
49	67	L
49	68	-1
49	69	-1
49	70	-1
49	71	L
49	72	-1
49	73	-1
49	74	-1
49	75	-1
49	76	-1
49	77	-1
49	78	-1
49	79	L
49	80	-1
49	81	L
49	82	-1
49	83	-1
49	84	-1
49	85	-1
49	86	-1
49	87	L
49	88	L
49	89	L
49	90	-1
49	91	-1
49	92	L
49	93	L
49	94	L
49	95	L
49	96	-1
49	97	L
49	98	-1
49	99	L
49	100	-1
49	101	L
49	102	-1
49	103	-1
49	104	L
49	105	-1
49	106	L
49	107	L
49	108	L
49	109	L
49	110	L
49	111	L
49	112	L
49	113	-1
49	114	L
49	115	-1
49	116	-1
49	117	L
49	118	-1
49	119	-1
50	0	L
50	1	L
50	2	L
50	3	-1
50	4	L
50	5	-1
50	6	-1
50	7	L
50	8	-1
50	9	L
50	10	-1
50	11	L
50	12	-1
50	13	L
50	14	-1
50	15	-1
50	16	L
50	17	-1
50	18	-1
50	19	-1
50	20	L
50	21	L
50	22	L
50	23	-1
50	24	L
50	25	-1
50	26	L
50	27	-1
50	28	L
50	29	-1
50	30	-1
50	31	U
50	32	-1
50	33	-1
50	34	L
50	35	L
50	36	L
50	37	L
50	38	-1
50	39	-1
50	40	-1
50	41	L
50	42	L
50	43	L
50	44	-1
50	45	L
50	46	L
50	47	-1
50	48	-1
50	49	-1
50	50	-1
50	51	-1
50	52	-1
50	53	-1
50	54	L
50	55	L
50	56	L
50	57	-1
50	58	L
50	59	-1
50	60	L
50	61	L
50	62	-1
50	63	L
50	64	-1
50	65	-1
50	66	L
50	67	-1
50	68	-1
50	69	-1
50	70	L
50	71	L
50	72	L
50	73	L
50	74	-1
50	75	-1
50	76	-1
50	77	-1
50	78	L
50	79	L
50	80	L
50	81	L
50	82	-1
50	83	L
50	84	-1
50	85	-1
50	86	-1
50	87	-1
50	88	L
50	89	L
50	90	-1
50	91	L
50	92	-1
50	93	L
50	94	L
50	95	L
50	96	L
50	97	L
50	98	L
50	99	-1
50	100	-1
50	101	L
50	102	-1
50	103	L
50	104	-1
50	105	U
50	106	-1
50	107	-1
50	108	-1
50	109	-1
50	110	-1
50	111	L
50	112	-1
50	113	-1
50	114	-1
50	115	L
50	116	L
50	117	-1
50	118	-1
50	119	-1
51	0	L
51	1	L
51	2	-1
51	3	-1
51	4	L
51	5	-1
51	6	-1
51	7	L
51	8	-1
51	9	L
51	10	L
51	11	L
51	12	-1
51	13	L
51	14	-1
51	15	L
51	16	-1
51	17	L
51	18	-1
51	19	-1
51	20	L
51	21	U
51	22	-1
51	23	-1
51	24	L
51	25	L
51	26	-1
51	27	-1
51	28	-1
51	29	U
51	30	-1
51	31	U
51	32	-1
51	33	-1
51	34	-1
51	35	L
51	36	-1
51	37	L
51	38	U
51	39	-1
51	40	-1
51	41	L
51	42	L
51	43	L
51	44	L
51	45	-1
51	46	-1
51	47	-1
51	48	-1
51	49	L
51	50	-1
51	51	-1
51	52	-1
51	53	L
51	54	L
51	55	L
51	56	-1
51	57	-1
51	58	-1
51	59	-1
51	60	L
51	61	-1
51	62	L
51	63	-1
51	64	-1
51	65	-1
51	66	-1
51	67	-1
51	68	-1
51	69	-1
51	70	L
51	71	-1
51	72	L
51	73	L
51	74	-1
51	75	-1
51	76	-1
51	77	L
51	78	-1
51	79	L
51	80	-1
51	81	L
51	82	-1
51	83	-1
51	84	-1
51	85	-1
51	86	-1
51	87	-1
51	88	-1
51	89	-1
51	90	-1
51	91	-1
51	92	-1
51	93	-1
51	94	-1
51	95	-1
51	96	-1
51	97	-1
51	98	L
51	99	L
51	100	L
51	101	L
51	102	-1
51	103	L
51	104	L
51	105	-1
51	106	U
51	107	-1
51	108	-1
51	109	-1
51	110	L
51	111	-1
51	112	-1
51	113	L
51	114	L
51	115	L
51	116	L
51	117	-1
51	118	L
51	119	-1
52	0	L
52	1	-1
52	2	-1
52	3	-1
52	4	-1
52	5	L
52	6	L
52	7	-1
52	8	L
52	9	L
52	10	L
52	11	-1
52	12	L
52	13	L
52	14	-1
52	15	L
52	16	L
52	17	-1
52	18	-1
52	19	-1
52	20	-1
52	21	-1
52	22	L
52	23	L
52	24	L
52	25	-1
52	26	L
52	27	L
52	28	L
52	29	L
52	30	-1
52	31	U
52	32	L
52	33	-1
52	34	-1
52	35	-1
52	36	U
52	37	-1
52	38	L
52	39	U
52	40	L
52	41	L
52	42	-1
52	43	L
52	44	L
52	45	-1
52	46	-1
52	47	-1
52	48	L
52	49	L
52	50	-1
52	51	L
52	52	-1
52	53	-1
52	54	L
52	55	L
52	56	-1
52	57	L
52	58	L
52	59	-1
52	60	-1
52	61	L
52	62	-1
52	63	-1
52	64	L
52	65	L
52	66	L
52	67	-1
52	68	L
52	69	-1
52	70	L
52	71	L
52	72	L
52	73	L
52	74	L
52	75	-1
52	76	-1
52	77	L
52	78	-1
52	79	L
52	80	-1
52	81	-1
52	82	-1
52	83	-1
52	84	-1
52	85	-1
52	86	-1
52	87	-1
52	88	L
52	89	-1
52	90	-1
52	91	-1
52	92	-1
52	93	-1
52	94	-1
52	95	-1
52	96	L
52	97	L
52	98	-1
52	99	L
52	100	L
52	101	L
52	102	L
52	103	-1
52	104	U
52	105	U
52	106	-1
52	107	U
52	108	-1
52	109	-1
52	110	-1
52	111	-1
52	112	-1
52	113	-1
52	114	L
52	115	-1
52	116	L
52	117	L
52	118	-1
52	119	-1
53	0	L
53	1	-1
53	2	L
53	3	-1
53	4	-1
53	5	-1
53	6	L
53	7	L
53	8	L
53	9	L
53	10	L
53	11	-1
53	12	-1
53	13	-1
53	14	L
53	15	-1
53	16	-1
53	17	L
53	18	-1
53	19	-1
53	20	-1
53	21	-1
53	22	-1
53	23	L
53	24	L
53	25	-1
53	26	-1
53	27	-1
53	28	L
53	29	-1
53	30	L
53	31	-1
53	32	L
53	33	U
53	34	-1
53	35	U
53	36	-1
53	37	U
53	38	U
53	39	U
53	40	L
53	41	-1
53	42	-1
53	43	-1
53	44	L
53	45	-1
53	46	-1
53	47	L
53	48	-1
53	49	L
53	50	L
53	51	-1
53	52	-1
53	53	-1
53	54	L
53	55	-1
53	56	-1
53	57	-1
53	58	L
53	59	-1
53	60	-1
53	61	L
53	62	-1
53	63	-1
53	64	L
53	65	L
53	66	-1
53	67	-1
53	68	-1
53	69	L
53	70	L
53	71	L
53	72	L
53	73	L
53	74	L
53	75	L
53	76	L
53	77	-1
53	78	L
53	79	L
53	80	-1
53	81	L
53	82	-1
53	83	-1
53	84	-1
53	85	-1
53	86	-1
53	87	-1
53	88	L
53	89	-1
53	90	-1
53	91	-1
53	92	-1
53	93	-1
53	94	-1
53	95	-1
53	96	-1
53	97	-1
53	98	-1
53	99	L
53	100	-1
53	101	L
53	102	-1
53	103	U
53	104	U
53	105	U
53	106	-1
53	107	-1
53	108	-1
53	109	-1
53	110	-1
53	111	-1
53	112	L
53	113	L
53	114	-1
53	115	-1
53	116	-1
53	117	-1
53	118	-1
53	119	-1
54	0	-1
54	1	-1
54	2	L
54	3	-1
54	4	-1
54	5	-1
54	6	-1
54	7	L
54	8	L
54	9	L
54	10	-1
54	11	-1
54	12	L
54	13	-1
54	14	L
54	15	-1
54	16	-1
54	17	-1
54	18	-1
54	19	-1
54	20	-1
54	21	U
54	22	U
54	23	-1
54	24	L
54	25	L
54	26	L
54	27	-1
54	28	-1
54	29	-1
54	30	U
54	31	U
54	32	L
54	33	-1
54	34	U
54	35	U
54	36	-1
54	37	-1
54	38	U
54	39	L
54	40	L
54	41	L
54	42	L
54	43	-1
54	44	-1
54	45	L
54	46	-1
54	47	-1
54	48	-1
54	49	-1
54	50	-1
54	51	-1
54	52	-1
54	53	-1
54	54	L
54	55	-1
54	56	L
54	57	L
54	58	-1
54	59	L
54	60	-1
54	61	-1
54	62	-1
54	63	L
54	64	L
54	65	L
54	66	-1
54	67	-1
54	68	-1
54	69	-1
54	70	L
54	71	-1
54	72	-1
54	73	-1
54	74	L
54	75	L
54	76	-1
54	77	L
54	78	L
54	79	L
54	80	-1
54	81	-1
54	82	-1
54	83	-1
54	84	-1
54	85	-1
54	86	L
54	87	-1
54	88	L
54	89	-1
54	90	-1
54	91	-1
54	92	-1
54	93	-1
54	94	-1
54	95	-1
54	96	-1
54	97	-1
54	98	L
54	99	L
54	100	L
54	101	L
54	102	L
54	103	-1
54	104	-1
54	105	-1
54	106	-1
54	107	-1
54	108	-1
54	109	-1
54	110	-1
54	111	-1
54	112	L
54	113	L
54	114	-1
54	115	L
54	116	-1
54	117	L
54	118	-1
54	119	-1
55	0	-1
55	1	-1
55	2	-1
55	3	-1
55	4	L
55	5	-1
55	6	-1
55	7	L
55	8	-1
55	9	L
55	10	L
55	11	L
55	12	L
55	13	-1
55	14	-1
55	15	L
55	16	-1
55	17	-1
55	18	-1
55	19	-1
55	20	-1
55	21	-1
55	22	-1
55	23	-1
55	24	-1
55	25	L
55	26	L
55	27	U
55	28	U
55	29	-1
55	30	-1
55	31	-1
55	32	-1
55	33	L
55	34	-1
55	35	-1
55	36	-1
55	37	U
55	38	U
55	39	U
55	40	L
55	41	-1
55	42	-1
55	43	-1
55	44	L
55	45	L
55	46	-1
55	47	L
55	48	-1
55	49	-1
55	50	-1
55	51	-1
55	52	-1
55	53	-1
55	54	-1
55	55	-1
55	56	L
55	57	-1
55	58	L
55	59	-1
55	60	L
55	61	L
55	62	-1
55	63	-1
55	64	-1
55	65	-1
55	66	L
55	67	-1
55	68	-1
55	69	L
55	70	L
55	71	-1
55	72	-1
55	73	L
55	74	L
55	75	-1
55	76	-1
55	77	L
55	78	-1
55	79	L
55	80	L
55	81	-1
55	82	L
55	83	-1
55	84	-1
55	85	-1
55	86	L
55	87	L
55	88	L
55	89	-1
55	90	L
55	91	-1
55	92	L
55	93	-1
55	94	L
55	95	-1
55	96	-1
55	97	L
55	98	-1
55	99	-1
55	100	-1
55	101	L
55	102	-1
55	103	-1
55	104	L
55	105	-1
55	106	-1
55	107	-1
55	108	-1
55	109	-1
55	110	-1
55	111	-1
55	112	-1
55	113	-1
55	114	L
55	115	L
55	116	-1
55	117	-1
55	118	-1
55	119	-1
56	0	-1
56	1	-1
56	2	-1
56	3	-1
56	4	-1
56	5	-1
56	6	L
56	7	-1
56	8	L
56	9	-1
56	10	-1
56	11	-1
56	12	-1
56	13	-1
56	14	L
56	15	-1
56	16	-1
56	17	-1
56	18	-1
56	19	U
56	20	-1
56	21	-1
56	22	-1
56	23	-1
56	24	L
56	25	-1
56	26	-1
56	27	U
56	28	U
56	29	U
56	30	U
56	31	L
56	32	L
56	33	-1
56	34	-1
56	35	-1
56	36	-1
56	37	L
56	38	-1
56	39	U
56	40	U
56	41	-1
56	42	-1
56	43	-1
56	44	L
56	45	L
56	46	-1
56	47	L
56	48	-1
56	49	L
56	50	L
56	51	-1
56	52	-1
56	53	-1
56	54	L
56	55	L
56	56	L
56	57	L
56	58	L
56	59	-1
56	60	L
56	61	L
56	62	L
56	63	-1
56	64	-1
56	65	L
56	66	L
56	67	-1
56	68	-1
56	69	-1
56	70	L
56	71	-1
56	72	L
56	73	L
56	74	L
56	75	L
56	76	-1
56	77	-1
56	78	L
56	79	-1
56	80	L
56	81	L
56	82	L
56	83	L
56	84	L
56	85	-1
56	86	-1
56	87	-1
56	88	L
56	89	-1
56	90	-1
56	91	-1
56	92	L
56	93	L
56	94	L
56	95	L
56	96	L
56	97	L
56	98	-1
56	99	-1
56	100	L
56	101	-1
56	102	-1
56	103	L
56	104	-1
56	105	L
56	106	-1
56	107	-1
56	108	-1
56	109	-1
56	110	-1
56	111	-1
56	112	-1
56	113	-1
56	114	-1
56	115	L
56	116	L
56	117	-1
56	118	L
56	119	-1
57	0	-1
57	1	L
57	2	-1
57	3	-1
57	4	-1
57	5	-1
57	6	L
57	7	L
57	8	-1
57	9	-1
57	10	-1
57	11	L
57	12	-1
57	13	L
57	14	L
57	15	-1
57	16	-1
57	17	-1
57	18	-1
57	19	-1
57	20	U
57	21	-1
57	22	-1
57	23	-1
57	24	-1
57	25	L
57	26	L
57	27	-1
57	28	-1
57	29	U
57	30	-1
57	31	-1
57	32	-1
57	33	U
57	34	U
57	35	-1
57	36	U
57	37	U
57	38	-1
57	39	U
57	40	U
57	41	U
57	42	-1
57	43	L
57	44	-1
57	45	-1
57	46	-1
57	47	-1
57	48	L
57	49	L
57	50	L
57	51	-1
57	52	L
57	53	L
57	54	L
57	55	L
57	56	-1
57	57	L
57	58	-1
57	59	-1
57	60	-1
57	61	-1
57	62	-1
57	63	-1
57	64	-1
57	65	-1
57	66	-1
57	67	L
57	68	-1
57	69	L
57	70	-1
57	71	-1
57	72	L
57	73	-1
57	74	-1
57	75	-1
57	76	L
57	77	L
57	78	-1
57	79	-1
57	80	-1
57	81	L
57	82	-1
57	83	L
57	84	-1
57	85	-1
57	86	-1
57	87	-1
57	88	-1
57	89	L
57	90	-1
57	91	L
57	92	-1
57	93	L
57	94	-1
57	95	L
57	96	L
57	97	-1
57	98	L
57	99	L
57	100	-1
57	101	-1
57	102	L
57	103	-1
57	104	-1
57	105	L
57	106	L
57	107	L
57	108	-1
57	109	-1
57	110	L
57	111	L
57	112	-1
57	113	L
57	114	-1
57	115	-1
57	116	-1
57	117	L
57	118	-1
57	119	-1
58	0	-1
58	1	-1
58	2	-1
58	3	L
58	4	L
58	5	-1
58	6	-1
58	7	-1
58	8	-1
58	9	-1
58	10	L
58	11	-1
58	12	-1
58	13	L
58	14	-1
58	15	-1
58	16	L
58	17	-1
58	18	L
58	19	-1
58	20	L
58	21	-1
58	22	-1
58	23	-1
58	24	L
58	25	-1
58	26	L
58	27	-1
58	28	-1
58	29	-1
58	30	L
58	31	-1
58	32	-1
58	33	-1
58	34	-1
58	35	U
58	36	-1
58	37	-1
58	38	-1
58	39	-1
58	40	L
58	41	U
58	42	-1
58	43	-1
58	44	U
58	45	-1
58	46	-1
58	47	-1
58	48	L
58	49	L
58	50	L
58	51	L
58	52	L
58	53	-1
58	54	L
58	55	-1
58	56	-1
58	57	-1
58	58	-1
58	59	L
58	60	-1
58	61	L
58	62	-1
58	63	-1
58	64	-1
58	65	-1
58	66	-1
58	67	L
58	68	L
58	69	-1
58	70	-1
58	71	L
58	72	-1
58	73	-1
58	74	-1
58	75	L
58	76	L
58	77	-1
58	78	L
58	79	-1
58	80	-1
58	81	-1
58	82	-1
58	83	-1
58	84	-1
58	85	-1
58	86	-1
58	87	-1
58	88	-1
58	89	-1
58	90	-1
58	91	-1
58	92	-1
58	93	-1
58	94	-1
58	95	L
58	96	-1
58	97	-1
58	98	L
58	99	-1
58	100	-1
58	101	-1
58	102	L
58	103	-1
58	104	L
58	105	L
58	106	L
58	107	-1
58	108	-1
58	109	-1
58	110	-1
58	111	L
58	112	-1
58	113	-1
58	114	L
58	115	L
58	116	L
58	117	L
58	118	-1
58	119	-1
59	0	L
59	1	L
59	2	L
59	3	L
59	4	L
59	5	-1
59	6	-1
59	7	L
59	8	-1
59	9	-1
59	10	-1
59	11	L
59	12	L
59	13	L
59	14	-1
59	15	L
59	16	L
59	17	L
59	18	L
59	19	-1
59	20	L
59	21	-1
59	22	-1
59	23	-1
59	24	-1
59	25	L
59	26	L
59	27	-1
59	28	-1
59	29	-1
59	30	-1
59	31	L
59	32	-1
59	33	L
59	34	-1
59	35	-1
59	36	-1
59	37	-1
59	38	-1
59	39	L
59	40	L
59	41	-1
59	42	U
59	43	U
59	44	L
59	45	-1
59	46	-1
59	47	-1
59	48	L
59	49	-1
59	50	L
59	51	L
59	52	L
59	53	L
59	54	-1
59	55	L
59	56	-1
59	57	-1
59	58	-1
59	59	L
59	60	-1
59	61	L
59	62	-1
59	63	-1
59	64	-1
59	65	-1
59	66	L
59	67	-1
59	68	-1
59	69	-1
59	70	-1
59	71	-1
59	72	-1
59	73	-1
59	74	L
59	75	-1
59	76	-1
59	77	L
59	78	L
59	79	L
59	80	-1
59	81	L
59	82	-1
59	83	L
59	84	-1
59	85	-1
59	86	-1
59	87	-1
59	88	-1
59	89	-1
59	90	-1
59	91	L
59	92	-1
59	93	-1
59	94	L
59	95	-1
59	96	-1
59	97	L
59	98	-1
59	99	-1
59	100	-1
59	101	-1
59	102	L
59	103	L
59	104	L
59	105	-1
59	106	-1
59	107	-1
59	108	-1
59	109	-1
59	110	L
59	111	L
59	112	-1
59	113	L
59	114	L
59	115	-1
59	116	L
59	117	-1
59	118	-1
59	119	-1
60	0	L
60	1	L
60	2	L
60	3	-1
60	4	-1
60	5	-1
60	6	-1
60	7	L
60	8	-1
60	9	-1
60	10	L
60	11	L
60	12	L
60	13	-1
60	14	-1
60	15	-1
60	16	-1
60	17	L
60	18	L
60	19	-1
60	20	-1
60	21	-1
60	22	-1
60	23	U
60	24	-1
60	25	L
60	26	-1
60	27	L
60	28	-1
60	29	-1
60	30	L
60	31	L
60	32	-1
60	33	-1
60	34	-1
60	35	-1
60	36	-1
60	37	-1
60	38	L
60	39	L
60	40	-1
60	41	U
60	42	U
60	43	-1
60	44	-1
60	45	-1
60	46	-1
60	47	L
60	48	L
60	49	-1
60	50	L
60	51	L
60	52	L
60	53	L
60	54	L
60	55	L
60	56	-1
60	57	-1
60	58	L
60	59	L
60	60	L
60	61	-1
60	62	-1
60	63	-1
60	64	-1
60	65	-1
60	66	-1
60	67	-1
60	68	-1
60	69	-1
60	70	L
60	71	L
60	72	L
60	73	L
60	74	-1
60	75	-1
60	76	-1
60	77	L
60	78	L
60	79	L
60	80	L
60	81	L
60	82	L
60	83	-1
60	84	L
60	85	L
60	86	-1
60	87	-1
60	88	-1
60	89	-1
60	90	-1
60	91	L
60	92	-1
60	93	L
60	94	-1
60	95	-1
60	96	-1
60	97	-1
60	98	-1
60	99	-1
60	100	-1
60	101	-1
60	102	-1
60	103	-1
60	104	L
60	105	L
60	106	L
60	107	L
60	108	L
60	109	-1
60	110	-1
60	111	L
60	112	-1
60	113	-1
60	114	-1
60	115	L
60	116	-1
60	117	L
60	118	L
60	119	L
61	0	L
61	1	L
61	2	-1
61	3	-1
61	4	-1
61	5	L
61	6	-1
61	7	-1
61	8	-1
61	9	L
61	10	-1
61	11	L
61	12	-1
61	13	L
61	14	-1
61	15	-1
61	16	-1
61	17	-1
61	18	-1
61	19	L
61	20	L
61	21	-1
61	22	U
61	23	-1
61	24	-1
61	25	-1
61	26	L
61	27	L
61	28	-1
61	29	L
61	30	L
61	31	-1
61	32	L
61	33	L
61	34	L
61	35	L
61	36	L
61	37	L
61	38	-1
61	39	-1
61	40	L
61	41	-1
61	42	-1
61	43	-1
61	44	L
61	45	L
61	46	-1
61	47	-1
61	48	L
61	49	-1
61	50	-1
61	51	-1
61	52	L
61	53	-1
61	54	-1
61	55	L
61	56	L
61	57	-1
61	58	L
61	59	L
61	60	L
61	61	-1
61	62	L
61	63	-1
61	64	-1
61	65	-1
61	66	-1
61	67	-1
61	68	-1
61	69	-1
61	70	L
61	71	L
61	72	-1
61	73	-1
61	74	-1
61	75	-1
61	76	-1
61	77	L
61	78	L
61	79	L
61	80	L
61	81	L
61	82	-1
61	83	-1
61	84	L
61	85	-1
61	86	L
61	87	-1
61	88	L
61	89	L
61	90	-1
61	91	L
61	92	L
61	93	L
61	94	-1
61	95	-1
61	96	-1
61	97	-1
61	98	-1
61	99	-1
61	100	-1
61	101	L
61	102	-1
61	103	-1
61	104	-1
61	105	L
61	106	L
61	107	-1
61	108	-1
61	109	L
61	110	-1
61	111	L
61	112	-1
61	113	-1
61	114	-1
61	115	-1
61	116	L
61	117	L
61	118	L
61	119	-1
62	0	L
62	1	-1
62	2	L
62	3	L
62	4	-1
62	5	-1
62	6	-1
62	7	L
62	8	L
62	9	-1
62	10	L
62	11	L
62	12	L
62	13	-1
62	14	L
62	15	L
62	16	-1
62	17	-1
62	18	-1
62	19	L
62	20	-1
62	21	L
62	22	-1
62	23	L
62	24	L
62	25	L
62	26	-1
62	27	L
62	28	-1
62	29	-1
62	30	L
62	31	-1
62	32	L
62	33	L
62	34	-1
62	35	L
62	36	-1
62	37	L
62	38	L
62	39	L
62	40	L
62	41	-1
62	42	U
62	43	-1
62	44	-1
62	45	-1
62	46	-1
62	47	-1
62	48	-1
62	49	-1
62	50	L
62	51	L
62	52	-1
62	53	L
62	54	-1
62	55	L
62	56	-1
62	57	-1
62	58	L
62	59	-1
62	60	-1
62	61	-1
62	62	-1
62	63	L
62	64	-1
62	65	-1
62	66	L
62	67	L
62	68	L
62	69	-1
62	70	-1
62	71	L
62	72	-1
62	73	-1
62	74	-1
62	75	-1
62	76	-1
62	77	-1
62	78	L
62	79	-1
62	80	-1
62	81	L
62	82	-1
62	83	L
62	84	L
62	85	L
62	86	-1
62	87	L
62	88	L
62	89	-1
62	90	-1
62	91	-1
62	92	L
62	93	-1
62	94	L
62	95	L
62	96	-1
62	97	L
62	98	-1
62	99	-1
62	100	L
62	101	L
62	102	-1
62	103	L
62	104	L
62	105	-1
62	106	L
62	107	-1
62	108	L
62	109	L
62	110	-1
62	111	-1
62	112	-1
62	113	-1
62	114	-1
62	115	-1
62	116	L
62	117	L
62	118	L
62	119	L
63	0	-1
63	1	-1
63	2	-1
63	3	-1
63	4	L
63	5	-1
63	6	L
63	7	L
63	8	-1
63	9	-1
63	10	-1
63	11	-1
63	12	L
63	13	-1
63	14	-1
63	15	L
63	16	-1
63	17	L
63	18	-1
63	19	L
63	20	L
63	21	-1
63	22	-1
63	23	-1
63	24	L
63	25	L
63	26	-1
63	27	-1
63	28	-1
63	29	L
63	30	L
63	31	-1
63	32	-1
63	33	L
63	34	L
63	35	L
63	36	-1
63	37	-1
63	38	-1
63	39	L
63	40	L
63	41	U
63	42	-1
63	43	-1
63	44	-1
63	45	L
63	46	L
63	47	-1
63	48	-1
63	49	L
63	50	-1
63	51	-1
63	52	-1
63	53	-1
63	54	-1
63	55	-1
63	56	-1
63	57	-1
63	58	-1
63	59	-1
63	60	-1
63	61	L
63	62	-1
63	63	L
63	64	U
63	65	L
63	66	L
63	67	L
63	68	-1
63	69	-1
63	70	-1
63	71	L
63	72	L
63	73	L
63	74	L
63	75	-1
63	76	-1
63	77	L
63	78	-1
63	79	L
63	80	-1
63	81	-1
63	82	L
63	83	-1
63	84	-1
63	85	L
63	86	-1
63	87	-1
63	88	-1
63	89	-1
63	90	-1
63	91	-1
63	92	-1
63	93	L
63	94	-1
63	95	-1
63	96	-1
63	97	L
63	98	L
63	99	-1
63	100	L
63	101	-1
63	102	-1
63	103	-1
63	104	-1
63	105	-1
63	106	-1
63	107	-1
63	108	-1
63	109	L
63	110	L
63	111	L
63	112	L
63	113	-1
63	114	-1
63	115	-1
63	116	-1
63	117	L
63	118	L
63	119	L
64	0	L
64	1	-1
64	2	-1
64	3	L
64	4	-1
64	5	-1
64	6	L
64	7	-1
64	8	L
64	9	-1
64	10	L
64	11	-1
64	12	-1
64	13	-1
64	14	-1
64	15	-1
64	16	L
64	17	-1
64	18	L
64	19	L
64	20	L
64	21	-1
64	22	-1
64	23	-1
64	24	L
64	25	-1
64	26	-1
64	27	-1
64	28	L
64	29	-1
64	30	-1
64	31	-1
64	32	L
64	33	L
64	34	-1
64	35	-1
64	36	-1
64	37	L
64	38	L
64	39	L
64	40	L
64	41	U
64	42	L
64	43	-1
64	44	L
64	45	L
64	46	-1
64	47	L
64	48	L
64	49	L
64	50	-1
64	51	L
64	52	-1
64	53	-1
64	54	-1
64	55	L
64	56	-1
64	57	-1
64	58	-1
64	59	-1
64	60	-1
64	61	-1
64	62	-1
64	63	U
64	64	-1
64	65	L
64	66	-1
64	67	L
64	68	-1
64	69	-1
64	70	L
64	71	-1
64	72	L
64	73	L
64	74	L
64	75	L
64	76	L
64	77	-1
64	78	-1
64	79	-1
64	80	-1
64	81	-1
64	82	-1
64	83	L
64	84	L
64	85	L
64	86	-1
64	87	L
64	88	-1
64	89	-1
64	90	-1
64	91	-1
64	92	-1
64	93	-1
64	94	L
64	95	-1
64	96	L
64	97	L
64	98	L
64	99	-1
64	100	L
64	101	-1
64	102	-1
64	103	L
64	104	L
64	105	L
64	106	L
64	107	-1
64	108	L
64	109	L
64	110	L
64	111	-1
64	112	L
64	113	L
64	114	-1
64	115	-1
64	116	-1
64	117	L
64	118	-1
64	119	L
65	0	-1
65	1	-1
65	2	-1
65	3	-1
65	4	L
65	5	L
65	6	L
65	7	-1
65	8	-1
65	9	-1
65	10	L
65	11	L
65	12	-1
65	13	-1
65	14	-1
65	15	-1
65	16	-1
65	17	-1
65	18	-1
65	19	L
65	20	-1
65	21	-1
65	22	-1
65	23	L
65	24	-1
65	25	-1
65	26	L
65	27	-1
65	28	L
65	29	-1
65	30	-1
65	31	L
65	32	L
65	33	-1
65	34	-1
65	35	-1
65	36	-1
65	37	-1
65	38	-1
65	39	L
65	40	L
65	41	L
65	42	-1
65	43	-1
65	44	L
65	45	-1
65	46	-1
65	47	L
65	48	L
65	49	-1
65	50	-1
65	51	L
65	52	-1
65	53	-1
65	54	-1
65	55	-1
65	56	-1
65	57	-1
65	58	-1
65	59	-1
65	60	U
65	61	L
65	62	U
65	63	-1
65	64	-1
65	65	-1
65	66	-1
65	67	-1
65	68	-1
65	69	U
65	70	L
65	71	U
65	72	L
65	73	L
65	74	L
65	75	L
65	76	L
65	77	-1
65	78	-1
65	79	L
65	80	L
65	81	-1
65	82	L
65	83	-1
65	84	-1
65	85	-1
65	86	-1
65	87	L
65	88	L
65	89	L
65	90	-1
65	91	-1
65	92	L
65	93	L
65	94	-1
65	95	L
65	96	-1
65	97	L
65	98	L
65	99	-1
65	100	-1
65	101	-1
65	102	-1
65	103	L
65	104	L
65	105	-1
65	106	L
65	107	L
65	108	L
65	109	-1
65	110	L
65	111	-1
65	112	L
65	113	L
65	114	-1
65	115	-1
65	116	L
65	117	-1
65	118	-1
65	119	L
66	0	L
66	1	-1
66	2	-1
66	3	L
66	4	L
66	5	L
66	6	-1
66	7	L
66	8	L
66	9	-1
66	10	L
66	11	-1
66	12	L
66	13	-1
66	14	L
66	15	L
66	16	-1
66	17	-1
66	18	-1
66	19	-1
66	20	L
66	21	-1
66	22	L
66	23	-1
66	24	-1
66	25	-1
66	26	-1
66	27	L
66	28	L
66	29	-1
66	30	-1
66	31	L
66	32	L
66	33	-1
66	34	-1
66	35	-1
66	36	-1
66	37	-1
66	38	L
66	39	-1
66	40	L
66	41	L
66	42	L
66	43	L
66	44	L
66	45	-1
66	46	-1
66	47	L
66	48	-1
66	49	-1
66	50	U
66	51	-1
66	52	-1
66	53	-1
66	54	-1
66	55	-1
66	56	-1
66	57	-1
66	58	-1
66	59	-1
66	60	U
66	61	U
66	62	L
66	63	L
66	64	L
66	65	-1
66	66	U
66	67	-1
66	68	-1
66	69	-1
66	70	U
66	71	-1
66	72	-1
66	73	L
66	74	L
66	75	-1
66	76	L
66	77	L
66	78	-1
66	79	-1
66	80	L
66	81	-1
66	82	-1
66	83	-1
66	84	L
66	85	L
66	86	L
66	87	-1
66	88	-1
66	89	-1
66	90	-1
66	91	-1
66	92	-1
66	93	-1
66	94	-1
66	95	L
66	96	-1
66	97	L
66	98	L
66	99	-1
66	100	-1
66	101	-1
66	102	-1
66	103	-1
66	104	L
66	105	L
66	106	-1
66	107	L
66	108	-1
66	109	-1
66	110	-1
66	111	-1
66	112	-1
66	113	-1
66	114	-1
66	115	-1
66	116	L
66	117	L
66	118	L
66	119	L
67	0	L
67	1	-1
67	2	-1
67	3	L
67	4	L
67	5	L
67	6	-1
67	7	-1
67	8	L
67	9	L
67	10	L
67	11	-1
67	12	-1
67	13	-1
67	14	L
67	15	L
67	16	L
67	17	-1
67	18	L
67	19	L
67	20	-1
67	21	L
67	22	-1
67	23	L
67	24	L
67	25	L
67	26	-1
67	27	-1
67	28	-1
67	29	L
67	30	L
67	31	-1
67	32	-1
67	33	L
67	34	-1
67	35	L
67	36	L
67	37	L
67	38	-1
67	39	L
67	40	-1
67	41	L
67	42	L
67	43	L
67	44	-1
67	45	-1
67	46	-1
67	47	U
67	48	-1
67	49	-1
67	50	L
67	51	-1
67	52	-1
67	53	U
67	54	-1
67	55	U
67	56	-1
67	57	-1
67	58	-1
67	59	-1
67	60	L
67	61	-1
67	62	U
67	63	-1
67	64	L
67	65	-1
67	66	-1
67	67	-1
67	68	-1
67	69	-1
67	70	-1
67	71	-1
67	72	-1
67	73	-1
67	74	L
67	75	-1
67	76	L
67	77	-1
67	78	L
67	79	-1
67	80	L
67	81	-1
67	82	-1
67	83	L
67	84	L
67	85	-1
67	86	L
67	87	-1
67	88	-1
67	89	-1
67	90	-1
67	91	L
67	92	L
67	93	-1
67	94	-1
67	95	-1
67	96	L
67	97	L
67	98	-1
67	99	-1
67	100	-1
67	101	-1
67	102	L
67	103	-1
67	104	-1
67	105	L
67	106	L
67	107	L
67	108	-1
67	109	-1
67	110	-1
67	111	-1
67	112	L
67	113	-1
67	114	-1
67	115	-1
67	116	L
67	117	L
67	118	-1
67	119	-1
68	0	-1
68	1	-1
68	2	L
68	3	L
68	4	L
68	5	L
68	6	-1
68	7	-1
68	8	-1
68	9	-1
68	10	L
68	11	L
68	12	-1
68	13	-1
68	14	-1
68	15	-1
68	16	-1
68	17	-1
68	18	L
68	19	-1
68	20	L
68	21	-1
68	22	-1
68	23	L
68	24	L
68	25	-1
68	26	-1
68	27	L
68	28	-1
68	29	L
68	30	L
68	31	L
68	32	L
68	33	L
68	34	-1
68	35	L
68	36	L
68	37	L
68	38	-1
68	39	L
68	40	-1
68	41	-1
68	42	L
68	43	L
68	44	-1
68	45	-1
68	46	-1
68	47	-1
68	48	L
68	49	-1
68	50	-1
68	51	L
68	52	-1
68	53	U
68	54	U
68	55	-1
68	56	-1
68	57	-1
68	58	-1
68	59	L
68	60	-1
68	61	-1
68	62	-1
68	63	U
68	64	-1
68	65	L
68	66	-1
68	67	U
68	68	U
68	69	U
68	70	-1
68	71	-1
68	72	-1
68	73	-1
68	74	-1
68	75	-1
68	76	-1
68	77	L
68	78	L
68	79	L
68	80	L
68	81	-1
68	82	L
68	83	-1
68	84	-1
68	85	-1
68	86	-1
68	87	-1
68	88	-1
68	89	-1
68	90	L
68	91	-1
68	92	-1
68	93	-1
68	94	-1
68	95	-1
68	96	L
68	97	-1
68	98	-1
68	99	-1
68	100	-1
68	101	-1
68	102	-1
68	103	L
68	104	-1
68	105	L
68	106	L
68	107	-1
68	108	L
68	109	-1
68	110	-1
68	111	L
68	112	-1
68	113	L
68	114	-1
68	115	-1
68	116	L
68	117	L
68	118	-1
68	119	L
69	0	L
69	1	L
69	2	-1
69	3	L
69	4	L
69	5	L
69	6	L
69	7	-1
69	8	L
69	9	-1
69	10	-1
69	11	-1
69	12	L
69	13	-1
69	14	-1
69	15	-1
69	16	-1
69	17	-1
69	18	L
69	19	L
69	20	-1
69	21	-1
69	22	-1
69	23	L
69	24	L
69	25	-1
69	26	-1
69	27	L
69	28	L
69	29	-1
69	30	-1
69	31	-1
69	32	-1
69	33	-1
69	34	-1
69	35	-1
69	36	L
69	37	-1
69	38	-1
69	39	-1
69	40	L
69	41	L
69	42	L
69	43	L
69	44	-1
69	45	-1
69	46	-1
69	47	-1
69	48	L
69	49	-1
69	50	-1
69	51	-1
69	52	L
69	53	U
69	54	U
69	55	-1
69	56	-1
69	57	U
69	58	-1
69	59	-1
69	60	U
69	61	U
69	62	-1
69	63	-1
69	64	-1
69	65	-1
69	66	-1
69	67	U
69	68	-1
69	69	-1
69	70	-1
69	71	-1
69	72	-1
69	73	L
69	74	-1
69	75	-1
69	76	-1
69	77	L
69	78	L
69	79	-1
69	80	-1
69	81	-1
69	82	-1
69	83	-1
69	84	-1
69	85	-1
69	86	-1
69	87	L
69	88	-1
69	89	-1
69	90	-1
69	91	-1
69	92	-1
69	93	-1
69	94	-1
69	95	L
69	96	L
69	97	-1
69	98	L
69	99	-1
69	100	-1
69	101	-1
69	102	L
69	103	L
69	104	L
69	105	L
69	106	L
69	107	L
69	108	L
69	109	L
69	110	-1
69	111	-1
69	112	-1
69	113	L
69	114	L
69	115	-1
69	116	-1
69	117	-1
69	118	-1
69	119	-1
70	0	-1
70	1	L
70	2	L
70	3	L
70	4	-1
70	5	-1
70	6	-1
70	7	-1
70	8	L
70	9	-1
70	10	-1
70	11	L
70	12	L
70	13	L
70	14	-1
70	15	-1
70	16	-1
70	17	-1
70	18	-1
70	19	-1
70	20	-1
70	21	-1
70	22	L
70	23	-1
70	24	L
70	25	-1
70	26	L
70	27	L
70	28	-1
70	29	L
70	30	-1
70	31	-1
70	32	L
70	33	-1
70	34	L
70	35	L
70	36	-1
70	37	-1
70	38	L
70	39	-1
70	40	-1
70	41	L
70	42	L
70	43	-1
70	44	-1
70	45	L
70	46	-1
70	47	L
70	48	L
70	49	-1
70	50	L
70	51	-1
70	52	L
70	53	-1
70	54	L
70	55	L
70	56	-1
70	57	U
70	58	-1
70	59	-1
70	60	-1
70	61	-1
70	62	-1
70	63	-1
70	64	U
70	65	-1
70	66	U
70	67	-1
70	68	-1
70	69	-1
70	70	-1
70	71	L
70	72	L
70	73	U
70	74	-1
70	75	-1
70	76	-1
70	77	L
70	78	-1
70	79	L
70	80	L
70	81	-1
70	82	-1
70	83	-1
70	84	-1
70	85	L
70	86	L
70	87	-1
70	88	L
70	89	-1
70	90	L
70	91	-1
70	92	-1
70	93	L
70	94	L
70	95	-1
70	96	L
70	97	L
70	98	L
70	99	-1
70	100	L
70	101	L
70	102	L
70	103	L
70	104	-1
70	105	-1
70	106	L
70	107	L
70	108	L
70	109	-1
70	110	L
70	111	L
70	112	L
70	113	L
70	114	-1
70	115	-1
70	116	-1
70	117	-1
70	118	L
70	119	L
71	0	-1
71	1	-1
71	2	L
71	3	-1
71	4	-1
71	5	L
71	6	L
71	7	-1
71	8	L
71	9	-1
71	10	-1
71	11	L
71	12	L
71	13	L
71	14	-1
71	15	-1
71	16	-1
71	17	-1
71	18	-1
71	19	-1
71	20	-1
71	21	-1
71	22	L
71	23	L
71	24	-1
71	25	L
71	26	L
71	27	-1
71	28	L
71	29	-1
71	30	-1
71	31	L
71	32	-1
71	33	-1
71	34	-1
71	35	L
71	36	-1
71	37	-1
71	38	-1
71	39	-1
71	40	-1
71	41	-1
71	42	-1
71	43	L
71	44	-1
71	45	L
71	46	-1
71	47	-1
71	48	L
71	49	-1
71	50	-1
71	51	L
71	52	L
71	53	-1
71	54	-1
71	55	L
71	56	L
71	57	-1
71	58	-1
71	59	-1
71	60	L
71	61	-1
71	62	-1
71	63	-1
71	64	U
71	65	-1
71	66	-1
71	67	-1
71	68	-1
71	69	U
71	70	-1
71	71	L
71	72	-1
71	73	-1
71	74	-1
71	75	L
71	76	U
71	77	-1
71	78	L
71	79	L
71	80	L
71	81	L
71	82	-1
71	83	-1
71	84	-1
71	85	-1
71	86	L
71	87	-1
71	88	L
71	89	-1
71	90	L
71	91	-1
71	92	-1
71	93	-1
71	94	-1
71	95	-1
71	96	L
71	97	-1
71	98	L
71	99	L
71	100	-1
71	101	-1
71	102	L
71	103	L
71	104	L
71	105	-1
71	106	-1
71	107	L
71	108	L
71	109	-1
71	110	-1
71	111	L
71	112	L
71	113	-1
71	114	-1
71	115	-1
71	116	-1
71	117	-1
71	118	-1
71	119	L
72	0	-1
72	1	-1
72	2	L
72	3	-1
72	4	L
72	5	-1
72	6	-1
72	7	L
72	8	L
72	9	-1
72	10	-1
72	11	-1
72	12	L
72	13	-1
72	14	-1
72	15	L
72	16	L
72	17	L
72	18	-1
72	19	L
72	20	-1
72	21	L
72	22	-1
72	23	-1
72	24	-1
72	25	L
72	26	L
72	27	L
72	28	-1
72	29	L
72	30	-1
72	31	L
72	32	-1
72	33	-1
72	34	-1
72	35	L
72	36	L
72	37	L
72	38	-1
72	39	L
72	40	-1
72	41	-1
72	42	-1
72	43	U
72	44	-1
72	45	L
72	46	L
72	47	L
72	48	-1
72	49	-1
72	50	-1
72	51	-1
72	52	L
72	53	-1
72	54	L
72	55	L
72	56	-1
72	57	U
72	58	L
72	59	-1
72	60	-1
72	61	-1
72	62	-1
72	63	-1
72	64	-1
72	65	-1
72	66	-1
72	67	-1
72	68	U
72	69	-1
72	70	U
72	71	-1
72	72	L
72	73	L
72	74	L
72	75	-1
72	76	U
72	77	-1
72	78	-1
72	79	L
72	80	-1
72	81	L
72	82	L
72	83	-1
72	84	L
72	85	L
72	86	L
72	87	L
72	88	-1
72	89	L
72	90	L
72	91	L
72	92	-1
72	93	L
72	94	-1
72	95	-1
72	96	-1
72	97	L
72	98	L
72	99	L
72	100	L
72	101	-1
72	102	-1
72	103	L
72	104	-1
72	105	L
72	106	-1
72	107	-1
72	108	-1
72	109	-1
72	110	-1
72	111	-1
72	112	-1
72	113	-1
72	114	L
72	115	-1
72	116	-1
72	117	U
72	118	L
72	119	L
73	0	L
73	1	-1
73	2	-1
73	3	-1
73	4	L
73	5	-1
73	6	L
73	7	-1
73	8	-1
73	9	-1
73	10	-1
73	11	-1
73	12	-1
73	13	-1
73	14	-1
73	15	-1
73	16	L
73	17	L
73	18	L
73	19	-1
73	20	-1
73	21	-1
73	22	L
73	23	L
73	24	L
73	25	-1
73	26	L
73	27	-1
73	28	L
73	29	L
73	30	L
73	31	-1
73	32	-1
73	33	L
73	34	-1
73	35	-1
73	36	L
73	37	-1
73	38	-1
73	39	-1
73	40	L
73	41	-1
73	42	U
73	43	-1
73	44	-1
73	45	L
73	46	-1
73	47	-1
73	48	-1
73	49	-1
73	50	-1
73	51	L
73	52	L
73	53	-1
73	54	-1
73	55	L
73	56	L
73	57	L
73	58	L
73	59	-1
73	60	-1
73	61	U
73	62	U
73	63	-1
73	64	-1
73	65	-1
73	66	-1
73	67	L
73	68	-1
73	69	-1
73	70	-1
73	71	-1
73	72	-1
73	73	L
73	74	-1
73	75	-1
73	76	-1
73	77	-1
73	78	L
73	79	L
73	80	-1
73	81	L
73	82	L
73	83	L
73	84	-1
73	85	L
73	86	L
73	87	-1
73	88	L
73	89	L
73	90	-1
73	91	-1
73	92	-1
73	93	-1
73	94	-1
73	95	-1
73	96	-1
73	97	L
73	98	-1
73	99	L
73	100	L
73	101	L
73	102	L
73	103	-1
73	104	-1
73	105	-1
73	106	-1
73	107	U
73	108	L
73	109	-1
73	110	-1
73	111	-1
73	112	-1
73	113	L
73	114	L
73	115	-1
73	116	-1
73	117	-1
73	118	L
73	119	-1
74	0	-1
74	1	-1
74	2	-1
74	3	L
74	4	-1
74	5	-1
74	6	-1
74	7	L
74	8	L
74	9	-1
74	10	L
74	11	L
74	12	-1
74	13	-1
74	14	-1
74	15	-1
74	16	-1
74	17	-1
74	18	-1
74	19	-1
74	20	L
74	21	-1
74	22	-1
74	23	L
74	24	L
74	25	L
74	26	-1
74	27	-1
74	28	-1
74	29	-1
74	30	L
74	31	L
74	32	-1
74	33	L
74	34	L
74	35	-1
74	36	-1
74	37	L
74	38	L
74	39	-1
74	40	-1
74	41	U
74	42	-1
74	43	U
74	44	-1
74	45	-1
74	46	-1
74	47	-1
74	48	-1
74	49	-1
74	50	-1
74	51	L
74	52	L
74	53	L
74	54	L
74	55	-1
74	56	L
74	57	-1
74	58	L
74	59	L
74	60	L
74	61	L
74	62	-1
74	63	-1
74	64	-1
74	65	L
74	66	-1
74	67	-1
74	68	-1
74	69	L
74	70	L
74	71	-1
74	72	L
74	73	L
74	74	-1
74	75	-1
74	76	-1
74	77	-1
74	78	-1
74	79	L
74	80	L
74	81	-1
74	82	-1
74	83	L
74	84	L
74	85	-1
74	86	L
74	87	L
74	88	-1
74	89	L
74	90	-1
74	91	-1
74	92	-1
74	93	L
74	94	-1
74	95	L
74	96	-1
74	97	-1
74	98	L
74	99	L
74	100	L
74	101	L
74	102	L
74	103	L
74	104	-1
74	105	L
74	106	-1
74	107	-1
74	108	-1
74	109	L
74	110	-1
74	111	L
74	112	-1
74	113	-1
74	114	-1
74	115	-1
74	116	-1
74	117	L
74	118	-1
74	119	L
75	0	L
75	1	-1
75	2	-1
75	3	L
75	4	-1
75	5	-1
75	6	L
75	7	L
75	8	L
75	9	-1
75	10	-1
75	11	-1
75	12	-1
75	13	-1
75	14	-1
75	15	-1
75	16	-1
75	17	L
75	18	L
75	19	L
75	20	L
75	21	-1
75	22	L
75	23	L
75	24	-1
75	25	L
75	26	-1
75	27	L
75	28	L
75	29	-1
75	30	L
75	31	-1
75	32	-1
75	33	L
75	34	-1
75	35	-1
75	36	U
75	37	L
75	38	-1
75	39	-1
75	40	-1
75	41	L
75	42	U
75	43	L
75	44	L
75	45	-1
75	46	-1
75	47	-1
75	48	-1
75	49	-1
75	50	-1
75	51	-1
75	52	L
75	53	-1
75	54	-1
75	55	-1
75	56	L
75	57	L
75	58	L
75	59	L
75	60	-1
75	61	L
75	62	L
75	63	-1
75	64	-1
75	65	-1
75	66	-1
75	67	-1
75	68	-1
75	69	L
75	70	L
75	71	L
75	72	-1
75	73	L
75	74	L
75	75	L
75	76	-1
75	77	L
75	78	-1
75	79	-1
75	80	-1
75	81	-1
75	82	-1
75	83	-1
75	84	L
75	85	L
75	86	-1
75	87	-1
75	88	-1
75	89	-1
75	90	L
75	91	-1
75	92	L
75	93	-1
75	94	L
75	95	L
75	96	-1
75	97	-1
75	98	-1
75	99	-1
75	100	L
75	101	-1
75	102	L
75	103	L
75	104	L
75	105	-1
75	106	L
75	107	-1
75	108	-1
75	109	-1
75	110	-1
75	111	U
75	112	L
75	113	-1
75	114	L
75	115	-1
75	116	L
75	117	L
75	118	L
75	119	-1
76	0	L
76	1	-1
76	2	-1
76	3	-1
76	4	-1
76	5	-1
76	6	L
76	7	-1
76	8	-1
76	9	L
76	10	-1
76	11	-1
76	12	-1
76	13	-1
76	14	-1
76	15	-1
76	16	-1
76	17	-1
76	18	L
76	19	-1
76	20	-1
76	21	-1
76	22	-1
76	23	L
76	24	-1
76	25	L
76	26	-1
76	27	-1
76	28	L
76	29	-1
76	30	-1
76	31	-1
76	32	L
76	33	-1
76	34	L
76	35	-1
76	36	-1
76	37	U
76	38	-1
76	39	-1
76	40	-1
76	41	L
76	42	-1
76	43	L
76	44	L
76	45	L
76	46	L
76	47	-1
76	48	-1
76	49	-1
76	50	L
76	51	-1
76	52	-1
76	53	-1
76	54	L
76	55	L
76	56	L
76	57	-1
76	58	-1
76	59	L
76	60	-1
76	61	-1
76	62	-1
76	63	L
76	64	L
76	65	-1
76	66	L
76	67	-1
76	68	-1
76	69	-1
76	70	L
76	71	L
76	72	L
76	73	-1
76	74	-1
76	75	-1
76	76	-1
76	77	L
76	78	L
76	79	L
76	80	-1
76	81	-1
76	82	-1
76	83	L
76	84	L
76	85	L
76	86	L
76	87	-1
76	88	L
76	89	L
76	90	-1
76	91	L
76	92	-1
76	93	-1
76	94	L
76	95	L
76	96	L
76	97	-1
76	98	-1
76	99	-1
76	100	-1
76	101	L
76	102	L
76	103	L
76	104	L
76	105	L
76	106	-1
76	107	-1
76	108	L
76	109	L
76	110	-1
76	111	-1
76	112	L
76	113	L
76	114	L
76	115	-1
76	116	L
76	117	L
76	118	L
76	119	L
77	0	L
77	1	-1
77	2	-1
77	3	-1
77	4	-1
77	5	-1
77	6	-1
77	7	-1
77	8	-1
77	9	-1
77	10	L
77	11	L
77	12	-1
77	13	-1
77	14	-1
77	15	-1
77	16	-1
77	17	-1
77	18	-1
77	19	L
77	20	L
77	21	-1
77	22	-1
77	23	L
77	24	-1
77	25	L
77	26	-1
77	27	L
77	28	-1
77	29	L
77	30	L
77	31	L
77	32	-1
77	33	-1
77	34	-1
77	35	-1
77	36	U
77	37	U
77	38	-1
77	39	U
77	40	-1
77	41	L
77	42	-1
77	43	L
77	44	L
77	45	L
77	46	-1
77	47	L
77	48	-1
77	49	-1
77	50	-1
77	51	-1
77	52	L
77	53	L
77	54	L
77	55	L
77	56	-1
77	57	-1
77	58	L
77	59	L
77	60	-1
77	61	L
77	62	-1
77	63	L
77	64	-1
77	65	-1
77	66	-1
77	67	-1
77	68	-1
77	69	-1
77	70	-1
77	71	L
77	72	L
77	73	-1
77	74	L
77	75	-1
77	76	-1
77	77	-1
77	78	-1
77	79	-1
77	80	L
77	81	L
77	82	L
77	83	L
77	84	-1
77	85	L
77	86	-1
77	87	-1
77	88	L
77	89	L
77	90	L
77	91	-1
77	92	-1
77	93	-1
77	94	L
77	95	-1
77	96	-1
77	97	-1
77	98	-1
77	99	-1
77	100	-1
77	101	L
77	102	L
77	103	L
77	104	L
77	105	-1
77	106	L
77	107	L
77	108	L
77	109	-1
77	110	-1
77	111	-1
77	112	-1
77	113	-1
77	114	L
77	115	-1
77	116	L
77	117	L
77	118	-1
77	119	L
78	0	-1
78	1	L
78	2	-1
78	3	-1
78	4	U
78	5	-1
78	6	-1
78	7	L
78	8	L
78	9	L
78	10	-1
78	11	-1
78	12	-1
78	13	-1
78	14	-1
78	15	-1
78	16	-1
78	17	-1
78	18	L
78	19	-1
78	20	-1
78	21	-1
78	22	L
78	23	L
78	24	-1
78	25	-1
78	26	L
78	27	L
78	28	L
78	29	L
78	30	L
78	31	L
78	32	-1
78	33	-1
78	34	-1
78	35	U
78	36	U
78	37	L
78	38	-1
78	39	-1
78	40	-1
78	41	L
78	42	-1
78	43	L
78	44	L
78	45	L
78	46	L
78	47	-1
78	48	-1
78	49	U
78	50	-1
78	51	-1
78	52	-1
78	53	L
78	54	L
78	55	-1
78	56	-1
78	57	-1
78	58	-1
78	59	-1
78	60	-1
78	61	L
78	62	L
78	63	-1
78	64	L
78	65	L
78	66	-1
78	67	-1
78	68	-1
78	69	L
78	70	L
78	71	-1
78	72	L
78	73	-1
78	74	-1
78	75	-1
78	76	L
78	77	L
78	78	L
78	79	L
78	80	-1
78	81	-1
78	82	L
78	83	-1
78	84	L
78	85	-1
78	86	L
78	87	-1
78	88	L
78	89	L
78	90	L
78	91	L
78	92	L
78	93	L
78	94	-1
78	95	U
78	96	-1
78	97	U
78	98	U
78	99	U
78	100	L
78	101	L
78	102	-1
78	103	-1
78	104	-1
78	105	-1
78	106	-1
78	107	L
78	108	L
78	109	-1
78	110	L
78	111	-1
78	112	L
78	113	L
78	114	L
78	115	-1
78	116	L
78	117	L
78	118	-1
78	119	L
79	0	-1
79	1	-1
79	2	-1
79	3	-1
79	4	-1
79	5	-1
79	6	L
79	7	L
79	8	L
79	9	L
79	10	-1
79	11	L
79	12	-1
79	13	-1
79	14	-1
79	15	-1
79	16	-1
79	17	L
79	18	-1
79	19	-1
79	20	-1
79	21	-1
79	22	-1
79	23	-1
79	24	-1
79	25	-1
79	26	-1
79	27	-1
79	28	L
79	29	L
79	30	L
79	31	-1
79	32	-1
79	33	-1
79	34	U
79	35	U
79	36	L
79	37	U
79	38	L
79	39	L
79	40	-1
79	41	-1
79	42	L
79	43	-1
79	44	-1
79	45	-1
79	46	-1
79	47	-1
79	48	-1
79	49	-1
79	50	U
79	51	-1
79	52	-1
79	53	U
79	54	-1
79	55	L
79	56	-1
79	57	-1
79	58	-1
79	59	-1
79	60	-1
79	61	-1
79	62	L
79	63	L
79	64	L
79	65	L
79	66	-1
79	67	-1
79	68	-1
79	69	-1
79	70	-1
79	71	L
79	72	-1
79	73	L
79	74	-1
79	75	U
79	76	L
79	77	L
79	78	-1
79	79	L
79	80	L
79	81	L
79	82	-1
79	83	-1
79	84	L
79	85	-1
79	86	-1
79	87	L
79	88	-1
79	89	-1
79	90	-1
79	91	-1
79	92	L
79	93	L
79	94	-1
79	95	L
79	96	U
79	97	U
79	98	U
79	99	-1
79	100	-1
79	101	-1
79	102	-1
79	103	-1
79	104	-1
79	105	L
79	106	-1
79	107	-1
79	108	L
79	109	L
79	110	-1
79	111	-1
79	112	-1
79	113	-1
79	114	L
79	115	L
79	116	-1
79	117	L
79	118	L
79	119	-1
80	0	-1
80	1	-1
80	2	L
80	3	-1
80	4	U
80	5	-1
80	6	-1
80	7	-1
80	8	L
80	9	-1
80	10	L
80	11	L
80	12	-1
80	13	-1
80	14	-1
80	15	-1
80	16	-1
80	17	-1
80	18	-1
80	19	-1
80	20	L
80	21	L
80	22	-1
80	23	L
80	24	-1
80	25	L
80	26	-1
80	27	-1
80	28	-1
80	29	-1
80	30	L
80	31	-1
80	32	-1
80	33	-1
80	34	L
80	35	-1
80	36	L
80	37	L
80	38	L
80	39	L
80	40	-1
80	41	-1
80	42	-1
80	43	-1
80	44	L
80	45	-1
80	46	-1
80	47	L
80	48	L
80	49	-1
80	50	-1
80	51	U
80	52	U
80	53	-1
80	54	-1
80	55	L
80	56	-1
80	57	L
80	58	-1
80	59	L
80	60	-1
80	61	-1
80	62	-1
80	63	L
80	64	L
80	65	L
80	66	-1
80	67	-1
80	68	-1
80	69	L
80	70	L
80	71	L
80	72	L
80	73	L
80	74	L
80	75	L
80	76	-1
80	77	-1
80	78	-1
80	79	-1
80	80	-1
80	81	-1
80	82	L
80	83	L
80	84	-1
80	85	L
80	86	L
80	87	L
80	88	L
80	89	L
80	90	L
80	91	L
80	92	-1
80	93	L
80	94	L
80	95	L
80	96	L
80	97	U
80	98	-1
80	99	-1
80	100	-1
80	101	-1
80	102	-1
80	103	-1
80	104	-1
80	105	-1
80	106	-1
80	107	L
80	108	-1
80	109	-1
80	110	-1
80	111	L
80	112	-1
80	113	L
80	114	-1
80	115	-1
80	116	L
80	117	-1
80	118	L
80	119	-1
81	0	U
81	1	-1
81	2	-1
81	3	-1
81	4	L
81	5	-1
81	6	-1
81	7	-1
81	8	L
81	9	L
81	10	L
81	11	L
81	12	-1
81	13	-1
81	14	-1
81	15	-1
81	16	-1
81	17	-1
81	18	-1
81	19	-1
81	20	L
81	21	-1
81	22	-1
81	23	L
81	24	L
81	25	-1
81	26	L
81	27	L
81	28	L
81	29	-1
81	30	-1
81	31	-1
81	32	-1
81	33	L
81	34	L
81	35	L
81	36	-1
81	37	L
81	38	-1
81	39	-1
81	40	-1
81	41	-1
81	42	L
81	43	L
81	44	-1
81	45	-1
81	46	U
81	47	U
81	48	-1
81	49	L
81	50	-1
81	51	-1
81	52	-1
81	53	L
81	54	-1
81	55	L
81	56	L
81	57	-1
81	58	L
81	59	-1
81	60	L
81	61	L
81	62	L
81	63	-1
81	64	L
81	65	L
81	66	-1
81	67	L
81	68	L
81	69	-1
81	70	L
81	71	L
81	72	L
81	73	-1
81	74	L
81	75	-1
81	76	-1
81	77	-1
81	78	L
81	79	-1
81	80	L
81	81	L
81	82	L
81	83	L
81	84	L
81	85	L
81	86	-1
81	87	L
81	88	-1
81	89	-1
81	90	L
81	91	-1
81	92	-1
81	93	-1
81	94	L
81	95	L
81	96	-1
81	97	-1
81	98	L
81	99	-1
81	100	-1
81	101	-1
81	102	-1
81	103	-1
81	104	-1
81	105	L
81	106	L
81	107	L
81	108	-1
81	109	L
81	110	-1
81	111	-1
81	112	L
81	113	L
81	114	L
81	115	L
81	116	-1
81	117	-1
81	118	L
81	119	L
82	0	-1
82	1	-1
82	2	-1
82	3	L
82	4	L
82	5	L
82	6	L
82	7	-1
82	8	L
82	9	L
82	10	L
82	11	-1
82	12	L
82	13	-1
82	14	L
82	15	-1
82	16	-1
82	17	L
82	18	L
82	19	L
82	20	L
82	21	L
82	22	-1
82	23	-1
82	24	-1
82	25	L
82	26	-1
82	27	-1
82	28	-1
82	29	-1
82	30	-1
82	31	L
82	32	L
82	33	-1
82	34	-1
82	35	L
82	36	L
82	37	-1
82	38	-1
82	39	-1
82	40	-1
82	41	L
82	42	-1
82	43	-1
82	44	-1
82	45	L
82	46	L
82	47	L
82	48	U
82	49	U
82	50	U
82	51	-1
82	52	-1
82	53	-1
82	54	L
82	55	L
82	56	L
82	57	L
82	58	-1
82	59	-1
82	60	L
82	61	L
82	62	-1
82	63	L
82	64	L
82	65	L
82	66	L
82	67	L
82	68	-1
82	69	-1
82	70	-1
82	71	-1
82	72	-1
82	73	-1
82	74	L
82	75	L
82	76	-1
82	77	-1
82	78	L
82	79	-1
82	80	-1
82	81	L
82	82	-1
82	83	-1
82	84	-1
82	85	-1
82	86	L
82	87	L
82	88	L
82	89	L
82	90	-1
82	91	L
82	92	L
82	93	L
82	94	-1
82	95	-1
82	96	L
82	97	-1
82	98	-1
82	99	L
82	100	-1
82	101	-1
82	102	-1
82	103	-1
82	104	L
82	105	L
82	106	L
82	107	L
82	108	L
82	109	-1
82	110	-1
82	111	-1
82	112	-1
82	113	L
82	114	L
82	115	-1
82	116	-1
82	117	-1
82	118	L
82	119	U
83	0	U
83	1	-1
83	2	L
83	3	L
83	4	L
83	5	L
83	6	-1
83	7	L
83	8	-1
83	9	-1
83	10	L
83	11	L
83	12	-1
83	13	-1
83	14	-1
83	15	-1
83	16	L
83	17	L
83	18	L
83	19	-1
83	20	-1
83	21	L
83	22	-1
83	23	-1
83	24	-1
83	25	L
83	26	-1
83	27	-1
83	28	L
83	29	L
83	30	-1
83	31	-1
83	32	-1
83	33	-1
83	34	L
83	35	L
83	36	L
83	37	-1
83	38	-1
83	39	L
83	40	-1
83	41	-1
83	42	-1
83	43	-1
83	44	-1
83	45	-1
83	46	L
83	47	L
83	48	-1
83	49	-1
83	50	-1
83	51	-1
83	52	L
83	53	L
83	54	L
83	55	L
83	56	-1
83	57	-1
83	58	-1
83	59	L
83	60	-1
83	61	-1
83	62	-1
83	63	L
83	64	-1
83	65	-1
83	66	L
83	67	-1
83	68	-1
83	69	-1
83	70	-1
83	71	-1
83	72	-1
83	73	-1
83	74	L
83	75	L
83	76	-1
83	77	-1
83	78	L
83	79	L
83	80	-1
83	81	-1
83	82	L
83	83	L
83	84	L
83	85	-1
83	86	-1
83	87	L
83	88	-1
83	89	-1
83	90	L
83	91	L
83	92	L
83	93	L
83	94	L
83	95	-1
83	96	-1
83	97	L
83	98	L
83	99	L
83	100	L
83	101	L
83	102	-1
83	103	-1
83	104	-1
83	105	-1
83	106	-1
83	107	-1
83	108	L
83	109	L
83	110	-1
83	111	-1
83	112	-1
83	113	L
83	114	-1
83	115	-1
83	116	-1
83	117	-1
83	118	-1
83	119	-1
84	0	L
84	1	L
84	2	-1
84	3	-1
84	4	-1
84	5	-1
84	6	-1
84	7	L
84	8	-1
84	9	-1
84	10	-1
84	11	L
84	12	L
84	13	L
84	14	-1
84	15	L
84	16	L
84	17	-1
84	18	L
84	19	-1
84	20	L
84	21	L
84	22	L
84	23	L
84	24	L
84	25	L
84	26	-1
84	27	L
84	28	-1
84	29	-1
84	30	-1
84	31	-1
84	32	L
84	33	-1
84	34	L
84	35	-1
84	36	-1
84	37	-1
84	38	-1
84	39	-1
84	40	L
84	41	-1
84	42	-1
84	43	-1
84	44	-1
84	45	-1
84	46	-1
84	47	L
84	48	L
84	49	-1
84	50	-1
84	51	-1
84	52	L
84	53	L
84	54	-1
84	55	-1
84	56	-1
84	57	L
84	58	-1
84	59	-1
84	60	-1
84	61	-1
84	62	-1
84	63	L
84	64	L
84	65	L
84	66	L
84	67	L
84	68	L
84	69	-1
84	70	-1
84	71	-1
84	72	-1
84	73	-1
84	74	L
84	75	-1
84	76	-1
84	77	L
84	78	-1
84	79	L
84	80	L
84	81	L
84	82	L
84	83	L
84	84	-1
84	85	L
84	86	L
84	87	-1
84	88	-1
84	89	L
84	90	-1
84	91	-1
84	92	L
84	93	L
84	94	-1
84	95	-1
84	96	-1
84	97	-1
84	98	L
84	99	L
84	100	L
84	101	L
84	102	-1
84	103	-1
84	104	-1
84	105	-1
84	106	-1
84	107	L
84	108	-1
84	109	-1
84	110	L
84	111	L
84	112	L
84	113	L
84	114	-1
84	115	-1
84	116	L
84	117	-1
84	118	-1
84	119	-1
85	0	-1
85	1	U
85	2	-1
85	3	-1
85	4	-1
85	5	L
85	6	-1
85	7	L
85	8	L
85	9	U
85	10	-1
85	11	L
85	12	L
85	13	L
85	14	L
85	15	L
85	16	-1
85	17	L
85	18	-1
85	19	L
85	20	L
85	21	-1
85	22	L
85	23	L
85	24	L
85	25	L
85	26	-1
85	27	L
85	28	-1
85	29	-1
85	30	-1
85	31	L
85	32	-1
85	33	L
85	34	-1
85	35	L
85	36	L
85	37	L
85	38	-1
85	39	-1
85	40	-1
85	41	-1
85	42	L
85	43	-1
85	44	-1
85	45	-1
85	46	-1
85	47	-1
85	48	L
85	49	-1
85	50	-1
85	51	-1
85	52	-1
85	53	-1
85	54	-1
85	55	L
85	56	-1
85	57	-1
85	58	L
85	59	L
85	60	-1
85	61	-1
85	62	-1
85	63	L
85	64	-1
85	65	L
85	66	L
85	67	L
85	68	L
85	69	L
85	70	-1
85	71	-1
85	72	L
85	73	-1
85	74	-1
85	75	-1
85	76	L
85	77	L
85	78	-1
85	79	L
85	80	L
85	81	L
85	82	-1
85	83	L
85	84	-1
85	85	-1
85	86	-1
85	87	-1
85	88	L
85	89	-1
85	90	L
85	91	-1
85	92	-1
85	93	L
85	94	-1
85	95	-1
85	96	L
85	97	-1
85	98	L
85	99	-1
85	100	L
85	101	L
85	102	L
85	103	L
85	104	-1
85	105	-1
85	106	-1
85	107	L
85	108	-1
85	109	-1
85	110	L
85	111	L
85	112	L
85	113	L
85	114	L
85	115	-1
85	116	L
85	117	L
85	118	L
85	119	-1
86	0	L
86	1	-1
86	2	U
86	3	L
86	4	-1
86	5	-1
86	6	L
86	7	-1
86	8	-1
86	9	-1
86	10	L
86	11	L
86	12	-1
86	13	-1
86	14	L
86	15	-1
86	16	-1
86	17	-1
86	18	L
86	19	-1
86	20	L
86	21	L
86	22	L
86	23	L
86	24	L
86	25	-1
86	26	L
86	27	L
86	28	-1
86	29	-1
86	30	L
86	31	L
86	32	L
86	33	-1
86	34	L
86	35	L
86	36	L
86	37	L
86	38	L
86	39	L
86	40	-1
86	41	-1
86	42	L
86	43	L
86	44	-1
86	45	L
86	46	-1
86	47	-1
86	48	-1
86	49	L
86	50	-1
86	51	L
86	52	-1
86	53	-1
86	54	-1
86	55	-1
86	56	L
86	57	L
86	58	-1
86	59	-1
86	60	-1
86	61	-1
86	62	-1
86	63	-1
86	64	L
86	65	L
86	66	-1
86	67	-1
86	68	-1
86	69	-1
86	70	-1
86	71	L
86	72	-1
86	73	-1
86	74	L
86	75	L
86	76	L
86	77	-1
86	78	-1
86	79	-1
86	80	-1
86	81	-1
86	82	-1
86	83	L
86	84	L
86	85	-1
86	86	-1
86	87	-1
86	88	L
86	89	L
86	90	L
86	91	-1
86	92	L
86	93	-1
86	94	-1
86	95	L
86	96	-1
86	97	-1
86	98	-1
86	99	L
86	100	L
86	101	L
86	102	L
86	103	L
86	104	-1
86	105	L
86	106	L
86	107	-1
86	108	-1
86	109	-1
86	110	-1
86	111	-1
86	112	L
86	113	-1
86	114	-1
86	115	-1
86	116	L
86	117	L
86	118	L
86	119	-1
87	0	-1
87	1	-1
87	2	-1
87	3	-1
87	4	L
87	5	-1
87	6	L
87	7	-1
87	8	-1
87	9	L
87	10	L
87	11	-1
87	12	-1
87	13	L
87	14	L
87	15	-1
87	16	L
87	17	-1
87	18	-1
87	19	L
87	20	-1
87	21	L
87	22	-1
87	23	-1
87	24	-1
87	25	L
87	26	L
87	27	L
87	28	-1
87	29	-1
87	30	-1
87	31	-1
87	32	-1
87	33	L
87	34	L
87	35	L
87	36	-1
87	37	L
87	38	L
87	39	L
87	40	-1
87	41	L
87	42	-1
87	43	-1
87	44	L
87	45	-1
87	46	-1
87	47	-1
87	48	-1
87	49	-1
87	50	-1
87	51	L
87	52	L
87	53	-1
87	54	-1
87	55	-1
87	56	-1
87	57	-1
87	58	-1
87	59	-1
87	60	-1
87	61	-1
87	62	-1
87	63	-1
87	64	-1
87	65	L
87	66	-1
87	67	L
87	68	L
87	69	L
87	70	L
87	71	-1
87	72	L
87	73	L
87	74	-1
87	75	L
87	76	-1
87	77	-1
87	78	-1
87	79	-1
87	80	-1
87	81	L
87	82	-1
87	83	L
87	84	-1
87	85	L
87	86	-1
87	87	-1
87	88	L
87	89	-1
87	90	L
87	91	-1
87	92	L
87	93	L
87	94	-1
87	95	L
87	96	L
87	97	-1
87	98	L
87	99	L
87	100	-1
87	101	-1
87	102	L
87	103	L
87	104	-1
87	105	L
87	106	L
87	107	-1
87	108	-1
87	109	-1
87	110	-1
87	111	-1
87	112	L
87	113	L
87	114	-1
87	115	L
87	116	-1
87	117	L
87	118	L
87	119	L
88	0	-1
88	1	L
88	2	U
88	3	-1
88	4	L
88	5	L
88	6	-1
88	7	-1
88	8	-1
88	9	-1
88	10	L
88	11	L
88	12	-1
88	13	-1
88	14	L
88	15	-1
88	16	L
88	17	-1
88	18	-1
88	19	L
88	20	L
88	21	L
88	22	-1
88	23	-1
88	24	L
88	25	-1
88	26	L
88	27	-1
88	28	-1
88	29	L
88	30	-1
88	31	-1
88	32	-1
88	33	L
88	34	-1
88	35	-1
88	36	-1
88	37	-1
88	38	-1
88	39	L
88	40	L
88	41	L
88	42	L
88	43	L
88	44	L
88	45	-1
88	46	L
88	47	-1
88	48	L
88	49	-1
88	50	L
88	51	-1
88	52	-1
88	53	-1
88	54	-1
88	55	-1
88	56	-1
88	57	L
88	58	-1
88	59	-1
88	60	-1
88	61	-1
88	62	-1
88	63	L
88	64	-1
88	65	L
88	66	L
88	67	-1
88	68	L
88	69	L
88	70	-1
88	71	-1
88	72	-1
88	73	L
88	74	-1
88	75	-1
88	76	-1
88	77	L
88	78	-1
88	79	-1
88	80	-1
88	81	L
88	82	-1
88	83	-1
88	84	-1
88	85	-1
88	86	-1
88	87	-1
88	88	-1
88	89	L
88	90	-1
88	91	U
88	92	L
88	93	L
88	94	-1
88	95	-1
88	96	L
88	97	-1
88	98	L
88	99	L
88	100	-1
88	101	-1
88	102	L
88	103	L
88	104	-1
88	105	L
88	106	-1
88	107	-1
88	108	-1
88	109	-1
88	110	U
88	111	U
88	112	-1
88	113	-1
88	114	-1
88	115	L
88	116	-1
88	117	L
88	118	-1
88	119	-1
89	0	-1
89	1	-1
89	2	L
89	3	-1
89	4	L
89	5	-1
89	6	L
89	7	-1
89	8	L
89	9	-1
89	10	L
89	11	-1
89	12	L
89	13	-1
89	14	-1
89	15	-1
89	16	L
89	17	-1
89	18	-1
89	19	-1
89	20	-1
89	21	-1
89	22	-1
89	23	-1
89	24	-1
89	25	-1
89	26	-1
89	27	-1
89	28	-1
89	29	L
89	30	-1
89	31	-1
89	32	L
89	33	L
89	34	-1
89	35	L
89	36	L
89	37	-1
89	38	-1
89	39	-1
89	40	L
89	41	L
89	42	L
89	43	L
89	44	-1
89	45	-1
89	46	-1
89	47	-1
89	48	L
89	49	-1
89	50	-1
89	51	-1
89	52	-1
89	53	-1
89	54	-1
89	55	-1
89	56	-1
89	57	-1
89	58	-1
89	59	-1
89	60	-1
89	61	L
89	62	-1
89	63	-1
89	64	-1
89	65	-1
89	66	-1
89	67	-1
89	68	-1
89	69	-1
89	70	L
89	71	-1
89	72	-1
89	73	-1
89	74	L
89	75	-1
89	76	-1
89	77	-1
89	78	-1
89	79	-1
89	80	-1
89	81	-1
89	82	L
89	83	-1
89	84	L
89	85	-1
89	86	-1
89	87	-1
89	88	-1
89	89	-1
89	90	-1
89	91	U
89	92	-1
89	93	U
89	94	U
89	95	-1
89	96	-1
89	97	-1
89	98	U
89	99	-1
89	100	-1
89	101	-1
89	102	L
89	103	L
89	104	L
89	105	L
89	106	L
89	107	-1
89	108	U
89	109	L
89	110	U
89	111	L
89	112	U
89	113	U
89	114	L
89	115	L
89	116	L
89	117	L
89	118	-1
89	119	-1
90	0	-1
90	1	L
90	2	-1
90	3	L
90	4	-1
90	5	-1
90	6	-1
90	7	-1
90	8	L
90	9	-1
90	10	L
90	11	-1
90	12	-1
90	13	-1
90	14	-1
90	15	-1
90	16	L
90	17	-1
90	18	L
90	19	L
90	20	L
90	21	-1
90	22	-1
90	23	L
90	24	-1
90	25	-1
90	26	L
90	27	L
90	28	L
90	29	-1
90	30	-1
90	31	L
90	32	L
90	33	L
90	34	L
90	35	L
90	36	-1
90	37	-1
90	38	-1
90	39	-1
90	40	-1
90	41	-1
90	42	L
90	43	-1
90	44	-1
90	45	-1
90	46	-1
90	47	-1
90	48	L
90	49	-1
90	50	-1
90	51	-1
90	52	L
90	53	-1
90	54	L
90	55	-1
90	56	-1
90	57	L
90	58	L
90	59	-1
90	60	-1
90	61	-1
90	62	L
90	63	-1
90	64	-1
90	65	-1
90	66	-1
90	67	-1
90	68	-1
90	69	-1
90	70	L
90	71	-1
90	72	-1
90	73	-1
90	74	L
90	75	-1
90	76	-1
90	77	L
90	78	-1
90	79	-1
90	80	-1
90	81	L
90	82	-1
90	83	-1
90	84	-1
90	85	-1
90	86	-1
90	87	-1
90	88	-1
90	89	U
90	90	U
90	91	U
90	92	-1
90	93	-1
90	94	-1
90	95	-1
90	96	-1
90	97	U
90	98	U
90	99	-1
90	100	-1
90	101	L
90	102	L
90	103	L
90	104	-1
90	105	-1
90	106	-1
90	107	U
90	108	-1
90	109	L
90	110	L
90	111	U
90	112	-1
90	113	-1
90	114	-1
90	115	-1
90	116	-1
90	117	L
90	118	-1
90	119	L
91	0	-1
91	1	L
91	2	L
91	3	-1
91	4	L
91	5	L
91	6	L
91	7	-1
91	8	-1
91	9	-1
91	10	L
91	11	-1
91	12	-1
91	13	-1
91	14	-1
91	15	-1
91	16	-1
91	17	-1
91	18	L
91	19	L
91	20	-1
91	21	-1
91	22	-1
91	23	L
91	24	-1
91	25	-1
91	26	L
91	27	L
91	28	L
91	29	-1
91	30	-1
91	31	-1
91	32	-1
91	33	-1
91	34	-1
91	35	-1
91	36	L
91	37	-1
91	38	-1
91	39	-1
91	40	-1
91	41	-1
91	42	-1
91	43	-1
91	44	-1
91	45	L
91	46	L
91	47	-1
91	48	L
91	49	-1
91	50	U
91	51	-1
91	52	L
91	53	L
91	54	-1
91	55	-1
91	56	-1
91	57	L
91	58	L
91	59	L
91	60	-1
91	61	-1
91	62	-1
91	63	-1
91	64	L
91	65	-1
91	66	-1
91	67	-1
91	68	-1
91	69	-1
91	70	-1
91	71	L
91	72	L
91	73	-1
91	74	-1
91	75	-1
91	76	-1
91	77	L
91	78	L
91	79	L
91	80	L
91	81	-1
91	82	-1
91	83	-1
91	84	L
91	85	-1
91	86	-1
91	87	-1
91	88	U
91	89	U
91	90	U
91	91	L
91	92	-1
91	93	-1
91	94	-1
91	95	-1
91	96	U
91	97	L
91	98	-1
91	99	-1
91	100	-1
91	101	-1
91	102	L
91	103	-1
91	104	-1
91	105	L
91	106	-1
91	107	L
91	108	-1
91	109	L
91	110	U
91	111	L
91	112	L
91	113	-1
91	114	-1
91	115	-1
91	116	-1
91	117	L
91	118	L
91	119	L
92	0	L
92	1	L
92	2	-1
92	3	-1
92	4	-1
92	5	L
92	6	-1
92	7	L
92	8	L
92	9	-1
92	10	-1
92	11	L
92	12	L
92	13	-1
92	14	L
92	15	-1
92	16	-1
92	17	-1
92	18	-1
92	19	L
92	20	-1
92	21	-1
92	22	L
92	23	-1
92	24	-1
92	25	L
92	26	-1
92	27	L
92	28	L
92	29	-1
92	30	L
92	31	L
92	32	-1
92	33	-1
92	34	-1
92	35	-1
92	36	-1
92	37	L
92	38	-1
92	39	-1
92	40	-1
92	41	L
92	42	-1
92	43	-1
92	44	L
92	45	L
92	46	L
92	47	-1
92	48	L
92	49	-1
92	50	-1
92	51	L
92	52	L
92	53	-1
92	54	L
92	55	-1
92	56	-1
92	57	L
92	58	L
92	59	L
92	60	L
92	61	-1
92	62	L
92	63	-1
92	64	-1
92	65	-1
92	66	L
92	67	-1
92	68	L
92	69	-1
92	70	-1
92	71	L
92	72	L
92	73	L
92	74	-1
92	75	-1
92	76	-1
92	77	L
92	78	L
92	79	L
92	80	U
92	81	-1
92	82	-1
92	83	-1
92	84	L
92	85	-1
92	86	-1
92	87	-1
92	88	-1
92	89	L
92	90	L
92	91	-1
92	92	L
92	93	-1
92	94	U
92	95	U
92	96	U
92	97	U
92	98	U
92	99	U
92	100	-1
92	101	-1
92	102	L
92	103	L
92	104	L
92	105	L
92	106	L
92	107	L
92	108	-1
92	109	-1
92	110	-1
92	111	L
92	112	L
92	113	-1
92	114	-1
92	115	-1
92	116	-1
92	117	-1
92	118	-1
92	119	-1
93	0	-1
93	1	L
93	2	L
93	3	-1
93	4	-1
93	5	L
93	6	-1
93	7	-1
93	8	-1
93	9	L
93	10	L
93	11	L
93	12	L
93	13	L
93	14	L
93	15	-1
93	16	-1
93	17	-1
93	18	L
93	19	-1
93	20	-1
93	21	-1
93	22	-1
93	23	L
93	24	L
93	25	-1
93	26	-1
93	27	L
93	28	L
93	29	-1
93	30	L
93	31	-1
93	32	-1
93	33	-1
93	34	-1
93	35	L
93	36	L
93	37	-1
93	38	L
93	39	-1
93	40	-1
93	41	L
93	42	-1
93	43	-1
93	44	L
93	45	L
93	46	L
93	47	L
93	48	L
93	49	-1
93	50	-1
93	51	L
93	52	L
93	53	-1
93	54	L
93	55	-1
93	56	-1
93	57	L
93	58	-1
93	59	L
93	60	-1
93	61	-1
93	62	L
93	63	-1
93	64	-1
93	65	-1
93	66	L
93	67	L
93	68	-1
93	69	-1
93	70	-1
93	71	-1
93	72	-1
93	73	-1
93	74	L
93	75	L
93	76	L
93	77	L
93	78	-1
93	79	U
93	80	U
93	81	-1
93	82	U
93	83	-1
93	84	L
93	85	L
93	86	L
93	87	L
93	88	-1
93	89	-1
93	90	-1
93	91	-1
93	92	L
93	93	L
93	94	-1
93	95	-1
93	96	U
93	97	-1
93	98	-1
93	99	-1
93	100	-1
93	101	-1
93	102	-1
93	103	-1
93	104	-1
93	105	-1
93	106	-1
93	107	-1
93	108	-1
93	109	-1
93	110	-1
93	111	L
93	112	-1
93	113	-1
93	114	-1
93	115	-1
93	116	-1
93	117	-1
93	118	-1
93	119	-1
94	0	-1
94	1	-1
94	2	-1
94	3	L
94	4	L
94	5	-1
94	6	-1
94	7	-1
94	8	L
94	9	-1
94	10	L
94	11	L
94	12	L
94	13	L
94	14	L
94	15	L
94	16	-1
94	17	L
94	18	-1
94	19	-1
94	20	-1
94	21	-1
94	22	L
94	23	L
94	24	L
94	25	L
94	26	-1
94	27	-1
94	28	-1
94	29	L
94	30	-1
94	31	-1
94	32	-1
94	33	L
94	34	L
94	35	-1
94	36	L
94	37	-1
94	38	-1
94	39	L
94	40	L
94	41	U
94	42	L
94	43	-1
94	44	-1
94	45	L
94	46	L
94	47	L
94	48	-1
94	49	-1
94	50	-1
94	51	-1
94	52	L
94	53	L
94	54	L
94	55	L
94	56	L
94	57	L
94	58	L
94	59	L
94	60	-1
94	61	-1
94	62	L
94	63	L
94	64	L
94	65	-1
94	66	-1
94	67	-1
94	68	-1
94	69	-1
94	70	-1
94	71	-1
94	72	L
94	73	-1
94	74	L
94	75	L
94	76	-1
94	77	L
94	78	-1
94	79	-1
94	80	U
94	81	U
94	82	U
94	83	-1
94	84	L
94	85	-1
94	86	L
94	87	-1
94	88	L
94	89	-1
94	90	-1
94	91	-1
94	92	-1
94	93	L
94	94	L
94	95	L
94	96	-1
94	97	U
94	98	-1
94	99	-1
94	100	L
94	101	L
94	102	-1
94	103	-1
94	104	-1
94	105	L
94	106	-1
94	107	L
94	108	-1
94	109	-1
94	110	-1
94	111	-1
94	112	-1
94	113	-1
94	114	-1
94	115	-1
94	116	-1
94	117	-1
94	118	L
94	119	L
95	0	-1
95	1	-1
95	2	L
95	3	-1
95	4	-1
95	5	L
95	6	-1
95	7	L
95	8	L
95	9	L
95	10	-1
95	11	L
95	12	L
95	13	L
95	14	L
95	15	-1
95	16	-1
95	17	-1
95	18	-1
95	19	L
95	20	-1
95	21	L
95	22	-1
95	23	L
95	24	L
95	25	-1
95	26	-1
95	27	L
95	28	L
95	29	-1
95	30	-1
95	31	-1
95	32	L
95	33	L
95	34	L
95	35	-1
95	36	-1
95	37	L
95	38	-1
95	39	-1
95	40	-1
95	41	-1
95	42	-1
95	43	L
95	44	-1
95	45	L
95	46	-1
95	47	L
95	48	-1
95	49	-1
95	50	-1
95	51	L
95	52	-1
95	53	-1
95	54	-1
95	55	-1
95	56	L
95	57	-1
95	58	L
95	59	-1
95	60	-1
95	61	-1
95	62	-1
95	63	-1
95	64	-1
95	65	L
95	66	-1
95	67	-1
95	68	-1
95	69	-1
95	70	L
95	71	L
95	72	L
95	73	-1
95	74	-1
95	75	-1
95	76	L
95	77	L
95	78	-1
95	79	-1
95	80	-1
95	81	L
95	82	L
95	83	L
95	84	-1
95	85	-1
95	86	-1
95	87	-1
95	88	L
95	89	-1
95	90	L
95	91	L
95	92	L
95	93	L
95	94	L
95	95	L
95	96	-1
95	97	U
95	98	U
95	99	-1
95	100	-1
95	101	L
95	102	-1
95	103	L
95	104	-1
95	105	L
95	106	-1
95	107	L
95	108	L
95	109	-1
95	110	L
95	111	-1
95	112	-1
95	113	-1
95	114	L
95	115	-1
95	116	-1
95	117	-1
95	118	L
95	119	-1
96	0	-1
96	1	-1
96	2	-1
96	3	-1
96	4	-1
96	5	L
96	6	-1
96	7	-1
96	8	-1
96	9	-1
96	10	L
96	11	-1
96	12	-1
96	13	-1
96	14	-1
96	15	-1
96	16	-1
96	17	-1
96	18	-1
96	19	-1
96	20	L
96	21	L
96	22	-1
96	23	L
96	24	L
96	25	-1
96	26	-1
96	27	L
96	28	L
96	29	-1
96	30	-1
96	31	-1
96	32	L
96	33	-1
96	34	L
96	35	-1
96	36	-1
96	37	L
96	38	-1
96	39	-1
96	40	-1
96	41	-1
96	42	-1
96	43	-1
96	44	-1
96	45	-1
96	46	L
96	47	L
96	48	-1
96	49	L
96	50	L
96	51	-1
96	52	L
96	53	-1
96	54	-1
96	55	-1
96	56	-1
96	57	-1
96	58	-1
96	59	-1
96	60	-1
96	61	-1
96	62	-1
96	63	-1
96	64	L
96	65	-1
96	66	L
96	67	-1
96	68	L
96	69	-1
96	70	L
96	71	L
96	72	-1
96	73	L
96	74	-1
96	75	-1
96	76	-1
96	77	-1
96	78	-1
96	79	U
96	80	-1
96	81	L
96	82	L
96	83	L
96	84	L
96	85	-1
96	86	-1
96	87	-1
96	88	-1
96	89	-1
96	90	-1
96	91	L
96	92	-1
96	93	-1
96	94	-1
96	95	-1
96	96	-1
96	97	-1
96	98	-1
96	99	L
96	100	L
96	101	L
96	102	-1
96	103	L
96	104	L
96	105	-1
96	106	-1
96	107	-1
96	108	-1
96	109	L
96	110	L
96	111	-1
96	112	-1
96	113	-1
96	114	L
96	115	L
96	116	L
96	117	-1
96	118	L
96	119	-1
97	0	-1
97	1	L
97	2	-1
97	3	-1
97	4	-1
97	5	-1
97	6	-1
97	7	L
97	8	L
97	9	-1
97	10	-1
97	11	-1
97	12	L
97	13	L
97	14	L
97	15	-1
97	16	-1
97	17	-1
97	18	-1
97	19	L
97	20	-1
97	21	-1
97	22	-1
97	23	L
97	24	L
97	25	-1
97	26	-1
97	27	L
97	28	-1
97	29	-1
97	30	-1
97	31	L
97	32	L
97	33	-1
97	34	-1
97	35	-1
97	36	L
97	37	-1
97	38	L
97	39	-1
97	40	-1
97	41	L
97	42	-1
97	43	-1
97	44	-1
97	45	L
97	46	-1
97	47	L
97	48	L
97	49	-1
97	50	L
97	51	L
97	52	-1
97	53	-1
97	54	-1
97	55	-1
97	56	L
97	57	L
97	58	-1
97	59	L
97	60	L
97	61	L
97	62	L
97	63	L
97	64	-1
97	65	-1
97	66	-1
97	67	-1
97	68	L
97	69	-1
97	70	L
97	71	L
97	72	L
97	73	-1
97	74	-1
97	75	-1
97	76	-1
97	77	-1
97	78	-1
97	79	-1
97	80	-1
97	81	L
97	82	-1
97	83	-1
97	84	-1
97	85	L
97	86	-1
97	87	-1
97	88	-1
97	89	-1
97	90	-1
97	91	L
97	92	-1
97	93	-1
97	94	-1
97	95	-1
97	96	-1
97	97	-1
97	98	-1
97	99	-1
97	100	-1
97	101	-1
97	102	L
97	103	-1
97	104	-1
97	105	-1
97	106	-1
97	107	-1
97	108	-1
97	109	-1
97	110	-1
97	111	-1
97	112	-1
97	113	L
97	114	L
97	115	L
97	116	L
97	117	L
97	118	L
97	119	-1
98	0	-1
98	1	L
98	2	L
98	3	L
98	4	-1
98	5	L
98	6	L
98	7	-1
98	8	-1
98	9	L
98	10	-1
98	11	-1
98	12	-1
98	13	-1
98	14	-1
98	15	-1
98	16	-1
98	17	-1
98	18	-1
98	19	-1
98	20	-1
98	21	L
98	22	L
98	23	L
98	24	-1
98	25	L
98	26	-1
98	27	L
98	28	-1
98	29	-1
98	30	-1
98	31	-1
98	32	L
98	33	L
98	34	-1
98	35	-1
98	36	L
98	37	-1
98	38	L
98	39	-1
98	40	L
98	41	-1
98	42	L
98	43	-1
98	44	L
98	45	L
98	46	-1
98	47	L
98	48	L
98	49	U
98	50	L
98	51	L
98	52	L
98	53	L
98	54	-1
98	55	-1
98	56	-1
98	57	-1
98	58	-1
98	59	-1
98	60	-1
98	61	-1
98	62	-1
98	63	L
98	64	L
98	65	-1
98	66	-1
98	67	L
98	68	-1
98	69	L
98	70	-1
98	71	L
98	72	-1
98	73	-1
98	74	L
98	75	L
98	76	L
98	77	-1
98	78	-1
98	79	L
98	80	L
98	81	L
98	82	-1
98	83	-1
98	84	-1
98	85	-1
98	86	-1
98	87	-1
98	88	-1
98	89	-1
98	90	-1
98	91	-1
98	92	-1
98	93	L
98	94	L
98	95	L
98	96	L
98	97	L
98	98	-1
98	99	-1
98	100	-1
98	101	-1
98	102	-1
98	103	-1
98	104	-1
98	105	-1
98	106	L
98	107	-1
98	108	L
98	109	-1
98	110	-1
98	111	-1
98	112	-1
98	113	-1
98	114	-1
98	115	-1
98	116	L
98	117	L
98	118	L
98	119	L
99	0	-1
99	1	-1
99	2	-1
99	3	L
99	4	-1
99	5	L
99	6	-1
99	7	L
99	8	-1
99	9	-1
99	10	-1
99	11	L
99	12	-1
99	13	-1
99	14	L
99	15	L
99	16	L
99	17	L
99	18	-1
99	19	-1
99	20	L
99	21	L
99	22	L
99	23	L
99	24	-1
99	25	-1
99	26	-1
99	27	L
99	28	L
99	29	-1
99	30	-1
99	31	-1
99	32	-1
99	33	L
99	34	L
99	35	-1
99	36	-1
99	37	-1
99	38	-1
99	39	-1
99	40	L
99	41	-1
99	42	-1
99	43	L
99	44	-1
99	45	L
99	46	-1
99	47	-1
99	48	-1
99	49	L
99	50	-1
99	51	-1
99	52	-1
99	53	L
99	54	-1
99	55	-1
99	56	-1
99	57	-1
99	58	-1
99	59	-1
99	60	-1
99	61	-1
99	62	L
99	63	-1
99	64	L
99	65	-1
99	66	-1
99	67	-1
99	68	-1
99	69	-1
99	70	-1
99	71	-1
99	72	-1
99	73	-1
99	74	-1
99	75	-1
99	76	L
99	77	-1
99	78	L
99	79	L
99	80	L
99	81	L
99	82	-1
99	83	-1
99	84	L
99	85	-1
99	86	-1
99	87	-1
99	88	-1
99	89	-1
99	90	-1
99	91	-1
99	92	-1
99	93	L
99	94	L
99	95	L
99	96	-1
99	97	-1
99	98	-1
99	99	L
99	100	L
99	101	-1
99	102	-1
99	103	-1
99	104	L
99	105	L
99	106	L
99	107	L
99	108	L
99	109	-1
99	110	-1
99	111	-1
99	112	L
99	113	-1
99	114	L
99	115	L
99	116	L
99	117	L
99	118	L
99	119	-1
100	0	-1
100	1	L
100	2	L
100	3	-1
100	4	L
100	5	-1
100	6	-1
100	7	L
100	8	-1
100	9	-1
100	10	-1
100	11	-1
100	12	-1
100	13	L
100	14	-1
100	15	L
100	16	L
100	17	-1
100	18	-1
100	19	L
100	20	L
100	21	L
100	22	-1
100	23	-1
100	24	-1
100	25	-1
100	26	-1
100	27	-1
100	28	-1
100	29	-1
100	30	-1
100	31	-1
100	32	-1
100	33	L
100	34	L
100	35	L
100	36	-1
100	37	L
100	38	L
100	39	-1
100	40	-1
100	41	-1
100	42	-1
100	43	-1
100	44	L
100	45	-1
100	46	L
100	47	-1
100	48	-1
100	49	-1
100	50	-1
100	51	-1
100	52	L
100	53	L
100	54	L
100	55	L
100	56	-1
100	57	-1
100	58	-1
100	59	-1
100	60	L
100	61	-1
100	62	-1
100	63	-1
100	64	-1
100	65	-1
100	66	L
100	67	L
100	68	L
100	69	-1
100	70	L
100	71	L
100	72	-1
100	73	-1
100	74	-1
100	75	L
100	76	-1
100	77	L
100	78	L
100	79	-1
100	80	-1
100	81	L
100	82	-1
100	83	-1
100	84	-1
100	85	-1
100	86	-1
100	87	L
100	88	-1
100	89	-1
100	90	L
100	91	-1
100	92	L
100	93	-1
100	94	L
100	95	-1
100	96	L
100	97	-1
100	98	L
100	99	L
100	100	-1
100	101	-1
100	102	-1
100	103	-1
100	104	-1
100	105	L
100	106	L
100	107	-1
100	108	-1
100	109	L
100	110	-1
100	111	L
100	112	L
100	113	-1
100	114	-1
100	115	L
100	116	L
100	117	-1
100	118	L
100	119	-1
101	0	-1
101	1	-1
101	2	L
101	3	-1
101	4	-1
101	5	L
101	6	-1
101	7	-1
101	8	L
101	9	-1
101	10	-1
101	11	-1
101	12	L
101	13	-1
101	14	-1
101	15	-1
101	16	-1
101	17	L
101	18	-1
101	19	L
101	20	L
101	21	-1
101	22	L
101	23	-1
101	24	-1
101	25	-1
101	26	L
101	27	-1
101	28	L
101	29	-1
101	30	-1
101	31	-1
101	32	-1
101	33	-1
101	34	-1
101	35	L
101	36	-1
101	37	-1
101	38	-1
101	39	-1
101	40	-1
101	41	-1
101	42	L
101	43	L
101	44	L
101	45	L
101	46	-1
101	47	-1
101	48	-1
101	49	-1
101	50	L
101	51	-1
101	52	L
101	53	L
101	54	L
101	55	-1
101	56	L
101	57	-1
101	58	-1
101	59	-1
101	60	L
101	61	L
101	62	-1
101	63	-1
101	64	-1
101	65	-1
101	66	L
101	67	L
101	68	L
101	69	-1
101	70	-1
101	71	-1
101	72	-1
101	73	-1
101	74	-1
101	75	-1
101	76	-1
101	77	-1
101	78	L
101	79	L
101	80	-1
101	81	-1
101	82	L
101	83	-1
101	84	-1
101	85	L
101	86	L
101	87	-1
101	88	-1
101	89	-1
101	90	-1
101	91	L
101	92	-1
101	93	-1
101	94	L
101	95	-1
101	96	-1
101	97	-1
101	98	-1
101	99	-1
101	100	-1
101	101	-1
101	102	L
101	103	L
101	104	L
101	105	-1
101	106	L
101	107	L
101	108	-1
101	109	L
101	110	-1
101	111	-1
101	112	-1
101	113	L
101	114	-1
101	115	-1
101	116	L
101	117	-1
101	118	-1
101	119	-1
102	0	L
102	1	-1
102	2	-1
102	3	-1
102	4	-1
102	5	-1
102	6	L
102	7	L
102	8	-1
102	9	L
102	10	-1
102	11	-1
102	12	L
102	13	L
102	14	L
102	15	-1
102	16	-1
102	17	-1
102	18	L
102	19	L
102	20	-1
102	21	-1
102	22	-1
102	23	-1
102	24	-1
102	25	-1
102	26	L
102	27	L
102	28	-1
102	29	L
102	30	-1
102	31	-1
102	32	-1
102	33	-1
102	34	-1
102	35	-1
102	36	L
102	37	-1
102	38	-1
102	39	-1
102	40	-1
102	41	-1
102	42	L
102	43	-1
102	44	L
102	45	L
102	46	-1
102	47	-1
102	48	-1
102	49	L
102	50	L
102	51	L
102	52	-1
102	53	L
102	54	-1
102	55	L
102	56	-1
102	57	-1
102	58	-1
102	59	-1
102	60	-1
102	61	L
102	62	-1
102	63	-1
102	64	-1
102	65	-1
102	66	-1
102	67	L
102	68	-1
102	69	-1
102	70	L
102	71	L
102	72	L
102	73	-1
102	74	-1
102	75	-1
102	76	L
102	77	L
102	78	-1
102	79	-1
102	80	-1
102	81	L
102	82	L
102	83	-1
102	84	-1
102	85	L
102	86	-1
102	87	-1
102	88	-1
102	89	-1
102	90	-1
102	91	L
102	92	-1
102	93	L
102	94	-1
102	95	L
102	96	-1
102	97	L
102	98	L
102	99	-1
102	100	-1
102	101	-1
102	102	-1
102	103	L
102	104	-1
102	105	-1
102	106	L
102	107	-1
102	108	-1
102	109	L
102	110	L
102	111	-1
102	112	L
102	113	-1
102	114	L
102	115	L
102	116	L
102	117	-1
102	118	-1
102	119	L
103	0	-1
103	1	-1
103	2	-1
103	3	-1
103	4	-1
103	5	-1
103	6	-1
103	7	-1
103	8	L
103	9	-1
103	10	-1
103	11	L
103	12	L
103	13	L
103	14	L
103	15	-1
103	16	-1
103	17	-1
103	18	-1
103	19	L
103	20	-1
103	21	-1
103	22	-1
103	23	-1
103	24	-1
103	25	-1
103	26	-1
103	27	L
103	28	L
103	29	-1
103	30	-1
103	31	-1
103	32	-1
103	33	-1
103	34	-1
103	35	-1
103	36	L
103	37	L
103	38	-1
103	39	L
103	40	L
103	41	L
103	42	L
103	43	L
103	44	L
103	45	L
103	46	-1
103	47	-1
103	48	L
103	49	L
103	50	-1
103	51	-1
103	52	-1
103	53	-1
103	54	-1
103	55	U
103	56	L
103	57	-1
103	58	-1
103	59	L
103	60	-1
103	61	-1
103	62	-1
103	63	-1
103	64	-1
103	65	-1
103	66	L
103	67	L
103	68	-1
103	69	-1
103	70	-1
103	71	L
103	72	L
103	73	-1
103	74	-1
103	75	-1
103	76	L
103	77	-1
103	78	-1
103	79	-1
103	80	-1
103	81	-1
103	82	L
103	83	-1
103	84	-1
103	85	L
103	86	-1
103	87	-1
103	88	-1
103	89	-1
103	90	-1
103	91	-1
103	92	L
103	93	L
103	94	-1
103	95	L
103	96	L
103	97	-1
103	98	L
103	99	-1
103	100	-1
103	101	-1
103	102	L
103	103	-1
103	104	L
103	105	L
103	106	-1
103	107	-1
103	108	-1
103	109	L
103	110	-1
103	111	-1
103	112	-1
103	113	L
103	114	-1
103	115	-1
103	116	-1
103	117	-1
103	118	-1
103	119	L
104	0	-1
104	1	-1
104	2	-1
104	3	-1
104	4	-1
104	5	L
104	6	-1
104	7	-1
104	8	L
104	9	-1
104	10	L
104	11	L
104	12	-1
104	13	L
104	14	-1
104	15	-1
104	16	-1
104	17	L
104	18	L
104	19	L
104	20	-1
104	21	-1
104	22	-1
104	23	-1
104	24	-1
104	25	L
104	26	L
104	27	L
104	28	L
104	29	-1
104	30	-1
104	31	L
104	32	-1
104	33	L
104	34	-1
104	35	-1
104	36	-1
104	37	L
104	38	L
104	39	-1
104	40	L
104	41	L
104	42	-1
104	43	L
104	44	-1
104	45	L
104	46	-1
104	47	-1
104	48	L
104	49	-1
104	50	L
104	51	L
104	52	-1
104	53	-1
104	54	-1
104	55	-1
104	56	U
104	57	-1
104	58	-1
104	59	-1
104	60	-1
104	61	-1
104	62	-1
104	63	-1
104	64	-1
104	65	-1
104	66	-1
104	67	-1
104	68	-1
104	69	-1
104	70	-1
104	71	-1
104	72	L
104	73	-1
104	74	-1
104	75	L
104	76	-1
104	77	L
104	78	-1
104	79	L
104	80	L
104	81	-1
104	82	-1
104	83	-1
104	84	L
104	85	L
104	86	L
104	87	-1
104	88	L
104	89	-1
104	90	L
104	91	L
104	92	L
104	93	L
104	94	L
104	95	L
104	96	-1
104	97	-1
104	98	-1
104	99	L
104	100	L
104	101	-1
104	102	L
104	103	-1
104	104	L
104	105	-1
104	106	L
104	107	-1
104	108	-1
104	109	L
104	110	-1
104	111	-1
104	112	-1
104	113	L
104	114	-1
104	115	-1
104	116	-1
104	117	-1
104	118	-1
104	119	-1
105	0	L
105	1	-1
105	2	-1
105	3	-1
105	4	-1
105	5	L
105	6	L
105	7	L
105	8	-1
105	9	-1
105	10	L
105	11	-1
105	12	L
105	13	L
105	14	-1
105	15	L
105	16	L
105	17	L
105	18	L
105	19	L
105	20	-1
105	21	-1
105	22	-1
105	23	L
105	24	L
105	25	-1
105	26	L
105	27	L
105	28	-1
105	29	-1
105	30	L
105	31	L
105	32	-1
105	33	-1
105	34	L
105	35	-1
105	36	-1
105	37	-1
105	38	L
105	39	-1
105	40	L
105	41	L
105	42	L
105	43	L
105	44	-1
105	45	-1
105	46	L
105	47	-1
105	48	L
105	49	L
105	50	-1
105	51	L
105	52	L
105	53	-1
105	54	L
105	55	-1
105	56	L
105	57	L
105	58	-1
105	59	-1
105	60	-1
105	61	-1
105	62	U
105	63	-1
105	64	-1
105	65	-1
105	66	-1
105	67	L
105	68	-1
105	69	-1
105	70	-1
105	71	L
105	72	L
105	73	-1
105	74	-1
105	75	L
105	76	L
105	77	-1
105	78	-1
105	79	-1
105	80	L
105	81	-1
105	82	-1
105	83	-1
105	84	L
105	85	-1
105	86	L
105	87	L
105	88	-1
105	89	L
105	90	L
105	91	-1
105	92	L
105	93	-1
105	94	-1
105	95	-1
105	96	-1
105	97	-1
105	98	-1
105	99	-1
105	100	-1
105	101	-1
105	102	L
105	103	-1
105	104	L
105	105	L
105	106	-1
105	107	-1
105	108	L
105	109	L
105	110	L
105	111	-1
105	112	-1
105	113	-1
105	114	-1
105	115	L
105	116	-1
105	117	-1
105	118	-1
105	119	L
106	0	L
106	1	-1
106	2	-1
106	3	-1
106	4	-1
106	5	L
106	6	-1
106	7	L
106	8	L
106	9	L
106	10	L
106	11	L
106	12	L
106	13	L
106	14	-1
106	15	L
106	16	-1
106	17	L
106	18	L
106	19	L
106	20	L
106	21	L
106	22	-1
106	23	-1
106	24	-1
106	25	L
106	26	L
106	27	-1
106	28	-1
106	29	-1
106	30	-1
106	31	L
106	32	L
106	33	-1
106	34	L
106	35	-1
106	36	L
106	37	L
106	38	-1
106	39	L
106	40	L
106	41	L
106	42	-1
106	43	-1
106	44	L
106	45	L
106	46	-1
106	47	L
106	48	-1
106	49	L
106	50	L
106	51	L
106	52	-1
106	53	-1
106	54	-1
106	55	U
106	56	-1
106	57	-1
106	58	U
106	59	-1
106	60	L
106	61	-1
106	62	-1
106	63	U
106	64	L
106	65	-1
106	66	L
106	67	L
106	68	L
106	69	L
106	70	-1
106	71	-1
106	72	-1
106	73	L
106	74	-1
106	75	L
106	76	-1
106	77	L
106	78	L
106	79	L
106	80	L
106	81	-1
106	82	-1
106	83	-1
106	84	-1
106	85	-1
106	86	L
106	87	L
106	88	-1
106	89	-1
106	90	-1
106	91	-1
106	92	-1
106	93	-1
106	94	L
106	95	-1
106	96	-1
106	97	-1
106	98	L
106	99	-1
106	100	L
106	101	L
106	102	L
106	103	-1
106	104	-1
106	105	-1
106	106	-1
106	107	-1
106	108	-1
106	109	-1
106	110	-1
106	111	-1
106	112	-1
106	113	L
106	114	-1
106	115	-1
106	116	L
106	117	-1
106	118	-1
106	119	-1
107	0	-1
107	1	-1
107	2	-1
107	3	-1
107	4	-1
107	5	-1
107	6	-1
107	7	L
107	8	L
107	9	L
107	10	-1
107	11	L
107	12	L
107	13	L
107	14	-1
107	15	-1
107	16	L
107	17	L
107	18	-1
107	19	L
107	20	L
107	21	L
107	22	-1
107	23	L
107	24	-1
107	25	-1
107	26	-1
107	27	-1
107	28	-1
107	29	L
107	30	-1
107	31	-1
107	32	L
107	33	-1
107	34	L
107	35	L
107	36	-1
107	37	-1
107	38	L
107	39	L
107	40	-1
107	41	-1
107	42	L
107	43	-1
107	44	-1
107	45	L
107	46	L
107	47	L
107	48	L
107	49	-1
107	50	-1
107	51	-1
107	52	L
107	53	U
107	54	U
107	55	U
107	56	U
107	57	U
107	58	U
107	59	U
107	60	-1
107	61	L
107	62	L
107	63	-1
107	64	L
107	65	-1
107	66	-1
107	67	L
107	68	-1
107	69	L
107	70	-1
107	71	-1
107	72	-1
107	73	L
107	74	-1
107	75	-1
107	76	L
107	77	-1
107	78	L
107	79	L
107	80	-1
107	81	-1
107	82	L
107	83	-1
107	84	-1
107	85	L
107	86	-1
107	87	-1
107	88	L
107	89	L
107	90	-1
107	91	-1
107	92	L
107	93	-1
107	94	-1
107	95	-1
107	96	-1
107	97	-1
107	98	-1
107	99	L
107	100	-1
107	101	L
107	102	L
107	103	L
107	104	-1
107	105	L
107	106	-1
107	107	-1
107	108	L
107	109	L
107	110	L
107	111	L
107	112	L
107	113	-1
107	114	L
107	115	-1
107	116	-1
107	117	L
107	118	L
107	119	L
108	0	-1
108	1	-1
108	2	L
108	3	L
108	4	L
108	5	-1
108	6	-1
108	7	L
108	8	L
108	9	L
108	10	L
108	11	L
108	12	L
108	13	L
108	14	-1
108	15	L
108	16	L
108	17	-1
108	18	-1
108	19	-1
108	20	-1
108	21	L
108	22	-1
108	23	L
108	24	L
108	25	L
108	26	-1
108	27	L
108	28	-1
108	29	-1
108	30	L
108	31	-1
108	32	L
108	33	-1
108	34	L
108	35	-1
108	36	L
108	37	L
108	38	-1
108	39	-1
108	40	-1
108	41	U
108	42	L
108	43	-1
108	44	-1
108	45	L
108	46	L
108	47	-1
108	48	-1
108	49	-1
108	50	L
108	51	-1
108	52	-1
108	53	U
108	54	U
108	55	-1
108	56	U
108	57	U
108	58	-1
108	59	L
108	60	-1
108	61	U
108	62	-1
108	63	-1
108	64	L
108	65	L
108	66	L
108	67	-1
108	68	L
108	69	L
108	70	-1
108	71	-1
108	72	L
108	73	-1
108	74	L
108	75	-1
108	76	L
108	77	U
108	78	L
108	79	U
108	80	-1
108	81	-1
108	82	L
108	83	-1
108	84	L
108	85	L
108	86	-1
108	87	-1
108	88	L
108	89	-1
108	90	-1
108	91	-1
108	92	-1
108	93	L
108	94	-1
108	95	-1
108	96	-1
108	97	-1
108	98	-1
108	99	-1
108	100	L
108	101	L
108	102	L
108	103	L
108	104	-1
108	105	-1
108	106	-1
108	107	L
108	108	-1
108	109	-1
108	110	-1
108	111	-1
108	112	L
108	113	-1
108	114	L
108	115	-1
108	116	-1
108	117	L
108	118	L
108	119	-1
109	0	-1
109	1	-1
109	2	-1
109	3	-1
109	4	L
109	5	-1
109	6	-1
109	7	L
109	8	L
109	9	-1
109	10	L
109	11	L
109	12	-1
109	13	L
109	14	L
109	15	-1
109	16	-1
109	17	-1
109	18	-1
109	19	-1
109	20	L
109	21	-1
109	22	-1
109	23	L
109	24	L
109	25	L
109	26	-1
109	27	L
109	28	L
109	29	L
109	30	-1
109	31	-1
109	32	-1
109	33	-1
109	34	L
109	35	-1
109	36	-1
109	37	-1
109	38	-1
109	39	U
109	40	-1
109	41	-1
109	42	-1
109	43	L
109	44	L
109	45	-1
109	46	L
109	47	L
109	48	L
109	49	L
109	50	L
109	51	L
109	52	L
109	53	U
109	54	-1
109	55	-1
109	56	U
109	57	L
109	58	L
109	59	-1
109	60	-1
109	61	-1
109	62	-1
109	63	-1
109	64	L
109	65	L
109	66	L
109	67	-1
109	68	L
109	69	-1
109	70	L
109	71	-1
109	72	L
109	73	-1
109	74	L
109	75	L
109	76	L
109	77	-1
109	78	U
109	79	L
109	80	-1
109	81	-1
109	82	-1
109	83	-1
109	84	L
109	85	L
109	86	-1
109	87	L
109	88	-1
109	89	L
109	90	L
109	91	-1
109	92	-1
109	93	-1
109	94	-1
109	95	-1
109	96	-1
109	97	-1
109	98	-1
109	99	L
109	100	L
109	101	L
109	102	-1
109	103	-1
109	104	L
109	105	-1
109	106	-1
109	107	-1
109	108	L
109	109	L
109	110	L
109	111	-1
109	112	-1
109	113	-1
109	114	-1
109	115	-1
109	116	-1
109	117	-1
109	118	L
109	119	-1
110	0	L
110	1	-1
110	2	L
110	3	-1
110	4	L
110	5	L
110	6	-1
110	7	-1
110	8	L
110	9	L
110	10	-1
110	11	L
110	12	L
110	13	-1
110	14	L
110	15	-1
110	16	-1
110	17	-1
110	18	-1
110	19	L
110	20	-1
110	21	L
110	22	-1
110	23	-1
110	24	L
110	25	-1
110	26	L
110	27	-1
110	28	L
110	29	L
110	30	-1
110	31	-1
110	32	-1
110	33	L
110	34	-1
110	35	U
110	36	-1
110	37	-1
110	38	L
110	39	-1
110	40	-1
110	41	-1
110	42	-1
110	43	L
110	44	L
110	45	-1
110	46	-1
110	47	-1
110	48	L
110	49	U
110	50	U
110	51	-1
110	52	U
110	53	-1
110	54	-1
110	55	-1
110	56	-1
110	57	-1
110	58	-1
110	59	-1
110	60	L
110	61	-1
110	62	-1
110	63	-1
110	64	-1
110	65	-1
110	66	-1
110	67	L
110	68	L
110	69	-1
110	70	-1
110	71	L
110	72	L
110	73	L
110	74	L
110	75	-1
110	76	-1
110	77	L
110	78	-1
110	79	L
110	80	-1
110	81	-1
110	82	-1
110	83	-1
110	84	-1
110	85	-1
110	86	-1
110	87	L
110	88	-1
110	89	-1
110	90	L
110	91	L
110	92	-1
110	93	-1
110	94	L
110	95	-1
110	96	-1
110	97	L
110	98	-1
110	99	-1
110	100	-1
110	101	-1
110	102	L
110	103	L
110	104	-1
110	105	-1
110	106	-1
110	107	-1
110	108	-1
110	109	L
110	110	L
110	111	-1
110	112	L
110	113	-1
110	114	L
110	115	L
110	116	-1
110	117	L
110	118	L
110	119	L
111	0	-1
111	1	-1
111	2	L
111	3	L
111	4	-1
111	5	-1
111	6	-1
111	7	-1
111	8	-1
111	9	L
111	10	-1
111	11	-1
111	12	L
111	13	-1
111	14	-1
111	15	-1
111	16	L
111	17	-1
111	18	L
111	19	L
111	20	L
111	21	-1
111	22	L
111	23	-1
111	24	-1
111	25	-1
111	26	-1
111	27	-1
111	28	L
111	29	-1
111	30	L
111	31	-1
111	32	L
111	33	-1
111	34	U
111	35	U
111	36	-1
111	37	L
111	38	U
111	39	-1
111	40	-1
111	41	-1
111	42	-1
111	43	U
111	44	U
111	45	L
111	46	-1
111	47	-1
111	48	-1
111	49	L
111	50	-1
111	51	U
111	52	-1
111	53	-1
111	54	-1
111	55	U
111	56	-1
111	57	U
111	58	-1
111	59	-1
111	60	-1
111	61	-1
111	62	-1
111	63	-1
111	64	-1
111	65	-1
111	66	-1
111	67	-1
111	68	-1
111	69	-1
111	70	-1
111	71	L
111	72	L
111	73	-1
111	74	L
111	75	-1
111	76	L
111	77	L
111	78	L
111	79	-1
111	80	-1
111	81	-1
111	82	-1
111	83	-1
111	84	-1
111	85	L
111	86	L
111	87	-1
111	88	L
111	89	-1
111	90	-1
111	91	-1
111	92	L
111	93	-1
111	94	-1
111	95	L
111	96	L
111	97	L
111	98	L
111	99	-1
111	100	-1
111	101	-1
111	102	-1
111	103	-1
111	104	-1
111	105	-1
111	106	-1
111	107	L
111	108	L
111	109	-1
111	110	L
111	111	-1
111	112	L
111	113	L
111	114	-1
111	115	-1
111	116	-1
111	117	-1
111	118	L
111	119	-1
112	0	-1
112	1	-1
112	2	-1
112	3	L
112	4	-1
112	5	-1
112	6	-1
112	7	-1
112	8	-1
112	9	-1
112	10	L
112	11	L
112	12	-1
112	13	-1
112	14	-1
112	15	-1
112	16	-1
112	17	-1
112	18	-1
112	19	-1
112	20	L
112	21	L
112	22	L
112	23	L
112	24	L
112	25	-1
112	26	-1
112	27	L
112	28	L
112	29	-1
112	30	-1
112	31	L
112	32	-1
112	33	L
112	34	-1
112	35	L
112	36	-1
112	37	L
112	38	L
112	39	-1
112	40	U
112	41	U
112	42	-1
112	43	U
112	44	L
112	45	L
112	46	L
112	47	-1
112	48	L
112	49	U
112	50	U
112	51	-1
112	52	L
112	53	-1
112	54	-1
112	55	-1
112	56	-1
112	57	-1
112	58	-1
112	59	-1
112	60	-1
112	61	-1
112	62	-1
112	63	-1
112	64	-1
112	65	L
112	66	-1
112	67	-1
112	68	-1
112	69	-1
112	70	-1
112	71	-1
112	72	-1
112	73	-1
112	74	-1
112	75	-1
112	76	L
112	77	-1
112	78	-1
112	79	-1
112	80	-1
112	81	-1
112	82	-1
112	83	-1
112	84	-1
112	85	-1
112	86	L
112	87	-1
112	88	-1
112	89	-1
112	90	-1
112	91	-1
112	92	-1
112	93	-1
112	94	L
112	95	-1
112	96	L
112	97	-1
112	98	L
112	99	-1
112	100	L
112	101	-1
112	102	-1
112	103	-1
112	104	-1
112	105	-1
112	106	L
112	107	-1
112	108	L
112	109	-1
112	110	L
112	111	-1
112	112	-1
112	113	L
112	114	-1
112	115	L
112	116	-1
112	117	L
112	118	-1
112	119	L
113	0	L
113	1	-1
113	2	L
113	3	L
113	4	-1
113	5	-1
113	6	L
113	7	-1
113	8	-1
113	9	L
113	10	L
113	11	L
113	12	-1
113	13	-1
113	14	-1
113	15	-1
113	16	-1
113	17	-1
113	18	-1
113	19	-1
113	20	-1
113	21	-1
113	22	-1
113	23	-1
113	24	-1
113	25	-1
113	26	L
113	27	L
113	28	L
113	29	L
113	30	L
113	31	-1
113	32	-1
113	33	L
113	34	L
113	35	-1
113	36	L
113	37	L
113	38	-1
113	39	-1
113	40	U
113	41	-1
113	42	-1
113	43	L
113	44	-1
113	45	L
113	46	L
113	47	-1
113	48	-1
113	49	-1
113	50	U
113	51	-1
113	52	-1
113	53	-1
113	54	-1
113	55	L
113	56	L
113	57	L
113	58	U
113	59	-1
113	60	-1
113	61	-1
113	62	-1
113	63	-1
113	64	-1
113	65	-1
113	66	-1
113	67	-1
113	68	-1
113	69	-1
113	70	L
113	71	-1
113	72	-1
113	73	-1
113	74	-1
113	75	L
113	76	-1
113	77	L
113	78	L
113	79	L
113	80	-1
113	81	-1
113	82	-1
113	83	-1
113	84	-1
113	85	-1
113	86	-1
113	87	L
113	88	L
113	89	L
113	90	-1
113	91	L
113	92	-1
113	93	L
113	94	L
113	95	L
113	96	-1
113	97	L
113	98	-1
113	99	L
113	100	L
113	101	-1
113	102	-1
113	103	-1
113	104	L
113	105	-1
113	106	-1
113	107	L
113	108	L
113	109	L
113	110	-1
113	111	-1
113	112	L
113	113	-1
113	114	-1
113	115	-1
113	116	-1
113	117	-1
113	118	L
113	119	L
114	0	-1
114	1	-1
114	2	-1
114	3	-1
114	4	-1
114	5	-1
114	6	L
114	7	-1
114	8	L
114	9	-1
114	10	L
114	11	-1
114	12	-1
114	13	-1
114	14	-1
114	15	-1
114	16	-1
114	17	-1
114	18	-1
114	19	-1
114	20	L
114	21	-1
114	22	-1
114	23	L
114	24	-1
114	25	-1
114	26	L
114	27	-1
114	28	-1
114	29	-1
114	30	-1
114	31	-1
114	32	L
114	33	L
114	34	-1
114	35	L
114	36	-1
114	37	-1
114	38	U
114	39	-1
114	40	U
114	41	L
114	42	L
114	43	L
114	44	-1
114	45	L
114	46	-1
114	47	U
114	48	-1
114	49	-1
114	50	-1
114	51	-1
114	52	-1
114	53	-1
114	54	-1
114	55	L
114	56	L
114	57	L
114	58	-1
114	59	-1
114	60	-1
114	61	-1
114	62	-1
114	63	-1
114	64	-1
114	65	-1
114	66	L
114	67	-1
114	68	L
114	69	L
114	70	-1
114	71	-1
114	72	-1
114	73	L
114	74	L
114	75	-1
114	76	-1
114	77	-1
114	78	L
114	79	L
114	80	-1
114	81	-1
114	82	L
114	83	L
114	84	L
114	85	-1
114	86	-1
114	87	-1
114	88	L
114	89	L
114	90	L
114	91	-1
114	92	L
114	93	-1
114	94	-1
114	95	-1
114	96	-1
114	97	-1
114	98	-1
114	99	L
114	100	-1
114	101	L
114	102	-1
114	103	-1
114	104	-1
114	105	-1
114	106	L
114	107	-1
114	108	-1
114	109	L
114	110	-1
114	111	L
114	112	L
114	113	-1
114	114	-1
114	115	-1
114	116	-1
114	117	L
114	118	L
114	119	L
115	0	L
115	1	-1
115	2	L
115	3	L
115	4	-1
115	5	-1
115	6	-1
115	7	-1
115	8	L
115	9	-1
115	10	-1
115	11	-1
115	12	-1
115	13	-1
115	14	-1
115	15	L
115	16	L
115	17	L
115	18	-1
115	19	L
115	20	-1
115	21	L
115	22	-1
115	23	L
115	24	-1
115	25	L
115	26	-1
115	27	-1
115	28	-1
115	29	L
115	30	-1
115	31	L
115	32	-1
115	33	-1
115	34	-1
115	35	L
115	36	-1
115	37	L
115	38	-1
115	39	-1
115	40	-1
115	41	U
115	42	L
115	43	-1
115	44	L
115	45	-1
115	46	-1
115	47	L
115	48	U
115	49	-1
115	50	L
115	51	-1
115	52	-1
115	53	-1
115	54	-1
115	55	L
115	56	L
115	57	-1
115	58	U
115	59	-1
115	60	L
115	61	L
115	62	L
115	63	-1
115	64	-1
115	65	L
115	66	L
115	67	L
115	68	L
115	69	L
115	70	-1
115	71	-1
115	72	-1
115	73	L
115	74	-1
115	75	L
115	76	-1
115	77	L
115	78	L
115	79	-1
115	80	-1
115	81	-1
115	82	L
115	83	L
115	84	-1
115	85	-1
115	86	-1
115	87	L
115	88	-1
115	89	L
115	90	-1
115	91	-1
115	92	-1
115	93	-1
115	94	-1
115	95	-1
115	96	-1
115	97	-1
115	98	-1
115	99	-1
115	100	L
115	101	-1
115	102	L
115	103	-1
115	104	-1
115	105	L
115	106	L
115	107	-1
115	108	-1
115	109	-1
115	110	L
115	111	-1
115	112	L
115	113	-1
115	114	-1
115	115	L
115	116	-1
115	117	-1
115	118	L
115	119	-1
116	0	L
116	1	L
116	2	-1
116	3	-1
116	4	-1
116	5	L
116	6	-1
116	7	-1
116	8	L
116	9	-1
116	10	-1
116	11	-1
116	12	-1
116	13	-1
116	14	-1
116	15	-1
116	16	-1
116	17	-1
116	18	L
116	19	L
116	20	-1
116	21	-1
116	22	L
116	23	-1
116	24	L
116	25	-1
116	26	-1
116	27	L
116	28	-1
116	29	-1
116	30	L
116	31	-1
116	32	L
116	33	-1
116	34	-1
116	35	L
116	36	-1
116	37	L
116	38	L
116	39	-1
116	40	-1
116	41	L
116	42	L
116	43	-1
116	44	U
116	45	U
116	46	U
116	47	-1
116	48	L
116	49	-1
116	50	L
116	51	-1
116	52	L
116	53	-1
116	54	-1
116	55	-1
116	56	L
116	57	L
116	58	L
116	59	-1
116	60	-1
116	61	L
116	62	-1
116	63	L
116	64	-1
116	65	L
116	66	L
116	67	-1
116	68	L
116	69	L
116	70	-1
116	71	-1
116	72	-1
116	73	-1
116	74	L
116	75	-1
116	76	-1
116	77	L
116	78	-1
116	79	-1
116	80	-1
116	81	L
116	82	-1
116	83	L
116	84	-1
116	85	L
116	86	-1
116	87	L
116	88	-1
116	89	-1
116	90	-1
116	91	-1
116	92	-1
116	93	-1
116	94	-1
116	95	-1
116	96	-1
116	97	-1
116	98	L
116	99	L
116	100	L
116	101	-1
116	102	-1
116	103	L
116	104	-1
116	105	L
116	106	-1
116	107	L
116	108	-1
116	109	-1
116	110	L
116	111	-1
116	112	-1
116	113	-1
116	114	-1
116	115	-1
116	116	-1
116	117	-1
116	118	-1
116	119	-1
117	0	-1
117	1	L
117	2	L
117	3	-1
117	4	-1
117	5	L
117	6	L
117	7	L
117	8	-1
117	9	-1
117	10	-1
117	11	-1
117	12	-1
117	13	-1
117	14	-1
117	15	-1
117	16	-1
117	17	-1
117	18	L
117	19	L
117	20	L
117	21	L
117	22	-1
117	23	-1
117	24	-1
117	25	-1
117	26	-1
117	27	-1
117	28	L
117	29	-1
117	30	L
117	31	-1
117	32	L
117	33	L
117	34	-1
117	35	-1
117	36	L
117	37	L
117	38	-1
117	39	L
117	40	L
117	41	-1
117	42	L
117	43	L
117	44	L
117	45	U
117	46	-1
117	47	U
117	48	-1
117	49	L
117	50	L
117	51	-1
117	52	-1
117	53	-1
117	54	-1
117	55	L
117	56	-1
117	57	L
117	58	L
117	59	L
117	60	L
117	61	L
117	62	-1
117	63	-1
117	64	-1
117	65	L
117	66	-1
117	67	-1
117	68	L
117	69	L
117	70	-1
117	71	-1
117	72	-1
117	73	L
117	74	-1
117	75	L
117	76	-1
117	77	L
117	78	-1
117	79	L
117	80	L
117	81	U
117	82	U
117	83	-1
117	84	L
117	85	L
117	86	-1
117	87	-1
117	88	L
117	89	L
117	90	-1
117	91	-1
117	92	-1
117	93	-1
117	94	L
117	95	-1
117	96	-1
117	97	L
117	98	-1
117	99	-1
117	100	-1
117	101	-1
117	102	-1
117	103	-1
117	104	-1
117	105	L
117	106	L
117	107	L
117	108	L
117	109	-1
117	110	-1
117	111	L
117	112	L
117	113	L
117	114	-1
117	115	-1
117	116	-1
117	117	-1
117	118	-1
117	119	-1
118	0	L
118	1	-1
118	2	-1
118	3	-1
118	4	-1
118	5	-1
118	6	L
118	7	-1
118	8	-1
118	9	-1
118	10	L
118	11	-1
118	12	-1
118	13	L
118	14	L
118	15	-1
118	16	-1
118	17	L
118	18	-1
118	19	-1
118	20	-1
118	21	-1
118	22	-1
118	23	-1
118	24	-1
118	25	-1
118	26	L
118	27	L
118	28	L
118	29	L
118	30	L
118	31	-1
118	32	-1
118	33	-1
118	34	L
118	35	-1
118	36	-1
118	37	L
118	38	L
118	39	L
118	40	L
118	41	L
118	42	L
118	43	L
118	44	L
118	45	L
118	46	-1
118	47	-1
118	48	-1
118	49	L
118	50	L
118	51	L
118	52	-1
118	53	-1
118	54	-1
118	55	L
118	56	L
118	57	L
118	58	-1
118	59	L
118	60	L
118	61	L
118	62	-1
118	63	-1
118	64	-1
118	65	-1
118	66	L
118	67	L
118	68	-1
118	69	L
118	70	L
118	71	-1
118	72	-1
118	73	L
118	74	-1
118	75	L
118	76	L
118	77	-1
118	78	-1
118	79	L
118	80	-1
118	81	-1
118	82	L
118	83	L
118	84	L
118	85	L
118	86	-1
118	87	-1
118	88	L
118	89	-1
118	90	L
118	91	L
118	92	-1
118	93	L
118	94	L
118	95	L
118	96	-1
118	97	L
118	98	-1
118	99	-1
118	100	-1
118	101	-1
118	102	-1
118	103	-1
118	104	L
118	105	-1
118	106	-1
118	107	L
118	108	L
118	109	L
118	110	-1
118	111	-1
118	112	-1
118	113	-1
118	114	L
118	115	-1
118	116	-1
118	117	L
118	118	L
118	119	-1
119	0	L
119	1	-1
119	2	L
119	3	-1
119	4	-1
119	5	-1
119	6	L
119	7	L
119	8	-1
119	9	-1
119	10	L
119	11	L
119	12	L
119	13	-1
119	14	L
119	15	L
119	16	-1
119	17	L
119	18	L
119	19	L
119	20	-1
119	21	-1
119	22	-1
119	23	-1
119	24	-1
119	25	L
119	26	L
119	27	-1
119	28	L
119	29	L
119	30	-1
119	31	-1
119	32	-1
119	33	-1
119	34	-1
119	35	-1
119	36	-1
119	37	L
119	38	L
119	39	L
119	40	-1
119	41	-1
119	42	-1
119	43	L
119	44	L
119	45	L
119	46	-1
119	47	-1
119	48	-1
119	49	L
119	50	L
119	51	-1
119	52	-1
119	53	L
119	54	-1
119	55	L
119	56	-1
119	57	-1
119	58	-1
119	59	L
119	60	-1
119	61	-1
119	62	-1
119	63	-1
119	64	-1
119	65	L
119	66	-1
119	67	-1
119	68	L
119	69	L
119	70	-1
119	71	-1
119	72	L
119	73	-1
119	74	-1
119	75	-1
119	76	L
119	77	-1
119	78	L
119	79	-1
119	80	-1
119	81	-1
119	82	L
119	83	L
119	84	L
119	85	L
119	86	-1
119	87	-1
119	88	-1
119	89	L
119	90	L
119	91	-1
119	92	-1
119	93	-1
119	94	L
119	95	L
119	96	-1
119	97	L
119	98	L
119	99	L
119	100	-1
119	101	-1
119	102	-1
119	103	L
119	104	L
119	105	L
119	106	L
119	107	L
119	108	L
119	109	L
119	110	-1
119	111	-1
119	112	-1
119	113	L
119	114	-1
119	115	-1
119	116	-1
119	117	-1
119	118	-1
119	119	-1
