0	0	L
0	1	Lp
0	2	-1
0	3	L
0	4	Lp
0	5	-1
0	6	L
0	7	L
0	8	L
0	9	L
0	10	L
0	11	L
0	12	-1
0	13	-1
0	14	-1
0	15	L
0	16	U
0	17	U
0	18	L
0	19	L
0	20	U
0	21	-1
0	22	U
0	23	-1
0	24	U
0	25	U
0	26	U
0	27	U
0	28	-1
0	29	L
0	30	Lp
0	31	-1
0	32	L
0	33	-1
0	34	L
0	35	L
0	36	L
0	37	L
0	38	L
0	39	L
0	40	L
0	41	Lp
0	42	Lp
0	43	-1
0	44	L
0	45	L
0	46	L
0	47	-1
0	48	L
0	49	-1
0	50	L
0	51	L
0	52	L
0	53	L
0	54	-1
0	55	L
0	56	L
0	57	L
0	58	U
0	59	-1
0	60	Lp
0	61	Lp
0	62	Lp
0	63	-1
0	64	Lp
0	65	Lp
0	66	-1
0	67	Lp
0	68	-1
0	69	-1
0	70	Lp
0	71	Lp
0	72	Lp
0	73	Lp
0	74	Lp
0	75	Lp
0	76	-1
0	77	Lp
0	78	Lp
0	79	Lp
0	80	Lp
0	81	-1
0	82	Lp
0	83	Lp
0	84	Lp
0	85	Lp
0	86	-1
0	87	Lp
0	88	Lp
0	89	Lp
0	90	Lp
0	91	-1
0	92	Lp
0	93	Lp
0	94	-1
0	95	U
0	96	Lp
0	97	L
0	98	L
0	99	-1
0	100	Lp
0	101	Lp
0	102	L
0	103	Lp
0	104	-1
0	105	Lp
0	106	-1
0	107	L
0	108	L
0	109	-1
0	110	-1
0	111	L
0	112	-1
0	113	-1
0	114	L
0	115	-1
0	116	-1
0	117	L
0	118	L
0	119	L
1	0	L
1	1	L
1	2	L
1	3	Lp
1	4	-1
1	5	Lp
1	6	L
1	7	L
1	8	L
1	9	L
1	10	L
1	11	L
1	12	L
1	13	L
1	14	Lp
1	15	L
1	16	-1
1	17	Lp
1	18	L
1	19	-1
1	20	L
1	21	U
1	22	-1
1	23	Lp
1	24	-1
1	25	Lp
1	26	-1
1	27	L
1	28	L
1	29	-1
1	30	L
1	31	-1
1	32	-1
1	33	-1
1	34	L
1	35	L
1	36	L
1	37	L
1	38	L
1	39	L
1	40	L
1	41	L
1	42	-1
1	43	-1
1	44	L
1	45	L
1	46	L
1	47	L
1	48	L
1	49	L
1	50	L
1	51	L
1	52	L
1	53	L
1	54	L
1	55	L
1	56	L
1	57	-1
1	58	-1
1	59	L
1	60	Lp
1	61	U
1	62	Lp
1	63	-1
1	64	Lp
1	65	Lp
1	66	Lp
1	67	Lp
1	68	-1
1	69	Lp
1	70	Lp
1	71	Lp
1	72	Lp
1	73	Lp
1	74	Lp
1	75	Lp
1	76	-1
1	77	Lp
1	78	Lp
1	79	-1
1	80	-1
1	81	Lp
1	82	-1
1	83	Lp
1	84	-1
1	85	Lp
1	86	Lp
1	87	Lp
1	88	-1
1	89	Lp
1	90	-1
1	91	-1
1	92	U
1	93	U
1	94	U
1	95	L
1	96	L
1	97	L
1	98	-1
1	99	-1
1	100	-1
1	101	-1
1	102	Lp
1	103	Lp
1	104	Lp
1	105	U
1	106	L
1	107	-1
1	108	-1
1	109	Lp
1	110	Lp
1	111	-1
1	112	U
1	113	-1
1	114	L
1	115	L
1	116	L
1	117	L
1	118	L
1	119	-1
2	0	L
2	1	L
2	2	-1
2	3	L
2	4	-1
2	5	L
2	6	-1
2	7	L
2	8	L
2	9	L
2	10	L
2	11	-1
2	12	L
2	13	Lp
2	14	L
2	15	U
2	16	Lp
2	17	Lp
2	18	L
2	19	L
2	20	L
2	21	-1
2	22	L
2	23	-1
2	24	Lp
2	25	L
2	26	L
2	27	-1
2	28	L
2	29	L
2	30	L
2	31	L
2	32	L
2	33	L
2	34	-1
2	35	L
2	36	L
2	37	L
2	38	L
2	39	L
2	40	L
2	41	L
2	42	L
2	43	L
2	44	Lp
2	45	L
2	46	L
2	47	L
2	48	L
2	49	L
2	50	L
2	51	L
2	52	L
2	53	-1
2	54	-1
2	55	Lp
2	56	Lp
2	57	-1
2	58	L
2	59	Lp
2	60	U
2	61	Lp
2	62	Lp
2	63	Lp
2	64	Lp
2	65	Lp
2	66	Lp
2	67	Lp
2	68	Lp
2	69	Lp
2	70	Lp
2	71	-1
2	72	Lp
2	73	Lp
2	74	Lp
2	75	Lp
2	76	Lp
2	77	Lp
2	78	Lp
2	79	Lp
2	80	Lp
2	81	Lp
2	82	Lp
2	83	Lp
2	84	Lp
2	85	Lp
2	86	Lp
2	87	Lp
2	88	-1
2	89	Lp
2	90	Lp
2	91	Lp
2	92	Lp
2	93	U
2	94	U
2	95	-1
2	96	L
2	97	L
2	98	L
2	99	L
2	100	Lp
2	101	L
2	102	L
2	103	Lp
2	104	Lp
2	105	Lp
2	106	Lp
2	107	L
2	108	L
2	109	-1
2	110	-1
2	111	U
2	112	U
2	113	-1
2	114	L
2	115	Lp
2	116	-1
2	117	L
2	118	L
2	119	L
3	0	L
3	1	L
3	2	-1
3	3	-1
3	4	L
3	5	-1
3	6	-1
3	7	L
3	8	L
3	9	L
3	10	-1
3	11	Lp
3	12	L
3	13	-1
3	14	U
3	15	Lp
3	16	Lp
3	17	Lp
3	18	Lp
3	19	Lp
3	20	L
3	21	L
3	22	L
3	23	L
3	24	U
3	25	Lp
3	26	L
3	27	L
3	28	L
3	29	Lp
3	30	L
3	31	L
3	32	L
3	33	L
3	34	L
3	35	L
3	36	L
3	37	L
3	38	L
3	39	L
3	40	L
3	41	-1
3	42	-1
3	43	-1
3	44	-1
3	45	Lp
3	46	Lp
3	47	L
3	48	Lp
3	49	L
3	50	L
3	51	L
3	52	L
3	53	-1
3	54	Lp
3	55	L
3	56	L
3	57	Lp
3	58	L
3	59	Lp
3	60	Lp
3	61	-1
3	62	U
3	63	Lp
3	64	-1
3	65	Lp
3	66	Lp
3	67	Lp
3	68	Lp
3	69	Lp
3	70	Lp
3	71	Lp
3	72	Lp
3	73	Lp
3	74	Lp
3	75	Lp
3	76	Lp
3	77	-1
3	78	Lp
3	79	Lp
3	80	Lp
3	81	Lp
3	82	Lp
3	83	Lp
3	84	Lp
3	85	Lp
3	86	Lp
3	87	Lp
3	88	-1
3	89	Lp
3	90	Lp
3	91	Lp
3	92	Lp
3	93	U
3	94	-1
3	95	Lp
3	96	-1
3	97	-1
3	98	-1
3	99	Lp
3	100	Lp
3	101	Lp
3	102	Lp
3	103	Lp
3	104	-1
3	105	Lp
3	106	Lp
3	107	L
3	108	Lp
3	109	L
3	110	Lp
3	111	L
3	112	-1
3	113	L
3	114	L
3	115	Lp
3	116	Lp
3	117	L
3	118	L
3	119	L
4	0	L
4	1	-1
4	2	-1
4	3	L
4	4	-1
4	5	-1
4	6	L
4	7	L
4	8	L
4	9	L
4	10	-1
4	11	Lp
4	12	L
4	13	Lp
4	14	Lp
4	15	Lp
4	16	Lp
4	17	Lp
4	18	Lp
4	19	Lp
4	20	Lp
4	21	U
4	22	L
4	23	U
4	24	Lp
4	25	U
4	26	Lp
4	27	L
4	28	Lp
4	29	L
4	30	L
4	31	L
4	32	-1
4	33	-1
4	34	L
4	35	L
4	36	L
4	37	L
4	38	L
4	39	-1
4	40	L
4	41	L
4	42	-1
4	43	L
4	44	-1
4	45	Lp
4	46	U
4	47	-1
4	48	Lp
4	49	L
4	50	-1
4	51	L
4	52	-1
4	53	Lp
4	54	L
4	55	Lp
4	56	Lp
4	57	U
4	58	L
4	59	-1
4	60	L
4	61	-1
4	62	Lp
4	63	Lp
4	64	Lp
4	65	Lp
4	66	Lp
4	67	Lp
4	68	Lp
4	69	Lp
4	70	Lp
4	71	Lp
4	72	-1
4	73	Lp
4	74	Lp
4	75	Lp
4	76	Lp
4	77	Lp
4	78	-1
4	79	Lp
4	80	-1
4	81	Lp
4	82	Lp
4	83	-1
4	84	Lp
4	85	-1
4	86	Lp
4	87	Lp
4	88	-1
4	89	Lp
4	90	-1
4	91	Lp
4	92	-1
4	93	Lp
4	94	Lp
4	95	Lp
4	96	-1
4	97	L
4	98	Lp
4	99	Lp
4	100	-1
4	101	Lp
4	102	L
4	103	-1
4	104	Lp
4	105	L
4	106	-1
4	107	Lp
4	108	-1
4	109	-1
4	110	-1
4	111	L
4	112	L
4	113	L
4	114	U
4	115	L
4	116	U
4	117	L
4	118	L
4	119	L
5	0	L
5	1	L
5	2	-1
5	3	L
5	4	L
5	5	-1
5	6	L
5	7	L
5	8	L
5	9	L
5	10	Lp
5	11	L
5	12	L
5	13	Lp
5	14	-1
5	15	Lp
5	16	-1
5	17	Lp
5	18	Lp
5	19	Lp
5	20	Lp
5	21	U
5	22	U
5	23	L
5	24	Lp
5	25	Lp
5	26	U
5	27	L
5	28	L
5	29	L
5	30	L
5	31	-1
5	32	-1
5	33	-1
5	34	L
5	35	L
5	36	L
5	37	L
5	38	L
5	39	L
5	40	-1
5	41	L
5	42	L
5	43	L
5	44	L
5	45	U
5	46	L
5	47	U
5	48	-1
5	49	-1
5	50	-1
5	51	-1
5	52	Lp
5	53	Lp
5	54	Lp
5	55	Lp
5	56	Lp
5	57	-1
5	58	-1
5	59	U
5	60	Lp
5	61	Lp
5	62	Lp
5	63	Lp
5	64	Lp
5	65	Lp
5	66	Lp
5	67	Lp
5	68	-1
5	69	Lp
5	70	-1
5	71	Lp
5	72	Lp
5	73	Lp
5	74	-1
5	75	Lp
5	76	Lp
5	77	Lp
5	78	Lp
5	79	-1
5	80	Lp
5	81	Lp
5	82	Lp
5	83	Lp
5	84	Lp
5	85	Lp
5	86	-1
5	87	-1
5	88	Lp
5	89	Lp
5	90	Lp
5	91	Lp
5	92	U
5	93	Lp
5	94	-1
5	95	-1
5	96	L
5	97	Lp
5	98	Lp
5	99	Lp
5	100	Lp
5	101	L
5	102	L
5	103	L
5	104	-1
5	105	L
5	106	L
5	107	-1
5	108	L
5	109	L
5	110	L
5	111	-1
5	112	L
5	113	-1
5	114	-1
5	115	U
5	116	L
5	117	L
5	118	-1
5	119	L
6	0	L
6	1	L
6	2	-1
6	3	L
6	4	L
6	5	L
6	6	L
6	7	L
6	8	L
6	9	Lp
6	10	-1
6	11	L
6	12	L
6	13	Lp
6	14	L
6	15	Lp
6	16	L
6	17	L
6	18	Lp
6	19	Lp
6	20	U
6	21	U
6	22	U
6	23	-1
6	24	Lp
6	25	L
6	26	L
6	27	L
6	28	L
6	29	L
6	30	L
6	31	L
6	32	L
6	33	L
6	34	L
6	35	L
6	36	L
6	37	L
6	38	L
6	39	L
6	40	-1
6	41	L
6	42	-1
6	43	L
6	44	L
6	45	-1
6	46	L
6	47	L
6	48	L
6	49	L
6	50	Lp
6	51	Lp
6	52	-1
6	53	Lp
6	54	Lp
6	55	L
6	56	Lp
6	57	Lp
6	58	L
6	59	U
6	60	U
6	61	Lp
6	62	Lp
6	63	Lp
6	64	Lp
6	65	Lp
6	66	Lp
6	67	Lp
6	68	Lp
6	69	Lp
6	70	-1
6	71	Lp
6	72	Lp
6	73	-1
6	74	Lp
6	75	Lp
6	76	Lp
6	77	Lp
6	78	Lp
6	79	Lp
6	80	Lp
6	81	Lp
6	82	Lp
6	83	Lp
6	84	Lp
6	85	Lp
6	86	Lp
6	87	Lp
6	88	Lp
6	89	Lp
6	90	Lp
6	91	Lp
6	92	-1
6	93	Lp
6	94	Lp
6	95	Lp
6	96	Lp
6	97	-1
6	98	Lp
6	99	Lp
6	100	-1
6	101	Lp
6	102	Lp
6	103	-1
6	104	L
6	105	L
6	106	L
6	107	-1
6	108	-1
6	109	L
6	110	L
6	111	L
6	112	L
6	113	L
6	114	-1
6	115	-1
6	116	L
6	117	L
6	118	-1
6	119	L
7	0	U
7	1	L
7	2	L
7	3	L
7	4	L
7	5	L
7	6	L
7	7	L
7	8	L
7	9	Lp
7	10	Lp
7	11	Lp
7	12	Lp
7	13	L
7	14	L
7	15	L
7	16	L
7	17	L
7	18	L
7	19	-1
7	20	U
7	21	U
7	22	Lp
7	23	Lp
7	24	L
7	25	-1
7	26	Lp
7	27	Lp
7	28	-1
7	29	L
7	30	L
7	31	-1
7	32	L
7	33	-1
7	34	L
7	35	-1
7	36	-1
7	37	L
7	38	L
7	39	-1
7	40	L
7	41	L
7	42	L
7	43	L
7	44	L
7	45	L
7	46	-1
7	47	L
7	48	-1
7	49	L
7	50	L
7	51	-1
7	52	Lp
7	53	-1
7	54	L
7	55	L
7	56	L
7	57	L
7	58	-1
7	59	-1
7	60	L
7	61	U
7	62	Lp
7	63	Lp
7	64	-1
7	65	Lp
7	66	Lp
7	67	-1
7	68	-1
7	69	Lp
7	70	Lp
7	71	-1
7	72	Lp
7	73	Lp
7	74	Lp
7	75	Lp
7	76	Lp
7	77	Lp
7	78	Lp
7	79	Lp
7	80	Lp
7	81	-1
7	82	Lp
7	83	Lp
7	84	Lp
7	85	Lp
7	86	U
7	87	U
7	88	U
7	89	-1
7	90	-1
7	91	Lp
7	92	Lp
7	93	-1
7	94	-1
7	95	Lp
7	96	L
7	97	Lp
7	98	Lp
7	99	Lp
7	100	Lp
7	101	Lp
7	102	-1
7	103	L
7	104	L
7	105	L
7	106	L
7	107	L
7	108	L
7	109	L
7	110	-1
7	111	L
7	112	L
7	113	L
7	114	L
7	115	L
7	116	L
7	117	L
7	118	L
7	119	L
8	0	L
8	1	L
8	2	L
8	3	L
8	4	L
8	5	L
8	6	L
8	7	L
8	8	L
8	9	-1
8	10	-1
8	11	L
8	12	L
8	13	L
8	14	L
8	15	L
8	16	L
8	17	L
8	18	L
8	19	L
8	20	-1
8	21	Lp
8	22	L
8	23	Lp
8	24	Lp
8	25	Lp
8	26	Lp
8	27	L
8	28	L
8	29	Lp
8	30	Lp
8	31	L
8	32	-1
8	33	-1
8	34	-1
8	35	L
8	36	-1
8	37	L
8	38	Lp
8	39	-1
8	40	L
8	41	-1
8	42	-1
8	43	L
8	44	-1
8	45	-1
8	46	-1
8	47	L
8	48	L
8	49	-1
8	50	-1
8	51	Lp
8	52	Lp
8	53	Lp
8	54	Lp
8	55	L
8	56	L
8	57	Lp
8	58	-1
8	59	L
8	60	L
8	61	Lp
8	62	-1
8	63	-1
8	64	-1
8	65	Lp
8	66	Lp
8	67	Lp
8	68	Lp
8	69	Lp
8	70	-1
8	71	Lp
8	72	Lp
8	73	Lp
8	74	Lp
8	75	Lp
8	76	Lp
8	77	Lp
8	78	Lp
8	79	Lp
8	80	Lp
8	81	L
8	82	-1
8	83	Lp
8	84	Lp
8	85	-1
8	86	-1
8	87	U
8	88	L
8	89	Lp
8	90	Lp
8	91	Lp
8	92	Lp
8	93	-1
8	94	Lp
8	95	-1
8	96	L
8	97	Lp
8	98	Lp
8	99	Lp
8	100	Lp
8	101	Lp
8	102	-1
8	103	L
8	104	-1
8	105	-1
8	106	L
8	107	L
8	108	L
8	109	-1
8	110	L
8	111	Lp
8	112	L
8	113	L
8	114	L
8	115	L
8	116	L
8	117	-1
8	118	L
8	119	L
9	0	L
9	1	L
9	2	L
9	3	L
9	4	-1
9	5	L
9	6	L
9	7	L
9	8	-1
9	9	-1
9	10	L
9	11	-1
9	12	L
9	13	L
9	14	L
9	15	L
9	16	L
9	17	L
9	18	L
9	19	L
9	20	-1
9	21	L
9	22	L
9	23	Lp
9	24	-1
9	25	Lp
9	26	Lp
9	27	-1
9	28	Lp
9	29	Lp
9	30	Lp
9	31	Lp
9	32	L
9	33	Lp
9	34	Lp
9	35	L
9	36	Lp
9	37	-1
9	38	-1
9	39	Lp
9	40	-1
9	41	L
9	42	-1
9	43	-1
9	44	-1
9	45	L
9	46	L
9	47	L
9	48	L
9	49	L
9	50	L
9	51	Lp
9	52	Lp
9	53	Lp
9	54	Lp
9	55	L
9	56	L
9	57	Lp
9	58	Lp
9	59	L
9	60	L
9	61	L
9	62	-1
9	63	-1
9	64	Lp
9	65	Lp
9	66	Lp
9	67	Lp
9	68	Lp
9	69	Lp
9	70	Lp
9	71	Lp
9	72	Lp
9	73	Lp
9	74	Lp
9	75	-1
9	76	Lp
9	77	Lp
9	78	Lp
9	79	Lp
9	80	L
9	81	Lp
9	82	Lp
9	83	Lp
9	84	Lp
9	85	L
9	86	U
9	87	Lp
9	88	Lp
9	89	Lp
9	90	-1
9	91	Lp
9	92	-1
9	93	Lp
9	94	Lp
9	95	L
9	96	L
9	97	Lp
9	98	Lp
9	99	Lp
9	100	Lp
9	101	Lp
9	102	-1
9	103	-1
9	104	Lp
9	105	-1
9	106	L
9	107	L
9	108	Lp
9	109	L
9	110	-1
9	111	L
9	112	L
9	113	L
9	114	L
9	115	L
9	116	L
9	117	L
9	118	-1
9	119	-1
10	0	-1
10	1	L
10	2	-1
10	3	L
10	4	-1
10	5	L
10	6	L
10	7	L
10	8	L
10	9	-1
10	10	L
10	11	-1
10	12	L
10	13	L
10	14	L
10	15	L
10	16	L
10	17	L
10	18	U
10	19	L
10	20	-1
10	21	L
10	22	Lp
10	23	Lp
10	24	-1
10	25	Lp
10	26	Lp
10	27	Lp
10	28	L
10	29	Lp
10	30	Lp
10	31	Lp
10	32	Lp
10	33	Lp
10	34	Lp
10	35	-1
10	36	-1
10	37	Lp
10	38	-1
10	39	Lp
10	40	Lp
10	41	L
10	42	L
10	43	L
10	44	-1
10	45	L
10	46	L
10	47	L
10	48	Lp
10	49	Lp
10	50	-1
10	51	Lp
10	52	L
10	53	L
10	54	Lp
10	55	L
10	56	L
10	57	Lp
10	58	Lp
10	59	Lp
10	60	-1
10	61	L
10	62	Lp
10	63	Lp
10	64	-1
10	65	Lp
10	66	Lp
10	67	Lp
10	68	Lp
10	69	-1
10	70	Lp
10	71	-1
10	72	Lp
10	73	Lp
10	74	-1
10	75	Lp
10	76	-1
10	77	-1
10	78	U
10	79	Lp
10	80	Lp
10	81	L
10	82	Lp
10	83	Lp
10	84	Lp
10	85	L
10	86	-1
10	87	-1
10	88	-1
10	89	Lp
10	90	-1
10	91	-1
10	92	Lp
10	93	-1
10	94	-1
10	95	-1
10	96	Lp
10	97	Lp
10	98	Lp
10	99	Lp
10	100	U
10	101	Lp
10	102	Lp
10	103	L
10	104	L
10	105	Lp
10	106	-1
10	107	Lp
10	108	L
10	109	-1
10	110	Lp
10	111	Lp
10	112	Lp
10	113	L
10	114	L
10	115	L
10	116	L
10	117	-1
10	118	-1
10	119	L
11	0	L
11	1	L
11	2	L
11	3	L
11	4	-1
11	5	L
11	6	L
11	7	L
11	8	L
11	9	L
11	10	L
11	11	L
11	12	-1
11	13	-1
11	14	L
11	15	L
11	16	L
11	17	L
11	18	L
11	19	-1
11	20	L
11	21	-1
11	22	L
11	23	Lp
11	24	Lp
11	25	Lp
11	26	L
11	27	-1
11	28	Lp
11	29	Lp
11	30	Lp
11	31	Lp
11	32	Lp
11	33	Lp
11	34	-1
11	35	Lp
11	36	-1
11	37	Lp
11	38	Lp
11	39	-1
11	40	Lp
11	41	L
11	42	L
11	43	L
11	44	-1
11	45	-1
11	46	L
11	47	L
11	48	Lp
11	49	Lp
11	50	-1
11	51	L
11	52	L
11	53	L
11	54	L
11	55	L
11	56	-1
11	57	L
11	58	L
11	59	L
11	60	L
11	61	Lp
11	62	Lp
11	63	Lp
11	64	Lp
11	65	Lp
11	66	Lp
11	67	Lp
11	68	Lp
11	69	-1
11	70	-1
11	71	Lp
11	72	Lp
11	73	Lp
11	74	-1
11	75	U
11	76	L
11	77	L
11	78	-1
11	79	-1
11	80	L
11	81	L
11	82	-1
11	83	-1
11	84	Lp
11	85	Lp
11	86	-1
11	87	-1
11	88	-1
11	89	-1
11	90	Lp
11	91	L
11	92	L
11	93	-1
11	94	L
11	95	Lp
11	96	Lp
11	97	-1
11	98	-1
11	99	Lp
11	100	U
11	101	U
11	102	-1
11	103	Lp
11	104	L
11	105	L
11	106	L
11	107	-1
11	108	L
11	109	L
11	110	Lp
11	111	Lp
11	112	Lp
11	113	L
11	114	L
11	115	L
11	116	-1
11	117	L
11	118	L
11	119	Lp
12	0	L
12	1	L
12	2	L
12	3	-1
12	4	L
12	5	L
12	6	Lp
12	7	L
12	8	L
12	9	L
12	10	L
12	11	-1
12	12	L
12	13	U
12	14	U
12	15	L
12	16	L
12	17	U
12	18	L
12	19	L
12	20	L
12	21	L
12	22	-1
12	23	Lp
12	24	Lp
12	25	Lp
12	26	-1
12	27	L
12	28	-1
12	29	L
12	30	Lp
12	31	-1
12	32	Lp
12	33	U
12	34	Lp
12	35	Lp
12	36	Lp
12	37	Lp
12	38	Lp
12	39	Lp
12	40	Lp
12	41	-1
12	42	-1
12	43	L
12	44	L
12	45	-1
12	46	L
12	47	Lp
12	48	Lp
12	49	Lp
12	50	Lp
12	51	Lp
12	52	L
12	53	L
12	54	L
12	55	L
12	56	-1
12	57	L
12	58	L
12	59	L
12	60	-1
12	61	Lp
12	62	Lp
12	63	-1
12	64	-1
12	65	Lp
12	66	Lp
12	67	Lp
12	68	Lp
12	69	L
12	70	Lp
12	71	L
12	72	L
12	73	-1
12	74	-1
12	75	U
12	76	L
12	77	L
12	78	U
12	79	-1
12	80	U
12	81	L
12	82	L
12	83	-1
12	84	-1
12	85	-1
12	86	L
12	87	L
12	88	L
12	89	-1
12	90	L
12	91	L
12	92	L
12	93	-1
12	94	-1
12	95	Lp
12	96	Lp
12	97	Lp
12	98	Lp
12	99	-1
12	100	Lp
12	101	Lp
12	102	-1
12	103	Lp
12	104	-1
12	105	-1
12	106	Lp
12	107	-1
12	108	L
12	109	-1
12	110	Lp
12	111	Lp
12	112	L
12	113	L
12	114	L
12	115	L
12	116	L
12	117	L
12	118	Lp
12	119	Lp
13	0	U
13	1	L
13	2	L
13	3	L
13	4	L
13	5	-1
13	6	Lp
13	7	Lp
13	8	-1
13	9	-1
13	10	U
13	11	U
13	12	L
13	13	U
13	14	U
13	15	L
13	16	L
13	17	L
13	18	L
13	19	L
13	20	-1
13	21	-1
13	22	Lp
13	23	Lp
13	24	-1
13	25	-1
13	26	-1
13	27	L
13	28	L
13	29	-1
13	30	L
13	31	L
13	32	L
13	33	L
13	34	Lp
13	35	Lp
13	36	-1
13	37	Lp
13	38	L
13	39	Lp
13	40	-1
13	41	-1
13	42	L
13	43	L
13	44	-1
13	45	L
13	46	L
13	47	L
13	48	L
13	49	-1
13	50	L
13	51	L
13	52	-1
13	53	L
13	54	L
13	55	L
13	56	L
13	57	-1
13	58	L
13	59	L
13	60	Lp
13	61	Lp
13	62	Lp
13	63	Lp
13	64	Lp
13	65	Lp
13	66	-1
13	67	Lp
13	68	Lp
13	69	-1
13	70	L
13	71	L
13	72	Lp
13	73	L
13	74	L
13	75	-1
13	76	L
13	77	-1
13	78	L
13	79	-1
13	80	L
13	81	U
13	82	L
13	83	L
13	84	L
13	85	-1
13	86	L
13	87	L
13	88	L
13	89	L
13	90	L
13	91	Lp
13	92	L
13	93	L
13	94	Lp
13	95	Lp
13	96	Lp
13	97	Lp
13	98	Lp
13	99	Lp
13	100	U
13	101	-1
13	102	Lp
13	103	Lp
13	104	Lp
13	105	Lp
13	106	Lp
13	107	-1
13	108	Lp
13	109	-1
13	110	-1
13	111	L
13	112	-1
13	113	L
13	114	L
13	115	-1
13	116	L
13	117	-1
13	118	Lp
13	119	U
14	0	-1
14	1	L
14	2	-1
14	3	L
14	4	L
14	5	L
14	6	Lp
14	7	Lp
14	8	Lp
14	9	Lp
14	10	-1
14	11	U
14	12	U
14	13	U
14	14	U
14	15	U
14	16	L
14	17	Lp
14	18	Lp
14	19	L
14	20	L
14	21	-1
14	22	-1
14	23	Lp
14	24	-1
14	25	Lp
14	26	Lp
14	27	L
14	28	L
14	29	L
14	30	L
14	31	L
14	32	L
14	33	L
14	34	L
14	35	-1
14	36	-1
14	37	Lp
14	38	L
14	39	L
14	40	L
14	41	L
14	42	L
14	43	L
14	44	L
14	45	L
14	46	-1
14	47	L
14	48	-1
14	49	-1
14	50	L
14	51	-1
14	52	L
14	53	L
14	54	L
14	55	-1
14	56	-1
14	57	L
14	58	Lp
14	59	Lp
14	60	Lp
14	61	Lp
14	62	Lp
14	63	Lp
14	64	Lp
14	65	Lp
14	66	-1
14	67	L
14	68	-1
14	69	Lp
14	70	Lp
14	71	Lp
14	72	Lp
14	73	L
14	74	L
14	75	L
14	76	L
14	77	L
14	78	-1
14	79	L
14	80	U
14	81	L
14	82	-1
14	83	L
14	84	L
14	85	L
14	86	L
14	87	L
14	88	L
14	89	L
14	90	L
14	91	L
14	92	L
14	93	-1
14	94	-1
14	95	Lp
14	96	Lp
14	97	Lp
14	98	-1
14	99	-1
14	100	Lp
14	101	Lp
14	102	Lp
14	103	-1
14	104	Lp
14	105	-1
14	106	Lp
14	107	Lp
14	108	-1
14	109	Lp
14	110	Lp
14	111	-1
14	112	Lp
14	113	Lp
14	114	L
14	115	L
14	116	L
14	117	Lp
14	118	L
14	119	Lp
15	0	Lp
15	1	Lp
15	2	L
15	3	-1
15	4	L
15	5	L
15	6	L
15	7	Lp
15	8	Lp
15	9	Lp
15	10	U
15	11	U
15	12	U
15	13	U
15	14	U
15	15	-1
15	16	-1
15	17	Lp
15	18	Lp
15	19	L
15	20	Lp
15	21	Lp
15	22	Lp
15	23	-1
15	24	Lp
15	25	Lp
15	26	Lp
15	27	L
15	28	Lp
15	29	-1
15	30	L
15	31	L
15	32	L
15	33	L
15	34	L
15	35	-1
15	36	-1
15	37	L
15	38	L
15	39	L
15	40	-1
15	41	L
15	42	L
15	43	L
15	44	L
15	45	L
15	46	L
15	47	L
15	48	L
15	49	L
15	50	L
15	51	L
15	52	L
15	53	L
15	54	L
15	55	L
15	56	L
15	57	L
15	58	L
15	59	Lp
15	60	Lp
15	61	Lp
15	62	Lp
15	63	Lp
15	64	Lp
15	65	-1
15	66	-1
15	67	L
15	68	L
15	69	Lp
15	70	-1
15	71	Lp
15	72	L
15	73	L
15	74	L
15	75	L
15	76	-1
15	77	L
15	78	L
15	79	U
15	80	L
15	81	U
15	82	L
15	83	L
15	84	L
15	85	L
15	86	-1
15	87	L
15	88	L
15	89	L
15	90	-1
15	91	L
15	92	L
15	93	L
15	94	-1
15	95	Lp
15	96	-1
15	97	-1
15	98	-1
15	99	Lp
15	100	Lp
15	101	Lp
15	102	Lp
15	103	Lp
15	104	Lp
15	105	-1
15	106	-1
15	107	-1
15	108	-1
15	109	-1
15	110	Lp
15	111	Lp
15	112	U
15	113	Lp
15	114	Lp
15	115	L
15	116	L
15	117	Lp
15	118	Lp
15	119	L
16	0	Lp
16	1	Lp
16	2	Lp
16	3	Lp
16	4	L
16	5	L
16	6	L
16	7	-1
16	8	U
16	9	Lp
16	10	U
16	11	U
16	12	-1
16	13	U
16	14	-1
16	15	-1
16	16	-1
16	17	Lp
16	18	Lp
16	19	Lp
16	20	Lp
16	21	Lp
16	22	Lp
16	23	-1
16	24	-1
16	25	-1
16	26	Lp
16	27	-1
16	28	-1
16	29	Lp
16	30	L
16	31	-1
16	32	L
16	33	L
16	34	L
16	35	-1
16	36	L
16	37	L
16	38	L
16	39	L
16	40	L
16	41	L
16	42	Lp
16	43	U
16	44	L
16	45	-1
16	46	L
16	47	L
16	48	L
16	49	-1
16	50	L
16	51	L
16	52	L
16	53	L
16	54	L
16	55	L
16	56	L
16	57	L
16	58	L
16	59	Lp
16	60	Lp
16	61	-1
16	62	Lp
16	63	Lp
16	64	Lp
16	65	L
16	66	L
16	67	Lp
16	68	Lp
16	69	Lp
16	70	Lp
16	71	Lp
16	72	L
16	73	L
16	74	L
16	75	-1
16	76	L
16	77	L
16	78	L
16	79	L
16	80	L
16	81	U
16	82	L
16	83	Lp
16	84	L
16	85	L
16	86	L
16	87	L
16	88	L
16	89	-1
16	90	-1
16	91	-1
16	92	L
16	93	Lp
16	94	L
16	95	-1
16	96	-1
16	97	Lp
16	98	-1
16	99	Lp
16	100	Lp
16	101	Lp
16	102	Lp
16	103	Lp
16	104	Lp
16	105	-1
16	106	-1
16	107	Lp
16	108	Lp
16	109	Lp
16	110	Lp
16	111	Lp
16	112	Lp
16	113	L
16	114	L
16	115	Lp
16	116	L
16	117	Lp
16	118	Lp
16	119	Lp
17	0	Lp
17	1	Lp
17	2	-1
17	3	Lp
17	4	Lp
17	5	Lp
17	6	Lp
17	7	L
17	8	Lp
17	9	Lp
17	10	U
17	11	U
17	12	U
17	13	U
17	14	L
17	15	Lp
17	16	Lp
17	17	Lp
17	18	-1
17	19	Lp
17	20	Lp
17	21	Lp
17	22	Lp
17	23	Lp
17	24	-1
17	25	Lp
17	26	-1
17	27	-1
17	28	Lp
17	29	-1
17	30	L
17	31	L
17	32	L
17	33	-1
17	34	L
17	35	L
17	36	L
17	37	L
17	38	L
17	39	-1
17	40	L
17	41	-1
17	42	L
17	43	L
17	44	L
17	45	L
17	46	L
17	47	L
17	48	L
17	49	L
17	50	-1
17	51	L
17	52	L
17	53	L
17	54	L
17	55	L
17	56	L
17	57	Lp
17	58	-1
17	59	L
17	60	-1
17	61	Lp
17	62	Lp
17	63	-1
17	64	Lp
17	65	L
17	66	-1
17	67	L
17	68	Lp
17	69	Lp
17	70	Lp
17	71	Lp
17	72	L
17	73	L
17	74	-1
17	75	-1
17	76	-1
17	77	L
17	78	-1
17	79	L
17	80	L
17	81	-1
17	82	-1
17	83	Lp
17	84	L
17	85	L
17	86	L
17	87	L
17	88	L
17	89	L
17	90	L
17	91	L
17	92	-1
17	93	Lp
17	94	-1
17	95	-1
17	96	-1
17	97	Lp
17	98	-1
17	99	Lp
17	100	Lp
17	101	-1
17	102	Lp
17	103	-1
17	104	Lp
17	105	Lp
17	106	-1
17	107	-1
17	108	Lp
17	109	Lp
17	110	Lp
17	111	Lp
17	112	Lp
17	113	L
17	114	L
17	115	L
17	116	-1
17	117	Lp
17	118	Lp
17	119	-1
18	0	Lp
18	1	-1
18	2	Lp
18	3	Lp
18	4	Lp
18	5	-1
18	6	Lp
18	7	Lp
18	8	Lp
18	9	Lp
18	10	Lp
18	11	Lp
18	12	L
18	13	-1
18	14	L
18	15	Lp
18	16	Lp
18	17	-1
18	18	Lp
18	19	Lp
18	20	Lp
18	21	U
18	22	Lp
18	23	Lp
18	24	Lp
18	25	-1
18	26	-1
18	27	L
18	28	L
18	29	-1
18	30	L
18	31	L
18	32	L
18	33	L
18	34	L
18	35	L
18	36	L
18	37	L
18	38	-1
18	39	L
18	40	L
18	41	L
18	42	-1
18	43	Lp
18	44	Lp
18	45	-1
18	46	L
18	47	L
18	48	L
18	49	-1
18	50	L
18	51	L
18	52	L
18	53	L
18	54	L
18	55	L
18	56	Lp
18	57	Lp
18	58	L
18	59	Lp
18	60	Lp
18	61	Lp
18	62	-1
18	63	Lp
18	64	L
18	65	L
18	66	-1
18	67	Lp
18	68	-1
18	69	Lp
18	70	Lp
18	71	Lp
18	72	L
18	73	L
18	74	L
18	75	-1
18	76	-1
18	77	L
18	78	L
18	79	L
18	80	-1
18	81	L
18	82	L
18	83	Lp
18	84	Lp
18	85	L
18	86	-1
18	87	Lp
18	88	L
18	89	L
18	90	-1
18	91	-1
18	92	L
18	93	L
18	94	L
18	95	Lp
18	96	L
18	97	-1
18	98	-1
18	99	-1
18	100	Lp
18	101	Lp
18	102	U
18	103	Lp
18	104	-1
18	105	Lp
18	106	Lp
18	107	Lp
18	108	-1
18	109	-1
18	110	Lp
18	111	L
18	112	Lp
18	113	L
18	114	L
18	115	L
18	116	-1
18	117	Lp
18	118	Lp
18	119	-1
19	0	-1
19	1	Lp
19	2	Lp
19	3	Lp
19	4	-1
19	5	Lp
19	6	-1
19	7	Lp
19	8	-1
19	9	Lp
19	10	Lp
19	11	L
19	12	L
19	13	Lp
19	14	Lp
19	15	Lp
19	16	Lp
19	17	Lp
19	18	Lp
19	19	Lp
19	20	Lp
19	21	-1
19	22	Lp
19	23	Lp
19	24	Lp
19	25	-1
19	26	Lp
19	27	L
19	28	L
19	29	L
19	30	L
19	31	L
19	32	L
19	33	L
19	34	L
19	35	L
19	36	-1
19	37	L
19	38	L
19	39	L
19	40	L
19	41	-1
19	42	L
19	43	-1
19	44	L
19	45	L
19	46	L
19	47	L
19	48	U
19	49	U
19	50	U
19	51	L
19	52	L
19	53	L
19	54	L
19	55	L
19	56	L
19	57	L
19	58	-1
19	59	L
19	60	-1
19	61	-1
19	62	Lp
19	63	L
19	64	Lp
19	65	-1
19	66	-1
19	67	-1
19	68	Lp
19	69	Lp
19	70	-1
19	71	Lp
19	72	L
19	73	-1
19	74	L
19	75	L
19	76	-1
19	77	L
19	78	L
19	79	L
19	80	L
19	81	L
19	82	L
19	83	L
19	84	L
19	85	-1
19	86	L
19	87	L
19	88	L
19	89	L
19	90	L
19	91	L
19	92	L
19	93	-1
19	94	L
19	95	Lp
19	96	Lp
19	97	-1
19	98	U
19	99	U
19	100	-1
19	101	Lp
19	102	-1
19	103	Lp
19	104	Lp
19	105	Lp
19	106	-1
19	107	Lp
19	108	L
19	109	L
19	110	L
19	111	-1
19	112	Lp
19	113	Lp
19	114	L
19	115	-1
19	116	-1
19	117	L
19	118	U
19	119	U
20	0	U
20	1	Lp
20	2	Lp
20	3	-1
20	4	Lp
20	5	Lp
20	6	Lp
20	7	Lp
20	8	-1
20	9	Lp
20	10	Lp
20	11	Lp
20	12	L
20	13	L
20	14	L
20	15	Lp
20	16	Lp
20	17	Lp
20	18	Lp
20	19	Lp
20	20	Lp
20	21	Lp
20	22	Lp
20	23	Lp
20	24	Lp
20	25	Lp
20	26	Lp
20	27	L
20	28	Lp
20	29	-1
20	30	L
20	31	L
20	32	L
20	33	Lp
20	34	Lp
20	35	L
20	36	L
20	37	-1
20	38	L
20	39	L
20	40	L
20	41	-1
20	42	L
20	43	L
20	44	L
20	45	Lp
20	46	L
20	47	L
20	48	-1
20	49	U
20	50	L
20	51	L
20	52	L
20	53	L
20	54	L
20	55	-1
20	56	L
20	57	L
20	58	L
20	59	L
20	60	L
20	61	L
20	62	-1
20	63	Lp
20	64	-1
20	65	Lp
20	66	L
20	67	-1
20	68	Lp
20	69	Lp
20	70	-1
20	71	Lp
20	72	Lp
20	73	-1
20	74	L
20	75	-1
20	76	-1
20	77	L
20	78	L
20	79	-1
20	80	L
20	81	-1
20	82	-1
20	83	L
20	84	L
20	85	-1
20	86	L
20	87	L
20	88	L
20	89	L
20	90	L
20	91	-1
20	92	L
20	93	L
20	94	L
20	95	Lp
20	96	-1
20	97	Lp
20	98	-1
20	99	-1
20	100	-1
20	101	Lp
20	102	Lp
20	103	-1
20	104	U
20	105	U
20	106	Lp
20	107	Lp
20	108	Lp
20	109	L
20	110	Lp
20	111	Lp
20	112	Lp
20	113	L
20	114	-1
20	115	-1
20	116	Lp
20	117	Lp
20	118	Lp
20	119	U
21	0	U
21	1	Lp
21	2	Lp
21	3	-1
21	4	Lp
21	5	-1
21	6	Lp
21	7	L
21	8	L
21	9	Lp
21	10	L
21	11	L
21	12	-1
21	13	L
21	14	-1
21	15	-1
21	16	Lp
21	17	Lp
21	18	Lp
21	19	-1
21	20	Lp
21	21	Lp
21	22	Lp
21	23	-1
21	24	Lp
21	25	-1
21	26	Lp
21	27	-1
21	28	L
21	29	-1
21	30	-1
21	31	L
21	32	L
21	33	-1
21	34	L
21	35	L
21	36	-1
21	37	L
21	38	-1
21	39	L
21	40	L
21	41	L
21	42	-1
21	43	L
21	44	L
21	45	Lp
21	46	Lp
21	47	Lp
21	48	L
21	49	L
21	50	L
21	51	L
21	52	-1
21	53	L
21	54	L
21	55	L
21	56	-1
21	57	L
21	58	L
21	59	L
21	60	-1
21	61	L
21	62	Lp
21	63	Lp
21	64	Lp
21	65	-1
21	66	-1
21	67	-1
21	68	Lp
21	69	Lp
21	70	Lp
21	71	-1
21	72	L
21	73	L
21	74	L
21	75	L
21	76	L
21	77	L
21	78	L
21	79	L
21	80	L
21	81	L
21	82	L
21	83	-1
21	84	L
21	85	L
21	86	L
21	87	L
21	88	L
21	89	L
21	90	L
21	91	Lp
21	92	L
21	93	L
21	94	L
21	95	Lp
21	96	Lp
21	97	Lp
21	98	L
21	99	Lp
21	100	Lp
21	101	Lp
21	102	Lp
21	103	U
21	104	U
21	105	U
21	106	Lp
21	107	-1
21	108	Lp
21	109	-1
21	110	L
21	111	L
21	112	L
21	113	L
21	114	L
21	115	-1
21	116	Lp
21	117	Lp
21	118	Lp
21	119	Lp
22	0	-1
22	1	Lp
22	2	Lp
22	3	-1
22	4	Lp
22	5	-1
22	6	-1
22	7	L
22	8	L
22	9	L
22	10	L
22	11	-1
22	12	L
22	13	-1
22	14	L
22	15	-1
22	16	-1
22	17	Lp
22	18	L
22	19	Lp
22	20	Lp
22	21	Lp
22	22	-1
22	23	Lp
22	24	Lp
22	25	Lp
22	26	Lp
22	27	Lp
22	28	Lp
22	29	-1
22	30	Lp
22	31	Lp
22	32	L
22	33	L
22	34	-1
22	35	L
22	36	-1
22	37	L
22	38	-1
22	39	L
22	40	-1
22	41	L
22	42	L
22	43	L
22	44	-1
22	45	L
22	46	L
22	47	L
22	48	-1
22	49	-1
22	50	-1
22	51	-1
22	52	L
22	53	L
22	54	L
22	55	L
22	56	L
22	57	L
22	58	L
22	59	L
22	60	L
22	61	L
22	62	L
22	63	Lp
22	64	Lp
22	65	Lp
22	66	Lp
22	67	Lp
22	68	L
22	69	Lp
22	70	L
22	71	-1
22	72	L
22	73	-1
22	74	-1
22	75	L
22	76	L
22	77	-1
22	78	L
22	79	L
22	80	-1
22	81	L
22	82	L
22	83	-1
22	84	-1
22	85	L
22	86	-1
22	87	L
22	88	L
22	89	L
22	90	-1
22	91	L
22	92	L
22	93	L
22	94	L
22	95	Lp
22	96	Lp
22	97	L
22	98	Lp
22	99	-1
22	100	Lp
22	101	Lp
22	102	Lp
22	103	Lp
22	104	U
22	105	-1
22	106	U
22	107	Lp
22	108	Lp
22	109	L
22	110	-1
22	111	L
22	112	L
22	113	L
22	114	L
22	115	L
22	116	Lp
22	117	Lp
22	118	Lp
22	119	Lp
23	0	Lp
23	1	Lp
23	2	Lp
23	3	-1
23	4	-1
23	5	Lp
23	6	Lp
23	7	L
23	8	L
23	9	L
23	10	L
23	11	L
23	12	-1
23	13	Lp
23	14	L
23	15	L
23	16	L
23	17	L
23	18	Lp
23	19	Lp
23	20	Lp
23	21	Lp
23	22	Lp
23	23	Lp
23	24	-1
23	25	Lp
23	26	Lp
23	27	-1
23	28	L
23	29	Lp
23	30	Lp
23	31	Lp
23	32	Lp
23	33	Lp
23	34	Lp
23	35	Lp
23	36	L
23	37	L
23	38	-1
23	39	-1
23	40	-1
23	41	L
23	42	L
23	43	L
23	44	L
23	45	-1
23	46	-1
23	47	L
23	48	-1
23	49	L
23	50	L
23	51	L
23	52	L
23	53	L
23	54	-1
23	55	L
23	56	L
23	57	L
23	58	L
23	59	L
23	60	-1
23	61	L
23	62	-1
23	63	Lp
23	64	-1
23	65	Lp
23	66	Lp
23	67	Lp
23	68	Lp
23	69	-1
23	70	L
23	71	L
23	72	L
23	73	L
23	74	L
23	75	L
23	76	L
23	77	L
23	78	L
23	79	-1
23	80	L
23	81	L
23	82	-1
23	83	-1
23	84	L
23	85	L
23	86	-1
23	87	L
23	88	-1
23	89	-1
23	90	L
23	91	L
23	92	L
23	93	Lp
23	94	-1
23	95	-1
23	96	Lp
23	97	Lp
23	98	L
23	99	L
23	100	L
23	101	Lp
23	102	Lp
23	103	Lp
23	104	Lp
23	105	Lp
23	106	Lp
23	107	-1
23	108	Lp
23	109	Lp
23	110	L
23	111	-1
23	112	L
23	113	L
23	114	-1
23	115	L
23	116	Lp
23	117	-1
23	118	Lp
23	119	Lp
24	0	Lp
24	1	Lp
24	2	Lp
24	3	Lp
24	4	Lp
24	5	Lp
24	6	Lp
24	7	-1
24	8	L
24	9	Lp
24	10	-1
24	11	-1
24	12	Lp
24	13	Lp
24	14	L
24	15	Lp
24	16	L
24	17	Lp
24	18	-1
24	19	-1
24	20	Lp
24	21	Lp
24	22	-1
24	23	Lp
24	24	Lp
24	25	-1
24	26	Lp
24	27	L
24	28	Lp
24	29	Lp
24	30	Lp
24	31	Lp
24	32	Lp
24	33	L
24	34	L
24	35	Lp
24	36	-1
24	37	L
24	38	L
24	39	L
24	40	L
24	41	L
24	42	L
24	43	L
24	44	L
24	45	L
24	46	L
24	47	L
24	48	L
24	49	L
24	50	L
24	51	L
24	52	L
24	53	L
24	54	L
24	55	L
24	56	U
24	57	-1
24	58	L
24	59	U
24	60	L
24	61	Lp
24	62	Lp
24	63	Lp
24	64	Lp
24	65	L
24	66	Lp
24	67	L
24	68	L
24	69	L
24	70	L
24	71	L
24	72	L
24	73	-1
24	74	L
24	75	L
24	76	L
24	77	L
24	78	L
24	79	L
24	80	L
24	81	L
24	82	L
24	83	L
24	84	-1
24	85	L
24	86	L
24	87	L
24	88	L
24	89	L
24	90	L
24	91	L
24	92	L
24	93	L
24	94	L
24	95	-1
24	96	Lp
24	97	Lp
24	98	L
24	99	L
24	100	L
24	101	-1
24	102	Lp
24	103	Lp
24	104	Lp
24	105	U
24	106	-1
24	107	Lp
24	108	Lp
24	109	Lp
24	110	L
24	111	Lp
24	112	Lp
24	113	Lp
24	114	L
24	115	L
24	116	L
24	117	-1
24	118	Lp
24	119	Lp
25	0	-1
25	1	-1
25	2	-1
25	3	Lp
25	4	Lp
25	5	Lp
25	6	Lp
25	7	Lp
25	8	Lp
25	9	-1
25	10	Lp
25	11	Lp
25	12	-1
25	13	-1
25	14	Lp
25	15	L
25	16	-1
25	17	-1
25	18	Lp
25	19	Lp
25	20	Lp
25	21	Lp
25	22	-1
25	23	-1
25	24	Lp
25	25	Lp
25	26	Lp
25	27	-1
25	28	Lp
25	29	Lp
25	30	Lp
25	31	Lp
25	32	Lp
25	33	Lp
25	34	L
25	35	-1
25	36	L
25	37	-1
25	38	L
25	39	-1
25	40	L
25	41	-1
25	42	L
25	43	L
25	44	L
25	45	-1
25	46	L
25	47	-1
25	48	-1
25	49	L
25	50	L
25	51	L
25	52	-1
25	53	L
25	54	L
25	55	L
25	56	L
25	57	L
25	58	-1
25	59	U
25	60	L
25	61	L
25	62	Lp
25	63	Lp
25	64	Lp
25	65	Lp
25	66	L
25	67	Lp
25	68	Lp
25	69	L
25	70	L
25	71	L
25	72	L
25	73	-1
25	74	L
25	75	L
25	76	L
25	77	-1
25	78	L
25	79	-1
25	80	L
25	81	L
25	82	L
25	83	L
25	84	L
25	85	L
25	86	-1
25	87	L
25	88	L
25	89	L
25	90	-1
25	91	-1
25	92	L
25	93	L
25	94	-1
25	95	Lp
25	96	Lp
25	97	Lp
25	98	L
25	99	L
25	100	-1
25	101	Lp
25	102	-1
25	103	Lp
25	104	U
25	105	Lp
25	106	Lp
25	107	-1
25	108	Lp
25	109	-1
25	110	Lp
25	111	L
25	112	-1
25	113	Lp
25	114	Lp
25	115	Lp
25	116	-1
25	117	Lp
25	118	-1
25	119	Lp
26	0	-1
26	1	Lp
26	2	-1
26	3	-1
26	4	Lp
26	5	Lp
26	6	-1
26	7	Lp
26	8	Lp
26	9	Lp
26	10	-1
26	11	Lp
26	12	Lp
26	13	-1
26	14	-1
26	15	-1
26	16	L
26	17	L
26	18	L
26	19	L
26	20	Lp
26	21	Lp
26	22	Lp
26	23	Lp
26	24	Lp
26	25	-1
26	26	Lp
26	27	-1
26	28	Lp
26	29	Lp
26	30	Lp
26	31	Lp
26	32	Lp
26	33	-1
26	34	-1
26	35	L
26	36	Lp
26	37	-1
26	38	L
26	39	L
26	40	L
26	41	L
26	42	L
26	43	L
26	44	L
26	45	-1
26	46	L
26	47	L
26	48	L
26	49	L
26	50	L
26	51	L
26	52	L
26	53	L
26	54	L
26	55	L
26	56	L
26	57	L
26	58	U
26	59	-1
26	60	L
26	61	L
26	62	L
26	63	Lp
26	64	-1
26	65	Lp
26	66	Lp
26	67	Lp
26	68	L
26	69	L
26	70	L
26	71	L
26	72	L
26	73	L
26	74	L
26	75	L
26	76	L
26	77	L
26	78	L
26	79	-1
26	80	-1
26	81	L
26	82	L
26	83	L
26	84	L
26	85	L
26	86	L
26	87	-1
26	88	-1
26	89	L
26	90	L
26	91	-1
26	92	-1
26	93	L
26	94	L
26	95	Lp
26	96	Lp
26	97	L
26	98	L
26	99	L
26	100	-1
26	101	-1
26	102	Lp
26	103	Lp
26	104	Lp
26	105	U
26	106	U
26	107	Lp
26	108	U
26	109	Lp
26	110	Lp
26	111	Lp
26	112	L
26	113	Lp
26	114	Lp
26	115	L
26	116	-1
26	117	Lp
26	118	Lp
26	119	Lp
27	0	Lp
27	1	Lp
27	2	-1
27	3	-1
27	4	Lp
27	5	Lp
27	6	-1
27	7	-1
27	8	U
27	9	Lp
27	10	Lp
27	11	L
27	12	U
27	13	-1
27	14	Lp
27	15	Lp
27	16	U
27	17	L
27	18	L
27	19	-1
27	20	Lp
27	21	Lp
27	22	Lp
27	23	-1
27	24	Lp
27	25	Lp
27	26	Lp
27	27	Lp
27	28	Lp
27	29	-1
27	30	Lp
27	31	Lp
27	32	Lp
27	33	-1
27	34	Lp
27	35	L
27	36	-1
27	37	L
27	38	L
27	39	L
27	40	-1
27	41	L
27	42	L
27	43	L
27	44	L
27	45	L
27	46	-1
27	47	L
27	48	L
27	49	L
27	50	-1
27	51	L
27	52	L
27	53	L
27	54	L
27	55	U
27	56	L
27	57	U
27	58	L
27	59	L
27	60	-1
27	61	-1
27	62	-1
27	63	Lp
27	64	Lp
27	65	Lp
27	66	L
27	67	L
27	68	-1
27	69	L
27	70	L
27	71	L
27	72	L
27	73	L
27	74	L
27	75	L
27	76	L
27	77	-1
27	78	U
27	79	L
27	80	L
27	81	L
27	82	L
27	83	L
27	84	-1
27	85	U
27	86	L
27	87	L
27	88	-1
27	89	L
27	90	L
27	91	L
27	92	L
27	93	L
27	94	-1
27	95	L
27	96	Lp
27	97	L
27	98	Lp
27	99	Lp
27	100	L
27	101	-1
27	102	-1
27	103	Lp
27	104	Lp
27	105	U
27	106	U
27	107	U
27	108	U
27	109	-1
27	110	Lp
27	111	Lp
27	112	Lp
27	113	-1
27	114	Lp
27	115	L
27	116	L
27	117	L
27	118	Lp
27	119	Lp
28	0	Lp
28	1	Lp
28	2	Lp
28	3	Lp
28	4	-1
28	5	Lp
28	6	Lp
28	7	Lp
28	8	Lp
28	9	Lp
28	10	-1
28	11	Lp
28	12	U
28	13	U
28	14	U
28	15	Lp
28	16	Lp
28	17	Lp
28	18	Lp
28	19	Lp
28	20	Lp
28	21	Lp
28	22	Lp
28	23	Lp
28	24	Lp
28	25	Lp
28	26	Lp
28	27	Lp
28	28	Lp
28	29	Lp
28	30	Lp
28	31	-1
28	32	Lp
28	33	Lp
28	34	-1
28	35	-1
28	36	L
28	37	L
28	38	-1
28	39	L
28	40	L
28	41	L
28	42	L
28	43	-1
28	44	-1
28	45	-1
28	46	L
28	47	L
28	48	L
28	49	-1
28	50	L
28	51	L
28	52	L
28	53	L
28	54	U
28	55	-1
28	56	-1
28	57	U
28	58	-1
28	59	Lp
28	60	L
28	61	Lp
28	62	L
28	63	L
28	64	-1
28	65	-1
28	66	L
28	67	L
28	68	L
28	69	-1
28	70	L
28	71	-1
28	72	-1
28	73	L
28	74	L
28	75	L
28	76	L
28	77	L
28	78	-1
28	79	U
28	80	U
28	81	-1
28	82	L
28	83	L
28	84	L
28	85	-1
28	86	-1
28	87	U
28	88	-1
28	89	L
28	90	U
28	91	U
28	92	Lp
28	93	Lp
28	94	L
28	95	L
28	96	Lp
28	97	Lp
28	98	L
28	99	Lp
28	100	L
28	101	L
28	102	-1
28	103	-1
28	104	Lp
28	105	Lp
28	106	U
28	107	Lp
28	108	Lp
28	109	Lp
28	110	Lp
28	111	Lp
28	112	Lp
28	113	L
28	114	L
28	115	-1
28	116	L
28	117	U
28	118	-1
28	119	Lp
29	0	L
29	1	Lp
29	2	Lp
29	3	-1
29	4	Lp
29	5	-1
29	6	Lp
29	7	Lp
29	8	Lp
29	9	U
29	10	Lp
29	11	Lp
29	12	-1
29	13	Lp
29	14	-1
29	15	U
29	16	Lp
29	17	Lp
29	18	Lp
29	19	Lp
29	20	-1
29	21	Lp
29	22	Lp
29	23	Lp
29	24	Lp
29	25	-1
29	26	-1
29	27	Lp
29	28	-1
29	29	Lp
29	30	Lp
29	31	Lp
29	32	Lp
29	33	Lp
29	34	Lp
29	35	-1
29	36	L
29	37	-1
29	38	-1
29	39	L
29	40	L
29	41	L
29	42	L
29	43	L
29	44	L
29	45	-1
29	46	L
29	47	L
29	48	L
29	49	-1
29	50	L
29	51	-1
29	52	L
29	53	L
29	54	L
29	55	L
29	56	U
29	57	U
29	58	L
29	59	L
29	60	Lp
29	61	L
29	62	-1
29	63	L
29	64	L
29	65	L
29	66	L
29	67	Lp
29	68	L
29	69	L
29	70	L
29	71	-1
29	72	L
29	73	L
29	74	L
29	75	-1
29	76	L
29	77	L
29	78	U
29	79	U
29	80	U
29	81	U
29	82	L
29	83	L
29	84	L
29	85	L
29	86	U
29	87	U
29	88	U
29	89	L
29	90	L
29	91	-1
29	92	L
29	93	Lp
29	94	-1
29	95	L
29	96	L
29	97	Lp
29	98	-1
29	99	Lp
29	100	Lp
29	101	L
29	102	L
29	103	L
29	104	-1
29	105	Lp
29	106	Lp
29	107	-1
29	108	Lp
29	109	Lp
29	110	Lp
29	111	Lp
29	112	Lp
29	113	-1
29	114	Lp
29	115	L
29	116	Lp
29	117	Lp
29	118	-1
29	119	-1
30	0	L
30	1	L
30	2	Lp
30	3	-1
30	4	Lp
30	5	Lp
30	6	Lp
30	7	Lp
30	8	Lp
30	9	Lp
30	10	Lp
30	11	Lp
30	12	U
30	13	-1
30	14	Lp
30	15	-1
30	16	Lp
30	17	Lp
30	18	Lp
30	19	L
30	20	L
30	21	L
30	22	Lp
30	23	Lp
30	24	Lp
30	25	Lp
30	26	Lp
30	27	Lp
30	28	-1
30	29	Lp
30	30	Lp
30	31	Lp
30	32	Lp
30	33	-1
30	34	Lp
30	35	-1
30	36	L
30	37	L
30	38	L
30	39	L
30	40	-1
30	41	L
30	42	L
30	43	L
30	44	Lp
30	45	L
30	46	L
30	47	L
30	48	L
30	49	L
30	50	L
30	51	L
30	52	L
30	53	L
30	54	L
30	55	L
30	56	U
30	57	L
30	58	L
30	59	L
30	60	L
30	61	-1
30	62	-1
30	63	L
30	64	Lp
30	65	-1
30	66	Lp
30	67	L
30	68	L
30	69	L
30	70	L
30	71	L
30	72	L
30	73	L
30	74	L
30	75	L
30	76	L
30	77	-1
30	78	L
30	79	-1
30	80	U
30	81	-1
30	82	U
30	83	U
30	84	L
30	85	L
30	86	U
30	87	U
30	88	L
30	89	-1
30	90	U
30	91	L
30	92	-1
30	93	L
30	94	L
30	95	-1
30	96	Lp
30	97	Lp
30	98	Lp
30	99	Lp
30	100	Lp
30	101	Lp
30	102	L
30	103	L
30	104	Lp
30	105	-1
30	106	Lp
30	107	-1
30	108	Lp
30	109	Lp
30	110	Lp
30	111	Lp
30	112	Lp
30	113	-1
30	114	L
30	115	L
30	116	Lp
30	117	Lp
30	118	Lp
30	119	Lp
31	0	Lp
31	1	L
31	2	L
31	3	Lp
31	4	-1
31	5	Lp
31	6	Lp
31	7	Lp
31	8	Lp
31	9	Lp
31	10	Lp
31	11	Lp
31	12	Lp
31	13	Lp
31	14	Lp
31	15	Lp
31	16	Lp
31	17	Lp
31	18	L
31	19	Lp
31	20	L
31	21	L
31	22	L
31	23	-1
31	24	Lp
31	25	-1
31	26	Lp
31	27	Lp
31	28	Lp
31	29	Lp
31	30	-1
31	31	Lp
31	32	-1
31	33	Lp
31	34	Lp
31	35	-1
31	36	-1
31	37	-1
31	38	L
31	39	-1
31	40	-1
31	41	L
31	42	-1
31	43	-1
31	44	Lp
31	45	L
31	46	-1
31	47	L
31	48	L
31	49	L
31	50	L
31	51	L
31	52	L
31	53	L
31	54	-1
31	55	-1
31	56	L
31	57	L
31	58	L
31	59	L
31	60	L
31	61	L
31	62	Lp
31	63	-1
31	64	-1
31	65	-1
31	66	-1
31	67	-1
31	68	-1
31	69	L
31	70	L
31	71	L
31	72	L
31	73	-1
31	74	-1
31	75	L
31	76	L
31	77	L
31	78	L
31	79	-1
31	80	U
31	81	L
31	82	U
31	83	U
31	84	-1
31	85	U
31	86	L
31	87	-1
31	88	L
31	89	U
31	90	L
31	91	L
31	92	L
31	93	L
31	94	L
31	95	L
31	96	Lp
31	97	Lp
31	98	Lp
31	99	-1
31	100	Lp
31	101	Lp
31	102	Lp
31	103	Lp
31	104	-1
31	105	Lp
31	106	Lp
31	107	Lp
31	108	Lp
31	109	Lp
31	110	Lp
31	111	Lp
31	112	Lp
31	113	Lp
31	114	Lp
31	115	Lp
31	116	Lp
31	117	-1
31	118	-1
31	119	Lp
32	0	L
32	1	L
32	2	L
32	3	L
32	4	Lp
32	5	Lp
32	6	L
32	7	-1
32	8	Lp
32	9	Lp
32	10	Lp
32	11	Lp
32	12	Lp
32	13	Lp
32	14	Lp
32	15	Lp
32	16	Lp
32	17	-1
32	18	Lp
32	19	L
32	20	-1
32	21	Lp
32	22	L
32	23	L
32	24	Lp
32	25	Lp
32	26	-1
32	27	Lp
32	28	-1
32	29	-1
32	30	Lp
32	31	Lp
32	32	Lp
32	33	-1
32	34	-1
32	35	Lp
32	36	-1
32	37	Lp
32	38	L
32	39	-1
32	40	L
32	41	L
32	42	Lp
32	43	Lp
32	44	Lp
32	45	Lp
32	46	L
32	47	L
32	48	L
32	49	L
32	50	L
32	51	L
32	52	L
32	53	L
32	54	L
32	55	-1
32	56	L
32	57	L
32	58	L
32	59	L
32	60	L
32	61	L
32	62	Lp
32	63	Lp
32	64	-1
32	65	Lp
32	66	Lp
32	67	L
32	68	-1
32	69	-1
32	70	L
32	71	L
32	72	L
32	73	L
32	74	L
32	75	L
32	76	-1
32	77	L
32	78	L
32	79	L
32	80	-1
32	81	U
32	82	U
32	83	U
32	84	-1
32	85	L
32	86	-1
32	87	L
32	88	U
32	89	L
32	90	L
32	91	L
32	92	-1
32	93	Lp
32	94	-1
32	95	L
32	96	Lp
32	97	-1
32	98	Lp
32	99	Lp
32	100	Lp
32	101	Lp
32	102	Lp
32	103	-1
32	104	Lp
32	105	-1
32	106	Lp
32	107	Lp
32	108	Lp
32	109	Lp
32	110	Lp
32	111	Lp
32	112	Lp
32	113	Lp
32	114	L
32	115	Lp
32	116	-1
32	117	Lp
32	118	-1
32	119	L
33	0	Lp
33	1	-1
33	2	L
33	3	Lp
33	4	U
33	5	L
33	6	L
33	7	Lp
33	8	L
33	9	Lp
33	10	Lp
33	11	Lp
33	12	-1
33	13	Lp
33	14	Lp
33	15	Lp
33	16	-1
33	17	-1
33	18	-1
33	19	Lp
33	20	Lp
33	21	-1
33	22	Lp
33	23	-1
33	24	-1
33	25	Lp
33	26	-1
33	27	Lp
33	28	Lp
33	29	Lp
33	30	Lp
33	31	Lp
33	32	-1
33	33	Lp
33	34	U
33	35	-1
33	36	Lp
33	37	-1
33	38	-1
33	39	L
33	40	L
33	41	L
33	42	-1
33	43	Lp
33	44	L
33	45	L
33	46	Lp
33	47	L
33	48	L
33	49	-1
33	50	L
33	51	L
33	52	Lp
33	53	Lp
33	54	Lp
33	55	L
33	56	L
33	57	L
33	58	-1
33	59	L
33	60	-1
33	61	Lp
33	62	Lp
33	63	Lp
33	64	Lp
33	65	Lp
33	66	Lp
33	67	L
33	68	L
33	69	Lp
33	70	-1
33	71	L
33	72	L
33	73	L
33	74	L
33	75	L
33	76	L
33	77	L
33	78	L
33	79	L
33	80	L
33	81	-1
33	82	U
33	83	L
33	84	L
33	85	L
33	86	U
33	87	L
33	88	L
33	89	L
33	90	L
33	91	L
33	92	-1
33	93	L
33	94	Lp
33	95	Lp
33	96	Lp
33	97	U
33	98	-1
33	99	Lp
33	100	Lp
33	101	Lp
33	102	Lp
33	103	Lp
33	104	-1
33	105	Lp
33	106	-1
33	107	Lp
33	108	Lp
33	109	Lp
33	110	Lp
33	111	Lp
33	112	Lp
33	113	-1
33	114	Lp
33	115	-1
33	116	-1
33	117	-1
33	118	Lp
33	119	Lp
34	0	Lp
34	1	-1
34	2	Lp
34	3	Lp
34	4	-1
34	5	-1
34	6	L
34	7	-1
34	8	-1
34	9	Lp
34	10	Lp
34	11	-1
34	12	-1
34	13	-1
34	14	Lp
34	15	Lp
34	16	Lp
34	17	Lp
34	18	Lp
34	19	Lp
34	20	Lp
34	21	Lp
34	22	Lp
34	23	-1
34	24	-1
34	25	Lp
34	26	Lp
34	27	Lp
34	28	Lp
34	29	Lp
34	30	Lp
34	31	Lp
34	32	Lp
34	33	-1
34	34	Lp
34	35	U
34	36	-1
34	37	Lp
34	38	Lp
34	39	Lp
34	40	-1
34	41	-1
34	42	U
34	43	Lp
34	44	-1
34	45	L
34	46	-1
34	47	L
34	48	L
34	49	L
34	50	Lp
34	51	Lp
34	52	Lp
34	53	-1
34	54	Lp
34	55	L
34	56	-1
34	57	Lp
34	58	L
34	59	L
34	60	L
34	61	U
34	62	Lp
34	63	Lp
34	64	-1
34	65	Lp
34	66	Lp
34	67	Lp
34	68	Lp
34	69	Lp
34	70	Lp
34	71	Lp
34	72	Lp
34	73	L
34	74	U
34	75	L
34	76	-1
34	77	L
34	78	L
34	79	L
34	80	L
34	81	L
34	82	L
34	83	L
34	84	-1
34	85	Lp
34	86	L
34	87	-1
34	88	L
34	89	-1
34	90	L
34	91	-1
34	92	L
34	93	L
34	94	-1
34	95	Lp
34	96	-1
34	97	Lp
34	98	U
34	99	Lp
34	100	Lp
34	101	Lp
34	102	Lp
34	103	-1
34	104	Lp
34	105	-1
34	106	Lp
34	107	-1
34	108	Lp
34	109	Lp
34	110	-1
34	111	Lp
34	112	-1
34	113	Lp
34	114	L
34	115	L
34	116	-1
34	117	Lp
34	118	-1
34	119	Lp
35	0	Lp
35	1	Lp
35	2	Lp
35	3	-1
35	4	-1
35	5	Lp
35	6	L
35	7	-1
35	8	L
35	9	Lp
35	10	Lp
35	11	Lp
35	12	Lp
35	13	-1
35	14	Lp
35	15	Lp
35	16	Lp
35	17	-1
35	18	-1
35	19	Lp
35	20	Lp
35	21	-1
35	22	-1
35	23	-1
35	24	Lp
35	25	L
35	26	-1
35	27	Lp
35	28	Lp
35	29	Lp
35	30	Lp
35	31	Lp
35	32	Lp
35	33	Lp
35	34	Lp
35	35	U
35	36	U
35	37	Lp
35	38	Lp
35	39	-1
35	40	Lp
35	41	U
35	42	Lp
35	43	Lp
35	44	Lp
35	45	Lp
35	46	Lp
35	47	-1
35	48	L
35	49	Lp
35	50	-1
35	51	Lp
35	52	L
35	53	Lp
35	54	L
35	55	L
35	56	L
35	57	L
35	58	L
35	59	U
35	60	-1
35	61	U
35	62	-1
35	63	-1
35	64	Lp
35	65	-1
35	66	Lp
35	67	Lp
35	68	Lp
35	69	Lp
35	70	Lp
35	71	Lp
35	72	Lp
35	73	L
35	74	L
35	75	L
35	76	L
35	77	L
35	78	L
35	79	L
35	80	L
35	81	-1
35	82	L
35	83	-1
35	84	-1
35	85	Lp
35	86	-1
35	87	L
35	88	L
35	89	-1
35	90	L
35	91	Lp
35	92	-1
35	93	L
35	94	Lp
35	95	Lp
35	96	U
35	97	U
35	98	-1
35	99	-1
35	100	-1
35	101	Lp
35	102	Lp
35	103	Lp
35	104	Lp
35	105	Lp
35	106	Lp
35	107	Lp
35	108	-1
35	109	Lp
35	110	Lp
35	111	Lp
35	112	Lp
35	113	Lp
35	114	-1
35	115	L
35	116	-1
35	117	-1
35	118	-1
35	119	-1
36	0	L
36	1	L
36	2	L
36	3	Lp
36	4	Lp
36	5	L
36	6	L
36	7	-1
36	8	Lp
36	9	Lp
36	10	-1
36	11	Lp
36	12	Lp
36	13	-1
36	14	Lp
36	15	Lp
36	16	Lp
36	17	-1
36	18	Lp
36	19	Lp
36	20	Lp
36	21	-1
36	22	Lp
36	23	L
36	24	-1
36	25	Lp
36	26	Lp
36	27	Lp
36	28	-1
36	29	Lp
36	30	Lp
36	31	Lp
36	32	Lp
36	33	Lp
36	34	U
36	35	U
36	36	U
36	37	-1
36	38	-1
36	39	Lp
36	40	Lp
36	41	U
36	42	-1
36	43	Lp
36	44	-1
36	45	-1
36	46	L
36	47	Lp
36	48	Lp
36	49	Lp
36	50	L
36	51	Lp
36	52	Lp
36	53	-1
36	54	Lp
36	55	Lp
36	56	Lp
36	57	L
36	58	Lp
36	59	-1
36	60	L
36	61	Lp
36	62	Lp
36	63	-1
36	64	-1
36	65	Lp
36	66	Lp
36	67	Lp
36	68	Lp
36	69	Lp
36	70	Lp
36	71	Lp
36	72	Lp
36	73	Lp
36	74	L
36	75	L
36	76	L
36	77	L
36	78	-1
36	79	-1
36	80	L
36	81	L
36	82	-1
36	83	L
36	84	Lp
36	85	-1
36	86	L
36	87	L
36	88	L
36	89	L
36	90	L
36	91	L
36	92	Lp
36	93	L
36	94	-1
36	95	-1
36	96	Lp
36	97	Lp
36	98	U
36	99	Lp
36	100	-1
36	101	-1
36	102	-1
36	103	Lp
36	104	Lp
36	105	Lp
36	106	-1
36	107	-1
36	108	Lp
36	109	Lp
36	110	Lp
36	111	Lp
36	112	-1
36	113	L
36	114	Lp
36	115	Lp
36	116	L
36	117	-1
36	118	-1
36	119	-1
37	0	L
37	1	-1
37	2	L
37	3	Lp
37	4	Lp
37	5	L
37	6	Lp
37	7	Lp
37	8	-1
37	9	Lp
37	10	Lp
37	11	Lp
37	12	Lp
37	13	-1
37	14	Lp
37	15	Lp
37	16	Lp
37	17	-1
37	18	Lp
37	19	Lp
37	20	Lp
37	21	-1
37	22	-1
37	23	-1
37	24	Lp
37	25	Lp
37	26	-1
37	27	Lp
37	28	L
37	29	Lp
37	30	Lp
37	31	Lp
37	32	Lp
37	33	Lp
37	34	U
37	35	-1
37	36	Lp
37	37	U
37	38	-1
37	39	Lp
37	40	-1
37	41	-1
37	42	Lp
37	43	-1
37	44	Lp
37	45	L
37	46	-1
37	47	Lp
37	48	Lp
37	49	Lp
37	50	-1
37	51	Lp
37	52	Lp
37	53	Lp
37	54	Lp
37	55	Lp
37	56	Lp
37	57	Lp
37	58	-1
37	59	L
37	60	-1
37	61	Lp
37	62	Lp
37	63	Lp
37	64	Lp
37	65	Lp
37	66	-1
37	67	Lp
37	68	Lp
37	69	Lp
37	70	Lp
37	71	Lp
37	72	Lp
37	73	-1
37	74	-1
37	75	L
37	76	L
37	77	L
37	78	L
37	79	L
37	80	L
37	81	L
37	82	L
37	83	L
37	84	L
37	85	L
37	86	L
37	87	L
37	88	Lp
37	89	L
37	90	L
37	91	Lp
37	92	Lp
37	93	L
37	94	-1
37	95	-1
37	96	Lp
37	97	-1
37	98	Lp
37	99	-1
37	100	-1
37	101	-1
37	102	Lp
37	103	Lp
37	104	-1
37	105	Lp
37	106	Lp
37	107	Lp
37	108	Lp
37	109	Lp
37	110	Lp
37	111	Lp
37	112	Lp
37	113	-1
37	114	Lp
37	115	Lp
37	116	Lp
37	117	Lp
37	118	L
37	119	L
38	0	L
38	1	Lp
38	2	-1
38	3	Lp
38	4	Lp
38	5	L
38	6	Lp
38	7	Lp
38	8	Lp
38	9	Lp
38	10	-1
38	11	Lp
38	12	Lp
38	13	-1
38	14	Lp
38	15	-1
38	16	Lp
38	17	Lp
38	18	Lp
38	19	Lp
38	20	Lp
38	21	L
38	22	-1
38	23	L
38	24	Lp
38	25	Lp
38	26	L
38	27	-1
38	28	Lp
38	29	L
38	30	-1
38	31	Lp
38	32	Lp
38	33	Lp
38	34	Lp
38	35	Lp
38	36	U
38	37	Lp
38	38	Lp
38	39	Lp
38	40	-1
38	41	U
38	42	-1
38	43	Lp
38	44	L
38	45	L
38	46	Lp
38	47	Lp
38	48	L
38	49	L
38	50	L
38	51	L
38	52	Lp
38	53	-1
38	54	-1
38	55	Lp
38	56	-1
38	57	Lp
38	58	L
38	59	L
38	60	L
38	61	Lp
38	62	-1
38	63	Lp
38	64	Lp
38	65	Lp
38	66	-1
38	67	Lp
38	68	-1
38	69	Lp
38	70	Lp
38	71	Lp
38	72	Lp
38	73	Lp
38	74	Lp
38	75	L
38	76	-1
38	77	L
38	78	L
38	79	L
38	80	-1
38	81	L
38	82	-1
38	83	-1
38	84	Lp
38	85	L
38	86	L
38	87	Lp
38	88	L
38	89	L
38	90	L
38	91	Lp
38	92	L
38	93	Lp
38	94	-1
38	95	Lp
38	96	Lp
38	97	Lp
38	98	Lp
38	99	Lp
38	100	Lp
38	101	Lp
38	102	Lp
38	103	Lp
38	104	Lp
38	105	Lp
38	106	Lp
38	107	Lp
38	108	Lp
38	109	-1
38	110	-1
38	111	Lp
38	112	Lp
38	113	-1
38	114	Lp
38	115	-1
38	116	-1
38	117	L
38	118	Lp
38	119	L
39	0	Lp
39	1	Lp
39	2	Lp
39	3	Lp
39	4	Lp
39	5	Lp
39	6	Lp
39	7	Lp
39	8	Lp
39	9	-1
39	10	Lp
39	11	Lp
39	12	Lp
39	13	Lp
39	14	Lp
39	15	Lp
39	16	Lp
39	17	Lp
39	18	Lp
39	19	Lp
39	20	-1
39	21	-1
39	22	L
39	23	L
39	24	-1
39	25	Lp
39	26	L
39	27	-1
39	28	-1
39	29	L
39	30	-1
39	31	Lp
39	32	Lp
39	33	Lp
39	34	-1
39	35	Lp
39	36	Lp
39	37	Lp
39	38	-1
39	39	Lp
39	40	Lp
39	41	Lp
39	42	Lp
39	43	L
39	44	-1
39	45	-1
39	46	Lp
39	47	L
39	48	L
39	49	L
39	50	L
39	51	L
39	52	L
39	53	Lp
39	54	-1
39	55	Lp
39	56	Lp
39	57	Lp
39	58	Lp
39	59	L
39	60	L
39	61	Lp
39	62	-1
39	63	Lp
39	64	Lp
39	65	Lp
39	66	Lp
39	67	Lp
39	68	Lp
39	69	Lp
39	70	Lp
39	71	Lp
39	72	Lp
39	73	-1
39	74	L
39	75	-1
39	76	L
39	77	L
39	78	L
39	79	Lp
39	80	L
39	81	L
39	82	L
39	83	-1
39	84	L
39	85	Lp
39	86	Lp
39	87	Lp
39	88	Lp
39	89	-1
39	90	L
39	91	U
39	92	-1
39	93	-1
39	94	Lp
39	95	Lp
39	96	Lp
39	97	Lp
39	98	Lp
39	99	-1
39	100	Lp
39	101	-1
39	102	Lp
39	103	Lp
39	104	Lp
39	105	Lp
39	106	-1
39	107	Lp
39	108	-1
39	109	Lp
39	110	Lp
39	111	Lp
39	112	-1
39	113	-1
39	114	Lp
39	115	Lp
39	116	-1
39	117	Lp
39	118	L
39	119	Lp
40	0	Lp
40	1	Lp
40	2	Lp
40	3	Lp
40	4	Lp
40	5	Lp
40	6	Lp
40	7	Lp
40	8	Lp
40	9	-1
40	10	Lp
40	11	-1
40	12	-1
40	13	Lp
40	14	-1
40	15	Lp
40	16	Lp
40	17	-1
40	18	Lp
40	19	Lp
40	20	Lp
40	21	Lp
40	22	Lp
40	23	-1
40	24	Lp
40	25	Lp
40	26	Lp
40	27	Lp
40	28	-1
40	29	-1
40	30	Lp
40	31	-1
40	32	Lp
40	33	Lp
40	34	Lp
40	35	Lp
40	36	Lp
40	37	Lp
40	38	Lp
40	39	-1
40	40	Lp
40	41	Lp
40	42	Lp
40	43	Lp
40	44	Lp
40	45	-1
40	46	Lp
40	47	-1
40	48	-1
40	49	-1
40	50	-1
40	51	L
40	52	L
40	53	L
40	54	Lp
40	55	Lp
40	56	Lp
40	57	-1
40	58	-1
40	59	Lp
40	60	-1
40	61	Lp
40	62	Lp
40	63	Lp
40	64	Lp
40	65	Lp
40	66	-1
40	67	Lp
40	68	Lp
40	69	Lp
40	70	Lp
40	71	L
40	72	Lp
40	73	L
40	74	L
40	75	L
40	76	L
40	77	L
40	78	Lp
40	79	-1
40	80	-1
40	81	L
40	82	L
40	83	L
40	84	L
40	85	Lp
40	86	Lp
40	87	Lp
40	88	Lp
40	89	Lp
40	90	Lp
40	91	-1
40	92	U
40	93	-1
40	94	-1
40	95	-1
40	96	Lp
40	97	-1
40	98	Lp
40	99	Lp
40	100	Lp
40	101	Lp
40	102	-1
40	103	Lp
40	104	Lp
40	105	Lp
40	106	-1
40	107	Lp
40	108	Lp
40	109	Lp
40	110	Lp
40	111	Lp
40	112	Lp
40	113	-1
40	114	-1
40	115	-1
40	116	Lp
40	117	Lp
40	118	Lp
40	119	Lp
41	0	Lp
41	1	Lp
41	2	-1
41	3	Lp
41	4	Lp
41	5	Lp
41	6	Lp
41	7	Lp
41	8	Lp
41	9	Lp
41	10	Lp
41	11	Lp
41	12	Lp
41	13	Lp
41	14	-1
41	15	Lp
41	16	Lp
41	17	Lp
41	18	Lp
41	19	Lp
41	20	Lp
41	21	Lp
41	22	Lp
41	23	Lp
41	24	-1
41	25	-1
41	26	Lp
41	27	Lp
41	28	L
41	29	Lp
41	30	Lp
41	31	Lp
41	32	-1
41	33	Lp
41	34	-1
41	35	Lp
41	36	Lp
41	37	Lp
41	38	Lp
41	39	Lp
41	40	Lp
41	41	-1
41	42	Lp
41	43	Lp
41	44	Lp
41	45	Lp
41	46	Lp
41	47	L
41	48	L
41	49	L
41	50	Lp
41	51	Lp
41	52	Lp
41	53	Lp
41	54	Lp
41	55	Lp
41	56	Lp
41	57	Lp
41	58	Lp
41	59	Lp
41	60	-1
41	61	-1
41	62	-1
41	63	Lp
41	64	-1
41	65	Lp
41	66	Lp
41	67	Lp
41	68	Lp
41	69	Lp
41	70	Lp
41	71	Lp
41	72	Lp
41	73	-1
41	74	L
41	75	L
41	76	Lp
41	77	L
41	78	-1
41	79	L
41	80	L
41	81	L
41	82	L
41	83	L
41	84	Lp
41	85	-1
41	86	L
41	87	Lp
41	88	U
41	89	-1
41	90	L
41	91	U
41	92	-1
41	93	Lp
41	94	Lp
41	95	-1
41	96	Lp
41	97	Lp
41	98	-1
41	99	-1
41	100	Lp
41	101	Lp
41	102	-1
41	103	-1
41	104	Lp
41	105	-1
41	106	Lp
41	107	Lp
41	108	Lp
41	109	Lp
41	110	Lp
41	111	Lp
41	112	Lp
41	113	Lp
41	114	-1
41	115	-1
41	116	Lp
41	117	Lp
41	118	Lp
41	119	Lp
42	0	-1
42	1	Lp
42	2	Lp
42	3	Lp
42	4	-1
42	5	Lp
42	6	Lp
42	7	Lp
42	8	Lp
42	9	-1
42	10	-1
42	11	Lp
42	12	-1
42	13	-1
42	14	Lp
42	15	-1
42	16	Lp
42	17	-1
42	18	Lp
42	19	-1
42	20	-1
42	21	Lp
42	22	Lp
42	23	Lp
42	24	Lp
42	25	-1
42	26	Lp
42	27	Lp
42	28	Lp
42	29	Lp
42	30	Lp
42	31	Lp
42	32	Lp
42	33	Lp
42	34	Lp
42	35	-1
42	36	Lp
42	37	Lp
42	38	Lp
42	39	Lp
42	40	Lp
42	41	Lp
42	42	-1
42	43	-1
42	44	-1
42	45	Lp
42	46	L
42	47	Lp
42	48	-1
42	49	Lp
42	50	Lp
42	51	-1
42	52	-1
42	53	-1
42	54	Lp
42	55	Lp
42	56	-1
42	57	Lp
42	58	Lp
42	59	Lp
42	60	Lp
42	61	Lp
42	62	Lp
42	63	Lp
42	64	Lp
42	65	Lp
42	66	Lp
42	67	Lp
42	68	-1
42	69	Lp
42	70	L
42	71	Lp
42	72	Lp
42	73	-1
42	74	Lp
42	75	Lp
42	76	L
42	77	L
42	78	L
42	79	L
42	80	-1
42	81	-1
42	82	-1
42	83	L
42	84	L
42	85	L
42	86	Lp
42	87	Lp
42	88	U
42	89	U
42	90	U
42	91	U
42	92	L
42	93	Lp
42	94	Lp
42	95	Lp
42	96	Lp
42	97	-1
42	98	Lp
42	99	Lp
42	100	Lp
42	101	Lp
42	102	Lp
42	103	Lp
42	104	-1
42	105	Lp
42	106	-1
42	107	Lp
42	108	-1
42	109	-1
42	110	Lp
42	111	Lp
42	112	Lp
42	113	Lp
42	114	Lp
42	115	Lp
42	116	-1
42	117	Lp
42	118	-1
42	119	-1
43	0	Lp
43	1	Lp
43	2	Lp
43	3	Lp
43	4	Lp
43	5	-1
43	6	Lp
43	7	Lp
43	8	Lp
43	9	Lp
43	10	Lp
43	11	Lp
43	12	-1
43	13	Lp
43	14	Lp
43	15	Lp
43	16	Lp
43	17	Lp
43	18	Lp
43	19	Lp
43	20	-1
43	21	Lp
43	22	Lp
43	23	-1
43	24	L
43	25	Lp
43	26	Lp
43	27	Lp
43	28	-1
43	29	-1
43	30	Lp
43	31	-1
43	32	Lp
43	33	Lp
43	34	Lp
43	35	Lp
43	36	Lp
43	37	Lp
43	38	-1
43	39	Lp
43	40	Lp
43	41	Lp
43	42	Lp
43	43	Lp
43	44	Lp
43	45	Lp
43	46	-1
43	47	L
43	48	Lp
43	49	Lp
43	50	-1
43	51	-1
43	52	-1
43	53	-1
43	54	Lp
43	55	Lp
43	56	Lp
43	57	Lp
43	58	Lp
43	59	Lp
43	60	Lp
43	61	-1
43	62	-1
43	63	Lp
43	64	Lp
43	65	Lp
43	66	Lp
43	67	Lp
43	68	Lp
43	69	-1
43	70	Lp
43	71	Lp
43	72	Lp
43	73	L
43	74	U
43	75	Lp
43	76	-1
43	77	-1
43	78	L
43	79	L
43	80	-1
43	81	L
43	82	-1
43	83	L
43	84	Lp
43	85	Lp
43	86	-1
43	87	Lp
43	88	U
43	89	U
43	90	U
43	91	U
43	92	U
43	93	Lp
43	94	-1
43	95	Lp
43	96	Lp
43	97	Lp
43	98	Lp
43	99	Lp
43	100	Lp
43	101	Lp
43	102	Lp
43	103	Lp
43	104	-1
43	105	Lp
43	106	Lp
43	107	Lp
43	108	Lp
43	109	-1
43	110	-1
43	111	Lp
43	112	Lp
43	113	Lp
43	114	Lp
43	115	Lp
43	116	Lp
43	117	Lp
43	118	-1
43	119	Lp
44	0	-1
44	1	Lp
44	2	Lp
44	3	Lp
44	4	-1
44	5	-1
44	6	Lp
44	7	-1
44	8	Lp
44	9	-1
44	10	Lp
44	11	Lp
44	12	Lp
44	13	-1
44	14	Lp
44	15	-1
44	16	Lp
44	17	Lp
44	18	Lp
44	19	Lp
44	20	Lp
44	21	Lp
44	22	Lp
44	23	Lp
44	24	Lp
44	25	-1
44	26	Lp
44	27	Lp
44	28	Lp
44	29	Lp
44	30	Lp
44	31	-1
44	32	-1
44	33	Lp
44	34	Lp
44	35	Lp
44	36	Lp
44	37	Lp
44	38	Lp
44	39	-1
44	40	Lp
44	41	Lp
44	42	-1
44	43	Lp
44	44	Lp
44	45	Lp
44	46	Lp
44	47	Lp
44	48	Lp
44	49	L
44	50	Lp
44	51	L
44	52	Lp
44	53	-1
44	54	-1
44	55	-1
44	56	-1
44	57	Lp
44	58	Lp
44	59	Lp
44	60	Lp
44	61	-1
44	62	Lp
44	63	Lp
44	64	Lp
44	65	Lp
44	66	Lp
44	67	Lp
44	68	-1
44	69	Lp
44	70	Lp
44	71	Lp
44	72	L
44	73	L
44	74	Lp
44	75	L
44	76	L
44	77	L
44	78	L
44	79	L
44	80	L
44	81	L
44	82	L
44	83	L
44	84	Lp
44	85	Lp
44	86	Lp
44	87	U
44	88	U
44	89	U
44	90	Lp
44	91	Lp
44	92	Lp
44	93	Lp
44	94	Lp
44	95	Lp
44	96	Lp
44	97	Lp
44	98	Lp
44	99	Lp
44	100	Lp
44	101	-1
44	102	Lp
44	103	Lp
44	104	Lp
44	105	Lp
44	106	Lp
44	107	Lp
44	108	-1
44	109	Lp
44	110	-1
44	111	Lp
44	112	-1
44	113	-1
44	114	-1
44	115	-1
44	116	Lp
44	117	Lp
44	118	-1
44	119	-1
45	0	Lp
45	1	-1
45	2	-1
45	3	Lp
45	4	-1
45	5	Lp
45	6	Lp
45	7	Lp
45	8	-1
45	9	Lp
45	10	-1
45	11	Lp
45	12	Lp
45	13	-1
45	14	-1
45	15	-1
45	16	U
45	17	Lp
45	18	Lp
45	19	-1
45	20	Lp
45	21	Lp
45	22	Lp
45	23	Lp
45	24	Lp
45	25	Lp
45	26	Lp
45	27	Lp
45	28	Lp
45	29	Lp
45	30	Lp
45	31	Lp
45	32	Lp
45	33	Lp
45	34	-1
45	35	-1
45	36	Lp
45	37	Lp
45	38	Lp
45	39	-1
45	40	-1
45	41	-1
45	42	Lp
45	43	Lp
45	44	Lp
45	45	-1
45	46	-1
45	47	-1
45	48	Lp
45	49	Lp
45	50	L
45	51	Lp
45	52	Lp
45	53	Lp
45	54	-1
45	55	-1
45	56	-1
45	57	Lp
45	58	Lp
45	59	Lp
45	60	Lp
45	61	Lp
45	62	Lp
45	63	Lp
45	64	-1
45	65	-1
45	66	Lp
45	67	Lp
45	68	-1
45	69	Lp
45	70	Lp
45	71	Lp
45	72	Lp
45	73	Lp
45	74	Lp
45	75	L
45	76	L
45	77	L
45	78	-1
45	79	L
45	80	-1
45	81	L
45	82	L
45	83	L
45	84	L
45	85	L
45	86	L
45	87	U
45	88	-1
45	89	Lp
45	90	Lp
45	91	Lp
45	92	Lp
45	93	Lp
45	94	Lp
45	95	Lp
45	96	Lp
45	97	-1
45	98	Lp
45	99	Lp
45	100	-1
45	101	Lp
45	102	Lp
45	103	-1
45	104	Lp
45	105	-1
45	106	Lp
45	107	Lp
45	108	Lp
45	109	Lp
45	110	-1
45	111	Lp
45	112	Lp
45	113	Lp
45	114	Lp
45	115	Lp
45	116	-1
45	117	-1
45	118	Lp
45	119	Lp
46	0	Lp
46	1	Lp
46	2	Lp
46	3	Lp
46	4	Lp
46	5	Lp
46	6	-1
46	7	Lp
46	8	Lp
46	9	Lp
46	10	Lp
46	11	Lp
46	12	Lp
46	13	Lp
46	14	U
46	15	U
46	16	-1
46	17	-1
46	18	-1
46	19	-1
46	20	Lp
46	21	-1
46	22	Lp
46	23	Lp
46	24	Lp
46	25	Lp
46	26	Lp
46	27	-1
46	28	Lp
46	29	-1
46	30	Lp
46	31	-1
46	32	Lp
46	33	-1
46	34	-1
46	35	U
46	36	U
46	37	-1
46	38	Lp
46	39	Lp
46	40	Lp
46	41	Lp
46	42	Lp
46	43	Lp
46	44	Lp
46	45	Lp
46	46	Lp
46	47	L
46	48	-1
46	49	-1
46	50	Lp
46	51	Lp
46	52	Lp
46	53	-1
46	54	-1
46	55	Lp
46	56	Lp
46	57	-1
46	58	Lp
46	59	Lp
46	60	-1
46	61	Lp
46	62	Lp
46	63	Lp
46	64	-1
46	65	Lp
46	66	Lp
46	67	L
46	68	Lp
46	69	Lp
46	70	-1
46	71	Lp
46	72	-1
46	73	Lp
46	74	Lp
46	75	Lp
46	76	-1
46	77	L
46	78	-1
46	79	L
46	80	L
46	81	L
46	82	U
46	83	U
46	84	L
46	85	-1
46	86	-1
46	87	L
46	88	Lp
46	89	-1
46	90	Lp
46	91	Lp
46	92	-1
46	93	Lp
46	94	Lp
46	95	Lp
46	96	Lp
46	97	Lp
46	98	-1
46	99	-1
46	100	Lp
46	101	Lp
46	102	-1
46	103	-1
46	104	Lp
46	105	-1
46	106	Lp
46	107	Lp
46	108	Lp
46	109	Lp
46	110	Lp
46	111	Lp
46	112	Lp
46	113	-1
46	114	Lp
46	115	Lp
46	116	Lp
46	117	Lp
46	118	Lp
46	119	Lp
47	0	-1
47	1	Lp
47	2	Lp
47	3	Lp
47	4	Lp
47	5	Lp
47	6	Lp
47	7	Lp
47	8	Lp
47	9	Lp
47	10	-1
47	11	Lp
47	12	Lp
47	13	-1
47	14	Lp
47	15	Lp
47	16	Lp
47	17	-1
47	18	-1
47	19	-1
47	20	Lp
47	21	Lp
47	22	Lp
47	23	U
47	24	Lp
47	25	-1
47	26	Lp
47	27	Lp
47	28	Lp
47	29	-1
47	30	Lp
47	31	Lp
47	32	Lp
47	33	Lp
47	34	Lp
47	35	U
47	36	-1
47	37	-1
47	38	Lp
47	39	Lp
47	40	Lp
47	41	Lp
47	42	Lp
47	43	Lp
47	44	Lp
47	45	Lp
47	46	-1
47	47	-1
47	48	Lp
47	49	-1
47	50	Lp
47	51	-1
47	52	U
47	53	U
47	54	U
47	55	-1
47	56	Lp
47	57	Lp
47	58	Lp
47	59	Lp
47	60	Lp
47	61	Lp
47	62	Lp
47	63	Lp
47	64	L
47	65	Lp
47	66	L
47	67	Lp
47	68	Lp
47	69	L
47	70	-1
47	71	-1
47	72	-1
47	73	-1
47	74	L
47	75	L
47	76	L
47	77	L
47	78	L
47	79	L
47	80	Lp
47	81	U
47	82	-1
47	83	-1
47	84	Lp
47	85	Lp
47	86	L
47	87	L
47	88	L
47	89	L
47	90	Lp
47	91	-1
47	92	Lp
47	93	-1
47	94	Lp
47	95	Lp
47	96	Lp
47	97	Lp
47	98	-1
47	99	-1
47	100	Lp
47	101	Lp
47	102	-1
47	103	-1
47	104	Lp
47	105	Lp
47	106	-1
47	107	-1
47	108	Lp
47	109	Lp
47	110	U
47	111	-1
47	112	Lp
47	113	Lp
47	114	Lp
47	115	Lp
47	116	Lp
47	117	Lp
47	118	Lp
47	119	Lp
48	0	Lp
48	1	Lp
48	2	Lp
48	3	Lp
48	4	Lp
48	5	Lp
48	6	Lp
48	7	Lp
48	8	Lp
48	9	Lp
48	10	Lp
48	11	Lp
48	12	Lp
48	13	Lp
48	14	Lp
48	15	Lp
48	16	Lp
48	17	Lp
48	18	Lp
48	19	-1
48	20	-1
48	21	Lp
48	22	Lp
48	23	U
48	24	Lp
48	25	Lp
48	26	-1
48	27	Lp
48	28	Lp
48	29	-1
48	30	Lp
48	31	Lp
48	32	Lp
48	33	Lp
48	34	Lp
48	35	-1
48	36	Lp
48	37	Lp
48	38	-1
48	39	Lp
48	40	L
48	41	L
48	42	Lp
48	43	Lp
48	44	L
48	45	Lp
48	46	Lp
48	47	Lp
48	48	-1
48	49	Lp
48	50	Lp
48	51	Lp
48	52	-1
48	53	U
48	54	U
48	55	U
48	56	Lp
48	57	-1
48	58	Lp
48	59	Lp
48	60	Lp
48	61	L
48	62	Lp
48	63	Lp
48	64	L
48	65	Lp
48	66	Lp
48	67	Lp
48	68	L
48	69	L
48	70	-1
48	71	-1
48	72	L
48	73	L
48	74	L
48	75	L
48	76	-1
48	77	Lp
48	78	Lp
48	79	Lp
48	80	L
48	81	L
48	82	Lp
48	83	Lp
48	84	Lp
48	85	Lp
48	86	Lp
48	87	L
48	88	L
48	89	L
48	90	Lp
48	91	Lp
48	92	Lp
48	93	Lp
48	94	L
48	95	-1
48	96	-1
48	97	Lp
48	98	Lp
48	99	Lp
48	100	Lp
48	101	Lp
48	102	Lp
48	103	-1
48	104	Lp
48	105	Lp
48	106	Lp
48	107	Lp
48	108	U
48	109	U
48	110	Lp
48	111	-1
48	112	Lp
48	113	Lp
48	114	Lp
48	115	Lp
48	116	Lp
48	117	-1
48	118	Lp
48	119	Lp
49	0	L
49	1	Lp
49	2	Lp
49	3	Lp
49	4	Lp
49	5	Lp
49	6	Lp
49	7	Lp
49	8	Lp
49	9	Lp
49	10	Lp
49	11	-1
49	12	Lp
49	13	-1
49	14	-1
49	15	-1
49	16	-1
49	17	Lp
49	18	-1
49	19	-1
49	20	Lp
49	21	-1
49	22	Lp
49	23	-1
49	24	-1
49	25	Lp
49	26	-1
49	27	Lp
49	28	U
49	29	U
49	30	Lp
49	31	Lp
49	32	U
49	33	Lp
49	34	Lp
49	35	Lp
49	36	Lp
49	37	-1
49	38	Lp
49	39	-1
49	40	Lp
49	41	L
49	42	Lp
49	43	L
49	44	Lp
49	45	Lp
49	46	Lp
49	47	Lp
49	48	Lp
49	49	Lp
49	50	L
49	51	Lp
49	52	U
49	53	-1
49	54	Lp
49	55	Lp
49	56	Lp
49	57	Lp
49	58	Lp
49	59	Lp
49	60	Lp
49	61	L
49	62	L
49	63	L
49	64	-1
49	65	Lp
49	66	-1
49	67	-1
49	68	L
49	69	L
49	70	-1
49	71	L
49	72	L
49	73	-1
49	74	L
49	75	L
49	76	Lp
49	77	Lp
49	78	Lp
49	79	Lp
49	80	Lp
49	81	Lp
49	82	Lp
49	83	L
49	84	Lp
49	85	-1
49	86	L
49	87	-1
49	88	-1
49	89	L
49	90	Lp
49	91	Lp
49	92	Lp
49	93	L
49	94	-1
49	95	Lp
49	96	-1
49	97	Lp
49	98	U
49	99	Lp
49	100	Lp
49	101	Lp
49	102	Lp
49	103	Lp
49	104	-1
49	105	Lp
49	106	-1
49	107	Lp
49	108	U
49	109	-1
49	110	-1
49	111	Lp
49	112	Lp
49	113	Lp
49	114	Lp
49	115	Lp
49	116	Lp
49	117	Lp
49	118	Lp
49	119	L
50	0	Lp
50	1	Lp
50	2	Lp
50	3	Lp
50	4	Lp
50	5	Lp
50	6	-1
50	7	Lp
50	8	Lp
50	9	Lp
50	10	-1
50	11	-1
50	12	Lp
50	13	Lp
50	14	-1
50	15	Lp
50	16	-1
50	17	-1
50	18	-1
50	19	Lp
50	20	Lp
50	21	Lp
50	22	-1
50	23	Lp
50	24	-1
50	25	Lp
50	26	-1
50	27	Lp
50	28	U
50	29	Lp
50	30	Lp
50	31	Lp
50	32	Lp
50	33	Lp
50	34	Lp
50	35	Lp
50	36	Lp
50	37	L
50	38	L
50	39	L
50	40	-1
50	41	Lp
50	42	L
50	43	Lp
50	44	L
50	45	Lp
50	46	-1
50	47	Lp
50	48	-1
50	49	L
50	50	Lp
50	51	Lp
50	52	L
50	53	U
50	54	Lp
50	55	Lp
50	56	Lp
50	57	Lp
50	58	L
50	59	-1
50	60	L
50	61	L
50	62	L
50	63	L
50	64	L
50	65	Lp
50	66	-1
50	67	L
50	68	-1
50	69	L
50	70	-1
50	71	L
50	72	-1
50	73	Lp
50	74	L
50	75	-1
50	76	Lp
50	77	-1
50	78	L
50	79	L
50	80	L
50	81	Lp
50	82	Lp
50	83	Lp
50	84	L
50	85	-1
50	86	Lp
50	87	Lp
50	88	-1
50	89	-1
50	90	-1
50	91	Lp
50	92	Lp
50	93	-1
50	94	Lp
50	95	-1
50	96	Lp
50	97	Lp
50	98	Lp
50	99	Lp
50	100	U
50	101	Lp
50	102	Lp
50	103	Lp
50	104	Lp
50	105	Lp
50	106	Lp
50	107	Lp
50	108	Lp
50	109	Lp
50	110	-1
50	111	Lp
50	112	Lp
50	113	Lp
50	114	Lp
50	115	-1
50	116	Lp
50	117	Lp
50	118	Lp
50	119	L
51	0	L
51	1	Lp
51	2	-1
51	3	-1
51	4	-1
51	5	Lp
51	6	Lp
51	7	Lp
51	8	-1
51	9	Lp
51	10	-1
51	11	Lp
51	12	Lp
51	13	-1
51	14	Lp
51	15	-1
51	16	Lp
51	17	Lp
51	18	Lp
51	19	-1
51	20	Lp
51	21	Lp
51	22	-1
51	23	Lp
51	24	Lp
51	25	Lp
51	26	Lp
51	27	Lp
51	28	Lp
51	29	U
51	30	Lp
51	31	Lp
51	32	Lp
51	33	Lp
51	34	Lp
51	35	-1
51	36	L
51	37	L
51	38	-1
51	39	-1
51	40	Lp
51	41	-1
51	42	L
51	43	Lp
51	44	Lp
51	45	-1
51	46	Lp
51	47	Lp
51	48	Lp
51	49	Lp
51	50	-1
51	51	Lp
51	52	Lp
51	53	L
51	54	Lp
51	55	-1
51	56	Lp
51	57	Lp
51	58	L
51	59	L
51	60	L
51	61	Lp
51	62	Lp
51	63	L
51	64	L
51	65	-1
51	66	L
51	67	L
51	68	L
51	69	L
51	70	L
51	71	L
51	72	L
51	73	L
51	74	-1
51	75	L
51	76	Lp
51	77	L
51	78	Lp
51	79	L
51	80	L
51	81	Lp
51	82	Lp
51	83	Lp
51	84	Lp
51	85	L
51	86	Lp
51	87	Lp
51	88	Lp
51	89	Lp
51	90	Lp
51	91	-1
51	92	Lp
51	93	Lp
51	94	L
51	95	Lp
51	96	Lp
51	97	-1
51	98	-1
51	99	U
51	100	U
51	101	-1
51	102	Lp
51	103	Lp
51	104	Lp
51	105	-1
51	106	Lp
51	107	Lp
51	108	-1
51	109	Lp
51	110	Lp
51	111	Lp
51	112	U
51	113	Lp
51	114	-1
51	115	-1
51	116	Lp
51	117	Lp
51	118	-1
51	119	Lp
52	0	Lp
52	1	Lp
52	2	Lp
52	3	-1
52	4	-1
52	5	Lp
52	6	-1
52	7	Lp
52	8	Lp
52	9	Lp
52	10	Lp
52	11	Lp
52	12	-1
52	13	-1
52	14	-1
52	15	-1
52	16	-1
52	17	Lp
52	18	-1
52	19	-1
52	20	Lp
52	21	Lp
52	22	-1
52	23	Lp
52	24	Lp
52	25	Lp
52	26	Lp
52	27	-1
52	28	Lp
52	29	Lp
52	30	Lp
52	31	Lp
52	32	Lp
52	33	-1
52	34	-1
52	35	-1
52	36	-1
52	37	L
52	38	Lp
52	39	L
52	40	-1
52	41	-1
52	42	Lp
52	43	Lp
52	44	Lp
52	45	Lp
52	46	-1
52	47	Lp
52	48	L
52	49	-1
52	50	Lp
52	51	-1
52	52	-1
52	53	Lp
52	54	L
52	55	L
52	56	L
52	57	-1
52	58	L
52	59	L
52	60	-1
52	61	L
52	62	Lp
52	63	Lp
52	64	Lp
52	65	Lp
52	66	L
52	67	L
52	68	L
52	69	L
52	70	L
52	71	L
52	72	L
52	73	L
52	74	L
52	75	L
52	76	-1
52	77	Lp
52	78	Lp
52	79	Lp
52	80	L
52	81	L
52	82	L
52	83	Lp
52	84	Lp
52	85	L
52	86	L
52	87	-1
52	88	Lp
52	89	Lp
52	90	Lp
52	91	-1
52	92	-1
52	93	L
52	94	Lp
52	95	L
52	96	Lp
52	97	-1
52	98	Lp
52	99	-1
52	100	-1
52	101	U
52	102	Lp
52	103	Lp
52	104	Lp
52	105	Lp
52	106	-1
52	107	Lp
52	108	Lp
52	109	-1
52	110	Lp
52	111	Lp
52	112	-1
52	113	Lp
52	114	Lp
52	115	Lp
52	116	-1
52	117	Lp
52	118	Lp
52	119	-1
53	0	Lp
53	1	Lp
53	2	-1
53	3	Lp
53	4	Lp
53	5	Lp
53	6	Lp
53	7	-1
53	8	Lp
53	9	Lp
53	10	-1
53	11	Lp
53	12	Lp
53	13	Lp
53	14	Lp
53	15	-1
53	16	-1
53	17	Lp
53	18	-1
53	19	-1
53	20	Lp
53	21	-1
53	22	Lp
53	23	Lp
53	24	Lp
53	25	Lp
53	26	Lp
53	27	Lp
53	28	Lp
53	29	Lp
53	30	Lp
53	31	Lp
53	32	Lp
53	33	Lp
53	34	Lp
53	35	Lp
53	36	Lp
53	37	Lp
53	38	Lp
53	39	Lp
53	40	L
53	41	-1
53	42	Lp
53	43	L
53	44	Lp
53	45	-1
53	46	-1
53	47	-1
53	48	-1
53	49	Lp
53	50	Lp
53	51	-1
53	52	Lp
53	53	L
53	54	L
53	55	-1
53	56	Lp
53	57	L
53	58	Lp
53	59	L
53	60	-1
53	61	L
53	62	L
53	63	L
53	64	Lp
53	65	Lp
53	66	L
53	67	-1
53	68	-1
53	69	L
53	70	L
53	71	L
53	72	L
53	73	L
53	74	L
53	75	L
53	76	L
53	77	Lp
53	78	Lp
53	79	L
53	80	-1
53	81	L
53	82	Lp
53	83	-1
53	84	L
53	85	Lp
53	86	L
53	87	L
53	88	-1
53	89	-1
53	90	Lp
53	91	Lp
53	92	-1
53	93	Lp
53	94	Lp
53	95	Lp
53	96	Lp
53	97	Lp
53	98	Lp
53	99	U
53	100	-1
53	101	Lp
53	102	Lp
53	103	Lp
53	104	-1
53	105	Lp
53	106	-1
53	107	-1
53	108	Lp
53	109	Lp
53	110	Lp
53	111	Lp
53	112	Lp
53	113	Lp
53	114	U
53	115	Lp
53	116	Lp
53	117	Lp
53	118	Lp
53	119	-1
54	0	-1
54	1	-1
54	2	-1
54	3	Lp
54	4	Lp
54	5	Lp
54	6	Lp
54	7	-1
54	8	Lp
54	9	Lp
54	10	Lp
54	11	Lp
54	12	-1
54	13	-1
54	14	-1
54	15	-1
54	16	Lp
54	17	Lp
54	18	Lp
54	19	Lp
54	20	Lp
54	21	Lp
54	22	Lp
54	23	Lp
54	24	Lp
54	25	Lp
54	26	-1
54	27	Lp
54	28	Lp
54	29	-1
54	30	Lp
54	31	Lp
54	32	Lp
54	33	Lp
54	34	-1
54	35	Lp
54	36	Lp
54	37	Lp
54	38	Lp
54	39	L
54	40	L
54	41	L
54	42	L
54	43	-1
54	44	-1
54	45	L
54	46	L
54	47	-1
54	48	Lp
54	49	-1
54	50	Lp
54	51	Lp
54	52	L
54	53	Lp
54	54	Lp
54	55	Lp
54	56	Lp
54	57	Lp
54	58	Lp
54	59	L
54	60	Lp
54	61	L
54	62	L
54	63	L
54	64	L
54	65	L
54	66	L
54	67	-1
54	68	L
54	69	L
54	70	L
54	71	-1
54	72	-1
54	73	L
54	74	-1
54	75	L
54	76	L
54	77	L
54	78	-1
54	79	L
54	80	L
54	81	L
54	82	L
54	83	L
54	84	L
54	85	L
54	86	L
54	87	L
54	88	L
54	89	Lp
54	90	Lp
54	91	Lp
54	92	Lp
54	93	Lp
54	94	Lp
54	95	Lp
54	96	-1
54	97	U
54	98	U
54	99	U
54	100	U
54	101	-1
54	102	Lp
54	103	Lp
54	104	Lp
54	105	-1
54	106	Lp
54	107	Lp
54	108	Lp
54	109	Lp
54	110	Lp
54	111	Lp
54	112	Lp
54	113	Lp
54	114	Lp
54	115	U
54	116	Lp
54	117	-1
54	118	Lp
54	119	Lp
55	0	Lp
55	1	Lp
55	2	Lp
55	3	-1
55	4	Lp
55	5	Lp
55	6	Lp
55	7	Lp
55	8	Lp
55	9	Lp
55	10	-1
55	11	Lp
55	12	-1
55	13	Lp
55	14	Lp
55	15	Lp
55	16	Lp
55	17	Lp
55	18	Lp
55	19	U
55	20	Lp
55	21	Lp
55	22	Lp
55	23	-1
55	24	Lp
55	25	Lp
55	26	Lp
55	27	Lp
55	28	Lp
55	29	Lp
55	30	Lp
55	31	Lp
55	32	Lp
55	33	Lp
55	34	Lp
55	35	-1
55	36	Lp
55	37	-1
55	38	L
55	39	L
55	40	-1
55	41	Lp
55	42	-1
55	43	L
55	44	-1
55	45	L
55	46	L
55	47	L
55	48	L
55	49	-1
55	50	-1
55	51	Lp
55	52	-1
55	53	-1
55	54	L
55	55	-1
55	56	Lp
55	57	-1
55	58	-1
55	59	Lp
55	60	L
55	61	-1
55	62	Lp
55	63	-1
55	64	L
55	65	L
55	66	L
55	67	L
55	68	L
55	69	L
55	70	L
55	71	-1
55	72	L
55	73	L
55	74	L
55	75	Lp
55	76	L
55	77	L
55	78	L
55	79	L
55	80	L
55	81	-1
55	82	L
55	83	-1
55	84	-1
55	85	Lp
55	86	Lp
55	87	-1
55	88	Lp
55	89	Lp
55	90	Lp
55	91	Lp
55	92	Lp
55	93	Lp
55	94	Lp
55	95	-1
55	96	U
55	97	Lp
55	98	Lp
55	99	U
55	100	U
55	101	U
55	102	-1
55	103	-1
55	104	Lp
55	105	Lp
55	106	Lp
55	107	Lp
55	108	Lp
55	109	Lp
55	110	Lp
55	111	Lp
55	112	Lp
55	113	-1
55	114	Lp
55	115	Lp
55	116	Lp
55	117	Lp
55	118	-1
55	119	-1
56	0	-1
56	1	Lp
56	2	Lp
56	3	Lp
56	4	-1
56	5	Lp
56	6	-1
56	7	Lp
56	8	Lp
56	9	Lp
56	10	Lp
56	11	Lp
56	12	Lp
56	13	Lp
56	14	Lp
56	15	-1
56	16	Lp
56	17	U
56	18	U
56	19	Lp
56	20	Lp
56	21	Lp
56	22	Lp
56	23	-1
56	24	-1
56	25	Lp
56	26	Lp
56	27	-1
56	28	-1
56	29	Lp
56	30	Lp
56	31	Lp
56	32	Lp
56	33	-1
56	34	Lp
56	35	Lp
56	36	Lp
56	37	Lp
56	38	L
56	39	L
56	40	L
56	41	Lp
56	42	L
56	43	L
56	44	-1
56	45	L
56	46	L
56	47	U
56	48	U
56	49	-1
56	50	Lp
56	51	-1
56	52	L
56	53	L
56	54	L
56	55	Lp
56	56	Lp
56	57	Lp
56	58	Lp
56	59	Lp
56	60	L
56	61	-1
56	62	Lp
56	63	-1
56	64	L
56	65	L
56	66	-1
56	67	L
56	68	L
56	69	L
56	70	L
56	71	L
56	72	L
56	73	-1
56	74	Lp
56	75	L
56	76	-1
56	77	-1
56	78	L
56	79	L
56	80	L
56	81	-1
56	82	Lp
56	83	Lp
56	84	Lp
56	85	-1
56	86	Lp
56	87	-1
56	88	L
56	89	Lp
56	90	-1
56	91	Lp
56	92	Lp
56	93	-1
56	94	-1
56	95	-1
56	96	-1
56	97	Lp
56	98	Lp
56	99	Lp
56	100	Lp
56	101	U
56	102	-1
56	103	Lp
56	104	Lp
56	105	Lp
56	106	Lp
56	107	Lp
56	108	Lp
56	109	Lp
56	110	Lp
56	111	Lp
56	112	Lp
56	113	-1
56	114	Lp
56	115	Lp
56	116	-1
56	117	Lp
56	118	-1
56	119	Lp
57	0	Lp
57	1	Lp
57	2	Lp
57	3	-1
57	4	-1
57	5	Lp
57	6	Lp
57	7	Lp
57	8	Lp
57	9	Lp
57	10	Lp
57	11	Lp
57	12	Lp
57	13	Lp
57	14	-1
57	15	Lp
57	16	Lp
57	17	U
57	18	-1
57	19	Lp
57	20	-1
57	21	U
57	22	Lp
57	23	Lp
57	24	Lp
57	25	Lp
57	26	Lp
57	27	Lp
57	28	Lp
57	29	Lp
57	30	Lp
57	31	-1
57	32	Lp
57	33	Lp
57	34	Lp
57	35	Lp
57	36	Lp
57	37	Lp
57	38	-1
57	39	L
57	40	Lp
57	41	Lp
57	42	L
57	43	L
57	44	L
57	45	L
57	46	L
57	47	L
57	48	L
57	49	Lp
57	50	Lp
57	51	Lp
57	52	L
57	53	Lp
57	54	Lp
57	55	Lp
57	56	Lp
57	57	-1
57	58	Lp
57	59	-1
57	60	Lp
57	61	Lp
57	62	Lp
57	63	Lp
57	64	L
57	65	Lp
57	66	L
57	67	L
57	68	L
57	69	U
57	70	L
57	71	L
57	72	L
57	73	Lp
57	74	Lp
57	75	-1
57	76	L
57	77	-1
57	78	Lp
57	79	Lp
57	80	Lp
57	81	-1
57	82	U
57	83	-1
57	84	-1
57	85	Lp
57	86	-1
57	87	-1
57	88	Lp
57	89	Lp
57	90	-1
57	91	Lp
57	92	Lp
57	93	Lp
57	94	Lp
57	95	Lp
57	96	Lp
57	97	Lp
57	98	Lp
57	99	-1
57	100	-1
57	101	U
57	102	Lp
57	103	U
57	104	U
57	105	Lp
57	106	-1
57	107	-1
57	108	Lp
57	109	Lp
57	110	-1
57	111	-1
57	112	Lp
57	113	-1
57	114	-1
57	115	-1
57	116	-1
57	117	Lp
57	118	Lp
57	119	Lp
58	0	-1
58	1	Lp
58	2	-1
58	3	Lp
58	4	Lp
58	5	Lp
58	6	Lp
58	7	Lp
58	8	Lp
58	9	Lp
58	10	-1
58	11	Lp
58	12	-1
58	13	Lp
58	14	Lp
58	15	Lp
58	16	-1
58	17	Lp
58	18	Lp
58	19	Lp
58	20	U
58	21	U
58	22	L
58	23	L
58	24	L
58	25	Lp
58	26	Lp
58	27	-1
58	28	Lp
58	29	Lp
58	30	Lp
58	31	Lp
58	32	Lp
58	33	Lp
58	34	Lp
58	35	Lp
58	36	Lp
58	37	Lp
58	38	-1
58	39	L
58	40	Lp
58	41	Lp
58	42	L
58	43	L
58	44	L
58	45	L
58	46	-1
58	47	L
58	48	-1
58	49	Lp
58	50	Lp
58	51	Lp
58	52	Lp
58	53	Lp
58	54	Lp
58	55	Lp
58	56	-1
58	57	Lp
58	58	Lp
58	59	Lp
58	60	-1
58	61	Lp
58	62	Lp
58	63	Lp
58	64	Lp
58	65	L
58	66	-1
58	67	-1
58	68	L
58	69	U
58	70	Lp
58	71	-1
58	72	Lp
58	73	Lp
58	74	L
58	75	Lp
58	76	Lp
58	77	L
58	78	L
58	79	Lp
58	80	-1
58	81	-1
58	82	U
58	83	Lp
58	84	Lp
58	85	Lp
58	86	-1
58	87	Lp
58	88	-1
58	89	Lp
58	90	-1
58	91	Lp
58	92	-1
58	93	Lp
58	94	-1
58	95	Lp
58	96	-1
58	97	Lp
58	98	Lp
58	99	Lp
58	100	Lp
58	101	Lp
58	102	Lp
58	103	U
58	104	Lp
58	105	-1
58	106	-1
58	107	Lp
58	108	Lp
58	109	Lp
58	110	Lp
58	111	Lp
58	112	Lp
58	113	Lp
58	114	Lp
58	115	-1
58	116	-1
58	117	-1
58	118	Lp
58	119	Lp
59	0	-1
59	1	Lp
59	2	Lp
59	3	-1
59	4	Lp
59	5	Lp
59	6	Lp
59	7	Lp
59	8	Lp
59	9	Lp
59	10	Lp
59	11	Lp
59	12	-1
59	13	Lp
59	14	Lp
59	15	-1
59	16	-1
59	17	L
59	18	Lp
59	19	Lp
59	20	U
59	21	Lp
59	22	L
59	23	L
59	24	-1
59	25	Lp
59	26	Lp
59	27	Lp
59	28	-1
59	29	Lp
59	30	-1
59	31	Lp
59	32	Lp
59	33	Lp
59	34	Lp
59	35	Lp
59	36	Lp
59	37	Lp
59	38	-1
59	39	-1
59	40	-1
59	41	Lp
59	42	Lp
59	43	L
59	44	L
59	45	L
59	46	L
59	47	L
59	48	Lp
59	49	-1
59	50	L
59	51	Lp
59	52	Lp
59	53	-1
59	54	Lp
59	55	Lp
59	56	Lp
59	57	Lp
59	58	Lp
59	59	Lp
59	60	Lp
59	61	-1
59	62	Lp
59	63	Lp
59	64	Lp
59	65	Lp
59	66	Lp
59	67	L
59	68	Lp
59	69	U
59	70	-1
59	71	U
59	72	L
59	73	-1
59	74	Lp
59	75	Lp
59	76	-1
59	77	-1
59	78	Lp
59	79	Lp
59	80	Lp
59	81	U
59	82	-1
59	83	-1
59	84	Lp
59	85	Lp
59	86	-1
59	87	Lp
59	88	Lp
59	89	Lp
59	90	Lp
59	91	Lp
59	92	-1
59	93	Lp
59	94	-1
59	95	Lp
59	96	Lp
59	97	Lp
59	98	Lp
59	99	Lp
59	100	Lp
59	101	Lp
59	102	Lp
59	103	Lp
59	104	Lp
59	105	Lp
59	106	Lp
59	107	Lp
59	108	L
59	109	Lp
59	110	Lp
59	111	Lp
59	112	-1
59	113	Lp
59	114	Lp
59	115	-1
59	116	U
59	117	Lp
59	118	Lp
59	119	-1
60	0	Lp
60	1	Lp
60	2	Lp
60	3	Lp
60	4	Lp
60	5	-1
60	6	-1
60	7	Lp
60	8	-1
60	9	-1
60	10	Lp
60	11	-1
60	12	Lp
60	13	Lp
60	14	Lp
60	15	Lp
60	16	Lp
60	17	Lp
60	18	L
60	19	-1
60	20	-1
60	21	L
60	22	Lp
60	23	Lp
60	24	L
60	25	Lp
60	26	-1
60	27	-1
60	28	Lp
60	29	-1
60	30	Lp
60	31	Lp
60	32	-1
60	33	-1
60	34	Lp
60	35	Lp
60	36	Lp
60	37	Lp
60	38	Lp
60	39	Lp
60	40	-1
60	41	Lp
60	42	-1
60	43	L
60	44	Lp
60	45	-1
60	46	Lp
60	47	-1
60	48	Lp
60	49	Lp
60	50	Lp
60	51	L
60	52	-1
60	53	Lp
60	54	-1
60	55	Lp
60	56	Lp
60	57	Lp
60	58	Lp
60	59	Lp
60	60	Lp
60	61	Lp
60	62	-1
60	63	Lp
60	64	-1
60	65	Lp
60	66	Lp
60	67	Lp
60	68	L
60	69	U
60	70	Lp
60	71	U
60	72	U
60	73	U
60	74	-1
60	75	Lp
60	76	Lp
60	77	-1
60	78	Lp
60	79	U
60	80	Lp
60	81	Lp
60	82	Lp
60	83	Lp
60	84	-1
60	85	Lp
60	86	-1
60	87	Lp
60	88	Lp
60	89	-1
60	90	Lp
60	91	Lp
60	92	Lp
60	93	Lp
60	94	Lp
60	95	Lp
60	96	Lp
60	97	-1
60	98	Lp
60	99	Lp
60	100	Lp
60	101	Lp
60	102	-1
60	103	Lp
60	104	Lp
60	105	Lp
60	106	L
60	107	-1
60	108	Lp
60	109	L
60	110	-1
60	111	L
60	112	Lp
60	113	-1
60	114	Lp
60	115	-1
60	116	Lp
60	117	-1
60	118	U
60	119	U
61	0	U
61	1	Lp
61	2	Lp
61	3	Lp
61	4	Lp
61	5	Lp
61	6	-1
61	7	-1
61	8	-1
61	9	-1
61	10	Lp
61	11	-1
61	12	Lp
61	13	-1
61	14	-1
61	15	-1
61	16	Lp
61	17	L
61	18	L
61	19	-1
61	20	-1
61	21	Lp
61	22	Lp
61	23	L
61	24	L
61	25	Lp
61	26	Lp
61	27	Lp
61	28	Lp
61	29	L
61	30	L
61	31	Lp
61	32	-1
61	33	Lp
61	34	Lp
61	35	Lp
61	36	Lp
61	37	Lp
61	38	Lp
61	39	Lp
61	40	Lp
61	41	-1
61	42	Lp
61	43	L
61	44	L
61	45	L
61	46	-1
61	47	Lp
61	48	L
61	49	Lp
61	50	Lp
61	51	Lp
61	52	L
61	53	Lp
61	54	L
61	55	-1
61	56	-1
61	57	Lp
61	58	-1
61	59	Lp
61	60	-1
61	61	-1
61	62	Lp
61	63	-1
61	64	L
61	65	L
61	66	Lp
61	67	L
61	68	U
61	69	Lp
61	70	-1
61	71	Lp
61	72	Lp
61	73	Lp
61	74	Lp
61	75	Lp
61	76	Lp
61	77	-1
61	78	U
61	79	U
61	80	U
61	81	-1
61	82	Lp
61	83	Lp
61	84	Lp
61	85	-1
61	86	Lp
61	87	Lp
61	88	Lp
61	89	Lp
61	90	-1
61	91	-1
61	92	Lp
61	93	-1
61	94	Lp
61	95	Lp
61	96	Lp
61	97	-1
61	98	Lp
61	99	Lp
61	100	Lp
61	101	Lp
61	102	Lp
61	103	-1
61	104	-1
61	105	L
61	106	L
61	107	Lp
61	108	-1
61	109	L
61	110	Lp
61	111	-1
61	112	Lp
61	113	-1
61	114	Lp
61	115	Lp
61	116	Lp
61	117	-1
61	118	U
61	119	U
62	0	-1
62	1	-1
62	2	U
62	3	Lp
62	4	Lp
62	5	L
62	6	-1
62	7	U
62	8	-1
62	9	Lp
62	10	U
62	11	Lp
62	12	-1
62	13	Lp
62	14	Lp
62	15	-1
62	16	Lp
62	17	-1
62	18	L
62	19	Lp
62	20	Lp
62	21	Lp
62	22	-1
62	23	L
62	24	L
62	25	L
62	26	Lp
62	27	-1
62	28	-1
62	29	-1
62	30	-1
62	31	Lp
62	32	L
62	33	Lp
62	34	-1
62	35	Lp
62	36	Lp
62	37	Lp
62	38	Lp
62	39	Lp
62	40	Lp
62	41	L
62	42	L
62	43	L
62	44	-1
62	45	Lp
62	46	-1
62	47	Lp
62	48	Lp
62	49	Lp
62	50	Lp
62	51	L
62	52	-1
62	53	L
62	54	L
62	55	-1
62	56	-1
62	57	-1
62	58	Lp
62	59	Lp
62	60	Lp
62	61	Lp
62	62	Lp
62	63	Lp
62	64	-1
62	65	U
62	66	Lp
62	67	U
62	68	U
62	69	Lp
62	70	Lp
62	71	U
62	72	Lp
62	73	-1
62	74	U
62	75	Lp
62	76	Lp
62	77	Lp
62	78	U
62	79	U
62	80	Lp
62	81	Lp
62	82	Lp
62	83	Lp
62	84	Lp
62	85	-1
62	86	Lp
62	87	Lp
62	88	-1
62	89	-1
62	90	Lp
62	91	Lp
62	92	Lp
62	93	Lp
62	94	Lp
62	95	Lp
62	96	Lp
62	97	Lp
62	98	Lp
62	99	Lp
62	100	Lp
62	101	Lp
62	102	Lp
62	103	L
62	104	-1
62	105	L
62	106	L
62	107	L
62	108	L
62	109	L
62	110	-1
62	111	Lp
62	112	Lp
62	113	Lp
62	114	Lp
62	115	Lp
62	116	-1
62	117	Lp
62	118	-1
62	119	U
63	0	-1
63	1	U
63	2	-1
63	3	Lp
63	4	Lp
63	5	Lp
63	6	L
63	7	U
63	8	-1
63	9	-1
63	10	-1
63	11	Lp
63	12	U
63	13	Lp
63	14	Lp
63	15	Lp
63	16	-1
63	17	Lp
63	18	Lp
63	19	Lp
63	20	Lp
63	21	Lp
63	22	Lp
63	23	L
63	24	U
63	25	-1
63	26	-1
63	27	Lp
63	28	Lp
63	29	L
63	30	L
63	31	-1
63	32	L
63	33	L
63	34	-1
63	35	Lp
63	36	Lp
63	37	U
63	38	Lp
63	39	Lp
63	40	L
63	41	L
63	42	L
63	43	L
63	44	L
63	45	L
63	46	Lp
63	47	-1
63	48	Lp
63	49	Lp
63	50	Lp
63	51	L
63	52	Lp
63	53	-1
63	54	-1
63	55	L
63	56	Lp
63	57	Lp
63	58	Lp
63	59	Lp
63	60	L
63	61	Lp
63	62	Lp
63	63	Lp
63	64	U
63	65	Lp
63	66	U
63	67	U
63	68	U
63	69	Lp
63	70	-1
63	71	U
63	72	-1
63	73	Lp
63	74	Lp
63	75	Lp
63	76	Lp
63	77	Lp
63	78	-1
63	79	U
63	80	Lp
63	81	Lp
63	82	Lp
63	83	Lp
63	84	Lp
63	85	Lp
63	86	Lp
63	87	-1
63	88	Lp
63	89	Lp
63	90	Lp
63	91	Lp
63	92	Lp
63	93	Lp
63	94	Lp
63	95	Lp
63	96	Lp
63	97	-1
63	98	U
63	99	Lp
63	100	Lp
63	101	L
63	102	L
63	103	L
63	104	-1
63	105	L
63	106	L
63	107	L
63	108	L
63	109	Lp
63	110	Lp
63	111	-1
63	112	Lp
63	113	Lp
63	114	Lp
63	115	-1
63	116	Lp
63	117	-1
63	118	Lp
63	119	-1
64	0	Lp
64	1	U
64	2	U
64	3	Lp
64	4	Lp
64	5	L
64	6	Lp
64	7	U
64	8	U
64	9	U
64	10	U
64	11	U
64	12	U
64	13	U
64	14	U
64	15	Lp
64	16	Lp
64	17	Lp
64	18	-1
64	19	-1
64	20	Lp
64	21	Lp
64	22	-1
64	23	Lp
64	24	-1
64	25	L
64	26	L
64	27	L
64	28	Lp
64	29	L
64	30	L
64	31	L
64	32	L
64	33	L
64	34	-1
64	35	Lp
64	36	Lp
64	37	-1
64	38	Lp
64	39	L
64	40	L
64	41	L
64	42	-1
64	43	Lp
64	44	L
64	45	L
64	46	Lp
64	47	-1
64	48	Lp
64	49	Lp
64	50	Lp
64	51	L
64	52	L
64	53	L
64	54	L
64	55	Lp
64	56	Lp
64	57	-1
64	58	Lp
64	59	Lp
64	60	L
64	61	Lp
64	62	Lp
64	63	Lp
64	64	U
64	65	U
64	66	U
64	67	U
64	68	-1
64	69	Lp
64	70	Lp
64	71	U
64	72	U
64	73	U
64	74	Lp
64	75	-1
64	76	-1
64	77	Lp
64	78	-1
64	79	U
64	80	Lp
64	81	-1
64	82	Lp
64	83	Lp
64	84	Lp
64	85	Lp
64	86	Lp
64	87	Lp
64	88	-1
64	89	Lp
64	90	Lp
64	91	Lp
64	92	Lp
64	93	-1
64	94	Lp
64	95	Lp
64	96	Lp
64	97	Lp
64	98	Lp
64	99	-1
64	100	Lp
64	101	-1
64	102	-1
64	103	L
64	104	L
64	105	L
64	106	L
64	107	L
64	108	-1
64	109	L
64	110	Lp
64	111	Lp
64	112	Lp
64	113	Lp
64	114	Lp
64	115	Lp
64	116	Lp
64	117	-1
64	118	-1
64	119	-1
65	0	Lp
65	1	Lp
65	2	Lp
65	3	Lp
65	4	-1
65	5	L
65	6	U
65	7	U
65	8	-1
65	9	U
65	10	-1
65	11	U
65	12	U
65	13	-1
65	14	-1
65	15	Lp
65	16	Lp
65	17	L
65	18	-1
65	19	Lp
65	20	Lp
65	21	Lp
65	22	Lp
65	23	Lp
65	24	Lp
65	25	Lp
65	26	-1
65	27	-1
65	28	Lp
65	29	-1
65	30	Lp
65	31	L
65	32	Lp
65	33	Lp
65	34	Lp
65	35	-1
65	36	-1
65	37	Lp
65	38	Lp
65	39	-1
65	40	-1
65	41	Lp
65	42	Lp
65	43	Lp
65	44	-1
65	45	-1
65	46	-1
65	47	Lp
65	48	Lp
65	49	-1
65	50	-1
65	51	L
65	52	Lp
65	53	Lp
65	54	L
65	55	L
65	56	Lp
65	57	L
65	58	Lp
65	59	Lp
65	60	Lp
65	61	Lp
65	62	Lp
65	63	Lp
65	64	U
65	65	U
65	66	U
65	67	U
65	68	U
65	69	-1
65	70	Lp
65	71	Lp
65	72	Lp
65	73	-1
65	74	-1
65	75	Lp
65	76	Lp
65	77	Lp
65	78	-1
65	79	Lp
65	80	Lp
65	81	-1
65	82	Lp
65	83	Lp
65	84	-1
65	85	Lp
65	86	Lp
65	87	-1
65	88	-1
65	89	Lp
65	90	-1
65	91	Lp
65	92	Lp
65	93	Lp
65	94	-1
65	95	Lp
65	96	-1
65	97	-1
65	98	Lp
65	99	Lp
65	100	Lp
65	101	Lp
65	102	Lp
65	103	-1
65	104	Lp
65	105	L
65	106	L
65	107	L
65	108	-1
65	109	-1
65	110	Lp
65	111	L
65	112	L
65	113	-1
65	114	Lp
65	115	Lp
65	116	Lp
65	117	Lp
65	118	Lp
65	119	Lp
66	0	Lp
66	1	Lp
66	2	Lp
66	3	-1
66	4	U
66	5	U
66	6	-1
66	7	-1
66	8	Lp
66	9	U
66	10	U
66	11	U
66	12	U
66	13	-1
66	14	-1
66	15	Lp
66	16	Lp
66	17	L
66	18	Lp
66	19	-1
66	20	Lp
66	21	-1
66	22	Lp
66	23	Lp
66	24	Lp
66	25	Lp
66	26	L
66	27	Lp
66	28	Lp
66	29	Lp
66	30	Lp
66	31	-1
66	32	-1
66	33	-1
66	34	-1
66	35	U
66	36	Lp
66	37	U
66	38	U
66	39	-1
66	40	L
66	41	Lp
66	42	Lp
66	43	Lp
66	44	Lp
66	45	-1
66	46	Lp
66	47	Lp
66	48	Lp
66	49	Lp
66	50	Lp
66	51	L
66	52	Lp
66	53	-1
66	54	Lp
66	55	Lp
66	56	L
66	57	L
66	58	Lp
66	59	Lp
66	60	Lp
66	61	Lp
66	62	Lp
66	63	U
66	64	-1
66	65	-1
66	66	-1
66	67	Lp
66	68	U
66	69	-1
66	70	Lp
66	71	Lp
66	72	Lp
66	73	Lp
66	74	Lp
66	75	-1
66	76	Lp
66	77	Lp
66	78	-1
66	79	Lp
66	80	Lp
66	81	Lp
66	82	-1
66	83	Lp
66	84	Lp
66	85	Lp
66	86	Lp
66	87	Lp
66	88	Lp
66	89	Lp
66	90	Lp
66	91	-1
66	92	-1
66	93	Lp
66	94	Lp
66	95	-1
66	96	Lp
66	97	Lp
66	98	-1
66	99	Lp
66	100	Lp
66	101	Lp
66	102	Lp
66	103	Lp
66	104	Lp
66	105	L
66	106	-1
66	107	-1
66	108	L
66	109	L
66	110	L
66	111	L
66	112	L
66	113	-1
66	114	Lp
66	115	-1
66	116	Lp
66	117	Lp
66	118	Lp
66	119	Lp
67	0	Lp
67	1	-1
67	2	U
67	3	Lp
67	4	U
67	5	U
67	6	-1
67	7	U
67	8	U
67	9	Lp
67	10	Lp
67	11	Lp
67	12	Lp
67	13	U
67	14	U
67	15	Lp
67	16	-1
67	17	Lp
67	18	Lp
67	19	Lp
67	20	L
67	21	L
67	22	Lp
67	23	Lp
67	24	-1
67	25	Lp
67	26	L
67	27	-1
67	28	Lp
67	29	-1
67	30	Lp
67	31	-1
67	32	Lp
67	33	-1
67	34	-1
67	35	U
67	36	U
67	37	U
67	38	U
67	39	L
67	40	L
67	41	L
67	42	-1
67	43	Lp
67	44	L
67	45	Lp
67	46	Lp
67	47	Lp
67	48	Lp
67	49	Lp
67	50	Lp
67	51	Lp
67	52	-1
67	53	Lp
67	54	Lp
67	55	Lp
67	56	Lp
67	57	Lp
67	58	Lp
67	59	Lp
67	60	Lp
67	61	Lp
67	62	Lp
67	63	-1
67	64	-1
67	65	L
67	66	Lp
67	67	Lp
67	68	Lp
67	69	-1
67	70	Lp
67	71	-1
67	72	Lp
67	73	-1
67	74	Lp
67	75	Lp
67	76	Lp
67	77	Lp
67	78	-1
67	79	-1
67	80	Lp
67	81	-1
67	82	Lp
67	83	Lp
67	84	Lp
67	85	Lp
67	86	-1
67	87	-1
67	88	-1
67	89	Lp
67	90	Lp
67	91	U
67	92	Lp
67	93	Lp
67	94	Lp
67	95	-1
67	96	Lp
67	97	Lp
67	98	Lp
67	99	Lp
67	100	Lp
67	101	Lp
67	102	Lp
67	103	Lp
67	104	-1
67	105	Lp
67	106	-1
67	107	Lp
67	108	L
67	109	L
67	110	L
67	111	-1
67	112	Lp
67	113	L
67	114	Lp
67	115	Lp
67	116	-1
67	117	Lp
67	118	Lp
67	119	-1
68	0	-1
68	1	L
68	2	-1
68	3	U
68	4	U
68	5	Lp
68	6	U
68	7	U
68	8	Lp
68	9	Lp
68	10	Lp
68	11	-1
68	12	Lp
68	13	-1
68	14	U
68	15	L
68	16	Lp
68	17	-1
68	18	Lp
68	19	L
68	20	L
68	21	L
68	22	-1
68	23	-1
68	24	Lp
68	25	L
68	26	Lp
68	27	L
68	28	Lp
68	29	Lp
68	30	Lp
68	31	Lp
68	32	Lp
68	33	Lp
68	34	Lp
68	35	-1
68	36	U
68	37	U
68	38	L
68	39	L
68	40	L
68	41	-1
68	42	Lp
68	43	Lp
68	44	-1
68	45	-1
68	46	-1
68	47	-1
68	48	-1
68	49	Lp
68	50	Lp
68	51	Lp
68	52	Lp
68	53	Lp
68	54	Lp
68	55	Lp
68	56	Lp
68	57	Lp
68	58	Lp
68	59	Lp
68	60	Lp
68	61	Lp
68	62	Lp
68	63	Lp
68	64	Lp
68	65	Lp
68	66	-1
68	67	Lp
68	68	Lp
68	69	Lp
68	70	Lp
68	71	-1
68	72	Lp
68	73	Lp
68	74	Lp
68	75	-1
68	76	Lp
68	77	Lp
68	78	-1
68	79	-1
68	80	U
68	81	U
68	82	Lp
68	83	Lp
68	84	Lp
68	85	-1
68	86	Lp
68	87	Lp
68	88	Lp
68	89	Lp
68	90	-1
68	91	Lp
68	92	U
68	93	-1
68	94	Lp
68	95	-1
68	96	Lp
68	97	Lp
68	98	Lp
68	99	Lp
68	100	Lp
68	101	Lp
68	102	Lp
68	103	-1
68	104	-1
68	105	Lp
68	106	Lp
68	107	Lp
68	108	Lp
68	109	Lp
68	110	L
68	111	Lp
68	112	-1
68	113	L
68	114	Lp
68	115	Lp
68	116	Lp
68	117	Lp
68	118	-1
68	119	Lp
69	0	-1
69	1	-1
69	2	-1
69	3	L
69	4	L
69	5	L
69	6	Lp
69	7	U
69	8	Lp
69	9	Lp
69	10	Lp
69	11	Lp
69	12	L
69	13	-1
69	14	L
69	15	-1
69	16	-1
69	17	-1
69	18	L
69	19	Lp
69	20	L
69	21	L
69	22	Lp
69	23	Lp
69	24	Lp
69	25	Lp
69	26	Lp
69	27	Lp
69	28	Lp
69	29	Lp
69	30	-1
69	31	Lp
69	32	Lp
69	33	Lp
69	34	U
69	35	U
69	36	Lp
69	37	L
69	38	Lp
69	39	U
69	40	L
69	41	L
69	42	L
69	43	L
69	44	L
69	45	L
69	46	L
69	47	Lp
69	48	Lp
69	49	-1
69	50	Lp
69	51	-1
69	52	Lp
69	53	Lp
69	54	Lp
69	55	Lp
69	56	-1
69	57	Lp
69	58	Lp
69	59	Lp
69	60	-1
69	61	Lp
69	62	Lp
69	63	Lp
69	64	Lp
69	65	Lp
69	66	Lp
69	67	Lp
69	68	Lp
69	69	-1
69	70	Lp
69	71	Lp
69	72	Lp
69	73	Lp
69	74	Lp
69	75	-1
69	76	-1
69	77	-1
69	78	-1
69	79	-1
69	80	Lp
69	81	Lp
69	82	Lp
69	83	Lp
69	84	U
69	85	Lp
69	86	Lp
69	87	Lp
69	88	Lp
69	89	Lp
69	90	Lp
69	91	L
69	92	L
69	93	-1
69	94	-1
69	95	-1
69	96	Lp
69	97	-1
69	98	Lp
69	99	Lp
69	100	Lp
69	101	Lp
69	102	-1
69	103	Lp
69	104	Lp
69	105	-1
69	106	-1
69	107	Lp
69	108	Lp
69	109	L
69	110	Lp
69	111	Lp
69	112	-1
69	113	Lp
69	114	-1
69	115	Lp
69	116	-1
69	117	Lp
69	118	Lp
69	119	Lp
70	0	Lp
70	1	Lp
70	2	L
70	3	-1
70	4	L
70	5	L
70	6	-1
70	7	-1
70	8	Lp
70	9	Lp
70	10	-1
70	11	Lp
70	12	Lp
70	13	-1
70	14	L
70	15	-1
70	16	-1
70	17	Lp
70	18	Lp
70	19	Lp
70	20	Lp
70	21	Lp
70	22	Lp
70	23	Lp
70	24	L
70	25	-1
70	26	Lp
70	27	Lp
70	28	Lp
70	29	Lp
70	30	-1
70	31	-1
70	32	Lp
70	33	Lp
70	34	Lp
70	35	U
70	36	L
70	37	Lp
70	38	L
70	39	-1
70	40	Lp
70	41	L
70	42	L
70	43	L
70	44	L
70	45	L
70	46	Lp
70	47	-1
70	48	-1
70	49	-1
70	50	-1
70	51	-1
70	52	Lp
70	53	U
70	54	Lp
70	55	Lp
70	56	Lp
70	57	Lp
70	58	Lp
70	59	Lp
70	60	-1
70	61	Lp
70	62	Lp
70	63	Lp
70	64	Lp
70	65	Lp
70	66	Lp
70	67	Lp
70	68	Lp
70	69	Lp
70	70	-1
70	71	Lp
70	72	-1
70	73	Lp
70	74	Lp
70	75	-1
70	76	-1
70	77	Lp
70	78	-1
70	79	-1
70	80	Lp
70	81	Lp
70	82	Lp
70	83	U
70	84	Lp
70	85	Lp
70	86	-1
70	87	-1
70	88	Lp
70	89	Lp
70	90	L
70	91	-1
70	92	-1
70	93	Lp
70	94	Lp
70	95	Lp
70	96	Lp
70	97	-1
70	98	Lp
70	99	-1
70	100	Lp
70	101	-1
70	102	Lp
70	103	Lp
70	104	Lp
70	105	-1
70	106	Lp
70	107	Lp
70	108	Lp
70	109	Lp
70	110	-1
70	111	Lp
70	112	Lp
70	113	Lp
70	114	Lp
70	115	Lp
70	116	Lp
70	117	Lp
70	118	Lp
70	119	Lp
71	0	Lp
71	1	Lp
71	2	-1
71	3	U
71	4	U
71	5	U
71	6	L
71	7	-1
71	8	-1
71	9	-1
71	10	Lp
71	11	Lp
71	12	-1
71	13	-1
71	14	-1
71	15	-1
71	16	Lp
71	17	Lp
71	18	L
71	19	-1
71	20	Lp
71	21	Lp
71	22	L
71	23	L
71	24	-1
71	25	-1
71	26	Lp
71	27	Lp
71	28	-1
71	29	Lp
71	30	Lp
71	31	Lp
71	32	-1
71	33	-1
71	34	-1
71	35	-1
71	36	Lp
71	37	L
71	38	Lp
71	39	Lp
71	40	L
71	41	L
71	42	L
71	43	L
71	44	-1
71	45	Lp
71	46	-1
71	47	L
71	48	L
71	49	-1
71	50	L
71	51	Lp
71	52	U
71	53	U
71	54	U
71	55	U
71	56	-1
71	57	Lp
71	58	Lp
71	59	-1
71	60	Lp
71	61	Lp
71	62	Lp
71	63	Lp
71	64	-1
71	65	-1
71	66	Lp
71	67	Lp
71	68	-1
71	69	Lp
71	70	Lp
71	71	Lp
71	72	-1
71	73	Lp
71	74	Lp
71	75	-1
71	76	Lp
71	77	Lp
71	78	Lp
71	79	U
71	80	L
71	81	Lp
71	82	Lp
71	83	Lp
71	84	Lp
71	85	Lp
71	86	Lp
71	87	Lp
71	88	-1
71	89	Lp
71	90	-1
71	91	Lp
71	92	Lp
71	93	Lp
71	94	Lp
71	95	Lp
71	96	-1
71	97	-1
71	98	Lp
71	99	Lp
71	100	Lp
71	101	Lp
71	102	-1
71	103	-1
71	104	Lp
71	105	Lp
71	106	Lp
71	107	Lp
71	108	-1
71	109	Lp
71	110	Lp
71	111	Lp
71	112	Lp
71	113	-1
71	114	Lp
71	115	Lp
71	116	Lp
71	117	U
71	118	Lp
71	119	Lp
72	0	-1
72	1	Lp
72	2	Lp
72	3	-1
72	4	U
72	5	U
72	6	Lp
72	7	Lp
72	8	-1
72	9	-1
72	10	Lp
72	11	-1
72	12	Lp
72	13	Lp
72	14	-1
72	15	L
72	16	-1
72	17	L
72	18	-1
72	19	L
72	20	Lp
72	21	Lp
72	22	L
72	23	L
72	24	L
72	25	-1
72	26	Lp
72	27	Lp
72	28	-1
72	29	Lp
72	30	Lp
72	31	Lp
72	32	-1
72	33	-1
72	34	-1
72	35	-1
72	36	L
72	37	L
72	38	Lp
72	39	L
72	40	L
72	41	Lp
72	42	L
72	43	Lp
72	44	L
72	45	-1
72	46	L
72	47	Lp
72	48	L
72	49	L
72	50	-1
72	51	Lp
72	52	U
72	53	U
72	54	Lp
72	55	U
72	56	Lp
72	57	Lp
72	58	Lp
72	59	-1
72	60	Lp
72	61	-1
72	62	Lp
72	63	Lp
72	64	Lp
72	65	Lp
72	66	-1
72	67	Lp
72	68	Lp
72	69	Lp
72	70	Lp
72	71	Lp
72	72	Lp
72	73	Lp
72	74	Lp
72	75	Lp
72	76	Lp
72	77	Lp
72	78	U
72	79	Lp
72	80	Lp
72	81	Lp
72	82	Lp
72	83	U
72	84	-1
72	85	Lp
72	86	Lp
72	87	Lp
72	88	L
72	89	Lp
72	90	Lp
72	91	Lp
72	92	-1
72	93	-1
72	94	Lp
72	95	-1
72	96	Lp
72	97	Lp
72	98	Lp
72	99	Lp
72	100	Lp
72	101	Lp
72	102	Lp
72	103	-1
72	104	Lp
72	105	Lp
72	106	Lp
72	107	-1
72	108	Lp
72	109	Lp
72	110	Lp
72	111	Lp
72	112	Lp
72	113	Lp
72	114	Lp
72	115	Lp
72	116	Lp
72	117	-1
72	118	L
72	119	L
73	0	Lp
73	1	Lp
73	2	-1
73	3	Lp
73	4	Lp
73	5	Lp
73	6	Lp
73	7	Lp
73	8	Lp
73	9	Lp
73	10	Lp
73	11	Lp
73	12	L
73	13	-1
73	14	-1
73	15	L
73	16	L
73	17	L
73	18	L
73	19	L
73	20	Lp
73	21	Lp
73	22	U
73	23	L
73	24	-1
73	25	-1
73	26	-1
73	27	-1
73	28	Lp
73	29	Lp
73	30	-1
73	31	Lp
73	32	Lp
73	33	L
73	34	L
73	35	-1
73	36	-1
73	37	-1
73	38	Lp
73	39	Lp
73	40	L
73	41	-1
73	42	Lp
73	43	Lp
73	44	Lp
73	45	L
73	46	Lp
73	47	L
73	48	-1
73	49	L
73	50	L
73	51	L
73	52	Lp
73	53	U
73	54	-1
73	55	Lp
73	56	-1
73	57	U
73	58	U
73	59	Lp
73	60	Lp
73	61	Lp
73	62	Lp
73	63	Lp
73	64	Lp
73	65	Lp
73	66	Lp
73	67	Lp
73	68	Lp
73	69	Lp
73	70	Lp
73	71	-1
73	72	Lp
73	73	Lp
73	74	L
73	75	Lp
73	76	Lp
73	77	Lp
73	78	Lp
73	79	Lp
73	80	-1
73	81	L
73	82	L
73	83	L
73	84	L
73	85	Lp
73	86	L
73	87	L
73	88	L
73	89	L
73	90	-1
73	91	Lp
73	92	Lp
73	93	Lp
73	94	-1
73	95	-1
73	96	Lp
73	97	Lp
73	98	-1
73	99	Lp
73	100	Lp
73	101	-1
73	102	Lp
73	103	Lp
73	104	-1
73	105	-1
73	106	Lp
73	107	-1
73	108	Lp
73	109	Lp
73	110	Lp
73	111	Lp
73	112	Lp
73	113	-1
73	114	Lp
73	115	Lp
73	116	Lp
73	117	Lp
73	118	Lp
73	119	Lp
74	0	Lp
74	1	-1
74	2	Lp
74	3	Lp
74	4	Lp
74	5	L
74	6	L
74	7	Lp
74	8	L
74	9	Lp
74	10	L
74	11	L
74	12	-1
74	13	L
74	14	L
74	15	-1
74	16	L
74	17	-1
74	18	-1
74	19	Lp
74	20	L
74	21	L
74	22	L
74	23	L
74	24	U
74	25	-1
74	26	U
74	27	-1
74	28	-1
74	29	Lp
74	30	Lp
74	31	-1
74	32	Lp
74	33	Lp
74	34	Lp
74	35	L
74	36	L
74	37	Lp
74	38	Lp
74	39	Lp
74	40	-1
74	41	Lp
74	42	-1
74	43	L
74	44	L
74	45	Lp
74	46	L
74	47	L
74	48	L
74	49	Lp
74	50	Lp
74	51	Lp
74	52	Lp
74	53	Lp
74	54	Lp
74	55	-1
74	56	U
74	57	-1
74	58	Lp
74	59	Lp
74	60	Lp
74	61	Lp
74	62	Lp
74	63	-1
74	64	Lp
74	65	Lp
74	66	Lp
74	67	-1
74	68	-1
74	69	Lp
74	70	Lp
74	71	Lp
74	72	Lp
74	73	-1
74	74	Lp
74	75	L
74	76	L
74	77	-1
74	78	Lp
74	79	Lp
74	80	L
74	81	L
74	82	-1
74	83	L
74	84	L
74	85	L
74	86	L
74	87	-1
74	88	L
74	89	-1
74	90	L
74	91	Lp
74	92	Lp
74	93	Lp
74	94	Lp
74	95	-1
74	96	Lp
74	97	-1
74	98	Lp
74	99	-1
74	100	Lp
74	101	L
74	102	Lp
74	103	-1
74	104	Lp
74	105	Lp
74	106	-1
74	107	Lp
74	108	Lp
74	109	Lp
74	110	Lp
74	111	Lp
74	112	Lp
74	113	Lp
74	114	Lp
74	115	Lp
74	116	U
74	117	-1
74	118	-1
74	119	Lp
75	0	Lp
75	1	Lp
75	2	-1
75	3	L
75	4	L
75	5	L
75	6	Lp
75	7	L
75	8	L
75	9	L
75	10	-1
75	11	L
75	12	L
75	13	-1
75	14	L
75	15	L
75	16	L
75	17	L
75	18	L
75	19	U
75	20	U
75	21	L
75	22	L
75	23	L
75	24	-1
75	25	U
75	26	U
75	27	-1
75	28	U
75	29	Lp
75	30	Lp
75	31	Lp
75	32	Lp
75	33	Lp
75	34	-1
75	35	Lp
75	36	Lp
75	37	Lp
75	38	-1
75	39	-1
75	40	L
75	41	Lp
75	42	Lp
75	43	Lp
75	44	-1
75	45	-1
75	46	Lp
75	47	Lp
75	48	-1
75	49	Lp
75	50	-1
75	51	-1
75	52	Lp
75	53	Lp
75	54	-1
75	55	Lp
75	56	Lp
75	57	Lp
75	58	-1
75	59	L
75	60	Lp
75	61	-1
75	62	L
75	63	Lp
75	64	L
75	65	Lp
75	66	U
75	67	Lp
75	68	Lp
75	69	Lp
75	70	Lp
75	71	Lp
75	72	Lp
75	73	Lp
75	74	-1
75	75	L
75	76	-1
75	77	Lp
75	78	L
75	79	Lp
75	80	Lp
75	81	Lp
75	82	L
75	83	L
75	84	L
75	85	L
75	86	L
75	87	Lp
75	88	-1
75	89	-1
75	90	-1
75	91	-1
75	92	L
75	93	L
75	94	Lp
75	95	Lp
75	96	L
75	97	-1
75	98	Lp
75	99	Lp
75	100	-1
75	101	-1
75	102	Lp
75	103	-1
75	104	Lp
75	105	Lp
75	106	Lp
75	107	Lp
75	108	Lp
75	109	-1
75	110	Lp
75	111	Lp
75	112	-1
75	113	Lp
75	114	-1
75	115	Lp
75	116	-1
75	117	-1
75	118	U
75	119	Lp
76	0	-1
76	1	Lp
76	2	Lp
76	3	-1
76	4	Lp
76	5	-1
76	6	L
76	7	L
76	8	-1
76	9	-1
76	10	L
76	11	-1
76	12	L
76	13	-1
76	14	L
76	15	L
76	16	L
76	17	-1
76	18	L
76	19	U
76	20	-1
76	21	Lp
76	22	L
76	23	L
76	24	-1
76	25	L
76	26	-1
76	27	U
76	28	Lp
76	29	U
76	30	Lp
76	31	-1
76	32	Lp
76	33	Lp
76	34	Lp
76	35	Lp
76	36	Lp
76	37	Lp
76	38	Lp
76	39	L
76	40	L
76	41	Lp
76	42	-1
76	43	U
76	44	Lp
76	45	L
76	46	Lp
76	47	Lp
76	48	-1
76	49	-1
76	50	Lp
76	51	Lp
76	52	Lp
76	53	Lp
76	54	Lp
76	55	Lp
76	56	Lp
76	57	Lp
76	58	L
76	59	L
76	60	L
76	61	L
76	62	L
76	63	L
76	64	L
76	65	U
76	66	Lp
76	67	-1
76	68	Lp
76	69	Lp
76	70	Lp
76	71	-1
76	72	Lp
76	73	-1
76	74	Lp
76	75	L
76	76	Lp
76	77	Lp
76	78	L
76	79	Lp
76	80	L
76	81	L
76	82	L
76	83	L
76	84	L
76	85	L
76	86	L
76	87	Lp
76	88	L
76	89	Lp
76	90	-1
76	91	U
76	92	L
76	93	Lp
76	94	-1
76	95	L
76	96	L
76	97	-1
76	98	Lp
76	99	Lp
76	100	L
76	101	-1
76	102	-1
76	103	Lp
76	104	Lp
76	105	Lp
76	106	Lp
76	107	Lp
76	108	Lp
76	109	Lp
76	110	Lp
76	111	-1
76	112	Lp
76	113	Lp
76	114	Lp
76	115	Lp
76	116	U
76	117	-1
76	118	Lp
76	119	Lp
77	0	Lp
77	1	Lp
77	2	Lp
77	3	L
77	4	Lp
77	5	Lp
77	6	-1
77	7	L
77	8	Lp
77	9	L
77	10	L
77	11	L
77	12	L
77	13	-1
77	14	L
77	15	-1
77	16	Lp
77	17	L
77	18	U
77	19	U
77	20	U
77	21	U
77	22	L
77	23	L
77	24	Lp
77	25	Lp
77	26	Lp
77	27	-1
77	28	Lp
77	29	Lp
77	30	Lp
77	31	Lp
77	32	-1
77	33	Lp
77	34	Lp
77	35	Lp
77	36	Lp
77	37	-1
77	38	L
77	39	L
77	40	L
77	41	-1
77	42	L
77	43	Lp
77	44	U
77	45	Lp
77	46	U
77	47	Lp
77	48	Lp
77	49	-1
77	50	-1
77	51	-1
77	52	Lp
77	53	Lp
77	54	Lp
77	55	Lp
77	56	Lp
77	57	L
77	58	-1
77	59	L
77	60	L
77	61	L
77	62	-1
77	63	U
77	64	L
77	65	L
77	66	Lp
77	67	Lp
77	68	-1
77	69	Lp
77	70	-1
77	71	Lp
77	72	Lp
77	73	L
77	74	L
77	75	L
77	76	L
77	77	U
77	78	Lp
77	79	-1
77	80	Lp
77	81	-1
77	82	Lp
77	83	Lp
77	84	L
77	85	L
77	86	L
77	87	L
77	88	Lp
77	89	L
77	90	U
77	91	U
77	92	L
77	93	L
77	94	-1
77	95	L
77	96	L
77	97	Lp
77	98	Lp
77	99	Lp
77	100	L
77	101	L
77	102	L
77	103	Lp
77	104	-1
77	105	Lp
77	106	-1
77	107	Lp
77	108	Lp
77	109	Lp
77	110	-1
77	111	Lp
77	112	-1
77	113	Lp
77	114	Lp
77	115	Lp
77	116	Lp
77	117	-1
77	118	Lp
77	119	-1
78	0	Lp
78	1	Lp
78	2	Lp
78	3	L
78	4	Lp
78	5	L
78	6	-1
78	7	L
78	8	-1
78	9	Lp
78	10	L
78	11	-1
78	12	L
78	13	L
78	14	L
78	15	-1
78	16	Lp
78	17	-1
78	18	U
78	19	U
78	20	U
78	21	-1
78	22	L
78	23	L
78	24	Lp
78	25	Lp
78	26	Lp
78	27	Lp
78	28	Lp
78	29	Lp
78	30	Lp
78	31	Lp
78	32	Lp
78	33	Lp
78	34	-1
78	35	L
78	36	Lp
78	37	Lp
78	38	L
78	39	L
78	40	-1
78	41	-1
78	42	L
78	43	-1
78	44	Lp
78	45	Lp
78	46	U
78	47	U
78	48	Lp
78	49	-1
78	50	Lp
78	51	Lp
78	52	Lp
78	53	Lp
78	54	Lp
78	55	Lp
78	56	Lp
78	57	L
78	58	L
78	59	-1
78	60	L
78	61	L
78	62	L
78	63	L
78	64	L
78	65	L
78	66	Lp
78	67	-1
78	68	Lp
78	69	-1
78	70	Lp
78	71	Lp
78	72	Lp
78	73	Lp
78	74	L
78	75	L
78	76	L
78	77	L
78	78	L
78	79	L
78	80	L
78	81	L
78	82	Lp
78	83	L
78	84	L
78	85	L
78	86	L
78	87	-1
78	88	L
78	89	L
78	90	L
78	91	L
78	92	-1
78	93	L
78	94	L
78	95	L
78	96	-1
78	97	-1
78	98	L
78	99	L
78	100	L
78	101	-1
78	102	-1
78	103	-1
78	104	Lp
78	105	-1
78	106	Lp
78	107	-1
78	108	Lp
78	109	Lp
78	110	-1
78	111	Lp
78	112	Lp
78	113	-1
78	114	-1
78	115	Lp
78	116	Lp
78	117	Lp
78	118	-1
78	119	Lp
79	0	Lp
79	1	Lp
79	2	Lp
79	3	Lp
79	4	Lp
79	5	Lp
79	6	L
79	7	Lp
79	8	-1
79	9	-1
79	10	L
79	11	L
79	12	-1
79	13	-1
79	14	Lp
79	15	Lp
79	16	Lp
79	17	-1
79	18	L
79	19	U
79	20	L
79	21	L
79	22	L
79	23	L
79	24	L
79	25	Lp
79	26	Lp
79	27	Lp
79	28	Lp
79	29	Lp
79	30	-1
79	31	Lp
79	32	Lp
79	33	Lp
79	34	-1
79	35	L
79	36	-1
79	37	-1
79	38	-1
79	39	Lp
79	40	L
79	41	L
79	42	L
79	43	Lp
79	44	L
79	45	Lp
79	46	U
79	47	L
79	48	L
79	49	L
79	50	Lp
79	51	Lp
79	52	Lp
79	53	Lp
79	54	-1
79	55	Lp
79	56	L
79	57	-1
79	58	L
79	59	L
79	60	L
79	61	L
79	62	L
79	63	L
79	64	L
79	65	L
79	66	L
79	67	-1
79	68	Lp
79	69	U
79	70	L
79	71	Lp
79	72	Lp
79	73	Lp
79	74	-1
79	75	-1
79	76	Lp
79	77	-1
79	78	-1
79	79	Lp
79	80	L
79	81	L
79	82	L
79	83	L
79	84	L
79	85	L
79	86	L
79	87	L
79	88	-1
79	89	L
79	90	L
79	91	U
79	92	U
79	93	-1
79	94	-1
79	95	L
79	96	Lp
79	97	L
79	98	L
79	99	L
79	100	L
79	101	L
79	102	Lp
79	103	Lp
79	104	Lp
79	105	-1
79	106	Lp
79	107	-1
79	108	Lp
79	109	Lp
79	110	Lp
79	111	-1
79	112	Lp
79	113	Lp
79	114	Lp
79	115	Lp
79	116	Lp
79	117	-1
79	118	Lp
79	119	Lp
80	0	-1
80	1	Lp
80	2	-1
80	3	-1
80	4	Lp
80	5	Lp
80	6	-1
80	7	Lp
80	8	Lp
80	9	L
80	10	L
80	11	L
80	12	L
80	13	Lp
80	14	Lp
80	15	Lp
80	16	Lp
80	17	L
80	18	L
80	19	L
80	20	-1
80	21	L
80	22	-1
80	23	L
80	24	-1
80	25	Lp
80	26	Lp
80	27	-1
80	28	-1
80	29	Lp
80	30	Lp
80	31	Lp
80	32	Lp
80	33	Lp
80	34	L
80	35	-1
80	36	Lp
80	37	Lp
80	38	Lp
80	39	Lp
80	40	Lp
80	41	-1
80	42	L
80	43	Lp
80	44	-1
80	45	L
80	46	-1
80	47	L
80	48	L
80	49	Lp
80	50	-1
80	51	Lp
80	52	-1
80	53	Lp
80	54	Lp
80	55	Lp
80	56	Lp
80	57	L
80	58	-1
80	59	L
80	60	L
80	61	-1
80	62	L
80	63	L
80	64	L
80	65	U
80	66	L
80	67	L
80	68	L
80	69	-1
80	70	L
80	71	Lp
80	72	-1
80	73	Lp
80	74	Lp
80	75	L
80	76	-1
80	77	-1
80	78	Lp
80	79	-1
80	80	L
80	81	L
80	82	-1
80	83	U
80	84	L
80	85	L
80	86	L
80	87	L
80	88	L
80	89	L
80	90	L
80	91	L
80	92	U
80	93	Lp
80	94	Lp
80	95	Lp
80	96	-1
80	97	-1
80	98	-1
80	99	L
80	100	Lp
80	101	L
80	102	Lp
80	103	Lp
80	104	Lp
80	105	Lp
80	106	Lp
80	107	Lp
80	108	Lp
80	109	Lp
80	110	-1
80	111	Lp
80	112	Lp
80	113	Lp
80	114	Lp
80	115	Lp
80	116	Lp
80	117	Lp
80	118	Lp
80	119	-1
81	0	-1
81	1	-1
81	2	Lp
81	3	-1
81	4	Lp
81	5	Lp
81	6	Lp
81	7	L
81	8	L
81	9	Lp
81	10	L
81	11	L
81	12	L
81	13	Lp
81	14	L
81	15	L
81	16	L
81	17	-1
81	18	L
81	19	-1
81	20	Lp
81	21	Lp
81	22	-1
81	23	L
81	24	L
81	25	U
81	26	-1
81	27	Lp
81	28	Lp
81	29	-1
81	30	L
81	31	-1
81	32	Lp
81	33	Lp
81	34	Lp
81	35	Lp
81	36	Lp
81	37	-1
81	38	Lp
81	39	Lp
81	40	Lp
81	41	Lp
81	42	Lp
81	43	Lp
81	44	Lp
81	45	L
81	46	L
81	47	L
81	48	Lp
81	49	Lp
81	50	Lp
81	51	-1
81	52	Lp
81	53	-1
81	54	Lp
81	55	Lp
81	56	Lp
81	57	L
81	58	L
81	59	L
81	60	-1
81	61	L
81	62	L
81	63	L
81	64	L
81	65	L
81	66	U
81	67	L
81	68	-1
81	69	L
81	70	-1
81	71	-1
81	72	L
81	73	L
81	74	L
81	75	Lp
81	76	L
81	77	-1
81	78	Lp
81	79	Lp
81	80	L
81	81	L
81	82	L
81	83	U
81	84	-1
81	85	U
81	86	U
81	87	-1
81	88	L
81	89	L
81	90	L
81	91	L
81	92	L
81	93	Lp
81	94	-1
81	95	Lp
81	96	L
81	97	-1
81	98	L
81	99	L
81	100	L
81	101	Lp
81	102	-1
81	103	Lp
81	104	Lp
81	105	Lp
81	106	Lp
81	107	Lp
81	108	Lp
81	109	-1
81	110	Lp
81	111	Lp
81	112	Lp
81	113	Lp
81	114	Lp
81	115	Lp
81	116	Lp
81	117	Lp
81	118	Lp
81	119	Lp
82	0	Lp
82	1	-1
82	2	-1
82	3	Lp
82	4	Lp
82	5	Lp
82	6	Lp
82	7	Lp
82	8	Lp
82	9	L
82	10	L
82	11	L
82	12	-1
82	13	L
82	14	L
82	15	L
82	16	L
82	17	L
82	18	L
82	19	L
82	20	L
82	21	Lp
82	22	L
82	23	L
82	24	L
82	25	U
82	26	L
82	27	-1
82	28	L
82	29	L
82	30	-1
82	31	Lp
82	32	-1
82	33	Lp
82	34	-1
82	35	Lp
82	36	Lp
82	37	Lp
82	38	Lp
82	39	-1
82	40	-1
82	41	Lp
82	42	Lp
82	43	Lp
82	44	L
82	45	L
82	46	L
82	47	L
82	48	Lp
82	49	-1
82	50	L
82	51	L
82	52	-1
82	53	Lp
82	54	L
82	55	Lp
82	56	Lp
82	57	Lp
82	58	L
82	59	Lp
82	60	L
82	61	L
82	62	L
82	63	L
82	64	L
82	65	-1
82	66	L
82	67	U
82	68	-1
82	69	Lp
82	70	-1
82	71	L
82	72	Lp
82	73	Lp
82	74	-1
82	75	L
82	76	L
82	77	-1
82	78	L
82	79	Lp
82	80	Lp
82	81	L
82	82	L
82	83	L
82	84	U
82	85	L
82	86	L
82	87	L
82	88	-1
82	89	L
82	90	L
82	91	-1
82	92	L
82	93	L
82	94	L
82	95	-1
82	96	Lp
82	97	L
82	98	L
82	99	L
82	100	Lp
82	101	Lp
82	102	Lp
82	103	Lp
82	104	Lp
82	105	Lp
82	106	Lp
82	107	Lp
82	108	Lp
82	109	Lp
82	110	Lp
82	111	Lp
82	112	Lp
82	113	Lp
82	114	Lp
82	115	Lp
82	116	Lp
82	117	Lp
82	118	-1
82	119	Lp
83	0	Lp
83	1	Lp
83	2	Lp
83	3	-1
83	4	Lp
83	5	-1
83	6	-1
83	7	-1
83	8	-1
83	9	-1
83	10	L
83	11	Lp
83	12	Lp
83	13	L
83	14	L
83	15	L
83	16	L
83	17	L
83	18	L
83	19	L
83	20	L
83	21	-1
83	22	-1
83	23	L
83	24	L
83	25	L
83	26	L
83	27	-1
83	28	L
83	29	Lp
83	30	Lp
83	31	-1
83	32	Lp
83	33	Lp
83	34	Lp
83	35	Lp
83	36	-1
83	37	-1
83	38	Lp
83	39	-1
83	40	-1
83	41	Lp
83	42	-1
83	43	L
83	44	L
83	45	-1
83	46	-1
83	47	L
83	48	Lp
83	49	Lp
83	50	-1
83	51	Lp
83	52	L
83	53	L
83	54	L
83	55	Lp
83	56	Lp
83	57	Lp
83	58	Lp
83	59	Lp
83	60	L
83	61	L
83	62	-1
83	63	L
83	64	L
83	65	L
83	66	L
83	67	L
83	68	Lp
83	69	-1
83	70	Lp
83	71	Lp
83	72	Lp
83	73	L
83	74	L
83	75	L
83	76	Lp
83	77	Lp
83	78	Lp
83	79	-1
83	80	L
83	81	L
83	82	L
83	83	-1
83	84	L
83	85	L
83	86	L
83	87	L
83	88	L
83	89	-1
83	90	-1
83	91	L
83	92	-1
83	93	Lp
83	94	-1
83	95	Lp
83	96	-1
83	97	Lp
83	98	Lp
83	99	Lp
83	100	-1
83	101	Lp
83	102	Lp
83	103	Lp
83	104	-1
83	105	Lp
83	106	Lp
83	107	Lp
83	108	-1
83	109	-1
83	110	Lp
83	111	Lp
83	112	Lp
83	113	-1
83	114	-1
83	115	Lp
83	116	Lp
83	117	Lp
83	118	Lp
83	119	Lp
84	0	Lp
84	1	-1
84	2	-1
84	3	-1
84	4	Lp
84	5	Lp
84	6	Lp
84	7	Lp
84	8	Lp
84	9	L
84	10	Lp
84	11	-1
84	12	-1
84	13	-1
84	14	L
84	15	-1
84	16	-1
84	17	Lp
84	18	-1
84	19	L
84	20	Lp
84	21	L
84	22	-1
84	23	L
84	24	L
84	25	L
84	26	L
84	27	-1
84	28	Lp
84	29	L
84	30	Lp
84	31	Lp
84	32	Lp
84	33	Lp
84	34	-1
84	35	Lp
84	36	Lp
84	37	Lp
84	38	-1
84	39	-1
84	40	Lp
84	41	Lp
84	42	L
84	43	L
84	44	Lp
84	45	L
84	46	-1
84	47	-1
84	48	Lp
84	49	L
84	50	Lp
84	51	Lp
84	52	L
84	53	Lp
84	54	L
84	55	L
84	56	-1
84	57	L
84	58	Lp
84	59	-1
84	60	Lp
84	61	L
84	62	L
84	63	L
84	64	L
84	65	L
84	66	Lp
84	67	L
84	68	-1
84	69	Lp
84	70	Lp
84	71	Lp
84	72	Lp
84	73	-1
84	74	-1
84	75	Lp
84	76	Lp
84	77	Lp
84	78	Lp
84	79	Lp
84	80	L
84	81	L
84	82	-1
84	83	-1
84	84	-1
84	85	L
84	86	L
84	87	Lp
84	88	Lp
84	89	Lp
84	90	L
84	91	L
84	92	-1
84	93	Lp
84	94	Lp
84	95	L
84	96	Lp
84	97	Lp
84	98	Lp
84	99	Lp
84	100	-1
84	101	Lp
84	102	-1
84	103	Lp
84	104	Lp
84	105	Lp
84	106	Lp
84	107	-1
84	108	Lp
84	109	-1
84	110	Lp
84	111	Lp
84	112	Lp
84	113	-1
84	114	Lp
84	115	Lp
84	116	Lp
84	117	Lp
84	118	L
84	119	-1
85	0	Lp
85	1	-1
85	2	-1
85	3	-1
85	4	Lp
85	5	Lp
85	6	L
85	7	Lp
85	8	L
85	9	-1
85	10	-1
85	11	L
85	12	L
85	13	L
85	14	L
85	15	Lp
85	16	Lp
85	17	L
85	18	-1
85	19	Lp
85	20	-1
85	21	L
85	22	Lp
85	23	Lp
85	24	L
85	25	-1
85	26	-1
85	27	-1
85	28	Lp
85	29	Lp
85	30	L
85	31	Lp
85	32	Lp
85	33	-1
85	34	Lp
85	35	U
85	36	-1
85	37	Lp
85	38	Lp
85	39	-1
85	40	-1
85	41	Lp
85	42	Lp
85	43	-1
85	44	Lp
85	45	Lp
85	46	Lp
85	47	L
85	48	L
85	49	L
85	50	L
85	51	Lp
85	52	L
85	53	L
85	54	Lp
85	55	-1
85	56	L
85	57	Lp
85	58	Lp
85	59	L
85	60	Lp
85	61	L
85	62	L
85	63	L
85	64	-1
85	65	L
85	66	-1
85	67	-1
85	68	Lp
85	69	-1
85	70	Lp
85	71	-1
85	72	Lp
85	73	L
85	74	-1
85	75	Lp
85	76	Lp
85	77	Lp
85	78	Lp
85	79	Lp
85	80	L
85	81	L
85	82	L
85	83	Lp
85	84	L
85	85	L
85	86	L
85	87	L
85	88	Lp
85	89	Lp
85	90	L
85	91	L
85	92	-1
85	93	Lp
85	94	Lp
85	95	-1
85	96	-1
85	97	Lp
85	98	Lp
85	99	Lp
85	100	Lp
85	101	Lp
85	102	-1
85	103	Lp
85	104	Lp
85	105	-1
85	106	Lp
85	107	Lp
85	108	Lp
85	109	Lp
85	110	-1
85	111	Lp
85	112	Lp
85	113	Lp
85	114	Lp
85	115	Lp
85	116	Lp
85	117	-1
85	118	L
85	119	-1
86	0	L
86	1	Lp
86	2	Lp
86	3	-1
86	4	Lp
86	5	-1
86	6	L
86	7	L
86	8	L
86	9	L
86	10	L
86	11	L
86	12	L
86	13	L
86	14	Lp
86	15	-1
86	16	L
86	17	L
86	18	L
86	19	L
86	20	-1
86	21	-1
86	22	Lp
86	23	L
86	24	Lp
86	25	-1
86	26	Lp
86	27	-1
86	28	Lp
86	29	L
86	30	-1
86	31	Lp
86	32	U
86	33	-1
86	34	-1
86	35	-1
86	36	L
86	37	Lp
86	38	Lp
86	39	Lp
86	40	-1
86	41	L
86	42	L
86	43	L
86	44	Lp
86	45	-1
86	46	Lp
86	47	L
86	48	L
86	49	L
86	50	L
86	51	Lp
86	52	-1
86	53	-1
86	54	-1
86	55	L
86	56	-1
86	57	Lp
86	58	L
86	59	-1
86	60	L
86	61	L
86	62	L
86	63	L
86	64	Lp
86	65	-1
86	66	Lp
86	67	-1
86	68	Lp
86	69	Lp
86	70	Lp
86	71	Lp
86	72	-1
86	73	Lp
86	74	Lp
86	75	Lp
86	76	Lp
86	77	Lp
86	78	Lp
86	79	Lp
86	80	-1
86	81	L
86	82	Lp
86	83	Lp
86	84	L
86	85	L
86	86	L
86	87	Lp
86	88	L
86	89	Lp
86	90	Lp
86	91	L
86	92	L
86	93	-1
86	94	Lp
86	95	Lp
86	96	Lp
86	97	Lp
86	98	Lp
86	99	-1
86	100	Lp
86	101	Lp
86	102	-1
86	103	Lp
86	104	Lp
86	105	Lp
86	106	Lp
86	107	-1
86	108	Lp
86	109	Lp
86	110	Lp
86	111	Lp
86	112	Lp
86	113	Lp
86	114	-1
86	115	Lp
86	116	Lp
86	117	L
86	118	-1
86	119	L
87	0	L
87	1	Lp
87	2	Lp
87	3	-1
87	4	-1
87	5	L
87	6	L
87	7	L
87	8	-1
87	9	-1
87	10	L
87	11	Lp
87	12	Lp
87	13	Lp
87	14	Lp
87	15	Lp
87	16	L
87	17	-1
87	18	L
87	19	L
87	20	L
87	21	L
87	22	L
87	23	U
87	24	U
87	25	-1
87	26	-1
87	27	Lp
87	28	Lp
87	29	L
87	30	L
87	31	-1
87	32	Lp
87	33	Lp
87	34	Lp
87	35	L
87	36	L
87	37	L
87	38	Lp
87	39	Lp
87	40	U
87	41	L
87	42	U
87	43	Lp
87	44	Lp
87	45	Lp
87	46	Lp
87	47	Lp
87	48	Lp
87	49	-1
87	50	L
87	51	Lp
87	52	-1
87	53	Lp
87	54	Lp
87	55	Lp
87	56	-1
87	57	Lp
87	58	Lp
87	59	Lp
87	60	-1
87	61	L
87	62	L
87	63	L
87	64	L
87	65	-1
87	66	Lp
87	67	Lp
87	68	-1
87	69	Lp
87	70	Lp
87	71	Lp
87	72	Lp
87	73	Lp
87	74	Lp
87	75	Lp
87	76	L
87	77	Lp
87	78	Lp
87	79	Lp
87	80	L
87	81	-1
87	82	L
87	83	-1
87	84	L
87	85	Lp
87	86	-1
87	87	L
87	88	Lp
87	89	-1
87	90	Lp
87	91	Lp
87	92	L
87	93	L
87	94	Lp
87	95	-1
87	96	Lp
87	97	-1
87	98	Lp
87	99	Lp
87	100	-1
87	101	-1
87	102	Lp
87	103	-1
87	104	-1
87	105	Lp
87	106	Lp
87	107	Lp
87	108	U
87	109	-1
87	110	-1
87	111	Lp
87	112	Lp
87	113	Lp
87	114	-1
87	115	-1
87	116	Lp
87	117	Lp
87	118	-1
87	119	Lp
88	0	L
88	1	Lp
88	2	-1
88	3	Lp
88	4	Lp
88	5	Lp
88	6	Lp
88	7	-1
88	8	L
88	9	L
88	10	L
88	11	Lp
88	12	Lp
88	13	Lp
88	14	Lp
88	15	-1
88	16	Lp
88	17	L
88	18	L
88	19	L
88	20	L
88	21	-1
88	22	L
88	23	-1
88	24	U
88	25	L
88	26	-1
88	27	-1
88	28	-1
88	29	L
88	30	Lp
88	31	L
88	32	-1
88	33	-1
88	34	Lp
88	35	L
88	36	L
88	37	L
88	38	L
88	39	L
88	40	L
88	41	U
88	42	U
88	43	U
88	44	Lp
88	45	Lp
88	46	Lp
88	47	-1
88	48	Lp
88	49	Lp
88	50	Lp
88	51	-1
88	52	Lp
88	53	Lp
88	54	Lp
88	55	Lp
88	56	Lp
88	57	Lp
88	58	L
88	59	Lp
88	60	Lp
88	61	L
88	62	L
88	63	L
88	64	-1
88	65	-1
88	66	Lp
88	67	Lp
88	68	Lp
88	69	-1
88	70	Lp
88	71	Lp
88	72	Lp
88	73	Lp
88	74	-1
88	75	Lp
88	76	Lp
88	77	Lp
88	78	Lp
88	79	-1
88	80	Lp
88	81	L
88	82	Lp
88	83	L
88	84	Lp
88	85	U
88	86	U
88	87	-1
88	88	-1
88	89	-1
88	90	-1
88	91	Lp
88	92	Lp
88	93	Lp
88	94	-1
88	95	-1
88	96	Lp
88	97	Lp
88	98	Lp
88	99	U
88	100	Lp
88	101	Lp
88	102	Lp
88	103	Lp
88	104	Lp
88	105	Lp
88	106	-1
88	107	Lp
88	108	Lp
88	109	Lp
88	110	Lp
88	111	-1
88	112	Lp
88	113	Lp
88	114	Lp
88	115	Lp
88	116	Lp
88	117	L
88	118	Lp
88	119	L
89	0	Lp
89	1	L
89	2	-1
89	3	-1
89	4	Lp
89	5	Lp
89	6	L
89	7	L
89	8	L
89	9	L
89	10	L
89	11	L
89	12	Lp
89	13	Lp
89	14	Lp
89	15	-1
89	16	L
89	17	-1
89	18	L
89	19	L
89	20	L
89	21	-1
89	22	L
89	23	L
89	24	-1
89	25	-1
89	26	L
89	27	L
89	28	L
89	29	Lp
89	30	Lp
89	31	Lp
89	32	-1
89	33	L
89	34	L
89	35	L
89	36	L
89	37	L
89	38	L
89	39	-1
89	40	U
89	41	U
89	42	L
89	43	L
89	44	Lp
89	45	-1
89	46	Lp
89	47	-1
89	48	Lp
89	49	-1
89	50	Lp
89	51	Lp
89	52	Lp
89	53	Lp
89	54	Lp
89	55	Lp
89	56	Lp
89	57	Lp
89	58	Lp
89	59	L
89	60	L
89	61	L
89	62	L
89	63	Lp
89	64	Lp
89	65	Lp
89	66	Lp
89	67	L
89	68	-1
89	69	Lp
89	70	Lp
89	71	Lp
89	72	-1
89	73	Lp
89	74	Lp
89	75	Lp
89	76	Lp
89	77	-1
89	78	L
89	79	L
89	80	-1
89	81	Lp
89	82	-1
89	83	L
89	84	U
89	85	-1
89	86	U
89	87	-1
89	88	-1
89	89	-1
89	90	-1
89	91	L
89	92	Lp
89	93	Lp
89	94	Lp
89	95	Lp
89	96	-1
89	97	Lp
89	98	U
89	99	U
89	100	Lp
89	101	Lp
89	102	Lp
89	103	Lp
89	104	-1
89	105	-1
89	106	Lp
89	107	U
89	108	-1
89	109	Lp
89	110	Lp
89	111	Lp
89	112	Lp
89	113	-1
89	114	Lp
89	115	Lp
89	116	Lp
89	117	Lp
89	118	-1
89	119	-1
90	0	L
90	1	Lp
90	2	-1
90	3	Lp
90	4	Lp
90	5	L
90	6	Lp
90	7	L
90	8	L
90	9	L
90	10	L
90	11	Lp
90	12	L
90	13	U
90	14	Lp
90	15	Lp
90	16	Lp
90	17	L
90	18	L
90	19	L
90	20	L
90	21	L
90	22	-1
90	23	L
90	24	L
90	25	Lp
90	26	Lp
90	27	L
90	28	L
90	29	L
90	30	Lp
90	31	Lp
90	32	-1
90	33	L
90	34	-1
90	35	L
90	36	L
90	37	L
90	38	-1
90	39	-1
90	40	L
90	41	L
90	42	-1
90	43	L
90	44	Lp
90	45	Lp
90	46	-1
90	47	Lp
90	48	Lp
90	49	Lp
90	50	Lp
90	51	Lp
90	52	Lp
90	53	-1
90	54	Lp
90	55	Lp
90	56	Lp
90	57	Lp
90	58	-1
90	59	Lp
90	60	-1
90	61	Lp
90	62	Lp
90	63	Lp
90	64	Lp
90	65	Lp
90	66	Lp
90	67	Lp
90	68	-1
90	69	Lp
90	70	Lp
90	71	Lp
90	72	Lp
90	73	Lp
90	74	Lp
90	75	Lp
90	76	Lp
90	77	Lp
90	78	Lp
90	79	L
90	80	-1
90	81	L
90	82	-1
90	83	-1
90	84	-1
90	85	-1
90	86	-1
90	87	U
90	88	L
90	89	-1
90	90	Lp
90	91	Lp
90	92	Lp
90	93	Lp
90	94	Lp
90	95	Lp
90	96	U
90	97	Lp
90	98	U
90	99	U
90	100	U
90	101	-1
90	102	-1
90	103	Lp
90	104	Lp
90	105	Lp
90	106	U
90	107	U
90	108	-1
90	109	Lp
90	110	Lp
90	111	-1
90	112	Lp
90	113	Lp
90	114	Lp
90	115	L
90	116	L
90	117	L
90	118	Lp
90	119	L
91	0	-1
91	1	-1
91	2	L
91	3	L
91	4	L
91	5	-1
91	6	-1
91	7	L
91	8	L
91	9	-1
91	10	L
91	11	L
91	12	Lp
91	13	-1
91	14	Lp
91	15	L
91	16	Lp
91	17	L
91	18	L
91	19	-1
91	20	L
91	21	L
91	22	L
91	23	L
91	24	L
91	25	L
91	26	Lp
91	27	L
91	28	L
91	29	-1
91	30	Lp
91	31	-1
91	32	-1
91	33	L
91	34	L
91	35	U
91	36	-1
91	37	-1
91	38	L
91	39	U
91	40	U
91	41	U
91	42	L
91	43	L
91	44	Lp
91	45	Lp
91	46	Lp
91	47	-1
91	48	Lp
91	49	Lp
91	50	-1
91	51	Lp
91	52	Lp
91	53	Lp
91	54	Lp
91	55	-1
91	56	Lp
91	57	-1
91	58	Lp
91	59	Lp
91	60	Lp
91	61	Lp
91	62	Lp
91	63	Lp
91	64	Lp
91	65	Lp
91	66	Lp
91	67	Lp
91	68	-1
91	69	Lp
91	70	-1
91	71	Lp
91	72	Lp
91	73	Lp
91	74	-1
91	75	Lp
91	76	Lp
91	77	Lp
91	78	Lp
91	79	L
91	80	L
91	81	-1
91	82	L
91	83	L
91	84	L
91	85	L
91	86	U
91	87	U
91	88	Lp
91	89	Lp
91	90	Lp
91	91	Lp
91	92	Lp
91	93	Lp
91	94	Lp
91	95	-1
91	96	U
91	97	U
91	98	U
91	99	U
91	100	U
91	101	U
91	102	Lp
91	103	Lp
91	104	Lp
91	105	Lp
91	106	U
91	107	Lp
91	108	Lp
91	109	Lp
91	110	-1
91	111	Lp
91	112	Lp
91	113	-1
91	114	L
91	115	-1
91	116	L
91	117	Lp
91	118	L
91	119	L
92	0	L
92	1	L
92	2	-1
92	3	L
92	4	L
92	5	L
92	6	L
92	7	L
92	8	L
92	9	L
92	10	L
92	11	L
92	12	L
92	13	Lp
92	14	Lp
92	15	Lp
92	16	L
92	17	-1
92	18	L
92	19	-1
92	20	L
92	21	L
92	22	L
92	23	L
92	24	L
92	25	L
92	26	L
92	27	L
92	28	L
92	29	L
92	30	L
92	31	L
92	32	L
92	33	-1
92	34	L
92	35	L
92	36	-1
92	37	-1
92	38	-1
92	39	L
92	40	U
92	41	L
92	42	-1
92	43	L
92	44	L
92	45	Lp
92	46	Lp
92	47	Lp
92	48	Lp
92	49	Lp
92	50	Lp
92	51	Lp
92	52	Lp
92	53	Lp
92	54	-1
92	55	-1
92	56	Lp
92	57	Lp
92	58	Lp
92	59	-1
92	60	Lp
92	61	Lp
92	62	Lp
92	63	Lp
92	64	Lp
92	65	-1
92	66	L
92	67	L
92	68	L
92	69	-1
92	70	Lp
92	71	-1
92	72	-1
92	73	Lp
92	74	Lp
92	75	Lp
92	76	Lp
92	77	-1
92	78	Lp
92	79	Lp
92	80	Lp
92	81	L
92	82	L
92	83	L
92	84	L
92	85	L
92	86	L
92	87	U
92	88	Lp
92	89	L
92	90	Lp
92	91	Lp
92	92	-1
92	93	Lp
92	94	-1
92	95	U
92	96	U
92	97	U
92	98	U
92	99	U
92	100	U
92	101	U
92	102	Lp
92	103	-1
92	104	Lp
92	105	-1
92	106	-1
92	107	Lp
92	108	-1
92	109	Lp
92	110	-1
92	111	-1
92	112	-1
92	113	-1
92	114	L
92	115	L
92	116	L
92	117	L
92	118	L
92	119	L
93	0	L
93	1	-1
93	2	L
93	3	L
93	4	-1
93	5	-1
93	6	L
93	7	L
93	8	L
93	9	L
93	10	L
93	11	L
93	12	-1
93	13	-1
93	14	Lp
93	15	Lp
93	16	L
93	17	L
93	18	L
93	19	-1
93	20	L
93	21	L
93	22	L
93	23	L
93	24	L
93	25	L
93	26	-1
93	27	-1
93	28	L
93	29	Lp
93	30	L
93	31	-1
93	32	L
93	33	L
93	34	L
93	35	L
93	36	-1
93	37	-1
93	38	-1
93	39	-1
93	40	L
93	41	-1
93	42	L
93	43	Lp
93	44	L
93	45	-1
93	46	Lp
93	47	-1
93	48	Lp
93	49	-1
93	50	Lp
93	51	Lp
93	52	Lp
93	53	-1
93	54	Lp
93	55	-1
93	56	Lp
93	57	Lp
93	58	Lp
93	59	-1
93	60	Lp
93	61	Lp
93	62	Lp
93	63	Lp
93	64	-1
93	65	Lp
93	66	L
93	67	L
93	68	L
93	69	-1
93	70	Lp
93	71	Lp
93	72	Lp
93	73	Lp
93	74	Lp
93	75	-1
93	76	Lp
93	77	Lp
93	78	-1
93	79	Lp
93	80	Lp
93	81	Lp
93	82	Lp
93	83	-1
93	84	Lp
93	85	L
93	86	-1
93	87	L
93	88	-1
93	89	Lp
93	90	-1
93	91	Lp
93	92	-1
93	93	Lp
93	94	-1
93	95	-1
93	96	-1
93	97	U
93	98	Lp
93	99	U
93	100	-1
93	101	-1
93	102	Lp
93	103	-1
93	104	Lp
93	105	Lp
93	106	Lp
93	107	-1
93	108	Lp
93	109	Lp
93	110	Lp
93	111	-1
93	112	Lp
93	113	Lp
93	114	-1
93	115	-1
93	116	L
93	117	L
93	118	L
93	119	L
94	0	-1
94	1	L
94	2	L
94	3	-1
94	4	L
94	5	L
94	6	L
94	7	L
94	8	-1
94	9	L
94	10	-1
94	11	L
94	12	L
94	13	Lp
94	14	Lp
94	15	Lp
94	16	-1
94	17	-1
94	18	L
94	19	L
94	20	L
94	21	L
94	22	L
94	23	L
94	24	-1
94	25	L
94	26	L
94	27	L
94	28	L
94	29	L
94	30	L
94	31	-1
94	32	L
94	33	L
94	34	L
94	35	L
94	36	L
94	37	-1
94	38	-1
94	39	L
94	40	L
94	41	L
94	42	Lp
94	43	Lp
94	44	Lp
94	45	Lp
94	46	-1
94	47	Lp
94	48	-1
94	49	-1
94	50	-1
94	51	Lp
94	52	-1
94	53	-1
94	54	Lp
94	55	Lp
94	56	Lp
94	57	Lp
94	58	Lp
94	59	Lp
94	60	Lp
94	61	L
94	62	L
94	63	Lp
94	64	Lp
94	65	Lp
94	66	Lp
94	67	Lp
94	68	-1
94	69	Lp
94	70	Lp
94	71	Lp
94	72	-1
94	73	Lp
94	74	Lp
94	75	-1
94	76	Lp
94	77	Lp
94	78	Lp
94	79	Lp
94	80	L
94	81	L
94	82	-1
94	83	-1
94	84	L
94	85	L
94	86	Lp
94	87	Lp
94	88	Lp
94	89	Lp
94	90	Lp
94	91	Lp
94	92	Lp
94	93	Lp
94	94	U
94	95	U
94	96	-1
94	97	-1
94	98	Lp
94	99	-1
94	100	-1
94	101	-1
94	102	Lp
94	103	Lp
94	104	-1
94	105	Lp
94	106	Lp
94	107	Lp
94	108	Lp
94	109	Lp
94	110	Lp
94	111	Lp
94	112	Lp
94	113	Lp
94	114	-1
94	115	L
94	116	L
94	117	L
94	118	L
94	119	L
95	0	L
95	1	-1
95	2	L
95	3	L
95	4	-1
95	5	Lp
95	6	Lp
95	7	Lp
95	8	Lp
95	9	-1
95	10	L
95	11	-1
95	12	L
95	13	Lp
95	14	Lp
95	15	L
95	16	-1
95	17	L
95	18	-1
95	19	-1
95	20	L
95	21	-1
95	22	L
95	23	L
95	24	L
95	25	L
95	26	L
95	27	L
95	28	L
95	29	Lp
95	30	L
95	31	-1
95	32	L
95	33	Lp
95	34	-1
95	35	L
95	36	L
95	37	L
95	38	L
95	39	L
95	40	L
95	41	L
95	42	Lp
95	43	U
95	44	Lp
95	45	-1
95	46	-1
95	47	Lp
95	48	Lp
95	49	Lp
95	50	Lp
95	51	Lp
95	52	Lp
95	53	Lp
95	54	-1
95	55	Lp
95	56	Lp
95	57	Lp
95	58	Lp
95	59	Lp
95	60	Lp
95	61	Lp
95	62	Lp
95	63	Lp
95	64	Lp
95	65	Lp
95	66	Lp
95	67	L
95	68	Lp
95	69	Lp
95	70	L
95	71	L
95	72	-1
95	73	Lp
95	74	Lp
95	75	Lp
95	76	Lp
95	77	-1
95	78	Lp
95	79	Lp
95	80	-1
95	81	L
95	82	L
95	83	L
95	84	Lp
95	85	L
95	86	Lp
95	87	Lp
95	88	Lp
95	89	Lp
95	90	Lp
95	91	-1
95	92	Lp
95	93	Lp
95	94	U
95	95	U
95	96	U
95	97	U
95	98	Lp
95	99	U
95	100	Lp
95	101	Lp
95	102	-1
95	103	Lp
95	104	Lp
95	105	Lp
95	106	Lp
95	107	Lp
95	108	-1
95	109	Lp
95	110	-1
95	111	Lp
95	112	Lp
95	113	Lp
95	114	-1
95	115	Lp
95	116	Lp
95	117	L
95	118	Lp
95	119	Lp
96	0	L
96	1	-1
96	2	Lp
96	3	Lp
96	4	L
96	5	Lp
96	6	Lp
96	7	Lp
96	8	Lp
96	9	L
96	10	L
96	11	L
96	12	L
96	13	L
96	14	Lp
96	15	Lp
96	16	-1
96	17	L
96	18	L
96	19	L
96	20	-1
96	21	L
96	22	L
96	23	-1
96	24	L
96	25	L
96	26	L
96	27	-1
96	28	Lp
96	29	L
96	30	L
96	31	L
96	32	L
96	33	L
96	34	L
96	35	L
96	36	-1
96	37	L
96	38	-1
96	39	L
96	40	L
96	41	L
96	42	-1
96	43	Lp
96	44	Lp
96	45	-1
96	46	Lp
96	47	Lp
96	48	Lp
96	49	-1
96	50	Lp
96	51	Lp
96	52	Lp
96	53	-1
96	54	Lp
96	55	Lp
96	56	Lp
96	57	Lp
96	58	-1
96	59	Lp
96	60	Lp
96	61	-1
96	62	Lp
96	63	Lp
96	64	Lp
96	65	Lp
96	66	Lp
96	67	Lp
96	68	Lp
96	69	L
96	70	L
96	71	-1
96	72	U
96	73	U
96	74	Lp
96	75	Lp
96	76	Lp
96	77	Lp
96	78	Lp
96	79	Lp
96	80	Lp
96	81	Lp
96	82	L
96	83	-1
96	84	Lp
96	85	Lp
96	86	Lp
96	87	Lp
96	88	Lp
96	89	Lp
96	90	-1
96	91	-1
96	92	Lp
96	93	-1
96	94	U
96	95	U
96	96	-1
96	97	Lp
96	98	U
96	99	-1
96	100	Lp
96	101	Lp
96	102	Lp
96	103	Lp
96	104	Lp
96	105	Lp
96	106	Lp
96	107	Lp
96	108	-1
96	109	Lp
96	110	-1
96	111	-1
96	112	Lp
96	113	-1
96	114	Lp
96	115	Lp
96	116	Lp
96	117	Lp
96	118	Lp
96	119	-1
97	0	L
97	1	-1
97	2	L
97	3	Lp
97	4	Lp
97	5	Lp
97	6	L
97	7	Lp
97	8	-1
97	9	Lp
97	10	L
97	11	L
97	12	L
97	13	L
97	14	L
97	15	L
97	16	L
97	17	L
97	18	L
97	19	L
97	20	-1
97	21	L
97	22	L
97	23	L
97	24	L
97	25	L
97	26	Lp
97	27	Lp
97	28	Lp
97	29	Lp
97	30	-1
97	31	L
97	32	L
97	33	L
97	34	L
97	35	L
97	36	L
97	37	L
97	38	-1
97	39	-1
97	40	L
97	41	-1
97	42	Lp
97	43	Lp
97	44	-1
97	45	L
97	46	L
97	47	L
97	48	Lp
97	49	Lp
97	50	Lp
97	51	-1
97	52	Lp
97	53	-1
97	54	-1
97	55	Lp
97	56	Lp
97	57	Lp
97	58	-1
97	59	-1
97	60	Lp
97	61	Lp
97	62	Lp
97	63	Lp
97	64	Lp
97	65	Lp
97	66	Lp
97	67	Lp
97	68	Lp
97	69	Lp
97	70	Lp
97	71	-1
97	72	-1
97	73	U
97	74	Lp
97	75	-1
97	76	Lp
97	77	Lp
97	78	Lp
97	79	Lp
97	80	Lp
97	81	Lp
97	82	-1
97	83	Lp
97	84	Lp
97	85	Lp
97	86	Lp
97	87	Lp
97	88	Lp
97	89	Lp
97	90	Lp
97	91	Lp
97	92	Lp
97	93	Lp
97	94	-1
97	95	Lp
97	96	Lp
97	97	Lp
97	98	Lp
97	99	Lp
97	100	Lp
97	101	Lp
97	102	Lp
97	103	Lp
97	104	Lp
97	105	Lp
97	106	Lp
97	107	Lp
97	108	Lp
97	109	Lp
97	110	Lp
97	111	Lp
97	112	Lp
97	113	-1
97	114	-1
97	115	Lp
97	116	Lp
97	117	-1
97	118	L
97	119	L
98	0	L
98	1	-1
98	2	L
98	3	L
98	4	Lp
98	5	L
98	6	Lp
98	7	L
98	8	L
98	9	L
98	10	Lp
98	11	-1
98	12	L
98	13	L
98	14	L
98	15	L
98	16	-1
98	17	L
98	18	-1
98	19	-1
98	20	L
98	21	L
98	22	L
98	23	L
98	24	L
98	25	-1
98	26	L
98	27	L
98	28	-1
98	29	-1
98	30	L
98	31	L
98	32	L
98	33	L
98	34	L
98	35	-1
98	36	L
98	37	L
98	38	L
98	39	L
98	40	L
98	41	L
98	42	-1
98	43	Lp
98	44	Lp
98	45	L
98	46	L
98	47	Lp
98	48	Lp
98	49	Lp
98	50	Lp
98	51	-1
98	52	Lp
98	53	Lp
98	54	Lp
98	55	-1
98	56	Lp
98	57	Lp
98	58	Lp
98	59	Lp
98	60	-1
98	61	-1
98	62	Lp
98	63	Lp
98	64	Lp
98	65	Lp
98	66	Lp
98	67	-1
98	68	Lp
98	69	Lp
98	70	Lp
98	71	-1
98	72	U
98	73	Lp
98	74	-1
98	75	Lp
98	76	-1
98	77	Lp
98	78	Lp
98	79	-1
98	80	Lp
98	81	Lp
98	82	L
98	83	Lp
98	84	U
98	85	L
98	86	Lp
98	87	Lp
98	88	Lp
98	89	-1
98	90	-1
98	91	Lp
98	92	-1
98	93	-1
98	94	Lp
98	95	-1
98	96	Lp
98	97	Lp
98	98	Lp
98	99	Lp
98	100	Lp
98	101	Lp
98	102	Lp
98	103	Lp
98	104	Lp
98	105	Lp
98	106	-1
98	107	Lp
98	108	Lp
98	109	Lp
98	110	Lp
98	111	Lp
98	112	Lp
98	113	-1
98	114	Lp
98	115	-1
98	116	L
98	117	L
98	118	-1
98	119	L
99	0	L
99	1	L
99	2	L
99	3	L
99	4	Lp
99	5	L
99	6	L
99	7	L
99	8	L
99	9	Lp
99	10	L
99	11	L
99	12	L
99	13	Lp
99	14	-1
99	15	-1
99	16	L
99	17	-1
99	18	-1
99	19	L
99	20	-1
99	21	-1
99	22	L
99	23	Lp
99	24	L
99	25	Lp
99	26	-1
99	27	L
99	28	L
99	29	L
99	30	L
99	31	-1
99	32	-1
99	33	L
99	34	L
99	35	L
99	36	L
99	37	L
99	38	L
99	39	L
99	40	L
99	41	L
99	42	L
99	43	Lp
99	44	L
99	45	L
99	46	Lp
99	47	-1
99	48	Lp
99	49	Lp
99	50	-1
99	51	-1
99	52	Lp
99	53	-1
99	54	Lp
99	55	-1
99	56	-1
99	57	-1
99	58	Lp
99	59	-1
99	60	Lp
99	61	Lp
99	62	Lp
99	63	Lp
99	64	U
99	65	-1
99	66	U
99	67	-1
99	68	-1
99	69	-1
99	70	Lp
99	71	-1
99	72	-1
99	73	Lp
99	74	Lp
99	75	Lp
99	76	Lp
99	77	Lp
99	78	Lp
99	79	Lp
99	80	Lp
99	81	L
99	82	-1
99	83	L
99	84	Lp
99	85	-1
99	86	Lp
99	87	Lp
99	88	-1
99	89	L
99	90	L
99	91	L
99	92	-1
99	93	-1
99	94	L
99	95	L
99	96	Lp
99	97	Lp
99	98	-1
99	99	-1
99	100	Lp
99	101	Lp
99	102	Lp
99	103	Lp
99	104	L
99	105	L
99	106	Lp
99	107	-1
99	108	-1
99	109	Lp
99	110	Lp
99	111	Lp
99	112	-1
99	113	Lp
99	114	Lp
99	115	Lp
99	116	Lp
99	117	L
99	118	L
99	119	L
100	0	L
100	1	L
100	2	L
100	3	-1
100	4	L
100	5	L
100	6	L
100	7	L
100	8	L
100	9	Lp
100	10	L
100	11	L
100	12	Lp
100	13	L
100	14	-1
100	15	-1
100	16	L
100	17	L
100	18	L
100	19	L
100	20	L
100	21	L
100	22	L
100	23	L
100	24	Lp
100	25	Lp
100	26	Lp
100	27	-1
100	28	L
100	29	L
100	30	L
100	31	L
100	32	L
100	33	-1
100	34	-1
100	35	-1
100	36	L
100	37	L
100	38	L
100	39	-1
100	40	L
100	41	L
100	42	L
100	43	-1
100	44	Lp
100	45	-1
100	46	L
100	47	Lp
100	48	Lp
100	49	-1
100	50	Lp
100	51	-1
100	52	Lp
100	53	Lp
100	54	Lp
100	55	-1
100	56	Lp
100	57	Lp
100	58	-1
100	59	Lp
100	60	Lp
100	61	Lp
100	62	Lp
100	63	U
100	64	Lp
100	65	U
100	66	Lp
100	67	Lp
100	68	Lp
100	69	Lp
100	70	-1
100	71	Lp
100	72	Lp
100	73	Lp
100	74	-1
100	75	Lp
100	76	Lp
100	77	U
100	78	U
100	79	Lp
100	80	Lp
100	81	Lp
100	82	-1
100	83	-1
100	84	L
100	85	Lp
100	86	Lp
100	87	Lp
100	88	Lp
100	89	-1
100	90	L
100	91	Lp
100	92	-1
100	93	Lp
100	94	Lp
100	95	L
100	96	Lp
100	97	Lp
100	98	Lp
100	99	-1
100	100	Lp
100	101	Lp
100	102	U
100	103	L
100	104	-1
100	105	L
100	106	Lp
100	107	Lp
100	108	Lp
100	109	Lp
100	110	Lp
100	111	U
100	112	U
100	113	Lp
100	114	L
100	115	L
100	116	Lp
100	117	L
100	118	L
100	119	L
101	0	-1
101	1	L
101	2	L
101	3	L
101	4	Lp
101	5	Lp
101	6	L
101	7	L
101	8	Lp
101	9	-1
101	10	L
101	11	-1
101	12	Lp
101	13	L
101	14	L
101	15	L
101	16	L
101	17	L
101	18	-1
101	19	Lp
101	20	-1
101	21	L
101	22	L
101	23	L
101	24	Lp
101	25	Lp
101	26	L
101	27	L
101	28	L
101	29	L
101	30	L
101	31	L
101	32	U
101	33	-1
101	34	L
101	35	L
101	36	-1
101	37	L
101	38	L
101	39	L
101	40	-1
101	41	-1
101	42	-1
101	43	-1
101	44	Lp
101	45	L
101	46	L
101	47	-1
101	48	Lp
101	49	-1
101	50	-1
101	51	Lp
101	52	Lp
101	53	Lp
101	54	-1
101	55	Lp
101	56	Lp
101	57	Lp
101	58	Lp
101	59	Lp
101	60	U
101	61	Lp
101	62	-1
101	63	U
101	64	U
101	65	Lp
101	66	U
101	67	Lp
101	68	Lp
101	69	Lp
101	70	Lp
101	71	-1
101	72	Lp
101	73	Lp
101	74	Lp
101	75	Lp
101	76	Lp
101	77	U
101	78	U
101	79	U
101	80	-1
101	81	-1
101	82	-1
101	83	L
101	84	L
101	85	L
101	86	Lp
101	87	Lp
101	88	-1
101	89	Lp
101	90	Lp
101	91	Lp
101	92	-1
101	93	Lp
101	94	Lp
101	95	Lp
101	96	Lp
101	97	Lp
101	98	Lp
101	99	Lp
101	100	-1
101	101	Lp
101	102	U
101	103	Lp
101	104	Lp
101	105	L
101	106	L
101	107	-1
101	108	-1
101	109	Lp
101	110	-1
101	111	Lp
101	112	Lp
101	113	-1
101	114	-1
101	115	-1
101	116	L
101	117	L
101	118	-1
101	119	-1
102	0	L
102	1	L
102	2	L
102	3	L
102	4	-1
102	5	-1
102	6	L
102	7	-1
102	8	L
102	9	-1
102	10	L
102	11	Lp
102	12	L
102	13	L
102	14	L
102	15	L
102	16	L
102	17	L
102	18	Lp
102	19	L
102	20	L
102	21	L
102	22	L
102	23	-1
102	24	L
102	25	L
102	26	L
102	27	L
102	28	-1
102	29	L
102	30	L
102	31	L
102	32	L
102	33	L
102	34	-1
102	35	-1
102	36	L
102	37	L
102	38	L
102	39	L
102	40	L
102	41	-1
102	42	Lp
102	43	Lp
102	44	Lp
102	45	Lp
102	46	Lp
102	47	Lp
102	48	Lp
102	49	Lp
102	50	Lp
102	51	-1
102	52	Lp
102	53	Lp
102	54	Lp
102	55	Lp
102	56	Lp
102	57	Lp
102	58	Lp
102	59	Lp
102	60	Lp
102	61	Lp
102	62	-1
102	63	Lp
102	64	U
102	65	-1
102	66	Lp
102	67	L
102	68	U
102	69	-1
102	70	Lp
102	71	Lp
102	72	Lp
102	73	Lp
102	74	-1
102	75	L
102	76	L
102	77	U
102	78	U
102	79	-1
102	80	U
102	81	L
102	82	L
102	83	L
102	84	L
102	85	Lp
102	86	Lp
102	87	-1
102	88	L
102	89	L
102	90	-1
102	91	Lp
102	92	Lp
102	93	Lp
102	94	-1
102	95	-1
102	96	Lp
102	97	Lp
102	98	Lp
102	99	Lp
102	100	Lp
102	101	-1
102	102	Lp
102	103	Lp
102	104	-1
102	105	Lp
102	106	Lp
102	107	Lp
102	108	Lp
102	109	Lp
102	110	Lp
102	111	Lp
102	112	L
102	113	L
102	114	L
102	115	L
102	116	Lp
102	117	L
102	118	L
102	119	L
103	0	L
103	1	-1
103	2	L
103	3	Lp
103	4	L
103	5	L
103	6	-1
103	7	-1
103	8	-1
103	9	L
103	10	L
103	11	L
103	12	U
103	13	L
103	14	L
103	15	L
103	16	-1
103	17	L
103	18	L
103	19	L
103	20	Lp
103	21	L
103	22	L
103	23	-1
103	24	L
103	25	L
103	26	L
103	27	L
103	28	L
103	29	L
103	30	L
103	31	L
103	32	L
103	33	-1
103	34	L
103	35	L
103	36	L
103	37	L
103	38	L
103	39	L
103	40	Lp
103	41	Lp
103	42	-1
103	43	Lp
103	44	Lp
103	45	Lp
103	46	Lp
103	47	Lp
103	48	L
103	49	Lp
103	50	Lp
103	51	Lp
103	52	Lp
103	53	Lp
103	54	Lp
103	55	Lp
103	56	Lp
103	57	Lp
103	58	Lp
103	59	Lp
103	60	Lp
103	61	-1
103	62	Lp
103	63	-1
103	64	L
103	65	Lp
103	66	L
103	67	Lp
103	68	Lp
103	69	Lp
103	70	-1
103	71	Lp
103	72	L
103	73	-1
103	74	L
103	75	L
103	76	L
103	77	-1
103	78	U
103	79	L
103	80	L
103	81	Lp
103	82	-1
103	83	Lp
103	84	-1
103	85	-1
103	86	-1
103	87	-1
103	88	L
103	89	L
103	90	Lp
103	91	Lp
103	92	Lp
103	93	Lp
103	94	Lp
103	95	-1
103	96	U
103	97	Lp
103	98	U
103	99	-1
103	100	Lp
103	101	Lp
103	102	-1
103	103	Lp
103	104	Lp
103	105	Lp
103	106	Lp
103	107	Lp
103	108	Lp
103	109	Lp
103	110	-1
103	111	L
103	112	L
103	113	L
103	114	L
103	115	L
103	116	L
103	117	L
103	118	L
103	119	L
104	0	L
104	1	L
104	2	Lp
104	3	L
104	4	-1
104	5	L
104	6	L
104	7	Lp
104	8	Lp
104	9	L
104	10	L
104	11	L
104	12	-1
104	13	L
104	14	L
104	15	L
104	16	L
104	17	L
104	18	L
104	19	L
104	20	L
104	21	L
104	22	L
104	23	-1
104	24	L
104	25	L
104	26	L
104	27	L
104	28	L
104	29	-1
104	30	L
104	31	L
104	32	L
104	33	-1
104	34	L
104	35	-1
104	36	-1
104	37	L
104	38	L
104	39	-1
104	40	L
104	41	L
104	42	Lp
104	43	L
104	44	-1
104	45	Lp
104	46	-1
104	47	L
104	48	Lp
104	49	-1
104	50	-1
104	51	Lp
104	52	Lp
104	53	Lp
104	54	-1
104	55	-1
104	56	Lp
104	57	Lp
104	58	Lp
104	59	Lp
104	60	-1
104	61	Lp
104	62	Lp
104	63	-1
104	64	Lp
104	65	-1
104	66	Lp
104	67	-1
104	68	Lp
104	69	Lp
104	70	Lp
104	71	-1
104	72	Lp
104	73	L
104	74	L
104	75	-1
104	76	L
104	77	Lp
104	78	-1
104	79	L
104	80	-1
104	81	Lp
104	82	-1
104	83	-1
104	84	-1
104	85	Lp
104	86	Lp
104	87	Lp
104	88	Lp
104	89	Lp
104	90	Lp
104	91	Lp
104	92	Lp
104	93	Lp
104	94	-1
104	95	-1
104	96	Lp
104	97	-1
104	98	Lp
104	99	Lp
104	100	Lp
104	101	Lp
104	102	Lp
104	103	Lp
104	104	-1
104	105	-1
104	106	Lp
104	107	Lp
104	108	Lp
104	109	U
104	110	L
104	111	-1
104	112	L
104	113	L
104	114	L
104	115	-1
104	116	L
104	117	-1
104	118	L
104	119	L
105	0	L
105	1	-1
105	2	L
105	3	Lp
105	4	L
105	5	-1
105	6	L
105	7	L
105	8	L
105	9	L
105	10	-1
105	11	L
105	12	-1
105	13	L
105	14	-1
105	15	L
105	16	L
105	17	-1
105	18	L
105	19	L
105	20	L
105	21	L
105	22	-1
105	23	Lp
105	24	Lp
105	25	Lp
105	26	L
105	27	-1
105	28	L
105	29	L
105	30	L
105	31	L
105	32	L
105	33	-1
105	34	L
105	35	L
105	36	L
105	37	-1
105	38	-1
105	39	-1
105	40	L
105	41	-1
105	42	L
105	43	L
105	44	L
105	45	-1
105	46	L
105	47	L
105	48	-1
105	49	Lp
105	50	Lp
105	51	Lp
105	52	Lp
105	53	-1
105	54	Lp
105	55	Lp
105	56	-1
105	57	-1
105	58	-1
105	59	Lp
105	60	Lp
105	61	Lp
105	62	-1
105	63	Lp
105	64	Lp
105	65	-1
105	66	L
105	67	-1
105	68	Lp
105	69	Lp
105	70	Lp
105	71	L
105	72	L
105	73	L
105	74	L
105	75	L
105	76	L
105	77	Lp
105	78	Lp
105	79	Lp
105	80	Lp
105	81	Lp
105	82	Lp
105	83	-1
105	84	L
105	85	Lp
105	86	Lp
105	87	Lp
105	88	Lp
105	89	Lp
105	90	Lp
105	91	Lp
105	92	-1
105	93	Lp
105	94	-1
105	95	Lp
105	96	Lp
105	97	Lp
105	98	-1
105	99	Lp
105	100	-1
105	101	Lp
105	102	Lp
105	103	Lp
105	104	-1
105	105	Lp
105	106	Lp
105	107	Lp
105	108	Lp
105	109	-1
105	110	-1
105	111	L
105	112	L
105	113	L
105	114	L
105	115	-1
105	116	L
105	117	L
105	118	L
105	119	L
106	0	-1
106	1	L
106	2	-1
106	3	L
106	4	L
106	5	L
106	6	L
106	7	L
106	8	L
106	9	-1
106	10	L
106	11	L
106	12	L
106	13	L
106	14	L
106	15	L
106	16	-1
106	17	L
106	18	L
106	19	L
106	20	L
106	21	-1
106	22	Lp
106	23	Lp
106	24	-1
106	25	Lp
106	26	Lp
106	27	Lp
106	28	L
106	29	L
106	30	L
106	31	-1
106	32	L
106	33	L
106	34	-1
106	35	L
106	36	-1
106	37	L
106	38	L
106	39	L
106	40	L
106	41	L
106	42	L
106	43	L
106	44	-1
106	45	L
106	46	L
106	47	Lp
106	48	L
106	49	Lp
106	50	Lp
106	51	-1
106	52	-1
106	53	Lp
106	54	-1
106	55	Lp
106	56	Lp
106	57	Lp
106	58	Lp
106	59	Lp
106	60	Lp
106	61	-1
106	62	-1
106	63	L
106	64	-1
106	65	Lp
106	66	L
106	67	-1
106	68	-1
106	69	Lp
106	70	-1
106	71	L
106	72	L
106	73	L
106	74	L
106	75	-1
106	76	Lp
106	77	Lp
106	78	Lp
106	79	-1
106	80	-1
106	81	Lp
106	82	-1
106	83	Lp
106	84	Lp
106	85	Lp
106	86	Lp
106	87	-1
106	88	Lp
106	89	Lp
106	90	Lp
106	91	-1
106	92	Lp
106	93	Lp
106	94	Lp
106	95	Lp
106	96	Lp
106	97	Lp
106	98	Lp
106	99	-1
106	100	Lp
106	101	-1
106	102	Lp
106	103	Lp
106	104	-1
106	105	-1
106	106	Lp
106	107	Lp
106	108	U
106	109	-1
106	110	L
106	111	L
106	112	L
106	113	L
106	114	L
106	115	-1
106	116	L
106	117	L
106	118	L
106	119	L
107	0	L
107	1	Lp
107	2	-1
107	3	L
107	4	L
107	5	L
107	6	L
107	7	L
107	8	L
107	9	L
107	10	L
107	11	-1
107	12	L
107	13	L
107	14	-1
107	15	L
107	16	-1
107	17	L
107	18	L
107	19	L
107	20	-1
107	21	L
107	22	U
107	23	-1
107	24	Lp
107	25	Lp
107	26	Lp
107	27	Lp
107	28	L
107	29	L
107	30	L
107	31	L
107	32	L
107	33	-1
107	34	L
107	35	L
107	36	L
107	37	L
107	38	L
107	39	-1
107	40	L
107	41	L
107	42	Lp
107	43	-1
107	44	L
107	45	L
107	46	L
107	47	L
107	48	L
107	49	L
107	50	Lp
107	51	Lp
107	52	Lp
107	53	Lp
107	54	Lp
107	55	Lp
107	56	Lp
107	57	Lp
107	58	-1
107	59	-1
107	60	-1
107	61	Lp
107	62	Lp
107	63	Lp
107	64	Lp
107	65	Lp
107	66	Lp
107	67	Lp
107	68	Lp
107	69	Lp
107	70	Lp
107	71	L
107	72	-1
107	73	U
107	74	U
107	75	-1
107	76	-1
107	77	L
107	78	Lp
107	79	Lp
107	80	-1
107	81	-1
107	82	Lp
107	83	Lp
107	84	Lp
107	85	Lp
107	86	Lp
107	87	Lp
107	88	Lp
107	89	Lp
107	90	Lp
107	91	Lp
107	92	Lp
107	93	Lp
107	94	Lp
107	95	-1
107	96	Lp
107	97	Lp
107	98	Lp
107	99	Lp
107	100	Lp
107	101	Lp
107	102	Lp
107	103	Lp
107	104	Lp
107	105	Lp
107	106	Lp
107	107	Lp
107	108	Lp
107	109	-1
107	110	L
107	111	Lp
107	112	L
107	113	L
107	114	L
107	115	L
107	116	-1
107	117	L
107	118	L
107	119	L
108	0	L
108	1	L
108	2	Lp
108	3	L
108	4	L
108	5	L
108	6	L
108	7	U
108	8	L
108	9	-1
108	10	-1
108	11	L
108	12	L
108	13	L
108	14	-1
108	15	Lp
108	16	Lp
108	17	-1
108	18	L
108	19	-1
108	20	L
108	21	L
108	22	Lp
108	23	-1
108	24	Lp
108	25	Lp
108	26	Lp
108	27	L
108	28	-1
108	29	L
108	30	-1
108	31	L
108	32	L
108	33	L
108	34	L
108	35	-1
108	36	-1
108	37	L
108	38	L
108	39	L
108	40	L
108	41	L
108	42	L
108	43	L
108	44	Lp
108	45	L
108	46	L
108	47	L
108	48	L
108	49	L
108	50	Lp
108	51	Lp
108	52	-1
108	53	Lp
108	54	Lp
108	55	Lp
108	56	Lp
108	57	Lp
108	58	Lp
108	59	Lp
108	60	Lp
108	61	Lp
108	62	Lp
108	63	Lp
108	64	-1
108	65	Lp
108	66	-1
108	67	Lp
108	68	Lp
108	69	Lp
108	70	L
108	71	Lp
108	72	L
108	73	-1
108	74	-1
108	75	L
108	76	-1
108	77	Lp
108	78	-1
108	79	-1
108	80	U
108	81	Lp
108	82	-1
108	83	Lp
108	84	Lp
108	85	Lp
108	86	Lp
108	87	Lp
108	88	Lp
108	89	Lp
108	90	Lp
108	91	U
108	92	Lp
108	93	Lp
108	94	Lp
108	95	Lp
108	96	-1
108	97	Lp
108	98	Lp
108	99	Lp
108	100	Lp
108	101	Lp
108	102	Lp
108	103	Lp
108	104	Lp
108	105	Lp
108	106	Lp
108	107	Lp
108	108	L
108	109	Lp
108	110	-1
108	111	L
108	112	L
108	113	-1
108	114	L
108	115	L
108	116	L
108	117	Lp
108	118	-1
108	119	L
109	0	Lp
109	1	Lp
109	2	L
109	3	L
109	4	L
109	5	Lp
109	6	Lp
109	7	L
109	8	-1
109	9	L
109	10	L
109	11	L
109	12	-1
109	13	L
109	14	L
109	15	Lp
109	16	-1
109	17	-1
109	18	L
109	19	-1
109	20	L
109	21	-1
109	22	Lp
109	23	Lp
109	24	Lp
109	25	-1
109	26	Lp
109	27	-1
109	28	L
109	29	-1
109	30	-1
109	31	L
109	32	L
109	33	-1
109	34	L
109	35	L
109	36	L
109	37	-1
109	38	L
109	39	L
109	40	-1
109	41	L
109	42	-1
109	43	Lp
109	44	L
109	45	L
109	46	L
109	47	Lp
109	48	Lp
109	49	-1
109	50	-1
109	51	Lp
109	52	Lp
109	53	Lp
109	54	Lp
109	55	Lp
109	56	Lp
109	57	Lp
109	58	Lp
109	59	Lp
109	60	Lp
109	61	Lp
109	62	Lp
109	63	Lp
109	64	Lp
109	65	Lp
109	66	Lp
109	67	Lp
109	68	Lp
109	69	Lp
109	70	-1
109	71	-1
109	72	-1
109	73	-1
109	74	-1
109	75	Lp
109	76	Lp
109	77	-1
109	78	-1
109	79	-1
109	80	Lp
109	81	Lp
109	82	Lp
109	83	-1
109	84	Lp
109	85	Lp
109	86	Lp
109	87	Lp
109	88	Lp
109	89	Lp
109	90	-1
109	91	-1
109	92	U
109	93	-1
109	94	Lp
109	95	Lp
109	96	-1
109	97	-1
109	98	-1
109	99	Lp
109	100	-1
109	101	-1
109	102	Lp
109	103	-1
109	104	Lp
109	105	Lp
109	106	Lp
109	107	L
109	108	-1
109	109	Lp
109	110	L
109	111	L
109	112	L
109	113	-1
109	114	-1
109	115	Lp
109	116	L
109	117	L
109	118	Lp
109	119	Lp
110	0	Lp
110	1	Lp
110	2	L
110	3	L
110	4	L
110	5	Lp
110	6	-1
110	7	U
110	8	L
110	9	U
110	10	U
110	11	L
110	12	-1
110	13	L
110	14	L
110	15	L
110	16	-1
110	17	U
110	18	L
110	19	Lp
110	20	Lp
110	21	L
110	22	L
110	23	Lp
110	24	Lp
110	25	Lp
110	26	-1
110	27	L
110	28	Lp
110	29	L
110	30	-1
110	31	L
110	32	L
110	33	L
110	34	L
110	35	-1
110	36	-1
110	37	L
110	38	L
110	39	L
110	40	L
110	41	L
110	42	L
110	43	L
110	44	Lp
110	45	Lp
110	46	Lp
110	47	-1
110	48	L
110	49	L
110	50	L
110	51	-1
110	52	L
110	53	Lp
110	54	L
110	55	-1
110	56	Lp
110	57	-1
110	58	Lp
110	59	-1
110	60	-1
110	61	Lp
110	62	-1
110	63	-1
110	64	-1
110	65	-1
110	66	Lp
110	67	Lp
110	68	Lp
110	69	-1
110	70	Lp
110	71	Lp
110	72	-1
110	73	Lp
110	74	Lp
110	75	Lp
110	76	Lp
110	77	-1
110	78	Lp
110	79	Lp
110	80	Lp
110	81	Lp
110	82	-1
110	83	Lp
110	84	Lp
110	85	Lp
110	86	Lp
110	87	Lp
110	88	Lp
110	89	Lp
110	90	Lp
110	91	U
110	92	Lp
110	93	U
110	94	U
110	95	-1
110	96	U
110	97	-1
110	98	-1
110	99	Lp
110	100	-1
110	101	Lp
110	102	Lp
110	103	Lp
110	104	Lp
110	105	Lp
110	106	-1
110	107	L
110	108	-1
110	109	L
110	110	L
110	111	Lp
110	112	Lp
110	113	Lp
110	114	L
110	115	-1
110	116	Lp
110	117	-1
110	118	Lp
110	119	Lp
111	0	Lp
111	1	Lp
111	2	L
111	3	-1
111	4	L
111	5	Lp
111	6	U
111	7	-1
111	8	L
111	9	L
111	10	-1
111	11	-1
111	12	L
111	13	L
111	14	L
111	15	L
111	16	-1
111	17	-1
111	18	-1
111	19	L
111	20	Lp
111	21	L
111	22	Lp
111	23	Lp
111	24	-1
111	25	-1
111	26	-1
111	27	Lp
111	28	L
111	29	L
111	30	L
111	31	L
111	32	-1
111	33	-1
111	34	-1
111	35	L
111	36	L
111	37	-1
111	38	-1
111	39	L
111	40	-1
111	41	L
111	42	L
111	43	Lp
111	44	Lp
111	45	-1
111	46	Lp
111	47	Lp
111	48	Lp
111	49	-1
111	50	L
111	51	L
111	52	L
111	53	-1
111	54	-1
111	55	-1
111	56	-1
111	57	-1
111	58	-1
111	59	Lp
111	60	-1
111	61	Lp
111	62	-1
111	63	Lp
111	64	-1
111	65	-1
111	66	Lp
111	67	-1
111	68	-1
111	69	Lp
111	70	Lp
111	71	-1
111	72	Lp
111	73	Lp
111	74	Lp
111	75	Lp
111	76	Lp
111	77	Lp
111	78	Lp
111	79	Lp
111	80	Lp
111	81	Lp
111	82	Lp
111	83	Lp
111	84	-1
111	85	Lp
111	86	Lp
111	87	Lp
111	88	Lp
111	89	Lp
111	90	U
111	91	U
111	92	U
111	93	U
111	94	-1
111	95	U
111	96	U
111	97	U
111	98	-1
111	99	-1
111	100	-1
111	101	Lp
111	102	Lp
111	103	Lp
111	104	Lp
111	105	Lp
111	106	Lp
111	107	Lp
111	108	Lp
111	109	Lp
111	110	Lp
111	111	-1
111	112	Lp
111	113	Lp
111	114	Lp
111	115	Lp
111	116	-1
111	117	-1
111	118	Lp
111	119	Lp
112	0	L
112	1	-1
112	2	-1
112	3	Lp
112	4	Lp
112	5	L
112	6	-1
112	7	L
112	8	L
112	9	L
112	10	U
112	11	U
112	12	L
112	13	L
112	14	-1
112	15	U
112	16	-1
112	17	U
112	18	U
112	19	L
112	20	-1
112	21	U
112	22	Lp
112	23	-1
112	24	Lp
112	25	L
112	26	-1
112	27	Lp
112	28	L
112	29	-1
112	30	L
112	31	-1
112	32	L
112	33	L
112	34	L
112	35	L
112	36	L
112	37	L
112	38	L
112	39	L
112	40	L
112	41	L
112	42	-1
112	43	Lp
112	44	Lp
112	45	U
112	46	U
112	47	Lp
112	48	Lp
112	49	-1
112	50	-1
112	51	L
112	52	L
112	53	L
112	54	Lp
112	55	Lp
112	56	Lp
112	57	Lp
112	58	-1
112	59	Lp
112	60	Lp
112	61	Lp
112	62	-1
112	63	-1
112	64	-1
112	65	-1
112	66	Lp
112	67	Lp
112	68	Lp
112	69	-1
112	70	Lp
112	71	-1
112	72	-1
112	73	Lp
112	74	Lp
112	75	Lp
112	76	Lp
112	77	Lp
112	78	Lp
112	79	Lp
112	80	Lp
112	81	Lp
112	82	Lp
112	83	Lp
112	84	Lp
112	85	Lp
112	86	Lp
112	87	Lp
112	88	Lp
112	89	U
112	90	U
112	91	U
112	92	U
112	93	-1
112	94	U
112	95	-1
112	96	U
112	97	U
112	98	Lp
112	99	Lp
112	100	-1
112	101	Lp
112	102	Lp
112	103	-1
112	104	Lp
112	105	Lp
112	106	Lp
112	107	-1
112	108	Lp
112	109	Lp
112	110	Lp
112	111	Lp
112	112	-1
112	113	Lp
112	114	Lp
112	115	-1
112	116	Lp
112	117	L
112	118	L
112	119	Lp
113	0	Lp
113	1	L
113	2	Lp
113	3	-1
113	4	Lp
113	5	-1
113	6	L
113	7	L
113	8	L
113	9	U
113	10	-1
113	11	-1
113	12	L
113	13	U
113	14	L
113	15	L
113	16	L
113	17	L
113	18	-1
113	19	U
113	20	U
113	21	L
113	22	Lp
113	23	Lp
113	24	U
113	25	Lp
113	26	Lp
113	27	-1
113	28	Lp
113	29	Lp
113	30	L
113	31	L
113	32	L
113	33	L
113	34	L
113	35	-1
113	36	L
113	37	L
113	38	L
113	39	L
113	40	L
113	41	L
113	42	-1
113	43	-1
113	44	Lp
113	45	U
113	46	U
113	47	U
113	48	Lp
113	49	Lp
113	50	-1
113	51	L
113	52	L
113	53	Lp
113	54	Lp
113	55	Lp
113	56	Lp
113	57	-1
113	58	Lp
113	59	Lp
113	60	Lp
113	61	Lp
113	62	-1
113	63	-1
113	64	Lp
113	65	Lp
113	66	Lp
113	67	Lp
113	68	Lp
113	69	Lp
113	70	Lp
113	71	-1
113	72	Lp
113	73	Lp
113	74	Lp
113	75	Lp
113	76	Lp
113	77	Lp
113	78	Lp
113	79	-1
113	80	-1
113	81	Lp
113	82	Lp
113	83	Lp
113	84	Lp
113	85	Lp
113	86	-1
113	87	Lp
113	88	Lp
113	89	Lp
113	90	Lp
113	91	Lp
113	92	-1
113	93	U
113	94	U
113	95	Lp
113	96	U
113	97	U
113	98	U
113	99	Lp
113	100	L
113	101	Lp
113	102	Lp
113	103	L
113	104	Lp
113	105	Lp
113	106	Lp
113	107	Lp
113	108	-1
113	109	-1
113	110	-1
113	111	Lp
113	112	L
113	113	L
113	114	Lp
113	115	Lp
113	116	-1
113	117	Lp
113	118	Lp
113	119	L
114	0	L
114	1	L
114	2	Lp
114	3	Lp
114	4	L
114	5	L
114	6	L
114	7	L
114	8	L
114	9	L
114	10	-1
114	11	L
114	12	U
114	13	L
114	14	L
114	15	-1
114	16	-1
114	17	L
114	18	-1
114	19	L
114	20	L
114	21	Lp
114	22	U
114	23	-1
114	24	-1
114	25	-1
114	26	Lp
114	27	-1
114	28	L
114	29	L
114	30	L
114	31	L
114	32	L
114	33	-1
114	34	L
114	35	L
114	36	L
114	37	L
114	38	L
114	39	L
114	40	L
114	41	L
114	42	-1
114	43	-1
114	44	-1
114	45	U
114	46	U
114	47	U
114	48	-1
114	49	U
114	50	-1
114	51	U
114	52	-1
114	53	Lp
114	54	U
114	55	Lp
114	56	Lp
114	57	Lp
114	58	Lp
114	59	Lp
114	60	-1
114	61	Lp
114	62	Lp
114	63	Lp
114	64	Lp
114	65	Lp
114	66	Lp
114	67	-1
114	68	Lp
114	69	Lp
114	70	-1
114	71	-1
114	72	Lp
114	73	Lp
114	74	-1
114	75	Lp
114	76	Lp
114	77	-1
114	78	Lp
114	79	-1
114	80	-1
114	81	Lp
114	82	-1
114	83	-1
114	84	Lp
114	85	Lp
114	86	Lp
114	87	Lp
114	88	Lp
114	89	-1
114	90	Lp
114	91	Lp
114	92	Lp
114	93	Lp
114	94	U
114	95	-1
114	96	-1
114	97	Lp
114	98	Lp
114	99	Lp
114	100	-1
114	101	L
114	102	L
114	103	L
114	104	-1
114	105	Lp
114	106	Lp
114	107	-1
114	108	Lp
114	109	-1
114	110	-1
114	111	Lp
114	112	L
114	113	L
114	114	-1
114	115	L
114	116	Lp
114	117	L
114	118	Lp
114	119	L
115	0	L
115	1	Lp
115	2	-1
115	3	-1
115	4	Lp
115	5	L
115	6	L
115	7	-1
115	8	L
115	9	L
115	10	L
115	11	L
115	12	L
115	13	L
115	14	L
115	15	U
115	16	L
115	17	-1
115	18	-1
115	19	U
115	20	-1
115	21	Lp
115	22	-1
115	23	U
115	24	Lp
115	25	-1
115	26	Lp
115	27	Lp
115	28	Lp
115	29	L
115	30	L
115	31	L
115	32	U
115	33	L
115	34	L
115	35	L
115	36	L
115	37	L
115	38	-1
115	39	L
115	40	-1
115	41	-1
115	42	L
115	43	-1
115	44	U
115	45	U
115	46	U
115	47	U
115	48	L
115	49	U
115	50	U
115	51	L
115	52	L
115	53	-1
115	54	Lp
115	55	-1
115	56	-1
115	57	Lp
115	58	Lp
115	59	-1
115	60	Lp
115	61	Lp
115	62	Lp
115	63	-1
115	64	Lp
115	65	Lp
115	66	Lp
115	67	-1
115	68	Lp
115	69	Lp
115	70	-1
115	71	U
115	72	-1
115	73	-1
115	74	Lp
115	75	-1
115	76	Lp
115	77	-1
115	78	Lp
115	79	Lp
115	80	-1
115	81	-1
115	82	Lp
115	83	Lp
115	84	Lp
115	85	Lp
115	86	Lp
115	87	Lp
115	88	Lp
115	89	Lp
115	90	Lp
115	91	Lp
115	92	Lp
115	93	Lp
115	94	Lp
115	95	Lp
115	96	Lp
115	97	Lp
115	98	Lp
115	99	-1
115	100	Lp
115	101	L
115	102	-1
115	103	-1
115	104	L
115	105	L
115	106	U
115	107	U
115	108	Lp
115	109	Lp
115	110	Lp
115	111	Lp
115	112	Lp
115	113	L
115	114	-1
115	115	-1
115	116	-1
115	117	L
115	118	L
115	119	L
116	0	Lp
116	1	Lp
116	2	Lp
116	3	L
116	4	L
116	5	L
116	6	L
116	7	L
116	8	L
116	9	L
116	10	L
116	11	U
116	12	L
116	13	-1
116	14	U
116	15	L
116	16	U
116	17	L
116	18	U
116	19	U
116	20	Lp
116	21	Lp
116	22	U
116	23	U
116	24	U
116	25	U
116	26	Lp
116	27	Lp
116	28	Lp
116	29	L
116	30	L
116	31	-1
116	32	-1
116	33	L
116	34	L
116	35	L
116	36	L
116	37	L
116	38	L
116	39	L
116	40	L
116	41	L
116	42	L
116	43	L
116	44	L
116	45	U
116	46	L
116	47	L
116	48	U
116	49	L
116	50	L
116	51	L
116	52	Lp
116	53	L
116	54	Lp
116	55	Lp
116	56	-1
116	57	L
116	58	-1
116	59	-1
116	60	Lp
116	61	Lp
116	62	Lp
116	63	Lp
116	64	-1
116	65	-1
116	66	Lp
116	67	Lp
116	68	Lp
116	69	Lp
116	70	Lp
116	71	Lp
116	72	U
116	73	U
116	74	U
116	75	U
116	76	Lp
116	77	-1
116	78	-1
116	79	-1
116	80	Lp
116	81	-1
116	82	Lp
116	83	Lp
116	84	Lp
116	85	Lp
116	86	Lp
116	87	Lp
116	88	Lp
116	89	Lp
116	90	Lp
116	91	Lp
116	92	Lp
116	93	-1
116	94	Lp
116	95	Lp
116	96	Lp
116	97	Lp
116	98	Lp
116	99	Lp
116	100	Lp
116	101	L
116	102	L
116	103	L
116	104	L
116	105	L
116	106	-1
116	107	U
116	108	Lp
116	109	-1
116	110	Lp
116	111	Lp
116	112	L
116	113	-1
116	114	L
116	115	L
116	116	L
116	117	-1
116	118	L
116	119	-1
117	0	L
117	1	L
117	2	L
117	3	L
117	4	-1
117	5	L
117	6	L
117	7	-1
117	8	L
117	9	U
117	10	U
117	11	L
117	12	L
117	13	L
117	14	L
117	15	U
117	16	L
117	17	L
117	18	U
117	19	Lp
117	20	Lp
117	21	Lp
117	22	-1
117	23	U
117	24	U
117	25	Lp
117	26	U
117	27	Lp
117	28	Lp
117	29	U
117	30	-1
117	31	U
117	32	L
117	33	L
117	34	-1
117	35	L
117	36	L
117	37	L
117	38	L
117	39	-1
117	40	L
117	41	L
117	42	L
117	43	L
117	44	-1
117	45	L
117	46	L
117	47	L
117	48	L
117	49	L
117	50	L
117	51	-1
117	52	-1
117	53	-1
117	54	Lp
117	55	Lp
117	56	L
117	57	L
117	58	-1
117	59	-1
117	60	Lp
117	61	Lp
117	62	Lp
117	63	Lp
117	64	-1
117	65	Lp
117	66	-1
117	67	Lp
117	68	Lp
117	69	Lp
117	70	-1
117	71	Lp
117	72	-1
117	73	U
117	74	U
117	75	U
117	76	-1
117	77	-1
117	78	Lp
117	79	-1
117	80	Lp
117	81	Lp
117	82	-1
117	83	Lp
117	84	-1
117	85	-1
117	86	-1
117	87	Lp
117	88	Lp
117	89	Lp
117	90	Lp
117	91	U
117	92	-1
117	93	-1
117	94	Lp
117	95	Lp
117	96	Lp
117	97	-1
117	98	-1
117	99	Lp
117	100	Lp
117	101	Lp
117	102	-1
117	103	L
117	104	L
117	105	L
117	106	-1
117	107	U
117	108	U
117	109	L
117	110	L
117	111	Lp
117	112	Lp
117	113	-1
117	114	L
117	115	L
117	116	L
117	117	L
117	118	L
117	119	L
118	0	L
118	1	-1
118	2	L
118	3	L
118	4	L
118	5	L
118	6	L
118	7	L
118	8	L
118	9	-1
118	10	L
118	11	L
118	12	L
118	13	L
118	14	L
118	15	L
118	16	U
118	17	L
118	18	-1
118	19	L
118	20	L
118	21	Lp
118	22	U
118	23	-1
118	24	U
118	25	U
118	26	U
118	27	Lp
118	28	U
118	29	Lp
118	30	U
118	31	U
118	32	U
118	33	U
118	34	L
118	35	-1
118	36	L
118	37	L
118	38	L
118	39	L
118	40	-1
118	41	L
118	42	L
118	43	-1
118	44	L
118	45	L
118	46	-1
118	47	L
118	48	L
118	49	Lp
118	50	-1
118	51	-1
118	52	L
118	53	L
118	54	L
118	55	L
118	56	L
118	57	U
118	58	U
118	59	Lp
118	60	Lp
118	61	Lp
118	62	Lp
118	63	L
118	64	-1
118	65	-1
118	66	-1
118	67	Lp
118	68	Lp
118	69	Lp
118	70	Lp
118	71	Lp
118	72	Lp
118	73	Lp
118	74	U
118	75	Lp
118	76	Lp
118	77	Lp
118	78	Lp
118	79	Lp
118	80	Lp
118	81	Lp
118	82	Lp
118	83	Lp
118	84	Lp
118	85	Lp
118	86	Lp
118	87	-1
118	88	-1
118	89	Lp
118	90	-1
118	91	Lp
118	92	Lp
118	93	Lp
118	94	-1
118	95	Lp
118	96	Lp
118	97	Lp
118	98	Lp
118	99	Lp
118	100	Lp
118	101	Lp
118	102	-1
118	103	-1
118	104	L
118	105	L
118	106	-1
118	107	U
118	108	L
118	109	Lp
118	110	Lp
118	111	L
118	112	Lp
118	113	L
118	114	-1
118	115	-1
118	116	L
118	117	L
118	118	-1
118	119	L
119	0	Lp
119	1	-1
119	2	-1
119	3	L
119	4	L
119	5	L
119	6	L
119	7	L
119	8	L
119	9	L
119	10	L
119	11	L
119	12	-1
119	13	L
119	14	L
119	15	L
119	16	U
119	17	L
119	18	L
119	19	L
119	20	L
119	21	U
119	22	U
119	23	-1
119	24	U
119	25	U
119	26	U
119	27	Lp
119	28	L
119	29	L
119	30	L
119	31	U
119	32	L
119	33	L
119	34	L
119	35	L
119	36	L
119	37	L
119	38	L
119	39	L
119	40	L
119	41	-1
119	42	-1
119	43	-1
119	44	L
119	45	Lp
119	46	L
119	47	-1
119	48	-1
119	49	L
119	50	L
119	51	L
119	52	L
119	53	-1
119	54	L
119	55	L
119	56	L
119	57	U
119	58	U
119	59	-1
119	60	-1
119	61	Lp
119	62	-1
119	63	-1
119	64	L
119	65	-1
119	66	-1
119	67	Lp
119	68	Lp
119	69	-1
119	70	Lp
119	71	Lp
119	72	Lp
119	73	-1
119	74	Lp
119	75	Lp
119	76	Lp
119	77	Lp
119	78	Lp
119	79	Lp
119	80	Lp
119	81	Lp
119	82	-1
119	83	Lp
119	84	-1
119	85	Lp
119	86	-1
119	87	-1
119	88	-1
119	89	Lp
119	90	Lp
119	91	Lp
119	92	-1
119	93	-1
119	94	Lp
119	95	Lp
119	96	Lp
119	97	Lp
119	98	-1
119	99	-1
119	100	-1
119	101	Lp
119	102	L
119	103	Lp
119	104	U
119	105	L
119	106	U
119	107	L
119	108	-1
119	109	-1
119	110	L
119	111	-1
119	112	L
119	113	-1
119	114	-1
119	115	L
119	116	L
119	117	L
119	118	L
119	119	L
