0	0	Lc
0	1	Lc
0	2	-1
0	3	-1
0	4	-1
0	5	L
0	6	-1
0	7	U
0	8	-1
0	9	L
0	10	-1
0	11	-1
0	12	L
0	13	L
0	14	L
0	15	L
0	16	-1
0	17	Lp
0	18	Lp
0	19	Lp
0	20	-1
0	21	-1
0	22	-1
0	23	-1
0	24	Lc
0	25	Lc
0	26	Lc
0	27	Lc
0	28	L
0	29	L
0	30	Lc
0	31	Lc
0	32	Lcp
0	33	Lcp
0	34	-1
0	35	Lcp
0	36	Uc
0	37	-1
0	38	Uc
0	39	L
0	40	L
0	41	L
0	42	L
0	43	-1
0	44	L
0	45	L
0	46	L
0	47	L
0	48	L
0	49	L
0	50	-1
0	51	-1
0	52	-1
0	53	L
0	54	-1
0	55	L
0	56	L
0	57	L
0	58	L
0	59	L
0	60	L
0	61	L
0	62	L
0	63	L
0	64	-1
0	65	L
0	66	-1
0	67	-1
0	68	-1
0	69	L
0	70	-1
0	71	L
0	72	-1
0	73	L
0	74	-1
0	75	-1
0	76	L
0	77	L
0	78	L
0	79	-1
0	80	-1
0	81	-1
0	82	-1
0	83	L
0	84	L
0	85	-1
0	86	-1
0	87	-1
0	88	-1
0	89	-1
0	90	L
0	91	L
0	92	L
0	93	L
0	94	L
0	95	L
0	96	L
0	97	L
0	98	L
0	99	L
0	100	L
0	101	L
0	102	L
0	103	L
0	104	L
0	105	L
0	106	-1
0	107	-1
0	108	-1
0	109	L
0	110	L
0	111	L
0	112	-1
0	113	L
0	114	-1
0	115	Uc
0	116	Lc
0	117	Lc
0	118	Lc
0	119	-1
1	0	-1
1	1	Lc
1	2	-1
1	3	L
1	4	L
1	5	L
1	6	-1
1	7	L
1	8	-1
1	9	-1
1	10	L
1	11	L
1	12	-1
1	13	-1
1	14	-1
1	15	L
1	16	-1
1	17	-1
1	18	L
1	19	Lcp
1	20	-1
1	21	-1
1	22	-1
1	23	Lcp
1	24	Lc
1	25	Lc
1	26	-1
1	27	-1
1	28	L
1	29	L
1	30	-1
1	31	Lc
1	32	Lc
1	33	-1
1	34	-1
1	35	Lcp
1	36	Uc
1	37	-1
1	38	L
1	39	-1
1	40	L
1	41	L
1	42	L
1	43	L
1	44	-1
1	45	L
1	46	-1
1	47	L
1	48	-1
1	49	-1
1	50	L
1	51	L
1	52	L
1	53	-1
1	54	-1
1	55	L
1	56	-1
1	57	-1
1	58	-1
1	59	-1
1	60	L
1	61	L
1	62	L
1	63	L
1	64	-1
1	65	-1
1	66	-1
1	67	-1
1	68	-1
1	69	-1
1	70	-1
1	71	-1
1	72	L
1	73	L
1	74	-1
1	75	L
1	76	-1
1	77	U
1	78	L
1	79	L
1	80	U
1	81	U
1	82	L
1	83	-1
1	84	L
1	85	L
1	86	-1
1	87	L
1	88	-1
1	89	L
1	90	L
1	91	-1
1	92	L
1	93	L
1	94	L
1	95	L
1	96	L
1	97	-1
1	98	L
1	99	L
1	100	L
1	101	-1
1	102	-1
1	103	L
1	104	L
1	105	-1
1	106	L
1	107	-1
1	108	L
1	109	-1
1	110	-1
1	111	-1
1	112	L
1	113	L
1	114	-1
1	115	Lc
1	116	Lc
1	117	Lc
1	118	-1
1	119	-1
2	0	-1
2	1	-1
2	2	Lc
2	3	L
2	4	L
2	5	L
2	6	-1
2	7	-1
2	8	L
2	9	L
2	10	L
2	11	L
2	12	L
2	13	L
2	14	-1
2	15	L
2	16	L
2	17	L
2	18	-1
2	19	Lcp
2	20	Lcp
2	21	-1
2	22	-1
2	23	-1
2	24	-1
2	25	Lcp
2	26	Lc
2	27	-1
2	28	Lc
2	29	L
2	30	-1
2	31	Lc
2	32	-1
2	33	-1
2	34	-1
2	35	Lcp
2	36	Lc
2	37	-1
2	38	-1
2	39	-1
2	40	L
2	41	L
2	42	Lc
2	43	L
2	44	-1
2	45	-1
2	46	-1
2	47	L
2	48	-1
2	49	L
2	50	-1
2	51	Lc
2	52	-1
2	53	-1
2	54	-1
2	55	-1
2	56	L
2	57	L
2	58	-1
2	59	L
2	60	-1
2	61	L
2	62	L
2	63	-1
2	64	L
2	65	-1
2	66	-1
2	67	L
2	68	-1
2	69	L
2	70	L
2	71	-1
2	72	L
2	73	L
2	74	-1
2	75	-1
2	76	L
2	77	L
2	78	U
2	79	-1
2	80	U
2	81	U
2	82	U
2	83	-1
2	84	L
2	85	L
2	86	-1
2	87	L
2	88	L
2	89	-1
2	90	-1
2	91	L
2	92	L
2	93	-1
2	94	-1
2	95	-1
2	96	L
2	97	L
2	98	L
2	99	-1
2	100	L
2	101	-1
2	102	-1
2	103	-1
2	104	U
2	105	-1
2	106	L
2	107	U
2	108	L
2	109	L
2	110	-1
2	111	-1
2	112	-1
2	113	L
2	114	L
2	115	-1
2	116	Lc
2	117	-1
2	118	-1
2	119	-1
3	0	Lc
3	1	-1
3	2	L
3	3	L
3	4	-1
3	5	L
3	6	L
3	7	L
3	8	-1
3	9	-1
3	10	-1
3	11	L
3	12	L
3	13	L
3	14	L
3	15	L
3	16	L
3	17	L
3	18	L
3	19	-1
3	20	-1
3	21	Lc
3	22	Lc
3	23	-1
3	24	-1
3	25	-1
3	26	Lc
3	27	Lc
3	28	-1
3	29	Lcp
3	30	-1
3	31	Lc
3	32	-1
3	33	-1
3	34	Lcp
3	35	-1
3	36	-1
3	37	Lc
3	38	L
3	39	-1
3	40	L
3	41	-1
3	42	L
3	43	L
3	44	Lc
3	45	Lc
3	46	Lc
3	47	-1
3	48	L
3	49	-1
3	50	-1
3	51	-1
3	52	-1
3	53	-1
3	54	L
3	55	L
3	56	L
3	57	-1
3	58	L
3	59	-1
3	60	-1
3	61	L
3	62	-1
3	63	L
3	64	L
3	65	-1
3	66	L
3	67	L
3	68	L
3	69	L
3	70	-1
3	71	L
3	72	-1
3	73	L
3	74	L
3	75	-1
3	76	L
3	77	-1
3	78	-1
3	79	U
3	80	U
3	81	U
3	82	L
3	83	L
3	84	L
3	85	L
3	86	-1
3	87	-1
3	88	L
3	89	-1
3	90	L
3	91	-1
3	92	L
3	93	-1
3	94	L
3	95	-1
3	96	L
3	97	L
3	98	L
3	99	L
3	100	-1
3	101	-1
3	102	L
3	103	-1
3	104	-1
3	105	U
3	106	U
3	107	L
3	108	U
3	109	-1
3	110	L
3	111	-1
3	112	Lc
3	113	Lc
3	114	-1
3	115	-1
3	116	-1
3	117	Lc
3	118	-1
3	119	-1
4	0	-1
4	1	-1
4	2	L
4	3	L
4	4	-1
4	5	L
4	6	L
4	7	L
4	8	L
4	9	-1
4	10	L
4	11	-1
4	12	-1
4	13	L
4	14	L
4	15	-1
4	16	L
4	17	L
4	18	-1
4	19	-1
4	20	Lp
4	21	Lcp
4	22	-1
4	23	-1
4	24	Lp
4	25	Lc
4	26	Lc
4	27	-1
4	28	-1
4	29	-1
4	30	Lc
4	31	Lc
4	32	Lc
4	33	-1
4	34	Lc
4	35	-1
4	36	-1
4	37	-1
4	38	-1
4	39	L
4	40	-1
4	41	L
4	42	-1
4	43	-1
4	44	Lc
4	45	-1
4	46	-1
4	47	L
4	48	Lc
4	49	Lc
4	50	Lc
4	51	Lc
4	52	L
4	53	L
4	54	-1
4	55	-1
4	56	L
4	57	-1
4	58	L
4	59	-1
4	60	-1
4	61	-1
4	62	L
4	63	L
4	64	L
4	65	L
4	66	-1
4	67	L
4	68	-1
4	69	-1
4	70	-1
4	71	-1
4	72	L
4	73	L
4	74	L
4	75	-1
4	76	-1
4	77	-1
4	78	-1
4	79	U
4	80	-1
4	81	-1
4	82	-1
4	83	L
4	84	-1
4	85	-1
4	86	-1
4	87	-1
4	88	L
4	89	-1
4	90	-1
4	91	L
4	92	-1
4	93	L
4	94	-1
4	95	L
4	96	L
4	97	L
4	98	L
4	99	-1
4	100	L
4	101	-1
4	102	-1
4	103	-1
4	104	-1
4	105	-1
4	106	U
4	107	-1
4	108	-1
4	109	U
4	110	-1
4	111	-1
4	112	-1
4	113	-1
4	114	Lc
4	115	-1
4	116	Lc
4	117	Lc
4	118	-1
4	119	-1
5	0	-1
5	1	-1
5	2	-1
5	3	-1
5	4	L
5	5	L
5	6	-1
5	7	L
5	8	-1
5	9	L
5	10	L
5	11	-1
5	12	L
5	13	-1
5	14	L
5	15	L
5	16	L
5	17	L
5	18	-1
5	19	Lcp
5	20	Lcp
5	21	-1
5	22	Lp
5	23	Lp
5	24	Lp
5	25	-1
5	26	Lc
5	27	-1
5	28	-1
5	29	-1
5	30	-1
5	31	Lcp
5	32	Lc
5	33	-1
5	34	-1
5	35	-1
5	36	Lcp
5	37	-1
5	38	Lc
5	39	-1
5	40	Lc
5	41	-1
5	42	Lc
5	43	-1
5	44	-1
5	45	-1
5	46	Lc
5	47	-1
5	48	Lc
5	49	L
5	50	Lc
5	51	-1
5	52	L
5	53	-1
5	54	-1
5	55	-1
5	56	-1
5	57	L
5	58	L
5	59	-1
5	60	-1
5	61	-1
5	62	-1
5	63	-1
5	64	-1
5	65	-1
5	66	-1
5	67	L
5	68	-1
5	69	-1
5	70	L
5	71	L
5	72	-1
5	73	L
5	74	L
5	75	-1
5	76	-1
5	77	-1
5	78	U
5	79	-1
5	80	-1
5	81	-1
5	82	-1
5	83	L
5	84	-1
5	85	-1
5	86	L
5	87	-1
5	88	L
5	89	L
5	90	L
5	91	L
5	92	L
5	93	L
5	94	L
5	95	-1
5	96	L
5	97	L
5	98	L
5	99	L
5	100	L
5	101	L
5	102	-1
5	103	-1
5	104	L
5	105	U
5	106	U
5	107	U
5	108	L
5	109	-1
5	110	-1
5	111	-1
5	112	Lc
5	113	Lc
5	114	Lc
5	115	Lc
5	116	Lc
5	117	-1
5	118	Lc
5	119	-1
6	0	L
6	1	L
6	2	L
6	3	L
6	4	L
6	5	L
6	6	L
6	7	-1
6	8	L
6	9	-1
6	10	-1
6	11	L
6	12	-1
6	13	-1
6	14	-1
6	15	-1
6	16	-1
6	17	-1
6	18	-1
6	19	Lcp
6	20	Lp
6	21	-1
6	22	-1
6	23	Lp
6	24	Lp
6	25	-1
6	26	Lcp
6	27	-1
6	28	-1
6	29	Lcp
6	30	-1
6	31	-1
6	32	-1
6	33	Lc
6	34	Lc
6	35	-1
6	36	Lc
6	37	-1
6	38	Lc
6	39	L
6	40	L
6	41	-1
6	42	-1
6	43	-1
6	44	L
6	45	Lc
6	46	Lc
6	47	-1
6	48	Lc
6	49	Lc
6	50	L
6	51	-1
6	52	-1
6	53	L
6	54	L
6	55	L
6	56	-1
6	57	L
6	58	L
6	59	L
6	60	-1
6	61	-1
6	62	-1
6	63	-1
6	64	L
6	65	L
6	66	L
6	67	-1
6	68	L
6	69	L
6	70	L
6	71	-1
6	72	L
6	73	L
6	74	-1
6	75	-1
6	76	-1
6	77	-1
6	78	-1
6	79	-1
6	80	L
6	81	-1
6	82	L
6	83	L
6	84	L
6	85	L
6	86	-1
6	87	L
6	88	L
6	89	L
6	90	-1
6	91	L
6	92	L
6	93	L
6	94	-1
6	95	-1
6	96	-1
6	97	L
6	98	-1
6	99	L
6	100	-1
6	101	-1
6	102	-1
6	103	-1
6	104	-1
6	105	-1
6	106	U
6	107	L
6	108	L
6	109	L
6	110	Lc
6	111	-1
6	112	Lc
6	113	Lc
6	114	Lc
6	115	-1
6	116	Lc
6	117	-1
6	118	-1
6	119	L
7	0	-1
7	1	-1
7	2	-1
7	3	L
7	4	L
7	5	L
7	6	-1
7	7	L
7	8	-1
7	9	-1
7	10	-1
7	11	L
7	12	-1
7	13	L
7	14	L
7	15	-1
7	16	-1
7	17	-1
7	18	-1
7	19	-1
7	20	-1
7	21	Lp
7	22	-1
7	23	Lp
7	24	Lcp
7	25	-1
7	26	-1
7	27	-1
7	28	Lc
7	29	Lc
7	30	Lcp
7	31	Lcp
7	32	Lcp
7	33	-1
7	34	Lc
7	35	Lcp
7	36	-1
7	37	-1
7	38	Lc
7	39	-1
7	40	L
7	41	L
7	42	L
7	43	-1
7	44	-1
7	45	-1
7	46	Lc
7	47	-1
7	48	-1
7	49	L
7	50	-1
7	51	-1
7	52	-1
7	53	L
7	54	L
7	55	L
7	56	-1
7	57	L
7	58	L
7	59	L
7	60	L
7	61	L
7	62	L
7	63	-1
7	64	L
7	65	-1
7	66	-1
7	67	L
7	68	-1
7	69	L
7	70	L
7	71	L
7	72	L
7	73	-1
7	74	-1
7	75	-1
7	76	-1
7	77	-1
7	78	-1
7	79	L
7	80	U
7	81	-1
7	82	L
7	83	L
7	84	L
7	85	L
7	86	L
7	87	L
7	88	-1
7	89	L
7	90	-1
7	91	L
7	92	L
7	93	L
7	94	L
7	95	L
7	96	-1
7	97	-1
7	98	L
7	99	-1
7	100	-1
7	101	L
7	102	-1
7	103	U
7	104	-1
7	105	-1
7	106	-1
7	107	L
7	108	-1
7	109	L
7	110	Lc
7	111	Lc
7	112	Lc
7	113	Lc
7	114	Lc
7	115	-1
7	116	Lc
7	117	-1
7	118	-1
7	119	Lc
8	0	-1
8	1	-1
8	2	L
8	3	L
8	4	-1
8	5	L
8	6	L
8	7	L
8	8	-1
8	9	-1
8	10	L
8	11	-1
8	12	L
8	13	L
8	14	L
8	15	-1
8	16	-1
8	17	-1
8	18	Lp
8	19	Lp
8	20	Lp
8	21	-1
8	22	Lcp
8	23	-1
8	24	-1
8	25	Lc
8	26	-1
8	27	-1
8	28	-1
8	29	Lc
8	30	Lc
8	31	Lcp
8	32	-1
8	33	Lc
8	34	-1
8	35	Lcp
8	36	-1
8	37	-1
8	38	-1
8	39	-1
8	40	-1
8	41	L
8	42	L
8	43	L
8	44	-1
8	45	L
8	46	L
8	47	L
8	48	Lc
8	49	L
8	50	L
8	51	L
8	52	L
8	53	-1
8	54	L
8	55	-1
8	56	-1
8	57	L
8	58	-1
8	59	L
8	60	L
8	61	-1
8	62	-1
8	63	-1
8	64	L
8	65	-1
8	66	L
8	67	L
8	68	L
8	69	L
8	70	-1
8	71	L
8	72	L
8	73	-1
8	74	-1
8	75	L
8	76	-1
8	77	-1
8	78	L
8	79	-1
8	80	-1
8	81	U
8	82	U
8	83	-1
8	84	L
8	85	-1
8	86	L
8	87	-1
8	88	-1
8	89	L
8	90	L
8	91	-1
8	92	-1
8	93	-1
8	94	L
8	95	L
8	96	L
8	97	L
8	98	-1
8	99	L
8	100	L
8	101	Lc
8	102	-1
8	103	-1
8	104	-1
8	105	L
8	106	Lc
8	107	Lc
8	108	L
8	109	Lc
8	110	-1
8	111	-1
8	112	Lc
8	113	-1
8	114	Lc
8	115	-1
8	116	Lc
8	117	-1
8	118	-1
8	119	Lc
9	0	Lc
9	1	-1
9	2	-1
9	3	-1
9	4	-1
9	5	L
9	6	L
9	7	L
9	8	L
9	9	L
9	10	-1
9	11	-1
9	12	-1
9	13	-1
9	14	-1
9	15	L
9	16	Lp
9	17	-1
9	18	L
9	19	L
9	20	L
9	21	Lp
9	22	-1
9	23	-1
9	24	Lcp
9	25	Lp
9	26	Lcp
9	27	-1
9	28	-1
9	29	Lc
9	30	Lc
9	31	-1
9	32	Lc
9	33	Lc
9	34	-1
9	35	Lcp
9	36	-1
9	37	-1
9	38	L
9	39	L
9	40	-1
9	41	L
9	42	L
9	43	L
9	44	-1
9	45	-1
9	46	L
9	47	L
9	48	L
9	49	L
9	50	L
9	51	L
9	52	L
9	53	L
9	54	-1
9	55	L
9	56	L
9	57	-1
9	58	-1
9	59	L
9	60	-1
9	61	L
9	62	-1
9	63	-1
9	64	L
9	65	L
9	66	-1
9	67	-1
9	68	L
9	69	L
9	70	L
9	71	L
9	72	L
9	73	-1
9	74	-1
9	75	L
9	76	L
9	77	L
9	78	L
9	79	L
9	80	-1
9	81	L
9	82	L
9	83	U
9	84	-1
9	85	-1
9	86	L
9	87	-1
9	88	L
9	89	L
9	90	-1
9	91	L
9	92	L
9	93	L
9	94	L
9	95	-1
9	96	-1
9	97	L
9	98	-1
9	99	L
9	100	L
9	101	L
9	102	L
9	103	L
9	104	L
9	105	-1
9	106	L
9	107	L
9	108	-1
9	109	-1
9	110	-1
9	111	-1
9	112	Lc
9	113	Lc
9	114	Lc
9	115	-1
9	116	Lc
9	117	-1
9	118	Lc
9	119	Lc
10	0	Lc
10	1	L
10	2	L
10	3	-1
10	4	L
10	5	-1
10	6	L
10	7	-1
10	8	L
10	9	-1
10	10	L
10	11	L
10	12	L
10	13	-1
10	14	-1
10	15	-1
10	16	-1
10	17	Lp
10	18	-1
10	19	-1
10	20	-1
10	21	Lcp
10	22	-1
10	23	-1
10	24	-1
10	25	Lcp
10	26	-1
10	27	-1
10	28	Lc
10	29	-1
10	30	Lc
10	31	-1
10	32	Lc
10	33	Lcp
10	34	Lcp
10	35	L
10	36	-1
10	37	-1
10	38	-1
10	39	L
10	40	L
10	41	-1
10	42	L
10	43	L
10	44	L
10	45	Lc
10	46	Lc
10	47	Lc
10	48	-1
10	49	-1
10	50	-1
10	51	L
10	52	L
10	53	L
10	54	L
10	55	-1
10	56	-1
10	57	-1
10	58	L
10	59	L
10	60	L
10	61	L
10	62	-1
10	63	L
10	64	-1
10	65	-1
10	66	-1
10	67	-1
10	68	L
10	69	L
10	70	L
10	71	-1
10	72	-1
10	73	-1
10	74	L
10	75	L
10	76	-1
10	77	-1
10	78	L
10	79	-1
10	80	-1
10	81	L
10	82	-1
10	83	-1
10	84	L
10	85	-1
10	86	L
10	87	L
10	88	L
10	89	L
10	90	L
10	91	L
10	92	L
10	93	-1
10	94	L
10	95	L
10	96	L
10	97	-1
10	98	L
10	99	-1
10	100	-1
10	101	L
10	102	L
10	103	L
10	104	L
10	105	L
10	106	L
10	107	-1
10	108	L
10	109	-1
10	110	Lc
10	111	Lc
10	112	Lc
10	113	-1
10	114	Lc
10	115	-1
10	116	Lc
10	117	Lc
10	118	-1
10	119	Lc
11	0	Lc
11	1	Lc
11	2	-1
11	3	-1
11	4	L
11	5	L
11	6	L
11	7	L
11	8	-1
11	9	-1
11	10	L
11	11	L
11	12	L
11	13	-1
11	14	-1
11	15	L
11	16	L
11	17	Lp
11	18	-1
11	19	-1
11	20	L
11	21	Lc
11	22	L
11	23	-1
11	24	Lcp
11	25	Lc
11	26	Lcp
11	27	Lc
11	28	Lc
11	29	Lc
11	30	-1
11	31	Lc
11	32	-1
11	33	Lc
11	34	L
11	35	Lcp
11	36	L
11	37	-1
11	38	-1
11	39	L
11	40	-1
11	41	-1
11	42	-1
11	43	-1
11	44	-1
11	45	Lc
11	46	Lc
11	47	-1
11	48	Lc
11	49	-1
11	50	Lc
11	51	L
11	52	L
11	53	-1
11	54	Lc
11	55	-1
11	56	L
11	57	-1
11	58	-1
11	59	L
11	60	L
11	61	L
11	62	L
11	63	-1
11	64	-1
11	65	-1
11	66	-1
11	67	-1
11	68	L
11	69	L
11	70	-1
11	71	-1
11	72	-1
11	73	L
11	74	L
11	75	L
11	76	-1
11	77	L
11	78	-1
11	79	L
11	80	L
11	81	L
11	82	L
11	83	L
11	84	-1
11	85	L
11	86	L
11	87	L
11	88	L
11	89	-1
11	90	L
11	91	-1
11	92	L
11	93	-1
11	94	L
11	95	L
11	96	L
11	97	L
11	98	-1
11	99	L
11	100	-1
11	101	L
11	102	-1
11	103	L
11	104	-1
11	105	L
11	106	L
11	107	L
11	108	L
11	109	-1
11	110	Lc
11	111	-1
11	112	Lc
11	113	Lc
11	114	Lc
11	115	-1
11	116	Lc
11	117	Lc
11	118	Lc
11	119	-1
12	0	Lc
12	1	Lc
12	2	L
12	3	L
12	4	-1
12	5	L
12	6	L
12	7	L
12	8	L
12	9	L
12	10	L
12	11	L
12	12	-1
12	13	L
12	14	-1
12	15	L
12	16	-1
12	17	-1
12	18	L
12	19	-1
12	20	-1
12	21	-1
12	22	-1
12	23	-1
12	24	L
12	25	-1
12	26	-1
12	27	Lcp
12	28	L
12	29	-1
12	30	Lc
12	31	-1
12	32	Lc
12	33	-1
12	34	U
12	35	L
12	36	L
12	37	L
12	38	-1
12	39	L
12	40	L
12	41	L
12	42	L
12	43	L
12	44	L
12	45	Lc
12	46	-1
12	47	L
12	48	Lc
12	49	Lc
12	50	Lc
12	51	-1
12	52	L
12	53	Lc
12	54	Lc
12	55	Lc
12	56	L
12	57	L
12	58	L
12	59	L
12	60	-1
12	61	-1
12	62	L
12	63	-1
12	64	L
12	65	L
12	66	L
12	67	-1
12	68	L
12	69	-1
12	70	-1
12	71	L
12	72	L
12	73	L
12	74	L
12	75	-1
12	76	L
12	77	-1
12	78	L
12	79	L
12	80	-1
12	81	L
12	82	L
12	83	-1
12	84	L
12	85	-1
12	86	L
12	87	-1
12	88	-1
12	89	L
12	90	L
12	91	L
12	92	L
12	93	L
12	94	L
12	95	L
12	96	L
12	97	L
12	98	L
12	99	L
12	100	-1
12	101	-1
12	102	L
12	103	L
12	104	-1
12	105	L
12	106	-1
12	107	L
12	108	Lc
12	109	Lc
12	110	-1
12	111	Lc
12	112	Lc
12	113	-1
12	114	-1
12	115	-1
12	116	Lc
12	117	-1
12	118	Lc
12	119	Lc
13	0	-1
13	1	-1
13	2	-1
13	3	L
13	4	-1
13	5	L
13	6	-1
13	7	-1
13	8	L
13	9	-1
13	10	-1
13	11	L
13	12	L
13	13	-1
13	14	L
13	15	-1
13	16	-1
13	17	L
13	18	L
13	19	L
13	20	-1
13	21	-1
13	22	L
13	23	-1
13	24	Lc
13	25	L
13	26	-1
13	27	Lcp
13	28	-1
13	29	-1
13	30	Lc
13	31	Lc
13	32	-1
13	33	-1
13	34	L
13	35	-1
13	36	L
13	37	L
13	38	-1
13	39	-1
13	40	L
13	41	-1
13	42	L
13	43	L
13	44	-1
13	45	L
13	46	-1
13	47	-1
13	48	-1
13	49	L
13	50	-1
13	51	-1
13	52	Lc
13	53	L
13	54	Lc
13	55	L
13	56	-1
13	57	L
13	58	L
13	59	-1
13	60	L
13	61	-1
13	62	-1
13	63	L
13	64	L
13	65	L
13	66	-1
13	67	-1
13	68	L
13	69	L
13	70	L
13	71	L
13	72	-1
13	73	L
13	74	L
13	75	L
13	76	L
13	77	L
13	78	-1
13	79	-1
13	80	L
13	81	L
13	82	L
13	83	-1
13	84	L
13	85	L
13	86	-1
13	87	-1
13	88	L
13	89	-1
13	90	L
13	91	L
13	92	L
13	93	L
13	94	-1
13	95	-1
13	96	L
13	97	L
13	98	L
13	99	-1
13	100	L
13	101	Lc
13	102	Lc
13	103	-1
13	104	-1
13	105	L
13	106	L
13	107	-1
13	108	L
13	109	Lc
13	110	Lc
13	111	-1
13	112	Lc
13	113	Lc
13	114	-1
13	115	-1
13	116	-1
13	117	-1
13	118	Lc
13	119	Lc
14	0	-1
14	1	-1
14	2	-1
14	3	-1
14	4	-1
14	5	L
14	6	-1
14	7	-1
14	8	-1
14	9	-1
14	10	L
14	11	L
14	12	-1
14	13	-1
14	14	-1
14	15	L
14	16	-1
14	17	L
14	18	L
14	19	L
14	20	-1
14	21	L
14	22	L
14	23	-1
14	24	L
14	25	L
14	26	L
14	27	-1
14	28	-1
14	29	L
14	30	L
14	31	-1
14	32	U
14	33	L
14	34	Lc
14	35	L
14	36	L
14	37	L
14	38	L
14	39	L
14	40	L
14	41	L
14	42	-1
14	43	L
14	44	L
14	45	L
14	46	-1
14	47	Lc
14	48	-1
14	49	Lc
14	50	L
14	51	-1
14	52	-1
14	53	L
14	54	-1
14	55	L
14	56	U
14	57	-1
14	58	-1
14	59	-1
14	60	-1
14	61	-1
14	62	-1
14	63	-1
14	64	L
14	65	-1
14	66	-1
14	67	-1
14	68	L
14	69	L
14	70	L
14	71	L
14	72	-1
14	73	L
14	74	L
14	75	L
14	76	L
14	77	L
14	78	L
14	79	-1
14	80	L
14	81	L
14	82	L
14	83	-1
14	84	L
14	85	-1
14	86	-1
14	87	-1
14	88	L
14	89	L
14	90	-1
14	91	L
14	92	L
14	93	-1
14	94	L
14	95	L
14	96	-1
14	97	L
14	98	-1
14	99	L
14	100	-1
14	101	-1
14	102	-1
14	103	Lc
14	104	Lc
14	105	-1
14	106	-1
14	107	L
14	108	L
14	109	-1
14	110	L
14	111	-1
14	112	L
14	113	-1
14	114	Lc
14	115	-1
14	116	-1
14	117	Lc
14	118	-1
14	119	Lc
15	0	L
15	1	-1
15	2	-1
15	3	-1
15	4	L
15	5	L
15	6	-1
15	7	-1
15	8	L
15	9	L
15	10	L
15	11	L
15	12	L
15	13	L
15	14	L
15	15	-1
15	16	-1
15	17	L
15	18	L
15	19	L
15	20	L
15	21	-1
15	22	L
15	23	-1
15	24	L
15	25	-1
15	26	-1
15	27	-1
15	28	-1
15	29	-1
15	30	-1
15	31	-1
15	32	L
15	33	L
15	34	Lc
15	35	-1
15	36	-1
15	37	L
15	38	L
15	39	-1
15	40	-1
15	41	L
15	42	-1
15	43	-1
15	44	L
15	45	-1
15	46	L
15	47	L
15	48	-1
15	49	-1
15	50	-1
15	51	-1
15	52	L
15	53	-1
15	54	-1
15	55	-1
15	56	U
15	57	-1
15	58	L
15	59	-1
15	60	L
15	61	L
15	62	-1
15	63	L
15	64	-1
15	65	-1
15	66	-1
15	67	-1
15	68	-1
15	69	L
15	70	L
15	71	L
15	72	-1
15	73	L
15	74	-1
15	75	L
15	76	L
15	77	L
15	78	-1
15	79	L
15	80	L
15	81	L
15	82	-1
15	83	L
15	84	L
15	85	L
15	86	L
15	87	L
15	88	-1
15	89	L
15	90	-1
15	91	L
15	92	L
15	93	-1
15	94	L
15	95	L
15	96	-1
15	97	-1
15	98	L
15	99	L
15	100	-1
15	101	L
15	102	Lc
15	103	-1
15	104	-1
15	105	Lc
15	106	-1
15	107	-1
15	108	Lc
15	109	L
15	110	Lc
15	111	-1
15	112	-1
15	113	Lc
15	114	Lc
15	115	Lc
15	116	Lc
15	117	-1
15	118	-1
15	119	-1
16	0	L
16	1	L
16	2	-1
16	3	L
16	4	L
16	5	L
16	6	L
16	7	L
16	8	L
16	9	-1
16	10	L
16	11	-1
16	12	-1
16	13	L
16	14	L
16	15	-1
16	16	-1
16	17	-1
16	18	L
16	19	-1
16	20	L
16	21	-1
16	22	-1
16	23	-1
16	24	L
16	25	-1
16	26	-1
16	27	L
16	28	-1
16	29	-1
16	30	U
16	31	L
16	32	-1
16	33	-1
16	34	L
16	35	L
16	36	-1
16	37	-1
16	38	-1
16	39	-1
16	40	-1
16	41	L
16	42	-1
16	43	-1
16	44	L
16	45	L
16	46	-1
16	47	-1
16	48	L
16	49	Lc
16	50	Lc
16	51	-1
16	52	-1
16	53	L
16	54	-1
16	55	-1
16	56	L
16	57	L
16	58	U
16	59	U
16	60	-1
16	61	-1
16	62	L
16	63	-1
16	64	-1
16	65	L
16	66	L
16	67	-1
16	68	L
16	69	L
16	70	L
16	71	L
16	72	-1
16	73	L
16	74	L
16	75	-1
16	76	L
16	77	-1
16	78	L
16	79	L
16	80	L
16	81	L
16	82	-1
16	83	L
16	84	L
16	85	-1
16	86	-1
16	87	L
16	88	-1
16	89	-1
16	90	-1
16	91	L
16	92	-1
16	93	-1
16	94	-1
16	95	-1
16	96	-1
16	97	L
16	98	L
16	99	L
16	100	L
16	101	L
16	102	L
16	103	-1
16	104	-1
16	105	-1
16	106	-1
16	107	Lc
16	108	-1
16	109	Lc
16	110	-1
16	111	Lc
16	112	Lc
16	113	Lc
16	114	-1
16	115	-1
16	116	Lc
16	117	Lc
16	118	L
16	119	-1
17	0	-1
17	1	-1
17	2	L
17	3	-1
17	4	L
17	5	L
17	6	L
17	7	L
17	8	L
17	9	L
17	10	-1
17	11	L
17	12	L
17	13	-1
17	14	-1
17	15	-1
17	16	L
17	17	-1
17	18	L
17	19	L
17	20	L
17	21	L
17	22	-1
17	23	-1
17	24	L
17	25	L
17	26	L
17	27	-1
17	28	-1
17	29	U
17	30	-1
17	31	L
17	32	L
17	33	L
17	34	-1
17	35	L
17	36	L
17	37	L
17	38	L
17	39	-1
17	40	-1
17	41	L
17	42	L
17	43	L
17	44	-1
17	45	-1
17	46	-1
17	47	-1
17	48	-1
17	49	L
17	50	L
17	51	-1
17	52	L
17	53	L
17	54	L
17	55	-1
17	56	-1
17	57	L
17	58	U
17	59	-1
17	60	-1
17	61	L
17	62	L
17	63	L
17	64	-1
17	65	-1
17	66	-1
17	67	L
17	68	L
17	69	L
17	70	L
17	71	L
17	72	L
17	73	U
17	74	L
17	75	L
17	76	-1
17	77	L
17	78	L
17	79	L
17	80	L
17	81	L
17	82	L
17	83	-1
17	84	L
17	85	L
17	86	-1
17	87	-1
17	88	L
17	89	L
17	90	-1
17	91	-1
17	92	L
17	93	L
17	94	L
17	95	L
17	96	L
17	97	L
17	98	-1
17	99	L
17	100	-1
17	101	L
17	102	-1
17	103	-1
17	104	-1
17	105	Lc
17	106	Lc
17	107	Lc
17	108	L
17	109	L
17	110	L
17	111	Lc
17	112	L
17	113	-1
17	114	-1
17	115	-1
17	116	Lc
17	117	-1
17	118	-1
17	119	L
18	0	L
18	1	L
18	2	L
18	3	L
18	4	L
18	5	-1
18	6	L
18	7	-1
18	8	-1
18	9	-1
18	10	-1
18	11	L
18	12	L
18	13	-1
18	14	L
18	15	-1
18	16	L
18	17	L
18	18	L
18	19	L
18	20	-1
18	21	-1
18	22	L
18	23	-1
18	24	-1
18	25	L
18	26	L
18	27	-1
18	28	L
18	29	-1
18	30	U
18	31	L
18	32	-1
18	33	L
18	34	L
18	35	-1
18	36	L
18	37	L
18	38	-1
18	39	-1
18	40	L
18	41	L
18	42	L
18	43	L
18	44	-1
18	45	-1
18	46	L
18	47	-1
18	48	-1
18	49	-1
18	50	-1
18	51	-1
18	52	L
18	53	-1
18	54	-1
18	55	-1
18	56	-1
18	57	L
18	58	L
18	59	U
18	60	L
18	61	L
18	62	-1
18	63	-1
18	64	L
18	65	-1
18	66	-1
18	67	L
18	68	-1
18	69	L
18	70	-1
18	71	L
18	72	-1
18	73	L
18	74	L
18	75	L
18	76	L
18	77	-1
18	78	L
18	79	L
18	80	L
18	81	L
18	82	L
18	83	L
18	84	L
18	85	L
18	86	-1
18	87	L
18	88	L
18	89	L
18	90	L
18	91	-1
18	92	-1
18	93	L
18	94	L
18	95	-1
18	96	-1
18	97	L
18	98	-1
18	99	-1
18	100	L
18	101	L
18	102	L
18	103	L
18	104	-1
18	105	Lc
18	106	-1
18	107	L
18	108	L
18	109	L
18	110	L
18	111	-1
18	112	-1
18	113	L
18	114	-1
18	115	-1
18	116	-1
18	117	-1
18	118	L
18	119	-1
19	0	L
19	1	L
19	2	-1
19	3	L
19	4	L
19	5	L
19	6	L
19	7	L
19	8	-1
19	9	L
19	10	-1
19	11	L
19	12	L
19	13	L
19	14	L
19	15	L
19	16	-1
19	17	L
19	18	L
19	19	L
19	20	L
19	21	L
19	22	L
19	23	L
19	24	L
19	25	L
19	26	-1
19	27	-1
19	28	L
19	29	L
19	30	L
19	31	L
19	32	-1
19	33	L
19	34	L
19	35	-1
19	36	-1
19	37	-1
19	38	-1
19	39	L
19	40	L
19	41	L
19	42	L
19	43	L
19	44	-1
19	45	-1
19	46	L
19	47	-1
19	48	-1
19	49	-1
19	50	Lc
19	51	-1
19	52	-1
19	53	-1
19	54	-1
19	55	-1
19	56	-1
19	57	L
19	58	L
19	59	L
19	60	-1
19	61	-1
19	62	L
19	63	L
19	64	-1
19	65	-1
19	66	-1
19	67	L
19	68	L
19	69	L
19	70	-1
19	71	L
19	72	L
19	73	-1
19	74	-1
19	75	L
19	76	L
19	77	L
19	78	-1
19	79	L
19	80	L
19	81	-1
19	82	-1
19	83	-1
19	84	L
19	85	L
19	86	L
19	87	L
19	88	-1
19	89	-1
19	90	L
19	91	-1
19	92	L
19	93	L
19	94	L
19	95	L
19	96	L
19	97	-1
19	98	L
19	99	-1
19	100	L
19	101	L
19	102	L
19	103	-1
19	104	L
19	105	L
19	106	-1
19	107	-1
19	108	L
19	109	-1
19	110	L
19	111	L
19	112	-1
19	113	L
19	114	L
19	115	-1
19	116	-1
19	117	-1
19	118	-1
19	119	L
20	0	L
20	1	-1
20	2	-1
20	3	L
20	4	L
20	5	L
20	6	L
20	7	L
20	8	-1
20	9	L
20	10	-1
20	11	-1
20	12	L
20	13	-1
20	14	-1
20	15	L
20	16	L
20	17	-1
20	18	-1
20	19	L
20	20	L
20	21	L
20	22	L
20	23	-1
20	24	L
20	25	L
20	26	-1
20	27	-1
20	28	-1
20	29	-1
20	30	L
20	31	L
20	32	-1
20	33	L
20	34	L
20	35	-1
20	36	L
20	37	-1
20	38	L
20	39	-1
20	40	-1
20	41	L
20	42	L
20	43	-1
20	44	L
20	45	L
20	46	-1
20	47	-1
20	48	-1
20	49	-1
20	50	Lc
20	51	-1
20	52	-1
20	53	Lc
20	54	Lc
20	55	-1
20	56	-1
20	57	L
20	58	Lc
20	59	L
20	60	-1
20	61	-1
20	62	L
20	63	L
20	64	L
20	65	L
20	66	-1
20	67	L
20	68	L
20	69	-1
20	70	-1
20	71	L
20	72	-1
20	73	-1
20	74	L
20	75	L
20	76	L
20	77	L
20	78	L
20	79	-1
20	80	-1
20	81	-1
20	82	-1
20	83	L
20	84	-1
20	85	L
20	86	L
20	87	L
20	88	-1
20	89	L
20	90	L
20	91	-1
20	92	-1
20	93	L
20	94	-1
20	95	-1
20	96	-1
20	97	L
20	98	-1
20	99	L
20	100	L
20	101	-1
20	102	L
20	103	L
20	104	L
20	105	-1
20	106	Lc
20	107	Lc
20	108	-1
20	109	L
20	110	Lc
20	111	L
20	112	Lc
20	113	L
20	114	L
20	115	L
20	116	-1
20	117	L
20	118	-1
20	119	L
21	0	-1
21	1	L
21	2	-1
21	3	L
21	4	L
21	5	-1
21	6	L
21	7	L
21	8	L
21	9	-1
21	10	L
21	11	L
21	12	-1
21	13	L
21	14	L
21	15	L
21	16	L
21	17	L
21	18	-1
21	19	L
21	20	-1
21	21	L
21	22	L
21	23	-1
21	24	-1
21	25	L
21	26	L
21	27	L
21	28	L
21	29	L
21	30	-1
21	31	L
21	32	L
21	33	L
21	34	L
21	35	L
21	36	L
21	37	L
21	38	-1
21	39	-1
21	40	-1
21	41	L
21	42	L
21	43	-1
21	44	-1
21	45	-1
21	46	L
21	47	-1
21	48	-1
21	49	L
21	50	L
21	51	-1
21	52	-1
21	53	Lc
21	54	Lc
21	55	-1
21	56	-1
21	57	-1
21	58	L
21	59	L
21	60	-1
21	61	L
21	62	-1
21	63	L
21	64	L
21	65	L
21	66	-1
21	67	-1
21	68	-1
21	69	L
21	70	-1
21	71	L
21	72	-1
21	73	-1
21	74	L
21	75	U
21	76	L
21	77	-1
21	78	-1
21	79	-1
21	80	-1
21	81	L
21	82	L
21	83	-1
21	84	L
21	85	-1
21	86	L
21	87	L
21	88	L
21	89	-1
21	90	-1
21	91	L
21	92	L
21	93	L
21	94	L
21	95	-1
21	96	-1
21	97	L
21	98	-1
21	99	-1
21	100	-1
21	101	L
21	102	-1
21	103	L
21	104	-1
21	105	L
21	106	-1
21	107	-1
21	108	Lc
21	109	-1
21	110	-1
21	111	L
21	112	-1
21	113	L
21	114	L
21	115	-1
21	116	L
21	117	-1
21	118	L
21	119	-1
22	0	-1
22	1	L
22	2	L
22	3	L
22	4	L
22	5	L
22	6	-1
22	7	L
22	8	L
22	9	L
22	10	-1
22	11	L
22	12	-1
22	13	L
22	14	L
22	15	L
22	16	L
22	17	L
22	18	L
22	19	-1
22	20	L
22	21	-1
22	22	-1
22	23	L
22	24	L
22	25	L
22	26	-1
22	27	-1
22	28	-1
22	29	-1
22	30	L
22	31	L
22	32	L
22	33	L
22	34	-1
22	35	L
22	36	-1
22	37	-1
22	38	-1
22	39	-1
22	40	-1
22	41	-1
22	42	-1
22	43	-1
22	44	-1
22	45	L
22	46	-1
22	47	L
22	48	-1
22	49	-1
22	50	-1
22	51	-1
22	52	L
22	53	L
22	54	Lc
22	55	L
22	56	L
22	57	L
22	58	L
22	59	L
22	60	-1
22	61	L
22	62	-1
22	63	-1
22	64	L
22	65	L
22	66	L
22	67	-1
22	68	-1
22	69	-1
22	70	L
22	71	L
22	72	L
22	73	L
22	74	U
22	75	U
22	76	L
22	77	-1
22	78	-1
22	79	-1
22	80	L
22	81	L
22	82	L
22	83	-1
22	84	L
22	85	-1
22	86	L
22	87	L
22	88	-1
22	89	-1
22	90	L
22	91	-1
22	92	L
22	93	-1
22	94	-1
22	95	L
22	96	-1
22	97	L
22	98	-1
22	99	-1
22	100	L
22	101	-1
22	102	L
22	103	-1
22	104	L
22	105	-1
22	106	Lc
22	107	-1
22	108	Lc
22	109	-1
22	110	L
22	111	-1
22	112	Lc
22	113	-1
22	114	-1
22	115	-1
22	116	L
22	117	L
22	118	-1
22	119	-1
23	0	L
23	1	-1
23	2	-1
23	3	L
23	4	L
23	5	L
23	6	-1
23	7	-1
23	8	-1
23	9	L
23	10	-1
23	11	-1
23	12	-1
23	13	-1
23	14	-1
23	15	-1
23	16	-1
23	17	L
23	18	L
23	19	L
23	20	L
23	21	-1
23	22	L
23	23	-1
23	24	L
23	25	L
23	26	L
23	27	-1
23	28	L
23	29	-1
23	30	L
23	31	-1
23	32	L
23	33	-1
23	34	L
23	35	L
23	36	-1
23	37	-1
23	38	-1
23	39	-1
23	40	L
23	41	-1
23	42	-1
23	43	L
23	44	-1
23	45	-1
23	46	-1
23	47	-1
23	48	-1
23	49	L
23	50	L
23	51	L
23	52	L
23	53	-1
23	54	L
23	55	L
23	56	L
23	57	-1
23	58	-1
23	59	L
23	60	-1
23	61	-1
23	62	L
23	63	-1
23	64	-1
23	65	-1
23	66	L
23	67	-1
23	68	-1
23	69	L
23	70	L
23	71	L
23	72	L
23	73	L
23	74	-1
23	75	-1
23	76	-1
23	77	L
23	78	-1
23	79	L
23	80	L
23	81	-1
23	82	-1
23	83	-1
23	84	-1
23	85	L
23	86	-1
23	87	L
23	88	L
23	89	L
23	90	L
23	91	-1
23	92	L
23	93	L
23	94	L
23	95	L
23	96	L
23	97	L
23	98	L
23	99	L
23	100	L
23	101	L
23	102	-1
23	103	-1
23	104	L
23	105	Lc
23	106	-1
23	107	Lc
23	108	Lc
23	109	Lc
23	110	-1
23	111	-1
23	112	Lc
23	113	L
23	114	-1
23	115	L
23	116	L
23	117	L
23	118	L
23	119	L
24	0	L
24	1	-1
24	2	L
24	3	-1
24	4	L
24	5	L
24	6	-1
24	7	-1
24	8	-1
24	9	L
24	10	L
24	11	-1
24	12	L
24	13	-1
24	14	-1
24	15	L
24	16	-1
24	17	L
24	18	L
24	19	L
24	20	L
24	21	L
24	22	-1
24	23	-1
24	24	L
24	25	L
24	26	-1
24	27	-1
24	28	-1
24	29	L
24	30	L
24	31	L
24	32	L
24	33	L
24	34	-1
24	35	-1
24	36	-1
24	37	-1
24	38	-1
24	39	-1
24	40	-1
24	41	-1
24	42	-1
24	43	-1
24	44	L
24	45	-1
24	46	L
24	47	-1
24	48	-1
24	49	L
24	50	L
24	51	L
24	52	-1
24	53	-1
24	54	-1
24	55	-1
24	56	-1
24	57	L
24	58	-1
24	59	L
24	60	-1
24	61	-1
24	62	-1
24	63	L
24	64	L
24	65	-1
24	66	L
24	67	L
24	68	L
24	69	L
24	70	L
24	71	-1
24	72	L
24	73	L
24	74	-1
24	75	-1
24	76	-1
24	77	-1
24	78	L
24	79	-1
24	80	L
24	81	U
24	82	L
24	83	-1
24	84	-1
24	85	-1
24	86	L
24	87	-1
24	88	L
24	89	-1
24	90	L
24	91	-1
24	92	L
24	93	L
24	94	L
24	95	-1
24	96	L
24	97	-1
24	98	L
24	99	L
24	100	L
24	101	L
24	102	-1
24	103	-1
24	104	-1
24	105	-1
24	106	Lc
24	107	Lc
24	108	L
24	109	Lc
24	110	L
24	111	-1
24	112	L
24	113	-1
24	114	L
24	115	-1
24	116	-1
24	117	L
24	118	L
24	119	L
25	0	L
25	1	L
25	2	-1
25	3	L
25	4	L
25	5	-1
25	6	L
25	7	-1
25	8	-1
25	9	L
25	10	-1
25	11	L
25	12	L
25	13	L
25	14	L
25	15	-1
25	16	-1
25	17	-1
25	18	-1
25	19	-1
25	20	-1
25	21	L
25	22	L
25	23	L
25	24	L
25	25	L
25	26	L
25	27	-1
25	28	L
25	29	L
25	30	L
25	31	L
25	32	L
25	33	L
25	34	L
25	35	L
25	36	L
25	37	L
25	38	-1
25	39	L
25	40	L
25	41	L
25	42	-1
25	43	L
25	44	-1
25	45	L
25	46	-1
25	47	-1
25	48	L
25	49	-1
25	50	L
25	51	L
25	52	L
25	53	-1
25	54	-1
25	55	L
25	56	-1
25	57	L
25	58	-1
25	59	L
25	60	-1
25	61	L
25	62	-1
25	63	-1
25	64	L
25	65	L
25	66	L
25	67	L
25	68	L
25	69	L
25	70	L
25	71	L
25	72	L
25	73	L
25	74	-1
25	75	-1
25	76	L
25	77	-1
25	78	-1
25	79	-1
25	80	L
25	81	L
25	82	-1
25	83	-1
25	84	-1
25	85	L
25	86	-1
25	87	L
25	88	-1
25	89	L
25	90	L
25	91	-1
25	92	L
25	93	L
25	94	L
25	95	L
25	96	L
25	97	L
25	98	-1
25	99	-1
25	100	-1
25	101	-1
25	102	-1
25	103	L
25	104	-1
25	105	L
25	106	L
25	107	-1
25	108	L
25	109	L
25	110	L
25	111	-1
25	112	-1
25	113	L
25	114	L
25	115	L
25	116	-1
25	117	-1
25	118	-1
25	119	L
26	0	L
26	1	L
26	2	L
26	3	L
26	4	L
26	5	-1
26	6	-1
26	7	L
26	8	L
26	9	-1
26	10	-1
26	11	-1
26	12	L
26	13	L
26	14	-1
26	15	L
26	16	L
26	17	L
26	18	L
26	19	L
26	20	L
26	21	-1
26	22	L
26	23	L
26	24	L
26	25	L
26	26	L
26	27	-1
26	28	-1
26	29	L
26	30	L
26	31	L
26	32	L
26	33	L
26	34	L
26	35	L
26	36	L
26	37	-1
26	38	-1
26	39	-1
26	40	L
26	41	-1
26	42	L
26	43	-1
26	44	-1
26	45	L
26	46	-1
26	47	L
26	48	L
26	49	-1
26	50	-1
26	51	L
26	52	L
26	53	-1
26	54	-1
26	55	L
26	56	-1
26	57	L
26	58	-1
26	59	-1
26	60	L
26	61	-1
26	62	-1
26	63	L
26	64	L
26	65	-1
26	66	-1
26	67	L
26	68	L
26	69	L
26	70	-1
26	71	-1
26	72	L
26	73	L
26	74	L
26	75	-1
26	76	L
26	77	L
26	78	L
26	79	L
26	80	-1
26	81	L
26	82	-1
26	83	L
26	84	L
26	85	L
26	86	L
26	87	L
26	88	-1
26	89	-1
26	90	-1
26	91	L
26	92	L
26	93	L
26	94	L
26	95	L
26	96	L
26	97	L
26	98	-1
26	99	L
26	100	L
26	101	-1
26	102	-1
26	103	-1
26	104	L
26	105	L
26	106	L
26	107	L
26	108	L
26	109	L
26	110	-1
26	111	L
26	112	-1
26	113	L
26	114	L
26	115	-1
26	116	L
26	117	-1
26	118	-1
26	119	-1
27	0	-1
27	1	L
27	2	-1
27	3	-1
27	4	-1
27	5	-1
27	6	-1
27	7	L
27	8	L
27	9	L
27	10	-1
27	11	-1
27	12	-1
27	13	L
27	14	L
27	15	L
27	16	-1
27	17	L
27	18	L
27	19	-1
27	20	L
27	21	L
27	22	L
27	23	-1
27	24	L
27	25	-1
27	26	L
27	27	L
27	28	-1
27	29	-1
27	30	-1
27	31	-1
27	32	-1
27	33	-1
27	34	L
27	35	L
27	36	-1
27	37	L
27	38	-1
27	39	L
27	40	-1
27	41	L
27	42	-1
27	43	L
27	44	L
27	45	-1
27	46	L
27	47	-1
27	48	L
27	49	L
27	50	-1
27	51	-1
27	52	L
27	53	-1
27	54	L
27	55	-1
27	56	-1
27	57	-1
27	58	-1
27	59	-1
27	60	L
27	61	L
27	62	L
27	63	L
27	64	L
27	65	L
27	66	-1
27	67	-1
27	68	-1
27	69	L
27	70	L
27	71	-1
27	72	-1
27	73	L
27	74	L
27	75	L
27	76	L
27	77	-1
27	78	L
27	79	L
27	80	-1
27	81	L
27	82	-1
27	83	L
27	84	L
27	85	L
27	86	L
27	87	L
27	88	-1
27	89	-1
27	90	-1
27	91	L
27	92	L
27	93	L
27	94	-1
27	95	L
27	96	-1
27	97	-1
27	98	L
27	99	L
27	100	-1
27	101	L
27	102	-1
27	103	L
27	104	-1
27	105	-1
27	106	L
27	107	-1
27	108	-1
27	109	L
27	110	-1
27	111	L
27	112	L
27	113	-1
27	114	-1
27	115	L
27	116	-1
27	117	U
27	118	L
27	119	-1
28	0	-1
28	1	-1
28	2	L
28	3	-1
28	4	-1
28	5	-1
28	6	L
28	7	L
28	8	-1
28	9	-1
28	10	-1
28	11	-1
28	12	L
28	13	-1
28	14	-1
28	15	-1
28	16	L
28	17	L
28	18	L
28	19	L
28	20	L
28	21	L
28	22	L
28	23	L
28	24	L
28	25	L
28	26	-1
28	27	-1
28	28	-1
28	29	L
28	30	-1
28	31	L
28	32	-1
28	33	L
28	34	L
28	35	-1
28	36	L
28	37	L
28	38	L
28	39	L
28	40	-1
28	41	-1
28	42	L
28	43	-1
28	44	L
28	45	-1
28	46	-1
28	47	L
28	48	-1
28	49	L
28	50	L
28	51	-1
28	52	-1
28	53	-1
28	54	-1
28	55	-1
28	56	-1
28	57	-1
28	58	-1
28	59	-1
28	60	L
28	61	L
28	62	-1
28	63	L
28	64	-1
28	65	L
28	66	-1
28	67	-1
28	68	-1
28	69	L
28	70	L
28	71	-1
28	72	-1
28	73	L
28	74	-1
28	75	L
28	76	-1
28	77	-1
28	78	L
28	79	L
28	80	L
28	81	L
28	82	L
28	83	L
28	84	-1
28	85	L
28	86	-1
28	87	L
28	88	L
28	89	-1
28	90	-1
28	91	L
28	92	-1
28	93	L
28	94	L
28	95	-1
28	96	-1
28	97	-1
28	98	-1
28	99	L
28	100	L
28	101	L
28	102	L
28	103	L
28	104	L
28	105	-1
28	106	-1
28	107	-1
28	108	-1
28	109	-1
28	110	-1
28	111	-1
28	112	-1
28	113	U
28	114	L
28	115	L
28	116	L
28	117	-1
28	118	U
28	119	-1
29	0	-1
29	1	-1
29	2	-1
29	3	L
29	4	-1
29	5	L
29	6	L
29	7	L
29	8	-1
29	9	L
29	10	L
29	11	L
29	12	L
29	13	L
29	14	L
29	15	L
29	16	-1
29	17	L
29	18	L
29	19	-1
29	20	L
29	21	-1
29	22	L
29	23	L
29	24	L
29	25	-1
29	26	-1
29	27	L
29	28	-1
29	29	L
29	30	-1
29	31	L
29	32	L
29	33	-1
29	34	L
29	35	-1
29	36	-1
29	37	L
29	38	L
29	39	-1
29	40	-1
29	41	L
29	42	-1
29	43	L
29	44	L
29	45	L
29	46	-1
29	47	L
29	48	-1
29	49	L
29	50	-1
29	51	-1
29	52	-1
29	53	-1
29	54	L
29	55	L
29	56	L
29	57	L
29	58	-1
29	59	-1
29	60	-1
29	61	-1
29	62	L
29	63	L
29	64	L
29	65	-1
29	66	L
29	67	-1
29	68	L
29	69	-1
29	70	-1
29	71	-1
29	72	L
29	73	L
29	74	-1
29	75	L
29	76	-1
29	77	L
29	78	-1
29	79	L
29	80	-1
29	81	L
29	82	-1
29	83	L
29	84	L
29	85	L
29	86	-1
29	87	L
29	88	L
29	89	-1
29	90	-1
29	91	-1
29	92	L
29	93	-1
29	94	L
29	95	L
29	96	-1
29	97	-1
29	98	L
29	99	L
29	100	L
29	101	-1
29	102	-1
29	103	L
29	104	L
29	105	-1
29	106	-1
29	107	-1
29	108	L
29	109	-1
29	110	L
29	111	L
29	112	-1
29	113	L
29	114	L
29	115	-1
29	116	-1
29	117	-1
29	118	-1
29	119	L
30	0	-1
30	1	-1
30	2	-1
30	3	L
30	4	L
30	5	L
30	6	-1
30	7	L
30	8	-1
30	9	L
30	10	-1
30	11	L
30	12	-1
30	13	L
30	14	L
30	15	-1
30	16	-1
30	17	L
30	18	L
30	19	-1
30	20	L
30	21	L
30	22	L
30	23	L
30	24	L
30	25	-1
30	26	-1
30	27	L
30	28	L
30	29	-1
30	30	L
30	31	L
30	32	L
30	33	-1
30	34	-1
30	35	-1
30	36	-1
30	37	L
30	38	L
30	39	-1
30	40	L
30	41	-1
30	42	L
30	43	-1
30	44	-1
30	45	-1
30	46	-1
30	47	L
30	48	L
30	49	L
30	50	L
30	51	L
30	52	L
30	53	-1
30	54	-1
30	55	L
30	56	L
30	57	L
30	58	L
30	59	-1
30	60	-1
30	61	-1
30	62	L
30	63	-1
30	64	L
30	65	-1
30	66	L
30	67	L
30	68	-1
30	69	-1
30	70	-1
30	71	-1
30	72	-1
30	73	-1
30	74	L
30	75	-1
30	76	L
30	77	L
30	78	-1
30	79	L
30	80	-1
30	81	-1
30	82	L
30	83	L
30	84	-1
30	85	L
30	86	L
30	87	L
30	88	-1
30	89	L
30	90	-1
30	91	L
30	92	L
30	93	-1
30	94	L
30	95	L
30	96	L
30	97	L
30	98	L
30	99	L
30	100	-1
30	101	-1
30	102	L
30	103	L
30	104	-1
30	105	L
30	106	L
30	107	-1
30	108	-1
30	109	-1
30	110	-1
30	111	-1
30	112	-1
30	113	-1
30	114	-1
30	115	-1
30	116	-1
30	117	-1
30	118	-1
30	119	-1
31	0	L
31	1	-1
31	2	-1
31	3	L
31	4	-1
31	5	L
31	6	L
31	7	L
31	8	L
31	9	L
31	10	-1
31	11	-1
31	12	L
31	13	-1
31	14	-1
31	15	L
31	16	L
31	17	L
31	18	-1
31	19	-1
31	20	L
31	21	-1
31	22	L
31	23	L
31	24	L
31	25	L
31	26	-1
31	27	L
31	28	-1
31	29	-1
31	30	L
31	31	L
31	32	-1
31	33	L
31	34	-1
31	35	-1
31	36	-1
31	37	L
31	38	-1
31	39	U
31	40	-1
31	41	-1
31	42	-1
31	43	-1
31	44	-1
31	45	L
31	46	L
31	47	-1
31	48	L
31	49	L
31	50	-1
31	51	-1
31	52	-1
31	53	-1
31	54	-1
31	55	-1
31	56	-1
31	57	L
31	58	L
31	59	-1
31	60	L
31	61	-1
31	62	L
31	63	L
31	64	-1
31	65	-1
31	66	-1
31	67	L
31	68	L
31	69	-1
31	70	L
31	71	L
31	72	L
31	73	-1
31	74	L
31	75	L
31	76	-1
31	77	L
31	78	L
31	79	L
31	80	-1
31	81	L
31	82	L
31	83	-1
31	84	-1
31	85	-1
31	86	L
31	87	L
31	88	-1
31	89	L
31	90	-1
31	91	-1
31	92	L
31	93	-1
31	94	-1
31	95	L
31	96	L
31	97	L
31	98	-1
31	99	L
31	100	U
31	101	L
31	102	-1
31	103	L
31	104	-1
31	105	-1
31	106	-1
31	107	-1
31	108	-1
31	109	-1
31	110	-1
31	111	L
31	112	-1
31	113	L
31	114	L
31	115	L
31	116	-1
31	117	-1
31	118	L
31	119	L
32	0	L
32	1	-1
32	2	-1
32	3	L
32	4	L
32	5	L
32	6	-1
32	7	L
32	8	L
32	9	L
32	10	-1
32	11	-1
32	12	-1
32	13	L
32	14	-1
32	15	L
32	16	L
32	17	-1
32	18	L
32	19	L
32	20	L
32	21	L
32	22	L
32	23	L
32	24	L
32	25	-1
32	26	-1
32	27	-1
32	28	L
32	29	-1
32	30	-1
32	31	-1
32	32	-1
32	33	L
32	34	-1
32	35	-1
32	36	-1
32	37	L
32	38	L
32	39	U
32	40	L
32	41	-1
32	42	L
32	43	-1
32	44	-1
32	45	L
32	46	L
32	47	L
32	48	-1
32	49	-1
32	50	-1
32	51	L
32	52	L
32	53	L
32	54	L
32	55	-1
32	56	-1
32	57	-1
32	58	L
32	59	L
32	60	L
32	61	L
32	62	L
32	63	-1
32	64	-1
32	65	-1
32	66	-1
32	67	L
32	68	L
32	69	L
32	70	L
32	71	L
32	72	U
32	73	L
32	74	-1
32	75	-1
32	76	L
32	77	L
32	78	L
32	79	-1
32	80	L
32	81	L
32	82	L
32	83	L
32	84	L
32	85	-1
32	86	-1
32	87	-1
32	88	L
32	89	L
32	90	-1
32	91	L
32	92	-1
32	93	L
32	94	-1
32	95	L
32	96	L
32	97	L
32	98	L
32	99	-1
32	100	U
32	101	L
32	102	-1
32	103	-1
32	104	-1
32	105	-1
32	106	L
32	107	L
32	108	-1
32	109	-1
32	110	-1
32	111	-1
32	112	-1
32	113	-1
32	114	-1
32	115	L
32	116	-1
32	117	-1
32	118	-1
32	119	L
33	0	L
33	1	L
33	2	L
33	3	-1
33	4	-1
33	5	L
33	6	-1
33	7	L
33	8	L
33	9	L
33	10	-1
33	11	L
33	12	-1
33	13	-1
33	14	L
33	15	L
33	16	-1
33	17	L
33	18	L
33	19	L
33	20	L
33	21	L
33	22	L
33	23	L
33	24	-1
33	25	L
33	26	-1
33	27	L
33	28	L
33	29	-1
33	30	-1
33	31	-1
33	32	-1
33	33	-1
33	34	-1
33	35	-1
33	36	L
33	37	-1
33	38	-1
33	39	L
33	40	-1
33	41	L
33	42	-1
33	43	-1
33	44	L
33	45	L
33	46	L
33	47	-1
33	48	-1
33	49	L
33	50	L
33	51	-1
33	52	-1
33	53	-1
33	54	-1
33	55	-1
33	56	-1
33	57	-1
33	58	L
33	59	L
33	60	-1
33	61	-1
33	62	-1
33	63	L
33	64	L
33	65	-1
33	66	L
33	67	L
33	68	-1
33	69	-1
33	70	-1
33	71	-1
33	72	L
33	73	-1
33	74	L
33	75	L
33	76	L
33	77	L
33	78	-1
33	79	U
33	80	-1
33	81	-1
33	82	-1
33	83	L
33	84	-1
33	85	-1
33	86	-1
33	87	L
33	88	L
33	89	-1
33	90	-1
33	91	-1
33	92	L
33	93	L
33	94	-1
33	95	-1
33	96	-1
33	97	L
33	98	L
33	99	-1
33	100	L
33	101	-1
33	102	L
33	103	L
33	104	-1
33	105	L
33	106	-1
33	107	-1
33	108	-1
33	109	L
33	110	L
33	111	L
33	112	L
33	113	-1
33	114	-1
33	115	L
33	116	L
33	117	L
33	118	-1
33	119	-1
34	0	-1
34	1	-1
34	2	L
34	3	L
34	4	-1
34	5	L
34	6	-1
34	7	L
34	8	L
34	9	L
34	10	-1
34	11	L
34	12	L
34	13	L
34	14	L
34	15	-1
34	16	L
34	17	-1
34	18	-1
34	19	L
34	20	L
34	21	L
34	22	-1
34	23	L
34	24	L
34	25	-1
34	26	-1
34	27	-1
34	28	L
34	29	-1
34	30	-1
34	31	-1
34	32	-1
34	33	-1
34	34	-1
34	35	-1
34	36	-1
34	37	-1
34	38	-1
34	39	L
34	40	L
34	41	L
34	42	L
34	43	L
34	44	L
34	45	L
34	46	-1
34	47	L
34	48	L
34	49	L
34	50	-1
34	51	-1
34	52	-1
34	53	L
34	54	L
34	55	L
34	56	-1
34	57	L
34	58	L
34	59	L
34	60	L
34	61	L
34	62	-1
34	63	L
34	64	L
34	65	L
34	66	-1
34	67	-1
34	68	-1
34	69	L
34	70	U
34	71	-1
34	72	U
34	73	L
34	74	-1
34	75	L
34	76	L
34	77	L
34	78	-1
34	79	L
34	80	-1
34	81	-1
34	82	L
34	83	L
34	84	L
34	85	L
34	86	-1
34	87	L
34	88	-1
34	89	-1
34	90	-1
34	91	-1
34	92	L
34	93	-1
34	94	-1
34	95	L
34	96	L
34	97	L
34	98	-1
34	99	-1
34	100	L
34	101	L
34	102	-1
34	103	-1
34	104	L
34	105	L
34	106	-1
34	107	L
34	108	-1
34	109	L
34	110	L
34	111	-1
34	112	L
34	113	-1
34	114	-1
34	115	L
34	116	L
34	117	L
34	118	-1
34	119	-1
35	0	-1
35	1	L
35	2	L
35	3	L
35	4	L
35	5	-1
35	6	-1
35	7	L
35	8	L
35	9	L
35	10	L
35	11	L
35	12	-1
35	13	L
35	14	-1
35	15	-1
35	16	L
35	17	L
35	18	-1
35	19	-1
35	20	-1
35	21	L
35	22	-1
35	23	L
35	24	L
35	25	L
35	26	L
35	27	-1
35	28	-1
35	29	L
35	30	-1
35	31	-1
35	32	L
35	33	-1
35	34	-1
35	35	-1
35	36	-1
35	37	-1
35	38	-1
35	39	-1
35	40	L
35	41	-1
35	42	-1
35	43	-1
35	44	L
35	45	L
35	46	L
35	47	-1
35	48	-1
35	49	-1
35	50	-1
35	51	L
35	52	L
35	53	-1
35	54	-1
35	55	-1
35	56	-1
35	57	L
35	58	L
35	59	L
35	60	-1
35	61	-1
35	62	L
35	63	L
35	64	L
35	65	L
35	66	L
35	67	L
35	68	U
35	69	-1
35	70	-1
35	71	U
35	72	U
35	73	L
35	74	L
35	75	-1
35	76	L
35	77	-1
35	78	L
35	79	L
35	80	L
35	81	L
35	82	L
35	83	L
35	84	L
35	85	L
35	86	-1
35	87	-1
35	88	L
35	89	L
35	90	L
35	91	L
35	92	L
35	93	-1
35	94	-1
35	95	-1
35	96	L
35	97	L
35	98	L
35	99	-1
35	100	L
35	101	-1
35	102	-1
35	103	L
35	104	-1
35	105	-1
35	106	-1
35	107	-1
35	108	L
35	109	L
35	110	L
35	111	-1
35	112	L
35	113	L
35	114	L
35	115	L
35	116	L
35	117	-1
35	118	L
35	119	L
36	0	L
36	1	L
36	2	-1
36	3	-1
36	4	-1
36	5	-1
36	6	L
36	7	-1
36	8	-1
36	9	L
36	10	-1
36	11	-1
36	12	L
36	13	-1
36	14	-1
36	15	-1
36	16	-1
36	17	L
36	18	-1
36	19	L
36	20	-1
36	21	-1
36	22	L
36	23	-1
36	24	-1
36	25	L
36	26	-1
36	27	L
36	28	-1
36	29	-1
36	30	U
36	31	-1
36	32	L
36	33	-1
36	34	-1
36	35	L
36	36	L
36	37	L
36	38	-1
36	39	L
36	40	-1
36	41	-1
36	42	-1
36	43	L
36	44	-1
36	45	L
36	46	L
36	47	L
36	48	-1
36	49	L
36	50	L
36	51	L
36	52	L
36	53	-1
36	54	-1
36	55	-1
36	56	-1
36	57	-1
36	58	-1
36	59	-1
36	60	-1
36	61	-1
36	62	L
36	63	L
36	64	L
36	65	L
36	66	L
36	67	L
36	68	U
36	69	U
36	70	-1
36	71	-1
36	72	L
36	73	U
36	74	-1
36	75	L
36	76	L
36	77	-1
36	78	-1
36	79	L
36	80	L
36	81	-1
36	82	L
36	83	L
36	84	L
36	85	L
36	86	-1
36	87	L
36	88	L
36	89	L
36	90	-1
36	91	-1
36	92	-1
36	93	L
36	94	L
36	95	-1
36	96	-1
36	97	L
36	98	-1
36	99	L
36	100	-1
36	101	L
36	102	-1
36	103	L
36	104	L
36	105	-1
36	106	L
36	107	-1
36	108	L
36	109	L
36	110	L
36	111	-1
36	112	-1
36	113	L
36	114	L
36	115	-1
36	116	-1
36	117	-1
36	118	L
36	119	L
37	0	L
37	1	L
37	2	L
37	3	-1
37	4	L
37	5	-1
37	6	L
37	7	L
37	8	-1
37	9	-1
37	10	L
37	11	L
37	12	-1
37	13	-1
37	14	-1
37	15	-1
37	16	L
37	17	L
37	18	-1
37	19	-1
37	20	L
37	21	-1
37	22	L
37	23	-1
37	24	-1
37	25	U
37	26	U
37	27	-1
37	28	L
37	29	U
37	30	-1
37	31	U
37	32	L
37	33	L
37	34	L
37	35	-1
37	36	-1
37	37	-1
37	38	L
37	39	L
37	40	-1
37	41	-1
37	42	L
37	43	L
37	44	L
37	45	L
37	46	L
37	47	L
37	48	-1
37	49	-1
37	50	L
37	51	L
37	52	-1
37	53	L
37	54	L
37	55	L
37	56	U
37	57	U
37	58	U
37	59	-1
37	60	-1
37	61	L
37	62	L
37	63	L
37	64	L
37	65	L
37	66	L
37	67	-1
37	68	L
37	69	-1
37	70	U
37	71	U
37	72	U
37	73	-1
37	74	-1
37	75	L
37	76	L
37	77	L
37	78	L
37	79	L
37	80	-1
37	81	-1
37	82	L
37	83	L
37	84	L
37	85	-1
37	86	L
37	87	L
37	88	-1
37	89	L
37	90	-1
37	91	-1
37	92	-1
37	93	L
37	94	-1
37	95	L
37	96	-1
37	97	L
37	98	-1
37	99	L
37	100	-1
37	101	-1
37	102	L
37	103	-1
37	104	-1
37	105	L
37	106	-1
37	107	-1
37	108	-1
37	109	L
37	110	-1
37	111	L
37	112	L
37	113	L
37	114	-1
37	115	-1
37	116	-1
37	117	-1
37	118	L
37	119	L
38	0	-1
38	1	L
38	2	L
38	3	L
38	4	L
38	5	L
38	6	L
38	7	L
38	8	L
38	9	L
38	10	L
38	11	-1
38	12	L
38	13	L
38	14	L
38	15	-1
38	16	L
38	17	L
38	18	-1
38	19	-1
38	20	-1
38	21	L
38	22	-1
38	23	-1
38	24	-1
38	25	-1
38	26	-1
38	27	-1
38	28	L
38	29	U
38	30	-1
38	31	L
38	32	L
38	33	-1
38	34	L
38	35	-1
38	36	-1
38	37	-1
38	38	L
38	39	-1
38	40	-1
38	41	L
38	42	L
38	43	L
38	44	-1
38	45	-1
38	46	L
38	47	L
38	48	-1
38	49	-1
38	50	-1
38	51	-1
38	52	L
38	53	-1
38	54	L
38	55	L
38	56	-1
38	57	L
38	58	U
38	59	-1
38	60	-1
38	61	-1
38	62	L
38	63	L
38	64	L
38	65	L
38	66	L
38	67	-1
38	68	L
38	69	-1
38	70	U
38	71	U
38	72	-1
38	73	U
38	74	U
38	75	L
38	76	L
38	77	L
38	78	L
38	79	L
38	80	L
38	81	L
38	82	-1
38	83	L
38	84	L
38	85	L
38	86	L
38	87	-1
38	88	L
38	89	L
38	90	L
38	91	L
38	92	L
38	93	-1
38	94	L
38	95	-1
38	96	L
38	97	-1
38	98	-1
38	99	-1
38	100	L
38	101	-1
38	102	L
38	103	L
38	104	L
38	105	-1
38	106	L
38	107	-1
38	108	-1
38	109	L
38	110	L
38	111	L
38	112	-1
38	113	-1
38	114	L
38	115	L
38	116	-1
38	117	L
38	118	-1
38	119	L
39	0	L
39	1	L
39	2	L
39	3	L
39	4	-1
39	5	L
39	6	-1
39	7	-1
39	8	-1
39	9	-1
39	10	L
39	11	L
39	12	-1
39	13	-1
39	14	-1
39	15	-1
39	16	-1
39	17	L
39	18	L
39	19	-1
39	20	L
39	21	L
39	22	L
39	23	-1
39	24	-1
39	25	-1
39	26	-1
39	27	U
39	28	U
39	29	-1
39	30	-1
39	31	-1
39	32	-1
39	33	-1
39	34	L
39	35	-1
39	36	-1
39	37	L
39	38	-1
39	39	-1
39	40	L
39	41	L
39	42	L
39	43	-1
39	44	-1
39	45	-1
39	46	L
39	47	L
39	48	-1
39	49	-1
39	50	-1
39	51	L
39	52	-1
39	53	L
39	54	L
39	55	L
39	56	-1
39	57	-1
39	58	U
39	59	-1
39	60	L
39	61	L
39	62	-1
39	63	-1
39	64	L
39	65	L
39	66	L
39	67	L
39	68	L
39	69	-1
39	70	U
39	71	U
39	72	-1
39	73	U
39	74	-1
39	75	U
39	76	-1
39	77	L
39	78	L
39	79	L
39	80	-1
39	81	L
39	82	-1
39	83	-1
39	84	L
39	85	L
39	86	-1
39	87	-1
39	88	-1
39	89	L
39	90	-1
39	91	L
39	92	-1
39	93	L
39	94	-1
39	95	L
39	96	L
39	97	L
39	98	L
39	99	-1
39	100	-1
39	101	L
39	102	-1
39	103	L
39	104	-1
39	105	-1
39	106	-1
39	107	L
39	108	-1
39	109	L
39	110	-1
39	111	L
39	112	-1
39	113	-1
39	114	L
39	115	-1
39	116	L
39	117	L
39	118	L
39	119	L
40	0	L
40	1	L
40	2	-1
40	3	L
40	4	-1
40	5	L
40	6	-1
40	7	L
40	8	-1
40	9	L
40	10	L
40	11	-1
40	12	L
40	13	L
40	14	-1
40	15	L
40	16	L
40	17	L
40	18	L
40	19	-1
40	20	-1
40	21	-1
40	22	L
40	23	L
40	24	L
40	25	-1
40	26	L
40	27	U
40	28	U
40	29	U
40	30	-1
40	31	-1
40	32	L
40	33	-1
40	34	L
40	35	-1
40	36	-1
40	37	L
40	38	U
40	39	-1
40	40	-1
40	41	-1
40	42	L
40	43	-1
40	44	-1
40	45	L
40	46	-1
40	47	L
40	48	L
40	49	L
40	50	-1
40	51	L
40	52	-1
40	53	-1
40	54	L
40	55	L
40	56	U
40	57	L
40	58	-1
40	59	-1
40	60	L
40	61	-1
40	62	L
40	63	-1
40	64	-1
40	65	L
40	66	L
40	67	L
40	68	-1
40	69	L
40	70	U
40	71	-1
40	72	U
40	73	-1
40	74	-1
40	75	L
40	76	L
40	77	L
40	78	-1
40	79	-1
40	80	L
40	81	-1
40	82	L
40	83	L
40	84	L
40	85	-1
40	86	-1
40	87	-1
40	88	-1
40	89	-1
40	90	L
40	91	-1
40	92	L
40	93	L
40	94	-1
40	95	L
40	96	-1
40	97	L
40	98	L
40	99	-1
40	100	-1
40	101	-1
40	102	L
40	103	L
40	104	L
40	105	-1
40	106	L
40	107	L
40	108	L
40	109	L
40	110	-1
40	111	L
40	112	L
40	113	L
40	114	L
40	115	-1
40	116	L
40	117	-1
40	118	-1
40	119	L
41	0	L
41	1	L
41	2	L
41	3	L
41	4	-1
41	5	L
41	6	L
41	7	L
41	8	L
41	9	-1
41	10	-1
41	11	-1
41	12	-1
41	13	L
41	14	-1
41	15	L
41	16	-1
41	17	L
41	18	L
41	19	-1
41	20	L
41	21	L
41	22	L
41	23	-1
41	24	L
41	25	L
41	26	L
41	27	-1
41	28	L
41	29	L
41	30	-1
41	31	L
41	32	L
41	33	L
41	34	-1
41	35	L
41	36	L
41	37	L
41	38	-1
41	39	L
41	40	-1
41	41	L
41	42	L
41	43	L
41	44	L
41	45	L
41	46	L
41	47	-1
41	48	L
41	49	L
41	50	L
41	51	L
41	52	L
41	53	L
41	54	-1
41	55	L
41	56	-1
41	57	L
41	58	-1
41	59	L
41	60	L
41	61	-1
41	62	-1
41	63	-1
41	64	L
41	65	-1
41	66	-1
41	67	U
41	68	U
41	69	L
41	70	-1
41	71	U
41	72	U
41	73	-1
41	74	U
41	75	U
41	76	-1
41	77	L
41	78	L
41	79	L
41	80	L
41	81	L
41	82	L
41	83	-1
41	84	-1
41	85	L
41	86	L
41	87	-1
41	88	-1
41	89	L
41	90	L
41	91	-1
41	92	L
41	93	-1
41	94	L
41	95	-1
41	96	-1
41	97	-1
41	98	L
41	99	L
41	100	-1
41	101	-1
41	102	-1
41	103	-1
41	104	L
41	105	-1
41	106	L
41	107	-1
41	108	L
41	109	-1
41	110	L
41	111	-1
41	112	L
41	113	-1
41	114	L
41	115	-1
41	116	L
41	117	L
41	118	L
41	119	-1
42	0	-1
42	1	-1
42	2	-1
42	3	L
42	4	-1
42	5	-1
42	6	L
42	7	L
42	8	-1
42	9	-1
42	10	-1
42	11	-1
42	12	L
42	13	L
42	14	L
42	15	L
42	16	-1
42	17	L
42	18	L
42	19	L
42	20	-1
42	21	L
42	22	L
42	23	-1
42	24	-1
42	25	L
42	26	-1
42	27	L
42	28	-1
42	29	-1
42	30	L
42	31	L
42	32	L
42	33	L
42	34	L
42	35	L
42	36	L
42	37	-1
42	38	-1
42	39	L
42	40	-1
42	41	-1
42	42	L
42	43	L
42	44	L
42	45	-1
42	46	L
42	47	-1
42	48	L
42	49	L
42	50	-1
42	51	L
42	52	-1
42	53	-1
42	54	U
42	55	-1
42	56	-1
42	57	L
42	58	L
42	59	L
42	60	-1
42	61	L
42	62	-1
42	63	-1
42	64	L
42	65	L
42	66	L
42	67	L
42	68	L
42	69	L
42	70	L
42	71	U
42	72	-1
42	73	-1
42	74	U
42	75	L
42	76	U
42	77	L
42	78	L
42	79	L
42	80	L
42	81	L
42	82	L
42	83	L
42	84	L
42	85	-1
42	86	-1
42	87	L
42	88	-1
42	89	-1
42	90	L
42	91	L
42	92	-1
42	93	L
42	94	L
42	95	-1
42	96	L
42	97	L
42	98	L
42	99	-1
42	100	L
42	101	L
42	102	L
42	103	-1
42	104	L
42	105	L
42	106	-1
42	107	L
42	108	-1
42	109	L
42	110	-1
42	111	-1
42	112	-1
42	113	-1
42	114	-1
42	115	L
42	116	-1
42	117	-1
42	118	-1
42	119	L
43	0	-1
43	1	-1
43	2	L
43	3	-1
43	4	-1
43	5	L
43	6	-1
43	7	-1
43	8	L
43	9	-1
43	10	-1
43	11	-1
43	12	L
43	13	L
43	14	L
43	15	-1
43	16	Lc
43	17	L
43	18	L
43	19	-1
43	20	-1
43	21	L
43	22	L
43	23	L
43	24	-1
43	25	L
43	26	L
43	27	L
43	28	-1
43	29	-1
43	30	L
43	31	L
43	32	L
43	33	L
43	34	L
43	35	-1
43	36	L
43	37	-1
43	38	L
43	39	-1
43	40	L
43	41	-1
43	42	-1
43	43	-1
43	44	Lc
43	45	-1
43	46	L
43	47	-1
43	48	L
43	49	L
43	50	-1
43	51	-1
43	52	-1
43	53	-1
43	54	L
43	55	-1
43	56	L
43	57	L
43	58	L
43	59	-1
43	60	-1
43	61	L
43	62	L
43	63	L
43	64	-1
43	65	L
43	66	L
43	67	-1
43	68	L
43	69	L
43	70	L
43	71	L
43	72	-1
43	73	-1
43	74	L
43	75	L
43	76	U
43	77	-1
43	78	-1
43	79	L
43	80	L
43	81	-1
43	82	L
43	83	L
43	84	-1
43	85	-1
43	86	-1
43	87	-1
43	88	-1
43	89	L
43	90	-1
43	91	-1
43	92	L
43	93	-1
43	94	-1
43	95	-1
43	96	L
43	97	-1
43	98	L
43	99	L
43	100	L
43	101	-1
43	102	L
43	103	-1
43	104	L
43	105	-1
43	106	-1
43	107	-1
43	108	-1
43	109	-1
43	110	-1
43	111	L
43	112	-1
43	113	U
43	114	U
43	115	L
43	116	L
43	117	-1
43	118	L
43	119	-1
44	0	-1
44	1	L
44	2	L
44	3	L
44	4	-1
44	5	L
44	6	L
44	7	L
44	8	-1
44	9	L
44	10	-1
44	11	L
44	12	L
44	13	L
44	14	Lc
44	15	Lc
44	16	-1
44	17	Lc
44	18	-1
44	19	L
44	20	L
44	21	L
44	22	L
44	23	-1
44	24	-1
44	25	L
44	26	-1
44	27	L
44	28	L
44	29	L
44	30	L
44	31	L
44	32	L
44	33	U
44	34	U
44	35	L
44	36	L
44	37	L
44	38	L
44	39	L
44	40	L
44	41	-1
44	42	-1
44	43	-1
44	44	Lc
44	45	L
44	46	-1
44	47	-1
44	48	-1
44	49	L
44	50	L
44	51	-1
44	52	L
44	53	L
44	54	L
44	55	L
44	56	-1
44	57	L
44	58	L
44	59	L
44	60	L
44	61	-1
44	62	L
44	63	-1
44	64	L
44	65	L
44	66	L
44	67	L
44	68	L
44	69	-1
44	70	L
44	71	L
44	72	-1
44	73	-1
44	74	L
44	75	-1
44	76	L
44	77	L
44	78	L
44	79	L
44	80	L
44	81	-1
44	82	L
44	83	L
44	84	-1
44	85	L
44	86	-1
44	87	-1
44	88	L
44	89	-1
44	90	-1
44	91	-1
44	92	L
44	93	L
44	94	-1
44	95	L
44	96	-1
44	97	L
44	98	L
44	99	L
44	100	L
44	101	L
44	102	L
44	103	L
44	104	-1
44	105	L
44	106	-1
44	107	-1
44	108	L
44	109	-1
44	110	-1
44	111	L
44	112	-1
44	113	U
44	114	U
44	115	-1
44	116	L
44	117	L
44	118	-1
44	119	L
45	0	U
45	1	L
45	2	L
45	3	-1
45	4	-1
45	5	-1
45	6	L
45	7	-1
45	8	L
45	9	L
45	10	-1
45	11	-1
45	12	-1
45	13	L
45	14	L
45	15	-1
45	16	L
45	17	L
45	18	-1
45	19	L
45	20	-1
45	21	L
45	22	L
45	23	L
45	24	L
45	25	-1
45	26	-1
45	27	Lc
45	28	L
45	29	L
45	30	Lc
45	31	-1
45	32	-1
45	33	-1
45	34	-1
45	35	L
45	36	L
45	37	-1
45	38	L
45	39	-1
45	40	-1
45	41	-1
45	42	L
45	43	L
45	44	L
45	45	L
45	46	-1
45	47	-1
45	48	-1
45	49	-1
45	50	-1
45	51	-1
45	52	-1
45	53	-1
45	54	L
45	55	L
45	56	L
45	57	L
45	58	-1
45	59	L
45	60	-1
45	61	L
45	62	-1
45	63	L
45	64	-1
45	65	L
45	66	L
45	67	L
45	68	L
45	69	L
45	70	L
45	71	-1
45	72	L
45	73	L
45	74	L
45	75	L
45	76	L
45	77	-1
45	78	L
45	79	-1
45	80	-1
45	81	L
45	82	-1
45	83	L
45	84	-1
45	85	-1
45	86	L
45	87	-1
45	88	-1
45	89	-1
45	90	-1
45	91	-1
45	92	-1
45	93	-1
45	94	-1
45	95	-1
45	96	-1
45	97	L
45	98	L
45	99	L
45	100	L
45	101	L
45	102	L
45	103	L
45	104	L
45	105	L
45	106	L
45	107	L
45	108	L
45	109	L
45	110	-1
45	111	L
45	112	L
45	113	-1
45	114	L
45	115	U
45	116	L
45	117	L
45	118	-1
45	119	L
46	0	-1
46	1	L
46	2	-1
46	3	L
46	4	L
46	5	L
46	6	L
46	7	-1
46	8	-1
46	9	L
46	10	L
46	11	-1
46	12	-1
46	13	-1
46	14	-1
46	15	-1
46	16	-1
46	17	-1
46	18	L
46	19	-1
46	20	L
46	21	L
46	22	L
46	23	-1
46	24	Lc
46	25	-1
46	26	Lc
46	27	Lc
46	28	-1
46	29	-1
46	30	-1
46	31	-1
46	32	L
46	33	L
46	34	-1
46	35	L
46	36	-1
46	37	-1
46	38	L
46	39	-1
46	40	L
46	41	-1
46	42	L
46	43	L
46	44	L
46	45	-1
46	46	L
46	47	L
46	48	-1
46	49	L
46	50	L
46	51	L
46	52	-1
46	53	L
46	54	L
46	55	-1
46	56	L
46	57	-1
46	58	L
46	59	-1
46	60	-1
46	61	-1
46	62	-1
46	63	L
46	64	L
46	65	L
46	66	L
46	67	-1
46	68	L
46	69	-1
46	70	-1
46	71	-1
46	72	L
46	73	-1
46	74	L
46	75	L
46	76	L
46	77	L
46	78	L
46	79	-1
46	80	-1
46	81	-1
46	82	U
46	83	U
46	84	L
46	85	L
46	86	-1
46	87	L
46	88	-1
46	89	L
46	90	-1
46	91	-1
46	92	-1
46	93	L
46	94	-1
46	95	-1
46	96	-1
46	97	-1
46	98	-1
46	99	L
46	100	L
46	101	L
46	102	L
46	103	-1
46	104	L
46	105	L
46	106	-1
46	107	-1
46	108	L
46	109	-1
46	110	-1
46	111	L
46	112	U
46	113	L
46	114	-1
46	115	-1
46	116	L
46	117	-1
46	118	L
46	119	L
47	0	-1
47	1	L
47	2	-1
47	3	-1
47	4	-1
47	5	L
47	6	-1
47	7	-1
47	8	-1
47	9	-1
47	10	-1
47	11	U
47	12	-1
47	13	-1
47	14	-1
47	15	-1
47	16	L
47	17	-1
47	18	-1
47	19	L
47	20	L
47	21	L
47	22	L
47	23	L
47	24	L
47	25	Lc
47	26	-1
47	27	Lc
47	28	Lc
47	29	Lc
47	30	Lc
47	31	Lc
47	32	-1
47	33	-1
47	34	-1
47	35	-1
47	36	L
47	37	L
47	38	L
47	39	L
47	40	L
47	41	-1
47	42	L
47	43	L
47	44	-1
47	45	-1
47	46	L
47	47	L
47	48	L
47	49	L
47	50	L
47	51	-1
47	52	L
47	53	-1
47	54	L
47	55	-1
47	56	-1
47	57	-1
47	58	-1
47	59	L
47	60	-1
47	61	-1
47	62	L
47	63	-1
47	64	-1
47	65	-1
47	66	L
47	67	L
47	68	L
47	69	-1
47	70	L
47	71	-1
47	72	L
47	73	L
47	74	L
47	75	L
47	76	-1
47	77	L
47	78	L
47	79	-1
47	80	L
47	81	-1
47	82	-1
47	83	L
47	84	L
47	85	L
47	86	-1
47	87	L
47	88	-1
47	89	U
47	90	-1
47	91	-1
47	92	L
47	93	L
47	94	L
47	95	-1
47	96	L
47	97	-1
47	98	-1
47	99	L
47	100	L
47	101	L
47	102	-1
47	103	-1
47	104	L
47	105	L
47	106	L
47	107	-1
47	108	L
47	109	L
47	110	L
47	111	-1
47	112	L
47	113	L
47	114	-1
47	115	-1
47	116	L
47	117	L
47	118	-1
47	119	-1
48	0	L
48	1	L
48	2	-1
48	3	L
48	4	L
48	5	-1
48	6	L
48	7	L
48	8	L
48	9	-1
48	10	L
48	11	U
48	12	-1
48	13	L
48	14	-1
48	15	L
48	16	-1
48	17	-1
48	18	-1
48	19	L
48	20	L
48	21	L
48	22	-1
48	23	L
48	24	-1
48	25	L
48	26	-1
48	27	-1
48	28	-1
48	29	L
48	30	Lc
48	31	Lc
48	32	Lc
48	33	-1
48	34	L
48	35	-1
48	36	L
48	37	L
48	38	-1
48	39	L
48	40	L
48	41	-1
48	42	-1
48	43	-1
48	44	-1
48	45	L
48	46	-1
48	47	-1
48	48	L
48	49	-1
48	50	-1
48	51	-1
48	52	-1
48	53	L
48	54	-1
48	55	-1
48	56	-1
48	57	-1
48	58	-1
48	59	-1
48	60	L
48	61	-1
48	62	-1
48	63	-1
48	64	L
48	65	-1
48	66	-1
48	67	-1
48	68	L
48	69	L
48	70	-1
48	71	-1
48	72	-1
48	73	L
48	74	L
48	75	L
48	76	L
48	77	U
48	78	-1
48	79	L
48	80	L
48	81	-1
48	82	-1
48	83	-1
48	84	L
48	85	L
48	86	L
48	87	-1
48	88	U
48	89	-1
48	90	L
48	91	-1
48	92	-1
48	93	L
48	94	-1
48	95	-1
48	96	-1
48	97	-1
48	98	-1
48	99	L
48	100	L
48	101	-1
48	102	L
48	103	L
48	104	L
48	105	L
48	106	L
48	107	L
48	108	L
48	109	L
48	110	-1
48	111	L
48	112	L
48	113	L
48	114	-1
48	115	-1
48	116	L
48	117	L
48	118	L
48	119	L
49	0	L
49	1	L
49	2	-1
49	3	-1
49	4	-1
49	5	-1
49	6	L
49	7	L
49	8	L
49	9	L
49	10	U
49	11	L
49	12	L
49	13	-1
49	14	L
49	15	L
49	16	-1
49	17	-1
49	18	L
49	19	L
49	20	-1
49	21	-1
49	22	-1
49	23	-1
49	24	L
49	25	Lc
49	26	L
49	27	Lc
49	28	-1
49	29	U
49	30	U
49	31	Lc
49	32	Lc
49	33	-1
49	34	Lc
49	35	Lc
49	36	L
49	37	L
49	38	-1
49	39	L
49	40	L
49	41	-1
49	42	-1
49	43	-1
49	44	L
49	45	L
49	46	L
49	47	-1
49	48	-1
49	49	-1
49	50	-1
49	51	-1
49	52	L
49	53	L
49	54	-1
49	55	-1
49	56	L
49	57	-1
49	58	-1
49	59	L
49	60	L
49	61	L
49	62	-1
49	63	-1
49	64	-1
49	65	-1
49	66	L
49	67	L
49	68	-1
49	69	-1
49	70	-1
49	71	-1
49	72	-1
49	73	-1
49	74	L
49	75	L
49	76	U
49	77	-1
49	78	-1
49	79	-1
49	80	L
49	81	-1
49	82	-1
49	83	L
49	84	L
49	85	L
49	86	-1
49	87	-1
49	88	U
49	89	L
49	90	-1
49	91	-1
49	92	L
49	93	L
49	94	-1
49	95	-1
49	96	-1
49	97	-1
49	98	-1
49	99	L
49	100	L
49	101	L
49	102	L
49	103	-1
49	104	-1
49	105	-1
49	106	L
49	107	L
49	108	L
49	109	L
49	110	L
49	111	L
49	112	L
49	113	L
49	114	L
49	115	L
49	116	-1
49	117	L
49	118	L
49	119	L
50	0	-1
50	1	L
50	2	L
50	3	-1
50	4	L
50	5	-1
50	6	L
50	7	L
50	8	-1
50	9	U
50	10	L
50	11	-1
50	12	L
50	13	L
50	14	L
50	15	L
50	16	-1
50	17	-1
50	18	L
50	19	L
50	20	-1
50	21	L
50	22	L
50	23	-1
50	24	L
50	25	-1
50	26	-1
50	27	L
50	28	-1
50	29	-1
50	30	L
50	31	-1
50	32	Lc
50	33	-1
50	34	Lc
50	35	Lc
50	36	L
50	37	-1
50	38	-1
50	39	-1
50	40	L
50	41	L
50	42	-1
50	43	L
50	44	L
50	45	-1
50	46	L
50	47	L
50	48	L
50	49	L
50	50	L
50	51	L
50	52	L
50	53	L
50	54	-1
50	55	-1
50	56	L
50	57	L
50	58	-1
50	59	L
50	60	L
50	61	-1
50	62	-1
50	63	-1
50	64	-1
50	65	-1
50	66	-1
50	67	-1
50	68	L
50	69	-1
50	70	-1
50	71	-1
50	72	L
50	73	-1
50	74	L
50	75	L
50	76	L
50	77	U
50	78	-1
50	79	L
50	80	-1
50	81	L
50	82	L
50	83	-1
50	84	U
50	85	U
50	86	-1
50	87	U
50	88	U
50	89	-1
50	90	-1
50	91	-1
50	92	-1
50	93	-1
50	94	L
50	95	L
50	96	L
50	97	L
50	98	-1
50	99	-1
50	100	-1
50	101	L
50	102	-1
50	103	-1
50	104	L
50	105	L
50	106	L
50	107	L
50	108	L
50	109	L
50	110	L
50	111	-1
50	112	L
50	113	L
50	114	L
50	115	L
50	116	L
50	117	L
50	118	-1
50	119	L
51	0	L
51	1	L
51	2	L
51	3	-1
51	4	-1
51	5	L
51	6	U
51	7	L
51	8	-1
51	9	U
51	10	U
51	11	L
51	12	-1
51	13	L
51	14	L
51	15	-1
51	16	L
51	17	-1
51	18	-1
51	19	L
51	20	-1
51	21	-1
51	22	-1
51	23	-1
51	24	-1
51	25	-1
51	26	L
51	27	L
51	28	L
51	29	L
51	30	-1
51	31	-1
51	32	Lc
51	33	L
51	34	L
51	35	-1
51	36	L
51	37	Lc
51	38	L
51	39	-1
51	40	-1
51	41	L
51	42	-1
51	43	L
51	44	L
51	45	L
51	46	L
51	47	-1
51	48	L
51	49	L
51	50	L
51	51	-1
51	52	-1
51	53	L
51	54	L
51	55	-1
51	56	L
51	57	-1
51	58	-1
51	59	L
51	60	L
51	61	L
51	62	-1
51	63	-1
51	64	-1
51	65	-1
51	66	L
51	67	-1
51	68	-1
51	69	-1
51	70	L
51	71	L
51	72	-1
51	73	-1
51	74	L
51	75	L
51	76	L
51	77	L
51	78	-1
51	79	L
51	80	L
51	81	L
51	82	-1
51	83	-1
51	84	U
51	85	U
51	86	-1
51	87	-1
51	88	-1
51	89	L
51	90	-1
51	91	-1
51	92	L
51	93	L
51	94	L
51	95	L
51	96	L
51	97	-1
51	98	-1
51	99	-1
51	100	L
51	101	-1
51	102	-1
51	103	-1
51	104	-1
51	105	-1
51	106	L
51	107	L
51	108	L
51	109	L
51	110	L
51	111	L
51	112	L
51	113	L
51	114	L
51	115	-1
51	116	L
51	117	L
51	118	L
51	119	L
52	0	L
52	1	L
52	2	-1
52	3	-1
52	4	-1
52	5	-1
52	6	-1
52	7	L
52	8	L
52	9	U
52	10	U
52	11	L
52	12	L
52	13	-1
52	14	L
52	15	L
52	16	L
52	17	L
52	18	L
52	19	L
52	20	-1
52	21	-1
52	22	L
52	23	-1
52	24	-1
52	25	L
52	26	L
52	27	-1
52	28	-1
52	29	L
52	30	-1
52	31	Lc
52	32	L
52	33	L
52	34	-1
52	35	L
52	36	-1
52	37	-1
52	38	L
52	39	-1
52	40	-1
52	41	L
52	42	L
52	43	L
52	44	-1
52	45	-1
52	46	-1
52	47	L
52	48	L
52	49	L
52	50	L
52	51	-1
52	52	L
52	53	-1
52	54	L
52	55	L
52	56	-1
52	57	L
52	58	-1
52	59	L
52	60	L
52	61	L
52	62	-1
52	63	-1
52	64	L
52	65	L
52	66	L
52	67	L
52	68	-1
52	69	L
52	70	L
52	71	-1
52	72	-1
52	73	L
52	74	L
52	75	L
52	76	-1
52	77	L
52	78	-1
52	79	-1
52	80	-1
52	81	-1
52	82	-1
52	83	-1
52	84	U
52	85	U
52	86	U
52	87	-1
52	88	-1
52	89	U
52	90	-1
52	91	L
52	92	-1
52	93	L
52	94	L
52	95	L
52	96	L
52	97	-1
52	98	L
52	99	-1
52	100	L
52	101	L
52	102	L
52	103	L
52	104	-1
52	105	L
52	106	-1
52	107	L
52	108	L
52	109	L
52	110	L
52	111	L
52	112	L
52	113	L
52	114	L
52	115	L
52	116	L
52	117	-1
52	118	L
52	119	L
53	0	L
53	1	L
53	2	-1
53	3	-1
53	4	-1
53	5	L
53	6	L
53	7	L
53	8	L
53	9	L
53	10	L
53	11	U
53	12	-1
53	13	L
53	14	L
53	15	L
53	16	L
53	17	-1
53	18	L
53	19	-1
53	20	L
53	21	L
53	22	L
53	23	-1
53	24	-1
53	25	-1
53	26	L
53	27	-1
53	28	L
53	29	L
53	30	-1
53	31	-1
53	32	L
53	33	L
53	34	Lc
53	35	-1
53	36	-1
53	37	-1
53	38	L
53	39	L
53	40	L
53	41	-1
53	42	L
53	43	L
53	44	L
53	45	L
53	46	L
53	47	L
53	48	L
53	49	L
53	50	-1
53	51	L
53	52	L
53	53	L
53	54	L
53	55	L
53	56	-1
53	57	-1
53	58	-1
53	59	-1
53	60	L
53	61	-1
53	62	-1
53	63	-1
53	64	L
53	65	-1
53	66	-1
53	67	-1
53	68	L
53	69	L
53	70	L
53	71	-1
53	72	-1
53	73	-1
53	74	L
53	75	-1
53	76	U
53	77	-1
53	78	U
53	79	L
53	80	-1
53	81	L
53	82	-1
53	83	L
53	84	U
53	85	-1
53	86	-1
53	87	-1
53	88	L
53	89	L
53	90	-1
53	91	-1
53	92	-1
53	93	L
53	94	L
53	95	-1
53	96	L
53	97	L
53	98	-1
53	99	L
53	100	-1
53	101	-1
53	102	L
53	103	L
53	104	-1
53	105	-1
53	106	L
53	107	L
53	108	L
53	109	L
53	110	-1
53	111	L
53	112	L
53	113	-1
53	114	-1
53	115	L
53	116	L
53	117	L
53	118	L
53	119	-1
54	0	L
54	1	-1
54	2	-1
54	3	-1
54	4	-1
54	5	L
54	6	U
54	7	-1
54	8	-1
54	9	-1
54	10	U
54	11	-1
54	12	-1
54	13	-1
54	14	-1
54	15	L
54	16	-1
54	17	-1
54	18	-1
54	19	L
54	20	-1
54	21	L
54	22	L
54	23	-1
54	24	-1
54	25	-1
54	26	-1
54	27	L
54	28	L
54	29	L
54	30	-1
54	31	L
54	32	-1
54	33	-1
54	34	L
54	35	L
54	36	-1
54	37	L
54	38	L
54	39	-1
54	40	L
54	41	-1
54	42	L
54	43	L
54	44	L
54	45	L
54	46	L
54	47	-1
54	48	U
54	49	L
54	50	L
54	51	-1
54	52	-1
54	53	L
54	54	-1
54	55	L
54	56	-1
54	57	-1
54	58	L
54	59	L
54	60	-1
54	61	L
54	62	-1
54	63	-1
54	64	L
54	65	-1
54	66	L
54	67	L
54	68	L
54	69	L
54	70	L
54	71	-1
54	72	-1
54	73	L
54	74	U
54	75	-1
54	76	-1
54	77	-1
54	78	-1
54	79	U
54	80	L
54	81	-1
54	82	U
54	83	U
54	84	-1
54	85	-1
54	86	U
54	87	-1
54	88	-1
54	89	L
54	90	L
54	91	L
54	92	L
54	93	L
54	94	L
54	95	-1
54	96	-1
54	97	L
54	98	L
54	99	L
54	100	-1
54	101	L
54	102	L
54	103	L
54	104	-1
54	105	L
54	106	-1
54	107	L
54	108	-1
54	109	-1
54	110	L
54	111	L
54	112	-1
54	113	-1
54	114	-1
54	115	L
54	116	L
54	117	L
54	118	L
54	119	L
55	0	-1
55	1	L
55	2	-1
55	3	-1
55	4	U
55	5	U
55	6	-1
55	7	L
55	8	-1
55	9	U
55	10	L
55	11	L
55	12	-1
55	13	-1
55	14	-1
55	15	-1
55	16	-1
55	17	L
55	18	L
55	19	L
55	20	L
55	21	L
55	22	-1
55	23	L
55	24	L
55	25	L
55	26	-1
55	27	L
55	28	L
55	29	-1
55	30	-1
55	31	L
55	32	U
55	33	-1
55	34	-1
55	35	L
55	36	-1
55	37	L
55	38	L
55	39	-1
55	40	L
55	41	L
55	42	L
55	43	L
55	44	L
55	45	U
55	46	-1
55	47	U
55	48	U
55	49	U
55	50	L
55	51	L
55	52	-1
55	53	-1
55	54	-1
55	55	-1
55	56	-1
55	57	-1
55	58	L
55	59	-1
55	60	L
55	61	L
55	62	L
55	63	-1
55	64	L
55	65	L
55	66	-1
55	67	L
55	68	-1
55	69	-1
55	70	L
55	71	-1
55	72	-1
55	73	-1
55	74	L
55	75	L
55	76	L
55	77	U
55	78	L
55	79	L
55	80	-1
55	81	L
55	82	U
55	83	-1
55	84	U
55	85	U
55	86	U
55	87	-1
55	88	L
55	89	L
55	90	L
55	91	L
55	92	L
55	93	L
55	94	L
55	95	-1
55	96	-1
55	97	L
55	98	-1
55	99	L
55	100	L
55	101	-1
55	102	L
55	103	L
55	104	-1
55	105	-1
55	106	L
55	107	-1
55	108	L
55	109	-1
55	110	L
55	111	-1
55	112	L
55	113	-1
55	114	-1
55	115	L
55	116	L
55	117	L
55	118	-1
55	119	-1
56	0	L
56	1	-1
56	2	L
56	3	U
56	4	U
56	5	U
56	6	U
56	7	-1
56	8	U
56	9	-1
56	10	-1
56	11	U
56	12	-1
56	13	L
56	14	-1
56	15	-1
56	16	-1
56	17	L
56	18	L
56	19	L
56	20	L
56	21	-1
56	22	L
56	23	L
56	24	L
56	25	L
56	26	L
56	27	-1
56	28	-1
56	29	-1
56	30	L
56	31	L
56	32	L
56	33	L
56	34	-1
56	35	L
56	36	L
56	37	L
56	38	-1
56	39	-1
56	40	L
56	41	-1
56	42	L
56	43	L
56	44	L
56	45	-1
56	46	U
56	47	U
56	48	L
56	49	L
56	50	-1
56	51	-1
56	52	L
56	53	-1
56	54	-1
56	55	-1
56	56	-1
56	57	L
56	58	L
56	59	L
56	60	L
56	61	L
56	62	L
56	63	-1
56	64	L
56	65	L
56	66	L
56	67	L
56	68	-1
56	69	L
56	70	L
56	71	L
56	72	-1
56	73	-1
56	74	L
56	75	-1
56	76	-1
56	77	L
56	78	L
56	79	L
56	80	-1
56	81	U
56	82	-1
56	83	U
56	84	U
56	85	-1
56	86	U
56	87	-1
56	88	L
56	89	L
56	90	L
56	91	L
56	92	-1
56	93	L
56	94	L
56	95	L
56	96	L
56	97	L
56	98	-1
56	99	-1
56	100	L
56	101	L
56	102	-1
56	103	L
56	104	-1
56	105	L
56	106	L
56	107	L
56	108	-1
56	109	L
56	110	-1
56	111	L
56	112	-1
56	113	L
56	114	L
56	115	L
56	116	-1
56	117	L
56	118	L
56	119	-1
57	0	-1
57	1	L
57	2	-1
57	3	L
57	4	-1
57	5	L
57	6	U
57	7	-1
57	8	-1
57	9	U
57	10	U
57	11	-1
57	12	-1
57	13	L
57	14	-1
57	15	-1
57	16	L
57	17	-1
57	18	-1
57	19	L
57	20	L
57	21	L
57	22	-1
57	23	-1
57	24	-1
57	25	L
57	26	L
57	27	L
57	28	L
57	29	-1
57	30	-1
57	31	-1
57	32	L
57	33	L
57	34	L
57	35	L
57	36	L
57	37	L
57	38	L
57	39	L
57	40	-1
57	41	-1
57	42	L
57	43	U
57	44	-1
57	45	L
57	46	U
57	47	L
57	48	L
57	49	L
57	50	L
57	51	-1
57	52	L
57	53	L
57	54	L
57	55	L
57	56	-1
57	57	-1
57	58	L
57	59	-1
57	60	L
57	61	L
57	62	-1
57	63	L
57	64	L
57	65	-1
57	66	L
57	67	-1
57	68	L
57	69	L
57	70	L
57	71	L
57	72	L
57	73	L
57	74	-1
57	75	-1
57	76	L
57	77	-1
57	78	L
57	79	L
57	80	L
57	81	U
57	82	U
57	83	U
57	84	L
57	85	L
57	86	L
57	87	-1
57	88	L
57	89	-1
57	90	L
57	91	-1
57	92	-1
57	93	L
57	94	L
57	95	L
57	96	L
57	97	L
57	98	-1
57	99	L
57	100	L
57	101	-1
57	102	-1
57	103	-1
57	104	-1
57	105	L
57	106	L
57	107	-1
57	108	L
57	109	-1
57	110	L
57	111	-1
57	112	-1
57	113	-1
57	114	-1
57	115	-1
57	116	L
57	117	L
57	118	L
57	119	L
58	0	L
58	1	L
58	2	-1
58	3	-1
58	4	L
58	5	L
58	6	-1
58	7	-1
58	8	U
58	9	U
58	10	U
58	11	U
58	12	L
58	13	L
58	14	-1
58	15	-1
58	16	-1
58	17	-1
58	18	-1
58	19	-1
58	20	L
58	21	-1
58	22	L
58	23	L
58	24	L
58	25	L
58	26	L
58	27	L
58	28	Lc
58	29	L
58	30	L
58	31	-1
58	32	L
58	33	L
58	34	L
58	35	L
58	36	-1
58	37	-1
58	38	L
58	39	-1
58	40	L
58	41	L
58	42	-1
58	43	L
58	44	-1
58	45	L
58	46	L
58	47	L
58	48	L
58	49	-1
58	50	L
58	51	L
58	52	L
58	53	L
58	54	L
58	55	L
58	56	-1
58	57	-1
58	58	U
58	59	U
58	60	Lc
58	61	-1
58	62	L
58	63	-1
58	64	L
58	65	L
58	66	L
58	67	L
58	68	L
58	69	L
58	70	U
58	71	L
58	72	-1
58	73	-1
58	74	L
58	75	L
58	76	L
58	77	L
58	78	L
58	79	L
58	80	L
58	81	L
58	82	-1
58	83	-1
58	84	L
58	85	-1
58	86	-1
58	87	L
58	88	L
58	89	L
58	90	L
58	91	L
58	92	L
58	93	-1
58	94	L
58	95	L
58	96	L
58	97	L
58	98	-1
58	99	-1
58	100	-1
58	101	-1
58	102	L
58	103	L
58	104	-1
58	105	L
58	106	L
58	107	-1
58	108	-1
58	109	-1
58	110	L
58	111	L
58	112	L
58	113	L
58	114	L
58	115	-1
58	116	L
58	117	L
58	118	L
58	119	L
59	0	L
59	1	L
59	2	L
59	3	L
59	4	U
59	5	U
59	6	-1
59	7	-1
59	8	U
59	9	-1
59	10	U
59	11	L
59	12	L
59	13	L
59	14	-1
59	15	L
59	16	L
59	17	L
59	18	-1
59	19	-1
59	20	L
59	21	L
59	22	L
59	23	-1
59	24	L
59	25	L
59	26	L
59	27	L
59	28	L
59	29	L
59	30	L
59	31	L
59	32	L
59	33	L
59	34	L
59	35	-1
59	36	-1
59	37	L
59	38	-1
59	39	L
59	40	L
59	41	-1
59	42	-1
59	43	L
59	44	L
59	45	-1
59	46	U
59	47	L
59	48	L
59	49	L
59	50	L
59	51	L
59	52	L
59	53	L
59	54	U
59	55	U
59	56	L
59	57	U
59	58	-1
59	59	L
59	60	-1
59	61	-1
59	62	-1
59	63	-1
59	64	L
59	65	-1
59	66	L
59	67	L
59	68	L
59	69	-1
59	70	U
59	71	U
59	72	L
59	73	-1
59	74	L
59	75	L
59	76	-1
59	77	L
59	78	L
59	79	L
59	80	U
59	81	U
59	82	L
59	83	U
59	84	L
59	85	-1
59	86	L
59	87	-1
59	88	L
59	89	-1
59	90	-1
59	91	L
59	92	L
59	93	L
59	94	-1
59	95	L
59	96	-1
59	97	-1
59	98	L
59	99	L
59	100	L
59	101	-1
59	102	L
59	103	L
59	104	-1
59	105	-1
59	106	-1
59	107	-1
59	108	-1
59	109	L
59	110	-1
59	111	L
59	112	-1
59	113	-1
59	114	-1
59	115	L
59	116	L
59	117	L
59	118	L
59	119	-1
60	0	L
60	1	U
60	2	-1
60	3	-1
60	4	-1
60	5	U
60	6	-1
60	7	-1
60	8	U
60	9	U
60	10	U
60	11	L
60	12	L
60	13	-1
60	14	L
60	15	L
60	16	-1
60	17	-1
60	18	L
60	19	-1
60	20	-1
60	21	L
60	22	-1
60	23	L
60	24	L
60	25	L
60	26	L
60	27	-1
60	28	L
60	29	L
60	30	Lc
60	31	L
60	32	L
60	33	-1
60	34	L
60	35	-1
60	36	L
60	37	L
60	38	L
60	39	-1
60	40	L
60	41	-1
60	42	-1
60	43	-1
60	44	L
60	45	L
60	46	L
60	47	L
60	48	-1
60	49	L
60	50	-1
60	51	L
60	52	L
60	53	-1
60	54	-1
60	55	U
60	56	-1
60	57	-1
60	58	U
60	59	Lc
60	60	Lc
60	61	-1
60	62	-1
60	63	Lc
60	64	-1
60	65	-1
60	66	L
60	67	L
60	68	L
60	69	L
60	70	L
60	71	L
60	72	-1
60	73	-1
60	74	-1
60	75	-1
60	76	-1
60	77	-1
60	78	-1
60	79	L
60	80	L
60	81	U
60	82	U
60	83	-1
60	84	-1
60	85	L
60	86	-1
60	87	L
60	88	L
60	89	-1
60	90	L
60	91	L
60	92	-1
60	93	L
60	94	-1
60	95	-1
60	96	-1
60	97	L
60	98	-1
60	99	-1
60	100	L
60	101	L
60	102	L
60	103	L
60	104	L
60	105	L
60	106	L
60	107	L
60	108	-1
60	109	-1
60	110	-1
60	111	L
60	112	L
60	113	-1
60	114	-1
60	115	L
60	116	U
60	117	-1
60	118	L
60	119	-1
61	0	L
61	1	L
61	2	U
61	3	-1
61	4	-1
61	5	U
61	6	U
61	7	-1
61	8	L
61	9	U
61	10	L
61	11	-1
61	12	-1
61	13	L
61	14	-1
61	15	L
61	16	L
61	17	-1
61	18	-1
61	19	L
61	20	L
61	21	L
61	22	L
61	23	L
61	24	-1
61	25	L
61	26	-1
61	27	L
61	28	L
61	29	Lc
61	30	-1
61	31	-1
61	32	L
61	33	-1
61	34	L
61	35	L
61	36	L
61	37	-1
61	38	-1
61	39	L
61	40	-1
61	41	-1
61	42	Lc
61	43	Lc
61	44	-1
61	45	L
61	46	L
61	47	L
61	48	L
61	49	-1
61	50	L
61	51	L
61	52	L
61	53	L
61	54	L
61	55	-1
61	56	-1
61	57	U
61	58	Lc
61	59	-1
61	60	-1
61	61	-1
61	62	-1
61	63	-1
61	64	-1
61	65	L
61	66	L
61	67	L
61	68	L
61	69	L
61	70	-1
61	71	-1
61	72	-1
61	73	-1
61	74	-1
61	75	-1
61	76	-1
61	77	-1
61	78	-1
61	79	L
61	80	L
61	81	-1
61	82	U
61	83	-1
61	84	L
61	85	-1
61	86	-1
61	87	-1
61	88	L
61	89	L
61	90	L
61	91	L
61	92	L
61	93	-1
61	94	U
61	95	U
61	96	L
61	97	L
61	98	L
61	99	L
61	100	L
61	101	L
61	102	-1
61	103	-1
61	104	-1
61	105	L
61	106	-1
61	107	-1
61	108	U
61	109	L
61	110	L
61	111	-1
61	112	U
61	113	U
61	114	U
61	115	U
61	116	U
61	117	-1
61	118	L
61	119	L
62	0	U
62	1	L
62	2	U
62	3	-1
62	4	-1
62	5	U
62	6	U
62	7	L
62	8	-1
62	9	L
62	10	L
62	11	-1
62	12	-1
62	13	L
62	14	-1
62	15	L
62	16	-1
62	17	L
62	18	-1
62	19	L
62	20	-1
62	21	L
62	22	-1
62	23	L
62	24	-1
62	25	L
62	26	L
62	27	-1
62	28	Lc
62	29	-1
62	30	-1
62	31	Lc
62	32	-1
62	33	Lc
62	34	L
62	35	L
62	36	L
62	37	-1
62	38	L
62	39	L
62	40	L
62	41	Lc
62	42	-1
62	43	Lc
62	44	-1
62	45	L
62	46	L
62	47	-1
62	48	L
62	49	-1
62	50	-1
62	51	L
62	52	L
62	53	L
62	54	L
62	55	-1
62	56	Lc
62	57	Lc
62	58	Lc
62	59	Lc
62	60	-1
62	61	Uc
62	62	Lc
62	63	Uc
62	64	Lc
62	65	-1
62	66	-1
62	67	L
62	68	L
62	69	L
62	70	-1
62	71	-1
62	72	L
62	73	L
62	74	-1
62	75	-1
62	76	L
62	77	-1
62	78	-1
62	79	-1
62	80	-1
62	81	U
62	82	L
62	83	-1
62	84	L
62	85	L
62	86	-1
62	87	-1
62	88	L
62	89	-1
62	90	L
62	91	L
62	92	-1
62	93	L
62	94	U
62	95	L
62	96	L
62	97	L
62	98	L
62	99	L
62	100	L
62	101	L
62	102	L
62	103	-1
62	104	-1
62	105	L
62	106	-1
62	107	U
62	108	U
62	109	L
62	110	L
62	111	L
62	112	U
62	113	L
62	114	U
62	115	-1
62	116	U
62	117	L
62	118	U
62	119	-1
63	0	U
63	1	-1
63	2	U
63	3	U
63	4	-1
63	5	U
63	6	L
63	7	-1
63	8	L
63	9	-1
63	10	-1
63	11	-1
63	12	-1
63	13	L
63	14	L
63	15	L
63	16	L
63	17	-1
63	18	-1
63	19	-1
63	20	L
63	21	-1
63	22	-1
63	23	L
63	24	L
63	25	-1
63	26	L
63	27	Lc
63	28	-1
63	29	-1
63	30	-1
63	31	Lc
63	32	Lc
63	33	Lc
63	34	-1
63	35	-1
63	36	-1
63	37	L
63	38	L
63	39	-1
63	40	-1
63	41	Lc
63	42	Lc
63	43	Lc
63	44	L
63	45	L
63	46	-1
63	47	-1
63	48	-1
63	49	L
63	50	L
63	51	-1
63	52	-1
63	53	L
63	54	Lc
63	55	-1
63	56	-1
63	57	Lc
63	58	-1
63	59	Lc
63	60	Lc
63	61	Uc
63	62	Uc
63	63	Uc
63	64	Lc
63	65	-1
63	66	-1
63	67	Lc
63	68	L
63	69	-1
63	70	-1
63	71	-1
63	72	L
63	73	-1
63	74	U
63	75	-1
63	76	L
63	77	L
63	78	L
63	79	-1
63	80	L
63	81	L
63	82	L
63	83	-1
63	84	L
63	85	-1
63	86	-1
63	87	L
63	88	L
63	89	L
63	90	L
63	91	L
63	92	L
63	93	L
63	94	-1
63	95	U
63	96	U
63	97	-1
63	98	L
63	99	-1
63	100	L
63	101	L
63	102	L
63	103	L
63	104	L
63	105	L
63	106	-1
63	107	L
63	108	-1
63	109	-1
63	110	-1
63	111	-1
63	112	L
63	113	-1
63	114	-1
63	115	U
63	116	U
63	117	-1
63	118	U
63	119	U
64	0	U
64	1	U
64	2	U
64	3	-1
64	4	-1
64	5	U
64	6	U
64	7	-1
64	8	-1
64	9	L
64	10	-1
64	11	L
64	12	-1
64	13	L
64	14	L
64	15	L
64	16	L
64	17	-1
64	18	L
64	19	L
64	20	L
64	21	L
64	22	L
64	23	-1
64	24	L
64	25	L
64	26	L
64	27	-1
64	28	-1
64	29	L
64	30	Lc
64	31	Lc
64	32	-1
64	33	-1
64	34	Lc
64	35	-1
64	36	Lc
64	37	L
64	38	L
64	39	-1
64	40	-1
64	41	Lc
64	42	Lc
64	43	Lc
64	44	-1
64	45	L
64	46	L
64	47	-1
64	48	-1
64	49	L
64	50	U
64	51	L
64	52	-1
64	53	-1
64	54	-1
64	55	-1
64	56	-1
64	57	-1
64	58	-1
64	59	-1
64	60	-1
64	61	Uc
64	62	Uc
64	63	Lc
64	64	Lc
64	65	Lc
64	66	Lc
64	67	Lc
64	68	Lc
64	69	-1
64	70	L
64	71	L
64	72	L
64	73	Lc
64	74	-1
64	75	L
64	76	-1
64	77	-1
64	78	L
64	79	L
64	80	L
64	81	L
64	82	L
64	83	L
64	84	L
64	85	L
64	86	L
64	87	L
64	88	-1
64	89	L
64	90	-1
64	91	L
64	92	L
64	93	L
64	94	L
64	95	U
64	96	L
64	97	L
64	98	-1
64	99	-1
64	100	-1
64	101	L
64	102	-1
64	103	L
64	104	L
64	105	L
64	106	L
64	107	L
64	108	-1
64	109	-1
64	110	-1
64	111	L
64	112	-1
64	113	L
64	114	U
64	115	L
64	116	-1
64	117	L
64	118	-1
64	119	-1
65	0	-1
65	1	U
65	2	U
65	3	-1
65	4	U
65	5	L
65	6	L
65	7	-1
65	8	-1
65	9	L
65	10	L
65	11	L
65	12	-1
65	13	-1
65	14	-1
65	15	-1
65	16	-1
65	17	-1
65	18	L
65	19	U
65	20	-1
65	21	-1
65	22	L
65	23	-1
65	24	L
65	25	-1
65	26	L
65	27	L
65	28	-1
65	29	-1
65	30	Lc
65	31	-1
65	32	Lc
65	33	-1
65	34	Lc
65	35	Lc
65	36	Lc
65	37	L
65	38	-1
65	39	-1
65	40	-1
65	41	L
65	42	L
65	43	L
65	44	-1
65	45	-1
65	46	L
65	47	L
65	48	-1
65	49	U
65	50	U
65	51	U
65	52	-1
65	53	-1
65	54	L
65	55	-1
65	56	L
65	57	Lc
65	58	Lc
65	59	Lc
65	60	-1
65	61	-1
65	62	Lc
65	63	-1
65	64	-1
65	65	Lc
65	66	Lc
65	67	Lc
65	68	Lc
65	69	L
65	70	L
65	71	-1
65	72	Lc
65	73	Lc
65	74	Lc
65	75	-1
65	76	L
65	77	L
65	78	-1
65	79	L
65	80	L
65	81	L
65	82	-1
65	83	-1
65	84	-1
65	85	L
65	86	-1
65	87	L
65	88	L
65	89	L
65	90	-1
65	91	L
65	92	-1
65	93	L
65	94	U
65	95	-1
65	96	-1
65	97	L
65	98	L
65	99	-1
65	100	-1
65	101	-1
65	102	-1
65	103	U
65	104	-1
65	105	L
65	106	L
65	107	-1
65	108	-1
65	109	L
65	110	-1
65	111	-1
65	112	-1
65	113	L
65	114	L
65	115	-1
65	116	-1
65	117	L
65	118	L
65	119	L
66	0	-1
66	1	-1
66	2	U
66	3	-1
66	4	U
66	5	-1
66	6	U
66	7	U
66	8	L
66	9	L
66	10	L
66	11	L
66	12	L
66	13	-1
66	14	-1
66	15	L
66	16	-1
66	17	L
66	18	L
66	19	-1
66	20	L
66	21	-1
66	22	-1
66	23	L
66	24	-1
66	25	L
66	26	L
66	27	-1
66	28	-1
66	29	-1
66	30	L
66	31	L
66	32	L
66	33	L
66	34	-1
66	35	-1
66	36	Lc
66	37	L
66	38	L
66	39	Lc
66	40	Lc
66	41	Lc
66	42	L
66	43	L
66	44	-1
66	45	-1
66	46	L
66	47	L
66	48	-1
66	49	-1
66	50	-1
66	51	U
66	52	-1
66	53	-1
66	54	-1
66	55	Lc
66	56	L
66	57	L
66	58	-1
66	59	-1
66	60	Lc
66	61	-1
66	62	-1
66	63	Lc
66	64	Lc
66	65	Lc
66	66	-1
66	67	-1
66	68	Lc
66	69	L
66	70	L
66	71	Lc
66	72	Lc
66	73	Lc
66	74	Lc
66	75	Lc
66	76	Lc
66	77	-1
66	78	-1
66	79	Lc
66	80	Lc
66	81	L
66	82	L
66	83	-1
66	84	-1
66	85	L
66	86	L
66	87	L
66	88	L
66	89	L
66	90	U
66	91	-1
66	92	U
66	93	U
66	94	-1
66	95	L
66	96	-1
66	97	L
66	98	-1
66	99	L
66	100	-1
66	101	-1
66	102	L
66	103	U
66	104	-1
66	105	-1
66	106	-1
66	107	-1
66	108	-1
66	109	-1
66	110	L
66	111	-1
66	112	L
66	113	U
66	114	L
66	115	L
66	116	-1
66	117	U
66	118	-1
66	119	-1
67	0	-1
67	1	U
67	2	U
67	3	U
67	4	U
67	5	L
67	6	L
67	7	L
67	8	-1
67	9	L
67	10	L
67	11	L
67	12	-1
67	13	-1
67	14	L
67	15	-1
67	16	-1
67	17	L
67	18	L
67	19	L
67	20	-1
67	21	L
67	22	-1
67	23	-1
67	24	L
67	25	L
67	26	Lc
67	27	Lc
67	28	-1
67	29	-1
67	30	-1
67	31	L
67	32	-1
67	33	-1
67	34	L
67	35	Lc
67	36	Uc
67	37	-1
67	38	Uc
67	39	-1
67	40	Lc
67	41	Lc
67	42	-1
67	43	L
67	44	-1
67	45	L
67	46	-1
67	47	L
67	48	-1
67	49	-1
67	50	-1
67	51	U
67	52	L
67	53	-1
67	54	L
67	55	-1
67	56	L
67	57	Lc
67	58	Lc
67	59	Lc
67	60	Lc
67	61	-1
67	62	-1
67	63	Lc
67	64	Lc
67	65	-1
67	66	Lc
67	67	-1
67	68	-1
67	69	Lc
67	70	L
67	71	Lc
67	72	Lc
67	73	-1
67	74	-1
67	75	Lc
67	76	Lc
67	77	L
67	78	Lc
67	79	Lc
67	80	L
67	81	-1
67	82	-1
67	83	-1
67	84	L
67	85	-1
67	86	L
67	87	L
67	88	L
67	89	-1
67	90	-1
67	91	L
67	92	-1
67	93	U
67	94	-1
67	95	-1
67	96	L
67	97	L
67	98	L
67	99	-1
67	100	L
67	101	-1
67	102	-1
67	103	-1
67	104	-1
67	105	-1
67	106	L
67	107	L
67	108	L
67	109	L
67	110	-1
67	111	-1
67	112	L
67	113	L
67	114	U
67	115	-1
67	116	-1
67	117	-1
67	118	L
67	119	L
68	0	U
68	1	U
68	2	L
68	3	-1
68	4	L
68	5	-1
68	6	-1
68	7	-1
68	8	L
68	9	L
68	10	L
68	11	L
68	12	L
68	13	L
68	14	L
68	15	L
68	16	-1
68	17	-1
68	18	L
68	19	L
68	20	-1
68	21	-1
68	22	-1
68	23	-1
68	24	-1
68	25	L
68	26	L
68	27	Lc
68	28	Lc
68	29	L
68	30	L
68	31	-1
68	32	L
68	33	-1
68	34	Lc
68	35	Lc
68	36	-1
68	37	Uc
68	38	-1
68	39	-1
68	40	-1
68	41	Lc
68	42	Uc
68	43	Lc
68	44	L
68	45	L
68	46	-1
68	47	U
68	48	-1
68	49	L
68	50	U
68	51	U
68	52	L
68	53	-1
68	54	L
68	55	L
68	56	L
68	57	Lc
68	58	Lc
68	59	-1
68	60	L
68	61	-1
68	62	L
68	63	Lc
68	64	Lc
68	65	Lc
68	66	-1
68	67	-1
68	68	-1
68	69	-1
68	70	L
68	71	Lc
68	72	Lc
68	73	-1
68	74	Lc
68	75	Lc
68	76	Lc
68	77	Lc
68	78	-1
68	79	Lc
68	80	L
68	81	-1
68	82	-1
68	83	-1
68	84	-1
68	85	L
68	86	L
68	87	-1
68	88	-1
68	89	L
68	90	L
68	91	-1
68	92	L
68	93	-1
68	94	L
68	95	-1
68	96	-1
68	97	L
68	98	-1
68	99	-1
68	100	L
68	101	L
68	102	L
68	103	-1
68	104	-1
68	105	-1
68	106	-1
68	107	-1
68	108	L
68	109	L
68	110	-1
68	111	-1
68	112	L
68	113	L
68	114	-1
68	115	U
68	116	U
68	117	U
68	118	L
68	119	U
69	0	-1
69	1	L
69	2	L
69	3	-1
69	4	L
69	5	L
69	6	-1
69	7	L
69	8	-1
69	9	L
69	10	-1
69	11	L
69	12	L
69	13	L
69	14	L
69	15	L
69	16	L
69	17	L
69	18	L
69	19	L
69	20	-1
69	21	-1
69	22	-1
69	23	-1
69	24	-1
69	25	-1
69	26	L
69	27	Lc
69	28	L
69	29	Lc
69	30	-1
69	31	L
69	32	L
69	33	-1
69	34	-1
69	35	Lc
69	36	Lc
69	37	Lc
69	38	Uc
69	39	-1
69	40	Lc
69	41	-1
69	42	Lc
69	43	-1
69	44	L
69	45	L
69	46	L
69	47	L
69	48	L
69	49	L
69	50	-1
69	51	L
69	52	L
69	53	-1
69	54	-1
69	55	L
69	56	-1
69	57	L
69	58	Lc
69	59	-1
69	60	-1
69	61	-1
69	62	Lc
69	63	Lc
69	64	-1
69	65	Lc
69	66	Lc
69	67	-1
69	68	L
69	69	L
69	70	-1
69	71	-1
69	72	Lc
69	73	Lc
69	74	Lc
69	75	Lc
69	76	-1
69	77	-1
69	78	L
69	79	L
69	80	L
69	81	-1
69	82	L
69	83	-1
69	84	-1
69	85	L
69	86	L
69	87	-1
69	88	L
69	89	L
69	90	L
69	91	L
69	92	L
69	93	L
69	94	U
69	95	L
69	96	L
69	97	L
69	98	L
69	99	L
69	100	-1
69	101	-1
69	102	L
69	103	-1
69	104	-1
69	105	-1
69	106	L
69	107	-1
69	108	L
69	109	L
69	110	-1
69	111	-1
69	112	L
69	113	L
69	114	-1
69	115	U
69	116	U
69	117	U
69	118	U
69	119	-1
70	0	-1
70	1	U
70	2	-1
70	3	-1
70	4	-1
70	5	-1
70	6	-1
70	7	-1
70	8	-1
70	9	-1
70	10	-1
70	11	L
70	12	L
70	13	L
70	14	L
70	15	L
70	16	L
70	17	L
70	18	-1
70	19	L
70	20	L
70	21	-1
70	22	L
70	23	-1
70	24	-1
70	25	L
70	26	-1
70	27	L
70	28	-1
70	29	L
70	30	-1
70	31	Lc
70	32	L
70	33	L
70	34	Lc
70	35	-1
70	36	Lc
70	37	-1
70	38	Uc
70	39	Uc
70	40	-1
70	41	-1
70	42	L
70	43	-1
70	44	L
70	45	L
70	46	-1
70	47	-1
70	48	L
70	49	-1
70	50	L
70	51	-1
70	52	-1
70	53	-1
70	54	L
70	55	Lc
70	56	L
70	57	L
70	58	-1
70	59	L
70	60	L
70	61	-1
70	62	L
70	63	-1
70	64	-1
70	65	Lc
70	66	Lc
70	67	Lc
70	68	Lc
70	69	-1
70	70	-1
70	71	Lc
70	72	-1
70	73	Lc
70	74	Lc
70	75	-1
70	76	-1
70	77	-1
70	78	L
70	79	L
70	80	L
70	81	L
70	82	-1
70	83	L
70	84	-1
70	85	L
70	86	L
70	87	L
70	88	-1
70	89	L
70	90	L
70	91	L
70	92	-1
70	93	-1
70	94	-1
70	95	L
70	96	L
70	97	-1
70	98	-1
70	99	L
70	100	-1
70	101	L
70	102	L
70	103	L
70	104	L
70	105	L
70	106	-1
70	107	L
70	108	L
70	109	L
70	110	L
70	111	-1
70	112	L
70	113	-1
70	114	L
70	115	L
70	116	-1
70	117	L
70	118	-1
70	119	-1
71	0	L
71	1	-1
71	2	-1
71	3	-1
71	4	-1
71	5	-1
71	6	-1
71	7	L
71	8	-1
71	9	-1
71	10	-1
71	11	-1
71	12	L
71	13	L
71	14	L
71	15	-1
71	16	L
71	17	L
71	18	L
71	19	L
71	20	L
71	21	-1
71	22	-1
71	23	U
71	24	L
71	25	-1
71	26	L
71	27	L
71	28	L
71	29	L
71	30	L
71	31	Lc
71	32	-1
71	33	Lc
71	34	Lc
71	35	-1
71	36	Lc
71	37	Uc
71	38	Uc
71	39	Lc
71	40	Lc
71	41	Lc
71	42	-1
71	43	L
71	44	-1
71	45	-1
71	46	Lc
71	47	L
71	48	-1
71	49	L
71	50	L
71	51	-1
71	52	-1
71	53	-1
71	54	L
71	55	L
71	56	-1
71	57	-1
71	58	L
71	59	L
71	60	L
71	61	L
71	62	-1
71	63	L
71	64	L
71	65	Uc
71	66	-1
71	67	Lc
71	68	-1
71	69	Lc
71	70	-1
71	71	Lc
71	72	Lc
71	73	Lc
71	74	Lc
71	75	Lc
71	76	L
71	77	L
71	78	L
71	79	-1
71	80	L
71	81	-1
71	82	L
71	83	L
71	84	L
71	85	L
71	86	-1
71	87	-1
71	88	-1
71	89	L
71	90	-1
71	91	L
71	92	U
71	93	U
71	94	L
71	95	L
71	96	L
71	97	-1
71	98	L
71	99	L
71	100	L
71	101	-1
71	102	L
71	103	-1
71	104	L
71	105	L
71	106	-1
71	107	-1
71	108	L
71	109	L
71	110	-1
71	111	-1
71	112	L
71	113	L
71	114	-1
71	115	L
71	116	L
71	117	-1
71	118	L
71	119	-1
72	0	-1
72	1	-1
72	2	L
72	3	L
72	4	-1
72	5	L
72	6	L
72	7	L
72	8	-1
72	9	-1
72	10	-1
72	11	L
72	12	L
72	13	L
72	14	L
72	15	-1
72	16	L
72	17	L
72	18	L
72	19	L
72	20	-1
72	21	L
72	22	L
72	23	-1
72	24	U
72	25	U
72	26	-1
72	27	L
72	28	L
72	29	L
72	30	-1
72	31	Lc
72	32	Lc
72	33	Lc
72	34	-1
72	35	-1
72	36	-1
72	37	Lc
72	38	Lc
72	39	Lc
72	40	Lc
72	41	Lc
72	42	-1
72	43	-1
72	44	Lc
72	45	-1
72	46	Lc
72	47	L
72	48	-1
72	49	L
72	50	L
72	51	L
72	52	L
72	53	L
72	54	-1
72	55	-1
72	56	-1
72	57	L
72	58	L
72	59	L
72	60	-1
72	61	L
72	62	Lc
72	63	-1
72	64	Lc
72	65	Uc
72	66	-1
72	67	Lc
72	68	Lc
72	69	-1
72	70	Lc
72	71	-1
72	72	-1
72	73	-1
72	74	-1
72	75	-1
72	76	-1
72	77	L
72	78	-1
72	79	L
72	80	-1
72	81	L
72	82	-1
72	83	L
72	84	-1
72	85	L
72	86	-1
72	87	-1
72	88	-1
72	89	-1
72	90	-1
72	91	L
72	92	U
72	93	U
72	94	-1
72	95	-1
72	96	L
72	97	-1
72	98	-1
72	99	L
72	100	L
72	101	-1
72	102	L
72	103	L
72	104	L
72	105	L
72	106	Lc
72	107	Lc
72	108	-1
72	109	L
72	110	-1
72	111	-1
72	112	L
72	113	L
72	114	L
72	115	L
72	116	-1
72	117	L
72	118	-1
72	119	L
73	0	-1
73	1	L
73	2	L
73	3	-1
73	4	-1
73	5	-1
73	6	L
73	7	L
73	8	-1
73	9	L
73	10	-1
73	11	L
73	12	L
73	13	L
73	14	L
73	15	L
73	16	L
73	17	L
73	18	L
73	19	-1
73	20	L
73	21	-1
73	22	-1
73	23	U
73	24	U
73	25	L
73	26	L
73	27	Lc
73	28	-1
73	29	L
73	30	Lc
73	31	Lc
73	32	Lc
73	33	Lc
73	34	-1
73	35	-1
73	36	-1
73	37	-1
73	38	-1
73	39	-1
73	40	-1
73	41	Lc
73	42	Lc
73	43	Lc
73	44	Lc
73	45	-1
73	46	Lc
73	47	Lc
73	48	Lc
73	49	L
73	50	L
73	51	L
73	52	L
73	53	L
73	54	-1
73	55	Lc
73	56	Lc
73	57	Lc
73	58	L
73	59	L
73	60	-1
73	61	Lc
73	62	Lc
73	63	Lc
73	64	-1
73	65	Lc
73	66	Uc
73	67	Uc
73	68	Uc
73	69	-1
73	70	-1
73	71	-1
73	72	Lc
73	73	-1
73	74	Lc
73	75	-1
73	76	-1
73	77	-1
73	78	L
73	79	L
73	80	-1
73	81	L
73	82	-1
73	83	L
73	84	L
73	85	-1
73	86	-1
73	87	-1
73	88	-1
73	89	L
73	90	L
73	91	L
73	92	U
73	93	U
73	94	-1
73	95	-1
73	96	L
73	97	-1
73	98	L
73	99	L
73	100	-1
73	101	L
73	102	-1
73	103	-1
73	104	L
73	105	L
73	106	Lc
73	107	-1
73	108	L
73	109	-1
73	110	-1
73	111	-1
73	112	L
73	113	L
73	114	L
73	115	-1
73	116	-1
73	117	L
73	118	L
73	119	L
74	0	L
74	1	L
74	2	L
74	3	-1
74	4	L
74	5	L
74	6	-1
74	7	L
74	8	L
74	9	L
74	10	L
74	11	L
74	12	L
74	13	-1
74	14	L
74	15	L
74	16	L
74	17	L
74	18	L
74	19	L
74	20	L
74	21	U
74	22	-1
74	23	L
74	24	U
74	25	-1
74	26	-1
74	27	-1
74	28	Lc
74	29	L
74	30	Lc
74	31	-1
74	32	Lc
74	33	Lc
74	34	-1
74	35	-1
74	36	Lc
74	37	Lc
74	38	-1
74	39	-1
74	40	Lc
74	41	Lc
74	42	-1
74	43	-1
74	44	Lc
74	45	Lc
74	46	Lc
74	47	Lc
74	48	Lc
74	49	L
74	50	-1
74	51	Lc
74	52	L
74	53	-1
74	54	Lc
74	55	Lc
74	56	-1
74	57	-1
74	58	-1
74	59	L
74	60	Lc
74	61	Lc
74	62	Lc
74	63	Lc
74	64	-1
74	65	Lc
74	66	Lc
74	67	Uc
74	68	Lc
74	69	Lc
74	70	-1
74	71	Lc
74	72	-1
74	73	Uc
74	74	-1
74	75	-1
74	76	-1
74	77	L
74	78	L
74	79	L
74	80	-1
74	81	-1
74	82	-1
74	83	-1
74	84	-1
74	85	L
74	86	-1
74	87	U
74	88	U
74	89	U
74	90	L
74	91	L
74	92	-1
74	93	-1
74	94	U
74	95	-1
74	96	-1
74	97	-1
74	98	L
74	99	L
74	100	L
74	101	L
74	102	L
74	103	-1
74	104	L
74	105	L
74	106	U
74	107	-1
74	108	Lc
74	109	-1
74	110	-1
74	111	Lc
74	112	L
74	113	-1
74	114	L
74	115	L
74	116	Lc
74	117	-1
74	118	-1
74	119	L
75	0	L
75	1	-1
75	2	L
75	3	L
75	4	-1
75	5	-1
75	6	L
75	7	L
75	8	-1
75	9	L
75	10	L
75	11	L
75	12	-1
75	13	-1
75	14	L
75	15	L
75	16	L
75	17	-1
75	18	-1
75	19	L
75	20	L
75	21	L
75	22	L
75	23	L
75	24	L
75	25	L
75	26	-1
75	27	L
75	28	Lc
75	29	Lc
75	30	Lc
75	31	Lc
75	32	-1
75	33	-1
75	34	Lc
75	35	Lc
75	36	-1
75	37	-1
75	38	Lc
75	39	Lc
75	40	-1
75	41	Lc
75	42	Lc
75	43	-1
75	44	-1
75	45	Lc
75	46	Lc
75	47	Lc
75	48	-1
75	49	-1
75	50	-1
75	51	-1
75	52	-1
75	53	Lc
75	54	L
75	55	-1
75	56	L
75	57	-1
75	58	-1
75	59	-1
75	60	L
75	61	-1
75	62	Lc
75	63	Lc
75	64	Lc
75	65	-1
75	66	Uc
75	67	-1
75	68	Uc
75	69	-1
75	70	Lc
75	71	Uc
75	72	Uc
75	73	-1
75	74	Lc
75	75	-1
75	76	-1
75	77	-1
75	78	L
75	79	L
75	80	L
75	81	-1
75	82	L
75	83	L
75	84	L
75	85	-1
75	86	-1
75	87	-1
75	88	U
75	89	U
75	90	U
75	91	U
75	92	-1
75	93	Lc
75	94	U
75	95	-1
75	96	-1
75	97	L
75	98	L
75	99	-1
75	100	L
75	101	-1
75	102	L
75	103	L
75	104	L
75	105	L
75	106	L
75	107	L
75	108	-1
75	109	Lc
75	110	Lc
75	111	Lc
75	112	-1
75	113	L
75	114	L
75	115	Lc
75	116	-1
75	117	Lc
75	118	-1
75	119	L
76	0	-1
76	1	-1
76	2	L
76	3	-1
76	4	-1
76	5	L
76	6	L
76	7	L
76	8	L
76	9	L
76	10	-1
76	11	L
76	12	L
76	13	-1
76	14	-1
76	15	L
76	16	L
76	17	L
76	18	-1
76	19	-1
76	20	L
76	21	L
76	22	-1
76	23	L
76	24	L
76	25	-1
76	26	L
76	27	-1
76	28	-1
76	29	Lc
76	30	-1
76	31	L
76	32	-1
76	33	L
76	34	L
76	35	Lc
76	36	Lc
76	37	-1
76	38	Lc
76	39	-1
76	40	-1
76	41	Lc
76	42	Lc
76	43	Lc
76	44	Lc
76	45	Lc
76	46	Lc
76	47	-1
76	48	Lc
76	49	-1
76	50	-1
76	51	-1
76	52	-1
76	53	-1
76	54	L
76	55	-1
76	56	L
76	57	-1
76	58	L
76	59	Lc
76	60	Lc
76	61	Lc
76	62	Lc
76	63	-1
76	64	Lc
76	65	-1
76	66	-1
76	67	-1
76	68	Uc
76	69	-1
76	70	Uc
76	71	-1
76	72	-1
76	73	-1
76	74	Lc
76	75	L
76	76	L
76	77	-1
76	78	L
76	79	L
76	80	-1
76	81	-1
76	82	L
76	83	L
76	84	-1
76	85	-1
76	86	L
76	87	L
76	88	L
76	89	L
76	90	U
76	91	-1
76	92	-1
76	93	U
76	94	Lc
76	95	Lc
76	96	L
76	97	L
76	98	L
76	99	-1
76	100	-1
76	101	L
76	102	L
76	103	L
76	104	L
76	105	L
76	106	-1
76	107	Lc
76	108	-1
76	109	-1
76	110	-1
76	111	Lc
76	112	L
76	113	-1
76	114	L
76	115	L
76	116	Lc
76	117	Lc
76	118	-1
76	119	-1
77	0	-1
77	1	L
77	2	-1
77	3	-1
77	4	-1
77	5	L
77	6	L
77	7	L
77	8	-1
77	9	-1
77	10	-1
77	11	L
77	12	-1
77	13	L
77	14	-1
77	15	-1
77	16	L
77	17	L
77	18	L
77	19	-1
77	20	-1
77	21	L
77	22	-1
77	23	-1
77	24	L
77	25	-1
77	26	L
77	27	L
77	28	-1
77	29	-1
77	30	-1
77	31	L
77	32	L
77	33	Lc
77	34	L
77	35	Lc
77	36	Lc
77	37	-1
77	38	Lc
77	39	-1
77	40	Lc
77	41	Lc
77	42	Lc
77	43	Lc
77	44	Lc
77	45	Lc
77	46	Lc
77	47	Lc
77	48	Lc
77	49	-1
77	50	-1
77	51	L
77	52	L
77	53	L
77	54	L
77	55	L
77	56	L
77	57	L
77	58	-1
77	59	Lc
77	60	Lc
77	61	Lc
77	62	-1
77	63	-1
77	64	-1
77	65	-1
77	66	-1
77	67	-1
77	68	Uc
77	69	Lc
77	70	Lc
77	71	-1
77	72	Lc
77	73	Lc
77	74	Lc
77	75	Lc
77	76	-1
77	77	L
77	78	L
77	79	-1
77	80	L
77	81	U
77	82	Lc
77	83	L
77	84	L
77	85	-1
77	86	L
77	87	L
77	88	L
77	89	U
77	90	-1
77	91	-1
77	92	U
77	93	-1
77	94	-1
77	95	Lc
77	96	Lc
77	97	-1
77	98	L
77	99	L
77	100	L
77	101	L
77	102	L
77	103	L
77	104	L
77	105	L
77	106	-1
77	107	-1
77	108	-1
77	109	-1
77	110	-1
77	111	-1
77	112	L
77	113	-1
77	114	L
77	115	-1
77	116	L
77	117	-1
77	118	Lc
77	119	L
78	0	L
78	1	L
78	2	L
78	3	L
78	4	L
78	5	-1
78	6	L
78	7	L
78	8	-1
78	9	-1
78	10	L
78	11	-1
78	12	L
78	13	-1
78	14	-1
78	15	L
78	16	L
78	17	L
78	18	L
78	19	-1
78	20	-1
78	21	-1
78	22	-1
78	23	-1
78	24	-1
78	25	-1
78	26	-1
78	27	L
78	28	L
78	29	L
78	30	L
78	31	L
78	32	L
78	33	Lc
78	34	Lc
78	35	Lc
78	36	-1
78	37	Lc
78	38	-1
78	39	Lc
78	40	Lc
78	41	-1
78	42	Lc
78	43	-1
78	44	-1
78	45	Lc
78	46	-1
78	47	Lc
78	48	-1
78	49	-1
78	50	-1
78	51	-1
78	52	L
78	53	L
78	54	L
78	55	L
78	56	-1
78	57	-1
78	58	L
78	59	-1
78	60	Lc
78	61	-1
78	62	-1
78	63	Lc
78	64	-1
78	65	-1
78	66	-1
78	67	-1
78	68	Lc
78	69	Lc
78	70	Lc
78	71	-1
78	72	Lc
78	73	Lc
78	74	Lc
78	75	Lc
78	76	L
78	77	-1
78	78	L
78	79	-1
78	80	Lc
78	81	-1
78	82	L
78	83	U
78	84	U
78	85	L
78	86	L
78	87	L
78	88	-1
78	89	U
78	90	U
78	91	U
78	92	U
78	93	U
78	94	U
78	95	Lc
78	96	-1
78	97	Lc
78	98	Lc
78	99	-1
78	100	-1
78	101	L
78	102	L
78	103	L
78	104	L
78	105	L
78	106	L
78	107	-1
78	108	Lc
78	109	Lc
78	110	-1
78	111	-1
78	112	L
78	113	Lc
78	114	Lc
78	115	-1
78	116	-1
78	117	-1
78	118	L
78	119	L
79	0	-1
79	1	-1
79	2	-1
79	3	L
79	4	L
79	5	L
79	6	L
79	7	L
79	8	L
79	9	L
79	10	L
79	11	L
79	12	L
79	13	L
79	14	L
79	15	L
79	16	L
79	17	L
79	18	L
79	19	-1
79	20	-1
79	21	-1
79	22	-1
79	23	-1
79	24	-1
79	25	L
79	26	L
79	27	L
79	28	L
79	29	L
79	30	L
79	31	L
79	32	Lc
79	33	Lc
79	34	Lc
79	35	Lc
79	36	-1
79	37	Lc
79	38	Lc
79	39	-1
79	40	Lc
79	41	Lc
79	42	Lc
79	43	-1
79	44	Lc
79	45	Lc
79	46	Lc
79	47	-1
79	48	-1
79	49	Lc
79	50	-1
79	51	-1
79	52	-1
79	53	-1
79	54	-1
79	55	-1
79	56	-1
79	57	L
79	58	-1
79	59	Lc
79	60	-1
79	61	Lc
79	62	Lc
79	63	-1
79	64	Lc
79	65	-1
79	66	-1
79	67	Lc
79	68	Lc
79	69	Lc
79	70	Lc
79	71	Lc
79	72	Lc
79	73	Lc
79	74	L
79	75	-1
79	76	L
79	77	L
79	78	-1
79	79	-1
79	80	-1
79	81	U
79	82	U
79	83	U
79	84	-1
79	85	-1
79	86	U
79	87	L
79	88	L
79	89	U
79	90	U
79	91	U
79	92	-1
79	93	U
79	94	U
79	95	U
79	96	Lc
79	97	U
79	98	U
79	99	L
79	100	L
79	101	L
79	102	-1
79	103	-1
79	104	L
79	105	L
79	106	-1
79	107	-1
79	108	Lc
79	109	Lc
79	110	Lc
79	111	-1
79	112	-1
79	113	L
79	114	Lc
79	115	-1
79	116	L
79	117	L
79	118	L
79	119	L
80	0	-1
80	1	-1
80	2	L
80	3	L
80	4	L
80	5	-1
80	6	-1
80	7	L
80	8	L
80	9	L
80	10	L
80	11	-1
80	12	L
80	13	-1
80	14	L
80	15	-1
80	16	-1
80	17	-1
80	18	-1
80	19	-1
80	20	L
80	21	L
80	22	L
80	23	-1
80	24	-1
80	25	-1
80	26	-1
80	27	L
80	28	L
80	29	L
80	30	L
80	31	L
80	32	Lc
80	33	-1
80	34	Lc
80	35	Lc
80	36	-1
80	37	Lc
80	38	-1
80	39	-1
80	40	-1
80	41	Lc
80	42	-1
80	43	-1
80	44	Lc
80	45	-1
80	46	-1
80	47	L
80	48	Lc
80	49	-1
80	50	Lc
80	51	Lc
80	52	-1
80	53	L
80	54	L
80	55	-1
80	56	-1
80	57	L
80	58	-1
80	59	-1
80	60	Lc
80	61	Lc
80	62	Lc
80	63	-1
80	64	Lc
80	65	Lc
80	66	Lc
80	67	Lc
80	68	Lc
80	69	Lc
80	70	Lc
80	71	-1
80	72	Lc
80	73	-1
80	74	-1
80	75	Lc
80	76	-1
80	77	-1
80	78	-1
80	79	-1
80	80	Lc
80	81	U
80	82	U
80	83	-1
80	84	-1
80	85	U
80	86	U
80	87	U
80	88	U
80	89	-1
80	90	-1
80	91	U
80	92	-1
80	93	-1
80	94	U
80	95	-1
80	96	-1
80	97	U
80	98	Lc
80	99	U
80	100	L
80	101	-1
80	102	L
80	103	-1
80	104	L
80	105	L
80	106	-1
80	107	Lc
80	108	Lc
80	109	Lc
80	110	-1
80	111	L
80	112	L
80	113	-1
80	114	L
80	115	L
80	116	-1
80	117	L
80	118	-1
80	119	-1
81	0	-1
81	1	L
81	2	L
81	3	-1
81	4	L
81	5	L
81	6	L
81	7	-1
81	8	L
81	9	L
81	10	-1
81	11	-1
81	12	L
81	13	L
81	14	-1
81	15	-1
81	16	-1
81	17	-1
81	18	L
81	19	-1
81	20	L
81	21	-1
81	22	-1
81	23	-1
81	24	L
81	25	Lc
81	26	-1
81	27	L
81	28	-1
81	29	-1
81	30	L
81	31	Lc
81	32	Lc
81	33	-1
81	34	-1
81	35	Lc
81	36	Lc
81	37	Lc
81	38	-1
81	39	-1
81	40	Lc
81	41	-1
81	42	Lc
81	43	Lc
81	44	-1
81	45	-1
81	46	Lc
81	47	-1
81	48	L
81	49	-1
81	50	Lc
81	51	Lc
81	52	L
81	53	L
81	54	-1
81	55	L
81	56	L
81	57	Lc
81	58	Lc
81	59	Lc
81	60	Lc
81	61	Lc
81	62	Lc
81	63	Lc
81	64	-1
81	65	Lc
81	66	Lc
81	67	-1
81	68	Lc
81	69	-1
81	70	Lc
81	71	-1
81	72	Lc
81	73	Lc
81	74	Lc
81	75	-1
81	76	-1
81	77	Uc
81	78	-1
81	79	Uc
81	80	-1
81	81	-1
81	82	U
81	83	U
81	84	U
81	85	U
81	86	-1
81	87	U
81	88	U
81	89	-1
81	90	-1
81	91	-1
81	92	U
81	93	U
81	94	U
81	95	U
81	96	-1
81	97	-1
81	98	-1
81	99	-1
81	100	-1
81	101	L
81	102	L
81	103	-1
81	104	-1
81	105	L
81	106	L
81	107	Lc
81	108	-1
81	109	-1
81	110	-1
81	111	-1
81	112	-1
81	113	-1
81	114	-1
81	115	L
81	116	L
81	117	-1
81	118	L
81	119	-1
82	0	-1
82	1	L
82	2	L
82	3	-1
82	4	-1
82	5	-1
82	6	L
82	7	-1
82	8	-1
82	9	L
82	10	-1
82	11	L
82	12	L
82	13	L
82	14	-1
82	15	-1
82	16	-1
82	17	L
82	18	L
82	19	L
82	20	-1
82	21	-1
82	22	-1
82	23	L
82	24	Lc
82	25	Lc
82	26	-1
82	27	-1
82	28	-1
82	29	L
82	30	-1
82	31	-1
82	32	-1
82	33	Lc
82	34	-1
82	35	Lc
82	36	-1
82	37	Lc
82	38	-1
82	39	Lc
82	40	Lc
82	41	Lc
82	42	-1
82	43	Lc
82	44	Lc
82	45	Lc
82	46	-1
82	47	Lc
82	48	-1
82	49	Lc
82	50	-1
82	51	-1
82	52	L
82	53	-1
82	54	-1
82	55	Lc
82	56	Lc
82	57	-1
82	58	Lc
82	59	Lc
82	60	Lc
82	61	Lc
82	62	Lc
82	63	-1
82	64	-1
82	65	-1
82	66	Lc
82	67	-1
82	68	Lc
82	69	Lc
82	70	Lc
82	71	-1
82	72	-1
82	73	Lc
82	74	Lc
82	75	Lc
82	76	-1
82	77	Uc
82	78	-1
82	79	U
82	80	-1
82	81	-1
82	82	-1
82	83	-1
82	84	-1
82	85	U
82	86	U
82	87	U
82	88	-1
82	89	U
82	90	-1
82	91	-1
82	92	-1
82	93	U
82	94	U
82	95	U
82	96	U
82	97	U
82	98	-1
82	99	-1
82	100	Lc
82	101	L
82	102	-1
82	103	L
82	104	-1
82	105	L
82	106	-1
82	107	Lc
82	108	L
82	109	L
82	110	-1
82	111	-1
82	112	-1
82	113	-1
82	114	-1
82	115	L
82	116	L
82	117	-1
82	118	-1
82	119	-1
83	0	L
83	1	L
83	2	L
83	3	-1
83	4	L
83	5	-1
83	6	L
83	7	-1
83	8	L
83	9	L
83	10	L
83	11	L
83	12	L
83	13	-1
83	14	-1
83	15	-1
83	16	L
83	17	L
83	18	-1
83	19	L
83	20	L
83	21	-1
83	22	-1
83	23	-1
83	24	Lc
83	25	Lc
83	26	-1
83	27	-1
83	28	L
83	29	L
83	30	-1
83	31	-1
83	32	-1
83	33	Lc
83	34	Lc
83	35	Lc
83	36	-1
83	37	-1
83	38	Lc
83	39	-1
83	40	Lc
83	41	-1
83	42	Lc
83	43	Lc
83	44	Lc
83	45	Lc
83	46	Lc
83	47	-1
83	48	-1
83	49	L
83	50	Lc
83	51	L
83	52	Lc
83	53	Lc
83	54	Lc
83	55	-1
83	56	-1
83	57	-1
83	58	-1
83	59	Lc
83	60	Lc
83	61	Lc
83	62	-1
83	63	-1
83	64	-1
83	65	-1
83	66	-1
83	67	Lc
83	68	-1
83	69	-1
83	70	Lc
83	71	Lc
83	72	Lc
83	73	-1
83	74	Lc
83	75	Lc
83	76	Lc
83	77	-1
83	78	-1
83	79	-1
83	80	-1
83	81	-1
83	82	L
83	83	L
83	84	-1
83	85	-1
83	86	-1
83	87	-1
83	88	-1
83	89	U
83	90	U
83	91	-1
83	92	U
83	93	-1
83	94	U
83	95	-1
83	96	U
83	97	-1
83	98	-1
83	99	L
83	100	Lc
83	101	Lc
83	102	-1
83	103	L
83	104	-1
83	105	Lc
83	106	Lc
83	107	L
83	108	-1
83	109	-1
83	110	-1
83	111	L
83	112	-1
83	113	L
83	114	-1
83	115	-1
83	116	-1
83	117	L
83	118	-1
83	119	-1
84	0	-1
84	1	-1
84	2	L
84	3	L
84	4	L
84	5	L
84	6	L
84	7	L
84	8	L
84	9	L
84	10	L
84	11	L
84	12	L
84	13	-1
84	14	-1
84	15	L
84	16	L
84	17	L
84	18	L
84	19	L
84	20	-1
84	21	L
84	22	-1
84	23	Lc
84	24	Lc
84	25	Lc
84	26	-1
84	27	L
84	28	-1
84	29	L
84	30	-1
84	31	-1
84	32	Lc
84	33	Lc
84	34	Lc
84	35	Lc
84	36	-1
84	37	-1
84	38	-1
84	39	-1
84	40	-1
84	41	-1
84	42	Lc
84	43	Lc
84	44	L
84	45	-1
84	46	L
84	47	L
84	48	L
84	49	-1
84	50	-1
84	51	Lc
84	52	Lc
84	53	Lc
84	54	-1
84	55	Lc
84	56	-1
84	57	-1
84	58	-1
84	59	-1
84	60	Uc
84	61	Uc
84	62	-1
84	63	-1
84	64	-1
84	65	-1
84	66	-1
84	67	Lc
84	68	Lc
84	69	-1
84	70	Lc
84	71	Lc
84	72	-1
84	73	-1
84	74	-1
84	75	L
84	76	-1
84	77	L
84	78	L
84	79	-1
84	80	U
84	81	-1
84	82	-1
84	83	L
84	84	L
84	85	U
84	86	-1
84	87	U
84	88	U
84	89	-1
84	90	-1
84	91	U
84	92	L
84	93	L
84	94	-1
84	95	-1
84	96	U
84	97	-1
84	98	-1
84	99	Lc
84	100	-1
84	101	-1
84	102	L
84	103	Lc
84	104	L
84	105	Lc
84	106	-1
84	107	Lc
84	108	-1
84	109	Lc
84	110	Lc
84	111	-1
84	112	L
84	113	-1
84	114	-1
84	115	-1
84	116	Lc
84	117	Lc
84	118	-1
84	119	-1
85	0	L
85	1	L
85	2	-1
85	3	L
85	4	L
85	5	L
85	6	L
85	7	L
85	8	-1
85	9	-1
85	10	-1
85	11	L
85	12	-1
85	13	U
85	14	-1
85	15	-1
85	16	L
85	17	L
85	18	L
85	19	-1
85	20	-1
85	21	L
85	22	L
85	23	Lc
85	24	Lc
85	25	Lc
85	26	-1
85	27	-1
85	28	-1
85	29	L
85	30	L
85	31	L
85	32	-1
85	33	Lc
85	34	-1
85	35	-1
85	36	Lc
85	37	Lc
85	38	Lc
85	39	Lc
85	40	Lc
85	41	Lc
85	42	Lc
85	43	L
85	44	L
85	45	Lc
85	46	Lc
85	47	L
85	48	L
85	49	Lc
85	50	-1
85	51	Lc
85	52	Lc
85	53	Lc
85	54	-1
85	55	-1
85	56	Lc
85	57	-1
85	58	-1
85	59	Uc
85	60	-1
85	61	Uc
85	62	Uc
85	63	-1
85	64	-1
85	65	-1
85	66	-1
85	67	Lc
85	68	-1
85	69	-1
85	70	-1
85	71	-1
85	72	L
85	73	-1
85	74	-1
85	75	L
85	76	L
85	77	-1
85	78	-1
85	79	-1
85	80	U
85	81	L
85	82	L
85	83	L
85	84	L
85	85	-1
85	86	U
85	87	U
85	88	U
85	89	L
85	90	L
85	91	L
85	92	-1
85	93	L
85	94	-1
85	95	L
85	96	-1
85	97	U
85	98	Lc
85	99	Lc
85	100	Lc
85	101	-1
85	102	-1
85	103	Lc
85	104	Lc
85	105	-1
85	106	Lc
85	107	Lc
85	108	Lc
85	109	Lc
85	110	Lc
85	111	-1
85	112	L
85	113	L
85	114	-1
85	115	L
85	116	-1
85	117	Lc
85	118	-1
85	119	-1
86	0	-1
86	1	L
86	2	L
86	3	-1
86	4	-1
86	5	L
86	6	L
86	7	L
86	8	L
86	9	-1
86	10	-1
86	11	-1
86	12	L
86	13	-1
86	14	L
86	15	-1
86	16	L
86	17	L
86	18	L
86	19	-1
86	20	L
86	21	-1
86	22	-1
86	23	Lc
86	24	Lc
86	25	Lc
86	26	-1
86	27	Lc
86	28	L
86	29	L
86	30	L
86	31	L
86	32	L
86	33	-1
86	34	-1
86	35	Lc
86	36	Lc
86	37	Lc
86	38	Lc
86	39	Lc
86	40	Lc
86	41	-1
86	42	-1
86	43	-1
86	44	L
86	45	-1
86	46	-1
86	47	-1
86	48	L
86	49	L
86	50	L
86	51	-1
86	52	Lc
86	53	-1
86	54	Lc
86	55	Lc
86	56	-1
86	57	Lc
86	58	Uc
86	59	-1
86	60	-1
86	61	-1
86	62	-1
86	63	-1
86	64	-1
86	65	-1
86	66	-1
86	67	-1
86	68	Lc
86	69	-1
86	70	-1
86	71	-1
86	72	-1
86	73	L
86	74	L
86	75	Lc
86	76	L
86	77	L
86	78	-1
86	79	-1
86	80	L
86	81	-1
86	82	L
86	83	-1
86	84	U
86	85	L
86	86	-1
86	87	-1
86	88	L
86	89	-1
86	90	-1
86	91	-1
86	92	-1
86	93	-1
86	94	-1
86	95	L
86	96	L
86	97	L
86	98	L
86	99	Lc
86	100	Lc
86	101	L
86	102	L
86	103	-1
86	104	-1
86	105	Lc
86	106	-1
86	107	Lc
86	108	-1
86	109	-1
86	110	Lc
86	111	Lc
86	112	L
86	113	-1
86	114	L
86	115	L
86	116	Lc
86	117	L
86	118	L
86	119	L
87	0	-1
87	1	L
87	2	L
87	3	L
87	4	-1
87	5	L
87	6	-1
87	7	-1
87	8	-1
87	9	-1
87	10	-1
87	11	L
87	12	L
87	13	L
87	14	L
87	15	L
87	16	-1
87	17	L
87	18	L
87	19	L
87	20	-1
87	21	-1
87	22	-1
87	23	Lc
87	24	Lc
87	25	Lc
87	26	-1
87	27	Lc
87	28	-1
87	29	-1
87	30	L
87	31	L
87	32	-1
87	33	L
87	34	Lc
87	35	-1
87	36	Lc
87	37	Lc
87	38	Lc
87	39	-1
87	40	-1
87	41	-1
87	42	Lc
87	43	-1
87	44	-1
87	45	L
87	46	-1
87	47	-1
87	48	L
87	49	L
87	50	-1
87	51	Lc
87	52	Lc
87	53	Lc
87	54	Lc
87	55	-1
87	56	-1
87	57	-1
87	58	Lc
87	59	-1
87	60	Lc
87	61	-1
87	62	-1
87	63	-1
87	64	-1
87	65	Lc
87	66	-1
87	67	-1
87	68	-1
87	69	Lc
87	70	L
87	71	L
87	72	Lc
87	73	-1
87	74	-1
87	75	-1
87	76	L
87	77	-1
87	78	U
87	79	-1
87	80	L
87	81	-1
87	82	L
87	83	L
87	84	L
87	85	-1
87	86	-1
87	87	L
87	88	-1
87	89	L
87	90	-1
87	91	L
87	92	-1
87	93	-1
87	94	L
87	95	L
87	96	L
87	97	L
87	98	Lc
87	99	L
87	100	-1
87	101	Lc
87	102	Lc
87	103	-1
87	104	Lc
87	105	-1
87	106	U
87	107	-1
87	108	Lc
87	109	Lc
87	110	-1
87	111	Lc
87	112	Lc
87	113	-1
87	114	-1
87	115	Lc
87	116	L
87	117	-1
87	118	L
87	119	-1
88	0	-1
88	1	L
88	2	L
88	3	-1
88	4	L
88	5	L
88	6	-1
88	7	-1
88	8	-1
88	9	-1
88	10	-1
88	11	-1
88	12	-1
88	13	L
88	14	-1
88	15	U
88	16	L
88	17	-1
88	18	L
88	19	-1
88	20	L
88	21	L
88	22	L
88	23	Lc
88	24	Lc
88	25	Lc
88	26	Lc
88	27	-1
88	28	Lc
88	29	Lc
88	30	L
88	31	Lc
88	32	Lc
88	33	-1
88	34	-1
88	35	Lc
88	36	Lc
88	37	-1
88	38	Lc
88	39	-1
88	40	-1
88	41	-1
88	42	Lc
88	43	-1
88	44	-1
88	45	-1
88	46	-1
88	47	-1
88	48	L
88	49	-1
88	50	-1
88	51	Lc
88	52	-1
88	53	-1
88	54	-1
88	55	-1
88	56	Lc
88	57	-1
88	58	-1
88	59	-1
88	60	-1
88	61	-1
88	62	Lc
88	63	-1
88	64	Lc
88	65	-1
88	66	-1
88	67	-1
88	68	-1
88	69	-1
88	70	-1
88	71	Lc
88	72	Lc
88	73	L
88	74	L
88	75	Lc
88	76	L
88	77	-1
88	78	-1
88	79	-1
88	80	L
88	81	L
88	82	-1
88	83	-1
88	84	L
88	85	L
88	86	L
88	87	L
88	88	L
88	89	-1
88	90	L
88	91	L
88	92	-1
88	93	-1
88	94	-1
88	95	-1
88	96	L
88	97	-1
88	98	-1
88	99	-1
88	100	Lc
88	101	Lc
88	102	Lc
88	103	-1
88	104	-1
88	105	L
88	106	-1
88	107	U
88	108	Lc
88	109	Lc
88	110	U
88	111	Lc
88	112	Lc
88	113	Lc
88	114	Lc
88	115	Lc
88	116	-1
88	117	-1
88	118	-1
88	119	L
89	0	-1
89	1	L
89	2	-1
89	3	-1
89	4	-1
89	5	L
89	6	L
89	7	L
89	8	-1
89	9	-1
89	10	-1
89	11	L
89	12	L
89	13	U
89	14	U
89	15	L
89	16	L
89	17	-1
89	18	-1
89	19	L
89	20	L
89	21	L
89	22	-1
89	23	-1
89	24	L
89	25	-1
89	26	-1
89	27	-1
89	28	Lc
89	29	-1
89	30	-1
89	31	Lc
89	32	Lc
89	33	Lc
89	34	Lc
89	35	-1
89	36	-1
89	37	-1
89	38	-1
89	39	Lc
89	40	Lc
89	41	-1
89	42	-1
89	43	-1
89	44	-1
89	45	Lc
89	46	-1
89	47	-1
89	48	-1
89	49	-1
89	50	-1
89	51	Lc
89	52	Lc
89	53	Lc
89	54	-1
89	55	-1
89	56	-1
89	57	Lc
89	58	Lc
89	59	Lc
89	60	-1
89	61	-1
89	62	Lc
89	63	Lc
89	64	Lc
89	65	-1
89	66	Lc
89	67	-1
89	68	Lc
89	69	-1
89	70	-1
89	71	-1
89	72	-1
89	73	-1
89	74	L
89	75	L
89	76	L
89	77	L
89	78	L
89	79	L
89	80	L
89	81	-1
89	82	-1
89	83	L
89	84	L
89	85	L
89	86	L
89	87	-1
89	88	L
89	89	-1
89	90	L
89	91	-1
89	92	L
89	93	-1
89	94	-1
89	95	L
89	96	-1
89	97	-1
89	98	L
89	99	L
89	100	L
89	101	L
89	102	L
89	103	L
89	104	-1
89	105	U
89	106	-1
89	107	-1
89	108	-1
89	109	U
89	110	-1
89	111	Lc
89	112	Lc
89	113	Lc
89	114	-1
89	115	-1
89	116	L
89	117	-1
89	118	L
89	119	-1
90	0	L
90	1	-1
90	2	L
90	3	L
90	4	L
90	5	L
90	6	-1
90	7	L
90	8	-1
90	9	-1
90	10	L
90	11	L
90	12	L
90	13	L
90	14	L
90	15	-1
90	16	L
90	17	L
90	18	-1
90	19	L
90	20	L
90	21	L
90	22	L
90	23	-1
90	24	-1
90	25	-1
90	26	-1
90	27	-1
90	28	-1
90	29	Lc
90	30	Lc
90	31	-1
90	32	Lc
90	33	Lc
90	34	-1
90	35	-1
90	36	L
90	37	-1
90	38	Lc
90	39	Lc
90	40	Lc
90	41	-1
90	42	-1
90	43	-1
90	44	-1
90	45	-1
90	46	Lc
90	47	Lc
90	48	-1
90	49	Lc
90	50	-1
90	51	Lc
90	52	Lc
90	53	-1
90	54	-1
90	55	Lc
90	56	-1
90	57	-1
90	58	Lc
90	59	Lc
90	60	-1
90	61	Lc
90	62	-1
90	63	Lc
90	64	Lc
90	65	-1
90	66	-1
90	67	-1
90	68	-1
90	69	Lc
90	70	-1
90	71	L
90	72	-1
90	73	L
90	74	L
90	75	L
90	76	L
90	77	-1
90	78	-1
90	79	-1
90	80	L
90	81	L
90	82	L
90	83	L
90	84	-1
90	85	L
90	86	-1
90	87	L
90	88	L
90	89	L
90	90	L
90	91	-1
90	92	L
90	93	-1
90	94	L
90	95	-1
90	96	-1
90	97	L
90	98	-1
90	99	-1
90	100	L
90	101	-1
90	102	L
90	103	-1
90	104	Lc
90	105	Lc
90	106	U
90	107	-1
90	108	L
90	109	L
90	110	U
90	111	L
90	112	Lc
90	113	Lc
90	114	Lc
90	115	L
90	116	L
90	117	-1
90	118	-1
90	119	L
91	0	L
91	1	-1
91	2	L
91	3	L
91	4	L
91	5	-1
91	6	-1
91	7	-1
91	8	-1
91	9	L
91	10	-1
91	11	-1
91	12	-1
91	13	-1
91	14	L
91	15	-1
91	16	L
91	17	L
91	18	L
91	19	-1
91	20	-1
91	21	L
91	22	L
91	23	L
91	24	L
91	25	L
91	26	L
91	27	L
91	28	Lc
91	29	Lc
91	30	-1
91	31	-1
91	32	Lc
91	33	L
91	34	Lc
91	35	L
91	36	-1
91	37	Lc
91	38	-1
91	39	-1
91	40	Lc
91	41	-1
91	42	Lc
91	43	L
91	44	L
91	45	Lc
91	46	Lc
91	47	Lc
91	48	-1
91	49	-1
91	50	Lc
91	51	Lc
91	52	Lc
91	53	Lc
91	54	-1
91	55	-1
91	56	-1
91	57	-1
91	58	Lc
91	59	Lc
91	60	Lc
91	61	-1
91	62	Lc
91	63	-1
91	64	-1
91	65	Lc
91	66	-1
91	67	-1
91	68	-1
91	69	-1
91	70	L
91	71	-1
91	72	L
91	73	L
91	74	-1
91	75	-1
91	76	-1
91	77	L
91	78	-1
91	79	L
91	80	L
91	81	L
91	82	-1
91	83	-1
91	84	L
91	85	L
91	86	-1
91	87	L
91	88	L
91	89	L
91	90	-1
91	91	-1
91	92	L
91	93	L
91	94	-1
91	95	L
91	96	Lc
91	97	Lc
91	98	L
91	99	-1
91	100	L
91	101	L
91	102	-1
91	103	-1
91	104	-1
91	105	L
91	106	L
91	107	L
91	108	L
91	109	-1
91	110	Lc
91	111	Lc
91	112	Lc
91	113	Lc
91	114	Lc
91	115	Lc
91	116	L
91	117	-1
91	118	L
91	119	-1
92	0	-1
92	1	-1
92	2	-1
92	3	-1
92	4	-1
92	5	U
92	6	L
92	7	L
92	8	L
92	9	-1
92	10	L
92	11	L
92	12	L
92	13	L
92	14	-1
92	15	L
92	16	-1
92	17	L
92	18	L
92	19	L
92	20	-1
92	21	L
92	22	-1
92	23	L
92	24	-1
92	25	L
92	26	-1
92	27	L
92	28	-1
92	29	Lc
92	30	Lc
92	31	Lc
92	32	Lc
92	33	-1
92	34	Lc
92	35	L
92	36	-1
92	37	L
92	38	Lc
92	39	Lc
92	40	Lc
92	41	-1
92	42	Lc
92	43	L
92	44	Lc
92	45	Lc
92	46	Lc
92	47	-1
92	48	Lc
92	49	Lc
92	50	Lc
92	51	Lc
92	52	Lc
92	53	-1
92	54	Lc
92	55	-1
92	56	-1
92	57	Lc
92	58	Lc
92	59	Lc
92	60	-1
92	61	Lc
92	62	-1
92	63	-1
92	64	Lc
92	65	-1
92	66	Lc
92	67	Lc
92	68	Lc
92	69	-1
92	70	-1
92	71	-1
92	72	L
92	73	L
92	74	-1
92	75	-1
92	76	-1
92	77	-1
92	78	-1
92	79	L
92	80	-1
92	81	-1
92	82	L
92	83	-1
92	84	L
92	85	L
92	86	L
92	87	L
92	88	-1
92	89	L
92	90	-1
92	91	L
92	92	-1
92	93	L
92	94	-1
92	95	L
92	96	-1
92	97	-1
92	98	Lc
92	99	-1
92	100	L
92	101	-1
92	102	-1
92	103	-1
92	104	L
92	105	L
92	106	L
92	107	L
92	108	L
92	109	L
92	110	-1
92	111	-1
92	112	-1
92	113	-1
92	114	-1
92	115	-1
92	116	-1
92	117	L
92	118	L
92	119	L
93	0	L
93	1	L
93	2	L
93	3	L
93	4	-1
93	5	L
93	6	-1
93	7	L
93	8	L
93	9	-1
93	10	L
93	11	L
93	12	L
93	13	L
93	14	L
93	15	L
93	16	L
93	17	-1
93	18	-1
93	19	L
93	20	L
93	21	-1
93	22	L
93	23	-1
93	24	L
93	25	-1
93	26	L
93	27	L
93	28	L
93	29	L
93	30	L
93	31	-1
93	32	-1
93	33	Lc
93	34	-1
93	35	-1
93	36	-1
93	37	-1
93	38	-1
93	39	Lc
93	40	-1
93	41	Lc
93	42	Lc
93	43	-1
93	44	Lc
93	45	Lc
93	46	-1
93	47	Lc
93	48	Lc
93	49	Lc
93	50	Lc
93	51	-1
93	52	Lc
93	53	Lc
93	54	Lc
93	55	Lc
93	56	-1
93	57	-1
93	58	Lc
93	59	-1
93	60	Lc
93	61	Lc
93	62	Lc
93	63	-1
93	64	Lc
93	65	Lc
93	66	-1
93	67	-1
93	68	-1
93	69	Lc
93	70	Lc
93	71	-1
93	72	-1
93	73	L
93	74	L
93	75	-1
93	76	-1
93	77	L
93	78	L
93	79	-1
93	80	-1
93	81	-1
93	82	L
93	83	L
93	84	L
93	85	L
93	86	L
93	87	L
93	88	-1
93	89	-1
93	90	L
93	91	-1
93	92	L
93	93	L
93	94	-1
93	95	-1
93	96	-1
93	97	-1
93	98	Lc
93	99	Lc
93	100	L
93	101	Lc
93	102	-1
93	103	-1
93	104	L
93	105	L
93	106	L
93	107	-1
93	108	-1
93	109	L
93	110	-1
93	111	L
93	112	Lc
93	113	-1
93	114	Lc
93	115	-1
93	116	-1
93	117	L
93	118	L
93	119	L
94	0	L
94	1	L
94	2	L
94	3	L
94	4	-1
94	5	-1
94	6	L
94	7	L
94	8	-1
94	9	-1
94	10	L
94	11	L
94	12	L
94	13	L
94	14	-1
94	15	-1
94	16	L
94	17	-1
94	18	-1
94	19	-1
94	20	-1
94	21	L
94	22	L
94	23	-1
94	24	-1
94	25	-1
94	26	-1
94	27	L
94	28	L
94	29	L
94	30	-1
94	31	Lc
94	32	Lc
94	33	Lc
94	34	-1
94	35	-1
94	36	-1
94	37	L
94	38	U
94	39	-1
94	40	Lc
94	41	Lc
94	42	-1
94	43	Lc
94	44	Lc
94	45	Lc
94	46	Lc
94	47	Lc
94	48	Lc
94	49	-1
94	50	-1
94	51	Lc
94	52	-1
94	53	Lc
94	54	Lc
94	55	-1
94	56	-1
94	57	Lc
94	58	-1
94	59	-1
94	60	-1
94	61	-1
94	62	-1
94	63	Lc
94	64	-1
94	65	-1
94	66	Lc
94	67	Lc
94	68	-1
94	69	Lc
94	70	L
94	71	-1
94	72	L
94	73	L
94	74	L
94	75	-1
94	76	-1
94	77	-1
94	78	-1
94	79	-1
94	80	-1
94	81	-1
94	82	-1
94	83	L
94	84	-1
94	85	-1
94	86	-1
94	87	L
94	88	-1
94	89	L
94	90	L
94	91	L
94	92	-1
94	93	L
94	94	L
94	95	-1
94	96	-1
94	97	-1
94	98	Lc
94	99	Lc
94	100	-1
94	101	Lc
94	102	-1
94	103	Lc
94	104	-1
94	105	L
94	106	L
94	107	-1
94	108	L
94	109	-1
94	110	L
94	111	-1
94	112	-1
94	113	L
94	114	-1
94	115	-1
94	116	-1
94	117	-1
94	118	L
94	119	-1
95	0	L
95	1	-1
95	2	L
95	3	-1
95	4	-1
95	5	-1
95	6	U
95	7	-1
95	8	-1
95	9	L
95	10	L
95	11	L
95	12	-1
95	13	L
95	14	-1
95	15	L
95	16	-1
95	17	-1
95	18	-1
95	19	-1
95	20	-1
95	21	-1
95	22	L
95	23	-1
95	24	-1
95	25	L
95	26	-1
95	27	-1
95	28	-1
95	29	Lc
95	30	-1
95	31	-1
95	32	-1
95	33	-1
95	34	L
95	35	-1
95	36	L
95	37	U
95	38	-1
95	39	-1
95	40	-1
95	41	-1
95	42	-1
95	43	-1
95	44	Lc
95	45	Lc
95	46	-1
95	47	Lc
95	48	Lc
95	49	Lc
95	50	Lc
95	51	Lc
95	52	-1
95	53	Lc
95	54	-1
95	55	-1
95	56	-1
95	57	-1
95	58	-1
95	59	-1
95	60	-1
95	61	Lc
95	62	Lc
95	63	L
95	64	-1
95	65	L
95	66	L
95	67	Lc
95	68	Lc
95	69	Lc
95	70	Lc
95	71	Lc
95	72	L
95	73	L
95	74	L
95	75	-1
95	76	-1
95	77	-1
95	78	-1
95	79	-1
95	80	-1
95	81	-1
95	82	L
95	83	-1
95	84	-1
95	85	L
95	86	L
95	87	L
95	88	-1
95	89	-1
95	90	L
95	91	-1
95	92	L
95	93	L
95	94	L
95	95	L
95	96	-1
95	97	-1
95	98	-1
95	99	Lc
95	100	L
95	101	-1
95	102	L
95	103	Lc
95	104	L
95	105	-1
95	106	-1
95	107	L
95	108	L
95	109	-1
95	110	L
95	111	-1
95	112	-1
95	113	-1
95	114	L
95	115	L
95	116	-1
95	117	-1
95	118	L
95	119	-1
96	0	-1
96	1	L
96	2	L
96	3	-1
96	4	-1
96	5	U
96	6	U
96	7	U
96	8	L
96	9	L
96	10	L
96	11	L
96	12	L
96	13	-1
96	14	-1
96	15	L
96	16	-1
96	17	-1
96	18	-1
96	19	-1
96	20	L
96	21	-1
96	22	-1
96	23	L
96	24	-1
96	25	L
96	26	L
96	27	L
96	28	L
96	29	-1
96	30	Lc
96	31	Lc
96	32	Lc
96	33	L
96	34	Lc
96	35	L
96	36	-1
96	37	L
96	38	-1
96	39	-1
96	40	-1
96	41	-1
96	42	Lc
96	43	-1
96	44	Lc
96	45	Lc
96	46	-1
96	47	-1
96	48	Lc
96	49	Lc
96	50	Lc
96	51	-1
96	52	Lc
96	53	Lc
96	54	-1
96	55	-1
96	56	-1
96	57	L
96	58	-1
96	59	L
96	60	Lc
96	61	-1
96	62	-1
96	63	Lc
96	64	L
96	65	-1
96	66	L
96	67	L
96	68	-1
96	69	-1
96	70	Lc
96	71	Lc
96	72	L
96	73	L
96	74	-1
96	75	-1
96	76	-1
96	77	-1
96	78	-1
96	79	-1
96	80	L
96	81	-1
96	82	-1
96	83	L
96	84	-1
96	85	-1
96	86	-1
96	87	L
96	88	-1
96	89	L
96	90	L
96	91	L
96	92	L
96	93	-1
96	94	L
96	95	Lc
96	96	Lc
96	97	Lc
96	98	-1
96	99	-1
96	100	-1
96	101	L
96	102	L
96	103	-1
96	104	-1
96	105	L
96	106	L
96	107	-1
96	108	L
96	109	L
96	110	L
96	111	L
96	112	L
96	113	L
96	114	-1
96	115	L
96	116	-1
96	117	-1
96	118	-1
96	119	-1
97	0	-1
97	1	-1
97	2	L
97	3	L
97	4	L
97	5	-1
97	6	U
97	7	U
97	8	U
97	9	L
97	10	-1
97	11	-1
97	12	-1
97	13	L
97	14	L
97	15	L
97	16	L
97	17	L
97	18	-1
97	19	L
97	20	L
97	21	L
97	22	L
97	23	-1
97	24	L
97	25	-1
97	26	L
97	27	L
97	28	L
97	29	Lc
97	30	-1
97	31	L
97	32	-1
97	33	L
97	34	U
97	35	-1
97	36	U
97	37	U
97	38	-1
97	39	-1
97	40	Lc
97	41	Lc
97	42	Lc
97	43	Lc
97	44	Lc
97	45	Lc
97	46	Lc
97	47	-1
97	48	Lc
97	49	-1
97	50	Lc
97	51	Lc
97	52	Lc
97	53	-1
97	54	-1
97	55	-1
97	56	-1
97	57	Uc
97	58	-1
97	59	L
97	60	-1
97	61	-1
97	62	L
97	63	-1
97	64	L
97	65	L
97	66	Lc
97	67	Lc
97	68	-1
97	69	-1
97	70	L
97	71	L
97	72	L
97	73	L
97	74	L
97	75	-1
97	76	-1
97	77	-1
97	78	-1
97	79	-1
97	80	U
97	81	L
97	82	-1
97	83	L
97	84	L
97	85	L
97	86	L
97	87	L
97	88	L
97	89	-1
97	90	-1
97	91	L
97	92	L
97	93	-1
97	94	-1
97	95	L
97	96	Lc
97	97	Lc
97	98	-1
97	99	L
97	100	-1
97	101	L
97	102	L
97	103	L
97	104	L
97	105	L
97	106	-1
97	107	L
97	108	L
97	109	-1
97	110	L
97	111	L
97	112	L
97	113	L
97	114	L
97	115	L
97	116	L
97	117	L
97	118	U
97	119	L
98	0	U
98	1	L
98	2	-1
98	3	L
98	4	L
98	5	-1
98	6	L
98	7	-1
98	8	U
98	9	-1
98	10	L
98	11	-1
98	12	-1
98	13	L
98	14	L
98	15	L
98	16	-1
98	17	L
98	18	-1
98	19	L
98	20	-1
98	21	L
98	22	L
98	23	-1
98	24	L
98	25	L
98	26	-1
98	27	L
98	28	L
98	29	-1
98	30	L
98	31	L
98	32	-1
98	33	-1
98	34	-1
98	35	U
98	36	L
98	37	L
98	38	L
98	39	Lc
98	40	-1
98	41	-1
98	42	-1
98	43	Lc
98	44	Lc
98	45	-1
98	46	-1
98	47	-1
98	48	-1
98	49	-1
98	50	-1
98	51	-1
98	52	Lc
98	53	Lc
98	54	Lc
98	55	-1
98	56	L
98	57	L
98	58	L
98	59	L
98	60	L
98	61	L
98	62	-1
98	63	L
98	64	L
98	65	-1
98	66	L
98	67	Lc
98	68	-1
98	69	Lc
98	70	Lc
98	71	L
98	72	L
98	73	L
98	74	-1
98	75	-1
98	76	L
98	77	L
98	78	-1
98	79	L
98	80	-1
98	81	-1
98	82	-1
98	83	L
98	84	L
98	85	L
98	86	-1
98	87	-1
98	88	L
98	89	L
98	90	-1
98	91	-1
98	92	-1
98	93	-1
98	94	L
98	95	L
98	96	-1
98	97	-1
98	98	-1
98	99	L
98	100	L
98	101	L
98	102	L
98	103	L
98	104	L
98	105	-1
98	106	-1
98	107	-1
98	108	-1
98	109	L
98	110	L
98	111	-1
98	112	L
98	113	-1
98	114	-1
98	115	L
98	116	L
98	117	L
98	118	L
98	119	-1
99	0	U
99	1	L
99	2	-1
99	3	-1
99	4	L
99	5	L
99	6	-1
99	7	U
99	8	U
99	9	L
99	10	-1
99	11	-1
99	12	L
99	13	L
99	14	-1
99	15	L
99	16	-1
99	17	L
99	18	-1
99	19	L
99	20	L
99	21	-1
99	22	-1
99	23	L
99	24	L
99	25	L
99	26	L
99	27	-1
99	28	L
99	29	L
99	30	-1
99	31	-1
99	32	L
99	33	-1
99	34	L
99	35	-1
99	36	U
99	37	-1
99	38	U
99	39	-1
99	40	-1
99	41	-1
99	42	-1
99	43	-1
99	44	-1
99	45	Lc
99	46	Lc
99	47	Lc
99	48	-1
99	49	-1
99	50	-1
99	51	-1
99	52	Lc
99	53	-1
99	54	-1
99	55	-1
99	56	L
99	57	L
99	58	L
99	59	-1
99	60	L
99	61	L
99	62	L
99	63	L
99	64	L
99	65	L
99	66	L
99	67	-1
99	68	-1
99	69	L
99	70	L
99	71	-1
99	72	L
99	73	L
99	74	L
99	75	U
99	76	L
99	77	-1
99	78	L
99	79	L
99	80	-1
99	81	L
99	82	L
99	83	L
99	84	-1
99	85	-1
99	86	-1
99	87	-1
99	88	L
99	89	L
99	90	L
99	91	-1
99	92	-1
99	93	-1
99	94	L
99	95	L
99	96	-1
99	97	-1
99	98	-1
99	99	-1
99	100	L
99	101	L
99	102	L
99	103	L
99	104	-1
99	105	L
99	106	L
99	107	L
99	108	L
99	109	-1
99	110	-1
99	111	L
99	112	L
99	113	-1
99	114	-1
99	115	-1
99	116	-1
99	117	L
99	118	L
99	119	L
100	0	Lc
100	1	-1
100	2	Lc
100	3	-1
100	4	-1
100	5	-1
100	6	U
100	7	L
100	8	Lp
100	9	Lp
100	10	L
100	11	L
100	12	L
100	13	L
100	14	-1
100	15	L
100	16	L
100	17	-1
100	18	-1
100	19	L
100	20	L
100	21	L
100	22	L
100	23	-1
100	24	-1
100	25	L
100	26	L
100	27	-1
100	28	L
100	29	-1
100	30	L
100	31	L
100	32	-1
100	33	Lc
100	34	-1
100	35	U
100	36	-1
100	37	U
100	38	-1
100	39	L
100	40	-1
100	41	-1
100	42	-1
100	43	Lc
100	44	Lc
100	45	Lc
100	46	Lc
100	47	-1
100	48	Lc
100	49	-1
100	50	-1
100	51	Lc
100	52	-1
100	53	Lc
100	54	-1
100	55	L
100	56	L
100	57	L
100	58	L
100	59	L
100	60	L
100	61	L
100	62	L
100	63	L
100	64	L
100	65	-1
100	66	-1
100	67	-1
100	68	L
100	69	-1
100	70	-1
100	71	L
100	72	-1
100	73	-1
100	74	U
100	75	U
100	76	-1
100	77	L
100	78	L
100	79	U
100	80	L
100	81	-1
100	82	L
100	83	-1
100	84	L
100	85	-1
100	86	-1
100	87	-1
100	88	-1
100	89	L
100	90	-1
100	91	-1
100	92	-1
100	93	L
100	94	-1
100	95	L
100	96	L
100	97	L
100	98	-1
100	99	-1
100	100	L
100	101	-1
100	102	L
100	103	L
100	104	-1
100	105	-1
100	106	L
100	107	L
100	108	-1
100	109	L
100	110	L
100	111	-1
100	112	-1
100	113	L
100	114	L
100	115	-1
100	116	-1
100	117	L
100	118	L
100	119	L
101	0	-1
101	1	-1
101	2	Lc
101	3	-1
101	4	-1
101	5	U
101	6	-1
101	7	-1
101	8	Lp
101	9	L
101	10	L
101	11	L
101	12	L
101	13	L
101	14	L
101	15	L
101	16	L
101	17	L
101	18	L
101	19	-1
101	20	-1
101	21	-1
101	22	L
101	23	-1
101	24	L
101	25	L
101	26	-1
101	27	-1
101	28	L
101	29	L
101	30	-1
101	31	L
101	32	-1
101	33	U
101	34	-1
101	35	U
101	36	-1
101	37	L
101	38	Lc
101	39	-1
101	40	-1
101	41	-1
101	42	Lc
101	43	Lc
101	44	Lc
101	45	Lc
101	46	-1
101	47	Lc
101	48	Lc
101	49	Lc
101	50	Lc
101	51	-1
101	52	-1
101	53	-1
101	54	Lc
101	55	L
101	56	L
101	57	-1
101	58	Lc
101	59	L
101	60	L
101	61	L
101	62	-1
101	63	L
101	64	L
101	65	-1
101	66	Lc
101	67	-1
101	68	-1
101	69	L
101	70	L
101	71	L
101	72	L
101	73	L
101	74	-1
101	75	-1
101	76	-1
101	77	-1
101	78	U
101	79	U
101	80	L
101	81	U
101	82	L
101	83	L
101	84	L
101	85	L
101	86	L
101	87	-1
101	88	-1
101	89	-1
101	90	-1
101	91	-1
101	92	L
101	93	-1
101	94	-1
101	95	-1
101	96	-1
101	97	L
101	98	L
101	99	L
101	100	-1
101	101	L
101	102	L
101	103	-1
101	104	-1
101	105	L
101	106	-1
101	107	-1
101	108	L
101	109	L
101	110	L
101	111	-1
101	112	L
101	113	-1
101	114	L
101	115	L
101	116	-1
101	117	-1
101	118	-1
101	119	L
102	0	L
102	1	Lc
102	2	L
102	3	L
102	4	L
102	5	Lc
102	6	Lc
102	7	Lp
102	8	Lp
102	9	Lp
102	10	L
102	11	-1
102	12	L
102	13	L
102	14	L
102	15	L
102	16	L
102	17	-1
102	18	L
102	19	-1
102	20	-1
102	21	L
102	22	L
102	23	L
102	24	-1
102	25	L
102	26	-1
102	27	-1
102	28	-1
102	29	L
102	30	L
102	31	-1
102	32	-1
102	33	Lc
102	34	-1
102	35	Lc
102	36	Lc
102	37	-1
102	38	L
102	39	L
102	40	-1
102	41	-1
102	42	Lc
102	43	Lc
102	44	Lc
102	45	Lc
102	46	Lc
102	47	Lc
102	48	Lc
102	49	L
102	50	Uc
102	51	Uc
102	52	-1
102	53	-1
102	54	Lc
102	55	-1
102	56	Lc
102	57	Lc
102	58	Lc
102	59	Lc
102	60	-1
102	61	L
102	62	L
102	63	L
102	64	L
102	65	-1
102	66	L
102	67	L
102	68	L
102	69	L
102	70	-1
102	71	L
102	72	-1
102	73	L
102	74	L
102	75	-1
102	76	-1
102	77	U
102	78	-1
102	79	-1
102	80	U
102	81	L
102	82	L
102	83	-1
102	84	-1
102	85	-1
102	86	-1
102	87	-1
102	88	L
102	89	L
102	90	-1
102	91	L
102	92	L
102	93	L
102	94	-1
102	95	L
102	96	L
102	97	-1
102	98	L
102	99	-1
102	100	L
102	101	-1
102	102	-1
102	103	-1
102	104	-1
102	105	-1
102	106	L
102	107	L
102	108	L
102	109	L
102	110	-1
102	111	-1
102	112	-1
102	113	L
102	114	L
102	115	L
102	116	-1
102	117	L
102	118	-1
102	119	-1
103	0	Lc
103	1	-1
103	2	L
103	3	L
103	4	-1
103	5	L
103	6	L
103	7	Lc
103	8	-1
103	9	Lp
103	10	-1
103	11	Lp
103	12	-1
103	13	-1
103	14	L
103	15	L
103	16	-1
103	17	-1
103	18	L
103	19	-1
103	20	-1
103	21	L
103	22	L
103	23	L
103	24	-1
103	25	-1
103	26	L
103	27	-1
103	28	L
103	29	L
103	30	-1
103	31	-1
103	32	Lc
103	33	Lc
103	34	Lc
103	35	Lc
103	36	L
103	37	L
103	38	-1
103	39	-1
103	40	L
103	41	Lc
103	42	Lc
103	43	Lc
103	44	-1
103	45	-1
103	46	-1
103	47	Lc
103	48	Lc
103	49	L
103	50	-1
103	51	Lc
103	52	-1
103	53	-1
103	54	-1
103	55	-1
103	56	-1
103	57	-1
103	58	-1
103	59	Lc
103	60	-1
103	61	L
103	62	L
103	63	L
103	64	L
103	65	-1
103	66	-1
103	67	L
103	68	L
103	69	L
103	70	L
103	71	-1
103	72	L
103	73	-1
103	74	L
103	75	-1
103	76	U
103	77	-1
103	78	L
103	79	-1
103	80	L
103	81	L
103	82	L
103	83	-1
103	84	-1
103	85	-1
103	86	L
103	87	L
103	88	-1
103	89	L
103	90	L
103	91	L
103	92	-1
103	93	L
103	94	L
103	95	L
103	96	L
103	97	L
103	98	L
103	99	L
103	100	L
103	101	L
103	102	L
103	103	L
103	104	L
103	105	L
103	106	-1
103	107	L
103	108	L
103	109	-1
103	110	L
103	111	L
103	112	-1
103	113	-1
103	114	L
103	115	-1
103	116	L
103	117	L
103	118	L
103	119	-1
104	0	-1
104	1	-1
104	2	-1
104	3	-1
104	4	Lc
104	5	Lc
104	6	Lc
104	7	-1
104	8	Lp
104	9	-1
104	10	-1
104	11	Lp
104	12	Lp
104	13	Lp
104	14	Lp
104	15	L
104	16	L
104	17	-1
104	18	-1
104	19	-1
104	20	L
104	21	-1
104	22	L
104	23	-1
104	24	L
104	25	-1
104	26	-1
104	27	-1
104	28	L
104	29	-1
104	30	Lc
104	31	Lc
104	32	-1
104	33	-1
104	34	-1
104	35	Lc
104	36	L
104	37	L
104	38	L
104	39	L
104	40	L
104	41	Lc
104	42	Lc
104	43	Lc
104	44	Lc
104	45	Lc
104	46	Lc
104	47	Lc
104	48	L
104	49	-1
104	50	-1
104	51	Lc
104	52	Lc
104	53	-1
104	54	L
104	55	L
104	56	-1
104	57	-1
104	58	Lc
104	59	Lc
104	60	-1
104	61	Lc
104	62	L
104	63	-1
104	64	-1
104	65	L
104	66	-1
104	67	L
104	68	-1
104	69	L
104	70	-1
104	71	L
104	72	L
104	73	L
104	74	L
104	75	-1
104	76	-1
104	77	-1
104	78	L
104	79	L
104	80	L
104	81	L
104	82	-1
104	83	L
104	84	L
104	85	-1
104	86	-1
104	87	L
104	88	-1
104	89	-1
104	90	-1
104	91	-1
104	92	-1
104	93	L
104	94	L
104	95	L
104	96	-1
104	97	L
104	98	-1
104	99	L
104	100	-1
104	101	-1
104	102	-1
104	103	L
104	104	-1
104	105	L
104	106	L
104	107	L
104	108	L
104	109	-1
104	110	-1
104	111	L
104	112	-1
104	113	L
104	114	-1
104	115	-1
104	116	-1
104	117	L
104	118	-1
104	119	-1
105	0	-1
105	1	L
105	2	L
105	3	-1
105	4	-1
105	5	-1
105	6	-1
105	7	Lc
105	8	Lc
105	9	-1
105	10	-1
105	11	-1
105	12	Lp
105	13	Lp
105	14	L
105	15	L
105	16	-1
105	17	L
105	18	L
105	19	-1
105	20	-1
105	21	L
105	22	-1
105	23	-1
105	24	-1
105	25	-1
105	26	-1
105	27	-1
105	28	-1
105	29	-1
105	30	-1
105	31	Lc
105	32	-1
105	33	-1
105	34	Lc
105	35	Lp
105	36	U
105	37	L
105	38	L
105	39	L
105	40	-1
105	41	Lc
105	42	-1
105	43	Lc
105	44	Lc
105	45	L
105	46	-1
105	47	L
105	48	L
105	49	L
105	50	Lc
105	51	-1
105	52	Lc
105	53	-1
105	54	-1
105	55	-1
105	56	-1
105	57	-1
105	58	-1
105	59	Lc
105	60	Lc
105	61	-1
105	62	-1
105	63	Lc
105	64	-1
105	65	L
105	66	Lc
105	67	-1
105	68	L
105	69	L
105	70	-1
105	71	L
105	72	L
105	73	-1
105	74	L
105	75	-1
105	76	-1
105	77	L
105	78	L
105	79	L
105	80	-1
105	81	L
105	82	-1
105	83	L
105	84	L
105	85	-1
105	86	L
105	87	-1
105	88	-1
105	89	-1
105	90	L
105	91	-1
105	92	L
105	93	-1
105	94	-1
105	95	-1
105	96	L
105	97	-1
105	98	-1
105	99	L
105	100	-1
105	101	-1
105	102	L
105	103	L
105	104	L
105	105	-1
105	106	-1
105	107	L
105	108	L
105	109	Lc
105	110	-1
105	111	L
105	112	-1
105	113	L
105	114	-1
105	115	-1
105	116	-1
105	117	-1
105	118	L
105	119	L
106	0	-1
106	1	L
106	2	-1
106	3	Lc
106	4	Lc
106	5	-1
106	6	L
106	7	-1
106	8	L
106	9	Lc
106	10	-1
106	11	-1
106	12	-1
106	13	Lp
106	14	L
106	15	-1
106	16	L
106	17	L
106	18	L
106	19	-1
106	20	L
106	21	L
106	22	-1
106	23	-1
106	24	Lcp
106	25	-1
106	26	-1
106	27	-1
106	28	-1
106	29	-1
106	30	-1
106	31	-1
106	32	-1
106	33	Lc
106	34	Lc
106	35	Lc
106	36	-1
106	37	-1
106	38	-1
106	39	Lc
106	40	-1
106	41	Lc
106	42	Lc
106	43	Lc
106	44	Lc
106	45	-1
106	46	L
106	47	Lc
106	48	L
106	49	L
106	50	Lc
106	51	Lc
106	52	Lc
106	53	-1
106	54	-1
106	55	L
106	56	-1
106	57	L
106	58	-1
106	59	Lc
106	60	L
106	61	Lc
106	62	Lc
106	63	L
106	64	L
106	65	-1
106	66	-1
106	67	-1
106	68	-1
106	69	L
106	70	-1
106	71	L
106	72	L
106	73	-1
106	74	L
106	75	L
106	76	-1
106	77	L
106	78	L
106	79	-1
106	80	L
106	81	-1
106	82	L
106	83	-1
106	84	L
106	85	L
106	86	-1
106	87	-1
106	88	L
106	89	L
106	90	-1
106	91	L
106	92	L
106	93	L
106	94	L
106	95	L
106	96	-1
106	97	-1
106	98	L
106	99	L
106	100	L
106	101	-1
106	102	-1
106	103	L
106	104	L
106	105	L
106	106	-1
106	107	L
106	108	-1
106	109	-1
106	110	Lc
106	111	-1
106	112	L
106	113	L
106	114	L
106	115	-1
106	116	-1
106	117	-1
106	118	-1
106	119	L
107	0	L
107	1	-1
107	2	L
107	3	Lc
107	4	-1
107	5	L
107	6	Lc
107	7	-1
107	8	L
107	9	-1
107	10	-1
107	11	-1
107	12	-1
107	13	-1
107	14	-1
107	15	L
107	16	-1
107	17	-1
107	18	L
107	19	L
107	20	L
107	21	-1
107	22	-1
107	23	-1
107	24	-1
107	25	-1
107	26	-1
107	27	-1
107	28	-1
107	29	-1
107	30	Lc
107	31	Lc
107	32	-1
107	33	U
107	34	U
107	35	Lp
107	36	Lp
107	37	-1
107	38	-1
107	39	-1
107	40	-1
107	41	Lc
107	42	-1
107	43	Lc
107	44	Lc
107	45	Lc
107	46	-1
107	47	Lc
107	48	-1
107	49	L
107	50	L
107	51	-1
107	52	-1
107	53	Uc
107	54	-1
107	55	Lc
107	56	-1
107	57	-1
107	58	L
107	59	-1
107	60	Lc
107	61	-1
107	62	L
107	63	L
107	64	-1
107	65	Lc
107	66	L
107	67	-1
107	68	-1
107	69	-1
107	70	-1
107	71	L
107	72	L
107	73	L
107	74	L
107	75	L
107	76	-1
107	77	L
107	78	-1
107	79	-1
107	80	-1
107	81	L
107	82	L
107	83	-1
107	84	-1
107	85	-1
107	86	L
107	87	L
107	88	L
107	89	L
107	90	L
107	91	-1
107	92	-1
107	93	L
107	94	-1
107	95	L
107	96	L
107	97	L
107	98	-1
107	99	-1
107	100	-1
107	101	Lc
107	102	Lc
107	103	L
107	104	L
107	105	L
107	106	L
107	107	-1
107	108	L
107	109	-1
107	110	L
107	111	L
107	112	L
107	113	L
107	114	-1
107	115	-1
107	116	-1
107	117	L
107	118	-1
107	119	L
108	0	L
108	1	-1
108	2	L
108	3	-1
108	4	Lc
108	5	Lc
108	6	L
108	7	-1
108	8	-1
108	9	L
108	10	-1
108	11	-1
108	12	-1
108	13	-1
108	14	L
108	15	L
108	16	L
108	17	-1
108	18	-1
108	19	L
108	20	L
108	21	-1
108	22	L
108	23	-1
108	24	L
108	25	L
108	26	-1
108	27	-1
108	28	-1
108	29	-1
108	30	L
108	31	Lc
108	32	-1
108	33	Lp
108	34	Lp
108	35	-1
108	36	-1
108	37	Lp
108	38	Lc
108	39	Lc
108	40	Lc
108	41	-1
108	42	Lc
108	43	Lc
108	44	Lc
108	45	-1
108	46	-1
108	47	Lc
108	48	-1
108	49	Lc
108	50	L
108	51	L
108	52	-1
108	53	Lc
108	54	-1
108	55	Lc
108	56	L
108	57	-1
108	58	L
108	59	Lc
108	60	-1
108	61	Lc
108	62	-1
108	63	-1
108	64	L
108	65	L
108	66	Lc
108	67	-1
108	68	-1
108	69	L
108	70	-1
108	71	-1
108	72	-1
108	73	-1
108	74	-1
108	75	L
108	76	L
108	77	-1
108	78	-1
108	79	-1
108	80	L
108	81	-1
108	82	L
108	83	L
108	84	L
108	85	-1
108	86	L
108	87	L
108	88	L
108	89	-1
108	90	L
108	91	-1
108	92	-1
108	93	L
108	94	L
108	95	-1
108	96	L
108	97	L
108	98	-1
108	99	-1
108	100	L
108	101	Lc
108	102	-1
108	103	Lc
108	104	Lc
108	105	-1
108	106	L
108	107	L
108	108	Lc
108	109	-1
108	110	L
108	111	-1
108	112	L
108	113	-1
108	114	L
108	115	L
108	116	-1
108	117	-1
108	118	-1
108	119	-1
109	0	-1
109	1	-1
109	2	L
109	3	-1
109	4	-1
109	5	Lc
109	6	Lc
109	7	L
109	8	-1
109	9	-1
109	10	Lc
109	11	-1
109	12	-1
109	13	Lc
109	14	L
109	15	-1
109	16	L
109	17	L
109	18	L
109	19	L
109	20	L
109	21	Lp
109	22	-1
109	23	L
109	24	-1
109	25	-1
109	26	L
109	27	Lc
109	28	-1
109	29	Lc
109	30	Lc
109	31	Lc
109	32	-1
109	33	-1
109	34	Lc
109	35	Lc
109	36	-1
109	37	Lc
109	38	Lc
109	39	Lc
109	40	Lc
109	41	Lc
109	42	Lc
109	43	Lc
109	44	Lc
109	45	Lc
109	46	Lc
109	47	-1
109	48	Lc
109	49	Lc
109	50	Lc
109	51	-1
109	52	Lc
109	53	Lc
109	54	-1
109	55	L
109	56	-1
109	57	-1
109	58	-1
109	59	-1
109	60	-1
109	61	-1
109	62	L
109	63	L
109	64	L
109	65	-1
109	66	Lc
109	67	-1
109	68	L
109	69	L
109	70	-1
109	71	L
109	72	-1
109	73	L
109	74	-1
109	75	L
109	76	-1
109	77	L
109	78	-1
109	79	-1
109	80	-1
109	81	L
109	82	L
109	83	-1
109	84	-1
109	85	L
109	86	L
109	87	-1
109	88	-1
109	89	L
109	90	L
109	91	-1
109	92	-1
109	93	-1
109	94	-1
109	95	L
109	96	L
109	97	L
109	98	L
109	99	L
109	100	L
109	101	L
109	102	-1
109	103	-1
109	104	-1
109	105	-1
109	106	Lc
109	107	Lc
109	108	-1
109	109	L
109	110	-1
109	111	-1
109	112	L
109	113	Lc
109	114	Lc
109	115	-1
109	116	-1
109	117	-1
109	118	-1
109	119	-1
110	0	-1
110	1	-1
110	2	L
110	3	Lc
110	4	-1
110	5	L
110	6	-1
110	7	-1
110	8	-1
110	9	L
110	10	L
110	11	L
110	12	Lc
110	13	-1
110	14	Lc
110	15	-1
110	16	-1
110	17	-1
110	18	L
110	19	L
110	20	Lp
110	21	-1
110	22	L
110	23	-1
110	24	Lcp
110	25	Lcp
110	26	Lcp
110	27	-1
110	28	-1
110	29	-1
110	30	Uc
110	31	Uc
110	32	-1
110	33	-1
110	34	-1
110	35	Lc
110	36	-1
110	37	Lc
110	38	Lc
110	39	Lc
110	40	-1
110	41	-1
110	42	-1
110	43	-1
110	44	-1
110	45	Lc
110	46	-1
110	47	-1
110	48	-1
110	49	Lc
110	50	-1
110	51	-1
110	52	-1
110	53	Lc
110	54	L
110	55	-1
110	56	-1
110	57	L
110	58	-1
110	59	-1
110	60	-1
110	61	L
110	62	L
110	63	L
110	64	-1
110	65	L
110	66	Lc
110	67	-1
110	68	L
110	69	L
110	70	L
110	71	L
110	72	U
110	73	U
110	74	-1
110	75	U
110	76	-1
110	77	U
110	78	-1
110	79	L
110	80	L
110	81	-1
110	82	L
110	83	-1
110	84	-1
110	85	-1
110	86	L
110	87	-1
110	88	L
110	89	L
110	90	L
110	91	-1
110	92	-1
110	93	-1
110	94	L
110	95	L
110	96	L
110	97	L
110	98	L
110	99	L
110	100	-1
110	101	-1
110	102	L
110	103	-1
110	104	L
110	105	L
110	106	-1
110	107	-1
110	108	L
110	109	-1
110	110	L
110	111	L
110	112	-1
110	113	Lc
110	114	-1
110	115	-1
110	116	-1
110	117	L
110	118	L
110	119	L
111	0	L
111	1	Lc
111	2	-1
111	3	-1
111	4	Lc
111	5	L
111	6	L
111	7	L
111	8	L
111	9	L
111	10	L
111	11	-1
111	12	-1
111	13	L
111	14	-1
111	15	Lc
111	16	Lc
111	17	-1
111	18	L
111	19	L
111	20	Lp
111	21	L
111	22	L
111	23	-1
111	24	Lcp
111	25	Lcp
111	26	Lcp
111	27	-1
111	28	-1
111	29	-1
111	30	Uc
111	31	-1
111	32	Lcp
111	33	L
111	34	-1
111	35	L
111	36	-1
111	37	-1
111	38	Lc
111	39	Lc
111	40	Lc
111	41	-1
111	42	-1
111	43	-1
111	44	-1
111	45	Lc
111	46	-1
111	47	-1
111	48	-1
111	49	-1
111	50	Lc
111	51	-1
111	52	-1
111	53	-1
111	54	Lc
111	55	-1
111	56	L
111	57	-1
111	58	L
111	59	L
111	60	L
111	61	L
111	62	L
111	63	-1
111	64	L
111	65	L
111	66	-1
111	67	L
111	68	-1
111	69	L
111	70	L
111	71	L
111	72	L
111	73	L
111	74	-1
111	75	U
111	76	-1
111	77	-1
111	78	L
111	79	L
111	80	L
111	81	-1
111	82	L
111	83	-1
111	84	-1
111	85	-1
111	86	L
111	87	L
111	88	L
111	89	-1
111	90	L
111	91	-1
111	92	-1
111	93	-1
111	94	-1
111	95	-1
111	96	-1
111	97	L
111	98	L
111	99	L
111	100	-1
111	101	L
111	102	-1
111	103	-1
111	104	-1
111	105	Lc
111	106	Lc
111	107	Lc
111	108	Lc
111	109	-1
111	110	L
111	111	-1
111	112	-1
111	113	-1
111	114	-1
111	115	-1
111	116	L
111	117	L
111	118	L
111	119	L
112	0	L
112	1	L
112	2	L
112	3	-1
112	4	L
112	5	Lc
112	6	L
112	7	L
112	8	L
112	9	-1
112	10	-1
112	11	L
112	12	-1
112	13	L
112	14	L
112	15	Lc
112	16	L
112	17	-1
112	18	-1
112	19	-1
112	20	L
112	21	L
112	22	-1
112	23	-1
112	24	-1
112	25	-1
112	26	Lcp
112	27	Lcp
112	28	-1
112	29	Uc
112	30	-1
112	31	-1
112	32	-1
112	33	L
112	34	-1
112	35	-1
112	36	-1
112	37	-1
112	38	-1
112	39	Lc
112	40	-1
112	41	-1
112	42	Lc
112	43	Lc
112	44	-1
112	45	-1
112	46	-1
112	47	-1
112	48	-1
112	49	Lc
112	50	Lc
112	51	Lc
112	52	-1
112	53	L
112	54	-1
112	55	-1
112	56	-1
112	57	L
112	58	L
112	59	L
112	60	L
112	61	L
112	62	L
112	63	L
112	64	L
112	65	L
112	66	L
112	67	L
112	68	L
112	69	L
112	70	L
112	71	-1
112	72	L
112	73	U
112	74	-1
112	75	-1
112	76	-1
112	77	U
112	78	L
112	79	-1
112	80	-1
112	81	L
112	82	-1
112	83	-1
112	84	-1
112	85	-1
112	86	L
112	87	-1
112	88	-1
112	89	L
112	90	L
112	91	-1
112	92	-1
112	93	-1
112	94	-1
112	95	U
112	96	U
112	97	L
112	98	L
112	99	L
112	100	L
112	101	-1
112	102	L
112	103	L
112	104	-1
112	105	L
112	106	-1
112	107	-1
112	108	Lc
112	109	Lc
112	110	-1
112	111	-1
112	112	-1
112	113	-1
112	114	-1
112	115	L
112	116	L
112	117	-1
112	118	L
112	119	L
113	0	-1
113	1	L
113	2	U
113	3	L
113	4	L
113	5	-1
113	6	L
113	7	L
113	8	-1
113	9	Lc
113	10	Lc
113	11	L
113	12	L
113	13	-1
113	14	L
113	15	-1
113	16	-1
113	17	L
113	18	-1
113	19	-1
113	20	-1
113	21	Lp
113	22	Lp
113	23	-1
113	24	Lcp
113	25	-1
113	26	Lcp
113	27	Lcp
113	28	Uc
113	29	-1
113	30	Uc
113	31	-1
113	32	Uc
113	33	-1
113	34	-1
113	35	-1
113	36	-1
113	37	L
113	38	-1
113	39	-1
113	40	Lc
113	41	Lc
113	42	Lc
113	43	Lc
113	44	-1
113	45	-1
113	46	-1
113	47	Lc
113	48	Lc
113	49	-1
113	50	-1
113	51	L
113	52	L
113	53	Lc
113	54	L
113	55	L
113	56	L
113	57	L
113	58	L
113	59	-1
113	60	-1
113	61	L
113	62	L
113	63	-1
113	64	L
113	65	-1
113	66	L
113	67	L
113	68	-1
113	69	L
113	70	L
113	71	-1
113	72	-1
113	73	U
113	74	U
113	75	-1
113	76	U
113	77	U
113	78	L
113	79	-1
113	80	L
113	81	-1
113	82	-1
113	83	-1
113	84	L
113	85	L
113	86	L
113	87	-1
113	88	-1
113	89	-1
113	90	L
113	91	-1
113	92	L
113	93	-1
113	94	-1
113	95	U
113	96	-1
113	97	-1
113	98	L
113	99	-1
113	100	L
113	101	L
113	102	-1
113	103	L
113	104	L
113	105	-1
113	106	Lc
113	107	L
113	108	L
113	109	-1
113	110	-1
113	111	Lc
113	112	-1
113	113	L
113	114	L
113	115	Lc
113	116	-1
113	117	L
113	118	L
113	119	L
114	0	-1
114	1	-1
114	2	-1
114	3	L
114	4	-1
114	5	L
114	6	U
114	7	L
114	8	U
114	9	-1
114	10	L
114	11	L
114	12	-1
114	13	-1
114	14	-1
114	15	-1
114	16	L
114	17	L
114	18	L
114	19	-1
114	20	Lp
114	21	Lp
114	22	Lp
114	23	Lp
114	24	Lcp
114	25	-1
114	26	Lcp
114	27	-1
114	28	Lcp
114	29	-1
114	30	-1
114	31	Uc
114	32	-1
114	33	-1
114	34	Lcp
114	35	-1
114	36	-1
114	37	L
114	38	-1
114	39	-1
114	40	-1
114	41	L
114	42	-1
114	43	-1
114	44	-1
114	45	Lc
114	46	-1
114	47	-1
114	48	Lc
114	49	-1
114	50	-1
114	51	L
114	52	-1
114	53	L
114	54	-1
114	55	L
114	56	L
114	57	L
114	58	L
114	59	-1
114	60	L
114	61	L
114	62	-1
114	63	-1
114	64	L
114	65	-1
114	66	-1
114	67	L
114	68	-1
114	69	-1
114	70	L
114	71	L
114	72	L
114	73	L
114	74	L
114	75	-1
114	76	U
114	77	U
114	78	L
114	79	L
114	80	L
114	81	L
114	82	L
114	83	-1
114	84	-1
114	85	L
114	86	L
114	87	L
114	88	L
114	89	L
114	90	L
114	91	L
114	92	-1
114	93	L
114	94	L
114	95	-1
114	96	L
114	97	L
114	98	-1
114	99	L
114	100	-1
114	101	-1
114	102	-1
114	103	L
114	104	L
114	105	L
114	106	L
114	107	-1
114	108	-1
114	109	-1
114	110	Lc
114	111	Lc
114	112	U
114	113	L
114	114	-1
114	115	-1
114	116	-1
114	117	U
114	118	-1
114	119	-1
115	0	L
115	1	L
115	2	-1
115	3	-1
115	4	L
115	5	L
115	6	L
115	7	-1
115	8	-1
115	9	-1
115	10	L
115	11	L
115	12	Lp
115	13	-1
115	14	-1
115	15	-1
115	16	L
115	17	-1
115	18	-1
115	19	L
115	20	U
115	21	-1
115	22	-1
115	23	-1
115	24	-1
115	25	Uc
115	26	-1
115	27	Uc
115	28	Uc
115	29	Uc
115	30	Uc
115	31	-1
115	32	-1
115	33	-1
115	34	Lcp
115	35	Lcp
115	36	-1
115	37	-1
115	38	-1
115	39	-1
115	40	-1
115	41	-1
115	42	-1
115	43	-1
115	44	-1
115	45	Lc
115	46	-1
115	47	-1
115	48	Lc
115	49	-1
115	50	L
115	51	L
115	52	-1
115	53	L
115	54	L
115	55	-1
115	56	L
115	57	L
115	58	L
115	59	-1
115	60	-1
115	61	-1
115	62	L
115	63	L
115	64	-1
115	65	-1
115	66	L
115	67	-1
115	68	L
115	69	L
115	70	-1
115	71	L
115	72	L
115	73	L
115	74	L
115	75	L
115	76	-1
115	77	L
115	78	L
115	79	L
115	80	L
115	81	L
115	82	-1
115	83	-1
115	84	L
115	85	-1
115	86	L
115	87	L
115	88	-1
115	89	-1
115	90	-1
115	91	-1
115	92	L
115	93	L
115	94	U
115	95	L
115	96	L
115	97	L
115	98	L
115	99	-1
115	100	-1
115	101	-1
115	102	-1
115	103	L
115	104	L
115	105	-1
115	106	-1
115	107	-1
115	108	L
115	109	L
115	110	L
115	111	Lc
115	112	-1
115	113	-1
115	114	-1
115	115	-1
115	116	-1
115	117	Lc
115	118	U
115	119	-1
116	0	-1
116	1	L
116	2	-1
116	3	-1
116	4	L
116	5	-1
116	6	-1
116	7	-1
116	8	-1
116	9	U
116	10	L
116	11	L
116	12	L
116	13	Lp
116	14	Lp
116	15	L
116	16	-1
116	17	Lp
116	18	Lp
116	19	-1
116	20	Lp
116	21	U
116	22	Lp
116	23	-1
116	24	Lcp
116	25	Lcp
116	26	Uc
116	27	Lc
116	28	Lc
116	29	-1
116	30	-1
116	31	Uc
116	32	Uc
116	33	Lcp
116	34	-1
116	35	L
116	36	L
116	37	L
116	38	-1
116	39	L
116	40	-1
116	41	L
116	42	-1
116	43	-1
116	44	-1
116	45	-1
116	46	-1
116	47	-1
116	48	Lc
116	49	-1
116	50	L
116	51	L
116	52	-1
116	53	L
116	54	-1
116	55	L
116	56	L
116	57	L
116	58	-1
116	59	L
116	60	L
116	61	L
116	62	L
116	63	L
116	64	L
116	65	L
116	66	-1
116	67	L
116	68	L
116	69	-1
116	70	-1
116	71	L
116	72	L
116	73	L
116	74	L
116	75	L
116	76	L
116	77	L
116	78	-1
116	79	-1
116	80	-1
116	81	L
116	82	L
116	83	-1
116	84	-1
116	85	-1
116	86	-1
116	87	L
116	88	L
116	89	L
116	90	L
116	91	L
116	92	L
116	93	L
116	94	-1
116	95	L
116	96	L
116	97	-1
116	98	L
116	99	-1
116	100	-1
116	101	-1
116	102	-1
116	103	-1
116	104	L
116	105	-1
116	106	L
116	107	L
116	108	L
116	109	L
116	110	-1
116	111	Lc
116	112	-1
116	113	U
116	114	-1
116	115	-1
116	116	U
116	117	-1
116	118	U
116	119	U
117	0	Lc
117	1	-1
117	2	-1
117	3	-1
117	4	L
117	5	L
117	6	L
117	7	-1
117	8	-1
117	9	L
117	10	-1
117	11	L
117	12	-1
117	13	Lp
117	14	-1
117	15	-1
117	16	Lp
117	17	L
117	18	-1
117	19	-1
117	20	-1
117	21	-1
117	22	-1
117	23	Lp
117	24	Lcp
117	25	Lcp
117	26	-1
117	27	Lc
117	28	Uc
117	29	Uc
117	30	-1
117	31	-1
117	32	Lcp
117	33	Lcp
117	34	Lcp
117	35	-1
117	36	L
117	37	L
117	38	L
117	39	-1
117	40	L
117	41	-1
117	42	L
117	43	-1
117	44	L
117	45	-1
117	46	L
117	47	L
117	48	-1
117	49	L
117	50	L
117	51	L
117	52	-1
117	53	-1
117	54	-1
117	55	-1
117	56	L
117	57	-1
117	58	-1
117	59	L
117	60	L
117	61	-1
117	62	-1
117	63	-1
117	64	-1
117	65	L
117	66	-1
117	67	-1
117	68	-1
117	69	L
117	70	-1
117	71	-1
117	72	L
117	73	L
117	74	L
117	75	-1
117	76	-1
117	77	L
117	78	-1
117	79	L
117	80	L
117	81	-1
117	82	L
117	83	L
117	84	L
117	85	L
117	86	L
117	87	L
117	88	L
117	89	L
117	90	L
117	91	L
117	92	L
117	93	L
117	94	L
117	95	L
117	96	-1
117	97	L
117	98	-1
117	99	-1
117	100	-1
117	101	-1
117	102	-1
117	103	L
117	104	L
117	105	L
117	106	L
117	107	-1
117	108	L
117	109	-1
117	110	-1
117	111	L
117	112	L
117	113	-1
117	114	Uc
117	115	U
117	116	U
117	117	U
117	118	Lc
117	119	-1
118	0	Lc
118	1	-1
118	2	-1
118	3	-1
118	4	-1
118	5	L
118	6	-1
118	7	-1
118	8	-1
118	9	U
118	10	L
118	11	L
118	12	L
118	13	-1
118	14	L
118	15	L
118	16	-1
118	17	-1
118	18	Lp
118	19	-1
118	20	Lcp
118	21	Lcp
118	22	Lp
118	23	-1
118	24	Lcp
118	25	-1
118	26	-1
118	27	L
118	28	-1
118	29	-1
118	30	Lcp
118	31	Lcp
118	32	-1
118	33	Uc
118	34	Lc
118	35	L
118	36	L
118	37	L
118	38	-1
118	39	L
118	40	L
118	41	L
118	42	L
118	43	L
118	44	-1
118	45	L
118	46	-1
118	47	L
118	48	-1
118	49	L
118	50	-1
118	51	L
118	52	L
118	53	-1
118	54	-1
118	55	L
118	56	-1
118	57	L
118	58	L
118	59	-1
118	60	L
118	61	L
118	62	L
118	63	-1
118	64	L
118	65	-1
118	66	-1
118	67	L
118	68	L
118	69	L
118	70	L
118	71	L
118	72	L
118	73	L
118	74	L
118	75	-1
118	76	-1
118	77	-1
118	78	-1
118	79	L
118	80	-1
118	81	-1
118	82	L
118	83	L
118	84	-1
118	85	-1
118	86	L
118	87	L
118	88	L
118	89	-1
118	90	-1
118	91	-1
118	92	-1
118	93	-1
118	94	-1
118	95	L
118	96	L
118	97	L
118	98	L
118	99	-1
118	100	L
118	101	L
118	102	-1
118	103	-1
118	104	L
118	105	-1
118	106	-1
118	107	L
118	108	L
118	109	L
118	110	L
118	111	-1
118	112	-1
118	113	L
118	114	-1
118	115	U
118	116	U
118	117	Lc
118	118	-1
118	119	-1
119	0	Lc
119	1	-1
119	2	Lc
119	3	-1
119	4	L
119	5	L
119	6	-1
119	7	L
119	8	L
119	9	L
119	10	L
119	11	-1
119	12	-1
119	13	L
119	14	L
119	15	L
119	16	Lp
119	17	-1
119	18	Lp
119	19	Lp
119	20	Lcp
119	21	Lcp
119	22	Lc
119	23	Lcp
119	24	-1
119	25	Lc
119	26	-1
119	27	-1
119	28	L
119	29	L
119	30	Lcp
119	31	-1
119	32	-1
119	33	Lcp
119	34	-1
119	35	Lc
119	36	Uc
119	37	-1
119	38	-1
119	39	L
119	40	L
119	41	-1
119	42	L
119	43	-1
119	44	L
119	45	L
119	46	-1
119	47	-1
119	48	-1
119	49	Lc
119	50	L
119	51	-1
119	52	L
119	53	-1
119	54	L
119	55	L
119	56	-1
119	57	-1
119	58	-1
119	59	-1
119	60	L
119	61	L
119	62	-1
119	63	-1
119	64	L
119	65	-1
119	66	-1
119	67	L
119	68	L
119	69	L
119	70	-1
119	71	-1
119	72	L
119	73	L
119	74	L
119	75	L
119	76	L
119	77	L
119	78	L
119	79	L
119	80	L
119	81	-1
119	82	-1
119	83	L
119	84	L
119	85	L
119	86	L
119	87	L
119	88	L
119	89	-1
119	90	-1
119	91	-1
119	92	-1
119	93	L
119	94	-1
119	95	L
119	96	-1
119	97	-1
119	98	-1
119	99	L
119	100	L
119	101	L
119	102	L
119	103	L
119	104	L
119	105	-1
119	106	L
119	107	L
119	108	L
119	109	L
119	110	-1
119	111	-1
119	112	L
119	113	-1
119	114	Uc
119	115	-1
119	116	Lc
119	117	Lc
119	118	Lc
119	119	Lc
