0	0	-1
0	1	L
0	2	-1
0	3	L
0	4	L
0	5	Lp
0	6	U
0	7	L
0	8	L
0	9	L
0	10	Lp
0	11	-1
0	12	-1
0	13	L
0	14	-1
0	15	L
0	16	L
0	17	L
0	18	L
0	19	-1
0	20	L
0	21	L
0	22	L
0	23	L
0	24	L
0	25	L
0	26	L
0	27	L
0	28	-1
0	29	L
0	30	L
0	31	L
0	32	-1
0	33	L
0	34	L
0	35	-1
0	36	-1
0	37	-1
0	38	L
0	39	L
0	40	-1
0	41	-1
0	42	-1
0	43	-1
0	44	Lp
0	45	Lp
0	46	Lp
0	47	-1
0	48	-1
0	49	Lp
0	50	U
0	51	Lp
0	52	Lp
0	53	-1
0	54	Lp
0	55	Lp
0	56	Lp
0	57	-1
0	58	-1
0	59	Lp
0	60	-1
0	61	-1
0	62	Lp
0	63	L
0	64	U
0	65	-1
0	66	L
0	67	L
0	68	L
0	69	L
0	70	L
0	71	-1
0	72	-1
0	73	-1
0	74	-1
0	75	Lp
0	76	-1
0	77	-1
0	78	L
0	79	L
0	80	L
0	81	-1
0	82	-1
0	83	L
0	84	L
0	85	L
0	86	L
0	87	L
0	88	L
0	89	L
0	90	-1
0	91	L
0	92	L
0	93	L
0	94	-1
0	95	L
0	96	L
0	97	-1
0	98	-1
0	99	-1
0	100	-1
0	101	L
0	102	L
0	103	L
0	104	L
0	105	L
0	106	L
0	107	L
0	108	L
0	109	L
0	110	L
0	111	L
0	112	L
0	113	L
0	114	L
0	115	L
0	116	L
0	117	L
0	118	L
0	119	-1
1	0	L
1	1	-1
1	2	-1
1	3	-1
1	4	L
1	5	-1
1	6	-1
1	7	L
1	8	L
1	9	L
1	10	Lp
1	11	-1
1	12	L
1	13	-1
1	14	L
1	15	L
1	16	-1
1	17	L
1	18	-1
1	19	-1
1	20	L
1	21	L
1	22	L
1	23	-1
1	24	-1
1	25	L
1	26	L
1	27	-1
1	28	-1
1	29	-1
1	30	L
1	31	-1
1	32	-1
1	33	Lp
1	34	L
1	35	-1
1	36	L
1	37	-1
1	38	-1
1	39	Lp
1	40	L
1	41	L
1	42	-1
1	43	Lp
1	44	Lp
1	45	Lp
1	46	Lp
1	47	Lp
1	48	Lp
1	49	Lp
1	50	-1
1	51	U
1	52	Lp
1	53	Lp
1	54	Lp
1	55	-1
1	56	Lp
1	57	Lp
1	58	-1
1	59	Lp
1	60	-1
1	61	-1
1	62	Lp
1	63	Lp
1	64	L
1	65	U
1	66	U
1	67	U
1	68	-1
1	69	-1
1	70	-1
1	71	L
1	72	U
1	73	Lp
1	74	L
1	75	-1
1	76	Lp
1	77	Lp
1	78	L
1	79	L
1	80	L
1	81	L
1	82	L
1	83	-1
1	84	L
1	85	L
1	86	L
1	87	-1
1	88	L
1	89	L
1	90	-1
1	91	L
1	92	-1
1	93	L
1	94	-1
1	95	L
1	96	-1
1	97	L
1	98	L
1	99	L
1	100	-1
1	101	L
1	102	L
1	103	L
1	104	L
1	105	L
1	106	L
1	107	L
1	108	L
1	109	L
1	110	L
1	111	L
1	112	L
1	113	L
1	114	L
1	115	-1
1	116	-1
1	117	-1
1	118	-1
1	119	-1
2	0	-1
2	1	-1
2	2	-1
2	3	-1
2	4	-1
2	5	L
2	6	L
2	7	L
2	8	L
2	9	L
2	10	L
2	11	-1
2	12	-1
2	13	-1
2	14	L
2	15	L
2	16	-1
2	17	L
2	18	-1
2	19	-1
2	20	L
2	21	L
2	22	L
2	23	L
2	24	-1
2	25	L
2	26	-1
2	27	-1
2	28	L
2	29	L
2	30	-1
2	31	-1
2	32	Lp
2	33	-1
2	34	Lp
2	35	L
2	36	-1
2	37	L
2	38	U
2	39	Lp
2	40	Lp
2	41	L
2	42	-1
2	43	-1
2	44	Lp
2	45	-1
2	46	-1
2	47	Lp
2	48	Lp
2	49	-1
2	50	U
2	51	Lp
2	52	Lp
2	53	Lp
2	54	-1
2	55	-1
2	56	-1
2	57	Lp
2	58	-1
2	59	Lp
2	60	-1
2	61	-1
2	62	Lp
2	63	Lp
2	64	L
2	65	L
2	66	U
2	67	U
2	68	U
2	69	-1
2	70	-1
2	71	L
2	72	L
2	73	Lp
2	74	L
2	75	L
2	76	-1
2	77	U
2	78	L
2	79	L
2	80	-1
2	81	L
2	82	-1
2	83	-1
2	84	-1
2	85	L
2	86	L
2	87	-1
2	88	L
2	89	L
2	90	L
2	91	-1
2	92	-1
2	93	-1
2	94	-1
2	95	-1
2	96	-1
2	97	L
2	98	L
2	99	L
2	100	L
2	101	L
2	102	L
2	103	L
2	104	L
2	105	L
2	106	L
2	107	L
2	108	L
2	109	L
2	110	L
2	111	L
2	112	L
2	113	L
2	114	L
2	115	-1
2	116	-1
2	117	-1
2	118	-1
2	119	-1
3	0	L
3	1	Lp
3	2	Lp
3	3	-1
3	4	-1
3	5	L
3	6	L
3	7	-1
3	8	L
3	9	L
3	10	L
3	11	L
3	12	L
3	13	-1
3	14	L
3	15	-1
3	16	-1
3	17	-1
3	18	L
3	19	L
3	20	U
3	21	L
3	22	U
3	23	L
3	24	-1
3	25	L
3	26	L
3	27	-1
3	28	-1
3	29	L
3	30	-1
3	31	Lp
3	32	L
3	33	L
3	34	-1
3	35	-1
3	36	L
3	37	L
3	38	L
3	39	L
3	40	Lp
3	41	-1
3	42	-1
3	43	-1
3	44	-1
3	45	-1
3	46	Lp
3	47	Lp
3	48	Lp
3	49	Lp
3	50	-1
3	51	Lp
3	52	Lp
3	53	Lp
3	54	Lp
3	55	-1
3	56	Lp
3	57	-1
3	58	Lp
3	59	-1
3	60	Lp
3	61	Lp
3	62	Lp
3	63	-1
3	64	-1
3	65	L
3	66	Lp
3	67	U
3	68	Lp
3	69	-1
3	70	-1
3	71	-1
3	72	-1
3	73	U
3	74	-1
3	75	U
3	76	-1
3	77	Lp
3	78	Lp
3	79	Lp
3	80	L
3	81	-1
3	82	-1
3	83	L
3	84	-1
3	85	L
3	86	L
3	87	-1
3	88	-1
3	89	-1
3	90	-1
3	91	-1
3	92	L
3	93	L
3	94	-1
3	95	L
3	96	L
3	97	L
3	98	L
3	99	L
3	100	-1
3	101	-1
3	102	L
3	103	L
3	104	L
3	105	-1
3	106	L
3	107	L
3	108	L
3	109	-1
3	110	-1
3	111	L
3	112	-1
3	113	L
3	114	L
3	115	-1
3	116	-1
3	117	-1
3	118	Lp
3	119	Lp
4	0	Lp
4	1	Lp
4	2	Lp
4	3	-1
4	4	-1
4	5	L
4	6	L
4	7	U
4	8	L
4	9	L
4	10	-1
4	11	L
4	12	L
4	13	L
4	14	L
4	15	L
4	16	-1
4	17	L
4	18	L
4	19	L
4	20	L
4	21	U
4	22	L
4	23	L
4	24	L
4	25	L
4	26	L
4	27	-1
4	28	-1
4	29	L
4	30	-1
4	31	Lp
4	32	Lp
4	33	-1
4	34	L
4	35	-1
4	36	L
4	37	-1
4	38	L
4	39	-1
4	40	L
4	41	-1
4	42	L
4	43	Lp
4	44	-1
4	45	Lp
4	46	Lp
4	47	-1
4	48	Lp
4	49	Lp
4	50	Lp
4	51	Lp
4	52	-1
4	53	Lp
4	54	Lp
4	55	Lp
4	56	-1
4	57	Lp
4	58	Lp
4	59	Lp
4	60	-1
4	61	Lp
4	62	L
4	63	-1
4	64	-1
4	65	L
4	66	L
4	67	Lp
4	68	-1
4	69	Lp
4	70	-1
4	71	-1
4	72	-1
4	73	-1
4	74	U
4	75	-1
4	76	-1
4	77	-1
4	78	-1
4	79	U
4	80	Lp
4	81	L
4	82	L
4	83	-1
4	84	L
4	85	L
4	86	L
4	87	L
4	88	-1
4	89	L
4	90	L
4	91	-1
4	92	L
4	93	L
4	94	L
4	95	-1
4	96	L
4	97	-1
4	98	-1
4	99	-1
4	100	L
4	101	L
4	102	L
4	103	L
4	104	-1
4	105	L
4	106	-1
4	107	L
4	108	L
4	109	L
4	110	L
4	111	-1
4	112	L
4	113	L
4	114	-1
4	115	-1
4	116	Lp
4	117	Lp
4	118	Lp
4	119	-1
5	0	Lp
5	1	Lp
5	2	Lp
5	3	Lp
5	4	Lp
5	5	L
5	6	-1
5	7	U
5	8	U
5	9	L
5	10	-1
5	11	L
5	12	L
5	13	L
5	14	-1
5	15	L
5	16	L
5	17	L
5	18	L
5	19	L
5	20	L
5	21	L
5	22	L
5	23	L
5	24	L
5	25	L
5	26	L
5	27	L
5	28	Lp
5	29	-1
5	30	Lp
5	31	Lp
5	32	-1
5	33	-1
5	34	-1
5	35	-1
5	36	L
5	37	-1
5	38	L
5	39	-1
5	40	L
5	41	L
5	42	L
5	43	-1
5	44	Lp
5	45	L
5	46	-1
5	47	-1
5	48	Lp
5	49	-1
5	50	Lp
5	51	Lp
5	52	-1
5	53	Lp
5	54	-1
5	55	-1
5	56	Lp
5	57	Lp
5	58	Lp
5	59	Lp
5	60	Lp
5	61	L
5	62	Lp
5	63	Lp
5	64	Lp
5	65	L
5	66	L
5	67	-1
5	68	-1
5	69	Lp
5	70	-1
5	71	Lp
5	72	-1
5	73	-1
5	74	Lp
5	75	U
5	76	U
5	77	U
5	78	U
5	79	-1
5	80	L
5	81	-1
5	82	Lp
5	83	-1
5	84	-1
5	85	-1
5	86	U
5	87	-1
5	88	-1
5	89	-1
5	90	L
5	91	L
5	92	L
5	93	L
5	94	-1
5	95	L
5	96	-1
5	97	-1
5	98	-1
5	99	L
5	100	L
5	101	-1
5	102	L
5	103	L
5	104	L
5	105	L
5	106	L
5	107	L
5	108	L
5	109	-1
5	110	L
5	111	L
5	112	L
5	113	-1
5	114	L
5	115	-1
5	116	L
5	117	Lp
5	118	-1
5	119	-1
6	0	L
6	1	Lp
6	2	-1
6	3	Lp
6	4	Lp
6	5	-1
6	6	L
6	7	L
6	8	L
6	9	-1
6	10	L
6	11	L
6	12	L
6	13	L
6	14	L
6	15	L
6	16	-1
6	17	-1
6	18	-1
6	19	-1
6	20	L
6	21	U
6	22	L
6	23	L
6	24	L
6	25	L
6	26	-1
6	27	Lp
6	28	-1
6	29	L
6	30	-1
6	31	L
6	32	L
6	33	-1
6	34	-1
6	35	L
6	36	L
6	37	-1
6	38	L
6	39	Lp
6	40	L
6	41	-1
6	42	L
6	43	Lp
6	44	-1
6	45	L
6	46	Lp
6	47	-1
6	48	Lp
6	49	Lp
6	50	Lp
6	51	Lp
6	52	-1
6	53	-1
6	54	Lp
6	55	Lp
6	56	Lp
6	57	Lp
6	58	Lp
6	59	-1
6	60	-1
6	61	Lp
6	62	L
6	63	Lp
6	64	-1
6	65	Lp
6	66	-1
6	67	-1
6	68	Lp
6	69	-1
6	70	U
6	71	U
6	72	Lp
6	73	Lp
6	74	Lp
6	75	Lp
6	76	U
6	77	U
6	78	U
6	79	U
6	80	U
6	81	-1
6	82	L
6	83	-1
6	84	U
6	85	-1
6	86	U
6	87	U
6	88	-1
6	89	L
6	90	L
6	91	-1
6	92	L
6	93	L
6	94	-1
6	95	L
6	96	L
6	97	L
6	98	L
6	99	L
6	100	L
6	101	L
6	102	L
6	103	L
6	104	-1
6	105	-1
6	106	-1
6	107	L
6	108	-1
6	109	L
6	110	-1
6	111	Lp
6	112	L
6	113	-1
6	114	-1
6	115	Lp
6	116	-1
6	117	-1
6	118	Lp
6	119	Lp
7	0	Lp
7	1	L
7	2	L
7	3	Lp
7	4	L
7	5	L
7	6	L
7	7	L
7	8	-1
7	9	L
7	10	U
7	11	L
7	12	L
7	13	L
7	14	L
7	15	-1
7	16	-1
7	17	L
7	18	-1
7	19	U
7	20	U
7	21	L
7	22	L
7	23	L
7	24	-1
7	25	L
7	26	Lp
7	27	U
7	28	Lp
7	29	-1
7	30	L
7	31	L
7	32	L
7	33	L
7	34	-1
7	35	-1
7	36	-1
7	37	-1
7	38	-1
7	39	-1
7	40	L
7	41	-1
7	42	Lp
7	43	Lp
7	44	L
7	45	-1
7	46	Lp
7	47	-1
7	48	Lp
7	49	-1
7	50	-1
7	51	-1
7	52	Lp
7	53	-1
7	54	Lp
7	55	Lp
7	56	Lp
7	57	Lp
7	58	Lp
7	59	Lp
7	60	Lp
7	61	Lp
7	62	Lp
7	63	-1
7	64	L
7	65	-1
7	66	L
7	67	-1
7	68	-1
7	69	U
7	70	Lp
7	71	-1
7	72	Lp
7	73	-1
7	74	Lp
7	75	U
7	76	-1
7	77	U
7	78	-1
7	79	L
7	80	U
7	81	U
7	82	Lp
7	83	Lp
7	84	U
7	85	U
7	86	-1
7	87	U
7	88	-1
7	89	L
7	90	-1
7	91	L
7	92	-1
7	93	L
7	94	L
7	95	L
7	96	L
7	97	L
7	98	L
7	99	-1
7	100	L
7	101	-1
7	102	-1
7	103	U
7	104	-1
7	105	L
7	106	L
7	107	-1
7	108	L
7	109	-1
7	110	-1
7	111	-1
7	112	Lp
7	113	-1
7	114	L
7	115	-1
7	116	-1
7	117	L
7	118	-1
7	119	L
8	0	L
8	1	-1
8	2	-1
8	3	-1
8	4	-1
8	5	L
8	6	L
8	7	L
8	8	U
8	9	U
8	10	U
8	11	L
8	12	L
8	13	L
8	14	-1
8	15	-1
8	16	-1
8	17	-1
8	18	-1
8	19	-1
8	20	-1
8	21	U
8	22	L
8	23	L
8	24	L
8	25	L
8	26	Lp
8	27	-1
8	28	Lp
8	29	-1
8	30	-1
8	31	L
8	32	L
8	33	-1
8	34	L
8	35	L
8	36	L
8	37	-1
8	38	-1
8	39	L
8	40	-1
8	41	Lp
8	42	Lp
8	43	Lp
8	44	-1
8	45	-1
8	46	-1
8	47	L
8	48	Lp
8	49	-1
8	50	Lp
8	51	-1
8	52	-1
8	53	-1
8	54	Lp
8	55	Lp
8	56	Lp
8	57	-1
8	58	-1
8	59	Lp
8	60	Lp
8	61	-1
8	62	Lp
8	63	-1
8	64	-1
8	65	-1
8	66	L
8	67	-1
8	68	Lp
8	69	-1
8	70	Lp
8	71	-1
8	72	-1
8	73	Lp
8	74	U
8	75	U
8	76	U
8	77	U
8	78	U
8	79	L
8	80	L
8	81	L
8	82	Lp
8	83	Lp
8	84	U
8	85	U
8	86	U
8	87	Lp
8	88	Lp
8	89	L
8	90	-1
8	91	-1
8	92	L
8	93	-1
8	94	L
8	95	-1
8	96	L
8	97	L
8	98	L
8	99	L
8	100	L
8	101	-1
8	102	L
8	103	-1
8	104	L
8	105	L
8	106	L
8	107	L
8	108	L
8	109	Lp
8	110	-1
8	111	L
8	112	Lp
8	113	L
8	114	L
8	115	L
8	116	L
8	117	Lp
8	118	Lp
8	119	L
9	0	L
9	1	L
9	2	L
9	3	-1
9	4	-1
9	5	-1
9	6	U
9	7	U
9	8	U
9	9	Lp
9	10	U
9	11	-1
9	12	L
9	13	L
9	14	-1
9	15	-1
9	16	-1
9	17	-1
9	18	-1
9	19	L
9	20	-1
9	21	U
9	22	L
9	23	L
9	24	L
9	25	-1
9	26	-1
9	27	L
9	28	-1
9	29	U
9	30	-1
9	31	Lp
9	32	L
9	33	L
9	34	Lp
9	35	L
9	36	L
9	37	L
9	38	L
9	39	-1
9	40	-1
9	41	-1
9	42	Lp
9	43	Lp
9	44	-1
9	45	-1
9	46	Lp
9	47	-1
9	48	-1
9	49	-1
9	50	Lp
9	51	-1
9	52	Lp
9	53	-1
9	54	-1
9	55	Lp
9	56	Lp
9	57	Lp
9	58	Lp
9	59	Lp
9	60	-1
9	61	-1
9	62	-1
9	63	Lp
9	64	Lp
9	65	Lp
9	66	Lp
9	67	Lp
9	68	Lp
9	69	Lp
9	70	Lp
9	71	U
9	72	U
9	73	Lp
9	74	U
9	75	U
9	76	Lp
9	77	U
9	78	-1
9	79	U
9	80	L
9	81	L
9	82	Lp
9	83	L
9	84	U
9	85	U
9	86	Lp
9	87	-1
9	88	Lp
9	89	-1
9	90	L
9	91	-1
9	92	L
9	93	L
9	94	L
9	95	L
9	96	L
9	97	L
9	98	-1
9	99	L
9	100	-1
9	101	-1
9	102	-1
9	103	-1
9	104	L
9	105	L
9	106	L
9	107	-1
9	108	U
9	109	U
9	110	Lp
9	111	L
9	112	Lp
9	113	Lp
9	114	Lp
9	115	-1
9	116	L
9	117	-1
9	118	Lp
9	119	L
10	0	-1
10	1	L
10	2	L
10	3	L
10	4	-1
10	5	-1
10	6	U
10	7	U
10	8	-1
10	9	Lp
10	10	L
10	11	-1
10	12	L
10	13	L
10	14	-1
10	15	-1
10	16	Lp
10	17	L
10	18	L
10	19	-1
10	20	U
10	21	U
10	22	-1
10	23	-1
10	24	L
10	25	L
10	26	L
10	27	L
10	28	L
10	29	U
10	30	L
10	31	Lp
10	32	-1
10	33	Lp
10	34	-1
10	35	L
10	36	L
10	37	L
10	38	L
10	39	L
10	40	Lp
10	41	-1
10	42	-1
10	43	-1
10	44	-1
10	45	Lp
10	46	Lp
10	47	Lp
10	48	Lp
10	49	Lp
10	50	Lp
10	51	Lp
10	52	Lp
10	53	-1
10	54	-1
10	55	Lp
10	56	-1
10	57	-1
10	58	Lp
10	59	Lp
10	60	-1
10	61	Lp
10	62	Lp
10	63	-1
10	64	-1
10	65	Lp
10	66	-1
10	67	U
10	68	-1
10	69	-1
10	70	U
10	71	Lp
10	72	Lp
10	73	-1
10	74	U
10	75	-1
10	76	Lp
10	77	Lp
10	78	U
10	79	Lp
10	80	L
10	81	L
10	82	L
10	83	L
10	84	L
10	85	Lp
10	86	L
10	87	L
10	88	U
10	89	L
10	90	L
10	91	L
10	92	-1
10	93	L
10	94	-1
10	95	L
10	96	L
10	97	-1
10	98	L
10	99	-1
10	100	L
10	101	L
10	102	-1
10	103	L
10	104	L
10	105	-1
10	106	-1
10	107	-1
10	108	-1
10	109	U
10	110	Lp
10	111	Lp
10	112	Lp
10	113	-1
10	114	-1
10	115	L
10	116	L
10	117	L
10	118	L
10	119	-1
11	0	-1
11	1	L
11	2	L
11	3	L
11	4	-1
11	5	-1
11	6	L
11	7	L
11	8	U
11	9	L
11	10	U
11	11	L
11	12	L
11	13	-1
11	14	L
11	15	-1
11	16	L
11	17	L
11	18	L
11	19	Lp
11	20	-1
11	21	L
11	22	L
11	23	L
11	24	-1
11	25	-1
11	26	-1
11	27	-1
11	28	L
11	29	L
11	30	Lp
11	31	-1
11	32	Lp
11	33	Lp
11	34	-1
11	35	Lp
11	36	L
11	37	L
11	38	L
11	39	Lp
11	40	Lp
11	41	-1
11	42	Lp
11	43	U
11	44	Lp
11	45	-1
11	46	Lp
11	47	-1
11	48	-1
11	49	-1
11	50	-1
11	51	Lp
11	52	Lp
11	53	-1
11	54	-1
11	55	Lp
11	56	Lp
11	57	Lp
11	58	Lp
11	59	-1
11	60	-1
11	61	Lp
11	62	-1
11	63	-1
11	64	Lp
11	65	-1
11	66	-1
11	67	Lp
11	68	U
11	69	U
11	70	Lp
11	71	Lp
11	72	Lp
11	73	Lp
11	74	Lp
11	75	Lp
11	76	Lp
11	77	-1
11	78	Lp
11	79	Lp
11	80	Lp
11	81	L
11	82	-1
11	83	L
11	84	-1
11	85	U
11	86	-1
11	87	L
11	88	Lp
11	89	-1
11	90	-1
11	91	L
11	92	L
11	93	L
11	94	-1
11	95	-1
11	96	L
11	97	-1
11	98	L
11	99	-1
11	100	U
11	101	L
11	102	L
11	103	L
11	104	L
11	105	-1
11	106	L
11	107	-1
11	108	L
11	109	-1
11	110	Lp
11	111	Lp
11	112	Lp
11	113	Lp
11	114	L
11	115	Lp
11	116	-1
11	117	L
11	118	L
11	119	L
12	0	L
12	1	L
12	2	-1
12	3	-1
12	4	-1
12	5	-1
12	6	L
12	7	L
12	8	L
12	9	L
12	10	L
12	11	L
12	12	L
12	13	L
12	14	-1
12	15	L
12	16	L
12	17	Lp
12	18	-1
12	19	-1
12	20	-1
12	21	-1
12	22	L
12	23	-1
12	24	-1
12	25	-1
12	26	L
12	27	-1
12	28	L
12	29	-1
12	30	Lp
12	31	Lp
12	32	Lp
12	33	Lp
12	34	Lp
12	35	-1
12	36	L
12	37	L
12	38	L
12	39	L
12	40	-1
12	41	Lp
12	42	Lp
12	43	Lp
12	44	-1
12	45	Lp
12	46	Lp
12	47	Lp
12	48	-1
12	49	-1
12	50	L
12	51	L
12	52	Lp
12	53	-1
12	54	Lp
12	55	Lp
12	56	Lp
12	57	Lp
12	58	-1
12	59	Lp
12	60	Lp
12	61	-1
12	62	Lp
12	63	-1
12	64	Lp
12	65	Lp
12	66	Lp
12	67	Lp
12	68	Lp
12	69	-1
12	70	Lp
12	71	-1
12	72	Lp
12	73	Lp
12	74	Lp
12	75	Lp
12	76	Lp
12	77	Lp
12	78	Lp
12	79	Lp
12	80	Lp
12	81	L
12	82	-1
12	83	Lp
12	84	-1
12	85	U
12	86	U
12	87	U
12	88	L
12	89	L
12	90	L
12	91	-1
12	92	-1
12	93	L
12	94	L
12	95	-1
12	96	L
12	97	L
12	98	-1
12	99	-1
12	100	L
12	101	L
12	102	L
12	103	L
12	104	-1
12	105	Lp
12	106	-1
12	107	Lp
12	108	Lp
12	109	Lp
12	110	Lp
12	111	Lp
12	112	Lp
12	113	L
12	114	L
12	115	-1
12	116	Lp
12	117	Lp
12	118	L
12	119	L
13	0	-1
13	1	-1
13	2	L
13	3	L
13	4	L
13	5	-1
13	6	-1
13	7	-1
13	8	L
13	9	L
13	10	-1
13	11	L
13	12	L
13	13	L
13	14	L
13	15	-1
13	16	L
13	17	Lp
13	18	-1
13	19	Lp
13	20	-1
13	21	Lp
13	22	L
13	23	-1
13	24	Lp
13	25	L
13	26	L
13	27	L
13	28	L
13	29	L
13	30	Lp
13	31	L
13	32	Lp
13	33	Lp
13	34	Lp
13	35	-1
13	36	L
13	37	Lp
13	38	Lp
13	39	-1
13	40	-1
13	41	Lp
13	42	Lp
13	43	Lp
13	44	Lp
13	45	Lp
13	46	Lp
13	47	Lp
13	48	-1
13	49	Lp
13	50	Lp
13	51	Lp
13	52	-1
13	53	-1
13	54	-1
13	55	Lp
13	56	Lp
13	57	Lp
13	58	Lp
13	59	-1
13	60	Lp
13	61	Lp
13	62	Lp
13	63	-1
13	64	Lp
13	65	Lp
13	66	Lp
13	67	Lp
13	68	-1
13	69	-1
13	70	Lp
13	71	Lp
13	72	Lp
13	73	-1
13	74	Lp
13	75	Lp
13	76	Lp
13	77	Lp
13	78	Lp
13	79	Lp
13	80	Lp
13	81	-1
13	82	Lp
13	83	-1
13	84	-1
13	85	-1
13	86	U
13	87	L
13	88	-1
13	89	-1
13	90	-1
13	91	-1
13	92	-1
13	93	-1
13	94	-1
13	95	L
13	96	-1
13	97	L
13	98	-1
13	99	L
13	100	-1
13	101	L
13	102	L
13	103	-1
13	104	L
13	105	L
13	106	-1
13	107	Lp
13	108	L
13	109	L
13	110	-1
13	111	Lp
13	112	-1
13	113	Lp
13	114	-1
13	115	-1
13	116	-1
13	117	Lp
13	118	-1
13	119	-1
14	0	-1
14	1	L
14	2	L
14	3	L
14	4	L
14	5	L
14	6	L
14	7	L
14	8	L
14	9	-1
14	10	L
14	11	L
14	12	L
14	13	-1
14	14	L
14	15	L
14	16	Lp
14	17	L
14	18	Lp
14	19	Lp
14	20	Lp
14	21	-1
14	22	Lp
14	23	-1
14	24	-1
14	25	-1
14	26	L
14	27	L
14	28	L
14	29	-1
14	30	-1
14	31	-1
14	32	-1
14	33	Lp
14	34	-1
14	35	-1
14	36	L
14	37	Lp
14	38	-1
14	39	-1
14	40	-1
14	41	Lp
14	42	-1
14	43	Lp
14	44	Lp
14	45	Lp
14	46	-1
14	47	Lp
14	48	L
14	49	L
14	50	L
14	51	Lp
14	52	-1
14	53	-1
14	54	Lp
14	55	-1
14	56	Lp
14	57	Lp
14	58	Lp
14	59	-1
14	60	-1
14	61	Lp
14	62	-1
14	63	U
14	64	-1
14	65	Lp
14	66	Lp
14	67	-1
14	68	Lp
14	69	Lp
14	70	Lp
14	71	Lp
14	72	Lp
14	73	Lp
14	74	Lp
14	75	Lp
14	76	-1
14	77	Lp
14	78	Lp
14	79	Lp
14	80	-1
14	81	Lp
14	82	L
14	83	Lp
14	84	-1
14	85	L
14	86	U
14	87	L
14	88	-1
14	89	-1
14	90	-1
14	91	Lp
14	92	L
14	93	L
14	94	L
14	95	U
14	96	-1
14	97	L
14	98	-1
14	99	L
14	100	L
14	101	L
14	102	L
14	103	-1
14	104	Lp
14	105	Lp
14	106	Lp
14	107	-1
14	108	L
14	109	L
14	110	-1
14	111	Lp
14	112	-1
14	113	-1
14	114	Lp
14	115	-1
14	116	Lp
14	117	Lp
14	118	Lp
14	119	-1
15	0	-1
15	1	L
15	2	-1
15	3	-1
15	4	L
15	5	-1
15	6	L
15	7	L
15	8	-1
15	9	L
15	10	Lp
15	11	Lp
15	12	L
15	13	L
15	14	L
15	15	-1
15	16	-1
15	17	Lp
15	18	-1
15	19	-1
15	20	-1
15	21	Lp
15	22	L
15	23	-1
15	24	L
15	25	-1
15	26	U
15	27	L
15	28	-1
15	29	-1
15	30	L
15	31	L
15	32	Lp
15	33	Lp
15	34	-1
15	35	Lp
15	36	-1
15	37	L
15	38	Lp
15	39	Lp
15	40	L
15	41	L
15	42	Lp
15	43	Lp
15	44	Lp
15	45	Lp
15	46	-1
15	47	-1
15	48	Lp
15	49	-1
15	50	Lp
15	51	Lp
15	52	-1
15	53	-1
15	54	Lp
15	55	-1
15	56	Lp
15	57	Lp
15	58	Lp
15	59	Lp
15	60	Lp
15	61	Lp
15	62	U
15	63	U
15	64	U
15	65	Lp
15	66	Lp
15	67	-1
15	68	Lp
15	69	Lp
15	70	-1
15	71	Lp
15	72	Lp
15	73	Lp
15	74	-1
15	75	Lp
15	76	Lp
15	77	-1
15	78	-1
15	79	-1
15	80	-1
15	81	Lp
15	82	Lp
15	83	Lp
15	84	Lp
15	85	L
15	86	-1
15	87	-1
15	88	Lp
15	89	-1
15	90	-1
15	91	L
15	92	L
15	93	L
15	94	-1
15	95	U
15	96	L
15	97	-1
15	98	-1
15	99	-1
15	100	-1
15	101	-1
15	102	L
15	103	-1
15	104	-1
15	105	Lp
15	106	-1
15	107	L
15	108	L
15	109	L
15	110	-1
15	111	-1
15	112	-1
15	113	Lp
15	114	-1
15	115	Lp
15	116	Lp
15	117	-1
15	118	Lp
15	119	-1
16	0	Lp
16	1	Lp
16	2	-1
16	3	-1
16	4	-1
16	5	L
16	6	-1
16	7	L
16	8	L
16	9	L
16	10	-1
16	11	-1
16	12	L
16	13	-1
16	14	-1
16	15	L
16	16	Lp
16	17	-1
16	18	Lp
16	19	Lp
16	20	Lp
16	21	-1
16	22	L
16	23	Lp
16	24	L
16	25	L
16	26	L
16	27	U
16	28	L
16	29	-1
16	30	-1
16	31	L
16	32	-1
16	33	-1
16	34	-1
16	35	-1
16	36	-1
16	37	L
16	38	L
16	39	-1
16	40	Lp
16	41	U
16	42	U
16	43	-1
16	44	Lp
16	45	Lp
16	46	-1
16	47	Lp
16	48	Lp
16	49	Lp
16	50	L
16	51	L
16	52	Lp
16	53	-1
16	54	Lp
16	55	Lp
16	56	-1
16	57	Lp
16	58	Lp
16	59	Lp
16	60	Lp
16	61	-1
16	62	-1
16	63	-1
16	64	-1
16	65	Lp
16	66	Lp
16	67	Lp
16	68	Lp
16	69	Lp
16	70	Lp
16	71	Lp
16	72	-1
16	73	Lp
16	74	-1
16	75	-1
16	76	Lp
16	77	-1
16	78	Lp
16	79	-1
16	80	-1
16	81	Lp
16	82	-1
16	83	Lp
16	84	-1
16	85	L
16	86	-1
16	87	L
16	88	-1
16	89	Lp
16	90	Lp
16	91	L
16	92	L
16	93	-1
16	94	-1
16	95	-1
16	96	U
16	97	L
16	98	L
16	99	L
16	100	L
16	101	L
16	102	-1
16	103	L
16	104	L
16	105	-1
16	106	Lp
16	107	-1
16	108	-1
16	109	L
16	110	-1
16	111	-1
16	112	L
16	113	Lp
16	114	Lp
16	115	Lp
16	116	-1
16	117	Lp
16	118	Lp
16	119	Lp
17	0	Lp
17	1	Lp
17	2	Lp
17	3	-1
17	4	-1
17	5	Lp
17	6	-1
17	7	-1
17	8	L
17	9	Lp
17	10	-1
17	11	-1
17	12	-1
17	13	-1
17	14	Lp
17	15	Lp
17	16	-1
17	17	-1
17	18	-1
17	19	-1
17	20	-1
17	21	L
17	22	-1
17	23	Lp
17	24	L
17	25	L
17	26	-1
17	27	L
17	28	U
17	29	L
17	30	L
17	31	L
17	32	-1
17	33	-1
17	34	-1
17	35	L
17	36	L
17	37	L
17	38	L
17	39	L
17	40	-1
17	41	-1
17	42	U
17	43	-1
17	44	Lp
17	45	Lp
17	46	-1
17	47	Lp
17	48	-1
17	49	Lp
17	50	-1
17	51	-1
17	52	-1
17	53	Lp
17	54	Lp
17	55	Lp
17	56	-1
17	57	-1
17	58	-1
17	59	Lp
17	60	Lp
17	61	L
17	62	-1
17	63	L
17	64	-1
17	65	-1
17	66	Lp
17	67	Lp
17	68	Lp
17	69	-1
17	70	Lp
17	71	-1
17	72	Lp
17	73	-1
17	74	Lp
17	75	-1
17	76	-1
17	77	U
17	78	U
17	79	-1
17	80	L
17	81	-1
17	82	-1
17	83	Lp
17	84	-1
17	85	L
17	86	-1
17	87	-1
17	88	L
17	89	L
17	90	-1
17	91	-1
17	92	-1
17	93	L
17	94	-1
17	95	-1
17	96	L
17	97	-1
17	98	L
17	99	L
17	100	L
17	101	L
17	102	L
17	103	L
17	104	-1
17	105	-1
17	106	L
17	107	Lp
17	108	Lp
17	109	Lp
17	110	Lp
17	111	-1
17	112	L
17	113	Lp
17	114	Lp
17	115	Lp
17	116	Lp
17	117	Lp
17	118	Lp
17	119	Lp
18	0	-1
18	1	Lp
18	2	Lp
18	3	Lp
18	4	Lp
18	5	L
18	6	L
18	7	-1
18	8	-1
18	9	-1
18	10	Lp
18	11	Lp
18	12	Lp
18	13	Lp
18	14	Lp
18	15	-1
18	16	-1
18	17	-1
18	18	Lp
18	19	-1
18	20	Lp
18	21	Lp
18	22	Lp
18	23	-1
18	24	Lp
18	25	-1
18	26	L
18	27	L
18	28	U
18	29	L
18	30	L
18	31	L
18	32	-1
18	33	-1
18	34	L
18	35	-1
18	36	L
18	37	L
18	38	-1
18	39	Lp
18	40	-1
18	41	-1
18	42	-1
18	43	-1
18	44	Lp
18	45	-1
18	46	-1
18	47	Lp
18	48	Lp
18	49	Lp
18	50	-1
18	51	-1
18	52	-1
18	53	-1
18	54	-1
18	55	Lp
18	56	Lp
18	57	-1
18	58	Lp
18	59	Lp
18	60	L
18	61	L
18	62	L
18	63	L
18	64	L
18	65	Lp
18	66	Lp
18	67	Lp
18	68	Lp
18	69	Lp
18	70	-1
18	71	Lp
18	72	-1
18	73	Lp
18	74	-1
18	75	U
18	76	Lp
18	77	Lp
18	78	U
18	79	U
18	80	U
18	81	-1
18	82	Lp
18	83	Lp
18	84	Lp
18	85	Lp
18	86	Lp
18	87	Lp
18	88	Lp
18	89	Lp
18	90	Lp
18	91	Lp
18	92	Lp
18	93	L
18	94	L
18	95	L
18	96	-1
18	97	-1
18	98	L
18	99	-1
18	100	L
18	101	L
18	102	L
18	103	L
18	104	L
18	105	L
18	106	Lp
18	107	-1
18	108	-1
18	109	Lp
18	110	-1
18	111	Lp
18	112	L
18	113	L
18	114	Lp
18	115	Lp
18	116	-1
18	117	Lp
18	118	-1
18	119	-1
19	0	-1
19	1	Lp
19	2	Lp
19	3	-1
19	4	Lp
19	5	L
19	6	Lp
19	7	Lp
19	8	-1
19	9	-1
19	10	Lp
19	11	Lp
19	12	Lp
19	13	Lp
19	14	Lp
19	15	-1
19	16	Lp
19	17	-1
19	18	Lp
19	19	-1
19	20	-1
19	21	Lp
19	22	-1
19	23	Lp
19	24	L
19	25	L
19	26	L
19	27	L
19	28	-1
19	29	L
19	30	L
19	31	-1
19	32	L
19	33	-1
19	34	L
19	35	L
19	36	L
19	37	L
19	38	L
19	39	Lp
19	40	-1
19	41	Lp
19	42	Lp
19	43	-1
19	44	-1
19	45	-1
19	46	-1
19	47	-1
19	48	Lp
19	49	-1
19	50	-1
19	51	Lp
19	52	-1
19	53	Lp
19	54	Lp
19	55	Lp
19	56	Lp
19	57	-1
19	58	Lp
19	59	-1
19	60	Lp
19	61	-1
19	62	-1
19	63	-1
19	64	L
19	65	L
19	66	Lp
19	67	Lp
19	68	Lp
19	69	Lp
19	70	-1
19	71	-1
19	72	-1
19	73	-1
19	74	Lp
19	75	Lp
19	76	Lp
19	77	U
19	78	-1
19	79	-1
19	80	-1
19	81	-1
19	82	-1
19	83	Lp
19	84	-1
19	85	Lp
19	86	Lp
19	87	Lp
19	88	Lp
19	89	Lp
19	90	L
19	91	-1
19	92	L
19	93	L
19	94	-1
19	95	-1
19	96	L
19	97	L
19	98	L
19	99	-1
19	100	L
19	101	-1
19	102	-1
19	103	-1
19	104	L
19	105	-1
19	106	L
19	107	-1
19	108	Lp
19	109	L
19	110	-1
19	111	L
19	112	L
19	113	Lp
19	114	-1
19	115	Lp
19	116	Lp
19	117	-1
19	118	Lp
19	119	-1
20	0	L
20	1	L
20	2	Lp
20	3	Lp
20	4	-1
20	5	Lp
20	6	Lp
20	7	-1
20	8	-1
20	9	Lp
20	10	-1
20	11	Lp
20	12	Lp
20	13	Lp
20	14	Lp
20	15	Lp
20	16	-1
20	17	-1
20	18	Lp
20	19	-1
20	20	L
20	21	L
20	22	-1
20	23	-1
20	24	-1
20	25	L
20	26	L
20	27	L
20	28	L
20	29	U
20	30	U
20	31	U
20	32	L
20	33	-1
20	34	L
20	35	-1
20	36	-1
20	37	-1
20	38	-1
20	39	L
20	40	Lp
20	41	-1
20	42	-1
20	43	Lp
20	44	-1
20	45	-1
20	46	Lp
20	47	Lp
20	48	-1
20	49	Lp
20	50	Lp
20	51	-1
20	52	-1
20	53	Lp
20	54	Lp
20	55	Lp
20	56	-1
20	57	Lp
20	58	L
20	59	Lp
20	60	Lp
20	61	-1
20	62	-1
20	63	L
20	64	L
20	65	L
20	66	Lp
20	67	-1
20	68	Lp
20	69	Lp
20	70	-1
20	71	-1
20	72	Lp
20	73	-1
20	74	-1
20	75	Lp
20	76	Lp
20	77	Lp
20	78	-1
20	79	Lp
20	80	-1
20	81	-1
20	82	Lp
20	83	Lp
20	84	Lp
20	85	-1
20	86	Lp
20	87	-1
20	88	U
20	89	Lp
20	90	L
20	91	L
20	92	-1
20	93	L
20	94	L
20	95	L
20	96	L
20	97	L
20	98	-1
20	99	L
20	100	-1
20	101	L
20	102	L
20	103	L
20	104	L
20	105	L
20	106	L
20	107	L
20	108	-1
20	109	L
20	110	Lp
20	111	L
20	112	Lp
20	113	Lp
20	114	-1
20	115	Lp
20	116	-1
20	117	-1
20	118	-1
20	119	Lp
21	0	L
21	1	-1
21	2	-1
21	3	-1
21	4	Lp
21	5	Lp
21	6	-1
21	7	U
21	8	U
21	9	Lp
21	10	Lp
21	11	-1
21	12	-1
21	13	-1
21	14	Lp
21	15	-1
21	16	Lp
21	17	-1
21	18	-1
21	19	Lp
21	20	-1
21	21	L
21	22	L
21	23	-1
21	24	-1
21	25	-1
21	26	L
21	27	L
21	28	L
21	29	-1
21	30	U
21	31	U
21	32	-1
21	33	L
21	34	L
21	35	L
21	36	-1
21	37	-1
21	38	-1
21	39	-1
21	40	Lp
21	41	-1
21	42	Lp
21	43	-1
21	44	-1
21	45	-1
21	46	Lp
21	47	Lp
21	48	Lp
21	49	Lp
21	50	-1
21	51	Lp
21	52	-1
21	53	Lp
21	54	Lp
21	55	-1
21	56	-1
21	57	-1
21	58	L
21	59	U
21	60	U
21	61	-1
21	62	-1
21	63	L
21	64	-1
21	65	Lp
21	66	Lp
21	67	Lp
21	68	Lp
21	69	Lp
21	70	Lp
21	71	Lp
21	72	Lp
21	73	-1
21	74	Lp
21	75	-1
21	76	Lp
21	77	Lp
21	78	-1
21	79	L
21	80	-1
21	81	-1
21	82	Lp
21	83	-1
21	84	Lp
21	85	-1
21	86	-1
21	87	U
21	88	-1
21	89	U
21	90	L
21	91	-1
21	92	L
21	93	L
21	94	L
21	95	L
21	96	L
21	97	L
21	98	L
21	99	L
21	100	L
21	101	L
21	102	L
21	103	-1
21	104	L
21	105	L
21	106	-1
21	107	-1
21	108	Lp
21	109	Lp
21	110	Lp
21	111	L
21	112	Lp
21	113	Lp
21	114	-1
21	115	Lp
21	116	U
21	117	L
21	118	-1
21	119	L
22	0	L
22	1	Lp
22	2	Lp
22	3	Lp
22	4	-1
22	5	-1
22	6	Lp
22	7	Lp
22	8	-1
22	9	-1
22	10	Lp
22	11	Lp
22	12	-1
22	13	Lp
22	14	-1
22	15	-1
22	16	L
22	17	-1
22	18	-1
22	19	-1
22	20	L
22	21	Lp
22	22	-1
22	23	-1
22	24	L
22	25	L
22	26	L
22	27	L
22	28	L
22	29	L
22	30	-1
22	31	-1
22	32	L
22	33	U
22	34	L
22	35	L
22	36	L
22	37	-1
22	38	-1
22	39	-1
22	40	L
22	41	Lp
22	42	-1
22	43	Lp
22	44	-1
22	45	-1
22	46	Lp
22	47	-1
22	48	Lp
22	49	Lp
22	50	Lp
22	51	Lp
22	52	Lp
22	53	Lp
22	54	Lp
22	55	Lp
22	56	Lp
22	57	-1
22	58	L
22	59	U
22	60	U
22	61	U
22	62	-1
22	63	L
22	64	L
22	65	Lp
22	66	Lp
22	67	L
22	68	-1
22	69	-1
22	70	Lp
22	71	Lp
22	72	-1
22	73	Lp
22	74	Lp
22	75	Lp
22	76	Lp
22	77	-1
22	78	-1
22	79	L
22	80	L
22	81	U
22	82	Lp
22	83	-1
22	84	-1
22	85	L
22	86	-1
22	87	-1
22	88	-1
22	89	L
22	90	L
22	91	L
22	92	L
22	93	L
22	94	L
22	95	L
22	96	-1
22	97	L
22	98	L
22	99	L
22	100	L
22	101	-1
22	102	-1
22	103	L
22	104	L
22	105	L
22	106	L
22	107	L
22	108	-1
22	109	L
22	110	L
22	111	L
22	112	L
22	113	-1
22	114	L
22	115	-1
22	116	Lp
22	117	L
22	118	L
22	119	-1
23	0	L
23	1	L
23	2	Lp
23	3	L
23	4	-1
23	5	-1
23	6	-1
23	7	U
23	8	-1
23	9	-1
23	10	U
23	11	Lp
23	12	-1
23	13	-1
23	14	-1
23	15	Lp
23	16	-1
23	17	-1
23	18	-1
23	19	Lp
23	20	Lp
23	21	L
23	22	L
23	23	-1
23	24	L
23	25	Lp
23	26	L
23	27	L
23	28	L
23	29	L
23	30	U
23	31	U
23	32	-1
23	33	-1
23	34	-1
23	35	L
23	36	-1
23	37	-1
23	38	-1
23	39	-1
23	40	-1
23	41	L
23	42	Lp
23	43	Lp
23	44	Lp
23	45	Lp
23	46	Lp
23	47	Lp
23	48	Lp
23	49	Lp
23	50	-1
23	51	-1
23	52	Lp
23	53	Lp
23	54	Lp
23	55	Lp
23	56	-1
23	57	-1
23	58	Lp
23	59	U
23	60	U
23	61	U
23	62	L
23	63	Lp
23	64	-1
23	65	L
23	66	L
23	67	L
23	68	-1
23	69	U
23	70	U
23	71	Lp
23	72	U
23	73	Lp
23	74	-1
23	75	-1
23	76	-1
23	77	Lp
23	78	L
23	79	U
23	80	U
23	81	L
23	82	L
23	83	-1
23	84	L
23	85	-1
23	86	-1
23	87	-1
23	88	L
23	89	L
23	90	L
23	91	L
23	92	L
23	93	-1
23	94	L
23	95	L
23	96	-1
23	97	L
23	98	-1
23	99	L
23	100	L
23	101	-1
23	102	-1
23	103	L
23	104	L
23	105	-1
23	106	L
23	107	-1
23	108	-1
23	109	-1
23	110	-1
23	111	L
23	112	L
23	113	-1
23	114	L
23	115	Lp
23	116	-1
23	117	Lp
23	118	L
23	119	-1
24	0	Lp
24	1	Lp
24	2	-1
24	3	-1
24	4	-1
24	5	-1
24	6	-1
24	7	L
24	8	-1
24	9	-1
24	10	Lp
24	11	U
24	12	-1
24	13	-1
24	14	-1
24	15	-1
24	16	U
24	17	-1
24	18	U
24	19	Lp
24	20	L
24	21	L
24	22	L
24	23	L
24	24	Lp
24	25	Lp
24	26	L
24	27	-1
24	28	L
24	29	L
24	30	U
24	31	U
24	32	L
24	33	U
24	34	U
24	35	-1
24	36	-1
24	37	-1
24	38	L
24	39	-1
24	40	L
24	41	L
24	42	L
24	43	Lp
24	44	Lp
24	45	Lp
24	46	Lp
24	47	Lp
24	48	-1
24	49	-1
24	50	-1
24	51	Lp
24	52	-1
24	53	-1
24	54	Lp
24	55	-1
24	56	Lp
24	57	-1
24	58	-1
24	59	-1
24	60	-1
24	61	U
24	62	Lp
24	63	Lp
24	64	L
24	65	L
24	66	L
24	67	L
24	68	L
24	69	-1
24	70	U
24	71	-1
24	72	U
24	73	L
24	74	L
24	75	Lp
24	76	Lp
24	77	Lp
24	78	U
24	79	-1
24	80	Lp
24	81	Lp
24	82	L
24	83	L
24	84	-1
24	85	-1
24	86	L
24	87	L
24	88	-1
24	89	L
24	90	-1
24	91	-1
24	92	-1
24	93	L
24	94	L
24	95	-1
24	96	L
24	97	L
24	98	L
24	99	L
24	100	L
24	101	L
24	102	-1
24	103	L
24	104	L
24	105	L
24	106	-1
24	107	-1
24	108	-1
24	109	-1
24	110	L
24	111	L
24	112	L
24	113	L
24	114	L
24	115	L
24	116	Lp
24	117	-1
24	118	Lp
24	119	-1
25	0	Lp
25	1	-1
25	2	L
25	3	-1
25	4	L
25	5	-1
25	6	-1
25	7	-1
25	8	-1
25	9	-1
25	10	-1
25	11	Lp
25	12	-1
25	13	Lp
25	14	-1
25	15	U
25	16	U
25	17	U
25	18	-1
25	19	Lp
25	20	Lp
25	21	Lp
25	22	L
25	23	-1
25	24	Lp
25	25	-1
25	26	-1
25	27	L
25	28	-1
25	29	L
25	30	-1
25	31	Lp
25	32	U
25	33	L
25	34	L
25	35	L
25	36	L
25	37	L
25	38	L
25	39	-1
25	40	L
25	41	L
25	42	L
25	43	-1
25	44	Lp
25	45	Lp
25	46	Lp
25	47	Lp
25	48	Lp
25	49	Lp
25	50	Lp
25	51	Lp
25	52	Lp
25	53	Lp
25	54	Lp
25	55	Lp
25	56	L
25	57	-1
25	58	-1
25	59	Lp
25	60	-1
25	61	Lp
25	62	Lp
25	63	L
25	64	L
25	65	L
25	66	-1
25	67	-1
25	68	Lp
25	69	Lp
25	70	Lp
25	71	U
25	72	Lp
25	73	L
25	74	L
25	75	-1
25	76	Lp
25	77	Lp
25	78	-1
25	79	Lp
25	80	Lp
25	81	Lp
25	82	Lp
25	83	Lp
25	84	Lp
25	85	L
25	86	L
25	87	-1
25	88	-1
25	89	L
25	90	L
25	91	L
25	92	L
25	93	L
25	94	L
25	95	-1
25	96	L
25	97	-1
25	98	L
25	99	L
25	100	-1
25	101	-1
25	102	L
25	103	L
25	104	-1
25	105	-1
25	106	-1
25	107	L
25	108	-1
25	109	-1
25	110	-1
25	111	L
25	112	-1
25	113	-1
25	114	L
25	115	-1
25	116	-1
25	117	Lp
25	118	Lp
25	119	-1
26	0	Lp
26	1	L
26	2	-1
26	3	-1
26	4	L
26	5	L
26	6	-1
26	7	-1
26	8	Lp
26	9	-1
26	10	Lp
26	11	Lp
26	12	-1
26	13	-1
26	14	U
26	15	U
26	16	U
26	17	-1
26	18	Lp
26	19	Lp
26	20	-1
26	21	Lp
26	22	L
26	23	L
26	24	Lp
26	25	Lp
26	26	Lp
26	27	-1
26	28	L
26	29	Lp
26	30	L
26	31	Lp
26	32	L
26	33	-1
26	34	-1
26	35	L
26	36	Lp
26	37	L
26	38	L
26	39	Lp
26	40	-1
26	41	-1
26	42	-1
26	43	-1
26	44	-1
26	45	-1
26	46	Lp
26	47	-1
26	48	Lp
26	49	Lp
26	50	-1
26	51	-1
26	52	Lp
26	53	Lp
26	54	-1
26	55	Lp
26	56	-1
26	57	U
26	58	Lp
26	59	Lp
26	60	Lp
26	61	Lp
26	62	Lp
26	63	L
26	64	Lp
26	65	L
26	66	L
26	67	L
26	68	-1
26	69	L
26	70	L
26	71	Lp
26	72	Lp
26	73	-1
26	74	Lp
26	75	-1
26	76	Lp
26	77	-1
26	78	Lp
26	79	Lp
26	80	Lp
26	81	Lp
26	82	Lp
26	83	Lp
26	84	Lp
26	85	L
26	86	-1
26	87	L
26	88	L
26	89	-1
26	90	-1
26	91	L
26	92	L
26	93	L
26	94	L
26	95	L
26	96	L
26	97	L
26	98	L
26	99	L
26	100	L
26	101	-1
26	102	-1
26	103	L
26	104	L
26	105	L
26	106	L
26	107	-1
26	108	L
26	109	-1
26	110	-1
26	111	L
26	112	-1
26	113	-1
26	114	L
26	115	L
26	116	-1
26	117	Lp
26	118	Lp
26	119	Lp
27	0	L
27	1	-1
27	2	-1
27	3	L
27	4	Lp
27	5	L
27	6	L
27	7	Lp
27	8	Lp
27	9	Lp
27	10	Lp
27	11	Lp
27	12	-1
27	13	Lp
27	14	-1
27	15	-1
27	16	Lp
27	17	-1
27	18	Lp
27	19	-1
27	20	Lp
27	21	Lp
27	22	-1
27	23	-1
27	24	-1
27	25	-1
27	26	-1
27	27	L
27	28	L
27	29	L
27	30	Lp
27	31	-1
27	32	Lp
27	33	-1
27	34	L
27	35	-1
27	36	-1
27	37	Lp
27	38	-1
27	39	L
27	40	L
27	41	-1
27	42	L
27	43	L
27	44	-1
27	45	-1
27	46	-1
27	47	-1
27	48	Lp
27	49	Lp
27	50	-1
27	51	-1
27	52	Lp
27	53	Lp
27	54	Lp
27	55	-1
27	56	-1
27	57	Lp
27	58	Lp
27	59	Lp
27	60	Lp
27	61	Lp
27	62	L
27	63	-1
27	64	Lp
27	65	L
27	66	L
27	67	L
27	68	-1
27	69	-1
27	70	Lp
27	71	U
27	72	Lp
27	73	-1
27	74	Lp
27	75	L
27	76	L
27	77	Lp
27	78	Lp
27	79	Lp
27	80	Lp
27	81	Lp
27	82	Lp
27	83	-1
27	84	-1
27	85	-1
27	86	L
27	87	-1
27	88	L
27	89	-1
27	90	L
27	91	L
27	92	L
27	93	L
27	94	L
27	95	L
27	96	-1
27	97	L
27	98	-1
27	99	-1
27	100	L
27	101	L
27	102	-1
27	103	L
27	104	L
27	105	L
27	106	L
27	107	Lp
27	108	L
27	109	L
27	110	-1
27	111	L
27	112	L
27	113	-1
27	114	L
27	115	L
27	116	-1
27	117	-1
27	118	-1
27	119	-1
28	0	Lp
28	1	L
28	2	Lp
28	3	Lp
28	4	Lp
28	5	Lp
28	6	-1
28	7	Lp
28	8	Lp
28	9	Lp
28	10	Lp
28	11	-1
28	12	Lp
28	13	U
28	14	Lp
28	15	Lp
28	16	Lp
28	17	-1
28	18	Lp
28	19	Lp
28	20	Lp
28	21	Lp
28	22	Lp
28	23	-1
28	24	L
28	25	L
28	26	-1
28	27	L
28	28	-1
28	29	Lp
28	30	Lp
28	31	Lp
28	32	L
28	33	L
28	34	-1
28	35	-1
28	36	Lp
28	37	U
28	38	-1
28	39	-1
28	40	-1
28	41	U
28	42	U
28	43	-1
28	44	Lp
28	45	-1
28	46	-1
28	47	Lp
28	48	Lp
28	49	-1
28	50	-1
28	51	Lp
28	52	-1
28	53	Lp
28	54	Lp
28	55	U
28	56	-1
28	57	L
28	58	Lp
28	59	Lp
28	60	-1
28	61	-1
28	62	-1
28	63	Lp
28	64	Lp
28	65	L
28	66	L
28	67	L
28	68	L
28	69	Lp
28	70	U
28	71	U
28	72	-1
28	73	U
28	74	U
28	75	Lp
28	76	L
28	77	Lp
28	78	Lp
28	79	Lp
28	80	Lp
28	81	Lp
28	82	Lp
28	83	-1
28	84	-1
28	85	-1
28	86	L
28	87	L
28	88	-1
28	89	-1
28	90	L
28	91	L
28	92	-1
28	93	-1
28	94	L
28	95	-1
28	96	-1
28	97	L
28	98	L
28	99	L
28	100	-1
28	101	L
28	102	L
28	103	-1
28	104	L
28	105	L
28	106	-1
28	107	Lp
28	108	L
28	109	-1
28	110	L
28	111	-1
28	112	L
28	113	L
28	114	L
28	115	L
28	116	L
28	117	L
28	118	-1
28	119	Lp
29	0	Lp
29	1	Lp
29	2	-1
29	3	Lp
29	4	Lp
29	5	-1
29	6	-1
29	7	Lp
29	8	-1
29	9	-1
29	10	Lp
29	11	Lp
29	12	-1
29	13	U
29	14	U
29	15	Lp
29	16	-1
29	17	Lp
29	18	-1
29	19	L
29	20	Lp
29	21	-1
29	22	-1
29	23	-1
29	24	L
29	25	-1
29	26	-1
29	27	L
29	28	Lp
29	29	Lp
29	30	-1
29	31	Lp
29	32	Lp
29	33	L
29	34	Lp
29	35	Lp
29	36	Lp
29	37	Lp
29	38	-1
29	39	-1
29	40	-1
29	41	U
29	42	Lp
29	43	U
29	44	U
29	45	Lp
29	46	Lp
29	47	Lp
29	48	Lp
29	49	Lp
29	50	Lp
29	51	-1
29	52	-1
29	53	Lp
29	54	U
29	55	Lp
29	56	-1
29	57	Lp
29	58	L
29	59	Lp
29	60	Lp
29	61	Lp
29	62	-1
29	63	Lp
29	64	-1
29	65	-1
29	66	L
29	67	-1
29	68	U
29	69	Lp
29	70	-1
29	71	U
29	72	U
29	73	L
29	74	Lp
29	75	Lp
29	76	Lp
29	77	-1
29	78	L
29	79	L
29	80	L
29	81	L
29	82	-1
29	83	Lp
29	84	-1
29	85	L
29	86	-1
29	87	L
29	88	L
29	89	L
29	90	L
29	91	-1
29	92	-1
29	93	-1
29	94	L
29	95	-1
29	96	-1
29	97	L
29	98	L
29	99	-1
29	100	-1
29	101	L
29	102	Lp
29	103	Lp
29	104	Lp
29	105	L
29	106	L
29	107	L
29	108	L
29	109	L
29	110	L
29	111	-1
29	112	L
29	113	L
29	114	L
29	115	L
29	116	-1
29	117	L
29	118	Lp
29	119	Lp
30	0	Lp
30	1	Lp
30	2	Lp
30	3	Lp
30	4	-1
30	5	Lp
30	6	Lp
30	7	Lp
30	8	Lp
30	9	Lp
30	10	Lp
30	11	-1
30	12	Lp
30	13	Lp
30	14	Lp
30	15	-1
30	16	-1
30	17	Lp
30	18	-1
30	19	L
30	20	L
30	21	Lp
30	22	Lp
30	23	-1
30	24	-1
30	25	L
30	26	L
30	27	-1
30	28	L
30	29	-1
30	30	-1
30	31	Lp
30	32	Lp
30	33	-1
30	34	Lp
30	35	-1
30	36	U
30	37	-1
30	38	-1
30	39	-1
30	40	-1
30	41	Lp
30	42	U
30	43	U
30	44	U
30	45	U
30	46	U
30	47	Lp
30	48	Lp
30	49	Lp
30	50	-1
30	51	-1
30	52	Lp
30	53	Lp
30	54	-1
30	55	-1
30	56	L
30	57	-1
30	58	L
30	59	-1
30	60	-1
30	61	Lp
30	62	-1
30	63	L
30	64	-1
30	65	-1
30	66	L
30	67	-1
30	68	-1
30	69	U
30	70	-1
30	71	U
30	72	-1
30	73	L
30	74	L
30	75	-1
30	76	Lp
30	77	-1
30	78	L
30	79	-1
30	80	-1
30	81	L
30	82	L
30	83	-1
30	84	-1
30	85	L
30	86	L
30	87	-1
30	88	L
30	89	L
30	90	L
30	91	L
30	92	L
30	93	L
30	94	-1
30	95	L
30	96	-1
30	97	L
30	98	L
30	99	-1
30	100	L
30	101	-1
30	102	Lp
30	103	Lp
30	104	L
30	105	Lp
30	106	L
30	107	L
30	108	-1
30	109	L
30	110	L
30	111	L
30	112	L
30	113	L
30	114	L
30	115	L
30	116	L
30	117	L
30	118	L
30	119	-1
31	0	-1
31	1	-1
31	2	Lp
31	3	Lp
31	4	-1
31	5	-1
31	6	-1
31	7	Lp
31	8	-1
31	9	Lp
31	10	Lp
31	11	L
31	12	L
31	13	U
31	14	-1
31	15	Lp
31	16	Lp
31	17	-1
31	18	L
31	19	-1
31	20	Lp
31	21	-1
31	22	Lp
31	23	Lp
31	24	-1
31	25	-1
31	26	Lp
31	27	-1
31	28	L
31	29	Lp
31	30	Lp
31	31	Lp
31	32	Lp
31	33	Lp
31	34	Lp
31	35	Lp
31	36	-1
31	37	U
31	38	-1
31	39	-1
31	40	Lp
31	41	Lp
31	42	-1
31	43	U
31	44	-1
31	45	Lp
31	46	U
31	47	Lp
31	48	-1
31	49	-1
31	50	Lp
31	51	Lp
31	52	Lp
31	53	-1
31	54	-1
31	55	L
31	56	-1
31	57	-1
31	58	L
31	59	Lp
31	60	Lp
31	61	Lp
31	62	-1
31	63	L
31	64	L
31	65	L
31	66	L
31	67	L
31	68	L
31	69	L
31	70	-1
31	71	U
31	72	L
31	73	L
31	74	L
31	75	L
31	76	-1
31	77	L
31	78	-1
31	79	-1
31	80	-1
31	81	L
31	82	L
31	83	L
31	84	-1
31	85	L
31	86	L
31	87	-1
31	88	L
31	89	-1
31	90	-1
31	91	-1
31	92	L
31	93	L
31	94	L
31	95	-1
31	96	-1
31	97	L
31	98	L
31	99	-1
31	100	Lp
31	101	Lp
31	102	-1
31	103	Lp
31	104	L
31	105	L
31	106	-1
31	107	L
31	108	L
31	109	-1
31	110	L
31	111	-1
31	112	L
31	113	-1
31	114	-1
31	115	L
31	116	-1
31	117	L
31	118	Lp
31	119	-1
32	0	-1
32	1	Lp
32	2	Lp
32	3	Lp
32	4	Lp
32	5	-1
32	6	Lp
32	7	L
32	8	Lp
32	9	-1
32	10	L
32	11	U
32	12	-1
32	13	-1
32	14	Lp
32	15	Lp
32	16	Lp
32	17	L
32	18	Lp
32	19	L
32	20	Lp
32	21	-1
32	22	Lp
32	23	-1
32	24	Lp
32	25	Lp
32	26	Lp
32	27	Lp
32	28	Lp
32	29	-1
32	30	Lp
32	31	-1
32	32	-1
32	33	Lp
32	34	Lp
32	35	Lp
32	36	Lp
32	37	Lp
32	38	-1
32	39	-1
32	40	Lp
32	41	Lp
32	42	Lp
32	43	-1
32	44	Lp
32	45	-1
32	46	Lp
32	47	-1
32	48	-1
32	49	U
32	50	Lp
32	51	Lp
32	52	-1
32	53	Lp
32	54	-1
32	55	-1
32	56	-1
32	57	L
32	58	-1
32	59	Lp
32	60	L
32	61	L
32	62	-1
32	63	L
32	64	L
32	65	L
32	66	L
32	67	-1
32	68	-1
32	69	-1
32	70	L
32	71	L
32	72	L
32	73	L
32	74	L
32	75	L
32	76	-1
32	77	L
32	78	-1
32	79	-1
32	80	L
32	81	-1
32	82	L
32	83	L
32	84	L
32	85	L
32	86	-1
32	87	-1
32	88	L
32	89	L
32	90	-1
32	91	L
32	92	L
32	93	-1
32	94	L
32	95	L
32	96	L
32	97	L
32	98	-1
32	99	-1
32	100	L
32	101	L
32	102	-1
32	103	L
32	104	L
32	105	-1
32	106	L
32	107	L
32	108	L
32	109	-1
32	110	L
32	111	L
32	112	-1
32	113	L
32	114	L
32	115	-1
32	116	-1
32	117	L
32	118	-1
32	119	Lp
33	0	-1
33	1	-1
33	2	Lp
33	3	Lp
33	4	Lp
33	5	U
33	6	U
33	7	Lp
33	8	L
33	9	L
33	10	-1
33	11	L
33	12	-1
33	13	-1
33	14	Lp
33	15	Lp
33	16	Lp
33	17	L
33	18	Lp
33	19	Lp
33	20	Lp
33	21	-1
33	22	Lp
33	23	Lp
33	24	Lp
33	25	Lp
33	26	Lp
33	27	-1
33	28	L
33	29	-1
33	30	-1
33	31	Lp
33	32	L
33	33	-1
33	34	Lp
33	35	Lp
33	36	L
33	37	L
33	38	Lp
33	39	Lp
33	40	-1
33	41	Lp
33	42	Lp
33	43	Lp
33	44	Lp
33	45	Lp
33	46	Lp
33	47	U
33	48	U
33	49	Lp
33	50	Lp
33	51	Lp
33	52	-1
33	53	Lp
33	54	Lp
33	55	Lp
33	56	-1
33	57	Lp
33	58	Lp
33	59	-1
33	60	-1
33	61	Lp
33	62	L
33	63	L
33	64	-1
33	65	-1
33	66	-1
33	67	-1
33	68	L
33	69	-1
33	70	L
33	71	-1
33	72	-1
33	73	-1
33	74	L
33	75	L
33	76	-1
33	77	L
33	78	L
33	79	L
33	80	-1
33	81	L
33	82	-1
33	83	-1
33	84	L
33	85	-1
33	86	L
33	87	L
33	88	-1
33	89	-1
33	90	-1
33	91	-1
33	92	-1
33	93	-1
33	94	L
33	95	-1
33	96	-1
33	97	L
33	98	-1
33	99	L
33	100	L
33	101	L
33	102	-1
33	103	L
33	104	L
33	105	L
33	106	-1
33	107	-1
33	108	-1
33	109	-1
33	110	L
33	111	L
33	112	L
33	113	L
33	114	L
33	115	-1
33	116	-1
33	117	L
33	118	L
33	119	L
34	0	L
34	1	Lp
34	2	-1
34	3	Lp
34	4	Lp
34	5	Lp
34	6	Lp
34	7	Lp
34	8	Lp
34	9	Lp
34	10	-1
34	11	Lp
34	12	-1
34	13	Lp
34	14	U
34	15	-1
34	16	-1
34	17	Lp
34	18	Lp
34	19	Lp
34	20	-1
34	21	Lp
34	22	Lp
34	23	-1
34	24	-1
34	25	Lp
34	26	Lp
34	27	-1
34	28	L
34	29	L
34	30	-1
34	31	L
34	32	L
34	33	-1
34	34	L
34	35	-1
34	36	L
34	37	-1
34	38	-1
34	39	Lp
34	40	Lp
34	41	Lp
34	42	-1
34	43	Lp
34	44	Lp
34	45	Lp
34	46	-1
34	47	Lp
34	48	Lp
34	49	-1
34	50	Lp
34	51	-1
34	52	Lp
34	53	Lp
34	54	Lp
34	55	Lp
34	56	-1
34	57	-1
34	58	Lp
34	59	U
34	60	-1
34	61	L
34	62	-1
34	63	Lp
34	64	Lp
34	65	Lp
34	66	-1
34	67	L
34	68	L
34	69	-1
34	70	-1
34	71	L
34	72	-1
34	73	-1
34	74	-1
34	75	-1
34	76	-1
34	77	L
34	78	L
34	79	-1
34	80	-1
34	81	-1
34	82	-1
34	83	-1
34	84	-1
34	85	-1
34	86	L
34	87	-1
34	88	L
34	89	-1
34	90	-1
34	91	-1
34	92	U
34	93	-1
34	94	L
34	95	-1
34	96	L
34	97	L
34	98	L
34	99	L
34	100	L
34	101	L
34	102	L
34	103	L
34	104	L
34	105	L
34	106	-1
34	107	-1
34	108	-1
34	109	L
34	110	L
34	111	L
34	112	-1
34	113	L
34	114	L
34	115	-1
34	116	L
34	117	-1
34	118	-1
34	119	-1
35	0	L
35	1	Lp
35	2	-1
35	3	Lp
35	4	Lp
35	5	Lp
35	6	Lp
35	7	Lp
35	8	-1
35	9	L
35	10	-1
35	11	-1
35	12	Lp
35	13	Lp
35	14	-1
35	15	U
35	16	-1
35	17	-1
35	18	-1
35	19	-1
35	20	Lp
35	21	Lp
35	22	-1
35	23	Lp
35	24	-1
35	25	-1
35	26	Lp
35	27	Lp
35	28	L
35	29	L
35	30	L
35	31	L
35	32	L
35	33	-1
35	34	-1
35	35	-1
35	36	L
35	37	Lp
35	38	L
35	39	Lp
35	40	Lp
35	41	-1
35	42	Lp
35	43	Lp
35	44	Lp
35	45	-1
35	46	-1
35	47	Lp
35	48	Lp
35	49	Lp
35	50	Lp
35	51	Lp
35	52	-1
35	53	Lp
35	54	-1
35	55	Lp
35	56	Lp
35	57	Lp
35	58	-1
35	59	U
35	60	L
35	61	Lp
35	62	L
35	63	-1
35	64	Lp
35	65	Lp
35	66	Lp
35	67	Lp
35	68	-1
35	69	L
35	70	L
35	71	L
35	72	L
35	73	L
35	74	L
35	75	L
35	76	L
35	77	L
35	78	L
35	79	-1
35	80	-1
35	81	L
35	82	L
35	83	L
35	84	-1
35	85	L
35	86	L
35	87	-1
35	88	L
35	89	-1
35	90	-1
35	91	L
35	92	L
35	93	L
35	94	-1
35	95	L
35	96	L
35	97	L
35	98	L
35	99	L
35	100	-1
35	101	-1
35	102	L
35	103	-1
35	104	-1
35	105	L
35	106	-1
35	107	-1
35	108	L
35	109	-1
35	110	L
35	111	-1
35	112	L
35	113	L
35	114	L
35	115	-1
35	116	L
35	117	-1
35	118	L
35	119	-1
36	0	-1
36	1	Lp
36	2	-1
36	3	Lp
36	4	Lp
36	5	-1
36	6	Lp
36	7	Lp
36	8	Lp
36	9	-1
36	10	Lp
36	11	-1
36	12	Lp
36	13	Lp
36	14	-1
36	15	U
36	16	-1
36	17	U
36	18	-1
36	19	-1
36	20	Lp
36	21	-1
36	22	Lp
36	23	Lp
36	24	L
36	25	-1
36	26	-1
36	27	-1
36	28	L
36	29	L
36	30	Lp
36	31	L
36	32	-1
36	33	L
36	34	L
36	35	Lp
36	36	-1
36	37	-1
36	38	L
36	39	L
36	40	Lp
36	41	Lp
36	42	-1
36	43	Lp
36	44	-1
36	45	Lp
36	46	Lp
36	47	Lp
36	48	Lp
36	49	Lp
36	50	Lp
36	51	Lp
36	52	Lp
36	53	-1
36	54	Lp
36	55	Lp
36	56	Lp
36	57	Lp
36	58	-1
36	59	U
36	60	-1
36	61	Lp
36	62	Lp
36	63	Lp
36	64	Lp
36	65	Lp
36	66	L
36	67	L
36	68	-1
36	69	L
36	70	L
36	71	Lp
36	72	L
36	73	Lp
36	74	-1
36	75	-1
36	76	-1
36	77	L
36	78	-1
36	79	-1
36	80	-1
36	81	-1
36	82	L
36	83	L
36	84	-1
36	85	L
36	86	L
36	87	-1
36	88	-1
36	89	L
36	90	-1
36	91	-1
36	92	L
36	93	L
36	94	-1
36	95	L
36	96	L
36	97	-1
36	98	L
36	99	L
36	100	-1
36	101	-1
36	102	L
36	103	L
36	104	-1
36	105	L
36	106	-1
36	107	L
36	108	L
36	109	-1
36	110	-1
36	111	L
36	112	-1
36	113	-1
36	114	-1
36	115	-1
36	116	L
36	117	-1
36	118	L
36	119	-1
37	0	-1
37	1	-1
37	2	-1
37	3	Lp
37	4	Lp
37	5	Lp
37	6	Lp
37	7	Lp
37	8	-1
37	9	-1
37	10	-1
37	11	Lp
37	12	Lp
37	13	Lp
37	14	-1
37	15	-1
37	16	U
37	17	U
37	18	U
37	19	Lp
37	20	-1
37	21	Lp
37	22	-1
37	23	Lp
37	24	-1
37	25	L
37	26	L
37	27	-1
37	28	U
37	29	Lp
37	30	-1
37	31	Lp
37	32	Lp
37	33	Lp
37	34	Lp
37	35	U
37	36	L
37	37	-1
37	38	Lp
37	39	-1
37	40	-1
37	41	L
37	42	-1
37	43	Lp
37	44	-1
37	45	-1
37	46	-1
37	47	-1
37	48	Lp
37	49	-1
37	50	Lp
37	51	Lp
37	52	-1
37	53	-1
37	54	-1
37	55	-1
37	56	Lp
37	57	-1
37	58	-1
37	59	-1
37	60	-1
37	61	Lp
37	62	-1
37	63	Lp
37	64	Lp
37	65	-1
37	66	L
37	67	-1
37	68	-1
37	69	-1
37	70	Lp
37	71	Lp
37	72	Lp
37	73	U
37	74	L
37	75	-1
37	76	-1
37	77	L
37	78	L
37	79	L
37	80	L
37	81	L
37	82	-1
37	83	U
37	84	L
37	85	L
37	86	L
37	87	L
37	88	L
37	89	L
37	90	-1
37	91	L
37	92	L
37	93	L
37	94	-1
37	95	L
37	96	L
37	97	L
37	98	L
37	99	L
37	100	-1
37	101	L
37	102	L
37	103	L
37	104	-1
37	105	-1
37	106	-1
37	107	L
37	108	L
37	109	-1
37	110	-1
37	111	L
37	112	L
37	113	L
37	114	L
37	115	L
37	116	-1
37	117	-1
37	118	-1
37	119	L
38	0	-1
38	1	-1
38	2	Lp
38	3	Lp
38	4	Lp
38	5	Lp
38	6	Lp
38	7	-1
38	8	-1
38	9	L
38	10	Lp
38	11	Lp
38	12	Lp
38	13	-1
38	14	U
38	15	-1
38	16	Lp
38	17	Lp
38	18	Lp
38	19	Lp
38	20	Lp
38	21	Lp
38	22	Lp
38	23	Lp
38	24	Lp
38	25	L
38	26	L
38	27	Lp
38	28	Lp
38	29	Lp
38	30	Lp
38	31	Lp
38	32	-1
38	33	U
38	34	U
38	35	-1
38	36	L
38	37	-1
38	38	L
38	39	-1
38	40	-1
38	41	Lp
38	42	Lp
38	43	Lp
38	44	Lp
38	45	Lp
38	46	Lp
38	47	-1
38	48	Lp
38	49	Lp
38	50	-1
38	51	-1
38	52	Lp
38	53	Lp
38	54	-1
38	55	Lp
38	56	Lp
38	57	-1
38	58	Lp
38	59	-1
38	60	-1
38	61	-1
38	62	-1
38	63	Lp
38	64	Lp
38	65	L
38	66	-1
38	67	Lp
38	68	Lp
38	69	Lp
38	70	Lp
38	71	-1
38	72	L
38	73	-1
38	74	-1
38	75	U
38	76	-1
38	77	L
38	78	L
38	79	L
38	80	L
38	81	L
38	82	L
38	83	-1
38	84	L
38	85	U
38	86	L
38	87	L
38	88	L
38	89	U
38	90	U
38	91	U
38	92	-1
38	93	L
38	94	L
38	95	L
38	96	L
38	97	L
38	98	L
38	99	L
38	100	L
38	101	-1
38	102	L
38	103	L
38	104	L
38	105	L
38	106	-1
38	107	L
38	108	L
38	109	L
38	110	L
38	111	L
38	112	L
38	113	L
38	114	L
38	115	L
38	116	-1
38	117	Lp
38	118	-1
38	119	-1
39	0	L
39	1	-1
39	2	Lp
39	3	Lp
39	4	-1
39	5	Lp
39	6	Lp
39	7	Lp
39	8	-1
39	9	Lp
39	10	Lp
39	11	Lp
39	12	Lp
39	13	Lp
39	14	Lp
39	15	Lp
39	16	Lp
39	17	-1
39	18	Lp
39	19	Lp
39	20	Lp
39	21	Lp
39	22	Lp
39	23	Lp
39	24	Lp
39	25	Lp
39	26	L
39	27	-1
39	28	Lp
39	29	Lp
39	30	Lp
39	31	L
39	32	Lp
39	33	-1
39	34	L
39	35	-1
39	36	L
39	37	L
39	38	L
39	39	L
39	40	-1
39	41	-1
39	42	Lp
39	43	Lp
39	44	Lp
39	45	Lp
39	46	Lp
39	47	Lp
39	48	Lp
39	49	-1
39	50	Lp
39	51	Lp
39	52	Lp
39	53	Lp
39	54	-1
39	55	Lp
39	56	-1
39	57	-1
39	58	-1
39	59	Lp
39	60	Lp
39	61	-1
39	62	Lp
39	63	-1
39	64	-1
39	65	-1
39	66	Lp
39	67	Lp
39	68	-1
39	69	Lp
39	70	-1
39	71	-1
39	72	-1
39	73	L
39	74	U
39	75	U
39	76	L
39	77	-1
39	78	U
39	79	-1
39	80	L
39	81	L
39	82	L
39	83	U
39	84	U
39	85	L
39	86	L
39	87	L
39	88	-1
39	89	L
39	90	U
39	91	U
39	92	U
39	93	L
39	94	L
39	95	L
39	96	-1
39	97	L
39	98	L
39	99	-1
39	100	L
39	101	L
39	102	-1
39	103	L
39	104	L
39	105	L
39	106	L
39	107	-1
39	108	-1
39	109	L
39	110	L
39	111	L
39	112	L
39	113	L
39	114	L
39	115	L
39	116	L
39	117	L
39	118	Lp
39	119	-1
40	0	-1
40	1	L
40	2	Lp
40	3	Lp
40	4	Lp
40	5	Lp
40	6	Lp
40	7	Lp
40	8	Lp
40	9	Lp
40	10	Lp
40	11	Lp
40	12	-1
40	13	Lp
40	14	Lp
40	15	-1
40	16	Lp
40	17	U
40	18	-1
40	19	Lp
40	20	Lp
40	21	Lp
40	22	Lp
40	23	Lp
40	24	Lp
40	25	Lp
40	26	Lp
40	27	Lp
40	28	-1
40	29	Lp
40	30	Lp
40	31	-1
40	32	-1
40	33	-1
40	34	L
40	35	L
40	36	L
40	37	U
40	38	L
40	39	U
40	40	-1
40	41	L
40	42	Lp
40	43	Lp
40	44	Lp
40	45	Lp
40	46	Lp
40	47	Lp
40	48	Lp
40	49	Lp
40	50	Lp
40	51	Lp
40	52	-1
40	53	-1
40	54	-1
40	55	Lp
40	56	-1
40	57	-1
40	58	U
40	59	Lp
40	60	Lp
40	61	Lp
40	62	-1
40	63	Lp
40	64	Lp
40	65	Lp
40	66	Lp
40	67	-1
40	68	-1
40	69	L
40	70	L
40	71	L
40	72	-1
40	73	-1
40	74	U
40	75	L
40	76	U
40	77	L
40	78	-1
40	79	L
40	80	L
40	81	-1
40	82	L
40	83	U
40	84	L
40	85	L
40	86	L
40	87	L
40	88	U
40	89	-1
40	90	U
40	91	U
40	92	U
40	93	-1
40	94	-1
40	95	L
40	96	L
40	97	L
40	98	L
40	99	L
40	100	L
40	101	-1
40	102	-1
40	103	L
40	104	-1
40	105	L
40	106	L
40	107	L
40	108	L
40	109	L
40	110	L
40	111	L
40	112	L
40	113	L
40	114	L
40	115	-1
40	116	L
40	117	Lp
40	118	Lp
40	119	-1
41	0	-1
41	1	-1
41	2	Lp
41	3	Lp
41	4	Lp
41	5	Lp
41	6	Lp
41	7	Lp
41	8	-1
41	9	Lp
41	10	Lp
41	11	Lp
41	12	Lp
41	13	Lp
41	14	Lp
41	15	Lp
41	16	U
41	17	U
41	18	U
41	19	-1
41	20	Lp
41	21	-1
41	22	-1
41	23	Lp
41	24	Lp
41	25	-1
41	26	-1
41	27	Lp
41	28	-1
41	29	Lp
41	30	Lp
41	31	Lp
41	32	Lp
41	33	Lp
41	34	L
41	35	L
41	36	-1
41	37	-1
41	38	L
41	39	L
41	40	L
41	41	L
41	42	-1
41	43	-1
41	44	Lp
41	45	Lp
41	46	-1
41	47	Lp
41	48	Lp
41	49	-1
41	50	Lp
41	51	Lp
41	52	Lp
41	53	-1
41	54	Lp
41	55	Lp
41	56	Lp
41	57	-1
41	58	-1
41	59	Lp
41	60	-1
41	61	Lp
41	62	Lp
41	63	Lp
41	64	Lp
41	65	Lp
41	66	Lp
41	67	Lp
41	68	L
41	69	L
41	70	L
41	71	-1
41	72	-1
41	73	-1
41	74	-1
41	75	U
41	76	L
41	77	L
41	78	U
41	79	U
41	80	-1
41	81	-1
41	82	-1
41	83	L
41	84	L
41	85	L
41	86	L
41	87	L
41	88	L
41	89	L
41	90	U
41	91	U
41	92	U
41	93	U
41	94	-1
41	95	-1
41	96	-1
41	97	L
41	98	L
41	99	L
41	100	-1
41	101	L
41	102	L
41	103	-1
41	104	L
41	105	L
41	106	-1
41	107	L
41	108	L
41	109	L
41	110	L
41	111	L
41	112	L
41	113	L
41	114	-1
41	115	L
41	116	L
41	117	-1
41	118	-1
41	119	-1
42	0	-1
42	1	L
42	2	Lp
42	3	Lp
42	4	-1
42	5	Lp
42	6	Lp
42	7	-1
42	8	Lp
42	9	Lp
42	10	U
42	11	Lp
42	12	Lp
42	13	-1
42	14	Lp
42	15	-1
42	16	Lp
42	17	-1
42	18	U
42	19	U
42	20	-1
42	21	Lp
42	22	Lp
42	23	Lp
42	24	Lp
42	25	Lp
42	26	Lp
42	27	Lp
42	28	Lp
42	29	Lp
42	30	-1
42	31	-1
42	32	-1
42	33	Lp
42	34	L
42	35	L
42	36	L
42	37	L
42	38	-1
42	39	-1
42	40	-1
42	41	-1
42	42	-1
42	43	-1
42	44	Lp
42	45	Lp
42	46	-1
42	47	-1
42	48	-1
42	49	Lp
42	50	Lp
42	51	-1
42	52	Lp
42	53	-1
42	54	-1
42	55	Lp
42	56	Lp
42	57	Lp
42	58	-1
42	59	-1
42	60	Lp
42	61	-1
42	62	Lp
42	63	-1
42	64	Lp
42	65	Lp
42	66	L
42	67	Lp
42	68	Lp
42	69	L
42	70	L
42	71	L
42	72	L
42	73	L
42	74	U
42	75	U
42	76	L
42	77	L
42	78	L
42	79	L
42	80	L
42	81	L
42	82	-1
42	83	L
42	84	L
42	85	-1
42	86	-1
42	87	L
42	88	L
42	89	L
42	90	-1
42	91	U
42	92	U
42	93	U
42	94	L
42	95	L
42	96	L
42	97	L
42	98	-1
42	99	-1
42	100	-1
42	101	L
42	102	-1
42	103	-1
42	104	L
42	105	L
42	106	-1
42	107	-1
42	108	U
42	109	U
42	110	L
42	111	L
42	112	L
42	113	L
42	114	L
42	115	L
42	116	L
42	117	L
42	118	-1
42	119	Lp
43	0	-1
43	1	Lp
43	2	Lp
43	3	-1
43	4	Lp
43	5	-1
43	6	Lp
43	7	-1
43	8	Lp
43	9	Lp
43	10	U
43	11	Lp
43	12	Lp
43	13	Lp
43	14	Lp
43	15	-1
43	16	Lp
43	17	-1
43	18	-1
43	19	-1
43	20	-1
43	21	-1
43	22	Lp
43	23	Lp
43	24	Lp
43	25	Lp
43	26	Lp
43	27	-1
43	28	Lp
43	29	Lp
43	30	Lp
43	31	-1
43	32	L
43	33	Lp
43	34	Lp
43	35	-1
43	36	L
43	37	-1
43	38	-1
43	39	L
43	40	-1
43	41	-1
43	42	Lp
43	43	-1
43	44	Lp
43	45	Lp
43	46	Lp
43	47	Lp
43	48	-1
43	49	Lp
43	50	Lp
43	51	-1
43	52	-1
43	53	-1
43	54	Lp
43	55	Lp
43	56	Lp
43	57	Lp
43	58	Lp
43	59	Lp
43	60	Lp
43	61	U
43	62	-1
43	63	Lp
43	64	-1
43	65	-1
43	66	-1
43	67	L
43	68	-1
43	69	L
43	70	L
43	71	L
43	72	L
43	73	L
43	74	-1
43	75	L
43	76	L
43	77	-1
43	78	-1
43	79	-1
43	80	L
43	81	-1
43	82	L
43	83	L
43	84	-1
43	85	L
43	86	L
43	87	L
43	88	-1
43	89	L
43	90	U
43	91	-1
43	92	U
43	93	U
43	94	-1
43	95	L
43	96	L
43	97	L
43	98	L
43	99	-1
43	100	-1
43	101	-1
43	102	L
43	103	L
43	104	-1
43	105	L
43	106	L
43	107	U
43	108	U
43	109	U
43	110	-1
43	111	-1
43	112	-1
43	113	L
43	114	L
43	115	L
43	116	-1
43	117	-1
43	118	-1
43	119	Lp
44	0	L
44	1	L
44	2	Lp
44	3	Lp
44	4	Lp
44	5	Lp
44	6	-1
44	7	Lp
44	8	U
44	9	Lp
44	10	-1
44	11	Lp
44	12	Lp
44	13	Lp
44	14	-1
44	15	-1
44	16	Lp
44	17	-1
44	18	Lp
44	19	-1
44	20	-1
44	21	-1
44	22	Lp
44	23	Lp
44	24	Lp
44	25	Lp
44	26	Lp
44	27	-1
44	28	Lp
44	29	-1
44	30	Lp
44	31	U
44	32	U
44	33	L
44	34	-1
44	35	L
44	36	L
44	37	L
44	38	Lp
44	39	L
44	40	L
44	41	L
44	42	L
44	43	-1
44	44	Lp
44	45	Lp
44	46	-1
44	47	-1
44	48	Lp
44	49	Lp
44	50	Lp
44	51	Lp
44	52	Lp
44	53	Lp
44	54	-1
44	55	-1
44	56	-1
44	57	-1
44	58	Lp
44	59	Lp
44	60	U
44	61	U
44	62	-1
44	63	Lp
44	64	-1
44	65	-1
44	66	L
44	67	L
44	68	L
44	69	L
44	70	L
44	71	-1
44	72	L
44	73	L
44	74	-1
44	75	L
44	76	-1
44	77	-1
44	78	L
44	79	L
44	80	-1
44	81	L
44	82	L
44	83	L
44	84	-1
44	85	L
44	86	L
44	87	L
44	88	L
44	89	L
44	90	L
44	91	L
44	92	L
44	93	L
44	94	-1
44	95	-1
44	96	U
44	97	L
44	98	-1
44	99	L
44	100	L
44	101	L
44	102	-1
44	103	-1
44	104	L
44	105	L
44	106	L
44	107	-1
44	108	U
44	109	U
44	110	-1
44	111	-1
44	112	L
44	113	L
44	114	L
44	115	-1
44	116	-1
44	117	-1
44	118	Lp
44	119	-1
45	0	-1
45	1	-1
45	2	-1
45	3	Lp
45	4	Lp
45	5	-1
45	6	Lp
45	7	U
45	8	Lp
45	9	-1
45	10	-1
45	11	-1
45	12	Lp
45	13	Lp
45	14	-1
45	15	-1
45	16	-1
45	17	Lp
45	18	Lp
45	19	Lp
45	20	L
45	21	-1
45	22	-1
45	23	-1
45	24	Lp
45	25	-1
45	26	-1
45	27	Lp
45	28	Lp
45	29	Lp
45	30	-1
45	31	L
45	32	-1
45	33	-1
45	34	L
45	35	L
45	36	L
45	37	L
45	38	L
45	39	L
45	40	L
45	41	Lp
45	42	Lp
45	43	Lp
45	44	-1
45	45	-1
45	46	Lp
45	47	Lp
45	48	Lp
45	49	Lp
45	50	Lp
45	51	Lp
45	52	Lp
45	53	-1
45	54	Lp
45	55	Lp
45	56	Lp
45	57	-1
45	58	-1
45	59	Lp
45	60	-1
45	61	-1
45	62	-1
45	63	Lp
45	64	Lp
45	65	U
45	66	-1
45	67	L
45	68	L
45	69	-1
45	70	L
45	71	L
45	72	L
45	73	-1
45	74	L
45	75	-1
45	76	-1
45	77	L
45	78	-1
45	79	L
45	80	-1
45	81	L
45	82	L
45	83	-1
45	84	L
45	85	-1
45	86	L
45	87	-1
45	88	L
45	89	-1
45	90	-1
45	91	L
45	92	L
45	93	L
45	94	L
45	95	L
45	96	-1
45	97	L
45	98	L
45	99	-1
45	100	-1
45	101	L
45	102	L
45	103	L
45	104	L
45	105	L
45	106	L
45	107	-1
45	108	-1
45	109	U
45	110	-1
45	111	-1
45	112	-1
45	113	-1
45	114	L
45	115	-1
45	116	L
45	117	L
45	118	-1
45	119	-1
46	0	Lp
46	1	Lp
46	2	Lp
46	3	Lp
46	4	Lp
46	5	U
46	6	Lp
46	7	-1
46	8	Lp
46	9	-1
46	10	-1
46	11	Lp
46	12	-1
46	13	Lp
46	14	L
46	15	Lp
46	16	-1
46	17	L
46	18	L
46	19	U
46	20	-1
46	21	L
46	22	Lp
46	23	Lp
46	24	-1
46	25	-1
46	26	-1
46	27	-1
46	28	Lp
46	29	Lp
46	30	-1
46	31	L
46	32	-1
46	33	-1
46	34	Lp
46	35	L
46	36	Lp
46	37	-1
46	38	Lp
46	39	L
46	40	L
46	41	Lp
46	42	-1
46	43	Lp
46	44	-1
46	45	-1
46	46	Lp
46	47	U
46	48	-1
46	49	Lp
46	50	Lp
46	51	Lp
46	52	-1
46	53	Lp
46	54	Lp
46	55	Lp
46	56	-1
46	57	-1
46	58	-1
46	59	-1
46	60	Lp
46	61	Lp
46	62	-1
46	63	-1
46	64	-1
46	65	-1
46	66	-1
46	67	-1
46	68	-1
46	69	L
46	70	-1
46	71	-1
46	72	-1
46	73	-1
46	74	L
46	75	-1
46	76	L
46	77	-1
46	78	-1
46	79	L
46	80	L
46	81	L
46	82	L
46	83	L
46	84	L
46	85	L
46	86	-1
46	87	-1
46	88	L
46	89	L
46	90	-1
46	91	L
46	92	L
46	93	L
46	94	L
46	95	L
46	96	L
46	97	-1
46	98	L
46	99	-1
46	100	L
46	101	L
46	102	L
46	103	L
46	104	L
46	105	-1
46	106	-1
46	107	L
46	108	-1
46	109	-1
46	110	-1
46	111	-1
46	112	-1
46	113	L
46	114	L
46	115	L
46	116	L
46	117	-1
46	118	L
46	119	-1
47	0	Lp
47	1	-1
47	2	Lp
47	3	Lp
47	4	Lp
47	5	-1
47	6	Lp
47	7	-1
47	8	Lp
47	9	-1
47	10	Lp
47	11	-1
47	12	Lp
47	13	Lp
47	14	Lp
47	15	-1
47	16	L
47	17	L
47	18	-1
47	19	L
47	20	U
47	21	L
47	22	Lp
47	23	Lp
47	24	Lp
47	25	Lp
47	26	-1
47	27	-1
47	28	Lp
47	29	-1
47	30	Lp
47	31	-1
47	32	-1
47	33	Lp
47	34	L
47	35	L
47	36	L
47	37	L
47	38	Lp
47	39	Lp
47	40	Lp
47	41	-1
47	42	Lp
47	43	Lp
47	44	Lp
47	45	Lp
47	46	Lp
47	47	Lp
47	48	-1
47	49	Lp
47	50	Lp
47	51	-1
47	52	Lp
47	53	Lp
47	54	Lp
47	55	Lp
47	56	Lp
47	57	Lp
47	58	Lp
47	59	Lp
47	60	-1
47	61	Lp
47	62	-1
47	63	-1
47	64	U
47	65	Lp
47	66	-1
47	67	L
47	68	L
47	69	L
47	70	-1
47	71	L
47	72	-1
47	73	-1
47	74	U
47	75	L
47	76	L
47	77	U
47	78	L
47	79	L
47	80	L
47	81	L
47	82	L
47	83	-1
47	84	L
47	85	L
47	86	L
47	87	-1
47	88	L
47	89	L
47	90	-1
47	91	-1
47	92	-1
47	93	L
47	94	L
47	95	L
47	96	-1
47	97	L
47	98	-1
47	99	-1
47	100	L
47	101	L
47	102	L
47	103	L
47	104	L
47	105	L
47	106	L
47	107	L
47	108	L
47	109	L
47	110	-1
47	111	L
47	112	L
47	113	L
47	114	L
47	115	L
47	116	L
47	117	L
47	118	-1
47	119	Lp
48	0	-1
48	1	Lp
48	2	-1
48	3	Lp
48	4	-1
48	5	-1
48	6	-1
48	7	Lp
48	8	-1
48	9	Lp
48	10	-1
48	11	-1
48	12	Lp
48	13	-1
48	14	L
48	15	-1
48	16	L
48	17	L
48	18	L
48	19	L
48	20	L
48	21	U
48	22	Lp
48	23	Lp
48	24	Lp
48	25	Lp
48	26	-1
48	27	Lp
48	28	-1
48	29	-1
48	30	-1
48	31	-1
48	32	Lp
48	33	-1
48	34	-1
48	35	Lp
48	36	-1
48	37	Lp
48	38	Lp
48	39	Lp
48	40	Lp
48	41	Lp
48	42	Lp
48	43	-1
48	44	-1
48	45	Lp
48	46	-1
48	47	-1
48	48	Lp
48	49	Lp
48	50	Lp
48	51	Lp
48	52	-1
48	53	Lp
48	54	Lp
48	55	Lp
48	56	Lp
48	57	Lp
48	58	Lp
48	59	Lp
48	60	-1
48	61	-1
48	62	-1
48	63	Lp
48	64	Lp
48	65	U
48	66	U
48	67	L
48	68	L
48	69	-1
48	70	Lp
48	71	L
48	72	L
48	73	L
48	74	-1
48	75	-1
48	76	U
48	77	-1
48	78	-1
48	79	-1
48	80	L
48	81	L
48	82	U
48	83	U
48	84	L
48	85	L
48	86	L
48	87	L
48	88	L
48	89	L
48	90	L
48	91	-1
48	92	L
48	93	L
48	94	-1
48	95	U
48	96	L
48	97	-1
48	98	L
48	99	L
48	100	L
48	101	L
48	102	-1
48	103	L
48	104	L
48	105	L
48	106	-1
48	107	L
48	108	-1
48	109	L
48	110	-1
48	111	L
48	112	Lp
48	113	-1
48	114	L
48	115	-1
48	116	L
48	117	L
48	118	-1
48	119	Lp
49	0	Lp
49	1	Lp
49	2	Lp
49	3	Lp
49	4	-1
49	5	-1
49	6	Lp
49	7	Lp
49	8	-1
49	9	-1
49	10	Lp
49	11	-1
49	12	L
49	13	-1
49	14	Lp
49	15	-1
49	16	Lp
49	17	-1
49	18	L
49	19	Lp
49	20	-1
49	21	-1
49	22	-1
49	23	Lp
49	24	-1
49	25	-1
49	26	Lp
49	27	Lp
49	28	-1
49	29	-1
49	30	Lp
49	31	Lp
49	32	Lp
49	33	Lp
49	34	Lp
49	35	L
49	36	-1
49	37	-1
49	38	-1
49	39	Lp
49	40	-1
49	41	Lp
49	42	Lp
49	43	Lp
49	44	Lp
49	45	-1
49	46	-1
49	47	-1
49	48	-1
49	49	-1
49	50	Lp
49	51	Lp
49	52	Lp
49	53	Lp
49	54	Lp
49	55	Lp
49	56	-1
49	57	Lp
49	58	-1
49	59	-1
49	60	Lp
49	61	-1
49	62	-1
49	63	U
49	64	U
49	65	-1
49	66	L
49	67	L
49	68	L
49	69	-1
49	70	-1
49	71	Lp
49	72	Lp
49	73	L
49	74	-1
49	75	-1
49	76	L
49	77	U
49	78	-1
49	79	L
49	80	L
49	81	U
49	82	U
49	83	L
49	84	L
49	85	L
49	86	-1
49	87	-1
49	88	L
49	89	-1
49	90	-1
49	91	-1
49	92	L
49	93	-1
49	94	-1
49	95	U
49	96	-1
49	97	L
49	98	L
49	99	L
49	100	Lp
49	101	-1
49	102	Lp
49	103	Lp
49	104	Lp
49	105	-1
49	106	L
49	107	L
49	108	L
49	109	-1
49	110	L
49	111	L
49	112	-1
49	113	-1
49	114	-1
49	115	L
49	116	-1
49	117	-1
49	118	Lp
49	119	Lp
50	0	-1
50	1	L
50	2	-1
50	3	Lp
50	4	Lp
50	5	-1
50	6	Lp
50	7	Lp
50	8	U
50	9	-1
50	10	-1
50	11	-1
50	12	-1
50	13	Lp
50	14	-1
50	15	Lp
50	16	Lp
50	17	-1
50	18	-1
50	19	L
50	20	-1
50	21	-1
50	22	Lp
50	23	Lp
50	24	Lp
50	25	U
50	26	-1
50	27	Lp
50	28	Lp
50	29	Lp
50	30	-1
50	31	Lp
50	32	-1
50	33	-1
50	34	-1
50	35	Lp
50	36	Lp
50	37	Lp
50	38	Lp
50	39	-1
50	40	-1
50	41	U
50	42	Lp
50	43	Lp
50	44	-1
50	45	Lp
50	46	-1
50	47	Lp
50	48	Lp
50	49	-1
50	50	-1
50	51	Lp
50	52	-1
50	53	-1
50	54	-1
50	55	-1
50	56	-1
50	57	Lp
50	58	Lp
50	59	-1
50	60	-1
50	61	-1
50	62	U
50	63	U
50	64	-1
50	65	-1
50	66	L
50	67	Lp
50	68	-1
50	69	Lp
50	70	Lp
50	71	Lp
50	72	L
50	73	-1
50	74	L
50	75	-1
50	76	L
50	77	-1
50	78	-1
50	79	L
50	80	-1
50	81	U
50	82	L
50	83	U
50	84	U
50	85	-1
50	86	-1
50	87	L
50	88	-1
50	89	L
50	90	L
50	91	L
50	92	L
50	93	U
50	94	-1
50	95	L
50	96	L
50	97	L
50	98	-1
50	99	L
50	100	-1
50	101	L
50	102	L
50	103	Lp
50	104	Lp
50	105	Lp
50	106	-1
50	107	-1
50	108	-1
50	109	L
50	110	L
50	111	L
50	112	L
50	113	L
50	114	L
50	115	L
50	116	-1
50	117	L
50	118	Lp
50	119	Lp
51	0	-1
51	1	L
51	2	Lp
51	3	Lp
51	4	Lp
51	5	-1
51	6	Lp
51	7	U
51	8	Lp
51	9	Lp
51	10	Lp
51	11	Lp
51	12	Lp
51	13	Lp
51	14	-1
51	15	Lp
51	16	-1
51	17	Lp
51	18	-1
51	19	-1
51	20	-1
51	21	-1
51	22	Lp
51	23	-1
51	24	Lp
51	25	U
51	26	-1
51	27	-1
51	28	-1
51	29	Lp
51	30	Lp
51	31	Lp
51	32	-1
51	33	-1
51	34	-1
51	35	U
51	36	Lp
51	37	Lp
51	38	Lp
51	39	Lp
51	40	Lp
51	41	Lp
51	42	-1
51	43	-1
51	44	Lp
51	45	Lp
51	46	Lp
51	47	-1
51	48	Lp
51	49	Lp
51	50	-1
51	51	-1
51	52	Lp
51	53	L
51	54	-1
51	55	Lp
51	56	Lp
51	57	-1
51	58	-1
51	59	-1
51	60	Lp
51	61	-1
51	62	Lp
51	63	-1
51	64	U
51	65	U
51	66	U
51	67	Lp
51	68	Lp
51	69	Lp
51	70	Lp
51	71	Lp
51	72	-1
51	73	L
51	74	L
51	75	L
51	76	-1
51	77	L
51	78	-1
51	79	L
51	80	-1
51	81	L
51	82	-1
51	83	L
51	84	-1
51	85	-1
51	86	L
51	87	L
51	88	U
51	89	-1
51	90	L
51	91	L
51	92	L
51	93	L
51	94	U
51	95	U
51	96	L
51	97	L
51	98	L
51	99	L
51	100	L
51	101	L
51	102	Lp
51	103	Lp
51	104	Lp
51	105	Lp
51	106	Lp
51	107	Lp
51	108	Lp
51	109	Lp
51	110	-1
51	111	Lp
51	112	-1
51	113	L
51	114	L
51	115	L
51	116	L
51	117	L
51	118	L
51	119	L
52	0	Lp
52	1	L
52	2	-1
52	3	-1
52	4	Lp
52	5	Lp
52	6	Lp
52	7	Lp
52	8	Lp
52	9	-1
52	10	Lp
52	11	Lp
52	12	Lp
52	13	-1
52	14	-1
52	15	Lp
52	16	-1
52	17	Lp
52	18	Lp
52	19	Lp
52	20	-1
52	21	-1
52	22	-1
52	23	Lp
52	24	-1
52	25	-1
52	26	Lp
52	27	-1
52	28	-1
52	29	Lp
52	30	Lp
52	31	-1
52	32	-1
52	33	-1
52	34	Lp
52	35	Lp
52	36	Lp
52	37	-1
52	38	-1
52	39	Lp
52	40	-1
52	41	Lp
52	42	-1
52	43	Lp
52	44	-1
52	45	Lp
52	46	Lp
52	47	Lp
52	48	-1
52	49	-1
52	50	-1
52	51	-1
52	52	Lp
52	53	-1
52	54	L
52	55	Lp
52	56	L
52	57	-1
52	58	-1
52	59	-1
52	60	Lp
52	61	Lp
52	62	-1
52	63	U
52	64	Lp
52	65	U
52	66	Lp
52	67	Lp
52	68	Lp
52	69	Lp
52	70	Lp
52	71	L
52	72	-1
52	73	-1
52	74	L
52	75	-1
52	76	L
52	77	L
52	78	L
52	79	L
52	80	L
52	81	L
52	82	-1
52	83	L
52	84	U
52	85	U
52	86	L
52	87	L
52	88	-1
52	89	-1
52	90	U
52	91	L
52	92	-1
52	93	L
52	94	-1
52	95	-1
52	96	-1
52	97	-1
52	98	-1
52	99	L
52	100	U
52	101	Lp
52	102	Lp
52	103	-1
52	104	-1
52	105	Lp
52	106	Lp
52	107	-1
52	108	Lp
52	109	-1
52	110	Lp
52	111	Lp
52	112	Lp
52	113	-1
52	114	L
52	115	-1
52	116	L
52	117	L
52	118	Lp
52	119	-1
53	0	Lp
53	1	Lp
53	2	Lp
53	3	Lp
53	4	-1
53	5	-1
53	6	Lp
53	7	Lp
53	8	-1
53	9	Lp
53	10	Lp
53	11	-1
53	12	-1
53	13	-1
53	14	Lp
53	15	Lp
53	16	-1
53	17	-1
53	18	-1
53	19	Lp
53	20	-1
53	21	Lp
53	22	-1
53	23	Lp
53	24	Lp
53	25	Lp
53	26	-1
53	27	-1
53	28	-1
53	29	Lp
53	30	Lp
53	31	-1
53	32	Lp
53	33	Lp
53	34	Lp
53	35	Lp
53	36	Lp
53	37	Lp
53	38	Lp
53	39	Lp
53	40	Lp
53	41	Lp
53	42	Lp
53	43	-1
53	44	Lp
53	45	-1
53	46	Lp
53	47	-1
53	48	Lp
53	49	Lp
53	50	Lp
53	51	-1
53	52	-1
53	53	L
53	54	L
53	55	-1
53	56	-1
53	57	-1
53	58	-1
53	59	Lp
53	60	Lp
53	61	Lp
53	62	U
53	63	-1
53	64	Lp
53	65	L
53	66	-1
53	67	Lp
53	68	-1
53	69	Lp
53	70	-1
53	71	-1
53	72	-1
53	73	Lp
53	74	L
53	75	-1
53	76	L
53	77	L
53	78	L
53	79	-1
53	80	L
53	81	L
53	82	L
53	83	-1
53	84	L
53	85	L
53	86	-1
53	87	-1
53	88	-1
53	89	L
53	90	-1
53	91	-1
53	92	L
53	93	L
53	94	L
53	95	L
53	96	L
53	97	L
53	98	L
53	99	Lp
53	100	-1
53	101	Lp
53	102	L
53	103	-1
53	104	L
53	105	Lp
53	106	-1
53	107	-1
53	108	Lp
53	109	Lp
53	110	Lp
53	111	Lp
53	112	Lp
53	113	Lp
53	114	L
53	115	L
53	116	Lp
53	117	Lp
53	118	L
53	119	Lp
54	0	Lp
54	1	Lp
54	2	-1
54	3	Lp
54	4	-1
54	5	-1
54	6	Lp
54	7	Lp
54	8	Lp
54	9	U
54	10	Lp
54	11	Lp
54	12	-1
54	13	-1
54	14	-1
54	15	-1
54	16	Lp
54	17	-1
54	18	Lp
54	19	Lp
54	20	Lp
54	21	Lp
54	22	-1
54	23	Lp
54	24	-1
54	25	Lp
54	26	-1
54	27	Lp
54	28	Lp
54	29	Lp
54	30	Lp
54	31	Lp
54	32	-1
54	33	-1
54	34	-1
54	35	Lp
54	36	Lp
54	37	Lp
54	38	Lp
54	39	-1
54	40	Lp
54	41	Lp
54	42	Lp
54	43	-1
54	44	-1
54	45	-1
54	46	-1
54	47	Lp
54	48	Lp
54	49	Lp
54	50	Lp
54	51	-1
54	52	L
54	53	L
54	54	L
54	55	L
54	56	Lp
54	57	-1
54	58	Lp
54	59	L
54	60	L
54	61	Lp
54	62	Lp
54	63	Lp
54	64	-1
54	65	-1
54	66	-1
54	67	U
54	68	-1
54	69	Lp
54	70	-1
54	71	-1
54	72	Lp
54	73	L
54	74	L
54	75	L
54	76	-1
54	77	L
54	78	-1
54	79	L
54	80	L
54	81	L
54	82	L
54	83	L
54	84	L
54	85	Lp
54	86	-1
54	87	L
54	88	L
54	89	L
54	90	L
54	91	L
54	92	-1
54	93	-1
54	94	L
54	95	L
54	96	L
54	97	-1
54	98	L
54	99	L
54	100	Lp
54	101	-1
54	102	Lp
54	103	-1
54	104	L
54	105	-1
54	106	Lp
54	107	-1
54	108	-1
54	109	-1
54	110	-1
54	111	Lp
54	112	Lp
54	113	Lp
54	114	L
54	115	Lp
54	116	-1
54	117	-1
54	118	-1
54	119	Lp
55	0	Lp
55	1	Lp
55	2	U
55	3	Lp
55	4	Lp
55	5	-1
55	6	-1
55	7	U
55	8	U
55	9	Lp
55	10	Lp
55	11	-1
55	12	Lp
55	13	-1
55	14	-1
55	15	Lp
55	16	-1
55	17	Lp
55	18	Lp
55	19	-1
55	20	Lp
55	21	Lp
55	22	Lp
55	23	-1
55	24	-1
55	25	-1
55	26	Lp
55	27	Lp
55	28	Lp
55	29	Lp
55	30	Lp
55	31	-1
55	32	-1
55	33	-1
55	34	-1
55	35	Lp
55	36	Lp
55	37	Lp
55	38	Lp
55	39	-1
55	40	-1
55	41	Lp
55	42	Lp
55	43	Lp
55	44	-1
55	45	-1
55	46	-1
55	47	-1
55	48	-1
55	49	-1
55	50	-1
55	51	U
55	52	L
55	53	L
55	54	-1
55	55	-1
55	56	L
55	57	Lp
55	58	Lp
55	59	-1
55	60	-1
55	61	Lp
55	62	Lp
55	63	-1
55	64	L
55	65	L
55	66	U
55	67	U
55	68	L
55	69	L
55	70	-1
55	71	U
55	72	U
55	73	L
55	74	-1
55	75	-1
55	76	-1
55	77	-1
55	78	L
55	79	-1
55	80	-1
55	81	L
55	82	L
55	83	L
55	84	Lp
55	85	Lp
55	86	L
55	87	L
55	88	L
55	89	L
55	90	-1
55	91	-1
55	92	L
55	93	-1
55	94	-1
55	95	L
55	96	L
55	97	-1
55	98	L
55	99	Lp
55	100	U
55	101	U
55	102	L
55	103	U
55	104	-1
55	105	Lp
55	106	-1
55	107	Lp
55	108	Lp
55	109	Lp
55	110	-1
55	111	-1
55	112	Lp
55	113	Lp
55	114	Lp
55	115	Lp
55	116	Lp
55	117	-1
55	118	Lp
55	119	Lp
56	0	-1
56	1	-1
56	2	-1
56	3	Lp
56	4	Lp
56	5	Lp
56	6	-1
56	7	-1
56	8	Lp
56	9	Lp
56	10	-1
56	11	-1
56	12	-1
56	13	Lp
56	14	Lp
56	15	-1
56	16	Lp
56	17	-1
56	18	Lp
56	19	Lp
56	20	Lp
56	21	L
56	22	-1
56	23	-1
56	24	U
56	25	U
56	26	U
56	27	-1
56	28	Lp
56	29	-1
56	30	-1
56	31	-1
56	32	Lp
56	33	-1
56	34	-1
56	35	-1
56	36	Lp
56	37	Lp
56	38	Lp
56	39	Lp
56	40	Lp
56	41	Lp
56	42	Lp
56	43	Lp
56	44	-1
56	45	Lp
56	46	U
56	47	Lp
56	48	Lp
56	49	U
56	50	U
56	51	U
56	52	L
56	53	L
56	54	-1
56	55	Lp
56	56	Lp
56	57	-1
56	58	Lp
56	59	-1
56	60	-1
56	61	L
56	62	L
56	63	L
56	64	L
56	65	U
56	66	U
56	67	U
56	68	-1
56	69	-1
56	70	L
56	71	L
56	72	U
56	73	-1
56	74	L
56	75	L
56	76	-1
56	77	L
56	78	L
56	79	L
56	80	L
56	81	-1
56	82	L
56	83	L
56	84	L
56	85	-1
56	86	-1
56	87	L
56	88	L
56	89	-1
56	90	L
56	91	L
56	92	-1
56	93	L
56	94	L
56	95	-1
56	96	L
56	97	L
56	98	Lp
56	99	L
56	100	-1
56	101	U
56	102	U
56	103	-1
56	104	L
56	105	L
56	106	-1
56	107	Lp
56	108	-1
56	109	Lp
56	110	-1
56	111	Lp
56	112	Lp
56	113	Lp
56	114	-1
56	115	-1
56	116	-1
56	117	Lp
56	118	Lp
56	119	-1
57	0	-1
57	1	Lp
57	2	Lp
57	3	Lp
57	4	-1
57	5	Lp
57	6	-1
57	7	Lp
57	8	-1
57	9	Lp
57	10	U
57	11	-1
57	12	Lp
57	13	Lp
57	14	Lp
57	15	-1
57	16	-1
57	17	Lp
57	18	-1
57	19	Lp
57	20	L
57	21	L
57	22	Lp
57	23	L
57	24	L
57	25	-1
57	26	-1
57	27	U
57	28	U
57	29	U
57	30	-1
57	31	-1
57	32	-1
57	33	Lp
57	34	Lp
57	35	Lp
57	36	-1
57	37	Lp
57	38	-1
57	39	L
57	40	-1
57	41	Lp
57	42	Lp
57	43	Lp
57	44	Lp
57	45	Lp
57	46	-1
57	47	-1
57	48	Lp
57	49	Lp
57	50	-1
57	51	Lp
57	52	-1
57	53	-1
57	54	-1
57	55	-1
57	56	-1
57	57	Lp
57	58	Lp
57	59	-1
57	60	-1
57	61	Lp
57	62	U
57	63	Lp
57	64	L
57	65	L
57	66	-1
57	67	L
57	68	-1
57	69	L
57	70	-1
57	71	L
57	72	L
57	73	-1
57	74	L
57	75	-1
57	76	L
57	77	-1
57	78	-1
57	79	L
57	80	L
57	81	-1
57	82	-1
57	83	L
57	84	-1
57	85	L
57	86	-1
57	87	L
57	88	L
57	89	L
57	90	-1
57	91	-1
57	92	L
57	93	-1
57	94	-1
57	95	L
57	96	L
57	97	L
57	98	-1
57	99	L
57	100	U
57	101	Lp
57	102	Lp
57	103	-1
57	104	Lp
57	105	-1
57	106	Lp
57	107	Lp
57	108	-1
57	109	Lp
57	110	Lp
57	111	Lp
57	112	Lp
57	113	-1
57	114	-1
57	115	Lp
57	116	Lp
57	117	Lp
57	118	Lp
57	119	-1
58	0	-1
58	1	-1
58	2	Lp
58	3	-1
58	4	Lp
58	5	-1
58	6	L
58	7	L
58	8	U
58	9	Lp
58	10	Lp
58	11	Lp
58	12	Lp
58	13	Lp
58	14	Lp
58	15	-1
58	16	Lp
58	17	Lp
58	18	Lp
58	19	-1
58	20	-1
58	21	-1
58	22	L
58	23	-1
58	24	-1
58	25	U
58	26	U
58	27	L
58	28	-1
58	29	-1
58	30	-1
58	31	U
58	32	-1
58	33	L
58	34	L
58	35	L
58	36	Lp
58	37	L
58	38	-1
58	39	-1
58	40	L
58	41	Lp
58	42	Lp
58	43	Lp
58	44	-1
58	45	Lp
58	46	Lp
58	47	Lp
58	48	-1
58	49	-1
58	50	Lp
58	51	Lp
58	52	Lp
58	53	-1
58	54	L
58	55	Lp
58	56	Lp
58	57	Lp
58	58	Lp
58	59	-1
58	60	Lp
58	61	-1
58	62	Lp
58	63	-1
58	64	-1
58	65	-1
58	66	L
58	67	U
58	68	L
58	69	L
58	70	L
58	71	L
58	72	L
58	73	L
58	74	L
58	75	L
58	76	-1
58	77	-1
58	78	L
58	79	L
58	80	L
58	81	U
58	82	U
58	83	-1
58	84	Lp
58	85	-1
58	86	-1
58	87	L
58	88	-1
58	89	L
58	90	U
58	91	-1
58	92	L
58	93	L
58	94	-1
58	95	L
58	96	-1
58	97	L
58	98	L
58	99	L
58	100	-1
58	101	-1
58	102	-1
58	103	-1
58	104	Lp
58	105	Lp
58	106	Lp
58	107	-1
58	108	Lp
58	109	-1
58	110	-1
58	111	-1
58	112	Lp
58	113	Lp
58	114	-1
58	115	Lp
58	116	Lp
58	117	L
58	118	L
58	119	L
59	0	-1
59	1	-1
59	2	L
59	3	L
59	4	L
59	5	Lp
59	6	L
59	7	U
59	8	U
59	9	Lp
59	10	-1
59	11	Lp
59	12	Lp
59	13	Lp
59	14	Lp
59	15	Lp
59	16	Lp
59	17	Lp
59	18	Lp
59	19	-1
59	20	Lp
59	21	Lp
59	22	Lp
59	23	Lp
59	24	U
59	25	U
59	26	-1
59	27	U
59	28	U
59	29	U
59	30	U
59	31	-1
59	32	-1
59	33	L
59	34	-1
59	35	-1
59	36	-1
59	37	L
59	38	Lp
59	39	Lp
59	40	Lp
59	41	Lp
59	42	Lp
59	43	-1
59	44	-1
59	45	-1
59	46	Lp
59	47	Lp
59	48	Lp
59	49	Lp
59	50	Lp
59	51	Lp
59	52	-1
59	53	-1
59	54	-1
59	55	Lp
59	56	Lp
59	57	-1
59	58	Lp
59	59	-1
59	60	L
59	61	Lp
59	62	-1
59	63	-1
59	64	L
59	65	-1
59	66	L
59	67	L
59	68	U
59	69	-1
59	70	L
59	71	L
59	72	U
59	73	L
59	74	-1
59	75	-1
59	76	L
59	77	L
59	78	L
59	79	L
59	80	U
59	81	Lp
59	82	-1
59	83	L
59	84	-1
59	85	Lp
59	86	Lp
59	87	L
59	88	L
59	89	Lp
59	90	U
59	91	U
59	92	-1
59	93	-1
59	94	L
59	95	L
59	96	-1
59	97	L
59	98	L
59	99	L
59	100	L
59	101	-1
59	102	Lp
59	103	Lp
59	104	-1
59	105	Lp
59	106	Lp
59	107	Lp
59	108	L
59	109	Lp
59	110	L
59	111	-1
59	112	Lp
59	113	Lp
59	114	-1
59	115	Lp
59	116	Lp
59	117	Lp
59	118	L
59	119	-1
60	0	Lp
60	1	-1
60	2	L
60	3	L
60	4	Lp
60	5	L
60	6	U
60	7	U
60	8	-1
60	9	Lp
60	10	-1
60	11	-1
60	12	-1
60	13	Lp
60	14	Lp
60	15	-1
60	16	Lp
60	17	-1
60	18	-1
60	19	Lp
60	20	-1
60	21	Lp
60	22	Lp
60	23	-1
60	24	U
60	25	U
60	26	U
60	27	U
60	28	-1
60	29	-1
60	30	U
60	31	-1
60	32	Lp
60	33	Lp
60	34	Lp
60	35	-1
60	36	L
60	37	Lp
60	38	L
60	39	Lp
60	40	Lp
60	41	Lp
60	42	Lp
60	43	Lp
60	44	-1
60	45	Lp
60	46	L
60	47	L
60	48	Lp
60	49	-1
60	50	-1
60	51	Lp
60	52	L
60	53	-1
60	54	-1
60	55	Lp
60	56	-1
60	57	-1
60	58	Lp
60	59	-1
60	60	L
60	61	-1
60	62	Lp
60	63	Lp
60	64	Lp
60	65	-1
60	66	-1
60	67	L
60	68	L
60	69	L
60	70	-1
60	71	-1
60	72	-1
60	73	-1
60	74	L
60	75	L
60	76	L
60	77	L
60	78	L
60	79	L
60	80	U
60	81	Lp
60	82	-1
60	83	-1
60	84	L
60	85	-1
60	86	L
60	87	L
60	88	-1
60	89	Lp
60	90	Lp
60	91	U
60	92	-1
60	93	-1
60	94	L
60	95	-1
60	96	L
60	97	L
60	98	L
60	99	L
60	100	L
60	101	Lp
60	102	-1
60	103	-1
60	104	-1
60	105	Lp
60	106	Lp
60	107	L
60	108	-1
60	109	-1
60	110	L
60	111	Lp
60	112	-1
60	113	-1
60	114	-1
60	115	-1
60	116	-1
60	117	Lp
60	118	-1
60	119	Lp
61	0	Lp
61	1	Lp
61	2	L
61	3	L
61	4	L
61	5	-1
61	6	Lp
61	7	Lp
61	8	Lp
61	9	-1
61	10	-1
61	11	-1
61	12	Lp
61	13	-1
61	14	-1
61	15	Lp
61	16	Lp
61	17	-1
61	18	-1
61	19	-1
61	20	-1
61	21	-1
61	22	Lp
61	23	-1
61	24	Lp
61	25	L
61	26	-1
61	27	U
61	28	L
61	29	U
61	30	U
61	31	-1
61	32	L
61	33	Lp
61	34	-1
61	35	-1
61	36	-1
61	37	L
61	38	-1
61	39	L
61	40	Lp
61	41	Lp
61	42	-1
61	43	-1
61	44	L
61	45	-1
61	46	L
61	47	-1
61	48	L
61	49	-1
61	50	Lp
61	51	Lp
61	52	-1
61	53	L
61	54	Lp
61	55	Lp
61	56	-1
61	57	Lp
61	58	Lp
61	59	L
61	60	L
61	61	Lp
61	62	Lp
61	63	Lp
61	64	Lp
61	65	L
61	66	L
61	67	L
61	68	-1
61	69	L
61	70	L
61	71	L
61	72	-1
61	73	-1
61	74	-1
61	75	L
61	76	L
61	77	-1
61	78	U
61	79	-1
61	80	-1
61	81	U
61	82	-1
61	83	-1
61	84	L
61	85	L
61	86	Lp
61	87	-1
61	88	Lp
61	89	Lp
61	90	Lp
61	91	-1
61	92	Lp
61	93	Lp
61	94	Lp
61	95	-1
61	96	-1
61	97	-1
61	98	L
61	99	L
61	100	L
61	101	-1
61	102	-1
61	103	L
61	104	L
61	105	-1
61	106	-1
61	107	-1
61	108	-1
61	109	L
61	110	Lp
61	111	-1
61	112	Lp
61	113	L
61	114	L
61	115	-1
61	116	L
61	117	Lp
61	118	Lp
61	119	-1
62	0	Lp
62	1	-1
62	2	Lp
62	3	L
62	4	L
62	5	-1
62	6	-1
62	7	-1
62	8	-1
62	9	-1
62	10	-1
62	11	-1
62	12	-1
62	13	Lp
62	14	-1
62	15	Lp
62	16	Lp
62	17	-1
62	18	Lp
62	19	-1
62	20	-1
62	21	-1
62	22	-1
62	23	Lp
62	24	-1
62	25	Lp
62	26	-1
62	27	-1
62	28	L
62	29	L
62	30	U
62	31	-1
62	32	L
62	33	-1
62	34	L
62	35	-1
62	36	Lp
62	37	Lp
62	38	L
62	39	L
62	40	L
62	41	L
62	42	-1
62	43	Lp
62	44	Lp
62	45	L
62	46	-1
62	47	-1
62	48	L
62	49	-1
62	50	-1
62	51	-1
62	52	-1
62	53	-1
62	54	L
62	55	-1
62	56	-1
62	57	Lp
62	58	Lp
62	59	L
62	60	L
62	61	-1
62	62	Lp
62	63	-1
62	64	-1
62	65	-1
62	66	-1
62	67	Lp
62	68	L
62	69	L
62	70	-1
62	71	-1
62	72	L
62	73	-1
62	74	L
62	75	-1
62	76	L
62	77	L
62	78	-1
62	79	U
62	80	L
62	81	U
62	82	U
62	83	U
62	84	L
62	85	L
62	86	-1
62	87	L
62	88	-1
62	89	Lp
62	90	Lp
62	91	Lp
62	92	Lp
62	93	Lp
62	94	Lp
62	95	-1
62	96	-1
62	97	-1
62	98	L
62	99	L
62	100	-1
62	101	-1
62	102	-1
62	103	-1
62	104	L
62	105	L
62	106	Lp
62	107	Lp
62	108	L
62	109	-1
62	110	L
62	111	Lp
62	112	Lp
62	113	-1
62	114	L
62	115	L
62	116	L
62	117	-1
62	118	-1
62	119	-1
63	0	Lp
63	1	Lp
63	2	Lp
63	3	-1
63	4	-1
63	5	L
63	6	-1
63	7	-1
63	8	-1
63	9	-1
63	10	Lp
63	11	Lp
63	12	-1
63	13	-1
63	14	Lp
63	15	Lp
63	16	Lp
63	17	-1
63	18	Lp
63	19	-1
63	20	Lp
63	21	Lp
63	22	-1
63	23	Lp
63	24	Lp
63	25	-1
63	26	U
63	27	-1
63	28	U
63	29	-1
63	30	L
63	31	U
63	32	L
63	33	L
63	34	L
63	35	L
63	36	L
63	37	-1
63	38	L
63	39	L
63	40	L
63	41	-1
63	42	L
63	43	L
63	44	L
63	45	L
63	46	L
63	47	L
63	48	-1
63	49	L
63	50	Lp
63	51	Lp
63	52	-1
63	53	L
63	54	L
63	55	-1
63	56	L
63	57	-1
63	58	-1
63	59	-1
63	60	-1
63	61	Lp
63	62	Lp
63	63	Lp
63	64	Lp
63	65	-1
63	66	-1
63	67	L
63	68	L
63	69	L
63	70	-1
63	71	-1
63	72	L
63	73	-1
63	74	-1
63	75	U
63	76	U
63	77	-1
63	78	-1
63	79	L
63	80	-1
63	81	U
63	82	U
63	83	-1
63	84	-1
63	85	-1
63	86	-1
63	87	-1
63	88	-1
63	89	Lp
63	90	-1
63	91	-1
63	92	L
63	93	Lp
63	94	-1
63	95	-1
63	96	Lp
63	97	-1
63	98	L
63	99	-1
63	100	-1
63	101	-1
63	102	Lp
63	103	Lp
63	104	-1
63	105	L
63	106	L
63	107	Lp
63	108	L
63	109	-1
63	110	-1
63	111	-1
63	112	L
63	113	L
63	114	L
63	115	L
63	116	Lp
63	117	Lp
63	118	Lp
63	119	-1
64	0	L
64	1	L
64	2	Lp
64	3	L
64	4	-1
64	5	L
64	6	L
64	7	L
64	8	L
64	9	-1
64	10	Lp
64	11	Lp
64	12	Lp
64	13	Lp
64	14	Lp
64	15	Lp
64	16	Lp
64	17	-1
64	18	-1
64	19	Lp
64	20	-1
64	21	Lp
64	22	Lp
64	23	Lp
64	24	Lp
64	25	L
64	26	L
64	27	L
64	28	-1
64	29	-1
64	30	-1
64	31	L
64	32	L
64	33	L
64	34	L
64	35	L
64	36	L
64	37	L
64	38	Lp
64	39	L
64	40	L
64	41	-1
64	42	-1
64	43	L
64	44	L
64	45	L
64	46	L
64	47	L
64	48	L
64	49	-1
64	50	-1
64	51	-1
64	52	L
64	53	-1
64	54	L
64	55	L
64	56	L
64	57	L
64	58	L
64	59	-1
64	60	-1
64	61	Lp
64	62	Lp
64	63	Lp
64	64	Lp
64	65	Lp
64	66	Lp
64	67	L
64	68	-1
64	69	-1
64	70	-1
64	71	L
64	72	L
64	73	L
64	74	-1
64	75	L
64	76	U
64	77	Lp
64	78	-1
64	79	-1
64	80	-1
64	81	L
64	82	L
64	83	-1
64	84	L
64	85	-1
64	86	-1
64	87	-1
64	88	-1
64	89	-1
64	90	Lp
64	91	Lp
64	92	Lp
64	93	Lp
64	94	Lp
64	95	Lp
64	96	Lp
64	97	-1
64	98	L
64	99	L
64	100	L
64	101	-1
64	102	Lp
64	103	-1
64	104	L
64	105	L
64	106	L
64	107	L
64	108	L
64	109	-1
64	110	-1
64	111	-1
64	112	L
64	113	-1
64	114	-1
64	115	L
64	116	L
64	117	Lp
64	118	-1
64	119	-1
65	0	Lp
65	1	Lp
65	2	Lp
65	3	-1
65	4	-1
65	5	-1
65	6	-1
65	7	Lp
65	8	Lp
65	9	-1
65	10	Lp
65	11	Lp
65	12	Lp
65	13	Lp
65	14	-1
65	15	Lp
65	16	-1
65	17	-1
65	18	L
65	19	Lp
65	20	Lp
65	21	-1
65	22	Lp
65	23	Lp
65	24	-1
65	25	-1
65	26	-1
65	27	L
65	28	Lp
65	29	L
65	30	L
65	31	-1
65	32	L
65	33	L
65	34	L
65	35	L
65	36	-1
65	37	-1
65	38	Lp
65	39	L
65	40	-1
65	41	L
65	42	-1
65	43	-1
65	44	L
65	45	-1
65	46	L
65	47	-1
65	48	-1
65	49	L
65	50	L
65	51	-1
65	52	L
65	53	L
65	54	L
65	55	L
65	56	L
65	57	-1
65	58	L
65	59	Lp
65	60	Lp
65	61	-1
65	62	Lp
65	63	L
65	64	Lp
65	65	-1
65	66	Lp
65	67	Lp
65	68	Lp
65	69	Lp
65	70	-1
65	71	L
65	72	L
65	73	Lp
65	74	L
65	75	-1
65	76	-1
65	77	U
65	78	L
65	79	L
65	80	L
65	81	-1
65	82	-1
65	83	-1
65	84	-1
65	85	L
65	86	-1
65	87	-1
65	88	-1
65	89	Lp
65	90	-1
65	91	Lp
65	92	Lp
65	93	Lp
65	94	Lp
65	95	Lp
65	96	Lp
65	97	L
65	98	L
65	99	L
65	100	L
65	101	-1
65	102	Lp
65	103	Lp
65	104	L
65	105	L
65	106	L
65	107	-1
65	108	-1
65	109	-1
65	110	L
65	111	L
65	112	L
65	113	-1
65	114	-1
65	115	L
65	116	-1
65	117	Lp
65	118	-1
65	119	Lp
66	0	-1
66	1	Lp
66	2	-1
66	3	-1
66	4	Lp
66	5	Lp
66	6	L
66	7	L
66	8	Lp
66	9	Lp
66	10	-1
66	11	Lp
66	12	-1
66	13	Lp
66	14	Lp
66	15	Lp
66	16	-1
66	17	L
66	18	Lp
66	19	L
66	20	-1
66	21	Lp
66	22	-1
66	23	Lp
66	24	L
66	25	-1
66	26	-1
66	27	-1
66	28	Lp
66	29	-1
66	30	L
66	31	-1
66	32	-1
66	33	L
66	34	L
66	35	Lp
66	36	-1
66	37	Lp
66	38	Lp
66	39	Lp
66	40	L
66	41	L
66	42	-1
66	43	-1
66	44	-1
66	45	L
66	46	L
66	47	L
66	48	L
66	49	L
66	50	-1
66	51	-1
66	52	L
66	53	L
66	54	L
66	55	-1
66	56	L
66	57	L
66	58	Lp
66	59	-1
66	60	Lp
66	61	Lp
66	62	Lp
66	63	L
66	64	-1
66	65	Lp
66	66	L
66	67	Lp
66	68	L
66	69	L
66	70	L
66	71	L
66	72	L
66	73	-1
66	74	Lp
66	75	U
66	76	U
66	77	Lp
66	78	L
66	79	L
66	80	L
66	81	-1
66	82	-1
66	83	L
66	84	L
66	85	L
66	86	-1
66	87	-1
66	88	-1
66	89	Lp
66	90	-1
66	91	Lp
66	92	Lp
66	93	Lp
66	94	Lp
66	95	-1
66	96	Lp
66	97	Lp
66	98	-1
66	99	-1
66	100	Lp
66	101	Lp
66	102	-1
66	103	-1
66	104	L
66	105	-1
66	106	L
66	107	L
66	108	L
66	109	L
66	110	L
66	111	L
66	112	-1
66	113	L
66	114	L
66	115	Lp
66	116	Lp
66	117	L
66	118	L
66	119	Lp
67	0	L
67	1	Lp
67	2	Lp
67	3	Lp
67	4	Lp
67	5	Lp
67	6	Lp
67	7	L
67	8	L
67	9	Lp
67	10	-1
67	11	Lp
67	12	Lp
67	13	Lp
67	14	-1
67	15	-1
67	16	Lp
67	17	Lp
67	18	Lp
67	19	Lp
67	20	-1
67	21	Lp
67	22	-1
67	23	L
67	24	-1
67	25	-1
67	26	L
67	27	L
67	28	-1
67	29	Lp
67	30	Lp
67	31	Lp
67	32	L
67	33	L
67	34	-1
67	35	L
67	36	Lp
67	37	-1
67	38	-1
67	39	-1
67	40	L
67	41	-1
67	42	-1
67	43	U
67	44	L
67	45	-1
67	46	L
67	47	L
67	48	L
67	49	L
67	50	L
67	51	-1
67	52	L
67	53	L
67	54	-1
67	55	-1
67	56	-1
67	57	-1
67	58	L
67	59	L
67	60	L
67	61	L
67	62	L
67	63	L
67	64	L
67	65	L
67	66	Lp
67	67	-1
67	68	L
67	69	L
67	70	L
67	71	L
67	72	-1
67	73	Lp
67	74	L
67	75	Lp
67	76	-1
67	77	-1
67	78	L
67	79	-1
67	80	L
67	81	L
67	82	L
67	83	L
67	84	-1
67	85	L
67	86	L
67	87	-1
67	88	Lp
67	89	-1
67	90	-1
67	91	-1
67	92	Lp
67	93	Lp
67	94	Lp
67	95	Lp
67	96	Lp
67	97	Lp
67	98	-1
67	99	-1
67	100	Lp
67	101	Lp
67	102	Lp
67	103	Lp
67	104	Lp
67	105	L
67	106	L
67	107	-1
67	108	-1
67	109	L
67	110	L
67	111	-1
67	112	L
67	113	L
67	114	-1
67	115	-1
67	116	L
67	117	-1
67	118	L
67	119	-1
68	0	Lp
68	1	Lp
68	2	-1
68	3	Lp
68	4	Lp
68	5	-1
68	6	Lp
68	7	Lp
68	8	-1
68	9	-1
68	10	L
68	11	L
68	12	Lp
68	13	-1
68	14	-1
68	15	Lp
68	16	-1
68	17	-1
68	18	Lp
68	19	Lp
68	20	Lp
68	21	-1
68	22	L
68	23	L
68	24	L
68	25	L
68	26	-1
68	27	-1
68	28	L
68	29	L
68	30	L
68	31	L
68	32	L
68	33	L
68	34	-1
68	35	Lp
68	36	L
68	37	L
68	38	L
68	39	-1
68	40	Lp
68	41	Lp
68	42	Lp
68	43	L
68	44	-1
68	45	-1
68	46	L
68	47	L
68	48	-1
68	49	-1
68	50	-1
68	51	L
68	52	-1
68	53	L
68	54	L
68	55	L
68	56	L
68	57	-1
68	58	-1
68	59	L
68	60	L
68	61	-1
68	62	-1
68	63	-1
68	64	-1
68	65	L
68	66	L
68	67	L
68	68	Lp
68	69	Lp
68	70	-1
68	71	L
68	72	Lp
68	73	Lp
68	74	Lp
68	75	L
68	76	Lp
68	77	-1
68	78	L
68	79	-1
68	80	L
68	81	-1
68	82	-1
68	83	L
68	84	-1
68	85	L
68	86	L
68	87	L
68	88	-1
68	89	-1
68	90	-1
68	91	Lp
68	92	Lp
68	93	Lp
68	94	-1
68	95	Lp
68	96	Lp
68	97	L
68	98	L
68	99	-1
68	100	-1
68	101	L
68	102	L
68	103	Lp
68	104	Lp
68	105	-1
68	106	L
68	107	L
68	108	L
68	109	L
68	110	L
68	111	-1
68	112	L
68	113	-1
68	114	-1
68	115	-1
68	116	-1
68	117	U
68	118	U
68	119	U
69	0	-1
69	1	Lp
69	2	Lp
69	3	Lp
69	4	-1
69	5	-1
69	6	Lp
69	7	-1
69	8	Lp
69	9	L
69	10	-1
69	11	Lp
69	12	-1
69	13	-1
69	14	-1
69	15	Lp
69	16	-1
69	17	Lp
69	18	Lp
69	19	Lp
69	20	Lp
69	21	Lp
69	22	Lp
69	23	L
69	24	L
69	25	-1
69	26	L
69	27	L
69	28	-1
69	29	L
69	30	L
69	31	Lp
69	32	L
69	33	L
69	34	L
69	35	L
69	36	L
69	37	Lp
69	38	L
69	39	Lp
69	40	-1
69	41	Lp
69	42	Lp
69	43	Lp
69	44	-1
69	45	-1
69	46	-1
69	47	L
69	48	L
69	49	-1
69	50	L
69	51	L
69	52	L
69	53	L
69	54	L
69	55	L
69	56	-1
69	57	Lp
69	58	Lp
69	59	-1
69	60	-1
69	61	L
69	62	Lp
69	63	Lp
69	64	-1
69	65	-1
69	66	-1
69	67	L
69	68	-1
69	69	-1
69	70	L
69	71	-1
69	72	Lp
69	73	Lp
69	74	-1
69	75	-1
69	76	L
69	77	L
69	78	L
69	79	-1
69	80	-1
69	81	L
69	82	L
69	83	L
69	84	L
69	85	L
69	86	L
69	87	L
69	88	-1
69	89	-1
69	90	-1
69	91	-1
69	92	-1
69	93	Lp
69	94	Lp
69	95	Lp
69	96	Lp
69	97	L
69	98	Lp
69	99	L
69	100	L
69	101	L
69	102	L
69	103	L
69	104	-1
69	105	-1
69	106	L
69	107	L
69	108	L
69	109	-1
69	110	L
69	111	L
69	112	L
69	113	L
69	114	-1
69	115	-1
69	116	-1
69	117	U
69	118	-1
69	119	-1
70	0	Lp
70	1	-1
70	2	Lp
70	3	Lp
70	4	Lp
70	5	Lp
70	6	-1
70	7	-1
70	8	-1
70	9	-1
70	10	Lp
70	11	Lp
70	12	Lp
70	13	-1
70	14	-1
70	15	Lp
70	16	L
70	17	-1
70	18	Lp
70	19	Lp
70	20	Lp
70	21	-1
70	22	Lp
70	23	L
70	24	L
70	25	-1
70	26	-1
70	27	-1
70	28	-1
70	29	-1
70	30	L
70	31	L
70	32	L
70	33	L
70	34	L
70	35	-1
70	36	-1
70	37	-1
70	38	-1
70	39	-1
70	40	-1
70	41	Lp
70	42	Lp
70	43	L
70	44	L
70	45	L
70	46	-1
70	47	-1
70	48	-1
70	49	-1
70	50	L
70	51	-1
70	52	L
70	53	-1
70	54	L
70	55	L
70	56	-1
70	57	L
70	58	Lp
70	59	-1
70	60	-1
70	61	L
70	62	Lp
70	63	Lp
70	64	L
70	65	L
70	66	-1
70	67	Lp
70	68	-1
70	69	Lp
70	70	-1
70	71	-1
70	72	Lp
70	73	-1
70	74	L
70	75	L
70	76	L
70	77	L
70	78	L
70	79	-1
70	80	L
70	81	-1
70	82	L
70	83	L
70	84	-1
70	85	-1
70	86	L
70	87	L
70	88	L
70	89	L
70	90	-1
70	91	Lp
70	92	Lp
70	93	U
70	94	Lp
70	95	Lp
70	96	-1
70	97	L
70	98	L
70	99	L
70	100	L
70	101	L
70	102	L
70	103	-1
70	104	L
70	105	L
70	106	L
70	107	-1
70	108	-1
70	109	L
70	110	-1
70	111	-1
70	112	L
70	113	L
70	114	L
70	115	-1
70	116	-1
70	117	-1
70	118	Lp
70	119	Lp
71	0	-1
71	1	-1
71	2	-1
71	3	-1
71	4	-1
71	5	Lp
71	6	-1
71	7	-1
71	8	Lp
71	9	-1
71	10	-1
71	11	Lp
71	12	Lp
71	13	Lp
71	14	L
71	15	L
71	16	L
71	17	Lp
71	18	Lp
71	19	Lp
71	20	Lp
71	21	Lp
71	22	-1
71	23	L
71	24	-1
71	25	L
71	26	L
71	27	-1
71	28	L
71	29	L
71	30	L
71	31	L
71	32	-1
71	33	L
71	34	L
71	35	L
71	36	Lp
71	37	-1
71	38	Lp
71	39	-1
71	40	-1
71	41	Lp
71	42	Lp
71	43	L
71	44	L
71	45	-1
71	46	L
71	47	-1
71	48	-1
71	49	L
71	50	L
71	51	-1
71	52	L
71	53	L
71	54	L
71	55	L
71	56	-1
71	57	L
71	58	L
71	59	-1
71	60	L
71	61	L
71	62	-1
71	63	L
71	64	L
71	65	L
71	66	L
71	67	L
71	68	Lp
71	69	Lp
71	70	-1
71	71	-1
71	72	-1
71	73	Lp
71	74	L
71	75	L
71	76	L
71	77	-1
71	78	L
71	79	L
71	80	L
71	81	-1
71	82	L
71	83	L
71	84	L
71	85	L
71	86	-1
71	87	-1
71	88	L
71	89	L
71	90	L
71	91	-1
71	92	-1
71	93	-1
71	94	U
71	95	L
71	96	L
71	97	-1
71	98	L
71	99	-1
71	100	Lp
71	101	-1
71	102	-1
71	103	L
71	104	-1
71	105	L
71	106	L
71	107	L
71	108	-1
71	109	L
71	110	L
71	111	L
71	112	L
71	113	L
71	114	-1
71	115	-1
71	116	U
71	117	U
71	118	-1
71	119	-1
72	0	Lp
72	1	-1
72	2	-1
72	3	Lp
72	4	Lp
72	5	-1
72	6	Lp
72	7	Lp
72	8	Lp
72	9	-1
72	10	Lp
72	11	-1
72	12	-1
72	13	-1
72	14	-1
72	15	L
72	16	-1
72	17	L
72	18	-1
72	19	Lp
72	20	Lp
72	21	Lp
72	22	Lp
72	23	Lp
72	24	-1
72	25	L
72	26	L
72	27	L
72	28	L
72	29	L
72	30	L
72	31	L
72	32	L
72	33	-1
72	34	-1
72	35	-1
72	36	-1
72	37	Lp
72	38	Lp
72	39	-1
72	40	Lp
72	41	Lp
72	42	-1
72	43	L
72	44	L
72	45	-1
72	46	L
72	47	-1
72	48	L
72	49	L
72	50	-1
72	51	L
72	52	L
72	53	U
72	54	-1
72	55	-1
72	56	L
72	57	L
72	58	L
72	59	L
72	60	L
72	61	-1
72	62	-1
72	63	L
72	64	-1
72	65	L
72	66	-1
72	67	L
72	68	L
72	69	-1
72	70	-1
72	71	-1
72	72	-1
72	73	-1
72	74	L
72	75	L
72	76	-1
72	77	L
72	78	L
72	79	L
72	80	-1
72	81	L
72	82	-1
72	83	L
72	84	-1
72	85	Lp
72	86	-1
72	87	L
72	88	Lp
72	89	Lp
72	90	L
72	91	-1
72	92	L
72	93	U
72	94	Lp
72	95	-1
72	96	L
72	97	L
72	98	L
72	99	U
72	100	-1
72	101	L
72	102	L
72	103	-1
72	104	L
72	105	L
72	106	L
72	107	L
72	108	-1
72	109	L
72	110	L
72	111	L
72	112	L
72	113	L
72	114	L
72	115	L
72	116	L
72	117	U
72	118	U
72	119	-1
73	0	-1
73	1	-1
73	2	Lp
73	3	-1
73	4	-1
73	5	Lp
73	6	Lp
73	7	-1
73	8	Lp
73	9	-1
73	10	Lp
73	11	Lp
73	12	Lp
73	13	Lp
73	14	L
73	15	-1
73	16	-1
73	17	-1
73	18	L
73	19	Lp
73	20	Lp
73	21	Lp
73	22	Lp
73	23	-1
73	24	Lp
73	25	L
73	26	L
73	27	L
73	28	L
73	29	-1
73	30	L
73	31	L
73	32	-1
73	33	-1
73	34	L
73	35	L
73	36	Lp
73	37	L
73	38	Lp
73	39	Lp
73	40	L
73	41	L
73	42	L
73	43	-1
73	44	L
73	45	-1
73	46	L
73	47	L
73	48	-1
73	49	L
73	50	-1
73	51	L
73	52	U
73	53	-1
73	54	L
73	55	L
73	56	L
73	57	-1
73	58	-1
73	59	L
73	60	L
73	61	-1
73	62	-1
73	63	-1
73	64	L
73	65	-1
73	66	-1
73	67	-1
73	68	L
73	69	L
73	70	-1
73	71	L
73	72	-1
73	73	-1
73	74	-1
73	75	-1
73	76	L
73	77	L
73	78	L
73	79	L
73	80	L
73	81	-1
73	82	-1
73	83	L
73	84	-1
73	85	Lp
73	86	-1
73	87	Lp
73	88	Lp
73	89	Lp
73	90	-1
73	91	-1
73	92	L
73	93	L
73	94	U
73	95	-1
73	96	L
73	97	L
73	98	L
73	99	-1
73	100	L
73	101	-1
73	102	L
73	103	-1
73	104	L
73	105	-1
73	106	-1
73	107	L
73	108	-1
73	109	L
73	110	L
73	111	L
73	112	L
73	113	L
73	114	L
73	115	L
73	116	-1
73	117	L
73	118	L
73	119	-1
74	0	-1
74	1	Lp
74	2	L
74	3	U
74	4	-1
74	5	-1
74	6	Lp
74	7	Lp
74	8	Lp
74	9	-1
74	10	Lp
74	11	Lp
74	12	L
74	13	-1
74	14	Lp
74	15	-1
74	16	Lp
74	17	Lp
74	18	-1
74	19	Lp
74	20	Lp
74	21	-1
74	22	-1
74	23	L
74	24	L
74	25	-1
74	26	L
74	27	-1
74	28	L
74	29	L
74	30	L
74	31	-1
74	32	-1
74	33	L
74	34	L
74	35	L
74	36	L
74	37	L
74	38	Lp
74	39	L
74	40	L
74	41	L
74	42	L
74	43	-1
74	44	L
74	45	-1
74	46	L
74	47	L
74	48	L
74	49	L
74	50	L
74	51	L
74	52	U
74	53	L
74	54	L
74	55	-1
74	56	-1
74	57	-1
74	58	L
74	59	-1
74	60	L
74	61	-1
74	62	L
74	63	L
74	64	L
74	65	Lp
74	66	-1
74	67	L
74	68	L
74	69	L
74	70	L
74	71	-1
74	72	-1
74	73	-1
74	74	L
74	75	-1
74	76	-1
74	77	L
74	78	L
74	79	L
74	80	-1
74	81	-1
74	82	L
74	83	L
74	84	L
74	85	Lp
74	86	Lp
74	87	Lp
74	88	Lp
74	89	Lp
74	90	-1
74	91	L
74	92	L
74	93	-1
74	94	L
74	95	L
74	96	-1
74	97	L
74	98	L
74	99	-1
74	100	U
74	101	-1
74	102	L
74	103	-1
74	104	L
74	105	L
74	106	-1
74	107	L
74	108	L
74	109	L
74	110	-1
74	111	L
74	112	-1
74	113	L
74	114	-1
74	115	L
74	116	-1
74	117	-1
74	118	L
74	119	-1
75	0	L
75	1	-1
75	2	-1
75	3	U
75	4	U
75	5	Lp
75	6	Lp
75	7	-1
75	8	Lp
75	9	Lp
75	10	Lp
75	11	Lp
75	12	-1
75	13	L
75	14	L
75	15	Lp
75	16	-1
75	17	L
75	18	Lp
75	19	Lp
75	20	-1
75	21	L
75	22	Lp
75	23	L
75	24	L
75	25	L
75	26	L
75	27	L
75	28	-1
75	29	L
75	30	-1
75	31	L
75	32	L
75	33	L
75	34	L
75	35	L
75	36	-1
75	37	L
75	38	L
75	39	L
75	40	L
75	41	L
75	42	L
75	43	L
75	44	-1
75	45	L
75	46	-1
75	47	L
75	48	-1
75	49	L
75	50	L
75	51	L
75	52	-1
75	53	-1
75	54	-1
75	55	L
75	56	-1
75	57	L
75	58	-1
75	59	L
75	60	-1
75	61	-1
75	62	-1
75	63	L
75	64	L
75	65	L
75	66	L
75	67	-1
75	68	L
75	69	L
75	70	-1
75	71	-1
75	72	-1
75	73	L
75	74	L
75	75	-1
75	76	L
75	77	-1
75	78	-1
75	79	-1
75	80	-1
75	81	-1
75	82	L
75	83	L
75	84	U
75	85	-1
75	86	-1
75	87	Lp
75	88	Lp
75	89	L
75	90	-1
75	91	L
75	92	-1
75	93	L
75	94	L
75	95	L
75	96	-1
75	97	Lp
75	98	-1
75	99	Lp
75	100	L
75	101	-1
75	102	Lp
75	103	L
75	104	-1
75	105	-1
75	106	-1
75	107	L
75	108	-1
75	109	L
75	110	-1
75	111	-1
75	112	-1
75	113	L
75	114	L
75	115	L
75	116	L
75	117	-1
75	118	Lp
75	119	Lp
76	0	Lp
76	1	-1
76	2	Lp
76	3	Lp
76	4	Lp
76	5	L
76	6	L
76	7	-1
76	8	Lp
76	9	Lp
76	10	Lp
76	11	Lp
76	12	Lp
76	13	L
76	14	L
76	15	-1
76	16	L
76	17	-1
76	18	Lp
76	19	Lp
76	20	Lp
76	21	Lp
76	22	L
76	23	L
76	24	L
76	25	L
76	26	-1
76	27	L
76	28	-1
76	29	L
76	30	-1
76	31	-1
76	32	-1
76	33	L
76	34	-1
76	35	-1
76	36	L
76	37	-1
76	38	L
76	39	-1
76	40	L
76	41	L
76	42	L
76	43	L
76	44	-1
76	45	L
76	46	Lp
76	47	-1
76	48	-1
76	49	L
76	50	L
76	51	-1
76	52	U
76	53	-1
76	54	L
76	55	-1
76	56	L
76	57	-1
76	58	L
76	59	-1
76	60	L
76	61	-1
76	62	-1
76	63	L
76	64	L
76	65	L
76	66	-1
76	67	Lp
76	68	-1
76	69	L
76	70	L
76	71	L
76	72	-1
76	73	-1
76	74	L
76	75	L
76	76	L
76	77	-1
76	78	-1
76	79	-1
76	80	L
76	81	-1
76	82	L
76	83	-1
76	84	U
76	85	U
76	86	Lp
76	87	Lp
76	88	Lp
76	89	L
76	90	L
76	91	L
76	92	-1
76	93	L
76	94	-1
76	95	-1
76	96	Lp
76	97	L
76	98	Lp
76	99	L
76	100	-1
76	101	Lp
76	102	L
76	103	-1
76	104	-1
76	105	L
76	106	-1
76	107	L
76	108	L
76	109	-1
76	110	-1
76	111	-1
76	112	-1
76	113	-1
76	114	L
76	115	L
76	116	L
76	117	L
76	118	L
76	119	L
77	0	-1
77	1	Lp
77	2	L
77	3	L
77	4	-1
77	5	-1
77	6	-1
77	7	L
77	8	Lp
77	9	Lp
77	10	-1
77	11	Lp
77	12	-1
77	13	L
77	14	-1
77	15	L
77	16	L
77	17	L
77	18	-1
77	19	Lp
77	20	-1
77	21	L
77	22	L
77	23	L
77	24	L
77	25	L
77	26	L
77	27	L
77	28	-1
77	29	L
77	30	L
77	31	L
77	32	-1
77	33	L
77	34	L
77	35	L
77	36	L
77	37	-1
77	38	L
77	39	-1
77	40	L
77	41	L
77	42	-1
77	43	L
77	44	L
77	45	-1
77	46	L
77	47	Lp
77	48	-1
77	49	L
77	50	-1
77	51	L
77	52	L
77	53	-1
77	54	L
77	55	L
77	56	L
77	57	-1
77	58	L
77	59	-1
77	60	L
77	61	-1
77	62	-1
77	63	L
77	64	L
77	65	L
77	66	-1
77	67	L
77	68	-1
77	69	-1
77	70	L
77	71	-1
77	72	L
77	73	L
77	74	L
77	75	L
77	76	-1
77	77	L
77	78	L
77	79	L
77	80	L
77	81	-1
77	82	L
77	83	U
77	84	Lp
77	85	Lp
77	86	-1
77	87	L
77	88	L
77	89	Lp
77	90	Lp
77	91	L
77	92	L
77	93	U
77	94	-1
77	95	Lp
77	96	Lp
77	97	-1
77	98	-1
77	99	L
77	100	Lp
77	101	Lp
77	102	Lp
77	103	L
77	104	-1
77	105	L
77	106	L
77	107	L
77	108	-1
77	109	-1
77	110	-1
77	111	-1
77	112	-1
77	113	L
77	114	L
77	115	L
77	116	L
77	117	L
77	118	-1
77	119	-1
78	0	U
78	1	L
78	2	Lp
78	3	-1
78	4	L
78	5	-1
78	6	L
78	7	Lp
78	8	-1
78	9	Lp
78	10	Lp
78	11	Lp
78	12	Lp
78	13	Lp
78	14	-1
78	15	L
78	16	L
78	17	-1
78	18	L
78	19	-1
78	20	L
78	21	L
78	22	L
78	23	-1
78	24	-1
78	25	L
78	26	-1
78	27	L
78	28	L
78	29	-1
78	30	-1
78	31	L
78	32	-1
78	33	L
78	34	-1
78	35	L
78	36	L
78	37	L
78	38	-1
78	39	L
78	40	L
78	41	-1
78	42	-1
78	43	-1
78	44	L
78	45	L
78	46	-1
78	47	Lp
78	48	-1
78	49	L
78	50	-1
78	51	-1
78	52	L
78	53	L
78	54	L
78	55	-1
78	56	-1
78	57	L
78	58	-1
78	59	-1
78	60	L
78	61	L
78	62	L
78	63	L
78	64	-1
78	65	-1
78	66	-1
78	67	-1
78	68	-1
78	69	L
78	70	-1
78	71	L
78	72	-1
78	73	L
78	74	-1
78	75	L
78	76	L
78	77	L
78	78	L
78	79	L
78	80	L
78	81	-1
78	82	L
78	83	Lp
78	84	L
78	85	-1
78	86	-1
78	87	Lp
78	88	Lp
78	89	L
78	90	L
78	91	-1
78	92	L
78	93	U
78	94	U
78	95	Lp
78	96	Lp
78	97	-1
78	98	L
78	99	L
78	100	L
78	101	Lp
78	102	Lp
78	103	-1
78	104	-1
78	105	L
78	106	L
78	107	L
78	108	-1
78	109	-1
78	110	L
78	111	L
78	112	-1
78	113	-1
78	114	L
78	115	-1
78	116	L
78	117	-1
78	118	Lp
78	119	-1
79	0	L
79	1	L
79	2	L
79	3	-1
79	4	-1
79	5	U
79	6	Lp
79	7	-1
79	8	Lp
79	9	Lp
79	10	Lp
79	11	Lp
79	12	Lp
79	13	Lp
79	14	Lp
79	15	Lp
79	16	-1
79	17	L
79	18	-1
79	19	Lp
79	20	-1
79	21	-1
79	22	L
79	23	-1
79	24	L
79	25	-1
79	26	L
79	27	-1
79	28	L
79	29	L
79	30	-1
79	31	L
79	32	L
79	33	L
79	34	-1
79	35	L
79	36	L
79	37	-1
79	38	-1
79	39	-1
79	40	Lp
79	41	-1
79	42	-1
79	43	L
79	44	L
79	45	-1
79	46	U
79	47	-1
79	48	-1
79	49	Lp
79	50	L
79	51	-1
79	52	-1
79	53	L
79	54	L
79	55	-1
79	56	L
79	57	L
79	58	L
79	59	L
79	60	L
79	61	L
79	62	L
79	63	-1
79	64	L
79	65	L
79	66	L
79	67	-1
79	68	L
79	69	-1
79	70	L
79	71	-1
79	72	L
79	73	L
79	74	-1
79	75	-1
79	76	-1
79	77	L
79	78	L
79	79	-1
79	80	L
79	81	L
79	82	-1
79	83	-1
79	84	Lp
79	85	L
79	86	-1
79	87	-1
79	88	L
79	89	L
79	90	-1
79	91	L
79	92	-1
79	93	-1
79	94	-1
79	95	Lp
79	96	Lp
79	97	Lp
79	98	-1
79	99	L
79	100	-1
79	101	Lp
79	102	L
79	103	L
79	104	-1
79	105	L
79	106	L
79	107	L
79	108	L
79	109	L
79	110	-1
79	111	-1
79	112	-1
79	113	L
79	114	L
79	115	-1
79	116	Lp
79	117	Lp
79	118	Lp
79	119	L
80	0	L
80	1	L
80	2	L
80	3	L
80	4	-1
80	5	-1
80	6	-1
80	7	-1
80	8	-1
80	9	Lp
80	10	Lp
80	11	Lp
80	12	Lp
80	13	Lp
80	14	Lp
80	15	L
80	16	L
80	17	-1
80	18	L
80	19	-1
80	20	-1
80	21	Lp
80	22	-1
80	23	Lp
80	24	-1
80	25	Lp
80	26	-1
80	27	L
80	28	-1
80	29	L
80	30	L
80	31	L
80	32	L
80	33	-1
80	34	L
80	35	L
80	36	-1
80	37	Lp
80	38	L
80	39	Lp
80	40	-1
80	41	-1
80	42	-1
80	43	-1
80	44	-1
80	45	Lp
80	46	-1
80	47	U
80	48	L
80	49	L
80	50	-1
80	51	L
80	52	L
80	53	-1
80	54	L
80	55	-1
80	56	-1
80	57	-1
80	58	-1
80	59	-1
80	60	L
80	61	L
80	62	L
80	63	-1
80	64	L
80	65	L
80	66	L
80	67	L
80	68	-1
80	69	L
80	70	L
80	71	L
80	72	L
80	73	L
80	74	L
80	75	-1
80	76	-1
80	77	L
80	78	-1
80	79	U
80	80	L
80	81	L
80	82	L
80	83	-1
80	84	L
80	85	L
80	86	Lp
80	87	L
80	88	L
80	89	L
80	90	L
80	91	L
80	92	L
80	93	L
80	94	L
80	95	Lp
80	96	Lp
80	97	L
80	98	-1
80	99	L
80	100	L
80	101	Lp
80	102	Lp
80	103	L
80	104	-1
80	105	-1
80	106	L
80	107	L
80	108	L
80	109	L
80	110	-1
80	111	L
80	112	L
80	113	-1
80	114	L
80	115	-1
80	116	L
80	117	Lp
80	118	L
80	119	Lp
81	0	L
81	1	-1
81	2	L
81	3	-1
81	4	U
81	5	U
81	6	Lp
81	7	Lp
81	8	Lp
81	9	Lp
81	10	Lp
81	11	Lp
81	12	-1
81	13	L
81	14	L
81	15	Lp
81	16	L
81	17	-1
81	18	L
81	19	L
81	20	-1
81	21	-1
81	22	Lp
81	23	Lp
81	24	L
81	25	-1
81	26	-1
81	27	L
81	28	-1
81	29	L
81	30	L
81	31	-1
81	32	L
81	33	-1
81	34	-1
81	35	L
81	36	L
81	37	L
81	38	Lp
81	39	Lp
81	40	Lp
81	41	Lp
81	42	-1
81	43	-1
81	44	Lp
81	45	-1
81	46	U
81	47	L
81	48	L
81	49	-1
81	50	-1
81	51	-1
81	52	L
81	53	-1
81	54	L
81	55	L
81	56	-1
81	57	L
81	58	L
81	59	L
81	60	L
81	61	L
81	62	L
81	63	L
81	64	-1
81	65	-1
81	66	L
81	67	-1
81	68	L
81	69	L
81	70	L
81	71	-1
81	72	-1
81	73	-1
81	74	L
81	75	L
81	76	L
81	77	L
81	78	L
81	79	L
81	80	L
81	81	L
81	82	L
81	83	L
81	84	-1
81	85	L
81	86	L
81	87	L
81	88	L
81	89	-1
81	90	L
81	91	-1
81	92	-1
81	93	-1
81	94	L
81	95	L
81	96	L
81	97	-1
81	98	-1
81	99	Lp
81	100	Lp
81	101	L
81	102	Lp
81	103	Lp
81	104	-1
81	105	L
81	106	L
81	107	L
81	108	L
81	109	Lp
81	110	-1
81	111	L
81	112	L
81	113	L
81	114	L
81	115	L
81	116	-1
81	117	-1
81	118	Lp
81	119	-1
82	0	Lp
82	1	Lp
82	2	L
82	3	L
82	4	U
82	5	Lp
82	6	U
82	7	Lp
82	8	Lp
82	9	-1
82	10	-1
82	11	Lp
82	12	Lp
82	13	Lp
82	14	-1
82	15	L
82	16	L
82	17	-1
82	18	L
82	19	L
82	20	L
82	21	-1
82	22	Lp
82	23	-1
82	24	L
82	25	-1
82	26	-1
82	27	-1
82	28	-1
82	29	L
82	30	L
82	31	L
82	32	L
82	33	L
82	34	-1
82	35	-1
82	36	L
82	37	L
82	38	Lp
82	39	-1
82	40	Lp
82	41	Lp
82	42	Lp
82	43	Lp
82	44	Lp
82	45	-1
82	46	U
82	47	-1
82	48	-1
82	49	-1
82	50	L
82	51	L
82	52	L
82	53	-1
82	54	-1
82	55	L
82	56	-1
82	57	L
82	58	L
82	59	-1
82	60	-1
82	61	-1
82	62	L
82	63	L
82	64	-1
82	65	L
82	66	L
82	67	L
82	68	L
82	69	L
82	70	-1
82	71	-1
82	72	-1
82	73	-1
82	74	-1
82	75	-1
82	76	L
82	77	L
82	78	L
82	79	L
82	80	-1
82	81	-1
82	82	L
82	83	L
82	84	-1
82	85	L
82	86	-1
82	87	-1
82	88	L
82	89	L
82	90	-1
82	91	L
82	92	-1
82	93	Lp
82	94	L
82	95	L
82	96	-1
82	97	L
82	98	-1
82	99	-1
82	100	L
82	101	L
82	102	-1
82	103	-1
82	104	-1
82	105	Lp
82	106	L
82	107	Lp
82	108	-1
82	109	Lp
82	110	L
82	111	L
82	112	L
82	113	L
82	114	L
82	115	L
82	116	L
82	117	-1
82	118	-1
82	119	Lp
83	0	Lp
83	1	Lp
83	2	-1
83	3	L
83	4	U
83	5	U
83	6	U
83	7	-1
83	8	Lp
83	9	-1
83	10	U
83	11	U
83	12	Lp
83	13	Lp
83	14	-1
83	15	L
83	16	-1
83	17	Lp
83	18	L
83	19	L
83	20	-1
83	21	L
83	22	Lp
83	23	L
83	24	L
83	25	L
83	26	-1
83	27	L
83	28	-1
83	29	-1
83	30	L
83	31	L
83	32	-1
83	33	L
83	34	L
83	35	L
83	36	L
83	37	Lp
83	38	-1
83	39	Lp
83	40	Lp
83	41	L
83	42	-1
83	43	Lp
83	44	-1
83	45	Lp
83	46	-1
83	47	U
83	48	-1
83	49	L
83	50	L
83	51	L
83	52	L
83	53	L
83	54	L
83	55	L
83	56	L
83	57	-1
83	58	L
83	59	-1
83	60	L
83	61	L
83	62	L
83	63	L
83	64	L
83	65	L
83	66	L
83	67	-1
83	68	L
83	69	L
83	70	L
83	71	-1
83	72	L
83	73	-1
83	74	L
83	75	L
83	76	L
83	77	-1
83	78	L
83	79	L
83	80	-1
83	81	L
83	82	L
83	83	-1
83	84	L
83	85	-1
83	86	L
83	87	L
83	88	L
83	89	L
83	90	-1
83	91	-1
83	92	Lp
83	93	Lp
83	94	L
83	95	-1
83	96	-1
83	97	L
83	98	L
83	99	-1
83	100	L
83	101	L
83	102	-1
83	103	Lp
83	104	-1
83	105	Lp
83	106	-1
83	107	Lp
83	108	-1
83	109	Lp
83	110	L
83	111	-1
83	112	-1
83	113	-1
83	114	-1
83	115	-1
83	116	Lp
83	117	-1
83	118	-1
83	119	Lp
84	0	-1
84	1	Lp
84	2	U
84	3	U
84	4	U
84	5	U
84	6	U
84	7	-1
84	8	U
84	9	-1
84	10	Lp
84	11	Lp
84	12	Lp
84	13	-1
84	14	-1
84	15	-1
84	16	Lp
84	17	L
84	18	L
84	19	L
84	20	L
84	21	L
84	22	Lp
84	23	Lp
84	24	Lp
84	25	-1
84	26	-1
84	27	-1
84	28	-1
84	29	-1
84	30	-1
84	31	L
84	32	L
84	33	-1
84	34	L
84	35	L
84	36	L
84	37	Lp
84	38	Lp
84	39	Lp
84	40	Lp
84	41	L
84	42	L
84	43	-1
84	44	Lp
84	45	Lp
84	46	-1
84	47	-1
84	48	L
84	49	-1
84	50	L
84	51	-1
84	52	L
84	53	L
84	54	L
84	55	L
84	56	L
84	57	L
84	58	-1
84	59	-1
84	60	L
84	61	L
84	62	-1
84	63	-1
84	64	L
84	65	L
84	66	-1
84	67	-1
84	68	L
84	69	L
84	70	L
84	71	-1
84	72	-1
84	73	L
84	74	-1
84	75	L
84	76	-1
84	77	L
84	78	-1
84	79	-1
84	80	-1
84	81	L
84	82	L
84	83	L
84	84	-1
84	85	-1
84	86	L
84	87	L
84	88	L
84	89	L
84	90	L
84	91	-1
84	92	L
84	93	L
84	94	L
84	95	L
84	96	L
84	97	-1
84	98	L
84	99	-1
84	100	Lp
84	101	-1
84	102	-1
84	103	-1
84	104	-1
84	105	Lp
84	106	-1
84	107	Lp
84	108	Lp
84	109	-1
84	110	-1
84	111	-1
84	112	-1
84	113	-1
84	114	-1
84	115	-1
84	116	L
84	117	L
84	118	L
84	119	Lp
85	0	-1
85	1	L
85	2	L
85	3	U
85	4	-1
85	5	U
85	6	-1
85	7	U
85	8	-1
85	9	-1
85	10	Lp
85	11	L
85	12	Lp
85	13	Lp
85	14	Lp
85	15	L
85	16	L
85	17	L
85	18	L
85	19	-1
85	20	L
85	21	L
85	22	-1
85	23	L
85	24	L
85	25	-1
85	26	-1
85	27	-1
85	28	L
85	29	L
85	30	L
85	31	L
85	32	L
85	33	L
85	34	L
85	35	-1
85	36	-1
85	37	Lp
85	38	L
85	39	Lp
85	40	-1
85	41	Lp
85	42	L
85	43	Lp
85	44	Lp
85	45	Lp
85	46	L
85	47	L
85	48	L
85	49	L
85	50	L
85	51	L
85	52	-1
85	53	-1
85	54	L
85	55	L
85	56	-1
85	57	L
85	58	L
85	59	L
85	60	L
85	61	L
85	62	-1
85	63	L
85	64	U
85	65	L
85	66	L
85	67	-1
85	68	-1
85	69	L
85	70	L
85	71	L
85	72	L
85	73	L
85	74	L
85	75	-1
85	76	L
85	77	L
85	78	-1
85	79	-1
85	80	L
85	81	L
85	82	L
85	83	-1
85	84	-1
85	85	-1
85	86	U
85	87	L
85	88	L
85	89	-1
85	90	L
85	91	L
85	92	Lp
85	93	Lp
85	94	-1
85	95	L
85	96	L
85	97	L
85	98	L
85	99	L
85	100	L
85	101	L
85	102	L
85	103	Lp
85	104	Lp
85	105	-1
85	106	Lp
85	107	Lp
85	108	L
85	109	-1
85	110	L
85	111	-1
85	112	-1
85	113	-1
85	114	-1
85	115	-1
85	116	-1
85	117	L
85	118	-1
85	119	L
86	0	L
86	1	L
86	2	L
86	3	L
86	4	U
86	5	-1
86	6	-1
86	7	U
86	8	-1
86	9	Lp
86	10	-1
86	11	L
86	12	L
86	13	L
86	14	L
86	15	L
86	16	-1
86	17	L
86	18	-1
86	19	L
86	20	L
86	21	L
86	22	L
86	23	L
86	24	L
86	25	L
86	26	L
86	27	L
86	28	-1
86	29	-1
86	30	-1
86	31	L
86	32	L
86	33	L
86	34	L
86	35	Lp
86	36	-1
86	37	-1
86	38	L
86	39	Lp
86	40	Lp
86	41	-1
86	42	-1
86	43	Lp
86	44	-1
86	45	L
86	46	L
86	47	L
86	48	-1
86	49	-1
86	50	-1
86	51	L
86	52	L
86	53	L
86	54	L
86	55	L
86	56	-1
86	57	L
86	58	-1
86	59	L
86	60	-1
86	61	L
86	62	-1
86	63	-1
86	64	U
86	65	U
86	66	L
86	67	-1
86	68	L
86	69	L
86	70	L
86	71	-1
86	72	L
86	73	L
86	74	-1
86	75	-1
86	76	-1
86	77	L
86	78	L
86	79	L
86	80	L
86	81	L
86	82	-1
86	83	-1
86	84	L
86	85	L
86	86	L
86	87	L
86	88	-1
86	89	-1
86	90	L
86	91	L
86	92	U
86	93	-1
86	94	L
86	95	L
86	96	L
86	97	L
86	98	L
86	99	-1
86	100	L
86	101	L
86	102	L
86	103	Lp
86	104	Lp
86	105	Lp
86	106	Lp
86	107	-1
86	108	L
86	109	-1
86	110	-1
86	111	-1
86	112	-1
86	113	L
86	114	-1
86	115	-1
86	116	-1
86	117	-1
86	118	-1
86	119	L
87	0	-1
87	1	L
87	2	L
87	3	-1
87	4	-1
87	5	U
87	6	U
87	7	L
87	8	Lp
87	9	Lp
87	10	Lp
87	11	L
87	12	L
87	13	-1
87	14	L
87	15	-1
87	16	-1
87	17	-1
87	18	-1
87	19	-1
87	20	L
87	21	L
87	22	-1
87	23	L
87	24	L
87	25	L
87	26	-1
87	27	L
87	28	-1
87	29	-1
87	30	-1
87	31	-1
87	32	-1
87	33	L
87	34	L
87	35	L
87	36	-1
87	37	-1
87	38	-1
87	39	-1
87	40	-1
87	41	Lp
87	42	-1
87	43	-1
87	44	-1
87	45	L
87	46	L
87	47	L
87	48	L
87	49	L
87	50	L
87	51	L
87	52	L
87	53	L
87	54	L
87	55	L
87	56	L
87	57	-1
87	58	L
87	59	L
87	60	L
87	61	L
87	62	-1
87	63	U
87	64	-1
87	65	-1
87	66	U
87	67	L
87	68	U
87	69	-1
87	70	L
87	71	L
87	72	L
87	73	L
87	74	L
87	75	L
87	76	-1
87	77	L
87	78	L
87	79	L
87	80	L
87	81	L
87	82	-1
87	83	-1
87	84	-1
87	85	L
87	86	-1
87	87	-1
87	88	L
87	89	L
87	90	L
87	91	U
87	92	-1
87	93	-1
87	94	L
87	95	L
87	96	L
87	97	L
87	98	-1
87	99	L
87	100	U
87	101	L
87	102	-1
87	103	-1
87	104	-1
87	105	Lp
87	106	-1
87	107	Lp
87	108	L
87	109	L
87	110	-1
87	111	-1
87	112	-1
87	113	-1
87	114	-1
87	115	-1
87	116	L
87	117	L
87	118	L
87	119	-1
88	0	L
88	1	L
88	2	L
88	3	-1
88	4	L
88	5	L
88	6	L
88	7	L
88	8	L
88	9	-1
88	10	Lp
88	11	L
88	12	L
88	13	-1
88	14	-1
88	15	L
88	16	L
88	17	L
88	18	-1
88	19	L
88	20	Lp
88	21	-1
88	22	Lp
88	23	-1
88	24	L
88	25	L
88	26	-1
88	27	L
88	28	U
88	29	-1
88	30	-1
88	31	-1
88	32	-1
88	33	-1
88	34	L
88	35	L
88	36	L
88	37	-1
88	38	-1
88	39	L
88	40	Lp
88	41	L
88	42	Lp
88	43	L
88	44	L
88	45	L
88	46	-1
88	47	-1
88	48	-1
88	49	L
88	50	L
88	51	L
88	52	L
88	53	L
88	54	-1
88	55	L
88	56	L
88	57	L
88	58	L
88	59	L
88	60	L
88	61	-1
88	62	L
88	63	U
88	64	L
88	65	L
88	66	-1
88	67	U
88	68	U
88	69	-1
88	70	-1
88	71	-1
88	72	L
88	73	-1
88	74	L
88	75	-1
88	76	-1
88	77	-1
88	78	L
88	79	L
88	80	L
88	81	L
88	82	L
88	83	L
88	84	L
88	85	-1
88	86	L
88	87	L
88	88	L
88	89	L
88	90	U
88	91	-1
88	92	-1
88	93	-1
88	94	U
88	95	L
88	96	L
88	97	L
88	98	-1
88	99	Lp
88	100	U
88	101	-1
88	102	Lp
88	103	Lp
88	104	-1
88	105	Lp
88	106	Lp
88	107	Lp
88	108	-1
88	109	L
88	110	-1
88	111	-1
88	112	Lp
88	113	L
88	114	L
88	115	L
88	116	-1
88	117	-1
88	118	-1
88	119	L
89	0	L
89	1	-1
89	2	-1
89	3	-1
89	4	-1
89	5	-1
89	6	-1
89	7	L
89	8	L
89	9	-1
89	10	-1
89	11	L
89	12	-1
89	13	-1
89	14	L
89	15	-1
89	16	-1
89	17	L
89	18	Lp
89	19	-1
89	20	-1
89	21	Lp
89	22	-1
89	23	L
89	24	L
89	25	U
89	26	L
89	27	-1
89	28	U
89	29	U
89	30	L
89	31	-1
89	32	L
89	33	-1
89	34	-1
89	35	-1
89	36	-1
89	37	L
89	38	-1
89	39	-1
89	40	L
89	41	L
89	42	L
89	43	-1
89	44	L
89	45	L
89	46	L
89	47	L
89	48	L
89	49	L
89	50	L
89	51	L
89	52	L
89	53	-1
89	54	L
89	55	L
89	56	L
89	57	L
89	58	-1
89	59	-1
89	60	-1
89	61	L
89	62	-1
89	63	L
89	64	-1
89	65	L
89	66	-1
89	67	U
89	68	L
89	69	-1
89	70	L
89	71	L
89	72	-1
89	73	-1
89	74	L
89	75	-1
89	76	L
89	77	L
89	78	-1
89	79	L
89	80	L
89	81	-1
89	82	L
89	83	L
89	84	L
89	85	L
89	86	-1
89	87	L
89	88	-1
89	89	-1
89	90	L
89	91	U
89	92	L
89	93	L
89	94	-1
89	95	U
89	96	L
89	97	L
89	98	Lp
89	99	-1
89	100	-1
89	101	U
89	102	Lp
89	103	L
89	104	Lp
89	105	-1
89	106	-1
89	107	L
89	108	L
89	109	L
89	110	L
89	111	Lp
89	112	Lp
89	113	Lp
89	114	L
89	115	L
89	116	-1
89	117	-1
89	118	L
89	119	-1
90	0	-1
90	1	L
90	2	-1
90	3	L
90	4	-1
90	5	L
90	6	L
90	7	L
90	8	-1
90	9	-1
90	10	L
90	11	L
90	12	L
90	13	U
90	14	L
90	15	L
90	16	-1
90	17	L
90	18	L
90	19	L
90	20	Lp
90	21	U
90	22	L
90	23	-1
90	24	L
90	25	-1
90	26	-1
90	27	L
90	28	U
90	29	L
90	30	-1
90	31	-1
90	32	-1
90	33	-1
90	34	L
90	35	-1
90	36	-1
90	37	-1
90	38	L
90	39	-1
90	40	Lp
90	41	L
90	42	L
90	43	L
90	44	L
90	45	L
90	46	L
90	47	-1
90	48	-1
90	49	L
90	50	L
90	51	-1
90	52	-1
90	53	L
90	54	-1
90	55	-1
90	56	L
90	57	-1
90	58	-1
90	59	L
90	60	-1
90	61	L
90	62	L
90	63	L
90	64	L
90	65	U
90	66	U
90	67	-1
90	68	U
90	69	L
90	70	L
90	71	L
90	72	-1
90	73	-1
90	74	L
90	75	-1
90	76	-1
90	77	-1
90	78	L
90	79	L
90	80	L
90	81	L
90	82	L
90	83	L
90	84	L
90	85	L
90	86	L
90	87	L
90	88	L
90	89	-1
90	90	L
90	91	-1
90	92	L
90	93	L
90	94	-1
90	95	-1
90	96	L
90	97	-1
90	98	U
90	99	Lp
90	100	Lp
90	101	U
90	102	U
90	103	Lp
90	104	Lp
90	105	L
90	106	L
90	107	-1
90	108	Lp
90	109	L
90	110	-1
90	111	Lp
90	112	-1
90	113	-1
90	114	L
90	115	Lp
90	116	L
90	117	-1
90	118	-1
90	119	-1
91	0	L
91	1	-1
91	2	L
91	3	L
91	4	L
91	5	L
91	6	L
91	7	L
91	8	L
91	9	L
91	10	L
91	11	-1
91	12	L
91	13	L
91	14	L
91	15	-1
91	16	L
91	17	-1
91	18	L
91	19	U
91	20	-1
91	21	-1
91	22	-1
91	23	L
91	24	L
91	25	L
91	26	L
91	27	-1
91	28	L
91	29	U
91	30	L
91	31	-1
91	32	L
91	33	L
91	34	L
91	35	L
91	36	-1
91	37	L
91	38	L
91	39	L
91	40	-1
91	41	L
91	42	-1
91	43	-1
91	44	U
91	45	U
91	46	U
91	47	L
91	48	L
91	49	L
91	50	-1
91	51	L
91	52	L
91	53	L
91	54	-1
91	55	L
91	56	L
91	57	-1
91	58	-1
91	59	-1
91	60	-1
91	61	L
91	62	L
91	63	L
91	64	-1
91	65	L
91	66	U
91	67	U
91	68	-1
91	69	U
91	70	-1
91	71	L
91	72	L
91	73	-1
91	74	L
91	75	-1
91	76	L
91	77	-1
91	78	L
91	79	L
91	80	L
91	81	L
91	82	L
91	83	-1
91	84	L
91	85	-1
91	86	-1
91	87	L
91	88	L
91	89	L
91	90	-1
91	91	-1
91	92	L
91	93	L
91	94	-1
91	95	L
91	96	L
91	97	L
91	98	U
91	99	U
91	100	Lp
91	101	Lp
91	102	Lp
91	103	Lp
91	104	-1
91	105	Lp
91	106	-1
91	107	L
91	108	-1
91	109	L
91	110	-1
91	111	Lp
91	112	Lp
91	113	-1
91	114	L
91	115	L
91	116	L
91	117	L
91	118	L
91	119	L
92	0	L
92	1	L
92	2	L
92	3	L
92	4	L
92	5	L
92	6	L
92	7	L
92	8	L
92	9	L
92	10	L
92	11	-1
92	12	-1
92	13	L
92	14	-1
92	15	L
92	16	-1
92	17	-1
92	18	L
92	19	Lp
92	20	U
92	21	L
92	22	L
92	23	U
92	24	-1
92	25	L
92	26	-1
92	27	U
92	28	-1
92	29	L
92	30	U
92	31	-1
92	32	L
92	33	-1
92	34	L
92	35	-1
92	36	L
92	37	-1
92	38	L
92	39	L
92	40	-1
92	41	L
92	42	L
92	43	L
92	44	-1
92	45	U
92	46	L
92	47	L
92	48	L
92	49	-1
92	50	L
92	51	-1
92	52	L
92	53	L
92	54	L
92	55	L
92	56	L
92	57	L
92	58	-1
92	59	-1
92	60	L
92	61	L
92	62	L
92	63	L
92	64	L
92	65	L
92	66	L
92	67	-1
92	68	U
92	69	-1
92	70	L
92	71	L
92	72	L
92	73	L
92	74	-1
92	75	L
92	76	-1
92	77	L
92	78	-1
92	79	L
92	80	-1
92	81	-1
92	82	L
92	83	L
92	84	-1
92	85	-1
92	86	L
92	87	-1
92	88	L
92	89	L
92	90	-1
92	91	L
92	92	L
92	93	L
92	94	-1
92	95	-1
92	96	-1
92	97	U
92	98	U
92	99	U
92	100	Lp
92	101	Lp
92	102	Lp
92	103	Lp
92	104	-1
92	105	-1
92	106	-1
92	107	-1
92	108	L
92	109	-1
92	110	L
92	111	L
92	112	L
92	113	L
92	114	L
92	115	L
92	116	L
92	117	L
92	118	L
92	119	L
93	0	L
93	1	L
93	2	L
93	3	-1
93	4	-1
93	5	-1
93	6	L
93	7	-1
93	8	-1
93	9	-1
93	10	L
93	11	L
93	12	-1
93	13	-1
93	14	L
93	15	L
93	16	-1
93	17	-1
93	18	Lp
93	19	-1
93	20	L
93	21	L
93	22	-1
93	23	L
93	24	L
93	25	-1
93	26	-1
93	27	L
93	28	-1
93	29	-1
93	30	-1
93	31	L
93	32	-1
93	33	-1
93	34	-1
93	35	L
93	36	L
93	37	L
93	38	-1
93	39	L
93	40	L
93	41	L
93	42	L
93	43	L
93	44	U
93	45	U
93	46	-1
93	47	L
93	48	-1
93	49	L
93	50	-1
93	51	L
93	52	L
93	53	L
93	54	-1
93	55	-1
93	56	L
93	57	-1
93	58	L
93	59	-1
93	60	L
93	61	L
93	62	-1
93	63	L
93	64	L
93	65	-1
93	66	-1
93	67	-1
93	68	L
93	69	-1
93	70	-1
93	71	L
93	72	L
93	73	-1
93	74	L
93	75	-1
93	76	L
93	77	-1
93	78	-1
93	79	L
93	80	-1
93	81	-1
93	82	L
93	83	L
93	84	L
93	85	L
93	86	L
93	87	-1
93	88	L
93	89	-1
93	90	L
93	91	L
93	92	L
93	93	L
93	94	L
93	95	-1
93	96	-1
93	97	Lp
93	98	Lp
93	99	-1
93	100	Lp
93	101	-1
93	102	-1
93	103	Lp
93	104	-1
93	105	Lp
93	106	L
93	107	L
93	108	-1
93	109	L
93	110	L
93	111	L
93	112	L
93	113	L
93	114	L
93	115	L
93	116	L
93	117	L
93	118	L
93	119	-1
94	0	L
94	1	L
94	2	L
94	3	L
94	4	L
94	5	L
94	6	L
94	7	L
94	8	-1
94	9	L
94	10	-1
94	11	L
94	12	L
94	13	-1
94	14	L
94	15	-1
94	16	L
94	17	L
94	18	-1
94	19	Lp
94	20	-1
94	21	L
94	22	-1
94	23	L
94	24	L
94	25	L
94	26	-1
94	27	U
94	28	U
94	29	-1
94	30	L
94	31	-1
94	32	L
94	33	L
94	34	L
94	35	L
94	36	L
94	37	L
94	38	L
94	39	-1
94	40	-1
94	41	L
94	42	L
94	43	-1
94	44	U
94	45	-1
94	46	-1
94	47	L
94	48	L
94	49	L
94	50	-1
94	51	-1
94	52	-1
94	53	L
94	54	L
94	55	L
94	56	L
94	57	-1
94	58	-1
94	59	L
94	60	-1
94	61	-1
94	62	-1
94	63	L
94	64	-1
94	65	L
94	66	L
94	67	-1
94	68	-1
94	69	-1
94	70	L
94	71	L
94	72	L
94	73	-1
94	74	L
94	75	-1
94	76	L
94	77	L
94	78	-1
94	79	-1
94	80	-1
94	81	-1
94	82	L
94	83	L
94	84	-1
94	85	L
94	86	-1
94	87	-1
94	88	L
94	89	U
94	90	-1
94	91	-1
94	92	L
94	93	L
94	94	L
94	95	L
94	96	L
94	97	L
94	98	Lp
94	99	Lp
94	100	Lp
94	101	Lp
94	102	Lp
94	103	Lp
94	104	Lp
94	105	-1
94	106	Lp
94	107	L
94	108	-1
94	109	L
94	110	L
94	111	L
94	112	-1
94	113	-1
94	114	-1
94	115	-1
94	116	L
94	117	-1
94	118	L
94	119	L
95	0	L
95	1	L
95	2	L
95	3	L
95	4	L
95	5	L
95	6	L
95	7	-1
95	8	-1
95	9	L
95	10	L
95	11	L
95	12	L
95	13	L
95	14	L
95	15	-1
95	16	-1
95	17	Lp
95	18	-1
95	19	-1
95	20	L
95	21	L
95	22	U
95	23	L
95	24	-1
95	25	L
95	26	-1
95	27	L
95	28	-1
95	29	L
95	30	L
95	31	L
95	32	L
95	33	L
95	34	L
95	35	L
95	36	-1
95	37	L
95	38	-1
95	39	-1
95	40	L
95	41	L
95	42	-1
95	43	L
95	44	-1
95	45	L
95	46	L
95	47	U
95	48	L
95	49	L
95	50	L
95	51	-1
95	52	-1
95	53	-1
95	54	L
95	55	-1
95	56	L
95	57	L
95	58	L
95	59	L
95	60	L
95	61	-1
95	62	-1
95	63	-1
95	64	-1
95	65	-1
95	66	L
95	67	-1
95	68	L
95	69	-1
95	70	-1
95	71	L
95	72	L
95	73	-1
95	74	-1
95	75	L
95	76	L
95	77	L
95	78	-1
95	79	L
95	80	L
95	81	L
95	82	L
95	83	L
95	84	L
95	85	-1
95	86	L
95	87	-1
95	88	-1
95	89	L
95	90	U
95	91	L
95	92	-1
95	93	L
95	94	-1
95	95	L
95	96	L
95	97	Lp
95	98	-1
95	99	-1
95	100	Lp
95	101	Lp
95	102	Lp
95	103	Lp
95	104	Lp
95	105	Lp
95	106	-1
95	107	-1
95	108	-1
95	109	L
95	110	L
95	111	-1
95	112	Lp
95	113	-1
95	114	L
95	115	-1
95	116	-1
95	117	-1
95	118	L
95	119	L
96	0	-1
96	1	-1
96	2	L
96	3	-1
96	4	L
96	5	L
96	6	U
96	7	L
96	8	L
96	9	-1
96	10	L
96	11	L
96	12	L
96	13	L
96	14	-1
96	15	-1
96	16	-1
96	17	-1
96	18	L
96	19	L
96	20	L
96	21	U
96	22	U
96	23	L
96	24	L
96	25	L
96	26	L
96	27	L
96	28	-1
96	29	-1
96	30	L
96	31	L
96	32	-1
96	33	L
96	34	-1
96	35	L
96	36	-1
96	37	L
96	38	L
96	39	-1
96	40	-1
96	41	L
96	42	-1
96	43	-1
96	44	-1
96	45	-1
96	46	-1
96	47	L
96	48	L
96	49	L
96	50	L
96	51	L
96	52	-1
96	53	-1
96	54	-1
96	55	L
96	56	L
96	57	L
96	58	-1
96	59	L
96	60	L
96	61	L
96	62	L
96	63	L
96	64	-1
96	65	L
96	66	-1
96	67	-1
96	68	L
96	69	L
96	70	L
96	71	L
96	72	L
96	73	-1
96	74	L
96	75	-1
96	76	L
96	77	L
96	78	L
96	79	L
96	80	-1
96	81	L
96	82	-1
96	83	-1
96	84	L
96	85	L
96	86	L
96	87	-1
96	88	-1
96	89	-1
96	90	L
96	91	L
96	92	L
96	93	-1
96	94	L
96	95	-1
96	96	L
96	97	L
96	98	Lp
96	99	-1
96	100	Lp
96	101	-1
96	102	Lp
96	103	Lp
96	104	Lp
96	105	Lp
96	106	Lp
96	107	L
96	108	L
96	109	-1
96	110	L
96	111	L
96	112	Lp
96	113	-1
96	114	-1
96	115	L
96	116	-1
96	117	L
96	118	-1
96	119	-1
97	0	L
97	1	L
97	2	-1
97	3	L
97	4	L
97	5	U
97	6	L
97	7	L
97	8	L
97	9	L
97	10	L
97	11	L
97	12	-1
97	13	-1
97	14	L
97	15	L
97	16	L
97	17	L
97	18	L
97	19	L
97	20	L
97	21	L
97	22	U
97	23	U
97	24	L
97	25	L
97	26	L
97	27	L
97	28	L
97	29	L
97	30	-1
97	31	-1
97	32	L
97	33	L
97	34	L
97	35	L
97	36	L
97	37	-1
97	38	-1
97	39	-1
97	40	L
97	41	-1
97	42	-1
97	43	-1
97	44	-1
97	45	L
97	46	L
97	47	L
97	48	-1
97	49	U
97	50	L
97	51	L
97	52	-1
97	53	L
97	54	-1
97	55	L
97	56	L
97	57	L
97	58	-1
97	59	L
97	60	-1
97	61	L
97	62	-1
97	63	-1
97	64	-1
97	65	L
97	66	-1
97	67	-1
97	68	-1
97	69	L
97	70	-1
97	71	-1
97	72	L
97	73	L
97	74	L
97	75	L
97	76	L
97	77	L
97	78	L
97	79	L
97	80	L
97	81	L
97	82	L
97	83	-1
97	84	L
97	85	L
97	86	-1
97	87	-1
97	88	-1
97	89	-1
97	90	L
97	91	L
97	92	-1
97	93	L
97	94	L
97	95	L
97	96	-1
97	97	L
97	98	-1
97	99	-1
97	100	-1
97	101	-1
97	102	Lp
97	103	L
97	104	Lp
97	105	L
97	106	Lp
97	107	-1
97	108	Lp
97	109	Lp
97	110	Lp
97	111	-1
97	112	-1
97	113	L
97	114	L
97	115	-1
97	116	-1
97	117	L
97	118	L
97	119	L
98	0	-1
98	1	-1
98	2	L
98	3	L
98	4	L
98	5	L
98	6	L
98	7	L
98	8	L
98	9	-1
98	10	L
98	11	-1
98	12	L
98	13	L
98	14	L
98	15	L
98	16	L
98	17	L
98	18	L
98	19	L
98	20	-1
98	21	U
98	22	-1
98	23	U
98	24	L
98	25	L
98	26	-1
98	27	L
98	28	L
98	29	L
98	30	L
98	31	L
98	32	-1
98	33	L
98	34	-1
98	35	-1
98	36	L
98	37	L
98	38	-1
98	39	L
98	40	L
98	41	-1
98	42	-1
98	43	-1
98	44	L
98	45	-1
98	46	L
98	47	L
98	48	-1
98	49	-1
98	50	L
98	51	L
98	52	L
98	53	-1
98	54	-1
98	55	L
98	56	L
98	57	-1
98	58	L
98	59	L
98	60	U
98	61	-1
98	62	-1
98	63	-1
98	64	L
98	65	L
98	66	L
98	67	-1
98	68	L
98	69	-1
98	70	L
98	71	L
98	72	L
98	73	-1
98	74	-1
98	75	L
98	76	L
98	77	L
98	78	-1
98	79	L
98	80	L
98	81	L
98	82	-1
98	83	-1
98	84	L
98	85	-1
98	86	L
98	87	-1
98	88	-1
98	89	-1
98	90	L
98	91	L
98	92	L
98	93	L
98	94	-1
98	95	-1
98	96	L
98	97	L
98	98	L
98	99	-1
98	100	-1
98	101	-1
98	102	L
98	103	L
98	104	L
98	105	-1
98	106	-1
98	107	Lp
98	108	U
98	109	Lp
98	110	-1
98	111	-1
98	112	L
98	113	-1
98	114	L
98	115	L
98	116	L
98	117	L
98	118	-1
98	119	-1
99	0	-1
99	1	-1
99	2	L
99	3	-1
99	4	L
99	5	L
99	6	L
99	7	L
99	8	L
99	9	L
99	10	L
99	11	L
99	12	L
99	13	L
99	14	-1
99	15	L
99	16	L
99	17	L
99	18	L
99	19	L
99	20	L
99	21	-1
99	22	-1
99	23	-1
99	24	L
99	25	U
99	26	L
99	27	L
99	28	L
99	29	L
99	30	L
99	31	-1
99	32	L
99	33	L
99	34	L
99	35	-1
99	36	L
99	37	L
99	38	L
99	39	-1
99	40	-1
99	41	L
99	42	-1
99	43	-1
99	44	L
99	45	L
99	46	L
99	47	L
99	48	L
99	49	-1
99	50	U
99	51	L
99	52	L
99	53	-1
99	54	-1
99	55	L
99	56	-1
99	57	-1
99	58	L
99	59	L
99	60	L
99	61	-1
99	62	L
99	63	L
99	64	-1
99	65	L
99	66	L
99	67	-1
99	68	-1
99	69	-1
99	70	L
99	71	L
99	72	L
99	73	L
99	74	-1
99	75	L
99	76	-1
99	77	L
99	78	-1
99	79	-1
99	80	L
99	81	L
99	82	L
99	83	L
99	84	-1
99	85	-1
99	86	-1
99	87	L
99	88	-1
99	89	-1
99	90	-1
99	91	-1
99	92	-1
99	93	L
99	94	-1
99	95	L
99	96	-1
99	97	L
99	98	L
99	99	L
99	100	-1
99	101	L
99	102	L
99	103	-1
99	104	-1
99	105	-1
99	106	-1
99	107	-1
99	108	Lp
99	109	Lp
99	110	-1
99	111	Lp
99	112	Lp
99	113	-1
99	114	L
99	115	-1
99	116	-1
99	117	-1
99	118	L
99	119	L
100	0	L
100	1	L
100	2	L
100	3	L
100	4	-1
100	5	L
100	6	-1
100	7	L
100	8	-1
100	9	L
100	10	-1
100	11	L
100	12	-1
100	13	L
100	14	L
100	15	L
100	16	L
100	17	L
100	18	-1
100	19	L
100	20	-1
100	21	U
100	22	U
100	23	-1
100	24	U
100	25	U
100	26	-1
100	27	L
100	28	L
100	29	L
100	30	L
100	31	-1
100	32	L
100	33	L
100	34	-1
100	35	L
100	36	L
100	37	L
100	38	L
100	39	L
100	40	L
100	41	-1
100	42	-1
100	43	L
100	44	L
100	45	L
100	46	L
100	47	L
100	48	-1
100	49	L
100	50	-1
100	51	-1
100	52	L
100	53	L
100	54	L
100	55	-1
100	56	-1
100	57	L
100	58	L
100	59	L
100	60	U
100	61	-1
100	62	-1
100	63	U
100	64	L
100	65	L
100	66	L
100	67	L
100	68	L
100	69	L
100	70	L
100	71	-1
100	72	L
100	73	-1
100	74	L
100	75	-1
100	76	L
100	77	L
100	78	L
100	79	L
100	80	L
100	81	-1
100	82	-1
100	83	L
100	84	-1
100	85	-1
100	86	L
100	87	Lp
100	88	L
100	89	L
100	90	L
100	91	-1
100	92	L
100	93	-1
100	94	-1
100	95	-1
100	96	L
100	97	L
100	98	L
100	99	-1
100	100	-1
100	101	L
100	102	L
100	103	L
100	104	L
100	105	-1
100	106	Lp
100	107	Lp
100	108	-1
100	109	Lp
100	110	Lp
100	111	Lp
100	112	-1
100	113	Lp
100	114	L
100	115	L
100	116	-1
100	117	-1
100	118	-1
100	119	L
101	0	-1
101	1	L
101	2	L
101	3	L
101	4	L
101	5	-1
101	6	L
101	7	L
101	8	U
101	9	L
101	10	L
101	11	L
101	12	-1
101	13	-1
101	14	-1
101	15	L
101	16	-1
101	17	L
101	18	L
101	19	L
101	20	L
101	21	L
101	22	U
101	23	-1
101	24	L
101	25	-1
101	26	-1
101	27	U
101	28	-1
101	29	L
101	30	L
101	31	L
101	32	L
101	33	L
101	34	L
101	35	L
101	36	U
101	37	L
101	38	L
101	39	-1
101	40	-1
101	41	L
101	42	Lp
101	43	-1
101	44	-1
101	45	L
101	46	-1
101	47	L
101	48	L
101	49	-1
101	50	L
101	51	L
101	52	-1
101	53	U
101	54	L
101	55	L
101	56	L
101	57	L
101	58	L
101	59	-1
101	60	L
101	61	-1
101	62	-1
101	63	L
101	64	L
101	65	L
101	66	-1
101	67	-1
101	68	L
101	69	L
101	70	L
101	71	-1
101	72	-1
101	73	L
101	74	L
101	75	L
101	76	-1
101	77	U
101	78	-1
101	79	-1
101	80	-1
101	81	L
101	82	-1
101	83	-1
101	84	-1
101	85	L
101	86	L
101	87	Lp
101	88	L
101	89	L
101	90	L
101	91	-1
101	92	L
101	93	L
101	94	-1
101	95	-1
101	96	L
101	97	L
101	98	L
101	99	L
101	100	L
101	101	L
101	102	L
101	103	L
101	104	L
101	105	L
101	106	L
101	107	Lp
101	108	-1
101	109	Lp
101	110	Lp
101	111	Lp
101	112	-1
101	113	-1
101	114	L
101	115	L
101	116	L
101	117	L
101	118	L
101	119	L
102	0	-1
102	1	-1
102	2	L
102	3	L
102	4	L
102	5	L
102	6	-1
102	7	L
102	8	L
102	9	L
102	10	L
102	11	U
102	12	U
102	13	-1
102	14	L
102	15	L
102	16	L
102	17	L
102	18	-1
102	19	L
102	20	-1
102	21	L
102	22	-1
102	23	-1
102	24	-1
102	25	L
102	26	U
102	27	L
102	28	-1
102	29	L
102	30	L
102	31	-1
102	32	-1
102	33	L
102	34	-1
102	35	-1
102	36	U
102	37	U
102	38	L
102	39	L
102	40	L
102	41	Lp
102	42	Lp
102	43	Lp
102	44	-1
102	45	-1
102	46	-1
102	47	L
102	48	L
102	49	L
102	50	L
102	51	L
102	52	L
102	53	U
102	54	L
102	55	-1
102	56	L
102	57	-1
102	58	L
102	59	-1
102	60	-1
102	61	-1
102	62	L
102	63	L
102	64	L
102	65	L
102	66	-1
102	67	-1
102	68	-1
102	69	-1
102	70	L
102	71	L
102	72	L
102	73	L
102	74	L
102	75	-1
102	76	U
102	77	-1
102	78	L
102	79	L
102	80	L
102	81	L
102	82	L
102	83	L
102	84	-1
102	85	L
102	86	-1
102	87	Lp
102	88	-1
102	89	-1
102	90	-1
102	91	L
102	92	-1
102	93	L
102	94	-1
102	95	-1
102	96	-1
102	97	-1
102	98	-1
102	99	-1
102	100	-1
102	101	L
102	102	-1
102	103	L
102	104	-1
102	105	L
102	106	L
102	107	Lp
102	108	-1
102	109	Lp
102	110	Lp
102	111	Lp
102	112	Lp
102	113	L
102	114	L
102	115	-1
102	116	L
102	117	-1
102	118	L
102	119	L
103	0	L
103	1	U
103	2	L
103	3	L
103	4	-1
103	5	-1
103	6	L
103	7	L
103	8	L
103	9	L
103	10	-1
103	11	L
103	12	L
103	13	-1
103	14	-1
103	15	L
103	16	L
103	17	-1
103	18	L
103	19	L
103	20	-1
103	21	L
103	22	L
103	23	L
103	24	L
103	25	-1
103	26	U
103	27	U
103	28	L
103	29	L
103	30	L
103	31	L
103	32	L
103	33	L
103	34	L
103	35	-1
103	36	U
103	37	-1
103	38	-1
103	39	L
103	40	U
103	41	Lp
103	42	Lp
103	43	Lp
103	44	-1
103	45	-1
103	46	-1
103	47	L
103	48	U
103	49	L
103	50	L
103	51	L
103	52	-1
103	53	U
103	54	L
103	55	L
103	56	L
103	57	-1
103	58	L
103	59	L
103	60	L
103	61	-1
103	62	-1
103	63	L
103	64	-1
103	65	L
103	66	-1
103	67	L
103	68	L
103	69	-1
103	70	L
103	71	L
103	72	L
103	73	L
103	74	L
103	75	-1
103	76	-1
103	77	-1
103	78	L
103	79	L
103	80	L
103	81	L
103	82	L
103	83	L
103	84	-1
103	85	L
103	86	L
103	87	-1
103	88	-1
103	89	L
103	90	L
103	91	-1
103	92	L
103	93	L
103	94	-1
103	95	-1
103	96	L
103	97	-1
103	98	-1
103	99	-1
103	100	L
103	101	L
103	102	L
103	103	L
103	104	L
103	105	L
103	106	L
103	107	-1
103	108	Lp
103	109	-1
103	110	Lp
103	111	Lp
103	112	Lp
103	113	Lp
103	114	L
103	115	L
103	116	-1
103	117	-1
103	118	L
103	119	L
104	0	L
104	1	L
104	2	U
104	3	U
104	4	U
104	5	U
104	6	L
104	7	L
104	8	U
104	9	L
104	10	-1
104	11	-1
104	12	-1
104	13	L
104	14	L
104	15	-1
104	16	L
104	17	L
104	18	L
104	19	-1
104	20	L
104	21	L
104	22	L
104	23	L
104	24	-1
104	25	-1
104	26	-1
104	27	L
104	28	L
104	29	L
104	30	L
104	31	L
104	32	L
104	33	L
104	34	L
104	35	L
104	36	U
104	37	-1
104	38	L
104	39	U
104	40	Lp
104	41	Lp
104	42	Lp
104	43	-1
104	44	-1
104	45	-1
104	46	L
104	47	L
104	48	L
104	49	L
104	50	L
104	51	L
104	52	-1
104	53	-1
104	54	L
104	55	-1
104	56	L
104	57	L
104	58	L
104	59	-1
104	60	-1
104	61	L
104	62	L
104	63	L
104	64	-1
104	65	-1
104	66	L
104	67	-1
104	68	-1
104	69	-1
104	70	L
104	71	-1
104	72	L
104	73	L
104	74	U
104	75	U
104	76	-1
104	77	-1
104	78	-1
104	79	L
104	80	L
104	81	L
104	82	L
104	83	-1
104	84	L
104	85	L
104	86	L
104	87	L
104	88	L
104	89	L
104	90	L
104	91	L
104	92	-1
104	93	L
104	94	L
104	95	L
104	96	L
104	97	U
104	98	U
104	99	L
104	100	-1
104	101	-1
104	102	U
104	103	-1
104	104	L
104	105	L
104	106	U
104	107	-1
104	108	-1
104	109	-1
104	110	Lp
104	111	Lp
104	112	Lp
104	113	Lp
104	114	L
104	115	-1
104	116	-1
104	117	L
104	118	L
104	119	L
105	0	-1
105	1	-1
105	2	U
105	3	U
105	4	U
105	5	U
105	6	U
105	7	-1
105	8	L
105	9	L
105	10	L
105	11	L
105	12	-1
105	13	-1
105	14	-1
105	15	L
105	16	-1
105	17	L
105	18	L
105	19	L
105	20	-1
105	21	L
105	22	-1
105	23	L
105	24	-1
105	25	L
105	26	-1
105	27	L
105	28	-1
105	29	L
105	30	-1
105	31	L
105	32	-1
105	33	-1
105	34	-1
105	35	L
105	36	U
105	37	-1
105	38	U
105	39	-1
105	40	U
105	41	Lp
105	42	Lp
105	43	-1
105	44	-1
105	45	L
105	46	-1
105	47	L
105	48	Lp
105	49	-1
105	50	-1
105	51	L
105	52	L
105	53	L
105	54	L
105	55	L
105	56	L
105	57	L
105	58	L
105	59	L
105	60	-1
105	61	L
105	62	L
105	63	-1
105	64	L
105	65	-1
105	66	-1
105	67	L
105	68	L
105	69	L
105	70	-1
105	71	L
105	72	L
105	73	-1
105	74	L
105	75	-1
105	76	L
105	77	L
105	78	L
105	79	L
105	80	-1
105	81	-1
105	82	-1
105	83	-1
105	84	L
105	85	-1
105	86	L
105	87	L
105	88	L
105	89	L
105	90	L
105	91	-1
105	92	L
105	93	-1
105	94	-1
105	95	-1
105	96	L
105	97	-1
105	98	L
105	99	U
105	100	U
105	101	-1
105	102	L
105	103	-1
105	104	L
105	105	U
105	106	-1
105	107	-1
105	108	L
105	109	-1
105	110	-1
105	111	Lp
105	112	-1
105	113	Lp
105	114	L
105	115	L
105	116	L
105	117	L
105	118	L
105	119	L
106	0	L
106	1	U
106	2	U
106	3	-1
106	4	U
106	5	U
106	6	L
106	7	-1
106	8	L
106	9	L
106	10	L
106	11	-1
106	12	-1
106	13	L
106	14	L
106	15	-1
106	16	L
106	17	L
106	18	L
106	19	L
106	20	-1
106	21	L
106	22	L
106	23	-1
106	24	-1
106	25	-1
106	26	-1
106	27	L
106	28	L
106	29	-1
106	30	L
106	31	L
106	32	-1
106	33	-1
106	34	L
106	35	U
106	36	-1
106	37	-1
106	38	U
106	39	-1
106	40	-1
106	41	-1
106	42	-1
106	43	-1
106	44	Lp
106	45	-1
106	46	L
106	47	Lp
106	48	-1
106	49	L
106	50	-1
106	51	L
106	52	L
106	53	L
106	54	L
106	55	L
106	56	L
106	57	L
106	58	-1
106	59	L
106	60	L
106	61	L
106	62	-1
106	63	-1
106	64	L
106	65	-1
106	66	L
106	67	L
106	68	L
106	69	L
106	70	L
106	71	L
106	72	L
106	73	-1
106	74	-1
106	75	-1
106	76	L
106	77	-1
106	78	L
106	79	L
106	80	L
106	81	L
106	82	-1
106	83	-1
106	84	Lp
106	85	L
106	86	L
106	87	-1
106	88	L
106	89	L
106	90	L
106	91	L
106	92	L
106	93	-1
106	94	L
106	95	L
106	96	L
106	97	L
106	98	L
106	99	L
106	100	-1
106	101	-1
106	102	L
106	103	-1
106	104	U
106	105	U
106	106	L
106	107	L
106	108	-1
106	109	L
106	110	-1
106	111	-1
106	112	Lp
106	113	L
106	114	L
106	115	L
106	116	L
106	117	L
106	118	U
106	119	U
107	0	-1
107	1	-1
107	2	U
107	3	U
107	4	U
107	5	-1
107	6	L
107	7	L
107	8	L
107	9	L
107	10	L
107	11	-1
107	12	L
107	13	L
107	14	L
107	15	L
107	16	-1
107	17	L
107	18	L
107	19	-1
107	20	-1
107	21	L
107	22	L
107	23	-1
107	24	-1
107	25	L
107	26	L
107	27	L
107	28	L
107	29	-1
107	30	-1
107	31	-1
107	32	-1
107	33	L
107	34	L
107	35	L
107	36	U
107	37	-1
107	38	L
107	39	-1
107	40	-1
107	41	Lp
107	42	Lp
107	43	Lp
107	44	L
107	45	-1
107	46	Lp
107	47	-1
107	48	Lp
107	49	Lp
107	50	L
107	51	-1
107	52	-1
107	53	-1
107	54	L
107	55	-1
107	56	L
107	57	L
107	58	L
107	59	-1
107	60	L
107	61	L
107	62	L
107	63	L
107	64	-1
107	65	L
107	66	L
107	67	L
107	68	L
107	69	-1
107	70	L
107	71	-1
107	72	L
107	73	-1
107	74	-1
107	75	L
107	76	-1
107	77	Lp
107	78	-1
107	79	L
107	80	Lp
107	81	-1
107	82	L
107	83	Lp
107	84	L
107	85	L
107	86	L
107	87	L
107	88	-1
107	89	-1
107	90	L
107	91	-1
107	92	L
107	93	-1
107	94	L
107	95	L
107	96	L
107	97	L
107	98	L
107	99	-1
107	100	U
107	101	U
107	102	U
107	103	U
107	104	-1
107	105	-1
107	106	U
107	107	-1
107	108	L
107	109	Lp
107	110	Lp
107	111	-1
107	112	-1
107	113	-1
107	114	-1
107	115	L
107	116	L
107	117	L
107	118	L
107	119	L
108	0	L
108	1	-1
108	2	U
108	3	L
108	4	U
108	5	U
108	6	U
108	7	L
108	8	L
108	9	-1
108	10	-1
108	11	L
108	12	L
108	13	L
108	14	L
108	15	L
108	16	L
108	17	L
108	18	L
108	19	-1
108	20	L
108	21	L
108	22	-1
108	23	L
108	24	L
108	25	L
108	26	L
108	27	-1
108	28	-1
108	29	L
108	30	L
108	31	L
108	32	L
108	33	-1
108	34	L
108	35	-1
108	36	L
108	37	L
108	38	-1
108	39	-1
108	40	L
108	41	-1
108	42	-1
108	43	Lp
108	44	L
108	45	L
108	46	Lp
108	47	Lp
108	48	Lp
108	49	Lp
108	50	L
108	51	Lp
108	52	L
108	53	L
108	54	-1
108	55	-1
108	56	-1
108	57	L
108	58	-1
108	59	L
108	60	-1
108	61	L
108	62	L
108	63	-1
108	64	L
108	65	-1
108	66	L
108	67	-1
108	68	-1
108	69	-1
108	70	L
108	71	L
108	72	L
108	73	L
108	74	-1
108	75	-1
108	76	L
108	77	Lp
108	78	-1
108	79	-1
108	80	L
108	81	Lp
108	82	Lp
108	83	L
108	84	L
108	85	L
108	86	-1
108	87	-1
108	88	L
108	89	L
108	90	L
108	91	L
108	92	-1
108	93	-1
108	94	L
108	95	L
108	96	U
108	97	L
108	98	L
108	99	L
108	100	U
108	101	U
108	102	U
108	103	-1
108	104	U
108	105	U
108	106	L
108	107	L
108	108	L
108	109	L
108	110	-1
108	111	Lp
108	112	-1
108	113	-1
108	114	L
108	115	-1
108	116	L
108	117	-1
108	118	L
108	119	L
109	0	-1
109	1	L
109	2	-1
109	3	L
109	4	U
109	5	L
109	6	-1
109	7	L
109	8	L
109	9	L
109	10	L
109	11	L
109	12	L
109	13	L
109	14	L
109	15	-1
109	16	L
109	17	L
109	18	L
109	19	-1
109	20	-1
109	21	L
109	22	L
109	23	-1
109	24	L
109	25	L
109	26	-1
109	27	-1
109	28	L
109	29	-1
109	30	L
109	31	L
109	32	L
109	33	L
109	34	-1
109	35	L
109	36	-1
109	37	L
109	38	L
109	39	Lp
109	40	L
109	41	L
109	42	U
109	43	L
109	44	U
109	45	L
109	46	-1
109	47	U
109	48	-1
109	49	Lp
109	50	Lp
109	51	L
109	52	L
109	53	L
109	54	L
109	55	-1
109	56	L
109	57	L
109	58	-1
109	59	L
109	60	L
109	61	L
109	62	-1
109	63	-1
109	64	L
109	65	-1
109	66	L
109	67	L
109	68	-1
109	69	-1
109	70	-1
109	71	L
109	72	L
109	73	-1
109	74	-1
109	75	-1
109	76	L
109	77	L
109	78	-1
109	79	-1
109	80	-1
109	81	-1
109	82	-1
109	83	L
109	84	L
109	85	L
109	86	L
109	87	-1
109	88	L
109	89	-1
109	90	L
109	91	L
109	92	L
109	93	-1
109	94	L
109	95	U
109	96	U
109	97	L
109	98	-1
109	99	-1
109	100	-1
109	101	L
109	102	-1
109	103	-1
109	104	U
109	105	U
109	106	-1
109	107	L
109	108	-1
109	109	Lp
109	110	-1
109	111	Lp
109	112	-1
109	113	-1
109	114	-1
109	115	L
109	116	L
109	117	-1
109	118	L
109	119	L
110	0	L
110	1	L
110	2	-1
110	3	L
110	4	L
110	5	L
110	6	L
110	7	L
110	8	-1
110	9	L
110	10	L
110	11	-1
110	12	L
110	13	-1
110	14	L
110	15	L
110	16	L
110	17	L
110	18	L
110	19	L
110	20	L
110	21	L
110	22	-1
110	23	L
110	24	-1
110	25	L
110	26	-1
110	27	-1
110	28	-1
110	29	-1
110	30	L
110	31	L
110	32	-1
110	33	-1
110	34	U
110	35	-1
110	36	U
110	37	Lp
110	38	Lp
110	39	L
110	40	L
110	41	U
110	42	-1
110	43	U
110	44	U
110	45	U
110	46	U
110	47	U
110	48	Lp
110	49	-1
110	50	Lp
110	51	L
110	52	-1
110	53	Lp
110	54	L
110	55	L
110	56	-1
110	57	L
110	58	-1
110	59	L
110	60	L
110	61	L
110	62	L
110	63	L
110	64	L
110	65	L
110	66	-1
110	67	L
110	68	L
110	69	L
110	70	L
110	71	L
110	72	-1
110	73	-1
110	74	-1
110	75	L
110	76	-1
110	77	Lp
110	78	L
110	79	-1
110	80	L
110	81	L
110	82	-1
110	83	L
110	84	L
110	85	L
110	86	L
110	87	L
110	88	L
110	89	-1
110	90	L
110	91	L
110	92	L
110	93	L
110	94	U
110	95	U
110	96	L
110	97	L
110	98	-1
110	99	L
110	100	-1
110	101	L
110	102	-1
110	103	L
110	104	U
110	105	L
110	106	-1
110	107	L
110	108	Lp
110	109	Lp
110	110	Lp
110	111	-1
110	112	-1
110	113	-1
110	114	L
110	115	L
110	116	L
110	117	L
110	118	L
110	119	-1
111	0	L
111	1	L
111	2	L
111	3	L
111	4	-1
111	5	L
111	6	-1
111	7	U
111	8	L
111	9	-1
111	10	-1
111	11	L
111	12	L
111	13	L
111	14	L
111	15	L
111	16	-1
111	17	L
111	18	-1
111	19	-1
111	20	L
111	21	L
111	22	L
111	23	L
111	24	-1
111	25	L
111	26	-1
111	27	-1
111	28	L
111	29	-1
111	30	L
111	31	L
111	32	L
111	33	U
111	34	-1
111	35	U
111	36	-1
111	37	-1
111	38	Lp
111	39	Lp
111	40	-1
111	41	-1
111	42	U
111	43	U
111	44	U
111	45	U
111	46	U
111	47	U
111	48	Lp
111	49	Lp
111	50	-1
111	51	-1
111	52	-1
111	53	L
111	54	-1
111	55	L
111	56	L
111	57	L
111	58	-1
111	59	-1
111	60	-1
111	61	-1
111	62	L
111	63	L
111	64	L
111	65	L
111	66	L
111	67	-1
111	68	L
111	69	L
111	70	L
111	71	L
111	72	L
111	73	-1
111	74	L
111	75	-1
111	76	L
111	77	-1
111	78	L
111	79	L
111	80	L
111	81	L
111	82	-1
111	83	-1
111	84	L
111	85	L
111	86	-1
111	87	L
111	88	-1
111	89	L
111	90	L
111	91	L
111	92	L
111	93	L
111	94	L
111	95	L
111	96	U
111	97	L
111	98	L
111	99	-1
111	100	-1
111	101	-1
111	102	U
111	103	L
111	104	L
111	105	L
111	106	-1
111	107	-1
111	108	-1
111	109	-1
111	110	L
111	111	L
111	112	-1
111	113	-1
111	114	L
111	115	L
111	116	-1
111	117	L
111	118	-1
111	119	-1
112	0	L
112	1	L
112	2	L
112	3	-1
112	4	L
112	5	U
112	6	U
112	7	U
112	8	L
112	9	-1
112	10	U
112	11	L
112	12	L
112	13	L
112	14	L
112	15	-1
112	16	L
112	17	L
112	18	-1
112	19	-1
112	20	-1
112	21	L
112	22	L
112	23	L
112	24	-1
112	25	L
112	26	L
112	27	L
112	28	L
112	29	L
112	30	L
112	31	-1
112	32	L
112	33	L
112	34	L
112	35	-1
112	36	L
112	37	U
112	38	-1
112	39	L
112	40	-1
112	41	U
112	42	U
112	43	-1
112	44	U
112	45	-1
112	46	U
112	47	Lp
112	48	-1
112	49	-1
112	50	-1
112	51	L
112	52	-1
112	53	L
112	54	Lp
112	55	-1
112	56	-1
112	57	-1
112	58	-1
112	59	-1
112	60	-1
112	61	-1
112	62	-1
112	63	L
112	64	L
112	65	-1
112	66	-1
112	67	U
112	68	L
112	69	L
112	70	L
112	71	L
112	72	L
112	73	-1
112	74	-1
112	75	L
112	76	-1
112	77	-1
112	78	-1
112	79	L
112	80	L
112	81	-1
112	82	L
112	83	L
112	84	-1
112	85	L
112	86	L
112	87	L
112	88	-1
112	89	-1
112	90	-1
112	91	L
112	92	L
112	93	-1
112	94	L
112	95	L
112	96	L
112	97	L
112	98	L
112	99	L
112	100	L
112	101	L
112	102	U
112	103	L
112	104	L
112	105	L
112	106	L
112	107	L
112	108	-1
112	109	-1
112	110	-1
112	111	L
112	112	L
112	113	L
112	114	L
112	115	-1
112	116	L
112	117	-1
112	118	-1
112	119	L
113	0	L
113	1	L
113	2	L
113	3	-1
113	4	-1
113	5	L
113	6	-1
113	7	U
113	8	L
113	9	L
113	10	L
113	11	L
113	12	-1
113	13	-1
113	14	L
113	15	L
113	16	L
113	17	L
113	18	-1
113	19	-1
113	20	L
113	21	-1
113	22	L
113	23	-1
113	24	L
113	25	L
113	26	L
113	27	L
113	28	L
113	29	L
113	30	L
113	31	-1
113	32	L
113	33	L
113	34	L
113	35	L
113	36	-1
113	37	L
113	38	-1
113	39	U
113	40	U
113	41	U
113	42	-1
113	43	U
113	44	U
113	45	U
113	46	-1
113	47	U
113	48	Lp
113	49	Lp
113	50	Lp
113	51	-1
113	52	-1
113	53	-1
113	54	Lp
113	55	Lp
113	56	-1
113	57	-1
113	58	L
113	59	L
113	60	L
113	61	L
113	62	L
113	63	-1
113	64	-1
113	65	L
113	66	-1
113	67	U
113	68	L
113	69	L
113	70	-1
113	71	L
113	72	L
113	73	-1
113	74	-1
113	75	-1
113	76	-1
113	77	L
113	78	-1
113	79	-1
113	80	-1
113	81	-1
113	82	L
113	83	-1
113	84	-1
113	85	L
113	86	L
113	87	L
113	88	L
113	89	-1
113	90	L
113	91	-1
113	92	L
113	93	L
113	94	L
113	95	L
113	96	L
113	97	L
113	98	L
113	99	L
113	100	L
113	101	-1
113	102	L
113	103	-1
113	104	-1
113	105	L
113	106	L
113	107	L
113	108	-1
113	109	L
113	110	L
113	111	L
113	112	-1
113	113	L
113	114	-1
113	115	L
113	116	L
113	117	L
113	118	L
113	119	L
114	0	L
114	1	-1
114	2	L
114	3	L
114	4	L
114	5	L
114	6	L
114	7	L
114	8	L
114	9	L
114	10	L
114	11	L
114	12	-1
114	13	-1
114	14	L
114	15	-1
114	16	-1
114	17	L
114	18	-1
114	19	L
114	20	-1
114	21	-1
114	22	Lp
114	23	L
114	24	-1
114	25	-1
114	26	-1
114	27	L
114	28	-1
114	29	-1
114	30	L
114	31	L
114	32	L
114	33	-1
114	34	-1
114	35	U
114	36	U
114	37	U
114	38	L
114	39	-1
114	40	U
114	41	U
114	42	U
114	43	-1
114	44	U
114	45	U
114	46	U
114	47	U
114	48	-1
114	49	Lp
114	50	Lp
114	51	Lp
114	52	Lp
114	53	-1
114	54	Lp
114	55	Lp
114	56	Lp
114	57	L
114	58	-1
114	59	L
114	60	-1
114	61	L
114	62	L
114	63	-1
114	64	-1
114	65	L
114	66	U
114	67	U
114	68	-1
114	69	-1
114	70	-1
114	71	L
114	72	-1
114	73	-1
114	74	-1
114	75	L
114	76	-1
114	77	-1
114	78	L
114	79	L
114	80	-1
114	81	-1
114	82	L
114	83	L
114	84	L
114	85	-1
114	86	L
114	87	L
114	88	L
114	89	L
114	90	L
114	91	L
114	92	L
114	93	L
114	94	L
114	95	L
114	96	L
114	97	L
114	98	L
114	99	-1
114	100	-1
114	101	L
114	102	L
114	103	-1
114	104	-1
114	105	-1
114	106	L
114	107	L
114	108	L
114	109	L
114	110	L
114	111	L
114	112	L
114	113	-1
114	114	-1
114	115	L
114	116	-1
114	117	-1
114	118	-1
114	119	-1
115	0	L
115	1	L
115	2	L
115	3	L
115	4	-1
115	5	L
115	6	L
115	7	L
115	8	L
115	9	-1
115	10	L
115	11	L
115	12	-1
115	13	-1
115	14	-1
115	15	L
115	16	L
115	17	-1
115	18	L
115	19	-1
115	20	L
115	21	-1
115	22	-1
115	23	Lp
115	24	Lp
115	25	U
115	26	-1
115	27	U
115	28	L
115	29	-1
115	30	-1
115	31	L
115	32	-1
115	33	U
115	34	U
115	35	U
115	36	U
115	37	-1
115	38	-1
115	39	U
115	40	-1
115	41	-1
115	42	-1
115	43	U
115	44	U
115	45	-1
115	46	U
115	47	-1
115	48	-1
115	49	-1
115	50	-1
115	51	Lp
115	52	-1
115	53	Lp
115	54	Lp
115	55	-1
115	56	Lp
115	57	Lp
115	58	Lp
115	59	L
115	60	L
115	61	L
115	62	-1
115	63	-1
115	64	L
115	65	Lp
115	66	L
115	67	-1
115	68	-1
115	69	L
115	70	L
115	71	L
115	72	-1
115	73	-1
115	74	-1
115	75	-1
115	76	L
115	77	-1
115	78	L
115	79	L
115	80	-1
115	81	L
115	82	L
115	83	-1
115	84	-1
115	85	L
115	86	L
115	87	-1
115	88	L
115	89	-1
115	90	L
115	91	L
115	92	L
115	93	L
115	94	L
115	95	-1
115	96	L
115	97	L
115	98	L
115	99	L
115	100	-1
115	101	L
115	102	L
115	103	L
115	104	-1
115	105	L
115	106	L
115	107	L
115	108	-1
115	109	L
115	110	-1
115	111	-1
115	112	-1
115	113	-1
115	114	L
115	115	-1
115	116	L
115	117	-1
115	118	-1
115	119	-1
116	0	-1
116	1	-1
116	2	-1
116	3	-1
116	4	L
116	5	L
116	6	-1
116	7	-1
116	8	-1
116	9	-1
116	10	Lp
116	11	L
116	12	-1
116	13	-1
116	14	-1
116	15	L
116	16	L
116	17	L
116	18	-1
116	19	L
116	20	-1
116	21	L
116	22	-1
116	23	-1
116	24	Lp
116	25	-1
116	26	Lp
116	27	L
116	28	L
116	29	L
116	30	L
116	31	L
116	32	-1
116	33	U
116	34	-1
116	35	L
116	36	L
116	37	L
116	38	-1
116	39	-1
116	40	L
116	41	-1
116	42	U
116	43	-1
116	44	U
116	45	-1
116	46	Lp
116	47	-1
116	48	U
116	49	Lp
116	50	Lp
116	51	-1
116	52	Lp
116	53	Lp
116	54	Lp
116	55	Lp
116	56	-1
116	57	-1
116	58	Lp
116	59	-1
116	60	-1
116	61	-1
116	62	L
116	63	L
116	64	-1
116	65	-1
116	66	-1
116	67	Lp
116	68	L
116	69	L
116	70	L
116	71	L
116	72	L
116	73	Lp
116	74	L
116	75	L
116	76	-1
116	77	L
116	78	-1
116	79	-1
116	80	-1
116	81	L
116	82	L
116	83	-1
116	84	L
116	85	-1
116	86	L
116	87	L
116	88	L
116	89	L
116	90	L
116	91	L
116	92	-1
116	93	L
116	94	L
116	95	L
116	96	L
116	97	L
116	98	L
116	99	-1
116	100	-1
116	101	-1
116	102	L
116	103	-1
116	104	-1
116	105	L
116	106	L
116	107	L
116	108	L
116	109	L
116	110	L
116	111	-1
116	112	L
116	113	L
116	114	U
116	115	L
116	116	L
116	117	-1
116	118	-1
116	119	-1
117	0	-1
117	1	L
117	2	-1
117	3	L
117	4	-1
117	5	-1
117	6	-1
117	7	-1
117	8	-1
117	9	Lp
117	10	L
117	11	Lp
117	12	-1
117	13	Lp
117	14	L
117	15	Lp
117	16	L
117	17	L
117	18	L
117	19	L
117	20	-1
117	21	-1
117	22	Lp
117	23	Lp
117	24	-1
117	25	Lp
117	26	-1
117	27	-1
117	28	-1
117	29	L
117	30	-1
117	31	L
117	32	L
117	33	-1
117	34	-1
117	35	-1
117	36	L
117	37	L
117	38	-1
117	39	L
117	40	L
117	41	-1
117	42	U
117	43	Lp
117	44	Lp
117	45	-1
117	46	-1
117	47	-1
117	48	-1
117	49	-1
117	50	Lp
117	51	Lp
117	52	Lp
117	53	-1
117	54	Lp
117	55	Lp
117	56	-1
117	57	-1
117	58	-1
117	59	Lp
117	60	Lp
117	61	-1
117	62	L
117	63	L
117	64	L
117	65	-1
117	66	Lp
117	67	L
117	68	L
117	69	L
117	70	-1
117	71	-1
117	72	Lp
117	73	L
117	74	L
117	75	L
117	76	-1
117	77	L
117	78	L
117	79	L
117	80	L
117	81	L
117	82	L
117	83	L
117	84	L
117	85	L
117	86	L
117	87	L
117	88	L
117	89	L
117	90	L
117	91	U
117	92	-1
117	93	-1
117	94	-1
117	95	-1
117	96	-1
117	97	L
117	98	L
117	99	L
117	100	-1
117	101	L
117	102	L
117	103	L
117	104	L
117	105	-1
117	106	L
117	107	L
117	108	L
117	109	-1
117	110	L
117	111	-1
117	112	L
117	113	-1
117	114	L
117	115	U
117	116	L
117	117	L
117	118	-1
117	119	-1
118	0	L
118	1	L
118	2	-1
118	3	L
118	4	L
118	5	L
118	6	-1
118	7	U
118	8	Lp
118	9	-1
118	10	Lp
118	11	L
118	12	-1
118	13	L
118	14	-1
118	15	-1
118	16	L
118	17	L
118	18	L
118	19	-1
118	20	L
118	21	L
118	22	L
118	23	Lp
118	24	Lp
118	25	L
118	26	L
118	27	L
118	28	L
118	29	L
118	30	-1
118	31	L
118	32	L
118	33	L
118	34	L
118	35	L
118	36	-1
118	37	L
118	38	L
118	39	L
118	40	Lp
118	41	Lp
118	42	Lp
118	43	-1
118	44	-1
118	45	-1
118	46	Lp
118	47	-1
118	48	-1
118	49	-1
118	50	Lp
118	51	Lp
118	52	Lp
118	53	Lp
118	54	Lp
118	55	Lp
118	56	-1
118	57	Lp
118	58	-1
118	59	Lp
118	60	-1
118	61	-1
118	62	-1
118	63	L
118	64	-1
118	65	Lp
118	66	Lp
118	67	Lp
118	68	-1
118	69	-1
118	70	-1
118	71	-1
118	72	-1
118	73	Lp
118	74	L
118	75	L
118	76	Lp
118	77	L
118	78	-1
118	79	L
118	80	L
118	81	L
118	82	L
118	83	L
118	84	-1
118	85	L
118	86	L
118	87	L
118	88	L
118	89	L
118	90	L
118	91	L
118	92	U
118	93	U
118	94	-1
118	95	L
118	96	L
118	97	-1
118	98	-1
118	99	-1
118	100	L
118	101	-1
118	102	-1
118	103	L
118	104	L
118	105	L
118	106	L
118	107	-1
118	108	-1
118	109	L
118	110	L
118	111	L
118	112	L
118	113	L
118	114	L
118	115	L
118	116	L
118	117	L
118	118	L
118	119	L
119	0	-1
119	1	-1
119	2	L
119	3	L
119	4	L
119	5	L
119	6	U
119	7	L
119	8	L
119	9	L
119	10	Lp
119	11	-1
119	12	-1
119	13	L
119	14	L
119	15	Lp
119	16	-1
119	17	-1
119	18	-1
119	19	-1
119	20	L
119	21	-1
119	22	L
119	23	-1
119	24	-1
119	25	L
119	26	L
119	27	-1
119	28	L
119	29	-1
119	30	-1
119	31	L
119	32	L
119	33	-1
119	34	L
119	35	L
119	36	L
119	37	L
119	38	-1
119	39	L
119	40	-1
119	41	Lp
119	42	Lp
119	43	Lp
119	44	Lp
119	45	Lp
119	46	-1
119	47	-1
119	48	-1
119	49	-1
119	50	-1
119	51	Lp
119	52	Lp
119	53	Lp
119	54	-1
119	55	-1
119	56	Lp
119	57	Lp
119	58	Lp
119	59	Lp
119	60	Lp
119	61	-1
119	62	L
119	63	-1
119	64	L
119	65	-1
119	66	L
119	67	L
119	68	-1
119	69	-1
119	70	-1
119	71	-1
119	72	-1
119	73	-1
119	74	Lp
119	75	-1
119	76	-1
119	77	L
119	78	-1
119	79	-1
119	80	-1
119	81	-1
119	82	L
119	83	-1
119	84	-1
119	85	L
119	86	L
119	87	-1
119	88	-1
119	89	L
119	90	L
119	91	L
119	92	L
119	93	U
119	94	-1
119	95	L
119	96	-1
119	97	-1
119	98	-1
119	99	-1
119	100	L
119	101	-1
119	102	-1
119	103	-1
119	104	L
119	105	L
119	106	L
119	107	-1
119	108	L
119	109	L
119	110	L
119	111	L
119	112	L
119	113	L
119	114	L
119	115	L
119	116	L
119	117	L
119	118	L
119	119	L
