0	0	L
0	1	Lp
0	2	Lp
0	3	L
0	4	L
0	5	Lp
0	6	Lp
0	7	U
0	8	L
0	9	Lp
0	10	Lp
0	11	-1
0	12	L
0	13	Lp
0	14	Lp
0	15	Lp
0	16	Lp
0	17	Lp
0	18	-1
0	19	Lp
0	20	Lp
0	21	-1
0	22	Lp
0	23	Lp
0	24	Lp
0	25	Lp
0	26	-1
0	27	Lp
0	28	Lp
0	29	Lp
0	30	-1
0	31	L
0	32	L
0	33	L
0	34	-1
0	35	Lp
0	36	Lp
0	37	Lp
0	38	L
0	39	L
0	40	Lp
0	41	-1
0	42	Lp
0	43	Lp
0	44	Lp
0	45	Lp
0	46	-1
0	47	-1
0	48	-1
0	49	Lp
0	50	Lp
0	51	Lp
0	52	Lp
0	53	Lp
0	54	-1
0	55	-1
0	56	-1
0	57	Lp
0	58	-1
0	59	Lp
0	60	-1
0	61	Lp
0	62	U
0	63	-1
0	64	Lp
0	65	Lp
0	66	Lp
0	67	Lp
0	68	Lp
0	69	-1
0	70	Lp
0	71	-1
0	72	-1
0	73	Lp
0	74	Lp
0	75	L
0	76	L
0	77	L
0	78	Lp
0	79	Lp
0	80	Lp
0	81	Lp
0	82	Lp
0	83	Lp
0	84	Lp
0	85	Lp
0	86	Lp
0	87	-1
0	88	Lp
0	89	-1
0	90	-1
0	91	Lp
0	92	-1
0	93	-1
0	94	-1
0	95	U
0	96	U
0	97	Lp
0	98	-1
0	99	U
0	100	L
0	101	-1
0	102	L
0	103	L
0	104	L
0	105	L
0	106	L
0	107	L
0	108	L
0	109	-1
0	110	-1
0	111	L
0	112	L
0	113	L
0	114	L
0	115	U
0	116	U
0	117	U
0	118	Lp
0	119	L
1	0	L
1	1	Lp
1	2	Lp
1	3	L
1	4	L
1	5	-1
1	6	-1
1	7	-1
1	8	U
1	9	L
1	10	L
1	11	L
1	12	-1
1	13	L
1	14	L
1	15	Lp
1	16	-1
1	17	Lp
1	18	-1
1	19	-1
1	20	Lp
1	21	-1
1	22	Lp
1	23	Lp
1	24	Lp
1	25	Lp
1	26	Lp
1	27	Lp
1	28	Lp
1	29	-1
1	30	-1
1	31	L
1	32	Lp
1	33	L
1	34	L
1	35	-1
1	36	-1
1	37	Lp
1	38	Lp
1	39	L
1	40	Lp
1	41	Lp
1	42	Lp
1	43	Lp
1	44	U
1	45	Lp
1	46	Lp
1	47	Lp
1	48	U
1	49	-1
1	50	Lp
1	51	-1
1	52	Lp
1	53	Lp
1	54	Lp
1	55	Lp
1	56	Lp
1	57	Lp
1	58	Lp
1	59	Lp
1	60	Lp
1	61	Lp
1	62	U
1	63	U
1	64	Lp
1	65	Lp
1	66	-1
1	67	Lp
1	68	Lp
1	69	Lp
1	70	-1
1	71	Lp
1	72	Lp
1	73	Lp
1	74	-1
1	75	L
1	76	Lp
1	77	Lp
1	78	Lp
1	79	Lp
1	80	-1
1	81	Lp
1	82	Lp
1	83	Lp
1	84	Lp
1	85	Lp
1	86	Lp
1	87	Lp
1	88	Lp
1	89	Lp
1	90	-1
1	91	Lp
1	92	Lp
1	93	-1
1	94	Lp
1	95	Lp
1	96	Lp
1	97	Lp
1	98	L
1	99	Lp
1	100	U
1	101	Lp
1	102	-1
1	103	L
1	104	L
1	105	L
1	106	L
1	107	L
1	108	L
1	109	L
1	110	L
1	111	L
1	112	L
1	113	L
1	114	-1
1	115	L
1	116	U
1	117	L
1	118	Lp
1	119	Lp
2	0	U
2	1	Lp
2	2	L
2	3	-1
2	4	L
2	5	Lp
2	6	Lp
2	7	U
2	8	-1
2	9	L
2	10	L
2	11	L
2	12	-1
2	13	Lp
2	14	L
2	15	-1
2	16	-1
2	17	Lp
2	18	-1
2	19	Lp
2	20	Lp
2	21	-1
2	22	Lp
2	23	-1
2	24	Lp
2	25	-1
2	26	-1
2	27	-1
2	28	Lp
2	29	Lp
2	30	L
2	31	-1
2	32	Lp
2	33	Lp
2	34	-1
2	35	-1
2	36	Lp
2	37	Lp
2	38	Lp
2	39	Lp
2	40	-1
2	41	-1
2	42	Lp
2	43	Lp
2	44	-1
2	45	Lp
2	46	Lp
2	47	U
2	48	-1
2	49	Lp
2	50	-1
2	51	-1
2	52	U
2	53	-1
2	54	Lp
2	55	-1
2	56	Lp
2	57	Lp
2	58	Lp
2	59	Lp
2	60	Lp
2	61	Lp
2	62	-1
2	63	Lp
2	64	Lp
2	65	Lp
2	66	Lp
2	67	Lp
2	68	Lp
2	69	Lp
2	70	Lp
2	71	-1
2	72	Lp
2	73	-1
2	74	Lp
2	75	Lp
2	76	Lp
2	77	Lp
2	78	Lp
2	79	Lp
2	80	-1
2	81	Lp
2	82	Lp
2	83	Lp
2	84	Lp
2	85	Lp
2	86	Lp
2	87	Lp
2	88	-1
2	89	Lp
2	90	Lp
2	91	-1
2	92	Lp
2	93	Lp
2	94	-1
2	95	Lp
2	96	Lp
2	97	Lp
2	98	Lp
2	99	Lp
2	100	Lp
2	101	L
2	102	L
2	103	L
2	104	L
2	105	L
2	106	L
2	107	L
2	108	L
2	109	-1
2	110	-1
2	111	L
2	112	L
2	113	L
2	114	-1
2	115	Lp
2	116	L
2	117	L
2	118	L
2	119	Lp
3	0	Lp
3	1	Lp
3	2	Lp
3	3	L
3	4	-1
3	5	Lp
3	6	Lp
3	7	Lp
3	8	U
3	9	L
3	10	L
3	11	Lp
3	12	L
3	13	L
3	14	L
3	15	L
3	16	-1
3	17	Lp
3	18	Lp
3	19	Lp
3	20	Lp
3	21	Lp
3	22	-1
3	23	-1
3	24	Lp
3	25	Lp
3	26	Lp
3	27	Lp
3	28	Lp
3	29	Lp
3	30	L
3	31	Lp
3	32	Lp
3	33	Lp
3	34	Lp
3	35	-1
3	36	Lp
3	37	Lp
3	38	L
3	39	L
3	40	Lp
3	41	-1
3	42	Lp
3	43	Lp
3	44	Lp
3	45	Lp
3	46	Lp
3	47	-1
3	48	Lp
3	49	Lp
3	50	Lp
3	51	U
3	52	-1
3	53	-1
3	54	Lp
3	55	Lp
3	56	Lp
3	57	Lp
3	58	Lp
3	59	Lp
3	60	Lp
3	61	Lp
3	62	Lp
3	63	Lp
3	64	Lp
3	65	-1
3	66	Lp
3	67	Lp
3	68	-1
3	69	Lp
3	70	-1
3	71	Lp
3	72	Lp
3	73	Lp
3	74	Lp
3	75	Lp
3	76	Lp
3	77	Lp
3	78	Lp
3	79	Lp
3	80	Lp
3	81	Lp
3	82	Lp
3	83	Lp
3	84	Lp
3	85	Lp
3	86	Lp
3	87	-1
3	88	Lp
3	89	-1
3	90	Lp
3	91	Lp
3	92	Lp
3	93	Lp
3	94	-1
3	95	-1
3	96	Lp
3	97	Lp
3	98	Lp
3	99	Lp
3	100	-1
3	101	-1
3	102	-1
3	103	-1
3	104	-1
3	105	L
3	106	-1
3	107	L
3	108	-1
3	109	L
3	110	L
3	111	L
3	112	L
3	113	-1
3	114	L
3	115	-1
3	116	L
3	117	-1
3	118	L
3	119	L
4	0	Lp
4	1	Lp
4	2	Lp
4	3	-1
4	4	Lp
4	5	Lp
4	6	Lp
4	7	-1
4	8	L
4	9	L
4	10	L
4	11	L
4	12	L
4	13	L
4	14	L
4	15	-1
4	16	Lp
4	17	L
4	18	L
4	19	L
4	20	Lp
4	21	Lp
4	22	Lp
4	23	Lp
4	24	Lp
4	25	Lp
4	26	Lp
4	27	Lp
4	28	Lp
4	29	Lp
4	30	-1
4	31	Lp
4	32	Lp
4	33	Lp
4	34	Lp
4	35	L
4	36	L
4	37	-1
4	38	L
4	39	-1
4	40	-1
4	41	Lp
4	42	Lp
4	43	Lp
4	44	Lp
4	45	Lp
4	46	Lp
4	47	Lp
4	48	Lp
4	49	Lp
4	50	U
4	51	U
4	52	-1
4	53	U
4	54	Lp
4	55	Lp
4	56	Lp
4	57	Lp
4	58	Lp
4	59	Lp
4	60	Lp
4	61	Lp
4	62	-1
4	63	Lp
4	64	Lp
4	65	Lp
4	66	Lp
4	67	Lp
4	68	-1
4	69	-1
4	70	Lp
4	71	Lp
4	72	Lp
4	73	Lp
4	74	Lp
4	75	Lp
4	76	Lp
4	77	-1
4	78	-1
4	79	Lp
4	80	-1
4	81	Lp
4	82	-1
4	83	Lp
4	84	Lp
4	85	Lp
4	86	Lp
4	87	Lp
4	88	Lp
4	89	Lp
4	90	Lp
4	91	Lp
4	92	Lp
4	93	Lp
4	94	-1
4	95	Lp
4	96	Lp
4	97	Lp
4	98	Lp
4	99	-1
4	100	Lp
4	101	Lp
4	102	-1
4	103	Lp
4	104	L
4	105	L
4	106	Lp
4	107	L
4	108	-1
4	109	L
4	110	L
4	111	L
4	112	L
4	113	-1
4	114	Lp
4	115	Lp
4	116	Lp
4	117	L
4	118	L
4	119	L
5	0	L
5	1	L
5	2	Lp
5	3	-1
5	4	Lp
5	5	Lp
5	6	L
5	7	-1
5	8	Lp
5	9	Lp
5	10	-1
5	11	L
5	12	L
5	13	-1
5	14	-1
5	15	L
5	16	L
5	17	Lp
5	18	L
5	19	Lp
5	20	Lp
5	21	Lp
5	22	-1
5	23	Lp
5	24	Lp
5	25	U
5	26	U
5	27	Lp
5	28	Lp
5	29	Lp
5	30	Lp
5	31	Lp
5	32	Lp
5	33	Lp
5	34	-1
5	35	-1
5	36	-1
5	37	L
5	38	L
5	39	L
5	40	L
5	41	Lp
5	42	Lp
5	43	-1
5	44	Lp
5	45	Lp
5	46	Lp
5	47	Lp
5	48	Lp
5	49	Lp
5	50	Lp
5	51	-1
5	52	U
5	53	Lp
5	54	Lp
5	55	Lp
5	56	Lp
5	57	Lp
5	58	Lp
5	59	Lp
5	60	-1
5	61	Lp
5	62	Lp
5	63	Lp
5	64	Lp
5	65	Lp
5	66	U
5	67	Lp
5	68	Lp
5	69	Lp
5	70	Lp
5	71	Lp
5	72	Lp
5	73	Lp
5	74	Lp
5	75	-1
5	76	-1
5	77	Lp
5	78	Lp
5	79	Lp
5	80	-1
5	81	Lp
5	82	-1
5	83	-1
5	84	Lp
5	85	Lp
5	86	Lp
5	87	Lp
5	88	Lp
5	89	-1
5	90	Lp
5	91	Lp
5	92	Lp
5	93	Lp
5	94	-1
5	95	Lp
5	96	Lp
5	97	Lp
5	98	L
5	99	Lp
5	100	-1
5	101	Lp
5	102	Lp
5	103	Lp
5	104	Lp
5	105	Lp
5	106	-1
5	107	L
5	108	-1
5	109	L
5	110	L
5	111	L
5	112	Lp
5	113	Lp
5	114	Lp
5	115	Lp
5	116	Lp
5	117	L
5	118	L
5	119	-1
6	0	L
6	1	Lp
6	2	L
6	3	Lp
6	4	Lp
6	5	Lp
6	6	L
6	7	Lp
6	8	Lp
6	9	Lp
6	10	Lp
6	11	Lp
6	12	-1
6	13	L
6	14	L
6	15	Lp
6	16	Lp
6	17	-1
6	18	Lp
6	19	L
6	20	Lp
6	21	Lp
6	22	Lp
6	23	Lp
6	24	Lp
6	25	Lp
6	26	Lp
6	27	Lp
6	28	Lp
6	29	Lp
6	30	Lp
6	31	Lp
6	32	-1
6	33	L
6	34	L
6	35	Lp
6	36	L
6	37	L
6	38	L
6	39	Lp
6	40	Lp
6	41	Lp
6	42	Lp
6	43	Lp
6	44	Lp
6	45	Lp
6	46	Lp
6	47	-1
6	48	-1
6	49	Lp
6	50	Lp
6	51	Lp
6	52	Lp
6	53	Lp
6	54	-1
6	55	Lp
6	56	Lp
6	57	Lp
6	58	Lp
6	59	Lp
6	60	Lp
6	61	Lp
6	62	Lp
6	63	-1
6	64	Lp
6	65	U
6	66	Lp
6	67	Lp
6	68	Lp
6	69	Lp
6	70	Lp
6	71	Lp
6	72	Lp
6	73	Lp
6	74	-1
6	75	-1
6	76	Lp
6	77	-1
6	78	Lp
6	79	Lp
6	80	-1
6	81	Lp
6	82	-1
6	83	-1
6	84	-1
6	85	Lp
6	86	Lp
6	87	Lp
6	88	Lp
6	89	-1
6	90	-1
6	91	Lp
6	92	Lp
6	93	Lp
6	94	U
6	95	-1
6	96	Lp
6	97	-1
6	98	Lp
6	99	-1
6	100	Lp
6	101	Lp
6	102	Lp
6	103	Lp
6	104	Lp
6	105	Lp
6	106	L
6	107	L
6	108	L
6	109	Lp
6	110	L
6	111	L
6	112	L
6	113	-1
6	114	U
6	115	U
6	116	Lp
6	117	L
6	118	L
6	119	L
7	0	L
7	1	-1
7	2	L
7	3	Lp
7	4	-1
7	5	Lp
7	6	Lp
7	7	Lp
7	8	Lp
7	9	Lp
7	10	L
7	11	L
7	12	Lp
7	13	L
7	14	L
7	15	Lp
7	16	L
7	17	Lp
7	18	Lp
7	19	Lp
7	20	Lp
7	21	Lp
7	22	-1
7	23	Lp
7	24	-1
7	25	Lp
7	26	-1
7	27	Lp
7	28	-1
7	29	Lp
7	30	Lp
7	31	Lp
7	32	Lp
7	33	L
7	34	L
7	35	L
7	36	L
7	37	-1
7	38	L
7	39	Lp
7	40	Lp
7	41	Lp
7	42	Lp
7	43	Lp
7	44	Lp
7	45	Lp
7	46	Lp
7	47	-1
7	48	-1
7	49	Lp
7	50	Lp
7	51	Lp
7	52	Lp
7	53	Lp
7	54	-1
7	55	Lp
7	56	-1
7	57	Lp
7	58	Lp
7	59	Lp
7	60	Lp
7	61	-1
7	62	Lp
7	63	-1
7	64	Lp
7	65	Lp
7	66	U
7	67	-1
7	68	Lp
7	69	Lp
7	70	Lp
7	71	Lp
7	72	-1
7	73	-1
7	74	Lp
7	75	-1
7	76	Lp
7	77	Lp
7	78	Lp
7	79	-1
7	80	Lp
7	81	Lp
7	82	Lp
7	83	-1
7	84	Lp
7	85	Lp
7	86	Lp
7	87	Lp
7	88	Lp
7	89	Lp
7	90	Lp
7	91	-1
7	92	Lp
7	93	U
7	94	U
7	95	Lp
7	96	Lp
7	97	Lp
7	98	L
7	99	Lp
7	100	-1
7	101	Lp
7	102	-1
7	103	Lp
7	104	Lp
7	105	-1
7	106	Lp
7	107	L
7	108	L
7	109	L
7	110	L
7	111	L
7	112	L
7	113	L
7	114	L
7	115	U
7	116	L
7	117	L
7	118	-1
7	119	L
8	0	L
8	1	L
8	2	L
8	3	Lp
8	4	Lp
8	5	Lp
8	6	Lp
8	7	Lp
8	8	Lp
8	9	Lp
8	10	Lp
8	11	-1
8	12	Lp
8	13	Lp
8	14	L
8	15	L
8	16	Lp
8	17	Lp
8	18	L
8	19	-1
8	20	Lp
8	21	Lp
8	22	-1
8	23	Lp
8	24	Lp
8	25	Lp
8	26	L
8	27	Lp
8	28	-1
8	29	Lp
8	30	Lp
8	31	Lp
8	32	-1
8	33	L
8	34	L
8	35	L
8	36	L
8	37	Lp
8	38	Lp
8	39	L
8	40	Lp
8	41	Lp
8	42	Lp
8	43	-1
8	44	Lp
8	45	Lp
8	46	Lp
8	47	Lp
8	48	Lp
8	49	Lp
8	50	Lp
8	51	Lp
8	52	-1
8	53	Lp
8	54	-1
8	55	-1
8	56	Lp
8	57	-1
8	58	Lp
8	59	Lp
8	60	Lp
8	61	Lp
8	62	Lp
8	63	Lp
8	64	Lp
8	65	-1
8	66	U
8	67	Lp
8	68	Lp
8	69	Lp
8	70	Lp
8	71	Lp
8	72	Lp
8	73	Lp
8	74	Lp
8	75	Lp
8	76	Lp
8	77	Lp
8	78	-1
8	79	Lp
8	80	Lp
8	81	Lp
8	82	-1
8	83	Lp
8	84	Lp
8	85	Lp
8	86	Lp
8	87	-1
8	88	Lp
8	89	-1
8	90	Lp
8	91	-1
8	92	U
8	93	-1
8	94	-1
8	95	Lp
8	96	Lp
8	97	Lp
8	98	Lp
8	99	Lp
8	100	Lp
8	101	Lp
8	102	Lp
8	103	Lp
8	104	Lp
8	105	-1
8	106	L
8	107	L
8	108	-1
8	109	L
8	110	-1
8	111	L
8	112	-1
8	113	L
8	114	L
8	115	L
8	116	U
8	117	-1
8	118	Lp
8	119	L
9	0	U
9	1	U
9	2	U
9	3	Lp
9	4	Lp
9	5	Lp
9	6	Lp
9	7	Lp
9	8	Lp
9	9	Lp
9	10	L
9	11	-1
9	12	Lp
9	13	-1
9	14	L
9	15	Lp
9	16	L
9	17	L
9	18	L
9	19	L
9	20	L
9	21	-1
9	22	Lp
9	23	Lp
9	24	Lp
9	25	-1
9	26	-1
9	27	Lp
9	28	-1
9	29	Lp
9	30	L
9	31	Lp
9	32	Lp
9	33	L
9	34	-1
9	35	L
9	36	L
9	37	Lp
9	38	Lp
9	39	Lp
9	40	Lp
9	41	Lp
9	42	U
9	43	Lp
9	44	Lp
9	45	Lp
9	46	Lp
9	47	Lp
9	48	Lp
9	49	Lp
9	50	Lp
9	51	Lp
9	52	-1
9	53	Lp
9	54	Lp
9	55	Lp
9	56	Lp
9	57	-1
9	58	Lp
9	59	Lp
9	60	-1
9	61	Lp
9	62	Lp
9	63	Lp
9	64	-1
9	65	U
9	66	U
9	67	U
9	68	-1
9	69	Lp
9	70	Lp
9	71	Lp
9	72	Lp
9	73	Lp
9	74	Lp
9	75	Lp
9	76	Lp
9	77	Lp
9	78	-1
9	79	Lp
9	80	-1
9	81	Lp
9	82	Lp
9	83	Lp
9	84	Lp
9	85	Lp
9	86	Lp
9	87	Lp
9	88	-1
9	89	Lp
9	90	Lp
9	91	Lp
9	92	Lp
9	93	-1
9	94	Lp
9	95	Lp
9	96	-1
9	97	U
9	98	Lp
9	99	Lp
9	100	Lp
9	101	Lp
9	102	Lp
9	103	Lp
9	104	Lp
9	105	Lp
9	106	-1
9	107	-1
9	108	L
9	109	L
9	110	-1
9	111	L
9	112	L
9	113	-1
9	114	-1
9	115	L
9	116	L
9	117	L
9	118	Lp
9	119	Lp
10	0	Lp
10	1	U
10	2	-1
10	3	Lp
10	4	Lp
10	5	Lp
10	6	-1
10	7	Lp
10	8	L
10	9	-1
10	10	L
10	11	L
10	12	L
10	13	Lp
10	14	Lp
10	15	Lp
10	16	L
10	17	L
10	18	-1
10	19	L
10	20	Lp
10	21	-1
10	22	Lp
10	23	Lp
10	24	Lp
10	25	-1
10	26	Lp
10	27	Lp
10	28	Lp
10	29	Lp
10	30	Lp
10	31	-1
10	32	Lp
10	33	Lp
10	34	Lp
10	35	Lp
10	36	Lp
10	37	L
10	38	Lp
10	39	Lp
10	40	L
10	41	Lp
10	42	Lp
10	43	-1
10	44	-1
10	45	Lp
10	46	Lp
10	47	Lp
10	48	Lp
10	49	Lp
10	50	Lp
10	51	-1
10	52	Lp
10	53	Lp
10	54	Lp
10	55	Lp
10	56	Lp
10	57	Lp
10	58	-1
10	59	-1
10	60	-1
10	61	Lp
10	62	Lp
10	63	U
10	64	Lp
10	65	Lp
10	66	U
10	67	-1
10	68	Lp
10	69	-1
10	70	Lp
10	71	Lp
10	72	-1
10	73	-1
10	74	-1
10	75	Lp
10	76	Lp
10	77	Lp
10	78	-1
10	79	-1
10	80	Lp
10	81	-1
10	82	Lp
10	83	Lp
10	84	Lp
10	85	Lp
10	86	Lp
10	87	-1
10	88	Lp
10	89	Lp
10	90	Lp
10	91	-1
10	92	Lp
10	93	Lp
10	94	Lp
10	95	Lp
10	96	Lp
10	97	-1
10	98	-1
10	99	Lp
10	100	Lp
10	101	Lp
10	102	Lp
10	103	Lp
10	104	Lp
10	105	L
10	106	L
10	107	L
10	108	L
10	109	-1
10	110	L
10	111	L
10	112	L
10	113	L
10	114	L
10	115	Lp
10	116	L
10	117	L
10	118	Lp
10	119	U
11	0	Lp
11	1	Lp
11	2	Lp
11	3	Lp
11	4	Lp
11	5	Lp
11	6	Lp
11	7	L
11	8	L
11	9	Lp
11	10	-1
11	11	L
11	12	L
11	13	L
11	14	L
11	15	L
11	16	L
11	17	Lp
11	18	-1
11	19	-1
11	20	Lp
11	21	Lp
11	22	L
11	23	Lp
11	24	-1
11	25	Lp
11	26	Lp
11	27	Lp
11	28	-1
11	29	Lp
11	30	-1
11	31	-1
11	32	Lp
11	33	Lp
11	34	-1
11	35	Lp
11	36	Lp
11	37	-1
11	38	-1
11	39	Lp
11	40	Lp
11	41	Lp
11	42	-1
11	43	Lp
11	44	Lp
11	45	Lp
11	46	Lp
11	47	-1
11	48	U
11	49	Lp
11	50	Lp
11	51	-1
11	52	Lp
11	53	-1
11	54	Lp
11	55	Lp
11	56	Lp
11	57	Lp
11	58	Lp
11	59	-1
11	60	-1
11	61	-1
11	62	Lp
11	63	-1
11	64	U
11	65	Lp
11	66	Lp
11	67	Lp
11	68	Lp
11	69	Lp
11	70	Lp
11	71	Lp
11	72	Lp
11	73	-1
11	74	-1
11	75	Lp
11	76	Lp
11	77	Lp
11	78	Lp
11	79	-1
11	80	-1
11	81	Lp
11	82	Lp
11	83	Lp
11	84	Lp
11	85	Lp
11	86	Lp
11	87	Lp
11	88	-1
11	89	Lp
11	90	Lp
11	91	Lp
11	92	U
11	93	Lp
11	94	Lp
11	95	Lp
11	96	-1
11	97	-1
11	98	-1
11	99	-1
11	100	-1
11	101	Lp
11	102	Lp
11	103	-1
11	104	-1
11	105	Lp
11	106	L
11	107	Lp
11	108	-1
11	109	L
11	110	L
11	111	L
11	112	L
11	113	L
11	114	-1
11	115	Lp
11	116	Lp
11	117	-1
11	118	Lp
11	119	Lp
12	0	Lp
12	1	Lp
12	2	-1
12	3	-1
12	4	Lp
12	5	Lp
12	6	-1
12	7	Lp
12	8	-1
12	9	L
12	10	Lp
12	11	L
12	12	L
12	13	L
12	14	L
12	15	L
12	16	-1
12	17	-1
12	18	Lp
12	19	L
12	20	L
12	21	L
12	22	L
12	23	L
12	24	L
12	25	L
12	26	-1
12	27	Lp
12	28	Lp
12	29	L
12	30	Lp
12	31	-1
12	32	Lp
12	33	-1
12	34	Lp
12	35	-1
12	36	L
12	37	-1
12	38	-1
12	39	Lp
12	40	U
12	41	Lp
12	42	Lp
12	43	-1
12	44	-1
12	45	Lp
12	46	Lp
12	47	Lp
12	48	U
12	49	Lp
12	50	U
12	51	Lp
12	52	Lp
12	53	Lp
12	54	Lp
12	55	Lp
12	56	Lp
12	57	-1
12	58	-1
12	59	Lp
12	60	-1
12	61	U
12	62	U
12	63	U
12	64	U
12	65	-1
12	66	Lp
12	67	Lp
12	68	Lp
12	69	Lp
12	70	-1
12	71	Lp
12	72	-1
12	73	Lp
12	74	U
12	75	Lp
12	76	-1
12	77	-1
12	78	Lp
12	79	Lp
12	80	Lp
12	81	Lp
12	82	Lp
12	83	-1
12	84	Lp
12	85	Lp
12	86	Lp
12	87	Lp
12	88	Lp
12	89	Lp
12	90	Lp
12	91	U
12	92	U
12	93	U
12	94	U
12	95	Lp
12	96	-1
12	97	-1
12	98	-1
12	99	Lp
12	100	Lp
12	101	Lp
12	102	Lp
12	103	Lp
12	104	-1
12	105	-1
12	106	Lp
12	107	Lp
12	108	Lp
12	109	L
12	110	L
12	111	L
12	112	L
12	113	L
12	114	Lp
12	115	Lp
12	116	Lp
12	117	Lp
12	118	Lp
12	119	Lp
13	0	Lp
13	1	Lp
13	2	Lp
13	3	Lp
13	4	-1
13	5	Lp
13	6	Lp
13	7	Lp
13	8	-1
13	9	L
13	10	L
13	11	L
13	12	L
13	13	L
13	14	L
13	15	L
13	16	L
13	17	Lp
13	18	Lp
13	19	Lp
13	20	L
13	21	L
13	22	-1
13	23	L
13	24	L
13	25	L
13	26	Lp
13	27	Lp
13	28	Lp
13	29	-1
13	30	-1
13	31	Lp
13	32	Lp
13	33	Lp
13	34	Lp
13	35	Lp
13	36	-1
13	37	L
13	38	-1
13	39	U
13	40	U
13	41	Lp
13	42	Lp
13	43	Lp
13	44	Lp
13	45	Lp
13	46	Lp
13	47	Lp
13	48	Lp
13	49	-1
13	50	Lp
13	51	-1
13	52	-1
13	53	-1
13	54	Lp
13	55	-1
13	56	Lp
13	57	Lp
13	58	Lp
13	59	U
13	60	Lp
13	61	Lp
13	62	U
13	63	-1
13	64	Lp
13	65	Lp
13	66	-1
13	67	Lp
13	68	Lp
13	69	Lp
13	70	Lp
13	71	-1
13	72	Lp
13	73	Lp
13	74	U
13	75	Lp
13	76	Lp
13	77	Lp
13	78	-1
13	79	Lp
13	80	-1
13	81	Lp
13	82	Lp
13	83	Lp
13	84	Lp
13	85	Lp
13	86	Lp
13	87	-1
13	88	-1
13	89	Lp
13	90	Lp
13	91	-1
13	92	Lp
13	93	U
13	94	Lp
13	95	Lp
13	96	Lp
13	97	-1
13	98	-1
13	99	Lp
13	100	Lp
13	101	Lp
13	102	Lp
13	103	Lp
13	104	Lp
13	105	Lp
13	106	Lp
13	107	Lp
13	108	L
13	109	Lp
13	110	L
13	111	L
13	112	L
13	113	-1
13	114	Lp
13	115	Lp
13	116	Lp
13	117	Lp
13	118	-1
13	119	Lp
14	0	Lp
14	1	Lp
14	2	Lp
14	3	Lp
14	4	-1
14	5	Lp
14	6	Lp
14	7	Lp
14	8	Lp
14	9	Lp
14	10	L
14	11	L
14	12	L
14	13	-1
14	14	L
14	15	L
14	16	-1
14	17	Lp
14	18	Lp
14	19	Lp
14	20	L
14	21	L
14	22	L
14	23	Lp
14	24	Lp
14	25	L
14	26	Lp
14	27	Lp
14	28	Lp
14	29	Lp
14	30	L
14	31	L
14	32	L
14	33	L
14	34	Lp
14	35	Lp
14	36	U
14	37	U
14	38	-1
14	39	Lp
14	40	Lp
14	41	U
14	42	Lp
14	43	-1
14	44	Lp
14	45	Lp
14	46	Lp
14	47	Lp
14	48	-1
14	49	-1
14	50	Lp
14	51	-1
14	52	Lp
14	53	Lp
14	54	Lp
14	55	Lp
14	56	-1
14	57	-1
14	58	L
14	59	Lp
14	60	Lp
14	61	Lp
14	62	U
14	63	Lp
14	64	Lp
14	65	-1
14	66	Lp
14	67	Lp
14	68	Lp
14	69	Lp
14	70	Lp
14	71	-1
14	72	Lp
14	73	Lp
14	74	-1
14	75	Lp
14	76	-1
14	77	Lp
14	78	Lp
14	79	Lp
14	80	Lp
14	81	Lp
14	82	Lp
14	83	Lp
14	84	Lp
14	85	Lp
14	86	Lp
14	87	Lp
14	88	Lp
14	89	Lp
14	90	Lp
14	91	Lp
14	92	Lp
14	93	Lp
14	94	Lp
14	95	Lp
14	96	Lp
14	97	-1
14	98	Lp
14	99	Lp
14	100	Lp
14	101	Lp
14	102	-1
14	103	Lp
14	104	Lp
14	105	Lp
14	106	Lp
14	107	Lp
14	108	Lp
14	109	L
14	110	-1
14	111	L
14	112	Lp
14	113	L
14	114	L
14	115	Lp
14	116	Lp
14	117	Lp
14	118	-1
14	119	Lp
15	0	Lp
15	1	-1
15	2	Lp
15	3	Lp
15	4	-1
15	5	Lp
15	6	Lp
15	7	-1
15	8	Lp
15	9	Lp
15	10	Lp
15	11	L
15	12	L
15	13	L
15	14	L
15	15	L
15	16	L
15	17	Lp
15	18	Lp
15	19	Lp
15	20	Lp
15	21	L
15	22	L
15	23	L
15	24	Lp
15	25	Lp
15	26	-1
15	27	-1
15	28	Lp
15	29	L
15	30	Lp
15	31	Lp
15	32	L
15	33	L
15	34	-1
15	35	Lp
15	36	-1
15	37	U
15	38	Lp
15	39	-1
15	40	-1
15	41	Lp
15	42	-1
15	43	Lp
15	44	Lp
15	45	Lp
15	46	Lp
15	47	Lp
15	48	Lp
15	49	Lp
15	50	Lp
15	51	Lp
15	52	-1
15	53	Lp
15	54	Lp
15	55	Lp
15	56	-1
15	57	Lp
15	58	Lp
15	59	Lp
15	60	Lp
15	61	Lp
15	62	Lp
15	63	Lp
15	64	Lp
15	65	Lp
15	66	-1
15	67	Lp
15	68	Lp
15	69	-1
15	70	Lp
15	71	-1
15	72	Lp
15	73	Lp
15	74	Lp
15	75	Lp
15	76	L
15	77	Lp
15	78	Lp
15	79	-1
15	80	Lp
15	81	Lp
15	82	Lp
15	83	Lp
15	84	Lp
15	85	Lp
15	86	-1
15	87	Lp
15	88	Lp
15	89	Lp
15	90	U
15	91	-1
15	92	Lp
15	93	-1
15	94	Lp
15	95	Lp
15	96	Lp
15	97	Lp
15	98	-1
15	99	-1
15	100	-1
15	101	Lp
15	102	Lp
15	103	U
15	104	Lp
15	105	Lp
15	106	-1
15	107	-1
15	108	L
15	109	L
15	110	L
15	111	L
15	112	L
15	113	L
15	114	Lp
15	115	Lp
15	116	Lp
15	117	-1
15	118	-1
15	119	Lp
16	0	Lp
16	1	Lp
16	2	Lp
16	3	-1
16	4	-1
16	5	Lp
16	6	Lp
16	7	Lp
16	8	L
16	9	-1
16	10	-1
16	11	-1
16	12	-1
16	13	L
16	14	-1
16	15	L
16	16	L
16	17	L
16	18	Lp
16	19	Lp
16	20	L
16	21	Lp
16	22	-1
16	23	-1
16	24	Lp
16	25	Lp
16	26	Lp
16	27	-1
16	28	-1
16	29	L
16	30	Lp
16	31	Lp
16	32	L
16	33	L
16	34	-1
16	35	-1
16	36	Lp
16	37	Lp
16	38	Lp
16	39	Lp
16	40	Lp
16	41	Lp
16	42	Lp
16	43	U
16	44	Lp
16	45	Lp
16	46	Lp
16	47	Lp
16	48	-1
16	49	Lp
16	50	Lp
16	51	-1
16	52	Lp
16	53	-1
16	54	Lp
16	55	Lp
16	56	Lp
16	57	Lp
16	58	Lp
16	59	Lp
16	60	Lp
16	61	Lp
16	62	Lp
16	63	Lp
16	64	Lp
16	65	Lp
16	66	Lp
16	67	-1
16	68	Lp
16	69	Lp
16	70	-1
16	71	-1
16	72	Lp
16	73	-1
16	74	U
16	75	L
16	76	-1
16	77	-1
16	78	-1
16	79	Lp
16	80	Lp
16	81	Lp
16	82	Lp
16	83	Lp
16	84	Lp
16	85	Lp
16	86	-1
16	87	Lp
16	88	Lp
16	89	Lp
16	90	Lp
16	91	U
16	92	Lp
16	93	U
16	94	Lp
16	95	Lp
16	96	-1
16	97	-1
16	98	Lp
16	99	Lp
16	100	Lp
16	101	Lp
16	102	Lp
16	103	Lp
16	104	Lp
16	105	Lp
16	106	L
16	107	-1
16	108	L
16	109	L
16	110	L
16	111	L
16	112	Lp
16	113	Lp
16	114	L
16	115	Lp
16	116	Lp
16	117	-1
16	118	-1
16	119	Lp
17	0	Lp
17	1	Lp
17	2	-1
17	3	Lp
17	4	Lp
17	5	Lp
17	6	Lp
17	7	Lp
17	8	L
17	9	L
17	10	-1
17	11	L
17	12	L
17	13	L
17	14	L
17	15	L
17	16	-1
17	17	L
17	18	-1
17	19	-1
17	20	-1
17	21	L
17	22	L
17	23	-1
17	24	Lp
17	25	Lp
17	26	L
17	27	L
17	28	Lp
17	29	Lp
17	30	Lp
17	31	Lp
17	32	Lp
17	33	L
17	34	-1
17	35	L
17	36	Lp
17	37	Lp
17	38	-1
17	39	Lp
17	40	U
17	41	Lp
17	42	Lp
17	43	Lp
17	44	U
17	45	-1
17	46	-1
17	47	Lp
17	48	Lp
17	49	Lp
17	50	Lp
17	51	-1
17	52	-1
17	53	Lp
17	54	Lp
17	55	-1
17	56	Lp
17	57	Lp
17	58	Lp
17	59	Lp
17	60	Lp
17	61	Lp
17	62	Lp
17	63	Lp
17	64	Lp
17	65	-1
17	66	Lp
17	67	Lp
17	68	Lp
17	69	Lp
17	70	Lp
17	71	Lp
17	72	Lp
17	73	U
17	74	U
17	75	Lp
17	76	Lp
17	77	-1
17	78	Lp
17	79	Lp
17	80	Lp
17	81	Lp
17	82	-1
17	83	-1
17	84	Lp
17	85	-1
17	86	Lp
17	87	Lp
17	88	Lp
17	89	-1
17	90	Lp
17	91	U
17	92	U
17	93	U
17	94	U
17	95	U
17	96	Lp
17	97	Lp
17	98	-1
17	99	Lp
17	100	Lp
17	101	Lp
17	102	Lp
17	103	-1
17	104	Lp
17	105	-1
17	106	Lp
17	107	L
17	108	L
17	109	L
17	110	-1
17	111	Lp
17	112	Lp
17	113	L
17	114	Lp
17	115	L
17	116	Lp
17	117	Lp
17	118	-1
17	119	Lp
18	0	Lp
18	1	Lp
18	2	Lp
18	3	-1
18	4	Lp
18	5	Lp
18	6	-1
18	7	Lp
18	8	Lp
18	9	-1
18	10	L
18	11	L
18	12	-1
18	13	L
18	14	L
18	15	U
18	16	Lp
18	17	-1
18	18	-1
18	19	-1
18	20	L
18	21	Lp
18	22	Lp
18	23	L
18	24	Lp
18	25	L
18	26	Lp
18	27	Lp
18	28	Lp
18	29	L
18	30	Lp
18	31	Lp
18	32	Lp
18	33	Lp
18	34	L
18	35	U
18	36	Lp
18	37	Lp
18	38	Lp
18	39	U
18	40	-1
18	41	-1
18	42	Lp
18	43	Lp
18	44	Lp
18	45	U
18	46	Lp
18	47	-1
18	48	Lp
18	49	Lp
18	50	-1
18	51	Lp
18	52	Lp
18	53	Lp
18	54	Lp
18	55	Lp
18	56	Lp
18	57	-1
18	58	-1
18	59	Lp
18	60	Lp
18	61	Lp
18	62	Lp
18	63	Lp
18	64	Lp
18	65	-1
18	66	-1
18	67	Lp
18	68	Lp
18	69	Lp
18	70	Lp
18	71	Lp
18	72	-1
18	73	Lp
18	74	Lp
18	75	-1
18	76	Lp
18	77	Lp
18	78	Lp
18	79	Lp
18	80	-1
18	81	Lp
18	82	Lp
18	83	Lp
18	84	Lp
18	85	Lp
18	86	Lp
18	87	-1
18	88	Lp
18	89	Lp
18	90	U
18	91	U
18	92	Lp
18	93	U
18	94	U
18	95	U
18	96	Lp
18	97	Lp
18	98	Lp
18	99	Lp
18	100	Lp
18	101	Lp
18	102	Lp
18	103	-1
18	104	-1
18	105	-1
18	106	-1
18	107	Lp
18	108	L
18	109	Lp
18	110	L
18	111	Lp
18	112	Lp
18	113	Lp
18	114	Lp
18	115	-1
18	116	Lp
18	117	-1
18	118	Lp
18	119	Lp
19	0	-1
19	1	Lp
19	2	-1
19	3	-1
19	4	Lp
19	5	-1
19	6	Lp
19	7	-1
19	8	-1
19	9	L
19	10	L
19	11	-1
19	12	U
19	13	Lp
19	14	L
19	15	Lp
19	16	L
19	17	Lp
19	18	-1
19	19	-1
19	20	-1
19	21	L
19	22	Lp
19	23	Lp
19	24	Lp
19	25	Lp
19	26	Lp
19	27	L
19	28	L
19	29	-1
19	30	Lp
19	31	Lp
19	32	Lp
19	33	U
19	34	U
19	35	-1
19	36	Lp
19	37	Lp
19	38	Lp
19	39	Lp
19	40	Lp
19	41	Lp
19	42	U
19	43	Lp
19	44	U
19	45	Lp
19	46	Lp
19	47	Lp
19	48	Lp
19	49	Lp
19	50	-1
19	51	Lp
19	52	Lp
19	53	-1
19	54	Lp
19	55	-1
19	56	-1
19	57	Lp
19	58	Lp
19	59	Lp
19	60	Lp
19	61	-1
19	62	-1
19	63	Lp
19	64	Lp
19	65	Lp
19	66	Lp
19	67	Lp
19	68	Lp
19	69	Lp
19	70	Lp
19	71	Lp
19	72	-1
19	73	Lp
19	74	Lp
19	75	Lp
19	76	-1
19	77	Lp
19	78	Lp
19	79	Lp
19	80	-1
19	81	Lp
19	82	-1
19	83	Lp
19	84	Lp
19	85	Lp
19	86	-1
19	87	Lp
19	88	Lp
19	89	Lp
19	90	Lp
19	91	Lp
19	92	U
19	93	-1
19	94	U
19	95	Lp
19	96	Lp
19	97	Lp
19	98	Lp
19	99	-1
19	100	Lp
19	101	Lp
19	102	-1
19	103	Lp
19	104	Lp
19	105	Lp
19	106	Lp
19	107	Lp
19	108	Lp
19	109	-1
19	110	-1
19	111	-1
19	112	Lp
19	113	Lp
19	114	-1
19	115	Lp
19	116	Lp
19	117	-1
19	118	U
19	119	Lp
20	0	-1
20	1	-1
20	2	Lp
20	3	Lp
20	4	Lp
20	5	Lp
20	6	Lp
20	7	Lp
20	8	Lp
20	9	Lp
20	10	L
20	11	-1
20	12	Lp
20	13	Lp
20	14	Lp
20	15	Lp
20	16	Lp
20	17	-1
20	18	L
20	19	L
20	20	L
20	21	L
20	22	Lp
20	23	Lp
20	24	-1
20	25	Lp
20	26	Lp
20	27	Lp
20	28	-1
20	29	Lp
20	30	Lp
20	31	U
20	32	Lp
20	33	Lp
20	34	Lp
20	35	Lp
20	36	-1
20	37	Lp
20	38	Lp
20	39	Lp
20	40	Lp
20	41	-1
20	42	Lp
20	43	-1
20	44	Lp
20	45	-1
20	46	Lp
20	47	Lp
20	48	Lp
20	49	-1
20	50	Lp
20	51	Lp
20	52	Lp
20	53	-1
20	54	Lp
20	55	Lp
20	56	Lp
20	57	L
20	58	-1
20	59	L
20	60	Lp
20	61	Lp
20	62	Lp
20	63	-1
20	64	Lp
20	65	Lp
20	66	Lp
20	67	Lp
20	68	Lp
20	69	Lp
20	70	Lp
20	71	Lp
20	72	Lp
20	73	Lp
20	74	Lp
20	75	Lp
20	76	Lp
20	77	Lp
20	78	Lp
20	79	Lp
20	80	Lp
20	81	Lp
20	82	-1
20	83	Lp
20	84	-1
20	85	Lp
20	86	-1
20	87	Lp
20	88	Lp
20	89	Lp
20	90	Lp
20	91	Lp
20	92	Lp
20	93	Lp
20	94	Lp
20	95	Lp
20	96	Lp
20	97	Lp
20	98	Lp
20	99	Lp
20	100	Lp
20	101	Lp
20	102	Lp
20	103	Lp
20	104	Lp
20	105	Lp
20	106	Lp
20	107	Lp
20	108	-1
20	109	Lp
20	110	-1
20	111	Lp
20	112	Lp
20	113	Lp
20	114	-1
20	115	-1
20	116	Lp
20	117	Lp
20	118	Lp
20	119	-1
21	0	L
21	1	L
21	2	L
21	3	Lp
21	4	Lp
21	5	-1
21	6	Lp
21	7	Lp
21	8	L
21	9	L
21	10	-1
21	11	-1
21	12	-1
21	13	Lp
21	14	Lp
21	15	-1
21	16	Lp
21	17	-1
21	18	L
21	19	-1
21	20	Lp
21	21	L
21	22	Lp
21	23	Lp
21	24	Lp
21	25	-1
21	26	Lp
21	27	-1
21	28	Lp
21	29	Lp
21	30	-1
21	31	-1
21	32	-1
21	33	Lp
21	34	-1
21	35	-1
21	36	-1
21	37	Lp
21	38	Lp
21	39	Lp
21	40	Lp
21	41	Lp
21	42	Lp
21	43	Lp
21	44	Lp
21	45	-1
21	46	-1
21	47	Lp
21	48	-1
21	49	-1
21	50	Lp
21	51	-1
21	52	Lp
21	53	Lp
21	54	Lp
21	55	Lp
21	56	-1
21	57	Lp
21	58	L
21	59	Lp
21	60	L
21	61	Lp
21	62	-1
21	63	Lp
21	64	Lp
21	65	Lp
21	66	Lp
21	67	-1
21	68	-1
21	69	Lp
21	70	Lp
21	71	Lp
21	72	U
21	73	U
21	74	Lp
21	75	-1
21	76	Lp
21	77	Lp
21	78	Lp
21	79	Lp
21	80	Lp
21	81	U
21	82	Lp
21	83	Lp
21	84	Lp
21	85	Lp
21	86	Lp
21	87	-1
21	88	Lp
21	89	Lp
21	90	Lp
21	91	Lp
21	92	Lp
21	93	Lp
21	94	-1
21	95	Lp
21	96	Lp
21	97	Lp
21	98	Lp
21	99	-1
21	100	Lp
21	101	-1
21	102	Lp
21	103	Lp
21	104	Lp
21	105	-1
21	106	-1
21	107	Lp
21	108	Lp
21	109	Lp
21	110	-1
21	111	Lp
21	112	Lp
21	113	Lp
21	114	Lp
21	115	-1
21	116	Lp
21	117	Lp
21	118	Lp
21	119	-1
22	0	L
22	1	Lp
22	2	Lp
22	3	Lp
22	4	Lp
22	5	L
22	6	L
22	7	Lp
22	8	Lp
22	9	Lp
22	10	Lp
22	11	Lp
22	12	Lp
22	13	Lp
22	14	L
22	15	Lp
22	16	Lp
22	17	Lp
22	18	Lp
22	19	Lp
22	20	Lp
22	21	Lp
22	22	Lp
22	23	Lp
22	24	Lp
22	25	Lp
22	26	Lp
22	27	Lp
22	28	U
22	29	U
22	30	Lp
22	31	Lp
22	32	-1
22	33	-1
22	34	Lp
22	35	Lp
22	36	Lp
22	37	Lp
22	38	Lp
22	39	-1
22	40	Lp
22	41	-1
22	42	Lp
22	43	Lp
22	44	Lp
22	45	-1
22	46	Lp
22	47	Lp
22	48	-1
22	49	-1
22	50	-1
22	51	Lp
22	52	U
22	53	Lp
22	54	Lp
22	55	Lp
22	56	Lp
22	57	Lp
22	58	L
22	59	L
22	60	L
22	61	Lp
22	62	-1
22	63	Lp
22	64	Lp
22	65	Lp
22	66	-1
22	67	-1
22	68	Lp
22	69	-1
22	70	Lp
22	71	Lp
22	72	Lp
22	73	U
22	74	Lp
22	75	Lp
22	76	Lp
22	77	-1
22	78	Lp
22	79	-1
22	80	U
22	81	-1
22	82	U
22	83	Lp
22	84	Lp
22	85	Lp
22	86	-1
22	87	-1
22	88	Lp
22	89	-1
22	90	Lp
22	91	Lp
22	92	Lp
22	93	Lp
22	94	Lp
22	95	Lp
22	96	Lp
22	97	Lp
22	98	Lp
22	99	Lp
22	100	Lp
22	101	Lp
22	102	Lp
22	103	Lp
22	104	Lp
22	105	-1
22	106	-1
22	107	-1
22	108	Lp
22	109	-1
22	110	Lp
22	111	-1
22	112	-1
22	113	Lp
22	114	-1
22	115	-1
22	116	Lp
22	117	Lp
22	118	Lp
22	119	L
23	0	Lp
23	1	Lp
23	2	Lp
23	3	L
23	4	Lp
23	5	L
23	6	Lp
23	7	Lp
23	8	Lp
23	9	Lp
23	10	-1
23	11	Lp
23	12	Lp
23	13	Lp
23	14	-1
23	15	-1
23	16	-1
23	17	Lp
23	18	Lp
23	19	Lp
23	20	Lp
23	21	L
23	22	Lp
23	23	Lp
23	24	Lp
23	25	Lp
23	26	Lp
23	27	U
23	28	U
23	29	Lp
23	30	Lp
23	31	Lp
23	32	Lp
23	33	Lp
23	34	Lp
23	35	Lp
23	36	Lp
23	37	Lp
23	38	Lp
23	39	Lp
23	40	Lp
23	41	-1
23	42	Lp
23	43	Lp
23	44	Lp
23	45	-1
23	46	Lp
23	47	Lp
23	48	Lp
23	49	Lp
23	50	-1
23	51	Lp
23	52	Lp
23	53	Lp
23	54	Lp
23	55	Lp
23	56	Lp
23	57	Lp
23	58	Lp
23	59	L
23	60	-1
23	61	L
23	62	Lp
23	63	Lp
23	64	Lp
23	65	Lp
23	66	Lp
23	67	-1
23	68	Lp
23	69	Lp
23	70	-1
23	71	Lp
23	72	Lp
23	73	U
23	74	Lp
23	75	Lp
23	76	Lp
23	77	Lp
23	78	Lp
23	79	Lp
23	80	Lp
23	81	Lp
23	82	Lp
23	83	Lp
23	84	Lp
23	85	Lp
23	86	Lp
23	87	Lp
23	88	Lp
23	89	Lp
23	90	Lp
23	91	Lp
23	92	Lp
23	93	Lp
23	94	Lp
23	95	Lp
23	96	-1
23	97	-1
23	98	Lp
23	99	Lp
23	100	Lp
23	101	-1
23	102	Lp
23	103	Lp
23	104	Lp
23	105	Lp
23	106	Lp
23	107	Lp
23	108	Lp
23	109	Lp
23	110	Lp
23	111	Lp
23	112	-1
23	113	Lp
23	114	Lp
23	115	Lp
23	116	-1
23	117	Lp
23	118	Lp
23	119	Lp
24	0	Lp
24	1	Lp
24	2	Lp
24	3	Lp
24	4	L
24	5	L
24	6	-1
24	7	Lp
24	8	Lp
24	9	U
24	10	U
24	11	Lp
24	12	Lp
24	13	-1
24	14	Lp
24	15	U
24	16	Lp
24	17	-1
24	18	Lp
24	19	L
24	20	L
24	21	-1
24	22	Lp
24	23	Lp
24	24	Lp
24	25	Lp
24	26	Lp
24	27	Lp
24	28	Lp
24	29	Lp
24	30	-1
24	31	-1
24	32	Lp
24	33	Lp
24	34	Lp
24	35	Lp
24	36	Lp
24	37	Lp
24	38	Lp
24	39	-1
24	40	Lp
24	41	Lp
24	42	Lp
24	43	Lp
24	44	Lp
24	45	Lp
24	46	Lp
24	47	Lp
24	48	Lp
24	49	Lp
24	50	Lp
24	51	Lp
24	52	Lp
24	53	-1
24	54	-1
24	55	Lp
24	56	Lp
24	57	Lp
24	58	L
24	59	L
24	60	L
24	61	L
24	62	Lp
24	63	-1
24	64	Lp
24	65	Lp
24	66	Lp
24	67	Lp
24	68	Lp
24	69	Lp
24	70	Lp
24	71	-1
24	72	Lp
24	73	-1
24	74	Lp
24	75	Lp
24	76	Lp
24	77	-1
24	78	-1
24	79	Lp
24	80	Lp
24	81	Lp
24	82	Lp
24	83	Lp
24	84	Lp
24	85	-1
24	86	Lp
24	87	Lp
24	88	Lp
24	89	Lp
24	90	Lp
24	91	Lp
24	92	Lp
24	93	-1
24	94	Lp
24	95	Lp
24	96	Lp
24	97	Lp
24	98	Lp
24	99	Lp
24	100	Lp
24	101	Lp
24	102	Lp
24	103	Lp
24	104	Lp
24	105	Lp
24	106	Lp
24	107	Lp
24	108	Lp
24	109	Lp
24	110	Lp
24	111	Lp
24	112	-1
24	113	Lp
24	114	Lp
24	115	Lp
24	116	Lp
24	117	Lp
24	118	-1
24	119	-1
25	0	-1
25	1	U
25	2	Lp
25	3	U
25	4	-1
25	5	L
25	6	Lp
25	7	-1
25	8	Lp
25	9	U
25	10	-1
25	11	L
25	12	-1
25	13	Lp
25	14	Lp
25	15	-1
25	16	Lp
25	17	Lp
25	18	L
25	19	-1
25	20	L
25	21	Lp
25	22	Lp
25	23	Lp
25	24	Lp
25	25	Lp
25	26	-1
25	27	U
25	28	U
25	29	Lp
25	30	-1
25	31	Lp
25	32	Lp
25	33	Lp
25	34	Lp
25	35	Lp
25	36	-1
25	37	Lp
25	38	Lp
25	39	-1
25	40	-1
25	41	Lp
25	42	Lp
25	43	Lp
25	44	Lp
25	45	Lp
25	46	Lp
25	47	Lp
25	48	Lp
25	49	Lp
25	50	-1
25	51	Lp
25	52	-1
25	53	Lp
25	54	-1
25	55	L
25	56	-1
25	57	-1
25	58	L
25	59	L
25	60	L
25	61	-1
25	62	-1
25	63	Lp
25	64	Lp
25	65	Lp
25	66	Lp
25	67	-1
25	68	Lp
25	69	-1
25	70	Lp
25	71	-1
25	72	Lp
25	73	Lp
25	74	Lp
25	75	Lp
25	76	Lp
25	77	-1
25	78	Lp
25	79	-1
25	80	Lp
25	81	Lp
25	82	-1
25	83	-1
25	84	Lp
25	85	Lp
25	86	Lp
25	87	-1
25	88	Lp
25	89	Lp
25	90	Lp
25	91	Lp
25	92	-1
25	93	Lp
25	94	Lp
25	95	-1
25	96	Lp
25	97	Lp
25	98	Lp
25	99	Lp
25	100	Lp
25	101	Lp
25	102	-1
25	103	Lp
25	104	Lp
25	105	Lp
25	106	Lp
25	107	-1
25	108	-1
25	109	Lp
25	110	Lp
25	111	-1
25	112	Lp
25	113	Lp
25	114	-1
25	115	Lp
25	116	Lp
25	117	Lp
25	118	Lp
25	119	Lp
26	0	Lp
26	1	-1
26	2	-1
26	3	Lp
26	4	L
26	5	Lp
26	6	L
26	7	-1
26	8	-1
26	9	U
26	10	Lp
26	11	L
26	12	Lp
26	13	-1
26	14	-1
26	15	Lp
26	16	Lp
26	17	-1
26	18	-1
26	19	L
26	20	Lp
26	21	-1
26	22	Lp
26	23	Lp
26	24	L
26	25	Lp
26	26	Lp
26	27	Lp
26	28	-1
26	29	-1
26	30	Lp
26	31	Lp
26	32	Lp
26	33	Lp
26	34	Lp
26	35	Lp
26	36	Lp
26	37	-1
26	38	Lp
26	39	-1
26	40	Lp
26	41	Lp
26	42	Lp
26	43	Lp
26	44	Lp
26	45	Lp
26	46	Lp
26	47	Lp
26	48	Lp
26	49	Lp
26	50	Lp
26	51	Lp
26	52	Lp
26	53	-1
26	54	Lp
26	55	L
26	56	L
26	57	L
26	58	L
26	59	Lp
26	60	Lp
26	61	L
26	62	L
26	63	Lp
26	64	Lp
26	65	L
26	66	L
26	67	-1
26	68	Lp
26	69	Lp
26	70	Lp
26	71	-1
26	72	Lp
26	73	Lp
26	74	Lp
26	75	-1
26	76	Lp
26	77	Lp
26	78	Lp
26	79	Lp
26	80	-1
26	81	Lp
26	82	Lp
26	83	Lp
26	84	-1
26	85	Lp
26	86	-1
26	87	Lp
26	88	Lp
26	89	Lp
26	90	Lp
26	91	Lp
26	92	Lp
26	93	Lp
26	94	Lp
26	95	Lp
26	96	Lp
26	97	Lp
26	98	Lp
26	99	Lp
26	100	Lp
26	101	Lp
26	102	Lp
26	103	Lp
26	104	Lp
26	105	Lp
26	106	Lp
26	107	Lp
26	108	Lp
26	109	Lp
26	110	Lp
26	111	Lp
26	112	Lp
26	113	Lp
26	114	Lp
26	115	Lp
26	116	Lp
26	117	-1
26	118	Lp
26	119	Lp
27	0	-1
27	1	U
27	2	Lp
27	3	-1
27	4	-1
27	5	L
27	6	L
27	7	-1
27	8	U
27	9	-1
27	10	-1
27	11	Lp
27	12	-1
27	13	Lp
27	14	Lp
27	15	Lp
27	16	Lp
27	17	Lp
27	18	Lp
27	19	-1
27	20	U
27	21	L
27	22	-1
27	23	L
27	24	L
27	25	Lp
27	26	Lp
27	27	Lp
27	28	-1
27	29	Lp
27	30	Lp
27	31	Lp
27	32	-1
27	33	U
27	34	Lp
27	35	Lp
27	36	Lp
27	37	Lp
27	38	Lp
27	39	Lp
27	40	-1
27	41	Lp
27	42	Lp
27	43	Lp
27	44	Lp
27	45	-1
27	46	Lp
27	47	Lp
27	48	Lp
27	49	Lp
27	50	-1
27	51	Lp
27	52	Lp
27	53	Lp
27	54	Lp
27	55	Lp
27	56	Lp
27	57	L
27	58	L
27	59	Lp
27	60	L
27	61	L
27	62	Lp
27	63	Lp
27	64	Lp
27	65	Lp
27	66	L
27	67	Lp
27	68	Lp
27	69	Lp
27	70	Lp
27	71	Lp
27	72	L
27	73	Lp
27	74	Lp
27	75	Lp
27	76	Lp
27	77	Lp
27	78	Lp
27	79	-1
27	80	-1
27	81	Lp
27	82	Lp
27	83	Lp
27	84	Lp
27	85	Lp
27	86	Lp
27	87	Lp
27	88	Lp
27	89	Lp
27	90	Lp
27	91	Lp
27	92	Lp
27	93	-1
27	94	-1
27	95	Lp
27	96	Lp
27	97	-1
27	98	Lp
27	99	Lp
27	100	Lp
27	101	Lp
27	102	Lp
27	103	Lp
27	104	-1
27	105	Lp
27	106	-1
27	107	-1
27	108	Lp
27	109	-1
27	110	Lp
27	111	Lp
27	112	Lp
27	113	Lp
27	114	Lp
27	115	Lp
27	116	Lp
27	117	Lp
27	118	Lp
27	119	Lp
28	0	L
28	1	Lp
28	2	U
28	3	-1
28	4	L
28	5	-1
28	6	-1
28	7	-1
28	8	-1
28	9	-1
28	10	L
28	11	L
28	12	L
28	13	Lp
28	14	-1
28	15	Lp
28	16	Lp
28	17	-1
28	18	Lp
28	19	U
28	20	L
28	21	L
28	22	L
28	23	L
28	24	Lp
28	25	Lp
28	26	Lp
28	27	-1
28	28	-1
28	29	Lp
28	30	Lp
28	31	Lp
28	32	-1
28	33	U
28	34	U
28	35	Lp
28	36	-1
28	37	Lp
28	38	Lp
28	39	Lp
28	40	Lp
28	41	Lp
28	42	Lp
28	43	Lp
28	44	Lp
28	45	Lp
28	46	Lp
28	47	-1
28	48	-1
28	49	Lp
28	50	Lp
28	51	U
28	52	Lp
28	53	Lp
28	54	Lp
28	55	-1
28	56	L
28	57	L
28	58	-1
28	59	Lp
28	60	Lp
28	61	L
28	62	-1
28	63	-1
28	64	L
28	65	Lp
28	66	Lp
28	67	-1
28	68	-1
28	69	Lp
28	70	Lp
28	71	Lp
28	72	Lp
28	73	Lp
28	74	-1
28	75	-1
28	76	-1
28	77	-1
28	78	-1
28	79	Lp
28	80	Lp
28	81	Lp
28	82	Lp
28	83	Lp
28	84	Lp
28	85	Lp
28	86	-1
28	87	Lp
28	88	Lp
28	89	Lp
28	90	Lp
28	91	Lp
28	92	Lp
28	93	Lp
28	94	Lp
28	95	-1
28	96	-1
28	97	-1
28	98	Lp
28	99	Lp
28	100	Lp
28	101	-1
28	102	Lp
28	103	Lp
28	104	Lp
28	105	Lp
28	106	-1
28	107	Lp
28	108	-1
28	109	Lp
28	110	Lp
28	111	Lp
28	112	Lp
28	113	Lp
28	114	Lp
28	115	Lp
28	116	-1
28	117	Lp
28	118	Lp
28	119	-1
29	0	Lp
29	1	Lp
29	2	Lp
29	3	L
29	4	L
29	5	-1
29	6	U
29	7	L
29	8	L
29	9	L
29	10	-1
29	11	L
29	12	L
29	13	Lp
29	14	-1
29	15	Lp
29	16	U
29	17	-1
29	18	Lp
29	19	U
29	20	-1
29	21	L
29	22	L
29	23	L
29	24	Lp
29	25	Lp
29	26	-1
29	27	U
29	28	L
29	29	Lp
29	30	Lp
29	31	-1
29	32	Lp
29	33	U
29	34	-1
29	35	Lp
29	36	-1
29	37	-1
29	38	-1
29	39	Lp
29	40	Lp
29	41	Lp
29	42	Lp
29	43	Lp
29	44	Lp
29	45	Lp
29	46	Lp
29	47	-1
29	48	Lp
29	49	Lp
29	50	Lp
29	51	-1
29	52	Lp
29	53	Lp
29	54	Lp
29	55	Lp
29	56	Lp
29	57	-1
29	58	Lp
29	59	Lp
29	60	L
29	61	Lp
29	62	L
29	63	Lp
29	64	Lp
29	65	L
29	66	L
29	67	-1
29	68	Lp
29	69	Lp
29	70	Lp
29	71	Lp
29	72	Lp
29	73	Lp
29	74	-1
29	75	-1
29	76	Lp
29	77	Lp
29	78	Lp
29	79	Lp
29	80	Lp
29	81	Lp
29	82	Lp
29	83	Lp
29	84	Lp
29	85	Lp
29	86	Lp
29	87	Lp
29	88	Lp
29	89	Lp
29	90	Lp
29	91	Lp
29	92	-1
29	93	Lp
29	94	-1
29	95	Lp
29	96	Lp
29	97	Lp
29	98	-1
29	99	Lp
29	100	Lp
29	101	Lp
29	102	-1
29	103	Lp
29	104	Lp
29	105	Lp
29	106	Lp
29	107	-1
29	108	Lp
29	109	Lp
29	110	Lp
29	111	Lp
29	112	Lp
29	113	Lp
29	114	Lp
29	115	Lp
29	116	-1
29	117	Lp
29	118	Lp
29	119	Lp
30	0	-1
30	1	Lp
30	2	-1
30	3	L
30	4	L
30	5	L
30	6	L
30	7	L
30	8	-1
30	9	L
30	10	L
30	11	Lp
30	12	-1
30	13	Lp
30	14	Lp
30	15	Lp
30	16	Lp
30	17	-1
30	18	-1
30	19	U
30	20	U
30	21	L
30	22	L
30	23	L
30	24	L
30	25	L
30	26	L
30	27	U
30	28	U
30	29	U
30	30	Lp
30	31	Lp
30	32	Lp
30	33	U
30	34	U
30	35	U
30	36	-1
30	37	-1
30	38	-1
30	39	Lp
30	40	Lp
30	41	Lp
30	42	Lp
30	43	Lp
30	44	Lp
30	45	Lp
30	46	Lp
30	47	Lp
30	48	Lp
30	49	-1
30	50	-1
30	51	-1
30	52	Lp
30	53	Lp
30	54	Lp
30	55	Lp
30	56	-1
30	57	Lp
30	58	-1
30	59	-1
30	60	L
30	61	Lp
30	62	Lp
30	63	-1
30	64	Lp
30	65	L
30	66	L
30	67	L
30	68	Lp
30	69	Lp
30	70	-1
30	71	U
30	72	-1
30	73	U
30	74	-1
30	75	Lp
30	76	Lp
30	77	Lp
30	78	-1
30	79	Lp
30	80	Lp
30	81	Lp
30	82	Lp
30	83	Lp
30	84	Lp
30	85	Lp
30	86	-1
30	87	Lp
30	88	-1
30	89	Lp
30	90	Lp
30	91	Lp
30	92	-1
30	93	Lp
30	94	Lp
30	95	Lp
30	96	Lp
30	97	Lp
30	98	Lp
30	99	-1
30	100	Lp
30	101	Lp
30	102	Lp
30	103	Lp
30	104	Lp
30	105	Lp
30	106	Lp
30	107	Lp
30	108	Lp
30	109	Lp
30	110	Lp
30	111	Lp
30	112	Lp
30	113	Lp
30	114	-1
30	115	Lp
30	116	-1
30	117	Lp
30	118	Lp
30	119	Lp
31	0	Lp
31	1	Lp
31	2	-1
31	3	L
31	4	L
31	5	L
31	6	-1
31	7	-1
31	8	L
31	9	L
31	10	L
31	11	L
31	12	-1
31	13	Lp
31	14	Lp
31	15	Lp
31	16	Lp
31	17	Lp
31	18	L
31	19	-1
31	20	Lp
31	21	U
31	22	L
31	23	L
31	24	L
31	25	L
31	26	Lp
31	27	U
31	28	U
31	29	Lp
31	30	-1
31	31	-1
31	32	-1
31	33	-1
31	34	U
31	35	-1
31	36	U
31	37	Lp
31	38	-1
31	39	-1
31	40	Lp
31	41	Lp
31	42	-1
31	43	-1
31	44	Lp
31	45	-1
31	46	Lp
31	47	Lp
31	48	Lp
31	49	Lp
31	50	Lp
31	51	Lp
31	52	Lp
31	53	Lp
31	54	Lp
31	55	Lp
31	56	Lp
31	57	-1
31	58	-1
31	59	Lp
31	60	Lp
31	61	Lp
31	62	-1
31	63	Lp
31	64	L
31	65	L
31	66	Lp
31	67	L
31	68	Lp
31	69	Lp
31	70	-1
31	71	U
31	72	L
31	73	L
31	74	L
31	75	-1
31	76	Lp
31	77	Lp
31	78	-1
31	79	Lp
31	80	Lp
31	81	Lp
31	82	Lp
31	83	Lp
31	84	-1
31	85	Lp
31	86	Lp
31	87	Lp
31	88	Lp
31	89	-1
31	90	Lp
31	91	-1
31	92	Lp
31	93	Lp
31	94	Lp
31	95	Lp
31	96	Lp
31	97	Lp
31	98	Lp
31	99	-1
31	100	Lp
31	101	Lp
31	102	Lp
31	103	Lp
31	104	-1
31	105	Lp
31	106	Lp
31	107	-1
31	108	Lp
31	109	-1
31	110	L
31	111	-1
31	112	Lp
31	113	Lp
31	114	Lp
31	115	Lp
31	116	Lp
31	117	Lp
31	118	Lp
31	119	Lp
32	0	Lp
32	1	Lp
32	2	-1
32	3	L
32	4	-1
32	5	L
32	6	L
32	7	L
32	8	L
32	9	L
32	10	L
32	11	-1
32	12	Lp
32	13	Lp
32	14	Lp
32	15	-1
32	16	Lp
32	17	Lp
32	18	U
32	19	U
32	20	L
32	21	L
32	22	L
32	23	L
32	24	U
32	25	Lp
32	26	L
32	27	Lp
32	28	Lp
32	29	Lp
32	30	Lp
32	31	Lp
32	32	Lp
32	33	Lp
32	34	U
32	35	U
32	36	Lp
32	37	Lp
32	38	Lp
32	39	Lp
32	40	-1
32	41	Lp
32	42	-1
32	43	Lp
32	44	Lp
32	45	Lp
32	46	Lp
32	47	-1
32	48	Lp
32	49	Lp
32	50	Lp
32	51	-1
32	52	-1
32	53	Lp
32	54	Lp
32	55	Lp
32	56	Lp
32	57	Lp
32	58	Lp
32	59	Lp
32	60	Lp
32	61	Lp
32	62	Lp
32	63	Lp
32	64	L
32	65	-1
32	66	L
32	67	L
32	68	-1
32	69	-1
32	70	Lp
32	71	Lp
32	72	Lp
32	73	Lp
32	74	-1
32	75	L
32	76	-1
32	77	Lp
32	78	Lp
32	79	-1
32	80	Lp
32	81	-1
32	82	-1
32	83	Lp
32	84	Lp
32	85	U
32	86	Lp
32	87	Lp
32	88	Lp
32	89	Lp
32	90	-1
32	91	-1
32	92	Lp
32	93	Lp
32	94	Lp
32	95	L
32	96	L
32	97	-1
32	98	Lp
32	99	-1
32	100	Lp
32	101	Lp
32	102	Lp
32	103	Lp
32	104	Lp
32	105	Lp
32	106	Lp
32	107	Lp
32	108	Lp
32	109	Lp
32	110	L
32	111	Lp
32	112	Lp
32	113	Lp
32	114	Lp
32	115	Lp
32	116	Lp
32	117	Lp
32	118	-1
32	119	-1
33	0	Lp
33	1	U
33	2	L
33	3	-1
33	4	-1
33	5	-1
33	6	L
33	7	-1
33	8	-1
33	9	L
33	10	L
33	11	-1
33	12	Lp
33	13	Lp
33	14	Lp
33	15	Lp
33	16	Lp
33	17	Lp
33	18	U
33	19	-1
33	20	L
33	21	-1
33	22	L
33	23	L
33	24	L
33	25	L
33	26	-1
33	27	Lp
33	28	Lp
33	29	-1
33	30	Lp
33	31	Lp
33	32	-1
33	33	-1
33	34	U
33	35	U
33	36	U
33	37	Lp
33	38	-1
33	39	Lp
33	40	Lp
33	41	Lp
33	42	-1
33	43	Lp
33	44	-1
33	45	Lp
33	46	Lp
33	47	-1
33	48	-1
33	49	Lp
33	50	Lp
33	51	Lp
33	52	-1
33	53	-1
33	54	Lp
33	55	Lp
33	56	-1
33	57	Lp
33	58	Lp
33	59	Lp
33	60	Lp
33	61	Lp
33	62	Lp
33	63	-1
33	64	Lp
33	65	Lp
33	66	-1
33	67	L
33	68	L
33	69	-1
33	70	L
33	71	-1
33	72	Lp
33	73	L
33	74	L
33	75	Lp
33	76	Lp
33	77	Lp
33	78	Lp
33	79	-1
33	80	Lp
33	81	Lp
33	82	-1
33	83	Lp
33	84	Lp
33	85	Lp
33	86	Lp
33	87	Lp
33	88	Lp
33	89	Lp
33	90	Lp
33	91	-1
33	92	-1
33	93	Lp
33	94	Lp
33	95	L
33	96	Lp
33	97	Lp
33	98	Lp
33	99	-1
33	100	Lp
33	101	Lp
33	102	Lp
33	103	Lp
33	104	Lp
33	105	Lp
33	106	Lp
33	107	Lp
33	108	Lp
33	109	Lp
33	110	-1
33	111	Lp
33	112	Lp
33	113	Lp
33	114	Lp
33	115	Lp
33	116	L
33	117	Lp
33	118	Lp
33	119	Lp
34	0	Lp
34	1	U
34	2	U
34	3	-1
34	4	L
34	5	Lp
34	6	L
34	7	L
34	8	L
34	9	-1
34	10	-1
34	11	Lp
34	12	-1
34	13	Lp
34	14	Lp
34	15	-1
34	16	Lp
34	17	-1
34	18	L
34	19	L
34	20	L
34	21	L
34	22	L
34	23	L
34	24	L
34	25	L
34	26	-1
34	27	L
34	28	Lp
34	29	Lp
34	30	-1
34	31	Lp
34	32	-1
34	33	-1
34	34	U
34	35	-1
34	36	U
34	37	Lp
34	38	-1
34	39	Lp
34	40	Lp
34	41	Lp
34	42	Lp
34	43	Lp
34	44	Lp
34	45	Lp
34	46	Lp
34	47	Lp
34	48	Lp
34	49	Lp
34	50	Lp
34	51	Lp
34	52	Lp
34	53	Lp
34	54	Lp
34	55	Lp
34	56	-1
34	57	Lp
34	58	Lp
34	59	Lp
34	60	Lp
34	61	Lp
34	62	Lp
34	63	Lp
34	64	Lp
34	65	Lp
34	66	Lp
34	67	Lp
34	68	L
34	69	L
34	70	Lp
34	71	L
34	72	Lp
34	73	Lp
34	74	L
34	75	L
34	76	Lp
34	77	Lp
34	78	Lp
34	79	Lp
34	80	Lp
34	81	Lp
34	82	Lp
34	83	-1
34	84	Lp
34	85	Lp
34	86	Lp
34	87	-1
34	88	Lp
34	89	Lp
34	90	Lp
34	91	Lp
34	92	Lp
34	93	Lp
34	94	Lp
34	95	Lp
34	96	-1
34	97	Lp
34	98	Lp
34	99	-1
34	100	Lp
34	101	-1
34	102	Lp
34	103	-1
34	104	Lp
34	105	Lp
34	106	Lp
34	107	Lp
34	108	Lp
34	109	Lp
34	110	Lp
34	111	Lp
34	112	Lp
34	113	Lp
34	114	Lp
34	115	L
34	116	-1
34	117	-1
34	118	Lp
34	119	Lp
35	0	-1
35	1	Lp
35	2	L
35	3	L
35	4	Lp
35	5	-1
35	6	Lp
35	7	Lp
35	8	Lp
35	9	L
35	10	Lp
35	11	Lp
35	12	Lp
35	13	Lp
35	14	-1
35	15	-1
35	16	Lp
35	17	Lp
35	18	Lp
35	19	L
35	20	L
35	21	L
35	22	-1
35	23	L
35	24	L
35	25	Lp
35	26	L
35	27	L
35	28	-1
35	29	Lp
35	30	L
35	31	Lp
35	32	-1
35	33	Lp
35	34	Lp
35	35	-1
35	36	Lp
35	37	Lp
35	38	Lp
35	39	Lp
35	40	Lp
35	41	-1
35	42	-1
35	43	Lp
35	44	Lp
35	45	Lp
35	46	Lp
35	47	Lp
35	48	Lp
35	49	Lp
35	50	Lp
35	51	Lp
35	52	-1
35	53	-1
35	54	-1
35	55	-1
35	56	Lp
35	57	Lp
35	58	Lp
35	59	Lp
35	60	Lp
35	61	Lp
35	62	-1
35	63	-1
35	64	-1
35	65	Lp
35	66	Lp
35	67	Lp
35	68	Lp
35	69	L
35	70	-1
35	71	Lp
35	72	Lp
35	73	Lp
35	74	Lp
35	75	Lp
35	76	Lp
35	77	Lp
35	78	Lp
35	79	Lp
35	80	Lp
35	81	Lp
35	82	Lp
35	83	Lp
35	84	Lp
35	85	Lp
35	86	Lp
35	87	Lp
35	88	Lp
35	89	Lp
35	90	-1
35	91	Lp
35	92	Lp
35	93	L
35	94	-1
35	95	Lp
35	96	U
35	97	Lp
35	98	Lp
35	99	Lp
35	100	Lp
35	101	Lp
35	102	Lp
35	103	-1
35	104	Lp
35	105	Lp
35	106	Lp
35	107	Lp
35	108	Lp
35	109	Lp
35	110	Lp
35	111	Lp
35	112	Lp
35	113	-1
35	114	Lp
35	115	Lp
35	116	Lp
35	117	Lp
35	118	Lp
35	119	-1
36	0	Lp
36	1	-1
36	2	Lp
36	3	Lp
36	4	Lp
36	5	Lp
36	6	Lp
36	7	L
36	8	-1
36	9	Lp
36	10	Lp
36	11	Lp
36	12	Lp
36	13	Lp
36	14	Lp
36	15	Lp
36	16	Lp
36	17	Lp
36	18	L
36	19	-1
36	20	L
36	21	L
36	22	L
36	23	-1
36	24	L
36	25	-1
36	26	L
36	27	-1
36	28	L
36	29	Lp
36	30	Lp
36	31	-1
36	32	Lp
36	33	Lp
36	34	Lp
36	35	Lp
36	36	Lp
36	37	Lp
36	38	Lp
36	39	Lp
36	40	Lp
36	41	Lp
36	42	Lp
36	43	Lp
36	44	Lp
36	45	Lp
36	46	Lp
36	47	Lp
36	48	Lp
36	49	Lp
36	50	Lp
36	51	Lp
36	52	Lp
36	53	Lp
36	54	Lp
36	55	Lp
36	56	Lp
36	57	Lp
36	58	Lp
36	59	Lp
36	60	-1
36	61	Lp
36	62	Lp
36	63	Lp
36	64	Lp
36	65	-1
36	66	Lp
36	67	L
36	68	L
36	69	L
36	70	-1
36	71	Lp
36	72	-1
36	73	Lp
36	74	Lp
36	75	Lp
36	76	Lp
36	77	Lp
36	78	-1
36	79	L
36	80	Lp
36	81	Lp
36	82	-1
36	83	Lp
36	84	Lp
36	85	Lp
36	86	-1
36	87	Lp
36	88	Lp
36	89	Lp
36	90	-1
36	91	Lp
36	92	Lp
36	93	L
36	94	L
36	95	L
36	96	U
36	97	U
36	98	Lp
36	99	Lp
36	100	-1
36	101	Lp
36	102	Lp
36	103	Lp
36	104	-1
36	105	Lp
36	106	Lp
36	107	Lp
36	108	Lp
36	109	Lp
36	110	Lp
36	111	Lp
36	112	Lp
36	113	Lp
36	114	Lp
36	115	Lp
36	116	Lp
36	117	Lp
36	118	Lp
36	119	Lp
37	0	Lp
37	1	Lp
37	2	Lp
37	3	-1
37	4	Lp
37	5	Lp
37	6	Lp
37	7	Lp
37	8	Lp
37	9	Lp
37	10	-1
37	11	-1
37	12	U
37	13	-1
37	14	Lp
37	15	-1
37	16	Lp
37	17	Lp
37	18	-1
37	19	L
37	20	L
37	21	L
37	22	L
37	23	L
37	24	L
37	25	L
37	26	L
37	27	L
37	28	-1
37	29	L
37	30	L
37	31	-1
37	32	Lp
37	33	L
37	34	Lp
37	35	-1
37	36	Lp
37	37	Lp
37	38	Lp
37	39	-1
37	40	Lp
37	41	Lp
37	42	Lp
37	43	Lp
37	44	Lp
37	45	-1
37	46	Lp
37	47	Lp
37	48	-1
37	49	Lp
37	50	Lp
37	51	Lp
37	52	Lp
37	53	Lp
37	54	Lp
37	55	Lp
37	56	Lp
37	57	Lp
37	58	Lp
37	59	Lp
37	60	-1
37	61	Lp
37	62	Lp
37	63	-1
37	64	-1
37	65	Lp
37	66	-1
37	67	Lp
37	68	-1
37	69	Lp
37	70	L
37	71	-1
37	72	Lp
37	73	-1
37	74	Lp
37	75	Lp
37	76	-1
37	77	Lp
37	78	-1
37	79	L
37	80	Lp
37	81	-1
37	82	Lp
37	83	Lp
37	84	Lp
37	85	Lp
37	86	Lp
37	87	Lp
37	88	Lp
37	89	L
37	90	L
37	91	Lp
37	92	L
37	93	L
37	94	L
37	95	L
37	96	Lp
37	97	Lp
37	98	Lp
37	99	Lp
37	100	Lp
37	101	Lp
37	102	Lp
37	103	Lp
37	104	Lp
37	105	-1
37	106	-1
37	107	Lp
37	108	Lp
37	109	Lp
37	110	Lp
37	111	-1
37	112	Lp
37	113	Lp
37	114	Lp
37	115	L
37	116	L
37	117	Lp
37	118	-1
37	119	-1
38	0	Lp
38	1	Lp
38	2	-1
38	3	Lp
38	4	Lp
38	5	-1
38	6	Lp
38	7	-1
38	8	-1
38	9	Lp
38	10	Lp
38	11	-1
38	12	U
38	13	U
38	14	Lp
38	15	Lp
38	16	Lp
38	17	L
38	18	L
38	19	L
38	20	L
38	21	L
38	22	L
38	23	L
38	24	-1
38	25	L
38	26	L
38	27	-1
38	28	L
38	29	-1
38	30	L
38	31	Lp
38	32	L
38	33	Lp
38	34	Lp
38	35	Lp
38	36	-1
38	37	Lp
38	38	-1
38	39	Lp
38	40	-1
38	41	Lp
38	42	Lp
38	43	Lp
38	44	Lp
38	45	Lp
38	46	Lp
38	47	Lp
38	48	Lp
38	49	-1
38	50	-1
38	51	Lp
38	52	Lp
38	53	Lp
38	54	Lp
38	55	-1
38	56	Lp
38	57	Lp
38	58	Lp
38	59	Lp
38	60	Lp
38	61	Lp
38	62	Lp
38	63	Lp
38	64	-1
38	65	Lp
38	66	-1
38	67	Lp
38	68	Lp
38	69	Lp
38	70	Lp
38	71	U
38	72	Lp
38	73	Lp
38	74	Lp
38	75	Lp
38	76	-1
38	77	Lp
38	78	Lp
38	79	L
38	80	L
38	81	Lp
38	82	Lp
38	83	Lp
38	84	Lp
38	85	Lp
38	86	Lp
38	87	Lp
38	88	Lp
38	89	L
38	90	Lp
38	91	L
38	92	L
38	93	L
38	94	L
38	95	L
38	96	Lp
38	97	Lp
38	98	Lp
38	99	Lp
38	100	Lp
38	101	U
38	102	Lp
38	103	-1
38	104	Lp
38	105	-1
38	106	-1
38	107	Lp
38	108	-1
38	109	-1
38	110	Lp
38	111	Lp
38	112	Lp
38	113	Lp
38	114	Lp
38	115	L
38	116	L
38	117	L
38	118	L
38	119	Lp
39	0	Lp
39	1	Lp
39	2	Lp
39	3	Lp
39	4	Lp
39	5	Lp
39	6	Lp
39	7	L
39	8	-1
39	9	-1
39	10	Lp
39	11	Lp
39	12	U
39	13	U
39	14	L
39	15	L
39	16	L
39	17	L
39	18	L
39	19	L
39	20	L
39	21	-1
39	22	L
39	23	L
39	24	-1
39	25	L
39	26	-1
39	27	L
39	28	L
39	29	L
39	30	L
39	31	L
39	32	L
39	33	Lp
39	34	-1
39	35	Lp
39	36	-1
39	37	L
39	38	-1
39	39	-1
39	40	Lp
39	41	-1
39	42	U
39	43	U
39	44	Lp
39	45	Lp
39	46	Lp
39	47	Lp
39	48	-1
39	49	-1
39	50	Lp
39	51	Lp
39	52	Lp
39	53	-1
39	54	Lp
39	55	Lp
39	56	-1
39	57	Lp
39	58	-1
39	59	Lp
39	60	Lp
39	61	Lp
39	62	Lp
39	63	Lp
39	64	Lp
39	65	-1
39	66	Lp
39	67	-1
39	68	-1
39	69	-1
39	70	Lp
39	71	-1
39	72	Lp
39	73	Lp
39	74	Lp
39	75	Lp
39	76	-1
39	77	Lp
39	78	Lp
39	79	L
39	80	-1
39	81	L
39	82	L
39	83	-1
39	84	Lp
39	85	L
39	86	L
39	87	-1
39	88	L
39	89	-1
39	90	Lp
39	91	L
39	92	L
39	93	L
39	94	L
39	95	-1
39	96	L
39	97	-1
39	98	Lp
39	99	Lp
39	100	L
39	101	L
39	102	Lp
39	103	-1
39	104	Lp
39	105	Lp
39	106	Lp
39	107	Lp
39	108	U
39	109	-1
39	110	Lp
39	111	Lp
39	112	Lp
39	113	-1
39	114	Lp
39	115	Lp
39	116	L
39	117	Lp
39	118	-1
39	119	Lp
40	0	Lp
40	1	Lp
40	2	Lp
40	3	Lp
40	4	L
40	5	L
40	6	-1
40	7	Lp
40	8	L
40	9	L
40	10	-1
40	11	L
40	12	U
40	13	U
40	14	L
40	15	Lp
40	16	L
40	17	L
40	18	L
40	19	L
40	20	L
40	21	-1
40	22	L
40	23	-1
40	24	Lp
40	25	L
40	26	L
40	27	L
40	28	-1
40	29	L
40	30	-1
40	31	L
40	32	Lp
40	33	-1
40	34	Lp
40	35	Lp
40	36	-1
40	37	L
40	38	L
40	39	Lp
40	40	L
40	41	L
40	42	Lp
40	43	U
40	44	Lp
40	45	-1
40	46	Lp
40	47	Lp
40	48	Lp
40	49	Lp
40	50	Lp
40	51	-1
40	52	-1
40	53	-1
40	54	-1
40	55	Lp
40	56	Lp
40	57	Lp
40	58	-1
40	59	-1
40	60	Lp
40	61	Lp
40	62	Lp
40	63	Lp
40	64	-1
40	65	L
40	66	Lp
40	67	Lp
40	68	L
40	69	Lp
40	70	L
40	71	L
40	72	Lp
40	73	Lp
40	74	L
40	75	L
40	76	Lp
40	77	Lp
40	78	L
40	79	L
40	80	L
40	81	L
40	82	L
40	83	L
40	84	L
40	85	L
40	86	L
40	87	L
40	88	-1
40	89	Lp
40	90	Lp
40	91	-1
40	92	L
40	93	L
40	94	U
40	95	L
40	96	L
40	97	L
40	98	L
40	99	Lp
40	100	L
40	101	L
40	102	L
40	103	Lp
40	104	Lp
40	105	Lp
40	106	Lp
40	107	L
40	108	U
40	109	-1
40	110	Lp
40	111	-1
40	112	Lp
40	113	Lp
40	114	Lp
40	115	-1
40	116	Lp
40	117	Lp
40	118	L
40	119	Lp
41	0	Lp
41	1	Lp
41	2	Lp
41	3	-1
41	4	L
41	5	L
41	6	Lp
41	7	-1
41	8	-1
41	9	L
41	10	Lp
41	11	Lp
41	12	L
41	13	L
41	14	Lp
41	15	-1
41	16	-1
41	17	L
41	18	Lp
41	19	L
41	20	Lp
41	21	L
41	22	Lp
41	23	Lp
41	24	Lp
41	25	Lp
41	26	Lp
41	27	L
41	28	L
41	29	L
41	30	L
41	31	-1
41	32	-1
41	33	Lp
41	34	Lp
41	35	-1
41	36	-1
41	37	L
41	38	L
41	39	-1
41	40	-1
41	41	L
41	42	U
41	43	Lp
41	44	-1
41	45	Lp
41	46	Lp
41	47	Lp
41	48	Lp
41	49	Lp
41	50	Lp
41	51	-1
41	52	-1
41	53	-1
41	54	-1
41	55	Lp
41	56	Lp
41	57	U
41	58	Lp
41	59	-1
41	60	-1
41	61	-1
41	62	Lp
41	63	Lp
41	64	-1
41	65	L
41	66	-1
41	67	L
41	68	-1
41	69	-1
41	70	Lp
41	71	L
41	72	-1
41	73	L
41	74	L
41	75	-1
41	76	L
41	77	L
41	78	L
41	79	L
41	80	L
41	81	L
41	82	L
41	83	L
41	84	L
41	85	L
41	86	L
41	87	U
41	88	U
41	89	-1
41	90	-1
41	91	L
41	92	L
41	93	U
41	94	U
41	95	L
41	96	L
41	97	L
41	98	L
41	99	-1
41	100	L
41	101	L
41	102	Lp
41	103	Lp
41	104	-1
41	105	Lp
41	106	Lp
41	107	Lp
41	108	Lp
41	109	-1
41	110	Lp
41	111	-1
41	112	-1
41	113	Lp
41	114	-1
41	115	-1
41	116	Lp
41	117	-1
41	118	Lp
41	119	Lp
42	0	U
42	1	U
42	2	L
42	3	L
42	4	L
42	5	L
42	6	L
42	7	L
42	8	-1
42	9	Lp
42	10	Lp
42	11	Lp
42	12	-1
42	13	-1
42	14	Lp
42	15	Lp
42	16	-1
42	17	Lp
42	18	Lp
42	19	Lp
42	20	Lp
42	21	Lp
42	22	Lp
42	23	Lp
42	24	Lp
42	25	L
42	26	-1
42	27	Lp
42	28	Lp
42	29	L
42	30	L
42	31	-1
42	32	L
42	33	L
42	34	Lp
42	35	L
42	36	L
42	37	-1
42	38	L
42	39	L
42	40	Lp
42	41	-1
42	42	-1
42	43	U
42	44	Lp
42	45	Lp
42	46	Lp
42	47	-1
42	48	Lp
42	49	Lp
42	50	Lp
42	51	-1
42	52	Lp
42	53	Lp
42	54	Lp
42	55	Lp
42	56	Lp
42	57	-1
42	58	U
42	59	Lp
42	60	Lp
42	61	Lp
42	62	Lp
42	63	Lp
42	64	Lp
42	65	Lp
42	66	L
42	67	Lp
42	68	Lp
42	69	Lp
42	70	L
42	71	Lp
42	72	L
42	73	L
42	74	L
42	75	L
42	76	L
42	77	-1
42	78	L
42	79	L
42	80	L
42	81	-1
42	82	L
42	83	L
42	84	L
42	85	L
42	86	Lp
42	87	-1
42	88	L
42	89	-1
42	90	L
42	91	L
42	92	-1
42	93	L
42	94	L
42	95	L
42	96	L
42	97	L
42	98	L
42	99	L
42	100	L
42	101	L
42	102	Lp
42	103	Lp
42	104	-1
42	105	Lp
42	106	-1
42	107	Lp
42	108	Lp
42	109	Lp
42	110	Lp
42	111	-1
42	112	Lp
42	113	Lp
42	114	Lp
42	115	L
42	116	L
42	117	Lp
42	118	Lp
42	119	Lp
43	0	Lp
43	1	U
43	2	-1
43	3	L
43	4	L
43	5	L
43	6	L
43	7	L
43	8	-1
43	9	Lp
43	10	L
43	11	L
43	12	U
43	13	-1
43	14	Lp
43	15	-1
43	16	-1
43	17	Lp
43	18	Lp
43	19	Lp
43	20	-1
43	21	Lp
43	22	L
43	23	Lp
43	24	L
43	25	L
43	26	L
43	27	L
43	28	-1
43	29	-1
43	30	L
43	31	L
43	32	Lp
43	33	L
43	34	-1
43	35	-1
43	36	L
43	37	-1
43	38	L
43	39	L
43	40	U
43	41	Lp
43	42	-1
43	43	Lp
43	44	Lp
43	45	Lp
43	46	-1
43	47	Lp
43	48	-1
43	49	Lp
43	50	Lp
43	51	Lp
43	52	-1
43	53	Lp
43	54	-1
43	55	-1
43	56	Lp
43	57	-1
43	58	U
43	59	Lp
43	60	Lp
43	61	Lp
43	62	-1
43	63	Lp
43	64	-1
43	65	L
43	66	L
43	67	L
43	68	Lp
43	69	L
43	70	Lp
43	71	Lp
43	72	L
43	73	Lp
43	74	Lp
43	75	-1
43	76	L
43	77	L
43	78	L
43	79	-1
43	80	-1
43	81	-1
43	82	-1
43	83	L
43	84	L
43	85	Lp
43	86	Lp
43	87	-1
43	88	L
43	89	L
43	90	L
43	91	L
43	92	L
43	93	L
43	94	L
43	95	L
43	96	-1
43	97	L
43	98	L
43	99	L
43	100	L
43	101	L
43	102	Lp
43	103	Lp
43	104	Lp
43	105	-1
43	106	-1
43	107	Lp
43	108	Lp
43	109	Lp
43	110	Lp
43	111	Lp
43	112	Lp
43	113	Lp
43	114	Lp
43	115	Lp
43	116	L
43	117	-1
43	118	Lp
43	119	Lp
44	0	Lp
44	1	-1
44	2	-1
44	3	L
44	4	-1
44	5	L
44	6	L
44	7	-1
44	8	Lp
44	9	L
44	10	Lp
44	11	-1
44	12	Lp
44	13	-1
44	14	Lp
44	15	Lp
44	16	-1
44	17	Lp
44	18	Lp
44	19	Lp
44	20	Lp
44	21	Lp
44	22	Lp
44	23	L
44	24	-1
44	25	L
44	26	L
44	27	L
44	28	L
44	29	-1
44	30	-1
44	31	L
44	32	-1
44	33	-1
44	34	L
44	35	L
44	36	L
44	37	L
44	38	L
44	39	Lp
44	40	L
44	41	Lp
44	42	Lp
44	43	Lp
44	44	-1
44	45	-1
44	46	L
44	47	L
44	48	-1
44	49	Lp
44	50	-1
44	51	Lp
44	52	-1
44	53	-1
44	54	Lp
44	55	Lp
44	56	-1
44	57	Lp
44	58	Lp
44	59	U
44	60	Lp
44	61	-1
44	62	-1
44	63	-1
44	64	Lp
44	65	L
44	66	L
44	67	-1
44	68	L
44	69	Lp
44	70	Lp
44	71	Lp
44	72	Lp
44	73	Lp
44	74	Lp
44	75	-1
44	76	L
44	77	L
44	78	-1
44	79	-1
44	80	L
44	81	L
44	82	L
44	83	L
44	84	L
44	85	L
44	86	Lp
44	87	-1
44	88	L
44	89	L
44	90	L
44	91	L
44	92	-1
44	93	-1
44	94	L
44	95	L
44	96	-1
44	97	L
44	98	L
44	99	L
44	100	L
44	101	-1
44	102	Lp
44	103	Lp
44	104	-1
44	105	Lp
44	106	Lp
44	107	Lp
44	108	Lp
44	109	Lp
44	110	Lp
44	111	Lp
44	112	Lp
44	113	Lp
44	114	Lp
44	115	Lp
44	116	Lp
44	117	-1
44	118	Lp
44	119	Lp
45	0	-1
45	1	-1
45	2	Lp
45	3	L
45	4	L
45	5	L
45	6	L
45	7	Lp
45	8	L
45	9	Lp
45	10	L
45	11	Lp
45	12	Lp
45	13	Lp
45	14	Lp
45	15	-1
45	16	Lp
45	17	-1
45	18	Lp
45	19	L
45	20	-1
45	21	L
45	22	L
45	23	L
45	24	Lp
45	25	Lp
45	26	L
45	27	L
45	28	L
45	29	-1
45	30	-1
45	31	L
45	32	L
45	33	L
45	34	L
45	35	L
45	36	L
45	37	Lp
45	38	-1
45	39	Lp
45	40	Lp
45	41	U
45	42	Lp
45	43	Lp
45	44	L
45	45	L
45	46	L
45	47	L
45	48	L
45	49	-1
45	50	Lp
45	51	-1
45	52	Lp
45	53	-1
45	54	Lp
45	55	U
45	56	U
45	57	-1
45	58	Lp
45	59	L
45	60	Lp
45	61	Lp
45	62	Lp
45	63	L
45	64	L
45	65	L
45	66	L
45	67	L
45	68	-1
45	69	L
45	70	Lp
45	71	-1
45	72	Lp
45	73	Lp
45	74	L
45	75	L
45	76	-1
45	77	L
45	78	U
45	79	-1
45	80	L
45	81	L
45	82	L
45	83	-1
45	84	-1
45	85	Lp
45	86	Lp
45	87	L
45	88	L
45	89	Lp
45	90	L
45	91	L
45	92	L
45	93	-1
45	94	L
45	95	Lp
45	96	L
45	97	L
45	98	L
45	99	L
45	100	L
45	101	-1
45	102	Lp
45	103	-1
45	104	L
45	105	L
45	106	Lp
45	107	-1
45	108	Lp
45	109	Lp
45	110	Lp
45	111	Lp
45	112	Lp
45	113	Lp
45	114	Lp
45	115	Lp
45	116	Lp
45	117	L
45	118	-1
45	119	Lp
46	0	L
46	1	L
46	2	Lp
46	3	L
46	4	L
46	5	L
46	6	Lp
46	7	L
46	8	L
46	9	L
46	10	Lp
46	11	Lp
46	12	Lp
46	13	Lp
46	14	Lp
46	15	Lp
46	16	Lp
46	17	Lp
46	18	Lp
46	19	-1
46	20	-1
46	21	L
46	22	-1
46	23	Lp
46	24	Lp
46	25	L
46	26	L
46	27	-1
46	28	L
46	29	L
46	30	-1
46	31	L
46	32	L
46	33	L
46	34	L
46	35	-1
46	36	-1
46	37	L
46	38	Lp
46	39	-1
46	40	L
46	41	-1
46	42	U
46	43	-1
46	44	Lp
46	45	L
46	46	L
46	47	L
46	48	L
46	49	-1
46	50	L
46	51	Lp
46	52	Lp
46	53	-1
46	54	-1
46	55	Lp
46	56	Lp
46	57	Lp
46	58	L
46	59	Lp
46	60	L
46	61	Lp
46	62	L
46	63	L
46	64	-1
46	65	L
46	66	L
46	67	Lp
46	68	L
46	69	Lp
46	70	Lp
46	71	Lp
46	72	Lp
46	73	Lp
46	74	Lp
46	75	Lp
46	76	L
46	77	L
46	78	L
46	79	L
46	80	L
46	81	L
46	82	-1
46	83	L
46	84	-1
46	85	Lp
46	86	Lp
46	87	Lp
46	88	Lp
46	89	-1
46	90	L
46	91	L
46	92	L
46	93	L
46	94	L
46	95	L
46	96	Lp
46	97	Lp
46	98	-1
46	99	L
46	100	-1
46	101	L
46	102	L
46	103	-1
46	104	-1
46	105	-1
46	106	L
46	107	Lp
46	108	-1
46	109	Lp
46	110	Lp
46	111	Lp
46	112	Lp
46	113	-1
46	114	L
46	115	Lp
46	116	Lp
46	117	L
46	118	Lp
46	119	-1
47	0	L
47	1	L
47	2	-1
47	3	-1
47	4	U
47	5	Lp
47	6	L
47	7	L
47	8	L
47	9	L
47	10	L
47	11	Lp
47	12	Lp
47	13	Lp
47	14	-1
47	15	Lp
47	16	Lp
47	17	Lp
47	18	Lp
47	19	Lp
47	20	Lp
47	21	Lp
47	22	L
47	23	Lp
47	24	L
47	25	L
47	26	L
47	27	-1
47	28	L
47	29	L
47	30	L
47	31	L
47	32	L
47	33	-1
47	34	L
47	35	L
47	36	Lp
47	37	L
47	38	-1
47	39	-1
47	40	-1
47	41	Lp
47	42	Lp
47	43	-1
47	44	-1
47	45	L
47	46	L
47	47	L
47	48	L
47	49	L
47	50	L
47	51	Lp
47	52	Lp
47	53	-1
47	54	Lp
47	55	Lp
47	56	Lp
47	57	Lp
47	58	L
47	59	Lp
47	60	L
47	61	L
47	62	Lp
47	63	L
47	64	L
47	65	L
47	66	-1
47	67	Lp
47	68	Lp
47	69	Lp
47	70	Lp
47	71	Lp
47	72	Lp
47	73	Lp
47	74	Lp
47	75	-1
47	76	-1
47	77	Lp
47	78	L
47	79	-1
47	80	L
47	81	-1
47	82	Lp
47	83	Lp
47	84	Lp
47	85	-1
47	86	L
47	87	Lp
47	88	-1
47	89	-1
47	90	-1
47	91	L
47	92	L
47	93	L
47	94	L
47	95	L
47	96	Lp
47	97	L
47	98	L
47	99	L
47	100	Lp
47	101	L
47	102	Lp
47	103	Lp
47	104	Lp
47	105	-1
47	106	L
47	107	Lp
47	108	Lp
47	109	-1
47	110	-1
47	111	-1
47	112	-1
47	113	L
47	114	L
47	115	L
47	116	L
47	117	-1
47	118	L
47	119	L
48	0	L
48	1	-1
48	2	-1
48	3	L
48	4	L
48	5	-1
48	6	L
48	7	L
48	8	L
48	9	-1
48	10	Lp
48	11	-1
48	12	Lp
48	13	Lp
48	14	-1
48	15	Lp
48	16	-1
48	17	Lp
48	18	Lp
48	19	Lp
48	20	-1
48	21	Lp
48	22	-1
48	23	Lp
48	24	-1
48	25	-1
48	26	-1
48	27	L
48	28	-1
48	29	L
48	30	L
48	31	L
48	32	L
48	33	-1
48	34	L
48	35	Lp
48	36	L
48	37	Lp
48	38	-1
48	39	-1
48	40	-1
48	41	Lp
48	42	Lp
48	43	-1
48	44	-1
48	45	L
48	46	L
48	47	L
48	48	L
48	49	Lp
48	50	L
48	51	L
48	52	-1
48	53	Lp
48	54	Lp
48	55	Lp
48	56	Lp
48	57	L
48	58	L
48	59	Lp
48	60	-1
48	61	L
48	62	-1
48	63	L
48	64	-1
48	65	-1
48	66	L
48	67	L
48	68	L
48	69	-1
48	70	Lp
48	71	Lp
48	72	Lp
48	73	Lp
48	74	Lp
48	75	L
48	76	Lp
48	77	Lp
48	78	L
48	79	-1
48	80	L
48	81	Lp
48	82	-1
48	83	-1
48	84	Lp
48	85	Lp
48	86	L
48	87	L
48	88	Lp
48	89	-1
48	90	L
48	91	L
48	92	-1
48	93	L
48	94	L
48	95	-1
48	96	-1
48	97	L
48	98	L
48	99	L
48	100	L
48	101	L
48	102	L
48	103	Lp
48	104	Lp
48	105	Lp
48	106	Lp
48	107	L
48	108	Lp
48	109	U
48	110	U
48	111	Lp
48	112	-1
48	113	L
48	114	-1
48	115	-1
48	116	-1
48	117	-1
48	118	L
48	119	L
49	0	-1
49	1	L
49	2	L
49	3	L
49	4	L
49	5	L
49	6	L
49	7	L
49	8	U
49	9	L
49	10	U
49	11	U
49	12	Lp
49	13	Lp
49	14	-1
49	15	Lp
49	16	-1
49	17	Lp
49	18	Lp
49	19	Lp
49	20	L
49	21	Lp
49	22	Lp
49	23	Lp
49	24	L
49	25	Lp
49	26	L
49	27	-1
49	28	L
49	29	L
49	30	L
49	31	-1
49	32	L
49	33	L
49	34	L
49	35	Lp
49	36	-1
49	37	Lp
49	38	Lp
49	39	Lp
49	40	Lp
49	41	Lp
49	42	-1
49	43	-1
49	44	-1
49	45	L
49	46	L
49	47	L
49	48	L
49	49	L
49	50	Lp
49	51	Lp
49	52	Lp
49	53	Lp
49	54	Lp
49	55	Lp
49	56	L
49	57	L
49	58	Lp
49	59	Lp
49	60	Lp
49	61	-1
49	62	L
49	63	L
49	64	L
49	65	L
49	66	L
49	67	-1
49	68	Lp
49	69	-1
49	70	-1
49	71	-1
49	72	Lp
49	73	Lp
49	74	Lp
49	75	L
49	76	L
49	77	L
49	78	L
49	79	L
49	80	Lp
49	81	Lp
49	82	Lp
49	83	Lp
49	84	Lp
49	85	Lp
49	86	Lp
49	87	Lp
49	88	L
49	89	Lp
49	90	L
49	91	L
49	92	-1
49	93	L
49	94	L
49	95	L
49	96	L
49	97	L
49	98	-1
49	99	-1
49	100	Lp
49	101	L
49	102	L
49	103	Lp
49	104	Lp
49	105	Lp
49	106	Lp
49	107	Lp
49	108	U
49	109	Lp
49	110	Lp
49	111	U
49	112	-1
49	113	L
49	114	L
49	115	L
49	116	-1
49	117	-1
49	118	-1
49	119	L
50	0	-1
50	1	L
50	2	L
50	3	L
50	4	U
50	5	L
50	6	L
50	7	L
50	8	U
50	9	U
50	10	-1
50	11	Lp
50	12	Lp
50	13	Lp
50	14	Lp
50	15	-1
50	16	-1
50	17	Lp
50	18	Lp
50	19	Lp
50	20	L
50	21	-1
50	22	Lp
50	23	L
50	24	L
50	25	-1
50	26	L
50	27	L
50	28	L
50	29	L
50	30	L
50	31	L
50	32	-1
50	33	L
50	34	L
50	35	Lp
50	36	Lp
50	37	Lp
50	38	Lp
50	39	Lp
50	40	U
50	41	Lp
50	42	L
50	43	Lp
50	44	L
50	45	L
50	46	L
50	47	-1
50	48	Lp
50	49	Lp
50	50	L
50	51	Lp
50	52	Lp
50	53	Lp
50	54	Lp
50	55	L
50	56	-1
50	57	Lp
50	58	Lp
50	59	L
50	60	Lp
50	61	Lp
50	62	Lp
50	63	-1
50	64	L
50	65	-1
50	66	L
50	67	-1
50	68	L
50	69	Lp
50	70	L
50	71	L
50	72	-1
50	73	L
50	74	-1
50	75	-1
50	76	L
50	77	L
50	78	-1
50	79	L
50	80	-1
50	81	L
50	82	-1
50	83	L
50	84	-1
50	85	Lp
50	86	Lp
50	87	-1
50	88	-1
50	89	-1
50	90	L
50	91	L
50	92	L
50	93	L
50	94	-1
50	95	L
50	96	L
50	97	-1
50	98	L
50	99	U
50	100	U
50	101	L
50	102	Lp
50	103	Lp
50	104	-1
50	105	L
50	106	-1
50	107	-1
50	108	-1
50	109	L
50	110	L
50	111	L
50	112	L
50	113	Lp
50	114	L
50	115	-1
50	116	L
50	117	L
50	118	-1
50	119	-1
51	0	L
51	1	L
51	2	L
51	3	U
51	4	U
51	5	L
51	6	L
51	7	L
51	8	U
51	9	U
51	10	Lp
51	11	Lp
51	12	Lp
51	13	-1
51	14	Lp
51	15	Lp
51	16	Lp
51	17	Lp
51	18	Lp
51	19	-1
51	20	L
51	21	L
51	22	L
51	23	L
51	24	L
51	25	L
51	26	L
51	27	L
51	28	-1
51	29	L
51	30	-1
51	31	Lp
51	32	L
51	33	L
51	34	-1
51	35	-1
51	36	L
51	37	L
51	38	Lp
51	39	Lp
51	40	-1
51	41	L
51	42	-1
51	43	L
51	44	Lp
51	45	Lp
51	46	Lp
51	47	L
51	48	-1
51	49	Lp
51	50	L
51	51	Lp
51	52	Lp
51	53	-1
51	54	Lp
51	55	Lp
51	56	L
51	57	Lp
51	58	-1
51	59	Lp
51	60	L
51	61	L
51	62	L
51	63	-1
51	64	L
51	65	L
51	66	L
51	67	Lp
51	68	Lp
51	69	Lp
51	70	L
51	71	L
51	72	L
51	73	L
51	74	L
51	75	L
51	76	L
51	77	L
51	78	L
51	79	L
51	80	U
51	81	L
51	82	-1
51	83	L
51	84	L
51	85	Lp
51	86	Lp
51	87	-1
51	88	-1
51	89	Lp
51	90	Lp
51	91	L
51	92	L
51	93	L
51	94	L
51	95	-1
51	96	L
51	97	L
51	98	-1
51	99	U
51	100	-1
51	101	U
51	102	Lp
51	103	Lp
51	104	-1
51	105	-1
51	106	L
51	107	L
51	108	L
51	109	L
51	110	-1
51	111	-1
51	112	Lp
51	113	L
51	114	L
51	115	L
51	116	-1
51	117	L
51	118	-1
51	119	-1
52	0	L
52	1	L
52	2	L
52	3	-1
52	4	U
52	5	L
52	6	-1
52	7	L
52	8	-1
52	9	U
52	10	-1
52	11	Lp
52	12	Lp
52	13	Lp
52	14	Lp
52	15	Lp
52	16	Lp
52	17	L
52	18	L
52	19	Lp
52	20	L
52	21	L
52	22	L
52	23	L
52	24	-1
52	25	L
52	26	L
52	27	L
52	28	L
52	29	-1
52	30	L
52	31	Lp
52	32	L
52	33	L
52	34	L
52	35	Lp
52	36	Lp
52	37	Lp
52	38	Lp
52	39	Lp
52	40	L
52	41	-1
52	42	L
52	43	L
52	44	Lp
52	45	Lp
52	46	L
52	47	L
52	48	L
52	49	L
52	50	Lp
52	51	Lp
52	52	Lp
52	53	Lp
52	54	-1
52	55	Lp
52	56	Lp
52	57	Lp
52	58	-1
52	59	Lp
52	60	Lp
52	61	L
52	62	U
52	63	Lp
52	64	Lp
52	65	Lp
52	66	Lp
52	67	Lp
52	68	Lp
52	69	Lp
52	70	L
52	71	-1
52	72	-1
52	73	-1
52	74	L
52	75	L
52	76	-1
52	77	L
52	78	L
52	79	U
52	80	L
52	81	L
52	82	-1
52	83	L
52	84	L
52	85	Lp
52	86	Lp
52	87	-1
52	88	Lp
52	89	-1
52	90	Lp
52	91	Lp
52	92	L
52	93	-1
52	94	-1
52	95	-1
52	96	L
52	97	-1
52	98	L
52	99	-1
52	100	U
52	101	L
52	102	Lp
52	103	Lp
52	104	-1
52	105	L
52	106	Lp
52	107	-1
52	108	L
52	109	L
52	110	L
52	111	L
52	112	L
52	113	-1
52	114	L
52	115	L
52	116	L
52	117	L
52	118	L
52	119	L
53	0	L
53	1	L
53	2	L
53	3	L
53	4	L
53	5	L
53	6	L
53	7	L
53	8	Lp
53	9	L
53	10	Lp
53	11	Lp
53	12	-1
53	13	Lp
53	14	Lp
53	15	Lp
53	16	-1
53	17	-1
53	18	Lp
53	19	Lp
53	20	Lp
53	21	L
53	22	L
53	23	L
53	24	L
53	25	L
53	26	-1
53	27	-1
53	28	L
53	29	L
53	30	L
53	31	-1
53	32	Lp
53	33	Lp
53	34	Lp
53	35	L
53	36	-1
53	37	Lp
53	38	Lp
53	39	Lp
53	40	-1
53	41	L
53	42	L
53	43	Lp
53	44	L
53	45	-1
53	46	Lp
53	47	L
53	48	L
53	49	Lp
53	50	Lp
53	51	Lp
53	52	Lp
53	53	Lp
53	54	Lp
53	55	-1
53	56	Lp
53	57	-1
53	58	Lp
53	59	-1
53	60	-1
53	61	U
53	62	U
53	63	L
53	64	-1
53	65	Lp
53	66	Lp
53	67	Lp
53	68	Lp
53	69	Lp
53	70	-1
53	71	L
53	72	L
53	73	L
53	74	L
53	75	-1
53	76	L
53	77	L
53	78	-1
53	79	-1
53	80	-1
53	81	L
53	82	L
53	83	L
53	84	-1
53	85	L
53	86	-1
53	87	Lp
53	88	Lp
53	89	Lp
53	90	Lp
53	91	Lp
53	92	Lp
53	93	Lp
53	94	Lp
53	95	L
53	96	-1
53	97	Lp
53	98	L
53	99	L
53	100	L
53	101	Lp
53	102	L
53	103	-1
53	104	Lp
53	105	Lp
53	106	-1
53	107	Lp
53	108	-1
53	109	-1
53	110	L
53	111	L
53	112	U
53	113	L
53	114	L
53	115	L
53	116	-1
53	117	L
53	118	L
53	119	L
54	0	-1
54	1	L
54	2	-1
54	3	L
54	4	L
54	5	L
54	6	L
54	7	-1
54	8	-1
54	9	L
54	10	Lp
54	11	-1
54	12	-1
54	13	L
54	14	L
54	15	Lp
54	16	L
54	17	-1
54	18	-1
54	19	Lp
54	20	-1
54	21	L
54	22	L
54	23	-1
54	24	-1
54	25	L
54	26	L
54	27	-1
54	28	-1
54	29	L
54	30	L
54	31	L
54	32	Lp
54	33	Lp
54	34	Lp
54	35	Lp
54	36	Lp
54	37	L
54	38	Lp
54	39	L
54	40	L
54	41	-1
54	42	-1
54	43	Lp
54	44	-1
54	45	-1
54	46	Lp
54	47	Lp
54	48	Lp
54	49	Lp
54	50	Lp
54	51	Lp
54	52	Lp
54	53	Lp
54	54	Lp
54	55	-1
54	56	Lp
54	57	Lp
54	58	Lp
54	59	U
54	60	-1
54	61	-1
54	62	U
54	63	L
54	64	-1
54	65	-1
54	66	-1
54	67	Lp
54	68	Lp
54	69	Lp
54	70	Lp
54	71	-1
54	72	L
54	73	-1
54	74	L
54	75	L
54	76	-1
54	77	-1
54	78	L
54	79	L
54	80	L
54	81	-1
54	82	L
54	83	L
54	84	-1
54	85	Lp
54	86	L
54	87	-1
54	88	-1
54	89	Lp
54	90	Lp
54	91	Lp
54	92	-1
54	93	Lp
54	94	-1
54	95	-1
54	96	-1
54	97	L
54	98	Lp
54	99	L
54	100	L
54	101	-1
54	102	Lp
54	103	Lp
54	104	-1
54	105	Lp
54	106	Lp
54	107	L
54	108	L
54	109	-1
54	110	L
54	111	U
54	112	-1
54	113	L
54	114	L
54	115	-1
54	116	L
54	117	L
54	118	L
54	119	L
55	0	L
55	1	L
55	2	L
55	3	L
55	4	L
55	5	-1
55	6	L
55	7	L
55	8	Lp
55	9	Lp
55	10	L
55	11	Lp
55	12	Lp
55	13	-1
55	14	Lp
55	15	Lp
55	16	Lp
55	17	Lp
55	18	L
55	19	U
55	20	L
55	21	-1
55	22	L
55	23	L
55	24	-1
55	25	L
55	26	-1
55	27	-1
55	28	-1
55	29	Lp
55	30	L
55	31	L
55	32	Lp
55	33	-1
55	34	Lp
55	35	Lp
55	36	-1
55	37	L
55	38	Lp
55	39	Lp
55	40	L
55	41	-1
55	42	-1
55	43	L
55	44	Lp
55	45	Lp
55	46	Lp
55	47	Lp
55	48	Lp
55	49	Lp
55	50	Lp
55	51	Lp
55	52	Lp
55	53	Lp
55	54	Lp
55	55	Lp
55	56	Lp
55	57	Lp
55	58	Lp
55	59	U
55	60	U
55	61	-1
55	62	U
55	63	-1
55	64	L
55	65	L
55	66	-1
55	67	-1
55	68	Lp
55	69	Lp
55	70	Lp
55	71	Lp
55	72	-1
55	73	L
55	74	-1
55	75	L
55	76	L
55	77	-1
55	78	L
55	79	L
55	80	L
55	81	L
55	82	Lp
55	83	L
55	84	Lp
55	85	Lp
55	86	L
55	87	L
55	88	Lp
55	89	L
55	90	-1
55	91	-1
55	92	Lp
55	93	Lp
55	94	-1
55	95	-1
55	96	L
55	97	Lp
55	98	-1
55	99	L
55	100	-1
55	101	-1
55	102	Lp
55	103	Lp
55	104	Lp
55	105	Lp
55	106	L
55	107	-1
55	108	L
55	109	L
55	110	L
55	111	U
55	112	L
55	113	L
55	114	L
55	115	-1
55	116	L
55	117	L
55	118	L
55	119	Lp
56	0	Lp
56	1	L
56	2	L
56	3	L
56	4	L
56	5	L
56	6	L
56	7	L
56	8	Lp
56	9	Lp
56	10	L
56	11	Lp
56	12	Lp
56	13	L
56	14	L
56	15	Lp
56	16	L
56	17	L
56	18	U
56	19	L
56	20	L
56	21	L
56	22	-1
56	23	U
56	24	-1
56	25	L
56	26	L
56	27	-1
56	28	-1
56	29	Lp
56	30	Lp
56	31	Lp
56	32	L
56	33	-1
56	34	Lp
56	35	Lp
56	36	-1
56	37	Lp
56	38	Lp
56	39	Lp
56	40	Lp
56	41	Lp
56	42	L
56	43	-1
56	44	L
56	45	-1
56	46	Lp
56	47	Lp
56	48	-1
56	49	Lp
56	50	Lp
56	51	Lp
56	52	Lp
56	53	Lp
56	54	Lp
56	55	Lp
56	56	Lp
56	57	Lp
56	58	Lp
56	59	L
56	60	L
56	61	U
56	62	-1
56	63	Lp
56	64	L
56	65	-1
56	66	-1
56	67	-1
56	68	Lp
56	69	Lp
56	70	L
56	71	Lp
56	72	-1
56	73	L
56	74	L
56	75	L
56	76	L
56	77	L
56	78	L
56	79	L
56	80	L
56	81	Lp
56	82	-1
56	83	Lp
56	84	Lp
56	85	Lp
56	86	-1
56	87	L
56	88	-1
56	89	L
56	90	-1
56	91	Lp
56	92	-1
56	93	-1
56	94	L
56	95	L
56	96	Lp
56	97	-1
56	98	L
56	99	L
56	100	Lp
56	101	Lp
56	102	Lp
56	103	Lp
56	104	-1
56	105	L
56	106	Lp
56	107	L
56	108	L
56	109	L
56	110	U
56	111	L
56	112	L
56	113	L
56	114	L
56	115	L
56	116	L
56	117	L
56	118	-1
56	119	L
57	0	-1
57	1	L
57	2	L
57	3	L
57	4	Lp
57	5	L
57	6	-1
57	7	L
57	8	L
57	9	Lp
57	10	Lp
57	11	U
57	12	Lp
57	13	Lp
57	14	-1
57	15	-1
57	16	L
57	17	L
57	18	U
57	19	L
57	20	L
57	21	L
57	22	Lp
57	23	U
57	24	Lp
57	25	-1
57	26	L
57	27	-1
57	28	Lp
57	29	Lp
57	30	Lp
57	31	-1
57	32	Lp
57	33	-1
57	34	Lp
57	35	Lp
57	36	L
57	37	U
57	38	Lp
57	39	Lp
57	40	Lp
57	41	U
57	42	-1
57	43	Lp
57	44	-1
57	45	Lp
57	46	Lp
57	47	-1
57	48	-1
57	49	Lp
57	50	Lp
57	51	-1
57	52	Lp
57	53	-1
57	54	Lp
57	55	-1
57	56	Lp
57	57	L
57	58	L
57	59	Lp
57	60	L
57	61	L
57	62	L
57	63	-1
57	64	L
57	65	-1
57	66	Lp
57	67	Lp
57	68	L
57	69	Lp
57	70	Lp
57	71	L
57	72	L
57	73	L
57	74	L
57	75	-1
57	76	L
57	77	L
57	78	L
57	79	L
57	80	Lp
57	81	Lp
57	82	Lp
57	83	-1
57	84	Lp
57	85	L
57	86	L
57	87	-1
57	88	-1
57	89	L
57	90	L
57	91	-1
57	92	Lp
57	93	-1
57	94	L
57	95	L
57	96	L
57	97	L
57	98	L
57	99	Lp
57	100	Lp
57	101	-1
57	102	Lp
57	103	L
57	104	L
57	105	L
57	106	L
57	107	L
57	108	-1
57	109	L
57	110	L
57	111	L
57	112	L
57	113	L
57	114	L
57	115	L
57	116	-1
57	117	Lp
57	118	L
57	119	-1
58	0	Lp
58	1	Lp
58	2	Lp
58	3	Lp
58	4	L
58	5	L
58	6	L
58	7	L
58	8	Lp
58	9	Lp
58	10	U
58	11	Lp
58	12	U
58	13	L
58	14	L
58	15	-1
58	16	L
58	17	L
58	18	L
58	19	L
58	20	L
58	21	L
58	22	Lp
58	23	-1
58	24	U
58	25	L
58	26	L
58	27	Lp
58	28	-1
58	29	L
58	30	Lp
58	31	Lp
58	32	Lp
58	33	Lp
58	34	Lp
58	35	Lp
58	36	L
58	37	U
58	38	Lp
58	39	Lp
58	40	U
58	41	U
58	42	-1
58	43	U
58	44	-1
58	45	Lp
58	46	Lp
58	47	-1
58	48	Lp
58	49	Lp
58	50	-1
58	51	Lp
58	52	Lp
58	53	Lp
58	54	-1
58	55	-1
58	56	-1
58	57	Lp
58	58	L
58	59	Lp
58	60	Lp
58	61	L
58	62	L
58	63	L
58	64	-1
58	65	L
58	66	L
58	67	Lp
58	68	Lp
58	69	-1
58	70	L
58	71	L
58	72	L
58	73	L
58	74	-1
58	75	L
58	76	L
58	77	L
58	78	L
58	79	Lp
58	80	Lp
58	81	Lp
58	82	Lp
58	83	Lp
58	84	Lp
58	85	L
58	86	-1
58	87	L
58	88	Lp
58	89	-1
58	90	L
58	91	Lp
58	92	-1
58	93	Lp
58	94	L
58	95	L
58	96	L
58	97	-1
58	98	L
58	99	L
58	100	-1
58	101	-1
58	102	L
58	103	L
58	104	L
58	105	L
58	106	L
58	107	-1
58	108	L
58	109	-1
58	110	L
58	111	L
58	112	L
58	113	L
58	114	L
58	115	L
58	116	Lp
58	117	Lp
58	118	Lp
58	119	L
59	0	Lp
59	1	Lp
59	2	L
59	3	L
59	4	-1
59	5	L
59	6	L
59	7	L
59	8	L
59	9	Lp
59	10	-1
59	11	-1
59	12	L
59	13	-1
59	14	L
59	15	L
59	16	L
59	17	L
59	18	-1
59	19	L
59	20	L
59	21	Lp
59	22	Lp
59	23	Lp
59	24	L
59	25	Lp
59	26	Lp
59	27	L
59	28	Lp
59	29	Lp
59	30	Lp
59	31	Lp
59	32	-1
59	33	-1
59	34	Lp
59	35	Lp
59	36	-1
59	37	U
59	38	Lp
59	39	Lp
59	40	U
59	41	U
59	42	U
59	43	-1
59	44	Lp
59	45	Lp
59	46	L
59	47	Lp
59	48	U
59	49	Lp
59	50	Lp
59	51	Lp
59	52	-1
59	53	Lp
59	54	-1
59	55	-1
59	56	Lp
59	57	Lp
59	58	-1
59	59	L
59	60	L
59	61	L
59	62	L
59	63	L
59	64	-1
59	65	L
59	66	L
59	67	L
59	68	-1
59	69	L
59	70	L
59	71	-1
59	72	L
59	73	-1
59	74	L
59	75	L
59	76	-1
59	77	L
59	78	-1
59	79	Lp
59	80	Lp
59	81	-1
59	82	Lp
59	83	Lp
59	84	L
59	85	-1
59	86	-1
59	87	-1
59	88	L
59	89	-1
59	90	Lp
59	91	L
59	92	-1
59	93	-1
59	94	L
59	95	-1
59	96	L
59	97	L
59	98	L
59	99	L
59	100	L
59	101	L
59	102	L
59	103	L
59	104	L
59	105	-1
59	106	L
59	107	L
59	108	-1
59	109	-1
59	110	-1
59	111	L
59	112	L
59	113	L
59	114	L
59	115	-1
59	116	L
59	117	-1
59	118	-1
59	119	Lp
60	0	Lp
60	1	Lp
60	2	Lp
60	3	L
60	4	-1
60	5	L
60	6	L
60	7	Lp
60	8	-1
60	9	Lp
60	10	L
60	11	L
60	12	L
60	13	L
60	14	L
60	15	L
60	16	L
60	17	L
60	18	L
60	19	Lp
60	20	-1
60	21	-1
60	22	Lp
60	23	L
60	24	Lp
60	25	Lp
60	26	-1
60	27	-1
60	28	Lp
60	29	-1
60	30	L
60	31	L
60	32	Lp
60	33	L
60	34	Lp
60	35	Lp
60	36	-1
60	37	Lp
60	38	Lp
60	39	-1
60	40	-1
60	41	Lp
60	42	Lp
60	43	U
60	44	-1
60	45	Lp
60	46	Lp
60	47	Lp
60	48	U
60	49	U
60	50	L
60	51	Lp
60	52	Lp
60	53	Lp
60	54	Lp
60	55	U
60	56	U
60	57	Lp
60	58	U
60	59	Lp
60	60	Lp
60	61	L
60	62	L
60	63	-1
60	64	L
60	65	-1
60	66	-1
60	67	L
60	68	-1
60	69	Lp
60	70	L
60	71	L
60	72	L
60	73	Lp
60	74	Lp
60	75	Lp
60	76	Lp
60	77	Lp
60	78	L
60	79	-1
60	80	Lp
60	81	-1
60	82	L
60	83	L
60	84	Lp
60	85	Lp
60	86	-1
60	87	Lp
60	88	L
60	89	Lp
60	90	-1
60	91	Lp
60	92	L
60	93	-1
60	94	-1
60	95	L
60	96	L
60	97	-1
60	98	L
60	99	L
60	100	L
60	101	L
60	102	L
60	103	L
60	104	L
60	105	L
60	106	L
60	107	L
60	108	L
60	109	-1
60	110	L
60	111	-1
60	112	L
60	113	L
60	114	L
60	115	L
60	116	L
60	117	L
60	118	Lp
60	119	Lp
61	0	-1
61	1	-1
61	2	L
61	3	-1
61	4	L
61	5	L
61	6	L
61	7	L
61	8	L
61	9	L
61	10	L
61	11	L
61	12	L
61	13	L
61	14	-1
61	15	L
61	16	L
61	17	-1
61	18	-1
61	19	-1
61	20	Lp
61	21	Lp
61	22	Lp
61	23	L
61	24	-1
61	25	Lp
61	26	Lp
61	27	-1
61	28	-1
61	29	L
61	30	L
61	31	L
61	32	-1
61	33	Lp
61	34	Lp
61	35	-1
61	36	-1
61	37	Lp
61	38	Lp
61	39	Lp
61	40	-1
61	41	Lp
61	42	-1
61	43	Lp
61	44	-1
61	45	-1
61	46	Lp
61	47	Lp
61	48	U
61	49	L
61	50	Lp
61	51	Lp
61	52	Lp
61	53	-1
61	54	U
61	55	Lp
61	56	U
61	57	U
61	58	Lp
61	59	Lp
61	60	Lp
61	61	Lp
61	62	L
61	63	L
61	64	L
61	65	L
61	66	L
61	67	L
61	68	L
61	69	Lp
61	70	Lp
61	71	L
61	72	-1
61	73	Lp
61	74	-1
61	75	-1
61	76	Lp
61	77	-1
61	78	-1
61	79	L
61	80	L
61	81	L
61	82	Lp
61	83	Lp
61	84	Lp
61	85	Lp
61	86	Lp
61	87	Lp
61	88	-1
61	89	-1
61	90	Lp
61	91	L
61	92	L
61	93	L
61	94	L
61	95	L
61	96	L
61	97	-1
61	98	L
61	99	L
61	100	L
61	101	L
61	102	L
61	103	-1
61	104	L
61	105	L
61	106	-1
61	107	L
61	108	L
61	109	L
61	110	L
61	111	L
61	112	L
61	113	L
61	114	L
61	115	L
61	116	L
61	117	-1
61	118	L
61	119	L
62	0	Lp
62	1	Lp
62	2	Lp
62	3	Lp
62	4	L
62	5	L
62	6	L
62	7	-1
62	8	L
62	9	-1
62	10	L
62	11	L
62	12	L
62	13	L
62	14	L
62	15	L
62	16	L
62	17	L
62	18	-1
62	19	Lp
62	20	Lp
62	21	-1
62	22	-1
62	23	Lp
62	24	Lp
62	25	-1
62	26	-1
62	27	Lp
62	28	Lp
62	29	L
62	30	L
62	31	-1
62	32	Lp
62	33	-1
62	34	Lp
62	35	Lp
62	36	Lp
62	37	Lp
62	38	Lp
62	39	-1
62	40	Lp
62	41	-1
62	42	-1
62	43	Lp
62	44	Lp
62	45	-1
62	46	Lp
62	47	Lp
62	48	Lp
62	49	Lp
62	50	Lp
62	51	Lp
62	52	Lp
62	53	Lp
62	54	-1
62	55	U
62	56	U
62	57	U
62	58	Lp
62	59	Lp
62	60	-1
62	61	Lp
62	62	Lp
62	63	L
62	64	-1
62	65	L
62	66	L
62	67	L
62	68	Lp
62	69	L
62	70	Lp
62	71	-1
62	72	L
62	73	-1
62	74	-1
62	75	Lp
62	76	Lp
62	77	Lp
62	78	L
62	79	L
62	80	L
62	81	L
62	82	Lp
62	83	Lp
62	84	-1
62	85	Lp
62	86	Lp
62	87	Lp
62	88	Lp
62	89	Lp
62	90	-1
62	91	-1
62	92	Lp
62	93	L
62	94	L
62	95	L
62	96	-1
62	97	-1
62	98	L
62	99	L
62	100	L
62	101	-1
62	102	L
62	103	-1
62	104	L
62	105	-1
62	106	U
62	107	-1
62	108	L
62	109	L
62	110	L
62	111	L
62	112	L
62	113	-1
62	114	L
62	115	L
62	116	L
62	117	Lp
62	118	Lp
62	119	L
63	0	Lp
63	1	Lp
63	2	L
63	3	-1
63	4	L
63	5	L
63	6	L
63	7	L
63	8	L
63	9	L
63	10	L
63	11	L
63	12	-1
63	13	L
63	14	L
63	15	-1
63	16	-1
63	17	-1
63	18	Lp
63	19	Lp
63	20	-1
63	21	-1
63	22	Lp
63	23	Lp
63	24	Lp
63	25	Lp
63	26	Lp
63	27	Lp
63	28	Lp
63	29	Lp
63	30	-1
63	31	Lp
63	32	Lp
63	33	Lp
63	34	Lp
63	35	Lp
63	36	Lp
63	37	Lp
63	38	Lp
63	39	-1
63	40	Lp
63	41	Lp
63	42	L
63	43	L
63	44	Lp
63	45	-1
63	46	Lp
63	47	Lp
63	48	Lp
63	49	Lp
63	50	Lp
63	51	Lp
63	52	-1
63	53	Lp
63	54	Lp
63	55	Lp
63	56	L
63	57	Lp
63	58	-1
63	59	U
63	60	Lp
63	61	L
63	62	Lp
63	63	L
63	64	L
63	65	L
63	66	L
63	67	Lp
63	68	Lp
63	69	U
63	70	L
63	71	L
63	72	L
63	73	-1
63	74	-1
63	75	Lp
63	76	Lp
63	77	Lp
63	78	U
63	79	L
63	80	L
63	81	-1
63	82	-1
63	83	-1
63	84	Lp
63	85	Lp
63	86	-1
63	87	L
63	88	-1
63	89	-1
63	90	Lp
63	91	Lp
63	92	Lp
63	93	L
63	94	L
63	95	L
63	96	-1
63	97	L
63	98	L
63	99	-1
63	100	L
63	101	L
63	102	-1
63	103	L
63	104	-1
63	105	U
63	106	L
63	107	-1
63	108	L
63	109	L
63	110	-1
63	111	L
63	112	L
63	113	-1
63	114	L
63	115	L
63	116	L
63	117	-1
63	118	L
63	119	Lp
64	0	L
64	1	L
64	2	L
64	3	L
64	4	-1
64	5	L
64	6	L
64	7	-1
64	8	L
64	9	L
64	10	Lp
64	11	L
64	12	-1
64	13	Lp
64	14	Lp
64	15	Lp
64	16	-1
64	17	Lp
64	18	Lp
64	19	-1
64	20	Lp
64	21	Lp
64	22	Lp
64	23	Lp
64	24	Lp
64	25	Lp
64	26	Lp
64	27	Lp
64	28	-1
64	29	Lp
64	30	Lp
64	31	Lp
64	32	-1
64	33	Lp
64	34	-1
64	35	Lp
64	36	Lp
64	37	-1
64	38	Lp
64	39	-1
64	40	Lp
64	41	-1
64	42	Lp
64	43	Lp
64	44	Lp
64	45	Lp
64	46	Lp
64	47	Lp
64	48	L
64	49	L
64	50	Lp
64	51	-1
64	52	Lp
64	53	Lp
64	54	Lp
64	55	L
64	56	Lp
64	57	L
64	58	U
64	59	L
64	60	L
64	61	-1
64	62	L
64	63	L
64	64	Lp
64	65	L
64	66	L
64	67	L
64	68	L
64	69	L
64	70	L
64	71	L
64	72	L
64	73	-1
64	74	Lp
64	75	Lp
64	76	Lp
64	77	Lp
64	78	Lp
64	79	L
64	80	L
64	81	L
64	82	Lp
64	83	Lp
64	84	-1
64	85	Lp
64	86	Lp
64	87	-1
64	88	L
64	89	-1
64	90	L
64	91	L
64	92	-1
64	93	Lp
64	94	L
64	95	L
64	96	L
64	97	Lp
64	98	Lp
64	99	-1
64	100	L
64	101	-1
64	102	-1
64	103	-1
64	104	-1
64	105	U
64	106	L
64	107	L
64	108	-1
64	109	L
64	110	L
64	111	L
64	112	L
64	113	-1
64	114	L
64	115	-1
64	116	-1
64	117	-1
64	118	-1
64	119	L
65	0	L
65	1	L
65	2	L
65	3	L
65	4	-1
65	5	L
65	6	L
65	7	L
65	8	Lp
65	9	-1
65	10	Lp
65	11	L
65	12	Lp
65	13	Lp
65	14	-1
65	15	Lp
65	16	Lp
65	17	-1
65	18	-1
65	19	L
65	20	Lp
65	21	Lp
65	22	-1
65	23	Lp
65	24	Lp
65	25	Lp
65	26	Lp
65	27	Lp
65	28	Lp
65	29	Lp
65	30	Lp
65	31	Lp
65	32	Lp
65	33	Lp
65	34	Lp
65	35	Lp
65	36	Lp
65	37	Lp
65	38	Lp
65	39	Lp
65	40	Lp
65	41	Lp
65	42	Lp
65	43	Lp
65	44	Lp
65	45	Lp
65	46	-1
65	47	Lp
65	48	-1
65	49	-1
65	50	-1
65	51	-1
65	52	Lp
65	53	-1
65	54	-1
65	55	L
65	56	L
65	57	L
65	58	L
65	59	L
65	60	L
65	61	L
65	62	L
65	63	Lp
65	64	L
65	65	Lp
65	66	L
65	67	L
65	68	L
65	69	L
65	70	L
65	71	L
65	72	L
65	73	Lp
65	74	L
65	75	Lp
65	76	Lp
65	77	Lp
65	78	Lp
65	79	L
65	80	Lp
65	81	Lp
65	82	-1
65	83	-1
65	84	-1
65	85	-1
65	86	Lp
65	87	L
65	88	L
65	89	L
65	90	Lp
65	91	-1
65	92	L
65	93	-1
65	94	Lp
65	95	L
65	96	Lp
65	97	Lp
65	98	-1
65	99	Lp
65	100	Lp
65	101	L
65	102	Lp
65	103	-1
65	104	U
65	105	U
65	106	U
65	107	L
65	108	-1
65	109	U
65	110	-1
65	111	L
65	112	L
65	113	L
65	114	L
65	115	-1
65	116	L
65	117	L
65	118	L
65	119	-1
66	0	L
66	1	L
66	2	L
66	3	L
66	4	L
66	5	L
66	6	-1
66	7	Lp
66	8	Lp
66	9	-1
66	10	Lp
66	11	L
66	12	Lp
66	13	L
66	14	Lp
66	15	Lp
66	16	-1
66	17	-1
66	18	L
66	19	Lp
66	20	Lp
66	21	Lp
66	22	Lp
66	23	Lp
66	24	Lp
66	25	Lp
66	26	L
66	27	Lp
66	28	-1
66	29	Lp
66	30	Lp
66	31	Lp
66	32	L
66	33	Lp
66	34	Lp
66	35	Lp
66	36	Lp
66	37	Lp
66	38	Lp
66	39	Lp
66	40	Lp
66	41	Lp
66	42	Lp
66	43	Lp
66	44	Lp
66	45	Lp
66	46	U
66	47	-1
66	48	Lp
66	49	L
66	50	L
66	51	L
66	52	Lp
66	53	Lp
66	54	L
66	55	L
66	56	L
66	57	L
66	58	L
66	59	L
66	60	L
66	61	L
66	62	Lp
66	63	Lp
66	64	Lp
66	65	L
66	66	L
66	67	L
66	68	-1
66	69	L
66	70	L
66	71	L
66	72	Lp
66	73	Lp
66	74	Lp
66	75	L
66	76	Lp
66	77	Lp
66	78	Lp
66	79	Lp
66	80	-1
66	81	Lp
66	82	Lp
66	83	-1
66	84	Lp
66	85	Lp
66	86	L
66	87	L
66	88	L
66	89	L
66	90	L
66	91	-1
66	92	L
66	93	-1
66	94	L
66	95	-1
66	96	Lp
66	97	-1
66	98	Lp
66	99	Lp
66	100	U
66	101	-1
66	102	Lp
66	103	L
66	104	L
66	105	U
66	106	U
66	107	-1
66	108	U
66	109	L
66	110	-1
66	111	L
66	112	L
66	113	L
66	114	U
66	115	L
66	116	L
66	117	L
66	118	L
66	119	L
67	0	L
67	1	-1
67	2	L
67	3	L
67	4	L
67	5	L
67	6	L
67	7	L
67	8	Lp
67	9	-1
67	10	Lp
67	11	Lp
67	12	Lp
67	13	Lp
67	14	L
67	15	Lp
67	16	Lp
67	17	L
67	18	-1
67	19	L
67	20	L
67	21	Lp
67	22	-1
67	23	Lp
67	24	-1
67	25	-1
67	26	L
67	27	-1
67	28	L
67	29	-1
67	30	Lp
67	31	Lp
67	32	Lp
67	33	Lp
67	34	Lp
67	35	Lp
67	36	Lp
67	37	Lp
67	38	-1
67	39	Lp
67	40	-1
67	41	Lp
67	42	Lp
67	43	-1
67	44	-1
67	45	Lp
67	46	L
67	47	-1
67	48	-1
67	49	Lp
67	50	L
67	51	-1
67	52	L
67	53	Lp
67	54	L
67	55	L
67	56	L
67	57	-1
67	58	L
67	59	-1
67	60	-1
67	61	L
67	62	Lp
67	63	-1
67	64	Lp
67	65	Lp
67	66	L
67	67	L
67	68	-1
67	69	L
67	70	L
67	71	-1
67	72	L
67	73	-1
67	74	Lp
67	75	Lp
67	76	Lp
67	77	-1
67	78	-1
67	79	Lp
67	80	-1
67	81	Lp
67	82	L
67	83	Lp
67	84	L
67	85	Lp
67	86	L
67	87	L
67	88	L
67	89	L
67	90	L
67	91	L
67	92	-1
67	93	L
67	94	-1
67	95	-1
67	96	Lp
67	97	Lp
67	98	Lp
67	99	-1
67	100	Lp
67	101	U
67	102	Lp
67	103	Lp
67	104	L
67	105	-1
67	106	U
67	107	L
67	108	U
67	109	L
67	110	L
67	111	-1
67	112	L
67	113	-1
67	114	L
67	115	L
67	116	L
67	117	L
67	118	L
67	119	L
68	0	L
68	1	L
68	2	L
68	3	L
68	4	-1
68	5	L
68	6	Lp
68	7	Lp
68	8	Lp
68	9	L
68	10	Lp
68	11	Lp
68	12	Lp
68	13	Lp
68	14	Lp
68	15	L
68	16	Lp
68	17	L
68	18	Lp
68	19	L
68	20	L
68	21	-1
68	22	L
68	23	Lp
68	24	L
68	25	L
68	26	L
68	27	L
68	28	L
68	29	Lp
68	30	Lp
68	31	-1
68	32	-1
68	33	Lp
68	34	L
68	35	Lp
68	36	U
68	37	Lp
68	38	Lp
68	39	Lp
68	40	Lp
68	41	Lp
68	42	Lp
68	43	-1
68	44	Lp
68	45	-1
68	46	L
68	47	L
68	48	Lp
68	49	Lp
68	50	L
68	51	L
68	52	L
68	53	L
68	54	L
68	55	L
68	56	L
68	57	-1
68	58	L
68	59	L
68	60	L
68	61	L
68	62	Lp
68	63	Lp
68	64	L
68	65	L
68	66	L
68	67	L
68	68	L
68	69	L
68	70	L
68	71	L
68	72	L
68	73	L
68	74	Lp
68	75	Lp
68	76	Lp
68	77	-1
68	78	L
68	79	Lp
68	80	Lp
68	81	Lp
68	82	L
68	83	L
68	84	Lp
68	85	-1
68	86	-1
68	87	L
68	88	-1
68	89	-1
68	90	L
68	91	L
68	92	L
68	93	L
68	94	Lp
68	95	-1
68	96	Lp
68	97	Lp
68	98	Lp
68	99	Lp
68	100	U
68	101	-1
68	102	Lp
68	103	Lp
68	104	-1
68	105	L
68	106	U
68	107	Lp
68	108	L
68	109	L
68	110	L
68	111	-1
68	112	U
68	113	L
68	114	L
68	115	L
68	116	L
68	117	L
68	118	L
68	119	-1
69	0	L
69	1	-1
69	2	L
69	3	-1
69	4	-1
69	5	-1
69	6	-1
69	7	L
69	8	Lp
69	9	Lp
69	10	-1
69	11	Lp
69	12	Lp
69	13	Lp
69	14	Lp
69	15	Lp
69	16	Lp
69	17	U
69	18	Lp
69	19	L
69	20	-1
69	21	L
69	22	L
69	23	L
69	24	L
69	25	L
69	26	-1
69	27	L
69	28	L
69	29	Lp
69	30	Lp
69	31	Lp
69	32	Lp
69	33	Lp
69	34	-1
69	35	L
69	36	L
69	37	Lp
69	38	Lp
69	39	-1
69	40	Lp
69	41	Lp
69	42	Lp
69	43	Lp
69	44	L
69	45	-1
69	46	L
69	47	Lp
69	48	L
69	49	L
69	50	L
69	51	L
69	52	L
69	53	L
69	54	L
69	55	L
69	56	L
69	57	-1
69	58	L
69	59	L
69	60	-1
69	61	-1
69	62	L
69	63	L
69	64	Lp
69	65	-1
69	66	-1
69	67	L
69	68	L
69	69	-1
69	70	L
69	71	L
69	72	L
69	73	L
69	74	-1
69	75	Lp
69	76	Lp
69	77	L
69	78	L
69	79	Lp
69	80	L
69	81	U
69	82	Lp
69	83	L
69	84	L
69	85	U
69	86	L
69	87	-1
69	88	-1
69	89	Lp
69	90	L
69	91	L
69	92	L
69	93	L
69	94	L
69	95	Lp
69	96	-1
69	97	Lp
69	98	Lp
69	99	U
69	100	U
69	101	Lp
69	102	-1
69	103	Lp
69	104	U
69	105	U
69	106	-1
69	107	-1
69	108	L
69	109	L
69	110	-1
69	111	L
69	112	-1
69	113	L
69	114	-1
69	115	L
69	116	-1
69	117	L
69	118	L
69	119	L
70	0	L
70	1	L
70	2	-1
70	3	U
70	4	U
70	5	L
70	6	L
70	7	L
70	8	L
70	9	L
70	10	-1
70	11	L
70	12	Lp
70	13	Lp
70	14	Lp
70	15	Lp
70	16	-1
70	17	U
70	18	-1
70	19	U
70	20	U
70	21	L
70	22	L
70	23	L
70	24	L
70	25	L
70	26	-1
70	27	L
70	28	L
70	29	Lp
70	30	Lp
70	31	-1
70	32	U
70	33	Lp
70	34	Lp
70	35	L
70	36	-1
70	37	U
70	38	Lp
70	39	Lp
70	40	Lp
70	41	Lp
70	42	Lp
70	43	Lp
70	44	L
70	45	-1
70	46	Lp
70	47	Lp
70	48	L
70	49	L
70	50	L
70	51	L
70	52	L
70	53	-1
70	54	L
70	55	L
70	56	Lp
70	57	L
70	58	Lp
70	59	Lp
70	60	Lp
70	61	Lp
70	62	Lp
70	63	L
70	64	L
70	65	L
70	66	L
70	67	L
70	68	L
70	69	L
70	70	L
70	71	-1
70	72	L
70	73	L
70	74	-1
70	75	L
70	76	L
70	77	U
70	78	L
70	79	L
70	80	L
70	81	-1
70	82	Lp
70	83	Lp
70	84	-1
70	85	U
70	86	U
70	87	Lp
70	88	-1
70	89	-1
70	90	Lp
70	91	Lp
70	92	-1
70	93	Lp
70	94	Lp
70	95	Lp
70	96	Lp
70	97	Lp
70	98	Lp
70	99	Lp
70	100	Lp
70	101	-1
70	102	-1
70	103	U
70	104	Lp
70	105	-1
70	106	-1
70	107	Lp
70	108	L
70	109	-1
70	110	L
70	111	L
70	112	L
70	113	L
70	114	L
70	115	L
70	116	L
70	117	L
70	118	L
70	119	L
71	0	L
71	1	L
71	2	L
71	3	Lp
71	4	Lp
71	5	L
71	6	-1
71	7	Lp
71	8	Lp
71	9	-1
71	10	L
71	11	-1
71	12	L
71	13	L
71	14	L
71	15	Lp
71	16	L
71	17	L
71	18	U
71	19	Lp
71	20	-1
71	21	L
71	22	L
71	23	L
71	24	L
71	25	L
71	26	L
71	27	L
71	28	-1
71	29	-1
71	30	-1
71	31	U
71	32	L
71	33	L
71	34	Lp
71	35	L
71	36	L
71	37	-1
71	38	Lp
71	39	Lp
71	40	Lp
71	41	Lp
71	42	Lp
71	43	Lp
71	44	L
71	45	L
71	46	-1
71	47	L
71	48	L
71	49	L
71	50	L
71	51	L
71	52	L
71	53	L
71	54	L
71	55	L
71	56	L
71	57	Lp
71	58	Lp
71	59	Lp
71	60	-1
71	61	Lp
71	62	Lp
71	63	Lp
71	64	Lp
71	65	L
71	66	L
71	67	-1
71	68	-1
71	69	Lp
71	70	L
71	71	-1
71	72	L
71	73	L
71	74	L
71	75	L
71	76	-1
71	77	L
71	78	L
71	79	L
71	80	L
71	81	Lp
71	82	-1
71	83	-1
71	84	-1
71	85	L
71	86	Lp
71	87	-1
71	88	L
71	89	Lp
71	90	Lp
71	91	-1
71	92	Lp
71	93	-1
71	94	-1
71	95	Lp
71	96	Lp
71	97	-1
71	98	Lp
71	99	Lp
71	100	Lp
71	101	-1
71	102	U
71	103	Lp
71	104	-1
71	105	-1
71	106	Lp
71	107	L
71	108	L
71	109	L
71	110	L
71	111	-1
71	112	L
71	113	L
71	114	L
71	115	L
71	116	-1
71	117	L
71	118	L
71	119	L
72	0	L
72	1	-1
72	2	L
72	3	L
72	4	Lp
72	5	Lp
72	6	L
72	7	L
72	8	Lp
72	9	L
72	10	U
72	11	L
72	12	L
72	13	L
72	14	L
72	15	Lp
72	16	Lp
72	17	L
72	18	L
72	19	L
72	20	-1
72	21	L
72	22	-1
72	23	-1
72	24	L
72	25	L
72	26	L
72	27	-1
72	28	L
72	29	Lp
72	30	Lp
72	31	Lp
72	32	L
72	33	L
72	34	-1
72	35	Lp
72	36	-1
72	37	-1
72	38	L
72	39	-1
72	40	-1
72	41	Lp
72	42	Lp
72	43	Lp
72	44	-1
72	45	L
72	46	-1
72	47	L
72	48	L
72	49	L
72	50	L
72	51	L
72	52	-1
72	53	U
72	54	L
72	55	L
72	56	L
72	57	Lp
72	58	Lp
72	59	Lp
72	60	-1
72	61	Lp
72	62	Lp
72	63	Lp
72	64	Lp
72	65	Lp
72	66	Lp
72	67	-1
72	68	Lp
72	69	Lp
72	70	L
72	71	L
72	72	Lp
72	73	L
72	74	L
72	75	L
72	76	L
72	77	L
72	78	-1
72	79	L
72	80	Lp
72	81	Lp
72	82	Lp
72	83	Lp
72	84	L
72	85	L
72	86	L
72	87	-1
72	88	-1
72	89	L
72	90	Lp
72	91	Lp
72	92	Lp
72	93	Lp
72	94	Lp
72	95	Lp
72	96	Lp
72	97	-1
72	98	Lp
72	99	Lp
72	100	-1
72	101	-1
72	102	-1
72	103	-1
72	104	Lp
72	105	Lp
72	106	-1
72	107	-1
72	108	-1
72	109	-1
72	110	L
72	111	-1
72	112	L
72	113	L
72	114	L
72	115	L
72	116	-1
72	117	L
72	118	-1
72	119	L
73	0	L
73	1	L
73	2	L
73	3	L
73	4	L
73	5	Lp
73	6	L
73	7	Lp
73	8	Lp
73	9	Lp
73	10	Lp
73	11	L
73	12	-1
73	13	L
73	14	L
73	15	L
73	16	-1
73	17	Lp
73	18	-1
73	19	-1
73	20	L
73	21	-1
73	22	L
73	23	L
73	24	L
73	25	L
73	26	L
73	27	L
73	28	L
73	29	-1
73	30	Lp
73	31	L
73	32	Lp
73	33	U
73	34	L
73	35	-1
73	36	-1
73	37	L
73	38	Lp
73	39	L
73	40	Lp
73	41	Lp
73	42	-1
73	43	Lp
73	44	L
73	45	-1
73	46	L
73	47	L
73	48	-1
73	49	L
73	50	L
73	51	L
73	52	L
73	53	-1
73	54	L
73	55	L
73	56	L
73	57	-1
73	58	Lp
73	59	-1
73	60	Lp
73	61	Lp
73	62	-1
73	63	Lp
73	64	Lp
73	65	-1
73	66	Lp
73	67	Lp
73	68	Lp
73	69	-1
73	70	-1
73	71	L
73	72	Lp
73	73	-1
73	74	L
73	75	L
73	76	L
73	77	L
73	78	L
73	79	L
73	80	Lp
73	81	Lp
73	82	Lp
73	83	Lp
73	84	Lp
73	85	L
73	86	-1
73	87	L
73	88	Lp
73	89	-1
73	90	Lp
73	91	Lp
73	92	Lp
73	93	Lp
73	94	-1
73	95	Lp
73	96	Lp
73	97	Lp
73	98	-1
73	99	-1
73	100	-1
73	101	-1
73	102	-1
73	103	-1
73	104	-1
73	105	-1
73	106	L
73	107	L
73	108	L
73	109	-1
73	110	L
73	111	U
73	112	-1
73	113	L
73	114	L
73	115	-1
73	116	L
73	117	L
73	118	L
73	119	L
74	0	L
74	1	-1
74	2	L
74	3	L
74	4	L
74	5	Lp
74	6	Lp
74	7	L
74	8	Lp
74	9	L
74	10	-1
74	11	L
74	12	L
74	13	L
74	14	-1
74	15	Lp
74	16	L
74	17	L
74	18	L
74	19	L
74	20	L
74	21	L
74	22	L
74	23	L
74	24	L
74	25	-1
74	26	L
74	27	L
74	28	L
74	29	Lp
74	30	Lp
74	31	L
74	32	Lp
74	33	Lp
74	34	Lp
74	35	L
74	36	Lp
74	37	L
74	38	L
74	39	-1
74	40	Lp
74	41	Lp
74	42	-1
74	43	-1
74	44	-1
74	45	L
74	46	L
74	47	L
74	48	-1
74	49	L
74	50	L
74	51	L
74	52	L
74	53	L
74	54	-1
74	55	L
74	56	L
74	57	Lp
74	58	Lp
74	59	-1
74	60	Lp
74	61	Lp
74	62	Lp
74	63	Lp
74	64	U
74	65	Lp
74	66	Lp
74	67	-1
74	68	Lp
74	69	L
74	70	L
74	71	Lp
74	72	-1
74	73	L
74	74	Lp
74	75	L
74	76	L
74	77	L
74	78	L
74	79	Lp
74	80	-1
74	81	-1
74	82	Lp
74	83	-1
74	84	L
74	85	Lp
74	86	Lp
74	87	-1
74	88	Lp
74	89	Lp
74	90	-1
74	91	Lp
74	92	Lp
74	93	Lp
74	94	-1
74	95	Lp
74	96	-1
74	97	Lp
74	98	Lp
74	99	-1
74	100	-1
74	101	Lp
74	102	Lp
74	103	Lp
74	104	L
74	105	L
74	106	L
74	107	L
74	108	L
74	109	L
74	110	L
74	111	-1
74	112	-1
74	113	L
74	114	L
74	115	L
74	116	-1
74	117	-1
74	118	L
74	119	-1
75	0	L
75	1	L
75	2	Lp
75	3	-1
75	4	Lp
75	5	Lp
75	6	-1
75	7	L
75	8	L
75	9	L
75	10	L
75	11	L
75	12	-1
75	13	L
75	14	Lp
75	15	-1
75	16	L
75	17	L
75	18	L
75	19	L
75	20	L
75	21	L
75	22	L
75	23	L
75	24	L
75	25	-1
75	26	L
75	27	L
75	28	L
75	29	Lp
75	30	-1
75	31	Lp
75	32	Lp
75	33	Lp
75	34	Lp
75	35	Lp
75	36	-1
75	37	-1
75	38	L
75	39	Lp
75	40	-1
75	41	L
75	42	Lp
75	43	L
75	44	L
75	45	L
75	46	U
75	47	-1
75	48	-1
75	49	L
75	50	L
75	51	L
75	52	-1
75	53	L
75	54	Lp
75	55	-1
75	56	Lp
75	57	Lp
75	58	Lp
75	59	-1
75	60	Lp
75	61	Lp
75	62	Lp
75	63	Lp
75	64	Lp
75	65	Lp
75	66	Lp
75	67	-1
75	68	Lp
75	69	Lp
75	70	Lp
75	71	Lp
75	72	Lp
75	73	Lp
75	74	Lp
75	75	Lp
75	76	Lp
75	77	L
75	78	L
75	79	-1
75	80	Lp
75	81	L
75	82	-1
75	83	Lp
75	84	Lp
75	85	Lp
75	86	Lp
75	87	-1
75	88	Lp
75	89	Lp
75	90	Lp
75	91	Lp
75	92	Lp
75	93	Lp
75	94	Lp
75	95	Lp
75	96	Lp
75	97	Lp
75	98	Lp
75	99	-1
75	100	-1
75	101	Lp
75	102	Lp
75	103	Lp
75	104	L
75	105	L
75	106	-1
75	107	L
75	108	-1
75	109	L
75	110	-1
75	111	L
75	112	L
75	113	L
75	114	L
75	115	L
75	116	-1
75	117	-1
75	118	L
75	119	L
76	0	L
76	1	-1
76	2	-1
76	3	Lp
76	4	Lp
76	5	-1
76	6	L
76	7	L
76	8	-1
76	9	L
76	10	L
76	11	-1
76	12	L
76	13	L
76	14	Lp
76	15	Lp
76	16	-1
76	17	L
76	18	-1
76	19	Lp
76	20	L
76	21	Lp
76	22	Lp
76	23	L
76	24	L
76	25	L
76	26	L
76	27	Lp
76	28	-1
76	29	Lp
76	30	L
76	31	-1
76	32	-1
76	33	U
76	34	U
76	35	Lp
76	36	Lp
76	37	Lp
76	38	Lp
76	39	Lp
76	40	L
76	41	Lp
76	42	-1
76	43	L
76	44	L
76	45	-1
76	46	L
76	47	U
76	48	U
76	49	L
76	50	L
76	51	L
76	52	L
76	53	L
76	54	Lp
76	55	Lp
76	56	L
76	57	Lp
76	58	Lp
76	59	Lp
76	60	Lp
76	61	Lp
76	62	Lp
76	63	Lp
76	64	Lp
76	65	Lp
76	66	Lp
76	67	Lp
76	68	Lp
76	69	Lp
76	70	-1
76	71	Lp
76	72	Lp
76	73	Lp
76	74	Lp
76	75	-1
76	76	-1
76	77	L
76	78	-1
76	79	-1
76	80	-1
76	81	-1
76	82	Lp
76	83	Lp
76	84	Lp
76	85	Lp
76	86	-1
76	87	Lp
76	88	Lp
76	89	-1
76	90	U
76	91	Lp
76	92	Lp
76	93	-1
76	94	Lp
76	95	Lp
76	96	Lp
76	97	Lp
76	98	Lp
76	99	Lp
76	100	-1
76	101	Lp
76	102	Lp
76	103	Lp
76	104	-1
76	105	Lp
76	106	-1
76	107	L
76	108	-1
76	109	-1
76	110	-1
76	111	L
76	112	L
76	113	L
76	114	L
76	115	L
76	116	L
76	117	L
76	118	L
76	119	L
77	0	Lp
77	1	Lp
77	2	Lp
77	3	-1
77	4	Lp
77	5	-1
77	6	L
77	7	L
77	8	L
77	9	-1
77	10	L
77	11	L
77	12	-1
77	13	-1
77	14	L
77	15	-1
77	16	L
77	17	L
77	18	L
77	19	-1
77	20	-1
77	21	Lp
77	22	Lp
77	23	Lp
77	24	L
77	25	L
77	26	-1
77	27	Lp
77	28	Lp
77	29	Lp
77	30	L
77	31	L
77	32	Lp
77	33	Lp
77	34	Lp
77	35	Lp
77	36	Lp
77	37	Lp
77	38	Lp
77	39	Lp
77	40	-1
77	41	-1
77	42	Lp
77	43	U
77	44	L
77	45	-1
77	46	U
77	47	U
77	48	U
77	49	U
77	50	-1
77	51	-1
77	52	L
77	53	L
77	54	L
77	55	Lp
77	56	Lp
77	57	Lp
77	58	Lp
77	59	Lp
77	60	L
77	61	L
77	62	L
77	63	-1
77	64	L
77	65	Lp
77	66	-1
77	67	Lp
77	68	Lp
77	69	-1
77	70	U
77	71	Lp
77	72	Lp
77	73	-1
77	74	Lp
77	75	Lp
77	76	Lp
77	77	-1
77	78	Lp
77	79	L
77	80	-1
77	81	Lp
77	82	-1
77	83	-1
77	84	Lp
77	85	Lp
77	86	Lp
77	87	-1
77	88	-1
77	89	Lp
77	90	Lp
77	91	Lp
77	92	-1
77	93	Lp
77	94	Lp
77	95	-1
77	96	-1
77	97	Lp
77	98	Lp
77	99	-1
77	100	Lp
77	101	Lp
77	102	-1
77	103	Lp
77	104	L
77	105	Lp
77	106	-1
77	107	L
77	108	L
77	109	L
77	110	L
77	111	L
77	112	L
77	113	L
77	114	-1
77	115	-1
77	116	L
77	117	L
77	118	L
77	119	Lp
78	0	Lp
78	1	Lp
78	2	-1
78	3	Lp
78	4	Lp
78	5	-1
78	6	-1
78	7	-1
78	8	L
78	9	L
78	10	L
78	11	L
78	12	L
78	13	L
78	14	L
78	15	L
78	16	L
78	17	-1
78	18	L
78	19	L
78	20	Lp
78	21	Lp
78	22	L
78	23	Lp
78	24	Lp
78	25	Lp
78	26	-1
78	27	-1
78	28	Lp
78	29	Lp
78	30	Lp
78	31	-1
78	32	Lp
78	33	Lp
78	34	-1
78	35	Lp
78	36	Lp
78	37	Lp
78	38	L
78	39	L
78	40	L
78	41	Lp
78	42	L
78	43	-1
78	44	-1
78	45	-1
78	46	-1
78	47	U
78	48	U
78	49	L
78	50	L
78	51	L
78	52	U
78	53	-1
78	54	L
78	55	L
78	56	Lp
78	57	-1
78	58	Lp
78	59	Lp
78	60	Lp
78	61	L
78	62	-1
78	63	L
78	64	L
78	65	Lp
78	66	Lp
78	67	Lp
78	68	U
78	69	Lp
78	70	-1
78	71	Lp
78	72	Lp
78	73	Lp
78	74	-1
78	75	-1
78	76	-1
78	77	Lp
78	78	L
78	79	Lp
78	80	Lp
78	81	Lp
78	82	Lp
78	83	Lp
78	84	Lp
78	85	-1
78	86	Lp
78	87	-1
78	88	Lp
78	89	Lp
78	90	Lp
78	91	-1
78	92	Lp
78	93	-1
78	94	Lp
78	95	Lp
78	96	Lp
78	97	-1
78	98	Lp
78	99	Lp
78	100	Lp
78	101	Lp
78	102	Lp
78	103	Lp
78	104	L
78	105	L
78	106	L
78	107	L
78	108	L
78	109	L
78	110	L
78	111	L
78	112	U
78	113	L
78	114	U
78	115	L
78	116	-1
78	117	L
78	118	-1
78	119	L
79	0	Lp
79	1	Lp
79	2	Lp
79	3	-1
79	4	Lp
79	5	Lp
79	6	Lp
79	7	-1
79	8	L
79	9	-1
79	10	L
79	11	L
79	12	L
79	13	L
79	14	L
79	15	-1
79	16	L
79	17	U
79	18	-1
79	19	L
79	20	L
79	21	Lp
79	22	L
79	23	L
79	24	Lp
79	25	Lp
79	26	Lp
79	27	-1
79	28	Lp
79	29	Lp
79	30	Lp
79	31	Lp
79	32	-1
79	33	-1
79	34	Lp
79	35	Lp
79	36	Lp
79	37	Lp
79	38	U
79	39	U
79	40	-1
79	41	L
79	42	L
79	43	-1
79	44	L
79	45	L
79	46	L
79	47	L
79	48	Lp
79	49	Lp
79	50	-1
79	51	L
79	52	U
79	53	L
79	54	L
79	55	L
79	56	Lp
79	57	-1
79	58	Lp
79	59	Lp
79	60	Lp
79	61	L
79	62	-1
79	63	L
79	64	-1
79	65	L
79	66	L
79	67	Lp
79	68	U
79	69	-1
79	70	Lp
79	71	Lp
79	72	L
79	73	Lp
79	74	L
79	75	L
79	76	L
79	77	Lp
79	78	Lp
79	79	Lp
79	80	Lp
79	81	-1
79	82	Lp
79	83	Lp
79	84	Lp
79	85	Lp
79	86	-1
79	87	-1
79	88	Lp
79	89	Lp
79	90	Lp
79	91	Lp
79	92	Lp
79	93	Lp
79	94	Lp
79	95	Lp
79	96	Lp
79	97	-1
79	98	Lp
79	99	Lp
79	100	Lp
79	101	Lp
79	102	Lp
79	103	L
79	104	Lp
79	105	-1
79	106	L
79	107	L
79	108	-1
79	109	L
79	110	L
79	111	U
79	112	-1
79	113	U
79	114	-1
79	115	L
79	116	L
79	117	L
79	118	L
79	119	-1
80	0	-1
80	1	Lp
80	2	Lp
80	3	Lp
80	4	-1
80	5	L
80	6	L
80	7	L
80	8	-1
80	9	L
80	10	-1
80	11	-1
80	12	L
80	13	L
80	14	L
80	15	L
80	16	L
80	17	L
80	18	L
80	19	L
80	20	-1
80	21	L
80	22	L
80	23	L
80	24	L
80	25	-1
80	26	-1
80	27	Lp
80	28	-1
80	29	Lp
80	30	Lp
80	31	Lp
80	32	Lp
80	33	Lp
80	34	Lp
80	35	-1
80	36	Lp
80	37	Lp
80	38	Lp
80	39	-1
80	40	-1
80	41	-1
80	42	-1
80	43	-1
80	44	L
80	45	L
80	46	L
80	47	L
80	48	L
80	49	Lp
80	50	Lp
80	51	Lp
80	52	U
80	53	U
80	54	L
80	55	L
80	56	L
80	57	Lp
80	58	-1
80	59	Lp
80	60	Lp
80	61	L
80	62	L
80	63	L
80	64	Lp
80	65	-1
80	66	Lp
80	67	-1
80	68	U
80	69	U
80	70	Lp
80	71	Lp
80	72	Lp
80	73	L
80	74	L
80	75	Lp
80	76	Lp
80	77	Lp
80	78	Lp
80	79	U
80	80	U
80	81	-1
80	82	Lp
80	83	-1
80	84	Lp
80	85	Lp
80	86	Lp
80	87	Lp
80	88	Lp
80	89	Lp
80	90	-1
80	91	Lp
80	92	Lp
80	93	-1
80	94	Lp
80	95	Lp
80	96	Lp
80	97	-1
80	98	U
80	99	Lp
80	100	-1
80	101	Lp
80	102	Lp
80	103	Lp
80	104	L
80	105	L
80	106	L
80	107	L
80	108	-1
80	109	L
80	110	L
80	111	L
80	112	L
80	113	-1
80	114	L
80	115	L
80	116	L
80	117	-1
80	118	Lp
80	119	-1
81	0	L
81	1	L
81	2	-1
81	3	-1
81	4	Lp
81	5	L
81	6	L
81	7	-1
81	8	L
81	9	-1
81	10	L
81	11	L
81	12	L
81	13	L
81	14	Lp
81	15	L
81	16	-1
81	17	-1
81	18	L
81	19	-1
81	20	Lp
81	21	L
81	22	L
81	23	-1
81	24	Lp
81	25	-1
81	26	-1
81	27	Lp
81	28	Lp
81	29	Lp
81	30	Lp
81	31	-1
81	32	Lp
81	33	Lp
81	34	Lp
81	35	U
81	36	U
81	37	-1
81	38	L
81	39	-1
81	40	U
81	41	Lp
81	42	Lp
81	43	Lp
81	44	Lp
81	45	-1
81	46	L
81	47	Lp
81	48	-1
81	49	Lp
81	50	-1
81	51	U
81	52	-1
81	53	U
81	54	L
81	55	-1
81	56	L
81	57	L
81	58	Lp
81	59	L
81	60	-1
81	61	L
81	62	-1
81	63	L
81	64	Lp
81	65	Lp
81	66	L
81	67	-1
81	68	U
81	69	Lp
81	70	Lp
81	71	Lp
81	72	Lp
81	73	L
81	74	Lp
81	75	L
81	76	L
81	77	L
81	78	Lp
81	79	U
81	80	U
81	81	-1
81	82	Lp
81	83	Lp
81	84	Lp
81	85	Lp
81	86	Lp
81	87	-1
81	88	Lp
81	89	Lp
81	90	Lp
81	91	Lp
81	92	Lp
81	93	Lp
81	94	Lp
81	95	Lp
81	96	Lp
81	97	Lp
81	98	-1
81	99	-1
81	100	Lp
81	101	Lp
81	102	Lp
81	103	L
81	104	L
81	105	L
81	106	L
81	107	L
81	108	-1
81	109	L
81	110	L
81	111	L
81	112	L
81	113	-1
81	114	L
81	115	L
81	116	L
81	117	-1
81	118	L
81	119	-1
82	0	L
82	1	L
82	2	Lp
82	3	L
82	4	L
82	5	L
82	6	-1
82	7	L
82	8	L
82	9	L
82	10	L
82	11	L
82	12	L
82	13	L
82	14	L
82	15	Lp
82	16	L
82	17	L
82	18	-1
82	19	Lp
82	20	L
82	21	L
82	22	L
82	23	-1
82	24	Lp
82	25	-1
82	26	L
82	27	L
82	28	Lp
82	29	-1
82	30	-1
82	31	Lp
82	32	Lp
82	33	Lp
82	34	U
82	35	Lp
82	36	Lp
82	37	U
82	38	-1
82	39	-1
82	40	Lp
82	41	-1
82	42	Lp
82	43	Lp
82	44	Lp
82	45	L
82	46	L
82	47	Lp
82	48	L
82	49	-1
82	50	Lp
82	51	Lp
82	52	Lp
82	53	-1
82	54	-1
82	55	Lp
82	56	Lp
82	57	Lp
82	58	L
82	59	-1
82	60	-1
82	61	L
82	62	-1
82	63	-1
82	64	Lp
82	65	-1
82	66	Lp
82	67	Lp
82	68	Lp
82	69	-1
82	70	Lp
82	71	Lp
82	72	-1
82	73	L
82	74	L
82	75	Lp
82	76	-1
82	77	-1
82	78	Lp
82	79	Lp
82	80	U
82	81	Lp
82	82	Lp
82	83	Lp
82	84	Lp
82	85	Lp
82	86	Lp
82	87	Lp
82	88	Lp
82	89	Lp
82	90	-1
82	91	-1
82	92	-1
82	93	-1
82	94	-1
82	95	Lp
82	96	Lp
82	97	-1
82	98	Lp
82	99	Lp
82	100	L
82	101	Lp
82	102	-1
82	103	-1
82	104	L
82	105	L
82	106	L
82	107	L
82	108	L
82	109	-1
82	110	L
82	111	L
82	112	-1
82	113	L
82	114	L
82	115	L
82	116	L
82	117	-1
82	118	-1
82	119	L
83	0	L
83	1	L
83	2	-1
83	3	-1
83	4	L
83	5	L
83	6	L
83	7	-1
83	8	U
83	9	L
83	10	L
83	11	L
83	12	L
83	13	L
83	14	-1
83	15	L
83	16	Lp
83	17	Lp
83	18	Lp
83	19	Lp
83	20	L
83	21	L
83	22	L
83	23	L
83	24	Lp
83	25	Lp
83	26	-1
83	27	L
83	28	Lp
83	29	-1
83	30	-1
83	31	Lp
83	32	Lp
83	33	U
83	34	U
83	35	Lp
83	36	U
83	37	Lp
83	38	Lp
83	39	Lp
83	40	U
83	41	-1
83	42	Lp
83	43	Lp
83	44	U
83	45	L
83	46	L
83	47	-1
83	48	Lp
83	49	Lp
83	50	Lp
83	51	Lp
83	52	L
83	53	L
83	54	L
83	55	U
83	56	Lp
83	57	L
83	58	L
83	59	-1
83	60	L
83	61	L
83	62	L
83	63	L
83	64	L
83	65	Lp
83	66	-1
83	67	-1
83	68	Lp
83	69	-1
83	70	Lp
83	71	L
83	72	Lp
83	73	L
83	74	Lp
83	75	Lp
83	76	Lp
83	77	-1
83	78	U
83	79	U
83	80	U
83	81	-1
83	82	U
83	83	Lp
83	84	Lp
83	85	Lp
83	86	Lp
83	87	Lp
83	88	Lp
83	89	-1
83	90	Lp
83	91	Lp
83	92	-1
83	93	Lp
83	94	-1
83	95	Lp
83	96	-1
83	97	Lp
83	98	Lp
83	99	-1
83	100	Lp
83	101	Lp
83	102	L
83	103	L
83	104	L
83	105	-1
83	106	-1
83	107	-1
83	108	-1
83	109	-1
83	110	L
83	111	L
83	112	L
83	113	L
83	114	L
83	115	L
83	116	L
83	117	-1
83	118	U
83	119	U
84	0	U
84	1	L
84	2	L
84	3	-1
84	4	L
84	5	L
84	6	L
84	7	-1
84	8	L
84	9	-1
84	10	L
84	11	L
84	12	L
84	13	-1
84	14	-1
84	15	-1
84	16	Lp
84	17	-1
84	18	Lp
84	19	Lp
84	20	Lp
84	21	L
84	22	L
84	23	-1
84	24	-1
84	25	-1
84	26	Lp
84	27	Lp
84	28	-1
84	29	Lp
84	30	Lp
84	31	Lp
84	32	Lp
84	33	Lp
84	34	Lp
84	35	Lp
84	36	-1
84	37	-1
84	38	U
84	39	Lp
84	40	Lp
84	41	U
84	42	U
84	43	Lp
84	44	Lp
84	45	-1
84	46	-1
84	47	-1
84	48	-1
84	49	Lp
84	50	Lp
84	51	L
84	52	-1
84	53	L
84	54	U
84	55	Lp
84	56	-1
84	57	-1
84	58	L
84	59	L
84	60	L
84	61	-1
84	62	-1
84	63	Lp
84	64	Lp
84	65	Lp
84	66	-1
84	67	Lp
84	68	Lp
84	69	Lp
84	70	Lp
84	71	L
84	72	Lp
84	73	L
84	74	Lp
84	75	Lp
84	76	U
84	77	Lp
84	78	-1
84	79	-1
84	80	U
84	81	U
84	82	U
84	83	U
84	84	U
84	85	Lp
84	86	Lp
84	87	Lp
84	88	Lp
84	89	Lp
84	90	-1
84	91	Lp
84	92	-1
84	93	Lp
84	94	Lp
84	95	-1
84	96	Lp
84	97	Lp
84	98	Lp
84	99	Lp
84	100	-1
84	101	L
84	102	L
84	103	L
84	104	L
84	105	L
84	106	-1
84	107	L
84	108	L
84	109	-1
84	110	L
84	111	L
84	112	L
84	113	-1
84	114	-1
84	115	L
84	116	L
84	117	U
84	118	-1
84	119	Lp
85	0	U
85	1	L
85	2	L
85	3	Lp
85	4	-1
85	5	L
85	6	L
85	7	L
85	8	-1
85	9	L
85	10	-1
85	11	-1
85	12	-1
85	13	L
85	14	L
85	15	Lp
85	16	Lp
85	17	Lp
85	18	Lp
85	19	Lp
85	20	-1
85	21	L
85	22	L
85	23	Lp
85	24	Lp
85	25	-1
85	26	Lp
85	27	Lp
85	28	Lp
85	29	Lp
85	30	-1
85	31	Lp
85	32	Lp
85	33	Lp
85	34	L
85	35	-1
85	36	-1
85	37	U
85	38	-1
85	39	Lp
85	40	U
85	41	L
85	42	L
85	43	-1
85	44	U
85	45	-1
85	46	Lp
85	47	-1
85	48	Lp
85	49	Lp
85	50	Lp
85	51	L
85	52	L
85	53	U
85	54	U
85	55	L
85	56	U
85	57	U
85	58	L
85	59	L
85	60	L
85	61	L
85	62	L
85	63	L
85	64	Lp
85	65	Lp
85	66	-1
85	67	Lp
85	68	Lp
85	69	Lp
85	70	L
85	71	L
85	72	Lp
85	73	-1
85	74	-1
85	75	-1
85	76	U
85	77	Lp
85	78	U
85	79	U
85	80	U
85	81	U
85	82	Lp
85	83	U
85	84	U
85	85	Lp
85	86	Lp
85	87	Lp
85	88	Lp
85	89	Lp
85	90	-1
85	91	Lp
85	92	Lp
85	93	Lp
85	94	Lp
85	95	L
85	96	Lp
85	97	Lp
85	98	Lp
85	99	Lp
85	100	-1
85	101	-1
85	102	L
85	103	L
85	104	L
85	105	L
85	106	-1
85	107	L
85	108	L
85	109	L
85	110	L
85	111	L
85	112	L
85	113	L
85	114	-1
85	115	L
85	116	L
85	117	L
85	118	Lp
85	119	Lp
86	0	-1
86	1	U
86	2	Lp
86	3	Lp
86	4	Lp
86	5	L
86	6	L
86	7	L
86	8	L
86	9	-1
86	10	L
86	11	-1
86	12	L
86	13	L
86	14	L
86	15	L
86	16	-1
86	17	Lp
86	18	Lp
86	19	Lp
86	20	-1
86	21	L
86	22	Lp
86	23	Lp
86	24	Lp
86	25	-1
86	26	Lp
86	27	-1
86	28	Lp
86	29	Lp
86	30	Lp
86	31	Lp
86	32	Lp
86	33	Lp
86	34	L
86	35	L
86	36	Lp
86	37	U
86	38	Lp
86	39	-1
86	40	L
86	41	L
86	42	U
86	43	U
86	44	L
86	45	Lp
86	46	U
86	47	-1
86	48	Lp
86	49	L
86	50	L
86	51	Lp
86	52	L
86	53	L
86	54	Lp
86	55	L
86	56	U
86	57	-1
86	58	U
86	59	-1
86	60	U
86	61	L
86	62	Lp
86	63	-1
86	64	Lp
86	65	-1
86	66	Lp
86	67	Lp
86	68	Lp
86	69	L
86	70	Lp
86	71	L
86	72	Lp
86	73	Lp
86	74	Lp
86	75	Lp
86	76	Lp
86	77	U
86	78	Lp
86	79	U
86	80	Lp
86	81	Lp
86	82	U
86	83	U
86	84	Lp
86	85	U
86	86	Lp
86	87	Lp
86	88	Lp
86	89	-1
86	90	Lp
86	91	Lp
86	92	Lp
86	93	Lp
86	94	-1
86	95	L
86	96	Lp
86	97	Lp
86	98	Lp
86	99	-1
86	100	Lp
86	101	L
86	102	L
86	103	L
86	104	L
86	105	L
86	106	L
86	107	L
86	108	L
86	109	L
86	110	L
86	111	L
86	112	L
86	113	L
86	114	-1
86	115	L
86	116	-1
86	117	-1
86	118	-1
86	119	-1
87	0	Lp
87	1	Lp
87	2	Lp
87	3	-1
87	4	-1
87	5	L
87	6	L
87	7	-1
87	8	L
87	9	L
87	10	L
87	11	-1
87	12	L
87	13	L
87	14	-1
87	15	Lp
87	16	Lp
87	17	-1
87	18	Lp
87	19	Lp
87	20	Lp
87	21	Lp
87	22	Lp
87	23	Lp
87	24	Lp
87	25	Lp
87	26	-1
87	27	-1
87	28	Lp
87	29	Lp
87	30	Lp
87	31	Lp
87	32	Lp
87	33	L
87	34	-1
87	35	L
87	36	Lp
87	37	-1
87	38	Lp
87	39	L
87	40	L
87	41	-1
87	42	U
87	43	-1
87	44	L
87	45	L
87	46	-1
87	47	Lp
87	48	Lp
87	49	Lp
87	50	Lp
87	51	Lp
87	52	Lp
87	53	Lp
87	54	L
87	55	L
87	56	L
87	57	U
87	58	U
87	59	-1
87	60	L
87	61	-1
87	62	Lp
87	63	Lp
87	64	Lp
87	65	Lp
87	66	Lp
87	67	L
87	68	Lp
87	69	L
87	70	L
87	71	L
87	72	-1
87	73	Lp
87	74	Lp
87	75	Lp
87	76	Lp
87	77	Lp
87	78	Lp
87	79	U
87	80	U
87	81	Lp
87	82	U
87	83	Lp
87	84	U
87	85	-1
87	86	U
87	87	Lp
87	88	Lp
87	89	-1
87	90	-1
87	91	-1
87	92	L
87	93	L
87	94	-1
87	95	U
87	96	Lp
87	97	L
87	98	L
87	99	-1
87	100	L
87	101	-1
87	102	L
87	103	L
87	104	L
87	105	L
87	106	-1
87	107	L
87	108	L
87	109	-1
87	110	-1
87	111	L
87	112	-1
87	113	L
87	114	-1
87	115	L
87	116	-1
87	117	L
87	118	L
87	119	Lp
88	0	Lp
88	1	Lp
88	2	Lp
88	3	Lp
88	4	Lp
88	5	Lp
88	6	Lp
88	7	Lp
88	8	L
88	9	Lp
88	10	L
88	11	L
88	12	Lp
88	13	L
88	14	Lp
88	15	L
88	16	-1
88	17	Lp
88	18	Lp
88	19	Lp
88	20	Lp
88	21	Lp
88	22	-1
88	23	-1
88	24	Lp
88	25	-1
88	26	Lp
88	27	U
88	28	-1
88	29	-1
88	30	L
88	31	Lp
88	32	L
88	33	-1
88	34	-1
88	35	-1
88	36	L
88	37	L
88	38	-1
88	39	L
88	40	L
88	41	-1
88	42	L
88	43	-1
88	44	-1
88	45	U
88	46	-1
88	47	-1
88	48	Lp
88	49	Lp
88	50	Lp
88	51	Lp
88	52	L
88	53	L
88	54	L
88	55	-1
88	56	U
88	57	U
88	58	-1
88	59	L
88	60	Lp
88	61	-1
88	62	Lp
88	63	Lp
88	64	Lp
88	65	Lp
88	66	L
88	67	Lp
88	68	L
88	69	-1
88	70	L
88	71	Lp
88	72	Lp
88	73	-1
88	74	Lp
88	75	Lp
88	76	Lp
88	77	Lp
88	78	Lp
88	79	L
88	80	U
88	81	L
88	82	L
88	83	L
88	84	Lp
88	85	Lp
88	86	-1
88	87	Lp
88	88	Lp
88	89	Lp
88	90	Lp
88	91	Lp
88	92	-1
88	93	Lp
88	94	L
88	95	L
88	96	Lp
88	97	Lp
88	98	U
88	99	U
88	100	L
88	101	L
88	102	Lp
88	103	-1
88	104	-1
88	105	-1
88	106	-1
88	107	L
88	108	L
88	109	L
88	110	L
88	111	-1
88	112	L
88	113	U
88	114	L
88	115	L
88	116	-1
88	117	L
88	118	L
88	119	Lp
89	0	-1
89	1	Lp
89	2	Lp
89	3	Lp
89	4	Lp
89	5	-1
89	6	Lp
89	7	Lp
89	8	-1
89	9	L
89	10	-1
89	11	-1
89	12	L
89	13	L
89	14	L
89	15	L
89	16	Lp
89	17	Lp
89	18	Lp
89	19	Lp
89	20	-1
89	21	Lp
89	22	-1
89	23	-1
89	24	-1
89	25	Lp
89	26	-1
89	27	Lp
89	28	Lp
89	29	U
89	30	L
89	31	Lp
89	32	L
89	33	L
89	34	L
89	35	L
89	36	L
89	37	U
89	38	L
89	39	L
89	40	L
89	41	L
89	42	L
89	43	L
89	44	L
89	45	U
89	46	U
89	47	L
89	48	Lp
89	49	L
89	50	Lp
89	51	Lp
89	52	Lp
89	53	L
89	54	U
89	55	-1
89	56	U
89	57	U
89	58	L
89	59	-1
89	60	Lp
89	61	-1
89	62	Lp
89	63	Lp
89	64	Lp
89	65	Lp
89	66	-1
89	67	Lp
89	68	-1
89	69	-1
89	70	L
89	71	L
89	72	Lp
89	73	Lp
89	74	-1
89	75	-1
89	76	-1
89	77	-1
89	78	L
89	79	Lp
89	80	Lp
89	81	L
89	82	L
89	83	L
89	84	L
89	85	-1
89	86	Lp
89	87	Lp
89	88	Lp
89	89	Lp
89	90	Lp
89	91	Lp
89	92	Lp
89	93	-1
89	94	-1
89	95	L
89	96	Lp
89	97	-1
89	98	Lp
89	99	U
89	100	L
89	101	U
89	102	U
89	103	U
89	104	L
89	105	L
89	106	L
89	107	L
89	108	L
89	109	L
89	110	L
89	111	L
89	112	-1
89	113	L
89	114	U
89	115	L
89	116	-1
89	117	L
89	118	Lp
89	119	Lp
90	0	Lp
90	1	-1
90	2	Lp
90	3	Lp
90	4	Lp
90	5	Lp
90	6	Lp
90	7	Lp
90	8	Lp
90	9	Lp
90	10	-1
90	11	L
90	12	L
90	13	L
90	14	L
90	15	Lp
90	16	Lp
90	17	Lp
90	18	Lp
90	19	Lp
90	20	Lp
90	21	Lp
90	22	Lp
90	23	-1
90	24	L
90	25	L
90	26	-1
90	27	Lp
90	28	Lp
90	29	Lp
90	30	L
90	31	-1
90	32	L
90	33	-1
90	34	-1
90	35	L
90	36	U
90	37	U
90	38	L
90	39	L
90	40	-1
90	41	L
90	42	L
90	43	L
90	44	L
90	45	L
90	46	L
90	47	L
90	48	L
90	49	Lp
90	50	Lp
90	51	Lp
90	52	Lp
90	53	-1
90	54	Lp
90	55	-1
90	56	Lp
90	57	U
90	58	-1
90	59	Lp
90	60	Lp
90	61	-1
90	62	L
90	63	Lp
90	64	L
90	65	Lp
90	66	Lp
90	67	-1
90	68	Lp
90	69	L
90	70	L
90	71	Lp
90	72	Lp
90	73	Lp
90	74	Lp
90	75	Lp
90	76	Lp
90	77	L
90	78	Lp
90	79	Lp
90	80	-1
90	81	Lp
90	82	Lp
90	83	Lp
90	84	Lp
90	85	Lp
90	86	Lp
90	87	Lp
90	88	Lp
90	89	Lp
90	90	Lp
90	91	L
90	92	Lp
90	93	Lp
90	94	L
90	95	-1
90	96	Lp
90	97	-1
90	98	U
90	99	-1
90	100	U
90	101	U
90	102	L
90	103	U
90	104	L
90	105	L
90	106	L
90	107	L
90	108	-1
90	109	L
90	110	L
90	111	L
90	112	-1
90	113	-1
90	114	U
90	115	L
90	116	L
90	117	L
90	118	Lp
90	119	Lp
91	0	Lp
91	1	Lp
91	2	-1
91	3	Lp
91	4	Lp
91	5	Lp
91	6	-1
91	7	-1
91	8	Lp
91	9	Lp
91	10	-1
91	11	L
91	12	Lp
91	13	-1
91	14	L
91	15	L
91	16	Lp
91	17	Lp
91	18	Lp
91	19	Lp
91	20	Lp
91	21	-1
91	22	Lp
91	23	Lp
91	24	Lp
91	25	L
91	26	L
91	27	Lp
91	28	Lp
91	29	-1
91	30	U
91	31	L
91	32	U
91	33	L
91	34	L
91	35	-1
91	36	L
91	37	-1
91	38	U
91	39	L
91	40	-1
91	41	L
91	42	L
91	43	L
91	44	L
91	45	Lp
91	46	L
91	47	L
91	48	L
91	49	-1
91	50	Lp
91	51	Lp
91	52	Lp
91	53	Lp
91	54	-1
91	55	Lp
91	56	L
91	57	L
91	58	L
91	59	-1
91	60	L
91	61	Lp
91	62	-1
91	63	-1
91	64	L
91	65	Lp
91	66	Lp
91	67	Lp
91	68	Lp
91	69	Lp
91	70	Lp
91	71	Lp
91	72	-1
91	73	Lp
91	74	Lp
91	75	-1
91	76	Lp
91	77	Lp
91	78	Lp
91	79	Lp
91	80	Lp
91	81	Lp
91	82	U
91	83	Lp
91	84	Lp
91	85	Lp
91	86	-1
91	87	Lp
91	88	Lp
91	89	Lp
91	90	-1
91	91	Lp
91	92	Lp
91	93	L
91	94	L
91	95	Lp
91	96	Lp
91	97	-1
91	98	L
91	99	L
91	100	L
91	101	L
91	102	-1
91	103	L
91	104	-1
91	105	L
91	106	-1
91	107	L
91	108	L
91	109	-1
91	110	L
91	111	Lp
91	112	L
91	113	L
91	114	L
91	115	L
91	116	L
91	117	L
91	118	Lp
91	119	Lp
92	0	-1
92	1	Lp
92	2	Lp
92	3	-1
92	4	Lp
92	5	-1
92	6	Lp
92	7	Lp
92	8	Lp
92	9	Lp
92	10	Lp
92	11	Lp
92	12	Lp
92	13	L
92	14	L
92	15	L
92	16	L
92	17	Lp
92	18	Lp
92	19	Lp
92	20	-1
92	21	Lp
92	22	Lp
92	23	Lp
92	24	Lp
92	25	L
92	26	Lp
92	27	Lp
92	28	Lp
92	29	Lp
92	30	U
92	31	L
92	32	L
92	33	U
92	34	L
92	35	L
92	36	L
92	37	L
92	38	U
92	39	U
92	40	L
92	41	L
92	42	Lp
92	43	-1
92	44	L
92	45	-1
92	46	L
92	47	L
92	48	Lp
92	49	-1
92	50	Lp
92	51	-1
92	52	Lp
92	53	-1
92	54	Lp
92	55	Lp
92	56	L
92	57	L
92	58	L
92	59	Lp
92	60	Lp
92	61	U
92	62	U
92	63	Lp
92	64	Lp
92	65	L
92	66	L
92	67	-1
92	68	Lp
92	69	Lp
92	70	Lp
92	71	-1
92	72	Lp
92	73	-1
92	74	Lp
92	75	Lp
92	76	Lp
92	77	-1
92	78	Lp
92	79	-1
92	80	Lp
92	81	-1
92	82	-1
92	83	Lp
92	84	Lp
92	85	Lp
92	86	Lp
92	87	-1
92	88	Lp
92	89	-1
92	90	U
92	91	U
92	92	Lp
92	93	Lp
92	94	Lp
92	95	Lp
92	96	Lp
92	97	L
92	98	Lp
92	99	L
92	100	-1
92	101	-1
92	102	L
92	103	L
92	104	L
92	105	-1
92	106	L
92	107	L
92	108	L
92	109	L
92	110	L
92	111	L
92	112	Lp
92	113	L
92	114	L
92	115	L
92	116	L
92	117	Lp
92	118	Lp
92	119	Lp
93	0	-1
93	1	Lp
93	2	Lp
93	3	Lp
93	4	Lp
93	5	-1
93	6	-1
93	7	L
93	8	-1
93	9	Lp
93	10	Lp
93	11	Lp
93	12	Lp
93	13	L
93	14	L
93	15	L
93	16	Lp
93	17	Lp
93	18	Lp
93	19	Lp
93	20	-1
93	21	Lp
93	22	Lp
93	23	U
93	24	Lp
93	25	Lp
93	26	Lp
93	27	Lp
93	28	Lp
93	29	Lp
93	30	L
93	31	L
93	32	U
93	33	L
93	34	L
93	35	U
93	36	L
93	37	L
93	38	L
93	39	U
93	40	L
93	41	L
93	42	Lp
93	43	L
93	44	Lp
93	45	-1
93	46	-1
93	47	Lp
93	48	L
93	49	Lp
93	50	Lp
93	51	Lp
93	52	Lp
93	53	Lp
93	54	-1
93	55	Lp
93	56	U
93	57	Lp
93	58	Lp
93	59	Lp
93	60	Lp
93	61	U
93	62	-1
93	63	L
93	64	L
93	65	-1
93	66	Lp
93	67	-1
93	68	Lp
93	69	Lp
93	70	Lp
93	71	Lp
93	72	Lp
93	73	Lp
93	74	Lp
93	75	Lp
93	76	U
93	77	Lp
93	78	Lp
93	79	Lp
93	80	Lp
93	81	-1
93	82	-1
93	83	Lp
93	84	-1
93	85	Lp
93	86	Lp
93	87	Lp
93	88	-1
93	89	-1
93	90	-1
93	91	-1
93	92	Lp
93	93	Lp
93	94	-1
93	95	Lp
93	96	Lp
93	97	L
93	98	-1
93	99	-1
93	100	L
93	101	-1
93	102	L
93	103	L
93	104	L
93	105	L
93	106	L
93	107	-1
93	108	L
93	109	L
93	110	L
93	111	L
93	112	Lp
93	113	Lp
93	114	-1
93	115	-1
93	116	Lp
93	117	L
93	118	Lp
93	119	Lp
94	0	Lp
94	1	Lp
94	2	Lp
94	3	Lp
94	4	-1
94	5	L
94	6	-1
94	7	L
94	8	Lp
94	9	Lp
94	10	Lp
94	11	Lp
94	12	-1
94	13	Lp
94	14	Lp
94	15	Lp
94	16	Lp
94	17	Lp
94	18	Lp
94	19	Lp
94	20	Lp
94	21	Lp
94	22	Lp
94	23	Lp
94	24	Lp
94	25	Lp
94	26	Lp
94	27	Lp
94	28	-1
94	29	Lp
94	30	-1
94	31	L
94	32	L
94	33	U
94	34	L
94	35	L
94	36	L
94	37	-1
94	38	L
94	39	L
94	40	L
94	41	-1
94	42	L
94	43	Lp
94	44	L
94	45	Lp
94	46	Lp
94	47	-1
94	48	Lp
94	49	Lp
94	50	Lp
94	51	Lp
94	52	Lp
94	53	Lp
94	54	-1
94	55	U
94	56	U
94	57	U
94	58	Lp
94	59	-1
94	60	-1
94	61	Lp
94	62	Lp
94	63	L
94	64	Lp
94	65	L
94	66	Lp
94	67	Lp
94	68	-1
94	69	Lp
94	70	Lp
94	71	Lp
94	72	Lp
94	73	Lp
94	74	U
94	75	-1
94	76	-1
94	77	-1
94	78	Lp
94	79	-1
94	80	Lp
94	81	Lp
94	82	Lp
94	83	Lp
94	84	Lp
94	85	-1
94	86	Lp
94	87	Lp
94	88	Lp
94	89	Lp
94	90	-1
94	91	Lp
94	92	-1
94	93	Lp
94	94	Lp
94	95	Lp
94	96	-1
94	97	L
94	98	L
94	99	L
94	100	L
94	101	-1
94	102	L
94	103	L
94	104	L
94	105	-1
94	106	-1
94	107	L
94	108	-1
94	109	-1
94	110	L
94	111	L
94	112	Lp
94	113	Lp
94	114	Lp
94	115	Lp
94	116	Lp
94	117	-1
94	118	-1
94	119	Lp
95	0	-1
95	1	Lp
95	2	-1
95	3	Lp
95	4	-1
95	5	Lp
95	6	Lp
95	7	Lp
95	8	Lp
95	9	-1
95	10	Lp
95	11	Lp
95	12	Lp
95	13	-1
95	14	Lp
95	15	-1
95	16	Lp
95	17	L
95	18	L
95	19	-1
95	20	-1
95	21	Lp
95	22	-1
95	23	Lp
95	24	Lp
95	25	L
95	26	Lp
95	27	Lp
95	28	Lp
95	29	L
95	30	L
95	31	L
95	32	L
95	33	L
95	34	L
95	35	-1
95	36	L
95	37	-1
95	38	L
95	39	L
95	40	Lp
95	41	L
95	42	L
95	43	Lp
95	44	Lp
95	45	-1
95	46	Lp
95	47	Lp
95	48	Lp
95	49	Lp
95	50	L
95	51	Lp
95	52	Lp
95	53	U
95	54	-1
95	55	U
95	56	U
95	57	U
95	58	-1
95	59	-1
95	60	-1
95	61	-1
95	62	Lp
95	63	L
95	64	L
95	65	Lp
95	66	Lp
95	67	Lp
95	68	Lp
95	69	L
95	70	-1
95	71	Lp
95	72	Lp
95	73	Lp
95	74	-1
95	75	U
95	76	U
95	77	Lp
95	78	-1
95	79	Lp
95	80	Lp
95	81	-1
95	82	-1
95	83	Lp
95	84	-1
95	85	Lp
95	86	Lp
95	87	Lp
95	88	Lp
95	89	Lp
95	90	Lp
95	91	Lp
95	92	-1
95	93	-1
95	94	-1
95	95	Lp
95	96	Lp
95	97	-1
95	98	L
95	99	L
95	100	-1
95	101	-1
95	102	-1
95	103	L
95	104	L
95	105	L
95	106	L
95	107	L
95	108	L
95	109	-1
95	110	-1
95	111	L
95	112	L
95	113	-1
95	114	Lp
95	115	Lp
95	116	Lp
95	117	Lp
95	118	Lp
95	119	-1
96	0	-1
96	1	L
96	2	Lp
96	3	-1
96	4	-1
96	5	Lp
96	6	Lp
96	7	Lp
96	8	Lp
96	9	Lp
96	10	Lp
96	11	Lp
96	12	Lp
96	13	-1
96	14	Lp
96	15	Lp
96	16	Lp
96	17	Lp
96	18	L
96	19	Lp
96	20	-1
96	21	Lp
96	22	L
96	23	L
96	24	Lp
96	25	-1
96	26	L
96	27	-1
96	28	-1
96	29	L
96	30	L
96	31	-1
96	32	L
96	33	-1
96	34	L
96	35	L
96	36	L
96	37	L
96	38	L
96	39	L
96	40	L
96	41	U
96	42	L
96	43	Lp
96	44	Lp
96	45	Lp
96	46	Lp
96	47	Lp
96	48	Lp
96	49	Lp
96	50	-1
96	51	-1
96	52	-1
96	53	U
96	54	U
96	55	L
96	56	U
96	57	U
96	58	-1
96	59	U
96	60	-1
96	61	U
96	62	Lp
96	63	Lp
96	64	Lp
96	65	Lp
96	66	-1
96	67	Lp
96	68	-1
96	69	-1
96	70	Lp
96	71	Lp
96	72	Lp
96	73	Lp
96	74	Lp
96	75	U
96	76	-1
96	77	Lp
96	78	Lp
96	79	-1
96	80	Lp
96	81	Lp
96	82	Lp
96	83	Lp
96	84	-1
96	85	Lp
96	86	Lp
96	87	Lp
96	88	Lp
96	89	-1
96	90	Lp
96	91	Lp
96	92	Lp
96	93	-1
96	94	U
96	95	Lp
96	96	L
96	97	L
96	98	-1
96	99	Lp
96	100	L
96	101	L
96	102	L
96	103	L
96	104	-1
96	105	L
96	106	L
96	107	Lp
96	108	L
96	109	L
96	110	Lp
96	111	Lp
96	112	Lp
96	113	Lp
96	114	Lp
96	115	Lp
96	116	Lp
96	117	Lp
96	118	Lp
96	119	Lp
97	0	L
97	1	Lp
97	2	Lp
97	3	Lp
97	4	-1
97	5	Lp
97	6	Lp
97	7	Lp
97	8	-1
97	9	Lp
97	10	Lp
97	11	-1
97	12	Lp
97	13	-1
97	14	Lp
97	15	Lp
97	16	Lp
97	17	Lp
97	18	Lp
97	19	L
97	20	Lp
97	21	L
97	22	-1
97	23	Lp
97	24	-1
97	25	L
97	26	L
97	27	L
97	28	-1
97	29	L
97	30	L
97	31	L
97	32	-1
97	33	L
97	34	U
97	35	L
97	36	L
97	37	-1
97	38	L
97	39	L
97	40	L
97	41	L
97	42	L
97	43	-1
97	44	Lp
97	45	-1
97	46	Lp
97	47	Lp
97	48	Lp
97	49	Lp
97	50	Lp
97	51	Lp
97	52	L
97	53	Lp
97	54	-1
97	55	L
97	56	U
97	57	U
97	58	U
97	59	U
97	60	U
97	61	-1
97	62	L
97	63	L
97	64	Lp
97	65	Lp
97	66	L
97	67	Lp
97	68	Lp
97	69	Lp
97	70	-1
97	71	Lp
97	72	Lp
97	73	Lp
97	74	Lp
97	75	-1
97	76	Lp
97	77	Lp
97	78	Lp
97	79	-1
97	80	Lp
97	81	L
97	82	Lp
97	83	Lp
97	84	Lp
97	85	Lp
97	86	Lp
97	87	Lp
97	88	Lp
97	89	Lp
97	90	Lp
97	91	Lp
97	92	L
97	93	Lp
97	94	-1
97	95	Lp
97	96	-1
97	97	Lp
97	98	Lp
97	99	Lp
97	100	L
97	101	L
97	102	L
97	103	L
97	104	-1
97	105	Lp
97	106	U
97	107	-1
97	108	Lp
97	109	L
97	110	Lp
97	111	U
97	112	Lp
97	113	Lp
97	114	L
97	115	Lp
97	116	Lp
97	117	-1
97	118	-1
97	119	Lp
98	0	Lp
98	1	Lp
98	2	-1
98	3	Lp
98	4	Lp
98	5	Lp
98	6	-1
98	7	Lp
98	8	Lp
98	9	-1
98	10	Lp
98	11	Lp
98	12	Lp
98	13	Lp
98	14	-1
98	15	Lp
98	16	Lp
98	17	Lp
98	18	L
98	19	L
98	20	-1
98	21	L
98	22	Lp
98	23	L
98	24	-1
98	25	Lp
98	26	L
98	27	-1
98	28	-1
98	29	L
98	30	L
98	31	L
98	32	-1
98	33	L
98	34	U
98	35	U
98	36	L
98	37	-1
98	38	-1
98	39	L
98	40	L
98	41	-1
98	42	Lp
98	43	Lp
98	44	Lp
98	45	-1
98	46	-1
98	47	Lp
98	48	-1
98	49	-1
98	50	Lp
98	51	L
98	52	Lp
98	53	-1
98	54	Lp
98	55	-1
98	56	Lp
98	57	-1
98	58	U
98	59	U
98	60	Lp
98	61	L
98	62	L
98	63	Lp
98	64	Lp
98	65	Lp
98	66	U
98	67	-1
98	68	L
98	69	Lp
98	70	Lp
98	71	Lp
98	72	Lp
98	73	Lp
98	74	Lp
98	75	Lp
98	76	Lp
98	77	Lp
98	78	-1
98	79	Lp
98	80	-1
98	81	L
98	82	L
98	83	Lp
98	84	-1
98	85	Lp
98	86	Lp
98	87	-1
98	88	Lp
98	89	Lp
98	90	-1
98	91	L
98	92	Lp
98	93	-1
98	94	L
98	95	L
98	96	Lp
98	97	Lp
98	98	Lp
98	99	Lp
98	100	-1
98	101	L
98	102	L
98	103	L
98	104	U
98	105	Lp
98	106	U
98	107	U
98	108	Lp
98	109	L
98	110	L
98	111	L
98	112	Lp
98	113	L
98	114	L
98	115	L
98	116	-1
98	117	Lp
98	118	-1
98	119	Lp
99	0	-1
99	1	Lp
99	2	Lp
99	3	Lp
99	4	-1
99	5	-1
99	6	-1
99	7	Lp
99	8	-1
99	9	Lp
99	10	Lp
99	11	Lp
99	12	Lp
99	13	Lp
99	14	Lp
99	15	-1
99	16	Lp
99	17	U
99	18	L
99	19	L
99	20	U
99	21	L
99	22	-1
99	23	L
99	24	Lp
99	25	-1
99	26	L
99	27	L
99	28	L
99	29	L
99	30	L
99	31	L
99	32	L
99	33	-1
99	34	U
99	35	-1
99	36	L
99	37	-1
99	38	-1
99	39	-1
99	40	-1
99	41	Lp
99	42	Lp
99	43	Lp
99	44	Lp
99	45	-1
99	46	Lp
99	47	Lp
99	48	Lp
99	49	L
99	50	-1
99	51	Lp
99	52	Lp
99	53	Lp
99	54	L
99	55	-1
99	56	Lp
99	57	U
99	58	U
99	59	-1
99	60	Lp
99	61	L
99	62	L
99	63	L
99	64	Lp
99	65	U
99	66	U
99	67	-1
99	68	L
99	69	Lp
99	70	Lp
99	71	Lp
99	72	-1
99	73	Lp
99	74	Lp
99	75	Lp
99	76	Lp
99	77	Lp
99	78	Lp
99	79	Lp
99	80	L
99	81	L
99	82	L
99	83	Lp
99	84	Lp
99	85	Lp
99	86	Lp
99	87	Lp
99	88	Lp
99	89	Lp
99	90	-1
99	91	Lp
99	92	L
99	93	-1
99	94	L
99	95	L
99	96	L
99	97	-1
99	98	-1
99	99	Lp
99	100	Lp
99	101	U
99	102	U
99	103	-1
99	104	U
99	105	Lp
99	106	Lp
99	107	U
99	108	-1
99	109	Lp
99	110	-1
99	111	-1
99	112	L
99	113	Lp
99	114	Lp
99	115	Lp
99	116	Lp
99	117	Lp
99	118	-1
99	119	Lp
100	0	Lp
100	1	Lp
100	2	-1
100	3	Lp
100	4	-1
100	5	Lp
100	6	Lp
100	7	Lp
100	8	-1
100	9	-1
100	10	Lp
100	11	Lp
100	12	Lp
100	13	Lp
100	14	-1
100	15	Lp
100	16	-1
100	17	Lp
100	18	U
100	19	U
100	20	U
100	21	L
100	22	Lp
100	23	L
100	24	L
100	25	L
100	26	-1
100	27	L
100	28	-1
100	29	L
100	30	L
100	31	L
100	32	L
100	33	-1
100	34	L
100	35	L
100	36	L
100	37	-1
100	38	-1
100	39	Lp
100	40	Lp
100	41	Lp
100	42	Lp
100	43	-1
100	44	-1
100	45	Lp
100	46	Lp
100	47	Lp
100	48	Lp
100	49	U
100	50	Lp
100	51	Lp
100	52	Lp
100	53	L
100	54	L
100	55	L
100	56	Lp
100	57	Lp
100	58	Lp
100	59	L
100	60	L
100	61	Lp
100	62	L
100	63	-1
100	64	-1
100	65	U
100	66	-1
100	67	U
100	68	U
100	69	L
100	70	-1
100	71	-1
100	72	Lp
100	73	Lp
100	74	Lp
100	75	-1
100	76	L
100	77	-1
100	78	Lp
100	79	Lp
100	80	-1
100	81	L
100	82	L
100	83	Lp
100	84	-1
100	85	-1
100	86	-1
100	87	Lp
100	88	Lp
100	89	Lp
100	90	Lp
100	91	Lp
100	92	L
100	93	L
100	94	L
100	95	L
100	96	Lp
100	97	L
100	98	Lp
100	99	Lp
100	100	-1
100	101	U
100	102	-1
100	103	Lp
100	104	U
100	105	U
100	106	Lp
100	107	Lp
100	108	Lp
100	109	Lp
100	110	Lp
100	111	Lp
100	112	Lp
100	113	Lp
100	114	Lp
100	115	Lp
100	116	Lp
100	117	-1
100	118	Lp
100	119	Lp
101	0	Lp
101	1	Lp
101	2	Lp
101	3	Lp
101	4	Lp
101	5	-1
101	6	Lp
101	7	U
101	8	Lp
101	9	Lp
101	10	Lp
101	11	Lp
101	12	Lp
101	13	Lp
101	14	Lp
101	15	-1
101	16	Lp
101	17	U
101	18	U
101	19	L
101	20	-1
101	21	L
101	22	U
101	23	L
101	24	L
101	25	L
101	26	L
101	27	L
101	28	L
101	29	U
101	30	U
101	31	L
101	32	L
101	33	L
101	34	L
101	35	L
101	36	L
101	37	-1
101	38	L
101	39	-1
101	40	Lp
101	41	Lp
101	42	Lp
101	43	-1
101	44	L
101	45	-1
101	46	Lp
101	47	Lp
101	48	-1
101	49	Lp
101	50	Lp
101	51	-1
101	52	-1
101	53	-1
101	54	L
101	55	-1
101	56	Lp
101	57	-1
101	58	L
101	59	Lp
101	60	-1
101	61	L
101	62	Lp
101	63	U
101	64	U
101	65	U
101	66	L
101	67	U
101	68	L
101	69	-1
101	70	L
101	71	Lp
101	72	Lp
101	73	Lp
101	74	Lp
101	75	Lp
101	76	Lp
101	77	Lp
101	78	Lp
101	79	L
101	80	L
101	81	Lp
101	82	L
101	83	Lp
101	84	-1
101	85	Lp
101	86	-1
101	87	Lp
101	88	Lp
101	89	Lp
101	90	-1
101	91	Lp
101	92	-1
101	93	Lp
101	94	Lp
101	95	L
101	96	-1
101	97	Lp
101	98	Lp
101	99	Lp
101	100	U
101	101	Lp
101	102	Lp
101	103	-1
101	104	L
101	105	-1
101	106	U
101	107	Lp
101	108	-1
101	109	Lp
101	110	Lp
101	111	Lp
101	112	Lp
101	113	Lp
101	114	Lp
101	115	Lp
101	116	Lp
101	117	Lp
101	118	Lp
101	119	L
102	0	L
102	1	-1
102	2	Lp
102	3	-1
102	4	Lp
102	5	-1
102	6	Lp
102	7	Lp
102	8	Lp
102	9	-1
102	10	Lp
102	11	Lp
102	12	Lp
102	13	-1
102	14	Lp
102	15	Lp
102	16	-1
102	17	U
102	18	U
102	19	-1
102	20	L
102	21	-1
102	22	L
102	23	L
102	24	L
102	25	L
102	26	L
102	27	-1
102	28	U
102	29	U
102	30	-1
102	31	U
102	32	U
102	33	-1
102	34	L
102	35	L
102	36	L
102	37	U
102	38	L
102	39	Lp
102	40	L
102	41	L
102	42	L
102	43	L
102	44	-1
102	45	-1
102	46	Lp
102	47	-1
102	48	-1
102	49	U
102	50	U
102	51	Lp
102	52	Lp
102	53	L
102	54	-1
102	55	-1
102	56	Lp
102	57	L
102	58	L
102	59	U
102	60	-1
102	61	L
102	62	-1
102	63	L
102	64	L
102	65	L
102	66	L
102	67	-1
102	68	L
102	69	Lp
102	70	Lp
102	71	Lp
102	72	Lp
102	73	-1
102	74	Lp
102	75	Lp
102	76	U
102	77	L
102	78	U
102	79	L
102	80	Lp
102	81	L
102	82	-1
102	83	Lp
102	84	Lp
102	85	Lp
102	86	Lp
102	87	Lp
102	88	-1
102	89	Lp
102	90	Lp
102	91	Lp
102	92	-1
102	93	Lp
102	94	L
102	95	Lp
102	96	Lp
102	97	Lp
102	98	Lp
102	99	Lp
102	100	U
102	101	U
102	102	L
102	103	-1
102	104	-1
102	105	-1
102	106	L
102	107	Lp
102	108	-1
102	109	Lp
102	110	Lp
102	111	Lp
102	112	Lp
102	113	Lp
102	114	-1
102	115	Lp
102	116	Lp
102	117	-1
102	118	Lp
102	119	L
103	0	Lp
103	1	Lp
103	2	Lp
103	3	-1
103	4	Lp
103	5	Lp
103	6	Lp
103	7	Lp
103	8	Lp
103	9	-1
103	10	Lp
103	11	-1
103	12	-1
103	13	Lp
103	14	L
103	15	Lp
103	16	U
103	17	U
103	18	U
103	19	U
103	20	L
103	21	L
103	22	Lp
103	23	Lp
103	24	L
103	25	L
103	26	L
103	27	U
103	28	U
103	29	U
103	30	Lp
103	31	L
103	32	L
103	33	L
103	34	-1
103	35	Lp
103	36	L
103	37	L
103	38	U
103	39	U
103	40	L
103	41	L
103	42	L
103	43	U
103	44	L
103	45	-1
103	46	-1
103	47	Lp
103	48	Lp
103	49	U
103	50	Lp
103	51	L
103	52	L
103	53	Lp
103	54	Lp
103	55	-1
103	56	Lp
103	57	Lp
103	58	Lp
103	59	L
103	60	L
103	61	L
103	62	L
103	63	L
103	64	L
103	65	-1
103	66	-1
103	67	U
103	68	Lp
103	69	Lp
103	70	L
103	71	Lp
103	72	L
103	73	Lp
103	74	-1
103	75	Lp
103	76	U
103	77	U
103	78	L
103	79	L
103	80	-1
103	81	L
103	82	L
103	83	Lp
103	84	-1
103	85	-1
103	86	Lp
103	87	-1
103	88	Lp
103	89	Lp
103	90	Lp
103	91	Lp
103	92	Lp
103	93	Lp
103	94	Lp
103	95	L
103	96	L
103	97	Lp
103	98	Lp
103	99	Lp
103	100	Lp
103	101	Lp
103	102	U
103	103	-1
103	104	-1
103	105	L
103	106	L
103	107	-1
103	108	-1
103	109	-1
103	110	Lp
103	111	L
103	112	L
103	113	Lp
103	114	-1
103	115	Lp
103	116	Lp
103	117	-1
103	118	Lp
103	119	-1
104	0	-1
104	1	L
104	2	Lp
104	3	Lp
104	4	Lp
104	5	Lp
104	6	Lp
104	7	-1
104	8	Lp
104	9	Lp
104	10	Lp
104	11	Lp
104	12	Lp
104	13	Lp
104	14	L
104	15	-1
104	16	Lp
104	17	U
104	18	U
104	19	L
104	20	-1
104	21	Lp
104	22	Lp
104	23	-1
104	24	-1
104	25	L
104	26	-1
104	27	U
104	28	-1
104	29	-1
104	30	Lp
104	31	U
104	32	U
104	33	L
104	34	Lp
104	35	L
104	36	Lp
104	37	Lp
104	38	-1
104	39	U
104	40	-1
104	41	U
104	42	U
104	43	U
104	44	Lp
104	45	-1
104	46	-1
104	47	-1
104	48	-1
104	49	-1
104	50	-1
104	51	Lp
104	52	-1
104	53	Lp
104	54	Lp
104	55	Lp
104	56	L
104	57	L
104	58	Lp
104	59	Lp
104	60	L
104	61	-1
104	62	U
104	63	L
104	64	L
104	65	Lp
104	66	-1
104	67	L
104	68	L
104	69	L
104	70	Lp
104	71	Lp
104	72	L
104	73	Lp
104	74	L
104	75	-1
104	76	U
104	77	U
104	78	L
104	79	Lp
104	80	L
104	81	L
104	82	L
104	83	Lp
104	84	U
104	85	Lp
104	86	Lp
104	87	Lp
104	88	Lp
104	89	Lp
104	90	-1
104	91	-1
104	92	Lp
104	93	Lp
104	94	Lp
104	95	L
104	96	-1
104	97	-1
104	98	Lp
104	99	-1
104	100	U
104	101	Lp
104	102	-1
104	103	-1
104	104	L
104	105	L
104	106	L
104	107	L
104	108	Lp
104	109	Lp
104	110	L
104	111	-1
104	112	L
104	113	L
104	114	Lp
104	115	Lp
104	116	Lp
104	117	Lp
104	118	Lp
104	119	Lp
105	0	L
105	1	Lp
105	2	Lp
105	3	Lp
105	4	-1
105	5	U
105	6	-1
105	7	Lp
105	8	-1
105	9	Lp
105	10	-1
105	11	Lp
105	12	Lp
105	13	Lp
105	14	-1
105	15	L
105	16	L
105	17	L
105	18	Lp
105	19	-1
105	20	-1
105	21	-1
105	22	Lp
105	23	Lp
105	24	L
105	25	L
105	26	L
105	27	L
105	28	Lp
105	29	L
105	30	Lp
105	31	Lp
105	32	Lp
105	33	Lp
105	34	-1
105	35	Lp
105	36	L
105	37	Lp
105	38	-1
105	39	U
105	40	U
105	41	U
105	42	U
105	43	U
105	44	U
105	45	Lp
105	46	Lp
105	47	U
105	48	U
105	49	-1
105	50	-1
105	51	U
105	52	-1
105	53	L
105	54	Lp
105	55	Lp
105	56	L
105	57	-1
105	58	Lp
105	59	Lp
105	60	L
105	61	-1
105	62	L
105	63	U
105	64	Lp
105	65	-1
105	66	-1
105	67	U
105	68	-1
105	69	L
105	70	Lp
105	71	-1
105	72	L
105	73	L
105	74	-1
105	75	-1
105	76	L
105	77	L
105	78	-1
105	79	L
105	80	L
105	81	Lp
105	82	L
105	83	L
105	84	L
105	85	U
105	86	U
105	87	U
105	88	-1
105	89	Lp
105	90	Lp
105	91	Lp
105	92	Lp
105	93	Lp
105	94	Lp
105	95	-1
105	96	Lp
105	97	Lp
105	98	-1
105	99	-1
105	100	-1
105	101	L
105	102	L
105	103	L
105	104	-1
105	105	L
105	106	L
105	107	L
105	108	L
105	109	L
105	110	Lp
105	111	-1
105	112	L
105	113	L
105	114	L
105	115	L
105	116	-1
105	117	L
105	118	Lp
105	119	L
106	0	L
106	1	Lp
106	2	Lp
106	3	Lp
106	4	U
106	5	L
106	6	Lp
106	7	-1
106	8	Lp
106	9	Lp
106	10	Lp
106	11	-1
106	12	Lp
106	13	Lp
106	14	-1
106	15	Lp
106	16	Lp
106	17	Lp
106	18	L
106	19	-1
106	20	Lp
106	21	-1
106	22	-1
106	23	Lp
106	24	Lp
106	25	Lp
106	26	-1
106	27	-1
106	28	Lp
106	29	Lp
106	30	Lp
106	31	Lp
106	32	-1
106	33	Lp
106	34	Lp
106	35	-1
106	36	Lp
106	37	Lp
106	38	L
106	39	U
106	40	U
106	41	U
106	42	U
106	43	U
106	44	-1
106	45	-1
106	46	U
106	47	Lp
106	48	U
106	49	U
106	50	-1
106	51	-1
106	52	L
106	53	-1
106	54	L
106	55	Lp
106	56	L
106	57	Lp
106	58	L
106	59	Lp
106	60	L
106	61	L
106	62	-1
106	63	U
106	64	Lp
106	65	-1
106	66	L
106	67	L
106	68	-1
106	69	L
106	70	L
106	71	L
106	72	-1
106	73	L
106	74	L
106	75	L
106	76	-1
106	77	-1
106	78	-1
106	79	-1
106	80	L
106	81	L
106	82	Lp
106	83	Lp
106	84	-1
106	85	U
106	86	U
106	87	-1
106	88	Lp
106	89	Lp
106	90	-1
106	91	Lp
106	92	Lp
106	93	Lp
106	94	Lp
106	95	Lp
106	96	-1
106	97	-1
106	98	-1
106	99	-1
106	100	-1
106	101	L
106	102	L
106	103	-1
106	104	L
106	105	L
106	106	L
106	107	-1
106	108	L
106	109	Lp
106	110	-1
106	111	L
106	112	L
106	113	L
106	114	L
106	115	-1
106	116	-1
106	117	Lp
106	118	L
106	119	L
107	0	-1
107	1	-1
107	2	L
107	3	-1
107	4	Lp
107	5	Lp
107	6	Lp
107	7	L
107	8	Lp
107	9	L
107	10	L
107	11	-1
107	12	L
107	13	Lp
107	14	Lp
107	15	Lp
107	16	Lp
107	17	Lp
107	18	L
107	19	L
107	20	-1
107	21	Lp
107	22	Lp
107	23	Lp
107	24	Lp
107	25	Lp
107	26	L
107	27	L
107	28	L
107	29	Lp
107	30	Lp
107	31	-1
107	32	Lp
107	33	Lp
107	34	Lp
107	35	Lp
107	36	Lp
107	37	L
107	38	L
107	39	L
107	40	L
107	41	L
107	42	U
107	43	-1
107	44	Lp
107	45	Lp
107	46	U
107	47	Lp
107	48	-1
107	49	-1
107	50	Lp
107	51	-1
107	52	L
107	53	-1
107	54	L
107	55	L
107	56	Lp
107	57	L
107	58	Lp
107	59	L
107	60	-1
107	61	L
107	62	L
107	63	L
107	64	-1
107	65	-1
107	66	Lp
107	67	Lp
107	68	L
107	69	L
107	70	L
107	71	L
107	72	L
107	73	L
107	74	L
107	75	L
107	76	L
107	77	U
107	78	-1
107	79	-1
107	80	Lp
107	81	-1
107	82	Lp
107	83	Lp
107	84	Lp
107	85	Lp
107	86	U
107	87	U
107	88	-1
107	89	Lp
107	90	Lp
107	91	Lp
107	92	Lp
107	93	Lp
107	94	Lp
107	95	-1
107	96	Lp
107	97	Lp
107	98	Lp
107	99	-1
107	100	-1
107	101	-1
107	102	L
107	103	L
107	104	L
107	105	L
107	106	L
107	107	L
107	108	L
107	109	Lp
107	110	-1
107	111	L
107	112	L
107	113	L
107	114	-1
107	115	L
107	116	-1
107	117	-1
107	118	Lp
107	119	L
108	0	L
108	1	-1
108	2	-1
108	3	L
108	4	Lp
108	5	-1
108	6	L
108	7	L
108	8	L
108	9	Lp
108	10	L
108	11	L
108	12	L
108	13	L
108	14	-1
108	15	L
108	16	-1
108	17	Lp
108	18	L
108	19	-1
108	20	Lp
108	21	Lp
108	22	Lp
108	23	Lp
108	24	Lp
108	25	Lp
108	26	Lp
108	27	-1
108	28	L
108	29	-1
108	30	L
108	31	-1
108	32	-1
108	33	U
108	34	Lp
108	35	Lp
108	36	Lp
108	37	-1
108	38	-1
108	39	L
108	40	L
108	41	Lp
108	42	U
108	43	U
108	44	-1
108	45	-1
108	46	Lp
108	47	Lp
108	48	-1
108	49	-1
108	50	L
108	51	Lp
108	52	L
108	53	-1
108	54	-1
108	55	L
108	56	L
108	57	L
108	58	L
108	59	L
108	60	L
108	61	L
108	62	L
108	63	Lp
108	64	Lp
108	65	Lp
108	66	L
108	67	L
108	68	L
108	69	L
108	70	L
108	71	L
108	72	-1
108	73	-1
108	74	L
108	75	L
108	76	U
108	77	Lp
108	78	Lp
108	79	Lp
108	80	Lp
108	81	Lp
108	82	Lp
108	83	Lp
108	84	-1
108	85	Lp
108	86	-1
108	87	Lp
108	88	Lp
108	89	Lp
108	90	-1
108	91	-1
108	92	Lp
108	93	Lp
108	94	Lp
108	95	Lp
108	96	-1
108	97	Lp
108	98	-1
108	99	-1
108	100	Lp
108	101	L
108	102	-1
108	103	L
108	104	L
108	105	L
108	106	Lp
108	107	L
108	108	-1
108	109	-1
108	110	L
108	111	Lp
108	112	L
108	113	L
108	114	L
108	115	L
108	116	-1
108	117	Lp
108	118	Lp
108	119	L
109	0	L
109	1	Lp
109	2	-1
109	3	-1
109	4	L
109	5	L
109	6	-1
109	7	L
109	8	Lp
109	9	Lp
109	10	Lp
109	11	-1
109	12	L
109	13	L
109	14	L
109	15	-1
109	16	L
109	17	U
109	18	Lp
109	19	-1
109	20	Lp
109	21	Lp
109	22	Lp
109	23	-1
109	24	Lp
109	25	Lp
109	26	Lp
109	27	Lp
109	28	L
109	29	Lp
109	30	-1
109	31	Lp
109	32	-1
109	33	Lp
109	34	-1
109	35	Lp
109	36	Lp
109	37	L
109	38	L
109	39	L
109	40	Lp
109	41	Lp
109	42	Lp
109	43	-1
109	44	Lp
109	45	-1
109	46	Lp
109	47	Lp
109	48	-1
109	49	L
109	50	Lp
109	51	L
109	52	-1
109	53	L
109	54	U
109	55	-1
109	56	L
109	57	-1
109	58	L
109	59	L
109	60	L
109	61	L
109	62	-1
109	63	Lp
109	64	Lp
109	65	Lp
109	66	Lp
109	67	Lp
109	68	-1
109	69	L
109	70	L
109	71	L
109	72	L
109	73	L
109	74	L
109	75	Lp
109	76	L
109	77	Lp
109	78	Lp
109	79	Lp
109	80	-1
109	81	Lp
109	82	Lp
109	83	Lp
109	84	Lp
109	85	U
109	86	-1
109	87	Lp
109	88	Lp
109	89	-1
109	90	Lp
109	91	Lp
109	92	Lp
109	93	Lp
109	94	Lp
109	95	Lp
109	96	-1
109	97	U
109	98	-1
109	99	U
109	100	L
109	101	-1
109	102	L
109	103	L
109	104	L
109	105	L
109	106	Lp
109	107	Lp
109	108	-1
109	109	L
109	110	Lp
109	111	Lp
109	112	L
109	113	L
109	114	L
109	115	L
109	116	Lp
109	117	Lp
109	118	Lp
109	119	L
110	0	Lp
110	1	-1
110	2	-1
110	3	L
110	4	L
110	5	U
110	6	Lp
110	7	Lp
110	8	Lp
110	9	Lp
110	10	Lp
110	11	L
110	12	L
110	13	L
110	14	-1
110	15	L
110	16	L
110	17	Lp
110	18	Lp
110	19	Lp
110	20	Lp
110	21	Lp
110	22	Lp
110	23	Lp
110	24	-1
110	25	Lp
110	26	Lp
110	27	Lp
110	28	Lp
110	29	Lp
110	30	Lp
110	31	-1
110	32	-1
110	33	-1
110	34	-1
110	35	-1
110	36	Lp
110	37	Lp
110	38	Lp
110	39	L
110	40	L
110	41	Lp
110	42	Lp
110	43	Lp
110	44	-1
110	45	-1
110	46	Lp
110	47	-1
110	48	-1
110	49	Lp
110	50	L
110	51	-1
110	52	L
110	53	Lp
110	54	-1
110	55	U
110	56	L
110	57	-1
110	58	-1
110	59	-1
110	60	L
110	61	Lp
110	62	-1
110	63	Lp
110	64	Lp
110	65	Lp
110	66	Lp
110	67	Lp
110	68	-1
110	69	L
110	70	L
110	71	Lp
110	72	L
110	73	L
110	74	L
110	75	Lp
110	76	Lp
110	77	Lp
110	78	Lp
110	79	Lp
110	80	-1
110	81	Lp
110	82	Lp
110	83	Lp
110	84	-1
110	85	Lp
110	86	Lp
110	87	-1
110	88	Lp
110	89	-1
110	90	Lp
110	91	Lp
110	92	-1
110	93	Lp
110	94	-1
110	95	Lp
110	96	Lp
110	97	Lp
110	98	U
110	99	U
110	100	L
110	101	U
110	102	L
110	103	L
110	104	L
110	105	L
110	106	L
110	107	L
110	108	L
110	109	Lp
110	110	Lp
110	111	Lp
110	112	L
110	113	L
110	114	Lp
110	115	Lp
110	116	-1
110	117	Lp
110	118	L
110	119	L
111	0	-1
111	1	Lp
111	2	Lp
111	3	Lp
111	4	Lp
111	5	-1
111	6	U
111	7	-1
111	8	Lp
111	9	Lp
111	10	Lp
111	11	L
111	12	L
111	13	L
111	14	L
111	15	Lp
111	16	-1
111	17	U
111	18	Lp
111	19	Lp
111	20	Lp
111	21	Lp
111	22	U
111	23	U
111	24	Lp
111	25	Lp
111	26	-1
111	27	Lp
111	28	Lp
111	29	Lp
111	30	-1
111	31	Lp
111	32	Lp
111	33	-1
111	34	Lp
111	35	Lp
111	36	U
111	37	U
111	38	-1
111	39	Lp
111	40	Lp
111	41	Lp
111	42	-1
111	43	Lp
111	44	Lp
111	45	Lp
111	46	-1
111	47	L
111	48	-1
111	49	-1
111	50	-1
111	51	L
111	52	L
111	53	Lp
111	54	U
111	55	U
111	56	-1
111	57	Lp
111	58	-1
111	59	L
111	60	-1
111	61	-1
111	62	Lp
111	63	Lp
111	64	Lp
111	65	Lp
111	66	Lp
111	67	Lp
111	68	L
111	69	-1
111	70	-1
111	71	L
111	72	Lp
111	73	L
111	74	L
111	75	Lp
111	76	-1
111	77	Lp
111	78	Lp
111	79	Lp
111	80	-1
111	81	Lp
111	82	Lp
111	83	-1
111	84	Lp
111	85	Lp
111	86	Lp
111	87	-1
111	88	-1
111	89	Lp
111	90	Lp
111	91	Lp
111	92	Lp
111	93	Lp
111	94	Lp
111	95	-1
111	96	Lp
111	97	U
111	98	U
111	99	U
111	100	L
111	101	L
111	102	L
111	103	L
111	104	L
111	105	-1
111	106	L
111	107	L
111	108	L
111	109	L
111	110	Lp
111	111	L
111	112	L
111	113	L
111	114	Lp
111	115	-1
111	116	-1
111	117	L
111	118	L
111	119	L
112	0	-1
112	1	-1
112	2	Lp
112	3	Lp
112	4	U
112	5	U
112	6	Lp
112	7	-1
112	8	Lp
112	9	Lp
112	10	-1
112	11	Lp
112	12	Lp
112	13	L
112	14	Lp
112	15	U
112	16	-1
112	17	-1
112	18	U
112	19	-1
112	20	Lp
112	21	Lp
112	22	U
112	23	Lp
112	24	U
112	25	Lp
112	26	Lp
112	27	Lp
112	28	-1
112	29	Lp
112	30	Lp
112	31	-1
112	32	-1
112	33	U
112	34	-1
112	35	-1
112	36	Lp
112	37	L
112	38	Lp
112	39	Lp
112	40	Lp
112	41	-1
112	42	Lp
112	43	Lp
112	44	Lp
112	45	Lp
112	46	L
112	47	L
112	48	L
112	49	-1
112	50	L
112	51	L
112	52	-1
112	53	Lp
112	54	Lp
112	55	-1
112	56	Lp
112	57	Lp
112	58	Lp
112	59	Lp
112	60	Lp
112	61	Lp
112	62	Lp
112	63	Lp
112	64	U
112	65	Lp
112	66	Lp
112	67	U
112	68	U
112	69	U
112	70	U
112	71	Lp
112	72	U
112	73	-1
112	74	-1
112	75	Lp
112	76	Lp
112	77	-1
112	78	Lp
112	79	Lp
112	80	-1
112	81	Lp
112	82	Lp
112	83	Lp
112	84	Lp
112	85	U
112	86	Lp
112	87	Lp
112	88	Lp
112	89	Lp
112	90	Lp
112	91	-1
112	92	Lp
112	93	Lp
112	94	Lp
112	95	Lp
112	96	-1
112	97	U
112	98	U
112	99	L
112	100	-1
112	101	L
112	102	-1
112	103	L
112	104	L
112	105	L
112	106	L
112	107	L
112	108	L
112	109	Lp
112	110	-1
112	111	Lp
112	112	-1
112	113	-1
112	114	Lp
112	115	Lp
112	116	Lp
112	117	L
112	118	Lp
112	119	Lp
113	0	Lp
113	1	-1
113	2	Lp
113	3	Lp
113	4	U
113	5	Lp
113	6	U
113	7	Lp
113	8	Lp
113	9	-1
113	10	L
113	11	Lp
113	12	Lp
113	13	Lp
113	14	-1
113	15	Lp
113	16	U
113	17	U
113	18	U
113	19	-1
113	20	U
113	21	-1
113	22	-1
113	23	U
113	24	Lp
113	25	Lp
113	26	-1
113	27	Lp
113	28	Lp
113	29	Lp
113	30	-1
113	31	-1
113	32	Lp
113	33	-1
113	34	U
113	35	Lp
113	36	Lp
113	37	Lp
113	38	U
113	39	-1
113	40	Lp
113	41	Lp
113	42	Lp
113	43	-1
113	44	Lp
113	45	-1
113	46	L
113	47	L
113	48	-1
113	49	Lp
113	50	L
113	51	L
113	52	-1
113	53	L
113	54	Lp
113	55	Lp
113	56	Lp
113	57	Lp
113	58	Lp
113	59	Lp
113	60	Lp
113	61	-1
113	62	Lp
113	63	Lp
113	64	Lp
113	65	U
113	66	U
113	67	Lp
113	68	U
113	69	Lp
113	70	Lp
113	71	Lp
113	72	Lp
113	73	Lp
113	74	Lp
113	75	Lp
113	76	-1
113	77	Lp
113	78	-1
113	79	Lp
113	80	Lp
113	81	Lp
113	82	Lp
113	83	-1
113	84	U
113	85	Lp
113	86	U
113	87	Lp
113	88	Lp
113	89	Lp
113	90	Lp
113	91	Lp
113	92	U
113	93	Lp
113	94	Lp
113	95	Lp
113	96	U
113	97	-1
113	98	Lp
113	99	-1
113	100	U
113	101	L
113	102	-1
113	103	L
113	104	L
113	105	L
113	106	L
113	107	L
113	108	-1
113	109	-1
113	110	L
113	111	L
113	112	-1
113	113	Lp
113	114	Lp
113	115	Lp
113	116	L
113	117	L
113	118	Lp
113	119	Lp
114	0	Lp
114	1	Lp
114	2	Lp
114	3	Lp
114	4	Lp
114	5	Lp
114	6	U
114	7	Lp
114	8	-1
114	9	L
114	10	Lp
114	11	-1
114	12	Lp
114	13	Lp
114	14	L
114	15	Lp
114	16	-1
114	17	Lp
114	18	-1
114	19	-1
114	20	U
114	21	L
114	22	U
114	23	Lp
114	24	U
114	25	Lp
114	26	Lp
114	27	Lp
114	28	-1
114	29	-1
114	30	Lp
114	31	Lp
114	32	U
114	33	U
114	34	U
114	35	Lp
114	36	U
114	37	L
114	38	-1
114	39	Lp
114	40	Lp
114	41	Lp
114	42	Lp
114	43	Lp
114	44	Lp
114	45	Lp
114	46	-1
114	47	L
114	48	L
114	49	L
114	50	Lp
114	51	L
114	52	L
114	53	-1
114	54	Lp
114	55	Lp
114	56	-1
114	57	Lp
114	58	Lp
114	59	Lp
114	60	Lp
114	61	-1
114	62	Lp
114	63	Lp
114	64	Lp
114	65	Lp
114	66	-1
114	67	Lp
114	68	Lp
114	69	Lp
114	70	U
114	71	Lp
114	72	Lp
114	73	Lp
114	74	-1
114	75	Lp
114	76	Lp
114	77	Lp
114	78	Lp
114	79	Lp
114	80	-1
114	81	-1
114	82	-1
114	83	Lp
114	84	Lp
114	85	U
114	86	U
114	87	-1
114	88	-1
114	89	Lp
114	90	Lp
114	91	Lp
114	92	Lp
114	93	U
114	94	U
114	95	U
114	96	Lp
114	97	U
114	98	-1
114	99	L
114	100	L
114	101	L
114	102	L
114	103	L
114	104	L
114	105	L
114	106	L
114	107	-1
114	108	-1
114	109	L
114	110	L
114	111	L
114	112	L
114	113	L
114	114	L
114	115	Lp
114	116	Lp
114	117	Lp
114	118	Lp
114	119	-1
115	0	Lp
115	1	Lp
115	2	-1
115	3	Lp
115	4	Lp
115	5	Lp
115	6	-1
115	7	Lp
115	8	Lp
115	9	Lp
115	10	Lp
115	11	L
115	12	Lp
115	13	L
115	14	Lp
115	15	-1
115	16	Lp
115	17	U
115	18	U
115	19	-1
115	20	L
115	21	L
115	22	Lp
115	23	Lp
115	24	Lp
115	25	U
115	26	Lp
115	27	Lp
115	28	Lp
115	29	-1
115	30	U
115	31	Lp
115	32	Lp
115	33	U
115	34	U
115	35	U
115	36	L
115	37	-1
115	38	-1
115	39	Lp
115	40	-1
115	41	-1
115	42	Lp
115	43	Lp
115	44	Lp
115	45	Lp
115	46	Lp
115	47	L
115	48	L
115	49	L
115	50	L
115	51	Lp
115	52	-1
115	53	Lp
115	54	-1
115	55	-1
115	56	Lp
115	57	Lp
115	58	-1
115	59	Lp
115	60	Lp
115	61	Lp
115	62	Lp
115	63	Lp
115	64	Lp
115	65	-1
115	66	Lp
115	67	Lp
115	68	Lp
115	69	Lp
115	70	Lp
115	71	Lp
115	72	Lp
115	73	Lp
115	74	Lp
115	75	Lp
115	76	-1
115	77	Lp
115	78	Lp
115	79	Lp
115	80	-1
115	81	-1
115	82	Lp
115	83	-1
115	84	Lp
115	85	Lp
115	86	Lp
115	87	Lp
115	88	Lp
115	89	-1
115	90	-1
115	91	Lp
115	92	Lp
115	93	U
115	94	U
115	95	Lp
115	96	U
115	97	-1
115	98	-1
115	99	L
115	100	L
115	101	L
115	102	L
115	103	L
115	104	L
115	105	L
115	106	L
115	107	L
115	108	L
115	109	-1
115	110	Lp
115	111	-1
115	112	L
115	113	L
115	114	L
115	115	Lp
115	116	-1
115	117	Lp
115	118	Lp
115	119	-1
116	0	-1
116	1	Lp
116	2	Lp
116	3	Lp
116	4	Lp
116	5	-1
116	6	Lp
116	7	Lp
116	8	Lp
116	9	Lp
116	10	Lp
116	11	L
116	12	L
116	13	Lp
116	14	L
116	15	Lp
116	16	Lp
116	17	Lp
116	18	L
116	19	L
116	20	Lp
116	21	Lp
116	22	Lp
116	23	Lp
116	24	Lp
116	25	Lp
116	26	Lp
116	27	Lp
116	28	Lp
116	29	Lp
116	30	Lp
116	31	Lp
116	32	Lp
116	33	U
116	34	Lp
116	35	U
116	36	Lp
116	37	Lp
116	38	Lp
116	39	L
116	40	Lp
116	41	Lp
116	42	Lp
116	43	Lp
116	44	Lp
116	45	-1
116	46	Lp
116	47	-1
116	48	L
116	49	L
116	50	Lp
116	51	Lp
116	52	Lp
116	53	Lp
116	54	Lp
116	55	Lp
116	56	Lp
116	57	Lp
116	58	Lp
116	59	Lp
116	60	Lp
116	61	-1
116	62	Lp
116	63	-1
116	64	Lp
116	65	Lp
116	66	U
116	67	Lp
116	68	Lp
116	69	Lp
116	70	-1
116	71	U
116	72	-1
116	73	Lp
116	74	Lp
116	75	Lp
116	76	Lp
116	77	Lp
116	78	-1
116	79	-1
116	80	Lp
116	81	-1
116	82	Lp
116	83	Lp
116	84	Lp
116	85	-1
116	86	Lp
116	87	U
116	88	U
116	89	U
116	90	Lp
116	91	Lp
116	92	Lp
116	93	U
116	94	Lp
116	95	-1
116	96	-1
116	97	-1
116	98	-1
116	99	L
116	100	Lp
116	101	Lp
116	102	-1
116	103	L
116	104	L
116	105	L
116	106	L
116	107	-1
116	108	L
116	109	L
116	110	L
116	111	U
116	112	L
116	113	Lp
116	114	U
116	115	Lp
116	116	-1
116	117	-1
116	118	Lp
116	119	Lp
117	0	Lp
117	1	Lp
117	2	Lp
117	3	Lp
117	4	Lp
117	5	Lp
117	6	-1
117	7	Lp
117	8	Lp
117	9	Lp
117	10	Lp
117	11	-1
117	12	L
117	13	-1
117	14	Lp
117	15	Lp
117	16	Lp
117	17	L
117	18	L
117	19	L
117	20	U
117	21	U
117	22	-1
117	23	U
117	24	Lp
117	25	Lp
117	26	-1
117	27	Lp
117	28	Lp
117	29	Lp
117	30	Lp
117	31	-1
117	32	U
117	33	U
117	34	Lp
117	35	Lp
117	36	Lp
117	37	Lp
117	38	L
117	39	L
117	40	L
117	41	-1
117	42	Lp
117	43	Lp
117	44	Lp
117	45	-1
117	46	Lp
117	47	Lp
117	48	-1
117	49	Lp
117	50	Lp
117	51	-1
117	52	Lp
117	53	Lp
117	54	Lp
117	55	Lp
117	56	Lp
117	57	-1
117	58	Lp
117	59	Lp
117	60	Lp
117	61	Lp
117	62	Lp
117	63	-1
117	64	-1
117	65	-1
117	66	Lp
117	67	-1
117	68	-1
117	69	Lp
117	70	Lp
117	71	Lp
117	72	Lp
117	73	Lp
117	74	Lp
117	75	Lp
117	76	Lp
117	77	Lp
117	78	-1
117	79	Lp
117	80	Lp
117	81	-1
117	82	Lp
117	83	Lp
117	84	Lp
117	85	Lp
117	86	Lp
117	87	U
117	88	U
117	89	U
117	90	U
117	91	Lp
117	92	Lp
117	93	-1
117	94	-1
117	95	Lp
117	96	Lp
117	97	U
117	98	U
117	99	L
117	100	L
117	101	-1
117	102	-1
117	103	L
117	104	L
117	105	L
117	106	L
117	107	L
117	108	L
117	109	L
117	110	L
117	111	L
117	112	Lp
117	113	-1
117	114	U
117	115	Lp
117	116	Lp
117	117	Lp
117	118	Lp
117	119	Lp
118	0	-1
118	1	-1
118	2	Lp
118	3	Lp
118	4	Lp
118	5	Lp
118	6	Lp
118	7	Lp
118	8	-1
118	9	Lp
118	10	Lp
118	11	L
118	12	L
118	13	-1
118	14	Lp
118	15	Lp
118	16	Lp
118	17	Lp
118	18	L
118	19	Lp
118	20	Lp
118	21	Lp
118	22	-1
118	23	U
118	24	Lp
118	25	-1
118	26	-1
118	27	Lp
118	28	Lp
118	29	-1
118	30	L
118	31	-1
118	32	U
118	33	L
118	34	L
118	35	Lp
118	36	Lp
118	37	L
118	38	-1
118	39	L
118	40	L
118	41	-1
118	42	-1
118	43	Lp
118	44	Lp
118	45	Lp
118	46	Lp
118	47	Lp
118	48	L
118	49	-1
118	50	Lp
118	51	Lp
118	52	Lp
118	53	Lp
118	54	-1
118	55	Lp
118	56	Lp
118	57	-1
118	58	Lp
118	59	Lp
118	60	Lp
118	61	Lp
118	62	Lp
118	63	Lp
118	64	Lp
118	65	Lp
118	66	Lp
118	67	Lp
118	68	U
118	69	-1
118	70	Lp
118	71	Lp
118	72	-1
118	73	Lp
118	74	Lp
118	75	Lp
118	76	L
118	77	Lp
118	78	Lp
118	79	Lp
118	80	Lp
118	81	Lp
118	82	Lp
118	83	Lp
118	84	Lp
118	85	Lp
118	86	Lp
118	87	Lp
118	88	Lp
118	89	Lp
118	90	U
118	91	U
118	92	Lp
118	93	Lp
118	94	U
118	95	U
118	96	Lp
118	97	Lp
118	98	Lp
118	99	Lp
118	100	L
118	101	L
118	102	Lp
118	103	-1
118	104	L
118	105	Lp
118	106	L
118	107	L
118	108	L
118	109	-1
118	110	L
118	111	Lp
118	112	Lp
118	113	Lp
118	114	Lp
118	115	U
118	116	Lp
118	117	Lp
118	118	Lp
118	119	Lp
119	0	-1
119	1	Lp
119	2	Lp
119	3	Lp
119	4	Lp
119	5	Lp
119	6	Lp
119	7	U
119	8	Lp
119	9	L
119	10	Lp
119	11	L
119	12	L
119	13	L
119	14	Lp
119	15	Lp
119	16	Lp
119	17	Lp
119	18	Lp
119	19	Lp
119	20	-1
119	21	Lp
119	22	Lp
119	23	Lp
119	24	Lp
119	25	Lp
119	26	Lp
119	27	-1
119	28	-1
119	29	Lp
119	30	Lp
119	31	Lp
119	32	L
119	33	-1
119	34	L
119	35	Lp
119	36	L
119	37	Lp
119	38	Lp
119	39	-1
119	40	L
119	41	Lp
119	42	Lp
119	43	Lp
119	44	Lp
119	45	Lp
119	46	Lp
119	47	Lp
119	48	L
119	49	-1
119	50	Lp
119	51	Lp
119	52	Lp
119	53	L
119	54	-1
119	55	-1
119	56	Lp
119	57	-1
119	58	Lp
119	59	Lp
119	60	Lp
119	61	-1
119	62	Lp
119	63	Lp
119	64	Lp
119	65	Lp
119	66	Lp
119	67	Lp
119	68	Lp
119	69	Lp
119	70	Lp
119	71	Lp
119	72	Lp
119	73	Lp
119	74	Lp
119	75	L
119	76	Lp
119	77	Lp
119	78	Lp
119	79	Lp
119	80	-1
119	81	Lp
119	82	Lp
119	83	Lp
119	84	Lp
119	85	Lp
119	86	Lp
119	87	Lp
119	88	Lp
119	89	U
119	90	Lp
119	91	-1
119	92	Lp
119	93	Lp
119	94	U
119	95	L
119	96	-1
119	97	-1
119	98	-1
119	99	Lp
119	100	Lp
119	101	L
119	102	L
119	103	Lp
119	104	Lp
119	105	L
119	106	L
119	107	L
119	108	L
119	109	-1
119	110	Lp
119	111	-1
119	112	L
119	113	Lp
119	114	L
119	115	L
119	116	U
119	117	U
119	118	Lp
119	119	-1
