0	0	Lp
0	1	-1
0	2	L
0	3	L
0	4	L
0	5	L
0	6	L
0	7	-1
0	8	Lp
0	9	Lp
0	10	L
0	11	Lp
0	12	-1
0	13	Lp
0	14	Lp
0	15	Lp
0	16	Lp
0	17	Lp
0	18	Lp
0	19	U
0	20	L
0	21	L
0	22	-1
0	23	L
0	24	-1
0	25	L
0	26	-1
0	27	-1
0	28	-1
0	29	L
0	30	L
0	31	Lp
0	32	Lp
0	33	-1
0	34	L
0	35	-1
0	36	Lp
0	37	L
0	38	L
0	39	L
0	40	L
0	41	Lp
0	42	Lp
0	43	L
0	44	L
0	45	-1
0	46	L
0	47	Lp
0	48	L
0	49	L
0	50	-1
0	51	-1
0	52	Lp
0	53	Lp
0	54	Lp
0	55	Lp
0	56	Lp
0	57	Lp
0	58	Lp
0	59	Lp
0	60	Lp
0	61	-1
0	62	-1
0	63	Lp
0	64	-1
0	65	Lp
0	66	Lp
0	67	Lp
0	68	Lp
0	69	L
0	70	L
0	71	L
0	72	-1
0	73	Lp
0	74	Lp
0	75	Lp
0	76	Lp
0	77	Lp
0	78	-1
0	79	L
0	80	Lp
0	81	-1
0	82	-1
0	83	Lp
0	84	Lp
0	85	-1
0	86	-1
0	87	Lp
0	88	-1
0	89	-1
0	90	-1
0	91	-1
0	92	-1
0	93	Lp
0	94	-1
0	95	Lp
0	96	Lp
0	97	Lp
0	98	-1
0	99	Lp
0	100	Lp
0	101	Lp
0	102	U
0	103	U
0	104	-1
0	105	L
0	106	Lp
0	107	L
0	108	-1
0	109	L
0	110	L
0	111	L
0	112	L
0	113	Lp
0	114	Lp
0	115	Lp
0	116	Lp
0	117	L
0	118	L
0	119	Lp
1	0	L
1	1	Lp
1	2	U
1	3	L
1	4	Lp
1	5	Lp
1	6	Lp
1	7	Lp
1	8	Lp
1	9	Lp
1	10	Lp
1	11	Lp
1	12	L
1	13	L
1	14	Lp
1	15	Lp
1	16	Lp
1	17	Lp
1	18	Lp
1	19	U
1	20	L
1	21	L
1	22	-1
1	23	L
1	24	L
1	25	L
1	26	L
1	27	Lp
1	28	-1
1	29	-1
1	30	Lp
1	31	Lp
1	32	-1
1	33	Lp
1	34	-1
1	35	Lp
1	36	Lp
1	37	Lp
1	38	-1
1	39	-1
1	40	Lp
1	41	Lp
1	42	Lp
1	43	L
1	44	L
1	45	-1
1	46	-1
1	47	-1
1	48	L
1	49	L
1	50	Lp
1	51	-1
1	52	-1
1	53	Lp
1	54	Lp
1	55	Lp
1	56	Lp
1	57	Lp
1	58	Lp
1	59	Lp
1	60	Lp
1	61	Lp
1	62	Lp
1	63	Lp
1	64	Lp
1	65	Lp
1	66	-1
1	67	Lp
1	68	Lp
1	69	Lp
1	70	L
1	71	L
1	72	-1
1	73	Lp
1	74	Lp
1	75	Lp
1	76	Lp
1	77	Lp
1	78	Lp
1	79	Lp
1	80	L
1	81	Lp
1	82	-1
1	83	Lp
1	84	Lp
1	85	Lp
1	86	Lp
1	87	Lp
1	88	Lp
1	89	Lp
1	90	Lp
1	91	Lp
1	92	-1
1	93	Lp
1	94	Lp
1	95	Lp
1	96	Lp
1	97	-1
1	98	-1
1	99	Lp
1	100	Lp
1	101	-1
1	102	-1
1	103	-1
1	104	L
1	105	-1
1	106	L
1	107	L
1	108	L
1	109	-1
1	110	L
1	111	L
1	112	L
1	113	Lp
1	114	-1
1	115	-1
1	116	Lp
1	117	Lp
1	118	L
1	119	-1
2	0	L
2	1	Lp
2	2	-1
2	3	Lp
2	4	Lp
2	5	L
2	6	-1
2	7	Lp
2	8	Lp
2	9	Lp
2	10	Lp
2	11	Lp
2	12	-1
2	13	L
2	14	L
2	15	Lp
2	16	Lp
2	17	Lp
2	18	U
2	19	Lp
2	20	Lp
2	21	Lp
2	22	Lp
2	23	L
2	24	L
2	25	L
2	26	Lp
2	27	L
2	28	U
2	29	-1
2	30	U
2	31	Lp
2	32	Lp
2	33	-1
2	34	-1
2	35	L
2	36	L
2	37	L
2	38	-1
2	39	L
2	40	Lp
2	41	Lp
2	42	U
2	43	L
2	44	-1
2	45	-1
2	46	L
2	47	L
2	48	Lp
2	49	Lp
2	50	Lp
2	51	Lp
2	52	Lp
2	53	Lp
2	54	Lp
2	55	Lp
2	56	Lp
2	57	Lp
2	58	Lp
2	59	Lp
2	60	Lp
2	61	Lp
2	62	Lp
2	63	Lp
2	64	Lp
2	65	-1
2	66	Lp
2	67	Lp
2	68	Lp
2	69	-1
2	70	-1
2	71	L
2	72	-1
2	73	Lp
2	74	-1
2	75	Lp
2	76	-1
2	77	Lp
2	78	Lp
2	79	Lp
2	80	-1
2	81	Lp
2	82	Lp
2	83	-1
2	84	Lp
2	85	Lp
2	86	-1
2	87	Lp
2	88	-1
2	89	Lp
2	90	Lp
2	91	Lp
2	92	Lp
2	93	Lp
2	94	Lp
2	95	Lp
2	96	-1
2	97	Lp
2	98	Lp
2	99	-1
2	100	Lp
2	101	Lp
2	102	Lp
2	103	L
2	104	-1
2	105	L
2	106	-1
2	107	L
2	108	L
2	109	L
2	110	L
2	111	L
2	112	L
2	113	L
2	114	L
2	115	-1
2	116	Lp
2	117	-1
2	118	Lp
2	119	L
3	0	L
3	1	Lp
3	2	-1
3	3	L
3	4	Lp
3	5	U
3	6	Lp
3	7	Lp
3	8	Lp
3	9	-1
3	10	Lp
3	11	Lp
3	12	L
3	13	Lp
3	14	Lp
3	15	Lp
3	16	Lp
3	17	Lp
3	18	Lp
3	19	Lp
3	20	Lp
3	21	Lp
3	22	L
3	23	L
3	24	L
3	25	Lp
3	26	L
3	27	-1
3	28	-1
3	29	Lp
3	30	-1
3	31	Lp
3	32	Lp
3	33	Lp
3	34	Lp
3	35	Lp
3	36	L
3	37	L
3	38	L
3	39	-1
3	40	-1
3	41	Lp
3	42	L
3	43	L
3	44	-1
3	45	L
3	46	L
3	47	U
3	48	-1
3	49	-1
3	50	Lp
3	51	Lp
3	52	Lp
3	53	Lp
3	54	-1
3	55	U
3	56	Lp
3	57	Lp
3	58	Lp
3	59	Lp
3	60	Lp
3	61	Lp
3	62	Lp
3	63	Lp
3	64	Lp
3	65	Lp
3	66	Lp
3	67	Lp
3	68	Lp
3	69	-1
3	70	Lp
3	71	Lp
3	72	Lp
3	73	Lp
3	74	-1
3	75	-1
3	76	Lp
3	77	Lp
3	78	Lp
3	79	Lp
3	80	Lp
3	81	Lp
3	82	-1
3	83	-1
3	84	Lp
3	85	Lp
3	86	Lp
3	87	Lp
3	88	Lp
3	89	Lp
3	90	Lp
3	91	Lp
3	92	Lp
3	93	U
3	94	-1
3	95	Lp
3	96	Lp
3	97	Lp
3	98	Lp
3	99	Lp
3	100	-1
3	101	Lp
3	102	Lp
3	103	L
3	104	L
3	105	L
3	106	L
3	107	L
3	108	L
3	109	Lp
3	110	Lp
3	111	L
3	112	L
3	113	L
3	114	-1
3	115	-1
3	116	-1
3	117	Lp
3	118	Lp
3	119	L
4	0	L
4	1	L
4	2	-1
4	3	-1
4	4	L
4	5	U
4	6	-1
4	7	Lp
4	8	Lp
4	9	-1
4	10	-1
4	11	Lp
4	12	Lp
4	13	L
4	14	-1
4	15	Lp
4	16	Lp
4	17	Lp
4	18	Lp
4	19	Lp
4	20	-1
4	21	Lp
4	22	L
4	23	L
4	24	L
4	25	-1
4	26	L
4	27	L
4	28	U
4	29	-1
4	30	Lp
4	31	Lp
4	32	-1
4	33	Lp
4	34	-1
4	35	-1
4	36	L
4	37	Lp
4	38	L
4	39	L
4	40	L
4	41	Lp
4	42	L
4	43	L
4	44	L
4	45	-1
4	46	-1
4	47	-1
4	48	-1
4	49	-1
4	50	Lp
4	51	Lp
4	52	Lp
4	53	-1
4	54	Lp
4	55	Lp
4	56	U
4	57	-1
4	58	Lp
4	59	-1
4	60	L
4	61	L
4	62	Lp
4	63	Lp
4	64	Lp
4	65	L
4	66	Lp
4	67	Lp
4	68	Lp
4	69	Lp
4	70	-1
4	71	Lp
4	72	Lp
4	73	Lp
4	74	Lp
4	75	Lp
4	76	Lp
4	77	Lp
4	78	Lp
4	79	Lp
4	80	Lp
4	81	Lp
4	82	Lp
4	83	Lp
4	84	Lp
4	85	Lp
4	86	Lp
4	87	Lp
4	88	Lp
4	89	Lp
4	90	Lp
4	91	U
4	92	-1
4	93	-1
4	94	U
4	95	-1
4	96	Lp
4	97	Lp
4	98	Lp
4	99	Lp
4	100	-1
4	101	Lp
4	102	L
4	103	Lp
4	104	-1
4	105	L
4	106	L
4	107	L
4	108	L
4	109	Lp
4	110	L
4	111	-1
4	112	L
4	113	-1
4	114	L
4	115	L
4	116	L
4	117	L
4	118	-1
4	119	L
5	0	L
5	1	L
5	2	-1
5	3	L
5	4	Lp
5	5	Lp
5	6	Lp
5	7	-1
5	8	U
5	9	Lp
5	10	Lp
5	11	-1
5	12	-1
5	13	-1
5	14	Lp
5	15	Lp
5	16	Lp
5	17	-1
5	18	-1
5	19	Lp
5	20	Lp
5	21	L
5	22	L
5	23	-1
5	24	Lp
5	25	L
5	26	L
5	27	L
5	28	U
5	29	Lp
5	30	Lp
5	31	Lp
5	32	Lp
5	33	Lp
5	34	Lp
5	35	L
5	36	-1
5	37	-1
5	38	L
5	39	-1
5	40	-1
5	41	Lp
5	42	U
5	43	L
5	44	L
5	45	L
5	46	-1
5	47	-1
5	48	-1
5	49	L
5	50	Lp
5	51	Lp
5	52	-1
5	53	Lp
5	54	Lp
5	55	Lp
5	56	Lp
5	57	Lp
5	58	Lp
5	59	Lp
5	60	Lp
5	61	Lp
5	62	L
5	63	L
5	64	L
5	65	Lp
5	66	Lp
5	67	Lp
5	68	Lp
5	69	Lp
5	70	Lp
5	71	Lp
5	72	L
5	73	L
5	74	-1
5	75	Lp
5	76	Lp
5	77	-1
5	78	Lp
5	79	Lp
5	80	Lp
5	81	Lp
5	82	-1
5	83	-1
5	84	-1
5	85	U
5	86	Lp
5	87	Lp
5	88	-1
5	89	Lp
5	90	Lp
5	91	Lp
5	92	U
5	93	-1
5	94	U
5	95	-1
5	96	U
5	97	Lp
5	98	-1
5	99	-1
5	100	Lp
5	101	-1
5	102	U
5	103	Lp
5	104	Lp
5	105	-1
5	106	Lp
5	107	-1
5	108	L
5	109	L
5	110	L
5	111	L
5	112	-1
5	113	L
5	114	L
5	115	L
5	116	L
5	117	L
5	118	L
5	119	-1
6	0	L
6	1	L
6	2	L
6	3	-1
6	4	Lp
6	5	-1
6	6	Lp
6	7	Lp
6	8	Lp
6	9	Lp
6	10	Lp
6	11	Lp
6	12	Lp
6	13	-1
6	14	Lp
6	15	Lp
6	16	Lp
6	17	Lp
6	18	Lp
6	19	Lp
6	20	Lp
6	21	Lp
6	22	Lp
6	23	Lp
6	24	-1
6	25	Lp
6	26	-1
6	27	U
6	28	Lp
6	29	Lp
6	30	L
6	31	L
6	32	L
6	33	Lp
6	34	Lp
6	35	Lp
6	36	-1
6	37	Lp
6	38	-1
6	39	L
6	40	-1
6	41	L
6	42	L
6	43	L
6	44	L
6	45	-1
6	46	L
6	47	Lp
6	48	Lp
6	49	Lp
6	50	L
6	51	L
6	52	-1
6	53	Lp
6	54	Lp
6	55	Lp
6	56	-1
6	57	Lp
6	58	-1
6	59	Lp
6	60	Lp
6	61	L
6	62	Lp
6	63	L
6	64	L
6	65	-1
6	66	L
6	67	Lp
6	68	L
6	69	-1
6	70	Lp
6	71	Lp
6	72	L
6	73	L
6	74	L
6	75	L
6	76	L
6	77	Lp
6	78	Lp
6	79	-1
6	80	Lp
6	81	-1
6	82	-1
6	83	Lp
6	84	Lp
6	85	Lp
6	86	-1
6	87	Lp
6	88	Lp
6	89	U
6	90	Lp
6	91	Lp
6	92	-1
6	93	U
6	94	U
6	95	-1
6	96	U
6	97	Lp
6	98	-1
6	99	-1
6	100	-1
6	101	-1
6	102	U
6	103	Lp
6	104	U
6	105	Lp
6	106	Lp
6	107	L
6	108	L
6	109	-1
6	110	L
6	111	L
6	112	L
6	113	-1
6	114	-1
6	115	L
6	116	L
6	117	-1
6	118	L
6	119	Lp
7	0	Lp
7	1	-1
7	2	Lp
7	3	Lp
7	4	-1
7	5	Lp
7	6	Lp
7	7	Lp
7	8	Lp
7	9	Lp
7	10	Lp
7	11	Lp
7	12	Lp
7	13	Lp
7	14	Lp
7	15	Lp
7	16	Lp
7	17	Lp
7	18	Lp
7	19	Lp
7	20	Lp
7	21	Lp
7	22	Lp
7	23	Lp
7	24	U
7	25	L
7	26	L
7	27	L
7	28	L
7	29	L
7	30	Lp
7	31	Lp
7	32	Lp
7	33	Lp
7	34	Lp
7	35	-1
7	36	Lp
7	37	Lp
7	38	Lp
7	39	L
7	40	L
7	41	Lp
7	42	-1
7	43	L
7	44	L
7	45	L
7	46	L
7	47	-1
7	48	-1
7	49	L
7	50	Lp
7	51	L
7	52	Lp
7	53	Lp
7	54	Lp
7	55	Lp
7	56	Lp
7	57	Lp
7	58	Lp
7	59	Lp
7	60	-1
7	61	Lp
7	62	Lp
7	63	Lp
7	64	L
7	65	-1
7	66	-1
7	67	-1
7	68	Lp
7	69	Lp
7	70	Lp
7	71	L
7	72	L
7	73	L
7	74	L
7	75	Lp
7	76	Lp
7	77	Lp
7	78	Lp
7	79	Lp
7	80	Lp
7	81	Lp
7	82	Lp
7	83	Lp
7	84	Lp
7	85	Lp
7	86	Lp
7	87	Lp
7	88	Lp
7	89	Lp
7	90	-1
7	91	Lp
7	92	Lp
7	93	Lp
7	94	Lp
7	95	-1
7	96	U
7	97	-1
7	98	Lp
7	99	Lp
7	100	U
7	101	U
7	102	Lp
7	103	Lp
7	104	Lp
7	105	Lp
7	106	Lp
7	107	L
7	108	L
7	109	-1
7	110	L
7	111	L
7	112	L
7	113	Lp
7	114	Lp
7	115	-1
7	116	L
7	117	-1
7	118	-1
7	119	L
8	0	-1
8	1	L
8	2	Lp
8	3	Lp
8	4	Lp
8	5	Lp
8	6	Lp
8	7	Lp
8	8	Lp
8	9	Lp
8	10	Lp
8	11	Lp
8	12	Lp
8	13	-1
8	14	Lp
8	15	Lp
8	16	Lp
8	17	Lp
8	18	L
8	19	Lp
8	20	L
8	21	-1
8	22	Lp
8	23	U
8	24	L
8	25	L
8	26	L
8	27	L
8	28	L
8	29	L
8	30	L
8	31	-1
8	32	-1
8	33	Lp
8	34	Lp
8	35	Lp
8	36	Lp
8	37	Lp
8	38	Lp
8	39	Lp
8	40	Lp
8	41	Lp
8	42	L
8	43	L
8	44	L
8	45	-1
8	46	L
8	47	Lp
8	48	L
8	49	Lp
8	50	Lp
8	51	Lp
8	52	-1
8	53	L
8	54	Lp
8	55	Lp
8	56	Lp
8	57	Lp
8	58	Lp
8	59	Lp
8	60	Lp
8	61	L
8	62	-1
8	63	Lp
8	64	L
8	65	U
8	66	-1
8	67	L
8	68	Lp
8	69	Lp
8	70	L
8	71	L
8	72	L
8	73	-1
8	74	L
8	75	Lp
8	76	Lp
8	77	U
8	78	-1
8	79	Lp
8	80	-1
8	81	Lp
8	82	Lp
8	83	Lp
8	84	Lp
8	85	-1
8	86	Lp
8	87	-1
8	88	Lp
8	89	Lp
8	90	Lp
8	91	Lp
8	92	Lp
8	93	Lp
8	94	U
8	95	U
8	96	Lp
8	97	U
8	98	Lp
8	99	-1
8	100	U
8	101	U
8	102	U
8	103	Lp
8	104	-1
8	105	Lp
8	106	L
8	107	L
8	108	L
8	109	L
8	110	L
8	111	L
8	112	L
8	113	L
8	114	L
8	115	L
8	116	L
8	117	L
8	118	Lp
8	119	-1
9	0	L
9	1	L
9	2	L
9	3	Lp
9	4	Lp
9	5	-1
9	6	Lp
9	7	-1
9	8	-1
9	9	Lp
9	10	Lp
9	11	Lp
9	12	Lp
9	13	Lp
9	14	Lp
9	15	-1
9	16	L
9	17	Lp
9	18	Lp
9	19	Lp
9	20	Lp
9	21	Lp
9	22	Lp
9	23	Lp
9	24	L
9	25	L
9	26	L
9	27	L
9	28	L
9	29	L
9	30	Lp
9	31	Lp
9	32	-1
9	33	-1
9	34	L
9	35	Lp
9	36	Lp
9	37	Lp
9	38	Lp
9	39	-1
9	40	-1
9	41	-1
9	42	L
9	43	L
9	44	L
9	45	L
9	46	-1
9	47	L
9	48	Lp
9	49	L
9	50	L
9	51	L
9	52	L
9	53	-1
9	54	Lp
9	55	-1
9	56	-1
9	57	Lp
9	58	Lp
9	59	Lp
9	60	Lp
9	61	Lp
9	62	Lp
9	63	L
9	64	U
9	65	U
9	66	U
9	67	-1
9	68	L
9	69	L
9	70	Lp
9	71	L
9	72	L
9	73	L
9	74	Lp
9	75	-1
9	76	Lp
9	77	Lp
9	78	Lp
9	79	Lp
9	80	Lp
9	81	Lp
9	82	Lp
9	83	Lp
9	84	-1
9	85	Lp
9	86	Lp
9	87	Lp
9	88	-1
9	89	-1
9	90	-1
9	91	-1
9	92	Lp
9	93	Lp
9	94	Lp
9	95	Lp
9	96	-1
9	97	Lp
9	98	U
9	99	U
9	100	U
9	101	Lp
9	102	L
9	103	Lp
9	104	-1
9	105	Lp
9	106	Lp
9	107	L
9	108	Lp
9	109	L
9	110	L
9	111	L
9	112	L
9	113	L
9	114	-1
9	115	L
9	116	-1
9	117	-1
9	118	L
9	119	L
10	0	L
10	1	L
10	2	-1
10	3	Lp
10	4	Lp
10	5	-1
10	6	Lp
10	7	Lp
10	8	-1
10	9	-1
10	10	Lp
10	11	-1
10	12	Lp
10	13	Lp
10	14	L
10	15	L
10	16	L
10	17	Lp
10	18	Lp
10	19	Lp
10	20	Lp
10	21	Lp
10	22	Lp
10	23	Lp
10	24	Lp
10	25	L
10	26	L
10	27	L
10	28	L
10	29	Lp
10	30	Lp
10	31	Lp
10	32	Lp
10	33	Lp
10	34	Lp
10	35	Lp
10	36	Lp
10	37	U
10	38	Lp
10	39	Lp
10	40	-1
10	41	-1
10	42	L
10	43	L
10	44	L
10	45	L
10	46	L
10	47	L
10	48	Lp
10	49	L
10	50	L
10	51	L
10	52	-1
10	53	L
10	54	L
10	55	L
10	56	-1
10	57	Lp
10	58	L
10	59	L
10	60	Lp
10	61	Lp
10	62	Lp
10	63	L
10	64	-1
10	65	U
10	66	-1
10	67	-1
10	68	L
10	69	L
10	70	L
10	71	-1
10	72	L
10	73	L
10	74	Lp
10	75	Lp
10	76	Lp
10	77	U
10	78	Lp
10	79	Lp
10	80	U
10	81	-1
10	82	-1
10	83	-1
10	84	-1
10	85	Lp
10	86	Lp
10	87	Lp
10	88	-1
10	89	-1
10	90	Lp
10	91	-1
10	92	Lp
10	93	Lp
10	94	Lp
10	95	Lp
10	96	Lp
10	97	Lp
10	98	Lp
10	99	U
10	100	U
10	101	-1
10	102	Lp
10	103	L
10	104	-1
10	105	Lp
10	106	-1
10	107	Lp
10	108	Lp
10	109	Lp
10	110	Lp
10	111	Lp
10	112	-1
10	113	-1
10	114	L
10	115	-1
10	116	L
10	117	L
10	118	L
10	119	-1
11	0	L
11	1	L
11	2	L
11	3	Lp
11	4	Lp
11	5	Lp
11	6	Lp
11	7	Lp
11	8	-1
11	9	Lp
11	10	Lp
11	11	Lp
11	12	Lp
11	13	L
11	14	L
11	15	Lp
11	16	L
11	17	Lp
11	18	Lp
11	19	Lp
11	20	Lp
11	21	Lp
11	22	Lp
11	23	-1
11	24	-1
11	25	L
11	26	-1
11	27	Lp
11	28	Lp
11	29	U
11	30	U
11	31	Lp
11	32	Lp
11	33	Lp
11	34	Lp
11	35	Lp
11	36	U
11	37	U
11	38	-1
11	39	Lp
11	40	-1
11	41	Lp
11	42	Lp
11	43	L
11	44	Lp
11	45	L
11	46	L
11	47	Lp
11	48	L
11	49	L
11	50	L
11	51	L
11	52	L
11	53	L
11	54	L
11	55	L
11	56	L
11	57	L
11	58	L
11	59	L
11	60	Lp
11	61	-1
11	62	Lp
11	63	Lp
11	64	L
11	65	Lp
11	66	Lp
11	67	Lp
11	68	L
11	69	L
11	70	L
11	71	L
11	72	L
11	73	L
11	74	U
11	75	Lp
11	76	Lp
11	77	Lp
11	78	-1
11	79	U
11	80	Lp
11	81	Lp
11	82	-1
11	83	Lp
11	84	-1
11	85	Lp
11	86	Lp
11	87	Lp
11	88	-1
11	89	-1
11	90	Lp
11	91	Lp
11	92	Lp
11	93	Lp
11	94	Lp
11	95	-1
11	96	Lp
11	97	-1
11	98	Lp
11	99	Lp
11	100	-1
11	101	Lp
11	102	Lp
11	103	Lp
11	104	-1
11	105	Lp
11	106	-1
11	107	L
11	108	Lp
11	109	Lp
11	110	-1
11	111	L
11	112	-1
11	113	Lp
11	114	L
11	115	Lp
11	116	-1
11	117	L
11	118	L
11	119	L
12	0	L
12	1	-1
12	2	Lp
12	3	Lp
12	4	-1
12	5	Lp
12	6	Lp
12	7	Lp
12	8	Lp
12	9	Lp
12	10	L
12	11	-1
12	12	Lp
12	13	L
12	14	L
12	15	Lp
12	16	Lp
12	17	Lp
12	18	Lp
12	19	Lp
12	20	Lp
12	21	Lp
12	22	Lp
12	23	Lp
12	24	L
12	25	-1
12	26	Lp
12	27	Lp
12	28	-1
12	29	-1
12	30	U
12	31	Lp
12	32	-1
12	33	-1
12	34	Lp
12	35	Lp
12	36	U
12	37	U
12	38	-1
12	39	-1
12	40	-1
12	41	Lp
12	42	Lp
12	43	Lp
12	44	Lp
12	45	L
12	46	Lp
12	47	L
12	48	Lp
12	49	Lp
12	50	Lp
12	51	Lp
12	52	-1
12	53	L
12	54	-1
12	55	-1
12	56	-1
12	57	Lp
12	58	-1
12	59	-1
12	60	Lp
12	61	Lp
12	62	Lp
12	63	L
12	64	Lp
12	65	L
12	66	Lp
12	67	Lp
12	68	L
12	69	L
12	70	L
12	71	L
12	72	-1
12	73	L
12	74	-1
12	75	Lp
12	76	Lp
12	77	Lp
12	78	L
12	79	Lp
12	80	Lp
12	81	Lp
12	82	-1
12	83	Lp
12	84	L
12	85	-1
12	86	-1
12	87	Lp
12	88	Lp
12	89	Lp
12	90	-1
12	91	-1
12	92	Lp
12	93	Lp
12	94	-1
12	95	Lp
12	96	Lp
12	97	Lp
12	98	-1
12	99	Lp
12	100	Lp
12	101	Lp
12	102	Lp
12	103	Lp
12	104	Lp
12	105	Lp
12	106	-1
12	107	L
12	108	Lp
12	109	Lp
12	110	Lp
12	111	L
12	112	-1
12	113	L
12	114	Lp
12	115	L
12	116	L
12	117	L
12	118	Lp
12	119	Lp
13	0	Lp
13	1	U
13	2	Lp
13	3	Lp
13	4	Lp
13	5	Lp
13	6	L
13	7	L
13	8	L
13	9	-1
13	10	L
13	11	Lp
13	12	L
13	13	Lp
13	14	L
13	15	Lp
13	16	Lp
13	17	Lp
13	18	Lp
13	19	Lp
13	20	Lp
13	21	-1
13	22	Lp
13	23	Lp
13	24	Lp
13	25	Lp
13	26	Lp
13	27	-1
13	28	-1
13	29	-1
13	30	U
13	31	U
13	32	Lp
13	33	Lp
13	34	-1
13	35	U
13	36	U
13	37	U
13	38	-1
13	39	Lp
13	40	Lp
13	41	Lp
13	42	Lp
13	43	L
13	44	L
13	45	Lp
13	46	-1
13	47	L
13	48	L
13	49	Lp
13	50	Lp
13	51	Lp
13	52	L
13	53	-1
13	54	L
13	55	L
13	56	L
13	57	-1
13	58	Lp
13	59	Lp
13	60	-1
13	61	Lp
13	62	-1
13	63	L
13	64	L
13	65	Lp
13	66	-1
13	67	Lp
13	68	-1
13	69	-1
13	70	L
13	71	-1
13	72	-1
13	73	L
13	74	L
13	75	Lp
13	76	Lp
13	77	Lp
13	78	L
13	79	Lp
13	80	Lp
13	81	Lp
13	82	Lp
13	83	-1
13	84	Lp
13	85	Lp
13	86	Lp
13	87	Lp
13	88	Lp
13	89	Lp
13	90	Lp
13	91	-1
13	92	Lp
13	93	Lp
13	94	Lp
13	95	Lp
13	96	Lp
13	97	Lp
13	98	Lp
13	99	Lp
13	100	Lp
13	101	Lp
13	102	Lp
13	103	Lp
13	104	Lp
13	105	Lp
13	106	Lp
13	107	Lp
13	108	Lp
13	109	Lp
13	110	Lp
13	111	Lp
13	112	L
13	113	L
13	114	L
13	115	L
13	116	L
13	117	Lp
13	118	L
13	119	-1
14	0	U
14	1	Lp
14	2	U
14	3	Lp
14	4	Lp
14	5	L
14	6	Lp
14	7	L
14	8	L
14	9	L
14	10	L
14	11	L
14	12	Lp
14	13	Lp
14	14	Lp
14	15	Lp
14	16	-1
14	17	Lp
14	18	Lp
14	19	Lp
14	20	-1
14	21	Lp
14	22	Lp
14	23	Lp
14	24	Lp
14	25	Lp
14	26	-1
14	27	-1
14	28	U
14	29	Lp
14	30	U
14	31	U
14	32	U
14	33	-1
14	34	Lp
14	35	U
14	36	U
14	37	U
14	38	Lp
14	39	-1
14	40	Lp
14	41	-1
14	42	Lp
14	43	L
14	44	L
14	45	Lp
14	46	-1
14	47	L
14	48	L
14	49	L
14	50	L
14	51	L
14	52	L
14	53	-1
14	54	L
14	55	L
14	56	L
14	57	-1
14	58	Lp
14	59	Lp
14	60	Lp
14	61	Lp
14	62	-1
14	63	L
14	64	L
14	65	L
14	66	-1
14	67	Lp
14	68	L
14	69	L
14	70	-1
14	71	Lp
14	72	L
14	73	L
14	74	Lp
14	75	Lp
14	76	-1
14	77	L
14	78	L
14	79	Lp
14	80	-1
14	81	Lp
14	82	-1
14	83	Lp
14	84	Lp
14	85	Lp
14	86	Lp
14	87	Lp
14	88	Lp
14	89	Lp
14	90	-1
14	91	-1
14	92	Lp
14	93	Lp
14	94	Lp
14	95	Lp
14	96	Lp
14	97	Lp
14	98	Lp
14	99	-1
14	100	Lp
14	101	Lp
14	102	Lp
14	103	Lp
14	104	Lp
14	105	Lp
14	106	Lp
14	107	Lp
14	108	Lp
14	109	Lp
14	110	Lp
14	111	Lp
14	112	L
14	113	Lp
14	114	Lp
14	115	Lp
14	116	L
14	117	-1
14	118	-1
14	119	-1
15	0	U
15	1	Lp
15	2	Lp
15	3	-1
15	4	-1
15	5	-1
15	6	Lp
15	7	-1
15	8	L
15	9	L
15	10	L
15	11	L
15	12	Lp
15	13	-1
15	14	Lp
15	15	-1
15	16	Lp
15	17	Lp
15	18	-1
15	19	-1
15	20	Lp
15	21	Lp
15	22	Lp
15	23	Lp
15	24	Lp
15	25	-1
15	26	-1
15	27	U
15	28	U
15	29	Lp
15	30	U
15	31	U
15	32	U
15	33	U
15	34	Lp
15	35	U
15	36	Lp
15	37	-1
15	38	Lp
15	39	-1
15	40	Lp
15	41	Lp
15	42	Lp
15	43	L
15	44	L
15	45	Lp
15	46	-1
15	47	L
15	48	Lp
15	49	Lp
15	50	Lp
15	51	L
15	52	L
15	53	L
15	54	L
15	55	L
15	56	L
15	57	Lp
15	58	Lp
15	59	Lp
15	60	Lp
15	61	Lp
15	62	Lp
15	63	Lp
15	64	L
15	65	Lp
15	66	-1
15	67	Lp
15	68	L
15	69	L
15	70	-1
15	71	Lp
15	72	Lp
15	73	L
15	74	Lp
15	75	L
15	76	L
15	77	Lp
15	78	Lp
15	79	-1
15	80	Lp
15	81	Lp
15	82	Lp
15	83	U
15	84	Lp
15	85	Lp
15	86	Lp
15	87	Lp
15	88	Lp
15	89	Lp
15	90	Lp
15	91	Lp
15	92	Lp
15	93	Lp
15	94	Lp
15	95	Lp
15	96	Lp
15	97	-1
15	98	Lp
15	99	Lp
15	100	Lp
15	101	Lp
15	102	Lp
15	103	-1
15	104	Lp
15	105	Lp
15	106	-1
15	107	-1
15	108	Lp
15	109	Lp
15	110	Lp
15	111	Lp
15	112	-1
15	113	L
15	114	Lp
15	115	Lp
15	116	Lp
15	117	U
15	118	Lp
15	119	Lp
16	0	-1
16	1	L
16	2	Lp
16	3	-1
16	4	L
16	5	L
16	6	L
16	7	Lp
16	8	L
16	9	-1
16	10	Lp
16	11	-1
16	12	Lp
16	13	-1
16	14	Lp
16	15	Lp
16	16	Lp
16	17	Lp
16	18	-1
16	19	Lp
16	20	Lp
16	21	-1
16	22	Lp
16	23	-1
16	24	Lp
16	25	Lp
16	26	-1
16	27	Lp
16	28	Lp
16	29	Lp
16	30	Lp
16	31	U
16	32	-1
16	33	U
16	34	Lp
16	35	-1
16	36	Lp
16	37	Lp
16	38	Lp
16	39	Lp
16	40	Lp
16	41	-1
16	42	Lp
16	43	Lp
16	44	Lp
16	45	Lp
16	46	Lp
16	47	L
16	48	Lp
16	49	Lp
16	50	L
16	51	L
16	52	L
16	53	-1
16	54	Lp
16	55	L
16	56	L
16	57	Lp
16	58	-1
16	59	Lp
16	60	L
16	61	Lp
16	62	Lp
16	63	Lp
16	64	Lp
16	65	Lp
16	66	Lp
16	67	-1
16	68	Lp
16	69	-1
16	70	L
16	71	Lp
16	72	L
16	73	-1
16	74	Lp
16	75	-1
16	76	Lp
16	77	-1
16	78	Lp
16	79	Lp
16	80	-1
16	81	Lp
16	82	U
16	83	U
16	84	-1
16	85	Lp
16	86	Lp
16	87	Lp
16	88	Lp
16	89	Lp
16	90	Lp
16	91	Lp
16	92	Lp
16	93	Lp
16	94	-1
16	95	Lp
16	96	Lp
16	97	Lp
16	98	-1
16	99	Lp
16	100	Lp
16	101	Lp
16	102	Lp
16	103	-1
16	104	-1
16	105	Lp
16	106	Lp
16	107	Lp
16	108	Lp
16	109	-1
16	110	Lp
16	111	-1
16	112	-1
16	113	Lp
16	114	Lp
16	115	Lp
16	116	L
16	117	U
16	118	Lp
16	119	U
17	0	U
17	1	Lp
17	2	Lp
17	3	L
17	4	L
17	5	-1
17	6	U
17	7	U
17	8	Lp
17	9	Lp
17	10	-1
17	11	Lp
17	12	Lp
17	13	-1
17	14	Lp
17	15	Lp
17	16	Lp
17	17	-1
17	18	Lp
17	19	Lp
17	20	Lp
17	21	Lp
17	22	-1
17	23	Lp
17	24	Lp
17	25	Lp
17	26	Lp
17	27	Lp
17	28	Lp
17	29	Lp
17	30	L
17	31	L
17	32	Lp
17	33	U
17	34	Lp
17	35	Lp
17	36	-1
17	37	Lp
17	38	Lp
17	39	-1
17	40	Lp
17	41	Lp
17	42	Lp
17	43	Lp
17	44	Lp
17	45	Lp
17	46	Lp
17	47	-1
17	48	-1
17	49	Lp
17	50	-1
17	51	L
17	52	-1
17	53	-1
17	54	Lp
17	55	L
17	56	-1
17	57	Lp
17	58	-1
17	59	L
17	60	L
17	61	-1
17	62	-1
17	63	-1
17	64	Lp
17	65	Lp
17	66	L
17	67	-1
17	68	L
17	69	-1
17	70	-1
17	71	Lp
17	72	Lp
17	73	-1
17	74	Lp
17	75	U
17	76	-1
17	77	Lp
17	78	Lp
17	79	-1
17	80	Lp
17	81	-1
17	82	-1
17	83	Lp
17	84	Lp
17	85	Lp
17	86	-1
17	87	Lp
17	88	Lp
17	89	Lp
17	90	Lp
17	91	Lp
17	92	Lp
17	93	Lp
17	94	Lp
17	95	Lp
17	96	Lp
17	97	-1
17	98	Lp
17	99	Lp
17	100	Lp
17	101	Lp
17	102	Lp
17	103	Lp
17	104	Lp
17	105	Lp
17	106	Lp
17	107	Lp
17	108	Lp
17	109	Lp
17	110	Lp
17	111	Lp
17	112	Lp
17	113	Lp
17	114	Lp
17	115	Lp
17	116	-1
17	117	Lp
17	118	L
17	119	Lp
18	0	Lp
18	1	-1
18	2	-1
18	3	U
18	4	U
18	5	L
18	6	U
18	7	U
18	8	L
18	9	Lp
18	10	-1
18	11	Lp
18	12	-1
18	13	-1
18	14	Lp
18	15	Lp
18	16	Lp
18	17	Lp
18	18	Lp
18	19	Lp
18	20	-1
18	21	Lp
18	22	-1
18	23	-1
18	24	Lp
18	25	Lp
18	26	Lp
18	27	-1
18	28	Lp
18	29	-1
18	30	-1
18	31	U
18	32	Lp
18	33	Lp
18	34	Lp
18	35	-1
18	36	Lp
18	37	Lp
18	38	Lp
18	39	Lp
18	40	Lp
18	41	Lp
18	42	Lp
18	43	-1
18	44	Lp
18	45	Lp
18	46	Lp
18	47	Lp
18	48	Lp
18	49	U
18	50	U
18	51	Lp
18	52	Lp
18	53	-1
18	54	Lp
18	55	-1
18	56	Lp
18	57	Lp
18	58	Lp
18	59	-1
18	60	Lp
18	61	-1
18	62	Lp
18	63	-1
18	64	Lp
18	65	L
18	66	Lp
18	67	L
18	68	-1
18	69	L
18	70	Lp
18	71	-1
18	72	-1
18	73	Lp
18	74	U
18	75	U
18	76	Lp
18	77	U
18	78	Lp
18	79	Lp
18	80	Lp
18	81	Lp
18	82	Lp
18	83	Lp
18	84	Lp
18	85	Lp
18	86	-1
18	87	-1
18	88	Lp
18	89	Lp
18	90	Lp
18	91	Lp
18	92	Lp
18	93	Lp
18	94	Lp
18	95	Lp
18	96	Lp
18	97	Lp
18	98	Lp
18	99	Lp
18	100	Lp
18	101	Lp
18	102	Lp
18	103	-1
18	104	Lp
18	105	Lp
18	106	Lp
18	107	Lp
18	108	Lp
18	109	Lp
18	110	Lp
18	111	Lp
18	112	-1
18	113	-1
18	114	Lp
18	115	-1
18	116	Lp
18	117	Lp
18	118	L
18	119	L
19	0	L
19	1	Lp
19	2	L
19	3	Lp
19	4	L
19	5	L
19	6	U
19	7	U
19	8	U
19	9	Lp
19	10	-1
19	11	-1
19	12	Lp
19	13	Lp
19	14	-1
19	15	Lp
19	16	-1
19	17	Lp
19	18	Lp
19	19	Lp
19	20	Lp
19	21	Lp
19	22	-1
19	23	-1
19	24	Lp
19	25	Lp
19	26	Lp
19	27	-1
19	28	Lp
19	29	U
19	30	U
19	31	Lp
19	32	Lp
19	33	-1
19	34	Lp
19	35	Lp
19	36	Lp
19	37	Lp
19	38	-1
19	39	Lp
19	40	-1
19	41	-1
19	42	U
19	43	Lp
19	44	Lp
19	45	Lp
19	46	-1
19	47	Lp
19	48	Lp
19	49	-1
19	50	-1
19	51	-1
19	52	Lp
19	53	Lp
19	54	-1
19	55	-1
19	56	-1
19	57	Lp
19	58	Lp
19	59	-1
19	60	Lp
19	61	Lp
19	62	Lp
19	63	Lp
19	64	Lp
19	65	Lp
19	66	Lp
19	67	Lp
19	68	L
19	69	Lp
19	70	Lp
19	71	Lp
19	72	-1
19	73	Lp
19	74	-1
19	75	Lp
19	76	U
19	77	Lp
19	78	Lp
19	79	Lp
19	80	-1
19	81	-1
19	82	Lp
19	83	Lp
19	84	U
19	85	Lp
19	86	Lp
19	87	Lp
19	88	Lp
19	89	Lp
19	90	Lp
19	91	Lp
19	92	Lp
19	93	-1
19	94	Lp
19	95	Lp
19	96	Lp
19	97	Lp
19	98	Lp
19	99	Lp
19	100	Lp
19	101	Lp
19	102	Lp
19	103	Lp
19	104	Lp
19	105	-1
19	106	-1
19	107	Lp
19	108	Lp
19	109	Lp
19	110	Lp
19	111	Lp
19	112	Lp
19	113	Lp
19	114	Lp
19	115	-1
19	116	Lp
19	117	Lp
19	118	L
19	119	L
20	0	L
20	1	-1
20	2	Lp
20	3	-1
20	4	Lp
20	5	-1
20	6	U
20	7	Lp
20	8	Lp
20	9	-1
20	10	Lp
20	11	-1
20	12	Lp
20	13	Lp
20	14	Lp
20	15	Lp
20	16	Lp
20	17	L
20	18	Lp
20	19	Lp
20	20	L
20	21	-1
20	22	-1
20	23	U
20	24	Lp
20	25	Lp
20	26	Lp
20	27	U
20	28	U
20	29	Lp
20	30	Lp
20	31	-1
20	32	Lp
20	33	Lp
20	34	Lp
20	35	Lp
20	36	Lp
20	37	-1
20	38	-1
20	39	Lp
20	40	Lp
20	41	U
20	42	U
20	43	U
20	44	Lp
20	45	Lp
20	46	-1
20	47	Lp
20	48	Lp
20	49	-1
20	50	U
20	51	U
20	52	U
20	53	Lp
20	54	-1
20	55	Lp
20	56	Lp
20	57	-1
20	58	-1
20	59	-1
20	60	Lp
20	61	L
20	62	L
20	63	-1
20	64	Lp
20	65	-1
20	66	Lp
20	67	-1
20	68	-1
20	69	Lp
20	70	Lp
20	71	-1
20	72	-1
20	73	U
20	74	Lp
20	75	Lp
20	76	U
20	77	U
20	78	Lp
20	79	Lp
20	80	Lp
20	81	Lp
20	82	U
20	83	Lp
20	84	Lp
20	85	Lp
20	86	Lp
20	87	Lp
20	88	Lp
20	89	-1
20	90	Lp
20	91	Lp
20	92	Lp
20	93	Lp
20	94	Lp
20	95	Lp
20	96	Lp
20	97	L
20	98	-1
20	99	-1
20	100	Lp
20	101	Lp
20	102	Lp
20	103	-1
20	104	Lp
20	105	Lp
20	106	Lp
20	107	Lp
20	108	Lp
20	109	-1
20	110	-1
20	111	Lp
20	112	L
20	113	Lp
20	114	Lp
20	115	Lp
20	116	Lp
20	117	-1
20	118	L
20	119	L
21	0	Lp
21	1	L
21	2	-1
21	3	Lp
21	4	Lp
21	5	-1
21	6	Lp
21	7	U
21	8	Lp
21	9	Lp
21	10	Lp
21	11	Lp
21	12	Lp
21	13	Lp
21	14	Lp
21	15	Lp
21	16	-1
21	17	-1
21	18	L
21	19	L
21	20	Lp
21	21	-1
21	22	L
21	23	Lp
21	24	U
21	25	Lp
21	26	Lp
21	27	Lp
21	28	-1
21	29	U
21	30	U
21	31	Lp
21	32	-1
21	33	-1
21	34	Lp
21	35	Lp
21	36	-1
21	37	Lp
21	38	Lp
21	39	-1
21	40	Lp
21	41	Lp
21	42	U
21	43	U
21	44	U
21	45	Lp
21	46	-1
21	47	Lp
21	48	Lp
21	49	Lp
21	50	U
21	51	U
21	52	U
21	53	U
21	54	-1
21	55	Lp
21	56	Lp
21	57	Lp
21	58	-1
21	59	Lp
21	60	L
21	61	Lp
21	62	L
21	63	Lp
21	64	-1
21	65	Lp
21	66	Lp
21	67	Lp
21	68	Lp
21	69	-1
21	70	L
21	71	-1
21	72	-1
21	73	-1
21	74	Lp
21	75	Lp
21	76	-1
21	77	Lp
21	78	Lp
21	79	Lp
21	80	Lp
21	81	Lp
21	82	-1
21	83	Lp
21	84	Lp
21	85	Lp
21	86	Lp
21	87	Lp
21	88	-1
21	89	Lp
21	90	Lp
21	91	Lp
21	92	Lp
21	93	Lp
21	94	Lp
21	95	Lp
21	96	-1
21	97	Lp
21	98	L
21	99	Lp
21	100	Lp
21	101	Lp
21	102	Lp
21	103	Lp
21	104	Lp
21	105	Lp
21	106	Lp
21	107	-1
21	108	Lp
21	109	-1
21	110	L
21	111	L
21	112	Lp
21	113	Lp
21	114	L
21	115	Lp
21	116	-1
21	117	Lp
21	118	-1
21	119	L
22	0	Lp
22	1	Lp
22	2	Lp
22	3	Lp
22	4	Lp
22	5	Lp
22	6	Lp
22	7	Lp
22	8	-1
22	9	Lp
22	10	Lp
22	11	Lp
22	12	Lp
22	13	Lp
22	14	Lp
22	15	L
22	16	Lp
22	17	L
22	18	L
22	19	Lp
22	20	Lp
22	21	L
22	22	Lp
22	23	Lp
22	24	Lp
22	25	U
22	26	Lp
22	27	Lp
22	28	U
22	29	U
22	30	Lp
22	31	Lp
22	32	Lp
22	33	Lp
22	34	Lp
22	35	Lp
22	36	Lp
22	37	U
22	38	Lp
22	39	Lp
22	40	Lp
22	41	Lp
22	42	Lp
22	43	Lp
22	44	-1
22	45	Lp
22	46	Lp
22	47	Lp
22	48	Lp
22	49	Lp
22	50	U
22	51	U
22	52	Lp
22	53	Lp
22	54	-1
22	55	Lp
22	56	Lp
22	57	Lp
22	58	-1
22	59	-1
22	60	L
22	61	L
22	62	Lp
22	63	Lp
22	64	-1
22	65	Lp
22	66	Lp
22	67	Lp
22	68	Lp
22	69	Lp
22	70	Lp
22	71	L
22	72	Lp
22	73	U
22	74	Lp
22	75	-1
22	76	-1
22	77	-1
22	78	Lp
22	79	Lp
22	80	Lp
22	81	Lp
22	82	Lp
22	83	Lp
22	84	-1
22	85	Lp
22	86	Lp
22	87	Lp
22	88	Lp
22	89	Lp
22	90	Lp
22	91	Lp
22	92	Lp
22	93	L
22	94	-1
22	95	L
22	96	Lp
22	97	Lp
22	98	Lp
22	99	-1
22	100	Lp
22	101	-1
22	102	Lp
22	103	-1
22	104	Lp
22	105	Lp
22	106	Lp
22	107	Lp
22	108	Lp
22	109	L
22	110	L
22	111	L
22	112	Lp
22	113	Lp
22	114	L
22	115	Lp
22	116	Lp
22	117	-1
22	118	-1
22	119	Lp
23	0	Lp
23	1	Lp
23	2	Lp
23	3	Lp
23	4	Lp
23	5	Lp
23	6	L
23	7	L
23	8	Lp
23	9	Lp
23	10	Lp
23	11	Lp
23	12	Lp
23	13	Lp
23	14	-1
23	15	Lp
23	16	Lp
23	17	L
23	18	L
23	19	Lp
23	20	Lp
23	21	Lp
23	22	Lp
23	23	Lp
23	24	Lp
23	25	Lp
23	26	Lp
23	27	Lp
23	28	-1
23	29	-1
23	30	Lp
23	31	Lp
23	32	Lp
23	33	-1
23	34	Lp
23	35	Lp
23	36	Lp
23	37	-1
23	38	Lp
23	39	Lp
23	40	Lp
23	41	Lp
23	42	Lp
23	43	Lp
23	44	Lp
23	45	Lp
23	46	Lp
23	47	Lp
23	48	Lp
23	49	Lp
23	50	-1
23	51	Lp
23	52	-1
23	53	Lp
23	54	Lp
23	55	-1
23	56	-1
23	57	Lp
23	58	Lp
23	59	Lp
23	60	L
23	61	Lp
23	62	Lp
23	63	L
23	64	Lp
23	65	Lp
23	66	Lp
23	67	-1
23	68	-1
23	69	Lp
23	70	Lp
23	71	L
23	72	L
23	73	L
23	74	Lp
23	75	Lp
23	76	Lp
23	77	Lp
23	78	Lp
23	79	Lp
23	80	Lp
23	81	Lp
23	82	Lp
23	83	-1
23	84	Lp
23	85	Lp
23	86	Lp
23	87	Lp
23	88	Lp
23	89	Lp
23	90	Lp
23	91	L
23	92	L
23	93	L
23	94	L
23	95	L
23	96	Lp
23	97	Lp
23	98	Lp
23	99	Lp
23	100	Lp
23	101	Lp
23	102	Lp
23	103	Lp
23	104	Lp
23	105	Lp
23	106	Lp
23	107	Lp
23	108	Lp
23	109	-1
23	110	L
23	111	L
23	112	Lp
23	113	Lp
23	114	L
23	115	-1
23	116	L
23	117	L
23	118	Lp
23	119	-1
24	0	Lp
24	1	Lp
24	2	Lp
24	3	Lp
24	4	Lp
24	5	Lp
24	6	-1
24	7	Lp
24	8	L
24	9	Lp
24	10	Lp
24	11	Lp
24	12	Lp
24	13	Lp
24	14	L
24	15	L
24	16	Lp
24	17	-1
24	18	L
24	19	-1
24	20	-1
24	21	-1
24	22	Lp
24	23	Lp
24	24	-1
24	25	Lp
24	26	Lp
24	27	Lp
24	28	Lp
24	29	-1
24	30	-1
24	31	Lp
24	32	Lp
24	33	Lp
24	34	Lp
24	35	-1
24	36	Lp
24	37	Lp
24	38	Lp
24	39	Lp
24	40	Lp
24	41	Lp
24	42	Lp
24	43	-1
24	44	Lp
24	45	L
24	46	Lp
24	47	Lp
24	48	Lp
24	49	Lp
24	50	Lp
24	51	-1
24	52	Lp
24	53	Lp
24	54	-1
24	55	Lp
24	56	Lp
24	57	Lp
24	58	Lp
24	59	L
24	60	L
24	61	L
24	62	Lp
24	63	-1
24	64	Lp
24	65	Lp
24	66	Lp
24	67	-1
24	68	-1
24	69	Lp
24	70	Lp
24	71	Lp
24	72	Lp
24	73	Lp
24	74	Lp
24	75	Lp
24	76	Lp
24	77	Lp
24	78	Lp
24	79	-1
24	80	Lp
24	81	Lp
24	82	-1
24	83	Lp
24	84	Lp
24	85	-1
24	86	Lp
24	87	Lp
24	88	Lp
24	89	Lp
24	90	Lp
24	91	Lp
24	92	Lp
24	93	L
24	94	L
24	95	Lp
24	96	Lp
24	97	Lp
24	98	-1
24	99	-1
24	100	Lp
24	101	Lp
24	102	Lp
24	103	Lp
24	104	Lp
24	105	Lp
24	106	Lp
24	107	L
24	108	L
24	109	L
24	110	Lp
24	111	-1
24	112	Lp
24	113	L
24	114	L
24	115	L
24	116	L
24	117	-1
24	118	Lp
24	119	Lp
25	0	Lp
25	1	Lp
25	2	L
25	3	L
25	4	Lp
25	5	Lp
25	6	-1
25	7	Lp
25	8	Lp
25	9	Lp
25	10	Lp
25	11	Lp
25	12	-1
25	13	Lp
25	14	Lp
25	15	Lp
25	16	Lp
25	17	Lp
25	18	Lp
25	19	L
25	20	Lp
25	21	-1
25	22	Lp
25	23	Lp
25	24	Lp
25	25	Lp
25	26	Lp
25	27	-1
25	28	-1
25	29	Lp
25	30	-1
25	31	Lp
25	32	-1
25	33	Lp
25	34	Lp
25	35	Lp
25	36	Lp
25	37	Lp
25	38	-1
25	39	Lp
25	40	Lp
25	41	Lp
25	42	Lp
25	43	Lp
25	44	L
25	45	Lp
25	46	Lp
25	47	L
25	48	Lp
25	49	L
25	50	Lp
25	51	Lp
25	52	-1
25	53	Lp
25	54	-1
25	55	Lp
25	56	Lp
25	57	Lp
25	58	Lp
25	59	-1
25	60	L
25	61	L
25	62	Lp
25	63	Lp
25	64	Lp
25	65	L
25	66	L
25	67	Lp
25	68	Lp
25	69	Lp
25	70	Lp
25	71	Lp
25	72	-1
25	73	Lp
25	74	Lp
25	75	L
25	76	Lp
25	77	Lp
25	78	Lp
25	79	Lp
25	80	Lp
25	81	Lp
25	82	Lp
25	83	-1
25	84	Lp
25	85	-1
25	86	Lp
25	87	Lp
25	88	Lp
25	89	L
25	90	-1
25	91	Lp
25	92	Lp
25	93	-1
25	94	-1
25	95	Lp
25	96	Lp
25	97	Lp
25	98	Lp
25	99	Lp
25	100	Lp
25	101	Lp
25	102	Lp
25	103	-1
25	104	Lp
25	105	-1
25	106	L
25	107	-1
25	108	-1
25	109	L
25	110	L
25	111	Lp
25	112	L
25	113	-1
25	114	L
25	115	U
25	116	-1
25	117	L
25	118	L
25	119	Lp
26	0	L
26	1	L
26	2	Lp
26	3	-1
26	4	-1
26	5	-1
26	6	L
26	7	L
26	8	Lp
26	9	Lp
26	10	-1
26	11	Lp
26	12	Lp
26	13	-1
26	14	-1
26	15	Lp
26	16	Lp
26	17	Lp
26	18	Lp
26	19	Lp
26	20	-1
26	21	Lp
26	22	Lp
26	23	Lp
26	24	Lp
26	25	Lp
26	26	Lp
26	27	-1
26	28	Lp
26	29	Lp
26	30	Lp
26	31	-1
26	32	Lp
26	33	Lp
26	34	Lp
26	35	Lp
26	36	Lp
26	37	Lp
26	38	L
26	39	Lp
26	40	Lp
26	41	Lp
26	42	Lp
26	43	Lp
26	44	L
26	45	-1
26	46	Lp
26	47	Lp
26	48	L
26	49	L
26	50	L
26	51	Lp
26	52	Lp
26	53	Lp
26	54	Lp
26	55	Lp
26	56	Lp
26	57	-1
26	58	Lp
26	59	-1
26	60	-1
26	61	-1
26	62	L
26	63	Lp
26	64	L
26	65	-1
26	66	L
26	67	-1
26	68	Lp
26	69	Lp
26	70	Lp
26	71	Lp
26	72	Lp
26	73	Lp
26	74	Lp
26	75	Lp
26	76	Lp
26	77	-1
26	78	Lp
26	79	Lp
26	80	Lp
26	81	Lp
26	82	-1
26	83	Lp
26	84	Lp
26	85	Lp
26	86	Lp
26	87	Lp
26	88	Lp
26	89	Lp
26	90	Lp
26	91	-1
26	92	L
26	93	Lp
26	94	Lp
26	95	Lp
26	96	Lp
26	97	Lp
26	98	Lp
26	99	-1
26	100	-1
26	101	Lp
26	102	Lp
26	103	Lp
26	104	-1
26	105	-1
26	106	Lp
26	107	L
26	108	-1
26	109	L
26	110	L
26	111	L
26	112	L
26	113	L
26	114	U
26	115	L
26	116	L
26	117	L
26	118	L
26	119	L
27	0	-1
27	1	-1
27	2	-1
27	3	L
27	4	Lp
27	5	-1
27	6	L
27	7	-1
27	8	Lp
27	9	Lp
27	10	Lp
27	11	Lp
27	12	Lp
27	13	Lp
27	14	Lp
27	15	Lp
27	16	Lp
27	17	-1
27	18	Lp
27	19	Lp
27	20	-1
27	21	Lp
27	22	-1
27	23	-1
27	24	Lp
27	25	Lp
27	26	-1
27	27	-1
27	28	-1
27	29	Lp
27	30	Lp
27	31	Lp
27	32	-1
27	33	-1
27	34	Lp
27	35	Lp
27	36	Lp
27	37	Lp
27	38	Lp
27	39	-1
27	40	Lp
27	41	Lp
27	42	Lp
27	43	Lp
27	44	Lp
27	45	Lp
27	46	-1
27	47	-1
27	48	Lp
27	49	Lp
27	50	L
27	51	Lp
27	52	Lp
27	53	Lp
27	54	Lp
27	55	-1
27	56	Lp
27	57	Lp
27	58	Lp
27	59	Lp
27	60	Lp
27	61	L
27	62	Lp
27	63	Lp
27	64	-1
27	65	L
27	66	-1
27	67	L
27	68	Lp
27	69	Lp
27	70	Lp
27	71	Lp
27	72	Lp
27	73	Lp
27	74	Lp
27	75	Lp
27	76	Lp
27	77	Lp
27	78	Lp
27	79	Lp
27	80	Lp
27	81	Lp
27	82	Lp
27	83	Lp
27	84	Lp
27	85	Lp
27	86	Lp
27	87	Lp
27	88	Lp
27	89	Lp
27	90	Lp
27	91	Lp
27	92	-1
27	93	Lp
27	94	Lp
27	95	Lp
27	96	Lp
27	97	-1
27	98	-1
27	99	-1
27	100	Lp
27	101	Lp
27	102	Lp
27	103	-1
27	104	-1
27	105	Lp
27	106	-1
27	107	Lp
27	108	-1
27	109	L
27	110	L
27	111	L
27	112	L
27	113	-1
27	114	-1
27	115	L
27	116	-1
27	117	L
27	118	L
27	119	L
28	0	L
28	1	L
28	2	Lp
28	3	L
28	4	Lp
28	5	L
28	6	L
28	7	Lp
28	8	L
28	9	-1
28	10	Lp
28	11	Lp
28	12	-1
28	13	Lp
28	14	Lp
28	15	Lp
28	16	Lp
28	17	Lp
28	18	Lp
28	19	Lp
28	20	Lp
28	21	Lp
28	22	Lp
28	23	Lp
28	24	Lp
28	25	Lp
28	26	Lp
28	27	Lp
28	28	Lp
28	29	Lp
28	30	-1
28	31	-1
28	32	Lp
28	33	Lp
28	34	L
28	35	L
28	36	-1
28	37	Lp
28	38	L
28	39	L
28	40	-1
28	41	Lp
28	42	-1
28	43	Lp
28	44	-1
28	45	Lp
28	46	U
28	47	Lp
28	48	Lp
28	49	U
28	50	Lp
28	51	Lp
28	52	Lp
28	53	Lp
28	54	Lp
28	55	Lp
28	56	-1
28	57	Lp
28	58	Lp
28	59	Lp
28	60	L
28	61	L
28	62	L
28	63	-1
28	64	L
28	65	L
28	66	-1
28	67	Lp
28	68	-1
28	69	-1
28	70	-1
28	71	Lp
28	72	Lp
28	73	Lp
28	74	-1
28	75	Lp
28	76	Lp
28	77	Lp
28	78	Lp
28	79	-1
28	80	Lp
28	81	Lp
28	82	Lp
28	83	Lp
28	84	Lp
28	85	-1
28	86	Lp
28	87	-1
28	88	Lp
28	89	Lp
28	90	Lp
28	91	-1
28	92	-1
28	93	Lp
28	94	Lp
28	95	Lp
28	96	Lp
28	97	-1
28	98	Lp
28	99	Lp
28	100	Lp
28	101	Lp
28	102	-1
28	103	Lp
28	104	Lp
28	105	-1
28	106	Lp
28	107	L
28	108	U
28	109	U
28	110	-1
28	111	U
28	112	L
28	113	L
28	114	U
28	115	-1
28	116	L
28	117	-1
28	118	-1
28	119	-1
29	0	Lp
29	1	U
29	2	Lp
29	3	U
29	4	L
29	5	Lp
29	6	Lp
29	7	L
29	8	-1
29	9	-1
29	10	Lp
29	11	Lp
29	12	-1
29	13	-1
29	14	-1
29	15	-1
29	16	Lp
29	17	-1
29	18	-1
29	19	Lp
29	20	Lp
29	21	Lp
29	22	Lp
29	23	Lp
29	24	Lp
29	25	Lp
29	26	Lp
29	27	Lp
29	28	Lp
29	29	-1
29	30	U
29	31	Lp
29	32	Lp
29	33	L
29	34	L
29	35	Lp
29	36	-1
29	37	-1
29	38	L
29	39	-1
29	40	Lp
29	41	L
29	42	-1
29	43	-1
29	44	-1
29	45	Lp
29	46	Lp
29	47	-1
29	48	U
29	49	-1
29	50	Lp
29	51	Lp
29	52	Lp
29	53	-1
29	54	Lp
29	55	Lp
29	56	Lp
29	57	-1
29	58	Lp
29	59	L
29	60	L
29	61	L
29	62	L
29	63	L
29	64	Lp
29	65	Lp
29	66	Lp
29	67	Lp
29	68	-1
29	69	-1
29	70	-1
29	71	Lp
29	72	-1
29	73	Lp
29	74	-1
29	75	Lp
29	76	Lp
29	77	Lp
29	78	Lp
29	79	Lp
29	80	-1
29	81	Lp
29	82	Lp
29	83	Lp
29	84	Lp
29	85	Lp
29	86	Lp
29	87	-1
29	88	-1
29	89	Lp
29	90	Lp
29	91	Lp
29	92	-1
29	93	Lp
29	94	Lp
29	95	Lp
29	96	Lp
29	97	Lp
29	98	Lp
29	99	Lp
29	100	Lp
29	101	Lp
29	102	Lp
29	103	Lp
29	104	Lp
29	105	L
29	106	-1
29	107	L
29	108	-1
29	109	U
29	110	U
29	111	-1
29	112	U
29	113	Lp
29	114	-1
29	115	-1
29	116	-1
29	117	-1
29	118	L
29	119	Lp
30	0	L
30	1	L
30	2	U
30	3	U
30	4	U
30	5	L
30	6	U
30	7	L
30	8	Lp
30	9	Lp
30	10	-1
30	11	-1
30	12	Lp
30	13	Lp
30	14	-1
30	15	Lp
30	16	Lp
30	17	Lp
30	18	Lp
30	19	-1
30	20	Lp
30	21	Lp
30	22	Lp
30	23	Lp
30	24	Lp
30	25	Lp
30	26	Lp
30	27	Lp
30	28	-1
30	29	Lp
30	30	Lp
30	31	U
30	32	U
30	33	Lp
30	34	-1
30	35	L
30	36	Lp
30	37	Lp
30	38	L
30	39	L
30	40	L
30	41	L
30	42	Lp
30	43	-1
30	44	Lp
30	45	Lp
30	46	-1
30	47	Lp
30	48	Lp
30	49	Lp
30	50	Lp
30	51	Lp
30	52	Lp
30	53	Lp
30	54	-1
30	55	Lp
30	56	Lp
30	57	Lp
30	58	Lp
30	59	L
30	60	Lp
30	61	L
30	62	-1
30	63	Lp
30	64	Lp
30	65	Lp
30	66	Lp
30	67	Lp
30	68	-1
30	69	L
30	70	-1
30	71	Lp
30	72	Lp
30	73	Lp
30	74	Lp
30	75	Lp
30	76	L
30	77	L
30	78	Lp
30	79	-1
30	80	Lp
30	81	Lp
30	82	-1
30	83	-1
30	84	-1
30	85	Lp
30	86	Lp
30	87	Lp
30	88	-1
30	89	Lp
30	90	Lp
30	91	Lp
30	92	Lp
30	93	Lp
30	94	Lp
30	95	Lp
30	96	L
30	97	Lp
30	98	Lp
30	99	L
30	100	Lp
30	101	Lp
30	102	Lp
30	103	Lp
30	104	-1
30	105	L
30	106	L
30	107	Lp
30	108	L
30	109	U
30	110	-1
30	111	U
30	112	L
30	113	L
30	114	Lp
30	115	L
30	116	L
30	117	L
30	118	L
30	119	Lp
31	0	L
31	1	L
31	2	L
31	3	-1
31	4	-1
31	5	U
31	6	-1
31	7	L
31	8	Lp
31	9	-1
31	10	L
31	11	-1
31	12	Lp
31	13	-1
31	14	Lp
31	15	-1
31	16	Lp
31	17	Lp
31	18	Lp
31	19	Lp
31	20	Lp
31	21	Lp
31	22	Lp
31	23	Lp
31	24	Lp
31	25	Lp
31	26	Lp
31	27	Lp
31	28	Lp
31	29	Lp
31	30	-1
31	31	U
31	32	Lp
31	33	Lp
31	34	Lp
31	35	L
31	36	Lp
31	37	-1
31	38	L
31	39	L
31	40	-1
31	41	-1
31	42	-1
31	43	Lp
31	44	Lp
31	45	Lp
31	46	Lp
31	47	-1
31	48	Lp
31	49	Lp
31	50	Lp
31	51	Lp
31	52	U
31	53	-1
31	54	Lp
31	55	-1
31	56	Lp
31	57	-1
31	58	Lp
31	59	Lp
31	60	Lp
31	61	Lp
31	62	Lp
31	63	Lp
31	64	Lp
31	65	-1
31	66	Lp
31	67	Lp
31	68	Lp
31	69	Lp
31	70	L
31	71	Lp
31	72	Lp
31	73	Lp
31	74	U
31	75	Lp
31	76	Lp
31	77	Lp
31	78	Lp
31	79	Lp
31	80	-1
31	81	Lp
31	82	Lp
31	83	Lp
31	84	Lp
31	85	Lp
31	86	Lp
31	87	Lp
31	88	Lp
31	89	Lp
31	90	Lp
31	91	Lp
31	92	Lp
31	93	Lp
31	94	Lp
31	95	Lp
31	96	Lp
31	97	-1
31	98	L
31	99	L
31	100	Lp
31	101	Lp
31	102	Lp
31	103	L
31	104	L
31	105	Lp
31	106	L
31	107	L
31	108	Lp
31	109	-1
31	110	L
31	111	-1
31	112	L
31	113	-1
31	114	L
31	115	-1
31	116	L
31	117	-1
31	118	Lp
31	119	L
32	0	L
32	1	Lp
32	2	L
32	3	L
32	4	L
32	5	L
32	6	-1
32	7	L
32	8	-1
32	9	L
32	10	-1
32	11	Lp
32	12	-1
32	13	Lp
32	14	Lp
32	15	Lp
32	16	Lp
32	17	Lp
32	18	-1
32	19	-1
32	20	Lp
32	21	Lp
32	22	Lp
32	23	Lp
32	24	Lp
32	25	U
32	26	Lp
32	27	-1
32	28	Lp
32	29	Lp
32	30	Lp
32	31	-1
32	32	Lp
32	33	L
32	34	Lp
32	35	L
32	36	Lp
32	37	L
32	38	L
32	39	L
32	40	Lp
32	41	-1
32	42	Lp
32	43	L
32	44	Lp
32	45	Lp
32	46	U
32	47	Lp
32	48	Lp
32	49	Lp
32	50	Lp
32	51	-1
32	52	-1
32	53	-1
32	54	Lp
32	55	Lp
32	56	Lp
32	57	Lp
32	58	-1
32	59	Lp
32	60	-1
32	61	Lp
32	62	L
32	63	Lp
32	64	-1
32	65	Lp
32	66	Lp
32	67	Lp
32	68	Lp
32	69	Lp
32	70	Lp
32	71	L
32	72	U
32	73	Lp
32	74	U
32	75	U
32	76	Lp
32	77	Lp
32	78	Lp
32	79	Lp
32	80	-1
32	81	-1
32	82	Lp
32	83	Lp
32	84	-1
32	85	Lp
32	86	Lp
32	87	-1
32	88	Lp
32	89	Lp
32	90	-1
32	91	Lp
32	92	-1
32	93	Lp
32	94	Lp
32	95	Lp
32	96	Lp
32	97	-1
32	98	L
32	99	L
32	100	L
32	101	-1
32	102	Lp
32	103	-1
32	104	-1
32	105	L
32	106	L
32	107	Lp
32	108	L
32	109	Lp
32	110	L
32	111	L
32	112	L
32	113	Lp
32	114	-1
32	115	Lp
32	116	Lp
32	117	-1
32	118	L
32	119	L
33	0	L
33	1	Lp
33	2	L
33	3	Lp
33	4	-1
33	5	Lp
33	6	L
33	7	U
33	8	L
33	9	-1
33	10	L
33	11	-1
33	12	Lp
33	13	Lp
33	14	-1
33	15	Lp
33	16	Lp
33	17	Lp
33	18	Lp
33	19	-1
33	20	-1
33	21	Lp
33	22	Lp
33	23	Lp
33	24	Lp
33	25	Lp
33	26	Lp
33	27	Lp
33	28	Lp
33	29	Lp
33	30	Lp
33	31	Lp
33	32	L
33	33	-1
33	34	Lp
33	35	Lp
33	36	L
33	37	Lp
33	38	L
33	39	L
33	40	-1
33	41	-1
33	42	L
33	43	Lp
33	44	Lp
33	45	U
33	46	U
33	47	Lp
33	48	Lp
33	49	Lp
33	50	Lp
33	51	Lp
33	52	Lp
33	53	Lp
33	54	Lp
33	55	-1
33	56	Lp
33	57	Lp
33	58	Lp
33	59	Lp
33	60	-1
33	61	L
33	62	Lp
33	63	Lp
33	64	Lp
33	65	Lp
33	66	Lp
33	67	Lp
33	68	Lp
33	69	U
33	70	Lp
33	71	U
33	72	-1
33	73	-1
33	74	U
33	75	Lp
33	76	Lp
33	77	U
33	78	Lp
33	79	Lp
33	80	Lp
33	81	Lp
33	82	Lp
33	83	U
33	84	Lp
33	85	Lp
33	86	Lp
33	87	Lp
33	88	Lp
33	89	Lp
33	90	Lp
33	91	Lp
33	92	-1
33	93	Lp
33	94	-1
33	95	-1
33	96	Lp
33	97	Lp
33	98	-1
33	99	-1
33	100	L
33	101	L
33	102	Lp
33	103	Lp
33	104	-1
33	105	-1
33	106	L
33	107	-1
33	108	-1
33	109	-1
33	110	-1
33	111	L
33	112	Lp
33	113	Lp
33	114	Lp
33	115	Lp
33	116	Lp
33	117	Lp
33	118	Lp
33	119	L
34	0	L
34	1	Lp
34	2	-1
34	3	U
34	4	U
34	5	U
34	6	Lp
34	7	U
34	8	U
34	9	L
34	10	U
34	11	L
34	12	Lp
34	13	Lp
34	14	-1
34	15	-1
34	16	Lp
34	17	Lp
34	18	Lp
34	19	Lp
34	20	Lp
34	21	Lp
34	22	Lp
34	23	Lp
34	24	Lp
34	25	Lp
34	26	-1
34	27	-1
34	28	L
34	29	-1
34	30	Lp
34	31	-1
34	32	L
34	33	-1
34	34	Lp
34	35	Lp
34	36	Lp
34	37	Lp
34	38	L
34	39	L
34	40	L
34	41	Lp
34	42	Lp
34	43	Lp
34	44	Lp
34	45	U
34	46	U
34	47	Lp
34	48	Lp
34	49	Lp
34	50	Lp
34	51	Lp
34	52	Lp
34	53	-1
34	54	Lp
34	55	Lp
34	56	Lp
34	57	Lp
34	58	Lp
34	59	Lp
34	60	Lp
34	61	L
34	62	-1
34	63	Lp
34	64	Lp
34	65	Lp
34	66	-1
34	67	Lp
34	68	Lp
34	69	U
34	70	L
34	71	-1
34	72	L
34	73	Lp
34	74	Lp
34	75	U
34	76	Lp
34	77	Lp
34	78	U
34	79	-1
34	80	Lp
34	81	Lp
34	82	Lp
34	83	Lp
34	84	Lp
34	85	Lp
34	86	-1
34	87	Lp
34	88	Lp
34	89	-1
34	90	Lp
34	91	Lp
34	92	Lp
34	93	-1
34	94	Lp
34	95	L
34	96	L
34	97	L
34	98	Lp
34	99	Lp
34	100	Lp
34	101	Lp
34	102	Lp
34	103	Lp
34	104	Lp
34	105	Lp
34	106	L
34	107	L
34	108	L
34	109	L
34	110	L
34	111	L
34	112	L
34	113	L
34	114	Lp
34	115	Lp
34	116	Lp
34	117	Lp
34	118	L
34	119	Lp
35	0	Lp
35	1	L
35	2	L
35	3	L
35	4	U
35	5	U
35	6	U
35	7	U
35	8	U
35	9	-1
35	10	Lp
35	11	-1
35	12	Lp
35	13	-1
35	14	Lp
35	15	Lp
35	16	L
35	17	L
35	18	Lp
35	19	Lp
35	20	Lp
35	21	Lp
35	22	Lp
35	23	Lp
35	24	Lp
35	25	Lp
35	26	L
35	27	L
35	28	L
35	29	-1
35	30	L
35	31	L
35	32	L
35	33	L
35	34	Lp
35	35	Lp
35	36	Lp
35	37	Lp
35	38	L
35	39	L
35	40	L
35	41	Lp
35	42	Lp
35	43	-1
35	44	U
35	45	Lp
35	46	Lp
35	47	U
35	48	Lp
35	49	Lp
35	50	Lp
35	51	-1
35	52	Lp
35	53	Lp
35	54	Lp
35	55	Lp
35	56	Lp
35	57	-1
35	58	Lp
35	59	-1
35	60	-1
35	61	Lp
35	62	Lp
35	63	Lp
35	64	Lp
35	65	Lp
35	66	Lp
35	67	Lp
35	68	Lp
35	69	Lp
35	70	L
35	71	L
35	72	Lp
35	73	Lp
35	74	U
35	75	U
35	76	U
35	77	U
35	78	Lp
35	79	U
35	80	-1
35	81	Lp
35	82	U
35	83	U
35	84	U
35	85	U
35	86	-1
35	87	L
35	88	L
35	89	L
35	90	-1
35	91	Lp
35	92	L
35	93	Lp
35	94	Lp
35	95	Lp
35	96	Lp
35	97	Lp
35	98	Lp
35	99	Lp
35	100	U
35	101	Lp
35	102	Lp
35	103	L
35	104	L
35	105	L
35	106	L
35	107	Lp
35	108	L
35	109	L
35	110	-1
35	111	L
35	112	L
35	113	-1
35	114	Lp
35	115	Lp
35	116	Lp
35	117	-1
35	118	Lp
35	119	-1
36	0	L
36	1	L
36	2	L
36	3	L
36	4	Lp
36	5	U
36	6	Lp
36	7	U
36	8	U
36	9	-1
36	10	U
36	11	-1
36	12	Lp
36	13	Lp
36	14	Lp
36	15	L
36	16	L
36	17	L
36	18	Lp
36	19	Lp
36	20	Lp
36	21	Lp
36	22	Lp
36	23	L
36	24	L
36	25	L
36	26	-1
36	27	-1
36	28	Lp
36	29	L
36	30	Lp
36	31	L
36	32	L
36	33	L
36	34	-1
36	35	Lp
36	36	Lp
36	37	U
36	38	L
36	39	-1
36	40	Lp
36	41	-1
36	42	Lp
36	43	L
36	44	U
36	45	-1
36	46	Lp
36	47	Lp
36	48	Lp
36	49	Lp
36	50	Lp
36	51	Lp
36	52	Lp
36	53	-1
36	54	Lp
36	55	Lp
36	56	Lp
36	57	Lp
36	58	Lp
36	59	Lp
36	60	Lp
36	61	Lp
36	62	-1
36	63	Lp
36	64	Lp
36	65	Lp
36	66	Lp
36	67	Lp
36	68	Lp
36	69	U
36	70	-1
36	71	Lp
36	72	Lp
36	73	Lp
36	74	Lp
36	75	Lp
36	76	U
36	77	-1
36	78	Lp
36	79	L
36	80	Lp
36	81	Lp
36	82	U
36	83	-1
36	84	U
36	85	U
36	86	U
36	87	Lp
36	88	U
36	89	-1
36	90	L
36	91	L
36	92	L
36	93	Lp
36	94	Lp
36	95	Lp
36	96	Lp
36	97	Lp
36	98	Lp
36	99	-1
36	100	U
36	101	Lp
36	102	L
36	103	L
36	104	-1
36	105	-1
36	106	-1
36	107	-1
36	108	L
36	109	-1
36	110	-1
36	111	-1
36	112	Lp
36	113	Lp
36	114	-1
36	115	Lp
36	116	Lp
36	117	Lp
36	118	Lp
36	119	-1
37	0	L
37	1	Lp
37	2	L
37	3	L
37	4	Lp
37	5	Lp
37	6	Lp
37	7	Lp
37	8	U
37	9	Lp
37	10	L
37	11	Lp
37	12	-1
37	13	-1
37	14	Lp
37	15	L
37	16	L
37	17	L
37	18	L
37	19	Lp
37	20	Lp
37	21	-1
37	22	Lp
37	23	-1
37	24	L
37	25	-1
37	26	-1
37	27	-1
37	28	-1
37	29	Lp
37	30	L
37	31	L
37	32	L
37	33	L
37	34	-1
37	35	Lp
37	36	Lp
37	37	L
37	38	-1
37	39	-1
37	40	Lp
37	41	-1
37	42	-1
37	43	U
37	44	Lp
37	45	U
37	46	Lp
37	47	Lp
37	48	-1
37	49	Lp
37	50	-1
37	51	Lp
37	52	Lp
37	53	Lp
37	54	Lp
37	55	Lp
37	56	Lp
37	57	Lp
37	58	Lp
37	59	Lp
37	60	Lp
37	61	Lp
37	62	-1
37	63	-1
37	64	Lp
37	65	-1
37	66	-1
37	67	-1
37	68	U
37	69	U
37	70	U
37	71	U
37	72	Lp
37	73	Lp
37	74	Lp
37	75	Lp
37	76	Lp
37	77	U
37	78	-1
37	79	-1
37	80	Lp
37	81	Lp
37	82	Lp
37	83	U
37	84	U
37	85	U
37	86	Lp
37	87	U
37	88	U
37	89	L
37	90	L
37	91	-1
37	92	L
37	93	L
37	94	Lp
37	95	Lp
37	96	Lp
37	97	Lp
37	98	Lp
37	99	-1
37	100	Lp
37	101	L
37	102	U
37	103	L
37	104	-1
37	105	L
37	106	L
37	107	L
37	108	Lp
37	109	Lp
37	110	Lp
37	111	Lp
37	112	-1
37	113	Lp
37	114	-1
37	115	L
37	116	Lp
37	117	Lp
37	118	L
37	119	-1
38	0	Lp
38	1	-1
38	2	L
38	3	L
38	4	-1
38	5	Lp
38	6	Lp
38	7	Lp
38	8	-1
38	9	-1
38	10	-1
38	11	-1
38	12	U
38	13	-1
38	14	L
38	15	-1
38	16	L
38	17	L
38	18	L
38	19	Lp
38	20	-1
38	21	Lp
38	22	L
38	23	L
38	24	L
38	25	L
38	26	L
38	27	L
38	28	L
38	29	-1
38	30	Lp
38	31	Lp
38	32	L
38	33	L
38	34	Lp
38	35	Lp
38	36	Lp
38	37	-1
38	38	-1
38	39	Lp
38	40	Lp
38	41	Lp
38	42	U
38	43	U
38	44	-1
38	45	L
38	46	Lp
38	47	Lp
38	48	Lp
38	49	Lp
38	50	Lp
38	51	-1
38	52	-1
38	53	Lp
38	54	Lp
38	55	Lp
38	56	Lp
38	57	Lp
38	58	Lp
38	59	Lp
38	60	-1
38	61	Lp
38	62	Lp
38	63	Lp
38	64	-1
38	65	-1
38	66	Lp
38	67	Lp
38	68	U
38	69	U
38	70	U
38	71	Lp
38	72	Lp
38	73	Lp
38	74	Lp
38	75	Lp
38	76	Lp
38	77	Lp
38	78	Lp
38	79	Lp
38	80	Lp
38	81	Lp
38	82	Lp
38	83	U
38	84	U
38	85	U
38	86	Lp
38	87	Lp
38	88	Lp
38	89	U
38	90	L
38	91	Lp
38	92	Lp
38	93	L
38	94	-1
38	95	Lp
38	96	Lp
38	97	-1
38	98	Lp
38	99	Lp
38	100	L
38	101	L
38	102	L
38	103	L
38	104	Lp
38	105	-1
38	106	-1
38	107	Lp
38	108	Lp
38	109	Lp
38	110	-1
38	111	Lp
38	112	Lp
38	113	Lp
38	114	-1
38	115	Lp
38	116	-1
38	117	Lp
38	118	Lp
38	119	Lp
39	0	Lp
39	1	L
39	2	L
39	3	-1
39	4	Lp
39	5	Lp
39	6	Lp
39	7	Lp
39	8	Lp
39	9	-1
39	10	L
39	11	-1
39	12	L
39	13	U
39	14	-1
39	15	U
39	16	-1
39	17	L
39	18	L
39	19	-1
39	20	Lp
39	21	L
39	22	L
39	23	L
39	24	-1
39	25	-1
39	26	L
39	27	L
39	28	Lp
39	29	Lp
39	30	Lp
39	31	L
39	32	L
39	33	L
39	34	L
39	35	Lp
39	36	-1
39	37	-1
39	38	L
39	39	-1
39	40	Lp
39	41	Lp
39	42	U
39	43	Lp
39	44	L
39	45	Lp
39	46	Lp
39	47	Lp
39	48	Lp
39	49	-1
39	50	Lp
39	51	Lp
39	52	Lp
39	53	Lp
39	54	Lp
39	55	Lp
39	56	Lp
39	57	Lp
39	58	Lp
39	59	Lp
39	60	Lp
39	61	Lp
39	62	Lp
39	63	Lp
39	64	-1
39	65	Lp
39	66	-1
39	67	Lp
39	68	Lp
39	69	U
39	70	U
39	71	Lp
39	72	Lp
39	73	Lp
39	74	Lp
39	75	Lp
39	76	Lp
39	77	Lp
39	78	Lp
39	79	-1
39	80	-1
39	81	Lp
39	82	Lp
39	83	Lp
39	84	U
39	85	L
39	86	-1
39	87	Lp
39	88	U
39	89	Lp
39	90	Lp
39	91	Lp
39	92	Lp
39	93	U
39	94	-1
39	95	-1
39	96	Lp
39	97	Lp
39	98	Lp
39	99	Lp
39	100	Lp
39	101	L
39	102	L
39	103	-1
39	104	L
39	105	-1
39	106	L
39	107	Lp
39	108	Lp
39	109	Lp
39	110	-1
39	111	Lp
39	112	Lp
39	113	Lp
39	114	-1
39	115	Lp
39	116	Lp
39	117	Lp
39	118	Lp
39	119	-1
40	0	-1
40	1	Lp
40	2	-1
40	3	Lp
40	4	Lp
40	5	Lp
40	6	Lp
40	7	Lp
40	8	-1
40	9	Lp
40	10	-1
40	11	L
40	12	U
40	13	Lp
40	14	-1
40	15	Lp
40	16	Lp
40	17	L
40	18	L
40	19	L
40	20	-1
40	21	L
40	22	L
40	23	-1
40	24	L
40	25	L
40	26	L
40	27	Lp
40	28	Lp
40	29	Lp
40	30	Lp
40	31	L
40	32	L
40	33	L
40	34	L
40	35	L
40	36	Lp
40	37	-1
40	38	L
40	39	L
40	40	Lp
40	41	Lp
40	42	Lp
40	43	Lp
40	44	Lp
40	45	L
40	46	-1
40	47	Lp
40	48	Lp
40	49	-1
40	50	Lp
40	51	-1
40	52	Lp
40	53	Lp
40	54	-1
40	55	-1
40	56	Lp
40	57	Lp
40	58	Lp
40	59	Lp
40	60	Lp
40	61	Lp
40	62	-1
40	63	Lp
40	64	Lp
40	65	Lp
40	66	Lp
40	67	U
40	68	U
40	69	-1
40	70	U
40	71	-1
40	72	U
40	73	Lp
40	74	U
40	75	Lp
40	76	Lp
40	77	Lp
40	78	Lp
40	79	Lp
40	80	Lp
40	81	-1
40	82	Lp
40	83	Lp
40	84	-1
40	85	-1
40	86	Lp
40	87	Lp
40	88	Lp
40	89	Lp
40	90	Lp
40	91	Lp
40	92	Lp
40	93	-1
40	94	Lp
40	95	-1
40	96	Lp
40	97	Lp
40	98	-1
40	99	Lp
40	100	-1
40	101	-1
40	102	-1
40	103	Lp
40	104	L
40	105	-1
40	106	-1
40	107	Lp
40	108	Lp
40	109	Lp
40	110	Lp
40	111	-1
40	112	Lp
40	113	Lp
40	114	Lp
40	115	Lp
40	116	Lp
40	117	-1
40	118	-1
40	119	L
41	0	Lp
41	1	L
41	2	-1
41	3	Lp
41	4	Lp
41	5	L
41	6	Lp
41	7	Lp
41	8	Lp
41	9	L
41	10	L
41	11	L
41	12	Lp
41	13	Lp
41	14	Lp
41	15	Lp
41	16	L
41	17	U
41	18	L
41	19	L
41	20	L
41	21	-1
41	22	L
41	23	-1
41	24	L
41	25	L
41	26	Lp
41	27	Lp
41	28	Lp
41	29	Lp
41	30	L
41	31	-1
41	32	L
41	33	L
41	34	-1
41	35	L
41	36	Lp
41	37	L
41	38	Lp
41	39	-1
41	40	-1
41	41	Lp
41	42	Lp
41	43	-1
41	44	Lp
41	45	-1
41	46	-1
41	47	-1
41	48	Lp
41	49	-1
41	50	-1
41	51	-1
41	52	Lp
41	53	Lp
41	54	Lp
41	55	Lp
41	56	-1
41	57	Lp
41	58	Lp
41	59	Lp
41	60	-1
41	61	Lp
41	62	Lp
41	63	U
41	64	Lp
41	65	-1
41	66	Lp
41	67	U
41	68	Lp
41	69	Lp
41	70	U
41	71	-1
41	72	U
41	73	U
41	74	Lp
41	75	Lp
41	76	Lp
41	77	Lp
41	78	Lp
41	79	Lp
41	80	Lp
41	81	Lp
41	82	Lp
41	83	L
41	84	L
41	85	-1
41	86	Lp
41	87	Lp
41	88	L
41	89	Lp
41	90	Lp
41	91	Lp
41	92	Lp
41	93	Lp
41	94	Lp
41	95	Lp
41	96	Lp
41	97	Lp
41	98	Lp
41	99	Lp
41	100	Lp
41	101	Lp
41	102	Lp
41	103	Lp
41	104	L
41	105	Lp
41	106	L
41	107	-1
41	108	Lp
41	109	Lp
41	110	Lp
41	111	Lp
41	112	Lp
41	113	Lp
41	114	Lp
41	115	Lp
41	116	Lp
41	117	-1
41	118	-1
41	119	L
42	0	L
42	1	-1
42	2	L
42	3	-1
42	4	L
42	5	L
42	6	L
42	7	Lp
42	8	Lp
42	9	Lp
42	10	L
42	11	-1
42	12	Lp
42	13	Lp
42	14	Lp
42	15	-1
42	16	U
42	17	-1
42	18	L
42	19	L
42	20	-1
42	21	L
42	22	-1
42	23	-1
42	24	Lp
42	25	L
42	26	Lp
42	27	Lp
42	28	Lp
42	29	Lp
42	30	Lp
42	31	L
42	32	Lp
42	33	L
42	34	Lp
42	35	L
42	36	Lp
42	37	Lp
42	38	Lp
42	39	-1
42	40	Lp
42	41	Lp
42	42	Lp
42	43	Lp
42	44	Lp
42	45	-1
42	46	-1
42	47	Lp
42	48	Lp
42	49	Lp
42	50	Lp
42	51	Lp
42	52	Lp
42	53	Lp
42	54	Lp
42	55	U
42	56	Lp
42	57	Lp
42	58	Lp
42	59	Lp
42	60	Lp
42	61	Lp
42	62	U
42	63	U
42	64	-1
42	65	U
42	66	-1
42	67	Lp
42	68	Lp
42	69	Lp
42	70	U
42	71	Lp
42	72	U
42	73	Lp
42	74	Lp
42	75	-1
42	76	Lp
42	77	Lp
42	78	-1
42	79	Lp
42	80	Lp
42	81	U
42	82	Lp
42	83	-1
42	84	L
42	85	L
42	86	L
42	87	Lp
42	88	-1
42	89	-1
42	90	-1
42	91	Lp
42	92	Lp
42	93	Lp
42	94	Lp
42	95	Lp
42	96	Lp
42	97	-1
42	98	Lp
42	99	-1
42	100	Lp
42	101	Lp
42	102	Lp
42	103	-1
42	104	Lp
42	105	-1
42	106	L
42	107	L
42	108	L
42	109	-1
42	110	Lp
42	111	Lp
42	112	Lp
42	113	Lp
42	114	Lp
42	115	Lp
42	116	Lp
42	117	L
42	118	Lp
42	119	L
43	0	L
43	1	-1
43	2	-1
43	3	Lp
43	4	L
43	5	L
43	6	Lp
43	7	L
43	8	-1
43	9	L
43	10	L
43	11	Lp
43	12	-1
43	13	Lp
43	14	Lp
43	15	Lp
43	16	L
43	17	L
43	18	L
43	19	L
43	20	L
43	21	Lp
43	22	L
43	23	L
43	24	-1
43	25	Lp
43	26	Lp
43	27	Lp
43	28	-1
43	29	Lp
43	30	Lp
43	31	Lp
43	32	L
43	33	Lp
43	34	L
43	35	Lp
43	36	Lp
43	37	Lp
43	38	L
43	39	L
43	40	Lp
43	41	Lp
43	42	Lp
43	43	Lp
43	44	-1
43	45	Lp
43	46	Lp
43	47	Lp
43	48	L
43	49	-1
43	50	Lp
43	51	Lp
43	52	Lp
43	53	U
43	54	U
43	55	Lp
43	56	Lp
43	57	Lp
43	58	Lp
43	59	Lp
43	60	Lp
43	61	Lp
43	62	Lp
43	63	Lp
43	64	Lp
43	65	-1
43	66	-1
43	67	-1
43	68	Lp
43	69	Lp
43	70	Lp
43	71	Lp
43	72	U
43	73	U
43	74	U
43	75	Lp
43	76	-1
43	77	-1
43	78	Lp
43	79	U
43	80	-1
43	81	Lp
43	82	Lp
43	83	U
43	84	L
43	85	Lp
43	86	U
43	87	L
43	88	Lp
43	89	Lp
43	90	-1
43	91	Lp
43	92	U
43	93	Lp
43	94	Lp
43	95	Lp
43	96	-1
43	97	-1
43	98	Lp
43	99	Lp
43	100	Lp
43	101	L
43	102	Lp
43	103	Lp
43	104	Lp
43	105	Lp
43	106	-1
43	107	-1
43	108	L
43	109	L
43	110	Lp
43	111	Lp
43	112	Lp
43	113	Lp
43	114	-1
43	115	-1
43	116	L
43	117	L
43	118	L
43	119	Lp
44	0	-1
44	1	Lp
44	2	Lp
44	3	-1
44	4	L
44	5	L
44	6	-1
44	7	L
44	8	Lp
44	9	L
44	10	U
44	11	Lp
44	12	L
44	13	Lp
44	14	L
44	15	-1
44	16	L
44	17	L
44	18	Lp
44	19	L
44	20	L
44	21	L
44	22	L
44	23	-1
44	24	Lp
44	25	Lp
44	26	Lp
44	27	Lp
44	28	Lp
44	29	Lp
44	30	Lp
44	31	-1
44	32	Lp
44	33	-1
44	34	-1
44	35	-1
44	36	Lp
44	37	L
44	38	L
44	39	U
44	40	Lp
44	41	-1
44	42	-1
44	43	Lp
44	44	Lp
44	45	U
44	46	Lp
44	47	L
44	48	L
44	49	Lp
44	50	Lp
44	51	Lp
44	52	Lp
44	53	U
44	54	U
44	55	U
44	56	Lp
44	57	Lp
44	58	Lp
44	59	-1
44	60	Lp
44	61	U
44	62	-1
44	63	U
44	64	Lp
44	65	Lp
44	66	Lp
44	67	-1
44	68	-1
44	69	-1
44	70	U
44	71	Lp
44	72	Lp
44	73	Lp
44	74	U
44	75	Lp
44	76	Lp
44	77	Lp
44	78	Lp
44	79	U
44	80	-1
44	81	Lp
44	82	U
44	83	Lp
44	84	U
44	85	Lp
44	86	Lp
44	87	U
44	88	Lp
44	89	Lp
44	90	Lp
44	91	-1
44	92	U
44	93	-1
44	94	Lp
44	95	-1
44	96	-1
44	97	Lp
44	98	Lp
44	99	-1
44	100	L
44	101	Lp
44	102	Lp
44	103	Lp
44	104	-1
44	105	Lp
44	106	L
44	107	-1
44	108	L
44	109	-1
44	110	L
44	111	Lp
44	112	Lp
44	113	Lp
44	114	Lp
44	115	Lp
44	116	Lp
44	117	L
44	118	L
44	119	L
45	0	L
45	1	Lp
45	2	-1
45	3	L
45	4	L
45	5	L
45	6	Lp
45	7	Lp
45	8	Lp
45	9	U
45	10	L
45	11	-1
45	12	Lp
45	13	L
45	14	L
45	15	-1
45	16	-1
45	17	Lp
45	18	L
45	19	L
45	20	L
45	21	L
45	22	L
45	23	L
45	24	L
45	25	Lp
45	26	Lp
45	27	Lp
45	28	-1
45	29	Lp
45	30	Lp
45	31	Lp
45	32	Lp
45	33	Lp
45	34	L
45	35	-1
45	36	Lp
45	37	L
45	38	L
45	39	Lp
45	40	U
45	41	Lp
45	42	-1
45	43	Lp
45	44	U
45	45	U
45	46	Lp
45	47	L
45	48	Lp
45	49	Lp
45	50	Lp
45	51	Lp
45	52	Lp
45	53	Lp
45	54	Lp
45	55	U
45	56	Lp
45	57	Lp
45	58	Lp
45	59	Lp
45	60	Lp
45	61	Lp
45	62	Lp
45	63	Lp
45	64	Lp
45	65	Lp
45	66	Lp
45	67	-1
45	68	Lp
45	69	Lp
45	70	-1
45	71	U
45	72	U
45	73	Lp
45	74	Lp
45	75	Lp
45	76	Lp
45	77	Lp
45	78	Lp
45	79	Lp
45	80	Lp
45	81	-1
45	82	L
45	83	Lp
45	84	Lp
45	85	L
45	86	L
45	87	Lp
45	88	L
45	89	Lp
45	90	Lp
45	91	Lp
45	92	U
45	93	-1
45	94	-1
45	95	-1
45	96	L
45	97	-1
45	98	Lp
45	99	L
45	100	L
45	101	L
45	102	Lp
45	103	-1
45	104	Lp
45	105	Lp
45	106	Lp
45	107	-1
45	108	Lp
45	109	-1
45	110	Lp
45	111	Lp
45	112	Lp
45	113	Lp
45	114	Lp
45	115	Lp
45	116	Lp
45	117	Lp
45	118	Lp
45	119	L
46	0	Lp
46	1	-1
46	2	Lp
46	3	L
46	4	Lp
46	5	Lp
46	6	L
46	7	-1
46	8	-1
46	9	-1
46	10	U
46	11	L
46	12	Lp
46	13	L
46	14	-1
46	15	L
46	16	L
46	17	Lp
46	18	Lp
46	19	L
46	20	U
46	21	-1
46	22	L
46	23	L
46	24	-1
46	25	-1
46	26	Lp
46	27	-1
46	28	Lp
46	29	Lp
46	30	Lp
46	31	Lp
46	32	Lp
46	33	Lp
46	34	Lp
46	35	L
46	36	L
46	37	Lp
46	38	L
46	39	Lp
46	40	L
46	41	-1
46	42	Lp
46	43	Lp
46	44	Lp
46	45	-1
46	46	L
46	47	Lp
46	48	Lp
46	49	Lp
46	50	Lp
46	51	Lp
46	52	U
46	53	Lp
46	54	-1
46	55	-1
46	56	Lp
46	57	Lp
46	58	-1
46	59	Lp
46	60	U
46	61	-1
46	62	Lp
46	63	Lp
46	64	Lp
46	65	-1
46	66	Lp
46	67	-1
46	68	Lp
46	69	Lp
46	70	Lp
46	71	Lp
46	72	Lp
46	73	Lp
46	74	Lp
46	75	-1
46	76	Lp
46	77	Lp
46	78	Lp
46	79	-1
46	80	Lp
46	81	Lp
46	82	Lp
46	83	-1
46	84	L
46	85	L
46	86	Lp
46	87	L
46	88	-1
46	89	-1
46	90	U
46	91	U
46	92	Lp
46	93	Lp
46	94	-1
46	95	L
46	96	Lp
46	97	-1
46	98	Lp
46	99	-1
46	100	L
46	101	L
46	102	Lp
46	103	Lp
46	104	Lp
46	105	-1
46	106	Lp
46	107	L
46	108	-1
46	109	Lp
46	110	Lp
46	111	-1
46	112	Lp
46	113	Lp
46	114	Lp
46	115	Lp
46	116	Lp
46	117	Lp
46	118	Lp
46	119	Lp
47	0	Lp
47	1	U
47	2	Lp
47	3	Lp
47	4	-1
47	5	Lp
47	6	Lp
47	7	Lp
47	8	-1
47	9	-1
47	10	L
47	11	L
47	12	L
47	13	Lp
47	14	L
47	15	L
47	16	L
47	17	L
47	18	L
47	19	L
47	20	-1
47	21	-1
47	22	L
47	23	Lp
47	24	Lp
47	25	-1
47	26	-1
47	27	-1
47	28	Lp
47	29	Lp
47	30	Lp
47	31	Lp
47	32	Lp
47	33	Lp
47	34	Lp
47	35	L
47	36	-1
47	37	-1
47	38	-1
47	39	L
47	40	L
47	41	L
47	42	L
47	43	L
47	44	L
47	45	-1
47	46	L
47	47	L
47	48	L
47	49	Lp
47	50	U
47	51	U
47	52	Lp
47	53	-1
47	54	-1
47	55	-1
47	56	Lp
47	57	Lp
47	58	Lp
47	59	Lp
47	60	-1
47	61	U
47	62	Lp
47	63	Lp
47	64	Lp
47	65	Lp
47	66	Lp
47	67	Lp
47	68	-1
47	69	Lp
47	70	Lp
47	71	Lp
47	72	Lp
47	73	Lp
47	74	Lp
47	75	Lp
47	76	Lp
47	77	Lp
47	78	Lp
47	79	Lp
47	80	Lp
47	81	U
47	82	Lp
47	83	L
47	84	-1
47	85	L
47	86	L
47	87	L
47	88	-1
47	89	L
47	90	L
47	91	-1
47	92	Lp
47	93	Lp
47	94	Lp
47	95	Lp
47	96	-1
47	97	-1
47	98	Lp
47	99	-1
47	100	-1
47	101	-1
47	102	-1
47	103	Lp
47	104	Lp
47	105	Lp
47	106	L
47	107	L
47	108	L
47	109	-1
47	110	Lp
47	111	Lp
47	112	-1
47	113	Lp
47	114	Lp
47	115	-1
47	116	-1
47	117	-1
47	118	-1
47	119	Lp
48	0	-1
48	1	U
48	2	Lp
48	3	Lp
48	4	L
48	5	-1
48	6	-1
48	7	Lp
48	8	-1
48	9	-1
48	10	Lp
48	11	Lp
48	12	L
48	13	L
48	14	L
48	15	-1
48	16	L
48	17	L
48	18	L
48	19	L
48	20	L
48	21	L
48	22	-1
48	23	-1
48	24	L
48	25	L
48	26	L
48	27	-1
48	28	Lp
48	29	Lp
48	30	Lp
48	31	-1
48	32	-1
48	33	Lp
48	34	Lp
48	35	-1
48	36	-1
48	37	L
48	38	L
48	39	L
48	40	L
48	41	L
48	42	L
48	43	-1
48	44	-1
48	45	Lp
48	46	Lp
48	47	L
48	48	-1
48	49	Lp
48	50	U
48	51	U
48	52	Lp
48	53	-1
48	54	-1
48	55	Lp
48	56	Lp
48	57	Lp
48	58	-1
48	59	-1
48	60	Lp
48	61	Lp
48	62	Lp
48	63	Lp
48	64	Lp
48	65	-1
48	66	Lp
48	67	Lp
48	68	Lp
48	69	Lp
48	70	-1
48	71	Lp
48	72	Lp
48	73	Lp
48	74	Lp
48	75	Lp
48	76	Lp
48	77	L
48	78	Lp
48	79	Lp
48	80	Lp
48	81	Lp
48	82	U
48	83	L
48	84	Lp
48	85	Lp
48	86	-1
48	87	L
48	88	L
48	89	-1
48	90	Lp
48	91	-1
48	92	-1
48	93	Lp
48	94	L
48	95	Lp
48	96	Lp
48	97	Lp
48	98	L
48	99	L
48	100	Lp
48	101	L
48	102	-1
48	103	Lp
48	104	Lp
48	105	Lp
48	106	L
48	107	-1
48	108	L
48	109	L
48	110	U
48	111	Lp
48	112	-1
48	113	Lp
48	114	Lp
48	115	Lp
48	116	Lp
48	117	Lp
48	118	Lp
48	119	-1
49	0	Lp
49	1	Lp
49	2	-1
49	3	Lp
49	4	Lp
49	5	L
49	6	Lp
49	7	-1
49	8	-1
49	9	L
49	10	Lp
49	11	Lp
49	12	L
49	13	Lp
49	14	L
49	15	L
49	16	L
49	17	L
49	18	-1
49	19	L
49	20	L
49	21	L
49	22	-1
49	23	L
49	24	L
49	25	L
49	26	-1
49	27	Lp
49	28	Lp
49	29	-1
49	30	-1
49	31	Lp
49	32	Lp
49	33	Lp
49	34	L
49	35	-1
49	36	-1
49	37	Lp
49	38	Lp
49	39	L
49	40	L
49	41	L
49	42	L
49	43	L
49	44	-1
49	45	L
49	46	L
49	47	Lp
49	48	Lp
49	49	Lp
49	50	U
49	51	-1
49	52	-1
49	53	Lp
49	54	Lp
49	55	Lp
49	56	-1
49	57	-1
49	58	Lp
49	59	-1
49	60	Lp
49	61	-1
49	62	U
49	63	Lp
49	64	Lp
49	65	-1
49	66	Lp
49	67	Lp
49	68	Lp
49	69	Lp
49	70	Lp
49	71	-1
49	72	Lp
49	73	Lp
49	74	Lp
49	75	-1
49	76	L
49	77	L
49	78	L
49	79	Lp
49	80	Lp
49	81	Lp
49	82	Lp
49	83	L
49	84	Lp
49	85	Lp
49	86	Lp
49	87	Lp
49	88	L
49	89	Lp
49	90	Lp
49	91	-1
49	92	Lp
49	93	Lp
49	94	Lp
49	95	Lp
49	96	Lp
49	97	Lp
49	98	L
49	99	L
49	100	L
49	101	L
49	102	Lp
49	103	-1
49	104	Lp
49	105	Lp
49	106	Lp
49	107	L
49	108	L
49	109	L
49	110	Lp
49	111	Lp
49	112	Lp
49	113	Lp
49	114	Lp
49	115	Lp
49	116	Lp
49	117	Lp
49	118	Lp
49	119	-1
50	0	-1
50	1	Lp
50	2	Lp
50	3	-1
50	4	Lp
50	5	Lp
50	6	L
50	7	Lp
50	8	Lp
50	9	Lp
50	10	-1
50	11	Lp
50	12	Lp
50	13	Lp
50	14	Lp
50	15	L
50	16	L
50	17	L
50	18	L
50	19	-1
50	20	U
50	21	L
50	22	-1
50	23	L
50	24	-1
50	25	L
50	26	L
50	27	L
50	28	Lp
50	29	-1
50	30	Lp
50	31	-1
50	32	Lp
50	33	-1
50	34	-1
50	35	L
50	36	L
50	37	Lp
50	38	Lp
50	39	L
50	40	Lp
50	41	L
50	42	L
50	43	L
50	44	L
50	45	L
50	46	L
50	47	L
50	48	Lp
50	49	Lp
50	50	Lp
50	51	-1
50	52	Lp
50	53	Lp
50	54	Lp
50	55	Lp
50	56	Lp
50	57	-1
50	58	-1
50	59	-1
50	60	Lp
50	61	Lp
50	62	Lp
50	63	Lp
50	64	Lp
50	65	Lp
50	66	Lp
50	67	Lp
50	68	-1
50	69	Lp
50	70	Lp
50	71	Lp
50	72	L
50	73	Lp
50	74	-1
50	75	-1
50	76	-1
50	77	-1
50	78	L
50	79	Lp
50	80	Lp
50	81	Lp
50	82	U
50	83	Lp
50	84	Lp
50	85	Lp
50	86	Lp
50	87	L
50	88	-1
50	89	Lp
50	90	-1
50	91	Lp
50	92	Lp
50	93	Lp
50	94	Lp
50	95	Lp
50	96	L
50	97	L
50	98	L
50	99	L
50	100	L
50	101	L
50	102	-1
50	103	Lp
50	104	Lp
50	105	Lp
50	106	L
50	107	-1
50	108	-1
50	109	Lp
50	110	Lp
50	111	Lp
50	112	Lp
50	113	-1
50	114	Lp
50	115	-1
50	116	Lp
50	117	Lp
50	118	Lp
50	119	-1
51	0	Lp
51	1	-1
51	2	Lp
51	3	Lp
51	4	Lp
51	5	Lp
51	6	Lp
51	7	Lp
51	8	Lp
51	9	-1
51	10	Lp
51	11	Lp
51	12	Lp
51	13	Lp
51	14	L
51	15	L
51	16	L
51	17	-1
51	18	-1
51	19	-1
51	20	U
51	21	L
51	22	L
51	23	L
51	24	-1
51	25	L
51	26	-1
51	27	L
51	28	Lp
51	29	L
51	30	L
51	31	-1
51	32	Lp
51	33	Lp
51	34	Lp
51	35	-1
51	36	L
51	37	L
51	38	Lp
51	39	L
51	40	-1
51	41	L
51	42	L
51	43	Lp
51	44	Lp
51	45	Lp
51	46	L
51	47	Lp
51	48	-1
51	49	-1
51	50	Lp
51	51	Lp
51	52	Lp
51	53	Lp
51	54	Lp
51	55	Lp
51	56	Lp
51	57	Lp
51	58	-1
51	59	-1
51	60	Lp
51	61	-1
51	62	Lp
51	63	Lp
51	64	Lp
51	65	Lp
51	66	Lp
51	67	Lp
51	68	-1
51	69	Lp
51	70	Lp
51	71	-1
51	72	Lp
51	73	U
51	74	-1
51	75	-1
51	76	L
51	77	-1
51	78	Lp
51	79	L
51	80	Lp
51	81	Lp
51	82	Lp
51	83	Lp
51	84	Lp
51	85	Lp
51	86	Lp
51	87	Lp
51	88	Lp
51	89	L
51	90	L
51	91	Lp
51	92	Lp
51	93	Lp
51	94	Lp
51	95	Lp
51	96	L
51	97	-1
51	98	L
51	99	L
51	100	-1
51	101	L
51	102	Lp
51	103	Lp
51	104	Lp
51	105	Lp
51	106	Lp
51	107	Lp
51	108	U
51	109	Lp
51	110	Lp
51	111	Lp
51	112	-1
51	113	-1
51	114	Lp
51	115	Lp
51	116	L
51	117	-1
51	118	Lp
51	119	Lp
52	0	-1
52	1	-1
52	2	-1
52	3	Lp
52	4	Lp
52	5	Lp
52	6	Lp
52	7	Lp
52	8	Lp
52	9	Lp
52	10	-1
52	11	Lp
52	12	Lp
52	13	Lp
52	14	Lp
52	15	L
52	16	L
52	17	L
52	18	Lp
52	19	Lp
52	20	L
52	21	L
52	22	L
52	23	L
52	24	L
52	25	L
52	26	L
52	27	L
52	28	-1
52	29	L
52	30	L
52	31	Lp
52	32	Lp
52	33	Lp
52	34	-1
52	35	L
52	36	L
52	37	L
52	38	L
52	39	-1
52	40	-1
52	41	-1
52	42	L
52	43	Lp
52	44	Lp
52	45	Lp
52	46	Lp
52	47	L
52	48	L
52	49	L
52	50	-1
52	51	Lp
52	52	Lp
52	53	-1
52	54	Lp
52	55	Lp
52	56	Lp
52	57	-1
52	58	Lp
52	59	-1
52	60	Lp
52	61	Lp
52	62	Lp
52	63	Lp
52	64	-1
52	65	Lp
52	66	Lp
52	67	Lp
52	68	Lp
52	69	Lp
52	70	Lp
52	71	Lp
52	72	U
52	73	-1
52	74	-1
52	75	L
52	76	-1
52	77	-1
52	78	U
52	79	Lp
52	80	Lp
52	81	Lp
52	82	Lp
52	83	Lp
52	84	-1
52	85	-1
52	86	Lp
52	87	Lp
52	88	Lp
52	89	L
52	90	L
52	91	L
52	92	Lp
52	93	Lp
52	94	-1
52	95	Lp
52	96	L
52	97	L
52	98	L
52	99	-1
52	100	-1
52	101	L
52	102	Lp
52	103	Lp
52	104	Lp
52	105	-1
52	106	Lp
52	107	L
52	108	Lp
52	109	-1
52	110	Lp
52	111	-1
52	112	-1
52	113	-1
52	114	Lp
52	115	-1
52	116	Lp
52	117	L
52	118	Lp
52	119	Lp
53	0	Lp
53	1	Lp
53	2	Lp
53	3	-1
53	4	Lp
53	5	Lp
53	6	Lp
53	7	Lp
53	8	-1
53	9	Lp
53	10	Lp
53	11	Lp
53	12	Lp
53	13	Lp
53	14	L
53	15	Lp
53	16	L
53	17	L
53	18	Lp
53	19	Lp
53	20	Lp
53	21	L
53	22	L
53	23	L
53	24	L
53	25	L
53	26	-1
53	27	L
53	28	L
53	29	L
53	30	L
53	31	L
53	32	Lp
53	33	Lp
53	34	L
53	35	L
53	36	L
53	37	L
53	38	L
53	39	L
53	40	-1
53	41	-1
53	42	L
53	43	-1
53	44	Lp
53	45	L
53	46	L
53	47	L
53	48	L
53	49	L
53	50	L
53	51	L
53	52	Lp
53	53	L
53	54	L
53	55	Lp
53	56	Lp
53	57	Lp
53	58	Lp
53	59	Lp
53	60	Lp
53	61	-1
53	62	Lp
53	63	Lp
53	64	Lp
53	65	Lp
53	66	-1
53	67	Lp
53	68	Lp
53	69	Lp
53	70	Lp
53	71	U
53	72	U
53	73	-1
53	74	U
53	75	L
53	76	-1
53	77	L
53	78	-1
53	79	Lp
53	80	Lp
53	81	Lp
53	82	L
53	83	Lp
53	84	Lp
53	85	Lp
53	86	Lp
53	87	Lp
53	88	Lp
53	89	L
53	90	L
53	91	L
53	92	L
53	93	L
53	94	Lp
53	95	-1
53	96	-1
53	97	-1
53	98	L
53	99	L
53	100	L
53	101	L
53	102	L
53	103	Lp
53	104	L
53	105	L
53	106	Lp
53	107	Lp
53	108	L
53	109	Lp
53	110	Lp
53	111	Lp
53	112	-1
53	113	-1
53	114	-1
53	115	Lp
53	116	Lp
53	117	Lp
53	118	Lp
53	119	-1
54	0	Lp
54	1	Lp
54	2	Lp
54	3	Lp
54	4	Lp
54	5	Lp
54	6	Lp
54	7	Lp
54	8	Lp
54	9	-1
54	10	Lp
54	11	Lp
54	12	Lp
54	13	Lp
54	14	L
54	15	Lp
54	16	-1
54	17	Lp
54	18	Lp
54	19	Lp
54	20	Lp
54	21	L
54	22	L
54	23	L
54	24	L
54	25	L
54	26	Lp
54	27	Lp
54	28	-1
54	29	L
54	30	L
54	31	-1
54	32	-1
54	33	-1
54	34	-1
54	35	-1
54	36	L
54	37	Lp
54	38	L
54	39	L
54	40	L
54	41	L
54	42	L
54	43	Lp
54	44	Lp
54	45	Lp
54	46	Lp
54	47	Lp
54	48	Lp
54	49	L
54	50	-1
54	51	Lp
54	52	L
54	53	L
54	54	L
54	55	Lp
54	56	L
54	57	L
54	58	Lp
54	59	Lp
54	60	Lp
54	61	Lp
54	62	Lp
54	63	-1
54	64	Lp
54	65	Lp
54	66	Lp
54	67	Lp
54	68	Lp
54	69	Lp
54	70	Lp
54	71	U
54	72	U
54	73	L
54	74	L
54	75	U
54	76	-1
54	77	L
54	78	L
54	79	L
54	80	Lp
54	81	L
54	82	L
54	83	Lp
54	84	Lp
54	85	Lp
54	86	L
54	87	L
54	88	Lp
54	89	L
54	90	L
54	91	Lp
54	92	L
54	93	Lp
54	94	L
54	95	-1
54	96	L
54	97	L
54	98	L
54	99	L
54	100	-1
54	101	L
54	102	-1
54	103	L
54	104	Lp
54	105	-1
54	106	Lp
54	107	L
54	108	Lp
54	109	Lp
54	110	Lp
54	111	Lp
54	112	Lp
54	113	-1
54	114	L
54	115	L
54	116	-1
54	117	-1
54	118	-1
54	119	Lp
55	0	Lp
55	1	Lp
55	2	Lp
55	3	Lp
55	4	Lp
55	5	Lp
55	6	Lp
55	7	-1
55	8	Lp
55	9	Lp
55	10	Lp
55	11	Lp
55	12	Lp
55	13	Lp
55	14	-1
55	15	-1
55	16	Lp
55	17	Lp
55	18	Lp
55	19	Lp
55	20	-1
55	21	L
55	22	-1
55	23	L
55	24	L
55	25	Lp
55	26	-1
55	27	-1
55	28	L
55	29	L
55	30	L
55	31	L
55	32	L
55	33	L
55	34	-1
55	35	L
55	36	L
55	37	L
55	38	L
55	39	L
55	40	L
55	41	L
55	42	L
55	43	L
55	44	L
55	45	Lp
55	46	-1
55	47	L
55	48	Lp
55	49	-1
55	50	Lp
55	51	Lp
55	52	-1
55	53	Lp
55	54	L
55	55	-1
55	56	-1
55	57	Lp
55	58	-1
55	59	-1
55	60	Lp
55	61	Lp
55	62	Lp
55	63	Lp
55	64	Lp
55	65	Lp
55	66	U
55	67	U
55	68	Lp
55	69	Lp
55	70	-1
55	71	Lp
55	72	Lp
55	73	L
55	74	U
55	75	Lp
55	76	U
55	77	Lp
55	78	L
55	79	-1
55	80	-1
55	81	L
55	82	-1
55	83	L
55	84	L
55	85	L
55	86	L
55	87	L
55	88	L
55	89	L
55	90	Lp
55	91	-1
55	92	L
55	93	L
55	94	Lp
55	95	L
55	96	U
55	97	-1
55	98	-1
55	99	L
55	100	L
55	101	-1
55	102	L
55	103	Lp
55	104	L
55	105	L
55	106	Lp
55	107	L
55	108	Lp
55	109	Lp
55	110	Lp
55	111	-1
55	112	U
55	113	Lp
55	114	-1
55	115	L
55	116	L
55	117	L
55	118	Lp
55	119	Lp
56	0	Lp
56	1	Lp
56	2	-1
56	3	Lp
56	4	Lp
56	5	Lp
56	6	Lp
56	7	Lp
56	8	Lp
56	9	Lp
56	10	-1
56	11	Lp
56	12	Lp
56	13	-1
56	14	-1
56	15	Lp
56	16	-1
56	17	Lp
56	18	Lp
56	19	Lp
56	20	L
56	21	Lp
56	22	-1
56	23	-1
56	24	L
56	25	-1
56	26	Lp
56	27	Lp
56	28	L
56	29	L
56	30	L
56	31	L
56	32	L
56	33	-1
56	34	-1
56	35	U
56	36	Lp
56	37	-1
56	38	Lp
56	39	Lp
56	40	Lp
56	41	Lp
56	42	L
56	43	-1
56	44	L
56	45	L
56	46	Lp
56	47	Lp
56	48	-1
56	49	Lp
56	50	Lp
56	51	-1
56	52	L
56	53	Lp
56	54	Lp
56	55	L
56	56	Lp
56	57	L
56	58	Lp
56	59	Lp
56	60	Lp
56	61	Lp
56	62	Lp
56	63	-1
56	64	Lp
56	65	Lp
56	66	U
56	67	Lp
56	68	Lp
56	69	Lp
56	70	Lp
56	71	Lp
56	72	Lp
56	73	U
56	74	U
56	75	U
56	76	-1
56	77	U
56	78	-1
56	79	L
56	80	-1
56	81	L
56	82	L
56	83	L
56	84	-1
56	85	-1
56	86	L
56	87	L
56	88	L
56	89	L
56	90	-1
56	91	Lp
56	92	-1
56	93	Lp
56	94	L
56	95	L
56	96	Lp
56	97	Lp
56	98	-1
56	99	L
56	100	-1
56	101	-1
56	102	-1
56	103	L
56	104	Lp
56	105	Lp
56	106	-1
56	107	-1
56	108	-1
56	109	Lp
56	110	Lp
56	111	L
56	112	L
56	113	L
56	114	L
56	115	L
56	116	Lp
56	117	L
56	118	Lp
56	119	L
57	0	-1
57	1	Lp
57	2	Lp
57	3	Lp
57	4	Lp
57	5	Lp
57	6	-1
57	7	Lp
57	8	Lp
57	9	-1
57	10	Lp
57	11	Lp
57	12	Lp
57	13	-1
57	14	-1
57	15	Lp
57	16	Lp
57	17	Lp
57	18	Lp
57	19	L
57	20	L
57	21	-1
57	22	Lp
57	23	Lp
57	24	Lp
57	25	Lp
57	26	Lp
57	27	L
57	28	L
57	29	L
57	30	L
57	31	-1
57	32	L
57	33	L
57	34	-1
57	35	-1
57	36	U
57	37	Lp
57	38	-1
57	39	Lp
57	40	Lp
57	41	L
57	42	L
57	43	L
57	44	L
57	45	L
57	46	-1
57	47	-1
57	48	Lp
57	49	-1
57	50	Lp
57	51	Lp
57	52	-1
57	53	Lp
57	54	L
57	55	Lp
57	56	-1
57	57	-1
57	58	-1
57	59	Lp
57	60	Lp
57	61	Lp
57	62	Lp
57	63	Lp
57	64	-1
57	65	-1
57	66	Lp
57	67	Lp
57	68	Lp
57	69	Lp
57	70	Lp
57	71	Lp
57	72	Lp
57	73	-1
57	74	-1
57	75	Lp
57	76	Lp
57	77	Lp
57	78	-1
57	79	L
57	80	L
57	81	L
57	82	L
57	83	L
57	84	L
57	85	L
57	86	-1
57	87	Lp
57	88	L
57	89	Lp
57	90	Lp
57	91	Lp
57	92	Lp
57	93	Lp
57	94	Lp
57	95	-1
57	96	Lp
57	97	-1
57	98	Lp
57	99	-1
57	100	Lp
57	101	L
57	102	L
57	103	L
57	104	L
57	105	L
57	106	L
57	107	L
57	108	L
57	109	L
57	110	Lp
57	111	-1
57	112	L
57	113	L
57	114	L
57	115	U
57	116	Lp
57	117	U
57	118	L
57	119	Lp
58	0	-1
58	1	Lp
58	2	Lp
58	3	Lp
58	4	Lp
58	5	-1
58	6	-1
58	7	Lp
58	8	Lp
58	9	Lp
58	10	Lp
58	11	-1
58	12	Lp
58	13	Lp
58	14	L
58	15	Lp
58	16	L
58	17	Lp
58	18	L
58	19	-1
58	20	L
58	21	L
58	22	Lp
58	23	Lp
58	24	-1
58	25	-1
58	26	Lp
58	27	-1
58	28	-1
58	29	L
58	30	L
58	31	-1
58	32	L
58	33	L
58	34	Lp
58	35	L
58	36	L
58	37	-1
58	38	Lp
58	39	Lp
58	40	Lp
58	41	-1
58	42	-1
58	43	-1
58	44	L
58	45	L
58	46	L
58	47	Lp
58	48	L
58	49	L
58	50	L
58	51	Lp
58	52	L
58	53	-1
58	54	Lp
58	55	-1
58	56	Lp
58	57	Lp
58	58	-1
58	59	Lp
58	60	-1
58	61	Lp
58	62	Lp
58	63	Lp
58	64	Lp
58	65	Lp
58	66	Lp
58	67	Lp
58	68	Lp
58	69	Lp
58	70	-1
58	71	Lp
58	72	Lp
58	73	L
58	74	U
58	75	Lp
58	76	Lp
58	77	Lp
58	78	Lp
58	79	L
58	80	L
58	81	L
58	82	L
58	83	Lp
58	84	-1
58	85	Lp
58	86	Lp
58	87	L
58	88	L
58	89	L
58	90	Lp
58	91	Lp
58	92	Lp
58	93	Lp
58	94	Lp
58	95	Lp
58	96	Lp
58	97	Lp
58	98	Lp
58	99	Lp
58	100	Lp
58	101	-1
58	102	L
58	103	L
58	104	L
58	105	L
58	106	L
58	107	L
58	108	L
58	109	L
58	110	L
58	111	L
58	112	-1
58	113	L
58	114	L
58	115	Lp
58	116	Lp
58	117	Lp
58	118	-1
58	119	Lp
59	0	Lp
59	1	Lp
59	2	Lp
59	3	Lp
59	4	Lp
59	5	-1
59	6	-1
59	7	Lp
59	8	Lp
59	9	Lp
59	10	Lp
59	11	Lp
59	12	L
59	13	L
59	14	L
59	15	L
59	16	L
59	17	L
59	18	L
59	19	L
59	20	Lp
59	21	-1
59	22	L
59	23	L
59	24	Lp
59	25	Lp
59	26	-1
59	27	-1
59	28	L
59	29	L
59	30	L
59	31	L
59	32	-1
59	33	-1
59	34	L
59	35	L
59	36	Lp
59	37	Lp
59	38	Lp
59	39	Lp
59	40	Lp
59	41	-1
59	42	L
59	43	L
59	44	-1
59	45	L
59	46	L
59	47	Lp
59	48	L
59	49	L
59	50	L
59	51	-1
59	52	L
59	53	Lp
59	54	L
59	55	L
59	56	L
59	57	Lp
59	58	Lp
59	59	Lp
59	60	Lp
59	61	-1
59	62	-1
59	63	-1
59	64	Lp
59	65	-1
59	66	Lp
59	67	Lp
59	68	Lp
59	69	Lp
59	70	Lp
59	71	Lp
59	72	Lp
59	73	L
59	74	L
59	75	Lp
59	76	Lp
59	77	Lp
59	78	Lp
59	79	-1
59	80	Lp
59	81	L
59	82	Lp
59	83	Lp
59	84	Lp
59	85	Lp
59	86	-1
59	87	Lp
59	88	-1
59	89	Lp
59	90	Lp
59	91	Lp
59	92	Lp
59	93	-1
59	94	Lp
59	95	Lp
59	96	-1
59	97	-1
59	98	Lp
59	99	Lp
59	100	-1
59	101	Lp
59	102	L
59	103	-1
59	104	-1
59	105	L
59	106	L
59	107	L
59	108	L
59	109	L
59	110	L
59	111	L
59	112	-1
59	113	L
59	114	L
59	115	-1
59	116	Lp
59	117	Lp
59	118	Lp
59	119	Lp
60	0	Lp
60	1	Lp
60	2	Lp
60	3	Lp
60	4	U
60	5	Lp
60	6	Lp
60	7	Lp
60	8	Lp
60	9	Lp
60	10	Lp
60	11	Lp
60	12	L
60	13	L
60	14	L
60	15	L
60	16	L
60	17	L
60	18	-1
60	19	L
60	20	L
60	21	Lp
60	22	L
60	23	L
60	24	Lp
60	25	Lp
60	26	Lp
60	27	-1
60	28	L
60	29	L
60	30	L
60	31	-1
60	32	L
60	33	L
60	34	L
60	35	-1
60	36	Lp
60	37	Lp
60	38	Lp
60	39	Lp
60	40	Lp
60	41	L
60	42	-1
60	43	L
60	44	L
60	45	-1
60	46	L
60	47	L
60	48	L
60	49	-1
60	50	Lp
60	51	Lp
60	52	Lp
60	53	Lp
60	54	L
60	55	L
60	56	-1
60	57	-1
60	58	Lp
60	59	Lp
60	60	Lp
60	61	-1
60	62	Lp
60	63	-1
60	64	Lp
60	65	Lp
60	66	Lp
60	67	Lp
60	68	Lp
60	69	Lp
60	70	Lp
60	71	L
60	72	Lp
60	73	Lp
60	74	Lp
60	75	Lp
60	76	Lp
60	77	Lp
60	78	Lp
60	79	Lp
60	80	Lp
60	81	Lp
60	82	Lp
60	83	Lp
60	84	Lp
60	85	Lp
60	86	Lp
60	87	-1
60	88	U
60	89	U
60	90	Lp
60	91	-1
60	92	Lp
60	93	Lp
60	94	-1
60	95	-1
60	96	Lp
60	97	Lp
60	98	Lp
60	99	Lp
60	100	Lp
60	101	Lp
60	102	-1
60	103	Lp
60	104	-1
60	105	L
60	106	L
60	107	-1
60	108	L
60	109	L
60	110	L
60	111	L
60	112	-1
60	113	L
60	114	-1
60	115	Lp
60	116	L
60	117	Lp
60	118	Lp
60	119	Lp
61	0	Lp
61	1	Lp
61	2	U
61	3	U
61	4	-1
61	5	Lp
61	6	-1
61	7	-1
61	8	Lp
61	9	Lp
61	10	Lp
61	11	Lp
61	12	L
61	13	L
61	14	Lp
61	15	L
61	16	L
61	17	L
61	18	-1
61	19	L
61	20	L
61	21	L
61	22	L
61	23	L
61	24	L
61	25	-1
61	26	L
61	27	L
61	28	L
61	29	L
61	30	L
61	31	-1
61	32	-1
61	33	-1
61	34	L
61	35	-1
61	36	L
61	37	-1
61	38	Lp
61	39	Lp
61	40	Lp
61	41	-1
61	42	L
61	43	L
61	44	L
61	45	L
61	46	L
61	47	L
61	48	L
61	49	Lp
61	50	-1
61	51	Lp
61	52	Lp
61	53	Lp
61	54	L
61	55	Lp
61	56	Lp
61	57	Lp
61	58	Lp
61	59	Lp
61	60	-1
61	61	Lp
61	62	Lp
61	63	-1
61	64	Lp
61	65	-1
61	66	Lp
61	67	-1
61	68	Lp
61	69	Lp
61	70	Lp
61	71	-1
61	72	Lp
61	73	Lp
61	74	Lp
61	75	L
61	76	Lp
61	77	L
61	78	Lp
61	79	Lp
61	80	-1
61	81	Lp
61	82	Lp
61	83	L
61	84	-1
61	85	Lp
61	86	Lp
61	87	U
61	88	Lp
61	89	U
61	90	Lp
61	91	-1
61	92	-1
61	93	-1
61	94	-1
61	95	Lp
61	96	Lp
61	97	Lp
61	98	L
61	99	Lp
61	100	-1
61	101	-1
61	102	-1
61	103	-1
61	104	-1
61	105	L
61	106	L
61	107	L
61	108	L
61	109	-1
61	110	U
61	111	L
61	112	L
61	113	-1
61	114	L
61	115	L
61	116	Lp
61	117	L
61	118	Lp
61	119	Lp
62	0	L
62	1	Lp
62	2	Lp
62	3	-1
62	4	Lp
62	5	-1
62	6	-1
62	7	-1
62	8	Lp
62	9	Lp
62	10	-1
62	11	L
62	12	L
62	13	-1
62	14	L
62	15	-1
62	16	L
62	17	L
62	18	L
62	19	L
62	20	-1
62	21	L
62	22	L
62	23	-1
62	24	-1
62	25	-1
62	26	L
62	27	L
62	28	L
62	29	L
62	30	L
62	31	-1
62	32	-1
62	33	-1
62	34	L
62	35	L
62	36	L
62	37	Lp
62	38	Lp
62	39	L
62	40	-1
62	41	L
62	42	L
62	43	L
62	44	L
62	45	L
62	46	L
62	47	L
62	48	L
62	49	L
62	50	L
62	51	L
62	52	Lp
62	53	L
62	54	Lp
62	55	Lp
62	56	-1
62	57	Lp
62	58	Lp
62	59	-1
62	60	-1
62	61	-1
62	62	Lp
62	63	Lp
62	64	Lp
62	65	Lp
62	66	Lp
62	67	-1
62	68	Lp
62	69	Lp
62	70	Lp
62	71	-1
62	72	Lp
62	73	Lp
62	74	Lp
62	75	L
62	76	L
62	77	L
62	78	-1
62	79	Lp
62	80	-1
62	81	Lp
62	82	Lp
62	83	Lp
62	84	Lp
62	85	Lp
62	86	U
62	87	L
62	88	L
62	89	L
62	90	L
62	91	Lp
62	92	Lp
62	93	Lp
62	94	L
62	95	Lp
62	96	Lp
62	97	L
62	98	L
62	99	Lp
62	100	L
62	101	L
62	102	-1
62	103	L
62	104	L
62	105	L
62	106	L
62	107	L
62	108	L
62	109	L
62	110	-1
62	111	-1
62	112	L
62	113	L
62	114	U
62	115	-1
62	116	-1
62	117	L
62	118	L
62	119	-1
63	0	-1
63	1	Lp
63	2	Lp
63	3	-1
63	4	Lp
63	5	Lp
63	6	-1
63	7	-1
63	8	Lp
63	9	Lp
63	10	Lp
63	11	L
63	12	Lp
63	13	-1
63	14	-1
63	15	U
63	16	L
63	17	U
63	18	L
63	19	U
63	20	L
63	21	L
63	22	L
63	23	L
63	24	L
63	25	L
63	26	L
63	27	L
63	28	L
63	29	L
63	30	L
63	31	L
63	32	L
63	33	L
63	34	L
63	35	L
63	36	-1
63	37	L
63	38	Lp
63	39	-1
63	40	Lp
63	41	L
63	42	L
63	43	L
63	44	Lp
63	45	Lp
63	46	Lp
63	47	L
63	48	Lp
63	49	U
63	50	Lp
63	51	Lp
63	52	Lp
63	53	L
63	54	Lp
63	55	Lp
63	56	Lp
63	57	Lp
63	58	Lp
63	59	Lp
63	60	-1
63	61	Lp
63	62	-1
63	63	-1
63	64	Lp
63	65	Lp
63	66	Lp
63	67	Lp
63	68	Lp
63	69	Lp
63	70	-1
63	71	Lp
63	72	Lp
63	73	-1
63	74	Lp
63	75	Lp
63	76	Lp
63	77	Lp
63	78	Lp
63	79	-1
63	80	Lp
63	81	Lp
63	82	Lp
63	83	Lp
63	84	Lp
63	85	Lp
63	86	Lp
63	87	U
63	88	-1
63	89	L
63	90	-1
63	91	-1
63	92	Lp
63	93	L
63	94	-1
63	95	L
63	96	Lp
63	97	L
63	98	L
63	99	L
63	100	-1
63	101	L
63	102	L
63	103	L
63	104	L
63	105	-1
63	106	-1
63	107	U
63	108	-1
63	109	U
63	110	L
63	111	U
63	112	L
63	113	L
63	114	L
63	115	L
63	116	L
63	117	-1
63	118	L
63	119	Lp
64	0	Lp
64	1	L
64	2	Lp
64	3	Lp
64	4	Lp
64	5	Lp
64	6	-1
64	7	Lp
64	8	-1
64	9	L
64	10	L
64	11	Lp
64	12	L
64	13	Lp
64	14	Lp
64	15	U
64	16	U
64	17	L
64	18	U
64	19	L
64	20	L
64	21	L
64	22	L
64	23	L
64	24	L
64	25	L
64	26	L
64	27	L
64	28	L
64	29	L
64	30	-1
64	31	L
64	32	L
64	33	L
64	34	L
64	35	L
64	36	L
64	37	-1
64	38	Lp
64	39	Lp
64	40	Lp
64	41	-1
64	42	L
64	43	-1
64	44	-1
64	45	Lp
64	46	-1
64	47	Lp
64	48	-1
64	49	U
64	50	Lp
64	51	Lp
64	52	U
64	53	Lp
64	54	Lp
64	55	Lp
64	56	-1
64	57	Lp
64	58	-1
64	59	Lp
64	60	Lp
64	61	Lp
64	62	Lp
64	63	Lp
64	64	Lp
64	65	Lp
64	66	Lp
64	67	Lp
64	68	-1
64	69	Lp
64	70	-1
64	71	Lp
64	72	-1
64	73	Lp
64	74	Lp
64	75	Lp
64	76	Lp
64	77	-1
64	78	Lp
64	79	Lp
64	80	Lp
64	81	Lp
64	82	-1
64	83	L
64	84	L
64	85	Lp
64	86	Lp
64	87	-1
64	88	L
64	89	L
64	90	-1
64	91	L
64	92	L
64	93	L
64	94	L
64	95	-1
64	96	-1
64	97	L
64	98	L
64	99	L
64	100	-1
64	101	-1
64	102	L
64	103	L
64	104	L
64	105	L
64	106	-1
64	107	-1
64	108	U
64	109	L
64	110	L
64	111	U
64	112	U
64	113	U
64	114	L
64	115	L
64	116	Lp
64	117	-1
64	118	L
64	119	-1
65	0	-1
65	1	-1
65	2	Lp
65	3	Lp
65	4	Lp
65	5	Lp
65	6	Lp
65	7	-1
65	8	-1
65	9	L
65	10	L
65	11	-1
65	12	L
65	13	Lp
65	14	Lp
65	15	Lp
65	16	Lp
65	17	U
65	18	L
65	19	-1
65	20	L
65	21	L
65	22	L
65	23	L
65	24	L
65	25	L
65	26	L
65	27	L
65	28	L
65	29	L
65	30	L
65	31	L
65	32	L
65	33	-1
65	34	-1
65	35	L
65	36	L
65	37	-1
65	38	L
65	39	L
65	40	L
65	41	-1
65	42	L
65	43	Lp
65	44	-1
65	45	Lp
65	46	-1
65	47	Lp
65	48	U
65	49	U
65	50	U
65	51	Lp
65	52	Lp
65	53	-1
65	54	U
65	55	L
65	56	-1
65	57	Lp
65	58	-1
65	59	Lp
65	60	-1
65	61	Lp
65	62	Lp
65	63	Lp
65	64	Lp
65	65	Lp
65	66	Lp
65	67	Lp
65	68	Lp
65	69	Lp
65	70	Lp
65	71	Lp
65	72	Lp
65	73	Lp
65	74	Lp
65	75	Lp
65	76	Lp
65	77	Lp
65	78	Lp
65	79	Lp
65	80	Lp
65	81	-1
65	82	L
65	83	Lp
65	84	L
65	85	L
65	86	U
65	87	L
65	88	-1
65	89	-1
65	90	-1
65	91	-1
65	92	L
65	93	L
65	94	-1
65	95	-1
65	96	-1
65	97	L
65	98	L
65	99	L
65	100	-1
65	101	L
65	102	L
65	103	L
65	104	L
65	105	-1
65	106	-1
65	107	L
65	108	L
65	109	-1
65	110	-1
65	111	U
65	112	U
65	113	-1
65	114	U
65	115	L
65	116	L
65	117	-1
65	118	U
65	119	L
66	0	L
66	1	Lp
66	2	Lp
66	3	-1
66	4	-1
66	5	Lp
66	6	-1
66	7	Lp
66	8	L
66	9	L
66	10	-1
66	11	L
66	12	Lp
66	13	-1
66	14	Lp
66	15	Lp
66	16	L
66	17	-1
66	18	-1
66	19	L
66	20	L
66	21	L
66	22	L
66	23	L
66	24	L
66	25	L
66	26	L
66	27	L
66	28	L
66	29	-1
66	30	L
66	31	L
66	32	L
66	33	L
66	34	L
66	35	L
66	36	L
66	37	L
66	38	L
66	39	L
66	40	L
66	41	-1
66	42	Lp
66	43	Lp
66	44	-1
66	45	-1
66	46	Lp
66	47	U
66	48	U
66	49	U
66	50	U
66	51	U
66	52	L
66	53	Lp
66	54	L
66	55	L
66	56	-1
66	57	Lp
66	58	Lp
66	59	Lp
66	60	Lp
66	61	-1
66	62	Lp
66	63	Lp
66	64	Lp
66	65	Lp
66	66	Lp
66	67	Lp
66	68	Lp
66	69	Lp
66	70	Lp
66	71	Lp
66	72	Lp
66	73	Lp
66	74	-1
66	75	Lp
66	76	Lp
66	77	-1
66	78	Lp
66	79	Lp
66	80	L
66	81	Lp
66	82	L
66	83	L
66	84	L
66	85	L
66	86	-1
66	87	L
66	88	-1
66	89	-1
66	90	-1
66	91	-1
66	92	-1
66	93	L
66	94	L
66	95	L
66	96	-1
66	97	-1
66	98	L
66	99	L
66	100	L
66	101	L
66	102	L
66	103	L
66	104	L
66	105	L
66	106	L
66	107	L
66	108	L
66	109	L
66	110	L
66	111	-1
66	112	L
66	113	U
66	114	-1
66	115	L
66	116	L
66	117	U
66	118	-1
66	119	-1
67	0	L
67	1	L
67	2	Lp
67	3	L
67	4	L
67	5	-1
67	6	L
67	7	L
67	8	L
67	9	Lp
67	10	-1
67	11	-1
67	12	-1
67	13	Lp
67	14	L
67	15	L
67	16	L
67	17	L
67	18	L
67	19	L
67	20	-1
67	21	-1
67	22	L
67	23	L
67	24	L
67	25	-1
67	26	L
67	27	-1
67	28	L
67	29	L
67	30	L
67	31	L
67	32	L
67	33	-1
67	34	L
67	35	L
67	36	L
67	37	L
67	38	L
67	39	L
67	40	L
67	41	Lp
67	42	U
67	43	Lp
67	44	-1
67	45	Lp
67	46	Lp
67	47	-1
67	48	Lp
67	49	U
67	50	-1
67	51	L
67	52	L
67	53	Lp
67	54	Lp
67	55	-1
67	56	-1
67	57	Lp
67	58	Lp
67	59	Lp
67	60	Lp
67	61	Lp
67	62	Lp
67	63	-1
67	64	Lp
67	65	-1
67	66	-1
67	67	-1
67	68	Lp
67	69	Lp
67	70	Lp
67	71	-1
67	72	Lp
67	73	Lp
67	74	Lp
67	75	Lp
67	76	L
67	77	Lp
67	78	Lp
67	79	L
67	80	Lp
67	81	L
67	82	-1
67	83	-1
67	84	L
67	85	L
67	86	L
67	87	-1
67	88	-1
67	89	L
67	90	L
67	91	L
67	92	L
67	93	L
67	94	-1
67	95	-1
67	96	-1
67	97	Lp
67	98	Lp
67	99	Lp
67	100	-1
67	101	-1
67	102	L
67	103	L
67	104	-1
67	105	L
67	106	L
67	107	-1
67	108	L
67	109	L
67	110	L
67	111	L
67	112	L
67	113	L
67	114	L
67	115	L
67	116	L
67	117	L
67	118	Lp
67	119	L
68	0	-1
68	1	-1
68	2	-1
68	3	L
68	4	Lp
68	5	Lp
68	6	L
68	7	L
68	8	L
68	9	-1
68	10	Lp
68	11	L
68	12	Lp
68	13	Lp
68	14	-1
68	15	Lp
68	16	Lp
68	17	U
68	18	Lp
68	19	-1
68	20	L
68	21	L
68	22	L
68	23	L
68	24	L
68	25	L
68	26	L
68	27	L
68	28	L
68	29	L
68	30	L
68	31	L
68	32	L
68	33	L
68	34	L
68	35	L
68	36	L
68	37	L
68	38	L
68	39	L
68	40	Lp
68	41	Lp
68	42	Lp
68	43	Lp
68	44	Lp
68	45	Lp
68	46	-1
68	47	-1
68	48	Lp
68	49	Lp
68	50	-1
68	51	-1
68	52	L
68	53	L
68	54	L
68	55	-1
68	56	L
68	57	Lp
68	58	Lp
68	59	Lp
68	60	Lp
68	61	Lp
68	62	Lp
68	63	Lp
68	64	Lp
68	65	Lp
68	66	Lp
68	67	Lp
68	68	-1
68	69	Lp
68	70	Lp
68	71	Lp
68	72	L
68	73	-1
68	74	-1
68	75	L
68	76	Lp
68	77	L
68	78	L
68	79	Lp
68	80	-1
68	81	Lp
68	82	-1
68	83	-1
68	84	-1
68	85	L
68	86	L
68	87	L
68	88	-1
68	89	L
68	90	L
68	91	-1
68	92	L
68	93	L
68	94	L
68	95	Lp
68	96	Lp
68	97	Lp
68	98	-1
68	99	L
68	100	L
68	101	L
68	102	L
68	103	L
68	104	L
68	105	L
68	106	L
68	107	L
68	108	L
68	109	L
68	110	L
68	111	L
68	112	-1
68	113	-1
68	114	-1
68	115	-1
68	116	L
68	117	L
68	118	L
68	119	L
69	0	-1
69	1	L
69	2	L
69	3	L
69	4	L
69	5	Lp
69	6	L
69	7	L
69	8	L
69	9	L
69	10	Lp
69	11	L
69	12	L
69	13	Lp
69	14	Lp
69	15	Lp
69	16	U
69	17	Lp
69	18	U
69	19	-1
69	20	-1
69	21	L
69	22	L
69	23	L
69	24	L
69	25	L
69	26	L
69	27	L
69	28	L
69	29	L
69	30	L
69	31	L
69	32	L
69	33	U
69	34	L
69	35	-1
69	36	L
69	37	L
69	38	U
69	39	L
69	40	L
69	41	Lp
69	42	Lp
69	43	U
69	44	Lp
69	45	U
69	46	Lp
69	47	Lp
69	48	Lp
69	49	L
69	50	Lp
69	51	L
69	52	-1
69	53	-1
69	54	L
69	55	L
69	56	L
69	57	Lp
69	58	Lp
69	59	Lp
69	60	Lp
69	61	Lp
69	62	Lp
69	63	Lp
69	64	Lp
69	65	Lp
69	66	Lp
69	67	Lp
69	68	Lp
69	69	L
69	70	Lp
69	71	L
69	72	L
69	73	L
69	74	L
69	75	Lp
69	76	L
69	77	L
69	78	L
69	79	-1
69	80	-1
69	81	Lp
69	82	Lp
69	83	L
69	84	L
69	85	L
69	86	L
69	87	-1
69	88	L
69	89	L
69	90	L
69	91	L
69	92	L
69	93	-1
69	94	L
69	95	Lp
69	96	-1
69	97	Lp
69	98	L
69	99	-1
69	100	L
69	101	L
69	102	L
69	103	L
69	104	L
69	105	L
69	106	L
69	107	L
69	108	L
69	109	Lp
69	110	Lp
69	111	-1
69	112	-1
69	113	L
69	114	-1
69	115	L
69	116	U
69	117	L
69	118	-1
69	119	L
70	0	L
70	1	-1
70	2	L
70	3	L
70	4	Lp
70	5	L
70	6	L
70	7	L
70	8	L
70	9	L
70	10	L
70	11	L
70	12	-1
70	13	Lp
70	14	Lp
70	15	-1
70	16	Lp
70	17	U
70	18	L
70	19	L
70	20	L
70	21	L
70	22	L
70	23	L
70	24	L
70	25	L
70	26	L
70	27	L
70	28	Lp
70	29	L
70	30	-1
70	31	-1
70	32	U
70	33	U
70	34	L
70	35	-1
70	36	L
70	37	-1
70	38	L
70	39	L
70	40	-1
70	41	-1
70	42	-1
70	43	Lp
70	44	U
70	45	L
70	46	L
70	47	Lp
70	48	Lp
70	49	Lp
70	50	-1
70	51	L
70	52	-1
70	53	-1
70	54	-1
70	55	-1
70	56	L
70	57	Lp
70	58	Lp
70	59	Lp
70	60	Lp
70	61	Lp
70	62	Lp
70	63	Lp
70	64	Lp
70	65	Lp
70	66	Lp
70	67	Lp
70	68	-1
70	69	Lp
70	70	-1
70	71	L
70	72	L
70	73	-1
70	74	L
70	75	L
70	76	L
70	77	L
70	78	L
70	79	-1
70	80	-1
70	81	L
70	82	Lp
70	83	L
70	84	-1
70	85	L
70	86	L
70	87	-1
70	88	U
70	89	L
70	90	L
70	91	L
70	92	L
70	93	L
70	94	L
70	95	L
70	96	Lp
70	97	L
70	98	L
70	99	L
70	100	L
70	101	L
70	102	L
70	103	L
70	104	L
70	105	-1
70	106	L
70	107	Lp
70	108	Lp
70	109	Lp
70	110	L
70	111	L
70	112	L
70	113	-1
70	114	L
70	115	L
70	116	L
70	117	L
70	118	L
70	119	-1
71	0	L
71	1	L
71	2	U
71	3	L
71	4	Lp
71	5	Lp
71	6	-1
71	7	L
71	8	-1
71	9	L
71	10	L
71	11	Lp
71	12	L
71	13	Lp
71	14	Lp
71	15	-1
71	16	L
71	17	Lp
71	18	L
71	19	-1
71	20	L
71	21	L
71	22	L
71	23	L
71	24	L
71	25	-1
71	26	L
71	27	Lp
71	28	Lp
71	29	L
71	30	L
71	31	L
71	32	L
71	33	L
71	34	U
71	35	U
71	36	U
71	37	L
71	38	L
71	39	L
71	40	L
71	41	L
71	42	Lp
71	43	L
71	44	L
71	45	L
71	46	L
71	47	Lp
71	48	Lp
71	49	Lp
71	50	L
71	51	Lp
71	52	L
71	53	Lp
71	54	-1
71	55	Lp
71	56	Lp
71	57	Lp
71	58	Lp
71	59	-1
71	60	-1
71	61	Lp
71	62	Lp
71	63	U
71	64	Lp
71	65	Lp
71	66	Lp
71	67	Lp
71	68	-1
71	69	-1
71	70	L
71	71	-1
71	72	L
71	73	L
71	74	L
71	75	L
71	76	L
71	77	L
71	78	L
71	79	L
71	80	L
71	81	L
71	82	Lp
71	83	-1
71	84	L
71	85	-1
71	86	L
71	87	L
71	88	L
71	89	L
71	90	L
71	91	L
71	92	L
71	93	L
71	94	-1
71	95	L
71	96	-1
71	97	L
71	98	L
71	99	L
71	100	L
71	101	L
71	102	L
71	103	L
71	104	-1
71	105	-1
71	106	L
71	107	Lp
71	108	Lp
71	109	Lp
71	110	Lp
71	111	Lp
71	112	L
71	113	L
71	114	-1
71	115	L
71	116	L
71	117	L
71	118	L
71	119	L
72	0	L
72	1	U
72	2	Lp
72	3	U
72	4	-1
72	5	L
72	6	L
72	7	L
72	8	L
72	9	L
72	10	L
72	11	-1
72	12	Lp
72	13	L
72	14	L
72	15	L
72	16	L
72	17	Lp
72	18	L
72	19	Lp
72	20	Lp
72	21	L
72	22	L
72	23	L
72	24	L
72	25	-1
72	26	L
72	27	L
72	28	Lp
72	29	L
72	30	L
72	31	L
72	32	L
72	33	L
72	34	L
72	35	L
72	36	L
72	37	U
72	38	L
72	39	L
72	40	-1
72	41	L
72	42	L
72	43	L
72	44	L
72	45	L
72	46	Lp
72	47	Lp
72	48	Lp
72	49	Lp
72	50	Lp
72	51	Lp
72	52	L
72	53	-1
72	54	Lp
72	55	Lp
72	56	Lp
72	57	Lp
72	58	Lp
72	59	Lp
72	60	Lp
72	61	-1
72	62	Lp
72	63	Lp
72	64	Lp
72	65	Lp
72	66	L
72	67	Lp
72	68	Lp
72	69	Lp
72	70	Lp
72	71	-1
72	72	L
72	73	L
72	74	-1
72	75	-1
72	76	L
72	77	L
72	78	L
72	79	L
72	80	L
72	81	-1
72	82	L
72	83	L
72	84	L
72	85	L
72	86	-1
72	87	L
72	88	L
72	89	L
72	90	L
72	91	L
72	92	L
72	93	L
72	94	-1
72	95	L
72	96	L
72	97	L
72	98	L
72	99	-1
72	100	-1
72	101	L
72	102	L
72	103	-1
72	104	-1
72	105	-1
72	106	Lp
72	107	L
72	108	-1
72	109	-1
72	110	Lp
72	111	Lp
72	112	-1
72	113	L
72	114	L
72	115	L
72	116	L
72	117	L
72	118	L
72	119	L
73	0	U
73	1	L
73	2	U
73	3	U
73	4	U
73	5	L
73	6	-1
73	7	-1
73	8	L
73	9	L
73	10	L
73	11	L
73	12	-1
73	13	L
73	14	L
73	15	L
73	16	-1
73	17	Lp
73	18	L
73	19	L
73	20	Lp
73	21	L
73	22	-1
73	23	L
73	24	L
73	25	L
73	26	L
73	27	Lp
73	28	-1
73	29	-1
73	30	-1
73	31	L
73	32	L
73	33	L
73	34	L
73	35	L
73	36	L
73	37	L
73	38	L
73	39	L
73	40	L
73	41	L
73	42	L
73	43	L
73	44	-1
73	45	L
73	46	Lp
73	47	-1
73	48	Lp
73	49	L
73	50	L
73	51	Lp
73	52	Lp
73	53	L
73	54	Lp
73	55	Lp
73	56	Lp
73	57	Lp
73	58	Lp
73	59	Lp
73	60	Lp
73	61	-1
73	62	Lp
73	63	L
73	64	Lp
73	65	-1
73	66	Lp
73	67	Lp
73	68	Lp
73	69	Lp
73	70	L
73	71	L
73	72	-1
73	73	Lp
73	74	L
73	75	L
73	76	L
73	77	-1
73	78	-1
73	79	-1
73	80	-1
73	81	-1
73	82	L
73	83	L
73	84	L
73	85	L
73	86	-1
73	87	L
73	88	L
73	89	-1
73	90	L
73	91	L
73	92	L
73	93	L
73	94	L
73	95	L
73	96	L
73	97	L
73	98	L
73	99	L
73	100	-1
73	101	L
73	102	-1
73	103	L
73	104	L
73	105	L
73	106	-1
73	107	Lp
73	108	Lp
73	109	L
73	110	Lp
73	111	Lp
73	112	Lp
73	113	L
73	114	L
73	115	-1
73	116	-1
73	117	Lp
73	118	-1
73	119	-1
74	0	L
74	1	U
74	2	U
74	3	U
74	4	-1
74	5	L
74	6	L
74	7	L
74	8	Lp
74	9	L
74	10	L
74	11	-1
74	12	-1
74	13	-1
74	14	Lp
74	15	-1
74	16	Lp
74	17	Lp
74	18	L
74	19	L
74	20	-1
74	21	Lp
74	22	Lp
74	23	-1
74	24	L
74	25	L
74	26	L
74	27	L
74	28	L
74	29	L
74	30	L
74	31	L
74	32	-1
74	33	L
74	34	L
74	35	-1
74	36	L
74	37	-1
74	38	-1
74	39	L
74	40	L
74	41	L
74	42	-1
74	43	Lp
74	44	Lp
74	45	L
74	46	L
74	47	Lp
74	48	L
74	49	Lp
74	50	L
74	51	L
74	52	L
74	53	L
74	54	Lp
74	55	Lp
74	56	Lp
74	57	Lp
74	58	Lp
74	59	Lp
74	60	Lp
74	61	Lp
74	62	Lp
74	63	L
74	64	L
74	65	Lp
74	66	Lp
74	67	-1
74	68	Lp
74	69	Lp
74	70	-1
74	71	-1
74	72	Lp
74	73	L
74	74	Lp
74	75	-1
74	76	-1
74	77	-1
74	78	L
74	79	L
74	80	L
74	81	L
74	82	L
74	83	L
74	84	-1
74	85	L
74	86	Lp
74	87	L
74	88	L
74	89	Lp
74	90	-1
74	91	-1
74	92	L
74	93	L
74	94	L
74	95	-1
74	96	L
74	97	L
74	98	-1
74	99	-1
74	100	L
74	101	L
74	102	-1
74	103	L
74	104	L
74	105	-1
74	106	L
74	107	L
74	108	L
74	109	-1
74	110	L
74	111	Lp
74	112	Lp
74	113	L
74	114	L
74	115	L
74	116	L
74	117	Lp
74	118	Lp
74	119	Lp
75	0	L
75	1	U
75	2	U
75	3	-1
75	4	L
75	5	L
75	6	L
75	7	-1
75	8	Lp
75	9	L
75	10	-1
75	11	L
75	12	L
75	13	Lp
75	14	L
75	15	L
75	16	-1
75	17	-1
75	18	L
75	19	L
75	20	L
75	21	Lp
75	22	-1
75	23	Lp
75	24	-1
75	25	-1
75	26	L
75	27	L
75	28	L
75	29	L
75	30	-1
75	31	L
75	32	L
75	33	L
75	34	L
75	35	L
75	36	L
75	37	L
75	38	L
75	39	-1
75	40	L
75	41	-1
75	42	-1
75	43	Lp
75	44	Lp
75	45	Lp
75	46	L
75	47	L
75	48	-1
75	49	-1
75	50	L
75	51	L
75	52	L
75	53	Lp
75	54	Lp
75	55	-1
75	56	Lp
75	57	Lp
75	58	Lp
75	59	Lp
75	60	L
75	61	L
75	62	L
75	63	L
75	64	L
75	65	Lp
75	66	-1
75	67	L
75	68	L
75	69	L
75	70	L
75	71	L
75	72	L
75	73	Lp
75	74	L
75	75	L
75	76	Lp
75	77	U
75	78	-1
75	79	L
75	80	L
75	81	L
75	82	-1
75	83	L
75	84	L
75	85	L
75	86	Lp
75	87	-1
75	88	Lp
75	89	L
75	90	Lp
75	91	Lp
75	92	L
75	93	L
75	94	L
75	95	-1
75	96	L
75	97	L
75	98	L
75	99	-1
75	100	L
75	101	L
75	102	L
75	103	L
75	104	L
75	105	-1
75	106	-1
75	107	L
75	108	-1
75	109	L
75	110	-1
75	111	-1
75	112	Lp
75	113	L
75	114	L
75	115	L
75	116	Lp
75	117	Lp
75	118	Lp
75	119	Lp
76	0	L
76	1	Lp
76	2	Lp
76	3	L
76	4	-1
76	5	Lp
76	6	-1
76	7	Lp
76	8	Lp
76	9	Lp
76	10	-1
76	11	L
76	12	Lp
76	13	Lp
76	14	L
76	15	L
76	16	-1
76	17	L
76	18	-1
76	19	L
76	20	L
76	21	L
76	22	-1
76	23	L
76	24	L
76	25	Lp
76	26	Lp
76	27	-1
76	28	-1
76	29	-1
76	30	L
76	31	Lp
76	32	Lp
76	33	L
76	34	L
76	35	L
76	36	-1
76	37	L
76	38	L
76	39	L
76	40	L
76	41	L
76	42	L
76	43	L
76	44	Lp
76	45	-1
76	46	-1
76	47	L
76	48	L
76	49	L
76	50	L
76	51	-1
76	52	L
76	53	Lp
76	54	Lp
76	55	Lp
76	56	Lp
76	57	Lp
76	58	Lp
76	59	L
76	60	-1
76	61	L
76	62	L
76	63	L
76	64	Lp
76	65	-1
76	66	Lp
76	67	L
76	68	L
76	69	Lp
76	70	L
76	71	Lp
76	72	Lp
76	73	-1
76	74	L
76	75	L
76	76	L
76	77	L
76	78	L
76	79	L
76	80	L
76	81	-1
76	82	L
76	83	L
76	84	L
76	85	L
76	86	-1
76	87	Lp
76	88	-1
76	89	-1
76	90	L
76	91	Lp
76	92	Lp
76	93	L
76	94	L
76	95	-1
76	96	-1
76	97	-1
76	98	L
76	99	Lp
76	100	L
76	101	L
76	102	L
76	103	L
76	104	-1
76	105	L
76	106	L
76	107	-1
76	108	L
76	109	L
76	110	Lp
76	111	Lp
76	112	-1
76	113	Lp
76	114	L
76	115	L
76	116	L
76	117	Lp
76	118	Lp
76	119	-1
77	0	L
77	1	Lp
77	2	Lp
77	3	Lp
77	4	Lp
77	5	Lp
77	6	Lp
77	7	-1
77	8	-1
77	9	L
77	10	L
77	11	Lp
77	12	Lp
77	13	Lp
77	14	-1
77	15	L
77	16	L
77	17	L
77	18	-1
77	19	-1
77	20	L
77	21	L
77	22	L
77	23	Lp
77	24	L
77	25	-1
77	26	L
77	27	L
77	28	L
77	29	L
77	30	L
77	31	-1
77	32	L
77	33	-1
77	34	L
77	35	-1
77	36	L
77	37	-1
77	38	L
77	39	L
77	40	L
77	41	L
77	42	Lp
77	43	-1
77	44	-1
77	45	-1
77	46	-1
77	47	L
77	48	L
77	49	Lp
77	50	L
77	51	Lp
77	52	L
77	53	Lp
77	54	Lp
77	55	Lp
77	56	L
77	57	Lp
77	58	Lp
77	59	Lp
77	60	L
77	61	-1
77	62	Lp
77	63	Lp
77	64	Lp
77	65	Lp
77	66	Lp
77	67	Lp
77	68	Lp
77	69	Lp
77	70	-1
77	71	Lp
77	72	-1
77	73	L
77	74	Lp
77	75	Lp
77	76	L
77	77	L
77	78	L
77	79	-1
77	80	L
77	81	L
77	82	L
77	83	L
77	84	L
77	85	L
77	86	L
77	87	Lp
77	88	Lp
77	89	Lp
77	90	Lp
77	91	Lp
77	92	-1
77	93	Lp
77	94	L
77	95	L
77	96	L
77	97	-1
77	98	Lp
77	99	-1
77	100	L
77	101	L
77	102	L
77	103	Lp
77	104	-1
77	105	L
77	106	L
77	107	L
77	108	L
77	109	-1
77	110	-1
77	111	-1
77	112	-1
77	113	Lp
77	114	Lp
77	115	L
77	116	L
77	117	L
77	118	Lp
77	119	L
78	0	Lp
78	1	Lp
78	2	Lp
78	3	Lp
78	4	-1
78	5	Lp
78	6	-1
78	7	Lp
78	8	Lp
78	9	L
78	10	-1
78	11	Lp
78	12	-1
78	13	L
78	14	Lp
78	15	U
78	16	L
78	17	L
78	18	-1
78	19	Lp
78	20	Lp
78	21	Lp
78	22	Lp
78	23	L
78	24	L
78	25	L
78	26	L
78	27	L
78	28	L
78	29	L
78	30	L
78	31	L
78	32	L
78	33	-1
78	34	L
78	35	L
78	36	-1
78	37	L
78	38	-1
78	39	-1
78	40	L
78	41	L
78	42	Lp
78	43	Lp
78	44	Lp
78	45	Lp
78	46	Lp
78	47	L
78	48	L
78	49	L
78	50	L
78	51	L
78	52	Lp
78	53	L
78	54	-1
78	55	L
78	56	Lp
78	57	L
78	58	Lp
78	59	L
78	60	Lp
78	61	-1
78	62	Lp
78	63	Lp
78	64	L
78	65	Lp
78	66	Lp
78	67	-1
78	68	-1
78	69	Lp
78	70	Lp
78	71	L
78	72	-1
78	73	-1
78	74	L
78	75	L
78	76	-1
78	77	L
78	78	L
78	79	-1
78	80	L
78	81	L
78	82	L
78	83	Lp
78	84	U
78	85	U
78	86	-1
78	87	Lp
78	88	-1
78	89	Lp
78	90	Lp
78	91	Lp
78	92	Lp
78	93	L
78	94	Lp
78	95	-1
78	96	L
78	97	Lp
78	98	-1
78	99	Lp
78	100	L
78	101	L
78	102	Lp
78	103	Lp
78	104	-1
78	105	L
78	106	L
78	107	L
78	108	-1
78	109	L
78	110	Lp
78	111	Lp
78	112	L
78	113	L
78	114	L
78	115	L
78	116	L
78	117	Lp
78	118	-1
78	119	-1
79	0	Lp
79	1	-1
79	2	Lp
79	3	L
79	4	-1
79	5	Lp
79	6	Lp
79	7	Lp
79	8	Lp
79	9	Lp
79	10	L
79	11	-1
79	12	Lp
79	13	L
79	14	L
79	15	L
79	16	U
79	17	Lp
79	18	-1
79	19	-1
79	20	-1
79	21	Lp
79	22	Lp
79	23	Lp
79	24	L
79	25	-1
79	26	L
79	27	L
79	28	L
79	29	L
79	30	L
79	31	L
79	32	-1
79	33	-1
79	34	Lp
79	35	Lp
79	36	Lp
79	37	L
79	38	L
79	39	L
79	40	-1
79	41	Lp
79	42	Lp
79	43	-1
79	44	-1
79	45	L
79	46	Lp
79	47	-1
79	48	L
79	49	-1
79	50	L
79	51	Lp
79	52	Lp
79	53	Lp
79	54	L
79	55	L
79	56	Lp
79	57	Lp
79	58	L
79	59	-1
79	60	Lp
79	61	Lp
79	62	Lp
79	63	Lp
79	64	Lp
79	65	-1
79	66	Lp
79	67	Lp
79	68	Lp
79	69	Lp
79	70	Lp
79	71	L
79	72	L
79	73	L
79	74	-1
79	75	-1
79	76	L
79	77	Lp
79	78	L
79	79	L
79	80	L
79	81	L
79	82	L
79	83	L
79	84	U
79	85	Lp
79	86	-1
79	87	Lp
79	88	Lp
79	89	Lp
79	90	Lp
79	91	Lp
79	92	-1
79	93	L
79	94	-1
79	95	Lp
79	96	-1
79	97	-1
79	98	Lp
79	99	Lp
79	100	-1
79	101	L
79	102	-1
79	103	L
79	104	L
79	105	Lp
79	106	L
79	107	L
79	108	L
79	109	L
79	110	Lp
79	111	L
79	112	L
79	113	L
79	114	L
79	115	-1
79	116	Lp
79	117	Lp
79	118	Lp
79	119	Lp
80	0	Lp
80	1	Lp
80	2	Lp
80	3	-1
80	4	Lp
80	5	-1
80	6	Lp
80	7	L
80	8	Lp
80	9	Lp
80	10	-1
80	11	Lp
80	12	Lp
80	13	L
80	14	L
80	15	-1
80	16	-1
80	17	L
80	18	L
80	19	Lp
80	20	Lp
80	21	Lp
80	22	Lp
80	23	Lp
80	24	Lp
80	25	Lp
80	26	L
80	27	L
80	28	-1
80	29	Lp
80	30	-1
80	31	-1
80	32	Lp
80	33	Lp
80	34	Lp
80	35	Lp
80	36	-1
80	37	-1
80	38	-1
80	39	L
80	40	Lp
80	41	Lp
80	42	Lp
80	43	Lp
80	44	Lp
80	45	-1
80	46	Lp
80	47	L
80	48	L
80	49	L
80	50	L
80	51	L
80	52	L
80	53	L
80	54	-1
80	55	-1
80	56	Lp
80	57	L
80	58	Lp
80	59	-1
80	60	Lp
80	61	-1
80	62	Lp
80	63	Lp
80	64	Lp
80	65	Lp
80	66	Lp
80	67	Lp
80	68	Lp
80	69	L
80	70	-1
80	71	L
80	72	-1
80	73	L
80	74	L
80	75	L
80	76	Lp
80	77	L
80	78	-1
80	79	L
80	80	-1
80	81	-1
80	82	L
80	83	Lp
80	84	Lp
80	85	Lp
80	86	-1
80	87	-1
80	88	L
80	89	Lp
80	90	Lp
80	91	L
80	92	Lp
80	93	L
80	94	-1
80	95	Lp
80	96	Lp
80	97	Lp
80	98	Lp
80	99	L
80	100	-1
80	101	-1
80	102	-1
80	103	-1
80	104	L
80	105	L
80	106	L
80	107	L
80	108	L
80	109	-1
80	110	-1
80	111	L
80	112	L
80	113	L
80	114	-1
80	115	L
80	116	L
80	117	-1
80	118	Lp
80	119	Lp
81	0	Lp
81	1	Lp
81	2	-1
81	3	Lp
81	4	Lp
81	5	Lp
81	6	Lp
81	7	Lp
81	8	-1
81	9	Lp
81	10	Lp
81	11	-1
81	12	Lp
81	13	Lp
81	14	L
81	15	L
81	16	-1
81	17	L
81	18	L
81	19	Lp
81	20	Lp
81	21	Lp
81	22	Lp
81	23	Lp
81	24	Lp
81	25	Lp
81	26	Lp
81	27	Lp
81	28	L
81	29	-1
81	30	-1
81	31	-1
81	32	Lp
81	33	Lp
81	34	U
81	35	L
81	36	L
81	37	L
81	38	Lp
81	39	U
81	40	U
81	41	L
81	42	U
81	43	-1
81	44	L
81	45	L
81	46	L
81	47	L
81	48	L
81	49	L
81	50	L
81	51	Lp
81	52	L
81	53	L
81	54	L
81	55	-1
81	56	Lp
81	57	Lp
81	58	-1
81	59	Lp
81	60	L
81	61	Lp
81	62	Lp
81	63	Lp
81	64	-1
81	65	Lp
81	66	Lp
81	67	Lp
81	68	Lp
81	69	Lp
81	70	L
81	71	L
81	72	L
81	73	L
81	74	L
81	75	Lp
81	76	Lp
81	77	Lp
81	78	L
81	79	L
81	80	L
81	81	-1
81	82	L
81	83	Lp
81	84	Lp
81	85	-1
81	86	-1
81	87	-1
81	88	Lp
81	89	L
81	90	Lp
81	91	Lp
81	92	Lp
81	93	Lp
81	94	L
81	95	-1
81	96	Lp
81	97	Lp
81	98	Lp
81	99	-1
81	100	L
81	101	L
81	102	Lp
81	103	Lp
81	104	U
81	105	L
81	106	L
81	107	L
81	108	L
81	109	L
81	110	L
81	111	-1
81	112	L
81	113	L
81	114	-1
81	115	L
81	116	L
81	117	-1
81	118	Lp
81	119	Lp
82	0	Lp
82	1	Lp
82	2	Lp
82	3	Lp
82	4	-1
82	5	-1
82	6	Lp
82	7	Lp
82	8	Lp
82	9	Lp
82	10	Lp
82	11	Lp
82	12	-1
82	13	-1
82	14	L
82	15	L
82	16	L
82	17	L
82	18	L
82	19	Lp
82	20	Lp
82	21	Lp
82	22	-1
82	23	Lp
82	24	-1
82	25	Lp
82	26	-1
82	27	Lp
82	28	Lp
82	29	L
82	30	Lp
82	31	Lp
82	32	Lp
82	33	-1
82	34	-1
82	35	U
82	36	-1
82	37	L
82	38	Lp
82	39	Lp
82	40	U
82	41	U
82	42	U
82	43	U
82	44	-1
82	45	-1
82	46	L
82	47	L
82	48	L
82	49	-1
82	50	-1
82	51	Lp
82	52	-1
82	53	-1
82	54	-1
82	55	-1
82	56	Lp
82	57	Lp
82	58	Lp
82	59	L
82	60	Lp
82	61	Lp
82	62	Lp
82	63	-1
82	64	Lp
82	65	Lp
82	66	Lp
82	67	Lp
82	68	Lp
82	69	Lp
82	70	Lp
82	71	L
82	72	L
82	73	Lp
82	74	Lp
82	75	L
82	76	Lp
82	77	-1
82	78	L
82	79	L
82	80	L
82	81	-1
82	82	-1
82	83	Lp
82	84	-1
82	85	Lp
82	86	Lp
82	87	Lp
82	88	Lp
82	89	Lp
82	90	Lp
82	91	Lp
82	92	-1
82	93	Lp
82	94	Lp
82	95	Lp
82	96	Lp
82	97	Lp
82	98	Lp
82	99	L
82	100	Lp
82	101	L
82	102	Lp
82	103	-1
82	104	U
82	105	L
82	106	-1
82	107	L
82	108	-1
82	109	L
82	110	-1
82	111	L
82	112	L
82	113	-1
82	114	-1
82	115	Lp
82	116	Lp
82	117	L
82	118	Lp
82	119	Lp
83	0	Lp
83	1	Lp
83	2	-1
83	3	-1
83	4	Lp
83	5	Lp
83	6	Lp
83	7	Lp
83	8	-1
83	9	Lp
83	10	Lp
83	11	Lp
83	12	Lp
83	13	Lp
83	14	Lp
83	15	L
83	16	L
83	17	-1
83	18	Lp
83	19	Lp
83	20	Lp
83	21	Lp
83	22	-1
83	23	Lp
83	24	Lp
83	25	-1
83	26	Lp
83	27	Lp
83	28	Lp
83	29	-1
83	30	Lp
83	31	Lp
83	32	Lp
83	33	Lp
83	34	-1
83	35	-1
83	36	-1
83	37	U
83	38	U
83	39	U
83	40	U
83	41	U
83	42	L
83	43	U
83	44	L
83	45	L
83	46	L
83	47	-1
83	48	Lp
83	49	Lp
83	50	Lp
83	51	Lp
83	52	Lp
83	53	-1
83	54	Lp
83	55	Lp
83	56	-1
83	57	Lp
83	58	Lp
83	59	Lp
83	60	Lp
83	61	Lp
83	62	Lp
83	63	Lp
83	64	Lp
83	65	Lp
83	66	Lp
83	67	Lp
83	68	Lp
83	69	Lp
83	70	Lp
83	71	Lp
83	72	Lp
83	73	Lp
83	74	Lp
83	75	L
83	76	L
83	77	-1
83	78	Lp
83	79	Lp
83	80	Lp
83	81	L
83	82	Lp
83	83	Lp
83	84	Lp
83	85	Lp
83	86	Lp
83	87	Lp
83	88	Lp
83	89	Lp
83	90	Lp
83	91	Lp
83	92	Lp
83	93	Lp
83	94	-1
83	95	-1
83	96	Lp
83	97	-1
83	98	L
83	99	Lp
83	100	Lp
83	101	Lp
83	102	Lp
83	103	Lp
83	104	L
83	105	-1
83	106	L
83	107	L
83	108	L
83	109	L
83	110	-1
83	111	L
83	112	-1
83	113	L
83	114	L
83	115	-1
83	116	L
83	117	L
83	118	Lp
83	119	Lp
84	0	Lp
84	1	Lp
84	2	Lp
84	3	Lp
84	4	Lp
84	5	Lp
84	6	-1
84	7	-1
84	8	Lp
84	9	Lp
84	10	Lp
84	11	Lp
84	12	Lp
84	13	Lp
84	14	Lp
84	15	Lp
84	16	Lp
84	17	-1
84	18	Lp
84	19	Lp
84	20	-1
84	21	Lp
84	22	Lp
84	23	Lp
84	24	Lp
84	25	Lp
84	26	-1
84	27	Lp
84	28	Lp
84	29	Lp
84	30	L
84	31	L
84	32	Lp
84	33	Lp
84	34	Lp
84	35	-1
84	36	-1
84	37	U
84	38	U
84	39	Lp
84	40	U
84	41	U
84	42	L
84	43	L
84	44	-1
84	45	L
84	46	L
84	47	-1
84	48	L
84	49	Lp
84	50	Lp
84	51	-1
84	52	Lp
84	53	-1
84	54	-1
84	55	-1
84	56	Lp
84	57	Lp
84	58	Lp
84	59	Lp
84	60	-1
84	61	Lp
84	62	Lp
84	63	Lp
84	64	Lp
84	65	Lp
84	66	Lp
84	67	Lp
84	68	L
84	69	L
84	70	Lp
84	71	Lp
84	72	Lp
84	73	Lp
84	74	Lp
84	75	-1
84	76	Lp
84	77	Lp
84	78	-1
84	79	-1
84	80	Lp
84	81	L
84	82	L
84	83	Lp
84	84	Lp
84	85	Lp
84	86	Lp
84	87	Lp
84	88	Lp
84	89	-1
84	90	Lp
84	91	-1
84	92	-1
84	93	Lp
84	94	Lp
84	95	Lp
84	96	Lp
84	97	L
84	98	Lp
84	99	-1
84	100	Lp
84	101	Lp
84	102	Lp
84	103	Lp
84	104	L
84	105	L
84	106	L
84	107	L
84	108	L
84	109	L
84	110	L
84	111	L
84	112	L
84	113	L
84	114	L
84	115	L
84	116	L
84	117	Lp
84	118	Lp
84	119	Lp
85	0	Lp
85	1	Lp
85	2	Lp
85	3	Lp
85	4	-1
85	5	Lp
85	6	Lp
85	7	Lp
85	8	Lp
85	9	Lp
85	10	-1
85	11	Lp
85	12	-1
85	13	Lp
85	14	-1
85	15	Lp
85	16	Lp
85	17	Lp
85	18	Lp
85	19	Lp
85	20	-1
85	21	Lp
85	22	-1
85	23	Lp
85	24	Lp
85	25	Lp
85	26	Lp
85	27	Lp
85	28	Lp
85	29	-1
85	30	L
85	31	L
85	32	Lp
85	33	Lp
85	34	-1
85	35	Lp
85	36	Lp
85	37	-1
85	38	U
85	39	U
85	40	-1
85	41	U
85	42	L
85	43	U
85	44	L
85	45	L
85	46	L
85	47	L
85	48	Lp
85	49	Lp
85	50	Lp
85	51	Lp
85	52	U
85	53	Lp
85	54	Lp
85	55	Lp
85	56	-1
85	57	Lp
85	58	Lp
85	59	Lp
85	60	Lp
85	61	U
85	62	Lp
85	63	Lp
85	64	-1
85	65	Lp
85	66	Lp
85	67	Lp
85	68	L
85	69	Lp
85	70	Lp
85	71	Lp
85	72	Lp
85	73	Lp
85	74	L
85	75	Lp
85	76	Lp
85	77	Lp
85	78	-1
85	79	-1
85	80	Lp
85	81	L
85	82	L
85	83	Lp
85	84	U
85	85	Lp
85	86	Lp
85	87	Lp
85	88	-1
85	89	-1
85	90	Lp
85	91	-1
85	92	Lp
85	93	Lp
85	94	-1
85	95	Lp
85	96	-1
85	97	Lp
85	98	L
85	99	Lp
85	100	Lp
85	101	Lp
85	102	Lp
85	103	-1
85	104	-1
85	105	-1
85	106	L
85	107	L
85	108	L
85	109	L
85	110	-1
85	111	L
85	112	L
85	113	L
85	114	L
85	115	Lp
85	116	L
85	117	Lp
85	118	Lp
85	119	Lp
86	0	Lp
86	1	-1
86	2	Lp
86	3	Lp
86	4	Lp
86	5	Lp
86	6	Lp
86	7	U
86	8	Lp
86	9	Lp
86	10	Lp
86	11	Lp
86	12	Lp
86	13	Lp
86	14	-1
86	15	Lp
86	16	Lp
86	17	Lp
86	18	-1
86	19	Lp
86	20	Lp
86	21	Lp
86	22	-1
86	23	Lp
86	24	Lp
86	25	Lp
86	26	Lp
86	27	Lp
86	28	-1
86	29	Lp
86	30	Lp
86	31	L
86	32	Lp
86	33	Lp
86	34	Lp
86	35	Lp
86	36	Lp
86	37	-1
86	38	-1
86	39	U
86	40	U
86	41	U
86	42	U
86	43	L
86	44	-1
86	45	L
86	46	L
86	47	L
86	48	-1
86	49	-1
86	50	Lp
86	51	Lp
86	52	Lp
86	53	U
86	54	Lp
86	55	Lp
86	56	Lp
86	57	-1
86	58	-1
86	59	Lp
86	60	-1
86	61	Lp
86	62	-1
86	63	Lp
86	64	Lp
86	65	Lp
86	66	Lp
86	67	Lp
86	68	Lp
86	69	Lp
86	70	-1
86	71	Lp
86	72	-1
86	73	Lp
86	74	L
86	75	Lp
86	76	-1
86	77	Lp
86	78	Lp
86	79	-1
86	80	Lp
86	81	Lp
86	82	L
86	83	Lp
86	84	Lp
86	85	Lp
86	86	Lp
86	87	Lp
86	88	Lp
86	89	Lp
86	90	Lp
86	91	Lp
86	92	L
86	93	L
86	94	-1
86	95	-1
86	96	Lp
86	97	-1
86	98	Lp
86	99	Lp
86	100	-1
86	101	Lp
86	102	Lp
86	103	L
86	104	Lp
86	105	-1
86	106	-1
86	107	-1
86	108	L
86	109	L
86	110	-1
86	111	-1
86	112	L
86	113	L
86	114	L
86	115	L
86	116	Lp
86	117	Lp
86	118	Lp
86	119	Lp
87	0	Lp
87	1	Lp
87	2	Lp
87	3	Lp
87	4	Lp
87	5	Lp
87	6	Lp
87	7	Lp
87	8	Lp
87	9	Lp
87	10	Lp
87	11	-1
87	12	-1
87	13	-1
87	14	Lp
87	15	Lp
87	16	-1
87	17	Lp
87	18	Lp
87	19	Lp
87	20	Lp
87	21	Lp
87	22	Lp
87	23	Lp
87	24	Lp
87	25	Lp
87	26	-1
87	27	Lp
87	28	L
87	29	L
87	30	Lp
87	31	Lp
87	32	Lp
87	33	Lp
87	34	Lp
87	35	Lp
87	36	Lp
87	37	Lp
87	38	Lp
87	39	Lp
87	40	U
87	41	U
87	42	L
87	43	U
87	44	-1
87	45	L
87	46	L
87	47	L
87	48	L
87	49	L
87	50	L
87	51	Lp
87	52	Lp
87	53	U
87	54	Lp
87	55	Lp
87	56	Lp
87	57	-1
87	58	-1
87	59	-1
87	60	-1
87	61	Lp
87	62	Lp
87	63	Lp
87	64	Lp
87	65	-1
87	66	Lp
87	67	Lp
87	68	Lp
87	69	Lp
87	70	Lp
87	71	Lp
87	72	Lp
87	73	L
87	74	-1
87	75	Lp
87	76	Lp
87	77	Lp
87	78	Lp
87	79	Lp
87	80	Lp
87	81	Lp
87	82	L
87	83	-1
87	84	-1
87	85	Lp
87	86	Lp
87	87	Lp
87	88	Lp
87	89	Lp
87	90	Lp
87	91	-1
87	92	L
87	93	-1
87	94	U
87	95	Lp
87	96	Lp
87	97	-1
87	98	Lp
87	99	Lp
87	100	-1
87	101	-1
87	102	L
87	103	Lp
87	104	Lp
87	105	-1
87	106	-1
87	107	Lp
87	108	-1
87	109	L
87	110	L
87	111	Lp
87	112	-1
87	113	L
87	114	L
87	115	Lp
87	116	Lp
87	117	Lp
87	118	Lp
87	119	Lp
88	0	Lp
88	1	Lp
88	2	Lp
88	3	Lp
88	4	Lp
88	5	Lp
88	6	Lp
88	7	Lp
88	8	Lp
88	9	-1
88	10	Lp
88	11	-1
88	12	Lp
88	13	Lp
88	14	-1
88	15	Lp
88	16	Lp
88	17	Lp
88	18	Lp
88	19	Lp
88	20	Lp
88	21	Lp
88	22	Lp
88	23	-1
88	24	Lp
88	25	Lp
88	26	Lp
88	27	Lp
88	28	L
88	29	L
88	30	Lp
88	31	U
88	32	-1
88	33	Lp
88	34	Lp
88	35	Lp
88	36	Lp
88	37	Lp
88	38	Lp
88	39	Lp
88	40	Lp
88	41	U
88	42	U
88	43	U
88	44	U
88	45	-1
88	46	L
88	47	-1
88	48	-1
88	49	-1
88	50	Lp
88	51	Lp
88	52	Lp
88	53	-1
88	54	U
88	55	Lp
88	56	Lp
88	57	Lp
88	58	Lp
88	59	-1
88	60	Lp
88	61	Lp
88	62	Lp
88	63	Lp
88	64	-1
88	65	Lp
88	66	Lp
88	67	Lp
88	68	Lp
88	69	-1
88	70	Lp
88	71	Lp
88	72	L
88	73	L
88	74	-1
88	75	Lp
88	76	Lp
88	77	Lp
88	78	Lp
88	79	Lp
88	80	-1
88	81	Lp
88	82	Lp
88	83	Lp
88	84	Lp
88	85	Lp
88	86	-1
88	87	Lp
88	88	Lp
88	89	Lp
88	90	Lp
88	91	Lp
88	92	-1
88	93	-1
88	94	Lp
88	95	Lp
88	96	Lp
88	97	Lp
88	98	Lp
88	99	L
88	100	-1
88	101	L
88	102	L
88	103	Lp
88	104	-1
88	105	Lp
88	106	Lp
88	107	-1
88	108	-1
88	109	L
88	110	L
88	111	-1
88	112	L
88	113	L
88	114	U
88	115	Lp
88	116	Lp
88	117	Lp
88	118	Lp
88	119	Lp
89	0	Lp
89	1	Lp
89	2	Lp
89	3	Lp
89	4	Lp
89	5	Lp
89	6	-1
89	7	-1
89	8	Lp
89	9	-1
89	10	Lp
89	11	Lp
89	12	Lp
89	13	Lp
89	14	-1
89	15	-1
89	16	Lp
89	17	Lp
89	18	-1
89	19	Lp
89	20	Lp
89	21	Lp
89	22	Lp
89	23	Lp
89	24	Lp
89	25	Lp
89	26	Lp
89	27	-1
89	28	Lp
89	29	L
89	30	L
89	31	-1
89	32	Lp
89	33	-1
89	34	Lp
89	35	-1
89	36	Lp
89	37	Lp
89	38	Lp
89	39	-1
89	40	Lp
89	41	-1
89	42	U
89	43	U
89	44	L
89	45	L
89	46	L
89	47	L
89	48	-1
89	49	Lp
89	50	Lp
89	51	Lp
89	52	-1
89	53	L
89	54	Lp
89	55	L
89	56	-1
89	57	Lp
89	58	-1
89	59	Lp
89	60	L
89	61	-1
89	62	Lp
89	63	Lp
89	64	Lp
89	65	Lp
89	66	Lp
89	67	Lp
89	68	Lp
89	69	Lp
89	70	Lp
89	71	Lp
89	72	-1
89	73	Lp
89	74	Lp
89	75	L
89	76	Lp
89	77	Lp
89	78	Lp
89	79	Lp
89	80	Lp
89	81	Lp
89	82	Lp
89	83	Lp
89	84	Lp
89	85	Lp
89	86	Lp
89	87	Lp
89	88	Lp
89	89	Lp
89	90	Lp
89	91	Lp
89	92	Lp
89	93	Lp
89	94	-1
89	95	Lp
89	96	Lp
89	97	Lp
89	98	Lp
89	99	-1
89	100	L
89	101	L
89	102	L
89	103	Lp
89	104	Lp
89	105	L
89	106	L
89	107	L
89	108	L
89	109	L
89	110	L
89	111	L
89	112	U
89	113	U
89	114	U
89	115	-1
89	116	Lp
89	117	-1
89	118	Lp
89	119	Lp
90	0	Lp
90	1	Lp
90	2	-1
90	3	Lp
90	4	Lp
90	5	Lp
90	6	Lp
90	7	Lp
90	8	-1
90	9	-1
90	10	-1
90	11	Lp
90	12	-1
90	13	Lp
90	14	Lp
90	15	Lp
90	16	Lp
90	17	Lp
90	18	-1
90	19	Lp
90	20	Lp
90	21	Lp
90	22	Lp
90	23	Lp
90	24	-1
90	25	Lp
90	26	Lp
90	27	Lp
90	28	-1
90	29	Lp
90	30	Lp
90	31	Lp
90	32	Lp
90	33	-1
90	34	-1
90	35	Lp
90	36	Lp
90	37	Lp
90	38	Lp
90	39	-1
90	40	Lp
90	41	-1
90	42	U
90	43	U
90	44	L
90	45	L
90	46	Lp
90	47	Lp
90	48	Lp
90	49	Lp
90	50	Lp
90	51	Lp
90	52	Lp
90	53	L
90	54	L
90	55	L
90	56	U
90	57	Lp
90	58	L
90	59	L
90	60	-1
90	61	Lp
90	62	-1
90	63	Lp
90	64	Lp
90	65	Lp
90	66	Lp
90	67	Lp
90	68	Lp
90	69	Lp
90	70	-1
90	71	Lp
90	72	Lp
90	73	Lp
90	74	Lp
90	75	Lp
90	76	L
90	77	Lp
90	78	Lp
90	79	Lp
90	80	Lp
90	81	Lp
90	82	-1
90	83	Lp
90	84	Lp
90	85	Lp
90	86	Lp
90	87	Lp
90	88	Lp
90	89	Lp
90	90	Lp
90	91	Lp
90	92	Lp
90	93	Lp
90	94	-1
90	95	Lp
90	96	-1
90	97	Lp
90	98	Lp
90	99	L
90	100	-1
90	101	L
90	102	L
90	103	L
90	104	L
90	105	L
90	106	L
90	107	L
90	108	L
90	109	L
90	110	-1
90	111	-1
90	112	-1
90	113	-1
90	114	-1
90	115	Lp
90	116	Lp
90	117	Lp
90	118	L
90	119	Lp
91	0	-1
91	1	Lp
91	2	-1
91	3	Lp
91	4	Lp
91	5	Lp
91	6	Lp
91	7	-1
91	8	Lp
91	9	Lp
91	10	-1
91	11	Lp
91	12	Lp
91	13	-1
91	14	Lp
91	15	Lp
91	16	-1
91	17	U
91	18	U
91	19	-1
91	20	Lp
91	21	Lp
91	22	-1
91	23	-1
91	24	Lp
91	25	L
91	26	Lp
91	27	L
91	28	Lp
91	29	Lp
91	30	Lp
91	31	-1
91	32	-1
91	33	L
91	34	Lp
91	35	-1
91	36	-1
91	37	Lp
91	38	-1
91	39	Lp
91	40	Lp
91	41	Lp
91	42	U
91	43	U
91	44	U
91	45	Lp
91	46	Lp
91	47	Lp
91	48	-1
91	49	Lp
91	50	Lp
91	51	Lp
91	52	Lp
91	53	Lp
91	54	L
91	55	Lp
91	56	Lp
91	57	-1
91	58	Lp
91	59	L
91	60	L
91	61	Lp
91	62	Lp
91	63	Lp
91	64	Lp
91	65	-1
91	66	-1
91	67	L
91	68	Lp
91	69	Lp
91	70	-1
91	71	-1
91	72	Lp
91	73	Lp
91	74	Lp
91	75	L
91	76	Lp
91	77	Lp
91	78	Lp
91	79	-1
91	80	Lp
91	81	Lp
91	82	Lp
91	83	L
91	84	L
91	85	Lp
91	86	-1
91	87	Lp
91	88	Lp
91	89	Lp
91	90	Lp
91	91	Lp
91	92	Lp
91	93	Lp
91	94	Lp
91	95	Lp
91	96	Lp
91	97	Lp
91	98	-1
91	99	L
91	100	L
91	101	L
91	102	L
91	103	L
91	104	L
91	105	-1
91	106	L
91	107	L
91	108	-1
91	109	L
91	110	-1
91	111	L
91	112	-1
91	113	U
91	114	Lp
91	115	-1
91	116	Lp
91	117	Lp
91	118	Lp
91	119	Lp
92	0	Lp
92	1	Lp
92	2	-1
92	3	-1
92	4	-1
92	5	Lp
92	6	-1
92	7	Lp
92	8	Lp
92	9	Lp
92	10	Lp
92	11	Lp
92	12	Lp
92	13	Lp
92	14	Lp
92	15	-1
92	16	Lp
92	17	Lp
92	18	-1
92	19	Lp
92	20	-1
92	21	L
92	22	L
92	23	Lp
92	24	Lp
92	25	Lp
92	26	-1
92	27	-1
92	28	Lp
92	29	-1
92	30	-1
92	31	Lp
92	32	Lp
92	33	Lp
92	34	L
92	35	U
92	36	Lp
92	37	Lp
92	38	-1
92	39	Lp
92	40	Lp
92	41	Lp
92	42	Lp
92	43	U
92	44	Lp
92	45	U
92	46	U
92	47	Lp
92	48	-1
92	49	Lp
92	50	Lp
92	51	Lp
92	52	Lp
92	53	Lp
92	54	Lp
92	55	-1
92	56	Lp
92	57	Lp
92	58	Lp
92	59	Lp
92	60	Lp
92	61	-1
92	62	Lp
92	63	-1
92	64	L
92	65	L
92	66	-1
92	67	Lp
92	68	Lp
92	69	-1
92	70	Lp
92	71	Lp
92	72	Lp
92	73	Lp
92	74	Lp
92	75	L
92	76	U
92	77	L
92	78	L
92	79	Lp
92	80	-1
92	81	Lp
92	82	L
92	83	L
92	84	-1
92	85	L
92	86	Lp
92	87	-1
92	88	Lp
92	89	-1
92	90	Lp
92	91	Lp
92	92	-1
92	93	-1
92	94	Lp
92	95	Lp
92	96	-1
92	97	-1
92	98	-1
92	99	L
92	100	L
92	101	-1
92	102	L
92	103	L
92	104	L
92	105	L
92	106	-1
92	107	L
92	108	L
92	109	L
92	110	L
92	111	U
92	112	L
92	113	U
92	114	-1
92	115	L
92	116	L
92	117	Lp
92	118	-1
92	119	-1
93	0	Lp
93	1	Lp
93	2	Lp
93	3	-1
93	4	-1
93	5	Lp
93	6	Lp
93	7	Lp
93	8	Lp
93	9	Lp
93	10	Lp
93	11	Lp
93	12	Lp
93	13	-1
93	14	Lp
93	15	Lp
93	16	Lp
93	17	Lp
93	18	Lp
93	19	-1
93	20	Lp
93	21	Lp
93	22	Lp
93	23	L
93	24	Lp
93	25	Lp
93	26	Lp
93	27	Lp
93	28	-1
93	29	Lp
93	30	Lp
93	31	Lp
93	32	Lp
93	33	L
93	34	U
93	35	U
93	36	Lp
93	37	Lp
93	38	Lp
93	39	Lp
93	40	-1
93	41	Lp
93	42	U
93	43	U
93	44	Lp
93	45	U
93	46	-1
93	47	Lp
93	48	-1
93	49	Lp
93	50	Lp
93	51	-1
93	52	-1
93	53	-1
93	54	-1
93	55	-1
93	56	Lp
93	57	Lp
93	58	-1
93	59	Lp
93	60	L
93	61	Lp
93	62	Lp
93	63	Lp
93	64	L
93	65	L
93	66	L
93	67	L
93	68	Lp
93	69	Lp
93	70	Lp
93	71	Lp
93	72	Lp
93	73	-1
93	74	Lp
93	75	Lp
93	76	U
93	77	L
93	78	L
93	79	Lp
93	80	U
93	81	U
93	82	-1
93	83	-1
93	84	-1
93	85	L
93	86	U
93	87	Lp
93	88	Lp
93	89	-1
93	90	Lp
93	91	Lp
93	92	Lp
93	93	Lp
93	94	-1
93	95	Lp
93	96	-1
93	97	-1
93	98	L
93	99	L
93	100	-1
93	101	-1
93	102	Lp
93	103	Lp
93	104	L
93	105	L
93	106	-1
93	107	L
93	108	Lp
93	109	Lp
93	110	L
93	111	L
93	112	U
93	113	-1
93	114	U
93	115	-1
93	116	L
93	117	Lp
93	118	Lp
93	119	L
94	0	L
94	1	Lp
94	2	Lp
94	3	Lp
94	4	Lp
94	5	-1
94	6	Lp
94	7	Lp
94	8	Lp
94	9	Lp
94	10	Lp
94	11	-1
94	12	-1
94	13	Lp
94	14	Lp
94	15	Lp
94	16	Lp
94	17	Lp
94	18	Lp
94	19	Lp
94	20	Lp
94	21	Lp
94	22	Lp
94	23	Lp
94	24	Lp
94	25	L
94	26	Lp
94	27	-1
94	28	Lp
94	29	Lp
94	30	Lp
94	31	Lp
94	32	Lp
94	33	-1
94	34	L
94	35	Lp
94	36	-1
94	37	Lp
94	38	Lp
94	39	Lp
94	40	-1
94	41	Lp
94	42	Lp
94	43	-1
94	44	U
94	45	Lp
94	46	Lp
94	47	Lp
94	48	Lp
94	49	Lp
94	50	Lp
94	51	Lp
94	52	Lp
94	53	Lp
94	54	Lp
94	55	-1
94	56	Lp
94	57	Lp
94	58	L
94	59	L
94	60	Lp
94	61	Lp
94	62	Lp
94	63	L
94	64	-1
94	65	L
94	66	-1
94	67	L
94	68	Lp
94	69	Lp
94	70	-1
94	71	Lp
94	72	Lp
94	73	Lp
94	74	Lp
94	75	L
94	76	-1
94	77	L
94	78	U
94	79	U
94	80	-1
94	81	U
94	82	L
94	83	-1
94	84	-1
94	85	-1
94	86	U
94	87	-1
94	88	-1
94	89	Lp
94	90	Lp
94	91	-1
94	92	Lp
94	93	-1
94	94	Lp
94	95	Lp
94	96	-1
94	97	L
94	98	L
94	99	L
94	100	-1
94	101	Lp
94	102	Lp
94	103	Lp
94	104	-1
94	105	Lp
94	106	Lp
94	107	-1
94	108	Lp
94	109	Lp
94	110	U
94	111	U
94	112	L
94	113	U
94	114	-1
94	115	-1
94	116	Lp
94	117	Lp
94	118	-1
94	119	U
95	0	L
95	1	L
95	2	Lp
95	3	Lp
95	4	Lp
95	5	Lp
95	6	Lp
95	7	Lp
95	8	Lp
95	9	Lp
95	10	Lp
95	11	Lp
95	12	-1
95	13	-1
95	14	Lp
95	15	Lp
95	16	Lp
95	17	Lp
95	18	Lp
95	19	Lp
95	20	-1
95	21	Lp
95	22	-1
95	23	Lp
95	24	Lp
95	25	-1
95	26	Lp
95	27	Lp
95	28	Lp
95	29	Lp
95	30	-1
95	31	Lp
95	32	Lp
95	33	Lp
95	34	-1
95	35	-1
95	36	Lp
95	37	Lp
95	38	Lp
95	39	Lp
95	40	Lp
95	41	Lp
95	42	Lp
95	43	-1
95	44	Lp
95	45	Lp
95	46	Lp
95	47	-1
95	48	Lp
95	49	Lp
95	50	Lp
95	51	-1
95	52	Lp
95	53	Lp
95	54	-1
95	55	-1
95	56	-1
95	57	Lp
95	58	L
95	59	L
95	60	Lp
95	61	-1
95	62	L
95	63	Lp
95	64	Lp
95	65	Lp
95	66	Lp
95	67	Lp
95	68	Lp
95	69	Lp
95	70	Lp
95	71	Lp
95	72	Lp
95	73	L
95	74	-1
95	75	L
95	76	Lp
95	77	-1
95	78	U
95	79	U
95	80	L
95	81	L
95	82	L
95	83	L
95	84	-1
95	85	Lp
95	86	Lp
95	87	Lp
95	88	-1
95	89	Lp
95	90	Lp
95	91	-1
95	92	-1
95	93	-1
95	94	Lp
95	95	Lp
95	96	U
95	97	L
95	98	L
95	99	L
95	100	-1
95	101	Lp
95	102	L
95	103	-1
95	104	Lp
95	105	Lp
95	106	-1
95	107	Lp
95	108	L
95	109	L
95	110	L
95	111	-1
95	112	-1
95	113	L
95	114	-1
95	115	Lp
95	116	-1
95	117	-1
95	118	-1
95	119	-1
96	0	-1
96	1	U
96	2	U
96	3	Lp
96	4	-1
96	5	Lp
96	6	-1
96	7	Lp
96	8	Lp
96	9	Lp
96	10	Lp
96	11	Lp
96	12	Lp
96	13	-1
96	14	Lp
96	15	Lp
96	16	-1
96	17	Lp
96	18	Lp
96	19	Lp
96	20	Lp
96	21	-1
96	22	Lp
96	23	Lp
96	24	Lp
96	25	-1
96	26	Lp
96	27	Lp
96	28	Lp
96	29	Lp
96	30	Lp
96	31	-1
96	32	Lp
96	33	Lp
96	34	-1
96	35	Lp
96	36	Lp
96	37	Lp
96	38	Lp
96	39	Lp
96	40	-1
96	41	Lp
96	42	Lp
96	43	Lp
96	44	-1
96	45	Lp
96	46	-1
96	47	Lp
96	48	Lp
96	49	Lp
96	50	Lp
96	51	L
96	52	Lp
96	53	-1
96	54	L
96	55	-1
96	56	L
96	57	-1
96	58	L
96	59	L
96	60	Lp
96	61	-1
96	62	Lp
96	63	Lp
96	64	Lp
96	65	Lp
96	66	Lp
96	67	Lp
96	68	Lp
96	69	Lp
96	70	Lp
96	71	Lp
96	72	L
96	73	L
96	74	L
96	75	L
96	76	L
96	77	L
96	78	L
96	79	L
96	80	-1
96	81	L
96	82	L
96	83	L
96	84	L
96	85	Lp
96	86	Lp
96	87	Lp
96	88	Lp
96	89	Lp
96	90	Lp
96	91	Lp
96	92	-1
96	93	Lp
96	94	L
96	95	Lp
96	96	Lp
96	97	-1
96	98	L
96	99	L
96	100	L
96	101	-1
96	102	L
96	103	Lp
96	104	Lp
96	105	Lp
96	106	L
96	107	Lp
96	108	L
96	109	L
96	110	L
96	111	L
96	112	-1
96	113	L
96	114	-1
96	115	-1
96	116	Lp
96	117	Lp
96	118	U
96	119	Lp
97	0	-1
97	1	Lp
97	2	U
97	3	U
97	4	Lp
97	5	Lp
97	6	Lp
97	7	Lp
97	8	-1
97	9	Lp
97	10	Lp
97	11	Lp
97	12	Lp
97	13	-1
97	14	Lp
97	15	Lp
97	16	Lp
97	17	Lp
97	18	Lp
97	19	Lp
97	20	U
97	21	Lp
97	22	Lp
97	23	Lp
97	24	Lp
97	25	Lp
97	26	-1
97	27	L
97	28	-1
97	29	-1
97	30	Lp
97	31	-1
97	32	-1
97	33	Lp
97	34	Lp
97	35	-1
97	36	-1
97	37	Lp
97	38	Lp
97	39	Lp
97	40	-1
97	41	Lp
97	42	Lp
97	43	U
97	44	-1
97	45	-1
97	46	-1
97	47	Lp
97	48	Lp
97	49	-1
97	50	-1
97	51	-1
97	52	L
97	53	Lp
97	54	L
97	55	L
97	56	-1
97	57	L
97	58	-1
97	59	Lp
97	60	L
97	61	Lp
97	62	L
97	63	Lp
97	64	-1
97	65	Lp
97	66	Lp
97	67	Lp
97	68	Lp
97	69	Lp
97	70	Lp
97	71	Lp
97	72	L
97	73	L
97	74	-1
97	75	L
97	76	-1
97	77	L
97	78	L
97	79	L
97	80	L
97	81	L
97	82	-1
97	83	L
97	84	L
97	85	-1
97	86	Lp
97	87	-1
97	88	Lp
97	89	Lp
97	90	Lp
97	91	Lp
97	92	Lp
97	93	L
97	94	L
97	95	Lp
97	96	-1
97	97	-1
97	98	Lp
97	99	L
97	100	-1
97	101	L
97	102	-1
97	103	L
97	104	Lp
97	105	L
97	106	L
97	107	L
97	108	-1
97	109	L
97	110	L
97	111	-1
97	112	L
97	113	L
97	114	L
97	115	Lp
97	116	Lp
97	117	-1
97	118	-1
97	119	Lp
98	0	-1
98	1	-1
98	2	-1
98	3	U
98	4	U
98	5	Lp
98	6	Lp
98	7	Lp
98	8	Lp
98	9	Lp
98	10	Lp
98	11	-1
98	12	Lp
98	13	Lp
98	14	Lp
98	15	Lp
98	16	Lp
98	17	Lp
98	18	Lp
98	19	U
98	20	Lp
98	21	Lp
98	22	-1
98	23	Lp
98	24	-1
98	25	Lp
98	26	Lp
98	27	L
98	28	L
98	29	L
98	30	Lp
98	31	Lp
98	32	Lp
98	33	Lp
98	34	-1
98	35	Lp
98	36	Lp
98	37	Lp
98	38	Lp
98	39	Lp
98	40	L
98	41	Lp
98	42	Lp
98	43	U
98	44	-1
98	45	Lp
98	46	-1
98	47	U
98	48	U
98	49	-1
98	50	Lp
98	51	-1
98	52	L
98	53	-1
98	54	L
98	55	L
98	56	L
98	57	L
98	58	L
98	59	L
98	60	Lp
98	61	-1
98	62	Lp
98	63	-1
98	64	Lp
98	65	Lp
98	66	Lp
98	67	Lp
98	68	Lp
98	69	Lp
98	70	Lp
98	71	Lp
98	72	-1
98	73	-1
98	74	L
98	75	-1
98	76	-1
98	77	-1
98	78	-1
98	79	L
98	80	Lp
98	81	L
98	82	L
98	83	L
98	84	L
98	85	L
98	86	-1
98	87	Lp
98	88	Lp
98	89	Lp
98	90	-1
98	91	Lp
98	92	Lp
98	93	L
98	94	L
98	95	Lp
98	96	-1
98	97	Lp
98	98	L
98	99	L
98	100	-1
98	101	L
98	102	L
98	103	Lp
98	104	L
98	105	L
98	106	L
98	107	L
98	108	-1
98	109	L
98	110	Lp
98	111	Lp
98	112	L
98	113	L
98	114	L
98	115	-1
98	116	Lp
98	117	Lp
98	118	-1
98	119	Lp
99	0	L
99	1	-1
99	2	-1
99	3	U
99	4	Lp
99	5	Lp
99	6	Lp
99	7	-1
99	8	Lp
99	9	Lp
99	10	Lp
99	11	Lp
99	12	-1
99	13	Lp
99	14	Lp
99	15	Lp
99	16	Lp
99	17	Lp
99	18	Lp
99	19	Lp
99	20	U
99	21	Lp
99	22	-1
99	23	Lp
99	24	-1
99	25	Lp
99	26	L
99	27	-1
99	28	L
99	29	L
99	30	Lp
99	31	Lp
99	32	Lp
99	33	Lp
99	34	-1
99	35	-1
99	36	Lp
99	37	L
99	38	L
99	39	Lp
99	40	Lp
99	41	L
99	42	-1
99	43	Lp
99	44	Lp
99	45	-1
99	46	L
99	47	U
99	48	Lp
99	49	Lp
99	50	Lp
99	51	Lp
99	52	L
99	53	Lp
99	54	Lp
99	55	Lp
99	56	L
99	57	L
99	58	L
99	59	L
99	60	Lp
99	61	Lp
99	62	Lp
99	63	-1
99	64	Lp
99	65	Lp
99	66	Lp
99	67	Lp
99	68	Lp
99	69	Lp
99	70	Lp
99	71	-1
99	72	Lp
99	73	L
99	74	-1
99	75	-1
99	76	Lp
99	77	Lp
99	78	-1
99	79	Lp
99	80	Lp
99	81	L
99	82	Lp
99	83	Lp
99	84	Lp
99	85	Lp
99	86	-1
99	87	-1
99	88	Lp
99	89	Lp
99	90	Lp
99	91	-1
99	92	L
99	93	L
99	94	Lp
99	95	Lp
99	96	Lp
99	97	Lp
99	98	Lp
99	99	L
99	100	L
99	101	L
99	102	Lp
99	103	L
99	104	Lp
99	105	Lp
99	106	L
99	107	L
99	108	L
99	109	L
99	110	Lp
99	111	Lp
99	112	Lp
99	113	Lp
99	114	L
99	115	L
99	116	-1
99	117	Lp
99	118	-1
99	119	Lp
100	0	-1
100	1	Lp
100	2	U
100	3	L
100	4	Lp
100	5	L
100	6	Lp
100	7	Lp
100	8	Lp
100	9	Lp
100	10	Lp
100	11	-1
100	12	U
100	13	Lp
100	14	Lp
100	15	Lp
100	16	Lp
100	17	Lp
100	18	Lp
100	19	Lp
100	20	-1
100	21	Lp
100	22	Lp
100	23	Lp
100	24	-1
100	25	-1
100	26	Lp
100	27	Lp
100	28	L
100	29	-1
100	30	L
100	31	Lp
100	32	Lp
100	33	Lp
100	34	Lp
100	35	Lp
100	36	Lp
100	37	L
100	38	L
100	39	L
100	40	L
100	41	L
100	42	Lp
100	43	U
100	44	U
100	45	L
100	46	-1
100	47	-1
100	48	Lp
100	49	Lp
100	50	Lp
100	51	Lp
100	52	Lp
100	53	Lp
100	54	Lp
100	55	-1
100	56	-1
100	57	-1
100	58	L
100	59	L
100	60	Lp
100	61	Lp
100	62	Lp
100	63	-1
100	64	-1
100	65	-1
100	66	-1
100	67	Lp
100	68	Lp
100	69	Lp
100	70	Lp
100	71	Lp
100	72	-1
100	73	Lp
100	74	-1
100	75	Lp
100	76	Lp
100	77	L
100	78	-1
100	79	-1
100	80	-1
100	81	Lp
100	82	L
100	83	Lp
100	84	-1
100	85	Lp
100	86	Lp
100	87	Lp
100	88	-1
100	89	Lp
100	90	-1
100	91	Lp
100	92	Lp
100	93	Lp
100	94	Lp
100	95	Lp
100	96	Lp
100	97	-1
100	98	Lp
100	99	Lp
100	100	Lp
100	101	Lp
100	102	Lp
100	103	Lp
100	104	Lp
100	105	Lp
100	106	Lp
100	107	L
100	108	L
100	109	L
100	110	L
100	111	-1
100	112	Lp
100	113	Lp
100	114	-1
100	115	Lp
100	116	Lp
100	117	-1
100	118	Lp
100	119	Lp
101	0	Lp
101	1	L
101	2	L
101	3	L
101	4	L
101	5	L
101	6	Lp
101	7	Lp
101	8	L
101	9	Lp
101	10	-1
101	11	U
101	12	U
101	13	U
101	14	-1
101	15	Lp
101	16	Lp
101	17	Lp
101	18	Lp
101	19	Lp
101	20	Lp
101	21	Lp
101	22	Lp
101	23	Lp
101	24	Lp
101	25	L
101	26	Lp
101	27	Lp
101	28	L
101	29	-1
101	30	Lp
101	31	Lp
101	32	Lp
101	33	Lp
101	34	Lp
101	35	Lp
101	36	L
101	37	Lp
101	38	L
101	39	-1
101	40	-1
101	41	Lp
101	42	Lp
101	43	Lp
101	44	Lp
101	45	L
101	46	Lp
101	47	Lp
101	48	Lp
101	49	-1
101	50	-1
101	51	Lp
101	52	Lp
101	53	Lp
101	54	-1
101	55	L
101	56	L
101	57	L
101	58	-1
101	59	Lp
101	60	L
101	61	L
101	62	Lp
101	63	Lp
101	64	-1
101	65	Lp
101	66	-1
101	67	-1
101	68	Lp
101	69	Lp
101	70	Lp
101	71	Lp
101	72	Lp
101	73	Lp
101	74	Lp
101	75	Lp
101	76	Lp
101	77	L
101	78	L
101	79	Lp
101	80	-1
101	81	Lp
101	82	L
101	83	Lp
101	84	Lp
101	85	Lp
101	86	Lp
101	87	Lp
101	88	Lp
101	89	Lp
101	90	-1
101	91	Lp
101	92	-1
101	93	Lp
101	94	Lp
101	95	Lp
101	96	Lp
101	97	Lp
101	98	Lp
101	99	Lp
101	100	Lp
101	101	Lp
101	102	Lp
101	103	-1
101	104	Lp
101	105	-1
101	106	Lp
101	107	L
101	108	L
101	109	L
101	110	L
101	111	L
101	112	L
101	113	L
101	114	L
101	115	-1
101	116	-1
101	117	Lp
101	118	-1
101	119	L
102	0	L
102	1	Lp
102	2	L
102	3	-1
102	4	L
102	5	L
102	6	-1
102	7	L
102	8	-1
102	9	Lp
102	10	Lp
102	11	U
102	12	Lp
102	13	Lp
102	14	Lp
102	15	Lp
102	16	-1
102	17	Lp
102	18	Lp
102	19	-1
102	20	Lp
102	21	Lp
102	22	Lp
102	23	Lp
102	24	Lp
102	25	-1
102	26	Lp
102	27	-1
102	28	-1
102	29	L
102	30	Lp
102	31	Lp
102	32	Lp
102	33	-1
102	34	Lp
102	35	Lp
102	36	-1
102	37	L
102	38	L
102	39	Lp
102	40	U
102	41	Lp
102	42	Lp
102	43	Lp
102	44	L
102	45	L
102	46	Lp
102	47	Lp
102	48	Lp
102	49	Lp
102	50	Lp
102	51	-1
102	52	Lp
102	53	Lp
102	54	Lp
102	55	L
102	56	-1
102	57	L
102	58	Lp
102	59	L
102	60	Lp
102	61	Lp
102	62	-1
102	63	Lp
102	64	-1
102	65	Lp
102	66	Lp
102	67	Lp
102	68	Lp
102	69	Lp
102	70	Lp
102	71	-1
102	72	Lp
102	73	-1
102	74	-1
102	75	Lp
102	76	Lp
102	77	Lp
102	78	L
102	79	L
102	80	Lp
102	81	-1
102	82	Lp
102	83	-1
102	84	Lp
102	85	Lp
102	86	Lp
102	87	Lp
102	88	Lp
102	89	-1
102	90	Lp
102	91	U
102	92	Lp
102	93	Lp
102	94	Lp
102	95	Lp
102	96	Lp
102	97	-1
102	98	Lp
102	99	Lp
102	100	-1
102	101	Lp
102	102	Lp
102	103	Lp
102	104	L
102	105	L
102	106	L
102	107	L
102	108	-1
102	109	L
102	110	-1
102	111	L
102	112	-1
102	113	Lp
102	114	Lp
102	115	Lp
102	116	Lp
102	117	Lp
102	118	-1
102	119	L
103	0	L
103	1	L
103	2	L
103	3	L
103	4	-1
103	5	L
103	6	Lp
103	7	L
103	8	Lp
103	9	Lp
103	10	-1
103	11	Lp
103	12	-1
103	13	Lp
103	14	Lp
103	15	Lp
103	16	Lp
103	17	Lp
103	18	-1
103	19	Lp
103	20	-1
103	21	Lp
103	22	Lp
103	23	Lp
103	24	Lp
103	25	-1
103	26	Lp
103	27	Lp
103	28	L
103	29	L
103	30	Lp
103	31	-1
103	32	Lp
103	33	Lp
103	34	Lp
103	35	L
103	36	L
103	37	-1
103	38	L
103	39	U
103	40	U
103	41	U
103	42	Lp
103	43	Lp
103	44	Lp
103	45	L
103	46	-1
103	47	Lp
103	48	Lp
103	49	Lp
103	50	Lp
103	51	Lp
103	52	Lp
103	53	Lp
103	54	Lp
103	55	Lp
103	56	L
103	57	-1
103	58	L
103	59	L
103	60	-1
103	61	Lp
103	62	Lp
103	63	Lp
103	64	Lp
103	65	Lp
103	66	Lp
103	67	Lp
103	68	-1
103	69	Lp
103	70	-1
103	71	-1
103	72	Lp
103	73	Lp
103	74	Lp
103	75	Lp
103	76	Lp
103	77	Lp
103	78	Lp
103	79	Lp
103	80	Lp
103	81	-1
103	82	Lp
103	83	-1
103	84	Lp
103	85	Lp
103	86	Lp
103	87	Lp
103	88	-1
103	89	Lp
103	90	Lp
103	91	-1
103	92	-1
103	93	-1
103	94	Lp
103	95	-1
103	96	Lp
103	97	-1
103	98	Lp
103	99	Lp
103	100	Lp
103	101	Lp
103	102	Lp
103	103	Lp
103	104	-1
103	105	L
103	106	L
103	107	L
103	108	L
103	109	L
103	110	L
103	111	-1
103	112	L
103	113	-1
103	114	Lp
103	115	Lp
103	116	L
103	117	L
103	118	L
103	119	-1
104	0	Lp
104	1	-1
104	2	-1
104	3	Lp
104	4	L
104	5	-1
104	6	L
104	7	-1
104	8	L
104	9	Lp
104	10	-1
104	11	-1
104	12	Lp
104	13	Lp
104	14	Lp
104	15	Lp
104	16	-1
104	17	Lp
104	18	Lp
104	19	-1
104	20	Lp
104	21	Lp
104	22	Lp
104	23	Lp
104	24	Lp
104	25	Lp
104	26	Lp
104	27	Lp
104	28	Lp
104	29	L
104	30	Lp
104	31	Lp
104	32	Lp
104	33	Lp
104	34	Lp
104	35	Lp
104	36	L
104	37	L
104	38	L
104	39	L
104	40	Lp
104	41	Lp
104	42	-1
104	43	Lp
104	44	Lp
104	45	Lp
104	46	Lp
104	47	Lp
104	48	Lp
104	49	Lp
104	50	Lp
104	51	Lp
104	52	Lp
104	53	Lp
104	54	Lp
104	55	Lp
104	56	-1
104	57	Lp
104	58	Lp
104	59	-1
104	60	Lp
104	61	L
104	62	Lp
104	63	Lp
104	64	-1
104	65	-1
104	66	Lp
104	67	Lp
104	68	-1
104	69	Lp
104	70	Lp
104	71	Lp
104	72	Lp
104	73	-1
104	74	Lp
104	75	Lp
104	76	Lp
104	77	Lp
104	78	Lp
104	79	Lp
104	80	Lp
104	81	-1
104	82	Lp
104	83	-1
104	84	Lp
104	85	Lp
104	86	U
104	87	Lp
104	88	Lp
104	89	Lp
104	90	Lp
104	91	Lp
104	92	Lp
104	93	Lp
104	94	Lp
104	95	Lp
104	96	Lp
104	97	Lp
104	98	-1
104	99	-1
104	100	Lp
104	101	Lp
104	102	Lp
104	103	Lp
104	104	L
104	105	L
104	106	L
104	107	-1
104	108	L
104	109	L
104	110	U
104	111	L
104	112	Lp
104	113	Lp
104	114	Lp
104	115	Lp
104	116	L
104	117	L
104	118	-1
104	119	L
105	0	L
105	1	Lp
105	2	Lp
105	3	Lp
105	4	-1
105	5	-1
105	6	Lp
105	7	-1
105	8	Lp
105	9	Lp
105	10	Lp
105	11	Lp
105	12	Lp
105	13	Lp
105	14	-1
105	15	Lp
105	16	Lp
105	17	-1
105	18	Lp
105	19	Lp
105	20	Lp
105	21	Lp
105	22	-1
105	23	-1
105	24	Lp
105	25	Lp
105	26	-1
105	27	Lp
105	28	Lp
105	29	Lp
105	30	Lp
105	31	Lp
105	32	Lp
105	33	Lp
105	34	Lp
105	35	Lp
105	36	L
105	37	L
105	38	-1
105	39	Lp
105	40	-1
105	41	Lp
105	42	-1
105	43	Lp
105	44	L
105	45	Lp
105	46	-1
105	47	Lp
105	48	-1
105	49	L
105	50	Lp
105	51	L
105	52	Lp
105	53	Lp
105	54	Lp
105	55	-1
105	56	Lp
105	57	Lp
105	58	Lp
105	59	-1
105	60	-1
105	61	L
105	62	-1
105	63	Lp
105	64	Lp
105	65	-1
105	66	Lp
105	67	Lp
105	68	Lp
105	69	-1
105	70	-1
105	71	Lp
105	72	Lp
105	73	Lp
105	74	Lp
105	75	Lp
105	76	Lp
105	77	-1
105	78	Lp
105	79	Lp
105	80	Lp
105	81	Lp
105	82	-1
105	83	-1
105	84	Lp
105	85	Lp
105	86	Lp
105	87	U
105	88	-1
105	89	Lp
105	90	Lp
105	91	Lp
105	92	-1
105	93	-1
105	94	Lp
105	95	Lp
105	96	-1
105	97	Lp
105	98	Lp
105	99	-1
105	100	Lp
105	101	Lp
105	102	-1
105	103	Lp
105	104	Lp
105	105	-1
105	106	L
105	107	-1
105	108	-1
105	109	U
105	110	-1
105	111	L
105	112	L
105	113	Lp
105	114	L
105	115	L
105	116	U
105	117	Lp
105	118	L
105	119	Lp
106	0	Lp
106	1	-1
106	2	Lp
106	3	Lp
106	4	Lp
106	5	Lp
106	6	-1
106	7	-1
106	8	Lp
106	9	-1
106	10	Lp
106	11	Lp
106	12	Lp
106	13	Lp
106	14	Lp
106	15	-1
106	16	Lp
106	17	Lp
106	18	-1
106	19	-1
106	20	-1
106	21	-1
106	22	Lp
106	23	Lp
106	24	-1
106	25	Lp
106	26	Lp
106	27	Lp
106	28	Lp
106	29	Lp
106	30	-1
106	31	-1
106	32	Lp
106	33	Lp
106	34	-1
106	35	-1
106	36	-1
106	37	Lp
106	38	Lp
106	39	Lp
106	40	-1
106	41	U
106	42	L
106	43	Lp
106	44	L
106	45	L
106	46	Lp
106	47	L
106	48	Lp
106	49	L
106	50	L
106	51	L
106	52	Lp
106	53	Lp
106	54	Lp
106	55	Lp
106	56	Lp
106	57	L
106	58	Lp
106	59	L
106	60	L
106	61	L
106	62	-1
106	63	Lp
106	64	U
106	65	Lp
106	66	-1
106	67	Lp
106	68	Lp
106	69	-1
106	70	Lp
106	71	Lp
106	72	Lp
106	73	Lp
106	74	Lp
106	75	Lp
106	76	-1
106	77	Lp
106	78	Lp
106	79	Lp
106	80	Lp
106	81	Lp
106	82	-1
106	83	Lp
106	84	Lp
106	85	Lp
106	86	U
106	87	-1
106	88	-1
106	89	Lp
106	90	Lp
106	91	Lp
106	92	Lp
106	93	Lp
106	94	Lp
106	95	Lp
106	96	Lp
106	97	Lp
106	98	Lp
106	99	Lp
106	100	Lp
106	101	Lp
106	102	Lp
106	103	Lp
106	104	Lp
106	105	-1
106	106	-1
106	107	-1
106	108	L
106	109	U
106	110	L
106	111	L
106	112	L
106	113	L
106	114	L
106	115	L
106	116	U
106	117	-1
106	118	Lp
106	119	-1
107	0	Lp
107	1	-1
107	2	-1
107	3	-1
107	4	Lp
107	5	Lp
107	6	Lp
107	7	Lp
107	8	-1
107	9	Lp
107	10	Lp
107	11	Lp
107	12	Lp
107	13	-1
107	14	Lp
107	15	-1
107	16	Lp
107	17	-1
107	18	L
107	19	Lp
107	20	-1
107	21	Lp
107	22	Lp
107	23	-1
107	24	Lp
107	25	Lp
107	26	-1
107	27	Lp
107	28	Lp
107	29	Lp
107	30	Lp
107	31	-1
107	32	Lp
107	33	Lp
107	34	Lp
107	35	Lp
107	36	L
107	37	Lp
107	38	Lp
107	39	L
107	40	L
107	41	L
107	42	L
107	43	-1
107	44	-1
107	45	L
107	46	L
107	47	-1
107	48	Lp
107	49	L
107	50	-1
107	51	-1
107	52	-1
107	53	L
107	54	L
107	55	Lp
107	56	Lp
107	57	-1
107	58	L
107	59	-1
107	60	L
107	61	Lp
107	62	Lp
107	63	U
107	64	Lp
107	65	Lp
107	66	Lp
107	67	Lp
107	68	Lp
107	69	Lp
107	70	Lp
107	71	Lp
107	72	Lp
107	73	Lp
107	74	Lp
107	75	Lp
107	76	Lp
107	77	Lp
107	78	-1
107	79	Lp
107	80	Lp
107	81	-1
107	82	-1
107	83	-1
107	84	Lp
107	85	Lp
107	86	Lp
107	87	Lp
107	88	Lp
107	89	Lp
107	90	Lp
107	91	-1
107	92	-1
107	93	-1
107	94	Lp
107	95	Lp
107	96	Lp
107	97	Lp
107	98	Lp
107	99	-1
107	100	-1
107	101	-1
107	102	Lp
107	103	Lp
107	104	L
107	105	-1
107	106	Lp
107	107	-1
107	108	Lp
107	109	Lp
107	110	Lp
107	111	Lp
107	112	Lp
107	113	Lp
107	114	Lp
107	115	Lp
107	116	L
107	117	L
107	118	-1
107	119	L
108	0	L
108	1	Lp
108	2	L
108	3	L
108	4	Lp
108	5	Lp
108	6	Lp
108	7	Lp
108	8	Lp
108	9	Lp
108	10	Lp
108	11	Lp
108	12	Lp
108	13	Lp
108	14	-1
108	15	Lp
108	16	Lp
108	17	-1
108	18	L
108	19	-1
108	20	L
108	21	U
108	22	-1
108	23	-1
108	24	L
108	25	Lp
108	26	Lp
108	27	L
108	28	L
108	29	Lp
108	30	Lp
108	31	Lp
108	32	Lp
108	33	Lp
108	34	Lp
108	35	Lp
108	36	L
108	37	L
108	38	L
108	39	Lp
108	40	-1
108	41	L
108	42	L
108	43	-1
108	44	L
108	45	L
108	46	L
108	47	L
108	48	L
108	49	L
108	50	L
108	51	Lp
108	52	L
108	53	L
108	54	Lp
108	55	L
108	56	L
108	57	Lp
108	58	Lp
108	59	L
108	60	U
108	61	L
108	62	L
108	63	-1
108	64	-1
108	65	Lp
108	66	-1
108	67	Lp
108	68	Lp
108	69	-1
108	70	Lp
108	71	Lp
108	72	-1
108	73	Lp
108	74	Lp
108	75	Lp
108	76	Lp
108	77	-1
108	78	Lp
108	79	Lp
108	80	Lp
108	81	Lp
108	82	U
108	83	Lp
108	84	Lp
108	85	-1
108	86	Lp
108	87	Lp
108	88	-1
108	89	-1
108	90	Lp
108	91	-1
108	92	Lp
108	93	Lp
108	94	Lp
108	95	Lp
108	96	Lp
108	97	Lp
108	98	Lp
108	99	Lp
108	100	Lp
108	101	Lp
108	102	Lp
108	103	L
108	104	Lp
108	105	-1
108	106	U
108	107	-1
108	108	Lp
108	109	Lp
108	110	U
108	111	Lp
108	112	-1
108	113	Lp
108	114	Lp
108	115	-1
108	116	Lp
108	117	L
108	118	L
108	119	L
109	0	Lp
109	1	-1
109	2	L
109	3	Lp
109	4	L
109	5	Lp
109	6	Lp
109	7	Lp
109	8	-1
109	9	Lp
109	10	U
109	11	Lp
109	12	Lp
109	13	Lp
109	14	Lp
109	15	Lp
109	16	Lp
109	17	L
109	18	L
109	19	L
109	20	Lp
109	21	L
109	22	L
109	23	L
109	24	L
109	25	L
109	26	L
109	27	L
109	28	L
109	29	Lp
109	30	L
109	31	Lp
109	32	L
109	33	Lp
109	34	-1
109	35	L
109	36	-1
109	37	L
109	38	L
109	39	L
109	40	L
109	41	L
109	42	L
109	43	L
109	44	L
109	45	-1
109	46	-1
109	47	L
109	48	L
109	49	L
109	50	Lp
109	51	L
109	52	L
109	53	Lp
109	54	-1
109	55	L
109	56	Lp
109	57	Lp
109	58	Lp
109	59	Lp
109	60	L
109	61	Lp
109	62	-1
109	63	Lp
109	64	Lp
109	65	-1
109	66	Lp
109	67	Lp
109	68	Lp
109	69	Lp
109	70	-1
109	71	Lp
109	72	-1
109	73	-1
109	74	Lp
109	75	Lp
109	76	Lp
109	77	U
109	78	-1
109	79	Lp
109	80	Lp
109	81	Lp
109	82	Lp
109	83	U
109	84	-1
109	85	Lp
109	86	-1
109	87	Lp
109	88	Lp
109	89	Lp
109	90	Lp
109	91	-1
109	92	Lp
109	93	Lp
109	94	Lp
109	95	Lp
109	96	Lp
109	97	Lp
109	98	Lp
109	99	Lp
109	100	Lp
109	101	Lp
109	102	Lp
109	103	Lp
109	104	Lp
109	105	U
109	106	Lp
109	107	Lp
109	108	-1
109	109	-1
109	110	Lp
109	111	U
109	112	Lp
109	113	Lp
109	114	-1
109	115	L
109	116	L
109	117	L
109	118	L
109	119	L
110	0	L
110	1	-1
110	2	Lp
110	3	L
110	4	Lp
110	5	-1
110	6	-1
110	7	Lp
110	8	-1
110	9	Lp
110	10	-1
110	11	Lp
110	12	U
110	13	-1
110	14	Lp
110	15	Lp
110	16	Lp
110	17	Lp
110	18	-1
110	19	L
110	20	L
110	21	L
110	22	L
110	23	U
110	24	L
110	25	L
110	26	L
110	27	U
110	28	-1
110	29	Lp
110	30	-1
110	31	-1
110	32	Lp
110	33	Lp
110	34	Lp
110	35	-1
110	36	L
110	37	L
110	38	L
110	39	L
110	40	L
110	41	L
110	42	-1
110	43	L
110	44	-1
110	45	L
110	46	L
110	47	L
110	48	L
110	49	L
110	50	Lp
110	51	Lp
110	52	U
110	53	L
110	54	L
110	55	Lp
110	56	Lp
110	57	Lp
110	58	Lp
110	59	Lp
110	60	L
110	61	L
110	62	-1
110	63	-1
110	64	Lp
110	65	Lp
110	66	Lp
110	67	Lp
110	68	Lp
110	69	Lp
110	70	Lp
110	71	-1
110	72	-1
110	73	-1
110	74	Lp
110	75	-1
110	76	U
110	77	Lp
110	78	U
110	79	U
110	80	U
110	81	U
110	82	Lp
110	83	U
110	84	Lp
110	85	Lp
110	86	Lp
110	87	Lp
110	88	Lp
110	89	Lp
110	90	Lp
110	91	Lp
110	92	Lp
110	93	Lp
110	94	Lp
110	95	Lp
110	96	Lp
110	97	Lp
110	98	Lp
110	99	Lp
110	100	Lp
110	101	-1
110	102	Lp
110	103	-1
110	104	Lp
110	105	Lp
110	106	-1
110	107	-1
110	108	Lp
110	109	Lp
110	110	Lp
110	111	Lp
110	112	-1
110	113	Lp
110	114	Lp
110	115	Lp
110	116	-1
110	117	L
110	118	-1
110	119	L
111	0	L
111	1	L
111	2	Lp
111	3	Lp
111	4	Lp
111	5	Lp
111	6	Lp
111	7	Lp
111	8	Lp
111	9	Lp
111	10	Lp
111	11	Lp
111	12	U
111	13	Lp
111	14	Lp
111	15	Lp
111	16	Lp
111	17	Lp
111	18	Lp
111	19	Lp
111	20	-1
111	21	L
111	22	L
111	23	L
111	24	-1
111	25	-1
111	26	-1
111	27	-1
111	28	L
111	29	-1
111	30	L
111	31	L
111	32	Lp
111	33	Lp
111	34	L
111	35	L
111	36	L
111	37	L
111	38	L
111	39	L
111	40	-1
111	41	L
111	42	-1
111	43	L
111	44	L
111	45	L
111	46	L
111	47	Lp
111	48	Lp
111	49	-1
111	50	-1
111	51	U
111	52	U
111	53	L
111	54	L
111	55	L
111	56	-1
111	57	Lp
111	58	Lp
111	59	Lp
111	60	L
111	61	L
111	62	-1
111	63	Lp
111	64	Lp
111	65	Lp
111	66	Lp
111	67	Lp
111	68	Lp
111	69	Lp
111	70	Lp
111	71	Lp
111	72	Lp
111	73	Lp
111	74	Lp
111	75	U
111	76	U
111	77	U
111	78	U
111	79	U
111	80	U
111	81	Lp
111	82	Lp
111	83	-1
111	84	-1
111	85	-1
111	86	Lp
111	87	-1
111	88	Lp
111	89	Lp
111	90	Lp
111	91	Lp
111	92	Lp
111	93	Lp
111	94	-1
111	95	-1
111	96	Lp
111	97	Lp
111	98	-1
111	99	Lp
111	100	Lp
111	101	Lp
111	102	Lp
111	103	L
111	104	Lp
111	105	U
111	106	U
111	107	U
111	108	U
111	109	Lp
111	110	Lp
111	111	Lp
111	112	Lp
111	113	Lp
111	114	Lp
111	115	-1
111	116	L
111	117	L
111	118	L
111	119	-1
112	0	L
112	1	L
112	2	-1
112	3	Lp
112	4	Lp
112	5	-1
112	6	Lp
112	7	Lp
112	8	Lp
112	9	Lp
112	10	Lp
112	11	L
112	12	U
112	13	U
112	14	U
112	15	U
112	16	Lp
112	17	Lp
112	18	-1
112	19	L
112	20	Lp
112	21	L
112	22	L
112	23	L
112	24	L
112	25	-1
112	26	L
112	27	L
112	28	-1
112	29	-1
112	30	Lp
112	31	L
112	32	L
112	33	Lp
112	34	L
112	35	L
112	36	L
112	37	L
112	38	-1
112	39	L
112	40	L
112	41	-1
112	42	L
112	43	L
112	44	-1
112	45	L
112	46	Lp
112	47	-1
112	48	Lp
112	49	L
112	50	Lp
112	51	-1
112	52	Lp
112	53	L
112	54	L
112	55	Lp
112	56	-1
112	57	Lp
112	58	Lp
112	59	-1
112	60	Lp
112	61	Lp
112	62	Lp
112	63	-1
112	64	-1
112	65	Lp
112	66	Lp
112	67	Lp
112	68	Lp
112	69	-1
112	70	-1
112	71	Lp
112	72	Lp
112	73	Lp
112	74	Lp
112	75	Lp
112	76	Lp
112	77	U
112	78	Lp
112	79	U
112	80	Lp
112	81	Lp
112	82	Lp
112	83	Lp
112	84	Lp
112	85	Lp
112	86	Lp
112	87	-1
112	88	Lp
112	89	Lp
112	90	Lp
112	91	Lp
112	92	Lp
112	93	Lp
112	94	Lp
112	95	-1
112	96	-1
112	97	-1
112	98	Lp
112	99	Lp
112	100	Lp
112	101	Lp
112	102	Lp
112	103	Lp
112	104	L
112	105	U
112	106	U
112	107	-1
112	108	-1
112	109	-1
112	110	Lp
112	111	Lp
112	112	Lp
112	113	Lp
112	114	L
112	115	L
112	116	Lp
112	117	-1
112	118	L
112	119	Lp
113	0	Lp
113	1	L
113	2	Lp
113	3	-1
113	4	L
113	5	Lp
113	6	Lp
113	7	Lp
113	8	Lp
113	9	Lp
113	10	-1
113	11	-1
113	12	-1
113	13	Lp
113	14	-1
113	15	-1
113	16	-1
113	17	Lp
113	18	Lp
113	19	-1
113	20	L
113	21	L
113	22	-1
113	23	L
113	24	L
113	25	Lp
113	26	L
113	27	L
113	28	L
113	29	L
113	30	L
113	31	L
113	32	Lp
113	33	-1
113	34	L
113	35	-1
113	36	L
113	37	L
113	38	L
113	39	-1
113	40	L
113	41	L
113	42	L
113	43	L
113	44	L
113	45	L
113	46	L
113	47	-1
113	48	L
113	49	Lp
113	50	Lp
113	51	-1
113	52	Lp
113	53	L
113	54	L
113	55	Lp
113	56	Lp
113	57	Lp
113	58	Lp
113	59	Lp
113	60	Lp
113	61	Lp
113	62	Lp
113	63	-1
113	64	Lp
113	65	Lp
113	66	Lp
113	67	Lp
113	68	Lp
113	69	Lp
113	70	Lp
113	71	-1
113	72	Lp
113	73	Lp
113	74	Lp
113	75	Lp
113	76	Lp
113	77	-1
113	78	Lp
113	79	Lp
113	80	Lp
113	81	-1
113	82	Lp
113	83	-1
113	84	Lp
113	85	Lp
113	86	-1
113	87	Lp
113	88	Lp
113	89	-1
113	90	Lp
113	91	Lp
113	92	Lp
113	93	Lp
113	94	Lp
113	95	Lp
113	96	Lp
113	97	Lp
113	98	Lp
113	99	Lp
113	100	Lp
113	101	-1
113	102	Lp
113	103	Lp
113	104	-1
113	105	Lp
113	106	Lp
113	107	-1
113	108	Lp
113	109	-1
113	110	Lp
113	111	Lp
113	112	Lp
113	113	Lp
113	114	-1
113	115	L
113	116	-1
113	117	-1
113	118	L
113	119	-1
114	0	-1
114	1	-1
114	2	L
114	3	L
114	4	L
114	5	Lp
114	6	Lp
114	7	Lp
114	8	Lp
114	9	Lp
114	10	U
114	11	Lp
114	12	U
114	13	Lp
114	14	-1
114	15	-1
114	16	Lp
114	17	L
114	18	Lp
114	19	-1
114	20	Lp
114	21	Lp
114	22	L
114	23	L
114	24	L
114	25	L
114	26	L
114	27	Lp
114	28	L
114	29	L
114	30	L
114	31	-1
114	32	L
114	33	L
114	34	L
114	35	-1
114	36	L
114	37	L
114	38	L
114	39	L
114	40	L
114	41	-1
114	42	L
114	43	L
114	44	-1
114	45	L
114	46	Lp
114	47	L
114	48	Lp
114	49	Lp
114	50	Lp
114	51	Lp
114	52	Lp
114	53	Lp
114	54	-1
114	55	Lp
114	56	Lp
114	57	Lp
114	58	U
114	59	Lp
114	60	Lp
114	61	Lp
114	62	-1
114	63	Lp
114	64	Lp
114	65	Lp
114	66	Lp
114	67	Lp
114	68	Lp
114	69	Lp
114	70	-1
114	71	Lp
114	72	Lp
114	73	-1
114	74	Lp
114	75	Lp
114	76	-1
114	77	-1
114	78	Lp
114	79	Lp
114	80	-1
114	81	Lp
114	82	-1
114	83	-1
114	84	Lp
114	85	Lp
114	86	Lp
114	87	-1
114	88	U
114	89	Lp
114	90	Lp
114	91	Lp
114	92	Lp
114	93	Lp
114	94	Lp
114	95	Lp
114	96	Lp
114	97	Lp
114	98	Lp
114	99	Lp
114	100	Lp
114	101	Lp
114	102	L
114	103	Lp
114	104	Lp
114	105	Lp
114	106	Lp
114	107	L
114	108	Lp
114	109	Lp
114	110	-1
114	111	Lp
114	112	Lp
114	113	-1
114	114	Lp
114	115	L
114	116	Lp
114	117	Lp
114	118	L
114	119	L
115	0	-1
115	1	-1
115	2	L
115	3	L
115	4	L
115	5	L
115	6	-1
115	7	-1
115	8	Lp
115	9	Lp
115	10	Lp
115	11	U
115	12	Lp
115	13	Lp
115	14	Lp
115	15	Lp
115	16	-1
115	17	L
115	18	Lp
115	19	Lp
115	20	L
115	21	Lp
115	22	Lp
115	23	L
115	24	L
115	25	Lp
115	26	-1
115	27	Lp
115	28	L
115	29	L
115	30	-1
115	31	L
115	32	L
115	33	L
115	34	L
115	35	L
115	36	L
115	37	L
115	38	L
115	39	L
115	40	L
115	41	L
115	42	L
115	43	L
115	44	L
115	45	-1
115	46	Lp
115	47	-1
115	48	L
115	49	-1
115	50	-1
115	51	Lp
115	52	Lp
115	53	-1
115	54	-1
115	55	Lp
115	56	Lp
115	57	Lp
115	58	-1
115	59	-1
115	60	Lp
115	61	-1
115	62	Lp
115	63	Lp
115	64	Lp
115	65	Lp
115	66	Lp
115	67	Lp
115	68	Lp
115	69	Lp
115	70	Lp
115	71	-1
115	72	-1
115	73	-1
115	74	Lp
115	75	-1
115	76	-1
115	77	Lp
115	78	Lp
115	79	Lp
115	80	U
115	81	-1
115	82	Lp
115	83	Lp
115	84	-1
115	85	Lp
115	86	-1
115	87	-1
115	88	U
115	89	Lp
115	90	Lp
115	91	Lp
115	92	-1
115	93	-1
115	94	Lp
115	95	Lp
115	96	Lp
115	97	Lp
115	98	Lp
115	99	U
115	100	U
115	101	U
115	102	U
115	103	-1
115	104	-1
115	105	Lp
115	106	U
115	107	Lp
115	108	L
115	109	-1
115	110	Lp
115	111	-1
115	112	Lp
115	113	Lp
115	114	Lp
115	115	Lp
115	116	L
115	117	L
115	118	L
115	119	L
116	0	L
116	1	L
116	2	L
116	3	U
116	4	L
116	5	L
116	6	L
116	7	L
116	8	-1
116	9	Lp
116	10	-1
116	11	Lp
116	12	Lp
116	13	Lp
116	14	Lp
116	15	Lp
116	16	-1
116	17	-1
116	18	L
116	19	Lp
116	20	-1
116	21	Lp
116	22	L
116	23	L
116	24	L
116	25	L
116	26	-1
116	27	L
116	28	Lp
116	29	-1
116	30	L
116	31	Lp
116	32	L
116	33	L
116	34	L
116	35	L
116	36	-1
116	37	L
116	38	L
116	39	L
116	40	L
116	41	L
116	42	L
116	43	-1
116	44	L
116	45	L
116	46	Lp
116	47	Lp
116	48	L
116	49	L
116	50	L
116	51	Lp
116	52	-1
116	53	L
116	54	L
116	55	Lp
116	56	-1
116	57	Lp
116	58	Lp
116	59	Lp
116	60	Lp
116	61	-1
116	62	Lp
116	63	Lp
116	64	-1
116	65	Lp
116	66	Lp
116	67	-1
116	68	-1
116	69	Lp
116	70	Lp
116	71	Lp
116	72	Lp
116	73	Lp
116	74	Lp
116	75	Lp
116	76	Lp
116	77	Lp
116	78	Lp
116	79	Lp
116	80	U
116	81	-1
116	82	Lp
116	83	-1
116	84	Lp
116	85	Lp
116	86	-1
116	87	-1
116	88	Lp
116	89	Lp
116	90	U
116	91	U
116	92	Lp
116	93	Lp
116	94	Lp
116	95	Lp
116	96	Lp
116	97	Lp
116	98	Lp
116	99	U
116	100	U
116	101	L
116	102	U
116	103	L
116	104	L
116	105	L
116	106	L
116	107	-1
116	108	Lp
116	109	-1
116	110	Lp
116	111	Lp
116	112	-1
116	113	Lp
116	114	Lp
116	115	Lp
116	116	Lp
116	117	L
116	118	-1
116	119	L
117	0	L
117	1	-1
117	2	L
117	3	-1
117	4	L
117	5	L
117	6	L
117	7	Lp
117	8	Lp
117	9	Lp
117	10	Lp
117	11	Lp
117	12	Lp
117	13	Lp
117	14	Lp
117	15	Lp
117	16	L
117	17	L
117	18	L
117	19	-1
117	20	L
117	21	Lp
117	22	-1
117	23	L
117	24	L
117	25	L
117	26	L
117	27	L
117	28	L
117	29	L
117	30	Lp
117	31	L
117	32	L
117	33	-1
117	34	L
117	35	-1
117	36	-1
117	37	L
117	38	L
117	39	L
117	40	L
117	41	L
117	42	L
117	43	L
117	44	L
117	45	Lp
117	46	Lp
117	47	Lp
117	48	L
117	49	L
117	50	L
117	51	-1
117	52	Lp
117	53	Lp
117	54	Lp
117	55	Lp
117	56	-1
117	57	Lp
117	58	Lp
117	59	-1
117	60	Lp
117	61	Lp
117	62	Lp
117	63	-1
117	64	Lp
117	65	Lp
117	66	-1
117	67	Lp
117	68	Lp
117	69	Lp
117	70	Lp
117	71	Lp
117	72	Lp
117	73	Lp
117	74	-1
117	75	Lp
117	76	Lp
117	77	Lp
117	78	-1
117	79	Lp
117	80	-1
117	81	Lp
117	82	Lp
117	83	Lp
117	84	Lp
117	85	Lp
117	86	-1
117	87	Lp
117	88	Lp
117	89	Lp
117	90	Lp
117	91	U
117	92	Lp
117	93	Lp
117	94	Lp
117	95	Lp
117	96	-1
117	97	Lp
117	98	Lp
117	99	Lp
117	100	Lp
117	101	Lp
117	102	L
117	103	L
117	104	-1
117	105	U
117	106	U
117	107	L
117	108	-1
117	109	-1
117	110	-1
117	111	Lp
117	112	Lp
117	113	L
117	114	Lp
117	115	Lp
117	116	Lp
117	117	Lp
117	118	L
117	119	L
118	0	L
118	1	L
118	2	L
118	3	L
118	4	Lp
118	5	L
118	6	L
118	7	L
118	8	-1
118	9	L
118	10	L
118	11	Lp
118	12	L
118	13	Lp
118	14	Lp
118	15	-1
118	16	Lp
118	17	L
118	18	L
118	19	L
118	20	L
118	21	L
118	22	L
118	23	-1
118	24	L
118	25	L
118	26	L
118	27	L
118	28	L
118	29	L
118	30	Lp
118	31	Lp
118	32	L
118	33	L
118	34	L
118	35	L
118	36	Lp
118	37	L
118	38	Lp
118	39	U
118	40	U
118	41	L
118	42	L
118	43	L
118	44	L
118	45	L
118	46	L
118	47	Lp
118	48	Lp
118	49	L
118	50	Lp
118	51	L
118	52	L
118	53	Lp
118	54	Lp
118	55	Lp
118	56	Lp
118	57	-1
118	58	Lp
118	59	Lp
118	60	Lp
118	61	Lp
118	62	Lp
118	63	-1
118	64	Lp
118	65	Lp
118	66	Lp
118	67	Lp
118	68	Lp
118	69	-1
118	70	Lp
118	71	Lp
118	72	Lp
118	73	Lp
118	74	Lp
118	75	Lp
118	76	Lp
118	77	Lp
118	78	Lp
118	79	-1
118	80	Lp
118	81	Lp
118	82	Lp
118	83	Lp
118	84	Lp
118	85	Lp
118	86	Lp
118	87	Lp
118	88	Lp
118	89	Lp
118	90	Lp
118	91	Lp
118	92	Lp
118	93	Lp
118	94	Lp
118	95	Lp
118	96	Lp
118	97	-1
118	98	-1
118	99	Lp
118	100	Lp
118	101	Lp
118	102	Lp
118	103	L
118	104	L
118	105	L
118	106	U
118	107	U
118	108	L
118	109	L
118	110	L
118	111	Lp
118	112	L
118	113	L
118	114	-1
118	115	L
118	116	Lp
118	117	L
118	118	L
118	119	L
119	0	L
119	1	L
119	2	L
119	3	-1
119	4	-1
119	5	-1
119	6	Lp
119	7	Lp
119	8	-1
119	9	L
119	10	L
119	11	L
119	12	Lp
119	13	-1
119	14	Lp
119	15	Lp
119	16	-1
119	17	L
119	18	-1
119	19	L
119	20	L
119	21	L
119	22	-1
119	23	L
119	24	L
119	25	L
119	26	L
119	27	L
119	28	-1
119	29	-1
119	30	-1
119	31	Lp
119	32	Lp
119	33	Lp
119	34	L
119	35	Lp
119	36	Lp
119	37	L
119	38	U
119	39	L
119	40	L
119	41	-1
119	42	L
119	43	L
119	44	-1
119	45	L
119	46	L
119	47	L
119	48	Lp
119	49	Lp
119	50	Lp
119	51	Lp
119	52	Lp
119	53	Lp
119	54	Lp
119	55	-1
119	56	Lp
119	57	Lp
119	58	Lp
119	59	Lp
119	60	Lp
119	61	Lp
119	62	Lp
119	63	Lp
119	64	Lp
119	65	-1
119	66	Lp
119	67	Lp
119	68	-1
119	69	Lp
119	70	L
119	71	Lp
119	72	Lp
119	73	-1
119	74	-1
119	75	Lp
119	76	Lp
119	77	Lp
119	78	-1
119	79	Lp
119	80	Lp
119	81	Lp
119	82	Lp
119	83	Lp
119	84	Lp
119	85	Lp
119	86	Lp
119	87	Lp
119	88	Lp
119	89	Lp
119	90	Lp
119	91	-1
119	92	Lp
119	93	-1
119	94	Lp
119	95	Lp
119	96	Lp
119	97	Lp
119	98	-1
119	99	Lp
119	100	Lp
119	101	Lp
119	102	-1
119	103	L
119	104	L
119	105	Lp
119	106	L
119	107	L
119	108	L
119	109	L
119	110	L
119	111	L
119	112	L
119	113	L
119	114	-1
119	115	Lp
119	116	Lp
119	117	L
119	118	-1
119	119	U
