0	0	-1
0	1	-1
0	2	-1
0	3	-1
0	4	-1
0	5	-1
0	6	-1
0	7	L
0	8	L
0	9	-1
0	10	L
0	11	-1
0	12	-1
0	13	-1
0	14	-1
0	15	-1
0	16	-1
0	17	-1
0	18	L
0	19	L
0	20	L
0	21	L
0	22	L
0	23	-1
0	24	-1
0	25	L
0	26	-1
0	27	-1
0	28	L
0	29	L
0	30	-1
0	31	-1
0	32	-1
0	33	-1
0	34	-1
0	35	-1
0	36	L
0	37	-1
0	38	-1
0	39	L
0	40	L
0	41	L
0	42	-1
0	43	L
0	44	L
0	45	-1
0	46	-1
0	47	-1
0	48	-1
0	49	L
0	50	L
0	51	-1
0	52	-1
0	53	-1
0	54	L
0	55	-1
0	56	-1
0	57	-1
0	58	U
0	59	U
0	60	-1
0	61	U
0	62	U
0	63	-1
0	64	-1
0	65	-1
0	66	U
0	67	L
0	68	-1
0	69	-1
0	70	L
0	71	-1
0	72	-1
0	73	L
0	74	L
0	75	-1
0	76	-1
0	77	L
0	78	-1
0	79	-1
0	80	-1
0	81	L
0	82	L
0	83	-1
0	84	L
0	85	L
0	86	-1
0	87	-1
0	88	-1
0	89	L
0	90	-1
0	91	L
0	92	L
0	93	-1
0	94	L
0	95	L
0	96	-1
0	97	-1
0	98	-1
0	99	L
0	100	-1
0	101	L
0	102	-1
0	103	L
0	104	-1
0	105	-1
0	106	L
0	107	L
0	108	-1
0	109	L
0	110	L
0	111	L
0	112	-1
0	113	U
0	114	U
0	115	U
0	116	L
0	117	-1
0	118	L
0	119	L
1	0	-1
1	1	-1
1	2	-1
1	3	-1
1	4	-1
1	5	-1
1	6	L
1	7	-1
1	8	-1
1	9	L
1	10	L
1	11	-1
1	12	-1
1	13	-1
1	14	-1
1	15	L
1	16	-1
1	17	-1
1	18	-1
1	19	L
1	20	L
1	21	L
1	22	L
1	23	-1
1	24	L
1	25	-1
1	26	L
1	27	-1
1	28	-1
1	29	-1
1	30	L
1	31	L
1	32	L
1	33	-1
1	34	L
1	35	L
1	36	L
1	37	L
1	38	L
1	39	L
1	40	L
1	41	L
1	42	-1
1	43	-1
1	44	-1
1	45	-1
1	46	-1
1	47	-1
1	48	-1
1	49	-1
1	50	-1
1	51	L
1	52	-1
1	53	-1
1	54	-1
1	55	-1
1	56	-1
1	57	-1
1	58	U
1	59	-1
1	60	-1
1	61	-1
1	62	-1
1	63	U
1	64	U
1	65	-1
1	66	-1
1	67	-1
1	68	L
1	69	U
1	70	-1
1	71	-1
1	72	-1
1	73	L
1	74	-1
1	75	-1
1	76	-1
1	77	-1
1	78	-1
1	79	L
1	80	-1
1	81	-1
1	82	L
1	83	-1
1	84	-1
1	85	-1
1	86	-1
1	87	-1
1	88	-1
1	89	-1
1	90	L
1	91	L
1	92	-1
1	93	-1
1	94	-1
1	95	L
1	96	L
1	97	-1
1	98	L
1	99	L
1	100	L
1	101	-1
1	102	L
1	103	-1
1	104	-1
1	105	-1
1	106	-1
1	107	L
1	108	L
1	109	-1
1	110	-1
1	111	L
1	112	U
1	113	U
1	114	L
1	115	-1
1	116	-1
1	117	-1
1	118	-1
1	119	L
2	0	L
2	1	L
2	2	L
2	3	-1
2	4	L
2	5	L
2	6	-1
2	7	-1
2	8	L
2	9	L
2	10	L
2	11	-1
2	12	-1
2	13	-1
2	14	-1
2	15	L
2	16	L
2	17	-1
2	18	L
2	19	L
2	20	-1
2	21	-1
2	22	L
2	23	L
2	24	-1
2	25	-1
2	26	-1
2	27	L
2	28	-1
2	29	L
2	30	-1
2	31	-1
2	32	L
2	33	-1
2	34	L
2	35	-1
2	36	-1
2	37	L
2	38	L
2	39	L
2	40	-1
2	41	L
2	42	L
2	43	-1
2	44	-1
2	45	-1
2	46	-1
2	47	-1
2	48	-1
2	49	-1
2	50	-1
2	51	-1
2	52	-1
2	53	-1
2	54	-1
2	55	L
2	56	-1
2	57	-1
2	58	U
2	59	-1
2	60	-1
2	61	-1
2	62	-1
2	63	-1
2	64	-1
2	65	-1
2	66	-1
2	67	-1
2	68	L
2	69	-1
2	70	L
2	71	-1
2	72	-1
2	73	-1
2	74	L
2	75	L
2	76	-1
2	77	L
2	78	-1
2	79	-1
2	80	-1
2	81	L
2	82	-1
2	83	L
2	84	-1
2	85	-1
2	86	-1
2	87	L
2	88	L
2	89	L
2	90	-1
2	91	-1
2	92	-1
2	93	-1
2	94	L
2	95	-1
2	96	-1
2	97	-1
2	98	-1
2	99	L
2	100	L
2	101	L
2	102	-1
2	103	L
2	104	L
2	105	-1
2	106	L
2	107	L
2	108	-1
2	109	L
2	110	-1
2	111	-1
2	112	-1
2	113	-1
2	114	L
2	115	L
2	116	-1
2	117	L
2	118	-1
2	119	L
3	0	L
3	1	-1
3	2	-1
3	3	-1
3	4	L
3	5	-1
3	6	L
3	7	-1
3	8	L
3	9	L
3	10	L
3	11	-1
3	12	L
3	13	L
3	14	L
3	15	-1
3	16	L
3	17	-1
3	18	-1
3	19	-1
3	20	L
3	21	L
3	22	-1
3	23	-1
3	24	L
3	25	-1
3	26	L
3	27	-1
3	28	L
3	29	-1
3	30	L
3	31	L
3	32	-1
3	33	L
3	34	-1
3	35	L
3	36	-1
3	37	-1
3	38	L
3	39	-1
3	40	L
3	41	-1
3	42	L
3	43	L
3	44	L
3	45	-1
3	46	-1
3	47	-1
3	48	-1
3	49	-1
3	50	-1
3	51	-1
3	52	-1
3	53	-1
3	54	-1
3	55	-1
3	56	-1
3	57	U
3	58	-1
3	59	-1
3	60	-1
3	61	-1
3	62	-1
3	63	-1
3	64	U
3	65	-1
3	66	-1
3	67	-1
3	68	U
3	69	L
3	70	L
3	71	-1
3	72	-1
3	73	-1
3	74	L
3	75	L
3	76	L
3	77	-1
3	78	-1
3	79	-1
3	80	L
3	81	-1
3	82	L
3	83	-1
3	84	-1
3	85	-1
3	86	-1
3	87	L
3	88	L
3	89	L
3	90	-1
3	91	-1
3	92	-1
3	93	L
3	94	-1
3	95	-1
3	96	-1
3	97	-1
3	98	L
3	99	L
3	100	L
3	101	L
3	102	-1
3	103	L
3	104	-1
3	105	-1
3	106	L
3	107	L
3	108	L
3	109	-1
3	110	-1
3	111	L
3	112	-1
3	113	L
3	114	-1
3	115	-1
3	116	-1
3	117	L
3	118	-1
3	119	-1
4	0	L
4	1	-1
4	2	-1
4	3	L
4	4	L
4	5	U
4	6	L
4	7	-1
4	8	L
4	9	L
4	10	L
4	11	-1
4	12	-1
4	13	-1
4	14	-1
4	15	-1
4	16	L
4	17	-1
4	18	L
4	19	L
4	20	L
4	21	L
4	22	-1
4	23	L
4	24	L
4	25	-1
4	26	L
4	27	L
4	28	-1
4	29	-1
4	30	L
4	31	L
4	32	-1
4	33	L
4	34	-1
4	35	-1
4	36	-1
4	37	L
4	38	-1
4	39	-1
4	40	L
4	41	-1
4	42	-1
4	43	L
4	44	L
4	45	-1
4	46	L
4	47	L
4	48	-1
4	49	-1
4	50	-1
4	51	-1
4	52	-1
4	53	U
4	54	-1
4	55	-1
4	56	-1
4	57	-1
4	58	-1
4	59	-1
4	60	U
4	61	-1
4	62	-1
4	63	-1
4	64	-1
4	65	-1
4	66	-1
4	67	U
4	68	-1
4	69	L
4	70	U
4	71	U
4	72	U
4	73	L
4	74	-1
4	75	L
4	76	-1
4	77	L
4	78	-1
4	79	-1
4	80	-1
4	81	-1
4	82	L
4	83	-1
4	84	-1
4	85	L
4	86	-1
4	87	-1
4	88	L
4	89	L
4	90	U
4	91	-1
4	92	-1
4	93	L
4	94	-1
4	95	L
4	96	-1
4	97	-1
4	98	-1
4	99	-1
4	100	-1
4	101	L
4	102	L
4	103	-1
4	104	-1
4	105	-1
4	106	L
4	107	L
4	108	L
4	109	L
4	110	L
4	111	L
4	112	L
4	113	L
4	114	-1
4	115	L
4	116	L
4	117	L
4	118	L
4	119	-1
5	0	-1
5	1	L
5	2	-1
5	3	-1
5	4	L
5	5	L
5	6	L
5	7	L
5	8	L
5	9	-1
5	10	-1
5	11	L
5	12	-1
5	13	L
5	14	-1
5	15	-1
5	16	-1
5	17	-1
5	18	L
5	19	-1
5	20	L
5	21	L
5	22	L
5	23	-1
5	24	-1
5	25	L
5	26	L
5	27	L
5	28	-1
5	29	-1
5	30	L
5	31	-1
5	32	-1
5	33	L
5	34	L
5	35	-1
5	36	-1
5	37	-1
5	38	-1
5	39	-1
5	40	-1
5	41	-1
5	42	L
5	43	L
5	44	L
5	45	-1
5	46	-1
5	47	-1
5	48	L
5	49	-1
5	50	U
5	51	-1
5	52	-1
5	53	U
5	54	U
5	55	U
5	56	U
5	57	L
5	58	-1
5	59	-1
5	60	U
5	61	-1
5	62	-1
5	63	-1
5	64	-1
5	65	-1
5	66	-1
5	67	U
5	68	-1
5	69	L
5	70	-1
5	71	U
5	72	-1
5	73	-1
5	74	-1
5	75	-1
5	76	-1
5	77	L
5	78	L
5	79	L
5	80	-1
5	81	-1
5	82	L
5	83	-1
5	84	-1
5	85	L
5	86	-1
5	87	L
5	88	-1
5	89	L
5	90	-1
5	91	L
5	92	L
5	93	-1
5	94	-1
5	95	L
5	96	L
5	97	-1
5	98	L
5	99	-1
5	100	-1
5	101	L
5	102	L
5	103	-1
5	104	L
5	105	-1
5	106	-1
5	107	-1
5	108	L
5	109	L
5	110	L
5	111	-1
5	112	L
5	113	L
5	114	-1
5	115	L
5	116	L
5	117	L
5	118	L
5	119	-1
6	0	-1
6	1	-1
6	2	-1
6	3	-1
6	4	L
6	5	-1
6	6	L
6	7	L
6	8	-1
6	9	L
6	10	-1
6	11	-1
6	12	-1
6	13	-1
6	14	-1
6	15	-1
6	16	-1
6	17	L
6	18	-1
6	19	-1
6	20	L
6	21	-1
6	22	L
6	23	-1
6	24	L
6	25	-1
6	26	-1
6	27	-1
6	28	-1
6	29	-1
6	30	-1
6	31	-1
6	32	-1
6	33	-1
6	34	-1
6	35	L
6	36	-1
6	37	-1
6	38	-1
6	39	L
6	40	L
6	41	-1
6	42	L
6	43	-1
6	44	L
6	45	L
6	46	L
6	47	L
6	48	-1
6	49	L
6	50	U
6	51	U
6	52	-1
6	53	U
6	54	-1
6	55	U
6	56	U
6	57	L
6	58	U
6	59	-1
6	60	-1
6	61	-1
6	62	L
6	63	-1
6	64	-1
6	65	-1
6	66	-1
6	67	U
6	68	-1
6	69	L
6	70	L
6	71	U
6	72	-1
6	73	U
6	74	-1
6	75	L
6	76	L
6	77	-1
6	78	-1
6	79	-1
6	80	L
6	81	L
6	82	-1
6	83	-1
6	84	-1
6	85	-1
6	86	L
6	87	-1
6	88	L
6	89	L
6	90	L
6	91	-1
6	92	L
6	93	-1
6	94	-1
6	95	U
6	96	-1
6	97	-1
6	98	L
6	99	-1
6	100	-1
6	101	L
6	102	L
6	103	L
6	104	L
6	105	L
6	106	-1
6	107	-1
6	108	-1
6	109	-1
6	110	L
6	111	L
6	112	-1
6	113	-1
6	114	-1
6	115	L
6	116	-1
6	117	L
6	118	L
6	119	-1
7	0	-1
7	1	-1
7	2	L
7	3	L
7	4	-1
7	5	L
7	6	-1
7	7	-1
7	8	L
7	9	-1
7	10	L
7	11	-1
7	12	-1
7	13	-1
7	14	-1
7	15	L
7	16	L
7	17	-1
7	18	-1
7	19	-1
7	20	-1
7	21	L
7	22	-1
7	23	L
7	24	-1
7	25	-1
7	26	L
7	27	-1
7	28	L
7	29	L
7	30	-1
7	31	-1
7	32	-1
7	33	-1
7	34	-1
7	35	-1
7	36	-1
7	37	-1
7	38	L
7	39	L
7	40	L
7	41	L
7	42	-1
7	43	-1
7	44	-1
7	45	L
7	46	-1
7	47	-1
7	48	L
7	49	L
7	50	-1
7	51	U
7	52	U
7	53	-1
7	54	U
7	55	-1
7	56	-1
7	57	L
7	58	L
7	59	L
7	60	L
7	61	U
7	62	L
7	63	-1
7	64	-1
7	65	L
7	66	-1
7	67	L
7	68	L
7	69	L
7	70	L
7	71	L
7	72	-1
7	73	-1
7	74	-1
7	75	L
7	76	-1
7	77	-1
7	78	-1
7	79	-1
7	80	-1
7	81	L
7	82	L
7	83	L
7	84	-1
7	85	-1
7	86	L
7	87	-1
7	88	-1
7	89	-1
7	90	-1
7	91	L
7	92	L
7	93	-1
7	94	-1
7	95	U
7	96	-1
7	97	-1
7	98	-1
7	99	L
7	100	L
7	101	-1
7	102	-1
7	103	L
7	104	L
7	105	-1
7	106	L
7	107	-1
7	108	-1
7	109	L
7	110	-1
7	111	-1
7	112	L
7	113	-1
7	114	-1
7	115	L
7	116	-1
7	117	-1
7	118	-1
7	119	L
8	0	L
8	1	-1
8	2	-1
8	3	-1
8	4	-1
8	5	-1
8	6	L
8	7	L
8	8	-1
8	9	-1
8	10	-1
8	11	-1
8	12	-1
8	13	-1
8	14	-1
8	15	-1
8	16	-1
8	17	-1
8	18	-1
8	19	-1
8	20	-1
8	21	-1
8	22	L
8	23	L
8	24	-1
8	25	-1
8	26	L
8	27	-1
8	28	L
8	29	-1
8	30	-1
8	31	-1
8	32	-1
8	33	-1
8	34	-1
8	35	L
8	36	L
8	37	-1
8	38	-1
8	39	-1
8	40	-1
8	41	L
8	42	-1
8	43	-1
8	44	-1
8	45	-1
8	46	-1
8	47	L
8	48	-1
8	49	-1
8	50	-1
8	51	-1
8	52	-1
8	53	-1
8	54	-1
8	55	L
8	56	L
8	57	-1
8	58	-1
8	59	L
8	60	L
8	61	-1
8	62	L
8	63	L
8	64	-1
8	65	-1
8	66	L
8	67	L
8	68	L
8	69	L
8	70	-1
8	71	-1
8	72	L
8	73	L
8	74	L
8	75	-1
8	76	-1
8	77	-1
8	78	L
8	79	-1
8	80	-1
8	81	L
8	82	L
8	83	-1
8	84	-1
8	85	L
8	86	L
8	87	L
8	88	L
8	89	L
8	90	L
8	91	L
8	92	-1
8	93	-1
8	94	-1
8	95	-1
8	96	U
8	97	-1
8	98	-1
8	99	L
8	100	L
8	101	L
8	102	L
8	103	L
8	104	-1
8	105	-1
8	106	-1
8	107	-1
8	108	-1
8	109	-1
8	110	-1
8	111	L
8	112	L
8	113	-1
8	114	L
8	115	-1
8	116	-1
8	117	L
8	118	-1
8	119	L
9	0	-1
9	1	-1
9	2	-1
9	3	L
9	4	-1
9	5	-1
9	6	L
9	7	-1
9	8	-1
9	9	-1
9	10	L
9	11	-1
9	12	-1
9	13	L
9	14	L
9	15	L
9	16	-1
9	17	L
9	18	L
9	19	L
9	20	L
9	21	-1
9	22	-1
9	23	L
9	24	L
9	25	L
9	26	-1
9	27	L
9	28	-1
9	29	L
9	30	L
9	31	L
9	32	L
9	33	L
9	34	-1
9	35	L
9	36	L
9	37	L
9	38	-1
9	39	-1
9	40	-1
9	41	-1
9	42	-1
9	43	L
9	44	L
9	45	L
9	46	L
9	47	L
9	48	L
9	49	-1
9	50	-1
9	51	-1
9	52	-1
9	53	-1
9	54	-1
9	55	-1
9	56	-1
9	57	L
9	58	L
9	59	-1
9	60	L
9	61	L
9	62	-1
9	63	-1
9	64	-1
9	65	-1
9	66	U
9	67	L
9	68	-1
9	69	L
9	70	-1
9	71	L
9	72	-1
9	73	L
9	74	L
9	75	L
9	76	-1
9	77	-1
9	78	L
9	79	-1
9	80	-1
9	81	-1
9	82	-1
9	83	-1
9	84	L
9	85	-1
9	86	U
9	87	-1
9	88	L
9	89	-1
9	90	-1
9	91	-1
9	92	L
9	93	L
9	94	-1
9	95	U
9	96	-1
9	97	-1
9	98	L
9	99	L
9	100	-1
9	101	-1
9	102	-1
9	103	-1
9	104	-1
9	105	L
9	106	-1
9	107	-1
9	108	L
9	109	L
9	110	L
9	111	-1
9	112	L
9	113	L
9	114	L
9	115	-1
9	116	-1
9	117	L
9	118	L
9	119	L
10	0	-1
10	1	L
10	2	L
10	3	L
10	4	-1
10	5	-1
10	6	-1
10	7	-1
10	8	-1
10	9	L
10	10	L
10	11	L
10	12	-1
10	13	-1
10	14	L
10	15	-1
10	16	L
10	17	-1
10	18	-1
10	19	-1
10	20	-1
10	21	-1
10	22	-1
10	23	L
10	24	-1
10	25	L
10	26	L
10	27	L
10	28	-1
10	29	L
10	30	L
10	31	L
10	32	-1
10	33	-1
10	34	-1
10	35	-1
10	36	-1
10	37	-1
10	38	-1
10	39	L
10	40	L
10	41	L
10	42	L
10	43	-1
10	44	-1
10	45	L
10	46	-1
10	47	L
10	48	-1
10	49	L
10	50	-1
10	51	L
10	52	-1
10	53	L
10	54	L
10	55	-1
10	56	-1
10	57	-1
10	58	L
10	59	-1
10	60	L
10	61	-1
10	62	-1
10	63	-1
10	64	L
10	65	-1
10	66	L
10	67	-1
10	68	L
10	69	-1
10	70	-1
10	71	L
10	72	L
10	73	L
10	74	L
10	75	L
10	76	-1
10	77	-1
10	78	-1
10	79	-1
10	80	L
10	81	-1
10	82	-1
10	83	-1
10	84	-1
10	85	-1
10	86	U
10	87	L
10	88	-1
10	89	-1
10	90	-1
10	91	-1
10	92	U
10	93	U
10	94	-1
10	95	L
10	96	U
10	97	-1
10	98	-1
10	99	L
10	100	L
10	101	L
10	102	L
10	103	L
10	104	L
10	105	-1
10	106	L
10	107	-1
10	108	L
10	109	L
10	110	-1
10	111	-1
10	112	-1
10	113	L
10	114	-1
10	115	-1
10	116	-1
10	117	-1
10	118	-1
10	119	-1
11	0	-1
11	1	L
11	2	-1
11	3	L
11	4	L
11	5	-1
11	6	L
11	7	L
11	8	-1
11	9	L
11	10	-1
11	11	L
11	12	-1
11	13	-1
11	14	L
11	15	-1
11	16	-1
11	17	L
11	18	-1
11	19	-1
11	20	L
11	21	-1
11	22	L
11	23	-1
11	24	-1
11	25	-1
11	26	L
11	27	-1
11	28	L
11	29	L
11	30	L
11	31	-1
11	32	-1
11	33	L
11	34	L
11	35	-1
11	36	-1
11	37	-1
11	38	-1
11	39	-1
11	40	L
11	41	-1
11	42	-1
11	43	L
11	44	L
11	45	-1
11	46	L
11	47	-1
11	48	L
11	49	-1
11	50	-1
11	51	L
11	52	-1
11	53	-1
11	54	-1
11	55	-1
11	56	-1
11	57	-1
11	58	-1
11	59	-1
11	60	-1
11	61	-1
11	62	L
11	63	-1
11	64	L
11	65	L
11	66	-1
11	67	-1
11	68	-1
11	69	-1
11	70	L
11	71	-1
11	72	L
11	73	L
11	74	L
11	75	-1
11	76	-1
11	77	-1
11	78	-1
11	79	-1
11	80	-1
11	81	L
11	82	-1
11	83	-1
11	84	L
11	85	L
11	86	-1
11	87	L
11	88	U
11	89	-1
11	90	-1
11	91	-1
11	92	U
11	93	U
11	94	U
11	95	L
11	96	L
11	97	U
11	98	-1
11	99	L
11	100	L
11	101	L
11	102	L
11	103	-1
11	104	-1
11	105	-1
11	106	-1
11	107	L
11	108	L
11	109	-1
11	110	-1
11	111	L
11	112	L
11	113	-1
11	114	L
11	115	L
11	116	-1
11	117	-1
11	118	L
11	119	L
12	0	-1
12	1	L
12	2	L
12	3	L
12	4	L
12	5	-1
12	6	L
12	7	L
12	8	-1
12	9	L
12	10	-1
12	11	-1
12	12	-1
12	13	-1
12	14	-1
12	15	L
12	16	-1
12	17	U
12	18	-1
12	19	U
12	20	L
12	21	-1
12	22	-1
12	23	L
12	24	-1
12	25	-1
12	26	-1
12	27	L
12	28	L
12	29	L
12	30	-1
12	31	L
12	32	-1
12	33	-1
12	34	-1
12	35	-1
12	36	-1
12	37	L
12	38	L
12	39	-1
12	40	-1
12	41	-1
12	42	-1
12	43	L
12	44	-1
12	45	L
12	46	-1
12	47	L
12	48	L
12	49	-1
12	50	-1
12	51	-1
12	52	L
12	53	-1
12	54	-1
12	55	-1
12	56	-1
12	57	-1
12	58	-1
12	59	-1
12	60	-1
12	61	-1
12	62	-1
12	63	-1
12	64	-1
12	65	L
12	66	L
12	67	-1
12	68	-1
12	69	-1
12	70	-1
12	71	L
12	72	L
12	73	L
12	74	L
12	75	L
12	76	L
12	77	-1
12	78	L
12	79	L
12	80	-1
12	81	-1
12	82	-1
12	83	-1
12	84	-1
12	85	-1
12	86	-1
12	87	L
12	88	-1
12	89	-1
12	90	-1
12	91	-1
12	92	-1
12	93	L
12	94	-1
12	95	L
12	96	L
12	97	-1
12	98	L
12	99	L
12	100	-1
12	101	L
12	102	L
12	103	L
12	104	L
12	105	-1
12	106	-1
12	107	-1
12	108	-1
12	109	L
12	110	L
12	111	L
12	112	L
12	113	L
12	114	-1
12	115	L
12	116	U
12	117	-1
12	118	L
12	119	-1
13	0	-1
13	1	-1
13	2	-1
13	3	-1
13	4	L
13	5	L
13	6	L
13	7	-1
13	8	-1
13	9	-1
13	10	-1
13	11	-1
13	12	-1
13	13	-1
13	14	L
13	15	-1
13	16	L
13	17	L
13	18	U
13	19	U
13	20	-1
13	21	-1
13	22	L
13	23	-1
13	24	L
13	25	-1
13	26	L
13	27	-1
13	28	L
13	29	L
13	30	-1
13	31	-1
13	32	L
13	33	L
13	34	L
13	35	-1
13	36	L
13	37	-1
13	38	L
13	39	L
13	40	-1
13	41	-1
13	42	L
13	43	-1
13	44	-1
13	45	-1
13	46	-1
13	47	L
13	48	-1
13	49	-1
13	50	-1
13	51	-1
13	52	-1
13	53	-1
13	54	L
13	55	-1
13	56	-1
13	57	-1
13	58	L
13	59	L
13	60	-1
13	61	-1
13	62	-1
13	63	-1
13	64	-1
13	65	-1
13	66	-1
13	67	L
13	68	L
13	69	L
13	70	-1
13	71	-1
13	72	L
13	73	L
13	74	-1
13	75	L
13	76	-1
13	77	L
13	78	-1
13	79	-1
13	80	-1
13	81	-1
13	82	-1
13	83	-1
13	84	-1
13	85	L
13	86	L
13	87	L
13	88	-1
13	89	-1
13	90	L
13	91	-1
13	92	L
13	93	L
13	94	L
13	95	L
13	96	-1
13	97	-1
13	98	L
13	99	-1
13	100	L
13	101	L
13	102	-1
13	103	L
13	104	L
13	105	-1
13	106	-1
13	107	-1
13	108	L
13	109	-1
13	110	-1
13	111	-1
13	112	-1
13	113	-1
13	114	L
13	115	-1
13	116	-1
13	117	U
13	118	U
13	119	U
14	0	U
14	1	-1
14	2	L
14	3	L
14	4	-1
14	5	L
14	6	-1
14	7	L
14	8	-1
14	9	-1
14	10	L
14	11	-1
14	12	-1
14	13	-1
14	14	L
14	15	-1
14	16	-1
14	17	-1
14	18	-1
14	19	U
14	20	-1
14	21	-1
14	22	-1
14	23	-1
14	24	-1
14	25	L
14	26	-1
14	27	L
14	28	-1
14	29	L
14	30	-1
14	31	-1
14	32	L
14	33	-1
14	34	L
14	35	-1
14	36	L
14	37	-1
14	38	-1
14	39	-1
14	40	L
14	41	L
14	42	-1
14	43	-1
14	44	L
14	45	L
14	46	L
14	47	-1
14	48	-1
14	49	L
14	50	L
14	51	L
14	52	L
14	53	-1
14	54	L
14	55	-1
14	56	-1
14	57	-1
14	58	-1
14	59	-1
14	60	L
14	61	-1
14	62	-1
14	63	-1
14	64	L
14	65	-1
14	66	-1
14	67	L
14	68	-1
14	69	-1
14	70	-1
14	71	-1
14	72	-1
14	73	L
14	74	-1
14	75	-1
14	76	-1
14	77	L
14	78	L
14	79	-1
14	80	L
14	81	L
14	82	-1
14	83	L
14	84	L
14	85	L
14	86	-1
14	87	-1
14	88	-1
14	89	L
14	90	-1
14	91	L
14	92	-1
14	93	L
14	94	-1
14	95	-1
14	96	-1
14	97	-1
14	98	L
14	99	L
14	100	-1
14	101	-1
14	102	L
14	103	L
14	104	-1
14	105	L
14	106	-1
14	107	-1
14	108	-1
14	109	L
14	110	-1
14	111	L
14	112	L
14	113	L
14	114	-1
14	115	-1
14	116	-1
14	117	-1
14	118	U
14	119	U
15	0	-1
15	1	-1
15	2	-1
15	3	-1
15	4	-1
15	5	L
15	6	-1
15	7	L
15	8	L
15	9	-1
15	10	-1
15	11	L
15	12	-1
15	13	L
15	14	L
15	15	L
15	16	L
15	17	L
15	18	-1
15	19	U
15	20	-1
15	21	-1
15	22	-1
15	23	-1
15	24	-1
15	25	L
15	26	L
15	27	L
15	28	L
15	29	L
15	30	-1
15	31	L
15	32	-1
15	33	L
15	34	L
15	35	L
15	36	L
15	37	-1
15	38	L
15	39	-1
15	40	-1
15	41	-1
15	42	U
15	43	U
15	44	-1
15	45	U
15	46	-1
15	47	L
15	48	U
15	49	L
15	50	-1
15	51	L
15	52	L
15	53	L
15	54	L
15	55	-1
15	56	-1
15	57	-1
15	58	L
15	59	L
15	60	-1
15	61	L
15	62	-1
15	63	-1
15	64	-1
15	65	-1
15	66	L
15	67	-1
15	68	L
15	69	L
15	70	-1
15	71	-1
15	72	-1
15	73	L
15	74	L
15	75	-1
15	76	-1
15	77	-1
15	78	-1
15	79	L
15	80	-1
15	81	L
15	82	-1
15	83	L
15	84	L
15	85	L
15	86	-1
15	87	-1
15	88	-1
15	89	L
15	90	-1
15	91	L
15	92	L
15	93	L
15	94	L
15	95	-1
15	96	-1
15	97	-1
15	98	-1
15	99	-1
15	100	-1
15	101	-1
15	102	L
15	103	L
15	104	L
15	105	L
15	106	-1
15	107	-1
15	108	L
15	109	-1
15	110	-1
15	111	L
15	112	L
15	113	L
15	114	-1
15	115	-1
15	116	-1
15	117	U
15	118	U
15	119	-1
16	0	-1
16	1	-1
16	2	-1
16	3	-1
16	4	-1
16	5	L
16	6	L
16	7	L
16	8	L
16	9	-1
16	10	-1
16	11	-1
16	12	L
16	13	-1
16	14	L
16	15	-1
16	16	L
16	17	-1
16	18	-1
16	19	U
16	20	-1
16	21	U
16	22	-1
16	23	-1
16	24	L
16	25	L
16	26	-1
16	27	L
16	28	-1
16	29	-1
16	30	L
16	31	-1
16	32	L
16	33	-1
16	34	-1
16	35	-1
16	36	-1
16	37	L
16	38	-1
16	39	-1
16	40	-1
16	41	-1
16	42	U
16	43	U
16	44	U
16	45	-1
16	46	-1
16	47	-1
16	48	U
16	49	-1
16	50	L
16	51	-1
16	52	-1
16	53	-1
16	54	-1
16	55	-1
16	56	-1
16	57	L
16	58	-1
16	59	-1
16	60	-1
16	61	-1
16	62	-1
16	63	L
16	64	-1
16	65	-1
16	66	-1
16	67	L
16	68	L
16	69	L
16	70	-1
16	71	-1
16	72	-1
16	73	-1
16	74	L
16	75	-1
16	76	-1
16	77	L
16	78	-1
16	79	-1
16	80	L
16	81	L
16	82	-1
16	83	-1
16	84	L
16	85	L
16	86	-1
16	87	-1
16	88	-1
16	89	-1
16	90	-1
16	91	-1
16	92	-1
16	93	L
16	94	L
16	95	-1
16	96	-1
16	97	-1
16	98	-1
16	99	-1
16	100	-1
16	101	-1
16	102	L
16	103	-1
16	104	L
16	105	-1
16	106	-1
16	107	-1
16	108	-1
16	109	L
16	110	-1
16	111	-1
16	112	L
16	113	-1
16	114	-1
16	115	L
16	116	L
16	117	U
16	118	U
16	119	L
17	0	-1
17	1	-1
17	2	L
17	3	-1
17	4	-1
17	5	-1
17	6	-1
17	7	-1
17	8	L
17	9	-1
17	10	-1
17	11	-1
17	12	-1
17	13	L
17	14	L
17	15	-1
17	16	-1
17	17	-1
17	18	-1
17	19	U
17	20	U
17	21	-1
17	22	-1
17	23	-1
17	24	L
17	25	-1
17	26	L
17	27	-1
17	28	L
17	29	L
17	30	-1
17	31	L
17	32	-1
17	33	-1
17	34	L
17	35	-1
17	36	-1
17	37	-1
17	38	L
17	39	-1
17	40	-1
17	41	-1
17	42	-1
17	43	U
17	44	U
17	45	U
17	46	U
17	47	U
17	48	L
17	49	U
17	50	-1
17	51	L
17	52	-1
17	53	-1
17	54	L
17	55	-1
17	56	L
17	57	-1
17	58	L
17	59	L
17	60	-1
17	61	-1
17	62	L
17	63	L
17	64	L
17	65	L
17	66	L
17	67	-1
17	68	L
17	69	-1
17	70	-1
17	71	-1
17	72	-1
17	73	-1
17	74	-1
17	75	-1
17	76	-1
17	77	L
17	78	-1
17	79	L
17	80	-1
17	81	L
17	82	-1
17	83	-1
17	84	-1
17	85	L
17	86	-1
17	87	L
17	88	-1
17	89	L
17	90	-1
17	91	-1
17	92	-1
17	93	L
17	94	L
17	95	-1
17	96	-1
17	97	-1
17	98	-1
17	99	L
17	100	-1
17	101	-1
17	102	L
17	103	L
17	104	L
17	105	-1
17	106	-1
17	107	L
17	108	L
17	109	-1
17	110	L
17	111	L
17	112	L
17	113	-1
17	114	L
17	115	L
17	116	L
17	117	-1
17	118	-1
17	119	L
18	0	-1
18	1	L
18	2	L
18	3	-1
18	4	-1
18	5	L
18	6	L
18	7	-1
18	8	L
18	9	-1
18	10	L
18	11	-1
18	12	L
18	13	L
18	14	-1
18	15	L
18	16	L
18	17	L
18	18	-1
18	19	L
18	20	U
18	21	U
18	22	-1
18	23	-1
18	24	U
18	25	-1
18	26	-1
18	27	L
18	28	-1
18	29	-1
18	30	L
18	31	-1
18	32	-1
18	33	-1
18	34	-1
18	35	-1
18	36	L
18	37	L
18	38	-1
18	39	-1
18	40	-1
18	41	-1
18	42	-1
18	43	L
18	44	-1
18	45	-1
18	46	U
18	47	U
18	48	-1
18	49	-1
18	50	-1
18	51	L
18	52	-1
18	53	-1
18	54	-1
18	55	L
18	56	-1
18	57	-1
18	58	-1
18	59	-1
18	60	-1
18	61	-1
18	62	-1
18	63	-1
18	64	L
18	65	-1
18	66	U
18	67	-1
18	68	U
18	69	U
18	70	U
18	71	-1
18	72	-1
18	73	L
18	74	L
18	75	U
18	76	L
18	77	L
18	78	L
18	79	-1
18	80	L
18	81	L
18	82	L
18	83	-1
18	84	-1
18	85	L
18	86	-1
18	87	L
18	88	L
18	89	-1
18	90	-1
18	91	-1
18	92	-1
18	93	L
18	94	L
18	95	L
18	96	L
18	97	-1
18	98	-1
18	99	-1
18	100	L
18	101	L
18	102	L
18	103	-1
18	104	L
18	105	-1
18	106	-1
18	107	L
18	108	-1
18	109	-1
18	110	-1
18	111	L
18	112	-1
18	113	L
18	114	-1
18	115	-1
18	116	L
18	117	-1
18	118	L
18	119	L
19	0	-1
19	1	-1
19	2	-1
19	3	L
19	4	-1
19	5	-1
19	6	L
19	7	-1
19	8	-1
19	9	-1
19	10	-1
19	11	-1
19	12	-1
19	13	-1
19	14	-1
19	15	-1
19	16	L
19	17	L
19	18	-1
19	19	L
19	20	U
19	21	L
19	22	-1
19	23	-1
19	24	U
19	25	-1
19	26	-1
19	27	L
19	28	-1
19	29	-1
19	30	-1
19	31	L
19	32	L
19	33	-1
19	34	-1
19	35	L
19	36	-1
19	37	-1
19	38	L
19	39	-1
19	40	-1
19	41	L
19	42	-1
19	43	-1
19	44	-1
19	45	-1
19	46	-1
19	47	-1
19	48	U
19	49	-1
19	50	L
19	51	-1
19	52	-1
19	53	L
19	54	U
19	55	L
19	56	L
19	57	L
19	58	L
19	59	-1
19	60	L
19	61	L
19	62	-1
19	63	-1
19	64	-1
19	65	L
19	66	U
19	67	-1
19	68	-1
19	69	-1
19	70	-1
19	71	-1
19	72	-1
19	73	-1
19	74	-1
19	75	-1
19	76	L
19	77	L
19	78	L
19	79	-1
19	80	L
19	81	-1
19	82	-1
19	83	-1
19	84	-1
19	85	L
19	86	L
19	87	-1
19	88	-1
19	89	L
19	90	L
19	91	-1
19	92	L
19	93	-1
19	94	-1
19	95	L
19	96	-1
19	97	-1
19	98	-1
19	99	-1
19	100	-1
19	101	L
19	102	-1
19	103	-1
19	104	-1
19	105	-1
19	106	-1
19	107	L
19	108	L
19	109	L
19	110	-1
19	111	-1
19	112	-1
19	113	-1
19	114	-1
19	115	L
19	116	L
19	117	U
19	118	-1
19	119	L
20	0	-1
20	1	-1
20	2	-1
20	3	L
20	4	-1
20	5	-1
20	6	-1
20	7	L
20	8	L
20	9	-1
20	10	-1
20	11	L
20	12	L
20	13	-1
20	14	-1
20	15	-1
20	16	L
20	17	-1
20	18	L
20	19	L
20	20	L
20	21	L
20	22	-1
20	23	U
20	24	-1
20	25	U
20	26	-1
20	27	-1
20	28	L
20	29	L
20	30	L
20	31	U
20	32	-1
20	33	L
20	34	-1
20	35	-1
20	36	-1
20	37	-1
20	38	-1
20	39	L
20	40	L
20	41	L
20	42	-1
20	43	-1
20	44	-1
20	45	-1
20	46	-1
20	47	-1
20	48	-1
20	49	U
20	50	L
20	51	U
20	52	U
20	53	-1
20	54	L
20	55	L
20	56	L
20	57	L
20	58	-1
20	59	-1
20	60	L
20	61	-1
20	62	-1
20	63	-1
20	64	-1
20	65	-1
20	66	U
20	67	U
20	68	L
20	69	-1
20	70	-1
20	71	U
20	72	-1
20	73	L
20	74	L
20	75	L
20	76	L
20	77	L
20	78	L
20	79	L
20	80	L
20	81	L
20	82	L
20	83	L
20	84	-1
20	85	L
20	86	L
20	87	L
20	88	-1
20	89	L
20	90	L
20	91	-1
20	92	-1
20	93	L
20	94	-1
20	95	-1
20	96	L
20	97	U
20	98	U
20	99	-1
20	100	-1
20	101	L
20	102	-1
20	103	-1
20	104	L
20	105	-1
20	106	L
20	107	L
20	108	-1
20	109	L
20	110	-1
20	111	-1
20	112	L
20	113	L
20	114	L
20	115	L
20	116	-1
20	117	U
20	118	U
20	119	-1
21	0	-1
21	1	L
21	2	-1
21	3	L
21	4	-1
21	5	L
21	6	L
21	7	-1
21	8	-1
21	9	-1
21	10	L
21	11	L
21	12	-1
21	13	-1
21	14	-1
21	15	-1
21	16	L
21	17	L
21	18	L
21	19	L
21	20	L
21	21	-1
21	22	U
21	23	U
21	24	U
21	25	-1
21	26	-1
21	27	L
21	28	U
21	29	-1
21	30	U
21	31	L
21	32	-1
21	33	L
21	34	-1
21	35	-1
21	36	-1
21	37	L
21	38	-1
21	39	-1
21	40	-1
21	41	-1
21	42	L
21	43	-1
21	44	-1
21	45	L
21	46	-1
21	47	L
21	48	L
21	49	L
21	50	L
21	51	L
21	52	L
21	53	-1
21	54	-1
21	55	L
21	56	-1
21	57	-1
21	58	-1
21	59	L
21	60	L
21	61	-1
21	62	-1
21	63	-1
21	64	-1
21	65	U
21	66	-1
21	67	-1
21	68	-1
21	69	L
21	70	L
21	71	-1
21	72	-1
21	73	-1
21	74	-1
21	75	L
21	76	-1
21	77	L
21	78	L
21	79	L
21	80	-1
21	81	L
21	82	L
21	83	L
21	84	-1
21	85	L
21	86	L
21	87	L
21	88	-1
21	89	-1
21	90	-1
21	91	L
21	92	-1
21	93	-1
21	94	-1
21	95	-1
21	96	U
21	97	U
21	98	U
21	99	-1
21	100	-1
21	101	-1
21	102	-1
21	103	-1
21	104	-1
21	105	-1
21	106	-1
21	107	L
21	108	-1
21	109	-1
21	110	-1
21	111	L
21	112	-1
21	113	L
21	114	L
21	115	-1
21	116	-1
21	117	-1
21	118	-1
21	119	-1
22	0	-1
22	1	L
22	2	L
22	3	L
22	4	-1
22	5	-1
22	6	U
22	7	-1
22	8	L
22	9	U
22	10	-1
22	11	-1
22	12	-1
22	13	L
22	14	-1
22	15	-1
22	16	-1
22	17	-1
22	18	L
22	19	L
22	20	-1
22	21	-1
22	22	-1
22	23	U
22	24	-1
22	25	-1
22	26	U
22	27	U
22	28	-1
22	29	-1
22	30	U
22	31	U
22	32	-1
22	33	-1
22	34	-1
22	35	-1
22	36	-1
22	37	L
22	38	L
22	39	L
22	40	L
22	41	-1
22	42	L
22	43	-1
22	44	-1
22	45	-1
22	46	-1
22	47	L
22	48	L
22	49	L
22	50	L
22	51	L
22	52	-1
22	53	-1
22	54	L
22	55	-1
22	56	L
22	57	U
22	58	-1
22	59	-1
22	60	-1
22	61	-1
22	62	-1
22	63	L
22	64	-1
22	65	L
22	66	L
22	67	L
22	68	-1
22	69	L
22	70	L
22	71	L
22	72	-1
22	73	-1
22	74	L
22	75	-1
22	76	-1
22	77	-1
22	78	-1
22	79	-1
22	80	L
22	81	-1
22	82	-1
22	83	L
22	84	L
22	85	L
22	86	L
22	87	L
22	88	-1
22	89	-1
22	90	L
22	91	L
22	92	L
22	93	-1
22	94	-1
22	95	-1
22	96	-1
22	97	-1
22	98	-1
22	99	U
22	100	-1
22	101	L
22	102	L
22	103	L
22	104	L
22	105	-1
22	106	-1
22	107	-1
22	108	-1
22	109	L
22	110	-1
22	111	-1
22	112	L
22	113	-1
22	114	-1
22	115	L
22	116	-1
22	117	L
22	118	-1
22	119	-1
23	0	-1
23	1	L
23	2	L
23	3	L
23	4	-1
23	5	L
23	6	-1
23	7	U
23	8	-1
23	9	L
23	10	-1
23	11	-1
23	12	-1
23	13	-1
23	14	-1
23	15	-1
23	16	-1
23	17	-1
23	18	L
23	19	L
23	20	L
23	21	L
23	22	L
23	23	-1
23	24	U
23	25	U
23	26	-1
23	27	-1
23	28	U
23	29	L
23	30	U
23	31	U
23	32	-1
23	33	-1
23	34	-1
23	35	-1
23	36	-1
23	37	L
23	38	-1
23	39	L
23	40	-1
23	41	-1
23	42	-1
23	43	L
23	44	L
23	45	L
23	46	-1
23	47	-1
23	48	-1
23	49	L
23	50	U
23	51	L
23	52	U
23	53	U
23	54	-1
23	55	-1
23	56	-1
23	57	U
23	58	L
23	59	L
23	60	-1
23	61	L
23	62	U
23	63	-1
23	64	L
23	65	-1
23	66	L
23	67	L
23	68	-1
23	69	L
23	70	L
23	71	-1
23	72	-1
23	73	-1
23	74	-1
23	75	-1
23	76	L
23	77	-1
23	78	-1
23	79	L
23	80	-1
23	81	L
23	82	L
23	83	-1
23	84	L
23	85	L
23	86	-1
23	87	-1
23	88	L
23	89	-1
23	90	L
23	91	U
23	92	U
23	93	-1
23	94	-1
23	95	-1
23	96	L
23	97	L
23	98	L
23	99	L
23	100	-1
23	101	-1
23	102	L
23	103	L
23	104	L
23	105	-1
23	106	-1
23	107	-1
23	108	-1
23	109	-1
23	110	L
23	111	L
23	112	L
23	113	L
23	114	-1
23	115	L
23	116	L
23	117	L
23	118	-1
23	119	U
24	0	L
24	1	L
24	2	L
24	3	L
24	4	-1
24	5	L
24	6	-1
24	7	-1
24	8	-1
24	9	-1
24	10	L
24	11	-1
24	12	-1
24	13	L
24	14	-1
24	15	-1
24	16	-1
24	17	-1
24	18	-1
24	19	L
24	20	L
24	21	-1
24	22	U
24	23	U
24	24	U
24	25	-1
24	26	U
24	27	-1
24	28	-1
24	29	L
24	30	L
24	31	-1
24	32	-1
24	33	-1
24	34	-1
24	35	-1
24	36	-1
24	37	L
24	38	L
24	39	-1
24	40	-1
24	41	-1
24	42	-1
24	43	-1
24	44	-1
24	45	-1
24	46	U
24	47	-1
24	48	-1
24	49	-1
24	50	L
24	51	U
24	52	-1
24	53	U
24	54	U
24	55	L
24	56	-1
24	57	-1
24	58	U
24	59	L
24	60	-1
24	61	-1
24	62	-1
24	63	L
24	64	L
24	65	L
24	66	L
24	67	-1
24	68	-1
24	69	L
24	70	-1
24	71	-1
24	72	-1
24	73	-1
24	74	L
24	75	L
24	76	L
24	77	-1
24	78	-1
24	79	-1
24	80	-1
24	81	L
24	82	L
24	83	-1
24	84	L
24	85	-1
24	86	L
24	87	L
24	88	L
24	89	L
24	90	-1
24	91	L
24	92	-1
24	93	-1
24	94	-1
24	95	-1
24	96	L
24	97	L
24	98	-1
24	99	-1
24	100	-1
24	101	-1
24	102	-1
24	103	-1
24	104	-1
24	105	-1
24	106	L
24	107	-1
24	108	-1
24	109	L
24	110	-1
24	111	-1
24	112	-1
24	113	-1
24	114	L
24	115	L
24	116	-1
24	117	-1
24	118	-1
24	119	U
25	0	-1
25	1	-1
25	2	L
25	3	-1
25	4	-1
25	5	-1
25	6	-1
25	7	-1
25	8	-1
25	9	L
25	10	-1
25	11	-1
25	12	-1
25	13	L
25	14	-1
25	15	L
25	16	-1
25	17	-1
25	18	-1
25	19	-1
25	20	-1
25	21	-1
25	22	U
25	23	U
25	24	U
25	25	U
25	26	U
25	27	U
25	28	-1
25	29	-1
25	30	-1
25	31	-1
25	32	-1
25	33	-1
25	34	-1
25	35	-1
25	36	-1
25	37	-1
25	38	-1
25	39	L
25	40	L
25	41	-1
25	42	-1
25	43	-1
25	44	-1
25	45	-1
25	46	-1
25	47	U
25	48	-1
25	49	U
25	50	U
25	51	-1
25	52	U
25	53	-1
25	54	U
25	55	L
25	56	L
25	57	L
25	58	L
25	59	-1
25	60	L
25	61	L
25	62	L
25	63	L
25	64	-1
25	65	-1
25	66	-1
25	67	L
25	68	L
25	69	-1
25	70	L
25	71	L
25	72	-1
25	73	L
25	74	L
25	75	-1
25	76	-1
25	77	-1
25	78	-1
25	79	L
25	80	L
25	81	L
25	82	L
25	83	-1
25	84	-1
25	85	L
25	86	L
25	87	-1
25	88	L
25	89	L
25	90	-1
25	91	-1
25	92	-1
25	93	-1
25	94	-1
25	95	-1
25	96	-1
25	97	L
25	98	-1
25	99	-1
25	100	-1
25	101	-1
25	102	L
25	103	L
25	104	-1
25	105	-1
25	106	L
25	107	-1
25	108	-1
25	109	-1
25	110	L
25	111	L
25	112	L
25	113	L
25	114	-1
25	115	L
25	116	-1
25	117	-1
25	118	-1
25	119	-1
26	0	-1
26	1	-1
26	2	-1
26	3	-1
26	4	L
26	5	L
26	6	-1
26	7	-1
26	8	-1
26	9	L
26	10	-1
26	11	L
26	12	-1
26	13	-1
26	14	-1
26	15	L
26	16	-1
26	17	L
26	18	L
26	19	L
26	20	-1
26	21	-1
26	22	U
26	23	U
26	24	U
26	25	U
26	26	U
26	27	L
26	28	-1
26	29	-1
26	30	-1
26	31	L
26	32	-1
26	33	-1
26	34	-1
26	35	-1
26	36	-1
26	37	L
26	38	-1
26	39	L
26	40	L
26	41	-1
26	42	-1
26	43	L
26	44	-1
26	45	L
26	46	L
26	47	L
26	48	-1
26	49	U
26	50	U
26	51	-1
26	52	-1
26	53	L
26	54	-1
26	55	L
26	56	L
26	57	L
26	58	-1
26	59	L
26	60	L
26	61	L
26	62	L
26	63	L
26	64	L
26	65	-1
26	66	-1
26	67	-1
26	68	L
26	69	-1
26	70	-1
26	71	L
26	72	L
26	73	L
26	74	L
26	75	-1
26	76	-1
26	77	L
26	78	-1
26	79	-1
26	80	L
26	81	-1
26	82	-1
26	83	L
26	84	-1
26	85	-1
26	86	L
26	87	-1
26	88	-1
26	89	-1
26	90	L
26	91	L
26	92	-1
26	93	L
26	94	L
26	95	L
26	96	L
26	97	-1
26	98	-1
26	99	-1
26	100	L
26	101	-1
26	102	-1
26	103	L
26	104	-1
26	105	-1
26	106	-1
26	107	-1
26	108	-1
26	109	-1
26	110	-1
26	111	-1
26	112	-1
26	113	L
26	114	L
26	115	L
26	116	-1
26	117	L
26	118	-1
26	119	-1
27	0	-1
27	1	-1
27	2	-1
27	3	-1
27	4	-1
27	5	-1
27	6	-1
27	7	-1
27	8	-1
27	9	-1
27	10	L
27	11	L
27	12	-1
27	13	-1
27	14	-1
27	15	-1
27	16	-1
27	17	L
27	18	L
27	19	-1
27	20	-1
27	21	-1
27	22	U
27	23	-1
27	24	U
27	25	-1
27	26	L
27	27	L
27	28	L
27	29	L
27	30	-1
27	31	-1
27	32	-1
27	33	-1
27	34	-1
27	35	U
27	36	-1
27	37	L
27	38	L
27	39	L
27	40	-1
27	41	L
27	42	L
27	43	L
27	44	-1
27	45	L
27	46	L
27	47	L
27	48	-1
27	49	-1
27	50	L
27	51	L
27	52	L
27	53	-1
27	54	-1
27	55	-1
27	56	-1
27	57	L
27	58	L
27	59	L
27	60	L
27	61	L
27	62	-1
27	63	L
27	64	L
27	65	L
27	66	-1
27	67	-1
27	68	-1
27	69	-1
27	70	-1
27	71	-1
27	72	L
27	73	-1
27	74	-1
27	75	L
27	76	-1
27	77	L
27	78	-1
27	79	-1
27	80	-1
27	81	-1
27	82	-1
27	83	-1
27	84	-1
27	85	-1
27	86	L
27	87	-1
27	88	-1
27	89	L
27	90	-1
27	91	L
27	92	L
27	93	L
27	94	-1
27	95	-1
27	96	-1
27	97	-1
27	98	L
27	99	L
27	100	-1
27	101	-1
27	102	L
27	103	-1
27	104	L
27	105	-1
27	106	-1
27	107	-1
27	108	L
27	109	L
27	110	L
27	111	-1
27	112	-1
27	113	L
27	114	L
27	115	L
27	116	L
27	117	L
27	118	-1
27	119	-1
28	0	-1
28	1	-1
28	2	-1
28	3	-1
28	4	-1
28	5	-1
28	6	L
28	7	L
28	8	-1
28	9	-1
28	10	-1
28	11	L
28	12	-1
28	13	-1
28	14	-1
28	15	-1
28	16	L
28	17	-1
28	18	-1
28	19	-1
28	20	L
28	21	L
28	22	-1
28	23	-1
28	24	-1
28	25	-1
28	26	-1
28	27	L
28	28	L
28	29	-1
28	30	-1
28	31	L
28	32	-1
28	33	L
28	34	-1
28	35	-1
28	36	L
28	37	-1
28	38	-1
28	39	-1
28	40	-1
28	41	L
28	42	L
28	43	L
28	44	L
28	45	-1
28	46	-1
28	47	L
28	48	L
28	49	L
28	50	L
28	51	L
28	52	L
28	53	L
28	54	L
28	55	-1
28	56	-1
28	57	L
28	58	L
28	59	-1
28	60	L
28	61	L
28	62	-1
28	63	-1
28	64	L
28	65	-1
28	66	-1
28	67	L
28	68	L
28	69	-1
28	70	-1
28	71	L
28	72	-1
28	73	L
28	74	-1
28	75	L
28	76	-1
28	77	-1
28	78	-1
28	79	L
28	80	L
28	81	L
28	82	-1
28	83	-1
28	84	L
28	85	L
28	86	-1
28	87	U
28	88	L
28	89	-1
28	90	U
28	91	L
28	92	-1
28	93	L
28	94	-1
28	95	-1
28	96	-1
28	97	-1
28	98	-1
28	99	-1
28	100	L
28	101	-1
28	102	L
28	103	-1
28	104	-1
28	105	-1
28	106	-1
28	107	-1
28	108	L
28	109	L
28	110	U
28	111	L
28	112	-1
28	113	-1
28	114	L
28	115	L
28	116	L
28	117	-1
28	118	-1
28	119	-1
29	0	-1
29	1	-1
29	2	-1
29	3	L
29	4	-1
29	5	-1
29	6	L
29	7	L
29	8	L
29	9	L
29	10	L
29	11	-1
29	12	-1
29	13	L
29	14	-1
29	15	-1
29	16	-1
29	17	-1
29	18	L
29	19	L
29	20	L
29	21	-1
29	22	L
29	23	-1
29	24	-1
29	25	U
29	26	U
29	27	-1
29	28	L
29	29	L
29	30	-1
29	31	L
29	32	L
29	33	L
29	34	L
29	35	U
29	36	U
29	37	-1
29	38	-1
29	39	L
29	40	L
29	41	-1
29	42	-1
29	43	-1
29	44	-1
29	45	-1
29	46	-1
29	47	-1
29	48	L
29	49	L
29	50	L
29	51	L
29	52	-1
29	53	L
29	54	L
29	55	L
29	56	-1
29	57	L
29	58	-1
29	59	-1
29	60	L
29	61	-1
29	62	-1
29	63	L
29	64	-1
29	65	L
29	66	-1
29	67	-1
29	68	-1
29	69	L
29	70	L
29	71	L
29	72	-1
29	73	-1
29	74	L
29	75	-1
29	76	-1
29	77	-1
29	78	-1
29	79	-1
29	80	-1
29	81	-1
29	82	-1
29	83	-1
29	84	-1
29	85	L
29	86	L
29	87	L
29	88	L
29	89	-1
29	90	L
29	91	L
29	92	-1
29	93	-1
29	94	L
29	95	-1
29	96	-1
29	97	-1
29	98	L
29	99	L
29	100	L
29	101	L
29	102	-1
29	103	-1
29	104	-1
29	105	L
29	106	-1
29	107	L
29	108	-1
29	109	L
29	110	L
29	111	-1
29	112	L
29	113	-1
29	114	-1
29	115	-1
29	116	L
29	117	-1
29	118	-1
29	119	-1
30	0	-1
30	1	L
30	2	L
30	3	L
30	4	-1
30	5	-1
30	6	L
30	7	L
30	8	L
30	9	-1
30	10	-1
30	11	L
30	12	L
30	13	L
30	14	-1
30	15	-1
30	16	-1
30	17	-1
30	18	-1
30	19	L
30	20	L
30	21	L
30	22	L
30	23	-1
30	24	U
30	25	L
30	26	-1
30	27	-1
30	28	L
30	29	-1
30	30	L
30	31	-1
30	32	L
30	33	L
30	34	L
30	35	-1
30	36	-1
30	37	-1
30	38	-1
30	39	-1
30	40	L
30	41	L
30	42	L
30	43	L
30	44	L
30	45	L
30	46	-1
30	47	-1
30	48	-1
30	49	L
30	50	L
30	51	L
30	52	L
30	53	L
30	54	L
30	55	L
30	56	-1
30	57	L
30	58	L
30	59	-1
30	60	L
30	61	L
30	62	L
30	63	L
30	64	-1
30	65	L
30	66	L
30	67	-1
30	68	-1
30	69	-1
30	70	L
30	71	L
30	72	L
30	73	L
30	74	L
30	75	L
30	76	-1
30	77	L
30	78	-1
30	79	L
30	80	-1
30	81	L
30	82	-1
30	83	-1
30	84	-1
30	85	L
30	86	-1
30	87	L
30	88	L
30	89	-1
30	90	L
30	91	L
30	92	-1
30	93	L
30	94	-1
30	95	L
30	96	L
30	97	-1
30	98	L
30	99	-1
30	100	L
30	101	L
30	102	-1
30	103	-1
30	104	L
30	105	L
30	106	L
30	107	L
30	108	-1
30	109	L
30	110	-1
30	111	L
30	112	L
30	113	L
30	114	L
30	115	L
30	116	-1
30	117	-1
30	118	-1
30	119	-1
31	0	-1
31	1	L
31	2	L
31	3	L
31	4	L
31	5	L
31	6	-1
31	7	L
31	8	L
31	9	L
31	10	-1
31	11	L
31	12	L
31	13	L
31	14	-1
31	15	-1
31	16	-1
31	17	-1
31	18	-1
31	19	-1
31	20	L
31	21	L
31	22	-1
31	23	-1
31	24	-1
31	25	-1
31	26	L
31	27	L
31	28	-1
31	29	L
31	30	L
31	31	L
31	32	L
31	33	-1
31	34	-1
31	35	U
31	36	-1
31	37	-1
31	38	-1
31	39	-1
31	40	L
31	41	L
31	42	L
31	43	U
31	44	L
31	45	L
31	46	-1
31	47	-1
31	48	L
31	49	L
31	50	-1
31	51	L
31	52	-1
31	53	L
31	54	-1
31	55	-1
31	56	L
31	57	L
31	58	L
31	59	-1
31	60	-1
31	61	-1
31	62	L
31	63	-1
31	64	L
31	65	L
31	66	L
31	67	L
31	68	L
31	69	L
31	70	L
31	71	L
31	72	L
31	73	-1
31	74	-1
31	75	-1
31	76	-1
31	77	L
31	78	-1
31	79	-1
31	80	U
31	81	-1
31	82	-1
31	83	L
31	84	-1
31	85	-1
31	86	L
31	87	-1
31	88	-1
31	89	-1
31	90	-1
31	91	L
31	92	-1
31	93	L
31	94	-1
31	95	L
31	96	L
31	97	-1
31	98	L
31	99	-1
31	100	-1
31	101	L
31	102	L
31	103	L
31	104	L
31	105	-1
31	106	-1
31	107	L
31	108	L
31	109	-1
31	110	-1
31	111	L
31	112	L
31	113	-1
31	114	-1
31	115	L
31	116	-1
31	117	-1
31	118	-1
31	119	-1
32	0	-1
32	1	-1
32	2	L
32	3	-1
32	4	L
32	5	L
32	6	-1
32	7	L
32	8	-1
32	9	-1
32	10	L
32	11	L
32	12	-1
32	13	L
32	14	-1
32	15	-1
32	16	-1
32	17	-1
32	18	U
32	19	-1
32	20	-1
32	21	L
32	22	-1
32	23	-1
32	24	L
32	25	L
32	26	-1
32	27	-1
32	28	-1
32	29	L
32	30	L
32	31	-1
32	32	L
32	33	L
32	34	-1
32	35	-1
32	36	-1
32	37	L
32	38	U
32	39	-1
32	40	L
32	41	-1
32	42	L
32	43	L
32	44	-1
32	45	L
32	46	-1
32	47	-1
32	48	L
32	49	L
32	50	L
32	51	L
32	52	L
32	53	-1
32	54	L
32	55	L
32	56	-1
32	57	L
32	58	L
32	59	-1
32	60	L
32	61	-1
32	62	L
32	63	L
32	64	L
32	65	L
32	66	L
32	67	L
32	68	-1
32	69	L
32	70	-1
32	71	-1
32	72	-1
32	73	-1
32	74	-1
32	75	L
32	76	-1
32	77	-1
32	78	-1
32	79	U
32	80	U
32	81	-1
32	82	-1
32	83	-1
32	84	L
32	85	L
32	86	L
32	87	L
32	88	-1
32	89	-1
32	90	-1
32	91	-1
32	92	-1
32	93	-1
32	94	-1
32	95	-1
32	96	-1
32	97	-1
32	98	L
32	99	L
32	100	-1
32	101	L
32	102	L
32	103	-1
32	104	-1
32	105	L
32	106	L
32	107	L
32	108	-1
32	109	L
32	110	-1
32	111	L
32	112	L
32	113	L
32	114	L
32	115	L
32	116	L
32	117	-1
32	118	L
32	119	L
33	0	-1
33	1	L
33	2	-1
33	3	-1
33	4	-1
33	5	L
33	6	-1
33	7	-1
33	8	L
33	9	-1
33	10	L
33	11	-1
33	12	L
33	13	-1
33	14	-1
33	15	-1
33	16	-1
33	17	U
33	18	-1
33	19	-1
33	20	L
33	21	-1
33	22	-1
33	23	-1
33	24	-1
33	25	-1
33	26	L
33	27	-1
33	28	L
33	29	-1
33	30	L
33	31	L
33	32	-1
33	33	L
33	34	L
33	35	-1
33	36	L
33	37	-1
33	38	-1
33	39	-1
33	40	-1
33	41	-1
33	42	L
33	43	L
33	44	-1
33	45	-1
33	46	-1
33	47	-1
33	48	-1
33	49	-1
33	50	-1
33	51	L
33	52	L
33	53	L
33	54	-1
33	55	-1
33	56	-1
33	57	-1
33	58	L
33	59	-1
33	60	L
33	61	-1
33	62	L
33	63	-1
33	64	-1
33	65	L
33	66	L
33	67	L
33	68	L
33	69	-1
33	70	L
33	71	-1
33	72	-1
33	73	-1
33	74	L
33	75	-1
33	76	-1
33	77	-1
33	78	-1
33	79	-1
33	80	L
33	81	-1
33	82	-1
33	83	L
33	84	-1
33	85	L
33	86	-1
33	87	L
33	88	-1
33	89	-1
33	90	-1
33	91	L
33	92	-1
33	93	L
33	94	L
33	95	-1
33	96	-1
33	97	-1
33	98	-1
33	99	-1
33	100	-1
33	101	L
33	102	-1
33	103	L
33	104	L
33	105	-1
33	106	-1
33	107	L
33	108	-1
33	109	-1
33	110	-1
33	111	-1
33	112	L
33	113	-1
33	114	L
33	115	L
33	116	-1
33	117	L
33	118	L
33	119	L
34	0	-1
34	1	L
34	2	-1
34	3	-1
34	4	L
34	5	L
34	6	-1
34	7	L
34	8	-1
34	9	L
34	10	L
34	11	U
34	12	U
34	13	-1
34	14	-1
34	15	-1
34	16	-1
34	17	-1
34	18	U
34	19	U
34	20	L
34	21	-1
34	22	U
34	23	-1
34	24	-1
34	25	-1
34	26	L
34	27	-1
34	28	-1
34	29	L
34	30	L
34	31	L
34	32	-1
34	33	-1
34	34	L
34	35	-1
34	36	L
34	37	L
34	38	-1
34	39	L
34	40	L
34	41	-1
34	42	L
34	43	-1
34	44	L
34	45	-1
34	46	-1
34	47	L
34	48	-1
34	49	L
34	50	-1
34	51	L
34	52	L
34	53	-1
34	54	-1
34	55	-1
34	56	L
34	57	-1
34	58	-1
34	59	-1
34	60	L
34	61	-1
34	62	L
34	63	L
34	64	-1
34	65	L
34	66	L
34	67	L
34	68	-1
34	69	-1
34	70	L
34	71	L
34	72	-1
34	73	L
34	74	-1
34	75	-1
34	76	-1
34	77	L
34	78	-1
34	79	L
34	80	-1
34	81	L
34	82	-1
34	83	-1
34	84	L
34	85	L
34	86	L
34	87	-1
34	88	-1
34	89	-1
34	90	-1
34	91	-1
34	92	-1
34	93	-1
34	94	L
34	95	-1
34	96	L
34	97	-1
34	98	-1
34	99	-1
34	100	L
34	101	L
34	102	L
34	103	-1
34	104	-1
34	105	L
34	106	-1
34	107	L
34	108	L
34	109	-1
34	110	-1
34	111	-1
34	112	-1
34	113	L
34	114	L
34	115	-1
34	116	L
34	117	-1
34	118	L
34	119	L
35	0	-1
35	1	L
35	2	L
35	3	-1
35	4	-1
35	5	-1
35	6	L
35	7	L
35	8	-1
35	9	L
35	10	L
35	11	-1
35	12	L
35	13	-1
35	14	-1
35	15	L
35	16	U
35	17	U
35	18	-1
35	19	-1
35	20	-1
35	21	U
35	22	-1
35	23	-1
35	24	-1
35	25	L
35	26	L
35	27	-1
35	28	-1
35	29	-1
35	30	-1
35	31	-1
35	32	L
35	33	-1
35	34	L
35	35	-1
35	36	-1
35	37	-1
35	38	-1
35	39	L
35	40	L
35	41	L
35	42	L
35	43	L
35	44	L
35	45	-1
35	46	L
35	47	-1
35	48	-1
35	49	-1
35	50	L
35	51	-1
35	52	-1
35	53	L
35	54	L
35	55	L
35	56	-1
35	57	L
35	58	-1
35	59	-1
35	60	-1
35	61	-1
35	62	-1
35	63	-1
35	64	L
35	65	L
35	66	L
35	67	-1
35	68	L
35	69	L
35	70	L
35	71	L
35	72	-1
35	73	-1
35	74	-1
35	75	-1
35	76	L
35	77	L
35	78	L
35	79	-1
35	80	L
35	81	-1
35	82	-1
35	83	-1
35	84	L
35	85	L
35	86	-1
35	87	L
35	88	-1
35	89	L
35	90	L
35	91	-1
35	92	-1
35	93	-1
35	94	L
35	95	L
35	96	-1
35	97	-1
35	98	-1
35	99	-1
35	100	L
35	101	-1
35	102	-1
35	103	-1
35	104	L
35	105	-1
35	106	-1
35	107	L
35	108	L
35	109	L
35	110	-1
35	111	-1
35	112	-1
35	113	L
35	114	-1
35	115	-1
35	116	U
35	117	U
35	118	U
35	119	-1
36	0	-1
36	1	L
36	2	L
36	3	L
36	4	-1
36	5	-1
36	6	L
36	7	-1
36	8	-1
36	9	-1
36	10	-1
36	11	L
36	12	L
36	13	L
36	14	L
36	15	L
36	16	-1
36	17	-1
36	18	U
36	19	L
36	20	L
36	21	U
36	22	U
36	23	L
36	24	L
36	25	-1
36	26	-1
36	27	-1
36	28	L
36	29	-1
36	30	L
36	31	L
36	32	L
36	33	L
36	34	L
36	35	L
36	36	L
36	37	L
36	38	L
36	39	-1
36	40	-1
36	41	L
36	42	L
36	43	L
36	44	-1
36	45	-1
36	46	-1
36	47	L
36	48	-1
36	49	L
36	50	L
36	51	-1
36	52	L
36	53	-1
36	54	L
36	55	L
36	56	L
36	57	L
36	58	L
36	59	-1
36	60	-1
36	61	-1
36	62	-1
36	63	L
36	64	L
36	65	L
36	66	-1
36	67	-1
36	68	L
36	69	L
36	70	L
36	71	L
36	72	L
36	73	-1
36	74	-1
36	75	-1
36	76	-1
36	77	L
36	78	-1
36	79	-1
36	80	L
36	81	L
36	82	-1
36	83	L
36	84	-1
36	85	L
36	86	-1
36	87	-1
36	88	-1
36	89	-1
36	90	-1
36	91	-1
36	92	-1
36	93	-1
36	94	L
36	95	L
36	96	-1
36	97	-1
36	98	-1
36	99	L
36	100	L
36	101	-1
36	102	-1
36	103	-1
36	104	-1
36	105	L
36	106	L
36	107	L
36	108	-1
36	109	-1
36	110	-1
36	111	-1
36	112	L
36	113	L
36	114	-1
36	115	-1
36	116	-1
36	117	U
36	118	U
36	119	-1
37	0	-1
37	1	U
37	2	U
37	3	L
37	4	L
37	5	-1
37	6	-1
37	7	L
37	8	L
37	9	-1
37	10	L
37	11	-1
37	12	-1
37	13	-1
37	14	-1
37	15	U
37	16	U
37	17	U
37	18	U
37	19	L
37	20	L
37	21	-1
37	22	U
37	23	L
37	24	L
37	25	-1
37	26	L
37	27	L
37	28	L
37	29	L
37	30	L
37	31	L
37	32	-1
37	33	L
37	34	-1
37	35	-1
37	36	L
37	37	-1
37	38	-1
37	39	-1
37	40	-1
37	41	L
37	42	L
37	43	-1
37	44	L
37	45	L
37	46	-1
37	47	-1
37	48	-1
37	49	L
37	50	-1
37	51	L
37	52	-1
37	53	-1
37	54	-1
37	55	L
37	56	-1
37	57	L
37	58	-1
37	59	-1
37	60	-1
37	61	-1
37	62	-1
37	63	-1
37	64	-1
37	65	-1
37	66	-1
37	67	L
37	68	L
37	69	L
37	70	L
37	71	-1
37	72	L
37	73	-1
37	74	-1
37	75	L
37	76	-1
37	77	L
37	78	-1
37	79	-1
37	80	-1
37	81	U
37	82	U
37	83	-1
37	84	L
37	85	-1
37	86	-1
37	87	L
37	88	L
37	89	L
37	90	-1
37	91	L
37	92	-1
37	93	-1
37	94	-1
37	95	L
37	96	-1
37	97	-1
37	98	L
37	99	-1
37	100	-1
37	101	-1
37	102	L
37	103	-1
37	104	-1
37	105	L
37	106	-1
37	107	-1
37	108	L
37	109	L
37	110	-1
37	111	-1
37	112	L
37	113	L
37	114	L
37	115	L
37	116	U
37	117	U
37	118	-1
37	119	U
38	0	U
38	1	L
38	2	-1
38	3	L
38	4	L
38	5	-1
38	6	L
38	7	L
38	8	L
38	9	-1
38	10	-1
38	11	-1
38	12	-1
38	13	L
38	14	L
38	15	L
38	16	-1
38	17	-1
38	18	U
38	19	U
38	20	U
38	21	L
38	22	U
38	23	-1
38	24	-1
38	25	-1
38	26	L
38	27	-1
38	28	-1
38	29	L
38	30	-1
38	31	-1
38	32	-1
38	33	L
38	34	L
38	35	-1
38	36	-1
38	37	L
38	38	-1
38	39	-1
38	40	-1
38	41	-1
38	42	-1
38	43	-1
38	44	L
38	45	L
38	46	L
38	47	L
38	48	-1
38	49	-1
38	50	-1
38	51	-1
38	52	L
38	53	-1
38	54	L
38	55	-1
38	56	L
38	57	-1
38	58	-1
38	59	L
38	60	L
38	61	L
38	62	-1
38	63	-1
38	64	-1
38	65	-1
38	66	L
38	67	L
38	68	-1
38	69	-1
38	70	L
38	71	-1
38	72	-1
38	73	L
38	74	L
38	75	L
38	76	L
38	77	L
38	78	-1
38	79	-1
38	80	-1
38	81	-1
38	82	-1
38	83	L
38	84	L
38	85	-1
38	86	-1
38	87	-1
38	88	-1
38	89	L
38	90	-1
38	91	-1
38	92	-1
38	93	-1
38	94	L
38	95	-1
38	96	-1
38	97	-1
38	98	L
38	99	-1
38	100	-1
38	101	-1
38	102	L
38	103	L
38	104	L
38	105	L
38	106	-1
38	107	-1
38	108	-1
38	109	-1
38	110	L
38	111	-1
38	112	L
38	113	L
38	114	L
38	115	-1
38	116	-1
38	117	-1
38	118	U
38	119	-1
39	0	L
39	1	-1
39	2	L
39	3	L
39	4	L
39	5	L
39	6	-1
39	7	L
39	8	-1
39	9	-1
39	10	L
39	11	-1
39	12	-1
39	13	-1
39	14	-1
39	15	-1
39	16	-1
39	17	-1
39	18	U
39	19	U
39	20	-1
39	21	L
39	22	L
39	23	-1
39	24	-1
39	25	-1
39	26	L
39	27	-1
39	28	-1
39	29	L
39	30	-1
39	31	-1
39	32	L
39	33	L
39	34	L
39	35	L
39	36	-1
39	37	L
39	38	-1
39	39	-1
39	40	-1
39	41	-1
39	42	-1
39	43	L
39	44	L
39	45	-1
39	46	L
39	47	L
39	48	L
39	49	-1
39	50	L
39	51	L
39	52	L
39	53	-1
39	54	L
39	55	-1
39	56	L
39	57	L
39	58	-1
39	59	-1
39	60	-1
39	61	L
39	62	-1
39	63	L
39	64	-1
39	65	-1
39	66	L
39	67	L
39	68	L
39	69	-1
39	70	-1
39	71	-1
39	72	L
39	73	L
39	74	-1
39	75	-1
39	76	-1
39	77	-1
39	78	L
39	79	U
39	80	-1
39	81	-1
39	82	L
39	83	-1
39	84	L
39	85	-1
39	86	-1
39	87	-1
39	88	-1
39	89	-1
39	90	L
39	91	-1
39	92	-1
39	93	-1
39	94	-1
39	95	L
39	96	-1
39	97	L
39	98	-1
39	99	-1
39	100	-1
39	101	-1
39	102	-1
39	103	L
39	104	-1
39	105	-1
39	106	-1
39	107	L
39	108	-1
39	109	-1
39	110	-1
39	111	-1
39	112	-1
39	113	L
39	114	-1
39	115	L
39	116	-1
39	117	U
39	118	-1
39	119	U
40	0	U
40	1	-1
40	2	-1
40	3	-1
40	4	-1
40	5	L
40	6	L
40	7	-1
40	8	L
40	9	L
40	10	-1
40	11	L
40	12	-1
40	13	-1
40	14	L
40	15	-1
40	16	-1
40	17	U
40	18	U
40	19	-1
40	20	L
40	21	-1
40	22	L
40	23	-1
40	24	-1
40	25	-1
40	26	-1
40	27	-1
40	28	L
40	29	L
40	30	L
40	31	L
40	32	L
40	33	L
40	34	L
40	35	L
40	36	-1
40	37	L
40	38	L
40	39	L
40	40	L
40	41	-1
40	42	-1
40	43	L
40	44	-1
40	45	-1
40	46	-1
40	47	-1
40	48	-1
40	49	L
40	50	-1
40	51	-1
40	52	-1
40	53	L
40	54	-1
40	55	-1
40	56	L
40	57	-1
40	58	-1
40	59	L
40	60	L
40	61	L
40	62	L
40	63	-1
40	64	-1
40	65	-1
40	66	-1
40	67	L
40	68	-1
40	69	-1
40	70	-1
40	71	L
40	72	L
40	73	L
40	74	-1
40	75	-1
40	76	L
40	77	L
40	78	-1
40	79	-1
40	80	-1
40	81	U
40	82	L
40	83	L
40	84	-1
40	85	-1
40	86	U
40	87	-1
40	88	-1
40	89	-1
40	90	-1
40	91	-1
40	92	-1
40	93	L
40	94	-1
40	95	-1
40	96	-1
40	97	U
40	98	U
40	99	-1
40	100	L
40	101	L
40	102	L
40	103	L
40	104	-1
40	105	L
40	106	-1
40	107	-1
40	108	-1
40	109	-1
40	110	-1
40	111	-1
40	112	-1
40	113	L
40	114	-1
40	115	-1
40	116	U
40	117	U
40	118	U
40	119	U
41	0	U
41	1	-1
41	2	-1
41	3	L
41	4	L
41	5	L
41	6	L
41	7	L
41	8	-1
41	9	-1
41	10	L
41	11	-1
41	12	-1
41	13	-1
41	14	L
41	15	L
41	16	-1
41	17	-1
41	18	-1
41	19	-1
41	20	L
41	21	-1
41	22	L
41	23	L
41	24	-1
41	25	-1
41	26	-1
41	27	-1
41	28	-1
41	29	-1
41	30	L
41	31	-1
41	32	L
41	33	L
41	34	L
41	35	L
41	36	L
41	37	L
41	38	-1
41	39	-1
41	40	L
41	41	L
41	42	L
41	43	-1
41	44	-1
41	45	-1
41	46	-1
41	47	-1
41	48	L
41	49	L
41	50	-1
41	51	-1
41	52	L
41	53	L
41	54	-1
41	55	-1
41	56	-1
41	57	-1
41	58	-1
41	59	L
41	60	L
41	61	-1
41	62	-1
41	63	-1
41	64	-1
41	65	-1
41	66	-1
41	67	L
41	68	-1
41	69	U
41	70	U
41	71	U
41	72	L
41	73	L
41	74	-1
41	75	-1
41	76	L
41	77	L
41	78	L
41	79	U
41	80	L
41	81	-1
41	82	-1
41	83	-1
41	84	L
41	85	U
41	86	L
41	87	L
41	88	L
41	89	L
41	90	-1
41	91	L
41	92	L
41	93	-1
41	94	-1
41	95	U
41	96	U
41	97	-1
41	98	U
41	99	-1
41	100	-1
41	101	-1
41	102	-1
41	103	L
41	104	L
41	105	L
41	106	-1
41	107	L
41	108	L
41	109	-1
41	110	-1
41	111	-1
41	112	-1
41	113	-1
41	114	L
41	115	-1
41	116	U
41	117	U
41	118	L
41	119	L
42	0	L
42	1	-1
42	2	-1
42	3	L
42	4	-1
42	5	L
42	6	L
42	7	-1
42	8	-1
42	9	-1
42	10	L
42	11	-1
42	12	-1
42	13	-1
42	14	-1
42	15	L
42	16	L
42	17	-1
42	18	L
42	19	L
42	20	-1
42	21	-1
42	22	-1
42	23	L
42	24	L
42	25	L
42	26	L
42	27	-1
42	28	L
42	29	-1
42	30	L
42	31	-1
42	32	-1
42	33	L
42	34	-1
42	35	L
42	36	L
42	37	-1
42	38	-1
42	39	-1
42	40	-1
42	41	-1
42	42	-1
42	43	-1
42	44	-1
42	45	-1
42	46	-1
42	47	L
42	48	L
42	49	-1
42	50	-1
42	51	-1
42	52	L
42	53	L
42	54	L
42	55	L
42	56	L
42	57	-1
42	58	L
42	59	-1
42	60	L
42	61	-1
42	62	-1
42	63	L
42	64	-1
42	65	-1
42	66	-1
42	67	-1
42	68	L
42	69	L
42	70	U
42	71	L
42	72	L
42	73	-1
42	74	-1
42	75	-1
42	76	-1
42	77	-1
42	78	L
42	79	-1
42	80	L
42	81	L
42	82	-1
42	83	-1
42	84	-1
42	85	L
42	86	L
42	87	-1
42	88	-1
42	89	-1
42	90	-1
42	91	-1
42	92	-1
42	93	L
42	94	-1
42	95	-1
42	96	-1
42	97	L
42	98	-1
42	99	-1
42	100	-1
42	101	-1
42	102	-1
42	103	L
42	104	L
42	105	-1
42	106	-1
42	107	-1
42	108	-1
42	109	-1
42	110	L
42	111	L
42	112	L
42	113	L
42	114	L
42	115	-1
42	116	-1
42	117	-1
42	118	-1
42	119	-1
43	0	L
43	1	L
43	2	L
43	3	-1
43	4	-1
43	5	L
43	6	-1
43	7	L
43	8	-1
43	9	L
43	10	-1
43	11	-1
43	12	L
43	13	L
43	14	-1
43	15	L
43	16	-1
43	17	L
43	18	-1
43	19	L
43	20	-1
43	21	-1
43	22	-1
43	23	-1
43	24	L
43	25	L
43	26	L
43	27	-1
43	28	-1
43	29	L
43	30	-1
43	31	L
43	32	L
43	33	L
43	34	-1
43	35	-1
43	36	L
43	37	L
43	38	L
43	39	-1
43	40	-1
43	41	-1
43	42	-1
43	43	L
43	44	-1
43	45	-1
43	46	-1
43	47	-1
43	48	L
43	49	-1
43	50	-1
43	51	-1
43	52	L
43	53	-1
43	54	-1
43	55	L
43	56	L
43	57	L
43	58	L
43	59	-1
43	60	-1
43	61	-1
43	62	L
43	63	L
43	64	-1
43	65	L
43	66	-1
43	67	-1
43	68	L
43	69	-1
43	70	-1
43	71	-1
43	72	L
43	73	L
43	74	-1
43	75	-1
43	76	L
43	77	-1
43	78	-1
43	79	-1
43	80	-1
43	81	L
43	82	L
43	83	-1
43	84	-1
43	85	L
43	86	-1
43	87	L
43	88	L
43	89	-1
43	90	L
43	91	-1
43	92	-1
43	93	-1
43	94	-1
43	95	L
43	96	L
43	97	-1
43	98	-1
43	99	-1
43	100	U
43	101	-1
43	102	-1
43	103	-1
43	104	L
43	105	L
43	106	-1
43	107	-1
43	108	L
43	109	L
43	110	L
43	111	-1
43	112	-1
43	113	-1
43	114	L
43	115	-1
43	116	-1
43	117	-1
43	118	U
43	119	-1
44	0	-1
44	1	-1
44	2	L
44	3	-1
44	4	-1
44	5	-1
44	6	-1
44	7	L
44	8	-1
44	9	-1
44	10	-1
44	11	L
44	12	L
44	13	-1
44	14	-1
44	15	L
44	16	-1
44	17	-1
44	18	-1
44	19	-1
44	20	-1
44	21	-1
44	22	-1
44	23	-1
44	24	-1
44	25	-1
44	26	L
44	27	-1
44	28	-1
44	29	L
44	30	-1
44	31	-1
44	32	L
44	33	-1
44	34	-1
44	35	-1
44	36	-1
44	37	L
44	38	L
44	39	-1
44	40	-1
44	41	-1
44	42	-1
44	43	-1
44	44	-1
44	45	-1
44	46	-1
44	47	-1
44	48	-1
44	49	-1
44	50	-1
44	51	L
44	52	-1
44	53	-1
44	54	-1
44	55	-1
44	56	L
44	57	-1
44	58	-1
44	59	L
44	60	-1
44	61	-1
44	62	L
44	63	L
44	64	L
44	65	-1
44	66	-1
44	67	-1
44	68	-1
44	69	-1
44	70	L
44	71	-1
44	72	L
44	73	-1
44	74	-1
44	75	-1
44	76	-1
44	77	-1
44	78	-1
44	79	-1
44	80	L
44	81	-1
44	82	L
44	83	-1
44	84	-1
44	85	L
44	86	-1
44	87	L
44	88	L
44	89	L
44	90	-1
44	91	-1
44	92	-1
44	93	-1
44	94	-1
44	95	-1
44	96	L
44	97	-1
44	98	L
44	99	L
44	100	L
44	101	L
44	102	L
44	103	-1
44	104	-1
44	105	L
44	106	L
44	107	L
44	108	L
44	109	L
44	110	-1
44	111	-1
44	112	-1
44	113	-1
44	114	-1
44	115	-1
44	116	-1
44	117	-1
44	118	-1
44	119	L
45	0	L
45	1	-1
45	2	L
45	3	L
45	4	L
45	5	-1
45	6	L
45	7	-1
45	8	L
45	9	-1
45	10	-1
45	11	-1
45	12	L
45	13	-1
45	14	L
45	15	L
45	16	-1
45	17	-1
45	18	L
45	19	L
45	20	-1
45	21	-1
45	22	-1
45	23	-1
45	24	-1
45	25	L
45	26	L
45	27	L
45	28	-1
45	29	L
45	30	L
45	31	-1
45	32	-1
45	33	L
45	34	-1
45	35	L
45	36	-1
45	37	-1
45	38	-1
45	39	-1
45	40	L
45	41	-1
45	42	L
45	43	-1
45	44	-1
45	45	-1
45	46	L
45	47	-1
45	48	-1
45	49	-1
45	50	-1
45	51	-1
45	52	-1
45	53	L
45	54	-1
45	55	L
45	56	-1
45	57	-1
45	58	-1
45	59	-1
45	60	-1
45	61	-1
45	62	-1
45	63	L
45	64	-1
45	65	-1
45	66	-1
45	67	-1
45	68	-1
45	69	-1
45	70	-1
45	71	L
45	72	L
45	73	-1
45	74	-1
45	75	-1
45	76	-1
45	77	-1
45	78	L
45	79	-1
45	80	L
45	81	-1
45	82	-1
45	83	L
45	84	-1
45	85	-1
45	86	L
45	87	L
45	88	-1
45	89	-1
45	90	L
45	91	-1
45	92	L
45	93	L
45	94	L
45	95	L
45	96	-1
45	97	-1
45	98	L
45	99	-1
45	100	-1
45	101	-1
45	102	-1
45	103	-1
45	104	-1
45	105	L
45	106	-1
45	107	-1
45	108	-1
45	109	L
45	110	-1
45	111	-1
45	112	-1
45	113	-1
45	114	-1
45	115	-1
45	116	-1
45	117	-1
45	118	-1
45	119	L
46	0	L
46	1	-1
46	2	-1
46	3	L
46	4	L
46	5	L
46	6	L
46	7	-1
46	8	L
46	9	-1
46	10	-1
46	11	L
46	12	L
46	13	-1
46	14	-1
46	15	-1
46	16	L
46	17	-1
46	18	L
46	19	-1
46	20	-1
46	21	-1
46	22	-1
46	23	-1
46	24	L
46	25	L
46	26	L
46	27	-1
46	28	L
46	29	-1
46	30	L
46	31	L
46	32	-1
46	33	-1
46	34	L
46	35	L
46	36	L
46	37	L
46	38	-1
46	39	-1
46	40	L
46	41	L
46	42	L
46	43	-1
46	44	-1
46	45	-1
46	46	-1
46	47	-1
46	48	L
46	49	L
46	50	-1
46	51	-1
46	52	L
46	53	L
46	54	L
46	55	-1
46	56	L
46	57	-1
46	58	-1
46	59	L
46	60	-1
46	61	L
46	62	-1
46	63	-1
46	64	-1
46	65	-1
46	66	L
46	67	-1
46	68	-1
46	69	-1
46	70	L
46	71	-1
46	72	-1
46	73	L
46	74	-1
46	75	-1
46	76	-1
46	77	L
46	78	-1
46	79	-1
46	80	L
46	81	L
46	82	-1
46	83	-1
46	84	-1
46	85	L
46	86	L
46	87	-1
46	88	L
46	89	-1
46	90	-1
46	91	L
46	92	-1
46	93	-1
46	94	-1
46	95	-1
46	96	-1
46	97	L
46	98	-1
46	99	L
46	100	-1
46	101	-1
46	102	-1
46	103	-1
46	104	L
46	105	L
46	106	L
46	107	-1
46	108	L
46	109	-1
46	110	-1
46	111	-1
46	112	-1
46	113	-1
46	114	-1
46	115	-1
46	116	-1
46	117	-1
46	118	L
46	119	-1
47	0	L
47	1	-1
47	2	-1
47	3	-1
47	4	-1
47	5	L
47	6	L
47	7	L
47	8	L
47	9	L
47	10	-1
47	11	-1
47	12	-1
47	13	-1
47	14	-1
47	15	-1
47	16	-1
47	17	L
47	18	-1
47	19	-1
47	20	-1
47	21	L
47	22	L
47	23	L
47	24	L
47	25	L
47	26	-1
47	27	-1
47	28	L
47	29	L
47	30	L
47	31	L
47	32	L
47	33	-1
47	34	L
47	35	-1
47	36	-1
47	37	L
47	38	L
47	39	-1
47	40	L
47	41	-1
47	42	L
47	43	-1
47	44	L
47	45	-1
47	46	-1
47	47	-1
47	48	L
47	49	L
47	50	L
47	51	-1
47	52	-1
47	53	-1
47	54	-1
47	55	L
47	56	-1
47	57	-1
47	58	-1
47	59	-1
47	60	L
47	61	L
47	62	-1
47	63	-1
47	64	-1
47	65	-1
47	66	L
47	67	-1
47	68	L
47	69	-1
47	70	-1
47	71	L
47	72	L
47	73	L
47	74	L
47	75	-1
47	76	-1
47	77	L
47	78	-1
47	79	-1
47	80	L
47	81	L
47	82	L
47	83	-1
47	84	-1
47	85	-1
47	86	-1
47	87	-1
47	88	-1
47	89	-1
47	90	L
47	91	L
47	92	-1
47	93	L
47	94	L
47	95	L
47	96	-1
47	97	-1
47	98	L
47	99	-1
47	100	-1
47	101	-1
47	102	-1
47	103	L
47	104	L
47	105	L
47	106	L
47	107	-1
47	108	-1
47	109	-1
47	110	-1
47	111	-1
47	112	-1
47	113	-1
47	114	-1
47	115	-1
47	116	-1
47	117	-1
47	118	L
47	119	-1
48	0	L
48	1	-1
48	2	-1
48	3	L
48	4	-1
48	5	-1
48	6	L
48	7	-1
48	8	L
48	9	L
48	10	-1
48	11	L
48	12	-1
48	13	L
48	14	-1
48	15	-1
48	16	-1
48	17	-1
48	18	L
48	19	-1
48	20	L
48	21	L
48	22	L
48	23	L
48	24	L
48	25	-1
48	26	L
48	27	-1
48	28	L
48	29	-1
48	30	-1
48	31	-1
48	32	-1
48	33	L
48	34	L
48	35	-1
48	36	-1
48	37	L
48	38	-1
48	39	-1
48	40	-1
48	41	-1
48	42	-1
48	43	-1
48	44	-1
48	45	-1
48	46	L
48	47	-1
48	48	-1
48	49	-1
48	50	L
48	51	-1
48	52	L
48	53	-1
48	54	L
48	55	-1
48	56	-1
48	57	-1
48	58	L
48	59	L
48	60	-1
48	61	-1
48	62	L
48	63	L
48	64	L
48	65	L
48	66	-1
48	67	L
48	68	L
48	69	L
48	70	-1
48	71	-1
48	72	-1
48	73	-1
48	74	-1
48	75	-1
48	76	-1
48	77	L
48	78	L
48	79	L
48	80	L
48	81	L
48	82	-1
48	83	-1
48	84	-1
48	85	-1
48	86	L
48	87	L
48	88	L
48	89	-1
48	90	-1
48	91	L
48	92	L
48	93	-1
48	94	-1
48	95	-1
48	96	-1
48	97	L
48	98	L
48	99	L
48	100	-1
48	101	-1
48	102	L
48	103	-1
48	104	-1
48	105	L
48	106	L
48	107	L
48	108	-1
48	109	-1
48	110	-1
48	111	-1
48	112	-1
48	113	-1
48	114	-1
48	115	-1
48	116	L
48	117	-1
48	118	-1
48	119	L
49	0	-1
49	1	L
49	2	L
49	3	L
49	4	-1
49	5	L
49	6	L
49	7	L
49	8	-1
49	9	L
49	10	-1
49	11	-1
49	12	-1
49	13	-1
49	14	-1
49	15	-1
49	16	L
49	17	L
49	18	L
49	19	L
49	20	L
49	21	L
49	22	-1
49	23	-1
49	24	-1
49	25	L
49	26	-1
49	27	-1
49	28	L
49	29	-1
49	30	L
49	31	-1
49	32	-1
49	33	L
49	34	-1
49	35	L
49	36	-1
49	37	L
49	38	-1
49	39	-1
49	40	L
49	41	-1
49	42	L
49	43	-1
49	44	-1
49	45	-1
49	46	-1
49	47	-1
49	48	L
49	49	L
49	50	L
49	51	-1
49	52	-1
49	53	L
49	54	-1
49	55	-1
49	56	-1
49	57	L
49	58	-1
49	59	L
49	60	-1
49	61	-1
49	62	-1
49	63	-1
49	64	-1
49	65	L
49	66	-1
49	67	L
49	68	-1
49	69	-1
49	70	-1
49	71	L
49	72	L
49	73	-1
49	74	-1
49	75	-1
49	76	L
49	77	-1
49	78	L
49	79	-1
49	80	L
49	81	L
49	82	L
49	83	-1
49	84	-1
49	85	L
49	86	-1
49	87	-1
49	88	-1
49	89	L
49	90	L
49	91	L
49	92	L
49	93	-1
49	94	-1
49	95	-1
49	96	L
49	97	-1
49	98	L
49	99	-1
49	100	-1
49	101	L
49	102	L
49	103	L
49	104	L
49	105	-1
49	106	L
49	107	L
49	108	-1
49	109	-1
49	110	L
49	111	-1
49	112	-1
49	113	-1
49	114	L
49	115	L
49	116	L
49	117	-1
49	118	-1
49	119	L
50	0	L
50	1	-1
50	2	L
50	3	-1
50	4	L
50	5	-1
50	6	L
50	7	L
50	8	-1
50	9	-1
50	10	-1
50	11	L
50	12	-1
50	13	-1
50	14	-1
50	15	L
50	16	-1
50	17	-1
50	18	L
50	19	L
50	20	-1
50	21	L
50	22	-1
50	23	L
50	24	-1
50	25	L
50	26	-1
50	27	-1
50	28	-1
50	29	L
50	30	-1
50	31	L
50	32	-1
50	33	-1
50	34	-1
50	35	-1
50	36	-1
50	37	L
50	38	-1
50	39	L
50	40	L
50	41	-1
50	42	L
50	43	-1
50	44	L
50	45	-1
50	46	-1
50	47	-1
50	48	-1
50	49	-1
50	50	L
50	51	-1
50	52	-1
50	53	-1
50	54	L
50	55	L
50	56	L
50	57	L
50	58	-1
50	59	L
50	60	L
50	61	L
50	62	L
50	63	-1
50	64	-1
50	65	L
50	66	L
50	67	L
50	68	L
50	69	-1
50	70	-1
50	71	L
50	72	-1
50	73	-1
50	74	L
50	75	-1
50	76	L
50	77	-1
50	78	L
50	79	L
50	80	-1
50	81	L
50	82	L
50	83	-1
50	84	L
50	85	L
50	86	-1
50	87	-1
50	88	-1
50	89	-1
50	90	-1
50	91	-1
50	92	L
50	93	L
50	94	L
50	95	-1
50	96	-1
50	97	-1
50	98	L
50	99	-1
50	100	-1
50	101	-1
50	102	L
50	103	-1
50	104	-1
50	105	-1
50	106	-1
50	107	-1
50	108	-1
50	109	-1
50	110	-1
50	111	-1
50	112	L
50	113	L
50	114	-1
50	115	L
50	116	L
50	117	-1
50	118	-1
50	119	-1
51	0	L
51	1	L
51	2	-1
51	3	L
51	4	L
51	5	-1
51	6	-1
51	7	L
51	8	L
51	9	U
51	10	-1
51	11	L
51	12	-1
51	13	-1
51	14	-1
51	15	-1
51	16	-1
51	17	L
51	18	-1
51	19	L
51	20	L
51	21	L
51	22	-1
51	23	-1
51	24	L
51	25	L
51	26	-1
51	27	L
51	28	L
51	29	L
51	30	-1
51	31	-1
51	32	-1
51	33	-1
51	34	L
51	35	-1
51	36	L
51	37	-1
51	38	L
51	39	L
51	40	-1
51	41	-1
51	42	-1
51	43	-1
51	44	-1
51	45	L
51	46	-1
51	47	-1
51	48	-1
51	49	L
51	50	L
51	51	L
51	52	L
51	53	-1
51	54	-1
51	55	L
51	56	-1
51	57	L
51	58	L
51	59	L
51	60	-1
51	61	-1
51	62	L
51	63	L
51	64	L
51	65	L
51	66	-1
51	67	-1
51	68	L
51	69	L
51	70	L
51	71	-1
51	72	-1
51	73	-1
51	74	L
51	75	L
51	76	-1
51	77	-1
51	78	-1
51	79	-1
51	80	-1
51	81	-1
51	82	-1
51	83	L
51	84	L
51	85	-1
51	86	-1
51	87	-1
51	88	-1
51	89	L
51	90	-1
51	91	L
51	92	L
51	93	L
51	94	L
51	95	L
51	96	-1
51	97	-1
51	98	-1
51	99	-1
51	100	-1
51	101	L
51	102	L
51	103	-1
51	104	L
51	105	-1
51	106	L
51	107	-1
51	108	-1
51	109	-1
51	110	L
51	111	L
51	112	L
51	113	L
51	114	L
51	115	-1
51	116	L
51	117	L
51	118	-1
51	119	-1
52	0	-1
52	1	-1
52	2	-1
52	3	L
52	4	L
52	5	-1
52	6	L
52	7	L
52	8	L
52	9	L
52	10	-1
52	11	-1
52	12	-1
52	13	-1
52	14	-1
52	15	-1
52	16	L
52	17	L
52	18	L
52	19	L
52	20	L
52	21	-1
52	22	-1
52	23	-1
52	24	-1
52	25	L
52	26	L
52	27	L
52	28	L
52	29	L
52	30	-1
52	31	-1
52	32	-1
52	33	L
52	34	L
52	35	L
52	36	L
52	37	L
52	38	-1
52	39	L
52	40	-1
52	41	-1
52	42	-1
52	43	-1
52	44	-1
52	45	-1
52	46	L
52	47	-1
52	48	L
52	49	-1
52	50	L
52	51	L
52	52	L
52	53	-1
52	54	L
52	55	-1
52	56	-1
52	57	L
52	58	-1
52	59	L
52	60	L
52	61	-1
52	62	-1
52	63	-1
52	64	-1
52	65	-1
52	66	-1
52	67	-1
52	68	L
52	69	-1
52	70	L
52	71	L
52	72	-1
52	73	-1
52	74	-1
52	75	L
52	76	-1
52	77	-1
52	78	-1
52	79	L
52	80	-1
52	81	-1
52	82	L
52	83	-1
52	84	-1
52	85	-1
52	86	-1
52	87	-1
52	88	-1
52	89	-1
52	90	-1
52	91	-1
52	92	L
52	93	L
52	94	U
52	95	U
52	96	-1
52	97	-1
52	98	L
52	99	-1
52	100	L
52	101	-1
52	102	L
52	103	L
52	104	L
52	105	-1
52	106	-1
52	107	-1
52	108	-1
52	109	-1
52	110	-1
52	111	-1
52	112	-1
52	113	-1
52	114	-1
52	115	-1
52	116	L
52	117	L
52	118	L
52	119	-1
53	0	-1
53	1	-1
53	2	-1
53	3	-1
53	4	L
53	5	L
53	6	-1
53	7	-1
53	8	-1
53	9	-1
53	10	L
53	11	-1
53	12	-1
53	13	L
53	14	-1
53	15	-1
53	16	-1
53	17	L
53	18	L
53	19	-1
53	20	L
53	21	-1
53	22	-1
53	23	-1
53	24	-1
53	25	L
53	26	L
53	27	L
53	28	-1
53	29	L
53	30	L
53	31	-1
53	32	L
53	33	L
53	34	-1
53	35	L
53	36	L
53	37	-1
53	38	-1
53	39	L
53	40	-1
53	41	-1
53	42	-1
53	43	-1
53	44	-1
53	45	L
53	46	L
53	47	-1
53	48	-1
53	49	L
53	50	L
53	51	-1
53	52	L
53	53	L
53	54	-1
53	55	L
53	56	-1
53	57	-1
53	58	-1
53	59	L
53	60	L
53	61	-1
53	62	-1
53	63	L
53	64	-1
53	65	L
53	66	L
53	67	-1
53	68	-1
53	69	-1
53	70	L
53	71	-1
53	72	L
53	73	-1
53	74	-1
53	75	-1
53	76	-1
53	77	L
53	78	-1
53	79	-1
53	80	-1
53	81	-1
53	82	-1
53	83	-1
53	84	-1
53	85	L
53	86	-1
53	87	-1
53	88	-1
53	89	-1
53	90	-1
53	91	-1
53	92	-1
53	93	-1
53	94	U
53	95	U
53	96	-1
53	97	U
53	98	L
53	99	L
53	100	-1
53	101	-1
53	102	-1
53	103	-1
53	104	L
53	105	L
53	106	L
53	107	L
53	108	-1
53	109	-1
53	110	-1
53	111	L
53	112	L
53	113	-1
53	114	-1
53	115	L
53	116	L
53	117	-1
53	118	-1
53	119	L
54	0	L
54	1	L
54	2	L
54	3	-1
54	4	L
54	5	L
54	6	-1
54	7	-1
54	8	-1
54	9	-1
54	10	-1
54	11	L
54	12	L
54	13	L
54	14	L
54	15	-1
54	16	-1
54	17	U
54	18	-1
54	19	-1
54	20	-1
54	21	L
54	22	L
54	23	-1
54	24	L
54	25	-1
54	26	-1
54	27	L
54	28	-1
54	29	-1
54	30	L
54	31	-1
54	32	-1
54	33	L
54	34	-1
54	35	-1
54	36	-1
54	37	-1
54	38	L
54	39	-1
54	40	U
54	41	-1
54	42	L
54	43	L
54	44	-1
54	45	-1
54	46	L
54	47	L
54	48	-1
54	49	-1
54	50	-1
54	51	L
54	52	L
54	53	L
54	54	-1
54	55	L
54	56	-1
54	57	-1
54	58	-1
54	59	-1
54	60	-1
54	61	L
54	62	L
54	63	-1
54	64	L
54	65	L
54	66	-1
54	67	-1
54	68	-1
54	69	-1
54	70	-1
54	71	-1
54	72	L
54	73	-1
54	74	L
54	75	-1
54	76	L
54	77	-1
54	78	-1
54	79	-1
54	80	-1
54	81	L
54	82	-1
54	83	-1
54	84	-1
54	85	-1
54	86	L
54	87	L
54	88	-1
54	89	-1
54	90	-1
54	91	L
54	92	U
54	93	-1
54	94	-1
54	95	-1
54	96	-1
54	97	-1
54	98	L
54	99	L
54	100	L
54	101	-1
54	102	-1
54	103	-1
54	104	L
54	105	L
54	106	-1
54	107	-1
54	108	L
54	109	-1
54	110	L
54	111	L
54	112	L
54	113	-1
54	114	-1
54	115	-1
54	116	-1
54	117	-1
54	118	-1
54	119	-1
55	0	L
55	1	L
55	2	L
55	3	L
55	4	-1
55	5	L
55	6	L
55	7	L
55	8	L
55	9	-1
55	10	-1
55	11	-1
55	12	L
55	13	-1
55	14	L
55	15	-1
55	16	-1
55	17	-1
55	18	-1
55	19	U
55	20	-1
55	21	-1
55	22	L
55	23	-1
55	24	-1
55	25	L
55	26	L
55	27	-1
55	28	L
55	29	-1
55	30	L
55	31	L
55	32	-1
55	33	L
55	34	L
55	35	L
55	36	L
55	37	-1
55	38	-1
55	39	U
55	40	U
55	41	U
55	42	L
55	43	L
55	44	-1
55	45	-1
55	46	L
55	47	-1
55	48	L
55	49	L
55	50	-1
55	51	-1
55	52	L
55	53	L
55	54	L
55	55	L
55	56	-1
55	57	-1
55	58	-1
55	59	L
55	60	-1
55	61	L
55	62	L
55	63	L
55	64	L
55	65	-1
55	66	-1
55	67	L
55	68	-1
55	69	-1
55	70	-1
55	71	-1
55	72	-1
55	73	-1
55	74	-1
55	75	L
55	76	L
55	77	L
55	78	L
55	79	-1
55	80	L
55	81	-1
55	82	U
55	83	-1
55	84	-1
55	85	-1
55	86	-1
55	87	L
55	88	L
55	89	-1
55	90	L
55	91	L
55	92	L
55	93	-1
55	94	-1
55	95	-1
55	96	-1
55	97	-1
55	98	L
55	99	L
55	100	L
55	101	L
55	102	-1
55	103	-1
55	104	L
55	105	L
55	106	L
55	107	L
55	108	-1
55	109	L
55	110	-1
55	111	-1
55	112	L
55	113	L
55	114	-1
55	115	L
55	116	L
55	117	L
55	118	L
55	119	L
56	0	-1
56	1	-1
56	2	L
56	3	-1
56	4	-1
56	5	L
56	6	-1
56	7	L
56	8	-1
56	9	-1
56	10	L
56	11	L
56	12	L
56	13	-1
56	14	L
56	15	U
56	16	-1
56	17	U
56	18	U
56	19	U
56	20	L
56	21	L
56	22	-1
56	23	-1
56	24	L
56	25	L
56	26	-1
56	27	-1
56	28	L
56	29	-1
56	30	-1
56	31	-1
56	32	-1
56	33	-1
56	34	L
56	35	-1
56	36	L
56	37	-1
56	38	-1
56	39	-1
56	40	U
56	41	-1
56	42	L
56	43	L
56	44	-1
56	45	-1
56	46	L
56	47	L
56	48	L
56	49	-1
56	50	-1
56	51	L
56	52	-1
56	53	-1
56	54	L
56	55	-1
56	56	-1
56	57	-1
56	58	-1
56	59	-1
56	60	L
56	61	-1
56	62	L
56	63	L
56	64	-1
56	65	-1
56	66	L
56	67	-1
56	68	-1
56	69	-1
56	70	-1
56	71	-1
56	72	-1
56	73	-1
56	74	L
56	75	L
56	76	L
56	77	L
56	78	-1
56	79	-1
56	80	L
56	81	-1
56	82	-1
56	83	-1
56	84	-1
56	85	-1
56	86	-1
56	87	L
56	88	-1
56	89	-1
56	90	L
56	91	L
56	92	-1
56	93	L
56	94	L
56	95	-1
56	96	-1
56	97	-1
56	98	L
56	99	L
56	100	-1
56	101	L
56	102	L
56	103	L
56	104	-1
56	105	L
56	106	L
56	107	L
56	108	-1
56	109	-1
56	110	L
56	111	L
56	112	L
56	113	-1
56	114	-1
56	115	L
56	116	-1
56	117	L
56	118	-1
56	119	L
57	0	-1
57	1	L
57	2	-1
57	3	-1
57	4	-1
57	5	L
57	6	-1
57	7	L
57	8	L
57	9	-1
57	10	-1
57	11	-1
57	12	L
57	13	L
57	14	-1
57	15	-1
57	16	U
57	17	L
57	18	L
57	19	L
57	20	-1
57	21	-1
57	22	-1
57	23	-1
57	24	-1
57	25	L
57	26	L
57	27	-1
57	28	-1
57	29	-1
57	30	-1
57	31	L
57	32	-1
57	33	-1
57	34	L
57	35	L
57	36	-1
57	37	-1
57	38	-1
57	39	-1
57	40	-1
57	41	L
57	42	-1
57	43	-1
57	44	-1
57	45	-1
57	46	-1
57	47	L
57	48	-1
57	49	-1
57	50	-1
57	51	L
57	52	L
57	53	L
57	54	-1
57	55	L
57	56	-1
57	57	L
57	58	-1
57	59	-1
57	60	L
57	61	-1
57	62	L
57	63	-1
57	64	-1
57	65	-1
57	66	-1
57	67	-1
57	68	-1
57	69	L
57	70	-1
57	71	L
57	72	-1
57	73	L
57	74	L
57	75	-1
57	76	L
57	77	L
57	78	-1
57	79	-1
57	80	-1
57	81	-1
57	82	L
57	83	-1
57	84	-1
57	85	L
57	86	-1
57	87	-1
57	88	U
57	89	L
57	90	-1
57	91	-1
57	92	-1
57	93	-1
57	94	L
57	95	-1
57	96	-1
57	97	-1
57	98	-1
57	99	L
57	100	L
57	101	L
57	102	L
57	103	L
57	104	-1
57	105	L
57	106	L
57	107	L
57	108	-1
57	109	-1
57	110	-1
57	111	L
57	112	-1
57	113	-1
57	114	-1
57	115	L
57	116	L
57	117	-1
57	118	L
57	119	-1
58	0	-1
58	1	L
58	2	L
58	3	-1
58	4	-1
58	5	L
58	6	L
58	7	L
58	8	L
58	9	-1
58	10	-1
58	11	L
58	12	L
58	13	L
58	14	-1
58	15	-1
58	16	U
58	17	L
58	18	L
58	19	L
58	20	-1
58	21	-1
58	22	L
58	23	-1
58	24	-1
58	25	L
58	26	-1
58	27	-1
58	28	-1
58	29	-1
58	30	-1
58	31	-1
58	32	-1
58	33	-1
58	34	L
58	35	L
58	36	-1
58	37	-1
58	38	-1
58	39	-1
58	40	-1
58	41	L
58	42	L
58	43	L
58	44	L
58	45	L
58	46	-1
58	47	L
58	48	L
58	49	-1
58	50	-1
58	51	-1
58	52	-1
58	53	-1
58	54	L
58	55	-1
58	56	-1
58	57	L
58	58	L
58	59	L
58	60	-1
58	61	L
58	62	L
58	63	L
58	64	L
58	65	-1
58	66	-1
58	67	-1
58	68	L
58	69	L
58	70	L
58	71	L
58	72	-1
58	73	L
58	74	L
58	75	L
58	76	-1
58	77	L
58	78	-1
58	79	-1
58	80	L
58	81	-1
58	82	-1
58	83	L
58	84	L
58	85	L
58	86	U
58	87	U
58	88	-1
58	89	L
58	90	-1
58	91	L
58	92	-1
58	93	-1
58	94	-1
58	95	L
58	96	-1
58	97	-1
58	98	-1
58	99	-1
58	100	-1
58	101	-1
58	102	-1
58	103	-1
58	104	-1
58	105	-1
58	106	-1
58	107	L
58	108	-1
58	109	L
58	110	L
58	111	-1
58	112	-1
58	113	L
58	114	-1
58	115	-1
58	116	L
58	117	-1
58	118	L
58	119	L
59	0	L
59	1	-1
59	2	-1
59	3	-1
59	4	-1
59	5	L
59	6	L
59	7	-1
59	8	U
59	9	L
59	10	L
59	11	L
59	12	-1
59	13	-1
59	14	-1
59	15	-1
59	16	-1
59	17	-1
59	18	-1
59	19	L
59	20	-1
59	21	-1
59	22	L
59	23	L
59	24	-1
59	25	-1
59	26	L
59	27	-1
59	28	-1
59	29	-1
59	30	-1
59	31	L
59	32	L
59	33	-1
59	34	L
59	35	L
59	36	-1
59	37	L
59	38	-1
59	39	-1
59	40	-1
59	41	-1
59	42	L
59	43	L
59	44	L
59	45	L
59	46	L
59	47	-1
59	48	-1
59	49	-1
59	50	-1
59	51	L
59	52	-1
59	53	-1
59	54	-1
59	55	-1
59	56	L
59	57	L
59	58	L
59	59	L
59	60	-1
59	61	-1
59	62	-1
59	63	L
59	64	L
59	65	L
59	66	-1
59	67	L
59	68	-1
59	69	L
59	70	L
59	71	-1
59	72	L
59	73	-1
59	74	L
59	75	-1
59	76	-1
59	77	-1
59	78	L
59	79	-1
59	80	L
59	81	-1
59	82	-1
59	83	-1
59	84	-1
59	85	L
59	86	-1
59	87	-1
59	88	-1
59	89	-1
59	90	L
59	91	-1
59	92	L
59	93	L
59	94	-1
59	95	-1
59	96	L
59	97	-1
59	98	-1
59	99	-1
59	100	-1
59	101	L
59	102	-1
59	103	L
59	104	-1
59	105	L
59	106	L
59	107	L
59	108	-1
59	109	-1
59	110	L
59	111	-1
59	112	L
59	113	L
59	114	-1
59	115	-1
59	116	L
59	117	L
59	118	-1
59	119	L
60	0	-1
60	1	L
60	2	L
60	3	-1
60	4	-1
60	5	-1
60	6	L
60	7	-1
60	8	-1
60	9	-1
60	10	-1
60	11	L
60	12	L
60	13	-1
60	14	-1
60	15	-1
60	16	L
60	17	-1
60	18	L
60	19	-1
60	20	-1
60	21	L
60	22	L
60	23	L
60	24	L
60	25	-1
60	26	L
60	27	-1
60	28	L
60	29	-1
60	30	-1
60	31	L
60	32	L
60	33	-1
60	34	L
60	35	-1
60	36	L
60	37	-1
60	38	-1
60	39	L
60	40	-1
60	41	-1
60	42	-1
60	43	-1
60	44	-1
60	45	-1
60	46	L
60	47	L
60	48	-1
60	49	L
60	50	-1
60	51	-1
60	52	L
60	53	-1
60	54	-1
60	55	-1
60	56	-1
60	57	-1
60	58	L
60	59	-1
60	60	-1
60	61	-1
60	62	L
60	63	L
60	64	-1
60	65	L
60	66	L
60	67	L
60	68	L
60	69	-1
60	70	-1
60	71	-1
60	72	-1
60	73	-1
60	74	-1
60	75	-1
60	76	-1
60	77	L
60	78	L
60	79	L
60	80	-1
60	81	-1
60	82	-1
60	83	-1
60	84	-1
60	85	L
60	86	L
60	87	U
60	88	U
60	89	U
60	90	-1
60	91	-1
60	92	L
60	93	-1
60	94	-1
60	95	L
60	96	L
60	97	L
60	98	L
60	99	L
60	100	-1
60	101	L
60	102	L
60	103	-1
60	104	-1
60	105	L
60	106	-1
60	107	L
60	108	-1
60	109	-1
60	110	-1
60	111	-1
60	112	L
60	113	-1
60	114	L
60	115	-1
60	116	L
60	117	-1
60	118	L
60	119	-1
61	0	-1
61	1	L
61	2	-1
61	3	-1
61	4	-1
61	5	L
61	6	-1
61	7	L
61	8	L
61	9	L
61	10	-1
61	11	L
61	12	L
61	13	-1
61	14	L
61	15	-1
61	16	-1
61	17	-1
61	18	-1
61	19	-1
61	20	-1
61	21	-1
61	22	-1
61	23	L
61	24	L
61	25	-1
61	26	-1
61	27	-1
61	28	-1
61	29	-1
61	30	-1
61	31	L
61	32	-1
61	33	L
61	34	L
61	35	-1
61	36	-1
61	37	-1
61	38	-1
61	39	L
61	40	L
61	41	L
61	42	-1
61	43	-1
61	44	-1
61	45	-1
61	46	-1
61	47	L
61	48	-1
61	49	L
61	50	-1
61	51	L
61	52	L
61	53	-1
61	54	L
61	55	L
61	56	-1
61	57	-1
61	58	-1
61	59	L
61	60	L
61	61	-1
61	62	-1
61	63	-1
61	64	L
61	65	L
61	66	L
61	67	L
61	68	L
61	69	-1
61	70	-1
61	71	-1
61	72	L
61	73	L
61	74	L
61	75	-1
61	76	-1
61	77	-1
61	78	-1
61	79	L
61	80	-1
61	81	-1
61	82	-1
61	83	-1
61	84	-1
61	85	-1
61	86	L
61	87	U
61	88	U
61	89	L
61	90	L
61	91	L
61	92	L
61	93	-1
61	94	-1
61	95	L
61	96	L
61	97	-1
61	98	-1
61	99	-1
61	100	-1
61	101	-1
61	102	-1
61	103	-1
61	104	-1
61	105	-1
61	106	-1
61	107	L
61	108	L
61	109	L
61	110	L
61	111	-1
61	112	-1
61	113	-1
61	114	L
61	115	-1
61	116	-1
61	117	-1
61	118	L
61	119	-1
62	0	-1
62	1	L
62	2	-1
62	3	-1
62	4	-1
62	5	-1
62	6	L
62	7	L
62	8	-1
62	9	-1
62	10	-1
62	11	-1
62	12	-1
62	13	L
62	14	L
62	15	L
62	16	-1
62	17	L
62	18	L
62	19	-1
62	20	-1
62	21	-1
62	22	-1
62	23	L
62	24	L
62	25	-1
62	26	-1
62	27	-1
62	28	-1
62	29	L
62	30	-1
62	31	L
62	32	L
62	33	-1
62	34	-1
62	35	-1
62	36	-1
62	37	-1
62	38	-1
62	39	-1
62	40	L
62	41	L
62	42	L
62	43	-1
62	44	-1
62	45	-1
62	46	-1
62	47	-1
62	48	L
62	49	L
62	50	L
62	51	L
62	52	L
62	53	-1
62	54	L
62	55	-1
62	56	-1
62	57	-1
62	58	-1
62	59	L
62	60	-1
62	61	L
62	62	L
62	63	L
62	64	L
62	65	L
62	66	L
62	67	-1
62	68	-1
62	69	L
62	70	-1
62	71	-1
62	72	-1
62	73	-1
62	74	-1
62	75	L
62	76	L
62	77	-1
62	78	L
62	79	-1
62	80	L
62	81	L
62	82	-1
62	83	L
62	84	-1
62	85	-1
62	86	U
62	87	-1
62	88	-1
62	89	-1
62	90	U
62	91	-1
62	92	-1
62	93	-1
62	94	-1
62	95	-1
62	96	-1
62	97	-1
62	98	-1
62	99	-1
62	100	-1
62	101	L
62	102	-1
62	103	L
62	104	-1
62	105	L
62	106	L
62	107	L
62	108	L
62	109	-1
62	110	L
62	111	-1
62	112	L
62	113	-1
62	114	-1
62	115	L
62	116	-1
62	117	L
62	118	-1
62	119	-1
63	0	L
63	1	-1
63	2	L
63	3	-1
63	4	-1
63	5	-1
63	6	-1
63	7	L
63	8	-1
63	9	-1
63	10	-1
63	11	L
63	12	-1
63	13	L
63	14	L
63	15	-1
63	16	-1
63	17	L
63	18	L
63	19	-1
63	20	-1
63	21	-1
63	22	L
63	23	-1
63	24	L
63	25	L
63	26	-1
63	27	-1
63	28	-1
63	29	L
63	30	L
63	31	L
63	32	-1
63	33	-1
63	34	L
63	35	L
63	36	-1
63	37	-1
63	38	L
63	39	L
63	40	L
63	41	L
63	42	L
63	43	L
63	44	L
63	45	-1
63	46	-1
63	47	-1
63	48	L
63	49	L
63	50	L
63	51	-1
63	52	L
63	53	L
63	54	-1
63	55	-1
63	56	-1
63	57	-1
63	58	L
63	59	L
63	60	-1
63	61	-1
63	62	-1
63	63	-1
63	64	L
63	65	-1
63	66	-1
63	67	L
63	68	L
63	69	-1
63	70	L
63	71	L
63	72	U
63	73	L
63	74	L
63	75	-1
63	76	-1
63	77	-1
63	78	-1
63	79	-1
63	80	L
63	81	-1
63	82	L
63	83	-1
63	84	U
63	85	U
63	86	L
63	87	-1
63	88	U
63	89	-1
63	90	-1
63	91	-1
63	92	-1
63	93	L
63	94	L
63	95	-1
63	96	-1
63	97	-1
63	98	-1
63	99	-1
63	100	-1
63	101	L
63	102	-1
63	103	-1
63	104	-1
63	105	-1
63	106	L
63	107	-1
63	108	L
63	109	-1
63	110	-1
63	111	-1
63	112	-1
63	113	L
63	114	-1
63	115	L
63	116	L
63	117	-1
63	118	L
63	119	-1
64	0	-1
64	1	-1
64	2	L
64	3	L
64	4	L
64	5	-1
64	6	-1
64	7	-1
64	8	L
64	9	L
64	10	L
64	11	L
64	12	L
64	13	L
64	14	L
64	15	L
64	16	-1
64	17	L
64	18	-1
64	19	L
64	20	-1
64	21	L
64	22	-1
64	23	-1
64	24	-1
64	25	-1
64	26	-1
64	27	L
64	28	-1
64	29	-1
64	30	L
64	31	-1
64	32	-1
64	33	-1
64	34	-1
64	35	L
64	36	-1
64	37	-1
64	38	L
64	39	L
64	40	L
64	41	-1
64	42	-1
64	43	L
64	44	-1
64	45	-1
64	46	L
64	47	L
64	48	-1
64	49	L
64	50	L
64	51	L
64	52	L
64	53	-1
64	54	L
64	55	-1
64	56	-1
64	57	L
64	58	-1
64	59	-1
64	60	-1
64	61	-1
64	62	L
64	63	L
64	64	L
64	65	L
64	66	-1
64	67	L
64	68	-1
64	69	-1
64	70	U
64	71	-1
64	72	L
64	73	L
64	74	-1
64	75	-1
64	76	L
64	77	-1
64	78	L
64	79	L
64	80	-1
64	81	L
64	82	-1
64	83	-1
64	84	-1
64	85	U
64	86	-1
64	87	-1
64	88	L
64	89	-1
64	90	L
64	91	L
64	92	L
64	93	L
64	94	-1
64	95	L
64	96	-1
64	97	-1
64	98	U
64	99	-1
64	100	-1
64	101	-1
64	102	-1
64	103	-1
64	104	L
64	105	L
64	106	-1
64	107	L
64	108	-1
64	109	-1
64	110	L
64	111	-1
64	112	L
64	113	-1
64	114	-1
64	115	L
64	116	L
64	117	L
64	118	L
64	119	-1
65	0	L
65	1	L
65	2	L
65	3	-1
65	4	-1
65	5	-1
65	6	L
65	7	L
65	8	L
65	9	-1
65	10	-1
65	11	L
65	12	L
65	13	L
65	14	-1
65	15	L
65	16	-1
65	17	L
65	18	L
65	19	-1
65	20	-1
65	21	-1
65	22	L
65	23	L
65	24	L
65	25	L
65	26	-1
65	27	-1
65	28	-1
65	29	-1
65	30	-1
65	31	-1
65	32	L
65	33	-1
65	34	-1
65	35	-1
65	36	-1
65	37	-1
65	38	L
65	39	-1
65	40	-1
65	41	-1
65	42	L
65	43	-1
65	44	-1
65	45	-1
65	46	L
65	47	L
65	48	L
65	49	L
65	50	L
65	51	-1
65	52	L
65	53	L
65	54	L
65	55	L
65	56	-1
65	57	-1
65	58	L
65	59	-1
65	60	-1
65	61	-1
65	62	L
65	63	-1
65	64	L
65	65	-1
65	66	L
65	67	L
65	68	L
65	69	U
65	70	-1
65	71	-1
65	72	L
65	73	-1
65	74	-1
65	75	-1
65	76	-1
65	77	L
65	78	L
65	79	-1
65	80	L
65	81	L
65	82	L
65	83	-1
65	84	-1
65	85	L
65	86	L
65	87	-1
65	88	U
65	89	-1
65	90	-1
65	91	-1
65	92	L
65	93	L
65	94	-1
65	95	-1
65	96	-1
65	97	-1
65	98	U
65	99	L
65	100	L
65	101	-1
65	102	-1
65	103	L
65	104	-1
65	105	L
65	106	L
65	107	L
65	108	-1
65	109	L
65	110	L
65	111	-1
65	112	-1
65	113	-1
65	114	L
65	115	-1
65	116	-1
65	117	L
65	118	L
65	119	L
66	0	L
66	1	-1
66	2	L
66	3	-1
66	4	L
66	5	-1
66	6	-1
66	7	L
66	8	L
66	9	-1
66	10	L
66	11	-1
66	12	-1
66	13	L
66	14	L
66	15	-1
66	16	-1
66	17	-1
66	18	-1
66	19	-1
66	20	-1
66	21	-1
66	22	L
66	23	L
66	24	-1
66	25	-1
66	26	-1
66	27	L
66	28	-1
66	29	L
66	30	L
66	31	L
66	32	L
66	33	L
66	34	L
66	35	-1
66	36	-1
66	37	-1
66	38	-1
66	39	-1
66	40	-1
66	41	-1
66	42	L
66	43	-1
66	44	L
66	45	-1
66	46	-1
66	47	-1
66	48	-1
66	49	-1
66	50	-1
66	51	-1
66	52	L
66	53	L
66	54	-1
66	55	-1
66	56	-1
66	57	-1
66	58	-1
66	59	L
66	60	L
66	61	-1
66	62	-1
66	63	L
66	64	-1
66	65	-1
66	66	L
66	67	U
66	68	U
66	69	U
66	70	U
66	71	-1
66	72	L
66	73	-1
66	74	L
66	75	-1
66	76	U
66	77	-1
66	78	L
66	79	L
66	80	L
66	81	-1
66	82	L
66	83	L
66	84	L
66	85	L
66	86	L
66	87	L
66	88	-1
66	89	-1
66	90	U
66	91	-1
66	92	-1
66	93	-1
66	94	L
66	95	-1
66	96	-1
66	97	-1
66	98	-1
66	99	L
66	100	-1
66	101	-1
66	102	L
66	103	L
66	104	L
66	105	L
66	106	L
66	107	-1
66	108	-1
66	109	L
66	110	-1
66	111	L
66	112	-1
66	113	-1
66	114	-1
66	115	L
66	116	L
66	117	-1
66	118	-1
66	119	-1
67	0	L
67	1	-1
67	2	L
67	3	L
67	4	-1
67	5	L
67	6	L
67	7	L
67	8	L
67	9	L
67	10	L
67	11	L
67	12	L
67	13	-1
67	14	L
67	15	L
67	16	-1
67	17	-1
67	18	-1
67	19	-1
67	20	-1
67	21	L
67	22	L
67	23	L
67	24	L
67	25	-1
67	26	-1
67	27	-1
67	28	L
67	29	L
67	30	-1
67	31	U
67	32	L
67	33	L
67	34	-1
67	35	-1
67	36	-1
67	37	L
67	38	-1
67	39	-1
67	40	-1
67	41	-1
67	42	-1
67	43	-1
67	44	L
67	45	U
67	46	-1
67	47	U
67	48	-1
67	49	L
67	50	-1
67	51	-1
67	52	-1
67	53	-1
67	54	-1
67	55	L
67	56	-1
67	57	-1
67	58	-1
67	59	-1
67	60	-1
67	61	L
67	62	-1
67	63	-1
67	64	L
67	65	-1
67	66	L
67	67	L
67	68	L
67	69	U
67	70	U
67	71	-1
67	72	-1
67	73	L
67	74	-1
67	75	U
67	76	-1
67	77	L
67	78	L
67	79	L
67	80	L
67	81	-1
67	82	-1
67	83	L
67	84	L
67	85	-1
67	86	L
67	87	-1
67	88	-1
67	89	-1
67	90	U
67	91	U
67	92	-1
67	93	-1
67	94	-1
67	95	-1
67	96	U
67	97	U
67	98	-1
67	99	-1
67	100	L
67	101	-1
67	102	-1
67	103	-1
67	104	L
67	105	L
67	106	L
67	107	L
67	108	L
67	109	-1
67	110	-1
67	111	L
67	112	L
67	113	L
67	114	L
67	115	L
67	116	-1
67	117	-1
67	118	-1
67	119	L
68	0	-1
68	1	-1
68	2	L
68	3	L
68	4	-1
68	5	L
68	6	L
68	7	L
68	8	L
68	9	L
68	10	-1
68	11	L
68	12	L
68	13	-1
68	14	-1
68	15	-1
68	16	-1
68	17	-1
68	18	L
68	19	L
68	20	L
68	21	L
68	22	L
68	23	L
68	24	L
68	25	L
68	26	-1
68	27	-1
68	28	-1
68	29	U
68	30	-1
68	31	-1
68	32	-1
68	33	-1
68	34	-1
68	35	-1
68	36	-1
68	37	L
68	38	-1
68	39	L
68	40	-1
68	41	L
68	42	-1
68	43	L
68	44	-1
68	45	U
68	46	-1
68	47	-1
68	48	-1
68	49	-1
68	50	L
68	51	L
68	52	-1
68	53	L
68	54	U
68	55	-1
68	56	-1
68	57	U
68	58	-1
68	59	-1
68	60	L
68	61	L
68	62	-1
68	63	L
68	64	-1
68	65	-1
68	66	-1
68	67	-1
68	68	U
68	69	U
68	70	-1
68	71	-1
68	72	-1
68	73	-1
68	74	L
68	75	-1
68	76	-1
68	77	-1
68	78	-1
68	79	L
68	80	L
68	81	-1
68	82	L
68	83	-1
68	84	L
68	85	L
68	86	-1
68	87	-1
68	88	U
68	89	U
68	90	U
68	91	-1
68	92	U
68	93	-1
68	94	-1
68	95	-1
68	96	U
68	97	-1
68	98	-1
68	99	-1
68	100	-1
68	101	-1
68	102	-1
68	103	-1
68	104	L
68	105	L
68	106	L
68	107	L
68	108	-1
68	109	L
68	110	L
68	111	L
68	112	L
68	113	-1
68	114	-1
68	115	-1
68	116	-1
68	117	-1
68	118	-1
68	119	-1
69	0	L
69	1	-1
69	2	L
69	3	L
69	4	L
69	5	L
69	6	L
69	7	-1
69	8	-1
69	9	U
69	10	L
69	11	L
69	12	-1
69	13	L
69	14	-1
69	15	-1
69	16	-1
69	17	-1
69	18	L
69	19	L
69	20	-1
69	21	L
69	22	-1
69	23	-1
69	24	L
69	25	-1
69	26	-1
69	27	L
69	28	U
69	29	-1
69	30	U
69	31	-1
69	32	-1
69	33	-1
69	34	-1
69	35	-1
69	36	-1
69	37	-1
69	38	L
69	39	-1
69	40	L
69	41	-1
69	42	-1
69	43	L
69	44	U
69	45	L
69	46	-1
69	47	U
69	48	-1
69	49	L
69	50	-1
69	51	-1
69	52	-1
69	53	-1
69	54	U
69	55	-1
69	56	-1
69	57	-1
69	58	-1
69	59	L
69	60	-1
69	61	L
69	62	L
69	63	-1
69	64	-1
69	65	-1
69	66	-1
69	67	L
69	68	L
69	69	-1
69	70	L
69	71	L
69	72	-1
69	73	-1
69	74	L
69	75	-1
69	76	L
69	77	-1
69	78	L
69	79	L
69	80	L
69	81	-1
69	82	L
69	83	-1
69	84	L
69	85	L
69	86	L
69	87	-1
69	88	-1
69	89	-1
69	90	U
69	91	U
69	92	-1
69	93	U
69	94	-1
69	95	-1
69	96	-1
69	97	U
69	98	-1
69	99	L
69	100	-1
69	101	-1
69	102	L
69	103	-1
69	104	-1
69	105	-1
69	106	-1
69	107	L
69	108	-1
69	109	-1
69	110	-1
69	111	-1
69	112	-1
69	113	-1
69	114	-1
69	115	-1
69	116	L
69	117	-1
69	118	-1
69	119	L
70	0	-1
70	1	-1
70	2	-1
70	3	L
70	4	-1
70	5	L
70	6	L
70	7	L
70	8	L
70	9	-1
70	10	U
70	11	-1
70	12	L
70	13	L
70	14	L
70	15	L
70	16	-1
70	17	-1
70	18	-1
70	19	-1
70	20	-1
70	21	L
70	22	-1
70	23	-1
70	24	-1
70	25	-1
70	26	U
70	27	L
70	28	-1
70	29	U
70	30	-1
70	31	U
70	32	-1
70	33	-1
70	34	-1
70	35	L
70	36	-1
70	37	-1
70	38	-1
70	39	L
70	40	-1
70	41	-1
70	42	L
70	43	U
70	44	L
70	45	U
70	46	U
70	47	-1
70	48	-1
70	49	-1
70	50	L
70	51	-1
70	52	-1
70	53	L
70	54	-1
70	55	-1
70	56	-1
70	57	-1
70	58	-1
70	59	L
70	60	-1
70	61	L
70	62	-1
70	63	L
70	64	L
70	65	L
70	66	L
70	67	L
70	68	-1
70	69	-1
70	70	L
70	71	L
70	72	L
70	73	-1
70	74	L
70	75	L
70	76	-1
70	77	L
70	78	-1
70	79	-1
70	80	-1
70	81	L
70	82	L
70	83	L
70	84	L
70	85	-1
70	86	L
70	87	L
70	88	L
70	89	U
70	90	-1
70	91	-1
70	92	-1
70	93	-1
70	94	U
70	95	-1
70	96	L
70	97	L
70	98	L
70	99	L
70	100	L
70	101	L
70	102	L
70	103	-1
70	104	-1
70	105	-1
70	106	L
70	107	L
70	108	L
70	109	-1
70	110	-1
70	111	-1
70	112	-1
70	113	L
70	114	-1
70	115	L
70	116	L
70	117	-1
70	118	-1
70	119	L
71	0	-1
71	1	-1
71	2	-1
71	3	U
71	4	-1
71	5	-1
71	6	L
71	7	L
71	8	L
71	9	U
71	10	-1
71	11	L
71	12	L
71	13	-1
71	14	-1
71	15	-1
71	16	-1
71	17	L
71	18	-1
71	19	-1
71	20	L
71	21	L
71	22	-1
71	23	-1
71	24	L
71	25	L
71	26	L
71	27	L
71	28	U
71	29	U
71	30	-1
71	31	-1
71	32	U
71	33	L
71	34	-1
71	35	-1
71	36	-1
71	37	-1
71	38	L
71	39	-1
71	40	L
71	41	-1
71	42	L
71	43	U
71	44	L
71	45	L
71	46	-1
71	47	U
71	48	-1
71	49	-1
71	50	-1
71	51	-1
71	52	-1
71	53	-1
71	54	L
71	55	L
71	56	-1
71	57	-1
71	58	-1
71	59	-1
71	60	-1
71	61	L
71	62	-1
71	63	-1
71	64	-1
71	65	-1
71	66	L
71	67	-1
71	68	L
71	69	L
71	70	L
71	71	-1
71	72	L
71	73	L
71	74	L
71	75	-1
71	76	-1
71	77	-1
71	78	-1
71	79	-1
71	80	-1
71	81	-1
71	82	L
71	83	L
71	84	-1
71	85	L
71	86	L
71	87	-1
71	88	-1
71	89	U
71	90	-1
71	91	-1
71	92	-1
71	93	U
71	94	-1
71	95	-1
71	96	-1
71	97	L
71	98	L
71	99	-1
71	100	-1
71	101	-1
71	102	-1
71	103	-1
71	104	-1
71	105	L
71	106	-1
71	107	-1
71	108	-1
71	109	L
71	110	-1
71	111	-1
71	112	L
71	113	-1
71	114	U
71	115	U
71	116	-1
71	117	L
71	118	L
71	119	-1
72	0	-1
72	1	-1
72	2	-1
72	3	-1
72	4	-1
72	5	-1
72	6	-1
72	7	L
72	8	L
72	9	U
72	10	-1
72	11	-1
72	12	-1
72	13	-1
72	14	-1
72	15	-1
72	16	-1
72	17	L
72	18	L
72	19	L
72	20	L
72	21	L
72	22	L
72	23	-1
72	24	L
72	25	U
72	26	-1
72	27	-1
72	28	-1
72	29	U
72	30	-1
72	31	-1
72	32	U
72	33	-1
72	34	L
72	35	-1
72	36	-1
72	37	-1
72	38	L
72	39	-1
72	40	-1
72	41	-1
72	42	-1
72	43	U
72	44	-1
72	45	L
72	46	U
72	47	U
72	48	-1
72	49	U
72	50	-1
72	51	L
72	52	-1
72	53	-1
72	54	L
72	55	-1
72	56	-1
72	57	-1
72	58	-1
72	59	L
72	60	L
72	61	-1
72	62	-1
72	63	-1
72	64	-1
72	65	-1
72	66	L
72	67	-1
72	68	-1
72	69	L
72	70	L
72	71	-1
72	72	-1
72	73	-1
72	74	L
72	75	L
72	76	L
72	77	-1
72	78	L
72	79	-1
72	80	-1
72	81	-1
72	82	-1
72	83	-1
72	84	L
72	85	L
72	86	L
72	87	-1
72	88	-1
72	89	-1
72	90	-1
72	91	-1
72	92	L
72	93	-1
72	94	L
72	95	-1
72	96	L
72	97	L
72	98	L
72	99	-1
72	100	-1
72	101	L
72	102	L
72	103	-1
72	104	L
72	105	L
72	106	-1
72	107	L
72	108	L
72	109	L
72	110	L
72	111	-1
72	112	L
72	113	U
72	114	-1
72	115	-1
72	116	-1
72	117	-1
72	118	-1
72	119	-1
73	0	-1
73	1	U
73	2	-1
73	3	U
73	4	-1
73	5	U
73	6	-1
73	7	-1
73	8	L
73	9	L
73	10	U
73	11	-1
73	12	-1
73	13	-1
73	14	L
73	15	-1
73	16	-1
73	17	L
73	18	-1
73	19	-1
73	20	L
73	21	-1
73	22	-1
73	23	-1
73	24	U
73	25	L
73	26	-1
73	27	-1
73	28	-1
73	29	-1
73	30	-1
73	31	U
73	32	U
73	33	L
73	34	-1
73	35	-1
73	36	L
73	37	-1
73	38	-1
73	39	-1
73	40	-1
73	41	-1
73	42	-1
73	43	-1
73	44	L
73	45	-1
73	46	-1
73	47	-1
73	48	-1
73	49	-1
73	50	U
73	51	-1
73	52	L
73	53	-1
73	54	-1
73	55	-1
73	56	-1
73	57	L
73	58	L
73	59	-1
73	60	-1
73	61	-1
73	62	L
73	63	-1
73	64	-1
73	65	L
73	66	-1
73	67	-1
73	68	-1
73	69	-1
73	70	L
73	71	-1
73	72	-1
73	73	-1
73	74	L
73	75	L
73	76	-1
73	77	-1
73	78	-1
73	79	-1
73	80	L
73	81	-1
73	82	-1
73	83	-1
73	84	-1
73	85	L
73	86	U
73	87	U
73	88	-1
73	89	-1
73	90	-1
73	91	-1
73	92	L
73	93	-1
73	94	-1
73	95	-1
73	96	-1
73	97	L
73	98	L
73	99	-1
73	100	-1
73	101	-1
73	102	-1
73	103	-1
73	104	L
73	105	L
73	106	-1
73	107	L
73	108	-1
73	109	L
73	110	L
73	111	L
73	112	U
73	113	L
73	114	-1
73	115	-1
73	116	-1
73	117	-1
73	118	-1
73	119	-1
74	0	-1
74	1	-1
74	2	U
74	3	-1
74	4	U
74	5	U
74	6	U
74	7	L
74	8	L
74	9	L
74	10	-1
74	11	L
74	12	-1
74	13	-1
74	14	L
74	15	L
74	16	-1
74	17	L
74	18	-1
74	19	-1
74	20	-1
74	21	-1
74	22	L
74	23	L
74	24	U
74	25	U
74	26	-1
74	27	L
74	28	-1
74	29	-1
74	30	U
74	31	U
74	32	L
74	33	U
74	34	-1
74	35	-1
74	36	L
74	37	-1
74	38	-1
74	39	-1
74	40	-1
74	41	L
74	42	-1
74	43	-1
74	44	-1
74	45	L
74	46	-1
74	47	-1
74	48	L
74	49	-1
74	50	-1
74	51	L
74	52	-1
74	53	L
74	54	-1
74	55	-1
74	56	-1
74	57	L
74	58	L
74	59	-1
74	60	L
74	61	-1
74	62	-1
74	63	L
74	64	L
74	65	-1
74	66	L
74	67	-1
74	68	-1
74	69	-1
74	70	L
74	71	-1
74	72	L
74	73	-1
74	74	-1
74	75	-1
74	76	-1
74	77	-1
74	78	-1
74	79	-1
74	80	-1
74	81	L
74	82	-1
74	83	-1
74	84	L
74	85	L
74	86	-1
74	87	-1
74	88	U
74	89	-1
74	90	U
74	91	-1
74	92	-1
74	93	L
74	94	-1
74	95	-1
74	96	-1
74	97	L
74	98	L
74	99	L
74	100	L
74	101	-1
74	102	-1
74	103	L
74	104	-1
74	105	-1
74	106	-1
74	107	-1
74	108	L
74	109	-1
74	110	-1
74	111	-1
74	112	-1
74	113	-1
74	114	-1
74	115	-1
74	116	-1
74	117	-1
74	118	L
74	119	L
75	0	-1
75	1	-1
75	2	-1
75	3	L
75	4	L
75	5	-1
75	6	U
75	7	L
75	8	-1
75	9	L
75	10	-1
75	11	-1
75	12	-1
75	13	L
75	14	-1
75	15	-1
75	16	-1
75	17	-1
75	18	-1
75	19	-1
75	20	-1
75	21	-1
75	22	U
75	23	L
75	24	-1
75	25	L
75	26	L
75	27	-1
75	28	L
75	29	-1
75	30	-1
75	31	-1
75	32	-1
75	33	-1
75	34	-1
75	35	L
75	36	-1
75	37	L
75	38	-1
75	39	-1
75	40	L
75	41	L
75	42	L
75	43	L
75	44	-1
75	45	L
75	46	-1
75	47	-1
75	48	L
75	49	-1
75	50	U
75	51	-1
75	52	-1
75	53	-1
75	54	-1
75	55	L
75	56	-1
75	57	L
75	58	L
75	59	L
75	60	-1
75	61	L
75	62	L
75	63	-1
75	64	-1
75	65	L
75	66	-1
75	67	-1
75	68	L
75	69	L
75	70	-1
75	71	L
75	72	-1
75	73	-1
75	74	-1
75	75	-1
75	76	L
75	77	L
75	78	L
75	79	-1
75	80	L
75	81	L
75	82	L
75	83	-1
75	84	-1
75	85	-1
75	86	-1
75	87	-1
75	88	-1
75	89	-1
75	90	-1
75	91	-1
75	92	L
75	93	L
75	94	-1
75	95	L
75	96	L
75	97	L
75	98	L
75	99	L
75	100	-1
75	101	-1
75	102	L
75	103	-1
75	104	-1
75	105	-1
75	106	L
75	107	L
75	108	L
75	109	L
75	110	-1
75	111	-1
75	112	-1
75	113	L
75	114	L
75	115	-1
75	116	-1
75	117	-1
75	118	L
75	119	L
76	0	-1
76	1	-1
76	2	L
76	3	-1
76	4	L
76	5	U
76	6	U
76	7	U
76	8	-1
76	9	-1
76	10	L
76	11	-1
76	12	-1
76	13	-1
76	14	-1
76	15	U
76	16	-1
76	17	-1
76	18	U
76	19	-1
76	20	-1
76	21	L
76	22	-1
76	23	-1
76	24	L
76	25	L
76	26	L
76	27	-1
76	28	L
76	29	L
76	30	-1
76	31	L
76	32	-1
76	33	-1
76	34	L
76	35	-1
76	36	L
76	37	-1
76	38	-1
76	39	L
76	40	L
76	41	-1
76	42	L
76	43	L
76	44	-1
76	45	L
76	46	-1
76	47	-1
76	48	-1
76	49	L
76	50	-1
76	51	L
76	52	L
76	53	-1
76	54	L
76	55	L
76	56	L
76	57	L
76	58	L
76	59	-1
76	60	-1
76	61	L
76	62	-1
76	63	L
76	64	L
76	65	L
76	66	L
76	67	L
76	68	-1
76	69	L
76	70	-1
76	71	L
76	72	L
76	73	L
76	74	-1
76	75	-1
76	76	-1
76	77	L
76	78	-1
76	79	-1
76	80	-1
76	81	-1
76	82	L
76	83	-1
76	84	-1
76	85	-1
76	86	-1
76	87	L
76	88	-1
76	89	L
76	90	L
76	91	-1
76	92	-1
76	93	L
76	94	L
76	95	L
76	96	-1
76	97	-1
76	98	L
76	99	L
76	100	L
76	101	L
76	102	-1
76	103	L
76	104	-1
76	105	-1
76	106	-1
76	107	-1
76	108	L
76	109	L
76	110	L
76	111	-1
76	112	-1
76	113	-1
76	114	-1
76	115	-1
76	116	-1
76	117	-1
76	118	L
76	119	-1
77	0	-1
77	1	-1
77	2	L
77	3	L
77	4	-1
77	5	U
77	6	-1
77	7	-1
77	8	-1
77	9	-1
77	10	-1
77	11	-1
77	12	-1
77	13	U
77	14	U
77	15	U
77	16	U
77	17	U
77	18	-1
77	19	-1
77	20	-1
77	21	U
77	22	L
77	23	-1
77	24	-1
77	25	-1
77	26	-1
77	27	-1
77	28	L
77	29	-1
77	30	-1
77	31	-1
77	32	-1
77	33	-1
77	34	-1
77	35	-1
77	36	-1
77	37	-1
77	38	L
77	39	-1
77	40	L
77	41	-1
77	42	L
77	43	-1
77	44	-1
77	45	-1
77	46	-1
77	47	-1
77	48	L
77	49	-1
77	50	L
77	51	-1
77	52	L
77	53	-1
77	54	-1
77	55	L
77	56	L
77	57	-1
77	58	L
77	59	-1
77	60	-1
77	61	-1
77	62	L
77	63	L
77	64	L
77	65	-1
77	66	L
77	67	L
77	68	-1
77	69	L
77	70	L
77	71	L
77	72	L
77	73	-1
77	74	L
77	75	L
77	76	L
77	77	-1
77	78	-1
77	79	-1
77	80	-1
77	81	L
77	82	-1
77	83	-1
77	84	L
77	85	-1
77	86	L
77	87	-1
77	88	L
77	89	L
77	90	L
77	91	L
77	92	L
77	93	L
77	94	L
77	95	L
77	96	-1
77	97	L
77	98	-1
77	99	L
77	100	-1
77	101	-1
77	102	-1
77	103	-1
77	104	-1
77	105	-1
77	106	L
77	107	-1
77	108	L
77	109	L
77	110	L
77	111	L
77	112	-1
77	113	-1
77	114	U
77	115	-1
77	116	-1
77	117	-1
77	118	-1
77	119	L
78	0	U
78	1	U
78	2	L
78	3	L
78	4	U
78	5	U
78	6	-1
78	7	L
78	8	-1
78	9	-1
78	10	-1
78	11	-1
78	12	-1
78	13	-1
78	14	U
78	15	-1
78	16	-1
78	17	U
78	18	-1
78	19	-1
78	20	U
78	21	U
78	22	-1
78	23	-1
78	24	-1
78	25	-1
78	26	-1
78	27	-1
78	28	-1
78	29	-1
78	30	L
78	31	-1
78	32	L
78	33	L
78	34	-1
78	35	-1
78	36	L
78	37	-1
78	38	L
78	39	L
78	40	-1
78	41	-1
78	42	-1
78	43	-1
78	44	-1
78	45	-1
78	46	L
78	47	L
78	48	-1
78	49	L
78	50	-1
78	51	L
78	52	L
78	53	L
78	54	L
78	55	-1
78	56	-1
78	57	L
78	58	L
78	59	L
78	60	-1
78	61	-1
78	62	L
78	63	L
78	64	L
78	65	L
78	66	-1
78	67	-1
78	68	L
78	69	L
78	70	-1
78	71	L
78	72	L
78	73	-1
78	74	-1
78	75	L
78	76	L
78	77	L
78	78	L
78	79	L
78	80	-1
78	81	-1
78	82	-1
78	83	L
78	84	L
78	85	L
78	86	L
78	87	-1
78	88	L
78	89	L
78	90	-1
78	91	L
78	92	L
78	93	-1
78	94	-1
78	95	L
78	96	L
78	97	L
78	98	-1
78	99	-1
78	100	-1
78	101	-1
78	102	-1
78	103	L
78	104	L
78	105	L
78	106	L
78	107	L
78	108	L
78	109	L
78	110	L
78	111	-1
78	112	-1
78	113	L
78	114	-1
78	115	U
78	116	-1
78	117	-1
78	118	-1
78	119	L
79	0	-1
79	1	L
79	2	-1
79	3	L
79	4	-1
79	5	-1
79	6	-1
79	7	-1
79	8	-1
79	9	U
79	10	-1
79	11	-1
79	12	U
79	13	-1
79	14	-1
79	15	-1
79	16	-1
79	17	-1
79	18	-1
79	19	-1
79	20	U
79	21	U
79	22	-1
79	23	-1
79	24	-1
79	25	-1
79	26	-1
79	27	-1
79	28	-1
79	29	L
79	30	L
79	31	-1
79	32	-1
79	33	L
79	34	-1
79	35	-1
79	36	-1
79	37	-1
79	38	L
79	39	-1
79	40	-1
79	41	-1
79	42	-1
79	43	-1
79	44	-1
79	45	L
79	46	-1
79	47	L
79	48	L
79	49	-1
79	50	L
79	51	L
79	52	-1
79	53	L
79	54	L
79	55	-1
79	56	-1
79	57	-1
79	58	-1
79	59	L
79	60	-1
79	61	-1
79	62	L
79	63	L
79	64	L
79	65	L
79	66	L
79	67	-1
79	68	-1
79	69	L
79	70	-1
79	71	L
79	72	-1
79	73	-1
79	74	-1
79	75	L
79	76	-1
79	77	-1
79	78	-1
79	79	L
79	80	-1
79	81	L
79	82	-1
79	83	-1
79	84	-1
79	85	-1
79	86	L
79	87	-1
79	88	L
79	89	-1
79	90	-1
79	91	L
79	92	L
79	93	L
79	94	L
79	95	L
79	96	L
79	97	-1
79	98	-1
79	99	-1
79	100	-1
79	101	L
79	102	L
79	103	-1
79	104	L
79	105	-1
79	106	L
79	107	-1
79	108	L
79	109	L
79	110	L
79	111	-1
79	112	-1
79	113	L
79	114	U
79	115	U
79	116	-1
79	117	-1
79	118	L
79	119	-1
80	0	L
80	1	-1
80	2	-1
80	3	-1
80	4	L
80	5	L
80	6	-1
80	7	-1
80	8	U
80	9	L
80	10	-1
80	11	-1
80	12	-1
80	13	-1
80	14	U
80	15	L
80	16	-1
80	17	U
80	18	-1
80	19	U
80	20	-1
80	21	-1
80	22	-1
80	23	L
80	24	L
80	25	-1
80	26	-1
80	27	L
80	28	-1
80	29	L
80	30	-1
80	31	L
80	32	-1
80	33	L
80	34	L
80	35	L
80	36	-1
80	37	-1
80	38	-1
80	39	-1
80	40	-1
80	41	-1
80	42	-1
80	43	-1
80	44	-1
80	45	-1
80	46	-1
80	47	-1
80	48	-1
80	49	-1
80	50	L
80	51	-1
80	52	-1
80	53	-1
80	54	L
80	55	-1
80	56	-1
80	57	-1
80	58	-1
80	59	L
80	60	-1
80	61	L
80	62	L
80	63	-1
80	64	L
80	65	-1
80	66	L
80	67	-1
80	68	L
80	69	-1
80	70	-1
80	71	L
80	72	-1
80	73	-1
80	74	-1
80	75	L
80	76	L
80	77	L
80	78	-1
80	79	L
80	80	-1
80	81	-1
80	82	L
80	83	-1
80	84	-1
80	85	L
80	86	L
80	87	L
80	88	L
80	89	L
80	90	L
80	91	L
80	92	L
80	93	L
80	94	-1
80	95	-1
80	96	-1
80	97	-1
80	98	-1
80	99	L
80	100	L
80	101	L
80	102	-1
80	103	U
80	104	-1
80	105	-1
80	106	-1
80	107	L
80	108	-1
80	109	-1
80	110	-1
80	111	-1
80	112	L
80	113	U
80	114	-1
80	115	-1
80	116	-1
80	117	-1
80	118	L
80	119	L
81	0	L
81	1	-1
81	2	-1
81	3	-1
81	4	-1
81	5	L
81	6	-1
81	7	-1
81	8	-1
81	9	-1
81	10	-1
81	11	U
81	12	U
81	13	U
81	14	-1
81	15	L
81	16	L
81	17	-1
81	18	U
81	19	L
81	20	-1
81	21	L
81	22	-1
81	23	L
81	24	-1
81	25	-1
81	26	-1
81	27	L
81	28	-1
81	29	L
81	30	L
81	31	L
81	32	-1
81	33	-1
81	34	L
81	35	-1
81	36	L
81	37	-1
81	38	L
81	39	L
81	40	-1
81	41	-1
81	42	-1
81	43	-1
81	44	-1
81	45	-1
81	46	-1
81	47	L
81	48	-1
81	49	-1
81	50	-1
81	51	-1
81	52	-1
81	53	-1
81	54	L
81	55	-1
81	56	-1
81	57	L
81	58	L
81	59	-1
81	60	L
81	61	L
81	62	L
81	63	-1
81	64	L
81	65	-1
81	66	-1
81	67	L
81	68	-1
81	69	-1
81	70	L
81	71	L
81	72	-1
81	73	-1
81	74	-1
81	75	L
81	76	L
81	77	-1
81	78	-1
81	79	-1
81	80	L
81	81	-1
81	82	L
81	83	-1
81	84	-1
81	85	-1
81	86	-1
81	87	L
81	88	-1
81	89	L
81	90	L
81	91	L
81	92	L
81	93	-1
81	94	L
81	95	-1
81	96	L
81	97	-1
81	98	L
81	99	-1
81	100	L
81	101	L
81	102	L
81	103	-1
81	104	-1
81	105	-1
81	106	-1
81	107	-1
81	108	-1
81	109	L
81	110	L
81	111	-1
81	112	U
81	113	U
81	114	-1
81	115	-1
81	116	-1
81	117	-1
81	118	-1
81	119	L
82	0	L
82	1	L
82	2	-1
82	3	-1
82	4	-1
82	5	-1
82	6	-1
82	7	-1
82	8	L
82	9	-1
82	10	-1
82	11	U
82	12	U
82	13	U
82	14	-1
82	15	-1
82	16	L
82	17	U
82	18	U
82	19	U
82	20	-1
82	21	L
82	22	L
82	23	L
82	24	L
82	25	L
82	26	L
82	27	-1
82	28	L
82	29	-1
82	30	L
82	31	-1
82	32	-1
82	33	-1
82	34	-1
82	35	-1
82	36	L
82	37	L
82	38	L
82	39	L
82	40	L
82	41	-1
82	42	-1
82	43	U
82	44	-1
82	45	-1
82	46	L
82	47	-1
82	48	L
82	49	-1
82	50	-1
82	51	L
82	52	-1
82	53	-1
82	54	-1
82	55	-1
82	56	-1
82	57	L
82	58	L
82	59	L
82	60	L
82	61	-1
82	62	L
82	63	-1
82	64	L
82	65	-1
82	66	-1
82	67	-1
82	68	L
82	69	-1
82	70	L
82	71	-1
82	72	L
82	73	-1
82	74	-1
82	75	-1
82	76	L
82	77	L
82	78	-1
82	79	-1
82	80	-1
82	81	L
82	82	-1
82	83	-1
82	84	-1
82	85	-1
82	86	L
82	87	L
82	88	L
82	89	-1
82	90	L
82	91	L
82	92	-1
82	93	-1
82	94	L
82	95	-1
82	96	L
82	97	L
82	98	-1
82	99	L
82	100	-1
82	101	L
82	102	L
82	103	U
82	104	-1
82	105	-1
82	106	L
82	107	L
82	108	-1
82	109	-1
82	110	U
82	111	U
82	112	-1
82	113	U
82	114	-1
82	115	-1
82	116	-1
82	117	L
82	118	L
82	119	-1
83	0	L
83	1	L
83	2	L
83	3	-1
83	4	U
83	5	-1
83	6	-1
83	7	-1
83	8	L
83	9	L
83	10	-1
83	11	-1
83	12	-1
83	13	-1
83	14	L
83	15	-1
83	16	-1
83	17	-1
83	18	-1
83	19	-1
83	20	-1
83	21	-1
83	22	-1
83	23	-1
83	24	-1
83	25	L
83	26	-1
83	27	-1
83	28	L
83	29	L
83	30	L
83	31	-1
83	32	-1
83	33	-1
83	34	L
83	35	L
83	36	L
83	37	L
83	38	L
83	39	-1
83	40	L
83	41	-1
83	42	-1
83	43	-1
83	44	-1
83	45	-1
83	46	-1
83	47	L
83	48	L
83	49	L
83	50	L
83	51	L
83	52	-1
83	53	-1
83	54	-1
83	55	-1
83	56	L
83	57	L
83	58	L
83	59	L
83	60	L
83	61	L
83	62	L
83	63	L
83	64	L
83	65	-1
83	66	-1
83	67	-1
83	68	-1
83	69	-1
83	70	L
83	71	-1
83	72	L
83	73	-1
83	74	-1
83	75	-1
83	76	L
83	77	-1
83	78	L
83	79	-1
83	80	-1
83	81	-1
83	82	-1
83	83	-1
83	84	-1
83	85	L
83	86	-1
83	87	-1
83	88	L
83	89	L
83	90	-1
83	91	-1
83	92	-1
83	93	-1
83	94	L
83	95	-1
83	96	L
83	97	L
83	98	-1
83	99	L
83	100	L
83	101	L
83	102	U
83	103	-1
83	104	L
83	105	-1
83	106	-1
83	107	-1
83	108	U
83	109	-1
83	110	-1
83	111	U
83	112	-1
83	113	-1
83	114	-1
83	115	L
83	116	-1
83	117	-1
83	118	-1
83	119	L
84	0	-1
84	1	-1
84	2	L
84	3	U
84	4	-1
84	5	-1
84	6	-1
84	7	-1
84	8	-1
84	9	L
84	10	-1
84	11	-1
84	12	-1
84	13	L
84	14	L
84	15	-1
84	16	-1
84	17	L
84	18	L
84	19	L
84	20	-1
84	21	-1
84	22	-1
84	23	-1
84	24	-1
84	25	L
84	26	-1
84	27	-1
84	28	L
84	29	-1
84	30	-1
84	31	L
84	32	-1
84	33	-1
84	34	L
84	35	L
84	36	-1
84	37	-1
84	38	-1
84	39	-1
84	40	L
84	41	-1
84	42	L
84	43	-1
84	44	-1
84	45	-1
84	46	L
84	47	L
84	48	-1
84	49	-1
84	50	-1
84	51	-1
84	52	L
84	53	-1
84	54	-1
84	55	-1
84	56	L
84	57	-1
84	58	L
84	59	L
84	60	-1
84	61	L
84	62	-1
84	63	-1
84	64	L
84	65	L
84	66	-1
84	67	-1
84	68	L
84	69	-1
84	70	-1
84	71	U
84	72	-1
84	73	L
84	74	-1
84	75	-1
84	76	-1
84	77	L
84	78	L
84	79	-1
84	80	L
84	81	L
84	82	-1
84	83	-1
84	84	-1
84	85	L
84	86	-1
84	87	L
84	88	L
84	89	-1
84	90	L
84	91	-1
84	92	L
84	93	-1
84	94	L
84	95	-1
84	96	L
84	97	-1
84	98	L
84	99	L
84	100	-1
84	101	-1
84	102	L
84	103	-1
84	104	-1
84	105	L
84	106	-1
84	107	-1
84	108	L
84	109	U
84	110	U
84	111	L
84	112	L
84	113	L
84	114	L
84	115	-1
84	116	-1
84	117	-1
84	118	-1
84	119	L
85	0	-1
85	1	-1
85	2	L
85	3	-1
85	4	U
85	5	-1
85	6	L
85	7	-1
85	8	L
85	9	L
85	10	-1
85	11	L
85	12	L
85	13	L
85	14	-1
85	15	-1
85	16	L
85	17	L
85	18	L
85	19	-1
85	20	-1
85	21	L
85	22	L
85	23	-1
85	24	-1
85	25	-1
85	26	-1
85	27	-1
85	28	L
85	29	L
85	30	-1
85	31	L
85	32	L
85	33	L
85	34	L
85	35	-1
85	36	L
85	37	L
85	38	L
85	39	L
85	40	-1
85	41	L
85	42	-1
85	43	L
85	44	L
85	45	-1
85	46	L
85	47	L
85	48	-1
85	49	-1
85	50	L
85	51	-1
85	52	L
85	53	-1
85	54	-1
85	55	-1
85	56	L
85	57	L
85	58	L
85	59	L
85	60	-1
85	61	-1
85	62	L
85	63	-1
85	64	-1
85	65	-1
85	66	L
85	67	-1
85	68	L
85	69	L
85	70	U
85	71	U
85	72	-1
85	73	L
85	74	L
85	75	-1
85	76	-1
85	77	L
85	78	L
85	79	L
85	80	-1
85	81	-1
85	82	-1
85	83	-1
85	84	L
85	85	-1
85	86	-1
85	87	-1
85	88	-1
85	89	-1
85	90	-1
85	91	L
85	92	L
85	93	-1
85	94	-1
85	95	-1
85	96	-1
85	97	L
85	98	-1
85	99	L
85	100	L
85	101	-1
85	102	-1
85	103	-1
85	104	U
85	105	-1
85	106	U
85	107	L
85	108	L
85	109	-1
85	110	U
85	111	-1
85	112	-1
85	113	-1
85	114	-1
85	115	-1
85	116	L
85	117	L
85	118	L
85	119	-1
86	0	-1
86	1	-1
86	2	L
86	3	L
86	4	-1
86	5	-1
86	6	-1
86	7	L
86	8	-1
86	9	-1
86	10	L
86	11	L
86	12	L
86	13	-1
86	14	L
86	15	L
86	16	L
86	17	-1
86	18	-1
86	19	-1
86	20	-1
86	21	-1
86	22	-1
86	23	L
86	24	-1
86	25	-1
86	26	-1
86	27	-1
86	28	U
86	29	L
86	30	L
86	31	-1
86	32	L
86	33	-1
86	34	-1
86	35	-1
86	36	-1
86	37	L
86	38	L
86	39	L
86	40	L
86	41	-1
86	42	-1
86	43	-1
86	44	L
86	45	-1
86	46	-1
86	47	-1
86	48	-1
86	49	-1
86	50	-1
86	51	L
86	52	L
86	53	-1
86	54	-1
86	55	L
86	56	-1
86	57	L
86	58	L
86	59	-1
86	60	L
86	61	L
86	62	-1
86	63	-1
86	64	-1
86	65	L
86	66	L
86	67	-1
86	68	L
86	69	U
86	70	U
86	71	-1
86	72	U
86	73	-1
86	74	L
86	75	L
86	76	-1
86	77	-1
86	78	-1
86	79	L
86	80	L
86	81	L
86	82	-1
86	83	-1
86	84	-1
86	85	L
86	86	-1
86	87	-1
86	88	L
86	89	L
86	90	-1
86	91	-1
86	92	L
86	93	L
86	94	-1
86	95	L
86	96	L
86	97	-1
86	98	L
86	99	-1
86	100	L
86	101	L
86	102	L
86	103	-1
86	104	-1
86	105	U
86	106	-1
86	107	-1
86	108	-1
86	109	-1
86	110	-1
86	111	-1
86	112	-1
86	113	-1
86	114	L
86	115	L
86	116	L
86	117	-1
86	118	-1
86	119	-1
87	0	-1
87	1	-1
87	2	-1
87	3	-1
87	4	-1
87	5	-1
87	6	-1
87	7	L
87	8	L
87	9	L
87	10	L
87	11	L
87	12	L
87	13	-1
87	14	-1
87	15	-1
87	16	-1
87	17	L
87	18	L
87	19	L
87	20	L
87	21	-1
87	22	-1
87	23	-1
87	24	-1
87	25	-1
87	26	-1
87	27	-1
87	28	-1
87	29	-1
87	30	-1
87	31	L
87	32	-1
87	33	U
87	34	L
87	35	-1
87	36	-1
87	37	L
87	38	-1
87	39	L
87	40	-1
87	41	L
87	42	-1
87	43	-1
87	44	L
87	45	-1
87	46	-1
87	47	-1
87	48	-1
87	49	-1
87	50	-1
87	51	-1
87	52	-1
87	53	L
87	54	-1
87	55	-1
87	56	-1
87	57	-1
87	58	U
87	59	-1
87	60	U
87	61	-1
87	62	L
87	63	-1
87	64	L
87	65	L
87	66	-1
87	67	-1
87	68	L
87	69	-1
87	70	U
87	71	L
87	72	U
87	73	-1
87	74	L
87	75	-1
87	76	L
87	77	L
87	78	-1
87	79	L
87	80	-1
87	81	L
87	82	-1
87	83	L
87	84	L
87	85	-1
87	86	L
87	87	-1
87	88	-1
87	89	L
87	90	L
87	91	-1
87	92	L
87	93	L
87	94	L
87	95	-1
87	96	-1
87	97	-1
87	98	-1
87	99	L
87	100	L
87	101	-1
87	102	-1
87	103	L
87	104	L
87	105	L
87	106	U
87	107	-1
87	108	-1
87	109	L
87	110	L
87	111	-1
87	112	L
87	113	-1
87	114	-1
87	115	L
87	116	L
87	117	-1
87	118	-1
87	119	-1
88	0	-1
88	1	-1
88	2	-1
88	3	-1
88	4	L
88	5	-1
88	6	L
88	7	-1
88	8	L
88	9	L
88	10	L
88	11	L
88	12	L
88	13	L
88	14	-1
88	15	L
88	16	L
88	17	L
88	18	-1
88	19	L
88	20	-1
88	21	-1
88	22	L
88	23	L
88	24	-1
88	25	-1
88	26	L
88	27	-1
88	28	-1
88	29	-1
88	30	-1
88	31	-1
88	32	L
88	33	-1
88	34	-1
88	35	L
88	36	-1
88	37	-1
88	38	-1
88	39	-1
88	40	L
88	41	-1
88	42	L
88	43	L
88	44	-1
88	45	-1
88	46	L
88	47	-1
88	48	-1
88	49	-1
88	50	-1
88	51	-1
88	52	-1
88	53	-1
88	54	L
88	55	-1
88	56	-1
88	57	-1
88	58	U
88	59	U
88	60	-1
88	61	L
88	62	-1
88	63	U
88	64	-1
88	65	-1
88	66	-1
88	67	-1
88	68	L
88	69	-1
88	70	L
88	71	L
88	72	L
88	73	L
88	74	-1
88	75	L
88	76	-1
88	77	-1
88	78	L
88	79	-1
88	80	-1
88	81	L
88	82	-1
88	83	L
88	84	-1
88	85	-1
88	86	L
88	87	-1
88	88	-1
88	89	L
88	90	L
88	91	-1
88	92	L
88	93	L
88	94	L
88	95	L
88	96	-1
88	97	-1
88	98	L
88	99	-1
88	100	-1
88	101	-1
88	102	L
88	103	-1
88	104	L
88	105	L
88	106	-1
88	107	-1
88	108	L
88	109	L
88	110	-1
88	111	-1
88	112	-1
88	113	-1
88	114	-1
88	115	L
88	116	L
88	117	-1
88	118	-1
88	119	-1
89	0	-1
89	1	-1
89	2	L
89	3	-1
89	4	-1
89	5	L
89	6	-1
89	7	L
89	8	L
89	9	L
89	10	-1
89	11	L
89	12	L
89	13	-1
89	14	-1
89	15	-1
89	16	-1
89	17	L
89	18	L
89	19	L
89	20	L
89	21	L
89	22	-1
89	23	L
89	24	-1
89	25	L
89	26	-1
89	27	L
89	28	L
89	29	-1
89	30	-1
89	31	-1
89	32	U
89	33	L
89	34	L
89	35	L
89	36	L
89	37	-1
89	38	-1
89	39	-1
89	40	-1
89	41	-1
89	42	-1
89	43	L
89	44	-1
89	45	L
89	46	L
89	47	L
89	48	-1
89	49	-1
89	50	L
89	51	-1
89	52	-1
89	53	-1
89	54	-1
89	55	-1
89	56	-1
89	57	-1
89	58	-1
89	59	-1
89	60	-1
89	61	-1
89	62	-1
89	63	U
89	64	-1
89	65	-1
89	66	-1
89	67	-1
89	68	-1
89	69	-1
89	70	-1
89	71	-1
89	72	L
89	73	L
89	74	L
89	75	L
89	76	L
89	77	-1
89	78	L
89	79	L
89	80	L
89	81	L
89	82	L
89	83	-1
89	84	-1
89	85	-1
89	86	L
89	87	-1
89	88	L
89	89	-1
89	90	L
89	91	L
89	92	L
89	93	L
89	94	L
89	95	L
89	96	-1
89	97	-1
89	98	L
89	99	-1
89	100	-1
89	101	-1
89	102	-1
89	103	L
89	104	-1
89	105	-1
89	106	L
89	107	L
89	108	-1
89	109	-1
89	110	L
89	111	-1
89	112	L
89	113	L
89	114	-1
89	115	L
89	116	L
89	117	L
89	118	-1
89	119	-1
90	0	L
90	1	L
90	2	L
90	3	L
90	4	-1
90	5	-1
90	6	U
90	7	-1
90	8	U
90	9	U
90	10	-1
90	11	-1
90	12	-1
90	13	-1
90	14	-1
90	15	-1
90	16	-1
90	17	L
90	18	L
90	19	L
90	20	L
90	21	-1
90	22	-1
90	23	L
90	24	-1
90	25	L
90	26	L
90	27	L
90	28	-1
90	29	L
90	30	-1
90	31	U
90	32	-1
90	33	L
90	34	-1
90	35	L
90	36	-1
90	37	-1
90	38	-1
90	39	-1
90	40	-1
90	41	-1
90	42	L
90	43	-1
90	44	-1
90	45	L
90	46	L
90	47	L
90	48	L
90	49	L
90	50	-1
90	51	L
90	52	-1
90	53	-1
90	54	-1
90	55	-1
90	56	L
90	57	-1
90	58	L
90	59	-1
90	60	-1
90	61	L
90	62	-1
90	63	-1
90	64	L
90	65	-1
90	66	L
90	67	-1
90	68	-1
90	69	-1
90	70	-1
90	71	-1
90	72	-1
90	73	L
90	74	L
90	75	L
90	76	-1
90	77	L
90	78	L
90	79	-1
90	80	-1
90	81	L
90	82	L
90	83	L
90	84	L
90	85	L
90	86	-1
90	87	L
90	88	-1
90	89	L
90	90	L
90	91	-1
90	92	-1
90	93	L
90	94	L
90	95	L
90	96	L
90	97	-1
90	98	-1
90	99	-1
90	100	-1
90	101	L
90	102	-1
90	103	-1
90	104	-1
90	105	L
90	106	-1
90	107	-1
90	108	-1
90	109	L
90	110	-1
90	111	L
90	112	L
90	113	L
90	114	L
90	115	L
90	116	L
90	117	L
90	118	-1
90	119	-1
91	0	-1
91	1	L
91	2	L
91	3	L
91	4	L
91	5	L
91	6	L
91	7	-1
91	8	-1
91	9	U
91	10	-1
91	11	L
91	12	-1
91	13	L
91	14	-1
91	15	-1
91	16	L
91	17	L
91	18	L
91	19	L
91	20	-1
91	21	-1
91	22	L
91	23	U
91	24	U
91	25	-1
91	26	L
91	27	-1
91	28	-1
91	29	L
91	30	U
91	31	L
91	32	L
91	33	L
91	34	-1
91	35	L
91	36	L
91	37	L
91	38	-1
91	39	-1
91	40	-1
91	41	L
91	42	-1
91	43	-1
91	44	-1
91	45	L
91	46	L
91	47	L
91	48	L
91	49	L
91	50	L
91	51	L
91	52	-1
91	53	-1
91	54	-1
91	55	L
91	56	L
91	57	L
91	58	-1
91	59	L
91	60	-1
91	61	-1
91	62	-1
91	63	L
91	64	-1
91	65	L
91	66	-1
91	67	-1
91	68	-1
91	69	-1
91	70	-1
91	71	-1
91	72	-1
91	73	-1
91	74	-1
91	75	L
91	76	L
91	77	-1
91	78	L
91	79	L
91	80	-1
91	81	-1
91	82	-1
91	83	L
91	84	L
91	85	L
91	86	-1
91	87	L
91	88	L
91	89	L
91	90	-1
91	91	L
91	92	-1
91	93	-1
91	94	-1
91	95	L
91	96	-1
91	97	L
91	98	-1
91	99	-1
91	100	L
91	101	L
91	102	-1
91	103	-1
91	104	-1
91	105	L
91	106	L
91	107	-1
91	108	-1
91	109	-1
91	110	-1
91	111	L
91	112	L
91	113	-1
91	114	L
91	115	-1
91	116	L
91	117	L
91	118	-1
91	119	-1
92	0	-1
92	1	-1
92	2	-1
92	3	L
92	4	L
92	5	L
92	6	-1
92	7	L
92	8	L
92	9	L
92	10	-1
92	11	-1
92	12	-1
92	13	-1
92	14	-1
92	15	-1
92	16	L
92	17	-1
92	18	-1
92	19	L
92	20	L
92	21	L
92	22	L
92	23	L
92	24	U
92	25	U
92	26	L
92	27	L
92	28	-1
92	29	L
92	30	-1
92	31	-1
92	32	L
92	33	L
92	34	L
92	35	L
92	36	-1
92	37	-1
92	38	-1
92	39	L
92	40	U
92	41	L
92	42	L
92	43	L
92	44	-1
92	45	-1
92	46	-1
92	47	L
92	48	-1
92	49	-1
92	50	L
92	51	-1
92	52	-1
92	53	-1
92	54	-1
92	55	-1
92	56	-1
92	57	-1
92	58	-1
92	59	L
92	60	-1
92	61	L
92	62	-1
92	63	L
92	64	-1
92	65	-1
92	66	-1
92	67	-1
92	68	-1
92	69	-1
92	70	-1
92	71	-1
92	72	-1
92	73	-1
92	74	L
92	75	-1
92	76	L
92	77	L
92	78	L
92	79	-1
92	80	L
92	81	-1
92	82	-1
92	83	L
92	84	-1
92	85	-1
92	86	-1
92	87	L
92	88	-1
92	89	L
92	90	-1
92	91	U
92	92	L
92	93	L
92	94	L
92	95	-1
92	96	-1
92	97	-1
92	98	L
92	99	-1
92	100	-1
92	101	-1
92	102	-1
92	103	-1
92	104	-1
92	105	L
92	106	L
92	107	-1
92	108	-1
92	109	-1
92	110	-1
92	111	-1
92	112	L
92	113	L
92	114	L
92	115	-1
92	116	-1
92	117	L
92	118	L
92	119	-1
93	0	L
93	1	L
93	2	L
93	3	L
93	4	L
93	5	-1
93	6	L
93	7	L
93	8	-1
93	9	-1
93	10	-1
93	11	-1
93	12	L
93	13	L
93	14	-1
93	15	L
93	16	L
93	17	L
93	18	L
93	19	L
93	20	-1
93	21	L
93	22	U
93	23	U
93	24	L
93	25	L
93	26	L
93	27	-1
93	28	L
93	29	-1
93	30	-1
93	31	-1
93	32	L
93	33	-1
93	34	-1
93	35	L
93	36	-1
93	37	L
93	38	-1
93	39	L
93	40	L
93	41	-1
93	42	-1
93	43	L
93	44	L
93	45	-1
93	46	-1
93	47	-1
93	48	-1
93	49	L
93	50	-1
93	51	-1
93	52	-1
93	53	-1
93	54	L
93	55	-1
93	56	-1
93	57	-1
93	58	-1
93	59	-1
93	60	L
93	61	L
93	62	-1
93	63	-1
93	64	-1
93	65	-1
93	66	-1
93	67	-1
93	68	U
93	69	L
93	70	L
93	71	-1
93	72	-1
93	73	L
93	74	-1
93	75	L
93	76	-1
93	77	L
93	78	L
93	79	L
93	80	-1
93	81	-1
93	82	-1
93	83	L
93	84	L
93	85	L
93	86	L
93	87	-1
93	88	L
93	89	-1
93	90	-1
93	91	-1
93	92	-1
93	93	-1
93	94	-1
93	95	-1
93	96	-1
93	97	-1
93	98	-1
93	99	L
93	100	L
93	101	-1
93	102	-1
93	103	-1
93	104	-1
93	105	-1
93	106	-1
93	107	-1
93	108	-1
93	109	-1
93	110	-1
93	111	L
93	112	-1
93	113	-1
93	114	-1
93	115	L
93	116	-1
93	117	-1
93	118	L
93	119	L
94	0	L
94	1	L
94	2	L
94	3	-1
94	4	L
94	5	-1
94	6	L
94	7	L
94	8	-1
94	9	-1
94	10	-1
94	11	L
94	12	-1
94	13	-1
94	14	L
94	15	L
94	16	L
94	17	L
94	18	-1
94	19	L
94	20	L
94	21	L
94	22	U
94	23	-1
94	24	-1
94	25	L
94	26	-1
94	27	L
94	28	L
94	29	L
94	30	L
94	31	-1
94	32	-1
94	33	-1
94	34	-1
94	35	L
94	36	-1
94	37	-1
94	38	L
94	39	-1
94	40	-1
94	41	-1
94	42	L
94	43	L
94	44	L
94	45	-1
94	46	L
94	47	-1
94	48	-1
94	49	-1
94	50	-1
94	51	-1
94	52	-1
94	53	L
94	54	L
94	55	-1
94	56	L
94	57	-1
94	58	-1
94	59	-1
94	60	-1
94	61	-1
94	62	-1
94	63	-1
94	64	-1
94	65	L
94	66	L
94	67	-1
94	68	U
94	69	-1
94	70	-1
94	71	L
94	72	L
94	73	L
94	74	-1
94	75	L
94	76	L
94	77	L
94	78	-1
94	79	L
94	80	L
94	81	L
94	82	-1
94	83	L
94	84	L
94	85	L
94	86	L
94	87	-1
94	88	-1
94	89	-1
94	90	-1
94	91	-1
94	92	U
94	93	-1
94	94	U
94	95	-1
94	96	L
94	97	L
94	98	-1
94	99	L
94	100	L
94	101	-1
94	102	L
94	103	L
94	104	L
94	105	L
94	106	-1
94	107	L
94	108	-1
94	109	-1
94	110	-1
94	111	L
94	112	-1
94	113	-1
94	114	L
94	115	-1
94	116	-1
94	117	L
94	118	L
94	119	L
95	0	L
95	1	L
95	2	L
95	3	-1
95	4	L
95	5	-1
95	6	L
95	7	L
95	8	L
95	9	-1
95	10	L
95	11	L
95	12	L
95	13	L
95	14	-1
95	15	L
95	16	-1
95	17	-1
95	18	-1
95	19	L
95	20	L
95	21	U
95	22	U
95	23	-1
95	24	-1
95	25	L
95	26	-1
95	27	L
95	28	L
95	29	-1
95	30	-1
95	31	L
95	32	-1
95	33	-1
95	34	L
95	35	-1
95	36	L
95	37	-1
95	38	L
95	39	-1
95	40	L
95	41	L
95	42	L
95	43	-1
95	44	-1
95	45	-1
95	46	-1
95	47	L
95	48	L
95	49	L
95	50	-1
95	51	-1
95	52	L
95	53	L
95	54	L
95	55	L
95	56	L
95	57	-1
95	58	L
95	59	-1
95	60	L
95	61	L
95	62	L
95	63	-1
95	64	-1
95	65	-1
95	66	L
95	67	-1
95	68	L
95	69	-1
95	70	-1
95	71	-1
95	72	-1
95	73	L
95	74	L
95	75	L
95	76	L
95	77	-1
95	78	-1
95	79	-1
95	80	-1
95	81	L
95	82	-1
95	83	L
95	84	-1
95	85	L
95	86	-1
95	87	L
95	88	-1
95	89	-1
95	90	-1
95	91	-1
95	92	-1
95	93	U
95	94	-1
95	95	-1
95	96	L
95	97	L
95	98	L
95	99	L
95	100	L
95	101	-1
95	102	-1
95	103	L
95	104	L
95	105	L
95	106	L
95	107	-1
95	108	-1
95	109	-1
95	110	L
95	111	-1
95	112	-1
95	113	L
95	114	-1
95	115	-1
95	116	-1
95	117	L
95	118	-1
95	119	-1
96	0	-1
96	1	-1
96	2	-1
96	3	-1
96	4	-1
96	5	L
96	6	L
96	7	-1
96	8	L
96	9	-1
96	10	L
96	11	-1
96	12	L
96	13	-1
96	14	L
96	15	L
96	16	-1
96	17	-1
96	18	-1
96	19	-1
96	20	L
96	21	L
96	22	-1
96	23	-1
96	24	-1
96	25	L
96	26	L
96	27	L
96	28	-1
96	29	-1
96	30	L
96	31	-1
96	32	-1
96	33	L
96	34	L
96	35	-1
96	36	-1
96	37	-1
96	38	-1
96	39	L
96	40	L
96	41	-1
96	42	-1
96	43	L
96	44	-1
96	45	-1
96	46	L
96	47	L
96	48	L
96	49	L
96	50	L
96	51	-1
96	52	L
96	53	-1
96	54	L
96	55	-1
96	56	-1
96	57	L
96	58	L
96	59	L
96	60	L
96	61	L
96	62	-1
96	63	-1
96	64	-1
96	65	U
96	66	-1
96	67	-1
96	68	-1
96	69	-1
96	70	-1
96	71	-1
96	72	L
96	73	-1
96	74	L
96	75	-1
96	76	-1
96	77	-1
96	78	-1
96	79	L
96	80	-1
96	81	L
96	82	-1
96	83	L
96	84	L
96	85	L
96	86	L
96	87	L
96	88	-1
96	89	L
96	90	L
96	91	-1
96	92	-1
96	93	U
96	94	-1
96	95	-1
96	96	U
96	97	-1
96	98	L
96	99	L
96	100	-1
96	101	-1
96	102	-1
96	103	-1
96	104	-1
96	105	L
96	106	-1
96	107	L
96	108	-1
96	109	-1
96	110	L
96	111	-1
96	112	L
96	113	-1
96	114	-1
96	115	L
96	116	L
96	117	L
96	118	-1
96	119	-1
97	0	U
97	1	-1
97	2	U
97	3	-1
97	4	-1
97	5	L
97	6	U
97	7	-1
97	8	L
97	9	-1
97	10	L
97	11	-1
97	12	-1
97	13	L
97	14	-1
97	15	L
97	16	L
97	17	-1
97	18	-1
97	19	-1
97	20	L
97	21	-1
97	22	-1
97	23	-1
97	24	-1
97	25	L
97	26	-1
97	27	L
97	28	L
97	29	-1
97	30	-1
97	31	L
97	32	-1
97	33	-1
97	34	-1
97	35	L
97	36	L
97	37	L
97	38	L
97	39	L
97	40	L
97	41	-1
97	42	L
97	43	-1
97	44	L
97	45	L
97	46	-1
97	47	-1
97	48	-1
97	49	L
97	50	-1
97	51	L
97	52	-1
97	53	L
97	54	L
97	55	-1
97	56	-1
97	57	L
97	58	-1
97	59	L
97	60	L
97	61	-1
97	62	-1
97	63	L
97	64	-1
97	65	-1
97	66	-1
97	67	-1
97	68	-1
97	69	L
97	70	-1
97	71	L
97	72	-1
97	73	L
97	74	-1
97	75	-1
97	76	-1
97	77	-1
97	78	L
97	79	-1
97	80	L
97	81	-1
97	82	-1
97	83	L
97	84	L
97	85	L
97	86	-1
97	87	-1
97	88	-1
97	89	L
97	90	-1
97	91	-1
97	92	L
97	93	L
97	94	U
97	95	-1
97	96	-1
97	97	-1
97	98	-1
97	99	-1
97	100	-1
97	101	-1
97	102	-1
97	103	-1
97	104	-1
97	105	-1
97	106	-1
97	107	-1
97	108	-1
97	109	L
97	110	-1
97	111	L
97	112	L
97	113	L
97	114	L
97	115	L
97	116	L
97	117	-1
97	118	L
97	119	L
98	0	U
98	1	-1
98	2	-1
98	3	-1
98	4	U
98	5	-1
98	6	-1
98	7	L
98	8	-1
98	9	L
98	10	-1
98	11	-1
98	12	L
98	13	-1
98	14	L
98	15	L
98	16	L
98	17	-1
98	18	U
98	19	L
98	20	L
98	21	-1
98	22	L
98	23	-1
98	24	-1
98	25	-1
98	26	L
98	27	-1
98	28	-1
98	29	-1
98	30	L
98	31	L
98	32	-1
98	33	-1
98	34	-1
98	35	L
98	36	L
98	37	L
98	38	L
98	39	L
98	40	-1
98	41	-1
98	42	-1
98	43	-1
98	44	L
98	45	L
98	46	-1
98	47	-1
98	48	-1
98	49	-1
98	50	L
98	51	-1
98	52	-1
98	53	-1
98	54	L
98	55	L
98	56	L
98	57	-1
98	58	L
98	59	L
98	60	L
98	61	-1
98	62	U
98	63	-1
98	64	-1
98	65	-1
98	66	-1
98	67	-1
98	68	-1
98	69	-1
98	70	L
98	71	L
98	72	-1
98	73	-1
98	74	L
98	75	L
98	76	-1
98	77	L
98	78	-1
98	79	-1
98	80	-1
98	81	-1
98	82	-1
98	83	L
98	84	L
98	85	L
98	86	L
98	87	L
98	88	L
98	89	L
98	90	L
98	91	-1
98	92	U
98	93	L
98	94	-1
98	95	L
98	96	L
98	97	L
98	98	-1
98	99	-1
98	100	-1
98	101	-1
98	102	-1
98	103	L
98	104	L
98	105	L
98	106	-1
98	107	-1
98	108	-1
98	109	-1
98	110	L
98	111	-1
98	112	L
98	113	L
98	114	-1
98	115	-1
98	116	-1
98	117	-1
98	118	-1
98	119	L
99	0	-1
99	1	-1
99	2	-1
99	3	U
99	4	-1
99	5	U
99	6	U
99	7	-1
99	8	-1
99	9	L
99	10	L
99	11	-1
99	12	-1
99	13	-1
99	14	-1
99	15	-1
99	16	-1
99	17	-1
99	18	-1
99	19	-1
99	20	-1
99	21	-1
99	22	-1
99	23	L
99	24	L
99	25	L
99	26	-1
99	27	-1
99	28	L
99	29	L
99	30	-1
99	31	-1
99	32	L
99	33	-1
99	34	-1
99	35	-1
99	36	-1
99	37	-1
99	38	L
99	39	-1
99	40	L
99	41	L
99	42	L
99	43	L
99	44	-1
99	45	-1
99	46	-1
99	47	-1
99	48	-1
99	49	-1
99	50	L
99	51	L
99	52	-1
99	53	-1
99	54	-1
99	55	-1
99	56	-1
99	57	-1
99	58	L
99	59	-1
99	60	L
99	61	L
99	62	L
99	63	L
99	64	U
99	65	U
99	66	U
99	67	L
99	68	L
99	69	L
99	70	L
99	71	L
99	72	-1
99	73	-1
99	74	L
99	75	L
99	76	-1
99	77	-1
99	78	L
99	79	-1
99	80	-1
99	81	-1
99	82	L
99	83	-1
99	84	L
99	85	L
99	86	-1
99	87	-1
99	88	-1
99	89	-1
99	90	L
99	91	-1
99	92	L
99	93	L
99	94	-1
99	95	L
99	96	L
99	97	L
99	98	-1
99	99	L
99	100	L
99	101	L
99	102	L
99	103	-1
99	104	L
99	105	-1
99	106	-1
99	107	L
99	108	-1
99	109	-1
99	110	-1
99	111	L
99	112	L
99	113	L
99	114	-1
99	115	-1
99	116	-1
99	117	-1
99	118	-1
99	119	-1
100	0	-1
100	1	-1
100	2	-1
100	3	-1
100	4	-1
100	5	U
100	6	U
100	7	-1
100	8	-1
100	9	-1
100	10	-1
100	11	-1
100	12	-1
100	13	-1
100	14	-1
100	15	L
100	16	-1
100	17	L
100	18	L
100	19	-1
100	20	-1
100	21	-1
100	22	L
100	23	L
100	24	L
100	25	L
100	26	-1
100	27	-1
100	28	-1
100	29	-1
100	30	L
100	31	-1
100	32	-1
100	33	L
100	34	-1
100	35	-1
100	36	-1
100	37	-1
100	38	-1
100	39	-1
100	40	L
100	41	-1
100	42	L
100	43	-1
100	44	L
100	45	-1
100	46	L
100	47	L
100	48	-1
100	49	L
100	50	-1
100	51	-1
100	52	L
100	53	-1
100	54	L
100	55	L
100	56	-1
100	57	-1
100	58	L
100	59	L
100	60	-1
100	61	-1
100	62	-1
100	63	L
100	64	-1
100	65	U
100	66	-1
100	67	-1
100	68	-1
100	69	-1
100	70	-1
100	71	-1
100	72	-1
100	73	-1
100	74	L
100	75	L
100	76	L
100	77	-1
100	78	-1
100	79	-1
100	80	-1
100	81	L
100	82	-1
100	83	L
100	84	L
100	85	-1
100	86	L
100	87	-1
100	88	L
100	89	L
100	90	-1
100	91	L
100	92	L
100	93	L
100	94	-1
100	95	L
100	96	L
100	97	-1
100	98	L
100	99	L
100	100	L
100	101	-1
100	102	-1
100	103	-1
100	104	-1
100	105	-1
100	106	L
100	107	-1
100	108	-1
100	109	-1
100	110	-1
100	111	L
100	112	L
100	113	-1
100	114	-1
100	115	L
100	116	-1
100	117	-1
100	118	L
100	119	-1
101	0	U
101	1	U
101	2	-1
101	3	-1
101	4	-1
101	5	U
101	6	-1
101	7	-1
101	8	-1
101	9	-1
101	10	-1
101	11	L
101	12	-1
101	13	L
101	14	-1
101	15	L
101	16	L
101	17	L
101	18	L
101	19	-1
101	20	-1
101	21	-1
101	22	L
101	23	U
101	24	-1
101	25	-1
101	26	-1
101	27	-1
101	28	-1
101	29	-1
101	30	L
101	31	L
101	32	-1
101	33	-1
101	34	-1
101	35	-1
101	36	-1
101	37	-1
101	38	L
101	39	L
101	40	L
101	41	L
101	42	L
101	43	L
101	44	-1
101	45	-1
101	46	U
101	47	L
101	48	-1
101	49	L
101	50	L
101	51	-1
101	52	L
101	53	-1
101	54	L
101	55	-1
101	56	-1
101	57	-1
101	58	L
101	59	L
101	60	-1
101	61	L
101	62	-1
101	63	-1
101	64	-1
101	65	U
101	66	L
101	67	-1
101	68	-1
101	69	L
101	70	L
101	71	-1
101	72	-1
101	73	-1
101	74	L
101	75	-1
101	76	-1
101	77	U
101	78	-1
101	79	U
101	80	U
101	81	-1
101	82	-1
101	83	L
101	84	-1
101	85	-1
101	86	L
101	87	L
101	88	L
101	89	L
101	90	-1
101	91	L
101	92	-1
101	93	L
101	94	L
101	95	L
101	96	-1
101	97	-1
101	98	L
101	99	-1
101	100	U
101	101	-1
101	102	L
101	103	L
101	104	-1
101	105	-1
101	106	U
101	107	-1
101	108	-1
101	109	-1
101	110	-1
101	111	-1
101	112	-1
101	113	L
101	114	U
101	115	L
101	116	-1
101	117	-1
101	118	U
101	119	U
102	0	U
102	1	-1
102	2	U
102	3	-1
102	4	-1
102	5	U
102	6	-1
102	7	-1
102	8	-1
102	9	-1
102	10	-1
102	11	-1
102	12	-1
102	13	L
102	14	-1
102	15	-1
102	16	L
102	17	-1
102	18	-1
102	19	L
102	20	-1
102	21	-1
102	22	-1
102	23	U
102	24	L
102	25	-1
102	26	L
102	27	-1
102	28	-1
102	29	-1
102	30	-1
102	31	-1
102	32	-1
102	33	-1
102	34	-1
102	35	-1
102	36	-1
102	37	L
102	38	-1
102	39	-1
102	40	-1
102	41	-1
102	42	-1
102	43	-1
102	44	-1
102	45	-1
102	46	L
102	47	-1
102	48	-1
102	49	-1
102	50	-1
102	51	L
102	52	L
102	53	-1
102	54	L
102	55	-1
102	56	-1
102	57	-1
102	58	L
102	59	-1
102	60	-1
102	61	-1
102	62	-1
102	63	-1
102	64	-1
102	65	-1
102	66	L
102	67	L
102	68	-1
102	69	-1
102	70	-1
102	71	-1
102	72	-1
102	73	L
102	74	-1
102	75	-1
102	76	-1
102	77	-1
102	78	-1
102	79	-1
102	80	-1
102	81	U
102	82	U
102	83	-1
102	84	L
102	85	-1
102	86	-1
102	87	-1
102	88	L
102	89	-1
102	90	-1
102	91	-1
102	92	L
102	93	L
102	94	-1
102	95	-1
102	96	-1
102	97	-1
102	98	L
102	99	L
102	100	-1
102	101	-1
102	102	-1
102	103	-1
102	104	-1
102	105	-1
102	106	-1
102	107	-1
102	108	-1
102	109	-1
102	110	-1
102	111	-1
102	112	-1
102	113	U
102	114	L
102	115	L
102	116	-1
102	117	-1
102	118	U
102	119	-1
103	0	-1
103	1	-1
103	2	-1
103	3	-1
103	4	U
103	5	U
103	6	-1
103	7	L
103	8	-1
103	9	-1
103	10	-1
103	11	-1
103	12	-1
103	13	-1
103	14	-1
103	15	-1
103	16	-1
103	17	-1
103	18	-1
103	19	-1
103	20	-1
103	21	-1
103	22	U
103	23	-1
103	24	-1
103	25	L
103	26	L
103	27	L
103	28	-1
103	29	L
103	30	-1
103	31	L
103	32	-1
103	33	-1
103	34	L
103	35	-1
103	36	-1
103	37	L
103	38	L
103	39	L
103	40	-1
103	41	-1
103	42	L
103	43	-1
103	44	-1
103	45	L
103	46	-1
103	47	-1
103	48	-1
103	49	-1
103	50	-1
103	51	-1
103	52	-1
103	53	L
103	54	L
103	55	L
103	56	L
103	57	L
103	58	-1
103	59	-1
103	60	L
103	61	-1
103	62	-1
103	63	-1
103	64	-1
103	65	-1
103	66	L
103	67	L
103	68	L
103	69	L
103	70	L
103	71	-1
103	72	L
103	73	-1
103	74	-1
103	75	L
103	76	-1
103	77	-1
103	78	U
103	79	-1
103	80	-1
103	81	U
103	82	U
103	83	L
103	84	-1
103	85	-1
103	86	-1
103	87	-1
103	88	-1
103	89	-1
103	90	L
103	91	L
103	92	-1
103	93	-1
103	94	-1
103	95	-1
103	96	-1
103	97	-1
103	98	-1
103	99	L
103	100	-1
103	101	-1
103	102	-1
103	103	-1
103	104	-1
103	105	U
103	106	L
103	107	-1
103	108	-1
103	109	U
103	110	L
103	111	-1
103	112	L
103	113	-1
103	114	L
103	115	-1
103	116	U
103	117	U
103	118	-1
103	119	U
104	0	-1
104	1	-1
104	2	-1
104	3	-1
104	4	-1
104	5	-1
104	6	-1
104	7	-1
104	8	-1
104	9	-1
104	10	-1
104	11	-1
104	12	-1
104	13	-1
104	14	-1
104	15	-1
104	16	-1
104	17	-1
104	18	-1
104	19	-1
104	20	-1
104	21	-1
104	22	-1
104	23	-1
104	24	U
104	25	L
104	26	L
104	27	L
104	28	L
104	29	L
104	30	-1
104	31	-1
104	32	L
104	33	L
104	34	-1
104	35	L
104	36	L
104	37	-1
104	38	-1
104	39	-1
104	40	-1
104	41	-1
104	42	-1
104	43	-1
104	44	L
104	45	-1
104	46	-1
104	47	L
104	48	-1
104	49	-1
104	50	L
104	51	L
104	52	-1
104	53	L
104	54	-1
104	55	L
104	56	L
104	57	L
104	58	L
104	59	L
104	60	L
104	61	-1
104	62	L
104	63	U
104	64	-1
104	65	-1
104	66	-1
104	67	-1
104	68	-1
104	69	L
104	70	-1
104	71	L
104	72	L
104	73	-1
104	74	-1
104	75	-1
104	76	L
104	77	L
104	78	U
104	79	-1
104	80	U
104	81	-1
104	82	-1
104	83	L
104	84	L
104	85	L
104	86	L
104	87	-1
104	88	-1
104	89	L
104	90	L
104	91	L
104	92	-1
104	93	-1
104	94	L
104	95	-1
104	96	-1
104	97	-1
104	98	L
104	99	-1
104	100	L
104	101	L
104	102	-1
104	103	-1
104	104	-1
104	105	L
104	106	L
104	107	-1
104	108	U
104	109	-1
104	110	-1
104	111	L
104	112	L
104	113	L
104	114	L
104	115	-1
104	116	L
104	117	-1
104	118	U
104	119	U
105	0	U
105	1	L
105	2	-1
105	3	U
105	4	-1
105	5	U
105	6	U
105	7	L
105	8	-1
105	9	-1
105	10	L
105	11	L
105	12	-1
105	13	-1
105	14	-1
105	15	-1
105	16	U
105	17	-1
105	18	U
105	19	-1
105	20	-1
105	21	-1
105	22	-1
105	23	U
105	24	L
105	25	L
105	26	L
105	27	L
105	28	-1
105	29	L
105	30	L
105	31	-1
105	32	L
105	33	-1
105	34	L
105	35	-1
105	36	L
105	37	-1
105	38	L
105	39	L
105	40	L
105	41	L
105	42	-1
105	43	-1
105	44	-1
105	45	L
105	46	L
105	47	-1
105	48	L
105	49	-1
105	50	L
105	51	-1
105	52	-1
105	53	-1
105	54	-1
105	55	L
105	56	-1
105	57	L
105	58	L
105	59	-1
105	60	-1
105	61	-1
105	62	-1
105	63	L
105	64	-1
105	65	-1
105	66	-1
105	67	-1
105	68	-1
105	69	L
105	70	-1
105	71	-1
105	72	-1
105	73	L
105	74	L
105	75	L
105	76	-1
105	77	L
105	78	L
105	79	-1
105	80	-1
105	81	-1
105	82	-1
105	83	-1
105	84	-1
105	85	L
105	86	L
105	87	L
105	88	L
105	89	L
105	90	-1
105	91	L
105	92	-1
105	93	L
105	94	-1
105	95	L
105	96	L
105	97	-1
105	98	-1
105	99	L
105	100	L
105	101	L
105	102	-1
105	103	-1
105	104	U
105	105	U
105	106	L
105	107	-1
105	108	L
105	109	-1
105	110	-1
105	111	-1
105	112	L
105	113	L
105	114	L
105	115	-1
105	116	L
105	117	L
105	118	-1
105	119	L
106	0	L
106	1	-1
106	2	L
106	3	L
106	4	-1
106	5	U
106	6	L
106	7	L
106	8	-1
106	9	-1
106	10	L
106	11	L
106	12	-1
106	13	L
106	14	U
106	15	U
106	16	-1
106	17	-1
106	18	U
106	19	U
106	20	-1
106	21	-1
106	22	U
106	23	-1
106	24	L
106	25	L
106	26	-1
106	27	-1
106	28	-1
106	29	L
106	30	-1
106	31	L
106	32	L
106	33	-1
106	34	L
106	35	-1
106	36	-1
106	37	L
106	38	L
106	39	L
106	40	L
106	41	L
106	42	-1
106	43	L
106	44	-1
106	45	L
106	46	-1
106	47	-1
106	48	-1
106	49	-1
106	50	L
106	51	L
106	52	L
106	53	-1
106	54	-1
106	55	L
106	56	-1
106	57	L
106	58	-1
106	59	-1
106	60	-1
106	61	-1
106	62	-1
106	63	L
106	64	-1
106	65	-1
106	66	-1
106	67	L
106	68	L
106	69	-1
106	70	-1
106	71	L
106	72	-1
106	73	-1
106	74	-1
106	75	L
106	76	L
106	77	L
106	78	-1
106	79	-1
106	80	L
106	81	L
106	82	-1
106	83	L
106	84	L
106	85	L
106	86	-1
106	87	-1
106	88	L
106	89	-1
106	90	-1
106	91	-1
106	92	-1
106	93	L
106	94	L
106	95	L
106	96	L
106	97	L
106	98	-1
106	99	L
106	100	-1
106	101	-1
106	102	-1
106	103	-1
106	104	L
106	105	-1
106	106	-1
106	107	-1
106	108	L
106	109	L
106	110	-1
106	111	-1
106	112	L
106	113	L
106	114	-1
106	115	L
106	116	L
106	117	L
106	118	L
106	119	L
107	0	-1
107	1	-1
107	2	-1
107	3	L
107	4	L
107	5	-1
107	6	-1
107	7	L
107	8	-1
107	9	-1
107	10	L
107	11	L
107	12	-1
107	13	-1
107	14	-1
107	15	L
107	16	U
107	17	-1
107	18	U
107	19	-1
107	20	U
107	21	U
107	22	-1
107	23	U
107	24	L
107	25	-1
107	26	-1
107	27	-1
107	28	-1
107	29	-1
107	30	L
107	31	-1
107	32	-1
107	33	-1
107	34	L
107	35	L
107	36	L
107	37	-1
107	38	-1
107	39	-1
107	40	L
107	41	L
107	42	-1
107	43	-1
107	44	L
107	45	-1
107	46	-1
107	47	-1
107	48	L
107	49	-1
107	50	-1
107	51	-1
107	52	L
107	53	-1
107	54	L
107	55	L
107	56	-1
107	57	-1
107	58	L
107	59	-1
107	60	L
107	61	-1
107	62	-1
107	63	-1
107	64	-1
107	65	-1
107	66	-1
107	67	-1
107	68	L
107	69	-1
107	70	-1
107	71	-1
107	72	L
107	73	-1
107	74	-1
107	75	L
107	76	L
107	77	-1
107	78	-1
107	79	L
107	80	-1
107	81	-1
107	82	L
107	83	-1
107	84	L
107	85	-1
107	86	-1
107	87	L
107	88	-1
107	89	-1
107	90	-1
107	91	-1
107	92	-1
107	93	-1
107	94	L
107	95	L
107	96	-1
107	97	-1
107	98	-1
107	99	L
107	100	-1
107	101	-1
107	102	-1
107	103	-1
107	104	L
107	105	L
107	106	L
107	107	-1
107	108	L
107	109	L
107	110	-1
107	111	L
107	112	L
107	113	-1
107	114	-1
107	115	L
107	116	L
107	117	L
107	118	L
107	119	L
108	0	-1
108	1	-1
108	2	L
108	3	-1
108	4	-1
108	5	L
108	6	-1
108	7	L
108	8	-1
108	9	L
108	10	L
108	11	-1
108	12	L
108	13	L
108	14	U
108	15	U
108	16	U
108	17	U
108	18	-1
108	19	-1
108	20	U
108	21	U
108	22	-1
108	23	U
108	24	L
108	25	-1
108	26	-1
108	27	L
108	28	L
108	29	-1
108	30	-1
108	31	-1
108	32	-1
108	33	L
108	34	-1
108	35	-1
108	36	-1
108	37	L
108	38	L
108	39	L
108	40	L
108	41	L
108	42	-1
108	43	-1
108	44	-1
108	45	L
108	46	-1
108	47	L
108	48	-1
108	49	-1
108	50	L
108	51	L
108	52	L
108	53	-1
108	54	-1
108	55	-1
108	56	-1
108	57	L
108	58	L
108	59	L
108	60	-1
108	61	-1
108	62	-1
108	63	L
108	64	L
108	65	L
108	66	-1
108	67	-1
108	68	L
108	69	L
108	70	-1
108	71	L
108	72	-1
108	73	-1
108	74	-1
108	75	-1
108	76	-1
108	77	-1
108	78	L
108	79	-1
108	80	-1
108	81	-1
108	82	-1
108	83	-1
108	84	-1
108	85	-1
108	86	-1
108	87	L
108	88	-1
108	89	U
108	90	-1
108	91	-1
108	92	L
108	93	L
108	94	-1
108	95	-1
108	96	-1
108	97	L
108	98	-1
108	99	-1
108	100	-1
108	101	-1
108	102	-1
108	103	L
108	104	-1
108	105	L
108	106	L
108	107	-1
108	108	L
108	109	-1
108	110	L
108	111	L
108	112	L
108	113	-1
108	114	-1
108	115	-1
108	116	-1
108	117	L
108	118	-1
108	119	L
109	0	L
109	1	L
109	2	-1
109	3	-1
109	4	-1
109	5	-1
109	6	L
109	7	L
109	8	-1
109	9	L
109	10	L
109	11	-1
109	12	-1
109	13	-1
109	14	U
109	15	-1
109	16	U
109	17	U
109	18	-1
109	19	-1
109	20	U
109	21	U
109	22	U
109	23	-1
109	24	U
109	25	L
109	26	L
109	27	L
109	28	L
109	29	-1
109	30	-1
109	31	L
109	32	-1
109	33	L
109	34	L
109	35	-1
109	36	-1
109	37	L
109	38	-1
109	39	L
109	40	L
109	41	L
109	42	L
109	43	-1
109	44	L
109	45	L
109	46	-1
109	47	L
109	48	L
109	49	-1
109	50	L
109	51	L
109	52	-1
109	53	-1
109	54	-1
109	55	-1
109	56	-1
109	57	-1
109	58	L
109	59	L
109	60	-1
109	61	-1
109	62	L
109	63	-1
109	64	-1
109	65	-1
109	66	-1
109	67	-1
109	68	-1
109	69	L
109	70	-1
109	71	-1
109	72	-1
109	73	L
109	74	L
109	75	-1
109	76	-1
109	77	L
109	78	-1
109	79	L
109	80	-1
109	81	L
109	82	L
109	83	-1
109	84	L
109	85	U
109	86	-1
109	87	-1
109	88	-1
109	89	-1
109	90	U
109	91	L
109	92	L
109	93	-1
109	94	L
109	95	L
109	96	-1
109	97	-1
109	98	-1
109	99	L
109	100	-1
109	101	-1
109	102	L
109	103	-1
109	104	-1
109	105	L
109	106	L
109	107	L
109	108	-1
109	109	L
109	110	L
109	111	L
109	112	L
109	113	-1
109	114	-1
109	115	-1
109	116	L
109	117	-1
109	118	-1
109	119	L
110	0	L
110	1	-1
110	2	-1
110	3	-1
110	4	-1
110	5	-1
110	6	-1
110	7	L
110	8	-1
110	9	L
110	10	-1
110	11	L
110	12	-1
110	13	-1
110	14	-1
110	15	U
110	16	U
110	17	U
110	18	U
110	19	U
110	20	-1
110	21	-1
110	22	-1
110	23	-1
110	24	-1
110	25	L
110	26	L
110	27	L
110	28	-1
110	29	L
110	30	-1
110	31	L
110	32	L
110	33	L
110	34	L
110	35	L
110	36	L
110	37	-1
110	38	-1
110	39	-1
110	40	-1
110	41	L
110	42	L
110	43	L
110	44	L
110	45	L
110	46	-1
110	47	-1
110	48	-1
110	49	L
110	50	-1
110	51	L
110	52	L
110	53	-1
110	54	-1
110	55	-1
110	56	-1
110	57	-1
110	58	L
110	59	-1
110	60	-1
110	61	-1
110	62	-1
110	63	-1
110	64	-1
110	65	-1
110	66	-1
110	67	L
110	68	-1
110	69	L
110	70	L
110	71	-1
110	72	-1
110	73	L
110	74	-1
110	75	-1
110	76	-1
110	77	L
110	78	L
110	79	-1
110	80	-1
110	81	-1
110	82	L
110	83	L
110	84	-1
110	85	-1
110	86	U
110	87	-1
110	88	-1
110	89	-1
110	90	-1
110	91	-1
110	92	-1
110	93	-1
110	94	L
110	95	L
110	96	-1
110	97	-1
110	98	L
110	99	L
110	100	-1
110	101	-1
110	102	-1
110	103	-1
110	104	-1
110	105	-1
110	106	-1
110	107	-1
110	108	U
110	109	-1
110	110	L
110	111	L
110	112	-1
110	113	-1
110	114	-1
110	115	L
110	116	L
110	117	-1
110	118	-1
110	119	L
111	0	L
111	1	L
111	2	-1
111	3	-1
111	4	-1
111	5	-1
111	6	L
111	7	L
111	8	L
111	9	L
111	10	-1
111	11	-1
111	12	U
111	13	U
111	14	L
111	15	L
111	16	U
111	17	U
111	18	U
111	19	-1
111	20	U
111	21	U
111	22	-1
111	23	L
111	24	L
111	25	L
111	26	L
111	27	-1
111	28	L
111	29	-1
111	30	-1
111	31	L
111	32	L
111	33	L
111	34	L
111	35	L
111	36	L
111	37	L
111	38	L
111	39	-1
111	40	-1
111	41	L
111	42	L
111	43	-1
111	44	-1
111	45	L
111	46	L
111	47	L
111	48	L
111	49	L
111	50	L
111	51	-1
111	52	-1
111	53	L
111	54	L
111	55	L
111	56	L
111	57	L
111	58	L
111	59	L
111	60	-1
111	61	L
111	62	-1
111	63	-1
111	64	L
111	65	-1
111	66	-1
111	67	-1
111	68	-1
111	69	L
111	70	-1
111	71	-1
111	72	-1
111	73	-1
111	74	L
111	75	-1
111	76	L
111	77	L
111	78	-1
111	79	-1
111	80	L
111	81	-1
111	82	L
111	83	-1
111	84	-1
111	85	L
111	86	-1
111	87	-1
111	88	-1
111	89	L
111	90	U
111	91	U
111	92	L
111	93	L
111	94	-1
111	95	L
111	96	-1
111	97	-1
111	98	-1
111	99	-1
111	100	-1
111	101	-1
111	102	-1
111	103	-1
111	104	-1
111	105	-1
111	106	-1
111	107	-1
111	108	U
111	109	-1
111	110	L
111	111	L
111	112	L
111	113	L
111	114	-1
111	115	-1
111	116	-1
111	117	L
111	118	-1
111	119	L
112	0	-1
112	1	L
112	2	L
112	3	L
112	4	L
112	5	-1
112	6	L
112	7	L
112	8	-1
112	9	-1
112	10	L
112	11	L
112	12	U
112	13	U
112	14	U
112	15	L
112	16	U
112	17	-1
112	18	-1
112	19	U
112	20	-1
112	21	U
112	22	-1
112	23	-1
112	24	L
112	25	-1
112	26	L
112	27	L
112	28	L
112	29	-1
112	30	L
112	31	-1
112	32	-1
112	33	L
112	34	-1
112	35	-1
112	36	-1
112	37	-1
112	38	-1
112	39	L
112	40	-1
112	41	-1
112	42	-1
112	43	-1
112	44	L
112	45	-1
112	46	-1
112	47	-1
112	48	-1
112	49	L
112	50	L
112	51	-1
112	52	L
112	53	-1
112	54	L
112	55	L
112	56	-1
112	57	-1
112	58	L
112	59	-1
112	60	L
112	61	L
112	62	L
112	63	-1
112	64	-1
112	65	-1
112	66	-1
112	67	-1
112	68	-1
112	69	-1
112	70	-1
112	71	-1
112	72	-1
112	73	-1
112	74	-1
112	75	-1
112	76	-1
112	77	L
112	78	-1
112	79	-1
112	80	-1
112	81	-1
112	82	-1
112	83	L
112	84	L
112	85	-1
112	86	L
112	87	-1
112	88	-1
112	89	L
112	90	-1
112	91	L
112	92	L
112	93	-1
112	94	-1
112	95	-1
112	96	L
112	97	L
112	98	L
112	99	-1
112	100	-1
112	101	-1
112	102	L
112	103	L
112	104	-1
112	105	-1
112	106	-1
112	107	U
112	108	-1
112	109	-1
112	110	-1
112	111	L
112	112	L
112	113	-1
112	114	-1
112	115	L
112	116	-1
112	117	L
112	118	L
112	119	L
113	0	L
113	1	-1
113	2	L
113	3	L
113	4	-1
113	5	-1
113	6	-1
113	7	-1
113	8	-1
113	9	L
113	10	-1
113	11	-1
113	12	-1
113	13	-1
113	14	U
113	15	U
113	16	U
113	17	-1
113	18	-1
113	19	U
113	20	U
113	21	U
113	22	-1
113	23	L
113	24	U
113	25	-1
113	26	-1
113	27	-1
113	28	L
113	29	L
113	30	L
113	31	L
113	32	-1
113	33	-1
113	34	L
113	35	L
113	36	L
113	37	-1
113	38	L
113	39	L
113	40	L
113	41	L
113	42	-1
113	43	-1
113	44	-1
113	45	L
113	46	L
113	47	-1
113	48	L
113	49	-1
113	50	L
113	51	-1
113	52	L
113	53	-1
113	54	-1
113	55	-1
113	56	L
113	57	L
113	58	L
113	59	-1
113	60	-1
113	61	-1
113	62	-1
113	63	L
113	64	-1
113	65	-1
113	66	-1
113	67	-1
113	68	L
113	69	-1
113	70	L
113	71	-1
113	72	-1
113	73	-1
113	74	-1
113	75	-1
113	76	-1
113	77	-1
113	78	-1
113	79	-1
113	80	-1
113	81	-1
113	82	L
113	83	-1
113	84	L
113	85	L
113	86	-1
113	87	-1
113	88	-1
113	89	-1
113	90	-1
113	91	L
113	92	-1
113	93	-1
113	94	L
113	95	-1
113	96	-1
113	97	-1
113	98	-1
113	99	L
113	100	-1
113	101	L
113	102	-1
113	103	L
113	104	L
113	105	-1
113	106	U
113	107	-1
113	108	-1
113	109	U
113	110	-1
113	111	-1
113	112	-1
113	113	-1
113	114	-1
113	115	L
113	116	L
113	117	L
113	118	-1
113	119	-1
114	0	-1
114	1	L
114	2	L
114	3	L
114	4	L
114	5	-1
114	6	-1
114	7	-1
114	8	-1
114	9	-1
114	10	-1
114	11	L
114	12	L
114	13	U
114	14	U
114	15	-1
114	16	-1
114	17	-1
114	18	-1
114	19	U
114	20	U
114	21	-1
114	22	-1
114	23	-1
114	24	U
114	25	-1
114	26	L
114	27	L
114	28	L
114	29	-1
114	30	-1
114	31	-1
114	32	-1
114	33	-1
114	34	-1
114	35	L
114	36	-1
114	37	L
114	38	L
114	39	L
114	40	L
114	41	L
114	42	L
114	43	-1
114	44	L
114	45	L
114	46	L
114	47	-1
114	48	L
114	49	-1
114	50	-1
114	51	-1
114	52	L
114	53	L
114	54	-1
114	55	L
114	56	-1
114	57	L
114	58	-1
114	59	L
114	60	L
114	61	-1
114	62	-1
114	63	-1
114	64	L
114	65	-1
114	66	-1
114	67	L
114	68	L
114	69	-1
114	70	L
114	71	L
114	72	-1
114	73	L
114	74	-1
114	75	L
114	76	L
114	77	L
114	78	L
114	79	L
114	80	L
114	81	L
114	82	-1
114	83	-1
114	84	L
114	85	-1
114	86	U
114	87	-1
114	88	-1
114	89	-1
114	90	U
114	91	L
114	92	L
114	93	-1
114	94	L
114	95	-1
114	96	-1
114	97	-1
114	98	-1
114	99	L
114	100	L
114	101	L
114	102	L
114	103	-1
114	104	-1
114	105	-1
114	106	U
114	107	L
114	108	U
114	109	-1
114	110	-1
114	111	L
114	112	-1
114	113	-1
114	114	-1
114	115	-1
114	116	L
114	117	-1
114	118	L
114	119	-1
115	0	-1
115	1	-1
115	2	L
115	3	-1
115	4	-1
115	5	L
115	6	L
115	7	-1
115	8	L
115	9	L
115	10	-1
115	11	L
115	12	U
115	13	L
115	14	U
115	15	-1
115	16	-1
115	17	-1
115	18	U
115	19	-1
115	20	-1
115	21	-1
115	22	-1
115	23	-1
115	24	U
115	25	-1
115	26	-1
115	27	-1
115	28	L
115	29	-1
115	30	-1
115	31	-1
115	32	-1
115	33	-1
115	34	-1
115	35	-1
115	36	-1
115	37	L
115	38	-1
115	39	L
115	40	L
115	41	L
115	42	-1
115	43	-1
115	44	-1
115	45	-1
115	46	L
115	47	L
115	48	L
115	49	L
115	50	-1
115	51	-1
115	52	L
115	53	L
115	54	L
115	55	-1
115	56	-1
115	57	-1
115	58	-1
115	59	-1
115	60	L
115	61	-1
115	62	L
115	63	-1
115	64	-1
115	65	L
115	66	-1
115	67	-1
115	68	L
115	69	L
115	70	-1
115	71	L
115	72	-1
115	73	-1
115	74	-1
115	75	-1
115	76	-1
115	77	L
115	78	-1
115	79	L
115	80	L
115	81	-1
115	82	L
115	83	L
115	84	-1
115	85	-1
115	86	-1
115	87	-1
115	88	-1
115	89	-1
115	90	L
115	91	L
115	92	L
115	93	L
115	94	-1
115	95	L
115	96	-1
115	97	L
115	98	L
115	99	-1
115	100	-1
115	101	-1
115	102	-1
115	103	L
115	104	L
115	105	-1
115	106	-1
115	107	L
115	108	-1
115	109	U
115	110	-1
115	111	-1
115	112	L
115	113	-1
115	114	-1
115	115	-1
115	116	L
115	117	-1
115	118	L
115	119	L
116	0	-1
116	1	-1
116	2	-1
116	3	L
116	4	L
116	5	-1
116	6	L
116	7	L
116	8	L
116	9	-1
116	10	-1
116	11	U
116	12	-1
116	13	-1
116	14	U
116	15	U
116	16	-1
116	17	U
116	18	U
116	19	-1
116	20	-1
116	21	-1
116	22	-1
116	23	U
116	24	U
116	25	U
116	26	-1
116	27	L
116	28	-1
116	29	L
116	30	-1
116	31	L
116	32	-1
116	33	-1
116	34	-1
116	35	-1
116	36	-1
116	37	-1
116	38	L
116	39	L
116	40	-1
116	41	L
116	42	L
116	43	L
116	44	-1
116	45	-1
116	46	-1
116	47	-1
116	48	L
116	49	L
116	50	L
116	51	L
116	52	L
116	53	-1
116	54	L
116	55	L
116	56	L
116	57	-1
116	58	L
116	59	-1
116	60	-1
116	61	-1
116	62	-1
116	63	-1
116	64	-1
116	65	-1
116	66	U
116	67	L
116	68	-1
116	69	U
116	70	-1
116	71	-1
116	72	L
116	73	-1
116	74	L
116	75	-1
116	76	-1
116	77	L
116	78	L
116	79	L
116	80	-1
116	81	-1
116	82	-1
116	83	L
116	84	L
116	85	L
116	86	L
116	87	L
116	88	L
116	89	L
116	90	L
116	91	L
116	92	L
116	93	L
116	94	L
116	95	-1
116	96	L
116	97	L
116	98	-1
116	99	-1
116	100	-1
116	101	-1
116	102	-1
116	103	L
116	104	-1
116	105	-1
116	106	-1
116	107	-1
116	108	-1
116	109	-1
116	110	U
116	111	-1
116	112	-1
116	113	L
116	114	L
116	115	-1
116	116	-1
116	117	-1
116	118	L
116	119	L
117	0	L
117	1	-1
117	2	L
117	3	-1
117	4	-1
117	5	L
117	6	-1
117	7	-1
117	8	-1
117	9	-1
117	10	L
117	11	-1
117	12	-1
117	13	-1
117	14	U
117	15	-1
117	16	U
117	17	L
117	18	-1
117	19	-1
117	20	-1
117	21	-1
117	22	L
117	23	U
117	24	-1
117	25	U
117	26	-1
117	27	-1
117	28	-1
117	29	-1
117	30	L
117	31	-1
117	32	L
117	33	-1
117	34	-1
117	35	-1
117	36	-1
117	37	L
117	38	-1
117	39	-1
117	40	L
117	41	L
117	42	L
117	43	-1
117	44	L
117	45	-1
117	46	-1
117	47	L
117	48	L
117	49	-1
117	50	L
117	51	-1
117	52	-1
117	53	-1
117	54	-1
117	55	L
117	56	-1
117	57	-1
117	58	L
117	59	-1
117	60	-1
117	61	-1
117	62	-1
117	63	L
117	64	L
117	65	-1
117	66	-1
117	67	-1
117	68	-1
117	69	-1
117	70	-1
117	71	L
117	72	U
117	73	-1
117	74	-1
117	75	L
117	76	-1
117	77	-1
117	78	L
117	79	-1
117	80	-1
117	81	L
117	82	L
117	83	-1
117	84	L
117	85	-1
117	86	-1
117	87	L
117	88	-1
117	89	L
117	90	-1
117	91	-1
117	92	-1
117	93	L
117	94	L
117	95	L
117	96	-1
117	97	-1
117	98	-1
117	99	-1
117	100	-1
117	101	-1
117	102	-1
117	103	L
117	104	-1
117	105	-1
117	106	-1
117	107	L
117	108	L
117	109	-1
117	110	-1
117	111	U
117	112	-1
117	113	-1
117	114	-1
117	115	-1
117	116	-1
117	117	-1
117	118	-1
117	119	L
118	0	-1
118	1	-1
118	2	L
118	3	L
118	4	L
118	5	L
118	6	-1
118	7	-1
118	8	-1
118	9	L
118	10	L
118	11	L
118	12	L
118	13	-1
118	14	U
118	15	-1
118	16	U
118	17	-1
118	18	-1
118	19	-1
118	20	-1
118	21	L
118	22	L
118	23	-1
118	24	-1
118	25	-1
118	26	-1
118	27	-1
118	28	-1
118	29	L
118	30	-1
118	31	-1
118	32	L
118	33	L
118	34	L
118	35	-1
118	36	-1
118	37	L
118	38	-1
118	39	-1
118	40	L
118	41	-1
118	42	-1
118	43	-1
118	44	-1
118	45	L
118	46	-1
118	47	-1
118	48	L
118	49	-1
118	50	-1
118	51	-1
118	52	-1
118	53	-1
118	54	L
118	55	-1
118	56	-1
118	57	-1
118	58	-1
118	59	U
118	60	-1
118	61	U
118	62	-1
118	63	U
118	64	U
118	65	L
118	66	L
118	67	-1
118	68	L
118	69	-1
118	70	-1
118	71	-1
118	72	U
118	73	-1
118	74	-1
118	75	-1
118	76	-1
118	77	-1
118	78	-1
118	79	L
118	80	L
118	81	-1
118	82	L
118	83	-1
118	84	-1
118	85	L
118	86	-1
118	87	-1
118	88	L
118	89	-1
118	90	-1
118	91	-1
118	92	-1
118	93	-1
118	94	-1
118	95	-1
118	96	-1
118	97	-1
118	98	-1
118	99	-1
118	100	-1
118	101	-1
118	102	-1
118	103	-1
118	104	-1
118	105	-1
118	106	L
118	107	L
118	108	L
118	109	-1
118	110	-1
118	111	L
118	112	-1
118	113	-1
118	114	-1
118	115	-1
118	116	L
118	117	L
118	118	-1
118	119	L
119	0	L
119	1	L
119	2	-1
119	3	-1
119	4	-1
119	5	-1
119	6	L
119	7	L
119	8	-1
119	9	L
119	10	-1
119	11	L
119	12	L
119	13	-1
119	14	-1
119	15	U
119	16	-1
119	17	L
119	18	L
119	19	L
119	20	-1
119	21	L
119	22	L
119	23	-1
119	24	-1
119	25	-1
119	26	-1
119	27	L
119	28	L
119	29	-1
119	30	-1
119	31	-1
119	32	-1
119	33	L
119	34	L
119	35	-1
119	36	-1
119	37	-1
119	38	L
119	39	-1
119	40	-1
119	41	-1
119	42	L
119	43	L
119	44	-1
119	45	-1
119	46	L
119	47	L
119	48	-1
119	49	L
119	50	-1
119	51	-1
119	52	-1
119	53	-1
119	54	L
119	55	-1
119	56	-1
119	57	-1
119	58	-1
119	59	U
119	60	U
119	61	U
119	62	U
119	63	-1
119	64	L
119	65	U
119	66	L
119	67	-1
119	68	-1
119	69	-1
119	70	L
119	71	-1
119	72	-1
119	73	-1
119	74	-1
119	75	-1
119	76	-1
119	77	L
119	78	L
119	79	L
119	80	-1
119	81	-1
119	82	-1
119	83	-1
119	84	-1
119	85	-1
119	86	-1
119	87	-1
119	88	-1
119	89	-1
119	90	-1
119	91	L
119	92	L
119	93	-1
119	94	L
119	95	L
119	96	-1
119	97	-1
119	98	-1
119	99	-1
119	100	L
119	101	-1
119	102	-1
119	103	-1
119	104	L
119	105	L
119	106	L
119	107	L
119	108	L
119	109	L
119	110	L
119	111	L
119	112	U
119	113	-1
119	114	-1
119	115	-1
119	116	L
119	117	L
119	118	-1
119	119	L
