0	0	Lp
0	1	Lp
0	2	Lp
0	3	Lp
0	4	Lp
0	5	-1
0	6	Lp
0	7	Lp
0	8	Lp
0	9	Lp
0	10	-1
0	11	-1
0	12	-1
0	13	L
0	14	L
0	15	L
0	16	-1
0	17	Lp
0	18	Lp
0	19	Lp
0	20	Lp
0	21	Lp
0	22	L
0	23	L
0	24	L
0	25	Lp
0	26	L
0	27	Lp
0	28	L
0	29	Lp
0	30	Lp
0	31	-1
0	32	U
0	33	U
0	34	Lp
0	35	U
0	36	Lp
0	37	Lp
0	38	Lp
0	39	Lp
0	40	Lp
0	41	L
0	42	Lp
0	43	Lp
0	44	Lp
0	45	Lp
0	46	Lp
0	47	-1
0	48	Lp
0	49	-1
0	50	Lp
0	51	Lp
0	52	Lp
0	53	Lp
0	54	U
0	55	-1
0	56	Lp
0	57	Lp
0	58	Lp
0	59	-1
0	60	-1
0	61	Lp
0	62	Lp
0	63	Lp
0	64	Lp
0	65	Lp
0	66	Lp
0	67	Lp
0	68	Lp
0	69	Lp
0	70	Lp
0	71	Lp
0	72	Lp
0	73	Lp
0	74	Lp
0	75	Lp
0	76	Lp
0	77	Lp
0	78	Lp
0	79	Lp
0	80	Lp
0	81	Lp
0	82	Lp
0	83	Lp
0	84	Lp
0	85	Lp
0	86	-1
0	87	Lp
0	88	Lp
0	89	Lp
0	90	Lp
0	91	Lp
0	92	Lp
0	93	Lp
0	94	Lp
0	95	Lp
0	96	Lp
0	97	-1
0	98	Lp
0	99	Lp
0	100	Lp
0	101	Lp
0	102	L
0	103	L
0	104	-1
0	105	Lp
0	106	Lp
0	107	Lp
0	108	Lp
0	109	-1
0	110	Lp
0	111	Lp
0	112	Lp
0	113	Lp
0	114	Lp
0	115	Lp
0	116	Lp
0	117	Lp
0	118	Lp
0	119	Lp
1	0	Lp
1	1	-1
1	2	Lp
1	3	Lp
1	4	Lp
1	5	-1
1	6	Lp
1	7	-1
1	8	Lp
1	9	Lp
1	10	Lp
1	11	Lp
1	12	L
1	13	L
1	14	L
1	15	L
1	16	-1
1	17	-1
1	18	L
1	19	Lp
1	20	Lp
1	21	Lp
1	22	L
1	23	Lp
1	24	L
1	25	L
1	26	-1
1	27	L
1	28	L
1	29	Lp
1	30	Lp
1	31	Lp
1	32	Lp
1	33	Lp
1	34	-1
1	35	Lp
1	36	U
1	37	Lp
1	38	Lp
1	39	-1
1	40	Lp
1	41	Lp
1	42	Lp
1	43	Lp
1	44	Lp
1	45	Lp
1	46	Lp
1	47	Lp
1	48	Lp
1	49	Lp
1	50	Lp
1	51	Lp
1	52	Lp
1	53	Lp
1	54	Lp
1	55	Lp
1	56	-1
1	57	Lp
1	58	Lp
1	59	Lp
1	60	Lp
1	61	Lp
1	62	Lp
1	63	Lp
1	64	Lp
1	65	Lp
1	66	Lp
1	67	Lp
1	68	Lp
1	69	Lp
1	70	Lp
1	71	Lp
1	72	Lp
1	73	Lp
1	74	Lp
1	75	Lp
1	76	Lp
1	77	-1
1	78	Lp
1	79	Lp
1	80	Lp
1	81	Lp
1	82	Lp
1	83	Lp
1	84	Lp
1	85	Lp
1	86	Lp
1	87	Lp
1	88	Lp
1	89	Lp
1	90	Lp
1	91	U
1	92	U
1	93	Lp
1	94	Lp
1	95	Lp
1	96	Lp
1	97	Lp
1	98	U
1	99	Lp
1	100	Lp
1	101	Lp
1	102	Lp
1	103	Lp
1	104	Lp
1	105	Lp
1	106	Lp
1	107	Lp
1	108	Lp
1	109	Lp
1	110	Lp
1	111	Lp
1	112	-1
1	113	Lp
1	114	Lp
1	115	-1
1	116	Lp
1	117	Lp
1	118	Lp
1	119	Lp
2	0	-1
2	1	Lp
2	2	Lp
2	3	Lp
2	4	Lp
2	5	Lp
2	6	-1
2	7	Lp
2	8	Lp
2	9	L
2	10	Lp
2	11	Lp
2	12	Lp
2	13	Lp
2	14	L
2	15	U
2	16	L
2	17	-1
2	18	Lp
2	19	L
2	20	Lp
2	21	Lp
2	22	Lp
2	23	-1
2	24	-1
2	25	L
2	26	L
2	27	L
2	28	L
2	29	Lp
2	30	-1
2	31	Lp
2	32	Lp
2	33	U
2	34	U
2	35	U
2	36	U
2	37	Lp
2	38	Lp
2	39	Lp
2	40	Lp
2	41	Lp
2	42	Lp
2	43	Lp
2	44	Lp
2	45	Lp
2	46	Lp
2	47	Lp
2	48	Lp
2	49	U
2	50	Lp
2	51	L
2	52	Lp
2	53	L
2	54	-1
2	55	-1
2	56	Lp
2	57	Lp
2	58	Lp
2	59	Lp
2	60	Lp
2	61	Lp
2	62	Lp
2	63	Lp
2	64	Lp
2	65	U
2	66	Lp
2	67	Lp
2	68	Lp
2	69	Lp
2	70	Lp
2	71	Lp
2	72	Lp
2	73	Lp
2	74	Lp
2	75	Lp
2	76	Lp
2	77	Lp
2	78	Lp
2	79	Lp
2	80	-1
2	81	Lp
2	82	Lp
2	83	Lp
2	84	Lp
2	85	Lp
2	86	Lp
2	87	Lp
2	88	Lp
2	89	Lp
2	90	Lp
2	91	Lp
2	92	Lp
2	93	Lp
2	94	Lp
2	95	Lp
2	96	Lp
2	97	Lp
2	98	Lp
2	99	Lp
2	100	Lp
2	101	-1
2	102	Lp
2	103	U
2	104	Lp
2	105	-1
2	106	Lp
2	107	Lp
2	108	-1
2	109	Lp
2	110	Lp
2	111	Lp
2	112	Lp
2	113	Lp
2	114	Lp
2	115	Lp
2	116	Lp
2	117	Lp
2	118	Lp
2	119	Lp
3	0	Lp
3	1	Lp
3	2	Lp
3	3	Lp
3	4	Lp
3	5	U
3	6	Lp
3	7	Lp
3	8	Lp
3	9	L
3	10	Lp
3	11	Lp
3	12	Lp
3	13	Lp
3	14	L
3	15	L
3	16	L
3	17	Lp
3	18	-1
3	19	L
3	20	Lp
3	21	Lp
3	22	-1
3	23	L
3	24	Lp
3	25	-1
3	26	L
3	27	L
3	28	Lp
3	29	Lp
3	30	-1
3	31	Lp
3	32	Lp
3	33	Lp
3	34	Lp
3	35	Lp
3	36	Lp
3	37	U
3	38	Lp
3	39	Lp
3	40	Lp
3	41	Lp
3	42	Lp
3	43	Lp
3	44	Lp
3	45	Lp
3	46	Lp
3	47	Lp
3	48	Lp
3	49	Lp
3	50	Lp
3	51	Lp
3	52	L
3	53	L
3	54	Lp
3	55	Lp
3	56	Lp
3	57	Lp
3	58	Lp
3	59	Lp
3	60	Lp
3	61	Lp
3	62	Lp
3	63	Lp
3	64	Lp
3	65	U
3	66	Lp
3	67	Lp
3	68	Lp
3	69	Lp
3	70	Lp
3	71	Lp
3	72	-1
3	73	Lp
3	74	Lp
3	75	Lp
3	76	Lp
3	77	Lp
3	78	Lp
3	79	-1
3	80	Lp
3	81	Lp
3	82	Lp
3	83	Lp
3	84	-1
3	85	Lp
3	86	Lp
3	87	Lp
3	88	Lp
3	89	Lp
3	90	Lp
3	91	U
3	92	Lp
3	93	Lp
3	94	Lp
3	95	Lp
3	96	Lp
3	97	Lp
3	98	Lp
3	99	Lp
3	100	Lp
3	101	Lp
3	102	Lp
3	103	Lp
3	104	Lp
3	105	Lp
3	106	Lp
3	107	Lp
3	108	Lp
3	109	Lp
3	110	Lp
3	111	Lp
3	112	-1
3	113	Lp
3	114	Lp
3	115	Lp
3	116	Lp
3	117	Lp
3	118	-1
3	119	Lp
4	0	Lp
4	1	U
4	2	Lp
4	3	Lp
4	4	Lp
4	5	Lp
4	6	Lp
4	7	-1
4	8	Lp
4	9	Lp
4	10	-1
4	11	Lp
4	12	Lp
4	13	Lp
4	14	L
4	15	Lp
4	16	Lp
4	17	L
4	18	L
4	19	L
4	20	L
4	21	-1
4	22	Lp
4	23	L
4	24	Lp
4	25	L
4	26	-1
4	27	Lp
4	28	Lp
4	29	Lp
4	30	Lp
4	31	Lp
4	32	-1
4	33	Lp
4	34	Lp
4	35	Lp
4	36	-1
4	37	U
4	38	Lp
4	39	Lp
4	40	Lp
4	41	Lp
4	42	Lp
4	43	Lp
4	44	Lp
4	45	Lp
4	46	Lp
4	47	U
4	48	-1
4	49	Lp
4	50	Lp
4	51	L
4	52	L
4	53	L
4	54	Lp
4	55	Lp
4	56	Lp
4	57	Lp
4	58	Lp
4	59	U
4	60	U
4	61	Lp
4	62	Lp
4	63	Lp
4	64	Lp
4	65	Lp
4	66	Lp
4	67	Lp
4	68	Lp
4	69	Lp
4	70	Lp
4	71	L
4	72	L
4	73	Lp
4	74	Lp
4	75	Lp
4	76	Lp
4	77	Lp
4	78	Lp
4	79	Lp
4	80	Lp
4	81	Lp
4	82	-1
4	83	Lp
4	84	Lp
4	85	-1
4	86	Lp
4	87	Lp
4	88	Lp
4	89	Lp
4	90	-1
4	91	U
4	92	Lp
4	93	Lp
4	94	Lp
4	95	Lp
4	96	Lp
4	97	-1
4	98	Lp
4	99	Lp
4	100	Lp
4	101	Lp
4	102	Lp
4	103	-1
4	104	Lp
4	105	Lp
4	106	Lp
4	107	Lp
4	108	Lp
4	109	Lp
4	110	Lp
4	111	Lp
4	112	Lp
4	113	Lp
4	114	Lp
4	115	Lp
4	116	Lp
4	117	-1
4	118	Lp
4	119	Lp
5	0	Lp
5	1	U
5	2	Lp
5	3	Lp
5	4	Lp
5	5	Lp
5	6	Lp
5	7	Lp
5	8	Lp
5	9	-1
5	10	Lp
5	11	Lp
5	12	Lp
5	13	Lp
5	14	Lp
5	15	Lp
5	16	-1
5	17	L
5	18	U
5	19	Lp
5	20	-1
5	21	L
5	22	L
5	23	Lp
5	24	Lp
5	25	L
5	26	L
5	27	Lp
5	28	Lp
5	29	Lp
5	30	Lp
5	31	Lp
5	32	Lp
5	33	Lp
5	34	Lp
5	35	Lp
5	36	Lp
5	37	L
5	38	L
5	39	-1
5	40	Lp
5	41	Lp
5	42	Lp
5	43	Lp
5	44	Lp
5	45	Lp
5	46	Lp
5	47	Lp
5	48	Lp
5	49	Lp
5	50	Lp
5	51	L
5	52	U
5	53	-1
5	54	Lp
5	55	Lp
5	56	Lp
5	57	Lp
5	58	Lp
5	59	U
5	60	U
5	61	Lp
5	62	Lp
5	63	Lp
5	64	Lp
5	65	Lp
5	66	Lp
5	67	Lp
5	68	Lp
5	69	Lp
5	70	Lp
5	71	Lp
5	72	Lp
5	73	-1
5	74	Lp
5	75	L
5	76	Lp
5	77	-1
5	78	Lp
5	79	Lp
5	80	Lp
5	81	Lp
5	82	Lp
5	83	Lp
5	84	Lp
5	85	Lp
5	86	Lp
5	87	Lp
5	88	Lp
5	89	-1
5	90	Lp
5	91	Lp
5	92	Lp
5	93	Lp
5	94	Lp
5	95	Lp
5	96	Lp
5	97	-1
5	98	Lp
5	99	Lp
5	100	-1
5	101	Lp
5	102	Lp
5	103	Lp
5	104	Lp
5	105	Lp
5	106	Lp
5	107	Lp
5	108	Lp
5	109	Lp
5	110	L
5	111	Lp
5	112	Lp
5	113	Lp
5	114	Lp
5	115	Lp
5	116	Lp
5	117	Lp
5	118	Lp
5	119	Lp
6	0	Lp
6	1	Lp
6	2	U
6	3	Lp
6	4	Lp
6	5	Lp
6	6	Lp
6	7	Lp
6	8	Lp
6	9	Lp
6	10	Lp
6	11	Lp
6	12	Lp
6	13	Lp
6	14	Lp
6	15	Lp
6	16	L
6	17	L
6	18	U
6	19	U
6	20	L
6	21	L
6	22	-1
6	23	Lp
6	24	L
6	25	Lp
6	26	Lp
6	27	Lp
6	28	Lp
6	29	-1
6	30	-1
6	31	Lp
6	32	Lp
6	33	Lp
6	34	Lp
6	35	Lp
6	36	-1
6	37	L
6	38	L
6	39	L
6	40	Lp
6	41	Lp
6	42	Lp
6	43	Lp
6	44	Lp
6	45	U
6	46	Lp
6	47	U
6	48	Lp
6	49	L
6	50	Lp
6	51	U
6	52	-1
6	53	Lp
6	54	Lp
6	55	Lp
6	56	Lp
6	57	Lp
6	58	Lp
6	59	Lp
6	60	-1
6	61	Lp
6	62	Lp
6	63	Lp
6	64	Lp
6	65	Lp
6	66	Lp
6	67	Lp
6	68	Lp
6	69	Lp
6	70	-1
6	71	Lp
6	72	Lp
6	73	Lp
6	74	L
6	75	Lp
6	76	Lp
6	77	Lp
6	78	Lp
6	79	Lp
6	80	Lp
6	81	Lp
6	82	Lp
6	83	Lp
6	84	-1
6	85	Lp
6	86	-1
6	87	Lp
6	88	Lp
6	89	U
6	90	-1
6	91	Lp
6	92	Lp
6	93	Lp
6	94	Lp
6	95	Lp
6	96	Lp
6	97	U
6	98	Lp
6	99	Lp
6	100	-1
6	101	Lp
6	102	Lp
6	103	Lp
6	104	Lp
6	105	Lp
6	106	-1
6	107	Lp
6	108	Lp
6	109	Lp
6	110	Lp
6	111	-1
6	112	Lp
6	113	Lp
6	114	Lp
6	115	Lp
6	116	Lp
6	117	Lp
6	118	Lp
6	119	Lp
7	0	-1
7	1	Lp
7	2	Lp
7	3	-1
7	4	Lp
7	5	Lp
7	6	Lp
7	7	Lp
7	8	Lp
7	9	Lp
7	10	Lp
7	11	-1
7	12	Lp
7	13	Lp
7	14	Lp
7	15	Lp
7	16	-1
7	17	Lp
7	18	U
7	19	Lp
7	20	Lp
7	21	U
7	22	-1
7	23	Lp
7	24	Lp
7	25	Lp
7	26	Lp
7	27	Lp
7	28	Lp
7	29	Lp
7	30	Lp
7	31	Lp
7	32	Lp
7	33	Lp
7	34	Lp
7	35	Lp
7	36	L
7	37	L
7	38	L
7	39	L
7	40	L
7	41	Lp
7	42	L
7	43	Lp
7	44	-1
7	45	U
7	46	U
7	47	U
7	48	L
7	49	-1
7	50	Lp
7	51	Lp
7	52	Lp
7	53	U
7	54	Lp
7	55	Lp
7	56	Lp
7	57	Lp
7	58	Lp
7	59	Lp
7	60	Lp
7	61	L
7	62	Lp
7	63	Lp
7	64	Lp
7	65	Lp
7	66	Lp
7	67	Lp
7	68	Lp
7	69	Lp
7	70	-1
7	71	Lp
7	72	Lp
7	73	Lp
7	74	Lp
7	75	Lp
7	76	Lp
7	77	Lp
7	78	Lp
7	79	Lp
7	80	Lp
7	81	Lp
7	82	L
7	83	-1
7	84	Lp
7	85	Lp
7	86	-1
7	87	Lp
7	88	Lp
7	89	Lp
7	90	U
7	91	Lp
7	92	Lp
7	93	Lp
7	94	Lp
7	95	Lp
7	96	Lp
7	97	Lp
7	98	L
7	99	Lp
7	100	Lp
7	101	Lp
7	102	Lp
7	103	Lp
7	104	-1
7	105	Lp
7	106	-1
7	107	Lp
7	108	L
7	109	L
7	110	L
7	111	Lp
7	112	Lp
7	113	Lp
7	114	Lp
7	115	Lp
7	116	Lp
7	117	Lp
7	118	Lp
7	119	Lp
8	0	Lp
8	1	Lp
8	2	Lp
8	3	Lp
8	4	Lp
8	5	Lp
8	6	Lp
8	7	Lp
8	8	Lp
8	9	Lp
8	10	Lp
8	11	Lp
8	12	L
8	13	L
8	14	L
8	15	Lp
8	16	Lp
8	17	Lp
8	18	Lp
8	19	Lp
8	20	Lp
8	21	Lp
8	22	Lp
8	23	Lp
8	24	L
8	25	Lp
8	26	Lp
8	27	-1
8	28	Lp
8	29	Lp
8	30	Lp
8	31	Lp
8	32	Lp
8	33	Lp
8	34	Lp
8	35	L
8	36	-1
8	37	L
8	38	L
8	39	L
8	40	L
8	41	L
8	42	Lp
8	43	-1
8	44	Lp
8	45	-1
8	46	U
8	47	-1
8	48	Lp
8	49	Lp
8	50	L
8	51	Lp
8	52	Lp
8	53	Lp
8	54	L
8	55	Lp
8	56	Lp
8	57	Lp
8	58	Lp
8	59	Lp
8	60	L
8	61	L
8	62	L
8	63	Lp
8	64	Lp
8	65	Lp
8	66	Lp
8	67	-1
8	68	Lp
8	69	L
8	70	Lp
8	71	Lp
8	72	Lp
8	73	Lp
8	74	Lp
8	75	Lp
8	76	Lp
8	77	Lp
8	78	Lp
8	79	Lp
8	80	Lp
8	81	Lp
8	82	Lp
8	83	Lp
8	84	Lp
8	85	Lp
8	86	Lp
8	87	Lp
8	88	Lp
8	89	-1
8	90	Lp
8	91	Lp
8	92	Lp
8	93	Lp
8	94	Lp
8	95	Lp
8	96	Lp
8	97	Lp
8	98	Lp
8	99	L
8	100	L
8	101	Lp
8	102	Lp
8	103	Lp
8	104	-1
8	105	Lp
8	106	Lp
8	107	Lp
8	108	Lp
8	109	L
8	110	Lp
8	111	Lp
8	112	-1
8	113	Lp
8	114	Lp
8	115	Lp
8	116	Lp
8	117	Lp
8	118	Lp
8	119	Lp
9	0	Lp
9	1	Lp
9	2	Lp
9	3	U
9	4	Lp
9	5	Lp
9	6	Lp
9	7	Lp
9	8	U
9	9	Lp
9	10	Lp
9	11	Lp
9	12	Lp
9	13	L
9	14	L
9	15	Lp
9	16	Lp
9	17	Lp
9	18	Lp
9	19	Lp
9	20	-1
9	21	Lp
9	22	Lp
9	23	Lp
9	24	Lp
9	25	L
9	26	-1
9	27	Lp
9	28	-1
9	29	Lp
9	30	L
9	31	Lp
9	32	Lp
9	33	Lp
9	34	L
9	35	L
9	36	L
9	37	L
9	38	L
9	39	-1
9	40	L
9	41	L
9	42	-1
9	43	Lp
9	44	Lp
9	45	-1
9	46	L
9	47	U
9	48	L
9	49	-1
9	50	Lp
9	51	Lp
9	52	-1
9	53	Lp
9	54	L
9	55	Lp
9	56	Lp
9	57	Lp
9	58	Lp
9	59	Lp
9	60	Lp
9	61	L
9	62	Lp
9	63	-1
9	64	-1
9	65	Lp
9	66	Lp
9	67	Lp
9	68	Lp
9	69	Lp
9	70	L
9	71	Lp
9	72	Lp
9	73	Lp
9	74	Lp
9	75	Lp
9	76	Lp
9	77	Lp
9	78	Lp
9	79	Lp
9	80	Lp
9	81	Lp
9	82	Lp
9	83	Lp
9	84	Lp
9	85	Lp
9	86	Lp
9	87	Lp
9	88	Lp
9	89	Lp
9	90	Lp
9	91	Lp
9	92	Lp
9	93	Lp
9	94	Lp
9	95	Lp
9	96	Lp
9	97	Lp
9	98	L
9	99	L
9	100	Lp
9	101	U
9	102	U
9	103	Lp
9	104	Lp
9	105	Lp
9	106	Lp
9	107	Lp
9	108	Lp
9	109	Lp
9	110	Lp
9	111	Lp
9	112	Lp
9	113	Lp
9	114	Lp
9	115	Lp
9	116	U
9	117	Lp
9	118	Lp
9	119	Lp
10	0	-1
10	1	Lp
10	2	Lp
10	3	Lp
10	4	Lp
10	5	Lp
10	6	Lp
10	7	U
10	8	-1
10	9	Lp
10	10	-1
10	11	L
10	12	-1
10	13	Lp
10	14	Lp
10	15	Lp
10	16	Lp
10	17	Lp
10	18	Lp
10	19	Lp
10	20	-1
10	21	Lp
10	22	Lp
10	23	Lp
10	24	Lp
10	25	-1
10	26	L
10	27	L
10	28	Lp
10	29	Lp
10	30	-1
10	31	Lp
10	32	Lp
10	33	-1
10	34	L
10	35	L
10	36	L
10	37	L
10	38	-1
10	39	L
10	40	-1
10	41	L
10	42	L
10	43	Lp
10	44	Lp
10	45	L
10	46	U
10	47	L
10	48	L
10	49	Lp
10	50	Lp
10	51	Lp
10	52	Lp
10	53	L
10	54	L
10	55	Lp
10	56	-1
10	57	Lp
10	58	Lp
10	59	L
10	60	Lp
10	61	Lp
10	62	Lp
10	63	Lp
10	64	Lp
10	65	-1
10	66	Lp
10	67	Lp
10	68	Lp
10	69	Lp
10	70	-1
10	71	Lp
10	72	Lp
10	73	-1
10	74	-1
10	75	Lp
10	76	-1
10	77	Lp
10	78	Lp
10	79	Lp
10	80	Lp
10	81	Lp
10	82	Lp
10	83	Lp
10	84	Lp
10	85	Lp
10	86	Lp
10	87	Lp
10	88	Lp
10	89	Lp
10	90	-1
10	91	Lp
10	92	Lp
10	93	Lp
10	94	Lp
10	95	Lp
10	96	Lp
10	97	Lp
10	98	Lp
10	99	Lp
10	100	U
10	101	U
10	102	U
10	103	Lp
10	104	Lp
10	105	Lp
10	106	Lp
10	107	Lp
10	108	Lp
10	109	Lp
10	110	Lp
10	111	Lp
10	112	Lp
10	113	-1
10	114	Lp
10	115	Lp
10	116	Lp
10	117	Lp
10	118	Lp
10	119	Lp
11	0	Lp
11	1	Lp
11	2	Lp
11	3	Lp
11	4	Lp
11	5	Lp
11	6	Lp
11	7	Lp
11	8	-1
11	9	L
11	10	Lp
11	11	Lp
11	12	-1
11	13	L
11	14	Lp
11	15	Lp
11	16	Lp
11	17	Lp
11	18	Lp
11	19	-1
11	20	Lp
11	21	Lp
11	22	Lp
11	23	Lp
11	24	Lp
11	25	L
11	26	Lp
11	27	Lp
11	28	Lp
11	29	Lp
11	30	Lp
11	31	Lp
11	32	L
11	33	Lp
11	34	L
11	35	-1
11	36	L
11	37	L
11	38	Lp
11	39	Lp
11	40	-1
11	41	L
11	42	L
11	43	L
11	44	L
11	45	Lp
11	46	L
11	47	L
11	48	L
11	49	Lp
11	50	Lp
11	51	Lp
11	52	Lp
11	53	Lp
11	54	Lp
11	55	Lp
11	56	-1
11	57	Lp
11	58	Lp
11	59	Lp
11	60	Lp
11	61	Lp
11	62	Lp
11	63	Lp
11	64	Lp
11	65	Lp
11	66	U
11	67	Lp
11	68	Lp
11	69	Lp
11	70	Lp
11	71	Lp
11	72	-1
11	73	Lp
11	74	Lp
11	75	Lp
11	76	Lp
11	77	Lp
11	78	Lp
11	79	Lp
11	80	Lp
11	81	Lp
11	82	Lp
11	83	Lp
11	84	-1
11	85	-1
11	86	Lp
11	87	-1
11	88	Lp
11	89	Lp
11	90	Lp
11	91	Lp
11	92	Lp
11	93	Lp
11	94	Lp
11	95	Lp
11	96	U
11	97	-1
11	98	Lp
11	99	Lp
11	100	-1
11	101	U
11	102	Lp
11	103	Lp
11	104	Lp
11	105	Lp
11	106	Lp
11	107	L
11	108	Lp
11	109	Lp
11	110	Lp
11	111	Lp
11	112	Lp
11	113	Lp
11	114	Lp
11	115	Lp
11	116	Lp
11	117	Lp
11	118	Lp
11	119	Lp
12	0	Lp
12	1	Lp
12	2	Lp
12	3	Lp
12	4	Lp
12	5	-1
12	6	Lp
12	7	Lp
12	8	L
12	9	Lp
12	10	Lp
12	11	Lp
12	12	L
12	13	-1
12	14	L
12	15	L
12	16	Lp
12	17	L
12	18	-1
12	19	-1
12	20	-1
12	21	-1
12	22	Lp
12	23	Lp
12	24	Lp
12	25	-1
12	26	L
12	27	Lp
12	28	Lp
12	29	Lp
12	30	Lp
12	31	-1
12	32	Lp
12	33	-1
12	34	L
12	35	L
12	36	L
12	37	L
12	38	L
12	39	U
12	40	L
12	41	Lp
12	42	L
12	43	L
12	44	L
12	45	Lp
12	46	Lp
12	47	Lp
12	48	Lp
12	49	Lp
12	50	Lp
12	51	Lp
12	52	-1
12	53	Lp
12	54	-1
12	55	Lp
12	56	Lp
12	57	Lp
12	58	Lp
12	59	-1
12	60	Lp
12	61	-1
12	62	-1
12	63	Lp
12	64	Lp
12	65	Lp
12	66	Lp
12	67	Lp
12	68	Lp
12	69	Lp
12	70	Lp
12	71	Lp
12	72	Lp
12	73	-1
12	74	Lp
12	75	Lp
12	76	Lp
12	77	Lp
12	78	Lp
12	79	Lp
12	80	Lp
12	81	Lp
12	82	Lp
12	83	Lp
12	84	Lp
12	85	Lp
12	86	Lp
12	87	Lp
12	88	Lp
12	89	Lp
12	90	-1
12	91	Lp
12	92	-1
12	93	Lp
12	94	U
12	95	Lp
12	96	Lp
12	97	-1
12	98	Lp
12	99	Lp
12	100	-1
12	101	Lp
12	102	-1
12	103	Lp
12	104	Lp
12	105	Lp
12	106	-1
12	107	-1
12	108	Lp
12	109	Lp
12	110	-1
12	111	Lp
12	112	Lp
12	113	Lp
12	114	Lp
12	115	Lp
12	116	Lp
12	117	Lp
12	118	Lp
12	119	Lp
13	0	Lp
13	1	Lp
13	2	Lp
13	3	Lp
13	4	Lp
13	5	Lp
13	6	Lp
13	7	-1
13	8	Lp
13	9	Lp
13	10	Lp
13	11	Lp
13	12	Lp
13	13	L
13	14	L
13	15	L
13	16	L
13	17	-1
13	18	-1
13	19	Lp
13	20	Lp
13	21	Lp
13	22	L
13	23	Lp
13	24	Lp
13	25	L
13	26	Lp
13	27	Lp
13	28	Lp
13	29	Lp
13	30	Lp
13	31	Lp
13	32	-1
13	33	-1
13	34	L
13	35	-1
13	36	L
13	37	L
13	38	U
13	39	Lp
13	40	L
13	41	Lp
13	42	L
13	43	Lp
13	44	Lp
13	45	Lp
13	46	Lp
13	47	Lp
13	48	Lp
13	49	Lp
13	50	Lp
13	51	Lp
13	52	Lp
13	53	Lp
13	54	Lp
13	55	Lp
13	56	-1
13	57	Lp
13	58	Lp
13	59	Lp
13	60	L
13	61	L
13	62	-1
13	63	Lp
13	64	Lp
13	65	Lp
13	66	Lp
13	67	Lp
13	68	Lp
13	69	Lp
13	70	-1
13	71	Lp
13	72	Lp
13	73	-1
13	74	L
13	75	Lp
13	76	Lp
13	77	Lp
13	78	Lp
13	79	Lp
13	80	Lp
13	81	Lp
13	82	Lp
13	83	Lp
13	84	Lp
13	85	Lp
13	86	Lp
13	87	Lp
13	88	Lp
13	89	-1
13	90	Lp
13	91	Lp
13	92	-1
13	93	Lp
13	94	Lp
13	95	Lp
13	96	Lp
13	97	Lp
13	98	Lp
13	99	-1
13	100	Lp
13	101	Lp
13	102	Lp
13	103	Lp
13	104	L
13	105	L
13	106	Lp
13	107	Lp
13	108	-1
13	109	Lp
13	110	Lp
13	111	-1
13	112	Lp
13	113	Lp
13	114	Lp
13	115	Lp
13	116	Lp
13	117	Lp
13	118	Lp
13	119	Lp
14	0	Lp
14	1	Lp
14	2	Lp
14	3	Lp
14	4	Lp
14	5	Lp
14	6	Lp
14	7	Lp
14	8	Lp
14	9	Lp
14	10	-1
14	11	L
14	12	-1
14	13	L
14	14	L
14	15	L
14	16	L
14	17	L
14	18	Lp
14	19	-1
14	20	Lp
14	21	Lp
14	22	Lp
14	23	Lp
14	24	L
14	25	L
14	26	L
14	27	Lp
14	28	L
14	29	Lp
14	30	Lp
14	31	Lp
14	32	Lp
14	33	L
14	34	L
14	35	Lp
14	36	L
14	37	Lp
14	38	L
14	39	Lp
14	40	L
14	41	Lp
14	42	L
14	43	U
14	44	Lp
14	45	Lp
14	46	Lp
14	47	Lp
14	48	Lp
14	49	Lp
14	50	Lp
14	51	Lp
14	52	Lp
14	53	Lp
14	54	Lp
14	55	Lp
14	56	Lp
14	57	-1
14	58	Lp
14	59	Lp
14	60	L
14	61	L
14	62	Lp
14	63	-1
14	64	Lp
14	65	Lp
14	66	-1
14	67	Lp
14	68	Lp
14	69	Lp
14	70	Lp
14	71	Lp
14	72	-1
14	73	Lp
14	74	Lp
14	75	Lp
14	76	Lp
14	77	Lp
14	78	-1
14	79	Lp
14	80	-1
14	81	Lp
14	82	Lp
14	83	Lp
14	84	Lp
14	85	Lp
14	86	Lp
14	87	Lp
14	88	Lp
14	89	Lp
14	90	Lp
14	91	Lp
14	92	Lp
14	93	Lp
14	94	Lp
14	95	Lp
14	96	Lp
14	97	Lp
14	98	Lp
14	99	Lp
14	100	Lp
14	101	U
14	102	Lp
14	103	Lp
14	104	-1
14	105	Lp
14	106	Lp
14	107	L
14	108	L
14	109	Lp
14	110	Lp
14	111	Lp
14	112	Lp
14	113	Lp
14	114	Lp
14	115	Lp
14	116	Lp
14	117	Lp
14	118	Lp
14	119	Lp
15	0	-1
15	1	Lp
15	2	-1
15	3	Lp
15	4	Lp
15	5	Lp
15	6	Lp
15	7	Lp
15	8	-1
15	9	Lp
15	10	Lp
15	11	Lp
15	12	L
15	13	L
15	14	L
15	15	-1
15	16	L
15	17	Lp
15	18	Lp
15	19	-1
15	20	Lp
15	21	Lp
15	22	Lp
15	23	L
15	24	Lp
15	25	Lp
15	26	Lp
15	27	L
15	28	-1
15	29	Lp
15	30	U
15	31	U
15	32	Lp
15	33	Lp
15	34	Lp
15	35	L
15	36	Lp
15	37	L
15	38	Lp
15	39	L
15	40	L
15	41	Lp
15	42	U
15	43	L
15	44	L
15	45	Lp
15	46	Lp
15	47	-1
15	48	Lp
15	49	Lp
15	50	-1
15	51	Lp
15	52	Lp
15	53	Lp
15	54	-1
15	55	Lp
15	56	Lp
15	57	Lp
15	58	Lp
15	59	Lp
15	60	L
15	61	L
15	62	L
15	63	Lp
15	64	Lp
15	65	Lp
15	66	Lp
15	67	Lp
15	68	Lp
15	69	Lp
15	70	Lp
15	71	Lp
15	72	Lp
15	73	Lp
15	74	Lp
15	75	Lp
15	76	Lp
15	77	Lp
15	78	Lp
15	79	-1
15	80	Lp
15	81	Lp
15	82	Lp
15	83	Lp
15	84	Lp
15	85	Lp
15	86	Lp
15	87	Lp
15	88	Lp
15	89	Lp
15	90	Lp
15	91	Lp
15	92	Lp
15	93	Lp
15	94	Lp
15	95	Lp
15	96	Lp
15	97	Lp
15	98	Lp
15	99	L
15	100	U
15	101	-1
15	102	Lp
15	103	Lp
15	104	L
15	105	L
15	106	Lp
15	107	Lp
15	108	L
15	109	U
15	110	Lp
15	111	-1
15	112	Lp
15	113	Lp
15	114	Lp
15	115	Lp
15	116	Lp
15	117	Lp
15	118	-1
15	119	Lp
16	0	-1
16	1	Lp
16	2	Lp
16	3	Lp
16	4	Lp
16	5	Lp
16	6	Lp
16	7	Lp
16	8	Lp
16	9	Lp
16	10	Lp
16	11	Lp
16	12	-1
16	13	L
16	14	Lp
16	15	L
16	16	Lp
16	17	Lp
16	18	Lp
16	19	Lp
16	20	Lp
16	21	Lp
16	22	Lp
16	23	U
16	24	-1
16	25	Lp
16	26	Lp
16	27	Lp
16	28	L
16	29	Lp
16	30	U
16	31	U
16	32	Lp
16	33	Lp
16	34	Lp
16	35	Lp
16	36	Lp
16	37	Lp
16	38	L
16	39	L
16	40	L
16	41	Lp
16	42	Lp
16	43	U
16	44	Lp
16	45	U
16	46	Lp
16	47	Lp
16	48	Lp
16	49	Lp
16	50	Lp
16	51	Lp
16	52	Lp
16	53	-1
16	54	Lp
16	55	Lp
16	56	Lp
16	57	Lp
16	58	-1
16	59	Lp
16	60	Lp
16	61	Lp
16	62	L
16	63	U
16	64	Lp
16	65	Lp
16	66	Lp
16	67	Lp
16	68	Lp
16	69	Lp
16	70	Lp
16	71	Lp
16	72	Lp
16	73	Lp
16	74	-1
16	75	Lp
16	76	Lp
16	77	Lp
16	78	Lp
16	79	Lp
16	80	Lp
16	81	Lp
16	82	Lp
16	83	Lp
16	84	Lp
16	85	U
16	86	Lp
16	87	Lp
16	88	Lp
16	89	-1
16	90	Lp
16	91	Lp
16	92	Lp
16	93	Lp
16	94	Lp
16	95	Lp
16	96	Lp
16	97	Lp
16	98	L
16	99	U
16	100	L
16	101	L
16	102	Lp
16	103	Lp
16	104	L
16	105	Lp
16	106	-1
16	107	Lp
16	108	Lp
16	109	L
16	110	L
16	111	-1
16	112	Lp
16	113	Lp
16	114	Lp
16	115	Lp
16	116	Lp
16	117	Lp
16	118	Lp
16	119	Lp
17	0	Lp
17	1	Lp
17	2	Lp
17	3	-1
17	4	Lp
17	5	Lp
17	6	Lp
17	7	Lp
17	8	Lp
17	9	Lp
17	10	Lp
17	11	Lp
17	12	Lp
17	13	Lp
17	14	Lp
17	15	Lp
17	16	Lp
17	17	Lp
17	18	Lp
17	19	Lp
17	20	Lp
17	21	Lp
17	22	-1
17	23	Lp
17	24	U
17	25	L
17	26	L
17	27	L
17	28	Lp
17	29	L
17	30	U
17	31	Lp
17	32	Lp
17	33	Lp
17	34	Lp
17	35	Lp
17	36	Lp
17	37	Lp
17	38	Lp
17	39	L
17	40	Lp
17	41	-1
17	42	U
17	43	U
17	44	U
17	45	Lp
17	46	Lp
17	47	Lp
17	48	Lp
17	49	Lp
17	50	Lp
17	51	Lp
17	52	Lp
17	53	Lp
17	54	Lp
17	55	Lp
17	56	Lp
17	57	Lp
17	58	Lp
17	59	Lp
17	60	Lp
17	61	Lp
17	62	U
17	63	Lp
17	64	Lp
17	65	-1
17	66	Lp
17	67	Lp
17	68	Lp
17	69	Lp
17	70	Lp
17	71	Lp
17	72	Lp
17	73	Lp
17	74	Lp
17	75	Lp
17	76	Lp
17	77	Lp
17	78	Lp
17	79	Lp
17	80	-1
17	81	Lp
17	82	Lp
17	83	Lp
17	84	Lp
17	85	Lp
17	86	Lp
17	87	Lp
17	88	Lp
17	89	Lp
17	90	-1
17	91	Lp
17	92	Lp
17	93	Lp
17	94	Lp
17	95	Lp
17	96	L
17	97	L
17	98	L
17	99	-1
17	100	L
17	101	L
17	102	Lp
17	103	L
17	104	Lp
17	105	Lp
17	106	L
17	107	-1
17	108	U
17	109	L
17	110	Lp
17	111	Lp
17	112	Lp
17	113	Lp
17	114	Lp
17	115	-1
17	116	-1
17	117	Lp
17	118	Lp
17	119	Lp
18	0	Lp
18	1	Lp
18	2	Lp
18	3	Lp
18	4	U
18	5	-1
18	6	-1
18	7	Lp
18	8	Lp
18	9	Lp
18	10	Lp
18	11	Lp
18	12	Lp
18	13	Lp
18	14	Lp
18	15	Lp
18	16	L
18	17	L
18	18	L
18	19	Lp
18	20	Lp
18	21	L
18	22	Lp
18	23	Lp
18	24	Lp
18	25	Lp
18	26	Lp
18	27	-1
18	28	Lp
18	29	Lp
18	30	Lp
18	31	Lp
18	32	Lp
18	33	-1
18	34	Lp
18	35	-1
18	36	-1
18	37	Lp
18	38	Lp
18	39	Lp
18	40	Lp
18	41	-1
18	42	Lp
18	43	U
18	44	Lp
18	45	U
18	46	Lp
18	47	-1
18	48	Lp
18	49	Lp
18	50	Lp
18	51	Lp
18	52	Lp
18	53	Lp
18	54	Lp
18	55	Lp
18	56	Lp
18	57	Lp
18	58	Lp
18	59	Lp
18	60	-1
18	61	Lp
18	62	Lp
18	63	L
18	64	L
18	65	Lp
18	66	Lp
18	67	Lp
18	68	Lp
18	69	Lp
18	70	-1
18	71	Lp
18	72	Lp
18	73	Lp
18	74	Lp
18	75	Lp
18	76	Lp
18	77	Lp
18	78	Lp
18	79	Lp
18	80	Lp
18	81	Lp
18	82	L
18	83	L
18	84	Lp
18	85	Lp
18	86	Lp
18	87	Lp
18	88	Lp
18	89	Lp
18	90	Lp
18	91	-1
18	92	-1
18	93	Lp
18	94	Lp
18	95	L
18	96	L
18	97	L
18	98	L
18	99	L
18	100	Lp
18	101	Lp
18	102	Lp
18	103	Lp
18	104	L
18	105	L
18	106	Lp
18	107	Lp
18	108	U
18	109	U
18	110	Lp
18	111	Lp
18	112	-1
18	113	Lp
18	114	Lp
18	115	Lp
18	116	Lp
18	117	Lp
18	118	Lp
18	119	Lp
19	0	Lp
19	1	Lp
19	2	-1
19	3	Lp
19	4	U
19	5	Lp
19	6	Lp
19	7	Lp
19	8	Lp
19	9	Lp
19	10	Lp
19	11	Lp
19	12	Lp
19	13	Lp
19	14	U
19	15	U
19	16	Lp
19	17	Lp
19	18	L
19	19	U
19	20	Lp
19	21	L
19	22	Lp
19	23	Lp
19	24	Lp
19	25	Lp
19	26	Lp
19	27	Lp
19	28	Lp
19	29	Lp
19	30	Lp
19	31	Lp
19	32	Lp
19	33	Lp
19	34	Lp
19	35	Lp
19	36	Lp
19	37	Lp
19	38	Lp
19	39	Lp
19	40	Lp
19	41	L
19	42	Lp
19	43	Lp
19	44	L
19	45	Lp
19	46	Lp
19	47	Lp
19	48	Lp
19	49	Lp
19	50	Lp
19	51	L
19	52	Lp
19	53	Lp
19	54	Lp
19	55	Lp
19	56	Lp
19	57	Lp
19	58	Lp
19	59	-1
19	60	Lp
19	61	Lp
19	62	L
19	63	L
19	64	L
19	65	L
19	66	U
19	67	Lp
19	68	Lp
19	69	-1
19	70	Lp
19	71	-1
19	72	Lp
19	73	Lp
19	74	Lp
19	75	Lp
19	76	Lp
19	77	Lp
19	78	Lp
19	79	Lp
19	80	Lp
19	81	Lp
19	82	L
19	83	L
19	84	Lp
19	85	Lp
19	86	Lp
19	87	Lp
19	88	Lp
19	89	Lp
19	90	Lp
19	91	Lp
19	92	Lp
19	93	Lp
19	94	L
19	95	-1
19	96	L
19	97	Lp
19	98	L
19	99	-1
19	100	Lp
19	101	Lp
19	102	-1
19	103	L
19	104	Lp
19	105	Lp
19	106	Lp
19	107	U
19	108	U
19	109	U
19	110	Lp
19	111	Lp
19	112	Lp
19	113	U
19	114	Lp
19	115	Lp
19	116	Lp
19	117	Lp
19	118	-1
19	119	Lp
20	0	Lp
20	1	Lp
20	2	Lp
20	3	Lp
20	4	Lp
20	5	Lp
20	6	Lp
20	7	Lp
20	8	Lp
20	9	Lp
20	10	Lp
20	11	Lp
20	12	Lp
20	13	U
20	14	Lp
20	15	Lp
20	16	L
20	17	Lp
20	18	Lp
20	19	L
20	20	Lp
20	21	Lp
20	22	Lp
20	23	Lp
20	24	U
20	25	Lp
20	26	Lp
20	27	Lp
20	28	Lp
20	29	Lp
20	30	Lp
20	31	-1
20	32	Lp
20	33	-1
20	34	Lp
20	35	Lp
20	36	Lp
20	37	Lp
20	38	Lp
20	39	Lp
20	40	L
20	41	L
20	42	L
20	43	L
20	44	Lp
20	45	Lp
20	46	Lp
20	47	Lp
20	48	Lp
20	49	Lp
20	50	Lp
20	51	L
20	52	Lp
20	53	-1
20	54	Lp
20	55	Lp
20	56	Lp
20	57	-1
20	58	Lp
20	59	Lp
20	60	Lp
20	61	Lp
20	62	-1
20	63	L
20	64	U
20	65	L
20	66	Lp
20	67	Lp
20	68	-1
20	69	Lp
20	70	Lp
20	71	Lp
20	72	Lp
20	73	Lp
20	74	-1
20	75	Lp
20	76	Lp
20	77	Lp
20	78	Lp
20	79	-1
20	80	Lp
20	81	Lp
20	82	L
20	83	-1
20	84	L
20	85	L
20	86	L
20	87	Lp
20	88	Lp
20	89	Lp
20	90	Lp
20	91	Lp
20	92	L
20	93	L
20	94	Lp
20	95	Lp
20	96	Lp
20	97	Lp
20	98	Lp
20	99	Lp
20	100	Lp
20	101	L
20	102	L
20	103	Lp
20	104	Lp
20	105	Lp
20	106	Lp
20	107	L
20	108	L
20	109	Lp
20	110	Lp
20	111	Lp
20	112	Lp
20	113	U
20	114	Lp
20	115	Lp
20	116	Lp
20	117	Lp
20	118	Lp
20	119	Lp
21	0	Lp
21	1	Lp
21	2	Lp
21	3	Lp
21	4	Lp
21	5	-1
21	6	Lp
21	7	Lp
21	8	Lp
21	9	Lp
21	10	Lp
21	11	Lp
21	12	Lp
21	13	Lp
21	14	L
21	15	-1
21	16	Lp
21	17	Lp
21	18	L
21	19	L
21	20	Lp
21	21	Lp
21	22	Lp
21	23	U
21	24	Lp
21	25	Lp
21	26	L
21	27	Lp
21	28	Lp
21	29	Lp
21	30	Lp
21	31	Lp
21	32	Lp
21	33	-1
21	34	Lp
21	35	-1
21	36	Lp
21	37	Lp
21	38	Lp
21	39	Lp
21	40	Lp
21	41	Lp
21	42	Lp
21	43	L
21	44	Lp
21	45	Lp
21	46	Lp
21	47	Lp
21	48	Lp
21	49	Lp
21	50	Lp
21	51	L
21	52	-1
21	53	L
21	54	Lp
21	55	Lp
21	56	U
21	57	-1
21	58	Lp
21	59	Lp
21	60	Lp
21	61	Lp
21	62	U
21	63	U
21	64	L
21	65	L
21	66	L
21	67	Lp
21	68	Lp
21	69	U
21	70	U
21	71	U
21	72	Lp
21	73	Lp
21	74	Lp
21	75	Lp
21	76	Lp
21	77	Lp
21	78	Lp
21	79	Lp
21	80	Lp
21	81	Lp
21	82	L
21	83	L
21	84	L
21	85	L
21	86	Lp
21	87	Lp
21	88	Lp
21	89	Lp
21	90	Lp
21	91	-1
21	92	-1
21	93	U
21	94	U
21	95	Lp
21	96	U
21	97	Lp
21	98	Lp
21	99	Lp
21	100	L
21	101	Lp
21	102	Lp
21	103	L
21	104	L
21	105	Lp
21	106	U
21	107	U
21	108	L
21	109	Lp
21	110	Lp
21	111	Lp
21	112	Lp
21	113	Lp
21	114	Lp
21	115	Lp
21	116	Lp
21	117	Lp
21	118	Lp
21	119	Lp
22	0	Lp
22	1	Lp
22	2	Lp
22	3	Lp
22	4	-1
22	5	Lp
22	6	Lp
22	7	Lp
22	8	-1
22	9	-1
22	10	-1
22	11	Lp
22	12	-1
22	13	Lp
22	14	L
22	15	Lp
22	16	U
22	17	U
22	18	L
22	19	-1
22	20	Lp
22	21	Lp
22	22	Lp
22	23	Lp
22	24	-1
22	25	Lp
22	26	L
22	27	L
22	28	Lp
22	29	Lp
22	30	L
22	31	L
22	32	L
22	33	-1
22	34	Lp
22	35	Lp
22	36	Lp
22	37	Lp
22	38	Lp
22	39	Lp
22	40	Lp
22	41	Lp
22	42	Lp
22	43	Lp
22	44	Lp
22	45	Lp
22	46	Lp
22	47	Lp
22	48	-1
22	49	Lp
22	50	L
22	51	U
22	52	-1
22	53	U
22	54	L
22	55	Lp
22	56	-1
22	57	U
22	58	Lp
22	59	-1
22	60	-1
22	61	Lp
22	62	Lp
22	63	Lp
22	64	Lp
22	65	Lp
22	66	Lp
22	67	Lp
22	68	Lp
22	69	-1
22	70	Lp
22	71	U
22	72	Lp
22	73	Lp
22	74	Lp
22	75	Lp
22	76	-1
22	77	Lp
22	78	L
22	79	L
22	80	Lp
22	81	Lp
22	82	-1
22	83	Lp
22	84	L
22	85	L
22	86	L
22	87	L
22	88	L
22	89	-1
22	90	-1
22	91	Lp
22	92	L
22	93	U
22	94	U
22	95	U
22	96	U
22	97	-1
22	98	-1
22	99	Lp
22	100	-1
22	101	L
22	102	Lp
22	103	L
22	104	L
22	105	Lp
22	106	Lp
22	107	Lp
22	108	Lp
22	109	Lp
22	110	Lp
22	111	Lp
22	112	Lp
22	113	Lp
22	114	Lp
22	115	Lp
22	116	L
22	117	Lp
22	118	Lp
22	119	Lp
23	0	Lp
23	1	-1
23	2	Lp
23	3	Lp
23	4	Lp
23	5	Lp
23	6	Lp
23	7	Lp
23	8	Lp
23	9	Lp
23	10	Lp
23	11	Lp
23	12	Lp
23	13	Lp
23	14	Lp
23	15	Lp
23	16	U
23	17	Lp
23	18	-1
23	19	Lp
23	20	Lp
23	21	-1
23	22	U
23	23	Lp
23	24	Lp
23	25	L
23	26	L
23	27	L
23	28	Lp
23	29	Lp
23	30	L
23	31	L
23	32	Lp
23	33	-1
23	34	Lp
23	35	Lp
23	36	Lp
23	37	Lp
23	38	Lp
23	39	Lp
23	40	Lp
23	41	Lp
23	42	Lp
23	43	Lp
23	44	Lp
23	45	Lp
23	46	Lp
23	47	Lp
23	48	Lp
23	49	Lp
23	50	Lp
23	51	Lp
23	52	U
23	53	U
23	54	Lp
23	55	Lp
23	56	Lp
23	57	Lp
23	58	Lp
23	59	Lp
23	60	Lp
23	61	Lp
23	62	Lp
23	63	Lp
23	64	Lp
23	65	Lp
23	66	Lp
23	67	Lp
23	68	Lp
23	69	Lp
23	70	Lp
23	71	Lp
23	72	Lp
23	73	Lp
23	74	-1
23	75	Lp
23	76	Lp
23	77	Lp
23	78	L
23	79	Lp
23	80	-1
23	81	Lp
23	82	Lp
23	83	-1
23	84	L
23	85	L
23	86	L
23	87	L
23	88	L
23	89	L
23	90	Lp
23	91	Lp
23	92	L
23	93	U
23	94	Lp
23	95	U
23	96	Lp
23	97	Lp
23	98	Lp
23	99	-1
23	100	Lp
23	101	Lp
23	102	L
23	103	-1
23	104	Lp
23	105	L
23	106	Lp
23	107	U
23	108	Lp
23	109	Lp
23	110	Lp
23	111	Lp
23	112	Lp
23	113	Lp
23	114	Lp
23	115	-1
23	116	Lp
23	117	Lp
23	118	Lp
23	119	Lp
24	0	U
24	1	Lp
24	2	Lp
24	3	Lp
24	4	Lp
24	5	Lp
24	6	Lp
24	7	Lp
24	8	Lp
24	9	Lp
24	10	Lp
24	11	U
24	12	L
24	13	L
24	14	Lp
24	15	Lp
24	16	Lp
24	17	Lp
24	18	Lp
24	19	L
24	20	Lp
24	21	-1
24	22	-1
24	23	Lp
24	24	Lp
24	25	Lp
24	26	Lp
24	27	Lp
24	28	-1
24	29	Lp
24	30	L
24	31	-1
24	32	Lp
24	33	-1
24	34	-1
24	35	Lp
24	36	Lp
24	37	Lp
24	38	-1
24	39	Lp
24	40	Lp
24	41	Lp
24	42	Lp
24	43	Lp
24	44	Lp
24	45	Lp
24	46	Lp
24	47	Lp
24	48	Lp
24	49	L
24	50	L
24	51	L
24	52	Lp
24	53	Lp
24	54	L
24	55	Lp
24	56	Lp
24	57	Lp
24	58	Lp
24	59	Lp
24	60	Lp
24	61	Lp
24	62	Lp
24	63	Lp
24	64	Lp
24	65	-1
24	66	Lp
24	67	Lp
24	68	Lp
24	69	Lp
24	70	Lp
24	71	Lp
24	72	Lp
24	73	Lp
24	74	Lp
24	75	Lp
24	76	Lp
24	77	Lp
24	78	Lp
24	79	L
24	80	Lp
24	81	Lp
24	82	Lp
24	83	Lp
24	84	Lp
24	85	L
24	86	L
24	87	L
24	88	Lp
24	89	L
24	90	L
24	91	Lp
24	92	L
24	93	Lp
24	94	Lp
24	95	Lp
24	96	Lp
24	97	Lp
24	98	Lp
24	99	-1
24	100	-1
24	101	Lp
24	102	Lp
24	103	Lp
24	104	Lp
24	105	L
24	106	Lp
24	107	Lp
24	108	Lp
24	109	Lp
24	110	Lp
24	111	Lp
24	112	Lp
24	113	Lp
24	114	Lp
24	115	-1
24	116	Lp
24	117	Lp
24	118	Lp
24	119	Lp
25	0	U
25	1	Lp
25	2	Lp
25	3	Lp
25	4	Lp
25	5	Lp
25	6	Lp
25	7	Lp
25	8	Lp
25	9	Lp
25	10	U
25	11	Lp
25	12	Lp
25	13	L
25	14	Lp
25	15	U
25	16	L
25	17	Lp
25	18	L
25	19	Lp
25	20	-1
25	21	L
25	22	L
25	23	Lp
25	24	Lp
25	25	Lp
25	26	Lp
25	27	Lp
25	28	Lp
25	29	Lp
25	30	-1
25	31	Lp
25	32	L
25	33	Lp
25	34	Lp
25	35	Lp
25	36	Lp
25	37	Lp
25	38	Lp
25	39	Lp
25	40	Lp
25	41	Lp
25	42	Lp
25	43	Lp
25	44	Lp
25	45	Lp
25	46	Lp
25	47	Lp
25	48	Lp
25	49	L
25	50	L
25	51	Lp
25	52	-1
25	53	Lp
25	54	-1
25	55	Lp
25	56	Lp
25	57	L
25	58	Lp
25	59	Lp
25	60	Lp
25	61	Lp
25	62	U
25	63	Lp
25	64	Lp
25	65	Lp
25	66	Lp
25	67	Lp
25	68	Lp
25	69	Lp
25	70	Lp
25	71	Lp
25	72	Lp
25	73	Lp
25	74	Lp
25	75	Lp
25	76	Lp
25	77	Lp
25	78	Lp
25	79	L
25	80	L
25	81	Lp
25	82	Lp
25	83	-1
25	84	Lp
25	85	Lp
25	86	L
25	87	Lp
25	88	Lp
25	89	-1
25	90	Lp
25	91	Lp
25	92	U
25	93	Lp
25	94	Lp
25	95	Lp
25	96	Lp
25	97	Lp
25	98	Lp
25	99	Lp
25	100	Lp
25	101	Lp
25	102	Lp
25	103	Lp
25	104	Lp
25	105	Lp
25	106	Lp
25	107	Lp
25	108	Lp
25	109	Lp
25	110	Lp
25	111	Lp
25	112	Lp
25	113	Lp
25	114	Lp
25	115	Lp
25	116	Lp
25	117	Lp
25	118	U
25	119	U
26	0	Lp
26	1	Lp
26	2	Lp
26	3	-1
26	4	-1
26	5	-1
26	6	Lp
26	7	Lp
26	8	Lp
26	9	Lp
26	10	Lp
26	11	Lp
26	12	U
26	13	Lp
26	14	Lp
26	15	-1
26	16	Lp
26	17	Lp
26	18	U
26	19	Lp
26	20	U
26	21	L
26	22	L
26	23	Lp
26	24	Lp
26	25	Lp
26	26	Lp
26	27	Lp
26	28	Lp
26	29	Lp
26	30	L
26	31	L
26	32	Lp
26	33	Lp
26	34	Lp
26	35	Lp
26	36	Lp
26	37	Lp
26	38	Lp
26	39	Lp
26	40	Lp
26	41	Lp
26	42	Lp
26	43	Lp
26	44	Lp
26	45	Lp
26	46	Lp
26	47	Lp
26	48	Lp
26	49	L
26	50	L
26	51	L
26	52	Lp
26	53	Lp
26	54	Lp
26	55	Lp
26	56	Lp
26	57	Lp
26	58	-1
26	59	Lp
26	60	-1
26	61	Lp
26	62	-1
26	63	Lp
26	64	Lp
26	65	Lp
26	66	Lp
26	67	-1
26	68	Lp
26	69	Lp
26	70	Lp
26	71	Lp
26	72	Lp
26	73	Lp
26	74	Lp
26	75	Lp
26	76	Lp
26	77	U
26	78	Lp
26	79	-1
26	80	Lp
26	81	L
26	82	Lp
26	83	L
26	84	-1
26	85	L
26	86	L
26	87	Lp
26	88	Lp
26	89	-1
26	90	Lp
26	91	Lp
26	92	Lp
26	93	Lp
26	94	Lp
26	95	Lp
26	96	Lp
26	97	Lp
26	98	-1
26	99	Lp
26	100	Lp
26	101	Lp
26	102	-1
26	103	Lp
26	104	Lp
26	105	Lp
26	106	-1
26	107	-1
26	108	Lp
26	109	Lp
26	110	L
26	111	Lp
26	112	-1
26	113	Lp
26	114	Lp
26	115	-1
26	116	Lp
26	117	Lp
26	118	Lp
26	119	U
27	0	Lp
27	1	Lp
27	2	Lp
27	3	Lp
27	4	Lp
27	5	Lp
27	6	Lp
27	7	Lp
27	8	-1
27	9	Lp
27	10	Lp
27	11	-1
27	12	Lp
27	13	Lp
27	14	-1
27	15	Lp
27	16	Lp
27	17	Lp
27	18	U
27	19	-1
27	20	U
27	21	-1
27	22	L
27	23	Lp
27	24	Lp
27	25	Lp
27	26	Lp
27	27	Lp
27	28	Lp
27	29	Lp
27	30	Lp
27	31	Lp
27	32	-1
27	33	Lp
27	34	Lp
27	35	Lp
27	36	Lp
27	37	Lp
27	38	Lp
27	39	Lp
27	40	Lp
27	41	Lp
27	42	Lp
27	43	L
27	44	Lp
27	45	Lp
27	46	Lp
27	47	Lp
27	48	Lp
27	49	L
27	50	L
27	51	Lp
27	52	Lp
27	53	Lp
27	54	Lp
27	55	-1
27	56	Lp
27	57	L
27	58	Lp
27	59	Lp
27	60	-1
27	61	Lp
27	62	U
27	63	Lp
27	64	Lp
27	65	Lp
27	66	Lp
27	67	L
27	68	-1
27	69	L
27	70	Lp
27	71	Lp
27	72	Lp
27	73	Lp
27	74	-1
27	75	U
27	76	U
27	77	Lp
27	78	U
27	79	L
27	80	Lp
27	81	Lp
27	82	Lp
27	83	L
27	84	Lp
27	85	-1
27	86	L
27	87	L
27	88	Lp
27	89	L
27	90	Lp
27	91	Lp
27	92	Lp
27	93	Lp
27	94	Lp
27	95	-1
27	96	Lp
27	97	Lp
27	98	Lp
27	99	Lp
27	100	Lp
27	101	Lp
27	102	Lp
27	103	Lp
27	104	Lp
27	105	Lp
27	106	Lp
27	107	Lp
27	108	Lp
27	109	Lp
27	110	Lp
27	111	L
27	112	Lp
27	113	Lp
27	114	Lp
27	115	-1
27	116	-1
27	117	U
27	118	Lp
27	119	Lp
28	0	Lp
28	1	Lp
28	2	Lp
28	3	Lp
28	4	Lp
28	5	Lp
28	6	Lp
28	7	Lp
28	8	Lp
28	9	Lp
28	10	Lp
28	11	Lp
28	12	Lp
28	13	Lp
28	14	-1
28	15	Lp
28	16	Lp
28	17	-1
28	18	Lp
28	19	U
28	20	Lp
28	21	U
28	22	Lp
28	23	Lp
28	24	L
28	25	Lp
28	26	Lp
28	27	Lp
28	28	Lp
28	29	Lp
28	30	Lp
28	31	Lp
28	32	Lp
28	33	Lp
28	34	Lp
28	35	-1
28	36	Lp
28	37	Lp
28	38	Lp
28	39	Lp
28	40	-1
28	41	-1
28	42	L
28	43	-1
28	44	Lp
28	45	Lp
28	46	Lp
28	47	Lp
28	48	L
28	49	L
28	50	Lp
28	51	Lp
28	52	-1
28	53	Lp
28	54	Lp
28	55	Lp
28	56	Lp
28	57	Lp
28	58	Lp
28	59	Lp
28	60	Lp
28	61	Lp
28	62	Lp
28	63	Lp
28	64	-1
28	65	L
28	66	Lp
28	67	L
28	68	L
28	69	Lp
28	70	-1
28	71	L
28	72	L
28	73	Lp
28	74	Lp
28	75	Lp
28	76	Lp
28	77	Lp
28	78	U
28	79	Lp
28	80	Lp
28	81	Lp
28	82	-1
28	83	L
28	84	L
28	85	-1
28	86	-1
28	87	L
28	88	Lp
28	89	Lp
28	90	Lp
28	91	Lp
28	92	Lp
28	93	Lp
28	94	U
28	95	U
28	96	Lp
28	97	Lp
28	98	Lp
28	99	Lp
28	100	-1
28	101	-1
28	102	Lp
28	103	Lp
28	104	Lp
28	105	Lp
28	106	Lp
28	107	U
28	108	-1
28	109	Lp
28	110	Lp
28	111	Lp
28	112	L
28	113	Lp
28	114	Lp
28	115	Lp
28	116	Lp
28	117	Lp
28	118	Lp
28	119	Lp
29	0	Lp
29	1	Lp
29	2	Lp
29	3	Lp
29	4	Lp
29	5	Lp
29	6	-1
29	7	Lp
29	8	Lp
29	9	Lp
29	10	Lp
29	11	Lp
29	12	Lp
29	13	Lp
29	14	-1
29	15	-1
29	16	L
29	17	-1
29	18	Lp
29	19	-1
29	20	-1
29	21	Lp
29	22	-1
29	23	L
29	24	Lp
29	25	Lp
29	26	-1
29	27	Lp
29	28	Lp
29	29	L
29	30	L
29	31	U
29	32	Lp
29	33	Lp
29	34	Lp
29	35	Lp
29	36	Lp
29	37	-1
29	38	Lp
29	39	Lp
29	40	L
29	41	L
29	42	L
29	43	-1
29	44	-1
29	45	Lp
29	46	Lp
29	47	Lp
29	48	U
29	49	Lp
29	50	Lp
29	51	Lp
29	52	Lp
29	53	Lp
29	54	Lp
29	55	Lp
29	56	Lp
29	57	Lp
29	58	Lp
29	59	-1
29	60	-1
29	61	Lp
29	62	Lp
29	63	-1
29	64	Lp
29	65	L
29	66	L
29	67	L
29	68	Lp
29	69	Lp
29	70	Lp
29	71	Lp
29	72	L
29	73	-1
29	74	-1
29	75	Lp
29	76	Lp
29	77	Lp
29	78	Lp
29	79	Lp
29	80	Lp
29	81	Lp
29	82	Lp
29	83	L
29	84	-1
29	85	L
29	86	L
29	87	L
29	88	Lp
29	89	Lp
29	90	Lp
29	91	-1
29	92	Lp
29	93	Lp
29	94	Lp
29	95	Lp
29	96	Lp
29	97	Lp
29	98	Lp
29	99	Lp
29	100	Lp
29	101	Lp
29	102	Lp
29	103	Lp
29	104	Lp
29	105	Lp
29	106	Lp
29	107	U
29	108	Lp
29	109	Lp
29	110	Lp
29	111	L
29	112	Lp
29	113	Lp
29	114	Lp
29	115	-1
29	116	Lp
29	117	Lp
29	118	Lp
29	119	Lp
30	0	Lp
30	1	Lp
30	2	Lp
30	3	Lp
30	4	Lp
30	5	Lp
30	6	Lp
30	7	-1
30	8	Lp
30	9	Lp
30	10	U
30	11	U
30	12	Lp
30	13	Lp
30	14	-1
30	15	U
30	16	Lp
30	17	Lp
30	18	Lp
30	19	Lp
30	20	Lp
30	21	Lp
30	22	Lp
30	23	-1
30	24	-1
30	25	Lp
30	26	Lp
30	27	Lp
30	28	Lp
30	29	Lp
30	30	Lp
30	31	Lp
30	32	U
30	33	U
30	34	Lp
30	35	U
30	36	Lp
30	37	-1
30	38	Lp
30	39	Lp
30	40	Lp
30	41	L
30	42	Lp
30	43	Lp
30	44	Lp
30	45	Lp
30	46	-1
30	47	U
30	48	Lp
30	49	Lp
30	50	Lp
30	51	Lp
30	52	Lp
30	53	Lp
30	54	Lp
30	55	Lp
30	56	Lp
30	57	-1
30	58	Lp
30	59	Lp
30	60	Lp
30	61	Lp
30	62	Lp
30	63	Lp
30	64	L
30	65	Lp
30	66	L
30	67	Lp
30	68	L
30	69	Lp
30	70	L
30	71	Lp
30	72	L
30	73	-1
30	74	L
30	75	Lp
30	76	Lp
30	77	Lp
30	78	Lp
30	79	Lp
30	80	Lp
30	81	-1
30	82	Lp
30	83	Lp
30	84	L
30	85	L
30	86	Lp
30	87	Lp
30	88	Lp
30	89	Lp
30	90	Lp
30	91	Lp
30	92	Lp
30	93	Lp
30	94	Lp
30	95	Lp
30	96	Lp
30	97	Lp
30	98	-1
30	99	-1
30	100	U
30	101	Lp
30	102	-1
30	103	-1
30	104	Lp
30	105	Lp
30	106	Lp
30	107	Lp
30	108	Lp
30	109	Lp
30	110	L
30	111	L
30	112	Lp
30	113	Lp
30	114	Lp
30	115	U
30	116	Lp
30	117	Lp
30	118	Lp
30	119	Lp
31	0	Lp
31	1	Lp
31	2	Lp
31	3	-1
31	4	Lp
31	5	Lp
31	6	Lp
31	7	Lp
31	8	Lp
31	9	U
31	10	-1
31	11	U
31	12	Lp
31	13	Lp
31	14	Lp
31	15	U
31	16	U
31	17	L
31	18	-1
31	19	-1
31	20	Lp
31	21	Lp
31	22	Lp
31	23	Lp
31	24	Lp
31	25	Lp
31	26	Lp
31	27	L
31	28	Lp
31	29	Lp
31	30	Lp
31	31	Lp
31	32	-1
31	33	U
31	34	Lp
31	35	Lp
31	36	Lp
31	37	-1
31	38	Lp
31	39	L
31	40	Lp
31	41	L
31	42	Lp
31	43	Lp
31	44	-1
31	45	Lp
31	46	Lp
31	47	Lp
31	48	U
31	49	Lp
31	50	Lp
31	51	Lp
31	52	Lp
31	53	Lp
31	54	Lp
31	55	Lp
31	56	Lp
31	57	Lp
31	58	Lp
31	59	Lp
31	60	Lp
31	61	Lp
31	62	Lp
31	63	Lp
31	64	Lp
31	65	-1
31	66	L
31	67	-1
31	68	Lp
31	69	L
31	70	L
31	71	L
31	72	Lp
31	73	Lp
31	74	L
31	75	-1
31	76	Lp
31	77	Lp
31	78	Lp
31	79	Lp
31	80	Lp
31	81	Lp
31	82	Lp
31	83	L
31	84	Lp
31	85	L
31	86	Lp
31	87	Lp
31	88	-1
31	89	Lp
31	90	-1
31	91	Lp
31	92	Lp
31	93	Lp
31	94	Lp
31	95	Lp
31	96	Lp
31	97	Lp
31	98	Lp
31	99	L
31	100	Lp
31	101	U
31	102	-1
31	103	Lp
31	104	Lp
31	105	Lp
31	106	U
31	107	U
31	108	-1
31	109	Lp
31	110	-1
31	111	L
31	112	Lp
31	113	Lp
31	114	Lp
31	115	Lp
31	116	U
31	117	Lp
31	118	Lp
31	119	Lp
32	0	Lp
32	1	Lp
32	2	Lp
32	3	Lp
32	4	Lp
32	5	Lp
32	6	Lp
32	7	Lp
32	8	Lp
32	9	U
32	10	Lp
32	11	Lp
32	12	Lp
32	13	L
32	14	L
32	15	L
32	16	L
32	17	L
32	18	Lp
32	19	Lp
32	20	Lp
32	21	-1
32	22	Lp
32	23	Lp
32	24	-1
32	25	Lp
32	26	Lp
32	27	L
32	28	Lp
32	29	-1
32	30	Lp
32	31	Lp
32	32	Lp
32	33	Lp
32	34	Lp
32	35	L
32	36	L
32	37	Lp
32	38	Lp
32	39	Lp
32	40	L
32	41	Lp
32	42	Lp
32	43	Lp
32	44	Lp
32	45	Lp
32	46	Lp
32	47	-1
32	48	Lp
32	49	-1
32	50	Lp
32	51	Lp
32	52	Lp
32	53	Lp
32	54	Lp
32	55	Lp
32	56	Lp
32	57	Lp
32	58	Lp
32	59	Lp
32	60	Lp
32	61	Lp
32	62	Lp
32	63	Lp
32	64	Lp
32	65	L
32	66	L
32	67	Lp
32	68	Lp
32	69	Lp
32	70	-1
32	71	Lp
32	72	Lp
32	73	Lp
32	74	Lp
32	75	-1
32	76	Lp
32	77	Lp
32	78	Lp
32	79	Lp
32	80	Lp
32	81	Lp
32	82	Lp
32	83	-1
32	84	Lp
32	85	-1
32	86	Lp
32	87	Lp
32	88	Lp
32	89	-1
32	90	Lp
32	91	Lp
32	92	-1
32	93	Lp
32	94	-1
32	95	Lp
32	96	Lp
32	97	Lp
32	98	-1
32	99	Lp
32	100	Lp
32	101	Lp
32	102	Lp
32	103	Lp
32	104	Lp
32	105	Lp
32	106	U
32	107	U
32	108	Lp
32	109	Lp
32	110	Lp
32	111	L
32	112	Lp
32	113	Lp
32	114	Lp
32	115	Lp
32	116	-1
32	117	Lp
32	118	Lp
32	119	Lp
33	0	Lp
33	1	Lp
33	2	Lp
33	3	Lp
33	4	Lp
33	5	-1
33	6	Lp
33	7	Lp
33	8	Lp
33	9	-1
33	10	Lp
33	11	Lp
33	12	Lp
33	13	Lp
33	14	-1
33	15	L
33	16	L
33	17	Lp
33	18	L
33	19	Lp
33	20	Lp
33	21	Lp
33	22	Lp
33	23	Lp
33	24	Lp
33	25	-1
33	26	Lp
33	27	Lp
33	28	Lp
33	29	Lp
33	30	Lp
33	31	Lp
33	32	Lp
33	33	-1
33	34	Lp
33	35	L
33	36	L
33	37	Lp
33	38	L
33	39	Lp
33	40	Lp
33	41	Lp
33	42	Lp
33	43	Lp
33	44	Lp
33	45	Lp
33	46	-1
33	47	Lp
33	48	-1
33	49	Lp
33	50	Lp
33	51	Lp
33	52	-1
33	53	Lp
33	54	Lp
33	55	-1
33	56	Lp
33	57	L
33	58	Lp
33	59	Lp
33	60	Lp
33	61	Lp
33	62	Lp
33	63	Lp
33	64	Lp
33	65	Lp
33	66	Lp
33	67	Lp
33	68	L
33	69	L
33	70	L
33	71	L
33	72	-1
33	73	Lp
33	74	Lp
33	75	Lp
33	76	Lp
33	77	L
33	78	Lp
33	79	Lp
33	80	Lp
33	81	Lp
33	82	Lp
33	83	Lp
33	84	Lp
33	85	Lp
33	86	Lp
33	87	Lp
33	88	Lp
33	89	Lp
33	90	Lp
33	91	Lp
33	92	Lp
33	93	Lp
33	94	Lp
33	95	Lp
33	96	Lp
33	97	Lp
33	98	Lp
33	99	Lp
33	100	Lp
33	101	Lp
33	102	Lp
33	103	Lp
33	104	Lp
33	105	Lp
33	106	Lp
33	107	Lp
33	108	L
33	109	Lp
33	110	L
33	111	Lp
33	112	Lp
33	113	Lp
33	114	Lp
33	115	Lp
33	116	Lp
33	117	-1
33	118	Lp
33	119	Lp
34	0	Lp
34	1	Lp
34	2	Lp
34	3	Lp
34	4	Lp
34	5	Lp
34	6	Lp
34	7	Lp
34	8	Lp
34	9	Lp
34	10	Lp
34	11	Lp
34	12	Lp
34	13	L
34	14	L
34	15	L
34	16	L
34	17	-1
34	18	Lp
34	19	U
34	20	Lp
34	21	Lp
34	22	Lp
34	23	Lp
34	24	Lp
34	25	Lp
34	26	-1
34	27	Lp
34	28	Lp
34	29	Lp
34	30	Lp
34	31	Lp
34	32	Lp
34	33	Lp
34	34	L
34	35	Lp
34	36	Lp
34	37	L
34	38	Lp
34	39	Lp
34	40	Lp
34	41	Lp
34	42	-1
34	43	Lp
34	44	-1
34	45	Lp
34	46	Lp
34	47	Lp
34	48	Lp
34	49	Lp
34	50	Lp
34	51	Lp
34	52	Lp
34	53	-1
34	54	L
34	55	L
34	56	L
34	57	Lp
34	58	L
34	59	Lp
34	60	Lp
34	61	Lp
34	62	Lp
34	63	Lp
34	64	Lp
34	65	Lp
34	66	Lp
34	67	-1
34	68	Lp
34	69	L
34	70	L
34	71	Lp
34	72	Lp
34	73	Lp
34	74	Lp
34	75	Lp
34	76	L
34	77	L
34	78	Lp
34	79	Lp
34	80	Lp
34	81	-1
34	82	-1
34	83	Lp
34	84	Lp
34	85	Lp
34	86	Lp
34	87	Lp
34	88	Lp
34	89	Lp
34	90	Lp
34	91	Lp
34	92	Lp
34	93	Lp
34	94	Lp
34	95	Lp
34	96	Lp
34	97	Lp
34	98	Lp
34	99	Lp
34	100	Lp
34	101	Lp
34	102	Lp
34	103	Lp
34	104	L
34	105	Lp
34	106	Lp
34	107	Lp
34	108	L
34	109	L
34	110	Lp
34	111	Lp
34	112	Lp
34	113	-1
34	114	Lp
34	115	Lp
34	116	Lp
34	117	Lp
34	118	Lp
34	119	Lp
35	0	Lp
35	1	Lp
35	2	Lp
35	3	Lp
35	4	Lp
35	5	-1
35	6	Lp
35	7	Lp
35	8	Lp
35	9	Lp
35	10	Lp
35	11	Lp
35	12	Lp
35	13	Lp
35	14	-1
35	15	Lp
35	16	Lp
35	17	Lp
35	18	Lp
35	19	Lp
35	20	Lp
35	21	Lp
35	22	-1
35	23	Lp
35	24	Lp
35	25	Lp
35	26	-1
35	27	Lp
35	28	Lp
35	29	Lp
35	30	Lp
35	31	Lp
35	32	-1
35	33	-1
35	34	Lp
35	35	Lp
35	36	-1
35	37	Lp
35	38	Lp
35	39	Lp
35	40	Lp
35	41	Lp
35	42	Lp
35	43	-1
35	44	Lp
35	45	Lp
35	46	L
35	47	Lp
35	48	Lp
35	49	Lp
35	50	Lp
35	51	Lp
35	52	Lp
35	53	Lp
35	54	L
35	55	L
35	56	Lp
35	57	Lp
35	58	Lp
35	59	Lp
35	60	Lp
35	61	Lp
35	62	Lp
35	63	Lp
35	64	Lp
35	65	Lp
35	66	Lp
35	67	Lp
35	68	Lp
35	69	-1
35	70	Lp
35	71	Lp
35	72	Lp
35	73	Lp
35	74	Lp
35	75	-1
35	76	Lp
35	77	L
35	78	Lp
35	79	Lp
35	80	Lp
35	81	Lp
35	82	-1
35	83	Lp
35	84	Lp
35	85	Lp
35	86	Lp
35	87	-1
35	88	Lp
35	89	Lp
35	90	Lp
35	91	Lp
35	92	Lp
35	93	Lp
35	94	-1
35	95	Lp
35	96	Lp
35	97	Lp
35	98	Lp
35	99	Lp
35	100	Lp
35	101	Lp
35	102	Lp
35	103	Lp
35	104	Lp
35	105	Lp
35	106	-1
35	107	L
35	108	L
35	109	-1
35	110	Lp
35	111	L
35	112	Lp
35	113	Lp
35	114	Lp
35	115	Lp
35	116	U
35	117	U
35	118	Lp
35	119	Lp
36	0	Lp
36	1	Lp
36	2	Lp
36	3	Lp
36	4	-1
36	5	Lp
36	6	Lp
36	7	Lp
36	8	Lp
36	9	Lp
36	10	Lp
36	11	Lp
36	12	Lp
36	13	Lp
36	14	Lp
36	15	L
36	16	Lp
36	17	Lp
36	18	Lp
36	19	Lp
36	20	Lp
36	21	Lp
36	22	Lp
36	23	Lp
36	24	Lp
36	25	Lp
36	26	Lp
36	27	Lp
36	28	Lp
36	29	Lp
36	30	Lp
36	31	Lp
36	32	Lp
36	33	Lp
36	34	Lp
36	35	Lp
36	36	Lp
36	37	Lp
36	38	Lp
36	39	-1
36	40	-1
36	41	Lp
36	42	Lp
36	43	Lp
36	44	Lp
36	45	Lp
36	46	Lp
36	47	Lp
36	48	Lp
36	49	Lp
36	50	Lp
36	51	Lp
36	52	Lp
36	53	Lp
36	54	Lp
36	55	L
36	56	Lp
36	57	-1
36	58	L
36	59	-1
36	60	Lp
36	61	-1
36	62	Lp
36	63	Lp
36	64	Lp
36	65	Lp
36	66	Lp
36	67	-1
36	68	Lp
36	69	Lp
36	70	Lp
36	71	Lp
36	72	Lp
36	73	Lp
36	74	Lp
36	75	Lp
36	76	-1
36	77	-1
36	78	L
36	79	L
36	80	Lp
36	81	Lp
36	82	Lp
36	83	Lp
36	84	Lp
36	85	Lp
36	86	Lp
36	87	-1
36	88	-1
36	89	Lp
36	90	Lp
36	91	Lp
36	92	Lp
36	93	L
36	94	L
36	95	Lp
36	96	Lp
36	97	-1
36	98	Lp
36	99	Lp
36	100	L
36	101	Lp
36	102	-1
36	103	L
36	104	L
36	105	Lp
36	106	L
36	107	L
36	108	L
36	109	L
36	110	L
36	111	L
36	112	L
36	113	Lp
36	114	-1
36	115	Lp
36	116	-1
36	117	Lp
36	118	Lp
36	119	Lp
37	0	Lp
37	1	Lp
37	2	Lp
37	3	Lp
37	4	-1
37	5	Lp
37	6	Lp
37	7	Lp
37	8	-1
37	9	Lp
37	10	Lp
37	11	Lp
37	12	Lp
37	13	Lp
37	14	Lp
37	15	Lp
37	16	Lp
37	17	Lp
37	18	Lp
37	19	Lp
37	20	Lp
37	21	Lp
37	22	Lp
37	23	Lp
37	24	Lp
37	25	-1
37	26	Lp
37	27	Lp
37	28	Lp
37	29	Lp
37	30	Lp
37	31	Lp
37	32	Lp
37	33	Lp
37	34	Lp
37	35	Lp
37	36	Lp
37	37	Lp
37	38	Lp
37	39	Lp
37	40	Lp
37	41	Lp
37	42	Lp
37	43	Lp
37	44	Lp
37	45	Lp
37	46	-1
37	47	Lp
37	48	Lp
37	49	Lp
37	50	Lp
37	51	Lp
37	52	Lp
37	53	Lp
37	54	Lp
37	55	Lp
37	56	-1
37	57	Lp
37	58	U
37	59	Lp
37	60	Lp
37	61	Lp
37	62	Lp
37	63	Lp
37	64	Lp
37	65	Lp
37	66	Lp
37	67	L
37	68	L
37	69	Lp
37	70	Lp
37	71	-1
37	72	Lp
37	73	Lp
37	74	Lp
37	75	Lp
37	76	Lp
37	77	Lp
37	78	Lp
37	79	Lp
37	80	Lp
37	81	-1
37	82	Lp
37	83	-1
37	84	Lp
37	85	Lp
37	86	Lp
37	87	-1
37	88	Lp
37	89	Lp
37	90	Lp
37	91	Lp
37	92	L
37	93	L
37	94	L
37	95	Lp
37	96	Lp
37	97	L
37	98	L
37	99	Lp
37	100	L
37	101	L
37	102	L
37	103	L
37	104	L
37	105	Lp
37	106	-1
37	107	L
37	108	L
37	109	L
37	110	L
37	111	Lp
37	112	Lp
37	113	L
37	114	-1
37	115	Lp
37	116	Lp
37	117	Lp
37	118	Lp
37	119	Lp
38	0	Lp
38	1	-1
38	2	Lp
38	3	Lp
38	4	-1
38	5	Lp
38	6	-1
38	7	Lp
38	8	Lp
38	9	Lp
38	10	Lp
38	11	Lp
38	12	Lp
38	13	Lp
38	14	Lp
38	15	Lp
38	16	Lp
38	17	Lp
38	18	Lp
38	19	L
38	20	Lp
38	21	-1
38	22	Lp
38	23	Lp
38	24	Lp
38	25	-1
38	26	Lp
38	27	Lp
38	28	-1
38	29	Lp
38	30	U
38	31	Lp
38	32	Lp
38	33	Lp
38	34	Lp
38	35	Lp
38	36	-1
38	37	Lp
38	38	Lp
38	39	Lp
38	40	Lp
38	41	Lp
38	42	Lp
38	43	Lp
38	44	Lp
38	45	Lp
38	46	Lp
38	47	Lp
38	48	Lp
38	49	Lp
38	50	Lp
38	51	Lp
38	52	Lp
38	53	Lp
38	54	Lp
38	55	Lp
38	56	-1
38	57	Lp
38	58	U
38	59	Lp
38	60	Lp
38	61	Lp
38	62	Lp
38	63	Lp
38	64	L
38	65	L
38	66	Lp
38	67	Lp
38	68	Lp
38	69	Lp
38	70	Lp
38	71	L
38	72	L
38	73	Lp
38	74	Lp
38	75	Lp
38	76	Lp
38	77	Lp
38	78	Lp
38	79	-1
38	80	Lp
38	81	Lp
38	82	Lp
38	83	Lp
38	84	Lp
38	85	Lp
38	86	Lp
38	87	Lp
38	88	Lp
38	89	Lp
38	90	Lp
38	91	L
38	92	Lp
38	93	L
38	94	L
38	95	L
38	96	Lp
38	97	Lp
38	98	Lp
38	99	L
38	100	L
38	101	Lp
38	102	L
38	103	L
38	104	-1
38	105	L
38	106	Lp
38	107	L
38	108	L
38	109	L
38	110	L
38	111	L
38	112	L
38	113	Lp
38	114	Lp
38	115	Lp
38	116	Lp
38	117	Lp
38	118	Lp
38	119	Lp
39	0	Lp
39	1	Lp
39	2	Lp
39	3	Lp
39	4	Lp
39	5	Lp
39	6	Lp
39	7	Lp
39	8	Lp
39	9	-1
39	10	-1
39	11	L
39	12	Lp
39	13	Lp
39	14	Lp
39	15	Lp
39	16	L
39	17	L
39	18	L
39	19	-1
39	20	L
39	21	Lp
39	22	Lp
39	23	U
39	24	Lp
39	25	Lp
39	26	Lp
39	27	Lp
39	28	Lp
39	29	U
39	30	U
39	31	Lp
39	32	Lp
39	33	Lp
39	34	Lp
39	35	Lp
39	36	Lp
39	37	Lp
39	38	Lp
39	39	Lp
39	40	Lp
39	41	Lp
39	42	Lp
39	43	Lp
39	44	Lp
39	45	L
39	46	Lp
39	47	Lp
39	48	-1
39	49	Lp
39	50	Lp
39	51	Lp
39	52	Lp
39	53	Lp
39	54	Lp
39	55	Lp
39	56	Lp
39	57	Lp
39	58	Lp
39	59	Lp
39	60	Lp
39	61	Lp
39	62	Lp
39	63	L
39	64	Lp
39	65	L
39	66	L
39	67	Lp
39	68	-1
39	69	Lp
39	70	L
39	71	Lp
39	72	L
39	73	Lp
39	74	Lp
39	75	Lp
39	76	Lp
39	77	Lp
39	78	Lp
39	79	Lp
39	80	Lp
39	81	Lp
39	82	-1
39	83	Lp
39	84	Lp
39	85	Lp
39	86	Lp
39	87	Lp
39	88	-1
39	89	L
39	90	L
39	91	L
39	92	-1
39	93	-1
39	94	Lp
39	95	L
39	96	Lp
39	97	Lp
39	98	-1
39	99	L
39	100	L
39	101	Lp
39	102	Lp
39	103	L
39	104	Lp
39	105	L
39	106	L
39	107	L
39	108	Lp
39	109	Lp
39	110	Lp
39	111	L
39	112	U
39	113	L
39	114	L
39	115	Lp
39	116	Lp
39	117	Lp
39	118	Lp
39	119	Lp
40	0	Lp
40	1	Lp
40	2	Lp
40	3	Lp
40	4	-1
40	5	Lp
40	6	Lp
40	7	Lp
40	8	Lp
40	9	Lp
40	10	Lp
40	11	L
40	12	Lp
40	13	Lp
40	14	Lp
40	15	Lp
40	16	Lp
40	17	L
40	18	L
40	19	L
40	20	L
40	21	Lp
40	22	Lp
40	23	Lp
40	24	Lp
40	25	Lp
40	26	Lp
40	27	Lp
40	28	Lp
40	29	Lp
40	30	Lp
40	31	Lp
40	32	Lp
40	33	Lp
40	34	Lp
40	35	Lp
40	36	Lp
40	37	Lp
40	38	Lp
40	39	Lp
40	40	Lp
40	41	Lp
40	42	Lp
40	43	Lp
40	44	Lp
40	45	L
40	46	L
40	47	Lp
40	48	-1
40	49	Lp
40	50	Lp
40	51	Lp
40	52	Lp
40	53	Lp
40	54	Lp
40	55	Lp
40	56	Lp
40	57	Lp
40	58	-1
40	59	-1
40	60	Lp
40	61	Lp
40	62	Lp
40	63	Lp
40	64	L
40	65	Lp
40	66	L
40	67	L
40	68	-1
40	69	Lp
40	70	Lp
40	71	L
40	72	L
40	73	-1
40	74	-1
40	75	Lp
40	76	Lp
40	77	-1
40	78	Lp
40	79	Lp
40	80	Lp
40	81	Lp
40	82	Lp
40	83	Lp
40	84	Lp
40	85	-1
40	86	Lp
40	87	Lp
40	88	Lp
40	89	-1
40	90	L
40	91	L
40	92	L
40	93	-1
40	94	L
40	95	L
40	96	Lp
40	97	Lp
40	98	L
40	99	Lp
40	100	Lp
40	101	L
40	102	L
40	103	L
40	104	L
40	105	-1
40	106	Lp
40	107	Lp
40	108	L
40	109	Lp
40	110	Lp
40	111	L
40	112	-1
40	113	Lp
40	114	Lp
40	115	Lp
40	116	Lp
40	117	Lp
40	118	Lp
40	119	Lp
41	0	Lp
41	1	Lp
41	2	Lp
41	3	Lp
41	4	Lp
41	5	-1
41	6	-1
41	7	Lp
41	8	Lp
41	9	-1
41	10	L
41	11	L
41	12	Lp
41	13	Lp
41	14	Lp
41	15	L
41	16	L
41	17	L
41	18	Lp
41	19	Lp
41	20	Lp
41	21	Lp
41	22	Lp
41	23	Lp
41	24	-1
41	25	Lp
41	26	Lp
41	27	Lp
41	28	Lp
41	29	Lp
41	30	Lp
41	31	Lp
41	32	Lp
41	33	-1
41	34	Lp
41	35	Lp
41	36	Lp
41	37	Lp
41	38	Lp
41	39	Lp
41	40	Lp
41	41	Lp
41	42	L
41	43	-1
41	44	L
41	45	-1
41	46	U
41	47	U
41	48	-1
41	49	Lp
41	50	Lp
41	51	Lp
41	52	Lp
41	53	Lp
41	54	Lp
41	55	Lp
41	56	Lp
41	57	Lp
41	58	Lp
41	59	Lp
41	60	Lp
41	61	Lp
41	62	Lp
41	63	Lp
41	64	Lp
41	65	Lp
41	66	Lp
41	67	Lp
41	68	Lp
41	69	Lp
41	70	Lp
41	71	Lp
41	72	Lp
41	73	Lp
41	74	Lp
41	75	Lp
41	76	Lp
41	77	Lp
41	78	Lp
41	79	L
41	80	L
41	81	L
41	82	Lp
41	83	Lp
41	84	Lp
41	85	Lp
41	86	Lp
41	87	Lp
41	88	Lp
41	89	-1
41	90	L
41	91	L
41	92	-1
41	93	L
41	94	L
41	95	Lp
41	96	Lp
41	97	Lp
41	98	L
41	99	-1
41	100	L
41	101	U
41	102	Lp
41	103	L
41	104	-1
41	105	-1
41	106	Lp
41	107	Lp
41	108	Lp
41	109	Lp
41	110	Lp
41	111	Lp
41	112	Lp
41	113	Lp
41	114	Lp
41	115	Lp
41	116	Lp
41	117	Lp
41	118	Lp
41	119	Lp
42	0	Lp
42	1	Lp
42	2	Lp
42	3	Lp
42	4	Lp
42	5	Lp
42	6	Lp
42	7	-1
42	8	Lp
42	9	Lp
42	10	Lp
42	11	Lp
42	12	Lp
42	13	-1
42	14	-1
42	15	Lp
42	16	Lp
42	17	L
42	18	Lp
42	19	Lp
42	20	Lp
42	21	Lp
42	22	Lp
42	23	Lp
42	24	Lp
42	25	-1
42	26	Lp
42	27	Lp
42	28	Lp
42	29	Lp
42	30	-1
42	31	Lp
42	32	Lp
42	33	Lp
42	34	Lp
42	35	Lp
42	36	Lp
42	37	L
42	38	Lp
42	39	-1
42	40	Lp
42	41	L
42	42	Lp
42	43	L
42	44	L
42	45	L
42	46	U
42	47	U
42	48	Lp
42	49	Lp
42	50	Lp
42	51	Lp
42	52	Lp
42	53	Lp
42	54	Lp
42	55	Lp
42	56	L
42	57	Lp
42	58	Lp
42	59	Lp
42	60	Lp
42	61	L
42	62	Lp
42	63	Lp
42	64	U
42	65	Lp
42	66	U
42	67	-1
42	68	Lp
42	69	Lp
42	70	Lp
42	71	Lp
42	72	Lp
42	73	Lp
42	74	-1
42	75	Lp
42	76	Lp
42	77	Lp
42	78	Lp
42	79	-1
42	80	L
42	81	L
42	82	Lp
42	83	Lp
42	84	Lp
42	85	Lp
42	86	Lp
42	87	Lp
42	88	Lp
42	89	Lp
42	90	U
42	91	Lp
42	92	Lp
42	93	Lp
42	94	Lp
42	95	Lp
42	96	Lp
42	97	Lp
42	98	-1
42	99	Lp
42	100	Lp
42	101	U
42	102	Lp
42	103	Lp
42	104	Lp
42	105	Lp
42	106	Lp
42	107	-1
42	108	Lp
42	109	Lp
42	110	Lp
42	111	Lp
42	112	-1
42	113	Lp
42	114	Lp
42	115	L
42	116	Lp
42	117	Lp
42	118	Lp
42	119	Lp
43	0	-1
43	1	Lp
43	2	Lp
43	3	Lp
43	4	-1
43	5	Lp
43	6	Lp
43	7	Lp
43	8	Lp
43	9	Lp
43	10	Lp
43	11	-1
43	12	Lp
43	13	Lp
43	14	Lp
43	15	Lp
43	16	-1
43	17	-1
43	18	Lp
43	19	Lp
43	20	-1
43	21	Lp
43	22	Lp
43	23	Lp
43	24	Lp
43	25	Lp
43	26	Lp
43	27	Lp
43	28	Lp
43	29	Lp
43	30	Lp
43	31	-1
43	32	U
43	33	U
43	34	Lp
43	35	L
43	36	L
43	37	U
43	38	Lp
43	39	Lp
43	40	L
43	41	L
43	42	L
43	43	Lp
43	44	Lp
43	45	Lp
43	46	L
43	47	L
43	48	Lp
43	49	Lp
43	50	L
43	51	Lp
43	52	Lp
43	53	Lp
43	54	Lp
43	55	Lp
43	56	Lp
43	57	L
43	58	Lp
43	59	Lp
43	60	L
43	61	Lp
43	62	-1
43	63	U
43	64	U
43	65	Lp
43	66	U
43	67	Lp
43	68	-1
43	69	Lp
43	70	Lp
43	71	Lp
43	72	Lp
43	73	Lp
43	74	Lp
43	75	Lp
43	76	Lp
43	77	Lp
43	78	Lp
43	79	L
43	80	L
43	81	L
43	82	Lp
43	83	Lp
43	84	Lp
43	85	Lp
43	86	Lp
43	87	Lp
43	88	Lp
43	89	Lp
43	90	Lp
43	91	Lp
43	92	Lp
43	93	Lp
43	94	Lp
43	95	Lp
43	96	Lp
43	97	L
43	98	Lp
43	99	Lp
43	100	Lp
43	101	-1
43	102	Lp
43	103	-1
43	104	-1
43	105	Lp
43	106	Lp
43	107	Lp
43	108	Lp
43	109	Lp
43	110	Lp
43	111	Lp
43	112	Lp
43	113	Lp
43	114	L
43	115	Lp
43	116	Lp
43	117	Lp
43	118	Lp
43	119	-1
44	0	Lp
44	1	Lp
44	2	Lp
44	3	Lp
44	4	Lp
44	5	Lp
44	6	Lp
44	7	Lp
44	8	Lp
44	9	Lp
44	10	Lp
44	11	Lp
44	12	Lp
44	13	Lp
44	14	Lp
44	15	-1
44	16	U
44	17	Lp
44	18	Lp
44	19	Lp
44	20	Lp
44	21	Lp
44	22	Lp
44	23	-1
44	24	Lp
44	25	Lp
44	26	Lp
44	27	-1
44	28	Lp
44	29	Lp
44	30	Lp
44	31	Lp
44	32	Lp
44	33	U
44	34	-1
44	35	L
44	36	L
44	37	U
44	38	U
44	39	-1
44	40	L
44	41	Lp
44	42	-1
44	43	L
44	44	-1
44	45	Lp
44	46	L
44	47	Lp
44	48	L
44	49	L
44	50	-1
44	51	Lp
44	52	Lp
44	53	Lp
44	54	Lp
44	55	Lp
44	56	Lp
44	57	L
44	58	U
44	59	L
44	60	Lp
44	61	Lp
44	62	Lp
44	63	Lp
44	64	U
44	65	Lp
44	66	Lp
44	67	Lp
44	68	Lp
44	69	Lp
44	70	Lp
44	71	Lp
44	72	-1
44	73	Lp
44	74	Lp
44	75	Lp
44	76	Lp
44	77	Lp
44	78	Lp
44	79	L
44	80	Lp
44	81	Lp
44	82	-1
44	83	-1
44	84	Lp
44	85	Lp
44	86	Lp
44	87	Lp
44	88	Lp
44	89	Lp
44	90	Lp
44	91	Lp
44	92	Lp
44	93	Lp
44	94	-1
44	95	Lp
44	96	L
44	97	L
44	98	Lp
44	99	Lp
44	100	-1
44	101	Lp
44	102	-1
44	103	Lp
44	104	Lp
44	105	-1
44	106	Lp
44	107	-1
44	108	Lp
44	109	Lp
44	110	Lp
44	111	-1
44	112	Lp
44	113	L
44	114	L
44	115	Lp
44	116	Lp
44	117	Lp
44	118	Lp
44	119	Lp
45	0	Lp
45	1	Lp
45	2	Lp
45	3	Lp
45	4	Lp
45	5	Lp
45	6	Lp
45	7	Lp
45	8	Lp
45	9	Lp
45	10	Lp
45	11	Lp
45	12	Lp
45	13	Lp
45	14	Lp
45	15	Lp
45	16	-1
45	17	Lp
45	18	Lp
45	19	Lp
45	20	Lp
45	21	Lp
45	22	Lp
45	23	Lp
45	24	Lp
45	25	Lp
45	26	-1
45	27	Lp
45	28	Lp
45	29	Lp
45	30	L
45	31	-1
45	32	Lp
45	33	Lp
45	34	L
45	35	L
45	36	Lp
45	37	Lp
45	38	U
45	39	Lp
45	40	Lp
45	41	L
45	42	Lp
45	43	L
45	44	L
45	45	-1
45	46	Lp
45	47	L
45	48	Lp
45	49	L
45	50	Lp
45	51	-1
45	52	Lp
45	53	-1
45	54	Lp
45	55	U
45	56	L
45	57	U
45	58	L
45	59	L
45	60	L
45	61	L
45	62	Lp
45	63	Lp
45	64	Lp
45	65	Lp
45	66	Lp
45	67	U
45	68	-1
45	69	Lp
45	70	Lp
45	71	Lp
45	72	Lp
45	73	-1
45	74	Lp
45	75	Lp
45	76	Lp
45	77	Lp
45	78	Lp
45	79	Lp
45	80	L
45	81	Lp
45	82	Lp
45	83	Lp
45	84	Lp
45	85	Lp
45	86	Lp
45	87	Lp
45	88	Lp
45	89	Lp
45	90	Lp
45	91	Lp
45	92	Lp
45	93	Lp
45	94	Lp
45	95	Lp
45	96	Lp
45	97	Lp
45	98	-1
45	99	Lp
45	100	Lp
45	101	Lp
45	102	-1
45	103	Lp
45	104	Lp
45	105	Lp
45	106	-1
45	107	Lp
45	108	Lp
45	109	Lp
45	110	Lp
45	111	Lp
45	112	Lp
45	113	Lp
45	114	Lp
45	115	Lp
45	116	U
45	117	Lp
45	118	Lp
45	119	Lp
46	0	Lp
46	1	Lp
46	2	Lp
46	3	Lp
46	4	Lp
46	5	Lp
46	6	Lp
46	7	Lp
46	8	Lp
46	9	Lp
46	10	Lp
46	11	Lp
46	12	Lp
46	13	L
46	14	Lp
46	15	Lp
46	16	Lp
46	17	Lp
46	18	L
46	19	L
46	20	Lp
46	21	Lp
46	22	L
46	23	L
46	24	Lp
46	25	L
46	26	L
46	27	Lp
46	28	-1
46	29	Lp
46	30	Lp
46	31	L
46	32	Lp
46	33	L
46	34	L
46	35	-1
46	36	Lp
46	37	Lp
46	38	Lp
46	39	Lp
46	40	-1
46	41	U
46	42	Lp
46	43	Lp
46	44	L
46	45	L
46	46	Lp
46	47	-1
46	48	-1
46	49	Lp
46	50	-1
46	51	L
46	52	L
46	53	Lp
46	54	L
46	55	L
46	56	L
46	57	Lp
46	58	L
46	59	L
46	60	L
46	61	L
46	62	Lp
46	63	Lp
46	64	Lp
46	65	Lp
46	66	Lp
46	67	Lp
46	68	-1
46	69	Lp
46	70	Lp
46	71	Lp
46	72	Lp
46	73	Lp
46	74	-1
46	75	Lp
46	76	Lp
46	77	Lp
46	78	Lp
46	79	Lp
46	80	Lp
46	81	L
46	82	Lp
46	83	L
46	84	Lp
46	85	Lp
46	86	Lp
46	87	Lp
46	88	Lp
46	89	Lp
46	90	Lp
46	91	Lp
46	92	Lp
46	93	-1
46	94	U
46	95	Lp
46	96	-1
46	97	Lp
46	98	Lp
46	99	Lp
46	100	Lp
46	101	Lp
46	102	Lp
46	103	Lp
46	104	Lp
46	105	Lp
46	106	Lp
46	107	-1
46	108	Lp
46	109	Lp
46	110	-1
46	111	Lp
46	112	Lp
46	113	Lp
46	114	Lp
46	115	Lp
46	116	Lp
46	117	-1
46	118	Lp
46	119	Lp
47	0	Lp
47	1	Lp
47	2	-1
47	3	Lp
47	4	-1
47	5	Lp
47	6	Lp
47	7	Lp
47	8	-1
47	9	Lp
47	10	U
47	11	L
47	12	L
47	13	L
47	14	Lp
47	15	Lp
47	16	-1
47	17	-1
47	18	L
47	19	L
47	20	L
47	21	L
47	22	L
47	23	L
47	24	L
47	25	L
47	26	L
47	27	Lp
47	28	Lp
47	29	Lp
47	30	Lp
47	31	L
47	32	Lp
47	33	L
47	34	L
47	35	Lp
47	36	Lp
47	37	Lp
47	38	Lp
47	39	U
47	40	Lp
47	41	Lp
47	42	Lp
47	43	Lp
47	44	Lp
47	45	L
47	46	Lp
47	47	Lp
47	48	-1
47	49	Lp
47	50	L
47	51	-1
47	52	L
47	53	L
47	54	L
47	55	L
47	56	L
47	57	Lp
47	58	L
47	59	L
47	60	L
47	61	L
47	62	U
47	63	-1
47	64	Lp
47	65	-1
47	66	Lp
47	67	Lp
47	68	U
47	69	Lp
47	70	Lp
47	71	Lp
47	72	Lp
47	73	Lp
47	74	Lp
47	75	Lp
47	76	Lp
47	77	-1
47	78	Lp
47	79	-1
47	80	Lp
47	81	Lp
47	82	L
47	83	Lp
47	84	Lp
47	85	-1
47	86	Lp
47	87	Lp
47	88	Lp
47	89	Lp
47	90	Lp
47	91	Lp
47	92	-1
47	93	L
47	94	Lp
47	95	Lp
47	96	Lp
47	97	Lp
47	98	Lp
47	99	Lp
47	100	Lp
47	101	Lp
47	102	-1
47	103	Lp
47	104	U
47	105	Lp
47	106	Lp
47	107	Lp
47	108	U
47	109	U
47	110	Lp
47	111	Lp
47	112	Lp
47	113	Lp
47	114	Lp
47	115	-1
47	116	Lp
47	117	Lp
47	118	-1
47	119	Lp
48	0	Lp
48	1	Lp
48	2	Lp
48	3	Lp
48	4	Lp
48	5	Lp
48	6	Lp
48	7	Lp
48	8	Lp
48	9	U
48	10	Lp
48	11	-1
48	12	L
48	13	L
48	14	Lp
48	15	Lp
48	16	Lp
48	17	L
48	18	Lp
48	19	Lp
48	20	L
48	21	L
48	22	L
48	23	L
48	24	L
48	25	Lp
48	26	Lp
48	27	Lp
48	28	Lp
48	29	Lp
48	30	Lp
48	31	-1
48	32	Lp
48	33	Lp
48	34	Lp
48	35	Lp
48	36	-1
48	37	Lp
48	38	U
48	39	Lp
48	40	Lp
48	41	Lp
48	42	-1
48	43	Lp
48	44	-1
48	45	Lp
48	46	-1
48	47	Lp
48	48	Lp
48	49	Lp
48	50	U
48	51	U
48	52	L
48	53	L
48	54	L
48	55	L
48	56	L
48	57	L
48	58	L
48	59	Lp
48	60	Lp
48	61	U
48	62	Lp
48	63	U
48	64	U
48	65	Lp
48	66	Lp
48	67	Lp
48	68	Lp
48	69	Lp
48	70	Lp
48	71	-1
48	72	Lp
48	73	Lp
48	74	Lp
48	75	Lp
48	76	-1
48	77	L
48	78	Lp
48	79	Lp
48	80	Lp
48	81	Lp
48	82	Lp
48	83	Lp
48	84	Lp
48	85	L
48	86	Lp
48	87	Lp
48	88	Lp
48	89	-1
48	90	Lp
48	91	Lp
48	92	Lp
48	93	L
48	94	Lp
48	95	-1
48	96	Lp
48	97	Lp
48	98	Lp
48	99	Lp
48	100	Lp
48	101	Lp
48	102	Lp
48	103	U
48	104	U
48	105	U
48	106	Lp
48	107	U
48	108	U
48	109	-1
48	110	Lp
48	111	Lp
48	112	Lp
48	113	Lp
48	114	-1
48	115	Lp
48	116	Lp
48	117	Lp
48	118	Lp
48	119	Lp
49	0	Lp
49	1	Lp
49	2	Lp
49	3	-1
49	4	Lp
49	5	Lp
49	6	Lp
49	7	U
49	8	Lp
49	9	Lp
49	10	Lp
49	11	Lp
49	12	Lp
49	13	Lp
49	14	Lp
49	15	-1
49	16	Lp
49	17	Lp
49	18	Lp
49	19	Lp
49	20	Lp
49	21	L
49	22	L
49	23	L
49	24	L
49	25	-1
49	26	Lp
49	27	Lp
49	28	Lp
49	29	Lp
49	30	Lp
49	31	-1
49	32	Lp
49	33	Lp
49	34	Lp
49	35	Lp
49	36	Lp
49	37	Lp
49	38	Lp
49	39	Lp
49	40	Lp
49	41	Lp
49	42	Lp
49	43	Lp
49	44	L
49	45	-1
49	46	Lp
49	47	Lp
49	48	Lp
49	49	Lp
49	50	Lp
49	51	U
49	52	U
49	53	U
49	54	Lp
49	55	Lp
49	56	Lp
49	57	L
49	58	L
49	59	L
49	60	Lp
49	61	L
49	62	Lp
49	63	U
49	64	U
49	65	Lp
49	66	Lp
49	67	Lp
49	68	Lp
49	69	Lp
49	70	-1
49	71	Lp
49	72	Lp
49	73	Lp
49	74	Lp
49	75	L
49	76	L
49	77	Lp
49	78	Lp
49	79	Lp
49	80	-1
49	81	Lp
49	82	Lp
49	83	Lp
49	84	-1
49	85	-1
49	86	L
49	87	Lp
49	88	Lp
49	89	Lp
49	90	Lp
49	91	Lp
49	92	Lp
49	93	-1
49	94	Lp
49	95	Lp
49	96	Lp
49	97	Lp
49	98	Lp
49	99	Lp
49	100	Lp
49	101	Lp
49	102	Lp
49	103	U
49	104	U
49	105	U
49	106	Lp
49	107	Lp
49	108	Lp
49	109	Lp
49	110	Lp
49	111	Lp
49	112	Lp
49	113	Lp
49	114	Lp
49	115	Lp
49	116	Lp
49	117	Lp
49	118	Lp
49	119	Lp
50	0	Lp
50	1	Lp
50	2	Lp
50	3	Lp
50	4	Lp
50	5	Lp
50	6	Lp
50	7	Lp
50	8	Lp
50	9	Lp
50	10	Lp
50	11	Lp
50	12	Lp
50	13	Lp
50	14	U
50	15	Lp
50	16	Lp
50	17	Lp
50	18	Lp
50	19	Lp
50	20	Lp
50	21	Lp
50	22	L
50	23	L
50	24	L
50	25	Lp
50	26	Lp
50	27	Lp
50	28	Lp
50	29	Lp
50	30	Lp
50	31	Lp
50	32	Lp
50	33	Lp
50	34	Lp
50	35	Lp
50	36	Lp
50	37	Lp
50	38	Lp
50	39	Lp
50	40	Lp
50	41	Lp
50	42	Lp
50	43	L
50	44	Lp
50	45	Lp
50	46	-1
50	47	Lp
50	48	Lp
50	49	Lp
50	50	Lp
50	51	U
50	52	U
50	53	U
50	54	Lp
50	55	Lp
50	56	Lp
50	57	Lp
50	58	Lp
50	59	Lp
50	60	-1
50	61	L
50	62	L
50	63	Lp
50	64	Lp
50	65	Lp
50	66	Lp
50	67	Lp
50	68	Lp
50	69	Lp
50	70	Lp
50	71	Lp
50	72	Lp
50	73	Lp
50	74	Lp
50	75	L
50	76	Lp
50	77	Lp
50	78	Lp
50	79	Lp
50	80	Lp
50	81	Lp
50	82	Lp
50	83	Lp
50	84	Lp
50	85	Lp
50	86	Lp
50	87	Lp
50	88	Lp
50	89	Lp
50	90	Lp
50	91	Lp
50	92	Lp
50	93	Lp
50	94	Lp
50	95	Lp
50	96	-1
50	97	Lp
50	98	Lp
50	99	Lp
50	100	Lp
50	101	Lp
50	102	Lp
50	103	Lp
50	104	Lp
50	105	Lp
50	106	Lp
50	107	Lp
50	108	Lp
50	109	Lp
50	110	Lp
50	111	Lp
50	112	Lp
50	113	-1
50	114	Lp
50	115	Lp
50	116	Lp
50	117	Lp
50	118	Lp
50	119	Lp
51	0	Lp
51	1	Lp
51	2	-1
51	3	Lp
51	4	Lp
51	5	Lp
51	6	Lp
51	7	Lp
51	8	Lp
51	9	Lp
51	10	Lp
51	11	Lp
51	12	Lp
51	13	Lp
51	14	Lp
51	15	U
51	16	Lp
51	17	-1
51	18	L
51	19	Lp
51	20	-1
51	21	Lp
51	22	Lp
51	23	-1
51	24	Lp
51	25	Lp
51	26	Lp
51	27	-1
51	28	Lp
51	29	Lp
51	30	L
51	31	Lp
51	32	Lp
51	33	U
51	34	Lp
51	35	U
51	36	Lp
51	37	L
51	38	L
51	39	-1
51	40	Lp
51	41	Lp
51	42	Lp
51	43	Lp
51	44	L
51	45	Lp
51	46	-1
51	47	Lp
51	48	Lp
51	49	Lp
51	50	Lp
51	51	Lp
51	52	Lp
51	53	Lp
51	54	Lp
51	55	Lp
51	56	Lp
51	57	Lp
51	58	Lp
51	59	-1
51	60	-1
51	61	L
51	62	L
51	63	Lp
51	64	Lp
51	65	Lp
51	66	Lp
51	67	Lp
51	68	Lp
51	69	Lp
51	70	Lp
51	71	Lp
51	72	Lp
51	73	Lp
51	74	Lp
51	75	Lp
51	76	-1
51	77	Lp
51	78	Lp
51	79	Lp
51	80	Lp
51	81	Lp
51	82	Lp
51	83	Lp
51	84	L
51	85	L
51	86	Lp
51	87	Lp
51	88	Lp
51	89	Lp
51	90	Lp
51	91	Lp
51	92	Lp
51	93	Lp
51	94	Lp
51	95	Lp
51	96	Lp
51	97	-1
51	98	Lp
51	99	Lp
51	100	Lp
51	101	Lp
51	102	-1
51	103	-1
51	104	L
51	105	Lp
51	106	Lp
51	107	Lp
51	108	-1
51	109	Lp
51	110	Lp
51	111	Lp
51	112	Lp
51	113	Lp
51	114	Lp
51	115	Lp
51	116	Lp
51	117	Lp
51	118	Lp
51	119	-1
52	0	Lp
52	1	Lp
52	2	Lp
52	3	Lp
52	4	-1
52	5	Lp
52	6	Lp
52	7	Lp
52	8	-1
52	9	Lp
52	10	Lp
52	11	Lp
52	12	Lp
52	13	Lp
52	14	Lp
52	15	Lp
52	16	Lp
52	17	-1
52	18	L
52	19	-1
52	20	Lp
52	21	Lp
52	22	Lp
52	23	L
52	24	Lp
52	25	-1
52	26	Lp
52	27	Lp
52	28	Lp
52	29	Lp
52	30	L
52	31	Lp
52	32	Lp
52	33	Lp
52	34	Lp
52	35	Lp
52	36	L
52	37	L
52	38	U
52	39	L
52	40	Lp
52	41	Lp
52	42	Lp
52	43	Lp
52	44	Lp
52	45	Lp
52	46	Lp
52	47	Lp
52	48	Lp
52	49	Lp
52	50	-1
52	51	Lp
52	52	Lp
52	53	Lp
52	54	Lp
52	55	Lp
52	56	L
52	57	-1
52	58	Lp
52	59	Lp
52	60	L
52	61	Lp
52	62	Lp
52	63	-1
52	64	Lp
52	65	Lp
52	66	-1
52	67	-1
52	68	Lp
52	69	Lp
52	70	Lp
52	71	-1
52	72	-1
52	73	Lp
52	74	Lp
52	75	U
52	76	Lp
52	77	Lp
52	78	Lp
52	79	Lp
52	80	Lp
52	81	Lp
52	82	-1
52	83	Lp
52	84	L
52	85	L
52	86	L
52	87	Lp
52	88	Lp
52	89	Lp
52	90	Lp
52	91	Lp
52	92	Lp
52	93	Lp
52	94	Lp
52	95	Lp
52	96	-1
52	97	Lp
52	98	Lp
52	99	Lp
52	100	Lp
52	101	-1
52	102	L
52	103	L
52	104	Lp
52	105	Lp
52	106	-1
52	107	Lp
52	108	Lp
52	109	Lp
52	110	Lp
52	111	Lp
52	112	-1
52	113	Lp
52	114	Lp
52	115	Lp
52	116	Lp
52	117	Lp
52	118	Lp
52	119	Lp
53	0	Lp
53	1	Lp
53	2	Lp
53	3	Lp
53	4	Lp
53	5	Lp
53	6	Lp
53	7	-1
53	8	Lp
53	9	-1
53	10	Lp
53	11	Lp
53	12	-1
53	13	Lp
53	14	-1
53	15	Lp
53	16	L
53	17	Lp
53	18	Lp
53	19	Lp
53	20	Lp
53	21	L
53	22	Lp
53	23	Lp
53	24	-1
53	25	U
53	26	U
53	27	U
53	28	L
53	29	Lp
53	30	L
53	31	L
53	32	Lp
53	33	Lp
53	34	Lp
53	35	Lp
53	36	Lp
53	37	U
53	38	Lp
53	39	Lp
53	40	Lp
53	41	Lp
53	42	-1
53	43	-1
53	44	-1
53	45	Lp
53	46	Lp
53	47	Lp
53	48	Lp
53	49	Lp
53	50	-1
53	51	Lp
53	52	Lp
53	53	U
53	54	Lp
53	55	Lp
53	56	Lp
53	57	L
53	58	L
53	59	Lp
53	60	L
53	61	Lp
53	62	Lp
53	63	Lp
53	64	Lp
53	65	Lp
53	66	Lp
53	67	Lp
53	68	-1
53	69	Lp
53	70	Lp
53	71	Lp
53	72	Lp
53	73	Lp
53	74	Lp
53	75	Lp
53	76	Lp
53	77	Lp
53	78	Lp
53	79	-1
53	80	Lp
53	81	L
53	82	Lp
53	83	Lp
53	84	Lp
53	85	Lp
53	86	L
53	87	Lp
53	88	Lp
53	89	Lp
53	90	Lp
53	91	Lp
53	92	Lp
53	93	Lp
53	94	Lp
53	95	-1
53	96	L
53	97	Lp
53	98	Lp
53	99	-1
53	100	L
53	101	Lp
53	102	Lp
53	103	Lp
53	104	Lp
53	105	L
53	106	Lp
53	107	Lp
53	108	Lp
53	109	Lp
53	110	Lp
53	111	Lp
53	112	Lp
53	113	Lp
53	114	Lp
53	115	Lp
53	116	Lp
53	117	Lp
53	118	Lp
53	119	Lp
54	0	Lp
54	1	L
54	2	Lp
54	3	Lp
54	4	Lp
54	5	Lp
54	6	Lp
54	7	Lp
54	8	Lp
54	9	Lp
54	10	Lp
54	11	Lp
54	12	Lp
54	13	-1
54	14	Lp
54	15	Lp
54	16	Lp
54	17	Lp
54	18	Lp
54	19	-1
54	20	Lp
54	21	Lp
54	22	Lp
54	23	Lp
54	24	Lp
54	25	U
54	26	Lp
54	27	L
54	28	Lp
54	29	U
54	30	L
54	31	L
54	32	Lp
54	33	L
54	34	L
54	35	L
54	36	L
54	37	Lp
54	38	U
54	39	Lp
54	40	Lp
54	41	Lp
54	42	Lp
54	43	Lp
54	44	Lp
54	45	Lp
54	46	U
54	47	Lp
54	48	Lp
54	49	Lp
54	50	Lp
54	51	Lp
54	52	Lp
54	53	Lp
54	54	Lp
54	55	Lp
54	56	L
54	57	L
54	58	Lp
54	59	Lp
54	60	U
54	61	Lp
54	62	Lp
54	63	Lp
54	64	Lp
54	65	Lp
54	66	Lp
54	67	Lp
54	68	Lp
54	69	Lp
54	70	-1
54	71	Lp
54	72	-1
54	73	Lp
54	74	-1
54	75	Lp
54	76	-1
54	77	Lp
54	78	Lp
54	79	Lp
54	80	Lp
54	81	Lp
54	82	Lp
54	83	Lp
54	84	Lp
54	85	Lp
54	86	Lp
54	87	Lp
54	88	Lp
54	89	Lp
54	90	U
54	91	Lp
54	92	Lp
54	93	Lp
54	94	-1
54	95	Lp
54	96	Lp
54	97	L
54	98	L
54	99	L
54	100	Lp
54	101	Lp
54	102	Lp
54	103	-1
54	104	-1
54	105	Lp
54	106	Lp
54	107	U
54	108	U
54	109	Lp
54	110	Lp
54	111	Lp
54	112	Lp
54	113	Lp
54	114	Lp
54	115	Lp
54	116	Lp
54	117	Lp
54	118	-1
54	119	Lp
55	0	L
55	1	-1
55	2	-1
55	3	-1
55	4	-1
55	5	-1
55	6	Lp
55	7	Lp
55	8	Lp
55	9	Lp
55	10	Lp
55	11	-1
55	12	-1
55	13	Lp
55	14	Lp
55	15	Lp
55	16	Lp
55	17	Lp
55	18	Lp
55	19	Lp
55	20	L
55	21	Lp
55	22	L
55	23	Lp
55	24	L
55	25	L
55	26	L
55	27	L
55	28	L
55	29	U
55	30	L
55	31	L
55	32	L
55	33	L
55	34	-1
55	35	Lp
55	36	Lp
55	37	Lp
55	38	L
55	39	U
55	40	Lp
55	41	Lp
55	42	-1
55	43	U
55	44	-1
55	45	Lp
55	46	Lp
55	47	U
55	48	-1
55	49	Lp
55	50	-1
55	51	Lp
55	52	Lp
55	53	U
55	54	Lp
55	55	Lp
55	56	L
55	57	-1
55	58	Lp
55	59	U
55	60	Lp
55	61	Lp
55	62	Lp
55	63	Lp
55	64	Lp
55	65	Lp
55	66	Lp
55	67	Lp
55	68	Lp
55	69	-1
55	70	Lp
55	71	Lp
55	72	Lp
55	73	Lp
55	74	Lp
55	75	Lp
55	76	Lp
55	77	Lp
55	78	L
55	79	Lp
55	80	Lp
55	81	-1
55	82	Lp
55	83	-1
55	84	Lp
55	85	Lp
55	86	Lp
55	87	Lp
55	88	Lp
55	89	Lp
55	90	Lp
55	91	Lp
55	92	Lp
55	93	L
55	94	Lp
55	95	-1
55	96	Lp
55	97	L
55	98	L
55	99	L
55	100	Lp
55	101	Lp
55	102	L
55	103	Lp
55	104	Lp
55	105	Lp
55	106	Lp
55	107	-1
55	108	Lp
55	109	-1
55	110	Lp
55	111	Lp
55	112	Lp
55	113	Lp
55	114	-1
55	115	Lp
55	116	-1
55	117	Lp
55	118	Lp
55	119	Lp
56	0	Lp
56	1	Lp
56	2	U
56	3	Lp
56	4	Lp
56	5	Lp
56	6	Lp
56	7	Lp
56	8	-1
56	9	Lp
56	10	Lp
56	11	Lp
56	12	Lp
56	13	Lp
56	14	Lp
56	15	Lp
56	16	Lp
56	17	-1
56	18	-1
56	19	Lp
56	20	Lp
56	21	-1
56	22	-1
56	23	Lp
56	24	Lp
56	25	L
56	26	Lp
56	27	Lp
56	28	Lp
56	29	-1
56	30	L
56	31	L
56	32	L
56	33	L
56	34	-1
56	35	U
56	36	U
56	37	L
56	38	L
56	39	Lp
56	40	Lp
56	41	Lp
56	42	U
56	43	U
56	44	-1
56	45	Lp
56	46	Lp
56	47	Lp
56	48	Lp
56	49	Lp
56	50	Lp
56	51	Lp
56	52	U
56	53	U
56	54	L
56	55	L
56	56	Lp
56	57	Lp
56	58	Lp
56	59	-1
56	60	Lp
56	61	Lp
56	62	Lp
56	63	Lp
56	64	Lp
56	65	-1
56	66	Lp
56	67	Lp
56	68	Lp
56	69	Lp
56	70	Lp
56	71	Lp
56	72	Lp
56	73	Lp
56	74	Lp
56	75	Lp
56	76	Lp
56	77	L
56	78	L
56	79	Lp
56	80	L
56	81	Lp
56	82	Lp
56	83	Lp
56	84	Lp
56	85	Lp
56	86	Lp
56	87	-1
56	88	Lp
56	89	Lp
56	90	Lp
56	91	Lp
56	92	Lp
56	93	Lp
56	94	L
56	95	-1
56	96	Lp
56	97	Lp
56	98	L
56	99	L
56	100	L
56	101	L
56	102	Lp
56	103	Lp
56	104	Lp
56	105	Lp
56	106	L
56	107	L
56	108	L
56	109	L
56	110	Lp
56	111	-1
56	112	Lp
56	113	Lp
56	114	Lp
56	115	Lp
56	116	Lp
56	117	Lp
56	118	L
56	119	-1
57	0	Lp
57	1	U
57	2	-1
57	3	Lp
57	4	Lp
57	5	Lp
57	6	Lp
57	7	Lp
57	8	Lp
57	9	Lp
57	10	Lp
57	11	Lp
57	12	Lp
57	13	Lp
57	14	Lp
57	15	Lp
57	16	U
57	17	L
57	18	L
57	19	Lp
57	20	Lp
57	21	Lp
57	22	Lp
57	23	L
57	24	L
57	25	Lp
57	26	L
57	27	L
57	28	Lp
57	29	-1
57	30	-1
57	31	L
57	32	L
57	33	L
57	34	Lp
57	35	U
57	36	Lp
57	37	Lp
57	38	Lp
57	39	Lp
57	40	Lp
57	41	Lp
57	42	Lp
57	43	Lp
57	44	Lp
57	45	Lp
57	46	U
57	47	U
57	48	Lp
57	49	Lp
57	50	Lp
57	51	U
57	52	Lp
57	53	Lp
57	54	Lp
57	55	L
57	56	Lp
57	57	-1
57	58	-1
57	59	Lp
57	60	-1
57	61	Lp
57	62	Lp
57	63	Lp
57	64	Lp
57	65	Lp
57	66	Lp
57	67	Lp
57	68	Lp
57	69	Lp
57	70	Lp
57	71	Lp
57	72	U
57	73	Lp
57	74	Lp
57	75	Lp
57	76	-1
57	77	L
57	78	L
57	79	L
57	80	Lp
57	81	Lp
57	82	Lp
57	83	Lp
57	84	Lp
57	85	Lp
57	86	Lp
57	87	Lp
57	88	Lp
57	89	Lp
57	90	Lp
57	91	-1
57	92	Lp
57	93	-1
57	94	Lp
57	95	Lp
57	96	Lp
57	97	Lp
57	98	L
57	99	Lp
57	100	Lp
57	101	Lp
57	102	Lp
57	103	Lp
57	104	Lp
57	105	Lp
57	106	L
57	107	L
57	108	-1
57	109	L
57	110	L
57	111	Lp
57	112	Lp
57	113	Lp
57	114	Lp
57	115	Lp
57	116	Lp
57	117	L
57	118	L
57	119	Lp
58	0	-1
58	1	Lp
58	2	Lp
58	3	Lp
58	4	Lp
58	5	Lp
58	6	Lp
58	7	Lp
58	8	Lp
58	9	Lp
58	10	Lp
58	11	Lp
58	12	L
58	13	Lp
58	14	Lp
58	15	Lp
58	16	Lp
58	17	Lp
58	18	L
58	19	Lp
58	20	Lp
58	21	Lp
58	22	Lp
58	23	L
58	24	L
58	25	L
58	26	L
58	27	Lp
58	28	L
58	29	Lp
58	30	L
58	31	L
58	32	Lp
58	33	Lp
58	34	Lp
58	35	Lp
58	36	-1
58	37	Lp
58	38	Lp
58	39	Lp
58	40	Lp
58	41	Lp
58	42	Lp
58	43	Lp
58	44	Lp
58	45	Lp
58	46	Lp
58	47	U
58	48	-1
58	49	Lp
58	50	Lp
58	51	U
58	52	Lp
58	53	Lp
58	54	Lp
58	55	Lp
58	56	L
58	57	Lp
58	58	Lp
58	59	Lp
58	60	Lp
58	61	Lp
58	62	Lp
58	63	-1
58	64	Lp
58	65	Lp
58	66	Lp
58	67	Lp
58	68	Lp
58	69	Lp
58	70	Lp
58	71	Lp
58	72	U
58	73	Lp
58	74	Lp
58	75	Lp
58	76	Lp
58	77	L
58	78	-1
58	79	Lp
58	80	-1
58	81	Lp
58	82	Lp
58	83	Lp
58	84	Lp
58	85	Lp
58	86	U
58	87	Lp
58	88	Lp
58	89	U
58	90	Lp
58	91	Lp
58	92	Lp
58	93	-1
58	94	Lp
58	95	Lp
58	96	Lp
58	97	Lp
58	98	Lp
58	99	Lp
58	100	Lp
58	101	Lp
58	102	Lp
58	103	Lp
58	104	Lp
58	105	Lp
58	106	Lp
58	107	L
58	108	L
58	109	L
58	110	-1
58	111	L
58	112	Lp
58	113	Lp
58	114	Lp
58	115	Lp
58	116	Lp
58	117	L
58	118	-1
58	119	L
59	0	Lp
59	1	L
59	2	Lp
59	3	Lp
59	4	Lp
59	5	Lp
59	6	Lp
59	7	Lp
59	8	Lp
59	9	Lp
59	10	Lp
59	11	Lp
59	12	L
59	13	L
59	14	Lp
59	15	-1
59	16	Lp
59	17	Lp
59	18	Lp
59	19	-1
59	20	L
59	21	Lp
59	22	Lp
59	23	Lp
59	24	L
59	25	L
59	26	-1
59	27	L
59	28	Lp
59	29	Lp
59	30	Lp
59	31	Lp
59	32	Lp
59	33	Lp
59	34	Lp
59	35	Lp
59	36	Lp
59	37	-1
59	38	Lp
59	39	Lp
59	40	Lp
59	41	Lp
59	42	Lp
59	43	Lp
59	44	Lp
59	45	Lp
59	46	Lp
59	47	Lp
59	48	Lp
59	49	Lp
59	50	Lp
59	51	Lp
59	52	Lp
59	53	Lp
59	54	Lp
59	55	L
59	56	-1
59	57	Lp
59	58	Lp
59	59	Lp
59	60	Lp
59	61	Lp
59	62	-1
59	63	Lp
59	64	Lp
59	65	-1
59	66	Lp
59	67	Lp
59	68	Lp
59	69	Lp
59	70	Lp
59	71	Lp
59	72	Lp
59	73	U
59	74	-1
59	75	Lp
59	76	Lp
59	77	Lp
59	78	Lp
59	79	Lp
59	80	Lp
59	81	Lp
59	82	Lp
59	83	Lp
59	84	U
59	85	L
59	86	U
59	87	-1
59	88	Lp
59	89	Lp
59	90	Lp
59	91	Lp
59	92	Lp
59	93	Lp
59	94	Lp
59	95	Lp
59	96	Lp
59	97	Lp
59	98	Lp
59	99	Lp
59	100	Lp
59	101	Lp
59	102	Lp
59	103	Lp
59	104	Lp
59	105	Lp
59	106	-1
59	107	Lp
59	108	Lp
59	109	Lp
59	110	L
59	111	L
59	112	L
59	113	Lp
59	114	Lp
59	115	Lp
59	116	Lp
59	117	-1
59	118	Lp
59	119	Lp
60	0	Lp
60	1	Lp
60	2	Lp
60	3	Lp
60	4	Lp
60	5	Lp
60	6	Lp
60	7	Lp
60	8	Lp
60	9	Lp
60	10	Lp
60	11	L
60	12	L
60	13	L
60	14	L
60	15	L
60	16	Lp
60	17	L
60	18	Lp
60	19	-1
60	20	L
60	21	Lp
60	22	Lp
60	23	Lp
60	24	Lp
60	25	L
60	26	L
60	27	L
60	28	-1
60	29	-1
60	30	Lp
60	31	Lp
60	32	Lp
60	33	Lp
60	34	U
60	35	Lp
60	36	Lp
60	37	Lp
60	38	Lp
60	39	Lp
60	40	Lp
60	41	Lp
60	42	Lp
60	43	Lp
60	44	Lp
60	45	Lp
60	46	Lp
60	47	Lp
60	48	Lp
60	49	L
60	50	L
60	51	L
60	52	Lp
60	53	-1
60	54	L
60	55	Lp
60	56	Lp
60	57	Lp
60	58	-1
60	59	Lp
60	60	Lp
60	61	Lp
60	62	Lp
60	63	L
60	64	-1
60	65	Lp
60	66	Lp
60	67	Lp
60	68	Lp
60	69	Lp
60	70	-1
60	71	Lp
60	72	U
60	73	Lp
60	74	Lp
60	75	Lp
60	76	U
60	77	Lp
60	78	Lp
60	79	-1
60	80	Lp
60	81	Lp
60	82	Lp
60	83	Lp
60	84	-1
60	85	Lp
60	86	U
60	87	-1
60	88	Lp
60	89	Lp
60	90	Lp
60	91	Lp
60	92	Lp
60	93	Lp
60	94	Lp
60	95	Lp
60	96	Lp
60	97	Lp
60	98	-1
60	99	Lp
60	100	Lp
60	101	Lp
60	102	Lp
60	103	Lp
60	104	Lp
60	105	-1
60	106	Lp
60	107	-1
60	108	Lp
60	109	Lp
60	110	Lp
60	111	Lp
60	112	Lp
60	113	L
60	114	Lp
60	115	Lp
60	116	Lp
60	117	L
60	118	Lp
60	119	Lp
61	0	Lp
61	1	-1
61	2	Lp
61	3	Lp
61	4	Lp
61	5	Lp
61	6	Lp
61	7	Lp
61	8	Lp
61	9	L
61	10	Lp
61	11	Lp
61	12	L
61	13	Lp
61	14	L
61	15	L
61	16	Lp
61	17	L
61	18	U
61	19	Lp
61	20	Lp
61	21	L
61	22	L
61	23	U
61	24	Lp
61	25	Lp
61	26	L
61	27	Lp
61	28	L
61	29	Lp
61	30	-1
61	31	Lp
61	32	Lp
61	33	Lp
61	34	Lp
61	35	Lp
61	36	Lp
61	37	Lp
61	38	Lp
61	39	Lp
61	40	-1
61	41	-1
61	42	Lp
61	43	Lp
61	44	Lp
61	45	-1
61	46	U
61	47	L
61	48	U
61	49	L
61	50	L
61	51	L
61	52	L
61	53	L
61	54	Lp
61	55	Lp
61	56	Lp
61	57	Lp
61	58	-1
61	59	Lp
61	60	Lp
61	61	Lp
61	62	Lp
61	63	L
61	64	Lp
61	65	L
61	66	Lp
61	67	Lp
61	68	Lp
61	69	-1
61	70	-1
61	71	Lp
61	72	Lp
61	73	Lp
61	74	Lp
61	75	-1
61	76	Lp
61	77	Lp
61	78	Lp
61	79	Lp
61	80	-1
61	81	Lp
61	82	-1
61	83	-1
61	84	Lp
61	85	Lp
61	86	Lp
61	87	U
61	88	Lp
61	89	Lp
61	90	Lp
61	91	Lp
61	92	Lp
61	93	-1
61	94	Lp
61	95	Lp
61	96	Lp
61	97	Lp
61	98	Lp
61	99	Lp
61	100	Lp
61	101	Lp
61	102	U
61	103	Lp
61	104	Lp
61	105	Lp
61	106	Lp
61	107	Lp
61	108	Lp
61	109	Lp
61	110	Lp
61	111	U
61	112	U
61	113	Lp
61	114	Lp
61	115	-1
61	116	L
61	117	L
61	118	Lp
61	119	Lp
62	0	Lp
62	1	Lp
62	2	Lp
62	3	Lp
62	4	Lp
62	5	Lp
62	6	Lp
62	7	Lp
62	8	-1
62	9	Lp
62	10	Lp
62	11	Lp
62	12	-1
62	13	L
62	14	L
62	15	Lp
62	16	Lp
62	17	Lp
62	18	Lp
62	19	Lp
62	20	Lp
62	21	-1
62	22	Lp
62	23	U
62	24	-1
62	25	Lp
62	26	Lp
62	27	-1
62	28	Lp
62	29	-1
62	30	Lp
62	31	Lp
62	32	Lp
62	33	Lp
62	34	Lp
62	35	-1
62	36	Lp
62	37	Lp
62	38	Lp
62	39	Lp
62	40	Lp
62	41	Lp
62	42	-1
62	43	Lp
62	44	Lp
62	45	Lp
62	46	Lp
62	47	U
62	48	L
62	49	U
62	50	L
62	51	L
62	52	-1
62	53	L
62	54	L
62	55	L
62	56	L
62	57	Lp
62	58	Lp
62	59	Lp
62	60	Lp
62	61	-1
62	62	Lp
62	63	Lp
62	64	L
62	65	-1
62	66	Lp
62	67	Lp
62	68	Lp
62	69	Lp
62	70	Lp
62	71	-1
62	72	Lp
62	73	Lp
62	74	Lp
62	75	Lp
62	76	U
62	77	U
62	78	Lp
62	79	Lp
62	80	Lp
62	81	Lp
62	82	Lp
62	83	Lp
62	84	Lp
62	85	Lp
62	86	Lp
62	87	Lp
62	88	Lp
62	89	Lp
62	90	Lp
62	91	Lp
62	92	Lp
62	93	Lp
62	94	Lp
62	95	Lp
62	96	Lp
62	97	Lp
62	98	Lp
62	99	Lp
62	100	Lp
62	101	Lp
62	102	Lp
62	103	Lp
62	104	Lp
62	105	Lp
62	106	Lp
62	107	Lp
62	108	Lp
62	109	Lp
62	110	U
62	111	Lp
62	112	Lp
62	113	Lp
62	114	L
62	115	L
62	116	L
62	117	L
62	118	Lp
62	119	Lp
63	0	Lp
63	1	Lp
63	2	Lp
63	3	Lp
63	4	Lp
63	5	Lp
63	6	Lp
63	7	Lp
63	8	Lp
63	9	Lp
63	10	-1
63	11	-1
63	12	L
63	13	L
63	14	L
63	15	L
63	16	Lp
63	17	Lp
63	18	Lp
63	19	-1
63	20	-1
63	21	Lp
63	22	Lp
63	23	Lp
63	24	U
63	25	U
63	26	Lp
63	27	Lp
63	28	Lp
63	29	L
63	30	Lp
63	31	Lp
63	32	-1
63	33	Lp
63	34	Lp
63	35	Lp
63	36	Lp
63	37	Lp
63	38	Lp
63	39	-1
63	40	-1
63	41	Lp
63	42	Lp
63	43	Lp
63	44	Lp
63	45	Lp
63	46	Lp
63	47	Lp
63	48	U
63	49	Lp
63	50	U
63	51	-1
63	52	L
63	53	L
63	54	L
63	55	L
63	56	L
63	57	Lp
63	58	Lp
63	59	Lp
63	60	Lp
63	61	L
63	62	Lp
63	63	Lp
63	64	-1
63	65	L
63	66	L
63	67	Lp
63	68	Lp
63	69	-1
63	70	-1
63	71	Lp
63	72	Lp
63	73	Lp
63	74	Lp
63	75	Lp
63	76	U
63	77	Lp
63	78	U
63	79	Lp
63	80	Lp
63	81	Lp
63	82	Lp
63	83	-1
63	84	Lp
63	85	Lp
63	86	Lp
63	87	Lp
63	88	Lp
63	89	Lp
63	90	Lp
63	91	Lp
63	92	Lp
63	93	Lp
63	94	Lp
63	95	Lp
63	96	Lp
63	97	Lp
63	98	Lp
63	99	Lp
63	100	Lp
63	101	Lp
63	102	Lp
63	103	Lp
63	104	Lp
63	105	Lp
63	106	Lp
63	107	L
63	108	L
63	109	Lp
63	110	Lp
63	111	Lp
63	112	-1
63	113	U
63	114	Lp
63	115	L
63	116	L
63	117	U
63	118	Lp
63	119	Lp
64	0	U
64	1	Lp
64	2	Lp
64	3	Lp
64	4	Lp
64	5	Lp
64	6	Lp
64	7	-1
64	8	Lp
64	9	Lp
64	10	Lp
64	11	L
64	12	-1
64	13	Lp
64	14	Lp
64	15	Lp
64	16	Lp
64	17	Lp
64	18	Lp
64	19	Lp
64	20	U
64	21	L
64	22	Lp
64	23	-1
64	24	Lp
64	25	Lp
64	26	Lp
64	27	Lp
64	28	-1
64	29	-1
64	30	L
64	31	-1
64	32	Lp
64	33	Lp
64	34	Lp
64	35	Lp
64	36	Lp
64	37	Lp
64	38	Lp
64	39	Lp
64	40	Lp
64	41	Lp
64	42	Lp
64	43	Lp
64	44	Lp
64	45	Lp
64	46	Lp
64	47	Lp
64	48	Lp
64	49	Lp
64	50	U
64	51	L
64	52	L
64	53	-1
64	54	Lp
64	55	Lp
64	56	Lp
64	57	Lp
64	58	Lp
64	59	Lp
64	60	Lp
64	61	U
64	62	L
64	63	L
64	64	L
64	65	Lp
64	66	Lp
64	67	Lp
64	68	-1
64	69	-1
64	70	Lp
64	71	Lp
64	72	Lp
64	73	Lp
64	74	-1
64	75	Lp
64	76	Lp
64	77	Lp
64	78	Lp
64	79	Lp
64	80	Lp
64	81	-1
64	82	Lp
64	83	Lp
64	84	Lp
64	85	Lp
64	86	-1
64	87	Lp
64	88	Lp
64	89	Lp
64	90	Lp
64	91	Lp
64	92	Lp
64	93	Lp
64	94	Lp
64	95	Lp
64	96	Lp
64	97	-1
64	98	Lp
64	99	Lp
64	100	Lp
64	101	Lp
64	102	Lp
64	103	Lp
64	104	Lp
64	105	Lp
64	106	Lp
64	107	Lp
64	108	L
64	109	L
64	110	Lp
64	111	Lp
64	112	-1
64	113	U
64	114	U
64	115	L
64	116	L
64	117	Lp
64	118	U
64	119	Lp
65	0	Lp
65	1	U
65	2	Lp
65	3	Lp
65	4	Lp
65	5	U
65	6	-1
65	7	Lp
65	8	Lp
65	9	Lp
65	10	Lp
65	11	L
65	12	Lp
65	13	Lp
65	14	Lp
65	15	Lp
65	16	Lp
65	17	Lp
65	18	Lp
65	19	Lp
65	20	-1
65	21	-1
65	22	-1
65	23	Lp
65	24	-1
65	25	Lp
65	26	Lp
65	27	-1
65	28	Lp
65	29	-1
65	30	Lp
65	31	L
65	32	Lp
65	33	Lp
65	34	Lp
65	35	Lp
65	36	Lp
65	37	Lp
65	38	-1
65	39	Lp
65	40	-1
65	41	Lp
65	42	Lp
65	43	-1
65	44	Lp
65	45	Lp
65	46	Lp
65	47	Lp
65	48	Lp
65	49	Lp
65	50	Lp
65	51	L
65	52	L
65	53	-1
65	54	Lp
65	55	Lp
65	56	Lp
65	57	L
65	58	L
65	59	Lp
65	60	Lp
65	61	Lp
65	62	L
65	63	Lp
65	64	Lp
65	65	Lp
65	66	Lp
65	67	Lp
65	68	-1
65	69	Lp
65	70	Lp
65	71	Lp
65	72	-1
65	73	Lp
65	74	Lp
65	75	-1
65	76	Lp
65	77	Lp
65	78	Lp
65	79	Lp
65	80	Lp
65	81	Lp
65	82	Lp
65	83	Lp
65	84	Lp
65	85	Lp
65	86	Lp
65	87	Lp
65	88	Lp
65	89	Lp
65	90	Lp
65	91	Lp
65	92	Lp
65	93	Lp
65	94	-1
65	95	Lp
65	96	Lp
65	97	Lp
65	98	Lp
65	99	Lp
65	100	Lp
65	101	Lp
65	102	Lp
65	103	Lp
65	104	Lp
65	105	Lp
65	106	Lp
65	107	L
65	108	-1
65	109	U
65	110	L
65	111	-1
65	112	U
65	113	L
65	114	U
65	115	Lp
65	116	L
65	117	L
65	118	L
65	119	-1
66	0	U
66	1	U
66	2	Lp
66	3	Lp
66	4	Lp
66	5	Lp
66	6	Lp
66	7	Lp
66	8	Lp
66	9	Lp
66	10	Lp
66	11	Lp
66	12	-1
66	13	Lp
66	14	Lp
66	15	Lp
66	16	-1
66	17	Lp
66	18	Lp
66	19	Lp
66	20	Lp
66	21	Lp
66	22	Lp
66	23	Lp
66	24	-1
66	25	Lp
66	26	Lp
66	27	Lp
66	28	Lp
66	29	Lp
66	30	Lp
66	31	L
66	32	Lp
66	33	Lp
66	34	L
66	35	Lp
66	36	Lp
66	37	Lp
66	38	-1
66	39	Lp
66	40	-1
66	41	Lp
66	42	Lp
66	43	Lp
66	44	Lp
66	45	Lp
66	46	Lp
66	47	-1
66	48	Lp
66	49	Lp
66	50	Lp
66	51	Lp
66	52	Lp
66	53	Lp
66	54	Lp
66	55	Lp
66	56	Lp
66	57	L
66	58	L
66	59	Lp
66	60	U
66	61	U
66	62	Lp
66	63	Lp
66	64	Lp
66	65	Lp
66	66	Lp
66	67	Lp
66	68	L
66	69	Lp
66	70	Lp
66	71	-1
66	72	Lp
66	73	Lp
66	74	Lp
66	75	-1
66	76	Lp
66	77	Lp
66	78	Lp
66	79	-1
66	80	Lp
66	81	Lp
66	82	Lp
66	83	Lp
66	84	Lp
66	85	Lp
66	86	Lp
66	87	Lp
66	88	Lp
66	89	Lp
66	90	Lp
66	91	Lp
66	92	Lp
66	93	Lp
66	94	Lp
66	95	Lp
66	96	Lp
66	97	Lp
66	98	Lp
66	99	Lp
66	100	Lp
66	101	Lp
66	102	Lp
66	103	Lp
66	104	Lp
66	105	-1
66	106	Lp
66	107	L
66	108	L
66	109	Lp
66	110	L
66	111	U
66	112	Lp
66	113	L
66	114	L
66	115	Lp
66	116	Lp
66	117	U
66	118	-1
66	119	Lp
67	0	Lp
67	1	-1
67	2	Lp
67	3	Lp
67	4	Lp
67	5	Lp
67	6	Lp
67	7	Lp
67	8	Lp
67	9	Lp
67	10	Lp
67	11	Lp
67	12	Lp
67	13	Lp
67	14	Lp
67	15	Lp
67	16	-1
67	17	Lp
67	18	Lp
67	19	Lp
67	20	-1
67	21	-1
67	22	Lp
67	23	Lp
67	24	Lp
67	25	Lp
67	26	Lp
67	27	L
67	28	-1
67	29	Lp
67	30	Lp
67	31	L
67	32	-1
67	33	U
67	34	Lp
67	35	Lp
67	36	Lp
67	37	Lp
67	38	Lp
67	39	Lp
67	40	Lp
67	41	Lp
67	42	Lp
67	43	Lp
67	44	Lp
67	45	Lp
67	46	Lp
67	47	Lp
67	48	-1
67	49	Lp
67	50	Lp
67	51	Lp
67	52	Lp
67	53	Lp
67	54	Lp
67	55	-1
67	56	Lp
67	57	Lp
67	58	L
67	59	L
67	60	Lp
67	61	Lp
67	62	Lp
67	63	-1
67	64	Lp
67	65	Lp
67	66	Lp
67	67	Lp
67	68	-1
67	69	-1
67	70	Lp
67	71	Lp
67	72	-1
67	73	Lp
67	74	Lp
67	75	Lp
67	76	Lp
67	77	Lp
67	78	Lp
67	79	-1
67	80	Lp
67	81	Lp
67	82	Lp
67	83	Lp
67	84	Lp
67	85	Lp
67	86	Lp
67	87	-1
67	88	Lp
67	89	Lp
67	90	Lp
67	91	Lp
67	92	Lp
67	93	Lp
67	94	Lp
67	95	Lp
67	96	Lp
67	97	Lp
67	98	Lp
67	99	-1
67	100	-1
67	101	Lp
67	102	Lp
67	103	-1
67	104	Lp
67	105	Lp
67	106	Lp
67	107	Lp
67	108	Lp
67	109	Lp
67	110	Lp
67	111	Lp
67	112	Lp
67	113	-1
67	114	U
67	115	Lp
67	116	Lp
67	117	L
67	118	L
67	119	U
68	0	-1
68	1	Lp
68	2	Lp
68	3	Lp
68	4	Lp
68	5	Lp
68	6	-1
68	7	Lp
68	8	Lp
68	9	Lp
68	10	Lp
68	11	Lp
68	12	-1
68	13	Lp
68	14	Lp
68	15	Lp
68	16	Lp
68	17	Lp
68	18	Lp
68	19	Lp
68	20	Lp
68	21	Lp
68	22	Lp
68	23	Lp
68	24	Lp
68	25	Lp
68	26	Lp
68	27	Lp
68	28	Lp
68	29	Lp
68	30	Lp
68	31	Lp
68	32	Lp
68	33	Lp
68	34	Lp
68	35	Lp
68	36	Lp
68	37	Lp
68	38	Lp
68	39	Lp
68	40	Lp
68	41	Lp
68	42	Lp
68	43	Lp
68	44	Lp
68	45	Lp
68	46	Lp
68	47	Lp
68	48	Lp
68	49	Lp
68	50	Lp
68	51	Lp
68	52	Lp
68	53	Lp
68	54	Lp
68	55	U
68	56	Lp
68	57	L
68	58	L
68	59	L
68	60	Lp
68	61	Lp
68	62	Lp
68	63	Lp
68	64	L
68	65	Lp
68	66	Lp
68	67	Lp
68	68	Lp
68	69	Lp
68	70	Lp
68	71	-1
68	72	Lp
68	73	Lp
68	74	Lp
68	75	Lp
68	76	Lp
68	77	Lp
68	78	Lp
68	79	Lp
68	80	Lp
68	81	Lp
68	82	Lp
68	83	Lp
68	84	Lp
68	85	Lp
68	86	-1
68	87	-1
68	88	-1
68	89	Lp
68	90	Lp
68	91	Lp
68	92	-1
68	93	Lp
68	94	Lp
68	95	Lp
68	96	Lp
68	97	Lp
68	98	-1
68	99	-1
68	100	Lp
68	101	Lp
68	102	-1
68	103	Lp
68	104	-1
68	105	Lp
68	106	-1
68	107	Lp
68	108	Lp
68	109	-1
68	110	Lp
68	111	-1
68	112	U
68	113	U
68	114	Lp
68	115	U
68	116	-1
68	117	L
68	118	L
68	119	Lp
69	0	U
69	1	Lp
69	2	Lp
69	3	Lp
69	4	Lp
69	5	Lp
69	6	Lp
69	7	Lp
69	8	Lp
69	9	Lp
69	10	Lp
69	11	Lp
69	12	Lp
69	13	U
69	14	Lp
69	15	Lp
69	16	-1
69	17	Lp
69	18	-1
69	19	Lp
69	20	Lp
69	21	Lp
69	22	Lp
69	23	Lp
69	24	Lp
69	25	Lp
69	26	Lp
69	27	Lp
69	28	Lp
69	29	Lp
69	30	Lp
69	31	Lp
69	32	-1
69	33	Lp
69	34	Lp
69	35	Lp
69	36	Lp
69	37	Lp
69	38	Lp
69	39	-1
69	40	-1
69	41	Lp
69	42	Lp
69	43	Lp
69	44	Lp
69	45	Lp
69	46	Lp
69	47	Lp
69	48	-1
69	49	Lp
69	50	Lp
69	51	Lp
69	52	Lp
69	53	Lp
69	54	Lp
69	55	Lp
69	56	L
69	57	L
69	58	Lp
69	59	Lp
69	60	Lp
69	61	Lp
69	62	Lp
69	63	Lp
69	64	L
69	65	L
69	66	L
69	67	Lp
69	68	Lp
69	69	Lp
69	70	Lp
69	71	Lp
69	72	Lp
69	73	Lp
69	74	Lp
69	75	Lp
69	76	Lp
69	77	Lp
69	78	Lp
69	79	Lp
69	80	Lp
69	81	Lp
69	82	Lp
69	83	Lp
69	84	Lp
69	85	Lp
69	86	Lp
69	87	Lp
69	88	Lp
69	89	Lp
69	90	-1
69	91	Lp
69	92	Lp
69	93	Lp
69	94	Lp
69	95	Lp
69	96	Lp
69	97	Lp
69	98	Lp
69	99	Lp
69	100	Lp
69	101	Lp
69	102	Lp
69	103	Lp
69	104	Lp
69	105	-1
69	106	-1
69	107	Lp
69	108	Lp
69	109	Lp
69	110	Lp
69	111	Lp
69	112	Lp
69	113	L
69	114	Lp
69	115	L
69	116	L
69	117	L
69	118	Lp
69	119	U
70	0	Lp
70	1	Lp
70	2	Lp
70	3	Lp
70	4	Lp
70	5	-1
70	6	-1
70	7	Lp
70	8	Lp
70	9	-1
70	10	Lp
70	11	Lp
70	12	Lp
70	13	Lp
70	14	Lp
70	15	Lp
70	16	Lp
70	17	Lp
70	18	Lp
70	19	Lp
70	20	Lp
70	21	Lp
70	22	Lp
70	23	Lp
70	24	Lp
70	25	Lp
70	26	-1
70	27	Lp
70	28	Lp
70	29	Lp
70	30	Lp
70	31	Lp
70	32	-1
70	33	Lp
70	34	Lp
70	35	Lp
70	36	Lp
70	37	Lp
70	38	Lp
70	39	Lp
70	40	Lp
70	41	Lp
70	42	-1
70	43	Lp
70	44	Lp
70	45	Lp
70	46	Lp
70	47	Lp
70	48	-1
70	49	L
70	50	Lp
70	51	-1
70	52	Lp
70	53	Lp
70	54	Lp
70	55	Lp
70	56	Lp
70	57	Lp
70	58	Lp
70	59	Lp
70	60	Lp
70	61	Lp
70	62	Lp
70	63	Lp
70	64	L
70	65	L
70	66	L
70	67	L
70	68	L
70	69	L
70	70	L
70	71	L
70	72	U
70	73	Lp
70	74	U
70	75	U
70	76	Lp
70	77	Lp
70	78	Lp
70	79	Lp
70	80	Lp
70	81	Lp
70	82	Lp
70	83	Lp
70	84	Lp
70	85	Lp
70	86	Lp
70	87	Lp
70	88	Lp
70	89	Lp
70	90	Lp
70	91	Lp
70	92	Lp
70	93	Lp
70	94	Lp
70	95	Lp
70	96	Lp
70	97	Lp
70	98	Lp
70	99	Lp
70	100	Lp
70	101	Lp
70	102	Lp
70	103	Lp
70	104	Lp
70	105	L
70	106	-1
70	107	Lp
70	108	-1
70	109	Lp
70	110	L
70	111	Lp
70	112	Lp
70	113	Lp
70	114	L
70	115	L
70	116	L
70	117	-1
70	118	L
70	119	Lp
71	0	Lp
71	1	Lp
71	2	Lp
71	3	Lp
71	4	Lp
71	5	Lp
71	6	Lp
71	7	Lp
71	8	Lp
71	9	Lp
71	10	-1
71	11	Lp
71	12	Lp
71	13	Lp
71	14	Lp
71	15	Lp
71	16	Lp
71	17	-1
71	18	Lp
71	19	Lp
71	20	Lp
71	21	Lp
71	22	-1
71	23	Lp
71	24	-1
71	25	Lp
71	26	Lp
71	27	Lp
71	28	Lp
71	29	Lp
71	30	Lp
71	31	-1
71	32	Lp
71	33	Lp
71	34	Lp
71	35	Lp
71	36	-1
71	37	-1
71	38	Lp
71	39	Lp
71	40	Lp
71	41	Lp
71	42	Lp
71	43	Lp
71	44	Lp
71	45	Lp
71	46	Lp
71	47	-1
71	48	L
71	49	L
71	50	Lp
71	51	Lp
71	52	Lp
71	53	L
71	54	Lp
71	55	Lp
71	56	Lp
71	57	Lp
71	58	Lp
71	59	Lp
71	60	Lp
71	61	Lp
71	62	Lp
71	63	L
71	64	L
71	65	L
71	66	L
71	67	L
71	68	L
71	69	L
71	70	L
71	71	U
71	72	L
71	73	-1
71	74	U
71	75	U
71	76	L
71	77	Lp
71	78	Lp
71	79	-1
71	80	Lp
71	81	Lp
71	82	Lp
71	83	Lp
71	84	Lp
71	85	Lp
71	86	Lp
71	87	-1
71	88	Lp
71	89	Lp
71	90	L
71	91	L
71	92	Lp
71	93	-1
71	94	-1
71	95	Lp
71	96	U
71	97	Lp
71	98	-1
71	99	Lp
71	100	Lp
71	101	Lp
71	102	Lp
71	103	Lp
71	104	-1
71	105	-1
71	106	L
71	107	Lp
71	108	Lp
71	109	U
71	110	Lp
71	111	Lp
71	112	Lp
71	113	L
71	114	L
71	115	L
71	116	L
71	117	L
71	118	Lp
71	119	U
72	0	Lp
72	1	-1
72	2	-1
72	3	Lp
72	4	U
72	5	-1
72	6	Lp
72	7	Lp
72	8	Lp
72	9	Lp
72	10	Lp
72	11	-1
72	12	Lp
72	13	Lp
72	14	Lp
72	15	Lp
72	16	Lp
72	17	-1
72	18	-1
72	19	-1
72	20	Lp
72	21	Lp
72	22	Lp
72	23	Lp
72	24	Lp
72	25	Lp
72	26	Lp
72	27	Lp
72	28	Lp
72	29	Lp
72	30	Lp
72	31	Lp
72	32	Lp
72	33	Lp
72	34	Lp
72	35	Lp
72	36	-1
72	37	Lp
72	38	Lp
72	39	Lp
72	40	Lp
72	41	Lp
72	42	-1
72	43	Lp
72	44	Lp
72	45	Lp
72	46	Lp
72	47	Lp
72	48	L
72	49	Lp
72	50	Lp
72	51	Lp
72	52	Lp
72	53	L
72	54	L
72	55	Lp
72	56	Lp
72	57	Lp
72	58	Lp
72	59	Lp
72	60	Lp
72	61	Lp
72	62	Lp
72	63	L
72	64	L
72	65	L
72	66	L
72	67	L
72	68	L
72	69	-1
72	70	L
72	71	L
72	72	-1
72	73	L
72	74	L
72	75	L
72	76	L
72	77	L
72	78	Lp
72	79	-1
72	80	Lp
72	81	Lp
72	82	Lp
72	83	Lp
72	84	Lp
72	85	Lp
72	86	Lp
72	87	Lp
72	88	-1
72	89	Lp
72	90	L
72	91	L
72	92	Lp
72	93	Lp
72	94	L
72	95	Lp
72	96	Lp
72	97	Lp
72	98	Lp
72	99	-1
72	100	Lp
72	101	Lp
72	102	Lp
72	103	Lp
72	104	L
72	105	-1
72	106	U
72	107	U
72	108	Lp
72	109	Lp
72	110	Lp
72	111	Lp
72	112	Lp
72	113	Lp
72	114	Lp
72	115	Lp
72	116	Lp
72	117	Lp
72	118	Lp
72	119	Lp
73	0	Lp
73	1	Lp
73	2	Lp
73	3	Lp
73	4	Lp
73	5	Lp
73	6	Lp
73	7	Lp
73	8	Lp
73	9	Lp
73	10	Lp
73	11	Lp
73	12	Lp
73	13	Lp
73	14	-1
73	15	Lp
73	16	Lp
73	17	Lp
73	18	Lp
73	19	Lp
73	20	Lp
73	21	Lp
73	22	Lp
73	23	Lp
73	24	Lp
73	25	Lp
73	26	Lp
73	27	Lp
73	28	Lp
73	29	Lp
73	30	Lp
73	31	Lp
73	32	-1
73	33	Lp
73	34	Lp
73	35	Lp
73	36	-1
73	37	-1
73	38	Lp
73	39	Lp
73	40	Lp
73	41	-1
73	42	Lp
73	43	U
73	44	Lp
73	45	-1
73	46	Lp
73	47	U
73	48	-1
73	49	Lp
73	50	L
73	51	Lp
73	52	Lp
73	53	Lp
73	54	-1
73	55	L
73	56	Lp
73	57	Lp
73	58	U
73	59	Lp
73	60	Lp
73	61	L
73	62	L
73	63	Lp
73	64	-1
73	65	Lp
73	66	L
73	67	L
73	68	L
73	69	L
73	70	L
73	71	L
73	72	L
73	73	L
73	74	L
73	75	L
73	76	-1
73	77	L
73	78	Lp
73	79	Lp
73	80	Lp
73	81	-1
73	82	Lp
73	83	Lp
73	84	Lp
73	85	Lp
73	86	Lp
73	87	L
73	88	L
73	89	-1
73	90	-1
73	91	L
73	92	Lp
73	93	Lp
73	94	L
73	95	Lp
73	96	Lp
73	97	Lp
73	98	Lp
73	99	Lp
73	100	Lp
73	101	Lp
73	102	Lp
73	103	Lp
73	104	Lp
73	105	Lp
73	106	U
73	107	Lp
73	108	Lp
73	109	Lp
73	110	Lp
73	111	Lp
73	112	Lp
73	113	Lp
73	114	Lp
73	115	Lp
73	116	Lp
73	117	Lp
73	118	Lp
73	119	Lp
74	0	Lp
74	1	Lp
74	2	-1
74	3	-1
74	4	Lp
74	5	Lp
74	6	Lp
74	7	Lp
74	8	Lp
74	9	Lp
74	10	-1
74	11	Lp
74	12	Lp
74	13	Lp
74	14	Lp
74	15	Lp
74	16	Lp
74	17	Lp
74	18	Lp
74	19	Lp
74	20	Lp
74	21	-1
74	22	Lp
74	23	Lp
74	24	Lp
74	25	-1
74	26	Lp
74	27	Lp
74	28	-1
74	29	Lp
74	30	Lp
74	31	-1
74	32	Lp
74	33	-1
74	34	Lp
74	35	Lp
74	36	-1
74	37	Lp
74	38	Lp
74	39	Lp
74	40	Lp
74	41	Lp
74	42	Lp
74	43	Lp
74	44	Lp
74	45	Lp
74	46	Lp
74	47	Lp
74	48	Lp
74	49	Lp
74	50	Lp
74	51	L
74	52	L
74	53	Lp
74	54	Lp
74	55	Lp
74	56	Lp
74	57	Lp
74	58	Lp
74	59	Lp
74	60	-1
74	61	L
74	62	Lp
74	63	Lp
74	64	L
74	65	L
74	66	-1
74	67	L
74	68	L
74	69	L
74	70	L
74	71	L
74	72	L
74	73	L
74	74	L
74	75	L
74	76	-1
74	77	Lp
74	78	Lp
74	79	Lp
74	80	Lp
74	81	Lp
74	82	Lp
74	83	L
74	84	-1
74	85	Lp
74	86	Lp
74	87	Lp
74	88	Lp
74	89	L
74	90	L
74	91	-1
74	92	Lp
74	93	Lp
74	94	-1
74	95	Lp
74	96	L
74	97	-1
74	98	Lp
74	99	-1
74	100	Lp
74	101	Lp
74	102	Lp
74	103	Lp
74	104	Lp
74	105	U
74	106	Lp
74	107	-1
74	108	Lp
74	109	Lp
74	110	Lp
74	111	Lp
74	112	-1
74	113	Lp
74	114	Lp
74	115	Lp
74	116	Lp
74	117	Lp
74	118	Lp
74	119	Lp
75	0	Lp
75	1	Lp
75	2	Lp
75	3	Lp
75	4	Lp
75	5	Lp
75	6	Lp
75	7	-1
75	8	Lp
75	9	Lp
75	10	Lp
75	11	Lp
75	12	Lp
75	13	Lp
75	14	Lp
75	15	Lp
75	16	Lp
75	17	Lp
75	18	Lp
75	19	Lp
75	20	U
75	21	Lp
75	22	U
75	23	Lp
75	24	Lp
75	25	Lp
75	26	Lp
75	27	Lp
75	28	U
75	29	-1
75	30	-1
75	31	Lp
75	32	Lp
75	33	Lp
75	34	Lp
75	35	Lp
75	36	Lp
75	37	Lp
75	38	Lp
75	39	Lp
75	40	Lp
75	41	Lp
75	42	Lp
75	43	Lp
75	44	Lp
75	45	Lp
75	46	Lp
75	47	Lp
75	48	Lp
75	49	Lp
75	50	L
75	51	L
75	52	L
75	53	L
75	54	L
75	55	Lp
75	56	L
75	57	Lp
75	58	Lp
75	59	Lp
75	60	Lp
75	61	Lp
75	62	-1
75	63	-1
75	64	L
75	65	L
75	66	L
75	67	L
75	68	L
75	69	L
75	70	-1
75	71	-1
75	72	Lp
75	73	Lp
75	74	L
75	75	-1
75	76	L
75	77	Lp
75	78	Lp
75	79	Lp
75	80	Lp
75	81	Lp
75	82	Lp
75	83	Lp
75	84	L
75	85	U
75	86	Lp
75	87	Lp
75	88	L
75	89	L
75	90	L
75	91	L
75	92	Lp
75	93	Lp
75	94	Lp
75	95	Lp
75	96	Lp
75	97	U
75	98	Lp
75	99	L
75	100	Lp
75	101	U
75	102	Lp
75	103	Lp
75	104	Lp
75	105	Lp
75	106	U
75	107	Lp
75	108	U
75	109	-1
75	110	U
75	111	Lp
75	112	Lp
75	113	Lp
75	114	Lp
75	115	-1
75	116	Lp
75	117	Lp
75	118	Lp
75	119	Lp
76	0	Lp
76	1	-1
76	2	Lp
76	3	Lp
76	4	Lp
76	5	Lp
76	6	-1
76	7	Lp
76	8	Lp
76	9	-1
76	10	Lp
76	11	Lp
76	12	Lp
76	13	Lp
76	14	Lp
76	15	Lp
76	16	Lp
76	17	Lp
76	18	Lp
76	19	Lp
76	20	Lp
76	21	U
76	22	Lp
76	23	Lp
76	24	Lp
76	25	Lp
76	26	Lp
76	27	Lp
76	28	Lp
76	29	U
76	30	Lp
76	31	Lp
76	32	Lp
76	33	Lp
76	34	Lp
76	35	Lp
76	36	-1
76	37	Lp
76	38	-1
76	39	Lp
76	40	Lp
76	41	Lp
76	42	Lp
76	43	Lp
76	44	Lp
76	45	Lp
76	46	-1
76	47	Lp
76	48	Lp
76	49	Lp
76	50	U
76	51	U
76	52	L
76	53	L
76	54	L
76	55	Lp
76	56	Lp
76	57	Lp
76	58	Lp
76	59	Lp
76	60	Lp
76	61	Lp
76	62	L
76	63	-1
76	64	Lp
76	65	Lp
76	66	Lp
76	67	-1
76	68	L
76	69	Lp
76	70	Lp
76	71	L
76	72	Lp
76	73	L
76	74	L
76	75	Lp
76	76	-1
76	77	Lp
76	78	Lp
76	79	Lp
76	80	U
76	81	Lp
76	82	Lp
76	83	Lp
76	84	U
76	85	L
76	86	Lp
76	87	Lp
76	88	L
76	89	L
76	90	Lp
76	91	Lp
76	92	Lp
76	93	Lp
76	94	Lp
76	95	Lp
76	96	Lp
76	97	U
76	98	Lp
76	99	Lp
76	100	Lp
76	101	Lp
76	102	Lp
76	103	L
76	104	-1
76	105	L
76	106	L
76	107	-1
76	108	-1
76	109	Lp
76	110	Lp
76	111	U
76	112	-1
76	113	-1
76	114	Lp
76	115	Lp
76	116	Lp
76	117	Lp
76	118	Lp
76	119	Lp
77	0	Lp
77	1	Lp
77	2	-1
77	3	Lp
77	4	Lp
77	5	Lp
77	6	Lp
77	7	Lp
77	8	Lp
77	9	Lp
77	10	Lp
77	11	Lp
77	12	Lp
77	13	Lp
77	14	Lp
77	15	Lp
77	16	Lp
77	17	Lp
77	18	Lp
77	19	Lp
77	20	L
77	21	Lp
77	22	Lp
77	23	Lp
77	24	Lp
77	25	Lp
77	26	Lp
77	27	Lp
77	28	-1
77	29	-1
77	30	Lp
77	31	Lp
77	32	Lp
77	33	Lp
77	34	-1
77	35	Lp
77	36	Lp
77	37	Lp
77	38	Lp
77	39	Lp
77	40	Lp
77	41	Lp
77	42	Lp
77	43	Lp
77	44	Lp
77	45	Lp
77	46	Lp
77	47	Lp
77	48	Lp
77	49	Lp
77	50	U
77	51	Lp
77	52	L
77	53	U
77	54	L
77	55	Lp
77	56	Lp
77	57	Lp
77	58	-1
77	59	Lp
77	60	L
77	61	Lp
77	62	L
77	63	-1
77	64	Lp
77	65	Lp
77	66	-1
77	67	Lp
77	68	Lp
77	69	Lp
77	70	Lp
77	71	Lp
77	72	Lp
77	73	Lp
77	74	Lp
77	75	U
77	76	Lp
77	77	U
77	78	-1
77	79	U
77	80	Lp
77	81	Lp
77	82	Lp
77	83	Lp
77	84	-1
77	85	L
77	86	Lp
77	87	L
77	88	Lp
77	89	-1
77	90	-1
77	91	Lp
77	92	Lp
77	93	Lp
77	94	Lp
77	95	Lp
77	96	Lp
77	97	Lp
77	98	Lp
77	99	Lp
77	100	Lp
77	101	Lp
77	102	Lp
77	103	Lp
77	104	L
77	105	L
77	106	Lp
77	107	Lp
77	108	Lp
77	109	Lp
77	110	Lp
77	111	U
77	112	-1
77	113	-1
77	114	Lp
77	115	Lp
77	116	Lp
77	117	Lp
77	118	L
77	119	Lp
78	0	Lp
78	1	-1
78	2	Lp
78	3	Lp
78	4	Lp
78	5	Lp
78	6	Lp
78	7	Lp
78	8	Lp
78	9	Lp
78	10	Lp
78	11	Lp
78	12	Lp
78	13	Lp
78	14	Lp
78	15	Lp
78	16	Lp
78	17	Lp
78	18	Lp
78	19	Lp
78	20	L
78	21	L
78	22	Lp
78	23	Lp
78	24	Lp
78	25	Lp
78	26	Lp
78	27	Lp
78	28	Lp
78	29	Lp
78	30	Lp
78	31	Lp
78	32	Lp
78	33	Lp
78	34	Lp
78	35	-1
78	36	Lp
78	37	Lp
78	38	Lp
78	39	Lp
78	40	Lp
78	41	Lp
78	42	Lp
78	43	Lp
78	44	Lp
78	45	Lp
78	46	Lp
78	47	Lp
78	48	Lp
78	49	Lp
78	50	Lp
78	51	Lp
78	52	Lp
78	53	Lp
78	54	Lp
78	55	L
78	56	Lp
78	57	Lp
78	58	Lp
78	59	L
78	60	L
78	61	L
78	62	Lp
78	63	Lp
78	64	L
78	65	Lp
78	66	Lp
78	67	Lp
78	68	Lp
78	69	Lp
78	70	Lp
78	71	Lp
78	72	Lp
78	73	Lp
78	74	Lp
78	75	Lp
78	76	U
78	77	U
78	78	Lp
78	79	-1
78	80	Lp
78	81	Lp
78	82	Lp
78	83	Lp
78	84	Lp
78	85	Lp
78	86	L
78	87	Lp
78	88	Lp
78	89	L
78	90	L
78	91	Lp
78	92	Lp
78	93	-1
78	94	Lp
78	95	Lp
78	96	Lp
78	97	Lp
78	98	Lp
78	99	Lp
78	100	Lp
78	101	Lp
78	102	Lp
78	103	Lp
78	104	U
78	105	Lp
78	106	Lp
78	107	Lp
78	108	-1
78	109	Lp
78	110	Lp
78	111	Lp
78	112	-1
78	113	Lp
78	114	L
78	115	-1
78	116	Lp
78	117	L
78	118	Lp
78	119	Lp
79	0	Lp
79	1	Lp
79	2	Lp
79	3	-1
79	4	Lp
79	5	Lp
79	6	Lp
79	7	Lp
79	8	Lp
79	9	Lp
79	10	Lp
79	11	Lp
79	12	Lp
79	13	U
79	14	Lp
79	15	Lp
79	16	U
79	17	Lp
79	18	Lp
79	19	Lp
79	20	Lp
79	21	Lp
79	22	Lp
79	23	Lp
79	24	Lp
79	25	Lp
79	26	Lp
79	27	Lp
79	28	Lp
79	29	Lp
79	30	Lp
79	31	Lp
79	32	Lp
79	33	Lp
79	34	Lp
79	35	Lp
79	36	Lp
79	37	Lp
79	38	Lp
79	39	Lp
79	40	-1
79	41	-1
79	42	Lp
79	43	Lp
79	44	Lp
79	45	Lp
79	46	Lp
79	47	Lp
79	48	Lp
79	49	Lp
79	50	Lp
79	51	Lp
79	52	Lp
79	53	L
79	54	L
79	55	Lp
79	56	Lp
79	57	Lp
79	58	L
79	59	Lp
79	60	L
79	61	L
79	62	-1
79	63	Lp
79	64	Lp
79	65	Lp
79	66	Lp
79	67	Lp
79	68	Lp
79	69	Lp
79	70	L
79	71	Lp
79	72	Lp
79	73	Lp
79	74	Lp
79	75	Lp
79	76	-1
79	77	U
79	78	U
79	79	Lp
79	80	Lp
79	81	Lp
79	82	Lp
79	83	Lp
79	84	Lp
79	85	-1
79	86	Lp
79	87	-1
79	88	Lp
79	89	Lp
79	90	U
79	91	Lp
79	92	Lp
79	93	-1
79	94	Lp
79	95	Lp
79	96	Lp
79	97	Lp
79	98	Lp
79	99	Lp
79	100	Lp
79	101	Lp
79	102	Lp
79	103	Lp
79	104	Lp
79	105	Lp
79	106	-1
79	107	Lp
79	108	Lp
79	109	Lp
79	110	Lp
79	111	Lp
79	112	Lp
79	113	Lp
79	114	L
79	115	L
79	116	L
79	117	Lp
79	118	Lp
79	119	Lp
80	0	-1
80	1	Lp
80	2	Lp
80	3	Lp
80	4	-1
80	5	Lp
80	6	Lp
80	7	U
80	8	-1
80	9	Lp
80	10	U
80	11	Lp
80	12	Lp
80	13	U
80	14	Lp
80	15	U
80	16	Lp
80	17	Lp
80	18	Lp
80	19	Lp
80	20	-1
80	21	U
80	22	U
80	23	Lp
80	24	-1
80	25	Lp
80	26	Lp
80	27	Lp
80	28	Lp
80	29	Lp
80	30	Lp
80	31	U
80	32	Lp
80	33	Lp
80	34	Lp
80	35	-1
80	36	Lp
80	37	Lp
80	38	Lp
80	39	Lp
80	40	Lp
80	41	Lp
80	42	Lp
80	43	Lp
80	44	Lp
80	45	Lp
80	46	Lp
80	47	Lp
80	48	Lp
80	49	-1
80	50	Lp
80	51	Lp
80	52	Lp
80	53	Lp
80	54	L
80	55	L
80	56	Lp
80	57	L
80	58	L
80	59	Lp
80	60	Lp
80	61	L
80	62	-1
80	63	L
80	64	Lp
80	65	Lp
80	66	Lp
80	67	Lp
80	68	Lp
80	69	Lp
80	70	L
80	71	Lp
80	72	Lp
80	73	Lp
80	74	L
80	75	Lp
80	76	-1
80	77	Lp
80	78	Lp
80	79	U
80	80	Lp
80	81	Lp
80	82	Lp
80	83	Lp
80	84	Lp
80	85	Lp
80	86	Lp
80	87	Lp
80	88	Lp
80	89	U
80	90	Lp
80	91	Lp
80	92	Lp
80	93	Lp
80	94	Lp
80	95	Lp
80	96	Lp
80	97	Lp
80	98	Lp
80	99	Lp
80	100	Lp
80	101	-1
80	102	Lp
80	103	Lp
80	104	Lp
80	105	Lp
80	106	-1
80	107	-1
80	108	Lp
80	109	Lp
80	110	Lp
80	111	U
80	112	-1
80	113	Lp
80	114	L
80	115	Lp
80	116	-1
80	117	-1
80	118	Lp
80	119	Lp
81	0	Lp
81	1	Lp
81	2	-1
81	3	Lp
81	4	Lp
81	5	Lp
81	6	Lp
81	7	-1
81	8	-1
81	9	Lp
81	10	Lp
81	11	Lp
81	12	Lp
81	13	-1
81	14	-1
81	15	Lp
81	16	Lp
81	17	Lp
81	18	Lp
81	19	Lp
81	20	Lp
81	21	Lp
81	22	Lp
81	23	U
81	24	Lp
81	25	Lp
81	26	Lp
81	27	Lp
81	28	Lp
81	29	-1
81	30	Lp
81	31	Lp
81	32	Lp
81	33	Lp
81	34	Lp
81	35	-1
81	36	Lp
81	37	Lp
81	38	Lp
81	39	Lp
81	40	Lp
81	41	Lp
81	42	Lp
81	43	Lp
81	44	-1
81	45	-1
81	46	Lp
81	47	Lp
81	48	Lp
81	49	-1
81	50	-1
81	51	L
81	52	L
81	53	L
81	54	L
81	55	L
81	56	L
81	57	L
81	58	L
81	59	-1
81	60	Lp
81	61	-1
81	62	L
81	63	-1
81	64	L
81	65	Lp
81	66	L
81	67	Lp
81	68	L
81	69	L
81	70	Lp
81	71	-1
81	72	L
81	73	L
81	74	Lp
81	75	Lp
81	76	Lp
81	77	Lp
81	78	Lp
81	79	Lp
81	80	Lp
81	81	Lp
81	82	Lp
81	83	Lp
81	84	Lp
81	85	Lp
81	86	Lp
81	87	Lp
81	88	Lp
81	89	U
81	90	-1
81	91	Lp
81	92	L
81	93	Lp
81	94	-1
81	95	Lp
81	96	Lp
81	97	Lp
81	98	Lp
81	99	Lp
81	100	Lp
81	101	Lp
81	102	Lp
81	103	Lp
81	104	-1
81	105	Lp
81	106	L
81	107	Lp
81	108	-1
81	109	Lp
81	110	-1
81	111	-1
81	112	L
81	113	L
81	114	L
81	115	-1
81	116	Lp
81	117	Lp
81	118	Lp
81	119	Lp
82	0	Lp
82	1	Lp
82	2	Lp
82	3	Lp
82	4	Lp
82	5	Lp
82	6	Lp
82	7	Lp
82	8	Lp
82	9	Lp
82	10	-1
82	11	U
82	12	Lp
82	13	Lp
82	14	Lp
82	15	Lp
82	16	Lp
82	17	Lp
82	18	-1
82	19	Lp
82	20	Lp
82	21	Lp
82	22	Lp
82	23	Lp
82	24	U
82	25	-1
82	26	-1
82	27	Lp
82	28	Lp
82	29	Lp
82	30	Lp
82	31	-1
82	32	Lp
82	33	Lp
82	34	Lp
82	35	-1
82	36	Lp
82	37	Lp
82	38	Lp
82	39	Lp
82	40	Lp
82	41	-1
82	42	-1
82	43	Lp
82	44	Lp
82	45	Lp
82	46	Lp
82	47	-1
82	48	Lp
82	49	Lp
82	50	Lp
82	51	Lp
82	52	Lp
82	53	L
82	54	L
82	55	L
82	56	L
82	57	L
82	58	L
82	59	L
82	60	-1
82	61	L
82	62	L
82	63	L
82	64	-1
82	65	Lp
82	66	Lp
82	67	Lp
82	68	L
82	69	Lp
82	70	-1
82	71	L
82	72	L
82	73	L
82	74	Lp
82	75	Lp
82	76	Lp
82	77	Lp
82	78	Lp
82	79	Lp
82	80	Lp
82	81	Lp
82	82	Lp
82	83	Lp
82	84	Lp
82	85	Lp
82	86	Lp
82	87	Lp
82	88	Lp
82	89	U
82	90	Lp
82	91	U
82	92	Lp
82	93	Lp
82	94	Lp
82	95	Lp
82	96	Lp
82	97	Lp
82	98	-1
82	99	Lp
82	100	Lp
82	101	Lp
82	102	Lp
82	103	Lp
82	104	-1
82	105	Lp
82	106	L
82	107	Lp
82	108	Lp
82	109	Lp
82	110	Lp
82	111	Lp
82	112	Lp
82	113	L
82	114	L
82	115	L
82	116	L
82	117	Lp
82	118	Lp
82	119	Lp
83	0	Lp
83	1	Lp
83	2	Lp
83	3	Lp
83	4	Lp
83	5	Lp
83	6	Lp
83	7	Lp
83	8	L
83	9	L
83	10	Lp
83	11	L
83	12	L
83	13	Lp
83	14	Lp
83	15	Lp
83	16	Lp
83	17	-1
83	18	-1
83	19	Lp
83	20	-1
83	21	Lp
83	22	Lp
83	23	Lp
83	24	Lp
83	25	-1
83	26	-1
83	27	Lp
83	28	Lp
83	29	Lp
83	30	-1
83	31	-1
83	32	Lp
83	33	Lp
83	34	U
83	35	-1
83	36	Lp
83	37	Lp
83	38	Lp
83	39	Lp
83	40	Lp
83	41	Lp
83	42	Lp
83	43	Lp
83	44	Lp
83	45	Lp
83	46	Lp
83	47	-1
83	48	Lp
83	49	Lp
83	50	Lp
83	51	Lp
83	52	Lp
83	53	Lp
83	54	Lp
83	55	L
83	56	L
83	57	L
83	58	L
83	59	-1
83	60	L
83	61	L
83	62	Lp
83	63	-1
83	64	Lp
83	65	L
83	66	L
83	67	-1
83	68	Lp
83	69	-1
83	70	-1
83	71	L
83	72	L
83	73	Lp
83	74	Lp
83	75	Lp
83	76	Lp
83	77	Lp
83	78	Lp
83	79	Lp
83	80	Lp
83	81	Lp
83	82	Lp
83	83	Lp
83	84	Lp
83	85	Lp
83	86	Lp
83	87	Lp
83	88	Lp
83	89	Lp
83	90	L
83	91	Lp
83	92	Lp
83	93	Lp
83	94	Lp
83	95	Lp
83	96	Lp
83	97	Lp
83	98	Lp
83	99	-1
83	100	Lp
83	101	Lp
83	102	Lp
83	103	Lp
83	104	Lp
83	105	Lp
83	106	Lp
83	107	Lp
83	108	U
83	109	Lp
83	110	Lp
83	111	Lp
83	112	L
83	113	L
83	114	L
83	115	L
83	116	L
83	117	L
83	118	Lp
83	119	Lp
84	0	Lp
84	1	Lp
84	2	Lp
84	3	Lp
84	4	Lp
84	5	L
84	6	Lp
84	7	L
84	8	-1
84	9	Lp
84	10	L
84	11	L
84	12	L
84	13	L
84	14	-1
84	15	Lp
84	16	Lp
84	17	Lp
84	18	Lp
84	19	Lp
84	20	-1
84	21	Lp
84	22	-1
84	23	-1
84	24	U
84	25	-1
84	26	Lp
84	27	Lp
84	28	Lp
84	29	Lp
84	30	Lp
84	31	Lp
84	32	Lp
84	33	Lp
84	34	Lp
84	35	-1
84	36	Lp
84	37	Lp
84	38	Lp
84	39	Lp
84	40	Lp
84	41	Lp
84	42	Lp
84	43	Lp
84	44	Lp
84	45	-1
84	46	-1
84	47	Lp
84	48	Lp
84	49	Lp
84	50	Lp
84	51	Lp
84	52	Lp
84	53	Lp
84	54	L
84	55	L
84	56	L
84	57	L
84	58	L
84	59	L
84	60	L
84	61	L
84	62	Lp
84	63	-1
84	64	L
84	65	L
84	66	L
84	67	L
84	68	-1
84	69	Lp
84	70	Lp
84	71	L
84	72	Lp
84	73	Lp
84	74	Lp
84	75	Lp
84	76	Lp
84	77	Lp
84	78	Lp
84	79	Lp
84	80	Lp
84	81	-1
84	82	Lp
84	83	Lp
84	84	Lp
84	85	Lp
84	86	Lp
84	87	Lp
84	88	Lp
84	89	-1
84	90	-1
84	91	Lp
84	92	-1
84	93	Lp
84	94	Lp
84	95	Lp
84	96	Lp
84	97	Lp
84	98	Lp
84	99	Lp
84	100	Lp
84	101	Lp
84	102	Lp
84	103	Lp
84	104	U
84	105	L
84	106	L
84	107	L
84	108	Lp
84	109	Lp
84	110	L
84	111	Lp
84	112	L
84	113	L
84	114	L
84	115	L
84	116	L
84	117	-1
84	118	U
84	119	U
85	0	Lp
85	1	Lp
85	2	Lp
85	3	Lp
85	4	Lp
85	5	Lp
85	6	-1
85	7	L
85	8	Lp
85	9	L
85	10	L
85	11	L
85	12	L
85	13	L
85	14	Lp
85	15	Lp
85	16	-1
85	17	-1
85	18	Lp
85	19	Lp
85	20	Lp
85	21	Lp
85	22	Lp
85	23	Lp
85	24	Lp
85	25	Lp
85	26	Lp
85	27	Lp
85	28	Lp
85	29	Lp
85	30	Lp
85	31	Lp
85	32	-1
85	33	Lp
85	34	Lp
85	35	Lp
85	36	Lp
85	37	Lp
85	38	Lp
85	39	Lp
85	40	Lp
85	41	Lp
85	42	-1
85	43	Lp
85	44	Lp
85	45	-1
85	46	Lp
85	47	Lp
85	48	Lp
85	49	-1
85	50	Lp
85	51	Lp
85	52	Lp
85	53	-1
85	54	Lp
85	55	L
85	56	L
85	57	L
85	58	L
85	59	L
85	60	L
85	61	L
85	62	U
85	63	Lp
85	64	L
85	65	L
85	66	L
85	67	Lp
85	68	Lp
85	69	Lp
85	70	-1
85	71	Lp
85	72	-1
85	73	Lp
85	74	Lp
85	75	Lp
85	76	Lp
85	77	Lp
85	78	Lp
85	79	Lp
85	80	Lp
85	81	Lp
85	82	Lp
85	83	Lp
85	84	Lp
85	85	Lp
85	86	Lp
85	87	Lp
85	88	L
85	89	Lp
85	90	U
85	91	-1
85	92	Lp
85	93	Lp
85	94	-1
85	95	-1
85	96	Lp
85	97	Lp
85	98	Lp
85	99	Lp
85	100	Lp
85	101	Lp
85	102	-1
85	103	Lp
85	104	L
85	105	L
85	106	Lp
85	107	L
85	108	Lp
85	109	Lp
85	110	Lp
85	111	L
85	112	L
85	113	L
85	114	L
85	115	L
85	116	Lp
85	117	L
85	118	L
85	119	L
86	0	Lp
86	1	Lp
86	2	Lp
86	3	Lp
86	4	Lp
86	5	-1
86	6	Lp
86	7	Lp
86	8	-1
86	9	L
86	10	L
86	11	L
86	12	Lp
86	13	L
86	14	Lp
86	15	Lp
86	16	Lp
86	17	Lp
86	18	-1
86	19	Lp
86	20	Lp
86	21	Lp
86	22	Lp
86	23	Lp
86	24	Lp
86	25	-1
86	26	Lp
86	27	Lp
86	28	Lp
86	29	-1
86	30	Lp
86	31	Lp
86	32	Lp
86	33	Lp
86	34	Lp
86	35	Lp
86	36	Lp
86	37	-1
86	38	-1
86	39	Lp
86	40	Lp
86	41	Lp
86	42	Lp
86	43	Lp
86	44	Lp
86	45	Lp
86	46	Lp
86	47	Lp
86	48	Lp
86	49	-1
86	50	Lp
86	51	-1
86	52	Lp
86	53	Lp
86	54	Lp
86	55	Lp
86	56	L
86	57	Lp
86	58	L
86	59	Lp
86	60	Lp
86	61	L
86	62	L
86	63	L
86	64	Lp
86	65	L
86	66	L
86	67	Lp
86	68	-1
86	69	Lp
86	70	Lp
86	71	Lp
86	72	Lp
86	73	Lp
86	74	-1
86	75	Lp
86	76	Lp
86	77	Lp
86	78	Lp
86	79	Lp
86	80	Lp
86	81	-1
86	82	-1
86	83	Lp
86	84	Lp
86	85	U
86	86	Lp
86	87	U
86	88	Lp
86	89	U
86	90	Lp
86	91	-1
86	92	Lp
86	93	Lp
86	94	Lp
86	95	-1
86	96	-1
86	97	Lp
86	98	Lp
86	99	Lp
86	100	Lp
86	101	Lp
86	102	Lp
86	103	Lp
86	104	Lp
86	105	Lp
86	106	Lp
86	107	Lp
86	108	Lp
86	109	Lp
86	110	Lp
86	111	L
86	112	Lp
86	113	L
86	114	L
86	115	Lp
86	116	Lp
86	117	L
86	118	Lp
86	119	Lp
87	0	Lp
87	1	Lp
87	2	Lp
87	3	Lp
87	4	Lp
87	5	Lp
87	6	Lp
87	7	Lp
87	8	L
87	9	L
87	10	Lp
87	11	Lp
87	12	Lp
87	13	Lp
87	14	U
87	15	U
87	16	U
87	17	Lp
87	18	Lp
87	19	-1
87	20	Lp
87	21	Lp
87	22	Lp
87	23	Lp
87	24	Lp
87	25	Lp
87	26	Lp
87	27	Lp
87	28	-1
87	29	-1
87	30	Lp
87	31	Lp
87	32	Lp
87	33	Lp
87	34	-1
87	35	Lp
87	36	Lp
87	37	Lp
87	38	Lp
87	39	Lp
87	40	Lp
87	41	Lp
87	42	Lp
87	43	Lp
87	44	Lp
87	45	-1
87	46	Lp
87	47	L
87	48	Lp
87	49	Lp
87	50	Lp
87	51	Lp
87	52	Lp
87	53	Lp
87	54	Lp
87	55	Lp
87	56	Lp
87	57	Lp
87	58	Lp
87	59	-1
87	60	L
87	61	Lp
87	62	-1
87	63	L
87	64	L
87	65	Lp
87	66	Lp
87	67	Lp
87	68	Lp
87	69	Lp
87	70	Lp
87	71	Lp
87	72	Lp
87	73	Lp
87	74	Lp
87	75	Lp
87	76	Lp
87	77	-1
87	78	Lp
87	79	Lp
87	80	Lp
87	81	-1
87	82	Lp
87	83	Lp
87	84	Lp
87	85	-1
87	86	Lp
87	87	U
87	88	U
87	89	Lp
87	90	-1
87	91	Lp
87	92	Lp
87	93	Lp
87	94	Lp
87	95	Lp
87	96	-1
87	97	Lp
87	98	Lp
87	99	Lp
87	100	Lp
87	101	Lp
87	102	-1
87	103	Lp
87	104	Lp
87	105	Lp
87	106	Lp
87	107	Lp
87	108	Lp
87	109	Lp
87	110	Lp
87	111	-1
87	112	Lp
87	113	L
87	114	-1
87	115	Lp
87	116	Lp
87	117	Lp
87	118	-1
87	119	Lp
88	0	Lp
88	1	Lp
88	2	Lp
88	3	Lp
88	4	Lp
88	5	-1
88	6	Lp
88	7	L
88	8	-1
88	9	Lp
88	10	Lp
88	11	-1
88	12	Lp
88	13	Lp
88	14	Lp
88	15	Lp
88	16	Lp
88	17	Lp
88	18	Lp
88	19	Lp
88	20	Lp
88	21	Lp
88	22	Lp
88	23	Lp
88	24	Lp
88	25	Lp
88	26	Lp
88	27	Lp
88	28	Lp
88	29	Lp
88	30	Lp
88	31	Lp
88	32	Lp
88	33	Lp
88	34	Lp
88	35	-1
88	36	Lp
88	37	Lp
88	38	Lp
88	39	Lp
88	40	Lp
88	41	Lp
88	42	Lp
88	43	Lp
88	44	Lp
88	45	Lp
88	46	L
88	47	Lp
88	48	-1
88	49	Lp
88	50	Lp
88	51	Lp
88	52	Lp
88	53	Lp
88	54	-1
88	55	Lp
88	56	Lp
88	57	-1
88	58	Lp
88	59	L
88	60	Lp
88	61	L
88	62	Lp
88	63	L
88	64	L
88	65	L
88	66	L
88	67	Lp
88	68	Lp
88	69	Lp
88	70	Lp
88	71	Lp
88	72	Lp
88	73	Lp
88	74	-1
88	75	Lp
88	76	Lp
88	77	-1
88	78	Lp
88	79	-1
88	80	Lp
88	81	Lp
88	82	L
88	83	L
88	84	Lp
88	85	L
88	86	Lp
88	87	Lp
88	88	L
88	89	L
88	90	-1
88	91	Lp
88	92	Lp
88	93	Lp
88	94	Lp
88	95	Lp
88	96	Lp
88	97	Lp
88	98	Lp
88	99	Lp
88	100	Lp
88	101	Lp
88	102	Lp
88	103	-1
88	104	Lp
88	105	Lp
88	106	Lp
88	107	Lp
88	108	Lp
88	109	Lp
88	110	Lp
88	111	Lp
88	112	Lp
88	113	Lp
88	114	Lp
88	115	Lp
88	116	L
88	117	Lp
88	118	Lp
88	119	Lp
89	0	Lp
89	1	Lp
89	2	Lp
89	3	Lp
89	4	Lp
89	5	Lp
89	6	-1
89	7	Lp
89	8	Lp
89	9	-1
89	10	Lp
89	11	Lp
89	12	-1
89	13	Lp
89	14	Lp
89	15	Lp
89	16	Lp
89	17	-1
89	18	Lp
89	19	Lp
89	20	L
89	21	-1
89	22	Lp
89	23	Lp
89	24	Lp
89	25	Lp
89	26	Lp
89	27	-1
89	28	Lp
89	29	Lp
89	30	Lp
89	31	Lp
89	32	Lp
89	33	Lp
89	34	Lp
89	35	Lp
89	36	-1
89	37	Lp
89	38	Lp
89	39	Lp
89	40	Lp
89	41	Lp
89	42	Lp
89	43	Lp
89	44	Lp
89	45	Lp
89	46	Lp
89	47	U
89	48	Lp
89	49	Lp
89	50	Lp
89	51	Lp
89	52	Lp
89	53	Lp
89	54	Lp
89	55	Lp
89	56	Lp
89	57	L
89	58	L
89	59	Lp
89	60	Lp
89	61	-1
89	62	Lp
89	63	U
89	64	Lp
89	65	Lp
89	66	Lp
89	67	Lp
89	68	Lp
89	69	Lp
89	70	Lp
89	71	Lp
89	72	Lp
89	73	Lp
89	74	Lp
89	75	Lp
89	76	Lp
89	77	Lp
89	78	Lp
89	79	Lp
89	80	Lp
89	81	L
89	82	L
89	83	L
89	84	L
89	85	Lp
89	86	Lp
89	87	-1
89	88	L
89	89	-1
89	90	L
89	91	Lp
89	92	-1
89	93	Lp
89	94	Lp
89	95	Lp
89	96	Lp
89	97	Lp
89	98	Lp
89	99	Lp
89	100	-1
89	101	Lp
89	102	Lp
89	103	Lp
89	104	Lp
89	105	Lp
89	106	Lp
89	107	Lp
89	108	Lp
89	109	Lp
89	110	Lp
89	111	-1
89	112	Lp
89	113	Lp
89	114	Lp
89	115	Lp
89	116	Lp
89	117	-1
89	118	Lp
89	119	Lp
90	0	Lp
90	1	-1
90	2	Lp
90	3	Lp
90	4	Lp
90	5	-1
90	6	Lp
90	7	U
90	8	Lp
90	9	Lp
90	10	Lp
90	11	Lp
90	12	Lp
90	13	Lp
90	14	Lp
90	15	Lp
90	16	Lp
90	17	Lp
90	18	Lp
90	19	Lp
90	20	Lp
90	21	Lp
90	22	Lp
90	23	Lp
90	24	Lp
90	25	Lp
90	26	Lp
90	27	-1
90	28	Lp
90	29	Lp
90	30	Lp
90	31	Lp
90	32	-1
90	33	Lp
90	34	Lp
90	35	Lp
90	36	Lp
90	37	Lp
90	38	Lp
90	39	Lp
90	40	Lp
90	41	Lp
90	42	Lp
90	43	Lp
90	44	L
90	45	Lp
90	46	Lp
90	47	Lp
90	48	-1
90	49	Lp
90	50	Lp
90	51	-1
90	52	Lp
90	53	-1
90	54	Lp
90	55	Lp
90	56	Lp
90	57	Lp
90	58	Lp
90	59	Lp
90	60	Lp
90	61	L
90	62	L
90	63	U
90	64	L
90	65	L
90	66	Lp
90	67	Lp
90	68	-1
90	69	Lp
90	70	Lp
90	71	Lp
90	72	Lp
90	73	Lp
90	74	Lp
90	75	Lp
90	76	-1
90	77	Lp
90	78	Lp
90	79	Lp
90	80	Lp
90	81	Lp
90	82	Lp
90	83	L
90	84	Lp
90	85	Lp
90	86	Lp
90	87	Lp
90	88	-1
90	89	Lp
90	90	Lp
90	91	Lp
90	92	Lp
90	93	Lp
90	94	Lp
90	95	-1
90	96	Lp
90	97	-1
90	98	Lp
90	99	Lp
90	100	Lp
90	101	Lp
90	102	Lp
90	103	-1
90	104	Lp
90	105	-1
90	106	Lp
90	107	Lp
90	108	Lp
90	109	Lp
90	110	Lp
90	111	Lp
90	112	Lp
90	113	Lp
90	114	Lp
90	115	Lp
90	116	Lp
90	117	-1
90	118	Lp
90	119	-1
91	0	Lp
91	1	Lp
91	2	Lp
91	3	Lp
91	4	Lp
91	5	Lp
91	6	Lp
91	7	Lp
91	8	-1
91	9	Lp
91	10	Lp
91	11	Lp
91	12	Lp
91	13	Lp
91	14	Lp
91	15	Lp
91	16	Lp
91	17	Lp
91	18	-1
91	19	Lp
91	20	Lp
91	21	L
91	22	L
91	23	Lp
91	24	Lp
91	25	Lp
91	26	Lp
91	27	Lp
91	28	Lp
91	29	Lp
91	30	Lp
91	31	Lp
91	32	Lp
91	33	Lp
91	34	Lp
91	35	Lp
91	36	Lp
91	37	Lp
91	38	Lp
91	39	Lp
91	40	U
91	41	Lp
91	42	Lp
91	43	L
91	44	L
91	45	L
91	46	L
91	47	Lp
91	48	-1
91	49	L
91	50	Lp
91	51	L
91	52	Lp
91	53	Lp
91	54	Lp
91	55	Lp
91	56	Lp
91	57	L
91	58	L
91	59	-1
91	60	L
91	61	L
91	62	L
91	63	U
91	64	L
91	65	-1
91	66	Lp
91	67	Lp
91	68	-1
91	69	Lp
91	70	Lp
91	71	Lp
91	72	Lp
91	73	Lp
91	74	Lp
91	75	Lp
91	76	Lp
91	77	Lp
91	78	Lp
91	79	Lp
91	80	Lp
91	81	Lp
91	82	-1
91	83	Lp
91	84	Lp
91	85	Lp
91	86	-1
91	87	L
91	88	Lp
91	89	Lp
91	90	-1
91	91	Lp
91	92	Lp
91	93	Lp
91	94	Lp
91	95	Lp
91	96	Lp
91	97	Lp
91	98	L
91	99	Lp
91	100	Lp
91	101	Lp
91	102	-1
91	103	-1
91	104	Lp
91	105	L
91	106	L
91	107	L
91	108	L
91	109	Lp
91	110	Lp
91	111	Lp
91	112	L
91	113	L
91	114	Lp
91	115	Lp
91	116	L
91	117	-1
91	118	Lp
91	119	Lp
92	0	Lp
92	1	Lp
92	2	Lp
92	3	Lp
92	4	-1
92	5	Lp
92	6	Lp
92	7	Lp
92	8	Lp
92	9	Lp
92	10	Lp
92	11	U
92	12	Lp
92	13	Lp
92	14	Lp
92	15	Lp
92	16	Lp
92	17	Lp
92	18	Lp
92	19	Lp
92	20	Lp
92	21	L
92	22	L
92	23	Lp
92	24	L
92	25	Lp
92	26	Lp
92	27	Lp
92	28	Lp
92	29	Lp
92	30	Lp
92	31	Lp
92	32	Lp
92	33	Lp
92	34	Lp
92	35	Lp
92	36	Lp
92	37	Lp
92	38	Lp
92	39	Lp
92	40	Lp
92	41	U
92	42	Lp
92	43	-1
92	44	L
92	45	L
92	46	U
92	47	Lp
92	48	Lp
92	49	L
92	50	L
92	51	Lp
92	52	Lp
92	53	Lp
92	54	Lp
92	55	Lp
92	56	Lp
92	57	L
92	58	L
92	59	L
92	60	L
92	61	-1
92	62	Lp
92	63	L
92	64	Lp
92	65	L
92	66	-1
92	67	Lp
92	68	Lp
92	69	Lp
92	70	Lp
92	71	-1
92	72	Lp
92	73	Lp
92	74	Lp
92	75	Lp
92	76	Lp
92	77	Lp
92	78	Lp
92	79	Lp
92	80	Lp
92	81	Lp
92	82	Lp
92	83	Lp
92	84	-1
92	85	Lp
92	86	Lp
92	87	Lp
92	88	Lp
92	89	Lp
92	90	Lp
92	91	Lp
92	92	Lp
92	93	Lp
92	94	Lp
92	95	Lp
92	96	Lp
92	97	-1
92	98	Lp
92	99	L
92	100	Lp
92	101	Lp
92	102	-1
92	103	Lp
92	104	Lp
92	105	Lp
92	106	L
92	107	L
92	108	Lp
92	109	Lp
92	110	Lp
92	111	Lp
92	112	Lp
92	113	Lp
92	114	L
92	115	Lp
92	116	-1
92	117	-1
92	118	Lp
92	119	Lp
93	0	-1
93	1	-1
93	2	Lp
93	3	Lp
93	4	Lp
93	5	Lp
93	6	-1
93	7	Lp
93	8	Lp
93	9	Lp
93	10	Lp
93	11	Lp
93	12	Lp
93	13	Lp
93	14	Lp
93	15	Lp
93	16	Lp
93	17	Lp
93	18	Lp
93	19	Lp
93	20	Lp
93	21	Lp
93	22	Lp
93	23	Lp
93	24	Lp
93	25	Lp
93	26	Lp
93	27	Lp
93	28	Lp
93	29	Lp
93	30	Lp
93	31	Lp
93	32	Lp
93	33	Lp
93	34	Lp
93	35	-1
93	36	Lp
93	37	Lp
93	38	Lp
93	39	Lp
93	40	Lp
93	41	U
93	42	-1
93	43	L
93	44	-1
93	45	Lp
93	46	Lp
93	47	Lp
93	48	-1
93	49	Lp
93	50	Lp
93	51	Lp
93	52	U
93	53	Lp
93	54	L
93	55	Lp
93	56	Lp
93	57	Lp
93	58	Lp
93	59	L
93	60	L
93	61	Lp
93	62	Lp
93	63	Lp
93	64	Lp
93	65	Lp
93	66	Lp
93	67	-1
93	68	Lp
93	69	Lp
93	70	Lp
93	71	Lp
93	72	Lp
93	73	Lp
93	74	Lp
93	75	Lp
93	76	Lp
93	77	-1
93	78	Lp
93	79	Lp
93	80	Lp
93	81	Lp
93	82	Lp
93	83	Lp
93	84	Lp
93	85	Lp
93	86	Lp
93	87	Lp
93	88	Lp
93	89	Lp
93	90	Lp
93	91	Lp
93	92	Lp
93	93	Lp
93	94	Lp
93	95	Lp
93	96	Lp
93	97	-1
93	98	Lp
93	99	-1
93	100	Lp
93	101	Lp
93	102	Lp
93	103	Lp
93	104	Lp
93	105	L
93	106	L
93	107	L
93	108	Lp
93	109	-1
93	110	L
93	111	Lp
93	112	Lp
93	113	U
93	114	U
93	115	Lp
93	116	L
93	117	L
93	118	L
93	119	Lp
94	0	L
94	1	Lp
94	2	Lp
94	3	Lp
94	4	Lp
94	5	Lp
94	6	Lp
94	7	Lp
94	8	Lp
94	9	-1
94	10	Lp
94	11	Lp
94	12	-1
94	13	L
94	14	Lp
94	15	Lp
94	16	Lp
94	17	Lp
94	18	Lp
94	19	Lp
94	20	Lp
94	21	Lp
94	22	Lp
94	23	Lp
94	24	Lp
94	25	Lp
94	26	Lp
94	27	Lp
94	28	Lp
94	29	Lp
94	30	Lp
94	31	Lp
94	32	Lp
94	33	Lp
94	34	Lp
94	35	Lp
94	36	Lp
94	37	Lp
94	38	Lp
94	39	Lp
94	40	Lp
94	41	Lp
94	42	Lp
94	43	Lp
94	44	-1
94	45	Lp
94	46	-1
94	47	-1
94	48	Lp
94	49	Lp
94	50	U
94	51	U
94	52	Lp
94	53	-1
94	54	-1
94	55	L
94	56	Lp
94	57	-1
94	58	Lp
94	59	L
94	60	L
94	61	Lp
94	62	Lp
94	63	Lp
94	64	Lp
94	65	Lp
94	66	Lp
94	67	Lp
94	68	Lp
94	69	Lp
94	70	Lp
94	71	Lp
94	72	Lp
94	73	Lp
94	74	Lp
94	75	Lp
94	76	Lp
94	77	Lp
94	78	Lp
94	79	Lp
94	80	-1
94	81	U
94	82	Lp
94	83	Lp
94	84	-1
94	85	Lp
94	86	Lp
94	87	Lp
94	88	Lp
94	89	Lp
94	90	Lp
94	91	Lp
94	92	Lp
94	93	Lp
94	94	-1
94	95	Lp
94	96	Lp
94	97	-1
94	98	-1
94	99	Lp
94	100	Lp
94	101	-1
94	102	L
94	103	Lp
94	104	Lp
94	105	Lp
94	106	L
94	107	L
94	108	Lp
94	109	Lp
94	110	Lp
94	111	Lp
94	112	Lp
94	113	Lp
94	114	U
94	115	L
94	116	L
94	117	L
94	118	-1
94	119	-1
95	0	Lp
95	1	Lp
95	2	Lp
95	3	Lp
95	4	Lp
95	5	Lp
95	6	Lp
95	7	Lp
95	8	Lp
95	9	Lp
95	10	Lp
95	11	Lp
95	12	Lp
95	13	Lp
95	14	L
95	15	Lp
95	16	Lp
95	17	Lp
95	18	Lp
95	19	Lp
95	20	Lp
95	21	Lp
95	22	-1
95	23	Lp
95	24	Lp
95	25	Lp
95	26	Lp
95	27	Lp
95	28	Lp
95	29	Lp
95	30	Lp
95	31	Lp
95	32	Lp
95	33	Lp
95	34	-1
95	35	-1
95	36	Lp
95	37	Lp
95	38	Lp
95	39	Lp
95	40	Lp
95	41	-1
95	42	Lp
95	43	-1
95	44	Lp
95	45	Lp
95	46	Lp
95	47	-1
95	48	Lp
95	49	Lp
95	50	Lp
95	51	Lp
95	52	Lp
95	53	Lp
95	54	Lp
95	55	Lp
95	56	Lp
95	57	-1
95	58	-1
95	59	Lp
95	60	L
95	61	L
95	62	-1
95	63	Lp
95	64	Lp
95	65	Lp
95	66	Lp
95	67	Lp
95	68	Lp
95	69	Lp
95	70	-1
95	71	Lp
95	72	Lp
95	73	Lp
95	74	Lp
95	75	Lp
95	76	Lp
95	77	Lp
95	78	Lp
95	79	U
95	80	Lp
95	81	-1
95	82	-1
95	83	Lp
95	84	Lp
95	85	-1
95	86	Lp
95	87	Lp
95	88	Lp
95	89	Lp
95	90	Lp
95	91	Lp
95	92	L
95	93	-1
95	94	Lp
95	95	Lp
95	96	Lp
95	97	Lp
95	98	Lp
95	99	Lp
95	100	Lp
95	101	Lp
95	102	L
95	103	Lp
95	104	Lp
95	105	Lp
95	106	Lp
95	107	Lp
95	108	L
95	109	Lp
95	110	Lp
95	111	Lp
95	112	Lp
95	113	Lp
95	114	U
95	115	Lp
95	116	L
95	117	Lp
95	118	Lp
95	119	Lp
96	0	-1
96	1	Lp
96	2	Lp
96	3	Lp
96	4	Lp
96	5	Lp
96	6	Lp
96	7	Lp
96	8	-1
96	9	Lp
96	10	Lp
96	11	Lp
96	12	-1
96	13	-1
96	14	L
96	15	Lp
96	16	Lp
96	17	Lp
96	18	Lp
96	19	Lp
96	20	-1
96	21	U
96	22	Lp
96	23	Lp
96	24	Lp
96	25	L
96	26	L
96	27	Lp
96	28	Lp
96	29	Lp
96	30	-1
96	31	Lp
96	32	Lp
96	33	Lp
96	34	Lp
96	35	Lp
96	36	Lp
96	37	Lp
96	38	Lp
96	39	Lp
96	40	Lp
96	41	-1
96	42	Lp
96	43	Lp
96	44	Lp
96	45	Lp
96	46	Lp
96	47	Lp
96	48	Lp
96	49	-1
96	50	Lp
96	51	Lp
96	52	Lp
96	53	Lp
96	54	Lp
96	55	Lp
96	56	Lp
96	57	Lp
96	58	Lp
96	59	Lp
96	60	L
96	61	L
96	62	Lp
96	63	-1
96	64	Lp
96	65	Lp
96	66	Lp
96	67	Lp
96	68	Lp
96	69	Lp
96	70	Lp
96	71	Lp
96	72	Lp
96	73	Lp
96	74	Lp
96	75	Lp
96	76	Lp
96	77	Lp
96	78	Lp
96	79	Lp
96	80	Lp
96	81	Lp
96	82	Lp
96	83	-1
96	84	Lp
96	85	-1
96	86	Lp
96	87	Lp
96	88	Lp
96	89	Lp
96	90	Lp
96	91	Lp
96	92	Lp
96	93	L
96	94	Lp
96	95	Lp
96	96	-1
96	97	Lp
96	98	Lp
96	99	L
96	100	Lp
96	101	Lp
96	102	Lp
96	103	Lp
96	104	Lp
96	105	Lp
96	106	Lp
96	107	-1
96	108	Lp
96	109	Lp
96	110	Lp
96	111	Lp
96	112	Lp
96	113	Lp
96	114	U
96	115	Lp
96	116	Lp
96	117	Lp
96	118	Lp
96	119	Lp
97	0	Lp
97	1	Lp
97	2	Lp
97	3	Lp
97	4	Lp
97	5	Lp
97	6	Lp
97	7	Lp
97	8	-1
97	9	Lp
97	10	Lp
97	11	Lp
97	12	Lp
97	13	Lp
97	14	Lp
97	15	Lp
97	16	-1
97	17	Lp
97	18	Lp
97	19	Lp
97	20	Lp
97	21	Lp
97	22	Lp
97	23	Lp
97	24	Lp
97	25	Lp
97	26	Lp
97	27	Lp
97	28	Lp
97	29	Lp
97	30	Lp
97	31	Lp
97	32	Lp
97	33	Lp
97	34	Lp
97	35	-1
97	36	Lp
97	37	Lp
97	38	-1
97	39	L
97	40	Lp
97	41	L
97	42	L
97	43	-1
97	44	Lp
97	45	Lp
97	46	Lp
97	47	L
97	48	-1
97	49	Lp
97	50	-1
97	51	U
97	52	Lp
97	53	Lp
97	54	Lp
97	55	Lp
97	56	Lp
97	57	Lp
97	58	Lp
97	59	Lp
97	60	Lp
97	61	L
97	62	Lp
97	63	Lp
97	64	Lp
97	65	Lp
97	66	Lp
97	67	Lp
97	68	-1
97	69	-1
97	70	Lp
97	71	Lp
97	72	Lp
97	73	Lp
97	74	Lp
97	75	Lp
97	76	U
97	77	U
97	78	Lp
97	79	Lp
97	80	Lp
97	81	Lp
97	82	-1
97	83	Lp
97	84	Lp
97	85	Lp
97	86	Lp
97	87	Lp
97	88	Lp
97	89	Lp
97	90	L
97	91	Lp
97	92	L
97	93	L
97	94	Lp
97	95	Lp
97	96	Lp
97	97	U
97	98	Lp
97	99	L
97	100	-1
97	101	Lp
97	102	Lp
97	103	-1
97	104	Lp
97	105	Lp
97	106	-1
97	107	Lp
97	108	Lp
97	109	Lp
97	110	Lp
97	111	-1
97	112	Lp
97	113	L
97	114	Lp
97	115	Lp
97	116	Lp
97	117	Lp
97	118	Lp
97	119	-1
98	0	Lp
98	1	Lp
98	2	Lp
98	3	Lp
98	4	-1
98	5	-1
98	6	Lp
98	7	-1
98	8	Lp
98	9	-1
98	10	Lp
98	11	Lp
98	12	Lp
98	13	Lp
98	14	Lp
98	15	Lp
98	16	Lp
98	17	Lp
98	18	Lp
98	19	Lp
98	20	Lp
98	21	Lp
98	22	-1
98	23	Lp
98	24	-1
98	25	-1
98	26	-1
98	27	Lp
98	28	Lp
98	29	Lp
98	30	Lp
98	31	-1
98	32	Lp
98	33	Lp
98	34	Lp
98	35	Lp
98	36	Lp
98	37	Lp
98	38	L
98	39	Lp
98	40	-1
98	41	L
98	42	L
98	43	Lp
98	44	Lp
98	45	Lp
98	46	Lp
98	47	Lp
98	48	L
98	49	L
98	50	Lp
98	51	Lp
98	52	Lp
98	53	Lp
98	54	-1
98	55	Lp
98	56	Lp
98	57	Lp
98	58	Lp
98	59	-1
98	60	Lp
98	61	-1
98	62	L
98	63	Lp
98	64	Lp
98	65	Lp
98	66	Lp
98	67	-1
98	68	Lp
98	69	Lp
98	70	Lp
98	71	Lp
98	72	Lp
98	73	Lp
98	74	Lp
98	75	U
98	76	-1
98	77	U
98	78	L
98	79	Lp
98	80	Lp
98	81	-1
98	82	Lp
98	83	Lp
98	84	Lp
98	85	Lp
98	86	Lp
98	87	Lp
98	88	Lp
98	89	Lp
98	90	Lp
98	91	L
98	92	L
98	93	Lp
98	94	Lp
98	95	Lp
98	96	Lp
98	97	-1
98	98	-1
98	99	Lp
98	100	Lp
98	101	Lp
98	102	U
98	103	Lp
98	104	U
98	105	-1
98	106	U
98	107	Lp
98	108	Lp
98	109	Lp
98	110	Lp
98	111	L
98	112	L
98	113	L
98	114	Lp
98	115	Lp
98	116	Lp
98	117	Lp
98	118	Lp
98	119	Lp
99	0	Lp
99	1	Lp
99	2	Lp
99	3	Lp
99	4	Lp
99	5	Lp
99	6	Lp
99	7	Lp
99	8	-1
99	9	-1
99	10	L
99	11	Lp
99	12	Lp
99	13	-1
99	14	-1
99	15	Lp
99	16	Lp
99	17	Lp
99	18	Lp
99	19	Lp
99	20	Lp
99	21	Lp
99	22	Lp
99	23	Lp
99	24	Lp
99	25	Lp
99	26	Lp
99	27	Lp
99	28	Lp
99	29	Lp
99	30	Lp
99	31	Lp
99	32	Lp
99	33	Lp
99	34	Lp
99	35	Lp
99	36	Lp
99	37	Lp
99	38	Lp
99	39	Lp
99	40	L
99	41	-1
99	42	Lp
99	43	Lp
99	44	Lp
99	45	Lp
99	46	-1
99	47	Lp
99	48	Lp
99	49	L
99	50	Lp
99	51	Lp
99	52	Lp
99	53	Lp
99	54	Lp
99	55	Lp
99	56	Lp
99	57	Lp
99	58	Lp
99	59	Lp
99	60	Lp
99	61	Lp
99	62	Lp
99	63	L
99	64	-1
99	65	L
99	66	Lp
99	67	Lp
99	68	Lp
99	69	Lp
99	70	Lp
99	71	Lp
99	72	Lp
99	73	L
99	74	Lp
99	75	Lp
99	76	U
99	77	U
99	78	L
99	79	Lp
99	80	Lp
99	81	Lp
99	82	Lp
99	83	Lp
99	84	-1
99	85	-1
99	86	Lp
99	87	Lp
99	88	Lp
99	89	Lp
99	90	L
99	91	Lp
99	92	L
99	93	Lp
99	94	Lp
99	95	Lp
99	96	Lp
99	97	Lp
99	98	L
99	99	Lp
99	100	Lp
99	101	Lp
99	102	-1
99	103	U
99	104	U
99	105	U
99	106	U
99	107	Lp
99	108	Lp
99	109	Lp
99	110	-1
99	111	-1
99	112	-1
99	113	L
99	114	L
99	115	Lp
99	116	Lp
99	117	Lp
99	118	Lp
99	119	Lp
100	0	Lp
100	1	-1
100	2	Lp
100	3	Lp
100	4	Lp
100	5	Lp
100	6	Lp
100	7	Lp
100	8	L
100	9	L
100	10	-1
100	11	L
100	12	L
100	13	Lp
100	14	L
100	15	Lp
100	16	Lp
100	17	Lp
100	18	Lp
100	19	Lp
100	20	Lp
100	21	Lp
100	22	Lp
100	23	Lp
100	24	-1
100	25	Lp
100	26	-1
100	27	Lp
100	28	Lp
100	29	Lp
100	30	Lp
100	31	-1
100	32	Lp
100	33	Lp
100	34	Lp
100	35	L
100	36	Lp
100	37	-1
100	38	L
100	39	Lp
100	40	-1
100	41	Lp
100	42	Lp
100	43	L
100	44	Lp
100	45	Lp
100	46	Lp
100	47	-1
100	48	Lp
100	49	Lp
100	50	-1
100	51	Lp
100	52	Lp
100	53	-1
100	54	Lp
100	55	Lp
100	56	U
100	57	U
100	58	Lp
100	59	Lp
100	60	Lp
100	61	Lp
100	62	-1
100	63	Lp
100	64	L
100	65	Lp
100	66	Lp
100	67	Lp
100	68	-1
100	69	Lp
100	70	Lp
100	71	Lp
100	72	Lp
100	73	Lp
100	74	Lp
100	75	Lp
100	76	Lp
100	77	Lp
100	78	Lp
100	79	Lp
100	80	Lp
100	81	Lp
100	82	Lp
100	83	Lp
100	84	Lp
100	85	Lp
100	86	Lp
100	87	Lp
100	88	Lp
100	89	Lp
100	90	Lp
100	91	Lp
100	92	L
100	93	L
100	94	L
100	95	Lp
100	96	U
100	97	L
100	98	L
100	99	-1
100	100	Lp
100	101	Lp
100	102	Lp
100	103	U
100	104	U
100	105	U
100	106	Lp
100	107	-1
100	108	Lp
100	109	-1
100	110	Lp
100	111	Lp
100	112	Lp
100	113	Lp
100	114	Lp
100	115	L
100	116	-1
100	117	Lp
100	118	Lp
100	119	U
101	0	Lp
101	1	-1
101	2	Lp
101	3	Lp
101	4	Lp
101	5	Lp
101	6	Lp
101	7	L
101	8	L
101	9	Lp
101	10	L
101	11	Lp
101	12	-1
101	13	L
101	14	Lp
101	15	Lp
101	16	Lp
101	17	Lp
101	18	Lp
101	19	Lp
101	20	Lp
101	21	Lp
101	22	Lp
101	23	Lp
101	24	Lp
101	25	-1
101	26	Lp
101	27	Lp
101	28	Lp
101	29	-1
101	30	Lp
101	31	Lp
101	32	Lp
101	33	Lp
101	34	Lp
101	35	L
101	36	L
101	37	Lp
101	38	Lp
101	39	Lp
101	40	Lp
101	41	-1
101	42	Lp
101	43	Lp
101	44	Lp
101	45	Lp
101	46	Lp
101	47	Lp
101	48	Lp
101	49	Lp
101	50	Lp
101	51	Lp
101	52	-1
101	53	-1
101	54	Lp
101	55	U
101	56	Lp
101	57	Lp
101	58	Lp
101	59	Lp
101	60	Lp
101	61	-1
101	62	L
101	63	L
101	64	L
101	65	L
101	66	Lp
101	67	Lp
101	68	Lp
101	69	Lp
101	70	Lp
101	71	Lp
101	72	Lp
101	73	U
101	74	-1
101	75	Lp
101	76	Lp
101	77	Lp
101	78	Lp
101	79	Lp
101	80	Lp
101	81	U
101	82	Lp
101	83	Lp
101	84	Lp
101	85	Lp
101	86	Lp
101	87	Lp
101	88	Lp
101	89	-1
101	90	Lp
101	91	L
101	92	-1
101	93	L
101	94	Lp
101	95	L
101	96	L
101	97	L
101	98	L
101	99	L
101	100	L
101	101	Lp
101	102	Lp
101	103	U
101	104	Lp
101	105	U
101	106	U
101	107	-1
101	108	Lp
101	109	Lp
101	110	Lp
101	111	Lp
101	112	-1
101	113	Lp
101	114	Lp
101	115	Lp
101	116	Lp
101	117	Lp
101	118	Lp
101	119	Lp
102	0	Lp
102	1	Lp
102	2	Lp
102	3	Lp
102	4	Lp
102	5	Lp
102	6	Lp
102	7	L
102	8	Lp
102	9	Lp
102	10	Lp
102	11	Lp
102	12	Lp
102	13	Lp
102	14	Lp
102	15	Lp
102	16	U
102	17	Lp
102	18	Lp
102	19	Lp
102	20	Lp
102	21	Lp
102	22	-1
102	23	-1
102	24	-1
102	25	-1
102	26	Lp
102	27	Lp
102	28	Lp
102	29	Lp
102	30	Lp
102	31	Lp
102	32	Lp
102	33	Lp
102	34	Lp
102	35	Lp
102	36	Lp
102	37	-1
102	38	Lp
102	39	Lp
102	40	Lp
102	41	Lp
102	42	Lp
102	43	Lp
102	44	Lp
102	45	Lp
102	46	Lp
102	47	Lp
102	48	Lp
102	49	-1
102	50	Lp
102	51	Lp
102	52	Lp
102	53	L
102	54	Lp
102	55	Lp
102	56	U
102	57	U
102	58	Lp
102	59	Lp
102	60	-1
102	61	Lp
102	62	Lp
102	63	Lp
102	64	L
102	65	Lp
102	66	Lp
102	67	Lp
102	68	Lp
102	69	Lp
102	70	Lp
102	71	-1
102	72	U
102	73	Lp
102	74	Lp
102	75	Lp
102	76	Lp
102	77	Lp
102	78	-1
102	79	Lp
102	80	U
102	81	Lp
102	82	Lp
102	83	Lp
102	84	Lp
102	85	L
102	86	-1
102	87	Lp
102	88	L
102	89	Lp
102	90	L
102	91	L
102	92	L
102	93	L
102	94	L
102	95	L
102	96	-1
102	97	L
102	98	L
102	99	L
102	100	Lp
102	101	Lp
102	102	U
102	103	-1
102	104	Lp
102	105	Lp
102	106	U
102	107	-1
102	108	Lp
102	109	-1
102	110	Lp
102	111	Lp
102	112	Lp
102	113	Lp
102	114	Lp
102	115	Lp
102	116	Lp
102	117	Lp
102	118	Lp
102	119	Lp
103	0	Lp
103	1	Lp
103	2	Lp
103	3	Lp
103	4	Lp
103	5	Lp
103	6	Lp
103	7	L
103	8	Lp
103	9	Lp
103	10	U
103	11	Lp
103	12	Lp
103	13	Lp
103	14	-1
103	15	L
103	16	-1
103	17	U
103	18	-1
103	19	Lp
103	20	Lp
103	21	Lp
103	22	Lp
103	23	Lp
103	24	Lp
103	25	Lp
103	26	Lp
103	27	Lp
103	28	Lp
103	29	Lp
103	30	Lp
103	31	Lp
103	32	Lp
103	33	Lp
103	34	Lp
103	35	Lp
103	36	L
103	37	-1
103	38	Lp
103	39	Lp
103	40	-1
103	41	Lp
103	42	-1
103	43	-1
103	44	Lp
103	45	Lp
103	46	Lp
103	47	Lp
103	48	-1
103	49	Lp
103	50	Lp
103	51	Lp
103	52	L
103	53	L
103	54	L
103	55	L
103	56	L
103	57	Lp
103	58	Lp
103	59	Lp
103	60	Lp
103	61	Lp
103	62	-1
103	63	-1
103	64	Lp
103	65	Lp
103	66	Lp
103	67	Lp
103	68	Lp
103	69	Lp
103	70	Lp
103	71	Lp
103	72	Lp
103	73	Lp
103	74	-1
103	75	Lp
103	76	Lp
103	77	Lp
103	78	Lp
103	79	Lp
103	80	Lp
103	81	Lp
103	82	Lp
103	83	Lp
103	84	Lp
103	85	Lp
103	86	L
103	87	-1
103	88	L
103	89	L
103	90	L
103	91	L
103	92	L
103	93	L
103	94	-1
103	95	L
103	96	L
103	97	L
103	98	Lp
103	99	-1
103	100	Lp
103	101	Lp
103	102	Lp
103	103	Lp
103	104	Lp
103	105	Lp
103	106	-1
103	107	Lp
103	108	Lp
103	109	Lp
103	110	Lp
103	111	Lp
103	112	Lp
103	113	Lp
103	114	Lp
103	115	Lp
103	116	Lp
103	117	Lp
103	118	Lp
103	119	Lp
104	0	Lp
104	1	Lp
104	2	Lp
104	3	Lp
104	4	Lp
104	5	Lp
104	6	Lp
104	7	Lp
104	8	-1
104	9	L
104	10	L
104	11	L
104	12	Lp
104	13	Lp
104	14	L
104	15	Lp
104	16	U
104	17	Lp
104	18	U
104	19	U
104	20	Lp
104	21	Lp
104	22	-1
104	23	Lp
104	24	Lp
104	25	Lp
104	26	Lp
104	27	Lp
104	28	-1
104	29	Lp
104	30	Lp
104	31	Lp
104	32	Lp
104	33	L
104	34	L
104	35	-1
104	36	L
104	37	Lp
104	38	Lp
104	39	Lp
104	40	Lp
104	41	Lp
104	42	-1
104	43	Lp
104	44	Lp
104	45	Lp
104	46	Lp
104	47	Lp
104	48	Lp
104	49	L
104	50	Lp
104	51	-1
104	52	L
104	53	Lp
104	54	Lp
104	55	L
104	56	L
104	57	U
104	58	-1
104	59	-1
104	60	-1
104	61	Lp
104	62	Lp
104	63	Lp
104	64	Lp
104	65	Lp
104	66	Lp
104	67	Lp
104	68	Lp
104	69	Lp
104	70	Lp
104	71	Lp
104	72	Lp
104	73	Lp
104	74	Lp
104	75	Lp
104	76	Lp
104	77	Lp
104	78	Lp
104	79	Lp
104	80	Lp
104	81	Lp
104	82	Lp
104	83	-1
104	84	Lp
104	85	Lp
104	86	Lp
104	87	-1
104	88	L
104	89	L
104	90	L
104	91	-1
104	92	L
104	93	L
104	94	L
104	95	L
104	96	L
104	97	Lp
104	98	-1
104	99	Lp
104	100	Lp
104	101	Lp
104	102	Lp
104	103	Lp
104	104	Lp
104	105	Lp
104	106	Lp
104	107	Lp
104	108	Lp
104	109	Lp
104	110	Lp
104	111	Lp
104	112	Lp
104	113	Lp
104	114	Lp
104	115	Lp
104	116	-1
104	117	Lp
104	118	Lp
104	119	L
105	0	L
105	1	L
105	2	-1
105	3	Lp
105	4	Lp
105	5	Lp
105	6	Lp
105	7	Lp
105	8	Lp
105	9	L
105	10	L
105	11	L
105	12	Lp
105	13	L
105	14	Lp
105	15	L
105	16	Lp
105	17	Lp
105	18	U
105	19	U
105	20	Lp
105	21	Lp
105	22	-1
105	23	Lp
105	24	Lp
105	25	-1
105	26	Lp
105	27	Lp
105	28	Lp
105	29	Lp
105	30	U
105	31	Lp
105	32	L
105	33	L
105	34	Lp
105	35	Lp
105	36	Lp
105	37	-1
105	38	Lp
105	39	Lp
105	40	Lp
105	41	Lp
105	42	Lp
105	43	Lp
105	44	-1
105	45	Lp
105	46	Lp
105	47	Lp
105	48	L
105	49	Lp
105	50	L
105	51	Lp
105	52	Lp
105	53	-1
105	54	L
105	55	Lp
105	56	U
105	57	U
105	58	Lp
105	59	Lp
105	60	Lp
105	61	Lp
105	62	Lp
105	63	Lp
105	64	Lp
105	65	Lp
105	66	Lp
105	67	Lp
105	68	-1
105	69	Lp
105	70	Lp
105	71	Lp
105	72	Lp
105	73	U
105	74	Lp
105	75	Lp
105	76	-1
105	77	Lp
105	78	Lp
105	79	Lp
105	80	Lp
105	81	Lp
105	82	Lp
105	83	Lp
105	84	Lp
105	85	Lp
105	86	Lp
105	87	-1
105	88	L
105	89	L
105	90	L
105	91	L
105	92	L
105	93	L
105	94	Lp
105	95	L
105	96	L
105	97	Lp
105	98	Lp
105	99	Lp
105	100	Lp
105	101	Lp
105	102	Lp
105	103	Lp
105	104	Lp
105	105	Lp
105	106	Lp
105	107	Lp
105	108	Lp
105	109	Lp
105	110	Lp
105	111	Lp
105	112	Lp
105	113	Lp
105	114	Lp
105	115	Lp
105	116	Lp
105	117	Lp
105	118	Lp
105	119	L
106	0	Lp
106	1	L
106	2	Lp
106	3	Lp
106	4	Lp
106	5	Lp
106	6	Lp
106	7	Lp
106	8	Lp
106	9	L
106	10	-1
106	11	L
106	12	L
106	13	Lp
106	14	Lp
106	15	Lp
106	16	Lp
106	17	L
106	18	Lp
106	19	-1
106	20	Lp
106	21	Lp
106	22	-1
106	23	Lp
106	24	Lp
106	25	Lp
106	26	Lp
106	27	Lp
106	28	-1
106	29	Lp
106	30	U
106	31	-1
106	32	Lp
106	33	L
106	34	Lp
106	35	Lp
106	36	Lp
106	37	Lp
106	38	Lp
106	39	Lp
106	40	-1
106	41	Lp
106	42	Lp
106	43	-1
106	44	Lp
106	45	Lp
106	46	Lp
106	47	Lp
106	48	Lp
106	49	L
106	50	Lp
106	51	Lp
106	52	Lp
106	53	L
106	54	Lp
106	55	Lp
106	56	U
106	57	Lp
106	58	Lp
106	59	Lp
106	60	Lp
106	61	Lp
106	62	Lp
106	63	Lp
106	64	Lp
106	65	Lp
106	66	Lp
106	67	Lp
106	68	Lp
106	69	Lp
106	70	Lp
106	71	Lp
106	72	Lp
106	73	Lp
106	74	Lp
106	75	-1
106	76	Lp
106	77	Lp
106	78	Lp
106	79	Lp
106	80	Lp
106	81	Lp
106	82	Lp
106	83	U
106	84	L
106	85	L
106	86	-1
106	87	L
106	88	-1
106	89	Lp
106	90	L
106	91	L
106	92	L
106	93	L
106	94	Lp
106	95	L
106	96	L
106	97	-1
106	98	-1
106	99	Lp
106	100	Lp
106	101	Lp
106	102	Lp
106	103	-1
106	104	Lp
106	105	Lp
106	106	Lp
106	107	Lp
106	108	-1
106	109	Lp
106	110	Lp
106	111	Lp
106	112	Lp
106	113	Lp
106	114	Lp
106	115	Lp
106	116	Lp
106	117	Lp
106	118	Lp
106	119	L
107	0	-1
107	1	-1
107	2	Lp
107	3	L
107	4	U
107	5	-1
107	6	Lp
107	7	-1
107	8	Lp
107	9	L
107	10	L
107	11	Lp
107	12	Lp
107	13	Lp
107	14	Lp
107	15	Lp
107	16	Lp
107	17	L
107	18	-1
107	19	L
107	20	U
107	21	Lp
107	22	Lp
107	23	-1
107	24	Lp
107	25	Lp
107	26	-1
107	27	Lp
107	28	Lp
107	29	Lp
107	30	Lp
107	31	Lp
107	32	Lp
107	33	-1
107	34	Lp
107	35	Lp
107	36	Lp
107	37	Lp
107	38	Lp
107	39	Lp
107	40	Lp
107	41	U
107	42	Lp
107	43	Lp
107	44	Lp
107	45	Lp
107	46	Lp
107	47	-1
107	48	Lp
107	49	L
107	50	L
107	51	Lp
107	52	Lp
107	53	Lp
107	54	Lp
107	55	Lp
107	56	Lp
107	57	Lp
107	58	Lp
107	59	Lp
107	60	Lp
107	61	Lp
107	62	Lp
107	63	Lp
107	64	Lp
107	65	Lp
107	66	-1
107	67	-1
107	68	Lp
107	69	Lp
107	70	Lp
107	71	Lp
107	72	Lp
107	73	Lp
107	74	Lp
107	75	Lp
107	76	Lp
107	77	Lp
107	78	Lp
107	79	Lp
107	80	Lp
107	81	Lp
107	82	Lp
107	83	Lp
107	84	Lp
107	85	Lp
107	86	-1
107	87	L
107	88	Lp
107	89	Lp
107	90	L
107	91	Lp
107	92	Lp
107	93	Lp
107	94	Lp
107	95	Lp
107	96	Lp
107	97	Lp
107	98	Lp
107	99	Lp
107	100	Lp
107	101	Lp
107	102	Lp
107	103	Lp
107	104	Lp
107	105	Lp
107	106	Lp
107	107	Lp
107	108	Lp
107	109	Lp
107	110	Lp
107	111	Lp
107	112	Lp
107	113	Lp
107	114	Lp
107	115	Lp
107	116	Lp
107	117	Lp
107	118	Lp
107	119	Lp
108	0	Lp
108	1	L
108	2	L
108	3	L
108	4	L
108	5	L
108	6	Lp
108	7	Lp
108	8	Lp
108	9	Lp
108	10	L
108	11	Lp
108	12	Lp
108	13	Lp
108	14	Lp
108	15	U
108	16	Lp
108	17	-1
108	18	L
108	19	Lp
108	20	Lp
108	21	Lp
108	22	Lp
108	23	Lp
108	24	Lp
108	25	Lp
108	26	L
108	27	-1
108	28	L
108	29	Lp
108	30	Lp
108	31	Lp
108	32	Lp
108	33	Lp
108	34	Lp
108	35	L
108	36	Lp
108	37	-1
108	38	Lp
108	39	-1
108	40	-1
108	41	Lp
108	42	Lp
108	43	Lp
108	44	Lp
108	45	Lp
108	46	Lp
108	47	Lp
108	48	-1
108	49	L
108	50	L
108	51	Lp
108	52	-1
108	53	Lp
108	54	Lp
108	55	-1
108	56	Lp
108	57	Lp
108	58	-1
108	59	Lp
108	60	Lp
108	61	Lp
108	62	Lp
108	63	Lp
108	64	Lp
108	65	Lp
108	66	Lp
108	67	Lp
108	68	Lp
108	69	Lp
108	70	Lp
108	71	U
108	72	U
108	73	Lp
108	74	Lp
108	75	Lp
108	76	Lp
108	77	Lp
108	78	Lp
108	79	Lp
108	80	Lp
108	81	Lp
108	82	U
108	83	Lp
108	84	Lp
108	85	Lp
108	86	-1
108	87	Lp
108	88	Lp
108	89	Lp
108	90	Lp
108	91	Lp
108	92	Lp
108	93	Lp
108	94	Lp
108	95	Lp
108	96	Lp
108	97	Lp
108	98	Lp
108	99	-1
108	100	-1
108	101	Lp
108	102	Lp
108	103	Lp
108	104	Lp
108	105	Lp
108	106	Lp
108	107	Lp
108	108	-1
108	109	Lp
108	110	Lp
108	111	Lp
108	112	Lp
108	113	Lp
108	114	-1
108	115	L
108	116	Lp
108	117	Lp
108	118	Lp
108	119	Lp
109	0	Lp
109	1	Lp
109	2	Lp
109	3	Lp
109	4	L
109	5	-1
109	6	L
109	7	Lp
109	8	Lp
109	9	Lp
109	10	L
109	11	L
109	12	L
109	13	Lp
109	14	L
109	15	Lp
109	16	U
109	17	L
109	18	L
109	19	-1
109	20	Lp
109	21	Lp
109	22	Lp
109	23	Lp
109	24	Lp
109	25	L
109	26	L
109	27	-1
109	28	L
109	29	L
109	30	Lp
109	31	Lp
109	32	Lp
109	33	Lp
109	34	L
109	35	L
109	36	Lp
109	37	L
109	38	Lp
109	39	Lp
109	40	U
109	41	Lp
109	42	Lp
109	43	Lp
109	44	-1
109	45	Lp
109	46	Lp
109	47	Lp
109	48	Lp
109	49	Lp
109	50	L
109	51	Lp
109	52	Lp
109	53	Lp
109	54	Lp
109	55	Lp
109	56	Lp
109	57	Lp
109	58	-1
109	59	Lp
109	60	Lp
109	61	-1
109	62	Lp
109	63	Lp
109	64	Lp
109	65	Lp
109	66	Lp
109	67	-1
109	68	Lp
109	69	-1
109	70	Lp
109	71	Lp
109	72	-1
109	73	Lp
109	74	Lp
109	75	Lp
109	76	Lp
109	77	Lp
109	78	Lp
109	79	Lp
109	80	Lp
109	81	Lp
109	82	Lp
109	83	Lp
109	84	Lp
109	85	Lp
109	86	Lp
109	87	Lp
109	88	Lp
109	89	Lp
109	90	Lp
109	91	Lp
109	92	Lp
109	93	Lp
109	94	Lp
109	95	Lp
109	96	Lp
109	97	U
109	98	Lp
109	99	Lp
109	100	-1
109	101	Lp
109	102	Lp
109	103	Lp
109	104	Lp
109	105	Lp
109	106	Lp
109	107	Lp
109	108	Lp
109	109	Lp
109	110	Lp
109	111	Lp
109	112	Lp
109	113	Lp
109	114	Lp
109	115	Lp
109	116	Lp
109	117	Lp
109	118	Lp
109	119	-1
110	0	Lp
110	1	Lp
110	2	Lp
110	3	Lp
110	4	L
110	5	L
110	6	Lp
110	7	Lp
110	8	Lp
110	9	U
110	10	-1
110	11	L
110	12	L
110	13	L
110	14	Lp
110	15	Lp
110	16	L
110	17	Lp
110	18	Lp
110	19	Lp
110	20	Lp
110	21	Lp
110	22	Lp
110	23	Lp
110	24	Lp
110	25	L
110	26	L
110	27	L
110	28	L
110	29	L
110	30	L
110	31	L
110	32	L
110	33	L
110	34	L
110	35	L
110	36	L
110	37	L
110	38	Lp
110	39	-1
110	40	U
110	41	Lp
110	42	Lp
110	43	L
110	44	Lp
110	45	Lp
110	46	Lp
110	47	Lp
110	48	-1
110	49	Lp
110	50	L
110	51	L
110	52	Lp
110	53	-1
110	54	Lp
110	55	Lp
110	56	Lp
110	57	Lp
110	58	U
110	59	Lp
110	60	Lp
110	61	Lp
110	62	Lp
110	63	-1
110	64	Lp
110	65	Lp
110	66	Lp
110	67	Lp
110	68	-1
110	69	Lp
110	70	Lp
110	71	Lp
110	72	Lp
110	73	Lp
110	74	Lp
110	75	U
110	76	Lp
110	77	Lp
110	78	Lp
110	79	Lp
110	80	Lp
110	81	Lp
110	82	Lp
110	83	Lp
110	84	Lp
110	85	Lp
110	86	Lp
110	87	Lp
110	88	Lp
110	89	Lp
110	90	-1
110	91	U
110	92	Lp
110	93	Lp
110	94	Lp
110	95	Lp
110	96	Lp
110	97	Lp
110	98	Lp
110	99	Lp
110	100	Lp
110	101	-1
110	102	Lp
110	103	Lp
110	104	U
110	105	Lp
110	106	Lp
110	107	Lp
110	108	Lp
110	109	Lp
110	110	Lp
110	111	Lp
110	112	Lp
110	113	L
110	114	L
110	115	Lp
110	116	-1
110	117	Lp
110	118	Lp
110	119	Lp
111	0	Lp
111	1	Lp
111	2	Lp
111	3	L
111	4	Lp
111	5	L
111	6	L
111	7	Lp
111	8	L
111	9	U
111	10	L
111	11	-1
111	12	L
111	13	L
111	14	U
111	15	U
111	16	Lp
111	17	Lp
111	18	-1
111	19	-1
111	20	Lp
111	21	Lp
111	22	Lp
111	23	Lp
111	24	Lp
111	25	Lp
111	26	Lp
111	27	L
111	28	Lp
111	29	-1
111	30	Lp
111	31	L
111	32	-1
111	33	Lp
111	34	-1
111	35	L
111	36	L
111	37	Lp
111	38	Lp
111	39	L
111	40	Lp
111	41	Lp
111	42	L
111	43	-1
111	44	Lp
111	45	Lp
111	46	Lp
111	47	Lp
111	48	-1
111	49	Lp
111	50	Lp
111	51	Lp
111	52	Lp
111	53	Lp
111	54	Lp
111	55	Lp
111	56	-1
111	57	Lp
111	58	Lp
111	59	Lp
111	60	Lp
111	61	Lp
111	62	Lp
111	63	Lp
111	64	Lp
111	65	Lp
111	66	Lp
111	67	Lp
111	68	Lp
111	69	Lp
111	70	Lp
111	71	Lp
111	72	Lp
111	73	Lp
111	74	Lp
111	75	Lp
111	76	Lp
111	77	-1
111	78	Lp
111	79	Lp
111	80	Lp
111	81	Lp
111	82	Lp
111	83	Lp
111	84	Lp
111	85	Lp
111	86	Lp
111	87	Lp
111	88	Lp
111	89	Lp
111	90	Lp
111	91	Lp
111	92	Lp
111	93	Lp
111	94	Lp
111	95	Lp
111	96	-1
111	97	Lp
111	98	L
111	99	Lp
111	100	Lp
111	101	-1
111	102	-1
111	103	Lp
111	104	Lp
111	105	U
111	106	U
111	107	Lp
111	108	-1
111	109	Lp
111	110	Lp
111	111	Lp
111	112	L
111	113	Lp
111	114	L
111	115	L
111	116	Lp
111	117	Lp
111	118	-1
111	119	-1
112	0	-1
112	1	Lp
112	2	Lp
112	3	Lp
112	4	L
112	5	L
112	6	L
112	7	L
112	8	Lp
112	9	L
112	10	L
112	11	L
112	12	Lp
112	13	U
112	14	Lp
112	15	U
112	16	Lp
112	17	Lp
112	18	L
112	19	Lp
112	20	Lp
112	21	Lp
112	22	Lp
112	23	Lp
112	24	Lp
112	25	-1
112	26	Lp
112	27	Lp
112	28	Lp
112	29	Lp
112	30	Lp
112	31	Lp
112	32	L
112	33	Lp
112	34	-1
112	35	Lp
112	36	L
112	37	L
112	38	Lp
112	39	Lp
112	40	L
112	41	L
112	42	Lp
112	43	Lp
112	44	Lp
112	45	Lp
112	46	Lp
112	47	Lp
112	48	Lp
112	49	Lp
112	50	Lp
112	51	Lp
112	52	Lp
112	53	Lp
112	54	Lp
112	55	-1
112	56	-1
112	57	Lp
112	58	Lp
112	59	Lp
112	60	Lp
112	61	Lp
112	62	Lp
112	63	Lp
112	64	Lp
112	65	Lp
112	66	Lp
112	67	Lp
112	68	Lp
112	69	Lp
112	70	Lp
112	71	Lp
112	72	Lp
112	73	Lp
112	74	Lp
112	75	Lp
112	76	Lp
112	77	Lp
112	78	Lp
112	79	Lp
112	80	Lp
112	81	Lp
112	82	Lp
112	83	Lp
112	84	Lp
112	85	-1
112	86	Lp
112	87	Lp
112	88	Lp
112	89	Lp
112	90	Lp
112	91	Lp
112	92	Lp
112	93	Lp
112	94	Lp
112	95	Lp
112	96	Lp
112	97	Lp
112	98	L
112	99	L
112	100	-1
112	101	Lp
112	102	Lp
112	103	Lp
112	104	L
112	105	L
112	106	Lp
112	107	Lp
112	108	Lp
112	109	Lp
112	110	-1
112	111	Lp
112	112	Lp
112	113	Lp
112	114	Lp
112	115	Lp
112	116	Lp
112	117	Lp
112	118	Lp
112	119	Lp
113	0	Lp
113	1	Lp
113	2	L
113	3	Lp
113	4	Lp
113	5	Lp
113	6	L
113	7	Lp
113	8	Lp
113	9	Lp
113	10	L
113	11	-1
113	12	Lp
113	13	Lp
113	14	Lp
113	15	L
113	16	Lp
113	17	Lp
113	18	Lp
113	19	-1
113	20	Lp
113	21	U
113	22	U
113	23	Lp
113	24	Lp
113	25	Lp
113	26	Lp
113	27	Lp
113	28	Lp
113	29	Lp
113	30	Lp
113	31	-1
113	32	Lp
113	33	-1
113	34	-1
113	35	Lp
113	36	Lp
113	37	Lp
113	38	Lp
113	39	-1
113	40	Lp
113	41	Lp
113	42	Lp
113	43	Lp
113	44	Lp
113	45	Lp
113	46	Lp
113	47	Lp
113	48	Lp
113	49	U
113	50	Lp
113	51	Lp
113	52	-1
113	53	Lp
113	54	Lp
113	55	Lp
113	56	-1
113	57	Lp
113	58	Lp
113	59	Lp
113	60	Lp
113	61	Lp
113	62	Lp
113	63	Lp
113	64	Lp
113	65	Lp
113	66	Lp
113	67	Lp
113	68	Lp
113	69	Lp
113	70	Lp
113	71	Lp
113	72	U
113	73	U
113	74	Lp
113	75	-1
113	76	Lp
113	77	Lp
113	78	Lp
113	79	Lp
113	80	-1
113	81	Lp
113	82	Lp
113	83	Lp
113	84	-1
113	85	Lp
113	86	Lp
113	87	Lp
113	88	L
113	89	L
113	90	Lp
113	91	Lp
113	92	Lp
113	93	Lp
113	94	Lp
113	95	Lp
113	96	Lp
113	97	Lp
113	98	Lp
113	99	Lp
113	100	L
113	101	-1
113	102	L
113	103	L
113	104	L
113	105	Lp
113	106	-1
113	107	Lp
113	108	Lp
113	109	Lp
113	110	Lp
113	111	L
113	112	L
113	113	Lp
113	114	-1
113	115	-1
113	116	-1
113	117	Lp
113	118	Lp
113	119	Lp
114	0	Lp
114	1	Lp
114	2	Lp
114	3	Lp
114	4	Lp
114	5	L
114	6	Lp
114	7	Lp
114	8	Lp
114	9	Lp
114	10	Lp
114	11	-1
114	12	Lp
114	13	-1
114	14	Lp
114	15	Lp
114	16	Lp
114	17	L
114	18	-1
114	19	Lp
114	20	Lp
114	21	-1
114	22	Lp
114	23	Lp
114	24	-1
114	25	Lp
114	26	Lp
114	27	-1
114	28	Lp
114	29	Lp
114	30	Lp
114	31	Lp
114	32	Lp
114	33	Lp
114	34	Lp
114	35	Lp
114	36	Lp
114	37	Lp
114	38	Lp
114	39	Lp
114	40	Lp
114	41	Lp
114	42	-1
114	43	L
114	44	L
114	45	Lp
114	46	Lp
114	47	Lp
114	48	-1
114	49	U
114	50	Lp
114	51	Lp
114	52	Lp
114	53	Lp
114	54	Lp
114	55	Lp
114	56	Lp
114	57	Lp
114	58	Lp
114	59	Lp
114	60	Lp
114	61	Lp
114	62	Lp
114	63	-1
114	64	Lp
114	65	Lp
114	66	Lp
114	67	Lp
114	68	Lp
114	69	-1
114	70	Lp
114	71	Lp
114	72	Lp
114	73	Lp
114	74	Lp
114	75	Lp
114	76	Lp
114	77	Lp
114	78	Lp
114	79	-1
114	80	Lp
114	81	Lp
114	82	-1
114	83	Lp
114	84	Lp
114	85	Lp
114	86	Lp
114	87	Lp
114	88	Lp
114	89	L
114	90	L
114	91	Lp
114	92	Lp
114	93	Lp
114	94	Lp
114	95	Lp
114	96	Lp
114	97	Lp
114	98	Lp
114	99	Lp
114	100	Lp
114	101	Lp
114	102	L
114	103	Lp
114	104	L
114	105	Lp
114	106	Lp
114	107	-1
114	108	L
114	109	L
114	110	L
114	111	Lp
114	112	L
114	113	L
114	114	L
114	115	L
114	116	Lp
114	117	Lp
114	118	-1
114	119	Lp
115	0	Lp
115	1	Lp
115	2	-1
115	3	-1
115	4	L
115	5	L
115	6	L
115	7	L
115	8	Lp
115	9	Lp
115	10	Lp
115	11	Lp
115	12	Lp
115	13	Lp
115	14	Lp
115	15	Lp
115	16	Lp
115	17	Lp
115	18	U
115	19	Lp
115	20	Lp
115	21	Lp
115	22	U
115	23	L
115	24	Lp
115	25	Lp
115	26	Lp
115	27	Lp
115	28	Lp
115	29	Lp
115	30	Lp
115	31	Lp
115	32	Lp
115	33	Lp
115	34	-1
115	35	Lp
115	36	Lp
115	37	Lp
115	38	-1
115	39	Lp
115	40	Lp
115	41	Lp
115	42	L
115	43	L
115	44	Lp
115	45	Lp
115	46	Lp
115	47	Lp
115	48	Lp
115	49	-1
115	50	U
115	51	Lp
115	52	Lp
115	53	Lp
115	54	Lp
115	55	Lp
115	56	Lp
115	57	Lp
115	58	-1
115	59	Lp
115	60	Lp
115	61	Lp
115	62	Lp
115	63	Lp
115	64	Lp
115	65	Lp
115	66	Lp
115	67	Lp
115	68	Lp
115	69	Lp
115	70	Lp
115	71	Lp
115	72	Lp
115	73	Lp
115	74	-1
115	75	Lp
115	76	-1
115	77	Lp
115	78	Lp
115	79	Lp
115	80	Lp
115	81	Lp
115	82	U
115	83	-1
115	84	Lp
115	85	Lp
115	86	U
115	87	L
115	88	L
115	89	L
115	90	L
115	91	L
115	92	Lp
115	93	Lp
115	94	-1
115	95	Lp
115	96	Lp
115	97	Lp
115	98	-1
115	99	Lp
115	100	-1
115	101	Lp
115	102	Lp
115	103	L
115	104	L
115	105	L
115	106	Lp
115	107	Lp
115	108	L
115	109	Lp
115	110	Lp
115	111	Lp
115	112	Lp
115	113	Lp
115	114	Lp
115	115	L
115	116	L
115	117	Lp
115	118	Lp
115	119	Lp
116	0	Lp
116	1	Lp
116	2	Lp
116	3	Lp
116	4	Lp
116	5	L
116	6	L
116	7	Lp
116	8	Lp
116	9	-1
116	10	Lp
116	11	Lp
116	12	-1
116	13	L
116	14	Lp
116	15	Lp
116	16	U
116	17	U
116	18	U
116	19	Lp
116	20	-1
116	21	Lp
116	22	Lp
116	23	L
116	24	Lp
116	25	Lp
116	26	Lp
116	27	Lp
116	28	U
116	29	L
116	30	L
116	31	Lp
116	32	Lp
116	33	Lp
116	34	Lp
116	35	Lp
116	36	Lp
116	37	U
116	38	Lp
116	39	Lp
116	40	Lp
116	41	Lp
116	42	Lp
116	43	L
116	44	Lp
116	45	Lp
116	46	Lp
116	47	Lp
116	48	Lp
116	49	Lp
116	50	Lp
116	51	Lp
116	52	Lp
116	53	Lp
116	54	Lp
116	55	Lp
116	56	U
116	57	Lp
116	58	Lp
116	59	Lp
116	60	U
116	61	Lp
116	62	-1
116	63	Lp
116	64	Lp
116	65	-1
116	66	Lp
116	67	Lp
116	68	Lp
116	69	Lp
116	70	Lp
116	71	Lp
116	72	Lp
116	73	Lp
116	74	Lp
116	75	Lp
116	76	Lp
116	77	Lp
116	78	Lp
116	79	Lp
116	80	Lp
116	81	Lp
116	82	Lp
116	83	Lp
116	84	Lp
116	85	Lp
116	86	Lp
116	87	L
116	88	L
116	89	L
116	90	L
116	91	Lp
116	92	Lp
116	93	L
116	94	Lp
116	95	Lp
116	96	L
116	97	Lp
116	98	L
116	99	L
116	100	Lp
116	101	Lp
116	102	Lp
116	103	Lp
116	104	-1
116	105	L
116	106	Lp
116	107	Lp
116	108	L
116	109	Lp
116	110	Lp
116	111	Lp
116	112	Lp
116	113	Lp
116	114	Lp
116	115	Lp
116	116	Lp
116	117	U
116	118	U
116	119	Lp
117	0	Lp
117	1	Lp
117	2	Lp
117	3	-1
117	4	Lp
117	5	Lp
117	6	-1
117	7	Lp
117	8	Lp
117	9	Lp
117	10	Lp
117	11	-1
117	12	Lp
117	13	L
117	14	U
117	15	Lp
117	16	Lp
117	17	U
117	18	Lp
117	19	Lp
117	20	Lp
117	21	Lp
117	22	L
117	23	Lp
117	24	L
117	25	L
117	26	L
117	27	U
117	28	L
117	29	-1
117	30	L
117	31	Lp
117	32	Lp
117	33	Lp
117	34	Lp
117	35	Lp
117	36	Lp
117	37	Lp
117	38	Lp
117	39	Lp
117	40	Lp
117	41	Lp
117	42	Lp
117	43	-1
117	44	Lp
117	45	-1
117	46	Lp
117	47	Lp
117	48	Lp
117	49	-1
117	50	Lp
117	51	Lp
117	52	Lp
117	53	Lp
117	54	Lp
117	55	U
117	56	Lp
117	57	Lp
117	58	Lp
117	59	U
117	60	Lp
117	61	Lp
117	62	Lp
117	63	Lp
117	64	Lp
117	65	-1
117	66	Lp
117	67	Lp
117	68	Lp
117	69	Lp
117	70	Lp
117	71	Lp
117	72	Lp
117	73	Lp
117	74	Lp
117	75	Lp
117	76	Lp
117	77	Lp
117	78	Lp
117	79	Lp
117	80	Lp
117	81	-1
117	82	Lp
117	83	Lp
117	84	-1
117	85	Lp
117	86	Lp
117	87	L
117	88	L
117	89	Lp
117	90	Lp
117	91	L
117	92	Lp
117	93	Lp
117	94	Lp
117	95	Lp
117	96	Lp
117	97	-1
117	98	Lp
117	99	Lp
117	100	Lp
117	101	Lp
117	102	Lp
117	103	Lp
117	104	L
117	105	L
117	106	Lp
117	107	Lp
117	108	Lp
117	109	Lp
117	110	Lp
117	111	Lp
117	112	L
117	113	L
117	114	Lp
117	115	Lp
117	116	Lp
117	117	Lp
117	118	Lp
117	119	U
118	0	Lp
118	1	Lp
118	2	Lp
118	3	Lp
118	4	Lp
118	5	-1
118	6	Lp
118	7	-1
118	8	Lp
118	9	Lp
118	10	Lp
118	11	Lp
118	12	Lp
118	13	L
118	14	L
118	15	Lp
118	16	Lp
118	17	Lp
118	18	Lp
118	19	Lp
118	20	-1
118	21	Lp
118	22	L
118	23	L
118	24	L
118	25	L
118	26	L
118	27	-1
118	28	U
118	29	Lp
118	30	U
118	31	-1
118	32	U
118	33	Lp
118	34	-1
118	35	Lp
118	36	Lp
118	37	Lp
118	38	Lp
118	39	Lp
118	40	Lp
118	41	Lp
118	42	Lp
118	43	L
118	44	-1
118	45	Lp
118	46	Lp
118	47	Lp
118	48	Lp
118	49	Lp
118	50	Lp
118	51	Lp
118	52	Lp
118	53	Lp
118	54	U
118	55	U
118	56	U
118	57	Lp
118	58	Lp
118	59	Lp
118	60	Lp
118	61	Lp
118	62	-1
118	63	Lp
118	64	Lp
118	65	Lp
118	66	Lp
118	67	Lp
118	68	-1
118	69	Lp
118	70	Lp
118	71	Lp
118	72	Lp
118	73	Lp
118	74	Lp
118	75	Lp
118	76	Lp
118	77	Lp
118	78	Lp
118	79	Lp
118	80	Lp
118	81	Lp
118	82	-1
118	83	-1
118	84	Lp
118	85	Lp
118	86	Lp
118	87	Lp
118	88	Lp
118	89	U
118	90	Lp
118	91	Lp
118	92	Lp
118	93	Lp
118	94	Lp
118	95	Lp
118	96	Lp
118	97	Lp
118	98	Lp
118	99	Lp
118	100	Lp
118	101	Lp
118	102	Lp
118	103	Lp
118	104	L
118	105	Lp
118	106	L
118	107	Lp
118	108	Lp
118	109	Lp
118	110	Lp
118	111	Lp
118	112	Lp
118	113	Lp
118	114	Lp
118	115	Lp
118	116	Lp
118	117	Lp
118	118	Lp
118	119	Lp
119	0	Lp
119	1	Lp
119	2	Lp
119	3	Lp
119	4	-1
119	5	Lp
119	6	Lp
119	7	-1
119	8	Lp
119	9	L
119	10	Lp
119	11	L
119	12	-1
119	13	L
119	14	L
119	15	Lp
119	16	Lp
119	17	Lp
119	18	Lp
119	19	Lp
119	20	Lp
119	21	Lp
119	22	Lp
119	23	Lp
119	24	L
119	25	L
119	26	-1
119	27	L
119	28	Lp
119	29	-1
119	30	Lp
119	31	U
119	32	U
119	33	Lp
119	34	Lp
119	35	Lp
119	36	Lp
119	37	Lp
119	38	Lp
119	39	Lp
119	40	-1
119	41	Lp
119	42	Lp
119	43	Lp
119	44	L
119	45	Lp
119	46	Lp
119	47	Lp
119	48	Lp
119	49	Lp
119	50	Lp
119	51	Lp
119	52	Lp
119	53	Lp
119	54	Lp
119	55	Lp
119	56	-1
119	57	-1
119	58	Lp
119	59	Lp
119	60	Lp
119	61	Lp
119	62	Lp
119	63	Lp
119	64	Lp
119	65	-1
119	66	Lp
119	67	U
119	68	Lp
119	69	-1
119	70	-1
119	71	Lp
119	72	Lp
119	73	Lp
119	74	Lp
119	75	Lp
119	76	-1
119	77	Lp
119	78	Lp
119	79	Lp
119	80	Lp
119	81	Lp
119	82	-1
119	83	-1
119	84	Lp
119	85	Lp
119	86	Lp
119	87	Lp
119	88	Lp
119	89	Lp
119	90	U
119	91	Lp
119	92	Lp
119	93	Lp
119	94	Lp
119	95	Lp
119	96	Lp
119	97	Lp
119	98	Lp
119	99	Lp
119	100	-1
119	101	Lp
119	102	Lp
119	103	-1
119	104	L
119	105	Lp
119	106	Lp
119	107	Lp
119	108	Lp
119	109	Lp
119	110	Lp
119	111	Lp
119	112	-1
119	113	Lp
119	114	Lp
119	115	Lp
119	116	Lp
119	117	Lp
119	118	-1
119	119	Lp
