0	0	Lc
0	1	Lc
0	2	Lc
0	3	Lc
0	4	Lc
0	5	Lc
0	6	Lc
0	7	Lc
0	8	Lc
0	9	Lc
0	10	Lc
0	11	Lc
0	12	Lc
0	13	Lc
0	14	Lc
0	15	Lc
0	16	Lc
0	17	Lc
0	18	-1
0	19	Lc
0	20	-1
0	21	Lc
0	22	Lc
0	23	Lc
0	24	Lc
0	25	Lc
0	26	Uc
0	27	Lc
0	28	Uc
0	29	Uc
0	30	Lc
0	31	Lc
0	32	Lc
0	33	L
0	34	Lc
0	35	-1
0	36	Lc
0	37	Lc
0	38	Lc
0	39	-1
0	40	Lc
0	41	Lc
0	42	Lc
0	43	Lc
0	44	Lc
0	45	Lc
0	46	-1
0	47	-1
0	48	-1
0	49	Lc
0	50	Lc
0	51	Lc
0	52	Lc
0	53	-1
0	54	-1
0	55	Lc
0	56	Lc
0	57	Lc
0	58	Lc
0	59	L
0	60	Lc
0	61	Lc
0	62	Lc
0	63	Uc
0	64	L
0	65	Lc
0	66	-1
0	67	Lc
0	68	Lc
0	69	Lc
0	70	-1
0	71	Lc
0	72	U
0	73	L
0	74	L
0	75	L
0	76	L
0	77	L
0	78	L
0	79	L
0	80	L
0	81	L
0	82	Lc
0	83	L
0	84	L
0	85	L
0	86	-1
0	87	L
0	88	Lc
0	89	Lc
0	90	-1
0	91	Lc
0	92	-1
0	93	-1
0	94	Lc
0	95	Lc
0	96	Lc
0	97	Lc
0	98	Lc
0	99	Lc
0	100	Lc
0	101	Lc
0	102	Lc
0	103	Lc
0	104	Lc
0	105	Lc
0	106	Lc
0	107	-1
0	108	Lc
0	109	L
0	110	L
0	111	L
0	112	L
0	113	L
0	114	Lc
0	115	Lc
0	116	L
0	117	L
0	118	Lc
0	119	Lc
1	0	Lc
1	1	Lc
1	2	Lc
1	3	L
1	4	Lc
1	5	Lc
1	6	Lc
1	7	Lc
1	8	Lc
1	9	Lc
1	10	Lc
1	11	Lc
1	12	Lc
1	13	Lc
1	14	Lc
1	15	Lc
1	16	-1
1	17	Lc
1	18	Lc
1	19	-1
1	20	Lc
1	21	Lc
1	22	L
1	23	Lc
1	24	L
1	25	Lc
1	26	Lc
1	27	Lc
1	28	Lc
1	29	Lc
1	30	Lc
1	31	L
1	32	Lc
1	33	Lc
1	34	L
1	35	-1
1	36	Lc
1	37	Lc
1	38	Lc
1	39	L
1	40	L
1	41	Lc
1	42	Lc
1	43	Lc
1	44	Lc
1	45	Lc
1	46	Lc
1	47	L
1	48	L
1	49	-1
1	50	Lc
1	51	Lc
1	52	Lc
1	53	Lc
1	54	Lc
1	55	Lc
1	56	Lc
1	57	Lc
1	58	Lc
1	59	Lc
1	60	Lc
1	61	Lc
1	62	Lc
1	63	Lc
1	64	L
1	65	Lc
1	66	-1
1	67	Lc
1	68	Lc
1	69	Lc
1	70	Lc
1	71	-1
1	72	Lc
1	73	Lc
1	74	L
1	75	-1
1	76	L
1	77	L
1	78	L
1	79	-1
1	80	-1
1	81	Uc
1	82	-1
1	83	-1
1	84	L
1	85	Lc
1	86	Lc
1	87	L
1	88	L
1	89	Lc
1	90	-1
1	91	Lc
1	92	Lc
1	93	Lc
1	94	-1
1	95	-1
1	96	Lc
1	97	Lc
1	98	Lc
1	99	Lc
1	100	Lc
1	101	Lc
1	102	Lc
1	103	Lc
1	104	Lc
1	105	Lc
1	106	Lc
1	107	Lc
1	108	Lc
1	109	Lc
1	110	L
1	111	L
1	112	L
1	113	L
1	114	Lc
1	115	L
1	116	Lc
1	117	Lc
1	118	Lc
1	119	Lc
2	0	Lc
2	1	Lc
2	2	Lc
2	3	L
2	4	-1
2	5	Lc
2	6	Lc
2	7	Lc
2	8	-1
2	9	Lc
2	10	Lc
2	11	Lc
2	12	Lc
2	13	Lc
2	14	Lc
2	15	Lc
2	16	-1
2	17	Lc
2	18	Lc
2	19	Lc
2	20	-1
2	21	Lc
2	22	L
2	23	Lc
2	24	L
2	25	L
2	26	Lc
2	27	Lc
2	28	Lc
2	29	Lc
2	30	Lc
2	31	L
2	32	L
2	33	-1
2	34	-1
2	35	L
2	36	L
2	37	Lc
2	38	Uc
2	39	Lc
2	40	Lc
2	41	Lc
2	42	Lc
2	43	Lc
2	44	Lc
2	45	Lc
2	46	Lc
2	47	L
2	48	-1
2	49	-1
2	50	-1
2	51	Lc
2	52	Lc
2	53	Lc
2	54	Lc
2	55	Lc
2	56	-1
2	57	Lc
2	58	Lc
2	59	Lc
2	60	Lc
2	61	L
2	62	L
2	63	Lc
2	64	Lc
2	65	Lc
2	66	Lc
2	67	Lc
2	68	Lc
2	69	-1
2	70	Lc
2	71	Lc
2	72	-1
2	73	Lc
2	74	Lc
2	75	L
2	76	L
2	77	L
2	78	L
2	79	-1
2	80	-1
2	81	L
2	82	-1
2	83	L
2	84	Lc
2	85	L
2	86	L
2	87	L
2	88	Lc
2	89	Lc
2	90	Lc
2	91	Lc
2	92	Lc
2	93	-1
2	94	-1
2	95	Lc
2	96	-1
2	97	Lc
2	98	-1
2	99	Lc
2	100	-1
2	101	-1
2	102	Lc
2	103	Lc
2	104	Lc
2	105	Lc
2	106	Lc
2	107	Lc
2	108	Lc
2	109	-1
2	110	Lc
2	111	L
2	112	-1
2	113	Lc
2	114	L
2	115	Lc
2	116	Lc
2	117	Lc
2	118	Lc
2	119	Lc
3	0	Lc
3	1	Lc
3	2	Lc
3	3	Lc
3	4	Lc
3	5	Lc
3	6	Lc
3	7	Lc
3	8	Lc
3	9	Lc
3	10	Lc
3	11	Lc
3	12	Lc
3	13	Lc
3	14	Lc
3	15	Lc
3	16	-1
3	17	Lc
3	18	Lc
3	19	Lc
3	20	Lc
3	21	-1
3	22	Lc
3	23	L
3	24	-1
3	25	Lc
3	26	Lc
3	27	Lc
3	28	Lc
3	29	L
3	30	Lc
3	31	L
3	32	L
3	33	-1
3	34	L
3	35	L
3	36	Lc
3	37	Lc
3	38	Lc
3	39	Lc
3	40	Lc
3	41	Lc
3	42	L
3	43	-1
3	44	Lc
3	45	Lc
3	46	-1
3	47	Lc
3	48	Lc
3	49	Lc
3	50	Lc
3	51	-1
3	52	-1
3	53	Lc
3	54	Lc
3	55	Lc
3	56	Lc
3	57	Lc
3	58	-1
3	59	L
3	60	Lc
3	61	L
3	62	L
3	63	Lc
3	64	Lc
3	65	Lc
3	66	Lc
3	67	Lc
3	68	Lc
3	69	-1
3	70	Lc
3	71	Lc
3	72	Lc
3	73	Lc
3	74	Lc
3	75	L
3	76	L
3	77	L
3	78	-1
3	79	-1
3	80	L
3	81	Lc
3	82	Lc
3	83	Lc
3	84	Uc
3	85	Uc
3	86	L
3	87	L
3	88	Lc
3	89	Lc
3	90	Lc
3	91	Lc
3	92	Lc
3	93	Lc
3	94	Lc
3	95	Lc
3	96	Lc
3	97	-1
3	98	Lc
3	99	-1
3	100	Lc
3	101	Lc
3	102	Lc
3	103	Lc
3	104	-1
3	105	Lc
3	106	Lc
3	107	Lc
3	108	Lc
3	109	Lc
3	110	Lc
3	111	L
3	112	L
3	113	Lc
3	114	Lc
3	115	-1
3	116	Lc
3	117	L
3	118	Lc
3	119	Lc
4	0	Lc
4	1	Lc
4	2	Lc
4	3	Lc
4	4	L
4	5	Lc
4	6	Lc
4	7	Lc
4	8	Lc
4	9	Lc
4	10	Lc
4	11	-1
4	12	Lc
4	13	Lc
4	14	Lc
4	15	Lc
4	16	Lc
4	17	Lc
4	18	-1
4	19	Lc
4	20	Lc
4	21	Lc
4	22	Lc
4	23	L
4	24	L
4	25	Lc
4	26	-1
4	27	Lc
4	28	Lc
4	29	-1
4	30	L
4	31	L
4	32	-1
4	33	L
4	34	L
4	35	Lc
4	36	L
4	37	Lc
4	38	L
4	39	Lc
4	40	Lc
4	41	L
4	42	L
4	43	L
4	44	L
4	45	Lc
4	46	Lc
4	47	Lc
4	48	Lc
4	49	Lc
4	50	Lc
4	51	Lc
4	52	Lc
4	53	Lc
4	54	-1
4	55	-1
4	56	Lc
4	57	-1
4	58	Lc
4	59	L
4	60	L
4	61	Lc
4	62	L
4	63	Lc
4	64	Lc
4	65	Lc
4	66	Lc
4	67	Lc
4	68	Lc
4	69	Lc
4	70	Lc
4	71	L
4	72	Lc
4	73	Lc
4	74	Lc
4	75	Lc
4	76	Lc
4	77	L
4	78	-1
4	79	L
4	80	L
4	81	-1
4	82	Lc
4	83	Lc
4	84	L
4	85	-1
4	86	L
4	87	L
4	88	-1
4	89	Lc
4	90	-1
4	91	Uc
4	92	Lc
4	93	Lc
4	94	Lc
4	95	-1
4	96	-1
4	97	Lc
4	98	-1
4	99	Lc
4	100	Lc
4	101	Lc
4	102	L
4	103	Lc
4	104	Lc
4	105	Lc
4	106	Lc
4	107	-1
4	108	Lc
4	109	Lc
4	110	Lc
4	111	Lc
4	112	Lc
4	113	L
4	114	-1
4	115	-1
4	116	-1
4	117	Lc
4	118	Lc
4	119	Lc
5	0	Lc
5	1	Lc
5	2	Lc
5	3	Lc
5	4	L
5	5	Lc
5	6	Lc
5	7	Lc
5	8	Lc
5	9	Lc
5	10	Lc
5	11	Lc
5	12	Lc
5	13	Lc
5	14	-1
5	15	-1
5	16	Lc
5	17	Lc
5	18	Lc
5	19	Lc
5	20	-1
5	21	Lc
5	22	Lc
5	23	Lc
5	24	-1
5	25	Lc
5	26	L
5	27	L
5	28	-1
5	29	L
5	30	L
5	31	L
5	32	L
5	33	L
5	34	-1
5	35	Lc
5	36	Lc
5	37	Lc
5	38	-1
5	39	Lc
5	40	L
5	41	L
5	42	L
5	43	L
5	44	-1
5	45	Lc
5	46	Lc
5	47	Lc
5	48	Lc
5	49	Lc
5	50	Lc
5	51	L
5	52	L
5	53	L
5	54	Lc
5	55	Lc
5	56	-1
5	57	Lc
5	58	Lc
5	59	Lc
5	60	-1
5	61	Lc
5	62	Lc
5	63	-1
5	64	Lc
5	65	Lc
5	66	Lc
5	67	Lc
5	68	Lc
5	69	-1
5	70	L
5	71	L
5	72	L
5	73	L
5	74	Lc
5	75	-1
5	76	Lc
5	77	L
5	78	L
5	79	-1
5	80	L
5	81	L
5	82	L
5	83	-1
5	84	-1
5	85	L
5	86	L
5	87	Lc
5	88	Uc
5	89	Uc
5	90	Lc
5	91	-1
5	92	Lc
5	93	Lc
5	94	Lc
5	95	Lc
5	96	-1
5	97	Lc
5	98	Lc
5	99	Lc
5	100	Lc
5	101	Lc
5	102	Lc
5	103	Lc
5	104	Lc
5	105	Lc
5	106	Lc
5	107	L
5	108	L
5	109	Lc
5	110	-1
5	111	Lc
5	112	-1
5	113	Lc
5	114	Lc
5	115	-1
5	116	Lc
5	117	Lc
5	118	-1
5	119	L
6	0	Lc
6	1	-1
6	2	Lc
6	3	Lc
6	4	Lc
6	5	Lc
6	6	Lc
6	7	-1
6	8	Uc
6	9	Uc
6	10	-1
6	11	-1
6	12	Lc
6	13	Lc
6	14	Lc
6	15	Lc
6	16	Lc
6	17	-1
6	18	Lc
6	19	Lc
6	20	Lc
6	21	Lc
6	22	Lc
6	23	Lc
6	24	-1
6	25	-1
6	26	-1
6	27	-1
6	28	Lc
6	29	L
6	30	L
6	31	L
6	32	L
6	33	Lc
6	34	Lc
6	35	Lc
6	36	Lc
6	37	Lc
6	38	Lc
6	39	Lc
6	40	L
6	41	L
6	42	L
6	43	Lc
6	44	Lc
6	45	Lc
6	46	Lc
6	47	Lc
6	48	Lc
6	49	L
6	50	L
6	51	L
6	52	L
6	53	Lc
6	54	-1
6	55	-1
6	56	Lc
6	57	Lc
6	58	Lc
6	59	Lc
6	60	-1
6	61	-1
6	62	-1
6	63	Lc
6	64	L
6	65	Lc
6	66	Lc
6	67	Lc
6	68	Lc
6	69	L
6	70	-1
6	71	L
6	72	L
6	73	Lc
6	74	Lc
6	75	Lc
6	76	Lc
6	77	Lc
6	78	L
6	79	-1
6	80	L
6	81	L
6	82	L
6	83	L
6	84	L
6	85	L
6	86	L
6	87	Lc
6	88	Lc
6	89	-1
6	90	-1
6	91	Lc
6	92	Lc
6	93	Lc
6	94	Lc
6	95	Lc
6	96	Lc
6	97	-1
6	98	Lc
6	99	Lc
6	100	Lc
6	101	Uc
6	102	Uc
6	103	-1
6	104	Lc
6	105	Lc
6	106	Lc
6	107	Lc
6	108	Lc
6	109	L
6	110	Lc
6	111	Lc
6	112	-1
6	113	Lc
6	114	Lc
6	115	L
6	116	Lc
6	117	Lc
6	118	Lc
6	119	-1
7	0	Lc
7	1	-1
7	2	Lc
7	3	-1
7	4	Lc
7	5	-1
7	6	Lc
7	7	Lc
7	8	Lc
7	9	Lc
7	10	Lc
7	11	-1
7	12	Lc
7	13	-1
7	14	Lc
7	15	Lc
7	16	Lc
7	17	Lc
7	18	Lc
7	19	Lc
7	20	Lc
7	21	Lp
7	22	Lp
7	23	-1
7	24	Lc
7	25	Lc
7	26	Lc
7	27	L
7	28	L
7	29	-1
7	30	L
7	31	L
7	32	L
7	33	L
7	34	L
7	35	-1
7	36	Lc
7	37	L
7	38	Lc
7	39	L
7	40	L
7	41	Lc
7	42	L
7	43	-1
7	44	-1
7	45	Lc
7	46	Lc
7	47	Lc
7	48	-1
7	49	-1
7	50	L
7	51	-1
7	52	L
7	53	Lc
7	54	Lc
7	55	-1
7	56	Lc
7	57	Lc
7	58	Lc
7	59	-1
7	60	Lc
7	61	Lc
7	62	U
7	63	U
7	64	Lc
7	65	L
7	66	Lc
7	67	L
7	68	Lc
7	69	Lc
7	70	L
7	71	L
7	72	-1
7	73	Lc
7	74	Lc
7	75	Lc
7	76	Lc
7	77	-1
7	78	Lc
7	79	L
7	80	-1
7	81	L
7	82	L
7	83	L
7	84	L
7	85	L
7	86	L
7	87	-1
7	88	L
7	89	Lc
7	90	-1
7	91	-1
7	92	Lc
7	93	Lc
7	94	Lc
7	95	Lc
7	96	Lc
7	97	Lc
7	98	Lc
7	99	Lc
7	100	Lc
7	101	Uc
7	102	-1
7	103	Uc
7	104	-1
7	105	Lc
7	106	Lc
7	107	Lc
7	108	Lc
7	109	Lc
7	110	Lc
7	111	Lc
7	112	L
7	113	L
7	114	Lc
7	115	Lc
7	116	L
7	117	Lc
7	118	Lc
7	119	Lc
8	0	Lc
8	1	-1
8	2	Lc
8	3	Lc
8	4	Lc
8	5	Lc
8	6	Lc
8	7	Lc
8	8	Lc
8	9	Lc
8	10	Lc
8	11	-1
8	12	-1
8	13	Lc
8	14	Lc
8	15	Lc
8	16	Lc
8	17	Lc
8	18	Lc
8	19	Lc
8	20	Lp
8	21	Lp
8	22	Lp
8	23	Lp
8	24	Lp
8	25	U
8	26	Lc
8	27	Lc
8	28	Uc
8	29	Uc
8	30	Lc
8	31	Lc
8	32	L
8	33	-1
8	34	-1
8	35	-1
8	36	-1
8	37	L
8	38	L
8	39	L
8	40	L
8	41	-1
8	42	-1
8	43	L
8	44	L
8	45	Lc
8	46	Lc
8	47	Lc
8	48	L
8	49	Uc
8	50	L
8	51	-1
8	52	-1
8	53	Lc
8	54	Lc
8	55	Lc
8	56	Lc
8	57	Lc
8	58	Lc
8	59	-1
8	60	-1
8	61	Lc
8	62	Lc
8	63	U
8	64	L
8	65	L
8	66	-1
8	67	L
8	68	L
8	69	Lc
8	70	L
8	71	-1
8	72	-1
8	73	Lc
8	74	Lc
8	75	Lc
8	76	Lc
8	77	-1
8	78	Lc
8	79	Lc
8	80	L
8	81	L
8	82	L
8	83	L
8	84	-1
8	85	L
8	86	L
8	87	L
8	88	Lc
8	89	U
8	90	-1
8	91	Lc
8	92	Lc
8	93	Lc
8	94	-1
8	95	Lc
8	96	Lc
8	97	Lc
8	98	Lc
8	99	Lc
8	100	Uc
8	101	Lc
8	102	Lc
8	103	-1
8	104	Uc
8	105	-1
8	106	-1
8	107	-1
8	108	Lc
8	109	Lc
8	110	Lc
8	111	L
8	112	-1
8	113	Lc
8	114	Lc
8	115	Lc
8	116	Lc
8	117	Lc
8	118	Lc
8	119	Lc
9	0	-1
9	1	Lc
9	2	Lc
9	3	Lc
9	4	Lc
9	5	Lc
9	6	Lc
9	7	Lc
9	8	Lc
9	9	Lc
9	10	-1
9	11	Lc
9	12	Lc
9	13	Lc
9	14	Lc
9	15	Lc
9	16	Lc
9	17	-1
9	18	Lp
9	19	-1
9	20	-1
9	21	Lp
9	22	Lp
9	23	Lp
9	24	-1
9	25	-1
9	26	Lp
9	27	Lp
9	28	Uc
9	29	-1
9	30	Lc
9	31	-1
9	32	Lc
9	33	Lc
9	34	Lc
9	35	Lc
9	36	L
9	37	Lc
9	38	-1
9	39	L
9	40	L
9	41	L
9	42	Lc
9	43	-1
9	44	-1
9	45	Lc
9	46	-1
9	47	-1
9	48	L
9	49	L
9	50	-1
9	51	L
9	52	L
9	53	L
9	54	L
9	55	Lc
9	56	Lc
9	57	Lc
9	58	Lc
9	59	Lc
9	60	Lc
9	61	Lc
9	62	U
9	63	Lc
9	64	-1
9	65	-1
9	66	L
9	67	L
9	68	-1
9	69	L
9	70	Lc
9	71	Lc
9	72	-1
9	73	Lc
9	74	Lc
9	75	Lc
9	76	L
9	77	Lc
9	78	Lc
9	79	Lc
9	80	L
9	81	L
9	82	L
9	83	L
9	84	L
9	85	L
9	86	-1
9	87	-1
9	88	U
9	89	-1
9	90	-1
9	91	Lc
9	92	Lc
9	93	Lc
9	94	Lc
9	95	-1
9	96	Lc
9	97	Lc
9	98	-1
9	99	Lc
9	100	Lc
9	101	Uc
9	102	Lc
9	103	Lc
9	104	Lc
9	105	L
9	106	-1
9	107	Lc
9	108	Lc
9	109	Lc
9	110	Lc
9	111	Lc
9	112	-1
9	113	Lc
9	114	-1
9	115	Lc
9	116	Lc
9	117	Lc
9	118	Lc
9	119	Lc
10	0	Lc
10	1	Lc
10	2	Lc
10	3	-1
10	4	Lc
10	5	Lc
10	6	-1
10	7	Lc
10	8	Lc
10	9	Lc
10	10	Lc
10	11	-1
10	12	L
10	13	Lc
10	14	L
10	15	Lc
10	16	Lc
10	17	Lc
10	18	Lp
10	19	-1
10	20	Lp
10	21	Lp
10	22	Lp
10	23	Lp
10	24	Lp
10	25	-1
10	26	Lp
10	27	Lp
10	28	Lc
10	29	Uc
10	30	Lc
10	31	Lc
10	32	-1
10	33	Lc
10	34	Lc
10	35	Lc
10	36	-1
10	37	Lc
10	38	Lc
10	39	-1
10	40	L
10	41	L
10	42	L
10	43	L
10	44	-1
10	45	L
10	46	L
10	47	L
10	48	Lc
10	49	Lc
10	50	Lc
10	51	L
10	52	L
10	53	L
10	54	L
10	55	L
10	56	Lc
10	57	Lc
10	58	Lc
10	59	Lc
10	60	Lc
10	61	Lc
10	62	U
10	63	U
10	64	L
10	65	L
10	66	L
10	67	-1
10	68	L
10	69	L
10	70	Lc
10	71	Lc
10	72	Lc
10	73	Lc
10	74	L
10	75	Lc
10	76	Lc
10	77	Lc
10	78	Lc
10	79	-1
10	80	L
10	81	L
10	82	-1
10	83	L
10	84	L
10	85	L
10	86	L
10	87	-1
10	88	Lc
10	89	Lc
10	90	-1
10	91	L
10	92	Lc
10	93	L
10	94	Lc
10	95	-1
10	96	Lc
10	97	Lc
10	98	Lc
10	99	Lc
10	100	Lc
10	101	Lc
10	102	Lc
10	103	Lc
10	104	Lc
10	105	L
10	106	L
10	107	-1
10	108	U
10	109	-1
10	110	Lc
10	111	Lc
10	112	Lc
10	113	Lc
10	114	Lc
10	115	-1
10	116	Lc
10	117	Lc
10	118	Lc
10	119	Lc
11	0	-1
11	1	Lc
11	2	Lc
11	3	Lc
11	4	Lc
11	5	Lc
11	6	-1
11	7	Lc
11	8	Lc
11	9	Lc
11	10	Lc
11	11	Lc
11	12	L
11	13	L
11	14	Lc
11	15	Lc
11	16	-1
11	17	-1
11	18	Lp
11	19	Lp
11	20	Lp
11	21	Lp
11	22	Lp
11	23	-1
11	24	Lp
11	25	Lp
11	26	Lp
11	27	-1
11	28	Lp
11	29	Lc
11	30	Lc
11	31	Lc
11	32	Lc
11	33	Lc
11	34	Lc
11	35	Lc
11	36	-1
11	37	L
11	38	L
11	39	Lc
11	40	L
11	41	L
11	42	L
11	43	-1
11	44	L
11	45	L
11	46	L
11	47	-1
11	48	L
11	49	L
11	50	L
11	51	L
11	52	Lc
11	53	-1
11	54	L
11	55	Lc
11	56	Lc
11	57	Lc
11	58	Lc
11	59	Lc
11	60	-1
11	61	-1
11	62	-1
11	63	Lc
11	64	L
11	65	L
11	66	L
11	67	L
11	68	L
11	69	-1
11	70	-1
11	71	Lc
11	72	Lc
11	73	Lc
11	74	Lc
11	75	-1
11	76	Lc
11	77	Lc
11	78	Lc
11	79	L
11	80	L
11	81	L
11	82	L
11	83	-1
11	84	L
11	85	L
11	86	L
11	87	Lc
11	88	Lc
11	89	Lc
11	90	Lc
11	91	Lc
11	92	Lc
11	93	-1
11	94	Lc
11	95	L
11	96	Lc
11	97	Lc
11	98	Lc
11	99	Lc
11	100	Lc
11	101	Lc
11	102	Lc
11	103	Lc
11	104	Lc
11	105	L
11	106	L
11	107	Lc
11	108	-1
11	109	L
11	110	-1
11	111	Lc
11	112	Lc
11	113	Lc
11	114	-1
11	115	-1
11	116	Lc
11	117	Lc
11	118	Lc
11	119	Lc
12	0	-1
12	1	-1
12	2	Lc
12	3	Lc
12	4	Lc
12	5	Lc
12	6	Lc
12	7	Lc
12	8	Lc
12	9	-1
12	10	Lc
12	11	L
12	12	Lc
12	13	Lc
12	14	Lc
12	15	Lc
12	16	-1
12	17	Lc
12	18	Lp
12	19	Lp
12	20	-1
12	21	Lp
12	22	Lp
12	23	-1
12	24	-1
12	25	Lp
12	26	Lp
12	27	Lp
12	28	-1
12	29	-1
12	30	Lc
12	31	Lc
12	32	Lc
12	33	Lc
12	34	Lc
12	35	-1
12	36	Lc
12	37	Lc
12	38	Lc
12	39	L
12	40	L
12	41	L
12	42	L
12	43	Lc
12	44	L
12	45	L
12	46	L
12	47	-1
12	48	-1
12	49	L
12	50	-1
12	51	Lc
12	52	L
12	53	Lc
12	54	-1
12	55	Lc
12	56	Lc
12	57	-1
12	58	Lc
12	59	Lc
12	60	Lc
12	61	-1
12	62	Lc
12	63	L
12	64	L
12	65	L
12	66	L
12	67	L
12	68	L
12	69	Lc
12	70	Lc
12	71	Lc
12	72	Lc
12	73	Lc
12	74	Lc
12	75	Lc
12	76	-1
12	77	Lc
12	78	Lc
12	79	Lc
12	80	-1
12	81	Lc
12	82	L
12	83	L
12	84	-1
12	85	-1
12	86	L
12	87	-1
12	88	-1
12	89	-1
12	90	Lc
12	91	Lc
12	92	Lc
12	93	-1
12	94	L
12	95	Lc
12	96	-1
12	97	Lc
12	98	Lc
12	99	-1
12	100	Lc
12	101	Lc
12	102	Lc
12	103	Lc
12	104	Lc
12	105	L
12	106	L
12	107	Lc
12	108	L
12	109	L
12	110	L
12	111	-1
12	112	Lc
12	113	Lc
12	114	Lc
12	115	Lc
12	116	-1
12	117	Lc
12	118	-1
12	119	-1
13	0	-1
13	1	Lc
13	2	-1
13	3	Lc
13	4	Lc
13	5	Lc
13	6	Lc
13	7	Lc
13	8	Lc
13	9	Lc
13	10	Lc
13	11	-1
13	12	Lc
13	13	Lc
13	14	-1
13	15	Lc
13	16	Lc
13	17	Lc
13	18	Lc
13	19	Lp
13	20	Lp
13	21	Lp
13	22	Lp
13	23	Lc
13	24	Uc
13	25	Uc
13	26	-1
13	27	-1
13	28	-1
13	29	Lc
13	30	Lc
13	31	Lc
13	32	-1
13	33	Lc
13	34	-1
13	35	Lc
13	36	Lc
13	37	Lc
13	38	Lc
13	39	-1
13	40	L
13	41	L
13	42	L
13	43	-1
13	44	-1
13	45	L
13	46	L
13	47	L
13	48	-1
13	49	Lc
13	50	Lc
13	51	Lc
13	52	Lc
13	53	Lc
13	54	Lc
13	55	-1
13	56	Lc
13	57	Lc
13	58	Lc
13	59	Lc
13	60	Lc
13	61	Lc
13	62	Lc
13	63	Lc
13	64	L
13	65	L
13	66	L
13	67	L
13	68	L
13	69	L
13	70	Lc
13	71	Lc
13	72	Lc
13	73	-1
13	74	Lc
13	75	Lc
13	76	-1
13	77	Lc
13	78	Lc
13	79	Lc
13	80	Lc
13	81	Lc
13	82	L
13	83	L
13	84	L
13	85	Lc
13	86	Lc
13	87	Lc
13	88	-1
13	89	Lc
13	90	Lc
13	91	Lc
13	92	Lc
13	93	Lc
13	94	-1
13	95	Lc
13	96	-1
13	97	Lc
13	98	-1
13	99	L
13	100	Lc
13	101	Lc
13	102	Lc
13	103	-1
13	104	Lc
13	105	Lc
13	106	L
13	107	L
13	108	Lc
13	109	L
13	110	Lc
13	111	Lc
13	112	Lc
13	113	-1
13	114	Lc
13	115	Lc
13	116	-1
13	117	Lc
13	118	Lc
13	119	Lc
14	0	Lc
14	1	Lc
14	2	Lc
14	3	-1
14	4	Lc
14	5	Lc
14	6	-1
14	7	Lc
14	8	Lc
14	9	Lc
14	10	Lc
14	11	-1
14	12	Lc
14	13	Lc
14	14	-1
14	15	Lc
14	16	Lc
14	17	-1
14	18	Lc
14	19	L
14	20	-1
14	21	-1
14	22	Lp
14	23	Lc
14	24	Lc
14	25	Uc
14	26	-1
14	27	Lc
14	28	Lc
14	29	Lc
14	30	-1
14	31	Lc
14	32	Lc
14	33	-1
14	34	Lc
14	35	Lc
14	36	Lc
14	37	Lc
14	38	-1
14	39	L
14	40	L
14	41	Lc
14	42	L
14	43	L
14	44	L
14	45	L
14	46	L
14	47	L
14	48	Lc
14	49	Uc
14	50	Lc
14	51	Lc
14	52	Lc
14	53	Lc
14	54	-1
14	55	-1
14	56	Lc
14	57	Lc
14	58	Lc
14	59	Lc
14	60	Lc
14	61	Lc
14	62	Lc
14	63	-1
14	64	Lc
14	65	L
14	66	L
14	67	Lc
14	68	L
14	69	L
14	70	L
14	71	Lc
14	72	Lc
14	73	-1
14	74	Lc
14	75	Lc
14	76	Lc
14	77	Lc
14	78	-1
14	79	Lc
14	80	Lc
14	81	Lc
14	82	-1
14	83	L
14	84	Lc
14	85	Lc
14	86	Lc
14	87	Lc
14	88	Lc
14	89	Lc
14	90	Lc
14	91	Lc
14	92	Lc
14	93	Lc
14	94	Lc
14	95	Lc
14	96	Lc
14	97	Lc
14	98	L
14	99	Lc
14	100	Lc
14	101	Lc
14	102	Lc
14	103	Lc
14	104	-1
14	105	Lc
14	106	Lc
14	107	Lc
14	108	L
14	109	Lc
14	110	L
14	111	Lc
14	112	Lc
14	113	Lc
14	114	Lc
14	115	-1
14	116	Lc
14	117	Uc
14	118	Lc
14	119	Lc
15	0	Lc
15	1	Lc
15	2	Lc
15	3	Lc
15	4	Lc
15	5	Lc
15	6	Lc
15	7	Lc
15	8	Lc
15	9	Lc
15	10	Lc
15	11	Lc
15	12	Lc
15	13	Lc
15	14	-1
15	15	-1
15	16	Lc
15	17	L
15	18	-1
15	19	L
15	20	Lc
15	21	Lp
15	22	Lc
15	23	Lc
15	24	Lc
15	25	Lc
15	26	-1
15	27	Lc
15	28	Lc
15	29	Lc
15	30	Lc
15	31	Lc
15	32	Lc
15	33	Lc
15	34	Lc
15	35	Lc
15	36	Lc
15	37	L
15	38	Lc
15	39	-1
15	40	-1
15	41	L
15	42	Lc
15	43	L
15	44	L
15	45	L
15	46	L
15	47	Lc
15	48	L
15	49	Uc
15	50	Lc
15	51	Lc
15	52	Lc
15	53	Lc
15	54	Lc
15	55	Lc
15	56	-1
15	57	Lc
15	58	Lc
15	59	Lc
15	60	Lc
15	61	Lc
15	62	-1
15	63	-1
15	64	-1
15	65	L
15	66	L
15	67	-1
15	68	Lc
15	69	L
15	70	L
15	71	Lc
15	72	Lc
15	73	Lc
15	74	Lc
15	75	Lc
15	76	Lc
15	77	-1
15	78	-1
15	79	-1
15	80	Lc
15	81	Lc
15	82	L
15	83	L
15	84	Lc
15	85	Lc
15	86	Lc
15	87	-1
15	88	Lc
15	89	Lc
15	90	Lc
15	91	Lc
15	92	Lc
15	93	-1
15	94	Lc
15	95	Lc
15	96	Lc
15	97	Lc
15	98	L
15	99	Lc
15	100	Lc
15	101	-1
15	102	Lc
15	103	Lc
15	104	Lc
15	105	-1
15	106	-1
15	107	-1
15	108	Lc
15	109	Lc
15	110	Lc
15	111	Lc
15	112	Lc
15	113	Lc
15	114	-1
15	115	Lc
15	116	Lc
15	117	Lc
15	118	Lc
15	119	-1
16	0	L
16	1	Lc
16	2	-1
16	3	Lc
16	4	L
16	5	-1
16	6	-1
16	7	Lc
16	8	Lc
16	9	Lc
16	10	Lc
16	11	Lc
16	12	Lc
16	13	Lc
16	14	Lc
16	15	L
16	16	L
16	17	-1
16	18	-1
16	19	Lc
16	20	-1
16	21	Lc
16	22	Lc
16	23	Lc
16	24	Lc
16	25	Lc
16	26	Lc
16	27	Lc
16	28	Lc
16	29	-1
16	30	Lc
16	31	Lc
16	32	Lc
16	33	Lc
16	34	-1
16	35	-1
16	36	-1
16	37	L
16	38	L
16	39	L
16	40	L
16	41	L
16	42	-1
16	43	Lc
16	44	L
16	45	-1
16	46	Lc
16	47	Uc
16	48	-1
16	49	Lc
16	50	Lc
16	51	Lc
16	52	Lc
16	53	Lc
16	54	Lc
16	55	Lc
16	56	Lc
16	57	Lc
16	58	Lc
16	59	L
16	60	-1
16	61	Lc
16	62	-1
16	63	Lc
16	64	L
16	65	L
16	66	L
16	67	L
16	68	L
16	69	-1
16	70	L
16	71	Lc
16	72	Lc
16	73	Lc
16	74	Lc
16	75	Lc
16	76	Lc
16	77	Lc
16	78	-1
16	79	-1
16	80	Lc
16	81	Lc
16	82	Lc
16	83	-1
16	84	L
16	85	L
16	86	-1
16	87	Lc
16	88	Lc
16	89	-1
16	90	Lc
16	91	Lc
16	92	-1
16	93	Lc
16	94	-1
16	95	Lc
16	96	Lc
16	97	Lc
16	98	-1
16	99	L
16	100	-1
16	101	Lc
16	102	Lc
16	103	Lc
16	104	-1
16	105	Lc
16	106	Lc
16	107	Lc
16	108	Lc
16	109	Lc
16	110	Lc
16	111	-1
16	112	Lc
16	113	Lc
16	114	Lc
16	115	Lc
16	116	Lc
16	117	-1
16	118	Lc
16	119	-1
17	0	Lc
17	1	L
17	2	-1
17	3	L
17	4	L
17	5	L
17	6	-1
17	7	-1
17	8	Lc
17	9	Lc
17	10	Lc
17	11	Lc
17	12	Uc
17	13	-1
17	14	-1
17	15	Lc
17	16	Lc
17	17	-1
17	18	Lc
17	19	Lc
17	20	Lc
17	21	Lc
17	22	Lc
17	23	Lc
17	24	-1
17	25	Lc
17	26	Lc
17	27	-1
17	28	-1
17	29	-1
17	30	Lc
17	31	Lc
17	32	Lc
17	33	Lc
17	34	Lc
17	35	L
17	36	Lc
17	37	L
17	38	L
17	39	L
17	40	-1
17	41	Lc
17	42	-1
17	43	L
17	44	-1
17	45	L
17	46	Lc
17	47	Lc
17	48	-1
17	49	Lc
17	50	Lc
17	51	Lc
17	52	-1
17	53	Lc
17	54	-1
17	55	Lc
17	56	-1
17	57	L
17	58	L
17	59	U
17	60	Lc
17	61	Lc
17	62	L
17	63	L
17	64	L
17	65	L
17	66	-1
17	67	L
17	68	L
17	69	L
17	70	Lc
17	71	Lc
17	72	Lc
17	73	Lc
17	74	Lc
17	75	Lc
17	76	Lc
17	77	Lc
17	78	Lc
17	79	Lc
17	80	-1
17	81	-1
17	82	Lc
17	83	-1
17	84	Lc
17	85	-1
17	86	Lc
17	87	Lc
17	88	-1
17	89	L
17	90	Lc
17	91	Lc
17	92	Lc
17	93	Lc
17	94	-1
17	95	Lc
17	96	Lc
17	97	Lc
17	98	Lc
17	99	Lc
17	100	Lc
17	101	Lc
17	102	Lc
17	103	-1
17	104	Lc
17	105	Lc
17	106	Lc
17	107	Lc
17	108	Lc
17	109	Lc
17	110	Lc
17	111	Lc
17	112	Lc
17	113	Lc
17	114	Lc
17	115	Lc
17	116	Lc
17	117	Lc
17	118	Lc
17	119	L
18	0	L
18	1	Lc
18	2	L
18	3	L
18	4	U
18	5	L
18	6	L
18	7	L
18	8	Lc
18	9	Lc
18	10	Lc
18	11	-1
18	12	Lc
18	13	Lc
18	14	L
18	15	Lc
18	16	L
18	17	Lc
18	18	Lc
18	19	Lp
18	20	Lc
18	21	-1
18	22	Lc
18	23	Lc
18	24	Lc
18	25	Lc
18	26	-1
18	27	Lc
18	28	Lc
18	29	Lc
18	30	Lc
18	31	Lc
18	32	Lc
18	33	Lc
18	34	-1
18	35	Uc
18	36	L
18	37	L
18	38	L
18	39	L
18	40	-1
18	41	L
18	42	L
18	43	L
18	44	L
18	45	L
18	46	Uc
18	47	Lc
18	48	Uc
18	49	Lc
18	50	Lc
18	51	Lc
18	52	-1
18	53	Lc
18	54	Lc
18	55	Lc
18	56	Lc
18	57	Lc
18	58	-1
18	59	L
18	60	-1
18	61	Lc
18	62	-1
18	63	L
18	64	L
18	65	L
18	66	L
18	67	-1
18	68	L
18	69	L
18	70	Lc
18	71	Lc
18	72	-1
18	73	-1
18	74	Lc
18	75	Lc
18	76	Lc
18	77	Lc
18	78	Lc
18	79	Lc
18	80	Lc
18	81	-1
18	82	-1
18	83	Lc
18	84	Lc
18	85	-1
18	86	-1
18	87	-1
18	88	L
18	89	L
18	90	L
18	91	Lc
18	92	Lc
18	93	-1
18	94	Lc
18	95	Lc
18	96	Lc
18	97	Lc
18	98	Lc
18	99	Lc
18	100	Lc
18	101	Lc
18	102	-1
18	103	Lc
18	104	-1
18	105	Lc
18	106	Lc
18	107	Lc
18	108	Lc
18	109	Lc
18	110	Lc
18	111	Lc
18	112	Lc
18	113	Lc
18	114	Lc
18	115	L
18	116	Lc
18	117	Lc
18	118	Lc
18	119	Lc
19	0	-1
19	1	-1
19	2	L
19	3	L
19	4	-1
19	5	L
19	6	L
19	7	L
19	8	-1
19	9	L
19	10	Lc
19	11	-1
19	12	-1
19	13	L
19	14	L
19	15	L
19	16	L
19	17	Lc
19	18	Lc
19	19	-1
19	20	Lc
19	21	Lc
19	22	Lc
19	23	Lc
19	24	Lc
19	25	-1
19	26	Lc
19	27	-1
19	28	Lc
19	29	-1
19	30	Lc
19	31	Lc
19	32	Lc
19	33	Lc
19	34	Uc
19	35	L
19	36	L
19	37	L
19	38	L
19	39	L
19	40	L
19	41	L
19	42	-1
19	43	L
19	44	L
19	45	Uc
19	46	-1
19	47	-1
19	48	Lc
19	49	Lc
19	50	Lc
19	51	Lc
19	52	Lc
19	53	Lc
19	54	Lc
19	55	Lc
19	56	-1
19	57	Lc
19	58	-1
19	59	Lc
19	60	Lc
19	61	L
19	62	L
19	63	Lc
19	64	L
19	65	L
19	66	L
19	67	L
19	68	L
19	69	L
19	70	L
19	71	Lc
19	72	Lc
19	73	Lc
19	74	-1
19	75	-1
19	76	Lc
19	77	Lc
19	78	Lc
19	79	Lc
19	80	Lc
19	81	Lc
19	82	Lc
19	83	Lc
19	84	Lc
19	85	Lc
19	86	-1
19	87	Lc
19	88	-1
19	89	L
19	90	L
19	91	Lc
19	92	Lc
19	93	U
19	94	-1
19	95	Lc
19	96	Lc
19	97	Lc
19	98	Lc
19	99	Lc
19	100	Lc
19	101	Lc
19	102	L
19	103	Lc
19	104	Lc
19	105	Lc
19	106	Lc
19	107	Lc
19	108	Lc
19	109	-1
19	110	Lc
19	111	Lc
19	112	Lc
19	113	Lc
19	114	L
19	115	Lc
19	116	L
19	117	L
19	118	Lc
19	119	Lc
20	0	-1
20	1	Lc
20	2	L
20	3	L
20	4	L
20	5	-1
20	6	-1
20	7	L
20	8	Lc
20	9	L
20	10	L
20	11	L
20	12	-1
20	13	Lc
20	14	Lc
20	15	Lc
20	16	Lc
20	17	Lc
20	18	Lc
20	19	Lc
20	20	Lc
20	21	Lc
20	22	Lc
20	23	Lc
20	24	Lc
20	25	-1
20	26	Lp
20	27	-1
20	28	Lc
20	29	Lc
20	30	Lc
20	31	Lc
20	32	-1
20	33	Lc
20	34	Lc
20	35	L
20	36	L
20	37	L
20	38	L
20	39	L
20	40	L
20	41	L
20	42	Lc
20	43	L
20	44	L
20	45	L
20	46	L
20	47	L
20	48	Lc
20	49	Lc
20	50	Lc
20	51	Lc
20	52	Lc
20	53	Lc
20	54	-1
20	55	Lc
20	56	Lc
20	57	Lc
20	58	Lc
20	59	Lc
20	60	Lc
20	61	Lc
20	62	L
20	63	Lc
20	64	L
20	65	L
20	66	L
20	67	L
20	68	L
20	69	L
20	70	L
20	71	L
20	72	Lc
20	73	Lc
20	74	Lc
20	75	Lc
20	76	Lc
20	77	Lc
20	78	Lc
20	79	Lc
20	80	Lc
20	81	-1
20	82	Lc
20	83	Lc
20	84	Lc
20	85	Lc
20	86	Lc
20	87	-1
20	88	L
20	89	-1
20	90	L
20	91	L
20	92	Lc
20	93	Lc
20	94	U
20	95	Lc
20	96	Lc
20	97	-1
20	98	Lc
20	99	Lc
20	100	Lc
20	101	Lc
20	102	L
20	103	Lc
20	104	Lc
20	105	-1
20	106	Lc
20	107	Lc
20	108	Lc
20	109	Lc
20	110	-1
20	111	L
20	112	L
20	113	L
20	114	Lc
20	115	Lc
20	116	-1
20	117	-1
20	118	-1
20	119	-1
21	0	-1
21	1	Lc
21	2	L
21	3	L
21	4	L
21	5	-1
21	6	Lc
21	7	Lc
21	8	Lc
21	9	Lc
21	10	Lc
21	11	-1
21	12	Lc
21	13	Lc
21	14	Lc
21	15	Lc
21	16	Lc
21	17	Lc
21	18	-1
21	19	Lc
21	20	Lc
21	21	Lc
21	22	Lc
21	23	Lc
21	24	Lc
21	25	Lp
21	26	Lc
21	27	-1
21	28	Lc
21	29	Lc
21	30	Lc
21	31	L
21	32	Lc
21	33	Lc
21	34	L
21	35	L
21	36	-1
21	37	-1
21	38	L
21	39	L
21	40	L
21	41	Lc
21	42	Lc
21	43	-1
21	44	L
21	45	-1
21	46	Lc
21	47	-1
21	48	Lc
21	49	Lc
21	50	Lc
21	51	Lc
21	52	-1
21	53	Lc
21	54	Lc
21	55	-1
21	56	-1
21	57	Lc
21	58	Lc
21	59	Lc
21	60	-1
21	61	Lc
21	62	L
21	63	-1
21	64	L
21	65	Lc
21	66	L
21	67	L
21	68	L
21	69	Lc
21	70	L
21	71	L
21	72	Lc
21	73	Lc
21	74	Lc
21	75	Lc
21	76	Lc
21	77	Lc
21	78	Lc
21	79	Lc
21	80	Lc
21	81	Lc
21	82	Lc
21	83	Lc
21	84	Lc
21	85	Lc
21	86	Lc
21	87	-1
21	88	L
21	89	L
21	90	L
21	91	Lc
21	92	Lc
21	93	Lc
21	94	-1
21	95	Lc
21	96	Uc
21	97	Uc
21	98	Lc
21	99	-1
21	100	-1
21	101	Lc
21	102	Lc
21	103	Lc
21	104	-1
21	105	Lc
21	106	Lc
21	107	L
21	108	L
21	109	L
21	110	-1
21	111	L
21	112	Lc
21	113	Lc
21	114	Lc
21	115	Lc
21	116	Lc
21	117	Lc
21	118	L
21	119	L
22	0	-1
22	1	L
22	2	L
22	3	L
22	4	L
22	5	-1
22	6	L
22	7	Lc
22	8	Lc
22	9	Lc
22	10	Lc
22	11	Lc
22	12	Lc
22	13	Lc
22	14	Lc
22	15	Lc
22	16	Lc
22	17	-1
22	18	Lc
22	19	Lc
22	20	Lc
22	21	Lc
22	22	Lc
22	23	-1
22	24	Lc
22	25	Lc
22	26	Lc
22	27	Lc
22	28	-1
22	29	Lc
22	30	-1
22	31	Lc
22	32	Lc
22	33	Lc
22	34	Lc
22	35	L
22	36	L
22	37	L
22	38	L
22	39	-1
22	40	L
22	41	Lc
22	42	-1
22	43	L
22	44	L
22	45	-1
22	46	U
22	47	Lc
22	48	Lc
22	49	Lc
22	50	Lc
22	51	Lc
22	52	Lc
22	53	Lc
22	54	Lc
22	55	-1
22	56	Lc
22	57	L
22	58	-1
22	59	Lc
22	60	-1
22	61	Lc
22	62	-1
22	63	-1
22	64	Lc
22	65	L
22	66	L
22	67	L
22	68	L
22	69	Lc
22	70	Lc
22	71	Lc
22	72	Lc
22	73	-1
22	74	Lc
22	75	-1
22	76	-1
22	77	Lc
22	78	Lc
22	79	Lc
22	80	-1
22	81	Lc
22	82	Lc
22	83	Lc
22	84	Lc
22	85	Lc
22	86	Lc
22	87	L
22	88	L
22	89	L
22	90	L
22	91	L
22	92	L
22	93	L
22	94	Lc
22	95	L
22	96	Uc
22	97	Uc
22	98	Uc
22	99	Lc
22	100	-1
22	101	-1
22	102	-1
22	103	Lc
22	104	Lc
22	105	Lc
22	106	Lc
22	107	L
22	108	-1
22	109	Lc
22	110	-1
22	111	L
22	112	L
22	113	L
22	114	-1
22	115	Lc
22	116	L
22	117	L
22	118	L
22	119	L
23	0	L
23	1	-1
23	2	L
23	3	L
23	4	-1
23	5	L
23	6	Lc
23	7	Lc
23	8	Lc
23	9	Lc
23	10	Lc
23	11	Lc
23	12	Lc
23	13	Lc
23	14	Lc
23	15	Lc
23	16	Lc
23	17	-1
23	18	Lc
23	19	Lc
23	20	Lc
23	21	Lc
23	22	Lc
23	23	Lc
23	24	Lc
23	25	-1
23	26	Lc
23	27	Lc
23	28	Lc
23	29	Lc
23	30	Lc
23	31	Lc
23	32	Lc
23	33	Lc
23	34	Lc
23	35	L
23	36	L
23	37	L
23	38	L
23	39	L
23	40	L
23	41	-1
23	42	-1
23	43	L
23	44	Lc
23	45	L
23	46	-1
23	47	-1
23	48	Lc
23	49	Lc
23	50	Lc
23	51	Lc
23	52	Lc
23	53	Lc
23	54	L
23	55	L
23	56	-1
23	57	L
23	58	Lc
23	59	L
23	60	-1
23	61	Lc
23	62	Lc
23	63	Lc
23	64	Lc
23	65	L
23	66	L
23	67	L
23	68	-1
23	69	-1
23	70	Lc
23	71	Lc
23	72	Lc
23	73	Lc
23	74	Lc
23	75	Lc
23	76	Lc
23	77	Lc
23	78	Lc
23	79	Lc
23	80	Lc
23	81	Lc
23	82	L
23	83	Lc
23	84	Lc
23	85	Lc
23	86	Lc
23	87	L
23	88	-1
23	89	L
23	90	Lc
23	91	L
23	92	L
23	93	-1
23	94	L
23	95	L
23	96	Lc
23	97	Lc
23	98	Lc
23	99	Lc
23	100	Lc
23	101	Lc
23	102	Lc
23	103	Lc
23	104	Lc
23	105	Lc
23	106	Lc
23	107	-1
23	108	Lc
23	109	Lc
23	110	L
23	111	L
23	112	L
23	113	Lc
23	114	L
23	115	L
23	116	L
23	117	L
23	118	L
23	119	L
24	0	L
24	1	-1
24	2	-1
24	3	L
24	4	L
24	5	Lc
24	6	-1
24	7	Lc
24	8	Lc
24	9	Lc
24	10	Lc
24	11	Lc
24	12	-1
24	13	Lc
24	14	-1
24	15	Lc
24	16	Lc
24	17	Lc
24	18	Lc
24	19	Lc
24	20	Lc
24	21	Lc
24	22	Lc
24	23	Lc
24	24	Lc
24	25	Lc
24	26	Lc
24	27	Lc
24	28	Lc
24	29	Lc
24	30	Lc
24	31	Lc
24	32	Lc
24	33	Lc
24	34	L
24	35	L
24	36	L
24	37	L
24	38	L
24	39	L
24	40	-1
24	41	Lc
24	42	L
24	43	Lc
24	44	-1
24	45	Lc
24	46	-1
24	47	-1
24	48	Lc
24	49	Lc
24	50	Lc
24	51	Lc
24	52	Lc
24	53	Lc
24	54	L
24	55	L
24	56	-1
24	57	L
24	58	L
24	59	L
24	60	Lc
24	61	Lc
24	62	-1
24	63	-1
24	64	Lc
24	65	L
24	66	-1
24	67	Lc
24	68	L
24	69	Lc
24	70	Lc
24	71	Lc
24	72	-1
24	73	U
24	74	Lc
24	75	Lc
24	76	Lc
24	77	Lc
24	78	Lc
24	79	L
24	80	Lc
24	81	Lc
24	82	Lc
24	83	L
24	84	Lc
24	85	Lc
24	86	Lc
24	87	L
24	88	Lc
24	89	Lc
24	90	L
24	91	Lc
24	92	L
24	93	Lc
24	94	L
24	95	Lc
24	96	Lc
24	97	-1
24	98	Lc
24	99	Lc
24	100	-1
24	101	-1
24	102	Lc
24	103	-1
24	104	Lc
24	105	Lc
24	106	L
24	107	L
24	108	L
24	109	L
24	110	L
24	111	L
24	112	L
24	113	L
24	114	-1
24	115	L
24	116	L
24	117	L
24	118	L
24	119	L
25	0	L
25	1	L
25	2	L
25	3	U
25	4	L
25	5	-1
25	6	Lc
25	7	Lc
25	8	-1
25	9	-1
25	10	Lc
25	11	Lc
25	12	Lc
25	13	Lc
25	14	Lc
25	15	Lc
25	16	Lc
25	17	Lc
25	18	Lc
25	19	Lc
25	20	Lc
25	21	Lc
25	22	Lc
25	23	Lc
25	24	Lc
25	25	Lc
25	26	Lc
25	27	Lc
25	28	Lc
25	29	Lc
25	30	Lc
25	31	Lc
25	32	-1
25	33	L
25	34	-1
25	35	L
25	36	L
25	37	L
25	38	L
25	39	Lc
25	40	-1
25	41	Lc
25	42	Lc
25	43	L
25	44	L
25	45	Lc
25	46	Lc
25	47	Lc
25	48	Lc
25	49	-1
25	50	-1
25	51	Lc
25	52	Lc
25	53	-1
25	54	-1
25	55	Lc
25	56	Lc
25	57	-1
25	58	-1
25	59	L
25	60	L
25	61	Lc
25	62	L
25	63	L
25	64	L
25	65	Lc
25	66	Lc
25	67	Lc
25	68	Lc
25	69	Lc
25	70	Lc
25	71	Lc
25	72	-1
25	73	U
25	74	U
25	75	U
25	76	Lc
25	77	U
25	78	Lc
25	79	L
25	80	L
25	81	L
25	82	Lc
25	83	Lc
25	84	Lc
25	85	Lc
25	86	-1
25	87	Lc
25	88	Lc
25	89	Lc
25	90	Lc
25	91	Lc
25	92	-1
25	93	L
25	94	L
25	95	Lc
25	96	Lc
25	97	-1
25	98	Lc
25	99	Lc
25	100	Lc
25	101	Lc
25	102	Lc
25	103	Lc
25	104	Lc
25	105	-1
25	106	L
25	107	L
25	108	L
25	109	L
25	110	L
25	111	L
25	112	L
25	113	L
25	114	L
25	115	-1
25	116	L
25	117	L
25	118	L
25	119	L
26	0	-1
26	1	L
26	2	L
26	3	U
26	4	L
26	5	Lc
26	6	Lc
26	7	Lc
26	8	-1
26	9	Lc
26	10	Lc
26	11	Lc
26	12	-1
26	13	Lc
26	14	Lc
26	15	-1
26	16	Lc
26	17	L
26	18	Lc
26	19	Lc
26	20	-1
26	21	Lc
26	22	Lc
26	23	Lc
26	24	Lc
26	25	Lc
26	26	Lc
26	27	Lc
26	28	Lc
26	29	Lc
26	30	Lc
26	31	Lc
26	32	L
26	33	-1
26	34	L
26	35	L
26	36	-1
26	37	L
26	38	L
26	39	L
26	40	Lc
26	41	L
26	42	L
26	43	Lc
26	44	Lc
26	45	Lc
26	46	Lc
26	47	L
26	48	L
26	49	-1
26	50	Lc
26	51	Lc
26	52	-1
26	53	Lc
26	54	Lc
26	55	L
26	56	Lc
26	57	Lc
26	58	-1
26	59	L
26	60	Lc
26	61	-1
26	62	Lc
26	63	L
26	64	L
26	65	Lc
26	66	Lc
26	67	Lc
26	68	Lc
26	69	Uc
26	70	Lc
26	71	Lc
26	72	Lc
26	73	Lc
26	74	-1
26	75	U
26	76	U
26	77	Lc
26	78	Lc
26	79	-1
26	80	L
26	81	Lc
26	82	Lc
26	83	-1
26	84	-1
26	85	Lc
26	86	Lc
26	87	L
26	88	L
26	89	L
26	90	L
26	91	L
26	92	L
26	93	Lc
26	94	Lc
26	95	Lc
26	96	Lc
26	97	-1
26	98	-1
26	99	Lc
26	100	Lc
26	101	Lc
26	102	Lc
26	103	Lc
26	104	Lc
26	105	L
26	106	-1
26	107	L
26	108	L
26	109	L
26	110	-1
26	111	L
26	112	L
26	113	L
26	114	-1
26	115	L
26	116	L
26	117	L
26	118	L
26	119	-1
27	0	-1
27	1	L
27	2	L
27	3	Lc
27	4	L
27	5	Lc
27	6	Lc
27	7	Lc
27	8	Lc
27	9	-1
27	10	Lc
27	11	Lc
27	12	-1
27	13	-1
27	14	L
27	15	L
27	16	L
27	17	U
27	18	Lc
27	19	U
27	20	-1
27	21	Lc
27	22	Lc
27	23	Lc
27	24	Lc
27	25	Lc
27	26	-1
27	27	Lc
27	28	Lc
27	29	Lc
27	30	Lc
27	31	Lc
27	32	-1
27	33	L
27	34	L
27	35	L
27	36	L
27	37	L
27	38	L
27	39	L
27	40	L
27	41	L
27	42	L
27	43	Lc
27	44	-1
27	45	Lc
27	46	Lc
27	47	L
27	48	Lc
27	49	Lc
27	50	Lc
27	51	Lc
27	52	Lc
27	53	-1
27	54	Lc
27	55	Lc
27	56	Lc
27	57	Lc
27	58	Lc
27	59	Lc
27	60	L
27	61	L
27	62	L
27	63	L
27	64	L
27	65	-1
27	66	L
27	67	L
27	68	Lc
27	69	Lc
27	70	Lc
27	71	Lc
27	72	Lc
27	73	Lc
27	74	Lc
27	75	Lc
27	76	Lc
27	77	-1
27	78	Lc
27	79	Lc
27	80	Lc
27	81	Lc
27	82	Lc
27	83	Lc
27	84	Lc
27	85	Lc
27	86	Lc
27	87	L
27	88	L
27	89	Lc
27	90	-1
27	91	Lc
27	92	L
27	93	Lc
27	94	Lc
27	95	Lc
27	96	Lc
27	97	-1
27	98	Lc
27	99	L
27	100	Lc
27	101	Lc
27	102	Lc
27	103	-1
27	104	Lc
27	105	L
27	106	L
27	107	L
27	108	L
27	109	Lc
27	110	-1
27	111	L
27	112	L
27	113	L
27	114	L
27	115	L
27	116	-1
27	117	L
27	118	-1
27	119	L
28	0	L
28	1	L
28	2	L
28	3	L
28	4	Lc
28	5	Lc
28	6	-1
28	7	Lc
28	8	Lc
28	9	Lc
28	10	-1
28	11	-1
28	12	Lc
28	13	Lc
28	14	L
28	15	-1
28	16	Lc
28	17	Lc
28	18	U
28	19	Lc
28	20	Lc
28	21	Lc
28	22	Lc
28	23	Lc
28	24	Lc
28	25	Lc
28	26	Lc
28	27	Lc
28	28	Lc
28	29	Lc
28	30	Lc
28	31	L
28	32	Lc
28	33	-1
28	34	L
28	35	L
28	36	L
28	37	-1
28	38	L
28	39	-1
28	40	L
28	41	L
28	42	L
28	43	L
28	44	L
28	45	Lc
28	46	Lc
28	47	Lc
28	48	L
28	49	L
28	50	Lc
28	51	Lc
28	52	Lc
28	53	Lc
28	54	Uc
28	55	Uc
28	56	Uc
28	57	Uc
28	58	Lc
28	59	Lc
28	60	L
28	61	L
28	62	L
28	63	L
28	64	-1
28	65	L
28	66	-1
28	67	-1
28	68	Lc
28	69	Lc
28	70	Lc
28	71	-1
28	72	-1
28	73	Lc
28	74	Lc
28	75	-1
28	76	-1
28	77	Lc
28	78	-1
28	79	Lc
28	80	Lc
28	81	Lc
28	82	Lc
28	83	Lc
28	84	Lc
28	85	Lc
28	86	Lc
28	87	L
28	88	L
28	89	Lc
28	90	Lc
28	91	-1
28	92	-1
28	93	Lc
28	94	Lc
28	95	L
28	96	L
28	97	Lc
28	98	L
28	99	Lc
28	100	Lc
28	101	Lc
28	102	L
28	103	Lc
28	104	Lc
28	105	Lc
28	106	Lc
28	107	L
28	108	Lc
28	109	Lc
28	110	-1
28	111	L
28	112	L
28	113	-1
28	114	L
28	115	L
28	116	L
28	117	L
28	118	L
28	119	-1
29	0	Lc
29	1	L
29	2	L
29	3	L
29	4	Lc
29	5	Lc
29	6	-1
29	7	Lc
29	8	Lc
29	9	-1
29	10	-1
29	11	-1
29	12	Lc
29	13	Lc
29	14	L
29	15	-1
29	16	-1
29	17	Lc
29	18	Lc
29	19	Lc
29	20	Lc
29	21	Lc
29	22	Lc
29	23	Lc
29	24	Lc
29	25	Lc
29	26	Lc
29	27	Lc
29	28	Lc
29	29	Lc
29	30	Lc
29	31	L
29	32	Lc
29	33	Lc
29	34	Lc
29	35	Lc
29	36	-1
29	37	L
29	38	Lc
29	39	Lc
29	40	-1
29	41	L
29	42	L
29	43	L
29	44	-1
29	45	L
29	46	Lc
29	47	Lc
29	48	Lc
29	49	Lc
29	50	Lc
29	51	Lc
29	52	Uc
29	53	-1
29	54	-1
29	55	Lc
29	56	Uc
29	57	Lc
29	58	Lc
29	59	Lc
29	60	Lc
29	61	Lc
29	62	-1
29	63	L
29	64	-1
29	65	L
29	66	L
29	67	L
29	68	L
29	69	Lc
29	70	Lc
29	71	Lc
29	72	Lc
29	73	Lc
29	74	-1
29	75	Lc
29	76	-1
29	77	Lc
29	78	-1
29	79	Lc
29	80	Lc
29	81	Lc
29	82	-1
29	83	Lc
29	84	Lc
29	85	Lc
29	86	Lc
29	87	Lc
29	88	Lc
29	89	Lc
29	90	Lc
29	91	Lc
29	92	L
29	93	Lc
29	94	Lc
29	95	L
29	96	Lc
29	97	-1
29	98	Lc
29	99	L
29	100	-1
29	101	L
29	102	L
29	103	-1
29	104	-1
29	105	L
29	106	L
29	107	L
29	108	-1
29	109	L
29	110	L
29	111	L
29	112	L
29	113	L
29	114	-1
29	115	L
29	116	L
29	117	L
29	118	L
29	119	Lc
30	0	Lc
30	1	L
30	2	L
30	3	Lc
30	4	Lc
30	5	-1
30	6	Lc
30	7	Lc
30	8	Lc
30	9	Lc
30	10	L
30	11	Lc
30	12	-1
30	13	L
30	14	Lc
30	15	-1
30	16	Lc
30	17	Lc
30	18	Lc
30	19	Lc
30	20	-1
30	21	Lc
30	22	Lc
30	23	-1
30	24	-1
30	25	-1
30	26	Lc
30	27	Lc
30	28	Lc
30	29	-1
30	30	-1
30	31	L
30	32	L
30	33	Lc
30	34	L
30	35	Lc
30	36	-1
30	37	Uc
30	38	-1
30	39	Lc
30	40	Lc
30	41	Lc
30	42	Lc
30	43	L
30	44	L
30	45	L
30	46	-1
30	47	Lc
30	48	Lc
30	49	-1
30	50	Lc
30	51	Lc
30	52	Uc
30	53	Uc
30	54	Lc
30	55	Lc
30	56	Lc
30	57	Uc
30	58	Lc
30	59	Lc
30	60	Lc
30	61	-1
30	62	L
30	63	L
30	64	L
30	65	L
30	66	L
30	67	L
30	68	-1
30	69	L
30	70	Lc
30	71	Lc
30	72	Lc
30	73	Lc
30	74	Lc
30	75	Lc
30	76	Lc
30	77	-1
30	78	Lc
30	79	Lc
30	80	Lc
30	81	Lc
30	82	-1
30	83	-1
30	84	Lc
30	85	Lc
30	86	-1
30	87	Lc
30	88	Lc
30	89	Lc
30	90	Lc
30	91	Lc
30	92	Lc
30	93	L
30	94	L
30	95	L
30	96	L
30	97	Lc
30	98	Lc
30	99	L
30	100	L
30	101	L
30	102	L
30	103	L
30	104	L
30	105	Lc
30	106	L
30	107	L
30	108	Lc
30	109	-1
30	110	-1
30	111	Lc
30	112	L
30	113	L
30	114	-1
30	115	L
30	116	-1
30	117	L
30	118	L
30	119	Lc
31	0	L
31	1	L
31	2	L
31	3	Lc
31	4	Lc
31	5	-1
31	6	Lc
31	7	Lc
31	8	-1
31	9	-1
31	10	Lc
31	11	Lc
31	12	L
31	13	-1
31	14	L
31	15	Lc
31	16	Lc
31	17	Lc
31	18	Lc
31	19	Lc
31	20	Lc
31	21	Lc
31	22	Lc
31	23	Lc
31	24	L
31	25	Lc
31	26	-1
31	27	L
31	28	-1
31	29	-1
31	30	-1
31	31	L
31	32	L
31	33	Lc
31	34	-1
31	35	Lc
31	36	Uc
31	37	Lc
31	38	Lc
31	39	Lc
31	40	Lc
31	41	Lc
31	42	Lc
31	43	Lc
31	44	Lc
31	45	Lc
31	46	Lc
31	47	Lc
31	48	-1
31	49	Lc
31	50	Lc
31	51	Lc
31	52	Uc
31	53	Lc
31	54	Lc
31	55	Lc
31	56	-1
31	57	Lc
31	58	Lc
31	59	Lc
31	60	Lc
31	61	L
31	62	Lc
31	63	-1
31	64	L
31	65	L
31	66	L
31	67	L
31	68	L
31	69	-1
31	70	-1
31	71	Lc
31	72	-1
31	73	L
31	74	Lc
31	75	L
31	76	-1
31	77	Lc
31	78	Lc
31	79	Lc
31	80	Lc
31	81	Lc
31	82	Lc
31	83	L
31	84	Lc
31	85	L
31	86	Lc
31	87	Lc
31	88	-1
31	89	Lc
31	90	Lc
31	91	Lc
31	92	L
31	93	L
31	94	Lc
31	95	Lc
31	96	Lc
31	97	Lc
31	98	Lc
31	99	L
31	100	L
31	101	L
31	102	L
31	103	-1
31	104	L
31	105	-1
31	106	Lc
31	107	Lc
31	108	Lc
31	109	Lc
31	110	L
31	111	Lc
31	112	L
31	113	L
31	114	L
31	115	-1
31	116	L
31	117	Lc
31	118	-1
31	119	Lc
32	0	L
32	1	-1
32	2	L
32	3	-1
32	4	Lc
32	5	Lc
32	6	Uc
32	7	Lc
32	8	Lc
32	9	Lc
32	10	Lc
32	11	Lc
32	12	-1
32	13	L
32	14	L
32	15	L
32	16	Lc
32	17	-1
32	18	Lc
32	19	Lc
32	20	Lc
32	21	Lc
32	22	Lc
32	23	L
32	24	Lc
32	25	Lc
32	26	Lc
32	27	Lc
32	28	L
32	29	L
32	30	L
32	31	L
32	32	-1
32	33	L
32	34	Lc
32	35	Uc
32	36	-1
32	37	Uc
32	38	Lc
32	39	Lc
32	40	Lc
32	41	Lc
32	42	Lc
32	43	Lc
32	44	Lc
32	45	Lc
32	46	L
32	47	Lc
32	48	Lc
32	49	Lc
32	50	-1
32	51	Uc
32	52	Lc
32	53	Lc
32	54	Lc
32	55	-1
32	56	Lc
32	57	Lc
32	58	Lc
32	59	L
32	60	Lc
32	61	Lc
32	62	L
32	63	L
32	64	-1
32	65	L
32	66	L
32	67	L
32	68	L
32	69	-1
32	70	L
32	71	L
32	72	-1
32	73	Lc
32	74	L
32	75	L
32	76	L
32	77	Lc
32	78	Lc
32	79	-1
32	80	Lc
32	81	L
32	82	L
32	83	Lc
32	84	Lc
32	85	L
32	86	L
32	87	Lc
32	88	Lc
32	89	Lc
32	90	L
32	91	Lc
32	92	L
32	93	L
32	94	-1
32	95	-1
32	96	Lc
32	97	Lc
32	98	-1
32	99	L
32	100	L
32	101	L
32	102	L
32	103	L
32	104	Lc
32	105	Lc
32	106	Lc
32	107	Lc
32	108	Lc
32	109	Lc
32	110	-1
32	111	Lc
32	112	Lc
32	113	Lc
32	114	L
32	115	L
32	116	L
32	117	Lc
32	118	Lc
32	119	L
33	0	-1
33	1	-1
33	2	L
33	3	-1
33	4	Lc
33	5	Lc
33	6	Uc
33	7	-1
33	8	Lc
33	9	Lc
33	10	-1
33	11	L
33	12	L
33	13	L
33	14	L
33	15	Lc
33	16	Lc
33	17	-1
33	18	Lc
33	19	Lc
33	20	Lc
33	21	Lc
33	22	Lc
33	23	Lc
33	24	L
33	25	Lc
33	26	Lc
33	27	Lc
33	28	Lc
33	29	L
33	30	L
33	31	Lc
33	32	Lc
33	33	Lc
33	34	Lc
33	35	Lc
33	36	Lc
33	37	Lc
33	38	Lc
33	39	Lc
33	40	Lc
33	41	Lc
33	42	Lc
33	43	Lc
33	44	Lc
33	45	Lc
33	46	L
33	47	L
33	48	Lc
33	49	Lc
33	50	Lc
33	51	-1
33	52	L
33	53	Lc
33	54	Lc
33	55	-1
33	56	Lc
33	57	-1
33	58	Lc
33	59	-1
33	60	-1
33	61	L
33	62	-1
33	63	-1
33	64	-1
33	65	L
33	66	-1
33	67	L
33	68	-1
33	69	L
33	70	L
33	71	L
33	72	L
33	73	L
33	74	Lc
33	75	L
33	76	L
33	77	Lc
33	78	Lc
33	79	L
33	80	L
33	81	L
33	82	Lc
33	83	Lc
33	84	Lc
33	85	L
33	86	L
33	87	Lc
33	88	Lc
33	89	Lc
33	90	L
33	91	L
33	92	L
33	93	L
33	94	L
33	95	Lc
33	96	Lc
33	97	L
33	98	L
33	99	L
33	100	-1
33	101	-1
33	102	L
33	103	Lc
33	104	-1
33	105	Lc
33	106	Lc
33	107	Lc
33	108	Lc
33	109	Lc
33	110	-1
33	111	Lc
33	112	Lc
33	113	Lc
33	114	Lc
33	115	L
33	116	L
33	117	-1
33	118	L
33	119	L
34	0	L
34	1	L
34	2	-1
34	3	Lc
34	4	Lc
34	5	Lc
34	6	Uc
34	7	Uc
34	8	Lc
34	9	Lc
34	10	Lc
34	11	Lc
34	12	Lc
34	13	Lc
34	14	-1
34	15	-1
34	16	Lc
34	17	Lc
34	18	Lc
34	19	Lc
34	20	Lc
34	21	Lc
34	22	Lc
34	23	L
34	24	Lc
34	25	-1
34	26	L
34	27	Lc
34	28	-1
34	29	Lc
34	30	L
34	31	Lc
34	32	Lc
34	33	Lc
34	34	Lc
34	35	Lc
34	36	Lc
34	37	Lc
34	38	Lc
34	39	Lc
34	40	Lc
34	41	Lc
34	42	Lc
34	43	Lc
34	44	Lc
34	45	Lc
34	46	L
34	47	-1
34	48	Lc
34	49	-1
34	50	L
34	51	L
34	52	L
34	53	Lc
34	54	Lc
34	55	Lc
34	56	Lc
34	57	-1
34	58	Lc
34	59	Lc
34	60	-1
34	61	Lc
34	62	L
34	63	L
34	64	-1
34	65	L
34	66	Lc
34	67	-1
34	68	Lc
34	69	Lc
34	70	L
34	71	L
34	72	-1
34	73	L
34	74	Lc
34	75	-1
34	76	L
34	77	L
34	78	L
34	79	L
34	80	L
34	81	L
34	82	Lc
34	83	L
34	84	-1
34	85	-1
34	86	L
34	87	L
34	88	Lc
34	89	L
34	90	Lc
34	91	L
34	92	-1
34	93	-1
34	94	L
34	95	Lc
34	96	-1
34	97	L
34	98	L
34	99	L
34	100	-1
34	101	L
34	102	L
34	103	Lc
34	104	Lc
34	105	Lc
34	106	Lc
34	107	Uc
34	108	-1
34	109	Lc
34	110	-1
34	111	Lc
34	112	-1
34	113	Lc
34	114	-1
34	115	L
34	116	-1
34	117	Uc
34	118	L
34	119	L
35	0	L
35	1	-1
35	2	L
35	3	Lc
35	4	Lc
35	5	-1
35	6	Uc
35	7	Lc
35	8	Lc
35	9	Lc
35	10	Uc
35	11	Lc
35	12	-1
35	13	Lc
35	14	-1
35	15	Lc
35	16	Lc
35	17	Lc
35	18	Lc
35	19	Lc
35	20	Lc
35	21	Lc
35	22	Lc
35	23	L
35	24	L
35	25	L
35	26	Lc
35	27	L
35	28	Lc
35	29	-1
35	30	Lc
35	31	Lc
35	32	Lc
35	33	Lc
35	34	Lc
35	35	Lc
35	36	Lc
35	37	Lc
35	38	Lc
35	39	Lc
35	40	Lc
35	41	Lc
35	42	Lc
35	43	Lc
35	44	-1
35	45	L
35	46	L
35	47	L
35	48	Lc
35	49	L
35	50	Lc
35	51	Lc
35	52	Lc
35	53	Lc
35	54	Lc
35	55	L
35	56	L
35	57	Lc
35	58	-1
35	59	Lc
35	60	Lc
35	61	L
35	62	L
35	63	L
35	64	U
35	65	L
35	66	Lc
35	67	-1
35	68	Lc
35	69	-1
35	70	-1
35	71	L
35	72	-1
35	73	L
35	74	-1
35	75	L
35	76	-1
35	77	L
35	78	L
35	79	L
35	80	L
35	81	L
35	82	L
35	83	L
35	84	L
35	85	L
35	86	-1
35	87	L
35	88	Lc
35	89	L
35	90	Lc
35	91	Lc
35	92	Lc
35	93	L
35	94	-1
35	95	L
35	96	L
35	97	L
35	98	L
35	99	L
35	100	L
35	101	Lc
35	102	Lc
35	103	Lc
35	104	Lc
35	105	Uc
35	106	Uc
35	107	Lc
35	108	-1
35	109	Lc
35	110	Lc
35	111	Lc
35	112	Lc
35	113	Lc
35	114	-1
35	115	-1
35	116	Uc
35	117	Uc
35	118	Uc
35	119	L
36	0	L
36	1	L
36	2	L
36	3	L
36	4	L
36	5	-1
36	6	Lc
36	7	Lc
36	8	Lc
36	9	Lc
36	10	Lc
36	11	Uc
36	12	Lc
36	13	Lc
36	14	-1
36	15	Lc
36	16	Lc
36	17	Lc
36	18	Lc
36	19	Lc
36	20	Lc
36	21	Lc
36	22	Lc
36	23	Lc
36	24	Lc
36	25	L
36	26	Lc
36	27	Lc
36	28	Lc
36	29	Lc
36	30	Lc
36	31	-1
36	32	Lc
36	33	-1
36	34	Lc
36	35	-1
36	36	-1
36	37	-1
36	38	-1
36	39	Lc
36	40	Lc
36	41	-1
36	42	Lc
36	43	Lc
36	44	L
36	45	Lc
36	46	-1
36	47	L
36	48	L
36	49	Lc
36	50	L
36	51	Lc
36	52	-1
36	53	Lc
36	54	L
36	55	L
36	56	-1
36	57	L
36	58	Lc
36	59	-1
36	60	Lc
36	61	L
36	62	-1
36	63	L
36	64	-1
36	65	Lc
36	66	L
36	67	L
36	68	-1
36	69	L
36	70	-1
36	71	L
36	72	L
36	73	L
36	74	-1
36	75	L
36	76	L
36	77	L
36	78	-1
36	79	-1
36	80	L
36	81	L
36	82	L
36	83	Lc
36	84	L
36	85	-1
36	86	L
36	87	L
36	88	L
36	89	Lc
36	90	L
36	91	Lc
36	92	-1
36	93	Lc
36	94	L
36	95	L
36	96	Lc
36	97	Lc
36	98	L
36	99	Lc
36	100	-1
36	101	Lc
36	102	Lc
36	103	Lc
36	104	Lc
36	105	Lc
36	106	Lc
36	107	Uc
36	108	Lc
36	109	Lc
36	110	-1
36	111	Lc
36	112	Lc
36	113	Lc
36	114	Lc
36	115	-1
36	116	Lc
36	117	L
36	118	L
36	119	L
37	0	L
37	1	L
37	2	L
37	3	-1
37	4	L
37	5	Lc
37	6	-1
37	7	Lc
37	8	Lc
37	9	Lc
37	10	Lc
37	11	Lc
37	12	Lc
37	13	Lc
37	14	-1
37	15	L
37	16	Lc
37	17	Lc
37	18	-1
37	19	Lc
37	20	-1
37	21	Lc
37	22	Lc
37	23	Lc
37	24	L
37	25	-1
37	26	-1
37	27	Lc
37	28	Lc
37	29	Lc
37	30	Lc
37	31	-1
37	32	-1
37	33	Lc
37	34	Lc
37	35	Lc
37	36	Uc
37	37	Lc
37	38	-1
37	39	Lc
37	40	-1
37	41	Lc
37	42	L
37	43	L
37	44	L
37	45	L
37	46	L
37	47	L
37	48	L
37	49	L
37	50	L
37	51	Lc
37	52	L
37	53	-1
37	54	L
37	55	L
37	56	-1
37	57	L
37	58	L
37	59	U
37	60	U
37	61	U
37	62	L
37	63	-1
37	64	U
37	65	L
37	66	L
37	67	L
37	68	Lc
37	69	L
37	70	L
37	71	L
37	72	L
37	73	L
37	74	L
37	75	L
37	76	-1
37	77	L
37	78	L
37	79	L
37	80	L
37	81	L
37	82	L
37	83	L
37	84	Lc
37	85	Lc
37	86	L
37	87	Lc
37	88	L
37	89	L
37	90	L
37	91	Uc
37	92	Lc
37	93	Lc
37	94	Lc
37	95	-1
37	96	Lc
37	97	Lc
37	98	-1
37	99	-1
37	100	Lc
37	101	-1
37	102	Lc
37	103	Lc
37	104	Lc
37	105	Lc
37	106	Lc
37	107	Lc
37	108	Lc
37	109	Lc
37	110	Lc
37	111	Lc
37	112	Lc
37	113	-1
37	114	Lc
37	115	L
37	116	L
37	117	L
37	118	L
37	119	L
38	0	L
38	1	Lc
38	2	L
38	3	L
38	4	L
38	5	Lc
38	6	Lc
38	7	-1
38	8	Lc
38	9	-1
38	10	Lc
38	11	-1
38	12	Lc
38	13	Lc
38	14	L
38	15	Lc
38	16	Lc
38	17	Lc
38	18	Lc
38	19	Lc
38	20	Lc
38	21	-1
38	22	-1
38	23	Lc
38	24	Lc
38	25	L
38	26	L
38	27	L
38	28	L
38	29	Lc
38	30	-1
38	31	-1
38	32	Lc
38	33	Lc
38	34	Lc
38	35	Lc
38	36	Lc
38	37	Lc
38	38	Lc
38	39	Lc
38	40	Lc
38	41	Lc
38	42	L
38	43	L
38	44	L
38	45	U
38	46	L
38	47	L
38	48	L
38	49	L
38	50	Lc
38	51	Lc
38	52	L
38	53	L
38	54	-1
38	55	L
38	56	L
38	57	-1
38	58	U
38	59	L
38	60	-1
38	61	-1
38	62	L
38	63	L
38	64	L
38	65	L
38	66	L
38	67	Lc
38	68	Lc
38	69	-1
38	70	L
38	71	L
38	72	L
38	73	L
38	74	L
38	75	U
38	76	-1
38	77	-1
38	78	L
38	79	L
38	80	-1
38	81	L
38	82	L
38	83	Lc
38	84	L
38	85	Lc
38	86	-1
38	87	Lc
38	88	-1
38	89	Lc
38	90	Lc
38	91	Lc
38	92	Uc
38	93	Lc
38	94	Lc
38	95	Lc
38	96	-1
38	97	Lc
38	98	Lc
38	99	Lc
38	100	-1
38	101	Lc
38	102	Lc
38	103	Lc
38	104	L
38	105	Lc
38	106	L
38	107	L
38	108	L
38	109	-1
38	110	Lc
38	111	-1
38	112	Lc
38	113	Lc
38	114	Lc
38	115	-1
38	116	L
38	117	L
38	118	-1
38	119	L
39	0	L
39	1	Lc
39	2	Lc
39	3	Lc
39	4	L
39	5	Lc
39	6	Lc
39	7	Lc
39	8	-1
39	9	Lc
39	10	Lc
39	11	Lc
39	12	Lc
39	13	Lc
39	14	Lc
39	15	Lc
39	16	Lc
39	17	Lc
39	18	Lc
39	19	L
39	20	L
39	21	L
39	22	-1
39	23	-1
39	24	-1
39	25	-1
39	26	L
39	27	Lc
39	28	L
39	29	Lc
39	30	L
39	31	Lc
39	32	Lc
39	33	Lc
39	34	Lc
39	35	Lc
39	36	Lc
39	37	-1
39	38	Uc
39	39	-1
39	40	Lc
39	41	L
39	42	L
39	43	L
39	44	L
39	45	U
39	46	L
39	47	Lc
39	48	-1
39	49	Lp
39	50	Lp
39	51	L
39	52	Lc
39	53	L
39	54	L
39	55	L
39	56	L
39	57	-1
39	58	U
39	59	-1
39	60	L
39	61	L
39	62	-1
39	63	-1
39	64	Lc
39	65	L
39	66	-1
39	67	Lc
39	68	Lc
39	69	-1
39	70	L
39	71	L
39	72	-1
39	73	-1
39	74	U
39	75	-1
39	76	U
39	77	L
39	78	L
39	79	L
39	80	L
39	81	-1
39	82	L
39	83	L
39	84	L
39	85	Lc
39	86	Lc
39	87	-1
39	88	Lc
39	89	Lc
39	90	Lc
39	91	Lc
39	92	-1
39	93	Lc
39	94	Uc
39	95	-1
39	96	Lc
39	97	-1
39	98	Lc
39	99	Lc
39	100	Lc
39	101	Lc
39	102	L
39	103	L
39	104	-1
39	105	L
39	106	L
39	107	Lc
39	108	L
39	109	L
39	110	Lc
39	111	Lc
39	112	Lc
39	113	Lc
39	114	Lc
39	115	Lc
39	116	Lc
39	117	-1
39	118	Lc
39	119	-1
40	0	Lc
40	1	L
40	2	L
40	3	Lc
40	4	Lc
40	5	Lc
40	6	Lc
40	7	Lc
40	8	Lc
40	9	Lc
40	10	Lc
40	11	-1
40	12	-1
40	13	Lc
40	14	-1
40	15	Lc
40	16	Lc
40	17	Lc
40	18	-1
40	19	-1
40	20	Lc
40	21	Lc
40	22	L
40	23	L
40	24	-1
40	25	Lc
40	26	Lc
40	27	Lc
40	28	-1
40	29	L
40	30	Lc
40	31	Lc
40	32	Lc
40	33	Lc
40	34	-1
40	35	Lc
40	36	Lc
40	37	Lc
40	38	Lc
40	39	L
40	40	L
40	41	-1
40	42	L
40	43	L
40	44	U
40	45	U
40	46	L
40	47	-1
40	48	Lc
40	49	-1
40	50	Lp
40	51	L
40	52	L
40	53	L
40	54	L
40	55	L
40	56	L
40	57	L
40	58	-1
40	59	L
40	60	-1
40	61	L
40	62	-1
40	63	U
40	64	L
40	65	-1
40	66	-1
40	67	Lc
40	68	Lc
40	69	L
40	70	L
40	71	L
40	72	-1
40	73	-1
40	74	L
40	75	U
40	76	U
40	77	-1
40	78	L
40	79	L
40	80	L
40	81	L
40	82	L
40	83	Lc
40	84	L
40	85	-1
40	86	Lc
40	87	Lc
40	88	Lc
40	89	Lc
40	90	-1
40	91	Uc
40	92	Lc
40	93	Lc
40	94	Lc
40	95	Lc
40	96	L
40	97	Lc
40	98	Lc
40	99	Lc
40	100	Lc
40	101	Lc
40	102	L
40	103	L
40	104	L
40	105	L
40	106	L
40	107	Lc
40	108	Lc
40	109	L
40	110	-1
40	111	Lc
40	112	-1
40	113	-1
40	114	Lc
40	115	Lc
40	116	Lc
40	117	Lc
40	118	Lc
40	119	Lc
41	0	Lc
41	1	-1
41	2	Lc
41	3	Lc
41	4	Lc
41	5	-1
41	6	Lc
41	7	Lc
41	8	Lc
41	9	Lc
41	10	Lc
41	11	Lc
41	12	Lc
41	13	-1
41	14	-1
41	15	Lc
41	16	Lc
41	17	Lc
41	18	Lc
41	19	Lc
41	20	Lc
41	21	Lc
41	22	L
41	23	Lc
41	24	-1
41	25	Lc
41	26	L
41	27	L
41	28	Lc
41	29	-1
41	30	-1
41	31	Lc
41	32	Lc
41	33	Lc
41	34	Lc
41	35	-1
41	36	Lc
41	37	Lc
41	38	Lc
41	39	Lc
41	40	L
41	41	L
41	42	L
41	43	L
41	44	L
41	45	Lc
41	46	Lc
41	47	Lc
41	48	Lc
41	49	Lc
41	50	Lc
41	51	-1
41	52	L
41	53	L
41	54	-1
41	55	L
41	56	-1
41	57	L
41	58	-1
41	59	L
41	60	L
41	61	L
41	62	L
41	63	L
41	64	L
41	65	-1
41	66	-1
41	67	-1
41	68	Lc
41	69	L
41	70	L
41	71	L
41	72	-1
41	73	L
41	74	L
41	75	U
41	76	-1
41	77	L
41	78	L
41	79	L
41	80	L
41	81	L
41	82	L
41	83	Lc
41	84	Lc
41	85	Lc
41	86	Lc
41	87	Lc
41	88	Lc
41	89	L
41	90	L
41	91	Lc
41	92	Uc
41	93	Lc
41	94	Lc
41	95	Lc
41	96	Lc
41	97	-1
41	98	Lc
41	99	Lc
41	100	-1
41	101	Lc
41	102	L
41	103	L
41	104	L
41	105	L
41	106	L
41	107	-1
41	108	L
41	109	L
41	110	L
41	111	-1
41	112	Lc
41	113	Lc
41	114	Lc
41	115	-1
41	116	Lc
41	117	-1
41	118	Lc
41	119	Lc
42	0	Lc
42	1	Lc
42	2	Lc
42	3	Lc
42	4	Lc
42	5	-1
42	6	Lc
42	7	Lc
42	8	Lc
42	9	L
42	10	L
42	11	Lc
42	12	Lc
42	13	Lc
42	14	L
42	15	L
42	16	L
42	17	L
42	18	Lc
42	19	Lc
42	20	Lc
42	21	L
42	22	-1
42	23	L
42	24	L
42	25	L
42	26	L
42	27	L
42	28	Lc
42	29	Lc
42	30	Lc
42	31	Lc
42	32	-1
42	33	Lc
42	34	Lc
42	35	Lc
42	36	Lc
42	37	Lc
42	38	-1
42	39	Lc
42	40	Lc
42	41	Lc
42	42	L
42	43	L
42	44	L
42	45	Lc
42	46	Lc
42	47	Lc
42	48	-1
42	49	Lc
42	50	L
42	51	L
42	52	L
42	53	L
42	54	L
42	55	L
42	56	L
42	57	L
42	58	L
42	59	L
42	60	L
42	61	L
42	62	L
42	63	L
42	64	L
42	65	L
42	66	L
42	67	L
42	68	L
42	69	L
42	70	L
42	71	L
42	72	L
42	73	L
42	74	L
42	75	L
42	76	-1
42	77	L
42	78	L
42	79	L
42	80	L
42	81	L
42	82	L
42	83	L
42	84	Lc
42	85	L
42	86	L
42	87	Lc
42	88	Lc
42	89	-1
42	90	L
42	91	Uc
42	92	-1
42	93	Lc
42	94	Lc
42	95	-1
42	96	-1
42	97	Lc
42	98	Lc
42	99	Lc
42	100	Lc
42	101	L
42	102	-1
42	103	L
42	104	L
42	105	L
42	106	-1
42	107	L
42	108	L
42	109	L
42	110	L
42	111	Lc
42	112	Lc
42	113	-1
42	114	-1
42	115	Lc
42	116	Lc
42	117	Lc
42	118	Lc
42	119	-1
43	0	Lc
43	1	Lc
43	2	Lc
43	3	L
43	4	L
43	5	Lc
43	6	-1
43	7	-1
43	8	Lc
43	9	L
43	10	-1
43	11	L
43	12	Lc
43	13	-1
43	14	L
43	15	-1
43	16	L
43	17	L
43	18	L
43	19	Lc
43	20	-1
43	21	L
43	22	L
43	23	Lc
43	24	L
43	25	L
43	26	L
43	27	L
43	28	Lc
43	29	Lc
43	30	Lc
43	31	-1
43	32	-1
43	33	Lc
43	34	Lc
43	35	Lc
43	36	-1
43	37	L
43	38	Lc
43	39	Lc
43	40	Lc
43	41	L
43	42	L
43	43	-1
43	44	-1
43	45	Lc
43	46	-1
43	47	-1
43	48	Lc
43	49	L
43	50	-1
43	51	-1
43	52	L
43	53	L
43	54	L
43	55	L
43	56	L
43	57	L
43	58	L
43	59	L
43	60	L
43	61	L
43	62	-1
43	63	L
43	64	L
43	65	-1
43	66	L
43	67	-1
43	68	L
43	69	L
43	70	L
43	71	L
43	72	L
43	73	L
43	74	L
43	75	L
43	76	L
43	77	L
43	78	L
43	79	L
43	80	L
43	81	-1
43	82	L
43	83	L
43	84	L
43	85	-1
43	86	L
43	87	L
43	88	Lc
43	89	-1
43	90	-1
43	91	Uc
43	92	-1
43	93	Lc
43	94	Lc
43	95	Lc
43	96	Lc
43	97	Lc
43	98	U
43	99	Lc
43	100	Lc
43	101	Lc
43	102	L
43	103	L
43	104	L
43	105	L
43	106	L
43	107	L
43	108	L
43	109	Lc
43	110	L
43	111	Lc
43	112	Lc
43	113	L
43	114	Lc
43	115	Lc
43	116	Lc
43	117	Lc
43	118	Lc
43	119	Lc
44	0	Lc
44	1	Lc
44	2	L
44	3	Lc
44	4	L
44	5	L
44	6	L
44	7	-1
44	8	Lc
44	9	-1
44	10	L
44	11	L
44	12	L
44	13	Lc
44	14	Lc
44	15	L
44	16	L
44	17	L
44	18	L
44	19	Lc
44	20	-1
44	21	L
44	22	-1
44	23	L
44	24	L
44	25	L
44	26	L
44	27	L
44	28	L
44	29	Lc
44	30	Lc
44	31	-1
44	32	-1
44	33	Lc
44	34	Lc
44	35	-1
44	36	Lc
44	37	L
44	38	-1
44	39	Lc
44	40	-1
44	41	Lc
44	42	L
44	43	-1
44	44	Lc
44	45	L
44	46	L
44	47	-1
44	48	-1
44	49	L
44	50	L
44	51	-1
44	52	L
44	53	L
44	54	-1
44	55	L
44	56	L
44	57	L
44	58	-1
44	59	L
44	60	L
44	61	L
44	62	L
44	63	L
44	64	L
44	65	L
44	66	L
44	67	L
44	68	-1
44	69	L
44	70	L
44	71	L
44	72	L
44	73	L
44	74	L
44	75	L
44	76	L
44	77	-1
44	78	L
44	79	L
44	80	L
44	81	L
44	82	-1
44	83	L
44	84	Lc
44	85	Lc
44	86	L
44	87	L
44	88	L
44	89	L
44	90	L
44	91	L
44	92	Lc
44	93	Lc
44	94	Lc
44	95	Lc
44	96	Lc
44	97	Lc
44	98	-1
44	99	L
44	100	Lc
44	101	L
44	102	L
44	103	L
44	104	L
44	105	L
44	106	L
44	107	L
44	108	L
44	109	L
44	110	-1
44	111	L
44	112	Lc
44	113	L
44	114	L
44	115	Lc
44	116	Lc
44	117	Lc
44	118	Lc
44	119	Lc
45	0	Lc
45	1	-1
45	2	Lc
45	3	Lc
45	4	L
45	5	L
45	6	L
45	7	L
45	8	-1
45	9	Lc
45	10	-1
45	11	L
45	12	L
45	13	Lc
45	14	-1
45	15	L
45	16	L
45	17	L
45	18	U
45	19	Lc
45	20	L
45	21	-1
45	22	L
45	23	L
45	24	L
45	25	L
45	26	-1
45	27	L
45	28	L
45	29	L
45	30	L
45	31	L
45	32	Lc
45	33	Lc
45	34	Lc
45	35	Lc
45	36	Lc
45	37	Lc
45	38	Lc
45	39	Lc
45	40	Lc
45	41	Lc
45	42	Lc
45	43	Lc
45	44	Lc
45	45	-1
45	46	L
45	47	L
45	48	Lc
45	49	L
45	50	L
45	51	L
45	52	L
45	53	L
45	54	L
45	55	L
45	56	L
45	57	L
45	58	L
45	59	L
45	60	L
45	61	L
45	62	L
45	63	-1
45	64	L
45	65	L
45	66	-1
45	67	L
45	68	L
45	69	L
45	70	L
45	71	L
45	72	L
45	73	L
45	74	L
45	75	L
45	76	L
45	77	L
45	78	L
45	79	L
45	80	L
45	81	L
45	82	Lc
45	83	L
45	84	L
45	85	-1
45	86	L
45	87	-1
45	88	L
45	89	L
45	90	L
45	91	L
45	92	Lc
45	93	-1
45	94	Lc
45	95	Lc
45	96	Lc
45	97	-1
45	98	L
45	99	-1
45	100	L
45	101	L
45	102	L
45	103	Lc
45	104	Lc
45	105	L
45	106	L
45	107	L
45	108	L
45	109	L
45	110	L
45	111	Lc
45	112	-1
45	113	-1
45	114	L
45	115	-1
45	116	Lc
45	117	Lc
45	118	Lc
45	119	Lc
46	0	Lc
46	1	Lc
46	2	Lc
46	3	L
46	4	L
46	5	L
46	6	L
46	7	L
46	8	Lc
46	9	L
46	10	L
46	11	L
46	12	L
46	13	Lc
46	14	L
46	15	L
46	16	Lc
46	17	Lc
46	18	L
46	19	U
46	20	U
46	21	Lc
46	22	Lc
46	23	L
46	24	L
46	25	L
46	26	L
46	27	L
46	28	L
46	29	L
46	30	L
46	31	L
46	32	L
46	33	-1
46	34	Lc
46	35	Lc
46	36	-1
46	37	Lc
46	38	Lc
46	39	-1
46	40	Lc
46	41	Lc
46	42	L
46	43	L
46	44	-1
46	45	-1
46	46	L
46	47	-1
46	48	L
46	49	-1
46	50	L
46	51	-1
46	52	-1
46	53	L
46	54	-1
46	55	L
46	56	L
46	57	L
46	58	-1
46	59	L
46	60	L
46	61	L
46	62	L
46	63	L
46	64	L
46	65	L
46	66	L
46	67	Lc
46	68	Lc
46	69	L
46	70	L
46	71	L
46	72	L
46	73	L
46	74	-1
46	75	L
46	76	L
46	77	L
46	78	-1
46	79	L
46	80	L
46	81	-1
46	82	L
46	83	Lc
46	84	L
46	85	L
46	86	L
46	87	Lc
46	88	Lc
46	89	L
46	90	-1
46	91	L
46	92	Lc
46	93	Lc
46	94	-1
46	95	Lc
46	96	Lc
46	97	-1
46	98	L
46	99	L
46	100	L
46	101	L
46	102	-1
46	103	-1
46	104	L
46	105	L
46	106	L
46	107	Lc
46	108	L
46	109	L
46	110	L
46	111	L
46	112	Lc
46	113	Lc
46	114	-1
46	115	Lc
46	116	L
46	117	-1
46	118	L
46	119	L
47	0	-1
47	1	-1
47	2	Lc
47	3	L
47	4	L
47	5	L
47	6	L
47	7	L
47	8	L
47	9	L
47	10	L
47	11	-1
47	12	-1
47	13	-1
47	14	L
47	15	Lc
47	16	Lc
47	17	Lc
47	18	Lc
47	19	L
47	20	Lc
47	21	Lc
47	22	Lc
47	23	L
47	24	L
47	25	Lc
47	26	L
47	27	L
47	28	L
47	29	L
47	30	L
47	31	-1
47	32	L
47	33	-1
47	34	Lc
47	35	Lc
47	36	Lc
47	37	Lc
47	38	Lc
47	39	Lc
47	40	Lc
47	41	L
47	42	-1
47	43	Lc
47	44	Lc
47	45	L
47	46	L
47	47	Lc
47	48	Lc
47	49	Lc
47	50	L
47	51	L
47	52	L
47	53	-1
47	54	-1
47	55	L
47	56	L
47	57	L
47	58	L
47	59	L
47	60	L
47	61	L
47	62	-1
47	63	-1
47	64	L
47	65	L
47	66	-1
47	67	Lc
47	68	Lc
47	69	Lc
47	70	L
47	71	L
47	72	L
47	73	-1
47	74	-1
47	75	L
47	76	L
47	77	L
47	78	L
47	79	L
47	80	L
47	81	L
47	82	L
47	83	L
47	84	L
47	85	L
47	86	L
47	87	L
47	88	L
47	89	L
47	90	Lc
47	91	Lc
47	92	Lc
47	93	Lc
47	94	Lc
47	95	-1
47	96	L
47	97	L
47	98	Lc
47	99	L
47	100	L
47	101	L
47	102	L
47	103	L
47	104	L
47	105	L
47	106	L
47	107	L
47	108	L
47	109	L
47	110	L
47	111	L
47	112	-1
47	113	Lc
47	114	Lc
47	115	Lc
47	116	-1
47	117	L
47	118	L
47	119	Lc
48	0	Lc
48	1	L
48	2	Lc
48	3	-1
48	4	L
48	5	L
48	6	L
48	7	L
48	8	L
48	9	Lc
48	10	Lc
48	11	Lc
48	12	-1
48	13	Lc
48	14	Lc
48	15	Lc
48	16	Lc
48	17	Lc
48	18	L
48	19	Lc
48	20	Lc
48	21	Lc
48	22	Lc
48	23	Lc
48	24	Lc
48	25	Lc
48	26	L
48	27	L
48	28	L
48	29	L
48	30	L
48	31	L
48	32	-1
48	33	-1
48	34	Lc
48	35	Lc
48	36	Lc
48	37	Lc
48	38	Lc
48	39	Lc
48	40	Lc
48	41	Lc
48	42	Lc
48	43	Lc
48	44	Lc
48	45	L
48	46	L
48	47	L
48	48	-1
48	49	-1
48	50	Lc
48	51	L
48	52	-1
48	53	L
48	54	L
48	55	-1
48	56	L
48	57	L
48	58	L
48	59	L
48	60	-1
48	61	-1
48	62	L
48	63	-1
48	64	L
48	65	L
48	66	L
48	67	L
48	68	Lc
48	69	Lc
48	70	L
48	71	L
48	72	L
48	73	L
48	74	-1
48	75	L
48	76	L
48	77	L
48	78	L
48	79	-1
48	80	L
48	81	-1
48	82	-1
48	83	-1
48	84	-1
48	85	L
48	86	-1
48	87	L
48	88	Uc
48	89	Lc
48	90	Lc
48	91	Lc
48	92	Lc
48	93	Lc
48	94	Lc
48	95	-1
48	96	-1
48	97	-1
48	98	Lc
48	99	Lc
48	100	Lc
48	101	Lc
48	102	-1
48	103	L
48	104	L
48	105	-1
48	106	L
48	107	L
48	108	-1
48	109	L
48	110	Lc
48	111	L
48	112	Lc
48	113	Lc
48	114	-1
48	115	Lc
48	116	-1
48	117	-1
48	118	L
48	119	L
49	0	U
49	1	Lc
49	2	-1
49	3	L
49	4	L
49	5	-1
49	6	L
49	7	L
49	8	L
49	9	Lc
49	10	-1
49	11	Lc
49	12	Lc
49	13	Lc
49	14	-1
49	15	Lc
49	16	Lc
49	17	Lc
49	18	L
49	19	Lc
49	20	Lc
49	21	Lc
49	22	Lc
49	23	Lc
49	24	L
49	25	L
49	26	-1
49	27	L
49	28	L
49	29	L
49	30	-1
49	31	Lc
49	32	-1
49	33	L
49	34	-1
49	35	Lc
49	36	Lc
49	37	Lc
49	38	-1
49	39	Lc
49	40	Lc
49	41	Lc
49	42	Lc
49	43	Lc
49	44	Lc
49	45	Lc
49	46	L
49	47	L
49	48	L
49	49	Lc
49	50	L
49	51	L
49	52	L
49	53	L
49	54	L
49	55	L
49	56	L
49	57	L
49	58	L
49	59	L
49	60	L
49	61	L
49	62	L
49	63	L
49	64	L
49	65	L
49	66	Lc
49	67	-1
49	68	Lc
49	69	L
49	70	L
49	71	L
49	72	Lc
49	73	L
49	74	L
49	75	L
49	76	L
49	77	L
49	78	L
49	79	-1
49	80	-1
49	81	L
49	82	-1
49	83	-1
49	84	-1
49	85	L
49	86	L
49	87	L
49	88	L
49	89	Lc
49	90	Lc
49	91	Lc
49	92	Lc
49	93	Lc
49	94	Lc
49	95	Lc
49	96	-1
49	97	Lc
49	98	-1
49	99	Lc
49	100	Lc
49	101	-1
49	102	L
49	103	L
49	104	L
49	105	L
49	106	L
49	107	L
49	108	L
49	109	-1
49	110	L
49	111	-1
49	112	Lc
49	113	Lc
49	114	Lc
49	115	Lc
49	116	Lc
49	117	L
49	118	Lc
49	119	L
50	0	L
50	1	U
50	2	-1
50	3	L
50	4	L
50	5	L
50	6	L
50	7	L
50	8	-1
50	9	L
50	10	L
50	11	-1
50	12	-1
50	13	U
50	14	-1
50	15	Lc
50	16	Lc
50	17	Lc
50	18	Lc
50	19	Lc
50	20	Lc
50	21	-1
50	22	Lc
50	23	Lc
50	24	-1
50	25	L
50	26	Lc
50	27	-1
50	28	L
50	29	Lc
50	30	L
50	31	Lc
50	32	Lc
50	33	Lc
50	34	Lc
50	35	Lc
50	36	-1
50	37	Lc
50	38	Lc
50	39	Lc
50	40	Lc
50	41	Lc
50	42	Lc
50	43	-1
50	44	-1
50	45	Lc
50	46	L
50	47	L
50	48	L
50	49	L
50	50	L
50	51	L
50	52	-1
50	53	L
50	54	L
50	55	L
50	56	-1
50	57	L
50	58	L
50	59	L
50	60	L
50	61	-1
50	62	L
50	63	L
50	64	L
50	65	L
50	66	L
50	67	Lc
50	68	Lc
50	69	-1
50	70	Lc
50	71	Lc
50	72	L
50	73	L
50	74	L
50	75	L
50	76	L
50	77	L
50	78	L
50	79	L
50	80	-1
50	81	L
50	82	L
50	83	L
50	84	L
50	85	L
50	86	L
50	87	Lc
50	88	Lc
50	89	Lc
50	90	-1
50	91	-1
50	92	Lc
50	93	Lc
50	94	Lc
50	95	Lc
50	96	-1
50	97	Lc
50	98	Lc
50	99	Lc
50	100	Lc
50	101	Uc
50	102	L
50	103	L
50	104	L
50	105	L
50	106	L
50	107	L
50	108	L
50	109	L
50	110	L
50	111	L
50	112	L
50	113	-1
50	114	Lc
50	115	-1
50	116	Lc
50	117	L
50	118	L
50	119	L
51	0	L
51	1	L
51	2	L
51	3	L
51	4	L
51	5	L
51	6	L
51	7	L
51	8	L
51	9	-1
51	10	Lc
51	11	Lc
51	12	-1
51	13	Lc
51	14	Lc
51	15	Lc
51	16	Lc
51	17	Lc
51	18	-1
51	19	L
51	20	-1
51	21	L
51	22	-1
51	23	-1
51	24	-1
51	25	-1
51	26	Lc
51	27	L
51	28	-1
51	29	Lc
51	30	Lc
51	31	Lc
51	32	Lc
51	33	Lc
51	34	-1
51	35	Lc
51	36	Lc
51	37	Lc
51	38	Lc
51	39	Lc
51	40	Lc
51	41	Lc
51	42	Lc
51	43	Lc
51	44	Lc
51	45	Lc
51	46	L
51	47	L
51	48	L
51	49	-1
51	50	L
51	51	L
51	52	L
51	53	L
51	54	L
51	55	L
51	56	L
51	57	L
51	58	-1
51	59	L
51	60	L
51	61	L
51	62	L
51	63	-1
51	64	-1
51	65	L
51	66	-1
51	67	L
51	68	-1
51	69	L
51	70	-1
51	71	Lc
51	72	L
51	73	Lc
51	74	L
51	75	-1
51	76	-1
51	77	L
51	78	L
51	79	L
51	80	-1
51	81	-1
51	82	L
51	83	L
51	84	L
51	85	L
51	86	Lc
51	87	L
51	88	Lc
51	89	Lc
51	90	Lc
51	91	Uc
51	92	Lc
51	93	Uc
51	94	-1
51	95	Lc
51	96	Lc
51	97	Lc
51	98	Lc
51	99	Lc
51	100	Lc
51	101	L
51	102	L
51	103	L
51	104	L
51	105	L
51	106	L
51	107	L
51	108	L
51	109	L
51	110	L
51	111	-1
51	112	L
51	113	Lc
51	114	-1
51	115	Lc
51	116	-1
51	117	L
51	118	L
51	119	L
52	0	L
52	1	L
52	2	L
52	3	-1
52	4	L
52	5	L
52	6	L
52	7	L
52	8	Lc
52	9	L
52	10	U
52	11	L
52	12	Lc
52	13	Lc
52	14	L
52	15	Lc
52	16	Lc
52	17	Lc
52	18	Lc
52	19	Lc
52	20	L
52	21	L
52	22	L
52	23	L
52	24	Lc
52	25	Lc
52	26	L
52	27	L
52	28	L
52	29	Lc
52	30	Lc
52	31	Lc
52	32	-1
52	33	Lc
52	34	Lc
52	35	-1
52	36	Lc
52	37	Lc
52	38	-1
52	39	Lc
52	40	Lc
52	41	Lc
52	42	-1
52	43	Lc
52	44	Lc
52	45	-1
52	46	Lc
52	47	L
52	48	Lc
52	49	L
52	50	L
52	51	L
52	52	L
52	53	L
52	54	L
52	55	L
52	56	L
52	57	L
52	58	L
52	59	L
52	60	L
52	61	-1
52	62	L
52	63	L
52	64	L
52	65	L
52	66	L
52	67	Lc
52	68	L
52	69	Lc
52	70	Lc
52	71	L
52	72	L
52	73	Lc
52	74	Lc
52	75	L
52	76	-1
52	77	L
52	78	L
52	79	L
52	80	-1
52	81	-1
52	82	L
52	83	L
52	84	L
52	85	Lc
52	86	Lc
52	87	L
52	88	Lc
52	89	L
52	90	Lc
52	91	Lc
52	92	Uc
52	93	L
52	94	L
52	95	Lc
52	96	Lc
52	97	Lc
52	98	-1
52	99	Lc
52	100	Lc
52	101	Lc
52	102	L
52	103	L
52	104	L
52	105	-1
52	106	L
52	107	L
52	108	L
52	109	L
52	110	U
52	111	L
52	112	Lc
52	113	-1
52	114	-1
52	115	L
52	116	-1
52	117	-1
52	118	L
52	119	L
53	0	L
53	1	L
53	2	-1
53	3	L
53	4	-1
53	5	L
53	6	L
53	7	Lc
53	8	Lc
53	9	-1
53	10	L
53	11	L
53	12	L
53	13	-1
53	14	Lc
53	15	-1
53	16	Lc
53	17	Lc
53	18	Lc
53	19	Lc
53	20	L
53	21	-1
53	22	L
53	23	L
53	24	L
53	25	L
53	26	U
53	27	L
53	28	L
53	29	Lc
53	30	Lc
53	31	Lc
53	32	Lc
53	33	Lc
53	34	-1
53	35	-1
53	36	Lc
53	37	Lc
53	38	Lc
53	39	Lc
53	40	-1
53	41	Lc
53	42	-1
53	43	Lc
53	44	Lc
53	45	Lc
53	46	Lc
53	47	Lc
53	48	L
53	49	L
53	50	L
53	51	L
53	52	L
53	53	-1
53	54	L
53	55	L
53	56	L
53	57	L
53	58	L
53	59	L
53	60	L
53	61	L
53	62	-1
53	63	L
53	64	L
53	65	L
53	66	L
53	67	L
53	68	L
53	69	Lc
53	70	Lc
53	71	L
53	72	L
53	73	L
53	74	L
53	75	L
53	76	-1
53	77	L
53	78	Lc
53	79	L
53	80	L
53	81	L
53	82	L
53	83	U
53	84	U
53	85	L
53	86	Lc
53	87	Lc
53	88	Lc
53	89	L
53	90	L
53	91	Lc
53	92	Uc
53	93	L
53	94	-1
53	95	Lc
53	96	Lc
53	97	Lc
53	98	Lc
53	99	Lc
53	100	Lc
53	101	Lc
53	102	L
53	103	L
53	104	-1
53	105	-1
53	106	L
53	107	-1
53	108	L
53	109	L
53	110	L
53	111	L
53	112	L
53	113	-1
53	114	L
53	115	-1
53	116	L
53	117	L
53	118	L
53	119	L
54	0	L
54	1	L
54	2	L
54	3	L
54	4	L
54	5	-1
54	6	-1
54	7	-1
54	8	Lc
54	9	L
54	10	L
54	11	L
54	12	L
54	13	-1
54	14	L
54	15	Lc
54	16	Lc
54	17	Lc
54	18	-1
54	19	L
54	20	Lc
54	21	-1
54	22	L
54	23	L
54	24	L
54	25	Lc
54	26	L
54	27	Lc
54	28	L
54	29	Lc
54	30	Lc
54	31	Uc
54	32	Lc
54	33	Lc
54	34	Lc
54	35	Lc
54	36	Lc
54	37	Lc
54	38	Lc
54	39	Lc
54	40	Lc
54	41	Lc
54	42	Lc
54	43	Lc
54	44	Lc
54	45	L
54	46	L
54	47	L
54	48	L
54	49	L
54	50	L
54	51	L
54	52	L
54	53	L
54	54	-1
54	55	L
54	56	L
54	57	L
54	58	L
54	59	-1
54	60	L
54	61	L
54	62	L
54	63	L
54	64	L
54	65	-1
54	66	L
54	67	L
54	68	L
54	69	L
54	70	L
54	71	L
54	72	-1
54	73	-1
54	74	L
54	75	L
54	76	L
54	77	L
54	78	-1
54	79	L
54	80	L
54	81	L
54	82	-1
54	83	U
54	84	U
54	85	L
54	86	Lc
54	87	-1
54	88	L
54	89	U
54	90	Lc
54	91	Lc
54	92	Lc
54	93	Uc
54	94	Lc
54	95	Lc
54	96	Lc
54	97	-1
54	98	Lc
54	99	Lc
54	100	Lc
54	101	L
54	102	L
54	103	L
54	104	Lc
54	105	L
54	106	-1
54	107	L
54	108	Lc
54	109	L
54	110	L
54	111	U
54	112	L
54	113	L
54	114	-1
54	115	L
54	116	-1
54	117	L
54	118	L
54	119	L
55	0	L
55	1	L
55	2	L
55	3	L
55	4	L
55	5	L
55	6	-1
55	7	L
55	8	L
55	9	L
55	10	L
55	11	L
55	12	L
55	13	L
55	14	L
55	15	Lc
55	16	Lc
55	17	-1
55	18	Lc
55	19	L
55	20	L
55	21	L
55	22	Lc
55	23	Lc
55	24	-1
55	25	Lc
55	26	L
55	27	-1
55	28	Lc
55	29	L
55	30	-1
55	31	Lc
55	32	Lc
55	33	Uc
55	34	Uc
55	35	Lc
55	36	-1
55	37	Uc
55	38	Lc
55	39	-1
55	40	Lc
55	41	Lc
55	42	Lc
55	43	Lc
55	44	Lc
55	45	-1
55	46	L
55	47	L
55	48	-1
55	49	L
55	50	L
55	51	-1
55	52	L
55	53	L
55	54	L
55	55	L
55	56	L
55	57	L
55	58	-1
55	59	L
55	60	L
55	61	L
55	62	L
55	63	L
55	64	L
55	65	L
55	66	-1
55	67	L
55	68	L
55	69	L
55	70	L
55	71	L
55	72	-1
55	73	-1
55	74	-1
55	75	L
55	76	Lc
55	77	Lc
55	78	L
55	79	L
55	80	L
55	81	L
55	82	-1
55	83	-1
55	84	L
55	85	L
55	86	L
55	87	U
55	88	L
55	89	Lc
55	90	U
55	91	Lc
55	92	Lc
55	93	Lc
55	94	Lc
55	95	Lc
55	96	Lc
55	97	Lc
55	98	Lc
55	99	Lc
55	100	Lc
55	101	Lc
55	102	Lc
55	103	L
55	104	L
55	105	Lc
55	106	Lc
55	107	Lc
55	108	L
55	109	L
55	110	L
55	111	U
55	112	U
55	113	L
55	114	Lc
55	115	L
55	116	L
55	117	L
55	118	-1
55	119	L
56	0	L
56	1	L
56	2	U
56	3	L
56	4	L
56	5	L
56	6	L
56	7	-1
56	8	L
56	9	L
56	10	L
56	11	L
56	12	L
56	13	L
56	14	L
56	15	L
56	16	-1
56	17	-1
56	18	Lc
56	19	Lc
56	20	Lc
56	21	Lc
56	22	-1
56	23	Lc
56	24	Lc
56	25	Lc
56	26	Lc
56	27	L
56	28	L
56	29	Lc
56	30	-1
56	31	-1
56	32	Uc
56	33	Lc
56	34	Uc
56	35	Lc
56	36	Lc
56	37	Lc
56	38	-1
56	39	Lc
56	40	-1
56	41	Lc
56	42	Lc
56	43	Lc
56	44	-1
56	45	Lc
56	46	Lc
56	47	Lc
56	48	Lc
56	49	-1
56	50	L
56	51	L
56	52	L
56	53	-1
56	54	L
56	55	L
56	56	L
56	57	-1
56	58	L
56	59	L
56	60	L
56	61	L
56	62	-1
56	63	L
56	64	L
56	65	L
56	66	Lc
56	67	Lc
56	68	-1
56	69	L
56	70	L
56	71	-1
56	72	L
56	73	L
56	74	L
56	75	L
56	76	L
56	77	L
56	78	L
56	79	L
56	80	Lc
56	81	L
56	82	L
56	83	Lc
56	84	-1
56	85	L
56	86	L
56	87	U
56	88	U
56	89	-1
56	90	Lc
56	91	L
56	92	Lc
56	93	-1
56	94	Lc
56	95	Lc
56	96	Lc
56	97	Lc
56	98	L
56	99	Lc
56	100	-1
56	101	Lc
56	102	L
56	103	L
56	104	-1
56	105	Lc
56	106	Lc
56	107	Lc
56	108	Lc
56	109	L
56	110	Lc
56	111	Lc
56	112	L
56	113	Lc
56	114	L
56	115	L
56	116	L
56	117	L
56	118	L
56	119	L
57	0	L
57	1	L
57	2	L
57	3	L
57	4	L
57	5	L
57	6	L
57	7	L
57	8	L
57	9	-1
57	10	L
57	11	L
57	12	L
57	13	L
57	14	L
57	15	-1
57	16	L
57	17	L
57	18	-1
57	19	L
57	20	Lc
57	21	Lc
57	22	-1
57	23	Lc
57	24	Lc
57	25	Lc
57	26	Lc
57	27	-1
57	28	Lc
57	29	Lc
57	30	Lc
57	31	Lc
57	32	Lc
57	33	Lc
57	34	Lc
57	35	Lc
57	36	Lc
57	37	-1
57	38	Lc
57	39	Lc
57	40	Lc
57	41	-1
57	42	Lc
57	43	Lc
57	44	Lc
57	45	Lc
57	46	Lc
57	47	Lc
57	48	Lc
57	49	L
57	50	L
57	51	L
57	52	L
57	53	L
57	54	L
57	55	L
57	56	L
57	57	L
57	58	L
57	59	-1
57	60	L
57	61	L
57	62	L
57	63	L
57	64	L
57	65	L
57	66	-1
57	67	Lc
57	68	-1
57	69	L
57	70	L
57	71	-1
57	72	L
57	73	-1
57	74	L
57	75	L
57	76	L
57	77	L
57	78	L
57	79	Lc
57	80	-1
57	81	Lc
57	82	Lc
57	83	Lc
57	84	L
57	85	-1
57	86	-1
57	87	-1
57	88	U
57	89	L
57	90	L
57	91	L
57	92	Lc
57	93	-1
57	94	-1
57	95	-1
57	96	Lc
57	97	L
57	98	-1
57	99	-1
57	100	-1
57	101	L
57	102	L
57	103	-1
57	104	L
57	105	Lc
57	106	Lc
57	107	Lc
57	108	U
57	109	Lc
57	110	L
57	111	Lc
57	112	Lc
57	113	L
57	114	L
57	115	-1
57	116	L
57	117	L
57	118	L
57	119	L
58	0	Lc
58	1	-1
58	2	L
58	3	L
58	4	L
58	5	L
58	6	L
58	7	L
58	8	U
58	9	U
58	10	L
58	11	L
58	12	L
58	13	-1
58	14	L
58	15	L
58	16	L
58	17	L
58	18	L
58	19	L
58	20	L
58	21	L
58	22	Lc
58	23	Lc
58	24	Lc
58	25	Lc
58	26	Lc
58	27	Lc
58	28	Lc
58	29	Lc
58	30	Lc
58	31	Lc
58	32	Lc
58	33	Lc
58	34	Lc
58	35	Lc
58	36	Lc
58	37	Lc
58	38	Lc
58	39	Lc
58	40	Lc
58	41	Lc
58	42	-1
58	43	Lc
58	44	-1
58	45	Lc
58	46	Lc
58	47	Lc
58	48	L
58	49	L
58	50	L
58	51	L
58	52	Lc
58	53	L
58	54	L
58	55	L
58	56	-1
58	57	L
58	58	-1
58	59	L
58	60	-1
58	61	Lc
58	62	L
58	63	L
58	64	L
58	65	L
58	66	L
58	67	L
58	68	L
58	69	L
58	70	Lc
58	71	L
58	72	L
58	73	L
58	74	L
58	75	L
58	76	L
58	77	L
58	78	L
58	79	L
58	80	Lc
58	81	Lc
58	82	Lc
58	83	Lc
58	84	Lc
58	85	-1
58	86	-1
58	87	-1
58	88	L
58	89	L
58	90	U
58	91	L
58	92	L
58	93	Lc
58	94	Lc
58	95	Lc
58	96	Uc
58	97	-1
58	98	Lc
58	99	Lc
58	100	-1
58	101	L
58	102	L
58	103	-1
58	104	L
58	105	-1
58	106	L
58	107	Lc
58	108	Lc
58	109	U
58	110	L
58	111	Lc
58	112	-1
58	113	-1
58	114	L
58	115	L
58	116	L
58	117	Lc
58	118	-1
58	119	Lc
59	0	L
59	1	L
59	2	L
59	3	L
59	4	-1
59	5	L
59	6	L
59	7	L
59	8	U
59	9	L
59	10	U
59	11	-1
59	12	L
59	13	L
59	14	L
59	15	L
59	16	L
59	17	L
59	18	Lc
59	19	Lc
59	20	Lc
59	21	-1
59	22	Lc
59	23	Lc
59	24	Lc
59	25	Lc
59	26	-1
59	27	-1
59	28	-1
59	29	Lc
59	30	Lc
59	31	Lc
59	32	Lc
59	33	Lc
59	34	Lc
59	35	Lc
59	36	Lc
59	37	Lc
59	38	Lc
59	39	Lc
59	40	Lc
59	41	-1
59	42	-1
59	43	Lc
59	44	Lc
59	45	Lc
59	46	-1
59	47	Lc
59	48	L
59	49	L
59	50	L
59	51	-1
59	52	L
59	53	L
59	54	L
59	55	L
59	56	L
59	57	-1
59	58	L
59	59	L
59	60	L
59	61	Lc
59	62	L
59	63	Lc
59	64	L
59	65	-1
59	66	U
59	67	L
59	68	L
59	69	L
59	70	Lc
59	71	L
59	72	L
59	73	L
59	74	Lc
59	75	-1
59	76	L
59	77	L
59	78	L
59	79	-1
59	80	Lc
59	81	Lc
59	82	Lc
59	83	Lc
59	84	Lc
59	85	Lc
59	86	L
59	87	L
59	88	L
59	89	L
59	90	L
59	91	-1
59	92	L
59	93	Lc
59	94	Lc
59	95	Lc
59	96	-1
59	97	Lc
59	98	Lc
59	99	Lc
59	100	Lc
59	101	-1
59	102	-1
59	103	L
59	104	L
59	105	L
59	106	L
59	107	L
59	108	U
59	109	L
59	110	L
59	111	L
59	112	Lc
59	113	L
59	114	-1
59	115	-1
59	116	L
59	117	Lc
59	118	Lc
59	119	Lc
60	0	Lc
60	1	-1
60	2	L
60	3	L
60	4	L
60	5	-1
60	6	L
60	7	L
60	8	U
60	9	L
60	10	L
60	11	L
60	12	L
60	13	L
60	14	L
60	15	-1
60	16	L
60	17	-1
60	18	Lc
60	19	-1
60	20	-1
60	21	Lc
60	22	Lc
60	23	Lc
60	24	Lc
60	25	Lc
60	26	Lc
60	27	Lc
60	28	Lc
60	29	Lc
60	30	Lc
60	31	Lc
60	32	Lc
60	33	Lc
60	34	-1
60	35	Lc
60	36	Lc
60	37	Lc
60	38	Lc
60	39	Lc
60	40	Lc
60	41	Lc
60	42	Lc
60	43	-1
60	44	Lc
60	45	L
60	46	Lc
60	47	-1
60	48	L
60	49	-1
60	50	L
60	51	L
60	52	L
60	53	Lc
60	54	L
60	55	L
60	56	L
60	57	L
60	58	Lc
60	59	L
60	60	L
60	61	Lc
60	62	Lc
60	63	Lc
60	64	L
60	65	U
60	66	L
60	67	L
60	68	Lc
60	69	Lc
60	70	Lc
60	71	Lc
60	72	L
60	73	L
60	74	L
60	75	L
60	76	L
60	77	L
60	78	-1
60	79	Lc
60	80	Lc
60	81	-1
60	82	Lc
60	83	Lc
60	84	-1
60	85	L
60	86	U
60	87	L
60	88	L
60	89	-1
60	90	L
60	91	L
60	92	Lc
60	93	Lc
60	94	Lc
60	95	-1
60	96	Lc
60	97	Lc
60	98	Lc
60	99	Lc
60	100	Lc
60	101	Lc
60	102	L
60	103	L
60	104	L
60	105	L
60	106	L
60	107	L
60	108	L
60	109	L
60	110	U
60	111	Lc
60	112	Lc
60	113	-1
60	114	Lc
60	115	-1
60	116	Lc
60	117	Lc
60	118	Uc
60	119	Lc
61	0	Lc
61	1	L
61	2	L
61	3	L
61	4	L
61	5	L
61	6	U
61	7	U
61	8	U
61	9	U
61	10	U
61	11	Lc
61	12	Lc
61	13	-1
61	14	L
61	15	-1
61	16	Lc
61	17	Lc
61	18	-1
61	19	Lc
61	20	Lc
61	21	Lc
61	22	Lc
61	23	-1
61	24	Lc
61	25	Lc
61	26	-1
61	27	Lc
61	28	Lc
61	29	Lc
61	30	Lc
61	31	Lc
61	32	Lc
61	33	Lc
61	34	Lc
61	35	-1
61	36	Lc
61	37	Lc
61	38	Lc
61	39	Lc
61	40	Lc
61	41	-1
61	42	Lc
61	43	-1
61	44	-1
61	45	Lc
61	46	Lc
61	47	Lc
61	48	-1
61	49	L
61	50	L
61	51	Lc
61	52	L
61	53	Lc
61	54	Lc
61	55	L
61	56	L
61	57	-1
61	58	Lc
61	59	L
61	60	-1
61	61	Lc
61	62	Lc
61	63	L
61	64	L
61	65	L
61	66	Lc
61	67	-1
61	68	Lc
61	69	Lc
61	70	Lc
61	71	L
61	72	L
61	73	L
61	74	-1
61	75	L
61	76	Lc
61	77	Lc
61	78	-1
61	79	Lc
61	80	Lc
61	81	Lc
61	82	-1
61	83	Lc
61	84	Lc
61	85	U
61	86	U
61	87	L
61	88	L
61	89	L
61	90	-1
61	91	-1
61	92	Lc
61	93	L
61	94	-1
61	95	Lc
61	96	Lc
61	97	Lc
61	98	Lc
61	99	Lc
61	100	Lc
61	101	L
61	102	L
61	103	L
61	104	L
61	105	L
61	106	L
61	107	L
61	108	L
61	109	L
61	110	L
61	111	Lc
61	112	Lc
61	113	Lc
61	114	Lc
61	115	Lc
61	116	-1
61	117	Uc
61	118	Lc
61	119	Lc
62	0	Uc
62	1	-1
62	2	L
62	3	-1
62	4	L
62	5	-1
62	6	U
62	7	-1
62	8	U
62	9	Lc
62	10	L
62	11	Lc
62	12	L
62	13	-1
62	14	L
62	15	-1
62	16	Lc
62	17	Lc
62	18	Lc
62	19	Lc
62	20	Lc
62	21	Lc
62	22	Lc
62	23	-1
62	24	Lc
62	25	Lc
62	26	Lc
62	27	Lc
62	28	Lc
62	29	Lc
62	30	Lc
62	31	Lc
62	32	Lc
62	33	Lc
62	34	Lc
62	35	Lc
62	36	Lc
62	37	Lc
62	38	Lc
62	39	Lc
62	40	Lc
62	41	-1
62	42	Lc
62	43	L
62	44	L
62	45	-1
62	46	Lc
62	47	-1
62	48	L
62	49	L
62	50	L
62	51	L
62	52	L
62	53	-1
62	54	-1
62	55	Lc
62	56	Lc
62	57	Lc
62	58	L
62	59	Lc
62	60	Lc
62	61	-1
62	62	L
62	63	-1
62	64	L
62	65	U
62	66	U
62	67	Lc
62	68	Lc
62	69	Lc
62	70	Lc
62	71	U
62	72	L
62	73	L
62	74	L
62	75	L
62	76	L
62	77	Lc
62	78	L
62	79	L
62	80	-1
62	81	Lc
62	82	-1
62	83	Lc
62	84	Lc
62	85	-1
62	86	U
62	87	Lc
62	88	L
62	89	L
62	90	L
62	91	-1
62	92	L
62	93	L
62	94	L
62	95	Lc
62	96	Lc
62	97	-1
62	98	-1
62	99	Lc
62	100	Lc
62	101	Lc
62	102	L
62	103	Lc
62	104	-1
62	105	L
62	106	L
62	107	-1
62	108	L
62	109	L
62	110	Lc
62	111	Lc
62	112	Lc
62	113	-1
62	114	Lc
62	115	Lc
62	116	Lc
62	117	-1
62	118	-1
62	119	Lc
63	0	Lc
63	1	Uc
63	2	L
63	3	-1
63	4	-1
63	5	L
63	6	U
63	7	U
63	8	Lc
63	9	Lc
63	10	U
63	11	L
63	12	L
63	13	L
63	14	Lc
63	15	Lc
63	16	Lc
63	17	Lc
63	18	L
63	19	Lc
63	20	Lc
63	21	Lc
63	22	Lc
63	23	Lc
63	24	Lc
63	25	-1
63	26	Lc
63	27	Lc
63	28	Lc
63	29	Lc
63	30	Lc
63	31	Lc
63	32	Lc
63	33	Lc
63	34	Lc
63	35	Lc
63	36	Lc
63	37	Lc
63	38	Lc
63	39	Lc
63	40	Lc
63	41	Lc
63	42	Lc
63	43	Lc
63	44	L
63	45	L
63	46	Lc
63	47	Lc
63	48	Lc
63	49	Lc
63	50	-1
63	51	L
63	52	Lc
63	53	Lc
63	54	Lc
63	55	Lc
63	56	-1
63	57	Lc
63	58	-1
63	59	L
63	60	L
63	61	Lc
63	62	L
63	63	L
63	64	-1
63	65	L
63	66	U
63	67	-1
63	68	Lc
63	69	Lc
63	70	U
63	71	U
63	72	U
63	73	L
63	74	L
63	75	L
63	76	Lc
63	77	Lc
63	78	L
63	79	L
63	80	Lc
63	81	Lc
63	82	Lc
63	83	Lc
63	84	-1
63	85	U
63	86	Lc
63	87	Lc
63	88	Lc
63	89	L
63	90	L
63	91	L
63	92	L
63	93	L
63	94	Lc
63	95	L
63	96	Lc
63	97	Lc
63	98	Lc
63	99	Lc
63	100	Lc
63	101	-1
63	102	L
63	103	Lc
63	104	Lc
63	105	Lc
63	106	Lc
63	107	L
63	108	-1
63	109	L
63	110	L
63	111	Lc
63	112	-1
63	113	Lc
63	114	Lc
63	115	Lc
63	116	Lc
63	117	L
63	118	L
63	119	Lc
64	0	Lc
64	1	Lc
64	2	-1
64	3	L
64	4	L
64	5	L
64	6	L
64	7	U
64	8	U
64	9	U
64	10	U
64	11	L
64	12	-1
64	13	L
64	14	Lc
64	15	-1
64	16	Lc
64	17	Lc
64	18	L
64	19	-1
64	20	Lc
64	21	Lc
64	22	Lc
64	23	Lc
64	24	Lc
64	25	Lc
64	26	-1
64	27	Lc
64	28	Lc
64	29	Lc
64	30	Lc
64	31	Lc
64	32	Lc
64	33	Lc
64	34	Lc
64	35	Lc
64	36	Lc
64	37	Lc
64	38	Lc
64	39	Lc
64	40	Lc
64	41	Lc
64	42	Lc
64	43	Lc
64	44	Lc
64	45	L
64	46	Lc
64	47	L
64	48	L
64	49	-1
64	50	Lc
64	51	Lc
64	52	L
64	53	Lc
64	54	Lc
64	55	Lc
64	56	-1
64	57	Lc
64	58	-1
64	59	Lc
64	60	Lc
64	61	L
64	62	L
64	63	L
64	64	L
64	65	Lc
64	66	-1
64	67	Lc
64	68	Lc
64	69	-1
64	70	Lc
64	71	U
64	72	Lc
64	73	-1
64	74	L
64	75	-1
64	76	L
64	77	Lc
64	78	Lc
64	79	Lc
64	80	-1
64	81	-1
64	82	Lc
64	83	Lc
64	84	Lc
64	85	Lc
64	86	Lc
64	87	-1
64	88	Lc
64	89	Lc
64	90	L
64	91	-1
64	92	-1
64	93	L
64	94	Lc
64	95	-1
64	96	Lc
64	97	Lc
64	98	Lc
64	99	Lc
64	100	Lc
64	101	Lc
64	102	Lc
64	103	-1
64	104	-1
64	105	L
64	106	Lc
64	107	L
64	108	L
64	109	L
64	110	L
64	111	L
64	112	-1
64	113	-1
64	114	Lc
64	115	Lc
64	116	Lc
64	117	L
64	118	L
64	119	-1
65	0	Lc
65	1	L
65	2	L
65	3	Uc
65	4	L
65	5	L
65	6	L
65	7	L
65	8	U
65	9	-1
65	10	U
65	11	L
65	12	L
65	13	L
65	14	L
65	15	-1
65	16	Lc
65	17	Lc
65	18	-1
65	19	-1
65	20	-1
65	21	-1
65	22	Lc
65	23	Lc
65	24	-1
65	25	Lc
65	26	Lc
65	27	-1
65	28	-1
65	29	Lc
65	30	Lc
65	31	Lc
65	32	-1
65	33	Lc
65	34	Lc
65	35	Lc
65	36	Lc
65	37	-1
65	38	Lc
65	39	Lc
65	40	Lc
65	41	Lc
65	42	-1
65	43	Lc
65	44	L
65	45	Lc
65	46	L
65	47	L
65	48	Lc
65	49	Lc
65	50	-1
65	51	Lc
65	52	Lc
65	53	Lc
65	54	Lc
65	55	Lc
65	56	Lc
65	57	Lc
65	58	Uc
65	59	L
65	60	Lc
65	61	-1
65	62	L
65	63	-1
65	64	L
65	65	Lc
65	66	-1
65	67	Lc
65	68	Lc
65	69	Lc
65	70	Lc
65	71	-1
65	72	L
65	73	L
65	74	U
65	75	-1
65	76	U
65	77	Lc
65	78	Lc
65	79	Lc
65	80	Lc
65	81	Lc
65	82	Lc
65	83	Lc
65	84	L
65	85	Lc
65	86	L
65	87	-1
65	88	Lc
65	89	Lc
65	90	L
65	91	Lc
65	92	U
65	93	Lc
65	94	Lc
65	95	Lc
65	96	-1
65	97	Lc
65	98	Lc
65	99	Lc
65	100	Lc
65	101	-1
65	102	Lc
65	103	Lc
65	104	-1
65	105	L
65	106	-1
65	107	L
65	108	L
65	109	-1
65	110	L
65	111	L
65	112	-1
65	113	Lc
65	114	Lc
65	115	Lc
65	116	L
65	117	-1
65	118	L
65	119	L
66	0	Lc
66	1	Lc
66	2	Uc
66	3	Uc
66	4	L
66	5	L
66	6	L
66	7	L
66	8	L
66	9	-1
66	10	L
66	11	L
66	12	L
66	13	-1
66	14	L
66	15	L
66	16	L
66	17	Lc
66	18	Lc
66	19	Lc
66	20	Lc
66	21	Lc
66	22	Lc
66	23	Lc
66	24	Lc
66	25	Lc
66	26	Lc
66	27	Lc
66	28	Lc
66	29	Lc
66	30	-1
66	31	Lc
66	32	-1
66	33	Lc
66	34	Lc
66	35	Lc
66	36	-1
66	37	Lc
66	38	Lc
66	39	Lc
66	40	Lc
66	41	Lc
66	42	Lc
66	43	Lc
66	44	Lc
66	45	L
66	46	L
66	47	Lc
66	48	Lc
66	49	Uc
66	50	-1
66	51	-1
66	52	Lc
66	53	Lc
66	54	Lc
66	55	Lc
66	56	Lc
66	57	Lc
66	58	-1
66	59	-1
66	60	Lc
66	61	-1
66	62	L
66	63	L
66	64	L
66	65	Lc
66	66	Lc
66	67	Lc
66	68	Lc
66	69	Lc
66	70	-1
66	71	Lc
66	72	L
66	73	L
66	74	L
66	75	U
66	76	U
66	77	U
66	78	Lc
66	79	Lc
66	80	Lc
66	81	Lc
66	82	Uc
66	83	Lc
66	84	Lc
66	85	L
66	86	L
66	87	L
66	88	Lc
66	89	Lc
66	90	L
66	91	L
66	92	Lc
66	93	Lc
66	94	Lc
66	95	Lc
66	96	Lc
66	97	Lc
66	98	Lc
66	99	Lc
66	100	Lc
66	101	Lc
66	102	Lc
66	103	L
66	104	L
66	105	L
66	106	-1
66	107	L
66	108	L
66	109	L
66	110	L
66	111	L
66	112	Lc
66	113	Lc
66	114	Lc
66	115	L
66	116	-1
66	117	L
66	118	L
66	119	Lc
67	0	-1
67	1	Lc
67	2	Uc
67	3	Uc
67	4	L
67	5	-1
67	6	L
67	7	L
67	8	L
67	9	L
67	10	-1
67	11	-1
67	12	L
67	13	Lc
67	14	Lc
67	15	L
67	16	Lc
67	17	Lc
67	18	Lc
67	19	Lc
67	20	Lc
67	21	L
67	22	Lc
67	23	Lc
67	24	Lc
67	25	Lc
67	26	Lc
67	27	Lc
67	28	-1
67	29	Lc
67	30	Lc
67	31	Lc
67	32	Lc
67	33	-1
67	34	-1
67	35	Lc
67	36	Lc
67	37	Lc
67	38	Lc
67	39	Lc
67	40	Lc
67	41	Lc
67	42	Lc
67	43	Lc
67	44	Lc
67	45	Lc
67	46	Lc
67	47	Lc
67	48	Lc
67	49	-1
67	50	Lc
67	51	Lc
67	52	Lc
67	53	Lc
67	54	-1
67	55	Lc
67	56	Lc
67	57	Lc
67	58	Lc
67	59	-1
67	60	Lc
67	61	-1
67	62	Lc
67	63	Lc
67	64	Lc
67	65	Lc
67	66	Lc
67	67	Lc
67	68	Lc
67	69	Lc
67	70	Lc
67	71	L
67	72	Lc
67	73	-1
67	74	L
67	75	U
67	76	L
67	77	-1
67	78	Lc
67	79	Lc
67	80	Lc
67	81	Lc
67	82	Lc
67	83	-1
67	84	Lc
67	85	L
67	86	-1
67	87	Lc
67	88	-1
67	89	-1
67	90	L
67	91	L
67	92	-1
67	93	Lc
67	94	-1
67	95	Lc
67	96	Lc
67	97	Lc
67	98	Lc
67	99	L
67	100	Lc
67	101	Lc
67	102	Lc
67	103	Lc
67	104	-1
67	105	Uc
67	106	L
67	107	L
67	108	-1
67	109	L
67	110	L
67	111	L
67	112	L
67	113	L
67	114	-1
67	115	-1
67	116	-1
67	117	L
67	118	Lc
67	119	Lc
68	0	Lc
68	1	Lc
68	2	Lc
68	3	L
68	4	L
68	5	L
68	6	L
68	7	L
68	8	L
68	9	L
68	10	L
68	11	L
68	12	Lc
68	13	L
68	14	L
68	15	L
68	16	L
68	17	Lc
68	18	L
68	19	-1
68	20	Lc
68	21	Lc
68	22	Lc
68	23	Lc
68	24	Lc
68	25	Lc
68	26	Lc
68	27	Lc
68	28	Lc
68	29	Lc
68	30	Lc
68	31	Lc
68	32	-1
68	33	Lc
68	34	Lc
68	35	Lc
68	36	-1
68	37	Lc
68	38	Lc
68	39	Lc
68	40	Lc
68	41	Lc
68	42	Lc
68	43	Lc
68	44	Lc
68	45	Lc
68	46	Lc
68	47	Lc
68	48	Lc
68	49	Lc
68	50	Lc
68	51	Lc
68	52	Lc
68	53	Lc
68	54	Lc
68	55	Lc
68	56	Lc
68	57	-1
68	58	Lc
68	59	Lc
68	60	Lc
68	61	-1
68	62	Lc
68	63	Lc
68	64	-1
68	65	Lc
68	66	Lc
68	67	Lc
68	68	-1
68	69	Lc
68	70	Lc
68	71	L
68	72	U
68	73	L
68	74	Lc
68	75	L
68	76	Lc
68	77	L
68	78	L
68	79	Lc
68	80	-1
68	81	Lc
68	82	Lc
68	83	Lc
68	84	L
68	85	Lc
68	86	Lc
68	87	-1
68	88	-1
68	89	-1
68	90	-1
68	91	L
68	92	Lc
68	93	L
68	94	Lc
68	95	Lc
68	96	Lc
68	97	Lc
68	98	-1
68	99	-1
68	100	Lc
68	101	L
68	102	L
68	103	-1
68	104	Uc
68	105	Lc
68	106	Uc
68	107	L
68	108	-1
68	109	-1
68	110	-1
68	111	-1
68	112	L
68	113	L
68	114	Lc
68	115	Lc
68	116	L
68	117	-1
68	118	Lc
68	119	Lc
69	0	Lc
69	1	-1
69	2	L
69	3	Lc
69	4	L
69	5	L
69	6	L
69	7	L
69	8	L
69	9	L
69	10	L
69	11	L
69	12	Lc
69	13	L
69	14	L
69	15	L
69	16	-1
69	17	Lc
69	18	Lc
69	19	Lc
69	20	L
69	21	Lc
69	22	Lc
69	23	-1
69	24	-1
69	25	-1
69	26	Lc
69	27	Lc
69	28	-1
69	29	Lc
69	30	-1
69	31	Lc
69	32	-1
69	33	-1
69	34	Lc
69	35	Lc
69	36	-1
69	37	Lc
69	38	Lc
69	39	-1
69	40	-1
69	41	-1
69	42	Lc
69	43	-1
69	44	Lc
69	45	Lc
69	46	Lc
69	47	Lc
69	48	Lc
69	49	Lc
69	50	Lc
69	51	Lc
69	52	Lc
69	53	Lc
69	54	Lc
69	55	-1
69	56	Lc
69	57	-1
69	58	Lc
69	59	Lc
69	60	Lc
69	61	Lc
69	62	Lc
69	63	Lc
69	64	Lc
69	65	-1
69	66	Lc
69	67	Lc
69	68	-1
69	69	Lc
69	70	Lc
69	71	-1
69	72	U
69	73	L
69	74	Lc
69	75	Lc
69	76	L
69	77	L
69	78	L
69	79	-1
69	80	-1
69	81	-1
69	82	Lc
69	83	Lc
69	84	Lc
69	85	Lc
69	86	Lc
69	87	Lc
69	88	L
69	89	Lc
69	90	Lc
69	91	Lc
69	92	L
69	93	Lc
69	94	Lc
69	95	Lc
69	96	Lc
69	97	Lc
69	98	-1
69	99	Lc
69	100	Lc
69	101	Lc
69	102	Lc
69	103	-1
69	104	Lc
69	105	Lc
69	106	Uc
69	107	Lc
69	108	L
69	109	L
69	110	L
69	111	L
69	112	-1
69	113	Lc
69	114	Lc
69	115	Lc
69	116	-1
69	117	L
69	118	Lc
69	119	L
70	0	Uc
70	1	L
70	2	L
70	3	L
70	4	-1
70	5	-1
70	6	L
70	7	L
70	8	L
70	9	L
70	10	L
70	11	L
70	12	L
70	13	L
70	14	-1
70	15	L
70	16	L
70	17	Lc
70	18	Lc
70	19	Lc
70	20	Lc
70	21	Lc
70	22	-1
70	23	Lc
70	24	-1
70	25	Lc
70	26	Lc
70	27	Lc
70	28	Lc
70	29	Lc
70	30	Lc
70	31	Lc
70	32	-1
70	33	Lc
70	34	Lc
70	35	-1
70	36	Lc
70	37	Lc
70	38	Lc
70	39	-1
70	40	Lc
70	41	Lc
70	42	Lc
70	43	-1
70	44	Lc
70	45	Lc
70	46	Lc
70	47	Lc
70	48	Lc
70	49	Lc
70	50	Lc
70	51	Lc
70	52	-1
70	53	Lc
70	54	Lc
70	55	Lc
70	56	Lc
70	57	-1
70	58	Lc
70	59	Lc
70	60	Lc
70	61	-1
70	62	Lc
70	63	Lc
70	64	-1
70	65	Lc
70	66	-1
70	67	Lc
70	68	Lc
70	69	Lc
70	70	Lc
70	71	-1
70	72	-1
70	73	-1
70	74	Lc
70	75	Lc
70	76	Lc
70	77	L
70	78	L
70	79	L
70	80	Lc
70	81	Lc
70	82	Lc
70	83	Lc
70	84	Lc
70	85	Lc
70	86	Lc
70	87	L
70	88	L
70	89	Lc
70	90	Lc
70	91	Lc
70	92	Lc
70	93	Lc
70	94	-1
70	95	Lc
70	96	Lc
70	97	Lc
70	98	Lc
70	99	Lc
70	100	Lc
70	101	-1
70	102	Lc
70	103	L
70	104	Lc
70	105	Lc
70	106	-1
70	107	Lc
70	108	L
70	109	-1
70	110	L
70	111	L
70	112	Lc
70	113	L
70	114	Lc
70	115	Lc
70	116	Lc
70	117	Lc
70	118	Lc
70	119	L
71	0	L
71	1	L
71	2	L
71	3	L
71	4	L
71	5	L
71	6	L
71	7	L
71	8	-1
71	9	-1
71	10	-1
71	11	L
71	12	L
71	13	L
71	14	L
71	15	L
71	16	Lc
71	17	Lc
71	18	Lc
71	19	-1
71	20	Lc
71	21	Lc
71	22	Lc
71	23	Uc
71	24	Lc
71	25	-1
71	26	Lc
71	27	Lc
71	28	Lc
71	29	Lc
71	30	Lc
71	31	Lc
71	32	Lc
71	33	Lc
71	34	Lc
71	35	Lc
71	36	Lc
71	37	-1
71	38	Lc
71	39	Lc
71	40	Lc
71	41	-1
71	42	Lc
71	43	Lc
71	44	Lc
71	45	Lc
71	46	Lc
71	47	-1
71	48	Lc
71	49	Lc
71	50	Lc
71	51	Lc
71	52	Lc
71	53	Lc
71	54	Lc
71	55	Lc
71	56	Lc
71	57	-1
71	58	Lc
71	59	Lc
71	60	Lc
71	61	Lc
71	62	Lc
71	63	Lc
71	64	Lc
71	65	-1
71	66	Lc
71	67	Lc
71	68	Lc
71	69	Lc
71	70	Lc
71	71	Lc
71	72	-1
71	73	U
71	74	U
71	75	Lc
71	76	Lc
71	77	Lc
71	78	L
71	79	-1
71	80	L
71	81	Lc
71	82	Lc
71	83	Lc
71	84	Lc
71	85	-1
71	86	Lc
71	87	-1
71	88	Lc
71	89	Lc
71	90	Lc
71	91	-1
71	92	Lc
71	93	Lc
71	94	Lc
71	95	Lc
71	96	Lc
71	97	-1
71	98	Lc
71	99	Lc
71	100	Lc
71	101	Lc
71	102	-1
71	103	Lc
71	104	Lc
71	105	-1
71	106	Lc
71	107	L
71	108	L
71	109	Lc
71	110	Lc
71	111	L
71	112	Lc
71	113	Lc
71	114	Lc
71	115	-1
71	116	L
71	117	L
71	118	Lc
71	119	Lc
72	0	L
72	1	-1
72	2	L
72	3	L
72	4	L
72	5	L
72	6	L
72	7	-1
72	8	L
72	9	L
72	10	L
72	11	L
72	12	L
72	13	L
72	14	L
72	15	Lc
72	16	Lc
72	17	L
72	18	Lc
72	19	Lc
72	20	Lc
72	21	Lc
72	22	Lc
72	23	Lc
72	24	Uc
72	25	Lc
72	26	Lc
72	27	Lc
72	28	Lc
72	29	Lc
72	30	-1
72	31	Lc
72	32	Lc
72	33	Lc
72	34	-1
72	35	Lc
72	36	Lc
72	37	Lc
72	38	Lc
72	39	Lc
72	40	Uc
72	41	-1
72	42	Lc
72	43	Lc
72	44	Lc
72	45	Lc
72	46	Lc
72	47	Lc
72	48	Lc
72	49	Lc
72	50	-1
72	51	L
72	52	Lc
72	53	Lc
72	54	Lc
72	55	Lc
72	56	-1
72	57	Lc
72	58	Lc
72	59	Lc
72	60	Lc
72	61	Lc
72	62	Lc
72	63	Lc
72	64	-1
72	65	Lc
72	66	Lc
72	67	Lc
72	68	Lc
72	69	-1
72	70	Lc
72	71	Lc
72	72	Lc
72	73	Lc
72	74	Lc
72	75	Lc
72	76	Lc
72	77	Lc
72	78	Lc
72	79	Lc
72	80	Lc
72	81	Lc
72	82	Lc
72	83	-1
72	84	Lc
72	85	-1
72	86	Lc
72	87	Lc
72	88	Lc
72	89	Lc
72	90	-1
72	91	Lc
72	92	Lc
72	93	Lc
72	94	Lc
72	95	Lc
72	96	Lc
72	97	Lc
72	98	Lc
72	99	Lc
72	100	Lc
72	101	Lc
72	102	Lc
72	103	Lc
72	104	-1
72	105	Lc
72	106	Lc
72	107	-1
72	108	-1
72	109	Lc
72	110	-1
72	111	Lc
72	112	Lc
72	113	Lc
72	114	-1
72	115	Lc
72	116	Lc
72	117	Lc
72	118	Lc
72	119	Lc
73	0	Lc
73	1	-1
73	2	L
73	3	L
73	4	L
73	5	L
73	6	-1
73	7	L
73	8	L
73	9	L
73	10	L
73	11	L
73	12	L
73	13	L
73	14	L
73	15	Lc
73	16	L
73	17	Lc
73	18	Lc
73	19	Lc
73	20	Lc
73	21	Lc
73	22	Lc
73	23	Lc
73	24	Uc
73	25	-1
73	26	Lc
73	27	Lc
73	28	Lc
73	29	-1
73	30	Lc
73	31	Lc
73	32	Lc
73	33	Lc
73	34	Lc
73	35	Lc
73	36	Lc
73	37	Lc
73	38	Lc
73	39	-1
73	40	Lc
73	41	Uc
73	42	Lc
73	43	Lc
73	44	Lc
73	45	Lc
73	46	Lc
73	47	Lc
73	48	Lc
73	49	Lc
73	50	L
73	51	L
73	52	Lc
73	53	Lc
73	54	Lc
73	55	-1
73	56	-1
73	57	Lc
73	58	Lc
73	59	-1
73	60	Lc
73	61	Lc
73	62	Lc
73	63	Lc
73	64	Lc
73	65	-1
73	66	Lc
73	67	Lc
73	68	Lc
73	69	Lc
73	70	Lc
73	71	Lc
73	72	Lc
73	73	Lc
73	74	Lc
73	75	-1
73	76	Lc
73	77	-1
73	78	Lc
73	79	-1
73	80	Lc
73	81	-1
73	82	Lc
73	83	Lc
73	84	Lc
73	85	Lc
73	86	-1
73	87	Lc
73	88	Lc
73	89	Lc
73	90	Lc
73	91	Lc
73	92	Lc
73	93	Lc
73	94	Lc
73	95	Uc
73	96	Uc
73	97	Lc
73	98	Lc
73	99	Lc
73	100	-1
73	101	Lc
73	102	Lc
73	103	Lc
73	104	Lc
73	105	L
73	106	Lc
73	107	-1
73	108	L
73	109	L
73	110	Lc
73	111	Lc
73	112	Lc
73	113	Lc
73	114	Lc
73	115	Lc
73	116	Lc
73	117	Lc
73	118	Lc
73	119	Lc
74	0	Lc
74	1	-1
74	2	L
74	3	L
74	4	L
74	5	-1
74	6	-1
74	7	L
74	8	-1
74	9	L
74	10	Lc
74	11	L
74	12	L
74	13	L
74	14	Lc
74	15	Lc
74	16	-1
74	17	Lc
74	18	Lc
74	19	Lc
74	20	Lc
74	21	Lc
74	22	Lc
74	23	-1
74	24	Lc
74	25	Lc
74	26	-1
74	27	Lc
74	28	Lc
74	29	Lc
74	30	-1
74	31	Lc
74	32	Lc
74	33	Lc
74	34	Lc
74	35	Lc
74	36	Lc
74	37	Lc
74	38	Lc
74	39	Lc
74	40	Uc
74	41	Lc
74	42	Lc
74	43	Lc
74	44	Lc
74	45	Lc
74	46	Lc
74	47	Lc
74	48	-1
74	49	Lc
74	50	L
74	51	Lc
74	52	Lc
74	53	Lc
74	54	Lc
74	55	Lc
74	56	Lc
74	57	Lc
74	58	-1
74	59	L
74	60	Lc
74	61	Lc
74	62	Lc
74	63	-1
74	64	-1
74	65	Lc
74	66	-1
74	67	Lc
74	68	Lc
74	69	Lc
74	70	Lc
74	71	Lc
74	72	Lc
74	73	Lc
74	74	Lc
74	75	Lc
74	76	Lc
74	77	Lc
74	78	Lc
74	79	-1
74	80	Lc
74	81	Lc
74	82	Lc
74	83	Lc
74	84	Lc
74	85	-1
74	86	Lc
74	87	Lc
74	88	Lc
74	89	Lc
74	90	Lc
74	91	-1
74	92	-1
74	93	-1
74	94	Uc
74	95	Uc
74	96	Lc
74	97	-1
74	98	Lc
74	99	Lc
74	100	Lc
74	101	Lc
74	102	Lc
74	103	Lc
74	104	-1
74	105	Lc
74	106	Lc
74	107	Lc
74	108	Lc
74	109	Lc
74	110	Lc
74	111	Lc
74	112	-1
74	113	Lc
74	114	Lc
74	115	Lc
74	116	Lc
74	117	Lc
74	118	Lc
74	119	Lc
75	0	-1
75	1	-1
75	2	-1
75	3	L
75	4	L
75	5	L
75	6	-1
75	7	L
75	8	L
75	9	L
75	10	L
75	11	Lc
75	12	Lc
75	13	Lc
75	14	Lc
75	15	Lc
75	16	Lc
75	17	Lc
75	18	Lc
75	19	Lc
75	20	Lc
75	21	Lc
75	22	Lc
75	23	Lc
75	24	Lc
75	25	-1
75	26	Lc
75	27	-1
75	28	Lc
75	29	Lc
75	30	Lc
75	31	Lc
75	32	-1
75	33	-1
75	34	Lc
75	35	-1
75	36	-1
75	37	-1
75	38	Lc
75	39	Lc
75	40	Lc
75	41	Lc
75	42	Lc
75	43	Lc
75	44	Lc
75	45	Lc
75	46	Lc
75	47	-1
75	48	Lc
75	49	Lc
75	50	-1
75	51	Lc
75	52	Lc
75	53	-1
75	54	Lc
75	55	-1
75	56	L
75	57	Lc
75	58	-1
75	59	-1
75	60	L
75	61	Lc
75	62	L
75	63	Lc
75	64	-1
75	65	Lc
75	66	-1
75	67	Lc
75	68	Lc
75	69	-1
75	70	-1
75	71	Lc
75	72	-1
75	73	Lc
75	74	Lc
75	75	Lc
75	76	Lc
75	77	Lc
75	78	Lc
75	79	Lc
75	80	Lc
75	81	Lc
75	82	Lc
75	83	Lc
75	84	Lc
75	85	Lc
75	86	Lc
75	87	Lc
75	88	-1
75	89	Lc
75	90	-1
75	91	-1
75	92	-1
75	93	Lc
75	94	Uc
75	95	Lc
75	96	-1
75	97	-1
75	98	Lc
75	99	Lc
75	100	-1
75	101	Lc
75	102	Lc
75	103	Lc
75	104	Uc
75	105	Lc
75	106	-1
75	107	Lc
75	108	-1
75	109	Lc
75	110	Lc
75	111	Lc
75	112	Lc
75	113	Lc
75	114	Lc
75	115	Lc
75	116	Lc
75	117	Lc
75	118	Lc
75	119	Lc
76	0	-1
76	1	Lc
76	2	Lc
76	3	Lc
76	4	L
76	5	L
76	6	L
76	7	L
76	8	Lc
76	9	Lc
76	10	Lc
76	11	Lc
76	12	Lc
76	13	Lc
76	14	Lc
76	15	Lc
76	16	-1
76	17	-1
76	18	Lc
76	19	Lc
76	20	Lc
76	21	Lc
76	22	Lc
76	23	Lc
76	24	Lc
76	25	Lc
76	26	Lc
76	27	Lc
76	28	Lc
76	29	Lc
76	30	Lc
76	31	-1
76	32	Lc
76	33	Lc
76	34	Lc
76	35	Lc
76	36	Lc
76	37	Lc
76	38	Lc
76	39	Lc
76	40	Lc
76	41	Lc
76	42	Lc
76	43	Lc
76	44	-1
76	45	Lc
76	46	Lc
76	47	-1
76	48	Lc
76	49	-1
76	50	Lc
76	51	-1
76	52	L
76	53	Lc
76	54	Lc
76	55	L
76	56	-1
76	57	-1
76	58	L
76	59	L
76	60	L
76	61	Lc
76	62	Lc
76	63	L
76	64	Lc
76	65	L
76	66	L
76	67	Lc
76	68	Uc
76	69	Uc
76	70	Uc
76	71	Lc
76	72	-1
76	73	Lc
76	74	Lc
76	75	Lc
76	76	Lc
76	77	-1
76	78	Lc
76	79	Lc
76	80	Lc
76	81	Lc
76	82	Lc
76	83	Lc
76	84	Lc
76	85	-1
76	86	Lc
76	87	Lc
76	88	Lc
76	89	Lc
76	90	Lc
76	91	-1
76	92	Lc
76	93	Lc
76	94	Lc
76	95	Lc
76	96	Lc
76	97	Lc
76	98	Lc
76	99	Lc
76	100	Lc
76	101	Lc
76	102	Lc
76	103	Uc
76	104	Lc
76	105	Lc
76	106	Lc
76	107	-1
76	108	Uc
76	109	-1
76	110	Lc
76	111	Lc
76	112	Lc
76	113	Lc
76	114	Lc
76	115	Lc
76	116	Lc
76	117	Lc
76	118	Lc
76	119	Lc
77	0	Lc
77	1	Lc
77	2	-1
77	3	Lc
77	4	Lc
77	5	Lc
77	6	L
77	7	L
77	8	Lc
77	9	-1
77	10	Lc
77	11	Lc
77	12	Lc
77	13	Lc
77	14	-1
77	15	Lc
77	16	Lc
77	17	-1
77	18	-1
77	19	-1
77	20	Lc
77	21	-1
77	22	Lc
77	23	Lc
77	24	Lc
77	25	Lc
77	26	Lc
77	27	Lc
77	28	Lc
77	29	Lc
77	30	-1
77	31	Lc
77	32	Lc
77	33	Lc
77	34	Lc
77	35	Lc
77	36	Lc
77	37	Lc
77	38	Lc
77	39	Lc
77	40	Lc
77	41	Lc
77	42	-1
77	43	Lc
77	44	Lc
77	45	-1
77	46	U
77	47	Lc
77	48	L
77	49	Lc
77	50	L
77	51	Lc
77	52	L
77	53	Lc
77	54	U
77	55	Lc
77	56	Lc
77	57	L
77	58	L
77	59	-1
77	60	L
77	61	L
77	62	L
77	63	Lc
77	64	Lc
77	65	Lc
77	66	Lc
77	67	Lc
77	68	Lc
77	69	Uc
77	70	Lc
77	71	Uc
77	72	-1
77	73	Lc
77	74	Lc
77	75	Lc
77	76	Lc
77	77	Lc
77	78	Lc
77	79	Lc
77	80	Lc
77	81	Lc
77	82	-1
77	83	Lc
77	84	Lc
77	85	Lc
77	86	-1
77	87	Lc
77	88	Lc
77	89	Lc
77	90	-1
77	91	-1
77	92	Lc
77	93	Lc
77	94	Lc
77	95	Lc
77	96	-1
77	97	Lc
77	98	Lc
77	99	Lc
77	100	Lc
77	101	Lc
77	102	Lc
77	103	-1
77	104	Uc
77	105	Lc
77	106	Lc
77	107	Uc
77	108	Lc
77	109	Lc
77	110	Lc
77	111	Lc
77	112	Lc
77	113	Lc
77	114	Lc
77	115	-1
77	116	Lc
77	117	Lc
77	118	Lc
77	119	-1
78	0	Lc
78	1	-1
78	2	Lc
78	3	Lc
78	4	Lc
78	5	-1
78	6	Lc
78	7	Lc
78	8	Lc
78	9	Lc
78	10	-1
78	11	Lc
78	12	Lc
78	13	Lc
78	14	Lc
78	15	-1
78	16	Lc
78	17	-1
78	18	-1
78	19	Lc
78	20	Lc
78	21	Lc
78	22	Lc
78	23	Lc
78	24	Lc
78	25	Lc
78	26	-1
78	27	Lc
78	28	Lc
78	29	Lc
78	30	Lc
78	31	-1
78	32	Lc
78	33	Lc
78	34	Lc
78	35	Lc
78	36	Lc
78	37	Lc
78	38	Lc
78	39	Lc
78	40	Lc
78	41	Lc
78	42	Lc
78	43	-1
78	44	L
78	45	L
78	46	L
78	47	L
78	48	-1
78	49	L
78	50	L
78	51	L
78	52	U
78	53	U
78	54	-1
78	55	Lc
78	56	-1
78	57	L
78	58	Lc
78	59	L
78	60	-1
78	61	L
78	62	Lc
78	63	Lc
78	64	Lc
78	65	Lc
78	66	Lc
78	67	Lc
78	68	Lc
78	69	Lc
78	70	Lc
78	71	Uc
78	72	-1
78	73	Lc
78	74	Lc
78	75	Lc
78	76	Lc
78	77	Lc
78	78	-1
78	79	Lc
78	80	Lc
78	81	Lc
78	82	Lc
78	83	Lc
78	84	Lc
78	85	Lc
78	86	Lc
78	87	Lc
78	88	Lc
78	89	Lc
78	90	Lc
78	91	Lc
78	92	Lc
78	93	Lc
78	94	Lc
78	95	Lc
78	96	-1
78	97	Lc
78	98	Lc
78	99	-1
78	100	Lc
78	101	Lc
78	102	Lc
78	103	Lc
78	104	Lc
78	105	-1
78	106	Uc
78	107	Lc
78	108	Lc
78	109	Lc
78	110	Lc
78	111	Lc
78	112	Lc
78	113	Lc
78	114	Lc
78	115	-1
78	116	Lc
78	117	Lc
78	118	Lc
78	119	Lc
79	0	L
79	1	L
79	2	Lc
79	3	Lc
79	4	Lc
79	5	Lc
79	6	Lc
79	7	Lc
79	8	Lc
79	9	Lc
79	10	Lc
79	11	Lc
79	12	Lc
79	13	Lc
79	14	Lc
79	15	-1
79	16	Lc
79	17	Lc
79	18	Lc
79	19	Lc
79	20	Lc
79	21	L
79	22	-1
79	23	Lc
79	24	Lc
79	25	Lc
79	26	Lc
79	27	Lc
79	28	Lc
79	29	Lc
79	30	Lc
79	31	Lc
79	32	Lc
79	33	Lc
79	34	Lc
79	35	Lc
79	36	Lc
79	37	Lc
79	38	-1
79	39	Lc
79	40	Lc
79	41	Lc
79	42	Lc
79	43	-1
79	44	L
79	45	L
79	46	-1
79	47	U
79	48	L
79	49	U
79	50	L
79	51	Uc
79	52	L
79	53	L
79	54	U
79	55	Lc
79	56	Lc
79	57	Lc
79	58	Lc
79	59	Lc
79	60	L
79	61	Lc
79	62	Lc
79	63	Lc
79	64	Lc
79	65	Lc
79	66	-1
79	67	-1
79	68	Lc
79	69	Lc
79	70	Lc
79	71	-1
79	72	Lc
79	73	Lc
79	74	Lc
79	75	-1
79	76	Lc
79	77	-1
79	78	Lc
79	79	-1
79	80	Lc
79	81	Lc
79	82	Lc
79	83	Lc
79	84	Lc
79	85	Lc
79	86	Lc
79	87	-1
79	88	Lc
79	89	Lc
79	90	-1
79	91	-1
79	92	-1
79	93	Lc
79	94	Lc
79	95	Lc
79	96	Lc
79	97	-1
79	98	Lc
79	99	Lc
79	100	Lc
79	101	Lc
79	102	Lc
79	103	Lc
79	104	Lc
79	105	Lc
79	106	Lc
79	107	Lc
79	108	Lc
79	109	-1
79	110	Lc
79	111	-1
79	112	Lc
79	113	Lc
79	114	Lc
79	115	-1
79	116	Lc
79	117	Lc
79	118	Lc
79	119	Lc
80	0	Lc
80	1	L
80	2	Lc
80	3	Lc
80	4	Lc
80	5	Lc
80	6	Lc
80	7	Lc
80	8	Lc
80	9	Lc
80	10	Lc
80	11	Lc
80	12	Lc
80	13	-1
80	14	Lc
80	15	Lc
80	16	Lc
80	17	Lc
80	18	Lc
80	19	Lc
80	20	L
80	21	Lc
80	22	Lc
80	23	Lc
80	24	Lc
80	25	-1
80	26	-1
80	27	Lc
80	28	Lc
80	29	Lc
80	30	Lc
80	31	-1
80	32	Lc
80	33	Lc
80	34	Lc
80	35	-1
80	36	Lc
80	37	Lc
80	38	Lc
80	39	-1
80	40	Lc
80	41	Lc
80	42	Lc
80	43	Lc
80	44	Lc
80	45	U
80	46	-1
80	47	U
80	48	L
80	49	Lc
80	50	Uc
80	51	L
80	52	L
80	53	L
80	54	L
80	55	U
80	56	Lc
80	57	Lc
80	58	L
80	59	-1
80	60	Lc
80	61	-1
80	62	Lc
80	63	Lc
80	64	-1
80	65	L
80	66	Lc
80	67	Lc
80	68	Lc
80	69	Lc
80	70	Lc
80	71	-1
80	72	Lc
80	73	Lc
80	74	Lc
80	75	Lc
80	76	-1
80	77	Lc
80	78	Lc
80	79	Lc
80	80	Lc
80	81	Lc
80	82	Lc
80	83	Lc
80	84	-1
80	85	Lc
80	86	Lc
80	87	-1
80	88	Lc
80	89	Lc
80	90	Lc
80	91	-1
80	92	-1
80	93	Lc
80	94	Lc
80	95	Lc
80	96	-1
80	97	Lc
80	98	Lc
80	99	Lc
80	100	Lc
80	101	Lc
80	102	Lc
80	103	Lc
80	104	Lc
80	105	Lc
80	106	-1
80	107	-1
80	108	-1
80	109	Lc
80	110	Lc
80	111	Lc
80	112	Lc
80	113	Lc
80	114	Lc
80	115	Lc
80	116	-1
80	117	Lc
80	118	-1
80	119	-1
81	0	-1
81	1	-1
81	2	Lc
81	3	Lc
81	4	-1
81	5	Lc
81	6	Lc
81	7	Lc
81	8	Lc
81	9	Lc
81	10	-1
81	11	Lc
81	12	Lc
81	13	Lc
81	14	Lc
81	15	Uc
81	16	Uc
81	17	Lc
81	18	Lc
81	19	-1
81	20	L
81	21	-1
81	22	-1
81	23	Lc
81	24	Lc
81	25	Lc
81	26	Lp
81	27	-1
81	28	Uc
81	29	Lc
81	30	Lc
81	31	Lc
81	32	Lc
81	33	Lc
81	34	Lc
81	35	Lc
81	36	L
81	37	L
81	38	Lc
81	39	L
81	40	Lc
81	41	Lc
81	42	Lc
81	43	Lc
81	44	Lc
81	45	-1
81	46	L
81	47	-1
81	48	U
81	49	L
81	50	L
81	51	L
81	52	L
81	53	-1
81	54	-1
81	55	L
81	56	L
81	57	-1
81	58	-1
81	59	L
81	60	L
81	61	L
81	62	L
81	63	L
81	64	L
81	65	-1
81	66	-1
81	67	-1
81	68	Lc
81	69	-1
81	70	Lc
81	71	-1
81	72	Lc
81	73	Lc
81	74	Lc
81	75	Lc
81	76	Lc
81	77	-1
81	78	Lc
81	79	Lc
81	80	-1
81	81	Lc
81	82	-1
81	83	Lc
81	84	Lc
81	85	Lc
81	86	Lc
81	87	Lc
81	88	Lc
81	89	Lc
81	90	-1
81	91	Lc
81	92	Lc
81	93	Lc
81	94	Lc
81	95	Lc
81	96	-1
81	97	Lc
81	98	Lc
81	99	Lc
81	100	Lc
81	101	Lc
81	102	Lc
81	103	-1
81	104	-1
81	105	Lc
81	106	Lc
81	107	Lc
81	108	Lc
81	109	-1
81	110	Lc
81	111	Lc
81	112	Lc
81	113	-1
81	114	Lc
81	115	Lc
81	116	Lc
81	117	Lc
81	118	Lc
81	119	Lc
82	0	-1
82	1	L
82	2	-1
82	3	-1
82	4	Lc
82	5	-1
82	6	Lc
82	7	Lc
82	8	Lc
82	9	Lc
82	10	Lc
82	11	Lc
82	12	Lc
82	13	Lc
82	14	Uc
82	15	Uc
82	16	-1
82	17	Lc
82	18	Lc
82	19	Uc
82	20	Uc
82	21	Uc
82	22	-1
82	23	Lc
82	24	Lc
82	25	-1
82	26	Lp
82	27	Lp
82	28	-1
82	29	Uc
82	30	Lc
82	31	Lc
82	32	-1
82	33	Lc
82	34	Lc
82	35	Lc
82	36	Lc
82	37	-1
82	38	L
82	39	L
82	40	Lc
82	41	Lc
82	42	Lc
82	43	Lc
82	44	Lc
82	45	Lc
82	46	Lc
82	47	L
82	48	L
82	49	L
82	50	L
82	51	-1
82	52	Lc
82	53	L
82	54	-1
82	55	L
82	56	L
82	57	L
82	58	L
82	59	L
82	60	-1
82	61	L
82	62	L
82	63	L
82	64	-1
82	65	Lc
82	66	Lc
82	67	Lc
82	68	Lc
82	69	Lc
82	70	Lc
82	71	Lc
82	72	Lc
82	73	Lc
82	74	Lc
82	75	Lc
82	76	Lc
82	77	Lc
82	78	Lc
82	79	-1
82	80	Lc
82	81	Lc
82	82	Lc
82	83	Lc
82	84	-1
82	85	Lc
82	86	Lc
82	87	Lc
82	88	Lc
82	89	Lc
82	90	Lc
82	91	Lc
82	92	Lc
82	93	Lc
82	94	Uc
82	95	Lc
82	96	Lc
82	97	Lc
82	98	Lc
82	99	-1
82	100	-1
82	101	Lc
82	102	Lc
82	103	-1
82	104	Lc
82	105	Lc
82	106	Lc
82	107	Lc
82	108	Lc
82	109	Lc
82	110	-1
82	111	Lc
82	112	Lc
82	113	Lc
82	114	Lc
82	115	Lc
82	116	Lc
82	117	-1
82	118	Lc
82	119	Lc
83	0	-1
83	1	Lc
83	2	-1
83	3	-1
83	4	Lc
83	5	Lc
83	6	-1
83	7	Lc
83	8	Lc
83	9	-1
83	10	-1
83	11	Lc
83	12	Uc
83	13	Uc
83	14	-1
83	15	Lc
83	16	-1
83	17	Lc
83	18	Lc
83	19	-1
83	20	Uc
83	21	Lc
83	22	Lc
83	23	Lc
83	24	Lc
83	25	Lc
83	26	Lp
83	27	Lp
83	28	Uc
83	29	-1
83	30	Lc
83	31	Lc
83	32	Lc
83	33	-1
83	34	Lc
83	35	Lc
83	36	Lc
83	37	Lc
83	38	Lc
83	39	L
83	40	Lc
83	41	Lc
83	42	L
83	43	-1
83	44	Lc
83	45	Lc
83	46	Lc
83	47	Lc
83	48	L
83	49	L
83	50	-1
83	51	Lc
83	52	-1
83	53	L
83	54	L
83	55	L
83	56	-1
83	57	L
83	58	L
83	59	L
83	60	L
83	61	-1
83	62	Lc
83	63	Lc
83	64	-1
83	65	Lc
83	66	Lc
83	67	Lc
83	68	Lc
83	69	Lc
83	70	Lc
83	71	-1
83	72	Lc
83	73	Lc
83	74	Lc
83	75	Lc
83	76	-1
83	77	Lc
83	78	Lc
83	79	-1
83	80	Lc
83	81	Lc
83	82	Lc
83	83	Lc
83	84	Lc
83	85	Lc
83	86	Lc
83	87	Lc
83	88	Lc
83	89	Lc
83	90	Lc
83	91	Lc
83	92	-1
83	93	Lc
83	94	Lc
83	95	Lc
83	96	Lc
83	97	Lc
83	98	Lc
83	99	Lc
83	100	Lc
83	101	Lc
83	102	Lc
83	103	-1
83	104	Lc
83	105	Lc
83	106	Lc
83	107	Lc
83	108	Lc
83	109	-1
83	110	Lc
83	111	-1
83	112	Lc
83	113	Lc
83	114	Lc
83	115	-1
83	116	Lc
83	117	Lc
83	118	-1
83	119	Lc
84	0	Lc
84	1	Lc
84	2	Uc
84	3	Lc
84	4	-1
84	5	Lc
84	6	-1
84	7	-1
84	8	Lc
84	9	Lc
84	10	Lc
84	11	Lc
84	12	Lc
84	13	-1
84	14	Uc
84	15	Lc
84	16	Lc
84	17	Lc
84	18	Lc
84	19	L
84	20	L
84	21	Uc
84	22	Lc
84	23	-1
84	24	Lc
84	25	Lc
84	26	Uc
84	27	Lp
84	28	Lc
84	29	-1
84	30	Lc
84	31	Lc
84	32	-1
84	33	Lc
84	34	Lc
84	35	Lc
84	36	Lc
84	37	Lc
84	38	L
84	39	Lc
84	40	Lc
84	41	L
84	42	L
84	43	Lc
84	44	Lc
84	45	Lc
84	46	Lc
84	47	Lc
84	48	-1
84	49	L
84	50	Lc
84	51	L
84	52	-1
84	53	L
84	54	L
84	55	L
84	56	L
84	57	L
84	58	-1
84	59	L
84	60	Lc
84	61	L
84	62	-1
84	63	Lc
84	64	Lc
84	65	L
84	66	Lc
84	67	Lc
84	68	Lc
84	69	Lc
84	70	-1
84	71	Lc
84	72	Lc
84	73	Lc
84	74	Lc
84	75	Lc
84	76	Lc
84	77	Lc
84	78	Lc
84	79	Lc
84	80	Lc
84	81	-1
84	82	-1
84	83	-1
84	84	Lc
84	85	Lc
84	86	-1
84	87	Lc
84	88	Lc
84	89	Lc
84	90	Lc
84	91	-1
84	92	Lc
84	93	Lc
84	94	Lc
84	95	Lc
84	96	-1
84	97	Lc
84	98	Lc
84	99	Lc
84	100	Lc
84	101	Lc
84	102	-1
84	103	Lc
84	104	Lc
84	105	Lc
84	106	Lc
84	107	Lc
84	108	Lc
84	109	Lc
84	110	-1
84	111	-1
84	112	Lc
84	113	Lc
84	114	Lc
84	115	Lc
84	116	Lc
84	117	Lc
84	118	-1
84	119	-1
85	0	Lc
85	1	Lc
85	2	Uc
85	3	Uc
85	4	Uc
85	5	Lc
85	6	-1
85	7	Lc
85	8	Lc
85	9	Lc
85	10	Lc
85	11	Lc
85	12	Lc
85	13	Uc
85	14	L
85	15	L
85	16	Lc
85	17	Lc
85	18	-1
85	19	L
85	20	L
85	21	-1
85	22	-1
85	23	-1
85	24	-1
85	25	Lc
85	26	Lc
85	27	Lc
85	28	Lc
85	29	-1
85	30	Lc
85	31	Lc
85	32	Lc
85	33	Lc
85	34	Lc
85	35	Lc
85	36	-1
85	37	-1
85	38	Lc
85	39	L
85	40	L
85	41	Lc
85	42	L
85	43	Lc
85	44	Lc
85	45	Lc
85	46	Lc
85	47	-1
85	48	Lc
85	49	Lc
85	50	L
85	51	L
85	52	-1
85	53	L
85	54	L
85	55	-1
85	56	L
85	57	-1
85	58	Lc
85	59	-1
85	60	L
85	61	Lc
85	62	Lc
85	63	Lc
85	64	-1
85	65	Lc
85	66	Lc
85	67	Lc
85	68	Lc
85	69	Lc
85	70	Lc
85	71	Lc
85	72	Lc
85	73	Lc
85	74	Lc
85	75	Lc
85	76	Lc
85	77	-1
85	78	Lc
85	79	Lc
85	80	-1
85	81	Lc
85	82	Lc
85	83	Lc
85	84	Lc
85	85	Lc
85	86	Lc
85	87	Lc
85	88	Lc
85	89	-1
85	90	Lc
85	91	Lc
85	92	-1
85	93	Lc
85	94	Lc
85	95	Lc
85	96	Lc
85	97	Lc
85	98	Lc
85	99	Lc
85	100	Lc
85	101	Lc
85	102	-1
85	103	Lc
85	104	Lc
85	105	Lc
85	106	Lc
85	107	-1
85	108	Lc
85	109	Lc
85	110	Lc
85	111	Lc
85	112	Lc
85	113	Lc
85	114	-1
85	115	Lc
85	116	Lc
85	117	Lc
85	118	Lc
85	119	-1
86	0	Lc
86	1	Lc
86	2	Lc
86	3	Uc
86	4	Uc
86	5	Lc
86	6	Lc
86	7	Lc
86	8	Lc
86	9	Lc
86	10	Lc
86	11	Lc
86	12	Uc
86	13	L
86	14	L
86	15	L
86	16	Lc
86	17	-1
86	18	L
86	19	L
86	20	L
86	21	L
86	22	Lp
86	23	Lc
86	24	Lc
86	25	-1
86	26	Lc
86	27	Lc
86	28	Lc
86	29	Lc
86	30	Lc
86	31	-1
86	32	Lc
86	33	Lc
86	34	-1
86	35	Lc
86	36	Lc
86	37	L
86	38	-1
86	39	Lc
86	40	-1
86	41	L
86	42	Lc
86	43	Lc
86	44	Lc
86	45	Lc
86	46	Lc
86	47	-1
86	48	Lc
86	49	Lc
86	50	L
86	51	L
86	52	-1
86	53	L
86	54	Lc
86	55	L
86	56	-1
86	57	Lc
86	58	L
86	59	Lc
86	60	Lc
86	61	-1
86	62	-1
86	63	Lc
86	64	L
86	65	L
86	66	Lc
86	67	Lc
86	68	Lc
86	69	Lc
86	70	Lc
86	71	-1
86	72	Lc
86	73	-1
86	74	Lc
86	75	-1
86	76	Lc
86	77	Lc
86	78	Lc
86	79	Lc
86	80	-1
86	81	-1
86	82	-1
86	83	Lc
86	84	Lc
86	85	Lc
86	86	Lc
86	87	Lc
86	88	Lc
86	89	-1
86	90	-1
86	91	Lc
86	92	Lc
86	93	Lc
86	94	-1
86	95	Lc
86	96	Lc
86	97	Lc
86	98	Lc
86	99	Lc
86	100	Lc
86	101	Lc
86	102	Lc
86	103	Lc
86	104	-1
86	105	Lc
86	106	Lc
86	107	Lc
86	108	Lc
86	109	-1
86	110	Lc
86	111	Lc
86	112	Lc
86	113	-1
86	114	-1
86	115	Lc
86	116	Lc
86	117	Lc
86	118	Lc
86	119	Lc
87	0	Lc
87	1	Lc
87	2	Lc
87	3	Lc
87	4	-1
87	5	Lc
87	6	-1
87	7	Lc
87	8	Lc
87	9	-1
87	10	Lc
87	11	Uc
87	12	Lc
87	13	L
87	14	-1
87	15	Lc
87	16	Lc
87	17	Lc
87	18	L
87	19	L
87	20	L
87	21	Uc
87	22	-1
87	23	Lp
87	24	Lc
87	25	Lc
87	26	Lc
87	27	Lc
87	28	Lc
87	29	Lc
87	30	Lc
87	31	Lc
87	32	Lc
87	33	Lc
87	34	-1
87	35	-1
87	36	Lc
87	37	Lc
87	38	Lc
87	39	Lc
87	40	L
87	41	Lc
87	42	Lc
87	43	Lc
87	44	L
87	45	-1
87	46	-1
87	47	Lc
87	48	Lc
87	49	Lc
87	50	L
87	51	-1
87	52	L
87	53	L
87	54	-1
87	55	Lc
87	56	L
87	57	-1
87	58	Lc
87	59	Lc
87	60	-1
87	61	L
87	62	L
87	63	L
87	64	L
87	65	L
87	66	Lc
87	67	Lc
87	68	Lc
87	69	Lc
87	70	Lc
87	71	Lc
87	72	Lc
87	73	Lc
87	74	Lc
87	75	Lc
87	76	Lc
87	77	Lc
87	78	-1
87	79	-1
87	80	Lc
87	81	-1
87	82	-1
87	83	Lc
87	84	Lc
87	85	Lc
87	86	Lc
87	87	Lc
87	88	Lc
87	89	Lc
87	90	Lc
87	91	Lc
87	92	Lc
87	93	Lc
87	94	-1
87	95	-1
87	96	Lc
87	97	-1
87	98	Lc
87	99	-1
87	100	Lc
87	101	Lc
87	102	Lc
87	103	Lc
87	104	-1
87	105	Lc
87	106	Lc
87	107	Lc
87	108	Lc
87	109	Lc
87	110	Lc
87	111	Lc
87	112	Lc
87	113	Lc
87	114	Lc
87	115	Lc
87	116	Lc
87	117	Lc
87	118	Lc
87	119	Lc
88	0	Lc
88	1	Lc
88	2	Lc
88	3	Lc
88	4	Lc
88	5	-1
88	6	Lc
88	7	Lc
88	8	Lc
88	9	Lc
88	10	Lc
88	11	L
88	12	L
88	13	L
88	14	L
88	15	L
88	16	L
88	17	Lc
88	18	-1
88	19	L
88	20	Lc
88	21	Lc
88	22	Uc
88	23	Lc
88	24	Lc
88	25	Lc
88	26	Lc
88	27	Lc
88	28	Lc
88	29	Lc
88	30	Lc
88	31	-1
88	32	Lc
88	33	Lc
88	34	Lc
88	35	Lc
88	36	Lc
88	37	Lc
88	38	Lc
88	39	Lc
88	40	Lc
88	41	Lc
88	42	Lc
88	43	Lc
88	44	-1
88	45	L
88	46	-1
88	47	Lc
88	48	Lc
88	49	-1
88	50	-1
88	51	L
88	52	L
88	53	Lc
88	54	-1
88	55	-1
88	56	-1
88	57	-1
88	58	-1
88	59	L
88	60	Lc
88	61	L
88	62	L
88	63	L
88	64	L
88	65	L
88	66	L
88	67	Lc
88	68	Lc
88	69	-1
88	70	Lc
88	71	-1
88	72	-1
88	73	Lc
88	74	Lc
88	75	Lc
88	76	-1
88	77	Lc
88	78	Lc
88	79	-1
88	80	Lc
88	81	Lc
88	82	Lc
88	83	-1
88	84	Lc
88	85	Lc
88	86	Lc
88	87	-1
88	88	-1
88	89	Lc
88	90	-1
88	91	Lc
88	92	Lc
88	93	-1
88	94	Lc
88	95	Lc
88	96	Lc
88	97	Uc
88	98	Lc
88	99	Lc
88	100	Lc
88	101	Lc
88	102	Lc
88	103	Lc
88	104	Lc
88	105	Lc
88	106	Lc
88	107	Lc
88	108	Lc
88	109	Lc
88	110	Lc
88	111	Uc
88	112	Lc
88	113	Lc
88	114	Lc
88	115	Lc
88	116	Lc
88	117	Lc
88	118	Lc
88	119	Lc
89	0	Lc
89	1	-1
89	2	Lc
89	3	Lc
89	4	Lc
89	5	Lc
89	6	Lc
89	7	Lc
89	8	Lc
89	9	L
89	10	L
89	11	L
89	12	-1
89	13	L
89	14	L
89	15	L
89	16	Lc
89	17	Lc
89	18	Lc
89	19	L
89	20	Lc
89	21	Lc
89	22	Lc
89	23	-1
89	24	-1
89	25	Lc
89	26	Lc
89	27	Lc
89	28	-1
89	29	Lc
89	30	Lc
89	31	-1
89	32	-1
89	33	-1
89	34	Lc
89	35	Lc
89	36	Lc
89	37	Lc
89	38	Lc
89	39	Lc
89	40	Lc
89	41	Lc
89	42	Lc
89	43	Lc
89	44	-1
89	45	L
89	46	L
89	47	Lc
89	48	-1
89	49	-1
89	50	L
89	51	L
89	52	L
89	53	L
89	54	Lc
89	55	L
89	56	Lc
89	57	-1
89	58	L
89	59	Lc
89	60	L
89	61	L
89	62	L
89	63	L
89	64	L
89	65	L
89	66	U
89	67	Lc
89	68	Lc
89	69	Lc
89	70	L
89	71	L
89	72	L
89	73	L
89	74	-1
89	75	Lc
89	76	-1
89	77	L
89	78	-1
89	79	Lc
89	80	Lc
89	81	Lc
89	82	Lc
89	83	Lc
89	84	Lc
89	85	Lc
89	86	-1
89	87	-1
89	88	Lc
89	89	-1
89	90	Lc
89	91	-1
89	92	Lc
89	93	-1
89	94	Lc
89	95	Lc
89	96	Lc
89	97	-1
89	98	Lc
89	99	-1
89	100	Lc
89	101	-1
89	102	Lc
89	103	Lc
89	104	-1
89	105	Lc
89	106	-1
89	107	Lc
89	108	-1
89	109	-1
89	110	Lc
89	111	Uc
89	112	Uc
89	113	Lc
89	114	Lc
89	115	Lc
89	116	Lc
89	117	Lc
89	118	Lc
89	119	Lc
90	0	Lc
90	1	-1
90	2	Lc
90	3	Lc
90	4	Lc
90	5	Lc
90	6	Lc
90	7	-1
90	8	Lc
90	9	L
90	10	Lc
90	11	L
90	12	L
90	13	L
90	14	L
90	15	Lc
90	16	Lc
90	17	Lc
90	18	Lc
90	19	Lc
90	20	-1
90	21	Lc
90	22	Lc
90	23	Lc
90	24	Lc
90	25	Lc
90	26	Lc
90	27	Lc
90	28	Lc
90	29	Lc
90	30	Lc
90	31	-1
90	32	Lc
90	33	Lc
90	34	-1
90	35	Lc
90	36	Lc
90	37	Lc
90	38	Lc
90	39	-1
90	40	Lc
90	41	Lc
90	42	Lc
90	43	-1
90	44	Lc
90	45	Lc
90	46	Lc
90	47	L
90	48	-1
90	49	L
90	50	L
90	51	L
90	52	L
90	53	L
90	54	L
90	55	-1
90	56	Lc
90	57	-1
90	58	-1
90	59	L
90	60	L
90	61	L
90	62	L
90	63	L
90	64	L
90	65	Lc
90	66	L
90	67	Lc
90	68	Lc
90	69	Lc
90	70	Lc
90	71	L
90	72	L
90	73	Lc
90	74	Lc
90	75	Lc
90	76	L
90	77	Lc
90	78	Lc
90	79	Lc
90	80	Lc
90	81	Lc
90	82	Lc
90	83	-1
90	84	Lc
90	85	Lc
90	86	Lc
90	87	Lc
90	88	Lc
90	89	Lc
90	90	Lc
90	91	Lc
90	92	-1
90	93	Lc
90	94	Lc
90	95	Lc
90	96	Lc
90	97	Uc
90	98	-1
90	99	Lc
90	100	Lc
90	101	Lc
90	102	Lc
90	103	Lc
90	104	Lc
90	105	Lc
90	106	Lc
90	107	Lc
90	108	Lc
90	109	Lc
90	110	Lc
90	111	Lc
90	112	-1
90	113	Lc
90	114	-1
90	115	Lc
90	116	Lc
90	117	Lc
90	118	Lc
90	119	Lc
91	0	Lc
91	1	Lc
91	2	-1
91	3	Lc
91	4	Lc
91	5	-1
91	6	Lc
91	7	Lc
91	8	Lc
91	9	Lc
91	10	Lc
91	11	L
91	12	L
91	13	-1
91	14	L
91	15	-1
91	16	L
91	17	-1
91	18	Lc
91	19	-1
91	20	Lc
91	21	Lc
91	22	Lc
91	23	Lc
91	24	Lc
91	25	-1
91	26	Lc
91	27	Lc
91	28	Lc
91	29	Lc
91	30	-1
91	31	Lc
91	32	Lc
91	33	Lc
91	34	Lc
91	35	Lc
91	36	Lc
91	37	Lc
91	38	Lc
91	39	Lc
91	40	Lc
91	41	Lc
91	42	Lc
91	43	Lc
91	44	-1
91	45	Lc
91	46	-1
91	47	L
91	48	Lc
91	49	Lc
91	50	-1
91	51	L
91	52	L
91	53	L
91	54	L
91	55	L
91	56	Lc
91	57	Lc
91	58	L
91	59	L
91	60	L
91	61	L
91	62	L
91	63	L
91	64	Lc
91	65	-1
91	66	-1
91	67	Lc
91	68	Lc
91	69	Lc
91	70	Lc
91	71	L
91	72	L
91	73	Lc
91	74	Lc
91	75	Lc
91	76	L
91	77	-1
91	78	Lc
91	79	L
91	80	Lc
91	81	L
91	82	L
91	83	-1
91	84	Lc
91	85	-1
91	86	Lc
91	87	Lc
91	88	Lc
91	89	Lc
91	90	Lc
91	91	Lc
91	92	Lc
91	93	Lc
91	94	-1
91	95	Lc
91	96	Lc
91	97	Lc
91	98	Lc
91	99	Lc
91	100	Lc
91	101	Lc
91	102	Lc
91	103	Lc
91	104	-1
91	105	Lc
91	106	Lc
91	107	Lc
91	108	Lc
91	109	Lc
91	110	Lc
91	111	Lc
91	112	Lc
91	113	Lc
91	114	-1
91	115	Lc
91	116	Lc
91	117	-1
91	118	-1
91	119	-1
92	0	-1
92	1	Lc
92	2	Lc
92	3	Lc
92	4	Lc
92	5	Lc
92	6	Lc
92	7	-1
92	8	L
92	9	Lc
92	10	Lc
92	11	L
92	12	Lc
92	13	L
92	14	L
92	15	-1
92	16	L
92	17	Lc
92	18	Lc
92	19	-1
92	20	-1
92	21	-1
92	22	-1
92	23	Lc
92	24	Lc
92	25	-1
92	26	Lc
92	27	Lc
92	28	Lc
92	29	Lc
92	30	Lc
92	31	-1
92	32	-1
92	33	Lc
92	34	Lc
92	35	Lc
92	36	Lc
92	37	Lc
92	38	Lc
92	39	-1
92	40	Lc
92	41	Lc
92	42	-1
92	43	Lc
92	44	Lc
92	45	Lc
92	46	Lc
92	47	-1
92	48	L
92	49	Lc
92	50	L
92	51	L
92	52	L
92	53	L
92	54	L
92	55	Lc
92	56	Lc
92	57	-1
92	58	L
92	59	L
92	60	L
92	61	-1
92	62	L
92	63	U
92	64	Lc
92	65	Lc
92	66	Lc
92	67	Lc
92	68	Lc
92	69	Lc
92	70	L
92	71	L
92	72	L
92	73	L
92	74	L
92	75	Lc
92	76	L
92	77	Lc
92	78	Lc
92	79	L
92	80	Lc
92	81	L
92	82	-1
92	83	L
92	84	Lc
92	85	-1
92	86	Lc
92	87	Lc
92	88	Lc
92	89	-1
92	90	L
92	91	Lc
92	92	Lc
92	93	Lc
92	94	Lc
92	95	Lc
92	96	L
92	97	Lc
92	98	-1
92	99	-1
92	100	Lc
92	101	Lc
92	102	Lc
92	103	-1
92	104	Lc
92	105	Lc
92	106	Lc
92	107	Lc
92	108	Lc
92	109	Lc
92	110	Lc
92	111	Lc
92	112	Lc
92	113	-1
92	114	-1
92	115	Lc
92	116	Lc
92	117	-1
92	118	-1
92	119	-1
93	0	-1
93	1	Lc
93	2	-1
93	3	Lc
93	4	Lc
93	5	-1
93	6	Lc
93	7	Lc
93	8	Lc
93	9	-1
93	10	-1
93	11	Lc
93	12	L
93	13	L
93	14	L
93	15	L
93	16	-1
93	17	Lc
93	18	Lc
93	19	Lc
93	20	Lc
93	21	-1
93	22	Lc
93	23	-1
93	24	-1
93	25	Lc
93	26	Lc
93	27	Lc
93	28	Lc
93	29	-1
93	30	Lc
93	31	Lc
93	32	Lc
93	33	Lc
93	34	Lc
93	35	Lc
93	36	-1
93	37	Lc
93	38	Lc
93	39	Lc
93	40	Lc
93	41	Lc
93	42	-1
93	43	Lc
93	44	Lc
93	45	Lc
93	46	Lc
93	47	Lc
93	48	Lc
93	49	Lc
93	50	Lc
93	51	L
93	52	L
93	53	L
93	54	-1
93	55	-1
93	56	Lc
93	57	-1
93	58	Lc
93	59	-1
93	60	L
93	61	L
93	62	U
93	63	Lc
93	64	Lc
93	65	Lc
93	66	-1
93	67	-1
93	68	Lc
93	69	Lc
93	70	Lc
93	71	L
93	72	L
93	73	-1
93	74	L
93	75	Lc
93	76	L
93	77	L
93	78	L
93	79	L
93	80	L
93	81	L
93	82	L
93	83	L
93	84	Lc
93	85	Lc
93	86	Lc
93	87	Lc
93	88	Lc
93	89	Lc
93	90	Lc
93	91	-1
93	92	Lc
93	93	L
93	94	Lc
93	95	Lc
93	96	Lc
93	97	Lc
93	98	Lc
93	99	Lc
93	100	Lc
93	101	Uc
93	102	-1
93	103	-1
93	104	Lc
93	105	Lc
93	106	Lc
93	107	-1
93	108	Lc
93	109	Lc
93	110	-1
93	111	Lc
93	112	Lc
93	113	Lc
93	114	Lc
93	115	Lc
93	116	Lc
93	117	Lc
93	118	Lc
93	119	Lc
94	0	Lc
94	1	-1
94	2	-1
94	3	Lc
94	4	Lc
94	5	Lc
94	6	Lc
94	7	Lc
94	8	L
94	9	-1
94	10	L
94	11	Lc
94	12	L
94	13	Lc
94	14	Lc
94	15	L
94	16	Uc
94	17	Lc
94	18	Lc
94	19	Lc
94	20	Lc
94	21	-1
94	22	-1
94	23	Lc
94	24	Lc
94	25	-1
94	26	Lc
94	27	Lc
94	28	-1
94	29	Lc
94	30	Lc
94	31	L
94	32	Lc
94	33	Lc
94	34	-1
94	35	-1
94	36	Lc
94	37	Lc
94	38	Lc
94	39	-1
94	40	L
94	41	L
94	42	Lc
94	43	Lc
94	44	Lc
94	45	Lc
94	46	Lc
94	47	Lc
94	48	Lc
94	49	Lc
94	50	Lc
94	51	Lc
94	52	-1
94	53	-1
94	54	-1
94	55	-1
94	56	-1
94	57	Lc
94	58	Lc
94	59	L
94	60	L
94	61	L
94	62	Lc
94	63	Lc
94	64	Lc
94	65	-1
94	66	-1
94	67	-1
94	68	Lc
94	69	U
94	70	Lc
94	71	Lc
94	72	L
94	73	L
94	74	L
94	75	L
94	76	L
94	77	L
94	78	L
94	79	U
94	80	L
94	81	L
94	82	L
94	83	L
94	84	Lc
94	85	Lc
94	86	Lc
94	87	Lc
94	88	Lc
94	89	Lc
94	90	Lc
94	91	Lc
94	92	Lc
94	93	L
94	94	Lc
94	95	Lc
94	96	-1
94	97	Lc
94	98	Lc
94	99	Lc
94	100	Lc
94	101	Lc
94	102	Uc
94	103	-1
94	104	Lc
94	105	Lc
94	106	Lc
94	107	Lc
94	108	Lc
94	109	Lc
94	110	-1
94	111	Lc
94	112	Lc
94	113	-1
94	114	Lc
94	115	Lc
94	116	Lc
94	117	Lc
94	118	Lc
94	119	Lc
95	0	-1
95	1	Lc
95	2	-1
95	3	Lc
95	4	Lc
95	5	Lc
95	6	-1
95	7	L
95	8	L
95	9	L
95	10	Lc
95	11	-1
95	12	-1
95	13	L
95	14	Lc
95	15	-1
95	16	-1
95	17	Uc
95	18	L
95	19	Lc
95	20	Lc
95	21	L
95	22	-1
95	23	Lc
95	24	-1
95	25	Lc
95	26	-1
95	27	Lc
95	28	Lc
95	29	Lc
95	30	Lc
95	31	L
95	32	L
95	33	Lc
95	34	L
95	35	L
95	36	Uc
95	37	Lc
95	38	Lc
95	39	L
95	40	L
95	41	Lc
95	42	Lc
95	43	Lc
95	44	Lc
95	45	Lc
95	46	Lc
95	47	Lc
95	48	Lc
95	49	Lc
95	50	Lc
95	51	Lc
95	52	-1
95	53	Lc
95	54	Lc
95	55	Lc
95	56	-1
95	57	Lc
95	58	Lc
95	59	-1
95	60	U
95	61	-1
95	62	Lc
95	63	Lc
95	64	-1
95	65	Lc
95	66	Lc
95	67	Lc
95	68	Lc
95	69	U
95	70	Lc
95	71	Lc
95	72	-1
95	73	L
95	74	-1
95	75	L
95	76	Lc
95	77	-1
95	78	Lc
95	79	U
95	80	-1
95	81	-1
95	82	Lc
95	83	Lc
95	84	Lc
95	85	-1
95	86	Lc
95	87	Uc
95	88	Lc
95	89	L
95	90	L
95	91	Lc
95	92	L
95	93	Lc
95	94	Lc
95	95	Lc
95	96	Lc
95	97	L
95	98	-1
95	99	Lc
95	100	Lc
95	101	-1
95	102	Lc
95	103	-1
95	104	-1
95	105	Lc
95	106	Lc
95	107	Lc
95	108	Lc
95	109	-1
95	110	Lc
95	111	Lc
95	112	Lc
95	113	Lc
95	114	Lc
95	115	Lc
95	116	Lc
95	117	-1
95	118	Lc
95	119	Lc
96	0	Lc
96	1	-1
96	2	Lc
96	3	Lc
96	4	Lc
96	5	Lc
96	6	L
96	7	Lc
96	8	Lc
96	9	L
96	10	-1
96	11	L
96	12	Lc
96	13	Lc
96	14	-1
96	15	L
96	16	L
96	17	-1
96	18	Lc
96	19	Lc
96	20	Lc
96	21	L
96	22	Lc
96	23	Lc
96	24	Lc
96	25	Lc
96	26	Lc
96	27	Lc
96	28	Lc
96	29	Lc
96	30	L
96	31	Lc
96	32	-1
96	33	L
96	34	L
96	35	-1
96	36	L
96	37	L
96	38	Lc
96	39	Lc
96	40	Lc
96	41	Lc
96	42	Lc
96	43	-1
96	44	-1
96	45	-1
96	46	Lc
96	47	-1
96	48	Lc
96	49	-1
96	50	-1
96	51	Lc
96	52	Lc
96	53	Lc
96	54	Lc
96	55	Lc
96	56	Lc
96	57	Lc
96	58	Lc
96	59	-1
96	60	L
96	61	Lc
96	62	L
96	63	Lc
96	64	Lc
96	65	L
96	66	Lc
96	67	Lc
96	68	U
96	69	Lc
96	70	Lc
96	71	Lc
96	72	Lc
96	73	Lc
96	74	L
96	75	L
96	76	L
96	77	L
96	78	L
96	79	L
96	80	-1
96	81	L
96	82	L
96	83	L
96	84	-1
96	85	-1
96	86	Lc
96	87	Lc
96	88	Uc
96	89	-1
96	90	L
96	91	L
96	92	Lc
96	93	L
96	94	L
96	95	Lc
96	96	L
96	97	Lc
96	98	Lc
96	99	Lc
96	100	Lc
96	101	Lc
96	102	Lc
96	103	Lc
96	104	Lc
96	105	Lc
96	106	Lc
96	107	Lc
96	108	-1
96	109	Lc
96	110	Lc
96	111	-1
96	112	Lc
96	113	Lc
96	114	Lc
96	115	Lc
96	116	Lc
96	117	Lc
96	118	Lc
96	119	Lc
97	0	Lc
97	1	Lc
97	2	Lc
97	3	Lc
97	4	Lc
97	5	Lc
97	6	Lc
97	7	Lc
97	8	L
97	9	L
97	10	L
97	11	Lc
97	12	Lc
97	13	Lc
97	14	-1
97	15	Lc
97	16	L
97	17	Lc
97	18	Lc
97	19	Uc
97	20	Lc
97	21	Lc
97	22	L
97	23	Lc
97	24	Lc
97	25	-1
97	26	-1
97	27	Lc
97	28	Lc
97	29	Lc
97	30	Lc
97	31	Lc
97	32	L
97	33	-1
97	34	L
97	35	L
97	36	Uc
97	37	L
97	38	L
97	39	Lc
97	40	-1
97	41	Lc
97	42	Lc
97	43	Lc
97	44	Lc
97	45	Lc
97	46	Lc
97	47	Lc
97	48	-1
97	49	Lc
97	50	Lc
97	51	-1
97	52	-1
97	53	Lc
97	54	Lc
97	55	-1
97	56	Lc
97	57	Lc
97	58	Lc
97	59	L
97	60	L
97	61	Lc
97	62	Lc
97	63	Lc
97	64	L
97	65	-1
97	66	Lc
97	67	U
97	68	-1
97	69	Lc
97	70	Lc
97	71	-1
97	72	Lc
97	73	Lc
97	74	L
97	75	-1
97	76	L
97	77	L
97	78	L
97	79	L
97	80	L
97	81	L
97	82	L
97	83	Lc
97	84	L
97	85	Lc
97	86	Lc
97	87	Uc
97	88	Lc
97	89	Lc
97	90	-1
97	91	L
97	92	L
97	93	L
97	94	Lc
97	95	Lc
97	96	Lc
97	97	Lc
97	98	-1
97	99	Lc
97	100	Lc
97	101	Lc
97	102	Lc
97	103	-1
97	104	Lc
97	105	Lc
97	106	Lc
97	107	Lc
97	108	Lc
97	109	Lc
97	110	Lc
97	111	Lc
97	112	Lc
97	113	Uc
97	114	Lc
97	115	Lc
97	116	Lc
97	117	Lc
97	118	Lc
97	119	Lc
98	0	-1
98	1	Lc
98	2	Lc
98	3	Lc
98	4	Lc
98	5	-1
98	6	-1
98	7	Lc
98	8	Lc
98	9	L
98	10	L
98	11	Lc
98	12	Lc
98	13	Lc
98	14	-1
98	15	Lc
98	16	Uc
98	17	-1
98	18	Lc
98	19	Lc
98	20	Uc
98	21	Lc
98	22	Lc
98	23	Lc
98	24	-1
98	25	Uc
98	26	Uc
98	27	Lc
98	28	-1
98	29	Lc
98	30	Lc
98	31	Lc
98	32	L
98	33	L
98	34	-1
98	35	Lc
98	36	Uc
98	37	-1
98	38	L
98	39	Uc
98	40	Lc
98	41	Lc
98	42	Lc
98	43	-1
98	44	Lc
98	45	Lc
98	46	Lc
98	47	Lc
98	48	Lc
98	49	Lc
98	50	Lc
98	51	-1
98	52	Lc
98	53	Lc
98	54	Lc
98	55	Lc
98	56	-1
98	57	Lc
98	58	L
98	59	L
98	60	-1
98	61	Lc
98	62	Lc
98	63	Lc
98	64	-1
98	65	Lc
98	66	Lc
98	67	L
98	68	L
98	69	-1
98	70	L
98	71	Lc
98	72	Lc
98	73	Lc
98	74	Lc
98	75	L
98	76	L
98	77	Lc
98	78	L
98	79	L
98	80	L
98	81	L
98	82	L
98	83	L
98	84	-1
98	85	Lc
98	86	Lc
98	87	Uc
98	88	-1
98	89	L
98	90	-1
98	91	Lc
98	92	Lc
98	93	Lc
98	94	L
98	95	L
98	96	Lc
98	97	Lc
98	98	-1
98	99	Lc
98	100	-1
98	101	Uc
98	102	Lc
98	103	Lc
98	104	Lc
98	105	Lc
98	106	-1
98	107	Lc
98	108	Lc
98	109	Lc
98	110	Lc
98	111	-1
98	112	Lc
98	113	-1
98	114	Lc
98	115	Lc
98	116	Lc
98	117	-1
98	118	Lc
98	119	Lc
99	0	Lc
99	1	Lc
99	2	Lc
99	3	Lc
99	4	Lc
99	5	Lc
99	6	-1
99	7	Lc
99	8	Lc
99	9	Lc
99	10	Lc
99	11	-1
99	12	Lc
99	13	-1
99	14	Lc
99	15	Lc
99	16	Lc
99	17	Uc
99	18	Lc
99	19	Lc
99	20	Lc
99	21	Lc
99	22	Lc
99	23	-1
99	24	Lc
99	25	Uc
99	26	Lc
99	27	Lc
99	28	Lc
99	29	Lc
99	30	Lc
99	31	Lc
99	32	L
99	33	Lc
99	34	-1
99	35	Lc
99	36	Lc
99	37	Lc
99	38	-1
99	39	Lc
99	40	Uc
99	41	-1
99	42	Uc
99	43	-1
99	44	Lc
99	45	Lc
99	46	Lc
99	47	Lc
99	48	Lc
99	49	Lc
99	50	Lc
99	51	Lc
99	52	Lc
99	53	Lc
99	54	Lc
99	55	Lc
99	56	Lc
99	57	Lc
99	58	L
99	59	-1
99	60	L
99	61	L
99	62	Lc
99	63	Lc
99	64	Lc
99	65	-1
99	66	L
99	67	-1
99	68	-1
99	69	L
99	70	Lc
99	71	L
99	72	Lc
99	73	Lc
99	74	L
99	75	L
99	76	Lc
99	77	L
99	78	Lc
99	79	L
99	80	L
99	81	L
99	82	L
99	83	L
99	84	L
99	85	-1
99	86	Lc
99	87	Lc
99	88	L
99	89	Lc
99	90	-1
99	91	L
99	92	Lc
99	93	L
99	94	L
99	95	L
99	96	-1
99	97	L
99	98	L
99	99	-1
99	100	Lc
99	101	Lc
99	102	Uc
99	103	Lc
99	104	-1
99	105	-1
99	106	Lc
99	107	Lc
99	108	Lc
99	109	Lc
99	110	-1
99	111	Lc
99	112	Lc
99	113	Lc
99	114	Lc
99	115	L
99	116	-1
99	117	-1
99	118	Lc
99	119	Lc
100	0	-1
100	1	Lc
100	2	Lc
100	3	Lc
100	4	Lc
100	5	Lc
100	6	Lc
100	7	Lc
100	8	Lc
100	9	Lc
100	10	Lc
100	11	Lc
100	12	Lc
100	13	Uc
100	14	Uc
100	15	Lc
100	16	-1
100	17	Lc
100	18	Lc
100	19	Lc
100	20	Lc
100	21	Lc
100	22	Lc
100	23	Lc
100	24	Uc
100	25	-1
100	26	Lc
100	27	-1
100	28	Lc
100	29	Lc
100	30	Lc
100	31	Lc
100	32	Lc
100	33	Lc
100	34	-1
100	35	Lc
100	36	Uc
100	37	-1
100	38	Lc
100	39	-1
100	40	-1
100	41	Uc
100	42	Lc
100	43	-1
100	44	Lc
100	45	Lc
100	46	Lc
100	47	Lc
100	48	Lc
100	49	Lc
100	50	Lc
100	51	Lc
100	52	Lc
100	53	Lc
100	54	Lc
100	55	Lc
100	56	Lc
100	57	-1
100	58	Lc
100	59	L
100	60	L
100	61	Lc
100	62	-1
100	63	Lc
100	64	Lc
100	65	L
100	66	-1
100	67	-1
100	68	L
100	69	L
100	70	Lc
100	71	Lc
100	72	Lc
100	73	Lc
100	74	-1
100	75	Lc
100	76	-1
100	77	Lc
100	78	Lc
100	79	L
100	80	L
100	81	L
100	82	L
100	83	L
100	84	-1
100	85	L
100	86	Lc
100	87	-1
100	88	Lc
100	89	Lc
100	90	L
100	91	Uc
100	92	Lc
100	93	Lc
100	94	L
100	95	L
100	96	L
100	97	L
100	98	L
100	99	L
100	100	Lc
100	101	Lc
100	102	Lc
100	103	Lc
100	104	-1
100	105	Lc
100	106	-1
100	107	Lc
100	108	Lc
100	109	Lc
100	110	Lc
100	111	-1
100	112	-1
100	113	Lc
100	114	Lc
100	115	-1
100	116	-1
100	117	L
100	118	Lc
100	119	Lc
101	0	Lc
101	1	Lc
101	2	Lc
101	3	Lc
101	4	Lc
101	5	Lc
101	6	Lc
101	7	Lc
101	8	Lc
101	9	Lc
101	10	Lc
101	11	Lc
101	12	Uc
101	13	Uc
101	14	-1
101	15	Lc
101	16	Lc
101	17	Uc
101	18	-1
101	19	Lc
101	20	Lc
101	21	Lc
101	22	Lc
101	23	-1
101	24	-1
101	25	Uc
101	26	-1
101	27	Lc
101	28	Lc
101	29	Lc
101	30	Lc
101	31	Lc
101	32	Lc
101	33	Lc
101	34	Lc
101	35	-1
101	36	-1
101	37	-1
101	38	Uc
101	39	Uc
101	40	-1
101	41	L
101	42	Uc
101	43	-1
101	44	Lc
101	45	Lc
101	46	Lc
101	47	Lc
101	48	Lc
101	49	Lc
101	50	Lc
101	51	Lc
101	52	Lc
101	53	Lc
101	54	-1
101	55	-1
101	56	Lc
101	57	-1
101	58	Lc
101	59	L
101	60	L
101	61	L
101	62	Lc
101	63	Lc
101	64	Lc
101	65	Lc
101	66	-1
101	67	L
101	68	L
101	69	L
101	70	Lc
101	71	Lc
101	72	Lc
101	73	-1
101	74	Lc
101	75	L
101	76	L
101	77	Lc
101	78	Lc
101	79	-1
101	80	L
101	81	L
101	82	Lc
101	83	Lc
101	84	L
101	85	L
101	86	L
101	87	-1
101	88	Lc
101	89	Lc
101	90	L
101	91	L
101	92	Uc
101	93	Lc
101	94	-1
101	95	L
101	96	-1
101	97	L
101	98	Lc
101	99	L
101	100	-1
101	101	Lc
101	102	Lc
101	103	Lc
101	104	Lc
101	105	Lc
101	106	Lc
101	107	Lc
101	108	-1
101	109	Lc
101	110	Lc
101	111	-1
101	112	Lc
101	113	-1
101	114	-1
101	115	Lc
101	116	L
101	117	Lc
101	118	Lc
101	119	Lc
102	0	Lc
102	1	Lc
102	2	Lc
102	3	Lc
102	4	Lc
102	5	Lc
102	6	-1
102	7	Lc
102	8	Lc
102	9	Uc
102	10	Lc
102	11	Lc
102	12	Lc
102	13	Lc
102	14	Lc
102	15	-1
102	16	Uc
102	17	Uc
102	18	Lc
102	19	Lc
102	20	Lc
102	21	Lc
102	22	Lc
102	23	Lc
102	24	Lc
102	25	Uc
102	26	Uc
102	27	Uc
102	28	Uc
102	29	Lc
102	30	Lc
102	31	Lc
102	32	Lc
102	33	Lc
102	34	Lc
102	35	Lc
102	36	Lc
102	37	Uc
102	38	Uc
102	39	Lc
102	40	L
102	41	Lc
102	42	Lc
102	43	-1
102	44	Lc
102	45	Lc
102	46	Lc
102	47	Lc
102	48	Lc
102	49	-1
102	50	Lc
102	51	-1
102	52	-1
102	53	-1
102	54	Lc
102	55	Lc
102	56	Lc
102	57	-1
102	58	Lc
102	59	L
102	60	-1
102	61	L
102	62	L
102	63	Lc
102	64	Lc
102	65	Lc
102	66	Lc
102	67	L
102	68	L
102	69	L
102	70	Lc
102	71	Lc
102	72	Lc
102	73	-1
102	74	Lc
102	75	-1
102	76	L
102	77	-1
102	78	Lc
102	79	L
102	80	L
102	81	L
102	82	Lc
102	83	Lc
102	84	-1
102	85	Lc
102	86	L
102	87	L
102	88	L
102	89	Lc
102	90	L
102	91	Uc
102	92	L
102	93	L
102	94	-1
102	95	L
102	96	-1
102	97	L
102	98	Lc
102	99	-1
102	100	Lc
102	101	Lc
102	102	Lc
102	103	Lc
102	104	Lc
102	105	Lc
102	106	Lc
102	107	-1
102	108	Lc
102	109	Lc
102	110	Lc
102	111	Lc
102	112	Lc
102	113	L
102	114	L
102	115	-1
102	116	L
102	117	Lc
102	118	Lc
102	119	Lc
103	0	Lc
103	1	-1
103	2	Lc
103	3	Lc
103	4	Lc
103	5	Lc
103	6	Lc
103	7	Lc
103	8	Uc
103	9	Lc
103	10	Lc
103	11	Lc
103	12	-1
103	13	Lc
103	14	Lc
103	15	Lc
103	16	Lc
103	17	-1
103	18	Lc
103	19	Lc
103	20	Lc
103	21	Lc
103	22	Lc
103	23	-1
103	24	Lc
103	25	Lc
103	26	-1
103	27	Uc
103	28	-1
103	29	Uc
103	30	Lc
103	31	Lc
103	32	Lc
103	33	-1
103	34	-1
103	35	-1
103	36	Lc
103	37	-1
103	38	Uc
103	39	Uc
103	40	Uc
103	41	L
103	42	L
103	43	L
103	44	Lc
103	45	-1
103	46	Lc
103	47	Lc
103	48	-1
103	49	Lc
103	50	-1
103	51	-1
103	52	Lc
103	53	Lc
103	54	Lc
103	55	Lc
103	56	Lc
103	57	Lc
103	58	L
103	59	L
103	60	Lc
103	61	L
103	62	Lc
103	63	Lc
103	64	Uc
103	65	Lc
103	66	L
103	67	L
103	68	-1
103	69	L
103	70	Lc
103	71	-1
103	72	L
103	73	Lc
103	74	-1
103	75	L
103	76	Lc
103	77	L
103	78	L
103	79	L
103	80	L
103	81	-1
103	82	Lc
103	83	Lc
103	84	Lc
103	85	-1
103	86	L
103	87	-1
103	88	Lc
103	89	Lc
103	90	-1
103	91	Lc
103	92	L
103	93	L
103	94	L
103	95	L
103	96	L
103	97	L
103	98	Lc
103	99	Uc
103	100	-1
103	101	Lc
103	102	Lc
103	103	Lc
103	104	Lc
103	105	Lc
103	106	-1
103	107	Lc
103	108	Lc
103	109	Lc
103	110	Lc
103	111	Lc
103	112	Lc
103	113	L
103	114	-1
103	115	Lc
103	116	Lc
103	117	Lc
103	118	Lc
103	119	Lc
104	0	Lc
104	1	Lc
104	2	Lc
104	3	Lc
104	4	Lc
104	5	Lc
104	6	Lc
104	7	Lc
104	8	Uc
104	9	Lc
104	10	Lc
104	11	-1
104	12	Lc
104	13	Lc
104	14	-1
104	15	Lc
104	16	Lc
104	17	Lc
104	18	Lc
104	19	Lc
104	20	Lc
104	21	Lc
104	22	Lc
104	23	Lc
104	24	Lc
104	25	Lc
104	26	-1
104	27	-1
104	28	Uc
104	29	Lc
104	30	Lc
104	31	-1
104	32	Lc
104	33	Lc
104	34	Lc
104	35	-1
104	36	Lc
104	37	Lc
104	38	Uc
104	39	-1
104	40	L
104	41	L
104	42	L
104	43	-1
104	44	L
104	45	L
104	46	Lc
104	47	Lc
104	48	Lc
104	49	-1
104	50	Lc
104	51	Lc
104	52	Lc
104	53	Lc
104	54	Lc
104	55	Lc
104	56	-1
104	57	L
104	58	Lc
104	59	Lc
104	60	Lc
104	61	Lc
104	62	Lc
104	63	Lc
104	64	Lc
104	65	-1
104	66	Lc
104	67	Lc
104	68	-1
104	69	Lc
104	70	Lc
104	71	Lc
104	72	-1
104	73	L
104	74	Lc
104	75	L
104	76	L
104	77	L
104	78	L
104	79	L
104	80	L
104	81	L
104	82	L
104	83	Lc
104	84	Lc
104	85	L
104	86	L
104	87	Lc
104	88	Lc
104	89	Lc
104	90	Lc
104	91	L
104	92	Lc
104	93	Lc
104	94	L
104	95	L
104	96	L
104	97	L
104	98	-1
104	99	Uc
104	100	Lc
104	101	-1
104	102	Lc
104	103	Lc
104	104	Lc
104	105	Lc
104	106	Lc
104	107	-1
104	108	Lc
104	109	Lc
104	110	Lc
104	111	Lc
104	112	L
104	113	Lc
104	114	Lc
104	115	Lc
104	116	Lc
104	117	-1
104	118	Lc
104	119	Lc
105	0	Lc
105	1	Lc
105	2	Lc
105	3	Lc
105	4	Lc
105	5	Lc
105	6	Lc
105	7	-1
105	8	Lc
105	9	Lc
105	10	Uc
105	11	Uc
105	12	Lc
105	13	Lc
105	14	Lc
105	15	-1
105	16	Lc
105	17	Lc
105	18	Lc
105	19	Lc
105	20	Lc
105	21	-1
105	22	Lc
105	23	Lc
105	24	Lc
105	25	-1
105	26	Lc
105	27	Uc
105	28	Uc
105	29	Uc
105	30	Lc
105	31	Uc
105	32	Uc
105	33	Lc
105	34	Lc
105	35	Lc
105	36	Lc
105	37	Lc
105	38	Lc
105	39	L
105	40	L
105	41	Lc
105	42	L
105	43	L
105	44	-1
105	45	L
105	46	Lc
105	47	-1
105	48	Lc
105	49	-1
105	50	Lc
105	51	Lc
105	52	-1
105	53	Lc
105	54	Lc
105	55	Lc
105	56	L
105	57	Lc
105	58	Lc
105	59	Lc
105	60	Lc
105	61	Lc
105	62	Lc
105	63	Lc
105	64	Lc
105	65	Lc
105	66	Lc
105	67	-1
105	68	-1
105	69	Lc
105	70	Lc
105	71	Lc
105	72	Lc
105	73	L
105	74	L
105	75	-1
105	76	L
105	77	L
105	78	L
105	79	L
105	80	Lc
105	81	Lc
105	82	Lc
105	83	Lc
105	84	L
105	85	-1
105	86	L
105	87	Lc
105	88	Lc
105	89	-1
105	90	Lc
105	91	Lc
105	92	Lc
105	93	Lc
105	94	L
105	95	L
105	96	-1
105	97	-1
105	98	L
105	99	-1
105	100	-1
105	101	Lc
105	102	Lc
105	103	-1
105	104	-1
105	105	Lc
105	106	L
105	107	Lc
105	108	Lc
105	109	Lc
105	110	Lc
105	111	Lc
105	112	Lc
105	113	Lc
105	114	Lc
105	115	Lc
105	116	Lc
105	117	Lc
105	118	Lc
105	119	Lc
106	0	-1
106	1	Lc
106	2	-1
106	3	Lc
106	4	Lc
106	5	Lc
106	6	-1
106	7	Uc
106	8	Uc
106	9	Lc
106	10	Lc
106	11	Lc
106	12	Lc
106	13	Lc
106	14	Lc
106	15	Lc
106	16	Lc
106	17	Lc
106	18	-1
106	19	Lc
106	20	Lc
106	21	Lc
106	22	Lc
106	23	Lc
106	24	-1
106	25	-1
106	26	Lc
106	27	Lc
106	28	Lc
106	29	Uc
106	30	-1
106	31	Uc
106	32	Lc
106	33	Lc
106	34	Lc
106	35	Lc
106	36	-1
106	37	Lc
106	38	Lc
106	39	Lc
106	40	-1
106	41	-1
106	42	L
106	43	L
106	44	Lc
106	45	Lc
106	46	-1
106	47	Lc
106	48	Lc
106	49	Lc
106	50	Lc
106	51	Lc
106	52	Lc
106	53	Lc
106	54	Lc
106	55	-1
106	56	Lc
106	57	Lc
106	58	Lc
106	59	Lc
106	60	Lc
106	61	Lc
106	62	Lc
106	63	Lc
106	64	-1
106	65	Lc
106	66	Lc
106	67	-1
106	68	Lc
106	69	Lc
106	70	Lc
106	71	-1
106	72	L
106	73	L
106	74	L
106	75	L
106	76	L
106	77	L
106	78	L
106	79	-1
106	80	Lc
106	81	L
106	82	Lc
106	83	Lc
106	84	L
106	85	L
106	86	Lc
106	87	Lc
106	88	Lc
106	89	L
106	90	Lc
106	91	Lc
106	92	Lc
106	93	Lc
106	94	-1
106	95	Lc
106	96	-1
106	97	Lc
106	98	-1
106	99	Lc
106	100	Lc
106	101	-1
106	102	Lc
106	103	Lc
106	104	Lc
106	105	-1
106	106	L
106	107	Lc
106	108	Lc
106	109	Lc
106	110	Lc
106	111	Lc
106	112	Lc
106	113	Lc
106	114	Lc
106	115	-1
106	116	-1
106	117	-1
106	118	Lc
106	119	Lc
107	0	Lc
107	1	Lc
107	2	Lc
107	3	Lc
107	4	Lc
107	5	Lc
107	6	Lc
107	7	Lc
107	8	Lc
107	9	Uc
107	10	Lc
107	11	Lc
107	12	Lc
107	13	Lc
107	14	Lc
107	15	Lc
107	16	-1
107	17	Lc
107	18	-1
107	19	Lc
107	20	Lc
107	21	-1
107	22	Lc
107	23	-1
107	24	Lc
107	25	-1
107	26	-1
107	27	-1
107	28	Lc
107	29	Lc
107	30	Lc
107	31	Lc
107	32	-1
107	33	Lc
107	34	Lc
107	35	Lc
107	36	Lc
107	37	Lc
107	38	-1
107	39	Lc
107	40	Lc
107	41	Lc
107	42	Lc
107	43	Lc
107	44	Lc
107	45	Lc
107	46	Lc
107	47	Lc
107	48	Lc
107	49	Lc
107	50	Lc
107	51	Lc
107	52	Lc
107	53	Lc
107	54	Lc
107	55	Lc
107	56	-1
107	57	Lc
107	58	Lc
107	59	Lc
107	60	Lc
107	61	-1
107	62	Lc
107	63	Lc
107	64	Lc
107	65	Lc
107	66	Lc
107	67	Lc
107	68	-1
107	69	Lc
107	70	Lc
107	71	Lc
107	72	L
107	73	-1
107	74	L
107	75	-1
107	76	L
107	77	L
107	78	L
107	79	L
107	80	L
107	81	L
107	82	-1
107	83	-1
107	84	-1
107	85	L
107	86	Lc
107	87	Lc
107	88	Lc
107	89	L
107	90	Lc
107	91	Lc
107	92	Lc
107	93	Lc
107	94	-1
107	95	Lc
107	96	Lc
107	97	Lc
107	98	Lc
107	99	Lc
107	100	Lc
107	101	Lc
107	102	Lc
107	103	Lc
107	104	Lc
107	105	L
107	106	Lc
107	107	-1
107	108	-1
107	109	Lc
107	110	Lc
107	111	Lc
107	112	Lc
107	113	Lc
107	114	Lc
107	115	Lc
107	116	Lc
107	117	-1
107	118	Lc
107	119	Lc
108	0	-1
108	1	Uc
108	2	Lc
108	3	Lc
108	4	Lc
108	5	Lc
108	6	Lc
108	7	Lc
108	8	Lc
108	9	Lc
108	10	Lc
108	11	-1
108	12	Lc
108	13	Lc
108	14	Lc
108	15	Lc
108	16	Lc
108	17	Lc
108	18	Lc
108	19	Lc
108	20	-1
108	21	Lc
108	22	Lc
108	23	-1
108	24	-1
108	25	-1
108	26	Uc
108	27	Lc
108	28	Lc
108	29	-1
108	30	-1
108	31	Lc
108	32	-1
108	33	Lc
108	34	Lc
108	35	Lc
108	36	Lc
108	37	Lc
108	38	Lc
108	39	Lc
108	40	Lc
108	41	Lc
108	42	Lc
108	43	Lc
108	44	-1
108	45	Lc
108	46	-1
108	47	Lc
108	48	Lc
108	49	Lc
108	50	Lc
108	51	Lc
108	52	Lc
108	53	Lc
108	54	Lc
108	55	Lc
108	56	Lc
108	57	Lc
108	58	Lc
108	59	Lc
108	60	-1
108	61	-1
108	62	Lc
108	63	Lc
108	64	Lc
108	65	Lc
108	66	Lc
108	67	Lc
108	68	Lc
108	69	Lc
108	70	Lc
108	71	-1
108	72	L
108	73	-1
108	74	L
108	75	-1
108	76	L
108	77	-1
108	78	L
108	79	L
108	80	L
108	81	-1
108	82	L
108	83	L
108	84	-1
108	85	L
108	86	Lc
108	87	Lc
108	88	-1
108	89	Lc
108	90	Lc
108	91	L
108	92	Lc
108	93	Lc
108	94	Lc
108	95	Lc
108	96	Lc
108	97	Lc
108	98	-1
108	99	-1
108	100	Lc
108	101	-1
108	102	Lc
108	103	Lc
108	104	Lc
108	105	Lc
108	106	Lc
108	107	Lc
108	108	Lc
108	109	Lc
108	110	-1
108	111	Lc
108	112	Lc
108	113	Lc
108	114	Lc
108	115	Lc
108	116	Lc
108	117	Lc
108	118	Lc
108	119	Lc
109	0	Uc
109	1	-1
109	2	Lc
109	3	-1
109	4	Lc
109	5	-1
109	6	Lc
109	7	Lc
109	8	Lc
109	9	Lc
109	10	-1
109	11	Lc
109	12	Lc
109	13	Lc
109	14	Lc
109	15	Lc
109	16	Lc
109	17	Lc
109	18	Lc
109	19	Lc
109	20	Lc
109	21	Lc
109	22	Lc
109	23	Lc
109	24	-1
109	25	-1
109	26	Lc
109	27	Lc
109	28	Lc
109	29	Lc
109	30	-1
109	31	Lc
109	32	Lc
109	33	Lc
109	34	Lc
109	35	Lc
109	36	Lc
109	37	Lc
109	38	Lc
109	39	Lc
109	40	Lc
109	41	Lc
109	42	Lc
109	43	-1
109	44	-1
109	45	Lc
109	46	Lc
109	47	Lc
109	48	Lc
109	49	-1
109	50	Lc
109	51	-1
109	52	-1
109	53	Lc
109	54	Lc
109	55	Lc
109	56	Lc
109	57	Lc
109	58	Lc
109	59	-1
109	60	-1
109	61	Lc
109	62	-1
109	63	Lc
109	64	Lc
109	65	Lc
109	66	Lc
109	67	Lc
109	68	-1
109	69	Lc
109	70	L
109	71	-1
109	72	L
109	73	L
109	74	L
109	75	-1
109	76	-1
109	77	L
109	78	-1
109	79	L
109	80	L
109	81	L
109	82	L
109	83	L
109	84	L
109	85	L
109	86	L
109	87	Lc
109	88	-1
109	89	Lc
109	90	Lc
109	91	Lc
109	92	Lc
109	93	Lc
109	94	Lc
109	95	Lc
109	96	Lc
109	97	L
109	98	Lc
109	99	Lc
109	100	Lc
109	101	Lc
109	102	Lc
109	103	Lc
109	104	Lc
109	105	Lc
109	106	Lc
109	107	Lc
109	108	Lc
109	109	Lc
109	110	Lc
109	111	L
109	112	-1
109	113	Lc
109	114	-1
109	115	-1
109	116	Lc
109	117	Lc
109	118	-1
109	119	Lc
110	0	-1
110	1	-1
110	2	Lc
110	3	Lc
110	4	Lc
110	5	Lc
110	6	-1
110	7	Lc
110	8	Lc
110	9	Lc
110	10	Lc
110	11	Lc
110	12	Lc
110	13	Lc
110	14	-1
110	15	Lc
110	16	Lc
110	17	-1
110	18	Lc
110	19	Lc
110	20	Lc
110	21	Lc
110	22	Lc
110	23	-1
110	24	Lc
110	25	Lc
110	26	Lc
110	27	Lc
110	28	Lc
110	29	Lc
110	30	Lc
110	31	-1
110	32	Lc
110	33	Lc
110	34	Lc
110	35	-1
110	36	Lc
110	37	Lc
110	38	Lc
110	39	-1
110	40	Lc
110	41	Lc
110	42	Lc
110	43	Lc
110	44	Uc
110	45	Uc
110	46	Lc
110	47	Lc
110	48	Lc
110	49	-1
110	50	Lc
110	51	Lc
110	52	Lc
110	53	Lc
110	54	Lc
110	55	Lc
110	56	Lc
110	57	-1
110	58	Lc
110	59	-1
110	60	Lc
110	61	Lc
110	62	Lc
110	63	Lc
110	64	Lc
110	65	Lc
110	66	L
110	67	Lc
110	68	Lc
110	69	Lc
110	70	L
110	71	L
110	72	Lc
110	73	Lc
110	74	L
110	75	L
110	76	L
110	77	L
110	78	L
110	79	L
110	80	L
110	81	-1
110	82	L
110	83	L
110	84	L
110	85	Lc
110	86	Lc
110	87	Lc
110	88	Lc
110	89	Lc
110	90	Lc
110	91	Lc
110	92	-1
110	93	-1
110	94	Lc
110	95	Lc
110	96	Lc
110	97	L
110	98	L
110	99	Lc
110	100	Lc
110	101	Lc
110	102	-1
110	103	Lc
110	104	Lc
110	105	Lc
110	106	Lc
110	107	Lc
110	108	Lc
110	109	Lc
110	110	-1
110	111	Lc
110	112	Lc
110	113	Lc
110	114	Lc
110	115	Lc
110	116	Lc
110	117	Lc
110	118	Lc
110	119	Lc
111	0	Lc
111	1	-1
111	2	Lc
111	3	Lc
111	4	Lc
111	5	Lc
111	6	Lc
111	7	Lc
111	8	-1
111	9	Lc
111	10	Lc
111	11	Lc
111	12	Lc
111	13	-1
111	14	Lc
111	15	Lc
111	16	Lc
111	17	Lc
111	18	Lc
111	19	-1
111	20	Lc
111	21	-1
111	22	-1
111	23	Lc
111	24	-1
111	25	Lc
111	26	Lc
111	27	Lc
111	28	Lc
111	29	Lc
111	30	Lc
111	31	-1
111	32	Lc
111	33	Lc
111	34	Lc
111	35	Lc
111	36	Lc
111	37	Lc
111	38	Lc
111	39	Lc
111	40	Lc
111	41	-1
111	42	Lc
111	43	Lc
111	44	Lc
111	45	Lc
111	46	Lc
111	47	Lc
111	48	-1
111	49	-1
111	50	Lc
111	51	Lc
111	52	-1
111	53	Uc
111	54	Lc
111	55	Uc
111	56	Lc
111	57	-1
111	58	L
111	59	-1
111	60	Lc
111	61	Lc
111	62	Lc
111	63	Lc
111	64	Lc
111	65	Lc
111	66	Lc
111	67	Lc
111	68	-1
111	69	Lc
111	70	L
111	71	L
111	72	L
111	73	L
111	74	Lc
111	75	-1
111	76	L
111	77	L
111	78	-1
111	79	L
111	80	L
111	81	-1
111	82	U
111	83	L
111	84	L
111	85	Lc
111	86	Lc
111	87	-1
111	88	Lc
111	89	Lc
111	90	Lc
111	91	L
111	92	Lc
111	93	Lc
111	94	Lc
111	95	Lc
111	96	L
111	97	L
111	98	Lc
111	99	Lc
111	100	Lc
111	101	Lc
111	102	-1
111	103	Lc
111	104	L
111	105	-1
111	106	Lc
111	107	Lc
111	108	Lc
111	109	L
111	110	L
111	111	L
111	112	Lc
111	113	Lc
111	114	Lc
111	115	Lc
111	116	Lc
111	117	Lc
111	118	Lc
111	119	Lc
112	0	-1
112	1	Lc
112	2	Lc
112	3	Lc
112	4	Lc
112	5	Lc
112	6	Lc
112	7	-1
112	8	Lc
112	9	Lc
112	10	Lc
112	11	Lc
112	12	Lc
112	13	Lc
112	14	-1
112	15	Lc
112	16	Lc
112	17	Lc
112	18	Lc
112	19	Lc
112	20	Lc
112	21	-1
112	22	Lc
112	23	-1
112	24	-1
112	25	-1
112	26	Lc
112	27	Lc
112	28	L
112	29	L
112	30	-1
112	31	Lc
112	32	Lc
112	33	Lc
112	34	Lc
112	35	Lc
112	36	-1
112	37	Lc
112	38	Lc
112	39	Lc
112	40	Lc
112	41	-1
112	42	Lc
112	43	Lc
112	44	Lc
112	45	Lc
112	46	Lc
112	47	-1
112	48	Lc
112	49	-1
112	50	Lc
112	51	Lc
112	52	Lc
112	53	Uc
112	54	Uc
112	55	-1
112	56	Lc
112	57	L
112	58	L
112	59	-1
112	60	Lc
112	61	Lc
112	62	-1
112	63	-1
112	64	-1
112	65	Lc
112	66	Lc
112	67	Lc
112	68	Lc
112	69	-1
112	70	L
112	71	-1
112	72	L
112	73	L
112	74	-1
112	75	L
112	76	L
112	77	L
112	78	L
112	79	L
112	80	-1
112	81	-1
112	82	L
112	83	U
112	84	Uc
112	85	L
112	86	L
112	87	L
112	88	Uc
112	89	L
112	90	Lc
112	91	Lc
112	92	L
112	93	Lc
112	94	Lc
112	95	Lc
112	96	L
112	97	L
112	98	Lc
112	99	Lc
112	100	Lc
112	101	Lc
112	102	-1
112	103	-1
112	104	L
112	105	-1
112	106	Lc
112	107	Lc
112	108	Lc
112	109	L
112	110	-1
112	111	Lc
112	112	Lc
112	113	Uc
112	114	Lc
112	115	Lc
112	116	Lc
112	117	Lc
112	118	Lc
112	119	Lc
113	0	Lc
113	1	-1
113	2	Lc
113	3	Lc
113	4	Lc
113	5	Lc
113	6	Lc
113	7	Lc
113	8	-1
113	9	Lc
113	10	Lc
113	11	Lc
113	12	Lc
113	13	Lc
113	14	Lc
113	15	Lc
113	16	Lc
113	17	-1
113	18	Lc
113	19	Lc
113	20	Lc
113	21	L
113	22	L
113	23	L
113	24	L
113	25	-1
113	26	L
113	27	Lc
113	28	-1
113	29	L
113	30	L
113	31	L
113	32	L
113	33	-1
113	34	-1
113	35	Uc
113	36	Lc
113	37	L
113	38	Lc
113	39	L
113	40	L
113	41	Lc
113	42	Lc
113	43	-1
113	44	Lc
113	45	Lc
113	46	Lc
113	47	Lc
113	48	Lc
113	49	Lc
113	50	Lc
113	51	Uc
113	52	Uc
113	53	-1
113	54	Uc
113	55	Lc
113	56	Lc
113	57	L
113	58	Lc
113	59	Lc
113	60	Lc
113	61	Lc
113	62	Lc
113	63	Lc
113	64	-1
113	65	Lc
113	66	Lc
113	67	Lc
113	68	Lc
113	69	Lc
113	70	Lc
113	71	L
113	72	L
113	73	L
113	74	L
113	75	L
113	76	-1
113	77	L
113	78	L
113	79	L
113	80	-1
113	81	-1
113	82	L
113	83	L
113	84	U
113	85	Uc
113	86	Lc
113	87	-1
113	88	Uc
113	89	Lc
113	90	L
113	91	L
113	92	Lc
113	93	L
113	94	Lc
113	95	Lc
113	96	-1
113	97	-1
113	98	L
113	99	-1
113	100	-1
113	101	L
113	102	L
113	103	L
113	104	-1
113	105	L
113	106	Lc
113	107	Lc
113	108	-1
113	109	L
113	110	-1
113	111	Lc
113	112	-1
113	113	Lc
113	114	Lc
113	115	Lc
113	116	Lc
113	117	Lc
113	118	Lc
113	119	Lc
114	0	-1
114	1	Lc
114	2	Lc
114	3	Lc
114	4	-1
114	5	-1
114	6	Lc
114	7	-1
114	8	-1
114	9	-1
114	10	Lc
114	11	Lc
114	12	Lc
114	13	-1
114	14	Lc
114	15	Lc
114	16	Lc
114	17	Lc
114	18	Lc
114	19	Lc
114	20	Lc
114	21	Lc
114	22	L
114	23	L
114	24	L
114	25	L
114	26	Lc
114	27	Lc
114	28	-1
114	29	L
114	30	L
114	31	L
114	32	L
114	33	-1
114	34	Uc
114	35	L
114	36	Lc
114	37	L
114	38	L
114	39	L
114	40	-1
114	41	L
114	42	-1
114	43	Lc
114	44	Lc
114	45	Lc
114	46	Lc
114	47	-1
114	48	Lc
114	49	Lc
114	50	Lc
114	51	Lc
114	52	-1
114	53	-1
114	54	Lc
114	55	Lc
114	56	Lc
114	57	Lc
114	58	Lc
114	59	Lc
114	60	Lc
114	61	Lc
114	62	Lc
114	63	Lc
114	64	-1
114	65	Lc
114	66	Lc
114	67	Lc
114	68	Lc
114	69	-1
114	70	L
114	71	Lc
114	72	L
114	73	L
114	74	Lc
114	75	L
114	76	-1
114	77	L
114	78	L
114	79	L
114	80	L
114	81	L
114	82	L
114	83	L
114	84	U
114	85	U
114	86	Lc
114	87	Lc
114	88	-1
114	89	L
114	90	L
114	91	-1
114	92	L
114	93	-1
114	94	Lc
114	95	Lc
114	96	Lc
114	97	L
114	98	L
114	99	Lc
114	100	U
114	101	-1
114	102	L
114	103	L
114	104	L
114	105	L
114	106	Lc
114	107	-1
114	108	-1
114	109	-1
114	110	L
114	111	L
114	112	Lc
114	113	Lc
114	114	Lc
114	115	Lc
114	116	Lc
114	117	Lc
114	118	Lc
114	119	Lc
115	0	Lc
115	1	Lc
115	2	Lc
115	3	Lc
115	4	Lc
115	5	-1
115	6	-1
115	7	Lc
115	8	-1
115	9	Lc
115	10	Lc
115	11	Lc
115	12	Lc
115	13	Lc
115	14	Lc
115	15	Lc
115	16	Lc
115	17	Lc
115	18	Lc
115	19	Lc
115	20	Lc
115	21	L
115	22	L
115	23	L
115	24	L
115	25	-1
115	26	L
115	27	L
115	28	-1
115	29	L
115	30	L
115	31	L
115	32	Uc
115	33	-1
115	34	-1
115	35	Lc
115	36	L
115	37	Lc
115	38	L
115	39	Lc
115	40	Lc
115	41	Lc
115	42	Lc
115	43	-1
115	44	-1
115	45	Lc
115	46	Lc
115	47	Lc
115	48	Lc
115	49	-1
115	50	Lc
115	51	Lc
115	52	Lc
115	53	Lc
115	54	Lc
115	55	Lc
115	56	-1
115	57	Lc
115	58	Lc
115	59	Lc
115	60	Lc
115	61	Lc
115	62	-1
115	63	Lc
115	64	Lc
115	65	Lc
115	66	Lc
115	67	Lc
115	68	Lc
115	69	Lc
115	70	Lc
115	71	Lc
115	72	Lc
115	73	Lc
115	74	-1
115	75	L
115	76	L
115	77	-1
115	78	L
115	79	-1
115	80	-1
115	81	L
115	82	L
115	83	L
115	84	Uc
115	85	Lc
115	86	Lc
115	87	L
115	88	Lc
115	89	Lc
115	90	Lc
115	91	L
115	92	L
115	93	L
115	94	Lc
115	95	-1
115	96	Lc
115	97	L
115	98	-1
115	99	Lc
115	100	Lc
115	101	L
115	102	L
115	103	-1
115	104	-1
115	105	-1
115	106	Lc
115	107	Lc
115	108	Lc
115	109	L
115	110	L
115	111	L
115	112	-1
115	113	Lc
115	114	Lc
115	115	-1
115	116	Lc
115	117	Lc
115	118	Lc
115	119	Lc
116	0	L
116	1	-1
116	2	L
116	3	L
116	4	L
116	5	L
116	6	L
116	7	Lc
116	8	Lc
116	9	Lc
116	10	Lc
116	11	Lc
116	12	Lc
116	13	Lc
116	14	-1
116	15	Lc
116	16	Lc
116	17	Lc
116	18	Lc
116	19	Lc
116	20	Lc
116	21	Lc
116	22	-1
116	23	Lc
116	24	-1
116	25	L
116	26	L
116	27	-1
116	28	L
116	29	L
116	30	Lc
116	31	L
116	32	L
116	33	Lc
116	34	Lc
116	35	Lc
116	36	-1
116	37	L
116	38	L
116	39	L
116	40	Lc
116	41	-1
116	42	Lc
116	43	Lc
116	44	Lc
116	45	Lc
116	46	Lc
116	47	-1
116	48	Lc
116	49	Lc
116	50	Lc
116	51	Lc
116	52	Lc
116	53	Lc
116	54	Lc
116	55	-1
116	56	Lc
116	57	-1
116	58	Lc
116	59	Lc
116	60	Lc
116	61	Lc
116	62	Lc
116	63	Lc
116	64	Lc
116	65	L
116	66	Lc
116	67	-1
116	68	-1
116	69	Lc
116	70	Lc
116	71	Lc
116	72	Lc
116	73	L
116	74	L
116	75	L
116	76	L
116	77	L
116	78	L
116	79	L
116	80	-1
116	81	L
116	82	L
116	83	-1
116	84	L
116	85	-1
116	86	L
116	87	Lc
116	88	L
116	89	Lc
116	90	Lc
116	91	Lc
116	92	-1
116	93	L
116	94	-1
116	95	L
116	96	Lc
116	97	Lc
116	98	Lc
116	99	Lc
116	100	Lc
116	101	Lc
116	102	L
116	103	L
116	104	L
116	105	L
116	106	Lc
116	107	Lc
116	108	-1
116	109	L
116	110	L
116	111	L
116	112	L
116	113	L
116	114	L
116	115	Lc
116	116	Lc
116	117	-1
116	118	L
116	119	-1
117	0	Lc
117	1	L
117	2	L
117	3	L
117	4	L
117	5	L
117	6	L
117	7	Lc
117	8	Lc
117	9	Lc
117	10	-1
117	11	-1
117	12	Lc
117	13	Lc
117	14	-1
117	15	-1
117	16	Lc
117	17	Lc
117	18	Lc
117	19	Lc
117	20	Lc
117	21	Lc
117	22	Lc
117	23	Lc
117	24	Lc
117	25	L
117	26	-1
117	27	L
117	28	L
117	29	L
117	30	-1
117	31	L
117	32	L
117	33	Lc
117	34	Lc
117	35	Lc
117	36	L
117	37	L
117	38	L
117	39	-1
117	40	L
117	41	-1
117	42	L
117	43	Lc
117	44	Lc
117	45	Lc
117	46	Lc
117	47	Lc
117	48	Lc
117	49	-1
117	50	L
117	51	Lc
117	52	-1
117	53	Lc
117	54	Lc
117	55	-1
117	56	-1
117	57	Lc
117	58	Lc
117	59	Lc
117	60	Lc
117	61	Lc
117	62	Lc
117	63	Lc
117	64	Lc
117	65	Lc
117	66	-1
117	67	Lc
117	68	Lc
117	69	Lc
117	70	Lc
117	71	Lc
117	72	Lc
117	73	-1
117	74	L
117	75	L
117	76	L
117	77	L
117	78	L
117	79	L
117	80	L
117	81	L
117	82	L
117	83	L
117	84	L
117	85	L
117	86	Uc
117	87	Uc
117	88	-1
117	89	-1
117	90	Lc
117	91	Lc
117	92	-1
117	93	Lc
117	94	Lc
117	95	-1
117	96	L
117	97	Lc
117	98	L
117	99	Lc
117	100	Lc
117	101	Lc
117	102	Lc
117	103	L
117	104	Lc
117	105	Lc
117	106	Lc
117	107	Lc
117	108	Lc
117	109	Lc
117	110	L
117	111	L
117	112	L
117	113	L
117	114	L
117	115	Lc
117	116	-1
117	117	Lc
117	118	L
117	119	L
118	0	L
118	1	-1
118	2	L
118	3	Lc
118	4	Lc
118	5	L
118	6	Lc
118	7	-1
118	8	Lc
118	9	Lc
118	10	Lc
118	11	-1
118	12	Lc
118	13	Lc
118	14	Lc
118	15	Lc
118	16	Lc
118	17	-1
118	18	Lc
118	19	Lc
118	20	-1
118	21	Lc
118	22	Lc
118	23	Lc
118	24	L
118	25	L
118	26	L
118	27	L
118	28	Lc
118	29	Lc
118	30	Lc
118	31	Lc
118	32	Lc
118	33	Lc
118	34	Lc
118	35	L
118	36	-1
118	37	L
118	38	Lc
118	39	Lc
118	40	L
118	41	-1
118	42	L
118	43	Lc
118	44	Lc
118	45	Lc
118	46	Lc
118	47	Lc
118	48	Lc
118	49	-1
118	50	Lc
118	51	L
118	52	Lc
118	53	Lc
118	54	Lc
118	55	Lc
118	56	Lc
118	57	Lc
118	58	Lc
118	59	Lc
118	60	Lc
118	61	Lc
118	62	-1
118	63	Lc
118	64	Lc
118	65	Lc
118	66	-1
118	67	Lc
118	68	Lc
118	69	Lc
118	70	Lc
118	71	Lc
118	72	Lc
118	73	L
118	74	L
118	75	L
118	76	-1
118	77	L
118	78	L
118	79	L
118	80	-1
118	81	-1
118	82	L
118	83	L
118	84	-1
118	85	Uc
118	86	Uc
118	87	L
118	88	L
118	89	Lc
118	90	Lc
118	91	Lc
118	92	Lc
118	93	Lc
118	94	-1
118	95	Lc
118	96	Lc
118	97	Lc
118	98	Lc
118	99	Lc
118	100	Lc
118	101	Lc
118	102	Lc
118	103	L
118	104	-1
118	105	-1
118	106	Lc
118	107	Lc
118	108	Lc
118	109	Lc
118	110	Lc
118	111	-1
118	112	-1
118	113	L
118	114	Lc
118	115	Lc
118	116	Lc
118	117	Lc
118	118	-1
118	119	Lc
119	0	Lc
119	1	Lc
119	2	Lc
119	3	L
119	4	L
119	5	Lc
119	6	Lc
119	7	-1
119	8	Lc
119	9	-1
119	10	-1
119	11	Lc
119	12	Lc
119	13	Lc
119	14	Lc
119	15	Lc
119	16	Lc
119	17	-1
119	18	Lc
119	19	Lc
119	20	Lc
119	21	Lc
119	22	-1
119	23	Lc
119	24	Lc
119	25	-1
119	26	L
119	27	Lc
119	28	Lc
119	29	Lc
119	30	Lc
119	31	Lc
119	32	Lc
119	33	Lc
119	34	Lc
119	35	L
119	36	-1
119	37	-1
119	38	Lc
119	39	U
119	40	Lc
119	41	Lc
119	42	Lc
119	43	Lc
119	44	Lc
119	45	Lc
119	46	-1
119	47	-1
119	48	L
119	49	L
119	50	Lc
119	51	Lc
119	52	Lc
119	53	Lc
119	54	Lc
119	55	Lc
119	56	-1
119	57	Lc
119	58	L
119	59	Lc
119	60	Lc
119	61	Lc
119	62	Lc
119	63	Lc
119	64	Lc
119	65	Lc
119	66	Lc
119	67	Lc
119	68	Lc
119	69	-1
119	70	Lc
119	71	Lc
119	72	Lc
119	73	L
119	74	L
119	75	L
119	76	L
119	77	L
119	78	L
119	79	L
119	80	L
119	81	L
119	82	Uc
119	83	Uc
119	84	L
119	85	L
119	86	Uc
119	87	Lc
119	88	Lc
119	89	Lc
119	90	Lc
119	91	Lc
119	92	Lc
119	93	Lc
119	94	Lc
119	95	Lc
119	96	Lc
119	97	Lc
119	98	Lc
119	99	Lc
119	100	Lc
119	101	Lc
119	102	Lc
119	103	Lc
119	104	Lc
119	105	Lc
119	106	L
119	107	Lc
119	108	Lc
119	109	L
119	110	-1
119	111	L
119	112	Lc
119	113	Lc
119	114	L
119	115	-1
119	116	L
119	117	L
119	118	Lc
119	119	Lc
