0	0	Lp
0	1	L
0	2	Lp
0	3	L
0	4	L
0	5	L
0	6	Lp
0	7	Lp
0	8	Lp
0	9	Lp
0	10	Lp
0	11	-1
0	12	Lp
0	13	Lp
0	14	Lp
0	15	Lp
0	16	Lp
0	17	Lp
0	18	L
0	19	L
0	20	-1
0	21	Lp
0	22	Lp
0	23	Lp
0	24	L
0	25	Lp
0	26	Lp
0	27	Lp
0	28	Lp
0	29	-1
0	30	Lp
0	31	Lp
0	32	Lp
0	33	Lp
0	34	Lp
0	35	Lp
0	36	Lp
0	37	Lp
0	38	-1
0	39	Lp
0	40	Lp
0	41	Lp
0	42	-1
0	43	Lp
0	44	Lp
0	45	Lp
0	46	Lp
0	47	Lp
0	48	Lp
0	49	U
0	50	Lp
0	51	Lp
0	52	L
0	53	L
0	54	L
0	55	L
0	56	Lp
0	57	-1
0	58	-1
0	59	-1
0	60	Lp
0	61	Lp
0	62	-1
0	63	Lp
0	64	Lp
0	65	L
0	66	Lp
0	67	Lp
0	68	Lp
0	69	Lp
0	70	Lp
0	71	L
0	72	L
0	73	L
0	74	L
0	75	L
0	76	L
0	77	L
0	78	L
0	79	L
0	80	L
0	81	-1
0	82	Lp
0	83	Lp
0	84	-1
0	85	Lp
0	86	U
0	87	Lp
0	88	Lp
0	89	Lp
0	90	Lp
0	91	Lp
0	92	Lp
0	93	Lp
0	94	Lp
0	95	Lp
0	96	-1
0	97	Lp
0	98	Lp
0	99	Lp
0	100	Lp
0	101	Lp
0	102	Lp
0	103	Lp
0	104	Lp
0	105	Lp
0	106	Lp
0	107	Lp
0	108	Lp
0	109	Lp
0	110	-1
0	111	Lp
0	112	Lp
0	113	Lp
0	114	Lp
0	115	Lp
0	116	Lp
0	117	Lp
0	118	Lp
0	119	-1
1	0	Lp
1	1	Lp
1	2	Lp
1	3	U
1	4	L
1	5	L
1	6	Lp
1	7	Lp
1	8	L
1	9	Lp
1	10	Lp
1	11	Lp
1	12	Lp
1	13	Lp
1	14	Lp
1	15	L
1	16	Lp
1	17	L
1	18	L
1	19	L
1	20	L
1	21	-1
1	22	-1
1	23	L
1	24	Lp
1	25	L
1	26	-1
1	27	Lp
1	28	Lp
1	29	Lp
1	30	Lp
1	31	Lp
1	32	Lp
1	33	Lp
1	34	Lp
1	35	Lp
1	36	Lp
1	37	Lp
1	38	Lp
1	39	Lp
1	40	Lp
1	41	Lp
1	42	Lp
1	43	Lp
1	44	-1
1	45	-1
1	46	Lp
1	47	Lp
1	48	Lp
1	49	Lp
1	50	Lp
1	51	Lp
1	52	Lp
1	53	Lp
1	54	L
1	55	-1
1	56	Lp
1	57	Lp
1	58	Lp
1	59	Lp
1	60	Lp
1	61	Lp
1	62	Lp
1	63	Lp
1	64	Lp
1	65	Lp
1	66	Lp
1	67	Lp
1	68	Lp
1	69	Lp
1	70	Lp
1	71	Lp
1	72	L
1	73	L
1	74	L
1	75	L
1	76	L
1	77	L
1	78	L
1	79	L
1	80	L
1	81	L
1	82	L
1	83	Lp
1	84	Lp
1	85	Lp
1	86	-1
1	87	Lp
1	88	L
1	89	-1
1	90	Lp
1	91	Lp
1	92	Lp
1	93	Lp
1	94	Lp
1	95	-1
1	96	Lp
1	97	Lp
1	98	Lp
1	99	Lp
1	100	Lp
1	101	Lp
1	102	Lp
1	103	Lp
1	104	Lp
1	105	Lp
1	106	-1
1	107	Lp
1	108	Lp
1	109	L
1	110	L
1	111	L
1	112	Lp
1	113	Lp
1	114	Lp
1	115	Lp
1	116	U
1	117	Lp
1	118	Lp
1	119	Lp
2	0	-1
2	1	Lp
2	2	-1
2	3	-1
2	4	Lp
2	5	L
2	6	Lp
2	7	Lp
2	8	Lp
2	9	L
2	10	Lp
2	11	Lp
2	12	Lp
2	13	Lp
2	14	L
2	15	L
2	16	L
2	17	L
2	18	L
2	19	L
2	20	L
2	21	L
2	22	-1
2	23	L
2	24	L
2	25	Lp
2	26	Lp
2	27	Lp
2	28	Lp
2	29	Lp
2	30	Lp
2	31	Lp
2	32	Lp
2	33	L
2	34	Lp
2	35	Lp
2	36	Lp
2	37	Lp
2	38	Lp
2	39	Lp
2	40	Lp
2	41	Lp
2	42	Lp
2	43	-1
2	44	Lp
2	45	Lp
2	46	Lp
2	47	Lp
2	48	Lp
2	49	Lp
2	50	Lp
2	51	-1
2	52	Lp
2	53	Lp
2	54	Lp
2	55	Lp
2	56	Lp
2	57	Lp
2	58	Lp
2	59	Lp
2	60	Lp
2	61	Lp
2	62	U
2	63	Lp
2	64	Lp
2	65	Lp
2	66	Lp
2	67	-1
2	68	Lp
2	69	Lp
2	70	Lp
2	71	L
2	72	L
2	73	L
2	74	L
2	75	L
2	76	-1
2	77	L
2	78	Lp
2	79	L
2	80	L
2	81	U
2	82	L
2	83	Lp
2	84	Lp
2	85	Lp
2	86	Lp
2	87	L
2	88	L
2	89	L
2	90	L
2	91	Lp
2	92	Lp
2	93	Lp
2	94	Lp
2	95	Lp
2	96	Lp
2	97	Lp
2	98	Lp
2	99	Lp
2	100	Lp
2	101	Lp
2	102	Lp
2	103	Lp
2	104	Lp
2	105	Lp
2	106	Lp
2	107	Lp
2	108	L
2	109	L
2	110	Lp
2	111	L
2	112	Lp
2	113	Lp
2	114	Lp
2	115	-1
2	116	Lp
2	117	-1
2	118	Lp
2	119	Lp
3	0	Lp
3	1	Lp
3	2	Lp
3	3	-1
3	4	Lp
3	5	Lp
3	6	L
3	7	L
3	8	L
3	9	Lp
3	10	Lp
3	11	Lp
3	12	-1
3	13	Lp
3	14	L
3	15	L
3	16	-1
3	17	L
3	18	L
3	19	L
3	20	-1
3	21	L
3	22	L
3	23	L
3	24	-1
3	25	Lp
3	26	Lp
3	27	Lp
3	28	-1
3	29	Lp
3	30	Lp
3	31	Lp
3	32	Lp
3	33	Lp
3	34	L
3	35	Lp
3	36	Lp
3	37	Lp
3	38	Lp
3	39	-1
3	40	Lp
3	41	Lp
3	42	-1
3	43	Lp
3	44	Lp
3	45	Lp
3	46	Lp
3	47	Lp
3	48	-1
3	49	Lp
3	50	Lp
3	51	Lp
3	52	Lp
3	53	Lp
3	54	Lp
3	55	U
3	56	Lp
3	57	L
3	58	L
3	59	L
3	60	Lp
3	61	U
3	62	Lp
3	63	Lp
3	64	Lp
3	65	Lp
3	66	-1
3	67	Lp
3	68	Lp
3	69	-1
3	70	L
3	71	L
3	72	-1
3	73	L
3	74	L
3	75	L
3	76	L
3	77	Lp
3	78	L
3	79	L
3	80	L
3	81	-1
3	82	U
3	83	U
3	84	Lp
3	85	Lp
3	86	Lp
3	87	Lp
3	88	L
3	89	-1
3	90	L
3	91	Lp
3	92	Lp
3	93	Lp
3	94	Lp
3	95	Lp
3	96	Lp
3	97	Lp
3	98	Lp
3	99	Lp
3	100	Lp
3	101	Lp
3	102	Lp
3	103	Lp
3	104	Lp
3	105	Lp
3	106	-1
3	107	-1
3	108	L
3	109	Lp
3	110	-1
3	111	-1
3	112	Lp
3	113	Lp
3	114	Lp
3	115	-1
3	116	Lp
3	117	Lp
3	118	Lp
3	119	Lp
4	0	Lp
4	1	Lp
4	2	Lp
4	3	Lp
4	4	Lp
4	5	Lp
4	6	Lp
4	7	L
4	8	L
4	9	Lp
4	10	L
4	11	Lp
4	12	-1
4	13	-1
4	14	Lp
4	15	Lp
4	16	Lp
4	17	L
4	18	L
4	19	L
4	20	L
4	21	Lp
4	22	L
4	23	-1
4	24	Lp
4	25	Lp
4	26	Lp
4	27	Lp
4	28	Lp
4	29	Lp
4	30	Lp
4	31	Lp
4	32	Lp
4	33	Lp
4	34	Lp
4	35	L
4	36	Lp
4	37	Lp
4	38	Lp
4	39	Lp
4	40	Lp
4	41	Lp
4	42	Lp
4	43	Lp
4	44	Lp
4	45	Lp
4	46	Lp
4	47	U
4	48	Lp
4	49	Lp
4	50	Lp
4	51	Lp
4	52	Lp
4	53	Lp
4	54	Lp
4	55	U
4	56	Lp
4	57	-1
4	58	Lp
4	59	L
4	60	Lp
4	61	U
4	62	U
4	63	Lp
4	64	Lp
4	65	Lp
4	66	-1
4	67	-1
4	68	-1
4	69	L
4	70	L
4	71	Lp
4	72	Lp
4	73	L
4	74	Lp
4	75	U
4	76	L
4	77	Lp
4	78	L
4	79	L
4	80	L
4	81	L
4	82	Lp
4	83	Lp
4	84	Lp
4	85	Lp
4	86	U
4	87	L
4	88	-1
4	89	-1
4	90	L
4	91	-1
4	92	Lp
4	93	Lp
4	94	Lp
4	95	Lp
4	96	Lp
4	97	Lp
4	98	Lp
4	99	Lp
4	100	Lp
4	101	Lp
4	102	Lp
4	103	-1
4	104	Lp
4	105	Lp
4	106	Lp
4	107	L
4	108	Lp
4	109	Lp
4	110	Lp
4	111	-1
4	112	Lp
4	113	Lp
4	114	Lp
4	115	Lp
4	116	Lp
4	117	Lp
4	118	Lp
4	119	Lp
5	0	Lp
5	1	Lp
5	2	Lp
5	3	Lp
5	4	Lp
5	5	Lp
5	6	L
5	7	L
5	8	-1
5	9	L
5	10	L
5	11	L
5	12	Lp
5	13	Lp
5	14	-1
5	15	Lp
5	16	Lp
5	17	-1
5	18	L
5	19	U
5	20	L
5	21	-1
5	22	Lp
5	23	Lp
5	24	-1
5	25	Lp
5	26	Lp
5	27	Lp
5	28	Lp
5	29	Lp
5	30	Lp
5	31	Lp
5	32	Lp
5	33	Lp
5	34	Lp
5	35	Lp
5	36	Lp
5	37	L
5	38	L
5	39	Lp
5	40	U
5	41	L
5	42	Lp
5	43	Lp
5	44	Lp
5	45	-1
5	46	Lp
5	47	Lp
5	48	Lp
5	49	Lp
5	50	-1
5	51	Lp
5	52	Lp
5	53	Lp
5	54	Lp
5	55	Lp
5	56	Lp
5	57	-1
5	58	Lp
5	59	Lp
5	60	Lp
5	61	-1
5	62	Lp
5	63	Lp
5	64	Lp
5	65	-1
5	66	Lp
5	67	-1
5	68	L
5	69	Lp
5	70	Lp
5	71	L
5	72	Lp
5	73	Lp
5	74	-1
5	75	L
5	76	L
5	77	-1
5	78	Lp
5	79	-1
5	80	Lp
5	81	Lp
5	82	L
5	83	Lp
5	84	Lp
5	85	Lp
5	86	L
5	87	L
5	88	Lp
5	89	Lp
5	90	Lp
5	91	Lp
5	92	Lp
5	93	Lp
5	94	Lp
5	95	Lp
5	96	Lp
5	97	Lp
5	98	Lp
5	99	Lp
5	100	Lp
5	101	Lp
5	102	Lp
5	103	L
5	104	-1
5	105	L
5	106	Lp
5	107	L
5	108	L
5	109	-1
5	110	Lp
5	111	Lp
5	112	Lp
5	113	Lp
5	114	Lp
5	115	Lp
5	116	Lp
5	117	Lp
5	118	Lp
5	119	Lp
6	0	Lp
6	1	Lp
6	2	Lp
6	3	-1
6	4	Lp
6	5	L
6	6	-1
6	7	L
6	8	L
6	9	L
6	10	L
6	11	L
6	12	L
6	13	Lp
6	14	Lp
6	15	Lp
6	16	Lp
6	17	Lp
6	18	U
6	19	Lp
6	20	Lp
6	21	Lp
6	22	Lp
6	23	-1
6	24	L
6	25	Lp
6	26	Lp
6	27	-1
6	28	Lp
6	29	Lp
6	30	Lp
6	31	Lp
6	32	Lp
6	33	Lp
6	34	Lp
6	35	Lp
6	36	Lp
6	37	Lp
6	38	-1
6	39	Lp
6	40	Lp
6	41	U
6	42	L
6	43	-1
6	44	Lp
6	45	Lp
6	46	Lp
6	47	Lp
6	48	Lp
6	49	U
6	50	Lp
6	51	Lp
6	52	Lp
6	53	Lp
6	54	Lp
6	55	Lp
6	56	Lp
6	57	-1
6	58	Lp
6	59	Lp
6	60	Lp
6	61	Lp
6	62	Lp
6	63	Lp
6	64	Lp
6	65	Lp
6	66	Lp
6	67	Lp
6	68	L
6	69	Lp
6	70	Lp
6	71	Lp
6	72	Lp
6	73	L
6	74	L
6	75	L
6	76	-1
6	77	L
6	78	L
6	79	Lp
6	80	-1
6	81	Lp
6	82	-1
6	83	L
6	84	U
6	85	L
6	86	L
6	87	Lp
6	88	-1
6	89	Lp
6	90	Lp
6	91	Lp
6	92	Lp
6	93	Lp
6	94	Lp
6	95	Lp
6	96	Lp
6	97	Lp
6	98	L
6	99	Lp
6	100	Lp
6	101	Lp
6	102	L
6	103	L
6	104	Lp
6	105	L
6	106	L
6	107	L
6	108	L
6	109	L
6	110	Lp
6	111	Lp
6	112	Lp
6	113	Lp
6	114	-1
6	115	Lp
6	116	Lp
6	117	Lp
6	118	Lp
6	119	-1
7	0	Lp
7	1	Lp
7	2	Lp
7	3	Lp
7	4	L
7	5	L
7	6	Lp
7	7	Lp
7	8	Lp
7	9	Lp
7	10	-1
7	11	Lp
7	12	L
7	13	Lp
7	14	Lp
7	15	Lp
7	16	Lp
7	17	Lp
7	18	Lp
7	19	Lp
7	20	U
7	21	-1
7	22	Lp
7	23	-1
7	24	Lp
7	25	Lp
7	26	Lp
7	27	Lp
7	28	Lp
7	29	Lp
7	30	Lp
7	31	Lp
7	32	Lp
7	33	Lp
7	34	Lp
7	35	Lp
7	36	Lp
7	37	Lp
7	38	Lp
7	39	-1
7	40	Lp
7	41	Lp
7	42	Lp
7	43	Lp
7	44	Lp
7	45	Lp
7	46	Lp
7	47	Lp
7	48	U
7	49	Lp
7	50	Lp
7	51	Lp
7	52	Lp
7	53	Lp
7	54	Lp
7	55	Lp
7	56	Lp
7	57	Lp
7	58	Lp
7	59	Lp
7	60	Lp
7	61	Lp
7	62	-1
7	63	Lp
7	64	Lp
7	65	Lp
7	66	Lp
7	67	Lp
7	68	Lp
7	69	L
7	70	-1
7	71	Lp
7	72	Lp
7	73	-1
7	74	Lp
7	75	Lp
7	76	Lp
7	77	-1
7	78	Lp
7	79	Lp
7	80	Lp
7	81	Lp
7	82	Lp
7	83	U
7	84	-1
7	85	Lp
7	86	Lp
7	87	Lp
7	88	Lp
7	89	-1
7	90	Lp
7	91	-1
7	92	Lp
7	93	Lp
7	94	Lp
7	95	Lp
7	96	L
7	97	L
7	98	L
7	99	Lp
7	100	Lp
7	101	L
7	102	L
7	103	L
7	104	L
7	105	L
7	106	Lp
7	107	L
7	108	-1
7	109	L
7	110	L
7	111	Lp
7	112	Lp
7	113	-1
7	114	-1
7	115	Lp
7	116	Lp
7	117	Lp
7	118	Lp
7	119	Lp
8	0	Lp
8	1	-1
8	2	Lp
8	3	L
8	4	L
8	5	L
8	6	Lp
8	7	Lp
8	8	Lp
8	9	Lp
8	10	-1
8	11	Lp
8	12	Lp
8	13	Lp
8	14	Lp
8	15	Lp
8	16	Lp
8	17	Lp
8	18	L
8	19	-1
8	20	L
8	21	Lp
8	22	Lp
8	23	L
8	24	Lp
8	25	L
8	26	Lp
8	27	L
8	28	Lp
8	29	Lp
8	30	-1
8	31	Lp
8	32	Lp
8	33	Lp
8	34	Lp
8	35	Lp
8	36	Lp
8	37	Lp
8	38	Lp
8	39	-1
8	40	Lp
8	41	Lp
8	42	Lp
8	43	Lp
8	44	Lp
8	45	U
8	46	Lp
8	47	U
8	48	Lp
8	49	Lp
8	50	-1
8	51	Lp
8	52	Lp
8	53	-1
8	54	Lp
8	55	Lp
8	56	Lp
8	57	Lp
8	58	Lp
8	59	Lp
8	60	Lp
8	61	Lp
8	62	Lp
8	63	-1
8	64	Lp
8	65	Lp
8	66	Lp
8	67	L
8	68	L
8	69	Lp
8	70	Lp
8	71	Lp
8	72	Lp
8	73	Lp
8	74	Lp
8	75	L
8	76	Lp
8	77	Lp
8	78	-1
8	79	-1
8	80	Lp
8	81	Lp
8	82	Lp
8	83	U
8	84	U
8	85	-1
8	86	Lp
8	87	Lp
8	88	Lp
8	89	Lp
8	90	Lp
8	91	Lp
8	92	Lp
8	93	Lp
8	94	Lp
8	95	Lp
8	96	L
8	97	L
8	98	L
8	99	Lp
8	100	Lp
8	101	L
8	102	L
8	103	L
8	104	-1
8	105	L
8	106	L
8	107	L
8	108	-1
8	109	Lp
8	110	L
8	111	-1
8	112	Lp
8	113	Lp
8	114	Lp
8	115	U
8	116	Lp
8	117	Lp
8	118	Lp
8	119	Lp
9	0	Lp
9	1	Lp
9	2	Lp
9	3	Lp
9	4	-1
9	5	Lp
9	6	-1
9	7	Lp
9	8	Lp
9	9	Lp
9	10	Lp
9	11	Lp
9	12	-1
9	13	Lp
9	14	-1
9	15	Lp
9	16	Lp
9	17	Lp
9	18	Lp
9	19	L
9	20	Lp
9	21	-1
9	22	Lp
9	23	-1
9	24	L
9	25	Lp
9	26	Lp
9	27	L
9	28	Lp
9	29	-1
9	30	Lp
9	31	Lp
9	32	-1
9	33	Lp
9	34	Lp
9	35	Lp
9	36	Lp
9	37	-1
9	38	Lp
9	39	-1
9	40	Lp
9	41	Lp
9	42	Lp
9	43	Lp
9	44	Lp
9	45	Lp
9	46	Lp
9	47	-1
9	48	Lp
9	49	Lp
9	50	Lp
9	51	Lp
9	52	Lp
9	53	L
9	54	Lp
9	55	Lp
9	56	Lp
9	57	Lp
9	58	-1
9	59	-1
9	60	Lp
9	61	Lp
9	62	Lp
9	63	Lp
9	64	-1
9	65	Lp
9	66	-1
9	67	Lp
9	68	Lp
9	69	Lp
9	70	-1
9	71	Lp
9	72	Lp
9	73	Lp
9	74	Lp
9	75	L
9	76	L
9	77	Lp
9	78	Lp
9	79	Lp
9	80	Lp
9	81	-1
9	82	Lp
9	83	U
9	84	Lp
9	85	Lp
9	86	Lp
9	87	Lp
9	88	-1
9	89	Lp
9	90	Lp
9	91	Lp
9	92	Lp
9	93	Lp
9	94	Lp
9	95	L
9	96	L
9	97	-1
9	98	Lp
9	99	Lp
9	100	Lp
9	101	Lp
9	102	L
9	103	-1
9	104	L
9	105	L
9	106	-1
9	107	L
9	108	L
9	109	Lp
9	110	Lp
9	111	U
9	112	U
9	113	Lp
9	114	Lp
9	115	Lp
9	116	Lp
9	117	-1
9	118	Lp
9	119	Lp
10	0	Lp
10	1	Lp
10	2	Lp
10	3	-1
10	4	Lp
10	5	-1
10	6	Lp
10	7	L
10	8	L
10	9	Lp
10	10	Lp
10	11	Lp
10	12	U
10	13	Lp
10	14	Lp
10	15	L
10	16	Lp
10	17	Lp
10	18	-1
10	19	Lp
10	20	Lp
10	21	Lp
10	22	Lp
10	23	Lp
10	24	Lp
10	25	Lp
10	26	Lp
10	27	Lp
10	28	-1
10	29	Lp
10	30	Lp
10	31	Lp
10	32	Lp
10	33	Lp
10	34	Lp
10	35	Lp
10	36	Lp
10	37	Lp
10	38	Lp
10	39	Lp
10	40	Lp
10	41	Lp
10	42	Lp
10	43	Lp
10	44	Lp
10	45	-1
10	46	Lp
10	47	Lp
10	48	Lp
10	49	Lp
10	50	Lp
10	51	-1
10	52	Lp
10	53	Lp
10	54	Lp
10	55	Lp
10	56	Lp
10	57	Lp
10	58	Lp
10	59	Lp
10	60	Lp
10	61	Lp
10	62	-1
10	63	Lp
10	64	-1
10	65	Lp
10	66	Lp
10	67	Lp
10	68	Lp
10	69	L
10	70	Lp
10	71	Lp
10	72	Lp
10	73	Lp
10	74	Lp
10	75	L
10	76	Lp
10	77	Lp
10	78	Lp
10	79	-1
10	80	Lp
10	81	Lp
10	82	Lp
10	83	-1
10	84	Lp
10	85	-1
10	86	Lp
10	87	-1
10	88	Lp
10	89	Lp
10	90	Lp
10	91	Lp
10	92	-1
10	93	-1
10	94	Lp
10	95	L
10	96	-1
10	97	L
10	98	Lp
10	99	Lp
10	100	L
10	101	L
10	102	-1
10	103	L
10	104	L
10	105	L
10	106	L
10	107	Lp
10	108	Lp
10	109	Lp
10	110	Lp
10	111	-1
10	112	-1
10	113	Lp
10	114	Lp
10	115	Lp
10	116	Lp
10	117	Lp
10	118	-1
10	119	Lp
11	0	Lp
11	1	Lp
11	2	Lp
11	3	Lp
11	4	Lp
11	5	L
11	6	L
11	7	-1
11	8	Lp
11	9	L
11	10	-1
11	11	-1
11	12	-1
11	13	U
11	14	Lp
11	15	Lp
11	16	Lp
11	17	Lp
11	18	Lp
11	19	Lp
11	20	L
11	21	Lp
11	22	Lp
11	23	L
11	24	Lp
11	25	-1
11	26	Lp
11	27	U
11	28	Lp
11	29	Lp
11	30	-1
11	31	Lp
11	32	Lp
11	33	Lp
11	34	Lp
11	35	Lp
11	36	Lp
11	37	-1
11	38	Lp
11	39	Lp
11	40	U
11	41	U
11	42	Lp
11	43	Lp
11	44	L
11	45	Lp
11	46	-1
11	47	Lp
11	48	Lp
11	49	Lp
11	50	Lp
11	51	Lp
11	52	-1
11	53	U
11	54	U
11	55	-1
11	56	Lp
11	57	Lp
11	58	Lp
11	59	Lp
11	60	Lp
11	61	-1
11	62	Lp
11	63	Lp
11	64	Lp
11	65	-1
11	66	Lp
11	67	Lp
11	68	Lp
11	69	L
11	70	Lp
11	71	Lp
11	72	Lp
11	73	Lp
11	74	Lp
11	75	Lp
11	76	Lp
11	77	Lp
11	78	Lp
11	79	Lp
11	80	Lp
11	81	Lp
11	82	Lp
11	83	Lp
11	84	Lp
11	85	Lp
11	86	Lp
11	87	Lp
11	88	Lp
11	89	-1
11	90	Lp
11	91	Lp
11	92	Lp
11	93	Lp
11	94	Lp
11	95	Lp
11	96	-1
11	97	Lp
11	98	-1
11	99	Lp
11	100	L
11	101	L
11	102	L
11	103	L
11	104	L
11	105	L
11	106	-1
11	107	L
11	108	-1
11	109	L
11	110	L
11	111	Lp
11	112	Lp
11	113	-1
11	114	Lp
11	115	Lp
11	116	Lp
11	117	Lp
11	118	Lp
11	119	Lp
12	0	Lp
12	1	Lp
12	2	Lp
12	3	-1
12	4	-1
12	5	Lp
12	6	Lp
12	7	Lp
12	8	Lp
12	9	Lp
12	10	L
12	11	Lp
12	12	Lp
12	13	U
12	14	Lp
12	15	Lp
12	16	Lp
12	17	Lp
12	18	Lp
12	19	Lp
12	20	L
12	21	L
12	22	L
12	23	Lp
12	24	Lp
12	25	Lp
12	26	U
12	27	Lp
12	28	U
12	29	Lp
12	30	Lp
12	31	Lp
12	32	Lp
12	33	Lp
12	34	Lp
12	35	-1
12	36	Lp
12	37	Lp
12	38	Lp
12	39	Lp
12	40	-1
12	41	Lp
12	42	Lp
12	43	L
12	44	-1
12	45	Lp
12	46	L
12	47	Lp
12	48	Lp
12	49	Lp
12	50	Lp
12	51	Lp
12	52	Lp
12	53	Lp
12	54	Lp
12	55	Lp
12	56	Lp
12	57	Lp
12	58	Lp
12	59	Lp
12	60	-1
12	61	Lp
12	62	Lp
12	63	Lp
12	64	Lp
12	65	Lp
12	66	Lp
12	67	Lp
12	68	L
12	69	Lp
12	70	Lp
12	71	L
12	72	L
12	73	Lp
12	74	Lp
12	75	-1
12	76	Lp
12	77	Lp
12	78	Lp
12	79	-1
12	80	Lp
12	81	Lp
12	82	Lp
12	83	Lp
12	84	Lp
12	85	-1
12	86	Lp
12	87	Lp
12	88	Lp
12	89	-1
12	90	U
12	91	-1
12	92	Lp
12	93	Lp
12	94	Lp
12	95	Lp
12	96	Lp
12	97	Lp
12	98	Lp
12	99	Lp
12	100	L
12	101	-1
12	102	-1
12	103	-1
12	104	L
12	105	L
12	106	L
12	107	L
12	108	L
12	109	L
12	110	L
12	111	L
12	112	U
12	113	Lp
12	114	Lp
12	115	Lp
12	116	-1
12	117	Lp
12	118	Lp
12	119	Lp
13	0	Lp
13	1	Lp
13	2	Lp
13	3	Lp
13	4	Lp
13	5	Lp
13	6	Lp
13	7	Lp
13	8	Lp
13	9	Lp
13	10	Lp
13	11	Lp
13	12	-1
13	13	Lp
13	14	Lp
13	15	-1
13	16	Lp
13	17	Lp
13	18	L
13	19	Lp
13	20	L
13	21	L
13	22	Lp
13	23	Lp
13	24	Lp
13	25	Lp
13	26	Lp
13	27	Lp
13	28	U
13	29	U
13	30	Lp
13	31	Lp
13	32	Lp
13	33	Lp
13	34	Lp
13	35	Lp
13	36	Lp
13	37	Lp
13	38	Lp
13	39	U
13	40	U
13	41	Lp
13	42	Lp
13	43	Lp
13	44	L
13	45	L
13	46	-1
13	47	Lp
13	48	Lp
13	49	Lp
13	50	Lp
13	51	Lp
13	52	Lp
13	53	Lp
13	54	Lp
13	55	Lp
13	56	Lp
13	57	-1
13	58	Lp
13	59	Lp
13	60	-1
13	61	Lp
13	62	Lp
13	63	-1
13	64	-1
13	65	Lp
13	66	-1
13	67	Lp
13	68	Lp
13	69	-1
13	70	L
13	71	Lp
13	72	-1
13	73	-1
13	74	Lp
13	75	Lp
13	76	Lp
13	77	Lp
13	78	Lp
13	79	Lp
13	80	Lp
13	81	Lp
13	82	Lp
13	83	Lp
13	84	-1
13	85	-1
13	86	Lp
13	87	Lp
13	88	Lp
13	89	Lp
13	90	L
13	91	Lp
13	92	-1
13	93	Lp
13	94	-1
13	95	Lp
13	96	Lp
13	97	Lp
13	98	-1
13	99	L
13	100	L
13	101	L
13	102	L
13	103	L
13	104	L
13	105	L
13	106	Lp
13	107	L
13	108	L
13	109	L
13	110	L
13	111	Lp
13	112	Lp
13	113	L
13	114	Lp
13	115	-1
13	116	Lp
13	117	Lp
13	118	Lp
13	119	Lp
14	0	-1
14	1	Lp
14	2	-1
14	3	Lp
14	4	Lp
14	5	Lp
14	6	Lp
14	7	-1
14	8	Lp
14	9	Lp
14	10	Lp
14	11	Lp
14	12	Lp
14	13	Lp
14	14	-1
14	15	Lp
14	16	Lp
14	17	Lp
14	18	Lp
14	19	Lp
14	20	L
14	21	L
14	22	L
14	23	L
14	24	Lp
14	25	Lp
14	26	Lp
14	27	U
14	28	Lp
14	29	U
14	30	-1
14	31	Lp
14	32	Lp
14	33	Lp
14	34	Lp
14	35	Lp
14	36	Lp
14	37	Lp
14	38	Lp
14	39	Lp
14	40	Lp
14	41	L
14	42	-1
14	43	L
14	44	Lp
14	45	L
14	46	Lp
14	47	Lp
14	48	Lp
14	49	Lp
14	50	Lp
14	51	Lp
14	52	-1
14	53	Lp
14	54	-1
14	55	Lp
14	56	Lp
14	57	Lp
14	58	Lp
14	59	Lp
14	60	Lp
14	61	Lp
14	62	Lp
14	63	Lp
14	64	-1
14	65	Lp
14	66	Lp
14	67	Lp
14	68	Lp
14	69	-1
14	70	Lp
14	71	-1
14	72	-1
14	73	Lp
14	74	Lp
14	75	Lp
14	76	Lp
14	77	Lp
14	78	-1
14	79	Lp
14	80	-1
14	81	Lp
14	82	Lp
14	83	Lp
14	84	Lp
14	85	Lp
14	86	Lp
14	87	Lp
14	88	L
14	89	L
14	90	L
14	91	L
14	92	Lp
14	93	Lp
14	94	Lp
14	95	Lp
14	96	Lp
14	97	Lp
14	98	L
14	99	L
14	100	L
14	101	L
14	102	L
14	103	L
14	104	L
14	105	L
14	106	-1
14	107	-1
14	108	Lp
14	109	L
14	110	L
14	111	L
14	112	L
14	113	L
14	114	-1
14	115	Lp
14	116	Lp
14	117	U
14	118	Lp
14	119	Lp
15	0	Lp
15	1	Lp
15	2	-1
15	3	Lp
15	4	Lp
15	5	Lp
15	6	Lp
15	7	Lp
15	8	-1
15	9	Lp
15	10	Lp
15	11	Lp
15	12	Lp
15	13	Lp
15	14	Lp
15	15	Lp
15	16	Lp
15	17	Lp
15	18	Lp
15	19	L
15	20	L
15	21	L
15	22	-1
15	23	L
15	24	L
15	25	-1
15	26	Lp
15	27	U
15	28	U
15	29	Lp
15	30	U
15	31	U
15	32	Lp
15	33	-1
15	34	Lp
15	35	-1
15	36	Lp
15	37	Lp
15	38	Lp
15	39	-1
15	40	L
15	41	L
15	42	L
15	43	L
15	44	Lp
15	45	Lp
15	46	Lp
15	47	Lp
15	48	Lp
15	49	-1
15	50	Lp
15	51	Lp
15	52	Lp
15	53	-1
15	54	Lp
15	55	Lp
15	56	Lp
15	57	Lp
15	58	Lp
15	59	Lp
15	60	Lp
15	61	Lp
15	62	Lp
15	63	Lp
15	64	Lp
15	65	Lp
15	66	Lp
15	67	Lp
15	68	Lp
15	69	Lp
15	70	L
15	71	L
15	72	U
15	73	-1
15	74	Lp
15	75	Lp
15	76	Lp
15	77	Lp
15	78	Lp
15	79	Lp
15	80	-1
15	81	Lp
15	82	Lp
15	83	Lp
15	84	-1
15	85	Lp
15	86	Lp
15	87	Lp
15	88	Lp
15	89	L
15	90	-1
15	91	Lp
15	92	L
15	93	Lp
15	94	Lp
15	95	Lp
15	96	-1
15	97	Lp
15	98	Lp
15	99	L
15	100	-1
15	101	L
15	102	L
15	103	-1
15	104	-1
15	105	L
15	106	L
15	107	L
15	108	L
15	109	-1
15	110	-1
15	111	L
15	112	Lp
15	113	Lp
15	114	L
15	115	L
15	116	L
15	117	Lp
15	118	Lp
15	119	Lp
16	0	Lp
16	1	Lp
16	2	Lp
16	3	Lp
16	4	Lp
16	5	Lp
16	6	Lp
16	7	-1
16	8	-1
16	9	Lp
16	10	Lp
16	11	Lp
16	12	-1
16	13	U
16	14	Lp
16	15	Lp
16	16	Lp
16	17	Lp
16	18	L
16	19	L
16	20	L
16	21	L
16	22	L
16	23	-1
16	24	Lp
16	25	Lp
16	26	Lp
16	27	L
16	28	U
16	29	L
16	30	Lp
16	31	Lp
16	32	Lp
16	33	Lp
16	34	Lp
16	35	Lp
16	36	Lp
16	37	Lp
16	38	Lp
16	39	L
16	40	Lp
16	41	Lp
16	42	Lp
16	43	Lp
16	44	Lp
16	45	-1
16	46	Lp
16	47	Lp
16	48	Lp
16	49	Lp
16	50	Lp
16	51	Lp
16	52	Lp
16	53	Lp
16	54	Lp
16	55	Lp
16	56	Lp
16	57	Lp
16	58	Lp
16	59	Lp
16	60	Lp
16	61	Lp
16	62	Lp
16	63	U
16	64	Lp
16	65	Lp
16	66	Lp
16	67	Lp
16	68	U
16	69	L
16	70	Lp
16	71	L
16	72	U
16	73	Lp
16	74	U
16	75	U
16	76	Lp
16	77	Lp
16	78	L
16	79	Lp
16	80	Lp
16	81	Lp
16	82	Lp
16	83	Lp
16	84	Lp
16	85	Lp
16	86	-1
16	87	Lp
16	88	Lp
16	89	Lp
16	90	Lp
16	91	L
16	92	-1
16	93	L
16	94	Lp
16	95	L
16	96	Lp
16	97	-1
16	98	Lp
16	99	L
16	100	L
16	101	L
16	102	L
16	103	Lp
16	104	Lp
16	105	L
16	106	L
16	107	Lp
16	108	Lp
16	109	L
16	110	-1
16	111	L
16	112	U
16	113	L
16	114	L
16	115	L
16	116	L
16	117	Lp
16	118	L
16	119	Lp
17	0	Lp
17	1	Lp
17	2	Lp
17	3	Lp
17	4	Lp
17	5	Lp
17	6	Lp
17	7	Lp
17	8	-1
17	9	-1
17	10	Lp
17	11	-1
17	12	Lp
17	13	Lp
17	14	U
17	15	L
17	16	Lp
17	17	L
17	18	-1
17	19	L
17	20	L
17	21	-1
17	22	L
17	23	-1
17	24	Lp
17	25	Lp
17	26	Lp
17	27	L
17	28	L
17	29	L
17	30	Lp
17	31	-1
17	32	U
17	33	Lp
17	34	U
17	35	Lp
17	36	Lp
17	37	Lp
17	38	Lp
17	39	L
17	40	Lp
17	41	-1
17	42	L
17	43	Lp
17	44	Lp
17	45	Lp
17	46	Lp
17	47	Lp
17	48	-1
17	49	Lp
17	50	Lp
17	51	Lp
17	52	Lp
17	53	Lp
17	54	Lp
17	55	Lp
17	56	Lp
17	57	Lp
17	58	-1
17	59	-1
17	60	-1
17	61	-1
17	62	Lp
17	63	Lp
17	64	Lp
17	65	Lp
17	66	Lp
17	67	Lp
17	68	L
17	69	L
17	70	L
17	71	U
17	72	Lp
17	73	Lp
17	74	Lp
17	75	L
17	76	L
17	77	-1
17	78	Lp
17	79	-1
17	80	Lp
17	81	Lp
17	82	Lp
17	83	Lp
17	84	Lp
17	85	Lp
17	86	-1
17	87	Lp
17	88	Lp
17	89	Lp
17	90	Lp
17	91	Lp
17	92	L
17	93	Lp
17	94	Lp
17	95	Lp
17	96	L
17	97	L
17	98	Lp
17	99	-1
17	100	L
17	101	L
17	102	-1
17	103	U
17	104	Lp
17	105	Lp
17	106	Lp
17	107	Lp
17	108	Lp
17	109	Lp
17	110	Lp
17	111	-1
17	112	Lp
17	113	Lp
17	114	L
17	115	L
17	116	U
17	117	L
17	118	L
17	119	Lp
18	0	-1
18	1	Lp
18	2	-1
18	3	Lp
18	4	Lp
18	5	Lp
18	6	Lp
18	7	Lp
18	8	Lp
18	9	-1
18	10	Lp
18	11	Lp
18	12	Lp
18	13	U
18	14	Lp
18	15	L
18	16	Lp
18	17	L
18	18	L
18	19	Lp
18	20	Lp
18	21	Lp
18	22	L
18	23	L
18	24	Lp
18	25	Lp
18	26	Lp
18	27	Lp
18	28	L
18	29	U
18	30	Lp
18	31	Lp
18	32	Lp
18	33	-1
18	34	Lp
18	35	L
18	36	Lp
18	37	Lp
18	38	Lp
18	39	Lp
18	40	L
18	41	Lp
18	42	L
18	43	L
18	44	Lp
18	45	Lp
18	46	-1
18	47	Lp
18	48	-1
18	49	Lp
18	50	Lp
18	51	-1
18	52	Lp
18	53	Lp
18	54	Lp
18	55	Lp
18	56	Lp
18	57	Lp
18	58	Lp
18	59	Lp
18	60	Lp
18	61	Lp
18	62	Lp
18	63	Lp
18	64	Lp
18	65	Lp
18	66	Lp
18	67	Lp
18	68	Lp
18	69	Lp
18	70	L
18	71	L
18	72	L
18	73	Lp
18	74	Lp
18	75	L
18	76	L
18	77	Lp
18	78	Lp
18	79	L
18	80	Lp
18	81	-1
18	82	Lp
18	83	Lp
18	84	U
18	85	Lp
18	86	Lp
18	87	Lp
18	88	Lp
18	89	Lp
18	90	Lp
18	91	Lp
18	92	Lp
18	93	Lp
18	94	Lp
18	95	Lp
18	96	Lp
18	97	L
18	98	L
18	99	-1
18	100	Lp
18	101	Lp
18	102	Lp
18	103	L
18	104	Lp
18	105	Lp
18	106	Lp
18	107	-1
18	108	Lp
18	109	U
18	110	U
18	111	Lp
18	112	Lp
18	113	L
18	114	L
18	115	-1
18	116	L
18	117	L
18	118	Lp
18	119	Lp
19	0	Lp
19	1	Lp
19	2	Lp
19	3	-1
19	4	Lp
19	5	Lp
19	6	Lp
19	7	Lp
19	8	-1
19	9	-1
19	10	Lp
19	11	Lp
19	12	Lp
19	13	Lp
19	14	Lp
19	15	Lp
19	16	Lp
19	17	L
19	18	L
19	19	Lp
19	20	-1
19	21	Lp
19	22	Lp
19	23	Lp
19	24	Lp
19	25	U
19	26	Lp
19	27	Lp
19	28	Lp
19	29	U
19	30	U
19	31	Lp
19	32	Lp
19	33	L
19	34	L
19	35	Lp
19	36	Lp
19	37	Lp
19	38	Lp
19	39	Lp
19	40	Lp
19	41	-1
19	42	L
19	43	-1
19	44	Lp
19	45	Lp
19	46	-1
19	47	Lp
19	48	L
19	49	L
19	50	Lp
19	51	Lp
19	52	Lp
19	53	Lp
19	54	L
19	55	L
19	56	Lp
19	57	Lp
19	58	Lp
19	59	Lp
19	60	Lp
19	61	Lp
19	62	Lp
19	63	-1
19	64	U
19	65	Lp
19	66	Lp
19	67	Lp
19	68	Lp
19	69	Lp
19	70	L
19	71	L
19	72	L
19	73	U
19	74	U
19	75	-1
19	76	L
19	77	-1
19	78	Lp
19	79	Lp
19	80	Lp
19	81	Lp
19	82	Lp
19	83	Lp
19	84	-1
19	85	Lp
19	86	Lp
19	87	Lp
19	88	Lp
19	89	Lp
19	90	Lp
19	91	Lp
19	92	Lp
19	93	-1
19	94	L
19	95	Lp
19	96	L
19	97	Lp
19	98	L
19	99	L
19	100	-1
19	101	Lp
19	102	Lp
19	103	-1
19	104	Lp
19	105	Lp
19	106	Lp
19	107	Lp
19	108	Lp
19	109	Lp
19	110	Lp
19	111	Lp
19	112	Lp
19	113	U
19	114	Lp
19	115	Lp
19	116	U
19	117	U
19	118	Lp
19	119	-1
20	0	-1
20	1	-1
20	2	Lp
20	3	Lp
20	4	Lp
20	5	Lp
20	6	Lp
20	7	Lp
20	8	Lp
20	9	Lp
20	10	Lp
20	11	Lp
20	12	Lp
20	13	Lp
20	14	Lp
20	15	Lp
20	16	Lp
20	17	Lp
20	18	Lp
20	19	U
20	20	-1
20	21	Lp
20	22	Lp
20	23	-1
20	24	Lp
20	25	U
20	26	Lp
20	27	Lp
20	28	Lp
20	29	U
20	30	U
20	31	Lp
20	32	Lp
20	33	Lp
20	34	Lp
20	35	Lp
20	36	L
20	37	L
20	38	L
20	39	L
20	40	Lp
20	41	-1
20	42	L
20	43	Lp
20	44	L
20	45	L
20	46	-1
20	47	-1
20	48	Lp
20	49	Lp
20	50	Lp
20	51	Lp
20	52	L
20	53	L
20	54	L
20	55	L
20	56	L
20	57	L
20	58	U
20	59	Lp
20	60	Lp
20	61	Lp
20	62	Lp
20	63	U
20	64	-1
20	65	Lp
20	66	Lp
20	67	Lp
20	68	Lp
20	69	Lp
20	70	Lp
20	71	L
20	72	L
20	73	L
20	74	L
20	75	Lp
20	76	Lp
20	77	Lp
20	78	Lp
20	79	Lp
20	80	Lp
20	81	Lp
20	82	Lp
20	83	L
20	84	Lp
20	85	Lp
20	86	Lp
20	87	Lp
20	88	-1
20	89	Lp
20	90	Lp
20	91	Lp
20	92	Lp
20	93	Lp
20	94	L
20	95	L
20	96	Lp
20	97	-1
20	98	-1
20	99	-1
20	100	L
20	101	L
20	102	Lp
20	103	Lp
20	104	Lp
20	105	Lp
20	106	Lp
20	107	Lp
20	108	Lp
20	109	Lp
20	110	Lp
20	111	Lp
20	112	Lp
20	113	Lp
20	114	-1
20	115	Lp
20	116	Lp
20	117	U
20	118	L
20	119	L
21	0	L
21	1	-1
21	2	L
21	3	Lp
21	4	Lp
21	5	Lp
21	6	Lp
21	7	Lp
21	8	Lp
21	9	Lp
21	10	Lp
21	11	Lp
21	12	Lp
21	13	Lp
21	14	Lp
21	15	Lp
21	16	Lp
21	17	Lp
21	18	Lp
21	19	Lp
21	20	Lp
21	21	-1
21	22	Lp
21	23	Lp
21	24	Lp
21	25	-1
21	26	Lp
21	27	Lp
21	28	U
21	29	Lp
21	30	Lp
21	31	Lp
21	32	Lp
21	33	Lp
21	34	Lp
21	35	Lp
21	36	Lp
21	37	L
21	38	L
21	39	Lp
21	40	L
21	41	Lp
21	42	Lp
21	43	Lp
21	44	L
21	45	L
21	46	-1
21	47	L
21	48	Lp
21	49	Lp
21	50	Lp
21	51	Lp
21	52	Lp
21	53	-1
21	54	Lp
21	55	L
21	56	L
21	57	-1
21	58	-1
21	59	Lp
21	60	Lp
21	61	-1
21	62	Lp
21	63	Lp
21	64	Lp
21	65	Lp
21	66	Lp
21	67	Lp
21	68	Lp
21	69	Lp
21	70	Lp
21	71	-1
21	72	-1
21	73	L
21	74	Lp
21	75	Lp
21	76	Lp
21	77	Lp
21	78	-1
21	79	Lp
21	80	Lp
21	81	L
21	82	L
21	83	Lp
21	84	Lp
21	85	Lp
21	86	Lp
21	87	Lp
21	88	Lp
21	89	Lp
21	90	Lp
21	91	L
21	92	Lp
21	93	Lp
21	94	Lp
21	95	Lp
21	96	Lp
21	97	L
21	98	L
21	99	L
21	100	L
21	101	L
21	102	L
21	103	L
21	104	Lp
21	105	-1
21	106	Lp
21	107	Lp
21	108	Lp
21	109	Lp
21	110	Lp
21	111	Lp
21	112	Lp
21	113	-1
21	114	-1
21	115	-1
21	116	Lp
21	117	Lp
21	118	L
21	119	L
22	0	Lp
22	1	L
22	2	Lp
22	3	Lp
22	4	Lp
22	5	Lp
22	6	Lp
22	7	Lp
22	8	Lp
22	9	Lp
22	10	Lp
22	11	Lp
22	12	Lp
22	13	Lp
22	14	Lp
22	15	Lp
22	16	Lp
22	17	Lp
22	18	Lp
22	19	Lp
22	20	Lp
22	21	Lp
22	22	Lp
22	23	-1
22	24	Lp
22	25	Lp
22	26	Lp
22	27	Lp
22	28	Lp
22	29	Lp
22	30	Lp
22	31	L
22	32	L
22	33	U
22	34	Lp
22	35	-1
22	36	Lp
22	37	L
22	38	Lp
22	39	Lp
22	40	Lp
22	41	Lp
22	42	L
22	43	Lp
22	44	L
22	45	L
22	46	Lp
22	47	L
22	48	Lp
22	49	-1
22	50	Lp
22	51	Lp
22	52	Lp
22	53	Lp
22	54	Lp
22	55	Lp
22	56	L
22	57	-1
22	58	Lp
22	59	U
22	60	L
22	61	-1
22	62	Lp
22	63	Lp
22	64	Lp
22	65	-1
22	66	Lp
22	67	Lp
22	68	-1
22	69	Lp
22	70	L
22	71	L
22	72	Lp
22	73	-1
22	74	-1
22	75	Lp
22	76	Lp
22	77	Lp
22	78	Lp
22	79	L
22	80	L
22	81	L
22	82	Lp
22	83	Lp
22	84	Lp
22	85	Lp
22	86	Lp
22	87	Lp
22	88	Lp
22	89	Lp
22	90	Lp
22	91	Lp
22	92	L
22	93	Lp
22	94	Lp
22	95	Lp
22	96	Lp
22	97	Lp
22	98	L
22	99	L
22	100	L
22	101	-1
22	102	L
22	103	L
22	104	-1
22	105	Lp
22	106	Lp
22	107	Lp
22	108	Lp
22	109	Lp
22	110	Lp
22	111	Lp
22	112	Lp
22	113	Lp
22	114	Lp
22	115	-1
22	116	-1
22	117	L
22	118	Lp
22	119	Lp
23	0	L
23	1	-1
23	2	Lp
23	3	Lp
23	4	Lp
23	5	Lp
23	6	Lp
23	7	Lp
23	8	Lp
23	9	Lp
23	10	-1
23	11	Lp
23	12	Lp
23	13	U
23	14	Lp
23	15	Lp
23	16	Lp
23	17	-1
23	18	Lp
23	19	Lp
23	20	Lp
23	21	-1
23	22	Lp
23	23	Lp
23	24	Lp
23	25	Lp
23	26	Lp
23	27	Lp
23	28	Lp
23	29	-1
23	30	Lp
23	31	Lp
23	32	Lp
23	33	Lp
23	34	Lp
23	35	Lp
23	36	Lp
23	37	Lp
23	38	L
23	39	Lp
23	40	Lp
23	41	Lp
23	42	-1
23	43	L
23	44	L
23	45	Lp
23	46	Lp
23	47	Lp
23	48	Lp
23	49	Lp
23	50	Lp
23	51	Lp
23	52	Lp
23	53	Lp
23	54	Lp
23	55	Lp
23	56	-1
23	57	Lp
23	58	U
23	59	U
23	60	Lp
23	61	L
23	62	-1
23	63	-1
23	64	-1
23	65	Lp
23	66	-1
23	67	Lp
23	68	-1
23	69	Lp
23	70	Lp
23	71	Lp
23	72	Lp
23	73	Lp
23	74	Lp
23	75	-1
23	76	Lp
23	77	Lp
23	78	L
23	79	L
23	80	L
23	81	L
23	82	L
23	83	Lp
23	84	Lp
23	85	Lp
23	86	Lp
23	87	Lp
23	88	Lp
23	89	Lp
23	90	Lp
23	91	Lp
23	92	Lp
23	93	Lp
23	94	L
23	95	Lp
23	96	Lp
23	97	-1
23	98	Lp
23	99	Lp
23	100	L
23	101	U
23	102	L
23	103	L
23	104	-1
23	105	Lp
23	106	Lp
23	107	Lp
23	108	Lp
23	109	Lp
23	110	Lp
23	111	L
23	112	L
23	113	Lp
23	114	Lp
23	115	Lp
23	116	L
23	117	L
23	118	L
23	119	L
24	0	L
24	1	Lp
24	2	-1
24	3	L
24	4	Lp
24	5	Lp
24	6	Lp
24	7	Lp
24	8	Lp
24	9	Lp
24	10	L
24	11	U
24	12	U
24	13	Lp
24	14	-1
24	15	Lp
24	16	Lp
24	17	Lp
24	18	Lp
24	19	Lp
24	20	Lp
24	21	Lp
24	22	-1
24	23	Lp
24	24	Lp
24	25	Lp
24	26	Lp
24	27	Lp
24	28	Lp
24	29	Lp
24	30	Lp
24	31	Lp
24	32	Lp
24	33	Lp
24	34	Lp
24	35	Lp
24	36	Lp
24	37	Lp
24	38	-1
24	39	-1
24	40	Lp
24	41	Lp
24	42	L
24	43	L
24	44	Lp
24	45	L
24	46	Lp
24	47	Lp
24	48	Lp
24	49	Lp
24	50	Lp
24	51	Lp
24	52	L
24	53	L
24	54	Lp
24	55	Lp
24	56	Lp
24	57	L
24	58	Lp
24	59	Lp
24	60	L
24	61	L
24	62	L
24	63	L
24	64	Lp
24	65	Lp
24	66	-1
24	67	-1
24	68	Lp
24	69	Lp
24	70	Lp
24	71	Lp
24	72	Lp
24	73	Lp
24	74	Lp
24	75	Lp
24	76	Lp
24	77	Lp
24	78	Lp
24	79	-1
24	80	Lp
24	81	-1
24	82	Lp
24	83	Lp
24	84	Lp
24	85	Lp
24	86	Lp
24	87	Lp
24	88	Lp
24	89	Lp
24	90	Lp
24	91	Lp
24	92	Lp
24	93	Lp
24	94	Lp
24	95	Lp
24	96	Lp
24	97	Lp
24	98	Lp
24	99	Lp
24	100	U
24	101	L
24	102	-1
24	103	-1
24	104	Lp
24	105	Lp
24	106	-1
24	107	Lp
24	108	Lp
24	109	Lp
24	110	Lp
24	111	L
24	112	L
24	113	-1
24	114	Lp
24	115	Lp
24	116	-1
24	117	L
24	118	L
24	119	L
25	0	L
25	1	Lp
25	2	-1
25	3	Lp
25	4	-1
25	5	Lp
25	6	-1
25	7	Lp
25	8	Lp
25	9	-1
25	10	Lp
25	11	Lp
25	12	Lp
25	13	-1
25	14	Lp
25	15	Lp
25	16	-1
25	17	Lp
25	18	Lp
25	19	Lp
25	20	Lp
25	21	Lp
25	22	-1
25	23	Lp
25	24	Lp
25	25	Lp
25	26	Lp
25	27	Lp
25	28	Lp
25	29	-1
25	30	-1
25	31	Lp
25	32	Lp
25	33	Lp
25	34	-1
25	35	Lp
25	36	Lp
25	37	Lp
25	38	Lp
25	39	Lp
25	40	Lp
25	41	Lp
25	42	Lp
25	43	Lp
25	44	L
25	45	Lp
25	46	Lp
25	47	Lp
25	48	Lp
25	49	Lp
25	50	L
25	51	L
25	52	-1
25	53	L
25	54	Lp
25	55	Lp
25	56	Lp
25	57	Lp
25	58	Lp
25	59	L
25	60	-1
25	61	L
25	62	L
25	63	Lp
25	64	Lp
25	65	Lp
25	66	Lp
25	67	Lp
25	68	Lp
25	69	Lp
25	70	-1
25	71	Lp
25	72	-1
25	73	Lp
25	74	Lp
25	75	Lp
25	76	Lp
25	77	Lp
25	78	Lp
25	79	Lp
25	80	Lp
25	81	Lp
25	82	Lp
25	83	Lp
25	84	Lp
25	85	Lp
25	86	Lp
25	87	Lp
25	88	Lp
25	89	Lp
25	90	Lp
25	91	Lp
25	92	Lp
25	93	L
25	94	Lp
25	95	Lp
25	96	Lp
25	97	Lp
25	98	Lp
25	99	U
25	100	Lp
25	101	Lp
25	102	L
25	103	Lp
25	104	Lp
25	105	Lp
25	106	Lp
25	107	Lp
25	108	Lp
25	109	Lp
25	110	Lp
25	111	Lp
25	112	L
25	113	L
25	114	Lp
25	115	L
25	116	-1
25	117	-1
25	118	L
25	119	L
26	0	Lp
26	1	L
26	2	Lp
26	3	L
26	4	-1
26	5	Lp
26	6	Lp
26	7	Lp
26	8	Lp
26	9	Lp
26	10	U
26	11	U
26	12	U
26	13	Lp
26	14	Lp
26	15	Lp
26	16	L
26	17	Lp
26	18	L
26	19	-1
26	20	L
26	21	Lp
26	22	Lp
26	23	-1
26	24	Lp
26	25	Lp
26	26	Lp
26	27	Lp
26	28	-1
26	29	Lp
26	30	Lp
26	31	L
26	32	Lp
26	33	L
26	34	Lp
26	35	Lp
26	36	Lp
26	37	Lp
26	38	Lp
26	39	Lp
26	40	Lp
26	41	Lp
26	42	Lp
26	43	Lp
26	44	Lp
26	45	L
26	46	Lp
26	47	L
26	48	Lp
26	49	Lp
26	50	Lp
26	51	L
26	52	L
26	53	L
26	54	Lp
26	55	-1
26	56	L
26	57	Lp
26	58	Lp
26	59	L
26	60	L
26	61	L
26	62	L
26	63	Lp
26	64	-1
26	65	Lp
26	66	Lp
26	67	U
26	68	Lp
26	69	Lp
26	70	Lp
26	71	Lp
26	72	Lp
26	73	Lp
26	74	Lp
26	75	Lp
26	76	Lp
26	77	Lp
26	78	Lp
26	79	-1
26	80	Lp
26	81	Lp
26	82	Lp
26	83	Lp
26	84	Lp
26	85	Lp
26	86	-1
26	87	Lp
26	88	Lp
26	89	Lp
26	90	Lp
26	91	Lp
26	92	L
26	93	Lp
26	94	Lp
26	95	-1
26	96	Lp
26	97	Lp
26	98	Lp
26	99	Lp
26	100	Lp
26	101	L
26	102	Lp
26	103	Lp
26	104	Lp
26	105	Lp
26	106	Lp
26	107	Lp
26	108	-1
26	109	Lp
26	110	Lp
26	111	Lp
26	112	L
26	113	L
26	114	L
26	115	Lp
26	116	L
26	117	L
26	118	L
26	119	Lp
27	0	Lp
27	1	L
27	2	Lp
27	3	Lp
27	4	Lp
27	5	Lp
27	6	-1
27	7	Lp
27	8	Lp
27	9	Lp
27	10	-1
27	11	Lp
27	12	Lp
27	13	Lp
27	14	Lp
27	15	Lp
27	16	Lp
27	17	L
27	18	Lp
27	19	Lp
27	20	Lp
27	21	L
27	22	Lp
27	23	Lp
27	24	Lp
27	25	Lp
27	26	Lp
27	27	-1
27	28	Lp
27	29	Lp
27	30	Lp
27	31	L
27	32	L
27	33	U
27	34	Lp
27	35	Lp
27	36	Lp
27	37	Lp
27	38	Lp
27	39	Lp
27	40	Lp
27	41	Lp
27	42	Lp
27	43	Lp
27	44	Lp
27	45	Lp
27	46	Lp
27	47	L
27	48	Lp
27	49	-1
27	50	Lp
27	51	-1
27	52	-1
27	53	-1
27	54	L
27	55	L
27	56	-1
27	57	L
27	58	Lp
27	59	L
27	60	Lp
27	61	-1
27	62	L
27	63	L
27	64	Lp
27	65	Lp
27	66	-1
27	67	Lp
27	68	Lp
27	69	Lp
27	70	Lp
27	71	Lp
27	72	Lp
27	73	Lp
27	74	-1
27	75	Lp
27	76	Lp
27	77	-1
27	78	Lp
27	79	Lp
27	80	Lp
27	81	Lp
27	82	Lp
27	83	Lp
27	84	Lp
27	85	Lp
27	86	-1
27	87	-1
27	88	Lp
27	89	Lp
27	90	-1
27	91	-1
27	92	Lp
27	93	L
27	94	L
27	95	Lp
27	96	-1
27	97	Lp
27	98	Lp
27	99	-1
27	100	L
27	101	L
27	102	Lp
27	103	Lp
27	104	Lp
27	105	-1
27	106	Lp
27	107	Lp
27	108	-1
27	109	Lp
27	110	Lp
27	111	Lp
27	112	Lp
27	113	L
27	114	-1
27	115	Lp
27	116	Lp
27	117	L
27	118	Lp
27	119	Lp
28	0	Lp
28	1	Lp
28	2	Lp
28	3	L
28	4	L
28	5	-1
28	6	Lp
28	7	Lp
28	8	Lp
28	9	Lp
28	10	Lp
28	11	Lp
28	12	Lp
28	13	Lp
28	14	Lp
28	15	Lp
28	16	L
28	17	L
28	18	Lp
28	19	Lp
28	20	Lp
28	21	Lp
28	22	-1
28	23	Lp
28	24	Lp
28	25	Lp
28	26	-1
28	27	-1
28	28	Lp
28	29	-1
28	30	Lp
28	31	Lp
28	32	L
28	33	Lp
28	34	Lp
28	35	Lp
28	36	Lp
28	37	Lp
28	38	Lp
28	39	Lp
28	40	Lp
28	41	Lp
28	42	Lp
28	43	Lp
28	44	Lp
28	45	-1
28	46	Lp
28	47	Lp
28	48	Lp
28	49	Lp
28	50	Lp
28	51	Lp
28	52	Lp
28	53	L
28	54	L
28	55	L
28	56	L
28	57	L
28	58	L
28	59	Lp
28	60	L
28	61	Lp
28	62	Lp
28	63	Lp
28	64	Lp
28	65	Lp
28	66	Lp
28	67	Lp
28	68	Lp
28	69	Lp
28	70	Lp
28	71	Lp
28	72	-1
28	73	Lp
28	74	Lp
28	75	Lp
28	76	Lp
28	77	Lp
28	78	Lp
28	79	-1
28	80	Lp
28	81	Lp
28	82	Lp
28	83	Lp
28	84	Lp
28	85	Lp
28	86	Lp
28	87	Lp
28	88	Lp
28	89	-1
28	90	Lp
28	91	-1
28	92	Lp
28	93	Lp
28	94	Lp
28	95	Lp
28	96	-1
28	97	Lp
28	98	Lp
28	99	Lp
28	100	Lp
28	101	Lp
28	102	Lp
28	103	Lp
28	104	Lp
28	105	Lp
28	106	Lp
28	107	Lp
28	108	Lp
28	109	Lp
28	110	Lp
28	111	Lp
28	112	Lp
28	113	Lp
28	114	Lp
28	115	-1
28	116	Lp
28	117	-1
28	118	Lp
28	119	L
29	0	Lp
29	1	Lp
29	2	Lp
29	3	Lp
29	4	L
29	5	L
29	6	Lp
29	7	Lp
29	8	Lp
29	9	U
29	10	-1
29	11	Lp
29	12	Lp
29	13	Lp
29	14	Lp
29	15	Lp
29	16	Lp
29	17	L
29	18	Lp
29	19	Lp
29	20	Lp
29	21	Lp
29	22	-1
29	23	Lp
29	24	-1
29	25	Lp
29	26	Lp
29	27	Lp
29	28	-1
29	29	-1
29	30	Lp
29	31	U
29	32	Lp
29	33	-1
29	34	Lp
29	35	Lp
29	36	Lp
29	37	Lp
29	38	Lp
29	39	Lp
29	40	Lp
29	41	Lp
29	42	Lp
29	43	Lp
29	44	Lp
29	45	Lp
29	46	Lp
29	47	-1
29	48	Lp
29	49	Lp
29	50	Lp
29	51	Lp
29	52	Lp
29	53	-1
29	54	Lp
29	55	L
29	56	Lp
29	57	L
29	58	-1
29	59	Lp
29	60	Lp
29	61	Lp
29	62	Lp
29	63	Lp
29	64	Lp
29	65	Lp
29	66	Lp
29	67	Lp
29	68	Lp
29	69	Lp
29	70	Lp
29	71	Lp
29	72	Lp
29	73	-1
29	74	Lp
29	75	Lp
29	76	Lp
29	77	Lp
29	78	Lp
29	79	Lp
29	80	Lp
29	81	Lp
29	82	Lp
29	83	Lp
29	84	Lp
29	85	Lp
29	86	Lp
29	87	Lp
29	88	-1
29	89	-1
29	90	L
29	91	U
29	92	Lp
29	93	Lp
29	94	-1
29	95	Lp
29	96	Lp
29	97	Lp
29	98	Lp
29	99	Lp
29	100	-1
29	101	Lp
29	102	-1
29	103	Lp
29	104	Lp
29	105	Lp
29	106	-1
29	107	Lp
29	108	Lp
29	109	Lp
29	110	-1
29	111	Lp
29	112	Lp
29	113	Lp
29	114	-1
29	115	Lp
29	116	Lp
29	117	Lp
29	118	Lp
29	119	L
30	0	-1
30	1	L
30	2	Lp
30	3	Lp
30	4	Lp
30	5	Lp
30	6	Lp
30	7	Lp
30	8	Lp
30	9	Lp
30	10	Lp
30	11	Lp
30	12	Lp
30	13	-1
30	14	Lp
30	15	Lp
30	16	Lp
30	17	L
30	18	Lp
30	19	-1
30	20	Lp
30	21	Lp
30	22	Lp
30	23	Lp
30	24	Lp
30	25	Lp
30	26	Lp
30	27	Lp
30	28	Lp
30	29	Lp
30	30	Lp
30	31	Lp
30	32	Lp
30	33	Lp
30	34	Lp
30	35	Lp
30	36	Lp
30	37	Lp
30	38	Lp
30	39	Lp
30	40	Lp
30	41	Lp
30	42	Lp
30	43	U
30	44	Lp
30	45	Lp
30	46	U
30	47	Lp
30	48	Lp
30	49	-1
30	50	Lp
30	51	L
30	52	Lp
30	53	Lp
30	54	Lp
30	55	Lp
30	56	L
30	57	Lp
30	58	Lp
30	59	-1
30	60	-1
30	61	Lp
30	62	Lp
30	63	Lp
30	64	Lp
30	65	Lp
30	66	Lp
30	67	Lp
30	68	Lp
30	69	Lp
30	70	Lp
30	71	Lp
30	72	U
30	73	Lp
30	74	Lp
30	75	Lp
30	76	Lp
30	77	Lp
30	78	Lp
30	79	Lp
30	80	-1
30	81	Lp
30	82	Lp
30	83	Lp
30	84	Lp
30	85	Lp
30	86	Lp
30	87	Lp
30	88	Lp
30	89	Lp
30	90	Lp
30	91	Lp
30	92	Lp
30	93	Lp
30	94	Lp
30	95	-1
30	96	-1
30	97	-1
30	98	Lp
30	99	Lp
30	100	Lp
30	101	Lp
30	102	Lp
30	103	Lp
30	104	Lp
30	105	Lp
30	106	Lp
30	107	Lp
30	108	Lp
30	109	Lp
30	110	U
30	111	Lp
30	112	Lp
30	113	Lp
30	114	Lp
30	115	Lp
30	116	-1
30	117	-1
30	118	L
30	119	L
31	0	Lp
31	1	Lp
31	2	Lp
31	3	Lp
31	4	Lp
31	5	Lp
31	6	-1
31	7	Lp
31	8	-1
31	9	-1
31	10	Lp
31	11	Lp
31	12	Lp
31	13	Lp
31	14	Lp
31	15	Lp
31	16	U
31	17	U
31	18	Lp
31	19	Lp
31	20	Lp
31	21	Lp
31	22	Lp
31	23	Lp
31	24	Lp
31	25	-1
31	26	Lp
31	27	-1
31	28	Lp
31	29	Lp
31	30	Lp
31	31	Lp
31	32	Lp
31	33	Lp
31	34	Lp
31	35	Lp
31	36	Lp
31	37	Lp
31	38	Lp
31	39	Lp
31	40	Lp
31	41	Lp
31	42	U
31	43	U
31	44	Lp
31	45	Lp
31	46	-1
31	47	Lp
31	48	Lp
31	49	Lp
31	50	Lp
31	51	L
31	52	L
31	53	Lp
31	54	Lp
31	55	Lp
31	56	Lp
31	57	Lp
31	58	Lp
31	59	Lp
31	60	Lp
31	61	Lp
31	62	Lp
31	63	Lp
31	64	Lp
31	65	Lp
31	66	Lp
31	67	Lp
31	68	Lp
31	69	Lp
31	70	Lp
31	71	Lp
31	72	Lp
31	73	-1
31	74	Lp
31	75	Lp
31	76	Lp
31	77	Lp
31	78	Lp
31	79	Lp
31	80	-1
31	81	Lp
31	82	Lp
31	83	Lp
31	84	Lp
31	85	Lp
31	86	Lp
31	87	-1
31	88	Lp
31	89	Lp
31	90	-1
31	91	Lp
31	92	Lp
31	93	Lp
31	94	Lp
31	95	Lp
31	96	Lp
31	97	Lp
31	98	Lp
31	99	Lp
31	100	Lp
31	101	Lp
31	102	Lp
31	103	Lp
31	104	Lp
31	105	-1
31	106	-1
31	107	-1
31	108	Lp
31	109	Lp
31	110	Lp
31	111	Lp
31	112	Lp
31	113	Lp
31	114	Lp
31	115	-1
31	116	-1
31	117	U
31	118	Lp
31	119	Lp
32	0	Lp
32	1	-1
32	2	-1
32	3	Lp
32	4	Lp
32	5	Lp
32	6	Lp
32	7	-1
32	8	Lp
32	9	Lp
32	10	-1
32	11	Lp
32	12	Lp
32	13	Lp
32	14	-1
32	15	Lp
32	16	Lp
32	17	Lp
32	18	U
32	19	Lp
32	20	Lp
32	21	Lp
32	22	Lp
32	23	Lp
32	24	Lp
32	25	Lp
32	26	Lp
32	27	Lp
32	28	-1
32	29	Lp
32	30	-1
32	31	Lp
32	32	Lp
32	33	Lp
32	34	Lp
32	35	Lp
32	36	-1
32	37	Lp
32	38	Lp
32	39	Lp
32	40	-1
32	41	Lp
32	42	Lp
32	43	Lp
32	44	Lp
32	45	Lp
32	46	Lp
32	47	Lp
32	48	Lp
32	49	Lp
32	50	Lp
32	51	L
32	52	L
32	53	L
32	54	L
32	55	L
32	56	Lp
32	57	Lp
32	58	Lp
32	59	Lp
32	60	Lp
32	61	Lp
32	62	Lp
32	63	Lp
32	64	Lp
32	65	Lp
32	66	Lp
32	67	Lp
32	68	Lp
32	69	Lp
32	70	Lp
32	71	Lp
32	72	Lp
32	73	Lp
32	74	L
32	75	Lp
32	76	Lp
32	77	Lp
32	78	Lp
32	79	-1
32	80	Lp
32	81	Lp
32	82	Lp
32	83	Lp
32	84	Lp
32	85	Lp
32	86	-1
32	87	Lp
32	88	Lp
32	89	Lp
32	90	L
32	91	L
32	92	L
32	93	L
32	94	Lp
32	95	Lp
32	96	Lp
32	97	Lp
32	98	Lp
32	99	Lp
32	100	Lp
32	101	Lp
32	102	Lp
32	103	Lp
32	104	Lp
32	105	Lp
32	106	Lp
32	107	Lp
32	108	Lp
32	109	Lp
32	110	Lp
32	111	Lp
32	112	Lp
32	113	Lp
32	114	Lp
32	115	Lp
32	116	Lp
32	117	Lp
32	118	Lp
32	119	Lp
33	0	L
33	1	Lp
33	2	Lp
33	3	Lp
33	4	Lp
33	5	Lp
33	6	Lp
33	7	Lp
33	8	Lp
33	9	Lp
33	10	Lp
33	11	Lp
33	12	Lp
33	13	Lp
33	14	Lp
33	15	Lp
33	16	-1
33	17	-1
33	18	U
33	19	Lp
33	20	-1
33	21	Lp
33	22	Lp
33	23	Lp
33	24	Lp
33	25	Lp
33	26	Lp
33	27	Lp
33	28	Lp
33	29	Lp
33	30	Lp
33	31	Lp
33	32	-1
33	33	Lp
33	34	Lp
33	35	Lp
33	36	Lp
33	37	Lp
33	38	Lp
33	39	Lp
33	40	Lp
33	41	Lp
33	42	-1
33	43	Lp
33	44	Lp
33	45	-1
33	46	Lp
33	47	Lp
33	48	Lp
33	49	Lp
33	50	Lp
33	51	Lp
33	52	L
33	53	L
33	54	L
33	55	-1
33	56	Lp
33	57	Lp
33	58	Lp
33	59	Lp
33	60	Lp
33	61	Lp
33	62	-1
33	63	Lp
33	64	Lp
33	65	Lp
33	66	Lp
33	67	Lp
33	68	-1
33	69	Lp
33	70	Lp
33	71	Lp
33	72	Lp
33	73	Lp
33	74	L
33	75	Lp
33	76	Lp
33	77	Lp
33	78	Lp
33	79	Lp
33	80	-1
33	81	-1
33	82	Lp
33	83	Lp
33	84	Lp
33	85	-1
33	86	Lp
33	87	Lp
33	88	Lp
33	89	Lp
33	90	Lp
33	91	-1
33	92	Lp
33	93	-1
33	94	L
33	95	Lp
33	96	-1
33	97	Lp
33	98	Lp
33	99	Lp
33	100	Lp
33	101	Lp
33	102	Lp
33	103	Lp
33	104	Lp
33	105	Lp
33	106	Lp
33	107	-1
33	108	Lp
33	109	Lp
33	110	Lp
33	111	Lp
33	112	Lp
33	113	Lp
33	114	Lp
33	115	-1
33	116	Lp
33	117	U
33	118	L
33	119	Lp
34	0	Lp
34	1	L
34	2	Lp
34	3	Lp
34	4	Lp
34	5	Lp
34	6	Lp
34	7	Lp
34	8	Lp
34	9	Lp
34	10	Lp
34	11	Lp
34	12	L
34	13	Lp
34	14	Lp
34	15	Lp
34	16	Lp
34	17	Lp
34	18	Lp
34	19	-1
34	20	Lp
34	21	Lp
34	22	Lp
34	23	Lp
34	24	Lp
34	25	-1
34	26	Lp
34	27	Lp
34	28	Lp
34	29	-1
34	30	Lp
34	31	Lp
34	32	Lp
34	33	Lp
34	34	Lp
34	35	Lp
34	36	Lp
34	37	Lp
34	38	Lp
34	39	-1
34	40	Lp
34	41	Lp
34	42	Lp
34	43	Lp
34	44	Lp
34	45	Lp
34	46	Lp
34	47	Lp
34	48	-1
34	49	Lp
34	50	Lp
34	51	Lp
34	52	Lp
34	53	-1
34	54	Lp
34	55	L
34	56	Lp
34	57	Lp
34	58	-1
34	59	Lp
34	60	Lp
34	61	Lp
34	62	Lp
34	63	-1
34	64	Lp
34	65	Lp
34	66	Lp
34	67	Lp
34	68	Lp
34	69	Lp
34	70	Lp
34	71	Lp
34	72	-1
34	73	Lp
34	74	Lp
34	75	Lp
34	76	-1
34	77	Lp
34	78	Lp
34	79	Lp
34	80	Lp
34	81	Lp
34	82	Lp
34	83	Lp
34	84	Lp
34	85	-1
34	86	Lp
34	87	Lp
34	88	Lp
34	89	-1
34	90	-1
34	91	Lp
34	92	Lp
34	93	Lp
34	94	Lp
34	95	Lp
34	96	Lp
34	97	Lp
34	98	-1
34	99	Lp
34	100	Lp
34	101	Lp
34	102	Lp
34	103	Lp
34	104	Lp
34	105	Lp
34	106	Lp
34	107	Lp
34	108	Lp
34	109	Lp
34	110	Lp
34	111	Lp
34	112	-1
34	113	Lp
34	114	L
34	115	Lp
34	116	Lp
34	117	U
34	118	Lp
34	119	Lp
35	0	Lp
35	1	-1
35	2	-1
35	3	Lp
35	4	Lp
35	5	Lp
35	6	Lp
35	7	Lp
35	8	-1
35	9	Lp
35	10	Lp
35	11	Lp
35	12	Lp
35	13	-1
35	14	L
35	15	Lp
35	16	-1
35	17	Lp
35	18	-1
35	19	-1
35	20	Lp
35	21	Lp
35	22	Lp
35	23	Lp
35	24	Lp
35	25	-1
35	26	Lp
35	27	Lp
35	28	Lp
35	29	Lp
35	30	Lp
35	31	Lp
35	32	-1
35	33	Lp
35	34	Lp
35	35	Lp
35	36	Lp
35	37	Lp
35	38	Lp
35	39	-1
35	40	Lp
35	41	Lp
35	42	Lp
35	43	Lp
35	44	Lp
35	45	-1
35	46	Lp
35	47	-1
35	48	Lp
35	49	Lp
35	50	Lp
35	51	-1
35	52	L
35	53	-1
35	54	U
35	55	Lp
35	56	-1
35	57	Lp
35	58	Lp
35	59	Lp
35	60	Lp
35	61	Lp
35	62	Lp
35	63	U
35	64	Lp
35	65	Lp
35	66	Lp
35	67	-1
35	68	Lp
35	69	-1
35	70	Lp
35	71	Lp
35	72	Lp
35	73	-1
35	74	-1
35	75	Lp
35	76	Lp
35	77	-1
35	78	Lp
35	79	Lp
35	80	Lp
35	81	Lp
35	82	Lp
35	83	Lp
35	84	Lp
35	85	Lp
35	86	Lp
35	87	Lp
35	88	Lp
35	89	Lp
35	90	Lp
35	91	Lp
35	92	Lp
35	93	Lp
35	94	Lp
35	95	-1
35	96	Lp
35	97	Lp
35	98	Lp
35	99	-1
35	100	Lp
35	101	Lp
35	102	Lp
35	103	Lp
35	104	Lp
35	105	Lp
35	106	Lp
35	107	Lp
35	108	Lp
35	109	-1
35	110	Lp
35	111	Lp
35	112	Lp
35	113	Lp
35	114	Lp
35	115	L
35	116	U
35	117	U
35	118	U
35	119	U
36	0	U
36	1	Lp
36	2	L
36	3	-1
36	4	Lp
36	5	Lp
36	6	Lp
36	7	Lp
36	8	L
36	9	L
36	10	-1
36	11	Lp
36	12	Lp
36	13	Lp
36	14	Lp
36	15	L
36	16	L
36	17	Lp
36	18	Lp
36	19	Lp
36	20	Lp
36	21	-1
36	22	Lp
36	23	Lp
36	24	Lp
36	25	Lp
36	26	-1
36	27	Lp
36	28	Lp
36	29	Lp
36	30	-1
36	31	Lp
36	32	Lp
36	33	Lp
36	34	Lp
36	35	Lp
36	36	Lp
36	37	Lp
36	38	Lp
36	39	Lp
36	40	-1
36	41	Lp
36	42	Lp
36	43	Lp
36	44	Lp
36	45	Lp
36	46	Lp
36	47	Lp
36	48	Lp
36	49	Lp
36	50	-1
36	51	Lp
36	52	L
36	53	-1
36	54	Lp
36	55	U
36	56	Lp
36	57	Lp
36	58	Lp
36	59	Lp
36	60	Lp
36	61	-1
36	62	U
36	63	Lp
36	64	Lp
36	65	Lp
36	66	Lp
36	67	Lp
36	68	Lp
36	69	Lp
36	70	Lp
36	71	Lp
36	72	Lp
36	73	Lp
36	74	-1
36	75	Lp
36	76	Lp
36	77	Lp
36	78	Lp
36	79	-1
36	80	U
36	81	U
36	82	Lp
36	83	Lp
36	84	Lp
36	85	Lp
36	86	Lp
36	87	Lp
36	88	-1
36	89	Lp
36	90	Lp
36	91	Lp
36	92	Lp
36	93	Lp
36	94	Lp
36	95	Lp
36	96	Lp
36	97	Lp
36	98	Lp
36	99	Lp
36	100	Lp
36	101	Lp
36	102	Lp
36	103	Lp
36	104	Lp
36	105	Lp
36	106	Lp
36	107	Lp
36	108	Lp
36	109	Lp
36	110	-1
36	111	Lp
36	112	-1
36	113	Lp
36	114	Lp
36	115	L
36	116	U
36	117	U
36	118	U
36	119	U
37	0	L
37	1	L
37	2	Lp
37	3	L
37	4	-1
37	5	-1
37	6	Lp
37	7	L
37	8	Lp
37	9	Lp
37	10	Lp
37	11	-1
37	12	Lp
37	13	Lp
37	14	Lp
37	15	Lp
37	16	Lp
37	17	Lp
37	18	Lp
37	19	Lp
37	20	Lp
37	21	Lp
37	22	Lp
37	23	Lp
37	24	Lp
37	25	Lp
37	26	Lp
37	27	Lp
37	28	Lp
37	29	Lp
37	30	Lp
37	31	Lp
37	32	Lp
37	33	Lp
37	34	Lp
37	35	Lp
37	36	Lp
37	37	-1
37	38	Lp
37	39	Lp
37	40	-1
37	41	Lp
37	42	Lp
37	43	Lp
37	44	Lp
37	45	Lp
37	46	Lp
37	47	Lp
37	48	Lp
37	49	Lp
37	50	Lp
37	51	Lp
37	52	Lp
37	53	Lp
37	54	Lp
37	55	Lp
37	56	U
37	57	U
37	58	Lp
37	59	Lp
37	60	Lp
37	61	Lp
37	62	Lp
37	63	-1
37	64	Lp
37	65	Lp
37	66	Lp
37	67	Lp
37	68	Lp
37	69	Lp
37	70	Lp
37	71	Lp
37	72	Lp
37	73	-1
37	74	Lp
37	75	Lp
37	76	Lp
37	77	Lp
37	78	Lp
37	79	U
37	80	Lp
37	81	U
37	82	Lp
37	83	Lp
37	84	Lp
37	85	Lp
37	86	Lp
37	87	-1
37	88	Lp
37	89	Lp
37	90	Lp
37	91	Lp
37	92	-1
37	93	-1
37	94	Lp
37	95	Lp
37	96	Lp
37	97	Lp
37	98	Lp
37	99	Lp
37	100	Lp
37	101	Lp
37	102	Lp
37	103	Lp
37	104	-1
37	105	Lp
37	106	Lp
37	107	Lp
37	108	Lp
37	109	Lp
37	110	Lp
37	111	-1
37	112	Lp
37	113	Lp
37	114	L
37	115	L
37	116	L
37	117	-1
37	118	L
37	119	L
38	0	Lp
38	1	L
38	2	U
38	3	U
38	4	U
38	5	Lp
38	6	Lp
38	7	Lp
38	8	Lp
38	9	Lp
38	10	L
38	11	L
38	12	Lp
38	13	-1
38	14	Lp
38	15	-1
38	16	Lp
38	17	-1
38	18	-1
38	19	Lp
38	20	Lp
38	21	Lp
38	22	Lp
38	23	Lp
38	24	Lp
38	25	Lp
38	26	Lp
38	27	Lp
38	28	-1
38	29	Lp
38	30	Lp
38	31	Lp
38	32	Lp
38	33	Lp
38	34	Lp
38	35	Lp
38	36	Lp
38	37	Lp
38	38	-1
38	39	-1
38	40	Lp
38	41	Lp
38	42	-1
38	43	Lp
38	44	Lp
38	45	L
38	46	L
38	47	L
38	48	Lp
38	49	Lp
38	50	Lp
38	51	Lp
38	52	Lp
38	53	Lp
38	54	Lp
38	55	U
38	56	U
38	57	Lp
38	58	Lp
38	59	U
38	60	Lp
38	61	L
38	62	L
38	63	L
38	64	Lp
38	65	Lp
38	66	Lp
38	67	Lp
38	68	Lp
38	69	-1
38	70	Lp
38	71	Lp
38	72	Lp
38	73	Lp
38	74	U
38	75	Lp
38	76	-1
38	77	U
38	78	Lp
38	79	-1
38	80	U
38	81	-1
38	82	Lp
38	83	Lp
38	84	Lp
38	85	Lp
38	86	Lp
38	87	Lp
38	88	Lp
38	89	Lp
38	90	Lp
38	91	Lp
38	92	Lp
38	93	Lp
38	94	Lp
38	95	Lp
38	96	Lp
38	97	Lp
38	98	Lp
38	99	Lp
38	100	Lp
38	101	Lp
38	102	Lp
38	103	Lp
38	104	Lp
38	105	Lp
38	106	Lp
38	107	-1
38	108	Lp
38	109	Lp
38	110	Lp
38	111	Lp
38	112	L
38	113	L
38	114	Lp
38	115	L
38	116	L
38	117	L
38	118	U
38	119	Lp
39	0	-1
39	1	Lp
39	2	Lp
39	3	Lp
39	4	U
39	5	Lp
39	6	Lp
39	7	Lp
39	8	Lp
39	9	-1
39	10	Lp
39	11	-1
39	12	Lp
39	13	Lp
39	14	Lp
39	15	Lp
39	16	Lp
39	17	Lp
39	18	Lp
39	19	Lp
39	20	-1
39	21	Lp
39	22	Lp
39	23	Lp
39	24	Lp
39	25	Lp
39	26	Lp
39	27	Lp
39	28	Lp
39	29	-1
39	30	Lp
39	31	-1
39	32	-1
39	33	Lp
39	34	-1
39	35	Lp
39	36	Lp
39	37	Lp
39	38	-1
39	39	Lp
39	40	Lp
39	41	Lp
39	42	Lp
39	43	Lp
39	44	Lp
39	45	L
39	46	Lp
39	47	Lp
39	48	-1
39	49	Lp
39	50	Lp
39	51	Lp
39	52	Lp
39	53	Lp
39	54	U
39	55	L
39	56	U
39	57	U
39	58	Lp
39	59	Lp
39	60	Lp
39	61	L
39	62	L
39	63	Lp
39	64	Lp
39	65	-1
39	66	Lp
39	67	Lp
39	68	Lp
39	69	Lp
39	70	Lp
39	71	Lp
39	72	Lp
39	73	Lp
39	74	Lp
39	75	Lp
39	76	L
39	77	L
39	78	L
39	79	L
39	80	-1
39	81	L
39	82	Lp
39	83	Lp
39	84	Lp
39	85	-1
39	86	Lp
39	87	Lp
39	88	-1
39	89	Lp
39	90	Lp
39	91	Lp
39	92	-1
39	93	Lp
39	94	Lp
39	95	Lp
39	96	Lp
39	97	-1
39	98	Lp
39	99	Lp
39	100	Lp
39	101	Lp
39	102	Lp
39	103	Lp
39	104	Lp
39	105	U
39	106	U
39	107	Lp
39	108	Lp
39	109	-1
39	110	Lp
39	111	L
39	112	Lp
39	113	Lp
39	114	Lp
39	115	Lp
39	116	Lp
39	117	Lp
39	118	-1
39	119	Lp
40	0	Lp
40	1	U
40	2	Lp
40	3	Lp
40	4	Lp
40	5	Lp
40	6	Lp
40	7	Lp
40	8	-1
40	9	-1
40	10	Lp
40	11	Lp
40	12	Lp
40	13	Lp
40	14	Lp
40	15	Lp
40	16	Lp
40	17	-1
40	18	Lp
40	19	Lp
40	20	Lp
40	21	Lp
40	22	Lp
40	23	Lp
40	24	Lp
40	25	Lp
40	26	Lp
40	27	Lp
40	28	-1
40	29	Lp
40	30	Lp
40	31	-1
40	32	-1
40	33	Lp
40	34	Lp
40	35	Lp
40	36	Lp
40	37	Lp
40	38	Lp
40	39	-1
40	40	Lp
40	41	Lp
40	42	Lp
40	43	Lp
40	44	Lp
40	45	Lp
40	46	Lp
40	47	Lp
40	48	Lp
40	49	-1
40	50	Lp
40	51	Lp
40	52	Lp
40	53	Lp
40	54	U
40	55	-1
40	56	L
40	57	Lp
40	58	Lp
40	59	Lp
40	60	Lp
40	61	L
40	62	Lp
40	63	Lp
40	64	Lp
40	65	Lp
40	66	Lp
40	67	-1
40	68	Lp
40	69	Lp
40	70	Lp
40	71	L
40	72	-1
40	73	Lp
40	74	Lp
40	75	Lp
40	76	Lp
40	77	Lp
40	78	L
40	79	L
40	80	L
40	81	Lp
40	82	Lp
40	83	Lp
40	84	Lp
40	85	-1
40	86	Lp
40	87	Lp
40	88	Lp
40	89	Lp
40	90	U
40	91	Lp
40	92	Lp
40	93	Lp
40	94	Lp
40	95	Lp
40	96	Lp
40	97	Lp
40	98	Lp
40	99	Lp
40	100	Lp
40	101	Lp
40	102	Lp
40	103	Lp
40	104	Lp
40	105	Lp
40	106	U
40	107	Lp
40	108	Lp
40	109	-1
40	110	L
40	111	Lp
40	112	Lp
40	113	L
40	114	Lp
40	115	-1
40	116	Lp
40	117	Lp
40	118	Lp
40	119	-1
41	0	Lp
41	1	Lp
41	2	Lp
41	3	-1
41	4	Lp
41	5	Lp
41	6	Lp
41	7	Lp
41	8	Lp
41	9	Lp
41	10	Lp
41	11	Lp
41	12	Lp
41	13	Lp
41	14	Lp
41	15	Lp
41	16	Lp
41	17	Lp
41	18	Lp
41	19	Lp
41	20	Lp
41	21	Lp
41	22	Lp
41	23	Lp
41	24	Lp
41	25	Lp
41	26	Lp
41	27	-1
41	28	Lp
41	29	Lp
41	30	Lp
41	31	Lp
41	32	Lp
41	33	Lp
41	34	Lp
41	35	Lp
41	36	Lp
41	37	Lp
41	38	Lp
41	39	Lp
41	40	Lp
41	41	Lp
41	42	Lp
41	43	Lp
41	44	-1
41	45	Lp
41	46	Lp
41	47	Lp
41	48	Lp
41	49	Lp
41	50	Lp
41	51	Lp
41	52	Lp
41	53	Lp
41	54	Lp
41	55	Lp
41	56	Lp
41	57	Lp
41	58	Lp
41	59	Lp
41	60	Lp
41	61	-1
41	62	Lp
41	63	Lp
41	64	Lp
41	65	Lp
41	66	Lp
41	67	Lp
41	68	Lp
41	69	Lp
41	70	Lp
41	71	Lp
41	72	Lp
41	73	Lp
41	74	Lp
41	75	L
41	76	-1
41	77	-1
41	78	L
41	79	-1
41	80	-1
41	81	Lp
41	82	Lp
41	83	-1
41	84	Lp
41	85	Lp
41	86	Lp
41	87	Lp
41	88	Lp
41	89	-1
41	90	U
41	91	Lp
41	92	-1
41	93	Lp
41	94	-1
41	95	Lp
41	96	Lp
41	97	Lp
41	98	Lp
41	99	Lp
41	100	Lp
41	101	U
41	102	Lp
41	103	Lp
41	104	Lp
41	105	U
41	106	-1
41	107	Lp
41	108	Lp
41	109	U
41	110	-1
41	111	-1
41	112	Lp
41	113	L
41	114	L
41	115	L
41	116	L
41	117	Lp
41	118	L
41	119	Lp
42	0	Lp
42	1	Lp
42	2	Lp
42	3	Lp
42	4	Lp
42	5	U
42	6	Lp
42	7	Lp
42	8	Lp
42	9	Lp
42	10	Lp
42	11	Lp
42	12	Lp
42	13	L
42	14	Lp
42	15	L
42	16	L
42	17	Lp
42	18	Lp
42	19	Lp
42	20	Lp
42	21	Lp
42	22	Lp
42	23	Lp
42	24	Lp
42	25	-1
42	26	Lp
42	27	Lp
42	28	Lp
42	29	Lp
42	30	Lp
42	31	Lp
42	32	Lp
42	33	Lp
42	34	Lp
42	35	Lp
42	36	Lp
42	37	Lp
42	38	-1
42	39	Lp
42	40	Lp
42	41	Lp
42	42	U
42	43	-1
42	44	Lp
42	45	Lp
42	46	Lp
42	47	L
42	48	Lp
42	49	Lp
42	50	Lp
42	51	Lp
42	52	Lp
42	53	Lp
42	54	Lp
42	55	Lp
42	56	-1
42	57	Lp
42	58	Lp
42	59	Lp
42	60	-1
42	61	Lp
42	62	Lp
42	63	Lp
42	64	-1
42	65	Lp
42	66	-1
42	67	Lp
42	68	Lp
42	69	Lp
42	70	Lp
42	71	Lp
42	72	-1
42	73	Lp
42	74	Lp
42	75	Lp
42	76	Lp
42	77	L
42	78	L
42	79	-1
42	80	U
42	81	L
42	82	-1
42	83	Lp
42	84	Lp
42	85	-1
42	86	-1
42	87	Lp
42	88	Lp
42	89	Lp
42	90	U
42	91	Lp
42	92	-1
42	93	-1
42	94	Lp
42	95	Lp
42	96	-1
42	97	Lp
42	98	Lp
42	99	-1
42	100	Lp
42	101	Lp
42	102	Lp
42	103	Lp
42	104	Lp
42	105	Lp
42	106	Lp
42	107	Lp
42	108	-1
42	109	Lp
42	110	-1
42	111	L
42	112	-1
42	113	L
42	114	L
42	115	L
42	116	L
42	117	L
42	118	Lp
42	119	Lp
43	0	Lp
43	1	Lp
43	2	Lp
43	3	Lp
43	4	U
43	5	U
43	6	-1
43	7	Lp
43	8	Lp
43	9	Lp
43	10	Lp
43	11	Lp
43	12	Lp
43	13	-1
43	14	L
43	15	L
43	16	Lp
43	17	Lp
43	18	Lp
43	19	-1
43	20	Lp
43	21	Lp
43	22	Lp
43	23	Lp
43	24	Lp
43	25	-1
43	26	Lp
43	27	Lp
43	28	Lp
43	29	Lp
43	30	Lp
43	31	Lp
43	32	Lp
43	33	Lp
43	34	Lp
43	35	Lp
43	36	Lp
43	37	Lp
43	38	Lp
43	39	Lp
43	40	Lp
43	41	Lp
43	42	Lp
43	43	Lp
43	44	Lp
43	45	Lp
43	46	Lp
43	47	-1
43	48	Lp
43	49	Lp
43	50	Lp
43	51	Lp
43	52	Lp
43	53	Lp
43	54	Lp
43	55	Lp
43	56	Lp
43	57	Lp
43	58	Lp
43	59	Lp
43	60	Lp
43	61	Lp
43	62	L
43	63	Lp
43	64	Lp
43	65	Lp
43	66	Lp
43	67	-1
43	68	Lp
43	69	Lp
43	70	Lp
43	71	Lp
43	72	Lp
43	73	Lp
43	74	Lp
43	75	-1
43	76	-1
43	77	L
43	78	L
43	79	L
43	80	L
43	81	L
43	82	Lp
43	83	L
43	84	Lp
43	85	-1
43	86	Lp
43	87	Lp
43	88	Lp
43	89	Lp
43	90	Lp
43	91	-1
43	92	Lp
43	93	L
43	94	L
43	95	L
43	96	U
43	97	L
43	98	Lp
43	99	Lp
43	100	Lp
43	101	Lp
43	102	Lp
43	103	Lp
43	104	Lp
43	105	Lp
43	106	Lp
43	107	Lp
43	108	Lp
43	109	Lp
43	110	Lp
43	111	L
43	112	L
43	113	L
43	114	L
43	115	L
43	116	L
43	117	Lp
43	118	L
43	119	Lp
44	0	-1
44	1	Lp
44	2	Lp
44	3	U
44	4	Lp
44	5	Lp
44	6	Lp
44	7	Lp
44	8	Lp
44	9	Lp
44	10	Lp
44	11	-1
44	12	-1
44	13	L
44	14	Lp
44	15	Lp
44	16	Lp
44	17	Lp
44	18	Lp
44	19	Lp
44	20	Lp
44	21	Lp
44	22	Lp
44	23	Lp
44	24	Lp
44	25	Lp
44	26	Lp
44	27	-1
44	28	Lp
44	29	Lp
44	30	Lp
44	31	Lp
44	32	Lp
44	33	Lp
44	34	Lp
44	35	Lp
44	36	L
44	37	Lp
44	38	Lp
44	39	Lp
44	40	U
44	41	Lp
44	42	Lp
44	43	Lp
44	44	Lp
44	45	Lp
44	46	Lp
44	47	L
44	48	Lp
44	49	Lp
44	50	Lp
44	51	Lp
44	52	Lp
44	53	Lp
44	54	-1
44	55	Lp
44	56	Lp
44	57	Lp
44	58	Lp
44	59	Lp
44	60	Lp
44	61	Lp
44	62	Lp
44	63	Lp
44	64	U
44	65	U
44	66	U
44	67	L
44	68	-1
44	69	Lp
44	70	Lp
44	71	-1
44	72	Lp
44	73	Lp
44	74	Lp
44	75	Lp
44	76	-1
44	77	Lp
44	78	L
44	79	L
44	80	L
44	81	L
44	82	L
44	83	Lp
44	84	Lp
44	85	Lp
44	86	Lp
44	87	Lp
44	88	Lp
44	89	Lp
44	90	Lp
44	91	Lp
44	92	Lp
44	93	Lp
44	94	Lp
44	95	L
44	96	L
44	97	L
44	98	Lp
44	99	-1
44	100	Lp
44	101	-1
44	102	Lp
44	103	-1
44	104	Lp
44	105	Lp
44	106	Lp
44	107	Lp
44	108	Lp
44	109	Lp
44	110	-1
44	111	L
44	112	L
44	113	-1
44	114	Lp
44	115	Lp
44	116	Lp
44	117	Lp
44	118	-1
44	119	-1
45	0	Lp
45	1	-1
45	2	Lp
45	3	Lp
45	4	Lp
45	5	Lp
45	6	Lp
45	7	Lp
45	8	Lp
45	9	Lp
45	10	-1
45	11	Lp
45	12	Lp
45	13	L
45	14	Lp
45	15	Lp
45	16	Lp
45	17	Lp
45	18	Lp
45	19	Lp
45	20	Lp
45	21	Lp
45	22	U
45	23	Lp
45	24	Lp
45	25	Lp
45	26	Lp
45	27	-1
45	28	Lp
45	29	Lp
45	30	Lp
45	31	Lp
45	32	Lp
45	33	Lp
45	34	Lp
45	35	Lp
45	36	L
45	37	-1
45	38	Lp
45	39	Lp
45	40	-1
45	41	U
45	42	Lp
45	43	Lp
45	44	Lp
45	45	-1
45	46	-1
45	47	L
45	48	L
45	49	L
45	50	Lp
45	51	Lp
45	52	Lp
45	53	Lp
45	54	-1
45	55	Lp
45	56	Lp
45	57	Lp
45	58	Lp
45	59	Lp
45	60	Lp
45	61	Lp
45	62	Lp
45	63	Lp
45	64	-1
45	65	U
45	66	L
45	67	Lp
45	68	-1
45	69	Lp
45	70	Lp
45	71	Lp
45	72	Lp
45	73	Lp
45	74	Lp
45	75	Lp
45	76	Lp
45	77	Lp
45	78	L
45	79	L
45	80	-1
45	81	L
45	82	L
45	83	Lp
45	84	Lp
45	85	Lp
45	86	Lp
45	87	Lp
45	88	Lp
45	89	Lp
45	90	Lp
45	91	Lp
45	92	Lp
45	93	Lp
45	94	Lp
45	95	Lp
45	96	L
45	97	Lp
45	98	L
45	99	Lp
45	100	Lp
45	101	-1
45	102	Lp
45	103	-1
45	104	Lp
45	105	-1
45	106	Lp
45	107	Lp
45	108	Lp
45	109	Lp
45	110	-1
45	111	Lp
45	112	L
45	113	L
45	114	Lp
45	115	Lp
45	116	L
45	117	Lp
45	118	Lp
45	119	Lp
46	0	Lp
46	1	-1
46	2	-1
46	3	-1
46	4	Lp
46	5	Lp
46	6	Lp
46	7	Lp
46	8	Lp
46	9	Lp
46	10	Lp
46	11	Lp
46	12	Lp
46	13	L
46	14	Lp
46	15	Lp
46	16	Lp
46	17	Lp
46	18	-1
46	19	-1
46	20	-1
46	21	U
46	22	U
46	23	Lp
46	24	Lp
46	25	Lp
46	26	Lp
46	27	Lp
46	28	Lp
46	29	Lp
46	30	Lp
46	31	Lp
46	32	Lp
46	33	Lp
46	34	Lp
46	35	Lp
46	36	Lp
46	37	L
46	38	-1
46	39	Lp
46	40	Lp
46	41	-1
46	42	Lp
46	43	Lp
46	44	Lp
46	45	Lp
46	46	Lp
46	47	Lp
46	48	Lp
46	49	L
46	50	Lp
46	51	Lp
46	52	L
46	53	L
46	54	Lp
46	55	Lp
46	56	Lp
46	57	Lp
46	58	Lp
46	59	Lp
46	60	Lp
46	61	Lp
46	62	Lp
46	63	Lp
46	64	Lp
46	65	-1
46	66	Lp
46	67	Lp
46	68	Lp
46	69	Lp
46	70	Lp
46	71	Lp
46	72	Lp
46	73	Lp
46	74	Lp
46	75	Lp
46	76	Lp
46	77	Lp
46	78	L
46	79	-1
46	80	L
46	81	L
46	82	L
46	83	-1
46	84	Lp
46	85	Lp
46	86	Lp
46	87	Lp
46	88	Lp
46	89	Lp
46	90	Lp
46	91	Lp
46	92	Lp
46	93	Lp
46	94	Lp
46	95	L
46	96	L
46	97	L
46	98	Lp
46	99	Lp
46	100	Lp
46	101	Lp
46	102	-1
46	103	Lp
46	104	Lp
46	105	Lp
46	106	Lp
46	107	Lp
46	108	Lp
46	109	Lp
46	110	Lp
46	111	Lp
46	112	Lp
46	113	Lp
46	114	Lp
46	115	Lp
46	116	Lp
46	117	Lp
46	118	Lp
46	119	Lp
47	0	Lp
47	1	Lp
47	2	Lp
47	3	Lp
47	4	Lp
47	5	Lp
47	6	Lp
47	7	Lp
47	8	Lp
47	9	Lp
47	10	Lp
47	11	Lp
47	12	-1
47	13	L
47	14	Lp
47	15	Lp
47	16	Lp
47	17	Lp
47	18	Lp
47	19	Lp
47	20	Lp
47	21	Lp
47	22	Lp
47	23	Lp
47	24	Lp
47	25	Lp
47	26	Lp
47	27	Lp
47	28	Lp
47	29	Lp
47	30	Lp
47	31	Lp
47	32	Lp
47	33	Lp
47	34	Lp
47	35	Lp
47	36	Lp
47	37	-1
47	38	Lp
47	39	Lp
47	40	Lp
47	41	Lp
47	42	Lp
47	43	Lp
47	44	Lp
47	45	Lp
47	46	Lp
47	47	Lp
47	48	Lp
47	49	L
47	50	L
47	51	L
47	52	L
47	53	L
47	54	Lp
47	55	Lp
47	56	Lp
47	57	Lp
47	58	Lp
47	59	Lp
47	60	Lp
47	61	Lp
47	62	Lp
47	63	Lp
47	64	Lp
47	65	Lp
47	66	Lp
47	67	Lp
47	68	Lp
47	69	Lp
47	70	U
47	71	Lp
47	72	Lp
47	73	Lp
47	74	Lp
47	75	Lp
47	76	-1
47	77	L
47	78	L
47	79	L
47	80	-1
47	81	L
47	82	Lp
47	83	Lp
47	84	U
47	85	Lp
47	86	Lp
47	87	Lp
47	88	Lp
47	89	Lp
47	90	-1
47	91	Lp
47	92	-1
47	93	Lp
47	94	Lp
47	95	Lp
47	96	-1
47	97	Lp
47	98	Lp
47	99	Lp
47	100	Lp
47	101	Lp
47	102	Lp
47	103	-1
47	104	Lp
47	105	Lp
47	106	Lp
47	107	Lp
47	108	Lp
47	109	Lp
47	110	Lp
47	111	Lp
47	112	Lp
47	113	Lp
47	114	Lp
47	115	Lp
47	116	-1
47	117	Lp
47	118	Lp
47	119	Lp
48	0	-1
48	1	Lp
48	2	Lp
48	3	Lp
48	4	-1
48	5	Lp
48	6	Lp
48	7	Lp
48	8	Lp
48	9	Lp
48	10	Lp
48	11	Lp
48	12	Lp
48	13	Lp
48	14	Lp
48	15	Lp
48	16	Lp
48	17	Lp
48	18	Lp
48	19	Lp
48	20	Lp
48	21	Lp
48	22	Lp
48	23	Lp
48	24	Lp
48	25	Lp
48	26	Lp
48	27	Lp
48	28	-1
48	29	Lp
48	30	Lp
48	31	Lp
48	32	Lp
48	33	Lp
48	34	Lp
48	35	Lp
48	36	Lp
48	37	Lp
48	38	Lp
48	39	Lp
48	40	L
48	41	Lp
48	42	Lp
48	43	Lp
48	44	-1
48	45	Lp
48	46	Lp
48	47	Lp
48	48	L
48	49	L
48	50	-1
48	51	L
48	52	Lp
48	53	Lp
48	54	Lp
48	55	U
48	56	Lp
48	57	Lp
48	58	-1
48	59	Lp
48	60	Lp
48	61	L
48	62	L
48	63	Lp
48	64	Lp
48	65	Lp
48	66	Lp
48	67	Lp
48	68	L
48	69	Lp
48	70	Lp
48	71	U
48	72	Lp
48	73	Lp
48	74	Lp
48	75	-1
48	76	Lp
48	77	Lp
48	78	L
48	79	L
48	80	L
48	81	L
48	82	Lp
48	83	-1
48	84	Lp
48	85	Lp
48	86	Lp
48	87	Lp
48	88	Lp
48	89	Lp
48	90	Lp
48	91	Lp
48	92	Lp
48	93	Lp
48	94	Lp
48	95	Lp
48	96	Lp
48	97	Lp
48	98	-1
48	99	Lp
48	100	Lp
48	101	Lp
48	102	Lp
48	103	Lp
48	104	Lp
48	105	Lp
48	106	Lp
48	107	Lp
48	108	Lp
48	109	Lp
48	110	Lp
48	111	L
48	112	Lp
48	113	-1
48	114	Lp
48	115	Lp
48	116	Lp
48	117	Lp
48	118	Lp
48	119	Lp
49	0	Lp
49	1	Lp
49	2	Lp
49	3	Lp
49	4	-1
49	5	Lp
49	6	Lp
49	7	Lp
49	8	L
49	9	Lp
49	10	Lp
49	11	Lp
49	12	Lp
49	13	-1
49	14	Lp
49	15	Lp
49	16	Lp
49	17	Lp
49	18	Lp
49	19	Lp
49	20	Lp
49	21	Lp
49	22	Lp
49	23	Lp
49	24	Lp
49	25	Lp
49	26	Lp
49	27	Lp
49	28	Lp
49	29	-1
49	30	Lp
49	31	Lp
49	32	Lp
49	33	Lp
49	34	Lp
49	35	Lp
49	36	Lp
49	37	Lp
49	38	Lp
49	39	Lp
49	40	-1
49	41	Lp
49	42	-1
49	43	Lp
49	44	Lp
49	45	Lp
49	46	Lp
49	47	Lp
49	48	-1
49	49	Lp
49	50	L
49	51	L
49	52	Lp
49	53	L
49	54	Lp
49	55	Lp
49	56	Lp
49	57	Lp
49	58	Lp
49	59	L
49	60	L
49	61	L
49	62	Lp
49	63	-1
49	64	Lp
49	65	Lp
49	66	Lp
49	67	Lp
49	68	-1
49	69	Lp
49	70	Lp
49	71	Lp
49	72	Lp
49	73	-1
49	74	-1
49	75	Lp
49	76	Lp
49	77	Lp
49	78	L
49	79	L
49	80	L
49	81	Lp
49	82	Lp
49	83	Lp
49	84	Lp
49	85	Lp
49	86	U
49	87	Lp
49	88	Lp
49	89	Lp
49	90	Lp
49	91	Lp
49	92	Lp
49	93	Lp
49	94	Lp
49	95	Lp
49	96	-1
49	97	Lp
49	98	Lp
49	99	Lp
49	100	Lp
49	101	Lp
49	102	Lp
49	103	Lp
49	104	Lp
49	105	Lp
49	106	Lp
49	107	Lp
49	108	-1
49	109	L
49	110	-1
49	111	Lp
49	112	L
49	113	L
49	114	L
49	115	L
49	116	-1
49	117	Lp
49	118	Lp
49	119	Lp
50	0	Lp
50	1	Lp
50	2	Lp
50	3	Lp
50	4	Lp
50	5	-1
50	6	Lp
50	7	L
50	8	Lp
50	9	Lp
50	10	Lp
50	11	Lp
50	12	Lp
50	13	Lp
50	14	Lp
50	15	Lp
50	16	Lp
50	17	Lp
50	18	Lp
50	19	Lp
50	20	Lp
50	21	Lp
50	22	Lp
50	23	Lp
50	24	Lp
50	25	Lp
50	26	-1
50	27	Lp
50	28	Lp
50	29	Lp
50	30	Lp
50	31	Lp
50	32	Lp
50	33	Lp
50	34	Lp
50	35	Lp
50	36	Lp
50	37	Lp
50	38	Lp
50	39	Lp
50	40	-1
50	41	Lp
50	42	Lp
50	43	Lp
50	44	Lp
50	45	Lp
50	46	Lp
50	47	Lp
50	48	-1
50	49	L
50	50	L
50	51	Lp
50	52	L
50	53	L
50	54	Lp
50	55	Lp
50	56	Lp
50	57	Lp
50	58	-1
50	59	Lp
50	60	Lp
50	61	-1
50	62	L
50	63	Lp
50	64	Lp
50	65	-1
50	66	Lp
50	67	-1
50	68	U
50	69	Lp
50	70	Lp
50	71	Lp
50	72	Lp
50	73	-1
50	74	Lp
50	75	Lp
50	76	Lp
50	77	Lp
50	78	Lp
50	79	Lp
50	80	Lp
50	81	Lp
50	82	Lp
50	83	Lp
50	84	Lp
50	85	Lp
50	86	Lp
50	87	Lp
50	88	Lp
50	89	-1
50	90	Lp
50	91	Lp
50	92	L
50	93	Lp
50	94	L
50	95	Lp
50	96	Lp
50	97	Lp
50	98	Lp
50	99	Lp
50	100	Lp
50	101	-1
50	102	Lp
50	103	-1
50	104	-1
50	105	Lp
50	106	Lp
50	107	L
50	108	L
50	109	Lp
50	110	-1
50	111	-1
50	112	L
50	113	L
50	114	L
50	115	L
50	116	Lp
50	117	Lp
50	118	-1
50	119	Lp
51	0	Lp
51	1	-1
51	2	Lp
51	3	Lp
51	4	Lp
51	5	Lp
51	6	Lp
51	7	Lp
51	8	Lp
51	9	Lp
51	10	Lp
51	11	Lp
51	12	Lp
51	13	Lp
51	14	Lp
51	15	Lp
51	16	Lp
51	17	Lp
51	18	-1
51	19	U
51	20	U
51	21	Lp
51	22	Lp
51	23	Lp
51	24	Lp
51	25	Lp
51	26	Lp
51	27	Lp
51	28	Lp
51	29	Lp
51	30	Lp
51	31	Lp
51	32	Lp
51	33	Lp
51	34	Lp
51	35	Lp
51	36	Lp
51	37	Lp
51	38	Lp
51	39	Lp
51	40	-1
51	41	Lp
51	42	Lp
51	43	Lp
51	44	Lp
51	45	Lp
51	46	-1
51	47	Lp
51	48	-1
51	49	-1
51	50	L
51	51	Lp
51	52	-1
51	53	L
51	54	Lp
51	55	Lp
51	56	-1
51	57	Lp
51	58	Lp
51	59	Lp
51	60	Lp
51	61	L
51	62	-1
51	63	Lp
51	64	Lp
51	65	Lp
51	66	Lp
51	67	Lp
51	68	Lp
51	69	Lp
51	70	Lp
51	71	Lp
51	72	-1
51	73	Lp
51	74	Lp
51	75	Lp
51	76	Lp
51	77	Lp
51	78	Lp
51	79	Lp
51	80	Lp
51	81	Lp
51	82	Lp
51	83	L
51	84	Lp
51	85	Lp
51	86	Lp
51	87	Lp
51	88	Lp
51	89	-1
51	90	-1
51	91	L
51	92	L
51	93	-1
51	94	L
51	95	L
51	96	Lp
51	97	Lp
51	98	Lp
51	99	Lp
51	100	Lp
51	101	Lp
51	102	Lp
51	103	Lp
51	104	Lp
51	105	Lp
51	106	Lp
51	107	L
51	108	L
51	109	-1
51	110	Lp
51	111	Lp
51	112	Lp
51	113	-1
51	114	Lp
51	115	Lp
51	116	Lp
51	117	L
51	118	Lp
51	119	Lp
52	0	-1
52	1	Lp
52	2	Lp
52	3	Lp
52	4	Lp
52	5	-1
52	6	Lp
52	7	Lp
52	8	Lp
52	9	Lp
52	10	Lp
52	11	Lp
52	12	Lp
52	13	Lp
52	14	Lp
52	15	Lp
52	16	Lp
52	17	Lp
52	18	L
52	19	Lp
52	20	Lp
52	21	Lp
52	22	-1
52	23	Lp
52	24	Lp
52	25	Lp
52	26	-1
52	27	-1
52	28	Lp
52	29	Lp
52	30	Lp
52	31	Lp
52	32	Lp
52	33	Lp
52	34	Lp
52	35	Lp
52	36	Lp
52	37	Lp
52	38	Lp
52	39	-1
52	40	Lp
52	41	Lp
52	42	Lp
52	43	-1
52	44	-1
52	45	Lp
52	46	Lp
52	47	Lp
52	48	Lp
52	49	Lp
52	50	Lp
52	51	Lp
52	52	-1
52	53	L
52	54	L
52	55	Lp
52	56	-1
52	57	Lp
52	58	-1
52	59	-1
52	60	Lp
52	61	Lp
52	62	L
52	63	Lp
52	64	Lp
52	65	Lp
52	66	Lp
52	67	Lp
52	68	Lp
52	69	Lp
52	70	Lp
52	71	-1
52	72	Lp
52	73	Lp
52	74	-1
52	75	Lp
52	76	Lp
52	77	Lp
52	78	-1
52	79	Lp
52	80	Lp
52	81	Lp
52	82	-1
52	83	Lp
52	84	-1
52	85	Lp
52	86	Lp
52	87	Lp
52	88	Lp
52	89	L
52	90	L
52	91	-1
52	92	L
52	93	L
52	94	Lp
52	95	Lp
52	96	Lp
52	97	Lp
52	98	Lp
52	99	Lp
52	100	Lp
52	101	L
52	102	Lp
52	103	Lp
52	104	Lp
52	105	Lp
52	106	L
52	107	L
52	108	Lp
52	109	Lp
52	110	Lp
52	111	Lp
52	112	-1
52	113	Lp
52	114	L
52	115	L
52	116	L
52	117	L
52	118	Lp
52	119	Lp
53	0	Lp
53	1	Lp
53	2	Lp
53	3	-1
53	4	Lp
53	5	Lp
53	6	Lp
53	7	Lp
53	8	Lp
53	9	Lp
53	10	Lp
53	11	Lp
53	12	-1
53	13	Lp
53	14	Lp
53	15	U
53	16	Lp
53	17	Lp
53	18	Lp
53	19	-1
53	20	-1
53	21	Lp
53	22	Lp
53	23	Lp
53	24	Lp
53	25	Lp
53	26	Lp
53	27	Lp
53	28	Lp
53	29	Lp
53	30	Lp
53	31	Lp
53	32	Lp
53	33	Lp
53	34	-1
53	35	Lp
53	36	Lp
53	37	-1
53	38	Lp
53	39	Lp
53	40	-1
53	41	Lp
53	42	Lp
53	43	Lp
53	44	-1
53	45	Lp
53	46	Lp
53	47	Lp
53	48	Lp
53	49	Lp
53	50	Lp
53	51	Lp
53	52	Lp
53	53	Lp
53	54	L
53	55	Lp
53	56	-1
53	57	L
53	58	Lp
53	59	Lp
53	60	Lp
53	61	Lp
53	62	L
53	63	Lp
53	64	Lp
53	65	Lp
53	66	Lp
53	67	Lp
53	68	Lp
53	69	Lp
53	70	Lp
53	71	Lp
53	72	Lp
53	73	Lp
53	74	Lp
53	75	Lp
53	76	-1
53	77	L
53	78	L
53	79	Lp
53	80	-1
53	81	Lp
53	82	-1
53	83	Lp
53	84	Lp
53	85	-1
53	86	Lp
53	87	Lp
53	88	L
53	89	L
53	90	Lp
53	91	L
53	92	L
53	93	L
53	94	Lp
53	95	Lp
53	96	Lp
53	97	Lp
53	98	-1
53	99	Lp
53	100	Lp
53	101	Lp
53	102	Lp
53	103	Lp
53	104	Lp
53	105	Lp
53	106	L
53	107	Lp
53	108	Lp
53	109	Lp
53	110	Lp
53	111	-1
53	112	-1
53	113	Lp
53	114	L
53	115	Lp
53	116	Lp
53	117	-1
53	118	Lp
53	119	Lp
54	0	Lp
54	1	-1
54	2	Lp
54	3	Lp
54	4	Lp
54	5	Lp
54	6	Lp
54	7	Lp
54	8	Lp
54	9	Lp
54	10	-1
54	11	Lp
54	12	Lp
54	13	Lp
54	14	Lp
54	15	-1
54	16	Lp
54	17	U
54	18	L
54	19	L
54	20	L
54	21	-1
54	22	U
54	23	Lp
54	24	Lp
54	25	Lp
54	26	Lp
54	27	Lp
54	28	Lp
54	29	Lp
54	30	Lp
54	31	Lp
54	32	Lp
54	33	U
54	34	L
54	35	L
54	36	Lp
54	37	Lp
54	38	-1
54	39	Lp
54	40	Lp
54	41	-1
54	42	Lp
54	43	Lp
54	44	Lp
54	45	-1
54	46	Lp
54	47	Lp
54	48	Lp
54	49	Lp
54	50	Lp
54	51	Lp
54	52	Lp
54	53	L
54	54	L
54	55	Lp
54	56	L
54	57	-1
54	58	Lp
54	59	L
54	60	Lp
54	61	Lp
54	62	Lp
54	63	L
54	64	Lp
54	65	Lp
54	66	-1
54	67	U
54	68	Lp
54	69	-1
54	70	Lp
54	71	Lp
54	72	Lp
54	73	-1
54	74	U
54	75	-1
54	76	-1
54	77	U
54	78	L
54	79	U
54	80	L
54	81	Lp
54	82	Lp
54	83	Lp
54	84	Lp
54	85	L
54	86	L
54	87	L
54	88	Lp
54	89	L
54	90	L
54	91	Lp
54	92	Lp
54	93	Lp
54	94	Lp
54	95	Lp
54	96	Lp
54	97	Lp
54	98	Lp
54	99	Lp
54	100	Lp
54	101	Lp
54	102	L
54	103	-1
54	104	L
54	105	L
54	106	L
54	107	Lp
54	108	Lp
54	109	Lp
54	110	-1
54	111	Lp
54	112	Lp
54	113	Lp
54	114	Lp
54	115	L
54	116	Lp
54	117	-1
54	118	Lp
54	119	Lp
55	0	Lp
55	1	Lp
55	2	Lp
55	3	L
55	4	L
55	5	-1
55	6	Lp
55	7	Lp
55	8	-1
55	9	Lp
55	10	Lp
55	11	Lp
55	12	Lp
55	13	Lp
55	14	Lp
55	15	Lp
55	16	Lp
55	17	Lp
55	18	Lp
55	19	L
55	20	Lp
55	21	Lp
55	22	Lp
55	23	Lp
55	24	Lp
55	25	Lp
55	26	Lp
55	27	Lp
55	28	Lp
55	29	Lp
55	30	Lp
55	31	-1
55	32	U
55	33	Lp
55	34	Lp
55	35	L
55	36	Lp
55	37	Lp
55	38	L
55	39	Lp
55	40	-1
55	41	Lp
55	42	Lp
55	43	Lp
55	44	Lp
55	45	U
55	46	Lp
55	47	Lp
55	48	Lp
55	49	L
55	50	L
55	51	Lp
55	52	L
55	53	Lp
55	54	L
55	55	L
55	56	Lp
55	57	Lp
55	58	Lp
55	59	L
55	60	U
55	61	-1
55	62	L
55	63	L
55	64	L
55	65	L
55	66	U
55	67	Lp
55	68	Lp
55	69	Lp
55	70	Lp
55	71	Lp
55	72	Lp
55	73	Lp
55	74	Lp
55	75	Lp
55	76	Lp
55	77	Lp
55	78	L
55	79	-1
55	80	U
55	81	L
55	82	Lp
55	83	Lp
55	84	L
55	85	L
55	86	L
55	87	L
55	88	-1
55	89	Lp
55	90	-1
55	91	Lp
55	92	Lp
55	93	Lp
55	94	Lp
55	95	Lp
55	96	Lp
55	97	Lp
55	98	Lp
55	99	Lp
55	100	Lp
55	101	Lp
55	102	Lp
55	103	L
55	104	L
55	105	-1
55	106	L
55	107	Lp
55	108	Lp
55	109	-1
55	110	Lp
55	111	Lp
55	112	Lp
55	113	Lp
55	114	Lp
55	115	Lp
55	116	Lp
55	117	L
55	118	-1
55	119	-1
56	0	L
56	1	-1
56	2	Lp
56	3	Lp
56	4	L
56	5	L
56	6	Lp
56	7	Lp
56	8	Lp
56	9	Lp
56	10	Lp
56	11	Lp
56	12	Lp
56	13	Lp
56	14	Lp
56	15	Lp
56	16	Lp
56	17	Lp
56	18	Lp
56	19	L
56	20	Lp
56	21	Lp
56	22	Lp
56	23	Lp
56	24	Lp
56	25	Lp
56	26	Lp
56	27	Lp
56	28	Lp
56	29	-1
56	30	Lp
56	31	Lp
56	32	Lp
56	33	-1
56	34	-1
56	35	L
56	36	Lp
56	37	Lp
56	38	L
56	39	L
56	40	Lp
56	41	L
56	42	Lp
56	43	Lp
56	44	Lp
56	45	Lp
56	46	Lp
56	47	Lp
56	48	-1
56	49	-1
56	50	L
56	51	L
56	52	Lp
56	53	-1
56	54	L
56	55	L
56	56	Lp
56	57	Lp
56	58	Lp
56	59	Lp
56	60	L
56	61	Lp
56	62	Lp
56	63	L
56	64	L
56	65	L
56	66	-1
56	67	Lp
56	68	Lp
56	69	Lp
56	70	Lp
56	71	Lp
56	72	Lp
56	73	Lp
56	74	-1
56	75	Lp
56	76	Lp
56	77	Lp
56	78	-1
56	79	Lp
56	80	L
56	81	U
56	82	Lp
56	83	Lp
56	84	Lp
56	85	Lp
56	86	L
56	87	L
56	88	Lp
56	89	L
56	90	Lp
56	91	Lp
56	92	Lp
56	93	Lp
56	94	Lp
56	95	Lp
56	96	Lp
56	97	Lp
56	98	-1
56	99	Lp
56	100	Lp
56	101	Lp
56	102	Lp
56	103	L
56	104	L
56	105	L
56	106	Lp
56	107	Lp
56	108	U
56	109	Lp
56	110	Lp
56	111	Lp
56	112	Lp
56	113	-1
56	114	Lp
56	115	Lp
56	116	L
56	117	Lp
56	118	L
56	119	Lp
57	0	Lp
57	1	Lp
57	2	Lp
57	3	Lp
57	4	L
57	5	L
57	6	Lp
57	7	Lp
57	8	Lp
57	9	Lp
57	10	Lp
57	11	Lp
57	12	Lp
57	13	Lp
57	14	Lp
57	15	Lp
57	16	Lp
57	17	-1
57	18	Lp
57	19	L
57	20	-1
57	21	-1
57	22	Lp
57	23	Lp
57	24	Lp
57	25	Lp
57	26	Lp
57	27	U
57	28	Lp
57	29	Lp
57	30	Lp
57	31	Lp
57	32	Lp
57	33	Lp
57	34	Lp
57	35	L
57	36	Lp
57	37	L
57	38	Lp
57	39	Lp
57	40	L
57	41	L
57	42	-1
57	43	Lp
57	44	Lp
57	45	Lp
57	46	Lp
57	47	Lp
57	48	-1
57	49	Lp
57	50	-1
57	51	Lp
57	52	Lp
57	53	L
57	54	Lp
57	55	L
57	56	L
57	57	-1
57	58	Lp
57	59	Lp
57	60	Lp
57	61	L
57	62	Lp
57	63	Lp
57	64	L
57	65	-1
57	66	L
57	67	L
57	68	Lp
57	69	Lp
57	70	Lp
57	71	Lp
57	72	-1
57	73	Lp
57	74	Lp
57	75	Lp
57	76	-1
57	77	Lp
57	78	Lp
57	79	Lp
57	80	-1
57	81	Lp
57	82	Lp
57	83	L
57	84	Lp
57	85	Lp
57	86	L
57	87	-1
57	88	Lp
57	89	-1
57	90	Lp
57	91	Lp
57	92	Lp
57	93	Lp
57	94	Lp
57	95	Lp
57	96	Lp
57	97	-1
57	98	Lp
57	99	Lp
57	100	Lp
57	101	Lp
57	102	Lp
57	103	Lp
57	104	-1
57	105	Lp
57	106	Lp
57	107	-1
57	108	Lp
57	109	-1
57	110	Lp
57	111	Lp
57	112	Lp
57	113	Lp
57	114	L
57	115	L
57	116	Lp
57	117	Lp
57	118	Lp
57	119	Lp
58	0	L
58	1	Lp
58	2	Lp
58	3	Lp
58	4	-1
58	5	Lp
58	6	-1
58	7	Lp
58	8	Lp
58	9	Lp
58	10	Lp
58	11	Lp
58	12	Lp
58	13	Lp
58	14	Lp
58	15	Lp
58	16	-1
58	17	Lp
58	18	L
58	19	-1
58	20	-1
58	21	Lp
58	22	Lp
58	23	Lp
58	24	Lp
58	25	Lp
58	26	Lp
58	27	Lp
58	28	Lp
58	29	Lp
58	30	Lp
58	31	Lp
58	32	Lp
58	33	L
58	34	Lp
58	35	Lp
58	36	L
58	37	L
58	38	U
58	39	Lp
58	40	Lp
58	41	Lp
58	42	Lp
58	43	L
58	44	L
58	45	L
58	46	Lp
58	47	Lp
58	48	Lp
58	49	Lp
58	50	Lp
58	51	Lp
58	52	-1
58	53	Lp
58	54	Lp
58	55	Lp
58	56	-1
58	57	L
58	58	Lp
58	59	Lp
58	60	Lp
58	61	Lp
58	62	Lp
58	63	Lp
58	64	Lp
58	65	Lp
58	66	L
58	67	Lp
58	68	-1
58	69	-1
58	70	Lp
58	71	-1
58	72	L
58	73	-1
58	74	Lp
58	75	Lp
58	76	Lp
58	77	Lp
58	78	Lp
58	79	Lp
58	80	Lp
58	81	Lp
58	82	Lp
58	83	Lp
58	84	L
58	85	L
58	86	Lp
58	87	-1
58	88	L
58	89	L
58	90	L
58	91	-1
58	92	-1
58	93	Lp
58	94	-1
58	95	Lp
58	96	Lp
58	97	Lp
58	98	Lp
58	99	Lp
58	100	Lp
58	101	Lp
58	102	Lp
58	103	Lp
58	104	Lp
58	105	Lp
58	106	Lp
58	107	Lp
58	108	-1
58	109	Lp
58	110	Lp
58	111	Lp
58	112	Lp
58	113	Lp
58	114	L
58	115	Lp
58	116	Lp
58	117	Lp
58	118	Lp
58	119	Lp
59	0	L
59	1	Lp
59	2	Lp
59	3	U
59	4	Lp
59	5	Lp
59	6	Lp
59	7	Lp
59	8	Lp
59	9	-1
59	10	Lp
59	11	Lp
59	12	Lp
59	13	Lp
59	14	Lp
59	15	Lp
59	16	Lp
59	17	Lp
59	18	Lp
59	19	Lp
59	20	-1
59	21	Lp
59	22	Lp
59	23	Lp
59	24	Lp
59	25	Lp
59	26	Lp
59	27	Lp
59	28	Lp
59	29	Lp
59	30	Lp
59	31	Lp
59	32	-1
59	33	Lp
59	34	L
59	35	L
59	36	L
59	37	L
59	38	U
59	39	-1
59	40	Lp
59	41	Lp
59	42	Lp
59	43	-1
59	44	L
59	45	L
59	46	-1
59	47	L
59	48	-1
59	49	Lp
59	50	Lp
59	51	Lp
59	52	Lp
59	53	U
59	54	Lp
59	55	L
59	56	-1
59	57	Lp
59	58	Lp
59	59	Lp
59	60	Lp
59	61	Lp
59	62	Lp
59	63	Lp
59	64	Lp
59	65	L
59	66	Lp
59	67	L
59	68	L
59	69	Lp
59	70	L
59	71	L
59	72	L
59	73	L
59	74	L
59	75	Lp
59	76	Lp
59	77	Lp
59	78	Lp
59	79	Lp
59	80	Lp
59	81	-1
59	82	-1
59	83	Lp
59	84	L
59	85	-1
59	86	Lp
59	87	L
59	88	Lp
59	89	-1
59	90	Lp
59	91	Lp
59	92	Lp
59	93	Lp
59	94	Lp
59	95	Lp
59	96	Lp
59	97	Lp
59	98	Lp
59	99	-1
59	100	Lp
59	101	Lp
59	102	Lp
59	103	Lp
59	104	Lp
59	105	Lp
59	106	Lp
59	107	Lp
59	108	-1
59	109	Lp
59	110	Lp
59	111	-1
59	112	Lp
59	113	Lp
59	114	-1
59	115	L
59	116	Lp
59	117	-1
59	118	L
59	119	U
60	0	L
60	1	Lp
60	2	Lp
60	3	Lp
60	4	Lp
60	5	-1
60	6	Lp
60	7	Lp
60	8	Lp
60	9	Lp
60	10	Lp
60	11	Lp
60	12	Lp
60	13	Lp
60	14	Lp
60	15	Lp
60	16	Lp
60	17	Lp
60	18	Lp
60	19	Lp
60	20	Lp
60	21	Lp
60	22	Lp
60	23	Lp
60	24	Lp
60	25	Lp
60	26	Lp
60	27	Lp
60	28	-1
60	29	Lp
60	30	Lp
60	31	-1
60	32	L
60	33	L
60	34	L
60	35	Lp
60	36	Lp
60	37	-1
60	38	Lp
60	39	Lp
60	40	-1
60	41	U
60	42	Lp
60	43	L
60	44	-1
60	45	L
60	46	L
60	47	L
60	48	Lp
60	49	Lp
60	50	Lp
60	51	Lp
60	52	-1
60	53	Lp
60	54	Lp
60	55	Lp
60	56	L
60	57	Lp
60	58	Lp
60	59	Lp
60	60	Lp
60	61	Lp
60	62	Lp
60	63	L
60	64	L
60	65	L
60	66	Lp
60	67	L
60	68	L
60	69	-1
60	70	L
60	71	L
60	72	Lp
60	73	L
60	74	Lp
60	75	Lp
60	76	Lp
60	77	Lp
60	78	Lp
60	79	Lp
60	80	-1
60	81	Lp
60	82	Lp
60	83	Lp
60	84	L
60	85	Lp
60	86	Lp
60	87	Lp
60	88	Lp
60	89	Lp
60	90	Lp
60	91	Lp
60	92	L
60	93	Lp
60	94	Lp
60	95	Lp
60	96	-1
60	97	Lp
60	98	Lp
60	99	Lp
60	100	Lp
60	101	Lp
60	102	Lp
60	103	Lp
60	104	Lp
60	105	Lp
60	106	Lp
60	107	-1
60	108	Lp
60	109	Lp
60	110	Lp
60	111	U
60	112	Lp
60	113	Lp
60	114	Lp
60	115	L
60	116	L
60	117	L
60	118	Lp
60	119	Lp
61	0	Lp
61	1	Lp
61	2	Lp
61	3	Lp
61	4	-1
61	5	Lp
61	6	Lp
61	7	Lp
61	8	Lp
61	9	Lp
61	10	Lp
61	11	Lp
61	12	Lp
61	13	-1
61	14	-1
61	15	Lp
61	16	Lp
61	17	Lp
61	18	Lp
61	19	Lp
61	20	Lp
61	21	Lp
61	22	-1
61	23	Lp
61	24	Lp
61	25	Lp
61	26	Lp
61	27	Lp
61	28	Lp
61	29	Lp
61	30	Lp
61	31	Lp
61	32	L
61	33	L
61	34	L
61	35	Lp
61	36	Lp
61	37	L
61	38	L
61	39	L
61	40	L
61	41	Lp
61	42	-1
61	43	Lp
61	44	Lp
61	45	Lp
61	46	Lp
61	47	L
61	48	Lp
61	49	Lp
61	50	-1
61	51	Lp
61	52	Lp
61	53	Lp
61	54	Lp
61	55	Lp
61	56	Lp
61	57	Lp
61	58	Lp
61	59	Lp
61	60	Lp
61	61	Lp
61	62	Lp
61	63	-1
61	64	L
61	65	L
61	66	L
61	67	L
61	68	-1
61	69	-1
61	70	Lp
61	71	Lp
61	72	L
61	73	Lp
61	74	Lp
61	75	Lp
61	76	Lp
61	77	-1
61	78	L
61	79	Lp
61	80	Lp
61	81	-1
61	82	Lp
61	83	Lp
61	84	Lp
61	85	Lp
61	86	Lp
61	87	Lp
61	88	-1
61	89	Lp
61	90	Lp
61	91	Lp
61	92	Lp
61	93	Lp
61	94	Lp
61	95	-1
61	96	Lp
61	97	-1
61	98	Lp
61	99	Lp
61	100	Lp
61	101	Lp
61	102	Lp
61	103	Lp
61	104	Lp
61	105	Lp
61	106	Lp
61	107	Lp
61	108	Lp
61	109	Lp
61	110	Lp
61	111	-1
61	112	Lp
61	113	Lp
61	114	L
61	115	Lp
61	116	L
61	117	L
61	118	L
61	119	L
62	0	Lp
62	1	Lp
62	2	Lp
62	3	-1
62	4	Lp
62	5	Lp
62	6	Lp
62	7	Lp
62	8	Lp
62	9	Lp
62	10	Lp
62	11	Lp
62	12	Lp
62	13	Lp
62	14	Lp
62	15	Lp
62	16	Lp
62	17	Lp
62	18	Lp
62	19	Lp
62	20	Lp
62	21	U
62	22	Lp
62	23	-1
62	24	Lp
62	25	-1
62	26	Lp
62	27	Lp
62	28	Lp
62	29	Lp
62	30	Lp
62	31	Lp
62	32	L
62	33	L
62	34	-1
62	35	L
62	36	Lp
62	37	Lp
62	38	Lp
62	39	L
62	40	L
62	41	Lp
62	42	-1
62	43	Lp
62	44	Lp
62	45	Lp
62	46	Lp
62	47	Lp
62	48	Lp
62	49	Lp
62	50	Lp
62	51	Lp
62	52	Lp
62	53	Lp
62	54	Lp
62	55	Lp
62	56	Lp
62	57	-1
62	58	Lp
62	59	Lp
62	60	-1
62	61	-1
62	62	L
62	63	L
62	64	-1
62	65	L
62	66	L
62	67	L
62	68	L
62	69	L
62	70	Lp
62	71	Lp
62	72	Lp
62	73	Lp
62	74	L
62	75	L
62	76	L
62	77	Lp
62	78	Lp
62	79	L
62	80	Lp
62	81	-1
62	82	Lp
62	83	Lp
62	84	Lp
62	85	Lp
62	86	Lp
62	87	-1
62	88	Lp
62	89	L
62	90	Lp
62	91	-1
62	92	Lp
62	93	Lp
62	94	Lp
62	95	U
62	96	Lp
62	97	Lp
62	98	Lp
62	99	Lp
62	100	-1
62	101	-1
62	102	Lp
62	103	Lp
62	104	Lp
62	105	-1
62	106	Lp
62	107	Lp
62	108	Lp
62	109	-1
62	110	Lp
62	111	Lp
62	112	Lp
62	113	Lp
62	114	Lp
62	115	Lp
62	116	Lp
62	117	L
62	118	-1
62	119	Lp
63	0	Lp
63	1	Lp
63	2	Lp
63	3	Lp
63	4	Lp
63	5	Lp
63	6	Lp
63	7	-1
63	8	Lp
63	9	Lp
63	10	Lp
63	11	Lp
63	12	Lp
63	13	Lp
63	14	-1
63	15	-1
63	16	Lp
63	17	Lp
63	18	Lp
63	19	Lp
63	20	U
63	21	U
63	22	Lp
63	23	Lp
63	24	Lp
63	25	Lp
63	26	-1
63	27	Lp
63	28	Lp
63	29	Lp
63	30	L
63	31	Lp
63	32	Lp
63	33	-1
63	34	Lp
63	35	L
63	36	Lp
63	37	L
63	38	Lp
63	39	L
63	40	L
63	41	Lp
63	42	-1
63	43	Lp
63	44	Lp
63	45	Lp
63	46	Lp
63	47	Lp
63	48	Lp
63	49	-1
63	50	Lp
63	51	Lp
63	52	Lp
63	53	Lp
63	54	Lp
63	55	Lp
63	56	Lp
63	57	Lp
63	58	-1
63	59	Lp
63	60	Lp
63	61	-1
63	62	L
63	63	L
63	64	-1
63	65	L
63	66	L
63	67	Lp
63	68	Lp
63	69	Lp
63	70	Lp
63	71	-1
63	72	Lp
63	73	Lp
63	74	L
63	75	L
63	76	Lp
63	77	Lp
63	78	Lp
63	79	Lp
63	80	L
63	81	Lp
63	82	Lp
63	83	Lp
63	84	Lp
63	85	Lp
63	86	Lp
63	87	Lp
63	88	Lp
63	89	Lp
63	90	L
63	91	Lp
63	92	-1
63	93	Lp
63	94	Lp
63	95	Lp
63	96	Lp
63	97	-1
63	98	Lp
63	99	Lp
63	100	Lp
63	101	Lp
63	102	Lp
63	103	Lp
63	104	Lp
63	105	Lp
63	106	Lp
63	107	Lp
63	108	Lp
63	109	Lp
63	110	Lp
63	111	L
63	112	Lp
63	113	Lp
63	114	Lp
63	115	-1
63	116	-1
63	117	Lp
63	118	Lp
63	119	Lp
64	0	Lp
64	1	Lp
64	2	Lp
64	3	Lp
64	4	Lp
64	5	Lp
64	6	Lp
64	7	Lp
64	8	Lp
64	9	Lp
64	10	Lp
64	11	Lp
64	12	L
64	13	Lp
64	14	Lp
64	15	Lp
64	16	Lp
64	17	-1
64	18	U
64	19	U
64	20	U
64	21	Lp
64	22	-1
64	23	Lp
64	24	Lp
64	25	Lp
64	26	Lp
64	27	Lp
64	28	-1
64	29	Lp
64	30	-1
64	31	Lp
64	32	L
64	33	Lp
64	34	Lp
64	35	Lp
64	36	Lp
64	37	L
64	38	L
64	39	-1
64	40	Lp
64	41	Lp
64	42	L
64	43	L
64	44	Lp
64	45	Lp
64	46	-1
64	47	Lp
64	48	Lp
64	49	Lp
64	50	Lp
64	51	Lp
64	52	Lp
64	53	Lp
64	54	Lp
64	55	Lp
64	56	L
64	57	L
64	58	Lp
64	59	L
64	60	-1
64	61	-1
64	62	Lp
64	63	Lp
64	64	Lp
64	65	L
64	66	L
64	67	Lp
64	68	Lp
64	69	Lp
64	70	Lp
64	71	Lp
64	72	-1
64	73	L
64	74	-1
64	75	L
64	76	Lp
64	77	-1
64	78	Lp
64	79	Lp
64	80	Lp
64	81	Lp
64	82	Lp
64	83	Lp
64	84	-1
64	85	Lp
64	86	Lp
64	87	Lp
64	88	Lp
64	89	Lp
64	90	Lp
64	91	L
64	92	Lp
64	93	Lp
64	94	Lp
64	95	U
64	96	Lp
64	97	Lp
64	98	Lp
64	99	Lp
64	100	Lp
64	101	Lp
64	102	Lp
64	103	Lp
64	104	Lp
64	105	Lp
64	106	Lp
64	107	Lp
64	108	Lp
64	109	Lp
64	110	L
64	111	L
64	112	Lp
64	113	Lp
64	114	-1
64	115	Lp
64	116	Lp
64	117	Lp
64	118	Lp
64	119	Lp
65	0	Lp
65	1	Lp
65	2	Lp
65	3	Lp
65	4	Lp
65	5	Lp
65	6	-1
65	7	L
65	8	Lp
65	9	Lp
65	10	-1
65	11	Lp
65	12	-1
65	13	Lp
65	14	Lp
65	15	Lp
65	16	Lp
65	17	Lp
65	18	-1
65	19	-1
65	20	Lp
65	21	Lp
65	22	Lp
65	23	Lp
65	24	Lp
65	25	Lp
65	26	Lp
65	27	Lp
65	28	Lp
65	29	Lp
65	30	U
65	31	Lp
65	32	L
65	33	L
65	34	Lp
65	35	Lp
65	36	Lp
65	37	Lp
65	38	Lp
65	39	-1
65	40	Lp
65	41	Lp
65	42	L
65	43	-1
65	44	Lp
65	45	Lp
65	46	Lp
65	47	-1
65	48	Lp
65	49	-1
65	50	-1
65	51	Lp
65	52	Lp
65	53	L
65	54	-1
65	55	Lp
65	56	Lp
65	57	L
65	58	L
65	59	L
65	60	Lp
65	61	L
65	62	Lp
65	63	Lp
65	64	Lp
65	65	Lp
65	66	L
65	67	Lp
65	68	Lp
65	69	L
65	70	Lp
65	71	L
65	72	Lp
65	73	L
65	74	Lp
65	75	Lp
65	76	Lp
65	77	Lp
65	78	-1
65	79	Lp
65	80	Lp
65	81	Lp
65	82	Lp
65	83	Lp
65	84	Lp
65	85	Lp
65	86	Lp
65	87	Lp
65	88	Lp
65	89	Lp
65	90	Lp
65	91	Lp
65	92	Lp
65	93	Lp
65	94	Lp
65	95	-1
65	96	Lp
65	97	Lp
65	98	Lp
65	99	Lp
65	100	L
65	101	L
65	102	-1
65	103	Lp
65	104	Lp
65	105	Lp
65	106	Lp
65	107	Lp
65	108	Lp
65	109	Lp
65	110	L
65	111	Lp
65	112	Lp
65	113	Lp
65	114	Lp
65	115	Lp
65	116	Lp
65	117	L
65	118	L
65	119	U
66	0	-1
66	1	-1
66	2	Lp
66	3	Lp
66	4	Lp
66	5	Lp
66	6	Lp
66	7	-1
66	8	L
66	9	Lp
66	10	L
66	11	L
66	12	Lp
66	13	Lp
66	14	-1
66	15	Lp
66	16	Lp
66	17	Lp
66	18	Lp
66	19	Lp
66	20	Lp
66	21	Lp
66	22	Lp
66	23	Lp
66	24	U
66	25	U
66	26	Lp
66	27	Lp
66	28	Lp
66	29	-1
66	30	Lp
66	31	Lp
66	32	Lp
66	33	-1
66	34	Lp
66	35	Lp
66	36	Lp
66	37	Lp
66	38	Lp
66	39	Lp
66	40	-1
66	41	Lp
66	42	Lp
66	43	-1
66	44	L
66	45	Lp
66	46	-1
66	47	Lp
66	48	Lp
66	49	L
66	50	Lp
66	51	Lp
66	52	U
66	53	L
66	54	Lp
66	55	Lp
66	56	Lp
66	57	L
66	58	L
66	59	L
66	60	L
66	61	L
66	62	L
66	63	Lp
66	64	-1
66	65	L
66	66	-1
66	67	L
66	68	Lp
66	69	L
66	70	L
66	71	L
66	72	Lp
66	73	Lp
66	74	-1
66	75	-1
66	76	Lp
66	77	Lp
66	78	Lp
66	79	Lp
66	80	Lp
66	81	Lp
66	82	Lp
66	83	Lp
66	84	Lp
66	85	-1
66	86	-1
66	87	Lp
66	88	Lp
66	89	Lp
66	90	Lp
66	91	Lp
66	92	Lp
66	93	Lp
66	94	Lp
66	95	Lp
66	96	Lp
66	97	Lp
66	98	Lp
66	99	Lp
66	100	Lp
66	101	L
66	102	Lp
66	103	Lp
66	104	Lp
66	105	Lp
66	106	Lp
66	107	Lp
66	108	-1
66	109	Lp
66	110	Lp
66	111	L
66	112	Lp
66	113	Lp
66	114	L
66	115	-1
66	116	Lp
66	117	L
66	118	U
66	119	Lp
67	0	Lp
67	1	Lp
67	2	Lp
67	3	Lp
67	4	Lp
67	5	Lp
67	6	-1
67	7	Lp
67	8	Lp
67	9	L
67	10	Lp
67	11	L
67	12	L
67	13	-1
67	14	Lp
67	15	Lp
67	16	Lp
67	17	-1
67	18	-1
67	19	-1
67	20	Lp
67	21	Lp
67	22	Lp
67	23	U
67	24	U
67	25	-1
67	26	Lp
67	27	Lp
67	28	Lp
67	29	L
67	30	Lp
67	31	U
67	32	U
67	33	U
67	34	Lp
67	35	Lp
67	36	Lp
67	37	Lp
67	38	Lp
67	39	-1
67	40	Lp
67	41	L
67	42	Lp
67	43	Lp
67	44	-1
67	45	L
67	46	Lp
67	47	Lp
67	48	L
67	49	-1
67	50	L
67	51	L
67	52	L
67	53	L
67	54	Lp
67	55	Lp
67	56	L
67	57	Lp
67	58	Lp
67	59	Lp
67	60	L
67	61	L
67	62	L
67	63	L
67	64	Lp
67	65	Lp
67	66	Lp
67	67	-1
67	68	L
67	69	Lp
67	70	Lp
67	71	-1
67	72	Lp
67	73	Lp
67	74	-1
67	75	Lp
67	76	Lp
67	77	Lp
67	78	Lp
67	79	Lp
67	80	Lp
67	81	Lp
67	82	Lp
67	83	Lp
67	84	Lp
67	85	Lp
67	86	Lp
67	87	Lp
67	88	Lp
67	89	Lp
67	90	Lp
67	91	Lp
67	92	Lp
67	93	-1
67	94	Lp
67	95	Lp
67	96	Lp
67	97	-1
67	98	-1
67	99	Lp
67	100	Lp
67	101	Lp
67	102	Lp
67	103	Lp
67	104	Lp
67	105	Lp
67	106	Lp
67	107	Lp
67	108	Lp
67	109	U
67	110	Lp
67	111	Lp
67	112	-1
67	113	L
67	114	L
67	115	Lp
67	116	L
67	117	-1
67	118	U
67	119	Lp
68	0	Lp
68	1	-1
68	2	Lp
68	3	Lp
68	4	Lp
68	5	-1
68	6	Lp
68	7	-1
68	8	Lp
68	9	Lp
68	10	Lp
68	11	Lp
68	12	Lp
68	13	Lp
68	14	Lp
68	15	Lp
68	16	Lp
68	17	-1
68	18	Lp
68	19	Lp
68	20	Lp
68	21	Lp
68	22	U
68	23	Lp
68	24	U
68	25	-1
68	26	Lp
68	27	L
68	28	-1
68	29	L
68	30	Lp
68	31	Lp
68	32	U
68	33	U
68	34	-1
68	35	-1
68	36	Lp
68	37	Lp
68	38	Lp
68	39	Lp
68	40	L
68	41	-1
68	42	Lp
68	43	Lp
68	44	-1
68	45	Lp
68	46	Lp
68	47	Lp
68	48	Lp
68	49	Lp
68	50	U
68	51	L
68	52	-1
68	53	-1
68	54	Lp
68	55	Lp
68	56	Lp
68	57	-1
68	58	L
68	59	L
68	60	L
68	61	L
68	62	L
68	63	L
68	64	Lp
68	65	-1
68	66	L
68	67	L
68	68	Lp
68	69	Lp
68	70	Lp
68	71	L
68	72	L
68	73	Lp
68	74	L
68	75	L
68	76	Lp
68	77	Lp
68	78	Lp
68	79	Lp
68	80	-1
68	81	Lp
68	82	Lp
68	83	Lp
68	84	Lp
68	85	Lp
68	86	Lp
68	87	Lp
68	88	Lp
68	89	-1
68	90	Lp
68	91	Lp
68	92	Lp
68	93	Lp
68	94	Lp
68	95	Lp
68	96	Lp
68	97	Lp
68	98	Lp
68	99	Lp
68	100	Lp
68	101	Lp
68	102	-1
68	103	Lp
68	104	Lp
68	105	U
68	106	Lp
68	107	Lp
68	108	-1
68	109	Lp
68	110	U
68	111	U
68	112	L
68	113	U
68	114	Lp
68	115	Lp
68	116	L
68	117	L
68	118	L
68	119	Lp
69	0	Lp
69	1	Lp
69	2	Lp
69	3	Lp
69	4	Lp
69	5	Lp
69	6	Lp
69	7	Lp
69	8	Lp
69	9	Lp
69	10	Lp
69	11	L
69	12	Lp
69	13	U
69	14	Lp
69	15	Lp
69	16	Lp
69	17	Lp
69	18	Lp
69	19	Lp
69	20	Lp
69	21	Lp
69	22	-1
69	23	Lp
69	24	Lp
69	25	L
69	26	Lp
69	27	Lp
69	28	Lp
69	29	L
69	30	-1
69	31	Lp
69	32	U
69	33	Lp
69	34	Lp
69	35	L
69	36	L
69	37	Lp
69	38	L
69	39	L
69	40	-1
69	41	L
69	42	L
69	43	Lp
69	44	Lp
69	45	Lp
69	46	-1
69	47	L
69	48	Lp
69	49	-1
69	50	L
69	51	L
69	52	L
69	53	L
69	54	Lp
69	55	Lp
69	56	Lp
69	57	L
69	58	Lp
69	59	L
69	60	L
69	61	U
69	62	L
69	63	Lp
69	64	Lp
69	65	L
69	66	L
69	67	L
69	68	-1
69	69	L
69	70	-1
69	71	-1
69	72	Lp
69	73	L
69	74	L
69	75	L
69	76	-1
69	77	Lp
69	78	Lp
69	79	Lp
69	80	Lp
69	81	Lp
69	82	Lp
69	83	-1
69	84	Lp
69	85	Lp
69	86	-1
69	87	-1
69	88	-1
69	89	Lp
69	90	Lp
69	91	Lp
69	92	Lp
69	93	Lp
69	94	Lp
69	95	Lp
69	96	-1
69	97	Lp
69	98	Lp
69	99	Lp
69	100	Lp
69	101	Lp
69	102	-1
69	103	Lp
69	104	Lp
69	105	Lp
69	106	Lp
69	107	Lp
69	108	-1
69	109	Lp
69	110	U
69	111	Lp
69	112	Lp
69	113	U
69	114	Lp
69	115	Lp
69	116	L
69	117	L
69	118	L
69	119	-1
70	0	-1
70	1	Lp
70	2	Lp
70	3	Lp
70	4	Lp
70	5	Lp
70	6	-1
70	7	Lp
70	8	L
70	9	Lp
70	10	-1
70	11	Lp
70	12	L
70	13	U
70	14	Lp
70	15	L
70	16	Lp
70	17	Lp
70	18	Lp
70	19	L
70	20	L
70	21	Lp
70	22	Lp
70	23	Lp
70	24	L
70	25	Lp
70	26	L
70	27	L
70	28	Lp
70	29	-1
70	30	Lp
70	31	L
70	32	Lp
70	33	Lp
70	34	Lp
70	35	Lp
70	36	L
70	37	L
70	38	Lp
70	39	Lp
70	40	Lp
70	41	Lp
70	42	Lp
70	43	Lp
70	44	Lp
70	45	Lp
70	46	Lp
70	47	Lp
70	48	-1
70	49	Lp
70	50	Lp
70	51	L
70	52	L
70	53	-1
70	54	Lp
70	55	Lp
70	56	L
70	57	L
70	58	-1
70	59	-1
70	60	L
70	61	-1
70	62	L
70	63	L
70	64	L
70	65	L
70	66	Lp
70	67	L
70	68	L
70	69	L
70	70	Lp
70	71	Lp
70	72	L
70	73	L
70	74	-1
70	75	Lp
70	76	Lp
70	77	Lp
70	78	Lp
70	79	Lp
70	80	Lp
70	81	-1
70	82	Lp
70	83	Lp
70	84	-1
70	85	Lp
70	86	Lp
70	87	Lp
70	88	-1
70	89	Lp
70	90	Lp
70	91	Lp
70	92	Lp
70	93	Lp
70	94	-1
70	95	Lp
70	96	Lp
70	97	Lp
70	98	Lp
70	99	U
70	100	Lp
70	101	U
70	102	U
70	103	U
70	104	Lp
70	105	Lp
70	106	Lp
70	107	Lp
70	108	Lp
70	109	-1
70	110	Lp
70	111	Lp
70	112	Lp
70	113	Lp
70	114	Lp
70	115	L
70	116	L
70	117	L
70	118	L
70	119	-1
71	0	-1
71	1	Lp
71	2	Lp
71	3	Lp
71	4	Lp
71	5	Lp
71	6	Lp
71	7	Lp
71	8	L
71	9	Lp
71	10	L
71	11	Lp
71	12	L
71	13	U
71	14	Lp
71	15	L
71	16	Lp
71	17	Lp
71	18	L
71	19	L
71	20	Lp
71	21	Lp
71	22	Lp
71	23	Lp
71	24	Lp
71	25	Lp
71	26	Lp
71	27	Lp
71	28	L
71	29	Lp
71	30	Lp
71	31	Lp
71	32	Lp
71	33	-1
71	34	Lp
71	35	Lp
71	36	L
71	37	L
71	38	Lp
71	39	Lp
71	40	Lp
71	41	Lp
71	42	-1
71	43	-1
71	44	Lp
71	45	Lp
71	46	Lp
71	47	L
71	48	Lp
71	49	L
71	50	Lp
71	51	L
71	52	L
71	53	Lp
71	54	Lp
71	55	Lp
71	56	L
71	57	L
71	58	L
71	59	-1
71	60	L
71	61	L
71	62	L
71	63	L
71	64	Lp
71	65	Lp
71	66	-1
71	67	-1
71	68	Lp
71	69	Lp
71	70	L
71	71	Lp
71	72	Lp
71	73	-1
71	74	L
71	75	L
71	76	Lp
71	77	-1
71	78	-1
71	79	Lp
71	80	Lp
71	81	U
71	82	Lp
71	83	Lp
71	84	Lp
71	85	Lp
71	86	Lp
71	87	Lp
71	88	Lp
71	89	Lp
71	90	Lp
71	91	Lp
71	92	-1
71	93	Lp
71	94	L
71	95	Lp
71	96	Lp
71	97	Lp
71	98	Lp
71	99	Lp
71	100	Lp
71	101	L
71	102	U
71	103	Lp
71	104	Lp
71	105	Lp
71	106	Lp
71	107	Lp
71	108	Lp
71	109	Lp
71	110	Lp
71	111	-1
71	112	Lp
71	113	Lp
71	114	Lp
71	115	Lp
71	116	Lp
71	117	Lp
71	118	L
71	119	Lp
72	0	Lp
72	1	Lp
72	2	L
72	3	-1
72	4	Lp
72	5	Lp
72	6	Lp
72	7	Lp
72	8	Lp
72	9	L
72	10	Lp
72	11	L
72	12	L
72	13	Lp
72	14	-1
72	15	Lp
72	16	L
72	17	L
72	18	L
72	19	-1
72	20	Lp
72	21	U
72	22	Lp
72	23	L
72	24	Lp
72	25	L
72	26	L
72	27	L
72	28	Lp
72	29	-1
72	30	L
72	31	L
72	32	Lp
72	33	-1
72	34	L
72	35	-1
72	36	L
72	37	-1
72	38	-1
72	39	Lp
72	40	Lp
72	41	Lp
72	42	Lp
72	43	Lp
72	44	Lp
72	45	Lp
72	46	Lp
72	47	Lp
72	48	L
72	49	Lp
72	50	L
72	51	L
72	52	L
72	53	-1
72	54	Lp
72	55	L
72	56	Lp
72	57	L
72	58	L
72	59	L
72	60	L
72	61	Lp
72	62	L
72	63	Lp
72	64	Lp
72	65	-1
72	66	Lp
72	67	L
72	68	Lp
72	69	Lp
72	70	L
72	71	Lp
72	72	L
72	73	L
72	74	Lp
72	75	-1
72	76	Lp
72	77	Lp
72	78	U
72	79	Lp
72	80	Lp
72	81	Lp
72	82	U
72	83	Lp
72	84	Lp
72	85	L
72	86	Lp
72	87	Lp
72	88	L
72	89	L
72	90	Lp
72	91	Lp
72	92	Lp
72	93	Lp
72	94	-1
72	95	L
72	96	-1
72	97	Lp
72	98	Lp
72	99	-1
72	100	Lp
72	101	-1
72	102	Lp
72	103	Lp
72	104	Lp
72	105	-1
72	106	Lp
72	107	Lp
72	108	Lp
72	109	Lp
72	110	Lp
72	111	Lp
72	112	Lp
72	113	Lp
72	114	Lp
72	115	Lp
72	116	Lp
72	117	Lp
72	118	Lp
72	119	Lp
73	0	Lp
73	1	Lp
73	2	L
73	3	L
73	4	Lp
73	5	-1
73	6	Lp
73	7	Lp
73	8	L
73	9	Lp
73	10	L
73	11	L
73	12	L
73	13	L
73	14	Lp
73	15	L
73	16	L
73	17	L
73	18	Lp
73	19	Lp
73	20	Lp
73	21	Lp
73	22	L
73	23	Lp
73	24	Lp
73	25	-1
73	26	Lp
73	27	Lp
73	28	Lp
73	29	-1
73	30	Lp
73	31	-1
73	32	L
73	33	L
73	34	L
73	35	L
73	36	L
73	37	Lp
73	38	Lp
73	39	Lp
73	40	Lp
73	41	Lp
73	42	-1
73	43	Lp
73	44	Lp
73	45	Lp
73	46	Lp
73	47	L
73	48	L
73	49	L
73	50	L
73	51	L
73	52	L
73	53	-1
73	54	Lp
73	55	L
73	56	Lp
73	57	Lp
73	58	L
73	59	Lp
73	60	Lp
73	61	U
73	62	-1
73	63	Lp
73	64	Lp
73	65	Lp
73	66	L
73	67	L
73	68	L
73	69	L
73	70	Lp
73	71	L
73	72	Lp
73	73	Lp
73	74	Lp
73	75	Lp
73	76	Lp
73	77	-1
73	78	Lp
73	79	Lp
73	80	Lp
73	81	U
73	82	Lp
73	83	Lp
73	84	Lp
73	85	L
73	86	Lp
73	87	Lp
73	88	L
73	89	Lp
73	90	Lp
73	91	-1
73	92	Lp
73	93	Lp
73	94	Lp
73	95	-1
73	96	Lp
73	97	-1
73	98	L
73	99	Lp
73	100	Lp
73	101	-1
73	102	-1
73	103	Lp
73	104	Lp
73	105	Lp
73	106	U
73	107	U
73	108	Lp
73	109	Lp
73	110	Lp
73	111	Lp
73	112	-1
73	113	Lp
73	114	Lp
73	115	Lp
73	116	Lp
73	117	Lp
73	118	Lp
73	119	Lp
74	0	Lp
74	1	Lp
74	2	-1
74	3	L
74	4	L
74	5	L
74	6	-1
74	7	L
74	8	L
74	9	Lp
74	10	L
74	11	L
74	12	-1
74	13	L
74	14	L
74	15	L
74	16	U
74	17	Lp
74	18	Lp
74	19	-1
74	20	U
74	21	L
74	22	-1
74	23	L
74	24	Lp
74	25	L
74	26	L
74	27	Lp
74	28	Lp
74	29	L
74	30	L
74	31	Lp
74	32	Lp
74	33	Lp
74	34	L
74	35	L
74	36	L
74	37	Lp
74	38	Lp
74	39	Lp
74	40	Lp
74	41	Lp
74	42	Lp
74	43	Lp
74	44	Lp
74	45	Lp
74	46	L
74	47	L
74	48	L
74	49	Lp
74	50	L
74	51	L
74	52	L
74	53	-1
74	54	Lp
74	55	Lp
74	56	Lp
74	57	Lp
74	58	Lp
74	59	-1
74	60	Lp
74	61	Lp
74	62	Lp
74	63	-1
74	64	Lp
74	65	-1
74	66	Lp
74	67	L
74	68	L
74	69	Lp
74	70	Lp
74	71	L
74	72	Lp
74	73	Lp
74	74	Lp
74	75	Lp
74	76	Lp
74	77	Lp
74	78	Lp
74	79	-1
74	80	Lp
74	81	Lp
74	82	Lp
74	83	-1
74	84	Lp
74	85	Lp
74	86	L
74	87	Lp
74	88	L
74	89	Lp
74	90	U
74	91	Lp
74	92	Lp
74	93	-1
74	94	Lp
74	95	Lp
74	96	Lp
74	97	-1
74	98	Lp
74	99	L
74	100	Lp
74	101	Lp
74	102	Lp
74	103	Lp
74	104	-1
74	105	Lp
74	106	Lp
74	107	Lp
74	108	Lp
74	109	Lp
74	110	Lp
74	111	Lp
74	112	Lp
74	113	Lp
74	114	-1
74	115	Lp
74	116	Lp
74	117	-1
74	118	Lp
74	119	-1
75	0	Lp
75	1	Lp
75	2	-1
75	3	L
75	4	L
75	5	L
75	6	L
75	7	U
75	8	U
75	9	L
75	10	-1
75	11	-1
75	12	L
75	13	L
75	14	-1
75	15	L
75	16	Lp
75	17	Lp
75	18	U
75	19	-1
75	20	-1
75	21	U
75	22	L
75	23	L
75	24	L
75	25	L
75	26	L
75	27	L
75	28	L
75	29	Lp
75	30	Lp
75	31	Lp
75	32	Lp
75	33	Lp
75	34	Lp
75	35	L
75	36	Lp
75	37	Lp
75	38	Lp
75	39	Lp
75	40	Lp
75	41	Lp
75	42	Lp
75	43	Lp
75	44	Lp
75	45	Lp
75	46	L
75	47	L
75	48	Lp
75	49	L
75	50	Lp
75	51	Lp
75	52	Lp
75	53	Lp
75	54	Lp
75	55	Lp
75	56	Lp
75	57	Lp
75	58	Lp
75	59	Lp
75	60	-1
75	61	Lp
75	62	-1
75	63	-1
75	64	Lp
75	65	Lp
75	66	Lp
75	67	L
75	68	L
75	69	Lp
75	70	Lp
75	71	Lp
75	72	-1
75	73	Lp
75	74	-1
75	75	Lp
75	76	Lp
75	77	L
75	78	L
75	79	Lp
75	80	Lp
75	81	Lp
75	82	Lp
75	83	Lp
75	84	L
75	85	L
75	86	Lp
75	87	Lp
75	88	-1
75	89	Lp
75	90	Lp
75	91	-1
75	92	Lp
75	93	Lp
75	94	Lp
75	95	-1
75	96	Lp
75	97	Lp
75	98	Lp
75	99	Lp
75	100	-1
75	101	L
75	102	Lp
75	103	Lp
75	104	Lp
75	105	-1
75	106	Lp
75	107	Lp
75	108	Lp
75	109	Lp
75	110	Lp
75	111	Lp
75	112	Lp
75	113	Lp
75	114	Lp
75	115	Lp
75	116	U
75	117	Lp
75	118	Lp
75	119	Lp
76	0	Lp
76	1	Lp
76	2	Lp
76	3	Lp
76	4	L
76	5	L
76	6	L
76	7	L
76	8	-1
76	9	-1
76	10	L
76	11	L
76	12	L
76	13	Lp
76	14	L
76	15	L
76	16	U
76	17	Lp
76	18	-1
76	19	Lp
76	20	Lp
76	21	L
76	22	Lp
76	23	Lp
76	24	L
76	25	Lp
76	26	L
76	27	L
76	28	L
76	29	L
76	30	L
76	31	L
76	32	Lp
76	33	Lp
76	34	Lp
76	35	-1
76	36	Lp
76	37	Lp
76	38	Lp
76	39	Lp
76	40	-1
76	41	Lp
76	42	Lp
76	43	Lp
76	44	Lp
76	45	L
76	46	L
76	47	L
76	48	-1
76	49	L
76	50	-1
76	51	Lp
76	52	Lp
76	53	Lp
76	54	L
76	55	Lp
76	56	Lp
76	57	Lp
76	58	Lp
76	59	Lp
76	60	Lp
76	61	Lp
76	62	-1
76	63	-1
76	64	Lp
76	65	Lp
76	66	L
76	67	L
76	68	-1
76	69	L
76	70	Lp
76	71	Lp
76	72	Lp
76	73	Lp
76	74	Lp
76	75	L
76	76	Lp
76	77	L
76	78	L
76	79	Lp
76	80	L
76	81	L
76	82	L
76	83	Lp
76	84	U
76	85	L
76	86	Lp
76	87	-1
76	88	Lp
76	89	Lp
76	90	Lp
76	91	Lp
76	92	Lp
76	93	Lp
76	94	Lp
76	95	Lp
76	96	Lp
76	97	Lp
76	98	Lp
76	99	L
76	100	Lp
76	101	L
76	102	Lp
76	103	Lp
76	104	L
76	105	Lp
76	106	-1
76	107	-1
76	108	Lp
76	109	Lp
76	110	Lp
76	111	Lp
76	112	Lp
76	113	Lp
76	114	Lp
76	115	Lp
76	116	Lp
76	117	Lp
76	118	Lp
76	119	Lp
77	0	Lp
77	1	Lp
77	2	Lp
77	3	Lp
77	4	L
77	5	L
77	6	Lp
77	7	Lp
77	8	Lp
77	9	L
77	10	-1
77	11	Lp
77	12	Lp
77	13	Lp
77	14	L
77	15	-1
77	16	Lp
77	17	Lp
77	18	Lp
77	19	Lp
77	20	Lp
77	21	L
77	22	Lp
77	23	Lp
77	24	Lp
77	25	L
77	26	L
77	27	L
77	28	L
77	29	L
77	30	L
77	31	Lp
77	32	Lp
77	33	Lp
77	34	Lp
77	35	Lp
77	36	Lp
77	37	L
77	38	Lp
77	39	Lp
77	40	Lp
77	41	Lp
77	42	U
77	43	-1
77	44	Lp
77	45	Lp
77	46	L
77	47	L
77	48	L
77	49	Lp
77	50	U
77	51	-1
77	52	Lp
77	53	Lp
77	54	-1
77	55	Lp
77	56	Lp
77	57	Lp
77	58	Lp
77	59	Lp
77	60	Lp
77	61	Lp
77	62	Lp
77	63	Lp
77	64	-1
77	65	-1
77	66	Lp
77	67	L
77	68	L
77	69	Lp
77	70	Lp
77	71	Lp
77	72	Lp
77	73	Lp
77	74	Lp
77	75	Lp
77	76	L
77	77	L
77	78	-1
77	79	L
77	80	L
77	81	L
77	82	L
77	83	L
77	84	L
77	85	Lp
77	86	Lp
77	87	Lp
77	88	Lp
77	89	Lp
77	90	Lp
77	91	Lp
77	92	Lp
77	93	Lp
77	94	Lp
77	95	Lp
77	96	Lp
77	97	Lp
77	98	Lp
77	99	Lp
77	100	Lp
77	101	Lp
77	102	Lp
77	103	Lp
77	104	-1
77	105	Lp
77	106	-1
77	107	Lp
77	108	-1
77	109	-1
77	110	Lp
77	111	Lp
77	112	-1
77	113	-1
77	114	Lp
77	115	Lp
77	116	Lp
77	117	Lp
77	118	Lp
77	119	-1
78	0	Lp
78	1	Lp
78	2	Lp
78	3	Lp
78	4	Lp
78	5	Lp
78	6	L
78	7	-1
78	8	-1
78	9	L
78	10	Lp
78	11	-1
78	12	Lp
78	13	-1
78	14	Lp
78	15	Lp
78	16	Lp
78	17	Lp
78	18	Lp
78	19	Lp
78	20	Lp
78	21	-1
78	22	L
78	23	Lp
78	24	Lp
78	25	L
78	26	L
78	27	L
78	28	L
78	29	L
78	30	L
78	31	L
78	32	Lp
78	33	Lp
78	34	Lp
78	35	Lp
78	36	Lp
78	37	Lp
78	38	U
78	39	L
78	40	Lp
78	41	Lp
78	42	Lp
78	43	-1
78	44	Lp
78	45	Lp
78	46	L
78	47	L
78	48	-1
78	49	L
78	50	Lp
78	51	Lp
78	52	Lp
78	53	Lp
78	54	-1
78	55	Lp
78	56	Lp
78	57	Lp
78	58	Lp
78	59	Lp
78	60	Lp
78	61	Lp
78	62	Lp
78	63	Lp
78	64	Lp
78	65	-1
78	66	Lp
78	67	Lp
78	68	Lp
78	69	U
78	70	Lp
78	71	Lp
78	72	Lp
78	73	Lp
78	74	Lp
78	75	Lp
78	76	L
78	77	L
78	78	-1
78	79	L
78	80	L
78	81	-1
78	82	L
78	83	Lp
78	84	Lp
78	85	-1
78	86	Lp
78	87	Lp
78	88	Lp
78	89	Lp
78	90	Lp
78	91	Lp
78	92	Lp
78	93	-1
78	94	Lp
78	95	-1
78	96	Lp
78	97	Lp
78	98	Lp
78	99	Lp
78	100	Lp
78	101	Lp
78	102	L
78	103	Lp
78	104	Lp
78	105	Lp
78	106	Lp
78	107	Lp
78	108	Lp
78	109	Lp
78	110	Lp
78	111	Lp
78	112	Lp
78	113	Lp
78	114	-1
78	115	Lp
78	116	Lp
78	117	Lp
78	118	Lp
78	119	-1
79	0	Lp
79	1	Lp
79	2	L
79	3	L
79	4	Lp
79	5	Lp
79	6	Lp
79	7	Lp
79	8	L
79	9	L
79	10	Lp
79	11	Lp
79	12	Lp
79	13	-1
79	14	Lp
79	15	Lp
79	16	Lp
79	17	Lp
79	18	Lp
79	19	Lp
79	20	Lp
79	21	Lp
79	22	Lp
79	23	Lp
79	24	L
79	25	L
79	26	L
79	27	-1
79	28	L
79	29	L
79	30	L
79	31	L
79	32	Lp
79	33	Lp
79	34	Lp
79	35	Lp
79	36	-1
79	37	Lp
79	38	-1
79	39	Lp
79	40	Lp
79	41	Lp
79	42	Lp
79	43	Lp
79	44	Lp
79	45	L
79	46	L
79	47	L
79	48	L
79	49	L
79	50	Lp
79	51	Lp
79	52	Lp
79	53	Lp
79	54	Lp
79	55	Lp
79	56	-1
79	57	U
79	58	U
79	59	Lp
79	60	Lp
79	61	Lp
79	62	Lp
79	63	Lp
79	64	Lp
79	65	Lp
79	66	Lp
79	67	Lp
79	68	Lp
79	69	U
79	70	Lp
79	71	-1
79	72	Lp
79	73	Lp
79	74	Lp
79	75	Lp
79	76	Lp
79	77	L
79	78	Lp
79	79	Lp
79	80	L
79	81	L
79	82	L
79	83	-1
79	84	Lp
79	85	Lp
79	86	Lp
79	87	Lp
79	88	Lp
79	89	-1
79	90	Lp
79	91	Lp
79	92	Lp
79	93	L
79	94	L
79	95	Lp
79	96	Lp
79	97	Lp
79	98	Lp
79	99	Lp
79	100	Lp
79	101	Lp
79	102	Lp
79	103	Lp
79	104	Lp
79	105	Lp
79	106	Lp
79	107	Lp
79	108	Lp
79	109	Lp
79	110	Lp
79	111	Lp
79	112	Lp
79	113	Lp
79	114	Lp
79	115	Lp
79	116	L
79	117	L
79	118	Lp
79	119	Lp
80	0	Lp
80	1	Lp
80	2	Lp
80	3	-1
80	4	L
80	5	Lp
80	6	Lp
80	7	Lp
80	8	Lp
80	9	L
80	10	L
80	11	Lp
80	12	-1
80	13	Lp
80	14	Lp
80	15	Lp
80	16	Lp
80	17	Lp
80	18	Lp
80	19	Lp
80	20	-1
80	21	Lp
80	22	Lp
80	23	L
80	24	-1
80	25	L
80	26	-1
80	27	L
80	28	L
80	29	L
80	30	Lp
80	31	L
80	32	Lp
80	33	Lp
80	34	Lp
80	35	Lp
80	36	Lp
80	37	L
80	38	Lp
80	39	Lp
80	40	Lp
80	41	Lp
80	42	Lp
80	43	-1
80	44	Lp
80	45	Lp
80	46	Lp
80	47	L
80	48	L
80	49	Lp
80	50	Lp
80	51	L
80	52	Lp
80	53	Lp
80	54	-1
80	55	Lp
80	56	Lp
80	57	Lp
80	58	-1
80	59	Lp
80	60	Lp
80	61	Lp
80	62	Lp
80	63	Lp
80	64	-1
80	65	Lp
80	66	Lp
80	67	Lp
80	68	Lp
80	69	U
80	70	Lp
80	71	Lp
80	72	Lp
80	73	Lp
80	74	Lp
80	75	Lp
80	76	Lp
80	77	Lp
80	78	Lp
80	79	Lp
80	80	Lp
80	81	L
80	82	L
80	83	-1
80	84	Lp
80	85	Lp
80	86	-1
80	87	Lp
80	88	Lp
80	89	Lp
80	90	Lp
80	91	Lp
80	92	Lp
80	93	L
80	94	L
80	95	L
80	96	Lp
80	97	Lp
80	98	-1
80	99	Lp
80	100	Lp
80	101	Lp
80	102	Lp
80	103	-1
80	104	Lp
80	105	Lp
80	106	Lp
80	107	Lp
80	108	Lp
80	109	Lp
80	110	Lp
80	111	Lp
80	112	Lp
80	113	Lp
80	114	Lp
80	115	L
80	116	L
80	117	-1
80	118	L
80	119	-1
81	0	Lp
81	1	Lp
81	2	Lp
81	3	L
81	4	L
81	5	L
81	6	L
81	7	L
81	8	Lp
81	9	L
81	10	Lp
81	11	Lp
81	12	Lp
81	13	-1
81	14	Lp
81	15	Lp
81	16	Lp
81	17	Lp
81	18	Lp
81	19	Lp
81	20	Lp
81	21	Lp
81	22	Lp
81	23	Lp
81	24	L
81	25	L
81	26	Lp
81	27	L
81	28	L
81	29	L
81	30	Lp
81	31	Lp
81	32	Lp
81	33	L
81	34	Lp
81	35	Lp
81	36	Lp
81	37	-1
81	38	Lp
81	39	Lp
81	40	-1
81	41	Lp
81	42	Lp
81	43	Lp
81	44	Lp
81	45	Lp
81	46	L
81	47	Lp
81	48	Lp
81	49	-1
81	50	-1
81	51	-1
81	52	Lp
81	53	Lp
81	54	-1
81	55	Lp
81	56	Lp
81	57	-1
81	58	Lp
81	59	Lp
81	60	Lp
81	61	Lp
81	62	-1
81	63	U
81	64	Lp
81	65	Lp
81	66	Lp
81	67	-1
81	68	Lp
81	69	Lp
81	70	Lp
81	71	Lp
81	72	-1
81	73	Lp
81	74	Lp
81	75	Lp
81	76	Lp
81	77	Lp
81	78	Lp
81	79	Lp
81	80	Lp
81	81	Lp
81	82	Lp
81	83	L
81	84	Lp
81	85	Lp
81	86	Lp
81	87	Lp
81	88	Lp
81	89	Lp
81	90	Lp
81	91	-1
81	92	Lp
81	93	Lp
81	94	Lp
81	95	L
81	96	U
81	97	Lp
81	98	Lp
81	99	Lp
81	100	Lp
81	101	Lp
81	102	Lp
81	103	Lp
81	104	Lp
81	105	U
81	106	Lp
81	107	-1
81	108	L
81	109	Lp
81	110	Lp
81	111	-1
81	112	Lp
81	113	L
81	114	L
81	115	L
81	116	-1
81	117	Lp
81	118	Lp
81	119	Lp
82	0	Lp
82	1	Lp
82	2	L
82	3	-1
82	4	L
82	5	L
82	6	Lp
82	7	L
82	8	-1
82	9	L
82	10	Lp
82	11	Lp
82	12	Lp
82	13	Lp
82	14	Lp
82	15	Lp
82	16	Lp
82	17	Lp
82	18	Lp
82	19	Lp
82	20	-1
82	21	Lp
82	22	Lp
82	23	L
82	24	Lp
82	25	Lp
82	26	Lp
82	27	Lp
82	28	Lp
82	29	Lp
82	30	-1
82	31	Lp
82	32	Lp
82	33	Lp
82	34	Lp
82	35	Lp
82	36	Lp
82	37	Lp
82	38	Lp
82	39	Lp
82	40	Lp
82	41	Lp
82	42	Lp
82	43	Lp
82	44	Lp
82	45	Lp
82	46	Lp
82	47	L
82	48	Lp
82	49	Lp
82	50	Lp
82	51	-1
82	52	Lp
82	53	Lp
82	54	Lp
82	55	Lp
82	56	Lp
82	57	Lp
82	58	Lp
82	59	Lp
82	60	Lp
82	61	Lp
82	62	U
82	63	U
82	64	Lp
82	65	Lp
82	66	Lp
82	67	Lp
82	68	Lp
82	69	Lp
82	70	Lp
82	71	Lp
82	72	Lp
82	73	Lp
82	74	Lp
82	75	Lp
82	76	Lp
82	77	Lp
82	78	Lp
82	79	Lp
82	80	Lp
82	81	-1
82	82	Lp
82	83	Lp
82	84	Lp
82	85	Lp
82	86	Lp
82	87	Lp
82	88	Lp
82	89	Lp
82	90	-1
82	91	-1
82	92	Lp
82	93	Lp
82	94	Lp
82	95	Lp
82	96	L
82	97	U
82	98	Lp
82	99	Lp
82	100	Lp
82	101	Lp
82	102	Lp
82	103	-1
82	104	U
82	105	Lp
82	106	L
82	107	-1
82	108	Lp
82	109	-1
82	110	Lp
82	111	Lp
82	112	Lp
82	113	L
82	114	U
82	115	-1
82	116	L
82	117	Lp
82	118	Lp
82	119	Lp
83	0	Lp
83	1	Lp
83	2	L
83	3	L
83	4	L
83	5	Lp
83	6	L
83	7	L
83	8	L
83	9	L
83	10	Lp
83	11	Lp
83	12	Lp
83	13	Lp
83	14	Lp
83	15	Lp
83	16	-1
83	17	Lp
83	18	Lp
83	19	-1
83	20	-1
83	21	Lp
83	22	L
83	23	Lp
83	24	Lp
83	25	Lp
83	26	Lp
83	27	Lp
83	28	-1
83	29	Lp
83	30	Lp
83	31	Lp
83	32	Lp
83	33	Lp
83	34	Lp
83	35	Lp
83	36	Lp
83	37	Lp
83	38	-1
83	39	Lp
83	40	Lp
83	41	Lp
83	42	Lp
83	43	Lp
83	44	L
83	45	Lp
83	46	Lp
83	47	-1
83	48	Lp
83	49	Lp
83	50	Lp
83	51	Lp
83	52	Lp
83	53	Lp
83	54	Lp
83	55	Lp
83	56	U
83	57	Lp
83	58	L
83	59	Lp
83	60	Lp
83	61	Lp
83	62	Lp
83	63	-1
83	64	-1
83	65	L
83	66	Lp
83	67	Lp
83	68	Lp
83	69	-1
83	70	Lp
83	71	Lp
83	72	Lp
83	73	Lp
83	74	Lp
83	75	Lp
83	76	U
83	77	Lp
83	78	Lp
83	79	Lp
83	80	Lp
83	81	Lp
83	82	Lp
83	83	U
83	84	Lp
83	85	Lp
83	86	Lp
83	87	Lp
83	88	Lp
83	89	Lp
83	90	Lp
83	91	Lp
83	92	-1
83	93	Lp
83	94	Lp
83	95	Lp
83	96	Lp
83	97	Lp
83	98	Lp
83	99	Lp
83	100	Lp
83	101	Lp
83	102	Lp
83	103	-1
83	104	L
83	105	U
83	106	Lp
83	107	L
83	108	Lp
83	109	Lp
83	110	-1
83	111	Lp
83	112	Lp
83	113	L
83	114	-1
83	115	-1
83	116	Lp
83	117	L
83	118	L
83	119	Lp
84	0	L
84	1	Lp
84	2	L
84	3	L
84	4	Lp
84	5	L
84	6	Lp
84	7	L
84	8	Lp
84	9	L
84	10	Lp
84	11	Lp
84	12	Lp
84	13	Lp
84	14	Lp
84	15	-1
84	16	Lp
84	17	Lp
84	18	-1
84	19	U
84	20	Lp
84	21	Lp
84	22	Lp
84	23	Lp
84	24	Lp
84	25	Lp
84	26	Lp
84	27	Lp
84	28	L
84	29	Lp
84	30	Lp
84	31	-1
84	32	Lp
84	33	Lp
84	34	Lp
84	35	Lp
84	36	Lp
84	37	Lp
84	38	Lp
84	39	Lp
84	40	Lp
84	41	L
84	42	Lp
84	43	Lp
84	44	L
84	45	-1
84	46	Lp
84	47	Lp
84	48	L
84	49	Lp
84	50	Lp
84	51	Lp
84	52	Lp
84	53	U
84	54	-1
84	55	U
84	56	Lp
84	57	L
84	58	Lp
84	59	Lp
84	60	Lp
84	61	Lp
84	62	Lp
84	63	Lp
84	64	Lp
84	65	Lp
84	66	L
84	67	U
84	68	U
84	69	U
84	70	Lp
84	71	Lp
84	72	Lp
84	73	Lp
84	74	Lp
84	75	Lp
84	76	Lp
84	77	Lp
84	78	Lp
84	79	-1
84	80	Lp
84	81	Lp
84	82	Lp
84	83	Lp
84	84	U
84	85	Lp
84	86	Lp
84	87	Lp
84	88	Lp
84	89	Lp
84	90	Lp
84	91	-1
84	92	Lp
84	93	Lp
84	94	Lp
84	95	Lp
84	96	Lp
84	97	Lp
84	98	Lp
84	99	-1
84	100	Lp
84	101	Lp
84	102	Lp
84	103	Lp
84	104	Lp
84	105	Lp
84	106	L
84	107	Lp
84	108	Lp
84	109	Lp
84	110	Lp
84	111	Lp
84	112	Lp
84	113	Lp
84	114	-1
84	115	Lp
84	116	Lp
84	117	Lp
84	118	Lp
84	119	-1
85	0	L
85	1	Lp
85	2	L
85	3	Lp
85	4	L
85	5	Lp
85	6	Lp
85	7	Lp
85	8	-1
85	9	Lp
85	10	Lp
85	11	-1
85	12	Lp
85	13	Lp
85	14	Lp
85	15	Lp
85	16	Lp
85	17	Lp
85	18	Lp
85	19	U
85	20	U
85	21	Lp
85	22	Lp
85	23	Lp
85	24	Lp
85	25	Lp
85	26	Lp
85	27	Lp
85	28	Lp
85	29	Lp
85	30	Lp
85	31	Lp
85	32	Lp
85	33	Lp
85	34	Lp
85	35	Lp
85	36	-1
85	37	-1
85	38	Lp
85	39	-1
85	40	L
85	41	L
85	42	Lp
85	43	Lp
85	44	Lp
85	45	Lp
85	46	-1
85	47	-1
85	48	Lp
85	49	Lp
85	50	Lp
85	51	Lp
85	52	Lp
85	53	-1
85	54	Lp
85	55	Lp
85	56	U
85	57	Lp
85	58	Lp
85	59	Lp
85	60	Lp
85	61	Lp
85	62	Lp
85	63	Lp
85	64	Lp
85	65	Lp
85	66	U
85	67	U
85	68	U
85	69	U
85	70	U
85	71	Lp
85	72	Lp
85	73	Lp
85	74	-1
85	75	Lp
85	76	Lp
85	77	Lp
85	78	Lp
85	79	Lp
85	80	Lp
85	81	Lp
85	82	Lp
85	83	Lp
85	84	Lp
85	85	Lp
85	86	Lp
85	87	Lp
85	88	Lp
85	89	Lp
85	90	Lp
85	91	Lp
85	92	Lp
85	93	Lp
85	94	Lp
85	95	Lp
85	96	Lp
85	97	-1
85	98	Lp
85	99	Lp
85	100	Lp
85	101	Lp
85	102	Lp
85	103	Lp
85	104	Lp
85	105	L
85	106	L
85	107	L
85	108	Lp
85	109	Lp
85	110	Lp
85	111	Lp
85	112	Lp
85	113	-1
85	114	Lp
85	115	Lp
85	116	-1
85	117	L
85	118	Lp
85	119	Lp
86	0	Lp
86	1	Lp
86	2	L
86	3	-1
86	4	L
86	5	Lp
86	6	Lp
86	7	Lp
86	8	Lp
86	9	Lp
86	10	Lp
86	11	-1
86	12	Lp
86	13	Lp
86	14	Lp
86	15	Lp
86	16	Lp
86	17	Lp
86	18	Lp
86	19	Lp
86	20	U
86	21	Lp
86	22	Lp
86	23	Lp
86	24	Lp
86	25	Lp
86	26	Lp
86	27	Lp
86	28	Lp
86	29	Lp
86	30	Lp
86	31	Lp
86	32	Lp
86	33	Lp
86	34	-1
86	35	Lp
86	36	Lp
86	37	Lp
86	38	Lp
86	39	L
86	40	L
86	41	Lp
86	42	L
86	43	Lp
86	44	Lp
86	45	Lp
86	46	Lp
86	47	Lp
86	48	Lp
86	49	Lp
86	50	-1
86	51	L
86	52	Lp
86	53	L
86	54	Lp
86	55	L
86	56	Lp
86	57	Lp
86	58	Lp
86	59	Lp
86	60	Lp
86	61	Lp
86	62	Lp
86	63	Lp
86	64	Lp
86	65	Lp
86	66	Lp
86	67	U
86	68	Lp
86	69	U
86	70	Lp
86	71	Lp
86	72	Lp
86	73	Lp
86	74	Lp
86	75	-1
86	76	Lp
86	77	Lp
86	78	-1
86	79	Lp
86	80	-1
86	81	Lp
86	82	Lp
86	83	Lp
86	84	Lp
86	85	Lp
86	86	Lp
86	87	Lp
86	88	Lp
86	89	Lp
86	90	Lp
86	91	Lp
86	92	Lp
86	93	Lp
86	94	-1
86	95	Lp
86	96	Lp
86	97	Lp
86	98	Lp
86	99	Lp
86	100	Lp
86	101	Lp
86	102	Lp
86	103	Lp
86	104	Lp
86	105	Lp
86	106	Lp
86	107	-1
86	108	L
86	109	Lp
86	110	Lp
86	111	Lp
86	112	Lp
86	113	Lp
86	114	Lp
86	115	L
86	116	L
86	117	Lp
86	118	Lp
86	119	-1
87	0	Lp
87	1	Lp
87	2	Lp
87	3	L
87	4	Lp
87	5	L
87	6	Lp
87	7	Lp
87	8	Lp
87	9	Lp
87	10	Lp
87	11	Lp
87	12	Lp
87	13	Lp
87	14	Lp
87	15	-1
87	16	Lp
87	17	Lp
87	18	Lp
87	19	Lp
87	20	Lp
87	21	Lp
87	22	Lp
87	23	Lp
87	24	Lp
87	25	Lp
87	26	U
87	27	Lp
87	28	Lp
87	29	Lp
87	30	Lp
87	31	Lp
87	32	Lp
87	33	Lp
87	34	Lp
87	35	Lp
87	36	Lp
87	37	Lp
87	38	Lp
87	39	L
87	40	L
87	41	L
87	42	Lp
87	43	Lp
87	44	Lp
87	45	Lp
87	46	Lp
87	47	Lp
87	48	Lp
87	49	Lp
87	50	L
87	51	U
87	52	Lp
87	53	Lp
87	54	Lp
87	55	L
87	56	Lp
87	57	Lp
87	58	U
87	59	Lp
87	60	Lp
87	61	Lp
87	62	Lp
87	63	Lp
87	64	Lp
87	65	-1
87	66	-1
87	67	L
87	68	-1
87	69	Lp
87	70	Lp
87	71	Lp
87	72	Lp
87	73	Lp
87	74	Lp
87	75	Lp
87	76	Lp
87	77	Lp
87	78	Lp
87	79	Lp
87	80	Lp
87	81	Lp
87	82	Lp
87	83	Lp
87	84	Lp
87	85	Lp
87	86	-1
87	87	Lp
87	88	Lp
87	89	Lp
87	90	Lp
87	91	Lp
87	92	Lp
87	93	Lp
87	94	Lp
87	95	Lp
87	96	Lp
87	97	Lp
87	98	-1
87	99	Lp
87	100	Lp
87	101	Lp
87	102	Lp
87	103	Lp
87	104	-1
87	105	Lp
87	106	Lp
87	107	Lp
87	108	Lp
87	109	Lp
87	110	Lp
87	111	Lp
87	112	Lp
87	113	Lp
87	114	Lp
87	115	L
87	116	Lp
87	117	Lp
87	118	Lp
87	119	-1
88	0	-1
88	1	Lp
88	2	L
88	3	L
88	4	Lp
88	5	L
88	6	L
88	7	Lp
88	8	Lp
88	9	Lp
88	10	Lp
88	11	-1
88	12	Lp
88	13	Lp
88	14	Lp
88	15	Lp
88	16	Lp
88	17	Lp
88	18	Lp
88	19	Lp
88	20	-1
88	21	Lp
88	22	Lp
88	23	Lp
88	24	L
88	25	Lp
88	26	L
88	27	Lp
88	28	Lp
88	29	Lp
88	30	Lp
88	31	Lp
88	32	Lp
88	33	Lp
88	34	Lp
88	35	Lp
88	36	Lp
88	37	Lp
88	38	Lp
88	39	Lp
88	40	-1
88	41	Lp
88	42	L
88	43	Lp
88	44	L
88	45	Lp
88	46	Lp
88	47	Lp
88	48	Lp
88	49	Lp
88	50	Lp
88	51	U
88	52	Lp
88	53	Lp
88	54	Lp
88	55	Lp
88	56	Lp
88	57	Lp
88	58	Lp
88	59	Lp
88	60	Lp
88	61	Lp
88	62	Lp
88	63	Lp
88	64	Lp
88	65	Lp
88	66	Lp
88	67	-1
88	68	Lp
88	69	L
88	70	Lp
88	71	Lp
88	72	L
88	73	L
88	74	U
88	75	Lp
88	76	Lp
88	77	Lp
88	78	-1
88	79	Lp
88	80	Lp
88	81	Lp
88	82	Lp
88	83	Lp
88	84	-1
88	85	Lp
88	86	Lp
88	87	Lp
88	88	Lp
88	89	Lp
88	90	Lp
88	91	Lp
88	92	Lp
88	93	Lp
88	94	Lp
88	95	Lp
88	96	Lp
88	97	Lp
88	98	-1
88	99	-1
88	100	Lp
88	101	Lp
88	102	Lp
88	103	Lp
88	104	Lp
88	105	Lp
88	106	Lp
88	107	Lp
88	108	-1
88	109	L
88	110	Lp
88	111	-1
88	112	-1
88	113	-1
88	114	Lp
88	115	-1
88	116	-1
88	117	Lp
88	118	Lp
88	119	Lp
89	0	Lp
89	1	L
89	2	Lp
89	3	Lp
89	4	Lp
89	5	Lp
89	6	-1
89	7	Lp
89	8	Lp
89	9	Lp
89	10	Lp
89	11	Lp
89	12	Lp
89	13	Lp
89	14	Lp
89	15	Lp
89	16	Lp
89	17	Lp
89	18	Lp
89	19	Lp
89	20	-1
89	21	Lp
89	22	Lp
89	23	L
89	24	L
89	25	L
89	26	L
89	27	Lp
89	28	Lp
89	29	Lp
89	30	Lp
89	31	Lp
89	32	Lp
89	33	Lp
89	34	Lp
89	35	Lp
89	36	-1
89	37	-1
89	38	L
89	39	L
89	40	-1
89	41	Lp
89	42	Lp
89	43	L
89	44	Lp
89	45	Lp
89	46	Lp
89	47	Lp
89	48	Lp
89	49	Lp
89	50	Lp
89	51	Lp
89	52	Lp
89	53	Lp
89	54	Lp
89	55	Lp
89	56	Lp
89	57	L
89	58	Lp
89	59	-1
89	60	Lp
89	61	-1
89	62	-1
89	63	Lp
89	64	Lp
89	65	Lp
89	66	-1
89	67	L
89	68	Lp
89	69	Lp
89	70	Lp
89	71	-1
89	72	Lp
89	73	Lp
89	74	U
89	75	Lp
89	76	Lp
89	77	Lp
89	78	Lp
89	79	Lp
89	80	Lp
89	81	-1
89	82	-1
89	83	Lp
89	84	Lp
89	85	-1
89	86	Lp
89	87	-1
89	88	Lp
89	89	Lp
89	90	Lp
89	91	Lp
89	92	Lp
89	93	Lp
89	94	Lp
89	95	Lp
89	96	Lp
89	97	Lp
89	98	-1
89	99	Lp
89	100	Lp
89	101	Lp
89	102	Lp
89	103	Lp
89	104	Lp
89	105	Lp
89	106	Lp
89	107	Lp
89	108	L
89	109	Lp
89	110	L
89	111	Lp
89	112	Lp
89	113	Lp
89	114	L
89	115	Lp
89	116	L
89	117	-1
89	118	Lp
89	119	U
90	0	Lp
90	1	Lp
90	2	Lp
90	3	Lp
90	4	-1
90	5	-1
90	6	Lp
90	7	Lp
90	8	Lp
90	9	Lp
90	10	-1
90	11	Lp
90	12	Lp
90	13	Lp
90	14	Lp
90	15	Lp
90	16	-1
90	17	Lp
90	18	Lp
90	19	Lp
90	20	Lp
90	21	Lp
90	22	L
90	23	L
90	24	L
90	25	L
90	26	-1
90	27	L
90	28	L
90	29	L
90	30	L
90	31	Lp
90	32	Lp
90	33	Lp
90	34	Lp
90	35	L
90	36	-1
90	37	Lp
90	38	Lp
90	39	L
90	40	L
90	41	L
90	42	Lp
90	43	Lp
90	44	L
90	45	Lp
90	46	L
90	47	Lp
90	48	Lp
90	49	Lp
90	50	Lp
90	51	-1
90	52	Lp
90	53	Lp
90	54	Lp
90	55	Lp
90	56	Lp
90	57	Lp
90	58	Lp
90	59	Lp
90	60	Lp
90	61	-1
90	62	Lp
90	63	Lp
90	64	Lp
90	65	Lp
90	66	Lp
90	67	Lp
90	68	Lp
90	69	Lp
90	70	Lp
90	71	Lp
90	72	Lp
90	73	Lp
90	74	Lp
90	75	Lp
90	76	Lp
90	77	Lp
90	78	Lp
90	79	Lp
90	80	Lp
90	81	-1
90	82	Lp
90	83	Lp
90	84	Lp
90	85	Lp
90	86	Lp
90	87	Lp
90	88	Lp
90	89	Lp
90	90	Lp
90	91	Lp
90	92	Lp
90	93	Lp
90	94	Lp
90	95	Lp
90	96	Lp
90	97	Lp
90	98	Lp
90	99	Lp
90	100	Lp
90	101	Lp
90	102	-1
90	103	-1
90	104	Lp
90	105	Lp
90	106	Lp
90	107	Lp
90	108	Lp
90	109	Lp
90	110	L
90	111	L
90	112	Lp
90	113	Lp
90	114	Lp
90	115	L
90	116	Lp
90	117	U
90	118	U
90	119	Lp
91	0	Lp
91	1	Lp
91	2	Lp
91	3	Lp
91	4	Lp
91	5	Lp
91	6	Lp
91	7	-1
91	8	Lp
91	9	Lp
91	10	Lp
91	11	Lp
91	12	Lp
91	13	Lp
91	14	Lp
91	15	Lp
91	16	Lp
91	17	Lp
91	18	Lp
91	19	Lp
91	20	Lp
91	21	L
91	22	L
91	23	Lp
91	24	L
91	25	L
91	26	L
91	27	L
91	28	L
91	29	L
91	30	L
91	31	L
91	32	Lp
91	33	Lp
91	34	L
91	35	-1
91	36	L
91	37	L
91	38	Lp
91	39	Lp
91	40	L
91	41	Lp
91	42	Lp
91	43	Lp
91	44	Lp
91	45	Lp
91	46	Lp
91	47	Lp
91	48	Lp
91	49	Lp
91	50	Lp
91	51	Lp
91	52	Lp
91	53	Lp
91	54	Lp
91	55	-1
91	56	Lp
91	57	-1
91	58	Lp
91	59	Lp
91	60	Lp
91	61	-1
91	62	Lp
91	63	Lp
91	64	Lp
91	65	Lp
91	66	-1
91	67	Lp
91	68	Lp
91	69	Lp
91	70	Lp
91	71	Lp
91	72	Lp
91	73	Lp
91	74	Lp
91	75	Lp
91	76	Lp
91	77	Lp
91	78	-1
91	79	Lp
91	80	Lp
91	81	Lp
91	82	Lp
91	83	Lp
91	84	Lp
91	85	Lp
91	86	U
91	87	U
91	88	Lp
91	89	Lp
91	90	-1
91	91	Lp
91	92	Lp
91	93	Lp
91	94	Lp
91	95	Lp
91	96	Lp
91	97	Lp
91	98	-1
91	99	Lp
91	100	Lp
91	101	Lp
91	102	Lp
91	103	-1
91	104	Lp
91	105	Lp
91	106	-1
91	107	Lp
91	108	Lp
91	109	L
91	110	L
91	111	L
91	112	L
91	113	Lp
91	114	Lp
91	115	L
91	116	Lp
91	117	U
91	118	Lp
91	119	Lp
92	0	Lp
92	1	Lp
92	2	Lp
92	3	Lp
92	4	Lp
92	5	-1
92	6	Lp
92	7	Lp
92	8	Lp
92	9	Lp
92	10	Lp
92	11	Lp
92	12	Lp
92	13	Lp
92	14	Lp
92	15	Lp
92	16	Lp
92	17	Lp
92	18	-1
92	19	-1
92	20	-1
92	21	Lp
92	22	L
92	23	-1
92	24	L
92	25	L
92	26	L
92	27	-1
92	28	L
92	29	-1
92	30	-1
92	31	L
92	32	Lp
92	33	Lp
92	34	Lp
92	35	Lp
92	36	L
92	37	L
92	38	L
92	39	Lp
92	40	L
92	41	L
92	42	L
92	43	Lp
92	44	Lp
92	45	Lp
92	46	Lp
92	47	Lp
92	48	Lp
92	49	Lp
92	50	Lp
92	51	Lp
92	52	Lp
92	53	Lp
92	54	Lp
92	55	Lp
92	56	-1
92	57	Lp
92	58	Lp
92	59	Lp
92	60	Lp
92	61	Lp
92	62	Lp
92	63	Lp
92	64	Lp
92	65	Lp
92	66	Lp
92	67	Lp
92	68	Lp
92	69	Lp
92	70	Lp
92	71	-1
92	72	Lp
92	73	Lp
92	74	Lp
92	75	L
92	76	L
92	77	-1
92	78	Lp
92	79	Lp
92	80	Lp
92	81	Lp
92	82	Lp
92	83	Lp
92	84	Lp
92	85	Lp
92	86	Lp
92	87	U
92	88	Lp
92	89	Lp
92	90	Lp
92	91	Lp
92	92	Lp
92	93	Lp
92	94	Lp
92	95	Lp
92	96	Lp
92	97	Lp
92	98	Lp
92	99	Lp
92	100	Lp
92	101	Lp
92	102	Lp
92	103	Lp
92	104	Lp
92	105	U
92	106	Lp
92	107	Lp
92	108	Lp
92	109	-1
92	110	L
92	111	Lp
92	112	Lp
92	113	Lp
92	114	L
92	115	-1
92	116	L
92	117	Lp
92	118	Lp
92	119	Lp
93	0	Lp
93	1	Lp
93	2	Lp
93	3	Lp
93	4	Lp
93	5	Lp
93	6	-1
93	7	Lp
93	8	Lp
93	9	U
93	10	Lp
93	11	-1
93	12	Lp
93	13	Lp
93	14	Lp
93	15	Lp
93	16	Lp
93	17	U
93	18	-1
93	19	-1
93	20	Lp
93	21	Lp
93	22	Lp
93	23	L
93	24	L
93	25	-1
93	26	L
93	27	L
93	28	L
93	29	L
93	30	Lp
93	31	L
93	32	L
93	33	Lp
93	34	Lp
93	35	-1
93	36	L
93	37	L
93	38	L
93	39	L
93	40	Lp
93	41	Lp
93	42	Lp
93	43	Lp
93	44	L
93	45	Lp
93	46	Lp
93	47	-1
93	48	Lp
93	49	-1
93	50	Lp
93	51	Lp
93	52	Lp
93	53	Lp
93	54	Lp
93	55	Lp
93	56	-1
93	57	Lp
93	58	Lp
93	59	Lp
93	60	-1
93	61	Lp
93	62	Lp
93	63	Lp
93	64	-1
93	65	Lp
93	66	Lp
93	67	Lp
93	68	Lp
93	69	Lp
93	70	Lp
93	71	Lp
93	72	Lp
93	73	Lp
93	74	-1
93	75	L
93	76	-1
93	77	L
93	78	L
93	79	-1
93	80	Lp
93	81	Lp
93	82	Lp
93	83	Lp
93	84	Lp
93	85	Lp
93	86	Lp
93	87	Lp
93	88	Lp
93	89	Lp
93	90	Lp
93	91	Lp
93	92	Lp
93	93	Lp
93	94	Lp
93	95	Lp
93	96	Lp
93	97	Lp
93	98	Lp
93	99	Lp
93	100	Lp
93	101	Lp
93	102	Lp
93	103	Lp
93	104	U
93	105	U
93	106	Lp
93	107	-1
93	108	Lp
93	109	L
93	110	L
93	111	Lp
93	112	Lp
93	113	L
93	114	L
93	115	L
93	116	L
93	117	Lp
93	118	Lp
93	119	Lp
94	0	Lp
94	1	U
94	2	Lp
94	3	Lp
94	4	Lp
94	5	Lp
94	6	Lp
94	7	Lp
94	8	U
94	9	Lp
94	10	Lp
94	11	U
94	12	Lp
94	13	Lp
94	14	Lp
94	15	Lp
94	16	U
94	17	U
94	18	U
94	19	L
94	20	-1
94	21	Lp
94	22	L
94	23	L
94	24	L
94	25	L
94	26	L
94	27	-1
94	28	-1
94	29	Lp
94	30	Lp
94	31	Lp
94	32	Lp
94	33	Lp
94	34	L
94	35	L
94	36	-1
94	37	L
94	38	-1
94	39	-1
94	40	Lp
94	41	-1
94	42	Lp
94	43	Lp
94	44	Lp
94	45	Lp
94	46	Lp
94	47	Lp
94	48	Lp
94	49	Lp
94	50	Lp
94	51	Lp
94	52	Lp
94	53	Lp
94	54	Lp
94	55	Lp
94	56	Lp
94	57	Lp
94	58	Lp
94	59	Lp
94	60	Lp
94	61	U
94	62	Lp
94	63	Lp
94	64	Lp
94	65	Lp
94	66	Lp
94	67	Lp
94	68	-1
94	69	Lp
94	70	Lp
94	71	Lp
94	72	Lp
94	73	Lp
94	74	Lp
94	75	Lp
94	76	L
94	77	L
94	78	Lp
94	79	Lp
94	80	Lp
94	81	Lp
94	82	Lp
94	83	Lp
94	84	Lp
94	85	Lp
94	86	Lp
94	87	Lp
94	88	Lp
94	89	Lp
94	90	Lp
94	91	Lp
94	92	Lp
94	93	Lp
94	94	Lp
94	95	Lp
94	96	Lp
94	97	Lp
94	98	Lp
94	99	Lp
94	100	Lp
94	101	Lp
94	102	Lp
94	103	Lp
94	104	U
94	105	Lp
94	106	Lp
94	107	U
94	108	Lp
94	109	Lp
94	110	L
94	111	Lp
94	112	Lp
94	113	L
94	114	-1
94	115	L
94	116	L
94	117	Lp
94	118	-1
94	119	Lp
95	0	Lp
95	1	Lp
95	2	Lp
95	3	-1
95	4	Lp
95	5	Lp
95	6	Lp
95	7	Lp
95	8	Lp
95	9	Lp
95	10	U
95	11	U
95	12	Lp
95	13	Lp
95	14	Lp
95	15	Lp
95	16	Lp
95	17	Lp
95	18	Lp
95	19	Lp
95	20	Lp
95	21	Lp
95	22	L
95	23	-1
95	24	-1
95	25	L
95	26	L
95	27	L
95	28	L
95	29	L
95	30	Lp
95	31	Lp
95	32	Lp
95	33	U
95	34	Lp
95	35	L
95	36	-1
95	37	Lp
95	38	Lp
95	39	Lp
95	40	Lp
95	41	-1
95	42	-1
95	43	Lp
95	44	U
95	45	Lp
95	46	Lp
95	47	Lp
95	48	Lp
95	49	Lp
95	50	Lp
95	51	-1
95	52	Lp
95	53	Lp
95	54	Lp
95	55	Lp
95	56	-1
95	57	Lp
95	58	Lp
95	59	Lp
95	60	Lp
95	61	Lp
95	62	U
95	63	Lp
95	64	Lp
95	65	Lp
95	66	Lp
95	67	Lp
95	68	Lp
95	69	Lp
95	70	Lp
95	71	Lp
95	72	-1
95	73	-1
95	74	Lp
95	75	Lp
95	76	L
95	77	L
95	78	L
95	79	Lp
95	80	-1
95	81	Lp
95	82	L
95	83	Lp
95	84	Lp
95	85	Lp
95	86	Lp
95	87	Lp
95	88	Lp
95	89	-1
95	90	Lp
95	91	Lp
95	92	Lp
95	93	Lp
95	94	Lp
95	95	Lp
95	96	Lp
95	97	Lp
95	98	Lp
95	99	Lp
95	100	Lp
95	101	Lp
95	102	Lp
95	103	Lp
95	104	Lp
95	105	Lp
95	106	Lp
95	107	Lp
95	108	L
95	109	-1
95	110	Lp
95	111	L
95	112	Lp
95	113	L
95	114	L
95	115	L
95	116	Lp
95	117	Lp
95	118	Lp
95	119	Lp
96	0	Lp
96	1	Lp
96	2	Lp
96	3	Lp
96	4	Lp
96	5	Lp
96	6	Lp
96	7	Lp
96	8	-1
96	9	Lp
96	10	U
96	11	Lp
96	12	U
96	13	-1
96	14	Lp
96	15	Lp
96	16	Lp
96	17	Lp
96	18	Lp
96	19	Lp
96	20	Lp
96	21	Lp
96	22	Lp
96	23	L
96	24	L
96	25	Lp
96	26	-1
96	27	Lp
96	28	Lp
96	29	L
96	30	Lp
96	31	Lp
96	32	U
96	33	Lp
96	34	Lp
96	35	Lp
96	36	Lp
96	37	Lp
96	38	Lp
96	39	-1
96	40	Lp
96	41	Lp
96	42	Lp
96	43	-1
96	44	-1
96	45	L
96	46	L
96	47	-1
96	48	Lp
96	49	Lp
96	50	Lp
96	51	Lp
96	52	Lp
96	53	Lp
96	54	Lp
96	55	Lp
96	56	Lp
96	57	Lp
96	58	-1
96	59	U
96	60	Lp
96	61	Lp
96	62	Lp
96	63	Lp
96	64	-1
96	65	Lp
96	66	Lp
96	67	Lp
96	68	Lp
96	69	Lp
96	70	Lp
96	71	-1
96	72	Lp
96	73	Lp
96	74	U
96	75	U
96	76	L
96	77	-1
96	78	L
96	79	Lp
96	80	Lp
96	81	Lp
96	82	Lp
96	83	Lp
96	84	Lp
96	85	Lp
96	86	Lp
96	87	-1
96	88	Lp
96	89	Lp
96	90	-1
96	91	Lp
96	92	Lp
96	93	-1
96	94	Lp
96	95	Lp
96	96	-1
96	97	Lp
96	98	Lp
96	99	Lp
96	100	Lp
96	101	-1
96	102	Lp
96	103	Lp
96	104	Lp
96	105	-1
96	106	Lp
96	107	-1
96	108	-1
96	109	L
96	110	U
96	111	-1
96	112	-1
96	113	L
96	114	L
96	115	-1
96	116	-1
96	117	-1
96	118	Lp
96	119	Lp
97	0	U
97	1	U
97	2	U
97	3	Lp
97	4	-1
97	5	Lp
97	6	Lp
97	7	Lp
97	8	Lp
97	9	Lp
97	10	Lp
97	11	Lp
97	12	-1
97	13	U
97	14	Lp
97	15	Lp
97	16	Lp
97	17	Lp
97	18	Lp
97	19	Lp
97	20	Lp
97	21	Lp
97	22	Lp
97	23	Lp
97	24	Lp
97	25	U
97	26	U
97	27	Lp
97	28	L
97	29	Lp
97	30	Lp
97	31	Lp
97	32	U
97	33	Lp
97	34	Lp
97	35	Lp
97	36	Lp
97	37	Lp
97	38	Lp
97	39	Lp
97	40	Lp
97	41	Lp
97	42	-1
97	43	Lp
97	44	Lp
97	45	L
97	46	L
97	47	Lp
97	48	Lp
97	49	Lp
97	50	Lp
97	51	Lp
97	52	Lp
97	53	Lp
97	54	Lp
97	55	Lp
97	56	Lp
97	57	Lp
97	58	Lp
97	59	-1
97	60	Lp
97	61	Lp
97	62	Lp
97	63	-1
97	64	Lp
97	65	Lp
97	66	Lp
97	67	Lp
97	68	Lp
97	69	Lp
97	70	-1
97	71	Lp
97	72	Lp
97	73	Lp
97	74	U
97	75	-1
97	76	L
97	77	Lp
97	78	Lp
97	79	Lp
97	80	Lp
97	81	-1
97	82	L
97	83	Lp
97	84	Lp
97	85	Lp
97	86	Lp
97	87	Lp
97	88	Lp
97	89	Lp
97	90	Lp
97	91	Lp
97	92	Lp
97	93	Lp
97	94	Lp
97	95	Lp
97	96	Lp
97	97	Lp
97	98	-1
97	99	Lp
97	100	Lp
97	101	-1
97	102	L
97	103	Lp
97	104	Lp
97	105	Lp
97	106	Lp
97	107	Lp
97	108	Lp
97	109	Lp
97	110	Lp
97	111	L
97	112	L
97	113	-1
97	114	L
97	115	L
97	116	L
97	117	L
97	118	Lp
97	119	Lp
98	0	Lp
98	1	-1
98	2	Lp
98	3	Lp
98	4	Lp
98	5	Lp
98	6	Lp
98	7	Lp
98	8	Lp
98	9	Lp
98	10	Lp
98	11	-1
98	12	Lp
98	13	Lp
98	14	Lp
98	15	Lp
98	16	Lp
98	17	Lp
98	18	Lp
98	19	Lp
98	20	-1
98	21	Lp
98	22	Lp
98	23	Lp
98	24	Lp
98	25	-1
98	26	Lp
98	27	Lp
98	28	Lp
98	29	Lp
98	30	L
98	31	Lp
98	32	L
98	33	Lp
98	34	Lp
98	35	Lp
98	36	L
98	37	L
98	38	Lp
98	39	Lp
98	40	Lp
98	41	Lp
98	42	-1
98	43	-1
98	44	Lp
98	45	U
98	46	L
98	47	-1
98	48	-1
98	49	-1
98	50	Lp
98	51	Lp
98	52	-1
98	53	Lp
98	54	Lp
98	55	Lp
98	56	L
98	57	-1
98	58	Lp
98	59	L
98	60	L
98	61	Lp
98	62	Lp
98	63	-1
98	64	Lp
98	65	Lp
98	66	-1
98	67	L
98	68	Lp
98	69	L
98	70	L
98	71	Lp
98	72	L
98	73	Lp
98	74	Lp
98	75	Lp
98	76	L
98	77	Lp
98	78	Lp
98	79	Lp
98	80	Lp
98	81	Lp
98	82	L
98	83	-1
98	84	Lp
98	85	Lp
98	86	Lp
98	87	Lp
98	88	Lp
98	89	Lp
98	90	Lp
98	91	Lp
98	92	-1
98	93	Lp
98	94	-1
98	95	Lp
98	96	Lp
98	97	Lp
98	98	Lp
98	99	Lp
98	100	Lp
98	101	Lp
98	102	Lp
98	103	Lp
98	104	Lp
98	105	Lp
98	106	-1
98	107	Lp
98	108	Lp
98	109	Lp
98	110	Lp
98	111	Lp
98	112	-1
98	113	Lp
98	114	Lp
98	115	Lp
98	116	Lp
98	117	L
98	118	-1
98	119	Lp
99	0	Lp
99	1	Lp
99	2	Lp
99	3	Lp
99	4	Lp
99	5	Lp
99	6	Lp
99	7	-1
99	8	L
99	9	Lp
99	10	Lp
99	11	Lp
99	12	Lp
99	13	Lp
99	14	Lp
99	15	Lp
99	16	Lp
99	17	Lp
99	18	Lp
99	19	Lp
99	20	Lp
99	21	L
99	22	L
99	23	-1
99	24	Lp
99	25	Lp
99	26	Lp
99	27	-1
99	28	Lp
99	29	L
99	30	-1
99	31	L
99	32	-1
99	33	L
99	34	L
99	35	Lp
99	36	L
99	37	L
99	38	Lp
99	39	Lp
99	40	Lp
99	41	Lp
99	42	Lp
99	43	Lp
99	44	U
99	45	Lp
99	46	U
99	47	-1
99	48	Lp
99	49	Lp
99	50	Lp
99	51	Lp
99	52	L
99	53	Lp
99	54	Lp
99	55	Lp
99	56	Lp
99	57	-1
99	58	Lp
99	59	L
99	60	Lp
99	61	Lp
99	62	Lp
99	63	Lp
99	64	Lp
99	65	Lp
99	66	Lp
99	67	Lp
99	68	Lp
99	69	-1
99	70	L
99	71	Lp
99	72	Lp
99	73	Lp
99	74	Lp
99	75	-1
99	76	Lp
99	77	Lp
99	78	-1
99	79	Lp
99	80	L
99	81	Lp
99	82	L
99	83	Lp
99	84	Lp
99	85	-1
99	86	Lp
99	87	Lp
99	88	Lp
99	89	Lp
99	90	Lp
99	91	Lp
99	92	Lp
99	93	Lp
99	94	Lp
99	95	Lp
99	96	Lp
99	97	Lp
99	98	Lp
99	99	Lp
99	100	-1
99	101	Lp
99	102	Lp
99	103	-1
99	104	L
99	105	Lp
99	106	Lp
99	107	Lp
99	108	-1
99	109	Lp
99	110	Lp
99	111	Lp
99	112	Lp
99	113	Lp
99	114	Lp
99	115	Lp
99	116	-1
99	117	Lp
99	118	Lp
99	119	-1
100	0	Lp
100	1	Lp
100	2	Lp
100	3	Lp
100	4	Lp
100	5	Lp
100	6	Lp
100	7	Lp
100	8	Lp
100	9	-1
100	10	-1
100	11	Lp
100	12	U
100	13	Lp
100	14	Lp
100	15	Lp
100	16	Lp
100	17	Lp
100	18	Lp
100	19	Lp
100	20	Lp
100	21	L
100	22	L
100	23	L
100	24	Lp
100	25	-1
100	26	Lp
100	27	-1
100	28	Lp
100	29	Lp
100	30	Lp
100	31	-1
100	32	L
100	33	-1
100	34	-1
100	35	Lp
100	36	Lp
100	37	Lp
100	38	Lp
100	39	Lp
100	40	Lp
100	41	Lp
100	42	Lp
100	43	Lp
100	44	-1
100	45	Lp
100	46	Lp
100	47	Lp
100	48	Lp
100	49	Lp
100	50	Lp
100	51	Lp
100	52	L
100	53	L
100	54	Lp
100	55	Lp
100	56	L
100	57	-1
100	58	L
100	59	Lp
100	60	Lp
100	61	Lp
100	62	Lp
100	63	Lp
100	64	Lp
100	65	Lp
100	66	Lp
100	67	Lp
100	68	Lp
100	69	Lp
100	70	Lp
100	71	Lp
100	72	Lp
100	73	Lp
100	74	Lp
100	75	Lp
100	76	Lp
100	77	Lp
100	78	Lp
100	79	L
100	80	-1
100	81	L
100	82	L
100	83	L
100	84	Lp
100	85	Lp
100	86	L
100	87	L
100	88	Lp
100	89	Lp
100	90	Lp
100	91	Lp
100	92	Lp
100	93	Lp
100	94	Lp
100	95	Lp
100	96	Lp
100	97	Lp
100	98	Lp
100	99	Lp
100	100	Lp
100	101	Lp
100	102	L
100	103	L
100	104	Lp
100	105	Lp
100	106	Lp
100	107	Lp
100	108	Lp
100	109	Lp
100	110	Lp
100	111	Lp
100	112	Lp
100	113	Lp
100	114	Lp
100	115	-1
100	116	Lp
100	117	Lp
100	118	Lp
100	119	Lp
101	0	Lp
101	1	Lp
101	2	Lp
101	3	L
101	4	Lp
101	5	Lp
101	6	Lp
101	7	-1
101	8	L
101	9	Lp
101	10	Lp
101	11	Lp
101	12	-1
101	13	Lp
101	14	-1
101	15	Lp
101	16	Lp
101	17	Lp
101	18	Lp
101	19	Lp
101	20	Lp
101	21	L
101	22	L
101	23	-1
101	24	L
101	25	Lp
101	26	Lp
101	27	Lp
101	28	Lp
101	29	Lp
101	30	-1
101	31	Lp
101	32	L
101	33	L
101	34	Lp
101	35	Lp
101	36	Lp
101	37	Lp
101	38	-1
101	39	Lp
101	40	Lp
101	41	Lp
101	42	Lp
101	43	Lp
101	44	Lp
101	45	Lp
101	46	Lp
101	47	Lp
101	48	Lp
101	49	-1
101	50	Lp
101	51	Lp
101	52	-1
101	53	Lp
101	54	L
101	55	-1
101	56	L
101	57	-1
101	58	Lp
101	59	Lp
101	60	Lp
101	61	Lp
101	62	Lp
101	63	Lp
101	64	Lp
101	65	Lp
101	66	Lp
101	67	L
101	68	Lp
101	69	L
101	70	Lp
101	71	Lp
101	72	Lp
101	73	Lp
101	74	L
101	75	Lp
101	76	Lp
101	77	-1
101	78	L
101	79	L
101	80	L
101	81	L
101	82	L
101	83	-1
101	84	L
101	85	L
101	86	L
101	87	L
101	88	Lp
101	89	Lp
101	90	-1
101	91	Lp
101	92	Lp
101	93	Lp
101	94	Lp
101	95	Lp
101	96	Lp
101	97	Lp
101	98	Lp
101	99	-1
101	100	Lp
101	101	Lp
101	102	L
101	103	Lp
101	104	Lp
101	105	Lp
101	106	Lp
101	107	Lp
101	108	Lp
101	109	Lp
101	110	Lp
101	111	Lp
101	112	Lp
101	113	Lp
101	114	Lp
101	115	-1
101	116	Lp
101	117	Lp
101	118	-1
101	119	Lp
102	0	Lp
102	1	Lp
102	2	L
102	3	L
102	4	Lp
102	5	-1
102	6	Lp
102	7	L
102	8	Lp
102	9	Lp
102	10	Lp
102	11	Lp
102	12	Lp
102	13	Lp
102	14	Lp
102	15	Lp
102	16	Lp
102	17	Lp
102	18	Lp
102	19	Lp
102	20	Lp
102	21	Lp
102	22	U
102	23	L
102	24	Lp
102	25	Lp
102	26	Lp
102	27	Lp
102	28	Lp
102	29	Lp
102	30	Lp
102	31	L
102	32	L
102	33	Lp
102	34	Lp
102	35	Lp
102	36	Lp
102	37	Lp
102	38	U
102	39	Lp
102	40	Lp
102	41	Lp
102	42	Lp
102	43	Lp
102	44	Lp
102	45	Lp
102	46	Lp
102	47	Lp
102	48	Lp
102	49	Lp
102	50	-1
102	51	Lp
102	52	Lp
102	53	-1
102	54	Lp
102	55	Lp
102	56	Lp
102	57	-1
102	58	Lp
102	59	Lp
102	60	Lp
102	61	Lp
102	62	-1
102	63	Lp
102	64	Lp
102	65	Lp
102	66	-1
102	67	L
102	68	Lp
102	69	L
102	70	L
102	71	L
102	72	L
102	73	Lp
102	74	L
102	75	U
102	76	Lp
102	77	L
102	78	L
102	79	L
102	80	-1
102	81	-1
102	82	L
102	83	L
102	84	L
102	85	L
102	86	L
102	87	L
102	88	Lp
102	89	-1
102	90	-1
102	91	Lp
102	92	Lp
102	93	Lp
102	94	Lp
102	95	Lp
102	96	-1
102	97	Lp
102	98	Lp
102	99	-1
102	100	Lp
102	101	Lp
102	102	-1
102	103	Lp
102	104	Lp
102	105	Lp
102	106	Lp
102	107	Lp
102	108	Lp
102	109	Lp
102	110	Lp
102	111	Lp
102	112	Lp
102	113	Lp
102	114	-1
102	115	Lp
102	116	-1
102	117	Lp
102	118	Lp
102	119	Lp
103	0	Lp
103	1	Lp
103	2	Lp
103	3	L
103	4	Lp
103	5	Lp
103	6	L
103	7	L
103	8	L
103	9	L
103	10	Lp
103	11	Lp
103	12	Lp
103	13	-1
103	14	Lp
103	15	Lp
103	16	Lp
103	17	Lp
103	18	Lp
103	19	Lp
103	20	Lp
103	21	Lp
103	22	U
103	23	L
103	24	L
103	25	Lp
103	26	L
103	27	-1
103	28	Lp
103	29	Lp
103	30	Lp
103	31	Lp
103	32	Lp
103	33	Lp
103	34	Lp
103	35	L
103	36	Lp
103	37	Lp
103	38	Lp
103	39	Lp
103	40	U
103	41	Lp
103	42	Lp
103	43	Lp
103	44	Lp
103	45	Lp
103	46	Lp
103	47	-1
103	48	U
103	49	Lp
103	50	Lp
103	51	Lp
103	52	Lp
103	53	Lp
103	54	Lp
103	55	Lp
103	56	Lp
103	57	Lp
103	58	Lp
103	59	Lp
103	60	Lp
103	61	Lp
103	62	-1
103	63	U
103	64	U
103	65	U
103	66	Lp
103	67	Lp
103	68	L
103	69	L
103	70	Lp
103	71	L
103	72	-1
103	73	Lp
103	74	Lp
103	75	-1
103	76	-1
103	77	L
103	78	L
103	79	L
103	80	L
103	81	L
103	82	L
103	83	L
103	84	L
103	85	-1
103	86	L
103	87	-1
103	88	L
103	89	-1
103	90	L
103	91	Lp
103	92	L
103	93	Lp
103	94	Lp
103	95	Lp
103	96	Lp
103	97	Lp
103	98	Lp
103	99	Lp
103	100	Lp
103	101	-1
103	102	Lp
103	103	Lp
103	104	Lp
103	105	-1
103	106	Lp
103	107	Lp
103	108	Lp
103	109	Lp
103	110	Lp
103	111	-1
103	112	Lp
103	113	Lp
103	114	L
103	115	Lp
103	116	Lp
103	117	Lp
103	118	Lp
103	119	U
104	0	Lp
104	1	L
104	2	L
104	3	Lp
104	4	L
104	5	L
104	6	L
104	7	L
104	8	L
104	9	Lp
104	10	Lp
104	11	Lp
104	12	Lp
104	13	Lp
104	14	Lp
104	15	Lp
104	16	Lp
104	17	Lp
104	18	Lp
104	19	Lp
104	20	Lp
104	21	-1
104	22	Lp
104	23	Lp
104	24	L
104	25	L
104	26	Lp
104	27	Lp
104	28	-1
104	29	Lp
104	30	Lp
104	31	U
104	32	Lp
104	33	-1
104	34	Lp
104	35	Lp
104	36	Lp
104	37	Lp
104	38	Lp
104	39	Lp
104	40	Lp
104	41	Lp
104	42	Lp
104	43	-1
104	44	Lp
104	45	Lp
104	46	Lp
104	47	Lp
104	48	Lp
104	49	Lp
104	50	Lp
104	51	Lp
104	52	Lp
104	53	L
104	54	Lp
104	55	L
104	56	Lp
104	57	L
104	58	-1
104	59	Lp
104	60	Lp
104	61	-1
104	62	Lp
104	63	Lp
104	64	L
104	65	U
104	66	Lp
104	67	Lp
104	68	L
104	69	L
104	70	Lp
104	71	Lp
104	72	L
104	73	-1
104	74	-1
104	75	L
104	76	-1
104	77	U
104	78	L
104	79	L
104	80	L
104	81	L
104	82	L
104	83	L
104	84	L
104	85	L
104	86	L
104	87	L
104	88	Lp
104	89	Lp
104	90	-1
104	91	L
104	92	L
104	93	-1
104	94	Lp
104	95	Lp
104	96	Lp
104	97	L
104	98	Lp
104	99	Lp
104	100	Lp
104	101	U
104	102	U
104	103	Lp
104	104	Lp
104	105	Lp
104	106	Lp
104	107	Lp
104	108	-1
104	109	Lp
104	110	Lp
104	111	-1
104	112	Lp
104	113	Lp
104	114	Lp
104	115	Lp
104	116	Lp
104	117	Lp
104	118	-1
104	119	-1
105	0	Lp
105	1	L
105	2	L
105	3	L
105	4	L
105	5	L
105	6	L
105	7	L
105	8	-1
105	9	-1
105	10	Lp
105	11	Lp
105	12	Lp
105	13	Lp
105	14	Lp
105	15	Lp
105	16	Lp
105	17	Lp
105	18	Lp
105	19	Lp
105	20	-1
105	21	Lp
105	22	Lp
105	23	Lp
105	24	L
105	25	Lp
105	26	Lp
105	27	Lp
105	28	Lp
105	29	Lp
105	30	U
105	31	Lp
105	32	-1
105	33	-1
105	34	Lp
105	35	Lp
105	36	Lp
105	37	Lp
105	38	Lp
105	39	Lp
105	40	Lp
105	41	Lp
105	42	Lp
105	43	-1
105	44	Lp
105	45	Lp
105	46	Lp
105	47	Lp
105	48	Lp
105	49	Lp
105	50	Lp
105	51	-1
105	52	Lp
105	53	L
105	54	L
105	55	L
105	56	L
105	57	Lp
105	58	Lp
105	59	Lp
105	60	Lp
105	61	Lp
105	62	Lp
105	63	Lp
105	64	L
105	65	U
105	66	-1
105	67	Lp
105	68	-1
105	69	-1
105	70	Lp
105	71	L
105	72	-1
105	73	Lp
105	74	L
105	75	L
105	76	L
105	77	U
105	78	Lp
105	79	L
105	80	L
105	81	L
105	82	L
105	83	L
105	84	L
105	85	L
105	86	L
105	87	Lp
105	88	Lp
105	89	Lp
105	90	L
105	91	L
105	92	L
105	93	L
105	94	Lp
105	95	Lp
105	96	Lp
105	97	Lp
105	98	Lp
105	99	Lp
105	100	-1
105	101	Lp
105	102	Lp
105	103	-1
105	104	Lp
105	105	Lp
105	106	-1
105	107	Lp
105	108	Lp
105	109	Lp
105	110	Lp
105	111	Lp
105	112	Lp
105	113	-1
105	114	Lp
105	115	Lp
105	116	Lp
105	117	Lp
105	118	-1
105	119	U
106	0	Lp
106	1	L
106	2	L
106	3	-1
106	4	L
106	5	L
106	6	Lp
106	7	L
106	8	Lp
106	9	Lp
106	10	-1
106	11	Lp
106	12	Lp
106	13	Lp
106	14	-1
106	15	Lp
106	16	Lp
106	17	Lp
106	18	Lp
106	19	Lp
106	20	Lp
106	21	Lp
106	22	Lp
106	23	Lp
106	24	Lp
106	25	-1
106	26	Lp
106	27	Lp
106	28	Lp
106	29	Lp
106	30	Lp
106	31	Lp
106	32	Lp
106	33	Lp
106	34	Lp
106	35	Lp
106	36	Lp
106	37	Lp
106	38	Lp
106	39	-1
106	40	Lp
106	41	Lp
106	42	-1
106	43	Lp
106	44	Lp
106	45	Lp
106	46	Lp
106	47	Lp
106	48	Lp
106	49	Lp
106	50	U
106	51	U
106	52	L
106	53	L
106	54	-1
106	55	L
106	56	L
106	57	-1
106	58	-1
106	59	Lp
106	60	Lp
106	61	-1
106	62	Lp
106	63	-1
106	64	Lp
106	65	L
106	66	L
106	67	L
106	68	L
106	69	Lp
106	70	L
106	71	L
106	72	Lp
106	73	-1
106	74	L
106	75	L
106	76	L
106	77	L
106	78	-1
106	79	Lp
106	80	-1
106	81	Lp
106	82	-1
106	83	Lp
106	84	L
106	85	L
106	86	Lp
106	87	Lp
106	88	L
106	89	L
106	90	L
106	91	L
106	92	Lp
106	93	Lp
106	94	Lp
106	95	Lp
106	96	Lp
106	97	Lp
106	98	Lp
106	99	-1
106	100	Lp
106	101	Lp
106	102	-1
106	103	-1
106	104	Lp
106	105	Lp
106	106	Lp
106	107	Lp
106	108	Lp
106	109	Lp
106	110	Lp
106	111	Lp
106	112	Lp
106	113	Lp
106	114	Lp
106	115	Lp
106	116	Lp
106	117	Lp
106	118	Lp
106	119	Lp
107	0	L
107	1	L
107	2	L
107	3	L
107	4	L
107	5	Lp
107	6	Lp
107	7	Lp
107	8	Lp
107	9	Lp
107	10	-1
107	11	-1
107	12	Lp
107	13	Lp
107	14	-1
107	15	Lp
107	16	Lp
107	17	Lp
107	18	Lp
107	19	Lp
107	20	Lp
107	21	Lp
107	22	Lp
107	23	Lp
107	24	Lp
107	25	Lp
107	26	Lp
107	27	Lp
107	28	Lp
107	29	Lp
107	30	Lp
107	31	Lp
107	32	Lp
107	33	Lp
107	34	Lp
107	35	-1
107	36	-1
107	37	Lp
107	38	Lp
107	39	U
107	40	-1
107	41	-1
107	42	Lp
107	43	Lp
107	44	Lp
107	45	Lp
107	46	Lp
107	47	Lp
107	48	Lp
107	49	-1
107	50	-1
107	51	-1
107	52	L
107	53	L
107	54	L
107	55	L
107	56	L
107	57	L
107	58	Lp
107	59	Lp
107	60	Lp
107	61	Lp
107	62	Lp
107	63	Lp
107	64	L
107	65	L
107	66	Lp
107	67	L
107	68	L
107	69	Lp
107	70	L
107	71	-1
107	72	Lp
107	73	Lp
107	74	L
107	75	L
107	76	L
107	77	Lp
107	78	Lp
107	79	Lp
107	80	Lp
107	81	Lp
107	82	Lp
107	83	Lp
107	84	Lp
107	85	L
107	86	Lp
107	87	Lp
107	88	Lp
107	89	L
107	90	L
107	91	L
107	92	Lp
107	93	L
107	94	-1
107	95	Lp
107	96	-1
107	97	Lp
107	98	-1
107	99	Lp
107	100	-1
107	101	-1
107	102	Lp
107	103	Lp
107	104	Lp
107	105	Lp
107	106	Lp
107	107	Lp
107	108	-1
107	109	Lp
107	110	-1
107	111	Lp
107	112	Lp
107	113	Lp
107	114	Lp
107	115	Lp
107	116	Lp
107	117	Lp
107	118	Lp
107	119	Lp
108	0	L
108	1	L
108	2	-1
108	3	L
108	4	Lp
108	5	Lp
108	6	Lp
108	7	Lp
108	8	Lp
108	9	Lp
108	10	Lp
108	11	Lp
108	12	-1
108	13	Lp
108	14	-1
108	15	U
108	16	Lp
108	17	Lp
108	18	Lp
108	19	Lp
108	20	Lp
108	21	Lp
108	22	L
108	23	Lp
108	24	Lp
108	25	Lp
108	26	U
108	27	U
108	28	Lp
108	29	Lp
108	30	Lp
108	31	-1
108	32	Lp
108	33	Lp
108	34	Lp
108	35	Lp
108	36	Lp
108	37	Lp
108	38	Lp
108	39	Lp
108	40	Lp
108	41	Lp
108	42	Lp
108	43	Lp
108	44	Lp
108	45	Lp
108	46	Lp
108	47	Lp
108	48	Lp
108	49	Lp
108	50	Lp
108	51	Lp
108	52	L
108	53	L
108	54	L
108	55	L
108	56	L
108	57	L
108	58	U
108	59	Lp
108	60	-1
108	61	Lp
108	62	Lp
108	63	-1
108	64	Lp
108	65	Lp
108	66	Lp
108	67	Lp
108	68	Lp
108	69	Lp
108	70	Lp
108	71	L
108	72	Lp
108	73	Lp
108	74	L
108	75	Lp
108	76	Lp
108	77	L
108	78	Lp
108	79	Lp
108	80	Lp
108	81	Lp
108	82	Lp
108	83	Lp
108	84	Lp
108	85	L
108	86	L
108	87	L
108	88	Lp
108	89	L
108	90	L
108	91	L
108	92	L
108	93	L
108	94	L
108	95	Lp
108	96	-1
108	97	-1
108	98	Lp
108	99	Lp
108	100	Lp
108	101	L
108	102	Lp
108	103	Lp
108	104	-1
108	105	Lp
108	106	Lp
108	107	Lp
108	108	Lp
108	109	Lp
108	110	Lp
108	111	Lp
108	112	Lp
108	113	Lp
108	114	Lp
108	115	Lp
108	116	Lp
108	117	Lp
108	118	Lp
108	119	Lp
109	0	L
109	1	L
109	2	L
109	3	-1
109	4	Lp
109	5	Lp
109	6	Lp
109	7	Lp
109	8	Lp
109	9	Lp
109	10	Lp
109	11	Lp
109	12	Lp
109	13	Lp
109	14	-1
109	15	L
109	16	Lp
109	17	Lp
109	18	L
109	19	Lp
109	20	Lp
109	21	Lp
109	22	Lp
109	23	L
109	24	Lp
109	25	Lp
109	26	Lp
109	27	U
109	28	U
109	29	Lp
109	30	Lp
109	31	Lp
109	32	-1
109	33	Lp
109	34	Lp
109	35	Lp
109	36	Lp
109	37	Lp
109	38	Lp
109	39	Lp
109	40	Lp
109	41	Lp
109	42	Lp
109	43	Lp
109	44	Lp
109	45	Lp
109	46	Lp
109	47	Lp
109	48	Lp
109	49	Lp
109	50	Lp
109	51	Lp
109	52	Lp
109	53	L
109	54	L
109	55	L
109	56	-1
109	57	L
109	58	U
109	59	Lp
109	60	Lp
109	61	Lp
109	62	Lp
109	63	Lp
109	64	-1
109	65	Lp
109	66	Lp
109	67	Lp
109	68	Lp
109	69	-1
109	70	Lp
109	71	-1
109	72	Lp
109	73	-1
109	74	Lp
109	75	L
109	76	Lp
109	77	L
109	78	Lp
109	79	Lp
109	80	Lp
109	81	Lp
109	82	Lp
109	83	Lp
109	84	Lp
109	85	Lp
109	86	L
109	87	-1
109	88	-1
109	89	L
109	90	L
109	91	-1
109	92	-1
109	93	Lp
109	94	Lp
109	95	Lp
109	96	Lp
109	97	Lp
109	98	Lp
109	99	U
109	100	U
109	101	L
109	102	Lp
109	103	Lp
109	104	Lp
109	105	Lp
109	106	Lp
109	107	-1
109	108	-1
109	109	Lp
109	110	Lp
109	111	-1
109	112	Lp
109	113	Lp
109	114	Lp
109	115	Lp
109	116	Lp
109	117	Lp
109	118	Lp
109	119	Lp
110	0	Lp
110	1	Lp
110	2	Lp
110	3	Lp
110	4	Lp
110	5	Lp
110	6	Lp
110	7	-1
110	8	-1
110	9	Lp
110	10	Lp
110	11	Lp
110	12	Lp
110	13	-1
110	14	L
110	15	L
110	16	L
110	17	L
110	18	Lp
110	19	Lp
110	20	Lp
110	21	Lp
110	22	Lp
110	23	L
110	24	Lp
110	25	L
110	26	U
110	27	Lp
110	28	U
110	29	Lp
110	30	Lp
110	31	Lp
110	32	-1
110	33	-1
110	34	Lp
110	35	Lp
110	36	-1
110	37	Lp
110	38	Lp
110	39	Lp
110	40	Lp
110	41	Lp
110	42	Lp
110	43	Lp
110	44	Lp
110	45	Lp
110	46	Lp
110	47	Lp
110	48	Lp
110	49	Lp
110	50	Lp
110	51	-1
110	52	Lp
110	53	L
110	54	L
110	55	L
110	56	L
110	57	Lp
110	58	Lp
110	59	-1
110	60	L
110	61	Lp
110	62	Lp
110	63	L
110	64	L
110	65	-1
110	66	Lp
110	67	Lp
110	68	Lp
110	69	Lp
110	70	Lp
110	71	Lp
110	72	Lp
110	73	Lp
110	74	L
110	75	L
110	76	L
110	77	Lp
110	78	Lp
110	79	Lp
110	80	Lp
110	81	Lp
110	82	Lp
110	83	Lp
110	84	Lp
110	85	Lp
110	86	Lp
110	87	Lp
110	88	-1
110	89	Lp
110	90	Lp
110	91	L
110	92	L
110	93	U
110	94	Lp
110	95	Lp
110	96	Lp
110	97	Lp
110	98	Lp
110	99	Lp
110	100	Lp
110	101	Lp
110	102	Lp
110	103	Lp
110	104	Lp
110	105	Lp
110	106	Lp
110	107	Lp
110	108	Lp
110	109	Lp
110	110	Lp
110	111	Lp
110	112	Lp
110	113	Lp
110	114	Lp
110	115	Lp
110	116	Lp
110	117	Lp
110	118	L
110	119	Lp
111	0	L
111	1	Lp
111	2	Lp
111	3	Lp
111	4	Lp
111	5	Lp
111	6	Lp
111	7	Lp
111	8	-1
111	9	Lp
111	10	Lp
111	11	Lp
111	12	-1
111	13	Lp
111	14	Lp
111	15	Lp
111	16	-1
111	17	Lp
111	18	Lp
111	19	Lp
111	20	Lp
111	21	Lp
111	22	U
111	23	Lp
111	24	L
111	25	L
111	26	Lp
111	27	Lp
111	28	Lp
111	29	L
111	30	Lp
111	31	L
111	32	Lp
111	33	Lp
111	34	Lp
111	35	Lp
111	36	Lp
111	37	Lp
111	38	-1
111	39	Lp
111	40	-1
111	41	Lp
111	42	Lp
111	43	Lp
111	44	Lp
111	45	Lp
111	46	Lp
111	47	Lp
111	48	Lp
111	49	Lp
111	50	-1
111	51	Lp
111	52	Lp
111	53	Lp
111	54	L
111	55	L
111	56	L
111	57	L
111	58	Lp
111	59	L
111	60	L
111	61	-1
111	62	Lp
111	63	L
111	64	L
111	65	-1
111	66	Lp
111	67	Lp
111	68	Lp
111	69	Lp
111	70	Lp
111	71	Lp
111	72	Lp
111	73	U
111	74	-1
111	75	Lp
111	76	Lp
111	77	Lp
111	78	Lp
111	79	Lp
111	80	Lp
111	81	Lp
111	82	Lp
111	83	Lp
111	84	Lp
111	85	Lp
111	86	Lp
111	87	Lp
111	88	Lp
111	89	Lp
111	90	-1
111	91	Lp
111	92	L
111	93	L
111	94	L
111	95	L
111	96	Lp
111	97	Lp
111	98	Lp
111	99	U
111	100	U
111	101	Lp
111	102	Lp
111	103	Lp
111	104	Lp
111	105	-1
111	106	Lp
111	107	Lp
111	108	Lp
111	109	-1
111	110	Lp
111	111	Lp
111	112	-1
111	113	Lp
111	114	Lp
111	115	Lp
111	116	Lp
111	117	-1
111	118	Lp
111	119	-1
112	0	L
112	1	Lp
112	2	-1
112	3	Lp
112	4	Lp
112	5	Lp
112	6	-1
112	7	Lp
112	8	Lp
112	9	Lp
112	10	Lp
112	11	Lp
112	12	Lp
112	13	Lp
112	14	Lp
112	15	Lp
112	16	Lp
112	17	Lp
112	18	Lp
112	19	Lp
112	20	Lp
112	21	Lp
112	22	Lp
112	23	Lp
112	24	Lp
112	25	L
112	26	Lp
112	27	L
112	28	Lp
112	29	L
112	30	-1
112	31	Lp
112	32	Lp
112	33	Lp
112	34	Lp
112	35	Lp
112	36	Lp
112	37	Lp
112	38	Lp
112	39	Lp
112	40	Lp
112	41	-1
112	42	Lp
112	43	Lp
112	44	Lp
112	45	Lp
112	46	-1
112	47	Lp
112	48	Lp
112	49	Lp
112	50	Lp
112	51	Lp
112	52	Lp
112	53	L
112	54	Lp
112	55	L
112	56	L
112	57	L
112	58	L
112	59	-1
112	60	L
112	61	Lp
112	62	L
112	63	Lp
112	64	Lp
112	65	L
112	66	Lp
112	67	L
112	68	Lp
112	69	Lp
112	70	Lp
112	71	Lp
112	72	L
112	73	Lp
112	74	Lp
112	75	-1
112	76	Lp
112	77	Lp
112	78	Lp
112	79	Lp
112	80	Lp
112	81	Lp
112	82	Lp
112	83	Lp
112	84	-1
112	85	Lp
112	86	Lp
112	87	Lp
112	88	Lp
112	89	Lp
112	90	Lp
112	91	Lp
112	92	Lp
112	93	Lp
112	94	Lp
112	95	L
112	96	U
112	97	U
112	98	U
112	99	Lp
112	100	U
112	101	Lp
112	102	Lp
112	103	Lp
112	104	-1
112	105	Lp
112	106	-1
112	107	-1
112	108	Lp
112	109	Lp
112	110	Lp
112	111	Lp
112	112	Lp
112	113	Lp
112	114	Lp
112	115	Lp
112	116	-1
112	117	Lp
112	118	-1
112	119	L
113	0	L
113	1	L
113	2	Lp
113	3	Lp
113	4	Lp
113	5	Lp
113	6	Lp
113	7	-1
113	8	Lp
113	9	Lp
113	10	Lp
113	11	Lp
113	12	L
113	13	-1
113	14	Lp
113	15	Lp
113	16	-1
113	17	Lp
113	18	-1
113	19	Lp
113	20	-1
113	21	Lp
113	22	Lp
113	23	Lp
113	24	Lp
113	25	Lp
113	26	Lp
113	27	L
113	28	L
113	29	L
113	30	-1
113	31	Lp
113	32	Lp
113	33	Lp
113	34	Lp
113	35	Lp
113	36	Lp
113	37	Lp
113	38	Lp
113	39	-1
113	40	Lp
113	41	Lp
113	42	Lp
113	43	Lp
113	44	Lp
113	45	Lp
113	46	Lp
113	47	L
113	48	Lp
113	49	Lp
113	50	Lp
113	51	Lp
113	52	Lp
113	53	L
113	54	L
113	55	L
113	56	L
113	57	L
113	58	L
113	59	L
113	60	L
113	61	L
113	62	Lp
113	63	Lp
113	64	Lp
113	65	Lp
113	66	Lp
113	67	L
113	68	L
113	69	Lp
113	70	Lp
113	71	Lp
113	72	L
113	73	Lp
113	74	Lp
113	75	Lp
113	76	Lp
113	77	Lp
113	78	Lp
113	79	Lp
113	80	-1
113	81	Lp
113	82	Lp
113	83	Lp
113	84	Lp
113	85	Lp
113	86	Lp
113	87	Lp
113	88	-1
113	89	Lp
113	90	Lp
113	91	Lp
113	92	Lp
113	93	Lp
113	94	Lp
113	95	Lp
113	96	U
113	97	Lp
113	98	Lp
113	99	Lp
113	100	-1
113	101	Lp
113	102	-1
113	103	Lp
113	104	Lp
113	105	Lp
113	106	Lp
113	107	-1
113	108	-1
113	109	Lp
113	110	Lp
113	111	Lp
113	112	Lp
113	113	Lp
113	114	Lp
113	115	Lp
113	116	Lp
113	117	Lp
113	118	Lp
113	119	L
114	0	L
114	1	L
114	2	Lp
114	3	-1
114	4	Lp
114	5	Lp
114	6	-1
114	7	Lp
114	8	Lp
114	9	-1
114	10	-1
114	11	Lp
114	12	L
114	13	Lp
114	14	Lp
114	15	Lp
114	16	Lp
114	17	Lp
114	18	Lp
114	19	Lp
114	20	Lp
114	21	Lp
114	22	Lp
114	23	Lp
114	24	Lp
114	25	Lp
114	26	Lp
114	27	Lp
114	28	-1
114	29	Lp
114	30	L
114	31	L
114	32	Lp
114	33	Lp
114	34	Lp
114	35	Lp
114	36	Lp
114	37	Lp
114	38	-1
114	39	Lp
114	40	Lp
114	41	Lp
114	42	Lp
114	43	Lp
114	44	Lp
114	45	Lp
114	46	L
114	47	Lp
114	48	L
114	49	L
114	50	-1
114	51	L
114	52	Lp
114	53	L
114	54	-1
114	55	L
114	56	L
114	57	L
114	58	L
114	59	L
114	60	L
114	61	L
114	62	L
114	63	L
114	64	L
114	65	L
114	66	L
114	67	L
114	68	Lp
114	69	Lp
114	70	Lp
114	71	L
114	72	-1
114	73	Lp
114	74	-1
114	75	L
114	76	Lp
114	77	Lp
114	78	Lp
114	79	Lp
114	80	Lp
114	81	Lp
114	82	Lp
114	83	Lp
114	84	Lp
114	85	Lp
114	86	-1
114	87	Lp
114	88	Lp
114	89	-1
114	90	-1
114	91	-1
114	92	Lp
114	93	Lp
114	94	Lp
114	95	Lp
114	96	Lp
114	97	Lp
114	98	Lp
114	99	Lp
114	100	Lp
114	101	Lp
114	102	Lp
114	103	Lp
114	104	Lp
114	105	Lp
114	106	Lp
114	107	Lp
114	108	-1
114	109	Lp
114	110	Lp
114	111	Lp
114	112	-1
114	113	Lp
114	114	Lp
114	115	Lp
114	116	Lp
114	117	Lp
114	118	Lp
114	119	Lp
115	0	L
115	1	L
115	2	L
115	3	Lp
115	4	Lp
115	5	Lp
115	6	-1
115	7	Lp
115	8	-1
115	9	Lp
115	10	Lp
115	11	L
115	12	L
115	13	-1
115	14	Lp
115	15	Lp
115	16	Lp
115	17	Lp
115	18	Lp
115	19	Lp
115	20	Lp
115	21	Lp
115	22	Lp
115	23	Lp
115	24	Lp
115	25	-1
115	26	Lp
115	27	Lp
115	28	Lp
115	29	Lp
115	30	-1
115	31	Lp
115	32	Lp
115	33	Lp
115	34	Lp
115	35	Lp
115	36	Lp
115	37	Lp
115	38	Lp
115	39	-1
115	40	Lp
115	41	Lp
115	42	Lp
115	43	Lp
115	44	-1
115	45	L
115	46	L
115	47	L
115	48	Lp
115	49	-1
115	50	L
115	51	Lp
115	52	L
115	53	L
115	54	L
115	55	-1
115	56	L
115	57	L
115	58	L
115	59	L
115	60	L
115	61	L
115	62	L
115	63	-1
115	64	L
115	65	L
115	66	-1
115	67	Lp
115	68	L
115	69	L
115	70	Lp
115	71	Lp
115	72	Lp
115	73	Lp
115	74	Lp
115	75	Lp
115	76	Lp
115	77	Lp
115	78	Lp
115	79	Lp
115	80	Lp
115	81	Lp
115	82	Lp
115	83	Lp
115	84	Lp
115	85	Lp
115	86	Lp
115	87	Lp
115	88	Lp
115	89	Lp
115	90	Lp
115	91	Lp
115	92	Lp
115	93	Lp
115	94	Lp
115	95	Lp
115	96	Lp
115	97	Lp
115	98	Lp
115	99	Lp
115	100	Lp
115	101	Lp
115	102	Lp
115	103	Lp
115	104	Lp
115	105	Lp
115	106	Lp
115	107	Lp
115	108	Lp
115	109	Lp
115	110	-1
115	111	-1
115	112	Lp
115	113	Lp
115	114	Lp
115	115	Lp
115	116	Lp
115	117	L
115	118	L
115	119	L
116	0	L
116	1	L
116	2	L
116	3	L
116	4	Lp
116	5	Lp
116	6	Lp
116	7	Lp
116	8	Lp
116	9	Lp
116	10	Lp
116	11	Lp
116	12	Lp
116	13	Lp
116	14	-1
116	15	L
116	16	Lp
116	17	Lp
116	18	L
116	19	Lp
116	20	Lp
116	21	Lp
116	22	Lp
116	23	-1
116	24	Lp
116	25	Lp
116	26	Lp
116	27	Lp
116	28	-1
116	29	Lp
116	30	-1
116	31	Lp
116	32	Lp
116	33	Lp
116	34	Lp
116	35	Lp
116	36	Lp
116	37	Lp
116	38	Lp
116	39	-1
116	40	Lp
116	41	Lp
116	42	Lp
116	43	L
116	44	L
116	45	L
116	46	L
116	47	-1
116	48	Lp
116	49	U
116	50	Lp
116	51	L
116	52	-1
116	53	-1
116	54	L
116	55	L
116	56	L
116	57	L
116	58	L
116	59	-1
116	60	L
116	61	-1
116	62	L
116	63	L
116	64	L
116	65	L
116	66	Lp
116	67	Lp
116	68	-1
116	69	L
116	70	Lp
116	71	Lp
116	72	Lp
116	73	Lp
116	74	L
116	75	Lp
116	76	L
116	77	Lp
116	78	L
116	79	-1
116	80	L
116	81	U
116	82	Lp
116	83	L
116	84	Lp
116	85	Lp
116	86	Lp
116	87	-1
116	88	Lp
116	89	Lp
116	90	Lp
116	91	Lp
116	92	Lp
116	93	Lp
116	94	Lp
116	95	Lp
116	96	Lp
116	97	Lp
116	98	Lp
116	99	Lp
116	100	Lp
116	101	Lp
116	102	-1
116	103	-1
116	104	Lp
116	105	-1
116	106	Lp
116	107	Lp
116	108	-1
116	109	Lp
116	110	Lp
116	111	Lp
116	112	Lp
116	113	Lp
116	114	Lp
116	115	Lp
116	116	Lp
116	117	L
116	118	L
116	119	L
117	0	L
117	1	L
117	2	L
117	3	Lp
117	4	Lp
117	5	Lp
117	6	Lp
117	7	-1
117	8	-1
117	9	Lp
117	10	Lp
117	11	Lp
117	12	-1
117	13	Lp
117	14	Lp
117	15	Lp
117	16	L
117	17	Lp
117	18	Lp
117	19	Lp
117	20	L
117	21	L
117	22	Lp
117	23	-1
117	24	Lp
117	25	Lp
117	26	Lp
117	27	Lp
117	28	Lp
117	29	-1
117	30	Lp
117	31	Lp
117	32	Lp
117	33	Lp
117	34	-1
117	35	Lp
117	36	Lp
117	37	Lp
117	38	Lp
117	39	Lp
117	40	-1
117	41	Lp
117	42	Lp
117	43	Lp
117	44	Lp
117	45	-1
117	46	-1
117	47	L
117	48	L
117	49	L
117	50	L
117	51	U
117	52	U
117	53	Lp
117	54	L
117	55	L
117	56	Lp
117	57	L
117	58	Lp
117	59	L
117	60	L
117	61	L
117	62	Lp
117	63	L
117	64	-1
117	65	Lp
117	66	Lp
117	67	L
117	68	-1
117	69	-1
117	70	L
117	71	-1
117	72	-1
117	73	Lp
117	74	L
117	75	Lp
117	76	Lp
117	77	L
117	78	L
117	79	L
117	80	Lp
117	81	L
117	82	L
117	83	Lp
117	84	Lp
117	85	Lp
117	86	Lp
117	87	Lp
117	88	-1
117	89	Lp
117	90	Lp
117	91	-1
117	92	Lp
117	93	Lp
117	94	Lp
117	95	Lp
117	96	Lp
117	97	Lp
117	98	Lp
117	99	Lp
117	100	Lp
117	101	Lp
117	102	Lp
117	103	Lp
117	104	Lp
117	105	Lp
117	106	Lp
117	107	-1
117	108	Lp
117	109	Lp
117	110	Lp
117	111	Lp
117	112	Lp
117	113	Lp
117	114	Lp
117	115	Lp
117	116	Lp
117	117	Lp
117	118	Lp
117	119	L
118	0	L
118	1	L
118	2	Lp
118	3	Lp
118	4	Lp
118	5	Lp
118	6	Lp
118	7	Lp
118	8	Lp
118	9	-1
118	10	-1
118	11	Lp
118	12	Lp
118	13	Lp
118	14	Lp
118	15	L
118	16	Lp
118	17	L
118	18	Lp
118	19	L
118	20	-1
118	21	Lp
118	22	-1
118	23	Lp
118	24	Lp
118	25	Lp
118	26	Lp
118	27	Lp
118	28	Lp
118	29	Lp
118	30	Lp
118	31	Lp
118	32	Lp
118	33	Lp
118	34	Lp
118	35	Lp
118	36	Lp
118	37	Lp
118	38	Lp
118	39	Lp
118	40	Lp
118	41	Lp
118	42	Lp
118	43	-1
118	44	L
118	45	-1
118	46	-1
118	47	Lp
118	48	-1
118	49	L
118	50	-1
118	51	Lp
118	52	Lp
118	53	L
118	54	L
118	55	Lp
118	56	-1
118	57	L
118	58	Lp
118	59	Lp
118	60	-1
118	61	L
118	62	-1
118	63	L
118	64	L
118	65	L
118	66	Lp
118	67	-1
118	68	U
118	69	Lp
118	70	L
118	71	L
118	72	L
118	73	L
118	74	L
118	75	L
118	76	L
118	77	L
118	78	L
118	79	L
118	80	L
118	81	Lp
118	82	Lp
118	83	Lp
118	84	Lp
118	85	-1
118	86	Lp
118	87	Lp
118	88	Lp
118	89	-1
118	90	Lp
118	91	Lp
118	92	Lp
118	93	Lp
118	94	Lp
118	95	Lp
118	96	Lp
118	97	Lp
118	98	Lp
118	99	Lp
118	100	Lp
118	101	Lp
118	102	-1
118	103	-1
118	104	Lp
118	105	Lp
118	106	-1
118	107	Lp
118	108	Lp
118	109	Lp
118	110	Lp
118	111	Lp
118	112	Lp
118	113	Lp
118	114	Lp
118	115	Lp
118	116	Lp
118	117	Lp
118	118	Lp
118	119	-1
119	0	L
119	1	L
119	2	L
119	3	L
119	4	Lp
119	5	Lp
119	6	Lp
119	7	Lp
119	8	Lp
119	9	Lp
119	10	Lp
119	11	Lp
119	12	-1
119	13	Lp
119	14	Lp
119	15	Lp
119	16	Lp
119	17	Lp
119	18	L
119	19	L
119	20	L
119	21	Lp
119	22	Lp
119	23	Lp
119	24	Lp
119	25	Lp
119	26	Lp
119	27	-1
119	28	Lp
119	29	Lp
119	30	Lp
119	31	Lp
119	32	Lp
119	33	-1
119	34	Lp
119	35	Lp
119	36	Lp
119	37	Lp
119	38	-1
119	39	Lp
119	40	Lp
119	41	Lp
119	42	-1
119	43	Lp
119	44	L
119	45	Lp
119	46	Lp
119	47	Lp
119	48	Lp
119	49	-1
119	50	Lp
119	51	Lp
119	52	Lp
119	53	L
119	54	-1
119	55	Lp
119	56	Lp
119	57	-1
119	58	L
119	59	L
119	60	-1
119	61	-1
119	62	-1
119	63	Lp
119	64	L
119	65	L
119	66	Lp
119	67	Lp
119	68	Lp
119	69	Lp
119	70	Lp
119	71	-1
119	72	L
119	73	L
119	74	L
119	75	L
119	76	L
119	77	L
119	78	L
119	79	L
119	80	L
119	81	U
119	82	U
119	83	Lp
119	84	-1
119	85	Lp
119	86	Lp
119	87	Lp
119	88	Lp
119	89	Lp
119	90	L
119	91	Lp
119	92	-1
119	93	Lp
119	94	Lp
119	95	Lp
119	96	Lp
119	97	Lp
119	98	Lp
119	99	Lp
119	100	Lp
119	101	Lp
119	102	-1
119	103	Lp
119	104	Lp
119	105	Lp
119	106	Lp
119	107	Lp
119	108	Lp
119	109	Lp
119	110	Lp
119	111	Lp
119	112	Lp
119	113	Lp
119	114	Lp
119	115	-1
119	116	Lp
119	117	Lp
119	118	Lp
119	119	L
