0	0	Lc
0	1	L
0	2	L
0	3	-1
0	4	L
0	5	-1
0	6	-1
0	7	Lc
0	8	L
0	9	Lp
0	10	Lp
0	11	-1
0	12	L
0	13	Lcp
0	14	Lcp
0	15	Lp
0	16	Lp
0	17	Lp
0	18	Lcp
0	19	Lp
0	20	Lp
0	21	Lp
0	22	Lp
0	23	Lp
0	24	U
0	25	L
0	26	-1
0	27	L
0	28	Lcp
0	29	L
0	30	Lcp
0	31	Lp
0	32	L
0	33	Lp
0	34	U
0	35	Lp
0	36	Lp
0	37	U
0	38	U
0	39	-1
0	40	-1
0	41	L
0	42	L
0	43	L
0	44	L
0	45	L
0	46	Lp
0	47	Lp
0	48	L
0	49	-1
0	50	L
0	51	Lp
0	52	Lcp
0	53	Lp
0	54	Lp
0	55	Lcp
0	56	Lc
0	57	Lp
0	58	-1
0	59	-1
0	60	L
0	61	L
0	62	Lp
0	63	Lp
0	64	Lc
0	65	Lc
0	66	-1
0	67	Lp
0	68	Lp
0	69	Lp
0	70	Lc
0	71	Lc
0	72	Lc
0	73	Lc
0	74	Lc
0	75	Lp
0	76	-1
0	77	Lp
0	78	-1
0	79	-1
0	80	Lp
0	81	Lp
0	82	Lc
0	83	Lc
0	84	Lp
0	85	L
0	86	L
0	87	L
0	88	L
0	89	Lp
0	90	Lp
0	91	L
0	92	Lp
0	93	-1
0	94	Lp
0	95	-1
0	96	-1
0	97	-1
0	98	Lp
0	99	-1
0	100	-1
0	101	-1
0	102	Lp
0	103	Lp
0	104	Lcp
0	105	Lp
0	106	Lc
0	107	Lc
0	108	Lc
0	109	Lc
0	110	Lcp
0	111	Lcp
0	112	Lc
0	113	Lc
0	114	L
0	115	Lcp
0	116	Lcp
0	117	Lcp
0	118	Lcp
0	119	L
1	0	Lc
1	1	Lp
1	2	Lp
1	3	Lc
1	4	Lc
1	5	Lc
1	6	L
1	7	Lc
1	8	L
1	9	Lp
1	10	Lc
1	11	Lcp
1	12	Lcp
1	13	-1
1	14	L
1	15	Lcp
1	16	Lp
1	17	Lp
1	18	Lp
1	19	Lp
1	20	-1
1	21	Lp
1	22	-1
1	23	Lp
1	24	Lp
1	25	Lcp
1	26	L
1	27	Lp
1	28	L
1	29	Lcp
1	30	Lp
1	31	Lp
1	32	Lp
1	33	Lp
1	34	Lp
1	35	U
1	36	U
1	37	Lp
1	38	-1
1	39	Lp
1	40	L
1	41	L
1	42	L
1	43	L
1	44	L
1	45	L
1	46	L
1	47	L
1	48	Lp
1	49	-1
1	50	Lp
1	51	-1
1	52	Lp
1	53	Lp
1	54	-1
1	55	Lp
1	56	Lp
1	57	Lc
1	58	-1
1	59	Lp
1	60	Lp
1	61	L
1	62	Lp
1	63	Lp
1	64	Lp
1	65	Lp
1	66	Lp
1	67	-1
1	68	Lp
1	69	-1
1	70	Lc
1	71	Lp
1	72	Lc
1	73	Lc
1	74	Lp
1	75	Lp
1	76	Lc
1	77	Lp
1	78	Lp
1	79	-1
1	80	Lp
1	81	L
1	82	Lp
1	83	-1
1	84	Lc
1	85	Lp
1	86	Lc
1	87	Lp
1	88	Lp
1	89	Lp
1	90	Lp
1	91	Lp
1	92	Lp
1	93	Lp
1	94	-1
1	95	Lp
1	96	Lp
1	97	Lp
1	98	Lp
1	99	Lp
1	100	Lp
1	101	L
1	102	Lp
1	103	L
1	104	L
1	105	Lcp
1	106	Lcp
1	107	Lc
1	108	-1
1	109	Lc
1	110	Lcp
1	111	Lcp
1	112	Lc
1	113	Lcp
1	114	-1
1	115	Lc
1	116	L
1	117	-1
1	118	L
1	119	Lc
2	0	Lcp
2	1	Lc
2	2	Lp
2	3	Lp
2	4	Lc
2	5	Lc
2	6	Lc
2	7	Lc
2	8	Lc
2	9	L
2	10	-1
2	11	L
2	12	-1
2	13	L
2	14	Lcp
2	15	L
2	16	Lp
2	17	Lp
2	18	Lp
2	19	Lp
2	20	Lp
2	21	Lp
2	22	Lp
2	23	Lp
2	24	Lcp
2	25	Lp
2	26	L
2	27	L
2	28	Lcp
2	29	Lp
2	30	L
2	31	Lp
2	32	Lp
2	33	Lp
2	34	L
2	35	Lp
2	36	U
2	37	Lp
2	38	Lp
2	39	L
2	40	-1
2	41	L
2	42	L
2	43	L
2	44	L
2	45	-1
2	46	-1
2	47	Lp
2	48	Lp
2	49	Lp
2	50	-1
2	51	Lp
2	52	-1
2	53	Lp
2	54	Lp
2	55	Lp
2	56	-1
2	57	L
2	58	L
2	59	L
2	60	-1
2	61	Lp
2	62	-1
2	63	Lp
2	64	Lp
2	65	-1
2	66	Lcp
2	67	Lcp
2	68	-1
2	69	L
2	70	Lp
2	71	Lp
2	72	Lp
2	73	-1
2	74	Lp
2	75	Lp
2	76	-1
2	77	Lp
2	78	Lp
2	79	Lp
2	80	Lp
2	81	L
2	82	Lc
2	83	Lc
2	84	Lp
2	85	Lc
2	86	Lp
2	87	Lp
2	88	Lp
2	89	Lp
2	90	Lp
2	91	Lp
2	92	Lp
2	93	Lp
2	94	Lp
2	95	Lp
2	96	Lp
2	97	Lp
2	98	Lp
2	99	Lp
2	100	Lp
2	101	L
2	102	L
2	103	L
2	104	L
2	105	Lcp
2	106	Lcp
2	107	Lc
2	108	Lc
2	109	Lc
2	110	Lc
2	111	Lcp
2	112	Lc
2	113	Lc
2	114	Lc
2	115	Lcp
2	116	Lc
2	117	Lc
2	118	Lc
2	119	Lc
3	0	Lp
3	1	Lp
3	2	-1
3	3	Lp
3	4	Lc
3	5	Lc
3	6	U
3	7	Lc
3	8	Lc
3	9	L
3	10	L
3	11	L
3	12	-1
3	13	Lcp
3	14	L
3	15	-1
3	16	-1
3	17	-1
3	18	Lp
3	19	Lp
3	20	-1
3	21	Lp
3	22	Lp
3	23	Lp
3	24	Lp
3	25	Lcp
3	26	Lcp
3	27	Lp
3	28	Lp
3	29	Lp
3	30	Lp
3	31	L
3	32	Lp
3	33	U
3	34	Lp
3	35	L
3	36	L
3	37	Lp
3	38	Lp
3	39	L
3	40	L
3	41	-1
3	42	L
3	43	-1
3	44	L
3	45	-1
3	46	-1
3	47	Lp
3	48	Lp
3	49	-1
3	50	Lp
3	51	Lp
3	52	Lp
3	53	Lp
3	54	L
3	55	Lp
3	56	L
3	57	L
3	58	L
3	59	L
3	60	Lp
3	61	Lp
3	62	Lp
3	63	L
3	64	Lp
3	65	Lp
3	66	Lcp
3	67	Lcp
3	68	U
3	69	U
3	70	U
3	71	-1
3	72	Lp
3	73	-1
3	74	-1
3	75	Lp
3	76	Lc
3	77	Lc
3	78	-1
3	79	Lp
3	80	Lp
3	81	L
3	82	L
3	83	-1
3	84	L
3	85	Lp
3	86	Lp
3	87	Lp
3	88	Lp
3	89	Lp
3	90	Lp
3	91	Lp
3	92	Lp
3	93	Lp
3	94	Lp
3	95	-1
3	96	Lp
3	97	-1
3	98	Lp
3	99	Lp
3	100	Lp
3	101	L
3	102	Lp
3	103	Lcp
3	104	L
3	105	Lcp
3	106	Lc
3	107	Lp
3	108	Lp
3	109	Lp
3	110	Lcp
3	111	Lc
3	112	Lc
3	113	Lc
3	114	Lc
3	115	-1
3	116	-1
3	117	Lc
3	118	-1
3	119	Lcp
4	0	Lcp
4	1	Lc
4	2	Lcp
4	3	-1
4	4	Lc
4	5	Lc
4	6	Lc
4	7	Lc
4	8	Lcp
4	9	Lp
4	10	L
4	11	L
4	12	L
4	13	Lcp
4	14	Lcp
4	15	Lcp
4	16	Lp
4	17	Lcp
4	18	Lp
4	19	-1
4	20	Lp
4	21	-1
4	22	Lcp
4	23	Lcp
4	24	Lcp
4	25	-1
4	26	Lcp
4	27	Lcp
4	28	-1
4	29	Lp
4	30	Lp
4	31	Lp
4	32	Lp
4	33	U
4	34	L
4	35	L
4	36	Lp
4	37	L
4	38	L
4	39	L
4	40	L
4	41	L
4	42	L
4	43	L
4	44	L
4	45	L
4	46	-1
4	47	-1
4	48	L
4	49	Lp
4	50	Lp
4	51	Lp
4	52	L
4	53	L
4	54	L
4	55	L
4	56	L
4	57	L
4	58	-1
4	59	-1
4	60	Lp
4	61	Lp
4	62	Lcp
4	63	Lcp
4	64	-1
4	65	-1
4	66	U
4	67	U
4	68	U
4	69	Lcp
4	70	Lp
4	71	-1
4	72	Lcp
4	73	Lcp
4	74	Lp
4	75	-1
4	76	Lc
4	77	Lc
4	78	Lc
4	79	Lp
4	80	Lp
4	81	-1
4	82	-1
4	83	L
4	84	-1
4	85	-1
4	86	L
4	87	L
4	88	L
4	89	-1
4	90	Lp
4	91	L
4	92	L
4	93	L
4	94	L
4	95	L
4	96	Lp
4	97	Lp
4	98	-1
4	99	L
4	100	L
4	101	L
4	102	L
4	103	Lcp
4	104	Lcp
4	105	Lp
4	106	Lc
4	107	Lp
4	108	Lc
4	109	-1
4	110	-1
4	111	Lc
4	112	Lc
4	113	Lc
4	114	Lc
4	115	-1
4	116	Lc
4	117	Lcp
4	118	Lc
4	119	Lc
5	0	Lc
5	1	Lcp
5	2	Lc
5	3	Lc
5	4	Lc
5	5	Lc
5	6	Lc
5	7	Lp
5	8	Lcp
5	9	Lcp
5	10	Lcp
5	11	L
5	12	Lp
5	13	Lcp
5	14	Lp
5	15	Lp
5	16	Lcp
5	17	Lp
5	18	Lp
5	19	Lp
5	20	-1
5	21	Lp
5	22	Lcp
5	23	Uc
5	24	Lcp
5	25	Uc
5	26	Lcp
5	27	Lcp
5	28	Lcp
5	29	Lcp
5	30	-1
5	31	Lcp
5	32	U
5	33	U
5	34	U
5	35	Lp
5	36	Lp
5	37	L
5	38	L
5	39	L
5	40	L
5	41	-1
5	42	L
5	43	-1
5	44	L
5	45	-1
5	46	L
5	47	L
5	48	L
5	49	L
5	50	L
5	51	L
5	52	-1
5	53	L
5	54	L
5	55	-1
5	56	Lp
5	57	L
5	58	L
5	59	L
5	60	Lp
5	61	-1
5	62	L
5	63	L
5	64	L
5	65	L
5	66	Lcp
5	67	Lcp
5	68	Lcp
5	69	Lcp
5	70	Lcp
5	71	-1
5	72	Lcp
5	73	-1
5	74	L
5	75	Lp
5	76	-1
5	77	Lc
5	78	Lp
5	79	Lp
5	80	Lp
5	81	L
5	82	L
5	83	-1
5	84	L
5	85	Lp
5	86	Lp
5	87	L
5	88	L
5	89	Lp
5	90	L
5	91	Lp
5	92	Lp
5	93	L
5	94	L
5	95	Lp
5	96	-1
5	97	U
5	98	Lp
5	99	L
5	100	L
5	101	L
5	102	Lcp
5	103	L
5	104	L
5	105	-1
5	106	Lp
5	107	Lp
5	108	-1
5	109	Lc
5	110	Lc
5	111	Lc
5	112	Lc
5	113	L
5	114	Lc
5	115	L
5	116	Lc
5	117	Lcp
5	118	-1
5	119	-1
6	0	Lc
6	1	Lc
6	2	Lc
6	3	Lc
6	4	Lp
6	5	Lp
6	6	Lp
6	7	-1
6	8	Lp
6	9	Lp
6	10	Lcp
6	11	Lp
6	12	Lp
6	13	Lp
6	14	Lcp
6	15	Lcp
6	16	-1
6	17	Lp
6	18	Lcp
6	19	Lcp
6	20	Lp
6	21	Lcp
6	22	Lp
6	23	-1
6	24	Lc
6	25	Uc
6	26	Lcp
6	27	Lcp
6	28	Lcp
6	29	-1
6	30	Lcp
6	31	Lcp
6	32	U
6	33	U
6	34	-1
6	35	L
6	36	Lp
6	37	-1
6	38	L
6	39	L
6	40	L
6	41	L
6	42	L
6	43	L
6	44	L
6	45	L
6	46	Lp
6	47	Lp
6	48	L
6	49	-1
6	50	L
6	51	L
6	52	L
6	53	L
6	54	-1
6	55	L
6	56	L
6	57	L
6	58	L
6	59	L
6	60	L
6	61	Lp
6	62	L
6	63	L
6	64	L
6	65	Lp
6	66	Lp
6	67	Lcp
6	68	-1
6	69	Lcp
6	70	Lp
6	71	Lcp
6	72	-1
6	73	-1
6	74	L
6	75	Lp
6	76	Lp
6	77	Lp
6	78	Lp
6	79	Lp
6	80	Lp
6	81	U
6	82	L
6	83	Lp
6	84	Lp
6	85	-1
6	86	L
6	87	L
6	88	L
6	89	L
6	90	L
6	91	Lp
6	92	-1
6	93	Lp
6	94	Lp
6	95	Lp
6	96	U
6	97	U
6	98	Lp
6	99	L
6	100	Lp
6	101	Lcp
6	102	L
6	103	Lcp
6	104	L
6	105	L
6	106	L
6	107	Lcp
6	108	-1
6	109	L
6	110	Lc
6	111	L
6	112	Lc
6	113	-1
6	114	L
6	115	Lc
6	116	Lcp
6	117	Lc
6	118	-1
6	119	-1
7	0	Lp
7	1	Lc
7	2	Lp
7	3	Lp
7	4	-1
7	5	Lp
7	6	-1
7	7	Lp
7	8	Lcp
7	9	L
7	10	Lp
7	11	Lp
7	12	Lp
7	13	Lp
7	14	Lcp
7	15	Lcp
7	16	Lp
7	17	Lp
7	18	Lcp
7	19	Lcp
7	20	Lcp
7	21	-1
7	22	-1
7	23	Lc
7	24	Uc
7	25	Lcp
7	26	Lcp
7	27	Lcp
7	28	Lcp
7	29	Lcp
7	30	Lcp
7	31	Lcp
7	32	Lp
7	33	Lp
7	34	L
7	35	Lp
7	36	L
7	37	L
7	38	L
7	39	-1
7	40	L
7	41	L
7	42	L
7	43	L
7	44	L
7	45	Lp
7	46	Lp
7	47	-1
7	48	Lp
7	49	L
7	50	L
7	51	L
7	52	L
7	53	Lp
7	54	L
7	55	L
7	56	L
7	57	L
7	58	L
7	59	L
7	60	L
7	61	Lp
7	62	L
7	63	L
7	64	Lp
7	65	Lp
7	66	Lp
7	67	Lp
7	68	Lcp
7	69	-1
7	70	Lp
7	71	Lp
7	72	-1
7	73	L
7	74	Lp
7	75	Lp
7	76	Lp
7	77	Lp
7	78	Lp
7	79	Lp
7	80	Lp
7	81	U
7	82	L
7	83	Lp
7	84	Lp
7	85	Lp
7	86	L
7	87	L
7	88	-1
7	89	L
7	90	L
7	91	Lp
7	92	Lp
7	93	-1
7	94	Lp
7	95	Lp
7	96	L
7	97	Lp
7	98	U
7	99	Lp
7	100	Lp
7	101	Lp
7	102	-1
7	103	Lp
7	104	-1
7	105	-1
7	106	Lp
7	107	Lc
7	108	-1
7	109	L
7	110	L
7	111	Lc
7	112	L
7	113	-1
7	114	-1
7	115	Lc
7	116	Lc
7	117	-1
7	118	L
7	119	Lc
8	0	Lp
8	1	Lc
8	2	Lp
8	3	Lc
8	4	Lp
8	5	L
8	6	Lp
8	7	L
8	8	Lc
8	9	Lp
8	10	Lp
8	11	Lp
8	12	Lp
8	13	Lp
8	14	-1
8	15	Lp
8	16	Lp
8	17	Lp
8	18	-1
8	19	-1
8	20	Lcp
8	21	Lcp
8	22	Lcp
8	23	Lcp
8	24	Lcp
8	25	Lcp
8	26	Lcp
8	27	L
8	28	L
8	29	Lcp
8	30	Lcp
8	31	L
8	32	Lp
8	33	Lp
8	34	Lp
8	35	Lp
8	36	U
8	37	-1
8	38	L
8	39	L
8	40	L
8	41	L
8	42	L
8	43	L
8	44	-1
8	45	Lp
8	46	L
8	47	Lp
8	48	Lp
8	49	Lp
8	50	L
8	51	L
8	52	L
8	53	L
8	54	L
8	55	L
8	56	L
8	57	L
8	58	L
8	59	L
8	60	Lp
8	61	Lp
8	62	Lc
8	63	L
8	64	L
8	65	Lp
8	66	Lp
8	67	Lp
8	68	Lp
8	69	-1
8	70	-1
8	71	-1
8	72	L
8	73	L
8	74	U
8	75	L
8	76	Lp
8	77	L
8	78	Lp
8	79	Lp
8	80	Lp
8	81	U
8	82	-1
8	83	-1
8	84	Lp
8	85	Lp
8	86	L
8	87	Lp
8	88	L
8	89	L
8	90	Lp
8	91	-1
8	92	Lp
8	93	-1
8	94	Lp
8	95	Lp
8	96	Lp
8	97	-1
8	98	L
8	99	Lp
8	100	Lp
8	101	Lp
8	102	Lp
8	103	Lp
8	104	L
8	105	Lp
8	106	L
8	107	-1
8	108	L
8	109	Lcp
8	110	Lcp
8	111	Lcp
8	112	-1
8	113	Lcp
8	114	L
8	115	-1
8	116	Lc
8	117	L
8	118	Lc
8	119	Lc
9	0	L
9	1	Uc
9	2	-1
9	3	Lc
9	4	Lc
9	5	L
9	6	Lp
9	7	Lp
9	8	L
9	9	Lp
9	10	Lp
9	11	Lp
9	12	Lp
9	13	-1
9	14	Lp
9	15	Lp
9	16	Lp
9	17	Lp
9	18	Lcp
9	19	Lcp
9	20	Lcp
9	21	-1
9	22	Lcp
9	23	Lcp
9	24	Lcp
9	25	Lcp
9	26	L
9	27	-1
9	28	L
9	29	Lcp
9	30	L
9	31	Lcp
9	32	Lp
9	33	Lp
9	34	Lp
9	35	Lp
9	36	Lcp
9	37	L
9	38	L
9	39	Lcp
9	40	L
9	41	L
9	42	L
9	43	L
9	44	L
9	45	Lp
9	46	Lp
9	47	L
9	48	L
9	49	Lp
9	50	L
9	51	Lp
9	52	L
9	53	-1
9	54	L
9	55	L
9	56	L
9	57	L
9	58	-1
9	59	Lp
9	60	Lp
9	61	Lc
9	62	Lp
9	63	Lc
9	64	Lp
9	65	Lc
9	66	Lp
9	67	Lp
9	68	Lp
9	69	Lp
9	70	L
9	71	L
9	72	Lp
9	73	Lp
9	74	L
9	75	U
9	76	-1
9	77	-1
9	78	-1
9	79	Lp
9	80	Lp
9	81	Lp
9	82	Lp
9	83	Lp
9	84	Lp
9	85	Lp
9	86	Lp
9	87	Lp
9	88	Lp
9	89	L
9	90	L
9	91	Lp
9	92	Lp
9	93	Lp
9	94	Lp
9	95	Lp
9	96	-1
9	97	L
9	98	Lp
9	99	Lp
9	100	L
9	101	Lp
9	102	Lp
9	103	Lp
9	104	Lp
9	105	L
9	106	L
9	107	-1
9	108	-1
9	109	Lcp
9	110	Lcp
9	111	Lcp
9	112	Lcp
9	113	L
9	114	-1
9	115	-1
9	116	Lc
9	117	Lc
9	118	L
9	119	-1
10	0	Lc
10	1	Uc
10	2	Lc
10	3	Lc
10	4	Lc
10	5	Lp
10	6	Lc
10	7	Lc
10	8	L
10	9	L
10	10	Lp
10	11	L
10	12	Lcp
10	13	U
10	14	Lp
10	15	Lp
10	16	Lp
10	17	Lp
10	18	Lp
10	19	Uc
10	20	Lcp
10	21	Uc
10	22	Lcp
10	23	Lp
10	24	-1
10	25	-1
10	26	L
10	27	Lcp
10	28	Lcp
10	29	L
10	30	Lcp
10	31	Lp
10	32	Lp
10	33	Lp
10	34	Lp
10	35	-1
10	36	-1
10	37	-1
10	38	Lcp
10	39	Lcp
10	40	L
10	41	L
10	42	L
10	43	-1
10	44	L
10	45	Lp
10	46	-1
10	47	-1
10	48	L
10	49	L
10	50	U
10	51	-1
10	52	Lp
10	53	U
10	54	U
10	55	Lp
10	56	Lp
10	57	Lp
10	58	L
10	59	Lp
10	60	-1
10	61	Lc
10	62	Lc
10	63	Lc
10	64	-1
10	65	Lp
10	66	U
10	67	-1
10	68	-1
10	69	Lp
10	70	Lp
10	71	L
10	72	Lp
10	73	Lp
10	74	U
10	75	-1
10	76	L
10	77	-1
10	78	-1
10	79	Lp
10	80	Lp
10	81	Lp
10	82	Lp
10	83	Lp
10	84	Lp
10	85	Lp
10	86	Lp
10	87	Lp
10	88	Lp
10	89	Lp
10	90	Lp
10	91	Lp
10	92	Lp
10	93	Lp
10	94	Lp
10	95	-1
10	96	-1
10	97	L
10	98	L
10	99	Lp
10	100	Lp
10	101	Lp
10	102	Lp
10	103	Lp
10	104	Lp
10	105	U
10	106	-1
10	107	Lcp
10	108	Lcp
10	109	L
10	110	L
10	111	Lcp
10	112	Lcp
10	113	Lcp
10	114	Lc
10	115	Lc
10	116	Lc
10	117	Lc
10	118	L
10	119	L
11	0	U
11	1	Lc
11	2	Lcp
11	3	Lc
11	4	Lc
11	5	-1
11	6	Lc
11	7	L
11	8	L
11	9	L
11	10	L
11	11	-1
11	12	Lcp
11	13	Lcp
11	14	Lcp
11	15	Lp
11	16	Lp
11	17	Lp
11	18	-1
11	19	Lcp
11	20	Uc
11	21	Lcp
11	22	Lcp
11	23	Lcp
11	24	Lcp
11	25	Lcp
11	26	Lcp
11	27	L
11	28	Lcp
11	29	Lcp
11	30	Lcp
11	31	Lcp
11	32	Lp
11	33	Lcp
11	34	-1
11	35	L
11	36	L
11	37	L
11	38	L
11	39	U
11	40	L
11	41	Lp
11	42	Lp
11	43	L
11	44	L
11	45	-1
11	46	Lp
11	47	Lp
11	48	Lp
11	49	L
11	50	L
11	51	L
11	52	Lp
11	53	U
11	54	U
11	55	L
11	56	Lp
11	57	Lp
11	58	Lp
11	59	Lc
11	60	Lc
11	61	Lc
11	62	Lc
11	63	Lc
11	64	-1
11	65	-1
11	66	-1
11	67	Lp
11	68	Lp
11	69	Lp
11	70	Lp
11	71	Lp
11	72	L
11	73	U
11	74	L
11	75	Lp
11	76	U
11	77	L
11	78	Lp
11	79	-1
11	80	-1
11	81	Lp
11	82	-1
11	83	Lp
11	84	Lp
11	85	Lp
11	86	Lp
11	87	Lp
11	88	Lp
11	89	-1
11	90	Lp
11	91	Lp
11	92	-1
11	93	Lp
11	94	Lp
11	95	Lp
11	96	Lp
11	97	L
11	98	Lp
11	99	Lp
11	100	-1
11	101	-1
11	102	L
11	103	Lp
11	104	Lp
11	105	U
11	106	L
11	107	L
11	108	-1
11	109	U
11	110	L
11	111	L
11	112	Lcp
11	113	Lcp
11	114	Lcp
11	115	Lc
11	116	-1
11	117	Lc
11	118	-1
11	119	U
12	0	U
12	1	L
12	2	Lc
12	3	Lc
12	4	L
12	5	-1
12	6	Lcp
12	7	L
12	8	-1
12	9	L
12	10	-1
12	11	Lcp
12	12	Lp
12	13	Lp
12	14	Lp
12	15	Lcp
12	16	Lp
12	17	Lcp
12	18	Lcp
12	19	Lp
12	20	Lcp
12	21	Lp
12	22	Lc
12	23	Lcp
12	24	Lcp
12	25	Lcp
12	26	Lcp
12	27	Lcp
12	28	Lcp
12	29	Lcp
12	30	Lcp
12	31	Lcp
12	32	Lp
12	33	-1
12	34	Lcp
12	35	L
12	36	-1
12	37	L
12	38	Lp
12	39	-1
12	40	Lp
12	41	Lp
12	42	L
12	43	Lp
12	44	Lp
12	45	Lp
12	46	-1
12	47	Lp
12	48	L
12	49	Lp
12	50	Lp
12	51	Lp
12	52	Lp
12	53	Lp
12	54	U
12	55	-1
12	56	Lp
12	57	Lp
12	58	-1
12	59	Lp
12	60	Lp
12	61	Lcp
12	62	Lc
12	63	Lc
12	64	-1
12	65	-1
12	66	Lp
12	67	-1
12	68	Lp
12	69	Lp
12	70	Lp
12	71	Lp
12	72	L
12	73	L
12	74	Lp
12	75	Lp
12	76	Lp
12	77	-1
12	78	Lp
12	79	Lp
12	80	Lp
12	81	Lp
12	82	Lp
12	83	Lp
12	84	-1
12	85	Lp
12	86	Lp
12	87	Lp
12	88	Lp
12	89	Lp
12	90	Lp
12	91	Lp
12	92	Lp
12	93	Lp
12	94	-1
12	95	Lp
12	96	Lp
12	97	Lp
12	98	Lp
12	99	-1
12	100	Lp
12	101	L
12	102	L
12	103	Lp
12	104	U
12	105	U
12	106	L
12	107	L
12	108	Lp
12	109	L
12	110	U
12	111	Lcp
12	112	Lcp
12	113	Lcp
12	114	Lcp
12	115	L
12	116	L
12	117	L
12	118	Lc
12	119	-1
13	0	U
13	1	U
13	2	Uc
13	3	Uc
13	4	-1
13	5	Lcp
13	6	-1
13	7	Lp
13	8	L
13	9	Lp
13	10	Lp
13	11	Lp
13	12	-1
13	13	Lp
13	14	Lcp
13	15	Lp
13	16	-1
13	17	-1
13	18	-1
13	19	-1
13	20	-1
13	21	Lp
13	22	Lcp
13	23	Lcp
13	24	Lcp
13	25	Lcp
13	26	Lcp
13	27	Lcp
13	28	Lcp
13	29	Lcp
13	30	Lcp
13	31	Lcp
13	32	Lp
13	33	Lp
13	34	Lp
13	35	Uc
13	36	-1
13	37	L
13	38	L
13	39	U
13	40	-1
13	41	Lp
13	42	Lp
13	43	Lp
13	44	Lp
13	45	Lp
13	46	Lp
13	47	L
13	48	L
13	49	Lp
13	50	-1
13	51	Lp
13	52	Lp
13	53	-1
13	54	-1
13	55	Lp
13	56	Lp
13	57	Lp
13	58	Lp
13	59	Lp
13	60	Lp
13	61	-1
13	62	-1
13	63	Lc
13	64	Lp
13	65	Lp
13	66	Lp
13	67	Lp
13	68	Lp
13	69	-1
13	70	Lp
13	71	Lp
13	72	Lp
13	73	-1
13	74	L
13	75	Lp
13	76	Lp
13	77	Lp
13	78	Lp
13	79	Lp
13	80	Lp
13	81	Lp
13	82	Lp
13	83	Lp
13	84	Lp
13	85	Lp
13	86	Lp
13	87	Lp
13	88	-1
13	89	Lp
13	90	Lp
13	91	Lp
13	92	Lp
13	93	Lp
13	94	Lp
13	95	Lcp
13	96	-1
13	97	-1
13	98	Lp
13	99	Lp
13	100	Lp
13	101	Lp
13	102	L
13	103	Lp
13	104	-1
13	105	Lp
13	106	Lp
13	107	Lp
13	108	L
13	109	Lp
13	110	U
13	111	Lcp
13	112	L
13	113	Lp
13	114	-1
13	115	-1
13	116	L
13	117	L
13	118	L
13	119	U
14	0	Lcp
14	1	U
14	2	U
14	3	Lcp
14	4	-1
14	5	-1
14	6	L
14	7	-1
14	8	Lp
14	9	Lp
14	10	Lp
14	11	Lp
14	12	Lp
14	13	Lp
14	14	Lp
14	15	Lp
14	16	Lcp
14	17	-1
14	18	-1
14	19	Lcp
14	20	-1
14	21	Lp
14	22	Lp
14	23	Lcp
14	24	Lp
14	25	Lcp
14	26	Lcp
14	27	-1
14	28	Lcp
14	29	-1
14	30	Lc
14	31	Lp
14	32	Lcp
14	33	Lp
14	34	-1
14	35	Uc
14	36	Lp
14	37	L
14	38	U
14	39	-1
14	40	Lp
14	41	Lp
14	42	Lp
14	43	Lp
14	44	Lp
14	45	L
14	46	L
14	47	Lp
14	48	Lp
14	49	-1
14	50	Lp
14	51	-1
14	52	Lp
14	53	-1
14	54	Lp
14	55	Lp
14	56	Lp
14	57	Lp
14	58	-1
14	59	L
14	60	Lc
14	61	Lp
14	62	Lp
14	63	Lp
14	64	Lp
14	65	Lp
14	66	Lp
14	67	Lp
14	68	Lp
14	69	Lp
14	70	-1
14	71	Lp
14	72	Lp
14	73	Lp
14	74	Lp
14	75	Lp
14	76	-1
14	77	-1
14	78	Lp
14	79	Lp
14	80	Lp
14	81	Lp
14	82	-1
14	83	-1
14	84	Lp
14	85	-1
14	86	Lp
14	87	Lp
14	88	Lp
14	89	Lp
14	90	Lp
14	91	Lp
14	92	Lp
14	93	Lp
14	94	Lcp
14	95	Lp
14	96	-1
14	97	Lp
14	98	Lp
14	99	Lp
14	100	Lp
14	101	Lp
14	102	-1
14	103	-1
14	104	Lp
14	105	L
14	106	Lp
14	107	-1
14	108	Lp
14	109	-1
14	110	Lp
14	111	U
14	112	Lcp
14	113	L
14	114	Lp
14	115	-1
14	116	Lp
14	117	L
14	118	L
14	119	L
15	0	Lcp
15	1	Lcp
15	2	U
15	3	Lp
15	4	Lcp
15	5	Lcp
15	6	Lcp
15	7	-1
15	8	Lp
15	9	L
15	10	Lp
15	11	Lp
15	12	Lp
15	13	-1
15	14	Lp
15	15	Lp
15	16	Lp
15	17	Lp
15	18	Lp
15	19	Lp
15	20	Lcp
15	21	Lp
15	22	Lcp
15	23	-1
15	24	Lcp
15	25	Lcp
15	26	Lcp
15	27	-1
15	28	Lc
15	29	Lc
15	30	Lcp
15	31	Lcp
15	32	Lc
15	33	-1
15	34	Lp
15	35	Uc
15	36	Lp
15	37	Uc
15	38	-1
15	39	Lp
15	40	L
15	41	Lp
15	42	Lp
15	43	Lp
15	44	-1
15	45	L
15	46	Lp
15	47	L
15	48	Lp
15	49	Lp
15	50	Lp
15	51	-1
15	52	L
15	53	-1
15	54	Lp
15	55	Lp
15	56	Lp
15	57	Lp
15	58	Lp
15	59	Lp
15	60	L
15	61	Lp
15	62	Lp
15	63	Lp
15	64	Lp
15	65	Lp
15	66	Lp
15	67	Lp
15	68	Lp
15	69	Lp
15	70	Lp
15	71	Lp
15	72	Lp
15	73	-1
15	74	-1
15	75	Lp
15	76	L
15	77	L
15	78	L
15	79	-1
15	80	Lp
15	81	Lp
15	82	Lp
15	83	Lp
15	84	Lp
15	85	Lp
15	86	Lp
15	87	-1
15	88	Lp
15	89	Lp
15	90	Lp
15	91	Lcp
15	92	Uc
15	93	Lp
15	94	Lp
15	95	Lcp
15	96	Lp
15	97	Lp
15	98	Lp
15	99	Lp
15	100	U
15	101	Lp
15	102	Lp
15	103	Lp
15	104	Lp
15	105	Lp
15	106	-1
15	107	Lp
15	108	Lp
15	109	Lp
15	110	Lp
15	111	Lp
15	112	-1
15	113	-1
15	114	L
15	115	Lp
15	116	-1
15	117	-1
15	118	L
15	119	L
16	0	L
16	1	Lp
16	2	Lp
16	3	Lp
16	4	Lp
16	5	Lcp
16	6	Lp
16	7	-1
16	8	L
16	9	L
16	10	L
16	11	L
16	12	Lp
16	13	L
16	14	Lp
16	15	Lp
16	16	Lp
16	17	Lp
16	18	Lp
16	19	Lcp
16	20	Lp
16	21	Lp
16	22	Lp
16	23	L
16	24	L
16	25	L
16	26	Lcp
16	27	Lc
16	28	Lc
16	29	Lc
16	30	Uc
16	31	Lc
16	32	Uc
16	33	-1
16	34	-1
16	35	Lp
16	36	Uc
16	37	L
16	38	Lp
16	39	Lp
16	40	L
16	41	-1
16	42	Lp
16	43	Lp
16	44	Lp
16	45	L
16	46	Lp
16	47	L
16	48	L
16	49	Lp
16	50	Lp
16	51	Lp
16	52	L
16	53	L
16	54	-1
16	55	Lp
16	56	Lp
16	57	L
16	58	-1
16	59	L
16	60	L
16	61	Lp
16	62	L
16	63	Lp
16	64	Lp
16	65	Lp
16	66	Lp
16	67	-1
16	68	Lp
16	69	Lp
16	70	-1
16	71	Lp
16	72	Lp
16	73	Lp
16	74	Lp
16	75	Lp
16	76	Lp
16	77	-1
16	78	-1
16	79	L
16	80	L
16	81	Lp
16	82	Lp
16	83	Lp
16	84	Lp
16	85	Lp
16	86	Lp
16	87	Lp
16	88	Lp
16	89	-1
16	90	Lp
16	91	-1
16	92	Lp
16	93	Lp
16	94	-1
16	95	Lp
16	96	Lcp
16	97	-1
16	98	Lp
16	99	-1
16	100	-1
16	101	U
16	102	Lp
16	103	Lp
16	104	Lp
16	105	-1
16	106	Lp
16	107	Lp
16	108	Lp
16	109	Lp
16	110	-1
16	111	Lp
16	112	L
16	113	-1
16	114	Lp
16	115	Lp
16	116	L
16	117	Lp
16	118	L
16	119	Lp
17	0	Lp
17	1	Lp
17	2	-1
17	3	-1
17	4	Lp
17	5	Lp
17	6	L
17	7	-1
17	8	-1
17	9	-1
17	10	L
17	11	-1
17	12	Lp
17	13	Lp
17	14	-1
17	15	L
17	16	U
17	17	U
17	18	-1
17	19	Lp
17	20	Lp
17	21	L
17	22	Lp
17	23	Lp
17	24	Lp
17	25	Lcp
17	26	Lcp
17	27	Lc
17	28	Uc
17	29	Uc
17	30	Uc
17	31	-1
17	32	L
17	33	L
17	34	Lc
17	35	L
17	36	L
17	37	Lp
17	38	Lp
17	39	Lp
17	40	-1
17	41	L
17	42	Lp
17	43	Lp
17	44	Lp
17	45	Lp
17	46	Lp
17	47	L
17	48	-1
17	49	L
17	50	L
17	51	L
17	52	Lp
17	53	-1
17	54	Lp
17	55	-1
17	56	U
17	57	-1
17	58	L
17	59	L
17	60	L
17	61	Lp
17	62	Lp
17	63	Lp
17	64	Lp
17	65	-1
17	66	Lp
17	67	Lp
17	68	Lp
17	69	Lp
17	70	Lp
17	71	Lp
17	72	Lp
17	73	Lp
17	74	Lp
17	75	Lp
17	76	Lp
17	77	L
17	78	L
17	79	L
17	80	L
17	81	Lcp
17	82	-1
17	83	Lp
17	84	Lp
17	85	Lp
17	86	Lp
17	87	-1
17	88	-1
17	89	Lcp
17	90	Lcp
17	91	-1
17	92	Lp
17	93	Lp
17	94	-1
17	95	Lp
17	96	-1
17	97	-1
17	98	Lp
17	99	Lp
17	100	Lp
17	101	Lp
17	102	Lp
17	103	Lp
17	104	Lp
17	105	L
17	106	L
17	107	Lp
17	108	Lp
17	109	Lp
17	110	Lp
17	111	Lp
17	112	-1
17	113	L
17	114	Lp
17	115	Lp
17	116	L
17	117	Lp
17	118	-1
17	119	Lp
18	0	Lp
18	1	Lp
18	2	Lp
18	3	Lp
18	4	-1
18	5	Lp
18	6	L
18	7	L
18	8	-1
18	9	L
18	10	U
18	11	-1
18	12	Lp
18	13	Lp
18	14	L
18	15	-1
18	16	Lp
18	17	Lp
18	18	-1
18	19	Lp
18	20	Lp
18	21	L
18	22	L
18	23	-1
18	24	L
18	25	U
18	26	Lc
18	27	Lc
18	28	Lc
18	29	Uc
18	30	Uc
18	31	L
18	32	Lc
18	33	L
18	34	Uc
18	35	L
18	36	Lp
18	37	Lp
18	38	Lp
18	39	Lp
18	40	-1
18	41	L
18	42	Lp
18	43	Lp
18	44	Lp
18	45	L
18	46	Lp
18	47	L
18	48	Lp
18	49	-1
18	50	L
18	51	L
18	52	Lp
18	53	Lp
18	54	-1
18	55	-1
18	56	-1
18	57	L
18	58	L
18	59	L
18	60	Lp
18	61	Lp
18	62	Lp
18	63	-1
18	64	-1
18	65	Lp
18	66	Lp
18	67	-1
18	68	Lp
18	69	Lp
18	70	-1
18	71	Lp
18	72	Lp
18	73	Lp
18	74	Lp
18	75	Lp
18	76	L
18	77	-1
18	78	L
18	79	L
18	80	Lcp
18	81	Lcp
18	82	Lp
18	83	Lcp
18	84	Lp
18	85	-1
18	86	Lp
18	87	-1
18	88	Lp
18	89	-1
18	90	-1
18	91	Lcp
18	92	U
18	93	U
18	94	U
18	95	U
18	96	Lp
18	97	Lp
18	98	-1
18	99	Lp
18	100	Lp
18	101	Lp
18	102	Lp
18	103	L
18	104	L
18	105	L
18	106	Lp
18	107	Lp
18	108	L
18	109	-1
18	110	Lp
18	111	L
18	112	L
18	113	L
18	114	L
18	115	Lp
18	116	Lp
18	117	Lp
18	118	L
18	119	L
19	0	Lp
19	1	-1
19	2	Lp
19	3	L
19	4	-1
19	5	L
19	6	L
19	7	L
19	8	U
19	9	U
19	10	L
19	11	L
19	12	L
19	13	Lp
19	14	Lp
19	15	L
19	16	Lp
19	17	-1
19	18	Lp
19	19	Lp
19	20	Lp
19	21	L
19	22	-1
19	23	L
19	24	U
19	25	Lc
19	26	Lc
19	27	-1
19	28	Lc
19	29	Lc
19	30	Lc
19	31	-1
19	32	Lc
19	33	-1
19	34	-1
19	35	Lp
19	36	Lp
19	37	Lcp
19	38	Lcp
19	39	Lp
19	40	L
19	41	L
19	42	L
19	43	Lp
19	44	L
19	45	L
19	46	Lp
19	47	-1
19	48	L
19	49	L
19	50	L
19	51	L
19	52	Lp
19	53	Lp
19	54	-1
19	55	-1
19	56	Lp
19	57	U
19	58	L
19	59	-1
19	60	Lp
19	61	Lp
19	62	Lp
19	63	Lp
19	64	Lp
19	65	Lp
19	66	Lp
19	67	Lp
19	68	Lp
19	69	Lp
19	70	Lp
19	71	Lp
19	72	-1
19	73	Lp
19	74	U
19	75	L
19	76	L
19	77	L
19	78	L
19	79	L
19	80	L
19	81	Lcp
19	82	Lcp
19	83	-1
19	84	Lp
19	85	Lp
19	86	Lp
19	87	Lp
19	88	Lp
19	89	Lp
19	90	Lp
19	91	Lcp
19	92	-1
19	93	U
19	94	U
19	95	Lp
19	96	Lcp
19	97	Lp
19	98	-1
19	99	Lcp
19	100	Lp
19	101	Lp
19	102	Lp
19	103	Lp
19	104	Lp
19	105	L
19	106	L
19	107	Lp
19	108	L
19	109	L
19	110	Lp
19	111	Lp
19	112	L
19	113	-1
19	114	L
19	115	Lp
19	116	Lp
19	117	L
19	118	-1
19	119	L
20	0	L
20	1	Lp
20	2	L
20	3	Lp
20	4	Lp
20	5	Lp
20	6	Lp
20	7	Lp
20	8	L
20	9	L
20	10	L
20	11	L
20	12	-1
20	13	Lp
20	14	Lp
20	15	L
20	16	Lp
20	17	L
20	18	Lp
20	19	Lp
20	20	L
20	21	L
20	22	-1
20	23	L
20	24	-1
20	25	Lc
20	26	Lc
20	27	-1
20	28	-1
20	29	Lc
20	30	Lc
20	31	L
20	32	-1
20	33	Lc
20	34	Lp
20	35	Lp
20	36	Lcp
20	37	Lcp
20	38	Lp
20	39	-1
20	40	L
20	41	-1
20	42	-1
20	43	Lp
20	44	L
20	45	L
20	46	Lp
20	47	Lp
20	48	Lp
20	49	L
20	50	L
20	51	Lp
20	52	L
20	53	L
20	54	-1
20	55	-1
20	56	U
20	57	-1
20	58	Lp
20	59	L
20	60	Lp
20	61	-1
20	62	Lp
20	63	Lp
20	64	Lp
20	65	L
20	66	Lp
20	67	Lp
20	68	Lp
20	69	Lp
20	70	Lp
20	71	Lp
20	72	Lp
20	73	Lp
20	74	-1
20	75	-1
20	76	L
20	77	L
20	78	L
20	79	L
20	80	L
20	81	L
20	82	Lcp
20	83	Lp
20	84	Lp
20	85	-1
20	86	Lp
20	87	Lp
20	88	Lp
20	89	Lp
20	90	-1
20	91	Lp
20	92	-1
20	93	Lp
20	94	U
20	95	Lcp
20	96	Lp
20	97	Lp
20	98	Lcp
20	99	Lcp
20	100	Lp
20	101	Lp
20	102	Lp
20	103	Lp
20	104	Lp
20	105	Lp
20	106	Lp
20	107	Lp
20	108	L
20	109	L
20	110	L
20	111	L
20	112	-1
20	113	L
20	114	Lp
20	115	L
20	116	-1
20	117	Lp
20	118	L
20	119	L
21	0	L
21	1	Lp
21	2	Lp
21	3	L
21	4	L
21	5	-1
21	6	L
21	7	L
21	8	Lp
21	9	U
21	10	L
21	11	L
21	12	L
21	13	Lp
21	14	Lp
21	15	Lp
21	16	L
21	17	L
21	18	L
21	19	Lp
21	20	L
21	21	L
21	22	L
21	23	L
21	24	L
21	25	Lc
21	26	-1
21	27	Lc
21	28	Lc
21	29	Lc
21	30	Lc
21	31	Lc
21	32	Lc
21	33	Lc
21	34	Lp
21	35	-1
21	36	Lp
21	37	L
21	38	L
21	39	-1
21	40	Lp
21	41	Lp
21	42	Lp
21	43	Lp
21	44	Lp
21	45	Lp
21	46	Lp
21	47	L
21	48	Lp
21	49	Lp
21	50	L
21	51	Lp
21	52	L
21	53	L
21	54	U
21	55	-1
21	56	Lp
21	57	-1
21	58	Lp
21	59	Lp
21	60	-1
21	61	-1
21	62	Lp
21	63	Lp
21	64	Lp
21	65	L
21	66	L
21	67	Lp
21	68	-1
21	69	Lp
21	70	Lp
21	71	Lp
21	72	Lp
21	73	Lp
21	74	L
21	75	L
21	76	Lp
21	77	L
21	78	L
21	79	-1
21	80	L
21	81	L
21	82	-1
21	83	Lp
21	84	Lp
21	85	Lp
21	86	-1
21	87	Lp
21	88	Lp
21	89	Lp
21	90	Lp
21	91	Lcp
21	92	Lp
21	93	Lcp
21	94	Lp
21	95	-1
21	96	Lcp
21	97	Lcp
21	98	Lcp
21	99	Lcp
21	100	Lp
21	101	Lp
21	102	Lp
21	103	L
21	104	L
21	105	Lp
21	106	Lp
21	107	L
21	108	L
21	109	-1
21	110	L
21	111	L
21	112	Lcp
21	113	Lp
21	114	-1
21	115	-1
21	116	-1
21	117	-1
21	118	-1
21	119	L
22	0	L
22	1	-1
22	2	Lp
22	3	Lp
22	4	Lp
22	5	L
22	6	L
22	7	L
22	8	L
22	9	U
22	10	-1
22	11	L
22	12	Lp
22	13	Lp
22	14	Lp
22	15	L
22	16	L
22	17	L
22	18	L
22	19	L
22	20	L
22	21	-1
22	22	L
22	23	-1
22	24	-1
22	25	Lc
22	26	Lc
22	27	Lc
22	28	Lc
22	29	Lc
22	30	Lc
22	31	Lp
22	32	Lc
22	33	Lc
22	34	Lc
22	35	-1
22	36	Lc
22	37	Lc
22	38	-1
22	39	L
22	40	L
22	41	Lp
22	42	L
22	43	Lp
22	44	L
22	45	Lp
22	46	Lp
22	47	Lp
22	48	Lp
22	49	L
22	50	L
22	51	L
22	52	L
22	53	Lp
22	54	L
22	55	Lp
22	56	-1
22	57	Lp
22	58	Lp
22	59	Lp
22	60	Lp
22	61	Lp
22	62	Lp
22	63	Lp
22	64	L
22	65	Lp
22	66	Lp
22	67	Lp
22	68	-1
22	69	Lp
22	70	Lp
22	71	-1
22	72	-1
22	73	-1
22	74	Lp
22	75	L
22	76	L
22	77	L
22	78	L
22	79	L
22	80	U
22	81	Lp
22	82	Lp
22	83	Lp
22	84	Lp
22	85	-1
22	86	Lp
22	87	Lp
22	88	Lp
22	89	Lp
22	90	Lcp
22	91	Lcp
22	92	Lcp
22	93	Lcp
22	94	-1
22	95	Lc
22	96	Lc
22	97	Lcp
22	98	-1
22	99	Lp
22	100	-1
22	101	Lp
22	102	Lp
22	103	Lp
22	104	L
22	105	Lp
22	106	Lp
22	107	L
22	108	L
22	109	-1
22	110	-1
22	111	L
22	112	Lcp
22	113	L
22	114	-1
22	115	L
22	116	L
22	117	L
22	118	L
22	119	-1
23	0	Lp
23	1	Lp
23	2	Lp
23	3	Lp
23	4	Lp
23	5	-1
23	6	-1
23	7	Lp
23	8	L
23	9	Lp
23	10	Lp
23	11	Lp
23	12	Lp
23	13	Lp
23	14	Lp
23	15	Lp
23	16	L
23	17	L
23	18	L
23	19	-1
23	20	-1
23	21	Lp
23	22	L
23	23	L
23	24	L
23	25	Lc
23	26	Lc
23	27	Lc
23	28	Lc
23	29	-1
23	30	Lc
23	31	Lc
23	32	Lp
23	33	Lc
23	34	Lc
23	35	Lc
23	36	L
23	37	Lc
23	38	-1
23	39	L
23	40	L
23	41	L
23	42	L
23	43	-1
23	44	L
23	45	Lp
23	46	Lp
23	47	Lp
23	48	-1
23	49	L
23	50	L
23	51	L
23	52	Lp
23	53	-1
23	54	L
23	55	L
23	56	-1
23	57	Lp
23	58	Lp
23	59	-1
23	60	Lp
23	61	Lp
23	62	Lp
23	63	Lp
23	64	Lp
23	65	Lp
23	66	-1
23	67	-1
23	68	Lp
23	69	-1
23	70	L
23	71	Lp
23	72	Lp
23	73	-1
23	74	Lp
23	75	Lp
23	76	L
23	77	-1
23	78	Lp
23	79	L
23	80	L
23	81	L
23	82	Lp
23	83	Lp
23	84	U
23	85	Lcp
23	86	Lp
23	87	Lp
23	88	-1
23	89	Lp
23	90	-1
23	91	Lp
23	92	Lcp
23	93	Lc
23	94	Lp
23	95	Lc
23	96	L
23	97	-1
23	98	Lcp
23	99	Lp
23	100	Lp
23	101	Lp
23	102	Lp
23	103	L
23	104	Lp
23	105	L
23	106	L
23	107	L
23	108	L
23	109	L
23	110	L
23	111	L
23	112	L
23	113	L
23	114	-1
23	115	-1
23	116	L
23	117	-1
23	118	L
23	119	L
24	0	Lp
24	1	-1
24	2	Lp
24	3	Lp
24	4	Lp
24	5	Lp
24	6	Lp
24	7	Lp
24	8	L
24	9	L
24	10	L
24	11	-1
24	12	-1
24	13	Lp
24	14	-1
24	15	-1
24	16	L
24	17	L
24	18	L
24	19	L
24	20	-1
24	21	L
24	22	Lc
24	23	L
24	24	Lp
24	25	L
24	26	Lc
24	27	Lc
24	28	Lc
24	29	Lc
24	30	Lc
24	31	Lc
24	32	Lc
24	33	Lp
24	34	Lc
24	35	Lc
24	36	-1
24	37	Lc
24	38	L
24	39	L
24	40	L
24	41	L
24	42	L
24	43	L
24	44	-1
24	45	L
24	46	Lp
24	47	Lp
24	48	L
24	49	-1
24	50	-1
24	51	L
24	52	L
24	53	-1
24	54	-1
24	55	L
24	56	Lp
24	57	-1
24	58	Lp
24	59	Lp
24	60	Lp
24	61	Lp
24	62	Lp
24	63	-1
24	64	Lp
24	65	Lp
24	66	Lp
24	67	Lp
24	68	L
24	69	Lp
24	70	L
24	71	-1
24	72	L
24	73	L
24	74	Lp
24	75	Lp
24	76	-1
24	77	L
24	78	Lp
24	79	Lp
24	80	Lp
24	81	L
24	82	L
24	83	L
24	84	Lp
24	85	Lp
24	86	Lp
24	87	Lp
24	88	Lp
24	89	Lp
24	90	-1
24	91	Lcp
24	92	-1
24	93	Lcp
24	94	Uc
24	95	U
24	96	Lc
24	97	Lcp
24	98	Lcp
24	99	Lcp
24	100	Lp
24	101	Lp
24	102	Lp
24	103	Lp
24	104	Lp
24	105	L
24	106	L
24	107	-1
24	108	L
24	109	L
24	110	L
24	111	L
24	112	L
24	113	L
24	114	L
24	115	L
24	116	Lp
24	117	Lp
24	118	Lp
24	119	Lp
25	0	-1
25	1	Lp
25	2	U
25	3	Lp
25	4	Lp
25	5	Lp
25	6	Lp
25	7	Lp
25	8	Lp
25	9	L
25	10	L
25	11	U
25	12	L
25	13	L
25	14	U
25	15	U
25	16	L
25	17	L
25	18	L
25	19	Lp
25	20	L
25	21	Lp
25	22	Lp
25	23	Lp
25	24	L
25	25	Lc
25	26	Lc
25	27	-1
25	28	Lc
25	29	Lc
25	30	Lc
25	31	Lc
25	32	Lp
25	33	-1
25	34	Lc
25	35	Lc
25	36	Lc
25	37	Lc
25	38	Lc
25	39	-1
25	40	L
25	41	Lc
25	42	Lc
25	43	L
25	44	Lp
25	45	Lp
25	46	L
25	47	Lp
25	48	Lc
25	49	-1
25	50	-1
25	51	-1
25	52	L
25	53	L
25	54	L
25	55	L
25	56	-1
25	57	Lp
25	58	-1
25	59	-1
25	60	L
25	61	-1
25	62	L
25	63	L
25	64	-1
25	65	Lp
25	66	Lp
25	67	-1
25	68	-1
25	69	Lp
25	70	L
25	71	Lp
25	72	L
25	73	L
25	74	Lp
25	75	Lp
25	76	-1
25	77	-1
25	78	-1
25	79	Lp
25	80	Lp
25	81	-1
25	82	Lp
25	83	Lp
25	84	-1
25	85	Lp
25	86	Lp
25	87	Lp
25	88	Lp
25	89	Lp
25	90	Lp
25	91	Lp
25	92	Uc
25	93	Uc
25	94	Lcp
25	95	Lcp
25	96	Lcp
25	97	Lcp
25	98	Lcp
25	99	Lcp
25	100	Lp
25	101	-1
25	102	Lp
25	103	Lp
25	104	U
25	105	-1
25	106	Lp
25	107	L
25	108	U
25	109	L
25	110	L
25	111	L
25	112	-1
25	113	-1
25	114	-1
25	115	Lp
25	116	Lp
25	117	Lp
25	118	Lp
25	119	Lp
26	0	-1
26	1	-1
26	2	L
26	3	-1
26	4	Lp
26	5	Lp
26	6	Lp
26	7	Lp
26	8	-1
26	9	L
26	10	U
26	11	L
26	12	L
26	13	L
26	14	L
26	15	L
26	16	-1
26	17	-1
26	18	L
26	19	L
26	20	Lp
26	21	Lp
26	22	Lp
26	23	-1
26	24	Lc
26	25	L
26	26	Lc
26	27	Lc
26	28	Lc
26	29	Lc
26	30	-1
26	31	Lc
26	32	Lp
26	33	-1
26	34	Lp
26	35	Uc
26	36	-1
26	37	Lc
26	38	Uc
26	39	-1
26	40	Lp
26	41	-1
26	42	Lc
26	43	Lc
26	44	Lcp
26	45	Lcp
26	46	L
26	47	Lc
26	48	Lc
26	49	Lc
26	50	Lc
26	51	Lc
26	52	L
26	53	L
26	54	Lp
26	55	L
26	56	-1
26	57	-1
26	58	Lp
26	59	-1
26	60	Lp
26	61	L
26	62	L
26	63	L
26	64	L
26	65	Lp
26	66	-1
26	67	Lp
26	68	L
26	69	Lp
26	70	Lp
26	71	L
26	72	L
26	73	L
26	74	-1
26	75	U
26	76	Lp
26	77	Lp
26	78	-1
26	79	Lp
26	80	Lp
26	81	Lp
26	82	Lp
26	83	Lp
26	84	Lp
26	85	-1
26	86	Lp
26	87	Lp
26	88	Lp
26	89	Lp
26	90	Lp
26	91	Lp
26	92	-1
26	93	Lcp
26	94	Uc
26	95	Lcp
26	96	Lcp
26	97	Lcp
26	98	Lcp
26	99	-1
26	100	Lp
26	101	Lp
26	102	Lp
26	103	Lp
26	104	Lp
26	105	Lp
26	106	L
26	107	Lp
26	108	L
26	109	L
26	110	L
26	111	L
26	112	L
26	113	-1
26	114	L
26	115	L
26	116	L
26	117	Lp
26	118	Lp
26	119	Lp
27	0	Lp
27	1	Lp
27	2	Lp
27	3	Lp
27	4	Lp
27	5	L
27	6	Lp
27	7	Lp
27	8	L
27	9	-1
27	10	-1
27	11	L
27	12	-1
27	13	L
27	14	L
27	15	U
27	16	U
27	17	-1
27	18	L
27	19	-1
27	20	Lp
27	21	Lp
27	22	Lp
27	23	Lp
27	24	Lc
27	25	Lp
27	26	-1
27	27	Lc
27	28	Lc
27	29	Lc
27	30	Lc
27	31	Lp
27	32	Lp
27	33	Lc
27	34	Lc
27	35	Lp
27	36	Lc
27	37	-1
27	38	Lc
27	39	Lc
27	40	Lc
27	41	Lc
27	42	Lcp
27	43	Lcp
27	44	Lcp
27	45	U
27	46	U
27	47	Lp
27	48	L
27	49	Lc
27	50	L
27	51	Lc
27	52	L
27	53	L
27	54	-1
27	55	L
27	56	Lp
27	57	Lp
27	58	Lp
27	59	Lp
27	60	L
27	61	L
27	62	L
27	63	L
27	64	L
27	65	-1
27	66	Lp
27	67	-1
27	68	Lp
27	69	-1
27	70	Lp
27	71	Lp
27	72	L
27	73	L
27	74	L
27	75	Lp
27	76	Lp
27	77	Lp
27	78	Lp
27	79	Lp
27	80	Lp
27	81	Lp
27	82	Lp
27	83	Lp
27	84	Lp
27	85	Lp
27	86	Lp
27	87	Lp
27	88	Lp
27	89	Lp
27	90	Lp
27	91	Lp
27	92	L
27	93	Lcp
27	94	Lcp
27	95	Lp
27	96	Lcp
27	97	Lcp
27	98	Lcp
27	99	Lcp
27	100	Lp
27	101	Lp
27	102	-1
27	103	Lp
27	104	Lp
27	105	L
27	106	L
27	107	-1
27	108	L
27	109	L
27	110	L
27	111	L
27	112	-1
27	113	L
27	114	L
27	115	L
27	116	L
27	117	Lp
27	118	Lp
27	119	Lp
28	0	Lp
28	1	Lp
28	2	Lp
28	3	Lp
28	4	Lp
28	5	Lp
28	6	L
28	7	Lp
28	8	Lp
28	9	Lp
28	10	L
28	11	U
28	12	L
28	13	L
28	14	U
28	15	U
28	16	Lc
28	17	U
28	18	Lp
28	19	Lp
28	20	Lp
28	21	Lp
28	22	Lp
28	23	Lp
28	24	Lp
28	25	Lp
28	26	Lc
28	27	Lp
28	28	Lc
28	29	Lc
28	30	Lcp
28	31	Lp
28	32	Lp
28	33	Lp
28	34	Lc
28	35	Lc
28	36	Lc
28	37	Lc
28	38	-1
28	39	Lc
28	40	Lc
28	41	Lp
28	42	Lcp
28	43	Lcp
28	44	Lc
28	45	Lc
28	46	Lp
28	47	-1
28	48	Lc
28	49	L
28	50	Lc
28	51	L
28	52	-1
28	53	-1
28	54	L
28	55	Lp
28	56	Lp
28	57	Lp
28	58	Lp
28	59	Lp
28	60	L
28	61	Lp
28	62	Lp
28	63	Lp
28	64	Lp
28	65	Lp
28	66	L
28	67	Lp
28	68	L
28	69	-1
28	70	L
28	71	L
28	72	L
28	73	L
28	74	Lp
28	75	Lp
28	76	Lp
28	77	-1
28	78	Lp
28	79	Lp
28	80	Lp
28	81	-1
28	82	Lp
28	83	Lp
28	84	L
28	85	-1
28	86	-1
28	87	Lp
28	88	Lp
28	89	Lp
28	90	Lp
28	91	L
28	92	Lp
28	93	Lcp
28	94	Lcp
28	95	Lcp
28	96	Lp
28	97	Lp
28	98	Lp
28	99	Lcp
28	100	Lp
28	101	Uc
28	102	Uc
28	103	Lp
28	104	Lp
28	105	Lp
28	106	-1
28	107	-1
28	108	L
28	109	L
28	110	L
28	111	L
28	112	L
28	113	Lcp
28	114	-1
28	115	L
28	116	Lp
28	117	-1
28	118	U
28	119	Lp
29	0	L
29	1	Lp
29	2	-1
29	3	L
29	4	-1
29	5	L
29	6	Lp
29	7	Lp
29	8	Lp
29	9	Lp
29	10	Lp
29	11	Lc
29	12	U
29	13	U
29	14	Lcp
29	15	U
29	16	Lcp
29	17	Lp
29	18	Lp
29	19	Lp
29	20	-1
29	21	-1
29	22	-1
29	23	Lp
29	24	Lp
29	25	Lp
29	26	Lc
29	27	Lc
29	28	Lc
29	29	Lcp
29	30	Lcp
29	31	Lp
29	32	Lp
29	33	Lp
29	34	-1
29	35	Lc
29	36	-1
29	37	-1
29	38	Lp
29	39	Lp
29	40	Lp
29	41	Lcp
29	42	Lp
29	43	-1
29	44	Lcp
29	45	Lc
29	46	-1
29	47	Lc
29	48	L
29	49	Lc
29	50	Lc
29	51	Lc
29	52	-1
29	53	Lc
29	54	Lp
29	55	Lp
29	56	Lp
29	57	Lp
29	58	Lp
29	59	U
29	60	Lp
29	61	Lp
29	62	Lp
29	63	Lp
29	64	Lp
29	65	L
29	66	L
29	67	Lp
29	68	L
29	69	-1
29	70	-1
29	71	L
29	72	L
29	73	-1
29	74	Lp
29	75	L
29	76	Lp
29	77	L
29	78	Lp
29	79	Lp
29	80	Lp
29	81	Lp
29	82	Lp
29	83	L
29	84	-1
29	85	-1
29	86	L
29	87	Lp
29	88	Lp
29	89	Lp
29	90	L
29	91	Lp
29	92	Lcp
29	93	-1
29	94	Lcp
29	95	Lp
29	96	Lp
29	97	Lp
29	98	Lcp
29	99	Lcp
29	100	Uc
29	101	Uc
29	102	Lp
29	103	Lp
29	104	-1
29	105	Lp
29	106	Lp
29	107	-1
29	108	Lcp
29	109	Lcp
29	110	Lcp
29	111	L
29	112	L
29	113	L
29	114	L
29	115	-1
29	116	Lc
29	117	-1
29	118	Lp
29	119	U
30	0	Lp
30	1	Lp
30	2	Lp
30	3	-1
30	4	-1
30	5	L
30	6	L
30	7	L
30	8	L
30	9	Lp
30	10	-1
30	11	Lc
30	12	Lc
30	13	L
30	14	-1
30	15	Lcp
30	16	Lcp
30	17	Lp
30	18	Lp
30	19	Lp
30	20	Lp
30	21	Lp
30	22	Lp
30	23	-1
30	24	Lp
30	25	Lc
30	26	Lc
30	27	Lcp
30	28	Lcp
30	29	Lc
30	30	-1
30	31	Lcp
30	32	Lp
30	33	Lp
30	34	Lp
30	35	Lc
30	36	Lc
30	37	Lc
30	38	Lp
30	39	Lp
30	40	Lp
30	41	-1
30	42	Lp
30	43	Lc
30	44	Lc
30	45	Lp
30	46	-1
30	47	L
30	48	Lcp
30	49	-1
30	50	-1
30	51	Lc
30	52	Lc
30	53	Lp
30	54	Lp
30	55	Lp
30	56	Lp
30	57	Lp
30	58	Lp
30	59	Lp
30	60	Lp
30	61	Lp
30	62	Lp
30	63	Lp
30	64	L
30	65	L
30	66	L
30	67	L
30	68	L
30	69	L
30	70	L
30	71	-1
30	72	L
30	73	L
30	74	Lp
30	75	L
30	76	Lp
30	77	-1
30	78	-1
30	79	Lp
30	80	Lp
30	81	Lp
30	82	L
30	83	Lp
30	84	L
30	85	Lp
30	86	Lp
30	87	Lp
30	88	Lp
30	89	L
30	90	L
30	91	L
30	92	Uc
30	93	Uc
30	94	Lp
30	95	Lp
30	96	Lp
30	97	Lp
30	98	Lp
30	99	Lcp
30	100	Lp
30	101	Uc
30	102	-1
30	103	-1
30	104	Lp
30	105	Lp
30	106	Lp
30	107	-1
30	108	-1
30	109	Lcp
30	110	L
30	111	L
30	112	L
30	113	-1
30	114	L
30	115	Lp
30	116	Lc
30	117	U
30	118	Lp
30	119	Lp
31	0	Lp
31	1	Lp
31	2	Lp
31	3	-1
31	4	L
31	5	Lp
31	6	Lp
31	7	Lp
31	8	Lp
31	9	-1
31	10	Lp
31	11	Lc
31	12	Lc
31	13	-1
31	14	Lcp
31	15	U
31	16	U
31	17	-1
31	18	U
31	19	-1
31	20	Lp
31	21	Lp
31	22	Lp
31	23	Lp
31	24	Lp
31	25	Lc
31	26	Lp
31	27	Lp
31	28	Lcp
31	29	Lp
31	30	Lc
31	31	Lp
31	32	Lc
31	33	Lp
31	34	Lc
31	35	Lc
31	36	Lp
31	37	Lc
31	38	Lp
31	39	Lp
31	40	Lp
31	41	Lp
31	42	Lp
31	43	Lp
31	44	Lp
31	45	Lcp
31	46	Lcp
31	47	L
31	48	L
31	49	L
31	50	Lc
31	51	Lc
31	52	Lc
31	53	Lp
31	54	Lp
31	55	Lp
31	56	-1
31	57	-1
31	58	Lp
31	59	Lp
31	60	Lp
31	61	Lp
31	62	Lp
31	63	Lp
31	64	L
31	65	L
31	66	L
31	67	-1
31	68	L
31	69	L
31	70	L
31	71	L
31	72	-1
31	73	Lp
31	74	Lp
31	75	-1
31	76	L
31	77	U
31	78	-1
31	79	Lp
31	80	L
31	81	Lp
31	82	L
31	83	L
31	84	Lp
31	85	L
31	86	Lcp
31	87	-1
31	88	-1
31	89	-1
31	90	L
31	91	Lcp
31	92	-1
31	93	Lcp
31	94	Lcp
31	95	Lcp
31	96	Lcp
31	97	Lp
31	98	Lp
31	99	Lp
31	100	Lp
31	101	Lp
31	102	Lcp
31	103	L
31	104	-1
31	105	Lp
31	106	L
31	107	Lcp
31	108	-1
31	109	-1
31	110	Lcp
31	111	Lcp
31	112	Lcp
31	113	L
31	114	Lp
31	115	Lp
31	116	Lp
31	117	Lc
31	118	Lp
31	119	-1
32	0	Lp
32	1	Lp
32	2	L
32	3	L
32	4	-1
32	5	-1
32	6	L
32	7	L
32	8	Lp
32	9	Lp
32	10	Lp
32	11	Lp
32	12	Lc
32	13	L
32	14	U
32	15	Lp
32	16	Lp
32	17	U
32	18	-1
32	19	Lcp
32	20	Lp
32	21	Lcp
32	22	Lp
32	23	Lp
32	24	Lc
32	25	Lc
32	26	Lc
32	27	Lcp
32	28	Lp
32	29	Lcp
32	30	Lc
32	31	Lc
32	32	Lp
32	33	Lc
32	34	Lp
32	35	-1
32	36	-1
32	37	Lp
32	38	-1
32	39	Lp
32	40	Lp
32	41	Lp
32	42	Lp
32	43	Lp
32	44	Lp
32	45	Lp
32	46	-1
32	47	Lcp
32	48	L
32	49	Lc
32	50	L
32	51	L
32	52	Lc
32	53	Lp
32	54	Lp
32	55	-1
32	56	-1
32	57	Lp
32	58	Lp
32	59	Lp
32	60	Lp
32	61	-1
32	62	-1
32	63	Lp
32	64	Lp
32	65	Lp
32	66	L
32	67	L
32	68	L
32	69	L
32	70	L
32	71	L
32	72	L
32	73	L
32	74	L
32	75	Lp
32	76	U
32	77	L
32	78	L
32	79	L
32	80	-1
32	81	-1
32	82	-1
32	83	Lp
32	84	Lp
32	85	Lcp
32	86	Lcp
32	87	Lcp
32	88	Lcp
32	89	-1
32	90	Lcp
32	91	Lcp
32	92	-1
32	93	Lcp
32	94	Lcp
32	95	Lcp
32	96	-1
32	97	Lcp
32	98	Lp
32	99	Lcp
32	100	Lcp
32	101	Lp
32	102	Lp
32	103	-1
32	104	Lp
32	105	L
32	106	L
32	107	Lcp
32	108	Lcp
32	109	Lcp
32	110	Lcp
32	111	-1
32	112	-1
32	113	Lcp
32	114	Lp
32	115	-1
32	116	Lp
32	117	Lp
32	118	Lp
32	119	Lp
33	0	Lp
33	1	L
33	2	-1
33	3	L
33	4	L
33	5	L
33	6	L
33	7	Lp
33	8	Lp
33	9	Lcp
33	10	-1
33	11	Lcp
33	12	Lc
33	13	Lc
33	14	U
33	15	U
33	16	U
33	17	U
33	18	Lcp
33	19	Lcp
33	20	Lcp
33	21	Lcp
33	22	Lp
33	23	Lp
33	24	Lp
33	25	Lp
33	26	-1
33	27	Lp
33	28	Lp
33	29	Lp
33	30	Lcp
33	31	Lcp
33	32	Lp
33	33	-1
33	34	Lp
33	35	Lp
33	36	Lp
33	37	-1
33	38	Lp
33	39	Lp
33	40	Lp
33	41	Lp
33	42	Lp
33	43	-1
33	44	Lp
33	45	Lcp
33	46	Lcp
33	47	Lcp
33	48	Lcp
33	49	Lp
33	50	L
33	51	L
33	52	-1
33	53	Lp
33	54	Lp
33	55	Lp
33	56	Lp
33	57	Lp
33	58	-1
33	59	Lp
33	60	Lp
33	61	Lp
33	62	Lp
33	63	Lp
33	64	Lp
33	65	L
33	66	L
33	67	L
33	68	L
33	69	-1
33	70	L
33	71	L
33	72	-1
33	73	-1
33	74	L
33	75	-1
33	76	Lp
33	77	Lp
33	78	Lp
33	79	Lp
33	80	-1
33	81	U
33	82	L
33	83	L
33	84	L
33	85	Lp
33	86	Lcp
33	87	Lcp
33	88	Lcp
33	89	Lcp
33	90	Lcp
33	91	Lcp
33	92	Lcp
33	93	-1
33	94	Lcp
33	95	Lcp
33	96	Lc
33	97	Lp
33	98	Lp
33	99	Lcp
33	100	Lp
33	101	Lp
33	102	Lp
33	103	Lp
33	104	-1
33	105	Lcp
33	106	L
33	107	Lcp
33	108	L
33	109	Lcp
33	110	Lcp
33	111	L
33	112	L
33	113	L
33	114	-1
33	115	-1
33	116	L
33	117	Lp
33	118	Lp
33	119	Lp
34	0	Lp
34	1	U
34	2	-1
34	3	Lp
34	4	L
34	5	L
34	6	Lp
34	7	-1
34	8	Lp
34	9	Lp
34	10	-1
34	11	Lcp
34	12	U
34	13	U
34	14	U
34	15	Lcp
34	16	U
34	17	U
34	18	Lcp
34	19	Lcp
34	20	Lcp
34	21	Lcp
34	22	Lcp
34	23	Lp
34	24	Lp
34	25	Lp
34	26	Lp
34	27	Lp
34	28	Lp
34	29	Lcp
34	30	Lp
34	31	-1
34	32	Lcp
34	33	Lp
34	34	Lp
34	35	Lp
34	36	Lcp
34	37	Lp
34	38	Lp
34	39	Lp
34	40	Lp
34	41	-1
34	42	-1
34	43	Lp
34	44	-1
34	45	Lcp
34	46	-1
34	47	Lcp
34	48	Lcp
34	49	L
34	50	L
34	51	L
34	52	-1
34	53	L
34	54	L
34	55	L
34	56	-1
34	57	L
34	58	L
34	59	L
34	60	-1
34	61	Lp
34	62	-1
34	63	Lp
34	64	Lp
34	65	Lp
34	66	L
34	67	L
34	68	-1
34	69	L
34	70	-1
34	71	-1
34	72	L
34	73	L
34	74	-1
34	75	-1
34	76	-1
34	77	Lp
34	78	-1
34	79	L
34	80	L
34	81	L
34	82	L
34	83	-1
34	84	Lp
34	85	Lp
34	86	U
34	87	U
34	88	U
34	89	U
34	90	Lp
34	91	-1
34	92	Lcp
34	93	Lc
34	94	Lcp
34	95	Lp
34	96	Lcp
34	97	Lc
34	98	Lp
34	99	Lp
34	100	Lp
34	101	Lp
34	102	Lp
34	103	Lp
34	104	-1
34	105	-1
34	106	Lcp
34	107	-1
34	108	L
34	109	L
34	110	L
34	111	Lcp
34	112	L
34	113	L
34	114	Lcp
34	115	Lcp
34	116	L
34	117	-1
34	118	Lp
34	119	-1
35	0	Lp
35	1	Lp
35	2	U
35	3	Lp
35	4	-1
35	5	L
35	6	L
35	7	Lp
35	8	Lp
35	9	U
35	10	Lcp
35	11	U
35	12	Lcp
35	13	-1
35	14	Lcp
35	15	Lcp
35	16	Lcp
35	17	Lcp
35	18	Lcp
35	19	Lcp
35	20	Lcp
35	21	Lcp
35	22	Lcp
35	23	Lcp
35	24	Lcp
35	25	Lcp
35	26	Lcp
35	27	Lp
35	28	Lp
35	29	-1
35	30	Lcp
35	31	Lcp
35	32	Lp
35	33	Lp
35	34	-1
35	35	Lp
35	36	Lcp
35	37	-1
35	38	Lp
35	39	Lp
35	40	-1
35	41	Lp
35	42	Lcp
35	43	Lcp
35	44	Uc
35	45	Lcp
35	46	Lp
35	47	Lcp
35	48	Lcp
35	49	Lcp
35	50	L
35	51	Lp
35	52	L
35	53	L
35	54	-1
35	55	Lp
35	56	-1
35	57	Lp
35	58	L
35	59	-1
35	60	L
35	61	L
35	62	L
35	63	Lp
35	64	Lp
35	65	Lp
35	66	L
35	67	Lp
35	68	Lp
35	69	L
35	70	L
35	71	L
35	72	L
35	73	L
35	74	L
35	75	Lp
35	76	-1
35	77	Lp
35	78	Lp
35	79	L
35	80	L
35	81	L
35	82	Lp
35	83	Lp
35	84	Lp
35	85	Lp
35	86	Lp
35	87	U
35	88	U
35	89	Lp
35	90	-1
35	91	Lp
35	92	Lcp
35	93	Lc
35	94	Lp
35	95	-1
35	96	Lcp
35	97	Lp
35	98	-1
35	99	-1
35	100	-1
35	101	Lp
35	102	Lp
35	103	Lp
35	104	-1
35	105	Lcp
35	106	Lp
35	107	-1
35	108	L
35	109	-1
35	110	L
35	111	-1
35	112	L
35	113	Lcp
35	114	Lcp
35	115	Lcp
35	116	Lc
35	117	U
35	118	-1
35	119	U
36	0	Lp
36	1	Lp
36	2	Lp
36	3	Lp
36	4	Lp
36	5	L
36	6	Lp
36	7	Lp
36	8	Lp
36	9	Lcp
36	10	Lcp
36	11	U
36	12	U
36	13	Lcp
36	14	Lcp
36	15	Lcp
36	16	-1
36	17	Lcp
36	18	Lcp
36	19	Lc
36	20	Lc
36	21	Lc
36	22	Lcp
36	23	-1
36	24	Lcp
36	25	-1
36	26	Lcp
36	27	-1
36	28	Lcp
36	29	Lcp
36	30	-1
36	31	Lc
36	32	-1
36	33	-1
36	34	Lc
36	35	Lcp
36	36	Lcp
36	37	Lc
36	38	-1
36	39	-1
36	40	Lp
36	41	Lcp
36	42	Lp
36	43	Lcp
36	44	Uc
36	45	Lcp
36	46	Lp
36	47	Lp
36	48	-1
36	49	Lp
36	50	Lp
36	51	Lp
36	52	L
36	53	L
36	54	L
36	55	L
36	56	L
36	57	L
36	58	L
36	59	L
36	60	L
36	61	-1
36	62	L
36	63	Lp
36	64	Lp
36	65	Lp
36	66	Lp
36	67	Lp
36	68	Lp
36	69	-1
36	70	Lp
36	71	-1
36	72	L
36	73	L
36	74	L
36	75	U
36	76	-1
36	77	Lp
36	78	Lp
36	79	L
36	80	Lp
36	81	L
36	82	Lp
36	83	Lp
36	84	L
36	85	Lp
36	86	Lp
36	87	-1
36	88	L
36	89	-1
36	90	L
36	91	Lcp
36	92	Lp
36	93	Lp
36	94	Lp
36	95	Lp
36	96	Lp
36	97	Lp
36	98	Lp
36	99	Lp
36	100	Lp
36	101	Lp
36	102	Lp
36	103	-1
36	104	-1
36	105	Lcp
36	106	Lcp
36	107	Lp
36	108	Lcp
36	109	L
36	110	L
36	111	L
36	112	L
36	113	L
36	114	Lcp
36	115	Lc
36	116	Lcp
36	117	L
36	118	-1
36	119	Lc
37	0	Lp
37	1	Lc
37	2	-1
37	3	Lp
37	4	Lp
37	5	Lp
37	6	Lp
37	7	Lcp
37	8	Lp
37	9	U
37	10	Lcp
37	11	U
37	12	-1
37	13	Lc
37	14	-1
37	15	Lcp
37	16	Lcp
37	17	Lcp
37	18	Lcp
37	19	Lcp
37	20	Lcp
37	21	Lcp
37	22	Lc
37	23	Lcp
37	24	-1
37	25	Lcp
37	26	Lcp
37	27	-1
37	28	-1
37	29	Lcp
37	30	-1
37	31	-1
37	32	-1
37	33	Uc
37	34	Lc
37	35	Lc
37	36	Lc
37	37	Lc
37	38	Lc
37	39	Lc
37	40	Lc
37	41	Lcp
37	42	Lcp
37	43	Lcp
37	44	Lp
37	45	Lcp
37	46	Lp
37	47	L
37	48	L
37	49	L
37	50	Lp
37	51	Lp
37	52	Lp
37	53	L
37	54	L
37	55	L
37	56	L
37	57	L
37	58	L
37	59	L
37	60	L
37	61	L
37	62	L
37	63	Lp
37	64	Lp
37	65	Lp
37	66	Lp
37	67	Lp
37	68	-1
37	69	L
37	70	-1
37	71	Lp
37	72	L
37	73	L
37	74	L
37	75	L
37	76	U
37	77	U
37	78	Lp
37	79	L
37	80	Lp
37	81	-1
37	82	L
37	83	L
37	84	Lp
37	85	Lp
37	86	Lp
37	87	Lp
37	88	Lc
37	89	L
37	90	-1
37	91	L
37	92	Lcp
37	93	Lcp
37	94	Lp
37	95	Lp
37	96	Lp
37	97	Lp
37	98	Lp
37	99	-1
37	100	Lp
37	101	Lp
37	102	L
37	103	L
37	104	-1
37	105	L
37	106	-1
37	107	-1
37	108	-1
37	109	L
37	110	L
37	111	L
37	112	L
37	113	Lc
37	114	Lc
37	115	-1
37	116	-1
37	117	L
37	118	-1
37	119	Lp
38	0	Lc
38	1	Lc
38	2	Lp
38	3	Lp
38	4	Lp
38	5	Lp
38	6	Lp
38	7	Lp
38	8	Lcp
38	9	Lp
38	10	U
38	11	U
38	12	L
38	13	U
38	14	Lcp
38	15	Lcp
38	16	Lc
38	17	Lcp
38	18	Lcp
38	19	Lc
38	20	Lcp
38	21	Lc
38	22	-1
38	23	Lcp
38	24	Lcp
38	25	Lcp
38	26	Lp
38	27	Lcp
38	28	Lc
38	29	L
38	30	-1
38	31	-1
38	32	-1
38	33	Lc
38	34	Uc
38	35	Uc
38	36	Lcp
38	37	Lcp
38	38	Lc
38	39	Lc
38	40	Lc
38	41	Lcp
38	42	Lcp
38	43	Lcp
38	44	Lcp
38	45	Lcp
38	46	-1
38	47	Lp
38	48	Lp
38	49	-1
38	50	Lp
38	51	L
38	52	-1
38	53	L
38	54	L
38	55	L
38	56	L
38	57	-1
38	58	L
38	59	L
38	60	L
38	61	L
38	62	Lp
38	63	Lp
38	64	-1
38	65	Lp
38	66	Lp
38	67	Lp
38	68	L
38	69	L
38	70	L
38	71	L
38	72	U
38	73	L
38	74	L
38	75	-1
38	76	L
38	77	Lp
38	78	Lp
38	79	Lp
38	80	L
38	81	Lp
38	82	L
38	83	L
38	84	Lp
38	85	Lp
38	86	Lp
38	87	Lp
38	88	Lp
38	89	Lc
38	90	Lcp
38	91	Lcp
38	92	-1
38	93	Lcp
38	94	Lp
38	95	Lp
38	96	L
38	97	Lp
38	98	Lc
38	99	-1
38	100	-1
38	101	L
38	102	L
38	103	L
38	104	L
38	105	L
38	106	L
38	107	Lp
38	108	Lp
38	109	L
38	110	-1
38	111	L
38	112	Lc
38	113	Lp
38	114	-1
38	115	L
38	116	-1
38	117	L
38	118	Lp
38	119	Lp
39	0	-1
39	1	Lc
39	2	-1
39	3	Lp
39	4	-1
39	5	Lp
39	6	Lp
39	7	Lp
39	8	-1
39	9	Lcp
39	10	L
39	11	U
39	12	-1
39	13	U
39	14	Lcp
39	15	Lcp
39	16	Lc
39	17	Lcp
39	18	Lcp
39	19	Lcp
39	20	Lc
39	21	Lc
39	22	-1
39	23	-1
39	24	Lcp
39	25	Lcp
39	26	Lcp
39	27	-1
39	28	Lc
39	29	Lc
39	30	L
39	31	-1
39	32	-1
39	33	Lcp
39	34	Lcp
39	35	Lc
39	36	Uc
39	37	Lcp
39	38	Lcp
39	39	Lc
39	40	Lc
39	41	Lc
39	42	Lcp
39	43	-1
39	44	Lcp
39	45	Lp
39	46	Lp
39	47	-1
39	48	Lp
39	49	L
39	50	Lp
39	51	Lp
39	52	L
39	53	L
39	54	Lp
39	55	L
39	56	-1
39	57	L
39	58	-1
39	59	L
39	60	L
39	61	L
39	62	L
39	63	-1
39	64	Lp
39	65	Lp
39	66	Lp
39	67	-1
39	68	L
39	69	-1
39	70	L
39	71	L
39	72	L
39	73	-1
39	74	L
39	75	L
39	76	L
39	77	L
39	78	Lp
39	79	L
39	80	L
39	81	L
39	82	L
39	83	L
39	84	Lp
39	85	L
39	86	L
39	87	Lp
39	88	Lp
39	89	Lc
39	90	Lc
39	91	Lcp
39	92	Lcp
39	93	L
39	94	L
39	95	L
39	96	Lc
39	97	L
39	98	Lp
39	99	Lc
39	100	-1
39	101	-1
39	102	Lp
39	103	-1
39	104	L
39	105	L
39	106	L
39	107	Lp
39	108	L
39	109	L
39	110	Lp
39	111	-1
39	112	-1
39	113	Lp
39	114	-1
39	115	Lc
39	116	L
39	117	Lc
39	118	Lp
39	119	Lp
40	0	Lc
40	1	Lc
40	2	-1
40	3	Lp
40	4	Lc
40	5	-1
40	6	-1
40	7	-1
40	8	Lcp
40	9	Lp
40	10	-1
40	11	Lcp
40	12	-1
40	13	-1
40	14	L
40	15	Lcp
40	16	Lcp
40	17	Lcp
40	18	Lcp
40	19	Lcp
40	20	Lcp
40	21	Lcp
40	22	Lcp
40	23	Lc
40	24	Lc
40	25	Lcp
40	26	Lc
40	27	-1
40	28	Lc
40	29	L
40	30	L
40	31	-1
40	32	Uc
40	33	Lcp
40	34	L
40	35	L
40	36	L
40	37	Lc
40	38	Lcp
40	39	Lc
40	40	Lcp
40	41	Lc
40	42	-1
40	43	Lcp
40	44	Lcp
40	45	Lcp
40	46	Lp
40	47	Lp
40	48	Lp
40	49	Lp
40	50	L
40	51	L
40	52	Lp
40	53	Lp
40	54	Lp
40	55	L
40	56	-1
40	57	U
40	58	L
40	59	L
40	60	L
40	61	L
40	62	L
40	63	L
40	64	L
40	65	Lp
40	66	L
40	67	L
40	68	Lp
40	69	-1
40	70	L
40	71	-1
40	72	L
40	73	L
40	74	L
40	75	L
40	76	L
40	77	L
40	78	-1
40	79	L
40	80	L
40	81	-1
40	82	L
40	83	L
40	84	-1
40	85	L
40	86	L
40	87	L
40	88	Lc
40	89	Lc
40	90	-1
40	91	Lcp
40	92	-1
40	93	L
40	94	L
40	95	Lc
40	96	Lc
40	97	Lp
40	98	Lcp
40	99	L
40	100	L
40	101	Lp
40	102	Lp
40	103	-1
40	104	L
40	105	L
40	106	L
40	107	L
40	108	L
40	109	-1
40	110	Lp
40	111	-1
40	112	Lp
40	113	Lc
40	114	Lc
40	115	L
40	116	-1
40	117	Lc
40	118	Lc
40	119	Lc
41	0	Lc
41	1	Lc
41	2	-1
41	3	Lc
41	4	-1
41	5	Lp
41	6	U
41	7	-1
41	8	Lp
41	9	Lp
41	10	Lp
41	11	Lp
41	12	Lcp
41	13	L
41	14	Lcp
41	15	Lcp
41	16	Lcp
41	17	Lcp
41	18	Lcp
41	19	Lcp
41	20	Lcp
41	21	Uc
41	22	Lcp
41	23	Lc
41	24	-1
41	25	Lc
41	26	Lc
41	27	L
41	28	L
41	29	L
41	30	L
41	31	L
41	32	L
41	33	L
41	34	Uc
41	35	Lc
41	36	L
41	37	Lc
41	38	Lc
41	39	Lc
41	40	Lcp
41	41	Lcp
41	42	Lcp
41	43	-1
41	44	Lp
41	45	Lcp
41	46	Lp
41	47	Lp
41	48	Lp
41	49	L
41	50	Lp
41	51	-1
41	52	Lp
41	53	-1
41	54	L
41	55	L
41	56	L
41	57	L
41	58	L
41	59	-1
41	60	Lp
41	61	L
41	62	L
41	63	Lp
41	64	Lp
41	65	L
41	66	Lp
41	67	L
41	68	Lp
41	69	Lp
41	70	L
41	71	-1
41	72	L
41	73	-1
41	74	L
41	75	L
41	76	L
41	77	L
41	78	L
41	79	-1
41	80	L
41	81	L
41	82	-1
41	83	L
41	84	Lp
41	85	Lp
41	86	L
41	87	L
41	88	Lc
41	89	L
41	90	L
41	91	L
41	92	-1
41	93	Lcp
41	94	Lc
41	95	Lc
41	96	L
41	97	-1
41	98	-1
41	99	Lc
41	100	Lp
41	101	L
41	102	Lcp
41	103	L
41	104	Lcp
41	105	L
41	106	L
41	107	L
41	108	L
41	109	Lcp
41	110	Lp
41	111	L
41	112	-1
41	113	-1
41	114	-1
41	115	Lc
41	116	Lc
41	117	-1
41	118	Lc
41	119	Lc
42	0	Lc
42	1	Lc
42	2	Lc
42	3	Lc
42	4	Lc
42	5	L
42	6	-1
42	7	U
42	8	Lp
42	9	Lcp
42	10	Lcp
42	11	Lcp
42	12	L
42	13	Lcp
42	14	Lcp
42	15	Lcp
42	16	Lcp
42	17	Lc
42	18	Lc
42	19	Lcp
42	20	Uc
42	21	Lc
42	22	Lc
42	23	Lcp
42	24	Lc
42	25	-1
42	26	Lc
42	27	L
42	28	Lcp
42	29	L
42	30	Lcp
42	31	L
42	32	Lcp
42	33	-1
42	34	Uc
42	35	Lc
42	36	L
42	37	Lc
42	38	Lc
42	39	Lc
42	40	Lp
42	41	-1
42	42	Lcp
42	43	Lcp
42	44	-1
42	45	Lp
42	46	-1
42	47	Lp
42	48	Lp
42	49	Lp
42	50	Lp
42	51	L
42	52	Lp
42	53	L
42	54	-1
42	55	L
42	56	L
42	57	-1
42	58	U
42	59	-1
42	60	Lp
42	61	Lp
42	62	L
42	63	Lp
42	64	L
42	65	L
42	66	L
42	67	L
42	68	L
42	69	Lp
42	70	L
42	71	L
42	72	Lp
42	73	L
42	74	L
42	75	L
42	76	L
42	77	L
42	78	L
42	79	-1
42	80	L
42	81	L
42	82	L
42	83	Lcp
42	84	Lp
42	85	Lp
42	86	L
42	87	Lcp
42	88	Lc
42	89	L
42	90	Lc
42	91	-1
42	92	U
42	93	U
42	94	U
42	95	L
42	96	Lc
42	97	-1
42	98	L
42	99	Lc
42	100	Lp
42	101	Lcp
42	102	-1
42	103	Lcp
42	104	Lcp
42	105	Lcp
42	106	-1
42	107	L
42	108	Lcp
42	109	Lcp
42	110	Lcp
42	111	L
42	112	-1
42	113	L
42	114	Lc
42	115	Lc
42	116	Lc
42	117	Lc
42	118	Lc
42	119	Lc
43	0	-1
43	1	-1
43	2	Lc
43	3	Lc
43	4	Lc
43	5	L
43	6	Lc
43	7	Lc
43	8	U
43	9	U
43	10	Lcp
43	11	U
43	12	Lcp
43	13	-1
43	14	Lcp
43	15	Lcp
43	16	Uc
43	17	Lc
43	18	Lcp
43	19	Lc
43	20	Lc
43	21	L
43	22	L
43	23	Lc
43	24	L
43	25	-1
43	26	-1
43	27	-1
43	28	L
43	29	Lcp
43	30	Lcp
43	31	Lcp
43	32	Lcp
43	33	Lcp
43	34	Lc
43	35	Lp
43	36	L
43	37	L
43	38	Lc
43	39	Lc
43	40	Lc
43	41	Lp
43	42	Uc
43	43	-1
43	44	Lp
43	45	L
43	46	Lp
43	47	-1
43	48	Lp
43	49	-1
43	50	Lp
43	51	Lp
43	52	Lp
43	53	L
43	54	L
43	55	L
43	56	L
43	57	Lp
43	58	-1
43	59	L
43	60	L
43	61	L
43	62	Lp
43	63	Lp
43	64	-1
43	65	L
43	66	-1
43	67	L
43	68	-1
43	69	Lp
43	70	-1
43	71	-1
43	72	-1
43	73	L
43	74	L
43	75	-1
43	76	L
43	77	L
43	78	L
43	79	-1
43	80	L
43	81	L
43	82	L
43	83	L
43	84	L
43	85	Lp
43	86	Lp
43	87	Lcp
43	88	Lcp
43	89	Lcp
43	90	Lcp
43	91	Lc
43	92	L
43	93	L
43	94	Lcp
43	95	U
43	96	L
43	97	L
43	98	Lcp
43	99	Lcp
43	100	Lcp
43	101	Lc
43	102	Lc
43	103	Lcp
43	104	-1
43	105	Lcp
43	106	Lcp
43	107	L
43	108	Lcp
43	109	Lcp
43	110	Lp
43	111	Lcp
43	112	Lcp
43	113	L
43	114	L
43	115	-1
43	116	Lc
43	117	Lc
43	118	Lc
43	119	Lc
44	0	Lc
44	1	Lc
44	2	Lc
44	3	Lc
44	4	U
44	5	Lc
44	6	-1
44	7	Lc
44	8	U
44	9	U
44	10	U
44	11	Lcp
44	12	Lc
44	13	Lcp
44	14	-1
44	15	Lcp
44	16	Lcp
44	17	-1
44	18	Lc
44	19	Lc
44	20	-1
44	21	Lc
44	22	Lc
44	23	-1
44	24	L
44	25	L
44	26	Lp
44	27	Lcp
44	28	Lcp
44	29	-1
44	30	-1
44	31	Lcp
44	32	Lc
44	33	-1
44	34	Lc
44	35	Lc
44	36	Lc
44	37	Lc
44	38	Lc
44	39	Lc
44	40	Lc
44	41	Lc
44	42	Uc
44	43	Uc
44	44	L
44	45	Lp
44	46	Lp
44	47	Lp
44	48	Lp
44	49	Lp
44	50	Lp
44	51	Lp
44	52	-1
44	53	L
44	54	Lp
44	55	L
44	56	L
44	57	Lp
44	58	Lp
44	59	-1
44	60	Lp
44	61	L
44	62	L
44	63	Lp
44	64	Lp
44	65	Lp
44	66	L
44	67	-1
44	68	-1
44	69	-1
44	70	U
44	71	U
44	72	U
44	73	Lp
44	74	Lp
44	75	Lp
44	76	Lp
44	77	L
44	78	-1
44	79	-1
44	80	Lcp
44	81	Lcp
44	82	Lc
44	83	Lc
44	84	-1
44	85	Lp
44	86	-1
44	87	Lp
44	88	-1
44	89	-1
44	90	Lc
44	91	Lcp
44	92	L
44	93	L
44	94	U
44	95	L
44	96	L
44	97	-1
44	98	Lcp
44	99	Lcp
44	100	Lc
44	101	Lc
44	102	Lc
44	103	L
44	104	Lcp
44	105	Lcp
44	106	L
44	107	Lcp
44	108	Lcp
44	109	Lp
44	110	Lcp
44	111	Lp
44	112	L
44	113	L
44	114	-1
44	115	L
44	116	Lc
44	117	Lc
44	118	Lc
44	119	Lc
45	0	Lc
45	1	Lc
45	2	Lc
45	3	Lc
45	4	Lc
45	5	Lc
45	6	-1
45	7	Lc
45	8	U
45	9	Lp
45	10	U
45	11	Lcp
45	12	-1
45	13	Lc
45	14	Lc
45	15	Lc
45	16	Lcp
45	17	-1
45	18	Lcp
45	19	-1
45	20	Lc
45	21	Lc
45	22	Lc
45	23	L
45	24	-1
45	25	-1
45	26	-1
45	27	Lp
45	28	-1
45	29	Lp
45	30	Lp
45	31	Lp
45	32	-1
45	33	Lc
45	34	Lc
45	35	Lp
45	36	Lc
45	37	U
45	38	U
45	39	Lc
45	40	Lc
45	41	Lp
45	42	Lp
45	43	Lc
45	44	Lp
45	45	Uc
45	46	Lp
45	47	Lp
45	48	Lp
45	49	L
45	50	L
45	51	L
45	52	Lp
45	53	L
45	54	L
45	55	L
45	56	-1
45	57	Lp
45	58	-1
45	59	-1
45	60	L
45	61	L
45	62	Lp
45	63	L
45	64	Lp
45	65	Lp
45	66	Lp
45	67	-1
45	68	Lp
45	69	L
45	70	U
45	71	L
45	72	U
45	73	Lp
45	74	-1
45	75	Lp
45	76	Lp
45	77	L
45	78	L
45	79	Lp
45	80	Lcp
45	81	-1
45	82	L
45	83	-1
45	84	Lcp
45	85	Lp
45	86	-1
45	87	-1
45	88	Lcp
45	89	Lcp
45	90	Lcp
45	91	Lcp
45	92	Lcp
45	93	Lcp
45	94	Lcp
45	95	L
45	96	Lc
45	97	-1
45	98	Lcp
45	99	Lc
45	100	Lc
45	101	Lc
45	102	Lcp
45	103	-1
45	104	Lcp
45	105	Lcp
45	106	Lcp
45	107	Lcp
45	108	Lcp
45	109	Lcp
45	110	-1
45	111	-1
45	112	L
45	113	Lp
45	114	Lc
45	115	Lc
45	116	-1
45	117	Lc
45	118	Lc
45	119	Lc
46	0	Lc
46	1	Lc
46	2	Lc
46	3	Lc
46	4	Lc
46	5	Lc
46	6	Lc
46	7	Uc
46	8	U
46	9	U
46	10	Lc
46	11	-1
46	12	Lc
46	13	Lc
46	14	Lc
46	15	Lcp
46	16	Lc
46	17	Uc
46	18	-1
46	19	Lc
46	20	Lc
46	21	-1
46	22	Lc
46	23	Lc
46	24	Lc
46	25	-1
46	26	-1
46	27	Lp
46	28	Lp
46	29	L
46	30	Lcp
46	31	Lcp
46	32	-1
46	33	-1
46	34	Lc
46	35	Lc
46	36	Lc
46	37	Lp
46	38	Lp
46	39	-1
46	40	Lc
46	41	Lc
46	42	Lp
46	43	Lp
46	44	Lp
46	45	Uc
46	46	Lp
46	47	Lp
46	48	U
46	49	U
46	50	L
46	51	Lp
46	52	L
46	53	Lp
46	54	L
46	55	L
46	56	-1
46	57	Lp
46	58	Lp
46	59	Lp
46	60	Lp
46	61	Lp
46	62	Lp
46	63	Lp
46	64	Lp
46	65	Lp
46	66	Lp
46	67	Lp
46	68	-1
46	69	L
46	70	L
46	71	L
46	72	-1
46	73	Lp
46	74	Lp
46	75	Lp
46	76	-1
46	77	-1
46	78	Lp
46	79	Lcp
46	80	L
46	81	-1
46	82	L
46	83	L
46	84	Lcp
46	85	Lcp
46	86	-1
46	87	Lcp
46	88	Lcp
46	89	-1
46	90	-1
46	91	L
46	92	Lcp
46	93	L
46	94	Lcp
46	95	L
46	96	L
46	97	-1
46	98	Lp
46	99	Lc
46	100	-1
46	101	Uc
46	102	Lp
46	103	Lcp
46	104	Lcp
46	105	Lcp
46	106	Lp
46	107	Lcp
46	108	Lcp
46	109	Lcp
46	110	Lcp
46	111	-1
46	112	Lp
46	113	Lp
46	114	Lp
46	115	Lc
46	116	Lc
46	117	-1
46	118	Lc
46	119	Lc
47	0	Lc
47	1	Lc
47	2	-1
47	3	Lc
47	4	Lc
47	5	Lc
47	6	Uc
47	7	-1
47	8	Uc
47	9	Lc
47	10	Lc
47	11	Lc
47	12	Lc
47	13	Lc
47	14	Lc
47	15	Lc
47	16	Lc
47	17	Lc
47	18	-1
47	19	L
47	20	L
47	21	Lc
47	22	Lc
47	23	Lc
47	24	Lc
47	25	-1
47	26	Lc
47	27	Lp
47	28	Lp
47	29	Lp
47	30	-1
47	31	Lcp
47	32	Lcp
47	33	Lcp
47	34	Lc
47	35	Lc
47	36	Lp
47	37	Lp
47	38	Lp
47	39	-1
47	40	L
47	41	Lp
47	42	Lp
47	43	Lp
47	44	Lcp
47	45	-1
47	46	Uc
47	47	-1
47	48	U
47	49	L
47	50	U
47	51	U
47	52	Lp
47	53	-1
47	54	L
47	55	-1
47	56	L
47	57	-1
47	58	L
47	59	L
47	60	Lp
47	61	Lp
47	62	L
47	63	L
47	64	Lp
47	65	Lp
47	66	L
47	67	L
47	68	L
47	69	L
47	70	Lp
47	71	L
47	72	-1
47	73	L
47	74	Lp
47	75	-1
47	76	-1
47	77	L
47	78	Lp
47	79	-1
47	80	Lcp
47	81	-1
47	82	L
47	83	L
47	84	L
47	85	Lcp
47	86	Lcp
47	87	L
47	88	Lcp
47	89	Lcp
47	90	Lcp
47	91	Lcp
47	92	L
47	93	L
47	94	Lcp
47	95	Lcp
47	96	-1
47	97	Uc
47	98	Lc
47	99	-1
47	100	Uc
47	101	Lc
47	102	Lp
47	103	-1
47	104	Lp
47	105	-1
47	106	Lp
47	107	-1
47	108	Lcp
47	109	Lcp
47	110	Lp
47	111	Lp
47	112	Lp
47	113	Lc
47	114	Lp
47	115	-1
47	116	Lc
47	117	Lc
47	118	-1
47	119	Lc
48	0	Lc
48	1	Lc
48	2	Lc
48	3	Lc
48	4	Lc
48	5	Lc
48	6	Lc
48	7	Lc
48	8	Lc
48	9	Uc
48	10	Lc
48	11	Lc
48	12	Lcp
48	13	Lcp
48	14	Lcp
48	15	Lcp
48	16	Lc
48	17	Lc
48	18	Lc
48	19	L
48	20	L
48	21	Lc
48	22	Lc
48	23	Lc
48	24	-1
48	25	Lc
48	26	Lcp
48	27	-1
48	28	Lp
48	29	L
48	30	L
48	31	-1
48	32	Lcp
48	33	-1
48	34	-1
48	35	-1
48	36	Lc
48	37	Lp
48	38	Lp
48	39	Lp
48	40	Lp
48	41	-1
48	42	L
48	43	L
48	44	-1
48	45	-1
48	46	Lp
48	47	-1
48	48	Lp
48	49	Lp
48	50	-1
48	51	Lp
48	52	Lcp
48	53	Lp
48	54	L
48	55	L
48	56	L
48	57	L
48	58	L
48	59	L
48	60	L
48	61	L
48	62	-1
48	63	L
48	64	-1
48	65	L
48	66	-1
48	67	L
48	68	L
48	69	L
48	70	Lp
48	71	L
48	72	L
48	73	L
48	74	L
48	75	Lp
48	76	-1
48	77	Lp
48	78	Lp
48	79	-1
48	80	Lcp
48	81	Lcp
48	82	L
48	83	L
48	84	-1
48	85	Lcp
48	86	-1
48	87	L
48	88	-1
48	89	Lcp
48	90	Lcp
48	91	Lcp
48	92	L
48	93	Lcp
48	94	L
48	95	Lcp
48	96	-1
48	97	Uc
48	98	Lc
48	99	-1
48	100	Lcp
48	101	Lcp
48	102	Lcp
48	103	Lcp
48	104	Lp
48	105	Lp
48	106	Lp
48	107	-1
48	108	-1
48	109	-1
48	110	Lp
48	111	-1
48	112	Lp
48	113	Lp
48	114	Lc
48	115	Lc
48	116	Lc
48	117	Lc
48	118	Lc
48	119	Lc
49	0	Lc
49	1	Lc
49	2	Lc
49	3	Lc
49	4	Lc
49	5	L
49	6	Lc
49	7	Lc
49	8	-1
49	9	Uc
49	10	Lcp
49	11	Lc
49	12	Lcp
49	13	Lcp
49	14	Lcp
49	15	Lc
49	16	Lc
49	17	Lcp
49	18	Lc
49	19	L
49	20	Lc
49	21	Lc
49	22	Lc
49	23	Lc
49	24	-1
49	25	Lc
49	26	Lp
49	27	Lcp
49	28	Lp
49	29	Lp
49	30	L
49	31	Lcp
49	32	Lcp
49	33	Lp
49	34	Lcp
49	35	-1
49	36	Lc
49	37	Lp
49	38	-1
49	39	Lp
49	40	-1
49	41	-1
49	42	L
49	43	L
49	44	Lp
49	45	Lp
49	46	Lp
49	47	-1
49	48	Lcp
49	49	Lp
49	50	Lp
49	51	Lp
49	52	L
49	53	L
49	54	Lp
49	55	L
49	56	L
49	57	L
49	58	-1
49	59	L
49	60	L
49	61	L
49	62	L
49	63	L
49	64	Lp
49	65	Lp
49	66	L
49	67	Lp
49	68	Lp
49	69	Lp
49	70	L
49	71	L
49	72	L
49	73	L
49	74	L
49	75	Lp
49	76	-1
49	77	Lcp
49	78	Lcp
49	79	Lp
49	80	Lc
49	81	Lc
49	82	Lcp
49	83	L
49	84	L
49	85	Lcp
49	86	Lcp
49	87	Lcp
49	88	-1
49	89	Lcp
49	90	Lcp
49	91	Lcp
49	92	L
49	93	Lcp
49	94	Lcp
49	95	Lcp
49	96	-1
49	97	Lcp
49	98	L
49	99	Uc
49	100	Lcp
49	101	Lcp
49	102	Lcp
49	103	Lcp
49	104	Lp
49	105	-1
49	106	Lp
49	107	Lp
49	108	Lcp
49	109	Lp
49	110	Lcp
49	111	-1
49	112	-1
49	113	Lp
49	114	Lc
49	115	Lp
49	116	Lp
49	117	Lc
49	118	Lc
49	119	Lc
50	0	Lc
50	1	Lc
50	2	Lc
50	3	Lc
50	4	L
50	5	-1
50	6	-1
50	7	Lcp
50	8	Lcp
50	9	Lcp
50	10	Lcp
50	11	Lc
50	12	Lcp
50	13	Lcp
50	14	Lcp
50	15	Lcp
50	16	Lcp
50	17	Lcp
50	18	Lc
50	19	-1
50	20	L
50	21	-1
50	22	Lc
50	23	Lc
50	24	Lc
50	25	Lp
50	26	Lc
50	27	Lcp
50	28	-1
50	29	L
50	30	L
50	31	Lcp
50	32	Lcp
50	33	Lcp
50	34	Lc
50	35	Lc
50	36	Lp
50	37	Lp
50	38	Lp
50	39	L
50	40	Lp
50	41	Lp
50	42	Lp
50	43	Lp
50	44	Lp
50	45	Lp
50	46	-1
50	47	-1
50	48	Lp
50	49	-1
50	50	Lp
50	51	-1
50	52	Lcp
50	53	Lcp
50	54	Lcp
50	55	L
50	56	L
50	57	L
50	58	L
50	59	L
50	60	L
50	61	-1
50	62	L
50	63	L
50	64	L
50	65	L
50	66	Lp
50	67	L
50	68	Lp
50	69	Lp
50	70	L
50	71	L
50	72	-1
50	73	L
50	74	L
50	75	Lp
50	76	Lcp
50	77	-1
50	78	Lp
50	79	Lc
50	80	Lp
50	81	Lcp
50	82	Lc
50	83	L
50	84	L
50	85	-1
50	86	Lcp
50	87	Lcp
50	88	Lcp
50	89	Lcp
50	90	-1
50	91	Lcp
50	92	Lcp
50	93	Lcp
50	94	Lcp
50	95	Lcp
50	96	Lcp
50	97	Lc
50	98	Lcp
50	99	L
50	100	-1
50	101	-1
50	102	L
50	103	Lcp
50	104	Lcp
50	105	-1
50	106	Lcp
50	107	Lp
50	108	Lc
50	109	Lcp
50	110	Lp
50	111	Lc
50	112	Lcp
50	113	Lp
50	114	Lp
50	115	Lp
50	116	Lc
50	117	Lc
50	118	Lc
50	119	Lc
51	0	Lc
51	1	Lc
51	2	L
51	3	L
51	4	L
51	5	L
51	6	L
51	7	Lcp
51	8	Lc
51	9	Lcp
51	10	Lcp
51	11	Lc
51	12	Lcp
51	13	Lcp
51	14	-1
51	15	Lcp
51	16	Lcp
51	17	Lcp
51	18	L
51	19	L
51	20	L
51	21	L
51	22	L
51	23	Lc
51	24	Lc
51	25	Lc
51	26	Lc
51	27	-1
51	28	Lc
51	29	L
51	30	Lc
51	31	Lcp
51	32	Lcp
51	33	Lp
51	34	Lp
51	35	Lcp
51	36	Lp
51	37	Lp
51	38	Lp
51	39	Lp
51	40	Lp
51	41	Lp
51	42	Lp
51	43	Lp
51	44	Lp
51	45	Lp
51	46	Lp
51	47	-1
51	48	Lp
51	49	Lp
51	50	L
51	51	Lp
51	52	Lp
51	53	L
51	54	Lp
51	55	L
51	56	L
51	57	L
51	58	L
51	59	L
51	60	-1
51	61	L
51	62	-1
51	63	L
51	64	Lp
51	65	L
51	66	Lp
51	67	Lp
51	68	Lp
51	69	L
51	70	L
51	71	L
51	72	L
51	73	L
51	74	L
51	75	Lp
51	76	Lp
51	77	Lp
51	78	-1
51	79	Lc
51	80	-1
51	81	Lcp
51	82	Lcp
51	83	L
51	84	L
51	85	Lcp
51	86	Lcp
51	87	Lcp
51	88	Lcp
51	89	Lcp
51	90	Lcp
51	91	-1
51	92	Lcp
51	93	Lcp
51	94	Lcp
51	95	Lcp
51	96	Lc
51	97	Lcp
51	98	-1
51	99	L
51	100	L
51	101	-1
51	102	-1
51	103	Lc
51	104	Lcp
51	105	Lcp
51	106	Lcp
51	107	Lcp
51	108	Lcp
51	109	Lcp
51	110	Lc
51	111	Lc
51	112	Lcp
51	113	Lp
51	114	Lp
51	115	Lc
51	116	Lp
51	117	Lc
51	118	Lp
51	119	Lc
52	0	Lc
52	1	L
52	2	-1
52	3	L
52	4	L
52	5	L
52	6	L
52	7	-1
52	8	Lcp
52	9	Lcp
52	10	Lcp
52	11	Lcp
52	12	Lcp
52	13	Lc
52	14	-1
52	15	Lc
52	16	-1
52	17	Lc
52	18	Lc
52	19	Lc
52	20	L
52	21	L
52	22	L
52	23	Lc
52	24	Lc
52	25	Lc
52	26	Lc
52	27	Lc
52	28	Lc
52	29	Lcp
52	30	Lcp
52	31	Lcp
52	32	-1
52	33	Lp
52	34	Lp
52	35	Lp
52	36	Lp
52	37	Lcp
52	38	Lp
52	39	Lp
52	40	-1
52	41	Lp
52	42	Lp
52	43	Lp
52	44	Lp
52	45	Lp
52	46	-1
52	47	Lp
52	48	Lp
52	49	L
52	50	-1
52	51	Lp
52	52	Lp
52	53	L
52	54	L
52	55	L
52	56	L
52	57	L
52	58	L
52	59	L
52	60	L
52	61	L
52	62	L
52	63	Lp
52	64	L
52	65	Lp
52	66	Lp
52	67	Lp
52	68	L
52	69	L
52	70	L
52	71	-1
52	72	L
52	73	L
52	74	L
52	75	-1
52	76	Lc
52	77	Lc
52	78	Lp
52	79	Lc
52	80	Lcp
52	81	Lc
52	82	Lcp
52	83	Lcp
52	84	-1
52	85	Lcp
52	86	Lcp
52	87	-1
52	88	Lcp
52	89	Lcp
52	90	Lcp
52	91	Lcp
52	92	Lcp
52	93	Lcp
52	94	-1
52	95	-1
52	96	Lcp
52	97	Lc
52	98	Lcp
52	99	L
52	100	L
52	101	-1
52	102	-1
52	103	Lc
52	104	Lc
52	105	-1
52	106	Lc
52	107	-1
52	108	Lcp
52	109	Lc
52	110	Lcp
52	111	Lcp
52	112	Lcp
52	113	Lcp
52	114	Lc
52	115	Lp
52	116	Lc
52	117	Lp
52	118	Lc
52	119	-1
53	0	L
53	1	L
53	2	L
53	3	-1
53	4	L
53	5	L
53	6	L
53	7	L
53	8	Lcp
53	9	Lcp
53	10	Lcp
53	11	Lcp
53	12	Lcp
53	13	Lc
53	14	-1
53	15	-1
53	16	-1
53	17	Lc
53	18	Lc
53	19	-1
53	20	L
53	21	L
53	22	Lc
53	23	-1
53	24	Lc
53	25	Lc
53	26	Lc
53	27	Lc
53	28	Lcp
53	29	Lcp
53	30	Lc
53	31	Lcp
53	32	Lc
53	33	Lcp
53	34	-1
53	35	Lcp
53	36	Lcp
53	37	Lp
53	38	Lp
53	39	Lp
53	40	L
53	41	Lp
53	42	Lp
53	43	-1
53	44	Lp
53	45	-1
53	46	Lp
53	47	Lp
53	48	Lp
53	49	Lp
53	50	L
53	51	-1
53	52	Lp
53	53	L
53	54	-1
53	55	L
53	56	L
53	57	L
53	58	L
53	59	-1
53	60	L
53	61	L
53	62	L
53	63	L
53	64	Lp
53	65	-1
53	66	Lp
53	67	Lp
53	68	L
53	69	L
53	70	L
53	71	L
53	72	L
53	73	L
53	74	L
53	75	-1
53	76	Lc
53	77	Lc
53	78	Lc
53	79	-1
53	80	Lcp
53	81	Lc
53	82	Lcp
53	83	Lcp
53	84	Lcp
53	85	Lcp
53	86	Lcp
53	87	Lcp
53	88	Lcp
53	89	Lcp
53	90	Lc
53	91	Lc
53	92	Lc
53	93	-1
53	94	Lcp
53	95	Lcp
53	96	Lcp
53	97	Lcp
53	98	Lcp
53	99	Lc
53	100	Lc
53	101	L
53	102	-1
53	103	L
53	104	L
53	105	Lc
53	106	-1
53	107	Lcp
53	108	-1
53	109	Lcp
53	110	Lc
53	111	Lcp
53	112	Lc
53	113	Lcp
53	114	-1
53	115	Lc
53	116	Lcp
53	117	Lc
53	118	Lc
53	119	L
54	0	L
54	1	L
54	2	-1
54	3	L
54	4	-1
54	5	Lcp
54	6	Lcp
54	7	L
54	8	L
54	9	Lcp
54	10	Lcp
54	11	Lc
54	12	Lcp
54	13	Lc
54	14	Lc
54	15	Lc
54	16	Lc
54	17	Lc
54	18	Lc
54	19	-1
54	20	L
54	21	Lc
54	22	L
54	23	-1
54	24	Lc
54	25	Lc
54	26	Lc
54	27	Lc
54	28	Lcp
54	29	Lcp
54	30	Lcp
54	31	Lp
54	32	-1
54	33	Lp
54	34	-1
54	35	Lcp
54	36	Lp
54	37	Lp
54	38	Lcp
54	39	Lp
54	40	L
54	41	L
54	42	Lp
54	43	Lp
54	44	Lp
54	45	Lp
54	46	Lp
54	47	Lp
54	48	Lp
54	49	Lp
54	50	L
54	51	L
54	52	L
54	53	L
54	54	L
54	55	L
54	56	-1
54	57	L
54	58	-1
54	59	L
54	60	L
54	61	L
54	62	-1
54	63	L
54	64	Lp
54	65	Lp
54	66	L
54	67	L
54	68	L
54	69	L
54	70	L
54	71	L
54	72	L
54	73	L
54	74	U
54	75	Lc
54	76	Lc
54	77	L
54	78	Lc
54	79	L
54	80	Lc
54	81	Lcp
54	82	Lcp
54	83	Lcp
54	84	Lcp
54	85	Lcp
54	86	Lcp
54	87	Lcp
54	88	Lcp
54	89	Lp
54	90	Lcp
54	91	Lc
54	92	Lp
54	93	Lp
54	94	Lp
54	95	Uc
54	96	-1
54	97	Lcp
54	98	-1
54	99	Lc
54	100	Lc
54	101	-1
54	102	L
54	103	Lc
54	104	Lc
54	105	Lc
54	106	-1
54	107	Lcp
54	108	-1
54	109	Lc
54	110	Lc
54	111	Lcp
54	112	Lc
54	113	Lc
54	114	Lcp
54	115	Lc
54	116	Lcp
54	117	Lcp
54	118	Lc
54	119	L
55	0	L
55	1	L
55	2	Lcp
55	3	L
55	4	L
55	5	Lcp
55	6	Lc
55	7	Lc
55	8	Lcp
55	9	Lc
55	10	Lc
55	11	Lcp
55	12	Lc
55	13	Lc
55	14	Lc
55	15	-1
55	16	Uc
55	17	Lc
55	18	Lc
55	19	Lc
55	20	Lc
55	21	L
55	22	L
55	23	L
55	24	L
55	25	L
55	26	Lc
55	27	Lc
55	28	-1
55	29	Lc
55	30	Lcp
55	31	Lp
55	32	Lp
55	33	Lp
55	34	-1
55	35	Lp
55	36	Lp
55	37	Lp
55	38	Lp
55	39	Lp
55	40	L
55	41	L
55	42	Lp
55	43	Lp
55	44	Lp
55	45	Lp
55	46	-1
55	47	Lp
55	48	-1
55	49	Lp
55	50	L
55	51	L
55	52	L
55	53	L
55	54	-1
55	55	L
55	56	L
55	57	L
55	58	L
55	59	L
55	60	L
55	61	L
55	62	L
55	63	L
55	64	Lp
55	65	L
55	66	L
55	67	L
55	68	L
55	69	L
55	70	L
55	71	L
55	72	-1
55	73	L
55	74	L
55	75	L
55	76	L
55	77	-1
55	78	Lc
55	79	Lcp
55	80	Lcp
55	81	Lc
55	82	Lcp
55	83	Lcp
55	84	Lcp
55	85	-1
55	86	Lcp
55	87	Lcp
55	88	Lcp
55	89	Lcp
55	90	-1
55	91	Lc
55	92	Lp
55	93	Lp
55	94	Lp
55	95	Lcp
55	96	-1
55	97	Lc
55	98	-1
55	99	Lc
55	100	L
55	101	Lc
55	102	Lc
55	103	L
55	104	Lc
55	105	Lc
55	106	Lc
55	107	Lcp
55	108	Lc
55	109	Lc
55	110	Lc
55	111	Lc
55	112	Lc
55	113	Lc
55	114	Lc
55	115	Lcp
55	116	Lcp
55	117	Lc
55	118	Lc
55	119	Lc
56	0	Lcp
56	1	Lcp
56	2	Lcp
56	3	Lcp
56	4	L
56	5	Lcp
56	6	Lcp
56	7	Lcp
56	8	Lc
56	9	Lc
56	10	Lc
56	11	Lc
56	12	Lcp
56	13	Lc
56	14	Lc
56	15	Lcp
56	16	-1
56	17	Lc
56	18	Lc
56	19	Lc
56	20	L
56	21	Lp
56	22	L
56	23	-1
56	24	L
56	25	L
56	26	L
56	27	Lc
56	28	L
56	29	Lcp
56	30	Lcp
56	31	Lp
56	32	Lp
56	33	Lp
56	34	Lp
56	35	-1
56	36	Lp
56	37	Lp
56	38	-1
56	39	Lp
56	40	L
56	41	Lp
56	42	Lp
56	43	Lp
56	44	Lp
56	45	-1
56	46	Lp
56	47	Lp
56	48	-1
56	49	Lp
56	50	Lp
56	51	L
56	52	L
56	53	L
56	54	-1
56	55	L
56	56	L
56	57	L
56	58	L
56	59	L
56	60	L
56	61	L
56	62	L
56	63	L
56	64	Lp
56	65	L
56	66	-1
56	67	L
56	68	L
56	69	L
56	70	L
56	71	L
56	72	-1
56	73	-1
56	74	L
56	75	L
56	76	L
56	77	L
56	78	Lp
56	79	Lcp
56	80	Lcp
56	81	-1
56	82	-1
56	83	Lcp
56	84	Lcp
56	85	-1
56	86	-1
56	87	Lcp
56	88	Lcp
56	89	Lcp
56	90	Lcp
56	91	Lc
56	92	Lp
56	93	-1
56	94	Lcp
56	95	-1
56	96	-1
56	97	Lc
56	98	Lc
56	99	Lc
56	100	L
56	101	L
56	102	Lc
56	103	Lc
56	104	Lc
56	105	Lc
56	106	Lc
56	107	-1
56	108	Lcp
56	109	-1
56	110	-1
56	111	Lc
56	112	Lc
56	113	-1
56	114	-1
56	115	Lc
56	116	Lc
56	117	-1
56	118	-1
56	119	Lc
57	0	Lc
57	1	Lcp
57	2	Lcp
57	3	Lcp
57	4	Lc
57	5	L
57	6	Lcp
57	7	Lcp
57	8	-1
57	9	Lc
57	10	Lc
57	11	Lc
57	12	Lcp
57	13	-1
57	14	-1
57	15	L
57	16	Lc
57	17	Lc
57	18	Lc
57	19	-1
57	20	Lc
57	21	L
57	22	L
57	23	L
57	24	L
57	25	L
57	26	L
57	27	L
57	28	L
57	29	Lp
57	30	Lcp
57	31	L
57	32	Lp
57	33	Lp
57	34	Lp
57	35	Lp
57	36	U
57	37	U
57	38	Lp
57	39	Lp
57	40	Lp
57	41	Lp
57	42	-1
57	43	Lp
57	44	Lp
57	45	U
57	46	L
57	47	Lp
57	48	Lp
57	49	Lp
57	50	L
57	51	Lp
57	52	L
57	53	-1
57	54	L
57	55	L
57	56	L
57	57	L
57	58	L
57	59	U
57	60	Lcp
57	61	L
57	62	L
57	63	-1
57	64	L
57	65	L
57	66	L
57	67	L
57	68	L
57	69	-1
57	70	L
57	71	-1
57	72	-1
57	73	L
57	74	L
57	75	L
57	76	Lp
57	77	L
57	78	L
57	79	Lcp
57	80	Lcp
57	81	Lcp
57	82	Lcp
57	83	Lcp
57	84	Lcp
57	85	-1
57	86	Lcp
57	87	Lp
57	88	Lp
57	89	-1
57	90	Lcp
57	91	Lcp
57	92	-1
57	93	Lp
57	94	Lcp
57	95	Lcp
57	96	-1
57	97	Lc
57	98	-1
57	99	L
57	100	L
57	101	L
57	102	L
57	103	-1
57	104	Lc
57	105	Lcp
57	106	-1
57	107	Lc
57	108	Lcp
57	109	Lc
57	110	Lc
57	111	Lc
57	112	Lc
57	113	Lc
57	114	Lc
57	115	Lc
57	116	Lc
57	117	Lc
57	118	Lc
57	119	Lc
58	0	Lc
58	1	Lcp
58	2	Lcp
58	3	-1
58	4	Lc
58	5	Lcp
58	6	Lcp
58	7	Lcp
58	8	-1
58	9	Lcp
58	10	Lc
58	11	-1
58	12	-1
58	13	-1
58	14	L
58	15	Lc
58	16	Lc
58	17	Lc
58	18	-1
58	19	Lc
58	20	-1
58	21	L
58	22	Lp
58	23	Lp
58	24	-1
58	25	L
58	26	L
58	27	L
58	28	L
58	29	L
58	30	Lp
58	31	L
58	32	L
58	33	-1
58	34	Lp
58	35	Lp
58	36	U
58	37	U
58	38	U
58	39	Lp
58	40	Lp
58	41	-1
58	42	L
58	43	-1
58	44	Lp
58	45	U
58	46	U
58	47	L
58	48	Lp
58	49	Lp
58	50	-1
58	51	L
58	52	L
58	53	L
58	54	L
58	55	Lcp
58	56	L
58	57	L
58	58	L
58	59	-1
58	60	L
58	61	L
58	62	L
58	63	L
58	64	L
58	65	L
58	66	L
58	67	L
58	68	L
58	69	L
58	70	Lp
58	71	Lp
58	72	Lp
58	73	Lp
58	74	L
58	75	L
58	76	L
58	77	L
58	78	L
58	79	Lcp
58	80	Lcp
58	81	Lcp
58	82	-1
58	83	Lcp
58	84	-1
58	85	Lp
58	86	Lp
58	87	Lp
58	88	Lp
58	89	Lcp
58	90	Lcp
58	91	Lcp
58	92	-1
58	93	Lp
58	94	Lcp
58	95	Lp
58	96	Lp
58	97	Lc
58	98	-1
58	99	-1
58	100	Lc
58	101	L
58	102	-1
58	103	Lc
58	104	Lc
58	105	Lcp
58	106	Lcp
58	107	Lcp
58	108	Lc
58	109	-1
58	110	Lc
58	111	Uc
58	112	Lc
58	113	Lc
58	114	Lc
58	115	Lc
58	116	Lc
58	117	Lc
58	118	Lc
58	119	Lc
59	0	Lc
59	1	Lc
59	2	Lc
59	3	Lc
59	4	Lc
59	5	Lcp
59	6	Lcp
59	7	Lcp
59	8	Lcp
59	9	Lcp
59	10	Lcp
59	11	Uc
59	12	Lc
59	13	L
59	14	Lc
59	15	Lc
59	16	L
59	17	L
59	18	Lc
59	19	-1
59	20	Lc
59	21	Lp
59	22	Lp
59	23	Lp
59	24	L
59	25	L
59	26	L
59	27	L
59	28	-1
59	29	L
59	30	-1
59	31	-1
59	32	L
59	33	L
59	34	Lp
59	35	Lp
59	36	Lp
59	37	L
59	38	U
59	39	Lp
59	40	Lp
59	41	-1
59	42	-1
59	43	L
59	44	L
59	45	U
59	46	U
59	47	Lp
59	48	Lp
59	49	Lp
59	50	U
59	51	L
59	52	L
59	53	L
59	54	L
59	55	Lcp
59	56	Lcp
59	57	Lp
59	58	Lp
59	59	Lcp
59	60	-1
59	61	L
59	62	L
59	63	L
59	64	L
59	65	L
59	66	Lp
59	67	L
59	68	Lp
59	69	L
59	70	Lp
59	71	Lp
59	72	Lp
59	73	Lp
59	74	L
59	75	L
59	76	L
59	77	L
59	78	Lcp
59	79	Lcp
59	80	Lcp
59	81	Uc
59	82	Lcp
59	83	Lcp
59	84	Lcp
59	85	Uc
59	86	Lp
59	87	-1
59	88	Lcp
59	89	-1
59	90	Lcp
59	91	Lcp
59	92	Lcp
59	93	Lcp
59	94	Lcp
59	95	Lp
59	96	Lc
59	97	Lc
59	98	Lc
59	99	Lc
59	100	Lc
59	101	Lcp
59	102	Lc
59	103	-1
59	104	Lcp
59	105	Lc
59	106	Lcp
59	107	Lc
59	108	Lc
59	109	Lc
59	110	Lc
59	111	Uc
59	112	-1
59	113	Lc
59	114	Lc
59	115	Lc
59	116	Lcp
59	117	Lc
59	118	Lc
59	119	Lc
60	0	Lc
60	1	Lc
60	2	Lc
60	3	Uc
60	4	Uc
60	5	Lcp
60	6	Lcp
60	7	Lc
60	8	-1
60	9	-1
60	10	-1
60	11	Lcp
60	12	L
60	13	Lc
60	14	Lc
60	15	L
60	16	L
60	17	L
60	18	-1
60	19	L
60	20	Lc
60	21	L
60	22	Lp
60	23	Lp
60	24	L
60	25	L
60	26	Lc
60	27	Lc
60	28	L
60	29	-1
60	30	L
60	31	L
60	32	Lc
60	33	L
60	34	L
60	35	Lp
60	36	-1
60	37	-1
60	38	L
60	39	L
60	40	Lp
60	41	Lp
60	42	L
60	43	-1
60	44	L
60	45	U
60	46	Lp
60	47	U
60	48	Lp
60	49	U
60	50	L
60	51	-1
60	52	-1
60	53	-1
60	54	-1
60	55	L
60	56	Lp
60	57	Lp
60	58	L
60	59	L
60	60	Lcp
60	61	L
60	62	-1
60	63	L
60	64	Lp
60	65	Lp
60	66	Lp
60	67	Lp
60	68	L
60	69	L
60	70	Lp
60	71	Lp
60	72	Lp
60	73	-1
60	74	-1
60	75	L
60	76	Lcp
60	77	Lcp
60	78	Lcp
60	79	Lcp
60	80	Lcp
60	81	Lp
60	82	Lcp
60	83	Lp
60	84	Uc
60	85	Lcp
60	86	Lcp
60	87	Uc
60	88	Lcp
60	89	-1
60	90	Lcp
60	91	Lcp
60	92	Lcp
60	93	Lc
60	94	Lcp
60	95	-1
60	96	-1
60	97	Lc
60	98	Lp
60	99	Lp
60	100	L
60	101	Lc
60	102	Lcp
60	103	Lc
60	104	-1
60	105	U
60	106	Lc
60	107	Lcp
60	108	Lc
60	109	Lp
60	110	Lc
60	111	Lc
60	112	Uc
60	113	-1
60	114	Lcp
60	115	-1
60	116	Lc
60	117	Lc
60	118	Lc
60	119	-1
61	0	Lcp
61	1	-1
61	2	Lcp
61	3	Lcp
61	4	Uc
61	5	Lcp
61	6	Uc
61	7	-1
61	8	Lcp
61	9	Uc
61	10	Uc
61	11	Lcp
61	12	L
61	13	Lc
61	14	L
61	15	L
61	16	L
61	17	Lp
61	18	L
61	19	-1
61	20	L
61	21	Lp
61	22	Lp
61	23	Lp
61	24	L
61	25	L
61	26	L
61	27	Lc
61	28	Lc
61	29	-1
61	30	Lc
61	31	Lc
61	32	L
61	33	L
61	34	L
61	35	L
61	36	Lp
61	37	Lp
61	38	-1
61	39	Lp
61	40	Lp
61	41	Lp
61	42	-1
61	43	-1
61	44	-1
61	45	Lp
61	46	Lp
61	47	-1
61	48	Lp
61	49	Lp
61	50	-1
61	51	Lp
61	52	Lp
61	53	-1
61	54	L
61	55	L
61	56	Lcp
61	57	Lp
61	58	L
61	59	-1
61	60	L
61	61	L
61	62	L
61	63	L
61	64	Lp
61	65	Lp
61	66	-1
61	67	L
61	68	L
61	69	L
61	70	L
61	71	L
61	72	Lp
61	73	Lp
61	74	-1
61	75	Lcp
61	76	Lcp
61	77	-1
61	78	Lcp
61	79	Lp
61	80	Lcp
61	81	Lcp
61	82	-1
61	83	Lc
61	84	Lcp
61	85	Uc
61	86	Uc
61	87	Lcp
61	88	Lcp
61	89	Lcp
61	90	Lcp
61	91	Lcp
61	92	Lcp
61	93	Lp
61	94	-1
61	95	Lp
61	96	Lc
61	97	-1
61	98	Lp
61	99	L
61	100	-1
61	101	Lc
61	102	Lc
61	103	Lc
61	104	-1
61	105	Lcp
61	106	U
61	107	Lcp
61	108	-1
61	109	Lp
61	110	Lp
61	111	Lp
61	112	Lp
61	113	-1
61	114	Lcp
61	115	Lcp
61	116	Lc
61	117	Lcp
61	118	Lc
61	119	-1
62	0	Lcp
62	1	Lcp
62	2	-1
62	3	Lcp
62	4	Lcp
62	5	-1
62	6	Lp
62	7	Lc
62	8	Uc
62	9	Uc
62	10	Lcp
62	11	Lcp
62	12	-1
62	13	L
62	14	L
62	15	Lp
62	16	Lp
62	17	Lc
62	18	L
62	19	L
62	20	Lp
62	21	L
62	22	Lp
62	23	Lp
62	24	L
62	25	Lc
62	26	L
62	27	Lc
62	28	Lc
62	29	-1
62	30	-1
62	31	Lc
62	32	Lc
62	33	L
62	34	-1
62	35	L
62	36	L
62	37	L
62	38	L
62	39	Lp
62	40	Lp
62	41	L
62	42	-1
62	43	-1
62	44	Lp
62	45	Lp
62	46	Lp
62	47	Lp
62	48	Lp
62	49	Lp
62	50	Lp
62	51	Lp
62	52	L
62	53	L
62	54	L
62	55	L
62	56	-1
62	57	L
62	58	-1
62	59	L
62	60	L
62	61	L
62	62	L
62	63	L
62	64	Lp
62	65	-1
62	66	-1
62	67	Lp
62	68	L
62	69	L
62	70	L
62	71	Lp
62	72	Lp
62	73	U
62	74	Lp
62	75	Lp
62	76	Lp
62	77	Lcp
62	78	Lp
62	79	Lcp
62	80	Lcp
62	81	Lcp
62	82	Lp
62	83	Lc
62	84	Lp
62	85	Lcp
62	86	-1
62	87	Lcp
62	88	-1
62	89	Lcp
62	90	Lcp
62	91	Lcp
62	92	Lcp
62	93	Lp
62	94	Lp
62	95	Lc
62	96	Lc
62	97	Lp
62	98	-1
62	99	Lc
62	100	Lc
62	101	Lc
62	102	Lp
62	103	Lc
62	104	Lc
62	105	Lcp
62	106	Lp
62	107	Lp
62	108	-1
62	109	-1
62	110	Lcp
62	111	Uc
62	112	Uc
62	113	-1
62	114	Lcp
62	115	Lcp
62	116	-1
62	117	Lc
62	118	-1
62	119	Lcp
63	0	Lcp
63	1	Lcp
63	2	Lcp
63	3	Lcp
63	4	Lcp
63	5	Lcp
63	6	-1
63	7	Lp
63	8	Lp
63	9	U
63	10	Lcp
63	11	U
63	12	Lp
63	13	L
63	14	Lp
63	15	Lp
63	16	Lp
63	17	Lp
63	18	Lc
63	19	-1
63	20	Lp
63	21	Lp
63	22	Lc
63	23	-1
63	24	Lc
63	25	Lc
63	26	Lc
63	27	L
63	28	Lc
63	29	Lc
63	30	-1
63	31	Lc
63	32	Lc
63	33	-1
63	34	-1
63	35	L
63	36	L
63	37	L
63	38	L
63	39	L
63	40	Lp
63	41	Lp
63	42	Lp
63	43	L
63	44	L
63	45	-1
63	46	-1
63	47	Lp
63	48	Lp
63	49	-1
63	50	Lp
63	51	Lp
63	52	L
63	53	L
63	54	L
63	55	L
63	56	L
63	57	L
63	58	L
63	59	L
63	60	L
63	61	L
63	62	-1
63	63	Lp
63	64	Lp
63	65	L
63	66	L
63	67	Lp
63	68	-1
63	69	L
63	70	-1
63	71	Lp
63	72	U
63	73	U
63	74	-1
63	75	Lp
63	76	Lp
63	77	Lp
63	78	Lp
63	79	-1
63	80	Lcp
63	81	Lcp
63	82	Lp
63	83	Lp
63	84	Lcp
63	85	Lcp
63	86	Lcp
63	87	Lcp
63	88	Lp
63	89	Lp
63	90	Lp
63	91	Lcp
63	92	Lcp
63	93	Lcp
63	94	Lp
63	95	-1
63	96	Lp
63	97	Lc
63	98	Lc
63	99	Lc
63	100	-1
63	101	Lc
63	102	-1
63	103	Lc
63	104	Lp
63	105	-1
63	106	Lc
63	107	Lp
63	108	Lc
63	109	Uc
63	110	Lcp
63	111	Lc
63	112	Uc
63	113	Lc
63	114	Lcp
63	115	-1
63	116	Lcp
63	117	Lc
63	118	Lcp
63	119	-1
64	0	Lcp
64	1	Lcp
64	2	Lcp
64	3	Lcp
64	4	Lcp
64	5	Lp
64	6	Lp
64	7	-1
64	8	-1
64	9	U
64	10	U
64	11	Lp
64	12	Lp
64	13	-1
64	14	L
64	15	-1
64	16	Lp
64	17	Lc
64	18	Lp
64	19	Lp
64	20	Lp
64	21	-1
64	22	Lc
64	23	Lc
64	24	Lc
64	25	Lc
64	26	-1
64	27	-1
64	28	Lc
64	29	Lc
64	30	Lc
64	31	Lc
64	32	Lc
64	33	L
64	34	L
64	35	-1
64	36	L
64	37	L
64	38	Lp
64	39	Lp
64	40	Lp
64	41	-1
64	42	L
64	43	U
64	44	-1
64	45	-1
64	46	-1
64	47	Lp
64	48	Lp
64	49	-1
64	50	Lp
64	51	L
64	52	L
64	53	L
64	54	L
64	55	L
64	56	Lp
64	57	Lp
64	58	Lp
64	59	L
64	60	Lp
64	61	L
64	62	L
64	63	Lp
64	64	L
64	65	Lp
64	66	-1
64	67	Lp
64	68	Lp
64	69	Lp
64	70	L
64	71	L
64	72	-1
64	73	-1
64	74	Lp
64	75	Lp
64	76	Lp
64	77	Lp
64	78	Lc
64	79	-1
64	80	Lc
64	81	L
64	82	Lp
64	83	Lp
64	84	Lp
64	85	Lp
64	86	Lcp
64	87	Lp
64	88	-1
64	89	Lp
64	90	Lcp
64	91	-1
64	92	Lcp
64	93	Lcp
64	94	Lcp
64	95	Lc
64	96	U
64	97	Lc
64	98	Lc
64	99	Lc
64	100	Lc
64	101	Lc
64	102	L
64	103	L
64	104	Lc
64	105	Lp
64	106	Lp
64	107	Lp
64	108	Lp
64	109	Lcp
64	110	Lc
64	111	Lc
64	112	Lc
64	113	-1
64	114	Lcp
64	115	Lcp
64	116	Lc
64	117	Lcp
64	118	-1
64	119	Lcp
65	0	Lcp
65	1	Lcp
65	2	Lcp
65	3	Lcp
65	4	Lcp
65	5	-1
65	6	Lp
65	7	Lcp
65	8	Lcp
65	9	Lcp
65	10	U
65	11	Lc
65	12	Lc
65	13	Lp
65	14	Lp
65	15	Lc
65	16	Lc
65	17	L
65	18	Lc
65	19	Lp
65	20	L
65	21	-1
65	22	Lc
65	23	Lp
65	24	Lc
65	25	Lp
65	26	Lp
65	27	Lc
65	28	Lc
65	29	Lc
65	30	Lc
65	31	-1
65	32	Lp
65	33	-1
65	34	-1
65	35	L
65	36	L
65	37	-1
65	38	L
65	39	-1
65	40	-1
65	41	Lp
65	42	Lp
65	43	Lp
65	44	Lp
65	45	Lp
65	46	Lp
65	47	-1
65	48	Lp
65	49	L
65	50	Lp
65	51	L
65	52	L
65	53	L
65	54	L
65	55	Lp
65	56	-1
65	57	Lp
65	58	L
65	59	Lp
65	60	-1
65	61	-1
65	62	L
65	63	L
65	64	L
65	65	Lp
65	66	-1
65	67	Lp
65	68	Lp
65	69	Lp
65	70	Lp
65	71	-1
65	72	Lp
65	73	-1
65	74	Lp
65	75	Lp
65	76	L
65	77	-1
65	78	Lp
65	79	-1
65	80	L
65	81	Lp
65	82	Lp
65	83	Lp
65	84	Lp
65	85	Lp
65	86	Lp
65	87	Lp
65	88	Lp
65	89	U
65	90	Lp
65	91	Lcp
65	92	Lp
65	93	-1
65	94	Lc
65	95	Lc
65	96	-1
65	97	Lc
65	98	Lc
65	99	Lc
65	100	Lcp
65	101	Lc
65	102	L
65	103	Lc
65	104	-1
65	105	-1
65	106	Lp
65	107	Lp
65	108	Lp
65	109	Lcp
65	110	Lc
65	111	-1
65	112	-1
65	113	Lc
65	114	Uc
65	115	Lcp
65	116	Lc
65	117	Lcp
65	118	Lcp
65	119	-1
66	0	L
66	1	Lcp
66	2	Lcp
66	3	Lcp
66	4	Lp
66	5	Lp
66	6	-1
66	7	-1
66	8	-1
66	9	-1
66	10	Lcp
66	11	U
66	12	Lc
66	13	-1
66	14	Lp
66	15	Lc
66	16	Lc
66	17	Lc
66	18	L
66	19	Lp
66	20	Lc
66	21	Lc
66	22	L
66	23	Lc
66	24	Lp
66	25	Lc
66	26	Lp
66	27	Lc
66	28	Lc
66	29	Lc
66	30	Uc
66	31	Lp
66	32	-1
66	33	-1
66	34	L
66	35	U
66	36	U
66	37	-1
66	38	Lp
66	39	Lp
66	40	Lp
66	41	-1
66	42	L
66	43	L
66	44	Lp
66	45	Lp
66	46	L
66	47	L
66	48	L
66	49	L
66	50	Lp
66	51	Lp
66	52	Lp
66	53	L
66	54	Lcp
66	55	Lp
66	56	-1
66	57	Lp
66	58	Lp
66	59	L
66	60	-1
66	61	-1
66	62	L
66	63	L
66	64	Lp
66	65	Lp
66	66	Lp
66	67	Lp
66	68	U
66	69	Lp
66	70	Lp
66	71	Lp
66	72	Lp
66	73	Lp
66	74	Lp
66	75	L
66	76	Lp
66	77	Lp
66	78	L
66	79	-1
66	80	L
66	81	Lp
66	82	Lp
66	83	Lp
66	84	Lp
66	85	Lp
66	86	-1
66	87	L
66	88	L
66	89	Lp
66	90	-1
66	91	Lp
66	92	Lp
66	93	Lp
66	94	L
66	95	Lp
66	96	Lp
66	97	Lc
66	98	Uc
66	99	Uc
66	100	Uc
66	101	L
66	102	Lc
66	103	L
66	104	Lp
66	105	Lp
66	106	Lp
66	107	Lcp
66	108	Lcp
66	109	Lcp
66	110	Lc
66	111	Lc
66	112	Lc
66	113	Lc
66	114	Lc
66	115	Lcp
66	116	Lcp
66	117	Lcp
66	118	L
66	119	Lcp
67	0	-1
67	1	-1
67	2	Lcp
67	3	Lcp
67	4	Lp
67	5	Lp
67	6	Lp
67	7	-1
67	8	-1
67	9	Lcp
67	10	Lcp
67	11	Lcp
67	12	Lcp
67	13	Lp
67	14	Lp
67	15	Lc
67	16	-1
67	17	Lc
67	18	-1
67	19	-1
67	20	Lp
67	21	Lc
67	22	L
67	23	Lp
67	24	L
67	25	L
67	26	L
67	27	L
67	28	Lc
67	29	Uc
67	30	Lc
67	31	Lc
67	32	-1
67	33	Lc
67	34	-1
67	35	U
67	36	-1
67	37	U
67	38	U
67	39	Lp
67	40	Lp
67	41	Lp
67	42	Lp
67	43	Lp
67	44	L
67	45	Lp
67	46	L
67	47	L
67	48	L
67	49	Lp
67	50	L
67	51	L
67	52	L
67	53	Lp
67	54	-1
67	55	Lp
67	56	Lp
67	57	-1
67	58	Lcp
67	59	L
67	60	L
67	61	-1
67	62	Lp
67	63	L
67	64	Lp
67	65	Lp
67	66	Lp
67	67	U
67	68	Lp
67	69	Lp
67	70	-1
67	71	-1
67	72	Lp
67	73	Lp
67	74	Lp
67	75	Lp
67	76	Lp
67	77	Lp
67	78	-1
67	79	L
67	80	L
67	81	L
67	82	Lp
67	83	L
67	84	Lp
67	85	Lp
67	86	Lp
67	87	Lp
67	88	Lp
67	89	-1
67	90	Lp
67	91	Lp
67	92	Lp
67	93	L
67	94	Lp
67	95	Lc
67	96	Lp
67	97	Lp
67	98	Lc
67	99	L
67	100	-1
67	101	Uc
67	102	Lc
67	103	Lc
67	104	Lc
67	105	Lp
67	106	Lp
67	107	Lp
67	108	Lp
67	109	Lp
67	110	Lc
67	111	Lc
67	112	Lc
67	113	Lcp
67	114	Lcp
67	115	Lcp
67	116	Uc
67	117	Lc
67	118	Lcp
67	119	Lcp
68	0	L
68	1	L
68	2	L
68	3	-1
68	4	Lp
68	5	Lp
68	6	Lcp
68	7	Lp
68	8	Lp
68	9	Lp
68	10	-1
68	11	Lp
68	12	Lcp
68	13	-1
68	14	-1
68	15	Lp
68	16	Lc
68	17	Lp
68	18	Lp
68	19	-1
68	20	U
68	21	L
68	22	Lp
68	23	Lp
68	24	Lp
68	25	Lp
68	26	L
68	27	-1
68	28	Lp
68	29	Lc
68	30	Lc
68	31	-1
68	32	Lc
68	33	Lc
68	34	Lp
68	35	U
68	36	U
68	37	Lp
68	38	Lp
68	39	Lp
68	40	Lp
68	41	Lp
68	42	Lp
68	43	L
68	44	L
68	45	Lp
68	46	L
68	47	U
68	48	L
68	49	L
68	50	L
68	51	L
68	52	L
68	53	L
68	54	Lp
68	55	Lcp
68	56	Lp
68	57	Lcp
68	58	Lcp
68	59	L
68	60	-1
68	61	-1
68	62	-1
68	63	-1
68	64	Lp
68	65	Lp
68	66	U
68	67	Lp
68	68	-1
68	69	-1
68	70	Lp
68	71	Lp
68	72	Lp
68	73	Lp
68	74	-1
68	75	Lp
68	76	Lp
68	77	-1
68	78	Lp
68	79	L
68	80	-1
68	81	L
68	82	L
68	83	L
68	84	L
68	85	Lp
68	86	Lp
68	87	-1
68	88	Lp
68	89	Lp
68	90	Lp
68	91	Lp
68	92	Lp
68	93	Lp
68	94	Lp
68	95	Lp
68	96	Lp
68	97	Lp
68	98	Lp
68	99	-1
68	100	L
68	101	Lcp
68	102	Lc
68	103	Lcp
68	104	Lcp
68	105	-1
68	106	Lp
68	107	Lcp
68	108	Lp
68	109	Lcp
68	110	Lc
68	111	Lc
68	112	Lc
68	113	Lcp
68	114	Lc
68	115	-1
68	116	Uc
68	117	-1
68	118	Lcp
68	119	Lcp
69	0	Lcp
69	1	L
69	2	L
69	3	Lcp
69	4	-1
69	5	Lp
69	6	-1
69	7	Lp
69	8	Lp
69	9	Lp
69	10	Lp
69	11	Lp
69	12	L
69	13	Lcp
69	14	-1
69	15	Lc
69	16	Lp
69	17	Lp
69	18	-1
69	19	U
69	20	L
69	21	Lp
69	22	L
69	23	Lp
69	24	Lp
69	25	L
69	26	L
69	27	Lp
69	28	Lp
69	29	Lp
69	30	Lp
69	31	Lc
69	32	Lc
69	33	Lc
69	34	Lp
69	35	U
69	36	U
69	37	Lp
69	38	Lp
69	39	Lp
69	40	-1
69	41	Lp
69	42	Lp
69	43	Lp
69	44	Lp
69	45	-1
69	46	Lp
69	47	Lp
69	48	L
69	49	L
69	50	L
69	51	L
69	52	L
69	53	Lp
69	54	Lp
69	55	L
69	56	Lp
69	57	L
69	58	L
69	59	L
69	60	L
69	61	Lp
69	62	-1
69	63	L
69	64	-1
69	65	Lp
69	66	Lp
69	67	-1
69	68	Lp
69	69	Lp
69	70	Lp
69	71	Lp
69	72	Lp
69	73	-1
69	74	Lp
69	75	Lp
69	76	Lp
69	77	-1
69	78	L
69	79	L
69	80	Lp
69	81	Lp
69	82	Lp
69	83	Lp
69	84	-1
69	85	Lp
69	86	Lp
69	87	Lp
69	88	Lp
69	89	Lp
69	90	Lp
69	91	Lp
69	92	Lp
69	93	Lp
69	94	Lp
69	95	Lp
69	96	Lp
69	97	Lp
69	98	Lc
69	99	-1
69	100	L
69	101	-1
69	102	-1
69	103	Lcp
69	104	Lcp
69	105	Lcp
69	106	-1
69	107	Lcp
69	108	Lcp
69	109	Lp
69	110	Lc
69	111	Lc
69	112	-1
69	113	Lc
69	114	Lc
69	115	Lc
69	116	Lc
69	117	Lc
69	118	-1
69	119	L
70	0	Lcp
70	1	Lcp
70	2	L
70	3	Lp
70	4	Lp
70	5	Lp
70	6	-1
70	7	Lp
70	8	Lp
70	9	L
70	10	Lcp
70	11	Lcp
70	12	L
70	13	Lc
70	14	Lc
70	15	Lc
70	16	Lc
70	17	Lc
70	18	-1
70	19	Lp
70	20	Lp
70	21	L
70	22	-1
70	23	Lp
70	24	L
70	25	L
70	26	Lp
70	27	Lp
70	28	Lp
70	29	Lp
70	30	-1
70	31	Lc
70	32	Lc
70	33	Lp
70	34	Lc
70	35	-1
70	36	Lp
70	37	Lp
70	38	Lp
70	39	Lp
70	40	Lp
70	41	Lp
70	42	Lp
70	43	Lp
70	44	Lp
70	45	Lp
70	46	Lp
70	47	Lp
70	48	Lp
70	49	-1
70	50	L
70	51	L
70	52	Lp
70	53	Lp
70	54	L
70	55	-1
70	56	L
70	57	L
70	58	L
70	59	L
70	60	L
70	61	L
70	62	Lp
70	63	L
70	64	Lp
70	65	Lp
70	66	Lp
70	67	Lp
70	68	Lp
70	69	Lp
70	70	Lp
70	71	Lp
70	72	Lp
70	73	Lp
70	74	Lp
70	75	Lp
70	76	-1
70	77	L
70	78	Lp
70	79	L
70	80	Lp
70	81	Lp
70	82	-1
70	83	Lp
70	84	Lp
70	85	Lp
70	86	Lp
70	87	Lp
70	88	Lp
70	89	Lp
70	90	Lp
70	91	Lp
70	92	Lp
70	93	-1
70	94	-1
70	95	Lp
70	96	Lp
70	97	Lp
70	98	-1
70	99	Lp
70	100	Lcp
70	101	Lcp
70	102	Lcp
70	103	Lcp
70	104	Lc
70	105	Lcp
70	106	-1
70	107	Lcp
70	108	Lcp
70	109	Lcp
70	110	-1
70	111	Lc
70	112	Lc
70	113	Lc
70	114	Lc
70	115	Lc
70	116	Lc
70	117	Lcp
70	118	Lcp
70	119	Lcp
71	0	-1
71	1	Lcp
71	2	Lcp
71	3	L
71	4	Lcp
71	5	-1
71	6	L
71	7	L
71	8	Lp
71	9	L
71	10	L
71	11	Lp
71	12	Lp
71	13	L
71	14	Lc
71	15	Lc
71	16	-1
71	17	Lp
71	18	Lp
71	19	Lp
71	20	Lp
71	21	Lp
71	22	U
71	23	L
71	24	Lp
71	25	Lp
71	26	Lp
71	27	Lp
71	28	Lp
71	29	Lp
71	30	Lp
71	31	Lp
71	32	Lp
71	33	Lc
71	34	-1
71	35	Lc
71	36	Lp
71	37	Lp
71	38	Lp
71	39	Lp
71	40	Lp
71	41	Lp
71	42	Lp
71	43	Lp
71	44	Lp
71	45	Lp
71	46	Lp
71	47	Lp
71	48	Lp
71	49	L
71	50	-1
71	51	L
71	52	Lp
71	53	L
71	54	L
71	55	L
71	56	-1
71	57	L
71	58	Lp
71	59	Lp
71	60	-1
71	61	L
71	62	-1
71	63	-1
71	64	Lp
71	65	Lp
71	66	Lp
71	67	Lp
71	68	Lp
71	69	Lp
71	70	Lp
71	71	Lp
71	72	Lp
71	73	Lp
71	74	-1
71	75	Lp
71	76	Lp
71	77	Lp
71	78	Lp
71	79	-1
71	80	-1
71	81	Lp
71	82	Lp
71	83	Lp
71	84	Lp
71	85	Lp
71	86	Lp
71	87	Lp
71	88	Lp
71	89	Lp
71	90	Lp
71	91	Lp
71	92	-1
71	93	Lp
71	94	-1
71	95	Lp
71	96	Lp
71	97	Lp
71	98	Lp
71	99	Lcp
71	100	Lcp
71	101	L
71	102	L
71	103	Lcp
71	104	Lc
71	105	-1
71	106	Lcp
71	107	-1
71	108	Lcp
71	109	Lc
71	110	-1
71	111	Lc
71	112	Lc
71	113	Lc
71	114	Lc
71	115	Lc
71	116	Lc
71	117	-1
71	118	Lc
71	119	Lcp
72	0	Lcp
72	1	Lcp
72	2	Lc
72	3	Lcp
72	4	L
72	5	L
72	6	Lcp
72	7	L
72	8	L
72	9	L
72	10	L
72	11	L
72	12	Lp
72	13	-1
72	14	Lp
72	15	Lp
72	16	Lp
72	17	-1
72	18	Lp
72	19	L
72	20	Lp
72	21	L
72	22	Lp
72	23	Lp
72	24	-1
72	25	Lp
72	26	Lp
72	27	Lp
72	28	Lp
72	29	Lp
72	30	Lp
72	31	-1
72	32	Lp
72	33	Lp
72	34	Lp
72	35	Lp
72	36	Lp
72	37	Lp
72	38	Lp
72	39	Lp
72	40	Lp
72	41	-1
72	42	-1
72	43	-1
72	44	Lp
72	45	Lp
72	46	Lp
72	47	Lp
72	48	L
72	49	-1
72	50	Lp
72	51	Lp
72	52	L
72	53	L
72	54	L
72	55	L
72	56	L
72	57	-1
72	58	-1
72	59	Lp
72	60	Lp
72	61	Lp
72	62	Lp
72	63	Lp
72	64	Lp
72	65	-1
72	66	U
72	67	Lp
72	68	-1
72	69	-1
72	70	Lp
72	71	Lp
72	72	Lp
72	73	-1
72	74	-1
72	75	Lp
72	76	Lp
72	77	-1
72	78	Lp
72	79	Lp
72	80	-1
72	81	Lp
72	82	Lp
72	83	Lp
72	84	Lp
72	85	Lp
72	86	Lp
72	87	Lp
72	88	-1
72	89	Lp
72	90	Lp
72	91	Lp
72	92	Lc
72	93	Lc
72	94	Lp
72	95	-1
72	96	Lp
72	97	Lp
72	98	Lp
72	99	Lc
72	100	L
72	101	Lcp
72	102	Lc
72	103	Lc
72	104	Lcp
72	105	Lcp
72	106	Lcp
72	107	Lcp
72	108	Lc
72	109	Lc
72	110	Lc
72	111	Lc
72	112	Lc
72	113	Lc
72	114	Lc
72	115	Lcp
72	116	Lcp
72	117	Lcp
72	118	Lcp
72	119	Lcp
73	0	-1
73	1	Lc
73	2	Lc
73	3	L
73	4	L
73	5	-1
73	6	L
73	7	L
73	8	L
73	9	L
73	10	L
73	11	L
73	12	L
73	13	-1
73	14	Lp
73	15	U
73	16	Lp
73	17	Lp
73	18	Lp
73	19	Lp
73	20	L
73	21	Lp
73	22	-1
73	23	Lp
73	24	Lp
73	25	Lp
73	26	Lp
73	27	Lp
73	28	Lp
73	29	Lp
73	30	Lp
73	31	-1
73	32	Lp
73	33	Lp
73	34	Lp
73	35	-1
73	36	Lp
73	37	L
73	38	Lp
73	39	Lp
73	40	Lp
73	41	Lp
73	42	Lp
73	43	Lp
73	44	Lp
73	45	Lp
73	46	Lp
73	47	-1
73	48	Lp
73	49	L
73	50	Lp
73	51	L
73	52	L
73	53	L
73	54	L
73	55	L
73	56	L
73	57	Lcp
73	58	Lcp
73	59	-1
73	60	Lp
73	61	Lp
73	62	Lp
73	63	Lp
73	64	U
73	65	-1
73	66	-1
73	67	Lc
73	68	Lp
73	69	Lp
73	70	Lp
73	71	Lp
73	72	Lp
73	73	Lp
73	74	U
73	75	U
73	76	U
73	77	-1
73	78	-1
73	79	Lp
73	80	Lp
73	81	-1
73	82	Lp
73	83	Lp
73	84	Lp
73	85	Lp
73	86	Lp
73	87	Lp
73	88	Lp
73	89	Lp
73	90	Lp
73	91	Lc
73	92	Lc
73	93	Lp
73	94	Lp
73	95	Lp
73	96	Lcp
73	97	Lp
73	98	Lcp
73	99	Lp
73	100	Lc
73	101	Lc
73	102	-1
73	103	Lc
73	104	Lcp
73	105	Lcp
73	106	Lc
73	107	Lcp
73	108	Lc
73	109	-1
73	110	Lc
73	111	Lc
73	112	Lc
73	113	-1
73	114	Lc
73	115	Lc
73	116	Lc
73	117	Lc
73	118	Lc
73	119	Lcp
74	0	Lc
74	1	L
74	2	Lc
74	3	Lc
74	4	Lc
74	5	L
74	6	-1
74	7	-1
74	8	L
74	9	L
74	10	L
74	11	U
74	12	L
74	13	U
74	14	L
74	15	-1
74	16	-1
74	17	Lp
74	18	Lp
74	19	Lp
74	20	Lp
74	21	Lp
74	22	Lp
74	23	-1
74	24	-1
74	25	-1
74	26	Lp
74	27	Lp
74	28	Lp
74	29	Lp
74	30	Lp
74	31	Lp
74	32	Lp
74	33	-1
74	34	Lp
74	35	-1
74	36	Lp
74	37	Lp
74	38	Lp
74	39	L
74	40	L
74	41	L
74	42	Lp
74	43	-1
74	44	Lp
74	45	-1
74	46	-1
74	47	-1
74	48	L
74	49	-1
74	50	Lp
74	51	-1
74	52	Lp
74	53	U
74	54	L
74	55	L
74	56	L
74	57	Lcp
74	58	L
74	59	Lp
74	60	Lp
74	61	Lcp
74	62	Lp
74	63	Lp
74	64	-1
74	65	Lc
74	66	-1
74	67	Lp
74	68	Lp
74	69	Lc
74	70	-1
74	71	Lp
74	72	Lp
74	73	L
74	74	Lp
74	75	Lp
74	76	Lp
74	77	Lp
74	78	Lp
74	79	Lp
74	80	-1
74	81	-1
74	82	-1
74	83	Lp
74	84	-1
74	85	Lp
74	86	Lp
74	87	Lp
74	88	Lp
74	89	U
74	90	Lp
74	91	Lc
74	92	Lp
74	93	-1
74	94	Lp
74	95	Lp
74	96	Lcp
74	97	Lcp
74	98	Lp
74	99	-1
74	100	Lc
74	101	Lc
74	102	Lc
74	103	Lcp
74	104	-1
74	105	Lc
74	106	Lc
74	107	Lcp
74	108	-1
74	109	Lc
74	110	Lc
74	111	Lc
74	112	Lc
74	113	Lc
74	114	Lc
74	115	Lc
74	116	Lc
74	117	Lc
74	118	-1
74	119	Lcp
75	0	Lp
75	1	L
75	2	L
75	3	Lc
75	4	Lc
75	5	L
75	6	L
75	7	L
75	8	Lp
75	9	-1
75	10	L
75	11	U
75	12	U
75	13	U
75	14	L
75	15	L
75	16	Lp
75	17	L
75	18	Lp
75	19	Lp
75	20	-1
75	21	Lp
75	22	Lp
75	23	Lp
75	24	Lp
75	25	Lp
75	26	Lp
75	27	Lp
75	28	Lp
75	29	-1
75	30	Lp
75	31	Lp
75	32	Lp
75	33	Lp
75	34	Lp
75	35	L
75	36	Lp
75	37	Lp
75	38	Lp
75	39	Lp
75	40	-1
75	41	Lp
75	42	Lp
75	43	Lp
75	44	Lp
75	45	L
75	46	L
75	47	L
75	48	U
75	49	-1
75	50	Lp
75	51	Lp
75	52	Lp
75	53	Lp
75	54	U
75	55	-1
75	56	L
75	57	L
75	58	Lcp
75	59	Lcp
75	60	Lcp
75	61	-1
75	62	Lp
75	63	Lp
75	64	Lp
75	65	-1
75	66	Lc
75	67	Lp
75	68	Lc
75	69	Lp
75	70	Lp
75	71	Uc
75	72	Lp
75	73	Lp
75	74	Lp
75	75	Lp
75	76	Lp
75	77	Lp
75	78	Lp
75	79	Lp
75	80	Lp
75	81	Lp
75	82	Lp
75	83	Lp
75	84	Lp
75	85	Lp
75	86	Lp
75	87	Lp
75	88	Lp
75	89	Lp
75	90	Lc
75	91	Lp
75	92	Lp
75	93	L
75	94	Lp
75	95	Lcp
75	96	Lp
75	97	Lp
75	98	Lp
75	99	Lc
75	100	-1
75	101	Lc
75	102	Lcp
75	103	Lcp
75	104	Lcp
75	105	-1
75	106	Lc
75	107	-1
75	108	Lc
75	109	Lc
75	110	Lc
75	111	Lc
75	112	Lc
75	113	-1
75	114	Lc
75	115	Lc
75	116	Uc
75	117	-1
75	118	Lp
75	119	Lc
76	0	-1
76	1	Lp
76	2	L
76	3	-1
76	4	L
76	5	L
76	6	Lp
76	7	L
76	8	L
76	9	Lp
76	10	L
76	11	L
76	12	U
76	13	U
76	14	L
76	15	L
76	16	L
76	17	Lp
76	18	Lp
76	19	Lp
76	20	Lp
76	21	L
76	22	Lp
76	23	-1
76	24	Lp
76	25	Lp
76	26	Lp
76	27	Lp
76	28	Lp
76	29	Lp
76	30	Lp
76	31	Lp
76	32	-1
76	33	Lp
76	34	Lp
76	35	Lp
76	36	L
76	37	Lp
76	38	Lp
76	39	L
76	40	Lp
76	41	Lp
76	42	Lp
76	43	Lp
76	44	-1
76	45	Lp
76	46	L
76	47	-1
76	48	-1
76	49	U
76	50	Lp
76	51	Lp
76	52	Lp
76	53	U
76	54	U
76	55	L
76	56	L
76	57	-1
76	58	Lcp
76	59	Lcp
76	60	Lcp
76	61	Lcp
76	62	Lp
76	63	Lp
76	64	-1
76	65	-1
76	66	Lc
76	67	Lcp
76	68	Lc
76	69	U
76	70	Lp
76	71	Lp
76	72	Lp
76	73	-1
76	74	Lp
76	75	Lp
76	76	Lp
76	77	Lp
76	78	Lp
76	79	-1
76	80	Lp
76	81	Lp
76	82	Lp
76	83	Lp
76	84	-1
76	85	Lp
76	86	Lp
76	87	Lp
76	88	Lp
76	89	Lc
76	90	Lp
76	91	Lp
76	92	Lp
76	93	L
76	94	Lp
76	95	-1
76	96	Lcp
76	97	Lcp
76	98	Lp
76	99	Lp
76	100	Lcp
76	101	Lc
76	102	Lcp
76	103	Lcp
76	104	Lc
76	105	Lc
76	106	Lc
76	107	Lc
76	108	Lc
76	109	Lc
76	110	Lc
76	111	Lc
76	112	Lc
76	113	Lc
76	114	Lc
76	115	-1
76	116	Uc
76	117	-1
76	118	Lp
76	119	Lc
77	0	Lp
77	1	Lcp
77	2	L
77	3	L
77	4	L
77	5	L
77	6	-1
77	7	Lp
77	8	-1
77	9	L
77	10	L
77	11	L
77	12	-1
77	13	Lc
77	14	-1
77	15	Lc
77	16	Lp
77	17	L
77	18	Lp
77	19	Lp
77	20	L
77	21	L
77	22	Lp
77	23	Lp
77	24	Lp
77	25	Lp
77	26	Lp
77	27	Lp
77	28	Lp
77	29	Lp
77	30	-1
77	31	-1
77	32	Lp
77	33	Lp
77	34	Lp
77	35	Lp
77	36	Lp
77	37	L
77	38	-1
77	39	L
77	40	L
77	41	Lp
77	42	L
77	43	Lp
77	44	Lp
77	45	Lp
77	46	L
77	47	U
77	48	L
77	49	L
77	50	L
77	51	L
77	52	L
77	53	Lp
77	54	L
77	55	U
77	56	-1
77	57	L
77	58	L
77	59	Lcp
77	60	Lcp
77	61	Lp
77	62	Lp
77	63	Lcp
77	64	-1
77	65	Lp
77	66	Lc
77	67	-1
77	68	Lc
77	69	-1
77	70	Lp
77	71	-1
77	72	Lc
77	73	-1
77	74	Lp
77	75	Lp
77	76	-1
77	77	Lp
77	78	Lp
77	79	-1
77	80	Lp
77	81	Lp
77	82	Lp
77	83	-1
77	84	Lp
77	85	Lp
77	86	Lp
77	87	Lp
77	88	-1
77	89	Lp
77	90	-1
77	91	-1
77	92	Lcp
77	93	Lp
77	94	Lp
77	95	Lcp
77	96	Lcp
77	97	Lp
77	98	-1
77	99	Lp
77	100	Lp
77	101	Lcp
77	102	Lcp
77	103	Lcp
77	104	Lcp
77	105	-1
77	106	-1
77	107	Lc
77	108	-1
77	109	Lcp
77	110	-1
77	111	-1
77	112	Lc
77	113	Lc
77	114	Lc
77	115	Lc
77	116	Uc
77	117	Lp
77	118	Lc
77	119	Lcp
78	0	Lp
78	1	Lp
78	2	Lc
78	3	L
78	4	L
78	5	L
78	6	Lp
78	7	Lp
78	8	Lc
78	9	Lp
78	10	L
78	11	-1
78	12	L
78	13	-1
78	14	Lc
78	15	Lc
78	16	Lc
78	17	L
78	18	L
78	19	-1
78	20	-1
78	21	-1
78	22	L
78	23	Lp
78	24	Lp
78	25	Lp
78	26	Lp
78	27	Lp
78	28	Lp
78	29	Lp
78	30	-1
78	31	Lp
78	32	Lp
78	33	Lp
78	34	Lp
78	35	Lp
78	36	-1
78	37	Lp
78	38	-1
78	39	L
78	40	Lp
78	41	Lp
78	42	L
78	43	L
78	44	Lp
78	45	-1
78	46	-1
78	47	-1
78	48	L
78	49	L
78	50	L
78	51	-1
78	52	L
78	53	L
78	54	Lp
78	55	U
78	56	U
78	57	L
78	58	-1
78	59	Lcp
78	60	Lcp
78	61	Lp
78	62	Lcp
78	63	Lcp
78	64	Lcp
78	65	-1
78	66	Lp
78	67	Lc
78	68	Lp
78	69	Lp
78	70	Lp
78	71	Uc
78	72	Lc
78	73	Lp
78	74	Lp
78	75	Lp
78	76	Lp
78	77	Lp
78	78	-1
78	79	Lp
78	80	Lp
78	81	Lp
78	82	Lp
78	83	Lp
78	84	Lp
78	85	Lp
78	86	Lp
78	87	-1
78	88	-1
78	89	Lp
78	90	Lc
78	91	Lcp
78	92	Lc
78	93	Lp
78	94	Lcp
78	95	Lcp
78	96	Lcp
78	97	Lp
78	98	Lp
78	99	Lp
78	100	-1
78	101	-1
78	102	Lcp
78	103	Lcp
78	104	Lcp
78	105	Lcp
78	106	-1
78	107	Lc
78	108	Lp
78	109	Lp
78	110	Lcp
78	111	Lc
78	112	-1
78	113	-1
78	114	-1
78	115	L
78	116	L
78	117	L
78	118	L
78	119	-1
79	0	Lp
79	1	Lp
79	2	Lp
79	3	L
79	4	L
79	5	Lp
79	6	-1
79	7	Lc
79	8	Lp
79	9	Lp
79	10	-1
79	11	L
79	12	L
79	13	L
79	14	L
79	15	Lc
79	16	-1
79	17	Lc
79	18	L
79	19	-1
79	20	L
79	21	L
79	22	-1
79	23	Lp
79	24	Lp
79	25	Lp
79	26	-1
79	27	Lp
79	28	-1
79	29	Lp
79	30	Lp
79	31	Lp
79	32	Lp
79	33	Lp
79	34	Lp
79	35	-1
79	36	L
79	37	Lp
79	38	Lp
79	39	-1
79	40	L
79	41	Lp
79	42	-1
79	43	L
79	44	L
79	45	L
79	46	Lp
79	47	Lp
79	48	L
79	49	Lp
79	50	-1
79	51	-1
79	52	-1
79	53	Lp
79	54	L
79	55	L
79	56	L
79	57	L
79	58	Lcp
79	59	Lcp
79	60	-1
79	61	Lcp
79	62	Lp
79	63	Lp
79	64	Lcp
79	65	Lcp
79	66	Lcp
79	67	Lc
79	68	Lp
79	69	L
79	70	L
79	71	Lp
79	72	-1
79	73	L
79	74	L
79	75	Lp
79	76	Lp
79	77	Lp
79	78	Lp
79	79	Lp
79	80	L
79	81	Lp
79	82	Lp
79	83	Lp
79	84	Lp
79	85	-1
79	86	-1
79	87	Lp
79	88	-1
79	89	Lp
79	90	Lp
79	91	Lc
79	92	Lp
79	93	Lc
79	94	Lcp
79	95	Lp
79	96	Lcp
79	97	Lp
79	98	-1
79	99	Lp
79	100	Lcp
79	101	Lcp
79	102	Lc
79	103	Lc
79	104	Lcp
79	105	Lc
79	106	Lc
79	107	Lc
79	108	Lcp
79	109	-1
79	110	Lp
79	111	Lp
79	112	Lp
79	113	Lc
79	114	U
79	115	L
79	116	Uc
79	117	L
79	118	Lp
79	119	Lp
80	0	Lp
80	1	Lp
80	2	Lp
80	3	Lp
80	4	L
80	5	Lp
80	6	-1
80	7	Lc
80	8	L
80	9	Lp
80	10	L
80	11	L
80	12	L
80	13	L
80	14	-1
80	15	L
80	16	L
80	17	L
80	18	L
80	19	L
80	20	L
80	21	L
80	22	-1
80	23	-1
80	24	Lp
80	25	Lp
80	26	Lp
80	27	Lp
80	28	-1
80	29	Lp
80	30	Lp
80	31	Lp
80	32	Lp
80	33	Lp
80	34	Lp
80	35	L
80	36	L
80	37	Lp
80	38	-1
80	39	-1
80	40	Lp
80	41	Lp
80	42	Lp
80	43	Lp
80	44	L
80	45	L
80	46	Lp
80	47	Lp
80	48	L
80	49	Lp
80	50	-1
80	51	Lp
80	52	-1
80	53	L
80	54	Lp
80	55	-1
80	56	L
80	57	L
80	58	Lp
80	59	U
80	60	Lp
80	61	Lp
80	62	-1
80	63	-1
80	64	Lcp
80	65	Lcp
80	66	-1
80	67	Lp
80	68	L
80	69	L
80	70	Lp
80	71	Lp
80	72	Lp
80	73	-1
80	74	L
80	75	L
80	76	-1
80	77	Lp
80	78	Lp
80	79	Lp
80	80	Lp
80	81	L
80	82	Lp
80	83	Lp
80	84	Lp
80	85	Lp
80	86	Lp
80	87	-1
80	88	-1
80	89	Lp
80	90	Lp
80	91	Lp
80	92	Lp
80	93	Lp
80	94	Lcp
80	95	Lp
80	96	Lcp
80	97	Lcp
80	98	Lcp
80	99	-1
80	100	Lcp
80	101	-1
80	102	Lcp
80	103	-1
80	104	-1
80	105	Lc
80	106	-1
80	107	Lc
80	108	Lcp
80	109	Lp
80	110	Lp
80	111	-1
80	112	Lp
80	113	Lp
80	114	L
80	115	L
80	116	L
80	117	Lp
80	118	Lp
80	119	Lp
81	0	Lp
81	1	Lp
81	2	L
81	3	Lp
81	4	-1
81	5	Lc
81	6	Lc
81	7	Lc
81	8	L
81	9	L
81	10	L
81	11	L
81	12	L
81	13	-1
81	14	L
81	15	L
81	16	-1
81	17	-1
81	18	L
81	19	L
81	20	L
81	21	L
81	22	L
81	23	L
81	24	-1
81	25	L
81	26	Lp
81	27	Lp
81	28	Lp
81	29	Lp
81	30	Lp
81	31	Lp
81	32	Lp
81	33	Lp
81	34	Lp
81	35	L
81	36	Lp
81	37	L
81	38	Lp
81	39	Lp
81	40	L
81	41	Lp
81	42	Lp
81	43	L
81	44	L
81	45	L
81	46	L
81	47	Lp
81	48	Lp
81	49	Lp
81	50	Lp
81	51	Lp
81	52	L
81	53	Lp
81	54	Lp
81	55	Lp
81	56	-1
81	57	-1
81	58	Lcp
81	59	-1
81	60	Lp
81	61	-1
81	62	Lcp
81	63	L
81	64	-1
81	65	-1
81	66	Lp
81	67	Lp
81	68	Lp
81	69	-1
81	70	Lp
81	71	-1
81	72	Lp
81	73	-1
81	74	L
81	75	Lp
81	76	Lp
81	77	Lc
81	78	Lc
81	79	Lp
81	80	L
81	81	Lp
81	82	-1
81	83	L
81	84	-1
81	85	Lp
81	86	Lp
81	87	Lp
81	88	-1
81	89	Lp
81	90	Lp
81	91	Lp
81	92	Lp
81	93	Lp
81	94	Lcp
81	95	Lp
81	96	Lcp
81	97	Lcp
81	98	Lp
81	99	-1
81	100	-1
81	101	Lcp
81	102	Lc
81	103	Lcp
81	104	Lcp
81	105	Lcp
81	106	Lc
81	107	Lc
81	108	Lc
81	109	Lc
81	110	Lp
81	111	Lp
81	112	-1
81	113	Lp
81	114	L
81	115	Lp
81	116	Lp
81	117	Lp
81	118	Lp
81	119	Lp
82	0	-1
82	1	L
82	2	-1
82	3	L
82	4	Lp
82	5	-1
82	6	Lc
82	7	-1
82	8	Lc
82	9	Lc
82	10	-1
82	11	L
82	12	Lcp
82	13	L
82	14	-1
82	15	L
82	16	L
82	17	-1
82	18	L
82	19	L
82	20	Lc
82	21	L
82	22	L
82	23	Lc
82	24	L
82	25	L
82	26	Lp
82	27	-1
82	28	-1
82	29	Lp
82	30	-1
82	31	L
82	32	-1
82	33	Lp
82	34	Lp
82	35	L
82	36	L
82	37	Lp
82	38	Lp
82	39	Lp
82	40	Lp
82	41	Lp
82	42	Lp
82	43	Lp
82	44	L
82	45	L
82	46	-1
82	47	-1
82	48	Lp
82	49	Lp
82	50	Lp
82	51	Lp
82	52	Lp
82	53	Lp
82	54	-1
82	55	Lp
82	56	Lp
82	57	Lcp
82	58	Lcp
82	59	Lp
82	60	Lcp
82	61	Lp
82	62	L
82	63	Lcp
82	64	-1
82	65	L
82	66	Lp
82	67	Lp
82	68	L
82	69	L
82	70	L
82	71	L
82	72	L
82	73	L
82	74	-1
82	75	Lc
82	76	Lc
82	77	-1
82	78	Lc
82	79	Lc
82	80	Lc
82	81	-1
82	82	L
82	83	L
82	84	Lp
82	85	-1
82	86	Lp
82	87	Lcp
82	88	-1
82	89	Lp
82	90	Lp
82	91	Lp
82	92	Lp
82	93	Lp
82	94	Lcp
82	95	Lcp
82	96	Lcp
82	97	-1
82	98	Uc
82	99	-1
82	100	Lcp
82	101	-1
82	102	Lcp
82	103	Lc
82	104	Lc
82	105	Lcp
82	106	Lc
82	107	Lp
82	108	Lc
82	109	Lc
82	110	-1
82	111	Lp
82	112	Lp
82	113	Lp
82	114	-1
82	115	Lp
82	116	Lp
82	117	Lc
82	118	Lp
82	119	-1
83	0	Lp
83	1	L
83	2	L
83	3	L
83	4	L
83	5	Lc
83	6	Lc
83	7	Lc
83	8	L
83	9	Lc
83	10	Lcp
83	11	L
83	12	L
83	13	L
83	14	L
83	15	L
83	16	-1
83	17	L
83	18	L
83	19	U
83	20	L
83	21	-1
83	22	-1
83	23	Lc
83	24	L
83	25	L
83	26	-1
83	27	-1
83	28	Lp
83	29	Lp
83	30	Lp
83	31	-1
83	32	L
83	33	Lp
83	34	Lp
83	35	-1
83	36	-1
83	37	Lp
83	38	Lp
83	39	-1
83	40	Lp
83	41	Lp
83	42	L
83	43	L
83	44	L
83	45	L
83	46	L
83	47	L
83	48	L
83	49	Lp
83	50	U
83	51	U
83	52	Lp
83	53	Lp
83	54	-1
83	55	L
83	56	Lp
83	57	Lp
83	58	Lp
83	59	Lp
83	60	Lp
83	61	U
83	62	-1
83	63	Lp
83	64	-1
83	65	L
83	66	Lp
83	67	Lp
83	68	L
83	69	-1
83	70	L
83	71	L
83	72	L
83	73	L
83	74	L
83	75	Lp
83	76	Lc
83	77	Lc
83	78	Lc
83	79	Lc
83	80	Lc
83	81	Lc
83	82	Lp
83	83	Lp
83	84	Lc
83	85	Lcp
83	86	Lcp
83	87	-1
83	88	Lp
83	89	Lp
83	90	Lp
83	91	Lp
83	92	Lp
83	93	Lc
83	94	-1
83	95	Lcp
83	96	Lcp
83	97	Lcp
83	98	Lcp
83	99	Lcp
83	100	Lcp
83	101	Lcp
83	102	Lcp
83	103	Lc
83	104	-1
83	105	Lc
83	106	Lc
83	107	-1
83	108	Lp
83	109	Uc
83	110	Lp
83	111	-1
83	112	Lp
83	113	Lc
83	114	-1
83	115	Lp
83	116	Lp
83	117	Lc
83	118	Lc
83	119	Lp
84	0	Lp
84	1	-1
84	2	L
84	3	L
84	4	L
84	5	L
84	6	Lc
84	7	-1
84	8	-1
84	9	Lc
84	10	Lc
84	11	L
84	12	L
84	13	L
84	14	-1
84	15	L
84	16	L
84	17	U
84	18	U
84	19	Lc
84	20	Lc
84	21	L
84	22	-1
84	23	L
84	24	L
84	25	Lp
84	26	Lp
84	27	Lp
84	28	Lp
84	29	Lp
84	30	Lp
84	31	Lp
84	32	Lp
84	33	Lp
84	34	Lp
84	35	-1
84	36	Lp
84	37	Lp
84	38	Lp
84	39	Lp
84	40	Lp
84	41	Lp
84	42	-1
84	43	-1
84	44	L
84	45	Lp
84	46	L
84	47	Lc
84	48	L
84	49	Lc
84	50	Lc
84	51	U
84	52	Lp
84	53	-1
84	54	-1
84	55	Lp
84	56	Lp
84	57	Lp
84	58	Lp
84	59	Lp
84	60	Lp
84	61	Lp
84	62	Lp
84	63	Lp
84	64	L
84	65	Lp
84	66	Lc
84	67	L
84	68	Lp
84	69	L
84	70	Lp
84	71	L
84	72	L
84	73	L
84	74	L
84	75	Lp
84	76	Lc
84	77	Lc
84	78	Lc
84	79	Lc
84	80	Lc
84	81	Lc
84	82	Lp
84	83	-1
84	84	Lc
84	85	-1
84	86	-1
84	87	Lc
84	88	Lp
84	89	Lp
84	90	Lc
84	91	Lp
84	92	Lp
84	93	Lc
84	94	Lp
84	95	-1
84	96	Lcp
84	97	-1
84	98	Lcp
84	99	Lcp
84	100	-1
84	101	Lcp
84	102	Lc
84	103	Lcp
84	104	Lc
84	105	Lc
84	106	Lc
84	107	-1
84	108	Lp
84	109	Lp
84	110	Lp
84	111	-1
84	112	Lc
84	113	Lp
84	114	Lp
84	115	Lcp
84	116	Lp
84	117	Lcp
84	118	-1
84	119	Lc
85	0	Lp
85	1	Lp
85	2	Lc
85	3	Lc
85	4	L
85	5	L
85	6	L
85	7	Lcp
85	8	-1
85	9	Lc
85	10	Lc
85	11	Lc
85	12	Lcp
85	13	L
85	14	Lc
85	15	L
85	16	L
85	17	-1
85	18	U
85	19	L
85	20	L
85	21	Lc
85	22	Lc
85	23	Lc
85	24	-1
85	25	Lp
85	26	Lp
85	27	Lp
85	28	Lp
85	29	Lp
85	30	Lp
85	31	Lp
85	32	-1
85	33	-1
85	34	-1
85	35	Lp
85	36	Lp
85	37	Lp
85	38	Lp
85	39	L
85	40	Lp
85	41	Lp
85	42	Lp
85	43	L
85	44	-1
85	45	Lp
85	46	Lp
85	47	-1
85	48	-1
85	49	Lc
85	50	-1
85	51	-1
85	52	Lp
85	53	Lp
85	54	Lp
85	55	Lp
85	56	Lp
85	57	Lp
85	58	Lp
85	59	Lp
85	60	Lp
85	61	Lp
85	62	Lp
85	63	Lp
85	64	Lp
85	65	L
85	66	Lp
85	67	Lp
85	68	L
85	69	Lp
85	70	-1
85	71	Lp
85	72	L
85	73	-1
85	74	-1
85	75	L
85	76	L
85	77	-1
85	78	Lc
85	79	Lc
85	80	Lc
85	81	-1
85	82	L
85	83	Lp
85	84	Uc
85	85	Lp
85	86	Lc
85	87	Lc
85	88	Lc
85	89	Lp
85	90	Lp
85	91	Lp
85	92	Lp
85	93	Lp
85	94	Lc
85	95	Lcp
85	96	Lcp
85	97	Lc
85	98	-1
85	99	Lcp
85	100	Lc
85	101	Lc
85	102	Lc
85	103	Lcp
85	104	Lc
85	105	Lc
85	106	-1
85	107	Lc
85	108	-1
85	109	Lc
85	110	Lc
85	111	Lc
85	112	Lp
85	113	U
85	114	U
85	115	U
85	116	Lp
85	117	Uc
85	118	Lcp
85	119	Lcp
86	0	Lp
86	1	Lp
86	2	Lc
86	3	Lc
86	4	Lc
86	5	Lcp
86	6	Lcp
86	7	Lc
86	8	Lc
86	9	-1
86	10	-1
86	11	Lcp
86	12	L
86	13	L
86	14	L
86	15	L
86	16	L
86	17	L
86	18	-1
86	19	L
86	20	-1
86	21	L
86	22	L
86	23	-1
86	24	L
86	25	L
86	26	Lp
86	27	Lp
86	28	Lp
86	29	-1
86	30	-1
86	31	Lp
86	32	Lp
86	33	-1
86	34	Lp
86	35	Lp
86	36	-1
86	37	Lp
86	38	-1
86	39	L
86	40	Lp
86	41	Lp
86	42	Lp
86	43	Lp
86	44	Lp
86	45	-1
86	46	Lp
86	47	Lp
86	48	Lc
86	49	Lp
86	50	Lp
86	51	Lp
86	52	Lp
86	53	-1
86	54	Lp
86	55	Lp
86	56	Lp
86	57	Lp
86	58	-1
86	59	Lp
86	60	Lp
86	61	Lc
86	62	-1
86	63	-1
86	64	Lp
86	65	-1
86	66	L
86	67	L
86	68	-1
86	69	-1
86	70	Lp
86	71	Lp
86	72	Lp
86	73	L
86	74	Lp
86	75	Lp
86	76	Lp
86	77	L
86	78	L
86	79	L
86	80	Lc
86	81	L
86	82	Lc
86	83	L
86	84	Lp
86	85	Lp
86	86	Lc
86	87	Lc
86	88	Lc
86	89	Lp
86	90	Lp
86	91	-1
86	92	Lp
86	93	Lcp
86	94	Lp
86	95	-1
86	96	Lcp
86	97	Lc
86	98	Lc
86	99	Lc
86	100	Lc
86	101	Lcp
86	102	-1
86	103	-1
86	104	Lc
86	105	Lc
86	106	Lc
86	107	Lc
86	108	Lc
86	109	Lc
86	110	Lc
86	111	Lc
86	112	-1
86	113	Lp
86	114	U
86	115	Lp
86	116	Lcp
86	117	Lcp
86	118	Lcp
86	119	-1
87	0	Lcp
87	1	Lcp
87	2	Lc
87	3	L
87	4	Lcp
87	5	Lc
87	6	-1
87	7	Lc
87	8	Lc
87	9	-1
87	10	Lcp
87	11	Lc
87	12	-1
87	13	L
87	14	L
87	15	L
87	16	L
87	17	L
87	18	L
87	19	L
87	20	-1
87	21	L
87	22	-1
87	23	L
87	24	Lp
87	25	L
87	26	Lp
87	27	Lp
87	28	Lp
87	29	Lp
87	30	Lp
87	31	Lp
87	32	Lp
87	33	-1
87	34	Lp
87	35	-1
87	36	Lp
87	37	-1
87	38	Lp
87	39	Lp
87	40	Lp
87	41	Lp
87	42	Lp
87	43	Lp
87	44	-1
87	45	Lp
87	46	Lp
87	47	Lp
87	48	Lp
87	49	Lp
87	50	Lc
87	51	Lp
87	52	Lp
87	53	Lp
87	54	Lp
87	55	Lp
87	56	Lp
87	57	Lp
87	58	Lp
87	59	Lp
87	60	Lp
87	61	Lc
87	62	Lc
87	63	Lc
87	64	Lp
87	65	Lp
87	66	-1
87	67	Lp
87	68	L
87	69	Lp
87	70	Lp
87	71	Lp
87	72	-1
87	73	L
87	74	L
87	75	Lp
87	76	Lp
87	77	L
87	78	-1
87	79	L
87	80	L
87	81	L
87	82	L
87	83	Lp
87	84	Lp
87	85	Lp
87	86	Lc
87	87	Lc
87	88	Lc
87	89	Lc
87	90	Lp
87	91	Lp
87	92	Lp
87	93	Lcp
87	94	Lcp
87	95	Lp
87	96	Lcp
87	97	Lc
87	98	-1
87	99	Lc
87	100	Lc
87	101	-1
87	102	Lcp
87	103	Lcp
87	104	-1
87	105	Lc
87	106	Lc
87	107	Lc
87	108	Lc
87	109	Uc
87	110	Uc
87	111	Lc
87	112	-1
87	113	U
87	114	U
87	115	Lp
87	116	Uc
87	117	Lcp
87	118	Lcp
87	119	Lcp
88	0	Lcp
88	1	-1
88	2	Lcp
88	3	L
88	4	Lcp
88	5	Lcp
88	6	Lc
88	7	-1
88	8	Lc
88	9	Lc
88	10	L
88	11	Lc
88	12	-1
88	13	Lc
88	14	L
88	15	L
88	16	-1
88	17	L
88	18	L
88	19	L
88	20	L
88	21	L
88	22	L
88	23	Lp
88	24	Lp
88	25	Lp
88	26	Lp
88	27	Lp
88	28	Lp
88	29	Lp
88	30	Lp
88	31	Lp
88	32	Lp
88	33	Lp
88	34	-1
88	35	Lp
88	36	Lp
88	37	Lp
88	38	Lp
88	39	Lp
88	40	Lp
88	41	Lp
88	42	Lp
88	43	Lp
88	44	-1
88	45	-1
88	46	Lp
88	47	Lp
88	48	Lcp
88	49	Lc
88	50	Lc
88	51	Lc
88	52	Lp
88	53	Lp
88	54	Lp
88	55	Lp
88	56	Lp
88	57	Lp
88	58	Lp
88	59	Lp
88	60	Lc
88	61	Lc
88	62	-1
88	63	L
88	64	L
88	65	Lp
88	66	Lp
88	67	-1
88	68	Lp
88	69	Lp
88	70	L
88	71	Lp
88	72	-1
88	73	L
88	74	Lp
88	75	Lp
88	76	Lp
88	77	Lp
88	78	Lp
88	79	Lp
88	80	L
88	81	L
88	82	-1
88	83	L
88	84	Lp
88	85	Lc
88	86	Lp
88	87	Lc
88	88	Lc
88	89	Lc
88	90	Lc
88	91	Lp
88	92	-1
88	93	Lcp
88	94	Lp
88	95	Lp
88	96	Lcp
88	97	Lc
88	98	Lc
88	99	Lc
88	100	Uc
88	101	Lc
88	102	Lcp
88	103	Lcp
88	104	Lc
88	105	Lc
88	106	Lc
88	107	Lc
88	108	Lc
88	109	Uc
88	110	Uc
88	111	Lp
88	112	Lp
88	113	U
88	114	-1
88	115	Lp
88	116	Lp
88	117	Lcp
88	118	Lcp
88	119	Lcp
89	0	Uc
89	1	Lcp
89	2	Lcp
89	3	Lcp
89	4	Lcp
89	5	-1
89	6	-1
89	7	Lcp
89	8	Lcp
89	9	L
89	10	L
89	11	L
89	12	Lc
89	13	Lc
89	14	L
89	15	Lc
89	16	Lc
89	17	-1
89	18	L
89	19	Lc
89	20	Lc
89	21	Lc
89	22	Lc
89	23	-1
89	24	Lp
89	25	Lp
89	26	Lp
89	27	Lp
89	28	-1
89	29	Lp
89	30	Lp
89	31	-1
89	32	Lp
89	33	Lp
89	34	-1
89	35	Lp
89	36	Lp
89	37	Lp
89	38	Lp
89	39	Lp
89	40	Lp
89	41	Lp
89	42	Lp
89	43	Lp
89	44	-1
89	45	-1
89	46	-1
89	47	Lc
89	48	Lc
89	49	Uc
89	50	-1
89	51	Lc
89	52	Lc
89	53	Lp
89	54	-1
89	55	Lp
89	56	Lp
89	57	Lp
89	58	Lp
89	59	L
89	60	Lp
89	61	Lc
89	62	L
89	63	L
89	64	-1
89	65	L
89	66	Lp
89	67	L
89	68	-1
89	69	Lp
89	70	Lp
89	71	-1
89	72	L
89	73	-1
89	74	L
89	75	Lp
89	76	Lp
89	77	Lp
89	78	L
89	79	L
89	80	L
89	81	L
89	82	Lp
89	83	-1
89	84	-1
89	85	Lp
89	86	Lp
89	87	Lc
89	88	Lc
89	89	Lc
89	90	Lc
89	91	Lc
89	92	Lcp
89	93	Lcp
89	94	Lcp
89	95	Lcp
89	96	Lp
89	97	Lcp
89	98	Lc
89	99	Lc
89	100	-1
89	101	Lc
89	102	Lc
89	103	Lc
89	104	Lc
89	105	Lc
89	106	-1
89	107	Lp
89	108	Lp
89	109	Lc
89	110	-1
89	111	Lp
89	112	Lp
89	113	-1
89	114	Lp
89	115	Lp
89	116	Lp
89	117	Lcp
89	118	-1
89	119	Lcp
90	0	-1
90	1	Lcp
90	2	-1
90	3	Lc
90	4	-1
90	5	Lc
90	6	Lc
90	7	Lcp
90	8	Lcp
90	9	-1
90	10	Lp
90	11	Lc
90	12	Lp
90	13	Lp
90	14	L
90	15	-1
90	16	Lp
90	17	Lc
90	18	Lc
90	19	-1
90	20	L
90	21	-1
90	22	Lc
90	23	Lp
90	24	Lp
90	25	Lp
90	26	-1
90	27	-1
90	28	L
90	29	Lp
90	30	Lp
90	31	Lp
90	32	Lp
90	33	Lp
90	34	Lp
90	35	Lp
90	36	-1
90	37	Lp
90	38	Lp
90	39	-1
90	40	Lp
90	41	Lp
90	42	Lp
90	43	-1
90	44	-1
90	45	Lp
90	46	Lp
90	47	-1
90	48	Lc
90	49	-1
90	50	Lc
90	51	Lc
90	52	-1
90	53	Lc
90	54	Lp
90	55	Lp
90	56	Lp
90	57	Lp
90	58	Lp
90	59	Lp
90	60	Lp
90	61	Lc
90	62	L
90	63	L
90	64	Lp
90	65	L
90	66	L
90	67	L
90	68	-1
90	69	L
90	70	-1
90	71	Lp
90	72	Lp
90	73	Lp
90	74	L
90	75	L
90	76	L
90	77	Lp
90	78	-1
90	79	Lp
90	80	L
90	81	L
90	82	L
90	83	L
90	84	Lp
90	85	Lp
90	86	Lp
90	87	Lp
90	88	-1
90	89	-1
90	90	Lc
90	91	Lc
90	92	Lc
90	93	-1
90	94	Lc
90	95	Lcp
90	96	Lcp
90	97	Lc
90	98	Lc
90	99	Lc
90	100	Lc
90	101	-1
90	102	Lc
90	103	Lc
90	104	Lc
90	105	Lc
90	106	L
90	107	Lc
90	108	-1
90	109	Lp
90	110	Lc
90	111	Lp
90	112	-1
90	113	-1
90	114	-1
90	115	-1
90	116	Lp
90	117	Lp
90	118	-1
90	119	-1
91	0	Uc
91	1	Lcp
91	2	-1
91	3	-1
91	4	-1
91	5	-1
91	6	Lc
91	7	Lp
91	8	Lcp
91	9	Lcp
91	10	-1
91	11	Lc
91	12	Lp
91	13	Lp
91	14	Lp
91	15	Lp
91	16	Lp
91	17	-1
91	18	-1
91	19	Lc
91	20	Lc
91	21	Lc
91	22	-1
91	23	Lp
91	24	Lp
91	25	-1
91	26	-1
91	27	L
91	28	Lp
91	29	Lp
91	30	Lp
91	31	-1
91	32	-1
91	33	-1
91	34	Lp
91	35	Lp
91	36	-1
91	37	-1
91	38	Lp
91	39	Lp
91	40	-1
91	41	L
91	42	Lc
91	43	Lc
91	44	Lc
91	45	Lc
91	46	Lc
91	47	Lc
91	48	Lc
91	49	Lc
91	50	Lc
91	51	Lp
91	52	Lc
91	53	Lc
91	54	Lp
91	55	Lp
91	56	Lp
91	57	Lp
91	58	Lc
91	59	Lp
91	60	Lc
91	61	Lc
91	62	L
91	63	L
91	64	Lp
91	65	L
91	66	L
91	67	L
91	68	L
91	69	-1
91	70	Lp
91	71	Lp
91	72	Lp
91	73	Lp
91	74	L
91	75	-1
91	76	L
91	77	Lp
91	78	L
91	79	L
91	80	L
91	81	L
91	82	L
91	83	L
91	84	L
91	85	Lp
91	86	L
91	87	Lp
91	88	-1
91	89	Lp
91	90	Lc
91	91	-1
91	92	Lc
91	93	Lc
91	94	Lc
91	95	Lc
91	96	Lcp
91	97	Uc
91	98	Lcp
91	99	Lp
91	100	Lc
91	101	Lc
91	102	Lc
91	103	Lc
91	104	Lc
91	105	Lc
91	106	Lc
91	107	L
91	108	-1
91	109	Lc
91	110	Lp
91	111	-1
91	112	Lp
91	113	Lp
91	114	U
91	115	-1
91	116	U
91	117	Lp
91	118	-1
91	119	Lcp
92	0	Lc
92	1	Lcp
92	2	Lcp
92	3	-1
92	4	-1
92	5	Lc
92	6	Lc
92	7	-1
92	8	Lp
92	9	Lcp
92	10	Lcp
92	11	Lc
92	12	Lc
92	13	Lc
92	14	Lp
92	15	Lp
92	16	Lc
92	17	Lc
92	18	Lc
92	19	Lc
92	20	Lp
92	21	Lc
92	22	Lc
92	23	Lp
92	24	Lp
92	25	-1
92	26	L
92	27	Lp
92	28	Lp
92	29	Lp
92	30	Lp
92	31	-1
92	32	Lp
92	33	-1
92	34	-1
92	35	Lp
92	36	Lp
92	37	Lp
92	38	Lp
92	39	-1
92	40	Lp
92	41	Lp
92	42	Lp
92	43	-1
92	44	Lc
92	45	Lc
92	46	Lc
92	47	Lc
92	48	-1
92	49	Lc
92	50	Lc
92	51	-1
92	52	-1
92	53	Lc
92	54	Lc
92	55	-1
92	56	Lp
92	57	-1
92	58	-1
92	59	Lp
92	60	Lc
92	61	Lc
92	62	L
92	63	-1
92	64	L
92	65	L
92	66	L
92	67	L
92	68	L
92	69	-1
92	70	-1
92	71	-1
92	72	Lp
92	73	Lp
92	74	-1
92	75	Lp
92	76	-1
92	77	-1
92	78	L
92	79	-1
92	80	L
92	81	L
92	82	L
92	83	L
92	84	L
92	85	L
92	86	Lp
92	87	L
92	88	Lp
92	89	Lp
92	90	Lc
92	91	Lc
92	92	Lc
92	93	Lc
92	94	Lc
92	95	Lcp
92	96	Lcp
92	97	Lc
92	98	Lc
92	99	Lp
92	100	-1
92	101	Lcp
92	102	Lc
92	103	Lp
92	104	Lc
92	105	Lc
92	106	Lp
92	107	L
92	108	L
92	109	Lc
92	110	Lp
92	111	Lp
92	112	Lp
92	113	Lp
92	114	U
92	115	U
92	116	-1
92	117	-1
92	118	Lcp
92	119	Lc
93	0	Lcp
93	1	-1
93	2	-1
93	3	Lc
93	4	Lc
93	5	Lc
93	6	Lc
93	7	-1
93	8	Lcp
93	9	L
93	10	L
93	11	Lc
93	12	-1
93	13	-1
93	14	Lc
93	15	Lc
93	16	Lc
93	17	Lc
93	18	Lc
93	19	Lp
93	20	Lc
93	21	Lp
93	22	Lp
93	23	Lp
93	24	Lp
93	25	Lp
93	26	Lp
93	27	Lp
93	28	Lp
93	29	Lp
93	30	Lp
93	31	Lp
93	32	Lp
93	33	Lp
93	34	Lp
93	35	Lp
93	36	Lp
93	37	Lp
93	38	-1
93	39	Lp
93	40	Lp
93	41	Lp
93	42	-1
93	43	-1
93	44	Lp
93	45	Lc
93	46	Lc
93	47	Lc
93	48	Lc
93	49	Lc
93	50	Lc
93	51	Lc
93	52	Lc
93	53	Lc
93	54	Lc
93	55	-1
93	56	-1
93	57	Lc
93	58	Lc
93	59	Lc
93	60	Lc
93	61	L
93	62	L
93	63	Lc
93	64	L
93	65	-1
93	66	L
93	67	L
93	68	L
93	69	L
93	70	-1
93	71	-1
93	72	-1
93	73	Lp
93	74	L
93	75	L
93	76	Lp
93	77	Lp
93	78	L
93	79	L
93	80	L
93	81	Lp
93	82	L
93	83	L
93	84	L
93	85	Lp
93	86	L
93	87	Lc
93	88	Lp
93	89	-1
93	90	Lc
93	91	Lp
93	92	Lc
93	93	Lc
93	94	-1
93	95	Lc
93	96	Lc
93	97	Lc
93	98	Lp
93	99	Lp
93	100	Lcp
93	101	-1
93	102	Lc
93	103	Lc
93	104	Lc
93	105	Lp
93	106	Lc
93	107	-1
93	108	L
93	109	Lp
93	110	Lc
93	111	Lp
93	112	Lp
93	113	-1
93	114	Lp
93	115	Lp
93	116	Lp
93	117	-1
93	118	Lcp
93	119	Lcp
94	0	Lp
94	1	-1
94	2	Lc
94	3	Lc
94	4	Lc
94	5	Lp
94	6	L
94	7	L
94	8	L
94	9	L
94	10	Lc
94	11	Lc
94	12	Lc
94	13	Lc
94	14	Lc
94	15	Uc
94	16	Lc
94	17	Lp
94	18	Lp
94	19	Lp
94	20	Lp
94	21	-1
94	22	Lp
94	23	-1
94	24	Lp
94	25	-1
94	26	Lp
94	27	-1
94	28	-1
94	29	-1
94	30	Lp
94	31	Lp
94	32	Lp
94	33	Lp
94	34	Lp
94	35	Lp
94	36	Lp
94	37	Lp
94	38	Lp
94	39	U
94	40	Lp
94	41	Lp
94	42	Lp
94	43	-1
94	44	Lp
94	45	Lp
94	46	Lc
94	47	Lc
94	48	-1
94	49	Lc
94	50	-1
94	51	Lc
94	52	Lc
94	53	Lc
94	54	Lc
94	55	Lc
94	56	Lc
94	57	Lc
94	58	Lc
94	59	Lc
94	60	-1
94	61	-1
94	62	L
94	63	L
94	64	Lc
94	65	-1
94	66	L
94	67	L
94	68	L
94	69	L
94	70	-1
94	71	-1
94	72	-1
94	73	Lp
94	74	U
94	75	L
94	76	L
94	77	Lp
94	78	-1
94	79	L
94	80	-1
94	81	L
94	82	L
94	83	-1
94	84	L
94	85	-1
94	86	Lp
94	87	Lp
94	88	-1
94	89	Lp
94	90	Lp
94	91	Lp
94	92	Lp
94	93	-1
94	94	Lc
94	95	Lc
94	96	Lc
94	97	Lc
94	98	Lc
94	99	Lp
94	100	-1
94	101	Lc
94	102	Lc
94	103	Lp
94	104	Lc
94	105	Lp
94	106	L
94	107	L
94	108	L
94	109	Lp
94	110	-1
94	111	-1
94	112	-1
94	113	Lp
94	114	-1
94	115	Lp
94	116	Lp
94	117	Lp
94	118	Lcp
94	119	Lp
95	0	Lcp
95	1	Lp
95	2	-1
95	3	Lp
95	4	Lcp
95	5	Lcp
95	6	L
95	7	L
95	8	Lc
95	9	L
95	10	-1
95	11	-1
95	12	Lc
95	13	Lc
95	14	Lc
95	15	Lp
95	16	Lp
95	17	Lp
95	18	Lp
95	19	-1
95	20	Lc
95	21	-1
95	22	L
95	23	Lp
95	24	Lp
95	25	-1
95	26	L
95	27	Lp
95	28	Lp
95	29	Lp
95	30	-1
95	31	Lp
95	32	Lp
95	33	-1
95	34	Lp
95	35	Lp
95	36	L
95	37	Lp
95	38	U
95	39	Lp
95	40	Lp
95	41	Lp
95	42	Lp
95	43	Lp
95	44	Lp
95	45	Lp
95	46	Lp
95	47	Lc
95	48	Lc
95	49	Lc
95	50	Lc
95	51	Lc
95	52	Lc
95	53	-1
95	54	Lc
95	55	Lc
95	56	Lc
95	57	L
95	58	Lc
95	59	Lc
95	60	Lc
95	61	Lc
95	62	L
95	63	L
95	64	L
95	65	L
95	66	-1
95	67	L
95	68	L
95	69	L
95	70	-1
95	71	Lp
95	72	Lp
95	73	Lp
95	74	-1
95	75	-1
95	76	L
95	77	-1
95	78	Lp
95	79	-1
95	80	L
95	81	L
95	82	L
95	83	L
95	84	L
95	85	L
95	86	-1
95	87	Lp
95	88	Lp
95	89	Lp
95	90	Lp
95	91	Lc
95	92	Lc
95	93	Lc
95	94	Lc
95	95	Lc
95	96	Lc
95	97	Lc
95	98	Lp
95	99	Lp
95	100	Lp
95	101	Lc
95	102	-1
95	103	-1
95	104	Lp
95	105	Lp
95	106	Lp
95	107	L
95	108	Lp
95	109	Lp
95	110	Lp
95	111	-1
95	112	Lp
95	113	Lp
95	114	Lp
95	115	Lp
95	116	Lp
95	117	Lp
95	118	Lp
95	119	-1
96	0	-1
96	1	Lp
96	2	-1
96	3	Lc
96	4	L
96	5	L
96	6	Lc
96	7	-1
96	8	L
96	9	-1
96	10	-1
96	11	Lc
96	12	Lc
96	13	Lc
96	14	Lp
96	15	Lc
96	16	Lc
96	17	Lp
96	18	Lp
96	19	Lp
96	20	Lp
96	21	-1
96	22	L
96	23	Lp
96	24	Lp
96	25	Lp
96	26	Lp
96	27	Lp
96	28	Lp
96	29	Lp
96	30	Lp
96	31	Lp
96	32	Lp
96	33	-1
96	34	Lp
96	35	Lp
96	36	-1
96	37	L
96	38	U
96	39	L
96	40	Lp
96	41	-1
96	42	Lp
96	43	Lp
96	44	Lp
96	45	Lc
96	46	-1
96	47	Lp
96	48	Lc
96	49	Lc
96	50	Lc
96	51	Lc
96	52	Lp
96	53	Lp
96	54	Lcp
96	55	Lc
96	56	L
96	57	L
96	58	-1
96	59	Lc
96	60	L
96	61	L
96	62	-1
96	63	L
96	64	L
96	65	L
96	66	L
96	67	L
96	68	L
96	69	-1
96	70	L
96	71	L
96	72	Lp
96	73	Lp
96	74	Lp
96	75	Lp
96	76	L
96	77	L
96	78	L
96	79	Lp
96	80	Lp
96	81	-1
96	82	L
96	83	L
96	84	Lp
96	85	Lp
96	86	Lp
96	87	Lp
96	88	Lp
96	89	Lp
96	90	Lp
96	91	Lp
96	92	Lc
96	93	Lc
96	94	Lc
96	95	Lc
96	96	Lc
96	97	-1
96	98	Lc
96	99	Lc
96	100	Lc
96	101	Lc
96	102	Lp
96	103	Lp
96	104	-1
96	105	Lp
96	106	Lp
96	107	Lp
96	108	Lp
96	109	Lp
96	110	Lp
96	111	Lp
96	112	Lp
96	113	Lp
96	114	Lp
96	115	Lp
96	116	Lp
96	117	Lp
96	118	L
96	119	L
97	0	L
97	1	-1
97	2	Lp
97	3	U
97	4	U
97	5	L
97	6	L
97	7	L
97	8	L
97	9	-1
97	10	Lc
97	11	Lc
97	12	Lc
97	13	-1
97	14	Lc
97	15	Lp
97	16	Lc
97	17	Lp
97	18	Lp
97	19	L
97	20	Lp
97	21	L
97	22	L
97	23	L
97	24	Lp
97	25	Lp
97	26	-1
97	27	Lp
97	28	Lp
97	29	Lp
97	30	Lp
97	31	Lp
97	32	Lp
97	33	Lp
97	34	-1
97	35	Lp
97	36	Lp
97	37	Lp
97	38	Lp
97	39	-1
97	40	U
97	41	Lp
97	42	Lp
97	43	-1
97	44	Lp
97	45	L
97	46	-1
97	47	Lc
97	48	L
97	49	Lc
97	50	Lc
97	51	Lc
97	52	Lp
97	53	Lp
97	54	Lc
97	55	-1
97	56	-1
97	57	Lp
97	58	-1
97	59	L
97	60	L
97	61	L
97	62	L
97	63	-1
97	64	L
97	65	L
97	66	L
97	67	L
97	68	-1
97	69	-1
97	70	-1
97	71	L
97	72	L
97	73	Lp
97	74	L
97	75	-1
97	76	-1
97	77	L
97	78	L
97	79	U
97	80	-1
97	81	-1
97	82	L
97	83	L
97	84	Lp
97	85	-1
97	86	-1
97	87	Lp
97	88	Lp
97	89	Lp
97	90	Lp
97	91	Lc
97	92	Lc
97	93	Lc
97	94	Lc
97	95	Lc
97	96	-1
97	97	Lc
97	98	Lc
97	99	Lc
97	100	Lp
97	101	Lp
97	102	Lc
97	103	Lc
97	104	Lp
97	105	Lp
97	106	-1
97	107	Lp
97	108	Lp
97	109	Lp
97	110	Lp
97	111	-1
97	112	L
97	113	-1
97	114	Lp
97	115	Lp
97	116	Lp
97	117	Lp
97	118	L
97	119	L
98	0	Lp
98	1	L
98	2	L
98	3	-1
98	4	-1
98	5	Lp
98	6	-1
98	7	L
98	8	L
98	9	Lc
98	10	-1
98	11	L
98	12	-1
98	13	L
98	14	Lp
98	15	-1
98	16	Lc
98	17	L
98	18	-1
98	19	Lp
98	20	L
98	21	Lp
98	22	L
98	23	L
98	24	L
98	25	Lp
98	26	Lp
98	27	Lp
98	28	-1
98	29	Lp
98	30	Lp
98	31	Lp
98	32	Lp
98	33	Lp
98	34	Lp
98	35	Lp
98	36	-1
98	37	Lp
98	38	L
98	39	Lp
98	40	-1
98	41	Lp
98	42	Lp
98	43	Lp
98	44	L
98	45	L
98	46	L
98	47	L
98	48	Lc
98	49	Lc
98	50	Lc
98	51	Lc
98	52	Lc
98	53	Lp
98	54	Lp
98	55	L
98	56	Lp
98	57	Lp
98	58	Lp
98	59	Lp
98	60	L
98	61	L
98	62	L
98	63	L
98	64	L
98	65	Lc
98	66	L
98	67	L
98	68	L
98	69	-1
98	70	L
98	71	L
98	72	L
98	73	-1
98	74	-1
98	75	L
98	76	L
98	77	L
98	78	L
98	79	L
98	80	L
98	81	L
98	82	-1
98	83	L
98	84	L
98	85	-1
98	86	Lp
98	87	Lp
98	88	Lp
98	89	L
98	90	L
98	91	-1
98	92	Lp
98	93	Lc
98	94	Lc
98	95	Lc
98	96	Lc
98	97	Lc
98	98	Lp
98	99	Lp
98	100	Lc
98	101	-1
98	102	Lc
98	103	Lp
98	104	Lc
98	105	Lp
98	106	Lp
98	107	Lp
98	108	Lp
98	109	Lp
98	110	Lp
98	111	L
98	112	L
98	113	L
98	114	Lp
98	115	-1
98	116	Lp
98	117	Lp
98	118	Lp
98	119	L
99	0	Lp
99	1	Lp
99	2	Lp
99	3	Lp
99	4	-1
99	5	Lp
99	6	L
99	7	L
99	8	L
99	9	L
99	10	L
99	11	L
99	12	L
99	13	-1
99	14	Lc
99	15	Lp
99	16	Lp
99	17	-1
99	18	-1
99	19	L
99	20	-1
99	21	L
99	22	Lp
99	23	Lp
99	24	Lp
99	25	Lp
99	26	Lp
99	27	Lp
99	28	-1
99	29	Lp
99	30	Lp
99	31	Lp
99	32	Lp
99	33	Lp
99	34	Lp
99	35	Lp
99	36	Lp
99	37	-1
99	38	Lp
99	39	L
99	40	L
99	41	Lp
99	42	Lp
99	43	Lp
99	44	L
99	45	L
99	46	L
99	47	L
99	48	Lc
99	49	L
99	50	Lc
99	51	L
99	52	-1
99	53	L
99	54	L
99	55	Lp
99	56	L
99	57	Lp
99	58	Lp
99	59	Lp
99	60	Lp
99	61	L
99	62	L
99	63	Uc
99	64	Lc
99	65	-1
99	66	Lc
99	67	-1
99	68	L
99	69	L
99	70	-1
99	71	-1
99	72	L
99	73	L
99	74	L
99	75	L
99	76	-1
99	77	L
99	78	L
99	79	L
99	80	L
99	81	-1
99	82	U
99	83	L
99	84	L
99	85	-1
99	86	L
99	87	Lp
99	88	-1
99	89	Lp
99	90	L
99	91	Lc
99	92	Lp
99	93	-1
99	94	Lc
99	95	-1
99	96	Lc
99	97	Lc
99	98	Lc
99	99	Lc
99	100	Lp
99	101	-1
99	102	Lp
99	103	Lp
99	104	Lp
99	105	-1
99	106	Lp
99	107	Lp
99	108	Lp
99	109	Lp
99	110	L
99	111	L
99	112	Lp
99	113	-1
99	114	Lp
99	115	L
99	116	L
99	117	-1
99	118	Lp
99	119	Lp
100	0	Lp
100	1	Lp
100	2	Lp
100	3	Lp
100	4	L
100	5	Lp
100	6	L
100	7	L
100	8	L
100	9	L
100	10	Lp
100	11	Lp
100	12	L
100	13	Lp
100	14	L
100	15	L
100	16	L
100	17	Lp
100	18	Lp
100	19	L
100	20	L
100	21	L
100	22	L
100	23	Lp
100	24	Lp
100	25	Lp
100	26	Lp
100	27	Lp
100	28	Lp
100	29	Lp
100	30	Lp
100	31	Lp
100	32	Lp
100	33	-1
100	34	Lp
100	35	Lp
100	36	Lp
100	37	Lp
100	38	L
100	39	-1
100	40	Lp
100	41	Lp
100	42	L
100	43	-1
100	44	-1
100	45	Lp
100	46	-1
100	47	-1
100	48	L
100	49	-1
100	50	L
100	51	L
100	52	Lc
100	53	Lp
100	54	Lp
100	55	Lp
100	56	-1
100	57	Lp
100	58	Lp
100	59	-1
100	60	Lp
100	61	L
100	62	L
100	63	Uc
100	64	Lc
100	65	Lc
100	66	Lc
100	67	-1
100	68	Lc
100	69	Lc
100	70	Lc
100	71	L
100	72	L
100	73	L
100	74	L
100	75	Lp
100	76	L
100	77	L
100	78	L
100	79	L
100	80	-1
100	81	-1
100	82	L
100	83	-1
100	84	L
100	85	L
100	86	Lp
100	87	Lp
100	88	Lp
100	89	Lp
100	90	Lp
100	91	Lp
100	92	Lp
100	93	Lc
100	94	Lc
100	95	Lc
100	96	-1
100	97	Lc
100	98	Lc
100	99	-1
100	100	Lp
100	101	U
100	102	U
100	103	Lp
100	104	Lp
100	105	Lp
100	106	Lp
100	107	Lp
100	108	Lp
100	109	Lp
100	110	L
100	111	Lp
100	112	L
100	113	L
100	114	L
100	115	-1
100	116	L
100	117	L
100	118	L
100	119	Lp
101	0	Lp
101	1	Lp
101	2	Lp
101	3	L
101	4	L
101	5	-1
101	6	L
101	7	L
101	8	L
101	9	L
101	10	Lp
101	11	Lp
101	12	Lp
101	13	-1
101	14	L
101	15	Lp
101	16	L
101	17	L
101	18	L
101	19	Lp
101	20	L
101	21	L
101	22	L
101	23	-1
101	24	L
101	25	-1
101	26	L
101	27	Lp
101	28	-1
101	29	Lp
101	30	Lp
101	31	Lp
101	32	Lp
101	33	-1
101	34	Lp
101	35	Lp
101	36	L
101	37	Lp
101	38	Lp
101	39	Lp
101	40	L
101	41	L
101	42	Lp
101	43	-1
101	44	Lp
101	45	Lp
101	46	-1
101	47	Lc
101	48	-1
101	49	L
101	50	Lc
101	51	L
101	52	Lp
101	53	-1
101	54	Lp
101	55	L
101	56	Lp
101	57	-1
101	58	Lp
101	59	U
101	60	L
101	61	L
101	62	L
101	63	Lc
101	64	-1
101	65	Lcp
101	66	Lc
101	67	Lc
101	68	-1
101	69	Lc
101	70	Lc
101	71	L
101	72	L
101	73	L
101	74	L
101	75	Lp
101	76	Lp
101	77	L
101	78	L
101	79	L
101	80	L
101	81	L
101	82	Lp
101	83	Lp
101	84	L
101	85	L
101	86	-1
101	87	Lp
101	88	Lp
101	89	Lp
101	90	-1
101	91	Lp
101	92	Lp
101	93	Lc
101	94	Lc
101	95	Lc
101	96	Lc
101	97	-1
101	98	Lp
101	99	Lp
101	100	U
101	101	U
101	102	Lc
101	103	Lc
101	104	Lp
101	105	Lp
101	106	Lp
101	107	Lp
101	108	Lp
101	109	Lp
101	110	Lp
101	111	L
101	112	Lc
101	113	L
101	114	L
101	115	L
101	116	-1
101	117	-1
101	118	-1
101	119	Lp
102	0	Lp
102	1	Lp
102	2	Lp
102	3	Lp
102	4	Lp
102	5	L
102	6	L
102	7	L
102	8	L
102	9	L
102	10	L
102	11	L
102	12	L
102	13	L
102	14	-1
102	15	-1
102	16	-1
102	17	-1
102	18	L
102	19	L
102	20	L
102	21	L
102	22	L
102	23	L
102	24	L
102	25	Lp
102	26	Lp
102	27	Lp
102	28	Lp
102	29	Lp
102	30	Lp
102	31	Lp
102	32	-1
102	33	Lp
102	34	Lp
102	35	L
102	36	Lp
102	37	-1
102	38	Lp
102	39	-1
102	40	Lp
102	41	Lp
102	42	Lp
102	43	-1
102	44	Lp
102	45	Lp
102	46	Lp
102	47	Lp
102	48	Lc
102	49	Lc
102	50	Lc
102	51	Lp
102	52	Lp
102	53	-1
102	54	-1
102	55	Lp
102	56	L
102	57	L
102	58	-1
102	59	-1
102	60	-1
102	61	-1
102	62	U
102	63	U
102	64	Lc
102	65	Lcp
102	66	Lc
102	67	Uc
102	68	Uc
102	69	Lc
102	70	Lc
102	71	-1
102	72	L
102	73	-1
102	74	Lp
102	75	-1
102	76	L
102	77	L
102	78	L
102	79	L
102	80	-1
102	81	-1
102	82	L
102	83	-1
102	84	L
102	85	L
102	86	Lp
102	87	-1
102	88	Lp
102	89	-1
102	90	L
102	91	-1
102	92	-1
102	93	-1
102	94	Lc
102	95	Lp
102	96	Lp
102	97	-1
102	98	Lp
102	99	Uc
102	100	Uc
102	101	Lc
102	102	Lc
102	103	-1
102	104	-1
102	105	Lp
102	106	Lp
102	107	-1
102	108	Lp
102	109	-1
102	110	-1
102	111	-1
102	112	Lp
102	113	L
102	114	L
102	115	-1
102	116	Lp
102	117	Lp
102	118	-1
102	119	Lp
103	0	Lp
103	1	Lp
103	2	Lp
103	3	Lp
103	4	Lp
103	5	L
103	6	L
103	7	-1
103	8	U
103	9	L
103	10	Lp
103	11	Lp
103	12	Lp
103	13	L
103	14	L
103	15	L
103	16	L
103	17	L
103	18	-1
103	19	L
103	20	Lp
103	21	L
103	22	L
103	23	L
103	24	L
103	25	Lp
103	26	Lp
103	27	Lp
103	28	Lp
103	29	Lp
103	30	Lp
103	31	Lp
103	32	L
103	33	Lp
103	34	Lp
103	35	L
103	36	Lp
103	37	Lp
103	38	-1
103	39	Lp
103	40	Lp
103	41	Lp
103	42	Lp
103	43	-1
103	44	Lp
103	45	Lp
103	46	Lp
103	47	Lc
103	48	Lc
103	49	Lc
103	50	Lc
103	51	Lp
103	52	Lp
103	53	Lc
103	54	-1
103	55	-1
103	56	L
103	57	-1
103	58	L
103	59	U
103	60	U
103	61	Lp
103	62	-1
103	63	U
103	64	Lcp
103	65	Lc
103	66	Uc
103	67	Lc
103	68	Lc
103	69	Lc
103	70	-1
103	71	L
103	72	Lc
103	73	Lp
103	74	Lp
103	75	Lp
103	76	Lp
103	77	L
103	78	L
103	79	L
103	80	L
103	81	L
103	82	Lp
103	83	L
103	84	-1
103	85	L
103	86	L
103	87	Lp
103	88	Lp
103	89	L
103	90	Lp
103	91	L
103	92	L
103	93	-1
103	94	Lp
103	95	Lp
103	96	Lp
103	97	Lp
103	98	Lp
103	99	Lp
103	100	Uc
103	101	Lp
103	102	Lp
103	103	Lp
103	104	Lp
103	105	Lp
103	106	Lp
103	107	Lc
103	108	Lp
103	109	Lp
103	110	U
103	111	Lc
103	112	-1
103	113	L
103	114	L
103	115	L
103	116	Lp
103	117	L
103	118	L
103	119	Lp
104	0	Lp
104	1	Lp
104	2	Lp
104	3	Lp
104	4	Lp
104	5	Lp
104	6	L
104	7	L
104	8	L
104	9	Lp
104	10	Lp
104	11	Lp
104	12	L
104	13	L
104	14	L
104	15	L
104	16	L
104	17	L
104	18	L
104	19	Lp
104	20	Lp
104	21	U
104	22	U
104	23	Lp
104	24	Lp
104	25	Lp
104	26	Lp
104	27	Lp
104	28	Lp
104	29	-1
104	30	Lp
104	31	U
104	32	L
104	33	U
104	34	U
104	35	L
104	36	L
104	37	-1
104	38	-1
104	39	-1
104	40	Lp
104	41	-1
104	42	Lp
104	43	Lp
104	44	Lp
104	45	-1
104	46	Lc
104	47	Lp
104	48	Lc
104	49	Lc
104	50	Lp
104	51	Lp
104	52	Lc
104	53	-1
104	54	Lp
104	55	L
104	56	L
104	57	L
104	58	L
104	59	L
104	60	U
104	61	-1
104	62	Lcp
104	63	U
104	64	U
104	65	U
104	66	Lcp
104	67	-1
104	68	Lc
104	69	Lc
104	70	L
104	71	Lc
104	72	-1
104	73	Lc
104	74	Lc
104	75	Lp
104	76	L
104	77	L
104	78	Lp
104	79	-1
104	80	-1
104	81	Lp
104	82	-1
104	83	Lp
104	84	Lp
104	85	L
104	86	Lp
104	87	-1
104	88	L
104	89	Lp
104	90	Lp
104	91	L
104	92	L
104	93	Lp
104	94	Lp
104	95	Lp
104	96	Lp
104	97	Lp
104	98	Lp
104	99	-1
104	100	U
104	101	U
104	102	Lp
104	103	Lp
104	104	-1
104	105	Lp
104	106	Lp
104	107	Lp
104	108	Lc
104	109	Lp
104	110	Lp
104	111	Lc
104	112	Lc
104	113	Lp
104	114	Lp
104	115	Lp
104	116	U
104	117	Lp
104	118	L
104	119	-1
105	0	Lp
105	1	Lp
105	2	Lp
105	3	Lp
105	4	L
105	5	L
105	6	Lp
105	7	L
105	8	L
105	9	L
105	10	L
105	11	L
105	12	Lp
105	13	L
105	14	L
105	15	L
105	16	L
105	17	-1
105	18	-1
105	19	L
105	20	Lp
105	21	Lp
105	22	Lp
105	23	L
105	24	Lp
105	25	Lp
105	26	-1
105	27	U
105	28	Lp
105	29	Lp
105	30	Lp
105	31	L
105	32	L
105	33	-1
105	34	Lp
105	35	L
105	36	Lp
105	37	-1
105	38	Lp
105	39	Lp
105	40	Lp
105	41	Lp
105	42	Lp
105	43	Lp
105	44	Lp
105	45	-1
105	46	-1
105	47	-1
105	48	-1
105	49	Lp
105	50	Lc
105	51	Lc
105	52	Lp
105	53	Lc
105	54	Lp
105	55	Lp
105	56	L
105	57	L
105	58	Lp
105	59	Lp
105	60	Lp
105	61	U
105	62	Lcp
105	63	-1
105	64	U
105	65	U
105	66	Lc
105	67	Lc
105	68	Lc
105	69	-1
105	70	L
105	71	-1
105	72	Lc
105	73	Lc
105	74	-1
105	75	L
105	76	L
105	77	L
105	78	-1
105	79	Lp
105	80	-1
105	81	Lp
105	82	Lp
105	83	L
105	84	L
105	85	-1
105	86	Lp
105	87	Lp
105	88	Lp
105	89	Lp
105	90	Lp
105	91	-1
105	92	Lp
105	93	Lp
105	94	Lp
105	95	Lp
105	96	Lp
105	97	-1
105	98	Lp
105	99	Lp
105	100	Lp
105	101	Lp
105	102	Lp
105	103	-1
105	104	Lp
105	105	Lp
105	106	-1
105	107	Lp
105	108	Lc
105	109	Lc
105	110	Lc
105	111	-1
105	112	Lp
105	113	Lp
105	114	Lp
105	115	-1
105	116	Lp
105	117	U
105	118	-1
105	119	U
106	0	-1
106	1	U
106	2	-1
106	3	Lp
106	4	-1
106	5	L
106	6	Lp
106	7	Lp
106	8	-1
106	9	L
106	10	L
106	11	Lp
106	12	-1
106	13	L
106	14	L
106	15	L
106	16	L
106	17	L
106	18	L
106	19	L
106	20	Lp
106	21	U
106	22	L
106	23	Lp
106	24	Lp
106	25	Lp
106	26	Lp
106	27	U
106	28	Lp
106	29	Lp
106	30	Lp
106	31	-1
106	32	L
106	33	Lp
106	34	-1
106	35	Lp
106	36	L
106	37	L
106	38	Lp
106	39	-1
106	40	Lp
106	41	Lp
106	42	-1
106	43	-1
106	44	Lp
106	45	Lp
106	46	-1
106	47	-1
106	48	L
106	49	-1
106	50	Lp
106	51	Lp
106	52	Lp
106	53	Lp
106	54	Lc
106	55	Lc
106	56	L
106	57	L
106	58	Lp
106	59	L
106	60	Lp
106	61	Lp
106	62	Lcp
106	63	-1
106	64	U
106	65	Lc
106	66	Lc
106	67	Lc
106	68	L
106	69	L
106	70	Lc
106	71	L
106	72	L
106	73	Lc
106	74	Lc
106	75	L
106	76	Lc
106	77	L
106	78	L
106	79	Lp
106	80	Lp
106	81	Lp
106	82	Lp
106	83	-1
106	84	L
106	85	Lp
106	86	Lp
106	87	Lp
106	88	Lp
106	89	Lp
106	90	-1
106	91	Lp
106	92	Lp
106	93	Lp
106	94	Lp
106	95	Lp
106	96	Lp
106	97	Lp
106	98	U
106	99	Lp
106	100	Lp
106	101	Lp
106	102	Lp
106	103	-1
106	104	Lp
106	105	Lp
106	106	Lp
106	107	Lc
106	108	Lc
106	109	-1
106	110	L
106	111	Lc
106	112	Lp
106	113	-1
106	114	Lc
106	115	Lp
106	116	Lp
106	117	Lp
106	118	Lp
106	119	-1
107	0	Lp
107	1	U
107	2	Lp
107	3	L
107	4	L
107	5	Lc
107	6	Lc
107	7	Lp
107	8	Lp
107	9	L
107	10	Lp
107	11	L
107	12	L
107	13	-1
107	14	L
107	15	L
107	16	Lp
107	17	Lp
107	18	Lcp
107	19	-1
107	20	L
107	21	U
107	22	-1
107	23	U
107	24	U
107	25	U
107	26	Lp
107	27	U
107	28	L
107	29	L
107	30	-1
107	31	Lp
107	32	Lp
107	33	-1
107	34	Lp
107	35	Lp
107	36	Lp
107	37	Lp
107	38	-1
107	39	-1
107	40	Lp
107	41	Lp
107	42	Lp
107	43	Lp
107	44	Lp
107	45	L
107	46	-1
107	47	-1
107	48	Lc
107	49	-1
107	50	-1
107	51	Lp
107	52	Lp
107	53	Lp
107	54	Lc
107	55	Lp
107	56	Lp
107	57	L
107	58	Lp
107	59	-1
107	60	-1
107	61	Lp
107	62	L
107	63	-1
107	64	-1
107	65	-1
107	66	Lc
107	67	Lc
107	68	-1
107	69	Lc
107	70	Lc
107	71	Lc
107	72	Uc
107	73	Lc
107	74	Lc
107	75	Lc
107	76	Lc
107	77	Lc
107	78	-1
107	79	Lp
107	80	Lp
107	81	Lp
107	82	Lp
107	83	Lp
107	84	Lp
107	85	Lp
107	86	Lp
107	87	Lp
107	88	Lp
107	89	Lp
107	90	Lp
107	91	Lp
107	92	Lp
107	93	Lp
107	94	Lp
107	95	Lp
107	96	Lp
107	97	Lp
107	98	Lp
107	99	Lp
107	100	Lp
107	101	Lp
107	102	Lp
107	103	-1
107	104	Lp
107	105	-1
107	106	Lp
107	107	Lc
107	108	Uc
107	109	-1
107	110	Lc
107	111	L
107	112	Lp
107	113	-1
107	114	-1
107	115	Lp
107	116	Lp
107	117	Lp
107	118	L
107	119	Lc
108	0	Lp
108	1	Lc
108	2	L
108	3	L
108	4	-1
108	5	L
108	6	Lc
108	7	L
108	8	L
108	9	L
108	10	L
108	11	-1
108	12	L
108	13	L
108	14	L
108	15	Lcp
108	16	-1
108	17	Lcp
108	18	Lcp
108	19	Lcp
108	20	L
108	21	Lp
108	22	Lp
108	23	-1
108	24	Lp
108	25	-1
108	26	Lp
108	27	U
108	28	L
108	29	L
108	30	Lp
108	31	-1
108	32	-1
108	33	Lp
108	34	-1
108	35	Lp
108	36	Lp
108	37	Lp
108	38	Lp
108	39	Lp
108	40	Lp
108	41	Lp
108	42	Lp
108	43	Lp
108	44	L
108	45	Lp
108	46	Lc
108	47	Lc
108	48	Lc
108	49	-1
108	50	-1
108	51	Lc
108	52	Lp
108	53	Lp
108	54	Lc
108	55	Lc
108	56	Lp
108	57	-1
108	58	L
108	59	Lp
108	60	L
108	61	L
108	62	Lp
108	63	L
108	64	Lp
108	65	Lp
108	66	L
108	67	Lc
108	68	Lc
108	69	Lc
108	70	-1
108	71	Lc
108	72	Lc
108	73	Lc
108	74	L
108	75	Lc
108	76	Lcp
108	77	-1
108	78	Lc
108	79	-1
108	80	-1
108	81	Lp
108	82	Lp
108	83	Lp
108	84	-1
108	85	-1
108	86	-1
108	87	Lp
108	88	-1
108	89	Lp
108	90	Lp
108	91	L
108	92	L
108	93	L
108	94	-1
108	95	-1
108	96	Lp
108	97	Lp
108	98	Lp
108	99	L
108	100	Lp
108	101	Lp
108	102	Lp
108	103	Lp
108	104	Lp
108	105	Lp
108	106	Lp
108	107	-1
108	108	Lc
108	109	Lp
108	110	-1
108	111	Lp
108	112	Lp
108	113	Lp
108	114	-1
108	115	Lp
108	116	Lp
108	117	-1
108	118	-1
108	119	Lc
109	0	Lc
109	1	Lp
109	2	L
109	3	L
109	4	L
109	5	Lp
109	6	Lc
109	7	L
109	8	L
109	9	Lp
109	10	L
109	11	L
109	12	L
109	13	L
109	14	L
109	15	Lcp
109	16	Lcp
109	17	Lcp
109	18	-1
109	19	-1
109	20	Lcp
109	21	Lcp
109	22	Lp
109	23	-1
109	24	-1
109	25	U
109	26	Lp
109	27	Lp
109	28	L
109	29	U
109	30	-1
109	31	Lp
109	32	Lp
109	33	Lp
109	34	Lp
109	35	Lp
109	36	Lp
109	37	Lp
109	38	Lp
109	39	Lp
109	40	Lp
109	41	Lp
109	42	Lp
109	43	L
109	44	L
109	45	L
109	46	L
109	47	-1
109	48	Lp
109	49	L
109	50	Lp
109	51	Lp
109	52	Lp
109	53	-1
109	54	Lp
109	55	-1
109	56	Lp
109	57	-1
109	58	Lp
109	59	L
109	60	-1
109	61	Lp
109	62	Lp
109	63	Lc
109	64	-1
109	65	Lc
109	66	L
109	67	Lc
109	68	Lc
109	69	-1
109	70	Lc
109	71	Lc
109	72	Lc
109	73	Lc
109	74	-1
109	75	L
109	76	L
109	77	L
109	78	L
109	79	-1
109	80	L
109	81	Lp
109	82	Lp
109	83	Lp
109	84	Lp
109	85	Lp
109	86	Lp
109	87	L
109	88	Lp
109	89	-1
109	90	Lp
109	91	L
109	92	L
109	93	L
109	94	Lp
109	95	Lp
109	96	-1
109	97	L
109	98	Lp
109	99	Lp
109	100	L
109	101	-1
109	102	Lcp
109	103	Lcp
109	104	-1
109	105	Lp
109	106	-1
109	107	Lp
109	108	Lc
109	109	Lp
109	110	Lp
109	111	Lp
109	112	Lp
109	113	Lp
109	114	Lp
109	115	Lp
109	116	Lp
109	117	Lp
109	118	Lp
109	119	Lc
110	0	-1
110	1	Lc
110	2	Lp
110	3	-1
110	4	Lp
110	5	-1
110	6	Lc
110	7	-1
110	8	Lp
110	9	Lp
110	10	Lc
110	11	-1
110	12	L
110	13	L
110	14	L
110	15	L
110	16	Lcp
110	17	Lcp
110	18	Lcp
110	19	-1
110	20	Lcp
110	21	Lp
110	22	Lcp
110	23	-1
110	24	Lp
110	25	Lc
110	26	Lp
110	27	-1
110	28	Lp
110	29	Lp
110	30	Lp
110	31	Lp
110	32	Lp
110	33	Lp
110	34	L
110	35	Lp
110	36	Lp
110	37	Lp
110	38	-1
110	39	-1
110	40	Lp
110	41	Lp
110	42	U
110	43	Lp
110	44	L
110	45	L
110	46	Lp
110	47	-1
110	48	L
110	49	L
110	50	L
110	51	Lp
110	52	Lp
110	53	Lp
110	54	Lp
110	55	L
110	56	Lp
110	57	Lp
110	58	Lp
110	59	Lp
110	60	Lp
110	61	Lp
110	62	Lp
110	63	Lp
110	64	Lc
110	65	Lc
110	66	Lp
110	67	Lc
110	68	Lp
110	69	Lc
110	70	Lc
110	71	Lc
110	72	Lc
110	73	Lc
110	74	Lc
110	75	L
110	76	Lc
110	77	L
110	78	L
110	79	L
110	80	L
110	81	Lc
110	82	-1
110	83	Lp
110	84	Lp
110	85	Lp
110	86	-1
110	87	L
110	88	Lp
110	89	Lp
110	90	Lp
110	91	L
110	92	L
110	93	Lp
110	94	Lp
110	95	Lp
110	96	L
110	97	-1
110	98	-1
110	99	Lp
110	100	Lp
110	101	Lp
110	102	L
110	103	Lcp
110	104	Lcp
110	105	Lp
110	106	Lp
110	107	Lp
110	108	Lp
110	109	Lc
110	110	Lc
110	111	Lp
110	112	-1
110	113	Lp
110	114	Lp
110	115	Lp
110	116	Lp
110	117	-1
110	118	-1
110	119	Lc
111	0	Lp
111	1	L
111	2	L
111	3	Lp
111	4	L
111	5	Lp
111	6	Lp
111	7	Lc
111	8	Lp
111	9	Lc
111	10	Lc
111	11	-1
111	12	L
111	13	L
111	14	L
111	15	L
111	16	L
111	17	L
111	18	-1
111	19	Lcp
111	20	Lcp
111	21	Lcp
111	22	Lcp
111	23	Lcp
111	24	Lp
111	25	-1
111	26	Lp
111	27	U
111	28	Lp
111	29	Lp
111	30	Lp
111	31	-1
111	32	Lp
111	33	-1
111	34	L
111	35	Lp
111	36	L
111	37	L
111	38	Lp
111	39	L
111	40	Lp
111	41	Lp
111	42	U
111	43	Lp
111	44	Lp
111	45	-1
111	46	Lp
111	47	Lp
111	48	-1
111	49	L
111	50	L
111	51	L
111	52	L
111	53	Lp
111	54	L
111	55	Lp
111	56	Lp
111	57	Lp
111	58	L
111	59	L
111	60	-1
111	61	Lp
111	62	-1
111	63	Lp
111	64	Lp
111	65	Lc
111	66	Lc
111	67	Lp
111	68	Lc
111	69	Lc
111	70	Lc
111	71	Lc
111	72	Lc
111	73	-1
111	74	L
111	75	-1
111	76	-1
111	77	Lc
111	78	Lc
111	79	Lc
111	80	-1
111	81	L
111	82	Lc
111	83	L
111	84	L
111	85	-1
111	86	L
111	87	L
111	88	Lp
111	89	Lp
111	90	Lp
111	91	L
111	92	L
111	93	Lp
111	94	Lp
111	95	Lp
111	96	Lp
111	97	L
111	98	L
111	99	L
111	100	L
111	101	-1
111	102	-1
111	103	L
111	104	L
111	105	L
111	106	Lp
111	107	Lc
111	108	Lc
111	109	L
111	110	L
111	111	Lc
111	112	-1
111	113	-1
111	114	-1
111	115	Lp
111	116	Lp
111	117	-1
111	118	Lcp
111	119	Lc
112	0	L
112	1	-1
112	2	L
112	3	Lc
112	4	Lp
112	5	Lp
112	6	Lcp
112	7	Lcp
112	8	Lp
112	9	Lc
112	10	Lc
112	11	Lc
112	12	Lc
112	13	-1
112	14	Lcp
112	15	L
112	16	L
112	17	L
112	18	-1
112	19	Lcp
112	20	Lcp
112	21	Lcp
112	22	Lcp
112	23	Lc
112	24	Lp
112	25	Lp
112	26	Lc
112	27	Lc
112	28	-1
112	29	Lp
112	30	Lp
112	31	Lp
112	32	Lp
112	33	Lp
112	34	L
112	35	Lp
112	36	-1
112	37	L
112	38	L
112	39	L
112	40	-1
112	41	L
112	42	L
112	43	Lp
112	44	Lp
112	45	Lp
112	46	Lp
112	47	Lp
112	48	L
112	49	L
112	50	L
112	51	L
112	52	Lp
112	53	L
112	54	Lp
112	55	Lp
112	56	Lp
112	57	Lp
112	58	L
112	59	L
112	60	U
112	61	L
112	62	Lp
112	63	Lp
112	64	-1
112	65	Lp
112	66	Lp
112	67	Lp
112	68	Lp
112	69	Lp
112	70	Lc
112	71	Lc
112	72	Lc
112	73	Lcp
112	74	Lc
112	75	Lc
112	76	-1
112	77	Lcp
112	78	-1
112	79	Lc
112	80	Lc
112	81	-1
112	82	Lc
112	83	Lc
112	84	L
112	85	L
112	86	L
112	87	L
112	88	L
112	89	L
112	90	L
112	91	-1
112	92	Lp
112	93	Lp
112	94	-1
112	95	L
112	96	L
112	97	Lp
112	98	U
112	99	-1
112	100	L
112	101	L
112	102	Lcp
112	103	-1
112	104	L
112	105	L
112	106	Lc
112	107	Lp
112	108	Lp
112	109	L
112	110	Lc
112	111	Lc
112	112	-1
112	113	L
112	114	Lp
112	115	Lp
112	116	Lp
112	117	-1
112	118	U
112	119	Lcp
113	0	Lcp
113	1	Lcp
113	2	L
113	3	Lp
113	4	-1
113	5	Lcp
113	6	Lcp
113	7	Lcp
113	8	Lcp
113	9	Lcp
113	10	Lc
113	11	Lc
113	12	Lc
113	13	-1
113	14	Lcp
113	15	Lcp
113	16	Lcp
113	17	Lcp
113	18	Lcp
113	19	Lc
113	20	Lc
113	21	-1
113	22	Lcp
113	23	Lc
113	24	Lp
113	25	Lp
113	26	-1
113	27	Lp
113	28	-1
113	29	Lp
113	30	Lp
113	31	Lp
113	32	-1
113	33	Lp
113	34	Lp
113	35	L
113	36	U
113	37	Lp
113	38	L
113	39	L
113	40	Lp
113	41	Lp
113	42	L
113	43	L
113	44	Lp
113	45	Lp
113	46	Lp
113	47	Lp
113	48	L
113	49	-1
113	50	L
113	51	L
113	52	L
113	53	L
113	54	Lp
113	55	Lp
113	56	Lp
113	57	-1
113	58	Lp
113	59	-1
113	60	L
113	61	Lp
113	62	Lp
113	63	Lp
113	64	Lp
113	65	Lp
113	66	Lp
113	67	Lp
113	68	Lp
113	69	Lp
113	70	Lc
113	71	Lc
113	72	Lp
113	73	Lp
113	74	Lc
113	75	-1
113	76	L
113	77	L
113	78	Lcp
113	79	Lc
113	80	Lc
113	81	Lc
113	82	Lc
113	83	Lc
113	84	-1
113	85	L
113	86	Lp
113	87	Lp
113	88	L
113	89	L
113	90	U
113	91	L
113	92	Lp
113	93	L
113	94	L
113	95	-1
113	96	Lp
113	97	-1
113	98	L
113	99	-1
113	100	L
113	101	L
113	102	Lcp
113	103	Lp
113	104	L
113	105	L
113	106	Lc
113	107	L
113	108	L
113	109	Lc
113	110	L
113	111	L
113	112	L
113	113	L
113	114	L
113	115	Lp
113	116	Lp
113	117	Lp
113	118	Lcp
113	119	Lcp
114	0	Lcp
114	1	-1
114	2	L
114	3	L
114	4	Lcp
114	5	-1
114	6	Lcp
114	7	Lp
114	8	Lcp
114	9	Lcp
114	10	Lcp
114	11	Lcp
114	12	-1
114	13	Lcp
114	14	Lcp
114	15	Lcp
114	16	Lcp
114	17	L
114	18	Lcp
114	19	Lp
114	20	-1
114	21	Lc
114	22	-1
114	23	-1
114	24	Lp
114	25	Lp
114	26	Lp
114	27	U
114	28	Lp
114	29	Lp
114	30	Lp
114	31	Lp
114	32	Lp
114	33	Lp
114	34	Lp
114	35	Lp
114	36	Lp
114	37	-1
114	38	L
114	39	L
114	40	U
114	41	L
114	42	Lp
114	43	L
114	44	Lp
114	45	Lp
114	46	L
114	47	Lp
114	48	Lp
114	49	L
114	50	Lp
114	51	L
114	52	Lp
114	53	-1
114	54	-1
114	55	Lp
114	56	-1
114	57	-1
114	58	Lp
114	59	Lp
114	60	-1
114	61	Lp
114	62	Lp
114	63	Lp
114	64	L
114	65	Lp
114	66	Lp
114	67	-1
114	68	Lp
114	69	Lp
114	70	Lp
114	71	Lp
114	72	Lp
114	73	-1
114	74	Lp
114	75	Lc
114	76	Lc
114	77	Lc
114	78	Lc
114	79	Lc
114	80	Lc
114	81	Lc
114	82	Lc
114	83	Lc
114	84	L
114	85	L
114	86	L
114	87	-1
114	88	Lp
114	89	L
114	90	L
114	91	-1
114	92	L
114	93	L
114	94	L
114	95	Lp
114	96	Lp
114	97	Lp
114	98	-1
114	99	Lp
114	100	-1
114	101	L
114	102	L
114	103	Lp
114	104	Lp
114	105	Lp
114	106	-1
114	107	Lp
114	108	L
114	109	Lc
114	110	L
114	111	Lc
114	112	L
114	113	-1
114	114	L
114	115	Lp
114	116	Lp
114	117	Lp
114	118	U
114	119	Lcp
115	0	Lcp
115	1	Lc
115	2	L
115	3	Lcp
115	4	Lcp
115	5	-1
115	6	Lcp
115	7	-1
115	8	Lp
115	9	Lcp
115	10	Lcp
115	11	Lcp
115	12	Lcp
115	13	L
115	14	Lc
115	15	Lp
115	16	Lcp
115	17	Lcp
115	18	Lp
115	19	Lp
115	20	Lc
115	21	Lcp
115	22	Lc
115	23	Lcp
115	24	Lc
115	25	Lc
115	26	L
115	27	Lp
115	28	Lp
115	29	Lp
115	30	Lp
115	31	Lp
115	32	Lp
115	33	L
115	34	Lp
115	35	Lp
115	36	-1
115	37	L
115	38	L
115	39	-1
115	40	-1
115	41	-1
115	42	-1
115	43	Lp
115	44	Lp
115	45	Lp
115	46	Lp
115	47	Lp
115	48	Lp
115	49	Lp
115	50	-1
115	51	Lp
115	52	L
115	53	Lp
115	54	Lp
115	55	Lp
115	56	-1
115	57	Lp
115	58	Lp
115	59	-1
115	60	Lp
115	61	Lp
115	62	Lp
115	63	L
115	64	L
115	65	Lp
115	66	-1
115	67	-1
115	68	Lp
115	69	Lp
115	70	Lp
115	71	Lp
115	72	Lp
115	73	Lp
115	74	Lp
115	75	Lc
115	76	Lc
115	77	Lc
115	78	Lc
115	79	-1
115	80	Lc
115	81	Lc
115	82	Lc
115	83	Lc
115	84	Lc
115	85	L
115	86	-1
115	87	L
115	88	L
115	89	L
115	90	L
115	91	L
115	92	L
115	93	Lp
115	94	-1
115	95	L
115	96	Lp
115	97	-1
115	98	Lp
115	99	Lp
115	100	L
115	101	L
115	102	-1
115	103	Lp
115	104	Lp
115	105	Lp
115	106	Lp
115	107	Lp
115	108	Lc
115	109	Lc
115	110	Lc
115	111	L
115	112	L
115	113	L
115	114	-1
115	115	Lp
115	116	Lp
115	117	Lcp
115	118	Lcp
115	119	U
116	0	Lc
116	1	Lcp
116	2	Lc
116	3	Lc
116	4	Lcp
116	5	Lcp
116	6	Lcp
116	7	Lc
116	8	Uc
116	9	Lcp
116	10	L
116	11	-1
116	12	Lc
116	13	Lc
116	14	Lp
116	15	Lp
116	16	Lp
116	17	L
116	18	Lp
116	19	Lp
116	20	Lp
116	21	-1
116	22	Lc
116	23	Lc
116	24	-1
116	25	-1
116	26	-1
116	27	L
116	28	Lp
116	29	Lp
116	30	Lp
116	31	Lp
116	32	Lp
116	33	-1
116	34	Lp
116	35	Lp
116	36	-1
116	37	L
116	38	-1
116	39	L
116	40	L
116	41	-1
116	42	-1
116	43	L
116	44	Lp
116	45	-1
116	46	L
116	47	Lp
116	48	Lp
116	49	Lp
116	50	Lp
116	51	L
116	52	-1
116	53	Lp
116	54	Lp
116	55	-1
116	56	-1
116	57	Lp
116	58	Lp
116	59	Lp
116	60	Lp
116	61	Lp
116	62	Lp
116	63	L
116	64	-1
116	65	Lp
116	66	-1
116	67	-1
116	68	-1
116	69	Lc
116	70	-1
116	71	Lp
116	72	Lp
116	73	Lp
116	74	Lp
116	75	Lp
116	76	Lc
116	77	Lc
116	78	Lc
116	79	Lc
116	80	Lc
116	81	Lc
116	82	Uc
116	83	Lc
116	84	Lc
116	85	Lc
116	86	Lp
116	87	Lp
116	88	L
116	89	L
116	90	L
116	91	L
116	92	Lp
116	93	-1
116	94	Lp
116	95	Lp
116	96	L
116	97	L
116	98	-1
116	99	-1
116	100	L
116	101	-1
116	102	L
116	103	L
116	104	Lp
116	105	Lp
116	106	Lp
116	107	Lc
116	108	-1
116	109	Lc
116	110	Lc
116	111	Lc
116	112	L
116	113	-1
116	114	Lcp
116	115	Lcp
116	116	Lcp
116	117	L
116	118	Lcp
116	119	-1
117	0	Lc
117	1	Lc
117	2	Lc
117	3	Lc
117	4	Lc
117	5	Lcp
117	6	-1
117	7	Lcp
117	8	Lc
117	9	L
117	10	U
117	11	L
117	12	Lcp
117	13	Lcp
117	14	Lp
117	15	Lp
117	16	Lcp
117	17	Lp
117	18	Lp
117	19	Lp
117	20	-1
117	21	Lp
117	22	-1
117	23	-1
117	24	Lc
117	25	Lc
117	26	Lp
117	27	U
117	28	U
117	29	U
117	30	-1
117	31	U
117	32	Lp
117	33	Lp
117	34	Lp
117	35	Lp
117	36	-1
117	37	Lp
117	38	L
117	39	L
117	40	-1
117	41	L
117	42	Lp
117	43	Lp
117	44	-1
117	45	-1
117	46	L
117	47	-1
117	48	Lp
117	49	L
117	50	Lp
117	51	-1
117	52	Lp
117	53	-1
117	54	Lp
117	55	-1
117	56	Lp
117	57	Lp
117	58	Lp
117	59	Lp
117	60	-1
117	61	-1
117	62	Lp
117	63	Lp
117	64	Lp
117	65	-1
117	66	-1
117	67	-1
117	68	Lc
117	69	Lc
117	70	Lc
117	71	Lc
117	72	-1
117	73	Lp
117	74	Lp
117	75	Lp
117	76	Lc
117	77	Lc
117	78	Lc
117	79	Lc
117	80	-1
117	81	Lc
117	82	Lc
117	83	Lc
117	84	Lc
117	85	Lp
117	86	-1
117	87	L
117	88	L
117	89	L
117	90	L
117	91	L
117	92	-1
117	93	U
117	94	-1
117	95	Lp
117	96	L
117	97	Lp
117	98	Lp
117	99	L
117	100	L
117	101	L
117	102	Lp
117	103	Lp
117	104	Lp
117	105	Lp
117	106	Lp
117	107	-1
117	108	Lc
117	109	Lc
117	110	Lc
117	111	L
117	112	Lc
117	113	Lc
117	114	-1
117	115	-1
117	116	Lcp
117	117	L
117	118	-1
117	119	Lc
118	0	-1
118	1	L
118	2	U
118	3	U
118	4	Lc
118	5	L
118	6	L
118	7	L
118	8	Lc
118	9	L
118	10	Lcp
118	11	U
118	12	Lcp
118	13	Lp
118	14	Lp
118	15	Lcp
118	16	Lcp
118	17	Lcp
118	18	Lp
118	19	Lcp
118	20	Lp
118	21	Lp
118	22	-1
118	23	Lcp
118	24	Lc
118	25	Lc
118	26	Lp
118	27	L
118	28	U
118	29	Lcp
118	30	U
118	31	U
118	32	-1
118	33	L
118	34	-1
118	35	-1
118	36	Lp
118	37	Lp
118	38	Lp
118	39	L
118	40	L
118	41	Lp
118	42	Lp
118	43	L
118	44	L
118	45	L
118	46	L
118	47	L
118	48	-1
118	49	L
118	50	L
118	51	L
118	52	Lp
118	53	-1
118	54	Lp
118	55	Lp
118	56	Lp
118	57	Lp
118	58	Lcp
118	59	Lp
118	60	Lp
118	61	Lp
118	62	Lp
118	63	Lp
118	64	-1
118	65	-1
118	66	Lc
118	67	-1
118	68	Lc
118	69	Lc
118	70	Lc
118	71	Lc
118	72	Lc
118	73	Lc
118	74	Lc
118	75	Lc
118	76	Lc
118	77	Lc
118	78	Lc
118	79	Lc
118	80	Lp
118	81	-1
118	82	Lc
118	83	Lc
118	84	Lc
118	85	-1
118	86	L
118	87	L
118	88	L
118	89	L
118	90	Lp
118	91	L
118	92	U
118	93	L
118	94	Lp
118	95	L
118	96	Lp
118	97	Lp
118	98	Lp
118	99	L
118	100	Lp
118	101	Lp
118	102	Lp
118	103	-1
118	104	Lp
118	105	Lp
118	106	-1
118	107	Lc
118	108	Lc
118	109	Lc
118	110	Lc
118	111	Lc
118	112	Lc
118	113	Lc
118	114	Lcp
118	115	-1
118	116	-1
118	117	-1
118	118	L
118	119	Lc
119	0	Lc
119	1	Lc
119	2	L
119	3	U
119	4	L
119	5	L
119	6	L
119	7	Lc
119	8	Lc
119	9	Lc
119	10	L
119	11	Lcp
119	12	Lp
119	13	Lcp
119	14	Lp
119	15	Lcp
119	16	Lcp
119	17	Lcp
119	18	-1
119	19	Lcp
119	20	-1
119	21	Lp
119	22	-1
119	23	Lp
119	24	Lp
119	25	L
119	26	-1
119	27	L
119	28	L
119	29	Lcp
119	30	Lcp
119	31	L
119	32	Lp
119	33	U
119	34	Lp
119	35	L
119	36	Lp
119	37	-1
119	38	Lp
119	39	U
119	40	L
119	41	Lp
119	42	L
119	43	L
119	44	L
119	45	L
119	46	L
119	47	L
119	48	L
119	49	L
119	50	L
119	51	Lcp
119	52	Lp
119	53	-1
119	54	Lp
119	55	Lp
119	56	Lp
119	57	-1
119	58	Lp
119	59	Lcp
119	60	Lp
119	61	L
119	62	Lp
119	63	Lp
119	64	-1
119	65	Lp
119	66	Lp
119	67	Lc
119	68	Lp
119	69	Lc
119	70	Lc
119	71	Lc
119	72	Lc
119	73	Lc
119	74	Lp
119	75	Lp
119	76	Lp
119	77	-1
119	78	Lp
119	79	Lp
119	80	Lc
119	81	-1
119	82	Lc
119	83	Lp
119	84	-1
119	85	Lp
119	86	L
119	87	L
119	88	-1
119	89	L
119	90	L
119	91	L
119	92	Lp
119	93	Lp
119	94	U
119	95	Lp
119	96	Lp
119	97	Lp
119	98	-1
119	99	-1
119	100	Lp
119	101	-1
119	102	Lp
119	103	Lp
119	104	Lp
119	105	Lp
119	106	Lp
119	107	Lc
119	108	Lc
119	109	Lc
119	110	-1
119	111	-1
119	112	Lcp
119	113	Lc
119	114	Lc
119	115	Lcp
119	116	Lcp
119	117	Lcp
119	118	Lcp
119	119	Lc
