0	0	L
0	1	L
0	2	L
0	3	L
0	4	Lp
0	5	Lp
0	6	Lp
0	7	-1
0	8	Lp
0	9	Lp
0	10	Lp
0	11	Lp
0	12	Lp
0	13	-1
0	14	Lp
0	15	-1
0	16	-1
0	17	L
0	18	Lp
0	19	Lp
0	20	Lp
0	21	Lp
0	22	-1
0	23	L
0	24	Lp
0	25	Lp
0	26	L
0	27	-1
0	28	L
0	29	L
0	30	Lp
0	31	Lp
0	32	Lp
0	33	Lp
0	34	-1
0	35	Lp
0	36	-1
0	37	Lp
0	38	Lp
0	39	Lp
0	40	Lp
0	41	Lp
0	42	L
0	43	Lp
0	44	L
0	45	Lp
0	46	Lp
0	47	Lp
0	48	Lp
0	49	Lp
0	50	Lp
0	51	Lp
0	52	Lp
0	53	-1
0	54	L
0	55	L
0	56	L
0	57	U
0	58	Lp
0	59	-1
0	60	Lp
0	61	Lp
0	62	Lp
0	63	Lp
0	64	-1
0	65	-1
0	66	Lp
0	67	Lp
0	68	Lp
0	69	Lp
0	70	Lp
0	71	-1
0	72	Lp
0	73	-1
0	74	-1
0	75	-1
0	76	L
0	77	L
0	78	Lp
0	79	L
0	80	L
0	81	L
0	82	L
0	83	L
0	84	-1
0	85	Lp
0	86	L
0	87	L
0	88	-1
0	89	Lp
0	90	-1
0	91	-1
0	92	L
0	93	L
0	94	L
0	95	L
0	96	L
0	97	-1
0	98	L
0	99	L
0	100	-1
0	101	-1
0	102	U
0	103	L
0	104	-1
0	105	-1
0	106	Lp
0	107	Lp
0	108	Lp
0	109	Lp
0	110	-1
0	111	-1
0	112	Lp
0	113	Lp
0	114	Lp
0	115	L
0	116	L
0	117	L
0	118	Lp
0	119	-1
1	0	-1
1	1	L
1	2	L
1	3	L
1	4	L
1	5	Lp
1	6	Lp
1	7	U
1	8	U
1	9	Lp
1	10	Lp
1	11	Lp
1	12	Lp
1	13	U
1	14	U
1	15	Lp
1	16	Lp
1	17	Lp
1	18	Lp
1	19	Lp
1	20	Lp
1	21	-1
1	22	Lp
1	23	L
1	24	L
1	25	L
1	26	U
1	27	L
1	28	L
1	29	-1
1	30	Lp
1	31	Lp
1	32	-1
1	33	Lp
1	34	-1
1	35	L
1	36	L
1	37	L
1	38	U
1	39	Lp
1	40	Lp
1	41	Lp
1	42	Lp
1	43	Lp
1	44	Lp
1	45	Lp
1	46	Lp
1	47	Lp
1	48	Lp
1	49	Lp
1	50	Lp
1	51	-1
1	52	L
1	53	L
1	54	L
1	55	L
1	56	-1
1	57	L
1	58	Lp
1	59	Lp
1	60	Lp
1	61	Lp
1	62	Lp
1	63	Lp
1	64	Lp
1	65	Lp
1	66	Lp
1	67	Lp
1	68	Lp
1	69	Lp
1	70	Lp
1	71	Lp
1	72	Lp
1	73	Lp
1	74	-1
1	75	-1
1	76	-1
1	77	Lp
1	78	L
1	79	Lp
1	80	L
1	81	L
1	82	L
1	83	Lp
1	84	-1
1	85	L
1	86	L
1	87	-1
1	88	-1
1	89	L
1	90	L
1	91	L
1	92	L
1	93	L
1	94	Lp
1	95	L
1	96	Lp
1	97	L
1	98	L
1	99	-1
1	100	L
1	101	U
1	102	-1
1	103	L
1	104	-1
1	105	L
1	106	L
1	107	Lp
1	108	Lp
1	109	Lp
1	110	Lp
1	111	Lp
1	112	Lp
1	113	L
1	114	Lp
1	115	-1
1	116	-1
1	117	-1
1	118	L
1	119	-1
2	0	-1
2	1	L
2	2	L
2	3	L
2	4	L
2	5	Lp
2	6	Lp
2	7	U
2	8	Lp
2	9	-1
2	10	Lp
2	11	-1
2	12	-1
2	13	U
2	14	-1
2	15	U
2	16	-1
2	17	Lp
2	18	-1
2	19	Lp
2	20	Lp
2	21	Lp
2	22	Lp
2	23	L
2	24	L
2	25	L
2	26	L
2	27	U
2	28	Lp
2	29	Lp
2	30	Lp
2	31	Lp
2	32	-1
2	33	Lp
2	34	L
2	35	L
2	36	L
2	37	L
2	38	L
2	39	Lp
2	40	Lp
2	41	Lp
2	42	Lp
2	43	Lp
2	44	Lp
2	45	U
2	46	-1
2	47	-1
2	48	Lp
2	49	Lp
2	50	-1
2	51	-1
2	52	-1
2	53	-1
2	54	L
2	55	L
2	56	L
2	57	L
2	58	-1
2	59	Lp
2	60	Lp
2	61	Lp
2	62	Lp
2	63	Lp
2	64	Lp
2	65	Lp
2	66	Lp
2	67	Lp
2	68	Lp
2	69	Lp
2	70	Lp
2	71	-1
2	72	Lp
2	73	L
2	74	Lp
2	75	-1
2	76	Lp
2	77	-1
2	78	Lp
2	79	L
2	80	L
2	81	L
2	82	L
2	83	-1
2	84	Lp
2	85	Lp
2	86	L
2	87	U
2	88	L
2	89	Lp
2	90	-1
2	91	L
2	92	Lp
2	93	L
2	94	L
2	95	Lp
2	96	Lp
2	97	Lp
2	98	-1
2	99	L
2	100	U
2	101	U
2	102	U
2	103	U
2	104	U
2	105	L
2	106	L
2	107	L
2	108	-1
2	109	Lp
2	110	Lp
2	111	Lp
2	112	-1
2	113	-1
2	114	L
2	115	L
2	116	-1
2	117	L
2	118	Lp
2	119	Lp
3	0	Lp
3	1	-1
3	2	Lp
3	3	-1
3	4	L
3	5	Lp
3	6	Lp
3	7	Lp
3	8	Lp
3	9	Lp
3	10	Lp
3	11	-1
3	12	-1
3	13	U
3	14	U
3	15	U
3	16	U
3	17	Lp
3	18	-1
3	19	Lp
3	20	Lp
3	21	Lp
3	22	Lp
3	23	-1
3	24	-1
3	25	L
3	26	U
3	27	-1
3	28	Lp
3	29	Lp
3	30	Lp
3	31	Lp
3	32	Lp
3	33	Lp
3	34	L
3	35	L
3	36	-1
3	37	-1
3	38	-1
3	39	Lp
3	40	Lp
3	41	U
3	42	-1
3	43	U
3	44	Lp
3	45	Lp
3	46	Lp
3	47	Lp
3	48	Lp
3	49	-1
3	50	L
3	51	Lp
3	52	L
3	53	-1
3	54	L
3	55	-1
3	56	L
3	57	L
3	58	Lp
3	59	Lp
3	60	Lp
3	61	Lp
3	62	Lp
3	63	Lp
3	64	Lp
3	65	Lp
3	66	Lp
3	67	Lp
3	68	Lp
3	69	Lp
3	70	Lp
3	71	Lp
3	72	L
3	73	L
3	74	-1
3	75	Lp
3	76	Lp
3	77	Lp
3	78	Lp
3	79	Lp
3	80	L
3	81	L
3	82	L
3	83	Lp
3	84	Lp
3	85	Lp
3	86	L
3	87	U
3	88	L
3	89	U
3	90	Lp
3	91	Lp
3	92	-1
3	93	Lp
3	94	L
3	95	-1
3	96	Lp
3	97	L
3	98	Lp
3	99	-1
3	100	-1
3	101	U
3	102	-1
3	103	U
3	104	-1
3	105	L
3	106	L
3	107	L
3	108	Lp
3	109	Lp
3	110	Lp
3	111	Lp
3	112	-1
3	113	Lp
3	114	L
3	115	-1
3	116	-1
3	117	L
3	118	Lp
3	119	Lp
4	0	Lp
4	1	Lp
4	2	L
4	3	L
4	4	L
4	5	-1
4	6	Lp
4	7	Lp
4	8	Lp
4	9	Lp
4	10	Lp
4	11	U
4	12	U
4	13	U
4	14	Lp
4	15	Lp
4	16	U
4	17	Lp
4	18	-1
4	19	-1
4	20	Lp
4	21	Lp
4	22	Lp
4	23	L
4	24	L
4	25	L
4	26	L
4	27	Lp
4	28	Lp
4	29	Lp
4	30	L
4	31	L
4	32	Lp
4	33	L
4	34	-1
4	35	L
4	36	L
4	37	-1
4	38	Lp
4	39	Lp
4	40	Lp
4	41	Lp
4	42	U
4	43	U
4	44	Lp
4	45	Lp
4	46	Lp
4	47	Lp
4	48	Lp
4	49	Lp
4	50	-1
4	51	-1
4	52	L
4	53	Lp
4	54	Lp
4	55	L
4	56	-1
4	57	U
4	58	Lp
4	59	Lp
4	60	Lp
4	61	Lp
4	62	Lp
4	63	Lp
4	64	Lp
4	65	Lp
4	66	Lp
4	67	Lp
4	68	Lp
4	69	-1
4	70	Lp
4	71	-1
4	72	L
4	73	L
4	74	L
4	75	Lp
4	76	Lp
4	77	-1
4	78	Lp
4	79	Lp
4	80	Lp
4	81	Lp
4	82	Lp
4	83	Lp
4	84	Lp
4	85	Lp
4	86	U
4	87	L
4	88	U
4	89	Lp
4	90	U
4	91	-1
4	92	-1
4	93	Lp
4	94	Lp
4	95	Lp
4	96	-1
4	97	Lp
4	98	Lp
4	99	Lp
4	100	L
4	101	-1
4	102	L
4	103	Lp
4	104	L
4	105	L
4	106	L
4	107	Lp
4	108	L
4	109	L
4	110	L
4	111	L
4	112	Lp
4	113	Lp
4	114	Lp
4	115	U
4	116	L
4	117	-1
4	118	-1
4	119	-1
5	0	Lp
5	1	Lp
5	2	Lp
5	3	Lp
5	4	Lp
5	5	Lp
5	6	Lp
5	7	Lp
5	8	-1
5	9	Lp
5	10	Lp
5	11	-1
5	12	Lp
5	13	Lp
5	14	Lp
5	15	-1
5	16	Lp
5	17	Lp
5	18	-1
5	19	Lp
5	20	Lp
5	21	Lp
5	22	-1
5	23	L
5	24	L
5	25	-1
5	26	-1
5	27	L
5	28	Lp
5	29	Lp
5	30	Lp
5	31	Lp
5	32	L
5	33	L
5	34	L
5	35	L
5	36	L
5	37	L
5	38	Lp
5	39	Lp
5	40	Lp
5	41	Lp
5	42	U
5	43	Lp
5	44	Lp
5	45	Lp
5	46	Lp
5	47	-1
5	48	Lp
5	49	Lp
5	50	Lp
5	51	Lp
5	52	L
5	53	L
5	54	Lp
5	55	-1
5	56	Lp
5	57	U
5	58	Lp
5	59	L
5	60	U
5	61	Lp
5	62	Lp
5	63	Lp
5	64	-1
5	65	Lp
5	66	Lp
5	67	Lp
5	68	Lp
5	69	Lp
5	70	Lp
5	71	Lp
5	72	L
5	73	L
5	74	L
5	75	L
5	76	L
5	77	Lp
5	78	Lp
5	79	L
5	80	L
5	81	Lp
5	82	L
5	83	Lp
5	84	Lp
5	85	Lp
5	86	-1
5	87	Lp
5	88	Lp
5	89	Lp
5	90	Lp
5	91	-1
5	92	Lp
5	93	Lp
5	94	Lp
5	95	Lp
5	96	Lp
5	97	Lp
5	98	Lp
5	99	Lp
5	100	-1
5	101	Lp
5	102	Lp
5	103	Lp
5	104	Lp
5	105	L
5	106	L
5	107	L
5	108	Lp
5	109	L
5	110	L
5	111	L
5	112	Lp
5	113	Lp
5	114	Lp
5	115	Lp
5	116	-1
5	117	-1
5	118	L
5	119	Lp
6	0	L
6	1	Lp
6	2	-1
6	3	Lp
6	4	Lp
6	5	Lp
6	6	Lp
6	7	Lp
6	8	Lp
6	9	Lp
6	10	Lp
6	11	Lp
6	12	Lp
6	13	Lp
6	14	Lp
6	15	Lp
6	16	Lp
6	17	Lp
6	18	-1
6	19	-1
6	20	-1
6	21	-1
6	22	L
6	23	L
6	24	L
6	25	L
6	26	L
6	27	L
6	28	-1
6	29	Lp
6	30	Lp
6	31	Lp
6	32	Lp
6	33	Lp
6	34	L
6	35	L
6	36	L
6	37	Lp
6	38	Lp
6	39	Lp
6	40	Lp
6	41	Lp
6	42	Lp
6	43	Lp
6	44	Lp
6	45	Lp
6	46	Lp
6	47	Lp
6	48	Lp
6	49	Lp
6	50	Lp
6	51	L
6	52	Lp
6	53	Lp
6	54	Lp
6	55	U
6	56	L
6	57	-1
6	58	L
6	59	Lp
6	60	U
6	61	U
6	62	Lp
6	63	Lp
6	64	Lp
6	65	Lp
6	66	Lp
6	67	-1
6	68	Lp
6	69	Lp
6	70	-1
6	71	L
6	72	-1
6	73	Lp
6	74	L
6	75	Lp
6	76	L
6	77	Lp
6	78	Lp
6	79	-1
6	80	Lp
6	81	-1
6	82	L
6	83	-1
6	84	L
6	85	-1
6	86	-1
6	87	Lp
6	88	Lp
6	89	Lp
6	90	-1
6	91	Lp
6	92	Lp
6	93	Lp
6	94	Lp
6	95	Lp
6	96	Lp
6	97	Lp
6	98	Lp
6	99	-1
6	100	-1
6	101	Lp
6	102	-1
6	103	Lp
6	104	L
6	105	Lp
6	106	L
6	107	Lp
6	108	L
6	109	-1
6	110	L
6	111	Lp
6	112	Lp
6	113	Lp
6	114	L
6	115	L
6	116	-1
6	117	U
6	118	L
6	119	Lp
7	0	Lp
7	1	L
7	2	Lp
7	3	Lp
7	4	Lp
7	5	Lp
7	6	Lp
7	7	Lp
7	8	Lp
7	9	Lp
7	10	Lp
7	11	Lp
7	12	Lp
7	13	Lp
7	14	Lp
7	15	Lp
7	16	-1
7	17	Lp
7	18	L
7	19	L
7	20	L
7	21	-1
7	22	L
7	23	L
7	24	L
7	25	L
7	26	L
7	27	L
7	28	L
7	29	-1
7	30	-1
7	31	U
7	32	Lp
7	33	U
7	34	-1
7	35	L
7	36	L
7	37	L
7	38	L
7	39	Lp
7	40	-1
7	41	-1
7	42	Lp
7	43	Lp
7	44	Lp
7	45	Lp
7	46	Lp
7	47	Lp
7	48	Lp
7	49	Lp
7	50	L
7	51	-1
7	52	-1
7	53	Lp
7	54	Lp
7	55	-1
7	56	U
7	57	U
7	58	Lp
7	59	Lp
7	60	L
7	61	-1
7	62	-1
7	63	Lp
7	64	Lp
7	65	Lp
7	66	Lp
7	67	Lp
7	68	Lp
7	69	Lp
7	70	Lp
7	71	-1
7	72	Lp
7	73	-1
7	74	Lp
7	75	L
7	76	L
7	77	L
7	78	-1
7	79	-1
7	80	L
7	81	Lp
7	82	L
7	83	L
7	84	L
7	85	L
7	86	-1
7	87	Lp
7	88	Lp
7	89	Lp
7	90	Lp
7	91	Lp
7	92	Lp
7	93	Lp
7	94	-1
7	95	-1
7	96	Lp
7	97	Lp
7	98	-1
7	99	Lp
7	100	Lp
7	101	Lp
7	102	Lp
7	103	Lp
7	104	L
7	105	L
7	106	Lp
7	107	L
7	108	-1
7	109	Lp
7	110	Lp
7	111	Lp
7	112	-1
7	113	L
7	114	-1
7	115	U
7	116	U
7	117	U
7	118	U
7	119	Lp
8	0	Lp
8	1	Lp
8	2	L
8	3	L
8	4	Lp
8	5	Lp
8	6	Lp
8	7	Lp
8	8	Lp
8	9	Lp
8	10	-1
8	11	Lp
8	12	-1
8	13	Lp
8	14	Lp
8	15	Lp
8	16	Lp
8	17	Lp
8	18	Lp
8	19	L
8	20	L
8	21	-1
8	22	-1
8	23	L
8	24	Lp
8	25	-1
8	26	-1
8	27	L
8	28	-1
8	29	Lp
8	30	Lp
8	31	U
8	32	U
8	33	U
8	34	L
8	35	L
8	36	L
8	37	L
8	38	Lp
8	39	Lp
8	40	-1
8	41	Lp
8	42	Lp
8	43	-1
8	44	Lp
8	45	Lp
8	46	Lp
8	47	Lp
8	48	Lp
8	49	Lp
8	50	L
8	51	L
8	52	Lp
8	53	Lp
8	54	Lp
8	55	Lp
8	56	Lp
8	57	U
8	58	U
8	59	Lp
8	60	Lp
8	61	Lp
8	62	-1
8	63	Lp
8	64	Lp
8	65	Lp
8	66	Lp
8	67	Lp
8	68	Lp
8	69	Lp
8	70	Lp
8	71	Lp
8	72	Lp
8	73	L
8	74	Lp
8	75	Lp
8	76	L
8	77	Lp
8	78	-1
8	79	Lp
8	80	Lp
8	81	-1
8	82	L
8	83	Lp
8	84	Lp
8	85	-1
8	86	Lp
8	87	Lp
8	88	Lp
8	89	Lp
8	90	Lp
8	91	Lp
8	92	Lp
8	93	Lp
8	94	Lp
8	95	U
8	96	-1
8	97	Lp
8	98	Lp
8	99	Lp
8	100	Lp
8	101	L
8	102	L
8	103	Lp
8	104	Lp
8	105	Lp
8	106	L
8	107	L
8	108	Lp
8	109	Lp
8	110	Lp
8	111	L
8	112	L
8	113	Lp
8	114	-1
8	115	U
8	116	U
8	117	U
8	118	Lp
8	119	L
9	0	L
9	1	L
9	2	L
9	3	Lp
9	4	Lp
9	5	Lp
9	6	Lp
9	7	Lp
9	8	Lp
9	9	Lp
9	10	Lp
9	11	-1
9	12	Lp
9	13	Lp
9	14	Lp
9	15	-1
9	16	-1
9	17	L
9	18	-1
9	19	Lp
9	20	L
9	21	-1
9	22	-1
9	23	-1
9	24	Lp
9	25	L
9	26	L
9	27	L
9	28	Lp
9	29	Lp
9	30	-1
9	31	U
9	32	U
9	33	Lp
9	34	-1
9	35	L
9	36	L
9	37	L
9	38	L
9	39	Lp
9	40	Lp
9	41	Lp
9	42	Lp
9	43	Lp
9	44	-1
9	45	Lp
9	46	Lp
9	47	-1
9	48	Lp
9	49	Lp
9	50	-1
9	51	-1
9	52	Lp
9	53	Lp
9	54	-1
9	55	Lp
9	56	Lp
9	57	-1
9	58	L
9	59	L
9	60	Lp
9	61	Lp
9	62	-1
9	63	Lp
9	64	Lp
9	65	Lp
9	66	Lp
9	67	Lp
9	68	Lp
9	69	Lp
9	70	Lp
9	71	Lp
9	72	Lp
9	73	Lp
9	74	Lp
9	75	Lp
9	76	Lp
9	77	Lp
9	78	Lp
9	79	Lp
9	80	Lp
9	81	-1
9	82	-1
9	83	Lp
9	84	L
9	85	L
9	86	L
9	87	L
9	88	Lp
9	89	Lp
9	90	Lp
9	91	Lp
9	92	-1
9	93	Lp
9	94	Lp
9	95	Lp
9	96	Lp
9	97	-1
9	98	-1
9	99	Lp
9	100	L
9	101	L
9	102	Lp
9	103	Lp
9	104	Lp
9	105	L
9	106	Lp
9	107	Lp
9	108	Lp
9	109	-1
9	110	Lp
9	111	L
9	112	Lp
9	113	Lp
9	114	L
9	115	Lp
9	116	U
9	117	L
9	118	L
9	119	-1
10	0	L
10	1	L
10	2	L
10	3	Lp
10	4	Lp
10	5	Lp
10	6	Lp
10	7	Lp
10	8	Lp
10	9	Lp
10	10	-1
10	11	Lp
10	12	Lp
10	13	Lp
10	14	Lp
10	15	L
10	16	L
10	17	L
10	18	Lp
10	19	L
10	20	L
10	21	L
10	22	-1
10	23	Lp
10	24	L
10	25	L
10	26	L
10	27	L
10	28	Lp
10	29	Lp
10	30	Lp
10	31	Lp
10	32	Lp
10	33	Lp
10	34	L
10	35	L
10	36	L
10	37	Lp
10	38	L
10	39	Lp
10	40	-1
10	41	Lp
10	42	-1
10	43	Lp
10	44	Lp
10	45	Lp
10	46	Lp
10	47	Lp
10	48	Lp
10	49	L
10	50	L
10	51	-1
10	52	Lp
10	53	L
10	54	Lp
10	55	Lp
10	56	Lp
10	57	L
10	58	-1
10	59	L
10	60	Lp
10	61	Lp
10	62	Lp
10	63	Lp
10	64	-1
10	65	Lp
10	66	Lp
10	67	-1
10	68	-1
10	69	-1
10	70	Lp
10	71	Lp
10	72	Lp
10	73	-1
10	74	-1
10	75	L
10	76	Lp
10	77	Lp
10	78	Lp
10	79	L
10	80	L
10	81	L
10	82	-1
10	83	-1
10	84	Lp
10	85	L
10	86	L
10	87	L
10	88	L
10	89	-1
10	90	L
10	91	Lp
10	92	Lp
10	93	Lp
10	94	Lp
10	95	Lp
10	96	-1
10	97	Lp
10	98	Lp
10	99	L
10	100	L
10	101	L
10	102	L
10	103	L
10	104	-1
10	105	Lp
10	106	Lp
10	107	Lp
10	108	Lp
10	109	Lp
10	110	-1
10	111	Lp
10	112	Lp
10	113	L
10	114	Lp
10	115	L
10	116	Lp
10	117	L
10	118	-1
10	119	-1
11	0	L
11	1	L
11	2	Lp
11	3	L
11	4	-1
11	5	Lp
11	6	Lp
11	7	-1
11	8	Lp
11	9	-1
11	10	-1
11	11	-1
11	12	Lp
11	13	Lp
11	14	L
11	15	-1
11	16	Lp
11	17	Lp
11	18	Lp
11	19	L
11	20	-1
11	21	L
11	22	L
11	23	L
11	24	Lp
11	25	Lp
11	26	-1
11	27	L
11	28	L
11	29	Lp
11	30	Lp
11	31	Lp
11	32	Lp
11	33	Lp
11	34	Lp
11	35	L
11	36	-1
11	37	L
11	38	L
11	39	Lp
11	40	Lp
11	41	Lp
11	42	Lp
11	43	Lp
11	44	Lp
11	45	Lp
11	46	-1
11	47	Lp
11	48	Lp
11	49	Lp
11	50	L
11	51	L
11	52	L
11	53	L
11	54	Lp
11	55	Lp
11	56	Lp
11	57	L
11	58	L
11	59	L
11	60	L
11	61	Lp
11	62	Lp
11	63	Lp
11	64	Lp
11	65	Lp
11	66	Lp
11	67	-1
11	68	-1
11	69	Lp
11	70	Lp
11	71	Lp
11	72	-1
11	73	Lp
11	74	Lp
11	75	Lp
11	76	Lp
11	77	Lp
11	78	-1
11	79	L
11	80	L
11	81	L
11	82	-1
11	83	L
11	84	L
11	85	L
11	86	L
11	87	L
11	88	L
11	89	L
11	90	-1
11	91	L
11	92	Lp
11	93	Lp
11	94	Lp
11	95	Lp
11	96	-1
11	97	Lp
11	98	-1
11	99	L
11	100	-1
11	101	U
11	102	L
11	103	L
11	104	Lp
11	105	-1
11	106	Lp
11	107	-1
11	108	-1
11	109	L
11	110	Lp
11	111	-1
11	112	L
11	113	L
11	114	Lp
11	115	Lp
11	116	-1
11	117	-1
11	118	L
11	119	-1
12	0	Lp
12	1	Lp
12	2	Lp
12	3	Lp
12	4	-1
12	5	Lp
12	6	-1
12	7	Lp
12	8	-1
12	9	Lp
12	10	Lp
12	11	Lp
12	12	Lp
12	13	Lp
12	14	-1
12	15	L
12	16	Lp
12	17	-1
12	18	Lp
12	19	Lp
12	20	L
12	21	-1
12	22	L
12	23	L
12	24	L
12	25	Lp
12	26	L
12	27	L
12	28	-1
12	29	Lp
12	30	Lp
12	31	Lp
12	32	Lp
12	33	-1
12	34	-1
12	35	L
12	36	-1
12	37	L
12	38	Lp
12	39	Lp
12	40	Lp
12	41	Lp
12	42	Lp
12	43	Lp
12	44	Lp
12	45	Lp
12	46	Lp
12	47	Lp
12	48	-1
12	49	-1
12	50	-1
12	51	-1
12	52	L
12	53	L
12	54	-1
12	55	L
12	56	Lp
12	57	L
12	58	L
12	59	L
12	60	Lp
12	61	Lp
12	62	Lp
12	63	Lp
12	64	-1
12	65	Lp
12	66	Lp
12	67	Lp
12	68	Lp
12	69	Lp
12	70	Lp
12	71	Lp
12	72	Lp
12	73	-1
12	74	-1
12	75	Lp
12	76	Lp
12	77	U
12	78	Lp
12	79	Lp
12	80	L
12	81	L
12	82	L
12	83	L
12	84	Lp
12	85	Lp
12	86	L
12	87	-1
12	88	L
12	89	L
12	90	L
12	91	L
12	92	L
12	93	Lp
12	94	Lp
12	95	-1
12	96	Lp
12	97	Lp
12	98	L
12	99	-1
12	100	U
12	101	L
12	102	U
12	103	Lp
12	104	L
12	105	Lp
12	106	Lp
12	107	Lp
12	108	Lp
12	109	Lp
12	110	-1
12	111	-1
12	112	L
12	113	L
12	114	-1
12	115	L
12	116	Lp
12	117	Lp
12	118	L
12	119	Lp
13	0	Lp
13	1	Lp
13	2	Lp
13	3	Lp
13	4	Lp
13	5	Lp
13	6	Lp
13	7	-1
13	8	Lp
13	9	Lp
13	10	Lp
13	11	Lp
13	12	Lp
13	13	Lp
13	14	Lp
13	15	-1
13	16	L
13	17	-1
13	18	-1
13	19	Lp
13	20	L
13	21	U
13	22	L
13	23	L
13	24	L
13	25	L
13	26	-1
13	27	L
13	28	-1
13	29	Lp
13	30	Lp
13	31	Lp
13	32	Lp
13	33	L
13	34	-1
13	35	-1
13	36	L
13	37	L
13	38	L
13	39	Lp
13	40	L
13	41	Lp
13	42	Lp
13	43	Lp
13	44	-1
13	45	-1
13	46	Lp
13	47	Lp
13	48	L
13	49	Lp
13	50	-1
13	51	Lp
13	52	L
13	53	Lp
13	54	-1
13	55	Lp
13	56	L
13	57	L
13	58	L
13	59	Lp
13	60	Lp
13	61	Lp
13	62	Lp
13	63	Lp
13	64	L
13	65	Lp
13	66	Lp
13	67	Lp
13	68	-1
13	69	-1
13	70	Lp
13	71	Lp
13	72	-1
13	73	Lp
13	74	Lp
13	75	Lp
13	76	U
13	77	Lp
13	78	Lp
13	79	-1
13	80	L
13	81	L
13	82	-1
13	83	L
13	84	L
13	85	-1
13	86	-1
13	87	L
13	88	U
13	89	-1
13	90	L
13	91	-1
13	92	L
13	93	Lp
13	94	Lp
13	95	-1
13	96	-1
13	97	-1
13	98	Lp
13	99	U
13	100	Lp
13	101	U
13	102	Lp
13	103	Lp
13	104	Lp
13	105	Lp
13	106	Lp
13	107	Lp
13	108	Lp
13	109	-1
13	110	Lp
13	111	Lp
13	112	-1
13	113	-1
13	114	Lp
13	115	Lp
13	116	Lp
13	117	L
13	118	Lp
13	119	L
14	0	-1
14	1	Lp
14	2	Lp
14	3	Lp
14	4	Lp
14	5	Lp
14	6	Lp
14	7	Lp
14	8	Lp
14	9	Lp
14	10	Lp
14	11	Lp
14	12	-1
14	13	Lp
14	14	Lp
14	15	Lp
14	16	Lp
14	17	Lp
14	18	L
14	19	-1
14	20	Lp
14	21	-1
14	22	U
14	23	Lp
14	24	-1
14	25	-1
14	26	-1
14	27	L
14	28	L
14	29	L
14	30	Lp
14	31	Lp
14	32	Lp
14	33	-1
14	34	Lp
14	35	L
14	36	U
14	37	U
14	38	-1
14	39	L
14	40	L
14	41	L
14	42	Lp
14	43	Lp
14	44	Lp
14	45	-1
14	46	Lp
14	47	L
14	48	L
14	49	Lp
14	50	Lp
14	51	Lp
14	52	Lp
14	53	Lp
14	54	Lp
14	55	L
14	56	L
14	57	Lp
14	58	L
14	59	L
14	60	Lp
14	61	-1
14	62	Lp
14	63	L
14	64	U
14	65	-1
14	66	L
14	67	Lp
14	68	Lp
14	69	Lp
14	70	Lp
14	71	Lp
14	72	Lp
14	73	-1
14	74	-1
14	75	-1
14	76	-1
14	77	Lp
14	78	Lp
14	79	-1
14	80	L
14	81	L
14	82	Lp
14	83	Lp
14	84	L
14	85	L
14	86	-1
14	87	L
14	88	Lp
14	89	-1
14	90	L
14	91	L
14	92	L
14	93	L
14	94	Lp
14	95	Lp
14	96	Lp
14	97	Lp
14	98	Lp
14	99	L
14	100	Lp
14	101	Lp
14	102	Lp
14	103	-1
14	104	-1
14	105	-1
14	106	Lp
14	107	-1
14	108	Lp
14	109	Lp
14	110	Lp
14	111	Lp
14	112	Lp
14	113	Lp
14	114	Lp
14	115	Lp
14	116	-1
14	117	Lp
14	118	Lp
14	119	Lp
15	0	Lp
15	1	Lp
15	2	Lp
15	3	Lp
15	4	Lp
15	5	Lp
15	6	Lp
15	7	-1
15	8	Lp
15	9	Lp
15	10	Lp
15	11	Lp
15	12	Lp
15	13	Lp
15	14	-1
15	15	Lp
15	16	Lp
15	17	L
15	18	L
15	19	Lp
15	20	U
15	21	L
15	22	Lp
15	23	L
15	24	L
15	25	-1
15	26	-1
15	27	-1
15	28	Lp
15	29	Lp
15	30	Lp
15	31	Lp
15	32	Lp
15	33	-1
15	34	-1
15	35	Lp
15	36	L
15	37	L
15	38	L
15	39	L
15	40	L
15	41	L
15	42	Lp
15	43	Lp
15	44	Lp
15	45	Lp
15	46	L
15	47	Lp
15	48	Lp
15	49	Lp
15	50	L
15	51	Lp
15	52	Lp
15	53	Lp
15	54	-1
15	55	Lp
15	56	Lp
15	57	Lp
15	58	Lp
15	59	L
15	60	Lp
15	61	Lp
15	62	Lp
15	63	L
15	64	L
15	65	L
15	66	Lp
15	67	Lp
15	68	Lp
15	69	Lp
15	70	-1
15	71	Lp
15	72	Lp
15	73	-1
15	74	U
15	75	U
15	76	U
15	77	-1
15	78	Lp
15	79	L
15	80	L
15	81	L
15	82	Lp
15	83	Lp
15	84	-1
15	85	Lp
15	86	L
15	87	L
15	88	L
15	89	-1
15	90	L
15	91	L
15	92	L
15	93	Lp
15	94	Lp
15	95	Lp
15	96	L
15	97	Lp
15	98	Lp
15	99	Lp
15	100	Lp
15	101	Lp
15	102	Lp
15	103	Lp
15	104	Lp
15	105	Lp
15	106	Lp
15	107	Lp
15	108	Lp
15	109	Lp
15	110	Lp
15	111	Lp
15	112	Lp
15	113	Lp
15	114	Lp
15	115	Lp
15	116	-1
15	117	Lp
15	118	Lp
15	119	Lp
16	0	Lp
16	1	Lp
16	2	Lp
16	3	Lp
16	4	Lp
16	5	-1
16	6	Lp
16	7	Lp
16	8	Lp
16	9	Lp
16	10	Lp
16	11	Lp
16	12	-1
16	13	Lp
16	14	Lp
16	15	Lp
16	16	L
16	17	L
16	18	Lp
16	19	L
16	20	-1
16	21	-1
16	22	Lp
16	23	Lp
16	24	Lp
16	25	L
16	26	-1
16	27	Lp
16	28	-1
16	29	Lp
16	30	Lp
16	31	Lp
16	32	Lp
16	33	-1
16	34	Lp
16	35	Lp
16	36	L
16	37	L
16	38	-1
16	39	-1
16	40	-1
16	41	Lp
16	42	-1
16	43	Lp
16	44	-1
16	45	Lp
16	46	Lp
16	47	Lp
16	48	Lp
16	49	Lp
16	50	-1
16	51	Lp
16	52	Lp
16	53	Lp
16	54	Lp
16	55	Lp
16	56	Lp
16	57	-1
16	58	Lp
16	59	L
16	60	Lp
16	61	-1
16	62	Lp
16	63	Lp
16	64	Lp
16	65	L
16	66	Lp
16	67	Lp
16	68	Lp
16	69	Lp
16	70	Lp
16	71	-1
16	72	-1
16	73	Lp
16	74	Lp
16	75	U
16	76	Lp
16	77	Lp
16	78	L
16	79	-1
16	80	L
16	81	L
16	82	Lp
16	83	Lp
16	84	-1
16	85	-1
16	86	Lp
16	87	L
16	88	Lp
16	89	L
16	90	L
16	91	L
16	92	L
16	93	-1
16	94	Lp
16	95	L
16	96	Lp
16	97	-1
16	98	Lp
16	99	-1
16	100	Lp
16	101	Lp
16	102	Lp
16	103	Lp
16	104	Lp
16	105	Lp
16	106	Lp
16	107	Lp
16	108	Lp
16	109	Lp
16	110	-1
16	111	Lp
16	112	-1
16	113	-1
16	114	Lp
16	115	Lp
16	116	Lp
16	117	Lp
16	118	Lp
16	119	Lp
17	0	-1
17	1	Lp
17	2	Lp
17	3	Lp
17	4	Lp
17	5	-1
17	6	Lp
17	7	Lp
17	8	Lp
17	9	-1
17	10	Lp
17	11	Lp
17	12	Lp
17	13	Lp
17	14	Lp
17	15	Lp
17	16	Lp
17	17	Lp
17	18	L
17	19	-1
17	20	Lp
17	21	Lp
17	22	-1
17	23	Lp
17	24	Lp
17	25	L
17	26	-1
17	27	Lp
17	28	Lp
17	29	-1
17	30	Lp
17	31	-1
17	32	Lp
17	33	L
17	34	Lp
17	35	-1
17	36	L
17	37	L
17	38	-1
17	39	Lp
17	40	Lp
17	41	L
17	42	L
17	43	-1
17	44	Lp
17	45	Lp
17	46	Lp
17	47	Lp
17	48	Lp
17	49	Lp
17	50	Lp
17	51	Lp
17	52	Lp
17	53	Lp
17	54	Lp
17	55	Lp
17	56	Lp
17	57	Lp
17	58	Lp
17	59	Lp
17	60	Lp
17	61	Lp
17	62	-1
17	63	L
17	64	L
17	65	Lp
17	66	-1
17	67	Lp
17	68	Lp
17	69	Lp
17	70	Lp
17	71	Lp
17	72	Lp
17	73	Lp
17	74	Lp
17	75	Lp
17	76	L
17	77	Lp
17	78	L
17	79	Lp
17	80	Lp
17	81	Lp
17	82	U
17	83	Lp
17	84	Lp
17	85	Lp
17	86	L
17	87	-1
17	88	Lp
17	89	Lp
17	90	L
17	91	L
17	92	Lp
17	93	-1
17	94	Lp
17	95	Lp
17	96	Lp
17	97	Lp
17	98	L
17	99	L
17	100	L
17	101	-1
17	102	L
17	103	Lp
17	104	-1
17	105	-1
17	106	Lp
17	107	-1
17	108	-1
17	109	-1
17	110	Lp
17	111	Lp
17	112	Lp
17	113	Lp
17	114	Lp
17	115	Lp
17	116	Lp
17	117	Lp
17	118	Lp
17	119	Lp
18	0	-1
18	1	Lp
18	2	Lp
18	3	Lp
18	4	Lp
18	5	Lp
18	6	Lp
18	7	Lp
18	8	Lp
18	9	Lp
18	10	Lp
18	11	-1
18	12	Lp
18	13	Lp
18	14	Lp
18	15	Lp
18	16	-1
18	17	L
18	18	Lp
18	19	Lp
18	20	Lp
18	21	Lp
18	22	Lp
18	23	Lp
18	24	-1
18	25	-1
18	26	Lp
18	27	Lp
18	28	Lp
18	29	Lp
18	30	L
18	31	L
18	32	L
18	33	L
18	34	L
18	35	L
18	36	L
18	37	L
18	38	L
18	39	L
18	40	L
18	41	L
18	42	L
18	43	Lp
18	44	-1
18	45	-1
18	46	Lp
18	47	Lp
18	48	-1
18	49	Lp
18	50	Lp
18	51	Lp
18	52	Lp
18	53	L
18	54	L
18	55	Lp
18	56	Lp
18	57	Lp
18	58	Lp
18	59	L
18	60	Lp
18	61	L
18	62	L
18	63	-1
18	64	L
18	65	-1
18	66	Lp
18	67	Lp
18	68	Lp
18	69	Lp
18	70	L
18	71	Lp
18	72	Lp
18	73	Lp
18	74	L
18	75	Lp
18	76	Lp
18	77	Lp
18	78	Lp
18	79	Lp
18	80	-1
18	81	U
18	82	Lp
18	83	L
18	84	L
18	85	L
18	86	Lp
18	87	-1
18	88	Lp
18	89	L
18	90	Lp
18	91	L
18	92	Lp
18	93	-1
18	94	Lp
18	95	Lp
18	96	Lp
18	97	Lp
18	98	L
18	99	L
18	100	Lp
18	101	-1
18	102	Lp
18	103	Lp
18	104	-1
18	105	Lp
18	106	Lp
18	107	-1
18	108	-1
18	109	-1
18	110	Lp
18	111	-1
18	112	-1
18	113	-1
18	114	Lp
18	115	-1
18	116	Lp
18	117	Lp
18	118	Lp
18	119	-1
19	0	Lp
19	1	-1
19	2	Lp
19	3	Lp
19	4	Lp
19	5	Lp
19	6	Lp
19	7	Lp
19	8	Lp
19	9	Lp
19	10	-1
19	11	Lp
19	12	Lp
19	13	L
19	14	L
19	15	L
19	16	-1
19	17	Lp
19	18	Lp
19	19	Lp
19	20	Lp
19	21	-1
19	22	Lp
19	23	Lp
19	24	Lp
19	25	Lp
19	26	Lp
19	27	Lp
19	28	-1
19	29	L
19	30	L
19	31	L
19	32	L
19	33	-1
19	34	L
19	35	L
19	36	L
19	37	-1
19	38	L
19	39	L
19	40	L
19	41	Lp
19	42	L
19	43	Lp
19	44	Lp
19	45	Lp
19	46	Lp
19	47	-1
19	48	Lp
19	49	Lp
19	50	Lp
19	51	Lp
19	52	Lp
19	53	L
19	54	-1
19	55	L
19	56	L
19	57	L
19	58	Lp
19	59	L
19	60	L
19	61	-1
19	62	L
19	63	L
19	64	L
19	65	L
19	66	Lp
19	67	L
19	68	-1
19	69	L
19	70	L
19	71	L
19	72	L
19	73	L
19	74	Lp
19	75	-1
19	76	Lp
19	77	-1
19	78	Lp
19	79	Lp
19	80	Lp
19	81	Lp
19	82	L
19	83	-1
19	84	L
19	85	U
19	86	Lp
19	87	Lp
19	88	Lp
19	89	L
19	90	Lp
19	91	Lp
19	92	Lp
19	93	-1
19	94	Lp
19	95	Lp
19	96	Lp
19	97	L
19	98	L
19	99	-1
19	100	-1
19	101	Lp
19	102	Lp
19	103	Lp
19	104	Lp
19	105	Lp
19	106	-1
19	107	Lp
19	108	Lp
19	109	Lp
19	110	Lp
19	111	Lp
19	112	Lp
19	113	Lp
19	114	Lp
19	115	Lp
19	116	Lp
19	117	Lp
19	118	Lp
19	119	Lp
20	0	Lp
20	1	Lp
20	2	Lp
20	3	Lp
20	4	Lp
20	5	Lp
20	6	Lp
20	7	Lp
20	8	Lp
20	9	-1
20	10	Lp
20	11	Lp
20	12	Lp
20	13	L
20	14	-1
20	15	Lp
20	16	Lp
20	17	L
20	18	Lp
20	19	Lp
20	20	-1
20	21	Lp
20	22	Lp
20	23	Lp
20	24	Lp
20	25	Lp
20	26	Lp
20	27	Lp
20	28	L
20	29	Lp
20	30	L
20	31	-1
20	32	L
20	33	L
20	34	-1
20	35	-1
20	36	L
20	37	L
20	38	Lp
20	39	Lp
20	40	Lp
20	41	Lp
20	42	Lp
20	43	Lp
20	44	Lp
20	45	Lp
20	46	Lp
20	47	Lp
20	48	Lp
20	49	Lp
20	50	Lp
20	51	Lp
20	52	Lp
20	53	L
20	54	Lp
20	55	Lp
20	56	Lp
20	57	Lp
20	58	Lp
20	59	L
20	60	Lp
20	61	L
20	62	Lp
20	63	-1
20	64	L
20	65	L
20	66	L
20	67	Lp
20	68	-1
20	69	-1
20	70	L
20	71	L
20	72	-1
20	73	Lp
20	74	L
20	75	-1
20	76	-1
20	77	Lp
20	78	Lp
20	79	Lp
20	80	-1
20	81	Lp
20	82	-1
20	83	-1
20	84	Lp
20	85	Lp
20	86	Lp
20	87	Lp
20	88	-1
20	89	Lp
20	90	Lp
20	91	Lp
20	92	Lp
20	93	Lp
20	94	L
20	95	L
20	96	Lp
20	97	-1
20	98	L
20	99	Lp
20	100	Lp
20	101	Lp
20	102	-1
20	103	Lp
20	104	Lp
20	105	Lp
20	106	Lp
20	107	Lp
20	108	Lp
20	109	Lp
20	110	Lp
20	111	-1
20	112	Lp
20	113	Lp
20	114	-1
20	115	Lp
20	116	Lp
20	117	-1
20	118	Lp
20	119	Lp
21	0	Lp
21	1	-1
21	2	-1
21	3	Lp
21	4	Lp
21	5	Lp
21	6	-1
21	7	Lp
21	8	Lp
21	9	Lp
21	10	Lp
21	11	-1
21	12	L
21	13	L
21	14	-1
21	15	L
21	16	L
21	17	Lp
21	18	Lp
21	19	Lp
21	20	-1
21	21	Lp
21	22	Lp
21	23	Lp
21	24	Lp
21	25	Lp
21	26	Lp
21	27	-1
21	28	Lp
21	29	Lp
21	30	Lp
21	31	-1
21	32	-1
21	33	L
21	34	L
21	35	Lp
21	36	-1
21	37	L
21	38	L
21	39	Lp
21	40	Lp
21	41	Lp
21	42	L
21	43	Lp
21	44	Lp
21	45	Lp
21	46	Lp
21	47	Lp
21	48	Lp
21	49	Lp
21	50	Lp
21	51	-1
21	52	Lp
21	53	Lp
21	54	Lp
21	55	Lp
21	56	Lp
21	57	-1
21	58	L
21	59	-1
21	60	Lp
21	61	Lp
21	62	-1
21	63	-1
21	64	Lp
21	65	-1
21	66	Lp
21	67	-1
21	68	L
21	69	L
21	70	L
21	71	-1
21	72	-1
21	73	Lp
21	74	Lp
21	75	L
21	76	L
21	77	Lp
21	78	Lp
21	79	L
21	80	-1
21	81	L
21	82	L
21	83	Lp
21	84	Lp
21	85	U
21	86	-1
21	87	Lp
21	88	Lp
21	89	Lp
21	90	Lp
21	91	Lp
21	92	Lp
21	93	Lp
21	94	-1
21	95	L
21	96	-1
21	97	Lp
21	98	L
21	99	L
21	100	-1
21	101	Lp
21	102	Lp
21	103	Lp
21	104	Lp
21	105	Lp
21	106	Lp
21	107	Lp
21	108	Lp
21	109	Lp
21	110	Lp
21	111	Lp
21	112	-1
21	113	-1
21	114	Lp
21	115	Lp
21	116	Lp
21	117	L
21	118	Lp
21	119	Lp
22	0	Lp
22	1	Lp
22	2	Lp
22	3	Lp
22	4	-1
22	5	Lp
22	6	Lp
22	7	Lp
22	8	Lp
22	9	Lp
22	10	-1
22	11	L
22	12	L
22	13	L
22	14	Lp
22	15	L
22	16	L
22	17	Lp
22	18	Lp
22	19	Lp
22	20	Lp
22	21	Lp
22	22	Lp
22	23	-1
22	24	Lp
22	25	Lp
22	26	L
22	27	-1
22	28	Lp
22	29	Lp
22	30	Lp
22	31	Lp
22	32	Lp
22	33	Lp
22	34	-1
22	35	-1
22	36	L
22	37	L
22	38	L
22	39	-1
22	40	Lp
22	41	-1
22	42	L
22	43	Lp
22	44	Lp
22	45	Lp
22	46	Lp
22	47	Lp
22	48	Lp
22	49	Lp
22	50	Lp
22	51	Lp
22	52	Lp
22	53	Lp
22	54	Lp
22	55	Lp
22	56	Lp
22	57	-1
22	58	-1
22	59	L
22	60	-1
22	61	Lp
22	62	-1
22	63	Lp
22	64	Lp
22	65	-1
22	66	L
22	67	L
22	68	L
22	69	-1
22	70	Lp
22	71	Lp
22	72	Lp
22	73	-1
22	74	L
22	75	L
22	76	L
22	77	L
22	78	-1
22	79	-1
22	80	L
22	81	L
22	82	L
22	83	-1
22	84	-1
22	85	Lp
22	86	Lp
22	87	Lp
22	88	Lp
22	89	Lp
22	90	Lp
22	91	Lp
22	92	Lp
22	93	Lp
22	94	Lp
22	95	L
22	96	L
22	97	Lp
22	98	L
22	99	L
22	100	Lp
22	101	Lp
22	102	Lp
22	103	Lp
22	104	Lp
22	105	Lp
22	106	Lp
22	107	Lp
22	108	Lp
22	109	Lp
22	110	Lp
22	111	-1
22	112	-1
22	113	Lp
22	114	Lp
22	115	Lp
22	116	Lp
22	117	Lp
22	118	Lp
22	119	L
23	0	Lp
23	1	Lp
23	2	Lp
23	3	Lp
23	4	Lp
23	5	Lp
23	6	Lp
23	7	Lp
23	8	Lp
23	9	L
23	10	L
23	11	L
23	12	L
23	13	Lp
23	14	Lp
23	15	-1
23	16	Lp
23	17	-1
23	18	Lp
23	19	-1
23	20	Lp
23	21	Lp
23	22	Lp
23	23	-1
23	24	Lp
23	25	Lp
23	26	Lp
23	27	Lp
23	28	Lp
23	29	Lp
23	30	Lp
23	31	Lp
23	32	Lp
23	33	Lp
23	34	-1
23	35	L
23	36	L
23	37	L
23	38	-1
23	39	Lp
23	40	Lp
23	41	-1
23	42	-1
23	43	Lp
23	44	Lp
23	45	Lp
23	46	Lp
23	47	Lp
23	48	Lp
23	49	Lp
23	50	Lp
23	51	Lp
23	52	Lp
23	53	Lp
23	54	Lp
23	55	-1
23	56	Lp
23	57	Lp
23	58	L
23	59	L
23	60	Lp
23	61	Lp
23	62	Lp
23	63	-1
23	64	-1
23	65	-1
23	66	-1
23	67	Lp
23	68	-1
23	69	L
23	70	Lp
23	71	Lp
23	72	Lp
23	73	Lp
23	74	L
23	75	Lp
23	76	L
23	77	Lp
23	78	L
23	79	L
23	80	Lp
23	81	L
23	82	L
23	83	L
23	84	Lp
23	85	-1
23	86	L
23	87	Lp
23	88	-1
23	89	-1
23	90	Lp
23	91	Lp
23	92	Lp
23	93	Lp
23	94	L
23	95	Lp
23	96	-1
23	97	Lp
23	98	Lp
23	99	-1
23	100	-1
23	101	Lp
23	102	-1
23	103	Lp
23	104	L
23	105	Lp
23	106	Lp
23	107	Lp
23	108	Lp
23	109	Lp
23	110	Lp
23	111	Lp
23	112	Lp
23	113	Lp
23	114	Lp
23	115	Lp
23	116	Lp
23	117	-1
23	118	Lp
23	119	Lp
24	0	-1
24	1	L
24	2	-1
24	3	Lp
24	4	Lp
24	5	Lp
24	6	Lp
24	7	Lp
24	8	Lp
24	9	L
24	10	L
24	11	L
24	12	L
24	13	L
24	14	Lp
24	15	Lp
24	16	Lp
24	17	Lp
24	18	-1
24	19	Lp
24	20	Lp
24	21	-1
24	22	Lp
24	23	Lp
24	24	Lp
24	25	-1
24	26	Lp
24	27	Lp
24	28	Lp
24	29	Lp
24	30	Lp
24	31	-1
24	32	Lp
24	33	Lp
24	34	-1
24	35	L
24	36	Lp
24	37	L
24	38	Lp
24	39	Lp
24	40	-1
24	41	Lp
24	42	Lp
24	43	Lp
24	44	Lp
24	45	Lp
24	46	Lp
24	47	Lp
24	48	Lp
24	49	Lp
24	50	Lp
24	51	Lp
24	52	Lp
24	53	Lp
24	54	Lp
24	55	Lp
24	56	Lp
24	57	Lp
24	58	L
24	59	Lp
24	60	-1
24	61	Lp
24	62	Lp
24	63	Lp
24	64	Lp
24	65	Lp
24	66	Lp
24	67	Lp
24	68	Lp
24	69	-1
24	70	Lp
24	71	-1
24	72	Lp
24	73	-1
24	74	Lp
24	75	L
24	76	Lp
24	77	L
24	78	U
24	79	Lp
24	80	Lp
24	81	Lp
24	82	-1
24	83	Lp
24	84	L
24	85	L
24	86	Lp
24	87	Lp
24	88	-1
24	89	-1
24	90	Lp
24	91	Lp
24	92	Lp
24	93	L
24	94	Lp
24	95	Lp
24	96	-1
24	97	Lp
24	98	-1
24	99	Lp
24	100	-1
24	101	Lp
24	102	Lp
24	103	Lp
24	104	L
24	105	L
24	106	L
24	107	Lp
24	108	Lp
24	109	Lp
24	110	Lp
24	111	Lp
24	112	Lp
24	113	-1
24	114	Lp
24	115	Lp
24	116	Lp
24	117	Lp
24	118	Lp
24	119	Lp
25	0	-1
25	1	-1
25	2	-1
25	3	Lp
25	4	Lp
25	5	L
25	6	-1
25	7	-1
25	8	Lp
25	9	Lp
25	10	L
25	11	L
25	12	L
25	13	-1
25	14	L
25	15	Lp
25	16	Lp
25	17	Lp
25	18	Lp
25	19	Lp
25	20	Lp
25	21	-1
25	22	Lp
25	23	Lp
25	24	Lp
25	25	Lp
25	26	Lp
25	27	-1
25	28	-1
25	29	Lp
25	30	U
25	31	U
25	32	L
25	33	Lp
25	34	Lp
25	35	Lp
25	36	Lp
25	37	Lp
25	38	-1
25	39	Lp
25	40	Lp
25	41	Lp
25	42	Lp
25	43	Lp
25	44	-1
25	45	Lp
25	46	Lp
25	47	Lp
25	48	Lp
25	49	Lp
25	50	Lp
25	51	Lp
25	52	Lp
25	53	-1
25	54	Lp
25	55	Lp
25	56	Lp
25	57	-1
25	58	Lp
25	59	Lp
25	60	L
25	61	Lp
25	62	-1
25	63	-1
25	64	-1
25	65	Lp
25	66	-1
25	67	Lp
25	68	Lp
25	69	Lp
25	70	Lp
25	71	Lp
25	72	Lp
25	73	Lp
25	74	L
25	75	Lp
25	76	-1
25	77	Lp
25	78	-1
25	79	Lp
25	80	Lp
25	81	-1
25	82	-1
25	83	-1
25	84	L
25	85	Lp
25	86	Lp
25	87	Lp
25	88	Lp
25	89	Lp
25	90	Lp
25	91	Lp
25	92	Lp
25	93	Lp
25	94	L
25	95	L
25	96	Lp
25	97	Lp
25	98	-1
25	99	Lp
25	100	Lp
25	101	Lp
25	102	L
25	103	L
25	104	Lp
25	105	-1
25	106	Lp
25	107	Lp
25	108	Lp
25	109	Lp
25	110	Lp
25	111	-1
25	112	Lp
25	113	-1
25	114	Lp
25	115	Lp
25	116	-1
25	117	Lp
25	118	Lp
25	119	L
26	0	L
26	1	L
26	2	-1
26	3	L
26	4	Lp
26	5	-1
26	6	L
26	7	L
26	8	-1
26	9	L
26	10	Lp
26	11	L
26	12	L
26	13	L
26	14	-1
26	15	Lp
26	16	Lp
26	17	L
26	18	Lp
26	19	Lp
26	20	Lp
26	21	Lp
26	22	-1
26	23	Lp
26	24	Lp
26	25	Lp
26	26	L
26	27	Lp
26	28	Lp
26	29	Lp
26	30	Lp
26	31	Lp
26	32	L
26	33	Lp
26	34	Lp
26	35	Lp
26	36	Lp
26	37	Lp
26	38	-1
26	39	-1
26	40	-1
26	41	Lp
26	42	Lp
26	43	Lp
26	44	-1
26	45	Lp
26	46	Lp
26	47	Lp
26	48	Lp
26	49	Lp
26	50	Lp
26	51	Lp
26	52	Lp
26	53	Lp
26	54	Lp
26	55	Lp
26	56	Lp
26	57	-1
26	58	Lp
26	59	Lp
26	60	Lp
26	61	Lp
26	62	-1
26	63	Lp
26	64	Lp
26	65	Lp
26	66	Lp
26	67	Lp
26	68	-1
26	69	Lp
26	70	Lp
26	71	Lp
26	72	-1
26	73	Lp
26	74	Lp
26	75	Lp
26	76	U
26	77	U
26	78	U
26	79	Lp
26	80	-1
26	81	Lp
26	82	-1
26	83	-1
26	84	-1
26	85	L
26	86	Lp
26	87	-1
26	88	Lp
26	89	-1
26	90	Lp
26	91	Lp
26	92	Lp
26	93	Lp
26	94	-1
26	95	L
26	96	Lp
26	97	-1
26	98	Lp
26	99	Lp
26	100	Lp
26	101	Lp
26	102	L
26	103	Lp
26	104	Lp
26	105	-1
26	106	-1
26	107	Lp
26	108	Lp
26	109	-1
26	110	Lp
26	111	Lp
26	112	Lp
26	113	-1
26	114	Lp
26	115	U
26	116	L
26	117	Lp
26	118	U
26	119	L
27	0	-1
27	1	U
27	2	L
27	3	-1
27	4	L
27	5	L
27	6	-1
27	7	Lp
27	8	Lp
27	9	L
27	10	L
27	11	L
27	12	Lp
27	13	-1
27	14	L
27	15	L
27	16	Lp
27	17	Lp
27	18	Lp
27	19	-1
27	20	Lp
27	21	L
27	22	Lp
27	23	Lp
27	24	Lp
27	25	Lp
27	26	-1
27	27	-1
27	28	Lp
27	29	Lp
27	30	L
27	31	L
27	32	Lp
27	33	Lp
27	34	Lp
27	35	Lp
27	36	Lp
27	37	Lp
27	38	-1
27	39	-1
27	40	-1
27	41	Lp
27	42	Lp
27	43	Lp
27	44	Lp
27	45	Lp
27	46	Lp
27	47	Lp
27	48	Lp
27	49	Lp
27	50	Lp
27	51	Lp
27	52	-1
27	53	-1
27	54	Lp
27	55	Lp
27	56	Lp
27	57	-1
27	58	Lp
27	59	U
27	60	Lp
27	61	Lp
27	62	Lp
27	63	Lp
27	64	Lp
27	65	-1
27	66	Lp
27	67	L
27	68	Lp
27	69	L
27	70	L
27	71	L
27	72	-1
27	73	Lp
27	74	Lp
27	75	Lp
27	76	U
27	77	U
27	78	Lp
27	79	Lp
27	80	Lp
27	81	-1
27	82	Lp
27	83	L
27	84	L
27	85	Lp
27	86	Lp
27	87	Lp
27	88	Lp
27	89	-1
27	90	Lp
27	91	Lp
27	92	-1
27	93	-1
27	94	Lp
27	95	L
27	96	Lp
27	97	Lp
27	98	-1
27	99	Lp
27	100	Lp
27	101	Lp
27	102	-1
27	103	Lp
27	104	-1
27	105	Lp
27	106	-1
27	107	Lp
27	108	-1
27	109	Lp
27	110	Lp
27	111	Lp
27	112	Lp
27	113	Lp
27	114	-1
27	115	L
27	116	U
27	117	L
27	118	Lp
27	119	Lp
28	0	U
28	1	L
28	2	L
28	3	Lp
28	4	Lp
28	5	Lp
28	6	Lp
28	7	Lp
28	8	Lp
28	9	-1
28	10	-1
28	11	Lp
28	12	Lp
28	13	Lp
28	14	Lp
28	15	Lp
28	16	L
28	17	Lp
28	18	Lp
28	19	Lp
28	20	-1
28	21	-1
28	22	-1
28	23	-1
28	24	L
28	25	-1
28	26	-1
28	27	Lp
28	28	Lp
28	29	Lp
28	30	L
28	31	-1
28	32	-1
28	33	-1
28	34	Lp
28	35	Lp
28	36	-1
28	37	-1
28	38	Lp
28	39	Lp
28	40	-1
28	41	Lp
28	42	Lp
28	43	Lp
28	44	Lp
28	45	Lp
28	46	Lp
28	47	Lp
28	48	Lp
28	49	Lp
28	50	Lp
28	51	Lp
28	52	Lp
28	53	Lp
28	54	Lp
28	55	Lp
28	56	Lp
28	57	Lp
28	58	Lp
28	59	Lp
28	60	Lp
28	61	Lp
28	62	-1
28	63	Lp
28	64	Lp
28	65	Lp
28	66	Lp
28	67	Lp
28	68	L
28	69	Lp
28	70	L
28	71	L
28	72	-1
28	73	-1
28	74	-1
28	75	L
28	76	U
28	77	U
28	78	Lp
28	79	Lp
28	80	Lp
28	81	Lp
28	82	Lp
28	83	-1
28	84	L
28	85	Lp
28	86	Lp
28	87	Lp
28	88	-1
28	89	Lp
28	90	Lp
28	91	Lp
28	92	Lp
28	93	Lp
28	94	Lp
28	95	-1
28	96	Lp
28	97	Lp
28	98	-1
28	99	Lp
28	100	Lp
28	101	Lp
28	102	Lp
28	103	Lp
28	104	Lp
28	105	Lp
28	106	-1
28	107	-1
28	108	-1
28	109	Lp
28	110	Lp
28	111	Lp
28	112	Lp
28	113	Lp
28	114	-1
28	115	U
28	116	Lp
28	117	U
28	118	-1
28	119	L
29	0	L
29	1	L
29	2	L
29	3	Lp
29	4	Lp
29	5	Lp
29	6	-1
29	7	Lp
29	8	Lp
29	9	-1
29	10	Lp
29	11	L
29	12	Lp
29	13	Lp
29	14	Lp
29	15	Lp
29	16	Lp
29	17	Lp
29	18	-1
29	19	Lp
29	20	U
29	21	Lp
29	22	Lp
29	23	Lp
29	24	Lp
29	25	Lp
29	26	Lp
29	27	Lp
29	28	L
29	29	L
29	30	Lp
29	31	L
29	32	L
29	33	Lp
29	34	Lp
29	35	Lp
29	36	Lp
29	37	Lp
29	38	Lp
29	39	Lp
29	40	Lp
29	41	Lp
29	42	Lp
29	43	-1
29	44	-1
29	45	Lp
29	46	Lp
29	47	Lp
29	48	Lp
29	49	Lp
29	50	Lp
29	51	Lp
29	52	-1
29	53	Lp
29	54	Lp
29	55	Lp
29	56	Lp
29	57	Lp
29	58	Lp
29	59	Lp
29	60	Lp
29	61	-1
29	62	-1
29	63	-1
29	64	Lp
29	65	Lp
29	66	Lp
29	67	Lp
29	68	Lp
29	69	Lp
29	70	Lp
29	71	Lp
29	72	-1
29	73	Lp
29	74	U
29	75	-1
29	76	U
29	77	-1
29	78	Lp
29	79	Lp
29	80	Lp
29	81	-1
29	82	-1
29	83	Lp
29	84	Lp
29	85	Lp
29	86	Lp
29	87	Lp
29	88	Lp
29	89	Lp
29	90	L
29	91	L
29	92	Lp
29	93	Lp
29	94	-1
29	95	Lp
29	96	Lp
29	97	-1
29	98	Lp
29	99	Lp
29	100	Lp
29	101	Lp
29	102	Lp
29	103	-1
29	104	-1
29	105	-1
29	106	Lp
29	107	Lp
29	108	Lp
29	109	Lp
29	110	-1
29	111	Lp
29	112	Lp
29	113	Lp
29	114	Lp
29	115	U
29	116	Lp
29	117	U
29	118	U
29	119	L
30	0	L
30	1	L
30	2	Lp
30	3	Lp
30	4	-1
30	5	Lp
30	6	Lp
30	7	Lp
30	8	Lp
30	9	-1
30	10	Lp
30	11	Lp
30	12	Lp
30	13	Lp
30	14	Lp
30	15	Lp
30	16	Lp
30	17	Lp
30	18	Lp
30	19	Lp
30	20	Lp
30	21	Lp
30	22	Lp
30	23	-1
30	24	-1
30	25	Lp
30	26	Lp
30	27	Lp
30	28	Lp
30	29	Lp
30	30	Lp
30	31	L
30	32	Lp
30	33	Lp
30	34	Lp
30	35	Lp
30	36	Lp
30	37	Lp
30	38	Lp
30	39	Lp
30	40	Lp
30	41	Lp
30	42	Lp
30	43	Lp
30	44	Lp
30	45	Lp
30	46	Lp
30	47	Lp
30	48	Lp
30	49	Lp
30	50	Lp
30	51	Lp
30	52	-1
30	53	-1
30	54	Lp
30	55	Lp
30	56	-1
30	57	U
30	58	Lp
30	59	Lp
30	60	Lp
30	61	Lp
30	62	-1
30	63	Lp
30	64	Lp
30	65	L
30	66	Lp
30	67	Lp
30	68	L
30	69	Lp
30	70	Lp
30	71	L
30	72	L
30	73	-1
30	74	Lp
30	75	-1
30	76	Lp
30	77	Lp
30	78	-1
30	79	Lp
30	80	Lp
30	81	Lp
30	82	-1
30	83	Lp
30	84	-1
30	85	Lp
30	86	Lp
30	87	Lp
30	88	Lp
30	89	U
30	90	L
30	91	L
30	92	L
30	93	L
30	94	Lp
30	95	Lp
30	96	Lp
30	97	Lp
30	98	Lp
30	99	Lp
30	100	-1
30	101	Lp
30	102	Lp
30	103	-1
30	104	-1
30	105	Lp
30	106	Lp
30	107	Lp
30	108	Lp
30	109	Lp
30	110	Lp
30	111	Lp
30	112	Lp
30	113	Lp
30	114	Lp
30	115	Lp
30	116	Lp
30	117	-1
30	118	L
30	119	L
31	0	Lp
31	1	Lp
31	2	Lp
31	3	-1
31	4	Lp
31	5	Lp
31	6	Lp
31	7	Lp
31	8	Lp
31	9	Lp
31	10	-1
31	11	Lp
31	12	-1
31	13	Lp
31	14	Lp
31	15	Lp
31	16	Lp
31	17	-1
31	18	Lp
31	19	Lp
31	20	Lp
31	21	Lp
31	22	L
31	23	-1
31	24	Lp
31	25	-1
31	26	Lp
31	27	Lp
31	28	Lp
31	29	Lp
31	30	Lp
31	31	L
31	32	Lp
31	33	Lp
31	34	Lp
31	35	-1
31	36	Lp
31	37	Lp
31	38	Lp
31	39	Lp
31	40	-1
31	41	Lp
31	42	Lp
31	43	Lp
31	44	-1
31	45	L
31	46	-1
31	47	Lp
31	48	Lp
31	49	Lp
31	50	Lp
31	51	-1
31	52	Lp
31	53	Lp
31	54	-1
31	55	Lp
31	56	Lp
31	57	-1
31	58	Lp
31	59	Lp
31	60	Lp
31	61	Lp
31	62	Lp
31	63	L
31	64	Lp
31	65	L
31	66	L
31	67	L
31	68	U
31	69	Lp
31	70	Lp
31	71	L
31	72	-1
31	73	-1
31	74	Lp
31	75	Lp
31	76	Lp
31	77	Lp
31	78	Lp
31	79	Lp
31	80	L
31	81	Lp
31	82	-1
31	83	Lp
31	84	Lp
31	85	Lp
31	86	L
31	87	L
31	88	Lp
31	89	L
31	90	-1
31	91	L
31	92	L
31	93	L
31	94	Lp
31	95	Lp
31	96	Lp
31	97	Lp
31	98	Lp
31	99	Lp
31	100	Lp
31	101	Lp
31	102	-1
31	103	Lp
31	104	Lp
31	105	-1
31	106	Lp
31	107	Lp
31	108	Lp
31	109	Lp
31	110	Lp
31	111	Lp
31	112	Lp
31	113	Lp
31	114	Lp
31	115	Lp
31	116	Lp
31	117	Lp
31	118	Lp
31	119	L
32	0	L
32	1	Lp
32	2	Lp
32	3	Lp
32	4	Lp
32	5	Lp
32	6	Lp
32	7	Lp
32	8	-1
32	9	Lp
32	10	Lp
32	11	Lp
32	12	Lp
32	13	Lp
32	14	Lp
32	15	-1
32	16	Lp
32	17	-1
32	18	-1
32	19	Lp
32	20	Lp
32	21	-1
32	22	Lp
32	23	L
32	24	Lp
32	25	-1
32	26	-1
32	27	Lp
32	28	Lp
32	29	-1
32	30	Lp
32	31	Lp
32	32	Lp
32	33	-1
32	34	Lp
32	35	-1
32	36	Lp
32	37	Lp
32	38	Lp
32	39	Lp
32	40	Lp
32	41	Lp
32	42	Lp
32	43	Lp
32	44	L
32	45	Lp
32	46	Lp
32	47	Lp
32	48	Lp
32	49	Lp
32	50	Lp
32	51	Lp
32	52	Lp
32	53	Lp
32	54	Lp
32	55	Lp
32	56	Lp
32	57	Lp
32	58	-1
32	59	-1
32	60	-1
32	61	Lp
32	62	Lp
32	63	Lp
32	64	Lp
32	65	Lp
32	66	Lp
32	67	-1
32	68	Lp
32	69	Lp
32	70	Lp
32	71	Lp
32	72	L
32	73	Lp
32	74	-1
32	75	-1
32	76	Lp
32	77	Lp
32	78	Lp
32	79	Lp
32	80	Lp
32	81	L
32	82	Lp
32	83	-1
32	84	L
32	85	Lp
32	86	L
32	87	L
32	88	U
32	89	L
32	90	L
32	91	L
32	92	Lp
32	93	Lp
32	94	Lp
32	95	Lp
32	96	Lp
32	97	Lp
32	98	Lp
32	99	Lp
32	100	-1
32	101	Lp
32	102	Lp
32	103	Lp
32	104	Lp
32	105	Lp
32	106	Lp
32	107	Lp
32	108	Lp
32	109	Lp
32	110	Lp
32	111	Lp
32	112	Lp
32	113	Lp
32	114	Lp
32	115	-1
32	116	Lp
32	117	Lp
32	118	Lp
32	119	Lp
33	0	Lp
33	1	L
33	2	Lp
33	3	Lp
33	4	Lp
33	5	Lp
33	6	Lp
33	7	Lp
33	8	Lp
33	9	-1
33	10	L
33	11	U
33	12	Lp
33	13	-1
33	14	-1
33	15	Lp
33	16	Lp
33	17	Lp
33	18	-1
33	19	Lp
33	20	Lp
33	21	Lp
33	22	L
33	23	L
33	24	L
33	25	Lp
33	26	L
33	27	L
33	28	Lp
33	29	Lp
33	30	-1
33	31	-1
33	32	Lp
33	33	Lp
33	34	Lp
33	35	Lp
33	36	Lp
33	37	Lp
33	38	Lp
33	39	Lp
33	40	Lp
33	41	Lp
33	42	Lp
33	43	Lp
33	44	Lp
33	45	Lp
33	46	Lp
33	47	Lp
33	48	Lp
33	49	Lp
33	50	Lp
33	51	-1
33	52	Lp
33	53	Lp
33	54	Lp
33	55	Lp
33	56	-1
33	57	-1
33	58	Lp
33	59	-1
33	60	Lp
33	61	Lp
33	62	-1
33	63	Lp
33	64	L
33	65	-1
33	66	Lp
33	67	L
33	68	Lp
33	69	Lp
33	70	Lp
33	71	Lp
33	72	-1
33	73	Lp
33	74	-1
33	75	Lp
33	76	L
33	77	-1
33	78	Lp
33	79	Lp
33	80	Lp
33	81	-1
33	82	Lp
33	83	Lp
33	84	Lp
33	85	Lp
33	86	L
33	87	U
33	88	-1
33	89	Lp
33	90	Lp
33	91	L
33	92	Lp
33	93	Lp
33	94	Lp
33	95	Lp
33	96	-1
33	97	Lp
33	98	Lp
33	99	Lp
33	100	Lp
33	101	-1
33	102	Lp
33	103	Lp
33	104	Lp
33	105	Lp
33	106	Lp
33	107	Lp
33	108	Lp
33	109	Lp
33	110	Lp
33	111	Lp
33	112	-1
33	113	Lp
33	114	Lp
33	115	Lp
33	116	Lp
33	117	-1
33	118	Lp
33	119	Lp
34	0	L
34	1	Lp
34	2	Lp
34	3	Lp
34	4	Lp
34	5	Lp
34	6	Lp
34	7	L
34	8	L
34	9	Lp
34	10	L
34	11	Lp
34	12	Lp
34	13	Lp
34	14	Lp
34	15	-1
34	16	Lp
34	17	Lp
34	18	Lp
34	19	Lp
34	20	Lp
34	21	Lp
34	22	Lp
34	23	Lp
34	24	L
34	25	L
34	26	L
34	27	L
34	28	Lp
34	29	Lp
34	30	Lp
34	31	-1
34	32	-1
34	33	Lp
34	34	U
34	35	-1
34	36	Lp
34	37	Lp
34	38	Lp
34	39	Lp
34	40	-1
34	41	Lp
34	42	Lp
34	43	Lp
34	44	Lp
34	45	-1
34	46	L
34	47	Lp
34	48	-1
34	49	Lp
34	50	-1
34	51	Lp
34	52	Lp
34	53	Lp
34	54	Lp
34	55	Lp
34	56	Lp
34	57	Lp
34	58	Lp
34	59	Lp
34	60	Lp
34	61	L
34	62	-1
34	63	L
34	64	L
34	65	L
34	66	L
34	67	-1
34	68	Lp
34	69	Lp
34	70	-1
34	71	U
34	72	-1
34	73	-1
34	74	Lp
34	75	-1
34	76	Lp
34	77	Lp
34	78	L
34	79	Lp
34	80	Lp
34	81	Lp
34	82	Lp
34	83	L
34	84	L
34	85	Lp
34	86	U
34	87	Lp
34	88	Lp
34	89	Lp
34	90	Lp
34	91	Lp
34	92	Lp
34	93	L
34	94	L
34	95	L
34	96	Lp
34	97	-1
34	98	Lp
34	99	Lp
34	100	Lp
34	101	Lp
34	102	Lp
34	103	Lp
34	104	Lp
34	105	Lp
34	106	Lp
34	107	Lp
34	108	Lp
34	109	-1
34	110	Lp
34	111	Lp
34	112	Lp
34	113	Lp
34	114	Lp
34	115	Lp
34	116	L
34	117	Lp
34	118	Lp
34	119	Lp
35	0	Lp
35	1	Lp
35	2	Lp
35	3	Lp
35	4	Lp
35	5	Lp
35	6	L
35	7	L
35	8	L
35	9	L
35	10	U
35	11	Lp
35	12	Lp
35	13	Lp
35	14	Lp
35	15	-1
35	16	Lp
35	17	Lp
35	18	Lp
35	19	Lp
35	20	Lp
35	21	Lp
35	22	Lp
35	23	Lp
35	24	Lp
35	25	L
35	26	L
35	27	-1
35	28	Lp
35	29	Lp
35	30	-1
35	31	Lp
35	32	Lp
35	33	Lp
35	34	Lp
35	35	Lp
35	36	Lp
35	37	Lp
35	38	Lp
35	39	Lp
35	40	Lp
35	41	Lp
35	42	Lp
35	43	-1
35	44	Lp
35	45	-1
35	46	Lp
35	47	-1
35	48	Lp
35	49	-1
35	50	Lp
35	51	Lp
35	52	Lp
35	53	Lp
35	54	Lp
35	55	-1
35	56	Lp
35	57	Lp
35	58	Lp
35	59	Lp
35	60	L
35	61	-1
35	62	Lp
35	63	L
35	64	L
35	65	Lp
35	66	L
35	67	L
35	68	Lp
35	69	Lp
35	70	Lp
35	71	U
35	72	Lp
35	73	Lp
35	74	Lp
35	75	Lp
35	76	Lp
35	77	L
35	78	-1
35	79	L
35	80	Lp
35	81	Lp
35	82	Lp
35	83	U
35	84	-1
35	85	-1
35	86	L
35	87	L
35	88	Lp
35	89	Lp
35	90	Lp
35	91	-1
35	92	L
35	93	L
35	94	L
35	95	-1
35	96	-1
35	97	-1
35	98	-1
35	99	Lp
35	100	-1
35	101	-1
35	102	Lp
35	103	Lp
35	104	Lp
35	105	Lp
35	106	Lp
35	107	Lp
35	108	-1
35	109	Lp
35	110	Lp
35	111	Lp
35	112	Lp
35	113	Lp
35	114	Lp
35	115	Lp
35	116	L
35	117	Lp
35	118	Lp
35	119	Lp
36	0	L
36	1	-1
36	2	Lp
36	3	Lp
36	4	L
36	5	L
36	6	-1
36	7	L
36	8	U
36	9	L
36	10	L
36	11	U
36	12	Lp
36	13	-1
36	14	Lp
36	15	Lp
36	16	-1
36	17	Lp
36	18	Lp
36	19	U
36	20	-1
36	21	-1
36	22	Lp
36	23	Lp
36	24	L
36	25	Lp
36	26	L
36	27	-1
36	28	Lp
36	29	U
36	30	U
36	31	U
36	32	Lp
36	33	-1
36	34	Lp
36	35	Lp
36	36	L
36	37	Lp
36	38	Lp
36	39	-1
36	40	-1
36	41	-1
36	42	-1
36	43	Lp
36	44	Lp
36	45	-1
36	46	Lp
36	47	Lp
36	48	Lp
36	49	Lp
36	50	Lp
36	51	Lp
36	52	Lp
36	53	Lp
36	54	Lp
36	55	-1
36	56	-1
36	57	Lp
36	58	Lp
36	59	Lp
36	60	Lp
36	61	-1
36	62	Lp
36	63	Lp
36	64	-1
36	65	L
36	66	-1
36	67	Lp
36	68	Lp
36	69	Lp
36	70	Lp
36	71	Lp
36	72	-1
36	73	Lp
36	74	Lp
36	75	Lp
36	76	L
36	77	-1
36	78	L
36	79	L
36	80	L
36	81	L
36	82	U
36	83	U
36	84	-1
36	85	U
36	86	-1
36	87	L
36	88	-1
36	89	-1
36	90	L
36	91	Lp
36	92	L
36	93	L
36	94	L
36	95	Lp
36	96	-1
36	97	-1
36	98	Lp
36	99	Lp
36	100	Lp
36	101	Lp
36	102	Lp
36	103	Lp
36	104	Lp
36	105	Lp
36	106	-1
36	107	-1
36	108	Lp
36	109	Lp
36	110	Lp
36	111	Lp
36	112	-1
36	113	Lp
36	114	-1
36	115	L
36	116	L
36	117	Lp
36	118	L
36	119	L
37	0	-1
37	1	Lp
37	2	L
37	3	Lp
37	4	Lp
37	5	Lp
37	6	-1
37	7	U
37	8	-1
37	9	L
37	10	L
37	11	L
37	12	Lp
37	13	L
37	14	-1
37	15	Lp
37	16	Lp
37	17	Lp
37	18	Lp
37	19	-1
37	20	Lp
37	21	U
37	22	L
37	23	Lp
37	24	-1
37	25	U
37	26	Lp
37	27	Lp
37	28	Lp
37	29	Lp
37	30	Lp
37	31	U
37	32	U
37	33	L
37	34	Lp
37	35	L
37	36	Lp
37	37	Lp
37	38	Lp
37	39	Lp
37	40	Lp
37	41	Lp
37	42	Lp
37	43	Lp
37	44	-1
37	45	Lp
37	46	Lp
37	47	-1
37	48	Lp
37	49	Lp
37	50	Lp
37	51	-1
37	52	Lp
37	53	Lp
37	54	Lp
37	55	-1
37	56	Lp
37	57	Lp
37	58	Lp
37	59	Lp
37	60	Lp
37	61	L
37	62	L
37	63	L
37	64	Lp
37	65	L
37	66	-1
37	67	Lp
37	68	Lp
37	69	-1
37	70	Lp
37	71	Lp
37	72	L
37	73	L
37	74	-1
37	75	L
37	76	L
37	77	Lp
37	78	Lp
37	79	Lp
37	80	L
37	81	Lp
37	82	U
37	83	L
37	84	U
37	85	L
37	86	Lp
37	87	L
37	88	Lp
37	89	Lp
37	90	Lp
37	91	L
37	92	L
37	93	L
37	94	-1
37	95	-1
37	96	L
37	97	L
37	98	-1
37	99	Lp
37	100	Lp
37	101	Lp
37	102	-1
37	103	-1
37	104	Lp
37	105	Lp
37	106	Lp
37	107	-1
37	108	Lp
37	109	Lp
37	110	Lp
37	111	Lp
37	112	Lp
37	113	Lp
37	114	Lp
37	115	L
37	116	Lp
37	117	Lp
37	118	L
37	119	Lp
38	0	Lp
38	1	Lp
38	2	L
38	3	-1
38	4	Lp
38	5	Lp
38	6	Lp
38	7	-1
38	8	Lp
38	9	Lp
38	10	Lp
38	11	-1
38	12	L
38	13	-1
38	14	Lp
38	15	Lp
38	16	-1
38	17	Lp
38	18	U
38	19	Lp
38	20	U
38	21	L
38	22	-1
38	23	Lp
38	24	Lp
38	25	Lp
38	26	Lp
38	27	Lp
38	28	-1
38	29	Lp
38	30	U
38	31	Lp
38	32	U
38	33	L
38	34	Lp
38	35	Lp
38	36	Lp
38	37	Lp
38	38	Lp
38	39	Lp
38	40	Lp
38	41	-1
38	42	Lp
38	43	-1
38	44	Lp
38	45	Lp
38	46	Lp
38	47	Lp
38	48	Lp
38	49	-1
38	50	Lp
38	51	Lp
38	52	-1
38	53	Lp
38	54	Lp
38	55	-1
38	56	-1
38	57	Lp
38	58	-1
38	59	Lp
38	60	L
38	61	-1
38	62	L
38	63	-1
38	64	-1
38	65	Lp
38	66	-1
38	67	Lp
38	68	Lp
38	69	-1
38	70	Lp
38	71	L
38	72	-1
38	73	-1
38	74	L
38	75	L
38	76	-1
38	77	L
38	78	Lp
38	79	Lp
38	80	Lp
38	81	Lp
38	82	Lp
38	83	L
38	84	L
38	85	Lp
38	86	Lp
38	87	L
38	88	Lp
38	89	Lp
38	90	Lp
38	91	L
38	92	-1
38	93	L
38	94	L
38	95	Lp
38	96	Lp
38	97	Lp
38	98	Lp
38	99	Lp
38	100	Lp
38	101	-1
38	102	Lp
38	103	U
38	104	-1
38	105	Lp
38	106	Lp
38	107	Lp
38	108	Lp
38	109	-1
38	110	Lp
38	111	Lp
38	112	Lp
38	113	Lp
38	114	Lp
38	115	Lp
38	116	L
38	117	-1
38	118	L
38	119	L
39	0	-1
39	1	-1
39	2	Lp
39	3	Lp
39	4	-1
39	5	Lp
39	6	Lp
39	7	L
39	8	L
39	9	L
39	10	L
39	11	L
39	12	L
39	13	L
39	14	-1
39	15	Lp
39	16	Lp
39	17	U
39	18	Lp
39	19	-1
39	20	U
39	21	L
39	22	L
39	23	Lp
39	24	Lp
39	25	U
39	26	Lp
39	27	Lp
39	28	Lp
39	29	L
39	30	L
39	31	U
39	32	L
39	33	L
39	34	Lp
39	35	Lp
39	36	Lp
39	37	Lp
39	38	Lp
39	39	Lp
39	40	Lp
39	41	Lp
39	42	Lp
39	43	-1
39	44	Lp
39	45	Lp
39	46	Lp
39	47	Lp
39	48	Lp
39	49	Lp
39	50	Lp
39	51	-1
39	52	Lp
39	53	-1
39	54	Lp
39	55	Lp
39	56	-1
39	57	-1
39	58	-1
39	59	Lp
39	60	Lp
39	61	Lp
39	62	Lp
39	63	Lp
39	64	-1
39	65	-1
39	66	Lp
39	67	Lp
39	68	-1
39	69	-1
39	70	-1
39	71	L
39	72	L
39	73	Lp
39	74	L
39	75	L
39	76	L
39	77	Lp
39	78	Lp
39	79	Lp
39	80	Lp
39	81	Lp
39	82	Lp
39	83	Lp
39	84	L
39	85	-1
39	86	-1
39	87	Lp
39	88	Lp
39	89	Lp
39	90	Lp
39	91	-1
39	92	L
39	93	L
39	94	-1
39	95	Lp
39	96	Lp
39	97	Lp
39	98	-1
39	99	Lp
39	100	Lp
39	101	Lp
39	102	U
39	103	U
39	104	Lp
39	105	Lp
39	106	Lp
39	107	Lp
39	108	-1
39	109	Lp
39	110	-1
39	111	-1
39	112	-1
39	113	Lp
39	114	L
39	115	L
39	116	L
39	117	L
39	118	Lp
39	119	L
40	0	L
40	1	L
40	2	L
40	3	Lp
40	4	Lp
40	5	-1
40	6	Lp
40	7	L
40	8	-1
40	9	L
40	10	-1
40	11	Lp
40	12	L
40	13	Lp
40	14	Lp
40	15	Lp
40	16	Lp
40	17	Lp
40	18	Lp
40	19	-1
40	20	-1
40	21	Lp
40	22	U
40	23	Lp
40	24	-1
40	25	U
40	26	L
40	27	-1
40	28	-1
40	29	L
40	30	-1
40	31	L
40	32	Lp
40	33	L
40	34	Lp
40	35	Lp
40	36	Lp
40	37	-1
40	38	-1
40	39	Lp
40	40	Lp
40	41	Lp
40	42	Lp
40	43	Lp
40	44	Lp
40	45	-1
40	46	-1
40	47	-1
40	48	Lp
40	49	Lp
40	50	Lp
40	51	Lp
40	52	Lp
40	53	Lp
40	54	Lp
40	55	Lp
40	56	Lp
40	57	Lp
40	58	Lp
40	59	Lp
40	60	-1
40	61	Lp
40	62	Lp
40	63	Lp
40	64	Lp
40	65	Lp
40	66	Lp
40	67	L
40	68	Lp
40	69	Lp
40	70	L
40	71	L
40	72	L
40	73	L
40	74	L
40	75	L
40	76	Lp
40	77	-1
40	78	-1
40	79	Lp
40	80	Lp
40	81	Lp
40	82	-1
40	83	Lp
40	84	Lp
40	85	Lp
40	86	L
40	87	Lp
40	88	-1
40	89	Lp
40	90	-1
40	91	Lp
40	92	-1
40	93	L
40	94	L
40	95	-1
40	96	Lp
40	97	-1
40	98	Lp
40	99	-1
40	100	Lp
40	101	Lp
40	102	Lp
40	103	Lp
40	104	Lp
40	105	Lp
40	106	Lp
40	107	Lp
40	108	Lp
40	109	Lp
40	110	Lp
40	111	-1
40	112	-1
40	113	-1
40	114	-1
40	115	L
40	116	L
40	117	Lp
40	118	L
40	119	Lp
41	0	L
41	1	L
41	2	L
41	3	Lp
41	4	Lp
41	5	Lp
41	6	Lp
41	7	-1
41	8	-1
41	9	L
41	10	Lp
41	11	Lp
41	12	Lp
41	13	Lp
41	14	Lp
41	15	Lp
41	16	Lp
41	17	Lp
41	18	Lp
41	19	U
41	20	-1
41	21	Lp
41	22	-1
41	23	-1
41	24	L
41	25	L
41	26	L
41	27	L
41	28	Lp
41	29	Lp
41	30	Lp
41	31	Lp
41	32	L
41	33	-1
41	34	Lp
41	35	Lp
41	36	Lp
41	37	Lp
41	38	Lp
41	39	-1
41	40	Lp
41	41	Lp
41	42	Lp
41	43	Lp
41	44	Lp
41	45	-1
41	46	-1
41	47	Lp
41	48	Lp
41	49	Lp
41	50	Lp
41	51	Lp
41	52	-1
41	53	Lp
41	54	-1
41	55	Lp
41	56	Lp
41	57	Lp
41	58	U
41	59	U
41	60	Lp
41	61	-1
41	62	Lp
41	63	Lp
41	64	Lp
41	65	Lp
41	66	Lp
41	67	-1
41	68	-1
41	69	Lp
41	70	-1
41	71	L
41	72	L
41	73	L
41	74	L
41	75	Lp
41	76	L
41	77	Lp
41	78	-1
41	79	-1
41	80	Lp
41	81	Lp
41	82	Lp
41	83	L
41	84	L
41	85	L
41	86	-1
41	87	L
41	88	Lp
41	89	Lp
41	90	Lp
41	91	Lp
41	92	Lp
41	93	L
41	94	L
41	95	-1
41	96	Lp
41	97	Lp
41	98	Lp
41	99	L
41	100	Lp
41	101	Lp
41	102	Lp
41	103	Lp
41	104	-1
41	105	Lp
41	106	Lp
41	107	Lp
41	108	Lp
41	109	-1
41	110	Lp
41	111	Lp
41	112	Lp
41	113	Lp
41	114	-1
41	115	L
41	116	-1
41	117	L
41	118	Lp
41	119	L
42	0	L
42	1	L
42	2	Lp
42	3	Lp
42	4	-1
42	5	L
42	6	Lp
42	7	-1
42	8	Lp
42	9	Lp
42	10	Lp
42	11	-1
42	12	Lp
42	13	Lp
42	14	Lp
42	15	Lp
42	16	Lp
42	17	Lp
42	18	-1
42	19	U
42	20	Lp
42	21	L
42	22	-1
42	23	Lp
42	24	Lp
42	25	-1
42	26	L
42	27	L
42	28	-1
42	29	Lp
42	30	Lp
42	31	-1
42	32	Lp
42	33	-1
42	34	Lp
42	35	Lp
42	36	Lp
42	37	Lp
42	38	Lp
42	39	Lp
42	40	Lp
42	41	-1
42	42	Lp
42	43	Lp
42	44	-1
42	45	L
42	46	-1
42	47	Lp
42	48	-1
42	49	L
42	50	L
42	51	-1
42	52	Lp
42	53	-1
42	54	Lp
42	55	Lp
42	56	Lp
42	57	Lp
42	58	U
42	59	Lp
42	60	Lp
42	61	Lp
42	62	-1
42	63	Lp
42	64	Lp
42	65	-1
42	66	-1
42	67	-1
42	68	-1
42	69	L
42	70	L
42	71	L
42	72	-1
42	73	L
42	74	Lp
42	75	Lp
42	76	-1
42	77	Lp
42	78	Lp
42	79	Lp
42	80	Lp
42	81	Lp
42	82	Lp
42	83	L
42	84	L
42	85	L
42	86	L
42	87	-1
42	88	Lp
42	89	Lp
42	90	Lp
42	91	-1
42	92	Lp
42	93	L
42	94	-1
42	95	Lp
42	96	Lp
42	97	Lp
42	98	Lp
42	99	Lp
42	100	Lp
42	101	-1
42	102	Lp
42	103	Lp
42	104	-1
42	105	Lp
42	106	Lp
42	107	Lp
42	108	Lp
42	109	Lp
42	110	Lp
42	111	-1
42	112	-1
42	113	Lp
42	114	-1
42	115	Lp
42	116	L
42	117	Lp
42	118	L
42	119	L
43	0	L
43	1	-1
43	2	Lp
43	3	Lp
43	4	Lp
43	5	Lp
43	6	-1
43	7	Lp
43	8	Lp
43	9	Lp
43	10	Lp
43	11	Lp
43	12	-1
43	13	-1
43	14	Lp
43	15	Lp
43	16	-1
43	17	Lp
43	18	Lp
43	19	Lp
43	20	L
43	21	L
43	22	-1
43	23	Lp
43	24	Lp
43	25	L
43	26	L
43	27	L
43	28	L
43	29	L
43	30	L
43	31	Lp
43	32	Lp
43	33	L
43	34	-1
43	35	Lp
43	36	-1
43	37	Lp
43	38	-1
43	39	Lp
43	40	Lp
43	41	Lp
43	42	Lp
43	43	L
43	44	-1
43	45	Lp
43	46	L
43	47	Lp
43	48	L
43	49	Lp
43	50	-1
43	51	Lp
43	52	-1
43	53	Lp
43	54	Lp
43	55	Lp
43	56	Lp
43	57	U
43	58	Lp
43	59	-1
43	60	-1
43	61	Lp
43	62	Lp
43	63	-1
43	64	Lp
43	65	Lp
43	66	L
43	67	-1
43	68	L
43	69	L
43	70	L
43	71	U
43	72	L
43	73	Lp
43	74	-1
43	75	Lp
43	76	Lp
43	77	Lp
43	78	Lp
43	79	Lp
43	80	Lp
43	81	L
43	82	L
43	83	Lp
43	84	-1
43	85	L
43	86	L
43	87	L
43	88	Lp
43	89	Lp
43	90	Lp
43	91	Lp
43	92	Lp
43	93	-1
43	94	L
43	95	-1
43	96	Lp
43	97	Lp
43	98	Lp
43	99	Lp
43	100	Lp
43	101	-1
43	102	Lp
43	103	Lp
43	104	Lp
43	105	Lp
43	106	-1
43	107	Lp
43	108	Lp
43	109	Lp
43	110	Lp
43	111	Lp
43	112	-1
43	113	-1
43	114	Lp
43	115	Lp
43	116	-1
43	117	L
43	118	L
43	119	-1
44	0	L
44	1	L
44	2	L
44	3	Lp
44	4	L
44	5	Lp
44	6	Lp
44	7	Lp
44	8	Lp
44	9	Lp
44	10	Lp
44	11	Lp
44	12	Lp
44	13	Lp
44	14	Lp
44	15	Lp
44	16	-1
44	17	Lp
44	18	Lp
44	19	Lp
44	20	-1
44	21	-1
44	22	L
44	23	-1
44	24	Lp
44	25	L
44	26	L
44	27	L
44	28	L
44	29	L
44	30	L
44	31	Lp
44	32	Lp
44	33	-1
44	34	L
44	35	L
44	36	L
44	37	Lp
44	38	Lp
44	39	Lp
44	40	-1
44	41	-1
44	42	L
44	43	-1
44	44	Lp
44	45	-1
44	46	Lp
44	47	Lp
44	48	L
44	49	L
44	50	-1
44	51	L
44	52	L
44	53	Lp
44	54	Lp
44	55	Lp
44	56	Lp
44	57	U
44	58	L
44	59	U
44	60	Lp
44	61	Lp
44	62	Lp
44	63	-1
44	64	Lp
44	65	-1
44	66	Lp
44	67	L
44	68	-1
44	69	L
44	70	L
44	71	U
44	72	Lp
44	73	-1
44	74	-1
44	75	Lp
44	76	Lp
44	77	Lp
44	78	L
44	79	Lp
44	80	Lp
44	81	L
44	82	L
44	83	Lp
44	84	-1
44	85	L
44	86	L
44	87	L
44	88	Lp
44	89	Lp
44	90	Lp
44	91	Lp
44	92	Lp
44	93	Lp
44	94	Lp
44	95	Lp
44	96	Lp
44	97	Lp
44	98	Lp
44	99	-1
44	100	-1
44	101	Lp
44	102	Lp
44	103	Lp
44	104	Lp
44	105	-1
44	106	-1
44	107	Lp
44	108	-1
44	109	Lp
44	110	-1
44	111	Lp
44	112	Lp
44	113	Lp
44	114	Lp
44	115	L
44	116	-1
44	117	-1
44	118	Lp
44	119	L
45	0	L
45	1	-1
45	2	-1
45	3	L
45	4	L
45	5	L
45	6	Lp
45	7	Lp
45	8	Lp
45	9	-1
45	10	Lp
45	11	Lp
45	12	Lp
45	13	Lp
45	14	Lp
45	15	-1
45	16	Lp
45	17	Lp
45	18	Lp
45	19	Lp
45	20	U
45	21	U
45	22	Lp
45	23	Lp
45	24	L
45	25	L
45	26	-1
45	27	L
45	28	L
45	29	L
45	30	-1
45	31	Lp
45	32	-1
45	33	L
45	34	Lp
45	35	Lp
45	36	L
45	37	Lp
45	38	L
45	39	L
45	40	U
45	41	Lp
45	42	-1
45	43	Lp
45	44	L
45	45	Lp
45	46	L
45	47	L
45	48	-1
45	49	L
45	50	L
45	51	U
45	52	L
45	53	U
45	54	-1
45	55	U
45	56	Lp
45	57	-1
45	58	U
45	59	U
45	60	Lp
45	61	Lp
45	62	Lp
45	63	-1
45	64	-1
45	65	L
45	66	L
45	67	L
45	68	-1
45	69	L
45	70	-1
45	71	L
45	72	Lp
45	73	Lp
45	74	Lp
45	75	-1
45	76	-1
45	77	Lp
45	78	Lp
45	79	-1
45	80	Lp
45	81	Lp
45	82	L
45	83	L
45	84	L
45	85	L
45	86	-1
45	87	L
45	88	Lp
45	89	Lp
45	90	Lp
45	91	Lp
45	92	-1
45	93	Lp
45	94	-1
45	95	Lp
45	96	Lp
45	97	Lp
45	98	Lp
45	99	Lp
45	100	-1
45	101	Lp
45	102	Lp
45	103	Lp
45	104	-1
45	105	-1
45	106	Lp
45	107	Lp
45	108	Lp
45	109	Lp
45	110	Lp
45	111	Lp
45	112	Lp
45	113	-1
45	114	-1
45	115	Lp
45	116	L
45	117	L
45	118	L
45	119	L
46	0	L
46	1	-1
46	2	-1
46	3	L
46	4	L
46	5	Lp
46	6	Lp
46	7	Lp
46	8	-1
46	9	-1
46	10	Lp
46	11	-1
46	12	-1
46	13	Lp
46	14	Lp
46	15	Lp
46	16	Lp
46	17	-1
46	18	Lp
46	19	Lp
46	20	U
46	21	U
46	22	-1
46	23	L
46	24	Lp
46	25	L
46	26	L
46	27	L
46	28	L
46	29	L
46	30	-1
46	31	Lp
46	32	Lp
46	33	Lp
46	34	L
46	35	-1
46	36	L
46	37	-1
46	38	L
46	39	L
46	40	L
46	41	-1
46	42	Lp
46	43	L
46	44	-1
46	45	Lp
46	46	Lp
46	47	Lp
46	48	L
46	49	L
46	50	L
46	51	L
46	52	U
46	53	L
46	54	-1
46	55	Lp
46	56	U
46	57	-1
46	58	U
46	59	-1
46	60	-1
46	61	-1
46	62	-1
46	63	Lp
46	64	L
46	65	-1
46	66	-1
46	67	Lp
46	68	-1
46	69	L
46	70	L
46	71	-1
46	72	L
46	73	Lp
46	74	-1
46	75	Lp
46	76	Lp
46	77	Lp
46	78	Lp
46	79	Lp
46	80	Lp
46	81	Lp
46	82	-1
46	83	L
46	84	L
46	85	L
46	86	L
46	87	L
46	88	L
46	89	Lp
46	90	Lp
46	91	Lp
46	92	-1
46	93	-1
46	94	Lp
46	95	Lp
46	96	Lp
46	97	Lp
46	98	Lp
46	99	Lp
46	100	Lp
46	101	Lp
46	102	Lp
46	103	-1
46	104	-1
46	105	Lp
46	106	Lp
46	107	Lp
46	108	Lp
46	109	Lp
46	110	Lp
46	111	Lp
46	112	-1
46	113	Lp
46	114	Lp
46	115	-1
46	116	L
46	117	L
46	118	L
46	119	L
47	0	-1
47	1	L
47	2	Lp
47	3	Lp
47	4	-1
47	5	L
47	6	L
47	7	Lp
47	8	Lp
47	9	-1
47	10	Lp
47	11	Lp
47	12	Lp
47	13	Lp
47	14	Lp
47	15	Lp
47	16	Lp
47	17	Lp
47	18	U
47	19	U
47	20	U
47	21	Lp
47	22	-1
47	23	Lp
47	24	-1
47	25	Lp
47	26	Lp
47	27	L
47	28	L
47	29	L
47	30	Lp
47	31	Lp
47	32	Lp
47	33	L
47	34	L
47	35	L
47	36	-1
47	37	-1
47	38	L
47	39	L
47	40	L
47	41	L
47	42	Lp
47	43	Lp
47	44	Lp
47	45	Lp
47	46	Lp
47	47	-1
47	48	Lp
47	49	L
47	50	-1
47	51	L
47	52	-1
47	53	U
47	54	U
47	55	U
47	56	Lp
47	57	Lp
47	58	-1
47	59	L
47	60	Lp
47	61	Lp
47	62	Lp
47	63	Lp
47	64	Lp
47	65	Lp
47	66	-1
47	67	Lp
47	68	Lp
47	69	Lp
47	70	-1
47	71	-1
47	72	Lp
47	73	Lp
47	74	Lp
47	75	Lp
47	76	Lp
47	77	Lp
47	78	Lp
47	79	Lp
47	80	Lp
47	81	Lp
47	82	Lp
47	83	Lp
47	84	-1
47	85	L
47	86	-1
47	87	L
47	88	Lp
47	89	Lp
47	90	Lp
47	91	Lp
47	92	-1
47	93	Lp
47	94	Lp
47	95	Lp
47	96	Lp
47	97	Lp
47	98	Lp
47	99	Lp
47	100	Lp
47	101	Lp
47	102	Lp
47	103	-1
47	104	Lp
47	105	-1
47	106	Lp
47	107	Lp
47	108	Lp
47	109	-1
47	110	-1
47	111	Lp
47	112	Lp
47	113	-1
47	114	-1
47	115	L
47	116	L
47	117	-1
47	118	-1
47	119	-1
48	0	L
48	1	L
48	2	Lp
48	3	Lp
48	4	Lp
48	5	L
48	6	L
48	7	L
48	8	-1
48	9	-1
48	10	Lp
48	11	-1
48	12	Lp
48	13	Lp
48	14	-1
48	15	Lp
48	16	Lp
48	17	Lp
48	18	U
48	19	-1
48	20	Lp
48	21	L
48	22	Lp
48	23	Lp
48	24	Lp
48	25	Lp
48	26	Lp
48	27	Lp
48	28	-1
48	29	Lp
48	30	Lp
48	31	Lp
48	32	Lp
48	33	L
48	34	L
48	35	L
48	36	-1
48	37	L
48	38	L
48	39	L
48	40	L
48	41	L
48	42	L
48	43	Lp
48	44	Lp
48	45	-1
48	46	Lp
48	47	Lp
48	48	Lp
48	49	L
48	50	L
48	51	L
48	52	-1
48	53	L
48	54	U
48	55	Lp
48	56	Lp
48	57	Lp
48	58	U
48	59	-1
48	60	U
48	61	Lp
48	62	Lp
48	63	Lp
48	64	Lp
48	65	Lp
48	66	Lp
48	67	Lp
48	68	Lp
48	69	Lp
48	70	Lp
48	71	U
48	72	Lp
48	73	-1
48	74	U
48	75	U
48	76	Lp
48	77	Lp
48	78	Lp
48	79	U
48	80	Lp
48	81	Lp
48	82	Lp
48	83	Lp
48	84	L
48	85	L
48	86	L
48	87	Lp
48	88	Lp
48	89	-1
48	90	Lp
48	91	-1
48	92	-1
48	93	Lp
48	94	Lp
48	95	Lp
48	96	Lp
48	97	Lp
48	98	Lp
48	99	Lp
48	100	Lp
48	101	Lp
48	102	Lp
48	103	Lp
48	104	-1
48	105	Lp
48	106	Lp
48	107	Lp
48	108	-1
48	109	Lp
48	110	Lp
48	111	Lp
48	112	Lp
48	113	Lp
48	114	L
48	115	-1
48	116	U
48	117	-1
48	118	-1
48	119	-1
49	0	L
49	1	Lp
49	2	L
49	3	Lp
49	4	Lp
49	5	Lp
49	6	-1
49	7	Lp
49	8	Lp
49	9	Lp
49	10	Lp
49	11	Lp
49	12	Lp
49	13	Lp
49	14	L
49	15	-1
49	16	Lp
49	17	Lp
49	18	Lp
49	19	U
49	20	Lp
49	21	Lp
49	22	Lp
49	23	U
49	24	U
49	25	Lp
49	26	Lp
49	27	Lp
49	28	U
49	29	Lp
49	30	Lp
49	31	Lp
49	32	Lp
49	33	Lp
49	34	L
49	35	L
49	36	-1
49	37	Lp
49	38	-1
49	39	L
49	40	Lp
49	41	Lp
49	42	Lp
49	43	Lp
49	44	Lp
49	45	Lp
49	46	Lp
49	47	Lp
49	48	Lp
49	49	Lp
49	50	-1
49	51	-1
49	52	L
49	53	U
49	54	U
49	55	Lp
49	56	-1
49	57	Lp
49	58	U
49	59	-1
49	60	U
49	61	-1
49	62	-1
49	63	Lp
49	64	Lp
49	65	Lp
49	66	Lp
49	67	-1
49	68	-1
49	69	Lp
49	70	Lp
49	71	Lp
49	72	Lp
49	73	-1
49	74	U
49	75	-1
49	76	Lp
49	77	Lp
49	78	-1
49	79	Lp
49	80	Lp
49	81	Lp
49	82	Lp
49	83	L
49	84	L
49	85	-1
49	86	L
49	87	-1
49	88	Lp
49	89	-1
49	90	Lp
49	91	Lp
49	92	Lp
49	93	Lp
49	94	Lp
49	95	Lp
49	96	Lp
49	97	Lp
49	98	Lp
49	99	Lp
49	100	-1
49	101	-1
49	102	Lp
49	103	-1
49	104	Lp
49	105	-1
49	106	Lp
49	107	Lp
49	108	Lp
49	109	Lp
49	110	Lp
49	111	-1
49	112	-1
49	113	-1
49	114	Lp
49	115	Lp
49	116	U
49	117	-1
49	118	L
49	119	L
50	0	U
50	1	Lp
50	2	L
50	3	Lp
50	4	Lp
50	5	Lp
50	6	Lp
50	7	Lp
50	8	-1
50	9	Lp
50	10	L
50	11	Lp
50	12	L
50	13	L
50	14	L
50	15	L
50	16	L
50	17	Lp
50	18	Lp
50	19	-1
50	20	Lp
50	21	Lp
50	22	-1
50	23	Lp
50	24	Lp
50	25	U
50	26	L
50	27	U
50	28	U
50	29	Lp
50	30	Lp
50	31	Lp
50	32	Lp
50	33	Lp
50	34	L
50	35	L
50	36	L
50	37	-1
50	38	Lp
50	39	Lp
50	40	Lp
50	41	-1
50	42	Lp
50	43	-1
50	44	Lp
50	45	Lp
50	46	Lp
50	47	Lp
50	48	Lp
50	49	Lp
50	50	Lp
50	51	L
50	52	L
50	53	L
50	54	Lp
50	55	Lp
50	56	Lp
50	57	Lp
50	58	Lp
50	59	-1
50	60	Lp
50	61	Lp
50	62	U
50	63	Lp
50	64	U
50	65	-1
50	66	Lp
50	67	Lp
50	68	-1
50	69	Lp
50	70	Lp
50	71	-1
50	72	Lp
50	73	Lp
50	74	Lp
50	75	Lp
50	76	-1
50	77	Lp
50	78	Lp
50	79	Lp
50	80	Lp
50	81	Lp
50	82	Lp
50	83	-1
50	84	Lp
50	85	-1
50	86	Lp
50	87	Lp
50	88	Lp
50	89	Lp
50	90	-1
50	91	Lp
50	92	Lp
50	93	L
50	94	L
50	95	L
50	96	Lp
50	97	-1
50	98	Lp
50	99	L
50	100	L
50	101	Lp
50	102	Lp
50	103	Lp
50	104	Lp
50	105	Lp
50	106	Lp
50	107	Lp
50	108	Lp
50	109	Lp
50	110	Lp
50	111	-1
50	112	Lp
50	113	Lp
50	114	Lp
50	115	Lp
50	116	U
50	117	L
50	118	L
50	119	L
51	0	-1
51	1	-1
51	2	U
51	3	Lp
51	4	Lp
51	5	Lp
51	6	-1
51	7	Lp
51	8	Lp
51	9	L
51	10	L
51	11	L
51	12	Lp
51	13	Lp
51	14	L
51	15	Lp
51	16	Lp
51	17	Lp
51	18	Lp
51	19	Lp
51	20	Lp
51	21	Lp
51	22	Lp
51	23	Lp
51	24	Lp
51	25	Lp
51	26	U
51	27	-1
51	28	U
51	29	-1
51	30	L
51	31	-1
51	32	Lp
51	33	-1
51	34	Lp
51	35	L
51	36	L
51	37	L
51	38	Lp
51	39	Lp
51	40	Lp
51	41	Lp
51	42	-1
51	43	Lp
51	44	Lp
51	45	Lp
51	46	Lp
51	47	Lp
51	48	Lp
51	49	Lp
51	50	L
51	51	-1
51	52	L
51	53	L
51	54	Lp
51	55	-1
51	56	Lp
51	57	Lp
51	58	Lp
51	59	Lp
51	60	-1
51	61	Lp
51	62	Lp
51	63	Lp
51	64	Lp
51	65	Lp
51	66	Lp
51	67	Lp
51	68	Lp
51	69	Lp
51	70	Lp
51	71	Lp
51	72	Lp
51	73	L
51	74	Lp
51	75	Lp
51	76	-1
51	77	Lp
51	78	-1
51	79	U
51	80	-1
51	81	Lp
51	82	Lp
51	83	Lp
51	84	Lp
51	85	Lp
51	86	Lp
51	87	Lp
51	88	-1
51	89	Lp
51	90	Lp
51	91	Lp
51	92	L
51	93	L
51	94	-1
51	95	L
51	96	L
51	97	-1
51	98	-1
51	99	Lp
51	100	Lp
51	101	Lp
51	102	Lp
51	103	Lp
51	104	Lp
51	105	Lp
51	106	Lp
51	107	Lp
51	108	Lp
51	109	Lp
51	110	Lp
51	111	Lp
51	112	Lp
51	113	Lp
51	114	Lp
51	115	L
51	116	L
51	117	L
51	118	L
51	119	L
52	0	L
52	1	L
52	2	-1
52	3	-1
52	4	Lp
52	5	Lp
52	6	Lp
52	7	L
52	8	L
52	9	L
52	10	L
52	11	Lp
52	12	Lp
52	13	Lp
52	14	Lp
52	15	Lp
52	16	Lp
52	17	Lp
52	18	Lp
52	19	L
52	20	Lp
52	21	Lp
52	22	-1
52	23	-1
52	24	L
52	25	Lp
52	26	Lp
52	27	-1
52	28	U
52	29	-1
52	30	U
52	31	Lp
52	32	Lp
52	33	Lp
52	34	Lp
52	35	Lp
52	36	Lp
52	37	Lp
52	38	U
52	39	Lp
52	40	Lp
52	41	-1
52	42	-1
52	43	Lp
52	44	Lp
52	45	Lp
52	46	Lp
52	47	Lp
52	48	-1
52	49	Lp
52	50	L
52	51	-1
52	52	-1
52	53	L
52	54	Lp
52	55	Lp
52	56	Lp
52	57	Lp
52	58	Lp
52	59	Lp
52	60	Lp
52	61	-1
52	62	-1
52	63	L
52	64	Lp
52	65	-1
52	66	Lp
52	67	Lp
52	68	-1
52	69	Lp
52	70	Lp
52	71	Lp
52	72	Lp
52	73	L
52	74	L
52	75	Lp
52	76	Lp
52	77	L
52	78	-1
52	79	-1
52	80	-1
52	81	Lp
52	82	Lp
52	83	-1
52	84	Lp
52	85	Lp
52	86	Lp
52	87	Lp
52	88	Lp
52	89	-1
52	90	Lp
52	91	L
52	92	Lp
52	93	L
52	94	L
52	95	Lp
52	96	L
52	97	Lp
52	98	-1
52	99	L
52	100	-1
52	101	Lp
52	102	Lp
52	103	Lp
52	104	Lp
52	105	Lp
52	106	-1
52	107	Lp
52	108	-1
52	109	Lp
52	110	Lp
52	111	Lp
52	112	-1
52	113	Lp
52	114	Lp
52	115	Lp
52	116	Lp
52	117	Lp
52	118	L
52	119	-1
53	0	Lp
53	1	L
53	2	L
53	3	-1
53	4	-1
53	5	L
53	6	L
53	7	L
53	8	L
53	9	-1
53	10	Lp
53	11	L
53	12	L
53	13	-1
53	14	Lp
53	15	-1
53	16	U
53	17	Lp
53	18	Lp
53	19	-1
53	20	-1
53	21	-1
53	22	Lp
53	23	Lp
53	24	Lp
53	25	L
53	26	Lp
53	27	Lp
53	28	Lp
53	29	Lp
53	30	Lp
53	31	-1
53	32	Lp
53	33	-1
53	34	Lp
53	35	Lp
53	36	L
53	37	Lp
53	38	Lp
53	39	Lp
53	40	Lp
53	41	Lp
53	42	-1
53	43	Lp
53	44	-1
53	45	-1
53	46	Lp
53	47	Lp
53	48	Lp
53	49	Lp
53	50	Lp
53	51	Lp
53	52	L
53	53	L
53	54	L
53	55	Lp
53	56	Lp
53	57	Lp
53	58	Lp
53	59	Lp
53	60	-1
53	61	-1
53	62	Lp
53	63	-1
53	64	Lp
53	65	Lp
53	66	Lp
53	67	Lp
53	68	Lp
53	69	L
53	70	Lp
53	71	Lp
53	72	L
53	73	Lp
53	74	L
53	75	L
53	76	Lp
53	77	Lp
53	78	L
53	79	L
53	80	-1
53	81	Lp
53	82	Lp
53	83	L
53	84	Lp
53	85	Lp
53	86	Lp
53	87	Lp
53	88	Lp
53	89	Lp
53	90	-1
53	91	Lp
53	92	Lp
53	93	L
53	94	-1
53	95	Lp
53	96	Lp
53	97	L
53	98	-1
53	99	Lp
53	100	Lp
53	101	-1
53	102	Lp
53	103	Lp
53	104	Lp
53	105	Lp
53	106	Lp
53	107	Lp
53	108	Lp
53	109	Lp
53	110	Lp
53	111	Lp
53	112	Lp
53	113	Lp
53	114	Lp
53	115	Lp
53	116	Lp
53	117	L
53	118	Lp
53	119	L
54	0	Lp
54	1	L
54	2	Lp
54	3	L
54	4	L
54	5	-1
54	6	-1
54	7	L
54	8	L
54	9	L
54	10	L
54	11	Lp
54	12	L
54	13	Lp
54	14	Lp
54	15	U
54	16	U
54	17	U
54	18	Lp
54	19	-1
54	20	-1
54	21	Lp
54	22	Lp
54	23	L
54	24	-1
54	25	L
54	26	-1
54	27	Lp
54	28	Lp
54	29	Lp
54	30	Lp
54	31	Lp
54	32	Lp
54	33	-1
54	34	L
54	35	Lp
54	36	Lp
54	37	Lp
54	38	-1
54	39	Lp
54	40	Lp
54	41	Lp
54	42	-1
54	43	-1
54	44	Lp
54	45	Lp
54	46	Lp
54	47	Lp
54	48	Lp
54	49	Lp
54	50	Lp
54	51	Lp
54	52	L
54	53	L
54	54	Lp
54	55	Lp
54	56	-1
54	57	Lp
54	58	-1
54	59	-1
54	60	Lp
54	61	Lp
54	62	Lp
54	63	L
54	64	Lp
54	65	Lp
54	66	L
54	67	L
54	68	Lp
54	69	-1
54	70	U
54	71	-1
54	72	Lp
54	73	Lp
54	74	Lp
54	75	Lp
54	76	Lp
54	77	Lp
54	78	Lp
54	79	Lp
54	80	-1
54	81	Lp
54	82	Lp
54	83	Lp
54	84	Lp
54	85	Lp
54	86	Lp
54	87	Lp
54	88	Lp
54	89	Lp
54	90	-1
54	91	Lp
54	92	-1
54	93	L
54	94	Lp
54	95	Lp
54	96	L
54	97	L
54	98	L
54	99	-1
54	100	Lp
54	101	Lp
54	102	Lp
54	103	Lp
54	104	Lp
54	105	Lp
54	106	Lp
54	107	Lp
54	108	Lp
54	109	Lp
54	110	Lp
54	111	Lp
54	112	Lp
54	113	Lp
54	114	Lp
54	115	Lp
54	116	L
54	117	Lp
54	118	-1
54	119	L
55	0	Lp
55	1	Lp
55	2	Lp
55	3	-1
55	4	L
55	5	L
55	6	Lp
55	7	Lp
55	8	L
55	9	L
55	10	Lp
55	11	L
55	12	Lp
55	13	L
55	14	Lp
55	15	-1
55	16	U
55	17	Lp
55	18	Lp
55	19	L
55	20	Lp
55	21	-1
55	22	-1
55	23	Lp
55	24	L
55	25	L
55	26	L
55	27	Lp
55	28	L
55	29	L
55	30	L
55	31	U
55	32	Lp
55	33	Lp
55	34	Lp
55	35	Lp
55	36	-1
55	37	-1
55	38	-1
55	39	Lp
55	40	Lp
55	41	Lp
55	42	-1
55	43	Lp
55	44	Lp
55	45	Lp
55	46	Lp
55	47	Lp
55	48	Lp
55	49	Lp
55	50	L
55	51	L
55	52	L
55	53	L
55	54	L
55	55	-1
55	56	Lp
55	57	Lp
55	58	Lp
55	59	Lp
55	60	Lp
55	61	Lp
55	62	L
55	63	-1
55	64	L
55	65	Lp
55	66	L
55	67	L
55	68	Lp
55	69	Lp
55	70	Lp
55	71	Lp
55	72	Lp
55	73	Lp
55	74	Lp
55	75	Lp
55	76	Lp
55	77	L
55	78	-1
55	79	Lp
55	80	Lp
55	81	Lp
55	82	Lp
55	83	L
55	84	Lp
55	85	Lp
55	86	-1
55	87	-1
55	88	Lp
55	89	Lp
55	90	Lp
55	91	Lp
55	92	L
55	93	-1
55	94	L
55	95	L
55	96	Lp
55	97	L
55	98	L
55	99	L
55	100	L
55	101	Lp
55	102	-1
55	103	Lp
55	104	-1
55	105	Lp
55	106	Lp
55	107	-1
55	108	Lp
55	109	Lp
55	110	Lp
55	111	-1
55	112	Lp
55	113	Lp
55	114	Lp
55	115	Lp
55	116	Lp
55	117	Lp
55	118	Lp
55	119	Lp
56	0	Lp
56	1	Lp
56	2	U
56	3	-1
56	4	-1
56	5	L
56	6	L
56	7	Lp
56	8	L
56	9	L
56	10	Lp
56	11	L
56	12	Lp
56	13	Lp
56	14	Lp
56	15	U
56	16	-1
56	17	Lp
56	18	Lp
56	19	L
56	20	-1
56	21	Lp
56	22	Lp
56	23	L
56	24	-1
56	25	L
56	26	L
56	27	-1
56	28	Lp
56	29	L
56	30	U
56	31	Lp
56	32	L
56	33	L
56	34	Lp
56	35	Lp
56	36	Lp
56	37	Lp
56	38	Lp
56	39	Lp
56	40	Lp
56	41	Lp
56	42	-1
56	43	-1
56	44	Lp
56	45	Lp
56	46	U
56	47	U
56	48	Lp
56	49	Lp
56	50	-1
56	51	-1
56	52	Lp
56	53	L
56	54	-1
56	55	Lp
56	56	Lp
56	57	Lp
56	58	L
56	59	Lp
56	60	Lp
56	61	L
56	62	-1
56	63	L
56	64	L
56	65	L
56	66	L
56	67	Lp
56	68	Lp
56	69	Lp
56	70	Lp
56	71	Lp
56	72	-1
56	73	-1
56	74	Lp
56	75	-1
56	76	Lp
56	77	-1
56	78	-1
56	79	Lp
56	80	Lp
56	81	Lp
56	82	Lp
56	83	Lp
56	84	Lp
56	85	Lp
56	86	-1
56	87	Lp
56	88	Lp
56	89	Lp
56	90	Lp
56	91	Lp
56	92	Lp
56	93	L
56	94	L
56	95	-1
56	96	L
56	97	Lp
56	98	Lp
56	99	-1
56	100	Lp
56	101	Lp
56	102	-1
56	103	-1
56	104	-1
56	105	Lp
56	106	Lp
56	107	Lp
56	108	-1
56	109	Lp
56	110	Lp
56	111	-1
56	112	Lp
56	113	-1
56	114	-1
56	115	-1
56	116	Lp
56	117	Lp
56	118	-1
56	119	Lp
57	0	Lp
57	1	Lp
57	2	U
57	3	L
57	4	-1
57	5	L
57	6	-1
57	7	-1
57	8	-1
57	9	-1
57	10	-1
57	11	L
57	12	Lp
57	13	Lp
57	14	-1
57	15	Lp
57	16	-1
57	17	U
57	18	Lp
57	19	Lp
57	20	Lp
57	21	Lp
57	22	L
57	23	Lp
57	24	Lp
57	25	L
57	26	L
57	27	-1
57	28	-1
57	29	-1
57	30	Lp
57	31	U
57	32	Lp
57	33	U
57	34	Lp
57	35	Lp
57	36	Lp
57	37	Lp
57	38	Lp
57	39	Lp
57	40	-1
57	41	Lp
57	42	Lp
57	43	Lp
57	44	Lp
57	45	Lp
57	46	U
57	47	L
57	48	L
57	49	L
57	50	Lp
57	51	-1
57	52	L
57	53	-1
57	54	-1
57	55	L
57	56	Lp
57	57	Lp
57	58	Lp
57	59	Lp
57	60	L
57	61	L
57	62	L
57	63	-1
57	64	L
57	65	L
57	66	L
57	67	U
57	68	-1
57	69	Lp
57	70	Lp
57	71	Lp
57	72	U
57	73	Lp
57	74	Lp
57	75	U
57	76	L
57	77	Lp
57	78	-1
57	79	Lp
57	80	Lp
57	81	Lp
57	82	-1
57	83	L
57	84	Lp
57	85	Lp
57	86	Lp
57	87	Lp
57	88	Lp
57	89	Lp
57	90	Lp
57	91	Lp
57	92	U
57	93	L
57	94	-1
57	95	L
57	96	L
57	97	Lp
57	98	Lp
57	99	-1
57	100	-1
57	101	Lp
57	102	-1
57	103	-1
57	104	Lp
57	105	Lp
57	106	Lp
57	107	Lp
57	108	-1
57	109	Lp
57	110	Lp
57	111	Lp
57	112	Lp
57	113	Lp
57	114	Lp
57	115	Lp
57	116	Lp
57	117	Lp
57	118	Lp
57	119	Lp
58	0	Lp
58	1	Lp
58	2	L
58	3	Lp
58	4	L
58	5	Lp
58	6	Lp
58	7	-1
58	8	-1
58	9	L
58	10	-1
58	11	L
58	12	L
58	13	-1
58	14	Lp
58	15	Lp
58	16	Lp
58	17	-1
58	18	Lp
58	19	Lp
58	20	-1
58	21	Lp
58	22	Lp
58	23	Lp
58	24	-1
58	25	-1
58	26	L
58	27	L
58	28	L
58	29	L
58	30	-1
58	31	U
58	32	U
58	33	U
58	34	-1
58	35	Lp
58	36	Lp
58	37	Lp
58	38	Lp
58	39	Lp
58	40	Lp
58	41	Lp
58	42	Lp
58	43	-1
58	44	-1
58	45	Lp
58	46	-1
58	47	L
58	48	-1
58	49	L
58	50	L
58	51	Lp
58	52	L
58	53	L
58	54	Lp
58	55	Lp
58	56	Lp
58	57	L
58	58	-1
58	59	-1
58	60	L
58	61	L
58	62	-1
58	63	L
58	64	L
58	65	-1
58	66	L
58	67	U
58	68	U
58	69	U
58	70	Lp
58	71	U
58	72	Lp
58	73	Lp
58	74	Lp
58	75	Lp
58	76	U
58	77	-1
58	78	-1
58	79	Lp
58	80	-1
58	81	-1
58	82	-1
58	83	Lp
58	84	Lp
58	85	Lp
58	86	Lp
58	87	Lp
58	88	Lp
58	89	Lp
58	90	Lp
58	91	Lp
58	92	Lp
58	93	Lp
58	94	Lp
58	95	Lp
58	96	Lp
58	97	Lp
58	98	Lp
58	99	-1
58	100	-1
58	101	Lp
58	102	Lp
58	103	Lp
58	104	-1
58	105	Lp
58	106	Lp
58	107	Lp
58	108	Lp
58	109	Lp
58	110	Lp
58	111	Lp
58	112	-1
58	113	Lp
58	114	Lp
58	115	Lp
58	116	Lp
58	117	Lp
58	118	Lp
58	119	Lp
59	0	Lp
59	1	Lp
59	2	Lp
59	3	Lp
59	4	Lp
59	5	Lp
59	6	Lp
59	7	-1
59	8	Lp
59	9	Lp
59	10	Lp
59	11	L
59	12	L
59	13	Lp
59	14	Lp
59	15	-1
59	16	Lp
59	17	Lp
59	18	Lp
59	19	Lp
59	20	Lp
59	21	Lp
59	22	-1
59	23	-1
59	24	-1
59	25	Lp
59	26	-1
59	27	L
59	28	L
59	29	U
59	30	U
59	31	U
59	32	Lp
59	33	U
59	34	U
59	35	-1
59	36	-1
59	37	Lp
59	38	-1
59	39	Lp
59	40	U
59	41	Lp
59	42	U
59	43	Lp
59	44	U
59	45	-1
59	46	Lp
59	47	-1
59	48	L
59	49	L
59	50	L
59	51	-1
59	52	L
59	53	L
59	54	Lp
59	55	Lp
59	56	Lp
59	57	L
59	58	L
59	59	L
59	60	L
59	61	L
59	62	L
59	63	L
59	64	Lp
59	65	Lp
59	66	U
59	67	U
59	68	Lp
59	69	Lp
59	70	Lp
59	71	Lp
59	72	Lp
59	73	L
59	74	Lp
59	75	L
59	76	L
59	77	L
59	78	L
59	79	L
59	80	-1
59	81	-1
59	82	Lp
59	83	Lp
59	84	Lp
59	85	Lp
59	86	Lp
59	87	Lp
59	88	-1
59	89	-1
59	90	-1
59	91	Lp
59	92	Lp
59	93	Lp
59	94	Lp
59	95	Lp
59	96	-1
59	97	Lp
59	98	Lp
59	99	Lp
59	100	-1
59	101	-1
59	102	Lp
59	103	-1
59	104	Lp
59	105	U
59	106	Lp
59	107	Lp
59	108	Lp
59	109	Lp
59	110	Lp
59	111	-1
59	112	-1
59	113	Lp
59	114	Lp
59	115	Lp
59	116	Lp
59	117	Lp
59	118	Lp
59	119	Lp
60	0	Lp
60	1	Lp
60	2	Lp
60	3	Lp
60	4	Lp
60	5	Lp
60	6	Lp
60	7	Lp
60	8	Lp
60	9	Lp
60	10	Lp
60	11	L
60	12	L
60	13	L
60	14	Lp
60	15	-1
60	16	Lp
60	17	Lp
60	18	Lp
60	19	Lp
60	20	Lp
60	21	Lp
60	22	Lp
60	23	-1
60	24	Lp
60	25	L
60	26	L
60	27	L
60	28	L
60	29	L
60	30	-1
60	31	Lp
60	32	Lp
60	33	-1
60	34	Lp
60	35	-1
60	36	Lp
60	37	-1
60	38	-1
60	39	Lp
60	40	U
60	41	Lp
60	42	U
60	43	-1
60	44	U
60	45	-1
60	46	U
60	47	-1
60	48	L
60	49	L
60	50	L
60	51	L
60	52	L
60	53	L
60	54	-1
60	55	L
60	56	-1
60	57	Lp
60	58	-1
60	59	L
60	60	L
60	61	L
60	62	L
60	63	-1
60	64	L
60	65	-1
60	66	Lp
60	67	Lp
60	68	Lp
60	69	Lp
60	70	Lp
60	71	Lp
60	72	Lp
60	73	L
60	74	-1
60	75	L
60	76	-1
60	77	L
60	78	L
60	79	Lp
60	80	Lp
60	81	Lp
60	82	L
60	83	Lp
60	84	-1
60	85	Lp
60	86	-1
60	87	Lp
60	88	Lp
60	89	Lp
60	90	-1
60	91	Lp
60	92	-1
60	93	-1
60	94	Lp
60	95	Lp
60	96	Lp
60	97	Lp
60	98	Lp
60	99	Lp
60	100	Lp
60	101	-1
60	102	L
60	103	-1
60	104	Lp
60	105	Lp
60	106	Lp
60	107	Lp
60	108	-1
60	109	Lp
60	110	Lp
60	111	Lp
60	112	-1
60	113	Lp
60	114	Lp
60	115	-1
60	116	Lp
60	117	Lp
60	118	Lp
60	119	Lp
61	0	Lp
61	1	Lp
61	2	L
61	3	L
61	4	Lp
61	5	Lp
61	6	Lp
61	7	Lp
61	8	Lp
61	9	Lp
61	10	Lp
61	11	Lp
61	12	Lp
61	13	Lp
61	14	Lp
61	15	Lp
61	16	-1
61	17	-1
61	18	Lp
61	19	-1
61	20	Lp
61	21	Lp
61	22	-1
61	23	Lp
61	24	Lp
61	25	L
61	26	-1
61	27	L
61	28	L
61	29	L
61	30	Lp
61	31	-1
61	32	Lp
61	33	Lp
61	34	Lp
61	35	Lp
61	36	Lp
61	37	Lp
61	38	-1
61	39	Lp
61	40	-1
61	41	-1
61	42	Lp
61	43	-1
61	44	U
61	45	-1
61	46	U
61	47	L
61	48	L
61	49	L
61	50	L
61	51	-1
61	52	L
61	53	L
61	54	L
61	55	Lp
61	56	-1
61	57	Lp
61	58	Lp
61	59	Lp
61	60	Lp
61	61	L
61	62	L
61	63	L
61	64	Lp
61	65	-1
61	66	Lp
61	67	-1
61	68	Lp
61	69	Lp
61	70	Lp
61	71	Lp
61	72	Lp
61	73	-1
61	74	L
61	75	L
61	76	-1
61	77	L
61	78	Lp
61	79	Lp
61	80	Lp
61	81	-1
61	82	Lp
61	83	L
61	84	Lp
61	85	Lp
61	86	Lp
61	87	-1
61	88	Lp
61	89	-1
61	90	Lp
61	91	-1
61	92	Lp
61	93	Lp
61	94	-1
61	95	Lp
61	96	Lp
61	97	Lp
61	98	Lp
61	99	-1
61	100	-1
61	101	Lp
61	102	Lp
61	103	Lp
61	104	Lp
61	105	Lp
61	106	Lp
61	107	Lp
61	108	Lp
61	109	-1
61	110	U
61	111	Lp
61	112	Lp
61	113	L
61	114	L
61	115	L
61	116	Lp
61	117	Lp
61	118	-1
61	119	Lp
62	0	Lp
62	1	L
62	2	U
62	3	Lp
62	4	Lp
62	5	Lp
62	6	-1
62	7	Lp
62	8	Lp
62	9	Lp
62	10	Lp
62	11	Lp
62	12	-1
62	13	Lp
62	14	Lp
62	15	Lp
62	16	-1
62	17	Lp
62	18	Lp
62	19	Lp
62	20	U
62	21	U
62	22	-1
62	23	-1
62	24	Lp
62	25	L
62	26	-1
62	27	L
62	28	L
62	29	L
62	30	L
62	31	Lp
62	32	Lp
62	33	Lp
62	34	Lp
62	35	Lp
62	36	Lp
62	37	Lp
62	38	Lp
62	39	Lp
62	40	-1
62	41	Lp
62	42	Lp
62	43	Lp
62	44	Lp
62	45	Lp
62	46	L
62	47	-1
62	48	L
62	49	-1
62	50	-1
62	51	L
62	52	L
62	53	-1
62	54	L
62	55	L
62	56	-1
62	57	Lp
62	58	L
62	59	L
62	60	L
62	61	L
62	62	L
62	63	L
62	64	Lp
62	65	-1
62	66	Lp
62	67	Lp
62	68	Lp
62	69	Lp
62	70	Lp
62	71	Lp
62	72	Lp
62	73	-1
62	74	Lp
62	75	L
62	76	-1
62	77	-1
62	78	Lp
62	79	Lp
62	80	L
62	81	L
62	82	Lp
62	83	L
62	84	Lp
62	85	Lp
62	86	Lp
62	87	Lp
62	88	Lp
62	89	Lp
62	90	U
62	91	Lp
62	92	Lp
62	93	Lp
62	94	-1
62	95	Lp
62	96	Lp
62	97	Lp
62	98	Lp
62	99	Lp
62	100	U
62	101	Lp
62	102	-1
62	103	Lp
62	104	Lp
62	105	Lp
62	106	Lp
62	107	-1
62	108	-1
62	109	-1
62	110	U
62	111	Lp
62	112	Lp
62	113	Lp
62	114	-1
62	115	L
62	116	Lp
62	117	Lp
62	118	Lp
62	119	-1
63	0	L
63	1	-1
63	2	-1
63	3	Lp
63	4	Lp
63	5	Lp
63	6	Lp
63	7	Lp
63	8	Lp
63	9	Lp
63	10	Lp
63	11	Lp
63	12	Lp
63	13	Lp
63	14	Lp
63	15	Lp
63	16	Lp
63	17	Lp
63	18	Lp
63	19	-1
63	20	Lp
63	21	U
63	22	L
63	23	L
63	24	-1
63	25	L
63	26	L
63	27	-1
63	28	L
63	29	L
63	30	-1
63	31	-1
63	32	Lp
63	33	L
63	34	Lp
63	35	Lp
63	36	-1
63	37	Lp
63	38	Lp
63	39	U
63	40	U
63	41	Lp
63	42	Lp
63	43	-1
63	44	Lp
63	45	L
63	46	L
63	47	L
63	48	L
63	49	-1
63	50	L
63	51	Lp
63	52	Lp
63	53	L
63	54	L
63	55	L
63	56	L
63	57	L
63	58	L
63	59	-1
63	60	L
63	61	L
63	62	L
63	63	Lp
63	64	Lp
63	65	Lp
63	66	L
63	67	Lp
63	68	Lp
63	69	L
63	70	Lp
63	71	L
63	72	L
63	73	Lp
63	74	-1
63	75	U
63	76	L
63	77	L
63	78	Lp
63	79	Lp
63	80	L
63	81	-1
63	82	-1
63	83	Lp
63	84	Lp
63	85	L
63	86	Lp
63	87	Lp
63	88	Lp
63	89	Lp
63	90	Lp
63	91	Lp
63	92	Lp
63	93	-1
63	94	Lp
63	95	Lp
63	96	Lp
63	97	Lp
63	98	Lp
63	99	Lp
63	100	Lp
63	101	-1
63	102	-1
63	103	-1
63	104	Lp
63	105	Lp
63	106	Lp
63	107	Lp
63	108	Lp
63	109	Lp
63	110	Lp
63	111	-1
63	112	-1
63	113	Lp
63	114	L
63	115	L
63	116	Lp
63	117	Lp
63	118	Lp
63	119	L
64	0	L
64	1	L
64	2	Lp
64	3	L
64	4	Lp
64	5	Lp
64	6	-1
64	7	Lp
64	8	Lp
64	9	Lp
64	10	Lp
64	11	-1
64	12	-1
64	13	L
64	14	L
64	15	Lp
64	16	Lp
64	17	-1
64	18	Lp
64	19	Lp
64	20	Lp
64	21	L
64	22	L
64	23	L
64	24	L
64	25	L
64	26	L
64	27	L
64	28	L
64	29	L
64	30	L
64	31	L
64	32	L
64	33	L
64	34	L
64	35	Lp
64	36	Lp
64	37	Lp
64	38	Lp
64	39	Lp
64	40	U
64	41	Lp
64	42	-1
64	43	L
64	44	-1
64	45	L
64	46	-1
64	47	L
64	48	L
64	49	L
64	50	Lp
64	51	Lp
64	52	L
64	53	-1
64	54	L
64	55	L
64	56	L
64	57	L
64	58	-1
64	59	L
64	60	L
64	61	L
64	62	Lp
64	63	-1
64	64	Lp
64	65	Lp
64	66	Lp
64	67	Lp
64	68	U
64	69	L
64	70	L
64	71	Lp
64	72	L
64	73	Lp
64	74	Lp
64	75	Lp
64	76	-1
64	77	-1
64	78	-1
64	79	L
64	80	L
64	81	U
64	82	Lp
64	83	Lp
64	84	Lp
64	85	-1
64	86	-1
64	87	Lp
64	88	Lp
64	89	Lp
64	90	-1
64	91	Lp
64	92	Lp
64	93	Lp
64	94	Lp
64	95	Lp
64	96	Lp
64	97	Lp
64	98	Lp
64	99	Lp
64	100	Lp
64	101	Lp
64	102	Lp
64	103	Lp
64	104	Lp
64	105	Lp
64	106	Lp
64	107	Lp
64	108	Lp
64	109	Lp
64	110	Lp
64	111	Lp
64	112	Lp
64	113	Lp
64	114	Lp
64	115	L
64	116	Lp
64	117	Lp
64	118	-1
64	119	Lp
65	0	L
65	1	-1
65	2	Lp
65	3	Lp
65	4	Lp
65	5	Lp
65	6	-1
65	7	Lp
65	8	Lp
65	9	-1
65	10	Lp
65	11	Lp
65	12	-1
65	13	L
65	14	L
65	15	Lp
65	16	Lp
65	17	Lp
65	18	Lp
65	19	Lp
65	20	L
65	21	L
65	22	L
65	23	L
65	24	L
65	25	L
65	26	L
65	27	L
65	28	L
65	29	L
65	30	L
65	31	L
65	32	L
65	33	-1
65	34	Lp
65	35	Lp
65	36	Lp
65	37	Lp
65	38	Lp
65	39	Lp
65	40	L
65	41	Lp
65	42	L
65	43	L
65	44	-1
65	45	-1
65	46	L
65	47	L
65	48	L
65	49	L
65	50	L
65	51	-1
65	52	-1
65	53	Lp
65	54	L
65	55	L
65	56	L
65	57	L
65	58	L
65	59	L
65	60	-1
65	61	L
65	62	Lp
65	63	-1
65	64	-1
65	65	Lp
65	66	Lp
65	67	U
65	68	U
65	69	L
65	70	L
65	71	L
65	72	Lp
65	73	-1
65	74	Lp
65	75	L
65	76	L
65	77	L
65	78	L
65	79	-1
65	80	L
65	81	L
65	82	Lp
65	83	Lp
65	84	Lp
65	85	Lp
65	86	Lp
65	87	Lp
65	88	Lp
65	89	Lp
65	90	Lp
65	91	Lp
65	92	Lp
65	93	-1
65	94	Lp
65	95	Lp
65	96	-1
65	97	-1
65	98	U
65	99	Lp
65	100	Lp
65	101	Lp
65	102	Lp
65	103	U
65	104	Lp
65	105	Lp
65	106	U
65	107	Lp
65	108	Lp
65	109	Lp
65	110	Lp
65	111	-1
65	112	Lp
65	113	Lp
65	114	-1
65	115	U
65	116	L
65	117	L
65	118	Lp
65	119	Lp
66	0	Lp
66	1	Lp
66	2	Lp
66	3	-1
66	4	Lp
66	5	-1
66	6	-1
66	7	-1
66	8	Lp
66	9	Lp
66	10	Lp
66	11	Lp
66	12	Lp
66	13	-1
66	14	Lp
66	15	Lp
66	16	Lp
66	17	-1
66	18	Lp
66	19	-1
66	20	L
66	21	L
66	22	L
66	23	L
66	24	L
66	25	L
66	26	L
66	27	-1
66	28	-1
66	29	L
66	30	Lp
66	31	-1
66	32	-1
66	33	Lp
66	34	-1
66	35	-1
66	36	Lp
66	37	Lp
66	38	Lp
66	39	-1
66	40	-1
66	41	L
66	42	-1
66	43	-1
66	44	U
66	45	-1
66	46	U
66	47	L
66	48	L
66	49	L
66	50	L
66	51	Lp
66	52	Lp
66	53	L
66	54	L
66	55	L
66	56	-1
66	57	L
66	58	-1
66	59	U
66	60	L
66	61	U
66	62	Lp
66	63	Lp
66	64	L
66	65	L
66	66	Lp
66	67	U
66	68	L
66	69	L
66	70	L
66	71	L
66	72	L
66	73	L
66	74	Lp
66	75	Lp
66	76	-1
66	77	L
66	78	L
66	79	L
66	80	L
66	81	L
66	82	-1
66	83	-1
66	84	L
66	85	Lp
66	86	Lp
66	87	-1
66	88	U
66	89	Lp
66	90	U
66	91	Lp
66	92	-1
66	93	Lp
66	94	Lp
66	95	Lp
66	96	Lp
66	97	U
66	98	Lp
66	99	U
66	100	Lp
66	101	U
66	102	U
66	103	Lp
66	104	U
66	105	-1
66	106	Lp
66	107	-1
66	108	U
66	109	U
66	110	Lp
66	111	Lp
66	112	Lp
66	113	Lp
66	114	-1
66	115	L
66	116	U
66	117	L
66	118	L
66	119	Lp
67	0	Lp
67	1	Lp
67	2	Lp
67	3	Lp
67	4	Lp
67	5	Lp
67	6	Lp
67	7	-1
67	8	-1
67	9	Lp
67	10	Lp
67	11	-1
67	12	Lp
67	13	Lp
67	14	-1
67	15	Lp
67	16	Lp
67	17	Lp
67	18	Lp
67	19	-1
67	20	-1
67	21	L
67	22	L
67	23	-1
67	24	L
67	25	L
67	26	L
67	27	L
67	28	Lp
67	29	Lp
67	30	-1
67	31	Lp
67	32	Lp
67	33	-1
67	34	Lp
67	35	Lp
67	36	Lp
67	37	-1
67	38	Lp
67	39	-1
67	40	-1
67	41	Lp
67	42	U
67	43	L
67	44	L
67	45	U
67	46	-1
67	47	L
67	48	L
67	49	-1
67	50	L
67	51	Lp
67	52	-1
67	53	L
67	54	L
67	55	L
67	56	L
67	57	L
67	58	L
67	59	L
67	60	U
67	61	Lp
67	62	Lp
67	63	Lp
67	64	Lp
67	65	L
67	66	-1
67	67	Lp
67	68	L
67	69	L
67	70	L
67	71	L
67	72	L
67	73	L
67	74	L
67	75	Lp
67	76	-1
67	77	Lp
67	78	-1
67	79	L
67	80	Lp
67	81	Lp
67	82	-1
67	83	Lp
67	84	Lp
67	85	-1
67	86	Lp
67	87	Lp
67	88	Lp
67	89	Lp
67	90	Lp
67	91	Lp
67	92	Lp
67	93	Lp
67	94	U
67	95	Lp
67	96	Lp
67	97	U
67	98	-1
67	99	Lp
67	100	U
67	101	L
67	102	Lp
67	103	-1
67	104	-1
67	105	Lp
67	106	Lp
67	107	-1
67	108	Lp
67	109	U
67	110	Lp
67	111	Lp
67	112	Lp
67	113	Lp
67	114	Lp
67	115	U
67	116	L
67	117	U
67	118	L
67	119	Lp
68	0	U
68	1	Lp
68	2	Lp
68	3	Lp
68	4	Lp
68	5	U
68	6	Lp
68	7	-1
68	8	Lp
68	9	Lp
68	10	Lp
68	11	Lp
68	12	Lp
68	13	-1
68	14	Lp
68	15	-1
68	16	U
68	17	-1
68	18	Lp
68	19	Lp
68	20	-1
68	21	L
68	22	Lp
68	23	Lp
68	24	Lp
68	25	L
68	26	L
68	27	U
68	28	L
68	29	Lp
68	30	-1
68	31	-1
68	32	-1
68	33	Lp
68	34	Lp
68	35	Lp
68	36	Lp
68	37	Lp
68	38	Lp
68	39	L
68	40	Lp
68	41	-1
68	42	U
68	43	L
68	44	-1
68	45	Lp
68	46	L
68	47	L
68	48	L
68	49	L
68	50	Lp
68	51	L
68	52	L
68	53	-1
68	54	L
68	55	L
68	56	-1
68	57	L
68	58	L
68	59	L
68	60	L
68	61	L
68	62	-1
68	63	L
68	64	Lp
68	65	L
68	66	Lp
68	67	Lp
68	68	L
68	69	L
68	70	L
68	71	L
68	72	L
68	73	L
68	74	-1
68	75	-1
68	76	-1
68	77	-1
68	78	-1
68	79	L
68	80	L
68	81	L
68	82	Lp
68	83	Lp
68	84	L
68	85	Lp
68	86	-1
68	87	L
68	88	Lp
68	89	Lp
68	90	Lp
68	91	U
68	92	-1
68	93	Lp
68	94	Lp
68	95	U
68	96	Lp
68	97	Lp
68	98	-1
68	99	Lp
68	100	Lp
68	101	Lp
68	102	L
68	103	Lp
68	104	Lp
68	105	Lp
68	106	-1
68	107	Lp
68	108	Lp
68	109	Lp
68	110	Lp
68	111	L
68	112	Lp
68	113	Lp
68	114	-1
68	115	Lp
68	116	Lp
68	117	-1
68	118	-1
68	119	Lp
69	0	U
69	1	Lp
69	2	Lp
69	3	Lp
69	4	Lp
69	5	Lp
69	6	-1
69	7	Lp
69	8	-1
69	9	Lp
69	10	Lp
69	11	-1
69	12	Lp
69	13	Lp
69	14	Lp
69	15	Lp
69	16	Lp
69	17	Lp
69	18	Lp
69	19	Lp
69	20	-1
69	21	Lp
69	22	Lp
69	23	Lp
69	24	L
69	25	-1
69	26	L
69	27	L
69	28	Lp
69	29	Lp
69	30	-1
69	31	-1
69	32	-1
69	33	Lp
69	34	Lp
69	35	Lp
69	36	Lp
69	37	Lp
69	38	Lp
69	39	L
69	40	L
69	41	L
69	42	L
69	43	L
69	44	L
69	45	-1
69	46	-1
69	47	L
69	48	-1
69	49	L
69	50	L
69	51	-1
69	52	L
69	53	L
69	54	-1
69	55	Lp
69	56	L
69	57	L
69	58	-1
69	59	-1
69	60	L
69	61	L
69	62	-1
69	63	L
69	64	L
69	65	Lp
69	66	-1
69	67	L
69	68	Lp
69	69	L
69	70	L
69	71	L
69	72	L
69	73	L
69	74	-1
69	75	-1
69	76	-1
69	77	L
69	78	L
69	79	L
69	80	L
69	81	Lp
69	82	Lp
69	83	L
69	84	L
69	85	L
69	86	L
69	87	-1
69	88	-1
69	89	-1
69	90	-1
69	91	Lp
69	92	Lp
69	93	Lp
69	94	Lp
69	95	Lp
69	96	Lp
69	97	Lp
69	98	-1
69	99	Lp
69	100	Lp
69	101	Lp
69	102	-1
69	103	L
69	104	U
69	105	-1
69	106	Lp
69	107	Lp
69	108	Lp
69	109	Lp
69	110	Lp
69	111	Lp
69	112	Lp
69	113	Lp
69	114	Lp
69	115	L
69	116	L
69	117	Lp
69	118	Lp
69	119	Lp
70	0	Lp
70	1	Lp
70	2	Lp
70	3	Lp
70	4	Lp
70	5	Lp
70	6	Lp
70	7	Lp
70	8	Lp
70	9	Lp
70	10	Lp
70	11	Lp
70	12	Lp
70	13	Lp
70	14	Lp
70	15	Lp
70	16	Lp
70	17	Lp
70	18	Lp
70	19	Lp
70	20	-1
70	21	Lp
70	22	Lp
70	23	-1
70	24	-1
70	25	L
70	26	-1
70	27	-1
70	28	Lp
70	29	Lp
70	30	-1
70	31	Lp
70	32	-1
70	33	Lp
70	34	-1
70	35	Lp
70	36	Lp
70	37	Lp
70	38	Lp
70	39	Lp
70	40	L
70	41	Lp
70	42	L
70	43	-1
70	44	L
70	45	L
70	46	L
70	47	L
70	48	L
70	49	-1
70	50	L
70	51	L
70	52	-1
70	53	L
70	54	Lp
70	55	Lp
70	56	Lp
70	57	L
70	58	L
70	59	Lp
70	60	Lp
70	61	Lp
70	62	L
70	63	Lp
70	64	-1
70	65	Lp
70	66	Lp
70	67	L
70	68	L
70	69	L
70	70	Lp
70	71	L
70	72	-1
70	73	L
70	74	L
70	75	L
70	76	-1
70	77	-1
70	78	-1
70	79	L
70	80	L
70	81	L
70	82	L
70	83	L
70	84	-1
70	85	-1
70	86	L
70	87	L
70	88	-1
70	89	Lp
70	90	-1
70	91	Lp
70	92	Lp
70	93	Lp
70	94	Lp
70	95	-1
70	96	-1
70	97	Lp
70	98	Lp
70	99	-1
70	100	Lp
70	101	-1
70	102	-1
70	103	L
70	104	-1
70	105	U
70	106	Lp
70	107	-1
70	108	Lp
70	109	Lp
70	110	Lp
70	111	Lp
70	112	Lp
70	113	Lp
70	114	Lp
70	115	Lp
70	116	L
70	117	Lp
70	118	Lp
70	119	Lp
71	0	L
71	1	Lp
71	2	Lp
71	3	-1
71	4	L
71	5	Lp
71	6	-1
71	7	Lp
71	8	-1
71	9	Lp
71	10	Lp
71	11	Lp
71	12	Lp
71	13	Lp
71	14	Lp
71	15	Lp
71	16	Lp
71	17	-1
71	18	Lp
71	19	-1
71	20	Lp
71	21	Lp
71	22	Lp
71	23	L
71	24	Lp
71	25	-1
71	26	Lp
71	27	L
71	28	Lp
71	29	Lp
71	30	Lp
71	31	Lp
71	32	Lp
71	33	Lp
71	34	Lp
71	35	-1
71	36	Lp
71	37	Lp
71	38	Lp
71	39	Lp
71	40	Lp
71	41	Lp
71	42	L
71	43	L
71	44	L
71	45	L
71	46	L
71	47	L
71	48	L
71	49	Lp
71	50	Lp
71	51	L
71	52	L
71	53	Lp
71	54	Lp
71	55	Lp
71	56	Lp
71	57	Lp
71	58	L
71	59	-1
71	60	-1
71	61	Lp
71	62	L
71	63	-1
71	64	Lp
71	65	Lp
71	66	Lp
71	67	-1
71	68	L
71	69	L
71	70	L
71	71	L
71	72	L
71	73	L
71	74	-1
71	75	L
71	76	L
71	77	-1
71	78	L
71	79	-1
71	80	L
71	81	L
71	82	L
71	83	L
71	84	L
71	85	Lp
71	86	U
71	87	Lp
71	88	Lp
71	89	Lp
71	90	Lp
71	91	L
71	92	L
71	93	Lp
71	94	Lp
71	95	Lp
71	96	-1
71	97	Lp
71	98	Lp
71	99	Lp
71	100	Lp
71	101	Lp
71	102	-1
71	103	-1
71	104	L
71	105	Lp
71	106	Lp
71	107	Lp
71	108	Lp
71	109	-1
71	110	Lp
71	111	Lp
71	112	Lp
71	113	Lp
71	114	Lp
71	115	L
71	116	Lp
71	117	Lp
71	118	Lp
71	119	-1
72	0	L
72	1	-1
72	2	Lp
72	3	Lp
72	4	Lp
72	5	Lp
72	6	Lp
72	7	U
72	8	-1
72	9	Lp
72	10	Lp
72	11	Lp
72	12	-1
72	13	Lp
72	14	Lp
72	15	-1
72	16	Lp
72	17	Lp
72	18	Lp
72	19	Lp
72	20	Lp
72	21	Lp
72	22	Lp
72	23	-1
72	24	L
72	25	Lp
72	26	Lp
72	27	Lp
72	28	Lp
72	29	Lp
72	30	-1
72	31	Lp
72	32	Lp
72	33	Lp
72	34	Lp
72	35	-1
72	36	Lp
72	37	L
72	38	Lp
72	39	Lp
72	40	Lp
72	41	-1
72	42	Lp
72	43	Lp
72	44	L
72	45	L
72	46	L
72	47	L
72	48	L
72	49	L
72	50	Lp
72	51	L
72	52	L
72	53	Lp
72	54	L
72	55	L
72	56	L
72	57	Lp
72	58	Lp
72	59	Lp
72	60	Lp
72	61	-1
72	62	L
72	63	-1
72	64	Lp
72	65	-1
72	66	Lp
72	67	Lp
72	68	-1
72	69	L
72	70	L
72	71	-1
72	72	L
72	73	L
72	74	L
72	75	L
72	76	L
72	77	L
72	78	L
72	79	-1
72	80	L
72	81	-1
72	82	L
72	83	U
72	84	U
72	85	U
72	86	U
72	87	Lp
72	88	Lp
72	89	Lp
72	90	L
72	91	L
72	92	L
72	93	Lp
72	94	Lp
72	95	Lp
72	96	-1
72	97	Lp
72	98	Lp
72	99	Lp
72	100	Lp
72	101	Lp
72	102	Lp
72	103	Lp
72	104	Lp
72	105	Lp
72	106	L
72	107	L
72	108	L
72	109	Lp
72	110	Lp
72	111	-1
72	112	-1
72	113	Lp
72	114	U
72	115	U
72	116	Lp
72	117	-1
72	118	-1
72	119	Lp
73	0	Lp
73	1	-1
73	2	Lp
73	3	U
73	4	-1
73	5	-1
73	6	U
73	7	L
73	8	Lp
73	9	Lp
73	10	Lp
73	11	Lp
73	12	Lp
73	13	U
73	14	U
73	15	-1
73	16	-1
73	17	Lp
73	18	Lp
73	19	Lp
73	20	Lp
73	21	Lp
73	22	-1
73	23	-1
73	24	Lp
73	25	Lp
73	26	Lp
73	27	-1
73	28	Lp
73	29	Lp
73	30	L
73	31	Lp
73	32	Lp
73	33	L
73	34	L
73	35	-1
73	36	L
73	37	L
73	38	Lp
73	39	Lp
73	40	Lp
73	41	Lp
73	42	Lp
73	43	-1
73	44	L
73	45	L
73	46	L
73	47	L
73	48	-1
73	49	Lp
73	50	Lp
73	51	L
73	52	L
73	53	L
73	54	Lp
73	55	L
73	56	L
73	57	L
73	58	L
73	59	-1
73	60	Lp
73	61	-1
73	62	Lp
73	63	Lp
73	64	-1
73	65	Lp
73	66	-1
73	67	Lp
73	68	L
73	69	Lp
73	70	Lp
73	71	-1
73	72	Lp
73	73	Lp
73	74	L
73	75	L
73	76	L
73	77	L
73	78	L
73	79	L
73	80	L
73	81	-1
73	82	Lp
73	83	L
73	84	U
73	85	U
73	86	L
73	87	L
73	88	L
73	89	Lp
73	90	Lp
73	91	-1
73	92	L
73	93	Lp
73	94	Lp
73	95	Lp
73	96	Lp
73	97	Lp
73	98	Lp
73	99	Lp
73	100	Lp
73	101	Lp
73	102	Lp
73	103	U
73	104	Lp
73	105	Lp
73	106	Lp
73	107	L
73	108	L
73	109	-1
73	110	Lp
73	111	Lp
73	112	U
73	113	U
73	114	U
73	115	U
73	116	U
73	117	-1
73	118	-1
73	119	Lp
74	0	Lp
74	1	Lp
74	2	-1
74	3	U
74	4	Lp
74	5	L
74	6	L
74	7	L
74	8	L
74	9	L
74	10	Lp
74	11	Lp
74	12	Lp
74	13	-1
74	14	U
74	15	U
74	16	U
74	17	-1
74	18	Lp
74	19	Lp
74	20	-1
74	21	Lp
74	22	Lp
74	23	Lp
74	24	Lp
74	25	Lp
74	26	Lp
74	27	Lp
74	28	-1
74	29	-1
74	30	L
74	31	L
74	32	L
74	33	L
74	34	L
74	35	L
74	36	L
74	37	-1
74	38	Lp
74	39	Lp
74	40	Lp
74	41	Lp
74	42	-1
74	43	Lp
74	44	Lp
74	45	Lp
74	46	-1
74	47	Lp
74	48	-1
74	49	Lp
74	50	Lp
74	51	Lp
74	52	Lp
74	53	Lp
74	54	Lp
74	55	Lp
74	56	L
74	57	L
74	58	Lp
74	59	Lp
74	60	Lp
74	61	Lp
74	62	Lp
74	63	Lp
74	64	-1
74	65	Lp
74	66	-1
74	67	-1
74	68	L
74	69	Lp
74	70	Lp
74	71	Lp
74	72	Lp
74	73	L
74	74	L
74	75	L
74	76	L
74	77	L
74	78	-1
74	79	-1
74	80	L
74	81	Lp
74	82	L
74	83	-1
74	84	L
74	85	L
74	86	U
74	87	L
74	88	-1
74	89	Lp
74	90	Lp
74	91	Lp
74	92	Lp
74	93	Lp
74	94	-1
74	95	Lp
74	96	L
74	97	Lp
74	98	Lp
74	99	Lp
74	100	Lp
74	101	Lp
74	102	Lp
74	103	Lp
74	104	Lp
74	105	U
74	106	Lp
74	107	L
74	108	L
74	109	L
74	110	L
74	111	Lp
74	112	-1
74	113	U
74	114	Lp
74	115	-1
74	116	U
74	117	Lp
74	118	Lp
74	119	Lp
75	0	Lp
75	1	L
75	2	L
75	3	-1
75	4	Lp
75	5	Lp
75	6	-1
75	7	L
75	8	L
75	9	L
75	10	Lp
75	11	Lp
75	12	-1
75	13	Lp
75	14	Lp
75	15	U
75	16	Lp
75	17	-1
75	18	Lp
75	19	Lp
75	20	Lp
75	21	Lp
75	22	Lp
75	23	Lp
75	24	Lp
75	25	-1
75	26	-1
75	27	-1
75	28	-1
75	29	-1
75	30	L
75	31	Lp
75	32	L
75	33	Lp
75	34	Lp
75	35	-1
75	36	L
75	37	-1
75	38	-1
75	39	Lp
75	40	Lp
75	41	Lp
75	42	Lp
75	43	Lp
75	44	L
75	45	-1
75	46	-1
75	47	-1
75	48	Lp
75	49	-1
75	50	Lp
75	51	Lp
75	52	Lp
75	53	Lp
75	54	-1
75	55	Lp
75	56	U
75	57	Lp
75	58	Lp
75	59	Lp
75	60	-1
75	61	-1
75	62	Lp
75	63	Lp
75	64	Lp
75	65	Lp
75	66	Lp
75	67	-1
75	68	Lp
75	69	Lp
75	70	L
75	71	L
75	72	L
75	73	L
75	74	L
75	75	L
75	76	L
75	77	U
75	78	L
75	79	-1
75	80	L
75	81	-1
75	82	Lp
75	83	Lp
75	84	L
75	85	L
75	86	L
75	87	L
75	88	L
75	89	Lp
75	90	Lp
75	91	-1
75	92	-1
75	93	Lp
75	94	Lp
75	95	-1
75	96	Lp
75	97	L
75	98	L
75	99	Lp
75	100	-1
75	101	Lp
75	102	Lp
75	103	U
75	104	-1
75	105	Lp
75	106	Lp
75	107	L
75	108	L
75	109	L
75	110	Lp
75	111	Lp
75	112	Lp
75	113	Lp
75	114	-1
75	115	-1
75	116	Lp
75	117	-1
75	118	Lp
75	119	U
76	0	L
76	1	L
76	2	L
76	3	L
76	4	L
76	5	L
76	6	Lp
76	7	L
76	8	L
76	9	-1
76	10	Lp
76	11	Lp
76	12	Lp
76	13	Lp
76	14	Lp
76	15	-1
76	16	-1
76	17	-1
76	18	Lp
76	19	Lp
76	20	Lp
76	21	Lp
76	22	Lp
76	23	Lp
76	24	-1
76	25	Lp
76	26	L
76	27	L
76	28	L
76	29	Lp
76	30	Lp
76	31	Lp
76	32	U
76	33	Lp
76	34	-1
76	35	L
76	36	L
76	37	L
76	38	Lp
76	39	L
76	40	Lp
76	41	Lp
76	42	Lp
76	43	Lp
76	44	Lp
76	45	Lp
76	46	Lp
76	47	Lp
76	48	Lp
76	49	-1
76	50	-1
76	51	Lp
76	52	Lp
76	53	Lp
76	54	Lp
76	55	-1
76	56	Lp
76	57	Lp
76	58	Lp
76	59	Lp
76	60	Lp
76	61	Lp
76	62	Lp
76	63	Lp
76	64	Lp
76	65	Lp
76	66	Lp
76	67	Lp
76	68	L
76	69	L
76	70	L
76	71	L
76	72	L
76	73	L
76	74	L
76	75	L
76	76	L
76	77	L
76	78	L
76	79	L
76	80	L
76	81	L
76	82	L
76	83	Lp
76	84	Lp
76	85	Lp
76	86	L
76	87	L
76	88	L
76	89	L
76	90	Lp
76	91	U
76	92	Lp
76	93	Lp
76	94	Lp
76	95	Lp
76	96	Lp
76	97	L
76	98	L
76	99	L
76	100	-1
76	101	L
76	102	-1
76	103	L
76	104	L
76	105	Lp
76	106	Lp
76	107	Lp
76	108	-1
76	109	U
76	110	Lp
76	111	U
76	112	Lp
76	113	Lp
76	114	Lp
76	115	-1
76	116	-1
76	117	-1
76	118	-1
76	119	Lp
77	0	L
77	1	L
77	2	Lp
77	3	L
77	4	L
77	5	L
77	6	Lp
77	7	Lp
77	8	L
77	9	Lp
77	10	Lp
77	11	Lp
77	12	Lp
77	13	Lp
77	14	Lp
77	15	-1
77	16	Lp
77	17	Lp
77	18	Lp
77	19	Lp
77	20	Lp
77	21	Lp
77	22	-1
77	23	-1
77	24	Lp
77	25	Lp
77	26	Lp
77	27	L
77	28	-1
77	29	Lp
77	30	L
77	31	Lp
77	32	U
77	33	U
77	34	L
77	35	L
77	36	L
77	37	L
77	38	L
77	39	L
77	40	Lp
77	41	Lp
77	42	Lp
77	43	Lp
77	44	Lp
77	45	-1
77	46	L
77	47	Lp
77	48	-1
77	49	Lp
77	50	Lp
77	51	-1
77	52	Lp
77	53	Lp
77	54	Lp
77	55	Lp
77	56	Lp
77	57	L
77	58	Lp
77	59	Lp
77	60	Lp
77	61	Lp
77	62	Lp
77	63	Lp
77	64	Lp
77	65	Lp
77	66	Lp
77	67	Lp
77	68	L
77	69	L
77	70	L
77	71	L
77	72	L
77	73	L
77	74	L
77	75	L
77	76	L
77	77	L
77	78	L
77	79	L
77	80	-1
77	81	L
77	82	L
77	83	L
77	84	Lp
77	85	L
77	86	Lp
77	87	-1
77	88	-1
77	89	L
77	90	L
77	91	L
77	92	-1
77	93	L
77	94	L
77	95	Lp
77	96	L
77	97	L
77	98	-1
77	99	-1
77	100	L
77	101	L
77	102	L
77	103	L
77	104	Lp
77	105	Lp
77	106	Lp
77	107	-1
77	108	Lp
77	109	-1
77	110	U
77	111	U
77	112	-1
77	113	Lp
77	114	-1
77	115	-1
77	116	Lp
77	117	Lp
77	118	Lp
77	119	Lp
78	0	-1
78	1	Lp
78	2	L
78	3	Lp
78	4	Lp
78	5	Lp
78	6	Lp
78	7	Lp
78	8	Lp
78	9	U
78	10	Lp
78	11	Lp
78	12	Lp
78	13	Lp
78	14	U
78	15	Lp
78	16	-1
78	17	Lp
78	18	Lp
78	19	-1
78	20	Lp
78	21	Lp
78	22	-1
78	23	Lp
78	24	-1
78	25	Lp
78	26	-1
78	27	L
78	28	L
78	29	L
78	30	L
78	31	L
78	32	U
78	33	Lp
78	34	L
78	35	-1
78	36	L
78	37	-1
78	38	-1
78	39	-1
78	40	Lp
78	41	Lp
78	42	Lp
78	43	Lp
78	44	Lp
78	45	Lp
78	46	Lp
78	47	-1
78	48	Lp
78	49	Lp
78	50	Lp
78	51	Lp
78	52	Lp
78	53	Lp
78	54	Lp
78	55	Lp
78	56	L
78	57	L
78	58	Lp
78	59	Lp
78	60	-1
78	61	Lp
78	62	Lp
78	63	Lp
78	64	Lp
78	65	L
78	66	-1
78	67	Lp
78	68	L
78	69	L
78	70	L
78	71	-1
78	72	L
78	73	L
78	74	L
78	75	L
78	76	L
78	77	L
78	78	L
78	79	L
78	80	L
78	81	L
78	82	L
78	83	L
78	84	L
78	85	L
78	86	L
78	87	L
78	88	-1
78	89	-1
78	90	Lp
78	91	Lp
78	92	L
78	93	L
78	94	-1
78	95	L
78	96	L
78	97	L
78	98	L
78	99	L
78	100	L
78	101	-1
78	102	Lp
78	103	Lp
78	104	L
78	105	U
78	106	Lp
78	107	Lp
78	108	Lp
78	109	Lp
78	110	-1
78	111	U
78	112	Lp
78	113	Lp
78	114	Lp
78	115	Lp
78	116	Lp
78	117	-1
78	118	Lp
78	119	Lp
79	0	L
79	1	L
79	2	L
79	3	L
79	4	Lp
79	5	L
79	6	Lp
79	7	-1
79	8	U
79	9	Lp
79	10	Lp
79	11	Lp
79	12	Lp
79	13	Lp
79	14	Lp
79	15	Lp
79	16	Lp
79	17	Lp
79	18	Lp
79	19	U
79	20	-1
79	21	Lp
79	22	-1
79	23	Lp
79	24	Lp
79	25	L
79	26	-1
79	27	L
79	28	Lp
79	29	-1
79	30	L
79	31	L
79	32	-1
79	33	U
79	34	Lp
79	35	-1
79	36	L
79	37	-1
79	38	Lp
79	39	Lp
79	40	Lp
79	41	Lp
79	42	Lp
79	43	Lp
79	44	Lp
79	45	Lp
79	46	Lp
79	47	Lp
79	48	-1
79	49	U
79	50	-1
79	51	Lp
79	52	Lp
79	53	-1
79	54	Lp
79	55	-1
79	56	Lp
79	57	L
79	58	Lp
79	59	-1
79	60	-1
79	61	-1
79	62	Lp
79	63	Lp
79	64	L
79	65	Lp
79	66	-1
79	67	-1
79	68	L
79	69	L
79	70	L
79	71	L
79	72	L
79	73	L
79	74	L
79	75	L
79	76	-1
79	77	L
79	78	L
79	79	L
79	80	-1
79	81	-1
79	82	L
79	83	L
79	84	-1
79	85	L
79	86	-1
79	87	L
79	88	Lp
79	89	Lp
79	90	-1
79	91	Lp
79	92	Lp
79	93	Lp
79	94	Lp
79	95	Lp
79	96	L
79	97	-1
79	98	-1
79	99	Lp
79	100	L
79	101	-1
79	102	Lp
79	103	L
79	104	-1
79	105	Lp
79	106	Lp
79	107	-1
79	108	Lp
79	109	Lp
79	110	Lp
79	111	Lp
79	112	U
79	113	U
79	114	Lp
79	115	Lp
79	116	-1
79	117	-1
79	118	-1
79	119	L
80	0	-1
80	1	Lp
80	2	Lp
80	3	-1
80	4	L
80	5	Lp
80	6	-1
80	7	Lp
80	8	-1
80	9	-1
80	10	-1
80	11	Lp
80	12	-1
80	13	Lp
80	14	Lp
80	15	-1
80	16	Lp
80	17	Lp
80	18	U
80	19	U
80	20	Lp
80	21	Lp
80	22	Lp
80	23	Lp
80	24	Lp
80	25	-1
80	26	Lp
80	27	L
80	28	L
80	29	L
80	30	L
80	31	L
80	32	U
80	33	L
80	34	U
80	35	-1
80	36	L
80	37	L
80	38	-1
80	39	Lp
80	40	-1
80	41	Lp
80	42	L
80	43	Lp
80	44	Lp
80	45	Lp
80	46	Lp
80	47	Lp
80	48	U
80	49	Lp
80	50	-1
80	51	-1
80	52	Lp
80	53	Lp
80	54	Lp
80	55	Lp
80	56	L
80	57	L
80	58	-1
80	59	-1
80	60	-1
80	61	-1
80	62	L
80	63	Lp
80	64	Lp
80	65	-1
80	66	L
80	67	-1
80	68	L
80	69	L
80	70	L
80	71	L
80	72	-1
80	73	L
80	74	L
80	75	L
80	76	L
80	77	L
80	78	L
80	79	L
80	80	L
80	81	-1
80	82	L
80	83	L
80	84	L
80	85	L
80	86	L
80	87	L
80	88	-1
80	89	Lp
80	90	Lp
80	91	-1
80	92	Lp
80	93	Lp
80	94	Lp
80	95	-1
80	96	L
80	97	Lp
80	98	-1
80	99	Lp
80	100	L
80	101	-1
80	102	L
80	103	-1
80	104	L
80	105	Lp
80	106	Lp
80	107	Lp
80	108	Lp
80	109	-1
80	110	Lp
80	111	L
80	112	-1
80	113	U
80	114	Lp
80	115	Lp
80	116	-1
80	117	Lp
80	118	Lp
80	119	L
81	0	Lp
81	1	Lp
81	2	Lp
81	3	Lp
81	4	Lp
81	5	Lp
81	6	Lp
81	7	-1
81	8	-1
81	9	Lp
81	10	Lp
81	11	Lp
81	12	Lp
81	13	Lp
81	14	Lp
81	15	Lp
81	16	Lp
81	17	U
81	18	U
81	19	-1
81	20	Lp
81	21	Lp
81	22	-1
81	23	Lp
81	24	Lp
81	25	-1
81	26	L
81	27	L
81	28	L
81	29	L
81	30	L
81	31	U
81	32	L
81	33	U
81	34	U
81	35	L
81	36	-1
81	37	L
81	38	Lp
81	39	-1
81	40	L
81	41	-1
81	42	Lp
81	43	Lp
81	44	Lp
81	45	-1
81	46	Lp
81	47	Lp
81	48	Lp
81	49	L
81	50	Lp
81	51	-1
81	52	Lp
81	53	Lp
81	54	Lp
81	55	L
81	56	L
81	57	L
81	58	-1
81	59	Lp
81	60	L
81	61	L
81	62	L
81	63	L
81	64	Lp
81	65	L
81	66	-1
81	67	L
81	68	L
81	69	L
81	70	L
81	71	L
81	72	L
81	73	L
81	74	L
81	75	L
81	76	L
81	77	-1
81	78	L
81	79	-1
81	80	L
81	81	L
81	82	L
81	83	L
81	84	-1
81	85	L
81	86	L
81	87	L
81	88	Lp
81	89	Lp
81	90	-1
81	91	Lp
81	92	Lp
81	93	-1
81	94	-1
81	95	-1
81	96	-1
81	97	Lp
81	98	Lp
81	99	Lp
81	100	-1
81	101	L
81	102	L
81	103	-1
81	104	Lp
81	105	Lp
81	106	-1
81	107	Lp
81	108	Lp
81	109	Lp
81	110	-1
81	111	Lp
81	112	L
81	113	L
81	114	-1
81	115	Lp
81	116	Lp
81	117	Lp
81	118	L
81	119	-1
82	0	L
82	1	Lp
82	2	Lp
82	3	Lp
82	4	Lp
82	5	L
82	6	Lp
82	7	Lp
82	8	Lp
82	9	Lp
82	10	Lp
82	11	-1
82	12	Lp
82	13	Lp
82	14	Lp
82	15	Lp
82	16	Lp
82	17	Lp
82	18	U
82	19	Lp
82	20	Lp
82	21	Lp
82	22	-1
82	23	Lp
82	24	Lp
82	25	L
82	26	-1
82	27	L
82	28	-1
82	29	L
82	30	L
82	31	L
82	32	L
82	33	L
82	34	U
82	35	-1
82	36	-1
82	37	L
82	38	-1
82	39	-1
82	40	L
82	41	L
82	42	-1
82	43	-1
82	44	Lp
82	45	Lp
82	46	Lp
82	47	Lp
82	48	-1
82	49	-1
82	50	L
82	51	Lp
82	52	Lp
82	53	Lp
82	54	L
82	55	L
82	56	-1
82	57	L
82	58	L
82	59	L
82	60	L
82	61	L
82	62	L
82	63	-1
82	64	L
82	65	Lp
82	66	L
82	67	L
82	68	L
82	69	L
82	70	-1
82	71	L
82	72	L
82	73	L
82	74	L
82	75	L
82	76	-1
82	77	-1
82	78	-1
82	79	-1
82	80	L
82	81	L
82	82	L
82	83	-1
82	84	-1
82	85	U
82	86	-1
82	87	-1
82	88	L
82	89	-1
82	90	Lp
82	91	Lp
82	92	-1
82	93	U
82	94	U
82	95	Lp
82	96	Lp
82	97	Lp
82	98	-1
82	99	Lp
82	100	L
82	101	Lp
82	102	L
82	103	L
82	104	Lp
82	105	-1
82	106	Lp
82	107	Lp
82	108	Lp
82	109	U
82	110	Lp
82	111	Lp
82	112	L
82	113	U
82	114	Lp
82	115	Lp
82	116	-1
82	117	Lp
82	118	Lp
82	119	L
83	0	Lp
83	1	L
83	2	Lp
83	3	Lp
83	4	L
83	5	Lp
83	6	Lp
83	7	Lp
83	8	Lp
83	9	Lp
83	10	Lp
83	11	Lp
83	12	Lp
83	13	Lp
83	14	-1
83	15	Lp
83	16	Lp
83	17	Lp
83	18	-1
83	19	Lp
83	20	Lp
83	21	Lp
83	22	Lp
83	23	-1
83	24	Lp
83	25	-1
83	26	Lp
83	27	Lp
83	28	Lp
83	29	L
83	30	L
83	31	L
83	32	L
83	33	L
83	34	L
83	35	-1
83	36	U
83	37	L
83	38	L
83	39	L
83	40	L
83	41	-1
83	42	-1
83	43	-1
83	44	-1
83	45	-1
83	46	Lp
83	47	Lp
83	48	Lp
83	49	Lp
83	50	L
83	51	L
83	52	L
83	53	Lp
83	54	Lp
83	55	L
83	56	L
83	57	-1
83	58	L
83	59	L
83	60	L
83	61	L
83	62	Lp
83	63	L
83	64	L
83	65	L
83	66	L
83	67	L
83	68	L
83	69	L
83	70	Lp
83	71	L
83	72	-1
83	73	-1
83	74	L
83	75	-1
83	76	L
83	77	U
83	78	L
83	79	-1
83	80	L
83	81	L
83	82	L
83	83	L
83	84	U
83	85	-1
83	86	-1
83	87	Lp
83	88	-1
83	89	Lp
83	90	-1
83	91	Lp
83	92	Lp
83	93	Lp
83	94	U
83	95	U
83	96	Lp
83	97	Lp
83	98	Lp
83	99	-1
83	100	Lp
83	101	-1
83	102	L
83	103	Lp
83	104	Lp
83	105	Lp
83	106	Lp
83	107	Lp
83	108	Lp
83	109	Lp
83	110	Lp
83	111	L
83	112	Lp
83	113	-1
83	114	U
83	115	Lp
83	116	Lp
83	117	L
83	118	Lp
83	119	L
84	0	-1
84	1	Lp
84	2	Lp
84	3	Lp
84	4	Lp
84	5	Lp
84	6	-1
84	7	-1
84	8	-1
84	9	Lp
84	10	Lp
84	11	Lp
84	12	Lp
84	13	Lp
84	14	-1
84	15	Lp
84	16	Lp
84	17	Lp
84	18	Lp
84	19	Lp
84	20	Lp
84	21	Lp
84	22	Lp
84	23	Lp
84	24	Lp
84	25	Lp
84	26	Lp
84	27	Lp
84	28	L
84	29	L
84	30	L
84	31	L
84	32	L
84	33	L
84	34	L
84	35	L
84	36	L
84	37	L
84	38	-1
84	39	-1
84	40	L
84	41	L
84	42	Lp
84	43	L
84	44	L
84	45	Lp
84	46	L
84	47	Lp
84	48	L
84	49	Lp
84	50	U
84	51	Lp
84	52	L
84	53	L
84	54	-1
84	55	Lp
84	56	-1
84	57	-1
84	58	-1
84	59	L
84	60	L
84	61	Lp
84	62	Lp
84	63	-1
84	64	L
84	65	-1
84	66	L
84	67	L
84	68	-1
84	69	-1
84	70	Lp
84	71	L
84	72	Lp
84	73	L
84	74	-1
84	75	L
84	76	L
84	77	-1
84	78	Lp
84	79	Lp
84	80	L
84	81	L
84	82	U
84	83	Lp
84	84	Lp
84	85	U
84	86	U
84	87	Lp
84	88	Lp
84	89	-1
84	90	Lp
84	91	Lp
84	92	Lp
84	93	Lp
84	94	U
84	95	U
84	96	Lp
84	97	Lp
84	98	-1
84	99	L
84	100	-1
84	101	L
84	102	Lp
84	103	L
84	104	Lp
84	105	Lp
84	106	L
84	107	L
84	108	L
84	109	L
84	110	L
84	111	L
84	112	L
84	113	Lp
84	114	Lp
84	115	Lp
84	116	U
84	117	Lp
84	118	Lp
84	119	Lp
85	0	Lp
85	1	Lp
85	2	Lp
85	3	Lp
85	4	-1
85	5	-1
85	6	Lp
85	7	Lp
85	8	Lp
85	9	-1
85	10	U
85	11	Lp
85	12	U
85	13	Lp
85	14	Lp
85	15	Lp
85	16	Lp
85	17	Lp
85	18	Lp
85	19	Lp
85	20	Lp
85	21	Lp
85	22	Lp
85	23	Lp
85	24	Lp
85	25	-1
85	26	Lp
85	27	L
85	28	-1
85	29	L
85	30	-1
85	31	L
85	32	L
85	33	L
85	34	L
85	35	L
85	36	-1
85	37	-1
85	38	L
85	39	L
85	40	-1
85	41	Lp
85	42	L
85	43	Lp
85	44	Lp
85	45	U
85	46	U
85	47	L
85	48	U
85	49	-1
85	50	-1
85	51	L
85	52	Lp
85	53	Lp
85	54	Lp
85	55	-1
85	56	-1
85	57	Lp
85	58	Lp
85	59	Lp
85	60	L
85	61	Lp
85	62	L
85	63	L
85	64	L
85	65	-1
85	66	L
85	67	L
85	68	L
85	69	Lp
85	70	L
85	71	-1
85	72	-1
85	73	L
85	74	L
85	75	-1
85	76	L
85	77	Lp
85	78	Lp
85	79	Lp
85	80	L
85	81	U
85	82	-1
85	83	L
85	84	-1
85	85	Lp
85	86	Lp
85	87	Lp
85	88	L
85	89	Lp
85	90	Lp
85	91	Lp
85	92	Lp
85	93	Lp
85	94	Lp
85	95	-1
85	96	Lp
85	97	Lp
85	98	L
85	99	L
85	100	-1
85	101	L
85	102	L
85	103	Lp
85	104	Lp
85	105	L
85	106	L
85	107	L
85	108	L
85	109	L
85	110	L
85	111	L
85	112	Lp
85	113	Lp
85	114	Lp
85	115	-1
85	116	Lp
85	117	Lp
85	118	Lp
85	119	Lp
86	0	Lp
86	1	Lp
86	2	Lp
86	3	-1
86	4	Lp
86	5	Lp
86	6	-1
86	7	Lp
86	8	Lp
86	9	Lp
86	10	Lp
86	11	-1
86	12	Lp
86	13	Lp
86	14	Lp
86	15	Lp
86	16	Lp
86	17	Lp
86	18	-1
86	19	Lp
86	20	Lp
86	21	-1
86	22	Lp
86	23	Lp
86	24	Lp
86	25	Lp
86	26	Lp
86	27	-1
86	28	-1
86	29	Lp
86	30	-1
86	31	-1
86	32	L
86	33	L
86	34	L
86	35	L
86	36	L
86	37	L
86	38	Lp
86	39	L
86	40	Lp
86	41	L
86	42	L
86	43	L
86	44	Lp
86	45	Lp
86	46	L
86	47	L
86	48	L
86	49	U
86	50	L
86	51	Lp
86	52	Lp
86	53	-1
86	54	-1
86	55	Lp
86	56	-1
86	57	-1
86	58	Lp
86	59	-1
86	60	L
86	61	Lp
86	62	L
86	63	-1
86	64	L
86	65	L
86	66	L
86	67	L
86	68	L
86	69	L
86	70	L
86	71	L
86	72	L
86	73	L
86	74	L
86	75	-1
86	76	Lp
86	77	Lp
86	78	Lp
86	79	Lp
86	80	L
86	81	U
86	82	Lp
86	83	Lp
86	84	L
86	85	Lp
86	86	Lp
86	87	Lp
86	88	L
86	89	Lp
86	90	Lp
86	91	Lp
86	92	Lp
86	93	Lp
86	94	-1
86	95	Lp
86	96	Lp
86	97	Lp
86	98	Lp
86	99	-1
86	100	-1
86	101	L
86	102	L
86	103	L
86	104	-1
86	105	L
86	106	L
86	107	-1
86	108	L
86	109	L
86	110	L
86	111	-1
86	112	L
86	113	-1
86	114	Lp
86	115	Lp
86	116	Lp
86	117	-1
86	118	Lp
86	119	Lp
87	0	Lp
87	1	Lp
87	2	Lp
87	3	Lp
87	4	Lp
87	5	Lp
87	6	Lp
87	7	Lp
87	8	Lp
87	9	Lp
87	10	U
87	11	Lp
87	12	Lp
87	13	Lp
87	14	Lp
87	15	Lp
87	16	Lp
87	17	Lp
87	18	Lp
87	19	Lp
87	20	Lp
87	21	Lp
87	22	Lp
87	23	Lp
87	24	Lp
87	25	-1
87	26	Lp
87	27	Lp
87	28	Lp
87	29	L
87	30	U
87	31	L
87	32	L
87	33	L
87	34	L
87	35	-1
87	36	L
87	37	L
87	38	L
87	39	-1
87	40	Lp
87	41	L
87	42	Lp
87	43	Lp
87	44	Lp
87	45	Lp
87	46	U
87	47	U
87	48	Lp
87	49	Lp
87	50	-1
87	51	L
87	52	Lp
87	53	Lp
87	54	Lp
87	55	U
87	56	Lp
87	57	U
87	58	U
87	59	Lp
87	60	Lp
87	61	Lp
87	62	-1
87	63	Lp
87	64	L
87	65	L
87	66	L
87	67	-1
87	68	-1
87	69	L
87	70	L
87	71	L
87	72	L
87	73	L
87	74	-1
87	75	Lp
87	76	Lp
87	77	Lp
87	78	Lp
87	79	L
87	80	L
87	81	L
87	82	L
87	83	L
87	84	L
87	85	L
87	86	-1
87	87	Lp
87	88	Lp
87	89	-1
87	90	Lp
87	91	Lp
87	92	-1
87	93	Lp
87	94	Lp
87	95	-1
87	96	Lp
87	97	Lp
87	98	L
87	99	Lp
87	100	L
87	101	-1
87	102	L
87	103	L
87	104	L
87	105	L
87	106	L
87	107	L
87	108	Lp
87	109	L
87	110	Lp
87	111	Lp
87	112	-1
87	113	Lp
87	114	Lp
87	115	Lp
87	116	Lp
87	117	Lp
87	118	Lp
87	119	Lp
88	0	Lp
88	1	-1
88	2	Lp
88	3	Lp
88	4	Lp
88	5	Lp
88	6	Lp
88	7	Lp
88	8	Lp
88	9	Lp
88	10	Lp
88	11	Lp
88	12	Lp
88	13	Lp
88	14	Lp
88	15	-1
88	16	-1
88	17	Lp
88	18	Lp
88	19	Lp
88	20	Lp
88	21	Lp
88	22	Lp
88	23	Lp
88	24	Lp
88	25	-1
88	26	-1
88	27	-1
88	28	U
88	29	U
88	30	L
88	31	L
88	32	L
88	33	L
88	34	L
88	35	L
88	36	L
88	37	L
88	38	L
88	39	L
88	40	-1
88	41	Lp
88	42	-1
88	43	Lp
88	44	Lp
88	45	Lp
88	46	Lp
88	47	U
88	48	Lp
88	49	Lp
88	50	Lp
88	51	Lp
88	52	Lp
88	53	L
88	54	U
88	55	Lp
88	56	U
88	57	U
88	58	U
88	59	Lp
88	60	Lp
88	61	-1
88	62	Lp
88	63	Lp
88	64	L
88	65	-1
88	66	L
88	67	L
88	68	Lp
88	69	L
88	70	L
88	71	L
88	72	L
88	73	-1
88	74	-1
88	75	-1
88	76	-1
88	77	Lp
88	78	Lp
88	79	L
88	80	Lp
88	81	L
88	82	L
88	83	L
88	84	-1
88	85	Lp
88	86	L
88	87	-1
88	88	-1
88	89	-1
88	90	Lp
88	91	Lp
88	92	Lp
88	93	Lp
88	94	-1
88	95	-1
88	96	U
88	97	L
88	98	L
88	99	L
88	100	Lp
88	101	L
88	102	L
88	103	L
88	104	L
88	105	-1
88	106	L
88	107	L
88	108	Lp
88	109	Lp
88	110	L
88	111	Lp
88	112	-1
88	113	L
88	114	Lp
88	115	Lp
88	116	Lp
88	117	Lp
88	118	-1
88	119	Lp
89	0	-1
89	1	-1
89	2	-1
89	3	-1
89	4	Lp
89	5	Lp
89	6	-1
89	7	Lp
89	8	Lp
89	9	Lp
89	10	Lp
89	11	Lp
89	12	Lp
89	13	-1
89	14	Lp
89	15	Lp
89	16	Lp
89	17	Lp
89	18	Lp
89	19	Lp
89	20	Lp
89	21	Lp
89	22	Lp
89	23	Lp
89	24	-1
89	25	-1
89	26	Lp
89	27	Lp
89	28	U
89	29	-1
89	30	L
89	31	-1
89	32	L
89	33	L
89	34	L
89	35	L
89	36	L
89	37	L
89	38	-1
89	39	L
89	40	L
89	41	Lp
89	42	-1
89	43	-1
89	44	Lp
89	45	Lp
89	46	Lp
89	47	L
89	48	Lp
89	49	L
89	50	Lp
89	51	Lp
89	52	Lp
89	53	Lp
89	54	-1
89	55	U
89	56	Lp
89	57	U
89	58	U
89	59	Lp
89	60	-1
89	61	Lp
89	62	Lp
89	63	Lp
89	64	Lp
89	65	L
89	66	L
89	67	L
89	68	Lp
89	69	L
89	70	L
89	71	L
89	72	L
89	73	L
89	74	L
89	75	Lp
89	76	Lp
89	77	Lp
89	78	L
89	79	Lp
89	80	Lp
89	81	L
89	82	L
89	83	L
89	84	Lp
89	85	-1
89	86	L
89	87	Lp
89	88	-1
89	89	Lp
89	90	Lp
89	91	-1
89	92	Lp
89	93	Lp
89	94	Lp
89	95	-1
89	96	-1
89	97	Lp
89	98	L
89	99	Lp
89	100	-1
89	101	Lp
89	102	L
89	103	L
89	104	L
89	105	L
89	106	L
89	107	L
89	108	L
89	109	-1
89	110	L
89	111	-1
89	112	Lp
89	113	Lp
89	114	Lp
89	115	Lp
89	116	Lp
89	117	Lp
89	118	Lp
89	119	-1
90	0	-1
90	1	-1
90	2	-1
90	3	Lp
90	4	Lp
90	5	Lp
90	6	Lp
90	7	Lp
90	8	Lp
90	9	U
90	10	-1
90	11	L
90	12	Lp
90	13	Lp
90	14	Lp
90	15	Lp
90	16	Lp
90	17	-1
90	18	Lp
90	19	Lp
90	20	-1
90	21	Lp
90	22	Lp
90	23	Lp
90	24	Lp
90	25	Lp
90	26	Lp
90	27	Lp
90	28	Lp
90	29	-1
90	30	L
90	31	-1
90	32	-1
90	33	-1
90	34	L
90	35	L
90	36	Lp
90	37	L
90	38	L
90	39	L
90	40	-1
90	41	-1
90	42	L
90	43	Lp
90	44	Lp
90	45	L
90	46	-1
90	47	Lp
90	48	Lp
90	49	L
90	50	Lp
90	51	Lp
90	52	Lp
90	53	Lp
90	54	U
90	55	Lp
90	56	U
90	57	U
90	58	U
90	59	Lp
90	60	U
90	61	Lp
90	62	Lp
90	63	-1
90	64	-1
90	65	Lp
90	66	Lp
90	67	Lp
90	68	L
90	69	L
90	70	L
90	71	L
90	72	-1
90	73	Lp
90	74	L
90	75	Lp
90	76	Lp
90	77	Lp
90	78	-1
90	79	-1
90	80	-1
90	81	-1
90	82	-1
90	83	-1
90	84	Lp
90	85	L
90	86	Lp
90	87	L
90	88	Lp
90	89	Lp
90	90	Lp
90	91	Lp
90	92	Lp
90	93	Lp
90	94	Lp
90	95	U
90	96	Lp
90	97	-1
90	98	L
90	99	Lp
90	100	Lp
90	101	-1
90	102	Lp
90	103	L
90	104	L
90	105	L
90	106	L
90	107	L
90	108	L
90	109	L
90	110	Lp
90	111	Lp
90	112	Lp
90	113	Lp
90	114	L
90	115	Lp
90	116	Lp
90	117	Lp
90	118	Lp
90	119	Lp
91	0	U
91	1	U
91	2	Lp
91	3	Lp
91	4	Lp
91	5	Lp
91	6	Lp
91	7	Lp
91	8	-1
91	9	Lp
91	10	U
91	11	Lp
91	12	L
91	13	-1
91	14	-1
91	15	-1
91	16	Lp
91	17	-1
91	18	-1
91	19	Lp
91	20	Lp
91	21	Lp
91	22	Lp
91	23	-1
91	24	Lp
91	25	Lp
91	26	Lp
91	27	Lp
91	28	-1
91	29	Lp
91	30	L
91	31	L
91	32	Lp
91	33	L
91	34	L
91	35	L
91	36	L
91	37	Lp
91	38	L
91	39	L
91	40	L
91	41	Lp
91	42	Lp
91	43	Lp
91	44	Lp
91	45	Lp
91	46	U
91	47	L
91	48	L
91	49	L
91	50	Lp
91	51	Lp
91	52	Lp
91	53	Lp
91	54	Lp
91	55	Lp
91	56	U
91	57	Lp
91	58	Lp
91	59	U
91	60	-1
91	61	Lp
91	62	-1
91	63	Lp
91	64	Lp
91	65	-1
91	66	-1
91	67	-1
91	68	Lp
91	69	L
91	70	L
91	71	-1
91	72	L
91	73	-1
91	74	L
91	75	L
91	76	L
91	77	-1
91	78	-1
91	79	L
91	80	L
91	81	-1
91	82	-1
91	83	L
91	84	L
91	85	Lp
91	86	Lp
91	87	Lp
91	88	Lp
91	89	Lp
91	90	Lp
91	91	Lp
91	92	Lp
91	93	Lp
91	94	-1
91	95	Lp
91	96	Lp
91	97	Lp
91	98	-1
91	99	L
91	100	-1
91	101	Lp
91	102	L
91	103	L
91	104	L
91	105	L
91	106	L
91	107	-1
91	108	-1
91	109	L
91	110	L
91	111	L
91	112	Lp
91	113	L
91	114	Lp
91	115	Lp
91	116	-1
91	117	Lp
91	118	Lp
91	119	Lp
92	0	Lp
92	1	Lp
92	2	Lp
92	3	Lp
92	4	Lp
92	5	Lp
92	6	-1
92	7	Lp
92	8	Lp
92	9	Lp
92	10	Lp
92	11	U
92	12	L
92	13	L
92	14	L
92	15	Lp
92	16	Lp
92	17	Lp
92	18	Lp
92	19	Lp
92	20	Lp
92	21	Lp
92	22	Lp
92	23	U
92	24	Lp
92	25	Lp
92	26	Lp
92	27	Lp
92	28	Lp
92	29	Lp
92	30	L
92	31	L
92	32	Lp
92	33	L
92	34	-1
92	35	Lp
92	36	L
92	37	L
92	38	U
92	39	-1
92	40	L
92	41	L
92	42	Lp
92	43	Lp
92	44	Lp
92	45	L
92	46	L
92	47	U
92	48	L
92	49	L
92	50	Lp
92	51	-1
92	52	U
92	53	Lp
92	54	U
92	55	U
92	56	Lp
92	57	Lp
92	58	Lp
92	59	Lp
92	60	-1
92	61	Lp
92	62	Lp
92	63	L
92	64	L
92	65	-1
92	66	Lp
92	67	Lp
92	68	L
92	69	L
92	70	-1
92	71	L
92	72	L
92	73	-1
92	74	Lp
92	75	-1
92	76	L
92	77	L
92	78	L
92	79	L
92	80	L
92	81	L
92	82	L
92	83	L
92	84	Lp
92	85	Lp
92	86	Lp
92	87	Lp
92	88	Lp
92	89	Lp
92	90	Lp
92	91	Lp
92	92	-1
92	93	Lp
92	94	Lp
92	95	Lp
92	96	Lp
92	97	L
92	98	L
92	99	L
92	100	L
92	101	-1
92	102	L
92	103	U
92	104	U
92	105	L
92	106	L
92	107	-1
92	108	L
92	109	L
92	110	-1
92	111	L
92	112	-1
92	113	L
92	114	Lp
92	115	L
92	116	L
92	117	Lp
92	118	Lp
92	119	Lp
93	0	Lp
93	1	Lp
93	2	Lp
93	3	-1
93	4	Lp
93	5	Lp
93	6	Lp
93	7	Lp
93	8	-1
93	9	Lp
93	10	Lp
93	11	Lp
93	12	Lp
93	13	-1
93	14	Lp
93	15	L
93	16	-1
93	17	L
93	18	-1
93	19	Lp
93	20	Lp
93	21	-1
93	22	-1
93	23	Lp
93	24	Lp
93	25	Lp
93	26	Lp
93	27	Lp
93	28	Lp
93	29	Lp
93	30	Lp
93	31	Lp
93	32	-1
93	33	Lp
93	34	Lp
93	35	Lp
93	36	Lp
93	37	-1
93	38	L
93	39	L
93	40	L
93	41	Lp
93	42	L
93	43	L
93	44	-1
93	45	L
93	46	L
93	47	L
93	48	L
93	49	Lp
93	50	L
93	51	Lp
93	52	Lp
93	53	Lp
93	54	U
93	55	-1
93	56	Lp
93	57	Lp
93	58	L
93	59	Lp
93	60	Lp
93	61	Lp
93	62	Lp
93	63	Lp
93	64	L
93	65	L
93	66	Lp
93	67	Lp
93	68	Lp
93	69	L
93	70	U
93	71	L
93	72	Lp
93	73	L
93	74	-1
93	75	Lp
93	76	L
93	77	L
93	78	L
93	79	Lp
93	80	Lp
93	81	-1
93	82	L
93	83	L
93	84	L
93	85	-1
93	86	Lp
93	87	Lp
93	88	Lp
93	89	-1
93	90	Lp
93	91	Lp
93	92	Lp
93	93	Lp
93	94	Lp
93	95	Lp
93	96	-1
93	97	-1
93	98	L
93	99	L
93	100	L
93	101	L
93	102	L
93	103	U
93	104	L
93	105	L
93	106	L
93	107	-1
93	108	L
93	109	L
93	110	-1
93	111	L
93	112	-1
93	113	L
93	114	Lp
93	115	L
93	116	L
93	117	L
93	118	Lp
93	119	Lp
94	0	Lp
94	1	-1
94	2	Lp
94	3	Lp
94	4	Lp
94	5	Lp
94	6	Lp
94	7	Lp
94	8	Lp
94	9	Lp
94	10	Lp
94	11	Lp
94	12	Lp
94	13	Lp
94	14	L
94	15	L
94	16	L
94	17	L
94	18	Lp
94	19	Lp
94	20	Lp
94	21	Lp
94	22	Lp
94	23	-1
94	24	Lp
94	25	Lp
94	26	Lp
94	27	-1
94	28	Lp
94	29	Lp
94	30	Lp
94	31	-1
94	32	Lp
94	33	-1
94	34	-1
94	35	Lp
94	36	-1
94	37	Lp
94	38	-1
94	39	L
94	40	L
94	41	Lp
94	42	-1
94	43	-1
94	44	-1
94	45	-1
94	46	-1
94	47	-1
94	48	L
94	49	-1
94	50	Lp
94	51	-1
94	52	Lp
94	53	Lp
94	54	L
94	55	U
94	56	U
94	57	-1
94	58	Lp
94	59	L
94	60	-1
94	61	L
94	62	Lp
94	63	L
94	64	-1
94	65	-1
94	66	Lp
94	67	Lp
94	68	-1
94	69	L
94	70	U
94	71	L
94	72	L
94	73	-1
94	74	Lp
94	75	Lp
94	76	-1
94	77	Lp
94	78	L
94	79	L
94	80	Lp
94	81	Lp
94	82	L
94	83	L
94	84	-1
94	85	-1
94	86	Lp
94	87	-1
94	88	Lp
94	89	Lp
94	90	Lp
94	91	-1
94	92	Lp
94	93	Lp
94	94	Lp
94	95	-1
94	96	L
94	97	L
94	98	-1
94	99	L
94	100	L
94	101	-1
94	102	L
94	103	-1
94	104	-1
94	105	-1
94	106	-1
94	107	-1
94	108	-1
94	109	L
94	110	-1
94	111	L
94	112	L
94	113	L
94	114	L
94	115	L
94	116	Lp
94	117	-1
94	118	-1
94	119	Lp
95	0	Lp
95	1	Lp
95	2	Lp
95	3	Lp
95	4	Lp
95	5	Lp
95	6	Lp
95	7	-1
95	8	Lp
95	9	Lp
95	10	Lp
95	11	Lp
95	12	Lp
95	13	Lp
95	14	L
95	15	L
95	16	L
95	17	-1
95	18	L
95	19	Lp
95	20	-1
95	21	Lp
95	22	-1
95	23	Lp
95	24	Lp
95	25	Lp
95	26	-1
95	27	Lp
95	28	-1
95	29	-1
95	30	-1
95	31	Lp
95	32	Lp
95	33	Lp
95	34	Lp
95	35	Lp
95	36	-1
95	37	Lp
95	38	Lp
95	39	L
95	40	Lp
95	41	L
95	42	L
95	43	-1
95	44	Lp
95	45	L
95	46	Lp
95	47	Lp
95	48	L
95	49	Lp
95	50	Lp
95	51	Lp
95	52	Lp
95	53	-1
95	54	-1
95	55	-1
95	56	U
95	57	Lp
95	58	Lp
95	59	L
95	60	L
95	61	Lp
95	62	Lp
95	63	-1
95	64	L
95	65	L
95	66	Lp
95	67	Lp
95	68	Lp
95	69	Lp
95	70	L
95	71	L
95	72	Lp
95	73	L
95	74	L
95	75	Lp
95	76	L
95	77	L
95	78	L
95	79	L
95	80	Lp
95	81	-1
95	82	L
95	83	L
95	84	Lp
95	85	-1
95	86	-1
95	87	Lp
95	88	Lp
95	89	-1
95	90	Lp
95	91	Lp
95	92	Lp
95	93	-1
95	94	L
95	95	L
95	96	Lp
95	97	Lp
95	98	-1
95	99	L
95	100	L
95	101	L
95	102	L
95	103	L
95	104	L
95	105	L
95	106	L
95	107	L
95	108	-1
95	109	L
95	110	L
95	111	L
95	112	L
95	113	L
95	114	L
95	115	-1
95	116	Lp
95	117	Lp
95	118	Lp
95	119	Lp
96	0	-1
96	1	Lp
96	2	Lp
96	3	Lp
96	4	Lp
96	5	Lp
96	6	Lp
96	7	Lp
96	8	Lp
96	9	Lp
96	10	Lp
96	11	-1
96	12	L
96	13	Lp
96	14	-1
96	15	L
96	16	-1
96	17	L
96	18	L
96	19	Lp
96	20	Lp
96	21	-1
96	22	Lp
96	23	Lp
96	24	Lp
96	25	U
96	26	Lp
96	27	Lp
96	28	Lp
96	29	-1
96	30	Lp
96	31	Lp
96	32	Lp
96	33	Lp
96	34	Lp
96	35	Lp
96	36	Lp
96	37	L
96	38	L
96	39	L
96	40	L
96	41	L
96	42	-1
96	43	Lp
96	44	L
96	45	-1
96	46	Lp
96	47	Lp
96	48	L
96	49	-1
96	50	Lp
96	51	Lp
96	52	Lp
96	53	-1
96	54	-1
96	55	L
96	56	Lp
96	57	L
96	58	L
96	59	-1
96	60	L
96	61	L
96	62	Lp
96	63	L
96	64	Lp
96	65	Lp
96	66	Lp
96	67	Lp
96	68	Lp
96	69	Lp
96	70	Lp
96	71	Lp
96	72	L
96	73	L
96	74	L
96	75	L
96	76	L
96	77	-1
96	78	Lp
96	79	Lp
96	80	L
96	81	L
96	82	L
96	83	L
96	84	-1
96	85	Lp
96	86	-1
96	87	Lp
96	88	Lp
96	89	Lp
96	90	Lp
96	91	Lp
96	92	-1
96	93	Lp
96	94	U
96	95	L
96	96	-1
96	97	L
96	98	-1
96	99	L
96	100	Lp
96	101	L
96	102	L
96	103	L
96	104	-1
96	105	Lp
96	106	L
96	107	L
96	108	L
96	109	L
96	110	L
96	111	L
96	112	L
96	113	L
96	114	L
96	115	L
96	116	-1
96	117	L
96	118	Lp
96	119	Lp
97	0	Lp
97	1	Lp
97	2	Lp
97	3	Lp
97	4	L
97	5	Lp
97	6	Lp
97	7	Lp
97	8	Lp
97	9	Lp
97	10	Lp
97	11	L
97	12	L
97	13	L
97	14	L
97	15	L
97	16	L
97	17	-1
97	18	L
97	19	L
97	20	Lp
97	21	Lp
97	22	-1
97	23	Lp
97	24	L
97	25	-1
97	26	Lp
97	27	Lp
97	28	Lp
97	29	Lp
97	30	-1
97	31	Lp
97	32	-1
97	33	Lp
97	34	Lp
97	35	Lp
97	36	Lp
97	37	-1
97	38	L
97	39	L
97	40	-1
97	41	Lp
97	42	Lp
97	43	Lp
97	44	L
97	45	L
97	46	L
97	47	L
97	48	L
97	49	Lp
97	50	-1
97	51	-1
97	52	Lp
97	53	Lp
97	54	-1
97	55	L
97	56	L
97	57	L
97	58	L
97	59	-1
97	60	L
97	61	Lp
97	62	Lp
97	63	Lp
97	64	-1
97	65	Lp
97	66	Lp
97	67	Lp
97	68	Lp
97	69	Lp
97	70	-1
97	71	-1
97	72	L
97	73	L
97	74	L
97	75	-1
97	76	L
97	77	L
97	78	-1
97	79	Lp
97	80	Lp
97	81	L
97	82	L
97	83	L
97	84	L
97	85	Lp
97	86	Lp
97	87	Lp
97	88	-1
97	89	-1
97	90	Lp
97	91	Lp
97	92	Lp
97	93	-1
97	94	Lp
97	95	U
97	96	U
97	97	U
97	98	Lp
97	99	L
97	100	Lp
97	101	L
97	102	Lp
97	103	L
97	104	L
97	105	Lp
97	106	L
97	107	L
97	108	Lp
97	109	-1
97	110	L
97	111	L
97	112	L
97	113	L
97	114	L
97	115	L
97	116	L
97	117	Lp
97	118	Lp
97	119	-1
98	0	Lp
98	1	Lp
98	2	Lp
98	3	L
98	4	L
98	5	Lp
98	6	Lp
98	7	Lp
98	8	Lp
98	9	L
98	10	U
98	11	L
98	12	L
98	13	L
98	14	L
98	15	L
98	16	-1
98	17	L
98	18	L
98	19	L
98	20	L
98	21	Lp
98	22	-1
98	23	L
98	24	Lp
98	25	Lp
98	26	-1
98	27	Lp
98	28	Lp
98	29	-1
98	30	Lp
98	31	Lp
98	32	Lp
98	33	-1
98	34	Lp
98	35	L
98	36	L
98	37	L
98	38	Lp
98	39	Lp
98	40	Lp
98	41	Lp
98	42	Lp
98	43	Lp
98	44	Lp
98	45	L
98	46	L
98	47	L
98	48	L
98	49	L
98	50	L
98	51	Lp
98	52	Lp
98	53	L
98	54	L
98	55	L
98	56	Lp
98	57	L
98	58	L
98	59	L
98	60	-1
98	61	L
98	62	Lp
98	63	-1
98	64	-1
98	65	Lp
98	66	Lp
98	67	Lp
98	68	Lp
98	69	Lp
98	70	Lp
98	71	-1
98	72	-1
98	73	-1
98	74	L
98	75	L
98	76	-1
98	77	L
98	78	-1
98	79	Lp
98	80	Lp
98	81	L
98	82	L
98	83	L
98	84	Lp
98	85	L
98	86	Lp
98	87	Lp
98	88	Lp
98	89	Lp
98	90	U
98	91	Lp
98	92	Lp
98	93	Lp
98	94	L
98	95	L
98	96	L
98	97	-1
98	98	L
98	99	L
98	100	L
98	101	Lp
98	102	Lp
98	103	L
98	104	L
98	105	L
98	106	Lp
98	107	Lp
98	108	-1
98	109	-1
98	110	L
98	111	L
98	112	Lp
98	113	U
98	114	L
98	115	L
98	116	-1
98	117	Lp
98	118	Lp
98	119	-1
99	0	Lp
99	1	U
99	2	Lp
99	3	Lp
99	4	Lp
99	5	Lp
99	6	-1
99	7	Lp
99	8	U
99	9	U
99	10	U
99	11	L
99	12	L
99	13	L
99	14	L
99	15	L
99	16	L
99	17	L
99	18	-1
99	19	L
99	20	L
99	21	-1
99	22	Lp
99	23	L
99	24	L
99	25	Lp
99	26	Lp
99	27	Lp
99	28	Lp
99	29	Lp
99	30	Lp
99	31	Lp
99	32	Lp
99	33	Lp
99	34	Lp
99	35	-1
99	36	L
99	37	-1
99	38	L
99	39	Lp
99	40	Lp
99	41	Lp
99	42	Lp
99	43	Lp
99	44	Lp
99	45	L
99	46	L
99	47	L
99	48	L
99	49	L
99	50	L
99	51	Lp
99	52	L
99	53	L
99	54	L
99	55	Lp
99	56	L
99	57	L
99	58	L
99	59	L
99	60	L
99	61	L
99	62	-1
99	63	Lp
99	64	-1
99	65	Lp
99	66	Lp
99	67	-1
99	68	Lp
99	69	Lp
99	70	Lp
99	71	Lp
99	72	L
99	73	Lp
99	74	L
99	75	L
99	76	L
99	77	L
99	78	-1
99	79	-1
99	80	Lp
99	81	Lp
99	82	L
99	83	L
99	84	L
99	85	L
99	86	L
99	87	-1
99	88	Lp
99	89	Lp
99	90	L
99	91	U
99	92	U
99	93	Lp
99	94	-1
99	95	L
99	96	L
99	97	L
99	98	L
99	99	L
99	100	L
99	101	Lp
99	102	Lp
99	103	-1
99	104	L
99	105	-1
99	106	Lp
99	107	Lp
99	108	Lp
99	109	L
99	110	L
99	111	L
99	112	L
99	113	L
99	114	-1
99	115	Lp
99	116	Lp
99	117	-1
99	118	Lp
99	119	Lp
100	0	-1
100	1	U
100	2	U
100	3	Lp
100	4	Lp
100	5	Lp
100	6	Lp
100	7	Lp
100	8	Lp
100	9	-1
100	10	U
100	11	-1
100	12	L
100	13	-1
100	14	L
100	15	L
100	16	L
100	17	L
100	18	L
100	19	-1
100	20	Lp
100	21	L
100	22	-1
100	23	L
100	24	L
100	25	L
100	26	L
100	27	Lp
100	28	Lp
100	29	-1
100	30	-1
100	31	Lp
100	32	Lp
100	33	Lp
100	34	Lp
100	35	L
100	36	Lp
100	37	Lp
100	38	Lp
100	39	Lp
100	40	Lp
100	41	Lp
100	42	Lp
100	43	Lp
100	44	Lp
100	45	-1
100	46	L
100	47	L
100	48	L
100	49	-1
100	50	-1
100	51	Lp
100	52	-1
100	53	L
100	54	Lp
100	55	Lp
100	56	Lp
100	57	-1
100	58	L
100	59	L
100	60	L
100	61	L
100	62	L
100	63	-1
100	64	-1
100	65	-1
100	66	Lp
100	67	Lp
100	68	Lp
100	69	Lp
100	70	Lp
100	71	-1
100	72	L
100	73	-1
100	74	L
100	75	L
100	76	L
100	77	L
100	78	L
100	79	-1
100	80	Lp
100	81	Lp
100	82	Lp
100	83	L
100	84	L
100	85	Lp
100	86	-1
100	87	L
100	88	L
100	89	L
100	90	-1
100	91	Lp
100	92	Lp
100	93	Lp
100	94	L
100	95	-1
100	96	L
100	97	-1
100	98	L
100	99	-1
100	100	-1
100	101	L
100	102	L
100	103	L
100	104	-1
100	105	Lp
100	106	Lp
100	107	Lp
100	108	L
100	109	L
100	110	-1
100	111	U
100	112	L
100	113	L
100	114	L
100	115	L
100	116	Lp
100	117	Lp
100	118	Lp
100	119	Lp
101	0	Lp
101	1	U
101	2	Lp
101	3	Lp
101	4	Lp
101	5	Lp
101	6	Lp
101	7	-1
101	8	-1
101	9	L
101	10	U
101	11	L
101	12	L
101	13	L
101	14	L
101	15	-1
101	16	L
101	17	L
101	18	L
101	19	-1
101	20	-1
101	21	L
101	22	L
101	23	L
101	24	Lp
101	25	Lp
101	26	L
101	27	Lp
101	28	Lp
101	29	Lp
101	30	Lp
101	31	-1
101	32	-1
101	33	Lp
101	34	Lp
101	35	Lp
101	36	-1
101	37	-1
101	38	Lp
101	39	Lp
101	40	Lp
101	41	Lp
101	42	Lp
101	43	Lp
101	44	Lp
101	45	Lp
101	46	L
101	47	Lp
101	48	Lp
101	49	-1
101	50	Lp
101	51	Lp
101	52	Lp
101	53	L
101	54	L
101	55	-1
101	56	L
101	57	L
101	58	L
101	59	L
101	60	L
101	61	L
101	62	Lp
101	63	L
101	64	-1
101	65	Lp
101	66	Lp
101	67	-1
101	68	L
101	69	Lp
101	70	Lp
101	71	Lp
101	72	U
101	73	Lp
101	74	Lp
101	75	L
101	76	L
101	77	L
101	78	-1
101	79	L
101	80	Lp
101	81	-1
101	82	Lp
101	83	Lp
101	84	-1
101	85	L
101	86	L
101	87	L
101	88	L
101	89	-1
101	90	Lp
101	91	Lp
101	92	Lp
101	93	Lp
101	94	L
101	95	L
101	96	-1
101	97	L
101	98	L
101	99	L
101	100	L
101	101	-1
101	102	Lp
101	103	Lp
101	104	L
101	105	Lp
101	106	L
101	107	Lp
101	108	Lp
101	109	L
101	110	L
101	111	U
101	112	U
101	113	L
101	114	L
101	115	-1
101	116	-1
101	117	-1
101	118	Lp
101	119	-1
102	0	L
102	1	Lp
102	2	-1
102	3	Lp
102	4	Lp
102	5	Lp
102	6	Lp
102	7	-1
102	8	-1
102	9	L
102	10	-1
102	11	L
102	12	L
102	13	L
102	14	L
102	15	L
102	16	L
102	17	U
102	18	U
102	19	-1
102	20	L
102	21	L
102	22	L
102	23	-1
102	24	Lp
102	25	Lp
102	26	L
102	27	-1
102	28	Lp
102	29	Lp
102	30	Lp
102	31	Lp
102	32	Lp
102	33	Lp
102	34	Lp
102	35	Lp
102	36	U
102	37	Lp
102	38	Lp
102	39	Lp
102	40	Lp
102	41	-1
102	42	Lp
102	43	-1
102	44	Lp
102	45	Lp
102	46	Lp
102	47	Lp
102	48	Lp
102	49	Lp
102	50	Lp
102	51	-1
102	52	-1
102	53	Lp
102	54	L
102	55	L
102	56	L
102	57	L
102	58	L
102	59	Lp
102	60	-1
102	61	Lp
102	62	-1
102	63	Lp
102	64	Lp
102	65	Lp
102	66	Lp
102	67	-1
102	68	Lp
102	69	Lp
102	70	Lp
102	71	Lp
102	72	Lp
102	73	Lp
102	74	Lp
102	75	-1
102	76	-1
102	77	L
102	78	L
102	79	L
102	80	-1
102	81	L
102	82	Lp
102	83	Lp
102	84	Lp
102	85	Lp
102	86	L
102	87	-1
102	88	-1
102	89	Lp
102	90	Lp
102	91	-1
102	92	-1
102	93	Lp
102	94	Lp
102	95	L
102	96	-1
102	97	L
102	98	L
102	99	L
102	100	L
102	101	-1
102	102	Lp
102	103	Lp
102	104	Lp
102	105	L
102	106	Lp
102	107	Lp
102	108	-1
102	109	L
102	110	L
102	111	-1
102	112	L
102	113	L
102	114	-1
102	115	Lp
102	116	L
102	117	Lp
102	118	Lp
102	119	L
103	0	L
103	1	L
103	2	-1
103	3	-1
103	4	Lp
103	5	-1
103	6	L
103	7	L
103	8	L
103	9	L
103	10	Lp
103	11	-1
103	12	Lp
103	13	L
103	14	L
103	15	L
103	16	L
103	17	L
103	18	-1
103	19	Lp
103	20	L
103	21	L
103	22	L
103	23	Lp
103	24	-1
103	25	L
103	26	L
103	27	Lp
103	28	-1
103	29	Lp
103	30	Lp
103	31	Lp
103	32	Lp
103	33	Lp
103	34	Lp
103	35	Lp
103	36	L
103	37	-1
103	38	Lp
103	39	Lp
103	40	Lp
103	41	Lp
103	42	Lp
103	43	L
103	44	L
103	45	Lp
103	46	Lp
103	47	L
103	48	L
103	49	Lp
103	50	-1
103	51	Lp
103	52	Lp
103	53	-1
103	54	Lp
103	55	L
103	56	L
103	57	L
103	58	L
103	59	Lp
103	60	-1
103	61	Lp
103	62	-1
103	63	Lp
103	64	Lp
103	65	Lp
103	66	Lp
103	67	Lp
103	68	Lp
103	69	-1
103	70	Lp
103	71	Lp
103	72	Lp
103	73	Lp
103	74	-1
103	75	Lp
103	76	Lp
103	77	Lp
103	78	Lp
103	79	Lp
103	80	L
103	81	-1
103	82	Lp
103	83	L
103	84	Lp
103	85	Lp
103	86	Lp
103	87	L
103	88	Lp
103	89	L
103	90	-1
103	91	-1
103	92	-1
103	93	-1
103	94	Lp
103	95	L
103	96	L
103	97	L
103	98	L
103	99	-1
103	100	L
103	101	L
103	102	L
103	103	Lp
103	104	-1
103	105	Lp
103	106	L
103	107	Lp
103	108	Lp
103	109	-1
103	110	Lp
103	111	Lp
103	112	-1
103	113	-1
103	114	Lp
103	115	Lp
103	116	Lp
103	117	Lp
103	118	-1
103	119	L
104	0	Lp
104	1	-1
104	2	L
104	3	L
104	4	-1
104	5	Lp
104	6	L
104	7	L
104	8	L
104	9	Lp
104	10	L
104	11	Lp
104	12	-1
104	13	-1
104	14	L
104	15	Lp
104	16	L
104	17	-1
104	18	Lp
104	19	Lp
104	20	L
104	21	L
104	22	L
104	23	Lp
104	24	L
104	25	Lp
104	26	-1
104	27	Lp
104	28	Lp
104	29	Lp
104	30	-1
104	31	Lp
104	32	Lp
104	33	Lp
104	34	Lp
104	35	-1
104	36	-1
104	37	L
104	38	L
104	39	Lp
104	40	-1
104	41	Lp
104	42	L
104	43	L
104	44	Lp
104	45	Lp
104	46	Lp
104	47	L
104	48	L
104	49	Lp
104	50	-1
104	51	-1
104	52	Lp
104	53	Lp
104	54	Lp
104	55	Lp
104	56	L
104	57	-1
104	58	-1
104	59	Lp
104	60	Lp
104	61	Lp
104	62	Lp
104	63	-1
104	64	Lp
104	65	Lp
104	66	-1
104	67	Lp
104	68	Lp
104	69	Lp
104	70	Lp
104	71	Lp
104	72	Lp
104	73	Lp
104	74	Lp
104	75	-1
104	76	Lp
104	77	Lp
104	78	Lp
104	79	Lp
104	80	-1
104	81	Lp
104	82	-1
104	83	Lp
104	84	Lp
104	85	Lp
104	86	L
104	87	Lp
104	88	Lp
104	89	Lp
104	90	Lp
104	91	Lp
104	92	Lp
104	93	Lp
104	94	Lp
104	95	-1
104	96	L
104	97	U
104	98	L
104	99	-1
104	100	Lp
104	101	L
104	102	-1
104	103	-1
104	104	L
104	105	L
104	106	Lp
104	107	Lp
104	108	-1
104	109	-1
104	110	-1
104	111	Lp
104	112	Lp
104	113	Lp
104	114	Lp
104	115	Lp
104	116	Lp
104	117	Lp
104	118	Lp
104	119	-1
105	0	-1
105	1	L
105	2	Lp
105	3	L
105	4	-1
105	5	Lp
105	6	L
105	7	Lp
105	8	Lp
105	9	Lp
105	10	Lp
105	11	-1
105	12	Lp
105	13	Lp
105	14	Lp
105	15	L
105	16	-1
105	17	L
105	18	L
105	19	Lp
105	20	L
105	21	L
105	22	L
105	23	-1
105	24	Lp
105	25	Lp
105	26	Lp
105	27	-1
105	28	Lp
105	29	-1
105	30	Lp
105	31	L
105	32	Lp
105	33	Lp
105	34	Lp
105	35	L
105	36	Lp
105	37	L
105	38	L
105	39	U
105	40	Lp
105	41	L
105	42	L
105	43	L
105	44	-1
105	45	Lp
105	46	L
105	47	L
105	48	L
105	49	L
105	50	Lp
105	51	-1
105	52	Lp
105	53	Lp
105	54	Lp
105	55	-1
105	56	-1
105	57	Lp
105	58	Lp
105	59	Lp
105	60	-1
105	61	-1
105	62	Lp
105	63	-1
105	64	Lp
105	65	Lp
105	66	Lp
105	67	Lp
105	68	Lp
105	69	Lp
105	70	Lp
105	71	-1
105	72	Lp
105	73	Lp
105	74	Lp
105	75	-1
105	76	Lp
105	77	Lp
105	78	Lp
105	79	Lp
105	80	Lp
105	81	-1
105	82	Lp
105	83	Lp
105	84	Lp
105	85	-1
105	86	-1
105	87	Lp
105	88	Lp
105	89	Lp
105	90	Lp
105	91	Lp
105	92	-1
105	93	Lp
105	94	L
105	95	Lp
105	96	L
105	97	-1
105	98	U
105	99	-1
105	100	Lp
105	101	-1
105	102	-1
105	103	L
105	104	L
105	105	-1
105	106	Lp
105	107	Lp
105	108	Lp
105	109	-1
105	110	Lp
105	111	-1
105	112	-1
105	113	-1
105	114	Lp
105	115	Lp
105	116	Lp
105	117	-1
105	118	Lp
105	119	Lp
106	0	Lp
106	1	-1
106	2	L
106	3	Lp
106	4	Lp
106	5	Lp
106	6	L
106	7	-1
106	8	Lp
106	9	Lp
106	10	Lp
106	11	Lp
106	12	L
106	13	Lp
106	14	Lp
106	15	Lp
106	16	L
106	17	L
106	18	L
106	19	L
106	20	L
106	21	Lp
106	22	Lp
106	23	Lp
106	24	Lp
106	25	Lp
106	26	-1
106	27	Lp
106	28	Lp
106	29	Lp
106	30	Lp
106	31	Lp
106	32	Lp
106	33	-1
106	34	L
106	35	L
106	36	Lp
106	37	Lp
106	38	U
106	39	L
106	40	L
106	41	L
106	42	L
106	43	L
106	44	L
106	45	L
106	46	-1
106	47	-1
106	48	-1
106	49	L
106	50	L
106	51	Lp
106	52	Lp
106	53	-1
106	54	Lp
106	55	Lp
106	56	Lp
106	57	-1
106	58	Lp
106	59	Lp
106	60	-1
106	61	Lp
106	62	U
106	63	Lp
106	64	Lp
106	65	Lp
106	66	Lp
106	67	Lp
106	68	Lp
106	69	Lp
106	70	Lp
106	71	-1
106	72	Lp
106	73	Lp
106	74	Lp
106	75	Lp
106	76	Lp
106	77	-1
106	78	Lp
106	79	Lp
106	80	Lp
106	81	Lp
106	82	Lp
106	83	Lp
106	84	-1
106	85	L
106	86	-1
106	87	-1
106	88	-1
106	89	Lp
106	90	Lp
106	91	Lp
106	92	Lp
106	93	Lp
106	94	Lp
106	95	Lp
106	96	Lp
106	97	Lp
106	98	-1
106	99	-1
106	100	Lp
106	101	L
106	102	-1
106	103	Lp
106	104	Lp
106	105	Lp
106	106	Lp
106	107	-1
106	108	Lp
106	109	-1
106	110	-1
106	111	L
106	112	-1
106	113	Lp
106	114	Lp
106	115	Lp
106	116	Lp
106	117	Lp
106	118	Lp
106	119	Lp
107	0	-1
107	1	-1
107	2	Lp
107	3	-1
107	4	Lp
107	5	Lp
107	6	Lp
107	7	Lp
107	8	Lp
107	9	Lp
107	10	Lp
107	11	Lp
107	12	Lp
107	13	Lp
107	14	-1
107	15	Lp
107	16	L
107	17	L
107	18	Lp
107	19	U
107	20	-1
107	21	L
107	22	Lp
107	23	-1
107	24	Lp
107	25	-1
107	26	-1
107	27	Lp
107	28	-1
107	29	-1
107	30	-1
107	31	L
107	32	Lp
107	33	L
107	34	L
107	35	Lp
107	36	L
107	37	U
107	38	L
107	39	L
107	40	L
107	41	L
107	42	L
107	43	L
107	44	-1
107	45	L
107	46	-1
107	47	L
107	48	L
107	49	L
107	50	L
107	51	U
107	52	Lp
107	53	Lp
107	54	Lp
107	55	Lp
107	56	Lp
107	57	Lp
107	58	Lp
107	59	Lp
107	60	Lp
107	61	Lp
107	62	Lp
107	63	Lp
107	64	Lp
107	65	Lp
107	66	Lp
107	67	Lp
107	68	Lp
107	69	-1
107	70	Lp
107	71	-1
107	72	Lp
107	73	Lp
107	74	Lp
107	75	Lp
107	76	Lp
107	77	Lp
107	78	Lp
107	79	-1
107	80	Lp
107	81	Lp
107	82	Lp
107	83	Lp
107	84	-1
107	85	L
107	86	L
107	87	L
107	88	L
107	89	Lp
107	90	L
107	91	L
107	92	L
107	93	-1
107	94	L
107	95	L
107	96	-1
107	97	Lp
107	98	-1
107	99	Lp
107	100	L
107	101	L
107	102	-1
107	103	Lp
107	104	Lp
107	105	Lp
107	106	Lp
107	107	Lp
107	108	Lp
107	109	-1
107	110	Lp
107	111	-1
107	112	Lp
107	113	Lp
107	114	Lp
107	115	Lp
107	116	Lp
107	117	Lp
107	118	Lp
107	119	Lp
108	0	-1
108	1	-1
108	2	L
108	3	L
108	4	-1
108	5	-1
108	6	Lp
108	7	-1
108	8	Lp
108	9	Lp
108	10	Lp
108	11	Lp
108	12	Lp
108	13	Lp
108	14	-1
108	15	Lp
108	16	Lp
108	17	-1
108	18	L
108	19	L
108	20	-1
108	21	Lp
108	22	Lp
108	23	Lp
108	24	-1
108	25	-1
108	26	-1
108	27	-1
108	28	Lp
108	29	-1
108	30	Lp
108	31	Lp
108	32	Lp
108	33	Lp
108	34	Lp
108	35	L
108	36	-1
108	37	L
108	38	-1
108	39	L
108	40	L
108	41	Lp
108	42	L
108	43	L
108	44	-1
108	45	L
108	46	L
108	47	L
108	48	L
108	49	L
108	50	Lp
108	51	Lp
108	52	Lp
108	53	Lp
108	54	Lp
108	55	Lp
108	56	Lp
108	57	Lp
108	58	Lp
108	59	-1
108	60	Lp
108	61	-1
108	62	-1
108	63	Lp
108	64	Lp
108	65	Lp
108	66	Lp
108	67	Lp
108	68	Lp
108	69	-1
108	70	-1
108	71	Lp
108	72	Lp
108	73	Lp
108	74	Lp
108	75	Lp
108	76	Lp
108	77	Lp
108	78	Lp
108	79	Lp
108	80	Lp
108	81	Lp
108	82	Lp
108	83	Lp
108	84	Lp
108	85	Lp
108	86	Lp
108	87	L
108	88	L
108	89	-1
108	90	L
108	91	-1
108	92	L
108	93	L
108	94	L
108	95	L
108	96	-1
108	97	L
108	98	Lp
108	99	-1
108	100	L
108	101	L
108	102	L
108	103	Lp
108	104	-1
108	105	L
108	106	-1
108	107	Lp
108	108	-1
108	109	Lp
108	110	L
108	111	L
108	112	L
108	113	Lp
108	114	L
108	115	Lp
108	116	Lp
108	117	Lp
108	118	Lp
108	119	Lp
109	0	Lp
109	1	L
109	2	L
109	3	L
109	4	-1
109	5	Lp
109	6	Lp
109	7	Lp
109	8	Lp
109	9	Lp
109	10	Lp
109	11	Lp
109	12	-1
109	13	Lp
109	14	Lp
109	15	Lp
109	16	L
109	17	Lp
109	18	L
109	19	Lp
109	20	Lp
109	21	Lp
109	22	Lp
109	23	Lp
109	24	Lp
109	25	Lp
109	26	-1
109	27	Lp
109	28	-1
109	29	Lp
109	30	Lp
109	31	Lp
109	32	Lp
109	33	Lp
109	34	-1
109	35	Lp
109	36	Lp
109	37	Lp
109	38	-1
109	39	L
109	40	L
109	41	L
109	42	L
109	43	Lp
109	44	L
109	45	L
109	46	L
109	47	L
109	48	L
109	49	-1
109	50	L
109	51	Lp
109	52	Lp
109	53	Lp
109	54	Lp
109	55	Lp
109	56	Lp
109	57	Lp
109	58	-1
109	59	Lp
109	60	Lp
109	61	Lp
109	62	Lp
109	63	Lp
109	64	Lp
109	65	Lp
109	66	Lp
109	67	Lp
109	68	Lp
109	69	Lp
109	70	Lp
109	71	Lp
109	72	Lp
109	73	Lp
109	74	Lp
109	75	Lp
109	76	Lp
109	77	Lp
109	78	-1
109	79	Lp
109	80	-1
109	81	Lp
109	82	Lp
109	83	Lp
109	84	Lp
109	85	Lp
109	86	Lp
109	87	Lp
109	88	Lp
109	89	-1
109	90	L
109	91	L
109	92	L
109	93	L
109	94	L
109	95	L
109	96	Lp
109	97	Lp
109	98	Lp
109	99	Lp
109	100	Lp
109	101	Lp
109	102	L
109	103	L
109	104	L
109	105	-1
109	106	L
109	107	L
109	108	Lp
109	109	Lp
109	110	Lp
109	111	L
109	112	-1
109	113	Lp
109	114	Lp
109	115	Lp
109	116	Lp
109	117	Lp
109	118	Lp
109	119	Lp
110	0	Lp
110	1	Lp
110	2	L
110	3	-1
110	4	-1
110	5	Lp
110	6	Lp
110	7	Lp
110	8	Lp
110	9	U
110	10	U
110	11	Lp
110	12	Lp
110	13	Lp
110	14	Lp
110	15	Lp
110	16	Lp
110	17	-1
110	18	L
110	19	Lp
110	20	-1
110	21	Lp
110	22	Lp
110	23	U
110	24	U
110	25	Lp
110	26	Lp
110	27	Lp
110	28	Lp
110	29	L
110	30	-1
110	31	Lp
110	32	Lp
110	33	Lp
110	34	Lp
110	35	Lp
110	36	Lp
110	37	Lp
110	38	Lp
110	39	L
110	40	L
110	41	-1
110	42	-1
110	43	L
110	44	L
110	45	L
110	46	L
110	47	Lp
110	48	Lp
110	49	Lp
110	50	Lp
110	51	L
110	52	Lp
110	53	Lp
110	54	Lp
110	55	Lp
110	56	Lp
110	57	Lp
110	58	Lp
110	59	Lp
110	60	Lp
110	61	Lp
110	62	Lp
110	63	Lp
110	64	Lp
110	65	Lp
110	66	Lp
110	67	-1
110	68	Lp
110	69	Lp
110	70	Lp
110	71	Lp
110	72	Lp
110	73	Lp
110	74	Lp
110	75	-1
110	76	Lp
110	77	Lp
110	78	Lp
110	79	Lp
110	80	-1
110	81	Lp
110	82	Lp
110	83	L
110	84	Lp
110	85	Lp
110	86	Lp
110	87	-1
110	88	Lp
110	89	Lp
110	90	L
110	91	L
110	92	L
110	93	L
110	94	L
110	95	L
110	96	Lp
110	97	Lp
110	98	Lp
110	99	Lp
110	100	Lp
110	101	Lp
110	102	L
110	103	L
110	104	L
110	105	L
110	106	L
110	107	L
110	108	L
110	109	Lp
110	110	Lp
110	111	L
110	112	Lp
110	113	Lp
110	114	Lp
110	115	Lp
110	116	Lp
110	117	Lp
110	118	Lp
110	119	Lp
111	0	Lp
111	1	L
111	2	-1
111	3	-1
111	4	Lp
111	5	Lp
111	6	Lp
111	7	Lp
111	8	Lp
111	9	Lp
111	10	Lp
111	11	-1
111	12	Lp
111	13	U
111	14	Lp
111	15	Lp
111	16	Lp
111	17	Lp
111	18	Lp
111	19	Lp
111	20	Lp
111	21	Lp
111	22	U
111	23	-1
111	24	U
111	25	Lp
111	26	-1
111	27	Lp
111	28	Lp
111	29	Lp
111	30	L
111	31	Lp
111	32	Lp
111	33	-1
111	34	Lp
111	35	Lp
111	36	L
111	37	L
111	38	L
111	39	-1
111	40	-1
111	41	Lp
111	42	L
111	43	L
111	44	L
111	45	L
111	46	-1
111	47	-1
111	48	Lp
111	49	L
111	50	U
111	51	-1
111	52	Lp
111	53	Lp
111	54	-1
111	55	Lp
111	56	Lp
111	57	-1
111	58	Lp
111	59	Lp
111	60	Lp
111	61	-1
111	62	Lp
111	63	-1
111	64	Lp
111	65	Lp
111	66	-1
111	67	-1
111	68	Lp
111	69	Lp
111	70	Lp
111	71	Lp
111	72	Lp
111	73	Lp
111	74	Lp
111	75	Lp
111	76	Lp
111	77	-1
111	78	L
111	79	L
111	80	L
111	81	L
111	82	-1
111	83	L
111	84	-1
111	85	Lp
111	86	U
111	87	Lp
111	88	Lp
111	89	L
111	90	L
111	91	L
111	92	L
111	93	L
111	94	L
111	95	L
111	96	Lp
111	97	Lp
111	98	Lp
111	99	Lp
111	100	Lp
111	101	Lp
111	102	-1
111	103	-1
111	104	L
111	105	L
111	106	L
111	107	-1
111	108	L
111	109	-1
111	110	Lp
111	111	Lp
111	112	Lp
111	113	Lp
111	114	Lp
111	115	Lp
111	116	Lp
111	117	-1
111	118	L
111	119	L
112	0	L
112	1	L
112	2	L
112	3	L
112	4	-1
112	5	Lp
112	6	Lp
112	7	Lp
112	8	Lp
112	9	Lp
112	10	Lp
112	11	Lp
112	12	Lp
112	13	Lp
112	14	Lp
112	15	Lp
112	16	Lp
112	17	Lp
112	18	Lp
112	19	Lp
112	20	Lp
112	21	-1
112	22	Lp
112	23	Lp
112	24	Lp
112	25	U
112	26	-1
112	27	Lp
112	28	Lp
112	29	Lp
112	30	Lp
112	31	L
112	32	-1
112	33	L
112	34	Lp
112	35	-1
112	36	Lp
112	37	Lp
112	38	-1
112	39	-1
112	40	Lp
112	41	-1
112	42	Lp
112	43	L
112	44	L
112	45	L
112	46	L
112	47	L
112	48	L
112	49	L
112	50	Lp
112	51	-1
112	52	Lp
112	53	-1
112	54	Lp
112	55	Lp
112	56	Lp
112	57	-1
112	58	Lp
112	59	-1
112	60	Lp
112	61	Lp
112	62	Lp
112	63	U
112	64	-1
112	65	U
112	66	Lp
112	67	Lp
112	68	Lp
112	69	Lp
112	70	Lp
112	71	Lp
112	72	-1
112	73	Lp
112	74	Lp
112	75	L
112	76	Lp
112	77	L
112	78	L
112	79	-1
112	80	-1
112	81	L
112	82	L
112	83	L
112	84	L
112	85	Lp
112	86	Lp
112	87	-1
112	88	U
112	89	L
112	90	-1
112	91	L
112	92	L
112	93	L
112	94	-1
112	95	L
112	96	Lp
112	97	Lp
112	98	Lp
112	99	Lp
112	100	Lp
112	101	L
112	102	L
112	103	L
112	104	-1
112	105	L
112	106	Lp
112	107	Lp
112	108	Lp
112	109	L
112	110	L
112	111	-1
112	112	Lp
112	113	L
112	114	Lp
112	115	Lp
112	116	L
112	117	-1
112	118	L
112	119	L
113	0	L
113	1	L
113	2	L
113	3	L
113	4	L
113	5	-1
113	6	Lp
113	7	-1
113	8	Lp
113	9	Lp
113	10	Lp
113	11	Lp
113	12	Lp
113	13	U
113	14	Lp
113	15	Lp
113	16	Lp
113	17	-1
113	18	Lp
113	19	Lp
113	20	Lp
113	21	Lp
113	22	Lp
113	23	-1
113	24	U
113	25	Lp
113	26	U
113	27	Lp
113	28	Lp
113	29	-1
113	30	L
113	31	Lp
113	32	-1
113	33	-1
113	34	Lp
113	35	-1
113	36	Lp
113	37	Lp
113	38	Lp
113	39	Lp
113	40	Lp
113	41	-1
113	42	Lp
113	43	L
113	44	L
113	45	-1
113	46	L
113	47	L
113	48	L
113	49	L
113	50	L
113	51	-1
113	52	L
113	53	Lp
113	54	-1
113	55	Lp
113	56	Lp
113	57	Lp
113	58	-1
113	59	-1
113	60	Lp
113	61	Lp
113	62	Lp
113	63	U
113	64	-1
113	65	Lp
113	66	-1
113	67	Lp
113	68	Lp
113	69	Lp
113	70	Lp
113	71	-1
113	72	-1
113	73	Lp
113	74	-1
113	75	L
113	76	L
113	77	L
113	78	L
113	79	-1
113	80	L
113	81	L
113	82	L
113	83	-1
113	84	Lp
113	85	-1
113	86	Lp
113	87	U
113	88	Lp
113	89	U
113	90	L
113	91	L
113	92	L
113	93	L
113	94	L
113	95	L
113	96	L
113	97	Lp
113	98	Lp
113	99	Lp
113	100	-1
113	101	L
113	102	L
113	103	L
113	104	L
113	105	L
113	106	-1
113	107	Lp
113	108	Lp
113	109	Lp
113	110	Lp
113	111	Lp
113	112	Lp
113	113	L
113	114	L
113	115	L
113	116	U
113	117	-1
113	118	L
113	119	L
114	0	L
114	1	L
114	2	L
114	3	-1
114	4	-1
114	5	U
114	6	Lp
114	7	Lp
114	8	Lp
114	9	Lp
114	10	-1
114	11	Lp
114	12	Lp
114	13	Lp
114	14	Lp
114	15	Lp
114	16	Lp
114	17	Lp
114	18	Lp
114	19	Lp
114	20	Lp
114	21	Lp
114	22	-1
114	23	Lp
114	24	Lp
114	25	Lp
114	26	Lp
114	27	-1
114	28	-1
114	29	-1
114	30	-1
114	31	-1
114	32	-1
114	33	Lp
114	34	Lp
114	35	U
114	36	Lp
114	37	L
114	38	Lp
114	39	Lp
114	40	Lp
114	41	Lp
114	42	L
114	43	L
114	44	-1
114	45	-1
114	46	L
114	47	L
114	48	L
114	49	Lp
114	50	L
114	51	-1
114	52	-1
114	53	-1
114	54	U
114	55	Lp
114	56	Lp
114	57	-1
114	58	Lp
114	59	Lp
114	60	Lp
114	61	Lp
114	62	Lp
114	63	Lp
114	64	-1
114	65	Lp
114	66	Lp
114	67	Lp
114	68	Lp
114	69	-1
114	70	Lp
114	71	Lp
114	72	Lp
114	73	-1
114	74	L
114	75	L
114	76	L
114	77	-1
114	78	-1
114	79	L
114	80	L
114	81	L
114	82	L
114	83	L
114	84	Lp
114	85	-1
114	86	Lp
114	87	Lp
114	88	-1
114	89	L
114	90	L
114	91	L
114	92	U
114	93	-1
114	94	L
114	95	L
114	96	L
114	97	Lp
114	98	Lp
114	99	Lp
114	100	Lp
114	101	Lp
114	102	L
114	103	L
114	104	L
114	105	L
114	106	U
114	107	-1
114	108	Lp
114	109	Lp
114	110	Lp
114	111	Lp
114	112	Lp
114	113	Lp
114	114	L
114	115	L
114	116	U
114	117	U
114	118	Lp
114	119	-1
115	0	Lp
115	1	Lp
115	2	L
115	3	-1
115	4	Lp
115	5	Lp
115	6	L
115	7	Lp
115	8	Lp
115	9	Lp
115	10	Lp
115	11	Lp
115	12	Lp
115	13	Lp
115	14	Lp
115	15	-1
115	16	-1
115	17	Lp
115	18	Lp
115	19	Lp
115	20	Lp
115	21	Lp
115	22	Lp
115	23	Lp
115	24	Lp
115	25	Lp
115	26	-1
115	27	Lp
115	28	Lp
115	29	-1
115	30	L
115	31	Lp
115	32	Lp
115	33	Lp
115	34	U
115	35	Lp
115	36	Lp
115	37	Lp
115	38	Lp
115	39	Lp
115	40	Lp
115	41	-1
115	42	Lp
115	43	L
115	44	L
115	45	L
115	46	L
115	47	Lp
115	48	Lp
115	49	Lp
115	50	L
115	51	L
115	52	Lp
115	53	Lp
115	54	U
115	55	Lp
115	56	Lp
115	57	Lp
115	58	-1
115	59	Lp
115	60	Lp
115	61	Lp
115	62	Lp
115	63	Lp
115	64	Lp
115	65	Lp
115	66	Lp
115	67	-1
115	68	Lp
115	69	Lp
115	70	Lp
115	71	Lp
115	72	-1
115	73	Lp
115	74	Lp
115	75	L
115	76	L
115	77	L
115	78	L
115	79	Lp
115	80	L
115	81	L
115	82	-1
115	83	Lp
115	84	Lp
115	85	Lp
115	86	Lp
115	87	Lp
115	88	L
115	89	L
115	90	L
115	91	L
115	92	L
115	93	L
115	94	L
115	95	L
115	96	Lp
115	97	Lp
115	98	Lp
115	99	-1
115	100	Lp
115	101	L
115	102	L
115	103	L
115	104	L
115	105	L
115	106	L
115	107	-1
115	108	-1
115	109	Lp
115	110	Lp
115	111	Lp
115	112	Lp
115	113	L
115	114	Lp
115	115	Lp
115	116	L
115	117	Lp
115	118	-1
115	119	Lp
116	0	L
116	1	Lp
116	2	L
116	3	L
116	4	Lp
116	5	L
116	6	L
116	7	Lp
116	8	-1
116	9	-1
116	10	-1
116	11	Lp
116	12	Lp
116	13	Lp
116	14	-1
116	15	L
116	16	-1
116	17	-1
116	18	Lp
116	19	Lp
116	20	-1
116	21	Lp
116	22	-1
116	23	-1
116	24	Lp
116	25	Lp
116	26	Lp
116	27	U
116	28	U
116	29	L
116	30	L
116	31	Lp
116	32	U
116	33	Lp
116	34	-1
116	35	-1
116	36	Lp
116	37	Lp
116	38	Lp
116	39	Lp
116	40	-1
116	41	L
116	42	Lp
116	43	L
116	44	L
116	45	L
116	46	L
116	47	Lp
116	48	Lp
116	49	Lp
116	50	L
116	51	L
116	52	-1
116	53	-1
116	54	-1
116	55	Lp
116	56	Lp
116	57	Lp
116	58	Lp
116	59	-1
116	60	Lp
116	61	Lp
116	62	-1
116	63	Lp
116	64	Lp
116	65	-1
116	66	Lp
116	67	Lp
116	68	Lp
116	69	Lp
116	70	Lp
116	71	-1
116	72	Lp
116	73	Lp
116	74	Lp
116	75	-1
116	76	L
116	77	L
116	78	L
116	79	-1
116	80	Lp
116	81	Lp
116	82	L
116	83	-1
116	84	Lp
116	85	Lp
116	86	Lp
116	87	Lp
116	88	Lp
116	89	L
116	90	L
116	91	L
116	92	L
116	93	L
116	94	L
116	95	L
116	96	L
116	97	L
116	98	-1
116	99	-1
116	100	L
116	101	Lp
116	102	L
116	103	L
116	104	Lp
116	105	L
116	106	L
116	107	-1
116	108	L
116	109	Lp
116	110	Lp
116	111	L
116	112	Lp
116	113	Lp
116	114	Lp
116	115	Lp
116	116	L
116	117	U
116	118	Lp
116	119	-1
117	0	L
117	1	Lp
117	2	L
117	3	L
117	4	L
117	5	L
117	6	L
117	7	L
117	8	Lp
117	9	-1
117	10	-1
117	11	Lp
117	12	-1
117	13	-1
117	14	-1
117	15	U
117	16	Lp
117	17	-1
117	18	Lp
117	19	Lp
117	20	-1
117	21	Lp
117	22	Lp
117	23	-1
117	24	Lp
117	25	Lp
117	26	Lp
117	27	Lp
117	28	U
117	29	Lp
117	30	-1
117	31	L
117	32	-1
117	33	Lp
117	34	Lp
117	35	Lp
117	36	Lp
117	37	Lp
117	38	-1
117	39	Lp
117	40	Lp
117	41	L
117	42	L
117	43	L
117	44	L
117	45	L
117	46	Lp
117	47	L
117	48	Lp
117	49	-1
117	50	L
117	51	Lp
117	52	Lp
117	53	Lp
117	54	Lp
117	55	Lp
117	56	Lp
117	57	Lp
117	58	Lp
117	59	Lp
117	60	Lp
117	61	-1
117	62	Lp
117	63	Lp
117	64	Lp
117	65	Lp
117	66	Lp
117	67	Lp
117	68	Lp
117	69	-1
117	70	Lp
117	71	Lp
117	72	Lp
117	73	Lp
117	74	L
117	75	-1
117	76	-1
117	77	U
117	78	L
117	79	L
117	80	L
117	81	L
117	82	-1
117	83	L
117	84	Lp
117	85	Lp
117	86	Lp
117	87	Lp
117	88	Lp
117	89	L
117	90	L
117	91	L
117	92	L
117	93	L
117	94	-1
117	95	-1
117	96	L
117	97	-1
117	98	L
117	99	L
117	100	L
117	101	L
117	102	L
117	103	L
117	104	L
117	105	Lp
117	106	Lp
117	107	Lp
117	108	Lp
117	109	Lp
117	110	L
117	111	Lp
117	112	Lp
117	113	Lp
117	114	Lp
117	115	-1
117	116	U
117	117	Lp
117	118	Lp
117	119	L
118	0	L
118	1	Lp
118	2	Lp
118	3	L
118	4	-1
118	5	-1
118	6	L
118	7	Lp
118	8	Lp
118	9	Lp
118	10	Lp
118	11	Lp
118	12	-1
118	13	Lp
118	14	Lp
118	15	U
118	16	Lp
118	17	-1
118	18	-1
118	19	Lp
118	20	-1
118	21	Lp
118	22	Lp
118	23	Lp
118	24	Lp
118	25	Lp
118	26	Lp
118	27	Lp
118	28	-1
118	29	Lp
118	30	Lp
118	31	L
118	32	Lp
118	33	Lp
118	34	Lp
118	35	Lp
118	36	Lp
118	37	-1
118	38	Lp
118	39	-1
118	40	Lp
118	41	Lp
118	42	-1
118	43	L
118	44	-1
118	45	Lp
118	46	Lp
118	47	Lp
118	48	Lp
118	49	-1
118	50	Lp
118	51	-1
118	52	Lp
118	53	Lp
118	54	Lp
118	55	U
118	56	Lp
118	57	Lp
118	58	Lp
118	59	Lp
118	60	-1
118	61	Lp
118	62	Lp
118	63	Lp
118	64	Lp
118	65	Lp
118	66	Lp
118	67	Lp
118	68	Lp
118	69	Lp
118	70	Lp
118	71	Lp
118	72	Lp
118	73	Lp
118	74	Lp
118	75	L
118	76	L
118	77	L
118	78	L
118	79	-1
118	80	Lp
118	81	Lp
118	82	L
118	83	L
118	84	L
118	85	Lp
118	86	Lp
118	87	L
118	88	Lp
118	89	L
118	90	L
118	91	L
118	92	L
118	93	L
118	94	L
118	95	L
118	96	-1
118	97	-1
118	98	L
118	99	L
118	100	L
118	101	L
118	102	-1
118	103	L
118	104	L
118	105	-1
118	106	Lp
118	107	-1
118	108	Lp
118	109	Lp
118	110	Lp
118	111	Lp
118	112	L
118	113	Lp
118	114	Lp
118	115	L
118	116	L
118	117	Lp
118	118	Lp
118	119	L
119	0	L
119	1	L
119	2	Lp
119	3	-1
119	4	Lp
119	5	Lp
119	6	Lp
119	7	Lp
119	8	U
119	9	Lp
119	10	Lp
119	11	-1
119	12	Lp
119	13	Lp
119	14	U
119	15	U
119	16	U
119	17	Lp
119	18	-1
119	19	-1
119	20	Lp
119	21	Lp
119	22	Lp
119	23	Lp
119	24	Lp
119	25	-1
119	26	Lp
119	27	-1
119	28	Lp
119	29	Lp
119	30	-1
119	31	Lp
119	32	Lp
119	33	Lp
119	34	-1
119	35	Lp
119	36	Lp
119	37	Lp
119	38	Lp
119	39	Lp
119	40	-1
119	41	Lp
119	42	Lp
119	43	L
119	44	-1
119	45	Lp
119	46	Lp
119	47	Lp
119	48	Lp
119	49	-1
119	50	-1
119	51	Lp
119	52	Lp
119	53	-1
119	54	U
119	55	-1
119	56	-1
119	57	U
119	58	Lp
119	59	Lp
119	60	-1
119	61	-1
119	62	-1
119	63	Lp
119	64	Lp
119	65	-1
119	66	Lp
119	67	Lp
119	68	Lp
119	69	Lp
119	70	Lp
119	71	Lp
119	72	-1
119	73	-1
119	74	Lp
119	75	L
119	76	L
119	77	L
119	78	Lp
119	79	Lp
119	80	-1
119	81	L
119	82	-1
119	83	L
119	84	-1
119	85	Lp
119	86	Lp
119	87	L
119	88	L
119	89	Lp
119	90	Lp
119	91	L
119	92	L
119	93	L
119	94	U
119	95	L
119	96	L
119	97	L
119	98	L
119	99	L
119	100	L
119	101	-1
119	102	L
119	103	-1
119	104	Lp
119	105	Lp
119	106	-1
119	107	Lp
119	108	Lp
119	109	-1
119	110	Lp
119	111	Lp
119	112	L
119	113	L
119	114	L
119	115	L
119	116	Lp
119	117	Lp
119	118	Lp
119	119	L
