0	0	L
0	1	-1
0	2	-1
0	3	L
0	4	Lp
0	5	-1
0	6	Lp
0	7	Lp
0	8	Lp
0	9	Lp
0	10	Lp
0	11	U
0	12	-1
0	13	Lp
0	14	U
0	15	-1
0	16	Lp
0	17	Lp
0	18	U
0	19	U
0	20	L
0	21	Lp
0	22	Lp
0	23	-1
0	24	L
0	25	Lp
0	26	Lp
0	27	Lp
0	28	Lp
0	29	-1
0	30	Lp
0	31	Lp
0	32	Lp
0	33	-1
0	34	Lp
0	35	Lp
0	36	Lp
0	37	-1
0	38	Lp
0	39	Lp
0	40	Lp
0	41	Lp
0	42	Lp
0	43	Lp
0	44	Lp
0	45	Lp
0	46	L
0	47	L
0	48	L
0	49	U
0	50	-1
0	51	L
0	52	L
0	53	L
0	54	Lp
0	55	-1
0	56	Lp
0	57	Lp
0	58	L
0	59	L
0	60	-1
0	61	Lp
0	62	Lp
0	63	Lp
0	64	Lp
0	65	Lp
0	66	Lp
0	67	Lp
0	68	L
0	69	L
0	70	-1
0	71	Lp
0	72	Lp
0	73	Lp
0	74	Lp
0	75	Lp
0	76	Lp
0	77	Lp
0	78	Lp
0	79	Lp
0	80	Lp
0	81	Lp
0	82	-1
0	83	Lp
0	84	Lp
0	85	Lp
0	86	Lp
0	87	Lp
0	88	U
0	89	Lp
0	90	-1
0	91	U
0	92	Lp
0	93	Lp
0	94	L
0	95	U
0	96	-1
0	97	L
0	98	L
0	99	L
0	100	U
0	101	U
0	102	L
0	103	U
0	104	U
0	105	U
0	106	L
0	107	L
0	108	Lp
0	109	Lp
0	110	Lp
0	111	-1
0	112	L
0	113	L
0	114	Lp
0	115	-1
0	116	L
0	117	L
0	118	L
0	119	L
1	0	L
1	1	-1
1	2	L
1	3	L
1	4	Lp
1	5	Lp
1	6	Lp
1	7	Lp
1	8	Lp
1	9	Lp
1	10	-1
1	11	-1
1	12	Lp
1	13	Lp
1	14	-1
1	15	U
1	16	-1
1	17	U
1	18	U
1	19	U
1	20	-1
1	21	L
1	22	Lp
1	23	Lp
1	24	Lp
1	25	Lp
1	26	-1
1	27	-1
1	28	Lp
1	29	Lp
1	30	Lp
1	31	Lp
1	32	-1
1	33	Lp
1	34	Lp
1	35	-1
1	36	-1
1	37	Lp
1	38	-1
1	39	Lp
1	40	Lp
1	41	-1
1	42	Lp
1	43	-1
1	44	Lp
1	45	U
1	46	Lp
1	47	U
1	48	L
1	49	L
1	50	L
1	51	-1
1	52	L
1	53	L
1	54	U
1	55	Lp
1	56	Lp
1	57	Lp
1	58	L
1	59	-1
1	60	L
1	61	Lp
1	62	Lp
1	63	Lp
1	64	Lp
1	65	L
1	66	Lp
1	67	Lp
1	68	L
1	69	-1
1	70	L
1	71	L
1	72	Lp
1	73	Lp
1	74	Lp
1	75	L
1	76	Lp
1	77	Lp
1	78	Lp
1	79	Lp
1	80	Lp
1	81	-1
1	82	-1
1	83	Lp
1	84	Lp
1	85	Lp
1	86	Lp
1	87	Lp
1	88	U
1	89	U
1	90	Lp
1	91	U
1	92	Lp
1	93	Lp
1	94	U
1	95	L
1	96	L
1	97	L
1	98	U
1	99	L
1	100	-1
1	101	L
1	102	Lp
1	103	U
1	104	U
1	105	L
1	106	L
1	107	L
1	108	L
1	109	L
1	110	L
1	111	L
1	112	L
1	113	-1
1	114	L
1	115	L
1	116	L
1	117	L
1	118	L
1	119	L
2	0	L
2	1	L
2	2	-1
2	3	L
2	4	L
2	5	Lp
2	6	Lp
2	7	Lp
2	8	Lp
2	9	Lp
2	10	Lp
2	11	L
2	12	L
2	13	U
2	14	U
2	15	U
2	16	U
2	17	L
2	18	-1
2	19	L
2	20	Lp
2	21	Lp
2	22	Lp
2	23	L
2	24	Lp
2	25	Lp
2	26	Lp
2	27	Lp
2	28	-1
2	29	-1
2	30	Lp
2	31	Lp
2	32	-1
2	33	Lp
2	34	Lp
2	35	Lp
2	36	Lp
2	37	Lp
2	38	Lp
2	39	Lp
2	40	-1
2	41	L
2	42	-1
2	43	-1
2	44	L
2	45	Lp
2	46	-1
2	47	L
2	48	L
2	49	L
2	50	L
2	51	L
2	52	-1
2	53	L
2	54	U
2	55	Lp
2	56	Lp
2	57	Lp
2	58	Lp
2	59	L
2	60	-1
2	61	Lp
2	62	Lp
2	63	-1
2	64	-1
2	65	Lp
2	66	Lp
2	67	Lp
2	68	L
2	69	Lp
2	70	L
2	71	-1
2	72	-1
2	73	L
2	74	L
2	75	L
2	76	L
2	77	Lp
2	78	Lp
2	79	Lp
2	80	-1
2	81	-1
2	82	Lp
2	83	Lp
2	84	Lp
2	85	Lp
2	86	Lp
2	87	Lp
2	88	-1
2	89	L
2	90	U
2	91	L
2	92	Lp
2	93	-1
2	94	L
2	95	L
2	96	L
2	97	L
2	98	L
2	99	L
2	100	-1
2	101	L
2	102	U
2	103	U
2	104	L
2	105	L
2	106	-1
2	107	L
2	108	L
2	109	L
2	110	-1
2	111	L
2	112	L
2	113	L
2	114	L
2	115	L
2	116	-1
2	117	L
2	118	L
2	119	L
3	0	L
3	1	L
3	2	L
3	3	L
3	4	Lp
3	5	Lp
3	6	Lp
3	7	-1
3	8	Lp
3	9	Lp
3	10	Lp
3	11	Lp
3	12	Lp
3	13	Lp
3	14	-1
3	15	Lp
3	16	Lp
3	17	L
3	18	L
3	19	Lp
3	20	-1
3	21	Lp
3	22	L
3	23	-1
3	24	Lp
3	25	-1
3	26	Lp
3	27	-1
3	28	L
3	29	Lp
3	30	Lp
3	31	Lp
3	32	Lp
3	33	Lp
3	34	Lp
3	35	Lp
3	36	Lp
3	37	Lp
3	38	Lp
3	39	-1
3	40	L
3	41	L
3	42	L
3	43	L
3	44	L
3	45	U
3	46	L
3	47	L
3	48	-1
3	49	L
3	50	L
3	51	L
3	52	L
3	53	L
3	54	Lp
3	55	U
3	56	Lp
3	57	Lp
3	58	Lp
3	59	Lp
3	60	-1
3	61	-1
3	62	Lp
3	63	Lp
3	64	-1
3	65	Lp
3	66	Lp
3	67	L
3	68	-1
3	69	Lp
3	70	Lp
3	71	-1
3	72	L
3	73	L
3	74	-1
3	75	-1
3	76	L
3	77	Lp
3	78	Lp
3	79	Lp
3	80	Lp
3	81	-1
3	82	Lp
3	83	Lp
3	84	Lp
3	85	Lp
3	86	Lp
3	87	-1
3	88	-1
3	89	-1
3	90	L
3	91	L
3	92	L
3	93	L
3	94	L
3	95	L
3	96	L
3	97	L
3	98	L
3	99	-1
3	100	-1
3	101	-1
3	102	L
3	103	L
3	104	L
3	105	L
3	106	-1
3	107	L
3	108	L
3	109	-1
3	110	L
3	111	L
3	112	L
3	113	-1
3	114	L
3	115	-1
3	116	-1
3	117	L
3	118	-1
3	119	L
4	0	L
4	1	L
4	2	L
4	3	-1
4	4	-1
4	5	Lp
4	6	Lp
4	7	Lp
4	8	Lp
4	9	Lp
4	10	Lp
4	11	Lp
4	12	Lp
4	13	Lp
4	14	Lp
4	15	Lp
4	16	Lp
4	17	Lp
4	18	-1
4	19	Lp
4	20	Lp
4	21	-1
4	22	Lp
4	23	Lp
4	24	Lp
4	25	Lp
4	26	-1
4	27	Lp
4	28	Lp
4	29	Lp
4	30	Lp
4	31	Lp
4	32	Lp
4	33	Lp
4	34	Lp
4	35	Lp
4	36	Lp
4	37	-1
4	38	-1
4	39	L
4	40	U
4	41	Lp
4	42	-1
4	43	L
4	44	Lp
4	45	-1
4	46	-1
4	47	L
4	48	L
4	49	L
4	50	L
4	51	L
4	52	L
4	53	L
4	54	-1
4	55	Lp
4	56	Lp
4	57	Lp
4	58	-1
4	59	Lp
4	60	Lp
4	61	Lp
4	62	Lp
4	63	-1
4	64	-1
4	65	Lp
4	66	Lp
4	67	Lp
4	68	Lp
4	69	Lp
4	70	Lp
4	71	-1
4	72	L
4	73	L
4	74	L
4	75	L
4	76	L
4	77	Lp
4	78	Lp
4	79	Lp
4	80	Lp
4	81	Lp
4	82	Lp
4	83	Lp
4	84	Lp
4	85	Lp
4	86	Lp
4	87	Lp
4	88	L
4	89	L
4	90	-1
4	91	L
4	92	Lp
4	93	Lp
4	94	L
4	95	L
4	96	-1
4	97	L
4	98	-1
4	99	L
4	100	L
4	101	L
4	102	L
4	103	-1
4	104	L
4	105	L
4	106	L
4	107	L
4	108	L
4	109	L
4	110	L
4	111	L
4	112	L
4	113	L
4	114	L
4	115	L
4	116	-1
4	117	L
4	118	L
4	119	L
5	0	L
5	1	-1
5	2	L
5	3	L
5	4	L
5	5	Lp
5	6	Lp
5	7	-1
5	8	Lp
5	9	Lp
5	10	Lp
5	11	Lp
5	12	Lp
5	13	Lp
5	14	Lp
5	15	Lp
5	16	Lp
5	17	-1
5	18	Lp
5	19	Lp
5	20	Lp
5	21	Lp
5	22	-1
5	23	-1
5	24	Lp
5	25	Lp
5	26	-1
5	27	Lp
5	28	Lp
5	29	Lp
5	30	Lp
5	31	Lp
5	32	Lp
5	33	Lp
5	34	Lp
5	35	-1
5	36	-1
5	37	-1
5	38	Lp
5	39	Lp
5	40	Lp
5	41	Lp
5	42	Lp
5	43	L
5	44	L
5	45	L
5	46	L
5	47	L
5	48	Lp
5	49	L
5	50	-1
5	51	Lp
5	52	Lp
5	53	Lp
5	54	Lp
5	55	Lp
5	56	-1
5	57	Lp
5	58	Lp
5	59	Lp
5	60	-1
5	61	Lp
5	62	Lp
5	63	Lp
5	64	Lp
5	65	Lp
5	66	Lp
5	67	-1
5	68	Lp
5	69	Lp
5	70	Lp
5	71	Lp
5	72	L
5	73	Lp
5	74	-1
5	75	Lp
5	76	Lp
5	77	Lp
5	78	Lp
5	79	Lp
5	80	-1
5	81	-1
5	82	Lp
5	83	Lp
5	84	Lp
5	85	Lp
5	86	Lp
5	87	Lp
5	88	Lp
5	89	L
5	90	L
5	91	Lp
5	92	Lp
5	93	-1
5	94	L
5	95	L
5	96	L
5	97	L
5	98	L
5	99	L
5	100	L
5	101	L
5	102	L
5	103	L
5	104	L
5	105	L
5	106	L
5	107	L
5	108	U
5	109	L
5	110	L
5	111	L
5	112	L
5	113	L
5	114	-1
5	115	L
5	116	L
5	117	L
5	118	L
5	119	-1
6	0	L
6	1	L
6	2	Lp
6	3	L
6	4	Lp
6	5	Lp
6	6	-1
6	7	Lp
6	8	-1
6	9	Lp
6	10	Lp
6	11	Lp
6	12	U
6	13	-1
6	14	Lp
6	15	Lp
6	16	-1
6	17	Lp
6	18	Lp
6	19	Lp
6	20	Lp
6	21	Lp
6	22	Lp
6	23	-1
6	24	Lp
6	25	Lp
6	26	Lp
6	27	Lp
6	28	Lp
6	29	Lp
6	30	Lp
6	31	Lp
6	32	Lp
6	33	-1
6	34	Lp
6	35	-1
6	36	Lp
6	37	Lp
6	38	Lp
6	39	-1
6	40	Lp
6	41	Lp
6	42	Lp
6	43	L
6	44	L
6	45	Lp
6	46	L
6	47	L
6	48	L
6	49	-1
6	50	Lp
6	51	-1
6	52	Lp
6	53	L
6	54	U
6	55	L
6	56	Lp
6	57	Lp
6	58	-1
6	59	Lp
6	60	Lp
6	61	Lp
6	62	Lp
6	63	L
6	64	Lp
6	65	Lp
6	66	Lp
6	67	Lp
6	68	Lp
6	69	Lp
6	70	Lp
6	71	Lp
6	72	L
6	73	L
6	74	Lp
6	75	Lp
6	76	Lp
6	77	Lp
6	78	Lp
6	79	Lp
6	80	Lp
6	81	Lp
6	82	Lp
6	83	Lp
6	84	Lp
6	85	Lp
6	86	Lp
6	87	Lp
6	88	Lp
6	89	Lp
6	90	Lp
6	91	Lp
6	92	Lp
6	93	L
6	94	L
6	95	-1
6	96	-1
6	97	-1
6	98	L
6	99	L
6	100	-1
6	101	L
6	102	L
6	103	L
6	104	L
6	105	L
6	106	L
6	107	-1
6	108	L
6	109	U
6	110	L
6	111	-1
6	112	L
6	113	L
6	114	L
6	115	L
6	116	L
6	117	L
6	118	L
6	119	L
7	0	L
7	1	L
7	2	-1
7	3	Lp
7	4	Lp
7	5	L
7	6	Lp
7	7	Lp
7	8	Lp
7	9	Lp
7	10	Lp
7	11	U
7	12	Lp
7	13	Lp
7	14	Lp
7	15	Lp
7	16	Lp
7	17	-1
7	18	Lp
7	19	Lp
7	20	-1
7	21	Lp
7	22	Lp
7	23	Lp
7	24	Lp
7	25	Lp
7	26	Lp
7	27	Lp
7	28	U
7	29	-1
7	30	Lp
7	31	-1
7	32	Lp
7	33	Lp
7	34	-1
7	35	Lp
7	36	-1
7	37	-1
7	38	-1
7	39	L
7	40	Lp
7	41	Lp
7	42	-1
7	43	L
7	44	Lp
7	45	Lp
7	46	L
7	47	-1
7	48	L
7	49	L
7	50	Lp
7	51	-1
7	52	-1
7	53	-1
7	54	U
7	55	L
7	56	L
7	57	Lp
7	58	Lp
7	59	Lp
7	60	Lp
7	61	-1
7	62	L
7	63	L
7	64	-1
7	65	Lp
7	66	Lp
7	67	Lp
7	68	Lp
7	69	-1
7	70	Lp
7	71	L
7	72	-1
7	73	L
7	74	L
7	75	-1
7	76	-1
7	77	-1
7	78	Lp
7	79	Lp
7	80	Lp
7	81	Lp
7	82	Lp
7	83	Lp
7	84	Lp
7	85	Lp
7	86	Lp
7	87	Lp
7	88	Lp
7	89	Lp
7	90	-1
7	91	-1
7	92	L
7	93	-1
7	94	L
7	95	L
7	96	Lp
7	97	Lp
7	98	L
7	99	Lp
7	100	L
7	101	-1
7	102	-1
7	103	L
7	104	U
7	105	-1
7	106	L
7	107	U
7	108	U
7	109	U
7	110	-1
7	111	L
7	112	L
7	113	L
7	114	-1
7	115	L
7	116	-1
7	117	L
7	118	L
7	119	L
8	0	-1
8	1	Lp
8	2	Lp
8	3	Lp
8	4	Lp
8	5	Lp
8	6	U
8	7	Lp
8	8	Lp
8	9	Lp
8	10	Lp
8	11	Lp
8	12	L
8	13	Lp
8	14	Lp
8	15	Lp
8	16	-1
8	17	-1
8	18	Lp
8	19	Lp
8	20	-1
8	21	-1
8	22	Lp
8	23	Lp
8	24	Lp
8	25	Lp
8	26	Lp
8	27	U
8	28	-1
8	29	-1
8	30	Lp
8	31	Lp
8	32	Lp
8	33	-1
8	34	Lp
8	35	Lp
8	36	Lp
8	37	-1
8	38	Lp
8	39	Lp
8	40	Lp
8	41	Lp
8	42	Lp
8	43	Lp
8	44	-1
8	45	-1
8	46	Lp
8	47	-1
8	48	-1
8	49	Lp
8	50	L
8	51	L
8	52	-1
8	53	Lp
8	54	Lp
8	55	-1
8	56	L
8	57	Lp
8	58	-1
8	59	Lp
8	60	-1
8	61	Lp
8	62	L
8	63	-1
8	64	Lp
8	65	-1
8	66	Lp
8	67	Lp
8	68	Lp
8	69	Lp
8	70	Lp
8	71	Lp
8	72	Lp
8	73	L
8	74	L
8	75	L
8	76	Lp
8	77	Lp
8	78	Lp
8	79	Lp
8	80	-1
8	81	-1
8	82	Lp
8	83	Lp
8	84	-1
8	85	Lp
8	86	Lp
8	87	Lp
8	88	Lp
8	89	Lp
8	90	-1
8	91	-1
8	92	Lp
8	93	L
8	94	L
8	95	L
8	96	Lp
8	97	Lp
8	98	Lp
8	99	L
8	100	L
8	101	L
8	102	L
8	103	L
8	104	L
8	105	Lp
8	106	U
8	107	U
8	108	-1
8	109	L
8	110	L
8	111	-1
8	112	L
8	113	L
8	114	-1
8	115	L
8	116	L
8	117	L
8	118	L
8	119	L
9	0	-1
9	1	L
9	2	Lp
9	3	Lp
9	4	Lp
9	5	Lp
9	6	Lp
9	7	Lp
9	8	Lp
9	9	Lp
9	10	Lp
9	11	Lp
9	12	Lp
9	13	Lp
9	14	Lp
9	15	Lp
9	16	Lp
9	17	Lp
9	18	Lp
9	19	Lp
9	20	Lp
9	21	Lp
9	22	Lp
9	23	-1
9	24	Lp
9	25	-1
9	26	L
9	27	-1
9	28	-1
9	29	Lp
9	30	Lp
9	31	Lp
9	32	Lp
9	33	Lp
9	34	Lp
9	35	Lp
9	36	-1
9	37	Lp
9	38	Lp
9	39	-1
9	40	Lp
9	41	-1
9	42	Lp
9	43	Lp
9	44	L
9	45	U
9	46	-1
9	47	-1
9	48	-1
9	49	L
9	50	Lp
9	51	Lp
9	52	Lp
9	53	U
9	54	Lp
9	55	U
9	56	L
9	57	Lp
9	58	Lp
9	59	Lp
9	60	-1
9	61	L
9	62	L
9	63	Lp
9	64	Lp
9	65	Lp
9	66	-1
9	67	Lp
9	68	Lp
9	69	Lp
9	70	Lp
9	71	-1
9	72	-1
9	73	Lp
9	74	-1
9	75	-1
9	76	Lp
9	77	-1
9	78	-1
9	79	Lp
9	80	-1
9	81	Lp
9	82	Lp
9	83	Lp
9	84	Lp
9	85	-1
9	86	Lp
9	87	Lp
9	88	Lp
9	89	Lp
9	90	Lp
9	91	Lp
9	92	Lp
9	93	Lp
9	94	Lp
9	95	Lp
9	96	Lp
9	97	Lp
9	98	Lp
9	99	Lp
9	100	L
9	101	L
9	102	L
9	103	L
9	104	L
9	105	Lp
9	106	Lp
9	107	Lp
9	108	U
9	109	U
9	110	L
9	111	-1
9	112	U
9	113	-1
9	114	-1
9	115	U
9	116	L
9	117	-1
9	118	L
9	119	L
10	0	U
10	1	Lp
10	2	L
10	3	Lp
10	4	Lp
10	5	Lp
10	6	Lp
10	7	Lp
10	8	-1
10	9	Lp
10	10	Lp
10	11	Lp
10	12	Lp
10	13	Lp
10	14	Lp
10	15	Lp
10	16	-1
10	17	Lp
10	18	Lp
10	19	Lp
10	20	Lp
10	21	U
10	22	Lp
10	23	L
10	24	Lp
10	25	U
10	26	U
10	27	U
10	28	U
10	29	Lp
10	30	-1
10	31	-1
10	32	-1
10	33	Lp
10	34	Lp
10	35	Lp
10	36	Lp
10	37	-1
10	38	Lp
10	39	Lp
10	40	L
10	41	Lp
10	42	Lp
10	43	Lp
10	44	L
10	45	L
10	46	U
10	47	U
10	48	Lp
10	49	-1
10	50	Lp
10	51	Lp
10	52	Lp
10	53	Lp
10	54	U
10	55	Lp
10	56	-1
10	57	Lp
10	58	-1
10	59	Lp
10	60	L
10	61	L
10	62	L
10	63	Lp
10	64	Lp
10	65	Lp
10	66	Lp
10	67	-1
10	68	L
10	69	-1
10	70	-1
10	71	Lp
10	72	Lp
10	73	Lp
10	74	-1
10	75	Lp
10	76	Lp
10	77	-1
10	78	Lp
10	79	-1
10	80	Lp
10	81	Lp
10	82	Lp
10	83	Lp
10	84	-1
10	85	Lp
10	86	Lp
10	87	Lp
10	88	-1
10	89	Lp
10	90	Lp
10	91	Lp
10	92	-1
10	93	Lp
10	94	Lp
10	95	Lp
10	96	-1
10	97	Lp
10	98	Lp
10	99	Lp
10	100	Lp
10	101	Lp
10	102	U
10	103	U
10	104	L
10	105	L
10	106	Lp
10	107	L
10	108	-1
10	109	-1
10	110	U
10	111	U
10	112	U
10	113	L
10	114	-1
10	115	L
10	116	-1
10	117	-1
10	118	L
10	119	L
11	0	U
11	1	-1
11	2	Lp
11	3	-1
11	4	Lp
11	5	U
11	6	Lp
11	7	Lp
11	8	Lp
11	9	Lp
11	10	Lp
11	11	Lp
11	12	Lp
11	13	Lp
11	14	Lp
11	15	Lp
11	16	Lp
11	17	Lp
11	18	Lp
11	19	Lp
11	20	-1
11	21	Lp
11	22	U
11	23	Lp
11	24	Lp
11	25	Lp
11	26	Lp
11	27	Lp
11	28	Lp
11	29	Lp
11	30	-1
11	31	Lp
11	32	-1
11	33	Lp
11	34	Lp
11	35	Lp
11	36	Lp
11	37	Lp
11	38	-1
11	39	-1
11	40	Lp
11	41	-1
11	42	L
11	43	L
11	44	-1
11	45	U
11	46	L
11	47	Lp
11	48	Lp
11	49	Lp
11	50	Lp
11	51	Lp
11	52	-1
11	53	Lp
11	54	Lp
11	55	Lp
11	56	Lp
11	57	Lp
11	58	Lp
11	59	Lp
11	60	Lp
11	61	L
11	62	L
11	63	-1
11	64	Lp
11	65	Lp
11	66	Lp
11	67	L
11	68	L
11	69	Lp
11	70	Lp
11	71	Lp
11	72	Lp
11	73	-1
11	74	Lp
11	75	Lp
11	76	Lp
11	77	Lp
11	78	Lp
11	79	Lp
11	80	Lp
11	81	Lp
11	82	Lp
11	83	Lp
11	84	Lp
11	85	Lp
11	86	Lp
11	87	Lp
11	88	Lp
11	89	Lp
11	90	-1
11	91	-1
11	92	-1
11	93	Lp
11	94	Lp
11	95	Lp
11	96	Lp
11	97	Lp
11	98	Lp
11	99	Lp
11	100	Lp
11	101	Lp
11	102	U
11	103	L
11	104	L
11	105	-1
11	106	-1
11	107	-1
11	108	Lp
11	109	L
11	110	U
11	111	U
11	112	L
11	113	L
11	114	-1
11	115	-1
11	116	-1
11	117	-1
11	118	L
11	119	L
12	0	L
12	1	Lp
12	2	L
12	3	Lp
12	4	Lp
12	5	Lp
12	6	Lp
12	7	Lp
12	8	Lp
12	9	Lp
12	10	-1
12	11	Lp
12	12	Lp
12	13	Lp
12	14	-1
12	15	-1
12	16	Lp
12	17	Lp
12	18	Lp
12	19	Lp
12	20	Lp
12	21	U
12	22	U
12	23	U
12	24	Lp
12	25	Lp
12	26	-1
12	27	Lp
12	28	Lp
12	29	Lp
12	30	Lp
12	31	Lp
12	32	Lp
12	33	Lp
12	34	Lp
12	35	Lp
12	36	Lp
12	37	Lp
12	38	-1
12	39	-1
12	40	Lp
12	41	L
12	42	L
12	43	Lp
12	44	Lp
12	45	-1
12	46	L
12	47	L
12	48	-1
12	49	Lp
12	50	Lp
12	51	-1
12	52	Lp
12	53	Lp
12	54	Lp
12	55	-1
12	56	Lp
12	57	Lp
12	58	Lp
12	59	Lp
12	60	L
12	61	Lp
12	62	Lp
12	63	U
12	64	L
12	65	Lp
12	66	Lp
12	67	Lp
12	68	Lp
12	69	Lp
12	70	Lp
12	71	Lp
12	72	Lp
12	73	Lp
12	74	-1
12	75	Lp
12	76	Lp
12	77	Lp
12	78	Lp
12	79	-1
12	80	Lp
12	81	Lp
12	82	Lp
12	83	Lp
12	84	Lp
12	85	Lp
12	86	Lp
12	87	Lp
12	88	L
12	89	Lp
12	90	Lp
12	91	Lp
12	92	Lp
12	93	-1
12	94	Lp
12	95	-1
12	96	Lp
12	97	Lp
12	98	Lp
12	99	Lp
12	100	Lp
12	101	-1
12	102	Lp
12	103	Lp
12	104	-1
12	105	L
12	106	Lp
12	107	Lp
12	108	Lp
12	109	Lp
12	110	Lp
12	111	L
12	112	-1
12	113	L
12	114	Lp
12	115	-1
12	116	-1
12	117	L
12	118	L
12	119	Lp
13	0	Lp
13	1	Lp
13	2	Lp
13	3	-1
13	4	-1
13	5	Lp
13	6	Lp
13	7	Lp
13	8	Lp
13	9	Lp
13	10	-1
13	11	Lp
13	12	Lp
13	13	Lp
13	14	Lp
13	15	Lp
13	16	Lp
13	17	Lp
13	18	Lp
13	19	-1
13	20	U
13	21	Lp
13	22	Lp
13	23	Lp
13	24	U
13	25	Lp
13	26	-1
13	27	Lp
13	28	Lp
13	29	Lp
13	30	Lp
13	31	Lp
13	32	Lp
13	33	Lp
13	34	-1
13	35	Lp
13	36	Lp
13	37	Lp
13	38	Lp
13	39	-1
13	40	Lp
13	41	Lp
13	42	L
13	43	L
13	44	U
13	45	L
13	46	-1
13	47	Lp
13	48	Lp
13	49	-1
13	50	Lp
13	51	Lp
13	52	-1
13	53	Lp
13	54	-1
13	55	Lp
13	56	Lp
13	57	Lp
13	58	-1
13	59	Lp
13	60	L
13	61	Lp
13	62	Lp
13	63	Lp
13	64	Lp
13	65	Lp
13	66	Lp
13	67	Lp
13	68	Lp
13	69	U
13	70	Lp
13	71	Lp
13	72	-1
13	73	Lp
13	74	Lp
13	75	Lp
13	76	Lp
13	77	Lp
13	78	Lp
13	79	Lp
13	80	Lp
13	81	Lp
13	82	Lp
13	83	Lp
13	84	Lp
13	85	Lp
13	86	Lp
13	87	Lp
13	88	L
13	89	Lp
13	90	Lp
13	91	Lp
13	92	Lp
13	93	-1
13	94	Lp
13	95	-1
13	96	Lp
13	97	Lp
13	98	Lp
13	99	Lp
13	100	Lp
13	101	Lp
13	102	Lp
13	103	Lp
13	104	L
13	105	-1
13	106	Lp
13	107	U
13	108	Lp
13	109	Lp
13	110	Lp
13	111	L
13	112	-1
13	113	Lp
13	114	-1
13	115	Lp
13	116	L
13	117	-1
13	118	-1
13	119	Lp
14	0	L
14	1	Lp
14	2	-1
14	3	Lp
14	4	Lp
14	5	Lp
14	6	Lp
14	7	Lp
14	8	Lp
14	9	Lp
14	10	Lp
14	11	Lp
14	12	Lp
14	13	Lp
14	14	Lp
14	15	Lp
14	16	Lp
14	17	Lp
14	18	Lp
14	19	Lp
14	20	Lp
14	21	Lp
14	22	Lp
14	23	L
14	24	U
14	25	-1
14	26	U
14	27	L
14	28	Lp
14	29	U
14	30	Lp
14	31	Lp
14	32	Lp
14	33	Lp
14	34	Lp
14	35	-1
14	36	Lp
14	37	Lp
14	38	Lp
14	39	Lp
14	40	Lp
14	41	L
14	42	L
14	43	L
14	44	Lp
14	45	Lp
14	46	Lp
14	47	Lp
14	48	Lp
14	49	Lp
14	50	Lp
14	51	Lp
14	52	Lp
14	53	Lp
14	54	Lp
14	55	Lp
14	56	-1
14	57	Lp
14	58	Lp
14	59	Lp
14	60	Lp
14	61	Lp
14	62	Lp
14	63	Lp
14	64	Lp
14	65	Lp
14	66	Lp
14	67	Lp
14	68	Lp
14	69	U
14	70	Lp
14	71	Lp
14	72	-1
14	73	Lp
14	74	Lp
14	75	Lp
14	76	Lp
14	77	Lp
14	78	Lp
14	79	Lp
14	80	Lp
14	81	Lp
14	82	-1
14	83	Lp
14	84	L
14	85	L
14	86	Lp
14	87	L
14	88	L
14	89	-1
14	90	Lp
14	91	Lp
14	92	Lp
14	93	Lp
14	94	Lp
14	95	Lp
14	96	Lp
14	97	Lp
14	98	-1
14	99	Lp
14	100	-1
14	101	-1
14	102	-1
14	103	Lp
14	104	Lp
14	105	-1
14	106	Lp
14	107	-1
14	108	Lp
14	109	Lp
14	110	L
14	111	-1
14	112	Lp
14	113	-1
14	114	Lp
14	115	L
14	116	-1
14	117	L
14	118	L
14	119	L
15	0	Lp
15	1	Lp
15	2	Lp
15	3	Lp
15	4	-1
15	5	Lp
15	6	Lp
15	7	Lp
15	8	Lp
15	9	Lp
15	10	Lp
15	11	Lp
15	12	Lp
15	13	Lp
15	14	Lp
15	15	Lp
15	16	Lp
15	17	Lp
15	18	Lp
15	19	Lp
15	20	Lp
15	21	-1
15	22	Lp
15	23	Lp
15	24	-1
15	25	U
15	26	U
15	27	U
15	28	U
15	29	Lp
15	30	Lp
15	31	Lp
15	32	Lp
15	33	Lp
15	34	-1
15	35	Lp
15	36	-1
15	37	Lp
15	38	Lp
15	39	Lp
15	40	-1
15	41	Lp
15	42	Lp
15	43	Lp
15	44	Lp
15	45	Lp
15	46	Lp
15	47	Lp
15	48	Lp
15	49	Lp
15	50	Lp
15	51	Lp
15	52	Lp
15	53	Lp
15	54	-1
15	55	Lp
15	56	Lp
15	57	Lp
15	58	Lp
15	59	Lp
15	60	-1
15	61	-1
15	62	Lp
15	63	Lp
15	64	Lp
15	65	Lp
15	66	-1
15	67	-1
15	68	Lp
15	69	Lp
15	70	-1
15	71	Lp
15	72	Lp
15	73	Lp
15	74	Lp
15	75	Lp
15	76	Lp
15	77	Lp
15	78	Lp
15	79	Lp
15	80	Lp
15	81	-1
15	82	Lp
15	83	L
15	84	L
15	85	L
15	86	L
15	87	L
15	88	L
15	89	Lp
15	90	-1
15	91	Lp
15	92	Lp
15	93	-1
15	94	-1
15	95	L
15	96	L
15	97	Lp
15	98	-1
15	99	Lp
15	100	Lp
15	101	Lp
15	102	Lp
15	103	-1
15	104	Lp
15	105	-1
15	106	Lp
15	107	Lp
15	108	Lp
15	109	Lp
15	110	Lp
15	111	Lp
15	112	Lp
15	113	U
15	114	Lp
15	115	-1
15	116	L
15	117	-1
15	118	-1
15	119	L
16	0	Lp
16	1	Lp
16	2	Lp
16	3	Lp
16	4	Lp
16	5	-1
16	6	-1
16	7	Lp
16	8	Lp
16	9	Lp
16	10	Lp
16	11	L
16	12	U
16	13	Lp
16	14	-1
16	15	Lp
16	16	Lp
16	17	Lp
16	18	Lp
16	19	Lp
16	20	U
16	21	Lp
16	22	Lp
16	23	Lp
16	24	L
16	25	U
16	26	U
16	27	Lp
16	28	-1
16	29	Lp
16	30	Lp
16	31	-1
16	32	Lp
16	33	Lp
16	34	Lp
16	35	Lp
16	36	Lp
16	37	Lp
16	38	Lp
16	39	-1
16	40	Lp
16	41	Lp
16	42	Lp
16	43	Lp
16	44	Lp
16	45	Lp
16	46	Lp
16	47	Lp
16	48	Lp
16	49	Lp
16	50	Lp
16	51	Lp
16	52	Lp
16	53	Lp
16	54	Lp
16	55	-1
16	56	Lp
16	57	-1
16	58	Lp
16	59	Lp
16	60	Lp
16	61	-1
16	62	Lp
16	63	Lp
16	64	Lp
16	65	Lp
16	66	Lp
16	67	Lp
16	68	Lp
16	69	Lp
16	70	Lp
16	71	Lp
16	72	Lp
16	73	Lp
16	74	Lp
16	75	-1
16	76	-1
16	77	Lp
16	78	Lp
16	79	Lp
16	80	-1
16	81	Lp
16	82	L
16	83	L
16	84	L
16	85	L
16	86	L
16	87	L
16	88	-1
16	89	L
16	90	Lp
16	91	Lp
16	92	Lp
16	93	Lp
16	94	-1
16	95	L
16	96	L
16	97	L
16	98	Lp
16	99	-1
16	100	-1
16	101	Lp
16	102	Lp
16	103	Lp
16	104	-1
16	105	Lp
16	106	Lp
16	107	Lp
16	108	-1
16	109	-1
16	110	Lp
16	111	Lp
16	112	Lp
16	113	-1
16	114	U
16	115	Lp
16	116	Lp
16	117	-1
16	118	L
16	119	L
17	0	Lp
17	1	Lp
17	2	Lp
17	3	Lp
17	4	Lp
17	5	-1
17	6	Lp
17	7	-1
17	8	-1
17	9	Lp
17	10	Lp
17	11	-1
17	12	Lp
17	13	U
17	14	U
17	15	-1
17	16	Lp
17	17	Lp
17	18	Lp
17	19	U
17	20	Lp
17	21	Lp
17	22	Lp
17	23	Lp
17	24	L
17	25	-1
17	26	Lp
17	27	Lp
17	28	Lp
17	29	Lp
17	30	Lp
17	31	Lp
17	32	-1
17	33	Lp
17	34	-1
17	35	Lp
17	36	-1
17	37	-1
17	38	-1
17	39	-1
17	40	Lp
17	41	Lp
17	42	Lp
17	43	-1
17	44	Lp
17	45	Lp
17	46	Lp
17	47	Lp
17	48	Lp
17	49	-1
17	50	Lp
17	51	Lp
17	52	Lp
17	53	Lp
17	54	Lp
17	55	Lp
17	56	Lp
17	57	-1
17	58	Lp
17	59	-1
17	60	Lp
17	61	Lp
17	62	L
17	63	Lp
17	64	Lp
17	65	Lp
17	66	Lp
17	67	Lp
17	68	Lp
17	69	Lp
17	70	Lp
17	71	U
17	72	Lp
17	73	Lp
17	74	Lp
17	75	Lp
17	76	Lp
17	77	Lp
17	78	-1
17	79	Lp
17	80	Lp
17	81	Lp
17	82	L
17	83	L
17	84	L
17	85	L
17	86	L
17	87	L
17	88	L
17	89	Lp
17	90	-1
17	91	Lp
17	92	Lp
17	93	Lp
17	94	Lp
17	95	-1
17	96	-1
17	97	L
17	98	Lp
17	99	-1
17	100	Lp
17	101	-1
17	102	Lp
17	103	-1
17	104	Lp
17	105	Lp
17	106	Lp
17	107	Lp
17	108	Lp
17	109	Lp
17	110	Lp
17	111	Lp
17	112	Lp
17	113	-1
17	114	Lp
17	115	Lp
17	116	Lp
17	117	L
17	118	Lp
17	119	-1
18	0	Lp
18	1	-1
18	2	Lp
18	3	Lp
18	4	-1
18	5	Lp
18	6	Lp
18	7	-1
18	8	Lp
18	9	-1
18	10	Lp
18	11	Lp
18	12	Lp
18	13	-1
18	14	U
18	15	U
18	16	Lp
18	17	Lp
18	18	Lp
18	19	Lp
18	20	Lp
18	21	Lp
18	22	Lp
18	23	L
18	24	L
18	25	-1
18	26	-1
18	27	-1
18	28	-1
18	29	Lp
18	30	Lp
18	31	-1
18	32	Lp
18	33	-1
18	34	Lp
18	35	Lp
18	36	-1
18	37	-1
18	38	Lp
18	39	Lp
18	40	Lp
18	41	Lp
18	42	Lp
18	43	Lp
18	44	L
18	45	Lp
18	46	Lp
18	47	Lp
18	48	Lp
18	49	Lp
18	50	-1
18	51	-1
18	52	Lp
18	53	Lp
18	54	Lp
18	55	Lp
18	56	Lp
18	57	-1
18	58	Lp
18	59	Lp
18	60	Lp
18	61	-1
18	62	Lp
18	63	Lp
18	64	Lp
18	65	Lp
18	66	-1
18	67	Lp
18	68	Lp
18	69	-1
18	70	Lp
18	71	Lp
18	72	Lp
18	73	Lp
18	74	Lp
18	75	Lp
18	76	Lp
18	77	-1
18	78	Lp
18	79	L
18	80	Lp
18	81	L
18	82	L
18	83	L
18	84	L
18	85	L
18	86	L
18	87	L
18	88	L
18	89	Lp
18	90	-1
18	91	Lp
18	92	Lp
18	93	L
18	94	L
18	95	L
18	96	L
18	97	L
18	98	L
18	99	Lp
18	100	Lp
18	101	Lp
18	102	Lp
18	103	-1
18	104	-1
18	105	Lp
18	106	Lp
18	107	Lp
18	108	-1
18	109	Lp
18	110	Lp
18	111	Lp
18	112	-1
18	113	-1
18	114	Lp
18	115	Lp
18	116	Lp
18	117	-1
18	118	L
18	119	Lp
19	0	Lp
19	1	Lp
19	2	Lp
19	3	Lp
19	4	Lp
19	5	Lp
19	6	Lp
19	7	-1
19	8	L
19	9	Lp
19	10	-1
19	11	L
19	12	L
19	13	-1
19	14	-1
19	15	U
19	16	Lp
19	17	Lp
19	18	Lp
19	19	Lp
19	20	Lp
19	21	Lp
19	22	Lp
19	23	L
19	24	-1
19	25	Lp
19	26	Lp
19	27	Lp
19	28	U
19	29	-1
19	30	Lp
19	31	Lp
19	32	Lp
19	33	Lp
19	34	Lp
19	35	Lp
19	36	L
19	37	Lp
19	38	Lp
19	39	Lp
19	40	Lp
19	41	Lp
19	42	Lp
19	43	Lp
19	44	Lp
19	45	L
19	46	Lp
19	47	Lp
19	48	Lp
19	49	-1
19	50	Lp
19	51	Lp
19	52	Lp
19	53	-1
19	54	Lp
19	55	Lp
19	56	Lp
19	57	Lp
19	58	Lp
19	59	L
19	60	L
19	61	L
19	62	L
19	63	Lp
19	64	-1
19	65	Lp
19	66	Lp
19	67	Lp
19	68	Lp
19	69	-1
19	70	Lp
19	71	Lp
19	72	Lp
19	73	Lp
19	74	Lp
19	75	Lp
19	76	Lp
19	77	Lp
19	78	L
19	79	L
19	80	L
19	81	L
19	82	L
19	83	L
19	84	Lp
19	85	Lp
19	86	Lp
19	87	Lp
19	88	Lp
19	89	-1
19	90	Lp
19	91	Lp
19	92	-1
19	93	Lp
19	94	L
19	95	L
19	96	L
19	97	L
19	98	L
19	99	-1
19	100	L
19	101	Lp
19	102	Lp
19	103	Lp
19	104	L
19	105	Lp
19	106	Lp
19	107	-1
19	108	Lp
19	109	Lp
19	110	Lp
19	111	Lp
19	112	-1
19	113	Lp
19	114	Lp
19	115	Lp
19	116	Lp
19	117	Lp
19	118	Lp
19	119	-1
20	0	Lp
20	1	Lp
20	2	Lp
20	3	Lp
20	4	Lp
20	5	L
20	6	-1
20	7	L
20	8	Lp
20	9	L
20	10	-1
20	11	L
20	12	Lp
20	13	U
20	14	U
20	15	Lp
20	16	Lp
20	17	Lp
20	18	Lp
20	19	Lp
20	20	Lp
20	21	Lp
20	22	Lp
20	23	Lp
20	24	L
20	25	-1
20	26	L
20	27	Lp
20	28	-1
20	29	Lp
20	30	U
20	31	Lp
20	32	Lp
20	33	Lp
20	34	Lp
20	35	Lp
20	36	Lp
20	37	Lp
20	38	-1
20	39	Lp
20	40	L
20	41	-1
20	42	U
20	43	U
20	44	-1
20	45	Lp
20	46	Lp
20	47	Lp
20	48	Lp
20	49	Lp
20	50	Lp
20	51	Lp
20	52	Lp
20	53	Lp
20	54	Lp
20	55	-1
20	56	Lp
20	57	Lp
20	58	Lp
20	59	Lp
20	60	Lp
20	61	L
20	62	L
20	63	Lp
20	64	Lp
20	65	Lp
20	66	L
20	67	-1
20	68	Lp
20	69	Lp
20	70	Lp
20	71	Lp
20	72	Lp
20	73	Lp
20	74	Lp
20	75	Lp
20	76	Lp
20	77	L
20	78	-1
20	79	L
20	80	L
20	81	L
20	82	L
20	83	Lp
20	84	Lp
20	85	Lp
20	86	-1
20	87	-1
20	88	Lp
20	89	Lp
20	90	Lp
20	91	Lp
20	92	-1
20	93	L
20	94	L
20	95	L
20	96	L
20	97	L
20	98	-1
20	99	-1
20	100	Lp
20	101	-1
20	102	Lp
20	103	Lp
20	104	Lp
20	105	Lp
20	106	Lp
20	107	Lp
20	108	Lp
20	109	-1
20	110	Lp
20	111	Lp
20	112	Lp
20	113	Lp
20	114	Lp
20	115	Lp
20	116	Lp
20	117	Lp
20	118	Lp
20	119	-1
21	0	-1
21	1	Lp
21	2	Lp
21	3	Lp
21	4	L
21	5	Lp
21	6	L
21	7	L
21	8	Lp
21	9	-1
21	10	-1
21	11	L
21	12	Lp
21	13	-1
21	14	Lp
21	15	Lp
21	16	-1
21	17	Lp
21	18	Lp
21	19	Lp
21	20	-1
21	21	-1
21	22	Lp
21	23	Lp
21	24	-1
21	25	L
21	26	L
21	27	L
21	28	L
21	29	Lp
21	30	Lp
21	31	-1
21	32	Lp
21	33	Lp
21	34	Lp
21	35	Lp
21	36	-1
21	37	Lp
21	38	Lp
21	39	Lp
21	40	L
21	41	Lp
21	42	Lp
21	43	Lp
21	44	Lp
21	45	U
21	46	U
21	47	U
21	48	Lp
21	49	Lp
21	50	Lp
21	51	Lp
21	52	Lp
21	53	-1
21	54	L
21	55	Lp
21	56	L
21	57	Lp
21	58	L
21	59	L
21	60	L
21	61	L
21	62	U
21	63	L
21	64	Lp
21	65	L
21	66	Lp
21	67	Lp
21	68	Lp
21	69	Lp
21	70	-1
21	71	Lp
21	72	-1
21	73	Lp
21	74	-1
21	75	L
21	76	Lp
21	77	L
21	78	L
21	79	L
21	80	L
21	81	U
21	82	L
21	83	Lp
21	84	Lp
21	85	Lp
21	86	Lp
21	87	-1
21	88	Lp
21	89	Lp
21	90	Lp
21	91	Lp
21	92	L
21	93	L
21	94	L
21	95	L
21	96	L
21	97	-1
21	98	Lp
21	99	L
21	100	L
21	101	Lp
21	102	-1
21	103	Lp
21	104	Lp
21	105	L
21	106	Lp
21	107	Lp
21	108	-1
21	109	Lp
21	110	Lp
21	111	Lp
21	112	Lp
21	113	Lp
21	114	Lp
21	115	L
21	116	Lp
21	117	Lp
21	118	Lp
21	119	-1
22	0	Lp
22	1	Lp
22	2	Lp
22	3	Lp
22	4	Lp
22	5	Lp
22	6	-1
22	7	L
22	8	L
22	9	Lp
22	10	L
22	11	L
22	12	L
22	13	-1
22	14	Lp
22	15	Lp
22	16	Lp
22	17	Lp
22	18	Lp
22	19	Lp
22	20	Lp
22	21	Lp
22	22	Lp
22	23	Lp
22	24	Lp
22	25	L
22	26	L
22	27	Lp
22	28	L
22	29	Lp
22	30	Lp
22	31	Lp
22	32	-1
22	33	Lp
22	34	Lp
22	35	Lp
22	36	Lp
22	37	Lp
22	38	-1
22	39	Lp
22	40	-1
22	41	Lp
22	42	-1
22	43	Lp
22	44	Lp
22	45	Lp
22	46	U
22	47	U
22	48	L
22	49	L
22	50	-1
22	51	L
22	52	L
22	53	-1
22	54	L
22	55	L
22	56	-1
22	57	L
22	58	-1
22	59	L
22	60	L
22	61	L
22	62	L
22	63	U
22	64	L
22	65	Lp
22	66	L
22	67	-1
22	68	Lp
22	69	Lp
22	70	Lp
22	71	Lp
22	72	-1
22	73	Lp
22	74	L
22	75	L
22	76	-1
22	77	-1
22	78	L
22	79	L
22	80	Lp
22	81	-1
22	82	Lp
22	83	Lp
22	84	Lp
22	85	Lp
22	86	Lp
22	87	Lp
22	88	Lp
22	89	Lp
22	90	-1
22	91	L
22	92	L
22	93	Lp
22	94	L
22	95	-1
22	96	L
22	97	Lp
22	98	L
22	99	L
22	100	-1
22	101	Lp
22	102	L
22	103	Lp
22	104	-1
22	105	L
22	106	Lp
22	107	Lp
22	108	-1
22	109	Lp
22	110	Lp
22	111	Lp
22	112	Lp
22	113	Lp
22	114	L
22	115	Lp
22	116	Lp
22	117	Lp
22	118	L
22	119	-1
23	0	L
23	1	L
23	2	Lp
23	3	Lp
23	4	-1
23	5	Lp
23	6	L
23	7	L
23	8	Lp
23	9	L
23	10	L
23	11	L
23	12	L
23	13	Lp
23	14	Lp
23	15	Lp
23	16	Lp
23	17	Lp
23	18	Lp
23	19	Lp
23	20	Lp
23	21	Lp
23	22	Lp
23	23	Lp
23	24	Lp
23	25	L
23	26	L
23	27	Lp
23	28	Lp
23	29	Lp
23	30	-1
23	31	Lp
23	32	Lp
23	33	Lp
23	34	Lp
23	35	Lp
23	36	Lp
23	37	Lp
23	38	Lp
23	39	-1
23	40	-1
23	41	-1
23	42	L
23	43	-1
23	44	Lp
23	45	Lp
23	46	Lp
23	47	Lp
23	48	Lp
23	49	L
23	50	L
23	51	L
23	52	-1
23	53	L
23	54	L
23	55	L
23	56	L
23	57	-1
23	58	L
23	59	L
23	60	L
23	61	L
23	62	-1
23	63	U
23	64	-1
23	65	-1
23	66	Lp
23	67	L
23	68	Lp
23	69	Lp
23	70	Lp
23	71	U
23	72	Lp
23	73	Lp
23	74	-1
23	75	L
23	76	Lp
23	77	L
23	78	L
23	79	L
23	80	Lp
23	81	Lp
23	82	Lp
23	83	-1
23	84	Lp
23	85	-1
23	86	Lp
23	87	Lp
23	88	Lp
23	89	Lp
23	90	Lp
23	91	Lp
23	92	Lp
23	93	Lp
23	94	Lp
23	95	L
23	96	Lp
23	97	Lp
23	98	-1
23	99	Lp
23	100	Lp
23	101	L
23	102	L
23	103	-1
23	104	L
23	105	-1
23	106	L
23	107	L
23	108	Lp
23	109	L
23	110	-1
23	111	-1
23	112	L
23	113	L
23	114	L
23	115	Lp
23	116	-1
23	117	Lp
23	118	Lp
23	119	L
24	0	L
24	1	L
24	2	L
24	3	L
24	4	Lp
24	5	L
24	6	L
24	7	L
24	8	Lp
24	9	L
24	10	L
24	11	L
24	12	L
24	13	L
24	14	Lp
24	15	Lp
24	16	Lp
24	17	Lp
24	18	Lp
24	19	Lp
24	20	-1
24	21	Lp
24	22	Lp
24	23	Lp
24	24	-1
24	25	Lp
24	26	L
24	27	Lp
24	28	Lp
24	29	Lp
24	30	Lp
24	31	Lp
24	32	Lp
24	33	Lp
24	34	Lp
24	35	Lp
24	36	L
24	37	-1
24	38	-1
24	39	L
24	40	Lp
24	41	Lp
24	42	Lp
24	43	Lp
24	44	Lp
24	45	Lp
24	46	Lp
24	47	-1
24	48	-1
24	49	L
24	50	L
24	51	L
24	52	L
24	53	-1
24	54	L
24	55	L
24	56	L
24	57	L
24	58	L
24	59	L
24	60	L
24	61	-1
24	62	L
24	63	-1
24	64	L
24	65	Lp
24	66	Lp
24	67	-1
24	68	Lp
24	69	Lp
24	70	Lp
24	71	Lp
24	72	Lp
24	73	Lp
24	74	Lp
24	75	Lp
24	76	Lp
24	77	L
24	78	L
24	79	L
24	80	Lp
24	81	Lp
24	82	Lp
24	83	-1
24	84	Lp
24	85	Lp
24	86	Lp
24	87	Lp
24	88	Lp
24	89	Lp
24	90	Lp
24	91	Lp
24	92	Lp
24	93	Lp
24	94	Lp
24	95	-1
24	96	Lp
24	97	-1
24	98	Lp
24	99	Lp
24	100	L
24	101	-1
24	102	Lp
24	103	Lp
24	104	L
24	105	-1
24	106	-1
24	107	Lp
24	108	L
24	109	L
24	110	-1
24	111	Lp
24	112	L
24	113	L
24	114	Lp
24	115	-1
24	116	-1
24	117	Lp
24	118	Lp
24	119	Lp
25	0	L
25	1	L
25	2	L
25	3	L
25	4	L
25	5	L
25	6	-1
25	7	L
25	8	L
25	9	L
25	10	L
25	11	-1
25	12	-1
25	13	-1
25	14	Lp
25	15	Lp
25	16	Lp
25	17	Lp
25	18	Lp
25	19	Lp
25	20	Lp
25	21	-1
25	22	Lp
25	23	Lp
25	24	-1
25	25	Lp
25	26	Lp
25	27	L
25	28	-1
25	29	Lp
25	30	Lp
25	31	Lp
25	32	Lp
25	33	Lp
25	34	-1
25	35	Lp
25	36	L
25	37	-1
25	38	Lp
25	39	Lp
25	40	Lp
25	41	Lp
25	42	Lp
25	43	Lp
25	44	Lp
25	45	-1
25	46	Lp
25	47	Lp
25	48	Lp
25	49	Lp
25	50	Lp
25	51	L
25	52	L
25	53	L
25	54	L
25	55	-1
25	56	-1
25	57	L
25	58	L
25	59	L
25	60	L
25	61	-1
25	62	L
25	63	Lp
25	64	L
25	65	U
25	66	-1
25	67	Lp
25	68	Lp
25	69	Lp
25	70	Lp
25	71	Lp
25	72	-1
25	73	Lp
25	74	U
25	75	L
25	76	Lp
25	77	Lp
25	78	Lp
25	79	Lp
25	80	Lp
25	81	Lp
25	82	Lp
25	83	Lp
25	84	-1
25	85	Lp
25	86	Lp
25	87	Lp
25	88	-1
25	89	Lp
25	90	Lp
25	91	-1
25	92	Lp
25	93	Lp
25	94	Lp
25	95	Lp
25	96	Lp
25	97	-1
25	98	-1
25	99	Lp
25	100	-1
25	101	Lp
25	102	Lp
25	103	L
25	104	L
25	105	L
25	106	L
25	107	-1
25	108	Lp
25	109	Lp
25	110	L
25	111	Lp
25	112	L
25	113	-1
25	114	-1
25	115	Lp
25	116	Lp
25	117	L
25	118	Lp
25	119	Lp
26	0	Lp
26	1	Lp
26	2	L
26	3	L
26	4	L
26	5	L
26	6	Lp
26	7	-1
26	8	L
26	9	L
26	10	L
26	11	L
26	12	Lp
26	13	Lp
26	14	Lp
26	15	Lp
26	16	Lp
26	17	Lp
26	18	L
26	19	Lp
26	20	-1
26	21	Lp
26	22	Lp
26	23	Lp
26	24	Lp
26	25	Lp
26	26	Lp
26	27	-1
26	28	Lp
26	29	-1
26	30	-1
26	31	Lp
26	32	Lp
26	33	Lp
26	34	Lp
26	35	Lp
26	36	Lp
26	37	U
26	38	U
26	39	Lp
26	40	-1
26	41	Lp
26	42	Lp
26	43	-1
26	44	Lp
26	45	-1
26	46	Lp
26	47	Lp
26	48	-1
26	49	Lp
26	50	L
26	51	L
26	52	L
26	53	L
26	54	L
26	55	-1
26	56	L
26	57	L
26	58	-1
26	59	-1
26	60	L
26	61	-1
26	62	Lp
26	63	L
26	64	L
26	65	-1
26	66	-1
26	67	L
26	68	Lp
26	69	Lp
26	70	Lp
26	71	U
26	72	Lp
26	73	-1
26	74	Lp
26	75	U
26	76	Lp
26	77	-1
26	78	Lp
26	79	U
26	80	Lp
26	81	Lp
26	82	Lp
26	83	Lp
26	84	Lp
26	85	Lp
26	86	Lp
26	87	Lp
26	88	Lp
26	89	Lp
26	90	-1
26	91	-1
26	92	Lp
26	93	Lp
26	94	Lp
26	95	Lp
26	96	Lp
26	97	-1
26	98	Lp
26	99	Lp
26	100	Lp
26	101	Lp
26	102	Lp
26	103	Lp
26	104	L
26	105	L
26	106	L
26	107	L
26	108	-1
26	109	Lp
26	110	-1
26	111	L
26	112	L
26	113	L
26	114	L
26	115	Lp
26	116	Lp
26	117	L
26	118	Lp
26	119	L
27	0	Lp
27	1	-1
27	2	L
27	3	L
27	4	-1
27	5	L
27	6	-1
27	7	Lp
27	8	L
27	9	-1
27	10	L
27	11	L
27	12	Lp
27	13	Lp
27	14	-1
27	15	-1
27	16	-1
27	17	-1
27	18	-1
27	19	-1
27	20	Lp
27	21	Lp
27	22	Lp
27	23	-1
27	24	Lp
27	25	Lp
27	26	L
27	27	Lp
27	28	Lp
27	29	Lp
27	30	Lp
27	31	Lp
27	32	-1
27	33	Lp
27	34	Lp
27	35	Lp
27	36	-1
27	37	Lp
27	38	U
27	39	U
27	40	Lp
27	41	Lp
27	42	-1
27	43	Lp
27	44	Lp
27	45	-1
27	46	Lp
27	47	Lp
27	48	Lp
27	49	Lp
27	50	L
27	51	-1
27	52	-1
27	53	L
27	54	L
27	55	L
27	56	L
27	57	L
27	58	L
27	59	L
27	60	Lp
27	61	Lp
27	62	Lp
27	63	Lp
27	64	L
27	65	L
27	66	U
27	67	Lp
27	68	L
27	69	Lp
27	70	U
27	71	L
27	72	U
27	73	L
27	74	-1
27	75	-1
27	76	Lp
27	77	U
27	78	-1
27	79	U
27	80	Lp
27	81	Lp
27	82	Lp
27	83	Lp
27	84	Lp
27	85	U
27	86	-1
27	87	-1
27	88	Lp
27	89	L
27	90	U
27	91	L
27	92	L
27	93	L
27	94	Lp
27	95	Lp
27	96	Lp
27	97	Lp
27	98	-1
27	99	Lp
27	100	U
27	101	Lp
27	102	-1
27	103	-1
27	104	L
27	105	L
27	106	L
27	107	-1
27	108	Lp
27	109	L
27	110	-1
27	111	L
27	112	-1
27	113	L
27	114	L
27	115	-1
27	116	-1
27	117	L
27	118	L
27	119	Lp
28	0	Lp
28	1	Lp
28	2	Lp
28	3	-1
28	4	Lp
28	5	Lp
28	6	L
28	7	Lp
28	8	Lp
28	9	Lp
28	10	Lp
28	11	Lp
28	12	L
28	13	Lp
28	14	Lp
28	15	Lp
28	16	Lp
28	17	Lp
28	18	U
28	19	Lp
28	20	-1
28	21	Lp
28	22	-1
28	23	-1
28	24	Lp
28	25	L
28	26	Lp
28	27	Lp
28	28	Lp
28	29	Lp
28	30	L
28	31	Lp
28	32	Lp
28	33	-1
28	34	Lp
28	35	Lp
28	36	Lp
28	37	Lp
28	38	Lp
28	39	Lp
28	40	Lp
28	41	Lp
28	42	Lp
28	43	Lp
28	44	Lp
28	45	-1
28	46	Lp
28	47	Lp
28	48	-1
28	49	L
28	50	-1
28	51	-1
28	52	L
28	53	-1
28	54	L
28	55	L
28	56	L
28	57	L
28	58	L
28	59	Lp
28	60	Lp
28	61	Lp
28	62	Lp
28	63	L
28	64	-1
28	65	L
28	66	Lp
28	67	L
28	68	-1
28	69	L
28	70	L
28	71	U
28	72	L
28	73	L
28	74	Lp
28	75	Lp
28	76	Lp
28	77	Lp
28	78	U
28	79	L
28	80	U
28	81	Lp
28	82	Lp
28	83	-1
28	84	Lp
28	85	Lp
28	86	-1
28	87	Lp
28	88	Lp
28	89	Lp
28	90	L
28	91	U
28	92	L
28	93	Lp
28	94	Lp
28	95	Lp
28	96	Lp
28	97	Lp
28	98	Lp
28	99	Lp
28	100	Lp
28	101	Lp
28	102	Lp
28	103	Lp
28	104	-1
28	105	L
28	106	Lp
28	107	-1
28	108	-1
28	109	L
28	110	-1
28	111	Lp
28	112	L
28	113	-1
28	114	U
28	115	L
28	116	U
28	117	L
28	118	-1
28	119	Lp
29	0	Lp
29	1	L
29	2	L
29	3	Lp
29	4	-1
29	5	Lp
29	6	-1
29	7	Lp
29	8	-1
29	9	-1
29	10	Lp
29	11	L
29	12	Lp
29	13	Lp
29	14	-1
29	15	L
29	16	Lp
29	17	Lp
29	18	Lp
29	19	Lp
29	20	Lp
29	21	Lp
29	22	-1
29	23	Lp
29	24	L
29	25	Lp
29	26	Lp
29	27	-1
29	28	Lp
29	29	Lp
29	30	Lp
29	31	Lp
29	32	Lp
29	33	Lp
29	34	Lp
29	35	Lp
29	36	Lp
29	37	-1
29	38	Lp
29	39	Lp
29	40	-1
29	41	Lp
29	42	Lp
29	43	Lp
29	44	Lp
29	45	Lp
29	46	-1
29	47	Lp
29	48	Lp
29	49	L
29	50	-1
29	51	Lp
29	52	Lp
29	53	L
29	54	L
29	55	L
29	56	-1
29	57	L
29	58	L
29	59	Lp
29	60	Lp
29	61	-1
29	62	-1
29	63	Lp
29	64	L
29	65	L
29	66	L
29	67	Lp
29	68	L
29	69	-1
29	70	-1
29	71	Lp
29	72	L
29	73	-1
29	74	L
29	75	L
29	76	Lp
29	77	Lp
29	78	L
29	79	Lp
29	80	Lp
29	81	-1
29	82	Lp
29	83	Lp
29	84	Lp
29	85	-1
29	86	Lp
29	87	Lp
29	88	Lp
29	89	L
29	90	Lp
29	91	U
29	92	Lp
29	93	Lp
29	94	Lp
29	95	Lp
29	96	Lp
29	97	Lp
29	98	Lp
29	99	Lp
29	100	Lp
29	101	Lp
29	102	Lp
29	103	L
29	104	L
29	105	Lp
29	106	Lp
29	107	Lp
29	108	Lp
29	109	Lp
29	110	Lp
29	111	Lp
29	112	-1
29	113	Lp
29	114	-1
29	115	Lp
29	116	Lp
29	117	Lp
29	118	Lp
29	119	Lp
30	0	Lp
30	1	-1
30	2	Lp
30	3	L
30	4	Lp
30	5	Lp
30	6	-1
30	7	Lp
30	8	-1
30	9	Lp
30	10	Lp
30	11	L
30	12	Lp
30	13	L
30	14	L
30	15	Lp
30	16	U
30	17	Lp
30	18	Lp
30	19	-1
30	20	L
30	21	-1
30	22	Lp
30	23	L
30	24	-1
30	25	L
30	26	Lp
30	27	Lp
30	28	Lp
30	29	Lp
30	30	-1
30	31	Lp
30	32	Lp
30	33	-1
30	34	Lp
30	35	-1
30	36	Lp
30	37	Lp
30	38	Lp
30	39	Lp
30	40	Lp
30	41	Lp
30	42	Lp
30	43	Lp
30	44	Lp
30	45	Lp
30	46	-1
30	47	Lp
30	48	Lp
30	49	-1
30	50	-1
30	51	Lp
30	52	Lp
30	53	L
30	54	L
30	55	L
30	56	Lp
30	57	L
30	58	Lp
30	59	Lp
30	60	Lp
30	61	Lp
30	62	Lp
30	63	Lp
30	64	Lp
30	65	L
30	66	Lp
30	67	Lp
30	68	Lp
30	69	Lp
30	70	Lp
30	71	-1
30	72	Lp
30	73	Lp
30	74	L
30	75	L
30	76	Lp
30	77	Lp
30	78	Lp
30	79	Lp
30	80	-1
30	81	Lp
30	82	Lp
30	83	-1
30	84	Lp
30	85	Lp
30	86	L
30	87	Lp
30	88	L
30	89	L
30	90	Lp
30	91	Lp
30	92	-1
30	93	Lp
30	94	Lp
30	95	Lp
30	96	Lp
30	97	Lp
30	98	Lp
30	99	Lp
30	100	Lp
30	101	Lp
30	102	Lp
30	103	L
30	104	L
30	105	L
30	106	-1
30	107	Lp
30	108	Lp
30	109	Lp
30	110	Lp
30	111	Lp
30	112	Lp
30	113	Lp
30	114	-1
30	115	-1
30	116	Lp
30	117	Lp
30	118	Lp
30	119	Lp
31	0	Lp
31	1	-1
31	2	-1
31	3	-1
31	4	-1
31	5	Lp
31	6	Lp
31	7	L
31	8	Lp
31	9	Lp
31	10	L
31	11	-1
31	12	Lp
31	13	L
31	14	Lp
31	15	-1
31	16	L
31	17	U
31	18	U
31	19	Lp
31	20	Lp
31	21	-1
31	22	L
31	23	L
31	24	Lp
31	25	L
31	26	L
31	27	Lp
31	28	Lp
31	29	Lp
31	30	Lp
31	31	-1
31	32	Lp
31	33	-1
31	34	Lp
31	35	Lp
31	36	Lp
31	37	Lp
31	38	Lp
31	39	-1
31	40	-1
31	41	Lp
31	42	Lp
31	43	Lp
31	44	Lp
31	45	Lp
31	46	Lp
31	47	Lp
31	48	Lp
31	49	-1
31	50	Lp
31	51	Lp
31	52	Lp
31	53	Lp
31	54	L
31	55	L
31	56	L
31	57	Lp
31	58	L
31	59	Lp
31	60	-1
31	61	Lp
31	62	Lp
31	63	Lp
31	64	Lp
31	65	L
31	66	-1
31	67	Lp
31	68	-1
31	69	Lp
31	70	Lp
31	71	Lp
31	72	Lp
31	73	Lp
31	74	-1
31	75	L
31	76	U
31	77	L
31	78	U
31	79	Lp
31	80	-1
31	81	Lp
31	82	Lp
31	83	-1
31	84	-1
31	85	Lp
31	86	Lp
31	87	Lp
31	88	-1
31	89	-1
31	90	L
31	91	-1
31	92	Lp
31	93	Lp
31	94	Lp
31	95	Lp
31	96	Lp
31	97	Lp
31	98	Lp
31	99	Lp
31	100	Lp
31	101	Lp
31	102	L
31	103	L
31	104	L
31	105	Lp
31	106	Lp
31	107	-1
31	108	Lp
31	109	Lp
31	110	Lp
31	111	Lp
31	112	L
31	113	Lp
31	114	L
31	115	L
31	116	Lp
31	117	-1
31	118	Lp
31	119	Lp
32	0	Lp
32	1	L
32	2	L
32	3	Lp
32	4	Lp
32	5	Lp
32	6	L
32	7	Lp
32	8	-1
32	9	Lp
32	10	Lp
32	11	U
32	12	U
32	13	L
32	14	L
32	15	L
32	16	L
32	17	-1
32	18	-1
32	19	Lp
32	20	Lp
32	21	L
32	22	L
32	23	-1
32	24	L
32	25	-1
32	26	Lp
32	27	Lp
32	28	Lp
32	29	Lp
32	30	-1
32	31	-1
32	32	-1
32	33	Lp
32	34	Lp
32	35	Lp
32	36	Lp
32	37	Lp
32	38	Lp
32	39	Lp
32	40	Lp
32	41	Lp
32	42	Lp
32	43	Lp
32	44	Lp
32	45	Lp
32	46	Lp
32	47	Lp
32	48	Lp
32	49	Lp
32	50	Lp
32	51	L
32	52	Lp
32	53	L
32	54	L
32	55	-1
32	56	L
32	57	L
32	58	Lp
32	59	-1
32	60	Lp
32	61	-1
32	62	-1
32	63	-1
32	64	-1
32	65	Lp
32	66	Lp
32	67	-1
32	68	Lp
32	69	Lp
32	70	-1
32	71	Lp
32	72	Lp
32	73	Lp
32	74	Lp
32	75	-1
32	76	U
32	77	-1
32	78	-1
32	79	Lp
32	80	-1
32	81	Lp
32	82	Lp
32	83	-1
32	84	Lp
32	85	Lp
32	86	Lp
32	87	L
32	88	Lp
32	89	Lp
32	90	L
32	91	Lp
32	92	Lp
32	93	Lp
32	94	L
32	95	Lp
32	96	Lp
32	97	Lp
32	98	L
32	99	Lp
32	100	Lp
32	101	Lp
32	102	Lp
32	103	Lp
32	104	Lp
32	105	-1
32	106	Lp
32	107	-1
32	108	Lp
32	109	Lp
32	110	Lp
32	111	-1
32	112	-1
32	113	Lp
32	114	Lp
32	115	-1
32	116	Lp
32	117	Lp
32	118	Lp
32	119	Lp
33	0	-1
33	1	L
33	2	Lp
33	3	-1
33	4	Lp
33	5	Lp
33	6	Lp
33	7	L
33	8	L
33	9	L
33	10	Lp
33	11	U
33	12	U
33	13	-1
33	14	L
33	15	L
33	16	L
33	17	-1
33	18	Lp
33	19	Lp
33	20	L
33	21	L
33	22	L
33	23	Lp
33	24	L
33	25	Lp
33	26	L
33	27	Lp
33	28	Lp
33	29	Lp
33	30	Lp
33	31	-1
33	32	Lp
33	33	-1
33	34	-1
33	35	Lp
33	36	Lp
33	37	Lp
33	38	-1
33	39	Lp
33	40	Lp
33	41	Lp
33	42	-1
33	43	-1
33	44	Lp
33	45	-1
33	46	Lp
33	47	Lp
33	48	Lp
33	49	Lp
33	50	Lp
33	51	Lp
33	52	L
33	53	L
33	54	L
33	55	L
33	56	L
33	57	L
33	58	Lp
33	59	Lp
33	60	Lp
33	61	Lp
33	62	Lp
33	63	-1
33	64	Lp
33	65	Lp
33	66	Lp
33	67	L
33	68	Lp
33	69	Lp
33	70	Lp
33	71	-1
33	72	Lp
33	73	-1
33	74	Lp
33	75	-1
33	76	U
33	77	L
33	78	U
33	79	U
33	80	-1
33	81	Lp
33	82	Lp
33	83	Lp
33	84	Lp
33	85	-1
33	86	U
33	87	-1
33	88	Lp
33	89	Lp
33	90	Lp
33	91	Lp
33	92	Lp
33	93	Lp
33	94	Lp
33	95	Lp
33	96	-1
33	97	Lp
33	98	L
33	99	Lp
33	100	Lp
33	101	Lp
33	102	Lp
33	103	Lp
33	104	Lp
33	105	Lp
33	106	U
33	107	Lp
33	108	Lp
33	109	Lp
33	110	Lp
33	111	Lp
33	112	-1
33	113	Lp
33	114	Lp
33	115	Lp
33	116	-1
33	117	-1
33	118	Lp
33	119	Lp
34	0	-1
34	1	Lp
34	2	Lp
34	3	Lp
34	4	Lp
34	5	-1
34	6	Lp
34	7	Lp
34	8	L
34	9	-1
34	10	L
34	11	U
34	12	U
34	13	U
34	14	-1
34	15	-1
34	16	L
34	17	Lp
34	18	-1
34	19	Lp
34	20	L
34	21	-1
34	22	U
34	23	Lp
34	24	Lp
34	25	L
34	26	Lp
34	27	Lp
34	28	Lp
34	29	Lp
34	30	Lp
34	31	Lp
34	32	Lp
34	33	Lp
34	34	-1
34	35	Lp
34	36	Lp
34	37	Lp
34	38	Lp
34	39	L
34	40	Lp
34	41	Lp
34	42	Lp
34	43	-1
34	44	-1
34	45	Lp
34	46	Lp
34	47	Lp
34	48	Lp
34	49	-1
34	50	Lp
34	51	Lp
34	52	Lp
34	53	Lp
34	54	L
34	55	L
34	56	Lp
34	57	Lp
34	58	Lp
34	59	Lp
34	60	Lp
34	61	-1
34	62	-1
34	63	Lp
34	64	Lp
34	65	Lp
34	66	Lp
34	67	Lp
34	68	Lp
34	69	U
34	70	-1
34	71	Lp
34	72	-1
34	73	Lp
34	74	Lp
34	75	Lp
34	76	-1
34	77	U
34	78	U
34	79	Lp
34	80	-1
34	81	L
34	82	Lp
34	83	Lp
34	84	Lp
34	85	U
34	86	-1
34	87	-1
34	88	Lp
34	89	Lp
34	90	Lp
34	91	Lp
34	92	Lp
34	93	Lp
34	94	Lp
34	95	Lp
34	96	Lp
34	97	-1
34	98	Lp
34	99	Lp
34	100	Lp
34	101	L
34	102	Lp
34	103	Lp
34	104	Lp
34	105	Lp
34	106	-1
34	107	Lp
34	108	Lp
34	109	Lp
34	110	Lp
34	111	-1
34	112	Lp
34	113	-1
34	114	Lp
34	115	-1
34	116	Lp
34	117	Lp
34	118	Lp
34	119	Lp
35	0	-1
35	1	Lp
35	2	L
35	3	-1
35	4	Lp
35	5	Lp
35	6	Lp
35	7	L
35	8	-1
35	9	L
35	10	L
35	11	L
35	12	U
35	13	U
35	14	U
35	15	L
35	16	L
35	17	Lp
35	18	Lp
35	19	Lp
35	20	Lp
35	21	Lp
35	22	U
35	23	U
35	24	Lp
35	25	Lp
35	26	Lp
35	27	Lp
35	28	Lp
35	29	Lp
35	30	Lp
35	31	Lp
35	32	-1
35	33	-1
35	34	-1
35	35	Lp
35	36	Lp
35	37	-1
35	38	Lp
35	39	Lp
35	40	Lp
35	41	Lp
35	42	-1
35	43	Lp
35	44	Lp
35	45	Lp
35	46	Lp
35	47	Lp
35	48	L
35	49	Lp
35	50	Lp
35	51	Lp
35	52	Lp
35	53	Lp
35	54	L
35	55	L
35	56	-1
35	57	Lp
35	58	Lp
35	59	Lp
35	60	-1
35	61	Lp
35	62	Lp
35	63	Lp
35	64	Lp
35	65	Lp
35	66	-1
35	67	-1
35	68	-1
35	69	Lp
35	70	U
35	71	Lp
35	72	Lp
35	73	Lp
35	74	Lp
35	75	-1
35	76	Lp
35	77	Lp
35	78	Lp
35	79	Lp
35	80	-1
35	81	L
35	82	L
35	83	L
35	84	Lp
35	85	Lp
35	86	-1
35	87	Lp
35	88	Lp
35	89	Lp
35	90	Lp
35	91	Lp
35	92	Lp
35	93	-1
35	94	-1
35	95	-1
35	96	Lp
35	97	Lp
35	98	Lp
35	99	Lp
35	100	Lp
35	101	-1
35	102	Lp
35	103	Lp
35	104	Lp
35	105	Lp
35	106	-1
35	107	Lp
35	108	-1
35	109	Lp
35	110	Lp
35	111	Lp
35	112	Lp
35	113	Lp
35	114	Lp
35	115	Lp
35	116	Lp
35	117	-1
35	118	Lp
35	119	Lp
36	0	Lp
36	1	Lp
36	2	Lp
36	3	Lp
36	4	L
36	5	Lp
36	6	Lp
36	7	Lp
36	8	L
36	9	-1
36	10	L
36	11	U
36	12	L
36	13	-1
36	14	L
36	15	L
36	16	Lp
36	17	-1
36	18	Lp
36	19	Lp
36	20	Lp
36	21	U
36	22	U
36	23	Lp
36	24	U
36	25	Lp
36	26	Lp
36	27	Lp
36	28	Lp
36	29	Lp
36	30	Lp
36	31	Lp
36	32	Lp
36	33	Lp
36	34	-1
36	35	-1
36	36	-1
36	37	Lp
36	38	Lp
36	39	Lp
36	40	U
36	41	-1
36	42	Lp
36	43	Lp
36	44	Lp
36	45	Lp
36	46	Lp
36	47	-1
36	48	Lp
36	49	Lp
36	50	Lp
36	51	Lp
36	52	Lp
36	53	-1
36	54	L
36	55	Lp
36	56	-1
36	57	Lp
36	58	Lp
36	59	Lp
36	60	Lp
36	61	Lp
36	62	Lp
36	63	Lp
36	64	Lp
36	65	Lp
36	66	Lp
36	67	Lp
36	68	-1
36	69	Lp
36	70	Lp
36	71	Lp
36	72	Lp
36	73	Lp
36	74	Lp
36	75	Lp
36	76	Lp
36	77	-1
36	78	Lp
36	79	Lp
36	80	Lp
36	81	Lp
36	82	Lp
36	83	-1
36	84	Lp
36	85	Lp
36	86	Lp
36	87	Lp
36	88	Lp
36	89	-1
36	90	Lp
36	91	Lp
36	92	Lp
36	93	Lp
36	94	-1
36	95	-1
36	96	-1
36	97	Lp
36	98	Lp
36	99	Lp
36	100	-1
36	101	Lp
36	102	Lp
36	103	Lp
36	104	Lp
36	105	-1
36	106	Lp
36	107	Lp
36	108	Lp
36	109	Lp
36	110	Lp
36	111	-1
36	112	Lp
36	113	Lp
36	114	Lp
36	115	Lp
36	116	Lp
36	117	Lp
36	118	Lp
36	119	-1
37	0	Lp
37	1	-1
37	2	Lp
37	3	Lp
37	4	Lp
37	5	-1
37	6	Lp
37	7	-1
37	8	L
37	9	L
37	10	L
37	11	-1
37	12	U
37	13	Lp
37	14	L
37	15	Lp
37	16	Lp
37	17	Lp
37	18	Lp
37	19	Lp
37	20	Lp
37	21	Lp
37	22	U
37	23	U
37	24	Lp
37	25	Lp
37	26	Lp
37	27	L
37	28	Lp
37	29	-1
37	30	L
37	31	Lp
37	32	Lp
37	33	-1
37	34	Lp
37	35	-1
37	36	-1
37	37	Lp
37	38	-1
37	39	Lp
37	40	-1
37	41	-1
37	42	Lp
37	43	Lp
37	44	Lp
37	45	Lp
37	46	Lp
37	47	Lp
37	48	Lp
37	49	Lp
37	50	-1
37	51	Lp
37	52	-1
37	53	Lp
37	54	Lp
37	55	Lp
37	56	Lp
37	57	L
37	58	Lp
37	59	-1
37	60	Lp
37	61	Lp
37	62	Lp
37	63	-1
37	64	Lp
37	65	Lp
37	66	Lp
37	67	Lp
37	68	Lp
37	69	Lp
37	70	Lp
37	71	-1
37	72	Lp
37	73	-1
37	74	Lp
37	75	Lp
37	76	Lp
37	77	Lp
37	78	Lp
37	79	Lp
37	80	Lp
37	81	Lp
37	82	-1
37	83	-1
37	84	Lp
37	85	Lp
37	86	Lp
37	87	Lp
37	88	Lp
37	89	Lp
37	90	Lp
37	91	L
37	92	Lp
37	93	Lp
37	94	L
37	95	L
37	96	Lp
37	97	Lp
37	98	Lp
37	99	Lp
37	100	-1
37	101	Lp
37	102	Lp
37	103	Lp
37	104	Lp
37	105	Lp
37	106	Lp
37	107	Lp
37	108	Lp
37	109	Lp
37	110	Lp
37	111	Lp
37	112	Lp
37	113	Lp
37	114	Lp
37	115	Lp
37	116	-1
37	117	-1
37	118	Lp
37	119	-1
38	0	Lp
38	1	Lp
38	2	-1
38	3	Lp
38	4	-1
38	5	L
38	6	Lp
38	7	-1
38	8	L
38	9	L
38	10	L
38	11	L
38	12	L
38	13	Lp
38	14	Lp
38	15	L
38	16	Lp
38	17	Lp
38	18	Lp
38	19	U
38	20	Lp
38	21	Lp
38	22	U
38	23	U
38	24	U
38	25	U
38	26	Lp
38	27	Lp
38	28	L
38	29	Lp
38	30	L
38	31	L
38	32	L
38	33	Lp
38	34	Lp
38	35	Lp
38	36	Lp
38	37	Lp
38	38	-1
38	39	Lp
38	40	Lp
38	41	Lp
38	42	U
38	43	U
38	44	L
38	45	-1
38	46	-1
38	47	Lp
38	48	Lp
38	49	Lp
38	50	-1
38	51	-1
38	52	Lp
38	53	-1
38	54	-1
38	55	Lp
38	56	Lp
38	57	Lp
38	58	Lp
38	59	Lp
38	60	-1
38	61	Lp
38	62	Lp
38	63	Lp
38	64	Lp
38	65	-1
38	66	-1
38	67	Lp
38	68	Lp
38	69	Lp
38	70	Lp
38	71	Lp
38	72	L
38	73	Lp
38	74	Lp
38	75	Lp
38	76	Lp
38	77	Lp
38	78	-1
38	79	-1
38	80	Lp
38	81	Lp
38	82	Lp
38	83	Lp
38	84	Lp
38	85	Lp
38	86	Lp
38	87	Lp
38	88	Lp
38	89	Lp
38	90	L
38	91	-1
38	92	L
38	93	L
38	94	-1
38	95	-1
38	96	Lp
38	97	Lp
38	98	-1
38	99	Lp
38	100	Lp
38	101	Lp
38	102	-1
38	103	Lp
38	104	Lp
38	105	Lp
38	106	Lp
38	107	Lp
38	108	Lp
38	109	Lp
38	110	-1
38	111	Lp
38	112	-1
38	113	Lp
38	114	Lp
38	115	Lp
38	116	Lp
38	117	Lp
38	118	Lp
38	119	-1
39	0	Lp
39	1	Lp
39	2	Lp
39	3	Lp
39	4	L
39	5	L
39	6	L
39	7	L
39	8	-1
39	9	L
39	10	-1
39	11	-1
39	12	Lp
39	13	Lp
39	14	Lp
39	15	Lp
39	16	-1
39	17	Lp
39	18	Lp
39	19	Lp
39	20	Lp
39	21	U
39	22	-1
39	23	U
39	24	Lp
39	25	U
39	26	U
39	27	-1
39	28	Lp
39	29	Lp
39	30	Lp
39	31	Lp
39	32	Lp
39	33	Lp
39	34	-1
39	35	Lp
39	36	-1
39	37	Lp
39	38	Lp
39	39	Lp
39	40	-1
39	41	Lp
39	42	Lp
39	43	-1
39	44	Lp
39	45	-1
39	46	Lp
39	47	Lp
39	48	-1
39	49	Lp
39	50	Lp
39	51	Lp
39	52	Lp
39	53	-1
39	54	Lp
39	55	Lp
39	56	-1
39	57	Lp
39	58	Lp
39	59	Lp
39	60	Lp
39	61	Lp
39	62	Lp
39	63	-1
39	64	Lp
39	65	Lp
39	66	Lp
39	67	-1
39	68	-1
39	69	Lp
39	70	Lp
39	71	L
39	72	Lp
39	73	-1
39	74	-1
39	75	Lp
39	76	Lp
39	77	Lp
39	78	-1
39	79	Lp
39	80	-1
39	81	Lp
39	82	Lp
39	83	-1
39	84	-1
39	85	Lp
39	86	Lp
39	87	Lp
39	88	Lp
39	89	Lp
39	90	Lp
39	91	Lp
39	92	Lp
39	93	Lp
39	94	Lp
39	95	Lp
39	96	-1
39	97	-1
39	98	Lp
39	99	-1
39	100	Lp
39	101	Lp
39	102	-1
39	103	Lp
39	104	Lp
39	105	-1
39	106	-1
39	107	Lp
39	108	Lp
39	109	Lp
39	110	-1
39	111	-1
39	112	L
39	113	Lp
39	114	Lp
39	115	L
39	116	-1
39	117	Lp
39	118	Lp
39	119	Lp
40	0	Lp
40	1	Lp
40	2	Lp
40	3	Lp
40	4	-1
40	5	L
40	6	L
40	7	Lp
40	8	-1
40	9	-1
40	10	L
40	11	Lp
40	12	L
40	13	-1
40	14	L
40	15	L
40	16	Lp
40	17	Lp
40	18	Lp
40	19	Lp
40	20	Lp
40	21	Lp
40	22	L
40	23	U
40	24	U
40	25	U
40	26	U
40	27	U
40	28	Lp
40	29	Lp
40	30	Lp
40	31	L
40	32	Lp
40	33	Lp
40	34	Lp
40	35	Lp
40	36	Lp
40	37	U
40	38	-1
40	39	Lp
40	40	Lp
40	41	Lp
40	42	Lp
40	43	Lp
40	44	Lp
40	45	Lp
40	46	Lp
40	47	L
40	48	-1
40	49	Lp
40	50	Lp
40	51	Lp
40	52	U
40	53	U
40	54	-1
40	55	Lp
40	56	Lp
40	57	Lp
40	58	Lp
40	59	Lp
40	60	Lp
40	61	-1
40	62	-1
40	63	Lp
40	64	Lp
40	65	Lp
40	66	Lp
40	67	Lp
40	68	-1
40	69	Lp
40	70	-1
40	71	Lp
40	72	-1
40	73	L
40	74	Lp
40	75	Lp
40	76	Lp
40	77	Lp
40	78	Lp
40	79	-1
40	80	Lp
40	81	Lp
40	82	U
40	83	Lp
40	84	Lp
40	85	Lp
40	86	-1
40	87	Lp
40	88	Lp
40	89	Lp
40	90	Lp
40	91	Lp
40	92	Lp
40	93	-1
40	94	-1
40	95	-1
40	96	Lp
40	97	Lp
40	98	Lp
40	99	-1
40	100	-1
40	101	-1
40	102	Lp
40	103	Lp
40	104	Lp
40	105	-1
40	106	-1
40	107	Lp
40	108	Lp
40	109	Lp
40	110	-1
40	111	-1
40	112	L
40	113	Lp
40	114	L
40	115	L
40	116	Lp
40	117	-1
40	118	Lp
40	119	Lp
41	0	Lp
41	1	Lp
41	2	Lp
41	3	Lp
41	4	Lp
41	5	U
41	6	Lp
41	7	Lp
41	8	L
41	9	L
41	10	L
41	11	L
41	12	L
41	13	U
41	14	-1
41	15	Lp
41	16	Lp
41	17	L
41	18	-1
41	19	Lp
41	20	Lp
41	21	L
41	22	L
41	23	L
41	24	-1
41	25	Lp
41	26	Lp
41	27	-1
41	28	U
41	29	Lp
41	30	L
41	31	-1
41	32	Lp
41	33	Lp
41	34	-1
41	35	L
41	36	U
41	37	Lp
41	38	Lp
41	39	Lp
41	40	Lp
41	41	Lp
41	42	-1
41	43	L
41	44	Lp
41	45	Lp
41	46	Lp
41	47	L
41	48	-1
41	49	Lp
41	50	Lp
41	51	Lp
41	52	U
41	53	Lp
41	54	Lp
41	55	Lp
41	56	Lp
41	57	Lp
41	58	Lp
41	59	Lp
41	60	Lp
41	61	Lp
41	62	Lp
41	63	Lp
41	64	-1
41	65	-1
41	66	Lp
41	67	Lp
41	68	Lp
41	69	L
41	70	L
41	71	Lp
41	72	Lp
41	73	-1
41	74	Lp
41	75	Lp
41	76	Lp
41	77	Lp
41	78	Lp
41	79	-1
41	80	Lp
41	81	Lp
41	82	-1
41	83	-1
41	84	-1
41	85	L
41	86	L
41	87	-1
41	88	-1
41	89	Lp
41	90	Lp
41	91	Lp
41	92	-1
41	93	Lp
41	94	Lp
41	95	Lp
41	96	Lp
41	97	Lp
41	98	Lp
41	99	-1
41	100	Lp
41	101	Lp
41	102	Lp
41	103	Lp
41	104	Lp
41	105	-1
41	106	Lp
41	107	Lp
41	108	Lp
41	109	Lp
41	110	Lp
41	111	Lp
41	112	L
41	113	-1
41	114	Lp
41	115	L
41	116	Lp
41	117	Lp
41	118	Lp
41	119	Lp
42	0	Lp
42	1	Lp
42	2	Lp
42	3	Lp
42	4	Lp
42	5	-1
42	6	Lp
42	7	L
42	8	L
42	9	L
42	10	Lp
42	11	Lp
42	12	U
42	13	U
42	14	-1
42	15	-1
42	16	Lp
42	17	U
42	18	Lp
42	19	-1
42	20	-1
42	21	L
42	22	-1
42	23	Lp
42	24	-1
42	25	Lp
42	26	-1
42	27	Lp
42	28	-1
42	29	-1
42	30	-1
42	31	L
42	32	Lp
42	33	Lp
42	34	Lp
42	35	-1
42	36	L
42	37	Lp
42	38	Lp
42	39	-1
42	40	-1
42	41	-1
42	42	Lp
42	43	Lp
42	44	-1
42	45	L
42	46	Lp
42	47	L
42	48	-1
42	49	Lp
42	50	Lp
42	51	-1
42	52	Lp
42	53	U
42	54	Lp
42	55	-1
42	56	Lp
42	57	Lp
42	58	-1
42	59	Lp
42	60	Lp
42	61	Lp
42	62	Lp
42	63	-1
42	64	-1
42	65	Lp
42	66	-1
42	67	Lp
42	68	Lp
42	69	L
42	70	L
42	71	L
42	72	Lp
42	73	Lp
42	74	-1
42	75	Lp
42	76	Lp
42	77	Lp
42	78	Lp
42	79	Lp
42	80	Lp
42	81	-1
42	82	-1
42	83	Lp
42	84	L
42	85	Lp
42	86	Lp
42	87	Lp
42	88	Lp
42	89	Lp
42	90	L
42	91	Lp
42	92	L
42	93	L
42	94	Lp
42	95	Lp
42	96	Lp
42	97	Lp
42	98	Lp
42	99	Lp
42	100	Lp
42	101	-1
42	102	Lp
42	103	-1
42	104	-1
42	105	-1
42	106	Lp
42	107	Lp
42	108	-1
42	109	Lp
42	110	Lp
42	111	Lp
42	112	Lp
42	113	Lp
42	114	Lp
42	115	L
42	116	Lp
42	117	Lp
42	118	Lp
42	119	Lp
43	0	Lp
43	1	Lp
43	2	Lp
43	3	Lp
43	4	Lp
43	5	Lp
43	6	-1
43	7	L
43	8	L
43	9	L
43	10	Lp
43	11	Lp
43	12	-1
43	13	U
43	14	L
43	15	Lp
43	16	U
43	17	U
43	18	U
43	19	-1
43	20	-1
43	21	Lp
43	22	L
43	23	L
43	24	Lp
43	25	Lp
43	26	Lp
43	27	Lp
43	28	-1
43	29	Lp
43	30	Lp
43	31	Lp
43	32	L
43	33	-1
43	34	Lp
43	35	U
43	36	Lp
43	37	Lp
43	38	L
43	39	L
43	40	Lp
43	41	Lp
43	42	Lp
43	43	-1
43	44	Lp
43	45	-1
43	46	L
43	47	-1
43	48	Lp
43	49	L
43	50	Lp
43	51	Lp
43	52	U
43	53	Lp
43	54	Lp
43	55	U
43	56	Lp
43	57	Lp
43	58	Lp
43	59	Lp
43	60	Lp
43	61	L
43	62	Lp
43	63	Lp
43	64	-1
43	65	-1
43	66	Lp
43	67	L
43	68	L
43	69	L
43	70	L
43	71	L
43	72	Lp
43	73	Lp
43	74	Lp
43	75	Lp
43	76	Lp
43	77	Lp
43	78	Lp
43	79	-1
43	80	Lp
43	81	Lp
43	82	Lp
43	83	Lp
43	84	-1
43	85	Lp
43	86	L
43	87	-1
43	88	Lp
43	89	L
43	90	Lp
43	91	L
43	92	Lp
43	93	L
43	94	Lp
43	95	Lp
43	96	-1
43	97	Lp
43	98	Lp
43	99	Lp
43	100	Lp
43	101	Lp
43	102	Lp
43	103	-1
43	104	Lp
43	105	Lp
43	106	Lp
43	107	Lp
43	108	Lp
43	109	L
43	110	Lp
43	111	Lp
43	112	-1
43	113	Lp
43	114	Lp
43	115	-1
43	116	L
43	117	Lp
43	118	Lp
43	119	Lp
44	0	-1
44	1	Lp
44	2	Lp
44	3	Lp
44	4	Lp
44	5	Lp
44	6	L
44	7	L
44	8	L
44	9	L
44	10	L
44	11	L
44	12	U
44	13	-1
44	14	-1
44	15	Lp
44	16	-1
44	17	Lp
44	18	U
44	19	U
44	20	L
44	21	Lp
44	22	Lp
44	23	Lp
44	24	Lp
44	25	Lp
44	26	Lp
44	27	Lp
44	28	Lp
44	29	L
44	30	L
44	31	Lp
44	32	-1
44	33	-1
44	34	-1
44	35	-1
44	36	Lp
44	37	Lp
44	38	Lp
44	39	L
44	40	Lp
44	41	-1
44	42	L
44	43	-1
44	44	Lp
44	45	L
44	46	L
44	47	L
44	48	L
44	49	-1
44	50	-1
44	51	Lp
44	52	Lp
44	53	Lp
44	54	Lp
44	55	Lp
44	56	Lp
44	57	Lp
44	58	Lp
44	59	Lp
44	60	Lp
44	61	Lp
44	62	L
44	63	L
44	64	-1
44	65	-1
44	66	-1
44	67	Lp
44	68	L
44	69	L
44	70	L
44	71	L
44	72	Lp
44	73	Lp
44	74	Lp
44	75	Lp
44	76	Lp
44	77	-1
44	78	Lp
44	79	Lp
44	80	Lp
44	81	Lp
44	82	Lp
44	83	-1
44	84	Lp
44	85	Lp
44	86	Lp
44	87	L
44	88	-1
44	89	L
44	90	L
44	91	-1
44	92	L
44	93	L
44	94	L
44	95	-1
44	96	L
44	97	Lp
44	98	-1
44	99	-1
44	100	Lp
44	101	-1
44	102	-1
44	103	Lp
44	104	Lp
44	105	Lp
44	106	Lp
44	107	-1
44	108	L
44	109	L
44	110	L
44	111	L
44	112	Lp
44	113	L
44	114	L
44	115	L
44	116	Lp
44	117	Lp
44	118	Lp
44	119	Lp
45	0	Lp
45	1	Lp
45	2	Lp
45	3	Lp
45	4	Lp
45	5	L
45	6	L
45	7	L
45	8	Lp
45	9	L
45	10	L
45	11	-1
45	12	L
45	13	U
45	14	L
45	15	L
45	16	L
45	17	Lp
45	18	L
45	19	Lp
45	20	Lp
45	21	Lp
45	22	Lp
45	23	Lp
45	24	Lp
45	25	Lp
45	26	Lp
45	27	-1
45	28	Lp
45	29	L
45	30	Lp
45	31	-1
45	32	-1
45	33	-1
45	34	L
45	35	U
45	36	Lp
45	37	Lp
45	38	Lp
45	39	-1
45	40	Lp
45	41	Lp
45	42	Lp
45	43	L
45	44	Lp
45	45	Lp
45	46	L
45	47	L
45	48	L
45	49	L
45	50	L
45	51	-1
45	52	Lp
45	53	Lp
45	54	Lp
45	55	Lp
45	56	Lp
45	57	Lp
45	58	-1
45	59	Lp
45	60	-1
45	61	Lp
45	62	L
45	63	L
45	64	Lp
45	65	Lp
45	66	Lp
45	67	-1
45	68	Lp
45	69	Lp
45	70	L
45	71	L
45	72	-1
45	73	L
45	74	Lp
45	75	L
45	76	Lp
45	77	L
45	78	Lp
45	79	L
45	80	-1
45	81	Lp
45	82	Lp
45	83	L
45	84	-1
45	85	Lp
45	86	-1
45	87	L
45	88	L
45	89	L
45	90	L
45	91	L
45	92	Lp
45	93	-1
45	94	-1
45	95	-1
45	96	-1
45	97	L
45	98	L
45	99	Lp
45	100	Lp
45	101	Lp
45	102	-1
45	103	-1
45	104	-1
45	105	Lp
45	106	-1
45	107	Lp
45	108	Lp
45	109	-1
45	110	-1
45	111	L
45	112	Lp
45	113	Lp
45	114	Lp
45	115	-1
45	116	Lp
45	117	Lp
45	118	Lp
45	119	Lp
46	0	-1
46	1	-1
46	2	-1
46	3	-1
46	4	-1
46	5	-1
46	6	L
46	7	Lp
46	8	Lp
46	9	-1
46	10	L
46	11	-1
46	12	U
46	13	-1
46	14	Lp
46	15	Lp
46	16	-1
46	17	-1
46	18	Lp
46	19	Lp
46	20	L
46	21	L
46	22	Lp
46	23	Lp
46	24	Lp
46	25	Lp
46	26	Lp
46	27	Lp
46	28	Lp
46	29	Lp
46	30	-1
46	31	Lp
46	32	L
46	33	-1
46	34	L
46	35	L
46	36	L
46	37	L
46	38	-1
46	39	Lp
46	40	Lp
46	41	Lp
46	42	L
46	43	L
46	44	-1
46	45	Lp
46	46	Lp
46	47	L
46	48	-1
46	49	Lp
46	50	Lp
46	51	Lp
46	52	-1
46	53	Lp
46	54	Lp
46	55	-1
46	56	L
46	57	Lp
46	58	Lp
46	59	Lp
46	60	Lp
46	61	-1
46	62	Lp
46	63	Lp
46	64	-1
46	65	-1
46	66	-1
46	67	Lp
46	68	Lp
46	69	Lp
46	70	-1
46	71	Lp
46	72	Lp
46	73	Lp
46	74	Lp
46	75	Lp
46	76	L
46	77	Lp
46	78	-1
46	79	-1
46	80	L
46	81	-1
46	82	-1
46	83	-1
46	84	Lp
46	85	Lp
46	86	-1
46	87	Lp
46	88	-1
46	89	L
46	90	L
46	91	L
46	92	L
46	93	-1
46	94	L
46	95	-1
46	96	L
46	97	L
46	98	-1
46	99	L
46	100	L
46	101	Lp
46	102	Lp
46	103	Lp
46	104	L
46	105	-1
46	106	L
46	107	Lp
46	108	L
46	109	L
46	110	Lp
46	111	Lp
46	112	Lp
46	113	Lp
46	114	Lp
46	115	L
46	116	-1
46	117	-1
46	118	Lp
46	119	-1
47	0	Lp
47	1	Lp
47	2	-1
47	3	Lp
47	4	Lp
47	5	Lp
47	6	Lp
47	7	-1
47	8	-1
47	9	-1
47	10	U
47	11	L
47	12	Lp
47	13	L
47	14	Lp
47	15	Lp
47	16	Lp
47	17	L
47	18	Lp
47	19	Lp
47	20	L
47	21	Lp
47	22	Lp
47	23	Lp
47	24	Lp
47	25	Lp
47	26	Lp
47	27	Lp
47	28	Lp
47	29	Lp
47	30	Lp
47	31	Lp
47	32	Lp
47	33	Lp
47	34	Lp
47	35	Lp
47	36	Lp
47	37	-1
47	38	U
47	39	Lp
47	40	Lp
47	41	-1
47	42	Lp
47	43	L
47	44	Lp
47	45	L
47	46	-1
47	47	L
47	48	Lp
47	49	Lp
47	50	Lp
47	51	Lp
47	52	U
47	53	Lp
47	54	-1
47	55	-1
47	56	-1
47	57	L
47	58	Lp
47	59	Lp
47	60	Lp
47	61	Lp
47	62	Lp
47	63	-1
47	64	Lp
47	65	Lp
47	66	Lp
47	67	Lp
47	68	Lp
47	69	Lp
47	70	L
47	71	Lp
47	72	Lp
47	73	Lp
47	74	L
47	75	Lp
47	76	Lp
47	77	L
47	78	L
47	79	L
47	80	Lp
47	81	Lp
47	82	Lp
47	83	L
47	84	L
47	85	Lp
47	86	L
47	87	L
47	88	L
47	89	L
47	90	-1
47	91	L
47	92	-1
47	93	L
47	94	L
47	95	-1
47	96	L
47	97	Lp
47	98	Lp
47	99	L
47	100	Lp
47	101	Lp
47	102	Lp
47	103	Lp
47	104	L
47	105	L
47	106	Lp
47	107	L
47	108	-1
47	109	Lp
47	110	Lp
47	111	Lp
47	112	Lp
47	113	Lp
47	114	Lp
47	115	Lp
47	116	Lp
47	117	Lp
47	118	Lp
47	119	-1
48	0	Lp
48	1	Lp
48	2	Lp
48	3	Lp
48	4	-1
48	5	Lp
48	6	Lp
48	7	Lp
48	8	Lp
48	9	Lp
48	10	-1
48	11	Lp
48	12	L
48	13	Lp
48	14	Lp
48	15	Lp
48	16	Lp
48	17	Lp
48	18	-1
48	19	L
48	20	L
48	21	-1
48	22	Lp
48	23	-1
48	24	-1
48	25	Lp
48	26	-1
48	27	-1
48	28	Lp
48	29	-1
48	30	-1
48	31	Lp
48	32	-1
48	33	Lp
48	34	Lp
48	35	-1
48	36	Lp
48	37	U
48	38	U
48	39	Lp
48	40	Lp
48	41	Lp
48	42	L
48	43	-1
48	44	L
48	45	L
48	46	Lp
48	47	Lp
48	48	-1
48	49	Lp
48	50	Lp
48	51	Lp
48	52	U
48	53	U
48	54	Lp
48	55	-1
48	56	L
48	57	L
48	58	-1
48	59	Lp
48	60	Lp
48	61	Lp
48	62	Lp
48	63	Lp
48	64	Lp
48	65	-1
48	66	Lp
48	67	Lp
48	68	Lp
48	69	-1
48	70	L
48	71	L
48	72	L
48	73	-1
48	74	Lp
48	75	-1
48	76	Lp
48	77	-1
48	78	L
48	79	L
48	80	L
48	81	Lp
48	82	L
48	83	L
48	84	-1
48	85	L
48	86	-1
48	87	L
48	88	L
48	89	L
48	90	L
48	91	L
48	92	L
48	93	Lp
48	94	L
48	95	L
48	96	Lp
48	97	U
48	98	Lp
48	99	Lp
48	100	L
48	101	Lp
48	102	Lp
48	103	Lp
48	104	Lp
48	105	-1
48	106	-1
48	107	Lp
48	108	Lp
48	109	Lp
48	110	Lp
48	111	Lp
48	112	Lp
48	113	Lp
48	114	-1
48	115	-1
48	116	Lp
48	117	-1
48	118	Lp
48	119	Lp
49	0	Lp
49	1	Lp
49	2	Lp
49	3	Lp
49	4	Lp
49	5	U
49	6	-1
49	7	Lp
49	8	-1
49	9	U
49	10	Lp
49	11	Lp
49	12	Lp
49	13	Lp
49	14	Lp
49	15	Lp
49	16	Lp
49	17	-1
49	18	Lp
49	19	Lp
49	20	Lp
49	21	-1
49	22	Lp
49	23	Lp
49	24	Lp
49	25	Lp
49	26	Lp
49	27	Lp
49	28	Lp
49	29	Lp
49	30	Lp
49	31	Lp
49	32	L
49	33	L
49	34	Lp
49	35	Lp
49	36	Lp
49	37	-1
49	38	Lp
49	39	U
49	40	Lp
49	41	Lp
49	42	Lp
49	43	Lp
49	44	L
49	45	L
49	46	-1
49	47	L
49	48	Lp
49	49	Lp
49	50	Lp
49	51	Lp
49	52	Lp
49	53	Lp
49	54	Lp
49	55	-1
49	56	Lp
49	57	Lp
49	58	Lp
49	59	Lp
49	60	Lp
49	61	-1
49	62	Lp
49	63	Lp
49	64	Lp
49	65	-1
49	66	Lp
49	67	Lp
49	68	Lp
49	69	L
49	70	L
49	71	L
49	72	L
49	73	L
49	74	L
49	75	L
49	76	-1
49	77	Lp
49	78	L
49	79	L
49	80	L
49	81	Lp
49	82	L
49	83	L
49	84	L
49	85	L
49	86	L
49	87	L
49	88	L
49	89	U
49	90	L
49	91	L
49	92	L
49	93	L
49	94	-1
49	95	L
49	96	-1
49	97	Lp
49	98	-1
49	99	Lp
49	100	Lp
49	101	L
49	102	Lp
49	103	Lp
49	104	Lp
49	105	-1
49	106	-1
49	107	Lp
49	108	Lp
49	109	Lp
49	110	-1
49	111	Lp
49	112	Lp
49	113	Lp
49	114	-1
49	115	Lp
49	116	Lp
49	117	Lp
49	118	-1
49	119	Lp
50	0	Lp
50	1	Lp
50	2	Lp
50	3	-1
50	4	Lp
50	5	Lp
50	6	U
50	7	L
50	8	U
50	9	U
50	10	U
50	11	Lp
50	12	Lp
50	13	-1
50	14	Lp
50	15	Lp
50	16	Lp
50	17	-1
50	18	Lp
50	19	Lp
50	20	Lp
50	21	Lp
50	22	Lp
50	23	Lp
50	24	L
50	25	Lp
50	26	Lp
50	27	Lp
50	28	Lp
50	29	Lp
50	30	Lp
50	31	Lp
50	32	L
50	33	-1
50	34	Lp
50	35	Lp
50	36	Lp
50	37	Lp
50	38	-1
50	39	-1
50	40	Lp
50	41	Lp
50	42	Lp
50	43	Lp
50	44	Lp
50	45	Lp
50	46	Lp
50	47	Lp
50	48	Lp
50	49	-1
50	50	Lp
50	51	Lp
50	52	Lp
50	53	Lp
50	54	Lp
50	55	Lp
50	56	Lp
50	57	-1
50	58	Lp
50	59	Lp
50	60	Lp
50	61	Lp
50	62	-1
50	63	Lp
50	64	Lp
50	65	Lp
50	66	U
50	67	Lp
50	68	L
50	69	L
50	70	L
50	71	L
50	72	L
50	73	L
50	74	L
50	75	L
50	76	L
50	77	Lp
50	78	Lp
50	79	Lp
50	80	-1
50	81	Lp
50	82	Lp
50	83	L
50	84	-1
50	85	L
50	86	-1
50	87	L
50	88	L
50	89	L
50	90	U
50	91	U
50	92	L
50	93	L
50	94	L
50	95	L
50	96	-1
50	97	-1
50	98	Lp
50	99	-1
50	100	L
50	101	Lp
50	102	-1
50	103	-1
50	104	Lp
50	105	Lp
50	106	-1
50	107	Lp
50	108	Lp
50	109	Lp
50	110	Lp
50	111	Lp
50	112	Lp
50	113	Lp
50	114	Lp
50	115	Lp
50	116	Lp
50	117	Lp
50	118	Lp
50	119	Lp
51	0	Lp
51	1	-1
51	2	L
51	3	Lp
51	4	Lp
51	5	L
51	6	-1
51	7	L
51	8	U
51	9	-1
51	10	-1
51	11	Lp
51	12	L
51	13	L
51	14	-1
51	15	Lp
51	16	Lp
51	17	Lp
51	18	Lp
51	19	Lp
51	20	L
51	21	L
51	22	L
51	23	L
51	24	Lp
51	25	Lp
51	26	-1
51	27	Lp
51	28	-1
51	29	L
51	30	L
51	31	L
51	32	Lp
51	33	-1
51	34	Lp
51	35	Lp
51	36	Lp
51	37	Lp
51	38	Lp
51	39	Lp
51	40	Lp
51	41	Lp
51	42	Lp
51	43	Lp
51	44	Lp
51	45	Lp
51	46	-1
51	47	-1
51	48	Lp
51	49	L
51	50	L
51	51	L
51	52	Lp
51	53	Lp
51	54	Lp
51	55	Lp
51	56	Lp
51	57	Lp
51	58	-1
51	59	Lp
51	60	Lp
51	61	-1
51	62	Lp
51	63	Lp
51	64	-1
51	65	U
51	66	L
51	67	U
51	68	L
51	69	U
51	70	U
51	71	L
51	72	L
51	73	Lp
51	74	L
51	75	-1
51	76	L
51	77	L
51	78	Lp
51	79	Lp
51	80	Lp
51	81	Lp
51	82	Lp
51	83	-1
51	84	L
51	85	L
51	86	L
51	87	-1
51	88	L
51	89	L
51	90	U
51	91	L
51	92	L
51	93	-1
51	94	-1
51	95	L
51	96	Lp
51	97	Lp
51	98	Lp
51	99	Lp
51	100	L
51	101	-1
51	102	Lp
51	103	Lp
51	104	Lp
51	105	Lp
51	106	Lp
51	107	Lp
51	108	Lp
51	109	Lp
51	110	-1
51	111	-1
51	112	Lp
51	113	Lp
51	114	Lp
51	115	Lp
51	116	Lp
51	117	Lp
51	118	Lp
51	119	Lp
52	0	Lp
52	1	Lp
52	2	Lp
52	3	L
52	4	L
52	5	L
52	6	L
52	7	L
52	8	U
52	9	Lp
52	10	-1
52	11	L
52	12	Lp
52	13	Lp
52	14	Lp
52	15	Lp
52	16	-1
52	17	L
52	18	-1
52	19	Lp
52	20	-1
52	21	-1
52	22	Lp
52	23	-1
52	24	Lp
52	25	-1
52	26	-1
52	27	L
52	28	L
52	29	L
52	30	L
52	31	L
52	32	Lp
52	33	Lp
52	34	Lp
52	35	-1
52	36	Lp
52	37	Lp
52	38	-1
52	39	L
52	40	Lp
52	41	Lp
52	42	Lp
52	43	-1
52	44	Lp
52	45	Lp
52	46	Lp
52	47	Lp
52	48	Lp
52	49	Lp
52	50	Lp
52	51	Lp
52	52	Lp
52	53	-1
52	54	Lp
52	55	Lp
52	56	-1
52	57	-1
52	58	U
52	59	Lp
52	60	Lp
52	61	Lp
52	62	U
52	63	Lp
52	64	Lp
52	65	Lp
52	66	L
52	67	-1
52	68	-1
52	69	U
52	70	U
52	71	L
52	72	Lp
52	73	-1
52	74	Lp
52	75	L
52	76	L
52	77	Lp
52	78	Lp
52	79	Lp
52	80	Lp
52	81	Lp
52	82	-1
52	83	Lp
52	84	L
52	85	L
52	86	-1
52	87	L
52	88	-1
52	89	-1
52	90	L
52	91	L
52	92	L
52	93	L
52	94	-1
52	95	-1
52	96	Lp
52	97	Lp
52	98	Lp
52	99	-1
52	100	Lp
52	101	Lp
52	102	Lp
52	103	Lp
52	104	Lp
52	105	Lp
52	106	Lp
52	107	-1
52	108	U
52	109	U
52	110	Lp
52	111	Lp
52	112	-1
52	113	Lp
52	114	Lp
52	115	Lp
52	116	Lp
52	117	Lp
52	118	Lp
52	119	Lp
53	0	-1
53	1	-1
53	2	Lp
53	3	Lp
53	4	Lp
53	5	Lp
53	6	-1
53	7	L
53	8	-1
53	9	Lp
53	10	Lp
53	11	Lp
53	12	Lp
53	13	Lp
53	14	Lp
53	15	U
53	16	U
53	17	Lp
53	18	Lp
53	19	Lp
53	20	-1
53	21	U
53	22	Lp
53	23	Lp
53	24	-1
53	25	Lp
53	26	-1
53	27	L
53	28	L
53	29	-1
53	30	L
53	31	-1
53	32	L
53	33	L
53	34	Lp
53	35	Lp
53	36	Lp
53	37	Lp
53	38	Lp
53	39	L
53	40	L
53	41	Lp
53	42	-1
53	43	Lp
53	44	Lp
53	45	Lp
53	46	Lp
53	47	Lp
53	48	Lp
53	49	Lp
53	50	Lp
53	51	Lp
53	52	Lp
53	53	Lp
53	54	Lp
53	55	-1
53	56	-1
53	57	Lp
53	58	Lp
53	59	-1
53	60	Lp
53	61	Lp
53	62	U
53	63	Lp
53	64	Lp
53	65	Lp
53	66	U
53	67	U
53	68	L
53	69	U
53	70	-1
53	71	L
53	72	-1
53	73	Lp
53	74	L
53	75	Lp
53	76	Lp
53	77	Lp
53	78	Lp
53	79	Lp
53	80	Lp
53	81	-1
53	82	-1
53	83	L
53	84	L
53	85	Lp
53	86	-1
53	87	L
53	88	L
53	89	L
53	90	L
53	91	L
53	92	L
53	93	-1
53	94	L
53	95	L
53	96	-1
53	97	Lp
53	98	Lp
53	99	Lp
53	100	Lp
53	101	Lp
53	102	-1
53	103	Lp
53	104	Lp
53	105	Lp
53	106	Lp
53	107	Lp
53	108	Lp
53	109	Lp
53	110	U
53	111	-1
53	112	-1
53	113	Lp
53	114	Lp
53	115	-1
53	116	-1
53	117	Lp
53	118	Lp
53	119	-1
54	0	Lp
54	1	-1
54	2	Lp
54	3	-1
54	4	Lp
54	5	L
54	6	L
54	7	-1
54	8	L
54	9	Lp
54	10	Lp
54	11	Lp
54	12	Lp
54	13	U
54	14	Lp
54	15	U
54	16	Lp
54	17	Lp
54	18	U
54	19	U
54	20	Lp
54	21	-1
54	22	Lp
54	23	Lp
54	24	-1
54	25	Lp
54	26	Lp
54	27	Lp
54	28	L
54	29	L
54	30	L
54	31	Lp
54	32	L
54	33	Lp
54	34	-1
54	35	Lp
54	36	Lp
54	37	Lp
54	38	-1
54	39	Lp
54	40	-1
54	41	Lp
54	42	Lp
54	43	Lp
54	44	Lp
54	45	Lp
54	46	Lp
54	47	Lp
54	48	Lp
54	49	Lp
54	50	-1
54	51	Lp
54	52	-1
54	53	-1
54	54	Lp
54	55	-1
54	56	Lp
54	57	Lp
54	58	-1
54	59	U
54	60	Lp
54	61	Lp
54	62	-1
54	63	Lp
54	64	Lp
54	65	Lp
54	66	Lp
54	67	L
54	68	L
54	69	L
54	70	L
54	71	L
54	72	Lp
54	73	L
54	74	Lp
54	75	Lp
54	76	Lp
54	77	Lp
54	78	-1
54	79	-1
54	80	Lp
54	81	Lp
54	82	L
54	83	Lp
54	84	L
54	85	-1
54	86	L
54	87	L
54	88	L
54	89	L
54	90	L
54	91	L
54	92	L
54	93	L
54	94	L
54	95	L
54	96	-1
54	97	L
54	98	-1
54	99	Lp
54	100	Lp
54	101	Lp
54	102	Lp
54	103	Lp
54	104	Lp
54	105	-1
54	106	Lp
54	107	U
54	108	Lp
54	109	Lp
54	110	Lp
54	111	Lp
54	112	Lp
54	113	Lp
54	114	Lp
54	115	Lp
54	116	Lp
54	117	Lp
54	118	Lp
54	119	Lp
55	0	Lp
55	1	-1
55	2	-1
55	3	Lp
55	4	U
55	5	L
55	6	Lp
55	7	L
55	8	L
55	9	L
55	10	Lp
55	11	-1
55	12	Lp
55	13	U
55	14	-1
55	15	U
55	16	L
55	17	L
55	18	Lp
55	19	U
55	20	Lp
55	21	U
55	22	-1
55	23	Lp
55	24	Lp
55	25	Lp
55	26	Lp
55	27	Lp
55	28	-1
55	29	L
55	30	L
55	31	L
55	32	Lp
55	33	Lp
55	34	Lp
55	35	Lp
55	36	-1
55	37	Lp
55	38	Lp
55	39	Lp
55	40	Lp
55	41	-1
55	42	Lp
55	43	Lp
55	44	Lp
55	45	Lp
55	46	Lp
55	47	Lp
55	48	Lp
55	49	U
55	50	-1
55	51	Lp
55	52	Lp
55	53	-1
55	54	Lp
55	55	Lp
55	56	Lp
55	57	L
55	58	L
55	59	U
55	60	U
55	61	Lp
55	62	Lp
55	63	Lp
55	64	-1
55	65	Lp
55	66	Lp
55	67	L
55	68	L
55	69	-1
55	70	L
55	71	L
55	72	Lp
55	73	Lp
55	74	Lp
55	75	Lp
55	76	Lp
55	77	Lp
55	78	Lp
55	79	-1
55	80	Lp
55	81	-1
55	82	Lp
55	83	-1
55	84	Lp
55	85	L
55	86	Lp
55	87	Lp
55	88	L
55	89	L
55	90	L
55	91	L
55	92	L
55	93	Lp
55	94	L
55	95	-1
55	96	L
55	97	-1
55	98	L
55	99	Lp
55	100	Lp
55	101	Lp
55	102	Lp
55	103	Lp
55	104	Lp
55	105	Lp
55	106	Lp
55	107	Lp
55	108	Lp
55	109	Lp
55	110	Lp
55	111	Lp
55	112	-1
55	113	Lp
55	114	Lp
55	115	Lp
55	116	Lp
55	117	Lp
55	118	-1
55	119	-1
56	0	Lp
56	1	Lp
56	2	-1
56	3	U
56	4	-1
56	5	U
56	6	U
56	7	L
56	8	L
56	9	Lp
56	10	-1
56	11	Lp
56	12	-1
56	13	U
56	14	U
56	15	U
56	16	U
56	17	-1
56	18	Lp
56	19	-1
56	20	Lp
56	21	U
56	22	Lp
56	23	Lp
56	24	-1
56	25	L
56	26	L
56	27	L
56	28	L
56	29	-1
56	30	L
56	31	L
56	32	L
56	33	Lp
56	34	Lp
56	35	Lp
56	36	-1
56	37	Lp
56	38	U
56	39	Lp
56	40	-1
56	41	-1
56	42	Lp
56	43	Lp
56	44	Lp
56	45	Lp
56	46	Lp
56	47	Lp
56	48	Lp
56	49	U
56	50	Lp
56	51	Lp
56	52	Lp
56	53	Lp
56	54	Lp
56	55	Lp
56	56	Lp
56	57	Lp
56	58	L
56	59	U
56	60	-1
56	61	L
56	62	-1
56	63	Lp
56	64	Lp
56	65	Lp
56	66	-1
56	67	-1
56	68	L
56	69	Lp
56	70	Lp
56	71	-1
56	72	Lp
56	73	-1
56	74	Lp
56	75	Lp
56	76	Lp
56	77	Lp
56	78	Lp
56	79	Lp
56	80	Lp
56	81	L
56	82	L
56	83	Lp
56	84	Lp
56	85	Lp
56	86	Lp
56	87	Lp
56	88	L
56	89	L
56	90	Lp
56	91	-1
56	92	Lp
56	93	L
56	94	L
56	95	L
56	96	L
56	97	L
56	98	-1
56	99	Lp
56	100	Lp
56	101	Lp
56	102	Lp
56	103	Lp
56	104	Lp
56	105	Lp
56	106	U
56	107	U
56	108	Lp
56	109	Lp
56	110	Lp
56	111	Lp
56	112	Lp
56	113	Lp
56	114	Lp
56	115	Lp
56	116	Lp
56	117	-1
56	118	-1
56	119	Lp
57	0	Lp
57	1	Lp
57	2	U
57	3	U
57	4	Lp
57	5	L
57	6	L
57	7	-1
57	8	Lp
57	9	Lp
57	10	Lp
57	11	Lp
57	12	Lp
57	13	U
57	14	U
57	15	U
57	16	Lp
57	17	Lp
57	18	-1
57	19	Lp
57	20	-1
57	21	-1
57	22	L
57	23	Lp
57	24	Lp
57	25	Lp
57	26	L
57	27	L
57	28	L
57	29	L
57	30	L
57	31	L
57	32	L
57	33	Lp
57	34	L
57	35	L
57	36	L
57	37	Lp
57	38	Lp
57	39	-1
57	40	Lp
57	41	Lp
57	42	Lp
57	43	Lp
57	44	Lp
57	45	Lp
57	46	Lp
57	47	Lp
57	48	U
57	49	U
57	50	-1
57	51	Lp
57	52	-1
57	53	Lp
57	54	-1
57	55	Lp
57	56	Lp
57	57	Lp
57	58	-1
57	59	L
57	60	L
57	61	Lp
57	62	Lp
57	63	-1
57	64	Lp
57	65	L
57	66	-1
57	67	-1
57	68	-1
57	69	Lp
57	70	Lp
57	71	Lp
57	72	-1
57	73	Lp
57	74	-1
57	75	Lp
57	76	Lp
57	77	L
57	78	L
57	79	L
57	80	Lp
57	81	Lp
57	82	L
57	83	L
57	84	Lp
57	85	L
57	86	-1
57	87	L
57	88	-1
57	89	L
57	90	Lp
57	91	Lp
57	92	Lp
57	93	Lp
57	94	L
57	95	Lp
57	96	L
57	97	L
57	98	L
57	99	-1
57	100	-1
57	101	Lp
57	102	Lp
57	103	L
57	104	Lp
57	105	U
57	106	-1
57	107	U
57	108	U
57	109	U
57	110	Lp
57	111	Lp
57	112	Lp
57	113	Lp
57	114	Lp
57	115	Lp
57	116	Lp
57	117	Lp
57	118	-1
57	119	Lp
58	0	Lp
58	1	Lp
58	2	-1
58	3	-1
58	4	-1
58	5	L
58	6	L
58	7	Lp
58	8	Lp
58	9	Lp
58	10	Lp
58	11	U
58	12	Lp
58	13	Lp
58	14	U
58	15	U
58	16	Lp
58	17	Lp
58	18	Lp
58	19	U
58	20	Lp
58	21	Lp
58	22	Lp
58	23	Lp
58	24	Lp
58	25	Lp
58	26	Lp
58	27	Lp
58	28	U
58	29	L
58	30	Lp
58	31	L
58	32	L
58	33	L
58	34	Lp
58	35	Lp
58	36	L
58	37	L
58	38	Lp
58	39	Lp
58	40	Lp
58	41	Lp
58	42	Lp
58	43	Lp
58	44	Lp
58	45	U
58	46	U
58	47	U
58	48	U
58	49	Lp
58	50	Lp
58	51	Lp
58	52	Lp
58	53	-1
58	54	Lp
58	55	Lp
58	56	Lp
58	57	Lp
58	58	Lp
58	59	L
58	60	L
58	61	-1
58	62	Lp
58	63	Lp
58	64	L
58	65	L
58	66	Lp
58	67	-1
58	68	Lp
58	69	Lp
58	70	Lp
58	71	L
58	72	-1
58	73	-1
58	74	L
58	75	Lp
58	76	-1
58	77	-1
58	78	-1
58	79	-1
58	80	L
58	81	-1
58	82	L
58	83	L
58	84	-1
58	85	L
58	86	L
58	87	Lp
58	88	Lp
58	89	Lp
58	90	Lp
58	91	-1
58	92	L
58	93	L
58	94	Lp
58	95	L
58	96	Lp
58	97	L
58	98	L
58	99	L
58	100	L
58	101	-1
58	102	Lp
58	103	-1
58	104	Lp
58	105	U
58	106	U
58	107	U
58	108	U
58	109	Lp
58	110	-1
58	111	Lp
58	112	Lp
58	113	Lp
58	114	Lp
58	115	Lp
58	116	Lp
58	117	Lp
58	118	Lp
58	119	Lp
59	0	Lp
59	1	-1
59	2	-1
59	3	U
59	4	U
59	5	U
59	6	Lp
59	7	Lp
59	8	-1
59	9	Lp
59	10	Lp
59	11	Lp
59	12	Lp
59	13	Lp
59	14	Lp
59	15	-1
59	16	Lp
59	17	Lp
59	18	Lp
59	19	U
59	20	Lp
59	21	Lp
59	22	Lp
59	23	Lp
59	24	L
59	25	Lp
59	26	Lp
59	27	U
59	28	L
59	29	Lp
59	30	Lp
59	31	U
59	32	U
59	33	U
59	34	-1
59	35	Lp
59	36	Lp
59	37	Lp
59	38	Lp
59	39	-1
59	40	Lp
59	41	Lp
59	42	Lp
59	43	Lp
59	44	Lp
59	45	-1
59	46	U
59	47	U
59	48	Lp
59	49	Lp
59	50	-1
59	51	-1
59	52	Lp
59	53	Lp
59	54	Lp
59	55	Lp
59	56	Lp
59	57	L
59	58	Lp
59	59	Lp
59	60	Lp
59	61	Lp
59	62	Lp
59	63	Lp
59	64	Lp
59	65	Lp
59	66	L
59	67	-1
59	68	-1
59	69	-1
59	70	Lp
59	71	L
59	72	Lp
59	73	Lp
59	74	Lp
59	75	L
59	76	-1
59	77	-1
59	78	L
59	79	L
59	80	L
59	81	L
59	82	L
59	83	L
59	84	L
59	85	L
59	86	Lp
59	87	Lp
59	88	Lp
59	89	Lp
59	90	Lp
59	91	Lp
59	92	L
59	93	Lp
59	94	Lp
59	95	-1
59	96	L
59	97	L
59	98	-1
59	99	U
59	100	-1
59	101	L
59	102	L
59	103	Lp
59	104	-1
59	105	Lp
59	106	Lp
59	107	U
59	108	Lp
59	109	Lp
59	110	Lp
59	111	U
59	112	Lp
59	113	Lp
59	114	Lp
59	115	Lp
59	116	Lp
59	117	Lp
59	118	Lp
59	119	Lp
60	0	-1
60	1	Lp
60	2	Lp
60	3	U
60	4	Lp
60	5	U
60	6	Lp
60	7	Lp
60	8	-1
60	9	Lp
60	10	-1
60	11	U
60	12	-1
60	13	Lp
60	14	Lp
60	15	-1
60	16	Lp
60	17	-1
60	18	Lp
60	19	Lp
60	20	Lp
60	21	Lp
60	22	Lp
60	23	Lp
60	24	U
60	25	L
60	26	L
60	27	L
60	28	Lp
60	29	Lp
60	30	-1
60	31	L
60	32	Lp
60	33	Lp
60	34	U
60	35	U
60	36	Lp
60	37	U
60	38	Lp
60	39	-1
60	40	Lp
60	41	Lp
60	42	Lp
60	43	Lp
60	44	Lp
60	45	-1
60	46	Lp
60	47	-1
60	48	Lp
60	49	Lp
60	50	Lp
60	51	Lp
60	52	Lp
60	53	Lp
60	54	Lp
60	55	-1
60	56	Lp
60	57	-1
60	58	L
60	59	Lp
60	60	Lp
60	61	Lp
60	62	-1
60	63	Lp
60	64	Lp
60	65	L
60	66	L
60	67	L
60	68	Lp
60	69	Lp
60	70	Lp
60	71	Lp
60	72	L
60	73	L
60	74	Lp
60	75	L
60	76	L
60	77	L
60	78	L
60	79	L
60	80	L
60	81	L
60	82	L
60	83	-1
60	84	L
60	85	L
60	86	Lp
60	87	Lp
60	88	Lp
60	89	Lp
60	90	Lp
60	91	Lp
60	92	Lp
60	93	-1
60	94	Lp
60	95	Lp
60	96	-1
60	97	Lp
60	98	Lp
60	99	Lp
60	100	Lp
60	101	L
60	102	-1
60	103	L
60	104	-1
60	105	-1
60	106	L
60	107	L
60	108	U
60	109	-1
60	110	Lp
60	111	U
60	112	U
60	113	Lp
60	114	Lp
60	115	Lp
60	116	Lp
60	117	Lp
60	118	Lp
60	119	-1
61	0	-1
61	1	Lp
61	2	Lp
61	3	-1
61	4	Lp
61	5	Lp
61	6	Lp
61	7	Lp
61	8	Lp
61	9	Lp
61	10	Lp
61	11	Lp
61	12	-1
61	13	Lp
61	14	-1
61	15	Lp
61	16	-1
61	17	Lp
61	18	Lp
61	19	-1
61	20	-1
61	21	L
61	22	U
61	23	-1
61	24	U
61	25	U
61	26	U
61	27	U
61	28	L
61	29	Lp
61	30	Lp
61	31	Lp
61	32	Lp
61	33	Lp
61	34	U
61	35	Lp
61	36	-1
61	37	Lp
61	38	U
61	39	Lp
61	40	Lp
61	41	Lp
61	42	Lp
61	43	Lp
61	44	Lp
61	45	Lp
61	46	Lp
61	47	-1
61	48	Lp
61	49	-1
61	50	Lp
61	51	Lp
61	52	Lp
61	53	Lp
61	54	Lp
61	55	Lp
61	56	L
61	57	-1
61	58	Lp
61	59	Lp
61	60	L
61	61	L
61	62	Lp
61	63	Lp
61	64	-1
61	65	Lp
61	66	Lp
61	67	L
61	68	Lp
61	69	Lp
61	70	Lp
61	71	L
61	72	L
61	73	-1
61	74	-1
61	75	L
61	76	-1
61	77	L
61	78	L
61	79	L
61	80	L
61	81	L
61	82	L
61	83	Lp
61	84	L
61	85	L
61	86	L
61	87	Lp
61	88	-1
61	89	Lp
61	90	Lp
61	91	Lp
61	92	-1
61	93	Lp
61	94	Lp
61	95	Lp
61	96	Lp
61	97	Lp
61	98	-1
61	99	Lp
61	100	-1
61	101	-1
61	102	Lp
61	103	Lp
61	104	-1
61	105	Lp
61	106	Lp
61	107	-1
61	108	L
61	109	Lp
61	110	Lp
61	111	-1
61	112	Lp
61	113	Lp
61	114	Lp
61	115	Lp
61	116	Lp
61	117	Lp
61	118	Lp
61	119	-1
62	0	Lp
62	1	Lp
62	2	Lp
62	3	Lp
62	4	Lp
62	5	Lp
62	6	Lp
62	7	Lp
62	8	Lp
62	9	Lp
62	10	Lp
62	11	Lp
62	12	Lp
62	13	Lp
62	14	-1
62	15	-1
62	16	Lp
62	17	Lp
62	18	-1
62	19	Lp
62	20	Lp
62	21	Lp
62	22	L
62	23	U
62	24	L
62	25	Lp
62	26	Lp
62	27	L
62	28	L
62	29	-1
62	30	-1
62	31	Lp
62	32	Lp
62	33	Lp
62	34	Lp
62	35	Lp
62	36	Lp
62	37	U
62	38	-1
62	39	L
62	40	-1
62	41	Lp
62	42	Lp
62	43	Lp
62	44	-1
62	45	-1
62	46	-1
62	47	Lp
62	48	Lp
62	49	Lp
62	50	Lp
62	51	Lp
62	52	Lp
62	53	-1
62	54	-1
62	55	Lp
62	56	Lp
62	57	L
62	58	-1
62	59	Lp
62	60	Lp
62	61	-1
62	62	Lp
62	63	Lp
62	64	Lp
62	65	Lp
62	66	L
62	67	-1
62	68	-1
62	69	-1
62	70	-1
62	71	Lp
62	72	L
62	73	-1
62	74	L
62	75	L
62	76	-1
62	77	-1
62	78	L
62	79	L
62	80	L
62	81	Lp
62	82	-1
62	83	-1
62	84	L
62	85	Lp
62	86	Lp
62	87	Lp
62	88	Lp
62	89	Lp
62	90	Lp
62	91	Lp
62	92	-1
62	93	Lp
62	94	Lp
62	95	Lp
62	96	Lp
62	97	Lp
62	98	Lp
62	99	Lp
62	100	Lp
62	101	Lp
62	102	Lp
62	103	Lp
62	104	Lp
62	105	L
62	106	Lp
62	107	Lp
62	108	Lp
62	109	L
62	110	L
62	111	Lp
62	112	L
62	113	Lp
62	114	-1
62	115	-1
62	116	-1
62	117	Lp
62	118	-1
62	119	Lp
63	0	Lp
63	1	-1
63	2	Lp
63	3	-1
63	4	Lp
63	5	Lp
63	6	-1
63	7	Lp
63	8	Lp
63	9	Lp
63	10	Lp
63	11	Lp
63	12	Lp
63	13	Lp
63	14	Lp
63	15	Lp
63	16	Lp
63	17	Lp
63	18	Lp
63	19	Lp
63	20	Lp
63	21	-1
63	22	L
63	23	L
63	24	L
63	25	L
63	26	Lp
63	27	Lp
63	28	L
63	29	Lp
63	30	Lp
63	31	Lp
63	32	Lp
63	33	Lp
63	34	Lp
63	35	Lp
63	36	Lp
63	37	U
63	38	Lp
63	39	-1
63	40	Lp
63	41	Lp
63	42	-1
63	43	Lp
63	44	Lp
63	45	Lp
63	46	Lp
63	47	Lp
63	48	Lp
63	49	L
63	50	Lp
63	51	Lp
63	52	Lp
63	53	Lp
63	54	L
63	55	L
63	56	Lp
63	57	-1
63	58	Lp
63	59	Lp
63	60	-1
63	61	L
63	62	-1
63	63	Lp
63	64	L
63	65	L
63	66	Lp
63	67	Lp
63	68	Lp
63	69	L
63	70	-1
63	71	-1
63	72	-1
63	73	U
63	74	U
63	75	U
63	76	L
63	77	L
63	78	L
63	79	L
63	80	L
63	81	Lp
63	82	Lp
63	83	-1
63	84	Lp
63	85	Lp
63	86	-1
63	87	Lp
63	88	Lp
63	89	Lp
63	90	Lp
63	91	-1
63	92	-1
63	93	Lp
63	94	Lp
63	95	Lp
63	96	-1
63	97	-1
63	98	Lp
63	99	Lp
63	100	Lp
63	101	L
63	102	Lp
63	103	Lp
63	104	Lp
63	105	Lp
63	106	Lp
63	107	Lp
63	108	Lp
63	109	Lp
63	110	L
63	111	L
63	112	Lp
63	113	-1
63	114	Lp
63	115	Lp
63	116	-1
63	117	Lp
63	118	Lp
63	119	Lp
64	0	Lp
64	1	Lp
64	2	-1
64	3	-1
64	4	Lp
64	5	Lp
64	6	Lp
64	7	Lp
64	8	Lp
64	9	Lp
64	10	Lp
64	11	Lp
64	12	Lp
64	13	Lp
64	14	U
64	15	Lp
64	16	-1
64	17	Lp
64	18	Lp
64	19	Lp
64	20	Lp
64	21	Lp
64	22	Lp
64	23	-1
64	24	U
64	25	Lp
64	26	L
64	27	Lp
64	28	Lp
64	29	Lp
64	30	Lp
64	31	Lp
64	32	Lp
64	33	-1
64	34	Lp
64	35	-1
64	36	Lp
64	37	-1
64	38	Lp
64	39	Lp
64	40	-1
64	41	Lp
64	42	Lp
64	43	-1
64	44	Lp
64	45	Lp
64	46	L
64	47	L
64	48	L
64	49	L
64	50	Lp
64	51	Lp
64	52	Lp
64	53	Lp
64	54	Lp
64	55	L
64	56	-1
64	57	-1
64	58	L
64	59	L
64	60	L
64	61	L
64	62	-1
64	63	L
64	64	L
64	65	Lp
64	66	Lp
64	67	Lp
64	68	U
64	69	-1
64	70	Lp
64	71	-1
64	72	Lp
64	73	L
64	74	Lp
64	75	Lp
64	76	L
64	77	Lp
64	78	Lp
64	79	L
64	80	Lp
64	81	L
64	82	-1
64	83	Lp
64	84	Lp
64	85	Lp
64	86	Lp
64	87	Lp
64	88	Lp
64	89	Lp
64	90	Lp
64	91	L
64	92	Lp
64	93	Lp
64	94	L
64	95	Lp
64	96	-1
64	97	-1
64	98	-1
64	99	Lp
64	100	Lp
64	101	Lp
64	102	Lp
64	103	Lp
64	104	Lp
64	105	Lp
64	106	Lp
64	107	Lp
64	108	-1
64	109	Lp
64	110	L
64	111	Lp
64	112	L
64	113	Lp
64	114	Lp
64	115	Lp
64	116	Lp
64	117	Lp
64	118	Lp
64	119	-1
65	0	-1
65	1	Lp
65	2	Lp
65	3	Lp
65	4	Lp
65	5	Lp
65	6	Lp
65	7	Lp
65	8	Lp
65	9	Lp
65	10	Lp
65	11	Lp
65	12	Lp
65	13	Lp
65	14	Lp
65	15	Lp
65	16	Lp
65	17	Lp
65	18	Lp
65	19	-1
65	20	Lp
65	21	Lp
65	22	Lp
65	23	-1
65	24	U
65	25	U
65	26	Lp
65	27	Lp
65	28	Lp
65	29	Lp
65	30	Lp
65	31	-1
65	32	Lp
65	33	Lp
65	34	Lp
65	35	-1
65	36	Lp
65	37	Lp
65	38	-1
65	39	Lp
65	40	Lp
65	41	Lp
65	42	-1
65	43	-1
65	44	Lp
65	45	U
65	46	U
65	47	L
65	48	-1
65	49	-1
65	50	Lp
65	51	Lp
65	52	Lp
65	53	Lp
65	54	L
65	55	L
65	56	-1
65	57	L
65	58	L
65	59	L
65	60	L
65	61	L
65	62	-1
65	63	L
65	64	L
65	65	L
65	66	Lp
65	67	Lp
65	68	Lp
65	69	-1
65	70	L
65	71	Lp
65	72	-1
65	73	Lp
65	74	L
65	75	Lp
65	76	Lp
65	77	Lp
65	78	Lp
65	79	L
65	80	Lp
65	81	L
65	82	L
65	83	Lp
65	84	L
65	85	L
65	86	-1
65	87	Lp
65	88	Lp
65	89	Lp
65	90	Lp
65	91	-1
65	92	-1
65	93	Lp
65	94	Lp
65	95	L
65	96	Lp
65	97	Lp
65	98	Lp
65	99	Lp
65	100	Lp
65	101	-1
65	102	Lp
65	103	Lp
65	104	Lp
65	105	Lp
65	106	Lp
65	107	Lp
65	108	Lp
65	109	Lp
65	110	-1
65	111	Lp
65	112	Lp
65	113	Lp
65	114	Lp
65	115	Lp
65	116	Lp
65	117	Lp
65	118	Lp
65	119	Lp
66	0	Lp
66	1	Lp
66	2	-1
66	3	Lp
66	4	Lp
66	5	Lp
66	6	-1
66	7	L
66	8	U
66	9	U
66	10	U
66	11	Lp
66	12	U
66	13	Lp
66	14	Lp
66	15	Lp
66	16	Lp
66	17	Lp
66	18	Lp
66	19	Lp
66	20	Lp
66	21	Lp
66	22	L
66	23	-1
66	24	L
66	25	L
66	26	-1
66	27	Lp
66	28	-1
66	29	Lp
66	30	-1
66	31	Lp
66	32	-1
66	33	-1
66	34	Lp
66	35	-1
66	36	-1
66	37	Lp
66	38	Lp
66	39	Lp
66	40	Lp
66	41	Lp
66	42	Lp
66	43	Lp
66	44	Lp
66	45	Lp
66	46	Lp
66	47	Lp
66	48	L
66	49	L
66	50	Lp
66	51	Lp
66	52	-1
66	53	-1
66	54	U
66	55	L
66	56	L
66	57	-1
66	58	L
66	59	L
66	60	L
66	61	L
66	62	L
66	63	L
66	64	Lp
66	65	Lp
66	66	-1
66	67	Lp
66	68	Lp
66	69	Lp
66	70	Lp
66	71	Lp
66	72	L
66	73	L
66	74	L
66	75	-1
66	76	Lp
66	77	Lp
66	78	Lp
66	79	Lp
66	80	L
66	81	L
66	82	Lp
66	83	L
66	84	L
66	85	L
66	86	Lp
66	87	U
66	88	Lp
66	89	Lp
66	90	Lp
66	91	L
66	92	-1
66	93	Lp
66	94	Lp
66	95	-1
66	96	U
66	97	L
66	98	-1
66	99	Lp
66	100	Lp
66	101	Lp
66	102	Lp
66	103	Lp
66	104	Lp
66	105	Lp
66	106	Lp
66	107	Lp
66	108	Lp
66	109	-1
66	110	Lp
66	111	Lp
66	112	-1
66	113	U
66	114	Lp
66	115	-1
66	116	Lp
66	117	Lp
66	118	Lp
66	119	Lp
67	0	Lp
67	1	Lp
67	2	Lp
67	3	-1
67	4	Lp
67	5	Lp
67	6	Lp
67	7	Lp
67	8	-1
67	9	Lp
67	10	U
67	11	-1
67	12	U
67	13	Lp
67	14	Lp
67	15	Lp
67	16	Lp
67	17	Lp
67	18	Lp
67	19	Lp
67	20	Lp
67	21	-1
67	22	Lp
67	23	-1
67	24	L
67	25	Lp
67	26	L
67	27	Lp
67	28	Lp
67	29	Lp
67	30	Lp
67	31	Lp
67	32	Lp
67	33	-1
67	34	Lp
67	35	U
67	36	U
67	37	Lp
67	38	Lp
67	39	-1
67	40	Lp
67	41	-1
67	42	Lp
67	43	Lp
67	44	Lp
67	45	Lp
67	46	Lp
67	47	Lp
67	48	L
67	49	-1
67	50	Lp
67	51	Lp
67	52	Lp
67	53	Lp
67	54	-1
67	55	Lp
67	56	L
67	57	L
67	58	L
67	59	L
67	60	L
67	61	L
67	62	L
67	63	L
67	64	Lp
67	65	-1
67	66	U
67	67	L
67	68	Lp
67	69	Lp
67	70	L
67	71	Lp
67	72	L
67	73	L
67	74	L
67	75	L
67	76	L
67	77	Lp
67	78	Lp
67	79	-1
67	80	Lp
67	81	Lp
67	82	Lp
67	83	-1
67	84	L
67	85	Lp
67	86	Lp
67	87	Lp
67	88	U
67	89	Lp
67	90	-1
67	91	U
67	92	U
67	93	-1
67	94	Lp
67	95	Lp
67	96	-1
67	97	L
67	98	Lp
67	99	Lp
67	100	-1
67	101	-1
67	102	Lp
67	103	Lp
67	104	Lp
67	105	-1
67	106	Lp
67	107	Lp
67	108	Lp
67	109	Lp
67	110	Lp
67	111	L
67	112	L
67	113	U
67	114	-1
67	115	Lp
67	116	-1
67	117	Lp
67	118	Lp
67	119	-1
68	0	Lp
68	1	Lp
68	2	Lp
68	3	Lp
68	4	Lp
68	5	Lp
68	6	L
68	7	Lp
68	8	Lp
68	9	U
68	10	-1
68	11	-1
68	12	Lp
68	13	-1
68	14	Lp
68	15	Lp
68	16	Lp
68	17	Lp
68	18	Lp
68	19	Lp
68	20	Lp
68	21	Lp
68	22	-1
68	23	U
68	24	L
68	25	L
68	26	L
68	27	-1
68	28	Lp
68	29	-1
68	30	Lp
68	31	Lp
68	32	Lp
68	33	Lp
68	34	-1
68	35	-1
68	36	Lp
68	37	Lp
68	38	Lp
68	39	-1
68	40	Lp
68	41	Lp
68	42	Lp
68	43	-1
68	44	Lp
68	45	Lp
68	46	Lp
68	47	L
68	48	L
68	49	Lp
68	50	Lp
68	51	Lp
68	52	Lp
68	53	Lp
68	54	-1
68	55	Lp
68	56	Lp
68	57	L
68	58	Lp
68	59	L
68	60	L
68	61	-1
68	62	L
68	63	-1
68	64	Lp
68	65	-1
68	66	Lp
68	67	Lp
68	68	Lp
68	69	Lp
68	70	L
68	71	L
68	72	L
68	73	L
68	74	L
68	75	-1
68	76	-1
68	77	Lp
68	78	Lp
68	79	Lp
68	80	Lp
68	81	-1
68	82	-1
68	83	L
68	84	Lp
68	85	Lp
68	86	Lp
68	87	Lp
68	88	Lp
68	89	U
68	90	L
68	91	-1
68	92	Lp
68	93	Lp
68	94	Lp
68	95	Lp
68	96	Lp
68	97	-1
68	98	-1
68	99	L
68	100	Lp
68	101	Lp
68	102	Lp
68	103	Lp
68	104	-1
68	105	-1
68	106	Lp
68	107	Lp
68	108	-1
68	109	Lp
68	110	-1
68	111	U
68	112	L
68	113	-1
68	114	Lp
68	115	-1
68	116	U
68	117	-1
68	118	Lp
68	119	Lp
69	0	Lp
69	1	Lp
69	2	Lp
69	3	Lp
69	4	-1
69	5	L
69	6	Lp
69	7	Lp
69	8	U
69	9	-1
69	10	U
69	11	-1
69	12	Lp
69	13	U
69	14	U
69	15	Lp
69	16	-1
69	17	Lp
69	18	-1
69	19	Lp
69	20	-1
69	21	Lp
69	22	Lp
69	23	Lp
69	24	L
69	25	Lp
69	26	Lp
69	27	Lp
69	28	Lp
69	29	Lp
69	30	Lp
69	31	Lp
69	32	Lp
69	33	Lp
69	34	Lp
69	35	Lp
69	36	-1
69	37	Lp
69	38	Lp
69	39	Lp
69	40	Lp
69	41	-1
69	42	Lp
69	43	L
69	44	Lp
69	45	Lp
69	46	-1
69	47	L
69	48	L
69	49	L
69	50	-1
69	51	Lp
69	52	Lp
69	53	Lp
69	54	Lp
69	55	Lp
69	56	Lp
69	57	Lp
69	58	Lp
69	59	Lp
69	60	-1
69	61	Lp
69	62	Lp
69	63	Lp
69	64	Lp
69	65	Lp
69	66	U
69	67	Lp
69	68	Lp
69	69	Lp
69	70	Lp
69	71	L
69	72	L
69	73	L
69	74	L
69	75	L
69	76	-1
69	77	-1
69	78	-1
69	79	Lp
69	80	Lp
69	81	Lp
69	82	Lp
69	83	Lp
69	84	Lp
69	85	Lp
69	86	Lp
69	87	Lp
69	88	Lp
69	89	U
69	90	Lp
69	91	Lp
69	92	Lp
69	93	Lp
69	94	Lp
69	95	Lp
69	96	Lp
69	97	Lp
69	98	Lp
69	99	Lp
69	100	Lp
69	101	Lp
69	102	Lp
69	103	-1
69	104	Lp
69	105	Lp
69	106	Lp
69	107	Lp
69	108	Lp
69	109	-1
69	110	U
69	111	L
69	112	Lp
69	113	L
69	114	Lp
69	115	U
69	116	Lp
69	117	Lp
69	118	Lp
69	119	-1
70	0	L
70	1	Lp
70	2	-1
70	3	-1
70	4	Lp
70	5	Lp
70	6	Lp
70	7	-1
70	8	Lp
70	9	Lp
70	10	Lp
70	11	Lp
70	12	Lp
70	13	-1
70	14	Lp
70	15	Lp
70	16	Lp
70	17	-1
70	18	Lp
70	19	Lp
70	20	-1
70	21	-1
70	22	Lp
70	23	-1
70	24	-1
70	25	L
70	26	Lp
70	27	-1
70	28	L
70	29	Lp
70	30	Lp
70	31	-1
70	32	-1
70	33	-1
70	34	-1
70	35	Lp
70	36	-1
70	37	Lp
70	38	Lp
70	39	-1
70	40	L
70	41	L
70	42	Lp
70	43	Lp
70	44	Lp
70	45	L
70	46	Lp
70	47	-1
70	48	-1
70	49	Lp
70	50	Lp
70	51	Lp
70	52	Lp
70	53	Lp
70	54	Lp
70	55	Lp
70	56	Lp
70	57	-1
70	58	L
70	59	Lp
70	60	Lp
70	61	Lp
70	62	Lp
70	63	Lp
70	64	Lp
70	65	-1
70	66	Lp
70	67	Lp
70	68	-1
70	69	-1
70	70	Lp
70	71	-1
70	72	L
70	73	L
70	74	-1
70	75	L
70	76	-1
70	77	-1
70	78	Lp
70	79	Lp
70	80	Lp
70	81	Lp
70	82	Lp
70	83	-1
70	84	Lp
70	85	Lp
70	86	Lp
70	87	Lp
70	88	Lp
70	89	Lp
70	90	Lp
70	91	Lp
70	92	-1
70	93	-1
70	94	-1
70	95	Lp
70	96	-1
70	97	-1
70	98	Lp
70	99	-1
70	100	Lp
70	101	Lp
70	102	Lp
70	103	Lp
70	104	Lp
70	105	-1
70	106	Lp
70	107	Lp
70	108	-1
70	109	-1
70	110	Lp
70	111	L
70	112	Lp
70	113	Lp
70	114	Lp
70	115	Lp
70	116	L
70	117	L
70	118	Lp
70	119	Lp
71	0	L
71	1	Lp
71	2	Lp
71	3	Lp
71	4	Lp
71	5	-1
71	6	Lp
71	7	Lp
71	8	Lp
71	9	Lp
71	10	Lp
71	11	-1
71	12	Lp
71	13	Lp
71	14	Lp
71	15	Lp
71	16	Lp
71	17	-1
71	18	-1
71	19	Lp
71	20	Lp
71	21	-1
71	22	Lp
71	23	-1
71	24	L
71	25	Lp
71	26	Lp
71	27	Lp
71	28	Lp
71	29	L
71	30	Lp
71	31	-1
71	32	Lp
71	33	Lp
71	34	Lp
71	35	Lp
71	36	Lp
71	37	Lp
71	38	Lp
71	39	L
71	40	Lp
71	41	-1
71	42	-1
71	43	-1
71	44	Lp
71	45	Lp
71	46	Lp
71	47	L
71	48	Lp
71	49	-1
71	50	Lp
71	51	Lp
71	52	U
71	53	Lp
71	54	-1
71	55	Lp
71	56	Lp
71	57	Lp
71	58	Lp
71	59	-1
71	60	L
71	61	L
71	62	Lp
71	63	Lp
71	64	L
71	65	Lp
71	66	Lp
71	67	-1
71	68	Lp
71	69	Lp
71	70	-1
71	71	Lp
71	72	-1
71	73	L
71	74	L
71	75	L
71	76	L
71	77	-1
71	78	Lp
71	79	Lp
71	80	Lp
71	81	Lp
71	82	-1
71	83	-1
71	84	Lp
71	85	Lp
71	86	Lp
71	87	-1
71	88	-1
71	89	Lp
71	90	-1
71	91	Lp
71	92	-1
71	93	-1
71	94	U
71	95	-1
71	96	Lp
71	97	Lp
71	98	Lp
71	99	Lp
71	100	L
71	101	Lp
71	102	Lp
71	103	Lp
71	104	Lp
71	105	Lp
71	106	Lp
71	107	Lp
71	108	Lp
71	109	-1
71	110	-1
71	111	L
71	112	L
71	113	Lp
71	114	Lp
71	115	L
71	116	L
71	117	L
71	118	L
71	119	L
72	0	L
72	1	L
72	2	Lp
72	3	Lp
72	4	-1
72	5	L
72	6	-1
72	7	U
72	8	Lp
72	9	Lp
72	10	-1
72	11	Lp
72	12	Lp
72	13	Lp
72	14	Lp
72	15	Lp
72	16	Lp
72	17	Lp
72	18	Lp
72	19	Lp
72	20	Lp
72	21	Lp
72	22	-1
72	23	L
72	24	-1
72	25	Lp
72	26	Lp
72	27	L
72	28	Lp
72	29	Lp
72	30	L
72	31	Lp
72	32	Lp
72	33	L
72	34	L
72	35	-1
72	36	Lp
72	37	Lp
72	38	L
72	39	L
72	40	L
72	41	L
72	42	Lp
72	43	L
72	44	Lp
72	45	Lp
72	46	Lp
72	47	L
72	48	Lp
72	49	Lp
72	50	Lp
72	51	U
72	52	U
72	53	-1
72	54	Lp
72	55	Lp
72	56	L
72	57	Lp
72	58	Lp
72	59	Lp
72	60	Lp
72	61	Lp
72	62	Lp
72	63	Lp
72	64	Lp
72	65	Lp
72	66	Lp
72	67	Lp
72	68	Lp
72	69	Lp
72	70	Lp
72	71	Lp
72	72	Lp
72	73	Lp
72	74	Lp
72	75	L
72	76	Lp
72	77	Lp
72	78	Lp
72	79	-1
72	80	Lp
72	81	Lp
72	82	Lp
72	83	Lp
72	84	Lp
72	85	Lp
72	86	U
72	87	Lp
72	88	Lp
72	89	-1
72	90	Lp
72	91	Lp
72	92	Lp
72	93	Lp
72	94	-1
72	95	Lp
72	96	Lp
72	97	Lp
72	98	-1
72	99	Lp
72	100	Lp
72	101	Lp
72	102	Lp
72	103	Lp
72	104	Lp
72	105	Lp
72	106	Lp
72	107	Lp
72	108	Lp
72	109	Lp
72	110	Lp
72	111	Lp
72	112	L
72	113	L
72	114	Lp
72	115	L
72	116	L
72	117	-1
72	118	L
72	119	L
73	0	L
73	1	Lp
73	2	L
73	3	Lp
73	4	Lp
73	5	Lp
73	6	L
73	7	U
73	8	U
73	9	Lp
73	10	Lp
73	11	L
73	12	Lp
73	13	Lp
73	14	Lp
73	15	-1
73	16	-1
73	17	Lp
73	18	Lp
73	19	Lp
73	20	Lp
73	21	U
73	22	Lp
73	23	U
73	24	Lp
73	25	Lp
73	26	Lp
73	27	L
73	28	L
73	29	Lp
73	30	Lp
73	31	Lp
73	32	L
73	33	L
73	34	L
73	35	L
73	36	U
73	37	L
73	38	Lp
73	39	L
73	40	L
73	41	L
73	42	L
73	43	L
73	44	Lp
73	45	L
73	46	L
73	47	Lp
73	48	L
73	49	L
73	50	-1
73	51	-1
73	52	U
73	53	U
73	54	Lp
73	55	U
73	56	U
73	57	Lp
73	58	Lp
73	59	Lp
73	60	L
73	61	-1
73	62	L
73	63	L
73	64	L
73	65	-1
73	66	Lp
73	67	Lp
73	68	Lp
73	69	Lp
73	70	Lp
73	71	L
73	72	L
73	73	L
73	74	-1
73	75	Lp
73	76	-1
73	77	L
73	78	Lp
73	79	-1
73	80	-1
73	81	U
73	82	L
73	83	L
73	84	L
73	85	Lp
73	86	-1
73	87	U
73	88	Lp
73	89	-1
73	90	Lp
73	91	Lp
73	92	Lp
73	93	Lp
73	94	-1
73	95	-1
73	96	Lp
73	97	L
73	98	Lp
73	99	Lp
73	100	Lp
73	101	Lp
73	102	Lp
73	103	Lp
73	104	Lp
73	105	Lp
73	106	Lp
73	107	Lp
73	108	Lp
73	109	-1
73	110	L
73	111	L
73	112	L
73	113	L
73	114	L
73	115	U
73	116	L
73	117	L
73	118	L
73	119	-1
74	0	-1
74	1	L
74	2	Lp
74	3	Lp
74	4	Lp
74	5	L
74	6	L
74	7	U
74	8	U
74	9	L
74	10	L
74	11	Lp
74	12	Lp
74	13	Lp
74	14	Lp
74	15	Lp
74	16	Lp
74	17	-1
74	18	-1
74	19	Lp
74	20	Lp
74	21	-1
74	22	-1
74	23	Lp
74	24	Lp
74	25	Lp
74	26	Lp
74	27	-1
74	28	Lp
74	29	Lp
74	30	-1
74	31	-1
74	32	L
74	33	Lp
74	34	Lp
74	35	Lp
74	36	Lp
74	37	U
74	38	Lp
74	39	L
74	40	L
74	41	Lp
74	42	L
74	43	L
74	44	L
74	45	Lp
74	46	Lp
74	47	L
74	48	L
74	49	L
74	50	L
74	51	L
74	52	-1
74	53	Lp
74	54	Lp
74	55	L
74	56	U
74	57	-1
74	58	Lp
74	59	L
74	60	L
74	61	Lp
74	62	L
74	63	L
74	64	U
74	65	L
74	66	Lp
74	67	Lp
74	68	-1
74	69	Lp
74	70	-1
74	71	-1
74	72	L
74	73	L
74	74	L
74	75	L
74	76	L
74	77	-1
74	78	L
74	79	Lp
74	80	Lp
74	81	Lp
74	82	U
74	83	L
74	84	Lp
74	85	Lp
74	86	U
74	87	Lp
74	88	Lp
74	89	Lp
74	90	Lp
74	91	Lp
74	92	Lp
74	93	-1
74	94	Lp
74	95	-1
74	96	-1
74	97	Lp
74	98	-1
74	99	-1
74	100	Lp
74	101	Lp
74	102	Lp
74	103	-1
74	104	L
74	105	Lp
74	106	Lp
74	107	Lp
74	108	Lp
74	109	Lp
74	110	L
74	111	-1
74	112	U
74	113	L
74	114	U
74	115	Lp
74	116	U
74	117	L
74	118	L
74	119	L
75	0	Lp
75	1	Lp
75	2	L
75	3	L
75	4	U
75	5	L
75	6	L
75	7	U
75	8	U
75	9	L
75	10	L
75	11	L
75	12	Lp
75	13	Lp
75	14	Lp
75	15	Lp
75	16	Lp
75	17	Lp
75	18	Lp
75	19	Lp
75	20	Lp
75	21	Lp
75	22	Lp
75	23	L
75	24	L
75	25	L
75	26	Lp
75	27	Lp
75	28	Lp
75	29	-1
75	30	Lp
75	31	Lp
75	32	Lp
75	33	-1
75	34	Lp
75	35	Lp
75	36	Lp
75	37	Lp
75	38	Lp
75	39	Lp
75	40	L
75	41	L
75	42	Lp
75	43	L
75	44	Lp
75	45	Lp
75	46	-1
75	47	-1
75	48	L
75	49	L
75	50	L
75	51	L
75	52	L
75	53	Lp
75	54	Lp
75	55	-1
75	56	L
75	57	-1
75	58	L
75	59	L
75	60	L
75	61	L
75	62	Lp
75	63	L
75	64	Lp
75	65	Lp
75	66	-1
75	67	L
75	68	Lp
75	69	Lp
75	70	L
75	71	L
75	72	L
75	73	L
75	74	L
75	75	L
75	76	L
75	77	-1
75	78	-1
75	79	U
75	80	-1
75	81	U
75	82	L
75	83	L
75	84	L
75	85	-1
75	86	-1
75	87	Lp
75	88	Lp
75	89	Lp
75	90	Lp
75	91	Lp
75	92	Lp
75	93	Lp
75	94	Lp
75	95	-1
75	96	Lp
75	97	Lp
75	98	Lp
75	99	Lp
75	100	Lp
75	101	Lp
75	102	Lp
75	103	Lp
75	104	Lp
75	105	L
75	106	L
75	107	L
75	108	Lp
75	109	L
75	110	L
75	111	U
75	112	U
75	113	U
75	114	Lp
75	115	U
75	116	Lp
75	117	U
75	118	-1
75	119	Lp
76	0	L
76	1	Lp
76	2	Lp
76	3	L
76	4	U
76	5	-1
76	6	U
76	7	Lp
76	8	U
76	9	U
76	10	L
76	11	U
76	12	L
76	13	U
76	14	Lp
76	15	Lp
76	16	-1
76	17	Lp
76	18	Lp
76	19	Lp
76	20	Lp
76	21	Lp
76	22	Lp
76	23	Lp
76	24	Lp
76	25	L
76	26	Lp
76	27	L
76	28	Lp
76	29	Lp
76	30	L
76	31	L
76	32	Lp
76	33	L
76	34	Lp
76	35	Lp
76	36	Lp
76	37	Lp
76	38	Lp
76	39	-1
76	40	Lp
76	41	L
76	42	Lp
76	43	Lp
76	44	Lp
76	45	-1
76	46	-1
76	47	L
76	48	L
76	49	L
76	50	L
76	51	L
76	52	L
76	53	L
76	54	L
76	55	L
76	56	L
76	57	-1
76	58	L
76	59	L
76	60	L
76	61	L
76	62	Lp
76	63	-1
76	64	Lp
76	65	Lp
76	66	-1
76	67	-1
76	68	-1
76	69	L
76	70	L
76	71	L
76	72	L
76	73	L
76	74	L
76	75	L
76	76	Lp
76	77	L
76	78	U
76	79	U
76	80	U
76	81	U
76	82	-1
76	83	L
76	84	Lp
76	85	Lp
76	86	Lp
76	87	Lp
76	88	Lp
76	89	Lp
76	90	Lp
76	91	Lp
76	92	Lp
76	93	Lp
76	94	Lp
76	95	Lp
76	96	-1
76	97	-1
76	98	Lp
76	99	Lp
76	100	-1
76	101	Lp
76	102	Lp
76	103	Lp
76	104	L
76	105	L
76	106	Lp
76	107	Lp
76	108	Lp
76	109	L
76	110	U
76	111	L
76	112	U
76	113	Lp
76	114	Lp
76	115	Lp
76	116	Lp
76	117	Lp
76	118	Lp
76	119	Lp
77	0	Lp
77	1	Lp
77	2	L
77	3	L
77	4	L
77	5	-1
77	6	-1
77	7	Lp
77	8	L
77	9	U
77	10	L
77	11	U
77	12	L
77	13	U
77	14	U
77	15	Lp
77	16	Lp
77	17	Lp
77	18	Lp
77	19	Lp
77	20	Lp
77	21	Lp
77	22	-1
77	23	Lp
77	24	Lp
77	25	Lp
77	26	L
77	27	Lp
77	28	Lp
77	29	Lp
77	30	Lp
77	31	L
77	32	L
77	33	Lp
77	34	L
77	35	Lp
77	36	Lp
77	37	Lp
77	38	Lp
77	39	L
77	40	Lp
77	41	-1
77	42	Lp
77	43	Lp
77	44	Lp
77	45	-1
77	46	Lp
77	47	L
77	48	L
77	49	-1
77	50	-1
77	51	L
77	52	Lp
77	53	L
77	54	L
77	55	L
77	56	L
77	57	L
77	58	L
77	59	L
77	60	L
77	61	-1
77	62	Lp
77	63	Lp
77	64	Lp
77	65	-1
77	66	Lp
77	67	Lp
77	68	-1
77	69	Lp
77	70	L
77	71	L
77	72	L
77	73	-1
77	74	-1
77	75	L
77	76	L
77	77	Lp
77	78	Lp
77	79	U
77	80	U
77	81	U
77	82	U
77	83	-1
77	84	Lp
77	85	-1
77	86	-1
77	87	Lp
77	88	Lp
77	89	Lp
77	90	Lp
77	91	Lp
77	92	Lp
77	93	L
77	94	Lp
77	95	Lp
77	96	-1
77	97	Lp
77	98	Lp
77	99	-1
77	100	Lp
77	101	Lp
77	102	Lp
77	103	-1
77	104	Lp
77	105	Lp
77	106	L
77	107	Lp
77	108	L
77	109	L
77	110	L
77	111	-1
77	112	Lp
77	113	Lp
77	114	L
77	115	Lp
77	116	Lp
77	117	Lp
77	118	Lp
77	119	Lp
78	0	Lp
78	1	L
78	2	L
78	3	-1
78	4	L
78	5	L
78	6	L
78	7	L
78	8	L
78	9	L
78	10	L
78	11	L
78	12	U
78	13	U
78	14	Lp
78	15	Lp
78	16	-1
78	17	Lp
78	18	Lp
78	19	-1
78	20	-1
78	21	Lp
78	22	Lp
78	23	Lp
78	24	Lp
78	25	Lp
78	26	Lp
78	27	L
78	28	Lp
78	29	Lp
78	30	Lp
78	31	Lp
78	32	L
78	33	Lp
78	34	L
78	35	Lp
78	36	Lp
78	37	Lp
78	38	-1
78	39	L
78	40	L
78	41	Lp
78	42	Lp
78	43	U
78	44	-1
78	45	L
78	46	L
78	47	L
78	48	L
78	49	-1
78	50	L
78	51	Lp
78	52	U
78	53	L
78	54	-1
78	55	L
78	56	L
78	57	L
78	58	L
78	59	L
78	60	Lp
78	61	-1
78	62	Lp
78	63	-1
78	64	-1
78	65	Lp
78	66	Lp
78	67	Lp
78	68	-1
78	69	Lp
78	70	Lp
78	71	L
78	72	L
78	73	U
78	74	L
78	75	Lp
78	76	L
78	77	Lp
78	78	-1
78	79	U
78	80	L
78	81	-1
78	82	-1
78	83	L
78	84	Lp
78	85	L
78	86	Lp
78	87	-1
78	88	-1
78	89	-1
78	90	Lp
78	91	Lp
78	92	Lp
78	93	-1
78	94	-1
78	95	Lp
78	96	Lp
78	97	Lp
78	98	Lp
78	99	-1
78	100	Lp
78	101	Lp
78	102	Lp
78	103	Lp
78	104	Lp
78	105	-1
78	106	Lp
78	107	L
78	108	Lp
78	109	L
78	110	L
78	111	-1
78	112	Lp
78	113	L
78	114	L
78	115	Lp
78	116	L
78	117	L
78	118	Lp
78	119	-1
79	0	L
79	1	L
79	2	L
79	3	Lp
79	4	L
79	5	-1
79	6	L
79	7	-1
79	8	L
79	9	L
79	10	L
79	11	L
79	12	U
79	13	Lp
79	14	Lp
79	15	L
79	16	Lp
79	17	-1
79	18	-1
79	19	Lp
79	20	-1
79	21	Lp
79	22	Lp
79	23	Lp
79	24	Lp
79	25	Lp
79	26	Lp
79	27	Lp
79	28	Lp
79	29	L
79	30	Lp
79	31	Lp
79	32	Lp
79	33	Lp
79	34	Lp
79	35	Lp
79	36	Lp
79	37	Lp
79	38	Lp
79	39	Lp
79	40	Lp
79	41	Lp
79	42	Lp
79	43	U
79	44	L
79	45	L
79	46	L
79	47	L
79	48	L
79	49	L
79	50	Lp
79	51	Lp
79	52	-1
79	53	L
79	54	L
79	55	L
79	56	L
79	57	L
79	58	L
79	59	Lp
79	60	L
79	61	Lp
79	62	Lp
79	63	Lp
79	64	Lp
79	65	Lp
79	66	Lp
79	67	Lp
79	68	Lp
79	69	Lp
79	70	Lp
79	71	Lp
79	72	L
79	73	L
79	74	Lp
79	75	L
79	76	Lp
79	77	-1
79	78	-1
79	79	Lp
79	80	-1
79	81	L
79	82	L
79	83	U
79	84	L
79	85	Lp
79	86	Lp
79	87	Lp
79	88	Lp
79	89	-1
79	90	L
79	91	Lp
79	92	Lp
79	93	Lp
79	94	-1
79	95	L
79	96	L
79	97	Lp
79	98	U
79	99	Lp
79	100	Lp
79	101	Lp
79	102	Lp
79	103	Lp
79	104	Lp
79	105	Lp
79	106	L
79	107	-1
79	108	Lp
79	109	L
79	110	L
79	111	L
79	112	L
79	113	L
79	114	L
79	115	L
79	116	Lp
79	117	Lp
79	118	L
79	119	Lp
80	0	L
80	1	-1
80	2	Lp
80	3	Lp
80	4	L
80	5	-1
80	6	L
80	7	-1
80	8	L
80	9	L
80	10	L
80	11	L
80	12	Lp
80	13	U
80	14	U
80	15	-1
80	16	L
80	17	Lp
80	18	Lp
80	19	Lp
80	20	-1
80	21	Lp
80	22	Lp
80	23	Lp
80	24	-1
80	25	Lp
80	26	-1
80	27	Lp
80	28	Lp
80	29	-1
80	30	Lp
80	31	-1
80	32	Lp
80	33	-1
80	34	Lp
80	35	Lp
80	36	Lp
80	37	-1
80	38	-1
80	39	Lp
80	40	Lp
80	41	Lp
80	42	Lp
80	43	U
80	44	-1
80	45	Lp
80	46	Lp
80	47	L
80	48	L
80	49	Lp
80	50	Lp
80	51	-1
80	52	Lp
80	53	-1
80	54	L
80	55	L
80	56	-1
80	57	L
80	58	L
80	59	Lp
80	60	U
80	61	U
80	62	Lp
80	63	U
80	64	-1
80	65	Lp
80	66	U
80	67	Lp
80	68	Lp
80	69	-1
80	70	Lp
80	71	L
80	72	-1
80	73	L
80	74	L
80	75	L
80	76	-1
80	77	Lp
80	78	Lp
80	79	Lp
80	80	L
80	81	U
80	82	L
80	83	-1
80	84	Lp
80	85	Lp
80	86	Lp
80	87	L
80	88	L
80	89	L
80	90	L
80	91	Lp
80	92	Lp
80	93	Lp
80	94	-1
80	95	L
80	96	L
80	97	L
80	98	-1
80	99	-1
80	100	Lp
80	101	Lp
80	102	Lp
80	103	Lp
80	104	Lp
80	105	Lp
80	106	Lp
80	107	L
80	108	-1
80	109	L
80	110	-1
80	111	L
80	112	L
80	113	L
80	114	Lp
80	115	Lp
80	116	Lp
80	117	Lp
80	118	L
80	119	L
81	0	L
81	1	L
81	2	Lp
81	3	L
81	4	L
81	5	L
81	6	L
81	7	L
81	8	L
81	9	L
81	10	L
81	11	-1
81	12	Lp
81	13	Lp
81	14	-1
81	15	L
81	16	-1
81	17	Lp
81	18	Lp
81	19	Lp
81	20	-1
81	21	-1
81	22	Lp
81	23	Lp
81	24	Lp
81	25	Lp
81	26	Lp
81	27	Lp
81	28	Lp
81	29	-1
81	30	Lp
81	31	Lp
81	32	Lp
81	33	Lp
81	34	Lp
81	35	-1
81	36	Lp
81	37	Lp
81	38	Lp
81	39	Lp
81	40	Lp
81	41	Lp
81	42	U
81	43	-1
81	44	U
81	45	Lp
81	46	Lp
81	47	Lp
81	48	Lp
81	49	Lp
81	50	Lp
81	51	Lp
81	52	Lp
81	53	L
81	54	-1
81	55	L
81	56	L
81	57	L
81	58	L
81	59	L
81	60	-1
81	61	Lp
81	62	-1
81	63	-1
81	64	Lp
81	65	-1
81	66	U
81	67	Lp
81	68	-1
81	69	Lp
81	70	-1
81	71	Lp
81	72	-1
81	73	L
81	74	Lp
81	75	L
81	76	L
81	77	Lp
81	78	Lp
81	79	Lp
81	80	Lp
81	81	L
81	82	-1
81	83	-1
81	84	Lp
81	85	Lp
81	86	Lp
81	87	-1
81	88	L
81	89	-1
81	90	L
81	91	-1
81	92	-1
81	93	Lp
81	94	Lp
81	95	L
81	96	L
81	97	-1
81	98	L
81	99	-1
81	100	-1
81	101	Lp
81	102	Lp
81	103	Lp
81	104	Lp
81	105	Lp
81	106	Lp
81	107	L
81	108	L
81	109	L
81	110	-1
81	111	L
81	112	-1
81	113	L
81	114	L
81	115	L
81	116	Lp
81	117	L
81	118	-1
81	119	L
82	0	L
82	1	L
82	2	-1
82	3	L
82	4	Lp
82	5	L
82	6	L
82	7	L
82	8	-1
82	9	-1
82	10	-1
82	11	-1
82	12	L
82	13	L
82	14	L
82	15	L
82	16	L
82	17	Lp
82	18	Lp
82	19	-1
82	20	L
82	21	Lp
82	22	-1
82	23	L
82	24	L
82	25	Lp
82	26	-1
82	27	L
82	28	L
82	29	-1
82	30	-1
82	31	-1
82	32	Lp
82	33	Lp
82	34	Lp
82	35	-1
82	36	-1
82	37	-1
82	38	-1
82	39	Lp
82	40	Lp
82	41	Lp
82	42	Lp
82	43	Lp
82	44	U
82	45	U
82	46	Lp
82	47	Lp
82	48	Lp
82	49	Lp
82	50	Lp
82	51	Lp
82	52	Lp
82	53	L
82	54	L
82	55	L
82	56	L
82	57	-1
82	58	L
82	59	L
82	60	-1
82	61	L
82	62	-1
82	63	U
82	64	Lp
82	65	U
82	66	Lp
82	67	Lp
82	68	Lp
82	69	Lp
82	70	-1
82	71	L
82	72	L
82	73	Lp
82	74	L
82	75	L
82	76	L
82	77	L
82	78	Lp
82	79	-1
82	80	-1
82	81	Lp
82	82	Lp
82	83	Lp
82	84	Lp
82	85	Lp
82	86	Lp
82	87	Lp
82	88	Lp
82	89	L
82	90	L
82	91	L
82	92	L
82	93	Lp
82	94	-1
82	95	L
82	96	Lp
82	97	L
82	98	-1
82	99	L
82	100	L
82	101	Lp
82	102	Lp
82	103	Lp
82	104	Lp
82	105	L
82	106	L
82	107	Lp
82	108	-1
82	109	L
82	110	L
82	111	L
82	112	U
82	113	L
82	114	Lp
82	115	-1
82	116	Lp
82	117	L
82	118	L
82	119	L
83	0	L
83	1	-1
83	2	-1
83	3	Lp
83	4	Lp
83	5	-1
83	6	-1
83	7	L
83	8	U
83	9	U
83	10	U
83	11	U
83	12	U
83	13	L
83	14	L
83	15	-1
83	16	Lp
83	17	Lp
83	18	Lp
83	19	L
83	20	Lp
83	21	L
83	22	L
83	23	L
83	24	Lp
83	25	-1
83	26	Lp
83	27	Lp
83	28	Lp
83	29	Lp
83	30	Lp
83	31	Lp
83	32	Lp
83	33	Lp
83	34	Lp
83	35	Lp
83	36	Lp
83	37	Lp
83	38	-1
83	39	Lp
83	40	Lp
83	41	Lp
83	42	Lp
83	43	U
83	44	Lp
83	45	Lp
83	46	Lp
83	47	Lp
83	48	Lp
83	49	Lp
83	50	Lp
83	51	-1
83	52	-1
83	53	-1
83	54	L
83	55	L
83	56	U
83	57	L
83	58	L
83	59	L
83	60	-1
83	61	L
83	62	U
83	63	U
83	64	U
83	65	Lp
83	66	Lp
83	67	-1
83	68	-1
83	69	Lp
83	70	L
83	71	L
83	72	-1
83	73	-1
83	74	-1
83	75	L
83	76	L
83	77	L
83	78	-1
83	79	Lp
83	80	Lp
83	81	-1
83	82	L
83	83	L
83	84	Lp
83	85	Lp
83	86	Lp
83	87	-1
83	88	Lp
83	89	-1
83	90	Lp
83	91	Lp
83	92	-1
83	93	L
83	94	L
83	95	-1
83	96	-1
83	97	L
83	98	L
83	99	Lp
83	100	L
83	101	Lp
83	102	Lp
83	103	Lp
83	104	Lp
83	105	L
83	106	-1
83	107	-1
83	108	Lp
83	109	L
83	110	L
83	111	Lp
83	112	U
83	113	Lp
83	114	Lp
83	115	Lp
83	116	-1
83	117	-1
83	118	L
83	119	L
84	0	L
84	1	L
84	2	Lp
84	3	-1
84	4	Lp
84	5	-1
84	6	L
84	7	U
84	8	L
84	9	-1
84	10	U
84	11	U
84	12	U
84	13	L
84	14	L
84	15	L
84	16	-1
84	17	Lp
84	18	-1
84	19	Lp
84	20	Lp
84	21	Lp
84	22	L
84	23	L
84	24	-1
84	25	Lp
84	26	L
84	27	U
84	28	U
84	29	Lp
84	30	Lp
84	31	Lp
84	32	Lp
84	33	Lp
84	34	Lp
84	35	Lp
84	36	-1
84	37	Lp
84	38	-1
84	39	Lp
84	40	Lp
84	41	Lp
84	42	-1
84	43	Lp
84	44	Lp
84	45	Lp
84	46	Lp
84	47	Lp
84	48	Lp
84	49	Lp
84	50	-1
84	51	Lp
84	52	Lp
84	53	L
84	54	L
84	55	L
84	56	U
84	57	-1
84	58	L
84	59	-1
84	60	-1
84	61	-1
84	62	L
84	63	L
84	64	U
84	65	Lp
84	66	Lp
84	67	-1
84	68	-1
84	69	L
84	70	L
84	71	-1
84	72	L
84	73	-1
84	74	Lp
84	75	Lp
84	76	-1
84	77	-1
84	78	L
84	79	L
84	80	L
84	81	-1
84	82	L
84	83	-1
84	84	Lp
84	85	Lp
84	86	Lp
84	87	Lp
84	88	Lp
84	89	-1
84	90	-1
84	91	L
84	92	Lp
84	93	L
84	94	-1
84	95	L
84	96	L
84	97	L
84	98	L
84	99	Lp
84	100	Lp
84	101	L
84	102	-1
84	103	Lp
84	104	L
84	105	L
84	106	L
84	107	Lp
84	108	Lp
84	109	Lp
84	110	-1
84	111	-1
84	112	U
84	113	-1
84	114	L
84	115	-1
84	116	-1
84	117	Lp
84	118	-1
84	119	L
85	0	L
85	1	L
85	2	-1
85	3	Lp
85	4	Lp
85	5	-1
85	6	U
85	7	L
85	8	U
85	9	U
85	10	U
85	11	U
85	12	U
85	13	L
85	14	Lp
85	15	L
85	16	Lp
85	17	Lp
85	18	Lp
85	19	-1
85	20	Lp
85	21	Lp
85	22	Lp
85	23	-1
85	24	L
85	25	-1
85	26	-1
85	27	U
85	28	-1
85	29	Lp
85	30	-1
85	31	Lp
85	32	Lp
85	33	Lp
85	34	Lp
85	35	-1
85	36	-1
85	37	Lp
85	38	Lp
85	39	Lp
85	40	Lp
85	41	Lp
85	42	Lp
85	43	Lp
85	44	Lp
85	45	-1
85	46	Lp
85	47	Lp
85	48	Lp
85	49	-1
85	50	-1
85	51	Lp
85	52	U
85	53	-1
85	54	Lp
85	55	U
85	56	-1
85	57	-1
85	58	-1
85	59	L
85	60	U
85	61	U
85	62	L
85	63	U
85	64	-1
85	65	Lp
85	66	Lp
85	67	Lp
85	68	-1
85	69	L
85	70	L
85	71	-1
85	72	L
85	73	L
85	74	Lp
85	75	Lp
85	76	Lp
85	77	Lp
85	78	Lp
85	79	Lp
85	80	L
85	81	L
85	82	L
85	83	L
85	84	L
85	85	L
85	86	-1
85	87	L
85	88	L
85	89	-1
85	90	-1
85	91	L
85	92	Lp
85	93	Lp
85	94	Lp
85	95	L
85	96	Lp
85	97	Lp
85	98	L
85	99	-1
85	100	Lp
85	101	Lp
85	102	Lp
85	103	Lp
85	104	Lp
85	105	-1
85	106	Lp
85	107	-1
85	108	L
85	109	-1
85	110	L
85	111	Lp
85	112	Lp
85	113	L
85	114	L
85	115	L
85	116	-1
85	117	L
85	118	Lp
85	119	L
86	0	L
86	1	-1
86	2	L
86	3	L
86	4	Lp
86	5	L
86	6	-1
86	7	U
86	8	U
86	9	U
86	10	U
86	11	-1
86	12	U
86	13	-1
86	14	Lp
86	15	Lp
86	16	Lp
86	17	Lp
86	18	Lp
86	19	Lp
86	20	Lp
86	21	Lp
86	22	L
86	23	L
86	24	L
86	25	L
86	26	U
86	27	L
86	28	U
86	29	-1
86	30	Lp
86	31	-1
86	32	-1
86	33	Lp
86	34	Lp
86	35	Lp
86	36	Lp
86	37	Lp
86	38	Lp
86	39	Lp
86	40	Lp
86	41	Lp
86	42	Lp
86	43	L
86	44	Lp
86	45	Lp
86	46	-1
86	47	Lp
86	48	Lp
86	49	Lp
86	50	Lp
86	51	L
86	52	-1
86	53	L
86	54	L
86	55	-1
86	56	U
86	57	U
86	58	L
86	59	L
86	60	L
86	61	U
86	62	L
86	63	L
86	64	Lp
86	65	Lp
86	66	Lp
86	67	Lp
86	68	Lp
86	69	L
86	70	-1
86	71	-1
86	72	Lp
86	73	L
86	74	-1
86	75	-1
86	76	L
86	77	L
86	78	-1
86	79	L
86	80	L
86	81	L
86	82	L
86	83	L
86	84	L
86	85	L
86	86	L
86	87	Lp
86	88	L
86	89	L
86	90	L
86	91	Lp
86	92	Lp
86	93	-1
86	94	-1
86	95	-1
86	96	Lp
86	97	L
86	98	Lp
86	99	L
86	100	Lp
86	101	L
86	102	Lp
86	103	Lp
86	104	Lp
86	105	Lp
86	106	Lp
86	107	-1
86	108	Lp
86	109	L
86	110	L
86	111	L
86	112	Lp
86	113	-1
86	114	-1
86	115	L
86	116	U
86	117	U
86	118	L
86	119	L
87	0	L
87	1	L
87	2	L
87	3	L
87	4	L
87	5	U
87	6	-1
87	7	-1
87	8	U
87	9	U
87	10	Lp
87	11	U
87	12	-1
87	13	-1
87	14	Lp
87	15	L
87	16	Lp
87	17	-1
87	18	-1
87	19	-1
87	20	Lp
87	21	L
87	22	-1
87	23	L
87	24	L
87	25	-1
87	26	L
87	27	Lp
87	28	U
87	29	U
87	30	Lp
87	31	Lp
87	32	-1
87	33	Lp
87	34	Lp
87	35	L
87	36	Lp
87	37	Lp
87	38	Lp
87	39	Lp
87	40	Lp
87	41	Lp
87	42	Lp
87	43	-1
87	44	Lp
87	45	Lp
87	46	Lp
87	47	Lp
87	48	L
87	49	L
87	50	Lp
87	51	Lp
87	52	-1
87	53	L
87	54	Lp
87	55	-1
87	56	U
87	57	U
87	58	L
87	59	L
87	60	Lp
87	61	L
87	62	-1
87	63	L
87	64	Lp
87	65	-1
87	66	L
87	67	-1
87	68	Lp
87	69	Lp
87	70	L
87	71	L
87	72	L
87	73	L
87	74	L
87	75	-1
87	76	-1
87	77	L
87	78	L
87	79	Lp
87	80	Lp
87	81	L
87	82	L
87	83	-1
87	84	L
87	85	L
87	86	Lp
87	87	L
87	88	L
87	89	-1
87	90	Lp
87	91	L
87	92	Lp
87	93	Lp
87	94	L
87	95	L
87	96	Lp
87	97	L
87	98	Lp
87	99	Lp
87	100	Lp
87	101	Lp
87	102	-1
87	103	-1
87	104	Lp
87	105	Lp
87	106	L
87	107	L
87	108	L
87	109	L
87	110	L
87	111	L
87	112	L
87	113	L
87	114	L
87	115	L
87	116	-1
87	117	U
87	118	U
87	119	L
88	0	L
88	1	L
88	2	L
88	3	L
88	4	L
88	5	-1
88	6	U
88	7	U
88	8	U
88	9	-1
88	10	U
88	11	Lp
88	12	Lp
88	13	Lp
88	14	L
88	15	-1
88	16	Lp
88	17	Lp
88	18	-1
88	19	Lp
88	20	L
88	21	L
88	22	-1
88	23	L
88	24	L
88	25	L
88	26	-1
88	27	L
88	28	L
88	29	-1
88	30	Lp
88	31	-1
88	32	Lp
88	33	Lp
88	34	Lp
88	35	L
88	36	Lp
88	37	Lp
88	38	Lp
88	39	Lp
88	40	Lp
88	41	Lp
88	42	Lp
88	43	L
88	44	-1
88	45	L
88	46	Lp
88	47	Lp
88	48	L
88	49	L
88	50	L
88	51	L
88	52	-1
88	53	-1
88	54	L
88	55	-1
88	56	U
88	57	U
88	58	L
88	59	L
88	60	-1
88	61	-1
88	62	L
88	63	-1
88	64	Lp
88	65	L
88	66	-1
88	67	L
88	68	Lp
88	69	Lp
88	70	Lp
88	71	Lp
88	72	L
88	73	-1
88	74	L
88	75	Lp
88	76	Lp
88	77	L
88	78	L
88	79	Lp
88	80	Lp
88	81	L
88	82	L
88	83	L
88	84	L
88	85	-1
88	86	L
88	87	L
88	88	L
88	89	Lp
88	90	Lp
88	91	L
88	92	L
88	93	L
88	94	L
88	95	L
88	96	-1
88	97	Lp
88	98	Lp
88	99	Lp
88	100	-1
88	101	Lp
88	102	Lp
88	103	Lp
88	104	Lp
88	105	Lp
88	106	L
88	107	Lp
88	108	-1
88	109	L
88	110	Lp
88	111	L
88	112	L
88	113	L
88	114	L
88	115	Lp
88	116	Lp
88	117	L
88	118	L
88	119	L
89	0	L
89	1	L
89	2	-1
89	3	L
89	4	Lp
89	5	Lp
89	6	U
89	7	U
89	8	U
89	9	Lp
89	10	Lp
89	11	Lp
89	12	Lp
89	13	Lp
89	14	-1
89	15	-1
89	16	Lp
89	17	U
89	18	Lp
89	19	-1
89	20	L
89	21	L
89	22	Lp
89	23	Lp
89	24	-1
89	25	-1
89	26	L
89	27	L
89	28	L
89	29	Lp
89	30	L
89	31	Lp
89	32	Lp
89	33	Lp
89	34	L
89	35	Lp
89	36	L
89	37	Lp
89	38	Lp
89	39	Lp
89	40	Lp
89	41	Lp
89	42	-1
89	43	L
89	44	L
89	45	-1
89	46	Lp
89	47	Lp
89	48	-1
89	49	L
89	50	L
89	51	L
89	52	L
89	53	L
89	54	-1
89	55	L
89	56	U
89	57	U
89	58	-1
89	59	Lp
89	60	Lp
89	61	Lp
89	62	-1
89	63	Lp
89	64	Lp
89	65	Lp
89	66	Lp
89	67	L
89	68	U
89	69	U
89	70	Lp
89	71	Lp
89	72	Lp
89	73	-1
89	74	L
89	75	L
89	76	L
89	77	Lp
89	78	Lp
89	79	Lp
89	80	L
89	81	L
89	82	L
89	83	Lp
89	84	-1
89	85	-1
89	86	L
89	87	L
89	88	-1
89	89	L
89	90	L
89	91	-1
89	92	Lp
89	93	-1
89	94	L
89	95	L
89	96	Lp
89	97	-1
89	98	Lp
89	99	-1
89	100	Lp
89	101	Lp
89	102	Lp
89	103	Lp
89	104	Lp
89	105	Lp
89	106	-1
89	107	-1
89	108	L
89	109	L
89	110	L
89	111	L
89	112	L
89	113	L
89	114	-1
89	115	Lp
89	116	Lp
89	117	L
89	118	-1
89	119	L
90	0	L
90	1	L
90	2	-1
90	3	-1
90	4	L
90	5	L
90	6	-1
90	7	L
90	8	-1
90	9	Lp
90	10	Lp
90	11	Lp
90	12	Lp
90	13	Lp
90	14	-1
90	15	Lp
90	16	-1
90	17	Lp
90	18	-1
90	19	-1
90	20	Lp
90	21	Lp
90	22	Lp
90	23	L
90	24	L
90	25	L
90	26	L
90	27	L
90	28	Lp
90	29	L
90	30	Lp
90	31	Lp
90	32	-1
90	33	L
90	34	-1
90	35	L
90	36	L
90	37	L
90	38	Lp
90	39	Lp
90	40	Lp
90	41	-1
90	42	L
90	43	L
90	44	L
90	45	L
90	46	L
90	47	Lp
90	48	-1
90	49	-1
90	50	L
90	51	-1
90	52	L
90	53	L
90	54	L
90	55	L
90	56	L
90	57	L
90	58	L
90	59	-1
90	60	L
90	61	L
90	62	L
90	63	L
90	64	-1
90	65	L
90	66	Lp
90	67	-1
90	68	-1
90	69	L
90	70	L
90	71	Lp
90	72	L
90	73	-1
90	74	Lp
90	75	L
90	76	L
90	77	-1
90	78	Lp
90	79	Lp
90	80	-1
90	81	L
90	82	L
90	83	L
90	84	L
90	85	-1
90	86	L
90	87	L
90	88	L
90	89	L
90	90	Lp
90	91	Lp
90	92	-1
90	93	-1
90	94	L
90	95	Lp
90	96	-1
90	97	-1
90	98	L
90	99	Lp
90	100	Lp
90	101	Lp
90	102	Lp
90	103	Lp
90	104	L
90	105	-1
90	106	Lp
90	107	Lp
90	108	-1
90	109	L
90	110	L
90	111	L
90	112	L
90	113	L
90	114	Lp
90	115	Lp
90	116	-1
90	117	-1
90	118	-1
90	119	L
91	0	L
91	1	L
91	2	L
91	3	-1
91	4	L
91	5	L
91	6	Lp
91	7	Lp
91	8	Lp
91	9	Lp
91	10	Lp
91	11	Lp
91	12	Lp
91	13	Lp
91	14	Lp
91	15	-1
91	16	Lp
91	17	-1
91	18	Lp
91	19	Lp
91	20	Lp
91	21	Lp
91	22	L
91	23	-1
91	24	L
91	25	L
91	26	Lp
91	27	L
91	28	-1
91	29	Lp
91	30	Lp
91	31	Lp
91	32	Lp
91	33	Lp
91	34	Lp
91	35	L
91	36	L
91	37	-1
91	38	Lp
91	39	L
91	40	L
91	41	L
91	42	-1
91	43	L
91	44	-1
91	45	L
91	46	L
91	47	L
91	48	L
91	49	Lp
91	50	L
91	51	L
91	52	Lp
91	53	Lp
91	54	-1
91	55	L
91	56	L
91	57	U
91	58	L
91	59	Lp
91	60	L
91	61	L
91	62	-1
91	63	L
91	64	L
91	65	L
91	66	L
91	67	L
91	68	L
91	69	L
91	70	L
91	71	Lp
91	72	-1
91	73	Lp
91	74	L
91	75	L
91	76	Lp
91	77	Lp
91	78	-1
91	79	Lp
91	80	Lp
91	81	L
91	82	L
91	83	L
91	84	-1
91	85	L
91	86	-1
91	87	-1
91	88	Lp
91	89	Lp
91	90	Lp
91	91	Lp
91	92	-1
91	93	L
91	94	L
91	95	L
91	96	-1
91	97	L
91	98	Lp
91	99	Lp
91	100	-1
91	101	Lp
91	102	-1
91	103	Lp
91	104	Lp
91	105	Lp
91	106	-1
91	107	L
91	108	-1
91	109	-1
91	110	L
91	111	L
91	112	L
91	113	-1
91	114	Lp
91	115	Lp
91	116	L
91	117	Lp
91	118	L
91	119	L
92	0	-1
92	1	Lp
92	2	Lp
92	3	L
92	4	Lp
92	5	Lp
92	6	Lp
92	7	-1
92	8	Lp
92	9	Lp
92	10	Lp
92	11	Lp
92	12	Lp
92	13	Lp
92	14	Lp
92	15	Lp
92	16	Lp
92	17	-1
92	18	L
92	19	Lp
92	20	L
92	21	L
92	22	Lp
92	23	Lp
92	24	-1
92	25	Lp
92	26	-1
92	27	Lp
92	28	L
92	29	Lp
92	30	Lp
92	31	Lp
92	32	Lp
92	33	-1
92	34	Lp
92	35	L
92	36	Lp
92	37	-1
92	38	-1
92	39	L
92	40	Lp
92	41	L
92	42	L
92	43	-1
92	44	L
92	45	L
92	46	L
92	47	-1
92	48	Lp
92	49	L
92	50	L
92	51	Lp
92	52	Lp
92	53	Lp
92	54	U
92	55	Lp
92	56	Lp
92	57	-1
92	58	Lp
92	59	L
92	60	-1
92	61	Lp
92	62	L
92	63	L
92	64	L
92	65	L
92	66	-1
92	67	L
92	68	L
92	69	L
92	70	L
92	71	Lp
92	72	Lp
92	73	Lp
92	74	-1
92	75	L
92	76	L
92	77	-1
92	78	Lp
92	79	Lp
92	80	Lp
92	81	L
92	82	Lp
92	83	L
92	84	-1
92	85	-1
92	86	-1
92	87	-1
92	88	-1
92	89	Lp
92	90	-1
92	91	Lp
92	92	Lp
92	93	L
92	94	L
92	95	-1
92	96	L
92	97	Lp
92	98	Lp
92	99	-1
92	100	Lp
92	101	Lp
92	102	Lp
92	103	Lp
92	104	Lp
92	105	Lp
92	106	L
92	107	L
92	108	L
92	109	L
92	110	-1
92	111	Lp
92	112	L
92	113	L
92	114	Lp
92	115	Lp
92	116	-1
92	117	L
92	118	Lp
92	119	Lp
93	0	Lp
93	1	Lp
93	2	Lp
93	3	Lp
93	4	Lp
93	5	Lp
93	6	Lp
93	7	Lp
93	8	Lp
93	9	Lp
93	10	Lp
93	11	Lp
93	12	Lp
93	13	Lp
93	14	Lp
93	15	Lp
93	16	Lp
93	17	Lp
93	18	L
93	19	Lp
93	20	L
93	21	Lp
93	22	L
93	23	Lp
93	24	L
93	25	Lp
93	26	Lp
93	27	Lp
93	28	L
93	29	Lp
93	30	Lp
93	31	U
93	32	-1
93	33	Lp
93	34	Lp
93	35	Lp
93	36	Lp
93	37	Lp
93	38	L
93	39	L
93	40	Lp
93	41	Lp
93	42	L
93	43	-1
93	44	-1
93	45	Lp
93	46	L
93	47	Lp
93	48	-1
93	49	Lp
93	50	Lp
93	51	L
93	52	Lp
93	53	U
93	54	Lp
93	55	Lp
93	56	Lp
93	57	Lp
93	58	Lp
93	59	L
93	60	L
93	61	Lp
93	62	L
93	63	-1
93	64	L
93	65	-1
93	66	L
93	67	L
93	68	L
93	69	L
93	70	L
93	71	-1
93	72	-1
93	73	Lp
93	74	Lp
93	75	-1
93	76	L
93	77	-1
93	78	L
93	79	L
93	80	Lp
93	81	Lp
93	82	Lp
93	83	-1
93	84	L
93	85	Lp
93	86	Lp
93	87	Lp
93	88	Lp
93	89	-1
93	90	-1
93	91	Lp
93	92	L
93	93	L
93	94	L
93	95	L
93	96	L
93	97	L
93	98	-1
93	99	Lp
93	100	Lp
93	101	Lp
93	102	Lp
93	103	Lp
93	104	L
93	105	L
93	106	L
93	107	-1
93	108	L
93	109	-1
93	110	Lp
93	111	Lp
93	112	-1
93	113	Lp
93	114	L
93	115	L
93	116	L
93	117	L
93	118	L
93	119	Lp
94	0	Lp
94	1	Lp
94	2	Lp
94	3	-1
94	4	-1
94	5	Lp
94	6	Lp
94	7	Lp
94	8	Lp
94	9	Lp
94	10	Lp
94	11	Lp
94	12	Lp
94	13	Lp
94	14	L
94	15	-1
94	16	Lp
94	17	Lp
94	18	Lp
94	19	Lp
94	20	L
94	21	-1
94	22	L
94	23	L
94	24	Lp
94	25	L
94	26	Lp
94	27	-1
94	28	L
94	29	L
94	30	-1
94	31	Lp
94	32	Lp
94	33	Lp
94	34	Lp
94	35	Lp
94	36	Lp
94	37	L
94	38	-1
94	39	-1
94	40	Lp
94	41	Lp
94	42	Lp
94	43	-1
94	44	Lp
94	45	Lp
94	46	-1
94	47	L
94	48	L
94	49	L
94	50	Lp
94	51	Lp
94	52	Lp
94	53	-1
94	54	U
94	55	U
94	56	-1
94	57	Lp
94	58	Lp
94	59	Lp
94	60	Lp
94	61	L
94	62	L
94	63	Lp
94	64	L
94	65	-1
94	66	Lp
94	67	L
94	68	L
94	69	L
94	70	Lp
94	71	-1
94	72	Lp
94	73	L
94	74	L
94	75	L
94	76	U
94	77	L
94	78	-1
94	79	Lp
94	80	-1
94	81	Lp
94	82	Lp
94	83	Lp
94	84	L
94	85	Lp
94	86	Lp
94	87	Lp
94	88	Lp
94	89	Lp
94	90	Lp
94	91	Lp
94	92	L
94	93	L
94	94	L
94	95	L
94	96	Lp
94	97	L
94	98	L
94	99	-1
94	100	-1
94	101	Lp
94	102	Lp
94	103	Lp
94	104	L
94	105	Lp
94	106	L
94	107	Lp
94	108	L
94	109	U
94	110	U
94	111	-1
94	112	L
94	113	L
94	114	L
94	115	L
94	116	Lp
94	117	L
94	118	Lp
94	119	Lp
95	0	Lp
95	1	Lp
95	2	Lp
95	3	Lp
95	4	Lp
95	5	Lp
95	6	Lp
95	7	Lp
95	8	Lp
95	9	Lp
95	10	Lp
95	11	Lp
95	12	-1
95	13	L
95	14	-1
95	15	Lp
95	16	L
95	17	Lp
95	18	Lp
95	19	-1
95	20	Lp
95	21	L
95	22	L
95	23	Lp
95	24	L
95	25	-1
95	26	L
95	27	L
95	28	L
95	29	-1
95	30	Lp
95	31	Lp
95	32	Lp
95	33	-1
95	34	Lp
95	35	-1
95	36	Lp
95	37	U
95	38	U
95	39	U
95	40	Lp
95	41	U
95	42	Lp
95	43	L
95	44	Lp
95	45	Lp
95	46	Lp
95	47	L
95	48	L
95	49	-1
95	50	Lp
95	51	U
95	52	U
95	53	U
95	54	U
95	55	U
95	56	U
95	57	Lp
95	58	Lp
95	59	L
95	60	Lp
95	61	-1
95	62	L
95	63	L
95	64	-1
95	65	-1
95	66	Lp
95	67	L
95	68	L
95	69	L
95	70	-1
95	71	L
95	72	Lp
95	73	Lp
95	74	L
95	75	-1
95	76	Lp
95	77	Lp
95	78	Lp
95	79	Lp
95	80	Lp
95	81	Lp
95	82	Lp
95	83	Lp
95	84	Lp
95	85	Lp
95	86	-1
95	87	Lp
95	88	L
95	89	Lp
95	90	L
95	91	-1
95	92	Lp
95	93	L
95	94	Lp
95	95	-1
95	96	Lp
95	97	L
95	98	L
95	99	L
95	100	Lp
95	101	Lp
95	102	Lp
95	103	Lp
95	104	Lp
95	105	-1
95	106	Lp
95	107	-1
95	108	L
95	109	-1
95	110	U
95	111	L
95	112	L
95	113	L
95	114	L
95	115	Lp
95	116	-1
95	117	Lp
95	118	Lp
95	119	L
96	0	Lp
96	1	Lp
96	2	Lp
96	3	Lp
96	4	Lp
96	5	Lp
96	6	Lp
96	7	-1
96	8	-1
96	9	Lp
96	10	Lp
96	11	Lp
96	12	L
96	13	-1
96	14	Lp
96	15	L
96	16	Lp
96	17	L
96	18	L
96	19	-1
96	20	L
96	21	-1
96	22	L
96	23	U
96	24	L
96	25	L
96	26	L
96	27	Lp
96	28	Lp
96	29	Lp
96	30	Lp
96	31	Lp
96	32	L
96	33	L
96	34	U
96	35	Lp
96	36	-1
96	37	U
96	38	-1
96	39	Lp
96	40	U
96	41	U
96	42	Lp
96	43	L
96	44	L
96	45	Lp
96	46	Lp
96	47	Lp
96	48	L
96	49	-1
96	50	Lp
96	51	L
96	52	U
96	53	U
96	54	-1
96	55	L
96	56	U
96	57	Lp
96	58	L
96	59	L
96	60	L
96	61	Lp
96	62	-1
96	63	Lp
96	64	Lp
96	65	-1
96	66	-1
96	67	L
96	68	L
96	69	-1
96	70	L
96	71	Lp
96	72	Lp
96	73	-1
96	74	-1
96	75	-1
96	76	-1
96	77	-1
96	78	Lp
96	79	Lp
96	80	Lp
96	81	Lp
96	82	Lp
96	83	-1
96	84	-1
96	85	-1
96	86	-1
96	87	-1
96	88	Lp
96	89	U
96	90	L
96	91	Lp
96	92	Lp
96	93	-1
96	94	Lp
96	95	Lp
96	96	Lp
96	97	L
96	98	L
96	99	Lp
96	100	L
96	101	L
96	102	L
96	103	Lp
96	104	Lp
96	105	L
96	106	Lp
96	107	Lp
96	108	Lp
96	109	Lp
96	110	L
96	111	L
96	112	L
96	113	L
96	114	-1
96	115	L
96	116	Lp
96	117	Lp
96	118	Lp
96	119	Lp
97	0	Lp
97	1	Lp
97	2	-1
97	3	Lp
97	4	Lp
97	5	Lp
97	6	Lp
97	7	Lp
97	8	Lp
97	9	-1
97	10	Lp
97	11	-1
97	12	Lp
97	13	Lp
97	14	Lp
97	15	-1
97	16	L
97	17	L
97	18	L
97	19	L
97	20	L
97	21	L
97	22	L
97	23	L
97	24	L
97	25	-1
97	26	Lp
97	27	Lp
97	28	-1
97	29	Lp
97	30	-1
97	31	Lp
97	32	Lp
97	33	L
97	34	-1
97	35	-1
97	36	-1
97	37	U
97	38	U
97	39	Lp
97	40	Lp
97	41	Lp
97	42	U
97	43	U
97	44	-1
97	45	Lp
97	46	Lp
97	47	L
97	48	L
97	49	L
97	50	L
97	51	-1
97	52	U
97	53	Lp
97	54	-1
97	55	L
97	56	U
97	57	U
97	58	Lp
97	59	L
97	60	Lp
97	61	L
97	62	Lp
97	63	Lp
97	64	-1
97	65	Lp
97	66	L
97	67	L
97	68	-1
97	69	L
97	70	-1
97	71	L
97	72	Lp
97	73	Lp
97	74	-1
97	75	L
97	76	-1
97	77	Lp
97	78	Lp
97	79	Lp
97	80	Lp
97	81	Lp
97	82	-1
97	83	-1
97	84	L
97	85	L
97	86	L
97	87	U
97	88	-1
97	89	U
97	90	Lp
97	91	Lp
97	92	Lp
97	93	-1
97	94	Lp
97	95	Lp
97	96	Lp
97	97	Lp
97	98	Lp
97	99	Lp
97	100	-1
97	101	Lp
97	102	L
97	103	-1
97	104	Lp
97	105	L
97	106	-1
97	107	Lp
97	108	Lp
97	109	L
97	110	Lp
97	111	Lp
97	112	-1
97	113	Lp
97	114	L
97	115	L
97	116	Lp
97	117	-1
97	118	Lp
97	119	Lp
98	0	Lp
98	1	Lp
98	2	Lp
98	3	Lp
98	4	-1
98	5	Lp
98	6	Lp
98	7	Lp
98	8	Lp
98	9	Lp
98	10	Lp
98	11	-1
98	12	Lp
98	13	Lp
98	14	Lp
98	15	-1
98	16	L
98	17	L
98	18	L
98	19	L
98	20	L
98	21	L
98	22	-1
98	23	-1
98	24	L
98	25	-1
98	26	Lp
98	27	-1
98	28	Lp
98	29	Lp
98	30	Lp
98	31	Lp
98	32	Lp
98	33	Lp
98	34	Lp
98	35	L
98	36	U
98	37	Lp
98	38	U
98	39	U
98	40	Lp
98	41	Lp
98	42	-1
98	43	-1
98	44	Lp
98	45	U
98	46	U
98	47	Lp
98	48	U
98	49	U
98	50	-1
98	51	Lp
98	52	Lp
98	53	Lp
98	54	Lp
98	55	L
98	56	L
98	57	U
98	58	L
98	59	Lp
98	60	Lp
98	61	Lp
98	62	L
98	63	L
98	64	Lp
98	65	L
98	66	L
98	67	L
98	68	-1
98	69	L
98	70	Lp
98	71	-1
98	72	Lp
98	73	Lp
98	74	Lp
98	75	-1
98	76	-1
98	77	L
98	78	L
98	79	Lp
98	80	Lp
98	81	Lp
98	82	Lp
98	83	L
98	84	L
98	85	L
98	86	U
98	87	U
98	88	U
98	89	-1
98	90	Lp
98	91	Lp
98	92	Lp
98	93	Lp
98	94	Lp
98	95	Lp
98	96	-1
98	97	-1
98	98	Lp
98	99	Lp
98	100	L
98	101	Lp
98	102	Lp
98	103	Lp
98	104	-1
98	105	L
98	106	Lp
98	107	Lp
98	108	Lp
98	109	Lp
98	110	L
98	111	Lp
98	112	Lp
98	113	Lp
98	114	L
98	115	Lp
98	116	Lp
98	117	-1
98	118	Lp
98	119	Lp
99	0	Lp
99	1	Lp
99	2	Lp
99	3	Lp
99	4	Lp
99	5	Lp
99	6	Lp
99	7	-1
99	8	-1
99	9	Lp
99	10	-1
99	11	Lp
99	12	Lp
99	13	Lp
99	14	U
99	15	L
99	16	-1
99	17	L
99	18	-1
99	19	L
99	20	L
99	21	L
99	22	L
99	23	-1
99	24	-1
99	25	L
99	26	L
99	27	L
99	28	Lp
99	29	-1
99	30	Lp
99	31	-1
99	32	Lp
99	33	-1
99	34	Lp
99	35	-1
99	36	-1
99	37	U
99	38	U
99	39	U
99	40	U
99	41	Lp
99	42	Lp
99	43	U
99	44	Lp
99	45	Lp
99	46	Lp
99	47	L
99	48	-1
99	49	U
99	50	-1
99	51	L
99	52	Lp
99	53	Lp
99	54	Lp
99	55	-1
99	56	-1
99	57	L
99	58	L
99	59	Lp
99	60	Lp
99	61	-1
99	62	L
99	63	L
99	64	L
99	65	L
99	66	L
99	67	L
99	68	-1
99	69	-1
99	70	Lp
99	71	Lp
99	72	-1
99	73	L
99	74	Lp
99	75	Lp
99	76	L
99	77	L
99	78	-1
99	79	Lp
99	80	Lp
99	81	-1
99	82	Lp
99	83	-1
99	84	L
99	85	L
99	86	-1
99	87	-1
99	88	U
99	89	Lp
99	90	Lp
99	91	Lp
99	92	Lp
99	93	Lp
99	94	Lp
99	95	Lp
99	96	Lp
99	97	Lp
99	98	Lp
99	99	-1
99	100	-1
99	101	L
99	102	-1
99	103	-1
99	104	-1
99	105	Lp
99	106	Lp
99	107	Lp
99	108	Lp
99	109	L
99	110	-1
99	111	Lp
99	112	-1
99	113	Lp
99	114	Lp
99	115	Lp
99	116	-1
99	117	Lp
99	118	Lp
99	119	Lp
100	0	-1
100	1	Lp
100	2	Lp
100	3	-1
100	4	Lp
100	5	Lp
100	6	Lp
100	7	Lp
100	8	Lp
100	9	Lp
100	10	Lp
100	11	-1
100	12	-1
100	13	-1
100	14	Lp
100	15	-1
100	16	Lp
100	17	L
100	18	L
100	19	L
100	20	L
100	21	L
100	22	L
100	23	Lp
100	24	L
100	25	L
100	26	L
100	27	L
100	28	Lp
100	29	Lp
100	30	Lp
100	31	Lp
100	32	Lp
100	33	Lp
100	34	Lp
100	35	Lp
100	36	-1
100	37	Lp
100	38	-1
100	39	-1
100	40	Lp
100	41	Lp
100	42	Lp
100	43	Lp
100	44	Lp
100	45	Lp
100	46	-1
100	47	Lp
100	48	U
100	49	U
100	50	Lp
100	51	Lp
100	52	L
100	53	U
100	54	L
100	55	L
100	56	-1
100	57	L
100	58	L
100	59	Lp
100	60	Lp
100	61	Lp
100	62	L
100	63	L
100	64	L
100	65	-1
100	66	-1
100	67	L
100	68	L
100	69	-1
100	70	Lp
100	71	Lp
100	72	L
100	73	L
100	74	-1
100	75	-1
100	76	L
100	77	-1
100	78	Lp
100	79	Lp
100	80	Lp
100	81	Lp
100	82	Lp
100	83	Lp
100	84	L
100	85	U
100	86	L
100	87	L
100	88	U
100	89	Lp
100	90	L
100	91	L
100	92	-1
100	93	-1
100	94	Lp
100	95	Lp
100	96	Lp
100	97	-1
100	98	-1
100	99	Lp
100	100	-1
100	101	Lp
100	102	-1
100	103	Lp
100	104	Lp
100	105	Lp
100	106	-1
100	107	Lp
100	108	Lp
100	109	-1
100	110	Lp
100	111	Lp
100	112	Lp
100	113	-1
100	114	-1
100	115	Lp
100	116	Lp
100	117	-1
100	118	Lp
100	119	Lp
101	0	Lp
101	1	Lp
101	2	Lp
101	3	Lp
101	4	-1
101	5	Lp
101	6	Lp
101	7	Lp
101	8	Lp
101	9	Lp
101	10	-1
101	11	Lp
101	12	Lp
101	13	-1
101	14	Lp
101	15	Lp
101	16	U
101	17	Lp
101	18	L
101	19	-1
101	20	L
101	21	L
101	22	Lp
101	23	L
101	24	Lp
101	25	L
101	26	L
101	27	L
101	28	-1
101	29	Lp
101	30	Lp
101	31	Lp
101	32	-1
101	33	Lp
101	34	Lp
101	35	-1
101	36	Lp
101	37	Lp
101	38	-1
101	39	L
101	40	Lp
101	41	Lp
101	42	Lp
101	43	L
101	44	-1
101	45	Lp
101	46	-1
101	47	L
101	48	Lp
101	49	L
101	50	U
101	51	Lp
101	52	Lp
101	53	-1
101	54	U
101	55	L
101	56	L
101	57	L
101	58	L
101	59	L
101	60	Lp
101	61	-1
101	62	L
101	63	L
101	64	L
101	65	-1
101	66	-1
101	67	-1
101	68	L
101	69	L
101	70	Lp
101	71	-1
101	72	L
101	73	L
101	74	-1
101	75	L
101	76	-1
101	77	L
101	78	Lp
101	79	-1
101	80	Lp
101	81	Lp
101	82	-1
101	83	U
101	84	-1
101	85	Lp
101	86	U
101	87	-1
101	88	U
101	89	Lp
101	90	L
101	91	L
101	92	-1
101	93	Lp
101	94	Lp
101	95	-1
101	96	Lp
101	97	-1
101	98	Lp
101	99	Lp
101	100	Lp
101	101	Lp
101	102	Lp
101	103	Lp
101	104	Lp
101	105	Lp
101	106	Lp
101	107	Lp
101	108	L
101	109	L
101	110	L
101	111	Lp
101	112	Lp
101	113	Lp
101	114	Lp
101	115	Lp
101	116	Lp
101	117	Lp
101	118	Lp
101	119	Lp
102	0	Lp
102	1	Lp
102	2	Lp
102	3	Lp
102	4	-1
102	5	Lp
102	6	Lp
102	7	Lp
102	8	Lp
102	9	Lp
102	10	-1
102	11	Lp
102	12	Lp
102	13	Lp
102	14	U
102	15	U
102	16	Lp
102	17	-1
102	18	L
102	19	L
102	20	-1
102	21	Lp
102	22	L
102	23	L
102	24	L
102	25	L
102	26	L
102	27	Lp
102	28	Lp
102	29	Lp
102	30	Lp
102	31	Lp
102	32	Lp
102	33	-1
102	34	-1
102	35	Lp
102	36	Lp
102	37	Lp
102	38	U
102	39	L
102	40	L
102	41	Lp
102	42	Lp
102	43	Lp
102	44	-1
102	45	Lp
102	46	L
102	47	Lp
102	48	L
102	49	Lp
102	50	-1
102	51	Lp
102	52	Lp
102	53	L
102	54	U
102	55	-1
102	56	L
102	57	L
102	58	U
102	59	L
102	60	L
102	61	L
102	62	L
102	63	L
102	64	L
102	65	L
102	66	-1
102	67	L
102	68	L
102	69	L
102	70	Lp
102	71	-1
102	72	Lp
102	73	L
102	74	L
102	75	-1
102	76	Lp
102	77	Lp
102	78	-1
102	79	-1
102	80	Lp
102	81	L
102	82	L
102	83	L
102	84	L
102	85	-1
102	86	Lp
102	87	Lp
102	88	U
102	89	L
102	90	-1
102	91	U
102	92	Lp
102	93	-1
102	94	Lp
102	95	Lp
102	96	Lp
102	97	Lp
102	98	Lp
102	99	Lp
102	100	-1
102	101	L
102	102	L
102	103	Lp
102	104	Lp
102	105	Lp
102	106	-1
102	107	Lp
102	108	Lp
102	109	Lp
102	110	L
102	111	-1
102	112	Lp
102	113	Lp
102	114	Lp
102	115	-1
102	116	Lp
102	117	Lp
102	118	Lp
102	119	Lp
103	0	Lp
103	1	-1
103	2	Lp
103	3	Lp
103	4	Lp
103	5	-1
103	6	Lp
103	7	Lp
103	8	Lp
103	9	-1
103	10	Lp
103	11	Lp
103	12	Lp
103	13	Lp
103	14	Lp
103	15	L
103	16	-1
103	17	Lp
103	18	L
103	19	Lp
103	20	Lp
103	21	L
103	22	-1
103	23	L
103	24	L
103	25	L
103	26	Lp
103	27	Lp
103	28	Lp
103	29	Lp
103	30	Lp
103	31	-1
103	32	Lp
103	33	Lp
103	34	-1
103	35	Lp
103	36	Lp
103	37	Lp
103	38	Lp
103	39	L
103	40	Lp
103	41	Lp
103	42	Lp
103	43	Lp
103	44	-1
103	45	L
103	46	L
103	47	L
103	48	U
103	49	-1
103	50	-1
103	51	Lp
103	52	-1
103	53	L
103	54	L
103	55	Lp
103	56	L
103	57	Lp
103	58	-1
103	59	U
103	60	L
103	61	L
103	62	L
103	63	L
103	64	L
103	65	-1
103	66	Lp
103	67	Lp
103	68	-1
103	69	Lp
103	70	-1
103	71	L
103	72	Lp
103	73	Lp
103	74	-1
103	75	L
103	76	L
103	77	Lp
103	78	Lp
103	79	L
103	80	L
103	81	-1
103	82	-1
103	83	L
103	84	L
103	85	L
103	86	-1
103	87	-1
103	88	L
103	89	Lp
103	90	U
103	91	Lp
103	92	Lp
103	93	-1
103	94	L
103	95	Lp
103	96	-1
103	97	Lp
103	98	Lp
103	99	-1
103	100	L
103	101	L
103	102	L
103	103	L
103	104	Lp
103	105	-1
103	106	L
103	107	Lp
103	108	Lp
103	109	Lp
103	110	Lp
103	111	-1
103	112	Lp
103	113	Lp
103	114	Lp
103	115	Lp
103	116	Lp
103	117	Lp
103	118	Lp
103	119	Lp
104	0	Lp
104	1	Lp
104	2	Lp
104	3	Lp
104	4	-1
104	5	-1
104	6	-1
104	7	-1
104	8	-1
104	9	Lp
104	10	L
104	11	Lp
104	12	Lp
104	13	-1
104	14	L
104	15	L
104	16	L
104	17	Lp
104	18	Lp
104	19	Lp
104	20	Lp
104	21	L
104	22	L
104	23	Lp
104	24	Lp
104	25	Lp
104	26	L
104	27	Lp
104	28	L
104	29	-1
104	30	Lp
104	31	-1
104	32	-1
104	33	Lp
104	34	-1
104	35	Lp
104	36	U
104	37	U
104	38	-1
104	39	L
104	40	L
104	41	-1
104	42	-1
104	43	Lp
104	44	L
104	45	L
104	46	L
104	47	L
104	48	Lp
104	49	Lp
104	50	-1
104	51	-1
104	52	Lp
104	53	L
104	54	U
104	55	U
104	56	Lp
104	57	Lp
104	58	L
104	59	-1
104	60	L
104	61	Lp
104	62	L
104	63	L
104	64	L
104	65	L
104	66	L
104	67	Lp
104	68	-1
104	69	L
104	70	L
104	71	L
104	72	Lp
104	73	Lp
104	74	L
104	75	L
104	76	Lp
104	77	L
104	78	Lp
104	79	Lp
104	80	L
104	81	L
104	82	L
104	83	L
104	84	L
104	85	L
104	86	L
104	87	Lp
104	88	L
104	89	L
104	90	Lp
104	91	-1
104	92	Lp
104	93	Lp
104	94	L
104	95	Lp
104	96	Lp
104	97	Lp
104	98	Lp
104	99	Lp
104	100	Lp
104	101	-1
104	102	Lp
104	103	L
104	104	L
104	105	L
104	106	L
104	107	Lp
104	108	-1
104	109	Lp
104	110	Lp
104	111	Lp
104	112	Lp
104	113	Lp
104	114	Lp
104	115	U
104	116	Lp
104	117	Lp
104	118	U
104	119	Lp
105	0	Lp
105	1	Lp
105	2	Lp
105	3	Lp
105	4	Lp
105	5	Lp
105	6	Lp
105	7	-1
105	8	Lp
105	9	Lp
105	10	Lp
105	11	Lp
105	12	Lp
105	13	Lp
105	14	Lp
105	15	L
105	16	L
105	17	-1
105	18	Lp
105	19	-1
105	20	Lp
105	21	-1
105	22	-1
105	23	Lp
105	24	L
105	25	L
105	26	Lp
105	27	-1
105	28	Lp
105	29	Lp
105	30	L
105	31	Lp
105	32	-1
105	33	Lp
105	34	-1
105	35	Lp
105	36	L
105	37	L
105	38	-1
105	39	-1
105	40	U
105	41	Lp
105	42	Lp
105	43	L
105	44	L
105	45	L
105	46	L
105	47	L
105	48	Lp
105	49	-1
105	50	-1
105	51	Lp
105	52	Lp
105	53	-1
105	54	U
105	55	U
105	56	Lp
105	57	-1
105	58	U
105	59	U
105	60	Lp
105	61	-1
105	62	L
105	63	L
105	64	L
105	65	-1
105	66	-1
105	67	Lp
105	68	L
105	69	Lp
105	70	Lp
105	71	Lp
105	72	-1
105	73	Lp
105	74	Lp
105	75	Lp
105	76	Lp
105	77	-1
105	78	-1
105	79	L
105	80	L
105	81	L
105	82	L
105	83	L
105	84	L
105	85	L
105	86	L
105	87	L
105	88	U
105	89	Lp
105	90	L
105	91	Lp
105	92	Lp
105	93	Lp
105	94	-1
105	95	-1
105	96	Lp
105	97	Lp
105	98	Lp
105	99	Lp
105	100	L
105	101	Lp
105	102	Lp
105	103	L
105	104	-1
105	105	L
105	106	-1
105	107	L
105	108	Lp
105	109	U
105	110	Lp
105	111	Lp
105	112	Lp
105	113	Lp
105	114	Lp
105	115	U
105	116	L
105	117	U
105	118	-1
105	119	Lp
106	0	Lp
106	1	Lp
106	2	Lp
106	3	-1
106	4	Lp
106	5	Lp
106	6	Lp
106	7	Lp
106	8	-1
106	9	Lp
106	10	L
106	11	L
106	12	Lp
106	13	Lp
106	14	L
106	15	Lp
106	16	Lp
106	17	Lp
106	18	Lp
106	19	Lp
106	20	Lp
106	21	Lp
106	22	-1
106	23	L
106	24	Lp
106	25	-1
106	26	Lp
106	27	Lp
106	28	Lp
106	29	L
106	30	L
106	31	Lp
106	32	-1
106	33	L
106	34	Lp
106	35	-1
106	36	L
106	37	U
106	38	U
106	39	U
106	40	Lp
106	41	Lp
106	42	Lp
106	43	L
106	44	-1
106	45	Lp
106	46	L
106	47	L
106	48	Lp
106	49	L
106	50	L
106	51	L
106	52	L
106	53	-1
106	54	-1
106	55	Lp
106	56	Lp
106	57	-1
106	58	Lp
106	59	-1
106	60	Lp
106	61	L
106	62	L
106	63	-1
106	64	L
106	65	L
106	66	L
106	67	L
106	68	Lp
106	69	Lp
106	70	Lp
106	71	Lp
106	72	-1
106	73	Lp
106	74	Lp
106	75	Lp
106	76	Lp
106	77	Lp
106	78	-1
106	79	L
106	80	L
106	81	L
106	82	L
106	83	L
106	84	L
106	85	L
106	86	L
106	87	L
106	88	L
106	89	Lp
106	90	L
106	91	L
106	92	L
106	93	Lp
106	94	Lp
106	95	-1
106	96	Lp
106	97	L
106	98	Lp
106	99	L
106	100	L
106	101	-1
106	102	Lp
106	103	L
106	104	L
106	105	-1
106	106	L
106	107	-1
106	108	L
106	109	Lp
106	110	-1
106	111	-1
106	112	Lp
106	113	Lp
106	114	U
106	115	Lp
106	116	U
106	117	U
106	118	L
106	119	-1
107	0	-1
107	1	Lp
107	2	Lp
107	3	Lp
107	4	Lp
107	5	Lp
107	6	Lp
107	7	L
107	8	L
107	9	L
107	10	L
107	11	Lp
107	12	L
107	13	Lp
107	14	Lp
107	15	L
107	16	L
107	17	-1
107	18	Lp
107	19	Lp
107	20	L
107	21	Lp
107	22	-1
107	23	-1
107	24	Lp
107	25	Lp
107	26	Lp
107	27	Lp
107	28	Lp
107	29	L
107	30	L
107	31	L
107	32	L
107	33	Lp
107	34	Lp
107	35	Lp
107	36	L
107	37	-1
107	38	U
107	39	-1
107	40	Lp
107	41	Lp
107	42	Lp
107	43	-1
107	44	L
107	45	Lp
107	46	Lp
107	47	-1
107	48	Lp
107	49	Lp
107	50	L
107	51	Lp
107	52	-1
107	53	-1
107	54	Lp
107	55	Lp
107	56	Lp
107	57	Lp
107	58	U
107	59	-1
107	60	-1
107	61	-1
107	62	-1
107	63	L
107	64	L
107	65	L
107	66	L
107	67	L
107	68	L
107	69	Lp
107	70	Lp
107	71	Lp
107	72	-1
107	73	L
107	74	Lp
107	75	L
107	76	-1
107	77	Lp
107	78	Lp
107	79	Lp
107	80	Lp
107	81	-1
107	82	L
107	83	L
107	84	-1
107	85	Lp
107	86	-1
107	87	Lp
107	88	L
107	89	L
107	90	L
107	91	L
107	92	L
107	93	Lp
107	94	Lp
107	95	L
107	96	L
107	97	L
107	98	Lp
107	99	L
107	100	L
107	101	L
107	102	Lp
107	103	Lp
107	104	L
107	105	-1
107	106	L
107	107	Lp
107	108	L
107	109	-1
107	110	Lp
107	111	Lp
107	112	Lp
107	113	Lp
107	114	Lp
107	115	U
107	116	U
107	117	-1
107	118	L
107	119	Lp
108	0	Lp
108	1	L
108	2	Lp
108	3	Lp
108	4	-1
108	5	Lp
108	6	-1
108	7	-1
108	8	L
108	9	-1
108	10	Lp
108	11	L
108	12	L
108	13	-1
108	14	L
108	15	L
108	16	L
108	17	L
108	18	L
108	19	L
108	20	-1
108	21	-1
108	22	Lp
108	23	Lp
108	24	Lp
108	25	-1
108	26	Lp
108	27	Lp
108	28	Lp
108	29	L
108	30	-1
108	31	Lp
108	32	Lp
108	33	Lp
108	34	-1
108	35	L
108	36	L
108	37	Lp
108	38	Lp
108	39	Lp
108	40	Lp
108	41	Lp
108	42	Lp
108	43	Lp
108	44	Lp
108	45	Lp
108	46	Lp
108	47	Lp
108	48	Lp
108	49	Lp
108	50	Lp
108	51	Lp
108	52	Lp
108	53	Lp
108	54	-1
108	55	Lp
108	56	Lp
108	57	Lp
108	58	-1
108	59	U
108	60	U
108	61	U
108	62	L
108	63	L
108	64	L
108	65	-1
108	66	L
108	67	L
108	68	Lp
108	69	Lp
108	70	Lp
108	71	Lp
108	72	Lp
108	73	-1
108	74	L
108	75	L
108	76	-1
108	77	Lp
108	78	-1
108	79	-1
108	80	Lp
108	81	Lp
108	82	Lp
108	83	L
108	84	L
108	85	L
108	86	Lp
108	87	L
108	88	L
108	89	L
108	90	L
108	91	L
108	92	L
108	93	-1
108	94	Lp
108	95	L
108	96	-1
108	97	L
108	98	L
108	99	-1
108	100	L
108	101	L
108	102	U
108	103	U
108	104	U
108	105	L
108	106	L
108	107	L
108	108	-1
108	109	-1
108	110	Lp
108	111	Lp
108	112	Lp
108	113	-1
108	114	L
108	115	Lp
108	116	Lp
108	117	Lp
108	118	Lp
108	119	L
109	0	Lp
109	1	Lp
109	2	L
109	3	Lp
109	4	-1
109	5	Lp
109	6	Lp
109	7	L
109	8	L
109	9	-1
109	10	U
109	11	L
109	12	L
109	13	L
109	14	L
109	15	-1
109	16	L
109	17	Lp
109	18	-1
109	19	Lp
109	20	Lp
109	21	Lp
109	22	L
109	23	L
109	24	Lp
109	25	L
109	26	Lp
109	27	Lp
109	28	L
109	29	L
109	30	-1
109	31	Lp
109	32	L
109	33	Lp
109	34	Lp
109	35	Lp
109	36	Lp
109	37	Lp
109	38	Lp
109	39	Lp
109	40	Lp
109	41	Lp
109	42	Lp
109	43	U
109	44	Lp
109	45	-1
109	46	Lp
109	47	Lp
109	48	-1
109	49	Lp
109	50	-1
109	51	Lp
109	52	Lp
109	53	Lp
109	54	L
109	55	L
109	56	L
109	57	Lp
109	58	U
109	59	Lp
109	60	Lp
109	61	Lp
109	62	Lp
109	63	L
109	64	L
109	65	L
109	66	L
109	67	L
109	68	Lp
109	69	Lp
109	70	L
109	71	L
109	72	-1
109	73	Lp
109	74	L
109	75	Lp
109	76	Lp
109	77	Lp
109	78	Lp
109	79	Lp
109	80	Lp
109	81	-1
109	82	Lp
109	83	Lp
109	84	L
109	85	Lp
109	86	Lp
109	87	-1
109	88	L
109	89	L
109	90	L
109	91	L
109	92	L
109	93	L
109	94	-1
109	95	-1
109	96	L
109	97	L
109	98	L
109	99	L
109	100	L
109	101	L
109	102	-1
109	103	L
109	104	L
109	105	L
109	106	L
109	107	-1
109	108	L
109	109	-1
109	110	Lp
109	111	Lp
109	112	Lp
109	113	-1
109	114	L
109	115	U
109	116	-1
109	117	L
109	118	Lp
109	119	Lp
110	0	Lp
110	1	L
110	2	-1
110	3	Lp
110	4	Lp
110	5	Lp
110	6	L
110	7	L
110	8	-1
110	9	U
110	10	U
110	11	L
110	12	L
110	13	-1
110	14	L
110	15	L
110	16	-1
110	17	-1
110	18	Lp
110	19	Lp
110	20	Lp
110	21	Lp
110	22	-1
110	23	L
110	24	L
110	25	-1
110	26	Lp
110	27	Lp
110	28	L
110	29	L
110	30	L
110	31	-1
110	32	L
110	33	L
110	34	Lp
110	35	Lp
110	36	L
110	37	Lp
110	38	L
110	39	-1
110	40	-1
110	41	Lp
110	42	Lp
110	43	Lp
110	44	-1
110	45	L
110	46	Lp
110	47	Lp
110	48	Lp
110	49	-1
110	50	Lp
110	51	Lp
110	52	Lp
110	53	Lp
110	54	Lp
110	55	Lp
110	56	-1
110	57	-1
110	58	-1
110	59	Lp
110	60	Lp
110	61	Lp
110	62	Lp
110	63	L
110	64	L
110	65	L
110	66	L
110	67	L
110	68	L
110	69	Lp
110	70	L
110	71	L
110	72	Lp
110	73	Lp
110	74	-1
110	75	Lp
110	76	Lp
110	77	-1
110	78	Lp
110	79	Lp
110	80	Lp
110	81	Lp
110	82	L
110	83	Lp
110	84	Lp
110	85	-1
110	86	Lp
110	87	L
110	88	L
110	89	-1
110	90	L
110	91	L
110	92	L
110	93	Lp
110	94	Lp
110	95	-1
110	96	L
110	97	L
110	98	L
110	99	L
110	100	L
110	101	L
110	102	L
110	103	L
110	104	L
110	105	L
110	106	L
110	107	L
110	108	Lp
110	109	Lp
110	110	-1
110	111	Lp
110	112	-1
110	113	-1
110	114	L
110	115	Lp
110	116	L
110	117	Lp
110	118	Lp
110	119	Lp
111	0	L
111	1	L
111	2	L
111	3	Lp
111	4	Lp
111	5	L
111	6	L
111	7	L
111	8	L
111	9	L
111	10	L
111	11	L
111	12	L
111	13	L
111	14	L
111	15	L
111	16	Lp
111	17	L
111	18	Lp
111	19	Lp
111	20	Lp
111	21	L
111	22	L
111	23	L
111	24	-1
111	25	Lp
111	26	L
111	27	Lp
111	28	L
111	29	-1
111	30	L
111	31	L
111	32	-1
111	33	-1
111	34	Lp
111	35	-1
111	36	L
111	37	L
111	38	Lp
111	39	Lp
111	40	-1
111	41	Lp
111	42	Lp
111	43	Lp
111	44	Lp
111	45	Lp
111	46	Lp
111	47	Lp
111	48	Lp
111	49	Lp
111	50	Lp
111	51	-1
111	52	Lp
111	53	Lp
111	54	-1
111	55	Lp
111	56	L
111	57	Lp
111	58	L
111	59	U
111	60	U
111	61	-1
111	62	Lp
111	63	L
111	64	-1
111	65	Lp
111	66	L
111	67	Lp
111	68	Lp
111	69	L
111	70	L
111	71	-1
111	72	-1
111	73	Lp
111	74	Lp
111	75	-1
111	76	-1
111	77	Lp
111	78	L
111	79	Lp
111	80	Lp
111	81	Lp
111	82	Lp
111	83	-1
111	84	L
111	85	-1
111	86	-1
111	87	L
111	88	-1
111	89	L
111	90	L
111	91	L
111	92	L
111	93	Lp
111	94	Lp
111	95	Lp
111	96	-1
111	97	U
111	98	-1
111	99	L
111	100	L
111	101	L
111	102	L
111	103	L
111	104	-1
111	105	L
111	106	L
111	107	L
111	108	-1
111	109	Lp
111	110	Lp
111	111	-1
111	112	-1
111	113	L
111	114	Lp
111	115	-1
111	116	L
111	117	-1
111	118	-1
111	119	Lp
112	0	L
112	1	-1
112	2	-1
112	3	L
112	4	L
112	5	L
112	6	-1
112	7	-1
112	8	L
112	9	L
112	10	L
112	11	L
112	12	L
112	13	Lp
112	14	-1
112	15	Lp
112	16	-1
112	17	Lp
112	18	-1
112	19	Lp
112	20	-1
112	21	Lp
112	22	Lp
112	23	-1
112	24	Lp
112	25	-1
112	26	L
112	27	L
112	28	L
112	29	L
112	30	L
112	31	-1
112	32	L
112	33	-1
112	34	Lp
112	35	-1
112	36	-1
112	37	L
112	38	Lp
112	39	-1
112	40	Lp
112	41	Lp
112	42	Lp
112	43	-1
112	44	Lp
112	45	Lp
112	46	Lp
112	47	-1
112	48	Lp
112	49	Lp
112	50	Lp
112	51	Lp
112	52	Lp
112	53	Lp
112	54	-1
112	55	L
112	56	Lp
112	57	L
112	58	L
112	59	Lp
112	60	-1
112	61	Lp
112	62	Lp
112	63	Lp
112	64	Lp
112	65	U
112	66	L
112	67	Lp
112	68	-1
112	69	Lp
112	70	Lp
112	71	Lp
112	72	-1
112	73	Lp
112	74	-1
112	75	-1
112	76	Lp
112	77	Lp
112	78	Lp
112	79	U
112	80	L
112	81	-1
112	82	-1
112	83	-1
112	84	-1
112	85	Lp
112	86	Lp
112	87	Lp
112	88	Lp
112	89	L
112	90	-1
112	91	L
112	92	Lp
112	93	Lp
112	94	L
112	95	Lp
112	96	L
112	97	Lp
112	98	-1
112	99	-1
112	100	-1
112	101	-1
112	102	L
112	103	L
112	104	L
112	105	L
112	106	-1
112	107	L
112	108	U
112	109	Lp
112	110	-1
112	111	-1
112	112	-1
112	113	-1
112	114	-1
112	115	-1
112	116	Lp
112	117	L
112	118	-1
112	119	L
113	0	L
113	1	L
113	2	L
113	3	L
113	4	L
113	5	L
113	6	L
113	7	L
113	8	Lp
113	9	L
113	10	L
113	11	L
113	12	L
113	13	L
113	14	Lp
113	15	L
113	16	-1
113	17	Lp
113	18	Lp
113	19	-1
113	20	Lp
113	21	-1
113	22	L
113	23	Lp
113	24	Lp
113	25	Lp
113	26	Lp
113	27	L
113	28	Lp
113	29	-1
113	30	L
113	31	-1
113	32	L
113	33	Lp
113	34	-1
113	35	Lp
113	36	L
113	37	L
113	38	L
113	39	Lp
113	40	Lp
113	41	Lp
113	42	Lp
113	43	-1
113	44	Lp
113	45	Lp
113	46	Lp
113	47	Lp
113	48	Lp
113	49	Lp
113	50	Lp
113	51	Lp
113	52	Lp
113	53	-1
113	54	L
113	55	-1
113	56	L
113	57	-1
113	58	Lp
113	59	Lp
113	60	Lp
113	61	U
113	62	Lp
113	63	L
113	64	L
113	65	U
113	66	-1
113	67	L
113	68	Lp
113	69	Lp
113	70	Lp
113	71	Lp
113	72	-1
113	73	Lp
113	74	Lp
113	75	-1
113	76	Lp
113	77	Lp
113	78	Lp
113	79	L
113	80	L
113	81	-1
113	82	Lp
113	83	U
113	84	Lp
113	85	-1
113	86	L
113	87	Lp
113	88	Lp
113	89	Lp
113	90	-1
113	91	-1
113	92	Lp
113	93	Lp
113	94	-1
113	95	Lp
113	96	Lp
113	97	Lp
113	98	L
113	99	L
113	100	L
113	101	L
113	102	-1
113	103	L
113	104	L
113	105	L
113	106	L
113	107	L
113	108	L
113	109	U
113	110	Lp
113	111	Lp
113	112	Lp
113	113	L
113	114	Lp
113	115	Lp
113	116	L
113	117	Lp
113	118	L
113	119	L
114	0	L
114	1	L
114	2	L
114	3	-1
114	4	L
114	5	L
114	6	-1
114	7	L
114	8	Lp
114	9	Lp
114	10	Lp
114	11	L
114	12	Lp
114	13	L
114	14	Lp
114	15	Lp
114	16	-1
114	17	Lp
114	18	-1
114	19	Lp
114	20	-1
114	21	Lp
114	22	L
114	23	-1
114	24	Lp
114	25	Lp
114	26	Lp
114	27	-1
114	28	Lp
114	29	Lp
114	30	Lp
114	31	Lp
114	32	Lp
114	33	Lp
114	34	Lp
114	35	L
114	36	-1
114	37	Lp
114	38	Lp
114	39	Lp
114	40	-1
114	41	-1
114	42	Lp
114	43	Lp
114	44	Lp
114	45	Lp
114	46	L
114	47	Lp
114	48	Lp
114	49	Lp
114	50	-1
114	51	L
114	52	Lp
114	53	Lp
114	54	L
114	55	L
114	56	Lp
114	57	-1
114	58	Lp
114	59	Lp
114	60	Lp
114	61	U
114	62	U
114	63	Lp
114	64	L
114	65	U
114	66	U
114	67	-1
114	68	U
114	69	-1
114	70	-1
114	71	-1
114	72	Lp
114	73	-1
114	74	-1
114	75	Lp
114	76	-1
114	77	Lp
114	78	Lp
114	79	-1
114	80	Lp
114	81	Lp
114	82	Lp
114	83	-1
114	84	U
114	85	U
114	86	Lp
114	87	Lp
114	88	Lp
114	89	-1
114	90	-1
114	91	Lp
114	92	L
114	93	Lp
114	94	L
114	95	L
114	96	L
114	97	-1
114	98	L
114	99	L
114	100	U
114	101	-1
114	102	L
114	103	L
114	104	L
114	105	L
114	106	L
114	107	L
114	108	Lp
114	109	Lp
114	110	Lp
114	111	-1
114	112	Lp
114	113	Lp
114	114	Lp
114	115	L
114	116	L
114	117	L
114	118	L
114	119	L
115	0	L
115	1	L
115	2	-1
115	3	L
115	4	L
115	5	-1
115	6	-1
115	7	-1
115	8	Lp
115	9	Lp
115	10	Lp
115	11	Lp
115	12	Lp
115	13	Lp
115	14	L
115	15	L
115	16	Lp
115	17	Lp
115	18	Lp
115	19	-1
115	20	Lp
115	21	Lp
115	22	L
115	23	L
115	24	Lp
115	25	Lp
115	26	Lp
115	27	Lp
115	28	Lp
115	29	Lp
115	30	Lp
115	31	-1
115	32	L
115	33	L
115	34	-1
115	35	Lp
115	36	Lp
115	37	L
115	38	Lp
115	39	Lp
115	40	Lp
115	41	Lp
115	42	Lp
115	43	Lp
115	44	Lp
115	45	L
115	46	L
115	47	L
115	48	Lp
115	49	-1
115	50	Lp
115	51	Lp
115	52	-1
115	53	L
115	54	L
115	55	U
115	56	-1
115	57	Lp
115	58	Lp
115	59	-1
115	60	Lp
115	61	L
115	62	U
115	63	-1
115	64	Lp
115	65	Lp
115	66	Lp
115	67	-1
115	68	-1
115	69	-1
115	70	Lp
115	71	L
115	72	Lp
115	73	Lp
115	74	Lp
115	75	Lp
115	76	Lp
115	77	Lp
115	78	-1
115	79	Lp
115	80	-1
115	81	Lp
115	82	Lp
115	83	Lp
115	84	-1
115	85	U
115	86	U
115	87	Lp
115	88	L
115	89	Lp
115	90	Lp
115	91	L
115	92	Lp
115	93	-1
115	94	Lp
115	95	L
115	96	L
115	97	L
115	98	L
115	99	L
115	100	Lp
115	101	Lp
115	102	U
115	103	U
115	104	L
115	105	U
115	106	L
115	107	L
115	108	L
115	109	Lp
115	110	Lp
115	111	Lp
115	112	Lp
115	113	Lp
115	114	Lp
115	115	Lp
115	116	Lp
115	117	L
115	118	L
115	119	L
116	0	L
116	1	L
116	2	-1
116	3	L
116	4	L
116	5	-1
116	6	-1
116	7	Lp
116	8	-1
116	9	Lp
116	10	Lp
116	11	Lp
116	12	L
116	13	L
116	14	Lp
116	15	Lp
116	16	Lp
116	17	Lp
116	18	Lp
116	19	Lp
116	20	L
116	21	Lp
116	22	L
116	23	L
116	24	Lp
116	25	Lp
116	26	Lp
116	27	Lp
116	28	Lp
116	29	Lp
116	30	-1
116	31	L
116	32	Lp
116	33	L
116	34	-1
116	35	Lp
116	36	-1
116	37	Lp
116	38	Lp
116	39	Lp
116	40	Lp
116	41	-1
116	42	L
116	43	Lp
116	44	Lp
116	45	L
116	46	L
116	47	L
116	48	Lp
116	49	L
116	50	-1
116	51	Lp
116	52	L
116	53	Lp
116	54	Lp
116	55	-1
116	56	U
116	57	Lp
116	58	U
116	59	L
116	60	L
116	61	U
116	62	L
116	63	Lp
116	64	Lp
116	65	-1
116	66	U
116	67	Lp
116	68	Lp
116	69	Lp
116	70	U
116	71	Lp
116	72	Lp
116	73	Lp
116	74	Lp
116	75	Lp
116	76	-1
116	77	-1
116	78	Lp
116	79	Lp
116	80	Lp
116	81	Lp
116	82	Lp
116	83	Lp
116	84	Lp
116	85	U
116	86	U
116	87	U
116	88	U
116	89	-1
116	90	Lp
116	91	L
116	92	Lp
116	93	Lp
116	94	-1
116	95	L
116	96	L
116	97	L
116	98	-1
116	99	-1
116	100	Lp
116	101	U
116	102	-1
116	103	U
116	104	L
116	105	U
116	106	U
116	107	L
116	108	L
116	109	L
116	110	Lp
116	111	L
116	112	Lp
116	113	-1
116	114	Lp
116	115	-1
116	116	-1
116	117	L
116	118	-1
116	119	-1
117	0	L
117	1	L
117	2	L
117	3	L
117	4	L
117	5	Lp
117	6	Lp
117	7	-1
117	8	Lp
117	9	Lp
117	10	Lp
117	11	-1
117	12	Lp
117	13	L
117	14	L
117	15	L
117	16	Lp
117	17	Lp
117	18	Lp
117	19	-1
117	20	-1
117	21	Lp
117	22	Lp
117	23	L
117	24	L
117	25	L
117	26	Lp
117	27	Lp
117	28	Lp
117	29	Lp
117	30	L
117	31	Lp
117	32	Lp
117	33	L
117	34	L
117	35	L
117	36	-1
117	37	Lp
117	38	Lp
117	39	Lp
117	40	Lp
117	41	-1
117	42	Lp
117	43	-1
117	44	L
117	45	L
117	46	Lp
117	47	Lp
117	48	-1
117	49	Lp
117	50	L
117	51	-1
117	52	Lp
117	53	Lp
117	54	Lp
117	55	-1
117	56	U
117	57	-1
117	58	-1
117	59	-1
117	60	L
117	61	L
117	62	L
117	63	Lp
117	64	Lp
117	65	Lp
117	66	Lp
117	67	Lp
117	68	Lp
117	69	Lp
117	70	Lp
117	71	Lp
117	72	Lp
117	73	Lp
117	74	Lp
117	75	Lp
117	76	Lp
117	77	-1
117	78	Lp
117	79	-1
117	80	Lp
117	81	Lp
117	82	Lp
117	83	Lp
117	84	Lp
117	85	-1
117	86	-1
117	87	U
117	88	Lp
117	89	-1
117	90	-1
117	91	-1
117	92	Lp
117	93	U
117	94	L
117	95	-1
117	96	L
117	97	-1
117	98	L
117	99	L
117	100	L
117	101	U
117	102	L
117	103	L
117	104	U
117	105	-1
117	106	U
117	107	L
117	108	-1
117	109	Lp
117	110	L
117	111	L
117	112	Lp
117	113	Lp
117	114	Lp
117	115	Lp
117	116	Lp
117	117	L
117	118	L
117	119	L
118	0	L
118	1	-1
118	2	-1
118	3	L
118	4	Lp
118	5	L
118	6	Lp
118	7	Lp
118	8	U
118	9	Lp
118	10	U
118	11	Lp
118	12	L
118	13	L
118	14	L
118	15	L
118	16	Lp
118	17	Lp
118	18	Lp
118	19	Lp
118	20	Lp
118	21	Lp
118	22	Lp
118	23	Lp
118	24	-1
118	25	-1
118	26	Lp
118	27	U
118	28	Lp
118	29	U
118	30	L
118	31	-1
118	32	-1
118	33	Lp
118	34	Lp
118	35	-1
118	36	Lp
118	37	Lp
118	38	-1
118	39	Lp
118	40	Lp
118	41	Lp
118	42	Lp
118	43	Lp
118	44	Lp
118	45	Lp
118	46	Lp
118	47	Lp
118	48	-1
118	49	L
118	50	L
118	51	Lp
118	52	Lp
118	53	Lp
118	54	Lp
118	55	Lp
118	56	L
118	57	-1
118	58	L
118	59	L
118	60	L
118	61	Lp
118	62	Lp
118	63	Lp
118	64	Lp
118	65	Lp
118	66	L
118	67	L
118	68	Lp
118	69	Lp
118	70	Lp
118	71	Lp
118	72	-1
118	73	Lp
118	74	Lp
118	75	Lp
118	76	Lp
118	77	Lp
118	78	Lp
118	79	-1
118	80	-1
118	81	Lp
118	82	Lp
118	83	Lp
118	84	U
118	85	U
118	86	U
118	87	Lp
118	88	Lp
118	89	Lp
118	90	Lp
118	91	Lp
118	92	U
118	93	L
118	94	-1
118	95	L
118	96	-1
118	97	L
118	98	-1
118	99	L
118	100	L
118	101	L
118	102	U
118	103	L
118	104	L
118	105	U
118	106	U
118	107	L
118	108	L
118	109	L
118	110	-1
118	111	L
118	112	L
118	113	L
118	114	-1
118	115	-1
118	116	Lp
118	117	Lp
118	118	L
118	119	L
119	0	L
119	1	-1
119	2	-1
119	3	Lp
119	4	Lp
119	5	Lp
119	6	Lp
119	7	Lp
119	8	-1
119	9	Lp
119	10	Lp
119	11	Lp
119	12	-1
119	13	U
119	14	L
119	15	Lp
119	16	U
119	17	Lp
119	18	Lp
119	19	Lp
119	20	-1
119	21	Lp
119	22	-1
119	23	Lp
119	24	L
119	25	L
119	26	Lp
119	27	Lp
119	28	L
119	29	Lp
119	30	Lp
119	31	Lp
119	32	-1
119	33	Lp
119	34	Lp
119	35	Lp
119	36	Lp
119	37	Lp
119	38	-1
119	39	Lp
119	40	-1
119	41	Lp
119	42	Lp
119	43	Lp
119	44	Lp
119	45	Lp
119	46	-1
119	47	L
119	48	-1
119	49	-1
119	50	L
119	51	L
119	52	-1
119	53	-1
119	54	-1
119	55	Lp
119	56	L
119	57	-1
119	58	-1
119	59	L
119	60	L
119	61	L
119	62	-1
119	63	Lp
119	64	Lp
119	65	Lp
119	66	Lp
119	67	L
119	68	L
119	69	L
119	70	Lp
119	71	Lp
119	72	Lp
119	73	-1
119	74	-1
119	75	-1
119	76	Lp
119	77	Lp
119	78	Lp
119	79	Lp
119	80	Lp
119	81	Lp
119	82	Lp
119	83	Lp
119	84	Lp
119	85	Lp
119	86	Lp
119	87	-1
119	88	Lp
119	89	U
119	90	Lp
119	91	Lp
119	92	U
119	93	L
119	94	L
119	95	-1
119	96	L
119	97	L
119	98	L
119	99	L
119	100	U
119	101	L
119	102	L
119	103	U
119	104	U
119	105	U
119	106	L
119	107	Lp
119	108	Lp
119	109	-1
119	110	L
119	111	L
119	112	L
119	113	-1
119	114	-1
119	115	L
119	116	L
119	117	Lp
119	118	L
119	119	-1
